DATASET_TITLE,Persons per Room - Household Residents (UV83),,,,,,FROM,Apr-2001,Apr-2001,Apr-2001,Apr-2001,Apr-2001
AREA_TYPE,England Wales,,,,,,TO,Apr-2001,Apr-2001,Apr-2001,Apr-2001,Apr-2001
GEO_HIERARCHY,NeSS Geography Hierarchy,,,,,,HEADING,All Household Residents,Up to 0.5 persons per room,Over 0.5 and up to 1.0 persons per room,Over 1.0 and up to 1.5 persons per room,Over 1.5 persons per room
,,,,,,,MEASUREMENT_UNIT,Count,Count,Count,Count,Count
,,,,,,,STATISTICAL_UNIT,Persons,Persons,Persons,Persons,Persons
UK_CODE,UK_NAME,GB_CODE,GB_NAME,EW_CODE,EW_NAME,AREA_METADATA,,DATA_VALUE,DATA_VALUE,DATA_VALUE,DATA_VALUE,DATA_VALUE
"213","United Kingdom","078","Great Britain","727","England and Wales",,,51107639,27493246,21521733,1544145,548515