DATASET_TITLE,"Life Expectancy at Birth, 2004-2006",,,,,,,,,,FROM,Jan-2004,Jan-2004,Jan-2004,Jan-2004,Jan-2004,Jan-2004
AREA_TYPE,Region,,,,,,,,,,TO,Dec-2006,Dec-2006,Dec-2006,Dec-2006,Dec-2006,Dec-2006
GEO_HIERARCHY,NeSS Geography Hierarchy,,,,,,,,,,HEADING,Life Expectancy at Birth; Males,Life Expectancy at Birth; Males; 95% Confidence Interval (Lower Limit),Life Expectancy at Birth; Males; 95% Confidence Interval (Upper Limit),Life Expectancy at Birth; Females,Life Expectancy at Birth; Females; 95% Confidence Interval (Lower Limit),Life Expectancy at Birth; Females; 95% Confidence Interval (Upper Limit)
,,,,,,,,,,,MEASUREMENT_UNIT,Years,Years,Years,Years,Years,Years
,,,,,,,,,,,STATISTICAL_UNIT,Persons,Persons,Persons,Persons,Persons,Persons
UK_CODE,UK_NAME,GB_CODE,GB_NAME,EW_CODE,EW_NAME,CTRY_CODE,CTRY_NAME,GOR_CODE,GOR_NAME,AREA_METADATA,,DATA_VALUE,DATA_VALUE,DATA_VALUE,DATA_VALUE,DATA_VALUE,DATA_VALUE
"213","United Kingdom","078","Great Britain","727","England and Wales","064","England",,,,,77.3,77.3,77.3,81.6,81.5,81.6
"213","United Kingdom","078","Great Britain","727","England and Wales","220","Wales",,,,,76.6,76.5,76.8,81,80.9,81.1
"213","United Kingdom","078","Great Britain","727","England and Wales",,,,,,,77.2,77.2,77.3,81.5,81.5,81.5
"213","United Kingdom","078","Great Britain","727","England and Wales","064","England","A","North East",,,75.8,75.6,75.9,80.1,80,80.2
"213","United Kingdom","078","Great Britain","727","England and Wales","064","England","B","North West",,,75.7,75.7,75.8,80.3,80.2,80.3
"213","United Kingdom","078","Great Britain","727","England and Wales","064","England","D","Yorkshire and The Humber",,,76.6,76.5,76.7,81,80.9,81.1
"213","United Kingdom","078","Great Britain","727","England and Wales","064","England","E","East Midlands",,,77.3,77.2,77.4,81.3,81.2,81.4
"213","United Kingdom","078","Great Britain","727","England and Wales","064","England","F","West Midlands",,,76.6,76.5,76.7,81.1,81,81.2
"213","United Kingdom","078","Great Britain","727","England and Wales","064","England","G","East of England",,,78.3,78.2,78.4,82.3,82.2,82.4
"213","United Kingdom","078","Great Britain","727","England and Wales","064","England","H","London",,,77.4,77.3,77.5,82,81.9,82
"213","United Kingdom","078","Great Britain","727","England and Wales","064","England","J","South East",,,78.5,78.5,78.6,82.4,82.3,82.5
"213","United Kingdom","078","Great Britain","727","England and Wales","064","England","K","South West",,,78.5,78.4,78.6,82.7,82.6,82.8