DATASET_TITLE,Amenities (UV60),,,,,,,,,,FROM,Apr-2001,Apr-2001,Apr-2001,Apr-2001,Apr-2001,Apr-2001,Apr-2001
AREA_TYPE,Region,,,,,,,,,,TO,Apr-2001,Apr-2001,Apr-2001,Apr-2001,Apr-2001,Apr-2001,Apr-2001
GEO_HIERARCHY,2003 Administrative Hierarchy,,,,,,,,,,HEADING,All Occupied Household Spaces,With central heating,With central heating: With sole use of bath / shower and toilet,With central heating: Without sole use of bath / shower and toilet,Without central heating,Without central heating: With sole use of bath / shower and toilet,Without central heating: Without sole use of bath / shower and toilet
,,,,,,,,,,,MEASUREMENT_UNIT,Count,Count,Count,Count,Count,Count,Count
,,,,,,,,,,,STATISTICAL_UNIT,Households,Households,Households,Households,Households,Households,Households
UK_CODE,UK_NAME,GB_CODE,GB_NAME,EW_CODE,EW_NAME,CTRY_CODE,CTRY_NAME,GOR_CODE,GOR_NAME,AREA_METADATA,,DATA_VALUE,DATA_VALUE,DATA_VALUE,DATA_VALUE,DATA_VALUE,DATA_VALUE,DATA_VALUE
"213","United Kingdom","078","Great Britain","727","England and Wales","064","England",,,,,20451427,18707283,18640577,66706,1744144,1711405,32739
"213","United Kingdom","078","Great Britain","727","England and Wales","220","Wales",,,,,1209048,1118259,1115461,2798,90789,88911,1878
"213","United Kingdom","078","Great Britain","727","England and Wales",,,,,,,21660475,19825542,19756038,69504,1834933,1800316,34617
"213","United Kingdom","078","Great Britain","727","England and Wales","064","England","A","North East",,,1066292,1024298,1022593,1705,41994,41540,454
"213","United Kingdom","078","Great Britain","727","England and Wales","064","England","B","North West",,,2812789,2480143,2473718,6425,332646,328956,3690
"213","United Kingdom","078","Great Britain","727","England and Wales","064","England","D","Yorkshire and The Humber",,,2064748,1795178,1788584,6594,269570,267022,2548
"213","United Kingdom","078","Great Britain","727","England and Wales","064","England","E","East Midlands",,,1732482,1630239,1626445,3794,102243,100983,1260
"213","United Kingdom","078","Great Britain","727","England and Wales","064","England","F","West Midlands",,,2153672,1911671,1907041,4630,242001,239507,2494
"213","United Kingdom","078","Great Britain","727","England and Wales","064","England","G","East of England",,,2231974,2116166,2110105,6061,115808,114047,1761
"213","United Kingdom","078","Great Britain","727","England and Wales","064","England","H","London",,,3015997,2781353,2760834,20519,234644,223203,11441
"213","United Kingdom","078","Great Britain","727","England and Wales","064","England","J","South East",,,3287489,3086938,3075671,11267,200551,195827,4724
"213","United Kingdom","078","Great Britain","727","England and Wales","064","England","K","South West",,,2085984,1881297,1875586,5711,204687,200320,4367