DATASET_TITLE,Occupation Groups (UV30),,,,,,FROM,Apr-2001,Apr-2001,Apr-2001,Apr-2001,Apr-2001,Apr-2001,Apr-2001,Apr-2001,Apr-2001,Apr-2001,Apr-2001,Apr-2001,Apr-2001,Apr-2001,Apr-2001,Apr-2001,Apr-2001,Apr-2001,Apr-2001,Apr-2001,Apr-2001,Apr-2001,Apr-2001,Apr-2001,Apr-2001,Apr-2001,Apr-2001,Apr-2001,Apr-2001,Apr-2001,Apr-2001,Apr-2001,Apr-2001,Apr-2001,Apr-2001
AREA_TYPE,Local Authority,,,,,,TO,Apr-2001,Apr-2001,Apr-2001,Apr-2001,Apr-2001,Apr-2001,Apr-2001,Apr-2001,Apr-2001,Apr-2001,Apr-2001,Apr-2001,Apr-2001,Apr-2001,Apr-2001,Apr-2001,Apr-2001,Apr-2001,Apr-2001,Apr-2001,Apr-2001,Apr-2001,Apr-2001,Apr-2001,Apr-2001,Apr-2001,Apr-2001,Apr-2001,Apr-2001,Apr-2001,Apr-2001,Apr-2001,Apr-2001,Apr-2001,Apr-2001
GEO_HIERARCHY,NeSS Geography Hierarchy,,,,,,HEADING,All People,1. Managers and Senior Officials,1. Managers and Senior Officials:  11. Corporate Managers,1. Managers and Senior Officials:  12. Managers and Proprietors in Agriculture and Services,2. Professional Occupations,2. Professional Occupations:  21. Science and Technology Professionals,2. Professional Occupations:  22. Health Professionals,2. Professional Occupations:  23. Teaching and Research Professionals,2. Professional Occupations:  24. Business and Public Service Professionals,3. Associate Professional and Technical Occupations,3. Associate Professional and Technical Occupations:  31. Science and Technology Associate Professionals,3. Associate Professional and Technical Occupations:  32. Health and Social Welfare Associate Professionals,3. Associate Professional and Technical Occupations:  33. Protective Service Occupations,3. Associate Professional and Technical Occupations:  34. Culture; Media and Sports Occupations,3. Associate Professional and Technical Occupations:  35. Business and Public Service Associate Professionals,4. Administrative and Secretarial Occupations,4. Administrative and Secretarial Occupations:  41. Administrative Occupations,4. Administrative and Secretarial Occupations:  42. Secretarial and Related Occupations,5. Skilled Trades Occupations,5. Skilled Trades Occupations:  51. Skilled Agricultural Trades,5. Skilled Trades Occupations:  52. Skilled Metal and Electrical Trades,5. Skilled Trades Occupations:  53. Skilled Construction and Building Trades,5. Skilled Trades Occupations:  54. Textiles; Printing and Other Skilled Trades,6. Personal Service Occupations,6. Personal Service Occupations:  61. Caring Personal Service Occupations,6. Personal Service Occupations:  62. Leisure and Other Personal Service Occupations,7. Sales and Customer Service Occupations,7. Sales and Customer Service Occupations:  71. Sales Occupations,7. Sales and Customer Service Occupations:  72. Customer Service Occupations,8. Process; Plant and Machine Operatives,8. Process; Plant and Machine Operatives:  81. Process; Plant and Machine Operatives,8. Process; Plant and Machine Operatives:  82. Transport and Mobile Machine Drivers and Operatives,9. Elementary Occupations,9. Elementary Occupations:  91. Elementary Trades; Plant and Storage Related Occupations,9. Elementary Occupations:  92. Elementary Administration and Service Occupations
,,,,,,,MEASUREMENT_UNIT,Count,Count,Count,Count,Count,Count,Count,Count,Count,Count,Count,Count,Count,Count,Count,Count,Count,Count,Count,Count,Count,Count,Count,Count,Count,Count,Count,Count,Count,Count,Count,Count,Count,Count,Count
,,,,,,,STATISTICAL_UNIT,Persons,Persons,Persons,Persons,Persons,Persons,Persons,Persons,Persons,Persons,Persons,Persons,Persons,Persons,Persons,Persons,Persons,Persons,Persons,Persons,Persons,Persons,Persons,Persons,Persons,Persons,Persons,Persons,Persons,Persons,Persons,Persons,Persons,Persons,Persons
GOR_CODE,GOR_NAME,CTY_CODE,CTY_NAME,LA_CODE,LA_NAME,AREA_METADATA,,DATA_VALUE,DATA_VALUE,DATA_VALUE,DATA_VALUE,DATA_VALUE,DATA_VALUE,DATA_VALUE,DATA_VALUE,DATA_VALUE,DATA_VALUE,DATA_VALUE,DATA_VALUE,DATA_VALUE,DATA_VALUE,DATA_VALUE,DATA_VALUE,DATA_VALUE,DATA_VALUE,DATA_VALUE,DATA_VALUE,DATA_VALUE,DATA_VALUE,DATA_VALUE,DATA_VALUE,DATA_VALUE,DATA_VALUE,DATA_VALUE,DATA_VALUE,DATA_VALUE,DATA_VALUE,DATA_VALUE,DATA_VALUE,DATA_VALUE,DATA_VALUE,DATA_VALUE
"D","Yorkshire and The Humber",,,"00CC","Barnsley",,,88762,9964,7240,2724,6231,1684,421,2905,1221,9437,1647,3105,971,881,2833,9568,7131,2437,12864,673,5309,4615,2267,6956,5319,1637,7659,6135,1524,12189,7485,4704,13894,5928,7966
"D","Yorkshire and The Humber",,,"00CE","Doncaster",,,118362,14096,10644,3452,8533,2077,657,4184,1615,13435,1850,4016,2006,1133,4430,13280,10046,3234,15866,923,7379,5076,2488,9439,7378,2061,11469,9790,1679,13918,8206,5712,18326,7352,10974
"D","Yorkshire and The Humber",,,"00CF","Rotherham",,,106489,12635,9694,2941,7749,2259,538,3624,1328,11572,1933,3507,1140,892,4100,12918,9744,3174,14036,639,6934,4321,2142,8247,6318,1929,10627,8583,2044,13288,7933,5355,15417,6302,9115
"D","Yorkshire and The Humber",,,"00CG","Sheffield",,,218493,25836,19618,6218,26592,6156,3130,12153,5153,27731,4322,9460,1559,3317,9073,27612,20497,7115,26545,1109,12164,8704,4568,15969,11897,4072,19529,15558,3971,20207,12098,8109,28472,7946,20526
"D","Yorkshire and The Humber",,,"00CX","Bradford",,,191250,25664,18714,6950,18009,4388,1410,8432,3779,23250,3667,6321,1693,2950,8619,26525,20615,5910,21563,1156,8786,6164,5457,13957,10709,3248,15951,12740,3211,20628,12626,8002,25703,10672,15031
"D","Yorkshire and The Humber",,,"00CY","Calderdale",,,88038,12762,9746,3016,9193,2389,683,4078,2043,11316,1591,3128,953,1446,4198,11009,8228,2781,11026,665,4625,3177,2559,6493,4968,1525,5922,4685,1237,10179,6634,3545,10138,3984,6154
"D","Yorkshire and The Humber",,,"00CZ","Kirklees",,,174023,24991,19215,5776,17273,4482,1308,7756,3727,21399,3168,5900,1734,2614,7983,20841,15415,5426,21553,1101,9028,6551,4873,11885,9053,2832,13266,10761,2505,20757,13456,7301,22058,8964,13094
"D","Yorkshire and The Humber",,,"00DA","Leeds",,,322831,43860,33911,9949,36491,8708,3761,15020,9002,43241,6143,11354,2795,5766,17183,45758,34447,11311,34238,1799,13505,10668,8266,23431,17169,6262,28906,21650,7256,25898,14055,11843,41008,13046,27962
"D","Yorkshire and The Humber",,,"00DB","Wakefield",,,138021,17037,13051,3986,10518,2926,878,4584,2130,16013,2513,4497,1985,1475,5543,16598,12458,4140,16908,843,7373,5310,3382,9854,7507,2347,11942,9725,2217,16452,9378,7074,22699,10584,12115
"D","Yorkshire and The Humber",,,"00FA","Kingston upon Hull, City of",,,95957,8422,6000,2422,6167,1821,438,2784,1124,10147,1846,3128,916,1078,3179,10857,8412,2445,14062,624,5697,4618,3123,7425,5497,1928,9295,8078,1217,12229,6848,5381,17353,7155,10198
"D","Yorkshire and The Humber",,,"00FB","East Riding of Yorkshire",,,144858,21856,15759,6097,15182,3454,1518,7227,2983,19133,2674,5532,2601,1865,6461,17733,12519,5214,20476,3636,7751,5488,3601,10349,7722,2627,10555,9163,1392,12344,6553,5791,17230,6933,10297
"D","Yorkshire and The Humber",,,"00FC","North East Lincolnshire",,,65832,6956,4913,2043,4485,1308,435,1973,769,7065,1499,1906,630,559,2471,7150,5365,1785,8794,381,3920,2574,1919,4784,3566,1218,5814,5420,394,10596,7152,3444,10188,4040,6148
"D","Yorkshire and The Humber",,,"00FD","North Lincolnshire",,,68083,7879,5860,2019,5437,1651,449,2409,928,7469,1465,2204,859,553,2388,7485,5582,1903,9567,884,4600,2594,1489,4743,3576,1167,4760,4317,443,9702,5642,4060,11041,5559,5482
"D","Yorkshire and The Humber",,,"00FF","York",,,87305,12266,9079,3187,10515,2522,795,4965,2233,11692,1655,3204,1117,1449,4267,10770,7895,2875,9700,818,3614,3144,2124,6070,4284,1786,8520,6813,1707,6628,3886,2742,11144,2546,8598
"D","Yorkshire and The Humber","36","North Yorkshire","36UB","Craven",,,25721,4171,2737,1434,3061,588,238,1541,694,3182,419,947,214,425,1177,2616,1706,910,4124,1161,1001,1205,757,1900,1362,538,1628,1429,199,1966,1108,858,3073,1203,1870
"D","Yorkshire and The Humber","36","North Yorkshire","36UC","Hambleton",,,41890,7286,5212,2074,4949,1065,597,2174,1113,5968,765,1553,1346,547,1757,4691,3327,1364,6249,2024,1757,1454,1014,2743,2070,673,2349,2105,244,2745,1390,1355,4910,1958,2952
"D","Yorkshire and The Humber","36","North Yorkshire","36UD","Harrogate",,,75755,14305,10700,3605,9110,2081,899,3703,2427,12476,1303,2852,2936,1481,3904,9034,6319,2715,8876,2101,2422,2520,1833,5210,3720,1490,4994,4388,606,4000,1962,2038,7750,2277,5473
"D","Yorkshire and The Humber","36","North Yorkshire","36UE","Richmondshire",,,24124,3564,2414,1150,2092,320,184,1074,514,5607,248,740,3575,315,729,2409,1743,666,3351,1163,794,810,584,1545,1136,409,1183,1012,171,1515,684,831,2858,957,1901
"D","Yorkshire and The Humber","36","North Yorkshire","36UF","Ryedale",,,24184,3561,2132,1429,2285,505,199,1070,511,2270,291,608,200,347,824,2408,1536,872,4449,1612,1106,988,743,1758,1242,516,1493,1362,131,2394,1482,912,3566,1676,1890
"D","Yorkshire and The Humber","36","North Yorkshire","36UG","Scarborough",,,44976,6397,3444,2953,3773,689,374,1998,712,4874,622,1739,457,669,1387,4492,3119,1373,7029,1238,2255,1890,1646,3608,2637,971,3983,3630,353,4164,2705,1459,6656,1839,4817
"D","Yorkshire and The Humber","36","North Yorkshire","36UH","Selby",,,37885,5989,4640,1349,3539,995,234,1461,849,4521,725,1080,468,432,1816,4642,3338,1304,4913,862,2093,1238,720,2510,1811,699,2868,2418,450,4204,2513,1691,4699,2026,2673