DATASET_TITLE,"Life Expectancy at Birth, 2006-2008",,,,,,FROM,Jan-2006,Jan-2006,Jan-2006,Jan-2006,Jan-2006,Jan-2006
AREA_TYPE,Local Authority,,,,,,TO,Dec-2008,Dec-2008,Dec-2008,Dec-2008,Dec-2008,Dec-2008
GEO_HIERARCHY,NeSS Geography Hierarchy,,,,,,HEADING,Life Expectancy at Birth; Males,Life Expectancy at Birth; Males; 95% Confidence Interval (Lower Limit),Life Expectancy at Birth; Males; 95% Confidence Interval (Upper Limit),Life Expectancy at Birth; Females,Life Expectancy at Birth; Females; 95% Confidence Interval (Lower Limit),Life Expectancy at Birth; Females; 95% Confidence Interval (Upper Limit)
,,,,,,,MEASUREMENT_UNIT,Years,Years,Years,Years,Years,Years
,,,,,,,STATISTICAL_UNIT,Persons,Persons,Persons,Persons,Persons,Persons
GOR_CODE,GOR_NAME,CTY_CODE,CTY_NAME,LA_CODE,LA_NAME,AREA_METADATA,,DATA_VALUE,DATA_VALUE,DATA_VALUE,DATA_VALUE,DATA_VALUE,DATA_VALUE
"A","North East",,,"00CH","Gateshead",,,76.1,75.6,76.6,80.5,80,81
"A","North East",,,"00CJ","Newcastle upon Tyne",,,75.7,75.2,76.1,80.5,80.1,80.9
"A","North East",,,"00CK","North Tyneside",,,76.6,76.1,77.1,80.6,80.2,81
"A","North East",,,"00CL","South Tyneside",,,76.3,75.7,76.8,80.3,79.8,80.9
"A","North East",,,"00CM","Sunderland",,,75.4,75,75.8,80.4,80.1,80.8
"A","North East",,,"00EB","Hartlepool",,,75.2,74.5,76,79,78.3,79.7
"A","North East",,,"00EC","Middlesbrough",,,75.5,74.8,76.1,79.8,79.2,80.3
"A","North East",,,"00EE","Redcar and Cleveland",,,77.2,76.6,77.8,81,80.5,81.6
"A","North East",,,"00EF","Stockton-on-Tees",,,76.4,75.8,76.9,80.9,80.4,81.3
"A","North East",,,"00EH","Darlington",,,76.3,75.6,77,80.5,79.8,81.1
"A","North East",,,"00EJ","Durham",,,76.7,76.4,77,80.5,80.2,80.8
"A","North East",,,"00EM","Northumberland",,,78,77.6,78.3,81.5,81.1,81.8
"B","North West",,,"00BL","Bolton",,,75.5,75.1,76,79.9,79.5,80.3
"B","North West",,,"00BM","Bury",,,76.6,76.1,77.1,80.9,80.4,81.3
"B","North West",,,"00BN","Manchester",,,73.7,73.4,74.1,78.8,78.5,79.2
"B","North West",,,"00BP","Oldham",,,75.4,74.9,75.8,79.4,78.9,79.8
"B","North West",,,"00BQ","Rochdale",,,75.6,75.1,76.1,79.8,79.3,80.3
"B","North West",,,"00BR","Salford",,,74.5,74.1,75,79,78.6,79.5
"B","North West",,,"00BS","Stockport",,,78,77.6,78.4,82.6,82.2,82.9
"B","North West",,,"00BT","Tameside",,,75.7,75.2,76.1,79.6,79.1,80
"B","North West",,,"00BU","Trafford",,,78.2,77.7,78.7,82.5,82.1,82.9
"B","North West",,,"00BW","Wigan",,,75.6,75.2,76,79.8,79.4,80.1
"B","North West",,,"00BX","Knowsley",,,75.4,74.9,76,79.1,78.6,79.7
"B","North West",,,"00BY","Liverpool",,,74.3,74,74.6,78.8,78.5,79.1
"B","North West",,,"00BZ","St. Helens",,,75.7,75.2,76.3,80.3,79.8,80.8
"B","North West",,,"00CA","Sefton",,,77,76.6,77.4,81.5,81.2,81.9
"B","North West",,,"00CB","Wirral",,,75.9,75.5,76.3,81,80.6,81.3
"B","North West",,,"00EQ","Cheshire East",,,78.7,78.3,79,82.6,82.2,82.9
"B","North West",,,"00ET","Halton",,,74.7,74.1,75.4,78.8,78.2,79.4
"B","North West",,,"00EU","Warrington",,,76.8,76.3,77.3,80.6,80.1,81
"B","North West",,,"00EW","Cheshire West and Chester",,,78.1,77.7,78.5,81.9,81.6,82.2
"B","North West",,,"00EX","Blackburn with Darwen",,,74.3,73.7,74.9,79.4,78.9,80
"B","North West",,,"00EY","Blackpool",,,73.5,72.9,74.2,78.8,78.2,79.3
"B","North West","16","Cumbria","16UB","Allerdale",,,77.4,76.7,78,80.6,79.9,81.3
"B","North West","16","Cumbria","16UC","Barrow-in-Furness",,,76.3,75.5,77.1,80.8,80,81.6
"B","North West","16","Cumbria","16UD","Carlisle",,,77.1,76.4,77.7,81.4,80.8,82
"B","North West","16","Cumbria","16UE","Copeland",,,77.2,76.3,78,79.8,79,80.6
"B","North West","16","Cumbria","16UF","Eden",,,79,78,79.9,83,82.1,83.9
"B","North West","16","Cumbria","16UG","South Lakeland",,,79.3,78.6,80,82.8,82.1,83.4
"B","North West","30","Lancashire","30UD","Burnley",,,75.4,74.6,76.2,79,78.3,79.7
"B","North West","30","Lancashire","30UE","Chorley",,,77.2,76.5,77.9,81.3,80.7,81.9
"B","North West","30","Lancashire","30UF","Fylde",,,78.7,77.9,79.4,82.2,81.5,82.9
"B","North West","30","Lancashire","30UG","Hyndburn",,,75.2,74.4,76,80,79.3,80.7
"B","North West","30","Lancashire","30UH","Lancaster",,,76.8,76.2,77.3,80.8,80.2,81.3
"B","North West","30","Lancashire","30UJ","Pendle",,,76.4,75.6,77.2,81.3,80.6,82.1
"B","North West","30","Lancashire","30UK","Preston",,,75.2,74.6,75.8,80,79.5,80.6
"B","North West","30","Lancashire","30UL","Ribble Valley",,,79.2,78.4,80,83.4,82.7,84.2
"B","North West","30","Lancashire","30UM","Rossendale",,,75.7,74.8,76.6,80.4,79.6,81.1
"B","North West","30","Lancashire","30UN","South Ribble",,,77.9,77.2,78.6,81.7,81.2,82.3
"B","North West","30","Lancashire","30UP","West Lancashire",,,77.8,77.1,78.4,80.8,80.3,81.4
"B","North West","30","Lancashire","30UQ","Wyre",,,77.7,77.1,78.4,81.9,81.3,82.5
"D","Yorkshire and The Humber",,,"00CC","Barnsley",,,76,75.6,76.4,80.1,79.7,80.5
"D","Yorkshire and The Humber",,,"00CE","Doncaster",,,76,75.6,76.4,80.9,80.5,81.2
"D","Yorkshire and The Humber",,,"00CF","Rotherham",,,76.5,76.1,76.9,80.7,80.2,81.1
"D","Yorkshire and The Humber",,,"00CG","Sheffield",,,77.5,77.2,77.8,81.5,81.2,81.7
"D","Yorkshire and The Humber",,,"00CX","Bradford",,,76,75.7,76.4,80.1,79.8,80.4
"D","Yorkshire and The Humber",,,"00CY","Calderdale",,,77.1,76.6,77.6,81.5,81,82
"D","Yorkshire and The Humber",,,"00CZ","Kirklees",,,76.5,76.1,76.8,80.7,80.3,81
"D","Yorkshire and The Humber",,,"00DA","Leeds",,,77.2,76.9,77.5,81.9,81.6,82.1
"D","Yorkshire and The Humber",,,"00DB","Wakefield",,,76.3,75.9,76.7,80.6,80.3,81
"D","Yorkshire and The Humber",,,"00FA","Kingston upon Hull, City of",,,75,74.6,75.5,79.5,79.1,79.9
"D","Yorkshire and The Humber",,,"00FB","East Riding of Yorkshire",,,78.8,78.5,79.2,82.4,82,82.7
"D","Yorkshire and The Humber",,,"00FC","North East Lincolnshire",,,75.8,75.3,76.4,80.8,80.3,81.3
"D","Yorkshire and The Humber",,,"00FD","North Lincolnshire",,,77.3,76.7,77.8,81.1,80.6,81.6
"D","Yorkshire and The Humber",,,"00FF","York",,,79.3,78.8,79.8,83.2,82.7,83.6
"D","Yorkshire and The Humber","36","North Yorkshire","36UB","Craven",,,79.6,78.7,80.5,83.7,83,84.4
"D","Yorkshire and The Humber","36","North Yorkshire","36UC","Hambleton",,,80.2,79.5,80.9,83.3,82.7,84
"D","Yorkshire and The Humber","36","North Yorkshire","36UD","Harrogate",,,79.2,78.7,79.8,82.7,82.2,83.1
"D","Yorkshire and The Humber","36","North Yorkshire","36UE","Richmondshire",,,78.8,78,79.7,82.6,81.7,83.5
"D","Yorkshire and The Humber","36","North Yorkshire","36UF","Ryedale",,,79.2,78.2,80.2,82.7,81.8,83.7
"D","Yorkshire and The Humber","36","North Yorkshire","36UG","Scarborough",,,77.4,76.7,78.1,81.9,81.3,82.5
"D","Yorkshire and The Humber","36","North Yorkshire","36UH","Selby",,,78.4,77.7,79.2,82.6,82,83.3
"E","East Midlands",,,"00FK","Derby",,,77.2,76.8,77.7,81.5,81.1,82
"E","East Midlands",,,"00FN","Leicester",,,75.6,75.1,76,79.9,79.5,80.3
"E","East Midlands",,,"00FP","Rutland",,,79.9,78.6,81.1,84.2,82.8,85.5
"E","East Midlands",,,"00FY","Nottingham",,,75.1,74.7,75.5,80.1,79.7,80.6
"E","East Midlands","17","Derbyshire","17UB","Amber Valley",,,78.2,77.5,78.8,82,81.4,82.6
"E","East Midlands","17","Derbyshire","17UC","Bolsover",,,76.2,75.5,77,80.5,79.8,81.2
"E","East Midlands","17","Derbyshire","17UD","Chesterfield",,,77.3,76.6,77.9,82.1,81.5,82.6
"E","East Midlands","17","Derbyshire","17UF","Derbyshire Dales",,,79.4,78.5,80.2,82.9,82.2,83.7
"E","East Midlands","17","Derbyshire","17UG","Erewash",,,77.5,76.8,78.1,81.6,81,82.2
"E","East Midlands","17","Derbyshire","17UH","High Peak",,,78.7,77.9,79.4,81.8,81.1,82.6
"E","East Midlands","17","Derbyshire","17UJ","North East Derbyshire",,,78.4,77.7,79,81.6,81,82.2
"E","East Midlands","17","Derbyshire","17UK","South Derbyshire",,,78,77.3,78.7,81.8,81.1,82.5
"E","East Midlands","31","Leicestershire","31UB","Blaby",,,79.9,79.2,80.7,83.5,82.8,84.1
"E","East Midlands","31","Leicestershire","31UC","Charnwood",,,78.9,78.4,79.4,82.8,82.2,83.3
"E","East Midlands","31","Leicestershire","31UD","Harborough",,,80,79.3,80.8,83.7,83.1,84.4
"E","East Midlands","31","Leicestershire","31UE","Hinckley and Bosworth",,,79.6,79,80.2,82.9,82.3,83.5
"E","East Midlands","31","Leicestershire","31UG","Melton",,,79.2,78.3,80.1,82.5,81.6,83.4
"E","East Midlands","31","Leicestershire","31UH","North West Leicestershire",,,77.9,77.2,78.6,81.9,81.2,82.6
"E","East Midlands","31","Leicestershire","31UJ","Oadby and Wigston",,,80.1,79.2,80.9,82.6,81.8,83.4
"E","East Midlands","32","Lincolnshire","32UB","Boston",,,76.4,75.5,77.3,81.2,80.4,82
"E","East Midlands","32","Lincolnshire","32UC","East Lindsey",,,77.4,76.8,78.1,81.6,81,82.2
"E","East Midlands","32","Lincolnshire","32UD","Lincoln",,,76.5,75.7,77.3,80.3,79.6,81.1
"E","East Midlands","32","Lincolnshire","32UE","North Kesteven",,,78.8,78.2,79.4,83.1,82.5,83.7
"E","East Midlands","32","Lincolnshire","32UF","South Holland",,,78.2,77.5,78.9,81.4,80.6,82.2
"E","East Midlands","32","Lincolnshire","32UG","South Kesteven",,,78.4,77.8,79.1,82.1,81.5,82.6
"E","East Midlands","32","Lincolnshire","32UH","West Lindsey",,,79,78.3,79.7,81.1,80.3,81.9
"E","East Midlands","34","Northamptonshire","34UB","Corby",,,74.1,73.1,75.2,80.3,79.4,81.2
"E","East Midlands","34","Northamptonshire","34UC","Daventry",,,78.4,77.6,79.2,82.2,81.5,82.9
"E","East Midlands","34","Northamptonshire","34UD","East Northamptonshire",,,79.3,78.6,80,81.5,80.9,82.2
"E","East Midlands","34","Northamptonshire","34UE","Kettering",,,78.6,77.8,79.3,81.8,81.1,82.5
"E","East Midlands","34","Northamptonshire","34UF","Northampton",,,77.2,76.7,77.7,81.9,81.4,82.4
"E","East Midlands","34","Northamptonshire","34UG","South Northamptonshire",,,80.1,79.3,80.8,83.3,82.6,83.9
"E","East Midlands","34","Northamptonshire","34UH","Wellingborough",,,77.7,76.9,78.5,82.9,82.2,83.7
"E","East Midlands","37","Nottinghamshire","37UB","Ashfield",,,76.5,75.9,77.1,80.7,80.1,81.3
"E","East Midlands","37","Nottinghamshire","37UC","Bassetlaw",,,77.1,76.4,77.7,81.2,80.6,81.8
"E","East Midlands","37","Nottinghamshire","37UD","Broxtowe",,,78.8,78.2,79.4,82.2,81.6,82.8
"E","East Midlands","37","Nottinghamshire","37UE","Gedling",,,78.5,77.9,79.1,82.4,81.9,83
"E","East Midlands","37","Nottinghamshire","37UF","Mansfield",,,76.1,75.3,76.8,80.7,80,81.3
"E","East Midlands","37","Nottinghamshire","37UG","Newark and Sherwood",,,77.5,76.8,78.1,81.5,80.9,82.2
"E","East Midlands","37","Nottinghamshire","37UJ","Rushcliffe",,,80.2,79.6,80.9,83.9,83.4,84.4
"F","West Midlands",,,"00CN","Birmingham",,,75.9,75.6,76.1,81,80.7,81.2
"F","West Midlands",,,"00CQ","Coventry",,,76.4,76,76.8,81.1,80.7,81.5
"F","West Midlands",,,"00CR","Dudley",,,77.2,76.8,77.6,81.9,81.5,82.2
"F","West Midlands",,,"00CS","Sandwell",,,74.3,73.9,74.7,80,79.7,80.4
"F","West Midlands",,,"00CT","Solihull",,,78.9,78.4,79.4,83.5,83.1,84
"F","West Midlands",,,"00CU","Walsall",,,75.9,75.4,76.3,81.3,80.9,81.7
"F","West Midlands",,,"00CW","Wolverhampton",,,75.7,75.3,76.2,80.5,80.1,80.9
"F","West Midlands",,,"00GA","Herefordshire, County of",,,78.6,78.1,79.1,83.4,82.9,83.8
"F","West Midlands",,,"00GF","Telford and Wrekin",,,77.3,76.8,77.9,81.4,80.9,82
"F","West Midlands",,,"00GG","Shropshire",,,78.6,78.2,79,82.6,82.3,83
"F","West Midlands",,,"00GL","Stoke-on-Trent",,,75.3,74.9,75.8,79.8,79.4,80.2
"F","West Midlands","41","Staffordshire","41UB","Cannock Chase",,,76.3,75.6,76.9,80.4,79.8,81.1
"F","West Midlands","41","Staffordshire","41UC","East Staffordshire",,,76.9,76.2,77.6,81.2,80.5,81.8
"F","West Midlands","41","Staffordshire","41UD","Lichfield",,,78.7,78.1,79.4,81.5,80.9,82.1
"F","West Midlands","41","Staffordshire","41UE","Newcastle-under-Lyme",,,77,76.4,77.7,81.9,81.3,82.4
"F","West Midlands","41","Staffordshire","41UF","South Staffordshire",,,79,78.4,79.6,82,81.5,82.5
"F","West Midlands","41","Staffordshire","41UG","Stafford",,,78.2,77.6,78.8,82.3,81.7,82.8
"F","West Midlands","41","Staffordshire","41UH","Staffordshire Moorlands",,,78.4,77.7,79.1,82,81.4,82.6
"F","West Midlands","41","Staffordshire","41UK","Tamworth",,,78.2,77.3,79,81.2,80.5,82
"F","West Midlands","44","Warwickshire","44UB","North Warwickshire",,,77.7,76.9,78.5,81.2,80.4,81.9
"F","West Midlands","44","Warwickshire","44UC","Nuneaton and Bedworth",,,76.7,76.1,77.3,80.9,80.3,81.5
"F","West Midlands","44","Warwickshire","44UD","Rugby",,,79.2,78.6,79.9,82,81.3,82.7
"F","West Midlands","44","Warwickshire","44UE","Stratford-on-Avon",,,79.3,78.7,79.9,82.6,82,83.2
"F","West Midlands","44","Warwickshire","44UF","Warwick",,,79.3,78.7,79.9,83.5,83,84
"F","West Midlands","47","Worcestershire","47UB","Bromsgrove",,,79.6,79,80.2,81.8,81.1,82.5
"F","West Midlands","47","Worcestershire","47UC","Malvern Hills",,,79.2,78.4,80,83.2,82.5,83.9
"F","West Midlands","47","Worcestershire","47UD","Redditch",,,77.5,76.8,78.3,81.4,80.6,82.2
"F","West Midlands","47","Worcestershire","47UE","Worcester",,,77,76.3,77.7,82,81.3,82.7
"F","West Midlands","47","Worcestershire","47UF","Wychavon",,,79.5,78.9,80.1,83.7,83.2,84.3
"F","West Midlands","47","Worcestershire","47UG","Wyre Forest",,,78.2,77.4,78.9,82.5,81.8,83.1
"G","East of England",,,"00JA","Peterborough",,,77,76.4,77.5,81.1,80.6,81.6
"G","East of England",,,"00KA","Luton",,,76.7,76.1,77.2,80.4,79.9,80.9
"G","East of England",,,"00KB","Bedford",,,78.6,78,79.1,82.1,81.6,82.6
"G","East of England",,,"00KC","Central Bedfordshire",,,79,78.6,79.4,82.4,82.1,82.8
"G","East of England",,,"00KF","Southend-on-Sea",,,77.5,77,78,81.7,81.3,82.2
"G","East of England",,,"00KG","Thurrock",,,78,77.4,78.6,81.9,81.3,82.4
"G","East of England","12","Cambridgeshire","12UB","Cambridge",,,77.8,77.1,78.5,82.7,82.1,83.4
"G","East of England","12","Cambridgeshire","12UC","East Cambridgeshire",,,80.5,79.8,81.3,83.8,83.2,84.5
"G","East of England","12","Cambridgeshire","12UD","Fenland",,,77.3,76.6,78.1,81.3,80.6,82
"G","East of England","12","Cambridgeshire","12UE","Huntingdonshire",,,79,78.5,79.6,83,82.5,83.5
"G","East of England","12","Cambridgeshire","12UG","South Cambridgeshire",,,81.3,80.8,81.9,84.6,84.1,85.1
"G","East of England","22","Essex","22UB","Basildon",,,78.3,77.7,78.8,81.6,81.2,82.1
"G","East of England","22","Essex","22UC","Braintree",,,79,78.4,79.5,82.8,82.3,83.3
"G","East of England","22","Essex","22UD","Brentwood",,,79.7,79,80.5,83.6,83,84.3
"G","East of England","22","Essex","22UE","Castle Point",,,79.7,79.1,80.4,82.1,81.4,82.7
"G","East of England","22","Essex","22UF","Chelmsford",,,80.1,79.6,80.7,84.1,83.6,84.6
"G","East of England","22","Essex","22UG","Colchester",,,78.6,78,79.1,83.2,82.7,83.7
"G","East of England","22","Essex","22UH","Epping Forest",,,78.8,78.3,79.4,82.1,81.6,82.6
"G","East of England","22","Essex","22UJ","Harlow",,,78.1,77.2,78.9,83.2,82.4,83.9
"G","East of England","22","Essex","22UK","Maldon",,,78.6,77.8,79.4,82.8,82.1,83.5
"G","East of England","22","Essex","22UL","Rochford",,,79.8,79.1,80.4,84.6,83.9,85.2
"G","East of England","22","Essex","22UN","Tendring",,,78.3,77.8,78.9,82.1,81.5,82.7
"G","East of England","22","Essex","22UQ","Uttlesford",,,79.7,78.9,80.4,83.8,83.1,84.5
"G","East of England","26","Hertfordshire","26UB","Broxbourne",,,79.5,78.8,80.2,82.8,82.2,83.5
"G","East of England","26","Hertfordshire","26UC","Dacorum",,,79.7,79.1,80.2,83.1,82.6,83.6
"G","East of England","26","Hertfordshire","26UD","East Hertfordshire",,,79.8,79.2,80.5,83.2,82.7,83.8
"G","East of England","26","Hertfordshire","26UE","Hertsmere",,,78.8,78.1,79.5,82.8,82.3,83.4
"G","East of England","26","Hertfordshire","26UF","North Hertfordshire",,,78.6,78,79.2,82.2,81.7,82.7
"G","East of England","26","Hertfordshire","26UG","St Albans",,,80.4,79.9,80.9,83.4,82.9,83.9
"G","East of England","26","Hertfordshire","26UH","Stevenage",,,77.4,76.6,78.2,82,81.3,82.7
"G","East of England","26","Hertfordshire","26UJ","Three Rivers",,,80.6,79.9,81.3,83.8,83.1,84.4
"G","East of England","26","Hertfordshire","26UK","Watford",,,77.5,76.7,78.3,81.4,80.6,82.1
"G","East of England","26","Hertfordshire","26UL","Welwyn Hatfield",,,79.4,78.7,80,82.3,81.7,83
"G","East of England","33","Norfolk","33UB","Breckland",,,79.4,78.8,79.9,82.8,82.2,83.3
"G","East of England","33","Norfolk","33UC","Broadland",,,79.7,79.1,80.2,83.3,82.8,83.8
"G","East of England","33","Norfolk","33UD","Great Yarmouth",,,77.5,76.8,78.2,81.6,81,82.2
"G","East of England","33","Norfolk","33UE","King's Lynn and West Norfolk",,,78.7,78.1,79.3,82.1,81.6,82.7
"G","East of England","33","Norfolk","33UF","North Norfolk",,,78.8,78,79.5,84.3,83.7,84.9
"G","East of England","33","Norfolk","33UG","Norwich",,,77.8,77.1,78.4,83,82.4,83.6
"G","East of England","33","Norfolk","33UH","South Norfolk",,,80,79.3,80.7,83.2,82.7,83.8
"G","East of England","42","Suffolk","42UB","Babergh",,,79,78.2,79.8,84,83.3,84.6
"G","East of England","42","Suffolk","42UC","Forest Heath",,,79.1,78.2,80,83.6,82.8,84.4
"G","East of England","42","Suffolk","42UD","Ipswich",,,78,77.4,78.6,82.7,82.1,83.2
"G","East of England","42","Suffolk","42UE","Mid Suffolk",,,80.2,79.5,80.8,83.6,83,84.3
"G","East of England","42","Suffolk","42UF","St Edmundsbury",,,79.7,79,80.4,83.8,83.2,84.3
"G","East of England","42","Suffolk","42UG","Suffolk Coastal",,,80.6,80,81.1,83.8,83.3,84.3
"G","East of England","42","Suffolk","42UH","Waveney",,,79,78.4,79.6,82.7,82.1,83.2
"H","London",,,"00AA","City of London",,,..,..,..,..,..,..
"H","London",,,"00AB","Barking and Dagenham",,,76.4,75.9,77,80.6,80.1,81.1
"H","London",,,"00AC","Barnet",,,80,79.6,80.4,84,83.7,84.4
"H","London",,,"00AD","Bexley",,,79.1,78.6,79.5,82.8,82.3,83.2
"H","London",,,"00AE","Brent",,,78.6,78.1,79.1,83.8,83.4,84.3
"H","London",,,"00AF","Bromley",,,79.8,79.4,80.2,83.7,83.3,84
"H","London",,,"00AG","Camden",,,77.5,77,78,82.5,82,83
"H","London",,,"00AH","Croydon",,,78.8,78.4,79.2,82.2,81.8,82.6
"H","London",,,"00AJ","Ealing",,,78.7,78.3,79.2,83.1,82.7,83.5
"H","London",,,"00AK","Enfield",,,78.8,78.3,79.2,82.7,82.3,83
"H","London",,,"00AL","Greenwich",,,75.4,74.9,75.9,81.7,81.2,82.1
"H","London",,,"00AM","Hackney",,,75.9,75.3,76.5,82.1,81.5,82.7
"H","London",,,"00AN","Hammersmith and Fulham",,,78,77.4,78.7,84.2,83.6,84.8
"H","London",,,"00AP","Haringey",,,76.2,75.7,76.8,83.1,82.6,83.6
"H","London",,,"00AQ","Harrow",,,80.6,80.1,81,84.3,83.9,84.7
"H","London",,,"00AR","Havering",,,78.5,78.1,78.9,82.6,82.2,83
"H","London",,,"00AS","Hillingdon",,,78.2,77.7,78.6,83.2,82.8,83.6
"H","London",,,"00AT","Hounslow",,,77.5,77,78,81.7,81.2,82.1
"H","London",,,"00AU","Islington",,,74.9,74.3,75.5,80.9,80.4,81.5
"H","London",,,"00AW","Kensington and Chelsea",,,84.1,83.5,84.8,88.7,88.1,89.2
"H","London",,,"00AX","Kingston upon Thames",,,80,79.5,80.6,83.3,82.8,83.8
"H","London",,,"00AY","Lambeth",,,75.8,75.2,76.3,81,80.6,81.5
"H","London",,,"00AZ","Lewisham",,,76.2,75.7,76.7,81,80.5,81.4
"H","London",,,"00BA","Merton",,,79.9,79.4,80.4,83.4,82.9,83.9
"H","London",,,"00BB","Newham",,,75.6,75.1,76.1,80.3,79.8,80.8
"H","London",,,"00BC","Redbridge",,,79,78.6,79.5,82.6,82.2,83
"H","London",,,"00BD","Richmond upon Thames",,,80.4,79.9,80.9,84.4,83.9,84.9
"H","London",,,"00BE","Southwark",,,77.2,76.7,77.7,82.5,81.9,83
"H","London",,,"00BF","Sutton",,,79.1,78.6,79.6,82.7,82.2,83.1
"H","London",,,"00BG","Tower Hamlets",,,75.3,74.7,75.9,80.4,79.9,80.9
"H","London",,,"00BH","Waltham Forest",,,76.4,75.9,76.9,81.1,80.6,81.6
"H","London",,,"00BJ","Wandsworth",,,77.4,77,77.9,81.5,81,81.9
"H","London",,,"00BK","Westminster",,,82.9,82.4,83.5,85.8,85.4,86.3
"J","South East",,,"00LC","Medway",,,76.7,76.3,77.2,81.2,80.8,81.6
"J","South East",,,"00MA","Bracknell Forest",,,79.6,78.9,80.2,83.4,82.7,84
"J","South East",,,"00MB","West Berkshire",,,79.6,79.1,80.2,83.1,82.5,83.6
"J","South East",,,"00MC","Reading",,,77.6,77,78.3,82.1,81.5,82.7
"J","South East",,,"00MD","Slough",,,77.7,77,78.5,82.7,82,83.4
"J","South East",,,"00ME","Windsor and Maidenhead",,,79.2,78.7,79.8,82.9,82.4,83.4
"J","South East",,,"00MF","Wokingham",,,81.3,80.7,81.8,83.8,83.3,84.3
"J","South East",,,"00MG","Milton Keynes",,,78.1,77.6,78.6,81.8,81.4,82.3
"J","South East",,,"00ML","Brighton and Hove",,,76.4,76,76.9,82.4,82,82.8
"J","South East",,,"00MR","Portsmouth",,,76.7,76.2,77.2,82,81.5,82.4
"J","South East",,,"00MS","Southampton",,,77.5,77.1,78,82.1,81.6,82.6
"J","South East",,,"00MW","Isle of Wight",,,78.8,78.3,79.4,82.9,82.3,83.4
"J","South East","11","Buckinghamshire","11UB","Aylesbury Vale",,,80.1,79.6,80.6,82.2,81.7,82.7
"J","South East","11","Buckinghamshire","11UC","Chiltern",,,80.1,79.4,80.9,85,84.4,85.5
"J","South East","11","Buckinghamshire","11UE","South Bucks",,,81.3,80.5,82.1,83.9,83.2,84.6
"J","South East","11","Buckinghamshire","11UF","Wycombe",,,80.2,79.6,80.7,84,83.4,84.5
"J","South East","21","East Sussex","21UC","Eastbourne",,,78.6,77.8,79.3,82.8,82.1,83.5
"J","South East","21","East Sussex","21UD","Hastings",,,76.3,75.6,77.1,80.5,79.8,81.3
"J","South East","21","East Sussex","21UF","Lewes",,,80.6,79.8,81.3,84.3,83.7,85
"J","South East","21","East Sussex","21UG","Rother",,,79.4,78.6,80.1,83.2,82.6,83.8
"J","South East","21","East Sussex","21UH","Wealden",,,80.5,79.9,81,83.5,83,84.1
"J","South East","24","Hampshire","24UB","Basingstoke and Deane",,,79.6,79.1,80.2,82.5,82,83.1
"J","South East","24","Hampshire","24UC","East Hampshire",,,79.4,78.7,80,82.4,81.9,83
"J","South East","24","Hampshire","24UD","Eastleigh",,,79.4,78.9,80,83.2,82.6,83.7
"J","South East","24","Hampshire","24UE","Fareham",,,81.5,80.9,82.1,84.2,83.6,84.7
"J","South East","24","Hampshire","24UF","Gosport",,,78.7,77.9,79.4,81.4,80.7,82.2
"J","South East","24","Hampshire","24UG","Hart",,,81.4,80.7,82.1,85.4,84.8,86.1
"J","South East","24","Hampshire","24UH","Havant",,,79.1,78.4,79.7,82.9,82.3,83.4
"J","South East","24","Hampshire","24UJ","New Forest",,,80.7,80.2,81.2,84.5,84.1,85
"J","South East","24","Hampshire","24UL","Rushmoor",,,79.6,78.9,80.2,82.6,81.9,83.3
"J","South East","24","Hampshire","24UN","Test Valley",,,79.6,79,80.1,83.7,83.1,84.2
"J","South East","24","Hampshire","24UP","Winchester",,,80,79.3,80.6,83.2,82.6,83.8
"J","South East","29","Kent","29UB","Ashford",,,80.6,79.9,81.3,82.8,82.1,83.4
"J","South East","29","Kent","29UC","Canterbury",,,78.7,78.2,79.3,82.2,81.7,82.7
"J","South East","29","Kent","29UD","Dartford",,,78.9,78.2,79.6,81.4,80.8,82
"J","South East","29","Kent","29UE","Dover",,,78.1,77.4,78.8,81.8,81.2,82.4
"J","South East","29","Kent","29UG","Gravesham",,,78.7,78,79.3,82.2,81.6,82.8
"J","South East","29","Kent","29UH","Maidstone",,,78.9,78.3,79.4,82.4,81.9,82.9
"J","South East","29","Kent","29UK","Sevenoaks",,,80.8,80.3,81.4,83.6,83,84.2
"J","South East","29","Kent","29UL","Shepway",,,78.1,77.5,78.8,82.5,82,83.1
"J","South East","29","Kent","29UM","Swale",,,77,76.4,77.6,81,80.5,81.6
"J","South East","29","Kent","29UN","Thanet",,,76.8,76.2,77.4,81.5,81,82
"J","South East","29","Kent","29UP","Tonbridge and Malling",,,79.8,79.2,80.4,83.8,83.3,84.4
"J","South East","29","Kent","29UQ","Tunbridge Wells",,,79.4,78.8,80.1,83.2,82.6,83.8
"J","South East","38","Oxfordshire","38UB","Cherwell",,,78.8,78.2,79.4,83.6,83,84.1
"J","South East","38","Oxfordshire","38UC","Oxford",,,77.7,77.1,78.4,82.7,82.1,83.3
"J","South East","38","Oxfordshire","38UD","South Oxfordshire",,,79.7,79.1,80.3,83.4,82.9,84
"J","South East","38","Oxfordshire","38UE","Vale of White Horse",,,80.1,79.5,80.7,84.7,84.1,85.3
"J","South East","38","Oxfordshire","38UF","West Oxfordshire",,,79.4,78.7,80.1,83.7,83.2,84.3
"J","South East","43","Surrey","43UB","Elmbridge",,,81.2,80.6,81.8,83.3,82.7,83.9
"J","South East","43","Surrey","43UC","Epsom and Ewell",,,81.2,80.4,81.9,84.3,83.6,85
"J","South East","43","Surrey","43UD","Guildford",,,80.4,79.8,81,84.6,84.1,85.1
"J","South East","43","Surrey","43UE","Mole Valley",,,80.6,79.9,81.3,84.2,83.6,84.8
"J","South East","43","Surrey","43UF","Reigate and Banstead",,,79.3,78.8,79.9,83,82.5,83.5
"J","South East","43","Surrey","43UG","Runnymede",,,79.9,79.1,80.7,83.2,82.5,83.9
"J","South East","43","Surrey","43UH","Spelthorne",,,79.7,79,80.4,83.3,82.7,84
"J","South East","43","Surrey","43UJ","Surrey Heath",,,79.9,79.1,80.6,83.6,83,84.2
"J","South East","43","Surrey","43UK","Tandridge",,,80.5,79.7,81.3,83.3,82.7,84
"J","South East","43","Surrey","43UL","Waverley",,,80.8,80.2,81.4,84.4,83.8,84.9
"J","South East","43","Surrey","43UM","Woking",,,79,78.3,79.6,83.4,82.8,84
"J","South East","45","West Sussex","45UB","Adur",,,78.5,77.6,79.3,81.6,80.8,82.4
"J","South East","45","West Sussex","45UC","Arun",,,78.8,78.3,79.4,82.6,82.1,83.1
"J","South East","45","West Sussex","45UD","Chichester",,,79,78.4,79.6,83,82.4,83.6
"J","South East","45","West Sussex","45UE","Crawley",,,80.3,79.5,81.1,83.7,83.1,84.3
"J","South East","45","West Sussex","45UF","Horsham",,,79.8,79.2,80.4,83.3,82.8,83.9
"J","South East","45","West Sussex","45UG","Mid Sussex",,,80.2,79.6,80.8,83,82.5,83.5
"J","South East","45","West Sussex","45UH","Worthing",,,78.2,77.6,78.9,81.9,81.3,82.5
"K","South West",,,"00HA","Bath and North East Somerset",,,80,79.5,80.5,83.5,83,83.9
"K","South West",,,"00HB","Bristol, City of",,,76.9,76.5,77.2,81.7,81.3,82
"K","South West",,,"00HC","North Somerset",,,79.3,78.8,79.8,83.2,82.8,83.7
"K","South West",,,"00HD","South Gloucestershire",,,79.9,79.5,80.3,83.6,83.3,84
"K","South West",,,"00HE","Cornwall",,,78.6,78.3,78.9,82.8,82.5,83.1
"K","South West",,,"00HF","Isles of Scilly",,,..,..,..,..,..,..
"K","South West",,,"00HG","Plymouth",,,77.2,76.7,77.6,82,81.6,82.5
"K","South West",,,"00HH","Torbay",,,78.1,77.5,78.7,82.5,81.9,83
"K","South West",,,"00HN","Bournemouth",,,78,77.5,78.6,82.2,81.6,82.7
"K","South West",,,"00HP","Poole",,,79,78.5,79.6,83.2,82.7,83.7
"K","South West",,,"00HX","Swindon",,,77.8,77.4,78.3,82.1,81.6,82.6
"K","South West",,,"00HY","Wiltshire",,,79.3,79,79.6,83.3,83,83.6
"K","South West","18","Devon","18UB","East Devon",,,80.6,80,81.2,83.7,83.1,84.2
"K","South West","18","Devon","18UC","Exeter",,,78.8,78.2,79.4,83.3,82.7,83.9
"K","South West","18","Devon","18UD","Mid Devon",,,80.3,79.5,81.1,83.3,82.7,84
"K","South West","18","Devon","18UE","North Devon",,,77.7,76.9,78.5,83,82.4,83.6
"K","South West","18","Devon","18UG","South Hams",,,79.3,78.5,80,83.8,83.1,84.5
"K","South West","18","Devon","18UH","Teignbridge",,,79.9,79.3,80.5,83.5,83,84.1
"K","South West","18","Devon","18UK","Torridge",,,79.1,78.2,79.9,83.2,82.4,84
"K","South West","18","Devon","18UL","West Devon",,,79.1,78.2,80,84.3,83.4,85.1
"K","South West","19","Dorset","19UC","Christchurch",,,80.3,79.3,81.3,84.9,84.1,85.7
"K","South West","19","Dorset","19UD","East Dorset",,,81.4,80.6,82.1,85.2,84.5,85.9
"K","South West","19","Dorset","19UE","North Dorset",,,80.6,79.7,81.4,84.2,83.5,85
"K","South West","19","Dorset","19UG","Purbeck",,,80.6,79.6,81.6,84,83.1,84.8
"K","South West","19","Dorset","19UH","West Dorset",,,79.9,79.2,80.6,83.9,83.3,84.5
"K","South West","19","Dorset","19UJ","Weymouth and Portland",,,78,77.2,78.9,82.1,81.2,83
"K","South West","23","Gloucestershire","23UB","Cheltenham",,,79.3,78.7,80,83.3,82.7,83.9
"K","South West","23","Gloucestershire","23UC","Cotswold",,,80.6,79.9,81.3,83.6,82.9,84.3
"K","South West","23","Gloucestershire","23UD","Forest of Dean",,,78,77.2,78.8,81.5,80.8,82.3
"K","South West","23","Gloucestershire","23UE","Gloucester",,,78,77.3,78.6,81.9,81.3,82.5
"K","South West","23","Gloucestershire","23UF","Stroud",,,78.9,78.2,79.5,82.5,81.9,83.1
"K","South West","23","Gloucestershire","23UG","Tewkesbury",,,79.2,78.4,80.1,83.8,83.2,84.5
"K","South West","40","Somerset","40UB","Mendip",,,79.3,78.6,80,83.2,82.6,83.8
"K","South West","40","Somerset","40UC","Sedgemoor",,,78.3,77.6,78.9,83.1,82.5,83.6
"K","South West","40","Somerset","40UD","South Somerset",,,79.6,79.1,80.2,83.7,83.3,84.2
"K","South West","40","Somerset","40UE","Taunton Deane",,,78.9,78.2,79.5,82.9,82.3,83.5
"K","South West","40","Somerset","40UF","West Somerset",,,79.3,78,80.7,84.3,83.2,85.5
,,,,"00NA","Isle of Anglesey",,,76.9,76,77.8,82.6,81.9,83.4
,,,,"00NC","Gwynedd",,,77.3,76.6,77.9,81.9,81.4,82.5
,,,,"00NE","Conwy",,,77,76.2,77.7,81.3,80.6,81.9
,,,,"00NG","Denbighshire",,,77.6,77,78.3,81.7,81,82.3
,,,,"00NJ","Flintshire",,,77.6,77,78.2,81.8,81.3,82.3
,,,,"00NL","Wrexham",,,77.3,76.7,77.9,81,80.4,81.5
,,,,"00NN","Powys",,,79.2,78.7,79.8,82.7,82.1,83.3
,,,,"00NQ","Ceredigion",,,80.6,79.8,81.3,84.1,83.4,84.8
,,,,"00NS","Pembrokeshire",,,77.1,76.4,77.8,81.9,81.3,82.4
,,,,"00NU","Carmarthenshire",,,76.5,76,77,81.3,80.8,81.7
,,,,"00NX","Swansea",,,77,76.5,77.5,81.1,80.7,81.5
,,,,"00NZ","Neath Port Talbot",,,76.3,75.7,76.9,80.4,79.8,81
,,,,"00PB","Bridgend",,,76,75.4,76.6,80.2,79.6,80.8
,,,,"00PD","The Vale of Glamorgan",,,77.8,77.2,78.4,82.4,81.8,82.9
,,,,"00PF","Rhondda, Cynon, Taff",,,75.5,75.1,76,80,79.6,80.4
,,,,"00PH","Merthyr Tydfil",,,74.8,73.9,75.8,79.6,78.7,80.5
,,,,"00PK","Caerphilly",,,75.6,75,76.1,80.9,80.4,81.4
,,,,"00PL","Blaenau Gwent",,,75.3,74.5,76.1,78.7,77.9,79.5
,,,,"00PM","Torfaen",,,77,76.3,77.7,81,80.3,81.7
,,,,"00PP","Monmouthshire",,,78.7,77.9,79.4,83.4,82.8,84
,,,,"00PR","Newport",,,77,76.4,77.6,81.4,80.9,82
,,,,"00PT","Cardiff",,,76.6,76.2,77,81.7,81.4,82.1