DATASET_TITLE,"Benefits Data: Working Age Client Group, August 2007",,,,,,FROM,Aug-2007,Aug-2007,Aug-2007,Aug-2007,Aug-2007,Aug-2007,Aug-2007,Aug-2007,Aug-2007,Aug-2007,Aug-2007,Aug-2007,Aug-2007,Aug-2007,Aug-2007,Aug-2007,Aug-2007,Aug-2007,Aug-2007,Aug-2007,Aug-2007,Aug-2007,Aug-2007,Aug-2007,Aug-2007,Aug-2007,Aug-2007
AREA_TYPE,Local Authority,,,,,,TO,Aug-2007,Aug-2007,Aug-2007,Aug-2007,Aug-2007,Aug-2007,Aug-2007,Aug-2007,Aug-2007,Aug-2007,Aug-2007,Aug-2007,Aug-2007,Aug-2007,Aug-2007,Aug-2007,Aug-2007,Aug-2007,Aug-2007,Aug-2007,Aug-2007,Aug-2007,Aug-2007,Aug-2007,Aug-2007,Aug-2007,Aug-2007
GEO_HIERARCHY,NeSS Geography Hierarchy,,,,,,HEADING,Total,Job Seekers,Job Seekers,Incapacity Benefits,Incapacity Benefits,Lone Parent,Lone Parent,Carer,Carer,Others on Income Related Benefits,Others on Income Related Benefits,Disabled,Disabled,Bereaved,Bereaved,Unknown,Unknown,Male,Male,Female,Female,Aged 16-24,Aged 16-24,Aged 25-49,Aged 25-49,Aged 50 and Over,Aged 50 and Over
,,,,,,,MEASUREMENT_UNIT,Count,Count,Percentage,Count,Percentage,Count,Percentage,Count,Percentage,Count,Percentage,Count,Percentage,Count,Percentage,Count,Percentage,Count,Percentage,Count,Percentage,Count,Percentage,Count,Percentage,Count,Percentage
,,,,,,,STATISTICAL_UNIT,Persons,Persons,Persons,Persons,Persons,Persons,Persons,Persons,Persons,Persons,Persons,Persons,Persons,Persons,Persons,Persons,Persons,Persons,Persons,Persons,Persons,Persons,Persons,Persons,Persons,Persons,Persons
GOR_CODE,GOR_NAME,CTY_CODE,CTY_NAME,LA_CODE,LA_NAME,AREA_METADATA,,DATA_VALUE,DATA_VALUE,DATA_VALUE,DATA_VALUE,DATA_VALUE,DATA_VALUE,DATA_VALUE,DATA_VALUE,DATA_VALUE,DATA_VALUE,DATA_VALUE,DATA_VALUE,DATA_VALUE,DATA_VALUE,DATA_VALUE,DATA_VALUE,DATA_VALUE,DATA_VALUE,DATA_VALUE,DATA_VALUE,DATA_VALUE,DATA_VALUE,DATA_VALUE,DATA_VALUE,DATA_VALUE,DATA_VALUE,DATA_VALUE
"A","North East",,,"00CH","Gateshead",,,22710,3325,15,12555,55,2850,13,1650,7,760,3,1220,5,350,2,0,0,11965,53,10745,47,3005,13,11255,50,8450,37
"A","North East",,,"00CJ","Newcastle upon Tyne",,,32010,5650,18,16600,52,4705,15,2100,7,1115,3,1465,5,375,1,0,0,16865,53,15145,47,4720,15,16715,52,10575,33
"A","North East",,,"00CK","North Tyneside",,,19835,3375,17,10235,52,2540,13,1285,6,735,4,1265,6,400,2,0,0,10195,51,9640,49,2825,14,9540,48,7465,38
"A","North East",,,"00CL","South Tyneside",,,19820,3650,18,9875,50,2915,15,1310,7,710,4,1060,5,300,2,0,0,10180,51,9640,49,2915,15,9655,49,7250,37
"A","North East",,,"00CM","Sunderland",,,36150,5460,15,20475,57,4155,11,2680,7,930,3,1895,5,555,2,0,0,18980,53,17170,47,5015,14,17280,48,13855,38
"A","North East",,,"00EB","Hartlepool",,,12910,2210,17,7055,55,1700,13,835,6,355,3,565,4,190,1,0,0,6610,51,6300,49,1925,15,6360,49,4625,36
"A","North East",,,"00EC","Middlesbrough",,,20290,3885,19,9855,49,3250,16,1515,7,530,3,965,5,290,1,0,0,10160,50,10130,50,3545,17,10460,52,6280,31
"A","North East",,,"00EE","Redcar and Cleveland",,,16890,2950,17,8650,51,2260,13,1460,9,420,2,895,5,255,2,0,0,8480,50,8410,50,2655,16,8205,49,6030,36
"A","North East",,,"00EF","Stockton-on-Tees",,,19675,3505,18,9715,49,2745,14,1595,8,565,3,1155,6,395,2,0,0,9785,50,9890,50,3105,16,9675,49,6895,35
"A","North East",,,"00EH","Darlington",,,10395,1730,17,5345,51,1430,14,725,7,375,4,595,6,195,2,0,0,5375,52,5020,48,1550,15,5180,50,3665,35
"A","North East","20","Durham","20UB","Chester-le-Street",,,4950,535,11,3050,62,465,9,405,8,130,3,280,6,85,2,0,0,2610,53,2340,47,650,13,2270,46,2030,41
"A","North East","20","Durham","20UD","Derwentside",,,10070,1145,11,5960,59,1080,11,795,8,275,3,645,6,170,2,0,0,5260,52,4810,48,1380,14,4610,46,4080,41
"A","North East","20","Durham","20UE","Durham",,,7350,815,11,4510,61,740,10,510,7,155,2,450,6,170,2,0,0,3855,52,3495,48,880,12,3405,46,3065,42
"A","North East","20","Durham","20UF","Easington",,,14975,1355,9,10020,67,1330,9,1050,7,260,2,760,5,200,1,0,0,7785,52,7190,48,1865,12,7110,47,6000,40
"A","North East","20","Durham","20UG","Sedgefield",,,11055,1285,12,6585,60,1225,11,885,8,240,2,660,6,175,2,0,0,5475,50,5580,50,1550,14,5045,46,4460,40
"A","North East","20","Durham","20UH","Teesdale",,,1815,180,10,1080,60,180,10,160,9,55,3,115,6,45,2,0,0,940,52,875,48,190,10,745,41,880,48
"A","North East","20","Durham","20UJ","Wear Valley",,,8285,1050,13,4750,57,1015,12,675,8,230,3,435,5,130,2,0,0,4210,51,4075,49,1155,14,3910,47,3220,39
"A","North East","35","Northumberland","35UB","Alnwick",,,2210,335,15,1115,50,210,10,225,10,75,3,175,8,75,3,0,0,1150,52,1060,48,240,11,960,43,1010,46
"A","North East","35","Northumberland","35UC","Berwick-upon-Tweed",,,1920,165,9,1035,54,200,10,220,11,80,4,150,8,70,4,0,0,950,49,970,51,205,11,810,42,905,47
"A","North East","35","Northumberland","35UD","Blyth Valley",,,8840,1400,16,4790,54,975,11,710,8,225,3,525,6,215,2,0,0,4575,52,4265,48,1240,14,4185,47,3415,39
"A","North East","35","Northumberland","35UE","Castle Morpeth",,,3515,565,16,1925,55,265,8,315,9,110,3,240,7,95,3,0,0,1910,54,1605,46,465,13,1590,45,1460,42
"A","North East","35","Northumberland","35UF","Tynedale",,,3420,490,14,1910,56,300,9,225,7,125,4,250,7,120,4,0,0,1790,52,1630,48,425,12,1515,44,1480,43
"A","North East","35","Northumberland","35UG","Wansbeck",,,7660,1355,18,4100,54,975,13,490,6,220,3,405,5,115,2,0,0,4105,54,3555,46,1190,16,3590,47,2880,38
"B","North West",,,"00BL","Bolton",,,29360,4245,14,16035,55,3655,12,2225,8,780,3,1865,6,555,2,0,0,14820,50,14540,50,4065,14,14785,50,10510,36
"B","North West",,,"00BM","Bury",,,16755,2190,13,9430,56,1960,12,1190,7,420,3,1250,7,315,2,0,0,8495,51,8260,49,2325,14,8460,50,5960,36
"B","North West",,,"00BN","Manchester",,,66540,10370,16,35150,53,11865,18,3505,5,2260,3,2820,4,570,1,0,0,33455,50,33085,50,9985,15,37775,57,18775,28
"B","North West",,,"00BP","Oldham",,,24760,3910,16,13170,53,3420,14,1680,7,685,3,1430,6,465,2,0,0,12275,50,12485,50,3690,15,12635,51,8435,34
"B","North West",,,"00BQ","Rochdale",,,25640,3695,14,14330,56,3380,13,1770,7,640,2,1425,6,400,2,0,0,12785,50,12855,50,3720,15,13195,51,8725,34
"B","North West",,,"00BR","Salford",,,28455,3880,14,16000,56,4265,15,1580,6,740,3,1610,6,380,1,0,0,14840,52,13615,48,4200,15,14815,52,9440,33
"B","North West",,,"00BS","Stockport",,,21750,2875,13,11645,54,2750,13,1650,8,550,3,1770,8,510,2,0,0,10635,49,11115,51,2945,14,10980,50,7825,36
"B","North West",,,"00BT","Tameside",,,24610,3250,13,14100,57,3170,13,1530,6,640,3,1485,6,435,2,0,0,12470,51,12140,49,3370,14,12405,50,8835,36
"B","North West",,,"00BU","Trafford",,,16765,2135,13,9290,55,2120,13,1110,7,420,3,1320,8,370,2,0,0,8295,49,8470,51,2145,13,8560,51,6060,36
"B","North West",,,"00BW","Wigan",,,34350,4485,13,20490,60,3465,10,2520,7,780,2,2010,6,600,2,0,0,17535,51,16815,49,4230,12,16310,47,13810,40
"B","North West",,,"00BX","Knowsley",,,24820,3770,15,12670,51,4110,17,1955,8,620,2,1420,6,275,1,0,0,11890,48,12930,52,3365,14,13150,53,8305,33
"B","North West",,,"00BY","Liverpool",,,74205,14195,19,37795,51,10945,15,4735,6,2155,3,3680,5,700,1,0,0,37795,51,36410,49,10145,14,39720,54,24325,33
"B","North West",,,"00BZ","St. Helens",,,22205,3150,14,12215,55,2885,13,1675,8,620,3,1330,6,330,1,0,0,11390,51,10815,49,3070,14,10770,49,8365,38
"B","North West",,,"00CA","Sefton",,,29720,4830,16,15570,52,3605,12,2195,7,885,3,2100,7,535,2,0,0,15185,51,14535,49,3775,13,14975,50,10970,37
"B","North West",,,"00CB","Wirral",,,38035,5805,15,19335,51,5375,14,2905,8,1185,3,2775,7,655,2,0,0,19000,50,19035,50,5345,14,19160,50,13525,36
"B","North West",,,"00ET","Halton",,,16000,2225,14,8575,54,2325,15,1235,8,360,2,1020,6,260,2,0,0,7725,48,8275,52,2230,14,7915,49,5855,37
"B","North West",,,"00EU","Warrington",,,15325,2215,14,8340,54,1690,11,1215,8,380,2,1155,8,330,2,0,0,7850,51,7475,49,2005,13,7540,49,5780,38
"B","North West",,,"00EX","Blackburn with Darwen",,,17700,2255,13,9885,56,2215,13,1455,8,430,2,1230,7,230,1,0,0,9055,51,8645,49,2550,14,9135,52,6015,34
"B","North West",,,"00EY","Blackpool",,,19755,2510,13,11310,57,2435,12,1270,6,715,4,1240,6,275,1,0,0,10710,54,9045,46,2600,13,10090,51,7065,36
"B","North West","13","Cheshire","13UB","Chester",,,8730,1070,12,4810,55,1015,12,695,8,200,2,745,9,195,2,0,0,4445,51,4285,49,1045,12,4450,51,3235,37
"B","North West","13","Cheshire","13UC","Congleton",,,5060,615,12,2775,55,490,10,420,8,135,3,445,9,180,4,0,0,2470,49,2590,51,550,11,2355,47,2155,43
"B","North West","13","Cheshire","13UD","Crewe and Nantwich",,,8425,1335,16,4195,50,1195,14,705,8,245,3,555,7,195,2,0,0,4100,49,4325,51,1245,15,4105,49,3075,36
"B","North West","13","Cheshire","13UE","Ellesmere Port & Neston",,,7185,965,13,3690,51,955,13,660,9,150,2,605,8,160,2,0,0,3460,48,3725,52,990,14,3735,52,2460,34
"B","North West","13","Cheshire","13UG","Macclesfield",,,7870,880,11,4415,56,825,10,565,7,165,2,735,9,285,4,0,0,3930,50,3940,50,835,11,3990,51,3045,39
"B","North West","13","Cheshire","13UH","Vale Royal",,,9390,1390,15,4895,52,1110,12,810,9,215,2,720,8,250,3,0,0,4585,49,4805,51,1295,14,4390,47,3705,39
"B","North West","16","Cumbria","16UB","Allerdale",,,8445,990,12,4645,55,960,11,785,9,235,3,620,7,210,2,0,0,4320,51,4125,49,1015,12,3920,46,3510,42
"B","North West","16","Cumbria","16UC","Barrow-in-Furness",,,9065,1110,12,5390,59,870,10,720,8,215,2,650,7,110,1,0,0,4790,53,4275,47,1260,14,4285,47,3520,39
"B","North West","16","Cumbria","16UD","Carlisle",,,8750,1070,12,4935,56,985,11,660,8,270,3,605,7,225,3,0,0,4320,49,4430,51,1160,13,4340,50,3250,37
"B","North West","16","Cumbria","16UE","Copeland",,,7375,985,13,4095,56,835,11,650,9,205,3,475,6,130,2,0,0,3850,52,3525,48,1050,14,3360,46,2965,40
"B","North West","16","Cumbria","16UF","Eden",,,2495,175,7,1495,60,200,8,235,9,85,3,210,8,95,4,0,0,1260,51,1235,49,210,8,1130,45,1155,46
"B","North West","16","Cumbria","16UG","South Lakeland",,,5225,410,8,3040,58,455,9,500,10,150,3,485,9,185,4,0,0,2650,51,2575,49,485,9,2340,45,2400,46
"B","North West","30","Lancashire","30UD","Burnley",,,11060,1325,12,6570,59,1495,14,660,6,255,2,595,5,160,1,0,0,5535,50,5525,50,1565,14,5540,50,3955,36
"B","North West","30","Lancashire","30UE","Chorley",,,7835,950,12,4600,59,720,9,545,7,195,2,625,8,200,3,0,0,4040,52,3795,48,945,12,3665,47,3225,41
"B","North West","30","Lancashire","30UF","Fylde",,,4925,400,8,3035,62,380,8,420,9,140,3,400,8,150,3,0,0,2590,53,2335,47,450,9,2250,46,2225,45
"B","North West","30","Lancashire","30UG","Hyndburn",,,9305,945,10,5635,61,1125,12,645,7,250,3,555,6,150,2,0,0,4760,51,4545,49,1245,13,4645,50,3415,37
"B","North West","30","Lancashire","30UH","Lancaster",,,11625,1540,13,6460,56,1475,13,790,7,350,3,765,7,245,2,0,0,5940,51,5685,49,1590,14,5750,49,4285,37
"B","North West","30","Lancashire","30UJ","Pendle",,,9240,1015,11,5530,60,1040,11,775,8,225,2,490,5,165,2,0,0,4650,50,4590,50,1225,13,4545,49,3465,38
"B","North West","30","Lancashire","30UK","Preston",,,14095,2060,15,7755,55,1770,13,1070,8,355,3,855,6,230,2,0,0,7235,51,6860,49,2190,16,7195,51,4710,33
"B","North West","30","Lancashire","30UL","Ribble Valley",,,2820,235,8,1795,64,130,5,200,7,55,2,310,11,95,3,0,0,1535,54,1285,46,275,10,1240,44,1305,46
"B","North West","30","Lancashire","30UM","Rossendale",,,6365,655,10,3815,60,650,10,460,7,160,3,490,8,135,2,0,0,3255,51,3110,49,820,13,3035,48,2510,39
"B","North West","30","Lancashire","30UN","South Ribble",,,7250,815,11,4090,56,700,10,585,8,160,2,680,9,220,3,0,0,3490,48,3760,52,905,12,3360,46,2985,41
"B","North West","30","Lancashire","30UP","West Lancashire",,,10305,1670,16,5250,51,1245,12,850,8,285,3,760,7,245,2,0,0,5085,49,5220,51,1380,13,4915,48,4010,39
"B","North West","30","Lancashire","30UQ","Wyre",,,8420,790,9,4865,58,775,9,735,9,255,3,800,10,200,2,0,0,4345,52,4075,48,985,12,3675,44,3760,45
"D","Yorkshire and The Humber",,,"00CC","Barnsley",,,28245,3325,12,16725,59,3140,11,2150,8,700,2,1820,6,385,1,0,0,14715,52,13530,48,3520,12,13225,47,11500,41
"D","Yorkshire and The Humber",,,"00CE","Doncaster",,,32475,4865,15,17120,53,4015,12,2860,9,885,3,2250,7,480,1,0,0,16540,51,15935,49,4595,14,15780,49,12095,37
"D","Yorkshire and The Humber",,,"00CF","Rotherham",,,27380,3705,14,14345,52,3440,13,2675,10,745,3,1990,7,480,2,0,0,13820,50,13560,50,3790,14,13395,49,10190,37
"D","Yorkshire and The Humber",,,"00CG","Sheffield",,,50210,8265,16,25210,50,6910,14,4015,8,1730,3,3315,7,765,2,0,0,25765,51,24445,49,7535,15,26320,52,16340,33
"D","Yorkshire and The Humber",,,"00CX","Bradford",,,50845,8750,17,24250,48,7540,15,4320,8,1855,4,3250,6,880,2,0,0,24805,49,26040,51,7805,15,26750,53,16280,32
"D","Yorkshire and The Humber",,,"00CY","Calderdale",,,17810,3055,17,8880,50,2555,14,1300,7,610,3,1080,6,330,2,0,0,8755,49,9055,51,2585,15,8930,50,6295,35
"D","Yorkshire and The Humber",,,"00CZ","Kirklees",,,36400,5835,16,17900,49,5110,14,2940,8,1120,3,2795,8,700,2,0,0,17885,49,18515,51,5495,15,18515,51,12385,34
"D","Yorkshire and The Humber",,,"00DA","Leeds",,,63755,12195,19,30850,48,9495,15,4005,6,1905,3,4135,6,1170,2,0,0,31815,50,31940,50,9665,15,33450,52,20635,32
"D","Yorkshire and The Humber",,,"00DB","Wakefield",,,34310,4155,12,19405,57,4175,12,2750,8,800,2,2455,7,570,2,0,0,17575,51,16735,49,4525,13,16405,48,13375,39
"D","Yorkshire and The Humber",,,"00FA","Kingston upon Hull, City of",,,34270,8125,24,14495,42,5715,17,2380,7,1340,4,1830,5,385,1,0,0,17470,51,16800,49,5965,17,17980,52,10320,30
"D","Yorkshire and The Humber",,,"00FB","East Riding of Yorkshire",,,20950,3185,15,10370,49,2125,10,2085,10,840,4,1755,8,590,3,0,0,10755,51,10195,49,2390,11,9320,44,9235,44
"D","Yorkshire and The Humber",,,"00FC","North East Lincolnshire",,,16760,3295,20,7065,42,2980,18,1460,9,725,4,965,6,270,2,0,0,8250,49,8510,51,3150,19,8460,50,5150,31
"D","Yorkshire and The Humber",,,"00FD","North Lincolnshire",,,13720,2225,16,6495,47,1870,14,1260,9,465,3,1105,8,300,2,0,0,6575,48,7145,52,2045,15,6680,49,4995,36
"D","Yorkshire and The Humber",,,"00FF","York",,,10935,1815,17,5460,50,1495,14,745,7,285,3,795,7,340,3,0,0,5390,49,5545,51,1510,14,5645,52,3780,35
"D","Yorkshire and The Humber","36","North Yorkshire","36UB","Craven",,,2625,310,12,1450,55,230,9,220,8,65,2,235,9,115,4,0,0,1330,51,1295,49,265,10,1175,45,1185,45
"D","Yorkshire and The Humber","36","North Yorkshire","36UC","Hambleton",,,4120,565,14,2070,50,405,10,380,9,125,3,400,10,175,4,0,0,1980,48,2140,52,490,12,1850,45,1780,43
"D","Yorkshire and The Humber","36","North Yorkshire","36UD","Harrogate",,,7040,1020,14,3725,53,750,11,540,8,160,2,590,8,255,4,0,0,3535,50,3505,50,775,11,3570,51,2695,38
"D","Yorkshire and The Humber","36","North Yorkshire","36UE","Richmondshire",,,2250,305,14,1110,49,250,11,215,10,55,2,215,10,100,4,0,0,1015,45,1235,55,230,10,1115,50,905,40
"D","Yorkshire and The Humber","36","North Yorkshire","36UF","Ryedale",,,2460,285,12,1240,50,260,11,265,11,100,4,215,9,95,4,0,0,1205,49,1255,51,265,11,1080,44,1115,45
"D","Yorkshire and The Humber","36","North Yorkshire","36UG","Scarborough",,,10085,1535,15,5090,50,1225,12,825,8,475,5,730,7,205,2,0,0,5240,52,4845,48,1310,13,4790,47,3985,40
"D","Yorkshire and The Humber","36","North Yorkshire","36UH","Selby",,,4555,705,15,2245,49,540,12,380,8,130,3,400,9,155,3,0,0,2255,50,2300,50,545,12,2130,47,1880,41
"E","East Midlands",,,"00FK","Derby",,,23280,4010,17,11190,48,3585,15,1730,7,670,3,1705,7,390,2,0,0,11340,49,11940,51,3520,15,12480,54,7280,31
"E","East Midlands",,,"00FN","Leicester",,,36130,7785,22,15715,43,6245,17,2670,7,1300,4,1910,5,505,1,0,0,17205,48,18925,52,5770,16,19215,53,11140,31
"E","East Midlands",,,"00FP","Rutland",,,1240,125,10,610,49,120,10,115,9,45,4,160,13,65,5,0,0,575,46,665,54,130,10,595,48,515,42
"E","East Midlands",,,"00FY","Nottingham",,,37065,7220,19,17490,47,6670,18,2340,6,1050,3,1940,5,355,1,0,0,18670,50,18395,50,6265,17,20645,56,10150,27
"E","East Midlands","17","Derbyshire","17UB","Amber Valley",,,9335,1190,13,4990,53,1145,12,805,9,240,3,750,8,215,2,0,0,4680,50,4655,50,1095,12,4380,47,3860,41
"E","East Midlands","17","Derbyshire","17UC","Bolsover",,,8815,1025,12,4950,56,875,10,920,10,195,2,735,8,115,1,0,0,4680,53,4135,47,1035,12,4160,47,3620,41
"E","East Midlands","17","Derbyshire","17UD","Chesterfield",,,11015,1555,14,6005,55,1150,10,960,9,310,3,860,8,175,2,0,0,5810,53,5205,47,1300,12,5485,50,4230,38
"E","East Midlands","17","Derbyshire","17UF","Derbyshire Dales",,,3445,385,11,1805,52,285,8,350,10,115,3,365,11,140,4,0,0,1760,51,1685,49,340,10,1590,46,1515,44
"E","East Midlands","17","Derbyshire","17UG","Erewash",,,8605,1405,16,4245,49,1165,14,675,8,245,3,675,8,195,2,0,0,4245,49,4360,51,1230,14,4205,49,3170,37
"E","East Midlands","17","Derbyshire","17UH","High Peak",,,6325,870,14,3375,53,785,12,480,8,150,2,495,8,170,3,0,0,3130,49,3195,51,770,12,3155,50,2400,38
"E","East Midlands","17","Derbyshire","17UJ","North East Derbyshire",,,7960,980,12,4345,55,765,10,820,10,225,3,660,8,165,2,0,0,4200,53,3760,47,845,11,3700,46,3415,43
"E","East Midlands","17","Derbyshire","17UK","South Derbyshire",,,5870,595,10,3205,55,650,11,540,9,185,3,535,9,160,3,0,0,2730,47,3140,53,685,12,2750,47,2435,41
"E","East Midlands","31","Leicestershire","31UB","Blaby",,,4405,590,13,2150,49,465,11,420,10,115,3,480,11,185,4,0,0,2060,47,2345,53,560,13,1995,45,1850,42
"E","East Midlands","31","Leicestershire","31UC","Charnwood",,,8965,1415,16,4270,48,1070,12,760,8,340,4,820,9,290,3,0,0,4230,47,4735,53,1360,15,4355,49,3250,36
"E","East Midlands","31","Leicestershire","31UD","Harborough",,,3155,370,12,1570,50,345,11,265,8,85,3,370,12,150,5,0,0,1490,47,1665,53,370,12,1500,48,1285,41
"E","East Midlands","31","Leicestershire","31UE","Hinckley and Bosworth",,,5810,860,15,2785,48,625,11,630,11,165,3,575,10,170,3,0,0,2735,47,3075,53,810,14,2760,48,2240,39
"E","East Midlands","31","Leicestershire","31UG","Melton",,,2255,310,14,980,43,280,12,265,12,85,4,230,10,105,5,0,0,1055,47,1200,53,315,14,1055,47,885,39
"E","East Midlands","31","Leicestershire","31UH","North West Leicestershire",,,5990,745,12,3105,52,690,12,630,11,165,3,495,8,160,3,0,0,2875,48,3115,52,750,13,2870,48,2370,40
"E","East Midlands","31","Leicestershire","31UJ","Oadby and Wigston",,,3090,530,17,1450,47,350,11,275,9,95,3,285,9,105,3,0,0,1415,46,1675,54,445,14,1470,48,1175,38
"E","East Midlands","32","Lincolnshire","32UB","Boston",,,5200,785,15,2695,52,620,12,410,8,175,3,400,8,115,2,0,0,2590,50,2610,50,690,13,2460,47,2045,39
"E","East Midlands","32","Lincolnshire","32UC","East Lindsey",,,13470,1490,11,7620,57,1125,8,1430,11,515,4,1060,8,230,2,0,0,7210,54,6260,46,1440,11,5765,43,6265,47
"E","East Midlands","32","Lincolnshire","32UD","Lincoln",,,9235,1655,18,4490,49,1320,14,710,8,310,3,610,7,140,2,0,0,4735,51,4500,49,1580,17,4920,53,2735,30
"E","East Midlands","32","Lincolnshire","32UE","North Kesteven",,,5705,730,13,2870,50,475,8,635,11,190,3,625,11,180,3,0,0,2775,49,2930,51,730,13,2580,45,2395,42
"E","East Midlands","32","Lincolnshire","32UF","South Holland",,,5470,855,16,2810,51,590,11,495,9,170,3,415,8,135,2,0,0,2610,48,2860,52,635,12,2530,46,2305,42
"E","East Midlands","32","Lincolnshire","32UG","South Kesteven",,,7290,1080,15,3640,50,880,12,610,8,235,3,615,8,230,3,0,0,3460,47,3830,53,990,14,3500,48,2800,38
"E","East Midlands","32","Lincolnshire","32UH","West Lindsey",,,6420,1065,17,3250,51,675,11,545,8,195,3,510,8,180,3,0,0,3215,50,3205,50,885,14,3055,48,2480,39
"E","East Midlands","34","Northamptonshire","34UB","Corby",,,5425,825,15,2785,51,800,15,345,6,170,3,395,7,105,2,0,0,2600,48,2825,52,845,16,2810,52,1770,33
"E","East Midlands","34","Northamptonshire","34UC","Daventry",,,3855,605,16,1765,46,535,14,315,8,110,3,390,10,135,4,0,0,1765,46,2090,54,555,14,1930,50,1370,36
"E","East Midlands","34","Northamptonshire","34UD","East Northamptonshire",,,4770,810,17,2170,45,690,14,400,8,125,3,415,9,160,3,0,0,2175,46,2595,54,685,14,2400,50,1685,35
"E","East Midlands","34","Northamptonshire","34UE","Kettering",,,6185,1025,17,3055,49,800,13,475,8,175,3,505,8,150,2,0,0,2900,47,3285,53,920,15,3185,51,2080,34
"E","East Midlands","34","Northamptonshire","34UF","Northampton",,,16625,3210,19,7475,45,2875,17,1115,7,515,3,1110,7,325,2,0,0,8010,48,8615,52,2675,16,9020,54,4930,30
"E","East Midlands","34","Northamptonshire","34UG","South Northamptonshire",,,3095,410,13,1510,49,275,9,280,9,90,3,365,12,165,5,0,0,1425,46,1670,54,345,11,1440,47,1310,42
"E","East Midlands","34","Northamptonshire","34UH","Wellingborough",,,5820,1085,19,2605,45,985,17,400,7,165,3,430,7,150,3,0,0,2690,46,3130,54,915,16,2990,51,1915,33
"E","East Midlands","37","Nottinghamshire","37UB","Ashfield",,,11900,1460,12,6540,55,1550,13,1045,9,310,3,795,7,200,2,0,0,6015,51,5885,49,1520,13,5930,50,4450,37
"E","East Midlands","37","Nottinghamshire","37UC","Bassetlaw",,,10625,1100,10,6255,59,1145,11,875,8,265,2,780,7,205,2,0,0,5385,51,5240,49,1255,12,5125,48,4245,40
"E","East Midlands","37","Nottinghamshire","37UD","Broxtowe",,,7385,1030,14,3965,54,820,11,630,9,160,2,615,8,165,2,0,0,3720,50,3665,50,900,12,3395,46,3090,42
"E","East Midlands","37","Nottinghamshire","37UE","Gedling",,,8000,1100,14,4175,52,960,12,665,8,190,2,710,9,200,3,0,0,3965,50,4035,50,960,12,3900,49,3140,39
"E","East Midlands","37","Nottinghamshire","37UF","Mansfield",,,11950,1270,11,6945,58,1365,11,1065,9,295,2,835,7,175,1,0,0,6200,52,5750,48,1635,14,5875,49,4440,37
"E","East Midlands","37","Nottinghamshire","37UG","Newark and Sherwood",,,8950,1015,11,4905,55,1095,12,855,10,200,2,695,8,185,2,0,0,4410,49,4540,51,1090,12,4325,48,3535,39
"E","East Midlands","37","Nottinghamshire","37UJ","Rushcliffe",,,4855,625,13,2515,52,475,10,410,8,125,3,505,10,200,4,0,0,2440,50,2415,50,535,11,2300,47,2020,42
"F","West Midlands",,,"00CN","Birmingham",,,131365,33350,25,53235,41,22225,17,9315,7,4550,3,6980,5,1710,1,0,0,66435,51,64930,49,21640,16,73105,56,36620,28
"F","West Midlands",,,"00CQ","Coventry",,,32715,7030,21,14605,45,5475,17,2075,6,985,3,2010,6,535,2,0,0,16330,50,16385,50,5230,16,17395,53,10090,31
"F","West Midlands",,,"00CR","Dudley",,,28820,5590,19,13085,45,3840,13,2535,9,1080,4,2070,7,620,2,0,0,14875,52,13945,48,4125,14,14120,49,10570,37
"F","West Midlands",,,"00CS","Sandwell",,,36785,7590,21,16255,44,5705,16,2930,8,1400,4,2265,6,640,2,0,0,18385,50,18400,50,5650,15,18730,51,12400,34
"F","West Midlands",,,"00CT","Solihull",,,14655,2485,17,6840,47,2250,15,1120,8,435,3,1120,8,405,3,0,0,6970,48,7685,52,2295,16,7295,50,5065,35
"F","West Midlands",,,"00CU","Walsall",,,28780,5590,19,13100,46,4375,15,2495,9,945,3,1775,6,500,2,0,0,14285,50,14495,50,4700,16,14350,50,9725,34
"F","West Midlands",,,"00CW","Wolverhampton",,,30480,7020,23,13205,43,5015,16,2230,7,985,3,1540,5,485,2,0,0,15170,50,15310,50,4930,16,15940,52,9610,32
"F","West Midlands",,,"00GA","Herefordshire, County of",,,11295,1415,13,5765,51,1315,12,1020,9,445,4,1000,9,335,3,0,0,5525,49,5770,51,1420,13,5570,49,4305,38
"F","West Midlands",,,"00GF","Telford and Wrekin",,,15990,2130,13,7715,48,2615,16,1415,9,495,3,1280,8,340,2,0,0,7290,46,8700,54,2510,16,8100,51,5380,34
"F","West Midlands",,,"00GL","Stoke-on-Trent",,,32220,4380,14,18800,58,3995,12,2035,6,850,3,1690,5,470,1,0,0,16390,51,15830,49,4530,14,16240,50,11435,35
"F","West Midlands","39","Shropshire","39UB","Bridgnorth",,,2880,365,13,1495,52,250,9,305,11,120,4,255,9,90,3,0,0,1465,51,1415,49,315,11,1250,43,1315,46
"F","West Midlands","39","Shropshire","39UC","North Shropshire",,,3835,515,13,2010,52,385,10,355,9,125,3,315,8,130,3,0,0,1935,50,1900,50,490,13,1810,47,1535,40
"F","West Midlands","39","Shropshire","39UD","Oswestry",,,2865,435,15,1520,53,290,10,215,8,90,3,250,9,65,2,0,0,1430,50,1435,50,400,14,1360,47,1105,39
"F","West Midlands","39","Shropshire","39UE","Shrewsbury and Atcham",,,6405,785,12,3410,53,725,11,530,8,165,3,600,9,190,3,0,0,3275,51,3130,49,870,14,3150,49,2385,37
"F","West Midlands","39","Shropshire","39UF","South Shropshire",,,2450,290,12,1295,53,250,10,220,9,115,5,200,8,80,3,0,0,1230,50,1220,50,265,11,1085,44,1100,45
"F","West Midlands","41","Staffordshire","41UB","Cannock Chase",,,8510,1080,13,4480,53,965,11,860,10,235,3,700,8,190,2,0,0,4185,49,4325,51,1110,13,4045,48,3355,39
"F","West Midlands","41","Staffordshire","41UC","East Staffordshire",,,7580,920,12,3870,51,1020,13,655,9,280,4,625,8,210,3,0,0,3635,48,3945,52,1115,15,3855,51,2610,34
"F","West Midlands","41","Staffordshire","41UD","Lichfield",,,5830,645,11,2980,51,655,11,610,10,190,3,575,10,175,3,0,0,2895,50,2935,50,735,13,2720,47,2375,41
"F","West Midlands","41","Staffordshire","41UE","Newcastle-under-Lyme",,,10595,1275,12,6325,60,1065,10,790,7,235,2,695,7,210,2,0,0,5335,50,5260,50,1265,12,5015,47,4315,41
"F","West Midlands","41","Staffordshire","41UF","South Staffordshire",,,6030,875,15,2900,48,640,11,590,10,190,3,590,10,245,4,0,0,2955,49,3075,51,755,13,2725,45,2550,42
"F","West Midlands","41","Staffordshire","41UG","Stafford",,,7550,950,13,4165,55,725,10,615,8,195,3,710,9,190,3,0,0,3710,49,3840,51,990,13,3570,47,2990,40
"F","West Midlands","41","Staffordshire","41UH","Staffordshire Moorlands",,,6695,535,8,4250,63,510,8,555,8,190,3,475,7,180,3,0,0,3385,51,3310,49,615,9,2935,44,3140,47
"F","West Midlands","41","Staffordshire","41UK","Tamworth",,,6375,885,14,2980,47,935,15,575,9,210,3,630,10,160,3,0,0,2955,46,3420,54,935,15,3070,48,2370,37
"F","West Midlands","44","Warwickshire","44UB","North Warwickshire",,,4295,560,13,2115,49,465,11,470,11,135,3,430,10,120,3,0,0,2125,49,2170,51,495,12,1960,46,1840,43
"F","West Midlands","44","Warwickshire","44UC","Nuneaton and Bedworth",,,11240,1920,17,5385,48,1500,13,965,9,290,3,920,8,260,2,0,0,5535,49,5705,51,1580,14,5495,49,4165,37
"F","West Midlands","44","Warwickshire","44UD","Rugby",,,5750,995,17,2635,46,805,14,435,8,190,3,490,9,200,3,0,0,2775,48,2975,52,820,14,2905,51,2025,35
"F","West Midlands","44","Warwickshire","44UE","Stratford-on-Avon",,,5410,780,14,2600,48,600,11,480,9,175,3,575,11,200,4,0,0,2610,48,2800,52,590,11,2645,49,2175,40
"F","West Midlands","44","Warwickshire","44UF","Warwick",,,7160,1275,18,3415,48,965,13,480,7,205,3,600,8,220,3,0,0,3555,50,3605,50,930,13,3795,53,2435,34
"F","West Midlands","47","Worcestershire","47UB","Bromsgrove",,,4580,635,14,2250,49,440,10,455,10,160,3,490,11,150,3,0,0,2255,49,2325,51,610,13,2115,46,1855,41
"F","West Midlands","47","Worcestershire","47UC","Malvern Hills",,,4330,505,12,2250,52,500,12,375,9,165,4,395,9,140,3,0,0,2100,48,2230,52,570,13,2070,48,1690,39
"F","West Midlands","47","Worcestershire","47UD","Redditch",,,6740,1065,16,3130,46,970,14,615,9,215,3,615,9,130,2,0,0,3190,47,3550,53,1005,15,3355,50,2380,35
"F","West Midlands","47","Worcestershire","47UE","Worcester",,,7410,1330,18,3375,46,1100,15,580,8,290,4,565,8,170,2,0,0,3595,49,3815,51,1125,15,3875,52,2410,33
"F","West Midlands","47","Worcestershire","47UF","Wychavon",,,6445,955,15,3085,48,760,12,620,10,240,4,575,9,210,3,0,0,3070,48,3375,52,775,12,3180,49,2490,39
"F","West Midlands","47","Worcestershire","47UG","Wyre Forest",,,7935,1075,14,4160,52,985,12,625,8,325,4,585,7,180,2,0,0,3970,50,3965,50,1100,14,3740,47,3090,39
"G","East of England",,,"00JA","Peterborough",,,15810,2920,18,7145,45,2790,18,1150,7,535,3,985,6,285,2,0,0,7430,47,8380,53,2690,17,8590,54,4530,29
"G","East of England",,,"00KA","Luton",,,17200,3300,19,7585,44,3210,19,1265,7,580,3,910,5,350,2,0,0,8140,47,9060,53,2520,15,9690,56,4985,29
"G","East of England",,,"00KF","Southend-on-Sea",,,15000,2470,16,7345,49,2555,17,975,7,610,4,805,5,240,2,0,0,7370,49,7630,51,1940,13,8310,55,4735,32
"G","East of England",,,"00KG","Thurrock",,,12080,1960,16,5280,44,2415,20,965,8,380,3,835,7,245,2,0,0,5375,44,6705,56,1880,16,6485,54,3715,31
"G","East of England","09","Bedfordshire","09UC","Mid Bedfordshire",,,5475,715,13,2580,47,750,14,510,9,160,3,535,10,225,4,0,0,2400,44,3075,56,650,12,2800,51,2025,37
"G","East of England","09","Bedfordshire","09UD","Bedford",,,11330,2065,18,5260,46,1860,16,770,7,360,3,730,6,285,3,0,0,5380,47,5950,53,1640,14,6220,55,3470,31
"G","East of England","09","Bedfordshire","09UE","South Bedfordshire",,,7180,965,13,3225,45,1410,20,525,7,225,3,610,8,220,3,0,0,3190,44,3990,56,1065,15,3875,54,2240,31
"G","East of England","12","Cambridgeshire","12UB","Cambridge",,,6700,1215,18,3345,50,1035,15,295,4,215,3,475,7,120,2,0,0,3410,51,3290,49,965,14,3890,58,1845,28
"G","East of England","12","Cambridgeshire","12UC","East Cambridgeshire",,,3660,470,13,1770,48,505,14,355,10,120,3,325,9,115,3,0,0,1655,45,2005,55,455,12,1785,49,1420,39
"G","East of England","12","Cambridgeshire","12UD","Fenland",,,7695,1035,13,3915,51,1050,14,710,9,295,4,540,7,150,2,0,0,3550,46,4145,54,1095,14,3745,49,2855,37
"G","East of England","12","Cambridgeshire","12UE","Huntingdonshire",,,8180,1085,13,3790,46,1085,13,815,10,290,4,805,10,310,4,0,0,3665,45,4515,55,1180,14,4135,51,2865,35
"G","East of England","12","Cambridgeshire","12UG","South Cambridgeshire",,,5280,640,12,2540,48,630,12,445,8,140,3,670,13,215,4,0,0,2385,45,2895,55,690,13,2735,52,1855,35
"G","East of England","22","Essex","22UB","Basildon",,,14385,1855,13,6720,47,2940,20,1090,8,470,3,990,7,320,2,0,0,6320,44,8065,56,2115,15,7935,55,4335,30
"G","East of England","22","Essex","22UC","Braintree",,,8460,1280,15,4110,49,1245,15,670,8,255,3,665,8,235,3,0,0,3875,46,4585,54,1135,13,4370,52,2955,35
"G","East of England","22","Essex","22UD","Brentwood",,,3375,340,10,1760,52,500,15,285,8,110,3,250,7,130,4,0,0,1555,46,1820,54,380,11,1720,51,1275,38
"G","East of England","22","Essex","22UE","Castle Point",,,5680,625,11,2790,49,855,15,570,10,240,4,440,8,160,3,0,0,2615,46,3065,54,735,13,2690,47,2255,40
"G","East of England","22","Essex","22UF","Chelmsford",,,8460,1310,15,3850,46,1330,16,660,8,225,3,810,10,275,3,0,0,3820,45,4640,55,1155,14,4515,53,2790,33
"G","East of England","22","Essex","22UG","Colchester",,,11400,1645,14,5640,49,1800,16,830,7,360,3,870,8,255,2,0,0,5310,47,6090,53,1740,15,6080,53,3580,31
"G","East of England","22","Essex","22UH","Epping Forest",,,7190,1055,15,3335,46,1245,17,510,7,275,4,550,8,220,3,0,0,3220,45,3970,55,810,11,3855,54,2525,35
"G","East of England","22","Essex","22UJ","Harlow",,,7095,1410,20,3075,43,1315,19,460,6,260,4,435,6,140,2,0,0,3165,45,3930,55,1165,16,3880,55,2050,29
"G","East of England","22","Essex","22UK","Maldon",,,3415,485,14,1635,48,415,12,345,10,110,3,310,9,115,3,0,0,1640,48,1775,52,395,12,1690,49,1330,39
"G","East of England","22","Essex","22UL","Rochford",,,3945,415,11,1975,50,510,13,370,9,135,3,390,10,150,4,0,0,1810,46,2135,54,455,12,1900,48,1590,40
"G","East of England","22","Essex","22UN","Tendring",,,12930,1915,15,6700,52,1740,13,1050,8,545,4,725,6,255,2,0,0,6625,51,6305,49,1615,12,6145,48,5170,40
"G","East of England","22","Essex","22UQ","Uttlesford",,,2690,310,12,1305,49,340,13,250,9,105,4,280,10,100,4,0,0,1240,46,1450,54,280,10,1330,49,1080,40
"G","East of England","26","Hertfordshire","26UB","Broxbourne",,,6065,800,13,2640,44,1330,22,495,8,195,3,440,7,165,3,0,0,2440,40,3625,60,855,14,3325,55,1885,31
"G","East of England","26","Hertfordshire","26UC","Dacorum",,,7735,1225,16,3525,46,1265,16,590,8,220,3,655,8,255,3,0,0,3515,45,4220,55,1065,14,4115,53,2555,33
"G","East of England","26","Hertfordshire","26UD","East Hertfordshire",,,5305,670,13,2565,48,730,14,470,9,130,2,500,9,240,5,0,0,2295,43,3010,57,690,13,2865,54,1750,33
"G","East of England","26","Hertfordshire","26UE","Hertsmere",,,5500,740,13,2585,47,1030,19,395,7,190,3,410,7,150,3,0,0,2465,45,3035,55,740,13,2965,54,1795,33
"G","East of England","26","Hertfordshire","26UF","North Hertfordshire",,,6280,935,15,2825,45,1035,16,540,9,205,3,535,9,205,3,0,0,2825,45,3455,55,880,14,3280,52,2120,34
"G","East of England","26","Hertfordshire","26UG","St Albans",,,5780,660,11,2900,50,840,15,495,9,170,3,480,8,235,4,0,0,2620,45,3160,55,680,12,3140,54,1960,34
"G","East of England","26","Hertfordshire","26UH","Stevenage",,,6130,960,16,2650,43,1230,20,495,8,145,2,530,9,120,2,0,0,2755,45,3375,55,1015,17,3515,57,1600,26
"G","East of England","26","Hertfordshire","26UJ","Three Rivers",,,4115,485,12,1920,47,715,17,340,8,115,3,395,10,145,4,0,0,1850,45,2265,55,520,13,2230,54,1365,33
"G","East of England","26","Hertfordshire","26UK","Watford",,,5290,810,15,2485,47,885,17,375,7,215,4,400,8,120,2,0,0,2510,47,2780,53,655,12,2990,57,1645,31
"G","East of England","26","Hertfordshire","26UL","Welwyn Hatfield",,,6190,905,15,2965,48,1055,17,470,8,180,3,435,7,180,3,0,0,2830,46,3360,54,985,16,3395,55,1810,29
"G","East of England","33","Norfolk","33UB","Breckland",,,8280,1160,14,4180,50,965,12,830,10,300,4,660,8,185,2,0,0,3980,48,4300,52,1035,13,4090,49,3155,38
"G","East of England","33","Norfolk","33UC","Broadland",,,6345,660,10,3505,55,640,10,605,10,165,3,575,9,195,3,0,0,3090,49,3255,51,645,10,3145,50,2555,40
"G","East of England","33","Norfolk","33UD","Great Yarmouth",,,10560,1935,18,5130,49,1275,12,945,9,480,5,635,6,160,2,0,0,5495,52,5065,48,1555,15,5180,49,3825,36
"G","East of England","33","Norfolk","33UE","King's Lynn and West Norfolk",,,11335,1435,13,6030,53,1330,12,1140,10,385,3,800,7,215,2,0,0,5580,49,5755,51,1415,12,5475,48,4445,39
"G","East of England","33","Norfolk","33UF","North Norfolk",,,6955,905,13,3825,55,700,10,605,9,270,4,460,7,190,3,0,0,3655,53,3300,47,840,12,3185,46,2930,42
"G","East of England","33","Norfolk","33UG","Norwich",,,13520,2410,18,6830,51,2115,16,835,6,450,3,740,5,140,1,0,0,6970,52,6550,48,2105,16,7575,56,3840,28
"G","East of England","33","Norfolk","33UH","South Norfolk",,,6115,775,13,3185,52,650,11,580,9,220,4,505,8,200,3,0,0,2955,48,3160,52,705,12,2970,49,2440,40
"G","East of England","42","Suffolk","42UB","Babergh",,,4440,625,14,2100,47,550,12,440,10,145,3,430,10,150,3,0,0,2100,47,2340,53,600,14,2165,49,1675,38
"G","East of England","42","Suffolk","42UC","Forest Heath",,,2805,385,14,1335,48,400,14,235,8,105,4,255,9,90,3,0,0,1285,46,1520,54,340,12,1395,50,1070,38
"G","East of England","42","Suffolk","42UD","Ipswich",,,11425,2295,20,4960,43,1795,16,925,8,445,4,820,7,185,2,0,0,5520,48,5905,52,1930,17,6135,54,3355,29
"G","East of England","42","Suffolk","42UE","Mid Suffolk",,,4260,520,12,1965,46,475,11,490,12,175,4,465,11,170,4,0,0,1945,46,2315,54,545,13,2000,47,1710,40
"G","East of England","42","Suffolk","42UF","St Edmundsbury",,,5750,915,16,2750,48,715,12,500,9,210,4,495,9,165,3,0,0,2700,47,3050,53,810,14,2965,52,1975,34
"G","East of England","42","Suffolk","42UG","Suffolk Coastal",,,6045,630,10,2985,49,730,12,690,11,235,4,585,10,190,3,0,0,2860,47,3185,53,725,12,2860,47,2460,41
"G","East of England","42","Suffolk","42UH","Waveney",,,10600,1905,18,4840,46,1345,13,1075,10,440,4,820,8,175,2,0,0,5265,50,5335,50,1505,14,5175,49,3920,37
"H","London",,,"00AA","City of London",,,410,100,24,195,48,30,7,25,6,25,6,25,6,10,2,0,0,245,60,165,40,55,13,210,51,145,35
"H","London",,,"00AB","Barking and Dagenham",,,21105,3630,17,8330,39,5785,27,1260,6,740,4,1130,5,230,1,0,0,8765,42,12340,58,3420,16,12305,58,5380,25
"H","London",,,"00AC","Barnet",,,23940,3900,16,10285,43,5235,22,1460,6,1120,5,1420,6,520,2,0,0,10455,44,13485,56,2920,12,14060,59,6955,29
"H","London",,,"00AD","Bexley",,,15525,2270,15,6605,43,3380,22,1155,7,555,4,1175,8,385,2,0,0,6580,42,8945,58,2245,14,8250,53,5025,32
"H","London",,,"00AE","Brent",,,29025,6095,21,12435,43,6080,21,1390,5,1420,5,1180,4,425,1,0,0,13730,47,15295,53,3445,12,17540,60,8040,28
"H","London",,,"00AF","Bromley",,,19045,2895,15,8395,44,4040,21,1255,7,620,3,1310,7,530,3,0,0,8540,45,10505,55,2735,14,10540,55,5770,30
"H","London",,,"00AG","Camden",,,22605,3945,17,11345,50,4190,19,1025,5,1060,5,865,4,175,1,0,0,11050,49,11555,51,2285,10,13920,62,6380,28
"H","London",,,"00AH","Croydon",,,29270,5015,17,12020,41,7370,25,1445,5,1170,4,1660,6,590,2,0,0,12615,43,16655,57,4555,16,17070,58,7635,26
"H","London",,,"00AJ","Ealing",,,28225,5215,18,12755,45,5865,21,1490,5,1075,4,1335,5,490,2,0,0,13010,46,15215,54,3370,12,16440,58,8400,30
"H","London",,,"00AK","Enfield",,,29290,5295,18,12015,41,7430,25,1425,5,1320,5,1350,5,455,2,0,0,12480,43,16810,57,4240,14,17440,60,7600,26
"H","London",,,"00AL","Greenwich",,,26495,4520,17,11155,42,6605,25,1485,6,1150,4,1280,5,300,1,0,0,11545,44,14950,56,4160,16,15465,58,6870,26
"H","London",,,"00AM","Hackney",,,31475,6880,22,13090,42,7430,24,1350,4,1530,5,995,3,200,1,0,0,14600,46,16875,54,4165,13,19430,62,7875,25
"H","London",,,"00AN","Hammersmith and Fulham",,,17405,3325,19,8085,46,3775,22,685,4,710,4,665,4,160,1,0,0,8205,47,9200,53,1995,11,10595,61,4805,28
"H","London",,,"00AP","Haringey",,,29310,6430,22,12080,41,7005,24,1125,4,1395,5,995,3,280,1,0,0,13425,46,15885,54,4055,14,18160,62,7075,24
"H","London",,,"00AQ","Harrow",,,15375,2425,16,6740,44,2975,19,1095,7,660,4,1050,7,430,3,0,0,6645,43,8730,57,1940,13,8700,57,4725,31
"H","London",,,"00AR","Havering",,,16280,2275,14,7325,45,3135,19,1330,8,525,3,1270,8,420,3,0,0,7095,44,9185,56,2190,13,8575,53,5515,34
"H","London",,,"00AS","Hillingdon",,,19235,2925,15,8130,42,4530,24,1175,6,840,4,1140,6,495,3,0,0,8030,42,11205,58,2895,15,10850,56,5490,29
"H","London",,,"00AT","Hounslow",,,19380,2900,15,8630,45,4390,23,1100,6,790,4,1135,6,435,2,0,0,8275,43,11105,57,2600,13,10990,57,5785,30
"H","London",,,"00AU","Islington",,,26255,4965,19,12205,46,5875,22,1015,4,1140,4,885,3,170,1,0,0,12095,46,14160,54,3230,12,16305,62,6700,26
"H","London",,,"00AW","Kensington and Chelsea",,,12160,2170,18,6205,51,2155,18,455,4,600,5,440,4,135,1,0,0,6020,50,6140,50,1055,9,7320,60,3770,31
"H","London",,,"00AX","Kingston upon Thames",,,7700,1160,15,3560,46,1500,19,465,6,280,4,515,7,220,3,0,0,3500,45,4200,55,985,13,4310,56,2405,31
"H","London",,,"00AY","Lambeth",,,33210,7540,23,13795,42,7995,24,1020,3,1435,4,1165,4,260,1,0,0,15680,47,17530,53,4740,14,20450,62,8015,24
"H","London",,,"00AZ","Lewisham",,,29540,5725,19,12175,41,7590,26,1225,4,1245,4,1275,4,305,1,0,0,13385,45,16155,55,4420,15,18015,61,7100,24
"H","London",,,"00BA","Merton",,,11915,2230,19,4965,42,2510,21,715,6,465,4,765,6,265,2,0,0,5360,45,6555,55,1695,14,6640,56,3580,30
"H","London",,,"00BB","Newham",,,33530,6945,21,13095,39,7855,23,2135,6,1530,5,1605,5,365,1,0,0,15080,45,18450,55,4690,14,20300,61,8525,25
"H","London",,,"00BC","Redbridge",,,21240,3705,17,8870,42,4550,21,1540,7,865,4,1290,6,420,2,0,0,9240,44,12000,56,2855,13,12015,57,6370,30
"H","London",,,"00BD","Richmond upon Thames",,,8100,1140,14,3880,48,1425,18,460,6,350,4,580,7,265,3,0,0,3740,46,4360,54,915,11,4390,54,2795,35
"H","London",,,"00BE","Southwark",,,31970,6760,21,13620,43,7480,23,1280,4,1315,4,1235,4,280,1,0,0,14980,47,16990,53,4515,14,19455,61,8000,25
"H","London",,,"00BF","Sutton",,,11620,1660,14,5125,44,2410,21,830,7,380,3,880,8,335,3,0,0,4990,43,6630,57,1695,15,6520,56,3405,29
"H","London",,,"00BG","Tower Hamlets",,,29885,7825,26,11485,38,5715,19,2025,7,1570,5,955,3,310,1,0,0,14920,50,14965,50,4515,15,18085,61,7275,24
"H","London",,,"00BH","Waltham Forest",,,25130,5560,22,9850,39,5895,23,1295,5,1075,4,1180,5,275,1,0,0,11390,45,13740,55,3560,14,14955,60,6615,26
"H","London",,,"00BJ","Wandsworth",,,20950,3900,19,9445,45,4510,22,960,5,825,4,995,5,315,2,0,0,9860,47,11090,53,2545,12,12570,60,5820,28
"H","London",,,"00BK","Westminster",,,19875,3315,17,10465,53,3225,16,1035,5,895,5,790,4,150,1,0,0,10070,51,9805,49,1925,10,12360,62,5575,28
"J","South East",,,"00LC","Medway",,,20905,3485,17,8945,43,3855,18,1810,9,750,4,1560,7,500,2,0,0,9465,45,11440,55,3380,16,11165,53,6355,30
"J","South East",,,"00MA","Bracknell Forest",,,5125,605,12,2410,47,900,18,405,8,170,3,435,8,200,4,0,0,2370,46,2755,54,725,14,2805,55,1595,31
"J","South East",,,"00MB","West Berkshire",,,6460,750,12,3060,47,1030,16,530,8,230,4,575,9,285,4,0,0,2920,45,3540,55,855,13,3450,53,2155,33
"J","South East",,,"00MC","Reading",,,10120,1835,18,4395,43,2115,21,605,6,390,4,575,6,205,2,0,0,4725,47,5395,53,1710,17,5735,57,2675,26
"J","South East",,,"00MD","Slough",,,10005,1665,17,4525,45,2105,21,625,6,340,3,500,5,245,2,0,0,4500,45,5505,55,1355,14,5590,56,3060,31
"J","South East",,,"00ME","Windsor and Maidenhead",,,5415,785,14,2480,46,815,15,385,7,235,4,455,8,260,5,0,0,2520,47,2895,53,630,12,2830,52,1955,36
"J","South East",,,"00MF","Wokingham",,,4910,640,13,2245,46,645,13,435,9,125,3,555,11,265,5,0,0,2230,45,2680,55,715,15,2520,51,1670,34
"J","South East",,,"00MG","Milton Keynes",,,16970,2910,17,7505,44,3265,19,1035,6,590,3,1275,8,390,2,0,0,7600,45,9370,55,2520,15,9250,55,5195,31
"J","South East",,,"00ML","Brighton and Hove",,,24255,4265,18,12640,52,3540,15,1265,5,730,3,1470,6,345,1,0,0,12585,52,11670,48,3050,13,14170,58,7030,29
"J","South East",,,"00MR","Portsmouth",,,16700,2780,17,7600,46,3260,20,1035,6,760,5,965,6,300,2,0,0,8005,48,8695,52,2600,16,9155,55,4945,30
"J","South East",,,"00MS","Southampton",,,20005,2990,15,9550,48,3790,19,1290,6,720,4,1365,7,300,1,0,0,9720,49,10285,51,3120,16,10885,54,6000,30
"J","South East",,,"00MW","Isle of Wight",,,11675,1495,13,6060,52,1630,14,920,8,455,4,860,7,255,2,0,0,6020,52,5655,48,1555,13,5615,48,4505,39
"J","South East","11","Buckinghamshire","11UB","Aylesbury Vale",,,7610,970,13,3590,47,1110,15,670,9,225,3,765,10,280,4,0,0,3415,45,4195,55,990,13,4020,53,2595,34
"J","South East","11","Buckinghamshire","11UC","Chiltern",,,3355,435,13,1625,48,440,13,275,8,105,3,315,9,160,5,0,0,1605,48,1750,52,400,12,1765,53,1190,35
"J","South East","11","Buckinghamshire","11UE","South Bucks",,,2330,255,11,1050,45,370,16,215,9,110,5,195,8,135,6,0,0,1025,44,1305,56,280,12,1175,50,875,38
"J","South East","11","Buckinghamshire","11UF","Wycombe",,,7855,1240,16,3325,42,1255,16,740,9,310,4,670,9,315,4,0,0,3620,46,4235,54,1090,14,4220,54,2545,32
"J","South East","21","East Sussex","21UC","Eastbourne",,,8125,1290,16,4265,52,1160,14,505,6,290,4,450,6,165,2,0,0,4050,50,4075,50,1065,13,4280,53,2780,34
"J","South East","21","East Sussex","21UD","Hastings",,,10565,1610,15,5525,52,1630,15,640,6,480,5,540,5,140,1,0,0,5460,52,5105,48,1580,15,5555,53,3430,32
"J","South East","21","East Sussex","21UF","Lewes",,,5665,720,13,2875,51,790,14,425,8,205,4,470,8,180,3,0,0,2770,49,2895,51,710,13,2790,49,2165,38
"J","South East","21","East Sussex","21UG","Rother",,,5835,710,12,3080,53,740,13,485,8,215,4,450,8,155,3,0,0,2840,49,2995,51,715,12,2765,47,2355,40
"J","South East","21","East Sussex","21UH","Wealden",,,6295,570,9,3400,54,760,12,575,9,185,3,545,9,260,4,0,0,2860,45,3435,55,715,11,3070,49,2510,40
"J","South East","24","Hampshire","24UB","Basingstoke and Deane",,,7725,1015,13,3695,48,1240,16,580,8,195,3,705,9,295,4,0,0,3365,44,4360,56,1160,15,4190,54,2375,31
"J","South East","24","Hampshire","24UC","East Hampshire",,,4680,550,12,2285,49,645,14,420,9,155,3,425,9,200,4,0,0,2120,45,2560,55,645,14,2455,52,1580,34
"J","South East","24","Hampshire","24UD","Eastleigh",,,5895,740,13,2850,48,790,13,490,8,175,3,650,11,200,3,0,0,2685,46,3210,54,830,14,2940,50,2125,36
"J","South East","24","Hampshire","24UE","Fareham",,,4495,495,11,2235,50,530,12,390,9,140,3,525,12,180,4,0,0,2110,47,2385,53,580,13,2235,50,1680,37
"J","South East","24","Hampshire","24UF","Gosport",,,5360,560,10,2590,48,1020,19,435,8,155,3,450,8,150,3,0,0,2345,44,3015,56,810,15,2905,54,1645,31
"J","South East","24","Hampshire","24UG","Hart",,,2710,315,12,1240,46,325,12,255,9,70,3,365,13,140,5,0,0,1185,44,1525,56,375,14,1370,51,965,36
"J","South East","24","Hampshire","24UH","Havant",,,9045,1225,14,4180,46,1580,17,860,10,340,4,665,7,195,2,0,0,4225,47,4820,53,1300,14,4710,52,3035,34
"J","South East","24","Hampshire","24UJ","New Forest",,,8725,705,8,4575,52,1235,14,840,10,245,3,815,9,310,4,0,0,4070,47,4655,53,1145,13,4290,49,3290,38
"J","South East","24","Hampshire","24UL","Rushmoor",,,4990,650,13,2395,48,895,18,365,7,120,2,435,9,130,3,0,0,2230,45,2760,55,795,16,2795,56,1400,28
"J","South East","24","Hampshire","24UN","Test Valley",,,5135,530,10,2465,48,720,14,500,10,175,3,535,10,210,4,0,0,2270,44,2865,56,700,14,2645,52,1790,35
"J","South East","24","Hampshire","24UP","Winchester",,,4440,470,11,2285,51,540,12,395,9,155,3,405,9,190,4,0,0,2175,49,2265,51,585,13,2330,52,1525,34
"J","South East","29","Kent","29UB","Ashford",,,7015,820,12,3335,48,1180,17,650,9,210,3,640,9,180,3,0,0,3165,45,3850,55,1065,15,3650,52,2300,33
"J","South East","29","Kent","29UC","Canterbury",,,9495,1105,12,4975,52,1290,14,840,9,300,3,750,8,235,2,0,0,4635,49,4860,51,1250,13,4785,50,3460,36
"J","South East","29","Kent","29UD","Dartford",,,6060,895,15,2700,45,1120,18,475,8,225,4,490,8,155,3,0,0,2725,45,3335,55,940,16,3260,54,1860,31
"J","South East","29","Kent","29UE","Dover",,,8875,1195,13,4540,51,1210,14,740,8,320,4,670,8,200,2,0,0,4510,51,4365,49,1145,13,4305,49,3425,39
"J","South East","29","Kent","29UG","Gravesham",,,7845,1440,18,3480,44,1265,16,675,9,270,3,510,7,205,3,0,0,3645,46,4200,54,1210,15,4135,53,2500,32
"J","South East","29","Kent","29UH","Maidstone",,,8475,1070,13,4080,48,1350,16,720,8,300,4,730,9,225,3,0,0,3880,46,4595,54,1190,14,4470,53,2815,33
"J","South East","29","Kent","29UK","Sevenoaks",,,5155,480,9,2485,48,870,17,460,9,150,3,510,10,200,4,0,0,2270,44,2885,56,640,12,2700,52,1815,35
"J","South East","29","Kent","29UL","Shepway",,,9010,1495,17,4450,49,1305,14,680,8,315,3,610,7,155,2,0,0,4605,51,4405,49,1175,13,4655,52,3180,35
"J","South East","29","Kent","29UM","Swale",,,11225,1605,14,5270,47,1895,17,985,9,445,4,795,7,230,2,0,0,5320,47,5905,53,1710,15,5745,51,3765,34
"J","South East","29","Kent","29UN","Thanet",,,13880,2125,15,6840,49,2045,15,1120,8,610,4,910,7,230,2,0,0,7185,52,6695,48,1970,14,6870,49,5040,36
"J","South East","29","Kent","29UP","Tonbridge and Malling",,,5610,620,11,2690,48,870,16,520,9,165,3,560,10,185,3,0,0,2585,46,3025,54,700,12,2980,53,1930,34
"J","South East","29","Kent","29UQ","Tunbridge Wells",,,5445,575,11,2720,50,900,17,415,8,215,4,425,8,195,4,0,0,2555,47,2890,53,730,13,2955,54,1760,32
"J","South East","38","Oxfordshire","38UB","Cherwell",,,6710,935,14,3130,47,1065,16,545,8,205,3,625,9,205,3,0,0,2935,44,3775,56,950,14,3655,54,2105,31
"J","South East","38","Oxfordshire","38UC","Oxford",,,9310,1465,16,4315,46,1820,20,520,6,435,5,595,6,160,2,0,0,4515,48,4795,52,1470,16,5350,57,2490,27
"J","South East","38","Oxfordshire","38UD","South Oxfordshire",,,4725,550,12,2245,48,665,14,370,8,170,4,515,11,210,4,0,0,2165,46,2560,54,595,13,2475,52,1655,35
"J","South East","38","Oxfordshire","38UE","Vale of White Horse",,,4520,400,9,2200,49,650,14,390,9,140,3,540,12,200,4,0,0,2005,44,2515,56,590,13,2365,52,1565,35
"J","South East","38","Oxfordshire","38UF","West Oxfordshire",,,3630,345,10,1790,49,460,13,385,11,115,3,395,11,140,4,0,0,1640,45,1990,55,510,14,1815,50,1305,36
"J","South East","43","Surrey","43UB","Elmbridge",,,4680,485,10,2270,49,815,17,345,7,140,3,415,9,210,4,0,0,2090,45,2590,55,545,12,2550,54,1585,34
"J","South East","43","Surrey","43UC","Epsom and Ewell",,,3040,320,11,1525,50,430,14,240,8,80,3,300,10,145,5,0,0,1365,45,1675,55,340,11,1585,52,1115,37
"J","South East","43","Surrey","43UD","Guildford",,,5405,675,12,2660,49,845,16,405,7,155,3,480,9,185,3,0,0,2485,46,2920,54,725,13,2975,55,1705,32
"J","South East","43","Surrey","43UE","Mole Valley",,,3070,275,9,1610,52,365,12,255,8,90,3,330,11,145,5,0,0,1490,49,1580,51,305,10,1580,51,1185,39
"J","South East","43","Surrey","43UF","Reigate and Banstead",,,6030,630,10,3050,51,985,16,440,7,165,3,545,9,215,4,0,0,2735,45,3295,55,840,14,3190,53,2000,33
"J","South East","43","Surrey","43UG","Runnymede",,,3200,350,11,1525,48,545,17,235,7,120,4,325,10,100,3,0,0,1460,46,1740,54,375,12,1680,53,1145,36
"J","South East","43","Surrey","43UH","Spelthorne",,,4595,575,13,2110,46,855,19,390,8,150,3,365,8,150,3,0,0,2060,45,2535,55,595,13,2485,54,1515,33
"J","South East","43","Surrey","43UJ","Surrey Heath",,,2915,365,13,1340,46,435,15,265,9,80,3,285,10,145,5,0,0,1305,45,1610,55,425,15,1545,53,945,32
"J","South East","43","Surrey","43UK","Tandridge",,,3390,315,9,1720,51,515,15,265,8,80,2,340,10,155,5,0,0,1520,45,1870,55,485,14,1710,50,1195,35
"J","South East","43","Surrey","43UL","Waverley",,,4365,440,10,2280,52,575,13,335,8,115,3,420,10,200,5,0,0,2015,46,2350,54,520,12,2315,53,1530,35
"J","South East","43","Surrey","43UM","Woking",,,4385,570,13,2065,47,700,16,365,8,140,3,390,9,155,4,0,0,1970,45,2415,55,610,14,2405,55,1370,31
"J","South East","45","West Sussex","45UB","Adur",,,4030,435,11,2005,50,620,15,345,9,150,4,355,9,120,3,0,0,1855,46,2175,54,525,13,2030,50,1475,37
"J","South East","45","West Sussex","45UC","Arun",,,9375,1030,11,4950,53,1315,14,740,8,355,4,705,8,280,3,0,0,4585,49,4790,51,1065,11,4605,49,3705,40
"J","South East","45","West Sussex","45UD","Chichester",,,5285,675,13,2550,48,750,14,460,9,210,4,420,8,220,4,0,0,2520,48,2765,52,625,12,2625,50,2035,39
"J","South East","45","West Sussex","45UE","Crawley",,,6730,735,11,3275,49,1380,21,445,7,210,3,520,8,165,2,0,0,2825,42,3905,58,985,15,3635,54,2110,31
"J","South East","45","West Sussex","45UF","Horsham",,,5030,600,12,2460,49,700,14,460,9,140,3,465,9,205,4,0,0,2310,46,2720,54,640,13,2605,52,1785,35
"J","South East","45","West Sussex","45UG","Mid Sussex",,,5070,510,10,2620,52,660,13,405,8,145,3,490,10,240,5,0,0,2315,46,2755,54,645,13,2675,53,1750,35
"J","South East","45","West Sussex","45UH","Worthing",,,6985,760,11,3865,55,965,14,465,7,250,4,480,7,200,3,0,0,3450,49,3535,51,900,13,3645,52,2440,35
"K","South West",,,"00HA","Bath and North East Somerset",,,9565,960,10,5365,56,1350,14,620,6,240,3,780,8,250,3,0,0,4750,50,4815,50,1270,13,5195,54,3095,32
"K","South West",,,"00HB","Bristol, City of",,,39320,5090,13,21400,54,6685,17,2275,6,1055,3,2280,6,535,1,0,0,19635,50,19685,50,5550,14,22790,58,10980,28
"K","South West",,,"00HC","North Somerset",,,13660,1125,8,8265,61,1615,12,960,7,355,3,980,7,360,3,0,0,6890,50,6770,50,1590,12,7185,53,4880,36
"K","South West",,,"00HD","South Gloucestershire",,,13240,1270,10,6955,53,1890,14,1135,9,320,2,1235,9,435,3,0,0,6020,45,7220,55,1755,13,6915,52,4570,35
"K","South West",,,"00HG","Plymouth",,,25700,3135,12,14025,55,3275,13,2040,8,745,3,2060,8,420,2,0,0,12890,50,12810,50,3760,15,13415,52,8525,33
"K","South West",,,"00HH","Torbay",,,13820,1545,11,7655,55,1745,13,1150,8,530,4,955,7,240,2,0,0,7165,52,6655,48,1640,12,6935,50,5245,38
"K","South West",,,"00HN","Bournemouth",,,14230,1510,11,8485,60,1905,13,725,5,590,4,770,5,245,2,0,0,7635,54,6595,46,1545,11,7965,56,4720,33
"K","South West",,,"00HP","Poole",,,8875,780,9,4700,53,1460,16,685,8,350,4,675,8,225,3,0,0,4110,46,4765,54,1095,12,4680,53,3100,35
"K","South West",,,"00HX","Swindon",,,13495,1895,14,6650,49,2210,16,885,7,465,3,1075,8,315,2,0,0,6190,46,7305,54,2025,15,7255,54,4215,31
"K","South West","15","Cornwall and Isles of Scilly","15UB","Caradon",,,5930,525,9,3310,56,585,10,620,10,195,3,555,9,140,2,0,0,2915,49,3015,51,665,11,2745,46,2520,42
"K","South West","15","Cornwall and Isles of Scilly","15UC","Carrick",,,6610,740,11,3640,55,770,12,570,9,235,4,505,8,150,2,0,0,3335,50,3275,50,775,12,3295,50,2540,38
"K","South West","15","Cornwall and Isles of Scilly","15UD","Kerrier",,,8800,725,8,5020,57,995,11,820,9,320,4,725,8,195,2,0,0,4440,50,4360,50,1090,12,4190,48,3520,40
"K","South West","15","Cornwall and Isles of Scilly","15UE","North Cornwall",,,6180,525,8,3530,57,690,11,585,9,205,3,500,8,145,2,0,0,3040,49,3140,51,680,11,2940,48,2560,41
"K","South West","15","Cornwall and Isles of Scilly","15UF","Penwith",,,6365,605,10,3670,58,670,11,555,9,255,4,480,8,130,2,0,0,3385,53,2980,47,640,10,3035,48,2690,42
"K","South West","15","Cornwall and Isles of Scilly","15UG","Restormel",,,8460,805,10,4760,56,885,10,845,10,320,4,660,8,185,2,0,0,4320,51,4140,49,1010,12,4170,49,3280,39
"K","South West","15","Cornwall and Isles of Scilly","15UH","Isles of Scilly",,,50,5,10,25,50,0,0,5,10,5,10,5,10,5,10,0,0,25,50,25,50,0,0,20,40,30,60
"K","South West","18","Devon","18UB","East Devon",,,6740,565,8,3785,56,690,10,645,10,205,3,570,8,280,4,0,0,3275,49,3465,51,670,10,3230,48,2840,42
"K","South West","18","Devon","18UC","Exeter",,,8760,995,11,4835,55,1125,13,625,7,275,3,730,8,175,2,0,0,4360,50,4400,50,1280,15,4760,54,2720,31
"K","South West","18","Devon","18UD","Mid Devon",,,4470,410,9,2430,54,505,11,430,10,160,4,380,9,155,3,0,0,2175,49,2295,51,580,13,2215,50,1675,37
"K","South West","18","Devon","18UE","North Devon",,,6615,605,9,3620,55,830,13,635,10,255,4,495,7,175,3,0,0,3285,50,3330,50,755,11,3250,49,2610,39
"K","South West","18","Devon","18UG","South Hams",,,4855,395,8,2690,55,530,11,475,10,160,3,455,9,150,3,0,0,2385,49,2470,51,505,10,2420,50,1930,40
"K","South West","18","Devon","18UH","Teignbridge",,,8025,670,8,4465,56,925,12,765,10,270,3,725,9,205,3,0,0,3945,49,4080,51,875,11,3835,48,3315,41
"K","South West","18","Devon","18UK","Torridge",,,4740,635,13,2485,52,460,10,500,11,175,4,370,8,115,2,0,0,2420,51,2320,49,570,12,2185,46,1985,42
"K","South West","18","Devon","18UL","West Devon",,,3075,260,8,1760,57,290,9,275,9,90,3,305,10,95,3,0,0,1525,50,1550,50,350,11,1455,47,1270,41
"K","South West","19","Dorset","19UC","Christchurch",,,2640,235,9,1415,54,340,13,240,9,95,4,235,9,80,3,0,0,1240,47,1400,53,305,12,1300,49,1035,39
"K","South West","19","Dorset","19UD","East Dorset",,,3640,260,7,1870,51,450,12,410,11,135,4,410,11,105,3,0,0,1685,46,1955,54,400,11,1685,46,1555,43
"K","South West","19","Dorset","19UE","North Dorset",,,3200,220,7,1735,54,390,12,320,10,105,3,315,10,115,4,0,0,1480,46,1720,54,345,11,1575,49,1280,40
"K","South West","19","Dorset","19UG","Purbeck",,,2215,175,8,1220,55,275,12,185,8,50,2,220,10,90,4,0,0,1050,47,1165,53,180,8,1105,50,930,42
"K","South West","19","Dorset","19UH","West Dorset",,,5355,400,7,3085,58,550,10,475,9,180,3,475,9,190,4,0,0,2600,49,2755,51,590,11,2570,48,2195,41
"K","South West","19","Dorset","19UJ","Weymouth and Portland",,,5815,520,9,3400,58,695,12,425,7,210,4,420,7,145,2,0,0,3015,52,2800,48,820,14,2900,50,2095,36
"K","South West","23","Gloucestershire","23UB","Cheltenham",,,7395,1425,19,3575,48,1095,15,455,6,275,4,430,6,140,2,0,0,3715,50,3680,50,1180,16,3965,54,2250,30
"K","South West","23","Gloucestershire","23UC","Cotswold",,,3345,395,12,1715,51,395,12,275,8,115,3,310,9,140,4,0,0,1560,47,1785,53,400,12,1660,50,1285,38
"K","South West","23","Gloucestershire","23UD","Forest of Dean",,,5605,735,13,2975,53,615,11,495,9,205,4,415,7,165,3,0,0,2700,48,2905,52,660,12,2735,49,2210,39
"K","South West","23","Gloucestershire","23UE","Gloucester",,,9405,1425,15,4675,50,1575,17,590,6,345,4,625,7,170,2,0,0,4660,50,4745,50,1440,15,5055,54,2910,31
"K","South West","23","Gloucestershire","23UF","Stroud",,,6010,685,11,3210,53,780,13,465,8,245,4,445,7,180,3,0,0,2840,47,3170,53,770,13,3075,51,2165,36
"K","South West","23","Gloucestershire","23UG","Tewkesbury",,,4055,555,14,1915,47,560,14,345,9,140,3,375,9,165,4,0,0,1900,47,2155,53,525,13,2080,51,1450,36
"K","South West","40","Somerset","40UB","Mendip",,,6610,670,10,3580,54,860,13,510,8,205,3,615,9,170,3,0,0,3130,47,3480,53,835,13,3445,52,2330,35
"K","South West","40","Somerset","40UC","Sedgemoor",,,8130,910,11,4455,55,935,12,680,8,280,3,685,8,185,2,0,0,4060,50,4070,50,1120,14,3925,48,3085,38
"K","South West","40","Somerset","40UD","South Somerset",,,8790,785,9,4880,56,1000,11,780,9,275,3,835,9,235,3,0,0,4275,49,4515,51,1155,13,4225,48,3410,39
"K","South West","40","Somerset","40UE","Taunton Deane",,,7115,680,10,4040,57,910,13,500,7,210,3,565,8,210,3,0,0,3555,50,3560,50,1020,14,3555,50,2535,36
"K","South West","40","Somerset","40UF","West Somerset",,,2545,235,9,1455,57,290,11,210,8,90,4,195,8,70,3,0,0,1295,51,1250,49,280,11,1180,46,1085,43
"K","South West","46","Wiltshire","46UB","Kennet",,,3615,340,9,1850,51,520,14,340,9,120,3,310,9,135,4,0,0,1605,44,2010,56,485,13,1885,52,1245,34
"K","South West","46","Wiltshire","46UC","North Wiltshire",,,6435,690,11,3240,50,905,14,605,9,175,3,615,10,205,3,0,0,2870,45,3565,55,855,13,3360,52,2220,34
"K","South West","46","Wiltshire","46UD","Salisbury",,,5590,460,8,3120,56,755,14,425,8,180,3,465,8,185,3,0,0,2550,46,3040,54,675,12,2915,52,2000,36
"K","South West","46","Wiltshire","46UF","West Wiltshire",,,7175,875,12,3640,51,1050,15,565,8,250,3,570,8,225,3,0,0,3330,46,3845,54,1010,14,3750,52,2415,34
,,,,"00NA","Isle of Anglesey",,,7050,1080,15,3790,54,750,11,605,9,220,3,480,7,125,2,0,0,3805,54,3245,46,830,12,3215,46,3005,43
,,,,"00NC","Gwynedd",,,10360,1435,14,5820,56,1065,10,820,8,315,3,650,6,255,2,0,0,5610,54,4750,46,1145,11,4775,46,4435,43
,,,,"00NE","Conwy",,,10720,1360,13,6100,57,1115,10,860,8,315,3,765,7,205,2,0,0,5620,52,5100,48,1310,12,5030,47,4380,41
,,,,"00NG","Denbighshire",,,10060,1255,12,5820,58,1075,11,800,8,245,2,680,7,185,2,0,0,5255,52,4805,48,1215,12,4765,47,4075,41
,,,,"00NJ","Flintshire",,,12790,1610,13,6890,54,1485,12,1095,9,325,3,1070,8,315,2,0,0,6100,48,6690,52,1640,13,6075,47,5075,40
,,,,"00NL","Wrexham",,,13270,1575,12,7520,57,1440,11,1190,9,320,2,985,7,240,2,0,0,6560,49,6710,51,1820,14,6295,47,5155,39
,,,,"00NN","Powys",,,9900,1115,11,5600,57,950,10,845,9,310,3,815,8,265,3,0,0,4935,50,4965,50,1075,11,4370,44,4455,45
,,,,"00NQ","Ceredigion",,,6160,620,10,3800,62,525,9,480,8,170,3,455,7,110,2,0,0,3275,53,2885,47,685,11,2850,46,2625,43
,,,,"00NS","Pembrokeshire",,,11060,905,8,6500,59,1215,11,1055,10,290,3,845,8,250,2,0,0,5435,49,5625,51,1265,11,5170,47,4625,42
,,,,"00NU","Carmarthenshire",,,20605,2105,10,13015,63,1735,8,1670,8,440,2,1325,6,315,2,0,0,10335,50,10270,50,2315,11,9310,45,8980,44
,,,,"00NX","Swansea",,,27010,3130,12,15900,59,3140,12,1890,7,725,3,1805,7,420,2,0,0,13510,50,13500,50,3495,13,13450,50,10065,37
,,,,"00NZ","Neath Port Talbot",,,20900,2005,10,12775,61,2120,10,1820,9,465,2,1465,7,250,1,0,0,10255,49,10645,51,2570,12,10085,48,8245,39
,,,,"00PB","Bridgend",,,17200,1775,10,10530,61,1845,11,1250,7,320,2,1235,7,245,1,0,0,8385,49,8815,51,2160,13,8345,49,6695,39
,,,,"00PD","The Vale of Glamorgan",,,10805,1390,13,5845,54,1370,13,805,7,320,3,850,8,225,2,0,0,5285,49,5520,51,1520,14,5315,49,3970,37
,,,,"00PF","Rhondda, Cynon, Taff",,,34110,3205,9,21740,64,3880,11,2170,6,650,2,2055,6,410,1,0,0,16845,49,17265,51,4610,14,16125,47,13375,39
,,,,"00PH","Merthyr Tydfil",,,9580,1150,12,5910,62,1140,12,550,6,175,2,540,6,115,1,0,0,4750,50,4830,50,1265,13,4505,47,3810,40
,,,,"00PK","Caerphilly",,,24875,2760,11,15265,61,2665,11,1830,7,400,2,1625,7,330,1,0,0,12435,50,12440,50,3165,13,11655,47,10055,40
,,,,"00PL","Blaenau Gwent",,,11690,1810,15,7005,60,1200,10,725,6,205,2,620,5,125,1,0,0,6075,52,5615,48,1635,14,5530,47,4525,39
,,,,"00PM","Torfaen",,,11305,1350,12,6460,57,1370,12,895,8,260,2,790,7,180,2,0,0,5655,50,5650,50,1625,14,5315,47,4365,39
,,,,"00PP","Monmouthshire",,,6265,635,10,3520,56,625,10,570,9,185,3,540,9,190,3,0,0,3080,49,3185,51,750,12,2935,47,2580,41
,,,,"00PR","Newport",,,15965,2240,14,8365,52,2510,16,1160,7,440,3,1005,6,245,2,0,0,7805,49,8160,51,2385,15,8220,51,5360,34
,,,,"00PT","Cardiff",,,33145,4485,14,17830,54,5100,15,2150,6,920,3,2180,7,480,1,0,0,16395,49,16750,51,4910,15,17605,53,10620,32
,,,,"100","Aberdeen City",,,16635,1640,10,10540,63,1955,12,785,5,375,2,965,6,375,2,0,0,8430,51,8205,49,1965,12,9005,54,5660,34
,,,,"110","Aberdeenshire",,,13440,1085,8,8080,60,1170,9,1135,8,285,2,1175,9,510,4,0,0,6215,46,7225,54,1515,11,6535,49,5390,40
,,,,"120","Angus",,,8935,1385,16,4760,53,1000,11,700,8,265,3,595,7,230,3,0,0,4360,49,4575,51,1255,14,4390,49,3290,37
,,,,"130","Argyll & Bute",,,7135,1045,15,3910,55,640,9,510,7,290,4,510,7,230,3,0,0,3665,51,3470,49,770,11,3260,46,3105,44
,,,,"150","Clackmannanshire",,,5850,745,13,3470,59,720,12,375,6,145,2,280,5,115,2,0,0,2765,47,3085,53,800,14,3000,51,2050,35
,,,,"170","Dumfries & Galloway",,,13550,1910,14,7215,53,1315,10,1290,10,515,4,955,7,350,3,0,0,6930,51,6620,49,1575,12,6305,47,5670,42
,,,,"180","Dundee City",,,19050,3535,19,10435,55,2430,13,1020,5,595,3,795,4,240,1,0,0,9905,52,9145,48,2800,15,10055,53,6195,33
,,,,"190","East Ayrshire",,,14535,2420,17,7630,52,1805,12,1170,8,470,3,760,5,280,2,0,0,7325,50,7210,50,2025,14,7155,49,5355,37
,,,,"200","East Dunbartonshire",,,6770,915,14,3790,56,630,9,440,6,165,2,575,8,255,4,0,0,3230,48,3540,52,745,11,3260,48,2765,41
,,,,"210","East Lothian",,,7150,640,9,4320,60,775,11,525,7,170,2,525,7,195,3,0,0,3500,49,3650,51,885,12,3485,49,2780,39
,,,,"220","East Renfrewshire",,,5620,590,10,3195,57,550,10,435,8,150,3,495,9,205,4,0,0,2640,47,2980,53,605,11,2815,50,2200,39
,,,,"230","Edinburgh, City of",,,38695,5425,14,22310,58,4870,13,2060,5,1020,3,2295,6,715,2,0,0,20170,52,18525,48,5070,13,21665,56,11955,31
,,,,"235","Eilean Siar",,,2305,325,14,1260,55,140,6,195,8,120,5,155,7,110,5,0,0,1365,59,940,41,155,7,1015,44,1135,49
,,,,"240","Falkirk",,,14955,2055,14,8665,58,1585,11,1005,7,375,3,930,6,340,2,0,0,7225,48,7730,52,1815,12,7350,49,5790,39
,,,,"250","Fife",,,35900,5830,16,19405,54,4305,12,2450,7,1040,3,2145,6,725,2,0,0,17830,50,18070,50,4860,14,18090,50,12950,36
,,,,"260","Glasgow City",,,95655,13685,14,55025,58,13040,14,5275,6,3535,4,4105,4,990,1,0,0,49925,52,45730,48,11145,12,53645,56,30865,32
,,,,"270","Highland",,,17820,1945,11,10125,57,1835,10,1490,8,590,3,1300,7,535,3,0,0,8905,50,8915,50,2075,12,8590,48,7155,40
,,,,"280","Inverclyde",,,11755,1930,16,6725,57,1420,12,635,5,315,3,525,4,205,2,0,0,6425,55,5330,45,1565,13,5935,50,4255,36
,,,,"290","Midlothian",,,7245,795,11,4110,57,835,12,600,8,175,2,575,8,155,2,0,0,3500,48,3745,52,925,13,3570,49,2750,38
,,,,"300","Moray",,,6360,890,14,3455,54,630,10,550,9,160,3,465,7,210,3,0,0,3025,48,3335,52,870,14,3000,47,2490,39
,,,,"310","North Ayrshire",,,17280,3220,19,8815,51,2280,13,1180,7,560,3,890,5,335,2,0,0,8655,50,8625,50,2510,15,8615,50,6155,36
,,,,"320","North Lanarkshire",,,41775,4990,12,24735,59,4940,12,2830,7,1145,3,2375,6,760,2,0,0,20110,48,21665,52,4830,12,21215,51,15725,38
,,,,"330","Orkney Islands",,,1200,105,9,695,58,80,7,120,10,50,4,110,9,40,3,0,0,630,53,570,48,115,10,505,42,580,48
,,,,"340","Perth & Kinross",,,9395,1075,11,5265,56,910,10,770,8,310,3,780,8,285,3,0,0,4645,49,4750,51,1115,12,4600,49,3680,39
,,,,"350","Renfrewshire",,,19245,2520,13,11020,57,2345,12,1030,5,630,3,1265,7,435,2,0,0,9680,50,9565,50,2480,13,9880,51,6885,36
,,,,"355","Scottish Borders",,,7545,775,10,4520,60,595,8,580,8,240,3,585,8,250,3,0,0,3875,51,3670,49,865,11,3710,49,2970,39
,,,,"360","Shetland Islands",,,1295,110,8,745,58,160,12,60,5,45,3,110,8,65,5,0,0,650,50,645,50,170,13,615,47,510,39
,,,,"370","South Ayrshire",,,10990,1645,15,5960,54,1190,11,870,8,375,3,670,6,280,3,0,0,5575,51,5415,49,1340,12,5360,49,4290,39
,,,,"380","South Lanarkshire",,,32860,3710,11,19655,60,3515,11,2360,7,885,3,2025,6,710,2,0,0,15975,49,16885,51,3755,11,16385,50,12720,39
,,,,"390","Stirling",,,6810,865,13,3995,59,665,10,495,7,155,2,420,6,215,3,0,0,3335,49,3475,51,775,11,3460,51,2575,38
,,,,"395","West Dunbartonshire",,,12870,1945,15,6930,54,1765,14,795,6,465,4,760,6,210,2,0,0,6530,51,6340,49,1680,13,6650,52,4535,35
,,,,"400","West Lothian",,,16865,2230,13,9480,56,2090,12,1110,7,410,2,1170,7,375,2,0,0,7955,47,8910,53,2375,14,8700,52,5785,34