DATASET_TITLE,"Personal Insolvency Statistics, 2004",,,,,,,,,,FROM,Jan-2004,Jan-2004,Jan-2004,Jan-2004,Jan-2004,Jan-2004
AREA_TYPE,Region,,,,,,,,,,TO,Dec-2004,Dec-2004,Dec-2004,Dec-2004,Dec-2004,Dec-2004
GEO_HIERARCHY,NeSS Geography Hierarchy,,,,,,,,,,HEADING,New Personal Insolvencies,New Personal Insolvencies,New Bankruptcy Orders,New Bankruptcy Orders,New Individual Voluntary Arrangements (IVAs),New Individual Voluntary Arrangements (IVAs)
,,,,,,,,,,,MEASUREMENT_UNIT,Count,Rate per 10000,Count,Rate per 10000,Count,Rate per 10000
,,,,,,,,,,,STATISTICAL_UNIT,Cases,Cases,Cases,Cases,Cases,Cases
UK_CODE,UK_NAME,GB_CODE,GB_NAME,EW_CODE,EW_NAME,CTRY_CODE,CTRY_NAME,GOR_CODE,GOR_NAME,AREA_METADATA,,DATA_VALUE,DATA_VALUE,DATA_VALUE,DATA_VALUE,DATA_VALUE,DATA_VALUE
"213","United Kingdom","078","Great Britain","727","England and Wales","064","England",,,,,41554,10.6,32223,8.3,9331,2.4
"213","United Kingdom","078","Great Britain","727","England and Wales","220","Wales",,,,,1980,8.6,1492,6.5,488,2.1
"213","United Kingdom","078","Great Britain","727","England and Wales",,,,,,,46431,11.2,35700,8.6,10731,2.6
"213","United Kingdom","078","Great Britain","727","England and Wales","064","England","A","North East",,,2119,10.6,1655,8.3,464,2.3
"213","United Kingdom","078","Great Britain","727","England and Wales","064","England","B","North West",,,5014,9.5,3652,6.9,1362,2.6
"213","United Kingdom","078","Great Britain","727","England and Wales","064","England","D","Yorkshire and The Humber",,,4388,11.1,3431,8.7,957,2.4
"213","United Kingdom","078","Great Britain","727","England and Wales","064","England","E","East Midlands",,,3247,9.7,2510,7.5,737,2.2
"213","United Kingdom","078","Great Britain","727","England and Wales","064","England","F","West Midlands",,,4159,10.1,3210,7.8,949,2.3
"213","United Kingdom","078","Great Britain","727","England and Wales","064","England","G","East of England",,,4850,11.3,3858,9,992,2.3
"213","United Kingdom","078","Great Britain","727","England and Wales","064","England","H","London",,,4956,8.5,3859,6.7,1097,1.9
"213","United Kingdom","078","Great Britain","727","England and Wales","064","England","J","South East",,,7282,11.5,5560,8.8,1722,2.7
"213","United Kingdom","078","Great Britain","727","England and Wales","064","England","K","South West",,,5539,13.9,4488,11.3,1051,2.6