DATASET_TITLE,NS-SeC of Household Reference Person - People Under Pensionable Age (UV32),,,,FROM,Apr-2001,Apr-2001,Apr-2001,Apr-2001,Apr-2001,Apr-2001,Apr-2001,Apr-2001,Apr-2001,Apr-2001,Apr-2001,Apr-2001
AREA_TYPE,County,,,,TO,Apr-2001,Apr-2001,Apr-2001,Apr-2001,Apr-2001,Apr-2001,Apr-2001,Apr-2001,Apr-2001,Apr-2001,Apr-2001,Apr-2001
GEO_HIERARCHY,NeSS Geography Hierarchy,,,,HEADING,All People Under Pensionable Age in Households,1. Higher managerial and professional occupations,1. Higher managerial and professional occupations:  1.1 Large employers and higher managerial occupations,1. Higher managerial and professional occupations:  1.2 Higher professional occupations,2. Lower managerial and professional occupations,3. Intermediate occupations,4. Small employers and own account workers,5. Lower supervisory and technical occupations,6. Semi-routine occupations,7. Routine occupations,8. Never worked and long-term unemployed,Not classified
,,,,,MEASUREMENT_UNIT,Count,Count,Count,Count,Count,Count,Count,Count,Count,Count,Count,Count
,,,,,STATISTICAL_UNIT,Persons,Persons,Persons,Persons,Persons,Persons,Persons,Persons,Persons,Persons,Persons,Persons
GOR_CODE,GOR_NAME,CTY_CODE,CTY_NAME,AREA_METADATA,,DATA_VALUE,DATA_VALUE,DATA_VALUE,DATA_VALUE,DATA_VALUE,DATA_VALUE,DATA_VALUE,DATA_VALUE,DATA_VALUE,DATA_VALUE,DATA_VALUE,DATA_VALUE
"J","South East","11","Buckinghamshire",,,391258,91742,48556,43186,112734,25723,52802,31011,28523,26047,4464,18212
"J","South East","21","East Sussex",,,360495,49443,20695,28748,93793,26580,59742,33806,34070,29654,6776,26631
"J","South East","24","Hampshire",,,991236,193242,90951,102291,276915,74223,116194,107896,83672,82577,9318,47199
"J","South East","29","Kent",,,1050915,146360,66542,79818,267624,78619,136913,118006,102918,104505,22274,73696
"J","South East","38","Oxfordshire",,,482710,103191,44327,58864,127346,31485,53683,45609,40243,44730,5436,30987
"J","South East","43","Surrey",,,842513,208296,96327,111969,254258,64100,108472,63413,53364,42890,6675,41045
"J","South East","45","West Sussex",,,572954,98911,44158,54753,160784,45803,77597,58785,50644,43305,5558,31567