DATASET_TITLE,"Worklessness: Economic Activity, October 2005 - September 2006",,,,,,,,,,FROM,Oct-2005,Oct-2005,Oct-2005,Oct-2005,Oct-2005,Oct-2005,Oct-2005,Oct-2005,Oct-2005,Oct-2005,Oct-2005,Oct-2005
AREA_TYPE,Region,,,,,,,,,,TO,Sep-2006,Sep-2006,Sep-2006,Sep-2006,Sep-2006,Sep-2006,Sep-2006,Sep-2006,Sep-2006,Sep-2006,Sep-2006,Sep-2006
GEO_HIERARCHY,NeSS Geography Hierarchy,,,,,,,,,,HEADING,Economically Active; Aged 16-64 (Males); 16-59 (Females),Economic Activity Rate; Aged 16-64 (Males); 16-59 (Females),Economic Activity Rate Confidence Interval; Aged 16-64 (Males); 16-59 (Females),In Employment; Aged 16-64 (Males); 16-59 (Females),Employment Rate; Aged 16-64 (Males); 16-59 (Females),Employment Rate Confidence Interval; Aged 16-64 (Males); 16-59 (Females),Unemployed; Aged 16-64 (Males); 16-59 (Females),Unemployment Rate; Aged 16-64 (Males); 16-59 (Females),Unemployment Rate Confidence Interval; Aged 16-64 (Males); 16-59 (Females),Economically Inactive; Aged 16-64 (Males); 16-59 (Females),Economic Inactivity Rate; Aged 16-64 (Males); 16-59 (Females),Economic Inactivity Rate Confidence Interval; Aged 16-64 (Males); 16-59 (Females)
,,,,,,,,,,,MEASUREMENT_UNIT,Count,Percentage,Percentage Points,Count,Percentage,Percentage Points,Count,Percentage,Percentage Points,Count,Percentage,Percentage Points
,,,,,,,,,,,STATISTICAL_UNIT,Persons,Persons,Persons,Persons,Persons,Persons,Persons,Persons,Persons,Persons,Persons,Persons
UK_CODE,UK_NAME,GB_CODE,GB_NAME,EW_CODE,EW_NAME,CTRY_CODE,CTRY_NAME,GOR_CODE,GOR_NAME,AREA_METADATA,,DATA_VALUE,DATA_VALUE,DATA_VALUE,DATA_VALUE,DATA_VALUE,DATA_VALUE,DATA_VALUE,DATA_VALUE,DATA_VALUE,DATA_VALUE,DATA_VALUE,DATA_VALUE
"213","United Kingdom","078","Great Britain","727","England and Wales","064","England",,,,,25024500,76.7,.2,23648600,72.5,.2,1375900,5.5,.1,7601700,23.3,.2
"213","United Kingdom","078","Great Britain","727","England and Wales","220","Wales",,,,,1362400,73,.6,1288400,69,.6,74000,5.4,.3,505100,27,.6
"213","United Kingdom","078","Great Britain","727","England and Wales",,,,,,,26386900,76.5,.2,24937000,72.3,.2,1449900,5.5,.1,8106800,23.5,.2
"213","United Kingdom","078","Great Britain","727","England and Wales","064","England","A","North East",,,1209900,73.7,.7,1128800,68.8,.8,81000,6.7,.5,431100,26.3,.7
"213","United Kingdom","078","Great Britain","727","England and Wales","064","England","B","North West",,,3270600,74.6,.5,3097000,70.6,.5,173700,5.3,.3,1115100,25.4,.5
"213","United Kingdom","078","Great Britain","727","England and Wales","064","England","D","Yorkshire and The Humber",,,2506400,75.9,.6,2360300,71.5,.7,146100,5.8,.4,794400,24.1,.6
"213","United Kingdom","078","Great Britain","727","England and Wales","064","England","E","East Midlands",,,2193000,78.2,.8,2081400,74.2,.8,111600,5.1,.5,610700,21.8,.8
"213","United Kingdom","078","Great Britain","727","England and Wales","064","England","F","West Midlands",,,2561700,75.2,.7,2415600,70.9,.7,146100,5.7,.4,843100,24.8,.7
"213","United Kingdom","078","Great Britain","727","England and Wales","064","England","G","East of England",,,2810100,79.2,.7,2679900,75.6,.7,130200,4.6,.4,736600,20.8,.7
"213","United Kingdom","078","Great Britain","727","England and Wales","064","England","H","London",,,3769900,73.5,.6,3468600,67.6,.7,301200,8,.5,1360000,26.5,.6
"213","United Kingdom","078","Great Britain","727","England and Wales","064","England","J","South East",,,4202700,80.4,.5,4015000,76.9,.5,187700,4.5,.3,1021400,19.6,.5
"213","United Kingdom","078","Great Britain","727","England and Wales","064","England","K","South West",,,2500300,78.4,.6,2402000,75.3,.7,98300,3.9,.3,689200,21.6,.6