DATASET_TITLE,Living Arrangements (UV82),,,,,,,,FROM,Apr-2001,Apr-2001,Apr-2001,Apr-2001,Apr-2001,Apr-2001,Apr-2001,Apr-2001,Apr-2001,Apr-2001,Apr-2001,Apr-2001
AREA_TYPE,Super Output Area Middle Layer,,,,,,,,TO,Apr-2001,Apr-2001,Apr-2001,Apr-2001,Apr-2001,Apr-2001,Apr-2001,Apr-2001,Apr-2001,Apr-2001,Apr-2001,Apr-2001
GEO_HIERARCHY,NeSS Geography Hierarchy,,,,,,,,HEADING,All People Aged 16 and Over in Households,Living in a couple,Living in a couple: Married (including separated),Living in a couple: Re-married,Living in a couple: Cohabiting,Not living in a couple,Not living in a couple: Single (never married),Not living in a couple: Married (first marriage),Not living in a couple: Re-married,Not living in a couple: Separated (but still legally married),Not living in a couple: Divorced,Not living in a couple: Widowed
,,,,,,,,,MEASUREMENT_UNIT,Count,Count,Count,Count,Count,Count,Count,Count,Count,Count,Count,Count
,,,,,,,,,STATISTICAL_UNIT,Persons,Persons,Persons,Persons,Persons,Persons,Persons,Persons,Persons,Persons,Persons,Persons
GOR_CODE,GOR_NAME,CTY_CODE,CTY_NAME,LA_CODE,LA_NAME,MSOA_CODE,MSOA_NAME,AREA_METADATA,,DATA_VALUE,DATA_VALUE,DATA_VALUE,DATA_VALUE,DATA_VALUE,DATA_VALUE,DATA_VALUE,DATA_VALUE,DATA_VALUE,DATA_VALUE,DATA_VALUE,DATA_VALUE
"D","Yorkshire and The Humber",,,"00CC","Barnsley","E02001509","Barnsley 001",,,4565,2990,2191,411,388,1575,846,20,3,58,289,359
"D","Yorkshire and The Humber",,,"00CC","Barnsley","E02001510","Barnsley 002",,,4573,2946,2123,359,464,1627,906,19,3,66,305,328
"D","Yorkshire and The Humber",,,"00CC","Barnsley","E02001511","Barnsley 003",,,4410,2886,2135,335,416,1524,796,18,0,58,266,386
"D","Yorkshire and The Humber",,,"00CC","Barnsley","E02001512","Barnsley 004",,,6052,4034,2886,488,660,2018,1065,54,7,100,370,422
"D","Yorkshire and The Humber",,,"00CC","Barnsley","E02001513","Barnsley 005",,,6256,4424,3127,595,702,1832,1048,22,4,74,287,397
"D","Yorkshire and The Humber",,,"00CC","Barnsley","E02001514","Barnsley 006",,,4538,2660,1943,325,392,1878,1012,20,3,93,286,464
"D","Yorkshire and The Humber",,,"00CC","Barnsley","E02001515","Barnsley 007",,,7241,4212,2746,522,944,3029,1563,40,8,149,543,726
"D","Yorkshire and The Humber",,,"00CC","Barnsley","E02001516","Barnsley 008",,,4451,2882,1912,350,620,1569,890,19,7,80,295,278
"D","Yorkshire and The Humber",,,"00CC","Barnsley","E02001517","Barnsley 009",,,6141,4054,3046,500,508,2087,1132,20,3,75,362,495
"D","Yorkshire and The Humber",,,"00CC","Barnsley","E02001518","Barnsley 010",,,7160,4384,3120,594,670,2776,1563,26,5,122,493,567
"D","Yorkshire and The Humber",,,"00CC","Barnsley","E02001519","Barnsley 011",,,4583,2874,2041,353,480,1709,954,13,3,76,317,346
"D","Yorkshire and The Humber",,,"00CC","Barnsley","E02001520","Barnsley 012",,,8510,5922,4435,761,726,2588,1284,44,3,90,428,739
"D","Yorkshire and The Humber",,,"00CC","Barnsley","E02001521","Barnsley 013",,,8524,4791,3112,478,1201,3733,2107,39,5,158,766,658
"D","Yorkshire and The Humber",,,"00CC","Barnsley","E02001522","Barnsley 014",,,6847,4164,2885,519,760,2683,1454,26,5,117,426,655
"D","Yorkshire and The Humber",,,"00CC","Barnsley","E02001523","Barnsley 015",,,4664,3122,2243,359,520,1542,895,7,0,68,248,324
"D","Yorkshire and The Humber",,,"00CC","Barnsley","E02001524","Barnsley 016",,,4545,3318,2591,437,290,1227,635,17,0,44,203,328
"D","Yorkshire and The Humber",,,"00CC","Barnsley","E02001525","Barnsley 017",,,4687,2381,1494,308,579,2306,1154,36,3,96,531,486
"D","Yorkshire and The Humber",,,"00CC","Barnsley","E02001526","Barnsley 018",,,4020,2260,1502,272,486,1760,959,22,3,66,341,369
"D","Yorkshire and The Humber",,,"00CC","Barnsley","E02001527","Barnsley 019",,,4516,3056,2293,359,404,1460,797,24,0,52,242,345
"D","Yorkshire and The Humber",,,"00CC","Barnsley","E02001528","Barnsley 020",,,8011,5242,3845,617,780,2769,1444,29,3,126,473,694
"D","Yorkshire and The Humber",,,"00CC","Barnsley","E02001529","Barnsley 021",,,7485,4652,3308,544,800,2833,1484,28,3,115,521,682
"D","Yorkshire and The Humber",,,"00CC","Barnsley","E02001530","Barnsley 022",,,4565,2708,1830,368,510,1857,994,26,3,112,341,381
"D","Yorkshire and The Humber",,,"00CC","Barnsley","E02001531","Barnsley 023",,,4980,3068,2108,400,560,1912,987,17,6,85,341,476
"D","Yorkshire and The Humber",,,"00CC","Barnsley","E02001532","Barnsley 024",,,6663,4462,3280,594,588,2201,1173,12,0,108,389,519
"D","Yorkshire and The Humber",,,"00CC","Barnsley","E02001533","Barnsley 025",,,5384,3412,2450,432,530,1972,1059,11,3,73,354,472
"D","Yorkshire and The Humber",,,"00CC","Barnsley","E02001534","Barnsley 026",,,5705,3714,2744,412,558,1991,1038,21,0,82,350,500
"D","Yorkshire and The Humber",,,"00CC","Barnsley","E02001535","Barnsley 027",,,4518,3250,2420,456,374,1268,663,11,3,36,203,352
"D","Yorkshire and The Humber",,,"00CC","Barnsley","E02001536","Barnsley 028",,,6247,4068,2951,491,626,2179,1072,23,3,93,373,615
"D","Yorkshire and The Humber",,,"00CC","Barnsley","E02001537","Barnsley 029",,,5575,3636,2591,421,624,1939,980,26,0,95,360,478
"D","Yorkshire and The Humber",,,"00CC","Barnsley","E02001538","Barnsley 030",,,6209,4004,2887,475,642,2205,1211,20,3,82,335,554
"D","Yorkshire and The Humber",,,"00CE","Doncaster","E02001539","Doncaster 001",,,4462,2846,1946,432,468,1616,898,24,10,72,281,331
"D","Yorkshire and The Humber",,,"00CE","Doncaster","E02001540","Doncaster 002",,,8574,5640,3946,750,944,2934,1571,37,5,165,511,645
"D","Yorkshire and The Humber",,,"00CE","Doncaster","E02001541","Doncaster 003",,,8331,5416,3822,728,866,2915,1487,47,14,141,523,703
"D","Yorkshire and The Humber",,,"00CE","Doncaster","E02001542","Doncaster 004",,,5537,3455,2412,468,575,2082,1095,32,4,118,374,459
"D","Yorkshire and The Humber",,,"00CE","Doncaster","E02001543","Doncaster 005",,,6503,4046,2767,581,698,2457,1254,37,4,111,469,582
"D","Yorkshire and The Humber",,,"00CE","Doncaster","E02001544","Doncaster 006",,,6422,4236,2951,541,744,2186,1191,24,5,124,370,472
"D","Yorkshire and The Humber",,,"00CE","Doncaster","E02001545","Doncaster 007",,,6902,4878,3492,682,704,2024,1084,37,3,85,338,477
"D","Yorkshire and The Humber",,,"00CE","Doncaster","E02001546","Doncaster 008",,,5291,3774,2831,553,390,1517,812,28,8,60,248,361
"D","Yorkshire and The Humber",,,"00CE","Doncaster","E02001547","Doncaster 009",,,7687,4724,3193,699,832,2963,1581,41,10,188,527,616
"D","Yorkshire and The Humber",,,"00CE","Doncaster","E02001548","Doncaster 010",,,5537,3192,2021,551,620,2345,1182,38,8,141,488,488
"D","Yorkshire and The Humber",,,"00CE","Doncaster","E02001549","Doncaster 011",,,4723,3284,2355,441,488,1439,763,17,3,73,249,334
"D","Yorkshire and The Humber",,,"00CE","Doncaster","E02001550","Doncaster 012",,,5641,3616,2506,484,626,2025,970,28,8,100,338,581
"D","Yorkshire and The Humber",,,"00CE","Doncaster","E02001551","Doncaster 013",,,4784,3006,1976,412,618,1778,970,23,8,104,338,335
"D","Yorkshire and The Humber",,,"00CE","Doncaster","E02001552","Doncaster 014",,,4333,2706,1858,386,462,1627,818,29,5,68,312,395
"D","Yorkshire and The Humber",,,"00CE","Doncaster","E02001553","Doncaster 015",,,7402,4550,3129,657,764,2852,1412,54,8,115,515,748
"D","Yorkshire and The Humber",,,"00CE","Doncaster","E02001554","Doncaster 016",,,5123,3668,2702,472,494,1455,803,28,4,53,259,308
"D","Yorkshire and The Humber",,,"00CE","Doncaster","E02001555","Doncaster 017",,,4686,3272,2320,474,478,1414,769,21,7,48,254,315
"D","Yorkshire and The Humber",,,"00CE","Doncaster","E02001556","Doncaster 018",,,6753,4054,2715,591,748,2699,1340,42,7,127,496,687
"D","Yorkshire and The Humber",,,"00CE","Doncaster","E02001557","Doncaster 019",,,6838,3872,2587,539,746,2966,1685,69,10,155,567,480
"D","Yorkshire and The Humber",,,"00CE","Doncaster","E02001558","Doncaster 020",,,5203,3644,2705,485,454,1559,873,21,9,72,206,378
"D","Yorkshire and The Humber",,,"00CE","Doncaster","E02001559","Doncaster 021",,,5966,4266,3238,514,514,1700,922,29,3,62,228,456
"D","Yorkshire and The Humber",,,"00CE","Doncaster","E02001560","Doncaster 022",,,6678,3378,1924,502,952,3300,1764,70,8,205,739,514
"D","Yorkshire and The Humber",,,"00CE","Doncaster","E02001561","Doncaster 023",,,4586,2426,1460,416,550,2160,1082,41,6,107,512,412
"D","Yorkshire and The Humber",,,"00CE","Doncaster","E02001562","Doncaster 024",,,4682,2886,2061,437,388,1796,822,28,4,88,314,540
"D","Yorkshire and The Humber",,,"00CE","Doncaster","E02001563","Doncaster 025",,,5914,4054,3193,489,372,1860,967,29,6,89,255,514
"D","Yorkshire and The Humber",,,"00CE","Doncaster","E02001564","Doncaster 026",,,6041,4432,3352,648,432,1609,948,25,5,68,217,346
"D","Yorkshire and The Humber",,,"00CE","Doncaster","E02001565","Doncaster 027",,,4858,3498,2764,468,266,1360,777,26,4,55,164,334
"D","Yorkshire and The Humber",,,"00CE","Doncaster","E02001566","Doncaster 028",,,4148,2387,1474,349,564,1761,913,24,5,105,377,337
"D","Yorkshire and The Humber",,,"00CE","Doncaster","E02001567","Doncaster 029",,,6596,4034,2666,594,774,2562,1455,33,4,146,451,473
"D","Yorkshire and The Humber",,,"00CE","Doncaster","E02001568","Doncaster 030",,,4673,2808,2008,370,430,1865,958,31,4,94,340,438
"D","Yorkshire and The Humber",,,"00CE","Doncaster","E02001569","Doncaster 031",,,6719,4140,2790,500,850,2579,1363,29,12,139,458,578
"D","Yorkshire and The Humber",,,"00CE","Doncaster","E02001570","Doncaster 032",,,4859,2711,1908,342,461,2148,1066,25,4,105,393,555
"D","Yorkshire and The Humber",,,"00CE","Doncaster","E02001571","Doncaster 033",,,4830,3300,2502,408,390,1530,864,21,6,75,227,337
"D","Yorkshire and The Humber",,,"00CE","Doncaster","E02001572","Doncaster 034",,,5778,3586,2314,512,760,2192,1153,34,0,113,380,512
"D","Yorkshire and The Humber",,,"00CE","Doncaster","E02001573","Doncaster 035",,,6076,3848,2786,460,602,2228,1298,28,3,92,338,469
"D","Yorkshire and The Humber",,,"00CE","Doncaster","E02001574","Doncaster 036",,,4764,3374,2392,454,528,1390,796,18,3,77,232,264
"D","Yorkshire and The Humber",,,"00CE","Doncaster","E02001575","Doncaster 037",,,5368,3224,2098,486,640,2144,1059,34,0,117,425,509
"D","Yorkshire and The Humber",,,"00CE","Doncaster","E02001576","Doncaster 038",,,3958,2698,1807,423,468,1260,630,20,3,82,247,278
"D","Yorkshire and The Humber",,,"00CE","Doncaster","E02001577","Doncaster 039",,,5523,3792,2814,566,412,1731,884,22,3,57,256,509
"D","Yorkshire and The Humber",,,"00CF","Rotherham","E02001578","Rotherham 001",,,5975,3832,2606,486,740,2143,1165,20,5,76,374,503
"D","Yorkshire and The Humber",,,"00CF","Rotherham","E02001579","Rotherham 002",,,7107,4418,3223,545,650,2689,1418,39,10,107,446,669
"D","Yorkshire and The Humber",,,"00CF","Rotherham","E02001580","Rotherham 003",,,6846,4459,3306,478,675,2387,1249,36,8,102,371,621
"D","Yorkshire and The Humber",,,"00CF","Rotherham","E02001581","Rotherham 004",,,4641,3064,2192,384,488,1577,887,19,5,76,257,333
"D","Yorkshire and The Humber",,,"00CF","Rotherham","E02001582","Rotherham 005",,,5732,3726,2706,486,534,2006,1073,17,5,75,338,498
"D","Yorkshire and The Humber",,,"00CF","Rotherham","E02001583","Rotherham 006",,,4306,2744,1999,293,452,1562,867,26,3,71,245,350
"D","Yorkshire and The Humber",,,"00CF","Rotherham","E02001584","Rotherham 007",,,5507,3866,2907,435,524,1641,930,17,4,78,259,353
"D","Yorkshire and The Humber",,,"00CF","Rotherham","E02001585","Rotherham 008",,,4491,2590,1735,313,542,1901,1007,12,4,86,354,438
"D","Yorkshire and The Humber",,,"00CF","Rotherham","E02001586","Rotherham 009",,,6887,4066,2827,553,686,2821,1383,30,3,88,552,765
"D","Yorkshire and The Humber",,,"00CF","Rotherham","E02001587","Rotherham 010",,,4759,2833,1949,349,535,1926,1061,18,4,57,326,460
"D","Yorkshire and The Humber",,,"00CF","Rotherham","E02001588","Rotherham 011",,,5598,3432,2513,425,494,2166,1121,19,5,71,353,597
"D","Yorkshire and The Humber",,,"00CF","Rotherham","E02001589","Rotherham 012",,,4725,3234,2361,431,442,1491,842,10,4,46,247,342
"D","Yorkshire and The Humber",,,"00CF","Rotherham","E02001590","Rotherham 013",,,5347,2911,1910,360,641,2436,1417,37,7,99,446,430
"D","Yorkshire and The Humber",,,"00CF","Rotherham","E02001591","Rotherham 014",,,5924,3304,2274,370,660,2620,1548,70,10,137,456,399
"D","Yorkshire and The Humber",,,"00CF","Rotherham","E02001592","Rotherham 015",,,7270,4858,3693,495,670,2412,1411,23,0,92,375,511
"D","Yorkshire and The Humber",,,"00CF","Rotherham","E02001593","Rotherham 016",,,4737,2518,1662,304,552,2219,1228,57,7,141,417,369
"D","Yorkshire and The Humber",,,"00CF","Rotherham","E02001594","Rotherham 017",,,4681,2357,1609,223,525,2324,1318,93,12,109,420,372
"D","Yorkshire and The Humber",,,"00CF","Rotherham","E02001595","Rotherham 018",,,7214,5158,3692,658,808,2056,1204,34,3,94,302,419
"D","Yorkshire and The Humber",,,"00CF","Rotherham","E02001596","Rotherham 019",,,6974,4686,3443,597,646,2288,1185,24,3,99,408,569
"D","Yorkshire and The Humber",,,"00CF","Rotherham","E02001597","Rotherham 020",,,7175,4286,2979,571,736,2889,1530,39,9,154,543,614
"D","Yorkshire and The Humber",,,"00CF","Rotherham","E02001598","Rotherham 021",,,7544,4998,3896,544,558,2546,1324,26,3,102,378,713
"D","Yorkshire and The Humber",,,"00CF","Rotherham","E02001599","Rotherham 022",,,4735,3360,2555,413,392,1375,757,20,3,29,221,345
"D","Yorkshire and The Humber",,,"00CF","Rotherham","E02001600","Rotherham 023",,,7693,5188,4162,544,482,2505,1390,79,8,106,308,614
"D","Yorkshire and The Humber",,,"00CF","Rotherham","E02001601","Rotherham 024",,,4142,2792,2138,338,316,1350,679,14,0,54,239,364
"D","Yorkshire and The Humber",,,"00CF","Rotherham","E02001602","Rotherham 025",,,7239,4950,3801,441,708,2289,1280,29,4,90,371,515
"D","Yorkshire and The Humber",,,"00CF","Rotherham","E02001603","Rotherham 026",,,4967,3265,2398,436,431,1702,927,13,0,50,273,439
"D","Yorkshire and The Humber",,,"00CF","Rotherham","E02001604","Rotherham 027",,,5605,3900,2684,430,786,1705,1014,23,0,75,265,328
"D","Yorkshire and The Humber",,,"00CF","Rotherham","E02001605","Rotherham 028",,,4760,3296,2411,403,482,1464,778,14,0,62,245,365
"D","Yorkshire and The Humber",,,"00CF","Rotherham","E02001606","Rotherham 029",,,6318,4154,3044,476,634,2164,1216,21,6,107,354,460
"D","Yorkshire and The Humber",,,"00CF","Rotherham","E02001607","Rotherham 030",,,7035,4526,3360,558,608,2509,1381,30,3,126,401,568
"D","Yorkshire and The Humber",,,"00CF","Rotherham","E02001608","Rotherham 031",,,4777,3310,2469,389,452,1467,849,19,4,55,224,316
"D","Yorkshire and The Humber",,,"00CF","Rotherham","E02001609","Rotherham 032",,,6928,4836,3701,601,534,2092,1186,28,5,73,324,476
"D","Yorkshire and The Humber",,,"00CF","Rotherham","E02001610","Rotherham 033",,,6168,4308,3199,525,584,1860,959,22,0,87,284,508
"D","Yorkshire and The Humber",,,"00CG","Sheffield","E02001611","Sheffield 001",,,6173,4016,2916,438,662,2157,1116,27,5,103,338,568
"D","Yorkshire and The Humber",,,"00CG","Sheffield","E02001612","Sheffield 002",,,4778,3268,2318,366,584,1510,853,24,3,58,237,335
"D","Yorkshire and The Humber",,,"00CG","Sheffield","E02001613","Sheffield 003",,,8769,5924,4306,676,942,2845,1578,34,4,124,424,681
"D","Yorkshire and The Humber",,,"00CG","Sheffield","E02001614","Sheffield 004",,,8580,5920,4379,625,916,2660,1563,33,5,109,343,607
"D","Yorkshire and The Humber",,,"00CG","Sheffield","E02001615","Sheffield 005",,,6066,4368,3405,447,516,1698,1001,23,4,64,185,421
"D","Yorkshire and The Humber",,,"00CG","Sheffield","E02001616","Sheffield 006",,,5723,3581,2680,376,525,2142,1099,31,5,69,282,656
"D","Yorkshire and The Humber",,,"00CG","Sheffield","E02001617","Sheffield 007",,,4211,2410,1563,289,558,1801,994,28,3,90,298,388
"D","Yorkshire and The Humber",,,"00CG","Sheffield","E02001618","Sheffield 008",,,5878,4104,3056,506,542,1774,987,20,7,83,224,453
"D","Yorkshire and The Humber",,,"00CG","Sheffield","E02001619","Sheffield 009",,,7687,4288,2985,473,830,3399,1806,52,10,168,486,877
"D","Yorkshire and The Humber",,,"00CG","Sheffield","E02001620","Sheffield 010",,,4544,2695,1719,357,619,1849,1041,23,0,80,283,422
"D","Yorkshire and The Humber",,,"00CG","Sheffield","E02001621","Sheffield 011",,,4477,2484,1683,253,548,1993,1082,33,4,94,361,419
"D","Yorkshire and The Humber",,,"00CG","Sheffield","E02001622","Sheffield 012",,,7151,4090,2767,423,900,3061,1781,45,9,169,459,598
"D","Yorkshire and The Humber",,,"00CG","Sheffield","E02001623","Sheffield 013",,,5498,2845,2008,324,513,2653,1366,49,8,129,420,681
"D","Yorkshire and The Humber",,,"00CG","Sheffield","E02001624","Sheffield 014",,,6961,4524,3240,420,864,2437,1500,57,3,135,361,381
"D","Yorkshire and The Humber",,,"00CG","Sheffield","E02001625","Sheffield 015",,,5747,3282,2131,433,718,2465,1354,34,8,148,406,515
"D","Yorkshire and The Humber",,,"00CG","Sheffield","E02001626","Sheffield 016",,,4663,3126,2263,315,548,1537,873,24,0,75,231,334
"D","Yorkshire and The Humber",,,"00CG","Sheffield","E02001627","Sheffield 017",,,4756,2763,1777,259,727,1993,1187,32,6,103,336,329
"D","Yorkshire and The Humber",,,"00CG","Sheffield","E02001628","Sheffield 018",,,4236,2278,1767,221,290,1958,1067,123,8,106,245,409
"D","Yorkshire and The Humber",,,"00CG","Sheffield","E02001629","Sheffield 019",,,4656,2484,1673,239,572,2172,1176,44,0,106,343,503
"D","Yorkshire and The Humber",,,"00CG","Sheffield","E02001630","Sheffield 020",,,5453,2917,2261,213,443,2536,1522,177,6,149,300,382
"D","Yorkshire and The Humber",,,"00CG","Sheffield","E02001631","Sheffield 021",,,6162,3966,2799,377,790,2196,1264,28,3,94,298,509
"D","Yorkshire and The Humber",,,"00CG","Sheffield","E02001632","Sheffield 022",,,6491,3001,2214,254,533,3490,2061,280,22,219,472,436
"D","Yorkshire and The Humber",,,"00CG","Sheffield","E02001633","Sheffield 023",,,6096,4292,3404,402,486,1804,953,28,3,74,225,521
"D","Yorkshire and The Humber",,,"00CG","Sheffield","E02001634","Sheffield 024",,,7896,4392,2767,401,1224,3504,2416,54,0,134,415,485
"D","Yorkshire and The Humber",,,"00CG","Sheffield","E02001635","Sheffield 025",,,5139,3206,2441,303,462,1933,905,22,0,79,314,613
"D","Yorkshire and The Humber",,,"00CG","Sheffield","E02001636","Sheffield 026",,,6224,2898,1831,321,746,3326,1930,73,6,164,525,628
"D","Yorkshire and The Humber",,,"00CG","Sheffield","E02001637","Sheffield 027",,,4383,2287,1828,180,279,2096,1176,139,4,120,240,417
"D","Yorkshire and The Humber",,,"00CG","Sheffield","E02001638","Sheffield 028",,,5296,1718,1027,129,562,3578,3167,28,3,35,169,176
"D","Yorkshire and The Humber",,,"00CG","Sheffield","E02001639","Sheffield 029",,,5194,2410,1581,181,648,2784,2064,32,5,61,232,390
"D","Yorkshire and The Humber",,,"00CG","Sheffield","E02001640","Sheffield 030",,,6417,1840,1111,149,580,4577,3965,55,3,57,225,272
"D","Yorkshire and The Humber",,,"00CG","Sheffield","E02001641","Sheffield 031",,,4885,925,498,54,373,3960,3376,131,6,100,231,116
"D","Yorkshire and The Humber",,,"00CG","Sheffield","E02001642","Sheffield 032",,,7258,4658,3501,401,756,2600,1430,61,3,105,306,695
"D","Yorkshire and The Humber",,,"00CG","Sheffield","E02001643","Sheffield 033",,,5033,3424,2825,333,266,1609,858,27,0,47,193,484
"D","Yorkshire and The Humber",,,"00CG","Sheffield","E02001644","Sheffield 034",,,4574,2328,1446,228,654,2246,1407,32,9,117,333,348
"D","Yorkshire and The Humber",,,"00CG","Sheffield","E02001645","Sheffield 035",,,5165,2180,1439,215,526,2985,1963,67,6,108,422,419
"D","Yorkshire and The Humber",,,"00CG","Sheffield","E02001646","Sheffield 036",,,6105,1986,1219,191,576,4119,3540,44,6,53,220,256
"D","Yorkshire and The Humber",,,"00CG","Sheffield","E02001647","Sheffield 037",,,4904,3101,2327,307,467,1803,844,24,6,79,219,631
"D","Yorkshire and The Humber",,,"00CG","Sheffield","E02001648","Sheffield 038",,,4655,2668,1897,273,498,1987,1321,41,0,63,240,322
"D","Yorkshire and The Humber",,,"00CG","Sheffield","E02001649","Sheffield 039",,,6768,3288,2161,385,742,3480,1891,58,9,186,587,749
"D","Yorkshire and The Humber",,,"00CG","Sheffield","E02001650","Sheffield 040",,,4908,1467,871,145,451,3441,2641,67,14,120,332,267
"D","Yorkshire and The Humber",,,"00CG","Sheffield","E02001651","Sheffield 041",,,6032,4392,3664,416,312,1640,936,23,5,61,196,419
"D","Yorkshire and The Humber",,,"00CG","Sheffield","E02001652","Sheffield 042",,,5670,2060,1405,139,516,3610,2847,118,5,86,237,317
"D","Yorkshire and The Humber",,,"00CG","Sheffield","E02001653","Sheffield 043",,,4581,2104,1375,255,474,2477,1581,46,3,85,357,405
"D","Yorkshire and The Humber",,,"00CG","Sheffield","E02001654","Sheffield 044",,,4866,3362,2550,320,492,1504,895,21,0,65,211,312
"D","Yorkshire and The Humber",,,"00CG","Sheffield","E02001655","Sheffield 045",,,6111,3767,2681,401,685,2344,1226,32,3,109,336,638
"D","Yorkshire and The Humber",,,"00CG","Sheffield","E02001656","Sheffield 046",,,6550,2954,1972,268,714,3596,2926,49,6,71,217,327
"D","Yorkshire and The Humber",,,"00CG","Sheffield","E02001657","Sheffield 047",,,7339,4382,3223,395,764,2957,2116,36,5,84,311,405
"D","Yorkshire and The Humber",,,"00CG","Sheffield","E02001658","Sheffield 048",,,4377,2224,1443,281,500,2153,1184,40,6,104,345,474
"D","Yorkshire and The Humber",,,"00CG","Sheffield","E02001659","Sheffield 049",,,4999,2786,1948,304,534,2213,1017,23,7,98,370,698
"D","Yorkshire and The Humber",,,"00CG","Sheffield","E02001660","Sheffield 050",,,7472,3669,2396,289,984,3803,2727,124,13,128,356,455
"D","Yorkshire and The Humber",,,"00CG","Sheffield","E02001661","Sheffield 051",,,6029,3108,1981,351,776,2921,1662,40,9,143,466,601
"D","Yorkshire and The Humber",,,"00CG","Sheffield","E02001662","Sheffield 052",,,6062,3866,2879,359,628,2196,1097,28,3,92,298,678
"D","Yorkshire and The Humber",,,"00CG","Sheffield","E02001663","Sheffield 053",,,5638,3290,1998,262,1030,2348,1584,45,0,106,338,275
"D","Yorkshire and The Humber",,,"00CG","Sheffield","E02001664","Sheffield 054",,,4869,3230,2460,318,452,1639,939,28,3,61,223,385
"D","Yorkshire and The Humber",,,"00CG","Sheffield","E02001665","Sheffield 055",,,7347,5184,4255,523,406,2163,1277,45,7,78,206,550
"D","Yorkshire and The Humber",,,"00CG","Sheffield","E02001666","Sheffield 056",,,4705,2956,2171,309,476,1749,919,20,4,76,269,461
"D","Yorkshire and The Humber",,,"00CG","Sheffield","E02001667","Sheffield 057",,,4956,3432,2467,365,600,1524,826,15,3,56,219,405
"D","Yorkshire and The Humber",,,"00CG","Sheffield","E02001668","Sheffield 058",,,4899,2830,2002,316,512,2069,1039,27,0,109,310,584
"D","Yorkshire and The Humber",,,"00CG","Sheffield","E02001669","Sheffield 059",,,5975,3692,2426,350,916,2283,1342,26,8,126,355,426
"D","Yorkshire and The Humber",,,"00CG","Sheffield","E02001670","Sheffield 060",,,4754,2542,1793,261,488,2212,1080,27,6,134,401,564
"D","Yorkshire and The Humber",,,"00CG","Sheffield","E02001671","Sheffield 061",,,4827,3340,2393,429,518,1487,801,25,0,66,245,350
"D","Yorkshire and The Humber",,,"00CG","Sheffield","E02001672","Sheffield 062",,,4951,3230,2524,322,384,1721,794,17,0,63,236,611
"D","Yorkshire and The Humber",,,"00CG","Sheffield","E02001673","Sheffield 063",,,4347,3246,2291,363,592,1101,730,10,4,67,162,128
"D","Yorkshire and The Humber",,,"00CG","Sheffield","E02001674","Sheffield 064",,,7303,4974,3846,534,594,2329,1234,17,5,91,267,715
"D","Yorkshire and The Humber",,,"00CG","Sheffield","E02001675","Sheffield 065",,,7262,4532,3197,521,814,2730,1458,34,5,144,445,644
"D","Yorkshire and The Humber",,,"00CG","Sheffield","E02001676","Sheffield 066",,,4759,3346,2632,334,380,1413,735,17,3,60,170,428
"D","Yorkshire and The Humber",,,"00CG","Sheffield","E02001677","Sheffield 067",,,6321,4512,3240,498,774,1809,1097,25,4,90,254,339
"D","Yorkshire and The Humber",,,"00CG","Sheffield","E02001678","Sheffield 068",,,7672,5408,4345,623,440,2264,1122,30,6,84,295,727
"D","Yorkshire and The Humber",,,"00CG","Sheffield","E02001679","Sheffield 069",,,5029,2790,2011,283,496,2239,1119,28,5,96,383,608
"D","Yorkshire and The Humber",,,"00CG","Sheffield","E02001680","Sheffield 070",,,4909,2456,1652,296,508,2453,1164,32,5,137,479,636
"D","Yorkshire and The Humber",,,"00CG","Sheffield","E02001681","Sheffield 071",,,6130,4154,3225,491,438,1976,969,25,8,80,296,598
"D","Yorkshire and The Humber",,,"00CX","Bradford","E02002183","Bradford 001",,,4220,2844,2087,383,374,1376,656,30,9,46,230,405
"D","Yorkshire and The Humber",,,"00CX","Bradford","E02002184","Bradford 002",,,9673,6490,5014,780,696,3183,1603,66,10,131,469,904
"D","Yorkshire and The Humber",,,"00CX","Bradford","E02002185","Bradford 003",,,4365,3047,2339,335,373,1318,747,15,3,63,174,316
"D","Yorkshire and The Humber",,,"00CX","Bradford","E02002186","Bradford 004",,,9669,6550,4581,877,1092,3119,1668,56,6,149,533,707
"D","Yorkshire and The Humber",,,"00CX","Bradford","E02002187","Bradford 005",,,4505,3230,2553,375,302,1275,696,24,6,46,166,337
"D","Yorkshire and The Humber",,,"00CX","Bradford","E02002188","Bradford 006",,,4882,3449,2503,483,463,1433,724,31,10,68,236,364
"D","Yorkshire and The Humber",,,"00CX","Bradford","E02002189","Bradford 007",,,4511,2854,2206,352,296,1657,956,115,11,82,202,291
"D","Yorkshire and The Humber",,,"00CX","Bradford","E02002190","Bradford 008",,,8087,4790,3559,525,706,3297,1859,291,13,156,463,515
"D","Yorkshire and The Humber",,,"00CX","Bradford","E02002191","Bradford 009",,,6335,3560,2395,457,708,2775,1481,87,17,150,517,523
"D","Yorkshire and The Humber",,,"00CX","Bradford","E02002192","Bradford 010",,,6433,4488,3481,593,414,1945,1088,34,3,83,279,458
"D","Yorkshire and The Humber",,,"00CX","Bradford","E02002193","Bradford 011",,,4563,2388,1450,400,538,2175,1012,42,7,120,455,539
"D","Yorkshire and The Humber",,,"00CX","Bradford","E02002194","Bradford 012",,,5562,3562,2434,534,594,2000,1062,24,10,93,360,451
"D","Yorkshire and The Humber",,,"00CX","Bradford","E02002195","Bradford 013",,,4958,3340,2477,435,428,1618,888,17,3,75,225,410
"D","Yorkshire and The Humber",,,"00CX","Bradford","E02002196","Bradford 014",,,4596,3118,2105,415,598,1478,880,22,7,71,257,241
"D","Yorkshire and The Humber",,,"00CX","Bradford","E02002197","Bradford 015",,,5816,3423,2251,453,719,2393,1246,42,7,134,445,519
"D","Yorkshire and The Humber",,,"00CX","Bradford","E02002198","Bradford 016",,,6452,4110,2834,570,706,2342,1171,36,8,99,425,603
"D","Yorkshire and The Humber",,,"00CX","Bradford","E02002199","Bradford 017",,,4661,3296,2292,444,560,1365,746,24,5,78,216,296
"D","Yorkshire and The Humber",,,"00CX","Bradford","E02002200","Bradford 018",,,7238,4496,3224,570,702,2742,1543,37,9,135,448,570
"D","Yorkshire and The Humber",,,"00CX","Bradford","E02002201","Bradford 019",,,8017,4986,3149,689,1148,3031,1585,56,7,161,551,671
"D","Yorkshire and The Humber",,,"00CX","Bradford","E02002202","Bradford 020",,,4838,2648,1716,328,604,2190,1197,35,8,125,351,474
"D","Yorkshire and The Humber",,,"00CX","Bradford","E02002203","Bradford 021",,,5635,3241,2112,454,675,2394,1262,34,4,134,446,514
"D","Yorkshire and The Humber",,,"00CX","Bradford","E02002204","Bradford 022",,,8623,5770,4191,793,786,2853,1585,41,9,134,451,633
"D","Yorkshire and The Humber",,,"00CX","Bradford","E02002205","Bradford 023",,,7480,5000,3347,677,976,2480,1319,40,8,157,453,503
"D","Yorkshire and The Humber",,,"00CX","Bradford","E02002206","Bradford 024",,,6141,3842,2716,496,630,2299,1289,42,10,113,359,486
"D","Yorkshire and The Humber",,,"00CX","Bradford","E02002207","Bradford 025",,,4538,2548,1952,246,350,1990,1200,114,6,92,223,355
"D","Yorkshire and The Humber",,,"00CX","Bradford","E02002208","Bradford 026",,,5550,3264,2148,468,648,2286,1245,41,10,115,407,468
"D","Yorkshire and The Humber",,,"00CX","Bradford","E02002209","Bradford 027",,,4190,2192,1321,345,526,1998,1121,32,7,136,375,327
"D","Yorkshire and The Humber",,,"00CX","Bradford","E02002210","Bradford 028",,,5708,3726,2773,497,456,1982,1151,66,6,95,284,380
"D","Yorkshire and The Humber",,,"00CX","Bradford","E02002211","Bradford 029",,,4310,2496,1962,200,334,1814,1057,147,8,95,201,306
"D","Yorkshire and The Humber",,,"00CX","Bradford","E02002212","Bradford 030",,,4328,2680,1991,279,410,1648,904,64,6,98,233,343
"D","Yorkshire and The Humber",,,"00CX","Bradford","E02002213","Bradford 031",,,4767,3150,2188,474,488,1617,875,28,7,78,254,375
"D","Yorkshire and The Humber",,,"00CX","Bradford","E02002214","Bradford 032",,,4365,2768,1972,310,486,1597,908,25,5,88,233,338
"D","Yorkshire and The Humber",,,"00CX","Bradford","E02002215","Bradford 033",,,6524,3578,3213,145,220,2946,1793,422,14,163,178,376
"D","Yorkshire and The Humber",,,"00CX","Bradford","E02002216","Bradford 034",,,5692,2770,2391,125,254,2922,1733,362,16,190,311,310
"D","Yorkshire and The Humber",,,"00CX","Bradford","E02002217","Bradford 035",,,5453,2946,2119,275,552,2507,1373,158,7,129,344,496
"D","Yorkshire and The Humber",,,"00CX","Bradford","E02002218","Bradford 036",,,6404,3799,2607,487,705,2605,1440,45,9,149,456,506
"D","Yorkshire and The Humber",,,"00CX","Bradford","E02002219","Bradford 037",,,4326,2470,2071,175,224,1856,1038,164,15,138,205,296
"D","Yorkshire and The Humber",,,"00CX","Bradford","E02002220","Bradford 038",,,5566,3117,2530,246,341,2449,1415,245,9,193,256,331
"D","Yorkshire and The Humber",,,"00CX","Bradford","E02002221","Bradford 039",,,6515,2999,2424,161,414,3516,1956,354,25,236,486,459
"D","Yorkshire and The Humber",,,"00CX","Bradford","E02002222","Bradford 040",,,5215,2957,2135,337,485,2258,1278,61,7,123,333,456
"D","Yorkshire and The Humber",,,"00CX","Bradford","E02002223","Bradford 041",,,4505,2338,1966,154,218,2167,1304,236,12,115,220,280
"D","Yorkshire and The Humber",,,"00CX","Bradford","E02002224","Bradford 042",,,5782,3187,2751,128,308,2595,1488,351,14,192,228,322
"D","Yorkshire and The Humber",,,"00CX","Bradford","E02002225","Bradford 043",,,5612,3526,2341,457,728,2086,1199,30,5,119,320,413
"D","Yorkshire and The Humber",,,"00CX","Bradford","E02002226","Bradford 044",,,8296,3598,3111,119,368,4698,3576,452,19,126,174,351
"D","Yorkshire and The Humber",,,"00CX","Bradford","E02002227","Bradford 045",,,4236,2090,1467,225,398,2146,1193,97,7,164,359,326
"D","Yorkshire and The Humber",,,"00CX","Bradford","E02002228","Bradford 046",,,4239,2232,1441,281,510,2007,1052,53,3,144,326,429
"D","Yorkshire and The Humber",,,"00CX","Bradford","E02002229","Bradford 047",,,5496,3360,2348,412,600,2136,1168,30,6,107,344,481
"D","Yorkshire and The Humber",,,"00CX","Bradford","E02002230","Bradford 048",,,5024,2140,1634,148,358,2884,1791,210,11,155,357,360
"D","Yorkshire and The Humber",,,"00CX","Bradford","E02002231","Bradford 049",,,7496,4584,3513,491,580,2912,1658,148,12,158,394,542
"D","Yorkshire and The Humber",,,"00CX","Bradford","E02002232","Bradford 050",,,4492,2476,1693,259,524,2016,1110,88,7,115,304,392
"D","Yorkshire and The Humber",,,"00CX","Bradford","E02002233","Bradford 051",,,5197,2696,2040,252,404,2501,1549,159,9,162,299,323
"D","Yorkshire and The Humber",,,"00CX","Bradford","E02002234","Bradford 052",,,5113,2324,1308,346,670,2789,1574,45,11,217,509,433
"D","Yorkshire and The Humber",,,"00CX","Bradford","E02002235","Bradford 053",,,4323,2350,1724,236,390,1973,1114,120,5,145,267,322
"D","Yorkshire and The Humber",,,"00CX","Bradford","E02002236","Bradford 054",,,4648,2924,2100,384,440,1724,935,37,4,82,252,414
"D","Yorkshire and The Humber",,,"00CX","Bradford","E02002237","Bradford 055",,,5705,3500,2426,460,614,2205,1283,39,6,110,357,410
"D","Yorkshire and The Humber",,,"00CX","Bradford","E02002238","Bradford 056",,,4556,2570,1697,319,554,1986,1073,43,6,120,306,438
"D","Yorkshire and The Humber",,,"00CX","Bradford","E02002239","Bradford 057",,,5966,3658,2336,520,802,2308,1304,59,7,151,367,420
"D","Yorkshire and The Humber",,,"00CX","Bradford","E02002240","Bradford 058",,,7886,5246,3459,725,1062,2640,1539,58,7,140,409,487
"D","Yorkshire and The Humber",,,"00CX","Bradford","E02002241","Bradford 059",,,8447,4945,3154,676,1115,3502,2009,65,8,219,569,632
"D","Yorkshire and The Humber",,,"00CX","Bradford","E02002242","Bradford 060",,,6145,4042,2844,536,662,2103,1109,37,4,122,303,528
"D","Yorkshire and The Humber",,,"00CX","Bradford","E02002243","Bradford 061",,,7119,4358,2924,608,826,2761,1506,51,11,154,466,573
"D","Yorkshire and The Humber",,,"00CY","Calderdale","E02002244","Calderdale 001",,,4702,3096,2189,447,460,1606,937,20,4,90,226,329
"D","Yorkshire and The Humber",,,"00CY","Calderdale","E02002245","Calderdale 002",,,4021,2064,1158,322,584,1957,1055,55,11,149,389,298
"D","Yorkshire and The Humber",,,"00CY","Calderdale","E02002246","Calderdale 003",,,7338,5044,3764,662,618,2294,1212,25,4,81,370,602
"D","Yorkshire and The Humber",,,"00CY","Calderdale","E02002247","Calderdale 004",,,7191,4520,2696,640,1184,2671,1513,54,9,150,509,436
"D","Yorkshire and The Humber",,,"00CY","Calderdale","E02002248","Calderdale 005",,,5565,3184,2018,514,652,2381,1258,43,5,131,424,520
"D","Yorkshire and The Humber",,,"00CY","Calderdale","E02002249","Calderdale 006",,,4202,2366,1394,322,650,1836,1019,44,7,141,339,286
"D","Yorkshire and The Humber",,,"00CY","Calderdale","E02002250","Calderdale 007",,,6266,4052,2672,634,746,2214,1077,46,12,105,409,565
"D","Yorkshire and The Humber",,,"00CY","Calderdale","E02002251","Calderdale 008",,,5881,2980,1795,399,786,2901,1435,57,10,166,625,608
"D","Yorkshire and The Humber",,,"00CY","Calderdale","E02002252","Calderdale 009",,,4683,3296,2434,416,446,1387,757,34,3,55,224,314
"D","Yorkshire and The Humber",,,"00CY","Calderdale","E02002253","Calderdale 010",,,4884,2906,1916,404,586,1978,988,57,10,103,323,497
"D","Yorkshire and The Humber",,,"00CY","Calderdale","E02002254","Calderdale 011",,,4593,3138,2350,402,386,1455,824,22,3,59,233,314
"D","Yorkshire and The Humber",,,"00CY","Calderdale","E02002255","Calderdale 012",,,5077,2514,2025,165,324,2563,1311,377,14,193,285,383
"D","Yorkshire and The Humber",,,"00CY","Calderdale","E02002256","Calderdale 013",,,6862,3998,2451,641,906,2864,1512,55,14,154,519,610
"D","Yorkshire and The Humber",,,"00CY","Calderdale","E02002257","Calderdale 014",,,4092,2365,1730,198,437,1727,937,147,11,123,236,273
"D","Yorkshire and The Humber",,,"00CY","Calderdale","E02002258","Calderdale 015",,,6173,3946,2743,557,646,2227,1139,40,7,104,383,554
"D","Yorkshire and The Humber",,,"00CY","Calderdale","E02002259","Calderdale 016",,,4874,2996,2061,371,564,1878,1059,67,10,104,276,362
"D","Yorkshire and The Humber",,,"00CY","Calderdale","E02002260","Calderdale 017",,,6724,4056,2584,526,946,2668,1381,45,11,129,518,584
"D","Yorkshire and The Humber",,,"00CY","Calderdale","E02002261","Calderdale 018",,,5906,3690,2473,503,714,2216,1188,39,12,120,367,490
"D","Yorkshire and The Humber",,,"00CY","Calderdale","E02002262","Calderdale 019",,,6169,3886,2637,503,746,2283,1174,51,8,117,379,554
"D","Yorkshire and The Humber",,,"00CY","Calderdale","E02002263","Calderdale 020",,,4880,3116,2046,498,572,1764,946,30,11,90,288,399
"D","Yorkshire and The Humber",,,"00CY","Calderdale","E02002264","Calderdale 021",,,5080,3288,2401,415,472,1792,928,59,4,81,275,445
"D","Yorkshire and The Humber",,,"00CY","Calderdale","E02002265","Calderdale 022",,,4303,2705,1748,386,571,1598,857,29,5,90,287,330
"D","Yorkshire and The Humber",,,"00CY","Calderdale","E02002266","Calderdale 023",,,4752,3272,2287,431,554,1480,809,46,8,91,245,281
"D","Yorkshire and The Humber",,,"00CY","Calderdale","E02002267","Calderdale 024",,,5872,3784,2613,587,584,2088,1094,44,6,115,351,478
"D","Yorkshire and The Humber",,,"00CY","Calderdale","E02002268","Calderdale 025",,,7142,4342,2763,653,926,2800,1417,76,8,157,497,645
"D","Yorkshire and The Humber",,,"00CY","Calderdale","E02002269","Calderdale 026",,,7025,4802,3173,711,918,2223,1258,49,9,113,359,435
"D","Yorkshire and The Humber",,,"00CY","Calderdale","E02002270","Calderdale 027",,,5701,4034,2704,594,736,1667,943,18,7,84,281,334
"D","Yorkshire and The Humber",,,"00CZ","Kirklees","E02002271","Kirklees 001",,,5294,3568,2571,461,536,1726,956,25,0,72,264,409
"D","Yorkshire and The Humber",,,"00CZ","Kirklees","E02002272","Kirklees 002",,,7311,4476,3015,643,818,2835,1558,24,7,172,524,550
"D","Yorkshire and The Humber",,,"00CZ","Kirklees","E02002273","Kirklees 003",,,4619,3083,2168,410,505,1536,832,16,6,83,261,338
"D","Yorkshire and The Humber",,,"00CZ","Kirklees","E02002274","Kirklees 004",,,4693,3182,2269,447,466,1511,869,14,6,81,212,329
"D","Yorkshire and The Humber",,,"00CZ","Kirklees","E02002275","Kirklees 005",,,6142,3776,2522,536,718,2366,1209,19,3,123,473,539
"D","Yorkshire and The Humber",,,"00CZ","Kirklees","E02002276","Kirklees 006",,,5534,3576,2532,462,582,1958,1156,28,6,109,317,342
"D","Yorkshire and The Humber",,,"00CZ","Kirklees","E02002277","Kirklees 007",,,4715,2996,2275,331,390,1719,978,51,7,90,274,319
"D","Yorkshire and The Humber",,,"00CZ","Kirklees","E02002278","Kirklees 008",,,4571,2948,1966,438,544,1623,858,15,3,94,292,361
"D","Yorkshire and The Humber",,,"00CZ","Kirklees","E02002279","Kirklees 009",,,4518,2698,1773,409,516,1820,943,25,10,118,307,417
"D","Yorkshire and The Humber",,,"00CZ","Kirklees","E02002280","Kirklees 010",,,4109,2176,1717,207,252,1933,1037,80,7,112,294,403
"D","Yorkshire and The Humber",,,"00CZ","Kirklees","E02002281","Kirklees 011",,,7913,5078,3610,638,830,2835,1622,121,9,140,402,541
"D","Yorkshire and The Humber",,,"00CZ","Kirklees","E02002282","Kirklees 012",,,4601,2842,2148,302,392,1759,1038,60,6,89,269,297
"D","Yorkshire and The Humber",,,"00CZ","Kirklees","E02002283","Kirklees 013",,,5539,3260,2817,173,270,2279,1509,105,9,88,239,329
"D","Yorkshire and The Humber",,,"00CZ","Kirklees","E02002284","Kirklees 014",,,4837,3206,2347,357,502,1631,896,23,5,72,273,362
"D","Yorkshire and The Humber",,,"00CZ","Kirklees","E02002285","Kirklees 015",,,6006,4114,2933,607,574,1892,1049,15,0,94,271,463
"D","Yorkshire and The Humber",,,"00CZ","Kirklees","E02002286","Kirklees 016",,,4100,2454,1660,292,502,1646,902,50,7,87,294,306
"D","Yorkshire and The Humber",,,"00CZ","Kirklees","E02002287","Kirklees 017",,,4162,2322,1725,229,368,1840,988,87,5,93,294,373
"D","Yorkshire and The Humber",,,"00CZ","Kirklees","E02002288","Kirklees 018",,,6372,3834,2522,514,798,2538,1377,54,8,151,463,485
"D","Yorkshire and The Humber",,,"00CZ","Kirklees","E02002289","Kirklees 019",,,4070,2430,1781,253,396,1640,944,88,12,118,255,223
"D","Yorkshire and The Humber",,,"00CZ","Kirklees","E02002290","Kirklees 020",,,4998,3446,2672,434,340,1552,840,17,3,56,223,413
"D","Yorkshire and The Humber",,,"00CZ","Kirklees","E02002291","Kirklees 021",,,4830,3288,2367,469,452,1542,888,17,3,82,238,314
"D","Yorkshire and The Humber",,,"00CZ","Kirklees","E02002292","Kirklees 022",,,4286,2862,2111,401,350,1424,832,23,3,82,209,275
"D","Yorkshire and The Humber",,,"00CZ","Kirklees","E02002293","Kirklees 023",,,4675,2566,1964,228,374,2109,1114,142,11,147,302,393
"D","Yorkshire and The Humber",,,"00CZ","Kirklees","E02002294","Kirklees 024",,,6729,4113,3398,323,392,2616,1581,212,12,130,261,420
"D","Yorkshire and The Humber",,,"00CZ","Kirklees","E02002295","Kirklees 025",,,4293,1983,1193,299,491,2310,1305,51,6,143,427,378
"D","Yorkshire and The Humber",,,"00CZ","Kirklees","E02002296","Kirklees 026",,,5011,3308,2381,463,464,1703,874,11,3,79,273,463
"D","Yorkshire and The Humber",,,"00CZ","Kirklees","E02002297","Kirklees 027",,,4971,3359,2529,411,419,1612,981,44,7,62,189,329
"D","Yorkshire and The Humber",,,"00CZ","Kirklees","E02002298","Kirklees 028",,,5218,3344,2345,477,522,1874,1014,22,3,113,336,386
"D","Yorkshire and The Humber",,,"00CZ","Kirklees","E02002299","Kirklees 029",,,4298,1915,1259,211,445,2383,1531,70,3,122,332,325
"D","Yorkshire and The Humber",,,"00CZ","Kirklees","E02002300","Kirklees 030",,,4841,3212,2511,375,326,1629,901,22,3,69,244,390
"D","Yorkshire and The Humber",,,"00CZ","Kirklees","E02002301","Kirklees 031",,,4765,2244,1687,185,372,2521,1663,124,11,109,314,300
"D","Yorkshire and The Humber",,,"00CZ","Kirklees","E02002302","Kirklees 032",,,4267,2890,2111,397,382,1377,785,18,4,51,218,301
"D","Yorkshire and The Humber",,,"00CZ","Kirklees","E02002303","Kirklees 033",,,4695,2876,2056,336,484,1819,997,26,4,106,280,406
"D","Yorkshire and The Humber",,,"00CZ","Kirklees","E02002304","Kirklees 034",,,4861,2324,1627,253,444,2537,1599,69,8,94,353,414
"D","Yorkshire and The Humber",,,"00CZ","Kirklees","E02002305","Kirklees 035",,,4448,2298,1530,262,506,2150,1247,29,7,117,380,370
"D","Yorkshire and The Humber",,,"00CZ","Kirklees","E02002306","Kirklees 036",,,4777,3250,2387,443,420,1527,881,13,5,74,254,300
"D","Yorkshire and The Humber",,,"00CZ","Kirklees","E02002307","Kirklees 037",,,4628,2824,1941,385,498,1804,957,17,6,98,297,429
"D","Yorkshire and The Humber",,,"00CZ","Kirklees","E02002308","Kirklees 038",,,4605,2872,1890,406,576,1733,992,28,5,79,314,315
"D","Yorkshire and The Humber",,,"00CZ","Kirklees","E02002309","Kirklees 039",,,4687,2300,1668,230,402,2387,1421,98,9,119,319,421
"D","Yorkshire and The Humber",,,"00CZ","Kirklees","E02002310","Kirklees 040",,,4388,2420,1606,312,502,1968,1094,27,6,100,306,435
"D","Yorkshire and The Humber",,,"00CZ","Kirklees","E02002311","Kirklees 041",,,4740,2908,1856,420,632,1832,993,27,3,93,346,370
"D","Yorkshire and The Humber",,,"00CZ","Kirklees","E02002312","Kirklees 042",,,4578,2204,1368,276,560,2374,1540,44,6,116,343,325
"D","Yorkshire and The Humber",,,"00CZ","Kirklees","E02002313","Kirklees 043",,,4713,2384,1791,169,424,2329,1460,178,10,133,282,266
"D","Yorkshire and The Humber",,,"00CZ","Kirklees","E02002314","Kirklees 044",,,4630,3016,2212,402,402,1614,865,27,3,74,245,400
"D","Yorkshire and The Humber",,,"00CZ","Kirklees","E02002315","Kirklees 045",,,4860,2878,1809,415,654,1982,1091,33,4,124,391,339
"D","Yorkshire and The Humber",,,"00CZ","Kirklees","E02002316","Kirklees 046",,,4836,3256,2281,519,456,1580,832,16,4,74,250,404
"D","Yorkshire and The Humber",,,"00CZ","Kirklees","E02002317","Kirklees 047",,,4924,2734,1865,383,486,2190,1188,51,8,125,321,497
"D","Yorkshire and The Humber",,,"00CZ","Kirklees","E02002318","Kirklees 048",,,4862,2680,1827,387,466,2182,1141,29,5,108,380,519
"D","Yorkshire and The Humber",,,"00CZ","Kirklees","E02002319","Kirklees 049",,,4900,3090,2028,426,636,1810,988,15,5,88,328,386
"D","Yorkshire and The Humber",,,"00CZ","Kirklees","E02002320","Kirklees 050",,,4951,3169,2271,441,457,1782,890,26,9,86,344,427
"D","Yorkshire and The Humber",,,"00CZ","Kirklees","E02002321","Kirklees 051",,,4425,2959,2174,459,326,1466,844,15,5,72,206,324
"D","Yorkshire and The Humber",,,"00CZ","Kirklees","E02002322","Kirklees 052",,,4782,3086,2067,447,572,1696,927,25,3,94,287,360
"D","Yorkshire and The Humber",,,"00CZ","Kirklees","E02002323","Kirklees 053",,,6325,4306,3087,615,604,2019,1093,17,0,92,330,487
"D","Yorkshire and The Humber",,,"00CZ","Kirklees","E02002324","Kirklees 054",,,4867,3392,2457,479,456,1475,801,17,4,63,211,379
"D","Yorkshire and The Humber",,,"00CZ","Kirklees","E02002325","Kirklees 055",,,6158,4096,2944,554,598,2062,1095,28,3,103,362,471
"D","Yorkshire and The Humber",,,"00CZ","Kirklees","E02002326","Kirklees 056",,,4598,3292,2392,452,448,1306,746,14,5,75,199,267
"D","Yorkshire and The Humber",,,"00CZ","Kirklees","E02002327","Kirklees 057",,,7066,5016,3710,650,656,2050,1162,21,3,103,320,441
"D","Yorkshire and The Humber",,,"00CZ","Kirklees","E02002328","Kirklees 058",,,5022,3506,2515,469,522,1516,827,18,6,77,271,317
"D","Yorkshire and The Humber",,,"00CZ","Kirklees","E02002329","Kirklees 059",,,8609,5792,4137,757,898,2817,1649,45,11,143,456,513
"D","Yorkshire and The Humber",,,"00DA","Leeds","E02002330","Leeds 001",,,5684,4130,3314,482,334,1554,930,27,5,61,190,341
"D","Yorkshire and The Humber",,,"00DA","Leeds","E02002331","Leeds 002",,,4264,2662,1962,308,392,1602,737,33,5,70,266,491
"D","Yorkshire and The Humber",,,"00DA","Leeds","E02002332","Leeds 003",,,4787,3134,2293,401,440,1653,905,23,4,74,252,395
"D","Yorkshire and The Humber",,,"00DA","Leeds","E02002333","Leeds 004",,,6493,4120,2853,523,744,2373,1274,37,5,114,402,541
"D","Yorkshire and The Humber",,,"00DA","Leeds","E02002334","Leeds 005",,,5765,4014,3031,501,482,1751,926,29,3,79,269,445
"D","Yorkshire and The Humber",,,"00DA","Leeds","E02002335","Leeds 006",,,5925,4358,3404,578,376,1567,827,34,15,73,228,390
"D","Yorkshire and The Humber",,,"00DA","Leeds","E02002336","Leeds 007",,,5004,3558,2807,429,322,1446,779,30,8,61,180,388
"D","Yorkshire and The Humber",,,"00DA","Leeds","E02002337","Leeds 008",,,4673,3344,2650,382,312,1329,767,22,4,61,178,297
"D","Yorkshire and The Humber",,,"00DA","Leeds","E02002338","Leeds 009",,,4930,3158,2279,397,482,1772,1048,23,4,81,253,363
"D","Yorkshire and The Humber",,,"00DA","Leeds","E02002339","Leeds 010",,,4722,2854,1815,391,648,1868,953,22,6,91,362,434
"D","Yorkshire and The Humber",,,"00DA","Leeds","E02002340","Leeds 011",,,4699,2995,2096,380,519,1704,907,27,3,68,280,419
"D","Yorkshire and The Humber",,,"00DA","Leeds","E02002341","Leeds 012",,,5976,4260,3479,441,340,1716,1020,39,3,54,195,405
"D","Yorkshire and The Humber",,,"00DA","Leeds","E02002342","Leeds 013",,,4993,3346,2581,399,366,1647,883,28,6,76,284,370
"D","Yorkshire and The Humber",,,"00DA","Leeds","E02002343","Leeds 014",,,4637,3102,2204,352,546,1535,906,17,4,69,227,312
"D","Yorkshire and The Humber",,,"00DA","Leeds","E02002344","Leeds 015",,,6075,3950,3088,354,508,2125,1161,53,5,87,270,549
"D","Yorkshire and The Humber",,,"00DA","Leeds","E02002345","Leeds 016",,,4893,3314,2676,338,300,1579,1009,45,5,57,148,315
"D","Yorkshire and The Humber",,,"00DA","Leeds","E02002346","Leeds 017",,,4884,2884,1997,391,496,2000,1045,34,5,99,365,452
"D","Yorkshire and The Humber",,,"00DA","Leeds","E02002347","Leeds 018",,,4575,2398,1747,245,406,2177,1175,48,5,107,380,462
"D","Yorkshire and The Humber",,,"00DA","Leeds","E02002348","Leeds 019",,,4801,2832,2045,341,446,1969,1008,48,7,98,282,526
"D","Yorkshire and The Humber",,,"00DA","Leeds","E02002349","Leeds 020",,,4497,2640,1886,274,480,1857,1165,35,7,59,238,353
"D","Yorkshire and The Humber",,,"00DA","Leeds","E02002350","Leeds 021",,,4784,3368,2687,359,322,1416,873,16,0,54,134,339
"D","Yorkshire and The Humber",,,"00DA","Leeds","E02002351","Leeds 022",,,4432,3236,2542,398,296,1196,695,21,4,48,130,298
"D","Yorkshire and The Humber",,,"00DA","Leeds","E02002352","Leeds 023",,,5981,3670,2806,300,564,2311,1350,69,6,75,234,577
"D","Yorkshire and The Humber",,,"00DA","Leeds","E02002353","Leeds 024",,,4519,2782,2137,235,410,1737,1104,29,4,73,227,300
"D","Yorkshire and The Humber",,,"00DA","Leeds","E02002354","Leeds 025",,,6183,3740,2954,384,402,2443,1361,65,11,100,350,556
"D","Yorkshire and The Humber",,,"00DA","Leeds","E02002355","Leeds 026",,,4056,1912,1469,187,256,2144,1732,37,6,38,123,208
"D","Yorkshire and The Humber",,,"00DA","Leeds","E02002356","Leeds 027",,,6077,4080,3054,420,606,1997,1183,36,8,66,261,443
"D","Yorkshire and The Humber",,,"00DA","Leeds","E02002357","Leeds 028",,,6215,3704,2409,495,800,2511,1489,42,8,102,354,516
"D","Yorkshire and The Humber",,,"00DA","Leeds","E02002358","Leeds 029",,,6143,3834,2783,533,518,2309,1268,47,5,111,394,484
"D","Yorkshire and The Humber",,,"00DA","Leeds","E02002359","Leeds 030",,,5124,3572,2686,432,454,1552,825,38,4,85,186,414
"D","Yorkshire and The Humber",,,"00DA","Leeds","E02002360","Leeds 031",,,4782,2738,1848,288,602,2044,1300,40,6,74,280,344
"D","Yorkshire and The Humber",,,"00DA","Leeds","E02002361","Leeds 032",,,4420,2527,1810,248,469,1893,1155,53,4,94,264,323
"D","Yorkshire and The Humber",,,"00DA","Leeds","E02002362","Leeds 033",,,5956,3104,1985,417,702,2852,1549,65,14,145,492,587
"D","Yorkshire and The Humber",,,"00DA","Leeds","E02002363","Leeds 034",,,5129,2778,1658,272,848,2351,1529,48,6,108,308,352
"D","Yorkshire and The Humber",,,"00DA","Leeds","E02002364","Leeds 035",,,4430,2310,1444,306,560,2120,1061,29,9,124,412,485
"D","Yorkshire and The Humber",,,"00DA","Leeds","E02002365","Leeds 036",,,5200,2394,1486,196,712,2806,2210,49,4,70,181,292
"D","Yorkshire and The Humber",,,"00DA","Leeds","E02002366","Leeds 037",,,5730,3428,2637,309,482,2302,1407,64,11,119,272,429
"D","Yorkshire and The Humber",,,"00DA","Leeds","E02002367","Leeds 038",,,4307,1860,1164,202,494,2447,1553,67,5,128,374,320
"D","Yorkshire and The Humber",,,"00DA","Leeds","E02002368","Leeds 039",,,6074,4152,2916,470,766,1922,1094,19,5,83,292,429
"D","Yorkshire and The Humber",,,"00DA","Leeds","E02002369","Leeds 040",,,5556,2962,1923,349,690,2594,1404,63,5,165,445,512
"D","Yorkshire and The Humber",,,"00DA","Leeds","E02002370","Leeds 041",,,4938,2544,1680,368,496,2394,1236,44,7,162,462,483
"D","Yorkshire and The Humber",,,"00DA","Leeds","E02002371","Leeds 042",,,5604,2299,1631,177,491,3305,2137,138,13,178,443,396
"D","Yorkshire and The Humber",,,"00DA","Leeds","E02002372","Leeds 043",,,5359,978,510,52,416,4381,4049,53,0,35,111,133
"D","Yorkshire and The Humber",,,"00DA","Leeds","E02002373","Leeds 044",,,7299,1350,695,85,570,5949,5539,28,4,53,134,191
"D","Yorkshire and The Humber",,,"00DA","Leeds","E02002374","Leeds 045",,,5221,2454,1553,247,654,2767,1841,20,8,98,343,457
"D","Yorkshire and The Humber",,,"00DA","Leeds","E02002375","Leeds 046",,,3981,2210,1241,341,628,1771,998,32,12,128,294,307
"D","Yorkshire and The Humber",,,"00DA","Leeds","E02002376","Leeds 047",,,4125,2056,1393,201,462,2069,1229,61,10,134,327,308
"D","Yorkshire and The Humber",,,"00DA","Leeds","E02002377","Leeds 048",,,4179,1943,1595,93,255,2236,1354,211,14,141,257,259
"D","Yorkshire and The Humber",,,"00DA","Leeds","E02002378","Leeds 049",,,5802,1047,393,34,620,4755,4429,37,3,51,140,95
"D","Yorkshire and The Humber",,,"00DA","Leeds","E02002379","Leeds 050",,,4029,2050,1250,246,554,1979,1086,34,7,147,361,344
"D","Yorkshire and The Humber",,,"00DA","Leeds","E02002380","Leeds 051",,,4546,2930,2003,379,548,1616,875,27,3,99,249,363
"D","Yorkshire and The Humber",,,"00DA","Leeds","E02002381","Leeds 052",,,4686,2844,1724,394,726,1842,1057,26,12,105,361,281
"D","Yorkshire and The Humber",,,"00DA","Leeds","E02002382","Leeds 053",,,4302,2034,1367,149,518,2268,1423,147,8,158,292,240
"D","Yorkshire and The Humber",,,"00DA","Leeds","E02002383","Leeds 054",,,6910,1148,675,53,420,5762,5375,63,5,55,157,107
"D","Yorkshire and The Humber",,,"00DA","Leeds","E02002384","Leeds 055",,,6533,1764,1030,214,520,4769,3452,136,9,176,546,450
"D","Yorkshire and The Humber",,,"00DA","Leeds","E02002385","Leeds 056",,,6869,2087,1081,116,890,4782,3956,77,4,115,302,328
"D","Yorkshire and The Humber",,,"00DA","Leeds","E02002386","Leeds 057",,,7480,4876,3726,546,604,2604,1414,37,6,121,307,719
"D","Yorkshire and The Humber",,,"00DA","Leeds","E02002387","Leeds 058",,,4283,2398,1444,306,648,1885,1057,34,9,130,326,329
"D","Yorkshire and The Humber",,,"00DA","Leeds","E02002388","Leeds 059",,,5537,3092,1948,400,744,2445,1468,48,3,139,396,391
"D","Yorkshire and The Humber",,,"00DA","Leeds","E02002389","Leeds 060",,,4653,2226,1406,316,504,2427,1310,47,8,159,428,475
"D","Yorkshire and The Humber",,,"00DA","Leeds","E02002390","Leeds 061",,,4646,2788,1967,325,496,1858,1050,26,7,92,322,361
"D","Yorkshire and The Humber",,,"00DA","Leeds","E02002391","Leeds 062",,,6231,3842,2533,507,802,2389,1372,42,9,115,382,469
"D","Yorkshire and The Humber",,,"00DA","Leeds","E02002392","Leeds 063",,,4655,1098,595,77,426,3557,3087,88,4,73,186,119
"D","Yorkshire and The Humber",,,"00DA","Leeds","E02002393","Leeds 064",,,4697,1690,1009,195,486,3007,1835,113,13,160,483,403
"D","Yorkshire and The Humber",,,"00DA","Leeds","E02002394","Leeds 065",,,4867,2318,1348,250,720,2549,1486,39,6,170,426,422
"D","Yorkshire and The Humber",,,"00DA","Leeds","E02002395","Leeds 066",,,4962,3312,2616,364,332,1650,924,56,0,61,164,445
"D","Yorkshire and The Humber",,,"00DA","Leeds","E02002396","Leeds 067",,,6609,3986,2608,492,886,2623,1580,51,6,156,395,435
"D","Yorkshire and The Humber",,,"00DA","Leeds","E02002397","Leeds 068",,,5712,3462,2358,470,634,2250,1258,37,10,124,368,453
"D","Yorkshire and The Humber",,,"00DA","Leeds","E02002398","Leeds 069",,,6302,4290,3263,447,580,2012,1120,32,3,87,248,522
"D","Yorkshire and The Humber",,,"00DA","Leeds","E02002399","Leeds 070",,,4547,2532,1670,310,552,2015,1142,59,8,129,313,364
"D","Yorkshire and The Humber",,,"00DA","Leeds","E02002400","Leeds 071",,,5680,2639,1537,333,769,3041,1761,66,12,174,504,524
"D","Yorkshire and The Humber",,,"00DA","Leeds","E02002401","Leeds 072",,,4086,2010,1254,266,490,2076,1163,34,6,142,352,379
"D","Yorkshire and The Humber",,,"00DA","Leeds","E02002402","Leeds 073",,,4814,3480,2610,388,482,1334,843,20,4,55,169,243
"D","Yorkshire and The Humber",,,"00DA","Leeds","E02002403","Leeds 074",,,4863,3180,2316,384,480,1683,884,26,3,67,248,455
"D","Yorkshire and The Humber",,,"00DA","Leeds","E02002404","Leeds 075",,,4641,2250,1403,289,558,2391,1340,40,6,133,438,434
"D","Yorkshire and The Humber",,,"00DA","Leeds","E02002405","Leeds 076",,,6140,3988,2874,488,626,2152,1184,42,8,115,288,515
"D","Yorkshire and The Humber",,,"00DA","Leeds","E02002406","Leeds 077",,,6021,4358,3430,454,474,1663,1039,20,7,64,223,310
"D","Yorkshire and The Humber",,,"00DA","Leeds","E02002407","Leeds 078",,,4636,2376,1378,354,644,2260,1247,32,9,151,416,405
"D","Yorkshire and The Humber",,,"00DA","Leeds","E02002408","Leeds 079",,,5639,3570,2357,411,802,2069,1110,44,7,117,310,481
"D","Yorkshire and The Humber",,,"00DA","Leeds","E02002409","Leeds 080",,,4831,3016,1972,402,642,1815,1041,37,3,91,303,340
"D","Yorkshire and The Humber",,,"00DA","Leeds","E02002410","Leeds 081",,,4786,2914,2018,346,550,1872,1008,35,6,93,343,387
"D","Yorkshire and The Humber",,,"00DA","Leeds","E02002411","Leeds 082",,,4708,2074,1254,258,562,2634,1478,73,10,182,515,376
"D","Yorkshire and The Humber",,,"00DA","Leeds","E02002412","Leeds 083",,,4881,3160,2198,384,578,1721,1005,34,6,93,273,310
"D","Yorkshire and The Humber",,,"00DA","Leeds","E02002413","Leeds 084",,,4897,2068,1103,257,708,2829,1972,50,8,114,347,338
"D","Yorkshire and The Humber",,,"00DA","Leeds","E02002414","Leeds 085",,,4112,1988,1101,301,586,2124,1063,40,6,129,420,466
"D","Yorkshire and The Humber",,,"00DA","Leeds","E02002415","Leeds 086",,,4158,1884,1278,186,420,2274,1381,107,22,183,354,227
"D","Yorkshire and The Humber",,,"00DA","Leeds","E02002416","Leeds 087",,,5168,3474,2613,435,426,1694,841,31,4,79,233,506
"D","Yorkshire and The Humber",,,"00DA","Leeds","E02002417","Leeds 088",,,4667,3218,2313,369,536,1449,813,26,3,60,221,326
"D","Yorkshire and The Humber",,,"00DA","Leeds","E02002418","Leeds 089",,,5740,3900,2685,523,692,1840,995,29,7,86,320,403
"D","Yorkshire and The Humber",,,"00DA","Leeds","E02002419","Leeds 090",,,5787,3118,1979,447,692,2669,1428,50,9,176,459,547
"D","Yorkshire and The Humber",,,"00DA","Leeds","E02002420","Leeds 091",,,5965,3596,2521,415,660,2369,1353,46,9,138,314,509
"D","Yorkshire and The Humber",,,"00DA","Leeds","E02002421","Leeds 092",,,4270,2050,1215,297,538,2220,1188,36,8,162,378,448
"D","Yorkshire and The Humber",,,"00DA","Leeds","E02002422","Leeds 093",,,4597,3190,2277,391,522,1407,806,24,3,66,214,294
"D","Yorkshire and The Humber",,,"00DA","Leeds","E02002423","Leeds 094",,,4390,2558,1681,329,548,1832,1016,27,5,116,312,356
"D","Yorkshire and The Humber",,,"00DA","Leeds","E02002424","Leeds 095",,,5852,3902,2624,486,792,1950,1099,26,5,87,334,399
"D","Yorkshire and The Humber",,,"00DA","Leeds","E02002425","Leeds 096",,,6268,4290,3051,551,688,1978,1124,30,9,92,267,456
"D","Yorkshire and The Humber",,,"00DA","Leeds","E02002426","Leeds 097",,,6049,4178,3012,492,674,1871,1018,26,5,87,276,459
"D","Yorkshire and The Humber",,,"00DA","Leeds","E02002427","Leeds 098",,,5774,3734,2748,398,588,2040,1069,30,4,96,323,518
"D","Yorkshire and The Humber",,,"00DA","Leeds","E02002428","Leeds 099",,,4794,2956,1979,369,608,1838,1052,36,7,107,257,379
"D","Yorkshire and The Humber",,,"00DA","Leeds","E02002429","Leeds 100",,,6006,4068,2842,446,780,1938,1100,33,6,82,290,427
"D","Yorkshire and The Humber",,,"00DA","Leeds","E02002430","Leeds 101",,,5229,2760,1678,412,670,2469,1344,36,7,182,431,469
"D","Yorkshire and The Humber",,,"00DA","Leeds","E02002431","Leeds 102",,,5857,3765,2189,483,1093,2092,1218,24,7,140,339,364
"D","Yorkshire and The Humber",,,"00DA","Leeds","E02002432","Leeds 103",,,5251,3604,2553,409,642,1647,890,18,6,77,243,413
"D","Yorkshire and The Humber",,,"00DA","Leeds","E02002433","Leeds 104",,,4699,2678,1629,391,658,2021,965,33,3,94,359,567
"D","Yorkshire and The Humber",,,"00DA","Leeds","E02002434","Leeds 105",,,4709,3244,2078,414,752,1465,828,33,6,93,231,274
"D","Yorkshire and The Humber",,,"00DA","Leeds","E02002435","Leeds 106",,,5483,3686,2520,484,682,1797,998,30,5,112,273,379
"D","Yorkshire and The Humber",,,"00DA","Leeds","E02002436","Leeds 107",,,5155,3343,2229,485,629,1812,932,34,14,122,339,371
"D","Yorkshire and The Humber",,,"00DA","Leeds","E02002437","Leeds 108",,,4787,3456,2472,488,496,1331,842,23,0,76,162,228
"D","Yorkshire and The Humber",,,"00DB","Wakefield","E02002438","Wakefield 001",,,5948,3644,2434,550,660,2304,1183,21,3,111,453,533
"D","Yorkshire and The Humber",,,"00DB","Wakefield","E02002439","Wakefield 002",,,6330,3846,2518,496,832,2484,1236,29,4,131,500,584
"D","Yorkshire and The Humber",,,"00DB","Wakefield","E02002440","Wakefield 003",,,6036,3965,2828,528,609,2071,1078,25,0,93,383,492
"D","Yorkshire and The Humber",,,"00DB","Wakefield","E02002441","Wakefield 004",,,5994,3634,2439,485,710,2360,1156,26,9,103,474,592
"D","Yorkshire and The Humber",,,"00DB","Wakefield","E02002442","Wakefield 005",,,4589,3150,2243,395,512,1439,847,24,4,70,222,272
"D","Yorkshire and The Humber",,,"00DB","Wakefield","E02002443","Wakefield 006",,,4535,3238,2255,443,540,1297,824,14,3,69,195,192
"D","Yorkshire and The Humber",,,"00DB","Wakefield","E02002444","Wakefield 007",,,4616,3066,2107,401,558,1550,818,24,6,73,265,364
"D","Yorkshire and The Humber",,,"00DB","Wakefield","E02002445","Wakefield 008",,,5662,3708,2661,525,522,1954,1004,30,3,93,349,475
"D","Yorkshire and The Humber",,,"00DB","Wakefield","E02002446","Wakefield 009",,,4839,3388,2430,474,484,1451,748,29,3,76,235,360
"D","Yorkshire and The Humber",,,"00DB","Wakefield","E02002447","Wakefield 010",,,4676,2912,2090,352,470,1764,930,20,8,82,282,442
"D","Yorkshire and The Humber",,,"00DB","Wakefield","E02002448","Wakefield 011",,,5818,3584,2432,498,654,2234,1190,26,3,120,386,509
"D","Yorkshire and The Humber",,,"00DB","Wakefield","E02002449","Wakefield 012",,,5829,4106,2847,487,772,1723,981,23,3,107,306,303
"D","Yorkshire and The Humber",,,"00DB","Wakefield","E02002450","Wakefield 013",,,4620,3114,2203,357,554,1506,815,20,3,68,276,324
"D","Yorkshire and The Humber",,,"00DB","Wakefield","E02002451","Wakefield 014",,,5987,4152,3077,615,460,1835,978,20,5,90,325,417
"D","Yorkshire and The Humber",,,"00DB","Wakefield","E02002452","Wakefield 015",,,5810,3390,2167,501,722,2420,1167,40,3,124,541,545
"D","Yorkshire and The Humber",,,"00DB","Wakefield","E02002453","Wakefield 016",,,6909,4094,2726,608,760,2815,1439,29,11,141,562,633
"D","Yorkshire and The Humber",,,"00DB","Wakefield","E02002454","Wakefield 017",,,4833,2260,1558,260,442,2573,1507,69,4,124,445,424
"D","Yorkshire and The Humber",,,"00DB","Wakefield","E02002455","Wakefield 018",,,4581,2766,1878,396,492,1815,923,39,4,58,365,426
"D","Yorkshire and The Humber",,,"00DB","Wakefield","E02002456","Wakefield 019",,,4516,2702,1781,377,544,1814,1055,34,3,111,344,267
"D","Yorkshire and The Humber",,,"00DB","Wakefield","E02002457","Wakefield 020",,,5779,3266,2037,523,706,2513,1317,49,8,153,503,483
"D","Yorkshire and The Humber",,,"00DB","Wakefield","E02002458","Wakefield 021",,,6855,4730,3255,601,874,2125,1151,22,4,105,357,486
"D","Yorkshire and The Humber",,,"00DB","Wakefield","E02002459","Wakefield 022",,,6762,4316,2820,644,852,2446,1291,26,7,127,455,540
"D","Yorkshire and The Humber",,,"00DB","Wakefield","E02002460","Wakefield 023",,,6080,4166,3298,430,438,1914,1038,33,5,64,288,486
"D","Yorkshire and The Humber",,,"00DB","Wakefield","E02002461","Wakefield 024",,,6805,4532,3059,621,852,2273,1193,33,5,121,380,541
"D","Yorkshire and The Humber",,,"00DB","Wakefield","E02002462","Wakefield 025",,,5865,3824,2678,564,582,2041,1091,18,7,85,383,457
"D","Yorkshire and The Humber",,,"00DB","Wakefield","E02002463","Wakefield 026",,,6530,3742,2240,636,866,2788,1440,18,6,166,569,589
"D","Yorkshire and The Humber",,,"00DB","Wakefield","E02002464","Wakefield 027",,,6348,3840,2702,488,650,2508,1280,30,3,115,458,622
"D","Yorkshire and The Humber",,,"00DB","Wakefield","E02002465","Wakefield 028",,,4828,3042,2266,400,376,1786,940,27,0,74,285,460
"D","Yorkshire and The Humber",,,"00DB","Wakefield","E02002466","Wakefield 029",,,7261,4652,3147,681,824,2609,1309,38,9,120,477,656
"D","Yorkshire and The Humber",,,"00DB","Wakefield","E02002467","Wakefield 030",,,5866,3260,2017,461,782,2606,1511,37,7,140,489,422
"D","Yorkshire and The Humber",,,"00DB","Wakefield","E02002468","Wakefield 031",,,4818,3258,2259,403,596,1560,846,30,3,87,277,317
"D","Yorkshire and The Humber",,,"00DB","Wakefield","E02002469","Wakefield 032",,,4811,3322,2442,418,462,1489,852,11,5,81,216,324
"D","Yorkshire and The Humber",,,"00DB","Wakefield","E02002470","Wakefield 033",,,5200,3840,3111,423,306,1360,761,19,5,40,155,380
"D","Yorkshire and The Humber",,,"00DB","Wakefield","E02002471","Wakefield 034",,,7910,5604,4137,749,718,2306,1303,35,6,100,322,540
"D","Yorkshire and The Humber",,,"00DB","Wakefield","E02002472","Wakefield 035",,,4506,3144,2270,454,420,1362,750,12,3,56,220,321
"D","Yorkshire and The Humber",,,"00DB","Wakefield","E02002473","Wakefield 036",,,5046,3536,2426,512,598,1510,816,13,5,103,297,276
"D","Yorkshire and The Humber",,,"00DB","Wakefield","E02002474","Wakefield 037",,,4762,2916,2035,393,488,1846,925,14,3,109,355,440
"D","Yorkshire and The Humber",,,"00DB","Wakefield","E02002475","Wakefield 038",,,4266,3006,2254,442,310,1260,658,19,0,34,199,350
"D","Yorkshire and The Humber",,,"00DB","Wakefield","E02002476","Wakefield 039",,,4560,2700,1825,391,484,1860,986,21,4,114,345,390
"D","Yorkshire and The Humber",,,"00DB","Wakefield","E02002477","Wakefield 040",,,4469,2884,2002,410,472,1585,849,18,4,66,267,381
"D","Yorkshire and The Humber",,,"00DB","Wakefield","E02002478","Wakefield 041",,,4552,3118,2169,399,550,1434,767,18,3,69,250,327
"D","Yorkshire and The Humber",,,"00DB","Wakefield","E02002479","Wakefield 042",,,6236,3883,2818,458,607,2353,1210,43,4,94,436,566
"D","Yorkshire and The Humber",,,"00DB","Wakefield","E02002480","Wakefield 043",,,4861,2986,2088,360,538,1875,989,22,3,89,357,415
"D","Yorkshire and The Humber",,,"00DB","Wakefield","E02002481","Wakefield 044",,,4490,2778,1955,343,480,1712,898,21,4,84,318,387
"D","Yorkshire and The Humber",,,"00DB","Wakefield","E02002482","Wakefield 045",,,4829,3034,2141,425,468,1795,980,23,6,73,284,429
"D","Yorkshire and The Humber",,,"00FA","Kingston upon Hull, City of","E02002652","Kingston upon Hull 001",,,5114,3057,1759,401,897,2057,1297,32,5,153,376,194
"D","Yorkshire and The Humber",,,"00FA","Kingston upon Hull, City of","E02002653","Kingston upon Hull 002",,,6419,3521,2282,498,741,2898,1641,36,7,175,535,504
"D","Yorkshire and The Humber",,,"00FA","Kingston upon Hull, City of","E02002654","Kingston upon Hull 003",,,5511,2762,1762,352,648,2749,1533,25,6,164,530,491
"D","Yorkshire and The Humber",,,"00FA","Kingston upon Hull, City of","E02002655","Kingston upon Hull 004",,,5695,3136,2017,457,662,2559,1453,31,13,196,482,384
"D","Yorkshire and The Humber",,,"00FA","Kingston upon Hull, City of","E02002656","Kingston upon Hull 005",,,4692,3124,2235,403,486,1568,905,16,3,84,220,340
"D","Yorkshire and The Humber",,,"00FA","Kingston upon Hull, City of","E02002657","Kingston upon Hull 006",,,5807,3957,2896,464,597,1850,1155,12,4,94,299,286
"D","Yorkshire and The Humber",,,"00FA","Kingston upon Hull, City of","E02002658","Kingston upon Hull 007",,,5632,3688,2607,421,660,1944,1182,14,5,90,295,358
"D","Yorkshire and The Humber",,,"00FA","Kingston upon Hull, City of","E02002659","Kingston upon Hull 008",,,7855,4106,2574,544,988,3749,1984,56,7,211,710,781
"D","Yorkshire and The Humber",,,"00FA","Kingston upon Hull, City of","E02002660","Kingston upon Hull 009",,,5622,3326,2420,388,518,2296,1192,27,4,112,341,620
"D","Yorkshire and The Humber",,,"00FA","Kingston upon Hull, City of","E02002661","Kingston upon Hull 010",,,5907,3422,2314,476,632,2485,1297,23,4,120,371,670
"D","Yorkshire and The Humber",,,"00FA","Kingston upon Hull, City of","E02002662","Kingston upon Hull 011",,,6149,3420,2504,434,482,2729,1258,27,14,124,441,865
"D","Yorkshire and The Humber",,,"00FA","Kingston upon Hull, City of","E02002663","Kingston upon Hull 012",,,4822,2132,1491,251,390,2690,2179,29,4,60,189,229
"D","Yorkshire and The Humber",,,"00FA","Kingston upon Hull, City of","E02002664","Kingston upon Hull 013",,,5814,4152,3213,403,536,1662,1046,15,3,85,194,319
"D","Yorkshire and The Humber",,,"00FA","Kingston upon Hull, City of","E02002665","Kingston upon Hull 014",,,6264,4142,3074,464,604,2122,1258,32,3,91,283,455
"D","Yorkshire and The Humber",,,"00FA","Kingston upon Hull, City of","E02002666","Kingston upon Hull 015",,,6199,1898,1052,210,636,4301,3357,71,8,128,384,353
"D","Yorkshire and The Humber",,,"00FA","Kingston upon Hull, City of","E02002667","Kingston upon Hull 016",,,5847,3712,2462,386,864,2135,1217,33,11,107,397,370
"D","Yorkshire and The Humber",,,"00FA","Kingston upon Hull, City of","E02002668","Kingston upon Hull 017",,,6878,3608,2185,491,932,3270,1626,34,11,185,602,812
"D","Yorkshire and The Humber",,,"00FA","Kingston upon Hull, City of","E02002669","Kingston upon Hull 018",,,6072,2634,1524,332,778,3438,2559,67,8,130,403,271
"D","Yorkshire and The Humber",,,"00FA","Kingston upon Hull, City of","E02002670","Kingston upon Hull 019",,,6097,3488,2434,406,648,2609,1194,40,6,98,430,841
"D","Yorkshire and The Humber",,,"00FA","Kingston upon Hull, City of","E02002671","Kingston upon Hull 020",,,5404,3262,2224,386,652,2142,1248,35,7,146,334,372
"D","Yorkshire and The Humber",,,"00FA","Kingston upon Hull, City of","E02002672","Kingston upon Hull 021",,,5253,2964,1947,401,616,2289,1257,28,4,140,378,482
"D","Yorkshire and The Humber",,,"00FA","Kingston upon Hull, City of","E02002673","Kingston upon Hull 022",,,6024,3748,2542,390,816,2276,1377,26,6,145,401,321
"D","Yorkshire and The Humber",,,"00FA","Kingston upon Hull, City of","E02002674","Kingston upon Hull 023",,,5611,3518,2355,377,786,2093,1101,20,3,138,341,490
"D","Yorkshire and The Humber",,,"00FA","Kingston upon Hull, City of","E02002675","Kingston upon Hull 024",,,5404,2122,1286,288,548,3282,1851,70,14,211,599,537
"D","Yorkshire and The Humber",,,"00FA","Kingston upon Hull, City of","E02002676","Kingston upon Hull 025",,,5856,3128,1882,366,880,2728,1663,43,5,148,497,372
"D","Yorkshire and The Humber",,,"00FA","Kingston upon Hull, City of","E02002677","Kingston upon Hull 026",,,6374,3512,1995,403,1114,2862,1609,40,13,174,555,471
"D","Yorkshire and The Humber",,,"00FA","Kingston upon Hull, City of","E02002678","Kingston upon Hull 027",,,5837,3528,2254,414,860,2309,1368,21,5,142,442,331
"D","Yorkshire and The Humber",,,"00FA","Kingston upon Hull, City of","E02002679","Kingston upon Hull 028",,,6078,3798,2789,431,578,2280,1171,20,3,98,345,643
"D","Yorkshire and The Humber",,,"00FA","Kingston upon Hull, City of","E02002680","Kingston upon Hull 029",,,4939,1731,983,253,495,3208,1751,36,6,194,669,552
"D","Yorkshire and The Humber",,,"00FA","Kingston upon Hull, City of","E02002681","Kingston upon Hull 030",,,5157,2442,1410,344,688,2715,1594,30,8,166,543,374
"D","Yorkshire and The Humber",,,"00FA","Kingston upon Hull, City of","E02002682","Kingston upon Hull 031",,,6380,3454,2163,455,836,2926,1639,44,7,188,547,501
"D","Yorkshire and The Humber",,,"00FA","Kingston upon Hull, City of","E02002683","Kingston upon Hull 032",,,6588,3916,2789,473,654,2672,1352,28,8,139,401,744
"D","Yorkshire and The Humber",,,"00FB","East Riding of Yorkshire","E02002684","East Riding of Yorkshire 001",,,7243,5066,3657,841,568,2177,978,43,3,98,337,718
"D","Yorkshire and The Humber",,,"00FB","East Riding of Yorkshire","E02002685","East Riding of Yorkshire 002",,,6546,4482,3205,765,512,2064,905,35,5,112,309,698
"D","Yorkshire and The Humber",,,"00FB","East Riding of Yorkshire","E02002686","East Riding of Yorkshire 003",,,5941,3296,2050,620,626,2645,1164,28,8,163,564,718
"D","Yorkshire and The Humber",,,"00FB","East Riding of Yorkshire","E02002687","East Riding of Yorkshire 004",,,4486,2588,1673,487,428,1898,916,33,3,154,366,426
"D","Yorkshire and The Humber",,,"00FB","East Riding of Yorkshire","E02002688","East Riding of Yorkshire 005",,,4376,2396,1444,484,468,1980,1027,34,9,124,417,369
"D","Yorkshire and The Humber",,,"00FB","East Riding of Yorkshire","E02002689","East Riding of Yorkshire 006",,,4439,3136,2288,494,354,1303,700,20,3,54,189,337
"D","Yorkshire and The Humber",,,"00FB","East Riding of Yorkshire","E02002690","East Riding of Yorkshire 007",,,9640,6394,4568,920,906,3246,1685,40,6,148,513,854
"D","Yorkshire and The Humber",,,"00FB","East Riding of Yorkshire","E02002691","East Riding of Yorkshire 008",,,5832,4120,3046,584,490,1712,934,17,4,91,222,444
"D","Yorkshire and The Humber",,,"00FB","East Riding of Yorkshire","E02002692","East Riding of Yorkshire 009",,,6220,4664,3388,712,564,1556,879,16,3,78,221,359
"D","Yorkshire and The Humber",,,"00FB","East Riding of Yorkshire","E02002693","East Riding of Yorkshire 010",,,4855,3412,2411,563,438,1443,793,12,0,73,200,365
"D","Yorkshire and The Humber",,,"00FB","East Riding of Yorkshire","E02002694","East Riding of Yorkshire 011",,,7956,5394,3901,723,770,2562,1312,23,6,136,407,678
"D","Yorkshire and The Humber",,,"00FB","East Riding of Yorkshire","E02002695","East Riding of Yorkshire 012",,,6493,4166,2931,733,502,2327,1092,28,9,130,381,687
"D","Yorkshire and The Humber",,,"00FB","East Riding of Yorkshire","E02002696","East Riding of Yorkshire 013",,,4699,3422,2591,511,320,1277,785,12,4,55,170,251
"D","Yorkshire and The Humber",,,"00FB","East Riding of Yorkshire","E02002697","East Riding of Yorkshire 014",,,5674,4122,3146,526,450,1552,910,25,0,63,188,366
"D","Yorkshire and The Humber",,,"00FB","East Riding of Yorkshire","E02002698","East Riding of Yorkshire 015",,,5069,3504,2492,484,528,1565,835,20,4,92,238,376
"D","Yorkshire and The Humber",,,"00FB","East Riding of Yorkshire","E02002699","East Riding of Yorkshire 016",,,7489,5420,4174,650,596,2069,1198,34,3,74,293,467
"D","Yorkshire and The Humber",,,"00FB","East Riding of Yorkshire","E02002700","East Riding of Yorkshire 017",,,4785,2754,1896,364,494,2031,1019,17,0,100,362,533
"D","Yorkshire and The Humber",,,"00FB","East Riding of Yorkshire","E02002701","East Riding of Yorkshire 018",,,6133,4506,3310,656,540,1627,944,27,5,73,225,353
"D","Yorkshire and The Humber",,,"00FB","East Riding of Yorkshire","E02002702","East Riding of Yorkshire 019",,,7176,4276,2821,571,884,2900,1498,40,11,141,525,685
"D","Yorkshire and The Humber",,,"00FB","East Riding of Yorkshire","E02002703","East Riding of Yorkshire 020",,,6545,4798,3675,609,514,1747,1034,26,7,87,284,309
"D","Yorkshire and The Humber",,,"00FB","East Riding of Yorkshire","E02002704","East Riding of Yorkshire 021",,,6098,4264,3264,588,412,1834,1072,11,7,77,258,409
"D","Yorkshire and The Humber",,,"00FB","East Riding of Yorkshire","E02002705","East Riding of Yorkshire 022",,,5292,3712,2914,450,348,1580,859,25,5,52,199,440
"D","Yorkshire and The Humber",,,"00FB","East Riding of Yorkshire","E02002706","East Riding of Yorkshire 023",,,5581,3726,2806,460,460,1855,994,19,6,73,288,475
"D","Yorkshire and The Humber",,,"00FB","East Riding of Yorkshire","E02002707","East Riding of Yorkshire 024",,,5317,3928,3053,495,380,1389,767,20,3,71,190,338
"D","Yorkshire and The Humber",,,"00FB","East Riding of Yorkshire","E02002708","East Riding of Yorkshire 025",,,4817,3008,2345,331,332,1809,813,20,10,83,281,602
"D","Yorkshire and The Humber",,,"00FB","East Riding of Yorkshire","E02002709","East Riding of Yorkshire 026",,,5681,3908,2847,573,488,1773,973,27,5,97,257,414
"D","Yorkshire and The Humber",,,"00FB","East Riding of Yorkshire","E02002710","East Riding of Yorkshire 027",,,5911,3970,3076,430,464,1941,1045,20,4,86,281,505
"D","Yorkshire and The Humber",,,"00FB","East Riding of Yorkshire","E02002711","East Riding of Yorkshire 028",,,6230,4558,3751,487,320,1672,912,28,6,56,179,491
"D","Yorkshire and The Humber",,,"00FB","East Riding of Yorkshire","E02002712","East Riding of Yorkshire 029",,,5814,3999,2962,486,551,1815,1017,20,0,91,297,390
"D","Yorkshire and The Humber",,,"00FB","East Riding of Yorkshire","E02002713","East Riding of Yorkshire 030",,,6817,4540,3374,544,622,2277,1318,19,5,124,334,477
"D","Yorkshire and The Humber",,,"00FB","East Riding of Yorkshire","E02002714","East Riding of Yorkshire 031",,,6095,4224,3184,626,414,1871,1101,27,7,74,265,397
"D","Yorkshire and The Humber",,,"00FB","East Riding of Yorkshire","E02002715","East Riding of Yorkshire 032",,,7281,5250,3927,633,690,2031,1088,29,3,124,344,443
"D","Yorkshire and The Humber",,,"00FB","East Riding of Yorkshire","E02002716","East Riding of Yorkshire 033",,,5910,4161,3059,556,546,1749,1006,22,10,91,231,389
"D","Yorkshire and The Humber",,,"00FB","East Riding of Yorkshire","E02002717","East Riding of Yorkshire 034",,,5955,3566,2509,453,604,2389,1175,19,4,122,408,661
"D","Yorkshire and The Humber",,,"00FB","East Riding of Yorkshire","E02002718","East Riding of Yorkshire 035",,,6166,4503,3488,620,395,1663,869,32,3,70,253,436
"D","Yorkshire and The Humber",,,"00FB","East Riding of Yorkshire","E02002719","East Riding of Yorkshire 036",,,4385,2998,2254,372,372,1387,780,12,3,68,212,312
"D","Yorkshire and The Humber",,,"00FB","East Riding of Yorkshire","E02002720","East Riding of Yorkshire 037",,,4806,3508,2632,450,426,1298,725,19,3,87,181,283
"D","Yorkshire and The Humber",,,"00FB","East Riding of Yorkshire","E02002721","East Riding of Yorkshire 038",,,4622,3108,2228,456,424,1514,782,16,4,84,234,394
"D","Yorkshire and The Humber",,,"00FB","East Riding of Yorkshire","E02002722","East Riding of Yorkshire 039",,,6604,4138,2737,777,624,2466,1224,26,4,135,449,628
"D","Yorkshire and The Humber",,,"00FB","East Riding of Yorkshire","E02002723","East Riding of Yorkshire 040",,,6156,3959,2862,468,629,2197,1185,20,5,119,334,534
"D","Yorkshire and The Humber",,,"00FB","East Riding of Yorkshire","E02002724","East Riding of Yorkshire 041",,,6250,3696,2514,460,722,2554,1350,30,4,129,465,576
"D","Yorkshire and The Humber",,,"00FB","East Riding of Yorkshire","E02002725","East Riding of Yorkshire 042",,,4580,3164,2347,435,382,1416,797,22,0,57,199,341
"D","Yorkshire and The Humber",,,"00FC","North East Lincolnshire","E02002726","North East Lincolnshire 001",,,8033,5286,3582,802,902,2747,1474,16,5,141,561,550
"D","Yorkshire and The Humber",,,"00FC","North East Lincolnshire","E02002727","North East Lincolnshire 002",,,4559,1932,1021,383,528,2627,1211,21,3,135,669,588
"D","Yorkshire and The Humber",,,"00FC","North East Lincolnshire","E02002728","North East Lincolnshire 003",,,5836,3046,1802,450,794,2790,1452,29,8,127,666,508
"D","Yorkshire and The Humber",,,"00FC","North East Lincolnshire","E02002729","North East Lincolnshire 004",,,4526,2894,2031,471,392,1632,926,16,7,68,309,306
"D","Yorkshire and The Humber",,,"00FC","North East Lincolnshire","E02002730","North East Lincolnshire 005",,,5393,3046,1676,516,854,2347,1310,27,6,125,590,289
"D","Yorkshire and The Humber",,,"00FC","North East Lincolnshire","E02002731","North East Lincolnshire 006",,,4159,2262,1303,365,594,1897,1081,13,3,99,411,290
"D","Yorkshire and The Humber",,,"00FC","North East Lincolnshire","E02002732","North East Lincolnshire 007",,,5322,3864,2824,570,470,1458,780,33,0,67,213,365
"D","Yorkshire and The Humber",,,"00FC","North East Lincolnshire","E02002733","North East Lincolnshire 008",,,4719,2792,1842,404,546,1927,1001,19,4,92,381,430
"D","Yorkshire and The Humber",,,"00FC","North East Lincolnshire","E02002734","North East Lincolnshire 009",,,4247,2664,1748,370,546,1583,867,10,5,66,296,339
"D","Yorkshire and The Humber",,,"00FC","North East Lincolnshire","E02002735","North East Lincolnshire 010",,,4022,2450,1435,445,570,1572,846,15,0,69,366,276
"D","Yorkshire and The Humber",,,"00FC","North East Lincolnshire","E02002736","North East Lincolnshire 011",,,4127,2116,1140,342,634,2011,1226,29,3,97,418,238
"D","Yorkshire and The Humber",,,"00FC","North East Lincolnshire","E02002737","North East Lincolnshire 012",,,5568,3650,2558,508,584,1918,1059,16,0,77,285,481
"D","Yorkshire and The Humber",,,"00FC","North East Lincolnshire","E02002738","North East Lincolnshire 013",,,5887,3954,2721,623,610,1933,1121,18,6,97,345,346
"D","Yorkshire and The Humber",,,"00FC","North East Lincolnshire","E02002739","North East Lincolnshire 014",,,4782,2734,1886,378,470,2048,948,30,3,84,449,534
"D","Yorkshire and The Humber",,,"00FC","North East Lincolnshire","E02002740","North East Lincolnshire 015",,,4389,2562,1713,373,476,1827,1002,11,3,73,353,385
"D","Yorkshire and The Humber",,,"00FC","North East Lincolnshire","E02002741","North East Lincolnshire 016",,,6672,4246,2968,598,680,2426,1384,43,4,105,440,450
"D","Yorkshire and The Humber",,,"00FC","North East Lincolnshire","E02002742","North East Lincolnshire 017",,,4521,2974,2204,430,340,1547,826,46,6,54,276,339
"D","Yorkshire and The Humber",,,"00FC","North East Lincolnshire","E02002743","North East Lincolnshire 018",,,4844,3080,2294,478,308,1764,763,24,4,46,340,587
"D","Yorkshire and The Humber",,,"00FC","North East Lincolnshire","E02002744","North East Lincolnshire 019",,,4976,2733,1619,439,675,2243,1241,26,0,110,408,458
"D","Yorkshire and The Humber",,,"00FC","North East Lincolnshire","E02002745","North East Lincolnshire 020",,,5913,4238,3093,671,474,1675,802,21,3,62,297,490
"D","Yorkshire and The Humber",,,"00FC","North East Lincolnshire","E02002746","North East Lincolnshire 021",,,6214,4290,3212,590,488,1924,921,26,3,62,328,584
"D","Yorkshire and The Humber",,,"00FC","North East Lincolnshire","E02002747","North East Lincolnshire 022",,,6056,4358,3277,679,402,1698,880,21,3,61,277,456
"D","Yorkshire and The Humber",,,"00FC","North East Lincolnshire","E02002748","North East Lincolnshire 023",,,6377,4452,3314,682,456,1925,1007,22,0,74,327,495
"D","Yorkshire and The Humber",,,"00FD","North Lincolnshire","E02002749","North Lincolnshire 001",,,7474,4882,3332,792,758,2592,1376,33,10,112,488,573
"D","Yorkshire and The Humber",,,"00FD","North Lincolnshire","E02002750","North Lincolnshire 002",,,4439,3168,2214,464,490,1271,710,32,4,54,193,278
"D","Yorkshire and The Humber",,,"00FD","North Lincolnshire","E02002751","North Lincolnshire 003",,,4867,3256,2350,484,422,1611,866,19,4,75,263,384
"D","Yorkshire and The Humber",,,"00FD","North Lincolnshire","E02002752","North Lincolnshire 004",,,5013,3410,2375,583,452,1603,833,24,17,77,272,380
"D","Yorkshire and The Humber",,,"00FD","North Lincolnshire","E02002753","North Lincolnshire 005",,,6691,4524,3048,776,700,2167,1061,20,4,118,406,558
"D","Yorkshire and The Humber",,,"00FD","North Lincolnshire","E02002754","North Lincolnshire 006",,,5642,3878,2746,536,596,1764,932,15,6,70,311,430
"D","Yorkshire and The Humber",,,"00FD","North Lincolnshire","E02002755","North Lincolnshire 007",,,4592,2724,1768,414,542,1868,930,35,9,127,357,410
"D","Yorkshire and The Humber",,,"00FD","North Lincolnshire","E02002756","North Lincolnshire 008",,,5211,2601,1630,448,523,2610,1381,54,9,175,548,443
"D","Yorkshire and The Humber",,,"00FD","North Lincolnshire","E02002757","North Lincolnshire 009",,,4665,3160,2326,408,426,1505,839,29,3,63,199,372
"D","Yorkshire and The Humber",,,"00FD","North Lincolnshire","E02002758","North Lincolnshire 010",,,4702,2806,1791,421,594,1896,1006,25,9,101,346,409
"D","Yorkshire and The Humber",,,"00FD","North Lincolnshire","E02002759","North Lincolnshire 011",,,6891,4489,3110,724,655,2402,1194,45,27,106,395,635
"D","Yorkshire and The Humber",,,"00FD","North Lincolnshire","E02002760","North Lincolnshire 012",,,4667,3078,2250,406,422,1589,877,16,6,68,270,352
"D","Yorkshire and The Humber",,,"00FD","North Lincolnshire","E02002761","North Lincolnshire 013",,,4970,3556,2512,522,522,1414,734,18,7,67,237,351
"D","Yorkshire and The Humber",,,"00FD","North Lincolnshire","E02002762","North Lincolnshire 014",,,4590,2678,1857,403,418,1912,884,21,5,68,387,547
"D","Yorkshire and The Humber",,,"00FD","North Lincolnshire","E02002763","North Lincolnshire 015",,,4871,2786,1736,464,586,2085,1008,26,4,113,397,537
"D","Yorkshire and The Humber",,,"00FD","North Lincolnshire","E02002764","North Lincolnshire 016",,,4187,2542,1709,375,458,1645,900,22,4,102,318,299
"D","Yorkshire and The Humber",,,"00FD","North Lincolnshire","E02002765","North Lincolnshire 017",,,4727,2874,2005,429,440,1853,881,22,5,101,361,483
"D","Yorkshire and The Humber",,,"00FD","North Lincolnshire","E02002766","North Lincolnshire 018",,,6232,4314,3218,546,550,1918,1050,25,3,80,298,462
"D","Yorkshire and The Humber",,,"00FD","North Lincolnshire","E02002767","North Lincolnshire 019",,,5458,3900,2925,479,496,1558,847,14,4,80,249,364
"D","Yorkshire and The Humber",,,"00FD","North Lincolnshire","E02002768","North Lincolnshire 020",,,5347,3782,2755,567,460,1565,827,24,10,77,245,382
"D","Yorkshire and The Humber",,,"00FD","North Lincolnshire","E02002769","North Lincolnshire 021",,,4744,3464,2544,508,412,1280,691,16,0,44,194,335
"D","Yorkshire and The Humber",,,"00FD","North Lincolnshire","E02002770","North Lincolnshire 022",,,4785,3388,2441,497,450,1397,786,10,6,56,228,311
"D","Yorkshire and The Humber",,,"00FD","North Lincolnshire","E02002771","North Lincolnshire 023",,,5392,3894,2933,579,382,1498,801,22,4,65,203,403
"D","Yorkshire and The Humber",,,"00FF","York","E02002772","York 001",,,4975,3730,2745,515,470,1245,713,17,7,66,196,246
"D","Yorkshire and The Humber",,,"00FF","York","E02002773","York 002",,,4998,3326,2593,439,294,1672,897,21,3,51,246,454
"D","Yorkshire and The Humber",,,"00FF","York","E02002774","York 003",,,5204,3644,2792,478,374,1560,881,17,4,50,216,392
"D","Yorkshire and The Humber",,,"00FF","York","E02002775","York 004",,,4557,2968,2217,377,374,1589,815,11,0,72,278,413
"D","Yorkshire and The Humber",,,"00FF","York","E02002776","York 005",,,5179,3484,2619,441,424,1695,904,13,5,78,247,448
"D","Yorkshire and The Humber",,,"00FF","York","E02002777","York 006",,,5969,4174,2855,501,818,1795,1093,32,4,108,308,250
"D","Yorkshire and The Humber",,,"00FF","York","E02002778","York 007",,,5929,3816,2737,485,594,2113,1180,41,3,86,309,494
"D","Yorkshire and The Humber",,,"00FF","York","E02002779","York 008",,,7617,4982,3774,632,576,2635,1460,39,6,92,388,650
"D","Yorkshire and The Humber",,,"00FF","York","E02002780","York 009",,,5889,2984,1800,412,772,2905,1804,33,9,145,454,460
"D","Yorkshire and The Humber",,,"00FF","York","E02002781","York 010",,,6296,2776,1641,315,820,3520,2438,35,10,115,468,454
"D","Yorkshire and The Humber",,,"00FF","York","E02002782","York 011",,,4626,3390,2681,403,306,1236,649,22,5,47,167,346
"D","Yorkshire and The Humber",,,"00FF","York","E02002783","York 012",,,7287,4790,3505,583,702,2497,1395,37,4,112,368,581
"D","Yorkshire and The Humber",,,"00FF","York","E02002784","York 013",,,6937,2740,1352,362,1026,4197,2671,73,20,169,698,566
"D","Yorkshire and The Humber",,,"00FF","York","E02002785","York 014",,,5047,3398,2631,357,410,1649,931,16,3,56,207,436
"D","Yorkshire and The Humber",,,"00FF","York","E02002786","York 015",,,6565,3188,2047,409,732,3377,2339,49,8,123,435,423
"D","Yorkshire and The Humber",,,"00FF","York","E02002787","York 016",,,7107,4124,2743,507,874,2983,1624,35,8,157,509,650
"D","Yorkshire and The Humber",,,"00FF","York","E02002788","York 017",,,6280,3544,2144,380,1020,2736,1797,36,7,125,408,363
"D","Yorkshire and The Humber",,,"00FF","York","E02002789","York 018",,,6729,3694,2308,598,788,3035,1681,34,11,171,565,573
"D","Yorkshire and The Humber",,,"00FF","York","E02002790","York 019",,,7656,3746,2323,419,1004,3910,2714,47,13,130,473,533
"D","Yorkshire and The Humber",,,"00FF","York","E02002791","York 020",,,4998,3662,2814,478,370,1336,715,18,0,62,172,369
"D","Yorkshire and The Humber",,,"00FF","York","E02002792","York 021",,,5458,3168,2179,311,678,2290,1511,24,8,78,287,382
"D","Yorkshire and The Humber",,,"00FF","York","E02002793","York 022",,,7425,4862,3525,631,706,2563,1396,34,7,112,433,581
"D","Yorkshire and The Humber",,,"00FF","York","E02002794","York 023",,,3994,2570,1909,325,336,1424,829,30,3,62,186,314
"D","Yorkshire and The Humber",,,"00FF","York","E02002795","York 024",,,6558,4585,3548,565,472,1973,1079,34,6,83,296,475
"D","Yorkshire and The Humber","36","North Yorkshire","36UB","Craven","E02005742","Craven 001",,,5809,3926,2928,464,534,1883,1041,23,8,75,249,487
"D","Yorkshire and The Humber","36","North Yorkshire","36UB","Craven","E02005743","Craven 002",,,4049,2878,2170,406,302,1171,579,22,3,36,165,366
"D","Yorkshire and The Humber","36","North Yorkshire","36UB","Craven","E02005744","Craven 003",,,5664,3812,2804,496,512,1852,934,24,0,81,289,524
"D","Yorkshire and The Humber","36","North Yorkshire","36UB","Craven","E02005745","Craven 004",,,4046,2934,2354,326,254,1112,602,25,4,35,127,319
"D","Yorkshire and The Humber","36","North Yorkshire","36UB","Craven","E02005746","Craven 005",,,5179,3306,2363,437,506,1873,931,27,9,69,331,506
"D","Yorkshire and The Humber","36","North Yorkshire","36UB","Craven","E02005747","Craven 006",,,5034,2902,1865,391,646,2132,1120,43,5,97,426,441
"D","Yorkshire and The Humber","36","North Yorkshire","36UB","Craven","E02005748","Craven 007",,,5389,3710,2592,534,584,1679,864,32,4,91,265,423
"D","Yorkshire and The Humber","36","North Yorkshire","36UB","Craven","E02005749","Craven 008",,,7285,4986,3579,675,732,2299,1172,32,7,102,360,626
"D","Yorkshire and The Humber","36","North Yorkshire","36UC","Hambleton","E02005750","Hambleton 001",,,6015,3976,3125,453,398,2039,1069,30,5,92,278,565
"D","Yorkshire and The Humber","36","North Yorkshire","36UC","Hambleton","E02005751","Hambleton 002",,,7189,5150,4245,539,366,2039,1111,42,4,79,233,570
"D","Yorkshire and The Humber","36","North Yorkshire","36UC","Hambleton","E02005752","Hambleton 003",,,5297,3682,2791,445,446,1615,937,29,4,55,232,358
"D","Yorkshire and The Humber","36","North Yorkshire","36UC","Hambleton","E02005753","Hambleton 004",,,9311,5968,4275,817,876,3343,1721,32,11,173,609,797
"D","Yorkshire and The Humber","36","North Yorkshire","36UC","Hambleton","E02005754","Hambleton 005",,,5990,4384,3455,579,350,1606,878,24,5,78,184,437
"D","Yorkshire and The Humber","36","North Yorkshire","36UC","Hambleton","E02005755","Hambleton 006",,,4775,3272,2448,444,380,1503,767,23,3,75,223,412
"D","Yorkshire and The Humber","36","North Yorkshire","36UC","Hambleton","E02005756","Hambleton 007",,,4636,3490,2712,474,304,1146,669,17,6,50,165,239
"D","Yorkshire and The Humber","36","North Yorkshire","36UC","Hambleton","E02005757","Hambleton 008",,,6072,4072,2952,542,578,2000,1033,21,8,121,341,476
"D","Yorkshire and The Humber","36","North Yorkshire","36UC","Hambleton","E02005758","Hambleton 009",,,6073,4278,3201,547,530,1795,931,23,8,92,305,436
"D","Yorkshire and The Humber","36","North Yorkshire","36UC","Hambleton","E02005759","Hambleton 010",,,6432,4350,3398,532,420,2082,1076,28,3,103,294,578
"D","Yorkshire and The Humber","36","North Yorkshire","36UC","Hambleton","E02005760","Hambleton 011",,,4508,3350,2543,453,354,1158,676,15,0,61,169,237
"D","Yorkshire and The Humber","36","North Yorkshire","36UD","Harrogate","E02005761","Harrogate 001",,,4209,2876,2188,356,332,1333,762,20,6,44,168,333
"D","Yorkshire and The Humber","36","North Yorkshire","36UD","Harrogate","E02005762","Harrogate 002",,,3849,2640,2053,327,260,1209,703,17,6,59,156,268
"D","Yorkshire and The Humber","36","North Yorkshire","36UD","Harrogate","E02005763","Harrogate 003",,,4536,3278,2413,533,332,1258,678,24,5,68,208,275
"D","Yorkshire and The Humber","36","North Yorkshire","36UD","Harrogate","E02005764","Harrogate 004",,,8023,4996,3629,689,678,3027,1642,42,9,141,553,640
"D","Yorkshire and The Humber","36","North Yorkshire","36UD","Harrogate","E02005765","Harrogate 005",,,4736,3386,2442,488,456,1350,689,25,3,81,204,348
"D","Yorkshire and The Humber","36","North Yorkshire","36UD","Harrogate","E02005766","Harrogate 006",,,4684,3258,2338,522,398,1426,754,23,8,63,218,360
"D","Yorkshire and The Humber","36","North Yorkshire","36UD","Harrogate","E02005767","Harrogate 007",,,4912,3590,2730,498,362,1322,748,13,3,54,171,333
"D","Yorkshire and The Humber","36","North Yorkshire","36UD","Harrogate","E02005768","Harrogate 008",,,4318,3168,2382,432,354,1150,672,19,3,59,171,226
"D","Yorkshire and The Humber","36","North Yorkshire","36UD","Harrogate","E02005769","Harrogate 009",,,5312,3240,2218,438,584,2072,992,28,3,102,384,563
"D","Yorkshire and The Humber","36","North Yorkshire","36UD","Harrogate","E02005770","Harrogate 010",,,7584,4948,3470,654,824,2636,1382,37,9,133,505,570
"D","Yorkshire and The Humber","36","North Yorkshire","36UD","Harrogate","E02005771","Harrogate 011",,,5892,3558,2222,580,756,2334,1334,27,4,149,527,293
"D","Yorkshire and The Humber","36","North Yorkshire","36UD","Harrogate","E02005772","Harrogate 012",,,4853,3558,2780,510,268,1295,765,14,3,63,168,282
"D","Yorkshire and The Humber","36","North Yorkshire","36UD","Harrogate","E02005773","Harrogate 013",,,6474,3400,2023,529,848,3074,1567,26,3,152,618,708
"D","Yorkshire and The Humber","36","North Yorkshire","36UD","Harrogate","E02005774","Harrogate 014",,,6719,4271,2869,619,783,2448,1250,26,8,125,472,567
"D","Yorkshire and The Humber","36","North Yorkshire","36UD","Harrogate","E02005775","Harrogate 015",,,6455,3282,1976,428,878,3173,1882,44,6,163,579,499
"D","Yorkshire and The Humber","36","North Yorkshire","36UD","Harrogate","E02005776","Harrogate 016",,,5749,4172,3194,538,440,1577,874,16,3,103,223,358
"D","Yorkshire and The Humber","36","North Yorkshire","36UD","Harrogate","E02005777","Harrogate 017",,,6573,4604,3564,572,468,1969,1050,29,4,91,289,506
"D","Yorkshire and The Humber","36","North Yorkshire","36UD","Harrogate","E02005778","Harrogate 018",,,4662,3480,2691,453,336,1182,688,27,4,56,166,241
"D","Yorkshire and The Humber","36","North Yorkshire","36UD","Harrogate","E02005779","Harrogate 019",,,5676,3382,2320,424,638,2294,1183,45,8,124,349,585
"D","Yorkshire and The Humber","36","North Yorkshire","36UD","Harrogate","E02005780","Harrogate 020",,,7677,5278,4136,636,506,2399,1306,41,8,93,359,592
"D","Yorkshire and The Humber","36","North Yorkshire","36UD","Harrogate","E02005781","Harrogate 021",,,4446,3330,2562,466,302,1116,618,14,3,44,144,293
"D","Yorkshire and The Humber","36","North Yorkshire","36UE","Richmondshire","E02005782","Richmondshire 001",,,6115,4332,3270,572,490,1783,959,35,5,96,234,454
"D","Yorkshire and The Humber","36","North Yorkshire","36UE","Richmondshire","E02005783","Richmondshire 002",,,6593,4256,3150,538,568,2337,1183,31,8,143,410,562
"D","Yorkshire and The Humber","36","North Yorkshire","36UE","Richmondshire","E02005784","Richmondshire 003",,,4070,2842,2092,394,356,1228,635,16,3,91,215,268
"D","Yorkshire and The Humber","36","North Yorkshire","36UE","Richmondshire","E02005785","Richmondshire 004",,,6785,5188,4052,666,470,1597,826,47,14,133,290,287
"D","Yorkshire and The Humber","36","North Yorkshire","36UE","Richmondshire","E02005786","Richmondshire 005",,,4962,3340,2553,453,334,1622,896,32,12,62,226,394
"D","Yorkshire and The Humber","36","North Yorkshire","36UE","Richmondshire","E02005787","Richmondshire 006",,,5906,4104,3091,533,480,1802,910,31,4,98,255,504
"D","Yorkshire and The Humber","36","North Yorkshire","36UF","Ryedale","E02005788","Ryedale 001",,,5205,3628,2715,519,394,1577,812,42,3,88,213,419
"D","Yorkshire and The Humber","36","North Yorkshire","36UF","Ryedale","E02005789","Ryedale 002",,,8283,5534,4171,691,672,2749,1374,59,8,104,375,829
"D","Yorkshire and The Humber","36","North Yorkshire","36UF","Ryedale","E02005790","Ryedale 003",,,5134,3552,2751,405,396,1582,865,26,4,67,184,436
"D","Yorkshire and The Humber","36","North Yorkshire","36UF","Ryedale","E02005791","Ryedale 004",,,5070,3522,2489,533,500,1548,855,27,6,85,201,374
"D","Yorkshire and The Humber","36","North Yorkshire","36UF","Ryedale","E02005792","Ryedale 005",,,4068,2618,1869,267,482,1450,765,22,5,71,192,395
"D","Yorkshire and The Humber","36","North Yorkshire","36UF","Ryedale","E02005793","Ryedale 006",,,5449,3560,2581,371,608,1889,1072,15,4,100,289,409
"D","Yorkshire and The Humber","36","North Yorkshire","36UF","Ryedale","E02005794","Ryedale 007",,,7304,5278,3889,721,668,2026,1097,44,7,89,293,496
"D","Yorkshire and The Humber","36","North Yorkshire","36UG","Scarborough","E02005795","Scarborough 001",,,5745,3370,2401,473,496,2375,1108,42,4,132,412,677
"D","Yorkshire and The Humber","36","North Yorkshire","36UG","Scarborough","E02005796","Scarborough 002",,,5735,3846,2902,494,450,1889,1020,38,11,89,244,487
"D","Yorkshire and The Humber","36","North Yorkshire","36UG","Scarborough","E02005797","Scarborough 003",,,5032,3098,2159,419,520,1934,1057,17,7,99,372,382
"D","Yorkshire and The Humber","36","North Yorkshire","36UG","Scarborough","E02005798","Scarborough 004",,,6902,4722,3601,703,418,2180,1081,46,13,99,285,656
"D","Yorkshire and The Humber","36","North Yorkshire","36UG","Scarborough","E02005799","Scarborough 005",,,7447,5154,4035,683,436,2293,1092,39,3,93,319,747
"D","Yorkshire and The Humber","36","North Yorkshire","36UG","Scarborough","E02005800","Scarborough 006",,,5720,3034,1837,517,680,2686,1326,33,13,155,608,551
"D","Yorkshire and The Humber","36","North Yorkshire","36UG","Scarborough","E02005801","Scarborough 007",,,4179,2432,1668,436,328,1747,835,23,4,93,344,448
"D","Yorkshire and The Humber","36","North Yorkshire","36UG","Scarborough","E02005802","Scarborough 008",,,5886,3380,2007,535,838,2506,1371,29,6,143,540,417
"D","Yorkshire and The Humber","36","North Yorkshire","36UG","Scarborough","E02005803","Scarborough 009",,,6604,4062,2770,602,690,2542,1267,38,5,120,455,657
"D","Yorkshire and The Humber","36","North Yorkshire","36UG","Scarborough","E02005804","Scarborough 010",,,6044,2900,1676,484,740,3144,1673,34,18,165,627,627
"D","Yorkshire and The Humber","36","North Yorkshire","36UG","Scarborough","E02005805","Scarborough 011",,,5742,4110,2912,670,528,1632,766,20,7,76,267,496
"D","Yorkshire and The Humber","36","North Yorkshire","36UG","Scarborough","E02005806","Scarborough 012",,,5142,3218,2058,564,596,1924,975,24,7,125,384,409
"D","Yorkshire and The Humber","36","North Yorkshire","36UG","Scarborough","E02005807","Scarborough 013",,,4882,3426,2611,497,318,1456,737,17,3,58,203,438
"D","Yorkshire and The Humber","36","North Yorkshire","36UG","Scarborough","E02005808","Scarborough 014",,,9241,6176,4322,1116,738,3065,1375,51,12,122,463,1042
"D","Yorkshire and The Humber","36","North Yorkshire","36UH","Selby","E02005809","Selby 001",,,5864,3922,2874,520,528,1942,1009,26,5,70,315,517
"D","Yorkshire and The Humber","36","North Yorkshire","36UH","Selby","E02005810","Selby 002",,,6026,4380,3213,583,584,1646,967,20,3,99,211,346
"D","Yorkshire and The Humber","36","North Yorkshire","36UH","Selby","E02005811","Selby 003",,,6615,4854,3543,647,664,1761,1012,23,7,90,255,374
"D","Yorkshire and The Humber","36","North Yorkshire","36UH","Selby","E02005812","Selby 004",,,6240,4310,3141,585,584,1930,1058,19,6,97,309,441
"D","Yorkshire and The Humber","36","North Yorkshire","36UH","Selby","E02005813","Selby 005",,,6751,3804,2310,518,976,2947,1465,29,9,198,607,639
"D","Yorkshire and The Humber","36","North Yorkshire","36UH","Selby","E02005814","Selby 006",,,5037,3400,2601,443,356,1637,884,25,0,97,232,399
"D","Yorkshire and The Humber","36","North Yorkshire","36UH","Selby","E02005815","Selby 007",,,6178,4566,3521,629,416,1612,981,13,0,69,212,337
"D","Yorkshire and The Humber","36","North Yorkshire","36UH","Selby","E02005816","Selby 008",,,5936,4254,3070,618,566,1682,984,15,6,88,235,354
"D","Yorkshire and The Humber","36","North Yorkshire","36UH","Selby","E02005817","Selby 009",,,5368,3876,2767,563,546,1492,814,22,0,70,248,338
"D","Yorkshire and The Humber","36","North Yorkshire","36UH","Selby","E02005818","Selby 010",,,5669,4090,3016,604,470,1579,869,19,0,80,242,369