DATASET_TITLE,"Benefits Data: Working Age Client Group, November 2007",,,,,,FROM,Nov-2007,Nov-2007,Nov-2007,Nov-2007,Nov-2007,Nov-2007,Nov-2007,Nov-2007,Nov-2007,Nov-2007,Nov-2007,Nov-2007,Nov-2007,Nov-2007,Nov-2007,Nov-2007,Nov-2007,Nov-2007,Nov-2007,Nov-2007,Nov-2007,Nov-2007,Nov-2007,Nov-2007,Nov-2007,Nov-2007,Nov-2007
AREA_TYPE,Local Authority,,,,,,TO,Nov-2007,Nov-2007,Nov-2007,Nov-2007,Nov-2007,Nov-2007,Nov-2007,Nov-2007,Nov-2007,Nov-2007,Nov-2007,Nov-2007,Nov-2007,Nov-2007,Nov-2007,Nov-2007,Nov-2007,Nov-2007,Nov-2007,Nov-2007,Nov-2007,Nov-2007,Nov-2007,Nov-2007,Nov-2007,Nov-2007,Nov-2007
GEO_HIERARCHY,NeSS Geography Hierarchy,,,,,,HEADING,Total,Job Seekers,Job Seekers,Incapacity Benefits,Incapacity Benefits,Lone Parent,Lone Parent,Carer,Carer,Others on Income Related Benefits,Others on Income Related Benefits,Disabled,Disabled,Bereaved,Bereaved,Unknown,Unknown,Male,Male,Female,Female,Aged 16-24,Aged 16-24,Aged 25-49,Aged 25-49,Aged 50 and Over,Aged 50 and Over
,,,,,,,MEASUREMENT_UNIT,Count,Count,Percentage,Count,Percentage,Count,Percentage,Count,Percentage,Count,Percentage,Count,Percentage,Count,Percentage,Count,Percentage,Count,Percentage,Count,Percentage,Count,Percentage,Count,Percentage,Count,Percentage
,,,,,,,STATISTICAL_UNIT,Persons,Persons,Persons,Persons,Persons,Persons,Persons,Persons,Persons,Persons,Persons,Persons,Persons,Persons,Persons,Persons,Persons,Persons,Persons,Persons,Persons,Persons,Persons,Persons,Persons,Persons,Persons
GOR_CODE,GOR_NAME,CTY_CODE,CTY_NAME,LA_CODE,LA_NAME,AREA_METADATA,,DATA_VALUE,DATA_VALUE,DATA_VALUE,DATA_VALUE,DATA_VALUE,DATA_VALUE,DATA_VALUE,DATA_VALUE,DATA_VALUE,DATA_VALUE,DATA_VALUE,DATA_VALUE,DATA_VALUE,DATA_VALUE,DATA_VALUE,DATA_VALUE,DATA_VALUE,DATA_VALUE,DATA_VALUE,DATA_VALUE,DATA_VALUE,DATA_VALUE,DATA_VALUE,DATA_VALUE,DATA_VALUE,DATA_VALUE,DATA_VALUE
"A","North East",,,"00CH","Gateshead",,,22330,3075,14,12445,56,2760,12,1645,7,810,4,1260,6,335,2,0,0,11850,53,10480,47,2900,13,11110,50,8320,37
"A","North East",,,"00CJ","Newcastle upon Tyne",,,31470,5280,17,16510,52,4545,14,2135,7,1145,4,1485,5,370,1,0,0,16680,53,14790,47,4615,15,16350,52,10505,33
"A","North East",,,"00CK","North Tyneside",,,19560,3155,16,10250,52,2460,13,1300,7,755,4,1265,6,375,2,0,0,10155,52,9405,48,2715,14,9375,48,7470,38
"A","North East",,,"00CL","South Tyneside",,,19900,3870,19,9875,50,2775,14,1330,7,705,4,1060,5,285,1,0,0,10480,53,9420,47,2980,15,9740,49,7180,36
"A","North East",,,"00CM","Sunderland",,,35610,5270,15,20155,57,4040,11,2705,8,990,3,1890,5,560,2,0,0,18770,53,16840,47,4900,14,16955,48,13755,39
"A","North East",,,"00EB","Hartlepool",,,12935,2215,17,7110,55,1670,13,810,6,360,3,580,4,190,1,0,0,6665,52,6270,48,1950,15,6365,49,4620,36
"A","North East",,,"00EC","Middlesbrough",,,20120,3865,19,9765,49,3165,16,1530,8,540,3,980,5,275,1,0,0,10130,50,9990,50,3530,18,10315,51,6275,31
"A","North East",,,"00EE","Redcar and Cleveland",,,16870,3000,18,8635,51,2205,13,1435,9,425,3,905,5,265,2,0,0,8590,51,8280,49,2650,16,8200,49,6015,36
"A","North East",,,"00EF","Stockton-on-Tees",,,19595,3360,17,9775,50,2725,14,1625,8,575,3,1175,6,360,2,0,0,9825,50,9770,50,3130,16,9650,49,6815,35
"A","North East",,,"00EH","Darlington",,,10300,1665,16,5370,52,1370,13,720,7,350,3,625,6,200,2,0,0,5370,52,4930,48,1480,14,5170,50,3650,35
"A","North East","20","Durham","20UB","Chester-le-Street",,,4965,560,11,3025,61,455,9,375,8,145,3,310,6,95,2,0,0,2610,53,2355,47,595,12,2295,46,2075,42
"A","North East","20","Durham","20UD","Derwentside",,,10015,1120,11,5900,59,1090,11,810,8,305,3,635,6,155,2,0,0,5240,52,4775,48,1395,14,4535,45,4085,41
"A","North East","20","Durham","20UE","Durham",,,7280,845,12,4425,61,710,10,525,7,165,2,455,6,155,2,0,0,3840,53,3440,47,870,12,3380,46,3030,42
"A","North East","20","Durham","20UF","Easington",,,14830,1295,9,9935,67,1295,9,1070,7,275,2,785,5,175,1,0,0,7780,52,7050,48,1840,12,7015,47,5975,40
"A","North East","20","Durham","20UG","Sedgefield",,,10855,1230,11,6490,60,1160,11,880,8,270,2,655,6,170,2,0,0,5425,50,5430,50,1495,14,4940,46,4420,41
"A","North East","20","Durham","20UH","Teesdale",,,1790,185,10,1060,59,150,8,170,9,65,4,135,8,25,1,0,0,940,53,850,47,170,9,740,41,880,49
"A","North East","20","Durham","20UJ","Wear Valley",,,8160,1025,13,4670,57,975,12,685,8,225,3,460,6,120,1,0,0,4180,51,3980,49,1165,14,3845,47,3150,39
"A","North East","35","Northumberland","35UB","Alnwick",,,2205,340,15,1095,50,210,10,230,10,75,3,160,7,95,4,0,0,1125,51,1080,49,265,12,950,43,990,45
"A","North East","35","Northumberland","35UC","Berwick-upon-Tweed",,,1960,240,12,1035,53,195,10,210,11,90,5,145,7,45,2,0,0,965,49,995,51,205,10,835,43,920,47
"A","North East","35","Northumberland","35UD","Blyth Valley",,,8650,1330,15,4695,54,940,11,720,8,250,3,535,6,180,2,0,0,4520,52,4130,48,1205,14,4095,47,3350,39
"A","North East","35","Northumberland","35UE","Castle Morpeth",,,3515,555,16,1920,55,260,7,315,9,120,3,245,7,100,3,0,0,1935,55,1580,45,465,13,1600,46,1450,41
"A","North East","35","Northumberland","35UF","Tynedale",,,3415,450,13,1905,56,335,10,240,7,120,4,245,7,120,4,0,0,1810,53,1605,47,430,13,1505,44,1480,43
"A","North East","35","Northumberland","35UG","Wansbeck",,,7685,1400,18,4055,53,960,12,500,7,245,3,415,5,110,1,0,0,4130,54,3555,46,1265,16,3600,47,2820,37
"B","North West",,,"00BL","Bolton",,,29035,4000,14,16020,55,3610,12,2195,8,830,3,1875,6,505,2,0,0,14770,51,14265,49,3915,13,14730,51,10390,36
"B","North West",,,"00BM","Bury",,,16680,2100,13,9460,57,1915,11,1215,7,430,3,1260,8,300,2,0,0,8500,51,8180,49,2295,14,8465,51,5920,35
"B","North West",,,"00BN","Manchester",,,65560,9835,15,34820,53,11570,18,3595,5,2275,3,2895,4,570,1,0,0,33045,50,32515,50,9670,15,37230,57,18645,28
"B","North West",,,"00BP","Oldham",,,24180,3390,14,13150,54,3365,14,1675,7,715,3,1435,6,450,2,0,0,11910,49,12270,51,3435,14,12400,51,8335,34
"B","North West",,,"00BQ","Rochdale",,,25180,3370,13,14270,57,3270,13,1775,7,660,3,1450,6,385,2,0,0,12580,50,12600,50,3465,14,12990,52,8715,35
"B","North West",,,"00BR","Salford",,,28110,3540,13,16055,57,4205,15,1605,6,700,2,1640,6,365,1,0,0,14690,52,13420,48,3990,14,14715,52,9405,33
"B","North West",,,"00BS","Stockport",,,21630,2720,13,11680,54,2680,12,1680,8,570,3,1815,8,485,2,0,0,10650,49,10980,51,2880,13,10910,50,7840,36
"B","North West",,,"00BT","Tameside",,,24270,2975,12,14085,58,3080,13,1560,6,630,3,1525,6,415,2,0,0,12325,51,11945,49,3200,13,12290,51,8780,36
"B","North West",,,"00BU","Trafford",,,16405,1960,12,9205,56,2055,13,1140,7,375,2,1320,8,350,2,0,0,8110,49,8295,51,2015,12,8375,51,6005,37
"B","North West",,,"00BW","Wigan",,,34115,4350,13,20505,60,3375,10,2510,7,760,2,2025,6,590,2,0,0,17490,51,16625,49,4215,12,16200,47,13700,40
"B","North West",,,"00BX","Knowsley",,,24540,3665,15,12655,52,3960,16,1935,8,620,3,1450,6,255,1,0,0,11790,48,12750,52,3340,14,12915,53,8285,34
"B","North West",,,"00BY","Liverpool",,,73510,13875,19,37755,51,10615,14,4745,6,2135,3,3710,5,675,1,0,0,37650,51,35860,49,10045,14,39130,53,24325,33
"B","North West",,,"00BZ","St. Helens",,,21790,2900,13,12215,56,2770,13,1695,8,585,3,1300,6,325,1,0,0,11290,52,10500,48,2975,14,10545,48,8270,38
"B","North West",,,"00CA","Sefton",,,29445,4680,16,15610,53,3445,12,2215,8,845,3,2130,7,520,2,0,0,15185,52,14260,48,3690,13,14845,50,10910,37
"B","North West",,,"00CB","Wirral",,,37690,5650,15,19340,51,5230,14,2915,8,1135,3,2815,7,605,2,0,0,19005,50,18685,50,5265,14,18995,50,13430,36
"B","North West",,,"00ET","Halton",,,15910,2190,14,8610,54,2260,14,1240,8,340,2,1010,6,260,2,0,0,7810,49,8100,51,2220,14,7865,49,5825,37
"B","North West",,,"00EU","Warrington",,,15035,1930,13,8430,56,1615,11,1205,8,380,3,1155,8,320,2,0,0,7710,51,7325,49,1885,13,7425,49,5720,38
"B","North West",,,"00EX","Blackburn with Darwen",,,17595,2135,12,9860,56,2175,12,1480,8,470,3,1225,7,250,1,0,0,9035,51,8560,49,2465,14,9110,52,6020,34
"B","North West",,,"00EY","Blackpool",,,20060,2790,14,11320,56,2385,12,1280,6,710,4,1275,6,300,1,0,0,10980,55,9080,45,2665,13,10200,51,7195,36
"B","North West","13","Cheshire","13UB","Chester",,,8630,975,11,4800,56,965,11,690,8,250,3,765,9,185,2,0,0,4460,52,4170,48,1055,12,4390,51,3185,37
"B","North West","13","Cheshire","13UC","Congleton",,,5020,610,12,2730,54,470,9,440,9,140,3,460,9,170,3,0,0,2480,49,2540,51,550,11,2335,47,2130,42
"B","North West","13","Cheshire","13UD","Crewe and Nantwich",,,8200,1180,14,4180,51,1145,14,700,9,230,3,555,7,210,3,0,0,3990,49,4210,51,1135,14,4035,49,3030,37
"B","North West","13","Cheshire","13UE","Ellesmere Port & Neston",,,7085,945,13,3630,51,915,13,660,9,140,2,630,9,165,2,0,0,3430,48,3655,52,965,14,3675,52,2445,35
"B","North West","13","Cheshire","13UG","Macclesfield",,,7815,930,12,4355,56,790,10,570,7,140,2,745,10,285,4,0,0,3950,51,3865,49,855,11,4015,51,2945,38
"B","North West","13","Cheshire","13UH","Vale Royal",,,9215,1235,13,4855,53,1080,12,780,8,265,3,770,8,230,2,0,0,4490,49,4725,51,1235,13,4335,47,3645,40
"B","North West","16","Cumbria","16UB","Allerdale",,,8340,955,11,4695,56,915,11,730,9,240,3,605,7,200,2,0,0,4305,52,4035,48,1015,12,3860,46,3465,42
"B","North West","16","Cumbria","16UC","Barrow-in-Furness",,,8850,990,11,5350,60,830,9,720,8,200,2,645,7,115,1,0,0,4665,53,4185,47,1155,13,4250,48,3445,39
"B","North West","16","Cumbria","16UD","Carlisle",,,8660,1005,12,4970,57,965,11,640,7,240,3,620,7,220,3,0,0,4360,50,4300,50,1135,13,4300,50,3225,37
"B","North West","16","Cumbria","16UE","Copeland",,,7330,985,13,4120,56,785,11,675,9,150,2,490,7,125,2,0,0,3855,53,3475,47,1040,14,3345,46,2945,40
"B","North West","16","Cumbria","16UF","Eden",,,2515,205,8,1465,58,215,9,220,9,95,4,235,9,80,3,0,0,1285,51,1230,49,215,9,1150,46,1150,46
"B","North West","16","Cumbria","16UG","South Lakeland",,,5150,345,7,3010,58,450,9,535,10,160,3,475,9,175,3,0,0,2630,51,2520,49,465,9,2285,44,2400,47
"B","North West","30","Lancashire","30UD","Burnley",,,10845,1210,11,6510,60,1415,13,665,6,290,3,600,6,155,1,0,0,5445,50,5400,50,1555,14,5370,50,3920,36
"B","North West","30","Lancashire","30UE","Chorley",,,7765,920,12,4525,58,715,9,565,7,210,3,640,8,190,2,0,0,3995,51,3770,49,935,12,3620,47,3210,41
"B","North West","30","Lancashire","30UF","Fylde",,,4940,445,9,3055,62,345,7,425,9,130,3,415,8,125,3,0,0,2645,54,2295,46,470,10,2260,46,2210,45
"B","North West","30","Lancashire","30UG","Hyndburn",,,9180,895,10,5600,61,1065,12,645,7,255,3,560,6,160,2,0,0,4735,52,4445,48,1200,13,4575,50,3405,37
"B","North West","30","Lancashire","30UH","Lancaster",,,11610,1555,13,6450,56,1390,12,790,7,355,3,810,7,260,2,0,0,6015,52,5595,48,1580,14,5775,50,4255,37
"B","North West","30","Lancashire","30UJ","Pendle",,,9130,925,10,5485,60,1020,11,810,9,240,3,500,5,150,2,0,0,4600,50,4530,50,1165,13,4500,49,3465,38
"B","North West","30","Lancashire","30UK","Preston",,,13965,2005,14,7665,55,1720,12,1075,8,370,3,900,6,230,2,0,0,7215,52,6750,48,2120,15,7185,51,4660,33
"B","North West","30","Lancashire","30UL","Ribble Valley",,,2795,210,8,1790,64,110,4,220,8,70,3,285,10,110,4,0,0,1525,55,1270,45,255,9,1240,44,1300,47
"B","North West","30","Lancashire","30UM","Rossendale",,,6285,620,10,3785,60,680,11,425,7,150,2,495,8,130,2,0,0,3215,51,3070,49,810,13,3005,48,2470,39
"B","North West","30","Lancashire","30UN","South Ribble",,,7125,775,11,4035,57,665,9,585,8,160,2,690,10,215,3,0,0,3490,49,3635,51,880,12,3290,46,2955,41
"B","North West","30","Lancashire","30UP","West Lancashire",,,9975,1400,14,5205,52,1185,12,855,9,300,3,785,8,245,2,0,0,4940,50,5035,50,1290,13,4745,48,3940,39
"B","North West","30","Lancashire","30UQ","Wyre",,,8325,755,9,4835,58,725,9,725,9,265,3,815,10,205,2,0,0,4355,52,3970,48,955,11,3660,44,3710,45
"D","Yorkshire and The Humber",,,"00CC","Barnsley",,,27655,2950,11,16520,60,3050,11,2180,8,705,3,1870,7,380,1,0,0,14390,52,13265,48,3310,12,12985,47,11360,41
"D","Yorkshire and The Humber",,,"00CE","Doncaster",,,31790,4440,14,17010,54,3845,12,2865,9,880,3,2270,7,480,2,0,0,16255,51,15535,49,4320,14,15465,49,12000,38
"D","Yorkshire and The Humber",,,"00CF","Rotherham",,,26960,3400,13,14300,53,3370,13,2690,10,735,3,1990,7,475,2,0,0,13710,51,13250,49,3635,13,13295,49,10030,37
"D","Yorkshire and The Humber",,,"00CG","Sheffield",,,49095,7450,15,25000,51,6735,14,4065,8,1755,4,3340,7,750,2,0,0,25165,51,23930,49,7055,14,25925,53,16110,33
"D","Yorkshire and The Humber",,,"00CX","Bradford",,,50515,8370,17,24420,48,7370,15,4425,9,1795,4,3290,7,845,2,0,0,24780,49,25735,51,7490,15,26695,53,16325,32
"D","Yorkshire and The Humber",,,"00CY","Calderdale",,,17495,2770,16,8845,51,2470,14,1330,8,635,4,1100,6,345,2,0,0,8650,49,8845,51,2455,14,8855,51,6180,35
"D","Yorkshire and The Humber",,,"00CZ","Kirklees",,,35775,5425,15,17870,50,4950,14,2955,8,1110,3,2800,8,665,2,0,0,17595,49,18180,51,5315,15,18265,51,12195,34
"D","Yorkshire and The Humber",,,"00DA","Leeds",,,63140,11465,18,31075,49,9315,15,4055,6,1920,3,4195,7,1115,2,0,0,31580,50,31560,50,9430,15,33220,53,20490,32
"D","Yorkshire and The Humber",,,"00DB","Wakefield",,,33835,3810,11,19460,58,4075,12,2740,8,705,2,2485,7,560,2,0,0,17330,51,16505,49,4370,13,16145,48,13320,39
"D","Yorkshire and The Humber",,,"00FA","Kingston upon Hull, City of",,,33335,7290,22,14615,44,5535,17,2405,7,1295,4,1825,5,370,1,0,0,17120,51,16215,49,5700,17,17400,52,10230,31
"D","Yorkshire and The Humber",,,"00FB","East Riding of Yorkshire",,,20960,3195,15,10450,50,2050,10,2095,10,825,4,1760,8,585,3,0,0,10880,52,10080,48,2390,11,9315,44,9255,44
"D","Yorkshire and The Humber",,,"00FC","North East Lincolnshire",,,16615,3235,19,7110,43,2865,17,1475,9,715,4,960,6,255,2,0,0,8270,50,8345,50,3160,19,8330,50,5120,31
"D","Yorkshire and The Humber",,,"00FD","North Lincolnshire",,,13600,2195,16,6505,48,1795,13,1270,9,415,3,1115,8,305,2,0,0,6610,49,6990,51,2000,15,6670,49,4930,36
"D","Yorkshire and The Humber",,,"00FF","York",,,10610,1645,16,5360,51,1435,14,755,7,285,3,830,8,300,3,0,0,5270,50,5340,50,1440,14,5500,52,3665,35
"D","Yorkshire and The Humber","36","North Yorkshire","36UB","Craven",,,2590,255,10,1455,56,225,9,215,8,95,4,250,10,95,4,0,0,1335,52,1255,48,240,9,1150,44,1200,46
"D","Yorkshire and The Humber","36","North Yorkshire","36UC","Hambleton",,,4065,530,13,2050,50,415,10,370,9,120,3,390,10,190,5,0,0,1980,49,2085,51,470,12,1835,45,1760,43
"D","Yorkshire and The Humber","36","North Yorkshire","36UD","Harrogate",,,6870,840,12,3675,53,715,10,530,8,210,3,635,9,265,4,0,0,3445,50,3425,50,710,10,3450,50,2710,39
"D","Yorkshire and The Humber","36","North Yorkshire","36UE","Richmondshire",,,2270,280,12,1100,48,255,11,245,11,75,3,230,10,85,4,0,0,1035,46,1235,54,270,12,1090,48,910,40
"D","Yorkshire and The Humber","36","North Yorkshire","36UF","Ryedale",,,2475,340,14,1260,51,235,9,265,11,75,3,210,8,90,4,0,0,1240,50,1235,50,270,11,1050,42,1155,47
"D","Yorkshire and The Humber","36","North Yorkshire","36UG","Scarborough",,,10305,1685,16,5175,50,1205,12,825,8,495,5,715,7,205,2,0,0,5400,52,4905,48,1410,14,4860,47,4035,39
"D","Yorkshire and The Humber","36","North Yorkshire","36UH","Selby",,,4480,640,14,2230,50,520,12,385,9,160,4,390,9,155,3,0,0,2245,50,2235,50,540,12,2060,46,1880,42
"E","East Midlands",,,"00FK","Derby",,,22885,3650,16,11265,49,3490,15,1775,8,665,3,1690,7,350,2,0,0,11220,49,11665,51,3310,14,12310,54,7265,32
"E","East Midlands",,,"00FN","Leicester",,,35330,7065,20,15825,45,6080,17,2705,8,1265,4,1920,5,470,1,0,0,16790,48,18540,52,5240,15,19005,54,11080,31
"E","East Midlands",,,"00FP","Rutland",,,1230,115,9,600,49,130,11,125,10,35,3,155,13,70,6,0,0,590,48,640,52,135,11,580,47,515,42
"E","East Midlands",,,"00FY","Nottingham",,,36445,6725,18,17565,48,6450,18,2350,6,1020,3,1955,5,380,1,0,0,18430,51,18015,49,6045,17,20325,56,10070,28
"E","East Midlands","17","Derbyshire","17UB","Amber Valley",,,9185,1070,12,4965,54,1070,12,845,9,255,3,775,8,205,2,0,0,4630,50,4555,50,1020,11,4340,47,3825,42
"E","East Midlands","17","Derbyshire","17UC","Bolsover",,,8685,925,11,4910,57,850,10,915,11,195,2,770,9,120,1,0,0,4630,53,4055,47,980,11,4135,48,3570,41
"E","East Midlands","17","Derbyshire","17UD","Chesterfield",,,10940,1500,14,6005,55,1115,10,975,9,290,3,870,8,185,2,0,0,5835,53,5105,47,1290,12,5425,50,4225,39
"E","East Midlands","17","Derbyshire","17UF","Derbyshire Dales",,,3395,335,10,1815,53,285,8,350,10,115,3,365,11,130,4,0,0,1725,51,1670,49,315,9,1565,46,1515,45
"E","East Midlands","17","Derbyshire","17UG","Erewash",,,8520,1315,15,4245,50,1140,13,705,8,235,3,695,8,185,2,0,0,4210,49,4310,51,1190,14,4145,49,3185,37
"E","East Midlands","17","Derbyshire","17UH","High Peak",,,6250,845,14,3370,54,720,12,475,8,185,3,480,8,175,3,0,0,3085,49,3165,51,760,12,3090,49,2400,38
"E","East Midlands","17","Derbyshire","17UJ","North East Derbyshire",,,7910,935,12,4295,54,750,9,830,10,225,3,700,9,175,2,0,0,4190,53,3720,47,820,10,3690,47,3400,43
"E","East Midlands","17","Derbyshire","17UK","South Derbyshire",,,5760,550,10,3175,55,625,11,525,9,155,3,565,10,165,3,0,0,2700,47,3060,53,665,12,2685,47,2410,42
"E","East Midlands","31","Leicestershire","31UB","Blaby",,,4330,515,12,2205,51,410,9,435,10,105,2,480,11,180,4,0,0,2035,47,2295,53,525,12,1975,46,1830,42
"E","East Midlands","31","Leicestershire","31UC","Charnwood",,,8915,1300,15,4345,49,1055,12,745,8,345,4,845,9,280,3,0,0,4210,47,4705,53,1285,14,4380,49,3250,36
"E","East Midlands","31","Leicestershire","31UD","Harborough",,,3170,365,12,1580,50,325,10,285,9,80,3,370,12,165,5,0,0,1555,49,1615,51,350,11,1505,47,1315,41
"E","East Midlands","31","Leicestershire","31UE","Hinckley and Bosworth",,,5785,855,15,2825,49,600,10,615,11,160,3,565,10,165,3,0,0,2725,47,3060,53,760,13,2735,47,2290,40
"E","East Midlands","31","Leicestershire","31UG","Melton",,,2205,250,11,995,45,285,13,265,12,70,3,225,10,115,5,0,0,1015,46,1190,54,285,13,1015,46,905,41
"E","East Midlands","31","Leicestershire","31UH","North West Leicestershire",,,5945,635,11,3150,53,685,12,610,10,165,3,545,9,155,3,0,0,2865,48,3080,52,740,12,2870,48,2335,39
"E","East Midlands","31","Leicestershire","31UJ","Oadby and Wigston",,,3000,455,15,1455,49,350,12,270,9,70,2,285,10,115,4,0,0,1370,46,1630,54,400,13,1465,49,1135,38
"E","East Midlands","32","Lincolnshire","32UB","Boston",,,5060,655,13,2725,54,600,12,415,8,170,3,390,8,105,2,0,0,2515,50,2545,50,615,12,2425,48,2015,40
"E","East Midlands","32","Lincolnshire","32UC","East Lindsey",,,13780,1760,13,7625,55,1105,8,1465,11,525,4,1050,8,250,2,0,0,7430,54,6350,46,1575,11,5895,43,6310,46
"E","East Midlands","32","Lincolnshire","32UD","Lincoln",,,9030,1430,16,4490,50,1320,15,720,8,295,3,635,7,140,2,0,0,4610,51,4420,49,1515,17,4795,53,2720,30
"E","East Midlands","32","Lincolnshire","32UE","North Kesteven",,,5570,635,11,2865,51,445,8,645,12,195,4,615,11,170,3,0,0,2730,49,2840,51,665,12,2515,45,2390,43
"E","East Midlands","32","Lincolnshire","32UF","South Holland",,,5370,700,13,2825,53,600,11,485,9,170,3,435,8,155,3,0,0,2610,49,2760,51,595,11,2520,47,2255,42
"E","East Midlands","32","Lincolnshire","32UG","South Kesteven",,,7165,925,13,3650,51,875,12,615,9,235,3,630,9,235,3,0,0,3395,47,3770,53,945,13,3440,48,2780,39
"E","East Midlands","32","Lincolnshire","32UH","West Lindsey",,,6330,940,15,3255,51,655,10,550,9,230,4,515,8,185,3,0,0,3160,50,3170,50,845,13,3005,47,2480,39
"E","East Midlands","34","Northamptonshire","34UB","Corby",,,5250,665,13,2760,53,775,15,355,7,170,3,415,8,110,2,0,0,2500,48,2750,52,765,15,2715,52,1770,34
"E","East Midlands","34","Northamptonshire","34UC","Daventry",,,3760,520,14,1800,48,500,13,310,8,105,3,390,10,135,4,0,0,1730,46,2030,54,495,13,1895,50,1370,36
"E","East Midlands","34","Northamptonshire","34UD","East Northamptonshire",,,4675,700,15,2200,47,655,14,390,8,130,3,430,9,170,4,0,0,2130,46,2545,54,625,13,2390,51,1660,36
"E","East Midlands","34","Northamptonshire","34UE","Kettering",,,6130,935,15,3085,50,780,13,495,8,185,3,505,8,145,2,0,0,2905,47,3225,53,890,15,3125,51,2115,35
"E","East Midlands","34","Northamptonshire","34UF","Northampton",,,16265,2790,17,7560,46,2825,17,1110,7,515,3,1140,7,325,2,0,0,7775,48,8490,52,2580,16,8825,54,4850,30
"E","East Midlands","34","Northamptonshire","34UG","South Northamptonshire",,,3030,325,11,1505,50,265,9,290,10,110,4,380,13,155,5,0,0,1350,45,1680,55,305,10,1405,46,1320,44
"E","East Midlands","34","Northamptonshire","34UH","Wellingborough",,,5690,960,17,2630,46,955,17,400,7,185,3,435,8,125,2,0,0,2660,47,3030,53,905,16,2930,51,1855,33
"E","East Midlands","37","Nottinghamshire","37UB","Ashfield",,,11750,1310,11,6595,56,1535,13,1015,9,290,2,795,7,210,2,0,0,5925,50,5825,50,1480,13,5840,50,4430,38
"E","East Midlands","37","Nottinghamshire","37UC","Bassetlaw",,,10635,1090,10,6355,60,1085,10,865,8,245,2,775,7,220,2,0,0,5435,51,5200,49,1280,12,5110,48,4245,40
"E","East Midlands","37","Nottinghamshire","37UD","Broxtowe",,,7295,910,12,3990,55,775,11,635,9,185,3,615,8,185,3,0,0,3640,50,3655,50,880,12,3310,45,3105,43
"E","East Midlands","37","Nottinghamshire","37UE","Gedling",,,7900,1050,13,4130,52,950,12,665,8,185,2,725,9,195,2,0,0,3915,50,3985,50,930,12,3845,49,3125,40
"E","East Midlands","37","Nottinghamshire","37UF","Mansfield",,,11895,1175,10,6960,59,1345,11,1065,9,290,2,865,7,195,2,0,0,6215,52,5680,48,1610,14,5820,49,4465,38
"E","East Midlands","37","Nottinghamshire","37UG","Newark and Sherwood",,,8705,745,9,4920,57,1055,12,855,10,225,3,700,8,205,2,0,0,4290,49,4415,51,995,11,4205,48,3505,40
"E","East Midlands","37","Nottinghamshire","37UJ","Rushcliffe",,,4755,540,11,2535,53,455,10,385,8,120,3,515,11,205,4,0,0,2420,51,2335,49,505,11,2250,47,2000,42
"F","West Midlands",,,"00CN","Birmingham",,,129300,31290,24,53310,41,21765,17,9520,7,4630,4,7095,5,1690,1,0,0,65125,50,64175,50,20870,16,72055,56,36360,28
"F","West Midlands",,,"00CQ","Coventry",,,31800,6230,20,14575,46,5385,17,2105,7,945,3,2025,6,535,2,0,0,15720,49,16080,51,4885,15,16985,53,9930,31
"F","West Midlands",,,"00CR","Dudley",,,28545,5250,18,13220,46,3790,13,2545,9,1055,4,2105,7,580,2,0,0,14795,52,13750,48,4105,14,13930,49,10505,37
"F","West Midlands",,,"00CS","Sandwell",,,36170,7005,19,16285,45,5615,16,2985,8,1370,4,2290,6,620,2,0,0,18065,50,18105,50,5440,15,18480,51,12250,34
"F","West Midlands",,,"00CT","Solihull",,,14310,2290,16,6795,47,2175,15,1135,8,430,3,1115,8,370,3,0,0,6815,48,7495,52,2170,15,7170,50,4965,35
"F","West Midlands",,,"00CU","Walsall",,,28700,5380,19,13260,46,4320,15,2530,9,925,3,1780,6,505,2,0,0,14275,50,14425,50,4630,16,14415,50,9655,34
"F","West Midlands",,,"00CW","Wolverhampton",,,30110,6740,22,13205,44,4860,16,2245,7,1010,3,1550,5,500,2,0,0,15020,50,15090,50,4830,16,15705,52,9570,32
"F","West Midlands",,,"00GA","Herefordshire, County of",,,11245,1335,12,5800,52,1335,12,1000,9,420,4,1020,9,335,3,0,0,5555,49,5690,51,1410,13,5545,49,4290,38
"F","West Midlands",,,"00GF","Telford and Wrekin",,,15825,2030,13,7780,49,2550,16,1420,9,430,3,1300,8,315,2,0,0,7240,46,8585,54,2405,15,8050,51,5365,34
"F","West Midlands",,,"00GL","Stoke-on-Trent",,,31700,4050,13,18625,59,3945,12,2070,7,850,3,1715,5,445,1,0,0,16175,51,15525,49,4410,14,15955,50,11335,36
"F","West Midlands","39","Shropshire","39UB","Bridgnorth",,,2940,385,13,1540,52,240,8,290,10,120,4,265,9,100,3,0,0,1500,51,1440,49,310,11,1275,43,1355,46
"F","West Midlands","39","Shropshire","39UC","North Shropshire",,,3825,525,14,2025,53,365,10,345,9,125,3,310,8,130,3,0,0,1970,52,1855,48,470,12,1785,47,1570,41
"F","West Midlands","39","Shropshire","39UD","Oswestry",,,2865,420,15,1525,53,260,9,225,8,100,3,270,9,65,2,0,0,1470,51,1395,49,405,14,1350,47,1110,39
"F","West Midlands","39","Shropshire","39UE","Shrewsbury and Atcham",,,6275,680,11,3380,54,695,11,525,8,165,3,635,10,195,3,0,0,3210,51,3065,49,840,13,3095,49,2340,37
"F","West Midlands","39","Shropshire","39UF","South Shropshire",,,2390,240,10,1285,54,250,10,220,9,120,5,220,9,55,2,0,0,1210,51,1180,49,245,10,1060,44,1085,45
"F","West Midlands","41","Staffordshire","41UB","Cannock Chase",,,8440,1070,13,4420,52,920,11,855,10,250,3,740,9,185,2,0,0,4160,49,4280,51,1110,13,4020,48,3310,39
"F","West Midlands","41","Staffordshire","41UC","East Staffordshire",,,7495,825,11,3875,52,1025,14,655,9,280,4,640,9,195,3,0,0,3595,48,3900,52,1075,14,3820,51,2600,35
"F","West Midlands","41","Staffordshire","41UD","Lichfield",,,5825,695,12,2960,51,640,11,560,10,190,3,580,10,200,3,0,0,2925,50,2900,50,740,13,2720,47,2365,41
"F","West Midlands","41","Staffordshire","41UE","Newcastle-under-Lyme",,,10485,1205,11,6300,60,1035,10,795,8,225,2,710,7,215,2,0,0,5315,51,5170,49,1225,12,4950,47,4305,41
"F","West Midlands","41","Staffordshire","41UF","South Staffordshire",,,5975,870,15,2885,48,630,11,560,9,195,3,610,10,225,4,0,0,2935,49,3040,51,725,12,2700,45,2550,43
"F","West Midlands","41","Staffordshire","41UG","Stafford",,,7480,885,12,4185,56,700,9,625,8,190,3,700,9,195,3,0,0,3685,49,3795,51,945,13,3580,48,2955,40
"F","West Midlands","41","Staffordshire","41UH","Staffordshire Moorlands",,,6765,635,9,4265,63,485,7,565,8,175,3,465,7,175,3,0,0,3455,51,3310,49,655,10,2920,43,3185,47
"F","West Midlands","41","Staffordshire","41UK","Tamworth",,,6280,825,13,2965,47,885,14,590,9,205,3,645,10,165,3,0,0,2915,46,3365,54,900,14,3020,48,2360,38
"F","West Midlands","44","Warwickshire","44UB","North Warwickshire",,,4330,585,14,2155,50,440,10,470,11,120,3,440,10,120,3,0,0,2165,50,2165,50,490,11,1975,46,1865,43
"F","West Midlands","44","Warwickshire","44UC","Nuneaton and Bedworth",,,11025,1755,16,5380,49,1460,13,965,9,285,3,930,8,250,2,0,0,5435,49,5590,51,1510,14,5395,49,4115,37
"F","West Midlands","44","Warwickshire","44UD","Rugby",,,5690,930,16,2690,47,770,14,435,8,175,3,500,9,190,3,0,0,2735,48,2955,52,765,13,2890,51,2030,36
"F","West Midlands","44","Warwickshire","44UE","Stratford-on-Avon",,,5355,690,13,2640,49,590,11,500,9,170,3,580,11,185,3,0,0,2575,48,2780,52,590,11,2600,49,2165,40
"F","West Midlands","44","Warwickshire","44UF","Warwick",,,7035,1215,17,3420,49,915,13,485,7,190,3,610,9,200,3,0,0,3515,50,3520,50,900,13,3720,53,2415,34
"F","West Midlands","47","Worcestershire","47UB","Bromsgrove",,,4585,615,13,2315,50,430,9,415,9,155,3,500,11,155,3,0,0,2270,50,2315,50,630,14,2105,46,1850,40
"F","West Midlands","47","Worcestershire","47UC","Malvern Hills",,,4195,435,10,2210,53,460,11,395,9,155,4,395,9,145,3,0,0,2040,49,2155,51,520,12,2020,48,1655,39
"F","West Midlands","47","Worcestershire","47UD","Redditch",,,6580,910,14,3155,48,960,15,605,9,225,3,585,9,140,2,0,0,3105,47,3475,53,950,14,3260,50,2370,36
"F","West Midlands","47","Worcestershire","47UE","Worcester",,,7270,1185,16,3405,47,1055,15,565,8,310,4,580,8,170,2,0,0,3530,49,3740,51,1085,15,3805,52,2380,33
"F","West Midlands","47","Worcestershire","47UF","Wychavon",,,6270,795,13,3065,49,745,12,630,10,225,4,595,9,215,3,0,0,2995,48,3275,52,750,12,3095,49,2425,39
"F","West Midlands","47","Worcestershire","47UG","Wyre Forest",,,7855,1035,13,4130,53,975,12,650,8,335,4,560,7,170,2,0,0,3940,50,3915,50,1060,13,3705,47,3090,39
"G","East of England",,,"00JA","Peterborough",,,15505,2565,17,7230,47,2685,17,1190,8,555,4,1010,7,270,2,0,0,7210,47,8295,53,2525,16,8455,55,4525,29
"G","East of England",,,"00KA","Luton",,,16835,2905,17,7645,45,3115,19,1310,8,590,4,935,6,335,2,0,0,7910,47,8925,53,2355,14,9490,56,4990,30
"G","East of England",,,"00KF","Southend-on-Sea",,,14950,2355,16,7425,50,2505,17,985,7,595,4,840,6,245,2,0,0,7400,49,7550,51,2010,13,8210,55,4725,32
"G","East of England",,,"00KG","Thurrock",,,11980,1940,16,5255,44,2345,20,975,8,395,3,825,7,245,2,0,0,5400,45,6580,55,1815,15,6440,54,3725,31
"G","East of England","09","Bedfordshire","09UC","Mid Bedfordshire",,,5395,690,13,2645,49,690,13,490,9,150,3,555,10,175,3,0,0,2410,45,2985,55,590,11,2780,52,2025,38
"G","East of England","09","Bedfordshire","09UD","Bedford",,,11105,1840,17,5325,48,1810,16,805,7,340,3,700,6,285,3,0,0,5235,47,5870,53,1525,14,6120,55,3460,31
"G","East of England","09","Bedfordshire","09UE","South Bedfordshire",,,7100,905,13,3230,45,1395,20,515,7,210,3,605,9,240,3,0,0,3150,44,3950,56,1090,15,3770,53,2240,32
"G","East of England","12","Cambridgeshire","12UB","Cambridge",,,6500,1120,17,3335,51,965,15,295,5,210,3,445,7,130,2,0,0,3310,51,3190,49,910,14,3750,58,1835,28
"G","East of England","12","Cambridgeshire","12UC","East Cambridgeshire",,,3655,460,13,1780,49,485,13,355,10,130,4,325,9,120,3,0,0,1680,46,1975,54,430,12,1815,50,1410,39
"G","East of England","12","Cambridgeshire","12UD","Fenland",,,7675,990,13,3960,52,1030,13,730,10,285,4,535,7,145,2,0,0,3575,47,4100,53,1105,14,3730,49,2840,37
"G","East of England","12","Cambridgeshire","12UE","Huntingdonshire",,,8135,1010,12,3810,47,1085,13,815,10,300,4,830,10,285,4,0,0,3680,45,4455,55,1170,14,4100,50,2865,35
"G","East of England","12","Cambridgeshire","12UG","South Cambridgeshire",,,5220,575,11,2540,49,630,12,460,9,110,2,680,13,225,4,0,0,2350,45,2870,55,670,13,2725,52,1825,35
"G","East of England","22","Essex","22UB","Basildon",,,14200,1730,12,6760,48,2850,20,1085,8,470,3,1005,7,300,2,0,0,6305,44,7895,56,2065,15,7840,55,4290,30
"G","East of England","22","Essex","22UC","Braintree",,,8455,1215,14,4160,49,1240,15,670,8,260,3,680,8,230,3,0,0,3890,46,4565,54,1115,13,4370,52,2970,35
"G","East of England","22","Essex","22UD","Brentwood",,,3380,325,10,1770,52,480,14,295,9,125,4,255,8,130,4,0,0,1550,46,1830,54,385,11,1725,51,1270,38
"G","East of England","22","Essex","22UE","Castle Point",,,5665,620,11,2815,50,845,15,555,10,225,4,440,8,165,3,0,0,2600,46,3065,54,745,13,2705,48,2215,39
"G","East of England","22","Essex","22UF","Chelmsford",,,8365,1185,14,3940,47,1270,15,655,8,240,3,820,10,255,3,0,0,3825,46,4540,54,1110,13,4485,54,2770,33
"G","East of England","22","Essex","22UG","Colchester",,,11270,1530,14,5620,50,1775,16,840,7,400,4,845,7,260,2,0,0,5260,47,6010,53,1725,15,6025,53,3520,31
"G","East of England","22","Essex","22UH","Epping Forest",,,7170,955,13,3370,47,1235,17,515,7,270,4,580,8,245,3,0,0,3215,45,3955,55,825,12,3815,53,2525,35
"G","East of England","22","Essex","22UJ","Harlow",,,6900,1255,18,3085,45,1265,18,450,7,275,4,455,7,115,2,0,0,3085,45,3815,55,1060,15,3815,55,2025,29
"G","East of England","22","Essex","22UK","Maldon",,,3415,430,13,1655,48,435,13,340,10,125,4,315,9,115,3,0,0,1630,48,1785,52,425,12,1690,49,1300,38
"G","East of England","22","Essex","22UL","Rochford",,,3965,405,10,1975,50,490,12,385,10,140,4,410,10,160,4,0,0,1850,47,2115,53,445,11,1930,49,1590,40
"G","East of England","22","Essex","22UN","Tendring",,,13080,1990,15,6795,52,1725,13,1050,8,540,4,740,6,240,2,0,0,6715,51,6365,49,1680,13,6215,48,5185,40
"G","East of England","22","Essex","22UQ","Uttlesford",,,2675,275,10,1315,49,320,12,255,10,110,4,280,10,120,4,0,0,1220,46,1455,54,265,10,1330,50,1080,40
"G","East of England","26","Hertfordshire","26UB","Broxbourne",,,6005,755,13,2610,43,1320,22,500,8,215,4,430,7,175,3,0,0,2425,40,3580,60,845,14,3280,55,1880,31
"G","East of England","26","Hertfordshire","26UC","Dacorum",,,7520,1025,14,3530,47,1230,16,600,8,215,3,655,9,265,4,0,0,3425,46,4095,54,975,13,4010,53,2535,34
"G","East of England","26","Hertfordshire","26UD","East Hertfordshire",,,5260,625,12,2580,49,695,13,455,9,150,3,530,10,225,4,0,0,2335,44,2925,56,665,13,2850,54,1745,33
"G","East of England","26","Hertfordshire","26UE","Hertsmere",,,5350,680,13,2550,48,980,18,415,8,175,3,400,7,150,3,0,0,2410,45,2940,55,660,12,2910,54,1780,33
"G","East of England","26","Hertfordshire","26UF","North Hertfordshire",,,6150,775,13,2850,46,1025,17,555,9,205,3,545,9,195,3,0,0,2775,45,3375,55,820,13,3280,53,2050,33
"G","East of England","26","Hertfordshire","26UG","St Albans",,,5740,605,11,2890,50,835,15,505,9,175,3,480,8,250,4,0,0,2580,45,3160,55,685,12,3110,54,1945,34
"G","East of England","26","Hertfordshire","26UH","Stevenage",,,5945,785,13,2710,46,1145,19,490,8,165,3,520,9,130,2,0,0,2705,46,3240,54,975,16,3370,57,1600,27
"G","East of England","26","Hertfordshire","26UJ","Three Rivers",,,4015,415,10,1915,48,700,17,330,8,135,3,385,10,135,3,0,0,1800,45,2215,55,480,12,2195,55,1335,33
"G","East of England","26","Hertfordshire","26UK","Watford",,,5200,710,14,2505,48,880,17,385,7,185,4,395,8,140,3,0,0,2475,48,2725,52,630,12,2955,57,1615,31
"G","East of England","26","Hertfordshire","26UL","Welwyn Hatfield",,,5970,770,13,2925,49,980,16,485,8,180,3,455,8,175,3,0,0,2765,46,3205,54,930,16,3265,55,1775,30
"G","East of England","33","Norfolk","33UB","Breckland",,,8315,1155,14,4215,51,950,11,825,10,305,4,690,8,175,2,0,0,4035,49,4280,51,1020,12,4075,49,3220,39
"G","East of England","33","Norfolk","33UC","Broadland",,,6270,610,10,3465,55,620,10,595,9,180,3,580,9,220,4,0,0,3080,49,3190,51,615,10,3110,50,2545,41
"G","East of England","33","Norfolk","33UD","Great Yarmouth",,,10955,2310,21,5185,47,1265,12,955,9,465,4,630,6,145,1,0,0,5700,52,5255,48,1660,15,5365,49,3930,36
"G","East of England","33","Norfolk","33UE","King's Lynn and West Norfolk",,,11330,1515,13,6005,53,1300,11,1105,10,395,3,785,7,225,2,0,0,5580,49,5750,51,1480,13,5460,48,4390,39
"G","East of England","33","Norfolk","33UF","North Norfolk",,,6945,920,13,3805,55,685,10,600,9,280,4,490,7,165,2,0,0,3640,52,3305,48,815,12,3185,46,2945,42
"G","East of England","33","Norfolk","33UG","Norwich",,,13335,2245,17,6890,52,2040,15,840,6,450,3,750,6,120,1,0,0,6890,52,6445,48,2005,15,7530,56,3800,28
"G","East of England","33","Norfolk","33UH","South Norfolk",,,6045,745,12,3180,53,595,10,565,9,240,4,510,8,210,3,0,0,2930,48,3115,52,710,12,2910,48,2425,40
"G","East of England","42","Suffolk","42UB","Babergh",,,4365,505,12,2135,49,555,13,435,10,145,3,430,10,160,4,0,0,2055,47,2310,53,535,12,2135,49,1695,39
"G","East of England","42","Suffolk","42UC","Forest Heath",,,2765,360,13,1340,48,400,14,245,9,90,3,255,9,75,3,0,0,1265,46,1500,54,320,12,1385,50,1060,38
"G","East of England","42","Suffolk","42UD","Ipswich",,,11125,1990,18,5035,45,1730,16,940,8,410,4,840,8,180,2,0,0,5390,48,5735,52,1795,16,5995,54,3335,30
"G","East of England","42","Suffolk","42UE","Mid Suffolk",,,4250,525,12,2030,48,460,11,485,11,165,4,435,10,150,4,0,0,1955,46,2295,54,540,13,1995,47,1715,40
"G","East of England","42","Suffolk","42UF","St Edmundsbury",,,5645,775,14,2775,49,680,12,540,10,210,4,495,9,170,3,0,0,2675,47,2970,53,765,14,2925,52,1955,35
"G","East of England","42","Suffolk","42UG","Suffolk Coastal",,,6035,625,10,3010,50,675,11,720,12,235,4,585,10,185,3,0,0,2860,47,3175,53,710,12,2825,47,2500,41
"G","East of England","42","Suffolk","42UH","Waveney",,,10485,1785,17,4895,47,1330,13,1050,10,435,4,815,8,175,2,0,0,5180,49,5305,51,1480,14,5105,49,3900,37
"H","London",,,"00AA","City of London",,,430,115,27,200,47,35,8,25,6,20,5,25,6,10,2,0,0,260,60,170,40,55,13,225,52,150,35
"H","London",,,"00AB","Barking and Dagenham",,,20910,3495,17,8290,40,5715,27,1310,6,745,4,1135,5,220,1,0,0,8765,42,12145,58,3320,16,12245,59,5340,26
"H","London",,,"00AC","Barnet",,,23625,3670,16,10355,44,5030,21,1520,6,1095,5,1455,6,500,2,0,0,10380,44,13245,56,2795,12,13875,59,6945,29
"H","London",,,"00AD","Bexley",,,15285,2060,13,6660,44,3290,22,1145,7,535,4,1200,8,395,3,0,0,6545,43,8740,57,2155,14,8145,53,4985,33
"H","London",,,"00AE","Brent",,,28350,5675,20,12500,44,5830,21,1405,5,1315,5,1195,4,430,2,0,0,13440,47,14910,53,3210,11,17095,60,8040,28
"H","London",,,"00AF","Bromley",,,18825,2745,15,8390,45,3950,21,1265,7,615,3,1345,7,515,3,0,0,8460,45,10365,55,2635,14,10485,56,5705,30
"H","London",,,"00AG","Camden",,,22310,3790,17,11285,51,4065,18,1045,5,1060,5,880,4,185,1,0,0,10970,49,11340,51,2150,10,13825,62,6330,28
"H","London",,,"00AH","Croydon",,,28935,4755,16,12010,42,7145,25,1465,5,1205,4,1765,6,590,2,0,0,12550,43,16385,57,4345,15,16990,59,7590,26
"H","London",,,"00AJ","Ealing",,,27670,4800,17,12710,46,5720,21,1535,6,1100,4,1340,5,465,2,0,0,12760,46,14910,54,3135,11,16205,59,8315,30
"H","London",,,"00AK","Enfield",,,29260,5030,17,12130,41,7445,25,1445,5,1335,5,1405,5,470,2,0,0,12460,43,16800,57,4165,14,17515,60,7565,26
"H","London",,,"00AL","Greenwich",,,25995,4135,16,11275,43,6375,25,1490,6,1070,4,1360,5,290,1,0,0,11390,44,14605,56,3965,15,15235,59,6790,26
"H","London",,,"00AM","Hackney",,,30925,6420,21,13065,42,7325,24,1345,4,1580,5,995,3,195,1,0,0,14305,46,16620,54,4015,13,19070,62,7820,25
"H","London",,,"00AN","Hammersmith and Fulham",,,17125,3110,18,8115,47,3700,22,715,4,695,4,650,4,140,1,0,0,8070,47,9055,53,1955,11,10380,61,4785,28
"H","London",,,"00AP","Haringey",,,28825,6160,21,12070,42,6825,24,1125,4,1395,5,995,3,255,1,0,0,13220,46,15605,54,3855,13,17910,62,7050,24
"H","London",,,"00AQ","Harrow",,,15025,2170,14,6795,45,2850,19,1085,7,640,4,1050,7,435,3,0,0,6535,43,8490,57,1780,12,8520,57,4715,31
"H","London",,,"00AR","Havering",,,16055,2080,13,7395,46,3050,19,1320,8,550,3,1235,8,425,3,0,0,7075,44,8980,56,2050,13,8520,53,5485,34
"H","London",,,"00AS","Hillingdon",,,18965,2665,14,8235,43,4390,23,1210,6,825,4,1170,6,470,2,0,0,7955,42,11010,58,2770,15,10710,56,5485,29
"H","London",,,"00AT","Hounslow",,,19105,2655,14,8660,45,4280,22,1135,6,785,4,1190,6,400,2,0,0,8215,43,10890,57,2485,13,10850,57,5770,30
"H","London",,,"00AU","Islington",,,25955,4710,18,12220,47,5745,22,1030,4,1155,4,920,4,175,1,0,0,12000,46,13955,54,3065,12,16195,62,6685,26
"H","London",,,"00AW","Kensington and Chelsea",,,11935,2050,17,6140,51,2055,17,475,4,645,5,440,4,130,1,0,0,5895,49,6040,51,1015,9,7175,60,3740,31
"H","London",,,"00AX","Kingston upon Thames",,,7585,1045,14,3575,47,1465,19,480,6,280,4,520,7,220,3,0,0,3450,45,4135,55,945,12,4235,56,2405,32
"H","London",,,"00AY","Lambeth",,,32445,7050,22,13680,42,7745,24,1025,3,1505,5,1190,4,250,1,0,0,15425,48,17020,52,4340,13,20095,62,7990,25
"H","London",,,"00AZ","Lewisham",,,29120,5385,18,12285,42,7375,25,1225,4,1280,4,1275,4,295,1,0,0,13195,45,15925,55,4255,15,17785,61,7080,24
"H","London",,,"00BA","Merton",,,11705,2005,17,5005,43,2450,21,735,6,465,4,805,7,240,2,0,0,5295,45,6410,55,1640,14,6520,56,3540,30
"H","London",,,"00BB","Newham",,,32980,6435,20,13105,40,7755,24,2175,7,1550,5,1625,5,335,1,0,0,14815,45,18165,55,4455,14,20030,61,8485,26
"H","London",,,"00BC","Redbridge",,,21025,3430,16,8980,43,4490,21,1575,7,865,4,1270,6,415,2,0,0,9140,43,11885,57,2785,13,11865,56,6360,30
"H","London",,,"00BD","Richmond upon Thames",,,8070,1085,13,3915,49,1375,17,465,6,365,5,595,7,270,3,0,0,3730,46,4340,54,915,11,4360,54,2795,35
"H","London",,,"00BE","Southwark",,,31315,6285,20,13620,43,7245,23,1300,4,1335,4,1245,4,285,1,0,0,14770,47,16545,53,4290,14,19020,61,7990,26
"H","London",,,"00BF","Sutton",,,11555,1580,14,5150,45,2370,21,855,7,400,3,890,8,310,3,0,0,4940,43,6615,57,1650,14,6560,57,3345,29
"H","London",,,"00BG","Tower Hamlets",,,29505,7420,25,11675,40,5605,19,2050,7,1480,5,960,3,315,1,0,0,14770,50,14735,50,4225,14,17965,61,7305,25
"H","London",,,"00BH","Waltham Forest",,,24725,5310,21,9890,40,5725,23,1335,5,1010,4,1165,5,290,1,0,0,11285,46,13440,54,3390,14,14785,60,6540,26
"H","London",,,"00BJ","Wandsworth",,,20585,3585,17,9420,46,4410,21,985,5,860,4,1025,5,300,1,0,0,9685,47,10900,53,2425,12,12365,60,5785,28
"H","London",,,"00BK","Westminster",,,19685,3125,16,10455,53,3175,16,1050,5,915,5,800,4,165,1,0,0,10005,51,9680,49,1865,9,12255,62,5560,28
"J","South East",,,"00LC","Medway",,,20695,3165,15,9160,44,3715,18,1815,9,755,4,1595,8,490,2,0,0,9485,46,11210,54,3270,16,11050,53,6375,31
"J","South East",,,"00MA","Bracknell Forest",,,5105,590,12,2445,48,845,17,405,8,145,3,475,9,200,4,0,0,2410,47,2695,53,705,14,2790,55,1610,32
"J","South East",,,"00MB","West Berkshire",,,6440,760,12,3075,48,1010,16,530,8,230,4,595,9,240,4,0,0,2900,45,3540,55,855,13,3455,54,2130,33
"J","South East",,,"00MC","Reading",,,9940,1620,16,4435,45,2080,21,620,6,395,4,595,6,195,2,0,0,4580,46,5360,54,1655,17,5645,57,2635,27
"J","South East",,,"00MD","Slough",,,9870,1475,15,4545,46,2095,21,635,6,360,4,515,5,245,2,0,0,4415,45,5455,55,1315,13,5505,56,3045,31
"J","South East",,,"00ME","Windsor and Maidenhead",,,5400,735,14,2520,47,770,14,415,8,235,4,470,9,255,5,0,0,2530,47,2870,53,635,12,2790,52,1975,37
"J","South East",,,"00MF","Wokingham",,,4855,555,11,2275,47,635,13,445,9,135,3,570,12,240,5,0,0,2235,46,2620,54,660,14,2545,52,1645,34
"J","South East",,,"00MG","Milton Keynes",,,16625,2690,16,7500,45,3160,19,1060,6,580,3,1270,8,365,2,0,0,7440,45,9185,55,2340,14,9115,55,5170,31
"J","South East",,,"00ML","Brighton and Hove",,,24045,4015,17,12805,53,3395,14,1265,5,725,3,1490,6,350,1,0,0,12550,52,11495,48,2965,12,14050,58,7025,29
"J","South East",,,"00MR","Portsmouth",,,16565,2615,16,7635,46,3175,19,1055,6,820,5,980,6,285,2,0,0,8015,48,8550,52,2505,15,9055,55,5005,30
"J","South East",,,"00MS","Southampton",,,19880,2945,15,9495,48,3705,19,1300,7,720,4,1410,7,305,2,0,0,9680,49,10200,51,3090,16,10860,55,5925,30
"J","South East",,,"00MW","Isle of Wight",,,11950,1790,15,6095,51,1585,13,935,8,440,4,870,7,235,2,0,0,6215,52,5735,48,1640,14,5750,48,4560,38
"J","South East","11","Buckinghamshire","11UB","Aylesbury Vale",,,7465,765,10,3545,47,1060,14,705,9,285,4,790,11,315,4,0,0,3330,45,4135,55,960,13,3910,52,2590,35
"J","South East","11","Buckinghamshire","11UC","Chiltern",,,3295,425,13,1590,48,405,12,275,8,110,3,325,10,165,5,0,0,1565,47,1730,53,375,11,1730,53,1190,36
"J","South East","11","Buckinghamshire","11UE","South Bucks",,,2320,250,11,1080,47,355,15,200,9,100,4,230,10,105,5,0,0,1020,44,1300,56,260,11,1195,52,865,37
"J","South East","11","Buckinghamshire","11UF","Wycombe",,,7705,1115,14,3355,44,1215,16,740,10,325,4,680,9,275,4,0,0,3560,46,4145,54,1055,14,4140,54,2510,33
"J","South East","21","East Sussex","21UC","Eastbourne",,,8095,1230,15,4330,53,1110,14,510,6,305,4,450,6,160,2,0,0,4065,50,4030,50,1090,13,4240,52,2765,34
"J","South East","21","East Sussex","21UD","Hastings",,,10720,1720,16,5615,52,1610,15,640,6,460,4,550,5,125,1,0,0,5590,52,5130,48,1620,15,5680,53,3420,32
"J","South East","21","East Sussex","21UF","Lewes",,,5700,700,12,2930,51,760,13,435,8,205,4,500,9,170,3,0,0,2810,49,2890,51,725,13,2815,49,2160,38
"J","South East","21","East Sussex","21UG","Rother",,,5965,785,13,3120,52,750,13,500,8,235,4,440,7,135,2,0,0,2970,50,2995,50,745,12,2840,48,2375,40
"J","South East","21","East Sussex","21UH","Wealden",,,6320,555,9,3405,54,730,12,580,9,200,3,590,9,260,4,0,0,2900,46,3420,54,750,12,3065,48,2505,40
"J","South East","24","Hampshire","24UB","Basingstoke and Deane",,,7615,875,11,3735,49,1235,16,575,8,210,3,725,10,260,3,0,0,3320,44,4295,56,1080,14,4175,55,2360,31
"J","South East","24","Hampshire","24UC","East Hampshire",,,4590,460,10,2315,50,635,14,415,9,140,3,430,9,195,4,0,0,2090,46,2500,54,645,14,2350,51,1595,35
"J","South East","24","Hampshire","24UD","Eastleigh",,,5865,730,12,2820,48,795,14,510,9,165,3,640,11,205,3,0,0,2650,45,3215,55,810,14,2940,50,2115,36
"J","South East","24","Hampshire","24UE","Fareham",,,4395,440,10,2165,49,500,11,425,10,140,3,540,12,185,4,0,0,2100,48,2295,52,540,12,2205,50,1650,38
"J","South East","24","Hampshire","24UF","Gosport",,,5330,560,11,2570,48,980,18,455,9,165,3,465,9,135,3,0,0,2345,44,2985,56,825,15,2835,53,1670,31
"J","South East","24","Hampshire","24UG","Hart",,,2685,305,11,1225,46,320,12,265,10,70,3,360,13,140,5,0,0,1180,44,1505,56,365,14,1380,51,940,35
"J","South East","24","Hampshire","24UH","Havant",,,9115,1260,14,4235,46,1510,17,890,10,340,4,690,8,190,2,0,0,4320,47,4795,53,1330,15,4715,52,3070,34
"J","South East","24","Hampshire","24UJ","New Forest",,,8690,715,8,4520,52,1245,14,870,10,270,3,805,9,265,3,0,0,4075,47,4615,53,1160,13,4280,49,3250,37
"J","South East","24","Hampshire","24UL","Rushmoor",,,4920,595,12,2365,48,885,18,365,7,125,3,450,9,135,3,0,0,2190,45,2730,55,750,15,2765,56,1405,29
"J","South East","24","Hampshire","24UN","Test Valley",,,5015,460,9,2410,48,715,14,515,10,170,3,550,11,195,4,0,0,2225,44,2790,56,690,14,2565,51,1760,35
"J","South East","24","Hampshire","24UP","Winchester",,,4425,435,10,2300,52,500,11,405,9,160,4,420,9,205,5,0,0,2180,49,2245,51,550,12,2350,53,1525,34
"J","South East","29","Kent","29UB","Ashford",,,6955,740,11,3360,48,1155,17,650,9,215,3,650,9,185,3,0,0,3140,45,3815,55,1020,15,3635,52,2300,33
"J","South East","29","Kent","29UC","Canterbury",,,9380,1035,11,4980,53,1255,13,830,9,290,3,780,8,210,2,0,0,4630,49,4750,51,1200,13,4745,51,3435,37
"J","South East","29","Kent","29UD","Dartford",,,6000,790,13,2760,46,1095,18,480,8,195,3,520,9,160,3,0,0,2680,45,3320,55,915,15,3215,54,1870,31
"J","South East","29","Kent","29UE","Dover",,,8850,1145,13,4520,51,1180,13,785,9,320,4,690,8,210,2,0,0,4505,51,4345,49,1185,13,4295,49,3365,38
"J","South East","29","Kent","29UG","Gravesham",,,7670,1260,16,3555,46,1205,16,700,9,255,3,525,7,170,2,0,0,3580,47,4090,53,1125,15,4065,53,2480,32
"J","South East","29","Kent","29UH","Maidstone",,,8435,940,11,4160,49,1335,16,730,9,305,4,715,8,250,3,0,0,3895,46,4540,54,1175,14,4455,53,2805,33
"J","South East","29","Kent","29UK","Sevenoaks",,,5125,465,9,2470,48,880,17,485,9,130,3,510,10,185,4,0,0,2280,44,2845,56,625,12,2680,52,1820,36
"J","South East","29","Kent","29UL","Shepway",,,8885,1345,15,4435,50,1260,14,710,8,330,4,635,7,170,2,0,0,4590,52,4295,48,1130,13,4590,52,3160,36
"J","South East","29","Kent","29UM","Swale",,,11280,1545,14,5335,47,1885,17,1010,9,475,4,805,7,225,2,0,0,5375,48,5905,52,1765,16,5765,51,3750,33
"J","South East","29","Kent","29UN","Thanet",,,13725,1970,14,6855,50,1985,14,1130,8,620,5,920,7,245,2,0,0,7105,52,6620,48,1910,14,6815,50,5000,36
"J","South East","29","Kent","29UP","Tonbridge and Malling",,,5515,545,10,2610,47,880,16,545,10,160,3,580,11,195,4,0,0,2530,46,2985,54,685,12,2915,53,1915,35
"J","South East","29","Kent","29UQ","Tunbridge Wells",,,5315,480,9,2760,52,835,16,405,8,195,4,450,8,190,4,0,0,2510,47,2805,53,710,13,2875,54,1730,33
"J","South East","38","Oxfordshire","38UB","Cherwell",,,6590,750,11,3185,48,1050,16,545,8,220,3,615,9,225,3,0,0,2885,44,3705,56,905,14,3585,54,2100,32
"J","South East","38","Oxfordshire","38UC","Oxford",,,9085,1305,14,4320,48,1775,20,505,6,400,4,615,7,165,2,0,0,4405,48,4680,52,1400,15,5240,58,2445,27
"J","South East","38","Oxfordshire","38UD","South Oxfordshire",,,4740,520,11,2260,48,650,14,395,8,170,4,530,11,215,5,0,0,2230,47,2510,53,585,12,2470,52,1685,36
"J","South East","38","Oxfordshire","38UE","Vale of White Horse",,,4475,385,9,2190,49,620,14,400,9,140,3,560,13,180,4,0,0,2025,45,2450,55,600,13,2360,53,1515,34
"J","South East","38","Oxfordshire","38UF","West Oxfordshire",,,3605,355,10,1745,48,470,13,335,9,145,4,415,12,140,4,0,0,1660,46,1945,54,515,14,1800,50,1285,36
"J","South East","43","Surrey","43UB","Elmbridge",,,4625,425,9,2275,49,785,17,355,8,150,3,435,9,200,4,0,0,2075,45,2550,55,510,11,2525,55,1585,34
"J","South East","43","Surrey","43UC","Epsom and Ewell",,,3030,300,10,1535,51,425,14,235,8,90,3,305,10,140,5,0,0,1385,46,1645,54,325,11,1590,52,1115,37
"J","South East","43","Surrey","43UD","Guildford",,,5410,620,11,2725,50,800,15,420,8,150,3,470,9,225,4,0,0,2490,46,2920,54,725,13,2960,55,1725,32
"J","South East","43","Surrey","43UE","Mole Valley",,,3045,225,7,1615,53,335,11,250,8,100,3,365,12,155,5,0,0,1495,49,1550,51,315,10,1530,50,1200,39
"J","South East","43","Surrey","43UF","Reigate and Banstead",,,5980,575,10,3085,52,955,16,450,8,160,3,535,9,220,4,0,0,2715,45,3265,55,770,13,3170,53,2040,34
"J","South East","43","Surrey","43UG","Runnymede",,,3145,295,9,1580,50,515,16,235,7,115,4,310,10,95,3,0,0,1435,46,1710,54,355,11,1665,53,1125,36
"J","South East","43","Surrey","43UH","Spelthorne",,,4525,535,12,2145,47,795,18,380,8,145,3,385,9,140,3,0,0,2060,46,2465,54,550,12,2465,54,1510,33
"J","South East","43","Surrey","43UJ","Surrey Heath",,,2910,315,11,1355,47,445,15,275,9,75,3,310,11,135,5,0,0,1315,45,1595,55,390,13,1575,54,945,32
"J","South East","43","Surrey","43UK","Tandridge",,,3370,310,9,1735,51,510,15,265,8,70,2,345,10,135,4,0,0,1530,45,1840,55,485,14,1710,51,1175,35
"J","South East","43","Surrey","43UL","Waverley",,,4285,390,9,2285,53,535,12,335,8,120,3,430,10,190,4,0,0,1960,46,2325,54,495,12,2260,53,1530,36
"J","South East","43","Surrey","43UM","Woking",,,4280,465,11,2110,49,655,15,390,9,125,3,380,9,155,4,0,0,1920,45,2360,55,570,13,2385,56,1325,31
"J","South East","45","West Sussex","45UB","Adur",,,4005,420,10,1985,50,595,15,360,9,155,4,380,9,110,3,0,0,1875,47,2130,53,530,13,2020,50,1455,36
"J","South East","45","West Sussex","45UC","Arun",,,9365,1100,12,4925,53,1290,14,735,8,360,4,710,8,245,3,0,0,4650,50,4715,50,1115,12,4620,49,3630,39
"J","South East","45","West Sussex","45UD","Chichester",,,5340,685,13,2585,48,745,14,465,9,210,4,435,8,215,4,0,0,2570,48,2770,52,675,13,2655,50,2010,38
"J","South East","45","West Sussex","45UE","Crawley",,,6740,805,12,3310,49,1305,19,435,6,220,3,510,8,155,2,0,0,2890,43,3850,57,975,14,3650,54,2115,31
"J","South East","45","West Sussex","45UF","Horsham",,,4975,585,12,2425,49,690,14,465,9,120,2,480,10,210,4,0,0,2270,46,2705,54,625,13,2595,52,1755,35
"J","South East","45","West Sussex","45UG","Mid Sussex",,,5000,480,10,2630,53,645,13,405,8,135,3,490,10,215,4,0,0,2295,46,2705,54,590,12,2640,53,1770,35
"J","South East","45","West Sussex","45UH","Worthing",,,6970,730,10,3870,56,950,14,475,7,255,4,510,7,180,3,0,0,3480,50,3490,50,875,13,3655,52,2440,35
"K","South West",,,"00HA","Bath and North East Somerset",,,9490,900,9,5420,57,1295,14,610,6,265,3,770,8,230,2,0,0,4735,50,4755,50,1235,13,5150,54,3105,33
"K","South West",,,"00HB","Bristol, City of",,,38955,4595,12,21550,55,6585,17,2305,6,1075,3,2320,6,525,1,0,0,19440,50,19515,50,5485,14,22500,58,10965,28
"K","South West",,,"00HC","North Somerset",,,13635,1065,8,8385,61,1555,11,950,7,345,3,990,7,345,3,0,0,6950,51,6685,49,1570,12,7180,53,4885,36
"K","South West",,,"00HD","South Gloucestershire",,,13070,1100,8,7000,54,1815,14,1115,9,320,2,1305,10,415,3,0,0,5985,46,7085,54,1750,13,6780,52,4540,35
"K","South West",,,"00HG","Plymouth",,,25300,2830,11,14080,56,3165,13,2025,8,695,3,2105,8,400,2,0,0,12665,50,12635,50,3635,14,13240,52,8425,33
"K","South West",,,"00HH","Torbay",,,13935,1620,12,7685,55,1715,12,1175,8,530,4,990,7,220,2,0,0,7275,52,6660,48,1695,12,6995,50,5245,38
"K","South West",,,"00HN","Bournemouth",,,14220,1495,11,8500,60,1825,13,760,5,605,4,810,6,225,2,0,0,7675,54,6545,46,1515,11,8010,56,4695,33
"K","South West",,,"00HP","Poole",,,8845,735,8,4775,54,1395,16,710,8,330,4,695,8,205,2,0,0,4165,47,4680,53,1105,12,4640,52,3100,35
"K","South West",,,"00HX","Swindon",,,13160,1595,12,6665,51,2140,16,870,7,475,4,1095,8,320,2,0,0,6055,46,7105,54,1895,14,7125,54,4140,31
"K","South West","15","Cornwall and Isles of Scilly","15UB","Caradon",,,5870,545,9,3260,56,580,10,600,10,185,3,540,9,160,3,0,0,2880,49,2990,51,665,11,2710,46,2495,43
"K","South West","15","Cornwall and Isles of Scilly","15UC","Carrick",,,6630,850,13,3595,54,715,11,560,8,255,4,480,7,175,3,0,0,3395,51,3235,49,810,12,3260,49,2560,39
"K","South West","15","Cornwall and Isles of Scilly","15UD","Kerrier",,,8890,845,10,4960,56,975,11,845,10,360,4,725,8,180,2,0,0,4560,51,4330,49,1145,13,4225,48,3520,40
"K","South West","15","Cornwall and Isles of Scilly","15UE","North Cornwall",,,6280,630,10,3475,55,695,11,605,10,230,4,505,8,140,2,0,0,3100,49,3180,51,735,12,2980,47,2565,41
"K","South West","15","Cornwall and Isles of Scilly","15UF","Penwith",,,6375,730,11,3555,56,650,10,565,9,295,5,465,7,115,2,0,0,3395,53,2980,47,720,11,3005,47,2650,42
"K","South West","15","Cornwall and Isles of Scilly","15UG","Restormel",,,8670,1035,12,4705,54,900,10,815,9,345,4,700,8,170,2,0,0,4445,51,4225,49,1110,13,4270,49,3290,38
"K","South West","15","Cornwall and Isles of Scilly","15UH","Isles of Scilly",,,45,5,11,20,44,5,11,5,11,0,0,5,11,5,11,0,0,20,44,25,56,5,11,15,33,25,56
"K","South West","18","Devon","18UB","East Devon",,,6735,615,9,3795,56,660,10,645,10,190,3,585,9,245,4,0,0,3315,49,3420,51,715,11,3165,47,2855,42
"K","South West","18","Devon","18UC","Exeter",,,8595,890,10,4805,56,1055,12,650,8,265,3,765,9,165,2,0,0,4310,50,4285,50,1260,15,4650,54,2685,31
"K","South West","18","Devon","18UD","Mid Devon",,,4430,395,9,2445,55,495,11,450,10,140,3,365,8,140,3,0,0,2190,49,2240,51,610,14,2155,49,1665,38
"K","South West","18","Devon","18UE","North Devon",,,6755,700,10,3690,55,840,12,650,10,225,3,480,7,170,3,0,0,3400,50,3355,50,810,12,3300,49,2645,39
"K","South West","18","Devon","18UG","South Hams",,,4965,465,9,2750,55,495,10,495,10,140,3,480,10,140,3,0,0,2470,50,2495,50,560,11,2395,48,2010,40
"K","South West","18","Devon","18UH","Teignbridge",,,8015,650,8,4495,56,930,12,750,9,270,3,695,9,225,3,0,0,3960,49,4055,51,925,12,3795,47,3295,41
"K","South West","18","Devon","18UK","Torridge",,,4770,635,13,2505,53,440,9,510,11,185,4,380,8,115,2,0,0,2445,51,2325,49,605,13,2170,45,1995,42
"K","South West","18","Devon","18UL","West Devon",,,3080,255,8,1770,57,305,10,290,9,85,3,285,9,90,3,0,0,1520,49,1560,51,345,11,1455,47,1280,42
"K","South West","19","Dorset","19UC","Christchurch",,,2610,205,8,1420,54,330,13,245,9,90,3,240,9,80,3,0,0,1205,46,1405,54,295,11,1265,48,1050,40
"K","South West","19","Dorset","19UD","East Dorset",,,3640,270,7,1890,52,435,12,400,11,125,3,405,11,115,3,0,0,1690,46,1950,54,415,11,1665,46,1560,43
"K","South West","19","Dorset","19UE","North Dorset",,,3230,250,8,1735,54,385,12,330,10,110,3,325,10,95,3,0,0,1530,47,1700,53,325,10,1620,50,1285,40
"K","South West","19","Dorset","19UG","Purbeck",,,2225,180,8,1220,55,275,12,190,9,60,3,225,10,75,3,0,0,1060,48,1165,52,235,11,1070,48,920,41
"K","South West","19","Dorset","19UH","West Dorset",,,5275,345,7,3065,58,535,10,465,9,180,3,495,9,190,4,0,0,2570,49,2705,51,515,10,2585,49,2175,41
"K","South West","19","Dorset","19UJ","Weymouth and Portland",,,5930,600,10,3455,58,660,11,420,7,230,4,425,7,140,2,0,0,3110,52,2820,48,880,15,2930,49,2120,36
"K","South West","23","Gloucestershire","23UB","Cheltenham",,,7155,1170,16,3590,50,1090,15,455,6,270,4,430,6,150,2,0,0,3580,50,3575,50,1085,15,3850,54,2220,31
"K","South West","23","Gloucestershire","23UC","Cotswold",,,3255,315,10,1690,52,375,12,285,9,125,4,320,10,145,4,0,0,1520,47,1735,53,345,11,1605,49,1305,40
"K","South West","23","Gloucestershire","23UD","Forest of Dean",,,5515,660,12,2960,54,605,11,480,9,210,4,430,8,170,3,0,0,2680,49,2835,51,650,12,2690,49,2175,39
"K","South West","23","Gloucestershire","23UE","Gloucester",,,9310,1315,14,4725,51,1520,16,610,7,335,4,625,7,180,2,0,0,4615,50,4695,50,1410,15,5005,54,2895,31
"K","South West","23","Gloucestershire","23UF","Stroud",,,5950,655,11,3215,54,745,13,465,8,210,4,475,8,185,3,0,0,2865,48,3085,52,750,13,3055,51,2145,36
"K","South West","23","Gloucestershire","23UG","Tewkesbury",,,4025,530,13,1915,48,550,14,345,9,145,4,380,9,160,4,0,0,1910,47,2115,53,500,12,2075,52,1450,36
"K","South West","40","Somerset","40UB","Mendip",,,6510,630,10,3570,55,815,13,540,8,210,3,570,9,175,3,0,0,3085,47,3425,53,810,12,3390,52,2310,35
"K","South West","40","Somerset","40UC","Sedgemoor",,,8120,860,11,4500,55,935,12,685,8,290,4,675,8,175,2,0,0,4090,50,4030,50,1070,13,3935,48,3115,38
"K","South West","40","Somerset","40UD","South Somerset",,,8720,700,8,4920,56,950,11,790,9,275,3,845,10,240,3,0,0,4275,49,4445,51,1100,13,4255,49,3365,39
"K","South West","40","Somerset","40UE","Taunton Deane",,,7010,625,9,4080,58,855,12,495,7,215,3,555,8,185,3,0,0,3505,50,3505,50,970,14,3545,51,2495,36
"K","South West","40","Somerset","40UF","West Somerset",,,2595,255,10,1470,57,270,10,230,9,85,3,220,8,65,3,0,0,1330,51,1265,49,310,12,1175,45,1110,43
"K","South West","46","Wiltshire","46UB","Kennet",,,3590,325,9,1855,52,510,14,330,9,115,3,330,9,125,3,0,0,1625,45,1965,55,460,13,1900,53,1230,34
"K","South West","46","Wiltshire","46UC","North Wiltshire",,,6405,630,10,3240,51,890,14,620,10,200,3,615,10,210,3,0,0,2885,45,3520,55,805,13,3380,53,2220,35
"K","South West","46","Wiltshire","46UD","Salisbury",,,5590,445,8,3130,56,720,13,430,8,180,3,490,9,195,3,0,0,2590,46,3000,54,690,12,2930,52,1970,35
"K","South West","46","Wiltshire","46UF","West Wiltshire",,,7125,790,11,3640,51,1040,15,600,8,235,3,595,8,225,3,0,0,3330,47,3795,53,1035,15,3700,52,2390,34
,,,,"00NA","Isle of Anglesey",,,7000,1110,16,3780,54,680,10,605,9,225,3,485,7,115,2,0,0,3830,55,3170,45,790,11,3195,46,3015,43
,,,,"00NC","Gwynedd",,,10385,1495,14,5830,56,1060,10,795,8,350,3,665,6,190,2,0,0,5685,55,4700,45,1210,12,4755,46,4420,43
,,,,"00NE","Conwy",,,10910,1545,14,6055,55,1065,10,870,8,315,3,825,8,235,2,0,0,5800,53,5110,47,1340,12,5125,47,4445,41
,,,,"00NG","Denbighshire",,,10120,1345,13,5820,58,1020,10,820,8,250,2,690,7,175,2,0,0,5375,53,4745,47,1275,13,4755,47,4085,40
,,,,"00NJ","Flintshire",,,12660,1480,12,6920,55,1435,11,1155,9,330,3,1070,8,270,2,0,0,6080,48,6580,52,1585,13,6050,48,5025,40
,,,,"00NL","Wrexham",,,13100,1515,12,7465,57,1445,11,1190,9,260,2,990,8,235,2,0,0,6550,50,6550,50,1740,13,6240,48,5120,39
,,,,"00NN","Powys",,,9860,1050,11,5595,57,920,9,900,9,310,3,850,9,235,2,0,0,4975,50,4885,50,1045,11,4415,45,4400,45
,,,,"00NQ","Ceredigion",,,6070,555,9,3785,62,490,8,485,8,170,3,445,7,140,2,0,0,3270,54,2800,46,665,11,2775,46,2630,43
,,,,"00NS","Pembrokeshire",,,11170,1025,9,6510,58,1215,11,1030,9,300,3,850,8,240,2,0,0,5550,50,5620,50,1360,12,5185,46,4625,41
,,,,"00NU","Carmarthenshire",,,20310,1895,9,12945,64,1690,8,1645,8,435,2,1365,7,335,2,0,0,10285,51,10025,49,2170,11,9265,46,8875,44
,,,,"00NX","Swansea",,,26435,2700,10,15810,60,3050,12,1960,7,705,3,1825,7,385,1,0,0,13200,50,13235,50,3235,12,13250,50,9950,38
,,,,"00NZ","Neath Port Talbot",,,20535,1835,9,12690,62,2055,10,1825,9,435,2,1475,7,220,1,0,0,10070,49,10465,51,2460,12,9895,48,8175,40
,,,,"00PB","Bridgend",,,17045,1755,10,10470,61,1765,10,1260,7,315,2,1230,7,250,1,0,0,8450,50,8595,50,2180,13,8210,48,6655,39
,,,,"00PD","The Vale of Glamorgan",,,10720,1395,13,5780,54,1340,13,800,7,305,3,890,8,210,2,0,0,5315,50,5405,50,1515,14,5240,49,3965,37
,,,,"00PF","Rhondda, Cynon, Taff",,,33570,3055,9,21525,64,3705,11,2175,6,620,2,2080,6,410,1,0,0,16730,50,16840,50,4555,14,15800,47,13215,39
,,,,"00PH","Merthyr Tydfil",,,9450,1115,12,5830,62,1085,11,565,6,165,2,575,6,115,1,0,0,4755,50,4695,50,1270,13,4420,47,3760,40
,,,,"00PK","Caerphilly",,,24610,2710,11,15110,61,2605,11,1845,7,430,2,1600,7,310,1,0,0,12350,50,12260,50,3150,13,11520,47,9940,40
,,,,"00PL","Blaenau Gwent",,,11450,1705,15,6880,60,1175,10,730,6,210,2,630,6,120,1,0,0,5965,52,5485,48,1545,13,5445,48,4455,39
,,,,"00PM","Torfaen",,,11185,1285,11,6475,58,1325,12,900,8,250,2,790,7,160,1,0,0,5665,51,5520,49,1595,14,5235,47,4355,39
,,,,"00PP","Monmouthshire",,,6130,570,9,3500,57,585,10,595,10,170,3,540,9,170,3,0,0,3015,49,3115,51,725,12,2855,47,2550,42
,,,,"00PR","Newport",,,15780,2085,13,8375,53,2470,16,1170,7,415,3,1005,6,260,2,0,0,7690,49,8090,51,2300,15,8130,52,5340,34
,,,,"00PT","Cardiff",,,32675,4220,13,17605,54,4970,15,2215,7,970,3,2215,7,480,1,0,0,16315,50,16360,50,4715,14,17410,53,10550,32
,,,,"100","Aberdeen City",,,16345,1550,9,10390,64,1895,12,790,5,355,2,995,6,370,2,0,0,8305,51,8040,49,1920,12,8830,54,5590,34
,,,,"110","Aberdeenshire",,,13290,1010,8,8045,61,1130,9,1140,9,270,2,1210,9,485,4,0,0,6235,47,7055,53,1455,11,6425,48,5410,41
,,,,"120","Angus",,,8700,1215,14,4760,55,910,10,710,8,275,3,600,7,230,3,0,0,4220,49,4480,51,1155,13,4275,49,3270,38
,,,,"130","Argyll & Bute",,,7230,1100,15,3925,54,650,9,510,7,300,4,530,7,215,3,0,0,3740,52,3490,48,790,11,3285,45,3155,44
,,,,"150","Clackmannanshire",,,5785,730,13,3455,60,690,12,375,6,155,3,280,5,100,2,0,0,2750,48,3035,52,775,13,2975,51,2035,35
,,,,"170","Dumfries & Galloway",,,13485,1900,14,7210,53,1295,10,1270,9,520,4,950,7,340,3,0,0,6905,51,6580,49,1565,12,6240,46,5680,42
,,,,"180","Dundee City",,,18535,3100,17,10410,56,2280,12,1040,6,610,3,835,5,260,1,0,0,9625,52,8910,48,2635,14,9785,53,6115,33
,,,,"190","East Ayrshire",,,14245,2260,16,7585,53,1715,12,1175,8,460,3,800,6,250,2,0,0,7230,51,7015,49,1855,13,7115,50,5275,37
,,,,"200","East Dunbartonshire",,,6615,775,12,3785,57,605,9,465,7,150,2,590,9,245,4,0,0,3190,48,3425,52,660,10,3215,49,2740,41
,,,,"210","East Lothian",,,7145,600,8,4360,61,745,10,535,7,195,3,545,8,165,2,0,0,3550,50,3595,50,880,12,3475,49,2790,39
,,,,"220","East Renfrewshire",,,5495,505,9,3170,58,560,10,430,8,125,2,495,9,210,4,0,0,2595,47,2900,53,575,10,2765,50,2155,39
,,,,"230","Edinburgh, City of",,,38120,4985,13,22385,59,4645,12,2090,5,960,3,2335,6,720,2,0,0,19910,52,18210,48,4855,13,21330,56,11935,31
,,,,"235","Eilean Siar",,,2395,390,16,1270,53,140,6,200,8,140,6,160,7,95,4,0,0,1415,59,980,41,190,8,1020,43,1185,49
,,,,"240","Falkirk",,,14750,1865,13,8675,59,1545,10,1045,7,380,3,925,6,315,2,0,0,7185,49,7565,51,1770,12,7250,49,5730,39
,,,,"250","Fife",,,35460,5580,16,19385,55,4080,12,2470,7,1045,3,2160,6,740,2,0,0,17785,50,17675,50,4765,13,17920,51,12775,36
,,,,"260","Glasgow City",,,93380,12650,14,54255,58,12545,13,5220,6,3465,4,4265,5,980,1,0,0,48875,52,44505,48,10310,11,52480,56,30585,33
,,,,"270","Highland",,,17945,2215,12,9960,56,1790,10,1480,8,625,3,1360,8,515,3,0,0,9115,51,8830,49,2025,11,8675,48,7245,40
,,,,"280","Inverclyde",,,11365,1570,14,6750,59,1360,12,660,6,290,3,535,5,200,2,0,0,6205,55,5160,45,1360,12,5800,51,4205,37
,,,,"290","Midlothian",,,7155,740,10,4100,57,800,11,560,8,175,2,595,8,185,3,0,0,3490,49,3665,51,915,13,3515,49,2725,38
,,,,"300","Moray",,,6385,945,15,3440,54,605,9,515,8,180,3,500,8,200,3,0,0,3095,48,3290,52,830,13,3040,48,2515,39
,,,,"310","North Ayrshire",,,16790,2965,18,8755,52,2150,13,1155,7,540,3,895,5,330,2,0,0,8420,50,8370,50,2285,14,8440,50,6065,36
,,,,"320","North Lanarkshire",,,40840,4450,11,24520,60,4655,11,2840,7,1155,3,2445,6,775,2,0,0,19795,48,21045,52,4495,11,20775,51,15570,38
,,,,"330","Orkney Islands",,,1185,145,12,680,57,75,6,110,9,40,3,100,8,35,3,0,0,640,54,545,46,115,10,515,43,555,47
,,,,"340","Perth & Kinross",,,9300,950,10,5340,57,885,10,770,8,260,3,810,9,285,3,0,0,4660,50,4640,50,1040,11,4550,49,3710,40
,,,,"350","Renfrewshire",,,18960,2340,12,11000,58,2225,12,1060,6,565,3,1335,7,435,2,0,0,9645,51,9315,49,2410,13,9690,51,6860,36
,,,,"355","Scottish Borders",,,7535,800,11,4550,60,580,8,580,8,205,3,600,8,220,3,0,0,3880,51,3655,49,860,11,3710,49,2965,39
,,,,"360","Shetland Islands",,,1280,135,11,725,57,115,9,75,6,30,2,140,11,60,5,0,0,665,52,615,48,155,12,600,47,525,41
,,,,"370","South Ayrshire",,,10970,1650,15,6040,55,1125,10,845,8,370,3,660,6,280,3,0,0,5635,51,5335,49,1350,12,5305,48,4315,39
,,,,"380","South Lanarkshire",,,32255,3430,11,19470,60,3390,11,2385,7,840,3,2035,6,705,2,0,0,15815,49,16440,51,3585,11,16110,50,12560,39
,,,,"390","Stirling",,,6665,815,12,3945,59,605,9,485,7,170,3,445,7,200,3,0,0,3330,50,3335,50,755,11,3385,51,2525,38
,,,,"395","West Dunbartonshire",,,12715,1830,14,6915,54,1680,13,850,7,440,3,790,6,210,2,0,0,6555,52,6160,48,1680,13,6580,52,4455,35
,,,,"400","West Lothian",,,16630,2095,13,9480,57,2005,12,1110,7,380,2,1190,7,370,2,0,0,7890,47,8740,53,2250,14,8620,52,5760,35