DATASET_TITLE,Dependent Children (UV06),,,,FROM,Apr-2001,Apr-2001,Apr-2001,Apr-2001,Apr-2001,Apr-2001,Apr-2001,Apr-2001,Apr-2001
AREA_TYPE,County,,,,TO,Apr-2001,Apr-2001,Apr-2001,Apr-2001,Apr-2001,Apr-2001,Apr-2001,Apr-2001,Apr-2001
GEO_HIERARCHY,NeSS Geography Hierarchy,,,,HEADING,All Families in Households,No Dependent Children,One Dependent Child: Aged 0 to 4 years,One Dependent Child: Aged 5 to 11 years,One Dependent Child: Aged 12 to 18 years,Two or more Dependent Children: Aged 0 to 4 years,Two or more Dependent Children: Aged 5 to 11 years,Two or more Dependent Children: Aged 12 to 18 years,Total Dependent Children
,,,,,MEASUREMENT_UNIT,Count,Count,Count,Count,Count,Count,Count,Count,Count
,,,,,STATISTICAL_UNIT,Families,Families,Families,Families,Families,Families,Families,Families,Persons
GOR_CODE,GOR_NAME,CTY_CODE,CTY_NAME,AREA_METADATA,,DATA_VALUE,DATA_VALUE,DATA_VALUE,DATA_VALUE,DATA_VALUE,DATA_VALUE,DATA_VALUE,DATA_VALUE,DATA_VALUE
"A","North East","20","Durham",,,144094,82624,9194,8517,11822,12468,14420,5049,105020
"A","North East","35","Northumberland",,,91770,54400,5220,4272,7107,7615,9392,3764,65430