DATASET_TITLE,Religion (UV15),,,,,,,,,,FROM,Apr-2001,Apr-2001,Apr-2001,Apr-2001,Apr-2001,Apr-2001,Apr-2001,Apr-2001,Apr-2001,Apr-2001
AREA_TYPE,Region,,,,,,,,,,TO,Apr-2001,Apr-2001,Apr-2001,Apr-2001,Apr-2001,Apr-2001,Apr-2001,Apr-2001,Apr-2001,Apr-2001
GEO_HIERARCHY,NeSS Geography Hierarchy,,,,,,,,,,HEADING,All People,Christian,Buddhist,Hindu,Jewish,Muslim,Sikh,Any other religion,No religion,Religion not stated
,,,,,,,,,,,MEASUREMENT_UNIT,Count,Count,Count,Count,Count,Count,Count,Count,Count,Count
,,,,,,,,,,,STATISTICAL_UNIT,Persons,Persons,Persons,Persons,Persons,Persons,Persons,Persons,Persons,Persons
UK_CODE,UK_NAME,GB_CODE,GB_NAME,EW_CODE,EW_NAME,CTRY_CODE,CTRY_NAME,GOR_CODE,GOR_NAME,AREA_METADATA,,DATA_VALUE,DATA_VALUE,DATA_VALUE,DATA_VALUE,DATA_VALUE,DATA_VALUE,DATA_VALUE,DATA_VALUE,DATA_VALUE,DATA_VALUE
"213","United Kingdom","078","Great Britain","727","England and Wales","064","England",,,,,49138831,35251244,139046,546982,257671,1524887,327343,143811,7171332,3776515
"213","United Kingdom","078","Great Britain","727","England and Wales","220","Wales",,,,,2903085,2087242,5407,5439,2256,21739,2015,6909,537935,234143
"213","United Kingdom","078","Great Britain","727","England and Wales",,,,,,,52041916,37338486,144453,552421,259927,1546626,329358,150720,7709267,4010658
"213","United Kingdom","078","Great Britain","727","England and Wales","064","England","A","North East",,,2515442,2014608,3097,4370,3151,26925,4780,3886,276196,178429
"213","United Kingdom","078","Great Britain","727","England and Wales","064","England","B","North West",,,6729764,5249686,11794,27211,27974,204261,6487,10625,705045,486681
"213","United Kingdom","078","Great Britain","727","England and Wales","064","England","D","Yorkshire and The Humber",,,4964833,3627774,7188,15797,11554,189089,18711,9624,699327,385769
"213","United Kingdom","078","Great Britain","727","England and Wales","064","England","E","East Midlands",,,4172174,3003475,7541,66710,4075,70224,33551,9863,664845,311890
"213","United Kingdom","078","Great Britain","727","England and Wales","064","England","F","West Midlands",,,5267308,3823235,9760,56668,4977,216184,103870,10895,647718,394001
"213","United Kingdom","078","Great Britain","727","England and Wales","064","England","G","East of England",,,5388140,3886778,12065,31386,30367,78931,13365,15471,902145,417632
"213","United Kingdom","078","Great Britain","727","England and Wales","064","England","H","London",,,7172091,4176175,54297,291977,149789,607083,104230,36558,1130616,621366
"213","United Kingdom","078","Great Britain","727","England and Wales","064","England","J","South East",,,8000645,5823025,22005,44575,19037,108725,37735,28668,1319979,596896
"213","United Kingdom","078","Great Britain","727","England and Wales","064","England","K","South West",,,4928434,3646488,11299,8288,6747,23465,4614,18221,825461,383851