DATASET_TITLE,"Dwelling Stock by Council Tax Band, 2002",,,,,,FROM,Mar-2002,Mar-2002,Mar-2002,Mar-2002,Mar-2002,Mar-2002,Mar-2002,Mar-2002,Mar-2002,Mar-2002,Mar-2002,Mar-2002,Mar-2002,Mar-2002,Mar-2002,Mar-2002,Mar-2002,Mar-2002,Mar-2002
AREA_TYPE,Local Authority,,,,,,TO,Mar-2002,Mar-2002,Mar-2002,Mar-2002,Mar-2002,Mar-2002,Mar-2002,Mar-2002,Mar-2002,Mar-2002,Mar-2002,Mar-2002,Mar-2002,Mar-2002,Mar-2002,Mar-2002,Mar-2002,Mar-2002,Mar-2002
GEO_HIERARCHY,NeSS Geography Hierarchy,,,,,,HEADING,Dwelling Stock by Council Tax Band; Total,Dwelling Stock by Council Tax Band; Band A,Dwelling Stock by Council Tax Band; Band A,Dwelling Stock by Council Tax Band; Band B,Dwelling Stock by Council Tax Band; Band B,Dwelling Stock by Council Tax Band; Band C,Dwelling Stock by Council Tax Band; Band C,Dwelling Stock by Council Tax Band; Band D,Dwelling Stock by Council Tax Band; Band D,Dwelling Stock by Council Tax Band; Band E,Dwelling Stock by Council Tax Band; Band E,Dwelling Stock by Council Tax Band; Band F,Dwelling Stock by Council Tax Band; Band F,Dwelling Stock by Council Tax Band; Band G,Dwelling Stock by Council Tax Band; Band G,Dwelling Stock by Council Tax Band; Band H,Dwelling Stock by Council Tax Band; Band H,Dwelling Stock by Council Tax Band; Band X; Unallocated,Dwelling Stock by Council Tax Band; Band X; Unallocated
,,,,,,,MEASUREMENT_UNIT,Count,Count,Percentage,Count,Percentage,Count,Percentage,Count,Percentage,Count,Percentage,Count,Percentage,Count,Percentage,Count,Percentage,Count,Percentage
,,,,,,,STATISTICAL_UNIT,Dwellings,Dwellings,Dwellings,Dwellings,Dwellings,Dwellings,Dwellings,Dwellings,Dwellings,Dwellings,Dwellings,Dwellings,Dwellings,Dwellings,Dwellings,Dwellings,Dwellings,Dwellings,Dwellings
GOR_CODE,GOR_NAME,CTY_CODE,CTY_NAME,LA_CODE,LA_NAME,AREA_METADATA,,DATA_VALUE,DATA_VALUE,DATA_VALUE,DATA_VALUE,DATA_VALUE,DATA_VALUE,DATA_VALUE,DATA_VALUE,DATA_VALUE,DATA_VALUE,DATA_VALUE,DATA_VALUE,DATA_VALUE,DATA_VALUE,DATA_VALUE,DATA_VALUE,DATA_VALUE,DATA_VALUE,DATA_VALUE
,,,,"00NA","Isle of Anglesey",,,32131,6270,19.51,7062,21.98,4936,15.36,7066,21.99,4817,14.99,1175,3.66,738,2.3,59,.18,8,.02
,,,,"00NC","Gwynedd",,,58366,14136,24.22,14905,25.54,11079,18.98,8702,14.91,6667,11.42,1921,3.29,889,1.52,62,.11,5,.01
,,,,"00NE","Conwy",,,52440,6507,12.41,9749,18.59,12747,24.31,11311,21.57,7678,14.64,2689,5.13,1616,3.08,135,.26,8,.02
,,,,"00NG","Denbighshire",,,40736,4617,11.33,8644,21.22,11237,27.58,8198,20.12,5033,12.36,1820,4.47,1092,2.68,89,.22,6,.01
,,,,"00NJ","Flintshire",,,62386,5702,9.14,12987,20.82,18070,28.96,11485,18.41,8915,14.29,3649,5.85,1485,2.38,89,.14,4,.01
,,,,"00NL","Wrexham",,,54048,10498,19.42,15649,28.95,10475,19.38,8463,15.66,5217,9.65,2381,4.41,1292,2.39,73,.14,0,0
,,,,"00NN","Powys",,,56442,7552,13.38,10269,18.19,11278,19.98,9718,17.22,11702,20.73,3922,6.95,1845,3.27,154,.27,2,0
,,,,"00NQ","Ceredigion",,,31724,3771,11.89,5385,16.97,6297,19.85,7692,24.25,6602,20.81,1472,4.64,476,1.5,26,.08,3,.01
,,,,"00NS","Pembrokeshire",,,53477,7556,14.13,12149,22.72,10820,20.23,10241,19.15,9117,17.05,2566,4.8,965,1.8,52,.1,11,.02
,,,,"00NU","Carmarthenshire",,,76863,16480,21.44,20586,26.78,14687,19.11,11915,15.5,9411,12.24,2734,3.56,974,1.27,71,.09,5,.01
,,,,"00NX","Swansea",,,101742,20416,20.07,25284,24.85,20224,19.88,15011,14.75,12468,12.25,5038,4.95,2998,2.95,299,.29,4,0
,,,,"00NZ","Neath Port Talbot",,,61144,14167,23.17,23405,38.28,11676,19.1,6844,11.19,3593,5.88,1102,1.8,328,.54,26,.04,3,0
,,,,"00PB","Bridgend",,,57068,11545,20.23,14058,24.63,11629,20.38,9060,15.88,6765,11.85,2679,4.69,1226,2.15,101,.18,5,.01
,,,,"00PD","The Vale of Glamorgan",,,52365,3324,6.35,10314,19.7,10741,20.51,9081,17.34,8830,16.86,4327,8.26,5163,9.86,578,1.1,7,.01
,,,,"00PF","Rhondda, Cynon, Taff",,,101656,47226,46.46,25478,25.06,12533,12.33,7812,7.68,5735,5.64,2015,1.98,785,.77,64,.06,8,.01
,,,,"00PH","Merthyr Tydfil",,,25228,14252,56.49,5910,23.43,1748,6.93,1736,6.88,1209,4.79,303,1.2,63,.25,7,.03,0,0
,,,,"00PK","Caerphilly",,,72964,18762,25.71,28535,39.11,12323,16.89,6276,8.6,4438,6.08,2081,2.85,484,.66,61,.08,4,.01
,,,,"00PL","Blaenau Gwent",,,31466,17617,55.99,8520,27.08,2889,9.18,1439,4.57,850,2.7,122,.39,10,.03,19,.06,0,0
,,,,"00PM","Torfaen",,,39122,8096,20.69,13749,35.14,8880,22.7,3673,9.39,3081,7.88,1158,2.96,451,1.15,33,.08,1,0
,,,,"00PP","Monmouthshire",,,37013,1082,2.92,3616,9.77,8482,22.92,6935,18.74,7123,19.24,5430,14.67,4006,10.82,338,.91,1,0
,,,,"00PR","Newport",,,58715,8745,14.89,18529,31.56,11854,20.19,9380,15.98,5200,8.86,2845,4.85,1957,3.33,204,.35,1,0
,,,,"00PT","Cardiff",,,131759,9823,7.46,29761,22.59,35911,27.26,21835,16.57,20266,15.38,7229,5.49,6308,4.79,626,.48,0,0