DATASET_TITLE,"Income Support Claimants, August 2004",,,,,,,,,,FROM,Aug-2004,Aug-2004,Aug-2004,Aug-2004,Aug-2004,Aug-2004,Aug-2004,Aug-2004,Aug-2004,Aug-2004,Aug-2004,Aug-2004,Aug-2004,Aug-2004,Aug-2004,Aug-2004,Aug-2004,Aug-2004,Aug-2004,Aug-2004,Aug-2004,Aug-2004,Aug-2004,Aug-2004,Aug-2004,Aug-2004,Aug-2004
AREA_TYPE,Region,,,,,,,,,,TO,Aug-2004,Aug-2004,Aug-2004,Aug-2004,Aug-2004,Aug-2004,Aug-2004,Aug-2004,Aug-2004,Aug-2004,Aug-2004,Aug-2004,Aug-2004,Aug-2004,Aug-2004,Aug-2004,Aug-2004,Aug-2004,Aug-2004,Aug-2004,Aug-2004,Aug-2004,Aug-2004,Aug-2004,Aug-2004,Aug-2004,Aug-2004
GEO_HIERARCHY,NeSS Geography Hierarchy,,,,,,,,,,HEADING,Total,Claimants Aged 16-24,Claimants Aged 16-24,Claimants Aged 25-49,Claimants Aged 25-49,Claimants Aged 50-59,Claimants Aged 50-59,Claimants Aged 60 and Over,Claimants Aged 60 and Over,Male,Male,Female,Female,Claim Duration Less Than 6 Months,Claim Duration 6 Months-1 Year,Claim Duration 1-2 Years,Claim Duration 2-5 Years,Claim Duration 5 Years and Over,Single,Single,Couple,Working Age Statistical Group; Incapacity Benefits,Working Age Statistical Group; Incapacity Benefits,Working Age Statistical Group; Lone Parent,Working Age Statistical Group; Lone Parent,Working Age Statistical Group; Carers and Others,Working Age Statistical Group; Carers and Others
,,,,,,,,,,,MEASUREMENT_UNIT,Count,Count,Percentage,Count,Percentage,Count,Percentage,Count,Percentage,Count,Percentage,Count,Percentage,Count,Count,Count,Count,Count,Count,Percentage,Count,Count,Percentage,Count,Percentage,Count,Percentage
,,,,,,,,,,,STATISTICAL_UNIT,Persons,Persons,Persons,Persons,Persons,Persons,Persons,Persons,Persons,Persons,Persons,Persons,Persons,Persons,Persons,Persons,Persons,Persons,Persons,Persons,Persons,Persons,Persons,Persons,Persons,Persons,Persons
UK_CODE,UK_NAME,GB_CODE,GB_NAME,EW_CODE,EW_NAME,CTRY_CODE,CTRY_NAME,GOR_CODE,GOR_NAME,AREA_METADATA,,DATA_VALUE,DATA_VALUE,DATA_VALUE,DATA_VALUE,DATA_VALUE,DATA_VALUE,DATA_VALUE,DATA_VALUE,DATA_VALUE,DATA_VALUE,DATA_VALUE,DATA_VALUE,DATA_VALUE,DATA_VALUE,DATA_VALUE,DATA_VALUE,DATA_VALUE,DATA_VALUE,DATA_VALUE,DATA_VALUE,DATA_VALUE,DATA_VALUE,DATA_VALUE,DATA_VALUE,DATA_VALUE,DATA_VALUE,DATA_VALUE
"213","United Kingdom","078","Great Britain","727","England and Wales","064","England",,,,,1836860,258550,14,1214660,66,362560,20,1070,0,659320,36,1177540,64,211860,153770,236800,466760,767680,1592640,87,243990,993960,54,703690,38,139210,8
"213","United Kingdom","078","Great Britain",,,,,,,,,2201950,310170,14,1449060,66,441450,20,1240,0,799330,36,1402610,64,254140,183330,282380,557780,924320,1908720,87,292960,1215400,55,818000,37,168530,8
"213","United Kingdom","078","Great Britain",,,"179","Scotland",,,,,233890,31700,14,151590,65,50520,22,80,0,90150,39,143740,61,27750,19080,29260,58350,99440,206490,88,27380,143180,61,71700,31,19000,8
"213","United Kingdom","078","Great Britain","727","England and Wales","220","Wales",,,,,131200,19920,15,82810,63,28370,22,90,0,49860,38,81330,62,14530,10480,16320,32670,57200,109590,84,21590,78260,60,42610,32,10320,8
"213","United Kingdom","078","Great Britain","727","England and Wales",,,,,,,1968060,278470,14,1297470,66,390930,20,1160,0,709180,36,1258870,64,226390,164250,253120,499430,824880,1702230,86,265580,1072220,54,746300,38,149530,8
"213","United Kingdom","078","Great Britain","727","England and Wales","064","England","A","North East",,,123640,19710,16,77660,63,26230,21,30,0,47590,38,76050,62,14340,10090,15530,31240,52430,102940,83,20690,72680,59,40650,33,10320,8
"213","United Kingdom","078","Great Britain","727","England and Wales","064","England","B","North West",,,323440,45140,14,209690,65,68490,21,110,0,122470,38,200960,62,34620,25000,39040,79940,144840,279210,86,44170,191190,59,107790,33,24450,8
"213","United Kingdom","078","Great Britain","727","England and Wales","064","England","D","Yorkshire and The Humber",,,191340,29930,16,122210,64,39130,20,60,0,70710,37,120630,63,23840,16910,25450,49190,75940,161500,84,29790,105890,55,69520,36,15940,8
"213","United Kingdom","078","Great Britain","727","England and Wales","064","England","E","East Midlands",,,133180,20380,15,86150,65,26550,20,110,0,48420,36,84760,64,16610,11730,17730,33980,53120,112890,85,20280,72620,55,50100,38,10470,8
"213","United Kingdom","078","Great Britain","727","England and Wales","064","England","F","West Midlands",,,201980,30680,15,129950,64,41210,20,130,0,72850,36,129120,64,23790,17370,26240,51280,83290,170820,85,31140,108240,54,77390,38,16340,8
"213","United Kingdom","078","Great Britain","727","England and Wales","064","England","G","East of England",,,146230,20700,14,97530,67,27910,19,80,0,50310,34,95920,66,17860,13240,19620,37440,58060,127060,87,19130,75650,52,60150,41,10430,7
"213","United Kingdom","078","Great Britain","727","England and Wales","064","England","H","London",,,378340,44600,12,266650,70,66770,18,310,0,123820,33,254530,67,38800,29350,48090,97940,164160,340600,90,37710,183170,48,166010,44,29160,8
"213","United Kingdom","078","Great Britain","727","England and Wales","064","England","J","South East",,,197320,28240,14,131710,67,37220,19,140,0,68500,35,128810,65,23980,17630,26450,50370,78900,174800,89,22500,102320,52,82200,42,12800,6
"213","United Kingdom","078","Great Britain","727","England and Wales","064","England","K","South West",,,141400,19160,14,93100,66,29050,21,90,0,54650,39,86750,61,18020,12440,18640,35370,56930,122810,87,18580,82200,58,49900,35,9300,7