DATASET_TITLE,Communal Establishment Residents (UV71),,,,FROM,Apr-2001,Apr-2001,Apr-2001,Apr-2001
AREA_TYPE,County,,,,TO,Apr-2001,Apr-2001,Apr-2001,Apr-2001
GEO_HIERARCHY,NeSS Geography Hierarchy,,,,HEADING,All People in Communal Establishments,Residents,Staff or owner,Relatives of staff or owner
,,,,,MEASUREMENT_UNIT,Count,Count,Count,Count
,,,,,STATISTICAL_UNIT,Persons,Persons,Persons,Persons
GOR_CODE,GOR_NAME,CTY_CODE,CTY_NAME,AREA_METADATA,,DATA_VALUE,DATA_VALUE,DATA_VALUE,DATA_VALUE
"J","South East","11","Buckinghamshire",,,9178,8388,718,72
"J","South East","21","East Sussex",,,12774,11490,1194,90
"J","South East","24","Hampshire",,,25589,23562,1925,102
"J","South East","29","Kent",,,27389,25112,2136,141
"J","South East","38","Oxfordshire",,,24310,23066,1198,46
"J","South East","43","Surrey",,,26234,24315,1845,74
"J","South East","45","West Sussex",,,16734,14627,2030,77