DATASET_TITLE,"National Curriculum Assessments of 14 Year Olds by Gender in England (Referenced by Location of Educational Institution), 2003",,,,,,,,,,FROM,Sep-2002,Sep-2002,Sep-2002,Sep-2002,Sep-2002,Sep-2002,Sep-2002,Sep-2002,Sep-2002,Sep-2002,Sep-2002,Sep-2002,Sep-2002,Sep-2002,Sep-2002,Sep-2002,Sep-2002,Sep-2002
AREA_TYPE,Region,,,,,,,,,,TO,Aug-2003,Aug-2003,Aug-2003,Aug-2003,Aug-2003,Aug-2003,Aug-2003,Aug-2003,Aug-2003,Aug-2003,Aug-2003,Aug-2003,Aug-2003,Aug-2003,Aug-2003,Aug-2003,Aug-2003,Aug-2003
GEO_HIERARCHY,NeSS Geography Hierarchy,,,,,,,,,,HEADING,Eligible Pupils; in English,Pupils Achieving Level 5+; in English,Eligible Pupils; in Mathematics,Pupils Achieving Level 5+; in Mathematics,Eligible Pupils; in Science,Pupils Achieving Level 5+; in Science,Eligible Boy Pupils; in English,Boy Pupils Achieving Level 5+; in English,Eligible Boy Pupils; in Mathematics,Boy Pupils Achieving Level 5+; in Mathematics,Eligible Boy Pupils; in Science,Boy Pupils Achieving Level 5+; in Science,Eligible Girl Pupils; in English,Girl Pupils Achieving Level 5+; in English,Eligible Girl Pupils; in Mathematics,Girl Pupils Achieving Level 5+; in Mathematics,Eligible Girl Pupils; in Science,Girl Pupils Achieving Level 5+; in Science
,,,,,,,,,,,MEASUREMENT_UNIT,Count,Percentage,Count,Percentage,Count,Percentage,Count,Percentage,Count,Percentage,Count,Percentage,Count,Percentage,Count,Percentage,Count,Percentage
,,,,,,,,,,,STATISTICAL_UNIT,Persons,Persons,Persons,Persons,Persons,Persons,Persons,Persons,Persons,Persons,Persons,Persons,Persons,Persons,Persons,Persons,Persons,Persons
UK_CODE,UK_NAME,GB_CODE,GB_NAME,EW_CODE,EW_NAME,CTRY_CODE,CTRY_NAME,GOR_CODE,GOR_NAME,AREA_METADATA,,DATA_VALUE,DATA_VALUE,DATA_VALUE,DATA_VALUE,DATA_VALUE,DATA_VALUE,DATA_VALUE,DATA_VALUE,DATA_VALUE,DATA_VALUE,DATA_VALUE,DATA_VALUE,DATA_VALUE,DATA_VALUE,DATA_VALUE,DATA_VALUE,DATA_VALUE,DATA_VALUE
"213","United Kingdom","078","Great Britain","727","England and Wales","064","England",,,,,605079,69,606324,71,605544,68,308258,62,308767,70,308561,68,296821,76,297557,72,299630,69
"213","United Kingdom","078","Great Britain","727","England and Wales","064","England","A","North East",,,31519,66,31463,68,31533,65,15970,59,15933,67,15980,65,15549,73,15530,70,15553,65
"213","United Kingdom","078","Great Britain","727","England and Wales","064","England","B","North West",,,87994,70,87837,70,88041,67,44782,64,44711,69,44829,67,43212,77,43126,71,43212,67
"213","United Kingdom","078","Great Britain","727","England and Wales","064","England","D","Yorkshire and The Humber",,,62568,68,62491,68,62587,65,31793,61,31760,67,31814,65,30775,75,30731,69,30773,65
"213","United Kingdom","078","Great Britain","727","England and Wales","064","England","E","East Midlands",,,52731,67,52622,71,52712,70,26870,60,26803,71,26860,70,25861,74,25819,72,25852,70
"213","United Kingdom","078","Great Britain","727","England and Wales","064","England","F","West Midlands",,,68119,67,68086,69,68093,67,34650,60,34638,68,34636,67,33469,74,33448,69,33457,66
"213","United Kingdom","078","Great Britain","727","England and Wales","064","England","G","East of England",,,65856,70,65741,74,65847,72,33532,63,33453,73,33521,72,32324,77,32288,75,32326,72
"213","United Kingdom","078","Great Britain","727","England and Wales","064","England","H","London",,,75357,66,75224,67,75382,63,38248,59,38170,66,38256,62,37109,73,37054,68,37126,64
"213","United Kingdom","078","Great Britain","727","England and Wales","064","England","J","South East",,,92606,72,92472,74,92598,73,47174,66,47113,73,47186,72,45432,79,45359,75,45412,73
"213","United Kingdom","078","Great Britain","727","England and Wales","064","England","K","South West",,,58071,71,57960,73,58050,73,29877,65,29802,72,29858,73,28194,78,28158,75,28192,73