DATASET_TITLE,Accommodation Type - Household Spaces (UV56),,,,FROM,Apr-2001,Apr-2001,Apr-2001,Apr-2001,Apr-2001,Apr-2001,Apr-2001,Apr-2001,Apr-2001,Apr-2001,Apr-2001,Apr-2001
AREA_TYPE,County,,,,TO,Apr-2001,Apr-2001,Apr-2001,Apr-2001,Apr-2001,Apr-2001,Apr-2001,Apr-2001,Apr-2001,Apr-2001,Apr-2001,Apr-2001
GEO_HIERARCHY,NeSS Geography Hierarchy,,,,HEADING,All Household Spaces,In an Unshared Dwelling,In an Unshared Dwelling: House or Bungalow,In an Unshared Dwelling: House or Bungalow: Detached,In an Unshared Dwelling: House or Bungalow: Semi-detached,In an Unshared Dwelling: House or Bungalow: Terraced (including end-terrace),"In an Unshared Dwelling: Flat, Maisonette or Apartment","In an Unshared Dwelling: Flat, Maisonette or Apartment: In a Purpose-Built Block of Flats","In an Unshared Dwelling: Flat, Maisonette or Apartment: Part of a Converted or Shared House","In an Unshared Dwelling: Flat, Maisonette or Apartment: In a Commercial Building",In an Unshared Dwelling: Caravan or Other Mobile or Temporary Structure,In a Shared Dwelling
,,,,,MEASUREMENT_UNIT,Count,Count,Count,Count,Count,Count,Count,Count,Count,Count,Count,Count
,,,,,STATISTICAL_UNIT,Households,Households,Households,Households,Households,Households,Households,Households,Households,Households,Households,Households
GOR_CODE,GOR_NAME,CTY_CODE,CTY_NAME,AREA_METADATA,,DATA_VALUE,DATA_VALUE,DATA_VALUE,DATA_VALUE,DATA_VALUE,DATA_VALUE,DATA_VALUE,DATA_VALUE,DATA_VALUE,DATA_VALUE,DATA_VALUE,DATA_VALUE
"K","South West","15","Cornwall and Isles of Scilly",,,232439,231589,200762,89888,56465,54409,27038,15762,7820,3456,3789,850
"K","South West","18","Devon",,,319601,318754,271555,115796,79422,76337,44211,25271,13821,5119,2988,847
"K","South West","19","Dorset",,,178065,177759,150024,75512,39313,35199,25627,18035,5157,2435,2108,306
"K","South West","23","Gloucestershire",,,246832,246229,211547,76787,85935,48825,32300,22135,7580,2585,2382,603
"K","South West","40","Somerset",,,218181,217801,192071,72805,67773,51493,24069,16089,5493,2487,1661,380
"K","South West","46","Wiltshire",,,183753,183445,163526,65805,57276,40445,18397,13246,3301,1850,1522,308