DATASET_TITLE,"Personal Insolvency Statistics, 2009",,,,,,FROM,Jan-2009,Jan-2009,Jan-2009,Jan-2009,Jan-2009,Jan-2009,Jan-2009,Jan-2009
AREA_TYPE,Local Authority,,,,,,TO,Dec-2009,Dec-2009,Dec-2009,Dec-2009,Dec-2009,Dec-2009,Dec-2009,Dec-2009
GEO_HIERARCHY,NeSS Geography Hierarchy,,,,,,HEADING,New Personal Insolvencies,New Personal Insolvencies,New Bankruptcy Orders,New Bankruptcy Orders,New Individual Voluntary Arrangements (IVAs),New Individual Voluntary Arrangements (IVAs),New Debt Relief Orders (DROs),New Debt Relief Orders (DROs)
,,,,,,,MEASUREMENT_UNIT,Count,Rate per 10000,Count,Rate per 10000,Count,Rate per 10000,Count,Rate per 10000
,,,,,,,STATISTICAL_UNIT,Cases,Cases,Cases,Cases,Cases,Cases,Cases,Cases
GOR_CODE,GOR_NAME,CTY_CODE,CTY_NAME,LA_CODE,LA_NAME,AREA_METADATA,,DATA_VALUE,DATA_VALUE,DATA_VALUE,DATA_VALUE,DATA_VALUE,DATA_VALUE,DATA_VALUE,DATA_VALUE
"A","North East",,,"00CH","Gateshead",,,769,50.5,437,28.7,277,18.2,55,3.6
"A","North East",,,"00CJ","Newcastle upon Tyne",,,790,34,432,18.6,217,9.3,141,6.1
"A","North East",,,"00CK","North Tyneside",,,682,43.3,388,24.6,189,12,105,6.7
"A","North East",,,"00CL","South Tyneside",,,462,37.9,292,23.9,151,12.4,19,1.6
"A","North East",,,"00CM","Sunderland",,,869,38.7,441,19.6,369,16.4,59,2.6
"A","North East",,,"00EB","Hartlepool",,,212,30.1,108,15.3,92,13.1,12,1.7
"A","North East",,,"00EC","Middlesbrough",,,292,26.8,120,11,137,12.6,35,3.2
"A","North East",,,"00EE","Redcar and Cleveland",,,335,30.9,163,15,149,13.7,23,2.1
"A","North East",,,"00EF","Stockton-on-Tees",,,477,32.1,263,17.7,201,13.5,13,.9
"A","North East",,,"00EH","Darlington",,,277,35.3,149,19,121,15.4,7,.9
"A","North East",,,"00EJ","Durham",,,1713,42.3,863,21.3,684,16.9,166,4.1
"A","North East",,,"00EM","Northumberland",,,977,39,587,23.5,304,12.1,86,3.4
"B","North West",,,"00BL","Bolton",,,642,31.7,334,16.5,288,14.2,20,1
"B","North West",,,"00BM","Bury",,,422,30,240,17.1,163,11.6,19,1.4
"B","North West",,,"00BN","Manchester",,,891,23,455,11.7,321,8.3,115,3
"B","North West",,,"00BP","Oldham",,,458,27.9,238,14.5,207,12.6,13,.8
"B","North West",,,"00BQ","Rochdale",,,479,30.8,268,17.2,195,12.5,16,1
"B","North West",,,"00BR","Salford",,,519,29.1,266,14.9,228,12.8,25,1.4
"B","North West",,,"00BS","Stockport",,,526,23.5,286,12.8,223,10,17,.8
"B","North West",,,"00BT","Tameside",,,567,33.9,282,16.8,259,15.5,26,1.6
"B","North West",,,"00BU","Trafford",,,382,22.9,207,12.4,150,9,25,1.5
"B","North West",,,"00BW","Wigan",,,830,34.6,417,17.4,392,16.3,21,.9
"B","North West",,,"00BX","Knowsley",,,408,35.4,207,18,160,13.9,41,3.6
"B","North West",,,"00BY","Liverpool",,,1032,28.9,558,15.6,364,10.2,110,3.1
"B","North West",,,"00BZ","St. Helens",,,546,39.3,296,21.3,212,15.3,38,2.7
"B","North West",,,"00CA","Sefton",,,657,30.2,379,17.4,227,10.4,51,2.3
"B","North West",,,"00CB","Wirral",,,751,31.1,409,17,308,12.8,34,1.4
"B","North West",,,"00EQ","Cheshire East",,,830,28.9,482,16.8,307,10.7,41,1.4
"B","North West",,,"00ET","Halton",,,409,44.8,195,21.3,154,16.9,60,6.6
"B","North West",,,"00EU","Warrington",,,621,40.1,331,21.4,220,14.2,70,4.5
"B","North West",,,"00EW","Cheshire West and Chester",,,774,26.9,410,14.3,305,10.6,59,2.1
"B","North West",,,"00EX","Blackburn with Darwen",,,388,38.2,217,21.4,124,12.2,47,4.6
"B","North West",,,"00EY","Blackpool",,,543,49.1,237,21.4,200,18.1,106,9.6
"B","North West","16","Cumbria","16UB","Allerdale",,,214,28.4,106,14.1,75,10,33,4.4
"B","North West","16","Cumbria","16UC","Barrow-in-Furness",,,188,33.7,85,15.2,70,12.5,33,5.9
"B","North West","16","Cumbria","16UD","Carlisle",,,246,29.2,110,13,109,12.9,27,3.2
"B","North West","16","Cumbria","16UE","Copeland",,,163,29.2,78,14,44,7.9,41,7.3
"B","North West","16","Cumbria","16UF","Eden",,,86,20.6,57,13.6,23,5.5,6,1.4
"B","North West","16","Cumbria","16UG","South Lakeland",,,190,22.6,108,12.9,71,8.4,11,1.3
"B","North West","30","Lancashire","30UD","Burnley",,,224,34.2,123,18.8,83,12.7,18,2.7
"B","North West","30","Lancashire","30UE","Chorley",,,336,40.4,175,21.1,119,14.3,42,5.1
"B","North West","30","Lancashire","30UF","Fylde",,,176,28.1,97,15.5,71,11.3,8,1.3
"B","North West","30","Lancashire","30UG","Hyndburn",,,225,36.7,106,17.3,108,17.6,11,1.8
"B","North West","30","Lancashire","30UH","Lancaster",,,260,23.1,118,10.5,124,11,18,1.6
"B","North West","30","Lancashire","30UJ","Pendle",,,189,27.6,107,15.6,76,11.1,6,.9
"B","North West","30","Lancashire","30UK","Preston",,,254,24,121,11.4,108,10.2,25,2.4
"B","North West","30","Lancashire","30UL","Ribble Valley",,,134,29.6,70,15.4,48,10.6,16,3.5
"B","North West","30","Lancashire","30UM","Rossendale",,,185,35.9,107,20.8,62,12,16,3.1
"B","North West","30","Lancashire","30UN","South Ribble",,,327,38.2,172,20.1,114,13.3,41,4.8
"B","North West","30","Lancashire","30UP","West Lancashire",,,269,31,122,14,109,12.6,38,4.4
"B","North West","30","Lancashire","30UQ","Wyre",,,228,25.3,113,12.6,103,11.4,12,1.3
"D","Yorkshire and The Humber",,,"00CC","Barnsley",,,619,34.8,323,18.2,265,14.9,31,1.7
"D","Yorkshire and The Humber",,,"00CE","Doncaster",,,1001,44.1,481,21.2,378,16.7,142,6.3
"D","Yorkshire and The Humber",,,"00CF","Rotherham",,,718,36.3,374,18.9,307,15.5,37,1.9
"D","Yorkshire and The Humber",,,"00CG","Sheffield",,,1132,25.7,573,13,431,9.8,128,2.9
"D","Yorkshire and The Humber",,,"00CX","Bradford",,,991,26.2,545,14.4,361,9.5,85,2.2
"D","Yorkshire and The Humber",,,"00CY","Calderdale",,,507,32.5,262,16.8,204,13.1,41,2.6
"D","Yorkshire and The Humber",,,"00CZ","Kirklees",,,994,31.8,563,18,377,12.1,54,1.7
"D","Yorkshire and The Humber",,,"00DA","Leeds",,,1563,24.6,877,13.8,607,9.5,79,1.2
"D","Yorkshire and The Humber",,,"00DB","Wakefield",,,874,34.2,455,17.8,367,14.4,52,2
"D","Yorkshire and The Humber",,,"00FA","Kingston upon Hull, City of",,,1063,51,549,26.3,362,17.4,152,7.3
"D","Yorkshire and The Humber",,,"00FB","East Riding of Yorkshire",,,910,33.5,545,20.1,313,11.5,52,1.9
"D","Yorkshire and The Humber",,,"00FC","North East Lincolnshire",,,556,45.4,319,26.1,195,15.9,42,3.4
"D","Yorkshire and The Humber",,,"00FD","North Lincolnshire",,,497,39.2,255,20.1,232,18.3,10,.8
"D","Yorkshire and The Humber",,,"00FF","York",,,418,25.5,236,14.4,137,8.4,45,2.7
"D","Yorkshire and The Humber","36","North Yorkshire","36UB","Craven",,,103,23.1,58,13,42,9.4,3,.7
"D","Yorkshire and The Humber","36","North Yorkshire","36UC","Hambleton",,,170,24.3,101,14.4,63,9,6,.9
"D","Yorkshire and The Humber","36","North Yorkshire","36UD","Harrogate",,,384,30.8,257,20.6,116,9.3,11,.9
"D","Yorkshire and The Humber","36","North Yorkshire","36UE","Richmondshire",,,103,24.6,64,15.3,36,8.6,3,.7
"D","Yorkshire and The Humber","36","North Yorkshire","36UF","Ryedale",,,151,35.2,89,20.8,50,11.7,12,2.8
"D","Yorkshire and The Humber","36","North Yorkshire","36UG","Scarborough",,,344,39,201,22.8,92,10.4,51,5.8
"D","Yorkshire and The Humber","36","North Yorkshire","36UH","Selby",,,214,33.3,102,15.9,94,14.6,18,2.8
"E","East Midlands",,,"00FK","Derby",,,579,30.3,349,18.3,205,10.7,25,1.3
"E","East Midlands",,,"00FN","Leicester",,,669,28.5,376,16,225,9.6,68,2.9
"E","East Midlands",,,"00FP","Rutland",,,75,25.8,43,14.8,24,8.2,8,2.7
"E","East Midlands",,,"00FY","Nottingham",,,719,29.4,439,17.9,225,9.2,55,2.2
"E","East Midlands","17","Derbyshire","17UB","Amber Valley",,,336,34.9,183,19,137,14.2,16,1.7
"E","East Midlands","17","Derbyshire","17UC","Bolsover",,,242,41.2,127,21.6,101,17.2,14,2.4
"E","East Midlands","17","Derbyshire","17UD","Chesterfield",,,361,44.9,175,21.8,129,16,57,7.1
"E","East Midlands","17","Derbyshire","17UF","Derbyshire Dales",,,131,23.2,84,14.9,38,6.7,9,1.6
"E","East Midlands","17","Derbyshire","17UG","Erewash",,,294,33.5,145,16.5,139,15.8,10,1.1
"E","East Midlands","17","Derbyshire","17UH","High Peak",,,252,34.5,118,16.2,103,14.1,31,4.2
"E","East Midlands","17","Derbyshire","17UJ","North East Derbyshire",,,247,31.3,138,17.5,103,13,6,.8
"E","East Midlands","17","Derbyshire","17UK","South Derbyshire",,,295,41.3,184,25.7,101,14.1,10,1.4
"E","East Midlands","31","Leicestershire","31UB","Blaby",,,206,27.9,116,15.7,78,10.6,12,1.6
"E","East Midlands","31","Leicestershire","31UC","Charnwood",,,345,25.9,168,12.6,128,9.6,49,3.7
"E","East Midlands","31","Leicestershire","31UD","Harborough",,,213,32.8,125,19.3,67,10.3,21,3.2
"E","East Midlands","31","Leicestershire","31UE","Hinckley and Bosworth",,,284,33.9,138,16.5,108,12.9,38,4.5
"E","East Midlands","31","Leicestershire","31UG","Melton",,,146,37.7,74,19.1,54,13.9,18,4.6
"E","East Midlands","31","Leicestershire","31UH","North West Leicestershire",,,268,37.6,124,17.4,118,16.6,26,3.7
"E","East Midlands","31","Leicestershire","31UJ","Oadby and Wigston",,,110,23.5,64,13.7,42,9,4,.9
"E","East Midlands","32","Lincolnshire","32UB","Boston",,,203,43.3,115,24.5,77,16.4,11,2.3
"E","East Midlands","32","Lincolnshire","32UC","East Lindsey",,,493,42.7,275,23.8,154,13.3,64,5.5
"E","East Midlands","32","Lincolnshire","32UD","Lincoln",,,287,40.2,171,24,100,14,16,2.2
"E","East Midlands","32","Lincolnshire","32UE","North Kesteven",,,303,36,177,21,106,12.6,20,2.4
"E","East Midlands","32","Lincolnshire","32UF","South Holland",,,226,33.4,138,20.4,81,12,7,1
"E","East Midlands","32","Lincolnshire","32UG","South Kesteven",,,448,43.5,240,23.3,140,13.6,68,6.6
"E","East Midlands","32","Lincolnshire","32UH","West Lindsey",,,280,39.9,159,22.6,110,15.7,11,1.6
"E","East Midlands","34","Northamptonshire","34UB","Corby",,,211,50.2,108,25.7,92,21.9,11,2.6
"E","East Midlands","34","Northamptonshire","34UC","Daventry",,,198,32.4,103,16.8,78,12.8,17,2.8
"E","East Midlands","34","Northamptonshire","34UD","East Northamptonshire",,,300,46.4,150,23.2,124,19.2,26,4
"E","East Midlands","34","Northamptonshire","34UE","Kettering",,,299,42.8,161,23.1,112,16,26,3.7
"E","East Midlands","34","Northamptonshire","34UF","Northampton",,,572,34.7,292,17.7,209,12.7,71,4.3
"E","East Midlands","34","Northamptonshire","34UG","South Northamptonshire",,,220,32.2,126,18.4,73,10.7,21,3.1
"E","East Midlands","34","Northamptonshire","34UH","Wellingborough",,,252,42.9,123,20.9,98,16.7,31,5.3
"E","East Midlands","37","Nottinghamshire","37UB","Ashfield",,,399,43.5,192,20.9,154,16.8,53,5.8
"E","East Midlands","37","Nottinghamshire","37UC","Bassetlaw",,,328,37.2,158,17.9,150,17,20,2.3
"E","East Midlands","37","Nottinghamshire","37UD","Broxtowe",,,321,35.3,180,19.8,125,13.7,16,1.8
"E","East Midlands","37","Nottinghamshire","37UE","Gedling",,,287,31.8,168,18.6,104,11.5,15,1.7
"E","East Midlands","37","Nottinghamshire","37UF","Mansfield",,,443,56.4,222,28.3,139,17.7,82,10.4
"E","East Midlands","37","Nottinghamshire","37UG","Newark and Sherwood",,,350,39.3,198,22.2,121,13.6,31,3.5
"E","East Midlands","37","Nottinghamshire","37UJ","Rushcliffe",,,222,25.1,149,16.8,64,7.2,9,1
"F","West Midlands",,,"00CN","Birmingham",,,2003,25.8,1023,13.2,801,10.3,179,2.3
"F","West Midlands",,,"00CQ","Coventry",,,609,24.9,289,11.8,262,10.7,58,2.4
"F","West Midlands",,,"00CR","Dudley",,,697,28.9,351,14.6,265,11,81,3.4
"F","West Midlands",,,"00CS","Sandwell",,,688,31,324,14.6,299,13.5,65,2.9
"F","West Midlands",,,"00CT","Solihull",,,417,26.1,228,14.3,174,10.9,15,.9
"F","West Midlands",,,"00CU","Walsall",,,913,46.7,483,24.7,275,14.1,155,7.9
"F","West Midlands",,,"00CW","Wolverhampton",,,662,35.6,295,15.9,237,12.8,130,7
"F","West Midlands",,,"00GA","Herefordshire, County of",,,440,30.6,264,18.4,111,7.7,65,4.5
"F","West Midlands",,,"00GF","Telford and Wrekin",,,494,39.7,241,19.4,215,17.3,38,3.1
"F","West Midlands",,,"00GG","Shropshire",,,689,29.7,404,17.4,240,10.4,45,1.9
"F","West Midlands",,,"00GL","Stoke-on-Trent",,,692,36.9,369,19.7,286,15.3,37,2
"F","West Midlands","41","Staffordshire","41UB","Cannock Chase",,,369,49.9,198,26.7,157,21.2,14,1.9
"F","West Midlands","41","Staffordshire","41UC","East Staffordshire",,,297,35.2,170,20.1,103,12.2,24,2.8
"F","West Midlands","41","Staffordshire","41UD","Lichfield",,,252,32.3,150,19.2,88,11.3,14,1.8
"F","West Midlands","41","Staffordshire","41UE","Newcastle-under-Lyme",,,317,31.6,162,16.2,124,12.4,31,3.1
"F","West Midlands","41","Staffordshire","41UF","South Staffordshire",,,307,35.8,162,18.9,86,10,59,6.9
"F","West Midlands","41","Staffordshire","41UG","Stafford",,,299,29.5,145,14.3,125,12.3,29,2.9
"F","West Midlands","41","Staffordshire","41UH","Staffordshire Moorlands",,,229,29.7,121,15.7,88,11.4,20,2.6
"F","West Midlands","41","Staffordshire","41UK","Tamworth",,,245,41.9,138,23.6,92,15.7,15,2.6
"F","West Midlands","44","Warwickshire","44UB","North Warwickshire",,,182,36.9,106,21.5,75,15.2,1,.2
"F","West Midlands","44","Warwickshire","44UC","Nuneaton and Bedworth",,,338,35.6,153,16.1,155,16.3,30,3.2
"F","West Midlands","44","Warwickshire","44UD","Rugby",,,230,32,123,17.1,97,13.5,10,1.4
"F","West Midlands","44","Warwickshire","44UE","Stratford-on-Avon",,,268,28.3,159,16.8,102,10.8,7,.7
"F","West Midlands","44","Warwickshire","44UF","Warwick",,,220,19.5,136,12.1,66,5.9,18,1.6
"F","West Midlands","47","Worcestershire","47UB","Bromsgrove",,,148,20.1,90,12.2,54,7.3,4,.5
"F","West Midlands","47","Worcestershire","47UC","Malvern Hills",,,254,42.8,145,24.4,64,10.8,45,7.6
"F","West Midlands","47","Worcestershire","47UD","Redditch",,,268,43.9,122,20,108,17.7,38,6.2
"F","West Midlands","47","Worcestershire","47UE","Worcester",,,289,38.7,196,26.2,74,9.9,19,2.5
"F","West Midlands","47","Worcestershire","47UF","Wychavon",,,327,35.1,201,21.6,101,10.9,25,2.7
"F","West Midlands","47","Worcestershire","47UG","Wyre Forest",,,346,43.9,176,22.3,102,12.9,68,8.6
"G","East of England",,,"00JA","Peterborough",,,483,36.8,261,19.9,182,13.9,40,3
"G","East of England",,,"00KA","Luton",,,420,28.8,211,14.5,175,12,34,2.3
"G","East of England",,,"00KB","Bedford",,,303,24.7,153,12.5,111,9,39,3.2
"G","East of England",,,"00KC","Central Bedfordshire",,,557,28.3,311,15.8,222,11.3,24,1.2
"G","East of England",,,"00KF","Southend-on-Sea",,,412,32,276,21.4,114,8.8,22,1.7
"G","East of England",,,"00KG","Thurrock",,,385,32,216,18,155,12.9,14,1.2
"G","East of England","12","Cambridgeshire","12UB","Cambridge",,,258,25.4,114,11.2,55,5.4,89,8.7
"G","East of England","12","Cambridgeshire","12UC","East Cambridgeshire",,,196,29.9,109,16.6,64,9.8,23,3.5
"G","East of England","12","Cambridgeshire","12UD","Fenland",,,264,36.2,145,19.9,106,14.6,13,1.8
"G","East of England","12","Cambridgeshire","12UE","Huntingdonshire",,,357,27.7,198,15.4,139,10.8,20,1.6
"G","East of England","12","Cambridgeshire","12UG","South Cambridgeshire",,,331,29.5,174,15.5,105,9.4,52,4.6
"G","East of England","22","Essex","22UB","Basildon",,,634,47.1,401,29.8,210,15.6,23,1.7
"G","East of England","22","Essex","22UC","Braintree",,,478,43.1,280,25.3,170,15.3,28,2.5
"G","East of England","22","Essex","22UD","Brentwood",,,141,24.3,78,13.4,40,6.9,23,4
"G","East of England","22","Essex","22UE","Castle Point",,,234,33,134,18.9,93,13.1,7,1
"G","East of England","22","Essex","22UF","Chelmsford",,,342,25.9,211,16,113,8.6,18,1.4
"G","East of England","22","Essex","22UG","Colchester",,,492,34.8,289,20.5,117,8.3,86,6.1
"G","East of England","22","Essex","22UH","Epping Forest",,,262,26.8,154,15.8,65,6.7,43,4.4
"G","East of England","22","Essex","22UJ","Harlow",,,226,36.4,113,18.2,97,15.6,16,2.6
"G","East of England","22","Essex","22UK","Maldon",,,231,46.5,145,29.2,53,10.7,33,6.6
"G","East of England","22","Essex","22UL","Rochford",,,150,22.9,92,14.1,52,7.9,6,.9
"G","East of England","22","Essex","22UN","Tendring",,,482,40,275,22.8,146,12.1,61,5.1
"G","East of England","22","Essex","22UQ","Uttlesford",,,194,33.5,103,17.8,55,9.5,36,6.2
"G","East of England","26","Hertfordshire","26UB","Broxbourne",,,169,24.2,83,11.9,76,10.9,10,1.4
"G","East of England","26","Hertfordshire","26UC","Dacorum",,,364,33.1,234,21.3,98,8.9,32,2.9
"G","East of England","26","Hertfordshire","26UD","East Hertfordshire",,,245,23.2,155,14.7,81,7.7,9,.9
"G","East of England","26","Hertfordshire","26UE","Hertsmere",,,231,30.3,103,13.5,107,14,21,2.8
"G","East of England","26","Hertfordshire","26UF","North Hertfordshire",,,256,26.4,132,13.6,98,10.1,26,2.7
"G","East of England","26","Hertfordshire","26UG","St Albans",,,160,15.3,99,9.5,55,5.3,6,.6
"G","East of England","26","Hertfordshire","26UH","Stevenage",,,223,35.7,115,18.4,91,14.6,17,2.7
"G","East of England","26","Hertfordshire","26UJ","Three Rivers",,,147,21.6,86,12.6,48,7.1,13,1.9
"G","East of England","26","Hertfordshire","26UK","Watford",,,185,28.4,96,14.8,61,9.4,28,4.3
"G","East of England","26","Hertfordshire","26UL","Welwyn Hatfield",,,217,24.1,123,13.7,85,9.5,9,1
"G","East of England","33","Norfolk","33UB","Breckland",,,408,39.2,230,22.1,108,10.4,70,6.7
"G","East of England","33","Norfolk","33UC","Broadland",,,279,28.1,161,16.2,101,10.2,17,1.7
"G","East of England","33","Norfolk","33UD","Great Yarmouth",,,345,44.7,205,26.5,108,14,32,4.1
"G","East of England","33","Norfolk","33UE","King's Lynn and West Norfolk",,,329,28.7,195,17,101,8.8,33,2.9
"G","East of England","33","Norfolk","33UF","North Norfolk",,,264,31.5,149,17.8,78,9.3,37,4.4
"G","East of England","33","Norfolk","33UG","Norwich",,,404,34.6,277,23.7,104,8.9,23,2
"G","East of England","33","Norfolk","33UH","South Norfolk",,,253,26.7,152,16,81,8.5,20,2.1
"G","East of England","42","Suffolk","42UB","Babergh",,,231,34.4,145,21.6,68,10.1,18,2.7
"G","East of England","42","Suffolk","42UC","Forest Heath",,,150,31.4,74,15.5,55,11.5,21,4.4
"G","East of England","42","Suffolk","42UD","Ipswich",,,431,43.3,211,21.2,159,16,61,6.1
"G","East of England","42","Suffolk","42UE","Mid Suffolk",,,256,34.3,137,18.4,68,9.1,51,6.8
"G","East of England","42","Suffolk","42UF","St Edmundsbury",,,303,37.1,177,21.7,104,12.7,22,2.7
"G","East of England","42","Suffolk","42UG","Suffolk Coastal",,,301,30.5,158,16,109,11,34,3.4
"G","East of England","42","Suffolk","42UH","Waveney",,,307,32.5,185,19.6,103,10.9,19,2
"H","London",,,"00AA","City of London",,,8,7.6,6,5.7,2,1.9,0,0
"H","London",,,"00AB","Barking and Dagenham",,,397,31.2,212,16.6,135,10.6,50,3.9
"H","London",,,"00AC","Barnet",,,453,17.1,274,10.3,152,5.7,27,1
"H","London",,,"00AD","Bexley",,,412,23.6,208,11.9,162,9.3,42,2.4
"H","London",,,"00AE","Brent",,,318,16,171,8.6,128,6.5,19,1
"H","London",,,"00AF","Bromley",,,464,19.2,269,11.1,162,6.7,33,1.4
"H","London",,,"00AG","Camden",,,359,18.7,209,10.9,88,4.6,62,3.2
"H","London",,,"00AH","Croydon",,,559,21.3,280,10.7,251,9.6,28,1.1
"H","London",,,"00AJ","Ealing",,,369,14.8,217,8.7,138,5.5,14,.6
"H","London",,,"00AK","Enfield",,,466,21.1,282,12.8,164,7.4,20,.9
"H","London",,,"00AL","Greenwich",,,476,27.5,221,12.8,189,10.9,66,3.8
"H","London",,,"00AM","Hackney",,,334,20.3,192,11.7,93,5.6,49,3
"H","London",,,"00AN","Hammersmith and Fulham",,,262,18.9,161,11.6,72,5.2,29,2.1
"H","London",,,"00AP","Haringey",,,328,18.6,200,11.3,102,5.8,26,1.5
"H","London",,,"00AQ","Harrow",,,273,15.3,167,9.4,97,5.4,9,.5
"H","London",,,"00AR","Havering",,,470,25.6,272,14.8,164,8.9,34,1.9
"H","London",,,"00AS","Hillingdon",,,381,18.8,196,9.7,174,8.6,11,.5
"H","London",,,"00AT","Hounslow",,,431,23.4,218,11.9,189,10.3,24,1.3
"H","London",,,"00AU","Islington",,,343,21.7,212,13.4,82,5.2,49,3.1
"H","London",,,"00AW","Kensington and Chelsea",,,260,18.6,176,12.6,44,3.1,40,2.9
"H","London",,,"00AX","Kingston upon Thames",,,238,17.8,120,9,80,6,38,2.8
"H","London",,,"00AY","Lambeth",,,413,18,217,9.5,158,6.9,38,1.7
"H","London",,,"00AZ","Lewisham",,,436,21.2,204,9.9,194,9.4,38,1.8
"H","London",,,"00BA","Merton",,,260,15.8,144,8.8,101,6.1,15,.9
"H","London",,,"00BB","Newham",,,379,21.6,218,12.4,131,7.5,30,1.7
"H","London",,,"00BC","Redbridge",,,416,20.5,261,12.9,136,6.7,19,.9
"H","London",,,"00BD","Richmond upon Thames",,,245,16.5,140,9.5,68,4.6,37,2.5
"H","London",,,"00BE","Southwark",,,375,16.3,199,8.6,153,6.6,23,1
"H","London",,,"00BF","Sutton",,,323,21.7,179,12,118,7.9,26,1.7
"H","London",,,"00BG","Tower Hamlets",,,386,20.9,281,15.2,78,4.2,27,1.5
"H","London",,,"00BH","Waltham Forest",,,433,25.5,217,12.8,142,8.4,74,4.4
"H","London",,,"00BJ","Wandsworth",,,320,13.6,192,8.1,104,4.4,24,1
"H","London",,,"00BK","Westminster",,,343,16,246,11.5,64,3,33,1.5
"J","South East",,,"00LC","Medway",,,657,33.5,293,14.9,341,17.4,23,1.2
"J","South East",,,"00MA","Bracknell Forest",,,242,27.4,141,16,87,9.9,14,1.6
"J","South East",,,"00MB","West Berkshire",,,316,27.2,171,14.7,133,11.4,12,1
"J","South East",,,"00MC","Reading",,,225,18.5,124,10.2,89,7.3,12,1
"J","South East",,,"00MD","Slough",,,277,28.4,138,14.1,134,13.7,5,.5
"J","South East",,,"00ME","Windsor and Maidenhead",,,219,19.8,133,12,74,6.7,12,1.1
"J","South East",,,"00MF","Wokingham",,,204,16.2,110,8.7,89,7.1,5,.4
"J","South East",,,"00MG","Milton Keynes",,,692,38.6,380,21.2,284,15.8,28,1.6
"J","South East",,,"00ML","Brighton and Hove",,,675,32.2,440,21,143,6.8,92,4.4
"J","South East",,,"00MR","Portsmouth",,,504,30.5,301,18.2,173,10.5,30,1.8
"J","South East",,,"00MS","Southampton",,,678,35.1,369,19.1,202,10.5,107,5.5
"J","South East",,,"00MW","Isle of Wight",,,361,31.7,213,18.7,91,8,57,5
"J","South East","11","Buckinghamshire","11UB","Aylesbury Vale",,,429,32.2,249,18.7,164,12.3,16,1.2
"J","South East","11","Buckinghamshire","11UC","Chiltern",,,133,19.1,74,10.6,38,5.5,21,3
"J","South East","11","Buckinghamshire","11UE","South Bucks",,,109,21,65,12.5,37,7.1,7,1.3
"J","South East","11","Buckinghamshire","11UF","Wycombe",,,257,20.5,156,12.5,91,7.3,10,.8
"J","South East","21","East Sussex","21UC","Eastbourne",,,344,44.3,225,29,97,12.5,22,2.8
"J","South East","21","East Sussex","21UD","Hastings",,,304,44.8,167,24.6,88,13,49,7.2
"J","South East","21","East Sussex","21UF","Lewes",,,262,33.9,135,17.4,78,10.1,49,6.3
"J","South East","21","East Sussex","21UG","Rother",,,227,31.3,130,17.9,63,8.7,34,4.7
"J","South East","21","East Sussex","21UH","Wealden",,,305,27,177,15.7,116,10.3,12,1.1
"J","South East","24","Hampshire","24UB","Basingstoke and Deane",,,391,30.9,222,17.5,161,12.7,8,.6
"J","South East","24","Hampshire","24UC","East Hampshire",,,250,28.8,130,15,109,12.6,11,1.3
"J","South East","24","Hampshire","24UD","Eastleigh",,,302,31.8,173,18.2,114,12,15,1.6
"J","South East","24","Hampshire","24UE","Fareham",,,231,25.9,111,12.4,112,12.6,8,.9
"J","South East","24","Hampshire","24UF","Gosport",,,279,44.2,149,23.6,112,17.8,18,2.9
"J","South East","24","Hampshire","24UG","Hart",,,153,21.8,63,9,78,11.1,12,1.7
"J","South East","24","Hampshire","24UH","Havant",,,348,37.6,181,19.5,139,15,28,3
"J","South East","24","Hampshire","24UJ","New Forest",,,425,29.7,263,18.4,141,9.9,21,1.5
"J","South East","24","Hampshire","24UL","Rushmoor",,,211,29.7,109,15.3,91,12.8,11,1.5
"J","South East","24","Hampshire","24UN","Test Valley",,,258,29.2,160,18.1,75,8.5,23,2.6
"J","South East","24","Hampshire","24UP","Winchester",,,217,24.6,127,14.4,79,8.9,11,1.2
"J","South East","29","Kent","29UB","Ashford",,,318,36.5,189,21.7,117,13.4,12,1.4
"J","South East","29","Kent","29UC","Canterbury",,,356,29.6,174,14.5,150,12.5,32,2.7
"J","South East","29","Kent","29UD","Dartford",,,249,34.3,119,16.4,114,15.7,16,2.2
"J","South East","29","Kent","29UE","Dover",,,351,42.1,183,22,151,18.1,17,2
"J","South East","29","Kent","29UG","Gravesham",,,186,24.3,100,13.1,72,9.4,14,1.8
"J","South East","29","Kent","29UH","Maidstone",,,335,28.7,180,15.4,125,10.7,30,2.6
"J","South East","29","Kent","29UK","Sevenoaks",,,237,27,114,13,83,9.5,40,4.6
"J","South East","29","Kent","29UL","Shepway",,,282,35.3,178,22.3,79,9.9,25,3.1
"J","South East","29","Kent","29UM","Swale",,,344,33.9,170,16.7,160,15.8,14,1.4
"J","South East","29","Kent","29UN","Thanet",,,467,45.7,273,26.7,156,15.3,38,3.7
"J","South East","29","Kent","29UP","Tonbridge and Malling",,,312,34.8,182,20.3,109,12.2,21,2.3
"J","South East","29","Kent","29UQ","Tunbridge Wells",,,238,29.1,141,17.2,67,8.2,30,3.7
"J","South East","38","Oxfordshire","38UB","Cherwell",,,371,34.4,178,16.5,158,14.7,35,3.2
"J","South East","38","Oxfordshire","38UC","Oxford",,,313,25.7,134,11,82,6.7,97,8
"J","South East","38","Oxfordshire","38UD","South Oxfordshire",,,228,22.5,124,12.2,86,8.5,18,1.8
"J","South East","38","Oxfordshire","38UE","Vale of White Horse",,,232,25.3,114,12.4,92,10,26,2.8
"J","South East","38","Oxfordshire","38UF","West Oxfordshire",,,215,26.9,99,12.4,88,11,28,3.5
"J","South East","43","Surrey","43UB","Elmbridge",,,178,17.7,95,9.5,65,6.5,18,1.8
"J","South East","43","Surrey","43UC","Epsom and Ewell",,,90,15.9,51,9,33,5.8,6,1.1
"J","South East","43","Surrey","43UD","Guildford",,,227,20.9,120,11.1,75,6.9,32,3
"J","South East","43","Surrey","43UE","Mole Valley",,,114,17.3,68,10.3,41,6.2,5,.8
"J","South East","43","Surrey","43UF","Reigate and Banstead",,,251,23.6,133,12.5,104,9.8,14,1.3
"J","South East","43","Surrey","43UG","Runnymede",,,119,17.4,65,9.5,47,6.9,7,1
"J","South East","43","Surrey","43UH","Spelthorne",,,185,25.2,92,12.5,89,12.1,4,.5
"J","South East","43","Surrey","43UJ","Surrey Heath",,,174,27,103,16,63,9.8,8,1.2
"J","South East","43","Surrey","43UK","Tandridge",,,120,19,58,9.2,59,9.3,3,.5
"J","South East","43","Surrey","43UL","Waverley",,,214,23.6,131,14.4,58,6.4,25,2.8
"J","South East","43","Surrey","43UM","Woking",,,141,19.7,63,8.8,63,8.8,15,2.1
"J","South East","45","West Sussex","45UB","Adur",,,176,36,84,17.2,79,16.2,13,2.7
"J","South East","45","West Sussex","45UC","Arun",,,341,27.8,194,15.8,130,10.6,17,1.4
"J","South East","45","West Sussex","45UD","Chichester",,,272,29.9,147,16.2,99,10.9,26,2.9
"J","South East","45","West Sussex","45UE","Crawley",,,260,31.7,136,16.6,113,13.8,11,1.3
"J","South East","45","West Sussex","45UF","Horsham",,,276,27.5,160,15.9,113,11.2,3,.3
"J","South East","45","West Sussex","45UG","Mid Sussex",,,278,27.5,151,14.9,114,11.3,13,1.3
"J","South East","45","West Sussex","45UH","Worthing",,,245,29.8,135,16.4,99,12.1,11,1.3
"K","South West",,,"00HA","Bath and North East Somerset",,,384,26.7,230,16,94,6.5,60,4.2
"K","South West",,,"00HB","Bristol, City of",,,1032,29.3,562,15.9,332,9.4,138,3.9
"K","South West",,,"00HC","North Somerset",,,662,39.8,429,25.8,206,12.4,27,1.6
"K","South West",,,"00HD","South Gloucestershire",,,621,30.1,342,16.6,230,11.1,49,2.4
"K","South West",,,"00HE","Cornwall",,,1731,40.5,1029,24.1,467,10.9,235,5.5
"K","South West",,,"00HF","Isles of Scilly",,,3,17,2,11.3,1,5.7,0,0
"K","South West",,,"00HG","Plymouth",,,958,46.3,563,27.2,324,15.7,71,3.4
"K","South West",,,"00HH","Torbay",,,612,56.4,378,34.9,123,11.3,111,10.2
"K","South West",,,"00HN","Bournemouth",,,475,35,337,24.8,94,6.9,44,3.2
"K","South West",,,"00HP","Poole",,,402,35.6,271,24,116,10.3,15,1.3
"K","South West",,,"00HX","Swindon",,,709,45.7,377,24.3,241,15.5,91,5.9
"K","South West",,,"00HY","Wiltshire",,,1126,31.8,654,18.5,404,11.4,68,1.9
"K","South West","18","Devon","18UB","East Devon",,,313,28.8,190,17.5,97,8.9,26,2.4
"K","South West","18","Devon","18UC","Exeter",,,325,33.1,213,21.7,71,7.2,41,4.2
"K","South West","18","Devon","18UD","Mid Devon",,,250,42,170,28.6,64,10.8,16,2.7
"K","South West","18","Devon","18UE","North Devon",,,282,38.8,190,26.1,70,9.6,22,3
"K","South West","18","Devon","18UG","South Hams",,,250,37,168,24.9,55,8.1,27,4
"K","South West","18","Devon","18UH","Teignbridge",,,411,40.2,259,25.3,117,11.5,35,3.4
"K","South West","18","Devon","18UK","Torridge",,,180,34.2,121,23,44,8.4,15,2.9
"K","South West","18","Devon","18UL","West Devon",,,128,30.4,101,24,25,5.9,2,.5
"K","South West","19","Dorset","19UC","Christchurch",,,109,28.3,76,19.7,22,5.7,11,2.9
"K","South West","19","Dorset","19UD","East Dorset",,,221,31,157,22,53,7.4,11,1.5
"K","South West","19","Dorset","19UE","North Dorset",,,126,25.6,81,16.4,39,7.9,6,1.2
"K","South West","19","Dorset","19UG","Purbeck",,,145,39.5,67,18.3,61,16.6,17,4.6
"K","South West","19","Dorset","19UH","West Dorset",,,321,41.7,198,25.7,59,7.7,64,8.3
"K","South West","19","Dorset","19UJ","Weymouth and Portland",,,211,41.2,131,25.6,74,14.4,6,1.2
"K","South West","23","Gloucestershire","23UB","Cheltenham",,,232,25.6,148,16.3,77,8.5,7,.8
"K","South West","23","Gloucestershire","23UC","Cotswold",,,201,30,110,16.4,73,10.9,18,2.7
"K","South West","23","Gloucestershire","23UD","Forest of Dean",,,220,33.4,120,18.2,69,10.5,31,4.7
"K","South West","23","Gloucestershire","23UE","Gloucester",,,356,39.2,152,16.7,139,15.3,65,7.2
"K","South West","23","Gloucestershire","23UF","Stroud",,,329,37.8,175,20.1,92,10.6,62,7.1
"K","South West","23","Gloucestershire","23UG","Tewkesbury",,,190,29.6,123,19.2,61,9.5,6,.9
"K","South West","40","Somerset","40UB","Mendip",,,243,29,151,18,76,9.1,16,1.9
"K","South West","40","Somerset","40UC","Sedgemoor",,,338,38.1,193,21.8,108,12.2,37,4.2
"K","South West","40","Somerset","40UD","South Somerset",,,471,37.5,288,22.9,169,13.4,14,1.1
"K","South West","40","Somerset","40UE","Taunton Deane",,,331,38.8,200,23.4,85,10,46,5.4
"K","South West","40","Somerset","40UF","West Somerset",,,107,36.2,70,23.7,33,11.2,4,1.4
,,,,"00NA","Isle of Anglesey",,,117,21.4,66,12.1,43,7.9,8,1.5
,,,,"00NC","Gwynedd",,,218,23,107,11.3,66,7,45,4.7
,,,,"00NE","Conwy",,,360,40.3,205,23,103,11.5,52,5.8
,,,,"00NG","Denbighshire",,,337,43.9,170,22.1,93,12.1,74,9.6
,,,,"00NJ","Flintshire",,,478,40.6,212,18,185,15.7,81,6.9
,,,,"00NL","Wrexham",,,377,35.9,181,17.2,148,14.1,48,4.6
,,,,"00NN","Powys",,,276,26.3,149,14.2,108,10.3,19,1.8
,,,,"00NQ","Ceredigion",,,116,18.4,63,10,35,5.6,18,2.9
,,,,"00NS","Pembrokeshire",,,301,32.6,138,15,95,10.3,68,7.4
,,,,"00NU","Carmarthenshire",,,435,30.4,225,15.7,185,12.9,25,1.7
,,,,"00NX","Swansea",,,600,32.3,293,15.8,207,11.1,100,5.4
,,,,"00NZ","Neath Port Talbot",,,415,38.1,234,21.5,170,15.6,11,1
,,,,"00PB","Bridgend",,,421,39.9,236,22.4,174,16.5,11,1
,,,,"00PD","The Vale of Glamorgan",,,261,26.9,130,13.4,120,12.4,11,1.1
,,,,"00PF","Rhondda, Cynon, Taff",,,577,31.4,277,15.1,277,15.1,23,1.3
,,,,"00PH","Merthyr Tydfil",,,143,33,59,13.6,66,15.2,18,4.2
,,,,"00PK","Caerphilly",,,440,32.8,220,16.4,188,14,32,2.4
,,,,"00PL","Blaenau Gwent",,,191,35.4,99,18.4,84,15.6,8,1.5
,,,,"00PM","Torfaen",,,278,39.2,166,23.4,106,14.9,6,.8
,,,,"00PP","Monmouthshire",,,194,28,123,17.7,60,8.6,11,1.6
,,,,"00PR","Newport",,,398,36.9,201,18.6,135,12.5,62,5.7
,,,,"00PT","Cardiff",,,606,22.6,368,13.7,205,7.7,33,1.2