DATASET_TITLE,National Statistics Socio-economic Classification - Workplace Population (UV76),,,,,,FROM,Apr-2001,Apr-2001,Apr-2001,Apr-2001,Apr-2001,Apr-2001,Apr-2001,Apr-2001,Apr-2001,Apr-2001,Apr-2001,Apr-2001
AREA_TYPE,Local Authority,,,,,,TO,Apr-2001,Apr-2001,Apr-2001,Apr-2001,Apr-2001,Apr-2001,Apr-2001,Apr-2001,Apr-2001,Apr-2001,Apr-2001,Apr-2001
GEO_HIERARCHY,NeSS Geography Hierarchy,,,,,,HEADING,All People,1. Higher managerial and professional occupations,1.1 Large employers and higher managerial occupations,1.2 Higher professional occupations,2. Lower managerial and professional occupations,3. Intermediate occupations,4. Small employers and own account workers,5. Lower supervisory and technical occupations,6. Semi-routine occupations,7. Routine occupations,8. Never worked and long-term unemployed,Not classified
,,,,,,,MEASUREMENT_UNIT,Count,Count,Count,Count,Count,Count,Count,Count,Count,Count,Count,Count
,,,,,,,STATISTICAL_UNIT,Persons,Persons,Persons,Persons,Persons,Persons,Persons,Persons,Persons,Persons,Persons,Persons
GOR_CODE,GOR_NAME,CTY_CODE,CTY_NAME,LA_CODE,LA_NAME,AREA_METADATA,,DATA_VALUE,DATA_VALUE,DATA_VALUE,DATA_VALUE,DATA_VALUE,DATA_VALUE,DATA_VALUE,DATA_VALUE,DATA_VALUE,DATA_VALUE,DATA_VALUE,DATA_VALUE
,,,,"00NA","Isle of Anglesey",,,21745,1612,659,953,4459,1874,3364,2915,3815,3156,0,550
,,,,"00NC","Gwynedd",,,49334,4024,1042,2982,11618,4933,8072,5027,8349,5614,0,1697
,,,,"00NE","Conwy",,,38593,2512,834,1678,8934,3987,6511,3848,7107,4331,0,1363
,,,,"00NG","Denbighshire",,,37381,2919,1073,1846,8952,4121,5073,3793,6624,4766,0,1133
,,,,"00NJ","Flintshire",,,65656,5738,2736,3002,13859,6047,5806,11646,10924,9890,0,1746
,,,,"00NL","Wrexham",,,55537,4708,2031,2677,12621,5980,5050,7212,10750,7399,0,1817
,,,,"00NN","Powys",,,53366,3833,1328,2505,11268,4948,12545,5145,8142,6097,0,1388
,,,,"00NQ","Ceredigion",,,28995,2894,564,2330,6319,2872,6536,2288,3986,2717,0,1383
,,,,"00NS","Pembrokeshire",,,42541,2629,773,1856,9163,4297,8354,4803,7243,4853,0,1199
,,,,"00NU","Carmarthenshire",,,62009,4586,1401,3185,13815,6419,10000,6622,10661,8083,0,1823
,,,,"00NX","Swansea",,,93788,8750,2710,6040,25168,15167,6873,9243,14638,10036,0,3913
,,,,"00NZ","Neath Port Talbot",,,43665,3194,1227,1967,9399,4017,3642,6444,8274,7503,0,1192
,,,,"00PB","Bridgend",,,50666,3934,1743,2191,11830,5559,4153,6403,9755,7480,0,1552
,,,,"00PD","The Vale of Glamorgan",,,41207,3671,1315,2356,11477,4551,4304,5357,6017,4397,0,1433
,,,,"00PF","Rhondda, Cynon, Taff",,,73167,6343,2479,3864,16590,7913,6547,8544,12958,11875,0,2397
,,,,"00PH","Merthyr Tydfil",,,18680,1406,615,791,4590,2413,1354,1940,3408,3029,0,540
,,,,"00PK","Caerphilly",,,50487,4038,1908,2130,10973,5186,4616,6368,8978,9052,0,1276
,,,,"00PL","Blaenau Gwent",,,20962,1316,754,562,4065,1968,1620,2862,4409,4221,0,501
,,,,"00PM","Torfaen",,,33941,2698,1363,1335,7668,3853,2571,4346,6635,5245,0,925
,,,,"00PP","Monmouthshire",,,34718,3061,1077,1984,8083,3395,4678,3307,5412,5673,0,1109
,,,,"00PR","Newport",,,69737,7702,2881,4821,17617,9772,4048,8363,11339,8720,0,2176
,,,,"00PT","Cardiff",,,166757,22746,7119,15627,49030,27618,9846,14297,21415,13633,0,8172