DATASET_TITLE,"Early Years Foundation Stage Profile by Gender in England (Referenced by Location of Pupil Residence), 2010",,,,,,,,,,FROM,Sep-2009,Sep-2009,Sep-2009,Sep-2009,Sep-2009,Sep-2009,Sep-2009,Sep-2009,Sep-2009,Sep-2009,Sep-2009,Sep-2009
AREA_TYPE,Region,,,,,,,,,,TO,Aug-2010,Aug-2010,Aug-2010,Aug-2010,Aug-2010,Aug-2010,Aug-2010,Aug-2010,Aug-2010,Aug-2010,Aug-2010,Aug-2010
GEO_HIERARCHY,NeSS Geography Hierarchy,,,,,,,,,,HEADING,Pupils Eligible for EYFSP Assessment,Pupils Achieving 6 or More Points in Each of the 7 Scales of PSE and CLL,Pupils Achieving 78 or More Points Across All Scales,Pupils Achieving a Good Level of Development,Boy Pupils Eligible for EYFSP Assessment,Boy Pupils Achieving 6 or More Points in Each of the 7 Scales of PSE and CLL,Boy Pupils Achieving 78 or More Points Across All Scales,Boy Pupils Achieving a Good Level of Development,Girl Pupils Eligible for EYFSP Assessment,Girl Pupils Achieving 6 or More Points in Each of the 7 Scales of PSE and CLL,Girl Pupils Achieving 78 or More Points Across All Scales,Girl Pupils Achieving a Good Level of Development
,,,,,,,,,,,MEASUREMENT_UNIT,Count,Percentage,Percentage,Percentage,Count,Percentage,Percentage,Percentage,Count,Percentage,Percentage,Percentage
,,,,,,,,,,,STATISTICAL_UNIT,Persons,Persons,Persons,Persons,Persons,Persons,Persons,Persons,Persons,Persons,Persons,Persons
UK_CODE,UK_NAME,GB_CODE,GB_NAME,EW_CODE,EW_NAME,CTRY_CODE,CTRY_NAME,GOR_CODE,GOR_NAME,AREA_METADATA,,DATA_VALUE,DATA_VALUE,DATA_VALUE,DATA_VALUE,DATA_VALUE,DATA_VALUE,DATA_VALUE,DATA_VALUE,DATA_VALUE,DATA_VALUE,DATA_VALUE,DATA_VALUE
"213","United Kingdom","078","Great Britain","727","England and Wales","064","England",,,,,585001,56,77,56,299457,47,72,47,285544,65,82,65
"213","United Kingdom","078","Great Britain","727","England and Wales","064","England","A","North East",,,27940,55,74,55,14159,46,69,45,13781,65,80,65
"213","United Kingdom","078","Great Britain","727","England and Wales","064","England","B","North West",,,79294,55,76,55,40677,46,71,46,38617,65,82,65
"213","United Kingdom","078","Great Britain","727","England and Wales","064","England","D","Yorkshire and The Humber",,,59318,55,74,55,30163,46,69,46,29155,65,80,64
"213","United Kingdom","078","Great Britain","727","England and Wales","064","England","E","East Midlands",,,48958,56,78,56,25177,47,72,47,23781,65,83,65
"213","United Kingdom","078","Great Britain","727","England and Wales","064","England","F","West Midlands",,,64762,57,76,56,33275,48,71,48,31487,66,82,66
"213","United Kingdom","078","Great Britain","727","England and Wales","064","England","G","East of England",,,64169,53,77,53,32867,45,72,44,31302,62,82,62
"213","United Kingdom","078","Great Britain","727","England and Wales","064","England","H","London",,,92086,55,75,55,47203,47,70,47,44883,63,81,63
"213","United Kingdom","078","Great Britain","727","England and Wales","064","England","J","South East",,,92443,58,81,58,47412,49,76,49,45031,68,86,68
"213","United Kingdom","078","Great Britain","727","England and Wales","064","England","K","South West",,,53593,57,79,57,27305,48,74,48,26288,66,84,66