DATASET_TITLE,"Early Years Foundation Stage Profile by Gender in England (Referenced by Location of Pupil Residence), 2010",,,,,,,,FROM,Sep-2009,Sep-2009,Sep-2009,Sep-2009,Sep-2009,Sep-2009,Sep-2009,Sep-2009,Sep-2009,Sep-2009,Sep-2009,Sep-2009
AREA_TYPE,Former Local Authority,,,,,,,,TO,Aug-2010,Aug-2010,Aug-2010,Aug-2010,Aug-2010,Aug-2010,Aug-2010,Aug-2010,Aug-2010,Aug-2010,Aug-2010,Aug-2010
GEO_HIERARCHY,NeSS Geography Hierarchy,,,,,,,,HEADING,Pupils Eligible for EYFSP Assessment,Pupils Achieving 6 or More Points in Each of the 7 Scales of PSE and CLL,Pupils Achieving 78 or More Points Across All Scales,Pupils Achieving a Good Level of Development,Boy Pupils Eligible for EYFSP Assessment,Boy Pupils Achieving 6 or More Points in Each of the 7 Scales of PSE and CLL,Boy Pupils Achieving 78 or More Points Across All Scales,Boy Pupils Achieving a Good Level of Development,Girl Pupils Eligible for EYFSP Assessment,Girl Pupils Achieving 6 or More Points in Each of the 7 Scales of PSE and CLL,Girl Pupils Achieving 78 or More Points Across All Scales,Girl Pupils Achieving a Good Level of Development
,,,,,,,,,MEASUREMENT_UNIT,Count,Percentage,Percentage,Percentage,Count,Percentage,Percentage,Percentage,Count,Percentage,Percentage,Percentage
,,,,,,,,,STATISTICAL_UNIT,Persons,Persons,Persons,Persons,Persons,Persons,Persons,Persons,Persons,Persons,Persons,Persons
GOR_CODE,GOR_NAME,CTY_CODE,CTY_NAME,LA_CODE,LA_NAME,FLA_CODE,FLA_NAME,AREA_METADATA,,DATA_VALUE,DATA_VALUE,DATA_VALUE,DATA_VALUE,DATA_VALUE,DATA_VALUE,DATA_VALUE,DATA_VALUE,DATA_VALUE,DATA_VALUE,DATA_VALUE,DATA_VALUE
"A","North East",,,"00EJ","Durham","20UB","Chester-le-Street",,,539,53,71,53,280,42,63,42,259,65,79,65
"A","North East",,,"00EJ","Durham","20UD","Derwentside",,,915,50,65,49,447,41,57,40,468,59,73,58
"A","North East",,,"00EJ","Durham","20UE","Durham",,,902,54,73,54,460,45,67,45,442,64,79,64
"A","North East",,,"00EJ","Durham","20UF","Easington",,,1154,47,64,47,585,40,58,40,569,55,70,55
"A","North East",,,"00EJ","Durham","20UG","Sedgefield",,,972,52,74,52,488,42,68,42,484,63,80,63
"A","North East",,,"00EJ","Durham","20UH","Teesdale",,,217,67,76,65,116,55,67,53,101,80,85,79
"A","North East",,,"00EJ","Durham","20UJ","Wear Valley",,,777,49,64,49,387,39,58,39,390,60,71,59
"A","North East",,,"00EM","Northumberland","35UB","Alnwick",,,269,68,90,68,147,61,88,61,122,77,93,77
"A","North East",,,"00EM","Northumberland","35UC","Berwick-upon-Tweed",,,229,59,77,59,124,48,73,48,105,70,82,70
"A","North East",,,"00EM","Northumberland","35UD","Blyth Valley",,,909,55,73,54,477,44,66,44,432,67,81,66
"A","North East",,,"00EM","Northumberland","35UE","Castle Morpeth",,,471,72,89,72,253,65,87,65,218,81,91,81
"A","North East",,,"00EM","Northumberland","35UF","Tynedale",,,588,72,93,72,304,64,91,64,284,81,95,81
"A","North East",,,"00EM","Northumberland","35UG","Wansbeck",,,664,59,78,59,338,51,71,51,326,68,86,68
"B","North West",,,"00EQ","Cheshire East","13UC","Congleton",,,926,62,85,62,470,51,81,51,456,73,89,73
"B","North West",,,"00EQ","Cheshire East","13UD","Crewe and Nantwich",,,1351,52,78,52,696,41,73,41,655,64,84,64
"B","North West",,,"00EQ","Cheshire East","13UG","Macclesfield",,,1505,64,83,64,781,57,79,57,724,72,89,72
"B","North West",,,"00EW","Cheshire West and Chester","13UB","Chester",,,1219,58,83,58,606,50,79,50,613,66,87,66
"B","North West",,,"00EW","Cheshire West and Chester","13UE","Ellesmere Port & Neston",,,868,58,81,58,439,48,76,48,429,68,86,68
"B","North West",,,"00EW","Cheshire West and Chester","13UH","Vale Royal",,,1426,58,82,58,741,50,80,50,685,67,85,67
"F","West Midlands",,,"00GG","Shropshire","39UB","Bridgnorth",,,474,60,82,60,258,54,78,54,216,68,86,68
"F","West Midlands",,,"00GG","Shropshire","39UC","North Shropshire",,,655,63,82,63,343,55,78,55,312,72,88,72
"F","West Midlands",,,"00GG","Shropshire","39UD","Oswestry",,,417,60,85,60,207,50,83,50,210,69,88,69
"F","West Midlands",,,"00GG","Shropshire","39UE","Shrewsbury and Atcham",,,1030,66,84,66,537,60,82,60,493,72,86,72
"F","West Midlands",,,"00GG","Shropshire","39UF","South Shropshire",,,367,57,81,57,182,48,77,48,185,66,85,66
"G","East of England",,,"00KC","Central Bedfordshire","09UC","Mid Bedfordshire",,,1537,56,85,56,780,47,82,47,757,65,88,65
"G","East of England",,,"00KC","Central Bedfordshire","09UE","South Bedfordshire",,,1443,52,76,52,704,42,71,42,739,61,81,61
"K","South West",,,"00HE","Cornwall","15UB","Caradon",,,833,57,78,57,441,46,71,46,392,70,86,69
"K","South West",,,"00HE","Cornwall","15UC","Carrick",,,841,59,80,59,386,49,75,49,455,68,84,67
"K","South West",,,"00HE","Cornwall","15UD","Kerrier",,,1023,57,77,57,549,49,74,49,474,66,80,66
"K","South West",,,"00HE","Cornwall","15UE","North Cornwall",,,838,56,77,56,409,45,70,45,429,66,83,66
"K","South West",,,"00HE","Cornwall","15UF","Penwith",,,601,51,72,51,307,42,66,42,294,61,78,61
"K","South West",,,"00HE","Cornwall","15UG","Restormel",,,1042,54,70,54,536,46,65,46,506,63,75,62
"K","South West",,,"00HY","Wiltshire","46UB","Kennet",,,930,59,79,59,451,50,75,50,479,67,83,67
"K","South West",,,"00HY","Wiltshire","46UC","North Wiltshire",,,1546,61,80,61,806,52,75,52,740,71,86,71
"K","South West",,,"00HY","Wiltshire","46UD","Salisbury",,,1167,60,84,59,610,49,80,48,557,72,88,72
"K","South West",,,"00HY","Wiltshire","46UF","West Wiltshire",,,1326,59,82,59,662,49,77,48,664,69,87,69