DATASET_TITLE,"Live Births, 2009",,,,,,,,,,FROM,Jan-2009,Jan-2009,Jan-2009
AREA_TYPE,Region,,,,,,,,,,TO,Dec-2009,Dec-2009,Dec-2009
GEO_HIERARCHY,NeSS Geography Hierarchy,,,,,,,,,,HEADING,All Live Births,Males,Females
,,,,,,,,,,,MEASUREMENT_UNIT,Count,Count,Count
,,,,,,,,,,,STATISTICAL_UNIT,Persons,Persons,Persons
UK_CODE,UK_NAME,GB_CODE,GB_NAME,EW_CODE,EW_NAME,CTRY_CODE,CTRY_NAME,GOR_CODE,GOR_NAME,AREA_METADATA,,DATA_VALUE,DATA_VALUE,DATA_VALUE
"213","United Kingdom","078","Great Britain","727","England and Wales","064","England",,,,,671058,344137,326921
"213","United Kingdom","078","Great Britain","727","England and Wales","220","Wales",,,,,34937,17863,17074
"213","United Kingdom","078","Great Britain","727","England and Wales",,,,,,,706248,362135,344113
"213","United Kingdom","078","Great Britain","727","England and Wales","064","England","A","North East",,,29778,15308,14470
"213","United Kingdom","078","Great Britain","727","England and Wales","064","England","B","North West",,,87547,45126,42421
"213","United Kingdom","078","Great Britain","727","England and Wales","064","England","D","Yorkshire and The Humber",,,66358,33947,32411
"213","United Kingdom","078","Great Britain","727","England and Wales","064","England","E","East Midlands",,,53746,27631,26115
"213","United Kingdom","078","Great Britain","727","England and Wales","064","England","F","West Midlands",,,71042,36530,34512
"213","United Kingdom","078","Great Britain","727","England and Wales","064","England","G","East of England",,,71335,36419,34916
"213","United Kingdom","078","Great Britain","727","England and Wales","064","England","H","London",,,129245,66023,63222
"213","United Kingdom","078","Great Britain","727","England and Wales","064","England","J","South East",,,103669,53289,50380
"213","United Kingdom","078","Great Britain","727","England and Wales","064","England","K","South West",,,58338,29864,28474