DATASET_TITLE,"Enterprises by Age of Business, 2008",,,,FROM,Mar-2008,Mar-2008,Mar-2008,Mar-2008,Mar-2008,Mar-2008,Mar-2008,Mar-2008,Mar-2008
AREA_TYPE,County,,,,TO,Mar-2008,Mar-2008,Mar-2008,Mar-2008,Mar-2008,Mar-2008,Mar-2008,Mar-2008,Mar-2008
GEO_HIERARCHY,NeSS Geography Hierarchy,,,,HEADING,All VAT and/or PAYE Based Enterprises,Less than 2 Years Old,Less than 2 Years Old,2 to 3 Years Old,2 to 3 Years Old,4 to 9 Years Old,4 to 9 Years Old,10 or More Years Old,10 or More Years Old
,,,,,MEASUREMENT_UNIT,Count,Count,Percentage,Count,Percentage,Count,Percentage,Count,Percentage
,,,,,STATISTICAL_UNIT,Enterprises,Enterprises,Enterprises,Enterprises,Enterprises,Enterprises,Enterprises,Enterprises,Enterprises
GOR_CODE,GOR_NAME,CTY_CODE,CTY_NAME,AREA_METADATA,,DATA_VALUE,DATA_VALUE,DATA_VALUE,DATA_VALUE,DATA_VALUE,DATA_VALUE,DATA_VALUE,DATA_VALUE,DATA_VALUE
"A","North East","20","Durham",,,11870,2120,17.9,1615,13.6,3010,25.4,5125,43.2
"A","North East","35","Northumberland",,,9925,1440,14.5,1215,12.2,2350,23.7,4920,49.6
"B","North West","13","Cheshire",,,28250,4980,17.6,4210,14.9,7550,26.7,11510,40.7
"B","North West","16","Cumbria",,,22375,3150,14.1,2745,12.3,5640,25.2,10840,48.4
"B","North West","30","Lancashire",,,40555,6715,16.6,6140,15.1,11080,27.3,16620,41
"D","Yorkshire and The Humber","36","North Yorkshire",,,29270,3770,12.9,3360,11.5,7280,24.9,14860,50.8
"E","East Midlands","17","Derbyshire",,,26880,4310,16,3990,14.8,7240,26.9,11340,42.2
"E","East Midlands","31","Leicestershire",,,24565,4035,16.4,3500,14.2,6600,26.9,10430,42.5
"E","East Midlands","32","Lincolnshire",,,25835,3890,15.1,3395,13.1,6450,25,12100,46.8
"E","East Midlands","34","Northamptonshire",,,25340,4660,18.4,3795,15,6720,26.5,10165,40.1
"E","East Midlands","37","Nottinghamshire",,,23220,3935,16.9,3620,15.6,6420,27.6,9245,39.8
"F","West Midlands","39","Shropshire",,,14580,1885,12.9,1725,11.8,3460,23.7,7510,51.5
"F","West Midlands","41","Staffordshire",,,29455,4835,16.4,4190,14.2,7860,26.7,12570,42.7
"F","West Midlands","44","Warwickshire",,,23565,4185,17.8,3580,15.2,6495,27.6,9305,39.5
"F","West Midlands","47","Worcestershire",,,23095,3830,16.6,3315,14.4,6125,26.5,9825,42.5
"G","East of England","09","Bedfordshire",,,16200,2820,17.4,2375,14.7,4475,27.6,6530,40.3
"G","East of England","12","Cambridgeshire",,,25250,4010,15.9,3475,13.8,6850,27.1,10915,43.2
"G","East of England","22","Essex",,,53175,9260,17.4,8070,15.2,14795,27.8,21050,39.6
"G","East of England","26","Hertfordshire",,,46920,8925,19,7040,15,13035,27.8,17920,38.2
"G","East of England","33","Norfolk",,,30620,4405,14.4,4015,13.1,7865,25.7,14335,46.8
"G","East of England","42","Suffolk",,,27580,4055,14.7,3680,13.3,7370,26.7,12475,45.2
"J","South East","11","Buckinghamshire",,,26465,4305,16.3,3760,14.2,7445,28.1,10955,41.4
"J","South East","21","East Sussex",,,20665,3065,14.8,2935,14.2,6090,29.5,8575,41.5
"J","South East","24","Hampshire",,,52030,8970,17.2,7775,14.9,15105,29,20180,38.8
"J","South East","29","Kent",,,51230,9010,17.6,7705,15,14215,27.7,20300,39.6
"J","South East","38","Oxfordshire",,,27485,4205,15.3,3915,14.2,7590,27.6,11775,42.8
"J","South East","43","Surrey",,,53100,9345,17.6,7625,14.4,14900,28.1,21230,40
"J","South East","45","West Sussex",,,31660,4870,15.4,4470,14.1,9300,29.4,13020,41.1
"K","South West","15","Cornwall and Isles of Scilly",,,21780,2835,13,2565,11.8,5535,25.4,10845,49.8
"K","South West","18","Devon",,,35025,4435,12.7,4195,12,9075,25.9,17320,49.5
"K","South West","19","Dorset",,,18000,2510,13.9,2305,12.8,5235,29.1,7950,44.2
"K","South West","23","Gloucestershire",,,25095,3845,15.3,3385,13.5,6720,26.8,11145,44.4
"K","South West","40","Somerset",,,22930,3255,14.2,2855,12.5,6075,26.5,10745,46.9
"K","South West","46","Wiltshire",,,19635,3085,15.7,2690,13.7,5470,27.9,8390,42.7