DATASET_TITLE,"Early Years Foundation Stage Profile by Gender in England (Referenced by Location of Pupil Residence), 2009",,,,,,,,FROM,Sep-2008,Sep-2008,Sep-2008,Sep-2008,Sep-2008,Sep-2008,Sep-2008,Sep-2008,Sep-2008,Sep-2008,Sep-2008,Sep-2008
AREA_TYPE,Former Local Authority,,,,,,,,TO,Aug-2009,Aug-2009,Aug-2009,Aug-2009,Aug-2009,Aug-2009,Aug-2009,Aug-2009,Aug-2009,Aug-2009,Aug-2009,Aug-2009
GEO_HIERARCHY,NeSS Geography Hierarchy,,,,,,,,HEADING,Pupils Eligible for EYFSP Assessment,Pupils Achieving 6 or More Points in Each of the 7 Scales of PSE and CLL,Pupils Achieving 78 or More Points Across All Scales,Pupils Achieving a Good Level of Development,Boy Pupils Eligible for EYFSP Assessment,Boy Pupils Achieving 6 or More Points in Each of the 7 Scales of PSE and CLL,Boy Pupils Achieving 78 or More Points Across All Scales,Boy Pupils Achieving a Good Level of Development,Girl Pupils Eligible for EYFSP Assessment,Girl Pupils Achieving 6 or More Points in Each of the 7 Scales of PSE and CLL,Girl Pupils Achieving 78 or More Points Across All Scales,Girl Pupils Achieving a Good Level of Development
,,,,,,,,,MEASUREMENT_UNIT,Count,Percentage,Percentage,Percentage,Count,Percentage,Percentage,Percentage,Count,Percentage,Percentage,Percentage
,,,,,,,,,STATISTICAL_UNIT,Persons,Persons,Persons,Persons,Persons,Persons,Persons,Persons,Persons,Persons,Persons,Persons
GOR_CODE,GOR_NAME,CTY_CODE,CTY_NAME,LA_CODE,LA_NAME,FLA_CODE,FLA_NAME,AREA_METADATA,,DATA_VALUE,DATA_VALUE,DATA_VALUE,DATA_VALUE,DATA_VALUE,DATA_VALUE,DATA_VALUE,DATA_VALUE,DATA_VALUE,DATA_VALUE,DATA_VALUE,DATA_VALUE
"A","North East",,,"00EJ","Durham","20UB","Chester-le-Street",,,562,46,70,46,281,35,63,35,281,58,77,57
"A","North East",,,"00EJ","Durham","20UD","Derwentside",,,877,43,59,43,465,33,51,33,412,54,69,54
"A","North East",,,"00EJ","Durham","20UE","Durham",,,822,52,69,52,429,43,65,43,393,61,74,61
"A","North East",,,"00EJ","Durham","20UF","Easington",,,1059,51,72,51,540,44,67,44,519,60,77,60
"A","North East",,,"00EJ","Durham","20UG","Sedgefield",,,1016,48,71,48,515,39,64,39,501,58,78,58
"A","North East",,,"00EJ","Durham","20UH","Teesdale",,,235,58,77,58,120,49,72,49,115,67,83,67
"A","North East",,,"00EJ","Durham","20UJ","Wear Valley",,,741,50,68,50,381,41,62,41,360,60,74,60
"A","North East",,,"00EM","Northumberland","35UB","Alnwick",,,315,58,85,58,172,49,80,49,143,69,91,69
"A","North East",,,"00EM","Northumberland","35UC","Berwick-upon-Tweed",,,233,55,75,55,119,50,71,50,114,61,78,61
"A","North East",,,"00EM","Northumberland","35UD","Blyth Valley",,,933,50,73,50,467,40,69,40,466,60,78,60
"A","North East",,,"00EM","Northumberland","35UE","Castle Morpeth",,,450,69,86,69,242,63,83,63,208,76,89,76
"A","North East",,,"00EM","Northumberland","35UF","Tynedale",,,613,67,88,67,308,59,84,59,305,76,92,76
"A","North East",,,"00EM","Northumberland","35UG","Wansbeck",,,656,55,80,55,326,44,76,44,330,65,83,65
"B","North West",,,"00EQ","Cheshire East","13UC","Congleton",,,925,61,83,61,465,51,76,51,460,72,91,72
"B","North West",,,"00EQ","Cheshire East","13UD","Crewe and Nantwich",,,1352,51,74,51,684,43,67,43,668,60,81,60
"B","North West",,,"00EQ","Cheshire East","13UG","Macclesfield",,,1476,69,88,69,763,61,87,61,713,77,90,77
"B","North West",,,"00EW","Cheshire West and Chester","13UB","Chester",,,1228,64,87,64,621,55,83,55,607,74,91,74
"B","North West",,,"00EW","Cheshire West and Chester","13UE","Ellesmere Port & Neston",,,858,54,81,54,448,48,79,48,410,60,84,60
"B","North West",,,"00EW","Cheshire West and Chester","13UH","Vale Royal",,,1376,61,82,61,677,52,77,52,699,70,86,70
"F","West Midlands",,,"00GG","Shropshire","39UB","Bridgnorth",,,470,65,83,64,213,62,82,61,257,67,83,67
"F","West Midlands",,,"00GG","Shropshire","39UC","North Shropshire",,,561,56,81,56,288,48,76,48,273,64,86,64
"F","West Midlands",,,"00GG","Shropshire","39UD","Oswestry",,,384,64,82,64,193,53,76,53,191,75,88,75
"F","West Midlands",,,"00GG","Shropshire","39UE","Shrewsbury and Atcham",,,984,59,80,59,487,53,76,53,497,65,84,65
"F","West Midlands",,,"00GG","Shropshire","39UF","South Shropshire",,,378,46,75,46,193,37,71,37,185,55,80,55
"G","East of England",,,"00KC","Central Bedfordshire","09UC","Mid Bedfordshire",,,1491,56,83,56,751,48,80,47,740,65,86,65
"G","East of England",,,"00KC","Central Bedfordshire","09UE","South Bedfordshire",,,1334,51,82,51,683,40,76,40,651,62,88,62
"K","South West",,,"00HE","Cornwall","15UB","Caradon",,,768,51,77,51,376,41,71,41,392,60,82,60
"K","South West",,,"00HE","Cornwall","15UC","Carrick",,,861,55,79,55,451,47,74,47,410,63,85,63
"K","South West",,,"00HE","Cornwall","15UD","Kerrier",,,1003,56,76,56,524,46,70,46,479,67,84,67
"K","South West",,,"00HE","Cornwall","15UE","North Cornwall",,,825,51,75,51,407,42,68,41,418,60,81,60
"K","South West",,,"00HE","Cornwall","15UF","Penwith",,,514,48,74,48,275,43,71,43,239,54,77,53
"K","South West",,,"00HE","Cornwall","15UG","Restormel",,,985,52,72,52,483,40,65,40,502,64,79,64
"K","South West",,,"00HY","Wiltshire","46UB","Kennet",,,870,55,79,55,431,46,74,46,439,63,84,63
"K","South West",,,"00HY","Wiltshire","46UC","North Wiltshire",,,1558,60,82,60,837,50,76,50,721,73,89,73
"K","South West",,,"00HY","Wiltshire","46UD","Salisbury",,,1179,58,81,58,588,49,76,49,591,67,85,67
"K","South West",,,"00HY","Wiltshire","46UF","West Wiltshire",,,1418,56,78,55,749,45,73,45,669,67,84,67