DATASET_TITLE,Household Type (UV68),,,,,,FROM,Apr-2001,Apr-2001,Apr-2001,Apr-2001,Apr-2001,Apr-2001,Apr-2001,Apr-2001,Apr-2001,Apr-2001
AREA_TYPE,Local Authority,,,,,,TO,Apr-2001,Apr-2001,Apr-2001,Apr-2001,Apr-2001,Apr-2001,Apr-2001,Apr-2001,Apr-2001,Apr-2001
GEO_HIERARCHY,NeSS Geography Hierarchy,,,,,,HEADING,All Households,Married couple household with dependent child(ren),Married couple household with no dependent child(ren),Cohabiting couple household with dependent child(ren),Cohabiting couple household with no dependent child(ren),Lone parent household with dependent child(ren),Lone parent household with no dependent child(ren),One person household,Multi person household: All student,Multi person household: All other
,,,,,,,MEASUREMENT_UNIT,Count,Count,Count,Count,Count,Count,Count,Count,Count,Count
,,,,,,,STATISTICAL_UNIT,Households,Households,Households,Households,Households,Households,Households,Households,Households,Households
GOR_CODE,GOR_NAME,CTY_CODE,CTY_NAME,LA_CODE,LA_NAME,AREA_METADATA,,DATA_VALUE,DATA_VALUE,DATA_VALUE,DATA_VALUE,DATA_VALUE,DATA_VALUE,DATA_VALUE,DATA_VALUE,DATA_VALUE,DATA_VALUE
"G","East of England",,,"00JA","Peterborough",,,65380,12232,18273,2302,4018,5433,1916,19652,21,1533
"G","East of England",,,"00KA","Luton",,,70755,15340,17229,2639,4116,5848,2685,20371,417,2110
"G","East of England",,,"00KF","Southend-on-Sea",,,70978,11459,18637,2594,4135,5367,2270,25007,21,1488
"G","East of England",,,"00KG","Thurrock",,,58485,11708,16699,2732,3908,4238,2226,16012,12,950
"G","East of England","09","Bedfordshire","09UC","Mid Bedfordshire",,,48600,11577,15856,1709,3175,2260,1208,12086,28,701
"G","East of England","09","Bedfordshire","09UD","Bedford",,,59597,12064,17260,1983,3824,4004,1878,16700,216,1668
"G","East of England","09","Bedfordshire","09UE","South Bedfordshire",,,45664,10015,14249,1781,2830,2817,1403,11924,0,645
"G","East of England","12","Cambridgeshire","12UB","Cambridge",,,42658,6265,9723,1160,3217,2338,1162,15268,732,2793
"G","East of England","12","Cambridgeshire","12UC","East Cambridgeshire",,,29780,6420,10301,1089,2190,1143,814,7220,4,599
"G","East of England","12","Cambridgeshire","12UD","Fenland",,,35192,6346,12249,1470,2090,1949,953,9629,3,503
"G","East of England","12","Cambridgeshire","12UE","Huntingdonshire",,,63062,14583,20713,2406,4171,3294,1446,15361,4,1084
"G","East of England","12","Cambridgeshire","12UG","South Cambridgeshire",,,52181,12278,17935,1502,3382,2111,1296,12702,21,954
"G","East of England","22","Essex","22UB","Basildon",,,69207,13191,20851,2587,4107,5281,2341,19786,11,1052
"G","East of England","22","Essex","22UC","Braintree",,,54333,11565,17410,2028,3437,3055,1511,14443,3,881
"G","East of England","22","Essex","22UD","Brentwood",,,28767,5962,9526,692,1562,1384,885,8171,12,573
"G","East of England","22","Essex","22UE","Castle Point",,,35277,7049,12949,1237,1651,1845,1081,9039,0,426
"G","East of England","22","Essex","22UF","Chelmsford",,,64564,13823,20614,1882,3925,3421,1754,17663,75,1407
"G","East of England","22","Essex","22UG","Colchester",,,63706,12358,19348,2356,4072,3857,1843,18027,399,1446
"G","East of England","22","Essex","22UH","Epping Forest",,,50590,9919,15980,1616,2841,2873,1830,14705,27,799
"G","East of England","22","Essex","22UJ","Harlow",,,33185,5994,9271,1537,2011,2733,1173,9799,34,633
"G","East of England","22","Essex","22UK","Maldon",,,24189,5191,8481,864,1346,1246,633,6103,0,325
"G","East of England","22","Essex","22UL","Rochford",,,31952,6939,11631,993,1623,1495,938,7941,3,389
"G","East of England","22","Essex","22UN","Tendring",,,61411,9083,21470,2022,2912,3121,1747,19999,13,1044
"G","East of England","22","Essex","22UQ","Uttlesford",,,27519,6446,9496,786,1564,1201,747,6801,3,475
"G","East of England","26","Hertfordshire","26UB","Broxbourne",,,34933,7571,11095,1220,2125,2135,1297,8922,10,558
"G","East of England","26","Hertfordshire","26UC","Dacorum",,,55908,12375,17004,1949,3414,3172,1754,15128,11,1101
"G","East of England","26","Hertfordshire","26UD","East Hertfordshire",,,52084,12014,16320,1653,3624,2379,1418,13437,111,1128
"G","East of England","26","Hertfordshire","26UE","Hertsmere",,,37869,8406,11166,1134,2125,2314,1513,10317,47,847
"G","East of England","26","Hertfordshire","26UF","North Hertfordshire",,,48810,10159,14767,1576,3024,2778,1373,14118,8,1007
"G","East of England","26","Hertfordshire","26UG","St Albans",,,52659,12020,15874,1394,3489,2534,1433,14421,64,1430
"G","East of England","26","Hertfordshire","26UH","Stevenage",,,32754,6597,8983,1343,2066,2666,1027,9412,15,645
"G","East of England","26","Hertfordshire","26UJ","Three Rivers",,,33439,7489,10425,965,1969,1789,1157,8972,17,656
"G","East of England","26","Hertfordshire","26UK","Watford",,,32350,6548,8148,1154,2540,1924,1215,9594,54,1173
"G","East of England","26","Hertfordshire","26UL","Welwyn Hatfield",,,39844,7671,12025,1368,2162,2490,1287,11437,524,880
"G","East of England","33","Norfolk","33UB","Breckland",,,50715,9700,17828,1801,3037,2534,1318,13814,0,683
"G","East of England","33","Norfolk","33UC","Broadland",,,50008,9983,18965,1469,2924,2109,1227,12681,0,650
"G","East of England","33","Norfolk","33UD","Great Yarmouth",,,39382,6339,12359,1761,2158,2600,1267,12223,3,672
"G","East of England","33","Norfolk","33UE","King's Lynn and West Norfolk",,,58338,9992,21506,1837,3180,3043,1609,16252,7,912
"G","East of England","33","Norfolk","33UF","North Norfolk",,,43501,6530,16692,1284,2286,1907,1164,12954,0,684
"G","East of England","33","Norfolk","33UG","Norwich",,,54584,6465,12461,2199,4505,4119,1612,20257,675,2291
"G","East of England","33","Norfolk","33UH","South Norfolk",,,46607,9173,17588,1448,2684,1885,1169,12061,4,595
"G","East of England","42","Suffolk","42UB","Babergh",,,34862,6887,12375,1138,1924,1655,925,9466,0,492
"G","East of England","42","Suffolk","42UC","Forest Heath",,,23018,5060,6903,701,1369,1218,620,6712,0,435
"G","East of England","42","Suffolk","42UD","Ipswich",,,49869,8675,13488,2054,3086,3565,1549,16170,46,1236
"G","East of England","42","Suffolk","42UE","Mid Suffolk",,,35396,7760,12989,1141,1990,1473,801,8724,5,513
"G","East of England","42","Suffolk","42UF","St Edmundsbury",,,40560,8011,14091,1357,2381,2021,1110,10885,4,700
"G","East of England","42","Suffolk","42UG","Suffolk Coastal",,,49025,9629,17186,1368,2437,2164,1194,14295,4,748
"G","East of England","42","Suffolk","42UH","Waveney",,,48424,7843,16331,1931,2574,3082,1324,14467,4,868