DATASET_TITLE,"Deaths, 2005",,,,,,,,,,FROM,Jan-2005,Jan-2005,Jan-2005,Jan-2005,Jan-2005,Jan-2005,Jan-2005,Jan-2005,Jan-2005
AREA_TYPE,Region,,,,,,,,,,TO,Dec-2005,Dec-2005,Dec-2005,Dec-2005,Dec-2005,Dec-2005,Dec-2005,Dec-2005,Dec-2005
GEO_HIERARCHY,NeSS Geography Hierarchy,,,,,,,,,,HEADING,All Deaths,Males; All Causes,Males; Coronary Heart Disease,Males; Cerebrovascular Disease (including Stroke),Males; Cancer,Females; All Causes,Females; Coronary Heart Disease,Females; Cerebrovascular Disease (including Stroke),Females; Cancer
,,,,,,,,,,,MEASUREMENT_UNIT,Count,Count,Count,Count,Count,Count,Count,Count,Count
,,,,,,,,,,,STATISTICAL_UNIT,Persons,Persons,Persons,Persons,Persons,Persons,Persons,Persons,Persons
UK_CODE,UK_NAME,GB_CODE,GB_NAME,EW_CODE,EW_NAME,CTRY_CODE,CTRY_NAME,GOR_CODE,GOR_NAME,AREA_METADATA,,DATA_VALUE,DATA_VALUE,DATA_VALUE,DATA_VALUE,DATA_VALUE,DATA_VALUE,DATA_VALUE,DATA_VALUE,DATA_VALUE
"213","United Kingdom","078","Great Britain","727","England and Wales","064","England",,,,,479678,227956,45620,18013,65777,251722,36181,29379,60469
"213","United Kingdom","078","Great Britain","727","England and Wales","220","Wales",,,,,32162,15209,3375,1215,4312,16953,2721,1943,4063
"213","United Kingdom","078","Great Britain","727","England and Wales",,,,,,,..,..,..,..,..,..,..,..,..
"213","United Kingdom","078","Great Britain","727","England and Wales","064","England","A","North East",,,27449,12951,2624,1030,3966,14498,2209,1554,3682
"213","United Kingdom","078","Great Britain","727","England and Wales","064","England","B","North West",,,71210,33926,7057,2620,9847,37284,5646,4228,9095
"213","United Kingdom","078","Great Britain","727","England and Wales","064","England","D","Yorkshire and The Humber",,,50564,23990,5038,1948,6891,26574,4142,3077,6428
"213","United Kingdom","078","Great Britain","727","England and Wales","064","England","E","East Midlands",,,42006,20152,4091,1516,5778,21854,3051,2430,5135
"213","United Kingdom","078","Great Britain","727","England and Wales","064","England","F","West Midlands",,,52980,25743,5023,2197,7272,27237,3760,3319,6370
"213","United Kingdom","078","Great Britain","727","England and Wales","064","England","G","East of England",,,52500,24881,5056,1918,7140,27619,3860,3218,6544
"213","United Kingdom","078","Great Britain","727","England and Wales","064","England","H","London",,,52992,25883,4864,1857,7156,27109,3788,2900,6639
"213","United Kingdom","078","Great Britain","727","England and Wales","064","England","J","South East",,,76849,35399,6878,2799,10406,41450,5693,4989,9829
"213","United Kingdom","078","Great Britain","727","England and Wales","064","England","K","South West",,,53128,25031,4989,2128,7321,28097,4032,3664,6747