DATASET_TITLE,"Benefits Data: Working Age Client Group, November 2003",,,,,,FROM,Nov-2003,Nov-2003,Nov-2003,Nov-2003,Nov-2003,Nov-2003,Nov-2003,Nov-2003,Nov-2003,Nov-2003,Nov-2003,Nov-2003,Nov-2003,Nov-2003,Nov-2003,Nov-2003,Nov-2003,Nov-2003,Nov-2003,Nov-2003,Nov-2003,Nov-2003,Nov-2003,Nov-2003,Nov-2003,Nov-2003,Nov-2003
AREA_TYPE,Local Authority,,,,,,TO,Nov-2003,Nov-2003,Nov-2003,Nov-2003,Nov-2003,Nov-2003,Nov-2003,Nov-2003,Nov-2003,Nov-2003,Nov-2003,Nov-2003,Nov-2003,Nov-2003,Nov-2003,Nov-2003,Nov-2003,Nov-2003,Nov-2003,Nov-2003,Nov-2003,Nov-2003,Nov-2003,Nov-2003,Nov-2003,Nov-2003,Nov-2003
GEO_HIERARCHY,NeSS Geography Hierarchy,,,,,,HEADING,Total,Job Seekers,Job Seekers,Incapacity Benefits,Incapacity Benefits,Lone Parent,Lone Parent,Carer,Carer,Others on Income Related Benefits,Others on Income Related Benefits,Disabled,Disabled,Bereaved,Bereaved,Unknown,Unknown,Male,Male,Female,Female,Aged 16-24,Aged 16-24,Aged 25-49,Aged 25-49,Aged 50 and Over,Aged 50 and Over
,,,,,,,MEASUREMENT_UNIT,Count,Count,Percentage,Count,Percentage,Count,Percentage,Count,Percentage,Count,Percentage,Count,Percentage,Count,Percentage,Count,Percentage,Count,Percentage,Count,Percentage,Count,Percentage,Count,Percentage,Count,Percentage
,,,,,,,STATISTICAL_UNIT,Persons,Persons,Persons,Persons,Persons,Persons,Persons,Persons,Persons,Persons,Persons,Persons,Persons,Persons,Persons,Persons,Persons,Persons,Persons,Persons,Persons,Persons,Persons,Persons,Persons,Persons,Persons
GOR_CODE,GOR_NAME,CTY_CODE,CTY_NAME,LA_CODE,LA_NAME,AREA_METADATA,,DATA_VALUE,DATA_VALUE,DATA_VALUE,DATA_VALUE,DATA_VALUE,DATA_VALUE,DATA_VALUE,DATA_VALUE,DATA_VALUE,DATA_VALUE,DATA_VALUE,DATA_VALUE,DATA_VALUE,DATA_VALUE,DATA_VALUE,DATA_VALUE,DATA_VALUE,DATA_VALUE,DATA_VALUE,DATA_VALUE,DATA_VALUE,DATA_VALUE,DATA_VALUE,DATA_VALUE,DATA_VALUE,DATA_VALUE,DATA_VALUE
"A","North East",,,"00CH","Gateshead",,,25690,3275,13,15270,59,3265,13,1520,6,775,3,1040,4,545,2,0,0,13735,53,11955,47,3240,13,12785,50,9665,38
"A","North East",,,"00CJ","Newcastle upon Tyne",,,34640,5590,16,19220,55,5140,15,1900,5,1010,3,1180,3,600,2,0,0,18465,53,16175,47,4935,14,18360,53,11345,33
"A","North East",,,"00CK","North Tyneside",,,21995,3485,16,11955,54,3005,14,1245,6,710,3,1035,5,560,3,0,0,11240,51,10755,49,2945,13,10540,48,8510,39
"A","North East",,,"00CL","South Tyneside",,,21635,3925,18,11180,52,3390,16,1200,6,670,3,835,4,435,2,0,0,11330,52,10305,48,2820,13,10810,50,8005,37
"A","North East",,,"00CM","Sunderland",,,39225,5550,14,22785,58,4780,12,2570,7,1055,3,1695,4,790,2,0,0,20670,53,18555,47,4930,13,19115,49,15180,39
"A","North East",,,"00EB","Hartlepool",,,14095,2225,16,7990,57,1820,13,915,6,370,3,485,3,290,2,0,0,7380,52,6715,48,1925,14,7065,50,5105,36
"A","North East",,,"00EC","Middlesbrough",,,21595,3745,17,10915,51,3610,17,1570,7,545,3,850,4,360,2,0,0,10950,51,10645,49,3435,16,11465,53,6695,31
"A","North East",,,"00EE","Redcar and Cleveland",,,18585,2880,15,10035,54,2595,14,1510,8,455,2,725,4,385,2,0,0,9585,52,9000,48,2525,14,8965,48,7090,38
"A","North East",,,"00EF","Stockton-on-Tees",,,21195,3770,18,10590,50,3090,15,1675,8,590,3,920,4,560,3,0,0,10815,51,10380,49,3125,15,10535,50,7535,36
"A","North East",,,"00EH","Darlington",,,10640,1580,15,5700,54,1580,15,745,7,280,3,475,4,280,3,0,0,5435,51,5205,49,1320,12,5250,49,4070,38
"A","North East","20","Durham","20UB","Chester-le-Street",,,5560,565,10,3450,62,560,10,405,7,150,3,260,5,170,3,0,0,2880,52,2680,48,655,12,2535,46,2370,43
"A","North East","20","Durham","20UD","Derwentside",,,10875,1115,10,6640,61,1240,11,800,7,320,3,520,5,240,2,0,0,5715,53,5160,47,1355,12,4995,46,4525,42
"A","North East","20","Durham","20UE","Durham",,,8230,1070,13,4995,61,795,10,520,6,220,3,400,5,230,3,0,0,4395,53,3835,47,955,12,3710,45,3565,43
"A","North East","20","Durham","20UF","Easington",,,16850,1140,7,11965,71,1455,9,1045,6,300,2,690,4,255,2,0,0,8840,52,8010,48,1965,12,8100,48,6785,40
"A","North East","20","Durham","20UG","Sedgefield",,,11915,1335,11,7300,61,1355,11,840,7,245,2,575,5,265,2,0,0,5970,50,5945,50,1480,12,5450,46,4985,42
"A","North East","20","Durham","20UH","Teesdale",,,1955,210,11,1180,60,175,9,150,8,45,2,135,7,60,3,0,0,1025,52,930,48,165,8,845,43,945,48
"A","North East","20","Durham","20UJ","Wear Valley",,,8630,1150,13,4940,57,1125,13,620,7,240,3,365,4,190,2,0,0,4385,51,4245,49,1180,14,3985,46,3465,40
"A","North East","35","Northumberland","35UB","Alnwick",,,2455,440,18,1285,52,255,10,215,9,60,2,95,4,105,4,0,0,1280,52,1175,48,295,12,1055,43,1105,45
"A","North East","35","Northumberland","35UC","Berwick-upon-Tweed",,,2270,385,17,1175,52,205,9,215,9,70,3,130,6,90,4,0,0,1150,51,1120,49,245,11,985,43,1040,46
"A","North East","35","Northumberland","35UD","Blyth Valley",,,9745,1385,14,5710,59,985,10,680,7,245,3,445,5,295,3,0,0,5150,53,4595,47,1200,12,4625,47,3920,40
"A","North East","35","Northumberland","35UE","Castle Morpeth",,,3945,580,15,2325,59,355,9,265,7,75,2,195,5,150,4,0,0,2150,54,1795,46,450,11,1825,46,1670,42
"A","North East","35","Northumberland","35UF","Tynedale",,,4020,580,14,2345,58,345,9,250,6,95,2,220,5,185,5,0,0,2105,52,1915,48,505,13,1790,45,1725,43
"A","North East","35","Northumberland","35UG","Wansbeck",,,8310,1230,15,4885,59,970,12,520,6,190,2,340,4,175,2,0,0,4385,53,3925,47,1115,13,3855,46,3340,40
"B","North West",,,"00BL","Bolton",,,29325,3375,12,16675,57,4120,14,2120,7,755,3,1505,5,775,3,0,0,14680,50,14645,50,3475,12,15000,51,10850,37
"B","North West",,,"00BM","Bury",,,17055,1775,10,9985,59,2350,14,1120,7,325,2,1005,6,495,3,0,0,8380,49,8675,51,2080,12,8510,50,6465,38
"B","North West",,,"00BN","Manchester",,,70170,11115,16,36820,52,13855,20,3240,5,2215,3,2075,3,850,1,0,0,35545,51,34625,49,10050,14,40560,58,19540,28
"B","North West",,,"00BP","Oldham",,,24650,2810,11,13860,56,3810,15,1530,6,720,3,1250,5,670,3,0,0,11910,48,12740,52,3325,13,12395,50,8930,36
"B","North West",,,"00BQ","Rochdale",,,25530,2925,11,14835,58,3705,15,1720,7,640,3,1105,4,600,2,0,0,12475,49,13055,51,3195,13,13375,52,8955,35
"B","North West",,,"00BR","Salford",,,29470,3275,11,17240,59,4755,16,1600,5,735,2,1295,4,570,2,0,0,15220,52,14250,48,3850,13,15335,52,10285,35
"B","North West",,,"00BS","Stockport",,,21930,2690,12,11945,54,3075,14,1555,7,510,2,1375,6,780,4,0,0,10630,48,11300,52,2515,11,11030,50,8385,38
"B","North West",,,"00BT","Tameside",,,24685,2735,11,14665,59,3445,14,1530,6,530,2,1160,5,620,3,0,0,12365,50,12320,50,3015,12,12235,50,9430,38
"B","North West",,,"00BU","Trafford",,,17360,2185,13,9720,56,2475,14,1065,6,390,2,970,6,555,3,0,0,8500,49,8860,51,1915,11,8985,52,6460,37
"B","North West",,,"00BW","Wigan",,,36825,3910,11,23385,64,3820,10,2510,7,665,2,1665,5,870,2,0,0,18745,51,18080,49,3750,10,16875,46,16200,44
"B","North West",,,"00BX","Knowsley",,,26960,3375,13,14455,54,4810,18,2035,8,665,2,1260,5,360,1,0,0,12835,48,14125,52,3340,12,14740,55,8880,33
"B","North West",,,"00BY","Liverpool",,,81000,12550,15,44380,55,12820,16,4740,6,2370,3,3115,4,1025,1,0,0,41100,51,39900,49,10090,12,44550,55,26355,33
"B","North West",,,"00BZ","St. Helens",,,23380,2865,12,13500,58,3090,13,1745,7,590,3,1075,5,515,2,0,0,11955,51,11425,49,2755,12,11085,47,9540,41
"B","North West",,,"00CA","Sefton",,,32230,4405,14,17860,55,4325,13,2160,7,945,3,1710,5,825,3,0,0,16320,51,15910,49,3490,11,16535,51,12205,38
"B","North West",,,"00CB","Wirral",,,40955,5205,13,22405,55,6275,15,2840,7,945,2,2305,6,980,2,0,0,20225,49,20730,51,4960,12,21010,51,14980,37
"B","North West",,,"00ET","Halton",,,17180,2060,12,9460,55,2735,16,1275,7,435,3,835,5,380,2,0,0,8330,48,8850,52,2080,12,8510,50,6590,38
"B","North West",,,"00EU","Warrington",,,16140,1895,12,9305,58,1870,12,1210,7,415,3,915,6,530,3,0,0,8195,51,7945,49,1785,11,7700,48,6655,41
"B","North West",,,"00EX","Blackburn with Darwen",,,17505,1805,10,10000,57,2625,15,1310,7,505,3,875,5,385,2,0,0,8770,50,8735,50,2245,13,9205,53,6055,35
"B","North West",,,"00EY","Blackpool",,,19970,2515,13,11590,58,2705,14,1200,6,600,3,920,5,440,2,0,0,10760,54,9210,46,2260,11,10195,51,7515,38
"B","North West","13","Cheshire","13UB","Chester",,,9255,1060,11,5235,57,1185,13,640,7,215,2,615,7,305,3,0,0,4685,51,4570,49,1020,11,4675,51,3560,38
"B","North West","13","Cheshire","13UC","Congleton",,,5405,605,11,3070,57,550,10,410,8,105,2,375,7,290,5,0,0,2605,48,2800,52,465,9,2480,46,2460,46
"B","North West","13","Cheshire","13UD","Crewe and Nantwich",,,8720,1030,12,4765,55,1290,15,650,7,230,3,415,5,340,4,0,0,4120,47,4600,53,1075,12,4200,48,3445,40
"B","North West","13","Cheshire","13UE","Ellesmere Port & Neston",,,7275,725,10,3985,55,1050,14,640,9,155,2,490,7,230,3,0,0,3460,48,3815,52,820,11,3685,51,2770,38
"B","North West","13","Cheshire","13UG","Macclesfield",,,8185,940,11,4630,57,980,12,545,7,150,2,500,6,440,5,0,0,3980,49,4205,51,760,9,4085,50,3340,41
"B","North West","13","Cheshire","13UH","Vale Royal",,,9660,1070,11,5465,57,1160,12,845,9,175,2,585,6,360,4,0,0,4720,49,4940,51,1035,11,4545,47,4080,42
"B","North West","16","Cumbria","16UB","Allerdale",,,9130,1145,13,5085,56,1190,13,755,8,235,3,435,5,285,3,0,0,4675,51,4455,49,1010,11,4335,47,3785,41
"B","North West","16","Cumbria","16UC","Barrow-in-Furness",,,10175,1080,11,6445,63,950,9,735,7,210,2,565,6,190,2,0,0,5450,54,4725,46,1110,11,4810,47,4255,42
"B","North West","16","Cumbria","16UD","Carlisle",,,9020,1045,12,5280,59,1150,13,535,6,205,2,450,5,355,4,0,0,4455,49,4565,51,1080,12,4475,50,3465,38
"B","North West","16","Cumbria","16UE","Copeland",,,8055,1255,16,4375,54,1015,13,635,8,185,2,370,5,220,3,0,0,4300,53,3755,47,1000,12,3775,47,3280,41
"B","North West","16","Cumbria","16UF","Eden",,,2775,215,8,1640,59,245,9,225,8,65,2,210,8,175,6,0,0,1360,49,1415,51,230,8,1255,45,1285,46
"B","North West","16","Cumbria","16UG","South Lakeland",,,5810,595,10,3455,59,515,9,420,7,125,2,365,6,335,6,0,0,2940,51,2870,49,480,8,2575,44,2755,47
"B","North West","30","Lancashire","30UD","Burnley",,,10885,785,7,6850,63,1650,15,600,6,290,3,455,4,255,2,0,0,5310,49,5575,51,1250,11,5485,50,4150,38
"B","North West","30","Lancashire","30UE","Chorley",,,8000,770,10,4860,61,840,11,600,8,145,2,455,6,330,4,0,0,3990,50,4010,50,825,10,3650,46,3525,44
"B","North West","30","Lancashire","30UF","Fylde",,,5140,400,8,3200,62,445,9,415,8,110,2,355,7,215,4,0,0,2655,52,2485,48,405,8,2300,45,2435,47
"B","North West","30","Lancashire","30UG","Hyndburn",,,9430,735,8,6000,64,1195,13,590,6,190,2,440,5,280,3,0,0,4735,50,4695,50,1150,12,4620,49,3660,39
"B","North West","30","Lancashire","30UH","Lancaster",,,12675,1840,15,6925,55,1760,14,825,7,325,3,590,5,410,3,0,0,6435,51,6240,49,1595,13,6260,49,4820,38
"B","North West","30","Lancashire","30UJ","Pendle",,,9345,800,9,5665,61,1365,15,685,7,250,3,325,3,255,3,0,0,4560,49,4785,51,1075,12,4605,49,3665,39
"B","North West","30","Lancashire","30UK","Preston",,,14135,1840,13,7965,56,1970,14,950,7,390,3,680,5,340,2,0,0,7170,51,6965,49,1830,13,7360,52,4940,35
"B","North West","30","Lancashire","30UL","Ribble Valley",,,3055,190,6,1990,65,240,8,200,7,50,2,225,7,160,5,0,0,1585,52,1470,48,225,7,1365,45,1465,48
"B","North West","30","Lancashire","30UM","Rossendale",,,6745,540,8,4180,62,875,13,435,6,130,2,370,5,215,3,0,0,3295,49,3450,51,760,11,3300,49,2685,40
"B","North West","30","Lancashire","30UN","South Ribble",,,7415,670,9,4310,58,800,11,575,8,115,2,595,8,350,5,0,0,3535,48,3880,52,725,10,3370,45,3320,45
"B","North West","30","Lancashire","30UP","West Lancashire",,,10965,1575,14,5865,53,1495,14,840,8,240,2,605,6,345,3,0,0,5415,49,5550,51,1175,11,5235,48,4555,42
"B","North West","30","Lancashire","30UQ","Wyre",,,8870,855,10,5130,58,945,11,765,9,195,2,660,7,320,4,0,0,4580,52,4290,48,835,9,3885,44,4145,47
"D","Yorkshire and The Humber",,,"00CC","Barnsley",,,30230,2605,9,19160,63,3470,11,2165,7,625,2,1645,5,560,2,0,0,15725,52,14505,48,3385,11,14255,47,12585,42
"D","Yorkshire and The Humber",,,"00CE","Doncaster",,,34250,4150,12,18975,55,4620,13,2905,8,975,3,1900,6,725,2,0,0,17415,51,16835,49,4350,13,16605,48,13295,39
"D","Yorkshire and The Humber",,,"00CF","Rotherham",,,28615,3560,12,15355,54,3865,14,2635,9,720,3,1730,6,750,3,0,0,14630,51,13985,49,3550,12,13940,49,11120,39
"D","Yorkshire and The Humber",,,"00CG","Sheffield",,,53345,9570,18,26465,50,7720,14,3755,7,1830,3,2805,5,1200,2,0,0,27885,52,25460,48,7380,14,27880,52,18085,34
"D","Yorkshire and The Humber",,,"00CX","Bradford",,,52065,8655,17,25580,49,8270,16,3895,7,1715,3,2790,5,1160,2,0,0,25860,50,26205,50,7735,15,27590,53,16730,32
"D","Yorkshire and The Humber",,,"00CY","Calderdale",,,17770,2440,14,9315,52,2905,16,1195,7,505,3,835,5,575,3,0,0,8565,48,9205,52,2260,13,9020,51,6490,37
"D","Yorkshire and The Humber",,,"00CZ","Kirklees",,,36260,4705,13,18890,52,5490,15,2820,8,1075,3,2230,6,1050,3,0,0,17620,49,18640,51,4670,13,18650,51,12940,36
"D","Yorkshire and The Humber",,,"00DA","Leeds",,,64870,10345,16,32585,50,10945,17,3765,6,1915,3,3540,5,1775,3,0,0,31855,49,33015,51,8815,14,34065,53,21970,34
"D","Yorkshire and The Humber",,,"00DB","Wakefield",,,36180,3805,11,21310,59,4555,13,2735,8,785,2,2075,6,915,3,0,0,18435,51,17745,49,4035,11,17435,48,14710,41
"D","Yorkshire and The Humber",,,"00FA","Kingston upon Hull, City of",,,33840,7125,21,14660,43,6415,19,2275,7,1185,4,1615,5,565,2,0,0,16950,50,16890,50,5470,16,17980,53,10390,31
"D","Yorkshire and The Humber",,,"00FB","East Riding of Yorkshire",,,22620,3810,17,11060,49,2520,11,2020,9,690,3,1555,7,965,4,0,0,11465,51,11155,49,2355,10,10100,45,10160,45
"D","Yorkshire and The Humber",,,"00FC","North East Lincolnshire",,,16295,3020,19,7140,44,2965,18,1375,8,580,4,780,5,435,3,0,0,7990,49,8305,51,2590,16,8265,51,5440,33
"D","Yorkshire and The Humber",,,"00FD","North Lincolnshire",,,13535,1905,14,6615,49,2090,15,1170,9,400,3,890,7,465,3,0,0,6325,47,7210,53,1750,13,6600,49,5185,38
"D","Yorkshire and The Humber",,,"00FF","York",,,11195,1635,15,5845,52,1720,15,635,6,265,2,650,6,445,4,0,0,5465,49,5730,51,1340,12,5795,52,4060,36
"D","Yorkshire and The Humber","36","North Yorkshire","36UB","Craven",,,2785,280,10,1590,57,270,10,220,8,80,3,180,6,165,6,0,0,1370,49,1415,51,225,8,1240,45,1320,47
"D","Yorkshire and The Humber","36","North Yorkshire","36UC","Hambleton",,,4375,545,12,2300,53,485,11,375,9,90,2,320,7,260,6,0,0,2100,48,2275,52,430,10,1985,45,1960,45
"D","Yorkshire and The Humber","36","North Yorkshire","36UD","Harrogate",,,7480,895,12,4035,54,885,12,540,7,180,2,545,7,400,5,0,0,3635,49,3845,51,790,11,3705,50,2985,40
"D","Yorkshire and The Humber","36","North Yorkshire","36UE","Richmondshire",,,2415,370,15,1170,48,305,13,175,7,65,3,185,8,145,6,0,0,1115,46,1300,54,260,11,1130,47,1025,42
"D","Yorkshire and The Humber","36","North Yorkshire","36UF","Ryedale",,,2630,380,14,1325,50,305,12,280,11,70,3,140,5,130,5,0,0,1260,48,1370,52,245,9,1165,44,1220,46
"D","Yorkshire and The Humber","36","North Yorkshire","36UG","Scarborough",,,10850,1660,15,5665,52,1410,13,835,8,390,4,590,5,300,3,0,0,5590,52,5260,48,1255,12,5130,47,4465,41
"D","Yorkshire and The Humber","36","North Yorkshire","36UH","Selby",,,4750,730,15,2485,52,550,12,355,7,105,2,300,6,225,5,0,0,2390,50,2360,50,505,11,2180,46,2065,43
"E","East Midlands",,,"00FK","Derby",,,23890,3980,17,11650,49,4060,17,1510,6,710,3,1405,6,575,2,0,0,11650,49,12240,51,3400,14,12845,54,7640,32
"E","East Midlands",,,"00FN","Leicester",,,36180,8390,23,15525,43,6540,18,2310,6,1230,3,1475,4,710,2,0,0,17605,49,18575,51,5445,15,19965,55,10765,30
"E","East Midlands",,,"00FP","Rutland",,,1265,105,8,640,51,165,13,110,9,20,2,125,10,100,8,0,0,585,46,680,54,120,9,595,47,550,43
"E","East Midlands",,,"00FY","Nottingham",,,36845,6295,17,17630,48,7470,20,2190,6,1150,3,1605,4,505,1,0,0,18275,50,18570,50,5555,15,20885,57,10405,28
"E","East Midlands","17","Derbyshire","17UB","Amber Valley",,,9710,1105,11,5345,55,1155,12,870,9,230,2,625,6,380,4,0,0,4780,49,4930,51,1000,10,4535,47,4175,43
"E","East Midlands","17","Derbyshire","17UC","Bolsover",,,9340,950,10,5550,59,970,10,890,10,190,2,595,6,195,2,0,0,5005,54,4335,46,935,10,4460,48,3945,42
"E","East Midlands","17","Derbyshire","17UD","Chesterfield",,,11905,1790,15,6565,55,1380,12,965,8,295,2,650,5,260,2,0,0,6325,53,5580,47,1350,11,5900,50,4655,39
"E","East Midlands","17","Derbyshire","17UF","Derbyshire Dales",,,3815,495,13,2045,54,315,8,330,9,85,2,310,8,235,6,0,0,1860,49,1955,51,335,9,1700,45,1780,47
"E","East Midlands","17","Derbyshire","17UG","Erewash",,,8875,1185,13,4595,52,1255,14,735,8,235,3,545,6,325,4,0,0,4200,47,4675,53,965,11,4315,49,3595,41
"E","East Midlands","17","Derbyshire","17UH","High Peak",,,6380,845,13,3500,55,810,13,435,7,115,2,385,6,290,5,0,0,3125,49,3255,51,680,11,3140,49,2560,40
"E","East Midlands","17","Derbyshire","17UJ","North East Derbyshire",,,8635,1155,13,4845,56,795,9,835,10,185,2,560,6,260,3,0,0,4600,53,4035,47,830,10,3980,46,3825,44
"E","East Midlands","17","Derbyshire","17UK","South Derbyshire",,,6040,595,10,3420,57,680,11,500,8,150,2,430,7,265,4,0,0,2815,47,3225,53,585,10,2845,47,2610,43
"E","East Midlands","31","Leicestershire","31UB","Blaby",,,4530,675,15,2285,50,440,10,375,8,100,2,390,9,265,6,0,0,2095,46,2435,54,445,10,2140,47,1945,43
"E","East Midlands","31","Leicestershire","31UC","Charnwood",,,8945,1645,18,4185,47,1155,13,680,8,245,3,620,7,415,5,0,0,4235,47,4710,53,1120,13,4340,49,3485,39
"E","East Midlands","31","Leicestershire","31UD","Harborough",,,3325,425,13,1635,49,400,12,250,8,100,3,290,9,225,7,0,0,1515,46,1810,54,330,10,1600,48,1390,42
"E","East Midlands","31","Leicestershire","31UE","Hinckley and Bosworth",,,5890,845,14,2940,50,670,11,555,9,130,2,465,8,285,5,0,0,2685,46,3205,54,695,12,2660,45,2535,43
"E","East Midlands","31","Leicestershire","31UG","Melton",,,2280,245,11,1040,46,355,16,235,10,60,3,200,9,145,6,0,0,1000,44,1280,56,270,12,1075,47,935,41
"E","East Midlands","31","Leicestershire","31UH","North West Leicestershire",,,6275,730,12,3350,53,730,12,645,10,155,2,380,6,285,5,0,0,2975,47,3300,53,700,11,2890,46,2685,43
"E","East Midlands","31","Leicestershire","31UJ","Oadby and Wigston",,,3010,580,19,1395,46,365,12,230,8,75,2,220,7,145,5,0,0,1420,47,1590,53,315,10,1455,48,1240,41
"E","East Midlands","32","Lincolnshire","32UB","Boston",,,4770,395,8,2745,58,635,13,370,8,150,3,320,7,155,3,0,0,2285,48,2485,52,540,11,2315,49,1915,40
"E","East Midlands","32","Lincolnshire","32UC","East Lindsey",,,13570,1615,12,7760,57,1165,9,1360,10,400,3,885,7,385,3,0,0,7095,52,6475,48,1370,10,5740,42,6455,48
"E","East Midlands","32","Lincolnshire","32UD","Lincoln",,,9090,1255,14,4755,52,1525,17,605,7,285,3,480,5,185,2,0,0,4560,50,4530,50,1355,15,4890,54,2845,31
"E","East Midlands","32","Lincolnshire","32UE","North Kesteven",,,5670,595,10,3170,56,535,9,515,9,120,2,445,8,290,5,0,0,2735,48,2935,52,560,10,2495,44,2615,46
"E","East Midlands","32","Lincolnshire","32UF","South Holland",,,5125,505,10,2900,57,550,11,440,9,135,3,355,7,240,5,0,0,2375,46,2750,54,455,9,2315,45,2355,46
"E","East Midlands","32","Lincolnshire","32UG","South Kesteven",,,6920,745,11,3605,52,945,14,590,9,180,3,475,7,380,5,0,0,3120,45,3800,55,780,11,3300,48,2840,41
"E","East Midlands","32","Lincolnshire","32UH","West Lindsey",,,6330,900,14,3370,53,695,11,560,9,180,3,360,6,265,4,0,0,3235,51,3095,49,715,11,2970,47,2645,42
"E","East Midlands","34","Northamptonshire","34UB","Corby",,,5680,855,15,3005,53,910,16,300,5,130,2,315,6,165,3,0,0,2735,48,2945,52,810,14,2915,51,1955,34
"E","East Midlands","34","Northamptonshire","34UC","Daventry",,,3720,510,14,1830,49,550,15,260,7,70,2,310,8,190,5,0,0,1590,43,2130,57,445,12,1850,50,1425,38
"E","East Midlands","34","Northamptonshire","34UD","East Northamptonshire",,,4375,670,15,2125,49,650,15,345,8,95,2,270,6,220,5,0,0,1975,45,2400,55,520,12,2160,49,1695,39
"E","East Midlands","34","Northamptonshire","34UE","Kettering",,,5835,855,15,2980,51,850,15,425,7,145,2,340,6,240,4,0,0,2690,46,3145,54,725,12,2970,51,2140,37
"E","East Midlands","34","Northamptonshire","34UF","Northampton",,,15490,2380,15,7350,47,2950,19,1055,7,425,3,845,5,485,3,0,0,7140,46,8350,54,2125,14,8460,55,4905,32
"E","East Midlands","34","Northamptonshire","34UG","South Northamptonshire",,,3020,395,13,1490,49,305,10,265,9,60,2,280,9,225,7,0,0,1360,45,1660,55,255,8,1420,47,1345,45
"E","East Midlands","34","Northamptonshire","34UH","Wellingborough",,,5560,745,13,2780,50,1010,18,335,6,150,3,300,5,240,4,0,0,2500,45,3060,55,760,14,2845,51,1955,35
"E","East Midlands","37","Nottinghamshire","37UB","Ashfield",,,12170,1370,11,6950,57,1640,13,940,8,295,2,645,5,330,3,0,0,6160,51,6010,49,1405,12,5840,48,4925,40
"E","East Midlands","37","Nottinghamshire","37UC","Bassetlaw",,,11635,1265,11,6825,59,1345,12,880,8,330,3,685,6,305,3,0,0,5985,51,5650,49,1265,11,5645,49,4725,41
"E","East Midlands","37","Nottinghamshire","37UD","Broxtowe",,,7765,960,12,4260,55,885,11,660,8,160,2,530,7,310,4,0,0,3795,49,3970,51,775,10,3555,46,3435,44
"E","East Midlands","37","Nottinghamshire","37UE","Gedling",,,8075,1035,13,4290,53,995,12,650,8,195,2,585,7,325,4,0,0,3945,49,4130,51,850,11,3900,48,3320,41
"E","East Midlands","37","Nottinghamshire","37UF","Mansfield",,,12385,1260,10,7285,59,1620,13,990,8,275,2,720,6,235,2,0,0,6455,52,5930,48,1505,12,6105,49,4775,39
"E","East Midlands","37","Nottinghamshire","37UG","Newark and Sherwood",,,8930,870,10,4960,56,1250,14,755,8,230,3,535,6,330,4,0,0,4355,49,4575,51,1010,11,4305,48,3615,40
"E","East Midlands","37","Nottinghamshire","37UJ","Rushcliffe",,,5130,730,14,2705,53,510,10,375,7,115,2,410,8,285,6,0,0,2515,49,2615,51,480,9,2395,47,2255,44
"F","West Midlands",,,"00CN","Birmingham",,,130880,28955,22,57110,44,23930,18,8325,6,4610,4,5645,4,2305,2,0,0,66160,51,64720,49,19920,15,73350,56,37600,29
"F","West Midlands",,,"00CQ","Coventry",,,32565,5655,17,16175,50,5595,17,1820,6,940,3,1590,5,790,2,0,0,16135,50,16430,50,4430,14,17235,53,10895,33
"F","West Midlands",,,"00CR","Dudley",,,28485,5190,18,13480,47,3940,14,2375,8,910,3,1665,6,925,3,0,0,14630,51,13855,49,3495,12,13915,49,11075,39
"F","West Midlands",,,"00CS","Sandwell",,,36615,7005,19,16625,45,6180,17,2735,7,1365,4,1905,5,800,2,0,0,18335,50,18280,50,4900,13,18725,51,12985,35
"F","West Midlands",,,"00CT","Solihull",,,14700,2225,15,7295,50,2220,15,1070,7,365,2,925,6,600,4,0,0,6960,47,7740,53,1825,12,7135,49,5735,39
"F","West Midlands",,,"00CU","Walsall",,,28515,4955,17,13855,49,4290,15,2310,8,945,3,1435,5,725,3,0,0,14445,51,14070,49,4160,15,14130,50,10225,36
"F","West Midlands",,,"00CW","Wolverhampton",,,29740,5715,19,13750,46,5150,17,2125,7,980,3,1345,5,675,2,0,0,14700,49,15040,51,4305,14,15540,52,9895,33
"F","West Midlands",,,"00GA","Herefordshire, County of",,,11675,1495,13,5870,50,1640,14,965,8,310,3,865,7,530,5,0,0,5630,48,6045,52,1415,12,5760,49,4500,39
"F","West Midlands",,,"00GF","Telford and Wrekin",,,15660,1755,11,7945,51,2790,18,1360,9,345,2,1025,7,440,3,0,0,7115,45,8545,55,2105,13,8005,51,5550,35
"F","West Midlands",,,"00GL","Stoke-on-Trent",,,33325,3730,11,20360,61,4335,13,2005,6,735,2,1530,5,630,2,0,0,16895,51,16430,49,4370,13,16890,51,12065,36
"F","West Midlands","39","Shropshire","39UB","Bridgnorth",,,3050,350,11,1620,53,280,9,310,10,105,3,235,8,150,5,0,0,1575,52,1475,48,265,9,1265,41,1520,50
"F","West Midlands","39","Shropshire","39UC","North Shropshire",,,3835,430,11,2145,56,410,11,315,8,100,3,245,6,190,5,0,0,1850,48,1985,52,385,10,1825,48,1625,42
"F","West Midlands","39","Shropshire","39UD","Oswestry",,,2990,380,13,1640,55,320,11,245,8,85,3,190,6,130,4,0,0,1500,50,1490,50,430,14,1380,46,1180,39
"F","West Midlands","39","Shropshire","39UE","Shrewsbury and Atcham",,,6615,695,11,3720,56,815,12,475,7,175,3,495,7,240,4,0,0,3365,51,3250,49,700,11,3245,49,2670,40
"F","West Midlands","39","Shropshire","39UF","South Shropshire",,,2490,245,10,1370,55,265,11,245,10,80,3,175,7,110,4,0,0,1215,49,1275,51,200,8,1135,46,1155,46
"F","West Midlands","41","Staffordshire","41UB","Cannock Chase",,,8745,1095,13,4685,54,1020,12,880,10,210,2,590,7,265,3,0,0,4275,49,4470,51,1100,13,4090,47,3555,41
"F","West Midlands","41","Staffordshire","41UC","East Staffordshire",,,7800,1030,13,4000,51,1125,14,635,8,190,2,490,6,330,4,0,0,3725,48,4075,52,1045,13,3925,50,2830,36
"F","West Midlands","41","Staffordshire","41UD","Lichfield",,,6120,830,14,3095,51,700,11,595,10,145,2,470,8,285,5,0,0,3000,49,3120,51,655,11,2740,45,2725,45
"F","West Midlands","41","Staffordshire","41UE","Newcastle-under-Lyme",,,10855,1075,10,6650,61,1155,11,815,8,200,2,630,6,330,3,0,0,5455,50,5400,50,1205,11,5080,47,4570,42
"F","West Midlands","41","Staffordshire","41UF","South Staffordshire",,,6485,915,14,3210,49,690,11,635,10,185,3,500,8,350,5,0,0,3185,49,3300,51,625,10,2880,44,2980,46
"F","West Midlands","41","Staffordshire","41UG","Stafford",,,7985,1165,15,4340,54,795,10,605,8,190,2,560,7,330,4,0,0,4010,50,3975,50,925,12,3705,46,3355,42
"F","West Midlands","41","Staffordshire","41UH","Staffordshire Moorlands",,,7460,720,10,4780,64,580,8,555,7,115,2,405,5,305,4,0,0,3755,50,3705,50,615,8,3205,43,3640,49
"F","West Midlands","41","Staffordshire","41UK","Tamworth",,,6470,895,14,3140,49,980,15,565,9,150,2,505,8,235,4,0,0,2985,46,3485,54,840,13,3120,48,2510,39
"F","West Midlands","44","Warwickshire","44UB","North Warwickshire",,,4600,500,11,2485,54,535,12,430,9,95,2,365,8,190,4,0,0,2185,48,2415,53,450,10,2050,45,2100,46
"F","West Midlands","44","Warwickshire","44UC","Nuneaton and Bedworth",,,11185,1420,13,5895,53,1600,14,910,8,225,2,765,7,370,3,0,0,5380,48,5805,52,1275,11,5390,48,4520,40
"F","West Midlands","44","Warwickshire","44UD","Rugby",,,5525,875,16,2605,47,830,15,400,7,160,3,390,7,265,5,0,0,2585,47,2940,53,620,11,2745,50,2160,39
"F","West Midlands","44","Warwickshire","44UE","Stratford-on-Avon",,,5380,715,13,2605,48,605,11,470,9,145,3,485,9,355,7,0,0,2495,46,2885,54,535,10,2565,48,2280,42
"F","West Midlands","44","Warwickshire","44UF","Warwick",,,7305,1170,16,3680,50,1020,14,415,6,220,3,470,6,330,5,0,0,3600,49,3705,51,800,11,3820,52,2685,37
"F","West Midlands","47","Worcestershire","47UB","Bromsgrove",,,4690,700,15,2440,52,480,10,405,9,95,2,345,7,225,5,0,0,2290,49,2400,51,520,11,2230,48,1940,41
"F","West Midlands","47","Worcestershire","47UC","Malvern Hills",,,4295,410,10,2430,57,455,11,350,8,130,3,285,7,235,5,0,0,2110,49,2185,51,470,11,2035,47,1790,42
"F","West Midlands","47","Worcestershire","47UD","Redditch",,,6485,1015,16,3075,47,975,15,535,8,150,2,490,8,245,4,0,0,2960,46,3525,54,880,14,3225,50,2380,37
"F","West Midlands","47","Worcestershire","47UE","Worcester",,,6915,930,13,3555,51,1060,15,525,8,190,3,425,6,230,3,0,0,3330,48,3585,52,980,14,3605,52,2330,34
"F","West Midlands","47","Worcestershire","47UF","Wychavon",,,6295,840,13,3250,52,735,12,580,9,130,2,470,7,290,5,0,0,2995,48,3300,52,685,11,2975,47,2635,42
"F","West Midlands","47","Worcestershire","47UG","Wyre Forest",,,7790,1010,13,4160,53,1040,13,600,8,210,3,450,6,320,4,0,0,3815,49,3975,51,915,12,3690,47,3185,41
"G","East of England",,,"00JA","Peterborough",,,14550,1875,13,6765,46,3020,21,1050,7,510,4,920,6,410,3,0,0,6445,44,8105,56,2085,14,8045,55,4420,30
"G","East of England",,,"00KA","Luton",,,17240,3155,18,7610,44,3395,20,1130,7,655,4,810,5,485,3,0,0,8185,47,9055,53,2320,13,9670,56,5245,30
"G","East of England",,,"00KF","Southend-on-Sea",,,14905,2455,16,7135,48,2805,19,960,6,480,3,705,5,365,2,0,0,7190,48,7715,52,1860,12,8205,55,4840,32
"G","East of England",,,"00KG","Thurrock",,,11730,1540,13,5405,46,2425,21,905,8,370,3,705,6,380,3,0,0,5165,44,6565,56,1595,14,6255,53,3880,33
"G","East of England","09","Bedfordshire","09UC","Mid Bedfordshire",,,5435,825,15,2530,47,785,14,435,8,110,2,435,8,315,6,0,0,2365,44,3070,56,580,11,2815,52,2040,38
"G","East of England","09","Bedfordshire","09UD","Bedford",,,11150,1890,17,5105,46,2065,19,750,7,365,3,565,5,410,4,0,0,5135,46,6015,54,1400,13,6245,56,3505,31
"G","East of England","09","Bedfordshire","09UE","South Bedfordshire",,,7055,1010,14,3185,45,1435,20,460,7,155,2,510,7,300,4,0,0,3080,44,3975,56,935,13,3785,54,2335,33
"G","East of England","12","Cambridgeshire","12UB","Cambridge",,,6355,1050,17,3160,50,1085,17,295,5,185,3,395,6,185,3,0,0,3185,50,3170,50,835,13,3720,59,1800,28
"G","East of England","12","Cambridgeshire","12UC","East Cambridgeshire",,,3705,515,14,1735,47,525,14,320,9,130,4,280,8,200,5,0,0,1650,45,2055,55,385,10,1870,50,1450,39
"G","East of England","12","Cambridgeshire","12UD","Fenland",,,6905,750,11,3530,51,1060,15,595,9,225,3,485,7,260,4,0,0,3105,45,3800,55,805,12,3335,48,2765,40
"G","East of England","12","Cambridgeshire","12UE","Huntingdonshire",,,7915,1050,13,3675,46,1175,15,690,9,190,2,670,8,465,6,0,0,3455,44,4460,56,940,12,4075,51,2900,37
"G","East of England","12","Cambridgeshire","12UG","South Cambridgeshire",,,5315,690,13,2540,48,630,12,385,7,150,3,560,11,360,7,0,0,2455,46,2860,54,580,11,2780,52,1955,37
"G","East of England","22","Essex","22UB","Basildon",,,14825,1650,11,6860,46,3340,23,1135,8,475,3,865,6,500,3,0,0,6285,42,8540,58,1990,13,8210,55,4625,31
"G","East of England","22","Essex","22UC","Braintree",,,8065,1125,14,4000,50,1235,15,650,8,185,2,515,6,355,4,0,0,3600,45,4465,55,890,11,4265,53,2910,36
"G","East of England","22","Essex","22UD","Brentwood",,,3580,405,11,1810,51,550,15,250,7,135,4,240,7,190,5,0,0,1605,45,1975,55,340,9,1860,52,1380,39
"G","East of England","22","Essex","22UE","Castle Point",,,5910,700,12,2855,48,940,16,555,9,185,3,395,7,280,5,0,0,2645,45,3265,55,595,10,2810,48,2505,42
"G","East of England","22","Essex","22UF","Chelmsford",,,8075,1180,15,3700,46,1320,16,615,8,180,2,635,8,445,6,0,0,3555,44,4520,56,930,12,4345,54,2800,35
"G","East of England","22","Essex","22UG","Colchester",,,10620,1250,12,5570,52,1690,16,720,7,265,2,735,7,390,4,0,0,4945,47,5675,53,1310,12,5690,54,3615,34
"G","East of England","22","Essex","22UH","Epping Forest",,,7380,1070,14,3415,46,1375,19,510,7,200,3,460,6,350,5,0,0,3290,45,4090,55,750,10,3930,53,2700,37
"G","East of England","22","Essex","22UJ","Harlow",,,6595,1000,15,2935,45,1420,22,425,6,210,3,390,6,215,3,0,0,2885,44,3710,56,920,14,3755,57,1920,29
"G","East of England","22","Essex","22UK","Maldon",,,3500,435,12,1735,50,505,14,310,9,80,2,220,6,215,6,0,0,1580,45,1920,55,340,10,1720,49,1440,41
"G","East of England","22","Essex","22UL","Rochford",,,4180,545,13,2060,49,540,13,365,9,110,3,305,7,255,6,0,0,1915,46,2265,54,375,9,2090,50,1715,41
"G","East of England","22","Essex","22UN","Tendring",,,12680,1640,13,6935,55,1725,14,975,8,365,3,675,5,365,3,0,0,6465,51,6215,49,1285,10,5965,47,5430,43
"G","East of England","22","Essex","22UQ","Uttlesford",,,2645,365,14,1285,49,350,13,225,9,30,1,210,8,180,7,0,0,1190,45,1455,55,210,8,1345,51,1090,41
"G","East of England","26","Hertfordshire","26UB","Broxbourne",,,5860,830,14,2595,44,1210,21,425,7,145,2,385,7,270,5,0,0,2435,42,3425,58,705,12,3255,56,1900,32
"G","East of England","26","Hertfordshire","26UC","Dacorum",,,7585,1300,17,3390,45,1345,18,525,7,155,2,530,7,340,4,0,0,3435,45,4150,55,985,13,4135,55,2465,32
"G","East of England","26","Hertfordshire","26UD","East Hertfordshire",,,5355,715,13,2565,48,725,14,455,8,105,2,455,8,335,6,0,0,2350,44,3005,56,560,10,2860,53,1935,36
"G","East of England","26","Hertfordshire","26UE","Hertsmere",,,5430,850,16,2435,45,1085,20,340,6,155,3,325,6,240,4,0,0,2380,44,3050,56,620,11,3000,55,1810,33
"G","East of England","26","Hertfordshire","26UF","North Hertfordshire",,,6145,940,15,2810,46,1070,17,440,7,180,3,410,7,295,5,0,0,2695,44,3450,56,700,11,3305,54,2140,35
"G","East of England","26","Hertfordshire","26UG","St Albans",,,5925,750,13,2915,49,915,15,430,7,140,2,455,8,320,5,0,0,2670,45,3255,55,605,10,3260,55,2060,35
"G","East of England","26","Hertfordshire","26UH","Stevenage",,,5880,750,13,2655,45,1280,22,455,8,150,3,390,7,200,3,0,0,2590,44,3290,56,835,14,3365,57,1680,29
"G","East of England","26","Hertfordshire","26UJ","Three Rivers",,,3955,520,13,1815,46,740,19,280,7,105,3,280,7,215,5,0,0,1730,44,2225,56,435,11,2090,53,1430,36
"G","East of England","26","Hertfordshire","26UK","Watford",,,5055,805,16,2340,46,915,18,315,6,160,3,325,6,195,4,0,0,2350,46,2705,54,620,12,2855,56,1580,31
"G","East of England","26","Hertfordshire","26UL","Welwyn Hatfield",,,5790,725,13,2815,49,1125,19,375,6,140,2,345,6,265,5,0,0,2560,44,3230,56,745,13,3280,57,1765,30
"G","East of England","33","Norfolk","33UB","Breckland",,,7870,875,11,4065,52,1045,13,755,10,220,3,590,7,320,4,0,0,3645,46,4225,54,845,11,3775,48,3250,41
"G","East of England","33","Norfolk","33UC","Broadland",,,6540,710,11,3595,55,695,11,565,9,170,3,495,8,310,5,0,0,3085,47,3455,53,620,9,3150,48,2770,42
"G","East of England","33","Norfolk","33UD","Great Yarmouth",,,11025,2490,23,5165,47,1405,13,845,8,385,3,495,4,240,2,0,0,5790,53,5235,47,1565,14,5415,49,4040,37
"G","East of England","33","Norfolk","33UE","King's Lynn and West Norfolk",,,10845,1315,12,5855,54,1390,13,970,9,305,3,670,6,340,3,0,0,5285,49,5560,51,1210,11,5195,48,4440,41
"G","East of England","33","Norfolk","33UF","North Norfolk",,,7135,895,13,3980,56,780,11,590,8,220,3,400,6,270,4,0,0,3690,52,3445,48,725,10,3355,47,3055,43
"G","East of England","33","Norfolk","33UG","Norwich",,,13120,2255,17,6610,50,2250,17,735,6,420,3,610,5,240,2,0,0,6660,51,6460,49,1905,15,7355,56,3860,29
"G","East of England","33","Norfolk","33UH","South Norfolk",,,5940,700,12,3215,54,620,10,500,8,150,3,405,7,350,6,0,0,2800,47,3140,53,585,10,2805,47,2550,43
"G","East of England","42","Suffolk","42UB","Babergh",,,4495,610,14,2140,48,580,13,410,9,145,3,380,8,230,5,0,0,2070,46,2425,54,480,11,2185,49,1830,41
"G","East of England","42","Suffolk","42UC","Forest Heath",,,2695,335,12,1265,47,410,15,225,8,105,4,230,9,125,5,0,0,1225,45,1470,55,305,11,1325,49,1065,40
"G","East of England","42","Suffolk","42UD","Ipswich",,,10965,2195,20,4635,42,1900,17,935,9,345,3,705,6,250,2,0,0,5320,49,5645,51,1650,15,5975,54,3340,30
"G","East of England","42","Suffolk","42UE","Mid Suffolk",,,4110,535,13,2010,49,525,13,405,10,80,2,320,8,235,6,0,0,1840,45,2270,55,490,12,1950,47,1670,41
"G","East of England","42","Suffolk","42UF","St Edmundsbury",,,5415,680,13,2650,49,725,13,475,9,175,3,450,8,260,5,0,0,2430,45,2985,55,625,12,2790,52,2000,37
"G","East of England","42","Suffolk","42UG","Suffolk Coastal",,,6260,810,13,2960,47,835,13,685,11,200,3,465,7,305,5,0,0,2915,47,3345,53,610,10,3040,49,2610,42
"G","East of England","42","Suffolk","42UH","Waveney",,,10850,2025,19,5020,46,1560,14,980,9,340,3,630,6,295,3,0,0,5335,49,5515,51,1380,13,5455,50,4015,37
"H","London",,,"00AA","City of London",,,425,120,28,200,47,30,7,15,4,25,6,20,5,15,4,0,0,260,61,165,39,50,12,235,55,140,33
"H","London",,,"00AB","Barking and Dagenham",,,20895,3395,16,8820,42,5390,26,1240,6,615,3,1110,5,325,2,0,0,9005,43,11890,57,3140,15,12160,58,5595,27
"H","London",,,"00AC","Barnet",,,24115,5055,21,9840,41,5215,22,1315,5,820,3,1125,5,745,3,0,0,10835,45,13280,55,2770,11,14480,60,6865,28
"H","London",,,"00AD","Bexley",,,15420,2535,16,6445,42,3450,22,1055,7,430,3,925,6,580,4,0,0,6610,43,8810,57,1825,12,8390,54,5205,34
"H","London",,,"00AE","Brent",,,30160,6725,22,12920,43,6485,22,1160,4,1235,4,1055,3,580,2,0,0,14645,49,15515,51,3365,11,18565,62,8220,27
"H","London",,,"00AF","Bromley",,,19185,3530,18,8120,42,4065,21,1085,6,555,3,1035,5,795,4,0,0,8735,46,10450,54,2310,12,10860,57,6015,31
"H","London",,,"00AG","Camden",,,25220,5405,21,12400,49,4505,18,855,3,1070,4,700,3,285,1,0,0,12975,51,12245,49,2730,11,16005,63,6470,26
"H","London",,,"00AH","Croydon",,,28515,5375,19,11315,40,7395,26,1285,5,985,3,1340,5,820,3,0,0,12395,43,16120,57,3865,14,16910,59,7730,27
"H","London",,,"00AJ","Ealing",,,29245,5640,19,13265,45,5910,20,1280,4,1190,4,1235,4,725,2,0,0,13960,48,15285,52,3380,12,17150,59,8710,30
"H","London",,,"00AK","Enfield",,,28495,5595,20,11765,41,6640,23,1240,4,1465,5,1115,4,675,2,0,0,12955,45,15540,55,3980,14,16735,59,7775,27
"H","London",,,"00AL","Greenwich",,,26540,5215,20,10615,40,7030,26,1260,5,920,3,1055,4,445,2,0,0,11670,44,14870,56,4040,15,15600,59,6895,26
"H","London",,,"00AM","Hackney",,,33185,7235,22,13990,42,8020,24,1100,3,1720,5,885,3,235,1,0,0,15800,48,17385,52,4300,13,21115,64,7755,23
"H","London",,,"00AN","Hammersmith and Fulham",,,18380,4090,22,8090,44,4005,22,550,3,820,4,585,3,240,1,0,0,9005,49,9375,51,2160,12,11465,62,4740,26
"H","London",,,"00AP","Haringey",,,30770,7110,23,12350,40,7570,25,915,3,1585,5,840,3,400,1,0,0,14365,47,16405,53,4160,14,19545,64,7055,23
"H","London",,,"00AQ","Harrow",,,15515,2900,19,6725,43,2895,19,965,6,490,3,915,6,625,4,0,0,7000,45,8515,55,1790,12,8870,57,4855,31
"H","London",,,"00AR","Havering",,,16320,2185,13,7780,48,3010,18,1235,8,410,3,1065,7,635,4,0,0,7250,44,9070,56,1760,11,8640,53,5920,36
"H","London",,,"00AS","Hillingdon",,,19540,3395,17,8190,42,4560,23,1025,5,725,4,960,5,685,4,0,0,8470,43,11070,57,2740,14,11010,56,5790,30
"H","London",,,"00AT","Hounslow",,,19900,2870,14,9155,46,4485,23,915,5,905,5,1000,5,570,3,0,0,8750,44,11150,56,2455,12,11380,57,6050,30
"H","London",,,"00AU","Islington",,,27740,5815,21,12690,46,6200,22,885,3,1150,4,765,3,235,1,0,0,13185,48,14555,52,3350,12,17620,64,6765,24
"H","London",,,"00AW","Kensington and Chelsea",,,12875,2745,21,6265,49,2290,18,385,3,590,5,400,3,200,2,0,0,6455,50,6420,50,1150,9,7920,62,3805,30
"H","London",,,"00AX","Kingston upon Thames",,,7915,1565,20,3480,44,1515,19,390,5,250,3,390,5,325,4,0,0,3715,47,4200,53,955,12,4410,56,2550,32
"H","London",,,"00AY","Lambeth",,,35045,9175,26,13510,39,8780,25,800,2,1510,4,855,2,415,1,0,0,17075,49,17970,51,4610,13,22595,64,7835,22
"H","London",,,"00AZ","Lewisham",,,29760,6940,23,11625,39,7620,26,1035,3,1140,4,990,3,410,1,0,0,13870,47,15890,53,4215,14,18365,62,7180,24
"H","London",,,"00BA","Merton",,,12465,2770,22,5085,41,2630,21,570,5,435,3,615,5,360,3,0,0,5760,46,6705,54,1585,13,7050,57,3825,31
"H","London",,,"00BB","Newham",,,34510,6500,19,14030,41,8800,25,1855,5,1385,4,1455,4,485,1,0,0,15550,45,18960,55,4615,13,21325,62,8555,25
"H","London",,,"00BC","Redbridge",,,20295,3470,17,9190,45,3800,19,1370,7,675,3,1150,6,640,3,0,0,9310,46,10985,54,2220,11,11515,57,6555,32
"H","London",,,"00BD","Richmond upon Thames",,,8780,1835,21,3965,45,1475,17,390,4,290,3,445,5,380,4,0,0,4135,47,4645,53,890,10,4900,56,2990,34
"H","London",,,"00BE","Southwark",,,34120,8685,25,13060,38,8795,26,1075,3,1240,4,915,3,350,1,0,0,16005,47,18115,53,4660,14,21585,63,7870,23
"H","London",,,"00BF","Sutton",,,11455,1835,16,5095,44,2345,20,745,7,275,2,645,6,515,4,0,0,4965,43,6490,57,1360,12,6430,56,3665,32
"H","London",,,"00BG","Tower Hamlets",,,30305,7710,25,12075,40,5850,19,1750,6,1780,6,860,3,280,1,0,0,15690,52,14615,48,4315,14,18770,62,7210,24
"H","London",,,"00BH","Waltham Forest",,,25330,5635,22,10320,41,5620,22,1285,5,985,4,1050,4,435,2,0,0,12060,48,13270,52,3370,13,15090,60,6860,27
"H","London",,,"00BJ","Wandsworth",,,22525,5110,23,9535,42,4720,21,870,4,920,4,875,4,495,2,0,0,10835,48,11690,52,2695,12,13550,60,6275,28
"H","London",,,"00BK","Westminster",,,19875,3935,20,10105,51,3385,17,795,4,765,4,640,3,250,1,0,0,10175,51,9700,49,1960,10,12555,63,5350,27
"J","South East",,,"00LC","Medway",,,20160,3550,18,8405,42,4185,21,1510,7,575,3,1195,6,740,4,0,0,9170,45,10990,55,2835,14,10865,54,6460,32
"J","South East",,,"00MA","Bracknell Forest",,,5405,935,17,2425,45,975,18,320,6,165,3,325,6,260,5,0,0,2550,47,2855,53,730,14,3035,56,1640,30
"J","South East",,,"00MB","West Berkshire",,,6380,930,15,2935,46,1075,17,470,7,150,2,420,7,400,6,0,0,2890,45,3490,55,770,12,3445,54,2165,34
"J","South East",,,"00MC","Reading",,,10185,2030,20,4250,42,2275,22,475,5,400,4,465,5,290,3,0,0,4785,47,5400,53,1610,16,5835,57,2740,27
"J","South East",,,"00MD","Slough",,,9965,1950,20,4185,42,2145,22,520,5,410,4,450,5,305,3,0,0,4670,47,5295,53,1285,13,5710,57,2965,30
"J","South East",,,"00ME","Windsor and Maidenhead",,,5935,1210,20,2440,41,930,16,365,6,185,3,390,7,415,7,0,0,2755,46,3180,54,680,11,3115,52,2140,36
"J","South East",,,"00MF","Wokingham",,,5245,950,18,2325,44,620,12,405,8,115,2,455,9,375,7,0,0,2445,47,2800,53,635,12,2735,52,1875,36
"J","South East",,,"00MG","Milton Keynes",,,16075,2390,15,7440,46,3270,20,970,6,380,2,1085,7,540,3,0,0,6965,43,9110,57,2065,13,8955,56,5055,31
"J","South East",,,"00ML","Brighton and Hove",,,24245,4300,18,12695,52,3870,16,1170,5,620,3,1065,4,525,2,0,0,12555,52,11690,48,2435,10,14575,60,7235,30
"J","South East",,,"00MR","Portsmouth",,,15210,2105,14,7360,48,3160,21,885,6,535,4,710,5,455,3,0,0,7305,48,7905,52,1915,13,8290,55,5005,33
"J","South East",,,"00MS","Southampton",,,19745,2805,14,9595,49,3905,20,1180,6,655,3,1105,6,500,3,0,0,9470,48,10275,52,2755,14,10830,55,6160,31
"J","South East",,,"00MW","Isle of Wight",,,12440,1890,15,6500,52,1740,14,900,7,375,3,580,5,455,4,0,0,6370,51,6070,49,1435,12,6035,49,4970,40
"J","South East","11","Buckinghamshire","11UB","Aylesbury Vale",,,7855,1040,13,3740,48,1180,15,675,9,175,2,610,8,435,6,0,0,3555,45,4300,55,875,11,4240,54,2740,35
"J","South East","11","Buckinghamshire","11UC","Chiltern",,,3690,600,16,1750,47,520,14,255,7,90,2,240,7,235,6,0,0,1740,47,1950,53,390,11,1930,52,1370,37
"J","South East","11","Buckinghamshire","11UE","South Bucks",,,2500,410,16,1070,43,445,18,190,8,65,3,150,6,170,7,0,0,1060,42,1440,58,240,10,1320,53,940,38
"J","South East","11","Buckinghamshire","11UF","Wycombe",,,8200,1620,20,3330,41,1440,18,630,8,250,3,525,6,405,5,0,0,3765,46,4435,54,1070,13,4505,55,2620,32
"J","South East","21","East Sussex","21UC","Eastbourne",,,7550,1155,15,3930,52,1280,17,420,6,190,3,345,5,230,3,0,0,3690,49,3860,51,870,12,4055,54,2625,35
"J","South East","21","East Sussex","21UD","Hastings",,,10380,1695,16,5395,52,1800,17,560,5,305,3,430,4,195,2,0,0,5285,51,5095,49,1330,13,5615,54,3430,33
"J","South East","21","East Sussex","21UF","Lewes",,,5695,780,14,2885,51,865,15,415,7,140,2,360,6,250,4,0,0,2695,47,3000,53,640,11,2800,49,2255,40
"J","South East","21","East Sussex","21UG","Rother",,,5850,705,12,3095,53,865,15,410,7,150,3,360,6,265,5,0,0,2765,47,3085,53,595,10,2815,48,2440,42
"J","South East","21","East Sussex","21UH","Wealden",,,6395,700,11,3360,53,850,13,520,8,160,3,400,6,405,6,0,0,2910,46,3485,54,625,10,3095,48,2675,42
"J","South East","24","Hampshire","24UB","Basingstoke and Deane",,,7460,935,13,3545,48,1340,18,520,7,175,2,540,7,405,5,0,0,3135,42,4325,58,925,12,4040,54,2490,33
"J","South East","24","Hampshire","24UC","East Hampshire",,,4820,615,13,2300,48,715,15,385,8,135,3,365,8,305,6,0,0,2155,45,2665,55,630,13,2510,52,1680,35
"J","South East","24","Hampshire","24UD","Eastleigh",,,5750,660,11,2890,50,825,14,455,8,125,2,470,8,325,6,0,0,2560,45,3190,55,600,10,2925,51,2225,39
"J","South East","24","Hampshire","24UE","Fareham",,,4615,535,12,2260,49,635,14,405,9,100,2,390,8,290,6,0,0,2100,46,2515,54,470,10,2305,50,1840,40
"J","South East","24","Hampshire","24UF","Gosport",,,5040,445,9,2395,48,1000,20,425,8,155,3,380,8,240,5,0,0,2140,42,2900,58,740,15,2645,52,1655,33
"J","South East","24","Hampshire","24UG","Hart",,,2650,430,16,1090,41,390,15,225,8,45,2,250,9,220,8,0,0,1130,43,1520,57,315,12,1365,52,970,37
"J","South East","24","Hampshire","24UH","Havant",,,9050,1130,12,4245,47,1715,19,800,9,265,3,565,6,330,4,0,0,4140,46,4910,54,1220,13,4630,51,3200,35
"J","South East","24","Hampshire","24UJ","New Forest",,,9045,835,9,4670,52,1325,15,830,9,265,3,620,7,500,6,0,0,4175,46,4870,54,985,11,4490,50,3570,39
"J","South East","24","Hampshire","24UL","Rushmoor",,,4640,710,15,2140,46,875,19,305,7,120,3,300,6,190,4,0,0,2040,44,2600,56,560,12,2700,58,1380,30
"J","South East","24","Hampshire","24UN","Test Valley",,,5065,490,10,2500,49,745,15,475,9,130,3,425,8,300,6,0,0,2195,43,2870,57,590,12,2575,51,1900,38
"J","South East","24","Hampshire","24UP","Winchester",,,4430,525,12,2230,50,560,13,305,7,155,3,345,8,310,7,0,0,2165,49,2265,51,500,11,2320,52,1610,36
"J","South East","29","Kent","29UB","Ashford",,,6810,800,12,3280,48,1185,17,510,7,205,3,500,7,330,5,0,0,3125,46,3685,54,870,13,3490,51,2450,36
"J","South East","29","Kent","29UC","Canterbury",,,9720,1255,13,4875,50,1550,16,770,8,300,3,580,6,390,4,0,0,4645,48,5075,52,1170,12,4880,50,3670,38
"J","South East","29","Kent","29UD","Dartford",,,5865,930,16,2670,46,1130,19,440,8,125,2,335,6,235,4,0,0,2630,45,3235,55,700,12,3205,55,1960,33
"J","South East","29","Kent","29UE","Dover",,,9215,1265,14,4675,51,1520,16,685,7,245,3,490,5,335,4,0,0,4620,50,4595,50,1105,12,4625,50,3485,38
"J","South East","29","Kent","29UG","Gravesham",,,7685,1370,18,3430,45,1400,18,545,7,230,3,410,5,300,4,0,0,3630,47,4055,53,975,13,4065,53,2645,34
"J","South East","29","Kent","29UH","Maidstone",,,8510,1160,14,4060,48,1515,18,605,7,225,3,565,7,380,4,0,0,3965,47,4545,53,1100,13,4465,52,2945,35
"J","South East","29","Kent","29UK","Sevenoaks",,,5480,710,13,2550,47,965,18,430,8,120,2,385,7,320,6,0,0,2440,45,3040,55,595,11,2855,52,2030,37
"J","South East","29","Kent","29UL","Shepway",,,8820,1315,15,4455,51,1425,16,570,6,330,4,430,5,295,3,0,0,4425,50,4395,50,1080,12,4520,51,3220,37
"J","South East","29","Kent","29UM","Swale",,,10880,1475,14,5260,48,1960,18,870,8,320,3,655,6,340,3,0,0,5210,48,5670,52,1520,14,5460,50,3900,36
"J","South East","29","Kent","29UN","Thanet",,,13805,2420,18,6625,48,2245,16,970,7,515,4,655,5,375,3,0,0,6965,50,6840,50,1785,13,6875,50,5145,37
"J","South East","29","Kent","29UP","Tonbridge and Malling",,,5520,705,13,2610,47,915,17,460,8,140,3,395,7,295,5,0,0,2515,46,3005,54,670,12,2875,52,1975,36
"J","South East","29","Kent","29UQ","Tunbridge Wells",,,5390,675,13,2640,49,975,18,360,7,160,3,320,6,260,5,0,0,2525,47,2865,53,675,13,2955,55,1760,33
"J","South East","38","Oxfordshire","38UB","Cherwell",,,6525,720,11,3305,51,1100,17,460,7,155,2,490,8,295,5,0,0,2910,45,3615,55,845,13,3495,54,2180,33
"J","South East","38","Oxfordshire","38UC","Oxford",,,9205,1425,15,4410,48,1880,20,455,5,350,4,435,5,250,3,0,0,4460,48,4745,52,1345,15,5330,58,2530,27
"J","South East","38","Oxfordshire","38UD","South Oxfordshire",,,5115,700,14,2355,46,805,16,390,8,100,2,415,8,350,7,0,0,2285,45,2830,55,550,11,2725,53,1840,36
"J","South East","38","Oxfordshire","38UE","Vale of White Horse",,,4665,555,12,2265,49,690,15,380,8,75,2,405,9,295,6,0,0,2060,44,2605,56,540,12,2475,53,1650,35
"J","South East","38","Oxfordshire","38UF","West Oxfordshire",,,3735,360,10,1835,49,525,14,315,8,100,3,340,9,260,7,0,0,1675,45,2060,55,410,11,1920,51,1405,38
"J","South East","43","Surrey","43UB","Elmbridge",,,4900,815,17,2155,44,900,18,310,6,115,2,320,7,285,6,0,0,2250,46,2650,54,580,12,2685,55,1635,33
"J","South East","43","Surrey","43UC","Epsom and Ewell",,,3090,425,14,1565,51,445,14,200,6,55,2,230,7,170,6,0,0,1435,46,1655,54,320,10,1635,53,1135,37
"J","South East","43","Surrey","43UD","Guildford",,,5525,875,16,2565,46,925,17,355,6,115,2,375,7,315,6,0,0,2520,46,3005,54,715,13,3030,55,1780,32
"J","South East","43","Surrey","43UE","Mole Valley",,,3215,355,11,1605,50,435,14,240,7,75,2,275,9,230,7,0,0,1535,48,1680,52,270,8,1705,53,1240,39
"J","South East","43","Surrey","43UF","Reigate and Banstead",,,5745,650,11,2870,50,985,17,355,6,140,2,420,7,325,6,0,0,2635,46,3110,54,625,11,3110,54,2010,35
"J","South East","43","Surrey","43UG","Runnymede",,,3225,485,15,1520,47,530,16,195,6,70,2,235,7,190,6,0,0,1495,46,1730,54,295,9,1725,53,1205,37
"J","South East","43","Surrey","43UH","Spelthorne",,,4755,715,15,2140,45,930,20,305,6,135,3,300,6,230,5,0,0,2125,45,2630,55,545,11,2580,54,1630,34
"J","South East","43","Surrey","43UJ","Surrey Heath",,,2880,445,15,1200,42,470,16,270,9,50,2,215,7,230,8,0,0,1300,45,1580,55,355,12,1530,53,995,35
"J","South East","43","Surrey","43UK","Tandridge",,,3420,345,10,1745,51,505,15,260,8,65,2,260,8,240,7,0,0,1555,45,1865,55,395,12,1675,49,1350,39
"J","South East","43","Surrey","43UL","Waverley",,,4555,595,13,2250,49,620,14,305,7,100,2,350,8,335,7,0,0,2080,46,2475,54,475,10,2365,52,1715,38
"J","South East","43","Surrey","43UM","Woking",,,4140,605,15,1920,46,685,17,300,7,135,3,275,7,220,5,0,0,1825,44,2315,56,515,12,2220,54,1405,34
"J","South East","45","West Sussex","45UB","Adur",,,4040,435,11,2060,51,720,18,285,7,105,3,260,6,175,4,0,0,1770,44,2270,56,430,11,2020,50,1590,39
"J","South East","45","West Sussex","45UC","Arun",,,8935,810,9,4900,55,1425,16,650,7,250,3,485,5,415,5,0,0,4235,47,4700,53,840,9,4360,49,3735,42
"J","South East","45","West Sussex","45UD","Chichester",,,5230,650,12,2535,48,815,16,415,8,175,3,345,7,295,6,0,0,2515,48,2715,52,550,11,2595,50,2085,40
"J","South East","45","West Sussex","45UE","Crawley",,,6410,785,12,3075,48,1385,22,370,6,180,3,370,6,245,4,0,0,2755,43,3655,57,875,14,3560,56,1975,31
"J","South East","45","West Sussex","45UF","Horsham",,,4900,695,14,2330,48,765,16,380,8,115,2,325,7,290,6,0,0,2185,45,2715,55,565,12,2575,53,1760,36
"J","South East","45","West Sussex","45UG","Mid Sussex",,,5090,535,11,2580,51,800,16,325,6,120,2,365,7,365,7,0,0,2255,44,2835,56,560,11,2695,53,1835,36
"J","South East","45","West Sussex","45UH","Worthing",,,6605,595,9,3785,57,1010,15,420,6,180,3,345,5,270,4,0,0,3200,48,3405,52,685,10,3505,53,2410,36
"K","South West",,,"00HA","Bath and North East Somerset",,,9430,1085,12,4910,52,1555,16,630,7,265,3,575,6,410,4,0,0,4510,48,4920,52,1105,12,5060,54,3265,35
"K","South West",,,"00HB","Bristol, City of",,,38285,5230,14,20065,52,7180,19,2210,6,1085,3,1670,4,845,2,0,0,18990,50,19295,50,5050,13,22120,58,11105,29
"K","South West",,,"00HC","North Somerset",,,13125,1220,9,7665,58,1690,13,975,7,310,2,745,6,520,4,0,0,6535,50,6590,50,1360,10,6740,51,5025,38
"K","South West",,,"00HD","South Gloucestershire",,,12905,1395,11,6540,51,1990,15,1135,9,250,2,960,7,635,5,0,0,5910,46,6995,54,1350,10,6635,51,4920,38
"K","South West",,,"00HG","Plymouth",,,26035,3265,13,14200,55,3625,14,1975,8,765,3,1555,6,650,2,0,0,13155,51,12880,49,3335,13,13615,52,9085,35
"K","South West",,,"00HH","Torbay",,,13930,1860,13,7625,55,1875,13,1090,8,400,3,725,5,355,3,0,0,7165,51,6765,49,1455,10,7065,51,5410,39
"K","South West",,,"00HN","Bournemouth",,,14135,1560,11,8445,60,2070,15,655,5,465,3,600,4,340,2,0,0,7520,53,6615,47,1355,10,7980,56,4800,34
"K","South West",,,"00HP","Poole",,,8840,820,9,4785,54,1495,17,625,7,235,3,525,6,355,4,0,0,4070,46,4770,54,990,11,4510,51,3340,38
"K","South West",,,"00HX","Swindon",,,12685,1940,15,6125,48,2285,18,790,6,315,2,810,6,420,3,0,0,5755,45,6930,55,1635,13,6900,54,4150,33
"K","South West","15","Cornwall and Isles of Scilly","15UB","Caradon",,,6090,795,13,3205,53,680,11,585,10,170,3,415,7,240,4,0,0,2965,49,3125,51,625,10,2740,45,2725,45
"K","South West","15","Cornwall and Isles of Scilly","15UC","Carrick",,,6820,1000,15,3570,52,810,12,590,9,160,2,420,6,270,4,0,0,3430,50,3390,50,755,11,3325,49,2740,40
"K","South West","15","Cornwall and Isles of Scilly","15UD","Kerrier",,,9160,1210,13,4960,54,1060,12,830,9,275,3,525,6,300,3,0,0,4750,52,4410,48,960,10,4385,48,3810,42
"K","South West","15","Cornwall and Isles of Scilly","15UE","North Cornwall",,,6645,965,15,3490,53,750,11,610,9,185,3,400,6,245,4,0,0,3300,50,3345,50,700,11,3135,47,2810,42
"K","South West","15","Cornwall and Isles of Scilly","15UF","Penwith",,,6675,1050,16,3590,54,775,12,525,8,200,3,360,5,175,3,0,0,3510,53,3165,47,715,11,3110,47,2850,43
"K","South West","15","Cornwall and Isles of Scilly","15UG","Restormel",,,8820,1235,14,4545,52,1070,12,845,10,315,4,495,6,315,4,0,0,4455,51,4365,49,1020,12,4245,48,3555,40
"K","South West","15","Cornwall and Isles of Scilly","15UH","Isles of Scilly",,,70,15,21,30,43,5,7,5,7,0,0,5,7,10,14,0,0,30,43,40,57,5,7,30,43,35,50
"K","South West","18","Devon","18UB","East Devon",,,6985,710,10,3875,55,785,11,635,9,170,2,405,6,405,6,0,0,3355,48,3630,52,630,9,3260,47,3095,44
"K","South West","18","Devon","18UC","Exeter",,,8670,1060,12,4780,55,1225,14,545,6,240,3,540,6,280,3,0,0,4340,50,4330,50,1075,12,4730,55,2865,33
"K","South West","18","Devon","18UD","Mid Devon",,,4425,420,9,2415,55,590,13,390,9,105,2,285,6,220,5,0,0,2160,49,2265,51,495,11,2210,50,1720,39
"K","South West","18","Devon","18UE","North Devon",,,7355,990,13,3805,52,980,13,655,9,220,3,435,6,270,4,0,0,3665,50,3690,50,840,11,3565,48,2950,40
"K","South West","18","Devon","18UG","South Hams",,,5225,605,12,2850,55,625,12,440,8,125,2,355,7,225,4,0,0,2485,48,2740,52,470,9,2540,49,2215,42
"K","South West","18","Devon","18UH","Teignbridge",,,8495,900,11,4690,55,1050,12,725,9,230,3,530,6,370,4,0,0,4270,50,4225,50,780,9,3985,47,3730,44
"K","South West","18","Devon","18UK","Torridge",,,5130,935,18,2600,51,530,10,480,9,135,3,250,5,200,4,0,0,2720,53,2410,47,500,10,2355,46,2275,44
"K","South West","18","Devon","18UL","West Devon",,,3160,335,11,1765,56,370,12,260,8,90,3,195,6,145,5,0,0,1560,49,1600,51,355,11,1455,46,1350,43
"K","South West","19","Dorset","19UC","Christchurch",,,2695,235,9,1430,53,395,15,235,9,80,3,170,6,150,6,0,0,1250,46,1445,54,265,10,1280,47,1150,43
"K","South West","19","Dorset","19UD","East Dorset",,,3815,385,10,1970,52,460,12,370,10,115,3,290,8,225,6,0,0,1725,45,2090,55,385,10,1750,46,1680,44
"K","South West","19","Dorset","19UE","North Dorset",,,3035,280,9,1610,53,390,13,310,10,75,2,220,7,150,5,0,0,1360,45,1675,55,305,10,1500,49,1230,41
"K","South West","19","Dorset","19UG","Purbeck",,,2360,190,8,1325,56,320,14,195,8,55,2,165,7,110,5,0,0,1085,46,1275,54,205,9,1130,48,1025,43
"K","South West","19","Dorset","19UH","West Dorset",,,5325,430,8,3110,58,595,11,400,8,145,3,380,7,265,5,0,0,2630,49,2695,51,480,9,2610,49,2235,42
"K","South West","19","Dorset","19UJ","Weymouth and Portland",,,5795,590,10,3320,57,780,13,405,7,190,3,310,5,200,3,0,0,2910,50,2885,50,730,13,2805,48,2260,39
"K","South West","23","Gloucestershire","23UB","Cheltenham",,,7095,1205,17,3485,49,1175,17,405,6,190,3,370,5,265,4,0,0,3550,50,3545,50,945,13,3860,54,2290,32
"K","South West","23","Gloucestershire","23UC","Cotswold",,,3370,455,14,1710,51,435,13,250,7,75,2,250,7,195,6,0,0,1525,45,1845,55,380,11,1645,49,1345,40
"K","South West","23","Gloucestershire","23UD","Forest of Dean",,,5725,740,13,3045,53,625,11,475,8,220,4,370,6,250,4,0,0,2790,49,2935,51,615,11,2675,47,2430,42
"K","South West","23","Gloucestershire","23UE","Gloucester",,,9200,1480,16,4580,50,1510,16,570,6,305,3,495,5,260,3,0,0,4575,50,4625,50,1270,14,4905,53,3025,33
"K","South West","23","Gloucestershire","23UF","Stroud",,,5870,880,15,3060,52,695,12,435,7,145,2,355,6,300,5,0,0,2860,49,3010,51,710,12,2925,50,2235,38
"K","South West","23","Gloucestershire","23UG","Tewkesbury",,,4045,565,14,1895,47,655,16,320,8,85,2,300,7,225,6,0,0,1860,46,2185,54,510,13,1955,48,1580,39
"K","South West","40","Somerset","40UB","Mendip",,,6485,775,12,3425,53,900,14,430,7,200,3,470,7,285,4,0,0,3120,48,3365,52,690,11,3430,53,2365,36
"K","South West","40","Somerset","40UC","Sedgemoor",,,8185,955,12,4470,55,1110,14,615,8,215,3,525,6,295,4,0,0,4045,49,4140,51,935,11,3925,48,3325,41
"K","South West","40","Somerset","40UD","South Somerset",,,8535,785,9,4715,55,1010,12,775,9,210,2,635,7,405,5,0,0,4090,48,4445,52,1015,12,4085,48,3430,40
"K","South West","40","Somerset","40UE","Taunton Deane",,,6970,630,9,3955,57,965,14,540,8,165,2,410,6,305,4,0,0,3345,48,3625,52,800,11,3545,51,2625,38
"K","South West","40","Somerset","40UF","West Somerset",,,2725,320,12,1570,58,320,12,190,7,85,3,150,6,90,3,0,0,1375,50,1350,50,325,12,1245,46,1155,42
"K","South West","46","Wiltshire","46UB","Kennet",,,3505,450,13,1760,50,545,16,300,9,75,2,190,5,185,5,0,0,1570,45,1935,55,430,12,1790,51,1285,37
"K","South West","46","Wiltshire","46UC","North Wiltshire",,,6160,775,13,3010,49,945,15,560,9,140,2,405,7,325,5,0,0,2740,44,3420,56,680,11,3210,52,2270,37
"K","South West","46","Wiltshire","46UD","Salisbury",,,5490,415,8,2990,54,855,16,390,7,125,2,400,7,315,6,0,0,2500,46,2990,54,595,11,2930,53,1965,36
"K","South West","46","Wiltshire","46UF","West Wiltshire",,,6725,635,9,3530,52,1135,17,505,8,180,3,425,6,315,5,0,0,3055,45,3670,55,800,12,3510,52,2415,36
,,,,"00NA","Isle of Anglesey",,,7945,1300,16,4295,54,855,11,630,8,210,3,435,5,220,3,0,0,4255,54,3690,46,785,10,3625,46,3535,44
,,,,"00NC","Gwynedd",,,11530,1920,17,6295,55,1285,11,855,7,295,3,555,5,325,3,0,0,6190,54,5340,46,1240,11,5265,46,5025,44
,,,,"00NE","Conwy",,,11205,1340,12,6570,59,1245,11,830,7,225,2,670,6,325,3,0,0,5855,52,5350,48,1140,10,5230,47,4835,43
,,,,"00NG","Denbighshire",,,10210,1065,10,6130,60,1140,11,785,8,230,2,585,6,275,3,0,0,5295,52,4915,48,1100,11,4775,47,4335,42
,,,,"00NJ","Flintshire",,,13710,1500,11,7680,56,1725,13,1155,8,245,2,915,7,490,4,0,0,6490,47,7220,53,1325,10,6495,47,5885,43
,,,,"00NL","Wrexham",,,13810,1260,9,8285,60,1570,11,1150,8,325,2,835,6,385,3,0,0,6885,50,6925,50,1585,11,6455,47,5770,42
,,,,"00NN","Powys",,,10530,1220,12,6060,58,1065,10,805,8,230,2,730,7,420,4,0,0,5285,50,5245,50,1050,10,4725,45,4750,45
,,,,"00NQ","Ceredigion",,,6880,765,11,4360,63,560,8,485,7,145,2,385,6,180,3,0,0,3615,53,3265,47,730,11,3100,45,3050,44
,,,,"00NS","Pembrokeshire",,,13325,2215,17,7215,54,1480,11,1075,8,300,2,705,5,335,3,0,0,6920,52,6405,48,1600,12,6240,47,5485,41
,,,,"00NU","Carmarthenshire",,,22800,2130,9,14895,65,2120,9,1620,7,435,2,1115,5,485,2,0,0,11615,51,11185,49,2320,10,10275,45,10205,45
,,,,"00NX","Swansea",,,29480,3465,12,17795,60,3750,13,1840,6,525,2,1505,5,600,2,0,0,14850,50,14630,50,3445,12,14465,49,11570,39
,,,,"00NZ","Neath Port Talbot",,,22420,2075,9,14320,64,2370,11,1700,8,385,2,1230,5,340,2,0,0,11060,49,11360,51,2365,11,10855,48,9200,41
,,,,"00PB","Bridgend",,,17925,1540,9,11315,63,2025,11,1255,7,380,2,1065,6,345,2,0,0,8790,49,9135,51,2070,12,8410,47,7445,42
,,,,"00PD","The Vale of Glamorgan",,,11370,1550,14,6175,54,1605,14,735,6,255,2,695,6,355,3,0,0,5610,49,5760,51,1460,13,5565,49,4345,38
,,,,"00PF","Rhondda, Cynon, Taff",,,36755,2915,8,24390,66,4365,12,2090,6,650,2,1710,5,635,2,0,0,18220,50,18535,50,4355,12,17490,48,14910,41
,,,,"00PH","Merthyr Tydfil",,,10680,990,9,7075,66,1315,12,550,5,125,1,485,5,140,1,0,0,5385,50,5295,50,1280,12,5005,47,4395,41
,,,,"00PK","Caerphilly",,,26450,2425,9,16980,64,2920,11,1780,7,460,2,1420,5,465,2,0,0,13175,50,13275,50,3030,11,12410,47,11010,42
,,,,"00PL","Blaenau Gwent",,,12455,1415,11,7980,64,1330,11,715,6,210,2,605,5,200,2,0,0,6430,52,6025,48,1470,12,5765,46,5220,42
,,,,"00PM","Torfaen",,,12055,1220,10,7095,59,1630,14,900,7,225,2,740,6,245,2,0,0,6025,50,6030,50,1405,12,5655,47,4995,41
,,,,"00PP","Monmouthshire",,,6630,700,11,3835,58,665,10,565,9,175,3,430,6,260,4,0,0,3275,49,3355,51,630,10,3060,46,2940,44
,,,,"00PR","Newport",,,16640,2235,13,8835,53,2850,17,1090,7,440,3,835,5,355,2,0,0,8180,49,8460,51,2115,13,8515,51,6010,36
,,,,"00PT","Cardiff",,,33760,4355,13,18435,55,5670,17,2010,6,880,3,1735,5,675,2,0,0,16680,49,17080,51,4335,13,18280,54,11135,33
,,,,"100","Aberdeen City",,,19215,2505,13,11665,61,2455,13,755,4,455,2,795,4,585,3,0,0,9765,51,9450,49,2765,14,10255,53,6195,32
,,,,"110","Aberdeenshire",,,15005,1970,13,8550,57,1455,10,1160,8,280,2,830,6,760,5,0,0,7230,48,7775,52,1735,12,7325,49,5945,40
,,,,"120","Angus",,,9570,1820,19,4780,50,1155,12,675,7,240,3,525,5,375,4,0,0,4705,49,4865,51,1285,13,4660,49,3625,38
,,,,"130","Argyll & Bute",,,8125,1530,19,4260,52,800,10,500,6,265,3,405,5,365,4,0,0,4220,52,3905,48,865,11,3780,47,3475,43
,,,,"150","Clackmannanshire",,,6535,995,15,3745,57,775,12,425,7,150,2,270,4,175,3,0,0,3190,49,3345,51,865,13,3280,50,2390,37
,,,,"170","Dumfries & Galloway",,,14165,2195,15,7540,53,1415,10,1210,9,500,4,790,6,515,4,0,0,7240,51,6925,49,1650,12,6475,46,6040,43
,,,,"180","Dundee City",,,20250,3800,19,11120,55,2730,13,995,5,535,3,655,3,415,2,0,0,10545,52,9705,48,2850,14,10700,53,6700,33
,,,,"190","East Ayrshire",,,16300,3235,20,8285,51,2105,13,1175,7,490,3,605,4,405,2,0,0,8380,51,7920,49,2140,13,8165,50,5995,37
,,,,"200","East Dunbartonshire",,,7795,1155,15,4415,57,705,9,500,6,165,2,455,6,400,5,0,0,3815,49,3980,51,795,10,3830,49,3170,41
,,,,"210","East Lothian",,,7630,930,12,4355,57,915,12,550,7,190,2,430,6,260,3,0,0,3780,50,3850,50,870,11,3770,49,2990,39
,,,,"220","East Renfrewshire",,,6570,1005,15,3670,56,615,9,410,6,150,2,415,6,305,5,0,0,3240,49,3330,51,710,11,3300,50,2555,39
,,,,"230","Edinburgh, City of",,,41065,6890,17,22535,55,5675,14,1980,5,1085,3,1820,4,1080,3,0,0,21465,52,19600,48,5260,13,23050,56,12755,31
,,,,"235","Eilean Siar",,,2745,630,23,1345,49,200,7,205,7,80,3,135,5,150,5,0,0,1635,60,1110,40,215,8,1200,44,1330,48
,,,,"240","Falkirk",,,16735,2795,17,9440,56,1845,11,1050,6,365,2,775,5,465,3,0,0,8430,50,8305,50,1960,12,8275,49,6500,39
,,,,"250","Fife",,,38350,7570,20,20045,52,4685,12,2440,6,825,2,1685,4,1100,3,0,0,19365,50,18985,50,5170,13,19220,50,13960,36
,,,,"260","Glasgow City",,,108955,15925,15,64120,59,15730,14,4995,5,3590,3,3095,3,1500,1,0,0,57755,53,51200,47,12715,12,62385,57,33855,31
,,,,"270","Highland",,,20405,3805,19,10525,52,2155,11,1425,7,595,3,1040,5,860,4,0,0,10660,52,9745,48,2285,11,10050,49,8070,40
,,,,"280","Inverclyde",,,13280,2305,17,7610,57,1655,12,585,4,430,3,390,3,305,2,0,0,7360,55,5920,45,1735,13,6785,51,4760,36
,,,,"290","Midlothian",,,7730,900,12,4400,57,1050,14,535,7,155,2,445,6,245,3,0,0,3750,49,3980,51,1000,13,3840,50,2890,37
,,,,"300","Moray",,,6730,1040,15,3595,53,700,10,565,8,185,3,350,5,295,4,0,0,3325,49,3405,51,785,12,3270,49,2675,40
,,,,"310","North Ayrshire",,,19210,3890,20,9765,51,2650,14,1125,6,570,3,705,4,505,3,0,0,9655,50,9555,50,2590,13,9580,50,7040,37
,,,,"320","North Lanarkshire",,,48105,6435,13,28965,60,5750,12,2700,6,1285,3,1830,4,1140,2,0,0,23750,49,24355,51,5595,12,24335,51,18175,38
,,,,"330","Orkney Islands",,,1380,230,17,740,54,105,8,95,7,45,3,80,6,85,6,0,0,740,54,640,46,115,8,590,43,675,49
,,,,"340","Perth & Kinross",,,9820,1505,15,5305,54,1080,11,660,7,240,2,595,6,435,4,0,0,4920,50,4900,50,1105,11,4860,49,3855,39
,,,,"350","Renfrewshire",,,22040,3375,15,12445,56,2975,13,1000,5,660,3,960,4,625,3,0,0,11365,52,10675,48,2650,12,11370,52,8020,36
,,,,"355","Scottish Borders",,,8000,1070,13,4545,57,775,10,545,7,235,3,465,6,365,5,0,0,4125,52,3875,48,930,12,3915,49,3155,39
,,,,"360","Shetland Islands",,,1355,200,15,745,55,160,12,55,4,45,3,80,6,70,5,0,0,705,52,650,48,155,11,630,46,565,42
,,,,"370","South Ayrshire",,,12345,2375,19,6435,52,1365,11,850,7,400,3,495,4,425,3,0,0,6500,53,5845,47,1485,12,5940,48,4920,40
,,,,"380","South Lanarkshire",,,37640,5045,13,22355,59,4265,11,2280,6,1085,3,1540,4,1070,3,0,0,18690,50,18950,50,4205,11,18980,50,14455,38
,,,,"390","Stirling",,,7800,1220,16,4400,56,835,11,535,7,185,2,350,4,275,4,0,0,3930,50,3870,50,905,12,4005,51,2890,37
,,,,"395","West Dunbartonshire",,,14180,2425,17,7640,54,2040,14,795,6,370,3,580,4,330,2,0,0,7385,52,6795,48,1745,12,7470,53,4965,35
,,,,"400","West Lothian",,,17625,2260,13,9915,56,2420,14,1125,6,425,2,940,5,540,3,0,0,8275,47,9350,53,2225,13,9045,51,6350,36