DATASET_TITLE,"Benefits Data: Working Age Client Group, November 2002",,,,,,FROM,Nov-2002,Nov-2002,Nov-2002,Nov-2002,Nov-2002,Nov-2002,Nov-2002,Nov-2002,Nov-2002,Nov-2002,Nov-2002,Nov-2002,Nov-2002,Nov-2002,Nov-2002,Nov-2002,Nov-2002,Nov-2002,Nov-2002,Nov-2002,Nov-2002,Nov-2002,Nov-2002,Nov-2002,Nov-2002,Nov-2002,Nov-2002
AREA_TYPE,Local Authority,,,,,,TO,Nov-2002,Nov-2002,Nov-2002,Nov-2002,Nov-2002,Nov-2002,Nov-2002,Nov-2002,Nov-2002,Nov-2002,Nov-2002,Nov-2002,Nov-2002,Nov-2002,Nov-2002,Nov-2002,Nov-2002,Nov-2002,Nov-2002,Nov-2002,Nov-2002,Nov-2002,Nov-2002,Nov-2002,Nov-2002,Nov-2002,Nov-2002
GEO_HIERARCHY,NeSS Geography Hierarchy,,,,,,HEADING,Total,Job Seekers,Job Seekers,Incapacity Benefits,Incapacity Benefits,Lone Parent,Lone Parent,Carer,Carer,Others on Income Related Benefits,Others on Income Related Benefits,Disabled,Disabled,Bereaved,Bereaved,Unknown,Unknown,Male,Male,Female,Female,Aged 16-24,Aged 16-24,Aged 25-49,Aged 25-49,Aged 50 and Over,Aged 50 and Over
,,,,,,,MEASUREMENT_UNIT,Count,Count,Percentage,Count,Percentage,Count,Percentage,Count,Percentage,Count,Percentage,Count,Percentage,Count,Percentage,Count,Percentage,Count,Percentage,Count,Percentage,Count,Percentage,Count,Percentage,Count,Percentage
,,,,,,,STATISTICAL_UNIT,Persons,Persons,Persons,Persons,Persons,Persons,Persons,Persons,Persons,Persons,Persons,Persons,Persons,Persons,Persons,Persons,Persons,Persons,Persons,Persons,Persons,Persons,Persons,Persons,Persons,Persons,Persons
GOR_CODE,GOR_NAME,CTY_CODE,CTY_NAME,LA_CODE,LA_NAME,AREA_METADATA,,DATA_VALUE,DATA_VALUE,DATA_VALUE,DATA_VALUE,DATA_VALUE,DATA_VALUE,DATA_VALUE,DATA_VALUE,DATA_VALUE,DATA_VALUE,DATA_VALUE,DATA_VALUE,DATA_VALUE,DATA_VALUE,DATA_VALUE,DATA_VALUE,DATA_VALUE,DATA_VALUE,DATA_VALUE,DATA_VALUE,DATA_VALUE,DATA_VALUE,DATA_VALUE,DATA_VALUE,DATA_VALUE,DATA_VALUE,DATA_VALUE
"A","North East",,,"00CH","Gateshead",,,26430,3610,14,15505,59,3380,13,1510,6,855,3,950,4,620,2,0,0,14245,54,12185,46,3250,12,13170,50,9990,38
"A","North East",,,"00CJ","Newcastle upon Tyne",,,36145,6195,17,19850,55,5320,15,1925,5,1115,3,1095,3,645,2,0,0,19570,54,16575,46,5000,14,19395,54,11720,32
"A","North East",,,"00CK","North Tyneside",,,22900,3890,17,12340,54,3060,13,1260,6,730,3,995,4,625,3,0,0,11985,52,10915,48,2950,13,11140,49,8785,38
"A","North East",,,"00CL","South Tyneside",,,22940,4730,21,11545,50,3555,15,1165,5,660,3,790,3,495,2,0,0,12400,54,10540,46,2930,13,11660,51,8345,36
"A","North East",,,"00CM","Sunderland",,,40635,6245,15,23060,57,5060,12,2605,6,1110,3,1670,4,885,2,0,0,21645,53,18990,47,5090,13,19875,49,15630,38
"A","North East",,,"00EB","Hartlepool",,,14320,2390,17,8000,56,1900,13,910,6,360,3,460,3,300,2,0,0,7610,53,6710,47,1985,14,7110,50,5215,36
"A","North East",,,"00EC","Middlesbrough",,,22455,4365,19,10785,48,3835,17,1645,7,595,3,810,4,420,2,0,0,11575,52,10880,48,3570,16,11990,53,6875,31
"A","North East",,,"00EE","Redcar and Cleveland",,,19075,3205,17,10075,53,2710,14,1475,8,500,3,655,3,455,2,0,0,9925,52,9150,48,2530,13,9200,48,7340,38
"A","North East",,,"00EF","Stockton-on-Tees",,,21610,3970,18,10645,49,3245,15,1635,8,620,3,885,4,610,3,0,0,11090,51,10520,49,3020,14,10825,50,7745,36
"A","North East",,,"00EH","Darlington",,,11040,1875,17,5685,51,1670,15,720,7,335,3,430,4,325,3,0,0,5735,52,5305,48,1480,13,5400,49,4160,38
"A","North East","20","Durham","20UB","Chester-le-Street",,,5900,665,11,3630,62,630,11,390,7,150,3,240,4,195,3,0,0,3080,52,2820,48,635,11,2725,46,2540,43
"A","North East","20","Durham","20UD","Derwentside",,,11205,1295,12,6770,60,1305,12,780,7,275,2,510,5,270,2,0,0,5915,53,5290,47,1390,12,5180,46,4635,41
"A","North East","20","Durham","20UE","Durham",,,8510,1220,14,5205,61,800,9,490,6,200,2,350,4,245,3,0,0,4630,54,3880,46,965,11,3875,46,3670,43
"A","North East","20","Durham","20UF","Easington",,,17295,1350,8,12050,70,1535,9,1060,6,335,2,675,4,290,2,0,0,9130,53,8165,47,2015,12,8375,48,6895,40
"A","North East","20","Durham","20UG","Sedgefield",,,12145,1475,12,7320,60,1400,12,815,7,255,2,575,5,305,3,0,0,6100,50,6045,50,1490,12,5555,46,5095,42
"A","North East","20","Durham","20UH","Teesdale",,,1980,195,10,1175,59,205,10,180,9,40,2,105,5,80,4,0,0,1060,54,920,46,175,9,860,43,945,48
"A","North East","20","Durham","20UJ","Wear Valley",,,8775,1275,15,4870,55,1185,14,610,7,250,3,365,4,220,3,0,0,4530,52,4245,48,1215,14,4070,46,3485,40
"A","North East","35","Northumberland","35UB","Alnwick",,,2495,475,19,1250,50,275,11,195,8,70,3,95,4,135,5,0,0,1295,52,1200,48,315,13,1060,42,1120,45
"A","North East","35","Northumberland","35UC","Berwick-upon-Tweed",,,2310,430,19,1175,51,220,10,225,10,50,2,105,5,105,5,0,0,1180,51,1130,49,260,11,1010,44,1035,45
"A","North East","35","Northumberland","35UD","Blyth Valley",,,9955,1490,15,5750,58,1050,11,690,7,250,3,435,4,290,3,0,0,5225,52,4730,48,1190,12,4710,47,4050,41
"A","North East","35","Northumberland","35UE","Castle Morpeth",,,3995,590,15,2335,58,360,9,275,7,95,2,190,5,150,4,0,0,2180,55,1815,45,495,12,1800,45,1700,43
"A","North East","35","Northumberland","35UF","Tynedale",,,4130,655,16,2355,57,400,10,235,6,95,2,190,5,200,5,0,0,2155,52,1975,48,550,13,1790,43,1790,43
"A","North East","35","Northumberland","35UG","Wansbeck",,,8500,1355,16,4895,58,1015,12,530,6,190,2,310,4,205,2,0,0,4540,53,3960,47,1120,13,3975,47,3405,40
"B","North West",,,"00BL","Bolton",,,29840,3815,13,16570,56,4260,14,2095,7,810,3,1445,5,845,3,0,0,15055,50,14785,50,3600,12,15190,51,11025,37
"B","North West",,,"00BM","Bury",,,17355,1890,11,10015,58,2425,14,1130,7,410,2,925,5,560,3,0,0,8505,49,8850,51,2035,12,8745,50,6560,38
"B","North West",,,"00BN","Manchester",,,71515,12085,17,37005,52,14060,20,3190,4,2235,3,1970,3,970,1,0,0,36560,51,34955,49,10200,14,41220,58,19980,28
"B","North West",,,"00BP","Oldham",,,25185,3280,13,13850,55,3905,16,1545,6,710,3,1160,5,735,3,0,0,12360,49,12825,51,3365,13,12650,50,9130,36
"B","North West",,,"00BQ","Rochdale",,,26130,3555,14,14655,56,3865,15,1650,6,715,3,1035,4,655,3,0,0,12920,49,13210,51,3350,13,13710,52,9030,35
"B","North West",,,"00BR","Salford",,,29975,3425,11,17325,58,4980,17,1625,5,775,3,1230,4,615,2,0,0,15415,51,14560,49,3735,12,15610,52,10605,35
"B","North West",,,"00BS","Stockport",,,22250,2820,13,11890,53,3300,15,1480,7,595,3,1290,6,875,4,0,0,10765,48,11485,52,2465,11,11170,50,8595,39
"B","North West",,,"00BT","Tameside",,,25120,2855,11,14780,59,3580,14,1510,6,565,2,1085,4,745,3,0,0,12620,50,12500,50,3010,12,12400,49,9685,39
"B","North West",,,"00BU","Trafford",,,17820,2440,14,9745,55,2575,14,1075,6,415,2,905,5,665,4,0,0,8830,50,8990,50,1985,11,9115,51,6715,38
"B","North West",,,"00BW","Wigan",,,37805,4225,11,23775,63,3990,11,2545,7,695,2,1575,4,1000,3,0,0,19455,51,18350,49,3895,10,17235,46,16670,44
"B","North West",,,"00BX","Knowsley",,,28155,4010,14,14725,52,5070,18,2065,7,670,2,1210,4,405,1,0,0,13680,49,14475,51,3460,12,15565,55,9110,32
"B","North West",,,"00BY","Liverpool",,,83805,13825,16,45100,54,13510,16,4885,6,2425,3,2920,3,1140,1,0,0,42870,51,40935,49,10295,12,46420,55,27005,32
"B","North West",,,"00BZ","St. Helens",,,24290,3410,14,13780,57,3190,13,1730,7,600,2,1010,4,570,2,0,0,12640,52,11650,48,2880,12,11435,47,9960,41
"B","North West",,,"00CA","Sefton",,,33310,4925,15,17965,54,4590,14,2135,6,980,3,1770,5,945,3,0,0,17025,51,16285,49,3480,10,17205,52,12595,38
"B","North West",,,"00CB","Wirral",,,42140,5880,14,22620,54,6705,16,2750,7,980,2,2150,5,1055,3,0,0,21100,50,21040,50,5050,12,21695,51,15360,36
"B","North West",,,"00ET","Halton",,,18030,2660,15,9620,53,2880,16,1255,7,405,2,795,4,415,2,0,0,8855,49,9175,51,2285,13,9035,50,6700,37
"B","North West",,,"00EU","Warrington",,,16985,2170,13,9620,57,2075,12,1200,7,435,3,845,5,640,4,0,0,8635,51,8350,49,1830,11,8155,48,7000,41
"B","North West",,,"00EX","Blackburn with Darwen",,,17755,2100,12,9920,56,2715,15,1255,7,540,3,825,5,400,2,0,0,8995,51,8760,49,2380,13,9335,53,6030,34
"B","North West",,,"00EY","Blackpool",,,20255,2845,14,11525,57,2750,14,1175,6,555,3,915,5,490,2,0,0,10950,54,9305,46,2230,11,10305,51,7695,38
"B","North West","13","Cheshire","13UB","Chester",,,9330,1005,11,5280,57,1260,14,655,7,205,2,580,6,345,4,0,0,4665,50,4665,50,975,10,4700,50,3650,39
"B","North West","13","Cheshire","13UC","Congleton",,,5595,750,13,3030,54,560,10,435,8,120,2,360,6,340,6,0,0,2715,49,2880,51,530,9,2510,45,2555,46
"B","North West","13","Cheshire","13UD","Crewe and Nantwich",,,8730,1045,12,4655,53,1295,15,660,8,240,3,435,5,400,5,0,0,4160,48,4570,52,1015,12,4185,48,3515,40
"B","North West","13","Cheshire","13UE","Ellesmere Port & Neston",,,7455,830,11,4050,54,1035,14,645,9,150,2,455,6,290,4,0,0,3565,48,3890,52,820,11,3725,50,2900,39
"B","North West","13","Cheshire","13UG","Macclesfield",,,8160,910,11,4550,56,1040,13,535,7,145,2,490,6,490,6,0,0,3940,48,4220,52,705,9,4095,50,3355,41
"B","North West","13","Cheshire","13UH","Vale Royal",,,9930,1280,13,5530,56,1190,12,785,8,160,2,570,6,415,4,0,0,4925,50,5005,50,1025,10,4735,48,4170,42
"B","North West","16","Cumbria","16UB","Allerdale",,,9465,1515,16,5040,53,1200,13,735,8,225,2,435,5,315,3,0,0,4875,52,4590,48,1025,11,4485,47,3950,42
"B","North West","16","Cumbria","16UC","Barrow-in-Furness",,,10250,1115,11,6370,62,1075,10,765,7,190,2,520,5,215,2,0,0,5380,52,4870,48,1115,11,4930,48,4195,41
"B","North West","16","Cumbria","16UD","Carlisle",,,9195,1230,13,5265,57,1150,13,550,6,195,2,420,5,385,4,0,0,4590,50,4605,50,1090,12,4585,50,3515,38
"B","North West","16","Cumbria","16UE","Copeland",,,8150,1425,17,4325,53,1030,13,625,8,180,2,330,4,235,3,0,0,4370,54,3780,46,1005,12,3850,47,3285,40
"B","North West","16","Cumbria","16UF","Eden",,,2815,300,11,1645,58,250,9,215,8,40,1,175,6,190,7,0,0,1400,50,1415,50,190,7,1295,46,1330,47
"B","North West","16","Cumbria","16UG","South Lakeland",,,5875,550,9,3555,61,545,9,405,7,125,2,330,6,365,6,0,0,2940,50,2935,50,495,8,2610,44,2770,47
"B","North West","30","Lancashire","30UD","Burnley",,,11230,985,9,6900,61,1775,16,575,5,305,3,415,4,275,2,0,0,5510,49,5720,51,1275,11,5695,51,4230,38
"B","North West","30","Lancashire","30UE","Chorley",,,8330,930,11,4950,59,920,11,570,7,175,2,420,5,365,4,0,0,4185,50,4145,50,840,10,3840,46,3650,44
"B","North West","30","Lancashire","30UF","Fylde",,,5180,465,9,3170,61,495,10,400,8,100,2,305,6,245,5,0,0,2635,51,2545,49,445,9,2330,45,2400,46
"B","North West","30","Lancashire","30UG","Hyndburn",,,9695,845,9,6070,63,1275,13,575,6,215,2,420,4,295,3,0,0,4865,50,4830,50,1150,12,4770,49,3770,39
"B","North West","30","Lancashire","30UH","Lancaster",,,12955,2095,16,6855,53,1905,15,790,6,360,3,520,4,430,3,0,0,6640,51,6315,49,1630,13,6430,50,4885,38
"B","North West","30","Lancashire","30UJ","Pendle",,,9675,1080,11,5720,59,1420,15,660,7,235,2,285,3,275,3,0,0,4730,49,4945,51,1165,12,4795,50,3700,38
"B","North West","30","Lancashire","30UK","Preston",,,14460,2010,14,8015,55,2095,14,915,6,425,3,620,4,380,3,0,0,7435,51,7025,49,1865,13,7490,52,5085,35
"B","North West","30","Lancashire","30UL","Ribble Valley",,,3080,215,7,1995,65,220,7,205,7,70,2,180,6,195,6,0,0,1600,52,1480,48,230,7,1370,44,1480,48
"B","North West","30","Lancashire","30UM","Rossendale",,,6965,620,9,4230,61,930,13,425,6,140,2,370,5,250,4,0,0,3415,49,3550,51,835,12,3345,48,2785,40
"B","North West","30","Lancashire","30UN","South Ribble",,,7595,760,10,4430,58,830,11,545,7,120,2,520,7,390,5,0,0,3640,48,3955,52,750,10,3420,45,3425,45
"B","North West","30","Lancashire","30UP","West Lancashire",,,11285,1755,16,5845,52,1590,14,850,8,290,3,595,5,360,3,0,0,5605,50,5680,50,1210,11,5425,48,4640,41
"B","North West","30","Lancashire","30UQ","Wyre",,,8915,910,10,5165,58,1000,11,695,8,215,2,585,7,345,4,0,0,4615,52,4300,48,805,9,3915,44,4190,47
"D","Yorkshire and The Humber",,,"00CC","Barnsley",,,31315,3225,10,19380,62,3585,11,2220,7,715,2,1525,5,665,2,0,0,16385,52,14930,48,3525,11,14830,47,12935,41
"D","Yorkshire and The Humber",,,"00CE","Doncaster",,,35435,4865,14,19210,54,4885,14,2870,8,995,3,1775,5,835,2,0,0,18195,51,17240,49,4500,13,17305,49,13610,38
"D","Yorkshire and The Humber",,,"00CF","Rotherham",,,29460,4085,14,15230,52,4185,14,2640,9,840,3,1650,6,830,3,0,0,15225,52,14235,48,3655,12,14355,49,11430,39
"D","Yorkshire and The Humber",,,"00CG","Sheffield",,,54520,10385,19,26515,49,7940,15,3725,7,1940,4,2675,5,1340,2,0,0,28800,53,25720,47,7290,13,28390,52,18800,34
"D","Yorkshire and The Humber",,,"00CX","Bradford",,,53090,10065,19,25055,47,8620,16,3750,7,1745,3,2550,5,1305,2,0,0,26690,50,26400,50,7990,15,28130,53,16865,32
"D","Yorkshire and The Humber",,,"00CY","Calderdale",,,18485,2960,16,9335,51,3065,17,1150,6,550,3,770,4,655,4,0,0,9025,49,9460,51,2395,13,9440,51,6635,36
"D","Yorkshire and The Humber",,,"00CZ","Kirklees",,,37280,5710,15,18740,50,5635,15,2765,7,1095,3,2155,6,1180,3,0,0,18430,49,18850,51,4850,13,19260,52,13140,35
"D","Yorkshire and The Humber",,,"00DA","Leeds",,,65985,11380,17,32615,49,11180,17,3700,6,1890,3,3230,5,1990,3,0,0,32720,50,33265,50,8915,14,34640,52,22375,34
"D","Yorkshire and The Humber",,,"00DB","Wakefield",,,37110,4250,11,21420,58,4855,13,2735,7,890,2,1940,5,1020,3,0,0,19100,51,18010,49,4105,11,17860,48,15130,41
"D","Yorkshire and The Humber",,,"00FA","Kingston upon Hull, City of",,,34350,7640,22,14435,42,6575,19,2255,7,1245,4,1575,5,625,2,0,0,17305,50,17045,50,5310,15,18430,54,10570,31
"D","Yorkshire and The Humber",,,"00FB","East Riding of Yorkshire",,,23010,4205,18,10990,48,2710,12,1910,8,745,3,1415,6,1035,4,0,0,11750,51,11260,49,2510,11,10285,45,10195,44
"D","Yorkshire and The Humber",,,"00FC","North East Lincolnshire",,,16975,3605,21,7060,42,3200,19,1280,8,630,4,705,4,495,3,0,0,8485,50,8490,50,2780,16,8580,51,5595,33
"D","Yorkshire and The Humber",,,"00FD","North Lincolnshire",,,13840,2145,15,6600,48,2180,16,1110,8,460,3,845,6,500,4,0,0,6555,47,7285,53,1835,13,6780,49,5220,38
"D","Yorkshire and The Humber",,,"00FF","York",,,11465,1655,14,6005,52,1790,16,660,6,275,2,575,5,505,4,0,0,5645,49,5820,51,1365,12,5945,52,4145,36
"D","Yorkshire and The Humber","36","North Yorkshire","36UB","Craven",,,2840,330,12,1590,56,295,10,195,7,100,4,155,5,175,6,0,0,1410,50,1430,50,230,8,1265,45,1345,47
"D","Yorkshire and The Humber","36","North Yorkshire","36UC","Hambleton",,,4510,600,13,2375,53,500,11,355,8,105,2,300,7,275,6,0,0,2200,49,2310,51,430,10,2035,45,2045,45
"D","Yorkshire and The Humber","36","North Yorkshire","36UD","Harrogate",,,7710,1005,13,4130,54,945,12,515,7,210,3,480,6,425,6,0,0,3735,48,3975,52,800,10,3820,50,3075,40
"D","Yorkshire and The Humber","36","North Yorkshire","36UE","Richmondshire",,,2360,335,14,1160,49,285,12,200,8,55,2,160,7,165,7,0,0,1040,44,1320,56,270,11,1085,46,1005,43
"D","Yorkshire and The Humber","36","North Yorkshire","36UF","Ryedale",,,2635,370,14,1270,48,330,13,290,11,90,3,140,5,145,6,0,0,1255,48,1380,52,240,9,1190,45,1200,46
"D","Yorkshire and The Humber","36","North Yorkshire","36UG","Scarborough",,,11055,1870,17,5545,50,1465,13,870,8,440,4,515,5,350,3,0,0,5755,52,5300,48,1185,11,5390,49,4465,40
"D","Yorkshire and The Humber","36","North Yorkshire","36UH","Selby",,,4835,690,14,2525,52,595,12,390,8,115,2,285,6,235,5,0,0,2420,50,2415,50,465,10,2285,47,2085,43
"E","East Midlands",,,"00FK","Derby",,,24505,4480,18,11625,47,4190,17,1495,6,765,3,1300,5,650,3,0,0,12055,49,12450,51,3525,14,13160,54,7800,32
"E","East Midlands",,,"00FN","Leicester",,,35095,7265,21,15530,44,6605,19,2220,6,1345,4,1370,4,760,2,0,0,16965,48,18130,52,5020,14,19390,55,10650,30
"E","East Midlands",,,"00FP","Rutland",,,1275,135,11,630,49,155,12,115,9,40,3,90,7,110,9,0,0,595,47,680,53,135,11,620,49,520,41
"E","East Midlands",,,"00FY","Nottingham",,,37625,6745,18,17575,47,7855,21,2130,6,1240,3,1525,4,555,1,0,0,18705,50,18920,50,5620,15,21430,57,10540,28
"E","East Midlands","17","Derbyshire","17UB","Amber Valley",,,9900,1215,12,5380,54,1180,12,865,9,260,3,600,6,400,4,0,0,4920,50,4980,50,1055,11,4575,46,4260,43
"E","East Midlands","17","Derbyshire","17UC","Bolsover",,,9490,1000,11,5625,59,970,10,880,9,210,2,570,6,235,2,0,0,5130,54,4360,46,910,10,4575,48,4000,42
"E","East Midlands","17","Derbyshire","17UD","Chesterfield",,,11930,1885,16,6535,55,1430,12,890,7,280,2,610,5,300,3,0,0,6385,54,5545,46,1405,12,5860,49,4660,39
"E","East Midlands","17","Derbyshire","17UF","Derbyshire Dales",,,3870,470,12,2090,54,350,9,305,8,110,3,290,7,255,7,0,0,1885,49,1985,51,295,8,1730,45,1845,48
"E","East Midlands","17","Derbyshire","17UG","Erewash",,,9070,1285,14,4645,51,1285,14,750,8,250,3,495,5,360,4,0,0,4325,48,4745,52,1000,11,4445,49,3620,40
"E","East Midlands","17","Derbyshire","17UH","High Peak",,,6345,785,12,3455,54,840,13,425,7,155,2,380,6,305,5,0,0,3120,49,3225,51,670,11,3070,48,2600,41
"E","East Midlands","17","Derbyshire","17UJ","North East Derbyshire",,,8865,1310,15,4885,55,815,9,820,9,190,2,525,6,320,4,0,0,4795,54,4070,46,880,10,4080,46,3900,44
"E","East Midlands","17","Derbyshire","17UK","South Derbyshire",,,6055,690,11,3495,58,680,11,445,7,110,2,370,6,265,4,0,0,2890,48,3165,52,575,9,2865,47,2610,43
"E","East Midlands","31","Leicestershire","31UB","Blaby",,,4525,675,15,2310,51,450,10,360,8,100,2,350,8,280,6,0,0,2070,46,2455,54,420,9,2140,47,1965,43
"E","East Midlands","31","Leicestershire","31UC","Charnwood",,,8910,1640,18,4170,47,1155,13,675,8,240,3,570,6,460,5,0,0,4170,47,4740,53,1090,12,4315,48,3500,39
"E","East Midlands","31","Leicestershire","31UD","Harborough",,,3315,455,14,1640,49,380,11,230,7,80,2,290,9,240,7,0,0,1510,46,1805,54,310,9,1580,48,1425,43
"E","East Midlands","31","Leicestershire","31UE","Hinckley and Bosworth",,,5845,895,15,2820,48,695,12,530,9,140,2,450,8,315,5,0,0,2650,45,3195,55,605,10,2710,46,2530,43
"E","East Midlands","31","Leicestershire","31UG","Melton",,,2330,345,15,1065,46,325,14,235,10,50,2,165,7,145,6,0,0,1080,46,1250,54,250,11,1140,49,940,40
"E","East Midlands","31","Leicestershire","31UH","North West Leicestershire",,,6210,740,12,3345,54,735,12,645,10,125,2,345,6,275,4,0,0,2940,47,3270,53,640,10,2890,47,2680,43
"E","East Midlands","31","Leicestershire","31UJ","Oadby and Wigston",,,3090,575,19,1435,46,375,12,260,8,75,2,190,6,180,6,0,0,1435,46,1655,54,330,11,1505,49,1255,41
"E","East Midlands","32","Lincolnshire","32UB","Boston",,,4755,420,9,2740,58,645,14,355,7,150,3,255,5,190,4,0,0,2330,49,2425,51,520,11,2250,47,1985,42
"E","East Midlands","32","Lincolnshire","32UC","East Lindsey",,,13590,1705,13,7665,56,1220,9,1270,9,475,3,820,6,435,3,0,0,7215,53,6375,47,1445,11,5660,42,6480,48
"E","East Midlands","32","Lincolnshire","32UD","Lincoln",,,9385,1440,15,4780,51,1620,17,570,6,315,3,430,5,230,2,0,0,4690,50,4695,50,1405,15,5050,54,2925,31
"E","East Midlands","32","Lincolnshire","32UE","North Kesteven",,,5815,670,12,3170,55,575,10,530,9,135,2,425,7,310,5,0,0,2790,48,3025,52,535,9,2545,44,2735,47
"E","East Midlands","32","Lincolnshire","32UF","South Holland",,,5145,495,10,2905,56,585,11,430,8,125,2,355,7,250,5,0,0,2385,46,2760,54,450,9,2305,45,2390,46
"E","East Midlands","32","Lincolnshire","32UG","South Kesteven",,,7180,940,13,3640,51,1035,14,550,8,180,3,430,6,405,6,0,0,3250,45,3930,55,850,12,3465,48,2860,40
"E","East Midlands","32","Lincolnshire","32UH","West Lindsey",,,6405,1055,16,3290,51,735,11,515,8,190,3,335,5,285,4,0,0,3300,52,3105,48,715,11,2970,46,2710,42
"E","East Midlands","34","Northamptonshire","34UB","Corby",,,5585,700,13,3000,54,950,17,305,5,140,3,300,5,190,3,0,0,2615,47,2970,53,735,13,2860,51,1985,36
"E","East Midlands","34","Northamptonshire","34UC","Daventry",,,3625,495,14,1800,50,525,14,250,7,80,2,250,7,225,6,0,0,1545,43,2080,57,410,11,1800,50,1410,39
"E","East Midlands","34","Northamptonshire","34UD","East Northamptonshire",,,4240,595,14,2055,48,640,15,320,8,105,2,270,6,255,6,0,0,1890,45,2350,55,510,12,2120,50,1605,38
"E","East Midlands","34","Northamptonshire","34UE","Kettering",,,5595,655,12,2945,53,865,15,400,7,130,2,335,6,265,5,0,0,2505,45,3090,55,640,11,2865,51,2085,37
"E","East Midlands","34","Northamptonshire","34UF","Northampton",,,15520,2480,16,7275,47,3045,20,1000,6,415,3,795,5,510,3,0,0,7185,46,8335,54,2085,13,8505,55,4920,32
"E","East Midlands","34","Northamptonshire","34UG","South Northamptonshire",,,3065,380,12,1505,49,325,11,260,8,75,2,265,9,255,8,0,0,1385,45,1680,55,270,9,1415,46,1375,45
"E","East Midlands","34","Northamptonshire","34UH","Wellingborough",,,5660,825,15,2805,50,1070,19,315,6,130,2,280,5,235,4,0,0,2545,45,3115,55,780,14,2915,52,1960,35
"E","East Midlands","37","Nottinghamshire","37UB","Ashfield",,,12400,1550,13,6960,56,1675,14,955,8,305,2,570,5,385,3,0,0,6320,51,6080,49,1420,11,6000,48,4975,40
"E","East Midlands","37","Nottinghamshire","37UC","Bassetlaw",,,12020,1490,12,6895,57,1405,12,875,7,345,3,650,5,360,3,0,0,6240,52,5780,48,1340,11,5805,48,4875,41
"E","East Midlands","37","Nottinghamshire","37UD","Broxtowe",,,8085,1165,14,4290,53,925,11,635,8,185,2,515,6,370,5,0,0,3935,49,4150,51,795,10,3745,46,3540,44
"E","East Midlands","37","Nottinghamshire","37UE","Gedling",,,8220,1160,14,4305,52,1060,13,620,8,185,2,540,7,350,4,0,0,4095,50,4125,50,830,10,3970,48,3420,42
"E","East Midlands","37","Nottinghamshire","37UF","Mansfield",,,12595,1325,11,7325,58,1710,14,995,8,265,2,680,5,295,2,0,0,6580,52,6015,48,1495,12,6215,49,4870,39
"E","East Midlands","37","Nottinghamshire","37UG","Newark and Sherwood",,,9150,1005,11,5040,55,1310,14,705,8,215,2,495,5,380,4,0,0,4560,50,4590,50,1010,11,4420,48,3710,41
"E","East Midlands","37","Nottinghamshire","37UJ","Rushcliffe",,,5320,775,15,2740,52,515,10,380,7,180,3,380,7,350,7,0,0,2605,49,2715,51,480,9,2530,48,2310,43
"F","West Midlands",,,"00CN","Birmingham",,,130675,28395,22,57325,44,24285,19,8165,6,4685,4,5250,4,2570,2,0,0,66115,51,64560,49,19170,15,73350,56,37970,29
"F","West Midlands",,,"00CQ","Coventry",,,32890,5910,18,16145,49,5585,17,1825,6,1035,3,1500,5,890,3,0,0,16405,50,16485,50,4325,13,17560,53,10980,33
"F","West Midlands",,,"00CR","Dudley",,,28925,5575,19,13375,46,4035,14,2355,8,955,3,1610,6,1020,4,0,0,14985,52,13940,48,3415,12,14115,49,11365,39
"F","West Midlands",,,"00CS","Sandwell",,,36920,7040,19,16660,45,6400,17,2700,7,1365,4,1830,5,925,3,0,0,18530,50,18390,50,4830,13,18880,51,13165,36
"F","West Midlands",,,"00CT","Solihull",,,14715,2160,15,7260,49,2270,15,1040,7,365,2,925,6,695,5,0,0,6900,47,7815,53,1665,11,7065,48,5980,41
"F","West Midlands",,,"00CU","Walsall",,,28790,4865,17,14095,49,4300,15,2275,8,1010,4,1385,5,860,3,0,0,14690,51,14100,49,4090,14,14245,49,10425,36
"F","West Midlands",,,"00CW","Wolverhampton",,,30310,5850,19,14125,47,5220,17,2045,7,1010,3,1285,4,775,3,0,0,15120,50,15190,50,4275,14,15885,52,10120,33
"F","West Midlands",,,"00GA","Herefordshire, County of",,,11830,1665,14,5865,50,1680,14,935,8,305,3,805,7,575,5,0,0,5745,49,6085,51,1390,12,5825,49,4600,39
"F","West Midlands",,,"00GF","Telford and Wrekin",,,15715,1815,12,7880,50,2985,19,1285,8,355,2,900,6,495,3,0,0,7040,45,8675,55,2105,13,8055,51,5530,35
"F","West Midlands",,,"00GL","Stoke-on-Trent",,,33725,4055,12,20215,60,4450,13,1975,6,830,2,1485,4,715,2,0,0,17120,51,16605,49,4345,13,17120,51,12255,36
"F","West Midlands","39","Shropshire","39UB","Bridgnorth",,,3170,420,13,1675,53,275,9,295,9,100,3,220,7,185,6,0,0,1585,50,1585,50,265,8,1330,42,1570,50
"F","West Midlands","39","Shropshire","39UC","North Shropshire",,,3990,495,12,2160,54,450,11,345,9,100,3,235,6,205,5,0,0,1925,48,2065,52,465,12,1880,47,1645,41
"F","West Midlands","39","Shropshire","39UD","Oswestry",,,2975,400,13,1625,55,325,11,235,8,75,3,185,6,130,4,0,0,1470,49,1505,51,405,14,1395,47,1170,39
"F","West Midlands","39","Shropshire","39UE","Shrewsbury and Atcham",,,6730,785,12,3735,55,835,12,455,7,170,3,475,7,275,4,0,0,3455,51,3275,49,710,11,3310,49,2705,40
"F","West Midlands","39","Shropshire","39UF","South Shropshire",,,2555,305,12,1400,55,270,11,235,9,60,2,170,7,115,5,0,0,1270,50,1285,50,215,8,1160,45,1175,46
"F","West Midlands","41","Staffordshire","41UB","Cannock Chase",,,8810,1145,13,4710,53,1015,12,875,10,210,2,545,6,310,4,0,0,4320,49,4490,51,1010,11,4150,47,3640,41
"F","West Midlands","41","Staffordshire","41UC","East Staffordshire",,,7955,1055,13,4065,51,1185,15,630,8,215,3,440,6,365,5,0,0,3865,49,4090,51,1035,13,3990,50,2925,37
"F","West Midlands","41","Staffordshire","41UD","Lichfield",,,6150,845,14,3140,51,710,12,565,9,145,2,400,7,345,6,0,0,2995,49,3155,51,615,10,2730,44,2805,46
"F","West Midlands","41","Staffordshire","41UE","Newcastle-under-Lyme",,,11100,1215,11,6730,61,1140,10,795,7,245,2,580,5,395,4,0,0,5670,51,5430,49,1125,10,5225,47,4745,43
"F","West Midlands","41","Staffordshire","41UF","South Staffordshire",,,6555,1000,15,3220,49,685,10,625,10,180,3,475,7,370,6,0,0,3215,49,3340,51,610,9,2890,44,3050,47
"F","West Midlands","41","Staffordshire","41UG","Stafford",,,8190,1310,16,4315,53,860,11,620,8,160,2,530,6,395,5,0,0,4085,50,4105,50,955,12,3825,47,3410,42
"F","West Midlands","41","Staffordshire","41UH","Staffordshire Moorlands",,,7590,870,11,4775,63,620,8,525,7,110,1,370,5,320,4,0,0,3820,50,3770,50,670,9,3300,43,3620,48
"F","West Midlands","41","Staffordshire","41UK","Tamworth",,,6610,960,15,3175,48,1030,16,575,9,155,2,475,7,240,4,0,0,3035,46,3575,54,850,13,3205,48,2550,39
"F","West Midlands","44","Warwickshire","44UB","North Warwickshire",,,4710,560,12,2520,54,545,12,440,9,125,3,325,7,195,4,0,0,2265,48,2445,52,450,10,2050,44,2210,47
"F","West Midlands","44","Warwickshire","44UC","Nuneaton and Bedworth",,,11295,1340,12,6005,53,1695,15,905,8,230,2,710,6,410,4,0,0,5385,48,5910,52,1245,11,5465,48,4580,41
"F","West Midlands","44","Warwickshire","44UD","Rugby",,,5545,910,16,2585,47,820,15,405,7,155,3,370,7,300,5,0,0,2595,47,2950,53,685,12,2700,49,2155,39
"F","West Midlands","44","Warwickshire","44UE","Stratford-on-Avon",,,5280,705,13,2595,49,595,11,425,8,130,2,410,8,420,8,0,0,2420,46,2860,54,515,10,2480,47,2285,43
"F","West Midlands","44","Warwickshire","44UF","Warwick",,,7190,1175,16,3575,50,1005,14,400,6,205,3,440,6,390,5,0,0,3560,50,3630,50,720,10,3735,52,2725,38
"F","West Midlands","47","Worcestershire","47UB","Bromsgrove",,,4725,685,14,2455,52,475,10,415,9,105,2,340,7,250,5,0,0,2255,48,2470,52,470,10,2165,46,2085,44
"F","West Midlands","47","Worcestershire","47UC","Malvern Hills",,,4315,460,11,2335,54,475,11,350,8,125,3,295,7,275,6,0,0,2090,48,2225,52,465,11,2010,47,1840,43
"F","West Midlands","47","Worcestershire","47UD","Redditch",,,6445,1000,16,3075,48,1015,16,525,8,155,2,415,6,260,4,0,0,2920,45,3525,55,880,14,3210,50,2355,37
"F","West Midlands","47","Worcestershire","47UE","Worcester",,,7020,1055,15,3515,50,1105,16,475,7,200,3,385,5,285,4,0,0,3360,48,3660,52,965,14,3700,53,2355,34
"F","West Midlands","47","Worcestershire","47UF","Wychavon",,,6385,865,14,3280,51,760,12,550,9,160,3,420,7,350,5,0,0,3045,48,3340,52,695,11,3035,48,2645,41
"F","West Midlands","47","Worcestershire","47UG","Wyre Forest",,,7835,1080,14,4120,53,1110,14,575,7,195,2,410,5,345,4,0,0,3820,49,4015,51,890,11,3750,48,3190,41
"G","East of England",,,"00JA","Peterborough",,,14420,1840,13,6720,47,3020,21,1000,7,545,4,840,6,455,3,0,0,6445,45,7975,55,1995,14,7955,55,4465,31
"G","East of England",,,"00KA","Luton",,,17085,3195,19,7495,44,3440,20,1080,6,605,4,755,4,515,3,0,0,8185,48,8900,52,2220,13,9570,56,5265,31
"G","East of England",,,"00KF","Southend-on-Sea",,,14830,2595,17,6970,47,2870,19,920,6,455,3,620,4,400,3,0,0,7210,49,7620,51,1805,12,8210,55,4795,32
"G","East of England",,,"00KG","Thurrock",,,11345,1540,14,5150,45,2385,21,880,8,335,3,635,6,420,4,0,0,5005,44,6340,56,1385,12,6115,54,3840,34
"G","East of England","09","Bedfordshire","09UC","Mid Bedfordshire",,,5350,890,17,2375,44,770,14,450,8,110,2,400,7,355,7,0,0,2275,43,3075,57,570,11,2685,50,2095,39
"G","East of England","09","Bedfordshire","09UD","Bedford",,,11255,2155,19,4960,44,2035,18,700,6,385,3,575,5,445,4,0,0,5275,47,5980,53,1450,13,6310,56,3480,31
"G","East of England","09","Bedfordshire","09UE","South Bedfordshire",,,6900,1040,15,3050,44,1425,21,440,6,145,2,455,7,345,5,0,0,3025,44,3875,56,880,13,3705,54,2310,33
"G","East of England","12","Cambridgeshire","12UB","Cambridge",,,6305,1080,17,3125,50,1080,17,265,4,175,3,365,6,215,3,0,0,3140,50,3165,50,835,13,3655,58,1810,29
"G","East of England","12","Cambridgeshire","12UC","East Cambridgeshire",,,3620,590,16,1690,47,525,15,280,8,95,3,255,7,185,5,0,0,1660,46,1960,54,410,11,1785,49,1425,39
"G","East of England","12","Cambridgeshire","12UD","Fenland",,,6780,745,11,3460,51,1040,15,580,9,210,3,490,7,255,4,0,0,3075,45,3705,55,785,12,3265,48,2725,40
"G","East of England","12","Cambridgeshire","12UE","Huntingdonshire",,,8025,1075,13,3665,46,1245,16,680,8,215,3,635,8,510,6,0,0,3500,44,4525,56,935,12,4085,51,3005,37
"G","East of England","12","Cambridgeshire","12UG","South Cambridgeshire",,,5215,720,14,2495,48,585,11,385,7,110,2,520,10,400,8,0,0,2415,46,2800,54,510,10,2690,52,2015,39
"G","East of England","22","Essex","22UB","Basildon",,,14565,1640,11,6625,45,3380,23,1090,7,470,3,810,6,550,4,0,0,6115,42,8450,58,1960,13,8020,55,4580,31
"G","East of England","22","Essex","22UC","Braintree",,,8025,1060,13,3985,50,1275,16,640,8,185,2,505,6,375,5,0,0,3585,45,4440,55,820,10,4180,52,3015,38
"G","East of England","22","Essex","22UD","Brentwood",,,3435,370,11,1770,52,515,15,245,7,110,3,225,7,200,6,0,0,1510,44,1925,56,330,10,1755,51,1350,39
"G","East of England","22","Essex","22UE","Castle Point",,,5795,660,11,2805,48,955,16,540,9,170,3,355,6,310,5,0,0,2575,44,3220,56,540,9,2715,47,2535,44
"G","East of England","22","Essex","22UF","Chelmsford",,,7945,1160,15,3570,45,1335,17,620,8,190,2,605,8,465,6,0,0,3415,43,4530,57,850,11,4345,55,2750,35
"G","East of England","22","Essex","22UG","Colchester",,,10530,1250,12,5590,53,1720,16,665,6,255,2,625,6,425,4,0,0,4920,47,5610,53,1280,12,5610,53,3630,34
"G","East of England","22","Essex","22UH","Epping Forest",,,7330,1125,15,3325,45,1410,19,505,7,165,2,400,5,400,5,0,0,3265,45,4065,55,700,10,3865,53,2765,38
"G","East of England","22","Essex","22UJ","Harlow",,,6605,1110,17,2895,44,1435,22,400,6,195,3,340,5,230,3,0,0,2890,44,3715,56,875,13,3820,58,1895,29
"G","East of England","22","Essex","22UK","Maldon",,,3450,430,12,1675,49,485,14,300,9,100,3,215,6,245,7,0,0,1585,46,1865,54,325,9,1645,48,1480,43
"G","East of England","22","Essex","22UL","Rochford",,,4185,610,15,2005,48,580,14,365,9,85,2,285,7,255,6,0,0,1920,46,2265,54,395,9,2075,50,1715,41
"G","East of England","22","Essex","22UN","Tendring",,,12600,1725,14,6810,54,1765,14,925,7,340,3,615,5,420,3,0,0,6450,51,6150,49,1335,11,5875,47,5385,43
"G","East of England","22","Essex","22UQ","Uttlesford",,,2665,355,13,1235,46,375,14,230,9,50,2,205,8,215,8,0,0,1175,44,1490,56,205,8,1330,50,1130,42
"G","East of England","26","Hertfordshire","26UB","Broxbourne",,,5835,820,14,2590,44,1225,21,435,7,130,2,325,6,310,5,0,0,2405,41,3430,59,640,11,3265,56,1930,33
"G","East of England","26","Hertfordshire","26UC","Dacorum",,,7365,1220,17,3275,44,1345,18,480,7,160,2,495,7,390,5,0,0,3285,45,4080,55,915,12,4045,55,2400,33
"G","East of England","26","Hertfordshire","26UD","East Hertfordshire",,,5270,730,14,2415,46,745,14,440,8,125,2,440,8,375,7,0,0,2320,44,2950,56,520,10,2805,53,1945,37
"G","East of England","26","Hertfordshire","26UE","Hertsmere",,,5375,815,15,2410,45,1090,20,325,6,165,3,305,6,265,5,0,0,2350,44,3025,56,540,10,3015,56,1810,34
"G","East of England","26","Hertfordshire","26UF","North Hertfordshire",,,6110,910,15,2765,45,1060,17,420,7,215,4,365,6,375,6,0,0,2770,45,3340,55,680,11,3210,53,2205,36
"G","East of England","26","Hertfordshire","26UG","St Albans",,,5860,750,13,2905,50,895,15,400,7,140,2,415,7,355,6,0,0,2655,45,3205,55,550,9,3210,55,2095,36
"G","East of England","26","Hertfordshire","26UH","Stevenage",,,5875,805,14,2535,43,1340,23,435,7,160,3,385,7,215,4,0,0,2560,44,3315,56,805,14,3370,57,1695,29
"G","East of England","26","Hertfordshire","26UJ","Three Rivers",,,4020,620,15,1770,44,760,19,265,7,90,2,260,6,255,6,0,0,1765,44,2255,56,435,11,2110,52,1475,37
"G","East of England","26","Hertfordshire","26UK","Watford",,,5085,910,18,2225,44,955,19,290,6,155,3,310,6,240,5,0,0,2365,47,2720,53,580,11,2875,57,1625,32
"G","East of England","26","Hertfordshire","26UL","Welwyn Hatfield",,,5610,815,15,2655,47,1075,19,335,6,135,2,340,6,255,5,0,0,2515,45,3095,55,685,12,3170,57,1755,31
"G","East of England","33","Norfolk","33UB","Breckland",,,7635,825,11,3940,52,1035,14,705,9,270,4,525,7,335,4,0,0,3555,47,4080,53,810,11,3610,47,3210,42
"G","East of England","33","Norfolk","33UC","Broadland",,,6530,695,11,3610,55,705,11,535,8,175,3,460,7,350,5,0,0,3085,47,3445,53,590,9,3125,48,2810,43
"G","East of England","33","Norfolk","33UD","Great Yarmouth",,,10905,2485,23,5020,46,1425,13,795,7,415,4,485,4,280,3,0,0,5750,53,5155,47,1470,13,5430,50,3990,37
"G","East of England","33","Norfolk","33UE","King's Lynn and West Norfolk",,,10770,1360,13,5740,53,1435,13,930,9,310,3,610,6,385,4,0,0,5305,49,5465,51,1190,11,5170,48,4395,41
"G","East of England","33","Norfolk","33UF","North Norfolk",,,7050,885,13,3850,55,810,11,555,8,225,3,405,6,320,5,0,0,3620,51,3430,49,660,9,3275,46,3115,44
"G","East of England","33","Norfolk","33UG","Norwich",,,13125,2290,17,6545,50,2325,18,695,5,475,4,505,4,290,2,0,0,6675,51,6450,49,1890,14,7415,56,3805,29
"G","East of England","33","Norfolk","33UH","South Norfolk",,,5975,760,13,3170,53,640,11,435,7,205,3,390,7,375,6,0,0,2835,47,3140,53,595,10,2715,45,2660,45
"G","East of England","42","Suffolk","42UB","Babergh",,,4520,655,14,2105,47,625,14,410,9,135,3,325,7,265,6,0,0,2080,46,2440,54,460,10,2225,49,1830,40
"G","East of England","42","Suffolk","42UC","Forest Heath",,,2675,345,13,1275,48,380,14,225,8,95,4,205,8,150,6,0,0,1195,45,1480,55,285,11,1315,49,1070,40
"G","East of England","42","Suffolk","42UD","Ipswich",,,10870,2205,20,4580,42,1985,18,885,8,370,3,590,5,255,2,0,0,5300,49,5570,51,1605,15,5925,55,3325,31
"G","East of England","42","Suffolk","42UE","Mid Suffolk",,,4180,545,13,1980,47,500,12,430,10,120,3,320,8,285,7,0,0,1880,45,2300,55,450,11,2010,48,1715,41
"G","East of England","42","Suffolk","42UF","St Edmundsbury",,,5500,790,14,2645,48,750,14,480,9,155,3,385,7,295,5,0,0,2515,46,2985,54,625,11,2790,51,2085,38
"G","East of England","42","Suffolk","42UG","Suffolk Coastal",,,6340,970,15,2960,47,840,13,630,10,175,3,415,7,350,6,0,0,2980,47,3360,53,605,10,3080,49,2650,42
"G","East of England","42","Suffolk","42UH","Waveney",,,10775,1920,18,5045,47,1600,15,910,8,345,3,605,6,350,3,0,0,5290,49,5485,51,1285,12,5430,50,4060,38
"H","London",,,"00AA","City of London",,,420,120,29,185,44,40,10,20,5,30,7,15,4,10,2,0,0,255,61,165,39,45,11,240,57,135,32
"H","London",,,"00AB","Barking and Dagenham",,,20255,3115,15,8700,43,5325,26,1190,6,565,3,1000,5,360,2,0,0,8715,43,11540,57,2805,14,11830,58,5610,28
"H","London",,,"00AC","Barnet",,,24240,5300,22,9730,40,5110,21,1280,5,955,4,1055,4,810,3,0,0,11150,46,13090,54,2685,11,14580,60,6930,29
"H","London",,,"00AD","Bexley",,,15360,2515,16,6355,41,3515,23,985,6,435,3,855,6,700,5,0,0,6555,43,8805,57,1720,11,8420,55,5220,34
"H","London",,,"00AE","Brent",,,30140,6990,23,12545,42,6590,22,1075,4,1340,4,985,3,615,2,0,0,14815,49,15325,51,3275,11,18585,62,8225,27
"H","London",,,"00AF","Bromley",,,19145,3510,18,8055,42,4135,22,1030,5,590,3,930,5,895,5,0,0,8565,45,10580,55,2140,11,10820,57,6175,32
"H","London",,,"00AG","Camden",,,25155,5525,22,11970,48,4695,19,800,3,1215,5,680,3,270,1,0,0,12930,51,12225,49,2680,11,16085,64,6350,25
"H","London",,,"00AH","Croydon",,,28550,5870,21,10900,38,7400,26,1215,4,1025,4,1235,4,905,3,0,0,12620,44,15930,56,3705,13,17030,60,7800,27
"H","London",,,"00AJ","Ealing",,,29645,5790,20,13395,45,5970,20,1190,4,1375,5,1130,4,795,3,0,0,14320,48,15325,52,3250,11,17540,59,8810,30
"H","London",,,"00AK","Enfield",,,27540,5325,19,11495,42,6465,23,1165,4,1345,5,1005,4,740,3,0,0,12560,46,14980,54,3440,12,16260,59,7810,28
"H","London",,,"00AL","Greenwich",,,26205,5160,20,10305,39,7110,27,1185,5,985,4,960,4,500,2,0,0,11445,44,14760,56,3750,14,15530,59,6875,26
"H","London",,,"00AM","Hackney",,,33580,7305,22,13880,41,8260,25,1085,3,1910,6,875,3,265,1,0,0,16005,48,17575,52,4140,12,21525,64,7850,23
"H","London",,,"00AN","Hammersmith and Fulham",,,18475,4280,23,7895,43,4105,22,490,3,875,5,560,3,270,1,0,0,9055,49,9420,51,2070,11,11625,63,4760,26
"H","London",,,"00AP","Haringey",,,31010,7265,23,12195,39,7615,25,885,3,1800,6,850,3,400,1,0,0,14695,47,16315,53,3905,13,19840,64,7215,23
"H","London",,,"00AQ","Harrow",,,15350,2785,18,6730,44,2915,19,885,6,530,3,835,5,670,4,0,0,6990,46,8360,54,1705,11,8795,57,4835,31
"H","London",,,"00AR","Havering",,,16275,2195,13,7715,47,3035,19,1225,8,405,2,980,6,720,4,0,0,7205,44,9070,56,1685,10,8595,53,5980,37
"H","London",,,"00AS","Hillingdon",,,19310,2980,15,8430,44,4420,23,1015,5,775,4,930,5,760,4,0,0,8410,44,10900,56,2605,13,10930,57,5750,30
"H","London",,,"00AT","Hounslow",,,20115,2845,14,9365,47,4465,22,870,4,990,5,950,5,630,3,0,0,8995,45,11120,55,2390,12,11560,57,6135,30
"H","London",,,"00AU","Islington",,,27805,5870,21,12505,45,6330,23,815,3,1270,5,730,3,285,1,0,0,13110,47,14695,53,3120,11,17885,64,6770,24
"H","London",,,"00AW","Kensington and Chelsea",,,12790,2895,23,6035,47,2305,18,350,3,620,5,370,3,215,2,0,0,6450,50,6340,50,1105,9,7965,62,3700,29
"H","London",,,"00AX","Kingston upon Thames",,,7890,1660,21,3375,43,1500,19,355,4,280,4,370,5,350,4,0,0,3695,47,4195,53,875,11,4475,57,2540,32
"H","London",,,"00AY","Lambeth",,,35575,9665,27,13080,37,9220,26,765,2,1580,4,815,2,450,1,0,0,17270,49,18305,51,4355,12,23315,66,7830,22
"H","London",,,"00AZ","Lewisham",,,29850,7160,24,11160,37,7855,26,980,3,1255,4,935,3,505,2,0,0,13895,47,15955,53,4050,14,18550,62,7215,24
"H","London",,,"00BA","Merton",,,12425,2760,22,4950,40,2735,22,550,4,460,4,555,4,415,3,0,0,5710,46,6715,54,1495,12,7120,57,3805,31
"H","London",,,"00BB","Newham",,,35360,7065,20,14070,40,9050,26,1790,5,1495,4,1375,4,515,1,0,0,16085,45,19275,55,4600,13,21910,62,8770,25
"H","London",,,"00BC","Redbridge",,,20240,3675,18,9040,45,3710,18,1325,7,715,4,1065,5,710,4,0,0,9385,46,10855,54,2115,10,11420,56,6690,33
"H","London",,,"00BD","Richmond upon Thames",,,8830,1905,22,3995,45,1460,17,370,4,290,3,410,5,400,5,0,0,4210,48,4620,52,790,9,5050,57,2985,34
"H","London",,,"00BE","Southwark",,,33930,8630,25,12575,37,9175,27,985,3,1295,4,845,2,425,1,0,0,15785,47,18145,53,4360,13,21635,64,7880,23
"H","London",,,"00BF","Sutton",,,11350,1910,17,4915,43,2360,21,695,6,295,3,600,5,575,5,0,0,4890,43,6460,57,1245,11,6415,57,3685,32
"H","London",,,"00BG","Tower Hamlets",,,29755,7605,26,11730,39,5965,20,1620,5,1765,6,825,3,245,1,0,0,15485,52,14270,48,3960,13,18490,62,7190,24
"H","London",,,"00BH","Waltham Forest",,,25150,5620,22,10200,41,5525,22,1285,5,1005,4,995,4,520,2,0,0,11975,48,13175,52,3015,12,15145,60,6955,28
"H","London",,,"00BJ","Wandsworth",,,22800,5450,24,9175,40,4830,21,855,4,1110,5,835,4,545,2,0,0,10940,48,11860,52,2590,11,13800,61,6375,28
"H","London",,,"00BK","Westminster",,,19685,4215,21,9610,49,3360,17,695,4,960,5,580,3,265,1,0,0,10120,51,9565,49,1850,9,12570,64,5235,27
"J","South East",,,"00LC","Medway",,,19680,3185,16,8305,42,4225,21,1415,7,670,3,1075,5,805,4,0,0,8830,45,10850,55,2640,13,10660,54,6355,32
"J","South East",,,"00MA","Bracknell Forest",,,5235,865,17,2380,45,965,18,290,6,130,2,310,6,295,6,0,0,2490,48,2745,52,640,12,2990,57,1605,31
"J","South East",,,"00MB","West Berkshire",,,6065,860,14,2760,46,1025,17,445,7,130,2,400,7,445,7,0,0,2780,46,3285,54,675,11,3265,54,2115,35
"J","South East",,,"00MC","Reading",,,9900,1950,20,4080,41,2285,23,465,5,365,4,420,4,335,3,0,0,4590,46,5310,54,1485,15,5710,58,2705,27
"J","South East",,,"00MD","Slough",,,9745,1980,20,4000,41,2160,22,495,5,360,4,415,4,335,3,0,0,4525,46,5220,54,1185,12,5665,58,2875,30
"J","South East",,,"00ME","Windsor and Maidenhead",,,5810,1140,20,2355,41,950,16,340,6,170,3,370,6,485,8,0,0,2645,46,3165,54,635,11,3040,52,2135,37
"J","South East",,,"00MF","Wokingham",,,5215,970,19,2285,44,620,12,380,7,105,2,425,8,430,8,0,0,2450,47,2765,53,560,11,2715,52,1940,37
"J","South East",,,"00MG","Milton Keynes",,,15475,2110,14,7230,47,3265,21,950,6,365,2,1015,7,540,3,0,0,6600,43,8875,57,1915,12,8630,56,4900,32
"J","South East",,,"00ML","Brighton and Hove",,,24475,4750,19,12390,51,3960,16,1095,4,665,3,1015,4,600,2,0,0,12730,52,11745,48,2415,10,14715,60,7330,30
"J","South East",,,"00MR","Portsmouth",,,15545,2350,15,7300,47,3275,21,865,6,565,4,690,4,500,3,0,0,7540,49,8005,51,1880,12,8510,55,5135,33
"J","South East",,,"00MS","Southampton",,,19955,2960,15,9490,48,4125,21,1150,6,700,4,995,5,535,3,0,0,9665,48,10290,52,2735,14,10935,55,6260,31
"J","South East",,,"00MW","Isle of Wight",,,12610,2275,18,6265,50,1835,15,865,7,370,3,540,4,460,4,0,0,6460,51,6150,49,1450,11,6085,48,5060,40
"J","South East","11","Buckinghamshire","11UB","Aylesbury Vale",,,7745,945,12,3715,48,1245,16,625,8,155,2,570,7,490,6,0,0,3405,44,4340,56,820,11,4175,54,2750,36
"J","South East","11","Buckinghamshire","11UC","Chiltern",,,3685,575,16,1795,49,485,13,240,7,95,3,235,6,260,7,0,0,1765,48,1920,52,400,11,1940,53,1345,36
"J","South East","11","Buckinghamshire","11UE","South Bucks",,,2510,365,15,1115,44,440,18,165,7,80,3,155,6,190,8,0,0,1050,42,1460,58,255,10,1310,52,945,38
"J","South East","11","Buckinghamshire","11UF","Wycombe",,,8150,1585,19,3305,41,1465,18,565,7,230,3,515,6,485,6,0,0,3755,46,4395,54,985,12,4455,55,2690,33
"J","South East","21","East Sussex","21UC","Eastbourne",,,7410,1105,15,3780,51,1270,17,415,6,240,3,325,4,275,4,0,0,3580,48,3830,52,785,11,4050,55,2570,35
"J","South East","21","East Sussex","21UD","Hastings",,,10350,1600,15,5325,51,1935,19,560,5,320,3,390,4,220,2,0,0,5250,51,5100,49,1315,13,5630,54,3395,33
"J","South East","21","East Sussex","21UF","Lewes",,,5610,780,14,2820,50,885,16,405,7,160,3,290,5,270,5,0,0,2640,47,2970,53,565,10,2780,50,2265,40
"J","South East","21","East Sussex","21UG","Rother",,,5720,690,12,2995,52,875,15,410,7,145,3,315,6,290,5,0,0,2680,47,3040,53,510,9,2765,48,2440,43
"J","South East","21","East Sussex","21UH","Wealden",,,6360,695,11,3285,52,865,14,525,8,130,2,390,6,470,7,0,0,2845,45,3515,55,560,9,3135,49,2665,42
"J","South East","24","Hampshire","24UB","Basingstoke and Deane",,,7460,930,12,3515,47,1390,19,490,7,165,2,505,7,465,6,0,0,3110,42,4350,58,855,11,4005,54,2600,35
"J","South East","24","Hampshire","24UC","East Hampshire",,,4820,650,13,2255,47,750,16,375,8,115,2,330,7,345,7,0,0,2150,45,2670,55,610,13,2440,51,1765,37
"J","South East","24","Hampshire","24UD","Eastleigh",,,5770,615,11,2830,49,920,16,455,8,145,3,425,7,380,7,0,0,2535,44,3235,56,605,10,2940,51,2220,38
"J","South East","24","Hampshire","24UE","Fareham",,,4700,595,13,2230,47,645,14,410,9,120,3,370,8,330,7,0,0,2145,46,2555,54,490,10,2300,49,1905,41
"J","South East","24","Hampshire","24UF","Gosport",,,4945,535,11,2205,45,1045,21,385,8,170,3,370,7,235,5,0,0,2095,42,2850,58,680,14,2585,52,1680,34
"J","South East","24","Hampshire","24UG","Hart",,,2550,370,15,1120,44,355,14,200,8,25,1,245,10,235,9,0,0,1105,43,1445,57,230,9,1330,52,990,39
"J","South East","24","Hampshire","24UH","Havant",,,9130,1170,13,4240,46,1745,19,760,8,295,3,520,6,400,4,0,0,4225,46,4905,54,1155,13,4665,51,3305,36
"J","South East","24","Hampshire","24UJ","New Forest",,,9060,940,10,4565,50,1385,15,775,9,265,3,565,6,565,6,0,0,4160,46,4900,54,915,10,4510,50,3625,40
"J","South East","24","Hampshire","24UL","Rushmoor",,,4555,665,15,2095,46,885,19,290,6,115,3,285,6,220,5,0,0,1945,43,2610,57,565,12,2615,57,1375,30
"J","South East","24","Hampshire","24UN","Test Valley",,,4990,535,11,2435,49,755,15,440,9,120,2,370,7,335,7,0,0,2130,43,2860,57,560,11,2525,51,1905,38
"J","South East","24","Hampshire","24UP","Winchester",,,4355,560,13,2150,49,585,13,305,7,125,3,300,7,330,8,0,0,2140,49,2215,51,495,11,2240,51,1620,37
"J","South East","29","Kent","29UB","Ashford",,,6830,850,12,3200,47,1260,18,530,8,225,3,410,6,355,5,0,0,3060,45,3770,55,885,13,3480,51,2460,36
"J","South East","29","Kent","29UC","Canterbury",,,9685,1215,13,4750,49,1660,17,725,7,360,4,575,6,400,4,0,0,4610,48,5075,52,1145,12,4865,50,3665,38
"J","South East","29","Kent","29UD","Dartford",,,5775,805,14,2675,46,1150,20,390,7,155,3,315,5,285,5,0,0,2580,45,3195,55,660,11,3130,54,1985,34
"J","South East","29","Kent","29UE","Dover",,,9360,1325,14,4650,50,1675,18,615,7,295,3,415,4,385,4,0,0,4590,49,4770,51,1135,12,4685,50,3540,38
"J","South East","29","Kent","29UG","Gravesham",,,7540,1315,17,3365,45,1390,18,525,7,240,3,375,5,330,4,0,0,3510,47,4030,53,905,12,4015,53,2620,35
"J","South East","29","Kent","29UH","Maidstone",,,8460,1085,13,4100,48,1515,18,580,7,245,3,515,6,420,5,0,0,3930,46,4530,54,1030,12,4420,52,3010,36
"J","South East","29","Kent","29UK","Sevenoaks",,,5445,710,13,2570,47,965,18,395,7,125,2,340,6,340,6,0,0,2405,44,3040,56,565,10,2795,51,2075,38
"J","South East","29","Kent","29UL","Shepway",,,8765,1320,15,4335,49,1470,17,565,6,345,4,395,5,335,4,0,0,4390,50,4375,50,1030,12,4525,52,3200,37
"J","South East","29","Kent","29UM","Swale",,,10990,1720,16,5180,47,1950,18,830,8,350,3,565,5,395,4,0,0,5230,48,5760,52,1480,13,5630,51,3880,35
"J","South East","29","Kent","29UN","Thanet",,,13880,2620,19,6505,47,2375,17,925,7,480,3,585,4,390,3,0,0,6980,50,6900,50,1775,13,6985,50,5110,37
"J","South East","29","Kent","29UP","Tonbridge and Malling",,,5450,665,12,2555,47,1035,19,425,8,105,2,350,6,315,6,0,0,2435,45,3015,55,580,11,2865,53,1995,37
"J","South East","29","Kent","29UQ","Tunbridge Wells",,,5300,645,12,2645,50,955,18,320,6,140,3,285,5,310,6,0,0,2510,47,2790,53,640,12,2905,55,1755,33
"J","South East","38","Oxfordshire","38UB","Cherwell",,,6345,665,10,3160,50,1130,18,450,7,175,3,435,7,330,5,0,0,2820,44,3525,56,790,12,3360,53,2195,35
"J","South East","38","Oxfordshire","38UC","Oxford",,,8920,1325,15,4300,48,1880,21,385,4,360,4,410,5,260,3,0,0,4300,48,4620,52,1175,13,5240,59,2500,28
"J","South East","38","Oxfordshire","38UD","South Oxfordshire",,,5130,655,13,2335,46,820,16,375,7,115,2,410,8,420,8,0,0,2315,45,2815,55,550,11,2680,52,1895,37
"J","South East","38","Oxfordshire","38UE","Vale of White Horse",,,4540,520,11,2180,48,720,16,350,8,85,2,370,8,315,7,0,0,1985,44,2555,56,505,11,2365,52,1670,37
"J","South East","38","Oxfordshire","38UF","West Oxfordshire",,,3635,410,11,1755,48,515,14,295,8,105,3,285,8,270,7,0,0,1620,45,2015,55,385,11,1855,51,1395,38
"J","South East","43","Surrey","43UB","Elmbridge",,,4725,690,15,2085,44,940,20,265,6,125,3,280,6,340,7,0,0,2110,45,2615,55,465,10,2625,56,1635,35
"J","South East","43","Surrey","43UC","Epsom and Ewell",,,3120,455,15,1540,49,495,16,185,6,55,2,190,6,200,6,0,0,1410,45,1710,55,320,10,1605,51,1195,38
"J","South East","43","Surrey","43UD","Guildford",,,5305,740,14,2530,48,895,17,335,6,135,3,330,6,340,6,0,0,2345,44,2960,56,595,11,2950,56,1760,33
"J","South East","43","Surrey","43UE","Mole Valley",,,3175,395,12,1555,49,405,13,240,8,75,2,250,8,255,8,0,0,1520,48,1655,52,285,9,1660,52,1230,39
"J","South East","43","Surrey","43UF","Reigate and Banstead",,,5745,620,11,2905,51,965,17,345,6,135,2,390,7,385,7,0,0,2605,45,3140,55,615,11,3070,53,2060,36
"J","South East","43","Surrey","43UG","Runnymede",,,3165,460,15,1475,47,540,17,170,5,105,3,205,6,210,7,0,0,1425,45,1740,55,290,9,1695,54,1180,37
"J","South East","43","Surrey","43UH","Spelthorne",,,4720,610,13,2195,47,920,19,295,6,145,3,270,6,285,6,0,0,2045,43,2675,57,440,9,2605,55,1670,35
"J","South East","43","Surrey","43UJ","Surrey Heath",,,2835,435,15,1200,42,440,16,270,10,45,2,195,7,250,9,0,0,1215,43,1620,57,295,10,1525,54,1010,36
"J","South East","43","Surrey","43UK","Tandridge",,,3420,385,11,1670,49,525,15,250,7,85,2,235,7,270,8,0,0,1525,45,1895,55,350,10,1725,50,1345,39
"J","South East","43","Surrey","43UL","Waverley",,,4515,585,13,2235,50,660,15,305,7,105,2,300,7,325,7,0,0,2065,46,2450,54,480,11,2305,51,1730,38
"J","South East","43","Surrey","43UM","Woking",,,3925,560,14,1790,46,685,17,285,7,135,3,230,6,240,6,0,0,1730,44,2195,56,450,11,2145,55,1325,34
"J","South East","45","West Sussex","45UB","Adur",,,3980,430,11,2010,51,730,18,300,8,105,3,220,6,185,5,0,0,1720,43,2260,57,415,10,1995,50,1560,39
"J","South East","45","West Sussex","45UC","Arun",,,8960,885,10,4885,55,1435,16,600,7,245,3,455,5,455,5,0,0,4295,48,4665,52,820,9,4400,49,3735,42
"J","South East","45","West Sussex","45UD","Chichester",,,5160,645,13,2515,49,835,16,360,7,165,3,310,6,330,6,0,0,2445,47,2715,53,515,10,2560,50,2085,40
"J","South East","45","West Sussex","45UE","Crawley",,,6215,765,12,2925,47,1415,23,345,6,185,3,325,5,255,4,0,0,2625,42,3590,58,840,14,3500,56,1870,30
"J","South East","45","West Sussex","45UF","Horsham",,,4800,675,14,2240,47,785,16,340,7,140,3,290,6,330,7,0,0,2155,45,2645,55,535,11,2495,52,1770,37
"J","South East","45","West Sussex","45UG","Mid Sussex",,,5035,540,11,2495,50,805,16,315,6,135,3,365,7,380,8,0,0,2200,44,2835,56,535,11,2660,53,1835,36
"J","South East","45","West Sussex","45UH","Worthing",,,6630,660,10,3715,56,1090,16,380,6,210,3,300,5,275,4,0,0,3195,48,3435,52,680,10,3520,53,2425,37
"K","South West",,,"00HA","Bath and North East Somerset",,,9445,1050,11,4920,52,1585,17,620,7,265,3,555,6,450,5,0,0,4460,47,4985,53,1015,11,5110,54,3320,35
"K","South West",,,"00HB","Bristol, City of",,,38300,5400,14,19730,52,7395,19,2155,6,1095,3,1575,4,950,2,0,0,18900,49,19400,51,5055,13,22060,58,11160,29
"K","South West",,,"00HC","North Somerset",,,12990,1255,10,7540,58,1715,13,885,7,325,3,665,5,605,5,0,0,6485,50,6505,50,1295,10,6595,51,5100,39
"K","South West",,,"00HD","South Gloucestershire",,,13040,1350,10,6600,51,2105,16,1105,8,295,2,880,7,705,5,0,0,5960,46,7080,54,1355,10,6700,51,4985,38
"K","South West",,,"00HG","Plymouth",,,26435,3615,14,14265,54,3765,14,2005,8,705,3,1390,5,690,3,0,0,13280,50,13155,50,3425,13,13955,53,9045,34
"K","South West",,,"00HH","Torbay",,,14020,2240,16,7265,52,2000,14,1065,8,425,3,655,5,370,3,0,0,7250,52,6770,48,1470,10,7150,51,5395,38
"K","South West",,,"00HN","Bournemouth",,,14265,1690,12,8295,58,2215,16,680,5,460,3,535,4,390,3,0,0,7480,52,6785,48,1360,10,8020,56,4870,34
"K","South West",,,"00HP","Poole",,,9015,905,10,4745,53,1570,17,645,7,255,3,485,5,410,5,0,0,4110,46,4905,54,935,10,4665,52,3410,38
"K","South West",,,"00HX","Swindon",,,12555,2010,16,5980,48,2265,18,750,6,295,2,755,6,500,4,0,0,5750,46,6805,54,1560,12,6905,55,4080,32
"K","South West","15","Cornwall and Isles of Scilly","15UB","Caradon",,,5980,820,14,3090,52,695,12,565,9,180,3,355,6,275,5,0,0,2900,48,3080,52,610,10,2755,46,2615,44
"K","South West","15","Cornwall and Isles of Scilly","15UC","Carrick",,,7080,1150,16,3620,51,870,12,570,8,210,3,360,5,300,4,0,0,3620,51,3460,49,780,11,3450,49,2850,40
"K","South West","15","Cornwall and Isles of Scilly","15UD","Kerrier",,,9400,1390,15,4955,53,1125,12,830,9,290,3,495,5,315,3,0,0,4890,52,4510,48,1020,11,4495,48,3885,41
"K","South West","15","Cornwall and Isles of Scilly","15UE","North Cornwall",,,6645,1045,16,3390,51,735,11,605,9,190,3,400,6,280,4,0,0,3335,50,3310,50,690,10,3115,47,2830,43
"K","South West","15","Cornwall and Isles of Scilly","15UF","Penwith",,,6915,1130,16,3675,53,815,12,510,7,220,3,350,5,215,3,0,0,3635,53,3280,47,735,11,3245,47,2935,42
"K","South West","15","Cornwall and Isles of Scilly","15UG","Restormel",,,8895,1380,16,4545,51,1050,12,830,9,290,3,455,5,345,4,0,0,4520,51,4375,49,1045,12,4235,48,3610,41
"K","South West","15","Cornwall and Isles of Scilly","15UH","Isles of Scilly",,,65,20,31,20,31,5,8,5,8,0,0,5,8,10,15,0,0,25,38,40,62,10,15,25,38,30,46
"K","South West","18","Devon","18UB","East Devon",,,7195,885,12,3885,54,875,12,590,8,190,3,375,5,395,5,0,0,3490,49,3705,51,715,10,3345,46,3135,44
"K","South West","18","Devon","18UC","Exeter",,,8910,1215,14,4770,54,1320,15,540,6,260,3,510,6,295,3,0,0,4490,50,4420,50,1160,13,4800,54,2950,33
"K","South West","18","Devon","18UD","Mid Devon",,,4485,470,10,2425,54,605,13,355,8,130,3,245,5,255,6,0,0,2185,49,2300,51,480,11,2225,50,1780,40
"K","South West","18","Devon","18UE","North Devon",,,7420,1185,16,3805,51,945,13,605,8,215,3,365,5,300,4,0,0,3750,51,3670,49,795,11,3620,49,3000,40
"K","South West","18","Devon","18UG","South Hams",,,5325,630,12,2860,54,630,12,430,8,135,3,345,6,295,6,0,0,2585,49,2740,51,475,9,2540,48,2305,43
"K","South West","18","Devon","18UH","Teignbridge",,,8550,1055,12,4665,55,1075,13,680,8,225,3,435,5,415,5,0,0,4305,50,4245,50,845,10,4005,47,3685,43
"K","South West","18","Devon","18UK","Torridge",,,4865,765,16,2550,52,515,11,440,9,150,3,230,5,215,4,0,0,2450,50,2415,50,470,10,2225,46,2170,45
"K","South West","18","Devon","18UL","West Devon",,,3155,365,12,1765,56,360,11,255,8,65,2,180,6,165,5,0,0,1560,49,1595,51,325,10,1455,46,1375,44
"K","South West","19","Dorset","19UC","Christchurch",,,2675,240,9,1395,52,415,16,260,10,65,2,140,5,160,6,0,0,1170,44,1505,56,240,9,1305,49,1130,42
"K","South West","19","Dorset","19UD","East Dorset",,,3945,430,11,1960,50,510,13,385,10,130,3,265,7,265,7,0,0,1790,45,2155,55,370,9,1805,46,1770,45
"K","South West","19","Dorset","19UE","North Dorset",,,2980,240,8,1585,53,390,13,300,10,85,3,215,7,165,6,0,0,1325,44,1655,56,300,10,1485,50,1195,40
"K","South West","19","Dorset","19UG","Purbeck",,,2425,230,9,1300,54,365,15,200,8,60,2,145,6,125,5,0,0,1145,47,1280,53,195,8,1180,49,1050,43
"K","South West","19","Dorset","19UH","West Dorset",,,5225,410,8,3015,58,660,13,385,7,145,3,325,6,285,5,0,0,2520,48,2705,52,470,9,2540,49,2215,42
"K","South West","19","Dorset","19UJ","Weymouth and Portland",,,5715,610,11,3295,58,765,13,400,7,170,3,265,5,210,4,0,0,2880,50,2835,50,660,12,2800,49,2250,39
"K","South West","23","Gloucestershire","23UB","Cheltenham",,,6975,1205,17,3345,48,1175,17,395,6,220,3,345,5,290,4,0,0,3450,49,3525,51,895,13,3795,54,2285,33
"K","South West","23","Gloucestershire","23UC","Cotswold",,,3380,455,13,1680,50,465,14,250,7,80,2,225,7,225,7,0,0,1540,46,1840,54,380,11,1615,48,1385,41
"K","South West","23","Gloucestershire","23UD","Forest of Dean",,,5905,920,16,3020,51,670,11,490,8,220,4,325,6,260,4,0,0,2955,50,2950,50,580,10,2805,48,2515,43
"K","South West","23","Gloucestershire","23UE","Gloucester",,,9155,1575,17,4445,49,1575,17,530,6,300,3,435,5,295,3,0,0,4575,50,4580,50,1260,14,4815,53,3080,34
"K","South West","23","Gloucestershire","23UF","Stroud",,,5895,910,15,3015,51,745,13,410,7,145,2,340,6,330,6,0,0,2880,49,3015,51,695,12,2945,50,2255,38
"K","South West","23","Gloucestershire","23UG","Tewkesbury",,,4040,625,15,1865,46,635,16,295,7,105,3,275,7,240,6,0,0,1850,46,2190,54,485,12,1960,49,1595,39
"K","South West","40","Somerset","40UB","Mendip",,,6515,810,12,3430,53,955,15,435,7,170,3,395,6,320,5,0,0,3150,48,3365,52,630,10,3460,53,2420,37
"K","South West","40","Somerset","40UC","Sedgemoor",,,8175,975,12,4425,54,1125,14,595,7,195,2,500,6,360,4,0,0,3960,48,4215,52,975,12,3875,47,3320,41
"K","South West","40","Somerset","40UD","South Somerset",,,8715,895,10,4745,54,1105,13,730,8,230,3,590,7,420,5,0,0,4150,48,4565,52,1060,12,4180,48,3475,40
"K","South West","40","Somerset","40UE","Taunton Deane",,,7000,655,9,3995,57,965,14,495,7,175,3,380,5,335,5,0,0,3430,49,3570,51,755,11,3575,51,2670,38
"K","South West","40","Somerset","40UF","West Somerset",,,2665,365,14,1495,56,320,12,190,7,80,3,130,5,85,3,0,0,1340,50,1325,50,310,12,1235,46,1115,42
"K","South West","46","Wiltshire","46UB","Kennet",,,3465,445,13,1710,49,550,16,250,7,95,3,190,5,225,6,0,0,1515,44,1950,56,365,11,1815,52,1285,37
"K","South West","46","Wiltshire","46UC","North Wiltshire",,,6245,920,15,2930,47,990,16,515,8,170,3,365,6,355,6,0,0,2770,44,3475,56,690,11,3280,53,2270,36
"K","South West","46","Wiltshire","46UD","Salisbury",,,5525,485,9,2975,54,845,15,390,7,140,3,375,7,315,6,0,0,2490,45,3035,55,575,10,2915,53,2035,37
"K","South West","46","Wiltshire","46UF","West Wiltshire",,,6690,750,11,3435,51,1150,17,480,7,170,3,345,5,360,5,0,0,3010,45,3680,55,775,12,3505,52,2410,36
,,,,"00NA","Isle of Anglesey",,,8265,1535,19,4390,53,925,11,595,7,200,2,395,5,225,3,0,0,4485,54,3780,46,845,10,3750,45,3665,44
,,,,"00NC","Gwynedd",,,12060,2300,19,6320,52,1335,11,855,7,340,3,530,4,380,3,0,0,6585,55,5475,45,1310,11,5460,45,5290,44
,,,,"00NE","Conwy",,,11475,1540,13,6590,57,1235,11,860,7,250,2,585,5,415,4,0,0,6005,52,5470,48,1110,10,5480,48,4885,43
,,,,"00NG","Denbighshire",,,10425,1200,12,6130,59,1225,12,765,7,235,2,555,5,315,3,0,0,5390,52,5035,48,1060,10,4940,47,4420,42
,,,,"00NJ","Flintshire",,,14220,1645,12,7990,56,1720,12,1225,9,275,2,875,6,490,3,0,0,6835,48,7385,52,1335,9,6695,47,6185,43
,,,,"00NL","Wrexham",,,14420,1585,11,8515,59,1605,11,1190,8,300,2,805,6,420,3,0,0,7200,50,7220,50,1640,11,6820,47,5955,41
,,,,"00NN","Powys",,,10530,1200,11,6115,58,1075,10,810,8,245,2,650,6,435,4,0,0,5250,50,5280,50,965,9,4775,45,4775,45
,,,,"00NQ","Ceredigion",,,6965,940,13,4315,62,530,8,475,7,140,2,350,5,215,3,0,0,3740,54,3225,46,695,10,3205,46,3060,44
,,,,"00NS","Pembrokeshire",,,13650,2340,17,7335,54,1565,11,1030,8,335,2,635,5,410,3,0,0,7160,52,6490,48,1575,12,6370,47,5695,42
,,,,"00NU","Carmarthenshire",,,23390,2420,10,15155,65,2130,9,1600,7,465,2,1025,4,595,3,0,0,12010,51,11380,49,2405,10,10645,46,10330,44
,,,,"00NX","Swansea",,,30215,3635,12,18145,60,3990,13,1860,6,535,2,1380,5,670,2,0,0,15275,51,14940,49,3585,12,14840,49,11775,39
,,,,"00NZ","Neath Port Talbot",,,22860,2180,10,14630,64,2430,11,1670,7,420,2,1120,5,410,2,0,0,11365,50,11495,50,2435,11,11035,48,9375,41
,,,,"00PB","Bridgend",,,18180,1765,10,11415,63,2055,11,1230,7,360,2,955,5,400,2,0,0,8960,49,9220,51,2100,12,8475,47,7590,42
,,,,"00PD","The Vale of Glamorgan",,,11620,1810,16,6125,53,1690,15,750,6,280,2,575,5,390,3,0,0,5800,50,5820,50,1445,12,5705,49,4465,38
,,,,"00PF","Rhondda, Cynon, Taff",,,37720,3210,9,25020,66,4455,12,2055,5,665,2,1595,4,720,2,0,0,18810,50,18910,50,4525,12,17930,48,15250,40
,,,,"00PH","Merthyr Tydfil",,,10930,1030,9,7215,66,1385,13,530,5,150,1,465,4,155,1,0,0,5525,51,5405,49,1245,11,5200,48,4485,41
,,,,"00PK","Caerphilly",,,27510,2725,10,17530,64,3085,11,1780,6,475,2,1345,5,570,2,0,0,13840,50,13670,50,3220,12,12980,47,11300,41
,,,,"00PL","Blaenau Gwent",,,12885,1590,12,8135,63,1435,11,700,5,230,2,595,5,200,2,0,0,6705,52,6180,48,1430,11,6040,47,5415,42
,,,,"00PM","Torfaen",,,12285,1250,10,7305,59,1700,14,835,7,235,2,695,6,265,2,0,0,6170,50,6115,50,1345,11,5830,47,5105,42
,,,,"00PP","Monmouthshire",,,6700,750,11,3805,57,720,11,535,8,140,2,430,6,320,5,0,0,3325,50,3375,50,630,9,3070,46,2990,45
,,,,"00PR","Newport",,,17235,2520,15,9035,52,3010,17,1060,6,430,2,800,5,380,2,0,0,8440,49,8795,51,2170,13,8765,51,6280,36
,,,,"00PT","Cardiff",,,34330,4980,15,18175,53,5845,17,1985,6,940,3,1640,5,765,2,0,0,17215,50,17115,50,4265,12,18685,54,11350,33
,,,,"100","Aberdeen City",,,18755,2275,12,11185,60,2635,14,750,4,540,3,700,4,670,4,0,0,9400,50,9355,50,2635,14,10000,53,6110,33
,,,,"110","Aberdeenshire",,,14705,1860,13,8275,56,1540,10,1085,7,340,2,800,5,805,5,0,0,6975,47,7730,53,1680,11,7150,49,5875,40
,,,,"120","Angus",,,9575,1940,20,4645,49,1200,13,625,7,280,3,465,5,420,4,0,0,4660,49,4915,51,1300,14,4675,49,3590,37
,,,,"130","Argyll & Bute",,,8480,1675,20,4410,52,860,10,465,5,290,3,355,4,425,5,0,0,4435,52,4045,48,880,10,4060,48,3530,42
,,,,"150","Clackmannanshire",,,6555,1040,16,3785,58,740,11,385,6,140,2,270,4,195,3,0,0,3255,50,3300,50,840,13,3300,50,2415,37
,,,,"170","Dumfries & Galloway",,,14505,2450,17,7615,52,1495,10,1210,8,440,3,735,5,560,4,0,0,7425,51,7080,49,1670,12,6615,46,6195,43
,,,,"180","Dundee City",,,20825,4320,21,10825,52,2965,14,1015,5,630,3,585,3,485,2,0,0,10820,52,10005,48,2930,14,11100,53,6780,33
,,,,"190","East Ayrshire",,,16355,3275,20,8235,50,2175,13,1125,7,540,3,570,3,435,3,0,0,8390,51,7965,49,2105,13,8115,50,6135,38
,,,,"200","East Dunbartonshire",,,8140,1275,16,4635,57,735,9,505,6,155,2,400,5,435,5,0,0,3960,49,4180,51,805,10,3960,49,3370,41
,,,,"210","East Lothian",,,7630,825,11,4430,58,945,12,545,7,195,3,360,5,330,4,0,0,3795,50,3835,50,825,11,3785,50,3020,40
,,,,"220","East Renfrewshire",,,6650,975,15,3810,57,655,10,420,6,125,2,350,5,315,5,0,0,3285,49,3365,51,675,10,3370,51,2605,39
,,,,"230","Edinburgh, City of",,,40935,6500,16,22445,55,5870,14,1935,5,1190,3,1730,4,1265,3,0,0,21225,52,19710,48,4940,12,23105,56,12865,31
,,,,"235","Eilean Siar",,,2755,690,25,1260,46,200,7,200,7,120,4,135,5,150,5,0,0,1625,59,1130,41,215,8,1210,44,1330,48
,,,,"240","Falkirk",,,17135,2970,17,9550,56,1935,11,1030,6,400,2,725,4,525,3,0,0,8730,51,8405,49,1965,11,8485,50,6670,39
,,,,"250","Fife",,,38815,8160,21,19585,50,4880,13,2320,6,985,3,1585,4,1300,3,0,0,19755,51,19060,49,5225,13,19375,50,14210,37
,,,,"260","Glasgow City",,,112235,15925,14,66675,59,16535,15,4750,4,3740,3,2855,3,1755,2,0,0,59435,53,52800,47,12965,12,64135,57,34995,31
,,,,"270","Highland",,,20440,4105,20,10180,50,2265,11,1405,7,605,3,970,5,910,4,0,0,10725,52,9715,48,2225,11,10120,50,8080,40
,,,,"280","Inverclyde",,,13430,1935,14,8145,61,1685,13,535,4,410,3,360,3,360,3,0,0,7305,54,6125,46,1705,13,6865,51,4850,36
,,,,"290","Midlothian",,,7865,890,11,4450,57,1120,14,550,7,155,2,410,5,290,4,0,0,3795,48,4070,52,970,12,3890,49,3000,38
,,,,"300","Moray",,,6725,1045,16,3550,53,770,11,530,8,190,3,325,5,315,5,0,0,3260,48,3465,52,765,11,3225,48,2725,41
,,,,"310","North Ayrshire",,,19840,4125,21,9945,50,2825,14,1110,6,570,3,700,4,565,3,0,0,10010,50,9830,50,2600,13,10000,50,7240,36
,,,,"320","North Lanarkshire",,,49645,6830,14,29790,60,5925,12,2710,5,1355,3,1755,4,1280,3,0,0,24480,49,25165,51,5690,11,25040,50,18885,38
,,,,"330","Orkney Islands",,,1400,240,17,740,53,95,7,110,8,45,3,65,5,105,8,0,0,755,54,645,46,130,9,605,43,665,48
,,,,"340","Perth & Kinross",,,9880,1600,16,5200,53,1140,12,645,7,280,3,545,6,470,5,0,0,4975,50,4905,50,1090,11,4860,49,3920,40
,,,,"350","Renfrewshire",,,22760,3490,15,13030,57,3030,13,1020,4,590,3,905,4,695,3,0,0,11715,51,11045,49,2675,12,11690,51,8385,37
,,,,"355","Scottish Borders",,,8135,1305,16,4430,54,835,10,505,6,260,3,400,5,400,5,0,0,4170,51,3965,49,985,12,3960,49,3185,39
,,,,"360","Shetland Islands",,,1340,240,18,715,53,120,9,60,4,25,2,80,6,100,7,0,0,690,51,650,49,160,12,605,45,575,43
,,,,"370","South Ayrshire",,,12485,2455,20,6520,52,1415,11,820,7,355,3,460,4,460,4,0,0,6530,52,5955,48,1480,12,6005,48,5000,40
,,,,"380","South Lanarkshire",,,38885,5420,14,23055,59,4475,12,2195,6,1125,3,1440,4,1175,3,0,0,19325,50,19560,50,4255,11,19610,50,15000,39
,,,,"390","Stirling",,,8030,1305,16,4455,55,840,10,545,7,210,3,355,4,320,4,0,0,4085,51,3945,49,905,11,4090,51,3030,38
,,,,"395","West Dunbartonshire",,,14695,2700,18,7855,53,2130,14,735,5,425,3,500,3,350,2,0,0,7685,52,7010,48,1785,12,7760,53,5135,35
,,,,"400","West Lothian",,,17910,2595,14,9835,55,2520,14,1105,6,430,2,830,5,595,3,0,0,8470,47,9440,53,2285,13,9120,51,6500,36