,,,,,,,,,,,,Lived at the same address,No usual address one year ago,Lived elsewhere one year ago within same area,Lived elsewhere outside the area but within the 'associated area',Lived elsewhere outside the 'associated area' but within the UK,Lived elsewhere outside the UK,Moved out of area but within the 'associated area',Moved outside the 'associated area' but within UK
78,United Kingdom,213,Great Britain,727,England & Wales,64,England,A,North East,20,Durham,438451,2814,37946,11936,672,1651,11894,647
78,United Kingdom,213,Great Britain,727,England & Wales,64,England,A,North East,2D,Tyne and Wear,949028,8050,90823,20446,1973,5618,21221,1592
78,United Kingdom,213,Great Britain,727,England & Wales,64,England,A,North East,35,Northumberland,274929,1588,20962,8058,928,725,7862,1081
78,United Kingdom,213,Great Britain,727,England & Wales,64,England,B,North West,13,Cheshire,603142,3630,42598,20874,878,2666,21082,806
78,United Kingdom,213,Great Britain,727,England & Wales,64,England,B,North West,16,Cumbria,434717,2820,37867,9586,1288,1329,9499,1251
78,United Kingdom,213,Great Britain,727,England & Wales,64,England,B,North West,2A,Greater Manchester,2193398,21261,209643,43763,2358,11905,47851,2163
78,United Kingdom,213,Great Britain,727,England & Wales,64,England,B,North West,2B,Merseyside,1222577,10145,102807,21140,1142,4215,24929,1034
78,United Kingdom,213,Great Britain,727,England & Wales,64,England,B,North West,30,Lancashire,998801,8076,91207,30535,1741,4614,28304,1376
78,United Kingdom,213,Great Britain,727,England & Wales,64,England,D,Yorkshire and The Humber,2C,South Yorkshire,1119500,8846,106206,25853,845,5088,26209,825
78,United Kingdom,213,Great Britain,727,England & Wales,64,England,D,Yorkshire and The Humber,2F,West Yorkshire,1821354,17339,187079,41388,1806,10245,39584,1905
78,United Kingdom,213,Great Britain,727,England & Wales,64,England,D,Yorkshire and The Humber,36,North Yorkshire,497521,3089,39754,23325,1447,4524,21587,2215
78,United Kingdom,213,Great Britain,727,England & Wales,64,England,E,East Midlands,17,Derbyshire,665282,3473,43120,20959,384,1367,19839,452
78,United Kingdom,213,Great Britain,727,England & Wales,64,England,E,East Midlands,31,Leicestershire,543566,3080,37287,22851,436,2358,20736,399
78,United Kingdom,213,Great Britain,727,England & Wales,64,England,E,East Midlands,32,Lincolnshire,563265,4223,51511,24369,911,2366,18772,794
78,United Kingdom,213,Great Britain,727,England & Wales,64,England,E,East Midlands,34,Northamptonshire,552465,4488,49161,20495,544,2523,17373,560
78,United Kingdom,213,Great Britain,727,England & Wales,64,England,E,East Midlands,37,Nottinghamshire,668275,4353,48826,24081,563,2412,22972,484
78,United Kingdom,213,Great Britain,727,England & Wales,64,England,F,West Midlands,2E,West Midlands,2282586,21460,192339,44315,1267,13625,56940,1409
78,United Kingdom,213,Great Britain,727,England & Wales,64,England,F,West Midlands,39,Shropshire,250954,1583,17023,11554,805,1254,10652,635
78,United Kingdom,213,Great Britain,727,England & Wales,64,England,F,West Midlands,41,Staffordshire,727542,4060,48378,24329,443,1992,23609,558
78,United Kingdom,213,Great Britain,727,England & Wales,64,England,F,West Midlands,44,Warwickshire,448732,2928,31398,19447,401,2954,17303,475
78,United Kingdom,213,Great Britain,727,England & Wales,64,England,F,West Midlands,47,Worcestershire,485471,3008,35234,16352,288,1754,15751,389
78,United Kingdom,213,Great Britain,727,England & Wales,64,England,G,East of England,9,Bedfordshire,338212,2439,22976,15493,371,2081,15045,341
78,United Kingdom,213,Great Britain,727,England & Wales,64,England,G,East of England,12,Cambridgeshire,472471,3813,42044,25412,1024,7894,23314,808
78,United Kingdom,213,Great Britain,727,England & Wales,64,England,G,East of England,22,Essex,1170485,7838,86462,39030,856,6164,35134,1488
78,United Kingdom,213,Great Britain,727,England & Wales,64,England,G,East of England,26,Hertfordshire,920710,6545,63104,35573,867,7178,38269,941
78,United Kingdom,213,Great Britain,727,England & Wales,64,England,G,East of England,33,Norfolk,701536,5140,60532,23699,935,4886,18977,806
78,United Kingdom,213,Great Britain,727,England & Wales,64,England,G,East of England,42,Suffolk,591467,4173,46827,20344,626,5116,16997,582
78,United Kingdom,213,Great Britain,727,England & Wales,64,England,H,London,1B,Inner London,2282928,51567,239920,118561,5022,68116,143648,3905
78,United Kingdom,213,Great Britain,727,England & Wales,64,England,H,London,1C,Outer London,3870831,48118,282649,147767,3735,52877,176044,4210
78,United Kingdom,213,Great Britain,727,England & Wales,64,England,J,South East,11,Buckinghamshire,424792,2820,26105,20190,581,4538,21529,609
78,United Kingdom,213,Great Britain,727,England & Wales,64,England,J,South East,21,East Sussex,433785,3534,35892,16389,258,2466,14066,321
78,United Kingdom,213,Great Britain,727,England & Wales,64,England,J,South East,24,Hampshire,1095408,7361,80603,47076,1789,7866,47661,1813
78,United Kingdom,213,Great Britain,727,England & Wales,64,England,J,South East,29,Kent,1177590,8841,96904,37677,1015,7691,34967,1044
78,United Kingdom,213,Great Britain,727,England & Wales,64,England,J,South East,38,Oxfordshire,512874,4755,48852,28082,1250,9675,28598,1060
78,United Kingdom,213,Great Britain,727,England & Wales,64,England,J,South East,43,Surrey,928857,6385,62990,45771,1598,13414,48769,1290
78,United Kingdom,213,Great Britain,727,England & Wales,64,England,J,South East,45,West Sussex,667382,4793,50919,25759,561,4200,23551,628
78,United Kingdom,213,Great Britain,727,England & Wales,64,England,K,South West,15,Cornwall and Isles of Scilly,438964,3917,39614,16638,435,1699,13354,442
78,United Kingdom,213,Great Britain,727,England & Wales,64,England,K,South West,18,Devon,609664,4957,57658,28071,639,3504,21900,665
78,United Kingdom,213,Great Britain,727,England & Wales,64,England,K,South West,19,Dorset,344694,2517,22828,18219,436,2286,15252,401
78,United Kingdom,213,Great Britain,727,England & Wales,64,England,K,South West,23,Gloucestershire,498018,3774,42086,17095,572,3014,16756,658
78,United Kingdom,213,Great Britain,727,England & Wales,64,England,K,South West,40,Somerset,438453,3216,36402,17674,430,1918,14793,403
78,United Kingdom,213,Great Britain,727,England & Wales,64,England,K,South West,46,Wiltshire,376332,2528,29339,20348,743,3683,19192,703
