DATASET_TITLE,Persons per Room - Household Residents (UV83),,,,,,FROM,Apr-2001,Apr-2001,Apr-2001,Apr-2001,Apr-2001
AREA_TYPE,Local Authority,,,,,,TO,Apr-2001,Apr-2001,Apr-2001,Apr-2001,Apr-2001
GEO_HIERARCHY,NeSS Geography Hierarchy,,,,,,HEADING,All Household Residents,Up to 0.5 persons per room,Over 0.5 and up to 1.0 persons per room,Over 1.0 and up to 1.5 persons per room,Over 1.5 persons per room
,,,,,,,MEASUREMENT_UNIT,Count,Count,Count,Count,Count
,,,,,,,STATISTICAL_UNIT,Persons,Persons,Persons,Persons,Persons
GOR_CODE,GOR_NAME,CTY_CODE,CTY_NAME,LA_CODE,LA_NAME,AREA_METADATA,,DATA_VALUE,DATA_VALUE,DATA_VALUE,DATA_VALUE,DATA_VALUE
"D","Yorkshire and The Humber",,,"00CC","Barnsley",,,215917,112858,97853,4432,774
"D","Yorkshire and The Humber",,,"00CE","Doncaster",,,282666,150914,124309,6347,1096
"D","Yorkshire and The Humber",,,"00CF","Rotherham",,,246013,126254,111911,6507,1341
"D","Yorkshire and The Humber",,,"00CG","Sheffield",,,504212,263825,220701,15293,4393
"D","Yorkshire and The Humber",,,"00CX","Bradford",,,459959,210769,206808,30961,11421
"D","Yorkshire and The Humber",,,"00CY","Calderdale",,,190879,100192,81170,7848,1669
"D","Yorkshire and The Humber",,,"00CZ","Kirklees",,,383053,192331,165377,20297,5048
"D","Yorkshire and The Humber",,,"00DA","Leeds",,,705134,364039,312615,22584,5896
"D","Yorkshire and The Humber",,,"00DB","Wakefield",,,311110,164251,138069,7033,1757
"D","Yorkshire and The Humber",,,"00FA","Kingston upon Hull, City of",,,239957,115177,115650,7592,1538
"D","Yorkshire and The Humber",,,"00FB","East Riding of Yorkshire",,,306881,189899,112676,3492,814
"D","Yorkshire and The Humber",,,"00FC","North East Lincolnshire",,,155990,86288,65932,3151,619
"D","Yorkshire and The Humber",,,"00FD","North Lincolnshire",,,151075,88708,59408,2592,367
"D","Yorkshire and The Humber",,,"00FF","York",,,174884,101336,70059,2734,755
"D","Yorkshire and The Humber","36","North Yorkshire","36UB","Craven",,,52341,31994,19456,706,185
"D","Yorkshire and The Humber","36","North Yorkshire","36UC","Hambleton",,,82440,53965,27521,773,181
"D","Yorkshire and The Humber","36","North Yorkshire","36UD","Harrogate",,,146186,92934,51019,1762,471
"D","Yorkshire and The Humber","36","North Yorkshire","36UE","Richmondshire",,,43542,25826,17136,481,99
"D","Yorkshire and The Humber","36","North Yorkshire","36UF","Ryedale",,,49570,31540,17200,686,144
"D","Yorkshire and The Humber","36","North Yorkshire","36UG","Scarborough",,,103429,62507,38546,1989,387
"D","Yorkshire and The Humber","36","North Yorkshire","36UH","Selby",,,75490,44086,30022,1184,198