DATASET_TITLE,Time Since Last Worked (UV27),,,,,,,,,,FROM,Apr-2001,Apr-2001,Apr-2001,Apr-2001,Apr-2001,Apr-2001,Apr-2001,Apr-2001,Apr-2001,Apr-2001,Apr-2001,Apr-2001
AREA_TYPE,Region,,,,,,,,,,TO,Apr-2001,Apr-2001,Apr-2001,Apr-2001,Apr-2001,Apr-2001,Apr-2001,Apr-2001,Apr-2001,Apr-2001,Apr-2001,Apr-2001
GEO_HIERARCHY,2003 Administrative Hierarchy,,,,,,,,,,HEADING,All People,In employment,Not in employment,Not in employment: Last worked in 2001,Not in employment: Last worked in 2000,Not in employment: Last worked in 1999,Not in employment: Last worked in 1998,Not in employment: Last worked in 1997,Not in employment: Last worked in 1996,Not in employment: Last worked in 1991 to 1995,Not in employment: Last worked before 1991,Not in employment: Never worked
,,,,,,,,,,,MEASUREMENT_UNIT,Count,Count,Count,Count,Count,Count,Count,Count,Count,Count,Count,Count
,,,,,,,,,,,STATISTICAL_UNIT,Persons,Persons,Persons,Persons,Persons,Persons,Persons,Persons,Persons,Persons,Persons,Persons
UK_CODE,UK_NAME,GB_CODE,GB_NAME,EW_CODE,EW_NAME,CTRY_CODE,CTRY_NAME,GOR_CODE,GOR_NAME,AREA_METADATA,,DATA_VALUE,DATA_VALUE,DATA_VALUE,DATA_VALUE,DATA_VALUE,DATA_VALUE,DATA_VALUE,DATA_VALUE,DATA_VALUE,DATA_VALUE,DATA_VALUE,DATA_VALUE
"213","United Kingdom","078","Great Britain","727","England and Wales","064","England",,,,,35532091,22441498,13090593,1097182,1613936,936923,736731,590010,571741,2360792,3289232,1894046
"213","United Kingdom","078","Great Britain","727","England and Wales","220","Wales",,,,,2075347,1186256,889091,60236,100395,60470,47746,38865,38650,159898,265046,117785
"213","United Kingdom","078","Great Britain","727","England and Wales",,,,,,,37607438,23627754,13979684,1157418,1714331,997393,784477,628875,610391,2520690,3554278,2011831
"213","United Kingdom","078","Great Britain","727","England and Wales","064","England","A","North East",,,1831354,1032968,798386,52785,86077,53134,41974,33778,32873,144706,241716,111343
"213","United Kingdom","078","Great Britain","727","England and Wales","064","England","B","North West",,,4839669,2900020,1939649,140792,217987,131250,104597,84345,84731,362378,530027,283542
"213","United Kingdom","078","Great Britain","727","England and Wales","064","England","D","Yorkshire and The Humber",,,3574331,2182839,1391492,108312,171807,97514,76511,61344,60136,246047,366446,203375
"213","United Kingdom","078","Great Britain","727","England and Wales","064","England","E","East Midlands",,,3020752,1917728,1103024,91562,141682,81890,64913,51364,49361,204467,279452,138333
"213","United Kingdom","078","Great Britain","727","England and Wales","064","England","F","West Midlands",,,3780784,2334567,1446217,112923,175783,105509,83054,64943,61266,255044,362170,225525
"213","United Kingdom","078","Great Britain","727","England and Wales","064","England","G","East of England",,,3884104,2579378,1304726,112337,160718,97580,78698,63338,61997,254154,329340,146564
"213","United Kingdom","078","Great Britain","727","England and Wales","064","England","H","London",,,5300332,3319134,1981198,191095,258347,137264,103310,81132,75950,300954,390017,443129
"213","United Kingdom","078","Great Britain","727","England and Wales","064","England","J","South East",,,5766307,3888756,1877551,178868,244204,140639,110216,90300,86496,353029,456914,216885
"213","United Kingdom","078","Great Britain","727","England and Wales","064","England","K","South West",,,3534458,2286108,1248350,108508,157331,92143,73458,59466,58931,240013,333150,125350