DATASET_TITLE,Accommodation Type - Household Spaces (UV56),,,,,,,,,,FROM,Apr-2001,Apr-2001,Apr-2001,Apr-2001,Apr-2001,Apr-2001,Apr-2001,Apr-2001,Apr-2001,Apr-2001,Apr-2001,Apr-2001
AREA_TYPE,Region,,,,,,,,,,TO,Apr-2001,Apr-2001,Apr-2001,Apr-2001,Apr-2001,Apr-2001,Apr-2001,Apr-2001,Apr-2001,Apr-2001,Apr-2001,Apr-2001
GEO_HIERARCHY,NeSS Geography Hierarchy,,,,,,,,,,HEADING,All Household Spaces,In an Unshared Dwelling,In an Unshared Dwelling: House or Bungalow,In an Unshared Dwelling: House or Bungalow: Detached,In an Unshared Dwelling: House or Bungalow: Semi-detached,In an Unshared Dwelling: House or Bungalow: Terraced (including end-terrace),"In an Unshared Dwelling: Flat, Maisonette or Apartment","In an Unshared Dwelling: Flat, Maisonette or Apartment: In a Purpose-Built Block of Flats","In an Unshared Dwelling: Flat, Maisonette or Apartment: Part of a Converted or Shared House","In an Unshared Dwelling: Flat, Maisonette or Apartment: In a Commercial Building",In an Unshared Dwelling: Caravan or Other Mobile or Temporary Structure,In a Shared Dwelling
,,,,,,,,,,,MEASUREMENT_UNIT,Count,Count,Count,Count,Count,Count,Count,Count,Count,Count,Count,Count
,,,,,,,,,,,STATISTICAL_UNIT,Households,Households,Households,Households,Households,Households,Households,Households,Households,Households,Households,Households
UK_CODE,UK_NAME,GB_CODE,GB_NAME,EW_CODE,EW_NAME,CTRY_CODE,CTRY_NAME,GOR_CODE,GOR_NAME,AREA_METADATA,,DATA_VALUE,DATA_VALUE,DATA_VALUE,DATA_VALUE,DATA_VALUE,DATA_VALUE,DATA_VALUE,DATA_VALUE,DATA_VALUE,DATA_VALUE,DATA_VALUE,DATA_VALUE
"213","United Kingdom","078","Great Britain","727","England and Wales","064","England","A","North East",,,1115821,1114516,959120,161761,439162,358197,154094,121884,23240,8970,1302,1305
"213","United Kingdom","078","Great Britain","727","England and Wales","064","England","B","North West",,,2950241,2943032,2534693,520125,1078301,936267,400121,301931,68452,29738,8218,7209
"213","United Kingdom","078","Great Britain","727","England and Wales","064","England","D","Yorkshire and The Humber",,,2160612,2153211,1873636,436152,809594,627890,274297,210353,42970,20974,5278,7401
"213","United Kingdom","078","Great Britain","727","England and Wales","064","England","E","East Midlands",,,1798879,1795856,1614936,579958,652282,382696,173810,130303,27418,16089,7110,3023
"213","United Kingdom","078","Great Britain","727","England and Wales","064","England","F","West Midlands",,,2227840,2223343,1901781,531182,838941,531658,313615,251985,40200,21430,7947,4497
"213","United Kingdom","078","Great Britain","727","England and Wales","064","England","G","East of England",,,2311989,2306557,1962432,697584,721543,543305,329960,262709,46070,21181,14165,5432
"213","United Kingdom","078","Great Britain","727","England and Wales","064","England","H","London",,,3109657,3081551,1588922,187764,594849,806309,1489268,1027386,405255,56627,3361,28106
"213","United Kingdom","078","Great Britain","727","England and Wales","064","England","J","South East",,,3401820,3388675,2750463,996140,967850,786473,614581,442992,131735,39854,23631,13145
"213","United Kingdom","078","Great Britain","727","England and Wales","064","England","K","South West",,,2185966,2178553,1807689,675790,610661,521238,352958,218247,105395,29316,17906,7413