DATASET_TITLE,Communal Establishment Residents (UV71),,,,,,,,,,FROM,Apr-2001,Apr-2001,Apr-2001,Apr-2001
AREA_TYPE,Region,,,,,,,,,,TO,Apr-2001,Apr-2001,Apr-2001,Apr-2001
GEO_HIERARCHY,2003 Administrative Hierarchy,,,,,,,,,,HEADING,All People in Communal Establishments,Residents,Staff or owner,Relatives of staff or owner
,,,,,,,,,,,MEASUREMENT_UNIT,Count,Count,Count,Count
,,,,,,,,,,,STATISTICAL_UNIT,Persons,Persons,Persons,Persons
UK_CODE,UK_NAME,GB_CODE,GB_NAME,EW_CODE,EW_NAME,CTRY_CODE,CTRY_NAME,GOR_CODE,GOR_NAME,AREA_METADATA,,DATA_VALUE,DATA_VALUE,DATA_VALUE,DATA_VALUE
"213","United Kingdom","078","Great Britain","727","England and Wales","064","England",,,,,890681,818466,67312,4903
"213","United Kingdom","078","Great Britain","727","England and Wales","220","Wales",,,,,43596,39632,3759,205
"213","United Kingdom","078","Great Britain","727","England and Wales",,,,,,,934277,858098,71071,5108
"213","United Kingdom","078","Great Britain","727","England and Wales","064","England","A","North East",,,42558,39494,2947,117
"213","United Kingdom","078","Great Britain","727","England and Wales","064","England","B","North West",,,114092,102612,10460,1020
"213","United Kingdom","078","Great Britain","727","England and Wales","064","England","D","Yorkshire and The Humber",,,84105,76916,6793,396
"213","United Kingdom","078","Great Britain","727","England and Wales","064","England","E","East Midlands",,,76617,70541,5734,342
"213","United Kingdom","078","Great Britain","727","England and Wales","064","England","F","West Midlands",,,81060,74604,6174,282
"213","United Kingdom","078","Great Britain","727","England and Wales","064","England","G","East of England",,,91606,84944,6251,411
"213","United Kingdom","078","Great Britain","727","England and Wales","064","England","H","London",,,93459,87398,5776,285
"213","United Kingdom","078","Great Britain","727","England and Wales","064","England","J","South East",,,190822,176436,13482,904
"213","United Kingdom","078","Great Britain","727","England and Wales","064","England","K","South West",,,116362,105521,9695,1146