DATASET_TITLE,Economic Activity - Full-time Students (UV29),,,,,,,,,,FROM,Apr-2001,Apr-2001,Apr-2001,Apr-2001,Apr-2001
AREA_TYPE,Region,,,,,,,,,,TO,Apr-2001,Apr-2001,Apr-2001,Apr-2001,Apr-2001
GEO_HIERARCHY,NeSS Geography Hierarchy,,,,,,,,,,HEADING,All Full-Time Students,Full-Time Students: Economically active,Full-Time Students: Economically active: In employment,Full-Time Students: Economically active: Unemployed,Full-Time Students: Economically inactive
,,,,,,,,,,,MEASUREMENT_UNIT,Count,Count,Count,Count,Count
,,,,,,,,,,,STATISTICAL_UNIT,Persons,Persons,Persons,Persons,Persons
UK_CODE,UK_NAME,GB_CODE,GB_NAME,EW_CODE,EW_NAME,CTRY_CODE,CTRY_NAME,GOR_CODE,GOR_NAME,AREA_METADATA,,DATA_VALUE,DATA_VALUE,DATA_VALUE,DATA_VALUE,DATA_VALUE
"213","United Kingdom","078","Great Britain","727","England and Wales","064","England","A","North East",,,125072,41584,34617,6967,83488
"213","United Kingdom","078","Great Britain","727","England and Wales","064","England","B","North West",,,337135,123080,105463,17617,214055
"213","United Kingdom","078","Great Britain","727","England and Wales","064","England","D","Yorkshire and The Humber",,,257768,90796,77602,13194,166972
"213","United Kingdom","078","Great Britain","727","England and Wales","064","England","E","East Midlands",,,205966,75004,65194,9810,130962
"213","United Kingdom","078","Great Britain","727","England and Wales","064","England","F","West Midlands",,,259382,93765,79301,14464,165617
"213","United Kingdom","078","Great Britain","727","England and Wales","064","England","G","East of England",,,224458,89995,80640,9355,134463
"213","United Kingdom","078","Great Britain","727","England and Wales","064","England","H","London",,,478376,157006,126806,30200,321370
"213","United Kingdom","078","Great Britain","727","England and Wales","064","England","J","South East",,,387745,156330,140938,15392,231415
"213","United Kingdom","078","Great Britain","727","England and Wales","064","England","K","South West",,,222826,90022,80667,9355,132804