DATASET_TITLE,Dependent Children (UV06),,,,,,FROM,Apr-2001,Apr-2001,Apr-2001,Apr-2001,Apr-2001,Apr-2001,Apr-2001,Apr-2001,Apr-2001
AREA_TYPE,Local Authority,,,,,,TO,Apr-2001,Apr-2001,Apr-2001,Apr-2001,Apr-2001,Apr-2001,Apr-2001,Apr-2001,Apr-2001
GEO_HIERARCHY,NeSS Geography Hierarchy,,,,,,HEADING,All Families in Households,No Dependent Children,One Dependent Child: Aged 0 to 4 years,One Dependent Child: Aged 5 to 11 years,One Dependent Child: Aged 12 to 18 years,Two or more Dependent Children: Aged 0 to 4 years,Two or more Dependent Children: Aged 5 to 11 years,Two or more Dependent Children: Aged 12 to 18 years,Total Dependent Children
,,,,,,,MEASUREMENT_UNIT,Count,Count,Count,Count,Count,Count,Count,Count,Count
,,,,,,,STATISTICAL_UNIT,Families,Families,Families,Families,Families,Families,Families,Families,Persons
GOR_CODE,GOR_NAME,CTY_CODE,CTY_NAME,LA_CODE,LA_NAME,AREA_METADATA,,DATA_VALUE,DATA_VALUE,DATA_VALUE,DATA_VALUE,DATA_VALUE,DATA_VALUE,DATA_VALUE,DATA_VALUE,DATA_VALUE
,,,,"00NA","Isle of Anglesey",,,19731,11644,1115,837,1567,1755,2053,760,14712
,,,,"00NC","Gwynedd",,,32330,18804,1891,1431,2243,3390,3302,1269,25295
,,,,"00NE","Conwy",,,31698,19228,1773,1401,2314,2786,3036,1160,22705
,,,,"00NG","Denbighshire",,,26655,15440,1543,1265,2030,2516,2814,1047,20507
,,,,"00NJ","Flintshire",,,43991,25100,2771,1973,3245,4350,4741,1811,34290
,,,,"00NL","Wrexham",,,37268,21314,2390,1731,2958,3633,3869,1373,28521
,,,,"00NN","Powys",,,36899,22104,1793,1457,2687,3458,3952,1448,27591
,,,,"00NQ","Ceredigion",,,20136,12463,880,756,1473,1773,2020,771,14448
,,,,"00NS","Pembrokeshire",,,33863,19599,2017,1558,2460,3231,3702,1296,26371
,,,,"00NU","Carmarthenshire",,,50294,29155,2975,2266,4027,4591,5300,1980,37976
,,,,"00NX","Swansea",,,63094,36034,4133,3141,4961,5617,6530,2678,47867
,,,,"00NZ","Neath Port Talbot",,,39561,22352,2547,2183,3350,3423,4201,1505,29723
,,,,"00PB","Bridgend",,,38293,21410,2630,2043,3096,3576,4030,1508,29389
,,,,"00PD","The Vale of Glamorgan",,,35278,19429,2262,1648,2797,3620,4004,1518,28882
,,,,"00PF","Rhondda, Cynon, Taff",,,67339,36766,4694,3580,5707,6685,7285,2622,54021
,,,,"00PH","Merthyr Tydfil",,,16284,8518,1086,1017,1566,1595,1876,626,13575
,,,,"00PK","Caerphilly",,,50448,27345,3572,2730,4244,5071,5550,1936,40856
,,,,"00PL","Blaenau Gwent",,,20432,11007,1383,1248,1748,1898,2409,739,16562
,,,,"00PM","Torfaen",,,26968,14894,1572,1488,2292,2692,3008,1022,21683
,,,,"00PP","Monmouthshire",,,25314,14806,1359,1022,1991,2243,2862,1031,19100
,,,,"00PR","Newport",,,39720,21134,2753,2054,3246,4428,4505,1600,34185
,,,,"00PT","Cardiff",,,80137,42510,5714,4086,6144,9201,9245,3237,70305