DATASET_TITLE,"Benefits Data: Working Age Client Group, May 2003",,,,,,,,,,FROM,May-2003,May-2003,May-2003,May-2003,May-2003,May-2003,May-2003,May-2003,May-2003,May-2003,May-2003,May-2003,May-2003,May-2003,May-2003,May-2003,May-2003,May-2003,May-2003,May-2003,May-2003,May-2003,May-2003,May-2003,May-2003,May-2003,May-2003
AREA_TYPE,Region,,,,,,,,,,TO,May-2003,May-2003,May-2003,May-2003,May-2003,May-2003,May-2003,May-2003,May-2003,May-2003,May-2003,May-2003,May-2003,May-2003,May-2003,May-2003,May-2003,May-2003,May-2003,May-2003,May-2003,May-2003,May-2003,May-2003,May-2003,May-2003,May-2003
GEO_HIERARCHY,NeSS Geography Hierarchy,,,,,,,,,,HEADING,Total,Job Seekers,Job Seekers,Incapacity Benefits,Incapacity Benefits,Lone Parent,Lone Parent,Carer,Carer,Others on Income Related Benefits,Others on Income Related Benefits,Disabled,Disabled,Bereaved,Bereaved,Unknown,Unknown,Male,Male,Female,Female,Aged 16-24,Aged 16-24,Aged 25-49,Aged 25-49,Aged 50 and Over,Aged 50 and Over
,,,,,,,,,,,MEASUREMENT_UNIT,Count,Count,Percentage,Count,Percentage,Count,Percentage,Count,Percentage,Count,Percentage,Count,Percentage,Count,Percentage,Count,Percentage,Count,Percentage,Count,Percentage,Count,Percentage,Count,Percentage,Count,Percentage
,,,,,,,,,,,STATISTICAL_UNIT,Persons,Persons,Persons,Persons,Persons,Persons,Persons,Persons,Persons,Persons,Persons,Persons,Persons,Persons,Persons,Persons,Persons,Persons,Persons,Persons,Persons,Persons,Persons,Persons,Persons,Persons,Persons
UK_CODE,UK_NAME,GB_CODE,GB_NAME,EW_CODE,EW_NAME,CTRY_CODE,CTRY_NAME,GOR_CODE,GOR_NAME,AREA_METADATA,,DATA_VALUE,DATA_VALUE,DATA_VALUE,DATA_VALUE,DATA_VALUE,DATA_VALUE,DATA_VALUE,DATA_VALUE,DATA_VALUE,DATA_VALUE,DATA_VALUE,DATA_VALUE,DATA_VALUE,DATA_VALUE,DATA_VALUE,DATA_VALUE,DATA_VALUE,DATA_VALUE,DATA_VALUE,DATA_VALUE,DATA_VALUE,DATA_VALUE,DATA_VALUE,DATA_VALUE,DATA_VALUE,DATA_VALUE,DATA_VALUE
"213","United Kingdom","078","Great Britain","727","England and Wales","064","England",,,,,4472440,741035,17,2213735,49,734590,16,290205,6,131935,3,223545,5,137395,3,0,0,2193165,49,2279275,51,559155,13,2363035,53,1548350,35
"213","United Kingdom","078","Great Britain",,,,,,,,,5436330,885545,16,2761555,51,856020,16,347895,6,156015,3,265850,5,163450,3,0,0,2683245,49,2753085,51,675340,12,2849200,52,1909620,35
"213","United Kingdom","078","Great Britain",,,"179","Scotland",,,,,598535,100810,17,330145,55,76375,13,33370,6,16645,3,23750,4,17440,3,0,0,305570,51,292965,49,74325,12,310515,52,213505,36
"213","United Kingdom","078","Great Britain","727","England and Wales","220","Wales",,,,,365355,43700,12,217675,60,45055,12,24320,7,7435,2,18555,5,8615,2,0,0,184510,51,180845,49,41860,11,175650,48,147765,40
"213","United Kingdom","078","Great Britain","727","England and Wales",,,,,,,4837795,784735,16,2431410,50,779645,16,314525,7,139370,3,242100,5,146010,3,0,0,2377675,49,2460120,51,601015,12,2538685,52,1696115,35
"213","United Kingdom","078","Great Britain","727","England and Wales","064","England","A","North East",,,333260,52805,16,185090,56,44125,13,21320,6,9085,3,13150,4,7685,2,0,0,174825,52,158435,48,44835,13,163930,49,124350,37
"213","United Kingdom","078","Great Britain","727","England and Wales","064","England","B","North West",,,792285,109555,14,439625,55,115705,15,50745,6,19760,2,36525,5,20370,3,0,0,399920,50,392365,50,96775,12,405055,51,290180,37
"213","United Kingdom","078","Great Britain","727","England and Wales","064","England","D","Yorkshire and The Humber",,,498270,81890,16,250855,50,74575,15,35935,7,14760,3,26375,5,13880,3,0,0,251555,50,246715,50,66095,13,251700,51,180265,36
"213","United Kingdom","078","Great Britain","727","England and Wales","064","England","E","East Midlands",,,365940,58465,16,184880,51,53115,15,26845,7,9765,3,20590,6,12280,3,0,0,180085,49,185855,51,45615,12,183970,50,136265,37
"213","United Kingdom","078","Great Britain","727","England and Wales","064","England","F","West Midlands",,,523395,94060,18,253275,48,80510,15,37305,7,15370,3,27310,5,15565,3,0,0,260970,50,262425,50,69855,13,268220,51,185100,35
"213","United Kingdom","078","Great Britain","727","England and Wales","064","England","G","East of England",,,367700,57845,16,172495,47,61815,17,27310,7,10575,3,22695,6,14965,4,0,0,170765,46,196935,54,44585,12,193945,53,129015,35
"213","United Kingdom","078","Great Britain","727","England and Wales","064","England","H","London",,,744335,163470,22,309130,42,166630,22,31690,4,29500,4,28125,4,15790,2,0,0,350345,47,393990,53,92020,12,451130,61,200540,27
"213","United Kingdom","078","Great Britain","727","England and Wales","064","England","J","South East",,,487345,74865,15,229625,47,85625,18,32615,7,13510,3,28555,6,22550,5,0,0,228090,47,259255,53,58175,12,260180,53,168885,35
"213","United Kingdom","078","Great Britain","727","England and Wales","064","England","K","South West",,,359910,48080,13,188760,52,52490,15,26440,7,9610,3,20220,6,14310,4,0,0,176610,49,183300,51,41200,11,184905,51,133750,37