DATASET_TITLE,Communal Establishments - People (UV73),,,,,,FROM,Apr-2001,Apr-2001,Apr-2001,Apr-2001,Apr-2001,Apr-2001,Apr-2001,Apr-2001,Apr-2001,Apr-2001,Apr-2001,Apr-2001,Apr-2001,Apr-2001,Apr-2001,Apr-2001,Apr-2001,Apr-2001,Apr-2001,Apr-2001,Apr-2001,Apr-2001,Apr-2001,Apr-2001,Apr-2001,Apr-2001,Apr-2001,Apr-2001
AREA_TYPE,Local Authority,,,,,,TO,Apr-2001,Apr-2001,Apr-2001,Apr-2001,Apr-2001,Apr-2001,Apr-2001,Apr-2001,Apr-2001,Apr-2001,Apr-2001,Apr-2001,Apr-2001,Apr-2001,Apr-2001,Apr-2001,Apr-2001,Apr-2001,Apr-2001,Apr-2001,Apr-2001,Apr-2001,Apr-2001,Apr-2001,Apr-2001,Apr-2001,Apr-2001,Apr-2001
GEO_HIERARCHY,NeSS Geography Hierarchy,,,,,,HEADING,All People in Communal Establishments,Medical and care establishments,Medical and care establishments:  NHS,Medical and care establishments:  NHS:  Psychiatric hospital / home,Medical and care establishments:  NHS:  Other hospital home,Medical and care establishments:  Local Authority,Medical and care establishments:  Local Authority:  Children's home,Medical and care establishments:  Local Authority:  Nursing home,Medical and care establishments:  Local Authority:  Residential care home,Medical and care establishments:  Local Authority:  Other home,Medical and care establishments:  Housing association,Medical and care establishments:  Housing association:  Home or hostel,Medical and care establishments:  Other,Medical and care establishments:  Other:  Nursing home,Medical and care establishments:  Other:  Residential care home,Medical and care establishments:  Other:  Children's home,Medical and care establishments:  Other:  Psychiatric hospital / home,Medical and care establishments:  Other:  Other hospital,Medical and care establishments:  Other:  Other medical and care home,Other establishments,Other establishments:  Defence establishments (including ships),Other establishments:  Prison service establishments,Other establishments:  Probation / Bail hostel,Other establishments:  Educational establishment (including Halls of residence),"Other establishments:  Hotel,  Boarding House or Guest House","Other establishments:  Hostel (including youth hostels, hostels for the homeless and people sleeping rough)","Other establishments:  Civilian Ship, Boat or Barge",Other establishments:  Other
,,,,,,,MEASUREMENT_UNIT,Count,Count,Count,Count,Count,Count,Count,Count,Count,Count,Count,Count,Count,Count,Count,Count,Count,Count,Count,Count,Count,Count,Count,Count,Count,Count,Count,Count
,,,,,,,STATISTICAL_UNIT,Persons,Persons,Persons,Persons,Persons,Persons,Persons,Persons,Persons,Persons,Persons,Persons,Persons,Persons,Persons,Persons,Persons,Persons,Persons,Persons,Persons,Persons,Persons,Persons,Persons,Persons,Persons,Persons
GOR_CODE,GOR_NAME,CTY_CODE,CTY_NAME,LA_CODE,LA_NAME,AREA_METADATA,,DATA_VALUE,DATA_VALUE,DATA_VALUE,DATA_VALUE,DATA_VALUE,DATA_VALUE,DATA_VALUE,DATA_VALUE,DATA_VALUE,DATA_VALUE,DATA_VALUE,DATA_VALUE,DATA_VALUE,DATA_VALUE,DATA_VALUE,DATA_VALUE,DATA_VALUE,DATA_VALUE,DATA_VALUE,DATA_VALUE,DATA_VALUE,DATA_VALUE,DATA_VALUE,DATA_VALUE,DATA_VALUE,DATA_VALUE,DATA_VALUE,DATA_VALUE
"G","East of England",,,"00JA","Peterborough",,,1423,901,169,3,166,158,23,0,135,0,0,0,574,313,256,0,0,0,5,522,293,0,0,0,39,76,0,114
"G","East of England",,,"00KA","Luton",,,1080,659,33,20,13,114,0,0,110,4,7,7,505,37,459,0,0,0,9,421,0,0,15,0,4,84,0,318
"G","East of England",,,"00KF","Southend-on-Sea",,,2360,2081,12,0,12,125,0,0,125,0,29,29,1915,213,1600,4,79,0,19,279,0,0,0,0,39,83,0,157
"G","East of England",,,"00KG","Thurrock",,,544,439,28,0,28,99,0,0,99,0,47,47,265,0,261,4,0,0,0,105,0,0,0,0,0,40,0,65
"G","East of England","09","Bedfordshire","09UC","Mid Bedfordshire",,,1715,585,21,0,21,32,13,0,19,0,4,4,528,305,220,0,0,0,3,1130,497,0,0,210,36,4,0,383
"G","East of England","09","Bedfordshire","09UD","Bedford",,,2497,1412,206,50,156,39,9,0,30,0,51,51,1116,225,858,6,15,0,12,1085,0,166,16,720,43,99,0,41
"G","East of England","09","Bedfordshire","09UE","South Bedfordshire",,,681,667,66,31,35,16,4,0,12,0,5,5,580,145,376,0,14,0,45,14,0,0,0,0,3,11,0,0
"G","East of England","12","Cambridgeshire","12UB","Cambridge",,,13811,948,303,0,303,171,0,0,171,0,117,117,357,148,175,0,0,0,34,12863,0,0,0,8437,64,176,0,4186
"G","East of England","12","Cambridgeshire","12UC","East Cambridgeshire",,,943,581,42,0,42,124,0,0,124,0,74,74,341,122,182,10,12,0,15,362,0,0,0,291,11,26,0,34
"G","East of England","12","Cambridgeshire","12UD","Fenland",,,1226,864,29,21,8,128,6,0,122,0,0,0,707,385,304,12,0,0,6,362,0,300,0,0,11,17,0,34
"G","East of England","12","Cambridgeshire","12UE","Huntingdonshire",,,1668,803,24,0,24,72,0,0,72,0,0,0,707,289,399,3,0,0,16,865,239,461,5,69,45,16,0,30
"G","East of England","12","Cambridgeshire","12UG","South Cambridgeshire",,,2303,1096,234,126,108,85,3,0,82,0,67,67,710,110,420,10,156,0,14,1207,623,0,0,460,17,7,0,100
"G","East of England","22","Essex","22UB","Basildon",,,771,708,80,34,46,136,6,0,130,0,20,20,472,87,334,0,51,0,0,63,0,0,19,0,0,26,0,18
"G","East of England","22","Essex","22UC","Braintree",,,1354,1258,19,5,14,117,0,0,117,0,0,0,1122,222,900,0,0,0,0,96,0,0,0,33,8,37,0,18
"G","East of England","22","Essex","22UD","Brentwood",,,971,766,220,94,126,34,0,0,34,0,0,0,512,263,249,0,0,0,0,205,0,0,0,79,28,0,0,98
"G","East of England","22","Essex","22UE","Castle Point",,,569,434,4,0,4,35,0,0,35,0,19,19,376,99,262,0,0,0,15,135,0,0,0,0,3,6,0,126
"G","East of England","22","Essex","22UF","Chelmsford",,,2018,676,108,86,22,122,6,0,116,0,74,74,372,202,156,0,14,0,0,1342,0,264,0,849,32,60,0,137
"G","East of England","22","Essex","22UG","Colchester",,,4882,1368,193,88,105,152,0,0,152,0,13,13,1010,249,646,7,7,3,98,3514,1425,0,0,1907,27,65,0,90
"G","East of England","22","Essex","22UH","Epping Forest",,,860,650,47,8,39,129,10,0,119,0,77,77,397,125,254,0,0,0,18,210,0,0,0,0,9,98,0,103
"G","East of England","22","Essex","22UJ","Harlow",,,480,267,111,0,111,109,0,0,109,0,18,18,29,0,29,0,0,0,0,213,0,0,0,0,42,82,0,89
"G","East of England","22","Essex","22UK","Maldon",,,416,347,3,0,3,28,0,0,28,0,0,0,316,13,303,0,0,0,0,69,0,0,0,0,30,6,0,33
"G","East of England","22","Essex","22UL","Rochford",,,463,291,76,76,0,33,0,0,33,0,0,0,182,32,124,0,18,0,8,172,0,125,0,0,3,0,0,44
"G","East of England","22","Essex","22UN","Tendring",,,2658,2283,56,0,56,176,11,0,146,19,40,40,2011,352,1557,22,35,0,45,375,0,0,0,78,174,21,0,102
"G","East of England","22","Essex","22UQ","Uttlesford",,,1318,391,52,0,52,104,0,0,104,0,0,0,235,46,189,0,0,0,0,927,288,0,0,361,45,0,0,233
"G","East of England","26","Hertfordshire","26UB","Broxbourne",,,309,258,0,0,0,71,6,0,65,0,4,4,183,17,159,0,0,0,7,51,0,0,0,0,0,48,0,3
"G","East of England","26","Hertfordshire","26UC","Dacorum",,,2011,754,27,19,8,61,5,0,56,0,18,18,648,168,459,6,0,0,15,1257,0,703,0,320,51,33,0,150
"G","East of England","26","Hertfordshire","26UD","East Hertfordshire",,,2362,952,101,18,83,18,0,0,18,0,10,10,823,283,527,9,4,0,0,1410,0,0,0,1321,27,13,0,49
"G","East of England","26","Hertfordshire","26UE","Hertsmere",,,2027,1182,46,13,33,97,0,0,97,0,0,0,1039,322,687,0,0,0,30,845,0,0,0,299,125,17,0,404
"G","East of England","26","Hertfordshire","26UF","North Hertfordshire",,,1552,953,12,12,0,25,0,0,0,25,36,36,880,469,411,0,0,0,0,599,0,0,0,307,23,112,0,157
"G","East of England","26","Hertfordshire","26UG","St Albans",,,1606,1086,181,24,157,19,0,0,19,0,25,25,861,371,490,0,0,0,0,520,0,0,0,97,80,108,0,235
"G","East of England","26","Hertfordshire","26UH","Stevenage",,,736,590,52,52,0,10,6,0,4,0,324,324,204,118,86,0,0,0,0,146,0,0,0,18,12,74,0,42
"G","East of England","26","Hertfordshire","26UJ","Three Rivers",,,1024,703,31,25,6,0,0,0,0,0,0,0,672,193,474,0,0,0,5,321,0,0,0,292,6,4,0,19
"G","East of England","26","Hertfordshire","26UK","Watford",,,1215,834,175,9,166,5,0,0,5,0,0,0,654,246,408,0,0,0,0,381,0,0,0,43,6,323,0,9
"G","East of England","26","Hertfordshire","26UL","Welwyn Hatfield",,,2264,808,142,0,142,80,11,0,69,0,41,41,545,252,290,0,0,0,3,1456,0,0,0,457,32,83,0,884
"G","East of England","33","Norfolk","33UB","Breckland",,,2468,1349,24,0,24,202,0,0,172,30,18,18,1105,450,638,9,0,0,8,1119,246,612,0,144,21,57,0,39
"G","East of England","33","Norfolk","33UC","Broadland",,,1768,1693,310,278,32,179,7,0,172,0,0,0,1204,452,691,0,5,0,56,75,0,0,0,3,30,12,0,30
"G","East of England","33","Norfolk","33UD","Great Yarmouth",,,1371,813,3,0,3,89,0,0,89,0,0,0,721,194,490,0,34,0,3,558,0,0,0,0,171,0,0,387
"G","East of England","33","Norfolk","33UE","King's Lynn and West Norfolk",,,2358,1408,174,20,154,156,0,0,156,0,5,5,1073,278,757,16,0,0,22,950,664,0,0,147,62,32,0,45
"G","East of England","33","Norfolk","33UF","North Norfolk",,,2863,1564,33,19,14,131,0,10,121,0,0,0,1400,357,971,8,38,0,26,1299,639,0,0,428,94,32,0,106
"G","East of England","33","Norfolk","33UG","Norwich",,,4446,1091,63,19,44,261,0,0,244,17,10,10,757,148,592,0,4,0,13,3355,0,233,16,2799,37,200,0,70
"G","East of England","33","Norfolk","33UH","South Norfolk",,,1752,996,46,0,46,115,6,0,109,0,10,10,825,280,466,0,79,0,0,756,0,0,0,685,8,29,0,34
"G","East of England","42","Suffolk","42UB","Babergh",,,1592,746,45,0,45,90,8,0,77,5,15,15,596,269,304,0,23,0,0,846,0,0,0,722,29,11,0,84
"G","East of England","42","Suffolk","42UC","Forest Heath",,,1632,273,0,0,0,26,0,0,26,0,0,0,247,158,53,0,36,0,0,1359,3,0,0,0,12,5,0,1339
"G","East of England","42","Suffolk","42UD","Ipswich",,,1597,999,136,86,50,157,5,0,152,0,67,67,639,295,297,0,0,0,47,598,0,0,31,110,57,279,3,118
"G","East of England","42","Suffolk","42UE","Mid Suffolk",,,1394,737,90,0,90,89,0,0,66,23,0,0,558,209,326,0,0,19,4,657,469,0,0,124,21,0,0,43
"G","East of England","42","Suffolk","42UF","St Edmundsbury",,,2774,916,68,6,62,109,0,20,89,0,47,47,692,309,379,0,0,0,4,1858,639,725,0,42,14,84,0,354
"G","East of England","42","Suffolk","42UG","Suffolk Coastal",,,1806,1100,7,0,7,55,0,0,55,0,23,23,1015,349,646,3,0,0,17,706,0,190,0,383,85,27,0,21
"G","East of England","42","Suffolk","42UH","Waveney",,,1666,1041,124,51,73,163,13,0,150,0,21,21,733,74,635,5,0,0,19,625,0,374,0,61,94,28,0,68