DATASET_TITLE,"Dwelling Stock by Council Tax Band, 2003",,,,,,,,,,FROM,Mar-2003,Mar-2003,Mar-2003,Mar-2003,Mar-2003,Mar-2003,Mar-2003,Mar-2003,Mar-2003,Mar-2003,Mar-2003,Mar-2003,Mar-2003,Mar-2003,Mar-2003,Mar-2003,Mar-2003,Mar-2003,Mar-2003
AREA_TYPE,Region,,,,,,,,,,TO,Mar-2003,Mar-2003,Mar-2003,Mar-2003,Mar-2003,Mar-2003,Mar-2003,Mar-2003,Mar-2003,Mar-2003,Mar-2003,Mar-2003,Mar-2003,Mar-2003,Mar-2003,Mar-2003,Mar-2003,Mar-2003,Mar-2003
GEO_HIERARCHY,NeSS Geography Hierarchy,,,,,,,,,,HEADING,Dwelling Stock by Council Tax Band; Total,Dwelling Stock by Council Tax Band; Band A,Dwelling Stock by Council Tax Band; Band A,Dwelling Stock by Council Tax Band; Band B,Dwelling Stock by Council Tax Band; Band B,Dwelling Stock by Council Tax Band; Band C,Dwelling Stock by Council Tax Band; Band C,Dwelling Stock by Council Tax Band; Band D,Dwelling Stock by Council Tax Band; Band D,Dwelling Stock by Council Tax Band; Band E,Dwelling Stock by Council Tax Band; Band E,Dwelling Stock by Council Tax Band; Band F,Dwelling Stock by Council Tax Band; Band F,Dwelling Stock by Council Tax Band; Band G,Dwelling Stock by Council Tax Band; Band G,Dwelling Stock by Council Tax Band; Band H,Dwelling Stock by Council Tax Band; Band H,Dwelling Stock by Council Tax Band; Band X; Unallocated,Dwelling Stock by Council Tax Band; Band X; Unallocated
,,,,,,,,,,,MEASUREMENT_UNIT,Count,Count,Percentage,Count,Percentage,Count,Percentage,Count,Percentage,Count,Percentage,Count,Percentage,Count,Percentage,Count,Percentage,Count,Percentage
,,,,,,,,,,,STATISTICAL_UNIT,Dwellings,Dwellings,Dwellings,Dwellings,Dwellings,Dwellings,Dwellings,Dwellings,Dwellings,Dwellings,Dwellings,Dwellings,Dwellings,Dwellings,Dwellings,Dwellings,Dwellings,Dwellings,Dwellings
UK_CODE,UK_NAME,GB_CODE,GB_NAME,EW_CODE,EW_NAME,CTRY_CODE,CTRY_NAME,GOR_CODE,GOR_NAME,AREA_METADATA,,DATA_VALUE,DATA_VALUE,DATA_VALUE,DATA_VALUE,DATA_VALUE,DATA_VALUE,DATA_VALUE,DATA_VALUE,DATA_VALUE,DATA_VALUE,DATA_VALUE,DATA_VALUE,DATA_VALUE,DATA_VALUE,DATA_VALUE,DATA_VALUE,DATA_VALUE,DATA_VALUE,DATA_VALUE
"213","United Kingdom","078","Great Britain","727","England and Wales","064","England","A","North East",,,1137226,665997,58.56,158382,13.93,159146,13.99,82480,7.25,41352,3.64,18124,1.59,10563,.93,1173,.1,9,0
"213","United Kingdom","078","Great Britain","727","England and Wales","064","England","B","North West",,,3011218,1318643,43.79,567827,18.86,517736,17.19,290057,9.63,170426,5.66,83488,2.77,57190,1.9,5729,.19,122,0
"213","United Kingdom","078","Great Britain","727","England and Wales","064","England","D","Yorkshire and The Humber",,,2194989,1005922,45.83,424927,19.36,354083,16.13,191527,8.73,122233,5.57,58701,2.67,34459,1.57,2986,.14,151,.01
"213","United Kingdom","078","Great Britain","727","England and Wales","064","England","E","East Midlands",,,1830458,710541,38.82,408014,22.29,324059,17.7,188179,10.28,111364,6.08,53837,2.94,31593,1.73,2840,.16,31,0
"213","United Kingdom","078","Great Britain","727","England and Wales","064","England","F","West Midlands",,,2256116,730660,32.39,561979,24.91,429864,19.05,241738,10.71,152503,6.76,83217,3.69,50797,2.25,5030,.22,328,.01
"213","United Kingdom","078","Great Britain","727","England and Wales","064","England","G","East of England",,,2354276,340196,14.45,499913,21.23,621779,26.41,407356,17.3,246710,10.48,135022,5.74,92267,3.92,10921,.46,112,0
"213","United Kingdom","078","Great Britain","727","England and Wales","064","England","H","London",,,3146239,107917,3.43,426959,13.57,838138,26.64,799442,25.41,481978,15.32,240130,7.63,196842,6.26,53462,1.7,1371,.04
"213","United Kingdom","078","Great Britain","727","England and Wales","064","England","J","South East",,,3439615,299078,8.7,564687,16.42,889294,25.85,687404,19.98,463439,13.47,279273,8.12,225703,6.56,30557,.89,180,.01
"213","United Kingdom","078","Great Britain","727","England and Wales","064","England","K","South West",,,2213255,381148,17.22,541615,24.47,511887,23.13,347954,15.72,234962,10.62,118661,5.36,69961,3.16,6659,.3,408,.02