DATASET_TITLE,"Dwelling Stock by Council Tax Band, 2003",,,,,,FROM,Mar-2003,Mar-2003,Mar-2003,Mar-2003,Mar-2003,Mar-2003,Mar-2003,Mar-2003,Mar-2003,Mar-2003,Mar-2003,Mar-2003,Mar-2003,Mar-2003,Mar-2003,Mar-2003,Mar-2003,Mar-2003,Mar-2003
AREA_TYPE,Local Authority,,,,,,TO,Mar-2003,Mar-2003,Mar-2003,Mar-2003,Mar-2003,Mar-2003,Mar-2003,Mar-2003,Mar-2003,Mar-2003,Mar-2003,Mar-2003,Mar-2003,Mar-2003,Mar-2003,Mar-2003,Mar-2003,Mar-2003,Mar-2003
GEO_HIERARCHY,NeSS Geography Hierarchy,,,,,,HEADING,Dwelling Stock by Council Tax Band; Total,Dwelling Stock by Council Tax Band; Band A,Dwelling Stock by Council Tax Band; Band A,Dwelling Stock by Council Tax Band; Band B,Dwelling Stock by Council Tax Band; Band B,Dwelling Stock by Council Tax Band; Band C,Dwelling Stock by Council Tax Band; Band C,Dwelling Stock by Council Tax Band; Band D,Dwelling Stock by Council Tax Band; Band D,Dwelling Stock by Council Tax Band; Band E,Dwelling Stock by Council Tax Band; Band E,Dwelling Stock by Council Tax Band; Band F,Dwelling Stock by Council Tax Band; Band F,Dwelling Stock by Council Tax Band; Band G,Dwelling Stock by Council Tax Band; Band G,Dwelling Stock by Council Tax Band; Band H,Dwelling Stock by Council Tax Band; Band H,Dwelling Stock by Council Tax Band; Band X; Unallocated,Dwelling Stock by Council Tax Band; Band X; Unallocated
,,,,,,,MEASUREMENT_UNIT,Count,Count,Percentage,Count,Percentage,Count,Percentage,Count,Percentage,Count,Percentage,Count,Percentage,Count,Percentage,Count,Percentage,Count,Percentage
,,,,,,,STATISTICAL_UNIT,Dwellings,Dwellings,Dwellings,Dwellings,Dwellings,Dwellings,Dwellings,Dwellings,Dwellings,Dwellings,Dwellings,Dwellings,Dwellings,Dwellings,Dwellings,Dwellings,Dwellings,Dwellings,Dwellings
GOR_CODE,GOR_NAME,CTY_CODE,CTY_NAME,LA_CODE,LA_NAME,AREA_METADATA,,DATA_VALUE,DATA_VALUE,DATA_VALUE,DATA_VALUE,DATA_VALUE,DATA_VALUE,DATA_VALUE,DATA_VALUE,DATA_VALUE,DATA_VALUE,DATA_VALUE,DATA_VALUE,DATA_VALUE,DATA_VALUE,DATA_VALUE,DATA_VALUE,DATA_VALUE,DATA_VALUE,DATA_VALUE
"A","North East",,,"00CH","Gateshead",,,89242,58148,65.16,10212,11.44,13098,14.68,4787,5.36,1905,2.13,701,.79,343,.38,47,.05,1,0
"A","North East",,,"00CJ","Newcastle upon Tyne",,,120906,72803,60.21,17339,14.34,16635,13.76,7385,6.11,3641,3.01,1680,1.39,1306,1.08,116,.1,1,0
"A","North East",,,"00CK","North Tyneside",,,89849,48653,54.15,12393,13.79,17923,19.95,6664,7.42,2812,3.13,1010,1.12,353,.39,40,.04,1,0
"A","North East",,,"00CL","South Tyneside",,,67782,46258,68.25,8287,12.23,6896,10.17,3750,5.53,1535,2.26,685,1.01,321,.47,50,.07,0,0
"A","North East",,,"00CM","Sunderland",,,123191,82041,66.6,15115,12.27,14827,12.04,7221,5.86,2532,2.06,845,.69,540,.44,69,.06,1,0
"A","North East",,,"00EB","Hartlepool",,,40470,25029,61.85,5763,14.24,5154,12.74,2594,6.41,1182,2.92,467,1.15,266,.66,15,.04,0,0
"A","North East",,,"00EC","Middlesbrough",,,59664,34297,57.48,8909,14.93,9564,16.03,4189,7.02,1682,2.82,611,1.02,369,.62,43,.07,0,0
"A","North East",,,"00EE","Redcar and Cleveland",,,60917,27886,45.78,11705,19.21,13151,21.59,4601,7.55,2493,4.09,701,1.15,358,.59,22,.04,0,0
"A","North East",,,"00EF","Stockton-on-Tees",,,78549,36382,46.32,13495,17.18,13583,17.29,8018,10.21,4444,5.66,1636,2.08,906,1.15,85,.11,0,0
"A","North East",,,"00EH","Darlington",,,45111,22175,49.16,8687,19.26,5979,13.25,4340,9.62,2435,5.4,1005,2.23,438,.97,52,.12,0,0
"A","North East","20","Durham","20UB","Chester-le-Street",,,24053,13369,55.58,2642,10.98,4381,18.21,1999,8.31,1115,4.64,299,1.24,236,.98,12,.05,0,0
"A","North East","20","Durham","20UD","Derwentside",,,39177,27764,70.87,3701,9.45,3614,9.22,2065,5.27,1165,2.97,475,1.21,361,.92,32,.08,0,0
"A","North East","20","Durham","20UE","Durham",,,36924,18539,50.21,5630,15.25,5878,15.92,3528,9.55,1667,4.51,946,2.56,644,1.74,92,.25,0,0
"A","North East","20","Durham","20UF","Easington",,,41110,33770,82.15,2570,6.25,2386,5.8,1437,3.5,658,1.6,181,.44,87,.21,21,.05,0,0
"A","North East","20","Durham","20UG","Sedgefield",,,39749,27527,69.25,4292,10.8,3647,9.18,2590,6.52,1211,3.05,368,.93,96,.24,18,.05,0,0
"A","North East","20","Durham","20UH","Teesdale",,,11428,3422,29.94,2591,22.67,1848,16.17,1628,14.25,1159,10.14,524,4.59,226,1.98,29,.25,1,.01
"A","North East","20","Durham","20UJ","Wear Valley",,,28742,18902,65.76,3173,11.04,3155,10.98,2163,7.53,917,3.19,271,.94,129,.45,32,.11,0,0
"A","North East","35","Northumberland","35UB","Alnwick",,,15262,5539,36.29,2946,19.3,2192,14.36,1936,12.69,1420,9.3,811,5.31,361,2.37,57,.37,0,0
"A","North East","35","Northumberland","35UC","Berwick-upon-Tweed",,,13663,6875,50.32,2273,16.64,1794,13.13,1208,8.84,782,5.72,456,3.34,240,1.76,33,.24,2,.01
"A","North East","35","Northumberland","35UD","Blyth Valley",,,36026,22473,62.38,6275,17.42,3828,10.63,2333,6.48,943,2.62,119,.33,41,.11,14,.04,0,0
"A","North East","35","Northumberland","35UE","Castle Morpeth",,,21497,6296,29.29,2530,11.77,3208,14.92,2923,13.6,2519,11.72,2392,11.13,1487,6.92,142,.66,0,0
"A","North East","35","Northumberland","35UF","Tynedale",,,26108,8057,30.86,4291,16.44,4218,16.16,3489,13.36,2669,10.22,1841,7.05,1400,5.36,142,.54,1,0
"A","North East","35","Northumberland","35UG","Wansbeck",,,27806,19792,71.18,3563,12.81,2187,7.87,1632,5.87,466,1.68,100,.36,55,.2,10,.04,1,0
"B","North West",,,"00BL","Bolton",,,115882,62198,53.67,18463,15.93,17008,14.68,9515,8.21,4824,4.16,1968,1.7,1704,1.47,201,.17,1,0
"B","North West",,,"00BM","Bury",,,77972,28678,36.78,16692,21.41,16032,20.56,8424,10.8,5028,6.45,1692,2.17,1254,1.61,171,.22,1,0
"B","North West",,,"00BN","Manchester",,,197071,132657,67.31,27045,13.72,22797,11.57,8576,4.35,3618,1.84,1559,.79,720,.37,91,.05,8,0
"B","North West",,,"00BP","Oldham",,,93233,51992,55.77,15576,16.71,14545,15.6,5949,6.38,2949,3.16,1336,1.43,816,.88,70,.08,0,0
"B","North West",,,"00BQ","Rochdale",,,89263,52268,58.56,13150,14.73,10627,11.91,6989,7.83,3878,4.34,1444,1.62,851,.95,55,.06,1,0
"B","North West",,,"00BR","Salford",,,100789,59350,58.89,17965,17.82,13083,12.98,5532,5.49,2748,2.73,1207,1.2,797,.79,103,.1,4,0
"B","North West",,,"00BS","Stockport",,,122731,30308,24.69,25989,21.18,26939,21.95,18205,14.83,12220,9.96,5782,4.71,3131,2.55,150,.12,7,.01
"B","North West",,,"00BT","Tameside",,,95094,52162,54.85,16040,16.87,17440,18.34,5435,5.72,2836,2.98,789,.83,348,.37,39,.04,5,.01
"B","North West",,,"00BU","Trafford",,,92622,18727,20.22,19715,21.29,24701,26.67,13430,14.5,7138,7.71,4128,4.46,3991,4.31,791,.85,1,0
"B","North West",,,"00BW","Wigan",,,132218,65496,49.54,28213,21.34,21495,16.26,10096,7.64,4819,3.64,1537,1.16,512,.39,50,.04,0,0
"B","North West",,,"00BX","Knowsley",,,62783,37911,60.38,11793,18.78,8122,12.94,3221,5.13,1368,2.18,236,.38,113,.18,17,.03,2,0
"B","North West",,,"00BY","Liverpool",,,206973,135422,65.43,29947,14.47,21562,10.42,11721,5.66,4529,2.19,2052,.99,1582,.76,127,.06,31,.01
"B","North West",,,"00BZ","St. Helens",,,75788,35543,46.9,15396,20.31,14306,18.88,5800,7.65,2778,3.67,1351,1.78,588,.78,24,.03,2,0
"B","North West",,,"00CA","Sefton",,,121880,38636,31.7,24816,20.36,29361,24.09,14345,11.77,7912,6.49,3766,3.09,2815,2.31,216,.18,13,.01
"B","North West",,,"00CB","Wirral",,,142503,57773,40.54,29781,20.9,26869,18.86,12705,8.92,7783,5.46,4258,2.99,3080,2.16,247,.17,7,0
"B","North West",,,"00ET","Halton",,,51740,25808,49.88,10278,19.86,7495,14.49,4176,8.07,3017,5.83,681,1.32,249,.48,36,.07,0,0
"B","North West",,,"00EU","Warrington",,,81777,25696,31.42,16584,20.28,17384,21.26,10008,12.24,5819,7.12,3849,4.71,2304,2.82,133,.16,0,0
"B","North West",,,"00EX","Blackburn with Darwen",,,58722,35742,60.87,7808,13.3,7910,13.47,3927,6.69,1939,3.3,796,1.36,537,.91,63,.11,0,0
"B","North West",,,"00EY","Blackpool",,,67297,29652,44.06,19610,29.14,11018,16.37,4438,6.59,1724,2.56,553,.82,271,.4,30,.04,1,0
"B","North West","13","Cheshire","13UB","Chester",,,53618,9476,17.67,12568,23.44,11455,21.36,7642,14.25,5928,11.06,3646,6.8,2776,5.18,117,.22,10,.02
"B","North West","13","Cheshire","13UC","Congleton",,,39191,4368,11.15,9212,23.51,9696,24.74,6331,16.15,5239,13.37,2790,7.12,1461,3.73,92,.23,2,.01
"B","North West","13","Cheshire","13UD","Crewe and Nantwich",,,48356,15126,31.28,11078,22.91,8711,18.01,5847,12.09,3623,7.49,2076,4.29,1783,3.69,111,.23,1,0
"B","North West","13","Cheshire","13UE","Ellesmere Port & Neston",,,34403,10959,31.85,8049,23.4,7066,20.54,3523,10.24,2644,7.69,1252,3.64,839,2.44,70,.2,1,0
"B","North West","13","Cheshire","13UG","Macclesfield",,,68909,8473,12.3,11173,16.21,13419,19.47,10365,15.04,9255,13.43,7127,10.34,7780,11.29,1315,1.91,2,0
"B","North West","13","Cheshire","13UH","Vale Royal",,,52356,10571,20.19,12656,24.17,9159,17.49,7276,13.9,5627,10.75,3494,6.67,3261,6.23,310,.59,2,0
"B","North West","16","Cumbria","16UB","Allerdale",,,43815,21830,49.82,6860,15.66,6459,14.74,4665,10.65,2534,5.78,984,2.25,460,1.05,23,.05,0,0
"B","North West","16","Cumbria","16UC","Barrow-in-Furness",,,32741,19700,60.17,5475,16.72,4354,13.3,2113,6.45,795,2.43,225,.69,68,.21,9,.03,2,.01
"B","North West","16","Cumbria","16UD","Carlisle",,,46763,22028,47.11,10350,22.13,6409,13.71,4543,9.71,2228,4.76,879,1.88,296,.63,30,.06,0,0
"B","North West","16","Cumbria","16UE","Copeland",,,31713,19196,60.53,4226,13.33,3719,11.73,2713,8.55,1389,4.38,369,1.16,86,.27,15,.05,0,0
"B","North West","16","Cumbria","16UF","Eden",,,23753,3905,16.44,6486,27.31,4869,20.5,4296,18.09,2871,12.09,915,3.85,372,1.57,39,.16,0,0
"B","North West","16","Cumbria","16UG","South Lakeland",,,50150,4313,8.6,10101,20.14,11703,23.34,9555,19.05,6826,13.61,4468,8.91,2893,5.77,280,.56,11,.02
"B","North West","30","Lancashire","30UD","Burnley",,,40373,25652,63.54,4340,10.75,6110,15.13,2571,6.37,1223,3.03,316,.78,143,.35,18,.04,0,0
"B","North West","30","Lancashire","30UE","Chorley",,,43050,13777,32,9620,22.35,8065,18.73,5217,12.12,4021,9.34,1587,3.69,701,1.63,62,.14,0,0
"B","North West","30","Lancashire","30UF","Fylde",,,34552,6203,17.95,5827,16.86,8318,24.07,6407,18.54,4136,11.97,2213,6.4,1380,3.99,68,.2,0,0
"B","North West","30","Lancashire","30UG","Hyndburn",,,35748,21602,60.43,4875,13.64,5394,15.09,2594,7.26,820,2.29,269,.75,179,.5,14,.04,1,0
"B","North West","30","Lancashire","30UH","Lancaster",,,58576,20932,35.73,14959,25.54,10881,18.58,5737,9.79,3514,6,1697,2.9,790,1.35,66,.11,0,0
"B","North West","30","Lancashire","30UJ","Pendle",,,38506,24548,63.75,4249,11.03,3977,10.33,2656,6.9,1658,4.31,886,2.3,485,1.26,46,.12,1,0
"B","North West","30","Lancashire","30UK","Preston",,,57394,26905,46.88,10934,19.05,9084,15.83,6109,10.64,2385,4.16,1125,1.96,803,1.4,49,.09,0,0
"B","North West","30","Lancashire","30UL","Ribble Valley",,,23673,3162,13.36,4601,19.44,4703,19.87,4325,18.27,3047,12.87,1865,7.88,1782,7.53,187,.79,1,0
"B","North West","30","Lancashire","30UM","Rossendale",,,29225,15655,53.57,4380,14.99,3549,12.14,2994,10.24,1643,5.62,567,1.94,399,1.37,37,.13,1,0
"B","North West","30","Lancashire","30UN","South Ribble",,,44540,9451,21.22,11595,26.03,11326,25.43,6947,15.6,3362,7.55,1380,3.1,462,1.04,16,.04,1,0
"B","North West","30","Lancashire","30UP","West Lancashire",,,45788,14256,31.13,8166,17.83,9057,19.78,6172,13.48,4324,9.44,2293,5.01,1447,3.16,72,.16,1,0
"B","North West","30","Lancashire","30UQ","Wyre",,,47687,10536,22.09,11186,23.46,11559,24.24,6967,14.61,4407,9.24,2081,4.36,881,1.85,69,.14,1,0
"D","Yorkshire and The Humber",,,"00CC","Barnsley",,,97849,62418,63.79,14433,14.75,9841,10.06,6755,6.9,2777,2.84,1063,1.09,528,.54,34,.03,0,0
"D","Yorkshire and The Humber",,,"00CE","Doncaster",,,126370,78105,61.81,21878,17.31,12698,10.05,7801,6.17,3732,2.95,1421,1.12,634,.5,101,.08,0,0
"D","Yorkshire and The Humber",,,"00CF","Rotherham",,,107896,61889,57.36,20077,18.61,12702,11.77,7632,7.07,3602,3.34,1424,1.32,520,.48,47,.04,3,0
"D","Yorkshire and The Humber",,,"00CG","Sheffield",,,227674,140322,61.63,33381,14.66,25830,11.35,13700,6.02,8005,3.52,3798,1.67,2482,1.09,155,.07,1,0
"D","Yorkshire and The Humber",,,"00CX","Bradford",,,195985,87606,44.7,39472,20.14,35071,17.89,14615,7.46,10509,5.36,5005,2.55,3322,1.7,291,.15,94,.05
"D","Yorkshire and The Humber",,,"00CY","Calderdale",,,86474,43302,50.08,15630,18.07,13360,15.45,6123,7.08,4508,5.21,2396,2.77,1115,1.29,37,.04,3,0
"D","Yorkshire and The Humber",,,"00CZ","Kirklees",,,168472,79300,47.07,30286,17.98,28701,17.04,13895,8.25,10066,5.97,4309,2.56,1781,1.06,123,.07,11,.01
"D","Yorkshire and The Humber",,,"00DA","Leeds",,,313775,130292,41.52,63608,20.27,59537,18.97,26693,8.51,17858,5.69,8915,2.84,6221,1.98,640,.2,11,0
"D","Yorkshire and The Humber",,,"00DB","Wakefield",,,139021,76099,54.74,24244,17.44,19131,13.76,10838,7.8,5874,4.23,1819,1.31,933,.67,81,.06,2,0
"D","Yorkshire and The Humber",,,"00FA","Kingston upon Hull, City of",,,115085,82921,72.05,20119,17.48,8153,7.08,2806,2.44,763,.66,217,.19,63,.05,42,.04,1,0
"D","Yorkshire and The Humber",,,"00FB","East Riding of Yorkshire",,,140638,38174,27.14,32489,23.1,27741,19.73,20806,14.79,13033,9.27,5477,3.89,2704,1.92,212,.15,2,0
"D","Yorkshire and The Humber",,,"00FC","North East Lincolnshire",,,69526,38424,55.27,16149,23.23,8170,11.75,4137,5.95,1645,2.37,580,.83,378,.54,42,.06,1,0
"D","Yorkshire and The Humber",,,"00FD","North Lincolnshire",,,68198,34516,50.61,13182,19.33,9921,14.55,6222,9.12,2886,4.23,1040,1.52,410,.6,19,.03,2,0
"D","Yorkshire and The Humber",,,"00FF","York",,,80635,10491,13.01,23520,29.17,24019,29.79,11462,14.21,6704,8.31,2970,3.68,1372,1.7,96,.12,1,0
"D","Yorkshire and The Humber","36","North Yorkshire","36UB","Craven",,,24588,3885,15.8,5568,22.65,5577,22.68,3573,14.53,2829,11.51,1812,7.37,1229,5,109,.44,6,.02
"D","Yorkshire and The Humber","36","North Yorkshire","36UC","Hambleton",,,36971,3136,8.48,7592,20.54,8519,23.04,6185,16.73,5564,15.05,3591,9.71,2233,6.04,147,.4,4,.01
"D","Yorkshire and The Humber","36","North Yorkshire","36UD","Harrogate",,,66833,7220,10.8,12874,19.26,16375,24.5,9926,14.85,8802,13.17,5925,8.87,5164,7.73,546,.82,1,0
"D","Yorkshire and The Humber","36","North Yorkshire","36UE","Richmondshire",,,20878,3109,14.89,4511,21.61,4942,23.67,3108,14.89,2884,13.81,1464,7.01,781,3.74,73,.35,6,.03
"D","Yorkshire and The Humber","36","North Yorkshire","36UF","Ryedale",,,22906,2149,9.38,5591,24.41,5325,23.25,3880,16.94,2980,13.01,1797,7.85,1088,4.75,95,.41,1,0
"D","Yorkshire and The Humber","36","North Yorkshire","36UG","Scarborough",,,52844,14605,27.64,13516,25.58,11793,22.32,6776,12.82,3746,7.09,1666,3.15,698,1.32,43,.08,1,0
"D","Yorkshire and The Humber","36","North Yorkshire","36UH","Selby",,,32371,7959,24.59,6807,21.03,6677,20.63,4594,14.19,3466,10.71,2012,6.22,803,2.48,53,.16,0,0
"E","East Midlands",,,"00FK","Derby",,,100610,53496,53.17,18453,18.34,14902,14.81,7589,7.54,3779,3.76,1807,1.8,538,.53,45,.04,1,0
"E","East Midlands",,,"00FN","Leicester",,,117808,73564,62.44,22245,18.88,12991,11.03,4889,4.15,2418,2.05,1072,.91,560,.48,68,.06,1,0
"E","East Midlands",,,"00FP","Rutland",,,14502,1383,9.54,3719,25.64,2602,17.94,2104,14.51,2087,14.39,1387,9.56,1096,7.56,124,.86,0,0
"E","East Midlands",,,"00FY","Nottingham",,,121626,82399,67.75,18259,15.01,11978,9.85,5143,4.23,2084,1.71,954,.78,679,.56,130,.11,0,0
"E","East Midlands","17","Derbyshire","17UB","Amber Valley",,,51857,20729,39.97,11055,21.32,9093,17.53,5524,10.65,2690,5.19,1351,2.61,1304,2.51,111,.21,0,0
"E","East Midlands","17","Derbyshire","17UC","Bolsover",,,32662,21138,64.72,4819,14.75,3447,10.55,1952,5.98,763,2.34,414,1.27,110,.34,19,.06,0,0
"E","East Midlands","17","Derbyshire","17UD","Chesterfield",,,46333,26094,56.32,9112,19.67,5551,11.98,3291,7.1,1594,3.44,468,1.01,200,.43,22,.05,1,0
"E","East Midlands","17","Derbyshire","17UF","Derbyshire Dales",,,31139,3196,10.26,6562,21.07,6708,21.54,5186,16.65,4464,14.34,2823,9.07,2069,6.64,131,.42,0,0
"E","East Midlands","17","Derbyshire","17UG","Erewash",,,47841,20314,42.46,12502,26.13,7098,14.84,4706,9.84,2006,4.19,720,1.5,456,.95,39,.08,0,0
"E","East Midlands","17","Derbyshire","17UH","High Peak",,,38294,7579,19.79,12058,31.49,8309,21.7,4260,11.12,3333,8.7,1839,4.8,857,2.24,54,.14,5,.01
"E","East Midlands","17","Derbyshire","17UJ","North East Derbyshire",,,42222,18106,42.88,8118,19.23,6807,16.12,4390,10.4,2597,6.15,1305,3.09,831,1.97,68,.16,0,0
"E","East Midlands","17","Derbyshire","17UK","South Derbyshire",,,35294,10271,29.1,8283,23.47,5759,16.32,5398,15.29,3000,8.5,1676,4.75,827,2.34,80,.23,0,0
"E","East Midlands","31","Leicestershire","31UB","Blaby",,,37280,4264,11.44,13513,36.25,8798,23.6,5734,15.38,3431,9.2,1073,2.88,442,1.19,25,.07,0,0
"E","East Midlands","31","Leicestershire","31UC","Charnwood",,,62824,11092,17.66,17448,27.77,16293,25.93,8396,13.36,5325,8.48,2491,3.97,1610,2.56,169,.27,0,0
"E","East Midlands","31","Leicestershire","31UD","Harborough",,,32819,3869,11.79,6866,20.92,6959,21.2,5020,15.3,5079,15.48,2862,8.72,1953,5.95,210,.64,1,0
"E","East Midlands","31","Leicestershire","31UE","Hinckley and Bosworth",,,43044,7392,17.17,13704,31.84,9861,22.91,6082,14.13,3392,7.88,1689,3.92,857,1.99,67,.16,0,0
"E","East Midlands","31","Leicestershire","31UG","Melton",,,20572,3298,16.03,6182,30.05,3637,17.68,3139,15.26,2184,10.62,1250,6.08,800,3.89,81,.39,1,0
"E","East Midlands","31","Leicestershire","31UH","North West Leicestershire",,,37880,9511,25.11,11795,31.14,6441,17,4981,13.15,3040,8.03,1294,3.42,778,2.05,40,.11,0,0
"E","East Midlands","31","Leicestershire","31UJ","Oadby and Wigston",,,21829,3590,16.45,5450,24.97,7157,32.79,2904,13.3,1761,8.07,443,2.03,453,2.08,71,.33,0,0
"E","East Midlands","32","Lincolnshire","32UB","Boston",,,25798,12754,49.44,5270,20.43,5408,20.96,1543,5.98,555,2.15,179,.69,74,.29,14,.05,1,0
"E","East Midlands","32","Lincolnshire","32UC","East Lindsey",,,60896,23860,39.18,12061,19.81,15224,25,5508,9.04,2741,4.5,969,1.59,478,.78,48,.08,7,.01
"E","East Midlands","32","Lincolnshire","32UD","Lincoln",,,38611,23941,62.01,7433,19.25,4026,10.43,1921,4.98,819,2.12,299,.77,122,.32,50,.13,0,0
"E","East Midlands","32","Lincolnshire","32UE","North Kesteven",,,42334,11546,27.27,10923,25.8,11032,26.06,4941,11.67,2405,5.68,1040,2.46,391,.92,55,.13,1,0
"E","East Midlands","32","Lincolnshire","32UF","South Holland",,,34885,13593,38.97,7370,21.13,8835,25.33,3279,9.4,1411,4.04,286,.82,97,.28,13,.04,1,0
"E","East Midlands","32","Lincolnshire","32UG","South Kesteven",,,53754,16585,30.85,12225,22.74,9549,17.76,7712,14.35,4458,8.29,2235,4.16,891,1.66,97,.18,2,0
"E","East Midlands","32","Lincolnshire","32UH","West Lindsey",,,36185,13914,38.45,6849,18.93,6521,18.02,4622,12.77,2612,7.22,1131,3.13,481,1.33,54,.15,1,0
"E","East Midlands","34","Northamptonshire","34UB","Corby",,,22806,13836,60.67,4841,21.23,1559,6.84,1655,7.26,613,2.69,166,.73,118,.52,18,.08,0,0
"E","East Midlands","34","Northamptonshire","34UC","Daventry",,,30716,3426,11.15,7540,24.55,6845,22.28,4720,15.37,3737,12.17,2312,7.53,2030,6.61,106,.35,0,0
"E","East Midlands","34","Northamptonshire","34UD","East Northamptonshire",,,33723,8823,26.16,9346,27.71,5167,15.32,4074,12.08,3216,9.54,1829,5.42,1160,3.44,108,.32,0,0
"E","East Midlands","34","Northamptonshire","34UE","Kettering",,,37159,11981,32.24,10329,27.8,6931,18.65,4070,10.95,2334,6.28,982,2.64,482,1.3,50,.13,0,0
"E","East Midlands","34","Northamptonshire","34UF","Northampton",,,84562,28886,34.16,19553,23.12,19270,22.79,8774,10.38,4903,5.8,2057,2.43,1047,1.24,72,.09,0,0
"E","East Midlands","34","Northamptonshire","34UG","South Northamptonshire",,,33359,1780,5.34,7742,23.21,8431,25.27,5113,15.33,4881,14.63,3280,9.83,1962,5.88,169,.51,1,0
"E","East Midlands","34","Northamptonshire","34UH","Wellingborough",,,30899,9637,31.19,8920,28.87,6038,19.54,3284,10.63,1934,6.26,716,2.32,344,1.11,26,.08,0,0
"E","East Midlands","37","Nottinghamshire","37UB","Ashfield",,,49082,27906,56.86,9648,19.66,7195,14.66,2898,5.9,913,1.86,356,.73,144,.29,22,.04,0,0
"E","East Midlands","37","Nottinghamshire","37UC","Bassetlaw",,,47337,25247,53.33,6840,14.45,5595,11.82,5290,11.18,2522,5.33,1151,2.43,632,1.34,58,.12,2,0
"E","East Midlands","37","Nottinghamshire","37UD","Broxtowe",,,47160,15364,32.58,12275,26.03,10252,21.74,5697,12.08,2402,5.09,733,1.55,418,.89,19,.04,0,0
"E","East Midlands","37","Nottinghamshire","37UE","Gedling",,,48385,13853,28.63,13912,28.75,9194,19,6137,12.68,3318,6.86,1160,2.4,733,1.51,76,.16,2,0
"E","East Midlands","37","Nottinghamshire","37UF","Mansfield",,,44726,26038,58.22,8556,19.13,5403,12.08,2973,6.65,1302,2.91,310,.69,129,.29,14,.03,1,0
"E","East Midlands","37","Nottinghamshire","37UG","Newark and Sherwood",,,47012,20580,43.78,7248,15.42,7482,15.92,4862,10.34,3275,6.97,2169,4.61,1290,2.74,106,.23,0,0
"E","East Midlands","37","Nottinghamshire","37UJ","Rushcliffe",,,44633,5706,12.78,8990,20.14,9711,21.76,8418,18.86,5986,13.41,3559,7.97,2150,4.82,111,.25,2,0
"F","West Midlands",,,"00CN","Birmingham",,,407872,159008,38.98,118391,29.03,67851,16.64,30733,7.53,17543,4.3,7868,1.93,5472,1.34,809,.2,197,.05
"F","West Midlands",,,"00CQ","Coventry",,,127960,53825,42.06,38118,29.79,20660,16.15,7993,6.25,3966,3.1,2055,1.61,1167,.91,169,.13,7,.01
"F","West Midlands",,,"00CR","Dudley",,,128820,40354,31.33,35978,27.93,27933,21.68,15149,11.76,6153,4.78,2201,1.71,937,.73,112,.09,3,0
"F","West Midlands",,,"00CS","Sandwell",,,122222,56533,46.25,40115,32.82,17278,14.14,5524,4.52,2202,1.8,471,.39,53,.04,34,.03,12,.01
"F","West Midlands",,,"00CT","Solihull",,,84774,14030,16.55,10629,12.54,20200,23.83,15339,18.09,10934,12.9,8520,10.05,4848,5.72,273,.32,1,0
"F","West Midlands",,,"00CU","Walsall",,,107264,49905,46.53,23845,22.23,16184,15.09,9211,8.59,5165,4.82,2187,2.04,708,.66,56,.05,3,0
"F","West Midlands",,,"00CW","Wolverhampton",,,102990,54963,53.37,21474,20.85,14977,14.54,6009,5.83,2894,2.81,1678,1.63,889,.86,103,.1,3,0
"F","West Midlands",,,"00GA","Herefordshire, County of",,,76405,11437,14.97,17831,23.34,15349,20.09,12199,15.97,10383,13.59,5769,7.55,3249,4.25,184,.24,4,.01
"F","West Midlands",,,"00GF","Telford and Wrekin",,,65202,25547,39.18,16975,26.03,9112,13.98,6960,10.67,3952,6.06,1786,2.74,824,1.26,46,.07,0,0
"F","West Midlands",,,"00GL","Stoke-on-Trent",,,109044,69011,63.29,20930,19.19,13151,12.06,3823,3.51,1540,1.41,416,.38,115,.11,47,.04,11,.01
"F","West Midlands","39","Shropshire","39UB","Bridgnorth",,,22269,3304,14.84,4840,21.73,5398,24.24,2866,12.87,2280,10.24,2110,9.48,1343,6.03,126,.57,2,.01
"F","West Midlands","39","Shropshire","39UC","North Shropshire",,,24667,4701,19.06,6103,24.74,4561,18.49,3772,15.29,3140,12.73,1595,6.47,747,3.03,48,.19,0,0
"F","West Midlands","39","Shropshire","39UD","Oswestry",,,16219,5012,30.9,4232,26.09,2719,16.76,2410,14.86,1430,8.82,294,1.81,106,.65,16,.1,0,0
"F","West Midlands","39","Shropshire","39UE","Shrewsbury and Atcham",,,42102,7219,17.15,13104,31.12,9767,23.2,5584,13.26,3528,8.38,1629,3.87,1190,2.83,77,.18,4,.01
"F","West Midlands","39","Shropshire","39UF","South Shropshire",,,18969,3192,16.83,3853,20.31,3782,19.94,3357,17.7,2788,14.7,1362,7.18,591,3.12,43,.23,1,.01
"F","West Midlands","41","Staffordshire","41UB","Cannock Chase",,,39158,13495,34.46,12267,31.33,6854,17.5,3993,10.2,1731,4.42,543,1.39,258,.66,16,.04,1,0
"F","West Midlands","41","Staffordshire","41UC","East Staffordshire",,,45148,16859,37.34,9168,20.31,7301,16.17,5164,11.44,3640,8.06,1893,4.19,1026,2.27,85,.19,12,.03
"F","West Midlands","41","Staffordshire","41UD","Lichfield",,,39538,5417,13.7,9084,22.98,9535,24.12,5591,14.14,4334,10.96,2855,7.22,2355,5.96,360,.91,7,.02
"F","West Midlands","41","Staffordshire","41UE","Newcastle-under-Lyme",,,52289,23624,45.18,9462,18.1,10390,19.87,3884,7.43,2424,4.64,1614,3.09,844,1.61,45,.09,2,0
"F","West Midlands","41","Staffordshire","41UF","South Staffordshire",,,43440,6454,14.86,9824,22.62,10421,23.99,6639,15.28,4709,10.84,2996,6.9,2203,5.07,189,.44,5,.01
"F","West Midlands","41","Staffordshire","41UG","Stafford",,,52983,11349,21.42,12209,23.04,11919,22.5,7991,15.08,5153,9.73,2850,5.38,1378,2.6,121,.23,13,.02
"F","West Midlands","41","Staffordshire","41UH","Staffordshire Moorlands",,,41129,9126,22.19,9790,23.8,10099,24.55,5768,14.02,3808,9.26,1747,4.25,743,1.81,36,.09,12,.03
"F","West Midlands","41","Staffordshire","41UK","Tamworth",,,30106,9098,30.22,10783,35.82,4885,16.23,3300,10.96,1549,5.15,397,1.32,90,.3,2,.01,2,.01
"F","West Midlands","44","Warwickshire","44UB","North Warwickshire",,,25866,6141,23.74,6673,25.8,5575,21.55,3535,13.67,2041,7.89,1158,4.48,673,2.6,64,.25,6,.02
"F","West Midlands","44","Warwickshire","44UC","Nuneaton and Bedworth",,,50939,19106,37.51,11774,23.11,11302,22.19,6126,12.03,1938,3.8,536,1.05,140,.27,15,.03,2,0
"F","West Midlands","44","Warwickshire","44UD","Rugby",,,38653,7592,19.64,9818,25.4,9521,24.63,4717,12.2,3525,9.12,2140,5.54,1248,3.23,88,.23,4,.01
"F","West Midlands","44","Warwickshire","44UE","Stratford-on-Avon",,,50320,3291,6.54,6748,13.41,14168,28.16,8573,17.04,7841,15.58,4715,9.37,4269,8.48,712,1.41,3,.01
"F","West Midlands","44","Warwickshire","44UF","Warwick",,,55798,4457,7.99,10265,18.4,15169,27.19,11352,20.34,6078,10.89,4564,8.18,3515,6.3,395,.71,3,.01
"F","West Midlands","47","Worcestershire","47UB","Bromsgrove",,,36922,3042,8.24,6620,17.93,8019,21.72,7122,19.29,6086,16.48,3254,8.81,2483,6.72,291,.79,5,.01
"F","West Midlands","47","Worcestershire","47UC","Malvern Hills",,,31881,3485,10.93,6624,20.78,6939,21.77,5195,16.29,4418,13.86,3090,9.69,2005,6.29,124,.39,1,0
"F","West Midlands","47","Worcestershire","47UD","Redditch",,,33159,7150,21.56,10914,32.91,6850,20.66,3919,11.82,2860,8.63,1080,3.26,368,1.11,18,.05,0,0
"F","West Midlands","47","Worcestershire","47UE","Worcester",,,40693,7517,18.47,13234,32.52,10453,25.69,4810,11.82,3056,7.51,1233,3.03,378,.93,11,.03,1,0
"F","West Midlands","47","Worcestershire","47UF","Wychavon",,,49060,5574,11.36,10021,20.43,10923,22.26,7444,15.17,6353,12.95,5041,10.28,3501,7.14,203,.41,0,0
"F","West Midlands","47","Worcestershire","47UG","Wyre Forest",,,42255,9842,23.29,10283,24.34,10619,25.13,5686,13.46,3061,7.24,1570,3.72,1081,2.56,112,.27,1,0
"G","East of England",,,"00JA","Peterborough",,,70192,31964,45.54,16195,23.07,11074,15.78,5354,7.63,3265,4.65,1536,2.19,749,1.07,55,.08,0,0
"G","East of England",,,"00KA","Luton",,,73401,14107,19.22,25410,34.62,21778,29.67,7441,10.14,3374,4.6,1009,1.37,256,.35,26,.04,0,0
"G","East of England",,,"00KF","Southend-on-Sea",,,75701,15737,20.79,14673,19.38,21951,29,12054,15.92,6294,8.31,3414,4.51,1465,1.94,104,.14,9,.01
"G","East of England",,,"00KG","Thurrock",,,60273,7143,11.85,12086,20.05,24806,41.16,9804,16.27,3883,6.44,1811,3,696,1.15,43,.07,1,0
"G","East of England","09","Bedfordshire","09UC","Mid Bedfordshire",,,51538,3693,7.17,10186,19.76,14952,29.01,8326,16.16,7851,15.23,4115,7.98,2234,4.33,180,.35,1,0
"G","East of England","09","Bedfordshire","09UD","Bedford",,,62039,8600,13.86,15532,25.04,15753,25.39,8567,13.81,6753,10.89,4261,6.87,2369,3.82,203,.33,1,0
"G","East of England","09","Bedfordshire","09UE","South Bedfordshire",,,47823,4992,10.44,9925,20.75,13932,29.13,9434,19.73,5184,10.84,2700,5.65,1549,3.24,107,.22,0,0
"G","East of England","12","Cambridgeshire","12UB","Cambridge",,,44664,2546,5.7,8188,18.33,16291,36.47,7665,17.16,4231,9.47,2737,6.13,2600,5.82,404,.9,2,0
"G","East of England","12","Cambridgeshire","12UC","East Cambridgeshire",,,31180,3691,11.84,9418,30.21,6301,20.21,5938,19.04,3622,11.62,1569,5.03,568,1.82,72,.23,1,0
"G","East of England","12","Cambridgeshire","12UD","Fenland",,,37916,14738,38.87,10091,26.61,7528,19.85,3548,9.36,1475,3.89,383,1.01,134,.35,19,.05,0,0
"G","East of England","12","Cambridgeshire","12UE","Huntingdonshire",,,66452,10367,15.6,17246,25.95,15981,24.05,10394,15.64,7742,11.65,3086,4.64,1513,2.28,123,.19,0,0
"G","East of England","12","Cambridgeshire","12UG","South Cambridgeshire",,,55297,2052,3.71,5642,10.2,17143,31,10471,18.94,9748,17.63,6333,11.45,3596,6.5,310,.56,2,0
"G","East of England","22","Essex","22UB","Basildon",,,71926,9048,12.58,14738,20.49,21845,30.37,13317,18.51,6834,9.5,4269,5.94,1765,2.45,110,.15,0,0
"G","East of England","22","Essex","22UC","Braintree",,,57355,5336,9.3,14410,25.12,17453,30.43,7905,13.78,6378,11.12,3647,6.36,2018,3.52,203,.35,5,.01
"G","East of England","22","Essex","22UD","Brentwood",,,30425,548,1.8,2549,8.38,6110,20.08,7751,25.48,5144,16.91,4300,14.13,3584,11.78,438,1.44,1,0
"G","East of England","22","Essex","22UE","Castle Point",,,35775,1710,4.78,5839,16.32,13433,37.55,8326,23.27,4135,11.56,1696,4.74,566,1.58,63,.18,7,.02
"G","East of England","22","Essex","22UF","Chelmsford",,,66637,4427,6.64,9111,13.67,20573,30.87,14873,22.32,9184,13.78,4857,7.29,3319,4.98,291,.44,2,0
"G","East of England","22","Essex","22UG","Colchester",,,66902,8337,12.46,17423,26.04,17514,26.18,11502,17.19,6596,9.86,3221,4.81,2144,3.2,149,.22,16,.02
"G","East of England","22","Essex","22UH","Epping Forest",,,52042,1666,3.2,4505,8.66,10887,20.92,13222,25.41,8733,16.78,6347,12.2,5655,10.87,1027,1.97,0,0
"G","East of England","22","Essex","22UJ","Harlow",,,34331,2130,6.2,7402,21.56,18049,52.57,3722,10.84,1859,5.41,759,2.21,392,1.14,18,.05,0,0
"G","East of England","22","Essex","22UK","Maldon",,,25655,2107,8.21,3414,13.31,7606,29.65,4763,18.57,3919,15.28,2505,9.76,1198,4.67,140,.55,3,.01
"G","East of England","22","Essex","22UL","Rochford",,,33325,1368,4.11,3048,9.15,11179,33.55,9952,29.86,4623,13.87,1991,5.97,1084,3.25,77,.23,3,.01
"G","East of England","22","Essex","22UN","Tendring",,,64741,11863,18.32,16559,25.58,19959,30.83,9567,14.78,4409,6.81,1525,2.36,760,1.17,90,.14,9,.01
"G","East of England","22","Essex","22UQ","Uttlesford",,,29165,922,3.16,3330,11.42,7124,24.43,5678,19.47,4783,16.4,3376,11.58,3618,12.41,333,1.14,1,0
"G","East of England","26","Hertfordshire","26UB","Broxbourne",,,36178,436,1.21,3215,8.89,7502,20.74,13407,37.06,6967,19.26,2571,7.11,1936,5.35,144,.4,0,0
"G","East of England","26","Hertfordshire","26UC","Dacorum",,,57711,1123,1.95,7640,13.24,17524,30.37,13578,23.53,7757,13.44,5108,8.85,4397,7.62,583,1.01,1,0
"G","East of England","26","Hertfordshire","26UD","East Hertfordshire",,,54330,643,1.18,5094,9.38,13122,24.15,13595,25.02,9857,18.14,6565,12.08,4856,8.94,598,1.1,0,0
"G","East of England","26","Hertfordshire","26UE","Hertsmere",,,39196,561,1.43,2727,6.96,5929,15.13,12940,33.01,8250,21.05,3803,9.7,4216,10.76,770,1.96,0,0
"G","East of England","26","Hertfordshire","26UF","North Hertfordshire",,,50909,3046,5.98,7554,14.84,17638,34.65,8861,17.41,6474,12.72,4154,8.16,2914,5.72,268,.53,0,0
"G","East of England","26","Hertfordshire","26UG","St Albans",,,55074,849,1.54,2748,4.99,8278,15.03,15172,27.55,12139,22.04,8330,15.13,6650,12.07,907,1.65,1,0
"G","East of England","26","Hertfordshire","26UH","Stevenage",,,33728,1385,4.11,5667,16.8,19860,58.88,3002,8.9,2523,7.48,878,2.6,402,1.19,10,.03,1,0
"G","East of England","26","Hertfordshire","26UJ","Three Rivers",,,34679,715,2.06,1947,5.61,6072,17.51,9183,26.48,6884,19.85,3752,10.82,4847,13.98,1278,3.69,1,0
"G","East of England","26","Hertfordshire","26UK","Watford",,,33845,288,.85,3437,10.16,12291,36.32,10743,31.74,3313,9.79,1919,5.67,1781,5.26,73,.22,0,0
"G","East of England","26","Hertfordshire","26UL","Welwyn Hatfield",,,41325,568,1.37,4245,10.27,13556,32.8,10549,25.53,4149,10.04,4204,10.17,3516,8.51,538,1.3,0,0
"G","East of England","33","Norfolk","33UB","Breckland",,,52422,13693,26.12,15432,29.44,12169,23.21,5998,11.44,3267,6.23,1222,2.33,583,1.11,56,.11,2,0
"G","East of England","33","Norfolk","33UC","Broadland",,,52453,3985,7.6,13754,26.22,19520,37.21,8456,16.12,4144,7.9,1779,3.39,726,1.38,89,.17,0,0
"G","East of England","33","Norfolk","33UD","Great Yarmouth",,,43795,18997,43.38,11410,26.05,7627,17.42,3557,8.12,1451,3.31,488,1.11,232,.53,15,.03,18,.04
"G","East of England","33","Norfolk","33UE","King's Lynn and West Norfolk",,,64466,21840,33.88,15557,24.13,12338,19.14,7866,12.2,3952,6.13,1975,3.06,844,1.31,94,.15,0,0
"G","East of England","33","Norfolk","33UF","North Norfolk",,,50440,10659,21.13,13515,26.79,10866,21.54,8192,16.24,4227,8.38,1895,3.76,997,1.98,79,.16,10,.02
"G","East of England","33","Norfolk","33UG","Norwich",,,58043,25440,43.83,20186,34.78,6428,11.07,2710,4.67,1893,3.26,688,1.19,624,1.08,73,.13,1,0
"G","East of England","33","Norfolk","33UH","South Norfolk",,,49466,5290,10.69,14427,29.17,12344,24.95,8619,17.42,5151,10.41,2227,4.5,1292,2.61,113,.23,3,.01
"G","East of England","42","Suffolk","42UB","Babergh",,,36681,4122,11.24,10933,29.81,7567,20.63,6605,18.01,3815,10.4,1958,5.34,1511,4.12,167,.46,3,.01
"G","East of England","42","Suffolk","42UC","Forest Heath",,,24782,5921,23.89,8960,36.16,4832,19.5,2945,11.88,1148,4.63,553,2.23,370,1.49,53,.21,0,0
"G","East of England","42","Suffolk","42UD","Ipswich",,,52626,16509,31.37,19562,37.17,9915,18.84,3540,6.73,1926,3.66,844,1.6,317,.6,12,.02,1,0
"G","East of England","42","Suffolk","42UE","Mid Suffolk",,,37556,4798,12.78,10456,27.84,8165,21.74,6004,15.99,4251,11.32,2400,6.39,1378,3.67,103,.27,1,0
"G","East of England","42","Suffolk","42UF","St Edmundsbury",,,43345,4865,11.22,16300,37.61,8460,19.52,6616,15.26,3857,8.9,1732,4,1396,3.22,119,.27,0,0
"G","East of England","42","Suffolk","42UG","Suffolk Coastal",,,53834,7177,13.33,13486,25.05,10646,19.78,9885,18.36,6756,12.55,3632,6.75,2093,3.89,158,.29,1,0
"G","East of England","42","Suffolk","42UH","Waveney",,,52637,18194,34.57,14741,28.01,9908,18.82,5759,10.94,2540,4.83,898,1.71,557,1.06,36,.07,4,.01
"H","London",,,"00AA","City of London",,,5195,11,.21,242,4.66,630,12.13,739,14.23,1830,35.23,861,16.57,766,14.74,94,1.81,22,.42
"H","London",,,"00AB","Barking and Dagenham",,,67964,7493,11.02,9980,14.68,40617,59.76,7729,11.37,1753,2.58,312,.46,46,.07,23,.03,11,.02
"H","London",,,"00AC","Barnet",,,130977,1595,1.22,8672,6.62,25485,19.46,29502,22.52,28440,21.71,18330,13.99,15311,11.69,3625,2.77,17,.01
"H","London",,,"00AD","Bexley",,,93078,4839,5.2,9709,10.43,27198,29.22,25881,27.81,19215,20.64,4506,4.84,1681,1.81,45,.05,4,0
"H","London",,,"00AE","Brent",,,102497,2545,2.48,10781,10.52,29688,28.96,28707,28.01,21059,20.55,6063,5.92,3380,3.3,252,.25,22,.02
"H","London",,,"00AF","Bromley",,,129832,1676,1.29,9085,7,26466,20.38,34033,26.21,27777,21.39,16672,12.84,13119,10.1,992,.76,12,.01
"H","London",,,"00AG","Camden",,,95120,1928,2.03,9487,9.97,18644,19.6,23502,24.71,16050,16.87,9897,10.4,11580,12.17,4000,4.21,32,.03
"H","London",,,"00AH","Croydon",,,138160,1789,1.29,18556,13.43,40773,29.51,36287,26.26,21396,15.49,11354,8.22,7359,5.33,616,.45,30,.02
"H","London",,,"00AJ","Ealing",,,120195,2466,2.05,11664,9.7,27794,23.12,40061,33.33,21519,17.9,9188,7.64,6586,5.48,904,.75,13,.01
"H","London",,,"00AK","Enfield",,,115944,4928,4.25,10615,9.16,30159,26.01,34603,29.84,20383,17.58,8630,7.44,5805,5.01,806,.7,15,.01
"H","London",,,"00AL","Greenwich",,,95182,12253,12.87,17227,18.1,31979,33.6,18591,19.53,10239,10.76,2767,2.91,1832,1.92,286,.3,8,.01
"H","London",,,"00AM","Hackney",,,90191,4355,4.83,30693,34.03,27750,30.77,13658,15.14,8528,9.46,3853,4.27,1142,1.27,43,.05,169,.19
"H","London",,,"00AN","Hammersmith and Fulham",,,77482,2663,3.44,5359,6.92,13214,17.05,21726,28.04,13770,17.77,8718,11.25,10180,13.14,1837,2.37,15,.02
"H","London",,,"00AP","Haringey",,,95748,4629,4.83,15357,16.04,29600,30.91,24731,25.83,10733,11.21,5410,5.65,4631,4.84,616,.64,41,.04
"H","London",,,"00AQ","Harrow",,,81925,252,.31,2848,3.48,16714,20.4,26581,32.45,21389,26.11,7291,8.9,5785,7.06,1053,1.29,12,.01
"H","London",,,"00AR","Havering",,,95464,5300,5.55,9526,9.98,23483,24.6,32976,34.54,14776,15.48,6128,6.42,3022,3.17,239,.25,14,.01
"H","London",,,"00AS","Hillingdon",,,100377,655,.65,5185,5.17,20209,20.13,43115,42.95,17185,17.12,9186,9.15,4462,4.45,370,.37,10,.01
"H","London",,,"00AT","Hounslow",,,88194,1293,1.47,7995,9.07,21435,24.3,34491,39.11,13413,15.21,5129,5.82,3664,4.15,763,.87,11,.01
"H","London",,,"00AU","Islington",,,86165,709,.82,5574,6.47,26708,31,26539,30.8,12532,14.54,6667,7.74,6280,7.29,811,.94,345,.4
"H","London",,,"00AW","Kensington and Chelsea",,,84352,607,.72,3219,3.82,8832,10.47,13139,15.58,13092,15.52,11725,13.9,19779,23.45,13926,16.51,33,.04
"H","London",,,"00AX","Kingston upon Thames",,,61660,135,.22,2546,4.13,13805,22.39,19181,31.11,13726,22.26,7510,12.18,3879,6.29,874,1.42,4,.01
"H","London",,,"00AY","Lambeth",,,123215,4648,3.77,31730,25.75,34922,28.34,25078,20.35,12541,10.18,8536,6.93,5163,4.19,484,.39,113,.09
"H","London",,,"00AZ","Lewisham",,,111200,6820,6.13,29561,26.58,38810,34.9,24529,22.06,7212,6.49,2779,2.5,1302,1.17,172,.15,15,.01
"H","London",,,"00BA","Merton",,,77007,1051,1.36,7694,9.99,19267,25.02,26310,34.17,12822,16.65,4613,5.99,3845,4.99,1400,1.82,5,.01
"H","London",,,"00BB","Newham",,,95110,4933,5.19,29233,30.74,44101,46.37,14161,14.89,2335,2.46,271,.28,26,.03,23,.02,27,.03
"H","London",,,"00BC","Redbridge",,,94847,1639,1.73,10704,11.29,22662,23.89,30197,31.84,19231,20.28,7185,7.58,3037,3.2,180,.19,12,.01
"H","London",,,"00BD","Richmond upon Thames",,,78432,612,.78,1936,2.47,11394,14.53,19297,24.6,19524,24.89,11164,14.23,11726,14.95,2738,3.49,41,.05
"H","London",,,"00BE","Southwark",,,115825,12929,11.16,36698,31.68,29588,25.55,16854,14.55,10794,9.32,4908,4.24,3537,3.05,442,.38,75,.06
"H","London",,,"00BF","Sutton",,,76471,586,.77,6741,8.82,24270,31.74,22530,29.46,11824,15.46,6578,8.6,3688,4.82,247,.32,7,.01
"H","London",,,"00BG","Tower Hamlets",,,87135,1544,1.77,25248,28.98,29835,34.24,12183,13.98,10346,11.87,5027,5.77,2490,2.86,352,.4,110,.13
"H","London",,,"00BH","Waltham Forest",,,93559,3542,3.79,25247,26.99,32204,34.42,22139,23.66,8154,8.72,1801,1.92,439,.47,25,.03,8,.01
"H","London",,,"00BJ","Wandsworth",,,123979,5996,4.84,11768,9.49,34497,27.82,29016,23.4,17890,14.43,12033,9.71,10870,8.77,1894,1.53,15,.01
"H","London",,,"00BK","Westminster",,,113757,1496,1.32,6079,5.34,15405,13.54,21376,18.79,20500,18.02,15038,13.22,20430,17.96,13330,11.72,103,.09
"J","South East",,,"00LC","Medway",,,104351,10088,9.67,35886,34.39,31617,30.3,15064,14.44,7504,7.19,2992,2.87,1129,1.08,70,.07,1,0
"J","South East",,,"00MA","Bracknell Forest",,,44065,1626,3.69,3869,8.78,16616,37.71,8105,18.39,7324,16.62,4306,9.77,1996,4.53,223,.51,0,0
"J","South East",,,"00MB","West Berkshire",,,59299,2228,3.76,5618,9.47,16733,28.22,15552,26.23,9305,15.69,5824,9.82,3470,5.85,568,.96,1,0
"J","South East",,,"00MC","Reading",,,60515,4842,8,12395,20.48,24481,40.45,9034,14.93,4883,8.07,3073,5.08,1724,2.85,83,.14,0,0
"J","South East",,,"00MD","Slough",,,46390,898,1.94,9172,19.77,19426,41.88,11261,24.27,3834,8.26,1513,3.26,280,.6,6,.01,0,0
"J","South East",,,"00ME","Windsor and Maidenhead",,,57985,1646,2.84,3245,5.6,8422,14.52,14715,25.38,12190,21.02,7473,12.89,8976,15.48,1318,2.27,0,0
"J","South East",,,"00MF","Wokingham",,,58259,1642,2.82,3055,5.24,8355,14.34,16627,28.54,13867,23.8,9127,15.67,5209,8.94,376,.65,1,0
"J","South East",,,"00MG","Milton Keynes",,,89508,14284,15.96,24261,27.1,24930,27.85,10575,11.81,8636,9.65,4301,4.81,2395,2.68,125,.14,1,0
"J","South East",,,"00ML","Brighton and Hove",,,120304,25056,20.83,26930,22.38,32439,26.96,18426,15.32,10456,8.69,4173,3.47,2655,2.21,167,.14,2,0
"J","South East",,,"00MR","Portsmouth",,,82284,22937,27.88,28226,34.3,20156,24.5,5277,6.41,3324,4.04,1620,1.97,682,.83,59,.07,3,0
"J","South East",,,"00MS","Southampton",,,92398,27742,30.02,30424,32.93,20508,22.2,8906,9.64,2983,3.23,1338,1.45,460,.5,30,.03,7,.01
"J","South East",,,"00MW","Isle of Wight",,,62816,8665,13.79,15487,24.65,15507,24.69,12210,19.44,6607,10.52,2803,4.46,1398,2.23,128,.2,11,.02
"J","South East","11","Buckinghamshire","11UB","Aylesbury Vale",,,65656,2536,3.86,10623,16.18,18876,28.75,11134,16.96,9627,14.66,7107,10.82,5386,8.2,359,.55,8,.01
"J","South East","11","Buckinghamshire","11UC","Chiltern",,,37016,553,1.49,1759,4.75,5063,13.68,6383,17.24,6412,17.32,6488,17.53,8703,23.51,1652,4.46,3,.01
"J","South East","11","Buckinghamshire","11UE","South Bucks",,,26370,535,2.03,816,3.09,3480,13.2,5196,19.7,4844,18.37,3149,11.94,6657,25.24,1692,6.42,1,0
"J","South East","11","Buckinghamshire","11UF","Wycombe",,,65785,998,1.52,6655,10.12,15524,23.6,16028,24.36,10591,16.1,8474,12.88,6613,10.05,898,1.37,4,.01
"J","South East","21","East Sussex","21UC","Eastbourne",,,43982,7467,16.98,12064,27.43,10400,23.65,7411,16.85,3780,8.59,1787,4.06,997,2.27,73,.17,3,.01
"J","South East","21","East Sussex","21UD","Hastings",,,40457,13863,34.27,11346,28.04,6898,17.05,5341,13.2,2079,5.14,699,1.73,181,.45,50,.12,0,0
"J","South East","21","East Sussex","21UF","Lewes",,,41196,3733,9.06,5417,13.15,12675,30.77,8967,21.77,5268,12.79,2815,6.83,2112,5.13,209,.51,0,0
"J","South East","21","East Sussex","21UG","Rother",,,41835,4400,10.52,6671,15.95,9218,22.03,8535,20.4,6974,16.67,3455,8.26,2325,5.56,254,.61,3,.01
"J","South East","21","East Sussex","21UH","Wealden",,,61870,3554,5.74,6797,10.99,15228,24.61,12700,20.53,9874,15.96,6907,11.16,6045,9.77,762,1.23,3,0
"J","South East","24","Hampshire","24UB","Basingstoke and Deane",,,62900,2036,3.24,10328,16.42,21650,34.42,10775,17.13,9222,14.66,5688,9.04,2860,4.55,340,.54,1,0
"J","South East","24","Hampshire","24UC","East Hampshire",,,45573,2611,5.73,4538,9.96,10879,23.87,9474,20.79,7965,17.48,5315,11.66,4198,9.21,593,1.3,0,0
"J","South East","24","Hampshire","24UD","Eastleigh",,,47896,4277,8.93,8547,17.84,15954,33.31,8841,18.46,6649,13.88,2679,5.59,926,1.93,22,.05,1,0
"J","South East","24","Hampshire","24UE","Fareham",,,44746,2852,6.37,5883,13.15,14439,32.27,9568,21.38,7414,16.57,3181,7.11,1307,2.92,100,.22,2,0
"J","South East","24","Hampshire","24UF","Gosport",,,33676,6125,18.19,12251,36.38,8144,24.18,3963,11.77,1678,4.98,1157,3.44,327,.97,31,.09,0,0
"J","South East","24","Hampshire","24UG","Hart",,,33805,653,1.93,1549,4.58,7654,22.64,7524,22.26,6893,20.39,5969,17.66,3347,9.9,214,.63,2,.01
"J","South East","24","Hampshire","24UH","Havant",,,50614,7496,14.81,13064,25.81,11791,23.3,9530,18.83,5392,10.65,2369,4.68,932,1.84,40,.08,0,0
"J","South East","24","Hampshire","24UJ","New Forest",,,76114,5981,7.86,10959,14.4,16776,22.04,18413,24.19,12787,16.8,6345,8.34,4286,5.63,561,.74,6,.01
"J","South East","24","Hampshire","24UL","Rushmoor",,,34213,1053,3.08,7075,20.68,13345,39.01,7604,22.23,3702,10.82,1069,3.12,322,.94,43,.13,0,0
"J","South East","24","Hampshire","24UN","Test Valley",,,45967,2251,4.9,7518,16.36,12385,26.94,8526,18.55,7408,16.12,4273,9.3,3223,7.01,381,.83,2,0
"J","South East","24","Hampshire","24UP","Winchester",,,44757,1813,4.05,5445,12.17,10287,22.98,8053,17.99,7700,17.2,5961,13.32,4882,10.91,614,1.37,2,0
"J","South East","29","Kent","29UB","Ashford",,,44871,3564,7.94,10260,22.87,11190,24.94,6576,14.66,5828,12.99,4404,9.81,2847,6.34,195,.43,7,.02
"J","South East","29","Kent","29UC","Canterbury",,,59251,5842,9.86,12560,21.2,18631,31.44,10698,18.06,6018,10.16,3482,5.88,1905,3.22,110,.19,5,.01
"J","South East","29","Kent","29UD","Dartford",,,36543,1510,4.13,6406,17.53,13249,36.26,8239,22.55,4318,11.82,2021,5.53,747,2.04,53,.15,0,0
"J","South East","29","Kent","29UE","Dover",,,47779,6068,12.7,15469,32.38,12681,26.54,6267,13.12,3822,8,2030,4.25,1367,2.86,67,.14,8,.02
"J","South East","29","Kent","29UG","Gravesham",,,39013,3502,8.98,6457,16.55,13118,33.62,8929,22.89,4191,10.74,1851,4.74,870,2.23,95,.24,0,0
"J","South East","29","Kent","29UH","Maidstone",,,59735,4176,6.99,7768,13,15838,26.51,15284,25.59,8269,13.84,4798,8.03,3307,5.54,293,.49,2,0
"J","South East","29","Kent","29UK","Sevenoaks",,,46135,1670,3.62,2855,6.19,9950,21.57,11126,24.12,7008,15.19,5544,12.02,6930,15.02,1051,2.28,1,0
"J","South East","29","Kent","29UL","Shepway",,,45779,5939,12.97,11374,24.85,13043,28.49,7045,15.39,4346,9.49,2283,4.99,1651,3.61,89,.19,9,.02
"J","South East","29","Kent","29UM","Swale",,,54600,9492,17.38,13694,25.08,15368,28.15,8449,15.47,4404,8.07,1980,3.63,1084,1.99,123,.23,6,.01
"J","South East","29","Kent","29UN","Thanet",,,60139,14113,23.47,17264,28.71,15916,26.47,7194,11.96,3576,5.95,1368,2.27,660,1.1,44,.07,4,.01
"J","South East","29","Kent","29UP","Tonbridge and Malling",,,45058,1704,3.78,3437,7.63,12814,28.44,11484,25.49,7450,16.53,4260,9.45,3615,8.02,288,.64,6,.01
"J","South East","29","Kent","29UQ","Tunbridge Wells",,,44949,3333,7.42,4825,10.73,12654,28.15,8977,19.97,6009,13.37,4240,9.43,4513,10.04,397,.88,1,0
"J","South East","38","Oxfordshire","38UB","Cherwell",,,55121,4608,8.36,13545,24.57,15317,27.79,9495,17.23,6789,12.32,3003,5.45,2156,3.91,206,.37,2,0
"J","South East","38","Oxfordshire","38UC","Oxford",,,53042,1975,3.72,7591,14.31,16848,31.76,14548,27.43,5869,11.06,2487,4.69,3162,5.96,559,1.05,3,.01
"J","South East","38","Oxfordshire","38UD","South Oxfordshire",,,54727,2195,4.01,4602,8.41,14342,26.21,12668,23.15,9221,16.85,5631,10.29,5372,9.82,693,1.27,3,.01
"J","South East","38","Oxfordshire","38UE","Vale of White Horse",,,47382,1483,3.13,4410,9.31,13722,28.96,10990,23.19,8272,17.46,4540,9.58,3609,7.62,352,.74,4,.01
"J","South East","38","Oxfordshire","38UF","West Oxfordshire",,,40826,1527,3.74,4330,10.61,13856,33.94,8964,21.96,6251,15.31,3350,8.21,2234,5.47,312,.76,2,0
"J","South East","43","Surrey","43UB","Elmbridge",,,52285,233,.45,1678,3.21,6617,12.66,12394,23.7,10331,19.76,7283,13.93,10779,20.62,2968,5.68,2,0
"J","South East","43","Surrey","43UC","Epsom and Ewell",,,28478,171,.6,1128,3.96,4253,14.93,7502,26.34,7418,26.05,4180,14.68,3702,13,122,.43,2,.01
"J","South East","43","Surrey","43UD","Guildford",,,53316,812,1.52,3038,5.7,10665,20,14665,27.51,9428,17.68,6011,11.27,7213,13.53,1480,2.78,4,.01
"J","South East","43","Surrey","43UE","Mole Valley",,,34961,1526,4.36,2318,6.63,3403,9.73,7217,20.64,6625,18.95,5802,16.6,7183,20.55,887,2.54,0,0
"J","South East","43","Surrey","43UF","Reigate and Banstead",,,52733,846,1.6,3318,6.29,10224,19.39,14916,28.29,9315,17.66,6597,12.51,6658,12.63,850,1.61,9,.02
"J","South East","43","Surrey","43UG","Runnymede",,,32129,1458,4.54,1066,3.32,5328,16.58,9970,31.03,6755,21.02,3701,11.52,2899,9.02,950,2.96,2,.01
"J","South East","43","Surrey","43UH","Spelthorne",,,38982,346,.89,1566,4.02,7691,19.73,13305,34.13,9562,24.53,4398,11.28,2002,5.14,112,.29,0,0
"J","South East","43","Surrey","43UJ","Surrey Heath",,,33189,512,1.54,1828,5.51,5046,15.2,8551,25.76,6591,19.86,5485,16.53,4755,14.33,419,1.26,2,.01
"J","South East","43","Surrey","43UK","Tandridge",,,32488,705,2.17,1811,5.57,4413,13.58,7669,23.61,6716,20.67,4390,13.51,5731,17.64,1049,3.23,4,.01
"J","South East","43","Surrey","43UL","Waverley",,,48955,705,1.44,2966,6.06,8815,18.01,11432,23.35,9027,18.44,6477,13.23,7756,15.84,1772,3.62,5,.01
"J","South East","43","Surrey","43UM","Woking",,,37855,303,.8,2987,7.89,8909,23.53,10400,27.47,5745,15.18,3958,10.46,4952,13.08,601,1.59,0,0
"J","South East","45","West Sussex","45UB","Adur",,,26555,2468,9.29,4603,17.33,10769,40.55,5891,22.18,1832,6.9,663,2.5,317,1.19,12,.05,0,0
"J","South East","45","West Sussex","45UC","Arun",,,66490,6529,9.82,11050,16.62,17985,27.05,13398,20.15,9448,14.21,5278,7.94,2543,3.82,253,.38,6,.01
"J","South East","45","West Sussex","45UD","Chichester",,,50340,2648,5.26,4956,9.85,12713,25.25,10580,21.02,7673,15.24,5443,10.81,5283,10.49,1038,2.06,6,.01
"J","South East","45","West Sussex","45UE","Crawley",,,39932,852,2.13,5559,13.92,19294,48.32,8024,20.09,3656,9.16,2075,5.2,461,1.15,11,.03,0,0
"J","South East","45","West Sussex","45UF","Horsham",,,52962,1956,3.69,4840,9.14,10733,20.27,11285,21.31,9604,18.13,7156,13.51,6659,12.57,726,1.37,3,.01
"J","South East","45","West Sussex","45UG","Mid Sussex",,,54497,1637,3,5294,9.71,11496,21.09,14705,26.98,9685,17.77,7466,13.7,3896,7.15,316,.58,2,0
"J","South East","45","West Sussex","45UH","Worthing",,,45916,6229,13.57,9961,21.69,12547,27.33,8849,19.27,5215,11.36,2208,4.81,882,1.92,23,.05,2,0
"K","South West",,,"00HA","Bath and North East Somerset",,,73428,6851,9.33,17311,23.58,18569,25.29,12684,17.27,8596,11.71,4837,6.59,4223,5.75,354,.48,3,0
"K","South West",,,"00HB","Bristol, City of",,,171944,40618,23.62,64898,37.74,34469,20.05,15498,9.01,8802,5.12,4496,2.61,2818,1.64,334,.19,11,.01
"K","South West",,,"00HC","North Somerset",,,82423,11510,13.96,17733,21.51,18868,22.89,14479,17.57,10841,13.15,5645,6.85,3098,3.76,244,.3,5,.01
"K","South West",,,"00HD","South Gloucestershire",,,102812,10817,10.52,31177,30.32,25122,24.43,18026,17.53,10633,10.34,4995,4.86,1872,1.82,165,.16,5,0
"K","South West",,,"00HG","Plymouth",,,107966,43815,40.58,29084,26.94,20617,19.1,8086,7.49,4156,3.85,1569,1.45,532,.49,61,.06,46,.04
"K","South West",,,"00HH","Torbay",,,60657,11664,19.23,16103,26.55,15433,25.44,9165,15.11,4755,7.84,2240,3.69,1168,1.93,108,.18,21,.03
"K","South West",,,"00HN","Bournemouth",,,77842,13885,17.84,15493,19.9,21764,27.96,14394,18.49,7351,9.44,3331,4.28,1503,1.93,120,.15,1,0
"K","South West",,,"00HP","Poole",,,62371,3940,6.32,10794,17.31,21707,34.8,11254,18.04,7505,12.03,3719,5.96,2782,4.46,669,1.07,1,0
"K","South West",,,"00HX","Swindon",,,78737,12968,16.47,24872,31.59,18779,23.85,11913,15.13,6663,8.46,2396,3.04,1072,1.36,64,.08,10,.01
"K","South West","15","Cornwall and Isles of Scilly","15UB","Caradon",,,37290,7009,18.8,10621,28.48,7887,21.15,6020,16.14,3968,10.64,1210,3.24,493,1.32,29,.08,53,.14
"K","South West","15","Cornwall and Isles of Scilly","15UC","Carrick",,,40833,7193,17.62,9381,22.97,9583,23.47,6713,16.44,4598,11.26,2061,5.05,1159,2.84,122,.3,23,.06
"K","South West","15","Cornwall and Isles of Scilly","15UD","Kerrier",,,41496,11630,28.03,10577,25.49,9264,22.33,5764,13.89,2785,6.71,982,2.37,451,1.09,34,.08,9,.02
"K","South West","15","Cornwall and Isles of Scilly","15UE","North Cornwall",,,39051,9313,23.85,8304,21.26,7183,18.39,7233,18.52,4712,12.07,1490,3.82,758,1.94,46,.12,12,.03
"K","South West","15","Cornwall and Isles of Scilly","15UF","Penwith",,,31446,7287,23.17,8918,28.36,6288,20,5134,16.33,2525,8.03,971,3.09,296,.94,11,.03,16,.05
"K","South West","15","Cornwall and Isles of Scilly","15UG","Restormel",,,42269,10896,25.78,11191,26.48,9215,21.8,6407,15.16,3002,7.1,1038,2.46,481,1.14,25,.06,14,.03
"K","South West","15","Cornwall and Isles of Scilly","15UH","Isles of Scilly",,,1115,13,1.17,38,3.41,70,6.28,209,18.74,310,27.8,313,28.07,154,13.81,7,.63,1,.09
"K","South West","18","Devon","18UB","East Devon",,,60090,5092,8.47,11668,19.42,13292,22.12,11124,18.51,9372,15.6,5600,9.32,3743,6.23,186,.31,13,.02
"K","South West","18","Devon","18UC","Exeter",,,47072,8753,18.59,13000,27.62,12490,26.53,6952,14.77,3451,7.33,1608,3.42,760,1.61,51,.11,7,.01
"K","South West","18","Devon","18UD","Mid Devon",,,30733,5244,17.06,7662,24.93,5431,17.67,5284,17.19,3991,12.99,2097,6.82,970,3.16,52,.17,2,.01
"K","South West","18","Devon","18UE","North Devon",,,40989,9105,22.21,9850,24.03,8715,21.26,7096,17.31,3931,9.59,1611,3.93,636,1.55,40,.1,5,.01
"K","South West","18","Devon","18UG","South Hams",,,40826,4762,11.66,8096,19.83,8008,19.61,7521,18.42,6063,14.85,3290,8.06,2794,6.84,243,.6,49,.12
"K","South West","18","Devon","18UH","Teignbridge",,,54468,7427,13.64,12379,22.73,12056,22.13,10211,18.75,6960,12.78,3415,6.27,1894,3.48,100,.18,26,.05
"K","South West","18","Devon","18UK","Torridge",,,27259,7420,27.22,5933,21.77,5256,19.28,4555,16.71,2727,10,967,3.55,370,1.36,29,.11,2,.01
"K","South West","18","Devon","18UL","West Devon",,,21854,2879,13.17,5534,25.32,4236,19.38,3613,16.53,2955,13.52,1582,7.24,958,4.38,84,.38,13,.06
"K","South West","19","Dorset","19UC","Christchurch",,,22202,1633,7.36,2013,9.07,5558,25.03,6004,27.04,4929,22.2,1343,6.05,691,3.11,31,.14,0,0
"K","South West","19","Dorset","19UD","East Dorset",,,37506,2234,5.96,3090,8.24,6949,18.53,8804,23.47,9141,24.37,4821,12.85,2327,6.2,140,.37,0,0
"K","South West","19","Dorset","19UE","North Dorset",,,27398,2327,8.49,5319,19.41,7190,26.24,5131,18.73,3775,13.78,2240,8.18,1300,4.74,108,.39,8,.03
"K","South West","19","Dorset","19UG","Purbeck",,,20828,1222,5.87,2589,12.43,6620,31.78,4684,22.49,2959,14.21,1651,7.93,1016,4.88,84,.4,3,.01
"K","South West","19","Dorset","19UH","West Dorset",,,45294,5031,11.11,8025,17.72,10674,23.57,8796,19.42,6552,14.47,3778,8.34,2171,4.79,254,.56,13,.03
"K","South West","19","Dorset","19UJ","Weymouth and Portland",,,28756,6789,23.61,8939,31.09,5504,19.14,4235,14.73,2154,7.49,792,2.75,320,1.11,23,.08,0,0
"K","South West","23","Gloucestershire","23UB","Cheltenham",,,49451,8278,16.74,11622,23.5,12795,25.87,8088,16.36,4364,8.82,2375,4.8,1851,3.74,76,.15,2,0
"K","South West","23","Gloucestershire","23UC","Cotswold",,,37189,2934,7.89,4391,11.81,9700,26.08,6129,16.48,5468,14.7,4002,10.76,3958,10.64,606,1.63,1,0
"K","South West","23","Gloucestershire","23UD","Forest of Dean",,,34128,5870,17.2,8706,25.51,7853,23.01,5202,15.24,3674,10.77,1815,5.32,934,2.74,74,.22,0,0
"K","South West","23","Gloucestershire","23UE","Gloucester",,,47564,14703,30.91,12824,26.96,11230,23.61,4897,10.3,2969,6.24,750,1.58,187,.39,4,.01,0,0
"K","South West","23","Gloucestershire","23UF","Stroud",,,46804,6416,13.71,10897,23.28,10618,22.69,7060,15.08,5694,12.17,3471,7.42,2420,5.17,226,.48,2,0
"K","South West","23","Gloucestershire","23UG","Tewkesbury",,,33871,5668,16.73,5205,15.37,9009,26.6,5007,14.78,4365,12.89,2681,7.92,1764,5.21,172,.51,0,0
"K","South West","40","Somerset","40UB","Mendip",,,44807,6267,13.99,11668,26.04,10981,24.51,6541,14.6,5022,11.21,2713,6.05,1502,3.35,110,.25,3,.01
"K","South West","40","Somerset","40UC","Sedgemoor",,,46536,10975,23.58,10991,23.62,9631,20.7,6959,14.95,4348,9.34,2235,4.8,1333,2.86,57,.12,7,.02
"K","South West","40","Somerset","40UD","South Somerset",,,67322,9358,13.9,20339,30.21,13856,20.58,9810,14.57,8094,12.02,4142,6.15,1567,2.33,152,.23,4,.01
"K","South West","40","Somerset","40UE","Taunton Deane",,,45645,6346,13.9,14449,31.66,8788,19.25,6602,14.46,5004,10.96,3045,6.67,1325,2.9,84,.18,2,0
"K","South West","40","Somerset","40UF","West Somerset",,,16641,2724,16.37,3632,21.83,3464,20.82,3206,19.27,1680,10.1,1227,7.37,671,4.03,37,.22,0,0
"K","South West","46","Wiltshire","46UB","Kennet",,,32610,3937,12.07,5417,16.61,8373,25.68,4874,14.95,4349,13.34,2908,8.92,2402,7.37,345,1.06,5,.02
"K","South West","46","Wiltshire","46UC","North Wiltshire",,,53313,6060,11.37,9933,18.63,13531,25.38,9029,16.94,7502,14.07,4458,8.36,2477,4.65,319,.6,4,.01
"K","South West","46","Wiltshire","46UD","Salisbury",,,48587,5945,12.24,7207,14.83,12310,25.34,9157,18.85,6701,13.79,3914,8.06,2922,6.01,429,.88,2,0
"K","South West","46","Wiltshire","46UF","West Wiltshire",,,51832,6340,12.23,13742,26.51,12951,24.99,8404,16.21,5566,10.74,2837,5.47,1838,3.55,150,.29,4,.01
,,,,"00NA","Isle of Anglesey",,,32348,6256,19.34,7066,21.84,4987,15.42,7143,22.08,4886,15.1,1197,3.7,745,2.3,60,.19,8,.02
,,,,"00NC","Gwynedd",,,58510,14079,24.06,14901,25.47,11134,19.03,8762,14.98,6709,11.47,1964,3.36,890,1.52,66,.11,5,.01
,,,,"00NE","Conwy",,,52844,6484,12.27,9762,18.47,12837,24.29,11382,21.54,7853,14.86,2739,5.18,1641,3.11,138,.26,8,.02
,,,,"00NG","Denbighshire",,,41493,4728,11.39,8649,20.84,11426,27.54,8358,20.14,5215,12.57,1887,4.55,1128,2.72,95,.23,7,.02
,,,,"00NJ","Flintshire",,,63004,5721,9.08,13022,20.67,18177,28.85,11590,18.4,9083,14.42,3741,5.94,1563,2.48,103,.16,4,.01
,,,,"00NL","Wrexham",,,54656,10431,19.08,15689,28.7,10596,19.39,8590,15.72,5397,9.87,2493,4.56,1378,2.52,82,.15,0,0
,,,,"00NN","Powys",,,57968,7759,13.38,10387,17.92,11428,19.71,10011,17.27,12129,20.92,4180,7.21,1910,3.29,162,.28,2,0
,,,,"00NQ","Ceredigion",,,32268,3818,11.83,5426,16.82,6371,19.74,7812,24.21,6763,20.96,1543,4.78,502,1.56,29,.09,4,.01
,,,,"00NS","Pembrokeshire",,,54292,7683,14.15,12201,22.47,10912,20.1,10420,19.19,9364,17.25,2668,4.91,981,1.81,52,.1,11,.02
,,,,"00NU","Carmarthenshire",,,77507,16418,21.18,20653,26.65,14711,18.98,12100,15.61,9624,12.42,2883,3.72,1040,1.34,71,.09,7,.01
,,,,"00NX","Swansea",,,102402,20372,19.89,25326,24.73,20320,19.84,15118,14.76,12661,12.36,5250,5.13,3051,2.98,300,.29,4,0
,,,,"00NZ","Neath Port Talbot",,,61491,14407,23.43,23218,37.76,11660,18.96,6887,11.2,3749,6.1,1182,1.92,360,.59,25,.04,3,0
,,,,"00PB","Bridgend",,,57534,11500,19.99,14112,24.53,11680,20.3,9171,15.94,6970,12.11,2747,4.77,1247,2.17,101,.18,6,.01
,,,,"00PD","The Vale of Glamorgan",,,52989,3326,6.28,10379,19.59,10794,20.37,9167,17.3,9023,17.03,4413,8.33,5298,10,582,1.1,7,.01
,,,,"00PF","Rhondda, Cynon, Taff",,,101858,46754,45.9,25491,25.03,12625,12.39,7934,7.79,6050,5.94,2110,2.07,822,.81,64,.06,8,.01
,,,,"00PH","Merthyr Tydfil",,,25289,14231,56.27,5923,23.42,1750,6.92,1751,6.92,1237,4.89,327,1.29,64,.25,6,.02,0,0
,,,,"00PK","Caerphilly",,,73237,18737,25.58,28529,38.95,12339,16.85,6318,8.63,4519,6.17,2207,3.01,499,.68,85,.12,4,.01
,,,,"00PL","Blaenau Gwent",,,31469,17479,55.54,8522,27.08,2905,9.23,1511,4.8,896,2.85,126,.4,11,.03,19,.06,0,0
,,,,"00PM","Torfaen",,,39040,7970,20.41,13675,35.03,8890,22.77,3708,9.5,3112,7.97,1190,3.05,462,1.18,32,.08,1,0
,,,,"00PP","Monmouthshire",,,37427,1076,2.87,3648,9.75,8498,22.71,6963,18.6,7165,19.14,5535,14.79,4192,11.2,349,.93,1,0
,,,,"00PR","Newport",,,59408,8494,14.3,18553,31.23,11975,20.16,9509,16.01,5445,9.17,3132,5.27,2084,3.51,215,.36,1,0
,,,,"00PT","Cardiff",,,133219,9845,7.39,29830,22.39,36184,27.16,22073,16.57,20509,15.39,7540,5.66,6607,4.96,631,.47,0,0