DATASET_TITLE,Approximated Social Grade (UV50),,,,,,,,FROM,Apr-2001,Apr-2001,Apr-2001,Apr-2001,Apr-2001,Apr-2001
AREA_TYPE,Super Output Area Middle Layer,,,,,,,,TO,Apr-2001,Apr-2001,Apr-2001,Apr-2001,Apr-2001,Apr-2001
GEO_HIERARCHY,NeSS Geography Hierarchy,,,,,,,,HEADING,All People Aged 16 and over in Households,AB:  Higher and intermediate managerial / administrative / professional,"C1:  Supervisory,  clerical,  junior managerial / administrative / professional",C2:  Skilled manual workers,D:   Semi-skilled and unskilled manual workers,"E:   On state benefit, unemployed, lowest grade workers"
,,,,,,,,,MEASUREMENT_UNIT,Count,Count,Count,Count,Count,Count
,,,,,,,,,STATISTICAL_UNIT,Persons,Persons,Persons,Persons,Persons,Persons
GOR_CODE,GOR_NAME,CTY_CODE,CTY_NAME,LA_CODE,LA_NAME,MSOA_CODE,MSOA_NAME,AREA_METADATA,,DATA_VALUE,DATA_VALUE,DATA_VALUE,DATA_VALUE,DATA_VALUE,DATA_VALUE
"A","North East",,,"00CH","Gateshead","E02001682","Gateshead 001",,,6176,1350,1640,970,1008,1208
"A","North East",,,"00CH","Gateshead","E02001683","Gateshead 002",,,7079,1382,2147,1191,1306,1053
"A","North East",,,"00CH","Gateshead","E02001684","Gateshead 003",,,4920,471,1039,781,1240,1389
"A","North East",,,"00CH","Gateshead","E02001685","Gateshead 004",,,5923,468,1183,978,1614,1680
"A","North East",,,"00CH","Gateshead","E02001686","Gateshead 005",,,5950,987,1698,1109,1092,1064
"A","North East",,,"00CH","Gateshead","E02001687","Gateshead 006",,,8262,906,1905,1300,1993,2158
"A","North East",,,"00CH","Gateshead","E02001688","Gateshead 007",,,4916,347,934,861,1462,1312
"A","North East",,,"00CH","Gateshead","E02001689","Gateshead 008",,,5126,593,1266,748,1158,1361
"A","North East",,,"00CH","Gateshead","E02001690","Gateshead 009",,,5716,1119,1665,837,991,1104
"A","North East",,,"00CH","Gateshead","E02001691","Gateshead 010",,,6407,835,1765,970,1487,1350
"A","North East",,,"00CH","Gateshead","E02001692","Gateshead 011",,,4682,350,909,824,1412,1187
"A","North East",,,"00CH","Gateshead","E02001693","Gateshead 012",,,4581,429,865,804,1129,1354
"A","North East",,,"00CH","Gateshead","E02001694","Gateshead 013",,,5200,704,1399,944,1108,1045
"A","North East",,,"00CH","Gateshead","E02001695","Gateshead 014",,,4659,845,1390,855,837,732
"A","North East",,,"00CH","Gateshead","E02001696","Gateshead 015",,,7377,520,1544,1154,1894,2265
"A","North East",,,"00CH","Gateshead","E02001697","Gateshead 016",,,6001,1529,1794,816,844,1018
"A","North East",,,"00CH","Gateshead","E02001698","Gateshead 017",,,6223,1806,2168,646,562,1041
"A","North East",,,"00CH","Gateshead","E02001699","Gateshead 018",,,5477,629,1278,942,1237,1391
"A","North East",,,"00CH","Gateshead","E02001700","Gateshead 019",,,8528,1533,2586,1383,1634,1392
"A","North East",,,"00CH","Gateshead","E02001701","Gateshead 020",,,5041,1323,1733,639,605,741
"A","North East",,,"00CH","Gateshead","E02001702","Gateshead 021",,,6327,560,1153,1050,1802,1762
"A","North East",,,"00CH","Gateshead","E02001703","Gateshead 022",,,4613,1090,1283,664,638,938
"A","North East",,,"00CH","Gateshead","E02001704","Gateshead 023",,,5756,571,1255,965,1329,1636
"A","North East",,,"00CH","Gateshead","E02001705","Gateshead 024",,,5546,795,1353,909,1213,1276
"A","North East",,,"00CH","Gateshead","E02001706","Gateshead 025",,,4932,548,1204,795,1183,1202
"A","North East",,,"00CH","Gateshead","E02001707","Gateshead 026",,,6380,821,1709,1059,1465,1326
"A","North East",,,"00CJ","Newcastle upon Tyne","E02001708","Newcastle upon Tyne 001",,,7506,1652,2289,1320,1247,998
"A","North East",,,"00CJ","Newcastle upon Tyne","E02001709","Newcastle upon Tyne 002",,,6471,2354,2067,519,508,1023
"A","North East",,,"00CJ","Newcastle upon Tyne","E02001710","Newcastle upon Tyne 003",,,7712,890,1913,1237,1696,1976
"A","North East",,,"00CJ","Newcastle upon Tyne","E02001711","Newcastle upon Tyne 004",,,7246,1024,1587,1170,1619,1846
"A","North East",,,"00CJ","Newcastle upon Tyne","E02001712","Newcastle upon Tyne 005",,,7320,2987,2348,424,573,988
"A","North East",,,"00CJ","Newcastle upon Tyne","E02001713","Newcastle upon Tyne 006",,,8010,3484,2319,514,643,1050
"A","North East",,,"00CJ","Newcastle upon Tyne","E02001714","Newcastle upon Tyne 007",,,7285,2485,2438,733,742,887
"A","North East",,,"00CJ","Newcastle upon Tyne","E02001715","Newcastle upon Tyne 008",,,7936,1331,1952,1046,1715,1892
"A","North East",,,"00CJ","Newcastle upon Tyne","E02001716","Newcastle upon Tyne 009",,,5090,1229,1741,764,591,765
"A","North East",,,"00CJ","Newcastle upon Tyne","E02001717","Newcastle upon Tyne 010",,,4178,590,1143,705,745,995
"A","North East",,,"00CJ","Newcastle upon Tyne","E02001718","Newcastle upon Tyne 011",,,4593,426,879,931,1082,1275
"A","North East",,,"00CJ","Newcastle upon Tyne","E02001719","Newcastle upon Tyne 012",,,7231,1810,2248,839,1073,1261
"A","North East",,,"00CJ","Newcastle upon Tyne","E02001720","Newcastle upon Tyne 013",,,6588,2656,1918,339,958,717
"A","North East",,,"00CJ","Newcastle upon Tyne","E02001721","Newcastle upon Tyne 014",,,8150,1113,2228,1309,1620,1880
"A","North East",,,"00CJ","Newcastle upon Tyne","E02001722","Newcastle upon Tyne 015",,,7917,959,1935,1346,1533,2144
"A","North East",,,"00CJ","Newcastle upon Tyne","E02001723","Newcastle upon Tyne 016",,,4514,728,1163,629,1098,896
"A","North East",,,"00CJ","Newcastle upon Tyne","E02001724","Newcastle upon Tyne 017",,,6185,2278,2092,324,762,729
"A","North East",,,"00CJ","Newcastle upon Tyne","E02001725","Newcastle upon Tyne 018",,,7936,1436,2529,791,1585,1595
"A","North East",,,"00CJ","Newcastle upon Tyne","E02001726","Newcastle upon Tyne 019",,,8625,1047,2452,1329,1756,2041
"A","North East",,,"00CJ","Newcastle upon Tyne","E02001727","Newcastle upon Tyne 020",,,6880,821,1684,1298,1490,1587
"A","North East",,,"00CJ","Newcastle upon Tyne","E02001728","Newcastle upon Tyne 021",,,7857,961,2109,1507,1841,1439
"A","North East",,,"00CJ","Newcastle upon Tyne","E02001729","Newcastle upon Tyne 022",,,7522,1319,2136,768,1660,1639
"A","North East",,,"00CJ","Newcastle upon Tyne","E02001730","Newcastle upon Tyne 023",,,7661,1377,2380,648,1494,1762
"A","North East",,,"00CJ","Newcastle upon Tyne","E02001731","Newcastle upon Tyne 024",,,7113,1296,1748,531,1633,1905
"A","North East",,,"00CJ","Newcastle upon Tyne","E02001732","Newcastle upon Tyne 025",,,4962,482,1115,793,1246,1326
"A","North East",,,"00CJ","Newcastle upon Tyne","E02001733","Newcastle upon Tyne 026",,,8857,834,1815,1470,2279,2459
"A","North East",,,"00CJ","Newcastle upon Tyne","E02001734","Newcastle upon Tyne 027",,,5604,623,1289,884,1422,1386
"A","North East",,,"00CJ","Newcastle upon Tyne","E02001735","Newcastle upon Tyne 028",,,4829,237,688,784,1443,1677
"A","North East",,,"00CJ","Newcastle upon Tyne","E02001736","Newcastle upon Tyne 029",,,8530,982,1820,1178,2052,2498
"A","North East",,,"00CJ","Newcastle upon Tyne","E02001737","Newcastle upon Tyne 030",,,4790,289,746,747,1367,1641
"A","North East",,,"00CK","North Tyneside","E02001738","North Tyneside 001",,,4910,2029,1710,265,258,648
"A","North East",,,"00CK","North Tyneside","E02001739","North Tyneside 002",,,6062,857,1583,1084,1361,1177
"A","North East",,,"00CK","North Tyneside","E02001740","North Tyneside 003",,,4506,1881,1530,315,323,457
"A","North East",,,"00CK","North Tyneside","E02001741","North Tyneside 004",,,5964,1087,1879,907,777,1314
"A","North East",,,"00CK","North Tyneside","E02001742","North Tyneside 005",,,4770,1445,1745,522,418,640
"A","North East",,,"00CK","North Tyneside","E02001743","North Tyneside 006",,,5653,1471,2011,753,782,636
"A","North East",,,"00CK","North Tyneside","E02001744","North Tyneside 007",,,4834,845,1485,697,881,926
"A","North East",,,"00CK","North Tyneside","E02001745","North Tyneside 008",,,5078,833,1341,915,1141,848
"A","North East",,,"00CK","North Tyneside","E02001746","North Tyneside 009",,,6200,1350,1987,821,935,1107
"A","North East",,,"00CK","North Tyneside","E02001747","North Tyneside 010",,,5273,1240,1818,651,506,1058
"A","North East",,,"00CK","North Tyneside","E02001748","North Tyneside 011",,,4399,585,1155,677,895,1087
"A","North East",,,"00CK","North Tyneside","E02001749","North Tyneside 012",,,4719,990,1329,754,881,765
"A","North East",,,"00CK","North Tyneside","E02001750","North Tyneside 013",,,5105,1351,1698,647,504,905
"A","North East",,,"00CK","North Tyneside","E02001751","North Tyneside 014",,,4717,743,1313,691,850,1120
"A","North East",,,"00CK","North Tyneside","E02001752","North Tyneside 015",,,4791,517,1052,867,1201,1154
"A","North East",,,"00CK","North Tyneside","E02001753","North Tyneside 016",,,4922,1371,1638,490,532,891
"A","North East",,,"00CK","North Tyneside","E02001754","North Tyneside 017",,,4847,1508,1512,558,564,705
"A","North East",,,"00CK","North Tyneside","E02001755","North Tyneside 018",,,5739,1649,1781,709,581,1019
"A","North East",,,"00CK","North Tyneside","E02001756","North Tyneside 019",,,5899,532,1305,949,1317,1796
"A","North East",,,"00CK","North Tyneside","E02001757","North Tyneside 020",,,4943,765,1373,796,938,1071
"A","North East",,,"00CK","North Tyneside","E02001758","North Tyneside 021",,,4665,791,1332,937,1011,594
"A","North East",,,"00CK","North Tyneside","E02001759","North Tyneside 022",,,4809,883,1550,706,846,824
"A","North East",,,"00CK","North Tyneside","E02001760","North Tyneside 023",,,5514,425,1225,926,1552,1386
"A","North East",,,"00CK","North Tyneside","E02001761","North Tyneside 024",,,4725,562,1195,954,1009,1005
"A","North East",,,"00CK","North Tyneside","E02001762","North Tyneside 025",,,4575,796,1325,975,886,593
"A","North East",,,"00CK","North Tyneside","E02001763","North Tyneside 026",,,4951,391,1085,871,1246,1358
"A","North East",,,"00CK","North Tyneside","E02001764","North Tyneside 027",,,5314,666,1289,860,1281,1218
"A","North East",,,"00CK","North Tyneside","E02001765","North Tyneside 028",,,4679,384,1009,826,1194,1266
"A","North East",,,"00CK","North Tyneside","E02001766","North Tyneside 029",,,4786,647,1245,897,1112,885
"A","North East",,,"00CK","North Tyneside","E02001767","North Tyneside 030",,,5573,670,1492,941,1195,1275
"A","North East",,,"00CL","South Tyneside","E02001768","South Tyneside 001",,,5847,828,1483,1044,1264,1228
"A","North East",,,"00CL","South Tyneside","E02001769","South Tyneside 002",,,5987,606,1258,974,1453,1696
"A","North East",,,"00CL","South Tyneside","E02001770","South Tyneside 003",,,5363,1090,1639,918,897,819
"A","North East",,,"00CL","South Tyneside","E02001771","South Tyneside 004",,,5059,752,1190,820,986,1311
"A","North East",,,"00CL","South Tyneside","E02001772","South Tyneside 005",,,4557,680,1356,767,848,906
"A","North East",,,"00CL","South Tyneside","E02001773","South Tyneside 006",,,4868,1244,1546,696,610,772
"A","North East",,,"00CL","South Tyneside","E02001774","South Tyneside 007",,,4200,481,1009,746,1026,938
"A","North East",,,"00CL","South Tyneside","E02001775","South Tyneside 008",,,4492,392,935,815,985,1365
"A","North East",,,"00CL","South Tyneside","E02001776","South Tyneside 009",,,6431,694,1562,1178,1626,1371
"A","North East",,,"00CL","South Tyneside","E02001777","South Tyneside 010",,,5040,780,1360,965,1016,919
"A","North East",,,"00CL","South Tyneside","E02001778","South Tyneside 011",,,4794,457,1112,815,1270,1140
"A","North East",,,"00CL","South Tyneside","E02001779","South Tyneside 012",,,4461,374,886,821,1154,1226
"A","North East",,,"00CL","South Tyneside","E02001780","South Tyneside 013",,,4928,610,1073,736,1139,1370
"A","North East",,,"00CL","South Tyneside","E02001781","South Tyneside 014",,,4438,294,846,769,1089,1440
"A","North East",,,"00CL","South Tyneside","E02001782","South Tyneside 015",,,7145,660,1632,1204,1485,2164
"A","North East",,,"00CL","South Tyneside","E02001783","South Tyneside 016",,,5299,411,926,899,1520,1543
"A","North East",,,"00CL","South Tyneside","E02001784","South Tyneside 017",,,5523,599,1165,978,1306,1475
"A","North East",,,"00CL","South Tyneside","E02001785","South Tyneside 018",,,6606,1244,1686,1064,1048,1564
"A","North East",,,"00CL","South Tyneside","E02001786","South Tyneside 019",,,5927,619,1192,1057,1337,1722
"A","North East",,,"00CL","South Tyneside","E02001787","South Tyneside 020",,,4574,659,1060,961,1093,801
"A","North East",,,"00CL","South Tyneside","E02001788","South Tyneside 021",,,4861,787,1238,875,994,967
"A","North East",,,"00CL","South Tyneside","E02001789","South Tyneside 022",,,5005,1947,1655,457,288,658
"A","North East",,,"00CL","South Tyneside","E02001790","South Tyneside 023",,,4686,1180,1387,603,563,953
"A","North East",,,"00CM","Sunderland","E02001791","Sunderland 001",,,4728,1007,1549,717,655,800
"A","North East",,,"00CM","Sunderland","E02001792","Sunderland 002",,,5783,1468,1899,810,679,927
"A","North East",,,"00CM","Sunderland","E02001793","Sunderland 003",,,6957,375,1128,1144,2243,2067
"A","North East",,,"00CM","Sunderland","E02001794","Sunderland 004",,,7004,473,1311,1174,2166,1880
"A","North East",,,"00CM","Sunderland","E02001795","Sunderland 005",,,6804,530,1383,1025,1843,2023
"A","North East",,,"00CM","Sunderland","E02001796","Sunderland 006",,,7342,1259,2107,1115,1454,1407
"A","North East",,,"00CM","Sunderland","E02001797","Sunderland 007",,,4709,1061,1444,747,888,569
"A","North East",,,"00CM","Sunderland","E02001798","Sunderland 008",,,6762,579,1280,1189,1992,1722
"A","North East",,,"00CM","Sunderland","E02001799","Sunderland 009",,,7807,702,1645,1425,2341,1694
"A","North East",,,"00CM","Sunderland","E02001800","Sunderland 010",,,5521,857,1516,957,1468,723
"A","North East",,,"00CM","Sunderland","E02001801","Sunderland 011",,,4402,400,1189,873,1150,790
"A","North East",,,"00CM","Sunderland","E02001802","Sunderland 012",,,5458,290,904,952,1696,1616
"A","North East",,,"00CM","Sunderland","E02001803","Sunderland 013",,,5147,762,1319,670,1175,1221
"A","North East",,,"00CM","Sunderland","E02001804","Sunderland 014",,,4643,491,964,771,1279,1138
"A","North East",,,"00CM","Sunderland","E02001805","Sunderland 015",,,4857,740,1420,871,871,955
"A","North East",,,"00CM","Sunderland","E02001806","Sunderland 016",,,6605,666,1600,1071,1527,1741
"A","North East",,,"00CM","Sunderland","E02001807","Sunderland 017",,,5627,813,1507,1022,1441,844
"A","North East",,,"00CM","Sunderland","E02001808","Sunderland 018",,,4795,790,1552,839,825,789
"A","North East",,,"00CM","Sunderland","E02001809","Sunderland 019",,,5802,1129,1571,1016,1178,908
"A","North East",,,"00CM","Sunderland","E02001810","Sunderland 020",,,7296,1258,2087,1363,1773,815
"A","North East",,,"00CM","Sunderland","E02001811","Sunderland 021",,,7484,613,1492,1238,2099,2042
"A","North East",,,"00CM","Sunderland","E02001812","Sunderland 022",,,8364,2683,2738,936,844,1163
"A","North East",,,"00CM","Sunderland","E02001813","Sunderland 023",,,7645,479,1317,1244,2403,2202
"A","North East",,,"00CM","Sunderland","E02001814","Sunderland 024",,,4635,633,1134,782,1018,1068
"A","North East",,,"00CM","Sunderland","E02001815","Sunderland 025",,,8242,2205,2370,1064,1508,1095
"A","North East",,,"00CM","Sunderland","E02001816","Sunderland 026",,,5924,530,1336,922,1357,1779
"A","North East",,,"00CM","Sunderland","E02001817","Sunderland 027",,,5806,628,1263,1044,1433,1438
"A","North East",,,"00CM","Sunderland","E02001818","Sunderland 028",,,5943,703,1322,1003,1492,1423
"A","North East",,,"00CM","Sunderland","E02001819","Sunderland 029",,,6074,1797,1727,864,772,914
"A","North East",,,"00CM","Sunderland","E02001820","Sunderland 030",,,6173,895,1396,1124,1421,1337
"A","North East",,,"00CM","Sunderland","E02001821","Sunderland 031",,,4832,955,1267,907,899,804
"A","North East",,,"00CM","Sunderland","E02001822","Sunderland 032",,,6055,1091,1863,973,1283,845
"A","North East",,,"00CM","Sunderland","E02001823","Sunderland 033",,,5547,531,1226,1041,1474,1275
"A","North East",,,"00CM","Sunderland","E02001824","Sunderland 034",,,7156,1231,1934,1113,1345,1533
"A","North East",,,"00CM","Sunderland","E02001825","Sunderland 035",,,6397,780,1588,1137,1363,1529
"A","North East",,,"00CM","Sunderland","E02001826","Sunderland 036",,,5126,506,1102,967,1305,1246
"A","North East",,,"00EB","Hartlepool","E02002483","Hartlepool 001",,,5758,990,1483,1124,1131,1030
"A","North East",,,"00EB","Hartlepool","E02002484","Hartlepool 002",,,7299,599,1330,1198,2058,2114
"A","North East",,,"00EB","Hartlepool","E02002485","Hartlepool 003",,,6701,663,1301,1272,1812,1653
"A","North East",,,"00EB","Hartlepool","E02002486","Hartlepool 004",,,4638,1653,1376,650,446,513
"A","North East",,,"00EB","Hartlepool","E02002487","Hartlepool 005",,,4186,447,959,709,1157,914
"A","North East",,,"00EB","Hartlepool","E02002488","Hartlepool 006",,,4522,1317,1341,661,544,659
"A","North East",,,"00EB","Hartlepool","E02002489","Hartlepool 007",,,5692,848,1357,975,1290,1222
"A","North East",,,"00EB","Hartlepool","E02002490","Hartlepool 008",,,4991,519,1132,1111,1381,848
"A","North East",,,"00EB","Hartlepool","E02002491","Hartlepool 009",,,4999,483,1123,854,1214,1325
"A","North East",,,"00EB","Hartlepool","E02002492","Hartlepool 010",,,4769,510,1084,955,1052,1168
"A","North East",,,"00EB","Hartlepool","E02002493","Hartlepool 011",,,4748,1032,1394,833,716,773
"A","North East",,,"00EB","Hartlepool","E02002494","Hartlepool 012",,,5871,499,1005,1104,1673,1590
"A","North East",,,"00EB","Hartlepool","E02002495","Hartlepool 013",,,4307,723,1151,919,690,824
"A","North East",,,"00EC","Middlesbrough","E02002496","Middlesbrough 001",,,7015,468,1578,980,2175,1814
"A","North East",,,"00EC","Middlesbrough","E02002497","Middlesbrough 002",,,4848,299,798,922,1610,1219
"A","North East",,,"00EC","Middlesbrough","E02002498","Middlesbrough 003",,,6858,618,1584,1042,1989,1625
"A","North East",,,"00EC","Middlesbrough","E02002499","Middlesbrough 004",,,5392,279,918,807,1628,1760
"A","North East",,,"00EC","Middlesbrough","E02002500","Middlesbrough 005",,,4248,731,1207,695,914,701
"A","North East",,,"00EC","Middlesbrough","E02002501","Middlesbrough 006",,,4128,454,806,687,1150,1031
"A","North East",,,"00EC","Middlesbrough","E02002502","Middlesbrough 007",,,7377,440,1249,1281,2212,2195
"A","North East",,,"00EC","Middlesbrough","E02002503","Middlesbrough 008",,,4929,503,1053,922,1402,1049
"A","North East",,,"00EC","Middlesbrough","E02002504","Middlesbrough 009",,,6333,1537,1984,1037,974,801
"A","North East",,,"00EC","Middlesbrough","E02002505","Middlesbrough 010",,,4634,247,702,767,1488,1430
"A","North East",,,"00EC","Middlesbrough","E02002506","Middlesbrough 011",,,3770,276,776,559,1040,1119
"A","North East",,,"00EC","Middlesbrough","E02002507","Middlesbrough 012",,,4559,1054,1491,809,557,648
"A","North East",,,"00EC","Middlesbrough","E02002508","Middlesbrough 013",,,4174,886,1278,624,613,773
"A","North East",,,"00EC","Middlesbrough","E02002509","Middlesbrough 014",,,4473,761,1129,656,968,959
"A","North East",,,"00EC","Middlesbrough","E02002510","Middlesbrough 015",,,4935,996,1432,1000,789,718
"A","North East",,,"00EC","Middlesbrough","E02002511","Middlesbrough 016",,,7695,2567,2364,1158,802,804
"A","North East",,,"00EC","Middlesbrough","E02002512","Middlesbrough 017",,,4153,1286,1356,539,411,561
"A","North East",,,"00EC","Middlesbrough","E02002513","Middlesbrough 018",,,6885,1008,1541,1246,1710,1380
"A","North East",,,"00EC","Middlesbrough","E02002514","Middlesbrough 019",,,6545,1290,1668,1120,1207,1260
"A","North East",,,"00EE","Redcar and Cleveland","E02002515","Redcar and Cleveland 001",,,5177,731,1387,1003,1109,947
"A","North East",,,"00EE","Redcar and Cleveland","E02002516","Redcar and Cleveland 002",,,4842,554,1157,961,1127,1043
"A","North East",,,"00EE","Redcar and Cleveland","E02002517","Redcar and Cleveland 003",,,4427,436,1095,835,960,1101
"A","North East",,,"00EE","Redcar and Cleveland","E02002518","Redcar and Cleveland 004",,,8448,2065,2691,1339,1201,1152
"A","North East",,,"00EE","Redcar and Cleveland","E02002519","Redcar and Cleveland 005",,,5445,771,1189,837,1162,1486
"A","North East",,,"00EE","Redcar and Cleveland","E02002520","Redcar and Cleveland 006",,,10208,2291,2794,1766,1572,1785
"A","North East",,,"00EE","Redcar and Cleveland","E02002521","Redcar and Cleveland 007",,,4699,1125,1496,634,622,822
"A","North East",,,"00EE","Redcar and Cleveland","E02002522","Redcar and Cleveland 008",,,4619,400,974,764,1303,1178
"A","North East",,,"00EE","Redcar and Cleveland","E02002523","Redcar and Cleveland 009",,,5058,312,825,861,1635,1425
"A","North East",,,"00EE","Redcar and Cleveland","E02002524","Redcar and Cleveland 010",,,4335,640,1024,941,1065,665
"A","North East",,,"00EE","Redcar and Cleveland","E02002525","Redcar and Cleveland 011",,,6983,730,1562,1429,1733,1529
"A","North East",,,"00EE","Redcar and Cleveland","E02002526","Redcar and Cleveland 012",,,5118,735,1290,997,1124,972
"A","North East",,,"00EE","Redcar and Cleveland","E02002527","Redcar and Cleveland 013",,,4402,346,904,946,1307,899
"A","North East",,,"00EE","Redcar and Cleveland","E02002528","Redcar and Cleveland 014",,,4545,703,1248,842,745,1007
"A","North East",,,"00EE","Redcar and Cleveland","E02002529","Redcar and Cleveland 015",,,4780,716,1214,890,1016,944
"A","North East",,,"00EE","Redcar and Cleveland","E02002530","Redcar and Cleveland 016",,,5131,678,1194,1077,1130,1052
"A","North East",,,"00EE","Redcar and Cleveland","E02002531","Redcar and Cleveland 017",,,6373,1010,1614,1126,1247,1376
"A","North East",,,"00EE","Redcar and Cleveland","E02002532","Redcar and Cleveland 018",,,4701,537,1043,874,1084,1163
"A","North East",,,"00EE","Redcar and Cleveland","E02002533","Redcar and Cleveland 019",,,4774,1640,1350,705,536,543
"A","North East",,,"00EE","Redcar and Cleveland","E02002534","Redcar and Cleveland 020",,,5129,1676,1512,770,626,545
"A","North East",,,"00EF","Stockton-on-Tees","E02002535","Stockton-on-Tees 001",,,7677,2054,2440,1509,952,722
"A","North East",,,"00EF","Stockton-on-Tees","E02002536","Stockton-on-Tees 002",,,7599,1067,1965,1249,1458,1860
"A","North East",,,"00EF","Stockton-on-Tees","E02002537","Stockton-on-Tees 003",,,6553,568,1297,1223,1808,1657
"A","North East",,,"00EF","Stockton-on-Tees","E02002538","Stockton-on-Tees 004",,,4391,729,1030,874,936,822
"A","North East",,,"00EF","Stockton-on-Tees","E02002539","Stockton-on-Tees 005",,,6172,2038,1936,825,634,739
"A","North East",,,"00EF","Stockton-on-Tees","E02002540","Stockton-on-Tees 006",,,5186,1515,1578,685,659,749
"A","North East",,,"00EF","Stockton-on-Tees","E02002541","Stockton-on-Tees 007",,,4915,784,1349,893,995,894
"A","North East",,,"00EF","Stockton-on-Tees","E02002542","Stockton-on-Tees 008",,,6200,551,1209,1134,1801,1505
"A","North East",,,"00EF","Stockton-on-Tees","E02002543","Stockton-on-Tees 009",,,5518,564,1027,984,1459,1484
"A","North East",,,"00EF","Stockton-on-Tees","E02002544","Stockton-on-Tees 010",,,5615,638,1219,1154,1446,1158
"A","North East",,,"00EF","Stockton-on-Tees","E02002545","Stockton-on-Tees 011",,,4696,1011,1388,927,843,527
"A","North East",,,"00EF","Stockton-on-Tees","E02002546","Stockton-on-Tees 012",,,5566,643,1264,1039,1415,1205
"A","North East",,,"00EF","Stockton-on-Tees","E02002547","Stockton-on-Tees 013",,,5208,1175,1624,778,602,1029
"A","North East",,,"00EF","Stockton-on-Tees","E02002548","Stockton-on-Tees 014",,,7165,576,1377,1125,2004,2083
"A","North East",,,"00EF","Stockton-on-Tees","E02002549","Stockton-on-Tees 015",,,6749,1693,2149,1016,832,1059
"A","North East",,,"00EF","Stockton-on-Tees","E02002550","Stockton-on-Tees 016",,,4968,1260,1520,679,721,788
"A","North East",,,"00EF","Stockton-on-Tees","E02002551","Stockton-on-Tees 017",,,4259,435,860,783,1212,969
"A","North East",,,"00EF","Stockton-on-Tees","E02002552","Stockton-on-Tees 018",,,4929,548,1032,1048,1250,1051
"A","North East",,,"00EF","Stockton-on-Tees","E02002553","Stockton-on-Tees 019",,,4053,553,924,796,837,943
"A","North East",,,"00EF","Stockton-on-Tees","E02002554","Stockton-on-Tees 020",,,4302,460,896,892,1117,937
"A","North East",,,"00EF","Stockton-on-Tees","E02002555","Stockton-on-Tees 021",,,7507,2312,2252,1113,900,930
"A","North East",,,"00EF","Stockton-on-Tees","E02002556","Stockton-on-Tees 022",,,5561,1967,1779,884,584,347
"A","North East",,,"00EF","Stockton-on-Tees","E02002557","Stockton-on-Tees 023",,,5483,2039,1767,966,539,172
"A","North East",,,"00EF","Stockton-on-Tees","E02002558","Stockton-on-Tees 024",,,7826,3053,2272,879,799,823
"A","North East",,,"00EH","Darlington","E02002559","Darlington 001",,,5127,1574,1638,737,585,593
"A","North East",,,"00EH","Darlington","E02002560","Darlington 002",,,4670,716,1463,957,967,567
"A","North East",,,"00EH","Darlington","E02002561","Darlington 003",,,4773,1134,1424,901,731,583
"A","North East",,,"00EH","Darlington","E02002562","Darlington 004",,,4677,612,1122,865,1108,970
"A","North East",,,"00EH","Darlington","E02002563","Darlington 005",,,4350,625,1063,757,950,955
"A","North East",,,"00EH","Darlington","E02002564","Darlington 006",,,7188,890,1834,1273,1610,1581
"A","North East",,,"00EH","Darlington","E02002565","Darlington 007",,,4391,831,1383,712,888,577
"A","North East",,,"00EH","Darlington","E02002566","Darlington 008",,,4796,704,1326,789,1137,840
"A","North East",,,"00EH","Darlington","E02002567","Darlington 009",,,5113,510,1144,1001,1239,1219
"A","North East",,,"00EH","Darlington","E02002568","Darlington 010",,,4222,1688,1288,314,260,672
"A","North East",,,"00EH","Darlington","E02002569","Darlington 011",,,7458,2590,2542,635,480,1211
"A","North East",,,"00EH","Darlington","E02002570","Darlington 012",,,5594,597,1291,1082,1419,1205
"A","North East",,,"00EH","Darlington","E02002571","Darlington 013",,,3917,366,880,782,1046,843
"A","North East",,,"00EH","Darlington","E02002572","Darlington 014",,,4515,694,1084,770,1048,919
"A","North East",,,"00EH","Darlington","E02002573","Darlington 015",,,5598,1655,1813,763,618,749
"A","North East","20","Durham","20UB","Chester-le-Street","E02004290","Chester-le-Street 001",,,4918,1182,1608,840,791,497
"A","North East","20","Durham","20UB","Chester-le-Street","E02004291","Chester-le-Street 002",,,5437,693,1303,1007,1342,1092
"A","North East","20","Durham","20UB","Chester-le-Street","E02004292","Chester-le-Street 003",,,6310,1630,1884,819,820,1157
"A","North East","20","Durham","20UB","Chester-le-Street","E02004293","Chester-le-Street 004",,,7300,872,1668,1085,1803,1872
"A","North East","20","Durham","20UB","Chester-le-Street","E02004294","Chester-le-Street 005",,,6796,2105,2354,860,780,697
"A","North East","20","Durham","20UB","Chester-le-Street","E02004295","Chester-le-Street 006",,,5958,1379,1689,890,978,1022
"A","North East","20","Durham","20UB","Chester-le-Street","E02004296","Chester-le-Street 007",,,6142,1005,1559,1045,1365,1168
"A","North East","20","Durham","20UD","Derwentside","E02004297","Derwentside 001",,,6184,1313,1868,1056,966,981
"A","North East","20","Durham","20UD","Derwentside","E02004298","Derwentside 002",,,7357,2057,2137,1045,977,1141
"A","North East","20","Durham","20UD","Derwentside","E02004299","Derwentside 003",,,6257,960,1577,1123,1300,1297
"A","North East","20","Durham","20UD","Derwentside","E02004300","Derwentside 004",,,5992,701,1242,1130,1508,1411
"A","North East","20","Durham","20UD","Derwentside","E02004301","Derwentside 005",,,6283,484,1231,1207,1862,1499
"A","North East","20","Durham","20UD","Derwentside","E02004302","Derwentside 006",,,6040,640,1376,1304,1567,1153
"A","North East","20","Durham","20UD","Derwentside","E02004303","Derwentside 007",,,7595,1146,2121,1424,1576,1328
"A","North East","20","Durham","20UD","Derwentside","E02004304","Derwentside 008",,,5890,692,1211,1118,1513,1356
"A","North East","20","Durham","20UD","Derwentside","E02004305","Derwentside 009",,,6165,857,1534,1145,1403,1226
"A","North East","20","Durham","20UD","Derwentside","E02004306","Derwentside 010",,,4659,1225,1307,607,675,845
"A","North East","20","Durham","20UD","Derwentside","E02004307","Derwentside 011",,,5191,960,1336,897,1007,991
"A","North East","20","Durham","20UE","Durham","E02004308","Durham 001",,,5673,1912,1977,706,510,568
"A","North East","20","Durham","20UE","Durham","E02004309","Durham 002",,,4492,917,1258,610,756,951
"A","North East","20","Durham","20UE","Durham","E02004310","Durham 003",,,6000,1115,1479,1038,1275,1093
"A","North East","20","Durham","20UE","Durham","E02004311","Durham 004",,,7042,1434,1741,1177,1314,1376
"A","North East","20","Durham","20UE","Durham","E02004312","Durham 005",,,6522,1823,2097,811,838,953
"A","North East","20","Durham","20UE","Durham","E02004313","Durham 006",,,5012,679,1167,718,1289,1159
"A","North East","20","Durham","20UE","Durham","E02004314","Durham 007",,,4389,1411,1210,214,754,800
"A","North East","20","Durham","20UE","Durham","E02004315","Durham 008",,,6536,2773,2053,444,660,606
"A","North East","20","Durham","20UE","Durham","E02004316","Durham 009",,,4564,611,1132,853,1065,903
"A","North East","20","Durham","20UE","Durham","E02004317","Durham 010",,,5944,871,1456,1068,1305,1244
"A","North East","20","Durham","20UE","Durham","E02004318","Durham 011",,,4751,1296,1301,599,843,712
"A","North East","20","Durham","20UE","Durham","E02004319","Durham 012",,,5546,864,1344,887,1327,1124
"A","North East","20","Durham","20UF","Easington","E02004320","Easington 001",,,6176,972,1540,1015,1298,1351
"A","North East","20","Durham","20UF","Easington","E02004321","Easington 002",,,6416,736,1491,1166,1613,1410
"A","North East","20","Durham","20UF","Easington","E02004322","Easington 003",,,6801,462,1066,1176,1934,2163
"A","North East","20","Durham","20UF","Easington","E02004323","Easington 004",,,5319,623,1227,1081,1249,1139
"A","North East","20","Durham","20UF","Easington","E02004324","Easington 005",,,4722,673,1125,796,1180,948
"A","North East","20","Durham","20UF","Easington","E02004325","Easington 006",,,6695,450,1252,1061,2091,1841
"A","North East","20","Durham","20UF","Easington","E02004326","Easington 007",,,4611,431,1008,899,1194,1079
"A","North East","20","Durham","20UF","Easington","E02004327","Easington 008",,,5312,467,1111,907,1533,1294
"A","North East","20","Durham","20UF","Easington","E02004328","Easington 009",,,6076,695,1326,1109,1651,1295
"A","North East","20","Durham","20UF","Easington","E02004329","Easington 010",,,5554,1241,1467,982,1023,841
"A","North East","20","Durham","20UF","Easington","E02004330","Easington 011",,,5111,643,1184,953,1207,1124
"A","North East","20","Durham","20UF","Easington","E02004331","Easington 012",,,5581,459,1043,988,1553,1538
"A","North East","20","Durham","20UF","Easington","E02004332","Easington 013",,,5157,723,1147,1080,1198,1009
"A","North East","20","Durham","20UG","Sedgefield","E02004333","Sedgefield 001",,,6016,1127,1590,1031,1251,1017
"A","North East","20","Durham","20UG","Sedgefield","E02004334","Sedgefield 002",,,5762,701,1270,1208,1420,1163
"A","North East","20","Durham","20UG","Sedgefield","E02004335","Sedgefield 003",,,5299,391,1096,968,1604,1240
"A","North East","20","Durham","20UG","Sedgefield","E02004336","Sedgefield 004",,,5692,566,1043,1039,1446,1598
"A","North East","20","Durham","20UG","Sedgefield","E02004337","Sedgefield 005",,,6706,953,1527,1146,1746,1334
"A","North East","20","Durham","20UG","Sedgefield","E02004338","Sedgefield 006",,,5408,634,1177,1042,1496,1059
"A","North East","20","Durham","20UG","Sedgefield","E02004339","Sedgefield 007",,,5134,1491,1551,734,593,765
"A","North East","20","Durham","20UG","Sedgefield","E02004340","Sedgefield 008",,,8363,795,1769,1492,2282,2025
"A","North East","20","Durham","20UG","Sedgefield","E02004341","Sedgefield 009",,,6337,1843,1992,945,910,647
"A","North East","20","Durham","20UG","Sedgefield","E02004342","Sedgefield 010",,,4003,353,704,757,1356,833
"A","North East","20","Durham","20UG","Sedgefield","E02004343","Sedgefield 011",,,4508,566,967,807,1051,1117
"A","North East","20","Durham","20UG","Sedgefield","E02004344","Sedgefield 012",,,5879,887,1274,892,1382,1444
"A","North East","20","Durham","20UH","Teesdale","E02004345","Teesdale 001",,,10349,1846,2772,2047,1713,1971
"A","North East","20","Durham","20UH","Teesdale","E02004346","Teesdale 002",,,4200,922,1229,947,495,607
"A","North East","20","Durham","20UH","Teesdale","E02004347","Teesdale 003",,,4920,1012,1390,753,872,893
"A","North East","20","Durham","20UJ","Wear Valley","E02004348","Wear Valley 001",,,6462,1314,1717,1209,1107,1115
"A","North East","20","Durham","20UJ","Wear Valley","E02004349","Wear Valley 002",,,6474,631,1316,1134,1720,1673
"A","North East","20","Durham","20UJ","Wear Valley","E02004350","Wear Valley 003",,,6972,1149,1922,1307,1423,1171
"A","North East","20","Durham","20UJ","Wear Valley","E02004351","Wear Valley 004",,,5515,585,993,1002,1456,1479
"A","North East","20","Durham","20UJ","Wear Valley","E02004352","Wear Valley 005",,,5468,759,1292,1036,1383,998
"A","North East","20","Durham","20UJ","Wear Valley","E02004353","Wear Valley 006",,,6306,1448,1915,1077,949,917
"A","North East","20","Durham","20UJ","Wear Valley","E02004354","Wear Valley 007",,,5788,788,1351,1076,1471,1102
"A","North East","20","Durham","20UJ","Wear Valley","E02004355","Wear Valley 008",,,5519,500,1067,941,1561,1450
"A","North East","35","Northumberland","35UB","Alnwick","E02005702","Alnwick 001",,,4706,1247,1457,762,510,730
"A","North East","35","Northumberland","35UB","Alnwick","E02005703","Alnwick 002",,,5163,722,1347,951,1081,1062
"A","North East","35","Northumberland","35UB","Alnwick","E02005704","Alnwick 003",,,9393,1805,2603,1662,1540,1783
"A","North East","35","Northumberland","35UB","Alnwick","E02005705","Alnwick 004",,,5662,1317,1639,999,759,948
"A","North East","35","Northumberland","35UC","Berwick-upon-Tweed","E02005706","Berwick-upon-Tweed 001",,,7258,772,1605,1679,1688,1514
"A","North East","35","Northumberland","35UC","Berwick-upon-Tweed","E02005707","Berwick-upon-Tweed 002",,,5531,1023,1630,998,933,947
"A","North East","35","Northumberland","35UC","Berwick-upon-Tweed","E02005708","Berwick-upon-Tweed 003",,,8312,1093,2395,1493,1530,1801
"A","North East","35","Northumberland","35UD","Blyth Valley","E02005709","Blyth Valley 001",,,4963,308,793,856,1600,1406
"A","North East","35","Northumberland","35UD","Blyth Valley","E02005710","Blyth Valley 002",,,6628,905,1813,1149,1424,1337
"A","North East","35","Northumberland","35UD","Blyth Valley","E02005711","Blyth Valley 003",,,6522,615,1214,1157,1734,1802
"A","North East","35","Northumberland","35UD","Blyth Valley","E02005712","Blyth Valley 004",,,4843,699,1243,949,1124,828
"A","North East","35","Northumberland","35UD","Blyth Valley","E02005713","Blyth Valley 005",,,5019,1255,1689,921,677,477
"A","North East","35","Northumberland","35UD","Blyth Valley","E02005714","Blyth Valley 006",,,4252,1628,1550,597,333,144
"A","North East","35","Northumberland","35UD","Blyth Valley","E02005715","Blyth Valley 007",,,6679,881,1675,1129,1784,1210
"A","North East","35","Northumberland","35UD","Blyth Valley","E02005716","Blyth Valley 008",,,7126,1180,2157,1382,1472,935
"A","North East","35","Northumberland","35UD","Blyth Valley","E02005717","Blyth Valley 009",,,6441,1186,1967,980,976,1332
"A","North East","35","Northumberland","35UD","Blyth Valley","E02005718","Blyth Valley 010",,,5746,1126,1997,920,957,746
"A","North East","35","Northumberland","35UD","Blyth Valley","E02005719","Blyth Valley 011",,,5929,955,1669,1011,1088,1206
"A","North East","35","Northumberland","35UE","Castle Morpeth","E02005720","Castle Morpeth 001",,,7947,1201,1917,1510,1744,1575
"A","North East","35","Northumberland","35UE","Castle Morpeth","E02005721","Castle Morpeth 002",,,3761,940,1012,532,575,702
"A","North East","35","Northumberland","35UE","Castle Morpeth","E02005722","Castle Morpeth 003",,,5247,1809,1610,660,548,620
"A","North East","35","Northumberland","35UE","Castle Morpeth","E02005723","Castle Morpeth 004",,,5212,980,1536,569,930,1197
"A","North East","35","Northumberland","35UE","Castle Morpeth","E02005724","Castle Morpeth 005",,,4936,2059,1593,409,323,552
"A","North East","35","Northumberland","35UE","Castle Morpeth","E02005725","Castle Morpeth 006",,,5234,1901,1682,484,399,768
"A","North East","35","Northumberland","35UE","Castle Morpeth","E02005726","Castle Morpeth 007",,,6009,2575,1816,548,315,755
"A","North East","35","Northumberland","35UF","Tynedale","E02005727","Tynedale 001",,,5038,865,1500,1111,741,821
"A","North East","35","Northumberland","35UF","Tynedale","E02005728","Tynedale 002",,,5722,832,1487,1197,1153,1053
"A","North East","35","Northumberland","35UF","Tynedale","E02005729","Tynedale 003",,,4428,1595,1369,407,457,600
"A","North East","35","Northumberland","35UF","Tynedale","E02005730","Tynedale 004",,,10015,2858,2911,1236,1385,1625
"A","North East","35","Northumberland","35UF","Tynedale","E02005731","Tynedale 005",,,7948,1560,2026,1342,1794,1226
"A","North East","35","Northumberland","35UF","Tynedale","E02005732","Tynedale 006",,,7159,2584,2082,800,637,1056
"A","North East","35","Northumberland","35UF","Tynedale","E02005733","Tynedale 007",,,6371,1693,1875,1052,802,949
"A","North East","35","Northumberland","35UG","Wansbeck","E02005734","Wansbeck 001",,,4853,490,1085,747,1201,1330
"A","North East","35","Northumberland","35UG","Wansbeck","E02005735","Wansbeck 002",,,6442,609,1562,1067,1938,1266
"A","North East","35","Northumberland","35UG","Wansbeck","E02005736","Wansbeck 003",,,5473,618,1178,859,1432,1386
"A","North East","35","Northumberland","35UG","Wansbeck","E02005737","Wansbeck 004",,,5822,1024,1424,825,1296,1253
"A","North East","35","Northumberland","35UG","Wansbeck","E02005738","Wansbeck 005",,,4211,705,1083,802,973,648
"A","North East","35","Northumberland","35UG","Wansbeck","E02005739","Wansbeck 006",,,7764,1191,1931,1111,1823,1708
"A","North East","35","Northumberland","35UG","Wansbeck","E02005740","Wansbeck 007",,,8023,817,1832,1419,2130,1825
"A","North East","35","Northumberland","35UG","Wansbeck","E02005741","Wansbeck 008",,,6450,1473,1799,824,1142,1212