DATASET_TITLE,"Benefits Data: Working Age Client Group, August 2006",,,,,,FROM,Aug-2006,Aug-2006,Aug-2006,Aug-2006,Aug-2006,Aug-2006,Aug-2006,Aug-2006,Aug-2006,Aug-2006,Aug-2006,Aug-2006,Aug-2006,Aug-2006,Aug-2006,Aug-2006,Aug-2006,Aug-2006,Aug-2006,Aug-2006,Aug-2006,Aug-2006,Aug-2006,Aug-2006,Aug-2006,Aug-2006,Aug-2006
AREA_TYPE,Local Authority,,,,,,TO,Aug-2006,Aug-2006,Aug-2006,Aug-2006,Aug-2006,Aug-2006,Aug-2006,Aug-2006,Aug-2006,Aug-2006,Aug-2006,Aug-2006,Aug-2006,Aug-2006,Aug-2006,Aug-2006,Aug-2006,Aug-2006,Aug-2006,Aug-2006,Aug-2006,Aug-2006,Aug-2006,Aug-2006,Aug-2006,Aug-2006,Aug-2006
GEO_HIERARCHY,NeSS Geography Hierarchy,,,,,,HEADING,Total,Job Seekers,Job Seekers,Incapacity Benefits,Incapacity Benefits,Lone Parent,Lone Parent,Carer,Carer,Others on Income Related Benefits,Others on Income Related Benefits,Disabled,Disabled,Bereaved,Bereaved,Unknown,Unknown,Male,Male,Female,Female,Aged 16-24,Aged 16-24,Aged 25-49,Aged 25-49,Aged 50 and Over,Aged 50 and Over
,,,,,,,MEASUREMENT_UNIT,Count,Count,Percentage,Count,Percentage,Count,Percentage,Count,Percentage,Count,Percentage,Count,Percentage,Count,Percentage,Count,Percentage,Count,Percentage,Count,Percentage,Count,Percentage,Count,Percentage,Count,Percentage
,,,,,,,STATISTICAL_UNIT,Persons,Persons,Persons,Persons,Persons,Persons,Persons,Persons,Persons,Persons,Persons,Persons,Persons,Persons,Persons,Persons,Persons,Persons,Persons,Persons,Persons,Persons,Persons,Persons,Persons,Persons,Persons
GOR_CODE,GOR_NAME,CTY_CODE,CTY_NAME,LA_CODE,LA_NAME,AREA_METADATA,,DATA_VALUE,DATA_VALUE,DATA_VALUE,DATA_VALUE,DATA_VALUE,DATA_VALUE,DATA_VALUE,DATA_VALUE,DATA_VALUE,DATA_VALUE,DATA_VALUE,DATA_VALUE,DATA_VALUE,DATA_VALUE,DATA_VALUE,DATA_VALUE,DATA_VALUE,DATA_VALUE,DATA_VALUE,DATA_VALUE,DATA_VALUE,DATA_VALUE,DATA_VALUE,DATA_VALUE,DATA_VALUE,DATA_VALUE,DATA_VALUE
"A","North East",,,"00CH","Gateshead",,,23430,3520,15,13180,56,2945,13,1605,7,700,3,1080,5,400,2,0,0,12375,53,11055,47,3035,13,11590,49,8800,38
"A","North East",,,"00CJ","Newcastle upon Tyne",,,32535,5675,17,17380,53,4715,14,1975,6,985,3,1330,4,475,1,0,0,17100,53,15435,47,4735,15,17055,52,10740,33
"A","North East",,,"00CK","North Tyneside",,,20425,3525,17,10840,53,2645,13,1255,6,600,3,1110,5,450,2,0,0,10470,51,9955,49,2860,14,9830,48,7735,38
"A","North East",,,"00CL","South Tyneside",,,20390,3995,20,10155,50,2960,15,1325,6,620,3,990,5,345,2,0,0,10505,52,9885,48,3030,15,9930,49,7430,36
"A","North East",,,"00CM","Sunderland",,,37320,6075,16,21085,56,4170,11,2615,7,915,2,1780,5,680,2,0,0,19800,53,17520,47,5070,14,17960,48,14290,38
"A","North East",,,"00EB","Hartlepool",,,13210,2425,18,7270,55,1660,13,835,6,310,2,515,4,195,1,0,0,6830,52,6380,48,1990,15,6500,49,4720,36
"A","North East",,,"00EC","Middlesbrough",,,20895,4015,19,10275,49,3265,16,1565,7,505,2,915,4,355,2,0,0,10525,50,10370,50,3635,17,10785,52,6470,31
"A","North East",,,"00EE","Redcar and Cleveland",,,17525,3155,18,9110,52,2285,13,1485,8,395,2,780,4,315,2,0,0,8905,51,8620,49,2760,16,8370,48,6385,36
"A","North East",,,"00EF","Stockton-on-Tees",,,20270,3880,19,9870,49,2810,14,1595,8,585,3,1075,5,455,2,0,0,10165,50,10105,50,3150,16,9965,49,7155,35
"A","North East",,,"00EH","Darlington",,,10480,1725,16,5450,52,1460,14,725,7,325,3,590,6,205,2,0,0,5405,52,5075,48,1450,14,5240,50,3790,36
"A","North East","20","Durham","20UB","Chester-le-Street",,,5140,615,12,3165,62,450,9,375,7,130,3,290,6,115,2,0,0,2705,53,2435,47,630,12,2345,46,2165,42
"A","North East","20","Durham","20UD","Derwentside",,,10335,1265,12,6110,59,1105,11,790,8,280,3,585,6,200,2,0,0,5365,52,4970,48,1420,14,4700,45,4215,41
"A","North East","20","Durham","20UE","Durham",,,7625,940,12,4675,61,725,10,500,7,170,2,435,6,180,2,0,0,4015,53,3610,47,920,12,3470,46,3235,42
"A","North East","20","Durham","20UF","Easington",,,15460,1370,9,10550,68,1350,9,1035,7,245,2,700,5,210,1,0,0,8075,52,7385,48,1870,12,7325,47,6265,41
"A","North East","20","Durham","20UG","Sedgefield",,,11360,1415,12,6775,60,1265,11,880,8,230,2,605,5,190,2,0,0,5645,50,5715,50,1535,14,5195,46,4630,41
"A","North East","20","Durham","20UH","Teesdale",,,1880,215,11,1100,59,175,9,190,10,35,2,110,6,55,3,0,0,1015,54,865,46,175,9,815,43,890,47
"A","North East","20","Durham","20UJ","Wear Valley",,,8365,1115,13,4785,57,1005,12,665,8,220,3,430,5,145,2,0,0,4250,51,4115,49,1170,14,3885,46,3310,40
"A","North East","35","Northumberland","35UB","Alnwick",,,2310,420,18,1145,50,225,10,215,9,60,3,155,7,90,4,0,0,1190,52,1120,48,270,12,1025,44,1015,44
"A","North East","35","Northumberland","35UC","Berwick-upon-Tweed",,,2085,265,13,1110,53,205,10,215,10,70,3,145,7,75,4,0,0,1065,51,1020,49,215,10,905,43,965,46
"A","North East","35","Northumberland","35UD","Blyth Valley",,,9210,1480,16,5045,55,1005,11,695,8,265,3,485,5,235,3,0,0,4790,52,4420,48,1275,14,4315,47,3620,39
"A","North East","35","Northumberland","35UE","Castle Morpeth",,,3615,555,15,2025,56,295,8,275,8,85,2,245,7,135,4,0,0,1955,54,1660,46,470,13,1635,45,1510,42
"A","North East","35","Northumberland","35UF","Tynedale",,,3645,540,15,2090,57,315,9,230,6,85,2,255,7,130,4,0,0,1890,52,1755,48,440,12,1610,44,1595,44
"A","North East","35","Northumberland","35UG","Wansbeck",,,7985,1430,18,4400,55,960,12,500,6,205,3,365,5,125,2,0,0,4305,54,3680,46,1235,15,3675,46,3075,39
"B","North West",,,"00BL","Bolton",,,29800,4525,15,16320,55,3725,13,2160,7,705,2,1760,6,605,2,0,0,15115,51,14685,49,4105,14,14970,50,10725,36
"B","North West",,,"00BM","Bury",,,17010,2395,14,9595,56,1950,11,1180,7,325,2,1165,7,400,2,0,0,8675,51,8335,49,2290,13,8545,50,6175,36
"B","North West",,,"00BN","Manchester",,,68420,11225,16,36020,53,12485,18,3355,5,2035,3,2600,4,700,1,0,0,34540,50,33880,50,10430,15,39005,57,18980,28
"B","North West",,,"00BP","Oldham",,,25080,3850,15,13580,54,3490,14,1645,7,600,2,1360,5,555,2,0,0,12330,49,12750,51,3750,15,12620,50,8710,35
"B","North West",,,"00BQ","Rochdale",,,26190,3905,15,14800,57,3415,13,1750,7,575,2,1300,5,445,2,0,0,13145,50,13045,50,3760,14,13570,52,8860,34
"B","North West",,,"00BR","Salford",,,29120,4175,14,16615,57,4280,15,1570,5,640,2,1430,5,410,1,0,0,15235,52,13885,48,4215,14,15195,52,9710,33
"B","North West",,,"00BS","Stockport",,,21780,2910,13,11805,54,2750,13,1600,7,505,2,1590,7,620,3,0,0,10620,49,11160,51,2810,13,10950,50,8020,37
"B","North West",,,"00BT","Tameside",,,24640,3185,13,14340,58,3185,13,1565,6,545,2,1340,5,480,2,0,0,12470,51,12170,49,3310,13,12250,50,9075,37
"B","North West",,,"00BU","Trafford",,,17185,2300,13,9515,55,2205,13,1085,6,415,2,1215,7,450,3,0,0,8425,49,8760,51,2205,13,8740,51,6230,36
"B","North West",,,"00BW","Wigan",,,35510,5105,14,21190,60,3505,10,2540,7,625,2,1905,5,640,2,0,0,18190,51,17320,49,4400,12,16420,46,14690,41
"B","North West",,,"00BX","Knowsley",,,25440,4050,16,13005,51,4125,16,1995,8,570,2,1400,6,295,1,0,0,12175,48,13265,52,3450,14,13565,53,8420,33
"B","North West",,,"00BY","Liverpool",,,77170,15535,20,39365,51,11420,15,4655,6,1915,2,3480,5,800,1,0,0,39225,51,37945,49,10850,14,41290,54,25025,32
"B","North West",,,"00BZ","St. Helens",,,22690,3335,15,12465,55,2925,13,1740,8,630,3,1215,5,380,2,0,0,11615,51,11075,49,3140,14,10775,47,8775,39
"B","North West",,,"00CA","Sefton",,,30900,4940,16,16540,54,3800,12,2210,7,760,2,2040,7,610,2,0,0,15665,51,15235,49,3760,12,15655,51,11485,37
"B","North West",,,"00CB","Wirral",,,39290,6745,17,19845,51,5445,14,2925,7,965,2,2615,7,750,2,0,0,19805,50,19485,50,5530,14,19685,50,14070,36
"B","North West",,,"00ET","Halton",,,16610,2525,15,8785,53,2420,15,1305,8,315,2,945,6,315,2,0,0,8110,49,8500,51,2330,14,8165,49,6115,37
"B","North West",,,"00EU","Warrington",,,15715,2400,15,8535,54,1685,11,1200,8,375,2,1090,7,430,3,0,0,8025,51,7690,49,1965,13,7640,49,6105,39
"B","North West",,,"00EX","Blackburn with Darwen",,,18140,2695,15,9800,54,2340,13,1425,8,475,3,1115,6,290,2,0,0,9290,51,8850,49,2640,15,9390,52,6110,34
"B","North West",,,"00EY","Blackpool",,,19725,2770,14,11165,57,2505,13,1240,6,595,3,1120,6,330,2,0,0,10675,54,9050,46,2545,13,10160,52,7020,36
"B","North West","13","Cheshire","13UB","Chester",,,9020,1170,13,4925,55,1065,12,705,8,215,2,700,8,240,3,0,0,4610,51,4410,49,1155,13,4505,50,3360,37
"B","North West","13","Cheshire","13UC","Congleton",,,5305,715,13,2850,54,510,10,400,8,145,3,450,8,235,4,0,0,2590,49,2715,51,550,10,2405,45,2345,44
"B","North West","13","Cheshire","13UD","Crewe and Nantwich",,,8690,1440,17,4400,51,1195,14,640,7,235,3,505,6,275,3,0,0,4240,49,4450,51,1225,14,4235,49,3230,37
"B","North West","13","Cheshire","13UE","Ellesmere Port & Neston",,,7240,1010,14,3705,51,940,13,675,9,155,2,565,8,190,3,0,0,3485,48,3755,52,945,13,3730,52,2560,35
"B","North West","13","Cheshire","13UG","Macclesfield",,,8120,1020,13,4525,56,840,10,585,7,145,2,660,8,345,4,0,0,3980,49,4140,51,870,11,4075,50,3175,39
"B","North West","13","Cheshire","13UH","Vale Royal",,,9605,1435,15,5070,53,1120,12,815,8,220,2,670,7,275,3,0,0,4700,49,4905,51,1245,13,4495,47,3865,40
"B","North West","16","Cumbria","16UB","Allerdale",,,8740,1165,13,4810,55,1010,12,800,9,195,2,550,6,210,2,0,0,4515,52,4225,48,1055,12,4060,46,3625,41
"B","North West","16","Cumbria","16UC","Barrow-in-Furness",,,9595,1220,13,5730,60,915,10,725,8,215,2,645,7,145,2,0,0,5065,53,4530,47,1320,14,4520,47,3755,39
"B","North West","16","Cumbria","16UD","Carlisle",,,9085,1310,14,5040,55,1085,12,595,7,220,2,560,6,275,3,0,0,4565,50,4520,50,1235,14,4470,49,3380,37
"B","North West","16","Cumbria","16UE","Copeland",,,7785,1190,15,4260,55,900,12,655,8,165,2,445,6,170,2,0,0,4065,52,3720,48,1105,14,3585,46,3095,40
"B","North West","16","Cumbria","16UF","Eden",,,2620,245,9,1525,58,215,8,230,9,65,2,215,8,125,5,0,0,1305,50,1315,50,230,9,1170,45,1220,47
"B","North West","16","Cumbria","16UG","South Lakeland",,,5445,485,9,3170,58,485,9,460,8,150,3,470,9,225,4,0,0,2710,50,2735,50,495,9,2450,45,2500,46
"B","North West","30","Lancashire","30UD","Burnley",,,11320,1325,12,6790,60,1545,14,680,6,260,2,535,5,185,2,0,0,5625,50,5695,50,1620,14,5655,50,4045,36
"B","North West","30","Lancashire","30UE","Chorley",,,7970,1100,14,4600,58,765,10,565,7,155,2,565,7,220,3,0,0,4045,51,3925,49,975,12,3705,46,3290,41
"B","North West","30","Lancashire","30UF","Fylde",,,4985,460,9,3045,61,430,9,395,8,125,3,375,8,155,3,0,0,2585,52,2400,48,435,9,2235,45,2315,46
"B","North West","30","Lancashire","30UG","Hyndburn",,,9570,995,10,5805,61,1170,12,630,7,245,3,525,5,200,2,0,0,4860,51,4710,49,1300,14,4655,49,3610,38
"B","North West","30","Lancashire","30UH","Lancaster",,,12060,1750,15,6710,56,1500,12,795,7,310,3,720,6,275,2,0,0,6150,51,5910,49,1700,14,5885,49,4470,37
"B","North West","30","Lancashire","30UJ","Pendle",,,9600,1200,13,5705,59,1100,11,770,8,200,2,450,5,175,2,0,0,4815,50,4785,50,1305,14,4720,49,3575,37
"B","North West","30","Lancashire","30UK","Preston",,,14255,2225,16,7715,54,1840,13,1035,7,335,2,835,6,270,2,0,0,7335,51,6920,49,2060,14,7370,52,4825,34
"B","North West","30","Lancashire","30UL","Ribble Valley",,,2885,215,7,1830,63,155,5,225,8,65,2,275,10,120,4,0,0,1495,52,1390,48,260,9,1270,44,1355,47
"B","North West","30","Lancashire","30UM","Rossendale",,,6535,685,10,3970,61,690,11,450,7,120,2,460,7,160,2,0,0,3275,50,3260,50,825,13,3100,47,2610,40
"B","North West","30","Lancashire","30UN","South Ribble",,,7335,905,12,4110,56,740,10,545,7,130,2,650,9,255,3,0,0,3565,49,3770,51,895,12,3330,45,3110,42
"B","North West","30","Lancashire","30UP","West Lancashire",,,10695,1840,17,5425,51,1320,12,855,8,245,2,740,7,270,3,0,0,5320,50,5375,50,1370,13,5150,48,4175,39
"B","North West","30","Lancashire","30UQ","Wyre",,,8465,805,10,4860,57,830,10,750,9,255,3,735,9,230,3,0,0,4325,51,4140,49,910,11,3715,44,3840,45
"D","Yorkshire and The Humber",,,"00CC","Barnsley",,,29015,3365,12,17515,60,3155,11,2160,7,580,2,1805,6,435,1,0,0,15210,52,13805,48,3495,12,13590,47,11930,41
"D","Yorkshire and The Humber",,,"00CE","Doncaster",,,33590,5625,17,17405,52,4145,12,2880,9,810,2,2160,6,565,2,0,0,17205,51,16385,49,4850,14,16225,48,12515,37
"D","Yorkshire and The Humber",,,"00CF","Rotherham",,,27985,4045,14,14670,52,3490,12,2635,9,710,3,1875,7,560,2,0,0,14255,51,13730,49,3825,14,13695,49,10465,37
"D","Yorkshire and The Humber",,,"00CG","Sheffield",,,52505,9875,19,25840,49,7085,13,3965,8,1675,3,3150,6,915,2,0,0,27310,52,25195,48,8035,15,27350,52,17100,33
"D","Yorkshire and The Humber",,,"00CX","Bradford",,,52175,9670,19,24850,48,7605,15,4145,8,1790,3,3130,6,985,2,0,0,25770,49,26405,51,8000,15,27465,53,16700,32
"D","Yorkshire and The Humber",,,"00CY","Calderdale",,,18090,3335,18,8880,49,2615,14,1290,7,535,3,1030,6,405,2,0,0,8965,50,9125,50,2660,15,9030,50,6400,35
"D","Yorkshire and The Humber",,,"00CZ","Kirklees",,,36700,6250,17,17750,48,5235,14,2870,8,1175,3,2625,7,795,2,0,0,18040,49,18660,51,5445,15,18620,51,12630,34
"D","Yorkshire and The Humber",,,"00DA","Leeds",,,65325,13785,21,30725,47,9625,15,3955,6,1890,3,3955,6,1390,2,0,0,32790,50,32535,50,9945,15,34065,52,21315,33
"D","Yorkshire and The Humber",,,"00DB","Wakefield",,,35590,5100,14,19685,55,4270,12,2740,8,735,2,2385,7,675,2,0,0,18375,52,17215,48,4795,13,16920,48,13875,39
"D","Yorkshire and The Humber",,,"00FA","Kingston upon Hull, City of",,,34575,8535,25,14380,42,5900,17,2350,7,1230,4,1710,5,470,1,0,0,17660,51,16915,49,6070,18,18130,52,10370,30
"D","Yorkshire and The Humber",,,"00FB","East Riding of Yorkshire",,,21920,3910,18,10525,48,2215,10,2060,9,810,4,1710,8,690,3,0,0,11190,51,10730,49,2530,12,9770,45,9620,44
"D","Yorkshire and The Humber",,,"00FC","North East Lincolnshire",,,16965,3570,21,7080,42,2940,17,1455,9,680,4,910,5,330,2,0,0,8375,49,8590,51,3130,18,8520,50,5315,31
"D","Yorkshire and The Humber",,,"00FD","North Lincolnshire",,,14010,2530,18,6565,47,1900,14,1250,9,405,3,1035,7,325,2,0,0,6785,48,7225,52,2115,15,6775,48,5120,37
"D","Yorkshire and The Humber",,,"00FF","York",,,11230,2025,18,5545,49,1570,14,715,6,285,3,700,6,390,3,0,0,5555,49,5675,51,1585,14,5765,51,3880,35
"D","Yorkshire and The Humber","36","North Yorkshire","36UB","Craven",,,2685,345,13,1495,56,215,8,210,8,75,3,210,8,135,5,0,0,1370,51,1315,49,270,10,1210,45,1205,45
"D","Yorkshire and The Humber","36","North Yorkshire","36UC","Hambleton",,,4230,635,15,2145,51,440,10,350,8,100,2,350,8,210,5,0,0,2030,48,2200,52,525,12,1885,45,1820,43
"D","Yorkshire and The Humber","36","North Yorkshire","36UD","Harrogate",,,7255,1070,15,3790,52,755,10,535,7,205,3,575,8,325,4,0,0,3555,49,3700,51,790,11,3615,50,2850,39
"D","Yorkshire and The Humber","36","North Yorkshire","36UE","Richmondshire",,,2360,350,15,1135,48,275,12,230,10,70,3,185,8,115,5,0,0,1085,46,1275,54,265,11,1135,48,960,41
"D","Yorkshire and The Humber","36","North Yorkshire","36UF","Ryedale",,,2540,360,14,1245,49,265,10,265,10,65,3,220,9,120,5,0,0,1225,48,1315,52,265,10,1115,44,1160,46
"D","Yorkshire and The Humber","36","North Yorkshire","36UG","Scarborough",,,10355,1565,15,5335,52,1230,12,830,8,460,4,675,7,260,3,0,0,5325,51,5030,49,1255,12,4885,47,4215,41
"D","Yorkshire and The Humber","36","North Yorkshire","36UH","Selby",,,4740,900,19,2325,49,530,11,350,7,120,3,340,7,175,4,0,0,2400,51,2340,49,610,13,2200,46,1930,41
"E","East Midlands",,,"00FK","Derby",,,24095,4655,19,11300,47,3730,15,1715,7,645,3,1620,7,430,2,0,0,11940,50,12155,50,3750,16,12870,53,7475,31
"E","East Midlands",,,"00FN","Leicester",,,36775,8945,24,15475,42,6335,17,2560,7,1155,3,1775,5,530,1,0,0,17725,48,19050,52,5860,16,19675,54,11240,31
"E","East Midlands",,,"00FP","Rutland",,,1285,160,12,635,49,135,11,120,9,30,2,130,10,75,6,0,0,600,47,685,53,150,12,620,48,515,40
"E","East Midlands",,,"00FY","Nottingham",,,37560,7825,21,17375,46,6845,18,2245,6,1035,3,1830,5,405,1,0,0,18985,51,18575,49,6475,17,20840,55,10240,27
"E","East Midlands","17","Derbyshire","17UB","Amber Valley",,,9675,1470,15,5015,52,1120,12,820,8,265,3,710,7,275,3,0,0,4865,50,4810,50,1170,12,4525,47,3980,41
"E","East Midlands","17","Derbyshire","17UC","Bolsover",,,9015,1170,13,5040,56,905,10,880,10,175,2,690,8,155,2,0,0,4805,53,4210,47,1030,11,4275,47,3710,41
"E","East Midlands","17","Derbyshire","17UD","Chesterfield",,,11605,2015,17,6145,53,1225,11,995,9,275,2,770,7,180,2,0,0,6205,53,5400,47,1445,12,5735,49,4425,38
"E","East Midlands","17","Derbyshire","17UF","Derbyshire Dales",,,3505,415,12,1855,53,315,9,355,10,80,2,320,9,165,5,0,0,1775,51,1730,49,325,9,1550,44,1630,47
"E","East Midlands","17","Derbyshire","17UG","Erewash",,,8785,1600,18,4240,48,1155,13,665,8,245,3,625,7,255,3,0,0,4290,49,4495,51,1230,14,4220,48,3335,38
"E","East Midlands","17","Derbyshire","17UH","High Peak",,,6380,895,14,3405,53,775,12,460,7,150,2,495,8,200,3,0,0,3140,49,3240,51,750,12,3195,50,2435,38
"E","East Midlands","17","Derbyshire","17UJ","North East Derbyshire",,,8270,1270,15,4400,53,745,9,855,10,185,2,625,8,190,2,0,0,4390,53,3880,47,900,11,3830,46,3540,43
"E","East Midlands","17","Derbyshire","17UK","South Derbyshire",,,6000,715,12,3225,54,645,11,515,9,150,3,550,9,200,3,0,0,2840,47,3160,53,660,11,2805,47,2535,42
"E","East Midlands","31","Leicestershire","31UB","Blaby",,,4515,735,16,2175,48,450,10,410,9,100,2,460,10,185,4,0,0,2110,47,2405,53,530,12,2055,46,1930,43
"E","East Midlands","31","Leicestershire","31UC","Charnwood",,,9190,1675,18,4230,46,1080,12,755,8,310,3,780,8,360,4,0,0,4365,47,4825,53,1360,15,4425,48,3405,37
"E","East Midlands","31","Leicestershire","31UD","Harborough",,,3245,445,14,1595,49,320,10,280,9,90,3,350,11,165,5,0,0,1550,48,1695,52,350,11,1555,48,1340,41
"E","East Midlands","31","Leicestershire","31UE","Hinckley and Bosworth",,,5915,990,17,2880,49,595,10,560,9,140,2,545,9,205,3,0,0,2765,47,3150,53,780,13,2695,46,2440,41
"E","East Midlands","31","Leicestershire","31UG","Melton",,,2330,365,16,1005,43,295,13,245,11,80,3,215,9,125,5,0,0,1085,47,1245,53,320,14,1070,46,940,40
"E","East Midlands","31","Leicestershire","31UH","North West Leicestershire",,,6165,825,13,3120,51,760,12,635,10,155,3,480,8,190,3,0,0,2910,47,3255,53,750,12,2950,48,2465,40
"E","East Midlands","31","Leicestershire","31UJ","Oadby and Wigston",,,3125,610,20,1400,45,340,11,260,8,105,3,295,9,115,4,0,0,1445,46,1680,54,450,14,1500,48,1175,38
"E","East Midlands","32","Lincolnshire","32UB","Boston",,,5190,830,16,2715,52,590,11,405,8,150,3,360,7,140,3,0,0,2615,50,2575,50,710,14,2470,48,2005,39
"E","East Midlands","32","Lincolnshire","32UC","East Lindsey",,,13445,1525,11,7615,57,1095,8,1480,11,440,3,1015,8,275,2,0,0,7190,53,6255,47,1375,10,5745,43,6325,47
"E","East Midlands","32","Lincolnshire","32UD","Lincoln",,,9285,1695,18,4565,49,1365,15,670,7,255,3,575,6,160,2,0,0,4730,51,4555,49,1570,17,4925,53,2790,30
"E","East Midlands","32","Lincolnshire","32UE","North Kesteven",,,5710,715,13,2935,51,505,9,635,11,160,3,565,10,195,3,0,0,2770,49,2940,51,615,11,2595,45,2495,44
"E","East Midlands","32","Lincolnshire","32UF","South Holland",,,5530,930,17,2815,51,615,11,475,9,145,3,395,7,155,3,0,0,2655,48,2875,52,640,12,2520,46,2370,43
"E","East Midlands","32","Lincolnshire","32UG","South Kesteven",,,7215,1085,15,3610,50,870,12,615,9,175,2,595,8,265,4,0,0,3425,47,3790,53,890,12,3455,48,2870,40
"E","East Midlands","32","Lincolnshire","32UH","West Lindsey",,,6380,1035,16,3270,51,670,11,565,9,190,3,475,7,175,3,0,0,3200,50,3180,50,835,13,3010,47,2535,40
"E","East Midlands","34","Northamptonshire","34UB","Corby",,,5605,975,17,2830,50,830,15,330,6,145,3,380,7,115,2,0,0,2690,48,2915,52,850,15,2870,51,1885,34
"E","East Midlands","34","Northamptonshire","34UC","Daventry",,,3790,595,16,1770,47,530,14,255,7,95,3,370,10,175,5,0,0,1655,44,2135,56,485,13,1905,50,1400,37
"E","East Midlands","34","Northamptonshire","34UD","East Northamptonshire",,,4675,790,17,2150,46,695,15,355,8,135,3,375,8,175,4,0,0,2115,45,2560,55,675,14,2315,50,1685,36
"E","East Midlands","34","Northamptonshire","34UE","Kettering",,,6155,1105,18,2965,48,775,13,475,8,175,3,495,8,165,3,0,0,2935,48,3220,52,870,14,3160,51,2125,35
"E","East Midlands","34","Northamptonshire","34UF","Northampton",,,16515,3145,19,7575,46,2810,17,1100,7,435,3,1045,6,405,2,0,0,7925,48,8590,52,2625,16,8905,54,4985,30
"E","East Midlands","34","Northamptonshire","34UG","South Northamptonshire",,,3175,460,14,1535,48,290,9,290,9,90,3,330,10,180,6,0,0,1450,46,1725,54,355,11,1450,46,1370,43
"E","East Midlands","34","Northamptonshire","34UH","Wellingborough",,,5815,1095,19,2640,45,995,17,395,7,170,3,365,6,155,3,0,0,2680,46,3135,54,945,16,2925,50,1945,33
"E","East Midlands","37","Nottinghamshire","37UB","Ashfield",,,12170,1700,14,6615,54,1525,13,1020,8,275,2,780,6,255,2,0,0,6190,51,5980,49,1575,13,5930,49,4665,38
"E","East Midlands","37","Nottinghamshire","37UC","Bassetlaw",,,10935,1285,12,6315,58,1180,11,880,8,275,3,730,7,270,2,0,0,5575,51,5360,49,1295,12,5235,48,4405,40
"E","East Midlands","37","Nottinghamshire","37UD","Broxtowe",,,7760,1235,16,4045,52,805,10,655,8,175,2,615,8,230,3,0,0,3865,50,3895,50,955,12,3545,46,3260,42
"E","East Midlands","37","Nottinghamshire","37UE","Gedling",,,8195,1240,15,4235,52,995,12,670,8,160,2,670,8,225,3,0,0,4015,49,4180,51,995,12,3935,48,3265,40
"E","East Midlands","37","Nottinghamshire","37UF","Mansfield",,,12240,1610,13,6940,57,1440,12,1060,9,235,2,770,6,185,2,0,0,6380,52,5860,48,1705,14,6005,49,4530,37
"E","East Midlands","37","Nottinghamshire","37UG","Newark and Sherwood",,,9005,1120,12,4850,54,1150,13,830,9,215,2,600,7,240,3,0,0,4465,50,4540,50,1085,12,4360,48,3560,40
"E","East Midlands","37","Nottinghamshire","37UJ","Rushcliffe",,,5055,755,15,2555,51,495,10,420,8,115,2,485,10,230,5,0,0,2530,50,2525,50,535,11,2400,47,2120,42
"F","West Midlands",,,"00CN","Birmingham",,,134680,36095,27,54435,40,22880,17,8850,7,3980,3,6525,5,1915,1,0,0,68575,51,66105,49,22770,17,74520,55,37385,28
"F","West Midlands",,,"00CQ","Coventry",,,33025,7075,21,15070,46,5515,17,1980,6,860,3,1910,6,615,2,0,0,16510,50,16515,50,5215,16,17385,53,10425,32
"F","West Midlands",,,"00CR","Dudley",,,29865,6835,23,13090,44,3885,13,2470,8,960,3,1930,6,695,2,0,0,15735,53,14130,47,4320,14,14690,49,10855,36
"F","West Midlands",,,"00CS","Sandwell",,,37980,8895,23,16255,43,5770,15,2890,8,1340,4,2125,6,705,2,0,0,19390,51,18590,49,6005,16,19275,51,12690,33
"F","West Midlands",,,"00CT","Solihull",,,14910,2680,18,7005,47,2235,15,1095,7,380,3,1050,7,465,3,0,0,7140,48,7770,52,2260,15,7280,49,5370,36
"F","West Midlands",,,"00CU","Walsall",,,29720,6720,23,13105,44,4295,14,2455,8,915,3,1660,6,570,2,0,0,15115,51,14605,49,4935,17,14750,50,10035,34
"F","West Midlands",,,"00CW","Wolverhampton",,,31640,8155,26,13335,42,5105,16,2160,7,940,3,1435,5,510,2,0,0,16055,51,15585,49,5315,17,16465,52,9855,31
"F","West Midlands",,,"00GA","Herefordshire, County of",,,11620,1615,14,5775,50,1460,13,1025,9,380,3,990,9,375,3,0,0,5705,49,5915,51,1485,13,5715,49,4420,38
"F","West Midlands",,,"00GF","Telford and Wrekin",,,16255,2425,15,7855,48,2665,16,1390,9,360,2,1205,7,355,2,0,0,7515,46,8740,54,2495,15,8220,51,5540,34
"F","West Midlands",,,"00GL","Stoke-on-Trent",,,32940,4780,15,19170,58,4055,12,2065,6,740,2,1635,5,495,2,0,0,16810,51,16130,49,4620,14,16560,50,11755,36
"F","West Midlands","39","Shropshire","39UB","Bridgnorth",,,2920,400,14,1535,53,235,8,290,10,100,3,250,9,110,4,0,0,1500,51,1420,49,280,10,1215,42,1425,49
"F","West Midlands","39","Shropshire","39UC","North Shropshire",,,3845,520,14,2080,54,415,11,315,8,115,3,280,7,120,3,0,0,1900,49,1945,51,490,13,1765,46,1590,41
"F","West Midlands","39","Shropshire","39UD","Oswestry",,,2980,445,15,1630,55,320,11,220,7,60,2,210,7,95,3,0,0,1490,50,1490,50,410,14,1415,47,1155,39
"F","West Midlands","39","Shropshire","39UE","Shrewsbury and Atcham",,,6655,975,15,3455,52,750,11,545,8,140,2,580,9,210,3,0,0,3365,51,3290,49,900,14,3250,49,2505,38
"F","West Midlands","39","Shropshire","39UF","South Shropshire",,,2415,295,12,1290,53,270,11,225,9,70,3,190,8,75,3,0,0,1205,50,1210,50,235,10,1055,44,1125,47
"F","West Midlands","41","Staffordshire","41UB","Cannock Chase",,,8745,1370,16,4490,51,925,11,880,10,220,3,665,8,195,2,0,0,4360,50,4385,50,1190,14,4115,47,3440,39
"F","West Midlands","41","Staffordshire","41UC","East Staffordshire",,,7810,1145,15,3885,50,1095,14,675,9,220,3,555,7,235,3,0,0,3775,48,4035,52,1135,15,3990,51,2685,34
"F","West Midlands","41","Staffordshire","41UD","Lichfield",,,5990,790,13,3045,51,685,11,575,10,150,3,520,9,225,4,0,0,2980,50,3010,50,725,12,2765,46,2500,42
"F","West Midlands","41","Staffordshire","41UE","Newcastle-under-Lyme",,,10680,1395,13,6300,59,1060,10,805,8,210,2,660,6,250,2,0,0,5415,51,5265,49,1280,12,4995,47,4405,41
"F","West Midlands","41","Staffordshire","41UF","South Staffordshire",,,6300,1120,18,2915,46,645,10,600,10,180,3,540,9,300,5,0,0,3075,49,3225,51,740,12,2830,45,2730,43
"F","West Midlands","41","Staffordshire","41UG","Stafford",,,8100,1525,19,4170,51,745,9,620,8,160,2,645,8,235,3,0,0,4160,51,3940,49,1160,14,3835,47,3105,38
"F","West Midlands","41","Staffordshire","41UH","Staffordshire Moorlands",,,6905,670,10,4350,63,495,7,580,8,155,2,440,6,215,3,0,0,3480,50,3425,50,610,9,2975,43,3320,48
"F","West Midlands","41","Staffordshire","41UK","Tamworth",,,6570,1075,16,3040,46,930,14,585,9,170,3,580,9,190,3,0,0,3070,47,3500,53,995,15,3100,47,2475,38
"F","West Midlands","44","Warwickshire","44UB","North Warwickshire",,,4505,640,14,2260,50,485,11,450,10,125,3,405,9,140,3,0,0,2195,49,2310,51,510,11,2035,45,1960,44
"F","West Midlands","44","Warwickshire","44UC","Nuneaton and Bedworth",,,11330,2060,18,5485,48,1480,13,925,8,240,2,860,8,280,2,0,0,5605,49,5725,51,1580,14,5490,48,4260,38
"F","West Midlands","44","Warwickshire","44UD","Rugby",,,5760,1020,18,2670,46,780,14,460,8,165,3,450,8,215,4,0,0,2835,49,2925,51,810,14,2850,49,2100,36
"F","West Midlands","44","Warwickshire","44UE","Stratford-on-Avon",,,5525,875,16,2585,47,610,11,480,9,160,3,555,10,260,5,0,0,2615,47,2910,53,615,11,2685,49,2220,40
"F","West Midlands","44","Warwickshire","44UF","Warwick",,,7355,1420,19,3475,47,985,13,460,6,190,3,560,8,265,4,0,0,3645,50,3710,50,905,12,3855,52,2595,35
"F","West Midlands","47","Worcestershire","47UB","Bromsgrove",,,4720,760,16,2295,49,470,10,440,9,150,3,450,10,155,3,0,0,2330,49,2390,51,630,13,2140,45,1950,41
"F","West Midlands","47","Worcestershire","47UC","Malvern Hills",,,4315,510,12,2245,52,510,12,375,9,135,3,360,8,180,4,0,0,2100,49,2215,51,560,13,2070,48,1685,39
"F","West Midlands","47","Worcestershire","47UD","Redditch",,,6985,1265,18,3175,45,1020,15,580,8,200,3,570,8,175,3,0,0,3240,46,3745,54,1080,15,3395,49,2510,36
"F","West Midlands","47","Worcestershire","47UE","Worcester",,,7270,1250,17,3425,47,1015,14,565,8,275,4,535,7,205,3,0,0,3565,49,3705,51,1090,15,3775,52,2405,33
"F","West Midlands","47","Worcestershire","47UF","Wychavon",,,6435,975,15,3150,49,755,12,575,9,185,3,535,8,260,4,0,0,3075,48,3360,52,795,12,3105,48,2535,39
"F","West Midlands","47","Worcestershire","47UG","Wyre Forest",,,8015,1200,15,4140,52,980,12,665,8,290,4,540,7,200,2,0,0,3990,50,4025,50,1100,14,3715,46,3200,40
"G","East of England",,,"00JA","Peterborough",,,15510,2860,18,7015,45,2785,18,1140,7,415,3,975,6,320,2,0,0,7140,46,8370,54,2540,16,8410,54,4560,29
"G","East of England",,,"00KA","Luton",,,17885,4050,23,7470,42,3285,18,1235,7,545,3,910,5,390,2,0,0,8565,48,9320,52,2785,16,9955,56,5140,29
"G","East of England",,,"00KF","Southend-on-Sea",,,15120,2790,18,7175,47,2630,17,960,6,520,3,745,5,300,2,0,0,7495,50,7625,50,2065,14,8225,54,4830,32
"G","East of England",,,"00KG","Thurrock",,,12240,2220,18,5245,43,2345,19,975,8,355,3,800,7,300,2,0,0,5460,45,6780,55,1950,16,6430,53,3860,32
"G","East of England","09","Bedfordshire","09UC","Mid Bedfordshire",,,5505,805,15,2590,47,735,13,490,9,140,3,510,9,235,4,0,0,2440,44,3065,56,650,12,2760,50,2095,38
"G","East of England","09","Bedfordshire","09UD","Bedford",,,11600,2335,20,5270,45,1940,17,740,6,315,3,660,6,340,3,0,0,5485,47,6115,53,1630,14,6435,55,3535,30
"G","East of England","09","Bedfordshire","09UE","South Bedfordshire",,,7265,1240,17,3120,43,1395,19,490,7,220,3,585,8,215,3,0,0,3280,45,3985,55,1145,16,3840,53,2280,31
"G","East of England","12","Cambridgeshire","12UB","Cambridge",,,6845,1365,20,3360,49,1040,15,320,5,200,3,435,6,125,2,0,0,3470,51,3375,49,1045,15,3955,58,1845,27
"G","East of England","12","Cambridgeshire","12UC","East Cambridgeshire",,,3765,530,14,1770,47,510,14,360,10,130,3,320,8,145,4,0,0,1710,45,2055,55,460,12,1835,49,1470,39
"G","East of England","12","Cambridgeshire","12UD","Fenland",,,7720,1145,15,3850,50,1040,13,705,9,260,3,520,7,200,3,0,0,3530,46,4190,54,1095,14,3705,48,2920,38
"G","East of England","12","Cambridgeshire","12UE","Huntingdonshire",,,8390,1325,16,3800,45,1110,13,785,9,230,3,800,10,340,4,0,0,3810,45,4580,55,1270,15,4210,50,2905,35
"G","East of England","12","Cambridgeshire","12UG","South Cambridgeshire",,,5515,770,14,2615,47,680,12,450,8,130,2,620,11,250,5,0,0,2560,46,2955,54,680,12,2890,52,1945,35
"G","East of England","22","Essex","22UB","Basildon",,,14685,2215,15,6620,45,2985,20,1115,8,420,3,975,7,355,2,0,0,6490,44,8195,56,2160,15,8005,55,4520,31
"G","East of England","22","Essex","22UC","Braintree",,,8540,1385,16,4070,48,1295,15,660,8,230,3,645,8,255,3,0,0,3895,46,4645,54,1110,13,4380,51,3045,36
"G","East of England","22","Essex","22UD","Brentwood",,,3420,390,11,1755,51,530,15,260,8,100,3,240,7,145,4,0,0,1525,45,1895,55,390,11,1760,51,1270,37
"G","East of England","22","Essex","22UE","Castle Point",,,5820,765,13,2745,47,900,15,565,10,195,3,440,8,210,4,0,0,2590,45,3230,55,715,12,2760,47,2340,40
"G","East of England","22","Essex","22UF","Chelmsford",,,8450,1445,17,3765,45,1305,15,660,8,195,2,750,9,330,4,0,0,3805,45,4645,55,1080,13,4495,53,2875,34
"G","East of England","22","Essex","22UG","Colchester",,,11390,1715,15,5605,49,1810,16,825,7,295,3,835,7,305,3,0,0,5305,47,6085,53,1700,15,6020,53,3665,32
"G","East of England","22","Essex","22UH","Epping Forest",,,7375,1130,15,3330,45,1310,18,525,7,240,3,530,7,310,4,0,0,3240,44,4135,56,850,12,3945,53,2580,35
"G","East of England","22","Essex","22UJ","Harlow",,,6990,1400,20,2960,42,1400,20,425,6,215,3,430,6,160,2,0,0,3065,44,3925,56,1100,16,3890,56,2000,29
"G","East of England","22","Essex","22UK","Maldon",,,3445,530,15,1640,48,415,12,315,9,100,3,305,9,140,4,0,0,1635,47,1810,53,380,11,1665,48,1400,41
"G","East of England","22","Essex","22UL","Rochford",,,4090,515,13,2005,49,525,13,370,9,130,3,360,9,185,5,0,0,1880,46,2210,54,440,11,1995,49,1655,40
"G","East of England","22","Essex","22UN","Tendring",,,12715,1880,15,6610,52,1725,14,1070,8,415,3,720,6,295,2,0,0,6480,51,6235,49,1480,12,6015,47,5215,41
"G","East of England","22","Essex","22UQ","Uttlesford",,,2690,395,15,1235,46,340,13,245,9,65,2,275,10,135,5,0,0,1265,47,1425,53,260,10,1355,50,1075,40
"G","East of England","26","Hertfordshire","26UB","Broxbourne",,,6195,995,16,2620,42,1290,21,510,8,170,3,425,7,185,3,0,0,2585,42,3610,58,875,14,3390,55,1930,31
"G","East of England","26","Hertfordshire","26UC","Dacorum",,,7965,1530,19,3465,44,1300,16,580,7,165,2,615,8,310,4,0,0,3655,46,4310,54,1065,13,4260,53,2640,33
"G","East of England","26","Hertfordshire","26UD","East Hertfordshire",,,5415,810,15,2560,47,730,13,440,8,110,2,480,9,285,5,0,0,2410,45,3005,55,670,12,2865,53,1880,35
"G","East of England","26","Hertfordshire","26UE","Hertsmere",,,5575,925,17,2535,45,1060,19,365,7,160,3,365,7,165,3,0,0,2500,45,3075,55,690,12,3030,54,1855,33
"G","East of England","26","Hertfordshire","26UF","North Hertfordshire",,,6345,1025,16,2805,44,1055,17,550,9,185,3,500,8,225,4,0,0,2830,45,3515,55,855,13,3310,52,2180,34
"G","East of England","26","Hertfordshire","26UG","St Albans",,,5930,820,14,2875,48,860,15,485,8,155,3,455,8,280,5,0,0,2690,45,3240,55,695,12,3255,55,1980,33
"G","East of England","26","Hertfordshire","26UH","Stevenage",,,6275,1110,18,2585,41,1265,20,500,8,165,3,500,8,150,2,0,0,2880,46,3395,54,1055,17,3590,57,1630,26
"G","East of England","26","Hertfordshire","26UJ","Three Rivers",,,4130,565,14,1885,46,720,17,315,8,115,3,360,9,170,4,0,0,1820,44,2310,56,505,12,2235,54,1390,34
"G","East of England","26","Hertfordshire","26UK","Watford",,,5430,970,18,2460,45,890,16,360,7,190,3,395,7,165,3,0,0,2605,48,2825,52,715,13,3025,56,1690,31
"G","East of England","26","Hertfordshire","26UL","Welwyn Hatfield",,,6270,1070,17,2890,46,1100,18,455,7,160,3,395,6,200,3,0,0,2890,46,3380,54,950,15,3475,55,1845,29
"G","East of England","33","Norfolk","33UB","Breckland",,,8500,1430,17,4045,48,1055,12,805,9,255,3,685,8,225,3,0,0,4130,49,4370,51,1075,13,4165,49,3260,38
"G","East of England","33","Norfolk","33UC","Broadland",,,6540,830,13,3520,54,650,10,590,9,150,2,545,8,255,4,0,0,3185,49,3355,51,665,10,3200,49,2675,41
"G","East of England","33","Norfolk","33UD","Great Yarmouth",,,10695,2140,20,5130,48,1280,12,920,9,440,4,610,6,175,2,0,0,5530,52,5165,48,1525,14,5225,49,3945,37
"G","East of England","33","Norfolk","33UE","King's Lynn and West Norfolk",,,11565,1710,15,6030,52,1315,11,1100,10,365,3,770,7,275,2,0,0,5800,50,5765,50,1515,13,5550,48,4500,39
"G","East of England","33","Norfolk","33UF","North Norfolk",,,7030,940,13,3835,55,690,10,585,8,235,3,490,7,255,4,0,0,3690,52,3340,48,815,12,3220,46,2995,43
"G","East of England","33","Norfolk","33UG","Norwich",,,13935,2925,21,6770,49,2155,15,820,6,385,3,695,5,185,1,0,0,7275,52,6660,48,2170,16,7850,56,3915,28
"G","East of England","33","Norfolk","33UH","South Norfolk",,,6095,880,14,3140,52,630,10,550,9,185,3,485,8,225,4,0,0,2950,48,3145,52,655,11,2925,48,2515,41
"G","East of England","42","Suffolk","42UB","Babergh",,,4435,655,15,2070,47,535,12,415,9,145,3,430,10,185,4,0,0,2090,47,2345,53,575,13,2175,49,1685,38
"G","East of England","42","Suffolk","42UC","Forest Heath",,,2770,430,16,1265,46,400,14,255,9,95,3,240,9,85,3,0,0,1270,46,1500,54,360,13,1340,48,1070,39
"G","East of England","42","Suffolk","42UD","Ipswich",,,11500,2425,21,4920,43,1825,16,955,8,395,3,770,7,210,2,0,0,5660,49,5840,51,1925,17,6175,54,3395,30
"G","East of England","42","Suffolk","42UE","Mid Suffolk",,,4310,590,14,2000,46,500,12,510,12,150,3,390,9,170,4,0,0,1965,46,2345,54,530,12,2030,47,1750,41
"G","East of England","42","Suffolk","42UF","St Edmundsbury",,,5750,995,17,2690,47,715,12,485,8,175,3,485,8,205,4,0,0,2710,47,3040,53,795,14,2905,51,2050,36
"G","East of England","42","Suffolk","42UG","Suffolk Coastal",,,6165,755,12,2940,48,720,12,715,12,235,4,570,9,230,4,0,0,2890,47,3275,53,740,12,2870,47,2555,41
"G","East of England","42","Suffolk","42UH","Waveney",,,10820,2105,19,4900,45,1395,13,1040,10,395,4,770,7,215,2,0,0,5355,49,5465,51,1500,14,5265,49,4050,37
"H","London",,,"00AA","City of London",,,445,135,30,185,42,40,9,25,6,30,7,20,4,10,2,0,0,265,60,180,40,65,15,230,52,150,34
"H","London",,,"00AB","Barking and Dagenham",,,21675,4070,19,8530,39,5790,27,1270,6,660,3,1095,5,260,1,0,0,9230,43,12445,57,3575,16,12590,58,5510,25
"H","London",,,"00AC","Barnet",,,24995,5150,21,10305,41,5370,21,1405,6,865,3,1325,5,575,2,0,0,11165,45,13830,55,3110,12,14750,59,7125,29
"H","London",,,"00AD","Bexley",,,16095,2920,18,6590,41,3380,21,1140,7,520,3,1085,7,460,3,0,0,6950,43,9145,57,2270,14,8605,53,5220,32
"H","London",,,"00AE","Brent",,,30490,7250,24,12715,42,6405,21,1325,4,1190,4,1140,4,465,2,0,0,14680,48,15810,52,3880,13,18465,61,8140,27
"H","London",,,"00AF","Bromley",,,19595,3445,18,8495,43,4130,21,1210,6,560,3,1190,6,565,3,0,0,8785,45,10810,55,2775,14,10845,55,5975,30
"H","London",,,"00AG","Camden",,,24400,5300,22,11510,47,4460,18,1040,4,1055,4,815,3,220,1,0,0,12170,50,12230,50,2690,11,15145,62,6555,27
"H","London",,,"00AH","Croydon",,,30365,6155,20,12065,40,7445,25,1385,5,1125,4,1500,5,690,2,0,0,13425,44,16940,56,4640,15,17790,59,7930,26
"H","London",,,"00AJ","Ealing",,,29400,6230,21,12770,43,6015,20,1410,5,1170,4,1285,4,520,2,0,0,13715,47,15685,53,3705,13,17105,58,8585,29
"H","London",,,"00AK","Enfield",,,30485,6425,21,12370,41,7270,24,1345,4,1265,4,1300,4,510,2,0,0,13395,44,17090,56,4710,15,18005,59,7755,25
"H","London",,,"00AL","Greenwich",,,27615,5605,20,11335,41,6790,25,1405,5,985,4,1150,4,345,1,0,0,12255,44,15360,56,4555,16,16065,58,6990,25
"H","London",,,"00AM","Hackney",,,32745,7785,24,13215,40,7720,24,1240,4,1655,5,945,3,185,1,0,0,15430,47,17315,53,4525,14,20295,62,7900,24
"H","London",,,"00AN","Hammersmith and Fulham",,,18050,3770,21,8155,45,3940,22,650,4,750,4,610,3,175,1,0,0,8640,48,9410,52,2195,12,11005,61,4840,27
"H","London",,,"00AP","Haringey",,,31090,7760,25,12300,40,7350,24,1045,3,1390,4,925,3,320,1,0,0,14490,47,16600,53,4470,14,19505,63,7110,23
"H","London",,,"00AQ","Harrow",,,15995,3075,19,6800,43,3040,19,1060,7,510,3,1005,6,505,3,0,0,7060,44,8935,56,2075,13,9055,57,4855,30
"H","London",,,"00AR","Havering",,,16750,2595,15,7630,46,3075,18,1310,8,460,3,1190,7,490,3,0,0,7445,44,9305,56,2235,13,8715,52,5800,35
"H","London",,,"00AS","Hillingdon",,,19900,3605,18,8205,41,4565,23,1185,6,695,3,1095,6,550,3,0,0,8525,43,11375,57,3030,15,11120,56,5750,29
"H","London",,,"00AT","Hounslow",,,20135,3515,17,8775,44,4420,22,1055,5,810,4,1090,5,470,2,0,0,8735,43,11400,57,2730,14,11445,57,5960,30
"H","London",,,"00AU","Islington",,,27635,5920,21,12295,44,6140,22,970,4,1240,4,880,3,190,1,0,0,12880,47,14755,53,3580,13,17210,62,6820,25
"H","London",,,"00AW","Kensington and Chelsea",,,12615,2505,20,6255,50,2245,18,425,3,580,5,445,4,160,1,0,0,6245,50,6370,50,1090,9,7705,61,3810,30
"H","London",,,"00AX","Kingston upon Thames",,,7955,1340,17,3690,46,1540,19,450,6,235,3,465,6,235,3,0,0,3660,46,4295,54,1020,13,4415,55,2520,32
"H","London",,,"00AY","Lambeth",,,35105,8730,25,14180,40,8530,24,945,3,1360,4,1060,3,300,1,0,0,16795,48,18310,52,5010,14,21920,62,8165,23
"H","London",,,"00AZ","Lewisham",,,30870,7270,24,12235,40,7565,25,1175,4,1100,4,1160,4,365,1,0,0,14320,46,16550,54,4845,16,18810,61,7215,23
"H","London",,,"00BA","Merton",,,12750,2970,23,5145,40,2630,21,635,5,405,3,680,5,285,2,0,0,5850,46,6900,54,1905,15,7140,56,3695,29
"H","London",,,"00BB","Newham",,,35110,8010,23,13260,38,8265,24,2050,6,1590,5,1530,4,405,1,0,0,15880,45,19230,55,5195,15,21255,61,8645,25
"H","London",,,"00BC","Redbridge",,,21940,4355,20,9140,42,4440,20,1470,7,780,4,1250,6,505,2,0,0,9720,44,12220,56,3120,14,12250,56,6560,30
"H","London",,,"00BD","Richmond upon Thames",,,8580,1560,18,3915,46,1495,17,435,5,310,4,545,6,320,4,0,0,4020,47,4560,53,985,11,4665,54,2925,34
"H","London",,,"00BE","Southwark",,,33440,7865,24,13915,42,7950,24,1195,4,1145,3,1085,3,285,1,0,0,15735,47,17705,53,4805,14,20515,61,8105,24
"H","London",,,"00BF","Sutton",,,11980,2155,18,5220,44,2385,20,780,7,295,2,765,6,380,3,0,0,5215,44,6765,56,1770,15,6650,56,3560,30
"H","London",,,"00BG","Tower Hamlets",,,30870,8535,28,11520,37,5950,19,1960,6,1655,5,940,3,310,1,0,0,15655,51,15215,49,4815,16,18750,61,7295,24
"H","London",,,"00BH","Waltham Forest",,,26185,6505,25,9990,38,5850,22,1330,5,1000,4,1170,4,340,1,0,0,12260,47,13925,53,3875,15,15490,59,6810,26
"H","London",,,"00BJ","Wandsworth",,,22300,4880,22,9730,44,4640,21,905,4,870,4,930,4,345,2,0,0,10680,48,11620,52,2840,13,13325,60,6120,27
"H","London",,,"00BK","Westminster",,,20440,3930,19,10305,50,3375,17,1000,5,945,5,715,3,170,1,0,0,10395,51,10045,49,2050,10,12800,63,5585,27
"J","South East",,,"00LC","Medway",,,21225,4150,20,8685,41,3955,19,1710,8,660,3,1495,7,570,3,0,0,9820,46,11405,54,3315,16,11350,53,6560,31
"J","South East",,,"00MA","Bracknell Forest",,,5455,830,15,2555,47,950,17,395,7,135,2,380,7,210,4,0,0,2575,47,2880,53,760,14,3075,56,1620,30
"J","South East",,,"00MB","West Berkshire",,,6705,995,15,3120,47,1040,16,540,8,185,3,515,8,310,5,0,0,3085,46,3620,54,915,14,3570,53,2220,33
"J","South East",,,"00MC","Reading",,,10665,2235,21,4515,42,2190,21,575,5,350,3,545,5,255,2,0,0,5055,47,5610,53,1770,17,6080,57,2815,26
"J","South East",,,"00MD","Slough",,,10460,2055,20,4665,45,2105,20,585,6,330,3,455,4,265,3,0,0,4835,46,5625,54,1435,14,5920,57,3100,30
"J","South East",,,"00ME","Windsor and Maidenhead",,,5850,1100,19,2675,46,835,14,365,6,170,3,415,7,290,5,0,0,2810,48,3040,52,735,13,3025,52,2085,36
"J","South East",,,"00MF","Wokingham",,,5150,800,16,2385,46,660,13,420,8,110,2,485,9,290,6,0,0,2420,47,2730,53,730,14,2645,51,1775,34
"J","South East",,,"00MG","Milton Keynes",,,17270,3305,19,7620,44,3275,19,995,6,495,3,1180,7,400,2,0,0,7770,45,9500,55,2610,15,9435,55,5225,30
"J","South East",,,"00ML","Brighton and Hove",,,24975,5080,20,12695,51,3680,15,1195,5,595,2,1325,5,405,2,0,0,13070,52,11905,48,3070,12,14735,59,7170,29
"J","South East",,,"00MR","Portsmouth",,,16555,2835,17,7615,46,3250,20,1010,6,640,4,880,5,325,2,0,0,8020,48,8535,52,2550,15,8990,54,5015,30
"J","South East",,,"00MS","Southampton",,,20260,3355,17,9515,47,3785,19,1285,6,670,3,1290,6,360,2,0,0,9940,49,10320,51,3225,16,10915,54,6120,30
"J","South East",,,"00MW","Isle of Wight",,,12065,1775,15,6160,51,1700,14,920,8,410,3,805,7,295,2,0,0,6260,52,5805,48,1550,13,5805,48,4710,39
"J","South East","11","Buckinghamshire","11UB","Aylesbury Vale",,,7675,985,13,3655,48,1160,15,660,9,170,2,695,9,350,5,0,0,3415,44,4260,56,940,12,4095,53,2635,34
"J","South East","11","Buckinghamshire","11UC","Chiltern",,,3595,565,16,1720,48,480,13,270,8,100,3,280,8,180,5,0,0,1720,48,1875,52,410,11,1875,52,1310,36
"J","South East","11","Buckinghamshire","11UE","South Bucks",,,2450,330,13,1105,45,395,16,215,9,80,3,180,7,145,6,0,0,1040,42,1410,58,315,13,1230,50,905,37
"J","South East","11","Buckinghamshire","11UF","Wycombe",,,8160,1535,19,3450,42,1310,16,710,9,230,3,600,7,325,4,0,0,3800,47,4360,53,1130,14,4405,54,2615,32
"J","South East","21","East Sussex","21UC","Eastbourne",,,8135,1385,17,4225,52,1215,15,465,6,270,3,405,5,170,2,0,0,4020,49,4115,51,1115,14,4260,52,2760,34
"J","South East","21","East Sussex","21UD","Hastings",,,10700,1745,16,5640,53,1625,15,640,6,385,4,490,5,175,2,0,0,5590,52,5110,48,1575,15,5615,52,3510,33
"J","South East","21","East Sussex","21UF","Lewes",,,5790,865,15,2860,49,835,14,425,7,190,3,425,7,190,3,0,0,2845,49,2945,51,755,13,2805,48,2225,38
"J","South East","21","East Sussex","21UG","Rother",,,5895,775,13,3065,52,800,14,485,8,175,3,395,7,200,3,0,0,2835,48,3060,52,700,12,2765,47,2430,41
"J","South East","21","East Sussex","21UH","Wealden",,,6495,730,11,3395,52,765,12,575,9,200,3,500,8,330,5,0,0,3020,46,3475,54,715,11,3105,48,2675,41
"J","South East","24","Hampshire","24UB","Basingstoke and Deane",,,7875,1225,16,3620,46,1295,16,590,7,170,2,655,8,320,4,0,0,3435,44,4440,56,1120,14,4305,55,2445,31
"J","South East","24","Hampshire","24UC","East Hampshire",,,4840,635,13,2320,48,675,14,400,8,145,3,430,9,235,5,0,0,2245,46,2595,54,680,14,2515,52,1645,34
"J","South East","24","Hampshire","24UD","Eastleigh",,,6005,845,14,2825,47,840,14,490,8,155,3,600,10,250,4,0,0,2690,45,3315,55,835,14,2995,50,2175,36
"J","South East","24","Hampshire","24UE","Fareham",,,4635,715,15,2190,47,535,12,420,9,115,2,455,10,205,4,0,0,2205,48,2430,52,570,12,2320,50,1745,38
"J","South East","24","Hampshire","24UF","Gosport",,,5400,730,14,2520,47,980,18,445,8,145,3,420,8,160,3,0,0,2420,45,2980,55,855,16,2900,54,1645,30
"J","South East","24","Hampshire","24UG","Hart",,,2720,390,14,1200,44,355,13,265,10,60,2,295,11,155,6,0,0,1185,44,1535,56,355,13,1385,51,980,36
"J","South East","24","Hampshire","24UH","Havant",,,9450,1525,16,4245,45,1635,17,855,9,295,3,655,7,240,3,0,0,4495,48,4955,52,1430,15,4855,51,3165,33
"J","South East","24","Hampshire","24UJ","New Forest",,,8870,885,10,4510,51,1265,14,820,9,235,3,810,9,345,4,0,0,4090,46,4780,54,1120,13,4315,49,3435,39
"J","South East","24","Hampshire","24UL","Rushmoor",,,4980,810,16,2280,46,905,18,330,7,110,2,405,8,140,3,0,0,2220,45,2760,55,820,16,2790,56,1370,28
"J","South East","24","Hampshire","24UN","Test Valley",,,5205,610,12,2435,47,735,14,535,10,155,3,500,10,235,5,0,0,2285,44,2920,56,725,14,2605,50,1875,36
"J","South East","24","Hampshire","24UP","Winchester",,,4495,645,14,2185,49,520,12,365,8,165,4,380,8,235,5,0,0,2205,49,2290,51,550,12,2385,53,1560,35
"J","South East","29","Kent","29UB","Ashford",,,7035,895,13,3325,47,1180,17,605,9,215,3,580,8,235,3,0,0,3215,46,3820,54,975,14,3665,52,2395,34
"J","South East","29","Kent","29UC","Canterbury",,,9965,1580,16,4885,49,1355,14,840,8,300,3,715,7,290,3,0,0,4895,49,5070,51,1380,14,4975,50,3610,36
"J","South East","29","Kent","29UD","Dartford",,,6090,1030,17,2690,44,1090,18,470,8,170,3,450,7,190,3,0,0,2815,46,3275,54,925,15,3220,53,1945,32
"J","South East","29","Kent","29UE","Dover",,,9325,1630,17,4570,49,1300,14,735,8,265,3,595,6,230,2,0,0,4790,51,4535,49,1225,13,4555,49,3545,38
"J","South East","29","Kent","29UG","Gravesham",,,7900,1640,21,3385,43,1290,16,625,8,260,3,465,6,235,3,0,0,3770,48,4130,52,1215,15,4120,52,2565,32
"J","South East","29","Kent","29UH","Maidstone",,,8710,1255,14,4045,46,1430,16,705,8,315,4,680,8,280,3,0,0,4035,46,4675,54,1180,14,4575,53,2955,34
"J","South East","29","Kent","29UK","Sevenoaks",,,5450,690,13,2555,47,875,16,460,8,180,3,450,8,240,4,0,0,2445,45,3005,55,680,12,2835,52,1935,36
"J","South East","29","Kent","29UL","Shepway",,,9100,1645,18,4440,49,1320,15,650,7,295,3,560,6,190,2,0,0,4705,52,4395,48,1210,13,4685,51,3205,35
"J","South East","29","Kent","29UM","Swale",,,11300,1950,17,5175,46,1875,17,930,8,400,4,710,6,260,2,0,0,5470,48,5830,52,1810,16,5725,51,3765,33
"J","South East","29","Kent","29UN","Thanet",,,14155,2565,18,6755,48,2050,14,1095,8,560,4,845,6,285,2,0,0,7355,52,6800,48,2015,14,6960,49,5180,37
"J","South East","29","Kent","29UP","Tonbridge and Malling",,,5760,810,14,2640,46,900,16,515,9,185,3,465,8,245,4,0,0,2680,47,3080,53,685,12,3040,53,2035,35
"J","South East","29","Kent","29UQ","Tunbridge Wells",,,5420,625,12,2710,50,910,17,375,7,195,4,410,8,195,4,0,0,2570,47,2850,53,730,13,2920,54,1770,33
"J","South East","38","Oxfordshire","38UB","Cherwell",,,6925,1000,14,3250,47,1125,16,525,8,205,3,590,9,230,3,0,0,3055,44,3870,56,1065,15,3705,54,2155,31
"J","South East","38","Oxfordshire","38UC","Oxford",,,9640,1775,18,4445,46,1825,19,500,5,360,4,540,6,195,2,0,0,4735,49,4905,51,1595,17,5575,58,2465,26
"J","South East","38","Oxfordshire","38UD","South Oxfordshire",,,5025,650,13,2315,46,755,15,375,7,165,3,500,10,265,5,0,0,2275,45,2750,55,625,12,2645,53,1755,35
"J","South East","38","Oxfordshire","38UE","Vale of White Horse",,,4720,515,11,2275,48,665,14,420,9,85,2,510,11,250,5,0,0,2110,45,2610,55,645,14,2470,52,1605,34
"J","South East","38","Oxfordshire","38UF","West Oxfordshire",,,3750,390,10,1810,48,510,14,355,9,135,4,380,10,170,5,0,0,1730,46,2020,54,470,13,1920,51,1360,36
"J","South East","43","Surrey","43UB","Elmbridge",,,4810,695,14,2255,47,840,17,335,7,115,2,355,7,215,4,0,0,2160,45,2650,55,560,12,2645,55,1605,33
"J","South East","43","Surrey","43UC","Epsom and Ewell",,,3135,430,14,1570,50,450,14,245,8,55,2,250,8,135,4,0,0,1445,46,1690,54,350,11,1650,53,1135,36
"J","South East","43","Surrey","43UD","Guildford",,,5565,815,15,2695,48,870,16,380,7,145,3,425,8,235,4,0,0,2565,46,3000,54,735,13,3055,55,1775,32
"J","South East","43","Surrey","43UE","Mole Valley",,,3050,335,11,1525,50,365,12,260,9,75,2,325,11,165,5,0,0,1480,49,1570,51,285,9,1550,51,1215,40
"J","South East","43","Surrey","43UF","Reigate and Banstead",,,6080,735,12,3050,50,1000,16,420,7,145,2,480,8,250,4,0,0,2785,46,3295,54,830,14,3225,53,2025,33
"J","South East","43","Surrey","43UG","Runnymede",,,3290,545,17,1520,46,515,16,205,6,95,3,300,9,110,3,0,0,1545,47,1745,53,385,12,1730,53,1175,36
"J","South East","43","Surrey","43UH","Spelthorne",,,4725,735,16,2090,44,890,19,345,7,135,3,350,7,180,4,0,0,2160,46,2565,54,565,12,2570,54,1585,34
"J","South East","43","Surrey","43UJ","Surrey Heath",,,2990,455,15,1300,43,460,15,275,9,65,2,265,9,170,6,0,0,1365,46,1625,54,445,15,1570,53,975,33
"J","South East","43","Surrey","43UK","Tandridge",,,3370,330,10,1720,51,505,15,275,8,80,2,295,9,165,5,0,0,1495,44,1875,56,455,14,1675,50,1240,37
"J","South East","43","Surrey","43UL","Waverley",,,4475,535,12,2320,52,605,14,320,7,110,2,375,8,210,5,0,0,2065,46,2410,54,500,11,2390,53,1585,35
"J","South East","43","Surrey","43UM","Woking",,,4435,685,15,2050,46,695,16,360,8,110,2,365,8,170,4,0,0,2015,45,2420,55,670,15,2370,53,1395,31
"J","South East","45","West Sussex","45UB","Adur",,,4175,550,13,2045,49,670,16,340,8,125,3,330,8,115,3,0,0,1910,46,2265,54,540,13,2135,51,1500,36
"J","South East","45","West Sussex","45UC","Arun",,,9400,1190,13,4955,53,1295,14,700,7,300,3,635,7,325,3,0,0,4665,50,4735,50,1025,11,4615,49,3760,40
"J","South East","45","West Sussex","45UD","Chichester",,,5330,795,15,2565,48,760,14,430,8,190,4,375,7,215,4,0,0,2600,49,2730,51,580,11,2665,50,2085,39
"J","South East","45","West Sussex","45UE","Crawley",,,6895,1020,15,3235,47,1340,19,420,6,195,3,480,7,205,3,0,0,2985,43,3910,57,1020,15,3765,55,2110,31
"J","South East","45","West Sussex","45UF","Horsham",,,5225,805,15,2505,48,725,14,440,8,115,2,430,8,205,4,0,0,2455,47,2770,53,665,13,2710,52,1850,35
"J","South East","45","West Sussex","45UG","Mid Sussex",,,5235,660,13,2670,51,695,13,385,7,120,2,455,9,250,5,0,0,2420,46,2815,54,680,13,2680,51,1875,36
"J","South East","45","West Sussex","45UH","Worthing",,,7005,875,12,3865,55,985,14,435,6,205,3,430,6,210,3,0,0,3485,50,3520,50,885,13,3660,52,2460,35
"K","South West",,,"00HA","Bath and North East Somerset",,,9645,1145,12,5190,54,1420,15,640,7,245,3,715,7,290,3,0,0,4705,49,4940,51,1195,12,5270,55,3180,33
"K","South West",,,"00HB","Bristol, City of",,,39680,6220,16,20780,52,6790,17,2255,6,960,2,2075,5,600,2,0,0,19965,50,19715,50,5670,14,22880,58,11125,28
"K","South West",,,"00HC","North Somerset",,,13640,1380,10,7975,58,1665,12,990,7,330,2,895,7,405,3,0,0,6890,51,6750,49,1580,12,7045,52,5015,37
"K","South West",,,"00HD","South Gloucestershire",,,13600,1755,13,6845,50,1965,14,1135,8,285,2,1180,9,435,3,0,0,6215,46,7385,54,1830,13,7085,52,4685,34
"K","South West",,,"00HG","Plymouth",,,26360,3745,14,14235,54,3375,13,1980,8,700,3,1870,7,455,2,0,0,13255,50,13105,50,3945,15,13775,52,8640,33
"K","South West",,,"00HH","Torbay",,,13970,1815,13,7635,55,1790,13,1145,8,460,3,880,6,245,2,0,0,7205,52,6765,48,1620,12,7050,50,5300,38
"K","South West",,,"00HN","Bournemouth",,,14795,2040,14,8615,58,1980,13,705,5,490,3,700,5,265,2,0,0,7975,54,6820,46,1640,11,8330,56,4825,33
"K","South West",,,"00HP","Poole",,,9020,950,11,4825,53,1445,16,685,8,270,3,575,6,270,3,0,0,4225,47,4795,53,1125,12,4645,51,3250,36
"K","South West",,,"00HX","Swindon",,,13865,2400,17,6540,47,2220,16,890,6,425,3,1015,7,375,3,0,0,6375,46,7490,54,2055,15,7465,54,4345,31
"K","South West","15","Cornwall and Isles of Scilly","15UB","Caradon",,,6025,670,11,3205,53,625,10,620,10,180,3,545,9,180,3,0,0,2895,48,3130,52,665,11,2760,46,2600,43
"K","South West","15","Cornwall and Isles of Scilly","15UC","Carrick",,,6735,850,13,3650,54,775,12,580,9,235,3,455,7,190,3,0,0,3405,51,3330,49,780,12,3285,49,2670,40
"K","South West","15","Cornwall and Isles of Scilly","15UD","Kerrier",,,8920,870,10,5015,56,1010,11,840,9,280,3,670,8,235,3,0,0,4555,51,4365,49,1035,12,4275,48,3610,40
"K","South West","15","Cornwall and Isles of Scilly","15UE","North Cornwall",,,6350,760,12,3420,54,715,11,595,9,205,3,475,7,180,3,0,0,3160,50,3190,50,710,11,3030,48,2610,41
"K","South West","15","Cornwall and Isles of Scilly","15UF","Penwith",,,6470,765,12,3645,56,720,11,550,9,215,3,420,6,155,2,0,0,3395,52,3075,48,690,11,3065,47,2715,42
"K","South West","15","Cornwall and Isles of Scilly","15UG","Restormel",,,8615,1085,13,4645,54,960,11,830,10,265,3,630,7,200,2,0,0,4440,52,4175,48,1015,12,4250,49,3350,39
"K","South West","15","Cornwall and Isles of Scilly","15UH","Isles of Scilly",,,45,10,22,20,44,5,11,0,0,0,0,5,11,5,11,0,0,25,56,20,44,0,0,20,44,25,56
"K","South West","18","Devon","18UB","East Devon",,,7025,710,10,3895,55,710,10,685,10,175,2,530,8,320,5,0,0,3465,49,3560,51,720,10,3300,47,3005,43
"K","South West","18","Devon","18UC","Exeter",,,8820,1160,13,4860,55,1155,13,565,6,260,3,625,7,195,2,0,0,4445,50,4375,50,1310,15,4775,54,2735,31
"K","South West","18","Devon","18UD","Mid Devon",,,4630,560,12,2485,54,525,11,410,9,115,2,355,8,180,4,0,0,2295,50,2335,50,625,13,2260,49,1745,38
"K","South West","18","Devon","18UE","North Devon",,,6860,820,12,3655,53,875,13,635,9,235,3,455,7,185,3,0,0,3455,50,3405,50,815,12,3325,48,2720,40
"K","South West","18","Devon","18UG","South Hams",,,4945,470,10,2735,55,540,11,480,10,135,3,405,8,180,4,0,0,2365,48,2580,52,520,11,2415,49,2010,41
"K","South West","18","Devon","18UH","Teignbridge",,,8195,810,10,4530,55,930,11,770,9,260,3,650,8,245,3,0,0,4120,50,4075,50,855,10,3875,47,3465,42
"K","South West","18","Devon","18UK","Torridge",,,4755,640,13,2480,52,490,10,500,11,175,4,345,7,125,3,0,0,2425,51,2330,49,515,11,2185,46,2055,43
"K","South West","18","Devon","18UL","West Devon",,,3100,300,10,1765,57,290,9,285,9,95,3,240,8,125,4,0,0,1520,49,1580,51,355,11,1425,46,1320,43
"K","South West","19","Dorset","19UC","Christchurch",,,2760,270,10,1450,53,380,14,265,10,85,3,215,8,95,3,0,0,1290,47,1470,53,320,12,1365,49,1075,39
"K","South West","19","Dorset","19UD","East Dorset",,,3755,325,9,1940,52,435,12,410,11,125,3,370,10,150,4,0,0,1770,47,1985,53,415,11,1695,45,1645,44
"K","South West","19","Dorset","19UE","North Dorset",,,3195,305,10,1705,53,415,13,310,10,90,3,250,8,120,4,0,0,1465,46,1730,54,365,11,1595,50,1235,39
"K","South West","19","Dorset","19UG","Purbeck",,,2315,200,9,1245,54,300,13,180,8,85,4,195,8,110,5,0,0,1085,47,1230,53,235,10,1120,48,960,41
"K","South West","19","Dorset","19UH","West Dorset",,,5455,490,9,3080,56,605,11,465,9,165,3,440,8,210,4,0,0,2635,48,2820,52,515,9,2650,49,2290,42
"K","South West","19","Dorset","19UJ","Weymouth and Portland",,,5995,735,12,3375,56,740,12,430,7,170,3,385,6,160,3,0,0,3120,52,2875,48,835,14,2965,49,2195,37
"K","South West","23","Gloucestershire","23UB","Cheltenham",,,7480,1525,20,3575,48,1125,15,440,6,205,3,405,5,205,3,0,0,3750,50,3730,50,1220,16,3925,52,2335,31
"K","South West","23","Gloucestershire","23UC","Cotswold",,,3400,430,13,1730,51,395,12,295,9,110,3,280,8,160,5,0,0,1595,47,1805,53,405,12,1680,49,1315,39
"K","South West","23","Gloucestershire","23UD","Forest of Dean",,,5690,815,14,2965,52,605,11,510,9,210,4,385,7,200,4,0,0,2775,49,2915,51,645,11,2705,48,2330,41
"K","South West","23","Gloucestershire","23UE","Gloucester",,,9430,1550,16,4700,50,1535,16,585,6,245,3,610,6,205,2,0,0,4700,50,4730,50,1455,15,5040,53,2935,31
"K","South West","23","Gloucestershire","23UF","Stroud",,,6030,840,14,3115,52,775,13,445,7,195,3,430,7,230,4,0,0,2885,48,3145,52,755,13,3030,50,2240,37
"K","South West","23","Gloucestershire","23UG","Tewkesbury",,,4100,620,15,1870,46,590,14,350,9,130,3,355,9,185,5,0,0,1930,47,2170,53,525,13,2060,50,1515,37
"K","South West","40","Somerset","40UB","Mendip",,,6695,775,12,3605,54,875,13,505,8,180,3,555,8,200,3,0,0,3180,47,3515,53,780,12,3550,53,2365,35
"K","South West","40","Somerset","40UC","Sedgemoor",,,8165,935,11,4515,55,1005,12,650,8,235,3,630,8,195,2,0,0,4050,50,4115,50,1050,13,3945,48,3170,39
"K","South West","40","Somerset","40UD","South Somerset",,,8965,1030,11,4840,54,975,11,795,9,250,3,770,9,305,3,0,0,4395,49,4570,51,1160,13,4335,48,3465,39
"K","South West","40","Somerset","40UE","Taunton Deane",,,7135,765,11,4015,56,920,13,505,7,215,3,505,7,210,3,0,0,3490,49,3645,51,980,14,3580,50,2575,36
"K","South West","40","Somerset","40UF","West Somerset",,,2585,275,11,1465,57,310,12,205,8,110,4,165,6,55,2,0,0,1335,52,1250,48,275,11,1175,45,1135,44
"K","South West","46","Wiltshire","46UB","Kennet",,,3590,375,10,1825,51,525,15,305,8,120,3,280,8,160,4,0,0,1595,44,1995,56,420,12,1905,53,1265,35
"K","South West","46","Wiltshire","46UC","North Wiltshire",,,6375,790,12,3165,50,855,13,560,9,195,3,550,9,260,4,0,0,2885,45,3490,55,825,13,3270,51,2275,36
"K","South West","46","Wiltshire","46UD","Salisbury",,,5755,590,10,3220,56,725,13,375,7,175,3,445,8,225,4,0,0,2705,47,3050,53,700,12,3000,52,2055,36
"K","South West","46","Wiltshire","46UF","West Wiltshire",,,7265,920,13,3790,52,1010,14,565,8,230,3,500,7,250,3,0,0,3410,47,3855,53,1030,14,3765,52,2470,34
,,,,"00NA","Isle of Anglesey",,,7490,1350,18,3940,53,820,11,605,8,160,2,510,7,105,1,0,0,4035,54,3455,46,860,11,3475,46,3155,42
,,,,"00NC","Gwynedd",,,10735,1590,15,5920,55,1135,11,830,8,325,3,655,6,280,3,0,0,5810,54,4925,46,1245,12,4905,46,4585,43
,,,,"00NE","Conwy",,,10930,1390,13,6275,57,1115,10,850,8,310,3,705,6,285,3,0,0,5725,52,5205,48,1300,12,5015,46,4615,42
,,,,"00NG","Denbighshire",,,10080,1240,12,5925,59,1055,10,790,8,245,2,625,6,200,2,0,0,5195,52,4885,48,1195,12,4695,47,4190,42
,,,,"00NJ","Flintshire",,,13250,1755,13,7185,54,1560,12,1130,9,295,2,995,8,330,2,0,0,6280,47,6970,53,1595,12,6275,47,5380,41
,,,,"00NL","Wrexham",,,13455,1505,11,7820,58,1480,11,1205,9,255,2,910,7,280,2,0,0,6685,50,6770,50,1785,13,6295,47,5375,40
,,,,"00NN","Powys",,,10165,1355,13,5680,56,965,9,850,8,260,3,750,7,305,3,0,0,5085,50,5080,50,1135,11,4465,44,4560,45
,,,,"00NQ","Ceredigion",,,6385,665,10,3950,62,585,9,475,7,140,2,440,7,130,2,0,0,3335,52,3050,48,675,11,2965,46,2745,43
,,,,"00NS","Pembrokeshire",,,11590,1100,9,6720,58,1350,12,1060,9,320,3,790,7,250,2,0,0,5655,49,5935,51,1340,12,5380,46,4870,42
,,,,"00NU","Carmarthenshire",,,21310,2185,10,13600,64,1795,8,1640,8,440,2,1250,6,400,2,0,0,10670,50,10640,50,2315,11,9545,45,9450,44
,,,,"00NX","Swansea",,,28035,3440,12,16575,59,3380,12,1885,7,640,2,1675,6,440,2,0,0,14035,50,14000,50,3595,13,13850,49,10590,38
,,,,"00NZ","Neath Port Talbot",,,21540,2190,10,13250,62,2225,10,1775,8,480,2,1340,6,280,1,0,0,10490,49,11050,51,2620,12,10260,48,8660,40
,,,,"00PB","Bridgend",,,17555,1950,11,10630,61,1910,11,1230,7,360,2,1185,7,290,2,0,0,8565,49,8990,51,2220,13,8425,48,6910,39
,,,,"00PD","The Vale of Glamorgan",,,11250,1600,14,6025,54,1470,13,785,7,285,3,800,7,285,3,0,0,5510,49,5740,51,1580,14,5435,48,4235,38
,,,,"00PF","Rhondda, Cynon, Taff",,,35360,3760,11,22325,63,4050,11,2170,6,665,2,1940,5,450,1,0,0,17440,49,17920,51,4755,13,16720,47,13885,39
,,,,"00PH","Merthyr Tydfil",,,10025,1140,11,6315,63,1245,12,540,5,160,2,530,5,95,1,0,0,4940,49,5085,51,1280,13,4710,47,4035,40
,,,,"00PK","Caerphilly",,,25860,2990,12,16015,62,2810,11,1795,7,350,1,1520,6,380,1,0,0,12920,50,12940,50,3310,13,12065,47,10485,41
,,,,"00PL","Blaenau Gwent",,,12000,1730,14,7330,61,1245,10,740,6,185,2,615,5,155,1,0,0,6265,52,5735,48,1645,14,5620,47,4735,39
,,,,"00PM","Torfaen",,,11480,1325,12,6565,57,1450,13,925,8,220,2,770,7,225,2,0,0,5660,49,5820,51,1545,13,5395,47,4540,40
,,,,"00PP","Monmouthshire",,,6560,795,12,3660,56,625,10,605,9,165,3,520,8,190,3,0,0,3255,50,3305,50,780,12,3040,46,2740,42
,,,,"00PR","Newport",,,16310,2525,15,8435,52,2580,16,1145,7,390,2,955,6,280,2,0,0,8050,49,8260,51,2345,14,8395,51,5565,34
,,,,"00PT","Cardiff",,,33820,5015,15,18120,54,5195,15,2090,6,800,2,2035,6,565,2,0,0,16850,50,16970,50,4970,15,17950,53,10900,32
,,,,"100","Aberdeen City",,,17735,2015,11,11075,62,2090,12,805,5,310,2,950,5,490,3,0,0,9045,51,8690,49,2255,13,9545,54,5935,33
,,,,"110","Aberdeenshire",,,14100,1300,9,8350,59,1310,9,1140,8,270,2,1090,8,640,5,0,0,6565,47,7535,53,1580,11,6840,49,5680,40
,,,,"120","Angus",,,9350,1770,19,4680,50,1035,11,690,7,260,3,595,6,320,3,0,0,4585,49,4765,51,1355,14,4485,48,3510,38
,,,,"130","Argyll & Bute",,,7310,1210,17,3885,53,695,10,510,7,260,4,480,7,270,4,0,0,3710,51,3600,49,755,10,3320,45,3230,44
,,,,"150","Clackmannanshire",,,6145,920,15,3535,58,740,12,395,6,150,2,275,4,130,2,0,0,2890,47,3255,53,845,14,3115,51,2185,36
,,,,"170","Dumfries & Galloway",,,14050,2160,15,7480,53,1390,10,1275,9,455,3,895,6,395,3,0,0,7205,51,6845,49,1755,12,6475,46,5820,41
,,,,"180","Dundee City",,,19620,3860,20,10640,54,2515,13,990,5,530,3,770,4,315,2,0,0,10175,52,9445,48,3145,16,10230,52,6245,32
,,,,"190","East Ayrshire",,,15320,2795,18,7915,52,1965,13,1195,8,470,3,655,4,325,2,0,0,7760,51,7560,49,2160,14,7600,50,5560,36
,,,,"200","East Dunbartonshire",,,7175,1105,15,3940,55,655,9,480,7,160,2,535,7,300,4,0,0,3435,48,3740,52,835,12,3470,48,2870,40
,,,,"210","East Lothian",,,7260,725,10,4310,59,825,11,540,7,170,2,505,7,185,3,0,0,3545,49,3715,51,920,13,3510,48,2830,39
,,,,"220","East Renfrewshire",,,5850,745,13,3335,57,565,10,430,7,100,2,440,8,235,4,0,0,2760,47,3090,53,610,10,2920,50,2320,40
,,,,"230","Edinburgh, City of",,,39835,6745,17,21985,55,5170,13,2045,5,905,2,2135,5,850,2,0,0,20765,52,19070,48,5350,13,22240,56,12245,31
,,,,"235","Eilean Siar",,,2450,470,19,1280,52,170,7,185,8,105,4,125,5,115,5,0,0,1440,59,1010,41,210,9,1045,43,1195,49
,,,,"240","Falkirk",,,15695,2395,15,8825,56,1745,11,1060,7,375,2,910,6,385,2,0,0,7620,49,8075,51,1890,12,7745,49,6060,39
,,,,"250","Fife",,,37415,7080,19,19845,53,4425,12,2445,7,815,2,1955,5,850,2,0,0,18800,50,18615,50,5130,14,18755,50,13530,36
,,,,"260","Glasgow City",,,100260,15700,16,57825,58,13950,14,5160,5,2670,3,3810,4,1145,1,0,0,52420,52,47840,48,12205,12,56240,56,31815,32
,,,,"270","Highland",,,18465,2380,13,10205,55,1995,11,1485,8,550,3,1215,7,635,3,0,0,9315,50,9150,50,2135,12,8900,48,7430,40
,,,,"280","Inverclyde",,,12345,2300,19,6870,56,1485,12,645,5,305,2,485,4,255,2,0,0,6795,55,5550,45,1665,13,6245,51,4435,36
,,,,"290","Midlothian",,,7565,995,13,4195,55,895,12,560,7,155,2,585,8,180,2,0,0,3635,48,3930,52,1010,13,3675,49,2880,38
,,,,"300","Moray",,,6565,1065,16,3445,52,665,10,550,8,185,3,430,7,225,3,0,0,3155,48,3410,52,870,13,3065,47,2630,40
,,,,"310","North Ayrshire",,,17930,3650,20,9065,51,2330,13,1175,7,505,3,800,4,405,2,0,0,9005,50,8925,50,2590,14,8850,49,6490,36
,,,,"320","North Lanarkshire",,,43800,5930,14,25740,59,5205,12,2735,6,1090,2,2230,5,870,2,0,0,21260,49,22540,51,5170,12,22285,51,16345,37
,,,,"330","Orkney Islands",,,1230,130,11,680,55,95,8,120,10,45,4,100,8,60,5,0,0,660,54,570,46,115,9,495,40,620,50
,,,,"340","Perth & Kinross",,,9815,1500,15,5255,54,1030,10,745,8,260,3,705,7,320,3,0,0,4890,50,4925,50,1215,12,4765,49,3835,39
,,,,"350","Renfrewshire",,,20010,2930,15,11305,56,2525,13,1060,5,485,2,1200,6,505,3,0,0,10085,50,9925,50,2580,13,10235,51,7195,36
,,,,"355","Scottish Borders",,,7840,1085,14,4420,56,705,9,575,7,250,3,540,7,265,3,0,0,3960,51,3880,49,945,12,3825,49,3070,39
,,,,"360","Shetland Islands",,,1390,200,14,750,54,145,10,65,5,55,4,105,8,70,5,0,0,725,52,665,48,150,11,675,49,565,41
,,,,"370","South Ayrshire",,,11645,2075,18,6145,53,1240,11,880,8,400,3,585,5,320,3,0,0,6020,52,5625,48,1505,13,5605,48,4530,39
,,,,"380","South Lanarkshire",,,34345,4495,13,20320,59,3690,11,2335,7,835,2,1835,5,835,2,0,0,16875,49,17470,51,3975,12,17040,50,13330,39
,,,,"390","Stirling",,,7110,1010,14,4005,56,775,11,475,7,180,3,450,6,215,3,0,0,3460,49,3650,51,825,12,3615,51,2670,38
,,,,"395","West Dunbartonshire",,,13260,2330,18,7005,53,1815,14,780,6,350,3,700,5,280,2,0,0,6835,52,6425,48,1750,13,6830,52,4680,35
,,,,"400","West Lothian",,,17420,2540,15,9610,55,2195,13,1120,6,330,2,1180,7,445,3,0,0,8200,47,9220,53,2465,14,8960,51,5990,34