DATASET_TITLE,Housing Stock (UV53),,,,,,,,FROM,Apr-2001,Apr-2001,Apr-2001,Apr-2001,Apr-2001
AREA_TYPE,Super Output Area Middle Layer,,,,,,,,TO,Apr-2001,Apr-2001,Apr-2001,Apr-2001,Apr-2001
GEO_HIERARCHY,NeSS Geography Hierarchy,,,,,,,,HEADING,All Household Spaces,Occupied Household Spaces,Unoccupied Household Spaces,Unoccupied Household Spaces: Second residence / holiday accommodation,Unoccupied Household Spaces: Vacant household space
,,,,,,,,,MEASUREMENT_UNIT,Count,Count,Count,Count,Count
,,,,,,,,,STATISTICAL_UNIT,Households,Households,Households,Households,Households
GOR_CODE,GOR_NAME,CTY_CODE,CTY_NAME,LA_CODE,LA_NAME,MSOA_CODE,MSOA_NAME,AREA_METADATA,,DATA_VALUE,DATA_VALUE,DATA_VALUE,DATA_VALUE,DATA_VALUE
"G","East of England",,,"00JA","Peterborough","E02003237","Peterborough 001",,,2558,2509,49,3,46
"G","East of England",,,"00JA","Peterborough","E02003238","Peterborough 002",,,2483,2442,41,4,37
"G","East of England",,,"00JA","Peterborough","E02003239","Peterborough 003",,,3139,3080,59,6,53
"G","East of England",,,"00JA","Peterborough","E02003240","Peterborough 004",,,2454,2072,382,11,371
"G","East of England",,,"00JA","Peterborough","E02003241","Peterborough 005",,,2338,2252,86,5,81
"G","East of England",,,"00JA","Peterborough","E02003242","Peterborough 006",,,3499,3419,80,7,73
"G","East of England",,,"00JA","Peterborough","E02003243","Peterborough 007",,,3976,3864,112,4,108
"G","East of England",,,"00JA","Peterborough","E02003244","Peterborough 008",,,3588,3531,57,3,54
"G","East of England",,,"00JA","Peterborough","E02003245","Peterborough 009",,,3055,2932,123,3,120
"G","East of England",,,"00JA","Peterborough","E02003246","Peterborough 010",,,3062,2909,153,9,144
"G","East of England",,,"00JA","Peterborough","E02003247","Peterborough 011",,,3436,3351,85,9,76
"G","East of England",,,"00JA","Peterborough","E02003248","Peterborough 012",,,3261,3063,198,8,190
"G","East of England",,,"00JA","Peterborough","E02003249","Peterborough 013",,,3932,3735,197,8,189
"G","East of England",,,"00JA","Peterborough","E02003250","Peterborough 014",,,3618,3197,421,26,395
"G","East of England",,,"00JA","Peterborough","E02003251","Peterborough 015",,,2980,2892,88,11,77
"G","East of England",,,"00JA","Peterborough","E02003252","Peterborough 016",,,3315,3109,206,22,184
"G","East of England",,,"00JA","Peterborough","E02003253","Peterborough 017",,,3610,3442,168,19,149
"G","East of England",,,"00JA","Peterborough","E02003254","Peterborough 018",,,3653,3544,109,11,98
"G","East of England",,,"00JA","Peterborough","E02003255","Peterborough 019",,,3794,3718,76,5,71
"G","East of England",,,"00JA","Peterborough","E02003256","Peterborough 020",,,2809,2722,87,7,80
"G","East of England",,,"00JA","Peterborough","E02003257","Peterborough 021",,,3884,3597,287,6,281
"G","East of England",,,"00KA","Luton","E02003258","Luton 001",,,3549,3511,38,3,35
"G","East of England",,,"00KA","Luton","E02003259","Luton 002",,,2419,2386,33,3,30
"G","East of England",,,"00KA","Luton","E02003260","Luton 003",,,3228,3189,39,0,39
"G","East of England",,,"00KA","Luton","E02003261","Luton 004",,,2508,2472,36,0,36
"G","East of England",,,"00KA","Luton","E02003262","Luton 005",,,3898,3825,73,4,69
"G","East of England",,,"00KA","Luton","E02003263","Luton 006",,,4282,4195,87,6,81
"G","East of England",,,"00KA","Luton","E02003264","Luton 007",,,3190,3167,23,0,23
"G","East of England",,,"00KA","Luton","E02003265","Luton 008",,,3499,3471,28,3,25
"G","East of England",,,"00KA","Luton","E02003266","Luton 009",,,3659,3621,38,0,38
"G","East of England",,,"00KA","Luton","E02003267","Luton 010",,,3247,3176,71,5,66
"G","East of England",,,"00KA","Luton","E02003268","Luton 011",,,3201,3124,77,3,74
"G","East of England",,,"00KA","Luton","E02003269","Luton 012",,,3952,3861,91,14,77
"G","East of England",,,"00KA","Luton","E02003270","Luton 013",,,3266,3166,100,8,92
"G","East of England",,,"00KA","Luton","E02003271","Luton 014",,,3993,3962,31,3,28
"G","East of England",,,"00KA","Luton","E02003272","Luton 015",,,2489,2445,44,3,41
"G","East of England",,,"00KA","Luton","E02003273","Luton 016",,,3844,3807,37,3,34
"G","East of England",,,"00KA","Luton","E02003274","Luton 017",,,3178,3098,80,7,73
"G","East of England",,,"00KA","Luton","E02003275","Luton 018",,,4636,4361,275,18,257
"G","East of England",,,"00KA","Luton","E02003276","Luton 019",,,2321,2243,78,0,78
"G","East of England",,,"00KA","Luton","E02003277","Luton 020",,,3676,3624,52,0,52
"G","East of England",,,"00KA","Luton","E02003278","Luton 021",,,4234,4051,183,11,172
"G","East of England",,,"00KF","Southend-on-Sea","E02003279","Southend-on-Sea 001",,,4025,3941,84,3,81
"G","East of England",,,"00KF","Southend-on-Sea","E02003280","Southend-on-Sea 002",,,4342,4243,99,5,94
"G","East of England",,,"00KF","Southend-on-Sea","E02003281","Southend-on-Sea 003",,,4252,4108,144,3,141
"G","East of England",,,"00KF","Southend-on-Sea","E02003282","Southend-on-Sea 004",,,4274,4147,127,5,122
"G","East of England",,,"00KF","Southend-on-Sea","E02003283","Southend-on-Sea 005",,,4320,4195,125,5,120
"G","East of England",,,"00KF","Southend-on-Sea","E02003284","Southend-on-Sea 006",,,4577,4483,94,0,94
"G","East of England",,,"00KF","Southend-on-Sea","E02003285","Southend-on-Sea 007",,,4524,4327,197,4,193
"G","East of England",,,"00KF","Southend-on-Sea","E02003286","Southend-on-Sea 008",,,3816,3709,107,7,100
"G","East of England",,,"00KF","Southend-on-Sea","E02003287","Southend-on-Sea 009",,,4058,3954,104,10,94
"G","East of England",,,"00KF","Southend-on-Sea","E02003288","Southend-on-Sea 010",,,4749,4511,238,7,231
"G","East of England",,,"00KF","Southend-on-Sea","E02003289","Southend-on-Sea 011",,,4691,4460,231,24,207
"G","East of England",,,"00KF","Southend-on-Sea","E02003290","Southend-on-Sea 012",,,4438,4065,373,28,345
"G","East of England",,,"00KF","Southend-on-Sea","E02003291","Southend-on-Sea 013",,,4397,4286,111,10,101
"G","East of England",,,"00KF","Southend-on-Sea","E02003292","Southend-on-Sea 014",,,4588,4215,373,16,357
"G","East of England",,,"00KF","Southend-on-Sea","E02003293","Southend-on-Sea 015",,,5325,4616,709,50,659
"G","East of England",,,"00KF","Southend-on-Sea","E02003294","Southend-on-Sea 016",,,3930,3825,105,18,87
"G","East of England",,,"00KF","Southend-on-Sea","E02003295","Southend-on-Sea 017",,,4005,3893,112,11,101
"G","East of England",,,"00KG","Thurrock","E02003296","Thurrock 001",,,2801,2766,35,3,32
"G","East of England",,,"00KG","Thurrock","E02003297","Thurrock 002",,,3010,2981,29,0,29
"G","East of England",,,"00KG","Thurrock","E02003298","Thurrock 003",,,2957,2925,32,0,32
"G","East of England",,,"00KG","Thurrock","E02003299","Thurrock 004",,,2204,2180,24,0,24
"G","East of England",,,"00KG","Thurrock","E02003300","Thurrock 005",,,3211,3156,55,8,47
"G","East of England",,,"00KG","Thurrock","E02003301","Thurrock 006",,,3696,3671,25,7,18
"G","East of England",,,"00KG","Thurrock","E02003302","Thurrock 007",,,3990,3963,27,0,27
"G","East of England",,,"00KG","Thurrock","E02003303","Thurrock 008",,,3109,3069,40,9,31
"G","East of England",,,"00KG","Thurrock","E02003304","Thurrock 009",,,3738,3688,50,3,47
"G","East of England",,,"00KG","Thurrock","E02003305","Thurrock 010",,,2457,2431,26,4,22
"G","East of England",,,"00KG","Thurrock","E02003306","Thurrock 011",,,3479,3442,37,5,32
"G","East of England",,,"00KG","Thurrock","E02003307","Thurrock 012",,,3981,3936,45,3,42
"G","East of England",,,"00KG","Thurrock","E02003308","Thurrock 013",,,2406,2360,46,5,41
"G","East of England",,,"00KG","Thurrock","E02003309","Thurrock 014",,,3126,3073,53,0,53
"G","East of England",,,"00KG","Thurrock","E02003310","Thurrock 015",,,3912,3846,66,7,59
"G","East of England",,,"00KG","Thurrock","E02003311","Thurrock 016",,,3374,3279,95,7,88
"G","East of England",,,"00KG","Thurrock","E02003312","Thurrock 017",,,3153,3025,128,9,119
"G","East of England",,,"00KG","Thurrock","E02003313","Thurrock 018",,,4810,4694,116,7,109
"G","East of England","09","Bedfordshire","09UC","Mid Bedfordshire","E02003599","Mid Bedfordshire 001",,,2105,2065,40,3,37
"G","East of England","09","Bedfordshire","09UC","Mid Bedfordshire","E02003600","Mid Bedfordshire 002",,,2373,2319,54,0,54
"G","East of England","09","Bedfordshire","09UC","Mid Bedfordshire","E02003601","Mid Bedfordshire 003",,,2878,2797,81,7,74
"G","East of England","09","Bedfordshire","09UC","Mid Bedfordshire","E02003602","Mid Bedfordshire 004",,,2422,2329,93,8,85
"G","East of England","09","Bedfordshire","09UC","Mid Bedfordshire","E02003603","Mid Bedfordshire 005",,,3851,3755,96,0,96
"G","East of England","09","Bedfordshire","09UC","Mid Bedfordshire","E02003604","Mid Bedfordshire 006",,,2620,2572,48,3,45
"G","East of England","09","Bedfordshire","09UC","Mid Bedfordshire","E02003605","Mid Bedfordshire 007",,,3102,3000,102,16,86
"G","East of England","09","Bedfordshire","09UC","Mid Bedfordshire","E02003606","Mid Bedfordshire 008",,,2923,2852,71,5,66
"G","East of England","09","Bedfordshire","09UC","Mid Bedfordshire","E02003607","Mid Bedfordshire 009",,,3142,3046,96,11,85
"G","East of England","09","Bedfordshire","09UC","Mid Bedfordshire","E02003608","Mid Bedfordshire 010",,,4071,3934,137,4,133
"G","East of England","09","Bedfordshire","09UC","Mid Bedfordshire","E02003609","Mid Bedfordshire 011",,,3549,3460,89,8,81
"G","East of England","09","Bedfordshire","09UC","Mid Bedfordshire","E02003610","Mid Bedfordshire 012",,,2940,2843,97,7,90
"G","East of England","09","Bedfordshire","09UC","Mid Bedfordshire","E02003611","Mid Bedfordshire 013",,,3039,2851,188,5,183
"G","East of England","09","Bedfordshire","09UC","Mid Bedfordshire","E02003612","Mid Bedfordshire 014",,,2652,2577,75,8,67
"G","East of England","09","Bedfordshire","09UC","Mid Bedfordshire","E02003613","Mid Bedfordshire 015",,,2195,2149,46,3,43
"G","East of England","09","Bedfordshire","09UC","Mid Bedfordshire","E02003614","Mid Bedfordshire 016",,,2987,2932,55,5,50
"G","East of England","09","Bedfordshire","09UC","Mid Bedfordshire","E02003615","Mid Bedfordshire 017",,,3221,3119,102,11,91
"G","East of England","09","Bedfordshire","09UD","Bedford","E02003616","Bedford 001",,,2203,2107,96,16,80
"G","East of England","09","Bedfordshire","09UD","Bedford","E02003617","Bedford 002",,,3516,3402,114,16,98
"G","East of England","09","Bedfordshire","09UD","Bedford","E02003618","Bedford 003",,,3231,3153,78,7,71
"G","East of England","09","Bedfordshire","09UD","Bedford","E02003619","Bedford 004",,,3338,3256,82,5,77
"G","East of England","09","Bedfordshire","09UD","Bedford","E02003620","Bedford 005",,,3561,3517,44,3,41
"G","East of England","09","Bedfordshire","09UD","Bedford","E02003621","Bedford 006",,,3378,3345,33,0,33
"G","East of England","09","Bedfordshire","09UD","Bedford","E02003622","Bedford 007",,,3690,3625,65,5,60
"G","East of England","09","Bedfordshire","09UD","Bedford","E02003623","Bedford 008",,,2999,2927,72,6,66
"G","East of England","09","Bedfordshire","09UD","Bedford","E02003624","Bedford 009",,,2331,2231,100,10,90
"G","East of England","09","Bedfordshire","09UD","Bedford","E02003625","Bedford 010",,,4028,3828,200,17,183
"G","East of England","09","Bedfordshire","09UD","Bedford","E02003626","Bedford 011",,,2290,2240,50,0,50
"G","East of England","09","Bedfordshire","09UD","Bedford","E02003627","Bedford 012",,,4089,3848,241,30,211
"G","East of England","09","Bedfordshire","09UD","Bedford","E02003628","Bedford 013",,,2615,2502,113,3,110
"G","East of England","09","Bedfordshire","09UD","Bedford","E02003629","Bedford 014",,,4042,3923,119,9,110
"G","East of England","09","Bedfordshire","09UD","Bedford","E02003630","Bedford 015",,,3350,3203,147,7,140
"G","East of England","09","Bedfordshire","09UD","Bedford","E02003631","Bedford 016",,,2221,2174,47,3,44
"G","East of England","09","Bedfordshire","09UD","Bedford","E02003632","Bedford 017",,,2459,2409,50,5,45
"G","East of England","09","Bedfordshire","09UD","Bedford","E02003633","Bedford 018",,,2969,2897,72,0,72
"G","East of England","09","Bedfordshire","09UD","Bedford","E02003634","Bedford 019",,,2925,2853,72,3,69
"G","East of England","09","Bedfordshire","09UD","Bedford","E02003635","Bedford 020",,,2206,2157,49,3,46
"G","East of England","09","Bedfordshire","09UE","South Bedfordshire","E02003636","South Bedfordshire 001",,,2921,2861,60,8,52
"G","East of England","09","Bedfordshire","09UE","South Bedfordshire","E02003637","South Bedfordshire 002",,,3826,3724,102,7,95
"G","East of England","09","Bedfordshire","09UE","South Bedfordshire","E02003638","South Bedfordshire 003",,,2944,2900,44,3,41
"G","East of England","09","Bedfordshire","09UE","South Bedfordshire","E02003639","South Bedfordshire 004",,,3557,3463,94,6,88
"G","East of England","09","Bedfordshire","09UE","South Bedfordshire","E02003640","South Bedfordshire 005",,,2450,2380,70,10,60
"G","East of England","09","Bedfordshire","09UE","South Bedfordshire","E02003641","South Bedfordshire 006",,,2248,2215,33,3,30
"G","East of England","09","Bedfordshire","09UE","South Bedfordshire","E02003642","South Bedfordshire 007",,,3444,3394,50,0,50
"G","East of England","09","Bedfordshire","09UE","South Bedfordshire","E02003643","South Bedfordshire 008",,,2337,2271,66,4,62
"G","East of England","09","Bedfordshire","09UE","South Bedfordshire","E02003644","South Bedfordshire 009",,,3331,3290,41,0,41
"G","East of England","09","Bedfordshire","09UE","South Bedfordshire","E02003645","South Bedfordshire 010",,,2447,2398,49,3,46
"G","East of England","09","Bedfordshire","09UE","South Bedfordshire","E02003646","South Bedfordshire 011",,,3326,3267,59,4,55
"G","East of England","09","Bedfordshire","09UE","South Bedfordshire","E02003647","South Bedfordshire 012",,,3474,3336,138,9,129
"G","East of England","09","Bedfordshire","09UE","South Bedfordshire","E02003648","South Bedfordshire 013",,,2188,2129,59,3,56
"G","East of England","09","Bedfordshire","09UE","South Bedfordshire","E02003649","South Bedfordshire 014",,,2707,2617,90,5,85
"G","East of England","09","Bedfordshire","09UE","South Bedfordshire","E02003650","South Bedfordshire 015",,,2981,2873,108,27,81
"G","East of England","09","Bedfordshire","09UE","South Bedfordshire","E02003651","South Bedfordshire 016",,,2725,2547,178,6,172
"G","East of England","12","Cambridgeshire","12UB","Cambridge","E02003719","Cambridge 001",,,3731,3656,75,6,69
"G","East of England","12","Cambridgeshire","12UB","Cambridge","E02003720","Cambridge 002",,,4016,3909,107,14,93
"G","East of England","12","Cambridgeshire","12UB","Cambridge","E02003721","Cambridge 003",,,3359,3240,119,10,109
"G","East of England","12","Cambridgeshire","12UB","Cambridge","E02003722","Cambridge 004",,,3790,3640,150,50,100
"G","East of England","12","Cambridgeshire","12UB","Cambridge","E02003723","Cambridge 005",,,2231,2143,88,24,64
"G","East of England","12","Cambridgeshire","12UB","Cambridge","E02003724","Cambridge 006",,,3758,3651,107,14,93
"G","East of England","12","Cambridgeshire","12UB","Cambridge","E02003725","Cambridge 007",,,3716,3539,177,38,139
"G","East of England","12","Cambridgeshire","12UB","Cambridge","E02003726","Cambridge 008",,,3160,3007,153,31,122
"G","East of England","12","Cambridgeshire","12UB","Cambridge","E02003727","Cambridge 009",,,3541,3449,92,9,83
"G","East of England","12","Cambridgeshire","12UB","Cambridge","E02003728","Cambridge 010",,,3306,3230,76,5,71
"G","East of England","12","Cambridgeshire","12UB","Cambridge","E02003729","Cambridge 011",,,3601,3546,55,5,50
"G","East of England","12","Cambridgeshire","12UB","Cambridge","E02003730","Cambridge 012",,,2879,2789,90,16,74
"G","East of England","12","Cambridgeshire","12UB","Cambridge","E02003731","Cambridge 013",,,2936,2859,77,9,68
"G","East of England","12","Cambridgeshire","12UC","East Cambridgeshire","E02003732","East Cambridgeshire 001",,,3132,3014,118,7,111
"G","East of England","12","Cambridgeshire","12UC","East Cambridgeshire","E02003733","East Cambridgeshire 002",,,2998,2923,75,6,69
"G","East of England","12","Cambridgeshire","12UC","East Cambridgeshire","E02003734","East Cambridgeshire 003",,,3925,3825,100,6,94
"G","East of England","12","Cambridgeshire","12UC","East Cambridgeshire","E02003735","East Cambridgeshire 004",,,2727,2626,101,13,88
"G","East of England","12","Cambridgeshire","12UC","East Cambridgeshire","E02003736","East Cambridgeshire 005",,,3752,3700,52,4,48
"G","East of England","12","Cambridgeshire","12UC","East Cambridgeshire","E02003737","East Cambridgeshire 006",,,4110,4044,66,0,66
"G","East of England","12","Cambridgeshire","12UC","East Cambridgeshire","E02003738","East Cambridgeshire 007",,,2510,2431,79,9,70
"G","East of England","12","Cambridgeshire","12UC","East Cambridgeshire","E02003739","East Cambridgeshire 008",,,2430,2386,44,5,39
"G","East of England","12","Cambridgeshire","12UC","East Cambridgeshire","E02003740","East Cambridgeshire 009",,,2346,2301,45,4,41
"G","East of England","12","Cambridgeshire","12UC","East Cambridgeshire","E02003741","East Cambridgeshire 010",,,2653,2530,123,22,101
"G","East of England","12","Cambridgeshire","12UD","Fenland","E02003742","Fenland 001",,,2499,2427,72,14,58
"G","East of England","12","Cambridgeshire","12UD","Fenland","E02003743","Fenland 002",,,3928,3808,120,0,120
"G","East of England","12","Cambridgeshire","12UD","Fenland","E02003744","Fenland 003",,,5212,4940,272,13,259
"G","East of England","12","Cambridgeshire","12UD","Fenland","E02003745","Fenland 004",,,3395,3290,105,26,79
"G","East of England","12","Cambridgeshire","12UD","Fenland","E02003746","Fenland 005",,,2539,2467,72,10,62
"G","East of England","12","Cambridgeshire","12UD","Fenland","E02003747","Fenland 006",,,4604,4484,120,4,116
"G","East of England","12","Cambridgeshire","12UD","Fenland","E02003748","Fenland 007",,,3071,2976,95,4,91
"G","East of England","12","Cambridgeshire","12UD","Fenland","E02003749","Fenland 008",,,2311,2234,77,3,74
"G","East of England","12","Cambridgeshire","12UD","Fenland","E02003750","Fenland 009",,,2675,2595,80,11,69
"G","East of England","12","Cambridgeshire","12UD","Fenland","E02003751","Fenland 010",,,2219,2163,56,10,46
"G","East of England","12","Cambridgeshire","12UD","Fenland","E02003752","Fenland 011",,,3917,3808,109,13,96
"G","East of England","12","Cambridgeshire","12UE","Huntingdonshire","E02003753","Huntingdonshire 001",,,3722,3610,112,0,112
"G","East of England","12","Cambridgeshire","12UE","Huntingdonshire","E02003754","Huntingdonshire 002",,,2381,2308,73,10,63
"G","East of England","12","Cambridgeshire","12UE","Huntingdonshire","E02003755","Huntingdonshire 003",,,3364,3289,75,4,71
"G","East of England","12","Cambridgeshire","12UE","Huntingdonshire","E02003756","Huntingdonshire 004",,,2767,2701,66,5,61
"G","East of England","12","Cambridgeshire","12UE","Huntingdonshire","E02003757","Huntingdonshire 005",,,2421,2385,36,3,33
"G","East of England","12","Cambridgeshire","12UE","Huntingdonshire","E02003758","Huntingdonshire 006",,,3731,3323,408,3,405
"G","East of England","12","Cambridgeshire","12UE","Huntingdonshire","E02003759","Huntingdonshire 007",,,2402,2350,52,8,44
"G","East of England","12","Cambridgeshire","12UE","Huntingdonshire","E02003760","Huntingdonshire 008",,,2798,2746,52,0,52
"G","East of England","12","Cambridgeshire","12UE","Huntingdonshire","E02003761","Huntingdonshire 009",,,2372,2311,61,5,56
"G","East of England","12","Cambridgeshire","12UE","Huntingdonshire","E02003762","Huntingdonshire 010",,,3644,3499,145,9,136
"G","East of England","12","Cambridgeshire","12UE","Huntingdonshire","E02003763","Huntingdonshire 011",,,4026,3962,64,5,59
"G","East of England","12","Cambridgeshire","12UE","Huntingdonshire","E02003764","Huntingdonshire 012",,,3421,3246,175,7,168
"G","East of England","12","Cambridgeshire","12UE","Huntingdonshire","E02003765","Huntingdonshire 013",,,2798,2701,97,18,79
"G","East of England","12","Cambridgeshire","12UE","Huntingdonshire","E02003766","Huntingdonshire 014",,,2643,2560,83,18,65
"G","East of England","12","Cambridgeshire","12UE","Huntingdonshire","E02003767","Huntingdonshire 015",,,2505,2433,72,13,59
"G","East of England","12","Cambridgeshire","12UE","Huntingdonshire","E02003768","Huntingdonshire 016",,,3709,3615,94,25,69
"G","East of England","12","Cambridgeshire","12UE","Huntingdonshire","E02003769","Huntingdonshire 017",,,2500,2414,86,32,54
"G","East of England","12","Cambridgeshire","12UE","Huntingdonshire","E02003770","Huntingdonshire 018",,,2386,2326,60,11,49
"G","East of England","12","Cambridgeshire","12UE","Huntingdonshire","E02003771","Huntingdonshire 019",,,2630,2554,76,4,72
"G","East of England","12","Cambridgeshire","12UE","Huntingdonshire","E02003772","Huntingdonshire 020",,,2829,2794,35,3,32
"G","East of England","12","Cambridgeshire","12UE","Huntingdonshire","E02003773","Huntingdonshire 021",,,3724,3634,90,8,82
"G","East of England","12","Cambridgeshire","12UE","Huntingdonshire","E02003774","Huntingdonshire 022",,,2350,2301,49,3,46
"G","East of England","12","Cambridgeshire","12UG","South Cambridgeshire","E02003775","South Cambridgeshire 001",,,2473,2419,54,3,51
"G","East of England","12","Cambridgeshire","12UG","South Cambridgeshire","E02003776","South Cambridgeshire 002",,,2531,2470,61,5,56
"G","East of England","12","Cambridgeshire","12UG","South Cambridgeshire","E02003777","South Cambridgeshire 003",,,2396,2251,145,6,139
"G","East of England","12","Cambridgeshire","12UG","South Cambridgeshire","E02003778","South Cambridgeshire 004",,,2195,2145,50,0,50
"G","East of England","12","Cambridgeshire","12UG","South Cambridgeshire","E02003779","South Cambridgeshire 005",,,2190,2160,30,4,26
"G","East of England","12","Cambridgeshire","12UG","South Cambridgeshire","E02003780","South Cambridgeshire 006",,,3424,3368,56,7,49
"G","East of England","12","Cambridgeshire","12UG","South Cambridgeshire","E02003781","South Cambridgeshire 007",,,2473,2403,70,13,57
"G","East of England","12","Cambridgeshire","12UG","South Cambridgeshire","E02003782","South Cambridgeshire 008",,,2842,2737,105,9,96
"G","East of England","12","Cambridgeshire","12UG","South Cambridgeshire","E02003783","South Cambridgeshire 009",,,2515,2450,65,11,54
"G","East of England","12","Cambridgeshire","12UG","South Cambridgeshire","E02003784","South Cambridgeshire 010",,,2950,2892,58,8,50
"G","East of England","12","Cambridgeshire","12UG","South Cambridgeshire","E02003785","South Cambridgeshire 011",,,3627,3537,90,11,79
"G","East of England","12","Cambridgeshire","12UG","South Cambridgeshire","E02003786","South Cambridgeshire 012",,,2557,2491,66,6,60
"G","East of England","12","Cambridgeshire","12UG","South Cambridgeshire","E02003787","South Cambridgeshire 013",,,2949,2856,93,12,81
"G","East of England","12","Cambridgeshire","12UG","South Cambridgeshire","E02003788","South Cambridgeshire 014",,,2539,2497,42,9,33
"G","East of England","12","Cambridgeshire","12UG","South Cambridgeshire","E02003789","South Cambridgeshire 015",,,2874,2815,59,0,59
"G","East of England","12","Cambridgeshire","12UG","South Cambridgeshire","E02003790","South Cambridgeshire 016",,,3731,3612,119,21,98
"G","East of England","12","Cambridgeshire","12UG","South Cambridgeshire","E02003791","South Cambridgeshire 017",,,3003,2942,61,19,42
"G","East of England","12","Cambridgeshire","12UG","South Cambridgeshire","E02003792","South Cambridgeshire 018",,,3543,3448,95,5,90
"G","East of England","12","Cambridgeshire","12UG","South Cambridgeshire","E02003793","South Cambridgeshire 019",,,2771,2688,83,6,77
"G","East of England","22","Essex","22UB","Basildon","E02004424","Basildon 001",,,2743,2698,45,3,42
"G","East of England","22","Essex","22UB","Basildon","E02004425","Basildon 002",,,3186,3112,74,5,69
"G","East of England","22","Essex","22UB","Basildon","E02004426","Basildon 003",,,3220,3156,64,3,61
"G","East of England","22","Essex","22UB","Basildon","E02004427","Basildon 004",,,3276,3240,36,6,30
"G","East of England","22","Essex","22UB","Basildon","E02004428","Basildon 005",,,2611,2560,51,3,48
"G","East of England","22","Essex","22UB","Basildon","E02004429","Basildon 006",,,3072,2999,73,4,69
"G","East of England","22","Essex","22UB","Basildon","E02004430","Basildon 007",,,3039,2995,44,0,44
"G","East of England","22","Essex","22UB","Basildon","E02004431","Basildon 008",,,3430,3360,70,3,67
"G","East of England","22","Essex","22UB","Basildon","E02004432","Basildon 009",,,2489,2403,86,4,82
"G","East of England","22","Essex","22UB","Basildon","E02004433","Basildon 010",,,3360,3267,93,7,86
"G","East of England","22","Essex","22UB","Basildon","E02004434","Basildon 011",,,3542,3452,90,4,86
"G","East of England","22","Essex","22UB","Basildon","E02004435","Basildon 012",,,3256,3223,33,3,30
"G","East of England","22","Essex","22UB","Basildon","E02004436","Basildon 013",,,3170,3080,90,0,90
"G","East of England","22","Essex","22UB","Basildon","E02004437","Basildon 014",,,3543,3471,72,6,66
"G","East of England","22","Essex","22UB","Basildon","E02004438","Basildon 015",,,3528,3409,119,4,115
"G","East of England","22","Essex","22UB","Basildon","E02004439","Basildon 016",,,3208,3121,87,3,84
"G","East of England","22","Essex","22UB","Basildon","E02004440","Basildon 017",,,3422,3335,87,5,82
"G","East of England","22","Essex","22UB","Basildon","E02004441","Basildon 018",,,3242,3160,82,5,77
"G","East of England","22","Essex","22UB","Basildon","E02004442","Basildon 019",,,3177,3124,53,3,50
"G","East of England","22","Essex","22UB","Basildon","E02004443","Basildon 020",,,3310,3220,90,6,84
"G","East of England","22","Essex","22UB","Basildon","E02004444","Basildon 021",,,3545,3443,102,6,96
"G","East of England","22","Essex","22UB","Basildon","E02004445","Basildon 022",,,3474,3379,95,4,91
"G","East of England","22","Essex","22UC","Braintree","E02004446","Braintree 001",,,2739,2657,82,15,67
"G","East of England","22","Essex","22UC","Braintree","E02004447","Braintree 002",,,2489,2395,94,40,54
"G","East of England","22","Essex","22UC","Braintree","E02004448","Braintree 003",,,2626,2537,89,19,70
"G","East of England","22","Essex","22UC","Braintree","E02004449","Braintree 004",,,3654,3524,130,5,125
"G","East of England","22","Essex","22UC","Braintree","E02004450","Braintree 005",,,2502,2412,90,18,72
"G","East of England","22","Essex","22UC","Braintree","E02004451","Braintree 006",,,3311,3223,88,14,74
"G","East of England","22","Essex","22UC","Braintree","E02004452","Braintree 007",,,3346,3248,98,8,90
"G","East of England","22","Essex","22UC","Braintree","E02004453","Braintree 008",,,2673,2626,47,0,47
"G","East of England","22","Essex","22UC","Braintree","E02004454","Braintree 009",,,3269,3123,146,11,135
"G","East of England","22","Essex","22UC","Braintree","E02004455","Braintree 010",,,2531,2471,60,4,56
"G","East of England","22","Essex","22UC","Braintree","E02004456","Braintree 011",,,3462,3399,63,4,59
"G","East of England","22","Essex","22UC","Braintree","E02004457","Braintree 012",,,3443,3344,99,6,93
"G","East of England","22","Essex","22UC","Braintree","E02004458","Braintree 013",,,3022,2874,148,3,145
"G","East of England","22","Essex","22UC","Braintree","E02004459","Braintree 014",,,4213,4088,125,10,115
"G","East of England","22","Essex","22UC","Braintree","E02004460","Braintree 015",,,3630,3587,43,3,40
"G","East of England","22","Essex","22UC","Braintree","E02004461","Braintree 016",,,2242,2211,31,3,28
"G","East of England","22","Essex","22UC","Braintree","E02004462","Braintree 017",,,3687,3596,91,7,84
"G","East of England","22","Essex","22UC","Braintree","E02004463","Braintree 018",,,3088,3017,71,8,63
"G","East of England","22","Essex","22UD","Brentwood","E02004464","Brentwood 001",,,3770,3661,109,8,101
"G","East of England","22","Essex","22UD","Brentwood","E02004465","Brentwood 002",,,2558,2484,74,11,63
"G","East of England","22","Essex","22UD","Brentwood","E02004466","Brentwood 003",,,3383,3282,101,8,93
"G","East of England","22","Essex","22UD","Brentwood","E02004467","Brentwood 004",,,3053,2985,68,7,61
"G","East of England","22","Essex","22UD","Brentwood","E02004468","Brentwood 005",,,4211,4070,141,22,119
"G","East of England","22","Essex","22UD","Brentwood","E02004469","Brentwood 006",,,2753,2658,95,5,90
"G","East of England","22","Essex","22UD","Brentwood","E02004470","Brentwood 007",,,4108,3892,216,19,197
"G","East of England","22","Essex","22UD","Brentwood","E02004471","Brentwood 008",,,3351,3238,113,10,103
"G","East of England","22","Essex","22UD","Brentwood","E02004472","Brentwood 009",,,2586,2497,89,8,81
"G","East of England","22","Essex","22UE","Castle Point","E02004473","Castle Point 001",,,3071,3036,35,3,32
"G","East of England","22","Essex","22UE","Castle Point","E02004474","Castle Point 002",,,2973,2926,47,5,42
"G","East of England","22","Essex","22UE","Castle Point","E02004475","Castle Point 003",,,2631,2590,41,0,41
"G","East of England","22","Essex","22UE","Castle Point","E02004476","Castle Point 004",,,3100,3059,41,0,41
"G","East of England","22","Essex","22UE","Castle Point","E02004477","Castle Point 005",,,2685,2654,31,0,31
"G","East of England","22","Essex","22UE","Castle Point","E02004478","Castle Point 006",,,2733,2660,73,3,70
"G","East of England","22","Essex","22UE","Castle Point","E02004479","Castle Point 007",,,3281,3235,46,3,43
"G","East of England","22","Essex","22UE","Castle Point","E02004480","Castle Point 008",,,2727,2698,29,0,29
"G","East of England","22","Essex","22UE","Castle Point","E02004481","Castle Point 009",,,2820,2770,50,6,44
"G","East of England","22","Essex","22UE","Castle Point","E02004482","Castle Point 010",,,3285,3226,59,4,55
"G","East of England","22","Essex","22UE","Castle Point","E02004483","Castle Point 011",,,3150,3107,43,0,43
"G","East of England","22","Essex","22UE","Castle Point","E02004484","Castle Point 012",,,3354,3318,36,3,33
"G","East of England","22","Essex","22UF","Chelmsford","E02004485","Chelmsford 001",,,2501,2469,32,0,32
"G","East of England","22","Essex","22UF","Chelmsford","E02004486","Chelmsford 002",,,3190,3108,82,5,77
"G","East of England","22","Essex","22UF","Chelmsford","E02004487","Chelmsford 003",,,2988,2925,63,6,57
"G","East of England","22","Essex","22UF","Chelmsford","E02004488","Chelmsford 004",,,3547,3501,46,0,46
"G","East of England","22","Essex","22UF","Chelmsford","E02004489","Chelmsford 005",,,2621,2552,69,0,69
"G","East of England","22","Essex","22UF","Chelmsford","E02004490","Chelmsford 006",,,3230,3147,83,0,83
"G","East of England","22","Essex","22UF","Chelmsford","E02004491","Chelmsford 007",,,3017,2981,36,0,36
"G","East of England","22","Essex","22UF","Chelmsford","E02004492","Chelmsford 008",,,3869,3782,87,8,79
"G","East of England","22","Essex","22UF","Chelmsford","E02004493","Chelmsford 009",,,3447,3376,71,3,68
"G","East of England","22","Essex","22UF","Chelmsford","E02004494","Chelmsford 010",,,3877,3665,212,20,192
"G","East of England","22","Essex","22UF","Chelmsford","E02004495","Chelmsford 011",,,3480,3414,66,5,61
"G","East of England","22","Essex","22UF","Chelmsford","E02004496","Chelmsford 012",,,2900,2821,79,0,79
"G","East of England","22","Essex","22UF","Chelmsford","E02004497","Chelmsford 013",,,3229,3149,80,3,77
"G","East of England","22","Essex","22UF","Chelmsford","E02004498","Chelmsford 014",,,3675,3604,71,0,71
"G","East of England","22","Essex","22UF","Chelmsford","E02004499","Chelmsford 015",,,2621,2597,24,3,21
"G","East of England","22","Essex","22UF","Chelmsford","E02004500","Chelmsford 016",,,3584,3500,84,8,76
"G","East of England","22","Essex","22UF","Chelmsford","E02004501","Chelmsford 017",,,3046,2998,48,0,48
"G","East of England","22","Essex","22UF","Chelmsford","E02004502","Chelmsford 018",,,2734,2658,76,9,67
"G","East of England","22","Essex","22UF","Chelmsford","E02004503","Chelmsford 019",,,3128,3082,46,5,41
"G","East of England","22","Essex","22UF","Chelmsford","E02004504","Chelmsford 020",,,3272,3230,42,3,39
"G","East of England","22","Essex","22UF","Chelmsford","E02004505","Chelmsford 021",,,2052,2005,47,16,31
"G","East of England","22","Essex","22UG","Colchester","E02004506","Colchester 001",,,2688,2616,72,15,57
"G","East of England","22","Essex","22UG","Colchester","E02004507","Colchester 002",,,3386,3327,59,0,59
"G","East of England","22","Essex","22UG","Colchester","E02004508","Colchester 003",,,2625,2565,60,5,55
"G","East of England","22","Essex","22UG","Colchester","E02004509","Colchester 004",,,2657,2536,121,7,114
"G","East of England","22","Essex","22UG","Colchester","E02004510","Colchester 005",,,2077,2048,29,5,24
"G","East of England","22","Essex","22UG","Colchester","E02004511","Colchester 006",,,3656,3606,50,5,45
"G","East of England","22","Essex","22UG","Colchester","E02004512","Colchester 007",,,3702,3547,155,7,148
"G","East of England","22","Essex","22UG","Colchester","E02004513","Colchester 008",,,3934,3859,75,4,71
"G","East of England","22","Essex","22UG","Colchester","E02004514","Colchester 009",,,2332,2261,71,10,61
"G","East of England","22","Essex","22UG","Colchester","E02004515","Colchester 010",,,2890,2824,66,7,59
"G","East of England","22","Essex","22UG","Colchester","E02004516","Colchester 011",,,3999,3845,154,13,141
"G","East of England","22","Essex","22UG","Colchester","E02004517","Colchester 012",,,3273,3196,77,5,72
"G","East of England","22","Essex","22UG","Colchester","E02004518","Colchester 013",,,2332,2257,75,8,67
"G","East of England","22","Essex","22UG","Colchester","E02004519","Colchester 014",,,3151,3126,25,3,22
"G","East of England","22","Essex","22UG","Colchester","E02004520","Colchester 015",,,3490,3237,253,3,250
"G","East of England","22","Essex","22UG","Colchester","E02004521","Colchester 016",,,3556,3465,91,13,78
"G","East of England","22","Essex","22UG","Colchester","E02004522","Colchester 017",,,3253,3155,98,20,78
"G","East of England","22","Essex","22UG","Colchester","E02004523","Colchester 018",,,3278,3217,61,3,58
"G","East of England","22","Essex","22UG","Colchester","E02004524","Colchester 019",,,2922,2854,68,16,52
"G","East of England","22","Essex","22UG","Colchester","E02004525","Colchester 020",,,3084,3040,44,4,40
"G","East of England","22","Essex","22UG","Colchester","E02004526","Colchester 021",,,3302,3125,177,88,89
"G","East of England","22","Essex","22UH","Epping Forest","E02004527","Epping Forest 001",,,3777,3634,143,18,125
"G","East of England","22","Essex","22UH","Epping Forest","E02004528","Epping Forest 002",,,3244,3203,41,4,37
"G","East of England","22","Essex","22UH","Epping Forest","E02004529","Epping Forest 003",,,2523,2461,62,8,54
"G","East of England","22","Essex","22UH","Epping Forest","E02004530","Epping Forest 004",,,2560,2494,66,3,63
"G","East of England","22","Essex","22UH","Epping Forest","E02004531","Epping Forest 005",,,2558,2515,43,3,40
"G","East of England","22","Essex","22UH","Epping Forest","E02004532","Epping Forest 006",,,2754,2663,91,11,80
"G","East of England","22","Essex","22UH","Epping Forest","E02004533","Epping Forest 007",,,3083,3033,50,3,47
"G","East of England","22","Essex","22UH","Epping Forest","E02004534","Epping Forest 008",,,3598,3415,183,6,177
"G","East of England","22","Essex","22UH","Epping Forest","E02004535","Epping Forest 009",,,2395,2301,94,11,83
"G","East of England","22","Essex","22UH","Epping Forest","E02004536","Epping Forest 010",,,2480,2414,66,7,59
"G","East of England","22","Essex","22UH","Epping Forest","E02004537","Epping Forest 011",,,4038,3967,71,4,67
"G","East of England","22","Essex","22UH","Epping Forest","E02004538","Epping Forest 012",,,3431,3342,89,5,84
"G","East of England","22","Essex","22UH","Epping Forest","E02004539","Epping Forest 013",,,3268,3221,47,5,42
"G","East of England","22","Essex","22UH","Epping Forest","E02004540","Epping Forest 014",,,2406,2331,75,6,69
"G","East of England","22","Essex","22UH","Epping Forest","E02004541","Epping Forest 015",,,4799,4730,69,10,59
"G","East of England","22","Essex","22UH","Epping Forest","E02004542","Epping Forest 016",,,2370,2310,60,8,52
"G","East of England","22","Essex","22UH","Epping Forest","E02004543","Epping Forest 017",,,2610,2556,54,0,54
"G","East of England","22","Essex","22UJ","Harlow","E02004544","Harlow 001",,,2543,2497,46,6,40
"G","East of England","22","Essex","22UJ","Harlow","E02004545","Harlow 002",,,3023,2972,51,3,48
"G","East of England","22","Essex","22UJ","Harlow","E02004546","Harlow 003",,,3201,3158,43,0,43
"G","East of England","22","Essex","22UJ","Harlow","E02004547","Harlow 004",,,3185,3153,32,3,29
"G","East of England","22","Essex","22UJ","Harlow","E02004548","Harlow 005",,,3249,3198,51,7,44
"G","East of England","22","Essex","22UJ","Harlow","E02004549","Harlow 006",,,3254,3212,42,4,38
"G","East of England","22","Essex","22UJ","Harlow","E02004550","Harlow 007",,,3266,3190,76,9,67
"G","East of England","22","Essex","22UJ","Harlow","E02004551","Harlow 008",,,3191,3109,82,3,79
"G","East of England","22","Essex","22UJ","Harlow","E02004552","Harlow 009",,,2807,2751,56,4,52
"G","East of England","22","Essex","22UJ","Harlow","E02004553","Harlow 010",,,3004,2950,54,3,51
"G","East of England","22","Essex","22UJ","Harlow","E02004554","Harlow 011",,,3081,2995,86,5,81
"G","East of England","22","Essex","22UK","Maldon","E02004555","Maldon 001",,,2475,2377,98,24,74
"G","East of England","22","Essex","22UK","Maldon","E02004556","Maldon 002",,,2810,2718,92,13,79
"G","East of England","22","Essex","22UK","Maldon","E02004557","Maldon 003",,,3162,3048,114,17,97
"G","East of England","22","Essex","22UK","Maldon","E02004558","Maldon 004",,,2908,2805,103,25,78
"G","East of England","22","Essex","22UK","Maldon","E02004559","Maldon 005",,,3163,3130,33,5,28
"G","East of England","22","Essex","22UK","Maldon","E02004560","Maldon 006",,,3224,3040,184,65,119
"G","East of England","22","Essex","22UK","Maldon","E02004561","Maldon 007",,,3834,3638,196,83,113
"G","East of England","22","Essex","22UK","Maldon","E02004562","Maldon 008",,,3622,3433,189,63,126
"G","East of England","22","Essex","22UL","Rochford","E02004563","Rochford 001",,,2750,2666,84,10,74
"G","East of England","22","Essex","22UL","Rochford","E02004564","Rochford 002",,,2985,2918,67,6,61
"G","East of England","22","Essex","22UL","Rochford","E02004565","Rochford 003",,,5826,5674,152,9,143
"G","East of England","22","Essex","22UL","Rochford","E02004566","Rochford 004",,,2117,2049,68,5,63
"G","East of England","22","Essex","22UL","Rochford","E02004567","Rochford 005",,,3127,3088,39,6,33
"G","East of England","22","Essex","22UL","Rochford","E02004568","Rochford 006",,,3134,3082,52,4,48
"G","East of England","22","Essex","22UL","Rochford","E02004569","Rochford 007",,,3120,3011,109,7,102
"G","East of England","22","Essex","22UL","Rochford","E02004570","Rochford 008",,,3573,3476,97,7,90
"G","East of England","22","Essex","22UL","Rochford","E02004571","Rochford 009",,,3105,3043,62,4,58
"G","East of England","22","Essex","22UL","Rochford","E02004572","Rochford 010",,,3036,2945,91,9,82
"G","East of England","22","Essex","22UN","Tendring","E02004573","Tendring 001",,,2851,2695,156,28,128
"G","East of England","22","Essex","22UN","Tendring","E02004574","Tendring 002",,,3210,3152,58,0,58
"G","East of England","22","Essex","22UN","Tendring","E02004575","Tendring 003",,,4783,4674,109,14,95
"G","East of England","22","Essex","22UN","Tendring","E02004576","Tendring 004",,,3618,3518,100,20,80
"G","East of England","22","Essex","22UN","Tendring","E02004577","Tendring 005",,,2169,2105,64,11,53
"G","East of England","22","Essex","22UN","Tendring","E02004578","Tendring 006",,,4038,3443,595,383,212
"G","East of England","22","Essex","22UN","Tendring","E02004579","Tendring 007",,,3110,2998,112,35,77
"G","East of England","22","Essex","22UN","Tendring","E02004580","Tendring 008",,,5844,5612,232,92,140
"G","East of England","22","Essex","22UN","Tendring","E02004581","Tendring 009",,,3103,3040,63,8,55
"G","East of England","22","Essex","22UN","Tendring","E02004582","Tendring 010",,,3303,3210,93,14,79
"G","East of England","22","Essex","22UN","Tendring","E02004583","Tendring 011",,,3884,3582,302,189,113
"G","East of England","22","Essex","22UN","Tendring","E02004584","Tendring 012",,,3520,3321,199,71,128
"G","East of England","22","Essex","22UN","Tendring","E02004585","Tendring 013",,,3311,3247,64,8,56
"G","East of England","22","Essex","22UN","Tendring","E02004586","Tendring 014",,,3681,3498,183,48,135
"G","East of England","22","Essex","22UN","Tendring","E02004587","Tendring 015",,,3495,3436,59,8,51
"G","East of England","22","Essex","22UN","Tendring","E02004588","Tendring 016",,,3160,2948,212,31,181
"G","East of England","22","Essex","22UN","Tendring","E02004589","Tendring 017",,,3350,3239,111,35,76
"G","East of England","22","Essex","22UN","Tendring","E02004590","Tendring 018",,,4475,3693,782,595,187
"G","East of England","22","Essex","22UQ","Uttlesford","E02004591","Uttlesford 001",,,2687,2607,80,19,61
"G","East of England","22","Essex","22UQ","Uttlesford","E02004592","Uttlesford 002",,,4955,4802,153,25,128
"G","East of England","22","Essex","22UQ","Uttlesford","E02004593","Uttlesford 003",,,3125,3012,113,22,91
"G","East of England","22","Essex","22UQ","Uttlesford","E02004594","Uttlesford 004",,,2850,2701,149,30,119
"G","East of England","22","Essex","22UQ","Uttlesford","E02004595","Uttlesford 005",,,4392,4280,112,14,98
"G","East of England","22","Essex","22UQ","Uttlesford","E02004596","Uttlesford 006",,,2347,2253,94,10,84
"G","East of England","22","Essex","22UQ","Uttlesford","E02004597","Uttlesford 007",,,2476,2368,108,9,99
"G","East of England","22","Essex","22UQ","Uttlesford","E02004598","Uttlesford 008",,,3012,2892,120,16,104
"G","East of England","22","Essex","22UQ","Uttlesford","E02004599","Uttlesford 009",,,2740,2604,136,13,123
"G","East of England","26","Hertfordshire","26UB","Broxbourne","E02004843","Broxbourne 001",,,2366,2349,17,3,14
"G","East of England","26","Hertfordshire","26UB","Broxbourne","E02004844","Broxbourne 002",,,2773,2728,45,3,42
"G","East of England","26","Hertfordshire","26UB","Broxbourne","E02004845","Broxbourne 003",,,3007,2896,111,5,106
"G","East of England","26","Hertfordshire","26UB","Broxbourne","E02004846","Broxbourne 004",,,2407,2333,74,7,67
"G","East of England","26","Hertfordshire","26UB","Broxbourne","E02004847","Broxbourne 005",,,3514,3399,115,10,105
"G","East of England","26","Hertfordshire","26UB","Broxbourne","E02004848","Broxbourne 006",,,2467,2420,47,5,42
"G","East of England","26","Hertfordshire","26UB","Broxbourne","E02004849","Broxbourne 007",,,2395,2272,123,7,116
"G","East of England","26","Hertfordshire","26UB","Broxbourne","E02004850","Broxbourne 008",,,3070,2994,76,16,60
"G","East of England","26","Hertfordshire","26UB","Broxbourne","E02004851","Broxbourne 009",,,2355,2324,31,0,31
"G","East of England","26","Hertfordshire","26UB","Broxbourne","E02004852","Broxbourne 010",,,3127,3043,84,5,79
"G","East of England","26","Hertfordshire","26UB","Broxbourne","E02004853","Broxbourne 011",,,2619,2561,58,0,58
"G","East of England","26","Hertfordshire","26UB","Broxbourne","E02004854","Broxbourne 012",,,2873,2776,97,3,94
"G","East of England","26","Hertfordshire","26UB","Broxbourne","E02004855","Broxbourne 013",,,2975,2838,137,3,134
"G","East of England","26","Hertfordshire","26UC","Dacorum","E02004856","Dacorum 001",,,2188,2118,70,5,65
"G","East of England","26","Hertfordshire","26UC","Dacorum","E02004857","Dacorum 002",,,2218,2199,19,6,13
"G","East of England","26","Hertfordshire","26UC","Dacorum","E02004858","Dacorum 003",,,2092,2050,42,0,42
"G","East of England","26","Hertfordshire","26UC","Dacorum","E02004859","Dacorum 004",,,2132,2093,39,5,34
"G","East of England","26","Hertfordshire","26UC","Dacorum","E02004860","Dacorum 005",,,2444,2408,36,5,31
"G","East of England","26","Hertfordshire","26UC","Dacorum","E02004861","Dacorum 006",,,2332,2256,76,5,71
"G","East of England","26","Hertfordshire","26UC","Dacorum","E02004862","Dacorum 007",,,3095,3048,47,0,47
"G","East of England","26","Hertfordshire","26UC","Dacorum","E02004863","Dacorum 008",,,2989,2959,30,0,30
"G","East of England","26","Hertfordshire","26UC","Dacorum","E02004864","Dacorum 009",,,2565,2490,75,18,57
"G","East of England","26","Hertfordshire","26UC","Dacorum","E02004865","Dacorum 010",,,2284,2252,32,6,26
"G","East of England","26","Hertfordshire","26UC","Dacorum","E02004866","Dacorum 011",,,2698,2663,35,3,32
"G","East of England","26","Hertfordshire","26UC","Dacorum","E02004867","Dacorum 012",,,2196,2134,62,8,54
"G","East of England","26","Hertfordshire","26UC","Dacorum","E02004868","Dacorum 013",,,2327,2305,22,0,22
"G","East of England","26","Hertfordshire","26UC","Dacorum","E02004869","Dacorum 014",,,2241,2186,55,5,50
"G","East of England","26","Hertfordshire","26UC","Dacorum","E02004870","Dacorum 015",,,3650,3459,191,3,188
"G","East of England","26","Hertfordshire","26UC","Dacorum","E02004871","Dacorum 016",,,2075,2055,20,3,17
"G","East of England","26","Hertfordshire","26UC","Dacorum","E02004872","Dacorum 017",,,2753,2740,13,0,13
"G","East of England","26","Hertfordshire","26UC","Dacorum","E02004873","Dacorum 018",,,3566,3521,45,6,39
"G","East of England","26","Hertfordshire","26UC","Dacorum","E02004874","Dacorum 019",,,2322,2294,28,3,25
"G","East of England","26","Hertfordshire","26UC","Dacorum","E02004875","Dacorum 020",,,3368,3345,23,0,23
"G","East of England","26","Hertfordshire","26UC","Dacorum","E02004876","Dacorum 021",,,3340,3270,70,6,64
"G","East of England","26","Hertfordshire","26UC","Dacorum","E02004877","Dacorum 022",,,2140,2063,77,4,73
"G","East of England","26","Hertfordshire","26UD","East Hertfordshire","E02004878","East Hertfordshire 001",,,2609,2558,51,3,48
"G","East of England","26","Hertfordshire","26UD","East Hertfordshire","E02004879","East Hertfordshire 002",,,2980,2913,67,14,53
"G","East of England","26","Hertfordshire","26UD","East Hertfordshire","E02004880","East Hertfordshire 003",,,3418,3321,97,7,90
"G","East of England","26","Hertfordshire","26UD","East Hertfordshire","E02004881","East Hertfordshire 004",,,2390,2314,76,6,70
"G","East of England","26","Hertfordshire","26UD","East Hertfordshire","E02004882","East Hertfordshire 005",,,2768,2696,72,4,68
"G","East of England","26","Hertfordshire","26UD","East Hertfordshire","E02004883","East Hertfordshire 006",,,2205,2154,51,9,42
"G","East of England","26","Hertfordshire","26UD","East Hertfordshire","E02004884","East Hertfordshire 007",,,3875,3782,93,14,79
"G","East of England","26","Hertfordshire","26UD","East Hertfordshire","E02004885","East Hertfordshire 008",,,3183,3129,54,3,51
"G","East of England","26","Hertfordshire","26UD","East Hertfordshire","E02004886","East Hertfordshire 009",,,2146,2081,65,3,62
"G","East of England","26","Hertfordshire","26UD","East Hertfordshire","E02004887","East Hertfordshire 010",,,2842,2763,79,20,59
"G","East of England","26","Hertfordshire","26UD","East Hertfordshire","E02004888","East Hertfordshire 011",,,3427,3333,94,12,82
"G","East of England","26","Hertfordshire","26UD","East Hertfordshire","E02004889","East Hertfordshire 012",,,4050,3992,58,4,54
"G","East of England","26","Hertfordshire","26UD","East Hertfordshire","E02004890","East Hertfordshire 013",,,3264,3193,71,12,59
"G","East of England","26","Hertfordshire","26UD","East Hertfordshire","E02004891","East Hertfordshire 014",,,3178,3091,87,10,77
"G","East of England","26","Hertfordshire","26UD","East Hertfordshire","E02004892","East Hertfordshire 015",,,2416,2390,26,5,21
"G","East of England","26","Hertfordshire","26UD","East Hertfordshire","E02004893","East Hertfordshire 016",,,2101,2043,58,3,55
"G","East of England","26","Hertfordshire","26UD","East Hertfordshire","E02004894","East Hertfordshire 017",,,3127,3023,104,20,84
"G","East of England","26","Hertfordshire","26UD","East Hertfordshire","E02004895","East Hertfordshire 018",,,3391,3308,83,15,68
"G","East of England","26","Hertfordshire","26UE","Hertsmere","E02004896","Hertsmere 001",,,3095,2998,97,7,90
"G","East of England","26","Hertfordshire","26UE","Hertsmere","E02004897","Hertsmere 002",,,2615,2590,25,3,22
"G","East of England","26","Hertfordshire","26UE","Hertsmere","E02004898","Hertsmere 003",,,3079,3043,36,0,36
"G","East of England","26","Hertfordshire","26UE","Hertsmere","E02004899","Hertsmere 004",,,2183,2137,46,6,40
"G","East of England","26","Hertfordshire","26UE","Hertsmere","E02004900","Hertsmere 005",,,3175,3072,103,6,97
"G","East of England","26","Hertfordshire","26UE","Hertsmere","E02004901","Hertsmere 006",,,3454,3390,64,5,59
"G","East of England","26","Hertfordshire","26UE","Hertsmere","E02004902","Hertsmere 007",,,2951,2881,70,7,63
"G","East of England","26","Hertfordshire","26UE","Hertsmere","E02004903","Hertsmere 008",,,2455,2400,55,11,44
"G","East of England","26","Hertfordshire","26UE","Hertsmere","E02004904","Hertsmere 009",,,2449,2403,46,3,43
"G","East of England","26","Hertfordshire","26UE","Hertsmere","E02004905","Hertsmere 010",,,2377,2302,75,21,54
"G","East of England","26","Hertfordshire","26UE","Hertsmere","E02004906","Hertsmere 011",,,3213,3145,68,9,59
"G","East of England","26","Hertfordshire","26UE","Hertsmere","E02004907","Hertsmere 012",,,3723,3631,92,7,85
"G","East of England","26","Hertfordshire","26UE","Hertsmere","E02004908","Hertsmere 013",,,3977,3877,100,11,89
"G","East of England","26","Hertfordshire","26UF","North Hertfordshire","E02004909","North Hertfordshire 001",,,2122,2059,63,5,58
"G","East of England","26","Hertfordshire","26UF","North Hertfordshire","E02004910","North Hertfordshire 002",,,3859,3794,65,10,55
"G","East of England","26","Hertfordshire","26UF","North Hertfordshire","E02004911","North Hertfordshire 003",,,2964,2917,47,0,47
"G","East of England","26","Hertfordshire","26UF","North Hertfordshire","E02004912","North Hertfordshire 004",,,4302,4207,95,10,85
"G","East of England","26","Hertfordshire","26UF","North Hertfordshire","E02004913","North Hertfordshire 005",,,4147,4010,137,23,114
"G","East of England","26","Hertfordshire","26UF","North Hertfordshire","E02004914","North Hertfordshire 006",,,2951,2890,61,6,55
"G","East of England","26","Hertfordshire","26UF","North Hertfordshire","E02004915","North Hertfordshire 007",,,2412,2366,46,3,43
"G","East of England","26","Hertfordshire","26UF","North Hertfordshire","E02004916","North Hertfordshire 008",,,2954,2824,130,11,119
"G","East of England","26","Hertfordshire","26UF","North Hertfordshire","E02004917","North Hertfordshire 009",,,2736,2708,28,4,24
"G","East of England","26","Hertfordshire","26UF","North Hertfordshire","E02004918","North Hertfordshire 010",,,3165,3066,99,4,95
"G","East of England","26","Hertfordshire","26UF","North Hertfordshire","E02004919","North Hertfordshire 011",,,3002,2962,40,4,36
"G","East of England","26","Hertfordshire","26UF","North Hertfordshire","E02004920","North Hertfordshire 012",,,4323,4263,60,6,54
"G","East of England","26","Hertfordshire","26UF","North Hertfordshire","E02004921","North Hertfordshire 013",,,3016,2959,57,9,48
"G","East of England","26","Hertfordshire","26UF","North Hertfordshire","E02004922","North Hertfordshire 014",,,3815,3718,97,12,85
"G","East of England","26","Hertfordshire","26UF","North Hertfordshire","E02004923","North Hertfordshire 015",,,4169,4067,102,10,92
"G","East of England","26","Hertfordshire","26UG","St Albans","E02004924","St Albans 001",,,2652,2602,50,6,44
"G","East of England","26","Hertfordshire","26UG","St Albans","E02004925","St Albans 002",,,2866,2826,40,4,36
"G","East of England","26","Hertfordshire","26UG","St Albans","E02004926","St Albans 003",,,3068,2948,120,26,94
"G","East of England","26","Hertfordshire","26UG","St Albans","E02004927","St Albans 004",,,2456,2430,26,0,26
"G","East of England","26","Hertfordshire","26UG","St Albans","E02004928","St Albans 005",,,2640,2602,38,3,35
"G","East of England","26","Hertfordshire","26UG","St Albans","E02004929","St Albans 006",,,2424,2358,66,6,60
"G","East of England","26","Hertfordshire","26UG","St Albans","E02004930","St Albans 007",,,2762,2709,53,6,47
"G","East of England","26","Hertfordshire","26UG","St Albans","E02004931","St Albans 008",,,2643,2600,43,3,40
"G","East of England","26","Hertfordshire","26UG","St Albans","E02004932","St Albans 009",,,2624,2566,58,3,55
"G","East of England","26","Hertfordshire","26UG","St Albans","E02004933","St Albans 010",,,2450,2401,49,4,45
"G","East of England","26","Hertfordshire","26UG","St Albans","E02004934","St Albans 011",,,2638,2578,60,12,48
"G","East of England","26","Hertfordshire","26UG","St Albans","E02004935","St Albans 012",,,3318,3223,95,13,82
"G","East of England","26","Hertfordshire","26UG","St Albans","E02004936","St Albans 013",,,2175,2146,29,0,29
"G","East of England","26","Hertfordshire","26UG","St Albans","E02004937","St Albans 014",,,2761,2691,70,25,45
"G","East of England","26","Hertfordshire","26UG","St Albans","E02004938","St Albans 015",,,2181,2142,39,5,34
"G","East of England","26","Hertfordshire","26UG","St Albans","E02004939","St Albans 016",,,2603,2553,50,3,47
"G","East of England","26","Hertfordshire","26UG","St Albans","E02004940","St Albans 017",,,2930,2883,47,5,42
"G","East of England","26","Hertfordshire","26UG","St Albans","E02004941","St Albans 018",,,3172,3123,49,6,43
"G","East of England","26","Hertfordshire","26UG","St Albans","E02004942","St Albans 019",,,2337,2281,56,3,53
"G","East of England","26","Hertfordshire","26UG","St Albans","E02004943","St Albans 020",,,3103,2997,106,11,95
"G","East of England","26","Hertfordshire","26UH","Stevenage","E02004944","Stevenage 001",,,2431,2362,69,3,66
"G","East of England","26","Hertfordshire","26UH","Stevenage","E02004945","Stevenage 002",,,3867,3789,78,6,72
"G","East of England","26","Hertfordshire","26UH","Stevenage","E02004946","Stevenage 003",,,2571,2544,27,0,27
"G","East of England","26","Hertfordshire","26UH","Stevenage","E02004947","Stevenage 004",,,2612,2579,33,3,30
"G","East of England","26","Hertfordshire","26UH","Stevenage","E02004948","Stevenage 005",,,2651,2616,35,5,30
"G","East of England","26","Hertfordshire","26UH","Stevenage","E02004949","Stevenage 006",,,3434,3394,40,0,40
"G","East of England","26","Hertfordshire","26UH","Stevenage","E02004950","Stevenage 007",,,2474,2446,28,0,28
"G","East of England","26","Hertfordshire","26UH","Stevenage","E02004951","Stevenage 008",,,3020,2960,60,0,60
"G","East of England","26","Hertfordshire","26UH","Stevenage","E02004952","Stevenage 009",,,2748,2720,28,0,28
"G","East of England","26","Hertfordshire","26UH","Stevenage","E02004953","Stevenage 010",,,2505,2475,30,0,30
"G","East of England","26","Hertfordshire","26UH","Stevenage","E02004954","Stevenage 011",,,2555,2507,48,3,45
"G","East of England","26","Hertfordshire","26UH","Stevenage","E02004955","Stevenage 012",,,2383,2362,21,0,21
"G","East of England","26","Hertfordshire","26UJ","Three Rivers","E02004956","Three Rivers 001",,,3432,3349,83,8,75
"G","East of England","26","Hertfordshire","26UJ","Three Rivers","E02004957","Three Rivers 002",,,3198,3150,48,0,48
"G","East of England","26","Hertfordshire","26UJ","Three Rivers","E02004958","Three Rivers 003",,,2826,2776,50,5,45
"G","East of England","26","Hertfordshire","26UJ","Three Rivers","E02004959","Three Rivers 004",,,2068,2003,65,9,56
"G","East of England","26","Hertfordshire","26UJ","Three Rivers","E02004960","Three Rivers 005",,,2186,2125,61,9,52
"G","East of England","26","Hertfordshire","26UJ","Three Rivers","E02004961","Three Rivers 006",,,3654,3554,100,6,94
"G","East of England","26","Hertfordshire","26UJ","Three Rivers","E02004962","Three Rivers 007",,,3504,3441,63,6,57
"G","East of England","26","Hertfordshire","26UJ","Three Rivers","E02004963","Three Rivers 008",,,2721,2679,42,0,42
"G","East of England","26","Hertfordshire","26UJ","Three Rivers","E02004964","Three Rivers 009",,,2247,2209,38,7,31
"G","East of England","26","Hertfordshire","26UJ","Three Rivers","E02004965","Three Rivers 010",,,2791,2751,40,0,40
"G","East of England","26","Hertfordshire","26UJ","Three Rivers","E02004966","Three Rivers 011",,,2542,2425,117,19,98
"G","East of England","26","Hertfordshire","26UJ","Three Rivers","E02004967","Three Rivers 012",,,3000,2977,23,0,23
"G","East of England","26","Hertfordshire","26UK","Watford","E02004968","Watford 001",,,2847,2818,29,3,26
"G","East of England","26","Hertfordshire","26UK","Watford","E02004969","Watford 002",,,2661,2625,36,6,30
"G","East of England","26","Hertfordshire","26UK","Watford","E02004970","Watford 003",,,2860,2810,50,3,47
"G","East of England","26","Hertfordshire","26UK","Watford","E02004971","Watford 004",,,2780,2695,85,3,82
"G","East of England","26","Hertfordshire","26UK","Watford","E02004972","Watford 005",,,2279,2255,24,3,21
"G","East of England","26","Hertfordshire","26UK","Watford","E02004973","Watford 006",,,2896,2814,82,6,76
"G","East of England","26","Hertfordshire","26UK","Watford","E02004974","Watford 007",,,2844,2768,76,3,73
"G","East of England","26","Hertfordshire","26UK","Watford","E02004975","Watford 008",,,2340,2291,49,6,43
"G","East of England","26","Hertfordshire","26UK","Watford","E02004976","Watford 009",,,3259,3051,208,6,202
"G","East of England","26","Hertfordshire","26UK","Watford","E02004977","Watford 010",,,2831,2643,188,10,178
"G","East of England","26","Hertfordshire","26UK","Watford","E02004978","Watford 011",,,3033,2930,103,6,97
"G","East of England","26","Hertfordshire","26UK","Watford","E02004979","Watford 012",,,2724,2650,74,5,69
"G","East of England","26","Hertfordshire","26UL","Welwyn Hatfield","E02004980","Welwyn Hatfield 001",,,2338,2307,31,0,31
"G","East of England","26","Hertfordshire","26UL","Welwyn Hatfield","E02004981","Welwyn Hatfield 002",,,2176,2149,27,3,24
"G","East of England","26","Hertfordshire","26UL","Welwyn Hatfield","E02004982","Welwyn Hatfield 003",,,2411,2380,31,5,26
"G","East of England","26","Hertfordshire","26UL","Welwyn Hatfield","E02004983","Welwyn Hatfield 004",,,2660,2635,25,3,22
"G","East of England","26","Hertfordshire","26UL","Welwyn Hatfield","E02004984","Welwyn Hatfield 005",,,2920,2844,76,6,70
"G","East of England","26","Hertfordshire","26UL","Welwyn Hatfield","E02004985","Welwyn Hatfield 006",,,2921,2854,67,3,64
"G","East of England","26","Hertfordshire","26UL","Welwyn Hatfield","E02004986","Welwyn Hatfield 007",,,2829,2784,45,3,42
"G","East of England","26","Hertfordshire","26UL","Welwyn Hatfield","E02004987","Welwyn Hatfield 008",,,2457,2399,58,21,37
"G","East of England","26","Hertfordshire","26UL","Welwyn Hatfield","E02004988","Welwyn Hatfield 009",,,2376,2338,38,5,33
"G","East of England","26","Hertfordshire","26UL","Welwyn Hatfield","E02004989","Welwyn Hatfield 010",,,2554,2495,59,4,55
"G","East of England","26","Hertfordshire","26UL","Welwyn Hatfield","E02004990","Welwyn Hatfield 011",,,2560,2478,82,5,77
"G","East of England","26","Hertfordshire","26UL","Welwyn Hatfield","E02004991","Welwyn Hatfield 012",,,2877,2807,70,8,62
"G","East of England","26","Hertfordshire","26UL","Welwyn Hatfield","E02004992","Welwyn Hatfield 013",,,2911,2859,52,5,47
"G","East of England","26","Hertfordshire","26UL","Welwyn Hatfield","E02004993","Welwyn Hatfield 014",,,2286,2216,70,4,66
"G","East of England","26","Hertfordshire","26UL","Welwyn Hatfield","E02004994","Welwyn Hatfield 015",,,2259,2199,60,6,54
"G","East of England","26","Hertfordshire","26UL","Welwyn Hatfield","E02004995","Welwyn Hatfield 016",,,2170,2100,70,3,67
"G","East of England","33","Norfolk","33UB","Breckland","E02005503","Breckland 001",,,3038,2864,174,63,111
"G","East of England","33","Norfolk","33UB","Breckland","E02005504","Breckland 002",,,3750,3599,151,60,91
"G","East of England","33","Norfolk","33UB","Breckland","E02005505","Breckland 003",,,2633,2551,82,9,73
"G","East of England","33","Norfolk","33UB","Breckland","E02005506","Breckland 004",,,2862,2789,73,19,54
"G","East of England","33","Norfolk","33UB","Breckland","E02005507","Breckland 005",,,4486,4390,96,4,92
"G","East of England","33","Norfolk","33UB","Breckland","E02005508","Breckland 006",,,2710,2618,92,23,69
"G","East of England","33","Norfolk","33UB","Breckland","E02005509","Breckland 007",,,3240,3130,110,17,93
"G","East of England","33","Norfolk","33UB","Breckland","E02005510","Breckland 008",,,3006,2923,83,22,61
"G","East of England","33","Norfolk","33UB","Breckland","E02005511","Breckland 009",,,3123,2966,157,12,145
"G","East of England","33","Norfolk","33UB","Breckland","E02005512","Breckland 010",,,2779,2703,76,26,50
"G","East of England","33","Norfolk","33UB","Breckland","E02005513","Breckland 011",,,3870,3769,101,11,90
"G","East of England","33","Norfolk","33UB","Breckland","E02005514","Breckland 012",,,2928,2791,137,31,106
"G","East of England","33","Norfolk","33UB","Breckland","E02005515","Breckland 013",,,2245,2154,91,28,63
"G","East of England","33","Norfolk","33UB","Breckland","E02005516","Breckland 014",,,2678,2586,92,28,64
"G","East of England","33","Norfolk","33UB","Breckland","E02005517","Breckland 015",,,2182,2112,70,3,67
"G","East of England","33","Norfolk","33UB","Breckland","E02005518","Breckland 016",,,3841,3692,149,8,141
"G","East of England","33","Norfolk","33UB","Breckland","E02005519","Breckland 017",,,3250,3078,172,3,169
"G","East of England","33","Norfolk","33UC","Broadland","E02005520","Broadland 001",,,3057,2976,81,26,55
"G","East of England","33","Norfolk","33UC","Broadland","E02005521","Broadland 002",,,3359,3197,162,50,112
"G","East of England","33","Norfolk","33UC","Broadland","E02005522","Broadland 003",,,2165,2093,72,17,55
"G","East of England","33","Norfolk","33UC","Broadland","E02005523","Broadland 004",,,2930,2855,75,16,59
"G","East of England","33","Norfolk","33UC","Broadland","E02005524","Broadland 005",,,2348,2292,56,20,36
"G","East of England","33","Norfolk","33UC","Broadland","E02005525","Broadland 006",,,4135,4049,86,5,81
"G","East of England","33","Norfolk","33UC","Broadland","E02005526","Broadland 007",,,2279,2207,72,3,69
"G","East of England","33","Norfolk","33UC","Broadland","E02005527","Broadland 008",,,3050,2909,141,67,74
"G","East of England","33","Norfolk","33UC","Broadland","E02005528","Broadland 009",,,3299,3229,70,11,59
"G","East of England","33","Norfolk","33UC","Broadland","E02005529","Broadland 010",,,2627,2594,33,3,30
"G","East of England","33","Norfolk","33UC","Broadland","E02005530","Broadland 011",,,2274,2230,44,0,44
"G","East of England","33","Norfolk","33UC","Broadland","E02005531","Broadland 012",,,2364,2315,49,3,46
"G","East of England","33","Norfolk","33UC","Broadland","E02005532","Broadland 013",,,3122,3066,56,5,51
"G","East of England","33","Norfolk","33UC","Broadland","E02005533","Broadland 014",,,3400,3282,118,33,85
"G","East of England","33","Norfolk","33UC","Broadland","E02005534","Broadland 015",,,3396,3324,72,8,64
"G","East of England","33","Norfolk","33UC","Broadland","E02005535","Broadland 016",,,2770,2704,66,9,57
"G","East of England","33","Norfolk","33UC","Broadland","E02005536","Broadland 017",,,2396,2333,63,12,51
"G","East of England","33","Norfolk","33UC","Broadland","E02005537","Broadland 018",,,2446,2354,92,35,57
"G","East of England","33","Norfolk","33UD","Great Yarmouth","E02005538","Great Yarmouth 001",,,4186,3711,475,420,55
"G","East of England","33","Norfolk","33UD","Great Yarmouth","E02005539","Great Yarmouth 002",,,3072,2895,177,115,62
"G","East of England","33","Norfolk","33UD","Great Yarmouth","E02005540","Great Yarmouth 003",,,4129,4053,76,17,59
"G","East of England","33","Norfolk","33UD","Great Yarmouth","E02005541","Great Yarmouth 004",,,2584,2489,95,3,92
"G","East of England","33","Norfolk","33UD","Great Yarmouth","E02005542","Great Yarmouth 005",,,2949,2756,193,25,168
"G","East of England","33","Norfolk","33UD","Great Yarmouth","E02005543","Great Yarmouth 006",,,3592,3392,200,24,176
"G","East of England","33","Norfolk","33UD","Great Yarmouth","E02005544","Great Yarmouth 007",,,2689,2592,97,8,89
"G","East of England","33","Norfolk","33UD","Great Yarmouth","E02005545","Great Yarmouth 008",,,2643,2613,30,6,24
"G","East of England","33","Norfolk","33UD","Great Yarmouth","E02005546","Great Yarmouth 009",,,3650,3556,94,3,91
"G","East of England","33","Norfolk","33UD","Great Yarmouth","E02005547","Great Yarmouth 010",,,3509,3356,153,25,128
"G","East of England","33","Norfolk","33UD","Great Yarmouth","E02005548","Great Yarmouth 011",,,3108,3063,45,3,42
"G","East of England","33","Norfolk","33UD","Great Yarmouth","E02005549","Great Yarmouth 012",,,2309,2201,108,79,29
"G","East of England","33","Norfolk","33UD","Great Yarmouth","E02005550","Great Yarmouth 013",,,2743,2703,40,15,25
"G","East of England","33","Norfolk","33UE","King's Lynn and West Norfolk","E02005551","King's Lynn and West Norfolk 001",,,3300,2760,540,418,122
"G","East of England","33","Norfolk","33UE","King's Lynn and West Norfolk","E02005552","King's Lynn and West Norfolk 002",,,4790,3531,1259,1064,195
"G","East of England","33","Norfolk","33UE","King's Lynn and West Norfolk","E02005553","King's Lynn and West Norfolk 003",,,4566,3942,624,499,125
"G","East of England","33","Norfolk","33UE","King's Lynn and West Norfolk","E02005554","King's Lynn and West Norfolk 004",,,3222,3053,169,83,86
"G","East of England","33","Norfolk","33UE","King's Lynn and West Norfolk","E02005555","King's Lynn and West Norfolk 005",,,2573,2501,72,12,60
"G","East of England","33","Norfolk","33UE","King's Lynn and West Norfolk","E02005556","King's Lynn and West Norfolk 006",,,3089,3027,62,7,55
"G","East of England","33","Norfolk","33UE","King's Lynn and West Norfolk","E02005557","King's Lynn and West Norfolk 007",,,2571,2424,147,4,143
"G","East of England","33","Norfolk","33UE","King's Lynn and West Norfolk","E02005558","King's Lynn and West Norfolk 008",,,2826,2734,92,11,81
"G","East of England","33","Norfolk","33UE","King's Lynn and West Norfolk","E02005559","King's Lynn and West Norfolk 009",,,2930,2776,154,14,140
"G","East of England","33","Norfolk","33UE","King's Lynn and West Norfolk","E02005560","King's Lynn and West Norfolk 010",,,3131,2966,165,11,154
"G","East of England","33","Norfolk","33UE","King's Lynn and West Norfolk","E02005561","King's Lynn and West Norfolk 011",,,4391,4086,305,36,269
"G","East of England","33","Norfolk","33UE","King's Lynn and West Norfolk","E02005562","King's Lynn and West Norfolk 012",,,3044,2889,155,65,90
"G","East of England","33","Norfolk","33UE","King's Lynn and West Norfolk","E02005563","King's Lynn and West Norfolk 013",,,2938,2858,80,14,66
"G","East of England","33","Norfolk","33UE","King's Lynn and West Norfolk","E02005564","King's Lynn and West Norfolk 014",,,3893,3537,356,24,332
"G","East of England","33","Norfolk","33UE","King's Lynn and West Norfolk","E02005565","King's Lynn and West Norfolk 015",,,2691,2580,111,27,84
"G","East of England","33","Norfolk","33UE","King's Lynn and West Norfolk","E02005566","King's Lynn and West Norfolk 016",,,3713,3567,146,25,121
"G","East of England","33","Norfolk","33UE","King's Lynn and West Norfolk","E02005567","King's Lynn and West Norfolk 017",,,3399,3258,141,14,127
"G","East of England","33","Norfolk","33UE","King's Lynn and West Norfolk","E02005568","King's Lynn and West Norfolk 018",,,2957,2792,165,35,130
"G","East of England","33","Norfolk","33UE","King's Lynn and West Norfolk","E02005569","King's Lynn and West Norfolk 019",,,3240,3057,183,13,170
"G","East of England","33","Norfolk","33UF","North Norfolk","E02005570","North Norfolk 001",,,3779,3335,444,310,134
"G","East of England","33","Norfolk","33UF","North Norfolk","E02005571","North Norfolk 002",,,3775,2981,794,698,96
"G","East of England","33","Norfolk","33UF","North Norfolk","E02005572","North Norfolk 003",,,4141,3671,470,293,177
"G","East of England","33","Norfolk","33UF","North Norfolk","E02005573","North Norfolk 004",,,2964,2519,445,372,73
"G","East of England","33","Norfolk","33UF","North Norfolk","E02005574","North Norfolk 005",,,3145,2848,297,208,89
"G","East of England","33","Norfolk","33UF","North Norfolk","E02005575","North Norfolk 006",,,3190,2924,266,197,69
"G","East of England","33","Norfolk","33UF","North Norfolk","E02005576","North Norfolk 007",,,3166,2802,364,265,99
"G","East of England","33","Norfolk","33UF","North Norfolk","E02005577","North Norfolk 008",,,2463,2282,181,117,64
"G","East of England","33","Norfolk","33UF","North Norfolk","E02005578","North Norfolk 009",,,2676,2405,271,172,99
"G","East of England","33","Norfolk","33UF","North Norfolk","E02005579","North Norfolk 010",,,5378,5245,133,18,115
"G","East of England","33","Norfolk","33UF","North Norfolk","E02005580","North Norfolk 011",,,3395,3292,103,26,77
"G","East of England","33","Norfolk","33UF","North Norfolk","E02005581","North Norfolk 012",,,3175,2895,280,182,98
"G","East of England","33","Norfolk","33UF","North Norfolk","E02005582","North Norfolk 013",,,3026,2675,351,272,79
"G","East of England","33","Norfolk","33UF","North Norfolk","E02005583","North Norfolk 014",,,4081,3628,453,337,116
"G","East of England","33","Norfolk","33UG","Norwich","E02005584","Norwich 001",,,4361,4170,191,7,184
"G","East of England","33","Norfolk","33UG","Norwich","E02005585","Norwich 002",,,4493,4270,223,7,216
"G","East of England","33","Norfolk","33UG","Norwich","E02005586","Norwich 003",,,4800,4643,157,14,143
"G","East of England","33","Norfolk","33UG","Norwich","E02005587","Norwich 004",,,4219,4158,61,3,58
"G","East of England","33","Norfolk","33UG","Norwich","E02005588","Norwich 005",,,4011,3868,143,12,131
"G","East of England","33","Norfolk","33UG","Norwich","E02005589","Norwich 006",,,4475,4277,198,8,190
"G","East of England","33","Norfolk","33UG","Norwich","E02005590","Norwich 007",,,5335,4981,354,82,272
"G","East of England","33","Norfolk","33UG","Norwich","E02005591","Norwich 008",,,5003,4525,478,52,426
"G","East of England","33","Norfolk","33UG","Norwich","E02005592","Norwich 009",,,4305,4058,247,23,224
"G","East of England","33","Norfolk","33UG","Norwich","E02005593","Norwich 010",,,2773,2697,76,5,71
"G","East of England","33","Norfolk","33UG","Norwich","E02005594","Norwich 011",,,4936,4726,210,30,180
"G","East of England","33","Norfolk","33UG","Norwich","E02005595","Norwich 012",,,4012,3919,93,11,82
"G","East of England","33","Norfolk","33UG","Norwich","E02005596","Norwich 013",,,4457,4292,165,15,150
"G","East of England","33","Norfolk","33UH","South Norfolk","E02005597","South Norfolk 001",,,4384,4255,129,5,124
"G","East of England","33","Norfolk","33UH","South Norfolk","E02005598","South Norfolk 002",,,2709,2593,116,25,91
"G","East of England","33","Norfolk","33UH","South Norfolk","E02005599","South Norfolk 003",,,2383,2321,62,9,53
"G","East of England","33","Norfolk","33UH","South Norfolk","E02005600","South Norfolk 004",,,2164,2089,75,16,59
"G","East of England","33","Norfolk","33UH","South Norfolk","E02005601","South Norfolk 005",,,2695,2615,80,14,66
"G","East of England","33","Norfolk","33UH","South Norfolk","E02005602","South Norfolk 006",,,4097,3956,141,18,123
"G","East of England","33","Norfolk","33UH","South Norfolk","E02005603","South Norfolk 007",,,2951,2862,89,15,74
"G","East of England","33","Norfolk","33UH","South Norfolk","E02005604","South Norfolk 008",,,3430,3293,137,47,90
"G","East of England","33","Norfolk","33UH","South Norfolk","E02005605","South Norfolk 009",,,3719,3594,125,18,107
"G","East of England","33","Norfolk","33UH","South Norfolk","E02005606","South Norfolk 010",,,2343,2224,119,44,75
"G","East of England","33","Norfolk","33UH","South Norfolk","E02005607","South Norfolk 011",,,3997,3850,147,21,126
"G","East of England","33","Norfolk","33UH","South Norfolk","E02005608","South Norfolk 012",,,3104,2982,122,37,85
"G","East of England","33","Norfolk","33UH","South Norfolk","E02005609","South Norfolk 013",,,2909,2772,137,30,107
"G","East of England","33","Norfolk","33UH","South Norfolk","E02005610","South Norfolk 014",,,3184,3036,148,48,100
"G","East of England","33","Norfolk","33UH","South Norfolk","E02005611","South Norfolk 015",,,4331,4165,166,20,146
"G","East of England","42","Suffolk","42UB","Babergh","E02006227","Babergh 001",,,2771,2593,178,99,79
"G","East of England","42","Suffolk","42UB","Babergh","E02006228","Babergh 002",,,2346,2265,81,25,56
"G","East of England","42","Suffolk","42UB","Babergh","E02006229","Babergh 003",,,2386,2281,105,35,70
"G","East of England","42","Suffolk","42UB","Babergh","E02006230","Babergh 004",,,4013,3904,109,19,90
"G","East of England","42","Suffolk","42UB","Babergh","E02006231","Babergh 005",,,3447,3349,98,16,82
"G","East of England","42","Suffolk","42UB","Babergh","E02006232","Babergh 006",,,2387,2340,47,25,22
"G","East of England","42","Suffolk","42UB","Babergh","E02006233","Babergh 007",,,4880,4739,141,14,127
"G","East of England","42","Suffolk","42UB","Babergh","E02006234","Babergh 008",,,3152,3095,57,13,44
"G","East of England","42","Suffolk","42UB","Babergh","E02006235","Babergh 009",,,3378,3250,128,40,88
"G","East of England","42","Suffolk","42UB","Babergh","E02006236","Babergh 010",,,4192,4080,112,24,88
"G","East of England","42","Suffolk","42UB","Babergh","E02006237","Babergh 011",,,3118,2967,151,63,88
"G","East of England","42","Suffolk","42UC","Forest Heath","E02006238","Forest Heath 001",,,4260,4024,236,11,225
"G","East of England","42","Suffolk","42UC","Forest Heath","E02006239","Forest Heath 002",,,3085,2805,280,16,264
"G","East of England","42","Suffolk","42UC","Forest Heath","E02006240","Forest Heath 003",,,3184,2928,256,33,223
"G","East of England","42","Suffolk","42UC","Forest Heath","E02006241","Forest Heath 004",,,3531,3451,80,6,74
"G","East of England","42","Suffolk","42UC","Forest Heath","E02006242","Forest Heath 005",,,2323,2225,98,20,78
"G","East of England","42","Suffolk","42UC","Forest Heath","E02006243","Forest Heath 006",,,3641,3488,153,7,146
"G","East of England","42","Suffolk","42UC","Forest Heath","E02006244","Forest Heath 007",,,4348,4097,251,37,214
"G","East of England","42","Suffolk","42UD","Ipswich","E02006245","Ipswich 001",,,3183,3127,56,3,53
"G","East of England","42","Suffolk","42UD","Ipswich","E02006246","Ipswich 002",,,3067,3023,44,0,44
"G","East of England","42","Suffolk","42UD","Ipswich","E02006247","Ipswich 003",,,3208,3120,88,0,88
"G","East of England","42","Suffolk","42UD","Ipswich","E02006248","Ipswich 004",,,3312,3255,57,3,54
"G","East of England","42","Suffolk","42UD","Ipswich","E02006249","Ipswich 005",,,3386,3207,179,18,161
"G","East of England","42","Suffolk","42UD","Ipswich","E02006250","Ipswich 006",,,3844,3617,227,10,217
"G","East of England","42","Suffolk","42UD","Ipswich","E02006251","Ipswich 007",,,3780,3444,336,17,319
"G","East of England","42","Suffolk","42UD","Ipswich","E02006252","Ipswich 008",,,3347,3206,141,9,132
"G","East of England","42","Suffolk","42UD","Ipswich","E02006253","Ipswich 009",,,3283,3102,181,26,155
"G","East of England","42","Suffolk","42UD","Ipswich","E02006254","Ipswich 010",,,3360,3247,113,10,103
"G","East of England","42","Suffolk","42UD","Ipswich","E02006255","Ipswich 011",,,2531,2437,94,6,88
"G","East of England","42","Suffolk","42UD","Ipswich","E02006256","Ipswich 012",,,3288,3148,140,8,132
"G","East of England","42","Suffolk","42UD","Ipswich","E02006257","Ipswich 013",,,3020,2961,59,3,56
"G","East of England","42","Suffolk","42UD","Ipswich","E02006258","Ipswich 014",,,2578,2487,91,7,84
"G","East of England","42","Suffolk","42UD","Ipswich","E02006259","Ipswich 015",,,3270,3093,177,8,169
"G","East of England","42","Suffolk","42UD","Ipswich","E02006260","Ipswich 016",,,3470,3395,75,4,71
"G","East of England","42","Suffolk","42UE","Mid Suffolk","E02006261","Mid Suffolk 001",,,3041,2902,139,57,82
"G","East of England","42","Suffolk","42UE","Mid Suffolk","E02006262","Mid Suffolk 002",,,3344,3172,172,65,107
"G","East of England","42","Suffolk","42UE","Mid Suffolk","E02006263","Mid Suffolk 003",,,2960,2796,164,63,101
"G","East of England","42","Suffolk","42UE","Mid Suffolk","E02006264","Mid Suffolk 004",,,3028,2943,85,21,64
"G","East of England","42","Suffolk","42UE","Mid Suffolk","E02006265","Mid Suffolk 005",,,2780,2714,66,15,51
"G","East of England","42","Suffolk","42UE","Mid Suffolk","E02006266","Mid Suffolk 006",,,3578,3474,104,38,66
"G","East of England","42","Suffolk","42UE","Mid Suffolk","E02006267","Mid Suffolk 007",,,3172,3014,158,57,101
"G","East of England","42","Suffolk","42UE","Mid Suffolk","E02006268","Mid Suffolk 008",,,2703,2632,71,6,65
"G","East of England","42","Suffolk","42UE","Mid Suffolk","E02006269","Mid Suffolk 009",,,2569,2489,80,18,62
"G","East of England","42","Suffolk","42UE","Mid Suffolk","E02006270","Mid Suffolk 010",,,3332,3230,102,13,89
"G","East of England","42","Suffolk","42UE","Mid Suffolk","E02006271","Mid Suffolk 011",,,3270,3129,141,14,127
"G","East of England","42","Suffolk","42UE","Mid Suffolk","E02006272","Mid Suffolk 012",,,2986,2901,85,12,73
"G","East of England","42","Suffolk","42UF","St Edmundsbury","E02006273","St Edmundsbury 001",,,2658,2558,100,25,75
"G","East of England","42","Suffolk","42UF","St Edmundsbury","E02006274","St Edmundsbury 002",,,2514,2320,194,28,166
"G","East of England","42","Suffolk","42UF","St Edmundsbury","E02006275","St Edmundsbury 003",,,2961,2901,60,4,56
"G","East of England","42","Suffolk","42UF","St Edmundsbury","E02006276","St Edmundsbury 004",,,2667,2598,69,15,54
"G","East of England","42","Suffolk","42UF","St Edmundsbury","E02006277","St Edmundsbury 005",,,2150,2112,38,5,33
"G","East of England","42","Suffolk","42UF","St Edmundsbury","E02006278","St Edmundsbury 006",,,3515,3297,218,33,185
"G","East of England","42","Suffolk","42UF","St Edmundsbury","E02006279","St Edmundsbury 007",,,3886,3813,73,4,69
"G","East of England","42","Suffolk","42UF","St Edmundsbury","E02006280","St Edmundsbury 008",,,3657,3542,115,28,87
"G","East of England","42","Suffolk","42UF","St Edmundsbury","E02006281","St Edmundsbury 009",,,3614,3467,147,14,133
"G","East of England","42","Suffolk","42UF","St Edmundsbury","E02006282","St Edmundsbury 010",,,2622,2491,131,49,82
"G","East of England","42","Suffolk","42UF","St Edmundsbury","E02006283","St Edmundsbury 011",,,2550,2443,107,30,77
"G","East of England","42","Suffolk","42UF","St Edmundsbury","E02006284","St Edmundsbury 012",,,2727,2622,105,9,96
"G","East of England","42","Suffolk","42UF","St Edmundsbury","E02006285","St Edmundsbury 013",,,2604,2466,138,0,138
"G","East of England","42","Suffolk","42UF","St Edmundsbury","E02006286","St Edmundsbury 014",,,4074,3930,144,6,138
"G","East of England","42","Suffolk","42UG","Suffolk Coastal","E02006287","Suffolk Coastal 001",,,3162,2646,516,392,124
"G","East of England","42","Suffolk","42UG","Suffolk Coastal","E02006288","Suffolk Coastal 002",,,3707,3451,256,126,130
"G","East of England","42","Suffolk","42UG","Suffolk Coastal","E02006289","Suffolk Coastal 003",,,3493,3186,307,179,128
"G","East of England","42","Suffolk","42UG","Suffolk Coastal","E02006290","Suffolk Coastal 004",,,4563,3848,715,578,137
"G","East of England","42","Suffolk","42UG","Suffolk Coastal","E02006291","Suffolk Coastal 005",,,3082,2937,145,56,89
"G","East of England","42","Suffolk","42UG","Suffolk Coastal","E02006292","Suffolk Coastal 006",,,2688,2591,97,31,66
"G","East of England","42","Suffolk","42UG","Suffolk Coastal","E02006293","Suffolk Coastal 007",,,4017,3370,647,274,373
"G","East of England","42","Suffolk","42UG","Suffolk Coastal","E02006294","Suffolk Coastal 008",,,3738,3521,217,111,106
"G","East of England","42","Suffolk","42UG","Suffolk Coastal","E02006295","Suffolk Coastal 009",,,3486,3419,67,0,67
"G","East of England","42","Suffolk","42UG","Suffolk Coastal","E02006296","Suffolk Coastal 010",,,3791,3687,104,34,70
"G","East of England","42","Suffolk","42UG","Suffolk Coastal","E02006297","Suffolk Coastal 011",,,2974,2892,82,14,68
"G","East of England","42","Suffolk","42UG","Suffolk Coastal","E02006298","Suffolk Coastal 012",,,3750,3668,82,14,68
"G","East of England","42","Suffolk","42UG","Suffolk Coastal","E02006299","Suffolk Coastal 013",,,3834,3692,142,47,95
"G","East of England","42","Suffolk","42UG","Suffolk Coastal","E02006300","Suffolk Coastal 014",,,3555,3468,87,17,70
"G","East of England","42","Suffolk","42UG","Suffolk Coastal","E02006301","Suffolk Coastal 015",,,2857,2649,208,59,149
"G","East of England","42","Suffolk","42UH","Waveney","E02006302","Waveney 001",,,2959,2836,123,33,90
"G","East of England","42","Suffolk","42UH","Waveney","E02006303","Waveney 002",,,3007,2916,91,7,84
"G","East of England","42","Suffolk","42UH","Waveney","E02006304","Waveney 003",,,3226,3160,66,4,62
"G","East of England","42","Suffolk","42UH","Waveney","E02006305","Waveney 004",,,4365,4069,296,13,283
"G","East of England","42","Suffolk","42UH","Waveney","E02006306","Waveney 005",,,3294,3159,135,13,122
"G","East of England","42","Suffolk","42UH","Waveney","E02006307","Waveney 006",,,3231,3167,64,18,46
"G","East of England","42","Suffolk","42UH","Waveney","E02006308","Waveney 007",,,3875,3423,452,52,400
"G","East of England","42","Suffolk","42UH","Waveney","E02006309","Waveney 008",,,3074,2989,85,8,77
"G","East of England","42","Suffolk","42UH","Waveney","E02006310","Waveney 009",,,2699,2626,73,9,64
"G","East of England","42","Suffolk","42UH","Waveney","E02006311","Waveney 010",,,3748,3585,163,39,124
"G","East of England","42","Suffolk","42UH","Waveney","E02006312","Waveney 011",,,3518,3396,122,21,101
"G","East of England","42","Suffolk","42UH","Waveney","E02006313","Waveney 012",,,4571,4166,405,284,121
"G","East of England","42","Suffolk","42UH","Waveney","E02006314","Waveney 013",,,3182,3006,176,41,135
"G","East of England","42","Suffolk","42UH","Waveney","E02006315","Waveney 014",,,3580,2864,716,585,131
"G","East of England","42","Suffolk","42UH","Waveney","E02006316","Waveney 015",,,3277,3062,215,111,104