DATASET_TITLE,Distance Travelled to Work - Workplace Population (UV80),,,,,,,,FROM,Apr-2001,Apr-2001,Apr-2001,Apr-2001,Apr-2001,Apr-2001,Apr-2001,Apr-2001,Apr-2001,Apr-2001
AREA_TYPE,Country,,,,,,,,TO,Apr-2001,Apr-2001,Apr-2001,Apr-2001,Apr-2001,Apr-2001,Apr-2001,Apr-2001,Apr-2001,Apr-2001
GEO_HIERARCHY,NeSS Geography Hierarchy,,,,,,,,HEADING,All People Aged 16 to 74 in Employment in Area,Works mainly at or from home,Distance travelled to work: Less than 2km,Distance travelled to work: 2km to less than 5km,Distance travelled to work: 5km to less than 10km,Distance travelled to work: 10km to less than 20km,Distance travelled to work: 20km to less than 30km,Distance travelled to work: 30km to less than 40km,Distance travelled to work: 40km to less than 60km,Distance travelled to work: 60km and over
,,,,,,,,,MEASUREMENT_UNIT,Count,Count,Count,Count,Count,Count,Count,Count,Count,Count
,,,,,,,,,STATISTICAL_UNIT,Persons,Persons,Persons,Persons,Persons,Persons,Persons,Persons,Persons,Persons
UK_CODE,UK_NAME,GB_CODE,GB_NAME,EW_CODE,EW_NAME,CTRY_CODE,CTRY_NAME,AREA_METADATA,,DATA_VALUE,DATA_VALUE,DATA_VALUE,DATA_VALUE,DATA_VALUE,DATA_VALUE,DATA_VALUE,DATA_VALUE,DATA_VALUE,DATA_VALUE
"213","United Kingdom","078","Great Britain","727","England and Wales","064","England",,,22376120,3046762,4483669,4510167,4093941,3416826,1199166,530080,490505,605004
"213","United Kingdom","078","Great Britain","727","England and Wales","220","Wales",,,1152932,163521,247492,214911,211107,184378,69491,25924,17556,18552