DATASET_TITLE,"Incapacity Benefit/Severe Disablement Allowance Claimants, August 2007",,,,,,FROM,Aug-2007,Aug-2007,Aug-2007,Aug-2007,Aug-2007,Aug-2007,Aug-2007,Aug-2007,Aug-2007,Aug-2007,Aug-2007,Aug-2007,Aug-2007,Aug-2007,Aug-2007,Aug-2007,Aug-2007,Aug-2007,Aug-2007,Aug-2007,Aug-2007,Aug-2007,Aug-2007,Aug-2007,Aug-2007,Aug-2007,Aug-2007,Aug-2007,Aug-2007,Aug-2007,Aug-2007,Aug-2007
AREA_TYPE,Local Authority,,,,,,TO,Aug-2007,Aug-2007,Aug-2007,Aug-2007,Aug-2007,Aug-2007,Aug-2007,Aug-2007,Aug-2007,Aug-2007,Aug-2007,Aug-2007,Aug-2007,Aug-2007,Aug-2007,Aug-2007,Aug-2007,Aug-2007,Aug-2007,Aug-2007,Aug-2007,Aug-2007,Aug-2007,Aug-2007,Aug-2007,Aug-2007,Aug-2007,Aug-2007,Aug-2007,Aug-2007,Aug-2007,Aug-2007
GEO_HIERARCHY,NeSS Geography Hierarchy,,,,,,HEADING,Total,Total Incapacity Benefit Claimants,Total Severe Disablement Allowance Claimants,Claimants Aged 16-24,Claimants Aged 16-24,Claimants Aged 25-49,Claimants Aged 25-49,Claimants Aged 50-59,Claimants Aged 50-59,Claimants Aged 60 and Over,Claimants Aged 60 and Over,Male,Male,Female,Female,Claim Duration Less Than 6 Months,Claim Duration 6 Months-1 Year,Claim Duration 1-2 Years,Claim Duration 2-5 Years,Claim Duration 5 Years and Over,Medical Reason for Claiming; Mental Disorders,Medical Reason for Claiming; Mental Disorders,Medical Reason for Claiming; Diseases of the Nervous System,Medical Reason for Claiming; Diseases of the Nervous System,Medical Reason for Claiming; Diseases of the Respiratory or Circulatory System,Medical Reason for Claiming; Diseases of the Respiratory or Circulatory System,Medical Reason for Claiming; Musculoskeletal Diseases,Medical Reason for Claiming; Musculoskeletal Diseases,Medical Reason for Claiming; Injury or Poisoning,Medical Reason for Claiming; Injury or Poisoning,Medical Reason for Claiming; Other,Medical Reason for Claiming; Other
,,,,,,,MEASUREMENT_UNIT,Count,Count,Count,Count,Percentage,Count,Percentage,Count,Percentage,Count,Percentage,Count,Percentage,Count,Percentage,Count,Count,Count,Count,Count,Count,Percentage,Count,Percentage,Count,Percentage,Count,Percentage,Count,Percentage,Count,Percentage
,,,,,,,STATISTICAL_UNIT,Persons,Persons,Persons,Persons,Persons,Persons,Persons,Persons,Persons,Persons,Persons,Persons,Persons,Persons,Persons,Persons,Persons,Persons,Persons,Persons,Persons,Persons,Persons,Persons,Persons,Persons,Persons,Persons,Persons,Persons,Persons,Persons
GOR_CODE,GOR_NAME,CTY_CODE,CTY_NAME,LA_CODE,LA_NAME,AREA_METADATA,,DATA_VALUE,DATA_VALUE,DATA_VALUE,DATA_VALUE,DATA_VALUE,DATA_VALUE,DATA_VALUE,DATA_VALUE,DATA_VALUE,DATA_VALUE,DATA_VALUE,DATA_VALUE,DATA_VALUE,DATA_VALUE,DATA_VALUE,DATA_VALUE,DATA_VALUE,DATA_VALUE,DATA_VALUE,DATA_VALUE,DATA_VALUE,DATA_VALUE,DATA_VALUE,DATA_VALUE,DATA_VALUE,DATA_VALUE,DATA_VALUE,DATA_VALUE,DATA_VALUE,DATA_VALUE,DATA_VALUE,DATA_VALUE
"A","North East",,,"00CH","Gateshead",,,12770,11760,1010,800,6,5775,45,4400,34,1795,14,7640,60,5130,40,1280,655,980,2180,7675,5340,42,630,5,890,7,2480,19,760,6,2670,21
"A","North East",,,"00CJ","Newcastle upon Tyne",,,16835,15355,1480,1130,7,8075,48,5560,33,2070,12,10095,60,6740,40,1540,835,1270,3115,10075,7665,46,850,5,1085,6,2935,17,885,5,3415,20
"A","North East",,,"00CK","North Tyneside",,,10420,9445,975,610,6,4620,44,3630,35,1560,15,6020,58,4400,42,1005,560,840,1890,6125,3850,37,605,6,755,7,2155,21,645,6,2410,23
"A","North East",,,"00CL","South Tyneside",,,10025,9305,720,645,6,4360,43,3590,36,1430,14,5900,59,4125,41,1160,570,855,1725,5715,3870,39,475,5,770,8,2090,21,650,6,2170,22
"A","North East",,,"00CM","Sunderland",,,20745,19095,1650,1260,6,9045,44,7430,36,3010,15,12300,59,8445,41,1900,1035,1505,3720,12585,8195,40,1120,5,1720,8,4630,22,1190,6,3890,19
"A","North East",,,"00EB","Hartlepool",,,7175,6575,600,405,6,3315,46,2490,35,965,13,4045,56,3130,44,650,320,485,1310,4410,2755,38,390,5,530,7,1790,25,390,5,1320,18
"A","North East",,,"00EC","Middlesbrough",,,9970,8940,1030,730,7,4770,48,3355,34,1115,11,5735,58,4235,42,840,485,710,1895,6040,4255,43,525,5,840,8,1805,18,470,5,2075,21
"A","North East",,,"00EE","Redcar and Cleveland",,,8785,7910,875,600,7,3790,43,3015,34,1380,16,5005,57,3780,43,645,435,615,1560,5530,3475,40,540,6,695,8,1890,22,475,5,1710,19
"A","North East",,,"00EF","Stockton-on-Tees",,,9820,9005,815,660,7,4335,44,3480,35,1345,14,5605,57,4215,43,985,560,800,1905,5570,3850,39,590,6,780,8,2095,21,555,6,1950,20
"A","North East",,,"00EH","Darlington",,,5440,4785,655,335,6,2535,47,1830,34,740,14,3250,60,2190,40,475,310,430,1030,3195,2370,44,300,6,400,7,1040,19,275,5,1055,19
"A","North East","20","Durham","20UB","Chester-le-Street",,,3105,2845,260,200,6,1320,43,1040,33,545,18,1840,59,1265,41,285,185,260,530,1845,1260,41,180,6,230,7,660,21,180,6,595,19
"A","North East","20","Durham","20UD","Derwentside",,,6085,5495,590,415,7,2535,42,2095,34,1040,17,3650,60,2435,40,530,370,440,1095,3650,2355,39,295,5,470,8,1360,22,410,7,1195,20
"A","North East","20","Durham","20UE","Durham",,,4575,4180,395,250,5,1930,42,1560,34,835,18,2750,60,1825,40,390,230,345,845,2765,1720,38,295,6,385,8,950,21,265,6,960,21
"A","North East","20","Durham","20UF","Easington",,,10120,9400,720,650,6,4530,45,3415,34,1525,15,5895,58,4225,42,775,435,590,1590,6730,3800,38,440,4,745,7,2155,21,750,7,2230,22
"A","North East","20","Durham","20UG","Sedgefield",,,6665,6035,630,390,6,2775,42,2420,36,1080,16,3745,56,2920,44,585,335,465,1265,4015,2310,35,350,5,525,8,1555,23,405,6,1520,23
"A","North East","20","Durham","20UH","Teesdale",,,1095,990,105,60,5,395,36,415,38,225,21,660,60,435,40,75,75,80,210,655,380,35,60,5,95,9,270,25,60,5,230,21
"A","North East","20","Durham","20UJ","Wear Valley",,,4825,4380,445,280,6,2105,44,1670,35,770,16,2770,57,2055,43,405,255,385,965,2815,1680,35,260,5,375,8,1150,24,265,5,1095,23
"A","North East","35","Northumberland","35UB","Alnwick",,,1150,1015,135,65,6,415,36,440,38,230,20,705,61,445,39,115,85,60,205,685,360,31,100,9,65,6,220,19,85,7,320,28
"A","North East","35","Northumberland","35UC","Berwick-upon-Tweed",,,1045,935,110,40,4,375,36,410,39,220,21,610,58,435,42,120,45,65,195,620,335,32,75,7,90,9,265,25,65,6,215,21
"A","North East","35","Northumberland","35UD","Blyth Valley",,,4855,4425,430,320,7,2110,43,1685,35,740,15,2845,59,2010,41,490,210,365,865,2925,1825,38,245,5,345,7,1065,22,290,6,1085,22
"A","North East","35","Northumberland","35UE","Castle Morpeth",,,1955,1675,280,120,6,815,42,670,34,350,18,1190,61,765,39,150,85,130,335,1255,660,34,140,7,110,6,355,18,95,5,595,30
"A","North East","35","Northumberland","35UF","Tynedale",,,1960,1665,295,150,8,745,38,670,34,395,20,1160,59,800,41,155,105,145,360,1195,650,33,170,9,145,7,420,21,125,6,450,23
"A","North East","35","Northumberland","35UG","Wansbeck",,,4165,3815,350,265,6,1740,42,1470,35,690,17,2525,61,1640,39,380,210,265,750,2560,1570,38,210,5,290,7,875,21,215,5,1005,24
"B","North West",,,"00BL","Bolton",,,16200,15095,1105,1045,6,7540,47,5465,34,2145,13,9475,58,6725,42,1495,950,1450,3465,8840,7190,44,860,5,1385,9,2725,17,945,6,3095,19
"B","North West",,,"00BM","Bury",,,9540,8725,815,580,6,4575,48,3150,33,1235,13,5590,59,3950,41,840,535,795,1920,5450,4400,46,575,6,685,7,1585,17,525,6,1770,19
"B","North West",,,"00BN","Manchester",,,35465,33025,2440,2420,7,18995,54,10730,30,3320,9,21175,60,14290,40,3185,1970,2940,6860,20510,17425,49,1655,5,2535,7,5075,14,1650,5,7125,20
"B","North West",,,"00BP","Oldham",,,13340,12350,990,800,6,6385,48,4545,34,1610,12,7625,57,5715,43,1245,785,1105,2790,7415,5605,42,770,6,1175,9,2650,20,755,6,2385,18
"B","North West",,,"00BQ","Rochdale",,,14460,13425,1035,920,6,7070,49,4845,34,1625,11,8360,58,6100,42,1315,845,1220,2980,8100,6725,47,700,5,1250,9,2650,18,745,5,2390,17
"B","North West",,,"00BR","Salford",,,16215,15015,1200,1045,6,7850,48,5265,32,2055,13,9915,61,6300,39,1320,875,1230,3220,9570,7695,47,770,5,1275,8,2695,17,855,5,2925,18
"B","North West",,,"00BS","Stockport",,,11835,10730,1105,735,6,5560,47,3965,34,1575,13,6725,57,5110,43,1110,685,1080,2405,6555,5255,44,865,7,980,8,1775,15,650,5,2310,20
"B","North West",,,"00BT","Tameside",,,14255,13170,1085,850,6,6665,47,4780,34,1960,14,8320,58,5935,42,1320,810,1235,2905,7985,5935,42,730,5,1320,9,2755,19,950,7,2565,18
"B","North West",,,"00BU","Trafford",,,9410,8620,790,575,6,4450,47,3140,33,1245,13,5380,57,4030,43,850,520,830,1925,5285,3945,42,535,6,725,8,1520,16,505,5,2180,23
"B","North West",,,"00BW","Wigan",,,20805,19280,1525,1035,5,8975,43,7260,35,3535,17,11775,57,9030,43,1860,1085,1555,3915,12390,7090,34,910,4,1815,9,4090,20,1295,6,5605,27
"B","North West",,,"00BX","Knowsley",,,12860,11625,1235,710,6,6095,47,4455,35,1600,12,7080,55,5780,45,1095,660,970,2185,7950,5365,42,570,4,1195,9,2420,19,590,5,2720,21
"B","North West",,,"00BY","Liverpool",,,38370,35080,3290,2050,5,18360,48,13310,35,4645,12,21810,57,16560,43,3015,1835,2900,6400,24220,17070,44,1720,4,3440,9,6320,16,1815,5,8005,21
"B","North West",,,"00BZ","St. Helens",,,12425,11275,1150,660,5,5435,44,4300,35,2030,16,7265,58,5160,42,1050,685,965,2510,7215,5005,40,600,5,1230,10,2575,21,675,5,2340,19
"B","North West",,,"00CA","Sefton",,,15875,14135,1740,770,5,7285,46,5555,35,2265,14,9095,57,6780,43,1305,775,1255,2820,9720,6635,42,945,6,1280,8,2605,16,860,5,3550,22
"B","North West",,,"00CB","Wirral",,,19670,17695,1975,1100,6,9090,46,6755,34,2725,14,11305,57,8365,43,1690,1030,1505,3410,12035,8680,44,1085,6,1790,9,3340,17,960,5,3815,19
"B","North West",,,"00ET","Halton",,,8725,7800,925,485,6,3865,44,3100,36,1275,15,4880,56,3845,44,775,445,690,1600,5215,3085,35,450,5,790,9,1700,19,475,5,2225,26
"B","North West",,,"00EU","Warrington",,,8565,7585,980,465,5,3845,45,2875,34,1380,16,4915,57,3650,43,785,490,735,1535,5020,3280,38,485,6,755,9,1480,17,465,5,2100,25
"B","North West",,,"00EX","Blackburn with Darwen",,,9970,9230,740,685,7,4890,49,3305,33,1090,11,5940,60,4030,40,940,610,1010,2030,5380,4575,46,500,5,830,8,1710,17,450,5,1905,19
"B","North West",,,"00EY","Blackpool",,,11460,10535,925,655,6,5635,49,3675,32,1495,13,7025,61,4435,39,1100,680,1045,2295,6340,4875,43,630,5,960,8,1935,17,660,6,2400,21
"B","North West","13","Cheshire","13UB","Chester",,,4885,4385,500,310,6,2305,47,1620,33,650,13,2900,59,1985,41,415,290,425,835,2920,2225,46,295,6,350,7,760,16,215,4,1040,21
"B","North West","13","Cheshire","13UC","Congleton",,,2835,2510,325,155,5,1165,41,1025,36,490,17,1580,56,1255,44,285,210,255,520,1565,1050,37,230,8,265,9,525,19,180,6,585,21
"B","North West","13","Cheshire","13UD","Crewe and Nantwich",,,4305,3820,485,270,6,1830,43,1480,34,725,17,2455,57,1850,43,370,275,385,780,2495,1645,38,345,8,375,9,840,20,225,5,875,20
"B","North West","13","Cheshire","13UE","Ellesmere Port & Neston",,,3770,3310,460,240,6,1805,48,1185,31,540,14,2060,55,1710,45,385,215,325,720,2125,1515,40,225,6,325,9,705,19,220,6,780,21
"B","North West","13","Cheshire","13UG","Macclesfield",,,4530,3880,650,255,6,2080,46,1490,33,705,16,2585,57,1945,43,430,265,380,860,2595,1955,43,420,9,310,7,655,14,230,5,960,21
"B","North West","13","Cheshire","13UH","Vale Royal",,,5020,4420,600,270,5,2100,42,1795,36,855,17,2835,56,2185,44,465,270,415,865,3005,1660,33,300,6,455,9,1105,22,250,5,1250,25
"B","North West","16","Cumbria","16UB","Allerdale",,,4745,4245,500,260,5,1970,42,1720,36,795,17,2825,60,1920,40,440,270,370,965,2700,1690,36,270,6,435,9,945,20,385,8,1020,21
"B","North West","16","Cumbria","16UC","Barrow-in-Furness",,,5465,4935,530,330,6,2420,44,1850,34,865,16,3215,59,2250,41,385,260,355,1045,3420,2205,40,310,6,465,9,1120,20,315,6,1050,19
"B","North West","16","Cumbria","16UD","Carlisle",,,5050,4485,565,280,6,2350,47,1710,34,710,14,2785,55,2265,45,515,315,440,980,2800,2130,42,335,7,455,9,875,17,275,5,980,19
"B","North West","16","Cumbria","16UE","Copeland",,,4160,3830,330,310,7,1695,41,1510,36,645,16,2475,59,1685,41,350,210,330,850,2420,1560,38,245,6,365,9,880,21,245,6,865,21
"B","North West","16","Cumbria","16UF","Eden",,,1545,1340,205,105,7,645,42,555,36,240,16,895,58,650,42,170,105,110,275,885,510,33,160,10,130,8,285,18,80,5,380,25
"B","North West","16","Cumbria","16UG","South Lakeland",,,3090,2750,340,155,5,1230,40,1115,36,590,19,1805,58,1285,42,305,170,245,590,1780,1090,35,220,7,255,8,570,18,210,7,745,24
"B","North West","30","Lancashire","30UD","Burnley",,,6595,6175,420,370,6,3135,48,2285,35,805,12,3790,57,2805,43,615,325,560,1315,3780,2800,42,335,5,585,9,1385,21,390,6,1100,17
"B","North West","30","Lancashire","30UE","Chorley",,,4680,4135,545,235,5,2015,43,1640,35,790,17,2660,57,2020,43,425,255,425,915,2660,1690,36,285,6,390,8,845,18,320,7,1150,25
"B","North West","30","Lancashire","30UF","Fylde",,,3125,2755,370,140,4,1350,43,1085,35,550,18,1775,57,1350,43,280,155,265,600,1825,1135,36,260,8,270,9,550,18,155,5,755,24
"B","North West","30","Lancashire","30UG","Hyndburn",,,5690,5195,495,370,7,2670,47,1895,33,755,13,3345,59,2345,41,495,310,560,1145,3180,2425,43,295,5,490,9,1055,19,365,6,1060,19
"B","North West","30","Lancashire","30UH","Lancaster",,,6630,5900,730,420,6,3075,46,2165,33,970,15,3825,58,2805,42,575,390,575,1350,3740,3075,46,430,6,540,8,1020,15,280,4,1285,19
"B","North West","30","Lancashire","30UJ","Pendle",,,5575,5230,345,345,6,2570,46,1950,35,710,13,3215,58,2360,42,550,305,455,1085,3180,2315,42,340,6,480,9,1135,20,285,5,1020,18
"B","North West","30","Lancashire","30UK","Preston",,,7840,7140,700,590,8,3845,49,2530,32,875,11,4525,58,3315,42,720,465,695,1630,4330,3410,43,450,6,630,8,1210,15,435,6,1705,22
"B","North West","30","Lancashire","30UL","Ribble Valley",,,1860,1600,260,115,6,765,41,670,36,310,17,1100,59,760,41,190,120,150,335,1065,750,40,110,6,150,8,305,16,130,7,415,22
"B","North West","30","Lancashire","30UM","Rossendale",,,3845,3565,280,200,5,1735,45,1370,36,540,14,2250,59,1595,41,380,220,305,700,2240,1595,41,215,6,330,9,775,20,255,7,675,18
"B","North West","30","Lancashire","30UN","South Ribble",,,4170,3645,525,250,6,1780,43,1480,35,660,16,2275,55,1895,45,415,235,355,810,2355,1515,36,255,6,350,8,770,18,280,7,1000,24
"B","North West","30","Lancashire","30UP","West Lancashire",,,5340,4760,580,280,5,2280,43,1910,36,870,16,2990,56,2350,44,480,320,425,1000,3115,1835,34,370,7,485,9,1130,21,345,6,1175,22
"B","North West","30","Lancashire","30UQ","Wyre",,,5000,4480,520,255,5,2000,40,1850,37,895,18,2910,58,2090,42,435,290,415,970,2890,1775,36,365,7,475,10,965,19,335,7,1085,22
"D","Yorkshire and The Humber",,,"00CC","Barnsley",,,16955,15650,1305,840,5,7095,42,5975,35,3045,18,10170,60,6785,40,1365,820,1240,3055,10475,6215,37,815,5,1565,9,4005,24,1125,7,3230,19
"D","Yorkshire and The Humber",,,"00CE","Doncaster",,,17420,15665,1755,1085,6,7615,44,5945,34,2775,16,10195,59,7225,41,1680,905,1305,3145,10385,6065,35,1015,6,1520,9,3340,19,975,6,4505,26
"D","Yorkshire and The Humber",,,"00CF","Rotherham",,,14595,13110,1485,880,6,6405,44,4975,34,2335,16,8690,60,5905,40,1155,740,1120,2930,8650,5455,37,815,6,1295,9,2930,20,805,6,3295,23
"D","Yorkshire and The Humber",,,"00CG","Sheffield",,,25650,23115,2535,1770,7,12580,49,7800,30,3500,14,15125,59,10525,41,2390,1620,2250,5200,14190,11040,43,1500,6,1920,7,3895,15,1180,5,6115,24
"D","Yorkshire and The Humber",,,"00CX","Bradford",,,24510,22310,2200,1540,6,11875,48,8420,34,2675,11,14330,58,10180,42,2560,1505,1925,5070,13450,10330,42,1260,5,1965,8,4315,18,1300,5,5340,22
"D","Yorkshire and The Humber",,,"00CY","Calderdale",,,9015,8245,770,565,6,4050,45,3170,35,1230,14,5095,57,3920,43,980,660,815,1810,4750,3650,40,680,8,920,10,1480,16,505,6,1780,20
"D","Yorkshire and The Humber",,,"00CZ","Kirklees",,,18160,16505,1655,1240,7,8495,47,6185,34,2240,12,10450,58,7710,42,1995,1350,1610,3425,9780,7105,39,1150,6,1715,9,3385,19,1020,6,3785,21
"D","Yorkshire and The Humber",,,"00DA","Leeds",,,31330,28385,2945,1960,6,15110,48,10380,33,3880,12,17790,57,13540,43,3610,2095,2610,6115,16900,13945,45,1980,6,2580,8,4885,16,1790,6,6150,20
"D","Yorkshire and The Humber",,,"00DB","Wakefield",,,19725,17875,1850,1220,6,8375,42,6835,35,3295,17,11775,60,7950,40,1910,1135,1495,3595,11590,6825,35,1035,5,1820,9,4540,23,1095,6,4410,22
"D","Yorkshire and The Humber",,,"00FA","Kingston upon Hull, City of",,,14755,13085,1670,985,7,7140,48,4845,33,1785,12,8625,58,6130,42,1620,980,1285,2905,7965,5575,38,965,7,1240,8,2755,19,785,5,3435,23
"D","Yorkshire and The Humber",,,"00FB","East Riding of Yorkshire",,,10640,9165,1475,500,5,4120,39,3950,37,2070,19,6230,59,4410,41,1010,655,830,1975,6170,3240,30,980,9,905,9,2185,21,590,6,2740,26
"D","Yorkshire and The Humber",,,"00FC","North East Lincolnshire",,,7175,6445,730,670,9,3300,46,2300,32,905,13,4265,59,2910,41,755,520,690,1535,3675,2725,38,525,7,585,8,1205,17,395,6,1740,24
"D","Yorkshire and The Humber",,,"00FD","North Lincolnshire",,,6655,5820,835,430,6,2910,44,2360,35,955,14,3725,56,2930,44,700,425,575,1320,3635,2260,34,520,8,640,10,1305,20,330,5,1600,24
"D","Yorkshire and The Humber",,,"00FF","York",,,5600,4885,715,350,6,2650,47,1845,33,755,13,3205,57,2395,43,595,370,455,1060,3120,2425,43,500,9,325,6,795,14,270,5,1285,23
"D","Yorkshire and The Humber","36","North Yorkshire","36UB","Craven",,,1500,1345,155,75,5,600,40,550,37,275,18,870,58,630,42,130,115,135,290,830,560,37,155,10,135,9,265,18,70,5,315,21
"D","Yorkshire and The Humber","36","North Yorkshire","36UC","Hambleton",,,2120,1790,330,105,5,805,38,800,38,410,19,1170,55,950,45,175,105,170,410,1260,750,35,180,8,195,9,380,18,135,6,480,23
"D","Yorkshire and The Humber","36","North Yorkshire","36UD","Harrogate",,,3815,3130,685,235,6,1775,47,1195,31,610,16,2165,57,1650,43,350,220,285,715,2245,1480,39,400,10,265,7,525,14,185,5,960,25
"D","Yorkshire and The Humber","36","North Yorkshire","36UE","Richmondshire",,,1075,940,135,45,4,465,43,395,37,170,16,580,54,495,46,120,40,90,215,610,325,30,100,9,65,6,240,22,70,7,275,26
"D","Yorkshire and The Humber","36","North Yorkshire","36UF","Ryedale",,,1265,1090,175,75,6,490,39,445,35,255,20,715,57,550,43,135,75,95,240,720,350,28,145,11,110,9,250,20,80,6,330,26
"D","Yorkshire and The Humber","36","North Yorkshire","36UG","Scarborough",,,5170,4630,540,295,6,2255,44,1800,35,820,16,3035,59,2135,41,490,315,400,980,2985,2040,39,380,7,425,8,1005,19,240,5,1080,21
"D","Yorkshire and The Humber","36","North Yorkshire","36UH","Selby",,,2300,2075,225,130,6,910,40,835,36,425,18,1310,57,990,43,225,145,190,425,1315,695,30,205,9,210,9,510,22,155,7,525,23
"E","East Midlands",,,"00FK","Derby",,,11460,10165,1295,740,6,5655,49,3630,32,1435,13,6580,57,4880,43,1125,705,1115,2265,6250,4560,40,655,6,735,6,2205,19,620,5,2685,23
"E","East Midlands",,,"00FN","Leicester",,,15925,14260,1665,1030,6,7625,48,5645,35,1625,10,8855,56,7070,44,1675,1015,1500,3325,8410,6740,42,860,5,1340,8,2650,17,710,4,3625,23
"E","East Midlands",,,"00FP","Rutland",,,620,530,90,15,2,295,48,215,35,95,15,345,56,275,44,65,30,55,120,350,220,35,55,9,40,6,105,17,40,6,160,26
"E","East Midlands",,,"00FY","Nottingham",,,17665,15705,1960,1160,7,9395,53,5310,30,1800,10,10500,59,7165,41,1550,1065,1495,3740,9815,8270,47,855,5,1130,6,2915,17,915,5,3580,20
"E","East Midlands","17","Derbyshire","17UB","Amber Valley",,,5055,4520,535,240,5,2145,42,1770,35,900,18,2975,59,2080,41,505,245,435,985,2885,1705,34,310,6,390,8,1095,22,285,6,1270,25
"E","East Midlands","17","Derbyshire","17UC","Bolsover",,,5040,4525,515,275,5,2120,42,1715,34,930,18,3105,62,1935,38,365,255,380,855,3185,1595,32,260,5,470,9,1255,25,345,7,1115,22
"E","East Midlands","17","Derbyshire","17UD","Chesterfield",,,6140,5395,745,345,6,2735,45,2110,34,950,15,3680,60,2460,40,550,360,510,1135,3585,2425,39,320,5,490,8,1255,20,310,5,1340,22
"E","East Midlands","17","Derbyshire","17UF","Derbyshire Dales",,,1855,1635,220,90,5,735,40,665,36,365,20,1085,58,770,42,180,90,160,330,1095,635,34,145,8,100,5,385,21,125,7,465,25
"E","East Midlands","17","Derbyshire","17UG","Erewash",,,4330,3850,480,295,7,1875,43,1455,34,705,16,2410,56,1920,44,455,235,405,850,2385,1515,35,285,7,305,7,890,21,245,6,1090,25
"E","East Midlands","17","Derbyshire","17UH","High Peak",,,3420,3075,345,215,6,1545,45,1175,34,485,14,1970,58,1450,42,290,225,305,620,1980,1315,38,265,8,270,8,640,19,190,6,740,22
"E","East Midlands","17","Derbyshire","17UJ","North East Derbyshire",,,4435,3890,545,195,4,1830,41,1535,35,875,20,2690,61,1745,39,360,245,320,805,2705,1445,33,315,7,375,8,1055,24,280,6,965,22
"E","East Midlands","17","Derbyshire","17UK","South Derbyshire",,,3270,2935,335,175,5,1325,41,1195,37,575,18,1795,55,1475,45,330,220,295,600,1825,1060,32,220,7,275,8,765,23,180,6,770,24
"E","East Midlands","31","Leicestershire","31UB","Blaby",,,2185,1905,280,115,5,905,41,815,37,350,16,1195,55,990,45,220,120,185,460,1200,800,37,220,10,170,8,375,17,115,5,505,23
"E","East Midlands","31","Leicestershire","31UC","Charnwood",,,4340,3785,555,310,7,2010,46,1475,34,545,13,2340,54,2000,46,480,295,435,930,2200,1820,42,350,8,315,7,705,16,215,5,935,22
"E","East Midlands","31","Leicestershire","31UD","Harborough",,,1600,1355,245,85,5,675,42,550,34,290,18,870,54,730,46,160,100,145,320,875,650,41,165,10,115,7,260,16,80,5,330,21
"E","East Midlands","31","Leicestershire","31UE","Hinckley and Bosworth",,,2850,2520,330,190,7,1235,43,965,34,460,16,1550,54,1300,46,345,170,270,600,1465,1150,40,210,7,215,8,505,18,180,6,590,21
"E","East Midlands","31","Leicestershire","31UG","Melton",,,1000,840,160,55,6,425,43,365,37,155,16,550,55,450,45,85,65,80,205,565,365,37,65,7,70,7,205,21,60,6,235,24
"E","East Midlands","31","Leicestershire","31UH","North West Leicestershire",,,3125,2760,365,175,6,1370,44,1065,34,515,16,1760,56,1365,44,275,210,270,620,1750,1085,35,225,7,280,9,700,22,180,6,655,21
"E","East Midlands","31","Leicestershire","31UJ","Oadby and Wigston",,,1460,1310,150,90,6,625,43,530,36,215,15,755,52,705,48,150,100,155,290,765,590,40,80,5,115,8,260,18,85,6,330,23
"E","East Midlands","32","Lincolnshire","32UB","Boston",,,2770,2420,350,165,6,1210,44,970,35,425,15,1600,58,1170,42,260,165,220,530,1595,855,31,185,7,210,8,665,24,140,5,715,26
"E","East Midlands","32","Lincolnshire","32UC","East Lindsey",,,7795,6810,985,410,5,2990,38,2855,37,1540,20,4690,60,3105,40,580,410,590,1510,4705,2320,30,550,7,735,9,1980,25,450,6,1760,23
"E","East Midlands","32","Lincolnshire","32UD","Lincoln",,,4545,4040,505,375,8,2325,51,1335,29,510,11,2640,58,1905,42,515,265,425,875,2465,2050,45,280,6,310,7,690,15,210,5,1005,22
"E","East Midlands","32","Lincolnshire","32UE","North Kesteven",,,2960,2555,405,180,6,1205,41,1055,36,520,18,1670,56,1290,44,265,185,245,565,1700,880,30,265,9,255,9,650,22,195,7,715,24
"E","East Midlands","32","Lincolnshire","32UF","South Holland",,,2915,2525,390,135,5,1210,42,1040,36,530,18,1570,54,1345,46,270,205,265,545,1630,810,28,255,9,240,8,650,22,190,7,770,26
"E","East Midlands","32","Lincolnshire","32UG","South Kesteven",,,3715,3190,525,230,6,1625,44,1265,34,595,16,2005,54,1710,46,355,250,350,705,2055,1230,33,280,8,315,8,710,19,245,7,935,25
"E","East Midlands","32","Lincolnshire","32UH","West Lindsey",,,3325,2800,525,185,6,1470,44,1115,34,555,17,1930,58,1395,42,305,200,305,585,1930,1180,35,290,9,240,7,645,19,180,5,790,24
"E","East Midlands","34","Northamptonshire","34UB","Corby",,,2795,2525,270,180,6,1370,49,940,34,305,11,1545,55,1250,45,315,185,280,595,1420,1040,37,165,6,250,9,515,18,160,6,665,24
"E","East Midlands","34","Northamptonshire","34UC","Daventry",,,1810,1635,175,135,7,835,46,595,33,245,14,935,52,875,48,250,135,180,375,870,700,39,160,9,115,6,275,15,110,6,450,25
"E","East Midlands","34","Northamptonshire","34UD","East Northamptonshire",,,2200,1905,295,130,6,990,45,775,35,305,14,1205,55,995,45,250,140,215,460,1135,725,33,180,8,175,8,420,19,145,7,555,25
"E","East Midlands","34","Northamptonshire","34UE","Kettering",,,3100,2735,365,210,7,1495,48,1000,32,395,13,1675,54,1425,46,370,210,295,635,1590,1155,37,230,7,250,8,585,19,150,5,730,24
"E","East Midlands","34","Northamptonshire","34UF","Northampton",,,7600,6545,1055,520,7,3870,51,2325,31,885,12,4325,57,3275,43,825,415,790,1515,4055,3335,44,510,7,535,7,985,13,435,6,1800,24
"E","East Midlands","34","Northamptonshire","34UG","South Northamptonshire",,,1530,1380,150,115,8,625,41,540,35,250,16,810,53,720,47,165,95,165,345,760,500,33,145,9,150,10,270,18,105,7,360,24
"E","East Midlands","34","Northamptonshire","34UH","Wellingborough",,,2660,2315,345,165,6,1300,49,830,31,365,14,1485,56,1175,44,250,160,250,555,1445,1010,38,210,8,185,7,425,16,160,6,670,25
"E","East Midlands","37","Nottinghamshire","37UB","Ashfield",,,6635,5995,640,395,6,2985,45,2190,33,1065,16,3920,59,2715,41,580,420,570,1335,3730,2250,34,420,6,540,8,1535,23,450,7,1440,22
"E","East Midlands","37","Nottinghamshire","37UC","Bassetlaw",,,6340,5645,695,355,6,2820,44,2130,34,1035,16,3715,59,2625,41,485,385,510,1220,3740,2435,38,370,6,530,8,1405,22,415,7,1185,19
"E","East Midlands","37","Nottinghamshire","37UD","Broxtowe",,,4035,3600,435,255,6,1620,40,1450,36,710,18,2280,57,1755,43,330,225,340,840,2300,1425,35,275,7,330,8,850,21,205,5,950,24
"E","East Midlands","37","Nottinghamshire","37UE","Gedling",,,4220,3735,485,250,6,1820,43,1510,36,640,15,2410,57,1810,43,405,245,330,775,2465,1585,38,285,7,320,8,850,20,255,6,925,22
"E","East Midlands","37","Nottinghamshire","37UF","Mansfield",,,7055,6390,665,490,7,3165,45,2320,33,1080,15,4295,61,2760,39,550,440,595,1325,4145,2345,33,370,5,590,8,1745,25,450,6,1555,22
"E","East Midlands","37","Nottinghamshire","37UG","Newark and Sherwood",,,4985,4380,605,305,6,2110,42,1745,35,825,17,2890,58,2095,42,360,310,395,960,2960,1605,32,330,7,420,8,1120,22,345,7,1165,23
"E","East Midlands","37","Nottinghamshire","37UJ","Rushcliffe",,,2565,2210,355,145,6,1090,42,900,35,430,17,1520,59,1045,41,245,150,215,500,1455,920,36,250,10,200,8,410,16,170,7,615,24
"F","West Midlands",,,"00CN","Birmingham",,,53830,49165,4665,3755,7,27125,50,17345,32,5605,10,31735,59,22095,41,5195,3055,4490,10795,30295,23275,43,2875,5,4135,8,9310,17,2885,5,11350,21
"F","West Midlands",,,"00CQ","Coventry",,,14815,13575,1240,970,7,7140,48,4915,33,1790,12,8430,57,6385,43,1430,925,1280,2955,8225,5900,40,950,6,1210,8,2770,19,935,6,3050,21
"F","West Midlands",,,"00CR","Dudley",,,13295,11960,1335,760,6,5980,45,4515,34,2040,15,8025,60,5270,40,1435,785,1130,2840,7105,4615,35,735,6,1095,8,2900,22,770,6,3180,24
"F","West Midlands",,,"00CS","Sandwell",,,16470,15155,1315,995,6,7485,45,5810,35,2180,13,9745,59,6725,41,1680,1015,1395,3370,9010,5845,35,840,5,1620,10,3785,23,960,6,3420,21
"F","West Midlands",,,"00CT","Solihull",,,6995,6170,825,505,7,3175,45,2260,32,1055,15,3955,57,3040,43,685,425,640,1355,3890,2805,40,460,7,540,8,1305,19,405,6,1480,21
"F","West Midlands",,,"00CU","Walsall",,,13325,12005,1320,930,7,6075,46,4475,34,1845,14,7915,59,5410,41,1430,790,1120,2760,7225,5030,38,735,6,1295,10,2865,22,670,5,2730,20
"F","West Midlands",,,"00CW","Wolverhampton",,,13390,12180,1210,870,6,6240,47,4655,35,1625,12,7835,59,5555,41,1395,825,1160,2830,7180,5640,42,785,6,1205,9,2765,21,680,5,2315,17
"F","West Midlands",,,"00GA","Herefordshire, County of",,,5870,5075,795,410,7,2680,46,1910,33,870,15,3365,57,2505,43,575,355,520,1085,3335,2345,40,440,7,400,7,1040,18,340,6,1305,22
"F","West Midlands",,,"00GF","Telford and Wrekin",,,7800,7000,800,545,7,3625,46,2675,34,955,12,4285,55,3515,45,750,450,725,1590,4285,2925,38,545,7,565,7,1650,21,465,6,1650,21
"F","West Midlands",,,"00GL","Stoke-on-Trent",,,19035,17380,1655,1190,6,9040,47,6255,33,2550,13,11025,58,8010,42,1465,960,1515,3880,11215,8595,45,1040,5,1560,8,3625,19,970,5,3245,17
"F","West Midlands","39","Shropshire","39UB","Bridgnorth",,,1540,1380,160,105,7,575,37,560,36,300,19,910,59,630,41,155,110,155,295,825,545,35,150,10,140,9,305,20,80,5,320,21
"F","West Midlands","39","Shropshire","39UC","North Shropshire",,,2065,1785,280,160,8,880,43,730,35,295,14,1180,57,885,43,200,145,190,410,1120,705,34,155,8,155,8,445,22,160,8,445,22
"F","West Midlands","39","Shropshire","39UD","Oswestry",,,1550,1300,250,135,9,680,44,500,32,235,15,860,55,690,45,145,85,125,295,900,545,35,135,9,105,7,325,21,95,6,345,22
"F","West Midlands","39","Shropshire","39UE","Shrewsbury and Atcham",,,3455,2975,480,275,8,1555,45,1120,32,505,15,2030,59,1425,41,345,195,295,670,1950,1490,43,305,9,225,7,550,16,195,6,690,20
"F","West Midlands","39","Shropshire","39UF","South Shropshire",,,1345,1180,165,75,6,505,38,505,38,260,19,770,57,575,43,130,75,115,280,745,485,36,95,7,105,8,275,20,125,9,260,19
"F","West Midlands","41","Staffordshire","41UB","Cannock Chase",,,4545,4060,485,285,6,1955,43,1555,34,750,17,2630,58,1915,42,470,285,370,920,2500,1470,32,295,6,455,10,1120,25,290,6,915,20
"F","West Midlands","41","Staffordshire","41UC","East Staffordshire",,,3940,3500,440,300,8,1835,47,1250,32,555,14,2260,57,1680,43,420,270,400,785,2065,1615,41,270,7,285,7,740,19,210,5,820,21
"F","West Midlands","41","Staffordshire","41UD","Lichfield",,,3055,2675,380,210,7,1275,42,1015,33,555,18,1800,59,1255,41,340,190,260,580,1685,1100,36,240,8,285,9,620,20,215,7,595,19
"F","West Midlands","41","Staffordshire","41UE","Newcastle-under-Lyme",,,6405,5840,565,315,5,2790,44,2295,36,1005,16,3635,57,2770,43,485,355,470,1335,3760,2625,41,340,5,560,9,1320,21,420,7,1140,18
"F","West Midlands","41","Staffordshire","41UF","South Staffordshire",,,2945,2595,350,165,6,1190,40,1055,36,535,18,1685,57,1260,43,300,165,270,630,1580,965,33,245,8,240,8,650,22,190,6,655,22
"F","West Midlands","41","Staffordshire","41UG","Stafford",,,4255,3770,485,285,7,1880,44,1435,34,655,15,2345,55,1910,45,435,250,380,870,2320,1705,40,400,9,315,7,785,18,220,5,830,20
"F","West Midlands","41","Staffordshire","41UH","Staffordshire Moorlands",,,4370,3835,535,230,5,1750,40,1580,36,810,19,2475,57,1895,43,295,255,335,860,2625,1740,40,295,7,385,9,870,20,250,6,830,19
"F","West Midlands","41","Staffordshire","41UK","Tamworth",,,3025,2740,285,240,8,1295,43,1045,35,445,15,1690,56,1335,44,320,235,290,605,1575,1100,36,195,6,315,10,605,20,195,6,615,20
"F","West Midlands","44","Warwickshire","44UB","North Warwickshire",,,2200,1940,260,135,6,845,38,815,37,405,18,1265,58,935,43,210,130,185,415,1260,710,32,150,7,180,8,555,25,120,5,485,22
"F","West Midlands","44","Warwickshire","44UC","Nuneaton and Bedworth",,,5475,4930,545,345,6,2355,43,1935,35,840,15,3155,58,2320,42,585,305,445,1040,3100,2055,38,345,6,430,8,1160,21,345,6,1140,21
"F","West Midlands","44","Warwickshire","44UD","Rugby",,,2690,2370,320,155,6,1250,46,900,33,385,14,1495,56,1195,44,300,195,255,580,1360,955,36,260,10,165,6,535,20,210,8,565,21
"F","West Midlands","44","Warwickshire","44UE","Stratford-on-Avon",,,2650,2295,355,175,7,1180,45,920,35,375,14,1430,54,1220,46,280,170,250,505,1445,955,36,275,10,180,7,425,16,175,7,640,24
"F","West Midlands","44","Warwickshire","44UF","Warwick",,,3485,3050,435,215,6,1680,48,1145,33,445,13,1985,57,1500,43,375,235,285,685,1905,1450,42,300,9,220,6,530,15,215,6,770,22
"F","West Midlands","47","Worcestershire","47UB","Bromsgrove",,,2300,2025,275,165,7,985,43,780,34,370,16,1265,55,1035,45,245,165,180,440,1270,940,41,200,9,135,6,375,16,130,6,520,23
"F","West Midlands","47","Worcestershire","47UC","Malvern Hills",,,2280,1980,300,145,6,1020,45,760,33,355,16,1260,55,1020,45,210,145,195,430,1300,920,40,225,10,155,7,370,16,115,5,495,22
"F","West Midlands","47","Worcestershire","47UD","Redditch",,,3160,2865,295,230,7,1425,45,1110,35,395,13,1760,56,1400,44,340,210,300,665,1645,1175,37,245,8,240,8,595,19,215,7,690,22
"F","West Midlands","47","Worcestershire","47UE","Worcester",,,3435,3070,365,265,8,1690,49,1095,32,385,11,1955,57,1480,43,335,255,310,680,1855,1455,42,250,7,245,7,550,16,215,6,720,21
"F","West Midlands","47","Worcestershire","47UF","Wychavon",,,3145,2760,385,180,6,1440,46,1060,34,465,15,1775,56,1370,44,335,165,265,650,1730,1105,35,280,9,210,7,610,19,240,8,700,22
"F","West Midlands","47","Worcestershire","47UG","Wyre Forest",,,4225,3655,570,295,7,1890,45,1405,33,635,15,2455,58,1770,42,435,285,370,835,2300,1725,41,285,7,280,7,820,19,270,6,845,20
"G","East of England",,,"00JA","Peterborough",,,7215,6560,655,565,8,3675,51,2255,31,720,10,4020,56,3195,44,810,485,710,1580,3630,2725,38,455,6,465,6,1260,17,430,6,1880,26
"G","East of England",,,"00KA","Luton",,,7670,7000,670,505,7,3945,51,2410,31,810,11,4570,60,3100,40,840,575,770,1635,3850,3055,40,450,6,565,7,1285,17,415,5,1900,25
"G","East of England",,,"00KF","Southend-on-Sea",,,7465,6750,715,480,6,3895,52,2235,30,855,11,4300,58,3165,42,775,515,765,1520,3890,3320,44,460,6,425,6,1070,14,475,6,1715,23
"G","East of England",,,"00KG","Thurrock",,,5360,4875,485,370,7,2545,47,1745,33,700,13,2995,56,2365,44,560,375,535,1110,2780,2080,39,370,7,390,7,1100,21,430,8,990,18
"G","East of England","09","Bedfordshire","09UC","Mid Bedfordshire",,,2620,2270,350,140,5,1260,48,880,34,340,13,1350,52,1270,48,300,180,255,545,1340,880,34,230,9,150,6,480,18,185,7,695,27
"G","East of England","09","Bedfordshire","09UD","Bedford",,,5335,4680,655,380,7,2700,51,1695,32,560,10,3055,57,2280,43,460,360,545,1155,2815,2210,41,355,7,300,6,895,17,310,6,1265,24
"G","East of England","09","Bedfordshire","09UE","South Bedfordshire",,,3270,2935,335,215,7,1675,51,995,30,385,12,1870,57,1400,43,345,245,305,685,1690,1205,37,275,8,235,7,540,17,200,6,815,25
"G","East of England","12","Cambridgeshire","12UB","Cambridge",,,3385,3065,320,210,6,1925,57,955,28,295,9,2005,59,1380,41,305,215,320,720,1825,1870,55,200,6,140,4,335,10,140,4,700,21
"G","East of England","12","Cambridgeshire","12UC","East Cambridgeshire",,,1820,1560,260,115,6,785,43,635,35,285,16,965,53,855,47,200,115,180,370,955,615,34,160,9,125,7,285,16,130,7,505,28
"G","East of England","12","Cambridgeshire","12UD","Fenland",,,3975,3575,400,265,7,1790,45,1360,34,560,14,2155,54,1820,46,385,250,400,845,2095,1320,33,270,7,280,7,905,23,230,6,970,24
"G","East of England","12","Cambridgeshire","12UE","Huntingdonshire",,,3835,3410,425,250,7,1860,49,1250,33,475,12,2040,53,1795,47,445,240,340,785,2025,1265,33,350,9,265,7,690,18,245,6,1020,27
"G","East of England","12","Cambridgeshire","12UG","South Cambridgeshire",,,2580,2185,395,200,8,1250,48,790,31,340,13,1350,52,1230,48,255,165,230,555,1375,990,38,235,9,125,5,410,16,155,6,665,26
"G","East of England","22","Essex","22UB","Basildon",,,6820,6155,665,525,8,3360,49,2130,31,805,12,3795,56,3025,44,625,480,650,1470,3595,2625,38,435,6,440,6,1230,18,455,7,1635,24
"G","East of England","22","Essex","22UC","Braintree",,,4225,3580,645,320,8,1970,47,1355,32,575,14,2285,54,1940,46,435,275,445,815,2255,1535,36,410,10,305,7,790,19,265,6,920,22
"G","East of England","22","Essex","22UD","Brentwood",,,1825,1595,230,115,6,845,46,600,33,265,15,1010,55,815,45,175,130,185,370,965,690,38,170,9,125,7,295,16,110,6,435,24
"G","East of England","22","Essex","22UE","Castle Point",,,2845,2540,305,195,7,1200,42,975,34,475,17,1625,57,1220,43,290,210,285,585,1475,875,31,230,8,200,7,560,20,265,9,715,25
"G","East of England","22","Essex","22UF","Chelmsford",,,3885,3445,440,280,7,1935,50,1215,31,455,12,2075,53,1810,47,390,290,385,765,2055,1540,40,360,9,210,5,580,15,270,7,925,24
"G","East of England","22","Essex","22UG","Colchester",,,5765,4795,970,435,8,2870,50,1710,30,750,13,3260,57,2505,43,515,355,510,1005,3380,2610,45,460,8,330,6,940,16,350,6,1075,19
"G","East of England","22","Essex","22UH","Epping Forest",,,3395,3095,300,205,6,1630,48,1095,32,465,14,1920,57,1475,43,370,230,350,700,1745,1400,41,220,6,215,6,630,19,260,8,670,20
"G","East of England","22","Essex","22UJ","Harlow",,,3115,2815,300,230,7,1580,51,995,32,310,10,1615,52,1500,48,340,225,345,645,1560,1295,42,150,5,185,6,575,18,200,6,710,23
"G","East of England","22","Essex","22UK","Maldon",,,1665,1510,155,110,7,735,44,565,34,255,15,915,55,750,45,140,130,155,345,895,565,34,160,10,110,7,320,19,135,8,375,23
"G","East of England","22","Essex","22UL","Rochford",,,2010,1790,220,105,5,885,44,700,35,320,16,1115,55,895,45,185,125,190,410,1100,685,34,195,10,135,7,360,18,145,7,490,24
"G","East of England","22","Essex","22UN","Tendring",,,6945,5890,1055,380,5,2905,42,2365,34,1295,19,4130,59,2815,41,570,415,605,1180,4175,2595,37,490,7,560,8,1340,19,490,7,1470,21
"G","East of England","22","Essex","22UQ","Uttlesford",,,1330,1170,160,80,6,595,45,460,35,195,15,705,53,625,47,150,110,170,215,685,475,36,145,11,85,6,230,17,95,7,300,23
"G","East of England","26","Hertfordshire","26UB","Broxbourne",,,2650,2410,240,185,7,1285,48,845,32,335,13,1420,54,1230,46,315,185,235,575,1340,1075,41,170,6,180,7,480,18,160,6,585,22
"G","East of England","26","Hertfordshire","26UC","Dacorum",,,3580,3205,375,220,6,1745,49,1195,33,420,12,1965,55,1615,45,390,245,340,745,1860,1505,42,285,8,235,7,630,18,205,6,720,20
"G","East of England","26","Hertfordshire","26UD","East Hertfordshire",,,2660,2265,395,210,8,1310,49,805,30,335,13,1350,51,1310,49,300,200,270,495,1395,1140,43,290,11,175,7,385,14,135,5,535,20
"G","East of England","26","Hertfordshire","26UE","Hertsmere",,,2635,2305,330,180,7,1290,49,850,32,315,12,1430,54,1205,46,280,185,250,505,1415,1120,43,215,8,170,6,420,16,135,5,575,22
"G","East of England","26","Hertfordshire","26UF","North Hertfordshire",,,2885,2530,355,225,8,1345,47,965,33,350,12,1595,55,1290,45,275,195,245,585,1585,1230,43,285,10,195,7,445,15,125,4,605,21
"G","East of England","26","Hertfordshire","26UG","St Albans",,,2975,2510,465,195,7,1510,51,920,31,350,12,1645,55,1330,45,310,170,220,570,1705,1340,45,245,8,155,5,455,15,145,5,635,21
"G","East of England","26","Hertfordshire","26UH","Stevenage",,,2690,2375,315,225,8,1450,54,740,28,275,10,1515,56,1175,44,285,190,265,585,1365,1185,44,190,7,175,7,425,16,140,5,575,21
"G","East of England","26","Hertfordshire","26UJ","Three Rivers",,,1965,1760,205,155,8,980,50,610,31,220,11,1085,55,880,45,195,120,240,420,990,785,40,150,8,135,7,320,16,125,6,450,23
"G","East of England","26","Hertfordshire","26UK","Watford",,,2520,2290,230,150,6,1315,52,785,31,265,11,1515,60,1005,40,275,200,255,565,1225,1150,46,170,7,165,7,400,16,145,6,490,19
"G","East of England","26","Hertfordshire","26UL","Welwyn Hatfield",,,2990,2665,325,240,8,1560,52,870,29,320,11,1675,56,1315,44,330,215,290,620,1535,1420,47,235,8,170,6,440,15,145,5,580,19
"G","East of England","33","Norfolk","33UB","Breckland",,,4230,3750,480,260,6,1900,45,1450,34,620,15,2360,56,1870,44,430,280,410,870,2240,1565,37,365,9,260,6,850,20,285,7,905,21
"G","East of England","33","Norfolk","33UC","Broadland",,,3565,2955,610,200,6,1630,46,1160,33,575,16,1990,56,1575,44,295,245,305,675,2045,1410,40,365,10,205,6,595,17,215,6,775,22
"G","East of England","33","Norfolk","33UD","Great Yarmouth",,,5210,4685,525,345,7,2355,45,1770,34,740,14,2995,57,2215,43,475,320,470,1090,2855,2005,38,425,8,410,8,1095,21,240,5,1035,20
"G","East of England","33","Norfolk","33UE","King's Lynn and West Norfolk",,,6145,5415,730,390,6,2775,45,2015,33,965,16,3510,57,2635,43,520,400,510,1285,3430,2300,37,460,7,475,8,1280,21,385,6,1245,20
"G","East of England","33","Norfolk","33UF","North Norfolk",,,3865,3255,610,210,5,1685,44,1315,34,655,17,2290,59,1575,41,310,195,330,735,2295,1540,40,330,9,265,7,675,17,200,5,855,22
"G","East of England","33","Norfolk","33UG","Norwich",,,6940,6225,715,565,8,3745,54,1960,28,670,10,4060,59,2880,41,700,425,620,1420,3775,3825,55,465,7,345,5,935,13,275,4,1095,16
"G","East of England","33","Norfolk","33UH","South Norfolk",,,3245,2850,395,190,6,1450,45,1070,33,535,16,1785,55,1460,45,315,215,290,630,1795,1275,39,355,11,205,6,605,19,170,5,635,20
"G","East of England","42","Suffolk","42UB","Babergh",,,2140,1795,345,125,6,950,44,705,33,360,17,1200,56,940,44,225,145,185,405,1180,775,36,205,10,150,7,345,16,155,7,510,24
"G","East of England","42","Suffolk","42UC","Forest Heath",,,1355,1205,150,85,6,610,45,465,34,195,14,725,54,630,46,180,85,130,300,660,525,39,85,6,100,7,245,18,100,7,300,22
"G","East of England","42","Suffolk","42UD","Ipswich",,,5060,4445,615,420,8,2525,50,1550,31,565,11,2885,57,2175,43,530,350,550,985,2645,2145,42,415,8,340,7,890,18,270,5,1000,20
"G","East of England","42","Suffolk","42UE","Mid Suffolk",,,2050,1750,300,135,7,875,43,710,35,330,16,1125,55,925,45,230,130,190,395,1105,680,33,215,10,175,9,405,20,130,6,445,22
"G","East of England","42","Suffolk","42UF","St Edmundsbury",,,2825,2420,405,195,7,1340,47,895,32,395,14,1540,55,1285,45,290,245,305,545,1440,1105,39,210,7,185,7,480,17,195,7,650,23
"G","East of England","42","Suffolk","42UG","Suffolk Coastal",,,3070,2695,375,180,6,1285,42,1075,35,530,17,1655,54,1415,46,290,265,300,605,1610,1080,35,330,11,225,7,545,18,200,7,690,22
"G","East of England","42","Suffolk","42UH","Waveney",,,4900,4310,590,295,6,2185,45,1665,34,755,15,2765,56,2135,44,410,330,400,980,2780,1765,36,490,10,315,6,965,20,275,6,1090,22
"H","London",,,"00AA","City of London",,,205,190,15,15,7,100,49,65,32,25,12,150,73,55,27,20,15,25,40,105,95,46,15,7,15,7,15,7,10,5,55,27
"H","London",,,"00AB","Barking and Dagenham",,,8410,7885,525,545,6,4365,52,2710,32,790,9,4750,56,3660,44,865,550,770,1680,4545,3130,37,435,5,605,7,1665,20,565,7,2010,24
"H","London",,,"00AC","Barnet",,,10450,9465,985,680,7,5460,52,3290,31,1020,10,5845,56,4605,44,1035,745,1000,2310,5360,4545,43,650,6,660,6,1580,15,505,5,2510,24
"H","London",,,"00AD","Bexley",,,6710,6110,600,455,7,3055,46,2325,35,875,13,3695,55,3015,45,680,495,615,1430,3490,2425,36,450,7,540,8,1170,17,460,7,1665,25
"H","London",,,"00AE","Brent",,,12575,11595,980,575,5,6730,54,4115,33,1150,9,7315,58,5260,42,1225,845,1205,2795,6505,5135,41,560,4,880,7,2195,17,685,5,3120,25
"H","London",,,"00AF","Bromley",,,8530,7705,825,605,7,4310,51,2635,31,980,11,4905,58,3625,42,835,550,800,1935,4410,3715,44,630,7,550,6,1185,14,485,6,1965,23
"H","London",,,"00AG","Camden",,,11440,10745,695,540,5,6605,58,3435,30,860,8,6810,60,4630,40,955,720,925,2400,6440,6260,55,450,4,590,5,1295,11,435,4,2410,21
"H","London",,,"00AH","Croydon",,,12175,10920,1255,780,6,6565,54,3675,30,1150,9,6930,57,5245,43,1240,840,1140,2825,6130,5405,44,685,6,775,6,1680,14,595,5,3035,25
"H","London",,,"00AJ","Ealing",,,12925,11970,955,640,5,6605,51,4375,34,1300,10,7440,58,5485,42,1190,865,1260,2900,6710,5330,41,600,5,1000,8,2130,16,685,5,3180,25
"H","London",,,"00AK","Enfield",,,12160,11240,920,775,6,6560,54,3655,30,1170,10,6770,56,5390,44,1210,820,1145,2970,6015,5135,42,690,6,815,7,2030,17,610,5,2880,24
"H","London",,,"00AL","Greenwich",,,11265,10415,850,840,7,6005,53,3450,31,970,9,6400,57,4865,43,1025,815,1060,2615,5750,4970,44,595,5,810,7,1830,16,630,6,2430,22
"H","London",,,"00AM","Hackney",,,13115,12540,575,675,5,7360,56,4110,31,970,7,7600,58,5515,42,1220,885,1205,2765,7040,5975,46,540,4,890,7,2015,15,625,5,3070,23
"H","London",,,"00AN","Hammersmith and Fulham",,,8140,7610,530,395,5,4550,56,2570,32,625,8,4815,59,3325,41,675,500,715,1870,4380,3850,47,355,4,490,6,1085,13,320,4,2040,25
"H","London",,,"00AP","Haringey",,,12170,11415,755,670,6,6895,57,3685,30,920,8,6910,57,5260,43,1120,860,1075,2915,6200,5605,46,585,5,765,6,1740,14,525,4,2950,24
"H","London",,,"00AQ","Harrow",,,6890,6230,660,485,7,3430,50,2235,32,735,11,3760,55,3130,45,700,510,700,1555,3425,2790,40,400,6,505,7,1195,17,315,5,1685,24
"H","London",,,"00AR","Havering",,,7480,6720,760,435,6,3395,45,2605,35,1045,14,4145,55,3335,45,680,460,605,1505,4230,2710,36,545,7,505,7,1410,19,505,7,1805,24
"H","London",,,"00AS","Hillingdon",,,8270,7510,760,540,7,4160,50,2655,32,915,11,4545,55,3725,45,830,645,870,1755,4170,3260,39,525,6,630,8,1395,17,515,6,1945,24
"H","London",,,"00AT","Hounslow",,,8735,8145,590,490,6,4375,50,3050,35,820,9,4785,55,3950,45,835,585,920,2010,4385,3545,41,455,5,645,7,1525,17,455,5,2110,24
"H","London",,,"00AU","Islington",,,12290,11600,690,660,5,7110,58,3630,30,890,7,7045,57,5245,43,980,760,1160,2575,6815,6315,51,540,4,730,6,1690,14,490,4,2525,21
"H","London",,,"00AW","Kensington and Chelsea",,,6260,5875,385,235,4,3505,56,2035,33,485,8,3720,59,2540,41,515,345,565,1350,3485,3210,51,260,4,285,5,785,13,220,4,1500,24
"H","London",,,"00AX","Kingston upon Thames",,,3610,3260,350,240,7,1830,51,1150,32,390,11,2040,57,1570,43,355,240,360,850,1805,1760,49,240,7,205,6,445,12,150,4,810,22
"H","London",,,"00AY","Lambeth",,,13880,12935,945,720,5,7950,57,4170,30,1040,7,8255,59,5625,41,1335,845,1275,3330,7095,6665,48,615,4,720,5,1655,12,650,5,3575,26
"H","London",,,"00AZ","Lewisham",,,12300,11295,1005,765,6,7000,57,3585,29,950,8,7050,57,5250,43,1190,835,1220,2795,6260,5660,46,590,5,745,6,1810,15,635,5,2860,23
"H","London",,,"00BA","Merton",,,5030,4565,465,280,6,2570,51,1640,33,540,11,2865,57,2165,43,510,330,510,1100,2580,2175,43,310,6,325,6,740,15,230,5,1250,25
"H","London",,,"00BB","Newham",,,13185,12525,660,840,6,7090,54,4160,32,1095,8,7635,58,5550,42,1360,930,1330,2710,6855,4755,36,600,5,1120,8,2430,18,670,5,3610,27
"H","London",,,"00BC","Redbridge",,,8965,8155,810,600,7,4400,49,2970,33,995,11,5080,57,3885,43,835,520,780,2050,4780,3430,38,560,6,660,7,1465,16,445,5,2405,27
"H","London",,,"00BD","Richmond upon Thames",,,3980,3565,415,265,7,1995,50,1280,32,440,11,2245,56,1735,44,405,280,375,795,2125,1945,49,265,7,210,5,460,12,165,4,935,23
"H","London",,,"00BE","Southwark",,,13735,12950,785,740,5,7740,56,4190,31,1065,8,7985,58,5750,42,1265,860,1365,3250,6995,6405,47,600,4,845,6,1735,13,650,5,3500,25
"H","London",,,"00BF","Sutton",,,5260,4535,725,370,7,2710,52,1605,31,575,11,2950,56,2310,44,560,345,520,1070,2765,2530,48,330,6,265,5,720,14,230,4,1185,23
"H","London",,,"00BG","Tower Hamlets",,,11535,11095,440,745,6,6615,57,3340,29,835,7,7180,62,4355,38,1210,845,1105,2480,5895,5000,43,510,4,825,7,1675,15,525,5,3000,26
"H","London",,,"00BH","Waltham Forest",,,9965,9200,765,570,6,5320,53,3075,31,1000,10,5615,56,4350,44,965,665,965,2010,5360,3930,39,510,5,630,6,1555,16,460,5,2880,29
"H","London",,,"00BJ","Wandsworth",,,9580,8710,870,515,5,5280,55,2890,30,895,9,5585,58,3995,42,840,590,820,2190,5140,4620,48,500,5,565,6,1155,12,365,4,2375,25
"H","London",,,"00BK","Westminster",,,10545,9945,600,445,4,6350,60,3000,28,745,7,6370,60,4175,40,905,660,995,2380,5605,5550,53,390,4,525,5,1485,14,445,4,2150,20
"J","South East",,,"00LC","Medway",,,9045,8150,895,685,8,4435,49,2895,32,1030,11,5150,57,3895,43,1010,655,855,2030,4495,3530,39,640,7,655,7,1660,18,670,7,1890,21
"J","South East",,,"00MA","Bracknell Forest",,,2475,2080,395,175,7,1330,54,705,28,265,11,1445,58,1030,42,245,170,260,585,1215,1075,43,165,7,145,6,310,13,150,6,630,25
"J","South East",,,"00MB","West Berkshire",,,3120,2610,510,265,8,1565,50,915,29,375,12,1790,57,1330,43,320,245,275,720,1560,1445,46,255,8,195,6,350,11,175,6,700,22
"J","South East",,,"00MC","Reading",,,4440,3935,505,375,8,2370,53,1300,29,395,9,2590,58,1850,42,465,310,425,1030,2210,2105,47,300,7,270,6,540,12,285,6,940,21
"J","South East",,,"00MD","Slough",,,4565,4200,365,265,6,2290,50,1600,35,410,9,2595,57,1970,43,505,325,555,1085,2095,1845,40,235,5,350,8,765,17,315,7,1055,23
"J","South East",,,"00ME","Windsor and Maidenhead",,,2535,2210,325,180,7,1175,46,850,34,330,13,1455,57,1080,43,280,150,260,565,1280,1000,39,195,8,195,8,375,15,165,7,605,24
"J","South East",,,"00MF","Wokingham",,,2315,1845,470,230,10,1115,48,690,30,280,12,1270,55,1045,45,275,130,220,450,1240,930,40,185,8,125,5,280,12,145,6,650,28
"J","South East",,,"00MG","Milton Keynes",,,7605,6875,730,555,7,3760,49,2510,33,780,10,4060,53,3545,47,860,595,790,1505,3855,2910,38,540,7,545,7,1370,18,510,7,1730,23
"J","South East",,,"00ML","Brighton and Hove",,,12810,11830,980,810,6,7105,55,3625,28,1270,10,7765,61,5045,39,1185,840,1265,2655,6865,6805,53,735,6,635,5,1590,12,635,5,2410,19
"J","South East",,,"00MR","Portsmouth",,,7695,7000,695,485,6,3935,51,2365,31,910,12,4610,60,3085,40,795,550,770,1700,3880,3705,48,525,7,540,7,1070,14,430,6,1425,19
"J","South East",,,"00MS","Southampton",,,9705,8780,925,720,7,4860,50,3040,31,1085,11,5805,60,3900,40,1015,740,1020,2090,4840,4665,48,495,5,635,7,1455,15,650,7,1805,19
"J","South East",,,"00MW","Isle of Wight",,,6190,5485,705,415,7,2720,44,2100,34,955,15,3730,60,2460,40,505,350,495,1270,3570,2630,42,390,6,505,8,1125,18,280,5,1260,20
"J","South East","11","Buckinghamshire","11UB","Aylesbury Vale",,,3630,3105,525,270,7,1745,48,1195,33,420,12,1980,55,1650,45,360,290,345,700,1935,1435,40,310,9,240,7,510,14,230,6,905,25
"J","South East","11","Buckinghamshire","11UC","Chiltern",,,1655,1310,345,120,7,815,49,515,31,205,12,955,58,700,42,140,105,170,290,950,625,38,305,18,85,5,190,11,75,5,375,23
"J","South East","11","Buckinghamshire","11UE","South Bucks",,,1100,970,130,85,8,500,45,375,34,140,13,610,55,490,45,105,85,135,210,565,410,37,90,8,65,6,155,14,75,7,305,28
"J","South East","11","Buckinghamshire","11UF","Wycombe",,,3385,2990,395,280,8,1665,49,1110,33,330,10,1885,56,1500,44,370,250,355,740,1670,1400,41,275,8,225,7,430,13,175,5,880,26
"J","South East","21","East Sussex","21UC","Eastbourne",,,4330,3885,445,275,6,2135,49,1410,33,510,12,2465,57,1865,43,405,275,400,895,2355,1810,42,310,7,265,6,645,15,210,5,1090,25
"J","South East","21","East Sussex","21UD","Hastings",,,5620,5120,500,410,7,2815,50,1775,32,620,11,3375,60,2245,40,510,370,485,1175,3080,2485,44,320,6,345,6,930,17,315,6,1225,22
"J","South East","21","East Sussex","21UF","Lewes",,,2930,2635,295,180,6,1325,45,975,33,450,15,1665,57,1265,43,290,175,265,605,1595,1160,40,260,9,175,6,495,17,200,7,640,22
"J","South East","21","East Sussex","21UG","Rother",,,3180,2705,475,160,5,1400,44,1090,34,530,17,1795,56,1385,44,270,175,235,620,1880,1140,36,210,7,255,8,575,18,210,7,790,25
"J","South East","21","East Sussex","21UH","Wealden",,,3500,2955,545,215,6,1510,43,1185,34,590,17,1895,54,1605,46,315,210,285,675,2015,1220,35,310,9,200,6,550,16,240,7,980,28
"J","South East","24","Hampshire","24UB","Basingstoke and Deane",,,3745,3250,495,270,7,1900,51,1110,30,465,12,1910,51,1835,49,420,285,395,765,1880,1700,45,310,8,205,5,565,15,215,6,750,20
"J","South East","24","Hampshire","24UC","East Hampshire",,,2350,1900,450,205,9,1150,49,715,30,280,12,1265,54,1085,46,245,165,220,455,1265,890,38,310,13,150,6,295,13,140,6,565,24
"J","South East","24","Hampshire","24UD","Eastleigh",,,2920,2495,425,245,8,1295,44,975,33,405,14,1570,54,1350,46,300,215,280,530,1595,1225,42,255,9,205,7,440,15,195,7,600,21
"J","South East","24","Hampshire","24UE","Fareham",,,2295,1935,360,150,7,1085,47,710,31,350,15,1255,55,1040,45,290,160,205,420,1220,955,42,205,9,135,6,355,15,145,6,500,22
"J","South East","24","Hampshire","24UF","Gosport",,,2615,2355,260,210,8,1295,50,805,31,305,12,1440,55,1175,45,305,210,245,620,1235,1140,44,175,7,175,7,385,15,170,7,570,22
"J","South East","24","Hampshire","24UG","Hart",,,1270,1090,180,105,8,605,48,390,31,170,13,660,52,610,48,150,105,110,245,660,505,40,125,10,70,6,195,15,80,6,295,23
"J","South East","24","Hampshire","24UH","Havant",,,4260,3745,515,290,7,2050,48,1350,32,570,13,2430,57,1830,43,435,275,370,830,2350,1750,41,340,8,330,8,715,17,265,6,860,20
"J","South East","24","Hampshire","24UJ","New Forest",,,4645,3950,695,315,7,2130,46,1540,33,660,14,2675,58,1970,42,520,400,390,820,2515,1825,39,400,9,300,6,755,16,360,8,1005,22
"J","South East","24","Hampshire","24UL","Rushmoor",,,2430,2160,270,205,8,1275,52,705,29,245,10,1315,54,1115,46,305,200,295,490,1140,1150,47,180,7,145,6,350,14,140,6,465,19
"J","South East","24","Hampshire","24UN","Test Valley",,,2500,2115,385,200,8,1165,47,795,32,340,14,1360,54,1140,46,300,185,245,455,1315,990,40,240,10,135,5,395,16,205,8,535,21
"J","South East","24","Hampshire","24UP","Winchester",,,2325,1965,360,185,8,1210,52,645,28,285,12,1375,59,950,41,290,205,215,465,1150,1080,46,200,9,90,4,300,13,150,6,505,22
"J","South East","29","Kent","29UB","Ashford",,,3375,2905,470,280,8,1660,49,1025,30,410,12,1870,55,1505,45,355,225,300,730,1765,1350,40,235,7,225,7,610,18,230,7,725,21
"J","South East","29","Kent","29UC","Canterbury",,,5055,4335,720,375,7,2325,46,1675,33,680,13,2975,59,2080,41,510,325,435,1020,2765,2130,42,405,8,365,7,810,16,285,6,1060,21
"J","South East","29","Kent","29UD","Dartford",,,2750,2450,300,215,8,1320,48,840,31,375,14,1615,59,1135,41,300,190,250,585,1425,1080,39,175,6,220,8,470,17,165,6,640,23
"J","South East","29","Kent","29UE","Dover",,,4660,3945,715,255,5,2050,44,1565,34,790,17,2785,60,1875,40,405,295,420,815,2725,1855,40,320,7,330,7,920,20,285,6,950,20
"J","South East","29","Kent","29UG","Gravesham",,,3535,3180,355,250,7,1735,49,1120,32,430,12,2055,58,1480,42,395,295,340,770,1735,1265,36,240,7,290,8,700,20,230,7,810,23
"J","South East","29","Kent","29UH","Maidstone",,,4180,3655,525,320,8,2040,49,1270,30,550,13,2360,56,1820,44,430,290,395,850,2215,1665,40,350,8,280,7,710,17,285,7,890,21
"J","South East","29","Kent","29UK","Sevenoaks",,,2525,2180,345,185,7,1175,47,815,32,350,14,1385,55,1140,45,255,165,230,500,1375,960,38,210,8,185,7,370,15,170,7,630,25
"J","South East","29","Kent","29UL","Shepway",,,4530,3755,775,290,6,2190,48,1435,32,615,14,2730,60,1800,40,410,255,400,810,2655,1745,39,365,8,365,8,740,16,285,6,1030,23
"J","South East","29","Kent","29UM","Swale",,,5335,4720,615,405,8,2475,46,1720,32,735,14,3145,59,2190,41,520,385,465,1085,2880,2020,38,365,7,415,8,1035,19,385,7,1115,21
"J","South East","29","Kent","29UN","Thanet",,,7005,6200,805,485,7,3135,45,2390,34,995,14,4195,60,2810,40,715,470,645,1450,3725,2895,41,470,7,575,8,1265,18,440,6,1360,19
"J","South East","29","Kent","29UP","Tonbridge and Malling",,,2720,2365,355,175,6,1275,47,895,33,375,14,1590,58,1130,42,285,200,250,580,1405,1000,37,235,9,200,7,480,18,180,7,625,23
"J","South East","29","Kent","29UQ","Tunbridge Wells",,,2775,2390,385,255,9,1400,50,800,29,320,12,1580,57,1195,43,310,180,275,585,1425,1245,45,265,10,155,6,350,13,165,6,595,21
"J","South East","38","Oxfordshire","38UB","Cherwell",,,3205,2820,385,225,7,1625,51,975,30,380,12,1685,53,1520,47,370,235,325,690,1585,1375,43,265,8,170,5,495,15,185,6,715,22
"J","South East","38","Oxfordshire","38UC","Oxford",,,4385,3950,435,300,7,2465,56,1250,29,365,8,2665,61,1720,39,410,330,415,890,2340,2400,55,250,6,165,4,465,11,180,4,925,21
"J","South East","38","Oxfordshire","38UD","South Oxfordshire",,,2295,1945,350,135,6,1115,49,730,32,315,14,1305,57,990,43,255,135,195,425,1285,850,37,235,10,125,5,335,15,160,7,590,26
"J","South East","38","Oxfordshire","38UE","Vale of White Horse",,,2245,1915,330,145,6,1120,50,700,31,280,12,1225,55,1020,45,200,185,225,460,1175,880,39,225,10,135,6,355,16,125,6,525,23
"J","South East","38","Oxfordshire","38UF","West Oxfordshire",,,1835,1590,245,155,8,865,47,540,29,275,15,1010,55,825,45,170,150,155,370,990,720,39,200,11,100,5,265,14,110,6,440,24
"J","South East","43","Surrey","43UB","Elmbridge",,,2310,2045,265,160,7,1180,51,710,31,260,11,1310,57,1000,43,235,195,205,500,1175,1120,48,165,7,120,5,260,11,140,6,505,22
"J","South East","43","Surrey","43UC","Epsom and Ewell",,,1620,1305,315,90,6,745,46,530,33,255,16,875,54,745,46,160,115,120,275,950,765,47,85,5,105,6,235,15,80,5,350,22
"J","South East","43","Surrey","43UD","Guildford",,,2705,2400,305,225,8,1440,53,780,29,260,10,1515,56,1190,44,270,230,275,530,1400,1320,49,225,8,175,6,325,12,160,6,500,18
"J","South East","43","Surrey","43UE","Mole Valley",,,1670,1365,305,100,6,790,47,520,31,260,16,995,60,675,40,185,135,135,295,920,750,45,160,10,110,7,180,11,110,7,360,22
"J","South East","43","Surrey","43UF","Reigate and Banstead",,,3155,2570,585,250,8,1475,47,975,31,455,14,1780,56,1375,44,325,210,265,620,1735,1515,48,220,7,165,5,415,13,165,5,675,21
"J","South East","43","Surrey","43UG","Runnymede",,,1575,1320,255,85,5,715,45,555,35,220,14,895,57,680,43,155,120,125,310,865,695,44,140,9,95,6,220,14,95,6,330,21
"J","South East","43","Surrey","43UH","Spelthorne",,,2145,1910,235,115,5,1095,51,675,31,260,12,1220,57,925,43,235,170,220,425,1095,915,43,145,7,140,7,320,15,125,6,500,23
"J","South East","43","Surrey","43UJ","Surrey Heath",,,1360,1195,165,140,10,700,51,365,27,155,11,755,56,605,44,180,120,140,290,630,600,44,115,8,100,7,165,12,80,6,300,22
"J","South East","43","Surrey","43UK","Tandridge",,,1815,1410,405,160,9,805,44,540,30,310,17,1040,57,775,43,150,105,165,340,1055,785,43,180,10,85,5,235,13,115,6,415,23
"J","South East","43","Surrey","43UL","Waverley",,,2355,1960,395,210,9,1160,49,695,30,290,12,1300,55,1055,45,185,170,240,495,1265,1060,45,275,12,135,6,255,11,140,6,490,21
"J","South East","43","Surrey","43UM","Woking",,,2110,1840,270,185,9,1085,51,605,29,235,11,1190,56,920,44,210,165,220,465,1050,980,46,200,9,95,5,255,12,120,6,460,22
"J","South East","45","West Sussex","45UB","Adur",,,2050,1870,180,135,7,945,46,680,33,290,14,1130,55,920,45,205,125,175,430,1115,825,40,135,7,145,7,340,17,140,7,465,23
"J","South East","45","West Sussex","45UC","Arun",,,5075,4325,750,270,5,2305,45,1695,33,805,16,2925,58,2150,42,465,280,445,985,2900,2110,42,370,7,300,6,755,15,290,6,1250,25
"J","South East","45","West Sussex","45UD","Chichester",,,2630,2300,330,155,6,1185,45,875,33,415,16,1520,58,1110,42,265,175,250,505,1435,1050,40,235,9,190,7,365,14,165,6,625,24
"J","South East","45","West Sussex","45UE","Crawley",,,3325,2960,365,225,7,1635,49,1150,35,315,9,1725,52,1600,48,335,240,390,690,1670,1300,39,220,7,195,6,535,16,210,6,865,26
"J","South East","45","West Sussex","45UF","Horsham",,,2505,2195,310,180,7,1185,47,815,33,325,13,1375,55,1130,45,240,150,260,530,1325,985,39,255,10,145,6,360,14,135,5,625,25
"J","South East","45","West Sussex","45UG","Mid Sussex",,,2675,2290,385,200,7,1340,50,815,30,320,12,1450,54,1225,46,225,200,270,590,1390,1135,42,220,8,145,5,390,15,170,6,615,23
"J","South East","45","West Sussex","45UH","Worthing",,,3940,3460,480,255,6,1940,49,1235,31,510,13,2255,57,1685,43,340,230,350,770,2250,1795,46,300,8,220,6,525,13,215,5,885,22
"K","South West",,,"00HA","Bath and North East Somerset",,,5440,4910,530,405,7,2860,53,1535,28,640,12,3230,59,2210,41,505,330,590,1170,2845,2565,47,405,7,265,5,690,13,395,7,1120,21
"K","South West",,,"00HB","Bristol, City of",,,21725,19845,1880,1595,7,12110,56,5905,27,2115,10,13185,61,8540,39,2140,1530,2135,4845,11075,10720,49,1120,5,1180,5,2995,14,1300,6,4410,20
"K","South West",,,"00HC","North Somerset",,,8440,7595,845,560,7,4315,51,2445,29,1120,13,5010,59,3430,41,785,610,935,1730,4380,4190,50,585,7,495,6,1280,15,475,6,1415,17
"K","South West",,,"00HD","South Gloucestershire",,,7155,6265,890,535,7,3440,48,2135,30,1045,15,3955,55,3200,45,705,520,785,1490,3655,2610,36,555,8,440,6,1235,17,570,8,1745,24
"K","South West",,,"00HG","Plymouth",,,14250,12805,1445,1090,8,7195,50,4265,30,1700,12,8265,58,5985,42,1360,930,1250,2820,7890,6520,46,720,5,910,6,2515,18,810,6,2775,19
"K","South West",,,"00HH","Torbay",,,7800,6985,815,505,6,3700,47,2500,32,1095,14,4630,59,3170,41,730,510,670,1590,4300,3255,42,460,6,525,7,1305,17,485,6,1770,23
"K","South West",,,"00HN","Bournemouth",,,8600,7740,860,525,6,4740,55,2455,29,880,10,5320,62,3280,38,815,585,785,1750,4665,4645,54,490,6,395,5,1080,13,500,6,1490,17
"K","South West",,,"00HP","Poole",,,4790,4240,550,315,7,2345,49,1475,31,655,14,2655,55,2135,45,475,300,395,995,2625,1925,40,330,7,340,7,845,18,310,6,1040,22
"K","South West",,,"00HX","Swindon",,,6760,6035,725,450,7,3450,51,2085,31,775,11,3695,55,3065,45,755,510,660,1475,3360,2880,43,515,8,420,6,970,14,400,6,1575,23
"K","South West","15","Cornwall and Isles of Scilly","15UB","Caradon",,,3345,3015,330,220,7,1415,42,1195,36,515,15,1910,57,1435,43,335,250,300,670,1790,1175,35,220,7,275,8,625,19,270,8,780,23
"K","South West","15","Cornwall and Isles of Scilly","15UC","Carrick",,,3655,3295,360,225,6,1745,48,1210,33,475,13,2140,59,1515,41,310,255,350,700,2040,1530,42,305,8,225,6,620,17,235,6,740,20
"K","South West","15","Cornwall and Isles of Scilly","15UD","Kerrier",,,5095,4640,455,390,8,2275,45,1685,33,745,15,3055,60,2040,40,430,360,475,980,2850,1990,39,335,7,350,7,1025,20,345,7,1050,21
"K","South West","15","Cornwall and Isles of Scilly","15UE","North Cornwall",,,3585,3165,420,240,7,1560,44,1250,35,535,15,2065,58,1520,42,375,300,300,630,1980,1235,34,300,8,220,6,730,20,250,7,850,24
"K","South West","15","Cornwall and Isles of Scilly","15UF","Penwith",,,3755,3420,335,225,6,1680,45,1270,34,580,15,2265,60,1490,40,370,270,360,695,2060,1470,39,245,7,235,6,680,18,295,8,830,22
"K","South West","15","Cornwall and Isles of Scilly","15UG","Restormel",,,4845,4355,490,325,7,2230,46,1585,33,705,15,2905,60,1940,40,525,380,455,940,2545,1880,39,315,7,370,8,850,18,310,6,1120,23
"K","South West","15","Cornwall and Isles of Scilly","15UH","Isles of Scilly",,,25,25,0,0,0,10,40,10,40,5,20,15,60,10,40,5,5,0,10,5,5,20,5,20,5,20,0,0,5,20,5,20
"K","South West","18","Devon","18UB","East Devon",,,3875,3330,545,240,6,1680,43,1325,34,630,16,2205,57,1670,43,365,215,320,745,2230,1440,37,330,9,260,7,670,17,255,7,920,24
"K","South West","18","Devon","18UC","Exeter",,,4920,4310,610,410,8,2575,52,1400,28,535,11,2945,60,1975,40,475,325,470,890,2760,2285,46,355,7,240,5,645,13,270,5,1125,23
"K","South West","18","Devon","18UD","Mid Devon",,,2485,2120,365,195,8,1130,45,795,32,365,15,1440,58,1045,42,275,150,220,440,1400,980,39,200,8,140,6,410,16,170,7,585,24
"K","South West","18","Devon","18UE","North Devon",,,3680,3240,440,225,6,1680,46,1180,32,595,16,2180,59,1500,41,390,220,325,665,2080,1665,45,270,7,235,6,545,15,220,6,745,20
"K","South West","18","Devon","18UG","South Hams",,,2725,2385,340,180,7,1250,46,890,33,405,15,1580,58,1145,42,275,185,250,515,1500,1085,40,235,9,175,6,455,17,155,6,620,23
"K","South West","18","Devon","18UH","Teignbridge",,,4600,3940,660,305,7,1945,42,1520,33,830,18,2645,58,1955,43,445,320,390,845,2600,1760,38,365,8,340,7,740,16,270,6,1125,24
"K","South West","18","Devon","18UK","Torridge",,,2525,2190,335,160,6,1095,43,855,34,415,16,1465,58,1060,42,275,110,215,490,1435,1030,41,190,8,180,7,435,17,175,7,515,20
"K","South West","18","Devon","18UL","West Devon",,,1805,1535,270,105,6,800,44,605,34,295,16,1025,57,780,43,165,130,180,340,990,680,38,160,9,115,6,285,16,125,7,440,24
"K","South West","19","Dorset","19UC","Christchurch",,,1435,1285,150,95,7,680,47,460,32,200,14,795,55,640,45,120,100,135,325,755,530,37,100,7,80,6,275,19,125,9,325,23
"K","South West","19","Dorset","19UD","East Dorset",,,1890,1610,280,100,5,785,42,660,35,345,18,1030,54,860,46,200,90,160,410,1030,620,33,210,11,115,6,370,20,150,8,425,22
"K","South West","19","Dorset","19UE","North Dorset",,,1770,1535,235,125,7,785,44,590,33,270,15,1010,57,760,43,215,125,155,350,925,610,34,160,9,110,6,355,20,135,8,400,23
"K","South West","19","Dorset","19UG","Purbeck",,,1245,1110,135,60,5,525,42,455,37,205,16,690,55,555,45,130,60,110,265,680,445,36,130,10,95,8,225,18,75,6,275,22
"K","South West","19","Dorset","19UH","West Dorset",,,3140,2760,380,215,7,1415,45,1030,33,480,15,1810,58,1330,42,245,250,280,595,1770,1250,40,270,9,170,5,580,18,260,8,610,19
"K","South West","19","Dorset","19UJ","Weymouth and Portland",,,3445,3080,365,255,7,1700,49,1020,30,470,14,2050,60,1395,40,345,245,330,700,1825,1555,45,180,5,210,6,655,19,190,6,655,19
"K","South West","23","Gloucestershire","23UB","Cheltenham",,,3615,3215,400,330,9,1820,50,1080,30,385,11,2065,57,1550,43,340,250,330,765,1930,1735,48,325,9,200,6,460,13,200,6,695,19
"K","South West","23","Gloucestershire","23UC","Cotswold",,,1755,1505,250,160,9,745,42,590,34,260,15,970,55,785,45,175,120,185,405,870,710,40,165,9,135,8,250,14,110,6,385,22
"K","South West","23","Gloucestershire","23UD","Forest of Dean",,,3010,2570,440,165,5,1390,46,1005,33,450,15,1690,56,1320,44,235,200,320,620,1635,1150,38,200,7,200,7,600,20,225,7,635,21
"K","South West","23","Gloucestershire","23UE","Gloucester",,,4765,4160,605,365,8,2390,50,1425,30,585,12,2860,60,1905,40,455,330,485,935,2560,2145,45,320,7,300,6,720,15,270,6,1010,21
"K","South West","23","Gloucestershire","23UF","Stroud",,,3285,2800,485,250,8,1595,49,995,30,445,14,1840,56,1445,44,325,215,335,690,1720,1420,43,250,8,175,5,465,14,215,7,760,23
"K","South West","23","Gloucestershire","23UG","Tewkesbury",,,1970,1705,265,125,6,925,47,640,32,280,14,1110,56,860,44,225,130,180,400,1035,700,36,185,9,165,8,320,16,155,8,445,23
"K","South West","40","Somerset","40UB","Mendip",,,3645,3215,430,270,7,1775,49,1175,32,425,12,2050,56,1595,44,360,210,350,720,2005,1555,43,295,8,200,5,545,15,250,7,800,22
"K","South West","40","Somerset","40UC","Sedgemoor",,,4550,3950,600,315,7,2075,46,1520,33,640,14,2640,58,1910,42,445,285,450,870,2500,1640,36,310,7,305,7,935,21,305,7,1055,23
"K","South West","40","Somerset","40UD","South Somerset",,,4960,4335,625,430,9,2265,46,1560,31,705,14,2830,57,2130,43,520,340,470,985,2645,1945,39,370,7,300,6,870,18,325,7,1150,23
"K","South West","40","Somerset","40UE","Taunton Deane",,,4110,3530,580,330,8,1980,48,1270,31,530,13,2395,58,1715,42,380,225,375,825,2305,1790,44,325,8,225,5,640,16,235,6,895,22
"K","South West","40","Somerset","40UF","West Somerset",,,1480,1305,175,125,8,640,43,495,33,220,15,860,58,620,42,130,100,110,325,815,525,35,130,9,85,6,305,21,65,4,370,25
"K","South West","46","Wiltshire","46UB","Kennet",,,1900,1565,335,155,8,930,49,570,30,245,13,1050,55,850,45,190,130,190,405,985,770,41,165,9,105,6,285,15,115,6,460,24
"K","South West","46","Wiltshire","46UC","North Wiltshire",,,3280,2855,425,230,7,1605,49,1000,30,445,14,1800,55,1480,45,355,275,330,675,1645,1360,41,270,8,175,5,515,16,230,7,730,22
"K","South West","46","Wiltshire","46UD","Salisbury",,,3170,2765,405,220,7,1595,50,995,31,360,11,1740,55,1430,45,310,210,320,610,1720,1295,41,245,8,185,6,470,15,180,6,795,25
"K","South West","46","Wiltshire","46UF","West Wiltshire",,,3690,3255,435,305,8,1810,49,1150,31,425,12,2025,55,1665,45,405,265,360,750,1910,1495,41,295,8,230,6,610,17,210,6,850,23
,,,,"00NA","Isle of Anglesey",,,3855,3515,340,170,4,1480,38,1460,38,745,19,2375,62,1480,38,330,215,250,700,2360,1155,30,260,7,350,9,910,24,265,7,915,24
,,,,"00NC","Gwynedd",,,5955,5255,700,340,6,2385,40,2125,36,1105,19,3640,61,2315,39,495,365,450,1140,3505,1945,33,395,7,500,8,1220,20,440,7,1455,24
,,,,"00NE","Conwy",,,6230,5480,750,340,5,2595,42,2250,36,1045,17,3595,58,2635,42,515,335,470,1230,3680,2435,39,410,7,485,8,1170,19,375,6,1355,22
,,,,"00NG","Denbighshire",,,5955,5190,765,335,6,2495,42,2170,36,955,16,3465,58,2490,42,450,340,435,1140,3590,2265,38,330,6,530,9,1220,20,350,6,1260,21
,,,,"00NJ","Flintshire",,,7040,6285,755,365,5,2985,42,2510,36,1180,17,3830,54,3210,46,625,395,560,1225,4235,2540,36,395,6,570,8,1345,19,405,6,1785,25
,,,,"00NL","Wrexham",,,7655,6870,785,490,6,3275,43,2695,35,1195,16,4380,57,3275,43,615,430,595,1365,4650,2885,38,460,6,740,10,1510,20,460,6,1600,21
,,,,"00NN","Powys",,,5800,5130,670,330,6,2235,39,2200,38,1035,18,3260,56,2540,44,580,420,455,975,3370,1970,34,390,7,415,7,1220,21,455,8,1350,23
,,,,"00NQ","Ceredigion",,,3865,3500,365,205,5,1630,42,1385,36,645,17,2310,60,1555,40,295,210,280,760,2320,1355,35,285,7,335,9,850,22,195,5,845,22
,,,,"00NS","Pembrokeshire",,,6630,5925,705,415,6,2785,42,2320,35,1110,17,3775,57,2855,43,500,360,455,1230,4085,2270,34,410,6,500,8,1445,22,420,6,1585,24
,,,,"00NU","Carmarthenshire",,,13225,12080,1145,745,6,5450,41,4840,37,2190,17,7285,55,5940,45,965,645,960,2435,8220,4475,34,655,5,1110,8,3050,23,910,7,3025,23
,,,,"00NX","Swansea",,,16185,14825,1360,950,6,7425,46,5515,34,2295,14,9170,57,7015,43,1480,940,1250,2805,9710,6040,37,725,4,1150,7,3190,20,1065,7,4015,25
,,,,"00NZ","Neath Port Talbot",,,13055,11900,1155,770,6,5755,44,4515,35,2015,15,7165,55,5890,45,1125,685,890,2270,8085,5000,38,590,5,1005,8,2750,21,870,7,2840,22
,,,,"00PB","Bridgend",,,10705,9785,920,620,6,4750,44,3670,34,1665,16,5830,54,4875,46,980,630,855,2005,6235,4085,38,545,5,1025,10,2235,21,710,7,2105,20
,,,,"00PD","The Vale of Glamorgan",,,5960,5400,560,385,6,2700,45,2050,34,825,14,3345,56,2615,44,570,300,545,1225,3320,2475,42,375,6,425,7,1150,19,380,6,1155,19
,,,,"00PF","Rhondda, Cynon, Taff",,,22065,20655,1410,1420,6,9730,44,7485,34,3430,16,12355,56,9710,44,1980,1100,1595,3845,13545,8905,40,930,4,2005,9,4165,19,1440,7,4620,21
,,,,"00PH","Merthyr Tydfil",,,6010,5645,365,285,5,2575,43,2205,37,945,16,3350,56,2660,44,425,225,400,905,4055,2295,38,265,4,640,11,1365,23,370,6,1075,18
,,,,"00PK","Caerphilly",,,15570,14325,1245,840,5,6630,43,5515,35,2585,17,8740,56,6830,44,1175,695,1115,2825,9760,5850,38,725,5,1435,9,3315,21,995,6,3250,21
,,,,"00PL","Blaenau Gwent",,,7090,6590,500,365,5,3100,44,2500,35,1125,16,4050,57,3040,43,540,345,500,1250,4455,2495,35,320,5,665,9,1535,22,450,6,1625,23
,,,,"00PM","Torfaen",,,6595,6020,575,445,7,2790,42,2310,35,1050,16,3775,57,2820,43,615,390,525,1170,3895,2475,38,325,5,660,10,1430,22,350,5,1355,21
,,,,"00PP","Monmouthshire",,,3600,3230,370,260,7,1530,43,1255,35,555,15,2040,57,1560,43,320,220,325,730,2005,1425,40,235,7,315,9,685,19,180,5,760,21
,,,,"00PR","Newport",,,8455,7835,620,555,7,4020,48,2755,33,1125,13,4890,58,3565,42,860,490,745,1640,4720,3655,43,395,5,735,9,1625,19,420,5,1625,19
,,,,"00PT","Cardiff",,,18065,16550,1515,1280,7,8925,49,5820,32,2035,11,10625,59,7440,41,1725,1095,1515,3625,10105,8490,47,830,5,1230,7,3015,17,1030,6,3470,19
,,,,"100","Aberdeen City",,,10710,9595,1115,725,7,5505,51,3365,31,1115,10,6165,58,4545,42,1000,565,920,2195,6030,5770,54,640,6,625,6,1525,14,435,4,1715,16
,,,,"110","Aberdeenshire",,,8270,7150,1120,570,7,3655,44,2855,35,1190,14,4430,54,3840,46,720,420,685,1725,4720,3150,38,680,8,600,7,1605,19,525,6,1710,21
,,,,"120","Angus",,,4845,4220,625,355,7,2215,46,1640,34,635,13,2605,54,2240,46,470,310,425,965,2675,2020,42,370,8,410,8,795,16,280,6,970,20
,,,,"130","Argyll & Bute",,,4030,3600,430,235,6,1660,41,1490,37,645,16,2260,56,1770,44,485,260,305,705,2275,1570,39,370,9,335,8,610,15,230,6,915,23
,,,,"150","Clackmannanshire",,,3545,3255,290,250,7,1705,48,1160,33,430,12,1850,52,1695,48,295,190,315,700,2045,1600,45,165,5,250,7,670,19,160,5,700,20
,,,,"170","Dumfries & Galloway",,,7335,6490,845,365,5,3125,43,2685,37,1160,16,4250,58,3085,42,605,440,580,1455,4255,2695,37,605,8,615,8,1450,20,420,6,1550,21
,,,,"180","Dundee City",,,10595,9350,1245,740,7,5280,50,3445,33,1130,11,5900,56,4695,44,970,640,905,2040,6040,5175,49,575,5,815,8,1335,13,430,4,2265,21
,,,,"190","East Ayrshire",,,7735,6950,785,445,6,3505,45,2715,35,1070,14,4390,57,3345,43,705,430,660,1550,4390,3125,40,480,6,685,9,1280,17,365,5,1800,23
,,,,"200","East Dunbartonshire",,,3850,3420,430,180,5,1715,45,1385,36,570,15,2015,52,1835,48,340,210,305,665,2330,1480,38,295,8,280,7,570,15,180,5,1045,27
,,,,"210","East Lothian",,,4420,3960,460,335,8,1995,45,1500,34,590,13,2480,56,1940,44,460,260,355,890,2455,1790,40,285,6,320,7,750,17,240,5,1035,23
,,,,"220","East Renfrewshire",,,3295,2940,355,210,6,1495,45,1100,33,490,15,1730,53,1565,47,300,165,320,595,1915,1415,43,230,7,220,7,490,15,150,5,790,24
,,,,"230","Edinburgh, City of",,,22670,20125,2545,1730,8,12255,54,6480,29,2205,10,13365,59,9305,41,2085,1340,1935,4495,12815,11440,50,1390,6,1250,6,2630,12,885,4,5075,22
,,,,"235","Eilean Siar",,,1300,1155,145,60,5,490,38,520,40,230,18,800,62,500,38,125,85,120,295,675,360,28,110,8,120,9,240,18,120,9,350,27
,,,,"240","Falkirk",,,8810,7935,875,400,5,4035,46,3250,37,1125,13,4705,53,4105,47,700,505,615,1790,5200,3205,36,445,5,710,8,1515,17,495,6,2440,28
,,,,"250","Fife",,,19715,17765,1950,1260,6,9135,46,6695,34,2625,13,10785,55,8930,45,1835,1110,1570,4025,11175,8075,41,1270,6,1535,8,3495,18,975,5,4365,22
,,,,"260","Glasgow City",,,55635,51675,3960,2965,5,28990,52,17910,32,5770,10,32405,58,23230,42,4780,2945,4365,10055,33490,28620,51,2370,4,3970,7,6800,12,2180,4,11695,21
,,,,"270","Highland",,,10260,9100,1160,655,6,4585,45,3620,35,1400,14,5790,56,4470,44,900,670,835,2035,5820,3880,38,780,8,705,7,1650,16,520,5,2725,27
,,,,"280","Inverclyde",,,6815,6290,525,400,6,3205,47,2300,34,910,13,4115,60,2700,40,645,425,595,1235,3915,3010,44,410,6,550,8,920,13,295,4,1630,24
,,,,"290","Midlothian",,,4200,3690,510,265,6,1840,44,1470,35,625,15,2335,56,1865,44,375,260,345,775,2445,1680,40,250,6,280,7,655,16,190,5,1145,27
,,,,"300","Moray",,,3575,3085,490,265,7,1560,44,1205,34,545,15,1910,53,1665,47,385,220,300,700,1970,1385,39,300,8,235,7,650,18,195,5,810,23
,,,,"310","North Ayrshire",,,8920,8125,795,550,6,4080,46,3110,35,1180,13,5025,56,3895,44,840,500,750,1750,5080,3710,42,605,7,810,9,1370,15,385,4,2040,23
,,,,"320","North Lanarkshire",,,25025,23105,1920,1285,5,11700,47,8935,36,3105,12,13220,53,11805,47,2520,1400,2055,4555,14495,10540,42,1225,5,2075,8,4215,17,1385,6,5585,22
,,,,"330","Orkney Islands",,,735,630,105,50,7,290,39,275,37,120,16,455,62,280,38,80,55,60,120,420,200,27,80,11,55,7,180,24,50,7,170,23
,,,,"340","Perth & Kinross",,,5445,4675,770,310,6,2450,45,1900,35,785,14,3005,55,2440,45,555,290,430,1055,3115,2175,40,515,9,440,8,750,14,255,5,1310,24
,,,,"350","Renfrewshire",,,11160,10215,945,700,6,5415,49,3660,33,1385,12,6210,56,4950,44,1175,645,965,2065,6310,5030,45,630,6,810,7,1520,14,565,5,2605,23
,,,,"355","Scottish Borders",,,4610,4070,540,320,7,2180,47,1500,33,610,13,2620,57,1990,43,465,305,430,915,2495,1925,42,325,7,380,8,700,15,240,5,1040,23
,,,,"360","Shetland Islands",,,750,670,80,75,10,320,43,230,31,125,17,445,59,305,41,85,40,60,160,405,285,38,75,10,60,8,105,14,45,6,180,24
,,,,"370","South Ayrshire",,,6055,5295,760,340,6,2725,45,2120,35,870,14,3375,56,2680,44,525,310,515,1130,3575,2655,44,395,7,515,9,890,15,275,5,1325,22
,,,,"380","South Lanarkshire",,,19940,18300,1640,1155,6,9210,46,6980,35,2595,13,10785,54,9155,46,1960,1075,1635,3635,11635,8855,44,1100,6,1700,9,3360,17,875,4,4050,20
,,,,"390","Stirling",,,4050,3635,415,230,6,1965,49,1390,34,465,11,2205,54,1845,46,320,245,300,760,2425,1710,42,320,8,285,7,635,16,255,6,845,21
,,,,"395","West Dunbartonshire",,,7025,6515,510,435,6,3355,48,2380,34,855,12,4020,57,3005,43,625,420,560,1430,3990,3375,48,380,5,570,8,960,14,425,6,1315,19
,,,,"400","West Lothian",,,9615,8695,920,710,7,4615,48,3115,32,1175,12,5010,52,4605,48,865,615,880,1965,5290,4135,43,565,6,700,7,1670,17,470,5,2075,22