DATASET_TITLE,Distance Travelled to Work - Workplace Population (UV80),,,,,,FROM,Apr-2001,Apr-2001,Apr-2001,Apr-2001,Apr-2001,Apr-2001,Apr-2001,Apr-2001,Apr-2001,Apr-2001
AREA_TYPE,Local Authority,,,,,,TO,Apr-2001,Apr-2001,Apr-2001,Apr-2001,Apr-2001,Apr-2001,Apr-2001,Apr-2001,Apr-2001,Apr-2001
GEO_HIERARCHY,2003 Administrative Hierarchy,,,,,,HEADING,All People Aged 16 to 74 in Employment in Area,Works mainly at or from home,Distance travelled to work: Less than 2km,Distance travelled to work: 2km to less than 5km,Distance travelled to work: 5km to less than 10km,Distance travelled to work: 10km to less than 20km,Distance travelled to work: 20km to less than 30km,Distance travelled to work: 30km to less than 40km,Distance travelled to work: 40km to less than 60km,Distance travelled to work: 60km and over
,,,,,,,MEASUREMENT_UNIT,Count,Count,Count,Count,Count,Count,Count,Count,Count,Count
,,,,,,,STATISTICAL_UNIT,Persons,Persons,Persons,Persons,Persons,Persons,Persons,Persons,Persons,Persons
GOR_CODE,GOR_NAME,CTY_CODE,CTY_NAME,LA_CODE,LA_NAME,AREA_METADATA,,DATA_VALUE,DATA_VALUE,DATA_VALUE,DATA_VALUE,DATA_VALUE,DATA_VALUE,DATA_VALUE,DATA_VALUE,DATA_VALUE,DATA_VALUE
"A","North East","2D","Tyne and Wear","00CH","Gateshead",,,84711,7581,13102,18736,21887,17709,2953,893,1041,809
"A","North East","2D","Tyne and Wear","00CJ","Newcastle upon Tyne",,,158713,10086,19478,36910,41478,37285,6556,2340,2343,2237
"A","North East","2D","Tyne and Wear","00CK","North Tyneside",,,66999,8422,13996,16046,14969,9693,1784,635,673,781
"A","North East","2D","Tyne and Wear","00CL","South Tyneside",,,46176,5340,11741,13975,8003,4917,1074,324,445,357
"A","North East","2D","Tyne and Wear","00CM","Sunderland",,,117052,9870,23139,31218,28371,16682,4260,1453,1075,984
"A","North East",,,"00EB","Hartlepool",,,32089,3222,9041,10137,3340,4130,1247,391,341,240
"A","North East",,,"00EC","Middlesbrough",,,57428,4736,10002,14064,14401,9282,2097,938,921,987
"A","North East",,,"00EE","Redcar and Cleveland",,,45656,5583,9719,8368,11119,8194,1136,717,487,333
"A","North East",,,"00EF","Stockton-on-Tees",,,76308,7689,13731,19231,17845,11599,2889,1264,1160,900
"A","North East",,,"00EH","Darlington",,,45525,4828,11925,11345,3450,7979,3123,1018,871,986
"A","North East","20","Durham","20UB","Chester-le-Street",,,12167,2566,2914,2199,2070,1853,286,148,54,77
"A","North East","20","Durham","20UD","Derwentside",,,24593,3876,6863,5057,4056,2877,1142,283,150,289
"A","North East","20","Durham","20UE","Durham",,,47129,3852,7108,8155,10379,11973,3747,1045,376,494
"A","North East","20","Durham","20UF","Easington",,,27406,3158,7132,5973,4325,4396,1594,467,125,236
"A","North East","20","Durham","20UG","Sedgefield",,,31663,3639,7226,5971,6775,5213,1709,617,245,268
"A","North East","20","Durham","20UH","Teesdale",,,9268,2283,2393,700,1077,1472,836,205,178,124
"A","North East","20","Durham","20UJ","Wear Valley",,,20305,3366,5317,3700,3815,2539,964,365,117,122
"A","North East","35","Northumberland","35UB","Alnwick",,,10884,2587,3685,822,1067,1379,562,243,376,163
"A","North East","35","Northumberland","35UC","Berwick-upon-Tweed",,,9826,2370,4069,1348,583,651,434,110,96,165
"A","North East","35","Northumberland","35UD","Blyth Valley",,,24792,3646,6550,4453,5323,3390,724,293,133,280
"A","North East","35","Northumberland","35UE","Castle Morpeth",,,22138,3094,3397,1894,4419,5735,2236,662,388,313
"A","North East","35","Northumberland","35UF","Tynedale",,,22157,5270,5945,1717,2409,3305,1850,830,411,420
"A","North East","35","Northumberland","35UG","Wansbeck",,,17691,2328,5388,4263,2854,1597,826,211,108,116
"B","North West","2A","Greater Manchester","00BL","Bolton",,,106750,13118,22122,29842,22974,11341,4005,1154,912,1282
"B","North West","2A","Greater Manchester","00BM","Bury",,,62868,9793,14535,15834,11717,7088,1899,616,576,810
"B","North West","2A","Greater Manchester","00BN","Manchester",,,267458,14772,27868,50609,73044,60731,16769,8316,8639,6710
"B","North West","2A","Greater Manchester","00BP","Oldham",,,82969,10501,20646,25507,14787,6917,2060,883,818,850
"B","North West","2A","Greater Manchester","00BQ","Rochdale",,,76695,9848,19805,20267,14175,7547,2537,849,729,938
"B","North West","2A","Greater Manchester","00BR","Salford",,,102299,9737,17179,18678,22971,21026,5508,2496,2496,2208
"B","North West","2A","Greater Manchester","00BS","Stockport",,,118781,17156,23192,30145,23784,13883,4337,2024,2216,2044
"B","North West","2A","Greater Manchester","00BT","Tameside",,,74944,10776,19668,20716,13221,6813,1518,792,805,635
"B","North West","2A","Greater Manchester","00BU","Trafford",,,113018,12074,17647,23481,23099,21865,6824,2758,2902,2368
"B","North West","2A","Greater Manchester","00BW","Wigan",,,106309,14903,26381,27138,19655,10788,3896,1398,718,1432
"B","North West","2B","Merseyside","00BX","Knowsley",,,53126,4948,10271,10454,14140,9468,1933,765,571,576
"B","North West","2B","Merseyside","00BY","Liverpool",,,203717,14382,27781,49970,60447,32465,9933,2382,3121,3236
"B","North West","2B","Merseyside","00BZ","St. Helens",,,58240,7140,13272,16244,11041,6205,2213,989,512,624
"B","North West","2B","Merseyside","00CA","Sefton",,,95200,13251,24550,21936,14441,14423,3839,929,753,1078
"B","North West","2B","Merseyside","00CB","Wirral",,,100574,12816,21847,25879,24459,10139,2704,895,948,887
"B","North West",,,"00ET","Halton",,,52796,4488,11980,12920,8368,8397,3467,1611,753,812
"B","North West",,,"00EU","Warrington",,,102509,10262,16217,24527,17993,15658,8237,4845,2093,2677
"B","North West",,,"00EX","Blackburn with Darwen",,,58954,5871,15117,15972,10283,7324,1988,1112,676,611
"B","North West",,,"00EY","Blackpool",,,59323,8513,17396,17388,9538,3383,1463,637,529,476
"B","North West","13","Cheshire","13UB","Chester",,,66411,7422,10997,12135,9843,14701,6188,2133,1807,1185
"B","North West","13","Cheshire","13UC","Congleton",,,33929,6389,8275,3415,7223,5592,1376,617,545,497
"B","North West","13","Cheshire","13UD","Crewe and Nantwich",,,51092,6774,12403,12184,7737,6228,2050,1137,1208,1371
"B","North West","13","Cheshire","13UE","Ellesmere Port & Neston",,,34443,3594,6741,7343,4744,8318,2103,596,640,364
"B","North West","13","Cheshire","13UG","Macclesfield",,,79436,11289,16621,10431,11681,18370,5712,2115,1654,1563
"B","North West","13","Cheshire","13UH","Vale Royal",,,46339,7753,10254,9142,7192,6147,3133,1346,650,722
"B","North West","16","Cumbria","16UB","Allerdale",,,36022,6572,10684,4936,4858,5563,1610,538,583,678
"B","North West","16","Cumbria","16UC","Barrow-in-Furness",,,28419,2803,10720,8185,3112,1949,372,313,216,749
"B","North West","16","Cumbria","16UD","Carlisle",,,49792,6135,14190,13035,5595,5228,2023,969,1066,1551
"B","North West","16","Cumbria","16UE","Copeland",,,31146,3362,6077,4660,4426,7059,3039,1120,593,810
"B","North West","16","Cumbria","16UF","Eden",,,23960,6066,6551,1789,2686,3136,1523,953,680,576
"B","North West","16","Cumbria","16UG","South Lakeland",,,47339,9459,14239,5622,5253,6981,2695,1292,551,1247
"B","North West","30","Lancashire","30UD","Burnley",,,38249,3875,11259,10848,6149,4011,899,524,405,279
"B","North West","30","Lancashire","30UE","Chorley",,,36579,6449,8774,7215,6077,4526,1668,911,483,476
"B","North West","30","Lancashire","30UF","Fylde",,,40564,4335,8090,6117,8362,9620,1502,864,684,990
"B","North West","30","Lancashire","30UG","Hyndburn",,,31467,3663,8784,7228,5817,3600,1139,428,453,355
"B","North West","30","Lancashire","30UH","Lancaster",,,53005,7649,15298,12723,8836,3559,1894,1295,642,1109
"B","North West","30","Lancashire","30UJ","Pendle",,,32609,4180,10394,7229,5601,2948,991,475,406,385
"B","North West","30","Lancashire","30UK","Preston",,,78544,5798,14838,22615,12055,10269,7256,2773,1667,1273
"B","North West","30","Lancashire","30UL","Ribble Valley",,,24096,4386,5534,2637,4607,4603,1152,628,329,220
"B","North West","30","Lancashire","30UM","Rossendale",,,22911,3840,6008,4806,3746,2933,699,296,219,364
"B","North West","30","Lancashire","30UN","South Ribble",,,41696,5846,9034,8557,8797,4357,2912,1026,633,534
"B","North West","30","Lancashire","30UP","West Lancashire",,,43787,6455,10409,7578,8239,7882,1672,570,463,519
"B","North West","30","Lancashire","30UQ","Wyre",,,34419,6493,9964,7099,5224,3327,1170,349,366,427
"D","Yorkshire and The Humber","2C","South Yorkshire","00CC","Barnsley",,,74473,10092,18213,17671,14318,8636,3097,878,575,993
"D","Yorkshire and The Humber","2C","South Yorkshire","00CE","Doncaster",,,108690,14066,21894,23433,23081,15756,5017,2093,1715,1635
"D","Yorkshire and The Humber","2C","South Yorkshire","00CF","Rotherham",,,93860,11451,17034,22094,20747,16208,2995,1077,915,1339
"D","Yorkshire and The Humber","2C","South Yorkshire","00CG","Sheffield",,,243409,24023,38634,63574,64869,34895,7561,3156,2986,3711
"D","Yorkshire and The Humber","2F","West Yorkshire","00CX","Bradford",,,194677,21223,40336,52050,42503,26042,5518,1940,2147,2918
"D","Yorkshire and The Humber","2F","West Yorkshire","00CY","Calderdale",,,83269,10587,19014,22219,16995,8885,2565,870,844,1290
"D","Yorkshire and The Humber","2F","West Yorkshire","00CZ","Kirklees",,,151887,20404,33567,39909,29303,19175,4295,1656,1368,2210
"D","Yorkshire and The Humber","2F","West Yorkshire","00DA","Leeds",,,378007,34208,56684,78643,87521,69403,24592,9434,8097,9425
"D","Yorkshire and The Humber","2F","West Yorkshire","00DB","Wakefield",,,131149,13947,28585,28243,24226,23165,6670,2779,1490,2044
"D","Yorkshire and The Humber",,,"00FA","Kingston upon Hull, City of",,,117017,8119,22436,38198,26022,13265,4020,1696,1315,1946
"D","Yorkshire and The Humber",,,"00FB","East Riding of Yorkshire",,,112693,20259,29897,15040,16131,17823,6067,3330,2177,1969
"D","Yorkshire and The Humber",,,"00FC","North East Lincolnshire",,,66040,6732,16813,20803,11194,5256,2224,1433,710,875
"D","Yorkshire and The Humber",,,"00FD","North Lincolnshire",,,70468,8119,14911,16137,10318,11468,4315,2351,1409,1440
"D","Yorkshire and The Humber",,,"00FF","York",,,92586,9800,22472,25827,11828,8557,4895,2811,3479,2917
"D","Yorkshire and The Humber","36","North Yorkshire","36UB","Craven",,,24064,5078,6309,2036,3908,3840,1459,627,295,512
"D","Yorkshire and The Humber","36","North Yorkshire","36UC","Hambleton",,,40477,7935,10253,3123,4597,6675,3076,1746,1559,1513
"D","Yorkshire and The Humber","36","North Yorkshire","36UD","Harrogate",,,69614,12639,19650,11768,7082,9914,3679,1758,1115,2009
"D","Yorkshire and The Humber","36","North Yorkshire","36UE","Richmondshire",,,21516,4608,7343,2650,2128,1847,788,390,366,1396
"D","Yorkshire and The Humber","36","North Yorkshire","36UF","Ryedale",,,24781,5432,6225,2060,2543,3888,2169,1061,945,458
"D","Yorkshire and The Humber","36","North Yorkshire","36UG","Scarborough",,,42034,7269,15361,7975,4963,2686,1819,486,610,865
"D","Yorkshire and The Humber","36","North Yorkshire","36UH","Selby",,,30983,5386,6462,3471,4526,5875,2635,1166,777,685
"E","East Midlands",,,"00FK","Derby",,,110813,9555,20271,34117,19126,16448,5104,1826,2032,2334
"E","East Midlands",,,"00FN","Leicester",,,154675,11660,30649,47132,35014,16719,5620,3062,2069,2750
"E","East Midlands",,,"00FP","Rutland",,,15189,2848,4386,1258,2135,2393,937,457,353,422
"E","East Midlands",,,"00FY","Nottingham",,,172274,10385,24436,48771,46465,23502,8960,3389,2391,3975
"E","East Midlands","17","Derbyshire","17UB","Amber Valley",,,49102,6870,11215,10472,9275,7452,1910,561,490,857
"E","East Midlands","17","Derbyshire","17UC","Bolsover",,,21815,3370,5337,3786,4086,3385,983,276,209,383
"E","East Midlands","17","Derbyshire","17UD","Chesterfield",,,48750,4862,10485,14216,9319,6440,1355,865,524,684
"E","East Midlands","17","Derbyshire","17UF","Derbyshire Dales",,,32114,6366,7387,3782,4280,6473,2348,728,407,343
"E","East Midlands","17","Derbyshire","17UG","Erewash",,,39736,5940,11397,8943,6275,5045,984,367,361,424
"E","East Midlands","17","Derbyshire","17UH","High Peak",,,32352,6171,11336,5164,4342,3217,1089,426,328,279
"E","East Midlands","17","Derbyshire","17UJ","North East Derbyshire",,,27328,5987,6175,4339,5548,3446,741,265,292,535
"E","East Midlands","17","Derbyshire","17UK","South Derbyshire",,,27196,5171,6405,4173,4421,3622,1508,819,607,470
"E","East Midlands","31","Leicestershire","31UB","Blaby",,,41078,6083,6221,8304,9341,6041,1850,987,1053,1198
"E","East Midlands","31","Leicestershire","31UC","Charnwood",,,61932,9176,15035,11489,10590,9478,3421,819,768,1156
"E","East Midlands","31","Leicestershire","31UD","Harborough",,,32663,6436,7856,2512,4067,7203,2493,777,548,771
"E","East Midlands","31","Leicestershire","31UE","Hinckley and Bosworth",,,42735,6878,10548,7233,7575,6660,1732,669,679,761
"E","East Midlands","31","Leicestershire","31UG","Melton",,,19428,3702,6509,2409,2196,2194,1506,411,238,263
"E","East Midlands","31","Leicestershire","31UH","North West Leicestershire",,,44952,5580,7972,7064,8905,8839,2853,1227,952,1560
"E","East Midlands","31","Leicestershire","31UJ","Oadby and Wigston",,,19018,3035,5170,4298,3822,1572,526,165,218,212
"E","East Midlands","32","Lincolnshire","32UB","Boston",,,25896,3635,7838,4993,3626,2922,1489,526,529,338
"E","East Midlands","32","Lincolnshire","32UC","East Lindsey",,,46200,9460,15206,4165,5931,5961,2366,1314,745,1052
"E","East Midlands","32","Lincolnshire","32UD","Lincoln",,,47311,3942,10561,13264,9519,3775,2761,1089,1527,873
"E","East Midlands","32","Lincolnshire","32UE","North Kesteven",,,38067,6395,8881,5083,6383,5445,2946,791,1065,1078
"E","East Midlands","32","Lincolnshire","32UF","South Holland",,,33145,5558,7681,5693,4619,5535,2099,622,694,644
"E","East Midlands","32","Lincolnshire","32UG","South Kesteven",,,50639,8741,15375,8329,4387,7509,2602,1599,1042,1055
"E","East Midlands","32","Lincolnshire","32UH","West Lindsey",,,26008,5828,6780,2904,3313,3815,1789,670,531,378
"E","East Midlands","34","Northamptonshire","34UB","Corby",,,29488,2095,5983,9329,3767,4541,1481,948,497,847
"E","East Midlands","34","Northamptonshire","34UC","Daventry",,,31248,5800,7166,3460,4561,5235,2426,1064,668,868
"E","East Midlands","34","Northamptonshire","34UD","East Northamptonshire",,,26110,5563,7545,3403,3535,3406,1288,375,325,670
"E","East Midlands","34","Northamptonshire","34UE","Kettering",,,33962,5150,9493,6860,4954,5024,880,625,393,583
"E","East Midlands","34","Northamptonshire","34UF","Northampton",,,111253,10823,20033,32339,19027,13002,7611,1897,2202,4319
"E","East Midlands","34","Northamptonshire","34UG","South Northamptonshire",,,28364,7043,5994,2244,4053,5119,1583,773,602,953
"E","East Midlands","34","Northamptonshire","34UH","Wellingborough",,,33372,4456,7734,6396,6660,5159,1004,396,482,1085
"E","East Midlands","37","Nottinghamshire","37UB","Ashfield",,,44533,5301,11090,9560,8794,5991,1865,629,572,731
"E","East Midlands","37","Nottinghamshire","37UC","Bassetlaw",,,46756,5930,11678,7169,7311,8315,3292,1505,761,795
"E","East Midlands","37","Nottinghamshire","37UD","Broxtowe",,,35297,5861,8240,7440,6695,4403,980,514,477,687
"E","East Midlands","37","Nottinghamshire","37UE","Gedling",,,33056,6593,8339,6328,5499,4173,1139,360,261,364
"E","East Midlands","37","Nottinghamshire","37UF","Mansfield",,,36474,4388,8531,9731,6564,4096,1999,452,367,346
"E","East Midlands","37","Nottinghamshire","37UG","Newark and Sherwood",,,38904,6940,9657,6378,4702,6168,3159,906,448,546
"E","East Midlands","37","Nottinghamshire","37UJ","Rushcliffe",,,35963,7297,6806,5033,7417,5444,2079,722,505,660
"F","West Midlands","2E","West Midlands","00CN","Birmingham",,,450717,40842,61980,94713,123024,76453,25928,9126,7187,11464
"F","West Midlands","2E","West Midlands","00CQ","Coventry",,,141971,12344,25968,41385,26345,19098,6898,3681,2704,3548
"F","West Midlands","2E","West Midlands","00CR","Dudley",,,123179,15737,27771,35791,24128,12103,3551,1557,914,1627
"F","West Midlands","2E","West Midlands","00CS","Sandwell",,,120276,10995,23966,32918,27469,16307,3625,1773,1118,2105
"F","West Midlands","2E","West Midlands","00CT","Solihull",,,92514,11798,12660,18403,18623,16620,6959,2503,1902,3046
"F","West Midlands","2E","West Midlands","00CU","Walsall",,,104685,11787,22489,28218,22256,13247,2717,1275,921,1775
"F","West Midlands","2E","West Midlands","00CW","Wolverhampton",,,104433,10262,19030,31523,22374,11583,5296,1085,1546,1734
"F","West Midlands",,,"00GA","Herefordshire, County of",,,77293,17148,19634,12564,9298,10006,4295,1633,1082,1633
"F","West Midlands",,,"00GF","Telford and Wrekin",,,79840,8021,15031,20235,15782,8474,6707,2342,1511,1737
"F","West Midlands",,,"00GL","Stoke-on-Trent",,,111803,9876,23389,34244,26173,11604,2913,726,1450,1428
"F","West Midlands","39","Shropshire","39UB","Bridgnorth",,,21693,4670,6600,1527,2590,3694,1061,430,256,865
"F","West Midlands","39","Shropshire","39UC","North Shropshire",,,23150,5231,6420,1919,2904,3470,1679,546,355,626
"F","West Midlands","39","Shropshire","39UD","Oswestry",,,15704,2711,4429,2421,2538,1784,955,257,255,354
"F","West Midlands","39","Shropshire","39UE","Shrewsbury and Atcham",,,46396,6807,11426,10452,5032,5891,3878,1062,981,867
"F","West Midlands","39","Shropshire","39UF","South Shropshire",,,16207,5041,4239,1021,1508,2080,727,407,265,919
"F","West Midlands","41","Staffordshire","41UB","Cannock Chase",,,34922,5529,8891,8475,5265,4058,1322,584,380,418
"F","West Midlands","41","Staffordshire","41UC","East Staffordshire",,,51101,6499,12106,10900,8389,6547,3192,1282,1001,1185
"F","West Midlands","41","Staffordshire","41UD","Lichfield",,,39624,6957,8448,4923,7871,7366,1809,763,654,833
"F","West Midlands","41","Staffordshire","41UE","Newcastle-under-Lyme",,,46599,6552,10186,11450,10202,5390,972,430,649,768
"F","West Midlands","41","Staffordshire","41UF","South Staffordshire",,,30977,7454,6231,4486,6266,4243,1199,402,288,408
"F","West Midlands","41","Staffordshire","41UG","Stafford",,,58488,8013,13122,11196,8055,10555,3967,1597,789,1194
"F","West Midlands","41","Staffordshire","41UH","Staffordshire Moorlands",,,31646,7026,8567,4029,4768,5433,894,325,323,281
"F","West Midlands","41","Staffordshire","41UK","Tamworth",,,28837,4034,7763,8044,2469,3311,1595,588,479,554
"F","West Midlands","44","Warwickshire","44UB","North Warwickshire",,,29391,4235,4550,4137,6351,5790,2037,827,518,946
"F","West Midlands","44","Warwickshire","44UC","Nuneaton and Bedworth",,,41905,5773,10981,11467,6698,3705,1679,589,493,520
"F","West Midlands","44","Warwickshire","44UD","Rugby",,,43651,5394,9732,10445,5544,6302,2523,1142,941,1628
"F","West Midlands","44","Warwickshire","44UE","Stratford-on-Avon",,,52701,10152,10664,4544,7176,10684,4198,2061,1388,1834
"F","West Midlands","44","Warwickshire","44UF","Warwick",,,69102,8151,14853,12642,9448,11901,5834,2283,1737,2253
"F","West Midlands","47","Worcestershire","47UB","Bromsgrove",,,33175,6273,6823,5330,5833,5648,1702,516,361,689
"F","West Midlands","47","Worcestershire","47UC","Malvern Hills",,,28123,6529,6740,4338,3685,4132,1186,572,414,527
"F","West Midlands","47","Worcestershire","47UD","Redditch",,,36542,4588,8837,10861,2913,4708,2749,658,418,810
"F","West Midlands","47","Worcestershire","47UE","Worcester",,,51127,5236,13835,13997,5107,5872,3726,1466,780,1108
"F","West Midlands","47","Worcestershire","47UF","Wychavon",,,48546,9604,10900,6758,8129,7488,3007,1026,766,868
"F","West Midlands","47","Worcestershire","47UG","Wyre Forest",,,37185,6472,10768,8804,4851,3499,1646,492,296,357
"G","East of England",,,"00JA","Peterborough",,,90621,7933,16079,23091,17354,12159,6015,2707,2345,2938
"G","East of England",,,"00KA","Luton",,,83916,9972,18477,22828,12191,8568,4311,2269,2080,3220
"G","East of England",,,"00KF","Southend-on-Sea",,,63254,9438,16260,15249,14154,4749,1421,525,750,708
"G","East of England",,,"00KG","Thurrock",,,57323,8240,9675,11535,9970,10301,4110,1484,773,1235
"G","East of England","09","Bedfordshire","09UC","Mid Bedfordshire",,,45140,9863,9793,5181,6603,8312,2116,953,761,1558
"G","East of England","09","Bedfordshire","09UD","Bedford",,,68422,9571,15545,16889,8343,9504,4297,1353,1084,1836
"G","East of England","09","Bedfordshire","09UE","South Bedfordshire",,,44304,7936,12032,7717,6543,5062,2218,754,868,1174
"G","East of England","12","Cambridgeshire","12UB","Cambridge",,,78699,5917,15101,17678,10721,12043,9159,2512,2716,2852
"G","East of England","12","Cambridgeshire","12UC","East Cambridgeshire",,,24903,6050,5399,2656,4036,3474,1543,682,483,580
"G","East of England","12","Cambridgeshire","12UD","Fenland",,,31803,5733,9464,4739,3973,4339,1999,607,407,542
"G","East of England","12","Cambridgeshire","12UE","Huntingdonshire",,,69000,11106,15357,8407,9346,12826,5463,2269,1766,2460
"G","East of England","12","Cambridgeshire","12UG","South Cambridgeshire",,,64098,10732,9753,7192,9467,13402,6056,2595,2285,2616
"G","East of England","22","Essex","22UB","Basildon",,,76687,10127,13306,14361,14793,15241,4384,1737,1345,1393
"G","East of England","22","Essex","22UC","Braintree",,,50479,10647,13028,6655,6392,7604,2978,1204,1137,834
"G","East of England","22","Essex","22UD","Brentwood",,,32667,4911,4899,3968,5363,6771,3516,1411,863,965
"G","East of England","22","Essex","22UE","Castle Point",,,21651,6077,5679,4271,3187,1493,414,165,204,161
"G","East of England","22","Essex","22UF","Chelmsford",,,75499,11203,14577,14311,6971,15105,6416,3277,1875,1764
"G","East of England","22","Essex","22UG","Colchester",,,73155,10565,15578,17199,9635,10312,5903,1359,795,1809
"G","East of England","22","Essex","22UH","Epping Forest",,,38593,9535,6913,5072,6643,5523,1925,1140,914,928
"G","East of England","22","Essex","22UJ","Harlow",,,39305,4353,8347,11192,4025,4455,3024,1740,1147,1022
"G","East of England","22","Essex","22UK","Maldon",,,20580,5478,5171,1891,2736,3325,1142,297,280,260
"G","East of England","22","Essex","22UL","Rochford",,,22879,5570,4708,4876,4430,1886,466,233,292,418
"G","East of England","22","Essex","22UN","Tendring",,,41189,8768,13311,7229,4963,4351,1346,358,278,585
"G","East of England","22","Essex","22UQ","Uttlesford",,,34677,6345,5858,3029,4813,6226,3616,1562,1682,1546
"G","East of England","26","Hertfordshire","26UB","Broxbourne",,,32123,6545,6968,5434,5265,3768,1768,820,665,890
"G","East of England","26","Hertfordshire","26UC","Dacorum",,,68501,10436,14772,11876,8566,10440,5494,2468,1862,2587
"G","East of England","26","Hertfordshire","26UD","East Hertfordshire",,,57200,10263,12058,7551,8132,10979,3836,1712,1399,1270
"G","East of England","26","Hertfordshire","26UE","Hertsmere",,,44339,7352,7769,5683,8348,7953,2893,1522,1130,1689
"G","East of England","26","Hertfordshire","26UF","North Hertfordshire",,,47664,8444,12332,7126,7623,6184,2486,1218,981,1270
"G","East of England","26","Hertfordshire","26UG","St Albans",,,55586,9811,10520,8454,9341,9338,4040,1471,1103,1508
"G","East of England","26","Hertfordshire","26UH","Stevenage",,,41725,4743,7717,11151,5275,5615,3270,1638,1118,1198
"G","East of England","26","Hertfordshire","26UJ","Three Rivers",,,30569,6309,5013,4593,5068,3683,1944,1013,859,2087
"G","East of England","26","Hertfordshire","26UK","Watford",,,49372,5360,10203,11513,7068,6768,3489,1696,1368,1907
"G","East of England","26","Hertfordshire","26UL","Welwyn Hatfield",,,54597,6197,10478,7415,7835,11687,5091,1957,1655,2282
"G","East of England","33","Norfolk","33UB","Breckland",,,45299,9162,12837,4960,5062,6726,3356,1325,1159,712
"G","East of England","33","Norfolk","33UC","Broadland",,,39230,8533,7593,6342,6371,6299,2326,845,359,562
"G","East of England","33","Norfolk","33UD","Great Yarmouth",,,36192,5174,9668,8178,4989,4975,1368,762,251,827
"G","East of England","33","Norfolk","33UE","King's Lynn and West Norfolk",,,56356,10004,12929,10036,7497,8836,3367,1329,1125,1233
"G","East of England","33","Norfolk","33UF","North Norfolk",,,37452,8003,10175,3708,5548,5711,2096,1093,492,626
"G","East of England","33","Norfolk","33UG","Norwich",,,92558,5784,18614,24166,16288,11976,8529,3723,1047,2431
"G","East of England","33","Norfolk","33UH","South Norfolk",,,39898,9109,7510,5115,6147,6856,2490,1312,599,760
"G","East of England","42","Suffolk","42UB","Babergh",,,32233,7139,8461,4530,4436,4451,1737,573,329,577
"G","East of England","42","Suffolk","42UC","Forest Heath",,,32163,3725,8429,3351,5158,6199,2766,950,895,690
"G","East of England","42","Suffolk","42UD","Ipswich",,,65888,6118,15549,19565,7920,8886,3549,1603,1105,1593
"G","East of England","42","Suffolk","42UE","Mid Suffolk",,,34645,7825,6938,4168,5735,5147,2406,908,708,810
"G","East of England","42","Suffolk","42UF","St Edmundsbury",,,50314,7339,13688,8050,5682,7317,4118,1493,1289,1338
"G","East of England","42","Suffolk","42UG","Suffolk Coastal",,,48005,8424,10877,7037,7185,8672,2556,1158,814,1282
"G","East of England","42","Suffolk","42UH","Waveney",,,42459,6318,12274,10044,4252,5719,1876,784,358,834
"H","London","1B","Inner London","00AA","City of London",,,312178,556,6888,26387,75425,91087,30903,20630,35430,24872
"H","London","1C","Outer London","00AB","Barking and Dagenham",,,52301,8220,8985,12185,10211,6187,2831,1919,881,882
"H","London","1C","Outer London","00AC","Barnet",,,106906,23046,18247,20609,20774,13443,4251,1982,1651,2903
"H","London","1C","Outer London","00AD","Bexley",,,67493,13872,12747,15784,11637,7009,2723,1607,805,1309
"H","London","1C","Outer London","00AE","Brent",,,89859,18118,14414,18706,17177,12017,3796,1551,1690,2390
"H","London","1C","Outer London","00AF","Bromley",,,102557,20531,18451,21564,20898,11729,3274,2415,1418,2277
"H","London","1B","Inner London","00AG","Camden",,,227669,14751,17286,30211,58101,59494,14424,7320,11737,14345
"H","London","1C","Outer London","00AH","Croydon",,,128227,21575,23016,30781,27020,12437,4778,2234,2966,3420
"H","London","1C","Outer London","00AJ","Ealing",,,109866,18946,17520,23406,22511,14188,5356,2284,2015,3640
"H","London","1C","Outer London","00AK","Enfield",,,90012,16963,16833,21673,16130,10149,3439,1560,1321,1944
"H","London","1C","Outer London","00AL","Greenwich",,,64739,12039,11526,14445,13764,7093,2148,1606,957,1161
"H","London","1B","Inner London","00AM","Hackney",,,74282,11428,11382,11932,14319,13922,3701,1694,2950,2954
"H","London","1B","Inner London","00AN","Hammersmith and Fulham",,,100118,11474,13898,16688,21384,22512,4655,2189,2898,4420
"H","London","1B","Inner London","00AP","Haringey",,,62794,13728,10678,14132,11860,7321,2130,689,870,1386
"H","London","1C","Outer London","00AQ","Harrow",,,67511,14656,12601,15908,11285,6300,2507,1442,1011,1801
"H","London","1C","Outer London","00AR","Havering",,,75944,14376,14347,17442,12196,8877,4132,2125,1108,1341
"H","London","1C","Outer London","00AS","Hillingdon",,,175468,15333,18324,30021,40386,31700,15613,7040,5547,11504
"H","London","1C","Outer London","00AT","Hounslow",,,109240,12969,16898,22376,22074,16898,6820,3557,2646,5002
"H","London","1B","Inner London","00AU","Islington",,,138340,10987,13169,20300,32330,33527,8862,4357,7209,7599
"H","London","1B","Inner London","00AW","Kensington and Chelsea",,,101744,13617,13362,17561,21276,22861,4354,1869,2683,4161
"H","London","1C","Outer London","00AX","Kingston upon Thames",,,66454,10431,13065,15626,13374,7192,2411,1281,1043,2031
"H","London","1B","Inner London","00AY","Lambeth",,,113152,16438,13728,18829,24811,22806,4992,2526,4107,4915
"H","London","1B","Inner London","00AZ","Lewisham",,,64624,14695,12279,14166,11398,7178,1739,971,1048,1150
"H","London","1C","Outer London","00BA","Merton",,,66036,12626,11360,15984,12747,6880,2302,1141,1132,1864
"H","London","1B","Inner London","00BB","Newham",,,67222,11332,11889,13906,12564,9895,2976,1591,1567,1502
"H","London","1C","Outer London","00BC","Redbridge",,,68495,15320,12810,16288,12267,5760,2299,1522,1039,1190
"H","London","1C","Outer London","00BD","Richmond upon Thames",,,68383,13954,11974,14027,12808,8460,2633,1395,1065,2067
"H","London","1B","Inner London","00BE","Southwark",,,141914,13999,15302,19510,30384,34200,8254,4462,7836,7967
"H","London","1C","Outer London","00BF","Sutton",,,66707,12934,15015,16681,10698,5163,1927,949,1073,2267
"H","London","1B","Inner London","00BG","Tower Hamlets",,,157162,8918,14436,18909,31565,44579,12456,6759,11147,8393
"H","London","1C","Outer London","00BH","Waltham Forest",,,60647,12287,13139,12912,10317,6425,2302,1058,1192,1015
"H","London","1B","Inner London","00BJ","Wandsworth",,,97668,16785,16319,19843,20718,14851,3104,1360,1886,2802
"H","London","1B","Inner London","00BK","Westminster",,,509943,13712,23934,65912,132758,149597,37547,19440,30402,36641
"J","South East",,,"00LC","Medway",,,89882,15977,21040,23124,13477,8654,2367,1971,1722,1550
"J","South East",,,"00MA","Bracknell Forest",,,61702,8172,12167,11268,8862,9766,3257,2549,2099,3562
"J","South East",,,"00MB","West Berkshire",,,78711,12319,15797,12118,10487,12314,5663,2911,3137,3965
"J","South East",,,"00MC","Reading",,,93805,8787,18339,26381,15202,8358,6707,2330,3472,4229
"J","South East",,,"00MD","Slough",,,72072,6641,13409,13828,10864,11651,7221,2726,2228,3504
"J","South East",,,"00ME","Windsor and Maidenhead",,,70433,10787,12655,11162,10978,11976,4758,2781,1922,3414
"J","South East",,,"00MF","Wokingham",,,65396,12107,11868,10693,11279,7556,3597,1869,2793,3634
"J","South East",,,"00MG","Milton Keynes",,,124333,13465,18744,28528,25316,14464,11046,3758,3000,6012
"J","South East",,,"00ML","Brighton and Hove",,,112173,17733,29842,29014,14692,12229,3534,1926,1067,2136
"J","South East",,,"00MR","Portsmouth",,,104966,10267,24448,26914,22959,10651,3718,1112,1017,3880
"J","South East",,,"00MS","Southampton",,,111041,11120,21919,31384,24075,10261,5237,2830,1444,2771
"J","South East",,,"00MW","Isle of Wight",,,51697,8854,15899,6731,10044,8708,571,131,255,504
"J","South East","11","Buckinghamshire","11UB","Aylesbury Vale",,,68979,13969,17673,9941,7762,9590,4476,1599,1474,2495
"J","South East","11","Buckinghamshire","11UC","Chiltern",,,32481,8001,6496,3995,4852,5166,1981,750,547,693
"J","South East","11","Buckinghamshire","11UE","South Bucks",,,29792,5442,3864,4243,5837,4921,2234,1142,845,1264
"J","South East","11","Buckinghamshire","11UF","Wycombe",,,78998,13140,15006,13259,12702,10201,5739,2980,2620,3351
"J","South East","21","East Sussex","21UC","Eastbourne",,,36995,5178,10867,12019,3068,2912,1599,609,230,513
"J","South East","21","East Sussex","21UD","Hastings",,,32034,5423,9924,10046,3431,1447,895,241,299,328
"J","South East","21","East Sussex","21UF","Lewes",,,35745,7104,8977,3916,4118,7645,2262,862,386,475
"J","South East","21","East Sussex","21UG","Rother",,,27708,7094,7278,3968,4509,3300,760,243,259,297
"J","South East","21","East Sussex","21UH","Wealden",,,47291,13293,10943,4627,6220,6875,2856,1066,565,846
"J","South East","24","Hampshire","24UB","Basingstoke and Deane",,,79532,11412,15956,16789,9149,7980,6833,2853,4372,4188
"J","South East","24","Hampshire","24UC","East Hampshire",,,43175,9729,10688,3908,5601,6803,3163,1353,715,1215
"J","South East","24","Hampshire","24UD","Eastleigh",,,57011,8043,10947,11615,13543,6791,2417,1096,1090,1469
"J","South East","24","Hampshire","24UE","Fareham",,,46277,7276,9074,9579,10167,6757,1060,388,676,1300
"J","South East","24","Hampshire","24UF","Gosport",,,26777,4165,8650,7166,3559,1595,393,112,148,989
"J","South East","24","Hampshire","24UG","Hart",,,36413,6922,6795,3887,6263,5419,1822,1118,2204,1983
"J","South East","24","Hampshire","24UH","Havant",,,41637,7211,9847,8747,8271,4781,1287,456,349,688
"J","South East","24","Hampshire","24UJ","New Forest",,,64137,12799,14677,9115,10629,10289,3306,1121,583,1618
"J","South East","24","Hampshire","24UL","Rushmoor",,,52673,6555,11969,11023,8495,4989,2854,1405,2645,2738
"J","South East","24","Hampshire","24UN","Test Valley",,,52865,8258,12833,9020,7320,7369,3540,1571,1394,1560
"J","South East","24","Hampshire","24UP","Winchester",,,63915,8948,11541,7717,9795,15034,4801,2292,1664,2123
"J","South East","29","Kent","29UB","Ashford",,,46111,8354,9991,9203,4509,6256,4097,1603,970,1128
"J","South East","29","Kent","29UC","Canterbury",,,56190,8600,14325,7858,9337,7763,5894,957,569,887
"J","South East","29","Kent","29UD","Dartford",,,46631,5438,7072,7653,11078,8250,3946,1224,753,1217
"J","South East","29","Kent","29UE","Dover",,,44626,5906,11270,6554,7004,8664,2488,759,446,1535
"J","South East","29","Kent","29UG","Gravesham",,,29514,6089,7196,6389,3417,4013,1128,360,400,522
"J","South East","29","Kent","29UH","Maidstone",,,69727,10938,13197,12406,10805,12233,4295,2104,2456,1293
"J","South East","29","Kent","29UK","Sevenoaks",,,43010,9004,7512,4339,6296,8805,3687,1230,1163,974
"J","South East","29","Kent","29UL","Shepway",,,37459,6426,10712,6161,4567,4891,2661,837,535,669
"J","South East","29","Kent","29UM","Swale",,,46110,8329,13135,7707,5287,7035,2372,853,853,539
"J","South East","29","Kent","29UN","Thanet",,,41270,7059,12886,11110,5679,1917,1374,354,285,606
"J","South East","29","Kent","29UP","Tonbridge and Malling",,,53437,8080,8708,8010,10517,9235,3560,2036,2017,1274
"J","South East","29","Kent","29UQ","Tunbridge Wells",,,50336,8678,11249,7344,6666,7973,3751,2487,1225,963
"J","South East","38","Oxfordshire","38UB","Cherwell",,,65284,9796,17198,10096,7633,9486,4970,1803,1872,2430
"J","South East","38","Oxfordshire","38UC","Oxford",,,85694,7183,17371,21305,13142,13338,5434,3047,1648,3226
"J","South East","38","Oxfordshire","38UD","South Oxfordshire",,,55549,11228,12233,5219,8118,9328,3636,1568,1451,2768
"J","South East","38","Oxfordshire","38UE","Vale of White Horse",,,57457,8845,11711,7535,10021,9783,3684,1669,1393,2816
"J","South East","38","Oxfordshire","38UF","West Oxfordshire",,,42654,8307,11401,3543,7211,6140,2432,1080,924,1616
"J","South East","43","Surrey","43UB","Elmbridge",,,50594,10310,8209,8832,8789,7493,3108,1301,983,1569
"J","South East","43","Surrey","43UC","Epsom and Ewell",,,27459,4948,5301,6199,5068,3203,1124,547,461,608
"J","South East","43","Surrey","43UD","Guildford",,,68169,10511,12645,10569,9896,12251,4916,2834,2210,2337
"J","South East","43","Surrey","43UE","Mole Valley",,,39996,7473,6644,4409,6326,8200,2897,1306,1248,1493
"J","South East","43","Surrey","43UF","Reigate and Banstead",,,57911,9861,10183,8327,10071,9779,3558,2015,2269,1848
"J","South East","43","Surrey","43UG","Runnymede",,,43807,5725,6679,6064,7945,8275,4175,1516,1239,2189
"J","South East","43","Surrey","43UH","Spelthorne",,,38834,6190,6908,7215,6488,5561,2919,1165,883,1505
"J","South East","43","Surrey","43UJ","Surrey Heath",,,42732,6562,6774,9814,7785,4918,2241,1347,1401,1890
"J","South East","43","Surrey","43UK","Tandridge",,,29109,6998,5162,4291,4775,4049,1382,751,883,818
"J","South East","43","Surrey","43UL","Waverley",,,47514,10367,9677,6484,6134,8469,2274,1199,1683,1227
"J","South East","43","Surrey","43UM","Woking",,,40977,6486,8296,7229,5906,5687,2913,1615,1077,1768
"J","South East","45","West Sussex","45UB","Adur",,,21149,4122,5598,3614,3974,2335,670,306,192,338
"J","South East","45","West Sussex","45UC","Arun",,,45874,10070,13907,8668,6190,4112,1309,621,330,667
"J","South East","45","West Sussex","45UD","Chichester",,,50819,9471,11052,5209,9406,9102,3443,1008,1049,1079
"J","South East","45","West Sussex","45UE","Crawley",,,82296,5571,10319,18171,9829,12281,7414,9559,5133,4019
"J","South East","45","West Sussex","45UF","Horsham",,,50349,10265,10616,7187,6166,8278,4140,1578,1011,1108
"J","South East","45","West Sussex","45UG","Mid Sussex",,,53981,10015,13562,6565,6838,9487,3284,1531,1355,1344
"J","South East","45","West Sussex","45UH","Worthing",,,43305,6184,12665,12313,4700,4582,1431,375,446,609
"K","South West",,,"00HA","Bath and North East Somerset",,,80510,12187,19494,15720,9872,16392,3039,921,945,1940
"K","South West",,,"00HB","Bristol, City of",,,215420,20360,41286,56778,44848,27485,9749,4406,4104,6404
"K","South West",,,"00HC","North Somerset",,,72519,13731,18048,12013,9560,11600,3866,1459,856,1386
"K","South West",,,"00HD","South Gloucestershire",,,128099,16441,22987,23754,26769,20373,6148,4212,3364,4051
"K","South West",,,"00HG","Plymouth",,,113075,11214,24781,33482,26271,8604,2662,1348,1995,2718
"K","South West",,,"00HH","Torbay",,,51926,8708,17813,11034,9282,2854,761,471,465,538
"K","South West",,,"00HN","Bournemouth",,,71853,11221,15966,21584,12741,6542,961,812,1055,971
"K","South West",,,"00HP","Poole",,,67760,9164,13977,20371,13806,6236,1251,954,798,1203
"K","South West",,,"00HX","Swindon",,,108177,10093,22643,33795,16832,7764,5376,2630,4722,4322
"K","South West","15","Cornwall and Isles of Scilly","15UB","Caradon",,,26953,6936,7664,3094,3429,3426,873,247,313,971
"K","South West","15","Cornwall and Isles of Scilly","15UC","Carrick",,,42789,6952,9576,5762,5475,10061,2693,1130,376,764
"K","South West","15","Cornwall and Isles of Scilly","15UD","Kerrier",,,34780,7013,8619,6796,4189,5564,1408,355,208,628
"K","South West","15","Cornwall and Isles of Scilly","15UE","North Cornwall",,,35269,8561,9557,3545,3985,5231,2041,916,835,598
"K","South West","15","Cornwall and Isles of Scilly","15UF","Penwith",,,22839,5378,6962,3250,3135,2757,557,240,135,425
"K","South West","15","Cornwall and Isles of Scilly","15UG","Restormel",,,38644,7260,10621,6041,6606,4312,1978,704,599,523
"K","South West","15","Cornwall and Isles of Scilly","15UH","Isles of Scilly",,,1288,366,779,45,15,0,0,0,10,73
"K","South West","18","Devon","18UB","East Devon",,,45230,11012,12463,5695,6118,5658,1872,594,609,1209
"K","South West","18","Devon","18UC","Exeter",,,71232,6154,17177,17739,5685,12820,5659,1902,2268,1828
"K","South West","18","Devon","18UD","Mid Devon",,,26863,7421,7721,2436,3385,3348,1451,474,375,252
"K","South West","18","Devon","18UE","North Devon",,,40549,8234,12004,5723,5045,6649,1197,345,462,890
"K","South West","18","Devon","18UG","South Hams",,,37824,8213,8726,4001,7893,5902,1257,773,325,734
"K","South West","18","Devon","18UH","Teignbridge",,,44263,9737,11087,6562,7833,5759,1415,658,548,664
"K","South West","18","Devon","18UK","Torridge",,,22072,6234,6082,3290,2348,2764,732,197,156,269
"K","South West","18","Devon","18UL","West Devon",,,18558,5348,4919,1287,2751,2292,968,476,279,238
"K","South West","19","Dorset","19UC","Christchurch",,,18945,2870,3932,3920,4146,2580,367,320,280,530
"K","South West","19","Dorset","19UD","East Dorset",,,30128,6776,5138,4372,6984,4714,701,488,477,478
"K","South West","19","Dorset","19UE","North Dorset",,,25552,5773,7706,2333,3237,3431,1405,664,339,664
"K","South West","19","Dorset","19UG","Purbeck",,,18450,3606,4362,1819,2333,4139,1302,299,152,438
"K","South West","19","Dorset","19UH","West Dorset",,,42382,8449,11809,4861,6427,6020,2344,1140,569,763
"K","South West","19","Dorset","19UJ","Weymouth and Portland",,,20435,3869,6784,4878,2719,941,337,261,249,397
"K","South West","23","Gloucestershire","23UB","Cheltenham",,,59627,6801,16617,15007,7185,7220,2828,1315,978,1676
"K","South West","23","Gloucestershire","23UC","Cotswold",,,36808,8169,9087,3297,4432,5969,2968,1068,765,1053
"K","South West","23","Gloucestershire","23UD","Forest of Dean",,,28457,6673,6930,3891,4759,4014,1015,398,299,478
"K","South West","23","Gloucestershire","23UE","Gloucester",,,58835,5864,12877,17024,6896,9037,3251,1169,1243,1474
"K","South West","23","Gloucestershire","23UF","Stroud",,,43996,8998,9898,7882,7189,5641,2012,875,536,965
"K","South West","23","Gloucestershire","23UG","Tewkesbury",,,37467,5666,7316,6050,7090,6245,2236,929,812,1123
"K","South West","40","Somerset","40UB","Mendip",,,43859,9126,12425,5287,5895,6224,2146,868,404,1484
"K","South West","40","Somerset","40UC","Sedgemoor",,,41029,8336,12257,6380,4784,5834,1704,630,509,595
"K","South West","40","Somerset","40UD","South Somerset",,,71988,11678,18979,10586,10035,11442,4057,1684,1538,1989
"K","South West","40","Somerset","40UE","Taunton Deane",,,51399,7362,14353,9936,5754,7626,2779,1463,968,1158
"K","South West","40","Somerset","40UF","West Somerset",,,13364,3549,4578,1141,1225,1805,472,184,134,276
"K","South West","46","Wiltshire","46UB","Kennet",,,32073,6534,9423,3033,3857,4677,1804,715,507,1523
"K","South West","46","Wiltshire","46UC","North Wiltshire",,,55481,10124,15143,5384,8298,9084,3330,1370,819,1929
"K","South West","46","Wiltshire","46UD","Salisbury",,,57282,9364,14911,8196,6888,8849,3234,2526,1288,2026
"K","South West","46","Wiltshire","46UF","West Wiltshire",,,50771,8534,15196,7845,8248,6674,1494,915,621,1244
,,,,"00NA","Isle of Anglesey",,,21745,4422,5184,2790,3055,3418,1524,540,238,574
,,,,"00NC","Gwynedd",,,49334,9662,11281,5901,8025,7263,3487,1583,1039,1093
,,,,"00NE","Conwy",,,38593,7708,9552,6963,5975,4243,2009,840,795,508
,,,,"00NG","Denbighshire",,,37381,6068,9204,5400,6708,5571,2441,788,741,460
,,,,"00NJ","Flintshire",,,65656,7698,10903,10540,14870,12548,4632,1858,1186,1421
,,,,"00NL","Wrexham",,,55537,6864,10585,12650,11945,8170,2407,1159,1071,686
,,,,"00NN","Powys",,,53366,14805,13893,4777,5604,7028,3375,1351,1247,1286
,,,,"00NQ","Ceredigion",,,28995,7584,6605,2975,3892,3866,1865,795,781,632
,,,,"00NS","Pembrokeshire",,,42541,9957,10684,4820,6300,6651,2103,595,451,980
,,,,"00NU","Carmarthenshire",,,62009,12811,13891,8424,8304,10583,4486,1547,1025,938
,,,,"00NX","Swansea",,,93788,9500,17481,22115,23149,14247,3324,1146,1439,1387
,,,,"00NZ","Neath Port Talbot",,,43665,5016,9898,8207,8547,8415,2076,609,580,317
,,,,"00PB","Bridgend",,,50666,5591,11265,8854,8716,9462,4029,1653,621,475
,,,,"00PD","The Vale of Glamorgan",,,41207,6248,9900,6799,6782,6519,2493,936,682,848
,,,,"00PF","Rhondda, Cynon, Taff",,,73167,9360,15609,14507,15113,13316,3417,770,508,567
,,,,"00PH","Merthyr Tydfil",,,18680,1948,5051,4401,3250,2319,927,531,149,104
,,,,"00PK","Caerphilly",,,50487,6761,12879,10718,9307,7814,1812,384,282,530
,,,,"00PL","Blaenau Gwent",,,20962,2276,6011,5757,3164,2443,672,318,163,158
,,,,"00PM","Torfaen",,,33941,3601,8193,8306,6401,4600,1817,400,246,377
,,,,"00PP","Monmouthshire",,,34718,6672,8525,2884,5095,5877,2974,1356,635,700
,,,,"00PR","Newport",,,69737,5572,12074,17444,11909,14266,5009,1685,747,1031
,,,,"00PT","Cardiff",,,166757,13397,28824,39679,34996,25759,12612,5080,2930,3480