DATASET_TITLE,Distance Travelled to Work - Workplace Population (UV80),,,,,,,,,,FROM,Apr-2001,Apr-2001,Apr-2001,Apr-2001,Apr-2001,Apr-2001,Apr-2001,Apr-2001,Apr-2001,Apr-2001
AREA_TYPE,Region,,,,,,,,,,TO,Apr-2001,Apr-2001,Apr-2001,Apr-2001,Apr-2001,Apr-2001,Apr-2001,Apr-2001,Apr-2001,Apr-2001
GEO_HIERARCHY,2003 Administrative Hierarchy,,,,,,,,,,HEADING,All People Aged 16 to 74 in Employment in Area,Works mainly at or from home,Distance travelled to work: Less than 2km,Distance travelled to work: 2km to less than 5km,Distance travelled to work: 5km to less than 10km,Distance travelled to work: 10km to less than 20km,Distance travelled to work: 20km to less than 30km,Distance travelled to work: 30km to less than 40km,Distance travelled to work: 40km to less than 60km,Distance travelled to work: 60km and over
,,,,,,,,,,,MEASUREMENT_UNIT,Count,Count,Count,Count,Count,Count,Count,Count,Count,Count
,,,,,,,,,,,STATISTICAL_UNIT,Persons,Persons,Persons,Persons,Persons,Persons,Persons,Persons,Persons,Persons
UK_CODE,UK_NAME,GB_CODE,GB_NAME,EW_CODE,EW_NAME,CTRY_CODE,CTRY_NAME,GOR_CODE,GOR_NAME,AREA_METADATA,,DATA_VALUE,DATA_VALUE,DATA_VALUE,DATA_VALUE,DATA_VALUE,DATA_VALUE,DATA_VALUE,DATA_VALUE,DATA_VALUE,DATA_VALUE
"213","United Kingdom","078","Great Britain","727","England and Wales","064","England",,,,,22376120,3046762,4483669,4510167,4093941,3416826,1199166,530080,490505,605004
"213","United Kingdom","078","Great Britain","727","England and Wales","220","Wales",,,,,1152932,163521,247492,214911,211107,184378,69491,25924,17556,18552
"213","United Kingdom","078","Great Britain","727","England and Wales",,,,,,,23529052,3210283,4731161,4725078,4305048,3601204,1268657,556004,508061,623556
"213","United Kingdom","078","Great Britain","727","England and Wales","064","England","A","North East",,,1010676,109392,203861,226282,214015,173850,44029,15452,12114,11681
"213","United Kingdom","078","Great Britain","727","England and Wales","064","England","B","North West",,,2902784,344936,613612,655036,567997,426368,139908,58719,47710,48498
"213","United Kingdom","078","Great Britain","727","England and Wales","064","England","D","Yorkshire and The Humber",,,2171694,261377,452093,496924,428803,313259,99456,42738,34894,42150
"213","United Kingdom","078","Great Britain","727","England and Wales","064","England","E","East Midlands",,,1825196,246874,409401,389563,328099,255167,92758,35873,29212,38249
"213","United Kingdom","078","Great Britain","727","England and Wales","064","England","F","West Midlands",,,2323503,297741,469029,524160,449064,329046,122426,46006,35122,50909
"213","United Kingdom","078","Great Britain","727","England and Wales","064","England","G","East of England",,,2383212,374187,517682,437262,351443,361216,160689,66566,49800,64367
"213","United Kingdom","078","Great Britain","727","England and Wales","064","England","H","London",,,3805655,460616,475822,664704,817167,731737,215639,114525,152330,173115
"213","United Kingdom","078","Great Britain","727","England and Wales","064","England","J","South East",,,3696580,585580,791496,679317,581099,519624,224561,104696,90034,120173
"213","United Kingdom","078","Great Britain","727","England and Wales","064","England","K","South West",,,2256820,366059,550673,436919,356254,306559,99700,45505,39289,55862