DATASET_TITLE,"Benefits Data: Working Age Client Group, May 2007",,,,,,FROM,May-2007,May-2007,May-2007,May-2007,May-2007,May-2007,May-2007,May-2007,May-2007,May-2007,May-2007,May-2007,May-2007,May-2007,May-2007,May-2007,May-2007,May-2007,May-2007,May-2007,May-2007,May-2007,May-2007,May-2007,May-2007,May-2007,May-2007
AREA_TYPE,Local Authority,,,,,,TO,May-2007,May-2007,May-2007,May-2007,May-2007,May-2007,May-2007,May-2007,May-2007,May-2007,May-2007,May-2007,May-2007,May-2007,May-2007,May-2007,May-2007,May-2007,May-2007,May-2007,May-2007,May-2007,May-2007,May-2007,May-2007,May-2007,May-2007
GEO_HIERARCHY,NeSS Geography Hierarchy,,,,,,HEADING,Total,Job Seekers,Job Seekers,Incapacity Benefits,Incapacity Benefits,Lone Parent,Lone Parent,Carer,Carer,Others on Income Related Benefits,Others on Income Related Benefits,Disabled,Disabled,Bereaved,Bereaved,Unknown,Unknown,Male,Male,Female,Female,Aged 16-24,Aged 16-24,Aged 25-49,Aged 25-49,Aged 50 and Over,Aged 50 and Over
,,,,,,,MEASUREMENT_UNIT,Count,Count,Percentage,Count,Percentage,Count,Percentage,Count,Percentage,Count,Percentage,Count,Percentage,Count,Percentage,Count,Percentage,Count,Percentage,Count,Percentage,Count,Percentage,Count,Percentage,Count,Percentage
,,,,,,,STATISTICAL_UNIT,Persons,Persons,Persons,Persons,Persons,Persons,Persons,Persons,Persons,Persons,Persons,Persons,Persons,Persons,Persons,Persons,Persons,Persons,Persons,Persons,Persons,Persons,Persons,Persons,Persons,Persons,Persons
GOR_CODE,GOR_NAME,CTY_CODE,CTY_NAME,LA_CODE,LA_NAME,AREA_METADATA,,DATA_VALUE,DATA_VALUE,DATA_VALUE,DATA_VALUE,DATA_VALUE,DATA_VALUE,DATA_VALUE,DATA_VALUE,DATA_VALUE,DATA_VALUE,DATA_VALUE,DATA_VALUE,DATA_VALUE,DATA_VALUE,DATA_VALUE,DATA_VALUE,DATA_VALUE,DATA_VALUE,DATA_VALUE,DATA_VALUE,DATA_VALUE,DATA_VALUE,DATA_VALUE,DATA_VALUE,DATA_VALUE,DATA_VALUE,DATA_VALUE
"A","North East",,,"00CH","Gateshead",,,22805,3335,15,12650,55,2855,13,1640,7,815,4,1155,5,355,2,0,0,12040,53,10765,47,2965,13,11270,49,8570,38
"A","North East",,,"00CJ","Newcastle upon Tyne",,,32100,5685,18,16595,52,4685,15,2090,7,1165,4,1465,5,415,1,0,0,16980,53,15120,47,4680,15,16770,52,10650,33
"A","North East",,,"00CK","North Tyneside",,,20045,3480,17,10320,51,2580,13,1295,6,715,4,1240,6,415,2,0,0,10420,52,9625,48,2775,14,9730,49,7540,38
"A","North East",,,"00CL","South Tyneside",,,20185,4030,20,9880,49,2920,14,1310,6,715,4,1015,5,315,2,0,0,10505,52,9680,48,2980,15,9860,49,7345,36
"A","North East",,,"00CM","Sunderland",,,36455,5680,16,20415,56,4225,12,2660,7,1000,3,1875,5,600,2,0,0,19215,53,17240,47,5025,14,17460,48,13965,38
"A","North East",,,"00EB","Hartlepool",,,13020,2255,17,7120,55,1690,13,840,6,360,3,555,4,200,2,0,0,6675,51,6345,49,1865,14,6475,50,4680,36
"A","North East",,,"00EC","Middlesbrough",,,20440,3950,19,9910,48,3235,16,1510,7,585,3,935,5,315,2,0,0,10310,50,10130,50,3545,17,10545,52,6340,31
"A","North East",,,"00EE","Redcar and Cleveland",,,17005,2915,17,8820,52,2255,13,1450,9,410,2,870,5,285,2,0,0,8590,51,8415,49,2640,16,8250,49,6115,36
"A","North East",,,"00EF","Stockton-on-Tees",,,19670,3410,17,9745,50,2760,14,1580,8,575,3,1175,6,425,2,0,0,9815,50,9855,50,3030,15,9685,49,6955,35
"A","North East",,,"00EH","Darlington",,,10330,1680,16,5350,52,1445,14,735,7,345,3,585,6,190,2,0,0,5340,52,4990,48,1465,14,5195,50,3670,36
"A","North East","20","Durham","20UB","Chester-le-Street",,,5065,590,12,3095,61,460,9,385,8,135,3,305,6,95,2,0,0,2710,54,2355,46,670,13,2300,45,2095,41
"A","North East","20","Durham","20UD","Derwentside",,,10190,1225,12,6020,59,1090,11,785,8,275,3,615,6,180,2,0,0,5360,53,4830,47,1350,13,4665,46,4175,41
"A","North East","20","Durham","20UE","Durham",,,7320,780,11,4505,62,720,10,510,7,160,2,460,6,185,3,0,0,3875,53,3445,47,835,11,3355,46,3130,43
"A","North East","20","Durham","20UF","Easington",,,15125,1420,9,10130,67,1335,9,1025,7,270,2,735,5,210,1,0,0,7925,52,7200,48,1895,13,7205,48,6025,40
"A","North East","20","Durham","20UG","Sedgefield",,,11095,1260,11,6655,60,1210,11,895,8,255,2,630,6,190,2,0,0,5530,50,5565,50,1500,14,5065,46,4530,41
"A","North East","20","Durham","20UH","Teesdale",,,1820,175,10,1075,59,175,10,170,9,45,2,120,7,60,3,0,0,965,53,855,47,180,10,765,42,875,48
"A","North East","20","Durham","20UJ","Wear Valley",,,8255,1060,13,4730,57,990,12,680,8,240,3,425,5,130,2,0,0,4220,51,4035,49,1150,14,3890,47,3210,39
"A","North East","35","Northumberland","35UB","Alnwick",,,2255,380,17,1110,49,200,9,215,10,80,4,175,8,95,4,0,0,1210,54,1045,46,255,11,995,44,1005,45
"A","North East","35","Northumberland","35UC","Berwick-upon-Tweed",,,2010,245,12,1035,51,195,10,230,11,85,4,155,8,65,3,0,0,995,50,1015,50,190,9,865,43,955,48
"A","North East","35","Northumberland","35UD","Blyth Valley",,,9030,1535,17,4825,53,1000,11,690,8,270,3,525,6,185,2,0,0,4715,52,4315,48,1310,15,4220,47,3500,39
"A","North East","35","Northumberland","35UE","Castle Morpeth",,,3515,510,15,1965,56,290,8,320,9,85,2,245,7,100,3,0,0,1900,54,1615,46,455,13,1590,45,1470,42
"A","North East","35","Northumberland","35UF","Tynedale",,,3430,445,13,1945,57,320,9,250,7,130,4,230,7,110,3,0,0,1790,52,1640,48,420,12,1520,44,1490,43
"A","North East","35","Northumberland","35UG","Wansbeck",,,7805,1440,18,4135,53,990,13,510,7,225,3,385,5,120,2,0,0,4210,54,3595,46,1245,16,3630,47,2930,38
"B","North West",,,"00BL","Bolton",,,29375,4205,14,16060,55,3640,12,2190,7,850,3,1855,6,575,2,0,0,14925,51,14450,49,3985,14,14745,50,10640,36
"B","North West",,,"00BM","Bury",,,16795,2170,13,9455,56,1950,12,1195,7,425,3,1255,7,345,2,0,0,8565,51,8230,49,2300,14,8460,50,6020,36
"B","North West",,,"00BN","Manchester",,,66735,10370,16,35175,53,12025,18,3510,5,2360,4,2715,4,580,1,0,0,33700,50,33035,50,9805,15,38045,57,18880,28
"B","North West",,,"00BP","Oldham",,,24820,3880,16,13215,53,3480,14,1665,7,695,3,1385,6,500,2,0,0,12290,50,12530,50,3670,15,12665,51,8485,34
"B","North West",,,"00BQ","Rochdale",,,25735,3655,14,14445,56,3385,13,1780,7,660,3,1385,5,425,2,0,0,12905,50,12830,50,3710,14,13245,51,8775,34
"B","North West",,,"00BR","Salford",,,28520,3940,14,16045,56,4265,15,1575,6,755,3,1560,5,380,1,0,0,14965,52,13555,48,4125,14,14910,52,9485,33
"B","North West",,,"00BS","Stockport",,,21565,2780,13,11620,54,2685,12,1655,8,570,3,1725,8,530,2,0,0,10595,49,10970,51,2790,13,10935,51,7840,36
"B","North West",,,"00BT","Tameside",,,24405,3125,13,14080,58,3110,13,1560,6,635,3,1440,6,455,2,0,0,12365,51,12040,49,3235,13,12300,50,8870,36
"B","North West",,,"00BU","Trafford",,,16665,2100,13,9310,56,2085,13,1095,7,445,3,1270,8,360,2,0,0,8210,49,8455,51,2040,12,8525,51,6085,37
"B","North West",,,"00BW","Wigan",,,34525,4515,13,20685,60,3455,10,2515,7,745,2,1985,6,625,2,0,0,17755,51,16770,49,4225,12,16230,47,14065,41
"B","North West",,,"00BX","Knowsley",,,24845,3765,15,12725,51,4090,16,1955,8,595,2,1425,6,290,1,0,0,11850,48,12995,52,3320,13,13115,53,8410,34
"B","North West",,,"00BY","Liverpool",,,74430,14380,19,37735,51,11060,15,4735,6,2170,3,3620,5,730,1,0,0,37940,51,36490,49,9975,13,40035,54,24415,33
"B","North West",,,"00BZ","St. Helens",,,22255,3150,14,12290,55,2900,13,1685,8,605,3,1290,6,335,2,0,0,11455,51,10800,49,3075,14,10705,48,8470,38
"B","North West",,,"00CA","Sefton",,,29660,4640,16,15635,53,3645,12,2225,8,880,3,2080,7,555,2,0,0,15165,51,14495,49,3550,12,15030,51,11080,37
"B","North West",,,"00CB","Wirral",,,38275,6135,16,19330,51,5380,14,2910,8,1115,3,2735,7,670,2,0,0,19295,50,18980,50,5360,14,19245,50,13665,36
"B","North West",,,"00ET","Halton",,,16005,2200,14,8595,54,2325,15,1255,8,350,2,1005,6,275,2,0,0,7785,49,8220,51,2145,13,7905,49,5955,37
"B","North West",,,"00EU","Warrington",,,15225,2105,14,8375,55,1670,11,1235,8,365,2,1120,7,355,2,0,0,7820,51,7405,49,1890,12,7495,49,5840,38
"B","North West",,,"00EX","Blackburn with Darwen",,,17710,2350,13,9815,55,2240,13,1455,8,430,2,1165,7,255,1,0,0,9130,52,8580,48,2440,14,9220,52,6040,34
"B","North West",,,"00EY","Blackpool",,,19805,2675,14,11230,57,2465,12,1245,6,720,4,1160,6,310,2,0,0,10770,54,9035,46,2635,13,10105,51,7065,36
"B","North West","13","Cheshire","13UB","Chester",,,8705,1010,12,4840,56,1025,12,660,8,215,2,730,8,225,3,0,0,4470,51,4235,49,1020,12,4415,51,3270,38
"B","North West","13","Cheshire","13UC","Congleton",,,5070,560,11,2735,54,515,10,420,8,155,3,455,9,230,5,0,0,2480,49,2590,51,530,10,2340,46,2200,43
"B","North West","13","Cheshire","13UD","Crewe and Nantwich",,,8400,1280,15,4245,51,1195,14,670,8,245,3,540,6,225,3,0,0,4085,49,4315,51,1185,14,4085,49,3130,37
"B","North West","13","Cheshire","13UE","Ellesmere Port & Neston",,,7200,975,14,3695,51,945,13,655,9,155,2,620,9,155,2,0,0,3500,49,3700,51,930,13,3760,52,2510,35
"B","North West","13","Cheshire","13UG","Macclesfield",,,7840,825,11,4465,57,825,11,540,7,160,2,720,9,305,4,0,0,3885,50,3955,50,805,10,3970,51,3065,39
"B","North West","13","Cheshire","13UH","Vale Royal",,,9440,1415,15,4885,52,1135,12,785,8,225,2,730,8,265,3,0,0,4635,49,4805,51,1285,14,4430,47,3725,39
"B","North West","16","Cumbria","16UB","Allerdale",,,8470,1065,13,4655,55,955,11,765,9,245,3,580,7,205,2,0,0,4400,52,4070,48,1005,12,3945,47,3520,42
"B","North West","16","Cumbria","16UC","Barrow-in-Furness",,,9200,1060,12,5465,59,905,10,730,8,250,3,655,7,135,1,0,0,4860,53,4340,47,1220,13,4370,48,3610,39
"B","North West","16","Cumbria","16UD","Carlisle",,,8820,1090,12,4985,57,995,11,640,7,275,3,595,7,240,3,0,0,4395,50,4425,50,1190,13,4320,49,3310,38
"B","North West","16","Cumbria","16UE","Copeland",,,7450,995,13,4110,55,880,12,675,9,200,3,470,6,120,2,0,0,3900,52,3550,48,1020,14,3405,46,3025,41
"B","North West","16","Cumbria","16UF","Eden",,,2535,185,7,1510,60,215,8,225,9,75,3,235,9,90,4,0,0,1260,50,1275,50,220,9,1160,46,1155,46
"B","North West","16","Cumbria","16UG","South Lakeland",,,5200,345,7,3055,59,490,9,495,10,150,3,465,9,200,4,0,0,2640,51,2560,49,490,9,2300,44,2410,46
"B","North West","30","Lancashire","30UD","Burnley",,,10980,1225,11,6560,60,1525,14,645,6,275,3,570,5,180,2,0,0,5465,50,5515,50,1530,14,5500,50,3950,36
"B","North West","30","Lancashire","30UE","Chorley",,,7810,975,12,4540,58,715,9,555,7,205,3,605,8,215,3,0,0,3995,51,3815,49,940,12,3655,47,3215,41
"B","North West","30","Lancashire","30UF","Fylde",,,4875,380,8,3015,62,375,8,420,9,135,3,405,8,145,3,0,0,2575,53,2300,47,400,8,2220,46,2255,46
"B","North West","30","Lancashire","30UG","Hyndburn",,,9255,915,10,5580,60,1115,12,650,7,240,3,565,6,190,2,0,0,4745,51,4510,49,1205,13,4580,49,3470,37
"B","North West","30","Lancashire","30UH","Lancaster",,,11635,1525,13,6515,56,1445,12,790,7,360,3,760,7,240,2,0,0,5930,51,5705,49,1535,13,5805,50,4295,37
"B","North West","30","Lancashire","30UJ","Pendle",,,9285,1050,11,5540,60,1040,11,745,8,220,2,510,5,180,2,0,0,4670,50,4615,50,1205,13,4600,50,3480,37
"B","North West","30","Lancashire","30UK","Preston",,,13990,2045,15,7705,55,1755,13,1035,7,365,3,840,6,245,2,0,0,7215,52,6775,48,2050,15,7200,51,4740,34
"B","North West","30","Lancashire","30UL","Ribble Valley",,,2800,225,8,1780,64,125,4,210,8,55,2,295,11,110,4,0,0,1515,54,1285,46,255,9,1240,44,1305,47
"B","North West","30","Lancashire","30UM","Rossendale",,,6245,610,10,3805,61,625,10,440,7,135,2,485,8,145,2,0,0,3195,51,3050,49,795,13,2965,47,2485,40
"B","North West","30","Lancashire","30UN","South Ribble",,,7185,770,11,4100,57,715,10,560,8,155,2,665,9,220,3,0,0,3485,49,3700,51,875,12,3330,46,2980,41
"B","North West","30","Lancashire","30UP","West Lancashire",,,10290,1640,16,5300,52,1240,12,845,8,275,3,755,7,235,2,0,0,5110,50,5180,50,1325,13,4920,48,4045,39
"B","North West","30","Lancashire","30UQ","Wyre",,,8295,680,8,4835,58,815,10,740,9,240,3,780,9,205,2,0,0,4275,52,4020,48,875,11,3705,45,3715,45
"D","Yorkshire and The Humber",,,"00CC","Barnsley",,,28345,3370,12,16815,59,3135,11,2145,8,650,2,1845,7,385,1,0,0,14865,52,13480,48,3485,12,13290,47,11570,41
"D","Yorkshire and The Humber",,,"00CE","Doncaster",,,32825,5135,16,17115,52,4085,12,2865,9,890,3,2245,7,490,1,0,0,16775,51,16050,49,4705,14,15960,49,12160,37
"D","Yorkshire and The Humber",,,"00CF","Rotherham",,,27370,3640,13,14385,53,3400,12,2680,10,780,3,1975,7,510,2,0,0,13920,51,13450,49,3725,14,13410,49,10230,37
"D","Yorkshire and The Humber",,,"00CG","Sheffield",,,50520,8475,17,25270,50,6955,14,3995,8,1755,3,3265,6,805,2,0,0,26050,52,24470,48,7475,15,26450,52,16590,33
"D","Yorkshire and The Humber",,,"00CX","Bradford",,,51020,9020,18,24075,47,7600,15,4260,8,1920,4,3240,6,905,2,0,0,25130,49,25890,51,7695,15,26940,53,16375,32
"D","Yorkshire and The Humber",,,"00CY","Calderdale",,,17850,3180,18,8840,50,2540,14,1280,7,585,3,1055,6,370,2,0,0,8920,50,8930,50,2580,14,8980,50,6290,35
"D","Yorkshire and The Humber",,,"00CZ","Kirklees",,,36170,5840,16,17715,49,5080,14,2915,8,1195,3,2695,7,730,2,0,0,17910,50,18260,50,5415,15,18420,51,12335,34
"D","Yorkshire and The Humber",,,"00DA","Leeds",,,63465,12515,20,30720,48,9155,14,3965,6,1825,3,4075,6,1210,2,0,0,32025,50,31440,50,9435,15,33310,52,20710,33
"D","Yorkshire and The Humber",,,"00DB","Wakefield",,,34700,4440,13,19370,56,4265,12,2765,8,850,2,2395,7,615,2,0,0,17895,52,16805,48,4610,13,16615,48,13475,39
"D","Yorkshire and The Humber",,,"00FA","Kingston upon Hull, City of",,,34485,8325,24,14445,42,5815,17,2390,7,1315,4,1790,5,405,1,0,0,17810,52,16675,48,6165,18,18000,52,10320,30
"D","Yorkshire and The Humber",,,"00FB","East Riding of Yorkshire",,,21135,3325,16,10405,49,2120,10,2105,10,820,4,1755,8,605,3,0,0,10895,52,10240,48,2440,12,9385,44,9310,44
"D","Yorkshire and The Humber",,,"00FC","North East Lincolnshire",,,17115,3590,21,7055,41,3040,18,1445,8,755,4,930,5,300,2,0,0,8490,50,8625,50,3325,19,8560,50,5230,31
"D","Yorkshire and The Humber",,,"00FD","North Lincolnshire",,,13745,2295,17,6420,47,1900,14,1255,9,450,3,1110,8,315,2,0,0,6600,48,7145,52,2050,15,6630,48,5065,37
"D","Yorkshire and The Humber",,,"00FF","York",,,10795,1750,16,5430,50,1500,14,735,7,285,3,760,7,335,3,0,0,5360,50,5435,50,1475,14,5575,52,3745,35
"D","Yorkshire and The Humber","36","North Yorkshire","36UB","Craven",,,2600,280,11,1460,56,230,9,205,8,90,3,220,8,115,4,0,0,1310,50,1290,50,230,9,1170,45,1200,46
"D","Yorkshire and The Humber","36","North Yorkshire","36UC","Hambleton",,,4075,530,13,2080,51,400,10,370,9,120,3,395,10,180,4,0,0,1960,48,2115,52,475,12,1825,45,1775,44
"D","Yorkshire and The Humber","36","North Yorkshire","36UD","Harrogate",,,7030,940,13,3700,53,760,11,550,8,195,3,605,9,280,4,0,0,3520,50,3510,50,750,11,3540,50,2740,39
"D","Yorkshire and The Humber","36","North Yorkshire","36UE","Richmondshire",,,2245,310,14,1070,48,235,10,225,10,65,3,215,10,125,6,0,0,1015,45,1230,55,245,11,1095,49,905,40
"D","Yorkshire and The Humber","36","North Yorkshire","36UF","Ryedale",,,2480,320,13,1230,50,265,11,255,10,90,4,220,9,100,4,0,0,1195,48,1285,52,260,10,1100,44,1120,45
"D","Yorkshire and The Humber","36","North Yorkshire","36UG","Scarborough",,,10020,1460,15,5065,51,1250,12,830,8,510,5,710,7,195,2,0,0,5190,52,4830,48,1255,13,4745,47,4020,40
"D","Yorkshire and The Humber","36","North Yorkshire","36UH","Selby",,,4635,730,16,2285,49,540,12,375,8,155,3,375,8,175,4,0,0,2330,50,2305,50,560,12,2150,46,1925,42
"E","East Midlands",,,"00FK","Derby",,,23325,4140,18,11065,47,3600,15,1720,7,735,3,1670,7,395,2,0,0,11500,49,11825,51,3395,15,12560,54,7365,32
"E","East Midlands",,,"00FN","Leicester",,,36020,7900,22,15535,43,6200,17,2650,7,1330,4,1895,5,510,1,0,0,17295,48,18725,52,5625,16,19300,54,11095,31
"E","East Midlands",,,"00FP","Rutland",,,1240,125,10,610,49,130,10,130,10,30,2,140,11,75,6,0,0,575,46,665,54,125,10,590,48,525,42
"E","East Midlands",,,"00FY","Nottingham",,,36965,7200,19,17375,47,6685,18,2330,6,1085,3,1905,5,385,1,0,0,18720,51,18245,49,6210,17,20560,56,10185,28
"E","East Midlands","17","Derbyshire","17UB","Amber Valley",,,9375,1270,14,4960,53,1090,12,820,9,255,3,730,8,250,3,0,0,4735,51,4640,49,1110,12,4360,47,3905,42
"E","East Midlands","17","Derbyshire","17UC","Bolsover",,,8885,1100,12,4965,56,875,10,910,10,185,2,715,8,135,2,0,0,4750,53,4135,47,1045,12,4180,47,3660,41
"E","East Midlands","17","Derbyshire","17UD","Chesterfield",,,11180,1680,15,6015,54,1175,11,975,9,300,3,860,8,175,2,0,0,5930,53,5250,47,1320,12,5565,50,4295,38
"E","East Midlands","17","Derbyshire","17UF","Derbyshire Dales",,,3460,395,11,1815,52,295,9,345,10,90,3,355,10,165,5,0,0,1750,51,1710,49,325,9,1585,46,1550,45
"E","East Midlands","17","Derbyshire","17UG","Erewash",,,8695,1490,17,4200,48,1165,13,685,8,275,3,665,8,215,2,0,0,4295,49,4400,51,1195,14,4205,48,3295,38
"E","East Midlands","17","Derbyshire","17UH","High Peak",,,6330,900,14,3385,53,740,12,460,7,175,3,485,8,185,3,0,0,3140,50,3190,50,745,12,3185,50,2400,38
"E","East Midlands","17","Derbyshire","17UJ","North East Derbyshire",,,8060,1045,13,4330,54,750,9,820,10,225,3,690,9,200,2,0,0,4275,53,3785,47,840,10,3760,47,3460,43
"E","East Midlands","17","Derbyshire","17UK","South Derbyshire",,,5830,575,10,3185,55,640,11,540,9,175,3,540,9,175,3,0,0,2735,47,3095,53,645,11,2730,47,2450,42
"E","East Midlands","31","Leicestershire","31UB","Blaby",,,4435,575,13,2135,48,455,10,455,10,130,3,485,11,200,5,0,0,2090,47,2345,53,550,12,2015,45,1870,42
"E","East Midlands","31","Leicestershire","31UC","Charnwood",,,8860,1425,16,4210,48,1060,12,735,8,325,4,810,9,295,3,0,0,4185,47,4675,53,1300,15,4270,48,3290,37
"E","East Midlands","31","Leicestershire","31UD","Harborough",,,3175,385,12,1580,50,335,11,270,9,85,3,360,11,160,5,0,0,1520,48,1655,52,365,11,1510,48,1300,41
"E","East Midlands","31","Leicestershire","31UE","Hinckley and Bosworth",,,5745,845,15,2775,48,605,11,610,11,150,3,575,10,185,3,0,0,2700,47,3045,53,750,13,2720,47,2275,40
"E","East Midlands","31","Leicestershire","31UG","Melton",,,2245,325,14,980,44,285,13,240,11,75,3,230,10,110,5,0,0,1040,46,1205,54,295,13,1060,47,890,40
"E","East Midlands","31","Leicestershire","31UH","North West Leicestershire",,,6020,780,13,3090,51,715,12,635,11,155,3,480,8,165,3,0,0,2920,49,3100,51,735,12,2895,48,2390,40
"E","East Midlands","31","Leicestershire","31UJ","Oadby and Wigston",,,3045,530,17,1385,45,370,12,280,9,80,3,290,10,110,4,0,0,1390,46,1655,54,390,13,1510,50,1145,38
"E","East Midlands","32","Lincolnshire","32UB","Boston",,,5130,725,14,2735,53,605,12,415,8,170,3,375,7,105,2,0,0,2580,50,2550,50,640,12,2475,48,2010,39
"E","East Midlands","32","Lincolnshire","32UC","East Lindsey",,,13430,1460,11,7620,57,1115,8,1465,11,490,4,1020,8,260,2,0,0,7175,53,6255,47,1375,10,5795,43,6260,47
"E","East Midlands","32","Lincolnshire","32UD","Lincoln",,,9215,1690,18,4475,49,1305,14,710,8,295,3,580,6,160,2,0,0,4740,51,4475,49,1530,17,4925,53,2755,30
"E","East Midlands","32","Lincolnshire","32UE","North Kesteven",,,5655,725,13,2905,51,470,8,645,11,130,2,595,11,185,3,0,0,2730,48,2925,52,655,12,2555,45,2440,43
"E","East Midlands","32","Lincolnshire","32UF","South Holland",,,5450,780,14,2850,52,585,11,485,9,170,3,430,8,150,3,0,0,2605,48,2845,52,615,11,2525,46,2310,42
"E","East Midlands","32","Lincolnshire","32UG","South Kesteven",,,7265,1030,14,3680,51,860,12,665,9,205,3,580,8,245,3,0,0,3460,48,3805,52,940,13,3515,48,2810,39
"E","East Midlands","32","Lincolnshire","32UH","West Lindsey",,,6405,1025,16,3270,51,660,10,545,9,210,3,510,8,185,3,0,0,3245,51,3160,49,820,13,3085,48,2500,39
"E","East Midlands","34","Northamptonshire","34UB","Corby",,,5575,970,17,2780,50,810,15,340,6,180,3,390,7,105,2,0,0,2710,49,2865,51,895,16,2880,52,1800,32
"E","East Midlands","34","Northamptonshire","34UC","Daventry",,,3815,610,16,1735,45,540,14,305,8,90,2,380,10,155,4,0,0,1710,45,2105,55,505,13,1920,50,1390,36
"E","East Midlands","34","Northamptonshire","34UD","East Northamptonshire",,,4775,810,17,2170,45,685,14,375,8,150,3,405,8,180,4,0,0,2210,46,2565,54,685,14,2405,50,1685,35
"E","East Midlands","34","Northamptonshire","34UE","Kettering",,,6155,1050,17,2995,49,765,12,490,8,170,3,515,8,170,3,0,0,2920,47,3235,53,910,15,3140,51,2105,34
"E","East Midlands","34","Northamptonshire","34UF","Northampton",,,16550,3270,20,7400,45,2855,17,1095,7,475,3,1100,7,355,2,0,0,7995,48,8555,52,2635,16,8955,54,4955,30
"E","East Midlands","34","Northamptonshire","34UG","South Northamptonshire",,,3125,400,13,1515,48,305,10,280,9,80,3,365,12,180,6,0,0,1405,45,1720,55,295,9,1485,48,1345,43
"E","East Midlands","34","Northamptonshire","34UH","Wellingborough",,,5830,1120,19,2605,45,985,17,405,7,165,3,395,7,155,3,0,0,2735,47,3095,53,910,16,3015,52,1905,33
"E","East Midlands","37","Nottinghamshire","37UB","Ashfield",,,11920,1525,13,6545,55,1535,13,1020,9,295,2,795,7,205,2,0,0,6045,51,5875,49,1555,13,5835,49,4530,38
"E","East Midlands","37","Nottinghamshire","37UC","Bassetlaw",,,10615,1165,11,6215,59,1120,11,875,8,270,3,760,7,210,2,0,0,5415,51,5200,49,1215,11,5125,48,4275,40
"E","East Midlands","37","Nottinghamshire","37UD","Broxtowe",,,7505,1110,15,3935,52,815,11,635,8,180,2,625,8,205,3,0,0,3785,50,3720,50,915,12,3450,46,3140,42
"E","East Midlands","37","Nottinghamshire","37UE","Gedling",,,8040,1170,15,4170,52,945,12,680,8,160,2,705,9,210,3,0,0,4025,50,4015,50,960,12,3880,48,3200,40
"E","East Midlands","37","Nottinghamshire","37UF","Mansfield",,,12080,1410,12,6930,57,1390,12,1065,9,270,2,835,7,180,1,0,0,6310,52,5770,48,1675,14,5925,49,4480,37
"E","East Midlands","37","Nottinghamshire","37UG","Newark and Sherwood",,,8985,1055,12,4870,54,1080,12,855,10,230,3,690,8,205,2,0,0,4480,50,4505,50,1100,12,4330,48,3550,40
"E","East Midlands","37","Nottinghamshire","37UJ","Rushcliffe",,,4835,615,13,2505,52,480,10,390,8,125,3,500,10,220,5,0,0,2430,50,2405,50,495,10,2285,47,2055,43
"F","West Midlands",,,"00CN","Birmingham",,,131465,33580,26,53310,41,22420,17,9125,7,4435,3,6820,5,1775,1,0,0,66930,51,64535,49,21205,16,73505,56,36740,28
"F","West Midlands",,,"00CQ","Coventry",,,32910,7225,22,14670,45,5440,17,2055,6,985,3,1990,6,545,2,0,0,16565,50,16345,50,5225,16,17510,53,10175,31
"F","West Midlands",,,"00CR","Dudley",,,29005,5810,20,13055,45,3895,13,2525,9,1060,4,2025,7,635,2,0,0,15080,52,13925,48,4075,14,14245,49,10675,37
"F","West Midlands",,,"00CS","Sandwell",,,36930,7805,21,16260,44,5725,16,2925,8,1345,4,2225,6,645,2,0,0,18715,51,18215,49,5620,15,18820,51,12490,34
"F","West Midlands",,,"00CT","Solihull",,,14625,2435,17,6900,47,2265,15,1105,8,420,3,1095,7,405,3,0,0,7015,48,7610,52,2205,15,7295,50,5120,35
"F","West Midlands",,,"00CU","Walsall",,,28935,5790,20,13120,45,4415,15,2445,8,925,3,1705,6,535,2,0,0,14490,50,14445,50,4595,16,14490,50,9845,34
"F","West Midlands",,,"00CW","Wolverhampton",,,30580,7100,23,13220,43,5005,16,2225,7,1030,3,1510,5,490,2,0,0,15365,50,15215,50,4855,16,15995,52,9730,32
"F","West Midlands",,,"00GA","Herefordshire, County of",,,11270,1340,12,5805,52,1380,12,995,9,415,4,975,9,360,3,0,0,5515,49,5755,51,1395,12,5590,50,4285,38
"F","West Midlands",,,"00GF","Telford and Wrekin",,,16165,2360,15,7705,48,2630,16,1460,9,440,3,1225,8,345,2,0,0,7495,46,8670,54,2470,15,8240,51,5455,34
"F","West Midlands",,,"00GL","Stoke-on-Trent",,,32395,4450,14,18925,58,3995,12,2060,6,835,3,1665,5,465,1,0,0,16465,51,15930,49,4555,14,16270,50,11570,36
"F","West Midlands","39","Shropshire","39UB","Bridgnorth",,,2910,390,13,1535,53,235,8,300,10,105,4,250,9,95,3,0,0,1490,51,1420,49,290,10,1270,44,1350,46
"F","West Midlands","39","Shropshire","39UC","North Shropshire",,,3880,575,15,2005,52,415,11,370,10,115,3,290,7,110,3,0,0,1965,51,1915,49,500,13,1820,47,1560,40
"F","West Midlands","39","Shropshire","39UD","Oswestry",,,2890,415,14,1550,54,295,10,225,8,95,3,245,8,65,2,0,0,1450,50,1440,50,395,14,1380,48,1115,39
"F","West Midlands","39","Shropshire","39UE","Shrewsbury and Atcham",,,6440,830,13,3390,53,725,11,540,8,165,3,605,9,185,3,0,0,3295,51,3145,49,870,14,3135,49,2435,38
"F","West Midlands","39","Shropshire","39UF","South Shropshire",,,2405,270,11,1300,54,235,10,225,9,115,5,180,7,80,3,0,0,1195,50,1210,50,250,10,1050,44,1105,46
"F","West Midlands","41","Staffordshire","41UB","Cannock Chase",,,8565,1130,13,4460,52,945,11,870,10,250,3,715,8,195,2,0,0,4235,49,4330,51,1140,13,4055,47,3370,39
"F","West Midlands","41","Staffordshire","41UC","East Staffordshire",,,7605,980,13,3835,50,1030,14,665,9,270,4,590,8,235,3,0,0,3700,49,3905,51,1075,14,3885,51,2645,35
"F","West Midlands","41","Staffordshire","41UD","Lichfield",,,5895,705,12,2970,50,690,12,570,10,190,3,570,10,200,3,0,0,2935,50,2960,50,725,12,2755,47,2415,41
"F","West Midlands","41","Staffordshire","41UE","Newcastle-under-Lyme",,,10625,1280,12,6345,60,1040,10,820,8,225,2,685,6,230,2,0,0,5405,51,5220,49,1280,12,5000,47,4345,41
"F","West Midlands","41","Staffordshire","41UF","South Staffordshire",,,6035,895,15,2910,48,635,11,590,10,200,3,565,9,240,4,0,0,2950,49,3085,51,710,12,2725,45,2595,43
"F","West Midlands","41","Staffordshire","41UG","Stafford",,,7705,1080,14,4145,54,725,9,625,8,200,3,725,9,205,3,0,0,3885,50,3820,50,995,13,3665,48,3045,40
"F","West Midlands","41","Staffordshire","41UH","Staffordshire Moorlands",,,6775,570,8,4345,64,495,7,560,8,165,2,465,7,175,3,0,0,3410,50,3365,50,595,9,2980,44,3200,47
"F","West Midlands","41","Staffordshire","41UK","Tamworth",,,6365,875,14,3045,48,895,14,570,9,200,3,615,10,165,3,0,0,2980,47,3385,53,900,14,3025,48,2440,38
"F","West Midlands","44","Warwickshire","44UB","North Warwickshire",,,4345,590,14,2140,49,475,11,455,10,130,3,425,10,130,3,0,0,2160,50,2185,50,490,11,1975,45,1880,43
"F","West Midlands","44","Warwickshire","44UC","Nuneaton and Bedworth",,,11150,1915,17,5365,48,1460,13,960,9,275,2,910,8,265,2,0,0,5540,50,5610,50,1535,14,5445,49,4170,37
"F","West Midlands","44","Warwickshire","44UD","Rugby",,,5715,985,17,2640,46,790,14,440,8,190,3,480,8,190,3,0,0,2775,49,2940,51,810,14,2875,50,2030,36
"F","West Midlands","44","Warwickshire","44UE","Stratford-on-Avon",,,5380,850,16,2575,48,570,11,495,9,145,3,555,10,190,4,0,0,2585,48,2795,52,615,11,2650,49,2115,39
"F","West Midlands","44","Warwickshire","44UF","Warwick",,,7090,1270,18,3365,47,950,13,460,6,210,3,600,8,235,3,0,0,3520,50,3570,50,915,13,3715,52,2460,35
"F","West Midlands","47","Worcestershire","47UB","Bromsgrove",,,4580,620,14,2275,50,450,10,455,10,160,3,475,10,145,3,0,0,2270,50,2310,50,610,13,2105,46,1865,41
"F","West Midlands","47","Worcestershire","47UC","Malvern Hills",,,4275,485,11,2235,52,475,11,385,9,165,4,375,9,155,4,0,0,2065,48,2210,52,545,13,2055,48,1675,39
"F","West Midlands","47","Worcestershire","47UD","Redditch",,,6800,1100,16,3155,46,995,15,585,9,220,3,590,9,155,2,0,0,3210,47,3590,53,1045,15,3335,49,2420,36
"F","West Midlands","47","Worcestershire","47UE","Worcester",,,7425,1325,18,3435,46,1060,14,585,8,300,4,550,7,170,2,0,0,3635,49,3790,51,1130,15,3865,52,2430,33
"F","West Midlands","47","Worcestershire","47UF","Wychavon",,,6445,935,15,3175,49,755,12,605,9,205,3,550,9,220,3,0,0,3100,48,3345,52,740,11,3190,49,2515,39
"F","West Midlands","47","Worcestershire","47UG","Wyre Forest",,,7950,1095,14,4150,52,1005,13,655,8,320,4,540,7,185,2,0,0,3980,50,3970,50,1090,14,3735,47,3125,39
"G","East of England",,,"00JA","Peterborough",,,15740,2920,19,7085,45,2840,18,1125,7,515,3,945,6,310,2,0,0,7395,47,8345,53,2670,17,8575,54,4495,29
"G","East of England",,,"00KA","Luton",,,17260,3490,20,7435,43,3175,18,1270,7,615,4,935,5,340,2,0,0,8215,48,9045,52,2465,14,9710,56,5080,29
"G","East of England",,,"00KF","Southend-on-Sea",,,15120,2670,18,7250,48,2610,17,970,6,565,4,795,5,260,2,0,0,7515,50,7605,50,1995,13,8375,55,4750,31
"G","East of England",,,"00KG","Thurrock",,,12115,2130,18,5215,43,2375,20,970,8,385,3,790,7,250,2,0,0,5445,45,6670,55,1875,15,6485,54,3755,31
"G","East of England","09","Bedfordshire","09UC","Mid Bedfordshire",,,5465,715,13,2545,47,750,14,515,9,175,3,550,10,215,4,0,0,2405,44,3060,56,590,11,2795,51,2075,38
"G","East of England","09","Bedfordshire","09UD","Bedford",,,11305,2110,19,5230,46,1845,16,800,7,345,3,675,6,300,3,0,0,5370,48,5935,52,1525,13,6250,55,3530,31
"G","East of England","09","Bedfordshire","09UE","South Bedfordshire",,,7060,975,14,3150,45,1365,19,510,7,230,3,595,8,235,3,0,0,3170,45,3890,55,1020,14,3795,54,2245,32
"G","East of England","12","Cambridgeshire","12UB","Cambridge",,,6640,1195,18,3335,50,1010,15,305,5,220,3,455,7,120,2,0,0,3380,51,3260,49,960,14,3850,58,1830,28
"G","East of England","12","Cambridgeshire","12UC","East Cambridgeshire",,,3695,515,14,1775,48,505,14,365,10,100,3,305,8,130,4,0,0,1680,45,2015,55,460,12,1815,49,1420,38
"G","East of England","12","Cambridgeshire","12UD","Fenland",,,7695,1015,13,3920,51,1050,14,715,9,290,4,545,7,160,2,0,0,3615,47,4080,53,1040,14,3765,49,2890,38
"G","East of England","12","Cambridgeshire","12UE","Huntingdonshire",,,8150,1120,14,3795,47,1060,13,805,10,270,3,790,10,310,4,0,0,3700,45,4450,55,1145,14,4155,51,2850,35
"G","East of England","12","Cambridgeshire","12UG","South Cambridgeshire",,,5260,640,12,2505,48,640,12,485,9,115,2,655,12,220,4,0,0,2430,46,2830,54,645,12,2735,52,1880,36
"G","East of England","22","Essex","22UB","Basildon",,,14400,2005,14,6610,46,2965,21,1105,8,435,3,955,7,325,2,0,0,6380,44,8020,56,2100,15,7965,55,4335,30
"G","East of England","22","Essex","22UC","Braintree",,,8440,1255,15,4070,48,1255,15,665,8,280,3,645,8,270,3,0,0,3915,46,4525,54,1110,13,4320,51,3010,36
"G","East of England","22","Essex","22UD","Brentwood",,,3345,350,10,1750,52,500,15,255,8,115,3,245,7,130,4,0,0,1530,46,1815,54,370,11,1730,52,1245,37
"G","East of England","22","Essex","22UE","Castle Point",,,5705,665,12,2760,48,870,15,570,10,230,4,435,8,175,3,0,0,2590,45,3115,55,710,12,2735,48,2260,40
"G","East of England","22","Essex","22UF","Chelmsford",,,8460,1345,16,3845,45,1295,15,655,8,230,3,790,9,300,4,0,0,3835,45,4625,55,1135,13,4485,53,2840,34
"G","East of England","22","Essex","22UG","Colchester",,,11310,1635,14,5555,49,1800,16,805,7,375,3,855,8,285,3,0,0,5300,47,6010,53,1705,15,6055,54,3550,31
"G","East of England","22","Essex","22UH","Epping Forest",,,7285,1110,15,3320,46,1270,17,495,7,285,4,575,8,230,3,0,0,3295,45,3990,55,815,11,3895,53,2575,35
"G","East of England","22","Essex","22UJ","Harlow",,,7085,1415,20,3020,43,1355,19,460,6,255,4,440,6,140,2,0,0,3145,44,3940,56,1155,16,3880,55,2050,29
"G","East of England","22","Essex","22UK","Maldon",,,3485,515,15,1640,47,430,12,335,10,140,4,295,8,130,4,0,0,1700,49,1785,51,435,12,1705,49,1345,39
"G","East of England","22","Essex","22UL","Rochford",,,3985,450,11,1950,49,530,13,380,10,115,3,395,10,165,4,0,0,1820,46,2165,54,445,11,1925,48,1615,41
"G","East of England","22","Essex","22UN","Tendring",,,12910,1925,15,6680,52,1765,14,1065,8,490,4,705,5,280,2,0,0,6645,51,6265,49,1560,12,6125,47,5225,40
"G","East of England","22","Essex","22UQ","Uttlesford",,,2680,340,13,1270,47,335,13,240,9,100,4,285,11,110,4,0,0,1250,47,1430,53,260,10,1360,51,1060,40
"G","East of England","26","Hertfordshire","26UB","Broxbourne",,,6085,870,14,2585,42,1340,22,490,8,190,3,440,7,170,3,0,0,2495,41,3590,59,840,14,3360,55,1885,31
"G","East of England","26","Hertfordshire","26UC","Dacorum",,,7755,1315,17,3480,45,1270,16,580,7,205,3,630,8,275,4,0,0,3530,46,4225,54,1050,14,4125,53,2580,33
"G","East of England","26","Hertfordshire","26UD","East Hertfordshire",,,5285,665,13,2565,49,735,14,465,9,115,2,500,9,240,5,0,0,2290,43,2995,57,650,12,2880,54,1755,33
"G","East of England","26","Hertfordshire","26UE","Hertsmere",,,5510,850,15,2535,46,1035,19,395,7,175,3,375,7,145,3,0,0,2495,45,3015,55,705,13,2990,54,1815,33
"G","East of England","26","Hertfordshire","26UF","North Hertfordshire",,,6235,905,15,2780,45,1060,17,550,9,185,3,550,9,205,3,0,0,2785,45,3450,55,805,13,3275,53,2155,35
"G","East of England","26","Hertfordshire","26UG","St Albans",,,5715,645,11,2860,50,835,15,485,8,175,3,475,8,240,4,0,0,2580,45,3135,55,680,12,3100,54,1935,34
"G","East of England","26","Hertfordshire","26UH","Stevenage",,,6185,1030,17,2605,42,1215,20,490,8,170,3,540,9,135,2,0,0,2820,46,3365,54,1020,16,3540,57,1625,26
"G","East of England","26","Hertfordshire","26UJ","Three Rivers",,,4050,485,12,1895,47,715,18,320,8,140,3,365,9,130,3,0,0,1810,45,2240,55,510,13,2210,55,1330,33
"G","East of England","26","Hertfordshire","26UK","Watford",,,5305,830,16,2470,47,920,17,380,7,195,4,390,7,120,2,0,0,2535,48,2770,52,645,12,3020,57,1640,31
"G","East of England","26","Hertfordshire","26UL","Welwyn Hatfield",,,6145,895,15,2900,47,1055,17,470,8,200,3,450,7,175,3,0,0,2830,46,3315,54,925,15,3390,55,1830,30
"G","East of England","33","Norfolk","33UB","Breckland",,,8270,1190,14,4120,50,980,12,815,10,285,3,705,9,175,2,0,0,4005,48,4265,52,995,12,4090,49,3185,39
"G","East of England","33","Norfolk","33UC","Broadland",,,6375,685,11,3495,55,615,10,590,9,175,3,585,9,230,4,0,0,3120,49,3255,51,605,9,3165,50,2605,41
"G","East of England","33","Norfolk","33UD","Great Yarmouth",,,10690,2090,20,5140,48,1260,12,920,9,490,5,615,6,175,2,0,0,5565,52,5125,48,1545,14,5235,49,3905,37
"G","East of England","33","Norfolk","33UE","King's Lynn and West Norfolk",,,11445,1565,14,6100,53,1280,11,1110,10,385,3,780,7,225,2,0,0,5680,50,5765,50,1490,13,5445,48,4510,39
"G","East of England","33","Norfolk","33UF","North Norfolk",,,7005,985,14,3810,54,670,10,580,8,280,4,490,7,190,3,0,0,3685,53,3320,47,820,12,3200,46,2985,43
"G","East of England","33","Norfolk","33UG","Norwich",,,13630,2580,19,6810,50,2105,15,845,6,410,3,740,5,140,1,0,0,7085,52,6545,48,2145,16,7620,56,3865,28
"G","East of England","33","Norfolk","33UH","South Norfolk",,,6095,775,13,3205,53,635,10,585,10,190,3,510,8,195,3,0,0,2960,49,3135,51,655,11,2975,49,2465,40
"G","East of England","42","Suffolk","42UB","Babergh",,,4390,580,13,2080,47,545,12,425,10,170,4,430,10,160,4,0,0,2055,47,2335,53,570,13,2140,49,1680,38
"G","East of England","42","Suffolk","42UC","Forest Heath",,,2765,405,15,1290,47,405,15,240,9,95,3,240,9,90,3,0,0,1290,47,1475,53,320,12,1400,51,1045,38
"G","East of England","42","Suffolk","42UD","Ipswich",,,11345,2250,20,4875,43,1820,16,945,8,470,4,800,7,185,2,0,0,5490,48,5855,52,1875,17,6110,54,3360,30
"G","East of England","42","Suffolk","42UE","Mid Suffolk",,,4270,545,13,2020,47,460,11,495,12,145,3,430,10,175,4,0,0,1990,47,2280,53,505,12,2000,47,1760,41
"G","East of England","42","Suffolk","42UF","St Edmundsbury",,,5695,860,15,2710,48,735,13,490,9,230,4,505,9,165,3,0,0,2645,46,3050,54,760,13,2960,52,1975,35
"G","East of England","42","Suffolk","42UG","Suffolk Coastal",,,6045,660,11,2975,49,710,12,710,12,205,3,585,10,200,3,0,0,2845,47,3200,53,730,12,2825,47,2490,41
"G","East of England","42","Suffolk","42UH","Waveney",,,10740,2015,19,4845,45,1355,13,1065,10,480,4,785,7,195,2,0,0,5375,50,5365,50,1530,14,5275,49,3930,37
"H","London",,,"00AA","City of London",,,425,115,27,200,47,35,8,15,4,30,7,20,5,10,2,0,0,260,61,165,39,55,13,220,52,150,35
"H","London",,,"00AB","Barking and Dagenham",,,21220,3820,18,8250,39,5750,27,1280,6,765,4,1120,5,235,1,0,0,8895,42,12325,58,3440,16,12420,59,5355,25
"H","London",,,"00AC","Barnet",,,24015,4000,17,10240,43,5295,22,1470,6,1110,5,1400,6,500,2,0,0,10575,44,13440,56,2795,12,14260,59,6950,29
"H","London",,,"00AD","Bexley",,,15680,2480,16,6575,42,3365,21,1135,7,555,4,1160,7,410,3,0,0,6735,43,8945,57,2195,14,8350,53,5135,33
"H","London",,,"00AE","Brent",,,29420,6490,22,12405,42,6140,21,1360,5,1430,5,1185,4,410,1,0,0,14120,48,15300,52,3540,12,17800,61,8070,27
"H","London",,,"00AF","Bromley",,,19130,3020,16,8355,44,4065,21,1240,6,620,3,1290,7,540,3,0,0,8615,45,10515,55,2605,14,10685,56,5840,31
"H","London",,,"00AG","Camden",,,22845,4160,18,11260,49,4235,19,1050,5,1070,5,860,4,210,1,0,0,11215,49,11630,51,2315,10,14140,62,6380,28
"H","London",,,"00AH","Croydon",,,29355,5215,18,11925,41,7345,25,1435,5,1200,4,1625,6,610,2,0,0,12815,44,16540,56,4370,15,17240,59,7745,26
"H","London",,,"00AJ","Ealing",,,28485,5530,19,12710,45,5845,21,1495,5,1085,4,1315,5,505,2,0,0,13220,46,15265,54,3360,12,16690,59,8420,30
"H","London",,,"00AK","Enfield",,,29670,5615,19,12090,41,7425,25,1365,5,1320,4,1350,5,505,2,0,0,12845,43,16825,57,4260,14,17705,60,7695,26
"H","London",,,"00AL","Greenwich",,,26685,4730,18,11105,42,6640,25,1465,5,1170,4,1255,5,320,1,0,0,11735,44,14950,56,4180,16,15595,58,6910,26
"H","London",,,"00AM","Hackney",,,31690,7075,22,13100,41,7480,24,1300,4,1570,5,965,3,200,1,0,0,14890,47,16800,53,4020,13,19805,62,7860,25
"H","London",,,"00AN","Hammersmith and Fulham",,,17605,3470,20,8090,46,3815,22,675,4,750,4,645,4,160,1,0,0,8380,48,9225,52,2045,12,10755,61,4805,27
"H","London",,,"00AP","Haringey",,,29735,6665,22,12150,41,7140,24,1105,4,1425,5,975,3,275,1,0,0,13690,46,16045,54,4030,14,18600,63,7085,24
"H","London",,,"00AQ","Harrow",,,15400,2455,16,6690,43,3005,20,1095,7,675,4,1040,7,440,3,0,0,6755,44,8645,56,1855,12,8785,57,4755,31
"H","London",,,"00AR","Havering",,,16360,2380,15,7405,45,3085,19,1285,8,505,3,1250,8,450,3,0,0,7215,44,9145,56,2130,13,8640,53,5590,34
"H","London",,,"00AS","Hillingdon",,,19330,2950,15,8150,42,4545,24,1195,6,855,4,1135,6,500,3,0,0,8150,42,11180,58,2870,15,10920,56,5540,29
"H","London",,,"00AT","Hounslow",,,19475,2990,15,8635,44,4415,23,1090,6,795,4,1145,6,405,2,0,0,8350,43,11125,57,2570,13,11070,57,5830,30
"H","London",,,"00AU","Islington",,,26320,5045,19,12180,46,5860,22,1010,4,1135,4,910,3,180,1,0,0,12120,46,14200,54,3155,12,16415,62,6735,26
"H","London",,,"00AW","Kensington and Chelsea",,,12200,2230,18,6170,51,2145,18,465,4,605,5,440,4,145,1,0,0,6055,50,6145,50,1010,8,7380,60,3790,31
"H","London",,,"00AX","Kingston upon Thames",,,7605,1120,15,3570,47,1470,19,455,6,250,3,515,7,225,3,0,0,3490,46,4115,54,930,12,4245,56,2425,32
"H","London",,,"00AY","Lambeth",,,33475,7795,23,13835,41,8025,24,980,3,1410,4,1155,3,275,1,0,0,16005,48,17470,52,4595,14,20780,62,8085,24
"H","London",,,"00AZ","Lewisham",,,29605,5940,20,12125,41,7550,26,1210,4,1270,4,1220,4,290,1,0,0,13520,46,16085,54,4370,15,18105,61,7130,24
"H","London",,,"00BA","Merton",,,12025,2360,20,5025,42,2505,21,715,6,445,4,720,6,255,2,0,0,5485,46,6540,54,1700,14,6710,56,3615,30
"H","London",,,"00BB","Newham",,,33800,7120,21,13100,39,8005,24,2080,6,1560,5,1580,5,355,1,0,0,15260,45,18540,55,4630,14,20630,61,8525,25
"H","London",,,"00BC","Redbridge",,,21325,3895,18,8835,41,4505,21,1530,7,855,4,1265,6,440,2,0,0,9355,44,11970,56,2885,14,12035,56,6390,30
"H","London",,,"00BD","Richmond upon Thames",,,8130,1190,15,3865,48,1420,17,445,5,340,4,580,7,290,4,0,0,3770,46,4360,54,900,11,4430,54,2800,34
"H","London",,,"00BE","Southwark",,,32120,7000,22,13635,42,7510,23,1250,4,1265,4,1195,4,265,1,0,0,15225,47,16895,53,4410,14,19630,61,8070,25
"H","London",,,"00BF","Sutton",,,11510,1645,14,5120,44,2400,21,825,7,365,3,810,7,345,3,0,0,4925,43,6585,57,1595,14,6475,56,3440,30
"H","London",,,"00BG","Tower Hamlets",,,30025,7910,26,11375,38,5845,19,2005,7,1620,5,950,3,320,1,0,0,15095,50,14930,50,4290,14,18375,61,7350,24
"H","London",,,"00BH","Waltham Forest",,,25390,5840,23,9790,39,5850,23,1305,5,1095,4,1185,5,325,1,0,0,11720,46,13670,54,3550,14,15140,60,6695,26
"H","London",,,"00BJ","Wandsworth",,,21135,4015,19,9530,45,4465,21,940,4,845,4,1000,5,340,2,0,0,10055,48,11080,52,2505,12,12730,60,5880,28
"H","London",,,"00BK","Westminster",,,20060,3550,18,10430,52,3230,16,1015,5,890,4,775,4,170,1,0,0,10240,51,9820,49,1940,10,12480,62,5620,28
"J","South East",,,"00LC","Medway",,,20985,3700,18,8830,42,3925,19,1785,9,685,3,1545,7,515,2,0,0,9600,46,11385,54,3305,16,11205,53,6475,31
"J","South East",,,"00MA","Bracknell Forest",,,5200,620,12,2510,48,910,18,395,8,165,3,420,8,180,3,0,0,2415,46,2785,54,665,13,2940,57,1590,31
"J","South East",,,"00MB","West Berkshire",,,6495,800,12,3050,47,1055,16,555,9,210,3,570,9,255,4,0,0,2930,45,3565,55,845,13,3490,54,2160,33
"J","South East",,,"00MC","Reading",,,10140,1825,18,4460,44,2125,21,595,6,365,4,555,5,215,2,0,0,4725,47,5415,53,1670,16,5770,57,2700,27
"J","South East",,,"00MD","Slough",,,10205,1800,18,4560,45,2095,21,630,6,385,4,480,5,255,2,0,0,4665,46,5540,54,1330,13,5735,56,3140,31
"J","South East",,,"00ME","Windsor and Maidenhead",,,5435,805,15,2520,46,805,15,375,7,225,4,420,8,285,5,0,0,2555,47,2880,53,635,12,2805,52,1995,37
"J","South East",,,"00MF","Wokingham",,,4905,610,12,2300,47,650,13,400,8,120,2,560,11,265,5,0,0,2230,45,2675,55,655,13,2555,52,1695,35
"J","South East",,,"00MG","Milton Keynes",,,16960,2930,17,7545,44,3235,19,1020,6,590,3,1250,7,390,2,0,0,7590,45,9370,55,2515,15,9270,55,5175,31
"J","South East",,,"00ML","Brighton and Hove",,,24260,4255,18,12805,53,3515,14,1245,5,645,3,1425,6,370,2,0,0,12690,52,11570,48,2965,12,14235,59,7055,29
"J","South East",,,"00MR","Portsmouth",,,16530,2695,16,7640,46,3210,19,1040,6,725,4,920,6,300,2,0,0,8005,48,8525,52,2510,15,9055,55,4965,30
"J","South East",,,"00MS","Southampton",,,19990,2990,15,9615,48,3825,19,1270,6,675,3,1315,7,300,2,0,0,9765,49,10225,51,3080,15,10885,54,6025,30
"J","South East",,,"00MW","Isle of Wight",,,11705,1520,13,6070,52,1625,14,935,8,450,4,815,7,290,2,0,0,6030,52,5675,48,1475,13,5655,48,4575,39
"J","South East","11","Buckinghamshire","11UB","Aylesbury Vale",,,7595,950,13,3605,47,1115,15,680,9,190,3,715,9,340,4,0,0,3390,45,4205,55,980,13,4005,53,2605,34
"J","South East","11","Buckinghamshire","11UC","Chiltern",,,3415,435,13,1675,49,435,13,275,8,100,3,315,9,180,5,0,0,1645,48,1770,52,350,10,1800,53,1265,37
"J","South East","11","Buckinghamshire","11UE","South Bucks",,,2365,245,10,1100,47,385,16,210,9,90,4,205,9,130,5,0,0,1020,43,1345,57,285,12,1210,51,870,37
"J","South East","11","Buckinghamshire","11UF","Wycombe",,,7915,1310,17,3355,42,1245,16,725,9,295,4,675,9,310,4,0,0,3710,47,4205,53,1070,14,4265,54,2580,33
"J","South East","21","East Sussex","21UC","Eastbourne",,,8130,1315,16,4220,52,1200,15,485,6,295,4,460,6,155,2,0,0,4045,50,4085,50,1040,13,4315,53,2775,34
"J","South East","21","East Sussex","21UD","Hastings",,,10555,1655,16,5485,52,1635,15,645,6,440,4,530,5,165,2,0,0,5480,52,5075,48,1555,15,5530,52,3470,33
"J","South East","21","East Sussex","21UF","Lewes",,,5640,720,13,2890,51,795,14,415,7,185,3,450,8,185,3,0,0,2785,49,2855,51,675,12,2790,49,2175,39
"J","South East","21","East Sussex","21UG","Rother",,,5800,710,12,3060,53,745,13,500,9,195,3,430,7,160,3,0,0,2825,49,2975,51,675,12,2750,47,2375,41
"J","South East","21","East Sussex","21UH","Wealden",,,6295,545,9,3365,53,760,12,575,9,205,3,565,9,280,4,0,0,2895,46,3400,54,715,11,3025,48,2555,41
"J","South East","24","Hampshire","24UB","Basingstoke and Deane",,,7655,985,13,3635,47,1265,17,580,8,195,3,685,9,310,4,0,0,3315,43,4340,57,1085,14,4215,55,2355,31
"J","South East","24","Hampshire","24UC","East Hampshire",,,4690,535,11,2310,49,655,14,410,9,160,3,415,9,205,4,0,0,2140,46,2550,54,640,14,2415,51,1635,35
"J","South East","24","Hampshire","24UD","Eastleigh",,,5925,770,13,2815,48,820,14,490,8,155,3,650,11,225,4,0,0,2680,45,3245,55,805,14,2985,50,2130,36
"J","South East","24","Hampshire","24UE","Fareham",,,4480,510,11,2195,49,535,12,420,9,135,3,510,11,175,4,0,0,2105,47,2375,53,540,12,2275,51,1665,37
"J","South East","24","Hampshire","24UF","Gosport",,,5305,550,10,2560,48,980,18,450,8,170,3,460,9,135,3,0,0,2280,43,3025,57,805,15,2845,54,1655,31
"J","South East","24","Hampshire","24UG","Hart",,,2645,300,11,1215,46,335,13,265,10,50,2,335,13,145,5,0,0,1155,44,1490,56,335,13,1365,52,945,36
"J","South East","24","Hampshire","24UH","Havant",,,9125,1325,15,4200,46,1585,17,865,9,310,3,650,7,190,2,0,0,4295,47,4830,53,1340,15,4735,52,3050,33
"J","South East","24","Hampshire","24UJ","New Forest",,,8705,705,8,4540,52,1255,14,860,10,245,3,805,9,295,3,0,0,4045,46,4660,54,1140,13,4255,49,3305,38
"J","South East","24","Hampshire","24UL","Rushmoor",,,4970,695,14,2315,47,895,18,370,7,130,3,425,9,140,3,0,0,2225,45,2745,55,770,15,2800,56,1400,28
"J","South East","24","Hampshire","24UN","Test Valley",,,5065,460,9,2450,48,715,14,530,10,160,3,525,10,225,4,0,0,2225,44,2840,56,655,13,2570,51,1840,36
"J","South East","24","Hampshire","24UP","Winchester",,,4380,495,11,2255,51,510,12,370,8,140,3,395,9,215,5,0,0,2170,50,2210,50,525,12,2310,53,1545,35
"J","South East","29","Kent","29UB","Ashford",,,7055,915,13,3380,48,1210,17,605,9,165,2,595,8,185,3,0,0,3225,46,3830,54,1045,15,3675,52,2335,33
"J","South East","29","Kent","29UC","Canterbury",,,9640,1235,13,5005,52,1320,14,820,9,285,3,735,8,240,2,0,0,4715,49,4925,51,1300,13,4815,50,3525,37
"J","South East","29","Kent","29UD","Dartford",,,6025,875,15,2680,44,1145,19,465,8,240,4,470,8,150,2,0,0,2720,45,3305,55,905,15,3210,53,1910,32
"J","South East","29","Kent","29UE","Dover",,,9045,1335,15,4605,51,1230,14,720,8,305,3,635,7,215,2,0,0,4640,51,4405,49,1180,13,4365,48,3500,39
"J","South East","29","Kent","29UG","Gravesham",,,7810,1455,19,3450,44,1290,17,675,9,250,3,485,6,205,3,0,0,3655,47,4155,53,1155,15,4120,53,2535,32
"J","South East","29","Kent","29UH","Maidstone",,,8530,1145,13,4045,47,1370,16,720,8,280,3,705,8,265,3,0,0,3935,46,4595,54,1165,14,4500,53,2860,34
"J","South East","29","Kent","29UK","Sevenoaks",,,5255,575,11,2520,48,870,17,480,9,155,3,465,9,190,4,0,0,2315,44,2940,56,635,12,2760,53,1860,35
"J","South East","29","Kent","29UL","Shepway",,,9040,1620,18,4420,49,1255,14,665,7,305,3,580,6,195,2,0,0,4650,51,4390,49,1210,13,4670,52,3160,35
"J","South East","29","Kent","29UM","Swale",,,11245,1675,15,5300,47,1875,17,935,8,425,4,790,7,245,2,0,0,5365,48,5880,52,1740,15,5740,51,3755,33
"J","South East","29","Kent","29UN","Thanet",,,13955,2210,16,6805,49,2085,15,1110,8,595,4,900,6,250,2,0,0,7235,52,6720,48,2015,14,6875,49,5065,36
"J","South East","29","Kent","29UP","Tonbridge and Malling",,,5630,655,12,2645,47,910,16,530,9,155,3,530,9,205,4,0,0,2585,46,3045,54,700,12,2975,53,1955,35
"J","South East","29","Kent","29UQ","Tunbridge Wells",,,5425,605,11,2705,50,890,16,415,8,200,4,420,8,190,4,0,0,2570,47,2855,53,715,13,2915,54,1795,33
"J","South East","38","Oxfordshire","38UB","Cherwell",,,6730,940,14,3185,47,1040,15,520,8,220,3,610,9,215,3,0,0,2970,44,3760,56,960,14,3650,54,2120,32
"J","South East","38","Oxfordshire","38UC","Oxford",,,9370,1495,16,4405,47,1795,19,525,6,400,4,580,6,170,2,0,0,4625,49,4745,51,1500,16,5400,58,2470,26
"J","South East","38","Oxfordshire","38UD","South Oxfordshire",,,4765,555,12,2250,47,690,14,370,8,155,3,500,10,245,5,0,0,2195,46,2570,54,570,12,2505,53,1690,35
"J","South East","38","Oxfordshire","38UE","Vale of White Horse",,,4520,400,9,2240,50,585,13,415,9,140,3,530,12,210,5,0,0,2015,45,2505,55,590,13,2375,53,1555,34
"J","South East","38","Oxfordshire","38UF","West Oxfordshire",,,3695,355,10,1855,50,435,12,365,10,130,4,395,11,160,4,0,0,1705,46,1990,54,495,13,1815,49,1385,37
"J","South East","43","Surrey","43UB","Elmbridge",,,4625,495,11,2200,48,815,18,350,8,150,3,395,9,220,5,0,0,2090,45,2535,55,525,11,2535,55,1565,34
"J","South East","43","Surrey","43UC","Epsom and Ewell",,,3045,330,11,1510,50,445,15,235,8,100,3,290,10,135,4,0,0,1395,46,1650,54,335,11,1615,53,1095,36
"J","South East","43","Surrey","43UD","Guildford",,,5470,740,14,2655,49,850,16,405,7,150,3,470,9,200,4,0,0,2535,46,2935,54,720,13,3040,56,1710,31
"J","South East","43","Surrey","43UE","Mole Valley",,,3035,255,8,1565,52,355,12,260,9,95,3,340,11,165,5,0,0,1455,48,1580,52,300,10,1550,51,1185,39
"J","South East","43","Surrey","43UF","Reigate and Banstead",,,6025,655,11,3035,50,985,16,435,7,150,2,535,9,230,4,0,0,2760,46,3265,54,790,13,3200,53,2035,34
"J","South East","43","Surrey","43UG","Runnymede",,,3170,340,11,1535,48,540,17,235,7,100,3,305,10,115,4,0,0,1460,46,1710,54,355,11,1660,52,1155,36
"J","South East","43","Surrey","43UH","Spelthorne",,,4580,595,13,2085,46,850,19,370,8,160,3,375,8,145,3,0,0,2065,45,2515,55,540,12,2510,55,1530,33
"J","South East","43","Surrey","43UJ","Surrey Heath",,,2910,365,13,1315,45,445,15,285,10,85,3,275,9,140,5,0,0,1325,46,1585,54,385,13,1570,54,955,33
"J","South East","43","Surrey","43UK","Tandridge",,,3355,340,10,1685,50,500,15,275,8,85,3,320,10,150,4,0,0,1500,45,1855,55,490,15,1675,50,1190,35
"J","South East","43","Surrey","43UL","Waverley",,,4340,420,10,2255,52,620,14,320,7,105,2,415,10,205,5,0,0,2025,47,2315,53,500,12,2290,53,1550,36
"J","South East","43","Surrey","43UM","Woking",,,4340,575,13,2025,47,690,16,375,9,145,3,375,9,155,4,0,0,1950,45,2390,55,585,13,2390,55,1365,31
"J","South East","45","West Sussex","45UB","Adur",,,4040,450,11,2030,50,620,15,340,8,130,3,350,9,120,3,0,0,1875,46,2165,54,505,13,2060,51,1475,37
"J","South East","45","West Sussex","45UC","Arun",,,9395,1085,12,4985,53,1280,14,725,8,345,4,670,7,305,3,0,0,4645,49,4750,51,1020,11,4670,50,3705,39
"J","South East","45","West Sussex","45UD","Chichester",,,5270,670,13,2600,49,755,14,425,8,175,3,425,8,220,4,0,0,2575,49,2695,51,595,11,2635,50,2040,39
"J","South East","45","West Sussex","45UE","Crawley",,,6805,820,12,3275,48,1365,20,440,6,215,3,510,7,180,3,0,0,2915,43,3890,57,980,14,3720,55,2105,31
"J","South East","45","West Sussex","45UF","Horsham",,,5070,635,13,2485,49,705,14,450,9,125,2,470,9,200,4,0,0,2340,46,2730,54,625,12,2640,52,1805,36
"J","South East","45","West Sussex","45UG","Mid Sussex",,,5085,510,10,2660,52,665,13,405,8,120,2,480,9,245,5,0,0,2335,46,2750,54,610,12,2675,53,1800,35
"J","South East","45","West Sussex","45UH","Worthing",,,6980,745,11,3930,56,950,14,445,6,245,4,465,7,200,3,0,0,3500,50,3480,50,865,12,3650,52,2465,35
"K","South West",,,"00HA","Bath and North East Somerset",,,9505,1020,11,5355,56,1345,14,585,6,225,2,730,8,245,3,0,0,4710,50,4795,50,1200,13,5170,54,3135,33
"K","South West",,,"00HB","Bristol, City of",,,39440,5460,14,21175,54,6675,17,2260,6,1050,3,2245,6,575,1,0,0,19860,50,19580,50,5470,14,22870,58,11095,28
"K","South West",,,"00HC","North Somerset",,,13610,1135,8,8250,61,1610,12,960,7,350,3,930,7,375,3,0,0,6880,51,6730,49,1575,12,7090,52,4945,36
"K","South West",,,"00HD","South Gloucestershire",,,13290,1315,10,6980,53,1950,15,1105,8,300,2,1220,9,420,3,0,0,6025,45,7265,55,1730,13,6920,52,4635,35
"K","South West",,,"00HG","Plymouth",,,25855,3360,13,14030,54,3330,13,2015,8,735,3,1970,8,415,2,0,0,13020,50,12835,50,3765,15,13495,52,8595,33
"K","South West",,,"00HH","Torbay",,,13905,1685,12,7615,55,1770,13,1165,8,510,4,930,7,230,2,0,0,7200,52,6705,48,1605,12,7000,50,5300,38
"K","South West",,,"00HN","Bournemouth",,,14350,1590,11,8590,60,1905,13,735,5,565,4,730,5,235,2,0,0,7745,54,6605,46,1540,11,8065,56,4745,33
"K","South West",,,"00HP","Poole",,,8840,800,9,4740,54,1430,16,700,8,325,4,610,7,235,3,0,0,4145,47,4695,53,1040,12,4635,52,3165,36
"K","South West",,,"00HX","Swindon",,,13550,2030,15,6565,48,2220,16,865,6,460,3,1075,8,335,2,0,0,6220,46,7330,54,2055,15,7280,54,4215,31
"K","South West","15","Cornwall and Isles of Scilly","15UB","Caradon",,,5910,515,9,3300,56,610,10,620,10,180,3,525,9,160,3,0,0,2860,48,3050,52,650,11,2740,46,2520,43
"K","South West","15","Cornwall and Isles of Scilly","15UC","Carrick",,,6680,745,11,3705,55,770,12,575,9,235,4,490,7,160,2,0,0,3420,51,3260,49,765,11,3345,50,2570,38
"K","South West","15","Cornwall and Isles of Scilly","15UD","Kerrier",,,8940,770,9,5105,57,990,11,845,9,340,4,695,8,195,2,0,0,4545,51,4395,49,1105,12,4255,48,3580,40
"K","South West","15","Cornwall and Isles of Scilly","15UE","North Cornwall",,,6255,575,9,3530,56,705,11,595,10,215,3,495,8,140,2,0,0,3095,49,3160,51,705,11,2980,48,2570,41
"K","South West","15","Cornwall and Isles of Scilly","15UF","Penwith",,,6475,695,11,3715,57,680,11,580,9,240,4,445,7,120,2,0,0,3465,54,3010,46,695,11,3085,48,2695,42
"K","South West","15","Cornwall and Isles of Scilly","15UG","Restormel",,,8590,855,10,4735,55,955,11,840,10,320,4,680,8,205,2,0,0,4385,51,4205,49,1050,12,4210,49,3330,39
"K","South West","15","Cornwall and Isles of Scilly","15UH","Isles of Scilly",,,40,0,0,25,63,0,0,5,13,5,13,5,13,0,0,0,0,20,50,20,50,0,0,15,38,25,63
"K","South West","18","Devon","18UB","East Devon",,,6785,540,8,3905,58,645,10,640,9,205,3,570,8,280,4,0,0,3350,49,3435,51,715,11,3190,47,2880,42
"K","South West","18","Devon","18UC","Exeter",,,8720,1080,12,4800,55,1090,13,610,7,275,3,690,8,175,2,0,0,4390,50,4330,50,1290,15,4700,54,2730,31
"K","South West","18","Devon","18UD","Mid Devon",,,4465,410,9,2440,55,510,11,435,10,140,3,375,8,155,3,0,0,2185,49,2280,51,560,13,2180,49,1725,39
"K","South West","18","Devon","18UE","North Devon",,,6645,680,10,3575,54,835,13,650,10,260,4,475,7,170,3,0,0,3360,51,3285,49,770,12,3215,48,2660,40
"K","South West","18","Devon","18UG","South Hams",,,4875,435,9,2710,56,535,11,460,9,135,3,435,9,165,3,0,0,2380,49,2495,51,515,11,2395,49,1965,40
"K","South West","18","Devon","18UH","Teignbridge",,,8055,655,8,4470,55,920,11,775,10,275,3,730,9,230,3,0,0,3990,50,4065,50,890,11,3800,47,3365,42
"K","South West","18","Devon","18UK","Torridge",,,4680,610,13,2500,53,430,9,490,10,175,4,370,8,105,2,0,0,2385,51,2295,49,545,12,2140,46,1995,43
"K","South West","18","Devon","18UL","West Devon",,,3060,275,9,1730,57,290,9,280,9,115,4,250,8,120,4,0,0,1520,50,1540,50,340,11,1455,48,1265,41
"K","South West","19","Dorset","19UC","Christchurch",,,2680,215,8,1445,54,350,13,250,9,95,4,240,9,85,3,0,0,1275,48,1405,52,290,11,1320,49,1070,40
"K","South West","19","Dorset","19UD","East Dorset",,,3610,225,6,1905,53,450,12,390,11,130,4,375,10,135,4,0,0,1635,45,1975,55,380,11,1675,46,1555,43
"K","South West","19","Dorset","19UE","North Dorset",,,3160,200,6,1725,55,400,13,320,10,115,4,310,10,90,3,0,0,1470,47,1690,53,340,11,1555,49,1265,40
"K","South West","19","Dorset","19UG","Purbeck",,,2275,175,8,1220,54,280,12,210,9,70,3,230,10,90,4,0,0,1095,48,1180,52,210,9,1095,48,970,43
"K","South West","19","Dorset","19UH","West Dorset",,,5360,380,7,3110,58,555,10,465,9,165,3,470,9,215,4,0,0,2605,49,2755,51,520,10,2625,49,2215,41
"K","South West","19","Dorset","19UJ","Weymouth and Portland",,,5830,565,10,3380,58,715,12,415,7,210,4,420,7,125,2,0,0,3030,52,2800,48,800,14,2915,50,2115,36
"K","South West","23","Gloucestershire","23UB","Cheltenham",,,7360,1400,19,3585,49,1130,15,420,6,235,3,430,6,160,2,0,0,3700,50,3660,50,1190,16,3905,53,2265,31
"K","South West","23","Gloucestershire","23UC","Cotswold",,,3325,355,11,1700,51,410,12,270,8,130,4,300,9,160,5,0,0,1540,46,1785,54,355,11,1680,51,1290,39
"K","South West","23","Gloucestershire","23UD","Forest of Dean",,,5655,740,13,2995,53,625,11,525,9,195,3,400,7,175,3,0,0,2720,48,2935,52,655,12,2755,49,2245,40
"K","South West","23","Gloucestershire","23UE","Gloucester",,,9450,1420,15,4765,50,1575,17,605,6,300,3,615,7,170,2,0,0,4715,50,4735,50,1430,15,5085,54,2935,31
"K","South West","23","Gloucestershire","23UF","Stroud",,,5970,700,12,3225,54,780,13,445,7,205,3,450,8,165,3,0,0,2825,47,3145,53,755,13,3025,51,2190,37
"K","South West","23","Gloucestershire","23UG","Tewkesbury",,,4050,525,13,1925,48,570,14,365,9,135,3,355,9,175,4,0,0,1900,47,2150,53,505,12,2075,51,1470,36
"K","South West","40","Somerset","40UB","Mendip",,,6560,680,10,3590,55,800,12,525,8,205,3,560,9,200,3,0,0,3140,48,3420,52,825,13,3380,52,2355,36
"K","South West","40","Somerset","40UC","Sedgemoor",,,8130,895,11,4490,55,970,12,675,8,290,4,630,8,180,2,0,0,4075,50,4055,50,1070,13,3915,48,3145,39
"K","South West","40","Somerset","40UD","South Somerset",,,8825,835,9,4890,55,970,11,780,9,250,3,810,9,290,3,0,0,4310,49,4515,51,1120,13,4260,48,3445,39
"K","South West","40","Somerset","40UE","Taunton Deane",,,7080,655,9,4025,57,915,13,535,8,215,3,535,8,200,3,0,0,3510,50,3570,50,955,13,3600,51,2525,36
"K","South West","40","Somerset","40UF","West Somerset",,,2580,225,9,1475,57,300,12,225,9,110,4,200,8,45,2,0,0,1300,50,1280,50,295,11,1185,46,1100,43
"K","South West","46","Wiltshire","46UB","Kennet",,,3580,350,10,1840,51,505,14,330,9,105,3,330,9,120,3,0,0,1585,44,1995,56,425,12,1900,53,1255,35
"K","South West","46","Wiltshire","46UC","North Wiltshire",,,6380,655,10,3190,50,930,15,590,9,190,3,595,9,230,4,0,0,2850,45,3530,55,810,13,3330,52,2240,35
"K","South West","46","Wiltshire","46UD","Salisbury",,,5595,490,9,3110,56,730,13,410,7,200,4,450,8,205,4,0,0,2590,46,3005,54,690,12,2940,53,1965,35
"K","South West","46","Wiltshire","46UF","West Wiltshire",,,7115,875,12,3595,51,1035,15,580,8,245,3,570,8,215,3,0,0,3340,47,3775,53,975,14,3750,53,2390,34
,,,,"00NA","Isle of Anglesey",,,7160,1130,16,3820,53,750,10,595,8,230,3,490,7,145,2,0,0,3870,54,3290,46,835,12,3260,46,3060,43
,,,,"00NC","Gwynedd",,,10395,1430,14,5880,57,1105,11,795,8,310,3,645,6,230,2,0,0,5685,55,4710,45,1195,11,4760,46,4440,43
,,,,"00NE","Conwy",,,10760,1360,13,6135,57,1080,10,870,8,315,3,770,7,230,2,0,0,5700,53,5060,47,1275,12,5010,47,4475,42
,,,,"00NG","Denbighshire",,,10055,1180,12,5875,58,1085,11,815,8,265,3,640,6,195,2,0,0,5225,52,4830,48,1195,12,4730,47,4130,41
,,,,"00NJ","Flintshire",,,12795,1550,12,6940,54,1490,12,1100,9,325,3,1035,8,355,3,0,0,6130,48,6665,52,1510,12,6095,48,5190,41
,,,,"00NL","Wrexham",,,13345,1605,12,7610,57,1475,11,1205,9,295,2,935,7,220,2,0,0,6625,50,6720,50,1775,13,6365,48,5205,39
,,,,"00NN","Powys",,,9875,1045,11,5655,57,920,9,835,8,295,3,820,8,305,3,0,0,4925,50,4950,50,1015,10,4395,45,4465,45
,,,,"00NQ","Ceredigion",,,6105,555,9,3775,62,515,8,480,8,180,3,475,8,125,2,0,0,3265,53,2840,47,660,11,2775,45,2665,44
,,,,"00NS","Pembrokeshire",,,11100,900,8,6540,59,1230,11,1065,10,320,3,840,8,205,2,0,0,5460,49,5640,51,1225,11,5185,47,4690,42
,,,,"00NU","Carmarthenshire",,,20770,2075,10,13130,63,1795,9,1695,8,460,2,1295,6,320,2,0,0,10470,50,10300,50,2220,11,9415,45,9135,44
,,,,"00NX","Swansea",,,27170,3140,12,16045,59,3190,12,1905,7,715,3,1760,6,415,2,0,0,13670,50,13500,50,3405,13,13495,50,10270,38
,,,,"00NZ","Neath Port Talbot",,,21025,2030,10,12900,61,2155,10,1775,8,485,2,1445,7,235,1,0,0,10315,49,10710,51,2535,12,10115,48,8365,40
,,,,"00PB","Bridgend",,,17125,1730,10,10505,61,1855,11,1245,7,300,2,1240,7,250,1,0,0,8415,49,8710,51,2155,13,8290,48,6680,39
,,,,"00PD","The Vale of Glamorgan",,,10835,1380,13,5830,54,1430,13,800,7,325,3,825,8,245,2,0,0,5295,49,5540,51,1470,14,5325,49,4040,37
,,,,"00PF","Rhondda, Cynon, Taff",,,34240,3395,10,21735,63,3860,11,2115,6,660,2,2020,6,455,1,0,0,16910,49,17330,51,4520,13,16250,47,13470,39
,,,,"00PH","Merthyr Tydfil",,,9720,1215,13,5995,62,1150,12,540,6,160,2,550,6,110,1,0,0,4880,50,4840,50,1300,13,4580,47,3840,40
,,,,"00PK","Caerphilly",,,24965,2720,11,15470,62,2675,11,1805,7,390,2,1590,6,315,1,0,0,12560,50,12405,50,3175,13,11690,47,10100,40
,,,,"00PL","Blaenau Gwent",,,11610,1675,14,7070,61,1190,10,740,6,205,2,610,5,120,1,0,0,6040,52,5570,48,1570,14,5505,47,4535,39
,,,,"00PM","Torfaen",,,11305,1310,12,6490,57,1390,12,915,8,240,2,785,7,175,2,0,0,5650,50,5655,50,1570,14,5320,47,4415,39
,,,,"00PP","Monmouthshire",,,6200,575,9,3540,57,600,10,580,9,170,3,530,9,205,3,0,0,3085,50,3115,50,655,11,2945,48,2600,42
,,,,"00PR","Newport",,,16115,2350,15,8350,52,2545,16,1150,7,470,3,970,6,280,2,0,0,7935,49,8180,51,2385,15,8305,52,5425,34
,,,,"00PT","Cardiff",,,32915,4365,13,17840,54,5045,15,2105,6,945,3,2110,6,505,2,0,0,16380,50,16535,50,4805,15,17465,53,10645,32
,,,,"100","Aberdeen City",,,16915,1780,11,10630,63,1955,12,795,5,365,2,985,6,405,2,0,0,8580,51,8335,49,2085,12,9055,54,5775,34
,,,,"110","Aberdeenshire",,,13765,1130,8,8180,59,1230,9,1150,8,295,2,1185,9,595,4,0,0,6410,47,7355,53,1510,11,6670,48,5585,41
,,,,"120","Angus",,,8940,1425,16,4730,53,965,11,705,8,255,3,590,7,270,3,0,0,4420,49,4520,51,1250,14,4350,49,3335,37
,,,,"130","Argyll & Bute",,,7165,1080,15,3895,54,665,9,505,7,275,4,505,7,240,3,0,0,3680,51,3485,49,775,11,3235,45,3150,44
,,,,"150","Clackmannanshire",,,5965,795,13,3520,59,750,13,370,6,140,2,275,5,115,2,0,0,2855,48,3110,52,835,14,3040,51,2090,35
,,,,"170","Dumfries & Galloway",,,13620,1905,14,7335,54,1320,10,1315,10,490,4,930,7,325,2,0,0,6950,51,6670,49,1605,12,6290,46,5720,42
,,,,"180","Dundee City",,,18880,3420,18,10450,55,2370,13,1015,5,550,3,800,4,275,1,0,0,9830,52,9050,48,2790,15,9880,52,6205,33
,,,,"190","East Ayrshire",,,14775,2585,17,7690,52,1850,13,1205,8,445,3,740,5,260,2,0,0,7490,51,7285,49,1955,13,7310,49,5510,37
,,,,"200","East Dunbartonshire",,,6800,930,14,3785,56,625,9,470,7,155,2,580,9,255,4,0,0,3290,48,3510,52,710,10,3310,49,2780,41
,,,,"210","East Lothian",,,7165,680,9,4270,60,775,11,535,7,195,3,525,7,185,3,0,0,3550,50,3615,50,945,13,3440,48,2780,39
,,,,"220","East Renfrewshire",,,5715,650,11,3250,57,555,10,425,7,140,2,480,8,215,4,0,0,2725,48,2990,52,640,11,2815,49,2260,40
,,,,"230","Edinburgh, City of",,,38785,5805,15,21980,57,4890,13,2030,5,1065,3,2250,6,765,2,0,0,20250,52,18535,48,5050,13,21690,56,12045,31
,,,,"235","Eilean Siar",,,2380,390,16,1260,53,140,6,175,7,135,6,175,7,105,4,0,0,1425,60,955,40,175,7,1025,43,1180,50
,,,,"240","Falkirk",,,15060,2120,14,8640,57,1600,11,1045,7,360,2,935,6,360,2,0,0,7315,49,7745,51,1825,12,7405,49,5830,39
,,,,"250","Fife",,,36535,6280,17,19655,54,4275,12,2490,7,1015,3,2025,6,795,2,0,0,18320,50,18215,50,4950,14,18380,50,13205,36
,,,,"260","Glasgow City",,,96535,13895,14,55670,58,13310,14,5260,5,3305,3,4045,4,1050,1,0,0,50420,52,46115,48,11315,12,54170,56,31040,32
,,,,"270","Highland",,,18170,2120,12,10230,56,1835,10,1525,8,595,3,1290,7,575,3,0,0,9195,51,8975,49,2105,12,8795,48,7270,40
,,,,"280","Inverclyde",,,11840,1970,17,6715,57,1435,12,645,5,350,3,510,4,215,2,0,0,6495,55,5345,45,1505,13,5980,51,4355,37
,,,,"290","Midlothian",,,7190,755,11,4095,57,835,12,595,8,175,2,570,8,165,2,0,0,3460,48,3730,52,920,13,3485,48,2785,39
,,,,"300","Moray",,,6575,1090,17,3490,53,600,9,540,8,165,3,455,7,235,4,0,0,3180,48,3395,52,945,14,3070,47,2560,39
,,,,"310","North Ayrshire",,,17385,3280,19,8855,51,2310,13,1165,7,575,3,855,5,345,2,0,0,8675,50,8710,50,2390,14,8715,50,6280,36
,,,,"320","North Lanarkshire",,,42190,5200,12,24930,59,5015,12,2780,7,1180,3,2305,5,780,2,0,0,20415,48,21775,52,4890,12,21455,51,15845,38
,,,,"330","Orkney Islands",,,1200,105,9,705,59,95,8,135,11,45,4,95,8,20,2,0,0,630,53,570,48,115,10,510,43,575,48
,,,,"340","Perth & Kinross",,,9415,1115,12,5225,55,925,10,770,8,320,3,735,8,325,3,0,0,4670,50,4745,50,1085,12,4610,49,3720,40
,,,,"350","Renfrewshire",,,19375,2625,14,11000,57,2380,12,1060,5,620,3,1240,6,450,2,0,0,9820,51,9555,49,2510,13,9925,51,6940,36
,,,,"355","Scottish Borders",,,7625,850,11,4505,59,625,8,585,8,225,3,585,8,250,3,0,0,3930,52,3695,48,890,12,3720,49,3015,40
,,,,"360","Shetland Islands",,,1340,165,12,745,56,135,10,75,6,50,4,105,8,65,5,0,0,700,52,640,48,170,13,610,46,560,42
,,,,"370","South Ayrshire",,,11140,1765,16,5990,54,1165,10,890,8,380,3,640,6,310,3,0,0,5720,51,5420,49,1345,12,5405,49,4390,39
,,,,"380","South Lanarkshire",,,33225,3960,12,19790,60,3560,11,2355,7,880,3,1940,6,740,2,0,0,16255,49,16970,51,3735,11,16610,50,12875,39
,,,,"390","Stirling",,,6830,865,13,4015,59,685,10,495,7,160,2,400,6,210,3,0,0,3375,49,3455,51,760,11,3475,51,2595,38
,,,,"395","West Dunbartonshire",,,13150,2235,17,6975,53,1755,13,815,6,415,3,740,6,215,2,0,0,6725,51,6425,49,1745,13,6775,52,4630,35
,,,,"400","West Lothian",,,16985,2350,14,9420,55,2115,12,1115,7,395,2,1205,7,385,2,0,0,8010,47,8975,53,2410,14,8725,51,5850,34