DATASET_TITLE,"Commercial and Industrial Floorspace and Rateable Value Statistics, 1999",,,,,,,,,,FROM,Apr-1999,Apr-1999,Apr-1999,Apr-1999,Apr-1999,Apr-1999,Apr-1999,Apr-1999,Apr-1999,Apr-1999,Apr-1999,Apr-1999,Apr-1999,Apr-1999,Apr-1999,Apr-1999,Apr-1999,Apr-1999,Apr-1999,Apr-1999,Apr-1999,Apr-1999,Apr-1999,Apr-1999,Apr-1999,Apr-1999,Apr-1999,Apr-1999,Apr-1999,Apr-1999,Apr-1999,Apr-1999,Apr-1999,Apr-1999,Apr-1999,Apr-1999,Apr-1999,Apr-1999,Apr-1999,Apr-1999,Apr-1999,Apr-1999,Apr-1999,Apr-1999,Apr-1999,Apr-1999,Apr-1999,Apr-1999,Apr-1999,Apr-1999,Apr-1999,Apr-1999,Apr-1999,Apr-1999,Apr-1999,Apr-1999,Apr-1999
AREA_TYPE,Region,,,,,,,,,,TO,Apr-1999,Apr-1999,Apr-1999,Apr-1999,Apr-1999,Apr-1999,Apr-1999,Apr-1999,Apr-1999,Apr-1999,Apr-1999,Apr-1999,Apr-1999,Apr-1999,Apr-1999,Apr-1999,Apr-1999,Apr-1999,Apr-1999,Apr-1999,Apr-1999,Apr-1999,Apr-1999,Apr-1999,Apr-1999,Apr-1999,Apr-1999,Apr-1999,Apr-1999,Apr-1999,Apr-1999,Apr-1999,Apr-1999,Apr-1999,Apr-1999,Apr-1999,Apr-1999,Apr-1999,Apr-1999,Apr-1999,Apr-1999,Apr-1999,Apr-1999,Apr-1999,Apr-1999,Apr-1999,Apr-1999,Apr-1999,Apr-1999,Apr-1999,Apr-1999,Apr-1999,Apr-1999,Apr-1999,Apr-1999,Apr-1999,Apr-1999
GEO_HIERARCHY,NeSS Geography Hierarchy,,,,,,,,,,HEADING,All Bulk Classes,Retail Premises,A1 (shops) Retail Use Class,A2 (financial and professional) Retail Use Class,A3 (food and drink) Retail Use Class,AX (other) Retail Use Class,Offices,Commercial Offices,'Other' Offices,Factories,Warehouses,Floorspace; All Bulk Classes,Floorspace; Retail Premises,Floorspace; A1 (shops) Retail Use Class,Floorspace; A2 (financial and professional) Retail Use Class,Floorspace; A3 (food and drink) Retail Use Class,Floorspace; AX (other) Retail Use Class,Floorspace; Offices,Floorspace; Commercial Offices,Floorspace; 'Other' Offices,Floorspace; Factories,Floorspace; Warehouses,Rateable Value; All Bulk Classes,Rateable Value; Retail Premises,Rateable Value; A1 (shops) Retail Use Class,Rateable Value; A2 (financial and professional) Retail Use Class,Rateable Value; A3 (food and drink) Retail Use Class,Rateable Value; AX (other) Retail Use Class,Rateable Value; Offices,Rateable Value; Commercial Offices,Rateable Value; 'Other' Offices,Rateable Value; Factories,Rateable Value; Warehouses,Rateable Value per m2; All Bulk Classes,Rateable Value per m2; Retail Premises,Rateable Value per m2; A1 (shops) Retail Use Class,Rateable Value per m2; A2 (financial and professional) Retail Use Class,Rateable Value per m2; A3 (food and drink) Retail Use Class,Rateable Value per m2; AX (other) Retail Use Class,Rateable Value per m2; Offices,Rateable Value per m2; Commercial Offices,Rateable Value per m2; 'Other' Offices,Rateable Value per m2; Factories,Rateable Value per m2; Warehouses,With Accommodation; All Bulk Classes,With Accommodation; Retail Premises,With Accommodation; Other Bulk Classes,Floorspace; With Accommodation; All Bulk Classes,Floorspace; With Accommodation; Retail Premises,Floorspace; With Accommodation; Other Bulk Classes,Rateable Value; With Accommodation; All Bulk Classes,Rateable Value; With Accommodation; Retail Premises,Rateable Value; With Accommodation; Other Bulk Classes,Rateable Value per m2; With Accommodation; All Bulk Classes,Rateable Value per m2; With Accommodation; Retail Premises,Rateable Value per m2; With Accommodation; Other Bulk Classes,Reliability Indicator
,,,,,,,,,,,MEASUREMENT_UNIT,Count,Count,Count,Count,Count,Count,Count,Count,Count,Count,Count,Square metres (m2)(thousands),Square metres (m2)(thousands),Square metres (m2)(thousands),Square metres (m2)(thousands),Square metres (m2)(thousands),Square metres (m2)(thousands),Square metres (m2)(thousands),Square metres (m2)(thousands),Square metres (m2)(thousands),Square metres (m2)(thousands),Square metres (m2)(thousands),Pounds Sterling (thousands),Pounds Sterling (thousands),Pounds Sterling (thousands),Pounds Sterling (thousands),Pounds Sterling (thousands),Pounds Sterling (thousands),Pounds Sterling (thousands),Pounds Sterling (thousands),Pounds Sterling (thousands),Pounds Sterling (thousands),Pounds Sterling (thousands),Pounds Sterling,Pounds Sterling,Pounds Sterling,Pounds Sterling,Pounds Sterling,Pounds Sterling,Pounds Sterling,Pounds Sterling,Pounds Sterling,Pounds Sterling,Pounds Sterling,Count,Count,Count,Square metres (m2)(thousands),Square metres (m2)(thousands),Square metres (m2)(thousands),Pounds Sterling (thousands),Pounds Sterling (thousands),Pounds Sterling (thousands),Pounds Sterling,Pounds Sterling,Pounds Sterling,None (Reliability Indicator)
,,,,,,,,,,,STATISTICAL_UNIT,Hereditament,Hereditament,Hereditament,Hereditament,Hereditament,Hereditament,Hereditament,Hereditament,Hereditament,Hereditament,Hereditament,Hereditament,Hereditament,Hereditament,Hereditament,Hereditament,Hereditament,Hereditament,Hereditament,Hereditament,Hereditament,Hereditament,Hereditament,Hereditament,Hereditament,Hereditament,Hereditament,Hereditament,Hereditament,Hereditament,Hereditament,Hereditament,Hereditament,Hereditament,Hereditament,Hereditament,Hereditament,Hereditament,Hereditament,Hereditament,Hereditament,Hereditament,Hereditament,Hereditament,Hereditament,Hereditament,Hereditament,Hereditament,Hereditament,Hereditament,Hereditament,Hereditament,Hereditament,Hereditament,Hereditament,Hereditament,None (Reliability Indicator)
UK_CODE,UK_NAME,GB_CODE,GB_NAME,EW_CODE,EW_NAME,CTRY_CODE,CTRY_NAME,GOR_CODE,GOR_NAME,AREA_METADATA,,DATA_VALUE,DATA_VALUE,DATA_VALUE,DATA_VALUE,DATA_VALUE,DATA_VALUE,DATA_VALUE,DATA_VALUE,DATA_VALUE,DATA_VALUE,DATA_VALUE,DATA_VALUE,DATA_VALUE,DATA_VALUE,DATA_VALUE,DATA_VALUE,DATA_VALUE,DATA_VALUE,DATA_VALUE,DATA_VALUE,DATA_VALUE,DATA_VALUE,DATA_VALUE,DATA_VALUE,DATA_VALUE,DATA_VALUE,DATA_VALUE,DATA_VALUE,DATA_VALUE,DATA_VALUE,DATA_VALUE,DATA_VALUE,DATA_VALUE,DATA_VALUE,DATA_VALUE,DATA_VALUE,DATA_VALUE,DATA_VALUE,DATA_VALUE,DATA_VALUE,DATA_VALUE,DATA_VALUE,DATA_VALUE,DATA_VALUE,DATA_VALUE,DATA_VALUE,DATA_VALUE,DATA_VALUE,DATA_VALUE,DATA_VALUE,DATA_VALUE,DATA_VALUE,DATA_VALUE,DATA_VALUE,DATA_VALUE,DATA_VALUE,DATA_VALUE
"213","United Kingdom","078","Great Britain","727","England and Wales","064","England",,,,,1259300,538730,.,.,.,.,283100,233239,49861,249840,187630,515141,97527,.,.,.,.,80060,64356,15704,210027,127527,22006486,7819614,.,.,.,.,6057137,5209112,848025,4631442,3498294,43,80,.,.,.,.,76,81,54,22,27,106404,85605,20799,12271,6773,5498,562625,365233,197392,46,54,36,0
"213","United Kingdom","078","Great Britain","727","England and Wales","220","Wales",,,,,74299,32846,.,.,.,.,14577,10104,4473,15710,11166,28767,5526,.,.,.,.,3071,1831,1240,14657,5513,918305,358492,.,.,.,.,162120,111806,50313,282730,114963,32,65,.,.,.,.,53,61,41,19,21,7648,6048,1600,798,453,345,27611,19425,8186,35,43,24,0
"213","United Kingdom","078","Great Britain","727","England and Wales",,,,,,,1333599,571576,.,.,.,.,297677,243343,54334,265550,198796,543908,103053,.,.,.,.,83131,66188,16944,224684,133039,22924792,8178106,.,.,.,.,6219257,5320918,898338,4914172,3613258,42,79,.,.,.,.,75,80,53,22,27,114052,91653,22399,13069,7226,5843,590236,384658,205578,45,53,35,0
"213","United Kingdom","078","Great Britain","727","England and Wales","064","England","A","North East",,,56685,27217,.,.,.,.,10761,8501,2260,11071,7636,27123,6120,.,.,.,.,2789,1876,913,13232,4983,781068,344550,.,.,.,.,133450,97290,36160,217918,85150,29,56,.,.,.,.,48,52,40,16,17,3854,3382,472,664,495,169,16622,11993,4629,25,24,27,0
"213","United Kingdom","078","Great Britain","727","England and Wales","064","England","B","North West",,,180192,82101,.,.,.,.,35730,28531,7199,34403,27958,82253,14443,.,.,.,.,9239,6990,2249,37164,21407,2591887,988569,.,.,.,.,515967,423116,92850,632984,454368,32,68,.,.,.,.,56,61,41,17,21,16503,14338,2165,1454,854,600,57877,43119,14758,40,50,25,0
"213","United Kingdom","078","Great Britain","727","England and Wales","064","England","D","Yorkshire and The Humber",,,131603,58720,.,.,.,.,24618,19679,4939,26749,21516,61987,11043,.,.,.,.,6154,4594,1560,29454,15337,1920109,724363,.,.,.,.,373046,302651,70395,515474,307226,31,66,.,.,.,.,61,66,45,18,20,11659,9606,2053,1518,821,697,52766,34836,17930,35,42,26,0
"213","United Kingdom","078","Great Britain","727","England and Wales","064","England","E","East Midlands",,,100822,39806,.,.,.,.,17914,13211,4703,26955,16147,49582,7134,.,.,.,.,4400,2934,1466,24462,13586,1548695,497168,.,.,.,.,214514,152662,61851,505164,331850,31,70,.,.,.,.,49,52,42,21,24,9208,6905,2303,962,501,460,34724,22226,12498,36,44,27,0
"213","United Kingdom","078","Great Britain","727","England and Wales","064","England","F","West Midlands",,,132294,52988,.,.,.,.,25587,20839,4748,32732,20987,65873,9797,.,.,.,.,6420,4935,1485,33430,16227,2226189,709461,.,.,.,.,412150,341598,70552,676868,427710,34,72,.,.,.,.,64,69,48,20,26,10371,8502,1869,1251,587,663,45517,29102,16415,36,50,25,0
"213","United Kingdom","078","Great Britain","727","England and Wales","064","England","G","East of England",,,124073,48394,.,.,.,.,27016,22349,4667,28023,20640,50926,9708,.,.,.,.,7354,5885,1469,19846,14018,2260180,806060,.,.,.,.,515226,419145,96082,519965,418929,44,83,.,.,.,.,70,71,65,26,30,10437,7186,3251,1279,608,672,55047,34071,20976,43,56,31,0
"213","United Kingdom","078","Great Britain","727","England and Wales","064","England","H","London",,,227910,100372,.,.,.,.,71983,62758,9225,28532,27023,68145,15443,.,.,.,.,24211,21283,2928,13508,14983,5406704,1807086,.,.,.,.,2456244,2230797,225446,524994,618379,79,117,.,.,.,.,101,105,77,39,41,15180,13018,2162,1744,982,762,139023,82322,56700,80,84,74,0
"213","United Kingdom","078","Great Britain","727","England and Wales","064","England","J","South East",,,180629,75684,.,.,.,.,45129,37552,7577,34783,25033,65511,14088,.,.,.,.,13482,11174,2308,21692,16249,3515850,1228796,.,.,.,.,1055675,924368,131306,652024,579354,54,87,.,.,.,.,78,83,57,30,36,16133,12725,3408,1828,1007,821,100193,64445,35748,55,64,44,0
"213","United Kingdom","078","Great Britain","727","England and Wales","064","England","K","South West",,,125092,53448,.,.,.,.,24362,19819,4543,26592,20690,43740,9753,.,.,.,.,6011,4686,1326,17238,10737,1755805,713561,.,.,.,.,380865,317484,63381,386050,275328,40,73,.,.,.,.,63,68,48,22,26,13059,9943,3116,1571,917,653,60857,43118,17738,39,47,27,0