DATASET_TITLE,"Income Support Claimants, August 2010",,,,,,FROM,Aug-2010,Aug-2010,Aug-2010,Aug-2010,Aug-2010,Aug-2010,Aug-2010,Aug-2010,Aug-2010,Aug-2010,Aug-2010,Aug-2010,Aug-2010,Aug-2010,Aug-2010,Aug-2010,Aug-2010,Aug-2010,Aug-2010,Aug-2010,Aug-2010,Aug-2010,Aug-2010,Aug-2010,Aug-2010,Aug-2010,Aug-2010,Aug-2010
AREA_TYPE,Local Authority,,,,,,TO,Aug-2010,Aug-2010,Aug-2010,Aug-2010,Aug-2010,Aug-2010,Aug-2010,Aug-2010,Aug-2010,Aug-2010,Aug-2010,Aug-2010,Aug-2010,Aug-2010,Aug-2010,Aug-2010,Aug-2010,Aug-2010,Aug-2010,Aug-2010,Aug-2010,Aug-2010,Aug-2010,Aug-2010,Aug-2010,Aug-2010,Aug-2010,Aug-2010
GEO_HIERARCHY,NeSS Geography Hierarchy,,,,,,HEADING,Total,Claimants Aged 16-24,Claimants Aged 16-24,Claimants Aged 25-49,Claimants Aged 25-49,Claimants Aged 50-59,Claimants Aged 50-59,Claimants Aged 60 and Over,Claimants Aged 60 and Over,Male,Male,Female,Female,Claim Duration Less Than 6 Months,Claim Duration 6 Months-1 Year,Claim Duration 1-2 Years,Claim Duration 2-5 Years,Claim Duration 5 Years and Over,Single,Single,Couple,Couple,Working Age Statistical Group; Incapacity Benefits,Working Age Statistical Group; Incapacity Benefits,Working Age Statistical Group; Lone Parent,Working Age Statistical Group; Lone Parent,Working Age Statistical Group; Carers and Others,Working Age Statistical Group; Carers and Others
,,,,,,,MEASUREMENT_UNIT,Count,Count,Percentage,Count,Percentage,Count,Percentage,Count,Percentage,Count,Percentage,Count,Percentage,Count,Count,Count,Count,Count,Count,Percentage,Count,Percentage,Count,Percentage,Count,Percentage,Count,Percentage
,,,,,,,STATISTICAL_UNIT,Persons,Persons,Persons,Persons,Persons,Persons,Persons,Persons,Persons,Persons,Persons,Persons,Persons,Persons,Persons,Persons,Persons,Persons,Persons,Persons,Persons,Persons,Persons,Persons,Persons,Persons,Persons,Persons
GOR_CODE,GOR_NAME,CTY_CODE,CTY_NAME,LA_CODE,LA_NAME,AREA_METADATA,,DATA_VALUE,DATA_VALUE,DATA_VALUE,DATA_VALUE,DATA_VALUE,DATA_VALUE,DATA_VALUE,DATA_VALUE,DATA_VALUE,DATA_VALUE,DATA_VALUE,DATA_VALUE,DATA_VALUE,DATA_VALUE,DATA_VALUE,DATA_VALUE,DATA_VALUE,DATA_VALUE,DATA_VALUE,DATA_VALUE,DATA_VALUE,DATA_VALUE,DATA_VALUE,DATA_VALUE,DATA_VALUE,DATA_VALUE,DATA_VALUE,DATA_VALUE
"A","North East",,,"00CH","Gateshead",,,7580,1150,15,4580,60,1800,24,50,1,2840,37,4740,63,660,500,840,1840,3740,1160,15,6420,85,4130,54,2530,33,920,12
"A","North East",,,"00CJ","Newcastle upon Tyne",,,11470,1670,15,6980,61,2770,24,50,0,4110,36,7360,64,920,710,1180,2720,5940,1520,13,9950,87,6230,54,3920,34,1320,12
"A","North East",,,"00CK","North Tyneside",,,6140,1000,16,3720,61,1370,22,40,1,2020,33,4120,67,640,480,750,1530,2740,790,13,5350,87,3110,51,2290,37,740,12
"A","North East",,,"00CL","South Tyneside",,,6420,1060,17,3740,58,1580,25,40,1,2110,33,4310,67,590,440,700,1610,3070,830,13,5590,87,3230,50,2360,37,820,13
"A","North East",,,"00CM","Sunderland",,,11500,1860,16,6740,59,2850,25,50,0,4170,36,7330,64,1130,750,1310,2670,5640,1960,17,9540,83,6140,53,3830,33,1530,13
"A","North East",,,"00EB","Hartlepool",,,4380,800,18,2510,57,1050,24,20,0,1480,34,2900,66,440,320,460,1100,2060,740,17,3630,83,2290,52,1580,36,500,11
"A","North East",,,"00EC","Middlesbrough",,,7560,1300,17,4510,60,1710,23,40,1,2360,31,5190,69,670,490,780,1860,3750,1040,14,6520,86,3800,50,2890,38,860,11
"A","North East",,,"00EE","Redcar and Cleveland",,,5370,900,17,3200,60,1240,23,30,1,1790,33,3580,67,540,340,580,1230,2680,880,16,4490,84,2840,53,1920,36,620,12
"A","North East",,,"00EF","Stockton-on-Tees",,,6530,1130,17,3920,60,1440,22,40,1,2130,33,4400,67,630,450,780,1660,3000,950,15,5590,86,3220,49,2540,39,780,12
"A","North East",,,"00EH","Darlington",,,3440,550,16,2080,60,790,23,20,1,1210,35,2240,65,370,230,410,840,1600,430,13,3010,88,1830,53,1240,36,370,11
"A","North East",,,"00EJ","Durham",,,17700,2880,16,10490,59,4200,24,140,1,6370,36,11330,64,1650,1280,2060,4090,8610,3160,18,14540,82,9640,54,5890,33,2170,12
"A","North East",,,"00EM","Northumberland",,,7870,1240,16,4860,62,1740,22,40,1,2770,35,5100,65,860,590,940,1910,3570,1220,16,6660,85,4130,52,2720,35,1020,13
"B","North West",,,"00BL","Bolton",,,10260,1530,15,6230,61,2450,24,60,1,3820,37,6440,63,890,690,1140,2700,4840,1630,16,8630,84,5960,58,3320,32,980,10
"B","North West",,,"00BM","Bury",,,5820,880,15,3630,62,1290,22,30,1,2190,38,3630,62,530,360,730,1460,2740,770,13,5050,87,3420,59,1850,32,550,9
"B","North West",,,"00BN","Manchester",,,28840,4000,14,18060,63,6620,23,160,1,10280,36,18560,64,2030,1590,2830,6900,15490,3080,11,25760,89,16350,57,9850,34,2640,9
"B","North West",,,"00BP","Oldham",,,8720,1380,16,5290,61,2000,23,40,0,2970,34,5750,66,740,650,1030,2190,4110,1410,16,7310,84,4630,53,3250,37,840,10
"B","North West",,,"00BQ","Rochdale",,,9250,1400,15,5620,61,2180,24,50,1,3280,35,5960,64,810,560,1010,2330,4530,1480,16,7770,84,5310,57,3070,33,870,9
"B","North West",,,"00BR","Salford",,,11390,1720,15,7080,62,2520,22,80,1,4180,37,7210,63,870,680,1160,2680,6000,1320,12,10070,88,6600,58,3860,34,930,8
"B","North West",,,"00BS","Stockport",,,7450,1140,15,4620,62,1660,22,30,0,2570,34,4880,66,660,470,850,1930,3530,800,11,6660,89,4150,56,2660,36,640,9
"B","North West",,,"00BT","Tameside",,,8410,1350,16,5180,62,1840,22,40,0,2930,35,5470,65,800,590,950,2130,3940,1210,14,7200,86,4740,56,2970,35,700,8
"B","North West",,,"00BU","Trafford",,,5640,760,13,3500,62,1350,24,30,1,2010,36,3630,64,480,320,630,1350,2850,620,11,5020,89,3270,58,1910,34,460,8
"B","North West",,,"00BW","Wigan",,,10420,1740,17,6380,61,2240,21,50,0,3780,36,6640,64,1030,720,1230,2760,4680,1670,16,8750,84,5920,57,3460,33,1040,10
"B","North West",,,"00BX","Knowsley",,,9750,1160,12,5940,61,2590,27,60,1,3300,34,6450,66,660,500,850,2250,5490,1220,13,8530,87,5430,56,3200,33,1120,11
"B","North West",,,"00BY","Liverpool",,,28680,3160,11,17630,61,7730,27,170,1,10540,37,18140,63,1840,1490,2410,6500,16440,2740,10,25940,90,17210,60,8550,30,2920,10
"B","North West",,,"00BZ","St. Helens",,,7520,1300,17,4510,60,1660,22,50,1,2730,36,4790,64,660,510,820,1890,3630,1190,16,6330,84,4110,55,2540,34,870,12
"B","North West",,,"00CA","Sefton",,,9950,1160,12,6110,61,2610,26,60,1,3720,37,6230,63,760,550,940,2250,5450,1090,11,8860,89,5980,60,2940,30,1020,10
"B","North West",,,"00CB","Wirral",,,13800,1950,14,8540,62,3240,23,70,1,4860,35,8940,65,1120,840,1350,3360,7120,1520,11,12280,89,7560,55,4740,34,1500,11
"B","North West",,,"00EQ","Cheshire East",,,6570,980,15,4180,64,1370,21,40,1,2320,35,4260,65,660,440,790,1730,2950,770,12,5800,88,3620,55,2410,37,540,8
"B","North West",,,"00ET","Halton",,,5720,910,16,3460,60,1300,23,50,1,1820,32,3900,68,510,370,640,1400,2800,820,14,4900,86,3040,53,2110,37,560,10
"B","North West",,,"00EU","Warrington",,,4960,770,16,3090,62,1070,22,30,1,1840,37,3130,63,510,390,590,1260,2220,670,14,4290,86,2800,56,1680,34,480,10
"B","North West",,,"00EW","Cheshire West and Chester",,,8280,1180,14,5140,62,1900,23,60,1,2930,35,5350,65,850,540,890,2060,3940,1080,13,7200,87,4610,56,2930,35,750,9
"B","North West",,,"00EX","Blackburn with Darwen",,,6460,860,13,3950,61,1620,25,40,1,2470,38,3990,62,550,390,650,1690,3180,1210,19,5250,81,3800,59,2000,31,660,10
"B","North West",,,"00EY","Blackpool",,,7430,1120,15,4540,61,1720,23,40,1,3000,40,4420,59,670,520,840,1930,3470,1050,14,6370,86,4430,60,2270,31,720,10
"B","North West","16","Cumbria","16UB","Allerdale",,,2470,360,15,1500,61,590,24,10,0,890,36,1570,64,220,180,270,590,1210,380,15,2090,85,1390,56,800,32,270,11
"B","North West","16","Cumbria","16UC","Barrow-in-Furness",,,2700,410,15,1660,61,610,23,20,1,1020,38,1680,62,240,150,280,660,1360,420,16,2280,84,1640,61,780,29,280,10
"B","North West","16","Cumbria","16UD","Carlisle",,,2890,460,16,1740,60,680,24,10,0,1030,36,1850,64,310,200,330,720,1330,410,14,2480,86,1660,57,940,33,280,10
"B","North West","16","Cumbria","16UE","Copeland",,,2170,340,16,1270,59,540,25,10,0,800,37,1360,63,180,120,200,560,1100,340,16,1830,84,1260,58,680,31,230,11
"B","North West","16","Cumbria","16UF","Eden",,,660,80,12,410,62,170,26,0,0,270,41,390,59,60,40,70,180,310,80,12,580,88,400,61,190,29,70,11
"B","North West","16","Cumbria","16UG","South Lakeland",,,1230,150,12,780,63,290,24,10,1,470,38,770,63,120,80,150,310,570,150,12,1080,88,760,62,360,29,110,9
"B","North West","30","Lancashire","30UD","Burnley",,,3950,650,16,2390,61,890,23,20,1,1410,36,2540,64,330,250,450,970,1940,600,15,3350,85,2280,58,1330,34,340,9
"B","North West","30","Lancashire","30UE","Chorley",,,2290,330,14,1410,62,540,24,10,0,870,38,1420,62,280,150,270,530,1080,290,13,2010,88,1350,59,740,32,200,9
"B","North West","30","Lancashire","30UF","Fylde",,,1430,140,10,920,64,360,25,10,1,580,41,850,59,140,100,150,340,700,190,13,1240,87,950,66,350,24,130,9
"B","North West","30","Lancashire","30UG","Hyndburn",,,3280,510,16,2010,61,750,23,10,0,1230,38,2050,63,320,210,340,820,1580,500,15,2780,85,1910,58,1050,32,330,10
"B","North West","30","Lancashire","30UH","Lancaster",,,3980,550,14,2460,62,960,24,20,1,1470,37,2510,63,330,260,480,1050,1870,490,12,3490,88,2310,58,1320,33,350,9
"B","North West","30","Lancashire","30UJ","Pendle",,,3100,450,15,1850,60,780,25,20,1,1160,37,1940,63,290,210,340,800,1470,580,19,2530,82,1890,61,900,29,310,10
"B","North West","30","Lancashire","30UK","Preston",,,5100,780,15,3110,61,1180,23,20,0,1870,37,3230,63,480,340,560,1310,2420,770,15,4320,85,2910,57,1680,33,510,10
"B","North West","30","Lancashire","30UL","Ribble Valley",,,630,80,13,420,67,130,21,0,0,280,44,350,56,70,50,60,160,290,60,10,570,90,420,67,160,25,40,6
"B","North West","30","Lancashire","30UM","Rossendale",,,2090,310,15,1280,61,490,23,10,0,770,37,1320,63,200,150,230,540,980,290,14,1800,86,1230,59,670,32,190,9
"B","North West","30","Lancashire","30UN","South Ribble",,,2050,350,17,1290,63,410,20,10,0,710,35,1350,66,220,170,260,530,880,250,12,1800,88,1150,56,730,36,180,9
"B","North West","30","Lancashire","30UP","West Lancashire",,,2990,430,14,1830,61,710,24,10,0,1010,34,1970,66,280,210,340,730,1430,380,13,2600,87,1550,52,1110,37,330,11
"B","North West","30","Lancashire","30UQ","Wyre",,,2450,350,14,1500,61,590,24,10,0,910,37,1540,63,230,190,300,580,1150,410,17,2040,83,1430,58,740,30,270,11
"D","Yorkshire and The Humber",,,"00CC","Barnsley",,,8760,1380,16,5310,61,2030,23,50,1,3310,38,5450,62,820,580,1000,2120,4250,1650,19,7110,81,4950,57,2900,33,910,10
"D","Yorkshire and The Humber",,,"00CE","Doncaster",,,10540,1830,17,6350,60,2290,22,60,1,3570,34,6970,66,1090,800,1300,2570,4780,1860,18,8680,82,5590,53,3790,36,1170,11
"D","Yorkshire and The Humber",,,"00CF","Rotherham",,,9100,1430,16,5540,61,2070,23,60,1,3320,36,5780,64,850,610,980,2250,4410,1740,19,7360,81,4970,55,3050,34,1080,12
"D","Yorkshire and The Humber",,,"00CG","Sheffield",,,18400,2820,15,11520,63,3970,22,90,0,6620,36,11790,64,1530,1180,2070,4530,9090,2670,15,15730,85,10090,55,6230,34,2080,11
"D","Yorkshire and The Humber",,,"00CX","Bradford",,,19350,3060,16,11790,61,4380,23,120,1,6520,34,12820,66,1750,1330,2240,5030,9000,3160,16,16180,84,10060,52,7140,37,2150,11
"D","Yorkshire and The Humber",,,"00CY","Calderdale",,,6110,1020,17,3700,61,1340,22,40,1,2080,34,4030,66,650,450,710,1620,2680,860,14,5250,86,3250,53,2260,37,590,10
"D","Yorkshire and The Humber",,,"00CZ","Kirklees",,,12450,2140,17,7540,61,2700,22,60,0,4200,34,8250,66,1220,820,1490,3260,5660,1890,15,10560,85,6530,52,4630,37,1280,10
"D","Yorkshire and The Humber",,,"00DA","Leeds",,,22900,4030,18,14090,62,4660,20,120,1,7360,32,15550,68,2360,1580,2750,6220,9990,2740,12,20160,88,11580,51,9070,40,2250,10
"D","Yorkshire and The Humber",,,"00DB","Wakefield",,,10680,1760,16,6490,61,2390,22,50,0,3790,35,6890,65,1040,740,1280,2730,4890,1720,16,8960,84,5820,54,3770,35,1090,10
"D","Yorkshire and The Humber",,,"00FA","Kingston upon Hull, City of",,,12120,2300,19,7200,59,2550,21,80,1,4070,34,8050,66,1210,830,1370,3230,5480,1790,15,10330,85,6040,50,4660,38,1420,12
"D","Yorkshire and The Humber",,,"00FB","East Riding of Yorkshire",,,5790,830,14,3510,61,1400,24,40,1,2080,36,3710,64,680,450,690,1350,2620,860,15,4930,85,3160,55,1970,34,660,11
"D","Yorkshire and The Humber",,,"00FC","North East Lincolnshire",,,6170,1260,20,3710,60,1170,19,30,0,1970,32,4200,68,700,470,740,1640,2630,890,14,5270,85,2870,47,2540,41,750,12
"D","Yorkshire and The Humber",,,"00FD","North Lincolnshire",,,4350,770,18,2590,60,960,22,20,0,1420,33,2930,67,510,390,510,1110,1830,710,16,3640,84,2140,49,1750,40,450,10
"D","Yorkshire and The Humber",,,"00FF","York",,,3420,560,16,2190,64,660,19,20,1,1150,34,2270,66,390,260,430,850,1490,330,10,3100,91,1830,54,1310,38,280,8
"D","Yorkshire and The Humber","36","North Yorkshire","36UB","Craven",,,680,90,13,410,60,170,25,10,1,240,35,450,66,90,50,70,190,270,80,12,610,90,380,56,230,34,70,10
"D","Yorkshire and The Humber","36","North Yorkshire","36UC","Hambleton",,,1050,160,15,650,62,240,23,10,1,350,33,700,67,120,100,130,240,460,130,12,930,89,540,51,420,40,90,9
"D","Yorkshire and The Humber","36","North Yorkshire","36UD","Harrogate",,,2100,250,12,1380,66,450,21,0,0,790,38,1300,62,230,160,240,430,1030,190,9,1910,91,1250,60,660,31,180,9
"D","Yorkshire and The Humber","36","North Yorkshire","36UE","Richmondshire",,,580,90,16,360,62,120,21,0,0,180,31,400,69,80,60,80,140,220,60,10,520,90,260,45,250,43,60,10
"D","Yorkshire and The Humber","36","North Yorkshire","36UF","Ryedale",,,610,90,15,350,57,160,26,0,0,200,33,400,66,80,50,80,130,270,110,18,500,82,330,54,190,31,80,13
"D","Yorkshire and The Humber","36","North Yorkshire","36UG","Scarborough",,,3230,480,15,1900,59,830,26,20,1,1210,37,2020,63,350,270,340,770,1510,490,15,2740,85,1820,56,990,31,420,13
"D","Yorkshire and The Humber","36","North Yorkshire","36UH","Selby",,,1200,210,18,740,62,250,21,10,1,340,28,860,72,140,120,190,310,440,160,13,1040,87,560,47,530,44,120,10
"E","East Midlands",,,"00FK","Derby",,,8740,1410,16,5490,63,1810,21,30,0,2970,34,5780,66,830,560,1010,2440,3910,1250,14,7490,86,4680,54,3300,38,760,9
"E","East Midlands",,,"00FN","Leicester",,,13480,1960,15,8410,62,3040,23,70,1,4370,32,9120,68,1020,860,1460,3880,6280,2050,15,11440,85,6870,51,5240,39,1370,10
"E","East Midlands",,,"00FP","Rutland",,,370,40,11,250,68,70,19,0,0,130,35,240,65,50,30,30,80,170,40,11,330,89,200,54,150,41,20,5
"E","East Midlands",,,"00FY","Nottingham",,,14710,2420,16,9190,62,3020,21,70,0,5010,34,9690,66,1150,870,1450,3850,7400,1810,12,12900,88,7760,53,5690,39,1260,9
"E","East Midlands","17","Derbyshire","17UB","Amber Valley",,,2830,370,13,1830,65,620,22,10,0,1000,35,1830,65,260,210,350,760,1260,480,17,2350,83,1520,54,1050,37,270,10
"E","East Midlands","17","Derbyshire","17UC","Bolsover",,,2580,350,14,1630,63,590,23,10,0,990,38,1590,62,210,160,280,690,1240,540,21,2040,79,1480,57,830,32,270,10
"E","East Midlands","17","Derbyshire","17UD","Chesterfield",,,3670,520,14,2260,62,860,23,30,1,1490,41,2170,59,340,230,400,960,1740,600,16,3070,84,2210,60,1060,29,400,11
"E","East Midlands","17","Derbyshire","17UF","Derbyshire Dales",,,890,90,10,590,66,190,21,10,1,340,38,550,62,100,60,100,220,400,130,15,760,85,510,57,300,34,70,8
"E","East Midlands","17","Derbyshire","17UG","Erewash",,,2800,500,18,1710,61,580,21,10,0,910,33,1890,68,300,220,360,750,1180,430,15,2370,85,1400,50,1120,40,280,10
"E","East Midlands","17","Derbyshire","17UH","High Peak",,,1980,320,16,1210,61,430,22,10,1,690,35,1290,65,200,140,230,500,900,260,13,1720,87,1120,57,670,34,190,10
"E","East Midlands","17","Derbyshire","17UJ","North East Derbyshire",,,2240,290,13,1410,63,530,24,10,0,880,39,1370,61,220,150,230,560,1080,450,20,1800,80,1270,57,680,30,290,13
"E","East Midlands","17","Derbyshire","17UK","South Derbyshire",,,1790,320,18,1130,63,330,18,10,1,540,30,1250,70,180,160,260,470,720,290,16,1500,84,900,50,720,40,180,10
"E","East Midlands","31","Leicestershire","31UB","Blaby",,,1220,190,16,770,63,260,21,0,0,400,33,820,67,130,80,170,320,520,150,12,1070,88,630,52,470,39,120,10
"E","East Midlands","31","Leicestershire","31UC","Charnwood",,,3010,540,18,1870,62,590,20,20,1,1000,33,2010,67,340,240,400,820,1210,380,13,2620,87,1570,52,1140,38,300,10
"E","East Midlands","31","Leicestershire","31UD","Harborough",,,850,90,11,570,67,190,22,0,0,260,31,590,69,90,80,100,180,400,90,11,760,89,460,54,320,38,70,8
"E","East Midlands","31","Leicestershire","31UE","Hinckley and Bosworth",,,1710,280,16,1090,64,330,19,10,1,520,30,1190,70,200,140,240,480,650,240,14,1470,86,870,51,650,38,190,11
"E","East Midlands","31","Leicestershire","31UG","Melton",,,670,140,21,410,61,120,18,10,1,200,30,470,70,80,60,120,150,260,80,12,590,88,290,43,310,46,70,10
"E","East Midlands","31","Leicestershire","31UH","North West Leicestershire",,,1790,260,15,1160,65,360,20,10,1,620,35,1170,65,180,150,230,440,790,320,18,1470,82,940,53,650,36,200,11
"E","East Midlands","31","Leicestershire","31UJ","Oadby and Wigston",,,920,180,20,580,63,160,17,0,0,250,27,680,74,90,70,140,280,350,90,10,830,90,430,47,410,45,80,9
"E","East Midlands","32","Lincolnshire","32UB","Boston",,,1550,250,16,940,61,360,23,10,1,540,35,1010,65,160,130,180,400,690,280,18,1280,83,860,55,570,37,130,8
"E","East Midlands","32","Lincolnshire","32UC","East Lindsey",,,4010,520,13,2410,60,1060,26,30,1,1590,40,2420,60,390,280,450,1000,1890,990,25,3030,76,2450,61,1100,27,470,12
"E","East Midlands","32","Lincolnshire","32UD","Lincoln",,,3470,560,16,2190,63,690,20,20,1,1240,36,2230,64,340,260,400,900,1570,490,14,2980,86,1860,54,1270,37,340,10
"E","East Midlands","32","Lincolnshire","32UE","North Kesteven",,,1490,230,15,930,62,320,21,10,1,490,33,1000,67,190,130,200,360,610,250,17,1240,83,780,52,540,36,170,11
"E","East Midlands","32","Lincolnshire","32UF","South Holland",,,1550,200,13,980,63,360,23,10,1,520,34,1040,67,170,120,210,390,660,280,18,1270,82,790,51,620,40,140,9
"E","East Midlands","32","Lincolnshire","32UG","South Kesteven",,,2360,410,17,1480,63,470,20,10,0,740,31,1630,69,280,220,320,620,920,300,13,2070,88,1150,49,970,41,240,10
"E","East Midlands","32","Lincolnshire","32UH","West Lindsey",,,1890,280,15,1180,62,420,22,10,1,690,37,1200,63,190,130,230,480,860,330,17,1560,83,1060,56,670,35,160,8
"E","East Midlands","34","Northamptonshire","34UB","Corby",,,1990,390,20,1200,60,390,20,10,1,580,29,1420,71,230,170,270,560,770,190,10,1800,90,920,46,880,44,190,10
"E","East Midlands","34","Northamptonshire","34UC","Daventry",,,1160,200,17,750,65,210,18,0,0,320,28,840,72,140,100,150,360,410,150,13,1010,87,550,47,510,44,110,9
"E","East Midlands","34","Northamptonshire","34UD","East Northamptonshire",,,1470,250,17,920,63,290,20,10,1,460,31,1010,69,180,120,190,410,570,180,12,1290,88,710,48,630,43,130,9
"E","East Midlands","34","Northamptonshire","34UE","Kettering",,,2120,360,17,1370,65,380,18,10,0,640,30,1480,70,240,180,310,590,790,270,13,1850,87,1040,49,880,42,190,9
"E","East Midlands","34","Northamptonshire","34UF","Northampton",,,6270,1060,17,4000,64,1180,19,30,0,2000,32,4280,68,630,440,770,1750,2690,650,10,5620,90,3120,50,2660,42,500,8
"E","East Midlands","34","Northamptonshire","34UG","South Northamptonshire",,,720,100,14,470,65,150,21,10,1,220,31,510,71,100,60,110,180,270,80,11,640,89,360,50,300,42,60,8
"E","East Midlands","34","Northamptonshire","34UH","Wellingborough",,,2030,390,19,1260,62,370,18,10,0,610,30,1420,70,270,160,270,540,790,210,10,1820,90,950,47,910,45,170,8
"E","East Midlands","37","Nottinghamshire","37UB","Ashfield",,,3940,610,15,2520,64,790,20,20,1,1360,35,2580,65,360,260,470,1090,1760,650,16,3290,84,2100,53,1500,38,350,9
"E","East Midlands","37","Nottinghamshire","37UC","Bassetlaw",,,3120,460,15,1950,63,680,22,20,1,1170,38,1950,63,290,180,320,830,1500,520,17,2600,83,1860,60,970,31,280,9
"E","East Midlands","37","Nottinghamshire","37UD","Broxtowe",,,2190,370,17,1340,61,470,21,10,0,760,35,1430,65,210,140,280,580,990,320,15,1870,85,1210,55,770,35,210,10
"E","East Midlands","37","Nottinghamshire","37UE","Gedling",,,2530,390,15,1590,63,540,21,10,0,820,32,1710,68,250,160,290,660,1180,270,11,2260,89,1320,52,1000,40,210,8
"E","East Midlands","37","Nottinghamshire","37UF","Mansfield",,,3980,580,15,2540,64,840,21,20,1,1530,38,2450,62,390,250,440,1050,1850,740,19,3240,81,2360,59,1250,31,370,9
"E","East Midlands","37","Nottinghamshire","37UG","Newark and Sherwood",,,2810,430,15,1740,62,620,22,10,0,990,35,1820,65,290,190,310,690,1320,450,16,2360,84,1540,55,950,34,320,11
"E","East Midlands","37","Nottinghamshire","37UJ","Rushcliffe",,,1320,170,13,830,63,310,23,10,1,520,39,800,61,120,80,140,340,640,140,11,1180,89,790,60,430,33,100,8
"F","West Midlands",,,"00CN","Birmingham",,,48190,6850,14,30840,64,10280,21,210,0,15420,32,32770,68,3960,2860,5290,12420,23650,6370,13,41820,87,23180,48,19580,41,5430,11
"F","West Midlands",,,"00CQ","Coventry",,,11960,1890,16,7570,63,2440,20,60,1,3770,32,8190,68,1030,800,1380,3100,5660,1310,11,10640,89,5830,49,4960,41,1180,10
"F","West Midlands",,,"00CR","Dudley",,,8950,1460,16,5530,62,1910,21,50,1,3040,34,5910,66,780,600,1050,2420,4090,1480,17,7470,83,4360,49,3580,40,1010,11
"F","West Midlands",,,"00CS","Sandwell",,,12850,2060,16,7920,62,2800,22,70,1,4300,33,8550,67,1090,840,1510,3530,5880,2230,17,10630,83,6230,48,5100,40,1520,12
"F","West Midlands",,,"00CT","Solihull",,,4760,840,18,3020,63,880,18,20,0,1420,30,3340,70,430,340,580,1190,2210,460,10,4290,90,2270,48,2070,43,420,9
"F","West Midlands",,,"00CU","Walsall",,,10150,1780,18,6170,61,2130,21,60,1,3310,33,6840,67,960,700,1180,2800,4510,1900,19,8250,81,4910,48,4040,40,1200,12
"F","West Midlands",,,"00CW","Wolverhampton",,,10630,1820,17,6580,62,2180,21,50,0,3410,32,7220,68,910,710,1170,2810,5020,1590,15,9040,85,5140,48,4330,41,1160,11
"F","West Midlands",,,"00GA","Herefordshire, County of",,,3650,520,14,2310,63,810,22,20,1,1340,37,2310,63,310,270,450,900,1720,530,15,3120,85,2110,58,1200,33,350,10
"F","West Midlands",,,"00GF","Telford and Wrekin",,,5840,1090,19,3560,61,1150,20,40,1,1830,31,4010,69,620,440,710,1500,2570,1050,18,4790,82,2850,49,2360,40,620,11
"F","West Midlands",,,"00GG","Shropshire",,,5340,670,13,3320,62,1320,25,30,1,1960,37,3380,63,510,360,600,1340,2540,770,14,4580,86,3130,59,1740,33,480,9
"F","West Midlands",,,"00GL","Stoke-on-Trent",,,10740,1880,18,6490,60,2310,22,60,1,3810,35,6920,64,950,700,1120,2590,5370,1830,17,8910,83,6000,56,3710,35,1030,10
"F","West Midlands","41","Staffordshire","41UB","Cannock Chase",,,2600,450,17,1580,61,570,22,20,1,890,34,1710,66,260,200,360,690,1080,490,19,2120,82,1340,52,970,37,290,11
"F","West Midlands","41","Staffordshire","41UC","East Staffordshire",,,2630,470,18,1640,62,510,19,10,0,860,33,1770,67,260,190,350,730,1110,370,14,2260,86,1370,52,1010,38,250,10
"F","West Midlands","41","Staffordshire","41UD","Lichfield",,,1700,300,18,1070,63,330,19,10,1,580,34,1120,66,190,140,220,430,720,270,16,1430,84,850,50,670,39,180,11
"F","West Midlands","41","Staffordshire","41UE","Newcastle-under-Lyme",,,3050,460,15,1830,60,740,24,20,1,1120,37,1930,63,290,200,340,770,1440,510,17,2530,83,1730,57,1000,33,310,10
"F","West Midlands","41","Staffordshire","41UF","South Staffordshire",,,1530,250,16,940,61,340,22,10,1,520,34,1010,66,170,110,200,350,700,220,14,1310,86,770,50,590,39,170,11
"F","West Midlands","41","Staffordshire","41UG","Stafford",,,2170,350,16,1370,63,440,20,10,0,770,35,1410,65,250,170,280,530,930,260,12,1920,88,1160,53,770,35,240,11
"F","West Midlands","41","Staffordshire","41UH","Staffordshire Moorlands",,,1660,200,12,1020,61,430,26,10,1,650,39,1010,61,150,110,150,390,860,240,14,1420,86,1070,64,470,28,120,7
"F","West Midlands","41","Staffordshire","41UK","Tamworth",,,2100,400,19,1280,61,400,19,10,0,580,28,1510,72,240,180,300,550,830,320,15,1780,85,900,43,950,45,240,11
"F","West Midlands","44","Warwickshire","44UB","North Warwickshire",,,1170,170,15,740,63,250,21,20,2,390,33,770,66,130,100,150,280,510,200,17,960,82,570,49,440,38,150,13
"F","West Midlands","44","Warwickshire","44UC","Nuneaton and Bedworth",,,3500,640,18,2160,62,700,20,10,0,1130,32,2370,68,360,260,470,910,1500,550,16,2950,84,1660,47,1480,42,360,10
"F","West Midlands","44","Warwickshire","44UD","Rugby",,,1780,350,20,1100,62,330,19,10,1,540,30,1240,70,210,160,240,440,730,190,11,1590,89,800,45,810,46,170,10
"F","West Midlands","44","Warwickshire","44UE","Stratford-on-Avon",,,1580,180,11,1050,66,350,22,10,1,550,35,1030,65,160,110,210,420,690,190,12,1390,88,850,54,570,36,160,10
"F","West Midlands","44","Warwickshire","44UF","Warwick",,,2180,310,14,1400,64,450,21,10,0,760,35,1420,65,210,160,260,530,1020,190,9,1980,91,1140,52,830,38,210,10
"F","West Midlands","47","Worcestershire","47UB","Bromsgrove",,,1230,180,15,790,64,240,20,10,1,440,36,790,64,120,90,160,300,550,130,11,1090,89,660,54,440,36,120,10
"F","West Midlands","47","Worcestershire","47UC","Malvern Hills",,,1340,170,13,860,64,300,22,10,1,490,37,850,63,130,90,170,350,600,230,17,1110,83,780,58,430,32,140,10
"F","West Midlands","47","Worcestershire","47UD","Redditch",,,2290,360,16,1450,63,470,21,10,0,700,31,1590,69,250,190,280,660,920,340,15,1950,85,1090,48,950,41,250,11
"F","West Midlands","47","Worcestershire","47UE","Worcester",,,2480,420,17,1530,62,520,21,10,0,820,33,1670,67,260,190,330,680,1030,330,13,2150,87,1250,50,960,39,270,11
"F","West Midlands","47","Worcestershire","47UF","Wychavon",,,1810,260,14,1170,65,370,20,10,1,620,34,1190,66,180,130,230,450,810,290,16,1520,84,950,52,670,37,190,10
"F","West Midlands","47","Worcestershire","47UG","Wyre Forest",,,2610,420,16,1620,62,550,21,10,0,910,35,1700,65,260,180,300,730,1140,400,15,2210,85,1410,54,960,37,250,10
"G","East of England",,,"00JA","Peterborough",,,6260,1160,19,3900,62,1170,19,20,0,1970,31,4280,68,580,450,780,1700,2740,800,13,5460,87,3070,49,2550,41,640,10
"G","East of England",,,"00KA","Luton",,,6560,900,14,4210,64,1430,22,30,0,2060,31,4490,68,560,460,790,1880,2870,900,14,5660,86,3170,48,2840,43,550,8
"G","East of England",,,"00KB","Bedford",,,4070,630,15,2630,65,790,19,20,0,1300,32,2770,68,380,300,490,1030,1880,420,10,3650,90,2050,50,1690,42,330,8
"G","East of England",,,"00KC","Central Bedfordshire",,,4290,710,17,2790,65,760,18,30,1,1230,29,3060,71,470,320,590,1200,1710,440,10,3850,90,1910,45,2060,48,310,7
"G","East of England",,,"00KF","Southend-on-Sea",,,5900,810,14,3800,64,1270,22,20,0,2070,35,3830,65,470,390,690,1580,2760,600,10,5300,90,3220,55,2180,37,500,8
"G","East of England",,,"00KG","Thurrock",,,4540,810,18,2900,64,810,18,20,0,1200,26,3330,73,520,360,590,1160,1910,540,12,3990,88,1910,42,2240,49,380,8
"G","East of England","12","Cambridgeshire","12UB","Cambridge",,,2500,360,14,1640,66,490,20,10,0,990,40,1520,61,190,150,230,680,1250,210,8,2290,92,1530,61,790,32,180,7
"G","East of England","12","Cambridgeshire","12UC","East Cambridgeshire",,,1160,140,12,750,65,260,22,10,1,340,29,820,71,130,90,160,260,520,140,12,1020,88,560,48,500,43,90,8
"G","East of England","12","Cambridgeshire","12UD","Fenland",,,2610,390,15,1650,63,550,21,20,1,840,32,1770,68,250,200,300,730,1130,460,18,2150,82,1380,53,990,38,240,9
"G","East of England","12","Cambridgeshire","12UE","Huntingdonshire",,,2560,400,16,1690,66,440,17,20,1,830,32,1730,68,300,200,330,680,1050,330,13,2220,87,1280,50,1040,41,230,9
"G","East of England","12","Cambridgeshire","12UG","South Cambridgeshire",,,1690,210,12,1160,69,320,19,0,0,550,33,1140,67,150,110,190,430,800,170,10,1520,90,910,54,670,40,110,7
"G","East of England","22","Essex","22UB","Basildon",,,5800,880,15,3780,65,1100,19,30,1,1690,29,4110,71,520,440,690,1440,2710,720,12,5080,88,2800,48,2480,43,520,9
"G","East of England","22","Essex","22UC","Braintree",,,3060,500,16,1960,64,580,19,20,1,950,31,2110,69,310,240,420,800,1290,390,13,2670,87,1530,50,1300,42,230,8
"G","East of England","22","Essex","22UD","Brentwood",,,1120,130,12,740,66,240,21,0,0,340,30,780,70,80,70,130,310,530,100,9,1020,91,610,54,440,39,60,5
"G","East of England","22","Essex","22UE","Castle Point",,,1880,300,16,1190,63,390,21,10,1,580,31,1300,69,190,130,270,470,820,240,13,1640,87,910,48,800,43,180,10
"G","East of England","22","Essex","22UF","Chelmsford",,,2900,430,15,1930,67,530,18,10,0,880,30,2020,70,320,190,380,820,1210,270,9,2630,91,1450,50,1230,42,220,8
"G","East of England","22","Essex","22UG","Colchester",,,4270,720,17,2770,65,770,18,10,0,1420,33,2850,67,420,310,510,1120,1900,410,10,3860,90,2280,53,1650,39,340,8
"G","East of England","22","Essex","22UH","Epping Forest",,,2510,270,11,1710,68,520,21,10,0,740,29,1780,71,230,190,340,650,1100,270,11,2240,89,1170,47,1120,45,220,9
"G","East of England","22","Essex","22UJ","Harlow",,,2640,460,17,1670,63,500,19,10,0,720,27,1920,73,270,230,310,730,1100,260,10,2370,90,1160,44,1230,47,240,9
"G","East of England","22","Essex","22UK","Maldon",,,1010,120,12,650,64,230,23,10,1,360,36,640,63,110,70,110,260,440,180,18,830,82,540,53,370,37,90,9
"G","East of England","22","Essex","22UL","Rochford",,,1140,150,13,750,66,240,21,10,1,330,29,820,72,120,100,140,290,490,150,13,1000,88,570,50,480,42,90,8
"G","East of England","22","Essex","22UN","Tendring",,,4510,660,15,2810,62,1010,22,30,1,1600,35,2910,65,390,330,520,1170,2100,650,14,3860,86,2480,55,1630,36,410,9
"G","East of England","22","Essex","22UQ","Uttlesford",,,840,100,12,570,68,160,19,0,0,260,31,570,68,80,90,100,220,350,100,12,740,88,420,50,350,42,70,8
"G","East of England","26","Hertfordshire","26UB","Broxbourne",,,2410,360,15,1620,67,420,17,10,0,590,24,1820,76,240,170,300,660,1040,210,9,2200,91,980,41,1250,52,170,7
"G","East of England","26","Hertfordshire","26UC","Dacorum",,,2760,400,14,1840,67,520,19,10,0,830,30,1930,70,250,200,370,750,1200,300,11,2460,89,1300,47,1240,45,220,8
"G","East of England","26","Hertfordshire","26UD","East Hertfordshire",,,1720,240,14,1150,67,310,18,10,1,520,30,1200,70,150,130,220,450,770,150,9,1570,91,870,51,710,41,140,8
"G","East of England","26","Hertfordshire","26UE","Hertsmere",,,2120,270,13,1420,67,420,20,10,0,610,29,1510,71,200,150,240,540,980,160,8,1960,92,1030,49,940,44,150,7
"G","East of England","26","Hertfordshire","26UF","North Hertfordshire",,,2160,320,15,1420,66,410,19,10,0,640,30,1520,70,230,160,300,520,950,230,11,1930,89,1040,48,960,44,160,7
"G","East of England","26","Hertfordshire","26UG","St Albans",,,1940,250,13,1280,66,400,21,0,0,640,33,1300,67,150,100,220,530,930,160,8,1780,92,1090,56,730,38,110,6
"G","East of England","26","Hertfordshire","26UH","Stevenage",,,2370,420,18,1530,65,410,17,10,0,740,31,1620,68,250,190,310,610,1010,260,11,2110,89,1090,46,1080,46,200,8
"G","East of England","26","Hertfordshire","26UJ","Three Rivers",,,1400,180,13,940,67,270,19,10,1,430,31,970,69,130,120,160,360,630,130,9,1270,91,670,48,600,43,120,9
"G","East of England","26","Hertfordshire","26UK","Watford",,,1880,250,13,1240,66,370,20,10,1,660,35,1220,65,170,120,240,530,810,180,10,1690,90,940,50,770,41,170,9
"G","East of England","26","Hertfordshire","26UL","Welwyn Hatfield",,,2320,380,16,1510,65,430,19,10,0,760,33,1570,68,230,200,280,620,1000,220,9,2110,91,1160,50,980,42,190,8
"G","East of England","33","Norfolk","33UB","Breckland",,,2440,340,14,1550,64,530,22,20,1,830,34,1600,66,240,200,280,620,1100,410,17,2030,83,1330,55,870,36,230,9
"G","East of England","33","Norfolk","33UC","Broadland",,,1770,210,12,1170,66,390,22,0,0,680,38,1090,62,150,130,210,410,860,200,11,1570,89,1060,60,570,32,140,8
"G","East of England","33","Norfolk","33UD","Great Yarmouth",,,3400,580,17,2030,60,770,23,20,1,1290,38,2110,62,340,260,380,900,1520,620,18,2780,82,1880,55,1110,33,410,12
"G","East of England","33","Norfolk","33UE","King's Lynn and West Norfolk",,,3490,530,15,2160,62,780,22,20,1,1300,37,2190,63,300,260,390,900,1630,640,18,2850,82,1960,56,1170,34,360,10
"G","East of England","33","Norfolk","33UF","North Norfolk",,,2080,250,12,1290,62,530,25,10,0,830,40,1250,60,180,150,250,490,1010,340,16,1740,84,1250,60,640,31,190,9
"G","East of England","33","Norfolk","33UG","Norwich",,,5300,790,15,3440,65,1040,20,30,1,1950,37,3350,63,450,330,580,1380,2560,680,13,4620,87,3050,58,1800,34,450,8
"G","East of England","33","Norfolk","33UH","South Norfolk",,,1800,220,12,1190,66,370,21,20,1,630,35,1170,65,210,130,230,450,790,260,14,1540,86,1000,56,640,36,160,9
"G","East of England","42","Suffolk","42UB","Babergh",,,1330,170,13,890,67,260,20,10,1,460,35,870,65,140,100,180,350,570,180,14,1150,86,680,51,520,39,130,10
"G","East of England","42","Suffolk","42UC","Forest Heath",,,950,140,15,620,65,180,19,0,0,280,29,670,71,110,90,120,260,360,110,12,840,88,450,47,420,44,80,8
"G","East of England","42","Suffolk","42UD","Ipswich",,,4070,710,17,2550,63,790,19,20,0,1320,32,2750,68,420,290,490,1150,1720,550,14,3520,86,1970,48,1610,40,490,12
"G","East of England","42","Suffolk","42UE","Mid Suffolk",,,1120,160,14,720,64,240,21,10,1,380,34,730,65,140,80,170,270,460,160,14,960,86,550,49,450,40,110,10
"G","East of England","42","Suffolk","42UF","St Edmundsbury",,,1750,290,17,1140,65,310,18,0,0,580,33,1160,66,220,140,180,450,760,210,12,1540,88,880,50,680,39,180,10
"G","East of England","42","Suffolk","42UG","Suffolk Coastal",,,1760,230,13,1110,63,410,23,10,1,590,34,1170,66,200,140,220,460,730,260,15,1500,85,920,52,650,37,190,11
"G","East of England","42","Suffolk","42UH","Waveney",,,3260,520,16,2000,61,740,23,10,0,1080,33,2180,67,340,220,380,870,1460,520,16,2740,84,1670,51,1210,37,390,12
"H","London",,,"00AA","City of London",,,120,10,8,70,58,30,25,0,0,60,50,60,50,10,10,10,40,50,10,8,110,92,70,58,30,25,20,17
"H","London",,,"00AB","Barking and Dagenham",,,9530,1570,16,6350,67,1590,17,30,0,2390,25,7150,75,810,630,1050,2520,4520,1040,11,8490,89,3660,38,5020,53,860,9
"H","London",,,"00AC","Barnet",,,9990,1120,11,6700,67,2140,21,30,0,3150,32,6840,68,690,530,960,2810,5000,1000,10,8990,90,5040,50,4070,41,880,9
"H","London",,,"00AD","Bexley",,,6070,1060,17,3950,65,1030,17,20,0,1560,26,4510,74,520,510,740,1700,2610,520,9,5550,91,2460,41,3070,51,540,9
"H","London",,,"00AE","Brent",,,11690,1190,10,7770,66,2670,23,60,1,3970,34,7720,66,790,610,1070,3050,6150,1190,10,10500,90,6000,51,4610,39,1080,9
"H","London",,,"00AF","Bromley",,,7520,1130,15,5010,67,1360,18,20,0,2190,29,5330,71,610,500,850,2020,3550,610,8,6910,92,3390,45,3520,47,610,8
"H","London",,,"00AG","Camden",,,10470,730,7,6940,66,2730,26,70,1,4100,39,6380,61,470,390,780,2380,6460,850,8,9620,92,6530,62,3020,29,920,9
"H","London",,,"00AH","Croydon",,,13110,2360,18,8480,65,2230,17,40,0,3840,29,9270,71,1280,990,1600,3330,5910,1000,8,12110,92,5560,42,6240,48,1310,10
"H","London",,,"00AJ","Ealing",,,11590,1270,11,7720,67,2530,22,60,1,3720,32,7870,68,750,610,1160,2970,6110,1220,11,10370,89,5770,50,4770,41,1050,9
"H","London",,,"00AK","Enfield",,,13960,1950,14,9660,69,2300,16,50,0,3700,27,10250,73,1090,840,1490,3940,6590,1590,11,12370,89,5930,42,6880,49,1150,8
"H","London",,,"00AL","Greenwich",,,11580,1640,14,7560,65,2320,20,60,1,3470,30,8110,70,820,690,1220,2930,5920,1080,9,10500,91,5420,47,4990,43,1170,10
"H","London",,,"00AM","Hackney",,,13950,1340,10,9280,67,3240,23,80,1,4560,33,9380,67,800,650,1140,3390,7970,1410,10,12540,90,7090,51,5440,39,1420,10
"H","London",,,"00AN","Hammersmith and Fulham",,,7710,800,10,5030,65,1840,24,40,1,2630,34,5080,66,400,360,680,1850,4430,560,7,7150,93,4180,54,2840,37,690,9
"H","London",,,"00AP","Haringey",,,12440,1370,11,8380,67,2630,21,60,0,3990,32,8450,68,810,670,1070,3120,6780,1240,10,11200,90,6370,51,4950,40,1120,9
"H","London",,,"00AQ","Harrow",,,5700,630,11,3810,67,1220,21,30,1,1790,31,3920,69,380,300,530,1590,2900,680,12,5020,88,2890,51,2270,40,540,9
"H","London",,,"00AR","Havering",,,5940,920,15,3860,65,1140,19,20,0,1730,29,4210,71,510,430,670,1570,2760,610,10,5330,90,2630,44,2780,47,530,9
"H","London",,,"00AS","Hillingdon",,,7940,1280,16,5210,66,1420,18,30,0,2130,27,5810,73,640,510,860,2220,3710,780,10,7160,90,3360,42,3810,48,770,10
"H","London",,,"00AT","Hounslow",,,8130,1050,13,5360,66,1680,21,40,0,2370,29,5760,71,560,450,830,2170,4120,890,11,7230,89,3800,47,3590,44,740,9
"H","London",,,"00AU","Islington",,,12340,1180,10,8350,68,2750,22,60,0,4200,34,8150,66,640,510,980,2890,7310,890,7,11450,93,6880,56,4370,35,1100,9
"H","London",,,"00AW","Kensington and Chelsea",,,5700,430,8,3710,65,1520,27,40,1,2230,39,3470,61,300,230,460,1380,3320,430,8,5270,92,3570,63,1640,29,490,9
"H","London",,,"00AX","Kingston upon Thames",,,3010,420,14,1990,66,590,20,10,0,930,31,2080,69,290,180,350,840,1360,250,8,2770,92,1500,50,1290,43,220,7
"H","London",,,"00AY","Lambeth",,,14420,1850,13,9420,65,3100,21,60,0,4750,33,9680,67,1080,840,1360,3580,7570,720,5,13700,95,6990,48,6100,42,1330,9
"H","London",,,"00AZ","Lewisham",,,13590,2030,15,8980,66,2530,19,50,0,4140,30,9450,70,1220,830,1480,3590,6470,880,6,12710,94,6090,45,6210,46,1290,9
"H","London",,,"00BA","Merton",,,4680,630,13,3090,66,930,20,20,0,1390,30,3290,70,420,290,560,1250,2160,430,9,4250,91,2200,47,2050,44,430,9
"H","London",,,"00BB","Newham",,,13260,1480,11,8760,66,2950,22,70,1,4230,32,9030,68,900,670,1180,3330,7170,1820,14,11440,86,6310,48,5470,41,1470,11
"H","London",,,"00BC","Redbridge",,,8190,910,11,5540,68,1710,21,30,0,2440,30,5750,70,600,480,770,2180,4160,1040,13,7150,87,3830,47,3610,44,750,9
"H","London",,,"00BD","Richmond upon Thames",,,3070,360,12,1970,64,720,23,20,1,1040,34,2030,66,190,190,330,830,1540,290,9,2780,91,1700,55,1130,37,240,8
"H","London",,,"00BE","Southwark",,,14040,1640,12,9190,65,3140,22,60,0,4650,33,9380,67,1050,800,1360,3630,7200,920,7,13110,93,7140,51,5560,40,1330,9
"H","London",,,"00BF","Sutton",,,4630,720,16,3090,67,800,17,20,0,1320,29,3310,71,410,320,580,1230,2080,360,8,4270,92,2120,46,2130,46,380,8
"H","London",,,"00BG","Tower Hamlets",,,12560,1210,10,8280,66,3020,24,50,0,4440,35,8120,65,810,680,1170,3240,6660,2110,17,10450,83,6430,51,4460,36,1670,13
"H","London",,,"00BH","Waltham Forest",,,10210,1190,12,6970,68,2010,20,50,0,2950,29,7260,71,770,520,1080,2710,5140,1130,11,9080,89,4620,45,4630,45,960,9
"H","London",,,"00BJ","Wandsworth",,,9030,1100,12,5990,66,1890,21,50,1,2950,33,6080,67,650,470,840,2280,4800,640,7,8390,93,4600,51,3620,40,810,9
"H","London",,,"00BK","Westminster",,,10010,680,7,6790,68,2470,25,60,1,4230,42,5780,58,460,410,750,2560,5830,1150,11,8860,89,6430,64,2710,27,870,9
"J","South East",,,"00LC","Medway",,,7820,1340,17,4990,64,1470,19,20,0,2370,30,5450,70,860,560,920,2120,3370,1030,13,6790,87,3580,46,3470,44,770,10
"J","South East",,,"00MA","Bracknell Forest",,,1920,330,17,1250,65,330,17,10,1,590,31,1330,69,220,170,260,520,760,120,6,1800,94,870,45,900,47,150,8
"J","South East",,,"00MB","West Berkshire",,,2370,440,19,1510,64,420,18,10,0,730,31,1640,69,250,200,300,630,990,220,9,2160,91,1150,49,1030,43,190,8
"J","South East",,,"00MC","Reading",,,4310,760,18,2760,64,760,18,20,0,1270,29,3040,71,390,330,480,1190,1910,360,8,3940,91,1980,46,1980,46,340,8
"J","South East",,,"00MD","Slough",,,4160,600,14,2680,64,850,20,20,0,1250,30,2900,70,370,300,550,1200,1730,450,11,3700,89,1920,46,1890,45,350,8
"J","South East",,,"00ME","Windsor and Maidenhead",,,1750,200,11,1200,69,340,19,10,1,590,34,1160,66,180,150,200,480,740,170,10,1580,90,920,53,730,42,100,6
"J","South East",,,"00MF","Wokingham",,,1550,240,15,1020,66,280,18,10,1,530,34,1020,66,160,90,190,370,740,130,8,1410,91,810,52,630,41,110,7
"J","South East",,,"00MG","Milton Keynes",,,6850,1220,18,4430,65,1170,17,30,0,1820,27,5030,73,740,560,910,1940,2700,660,10,6190,90,2910,42,3370,49,580,8
"J","South East",,,"00ML","Brighton and Hove",,,9510,1010,11,6160,65,2290,24,50,1,3940,41,5560,58,630,540,940,2610,4790,910,10,8600,90,6090,64,2730,29,690,7
"J","South East",,,"00MR","Portsmouth",,,6800,1170,17,4360,64,1240,18,40,1,2150,32,4660,69,640,510,830,1950,2880,660,10,6150,90,3220,47,3010,44,570,8
"J","South East",,,"00MS","Southampton",,,7950,1390,17,4920,62,1600,20,40,1,2600,33,5350,67,760,540,910,2220,3520,860,11,7090,89,3980,50,3340,42,630,8
"J","South East",,,"00MW","Isle of Wight",,,3980,600,15,2490,63,880,22,20,1,1480,37,2500,63,340,260,430,1020,1940,530,13,3460,87,2230,56,1410,35,350,9
"J","South East","11","Buckinghamshire","11UB","Aylesbury Vale",,,2550,370,15,1650,65,520,20,10,0,830,33,1720,67,260,190,310,710,1080,250,10,2310,91,1270,50,1060,42,220,9
"J","South East","11","Buckinghamshire","11UC","Chiltern",,,1070,130,12,720,67,220,21,10,1,370,35,700,65,110,90,120,270,480,80,7,990,93,580,54,400,37,90,8
"J","South East","11","Buckinghamshire","11UE","South Bucks",,,800,110,14,540,68,140,18,10,1,240,30,560,70,80,60,100,220,340,90,11,720,90,370,46,360,45,80,10
"J","South East","11","Buckinghamshire","11UF","Wycombe",,,2670,380,14,1730,65,560,21,10,0,840,31,1830,69,250,200,340,720,1170,310,12,2360,88,1270,48,1120,42,280,10
"J","South East","21","East Sussex","21UC","Eastbourne",,,2950,450,15,1840,62,650,22,10,0,1040,35,1900,64,290,190,360,830,1280,350,12,2590,88,1700,58,980,33,270,9
"J","South East","21","East Sussex","21UD","Hastings",,,4350,710,16,2650,61,970,22,20,0,1620,37,2730,63,370,270,470,1230,2020,550,13,3800,87,2500,57,1470,34,380,9
"J","South East","21","East Sussex","21UF","Lewes",,,1900,240,13,1250,66,400,21,10,1,660,35,1240,65,160,140,270,520,810,220,12,1670,88,1070,56,690,36,140,7
"J","South East","21","East Sussex","21UG","Rother",,,1990,260,13,1250,63,480,24,10,1,680,34,1320,66,150,140,240,570,910,240,12,1760,88,1120,56,720,36,150,8
"J","South East","21","East Sussex","21UH","Wealden",,,1940,270,14,1210,62,440,23,10,1,660,34,1280,66,210,100,250,500,860,210,11,1730,89,1100,57,690,36,150,8
"J","South East","24","Hampshire","24UB","Basingstoke and Deane",,,2740,470,17,1830,67,430,16,10,0,760,28,1980,72,290,220,380,800,1060,280,10,2460,90,1260,46,1280,47,210,8
"J","South East","24","Hampshire","24UC","East Hampshire",,,1540,200,13,1030,67,300,19,10,1,500,32,1030,67,170,110,170,400,690,200,13,1340,87,840,55,570,37,130,8
"J","South East","24","Hampshire","24UD","Eastleigh",,,1920,330,17,1220,64,360,19,10,1,580,30,1330,69,230,140,240,500,800,210,11,1700,89,930,48,820,43,170,9
"J","South East","24","Hampshire","24UE","Fareham",,,1330,190,14,860,65,270,20,0,0,410,31,910,68,140,100,190,370,530,120,9,1200,90,680,51,550,41,100,8
"J","South East","24","Hampshire","24UF","Gosport",,,2070,370,18,1350,65,350,17,10,0,620,30,1460,71,230,170,290,600,790,260,13,1810,87,920,44,950,46,200,10
"J","South East","24","Hampshire","24UG","Hart",,,760,110,14,500,66,140,18,0,0,220,29,540,71,90,50,100,210,310,70,9,690,91,370,49,330,43,60,8
"J","South East","24","Hampshire","24UH","Havant",,,3470,520,15,2230,64,710,20,20,1,1150,33,2320,67,310,250,450,930,1540,520,15,2950,85,1700,49,1440,41,340,10
"J","South East","24","Hampshire","24UJ","New Forest",,,2870,450,16,1820,63,580,20,10,0,960,33,1910,67,280,210,340,800,1240,330,11,2530,88,1520,53,1130,39,220,8
"J","South East","24","Hampshire","24UL","Rushmoor",,,1850,340,18,1170,63,330,18,10,1,550,30,1290,70,230,160,240,520,710,180,10,1670,90,880,48,820,44,150,8
"J","South East","24","Hampshire","24UN","Test Valley",,,1600,270,17,1020,64,300,19,10,1,460,29,1130,71,170,120,210,440,660,200,13,1400,88,770,48,700,44,130,8
"J","South East","24","Hampshire","24UP","Winchester",,,1390,190,14,930,67,270,19,10,1,540,39,850,61,130,90,180,400,590,150,11,1240,89,780,56,490,35,120,9
"J","South East","29","Kent","29UB","Ashford",,,2610,470,18,1650,63,490,19,10,0,790,30,1820,70,310,200,350,680,1080,340,13,2270,87,1220,47,1160,44,230,9
"J","South East","29","Kent","29UC","Canterbury",,,3380,480,14,2170,64,700,21,30,1,1190,35,2190,65,330,230,400,890,1540,440,13,2940,87,1840,54,1220,36,310,9
"J","South East","29","Kent","29UD","Dartford",,,2240,400,18,1470,66,370,17,10,0,610,27,1630,73,250,180,270,650,890,240,11,1990,89,960,43,1100,49,190,8
"J","South East","29","Kent","29UE","Dover",,,3010,460,15,1860,62,680,23,10,0,1050,35,1960,65,340,210,360,770,1330,420,14,2600,86,1610,53,1110,37,290,10
"J","South East","29","Kent","29UG","Gravesham",,,2780,540,19,1730,62,490,18,10,0,830,30,1950,70,310,220,330,770,1150,330,12,2440,88,1250,45,1220,44,310,11
"J","South East","29","Kent","29UH","Maidstone",,,3070,540,18,1980,64,550,18,10,0,960,31,2110,69,340,230,410,800,1290,350,11,2730,89,1460,48,1350,44,270,9
"J","South East","29","Kent","29UK","Sevenoaks",,,1800,270,15,1160,64,360,20,10,1,540,30,1260,70,180,90,220,500,810,230,13,1570,87,860,48,790,44,150,8
"J","South East","29","Kent","29UL","Shepway",,,3320,440,13,2140,64,720,22,20,1,1240,37,2080,63,300,220,380,800,1610,410,12,2910,88,1860,56,1170,35,300,9
"J","South East","29","Kent","29UM","Swale",,,4340,730,17,2770,64,810,19,20,0,1420,33,2920,67,450,300,490,1160,1930,650,15,3690,85,2110,49,1810,42,420,10
"J","South East","29","Kent","29UN","Thanet",,,5200,800,15,3150,61,1230,24,30,1,1880,36,3330,64,540,390,660,1380,2240,740,14,4470,86,2790,54,1860,36,550,11
"J","South East","29","Kent","29UP","Tonbridge and Malling",,,2010,310,15,1310,65,370,18,10,0,610,30,1400,70,230,180,280,550,780,280,14,1720,86,910,45,920,46,180,9
"J","South East","29","Kent","29UQ","Tunbridge Wells",,,2030,290,14,1320,65,410,20,10,0,750,37,1290,64,190,140,250,590,870,240,12,1790,88,1130,56,750,37,160,8
"J","South East","38","Oxfordshire","38UB","Cherwell",,,2390,390,16,1560,65,430,18,10,0,740,31,1650,69,270,200,330,640,950,260,11,2130,89,1160,49,1000,42,230,10
"J","South East","38","Oxfordshire","38UC","Oxford",,,3940,630,16,2550,65,750,19,10,0,1390,35,2560,65,350,240,430,1130,1790,330,8,3610,92,2050,52,1590,40,300,8
"J","South East","38","Oxfordshire","38UD","South Oxfordshire",,,1590,220,14,1050,66,320,20,10,1,530,33,1060,67,160,110,170,430,710,170,11,1420,89,820,52,650,41,130,8
"J","South East","38","Oxfordshire","38UE","Vale of White Horse",,,1500,240,16,980,65,270,18,10,1,510,34,990,66,170,90,170,420,640,180,12,1310,87,790,53,600,40,110,7
"J","South East","38","Oxfordshire","38UF","West Oxfordshire",,,1270,210,17,790,62,260,20,10,1,430,34,850,67,160,100,160,350,510,120,9,1150,91,690,54,480,38,110,9
"J","South East","43","Surrey","43UB","Elmbridge",,,1660,210,13,1100,66,340,20,0,0,540,33,1110,67,150,100,190,440,780,130,8,1520,92,830,50,720,43,100,6
"J","South East","43","Surrey","43UC","Epsom and Ewell",,,970,110,11,660,68,200,21,0,0,310,32,660,68,80,70,120,270,430,70,7,900,93,500,52,400,41,70,7
"J","South East","43","Surrey","43UD","Guildford",,,1880,280,15,1220,65,370,20,10,1,610,32,1270,68,180,110,230,510,850,210,11,1670,89,980,52,740,39,160,9
"J","South East","43","Surrey","43UE","Mole Valley",,,930,120,13,610,66,200,22,0,0,340,37,590,63,90,60,120,260,410,60,6,870,94,540,58,340,37,50,5
"J","South East","43","Surrey","43UF","Reigate and Banstead",,,2260,340,15,1460,65,450,20,10,0,750,33,1510,67,220,160,260,600,1020,210,9,2050,91,1140,50,950,42,170,8
"J","South East","43","Surrey","43UG","Runnymede",,,1090,140,13,720,66,230,21,0,0,310,28,780,72,110,70,170,280,460,90,8,1000,92,510,47,510,47,80,7
"J","South East","43","Surrey","43UH","Spelthorne",,,1760,270,15,1170,66,310,18,10,1,530,30,1230,70,180,120,230,510,710,170,10,1590,90,780,44,830,47,150,9
"J","South East","43","Surrey","43UJ","Surrey Heath",,,950,160,17,640,67,160,17,0,0,280,29,670,71,120,80,120,270,380,90,9,870,92,450,47,430,45,80,8
"J","South East","43","Surrey","43UK","Tandridge",,,1150,160,14,770,67,210,18,10,1,360,31,800,70,100,80,150,300,530,90,8,1060,92,570,50,500,43,80,7
"J","South East","43","Surrey","43UL","Waverley",,,1400,150,11,950,68,300,21,10,1,490,35,910,65,110,80,170,390,650,120,9,1280,91,800,57,530,38,80,6
"J","South East","43","Surrey","43UM","Woking",,,1570,230,15,1020,65,310,20,10,1,490,31,1080,69,150,100,230,470,610,150,10,1420,90,790,50,660,42,120,8
"J","South East","45","West Sussex","45UB","Adur",,,1400,220,16,880,63,290,21,10,1,440,31,960,69,130,80,180,410,600,180,13,1220,87,720,51,560,40,120,9
"J","South East","45","West Sussex","45UC","Arun",,,3210,460,14,2040,64,690,21,20,1,1160,36,2060,64,320,220,380,790,1500,360,11,2860,89,1790,56,1160,36,260,8
"J","South East","45","West Sussex","45UD","Chichester",,,1800,260,14,1120,62,410,23,10,1,630,35,1170,65,160,130,250,490,760,220,12,1580,88,970,54,680,38,150,8
"J","South East","45","West Sussex","45UE","Crawley",,,2760,510,18,1760,64,490,18,10,0,760,28,2000,72,290,210,380,770,1110,260,9,2510,91,1260,46,1280,46,230,8
"J","South East","45","West Sussex","45UF","Horsham",,,1610,220,14,1070,66,310,19,10,1,580,36,1040,65,150,120,230,450,660,160,10,1450,90,850,53,640,40,120,7
"J","South East","45","West Sussex","45UG","Mid Sussex",,,1630,230,14,1080,66,310,19,10,1,550,34,1070,66,150,120,190,440,730,170,10,1460,90,930,57,600,37,90,6
"J","South East","45","West Sussex","45UH","Worthing",,,2680,400,15,1680,63,590,22,10,0,1010,38,1670,62,250,190,310,660,1270,250,9,2430,91,1560,58,900,34,220,8
"K","South West",,,"00HA","Bath and North East Somerset",,,3480,510,15,2290,66,660,19,20,1,1330,38,2150,62,270,230,390,880,1710,320,9,3160,91,2090,60,1150,33,240,7
"K","South West",,,"00HB","Bristol, City of",,,16640,2450,15,10890,65,3220,19,80,0,6080,37,10560,63,1180,960,1630,4460,8410,1630,10,15010,90,9380,56,6030,36,1220,7
"K","South West",,,"00HC","North Somerset",,,5030,710,14,3250,65,1040,21,20,0,1970,39,3070,61,440,320,570,1350,2350,600,12,4430,88,3030,60,1620,32,380,8
"K","South West",,,"00HD","South Gloucestershire",,,4340,720,17,2840,65,760,18,20,0,1360,31,2980,69,390,330,560,1150,1910,450,10,3890,90,2180,50,1840,42,320,7
"K","South West",,,"00HE","Cornwall",,,13870,1830,13,8610,62,3370,24,70,1,5360,39,8510,61,1260,900,1500,3620,6600,2370,17,11500,83,8350,60,4160,30,1360,10
"K","South West",,,"00HF","Isles of Scilly",,,10,0,0,0,0,0,0,0,0,0,0,0,0,0,0,0,0,0,0,0,10,100,0,0,0,0,0,0
"K","South West",,,"00HG","Plymouth",,,9100,1360,15,5760,63,1950,21,30,0,3480,38,5630,62,830,560,950,2400,4360,1300,14,7800,86,5520,61,2850,31,730,8
"K","South West",,,"00HH","Torbay",,,5130,680,13,3180,62,1230,24,40,1,2010,39,3120,61,480,330,580,1280,2470,730,14,4390,86,3130,61,1540,30,450,9
"K","South West",,,"00HN","Bournemouth",,,5750,640,11,3840,67,1230,21,30,1,2440,42,3310,58,480,370,610,1550,2750,520,9,5230,91,3640,63,1710,30,400,7
"K","South West",,,"00HP","Poole",,,3250,510,16,2100,65,620,19,20,1,1080,33,2180,67,320,260,390,850,1430,380,12,2870,88,1700,52,1280,39,280,9
"K","South West",,,"00HX","Swindon",,,5160,950,18,3280,64,910,18,20,0,1600,31,3560,69,600,430,670,1410,2050,630,12,4530,88,2410,47,2200,43,560,11
"K","South West",,,"00HY","Wiltshire",,,7830,1320,17,5020,64,1460,19,30,0,2590,33,5240,67,900,600,970,2030,3330,970,12,6860,88,4080,52,3070,39,680,9
"K","South West","18","Devon","18UB","East Devon",,,1950,220,11,1240,64,470,24,20,1,750,38,1210,62,200,130,190,480,950,240,12,1710,88,1230,63,550,28,170,9
"K","South West","18","Devon","18UC","Exeter",,,3130,500,16,1980,63,630,20,20,1,1230,39,1910,61,280,210,370,840,1420,370,12,2760,88,1920,61,960,31,250,8
"K","South West","18","Devon","18UD","Mid Devon",,,1420,200,14,890,63,320,23,20,1,530,37,890,63,140,100,170,320,690,220,15,1210,85,850,60,440,31,140,10
"K","South West","18","Devon","18UE","North Devon",,,2230,290,13,1390,62,540,24,10,0,830,37,1400,63,230,180,260,590,960,320,14,1910,86,1300,58,710,32,220,10
"K","South West","18","Devon","18UG","South Hams",,,1440,160,11,910,63,370,26,10,1,570,40,870,60,120,90,160,370,710,210,15,1240,86,920,64,400,28,120,8
"K","South West","18","Devon","18UH","Teignbridge",,,2480,330,13,1560,63,580,23,10,0,900,36,1580,64,250,180,300,640,1110,360,15,2120,85,1420,57,850,34,210,8
"K","South West","18","Devon","18UK","Torridge",,,1470,220,15,900,61,330,22,10,1,560,38,910,62,160,100,180,390,640,220,15,1250,85,890,61,440,30,140,10
"K","South West","18","Devon","18UL","West Devon",,,920,100,11,590,64,220,24,0,0,370,40,550,60,80,50,90,240,460,130,14,790,86,600,65,250,27,70,8
"K","South West","19","Dorset","19UC","Christchurch",,,860,110,13,570,66,170,20,0,0,280,33,580,67,80,50,120,220,390,100,12,760,88,450,52,330,38,70,8
"K","South West","19","Dorset","19UD","East Dorset",,,1030,150,15,660,64,210,20,0,0,350,34,680,66,100,90,130,220,490,140,14,890,86,560,54,370,36,100,10
"K","South West","19","Dorset","19UE","North Dorset",,,980,130,13,600,61,230,23,10,1,340,35,640,65,100,80,120,250,430,130,13,840,86,560,57,340,35,70,7
"K","South West","19","Dorset","19UG","Purbeck",,,720,100,14,450,63,170,24,0,0,240,33,480,67,70,60,100,180,310,100,14,620,86,370,51,290,40,70,10
"K","South West","19","Dorset","19UH","West Dorset",,,1640,200,12,1030,63,400,24,10,1,660,40,980,60,150,110,200,390,800,240,15,1400,85,1030,63,480,29,130,8
"K","South West","19","Dorset","19UJ","Weymouth and Portland",,,2140,360,17,1320,62,440,21,20,1,820,38,1320,62,220,150,250,550,960,250,12,1890,88,1280,60,670,31,190,9
"K","South West","23","Gloucestershire","23UB","Cheltenham",,,2670,420,16,1710,64,540,20,0,0,940,35,1740,65,240,190,290,700,1260,270,10,2400,90,1480,55,960,36,230,9
"K","South West","23","Gloucestershire","23UC","Cotswold",,,940,110,12,600,64,230,24,0,0,320,34,620,66,100,70,100,240,440,140,15,810,86,510,54,340,36,100,11
"K","South West","23","Gloucestershire","23UD","Forest of Dean",,,1680,210,13,1100,65,360,21,10,1,630,38,1050,63,150,130,160,430,810,240,14,1430,85,960,57,550,33,160,10
"K","South West","23","Gloucestershire","23UE","Gloucester",,,3670,640,17,2340,64,690,19,20,1,1180,32,2500,68,340,270,440,1040,1580,400,11,3280,89,1800,49,1570,43,310,8
"K","South West","23","Gloucestershire","23UF","Stroud",,,1920,260,14,1270,66,390,20,10,1,700,36,1220,64,170,140,210,530,880,190,10,1730,90,1120,58,650,34,150,8
"K","South West","23","Gloucestershire","23UG","Tewkesbury",,,1310,190,15,850,65,250,19,10,1,390,30,920,70,130,90,150,310,620,160,12,1150,88,620,47,560,43,120,9
"K","South West","40","Somerset","40UB","Mendip",,,2350,340,14,1470,63,530,23,10,0,870,37,1490,63,240,160,290,610,1060,270,11,2080,89,1420,60,740,31,190,8
"K","South West","40","Somerset","40UC","Sedgemoor",,,2640,430,16,1650,63,540,20,20,1,970,37,1670,63,280,200,330,670,1160,430,16,2200,83,1470,56,910,34,260,10
"K","South West","40","Somerset","40UD","South Somerset",,,2970,510,17,1840,62,600,20,10,0,1080,36,1890,64,350,230,350,820,1220,440,15,2530,85,1720,58,990,33,260,9
"K","South West","40","Somerset","40UE","Taunton Deane",,,2490,400,16,1560,63,510,20,20,1,950,38,1550,62,240,200,310,580,1160,300,12,2190,88,1470,59,800,32,220,9
"K","South West","40","Somerset","40UF","West Somerset",,,820,70,9,500,61,230,28,10,1,350,43,460,56,70,40,60,180,450,120,15,700,85,540,66,210,26,70,9
,,,,"00NA","Isle of Anglesey",,,1910,250,13,1150,60,500,26,10,1,730,38,1190,62,180,120,220,450,940,320,17,1590,83,1080,57,630,33,210,11
,,,,"00NC","Gwynedd",,,2980,450,15,1770,59,740,25,20,1,1130,38,1840,62,260,200,290,740,1490,420,14,2560,86,1750,59,960,32,270,9
,,,,"00NE","Conwy",,,3410,440,13,2040,60,910,27,30,1,1300,38,2120,62,300,210,350,860,1700,560,16,2850,84,2080,61,990,29,340,10
,,,,"00NG","Denbighshire",,,3340,480,14,2030,61,810,24,20,1,1280,38,2060,62,300,210,430,810,1600,530,16,2810,84,2010,60,1000,30,330,10
,,,,"00NJ","Flintshire",,,3740,520,14,2380,64,820,22,20,1,1190,32,2550,68,360,250,450,920,1760,510,14,3240,87,2020,54,1360,36,370,10
,,,,"00NL","Wrexham",,,4210,670,16,2600,62,920,22,30,1,1440,34,2770,66,440,300,490,1020,1960,660,16,3550,84,2310,55,1460,35,440,10
,,,,"00NN","Powys",,,2630,320,12,1590,60,710,27,20,1,980,37,1650,63,230,200,320,640,1240,370,14,2270,86,1570,60,820,31,250,10
,,,,"00NQ","Ceredigion",,,1700,180,11,1040,61,470,28,10,1,720,42,980,58,150,90,170,380,920,300,18,1410,83,1140,67,430,25,140,8
,,,,"00NS","Pembrokeshire",,,3450,460,13,2120,61,860,25,20,1,1220,35,2240,65,320,250,380,770,1730,580,17,2880,83,2000,58,1110,32,350,10
,,,,"00NU","Carmarthenshire",,,5730,770,13,3480,61,1450,25,40,1,2170,38,3560,62,450,330,570,1370,3010,1030,18,4700,82,3600,63,1570,27,560,10
,,,,"00NX","Swansea",,,9190,1200,13,5690,62,2250,24,60,1,3380,37,5810,63,660,540,940,2280,4770,1260,14,7940,86,5620,61,2690,29,880,10
,,,,"00NZ","Neath Port Talbot",,,6610,880,13,4110,62,1590,24,40,1,2430,37,4180,63,490,400,700,1590,3440,1190,18,5430,82,4060,61,1800,27,750,11
,,,,"00PB","Bridgend",,,5330,850,16,3240,61,1210,23,30,1,1860,35,3470,65,460,340,610,1370,2540,880,17,4440,83,3050,57,1750,33,530,10
,,,,"00PD","The Vale of Glamorgan",,,3500,590,17,2090,60,810,23,10,0,1150,33,2360,67,370,230,390,870,1640,440,13,3060,87,1870,53,1240,35,390,11
,,,,"00PF","Rhondda, Cynon, Taff",,,10590,1780,17,6510,61,2240,21,60,1,3710,35,6880,65,850,670,1120,2720,5230,1810,17,8780,83,6050,57,3520,33,1010,10
,,,,"00PH","Merthyr Tydfil",,,2860,460,16,1760,62,630,22,20,1,1010,35,1850,65,200,160,300,680,1530,460,16,2410,84,1650,58,930,33,290,10
,,,,"00PK","Caerphilly",,,7400,1070,14,4580,62,1710,23,60,1,2660,36,4740,64,560,450,790,1780,3820,1470,20,5930,80,4260,58,2400,32,740,10
,,,,"00PL","Blaenau Gwent",,,3220,490,15,1940,60,760,24,20,1,1140,35,2080,65,200,200,330,760,1710,580,18,2640,82,1830,57,1050,33,340,11
,,,,"00PM","Torfaen",,,3430,560,16,2060,60,790,23,20,1,1190,35,2240,65,320,220,360,860,1670,640,19,2780,81,1890,55,1160,34,380,11
,,,,"00PP","Monmouthshire",,,1780,240,13,1110,62,420,24,10,1,690,39,1090,61,150,130,200,490,810,260,15,1520,85,1060,60,530,30,190,11
,,,,"00PR","Newport",,,5670,970,17,3480,61,1190,21,30,1,1860,33,3810,67,590,340,610,1490,2640,720,13,4950,87,2960,52,2160,38,550,10
,,,,"00PT","Cardiff",,,13020,2030,16,7970,61,2960,23,60,0,4550,35,8470,65,1090,770,1410,3140,6610,1500,12,11520,88,7110,55,4700,36,1200,9
,,,,"100","Aberdeen City",,,5800,710,12,3670,63,1380,24,40,1,2250,39,3540,61,430,330,580,1470,2980,400,7,5400,93,3760,65,1670,29,360,6
,,,,"110","Aberdeenshire",,,3690,440,12,2300,62,930,25,20,1,1320,36,2370,64,410,250,380,820,1830,430,12,3250,88,2320,63,1080,29,280,8
,,,,"120","Angus",,,2720,390,14,1720,63,610,22,10,0,970,36,1750,64,280,180,290,710,1260,370,14,2350,86,1570,58,880,32,270,10
,,,,"130","Argyll & Bute",,,2080,270,13,1210,58,590,28,10,0,810,39,1280,62,170,120,210,530,1050,230,11,1860,89,1330,64,540,26,210,10
,,,,"150","Clackmannanshire",,,1980,320,16,1210,61,430,22,20,1,630,32,1350,68,200,120,220,470,970,250,13,1730,87,1110,56,670,34,200,10
,,,,"170","Dumfries & Galloway",,,3990,530,13,2380,60,1060,27,30,1,1530,38,2460,62,390,230,450,990,1920,610,15,3380,85,2350,59,1170,29,470,12
,,,,"180","Dundee City",,,6830,950,14,4160,61,1690,25,30,0,2530,37,4300,63,600,370,700,1660,3490,670,10,6160,90,4130,60,2020,30,680,10
,,,,"190","East Ayrshire",,,4810,720,15,2920,61,1130,23,40,1,1750,36,3070,64,480,260,500,1180,2380,690,14,4120,86,2710,56,1520,32,580,12
,,,,"200","East Dunbartonshire",,,1920,220,11,1210,63,480,25,10,1,710,37,1210,63,130,130,220,460,980,160,8,1760,92,1160,60,560,29,200,10
,,,,"210","East Lothian",,,2330,360,15,1410,61,560,24,10,0,830,36,1500,64,220,190,290,560,1070,290,12,2040,88,1290,55,790,34,250,11
,,,,"220","East Renfrewshire",,,1640,190,12,1020,62,420,26,10,1,590,36,1050,64,130,100,160,400,850,150,9,1490,91,1000,61,480,29,160,10
,,,,"230","Edinburgh, City of",,,14580,1700,12,9480,65,3330,23,80,1,5810,40,8780,60,950,760,1420,3510,7950,1270,9,13310,91,9210,63,4130,28,1240,9
,,,,"235","Eilean Siar",,,480,50,10,270,56,150,31,0,0,220,46,260,54,40,30,40,120,250,40,8,440,92,300,63,120,25,60,13
,,,,"240","Falkirk",,,4690,660,14,2790,59,1190,25,40,1,1640,35,3050,65,450,320,480,1060,2370,630,13,4050,86,2740,58,1490,32,460,10
,,,,"250","Fife",,,11400,1740,15,7080,62,2520,22,70,1,3870,34,7530,66,1140,830,1280,2750,5400,1560,14,9840,86,6310,55,3860,34,1240,11
,,,,"260","Glasgow City",,,38290,3710,10,23730,62,10620,28,230,1,14780,39,23510,61,2390,1830,3310,8730,22030,3630,9,34660,91,24010,63,10220,27,4060,11
,,,,"270","Highland",,,5700,750,13,3430,60,1490,26,30,1,2100,37,3590,63,520,370,650,1310,2840,670,12,5020,88,3450,61,1670,29,580,10
,,,,"280","Inverclyde",,,4000,460,12,2510,63,1010,25,20,1,1570,39,2440,61,260,250,360,1030,2110,350,9,3650,91,2450,61,1180,30,370,9
,,,,"290","Midlothian",,,2410,340,14,1540,64,520,22,10,0,760,32,1650,68,230,200,310,530,1150,310,13,2100,87,1280,53,890,37,240,10
,,,,"300","Moray",,,1760,280,16,1020,58,450,26,20,1,620,35,1140,65,200,130,180,410,840,220,13,1540,88,1070,61,530,30,160,9
,,,,"310","North Ayrshire",,,5820,880,15,3550,61,1350,23,40,1,1990,34,3830,66,510,390,670,1500,2740,680,12,5130,88,3180,55,1960,34,680,12
,,,,"320","North Lanarkshire",,,13390,1760,13,8110,61,3450,26,70,1,4570,34,8820,66,1180,840,1460,3170,6740,1650,12,11740,88,7340,55,4460,33,1580,12
,,,,"330","Orkney Islands",,,320,30,9,190,59,100,31,0,0,130,41,190,59,30,30,40,70,160,50,16,270,84,220,69,70,22,30,9
,,,,"340","Perth & Kinross",,,3000,400,13,1820,61,750,25,20,1,1150,38,1850,62,300,200,350,670,1480,340,11,2660,89,1860,62,850,28,290,10
,,,,"350","Renfrewshire",,,6500,860,13,4070,63,1520,23,40,1,2320,36,4180,64,500,360,700,1620,3310,510,8,5980,92,3950,61,1930,30,620,10
,,,,"355","Scottish Borders",,,2430,320,13,1530,63,570,23,20,1,950,39,1480,61,240,190,280,640,1080,370,15,2060,85,1530,63,660,27,230,9
,,,,"360","Shetland Islands",,,330,50,15,200,61,70,21,0,0,120,36,210,64,30,30,30,90,150,30,9,300,91,200,61,100,30,30,9
,,,,"370","South Ayrshire",,,3710,520,14,2210,60,950,26,30,1,1370,37,2340,63,320,260,390,920,1820,480,13,3230,87,2240,60,1050,28,420,11
,,,,"380","South Lanarkshire",,,10750,1310,12,6460,60,2910,27,70,1,3830,36,6920,64,910,660,1170,2560,5440,1270,12,9480,88,6270,58,3250,30,1230,11
,,,,"390","Stirling",,,2220,270,12,1410,64,530,24,10,0,810,36,1410,64,220,130,220,500,1150,270,12,1950,88,1370,62,620,28,220,10
,,,,"395","West Dunbartonshire",,,4660,620,13,2790,60,1220,26,30,1,1700,36,2960,64,350,290,460,1160,2410,440,9,4230,91,2650,57,1480,32,540,12
,,,,"400","West Lothian",,,5730,850,15,3590,63,1270,22,20,0,1860,32,3880,68,560,470,680,1430,2600,680,12,5050,88,3180,55,2000,35,550,10