DATASET_TITLE,"Income Support Claimants, August 2002",,,,,,,,,,FROM,Aug-2002,Aug-2002,Aug-2002,Aug-2002,Aug-2002,Aug-2002,Aug-2002,Aug-2002,Aug-2002,Aug-2002,Aug-2002,Aug-2002,Aug-2002,Aug-2002,Aug-2002,Aug-2002,Aug-2002,Aug-2002,Aug-2002,Aug-2002,Aug-2002,Aug-2002,Aug-2002,Aug-2002,Aug-2002,Aug-2002,Aug-2002
AREA_TYPE,Region,,,,,,,,,,TO,Aug-2002,Aug-2002,Aug-2002,Aug-2002,Aug-2002,Aug-2002,Aug-2002,Aug-2002,Aug-2002,Aug-2002,Aug-2002,Aug-2002,Aug-2002,Aug-2002,Aug-2002,Aug-2002,Aug-2002,Aug-2002,Aug-2002,Aug-2002,Aug-2002,Aug-2002,Aug-2002,Aug-2002,Aug-2002,Aug-2002,Aug-2002
GEO_HIERARCHY,NeSS Geography Hierarchy,,,,,,,,,,HEADING,Total,Claimants Aged 16-24,Claimants Aged 16-24,Claimants Aged 25-49,Claimants Aged 25-49,Claimants Aged 50-59,Claimants Aged 50-59,Claimants Aged 60 and Over,Claimants Aged 60 and Over,Male,Male,Female,Female,Claim Duration Less Than 6 Months,Claim Duration 6 Months-1 Year,Claim Duration 1-2 Years,Claim Duration 2-5 Years,Claim Duration 5 Years and Over,Single,Single,Couple,Working Age Statistical Group; Incapacity Benefits,Working Age Statistical Group; Incapacity Benefits,Working Age Statistical Group; Lone Parent,Working Age Statistical Group; Lone Parent,Working Age Statistical Group; Carers and Others,Working Age Statistical Group; Carers and Others
,,,,,,,,,,,MEASUREMENT_UNIT,Count,Count,Percentage,Count,Percentage,Count,Percentage,Count,Percentage,Count,Percentage,Count,Percentage,Count,Count,Count,Count,Count,Count,Percentage,Count,Count,Percentage,Count,Percentage,Count,Percentage
,,,,,,,,,,,STATISTICAL_UNIT,Persons,Persons,Persons,Persons,Persons,Persons,Persons,Persons,Persons,Persons,Persons,Persons,Persons,Persons,Persons,Persons,Persons,Persons,Persons,Persons,Persons,Persons,Persons,Persons,Persons,Persons,Persons
UK_CODE,UK_NAME,GB_CODE,GB_NAME,EW_CODE,EW_NAME,CTRY_CODE,CTRY_NAME,GOR_CODE,GOR_NAME,AREA_METADATA,,DATA_VALUE,DATA_VALUE,DATA_VALUE,DATA_VALUE,DATA_VALUE,DATA_VALUE,DATA_VALUE,DATA_VALUE,DATA_VALUE,DATA_VALUE,DATA_VALUE,DATA_VALUE,DATA_VALUE,DATA_VALUE,DATA_VALUE,DATA_VALUE,DATA_VALUE,DATA_VALUE,DATA_VALUE,DATA_VALUE,DATA_VALUE,DATA_VALUE,DATA_VALUE,DATA_VALUE,DATA_VALUE,DATA_VALUE,DATA_VALUE
"213","United Kingdom","078","Great Britain","727","England and Wales","064","England",,,,,3335320,266110,8,1255630,38,359700,11,1450210,43,1167370,35,2167950,65,342320,240760,455160,825730,1471350,2838540,85,496130,1091250,33,749130,22,1494940,45
"213","United Kingdom","078","Great Britain",,,,,,,,,3998020,321930,8,1503410,38,437970,11,1730360,43,1404900,35,2593120,65,413730,288230,544020,990160,1761860,3405150,85,592100,1340960,34,874930,22,1782130,45
"213","United Kingdom","078","Great Britain",,,"179","Scotland",,,,,425510,34700,8,159720,38,50130,12,180500,42,151830,36,273680,64,47220,30970,57820,105080,184420,370100,87,55350,160510,38,79180,19,185820,44
"213","United Kingdom","078","Great Britain","727","England and Wales","220","Wales",,,,,237190,21120,9,88060,37,28140,12,99650,42,85700,36,151490,64,24190,16500,31040,59350,106090,196510,83,40620,89200,38,46620,20,101370,43
"213","United Kingdom","078","Great Britain","727","England and Wales",,,,,,,3572510,287230,8,1343690,38,387840,11,1549860,43,1253070,35,2319440,65,366510,257260,486200,885080,1577440,3035050,85,536750,1180450,33,795750,22,1596310,45
"213","United Kingdom","078","Great Britain","727","England and Wales","064","England","A","North East",,,233310,21420,9,83610,36,26160,11,101920,44,84270,36,149040,64,26080,17020,32090,58400,99710,194060,83,39220,83020,36,45450,19,104840,45
"213","United Kingdom","078","Great Britain","727","England and Wales","064","England","B","North West",,,578560,48060,8,222520,38,68060,12,239300,41,207910,36,370650,64,57410,40340,75840,140060,264920,493750,85,84730,212900,37,119470,21,246180,43
"213","United Kingdom","078","Great Britain","727","England and Wales","064","England","D","Yorkshire and The Humber",,,369440,31880,9,129140,35,39070,11,168920,46,130170,35,239270,65,41190,27520,51430,93710,155590,309210,84,60030,118260,32,76860,21,174320,47
"213","United Kingdom","078","Great Britain","727","England and Wales","064","England","E","East Midlands",,,259090,21550,8,90550,35,26840,10,119920,46,90380,35,168710,65,28210,19650,38030,65840,107360,217020,84,42050,81810,32,54220,21,123060,47
"213","United Kingdom","078","Great Britain","727","England and Wales","064","England","F","West Midlands",,,390980,31240,8,135150,35,41250,11,182860,47,140500,36,250480,64,39980,28570,54750,95610,172060,324320,83,66630,121770,31,81780,21,187430,48
"213","United Kingdom","078","Great Britain","727","England and Wales","064","England","G","East of England",,,278620,20660,7,98330,35,27400,10,132000,47,92580,33,186030,67,29580,21170,40000,68150,119720,237100,85,41380,81600,29,62270,22,134740,48
"213","United Kingdom","078","Great Britain","727","England and Wales","064","England","H","London",,,577310,41990,7,264640,46,64720,11,204960,36,200830,35,376480,65,50630,38400,70470,145750,272070,503850,87,73390,188710,33,168110,29,220480,38
"213","United Kingdom","078","Great Britain","727","England and Wales","064","England","J","South East",,,368000,29030,8,134890,37,36870,10,166900,45,121520,33,246480,67,38870,27340,52140,89960,159700,320190,87,47760,111710,30,86890,24,169400,46
"213","United Kingdom","078","Great Britain","727","England and Wales","064","England","K","South West",,,280010,20270,7,96800,35,29330,10,133440,48,99190,35,180820,65,30370,20750,40410,68260,120210,239030,85,40950,91460,33,54070,19,134490,48