DATASET_TITLE,"Mental Health: Adults Accessing NHS Specialist Mental Health Services in England, 2008/2009",,,,,,,,,,FROM,Apr-2008,Apr-2008,Apr-2008,Apr-2008,Apr-2008,Apr-2008,Apr-2008,Apr-2008,Apr-2008
AREA_TYPE,Region,,,,,,,,,,TO,Mar-2009,Mar-2009,Mar-2009,Mar-2009,Mar-2009,Mar-2009,Mar-2009,Mar-2009,Mar-2009
GEO_HIERARCHY,NeSS Geography Hierarchy,,,,,,,,,,HEADING,Mental Health Service Users; Total,Mental Health Service Users; Males,Mental Health Service Users; Females,Mental Health Service Users; Males 18-35,Mental Health Service Users; Males 36-64,Mental Health Service Users; Males 65 and over,Mental Health Service Users; Females 18-35,Mental Health Service Users; Females 36-64,Mental Health Service Users; Females 65 and over
,,,,,,,,,,,MEASUREMENT_UNIT,Count,Count,Count,Count,Count,Count,Count,Count,Count
,,,,,,,,,,,STATISTICAL_UNIT,Persons,Persons,Persons,Persons,Persons,Persons,Persons,Persons,Persons
UK_CODE,UK_NAME,GB_CODE,GB_NAME,EW_CODE,EW_NAME,CTRY_CODE,CTRY_NAME,GOR_CODE,GOR_NAME,AREA_METADATA,,DATA_VALUE,DATA_VALUE,DATA_VALUE,DATA_VALUE,DATA_VALUE,DATA_VALUE,DATA_VALUE,DATA_VALUE,DATA_VALUE
"213","United Kingdom","078","Great Britain","727","England and Wales","064","England",,,,,1182233,522860,657219,154758,240275,127827,169558,257749,229912
"213","United Kingdom","078","Great Britain","727","England and Wales","064","England","A","North East",,,70618,31059,39257,8586,13764,8709,9113,14735,15409
"213","United Kingdom","078","Great Britain","727","England and Wales","064","England","B","North West",,,154926,71405,83493,20032,33672,17701,18357,32480,32656
"213","United Kingdom","078","Great Britain","727","England and Wales","064","England","D","Yorkshire and The Humber",,,123000,54822,67997,16193,24468,14161,16129,25914,25954
"213","United Kingdom","078","Great Britain","727","England and Wales","064","England","E","East Midlands",,,107361,47292,59795,14021,21329,11942,15216,24107,20472
"213","United Kingdom","078","Great Britain","727","England and Wales","064","England","F","West Midlands",,,145536,62437,82886,18744,28818,14875,22298,33562,27026
"213","United Kingdom","078","Great Britain","727","England and Wales","064","England","G","East of England",,,104046,45620,58360,12943,20080,12597,14012,21805,22543
"213","United Kingdom","078","Great Britain","727","England and Wales","064","England","H","London",,,194424,89679,104572,29226,44733,15720,32575,44523,27474
"213","United Kingdom","078","Great Britain","727","England and Wales","064","England","J","South East",,,163893,69947,93103,20776,31961,17210,25405,36955,30743
"213","United Kingdom","078","Great Britain","727","England and Wales","064","England","K","South West",,,118429,50599,67756,14237,21450,14912,16453,23668,27635