DATASET_TITLE,Ethnic Group (UV09),,,,,,,,,,FROM,Apr-2001,Apr-2001,Apr-2001,Apr-2001,Apr-2001,Apr-2001,Apr-2001,Apr-2001,Apr-2001,Apr-2001,Apr-2001,Apr-2001,Apr-2001,Apr-2001,Apr-2001,Apr-2001,Apr-2001,Apr-2001,Apr-2001,Apr-2001,Apr-2001,Apr-2001
AREA_TYPE,Region,,,,,,,,,,TO,Apr-2001,Apr-2001,Apr-2001,Apr-2001,Apr-2001,Apr-2001,Apr-2001,Apr-2001,Apr-2001,Apr-2001,Apr-2001,Apr-2001,Apr-2001,Apr-2001,Apr-2001,Apr-2001,Apr-2001,Apr-2001,Apr-2001,Apr-2001,Apr-2001,Apr-2001
GEO_HIERARCHY,NeSS Geography Hierarchy,,,,,,,,,,HEADING,All People,White,White: British,White: Irish,White: Other White,Mixed,Mixed: White and Black Caribbean,Mixed: White and Black African,Mixed: White and Asian,Mixed: Other Mixed,Asian or Asian British,Asian or Asian British: Indian,Asian or Asian British: Pakistani,Asian or Asian British: Bangladeshi,Asian or Asian British: Other Asian,Black or Black British,Black or Black British: Caribbean,Black or Black British: African,Black or Black British: Other Black,Chinese or Other Ethnic Group,Chinese or Other Ethnic Group: Chinese,Chinese or Other Ethnic Group: Other Ethnic Group
,,,,,,,,,,,MEASUREMENT_UNIT,Count,Count,Count,Count,Count,Count,Count,Count,Count,Count,Count,Count,Count,Count,Count,Count,Count,Count,Count,Count,Count,Count
,,,,,,,,,,,STATISTICAL_UNIT,Persons,Persons,Persons,Persons,Persons,Persons,Persons,Persons,Persons,Persons,Persons,Persons,Persons,Persons,Persons,Persons,Persons,Persons,Persons,Persons,Persons,Persons
UK_CODE,UK_NAME,GB_CODE,GB_NAME,EW_CODE,EW_NAME,CTRY_CODE,CTRY_NAME,GOR_CODE,GOR_NAME,AREA_METADATA,,DATA_VALUE,DATA_VALUE,DATA_VALUE,DATA_VALUE,DATA_VALUE,DATA_VALUE,DATA_VALUE,DATA_VALUE,DATA_VALUE,DATA_VALUE,DATA_VALUE,DATA_VALUE,DATA_VALUE,DATA_VALUE,DATA_VALUE,DATA_VALUE,DATA_VALUE,DATA_VALUE,DATA_VALUE,DATA_VALUE,DATA_VALUE,DATA_VALUE
"213","United Kingdom","078","Great Britain","727","England and Wales","064","England",,,,,49138831,44679361,42747136,624115,1308110,643373,231424,76498,184014,151437,2248289,1028546,706539,275394,237810,1132508,561246,475938,95324,435300,220681,214619
"213","United Kingdom","078","Great Britain","727","England and Wales","220","Wales",,,,,2903085,2841505,2786605,17689,37211,17661,5996,2413,5001,4251,25448,8261,8287,5436,3464,7069,2597,3727,745,11402,6267,5135
"213","United Kingdom","078","Great Britain","727","England and Wales",,,,,,,52041916,47520866,45533741,641804,1345321,661034,237420,78911,189015,155688,2273737,1036807,714826,280830,241274,1139577,563843,479665,96069,446702,226948,219754
"213","United Kingdom","078","Great Britain","727","England and Wales","064","England","A","North East",,,2515442,2455416,2425592,8682,21142,12228,2783,1741,4733,2971,33582,10156,14074,6167,3185,3953,927,2597,429,10263,6048,4215
"213","United Kingdom","078","Great Britain","727","England and Wales","064","England","B","North West",,,6729764,6355495,6203043,77499,74953,62539,22119,9853,17223,13344,229875,72219,116968,26003,14685,41637,20422,15912,5303,40218,26887,13331
"213","United Kingdom","078","Great Britain","727","England and Wales","064","England","D","Yorkshire and The Humber",,,4964833,4641263,4551394,32735,57134,44995,18187,4094,14218,8496,222486,51493,146330,12330,12333,34262,21308,9625,3329,21827,12340,9487
"213","United Kingdom","078","Great Britain","727","England and Wales","064","England","E","East Midlands",,,4172174,3900380,3807731,35478,57171,43141,20658,3426,11176,7881,168913,122346,27829,6923,11815,39477,26684,9165,3628,20263,12910,7353
"213","United Kingdom","078","Great Britain","727","England and Wales","064","England","F","West Midlands",,,5267308,4674296,4537892,73136,63268,73225,39782,3683,18160,11600,385573,178691,154550,31401,20931,104032,82282,11985,9765,30182,16099,14083
"213","United Kingdom","078","Great Britain","727","England and Wales","064","England","G","East of England",,,5388140,5125003,4927343,61208,136452,57984,19882,6109,17385,14608,121752,51035,38790,18503,13424,48464,26199,16968,5297,34937,20385,14552
"213","United Kingdom","078","Great Britain","727","England and Wales","064","England","H","London",,,7172091,5103203,4287861,220488,594854,226111,70928,34182,59944,61057,866693,436993,142749,153893,133058,782849,343567,378933,60349,193235,80201,113034
"213","United Kingdom","078","Great Britain","727","England and Wales","064","England","J","South East",,,8000645,7608989,7304678,82405,221906,85779,23742,9493,29977,22567,186615,89219,58520,15358,23518,56914,27452,24582,4880,62348,33089,29259
"213","United Kingdom","078","Great Britain","727","England and Wales","064","England","K","South West",,,4928434,4815316,4701602,32484,81230,37371,13343,3917,11198,8913,32800,16394,6729,4816,4861,20920,12405,6171,2344,22027,12722,9305