DATASET_TITLE,"Dwelling Stock by Tenure and Condition, 2006",,,,,,,,FROM,Apr-2006,Apr-2006,Apr-2006,Apr-2006,Apr-2006,Apr-2006,Apr-2006,Apr-2006,Apr-2006,Apr-2006,Apr-2006,Apr-2006,Apr-2006,Apr-2006,Apr-2006,Apr-2006,Apr-2006,Apr-2006,Apr-2006,Apr-2006,Apr-2006,Apr-2006,Apr-2006,Apr-2006,Apr-2006
AREA_TYPE,Former Local Authority,,,,,,,,TO,Apr-2006,Apr-2006,Apr-2006,Apr-2006,Apr-2006,Apr-2006,Apr-2006,Apr-2006,Apr-2006,Apr-2006,Apr-2006,Apr-2006,Apr-2006,Apr-2006,Apr-2006,Apr-2006,Apr-2006,Apr-2006,Apr-2006,Apr-2006,Apr-2006,Apr-2006,Apr-2006,Apr-2006,Apr-2006
GEO_HIERARCHY,NeSS Geography Hierarchy,,,,,,,,HEADING,Total Dwelling Stock,LA Dwelling Stock,LA Dwelling Stock,RSL Dwelling Stock,RSL Dwelling Stock,Other Public Sector Dwelling Stock,Other Public Sector Dwelling Stock,Owner Occupied and Private Rented Dwelling Stock,Owner Occupied and Private Rented Dwelling Stock,Total Unfit Dwellings,Total Unfit Dwellings,Unfit LA Dwellings,Unfit LA Dwellings,Unfit RSL Dwellings,Unfit RSL Dwellings,Unfit 'Other Public Sector' Dwellings,Unfit 'Other Public Sector' Dwellings,Unfit Owner Occupied and Private Rented Dwellings,Unfit Owner Occupied and Private Rented Dwellings,Energy Efficiency of Private Sector Housing: Average SAP Rating,LA Dwellings that Fall Below the 'Decent Home Standard',LA Dwellings Requiring Investment,LA Dwellings Requiring Investment,Total Cost of Investment Required,Average Cost of Investment Required Per LA Dwelling
,,,,,,,,,MEASUREMENT_UNIT,Count,Count,Percentage,Count,Percentage,Count,Percentage,Count,Percentage,Count,Percentage,Count,Percentage,Count,Percentage,Count,Percentage,Count,Percentage,Score,Percentage,Count,Percentage,Pounds Sterling (thousands),Pounds Sterling (thousands)
,,,,,,,,,STATISTICAL_UNIT,Dwellings,Dwellings,Dwellings,Dwellings,Dwellings,Dwellings,Dwellings,Dwellings,Dwellings,Dwellings,Dwellings,Dwellings,Dwellings,Dwellings,Dwellings,Dwellings,Dwellings,Dwellings,Dwellings,Dwellings,Dwellings,Dwellings,Dwellings,Dwellings,Dwellings
GOR_CODE,GOR_NAME,CTY_CODE,CTY_NAME,LA_CODE,LA_NAME,FLA_CODE,FLA_NAME,AREA_METADATA,,DATA_VALUE,DATA_VALUE,DATA_VALUE,DATA_VALUE,DATA_VALUE,DATA_VALUE,DATA_VALUE,DATA_VALUE,DATA_VALUE,DATA_VALUE,DATA_VALUE,DATA_VALUE,DATA_VALUE,DATA_VALUE,DATA_VALUE,DATA_VALUE,DATA_VALUE,DATA_VALUE,DATA_VALUE,DATA_VALUE,DATA_VALUE,DATA_VALUE,DATA_VALUE,DATA_VALUE,DATA_VALUE
"A","North East",,,"00EJ","Durham","20UB","Chester-le-Street",,,24015,4383,18.3,411,1.7,0,0,19221,80,317,1.3,0,0,0,0,0,0,317,1.6,..,47.4,3696,84.3,6569,2
"A","North East",,,"00EJ","Durham","20UD","Derwentside",,,40188,7109,17.7,990,2.5,23,.1,32066,79.8,4508,11.2,3168,44.6,40,4,0,0,1300,4.1,..,45,7030,98.9,60050,9
"A","North East",,,"00EJ","Durham","20UE","Durham",,,37947,6334,16.7,1385,3.6,161,.4,30067,79.2,..,..,0,0,2,.1,..,..,..,..,62,60.8,3870,61.1,23570,6
"A","North East",,,"00EJ","Durham","20UF","Easington",,,41896,9278,22.1,1796,4.3,9,0,30813,73.5,6609,15.8,3392,36.6,0,0,0,0,3217,10.4,50,74.6,8723,94,143000,16
"A","North East",,,"00EJ","Durham","20UG","Sedgefield",,,40740,8803,21.6,1596,3.9,0,0,30341,74.5,1112,2.7,0,0,0,0,0,0,1112,3.7,53,42.3,7874,89.4,110670,14
"A","North East",,,"00EJ","Durham","20UH","Teesdale",,,11728,903,7.7,622,5.3,0,0,10203,87,..,..,0,0,0,0,..,..,..,..,..,..,..,..,..,..
"A","North East",,,"00EJ","Durham","20UJ","Wear Valley",,,29322,4608,15.7,1392,4.7,50,.2,23272,79.4,1655,5.6,0,0,0,0,0,0,1655,7.1,55,36.8,3160,68.6,13441,4
"A","North East",,,"00EM","Northumberland","35UB","Alnwick",,,15731,1788,11.4,641,4.1,702,4.5,12600,80.1,480,3.1,0,0,2,.3,0,0,478,3.8,53,.1,549,30.7,1009,2
"A","North East",,,"00EM","Northumberland","35UC","Berwick-upon-Tweed",,,14164,1977,14,383,2.7,0,0,11804,83.3,0,0,0,0,0,0,0,0,0,0,..,..,..,..,..,..
"A","North East",,,"00EM","Northumberland","35UD","Blyth Valley",,,36101,6867,19,1846,5.1,89,.2,27299,75.6,307,.9,0,0,0,0,16,18,291,1.1,59,23.1,3032,44.2,36055,12
"A","North East",,,"00EM","Northumberland","35UE","Castle Morpeth",,,21727,2359,10.9,408,1.9,82,.4,18878,86.9,38,.2,2,.1,0,0,0,0,36,.2,55,71.6,1688,71.6,..,..
"A","North East",,,"00EM","Northumberland","35UF","Tynedale",,,26697,0,0,3847,14.4,13,0,22837,85.5,629,2.4,0,0,1,0,0,0,628,2.7,41,.,.,.,.,.
"A","North East",,,"00EM","Northumberland","35UG","Wansbeck",,,28312,5531,19.5,563,2,0,0,22218,78.5,795,2.8,1,0,3,.5,0,0,791,3.6,49,40.9,2395,43.3,28715,12
"B","North West",,,"00EQ","Cheshire East","13UC","Congleton",,,39424,0,0,4209,10.7,0,0,35215,89.3,1870,4.7,0,0,253,6,0,0,1617,4.6,55,.,.,.,.,.
"B","North West",,,"00EQ","Cheshire East","13UD","Crewe and Nantwich",,,50546,0,0,6162,12.2,77,.2,44307,87.7,1899,3.8,0,0,21,.3,0,0,1878,4.2,53,.,.,.,.,.
"B","North West",,,"00EQ","Cheshire East","13UG","Macclesfield",,,69930,5150,7.4,2850,4.1,59,.1,61871,88.5,1462,2.1,0,0,92,3.2,0,0,1370,2.2,55,49,2418,47.1,6147,3
"B","North West",,,"00EW","Cheshire West and Chester","13UB","Chester",,,54951,18,0,7508,13.7,341,.6,47084,85.7,1192,2.2,1,5.6,4,.1,9,2.6,1178,2.5,55,.,.,.,.,.
"B","North West",,,"00EW","Cheshire West and Chester","13UE","Ellesmere Port & Neston",,,35092,5733,16.3,978,2.8,0,0,28381,80.9,1059,3,8,.1,4,.4,0,0,1047,3.7,52,13,4000,69.8,26000,7
"B","North West",,,"00EW","Cheshire West and Chester","13UH","Vale Royal",,,53632,0,0,8234,15.4,100,.2,45298,84.5,1587,3,0,0,2,0,0,0,1585,3.5,52,.,.,.,.,.
"F","West Midlands",,,"00GG","Shropshire","39UB","Bridgnorth",,,22600,2395,10.6,409,1.8,389,1.7,19407,85.9,728,3.2,0,0,0,0,0,0,728,3.8,48,13,1902,79.4,5830,3
"F","West Midlands",,,"00GG","Shropshire","39UC","North Shropshire",,,25586,2312,9,364,1.4,0,0,22910,89.5,873,3.4,0,0,3,.8,0,0,870,3.8,47,24.7,1418,61.3,2300,2
"F","West Midlands",,,"00GG","Shropshire","39UD","Oswestry",,,16918,1946,11.5,711,4.2,0,0,14261,84.3,..,..,0,0,0,0,..,..,318,2.2,..,84.8,1578,81.1,722,0
"F","West Midlands",,,"00GG","Shropshire","39UE","Shrewsbury and Atcham",,,42886,1,0,6056,14.1,102,.2,36727,85.6,1741,4.1,0,0,38,.6,0,0,1703,4.6,55,.,.,.,.,.
"F","West Midlands",,,"00GG","Shropshire","39UF","South Shropshire",,,19653,3,0,2321,11.8,4,0,17325,88.2,412,2.1,0,0,0,0,0,0,412,2.4,45,.,.,.,.,.
"G","East of England",,,"00KC","Central Bedfordshire","09UC","Mid Bedfordshire",,,53595,0,0,6975,13,664,1.2,45956,85.7,1734,3.2,0,0,5,.1,0,0,1729,3.8,61,.,.,.,.,.
"G","East of England",,,"00KC","Central Bedfordshire","09UE","South Bedfordshire",,,49218,5317,10.8,1639,3.3,0,0,42262,85.9,2017,4.1,0,0,2,.1,0,0,2015,4.8,57,9.7,8040,151.2,18520,2
"K","South West",,,"00HE","Cornwall","15UB","Caradon",,,39316,3571,9.1,887,2.3,117,.3,34741,88.4,2001,5.1,1,0,0,0,0,0,2000,5.8,36,32.4,1158,32.4,5120,4
"K","South West",,,"00HE","Cornwall","15UC","Carrick",,,42403,3734,8.8,1053,2.5,71,.2,37545,88.5,1640,3.9,0,0,0,0,0,0,1640,4.4,44,39.5,3733,100,34344,9
"K","South West",,,"00HE","Cornwall","15UD","Kerrier",,,42621,0,0,5257,12.3,342,.8,37022,86.9,2400,5.6,0,0,570,10.8,0,0,1830,4.9,44,.,.,.,.,.
"K","South West",,,"00HE","Cornwall","15UE","North Cornwall",,,40076,3397,8.5,1168,2.9,209,.5,35302,88.1,1890,4.7,0,0,0,0,0,0,1890,5.4,50,12.6,1253,36.9,1756,1
"K","South West",,,"00HE","Cornwall","15UF","Penwith",,,32148,0,0,4154,12.9,0,0,27994,87.1,1712,5.3,0,0,12,.3,0,0,1700,6.1,46,.,.,.,.,.
"K","South West",,,"00HE","Cornwall","15UG","Restormel",,,44513,0,0,4388,9.9,177,.4,39948,89.7,1585,3.6,0,0,2,0,0,0,1583,4,48,.,.,.,.,.
"K","South West",,,"00HY","Wiltshire","46UB","Kennet",,,33558,0,0,5799,17.3,1145,3.4,26614,79.3,911,2.7,0,0,15,.3,0,0,896,3.4,51,.,.,.,.,.
"K","South West",,,"00HY","Wiltshire","46UC","North Wiltshire",,,55071,0,0,6896,12.5,1192,2.2,46983,85.3,1061,1.9,0,0,0,0,1,.1,1060,2.3,42,.,.,.,.,.
"K","South West",,,"00HY","Wiltshire","46UD","Salisbury",,,49429,5419,11,1862,3.8,926,1.9,41222,83.4,1483,3,0,0,0,0,0,0,1483,3.6,51,18.3,3768,69.5,7879,2
"K","South West",,,"00HY","Wiltshire","46UF","West Wiltshire",,,54100,51,.1,6803,12.6,639,1.2,46607,86.1,860,1.6,0,0,28,.4,1,.2,831,1.8,53,.,.,.,.,.