DATASET_TITLE,Armed Forces (UV81),,,,,,,,,,FROM,Apr-2001,Apr-2001,Apr-2001
AREA_TYPE,Region,,,,,,,,,,TO,Apr-2001,Apr-2001,Apr-2001
GEO_HIERARCHY,NeSS Geography Hierarchy,,,,,,,,,,HEADING,All Armed Forces,Armed Forces: Living in households,Armed Forces: Living in Communal Establishments
,,,,,,,,,,,MEASUREMENT_UNIT,Count,Count,Count
,,,,,,,,,,,STATISTICAL_UNIT,Persons,Persons,Persons
UK_CODE,UK_NAME,GB_CODE,GB_NAME,EW_CODE,EW_NAME,CTRY_CODE,CTRY_NAME,GOR_CODE,GOR_NAME,AREA_METADATA,,DATA_VALUE,DATA_VALUE,DATA_VALUE
"213","United Kingdom","078","Great Britain","727","England and Wales","064","England",,,,,156156,112295,43861
"213","United Kingdom","078","Great Britain","727","England and Wales","220","Wales",,,,,5272,4774,498
"213","United Kingdom","078","Great Britain","727","England and Wales",,,,,,,161428,117069,44359
"213","United Kingdom","078","Great Britain","727","England and Wales","064","England","A","North East",,,4851,4601,250
"213","United Kingdom","078","Great Britain","727","England and Wales","064","England","B","North West",,,6882,6388,494
"213","United Kingdom","078","Great Britain","727","England and Wales","064","England","D","Yorkshire and The Humber",,,15694,10188,5506
"213","United Kingdom","078","Great Britain","727","England and Wales","064","England","E","East Midlands",,,11760,10121,1639
"213","United Kingdom","078","Great Britain","727","England and Wales","064","England","F","West Midlands",,,9129,6491,2638
"213","United Kingdom","078","Great Britain","727","England and Wales","064","England","G","East of England",,,23104,17222,5882
"213","United Kingdom","078","Great Britain","727","England and Wales","064","England","H","London",,,6771,5099,1672
"213","United Kingdom","078","Great Britain","727","England and Wales","064","England","J","South East",,,41271,25256,16015
"213","United Kingdom","078","Great Britain","727","England and Wales","064","England","K","South West",,,36694,26929,9765