DATASET_TITLE,"Jobseeker's Allowance Claimants by Ethnicity, July 2008 - June 2009",,,,,,,,,,FROM,Jul-2008,Jul-2008,Jul-2008,Jul-2008,Jul-2008,Jul-2008,Jul-2008
AREA_TYPE,Region,,,,,,,,,,TO,Jun-2009,Jun-2009,Jun-2009,Jun-2009,Jun-2009,Jun-2009,Jun-2009
GEO_HIERARCHY,NeSS Geography Hierarchy,,,,,,,,,,HEADING,White,Mixed,Black or Black British,Asian or Asian British,Chinese or Other,Unknown,Prefer Not To Say
,,,,,,,,,,,MEASUREMENT_UNIT,Count,Count,Count,Count,Count,Count,Count
,,,,,,,,,,,STATISTICAL_UNIT,Persons,Persons,Persons,Persons,Persons,Persons,Persons
UK_CODE,UK_NAME,GB_CODE,GB_NAME,EW_CODE,EW_NAME,CTRY_CODE,CTRY_NAME,GOR_CODE,GOR_NAME,AREA_METADATA,,DATA_VALUE,DATA_VALUE,DATA_VALUE,DATA_VALUE,DATA_VALUE,DATA_VALUE,DATA_VALUE
"213","United Kingdom","078","Great Britain","727","England and Wales","064","England",,,,,788855,17310,63275,58975,20540,13850,66770
"213","United Kingdom","078","Great Britain",,,,,,,,,939970,17905,64210,60375,21515,15825,76780
"213","United Kingdom","078","Great Britain",,,"179","Scotland",,,,,94420,225,440,885,580,1380,6185
"213","United Kingdom","078","Great Britain","727","England and Wales","220","Wales",,,,,56695,370,495,520,400,595,3825
"213","United Kingdom","078","Great Britain","727","England and Wales",,,,,,,845550,17680,63770,59495,20935,14450,70595
"213","United Kingdom","078","Great Britain","727","England and Wales","064","England","A","North East",,,62755,250,360,750,435,745,4765
"213","United Kingdom","078","Great Britain","727","England and Wales","064","England","B","North West",,,134905,1740,3255,5990,1760,1785,8685
"213","United Kingdom","078","Great Britain","727","England and Wales","064","England","D","Yorkshire and The Humber",,,101415,1395,2925,6945,1650,1350,5515
"213","United Kingdom","078","Great Britain","727","England and Wales","064","England","E","East Midlands",,,71335,1355,2985,4755,1030,910,4435
"213","United Kingdom","078","Great Britain","727","England and Wales","064","England","F","West Midlands",,,99545,2955,8920,14040,2810,2160,11230
"213","United Kingdom","078","Great Britain","727","England and Wales","064","England","G","East of England",,,76740,1165,2250,2755,970,1130,6880
"213","United Kingdom","078","Great Britain","727","England and Wales","064","England","H","London",,,78360,6305,38325,19595,10265,3580,15455
"213","United Kingdom","078","Great Britain","727","England and Wales","064","England","J","South East",,,98300,1430,2700,3510,1165,1390,6960
"213","United Kingdom","078","Great Britain","727","England and Wales","064","England","K","South West",,,65500,720,1555,640,450,800,2840