DATASET_TITLE,Marital Status (UV07),,,,FROM,Apr-2001,Apr-2001,Apr-2001,Apr-2001,Apr-2001,Apr-2001,Apr-2001
AREA_TYPE,County,,,,TO,Apr-2001,Apr-2001,Apr-2001,Apr-2001,Apr-2001,Apr-2001,Apr-2001
GEO_HIERARCHY,NeSS Geography Hierarchy,,,,HEADING,All People,Single (never married),Married (first marriage),Re-married,Separated (but still legally married),Divorced,Widowed
,,,,,MEASUREMENT_UNIT,Count,Count,Count,Count,Count,Count,Count
,,,,,STATISTICAL_UNIT,Persons,Persons,Persons,Persons,Persons,Persons,Persons
GOR_CODE,GOR_NAME,CTY_CODE,CTY_NAME,AREA_METADATA,,DATA_VALUE,DATA_VALUE,DATA_VALUE,DATA_VALUE,DATA_VALUE,DATA_VALUE,DATA_VALUE
"A","North East","20","Durham",,,493470,203064,180646,29501,8858,34276,37125
"A","North East","35","Northumberland",,,307190,117915,120404,20005,6004,19702,23160