DATASET_TITLE,Qualifications (UV24),,,,,,FROM,Apr-2001,Apr-2001,Apr-2001,Apr-2001,Apr-2001,Apr-2001,Apr-2001
AREA_TYPE,Local Authority,,,,,,TO,Apr-2001,Apr-2001,Apr-2001,Apr-2001,Apr-2001,Apr-2001,Apr-2001
GEO_HIERARCHY,NeSS Geography Hierarchy,,,,,,HEADING,All People,No qualifications,Level 1 qualifications,Level 2 qualifications,Level 3 qualifications,Level 4 / 5 qualifications,Other qualifications: Level unknown
,,,,,,,MEASUREMENT_UNIT,Count,Count,Count,Count,Count,Count,Count
,,,,,,,STATISTICAL_UNIT,Persons,Persons,Persons,Persons,Persons,Persons,Persons
GOR_CODE,GOR_NAME,CTY_CODE,CTY_NAME,LA_CODE,LA_NAME,AREA_METADATA,,DATA_VALUE,DATA_VALUE,DATA_VALUE,DATA_VALUE,DATA_VALUE,DATA_VALUE,DATA_VALUE
"D","Yorkshire and The Humber",,,"00CC","Barnsley",,,157569,64691,28342,26302,8465,17430,12339
"D","Yorkshire and The Humber",,,"00CE","Doncaster",,,206011,78581,38305,38203,11213,24276,15433
"D","Yorkshire and The Humber",,,"00CF","Rotherham",,,178329,65586,34317,33458,9858,20509,14601
"D","Yorkshire and The Humber",,,"00CG","Sheffield",,,374143,119880,59360,59910,38832,70451,25710
"D","Yorkshire and The Humber",,,"00CX","Bradford",,,326778,114762,55002,57657,24047,51840,23470
"D","Yorkshire and The Humber",,,"00CY","Calderdale",,,136731,42655,24373,26159,9225,23430,10889
"D","Yorkshire and The Humber",,,"00CZ","Kirklees",,,277601,91275,46285,49491,20779,46955,22816
"D","Yorkshire and The Humber",,,"00DA","Leeds",,,520479,160778,82986,87308,53782,100024,35601
"D","Yorkshire and The Humber",,,"00DB","Wakefield",,,228151,89309,40791,38244,12736,28456,18615
"D","Yorkshire and The Humber",,,"00FA","Kingston upon Hull, City of",,,173804,71549,30224,28544,13413,17278,12796
"D","Yorkshire and The Humber",,,"00FB","East Riding of Yorkshire",,,228524,66680,40290,44916,16026,41296,19316
"D","Yorkshire and The Humber",,,"00FC","North East Lincolnshire",,,110925,41180,21180,21663,5838,11676,9388
"D","Yorkshire and The Humber",,,"00FD","North Lincolnshire",,,110156,36423,22421,22379,6085,14189,8659
"D","Yorkshire and The Humber",,,"00FF","York",,,134547,33071,19949,24766,15228,31704,9829
"D","Yorkshire and The Humber","36","North Yorkshire","36UB","Craven",,,38146,9723,6272,7679,2731,8764,2977
"D","Yorkshire and The Humber","36","North Yorkshire","36UC","Hambleton",,,61275,15258,9789,12732,4361,14530,4605
"D","Yorkshire and The Humber","36","North Yorkshire","36UD","Harrogate",,,109225,23685,17483,24188,9707,27129,7033
"D","Yorkshire and The Humber","36","North Yorkshire","36UE","Richmondshire",,,34557,8506,6393,7754,2556,6586,2762
"D","Yorkshire and The Humber","36","North Yorkshire","36UF","Ryedale",,,36536,11141,6001,7187,2372,7044,2791
"D","Yorkshire and The Humber","36","North Yorkshire","36UG","Scarborough",,,75535,24477,12630,14209,5052,12178,6989
"D","Yorkshire and The Humber","36","North Yorkshire","36UH","Selby",,,55309,15601,10429,11577,3541,9657,4504