DATASET_TITLE,"Resident Population Estimates by Broad Age Band, Mid 2002",,,,,,FROM,Jun-2002,Jun-2002,Jun-2002,Jun-2002,Jun-2002,Jun-2002,Jun-2002,Jun-2002,Jun-2002,Jun-2002,Jun-2002,Jun-2002,Jun-2002,Jun-2002,Jun-2002,Jun-2002,Jun-2002,Jun-2002,Jun-2002,Jun-2002,Jun-2002,Jun-2002,Jun-2002,Jun-2002,Jun-2002,Jun-2002,Jun-2002,Jun-2002,Jun-2002,Jun-2002,Jun-2002,Jun-2002,Jun-2002,Jun-2002,Jun-2002,Jun-2002,Jun-2002,Jun-2002,Jun-2002,Jun-2002,Jun-2002
AREA_TYPE,Local Authority,,,,,,TO,Jun-2002,Jun-2002,Jun-2002,Jun-2002,Jun-2002,Jun-2002,Jun-2002,Jun-2002,Jun-2002,Jun-2002,Jun-2002,Jun-2002,Jun-2002,Jun-2002,Jun-2002,Jun-2002,Jun-2002,Jun-2002,Jun-2002,Jun-2002,Jun-2002,Jun-2002,Jun-2002,Jun-2002,Jun-2002,Jun-2002,Jun-2002,Jun-2002,Jun-2002,Jun-2002,Jun-2002,Jun-2002,Jun-2002,Jun-2002,Jun-2002,Jun-2002,Jun-2002,Jun-2002,Jun-2002,Jun-2002,Jun-2002
GEO_HIERARCHY,NeSS Geography Hierarchy,,,,,,HEADING,All Persons; All Ages,All Persons; Aged 0-15,All Persons; Aged 0-15,All Persons; Aged 16-24,All Persons; Aged 16-24,All Persons; Aged 25-49,All Persons; Aged 25-49,"All Persons; Aged 50-64 (Males), 50-59 (Females)","All Persons; Aged 50-64 (Males), 50-59 (Females)","All Persons; Aged 65 and Over (Males), 60 and Over (Females)","All Persons; Aged 65 and Over (Males), 60 and Over (Females)","All Persons; Aged 16-64 (Males), 16-59 (Females)","All Persons; Aged 16-64 (Males), 16-59 (Females)",Males; All Ages,Males; All Ages,Males; Aged 0-15,Males; Aged 0-15,Males; Aged 16-24,Males; Aged 16-24,Males; Aged 25-49,Males; Aged 25-49,Males; Aged 50-64,Males; Aged 50-64,Males; Aged 65 and Over,Males; Aged 65 and Over,Males; Aged 16-64,Males; Aged 16-64,Females; All Ages,Females; All Ages,Females; Aged 0-15,Females; Aged 0-15,Females; Aged 16-24,Females; Aged 16-24,Females; Aged 25-49,Females; Aged 25-49,Females; Aged 50-59,Females; Aged 50-59,Females; Aged 60 and Over,Females; Aged 60 and Over,Females; Aged 16-59,Females; Aged 16-59
,,,,,,,MEASUREMENT_UNIT,Count,Count,Percentage,Count,Percentage,Count,Percentage,Count,Percentage,Count,Percentage,Count,Percentage,Count,Percentage,Count,Percentage,Count,Percentage,Count,Percentage,Count,Percentage,Count,Percentage,Count,Percentage,Count,Percentage,Count,Percentage,Count,Percentage,Count,Percentage,Count,Percentage,Count,Percentage,Count,Percentage
,,,,,,,STATISTICAL_UNIT,Persons,Persons,Persons,Persons,Persons,Persons,Persons,Persons,Persons,Persons,Persons,Persons,Persons,Persons,Persons,Persons,Persons,Persons,Persons,Persons,Persons,Persons,Persons,Persons,Persons,Persons,Persons,Persons,Persons,Persons,Persons,Persons,Persons,Persons,Persons,Persons,Persons,Persons,Persons,Persons,Persons
GOR_CODE,GOR_NAME,CTY_CODE,CTY_NAME,LA_CODE,LA_NAME,AREA_METADATA,,DATA_VALUE,DATA_VALUE,DATA_VALUE,DATA_VALUE,DATA_VALUE,DATA_VALUE,DATA_VALUE,DATA_VALUE,DATA_VALUE,DATA_VALUE,DATA_VALUE,DATA_VALUE,DATA_VALUE,DATA_VALUE,DATA_VALUE,DATA_VALUE,DATA_VALUE,DATA_VALUE,DATA_VALUE,DATA_VALUE,DATA_VALUE,DATA_VALUE,DATA_VALUE,DATA_VALUE,DATA_VALUE,DATA_VALUE,DATA_VALUE,DATA_VALUE,DATA_VALUE,DATA_VALUE,DATA_VALUE,DATA_VALUE,DATA_VALUE,DATA_VALUE,DATA_VALUE,DATA_VALUE,DATA_VALUE,DATA_VALUE,DATA_VALUE,DATA_VALUE,DATA_VALUE
"A","North East",,,"00CH","Gateshead",,,190900,36400,19.1,20100,10.6,66500,34.8,29300,15.3,38600,20.2,115900,60.7,92600,48.5,18700,20.2,10300,11.1,32600,35.2,17000,18.4,14000,15.1,59800,64.6,98300,51.5,17700,18,9900,10.1,33900,34.5,12200,12.5,24600,25,56000,57
"A","North East",,,"00CJ","Newcastle upon Tyne",,,267800,48600,18.1,44800,16.7,91200,34.1,34500,12.9,48600,18.2,170600,63.7,130100,48.6,25000,19.2,22100,17,45400,34.9,20200,15.5,17400,13.4,87700,67.4,137700,51.4,23500,17.1,22700,16.5,45800,33.3,14300,10.4,31300,22.7,82900,60.2
"A","North East",,,"00CK","North Tyneside",,,192500,36400,18.9,19000,9.9,67900,35.3,29900,15.5,39300,20.4,116800,60.7,92400,48,18500,20.1,9400,10.2,33100,35.8,17200,18.6,14100,15.3,59700,64.7,100100,52,17900,17.8,9600,9.6,34800,34.8,12700,12.7,25200,25.1,57100,57
"A","North East",,,"00CL","South Tyneside",,,152500,30200,19.8,16400,10.7,52200,34.2,22400,14.7,31400,20.6,90900,59.7,73900,48.5,15600,21.1,8200,11.2,25500,34.5,13100,17.8,11400,15.5,46900,63.5,78600,51.5,14600,18.6,8100,10.3,26600,33.9,9300,11.8,19900,25.4,44100,56.1
"A","North East",,,"00CM","Sunderland",,,283600,55400,19.5,35900,12.6,98300,34.7,42400,14.9,51700,18.2,176500,62.2,137800,48.6,28400,20.6,18300,13.3,48100,34.9,24300,17.6,18700,13.6,90700,65.8,145800,51.4,27000,18.5,17600,12.1,50200,34.4,18100,12.4,33000,22.6,85800,58.8
"A","North East",,,"00EB","Hartlepool",,,89900,19400,21.5,9700,10.8,30700,34.1,13200,14.7,17000,18.9,53600,59.6,43500,48.3,9800,22.6,4800,11.1,14900,34.2,7700,17.8,6200,14.3,27400,63.1,46500,51.7,9500,20.5,4900,10.6,15800,34,5500,11.9,10700,23.1,26200,56.4
"A","North East",,,"00EC","Middlesbrough",,,140400,30100,21.4,19600,14,48200,34.3,18600,13.2,23900,17,86400,61.5,68600,48.9,15200,22.2,10000,14.6,23700,34.5,10800,15.8,8800,12.8,44600,65,71800,51.1,14800,20.7,9600,13.4,24500,34.1,7800,10.8,15100,21.1,41800,58.3
"A","North East",,,"00EE","Redcar and Cleveland",,,138700,27900,20.1,14600,10.5,45300,32.7,23200,16.7,27600,19.9,83100,60,66900,48.3,14200,21.3,7200,10.8,21800,32.6,13600,20.3,10000,15,42700,63.8,71700,51.7,13700,19,7400,10.3,23500,32.7,9600,13.4,17600,24.6,40500,56.4
"A","North East",,,"00EF","Stockton-on-Tees",,,185100,39000,21.1,20800,11.2,66100,35.7,27800,15,31400,17,114700,62,90300,48.8,20200,22.3,10400,11.5,32200,35.6,16100,17.8,11500,12.7,58700,64.9,94800,51.2,18800,19.8,10400,11,34000,35.8,11700,12.3,19900,21,56000,59.1
"A","North East",,,"00EH","Darlington",,,98100,19700,20.1,9600,9.8,34100,34.8,15400,15.7,19200,19.6,59200,60.3,47100,48,10000,21.2,4700,10,16600,35.3,8900,19,6800,14.5,30300,64.3,51000,52,9700,19,4900,9.6,17500,34.3,6500,12.7,12400,24.3,28900,56.7
"A","North East",,,"00EJ","Durham",,,..,..,..,..,..,..,..,..,..,..,..,..,..,..,..,..,..,..,..,..,..,..,..,..,..,..,..,..,..,..,..,..,..,..,..,..,..,..,..,..,..
"A","North East",,,"00EM","Northumberland",,,..,..,..,..,..,..,..,..,..,..,..,..,..,..,..,..,..,..,..,..,..,..,..,..,..,..,..,..,..,..,..,..,..,..,..,..,..,..,..,..,..
"B","North West",,,"00BL","Bolton",,,261800,56100,21.4,28800,11,91300,34.9,40200,15.3,45500,17.4,160300,61.2,127800,48.8,28500,22.3,14700,11.5,45000,35.2,23300,18.3,16200,12.7,83100,65,134000,51.2,27600,20.6,14100,10.5,46300,34.5,16800,12.6,29300,21.8,77200,57.6
"B","North West",,,"00BM","Bury",,,181100,38600,21.3,18200,10,64500,35.6,28300,15.6,31500,17.4,110900,61.3,88300,48.8,19800,22.4,9300,10.6,31700,35.9,16200,18.4,11200,12.7,57300,64.9,92800,51.2,18800,20.3,8800,9.5,32700,35.3,12100,13,20300,21.9,53600,57.8
"B","North West",,,"00BN","Manchester",,,426000,85400,20,78500,18.4,152000,35.7,47300,11.1,62800,14.7,277800,65.2,212100,49.8,44000,20.7,38800,18.3,78700,37.1,27900,13.2,22600,10.7,145500,68.6,213900,50.2,41400,19.3,39700,18.5,73300,34.2,19400,9.1,40200,18.8,132300,61.9
"B","North West",,,"00BP","Oldham",,,218100,49500,22.7,23900,10.9,75500,34.6,32700,15,36500,16.7,132100,60.6,106400,48.8,25600,24.1,11900,11.2,37300,35,18800,17.7,12800,12,67900,63.9,111800,51.2,23900,21.4,12000,10.8,38200,34.2,13900,12.4,23700,21.2,64200,57.4
"B","North West",,,"00BQ","Rochdale",,,206000,46200,22.4,22600,11,72400,35.2,30600,14.8,34200,16.6,125600,61,100600,48.8,23700,23.6,11300,11.2,35700,35.5,17600,17.5,12300,12.2,64600,64.2,105400,51.2,22500,21.3,11300,10.7,36700,34.8,13000,12.3,21900,20.8,61100,57.9
"B","North West",,,"00BR","Salford",,,216300,42800,19.8,28500,13.2,74800,34.6,30200,14,40000,18.5,133500,61.7,107300,49.6,22000,20.5,14600,13.6,38600,36,17700,16.5,14400,13.4,70900,66.1,109000,50.4,20800,19,13900,12.7,36200,33.2,12600,11.5,25600,23.5,62600,57.5
"B","North West",,,"00BS","Stockport",,,283800,56900,20,26900,9.5,100300,35.4,44800,15.8,54800,19.3,172100,60.6,137000,48.3,29000,21.2,13500,9.8,49200,35.9,25900,18.9,19500,14.2,88500,64.6,146800,51.7,27900,19,13500,9.2,51200,34.9,18900,12.9,35300,24.1,83600,56.9
"B","North West",,,"00BT","Tameside",,,213100,45000,21.1,22300,10.5,75900,35.6,32700,15.3,37200,17.4,130900,61.4,103600,48.6,22900,22.1,11100,10.7,37400,36.1,19100,18.4,13100,12.6,67600,65.3,109500,51.4,22100,20.2,11200,10.2,38500,35.2,13600,12.4,24100,22,63300,57.8
"B","North West",,,"00BU","Trafford",,,210200,42000,20,20900,10,76900,36.6,31000,14.7,39400,18.7,128700,61.3,102600,48.8,21700,21.1,10700,10.4,38200,37.2,17600,17.2,14400,14.1,66500,64.8,107600,51.2,20300,18.9,10300,9.5,38700,36,13300,12.4,25000,23.2,62300,57.9
"B","North West",,,"00BW","Wigan",,,301600,61000,20.2,31300,10.4,107200,35.5,50100,16.6,52000,17.2,188600,62.5,148200,49.2,31200,21,16100,10.9,53300,36,29200,19.7,18400,12.4,98600,66.5,153400,50.8,29900,19.5,15200,9.9,53800,35.1,20900,13.6,33500,21.9,90000,58.7
"B","North West",,,"00BX","Knowsley",,,150700,33600,22.3,17400,11.5,53500,35.5,20000,13.2,26300,17.5,90900,60.3,71600,47.5,17000,23.8,8700,12.2,25200,35.2,11400,15.9,9300,13,45300,63.2,79100,52.5,16500,20.9,8700,11,28300,35.8,8600,10.8,17000,21.5,45500,57.6
"B","North West",,,"00BY","Liverpool",,,441500,86000,19.5,68600,15.5,151900,34.4,58100,13.2,76900,17.4,278600,63.1,212900,48.2,44200,20.8,33400,15.7,73900,34.7,33500,15.7,27900,13.1,140800,66.1,228600,51.8,41800,18.3,35200,15.4,78000,34.1,24600,10.8,49000,21.4,137800,60.3
"B","North West",,,"00BZ","St. Helens",,,176600,36200,20.5,18300,10.3,60600,34.3,28700,16.2,32900,18.6,107600,60.9,85600,48.5,18500,21.6,9200,10.7,29600,34.6,16600,19.4,11700,13.7,55400,64.7,91000,51.5,17700,19.4,9100,10,31000,34,12100,13.3,21200,23.3,52100,57.3
"B","North West",,,"00CA","Sefton",,,281000,55900,19.9,27700,9.8,91600,32.6,43500,15.5,62400,22.2,162700,57.9,132600,47.2,28400,21.4,14200,10.7,43500,32.8,24700,18.6,21900,16.5,82400,62.1,148400,52.8,27500,18.6,13500,9.1,48100,32.4,18800,12.6,40500,27.3,80300,54.1
"B","North West",,,"00CB","Wirral",,,314000,63900,20.4,31100,9.9,102600,32.7,50400,16.1,66000,21,184200,58.6,148600,47.3,32700,22,15600,10.5,48200,32.4,29000,19.5,23100,15.6,92800,62.4,165500,52.7,31200,18.9,15500,9.4,54400,32.9,21500,13,42900,25.9,91400,55.2
"B","North West",,,"00EQ","Cheshire East",,,..,..,..,..,..,..,..,..,..,..,..,..,..,..,..,..,..,..,..,..,..,..,..,..,..,..,..,..,..,..,..,..,..,..,..,..,..,..,..,..,..
"B","North West",,,"00ET","Halton",,,118200,25300,21.4,13700,11.6,41700,35.3,18800,15.9,18800,15.9,74100,62.7,57100,48.3,12800,22.5,6800,11.8,20000,35,10700,18.7,6900,12,37400,65.5,61100,51.7,12400,20.3,6900,11.3,21700,35.5,8100,13.2,12000,19.6,36700,60.1
"B","North West",,,"00EU","Warrington",,,191500,39600,20.7,19200,10,70300,36.7,29900,15.6,32600,17,119300,62.3,94200,49.2,20200,21.5,9700,10.3,35100,37.3,17300,18.4,11800,12.5,62200,66,97300,50.8,19400,19.9,9500,9.7,35100,36.1,12600,12.9,20700,21.3,57200,58.8
"B","North West",,,"00EW","Cheshire West and Chester",,,..,..,..,..,..,..,..,..,..,..,..,..,..,..,..,..,..,..,..,..,..,..,..,..,..,..,..,..,..,..,..,..,..,..,..,..,..,..,..,..,..
"B","North West",,,"00EX","Blackburn with Darwen",,,139100,34800,25,16400,11.8,48400,34.8,18300,13.2,21200,15.2,83100,59.7,68600,49.3,17900,26.1,8200,12,24300,35.4,10700,15.6,7500,10.9,43200,63,70500,50.7,16900,24,8200,11.6,24100,34.2,7600,10.8,13700,19.4,39900,56.6
"B","North West",,,"00EY","Blackpool",,,142000,26600,18.7,13500,9.5,46700,32.9,23100,16.3,32000,22.6,83400,58.7,68800,48.4,13600,19.8,6800,9.9,23200,33.7,13700,19.9,11500,16.7,43600,63.4,73200,51.6,13000,17.7,6700,9.2,23500,32.1,9400,12.9,20500,28,39700,54.3
"B","North West","16","Cumbria","16UB","Allerdale",,,93700,17600,18.8,8400,8.9,31100,33.2,16600,17.7,20100,21.4,56100,59.8,45700,48.7,9000,19.7,4400,9.6,15300,33.5,9700,21.1,7400,16.1,29300,64.2,48000,51.3,8600,17.9,4000,8.3,15800,33,6900,14.4,12700,26.4,26700,55.7
"B","North West","16","Cumbria","16UC","Barrow-in-Furness",,,71500,14700,20.5,6800,9.5,24100,33.7,11900,16.6,14100,19.7,42800,59.8,34900,48.8,7600,21.8,3300,9.6,11900,34.2,7000,20.1,5000,14.3,22300,63.9,36600,51.2,7100,19.3,3400,9.4,12200,33.2,4800,13.2,9100,24.8,20500,55.9
"B","North West","16","Cumbria","16UD","Carlisle",,,101600,18700,18.4,11000,10.8,34800,34.2,16200,16,21000,20.6,62000,61,49000,48.2,9500,19.4,5300,10.8,17200,35.1,9400,19.2,7600,15.5,31900,65.1,52600,51.8,9200,17.4,5700,10.9,17600,33.3,6800,13,13400,25.4,30100,57.2
"B","North West","16","Cumbria","16UE","Copeland",,,69100,13400,19.4,6700,9.7,24000,34.8,11400,16.5,13600,19.7,42100,61,34400,49.8,7000,20.2,3500,10.2,12100,35.2,6800,19.8,5000,14.5,22500,65.3,34600,50.2,6400,18.5,3200,9.1,11900,34.3,4600,13.3,8600,24.8,19600,56.7
"B","North West","16","Cumbria","16UF","Eden",,,50300,9000,18,4200,8.4,16700,33.3,9200,18.3,11100,22,30200,60,24800,49.3,4600,18.7,2200,8.8,8400,33.9,5300,21.6,4200,17,15900,64.3,25500,50.7,4400,17.3,2100,8.1,8300,32.7,3800,15.1,6900,27,14200,55.8
"B","North West","16","Cumbria","16UG","South Lakeland",,,102600,17700,17.3,8400,8.2,32500,31.7,18900,18.4,25100,24.5,59700,58.3,49600,48.3,9300,18.8,4200,8.5,15900,32.1,10900,22.1,9200,18.5,31100,62.7,53000,51.7,8400,15.9,4100,7.8,16500,31.2,8000,15,15900,30,28600,54
"B","North West","30","Lancashire","30UD","Burnley",,,88700,19900,22.5,9500,10.8,30200,34.1,13300,15,15700,17.7,53100,59.9,43100,48.6,10300,23.9,4700,10.9,14700,34.1,7700,17.8,5700,13.2,27100,62.9,45600,51.4,9600,21.1,4800,10.6,15500,34,5700,12.4,10000,21.9,26000,57
"B","North West","30","Lancashire","30UE","Chorley",,,101100,19700,19.4,9900,9.8,36600,36.2,17700,17.5,17200,17,64300,63.6,50300,49.8,10000,19.9,5200,10.3,18600,37,10400,20.6,6100,12.2,34200,67.9,50800,50.2,9700,19,4700,9.3,18000,35.4,7400,14.5,11000,21.7,30100,59.3
"B","North West","30","Lancashire","30UF","Fylde",,,73800,12700,17.3,6000,8.1,23600,31.9,12400,16.7,19100,25.9,41900,56.8,35600,48.2,6500,18.1,3200,9,11800,33.3,7200,20.2,6900,19.3,22200,62.6,38200,51.8,6300,16.4,2800,7.3,11700,30.7,5200,13.5,12300,32.1,19700,51.5
"B","North West","30","Lancashire","30UG","Hyndburn",,,81400,18300,22.5,8500,10.5,28000,34.4,12100,14.9,14400,17.7,48600,59.8,39700,48.9,9400,23.6,4300,10.7,13900,35,7100,17.9,5100,12.8,25300,63.6,41600,51.1,8900,21.5,4300,10.2,14100,34,5000,12,9300,22.4,23400,56.1
"B","North West","30","Lancashire","30UH","Lancaster",,,134400,24800,18.4,20200,15,42200,31.4,19900,14.8,27400,20.4,82200,61.2,64500,48,12800,19.8,9900,15.3,20700,32.1,11400,17.7,9800,15.2,42000,65.1,69900,52,12000,17.2,10300,14.8,21500,30.7,8500,12.1,17600,25.2,40200,57.6
"B","North West","30","Lancashire","30UJ","Pendle",,,89000,19800,22.3,9800,11,30000,33.7,13500,15.2,15800,17.8,53400,60,43400,48.8,10100,23.3,4900,11.4,14800,34.1,7900,18.2,5600,13,27700,63.7,45600,51.2,9700,21.3,4900,10.7,15200,33.4,5600,12.3,10200,22.3,25700,56.4
"B","North West","30","Lancashire","30UK","Preston",,,131000,26500,20.2,19400,14.8,45600,34.8,17500,13.4,21900,16.7,82600,63.1,64200,49,13500,21.1,9100,14.2,23100,35.9,10400,16.2,8100,12.6,42600,66.4,66700,51,12900,19.4,10300,15.4,22600,33.8,7100,10.7,13800,20.7,40000,59.9
"B","North West","30","Lancashire","30UL","Ribble Valley",,,54800,10800,19.6,4700,8.5,18600,33.9,9800,17.8,11100,20.2,33000,60.2,26800,48.8,5500,20.7,2400,9,9100,34.2,5600,21.1,4000,15,17200,64.2,28000,51.2,5200,18.6,2300,8.1,9400,33.6,4100,14.7,7000,25.1,15800,56.3
"B","North West","30","Lancashire","30UM","Rossendale",,,65500,14400,22,6400,9.7,23100,35.2,10700,16.3,10900,16.7,40200,61.3,31900,48.7,7300,23,3300,10.2,11200,35.1,6200,19.3,4000,12.4,20600,64.6,33600,51.3,7100,21.1,3100,9.3,11900,35.4,4500,13.4,7000,20.8,19500,58.1
"B","North West","30","Lancashire","30UN","South Ribble",,,104500,20900,20,10200,9.8,36800,35.2,17500,16.7,19200,18.4,64400,61.6,51100,48.8,10700,20.9,5200,10.2,18100,35.4,10000,19.7,7000,13.7,33400,65.3,53500,51.2,10200,19.1,5000,9.3,18700,34.9,7400,13.9,12200,22.8,31100,58.1
"B","North West","30","Lancashire","30UP","West Lancashire",,,108900,21700,20,11900,11,36000,33,18700,17.2,20500,18.8,66600,61.2,52500,48.3,11300,21.4,5800,11,17400,33.1,10600,20.2,7500,14.2,33800,64.4,56300,51.7,10500,18.6,6100,10.9,18600,33,8100,14.4,13000,23.1,32800,58.3
"B","North West","30","Lancashire","30UQ","Wyre",,,106800,19600,18.4,9300,8.7,32600,30.5,17900,16.7,27400,25.7,59700,55.9,50900,47.7,10000,19.6,4900,9.5,15800,31.1,10300,20.2,10000,19.6,31000,60.8,55900,52.3,9600,17.2,4500,8,16700,29.9,7600,13.6,17500,31.2,28800,51.5
"D","Yorkshire and The Humber",,,"00CC","Barnsley",,,218600,44000,20.1,21800,10,76900,35.2,34600,15.8,41300,18.9,133400,61,106400,48.7,22400,21.1,11100,10.4,37900,35.6,20100,18.9,14900,14,69100,64.9,112200,51.3,21600,19.2,10700,9.6,39100,34.8,14500,12.9,26400,23.5,64300,57.3
"D","Yorkshire and The Humber",,,"00CE","Doncaster",,,287700,59200,20.6,30100,10.5,98900,34.4,44500,15.5,55000,19.1,173500,60.3,140800,48.9,30200,21.4,15700,11.2,49000,34.8,25600,18.2,20300,14.4,90300,64.1,146900,51.1,29000,19.8,14400,9.8,49900,34,18900,12.9,34700,23.6,83200,56.7
"D","Yorkshire and The Humber",,,"00CF","Rotherham",,,249400,51800,20.8,25500,10.2,86800,34.8,39400,15.8,45900,18.4,151800,60.8,121400,48.7,26400,21.8,12800,10.5,42700,35.2,22900,18.9,16600,13.7,78400,64.6,128100,51.3,25400,19.8,12800,10,44100,34.4,16500,12.9,29300,22.9,73400,57.3
"D","Yorkshire and The Humber",,,"00CG","Sheffield",,,514300,97000,18.9,72300,14,175500,34.1,73000,14.2,96600,18.8,320700,62.4,251200,48.8,49700,19.8,36500,14.5,88000,35,42300,16.8,34600,13.8,166900,66.4,263100,51.2,47300,18,35700,13.6,87500,33.3,30600,11.6,61900,23.5,153900,58.5
"D","Yorkshire and The Humber",,,"00CX","Bradford",,,473900,109200,23,60400,12.7,163000,34.4,63100,13.3,78200,16.5,286500,60.5,230000,48.5,55300,24.1,29800,13,80800,35.2,36300,15.8,27700,12,147000,63.9,243900,51.5,53900,22.1,30600,12.6,82200,33.7,26700,11,50600,20.7,139500,57.2
"D","Yorkshire and The Humber",,,"00CY","Calderdale",,,193000,40700,21.1,18700,9.7,68300,35.4,30500,15.8,34700,18,117600,60.9,93400,48.4,20900,22.3,9400,10.1,33300,35.6,17600,18.9,12200,13.1,60300,64.6,99700,51.6,19900,19.9,9300,9.4,35100,35.2,12900,12.9,22500,22.6,57200,57.4
"D","Yorkshire and The Humber",,,"00CZ","Kirklees",,,390900,84000,21.5,45300,11.6,136300,34.9,59000,15.1,66300,17,240600,61.5,190100,48.6,42900,22.6,22700,12,67000,35.3,33800,17.8,23600,12.4,123600,65,200800,51.4,41200,20.5,22500,11.2,69300,34.5,25200,12.5,42700,21.2,117000,58.3
"D","Yorkshire and The Humber",,,"00DA","Leeds",,,720300,140600,19.5,105300,14.6,249300,34.6,98700,13.7,126500,17.6,453200,62.9,347700,48.3,71800,20.7,51400,14.8,122000,35.1,56700,16.3,45800,13.2,230000,66.2,372700,51.7,68800,18.5,53900,14.5,127300,34.2,42100,11.3,80700,21.7,223200,59.9
"D","Yorkshire and The Humber",,,"00DB","Wakefield",,,316800,64000,20.2,32700,10.3,113300,35.8,49600,15.7,57200,18.1,195600,61.7,154100,48.6,32500,21.1,16100,10.4,56100,36.4,28800,18.7,20600,13.4,101000,65.5,162700,51.4,31500,19.3,16600,10.2,57200,35.2,20800,12.8,36600,22.5,94600,58.1
"D","Yorkshire and The Humber",,,"00FA","Kingston upon Hull, City of",,,249900,51700,20.7,34800,13.9,87500,35,33000,13.2,42900,17.2,155300,62.2,123800,49.5,26500,21.4,17400,14.1,44800,36.2,19300,15.6,15800,12.7,81600,65.9,126100,50.5,25200,20,17400,13.8,42700,33.9,13700,10.8,27100,21.5,73800,58.5
"D","Yorkshire and The Humber",,,"00FB","East Riding of Yorkshire",,,319200,59300,18.6,29100,9.1,104300,32.7,57400,18,69000,21.6,190900,59.8,155400,48.7,30300,19.5,15200,9.8,51500,33.1,33000,21.2,25500,16.4,99600,64.1,163800,51.3,29000,17.7,13900,8.5,52800,32.3,24500,14.9,43600,26.6,91300,55.7
"D","Yorkshire and The Humber",,,"00FC","North East Lincolnshire",,,157800,34100,21.6,16300,10.3,52800,33.5,24000,15.2,30600,19.4,93100,59,76600,48.5,17400,22.7,8100,10.6,25900,33.8,14100,18.3,11200,14.6,48100,62.7,81200,51.5,16800,20.7,8200,10.1,26900,33.1,9900,12.2,19400,23.9,45000,55.5
"D","Yorkshire and The Humber",,,"00FD","North Lincolnshire",,,153900,30800,20,14700,9.5,52300,34,25900,16.8,30400,19.7,92800,60.3,75200,48.9,15700,20.9,7400,9.8,25800,34.4,15100,20,11200,14.9,48300,64.2,78700,51.1,15000,19.1,7300,9.3,26400,33.6,10800,13.7,19200,24.4,44500,56.5
"D","Yorkshire and The Humber",,,"00FF","York",,,182400,31300,17.2,25800,14.1,62800,34.4,27100,14.9,35400,19.4,115600,63.4,87500,48,15800,18.1,12600,14.3,30800,35.2,15400,17.6,12900,14.7,58800,67.2,94900,52,15500,16.3,13200,13.9,31900,33.7,11700,12.3,22600,23.8,56800,59.9
"D","Yorkshire and The Humber","36","North Yorkshire","36UB","Craven",,,53800,10100,18.8,4300,8,17000,31.7,9700,18,12600,23.5,31000,57.7,25900,48.2,5100,19.7,2300,9,8300,32.1,5600,21.6,4600,17.7,16200,62.6,27900,51.8,5000,18,2000,7.1,8700,31.3,4100,14.8,8100,28.9,14800,53.1
"D","Yorkshire and The Humber","36","North Yorkshire","36UC","Hambleton",,,84900,16100,18.9,7300,8.6,28300,33.3,15500,18.3,17700,20.9,51100,60.2,41900,49.4,8200,19.7,4000,9.6,14000,33.4,9000,21.4,6700,15.9,27000,64.4,43000,50.6,7800,18.2,3200,7.6,14300,33.3,6500,15.2,11100,25.8,24100,56
"D","Yorkshire and The Humber","36","North Yorkshire","36UD","Harrogate",,,151800,29000,19.1,14400,9.5,52800,34.8,24600,16.2,31000,20.4,91800,60.5,73700,48.5,14800,20.1,7900,10.7,25800,35,14200,19.2,11000,14.9,47900,65,78100,51.5,14200,18.2,6500,8.3,27000,34.6,10400,13.4,20000,25.6,43900,56.2
"D","Yorkshire and The Humber","36","North Yorkshire","36UE","Richmondshire",,,48300,9400,19.5,6300,13.1,16400,34,7500,15.6,8600,17.8,30300,62.7,25100,52.1,4900,19.4,4300,17.2,8500,33.7,4300,17.1,3200,12.6,17100,68,23100,47.9,4500,19.6,2000,8.7,8000,34.4,3200,13.8,5400,23.4,13200,57
"D","Yorkshire and The Humber","36","North Yorkshire","36UF","Ryedale",,,51000,9500,18.5,4100,8,15900,31.2,9400,18.4,12200,23.8,29400,57.6,25200,49.3,5000,19.8,2200,8.8,7800,31.2,5500,21.7,4700,18.6,15500,61.7,25900,50.7,4500,17.3,1900,7.3,8100,31.3,3900,15.1,7500,29,13900,53.7
"D","Yorkshire and The Humber","36","North Yorkshire","36UG","Scarborough",,,107100,19300,18,10200,9.5,32200,30,19100,17.8,26400,24.7,61400,57.3,50800,47.5,9900,19.5,5100,10,15400,30.2,10900,21.5,9600,18.9,31400,61.7,56300,52.5,9400,16.6,5100,9,16800,29.9,8200,14.5,16800,29.9,30100,53.4
"D","Yorkshire and The Humber","36","North Yorkshire","36UH","Selby",,,77100,16100,20.8,6700,8.7,27800,36,13100,17,13400,17.4,47600,61.7,37700,48.9,8100,21.4,3400,9.1,13600,36,7600,20.1,5000,13.3,24600,65.3,39400,51.1,8000,20.3,3200,8.2,14200,36.1,5500,14.1,8400,21.3,23000,58.3
"E","East Midlands",,,"00FK","Derby",,,232200,47900,20.6,29500,12.7,81100,34.9,31600,13.6,42200,18.2,142200,61.2,114500,49.3,24600,21.4,14600,12.8,40900,35.7,18600,16.3,15800,13.8,74200,64.7,117700,50.7,23300,19.8,14900,12.6,40200,34.2,13000,11,26300,22.4,68100,57.8
"E","East Midlands",,,"00FN","Leicester",,,283000,61300,21.7,44500,15.7,101100,35.7,32900,11.6,43200,15.3,178500,63.1,137800,48.7,31100,22.6,21300,15.4,50700,36.8,19000,13.8,15700,11.4,91000,66,145200,51.3,30200,20.8,23200,16,50300,34.7,14000,9.6,27500,19,87500,60.2
"E","East Midlands",,,"00FP","Rutland",,,34900,7100,20.3,3500,10,11400,32.6,6000,17.3,6900,19.9,20900,59.8,17800,51.1,3800,21.3,2100,11.6,5900,33,3500,19.4,2600,14.6,11400,64,17100,48.9,3300,19.2,1400,8.3,5500,32.1,2600,15,4300,25.4,9500,55.4
"E","East Midlands",,,"00FY","Nottingham",,,272200,51900,19.1,53100,19.5,93600,34.4,30400,11.2,43300,15.9,177100,65,136200,50,26600,19.6,27100,19.9,48400,35.5,18000,13.2,16100,11.8,93500,68.6,136000,50,25300,18.6,26000,19.1,45200,33.2,12400,9.1,27200,20,83600,61.5
"E","East Midlands","17","Derbyshire","17UB","Amber Valley",,,117200,22700,19.4,10400,8.9,41000,35,20400,17.4,22700,19.4,71800,61.3,57500,49.1,11600,20.1,5300,9.2,20400,35.5,11800,20.6,8400,14.6,37500,65.3,59700,50.9,11100,18.6,5100,8.6,20600,34.6,8500,14.3,14300,24,34300,57.4
"E","East Midlands","17","Derbyshire","17UC","Bolsover",,,72500,14200,19.7,6800,9.4,25300,34.9,11700,16.2,14400,19.8,43800,60.5,35600,49.1,7400,20.8,3500,9.7,12500,35.2,6900,19.3,5300,15,22800,64.2,36900,50.9,6900,18.6,3400,9.1,12800,34.7,4800,13.1,9000,24.5,21000,56.9
"E","East Midlands","17","Derbyshire","17UD","Chesterfield",,,99000,18900,19.1,9400,9.5,34700,35.1,15900,16.1,20100,20.3,60100,60.6,48400,48.9,9900,20.4,4900,10,17200,35.5,9100,18.9,7300,15.1,31200,64.5,50700,51.1,9100,17.9,4500,9,17500,34.6,6800,13.4,12700,25.2,28800,57
"E","East Midlands","17","Derbyshire","17UF","Derbyshire Dales",,,69300,12600,18.2,5400,7.8,22500,32.4,13300,19.2,15500,22.4,41200,59.5,34200,49.3,6500,19,2900,8.5,11300,33.1,7700,22.7,5700,16.7,22000,64.4,35100,50.7,6100,17.4,2500,7.2,11200,31.8,5500,15.8,9800,27.9,19200,54.7
"E","East Midlands","17","Derbyshire","17UG","Erewash",,,110300,22200,20.2,10500,9.5,39500,35.8,17700,16.1,20300,18.4,67700,61.4,53900,48.9,11400,21.1,5300,9.8,19500,36.1,10300,19.2,7400,13.8,35100,65.1,56300,51.1,10900,19.3,5200,9.2,20000,35.5,7400,13.1,12900,22.9,32600,57.9
"E","East Midlands","17","Derbyshire","17UH","High Peak",,,89500,18300,20.4,8000,8.9,32000,35.7,15000,16.7,16300,18.2,55000,61.4,44100,49.3,9500,21.5,4000,9.1,15900,36.1,8700,19.8,5900,13.5,28700,65,45400,50.7,8800,19.3,4000,8.7,16100,35.4,6300,13.8,10300,22.8,26300,57.9
"E","East Midlands","17","Derbyshire","17UJ","North East Derbyshire",,,96900,17700,18.2,8900,9.2,32200,33.2,17700,18.3,20500,21.1,58800,60.7,47500,49,9100,19.1,4700,9.9,15800,33.2,10200,21.5,7700,16.1,30800,64.7,49400,51,8600,17.3,4200,8.5,16400,33.1,7500,15.1,12800,25.9,28000,56.8
"E","East Midlands","17","Derbyshire","17UK","South Derbyshire",,,83400,17200,20.6,7700,9.3,30700,36.9,13600,16.4,14100,16.9,52100,62.5,41300,49.5,9000,21.8,3900,9.5,15200,36.7,7900,19.2,5300,12.9,27000,65.3,42100,50.5,8200,19.4,3800,9.1,15600,37,5700,13.6,8800,20.8,25200,59.8
"E","East Midlands","31","Leicestershire","31UB","Blaby",,,91300,18200,19.9,8700,9.5,33000,36.2,14900,16.3,16500,18.1,56600,62,45400,49.7,9300,20.4,4900,10.7,16500,36.3,8500,18.6,6300,14,29800,65.6,45900,50.3,8900,19.4,3800,8.4,16600,36.1,6400,13.9,10200,22.2,26800,58.4
"E","East Midlands","31","Leicestershire","31UC","Charnwood",,,154000,29000,18.8,23000,15,51100,33.2,24000,15.6,26800,17.4,98200,63.8,76500,49.7,15000,19.5,12600,16.4,25100,32.8,13800,18,10100,13.1,51500,67.3,77500,50.3,14000,18.1,10500,13.5,26000,33.6,10300,13.2,16800,21.6,46700,60.3
"E","East Midlands","31","Leicestershire","31UD","Harborough",,,78200,15800,20.2,6600,8.4,27900,35.7,13600,17.3,14300,18.3,48100,61.5,38800,49.6,8200,21.2,3400,8.8,13800,35.6,7900,20.3,5400,14,25100,64.8,39400,50.4,7600,19.3,3200,8,14100,35.8,5700,14.4,8800,22.4,22900,58.2
"E","East Midlands","31","Leicestershire","31UE","Hinckley and Bosworth",,,100500,19000,18.9,9500,9.5,35100,34.9,17900,17.8,19000,18.9,62500,62.2,49400,49.1,9700,19.6,5000,10,17400,35.2,10200,20.7,7100,14.4,32600,66,51200,50.9,9300,18.3,4600,8.9,17700,34.6,7600,14.9,11900,23.3,29900,58.5
"E","East Midlands","31","Leicestershire","31UG","Melton",,,48000,9400,19.7,4300,9,16800,35,8400,17.6,9000,18.7,29500,61.6,23600,49.1,4900,20.6,2200,9.3,8300,35.3,4900,20.8,3300,14.1,15400,65.3,24400,50.9,4600,18.8,2100,8.7,8500,34.8,3500,14.5,5700,23.2,14200,58
"E","East Midlands","31","Leicestershire","31UH","North West Leicestershire",,,86700,17000,19.7,7800,9,30800,35.5,15000,17.3,16000,18.5,53600,61.8,42800,49.4,8800,20.6,4000,9.3,15300,35.8,8700,20.3,6000,14,28000,65.4,43900,50.6,8200,18.7,3800,8.8,15500,35.3,6300,14.4,10000,22.9,25600,58.4
"E","East Midlands","31","Leicestershire","31UJ","Oadby and Wigston",,,56200,10900,19.4,7200,12.8,18300,32.6,8500,15.2,11300,20.1,34000,60.5,27500,48.9,5600,20.6,3800,13.7,8900,32.5,4900,17.8,4200,15.3,17600,64.1,28800,51.1,5300,18.3,3400,11.8,9400,32.6,3600,12.6,7100,24.6,16400,57.1
"E","East Midlands","32","Lincolnshire","32UB","Boston",,,56600,10500,18.6,5300,9.3,18200,32.1,9800,17.3,12800,22.7,33200,58.8,27800,49.2,5400,19.5,2800,10,9000,32.5,5700,20.5,4900,17.6,17500,63,28800,50.8,5100,17.7,2500,8.7,9100,31.8,4100,14.2,7900,27.6,15700,54.7
"E","East Midlands","32","Lincolnshire","32UC","East Lindsey",,,132600,22900,17.3,11400,8.6,38500,29.1,25200,19,34500,26,75200,56.7,65100,49.1,11900,18.3,6100,9.4,18900,29.1,14600,22.4,13600,20.8,39700,60.9,67500,50.9,11000,16.3,5300,7.9,19600,29.1,10600,15.8,20900,31,35600,52.7
"E","East Midlands","32","Lincolnshire","32UD","Lincoln",,,85500,16700,19.5,13100,15.3,29200,34.2,11400,13.4,15100,17.6,53800,62.9,41700,48.8,8600,20.7,6200,14.9,14800,35.4,6600,15.9,5500,13.1,27600,66.2,43800,51.2,8100,18.4,6900,15.7,14500,33.1,4800,10.9,9600,21.9,26200,59.7
"E","East Midlands","32","Lincolnshire","32UE","North Kesteven",,,96800,18700,19.3,8300,8.5,32500,33.6,16500,17.1,20800,21.5,57300,59.2,47400,48.9,9600,20.2,4400,9.4,15900,33.6,9500,20,8000,16.9,29800,62.9,49400,51.1,9100,18.5,3800,7.8,16600,33.6,7000,14.2,12800,26,27500,55.6
"E","East Midlands","32","Lincolnshire","32UF","South Holland",,,78000,14000,17.9,6200,8,24400,31.4,13800,17.6,19600,25.1,44400,57,38000,48.8,7200,18.9,3200,8.5,12100,31.8,7900,20.7,7600,20.1,23200,61,39900,51.2,6800,17,3000,7.4,12300,30.9,5900,14.8,11900,29.8,21200,53.1
"E","East Midlands","32","Lincolnshire","32UG","South Kesteven",,,125500,25400,20.2,11800,9.4,42900,34.2,21200,16.9,24300,19.3,75800,60.4,61400,48.9,13100,21.3,6100,9.9,21000,34.1,12100,19.8,9100,14.9,39200,63.8,64100,51.1,12300,19.1,5700,8.9,21900,34.2,9000,14.1,15100,23.6,36700,57.2
"E","East Midlands","32","Lincolnshire","32UH","West Lindsey",,,81100,15900,19.6,7000,8.6,26000,32,14800,18.3,17400,21.4,47800,59,39700,49,8100,20.4,3700,9.3,12600,31.7,8600,21.6,6800,17,24800,62.6,41400,51,7800,18.8,3300,8,13400,32.4,6200,15.1,10600,25.6,23000,55.5
"E","East Midlands","34","Northamptonshire","34UB","Corby",,,53200,11800,22.1,5700,10.7,19100,35.8,7800,14.6,8900,16.7,32600,61.2,26100,49,6000,22.9,2900,11.2,9400,36.2,4500,17.2,3300,12.5,16900,64.6,27100,51,5800,21.3,2800,10.3,9600,35.5,3300,12,5600,20.8,15700,57.9
"E","East Midlands","34","Northamptonshire","34UC","Daventry",,,73500,15700,21.4,6700,9.1,26600,36.2,12700,17.3,11700,16,46000,62.6,36800,50,8100,22.1,3700,10,13300,36,7300,19.8,4400,12.1,24200,65.8,36700,50,7600,20.7,3000,8.2,13400,36.4,5400,14.8,7300,19.8,21800,59.5
"E","East Midlands","34","Northamptonshire","34UD","East Northamptonshire",,,78000,16600,21.3,7100,9.1,27700,35.5,13100,16.8,13500,17.3,47900,61.4,38600,49.5,8600,22.1,3700,9.6,13800,35.7,7600,19.6,5000,13,25000,64.8,39400,50.5,8000,20.4,3400,8.7,13900,35.3,5600,14.1,8500,21.5,22900,58.1
"E","East Midlands","34","Northamptonshire","34UE","Kettering",,,83100,17000,20.5,7900,9.5,29800,35.9,13500,16.2,14800,17.8,51200,61.7,40700,49,8800,21.5,4100,10,14800,36.4,7700,18.9,5400,13.3,26500,65.2,42400,51,8300,19.5,3900,9.1,15000,35.5,5800,13.7,9400,22.2,24700,58.3
"E","East Midlands","34","Northamptonshire","34UF","Northampton",,,195000,40000,20.5,24800,12.7,71600,36.7,27800,14.3,30800,15.8,124200,63.7,95800,49.1,20600,21.6,12100,12.6,35700,37.3,15900,16.6,11400,11.9,63700,66.5,99200,50.9,19300,19.5,12700,12.8,35800,36.1,11900,12,19400,19.6,60500,60.9
"E","East Midlands","34","Northamptonshire","34UG","South Northamptonshire",,,81400,17300,21.3,6900,8.5,29900,36.7,14200,17.4,13100,16.1,51000,62.6,40500,49.7,8900,22,3600,9,14800,36.5,8200,20.2,5000,12.3,26600,65.7,40900,50.3,8400,20.6,3300,8,15100,36.9,6000,14.7,8100,19.8,24400,59.6
"E","East Midlands","34","Northamptonshire","34UH","Wellingborough",,,73200,15400,21,7200,9.8,26000,35.5,12000,16.4,12700,17.4,45100,61.6,36300,49.6,7900,21.9,3700,10.3,13000,35.9,6800,18.8,4800,13.1,23600,65,36900,50.4,7400,20.1,3400,9.3,12900,35.1,5200,14,7900,21.5,21500,58.4
"E","East Midlands","37","Nottinghamshire","37UB","Ashfield",,,112300,22500,20,11100,9.9,39800,35.4,18200,16.2,20600,18.4,69100,61.6,54800,48.8,11400,20.8,5600,10.2,19600,35.8,10700,19.4,7500,13.7,35800,65.4,57500,51.2,11100,19.3,5500,9.6,20200,35.1,7600,13.2,13100,22.8,33300,57.9
"E","East Midlands","37","Nottinghamshire","37UC","Bassetlaw",,,108400,21400,19.7,10300,9.5,37600,34.7,18300,16.9,20700,19.1,66300,61.1,53500,49.4,11000,20.5,5400,10.1,18800,35.2,10600,19.9,7700,14.4,34800,65.1,54900,50.6,10400,19,4900,9,18800,34.3,7700,14.1,13000,23.7,31400,57.3
"E","East Midlands","37","Nottinghamshire","37UD","Broxtowe",,,108100,20000,18.4,11200,10.3,38500,35.6,17800,16.5,20700,19.2,67500,62.4,53200,49.2,10300,19.3,5800,11,19200,36,10200,19.2,7700,14.5,35200,66.2,54900,50.8,9700,17.6,5300,9.7,19300,35.2,7600,13.8,13000,23.7,32300,58.7
"E","East Midlands","37","Nottinghamshire","37UE","Gedling",,,112000,21000,18.8,10600,9.5,39500,35.2,18800,16.8,22200,19.8,68800,61.4,54400,48.5,10700,19.7,5300,9.8,19200,35.3,10800,19.9,8300,15.3,35300,65,57700,51.5,10300,17.9,5300,9.1,20300,35.2,7900,13.8,13800,24,33500,58.1
"E","East Midlands","37","Nottinghamshire","37UF","Mansfield",,,98200,20000,20.3,10200,10.4,34000,34.6,15300,15.5,18700,19.1,59500,60.6,47700,48.6,10200,21.4,5100,10.7,16500,34.6,8900,18.5,7000,14.6,30500,63.9,50400,51.4,9700,19.3,5100,10.1,17500,34.6,6400,12.7,11700,23.3,29000,57.4
"E","East Midlands","37","Nottinghamshire","37UG","Newark and Sherwood",,,106900,21300,19.9,9700,9.1,36000,33.7,18400,17.2,21600,20.2,64100,59.9,52100,48.7,10900,20.9,4900,9.5,17600,33.9,10700,20.5,8000,15.3,33200,63.8,54800,51.3,10400,19,4800,8.7,18400,33.5,7700,14.1,13600,24.8,30800,56.2
"E","East Midlands","37","Nottinghamshire","37UJ","Rushcliffe",,,106700,20600,19.3,10700,10,38000,35.6,17300,16.2,20000,18.8,66100,61.9,52400,49.1,10700,20.4,5400,10.4,18900,36,10000,19.1,7400,14.1,34300,65.4,54400,50.9,9900,18.2,5300,9.7,19200,35.3,7400,13.5,12600,23.2,31800,58.5
"F","West Midlands",,,"00CN","Birmingham",,,987600,226700,23,138700,14,339100,34.3,120800,12.2,162400,16.4,598500,60.6,481500,48.8,115200,23.9,68000,14.1,168900,35.1,69900,14.5,59500,12.4,306900,63.7,506100,51.2,111500,22,70700,14,170200,33.6,50800,10,102900,20.3,291700,57.6
"F","West Midlands",,,"00CQ","Coventry",,,302600,62500,20.7,43900,14.5,103800,34.3,39300,13,53100,17.6,187000,61.8,150900,49.9,32200,21.4,22700,15,53500,35.4,22900,15.2,19600,13,99100,65.7,151700,50.1,30300,19.9,21200,14,50300,33.2,16400,10.8,33600,22.1,87900,57.9
"F","West Midlands",,,"00CR","Dudley",,,305200,60500,19.8,30300,9.9,104800,34.3,49700,16.3,60000,19.7,184800,60.5,149900,49.1,31300,20.9,15300,10.2,52200,34.9,29200,19.5,21800,14.6,96700,64.6,155400,50.9,29200,18.8,15000,9.7,52500,33.8,20500,13.2,38200,24.6,88000,56.6
"F","West Midlands",,,"00CS","Sandwell",,,284900,61000,21.4,31200,11,99800,35,39400,13.8,53400,18.7,170500,59.8,138600,48.6,31000,22.3,15400,11.1,49800,35.9,23300,16.8,19100,13.8,88500,63.9,146300,51.4,30000,20.5,15800,10.8,50100,34.2,16100,11,34300,23.4,82000,56
"F","West Midlands",,,"00CT","Solihull",,,199900,41400,20.7,19100,9.5,66500,33.3,33700,16.9,39200,19.6,119200,59.7,96900,48.5,21300,22,9800,10.1,32300,33.4,19100,19.7,14400,14.8,61200,63.2,103000,51.5,20100,19.5,9300,9,34200,33.2,14600,14.2,24900,24.2,58000,56.4
"F","West Midlands",,,"00CU","Walsall",,,253400,54500,21.5,27200,10.7,84900,33.5,38200,15.1,48600,19.2,150300,59.3,123200,48.6,27500,22.3,13600,11.1,42000,34.1,22400,18.1,17700,14.4,78000,63.3,130200,51.4,27000,20.7,13600,10.4,42900,33,15800,12.2,30900,23.7,72300,55.5
"F","West Midlands",,,"00CW","Wolverhampton",,,238300,48800,20.5,28300,11.9,82100,34.5,33000,13.9,46000,19.3,143500,60.2,117400,49.3,25100,21.4,14200,12.1,41500,35.4,19300,16.4,17300,14.7,75000,63.9,120900,50.7,23600,19.6,14100,11.7,40600,33.6,13700,11.4,28800,23.8,68500,56.7
"F","West Midlands",,,"00GA","Herefordshire, County of",,,175300,33600,19.2,14800,8.5,57100,32.5,30500,17.4,39400,22.5,102400,58.4,85400,48.7,17200,20.1,7500,8.8,28300,33.1,17700,20.7,14800,17.3,53500,62.6,89900,51.3,16400,18.3,7300,8.1,28800,32,12800,14.2,24600,27.3,48900,54.4
"F","West Midlands",,,"00GF","Telford and Wrekin",,,159300,35200,22.1,17800,11.2,58000,36.4,24300,15.3,24000,15.1,100200,62.9,78300,49.1,17900,22.8,9200,11.8,28600,36.5,14100,18,8600,10.9,51900,66.2,81000,50.9,17300,21.3,8600,10.6,29500,36.3,10300,12.7,15400,19,48300,59.6
"F","West Midlands",,,"00GG","Shropshire",,,..,..,..,..,..,..,..,..,..,..,..,..,..,..,..,..,..,..,..,..,..,..,..,..,..,..,..,..,..,..,..,..,..,..,..,..,..,..,..,..,..
"F","West Midlands",,,"00GL","Stoke-on-Trent",,,239500,47000,19.6,30500,12.7,81600,34.1,35700,14.9,44800,18.7,147800,61.7,117000,48.8,24100,20.6,15400,13.1,40600,34.7,20900,17.9,16000,13.7,76800,65.7,122600,51.2,22900,18.6,15200,12.4,41000,33.5,14800,12,28700,23.5,71000,57.9
"F","West Midlands","41","Staffordshire","41UB","Cannock Chase",,,92700,19400,21,9500,10.3,34000,36.7,14500,15.7,15300,16.5,58000,62.6,45600,49.2,9900,21.6,4800,10.6,16900,37.1,8400,18.5,5500,12.1,30200,66.2,47100,50.8,9600,20.3,4700,9.9,17000,36.2,6100,13,9700,20.6,27800,59.1
"F","West Midlands","41","Staffordshire","41UC","East Staffordshire",,,104900,22100,21.1,9900,9.5,37400,35.6,16300,15.5,19200,18.3,63700,60.7,51500,49.1,11300,22,5000,9.7,18700,36.4,9500,18.4,7000,13.5,33200,64.5,53400,50.9,10800,20.2,5000,9.3,18700,34.9,6800,12.8,12200,22.8,30400,57
"F","West Midlands","41","Staffordshire","41UD","Lichfield",,,93500,17900,19.2,8500,9.1,31400,33.6,17800,19,17900,19.1,57700,61.7,45800,49,9000,19.7,4500,9.9,15500,33.8,10300,22.4,6500,14.2,30300,66.1,47700,51,8900,18.6,4000,8.4,16000,33.5,7500,15.7,11400,23.8,27400,57.5
"F","West Midlands","41","Staffordshire","41UE","Newcastle-under-Lyme",,,122400,22500,18.4,15200,12.4,40900,33.4,19800,16.1,24100,19.7,75800,61.9,59400,48.5,11400,19.3,7500,12.6,20200,34,11500,19.3,8800,14.8,39200,66,63000,51.5,11000,17.5,7700,12.2,20700,32.8,8300,13.2,15300,24.4,36600,58.2
"F","West Midlands","41","Staffordshire","41UF","South Staffordshire",,,105800,20000,18.9,9900,9.3,35800,33.9,19500,18.4,20600,19.5,65200,61.6,52100,49.2,10100,19.3,5300,10.2,17700,33.9,11400,21.8,7700,14.8,34400,65.9,53700,50.8,9900,18.5,4600,8.5,18200,33.8,8200,15.2,12900,24.1,30900,57.5
"F","West Midlands","41","Staffordshire","41UG","Stafford",,,121100,21900,18.1,12200,10.1,41400,34.2,21400,17.6,24100,19.9,75000,61.9,59900,49.5,11200,18.8,6800,11.3,20700,34.5,12300,20.5,8900,14.9,39700,66.3,61200,50.5,10700,17.5,5500,9,20700,33.9,9100,14.8,15200,24.9,35300,57.7
"F","West Midlands","41","Staffordshire","41UH","Staffordshire Moorlands",,,94700,17100,18.1,8600,9,31500,33.3,17700,18.7,19700,20.8,57800,61.1,46500,49.1,8500,18.4,4600,9.8,15700,33.7,10400,22.3,7400,15.8,30600,65.8,48100,50.9,8600,17.9,4000,8.3,15900,32.9,7400,15.3,12300,25.6,27200,56.6
"F","West Midlands","41","Staffordshire","41UK","Tamworth",,,74500,16500,22.2,8300,11.1,27700,37.2,11800,15.8,10200,13.7,47800,64.1,36700,49.2,8300,22.7,4200,11.4,13600,37.1,6900,18.9,3700,10,24700,67.3,37800,50.8,8200,21.7,4100,10.8,14100,37.4,4900,12.9,6500,17.2,23100,61.1
"F","West Midlands","44","Warwickshire","44UB","North Warwickshire",,,61800,12000,19.5,5800,9.3,21900,35.4,11000,17.8,11100,18,38600,62.5,30400,49.2,6200,20.3,2900,9.5,10900,35.7,6300,20.8,4100,13.6,20100,66.1,31400,50.8,5900,18.7,2900,9.2,11000,35.1,4600,14.8,7000,22.2,18500,59.1
"F","West Midlands","44","Warwickshire","44UC","Nuneaton and Bedworth",,,119400,25000,20.9,12200,10.2,41900,35.1,19300,16.2,21000,17.6,73400,61.5,58700,49.2,12800,21.8,6100,10.4,20900,35.6,11100,18.9,7800,13.3,38100,65,60700,50.8,12200,20.1,6100,10.1,20900,34.5,8200,13.5,13200,21.8,35200,58.1
"F","West Midlands","44","Warwickshire","44UD","Rugby",,,88400,17900,20.2,8500,9.6,30800,34.9,14700,16.6,16500,18.7,54000,61.1,43700,49.5,9300,21.2,4400,10,15400,35.2,8500,19.4,6200,14.2,28300,64.6,44600,50.5,8600,19.3,4100,9.3,15400,34.6,6200,13.8,10300,23,25700,57.7
"F","West Midlands","44","Warwickshire","44UE","Stratford-on-Avon",,,112200,20700,18.4,9100,8.1,37200,33.2,21000,18.7,24200,21.6,67300,60,54400,48.4,10500,19.4,4500,8.3,18300,33.7,12100,22.2,8900,16.4,34900,64.2,57900,51.6,10100,17.5,4600,7.9,18900,32.7,8900,15.5,15300,26.4,32400,56
"F","West Midlands","44","Warwickshire","44UF","Warwick",,,128400,22900,17.9,15800,12.3,45900,35.7,19800,15.4,24000,18.7,81400,63.4,63100,49.2,11800,18.7,7900,12.5,23200,36.7,11400,18.1,8800,14,42500,67.3,65300,50.8,11200,17.1,7900,12.1,22700,34.8,8400,12.8,15200,23.2,39000,59.7
"F","West Midlands","47","Worcestershire","47UB","Bromsgrove",,,89000,17200,19.4,7700,8.6,30500,34.3,15700,17.6,17900,20.1,53900,60.6,43800,49.2,8900,20.4,4000,9,15100,34.6,9100,20.8,6600,15.2,28200,64.4,45200,50.8,8300,18.3,3700,8.2,15400,34.1,6600,14.5,11200,24.9,25700,56.8
"F","West Midlands","47","Worcestershire","47UC","Malvern Hills",,,72700,13300,18.3,6200,8.5,21900,30.1,13600,18.8,17600,24.3,41700,57.4,35300,48.6,6900,19.4,3300,9.3,10700,30.4,7800,22.1,6700,18.9,21800,61.7,37300,51.4,6500,17.3,2900,7.9,11100,29.8,5800,15.6,11000,29.4,19900,53.3
"F","West Midlands","47","Worcestershire","47UD","Redditch",,,78700,16700,21.2,9000,11.4,28800,36.6,12800,16.2,11500,14.6,50500,64.2,38700,49.2,8500,22,4500,11.7,14100,36.3,7400,19,4200,11,26000,67,39900,50.8,8100,20.4,4500,11.2,14700,36.8,5400,13.5,7200,18.1,24600,61.5
"F","West Midlands","47","Worcestershire","47UE","Worcester",,,93100,18600,20,10500,11.3,35200,37.7,13300,14.2,15600,16.7,58900,63.3,45400,48.7,9500,21,5000,10.9,17600,38.8,7700,17,5600,12.2,30300,66.7,47800,51.3,9100,19,5600,11.6,17500,36.7,5600,11.6,10000,21,28600,60
"F","West Midlands","47","Worcestershire","47UF","Wychavon",,,113600,21300,18.7,9700,8.5,38400,33.8,20700,18.2,23500,20.7,68800,60.6,55900,49.2,11000,19.7,5000,8.9,19000,34,12100,21.6,8900,15.9,36000,64.5,57700,50.8,10300,17.8,4700,8.2,19400,33.7,8600,14.9,14700,25.4,32700,56.8
"F","West Midlands","47","Worcestershire","47UG","Wyre Forest",,,97100,18100,18.6,9300,9.6,32200,33.2,18200,18.8,19200,19.8,59800,61.6,47800,49.3,9500,19.9,4900,10.2,15900,33.3,10600,22.1,6900,14.5,31400,65.6,49200,50.7,8600,17.4,4400,9,16300,33.1,7700,15.6,12300,24.9,28400,57.7
"G","East of England",,,"00JA","Peterborough",,,158400,34100,21.5,17900,11.3,58600,37,22200,14,25700,16.2,98600,62.3,77900,49.2,17300,22.2,8900,11.5,29400,37.7,12700,16.2,9600,12.3,51000,65.4,80500,50.8,16800,20.8,8900,11.1,29200,36.2,9500,11.8,16100,20,47600,59.2
"G","East of England",,,"00KA","Luton",,,185400,42800,23.1,25100,13.5,67600,36.5,23700,12.8,26200,14.1,116400,62.8,93500,50.5,21900,23.5,12400,13.3,34900,37.3,13900,14.8,10400,11.1,61200,65.4,91800,49.5,20900,22.7,12600,13.8,32700,35.6,9800,10.7,15800,17.2,55200,60.1
"G","East of England",,,"00KB","Bedford",,,150100,30800,20.5,17100,11.4,54100,36,22300,14.9,25800,17.2,93500,62.3,74300,49.5,16000,21.5,8500,11.5,27300,36.7,12900,17.3,9600,13,48700,65.5,75800,50.5,14800,19.5,8600,11.3,26800,35.4,9400,12.5,16200,21.3,44800,59.2
"G","East of England",,,"00KC","Central Bedfordshire",,,..,..,..,..,..,..,..,..,..,..,..,..,..,..,..,..,..,..,..,..,..,..,..,..,..,..,..,..,..,..,..,..,..,..,..,..,..,..,..,..,..
"G","East of England",,,"00KF","Southend-on-Sea",,,160100,31900,20,15400,9.6,54500,34.1,23800,14.9,34400,21.5,93800,58.6,76800,48,16500,21.5,7700,10.1,26900,35,13400,17.5,12200,15.9,48100,62.6,83300,52,15400,18.5,7700,9.2,27600,33.2,10400,12.4,22200,26.6,45700,54.8
"G","East of England",,,"00KG","Thurrock",,,144900,31400,21.7,15600,10.8,54700,37.8,21100,14.6,22000,15.2,91500,63.1,70500,48.7,16000,22.7,7400,10.5,27200,38.6,12100,17.1,7800,11,46700,66.3,74300,51.3,15400,20.7,8200,11,27500,37,9000,12.2,14200,19.2,44700,60.2
"G","East of England","12","Cambridgeshire","12UB","Cambridge",,,107900,15900,14.7,24400,22.6,38900,36.1,12400,11.5,16300,15.1,75700,70.2,54500,50.5,8200,15,12700,23.3,20700,38,7100,12.9,5900,10.8,40500,74.2,53400,49.5,7700,14.5,11700,21.9,18200,34.2,5400,10,10400,19.4,35300,66.1
"G","East of England","12","Cambridgeshire","12UC","East Cambridgeshire",,,74800,14700,19.7,6700,9,27000,36,12100,16.2,14300,19.1,45800,61.2,36900,49.4,7700,20.7,3400,9.3,13400,36.2,7000,19.1,5400,14.7,23800,64.6,37900,50.6,7100,18.7,3300,8.7,13600,35.9,5100,13.4,8800,23.3,22000,58
"G","East of England","12","Cambridgeshire","12UD","Fenland",,,84700,16500,19.4,7600,9,28100,33.2,13900,16.4,18700,22,49600,58.6,41300,48.8,8400,20.3,3900,9.3,13900,33.7,8100,19.6,7100,17.1,25900,62.6,43400,51.2,8100,18.6,3700,8.6,14200,32.7,5800,13.4,11600,26.7,23800,54.7
"G","East of England","12","Cambridgeshire","12UE","Huntingdonshire",,,158400,33800,21.4,14700,9.3,59100,37.3,26100,16.5,24700,15.6,99900,63,78900,49.8,17500,22.2,7600,9.6,29600,37.5,15100,19.1,9200,11.6,52200,66.2,79500,50.2,16300,20.5,7200,9,29500,37,11000,13.9,15500,19.5,47600,59.9
"G","East of England","12","Cambridgeshire","12UG","South Cambridgeshire",,,131800,26500,20.1,12300,9.3,48100,36.5,22200,16.9,22700,17.2,82600,62.7,65400,49.6,13400,20.6,6700,10.2,23900,36.5,12700,19.4,8700,13.3,43300,66.2,66500,50.4,13000,19.6,5600,8.5,24200,36.4,9500,14.3,14000,21.1,39400,59.2
"G","East of England","22","Essex","22UB","Basildon",,,166400,35300,21.2,17400,10.5,59700,35.9,25000,15,28900,17.4,102100,61.4,80500,48.4,18200,22.6,8700,10.8,29200,36.3,14000,17.4,10400,12.9,51900,64.5,85900,51.6,17200,20,8700,10.1,30500,35.5,11000,12.8,18600,21.6,50200,58.4
"G","East of England","22","Essex","22UC","Braintree",,,134000,27800,20.8,12400,9.3,48500,36.2,22100,16.5,23200,17.3,83000,61.9,66000,49.3,14200,21.6,6500,9.9,24100,36.5,12600,19.1,8600,13,43200,65.5,68000,50.7,13600,20,5900,8.6,24400,35.8,9500,14,14700,21.6,39800,58.5
"G","East of England","22","Essex","22UD","Brentwood",,,68700,13200,19.3,6100,8.8,23400,34.1,11400,16.6,14700,21.3,40900,59.4,33300,48.5,6800,20.4,3100,9.4,11500,34.6,6400,19.2,5500,16.4,21100,63.3,35400,51.5,6500,18.2,2900,8.2,11900,33.5,5000,14.1,9200,26,19800,55.8
"G","East of England","22","Essex","22UE","Castle Point",,,87000,16600,19.1,8600,9.8,27600,31.7,16200,18.6,18000,20.7,52400,60.2,42500,48.9,8500,20,4500,10.5,13600,32.1,9200,21.5,6700,15.8,27300,64.2,44500,51.1,8100,18.2,4100,9.2,14000,31.4,7100,15.9,11300,25.4,25100,56.4
"G","East of England","22","Essex","22UF","Chelmsford",,,158500,31100,19.6,17500,11,57200,36.1,25400,16,27300,17.2,100100,63.1,78000,49.2,15800,20.3,9000,11.5,28700,36.8,14400,18.5,10100,12.9,52100,66.8,80500,50.8,15300,19,8600,10.6,28500,35.4,11000,13.6,17200,21.4,48000,59.6
"G","East of England","22","Essex","22UG","Colchester",,,156300,30800,19.7,19200,12.3,54900,35.2,24300,15.6,27000,17.3,98500,63,77400,49.5,15800,20.4,10300,13.3,27800,35.9,13700,17.7,9800,12.7,51800,66.9,78900,50.5,15000,19,8900,11.3,27200,34.4,10600,13.4,17200,21.8,46700,59.2
"G","East of England","22","Essex","22UH","Epping Forest",,,121600,23900,19.7,10900,9,42800,35.2,20300,16.7,23600,19.4,74000,60.9,58900,48.5,12300,20.8,5500,9.4,20900,35.5,11500,19.5,8700,14.8,38000,64.4,62600,51.5,11700,18.7,5400,8.6,21900,34.9,8800,14,14900,23.8,36100,57.6
"G","East of England","22","Essex","22UJ","Harlow",,,78300,16600,21.2,8700,11.1,29600,37.8,10000,12.8,13400,17.1,48200,61.6,38000,48.6,8600,22.5,4300,11.2,14600,38.5,5700,14.9,4900,12.9,24600,64.6,40200,51.4,8000,20,4400,10.9,14900,37.1,4400,10.8,8500,21.2,23700,58.8
"G","East of England","22","Essex","22UK","Maldon",,,59800,12100,20.2,5300,8.8,20200,33.8,11100,18.6,11100,18.5,36600,61.2,29600,49.6,6400,21.6,2800,9.5,9900,33.5,6300,21.3,4200,14.1,19100,64.3,30100,50.4,5700,18.9,2400,8.1,10300,34.1,4800,16,6900,22.9,17500,58.2
"G","East of England","22","Essex","22UL","Rochford",,,79300,15600,19.7,7200,9.1,26600,33.6,13500,17,16300,20.6,47300,59.7,38600,48.6,7900,20.5,3800,9.9,13100,33.9,7600,19.8,6100,15.9,24500,63.6,40700,51.4,7700,18.9,3400,8.3,13600,33.3,5900,14.4,10200,25,22800,56
"G","East of England","22","Essex","22UN","Tendring",,,140300,24400,17.4,11300,8.1,39400,28.1,23900,17.1,41300,29.4,74600,53.2,67200,47.9,12500,18.6,5900,8.8,19500,29,13800,20.5,15600,23.2,39100,58.3,73100,52.1,11900,16.3,5400,7.4,19900,27.2,10200,13.9,25700,35.2,35500,48.5
"G","East of England","22","Essex","22UQ","Uttlesford",,,69300,14200,20.5,6300,9.1,24100,34.8,12300,17.7,12500,18,42700,61.6,34500,49.8,7300,21.2,3400,9.9,12100,34.9,7100,20.4,4700,13.6,22500,65.2,34800,50.2,6900,19.7,2900,8.3,12100,34.7,5200,14.9,7800,22.3,20200,58
"G","East of England","26","Hertfordshire","26UB","Broxbourne",,,87500,18100,20.7,8900,10.2,31900,36.4,13400,15.3,15200,17.4,54100,61.9,42500,48.6,9300,21.8,4500,10.6,15600,36.7,7500,17.7,5700,13.3,27600,64.9,44900,51.4,8900,19.7,4400,9.8,16300,36.2,5800,13,9600,21.3,26500,59
"G","East of England","26","Hertfordshire","26UC","Dacorum",,,137900,28800,20.9,13200,9.6,51100,37,20700,15,24200,17.5,85000,61.6,67700,49.1,14700,21.6,6800,10,25500,37.6,11800,17.5,9000,13.3,44100,65.1,70200,50.9,14100,20.1,6400,9.2,25600,36.5,8800,12.6,15200,21.7,40900,58.3
"G","East of England","26","Hertfordshire","26UD","East Hertfordshire",,,130100,27200,20.9,12200,9.3,49800,38.3,20000,15.4,20900,16.1,82000,63,63800,49,13800,21.6,6100,9.6,24600,38.6,11400,17.9,7800,12.2,42200,66.1,66300,51,13400,20.2,6000,9.1,25200,38,8600,13,13100,19.8,39800,60
"G","East of England","26","Hertfordshire","26UE","Hertsmere",,,94200,19400,20.6,9200,9.7,34000,36.1,14000,14.9,17600,18.6,57200,60.7,45400,48.3,10000,22,4500,9.9,16600,36.5,8000,17.5,6400,14.1,29000,63.9,48700,51.7,9400,19.4,4700,9.6,17400,35.8,6100,12.4,11100,22.9,28100,57.7
"G","East of England","26","Hertfordshire","26UF","North Hertfordshire",,,117800,24000,20.4,10500,8.9,43400,36.9,18100,15.3,21800,18.5,72000,61.1,57400,48.7,12000,21,5400,9.4,21600,37.6,10300,18,8100,14,37300,65,60500,51.3,12000,19.8,5100,8.5,21800,36.1,7800,12.8,13800,22.8,34700,57.4
"G","East of England","26","Hertfordshire","26UG","St Albans",,,130000,27000,20.8,11500,8.8,49600,38.2,19600,15.1,22300,17.1,80800,62.1,64000,49.2,13700,21.4,5900,9.2,24900,38.9,11200,17.5,8300,12.9,42000,65.6,66000,50.8,13300,20.1,5600,8.5,24700,37.4,8400,12.7,14000,21.2,38700,58.7
"G","East of England","26","Hertfordshire","26UH","Stevenage",,,79900,17500,22,8800,11,30400,38.1,10300,12.9,12900,16.1,49500,61.9,39400,49.3,9200,23.3,4400,11.2,15200,38.5,5900,14.9,4800,12.1,25500,64.6,40500,50.7,8400,20.7,4400,10.7,15200,37.6,4400,10.9,8100,20,24000,59.3
"G","East of England","26","Hertfordshire","26UJ","Three Rivers",,,83500,17200,20.6,7600,9.1,29700,35.6,13200,15.8,15700,18.9,50500,60.5,40300,48.3,8700,21.5,3800,9.5,14600,36.1,7500,18.6,5800,14.3,25900,64.2,43100,51.7,8500,19.8,3800,8.7,15200,35.2,5700,13.2,10000,23.1,24600,57.1
"G","East of England","26","Hertfordshire","26UK","Watford",,,79400,16100,20.3,8200,10.4,32600,41,10300,13,12100,15.3,51200,64.4,39500,49.7,8100,20.6,4100,10.3,16900,42.7,6000,15.3,4400,11,27000,68.4,40000,50.3,8000,20,4200,10.4,15700,39.4,4300,10.7,7800,19.4,24200,60.5
"G","East of England","26","Hertfordshire","26UL","Welwyn Hatfield",,,98900,19300,19.5,13600,13.7,33600,34,13500,13.6,19000,19.2,60600,61.3,48200,48.8,9600,20,7100,14.7,16600,34.4,7800,16.2,7200,14.9,31400,65.2,50700,51.2,9600,19,6500,12.9,17000,33.6,5700,11.2,11800,23.4,29200,57.6
"G","East of England","33","Norfolk","33UB","Breckland",,,122500,23500,19.1,11200,9.1,39600,32.3,21000,17.1,27400,22.3,71700,58.5,60600,49.4,12000,19.8,5800,9.6,20000,33,12200,20.1,10600,17.6,37900,62.6,62000,50.6,11400,18.5,5400,8.7,19600,31.7,8800,14.2,16800,27,33800,54.5
"G","East of England","33","Norfolk","33UC","Broadland",,,119400,21500,18,9800,8.2,40100,33.6,21200,17.8,26800,22.4,71200,59.6,58200,48.8,11000,18.8,5100,8.7,19800,34,12100,20.9,10200,17.5,37000,63.6,61200,51.2,10500,17.2,4800,7.8,20300,33.2,9100,14.8,16600,27.1,34100,55.8
"G","East of England","33","Norfolk","33UD","Great Yarmouth",,,91500,17200,18.8,8800,9.6,28800,31.5,15900,17.4,20700,22.6,53500,58.5,44400,48.5,8900,20,4400,9.9,14200,32,9200,20.8,7700,17.3,27800,62.7,47100,51.5,8400,17.8,4400,9.4,14600,31,6700,14.2,13000,27.7,25700,54.5
"G","East of England","33","Norfolk","33UE","King's Lynn and West Norfolk",,,137000,24600,18,12000,8.8,43100,31.4,23500,17.2,33700,24.6,78700,57.4,66800,48.7,12600,18.8,6200,9.3,21300,32,13600,20.4,13000,19.5,41200,61.7,70300,51.3,12100,17.2,5800,8.3,21700,30.9,10000,14.2,20700,29.5,37500,53.4
"G","East of England","33","Norfolk","33UF","North Norfolk",,,99100,15800,15.9,8100,8.2,27600,27.9,18700,18.9,28900,29.2,54400,54.9,47900,48.4,8000,16.7,4300,9,13600,28.3,10800,22.5,11300,23.5,28700,59.8,51200,51.6,7700,15.1,3800,7.4,14100,27.5,7900,15.4,17700,34.5,25800,50.4
"G","East of England","33","Norfolk","33UG","Norwich",,,122700,20600,16.8,20100,16.4,43500,35.4,15900,12.9,22700,18.5,79500,64.8,60100,49,10500,17.4,9900,16.4,22500,37.5,9000,15,8200,13.7,41400,68.9,62600,51,10100,16.2,10300,16.4,21000,33.5,6800,10.9,14400,23.1,38100,60.8
"G","East of England","33","Norfolk","33UH","South Norfolk",,,112400,21000,18.7,9400,8.3,36200,32.2,20600,18.4,25200,22.5,66200,58.9,54800,48.7,10600,19.4,4900,8.9,17600,32.1,11900,21.7,9800,17.9,34300,62.7,57700,51.3,10300,17.9,4500,7.8,18600,32.3,8800,15.2,15400,26.8,31900,55.3
"G","East of England","42","Suffolk","42UB","Babergh",,,83900,16400,19.6,7300,8.7,26900,32,15300,18.2,18000,21.5,49500,59,40900,48.7,8400,20.5,3900,9.5,13100,32,8800,21.4,6800,16.6,25700,62.9,43100,51.3,8000,18.7,3500,8.1,13800,32,6500,15.1,11200,26.1,23800,55.2
"G","East of England","42","Suffolk","42UC","Forest Heath",,,56600,11600,20.5,6600,11.7,21000,37.1,7800,13.7,9600,17,35400,62.5,28800,50.8,5900,20.4,3500,12.2,11200,38.9,4500,15.6,3700,12.8,19200,66.8,27800,49.2,5700,20.5,3100,11.2,9800,35.2,3300,11.8,5900,21.4,16200,58.1
"G","East of England","42","Suffolk","42UD","Ipswich",,,117400,24300,20.7,13500,11.5,41300,35.2,16100,13.7,22200,18.9,70900,60.4,57600,49.1,12500,21.7,6800,11.8,20700,36,9400,16.2,8200,14.3,36900,64.1,59800,50.9,11800,19.8,6700,11.1,20600,34.4,6700,11.3,14000,23.4,34000,56.8
"G","East of England","42","Suffolk","42UE","Mid Suffolk",,,87200,17100,19.7,7700,8.8,29200,33.5,15200,17.5,17900,20.5,52100,59.8,43400,49.8,8900,20.5,4200,9.6,14500,33.4,8900,20.4,7000,16.1,27500,63.4,43800,50.2,8300,18.9,3500,7.9,14800,33.7,6400,14.5,10900,24.9,24600,56.2
"G","East of England","42","Suffolk","42UF","St Edmundsbury",,,98800,18900,19.2,9400,9.5,34600,35.1,16700,16.9,19100,19.4,60700,61.5,48900,49.5,9700,19.9,5100,10.4,17400,35.6,9500,19.4,7200,14.7,31900,65.3,49900,50.5,9200,18.4,4300,8.6,17300,34.6,7200,14.4,11900,23.9,28800,57.7
"G","East of England","42","Suffolk","42UG","Suffolk Coastal",,,115800,22200,19.1,9400,8.2,36100,31.2,20200,17.5,27800,24,65800,56.8,56200,48.5,11300,20.1,5000,8.9,17800,31.6,11600,20.6,10600,18.8,34300,61.1,59600,51.5,10900,18.2,4500,7.5,18400,30.8,8600,14.5,17300,29,31500,52.8
"G","East of England","42","Suffolk","42UH","Waveney",,,113500,21800,19.2,10100,8.9,34600,30.5,19000,16.8,27900,24.6,63800,56.2,54700,48.1,11100,20.4,5100,9.4,16900,30.9,10900,20,10600,19.4,32900,60.2,58900,51.9,10700,18.2,5000,8.5,17700,30.1,8100,13.8,17300,29.5,30800,52.4
"H","London",,,"00AA","City of London",,,7700,700,9.2,700,9.6,3800,49.1,1300,17.6,1100,14.5,5800,76.3,4200,54.4,400,8.6,300,8.1,2100,51.3,900,21.3,400,10.7,3400,80.6,3500,45.6,300,9.8,400,11.3,1600,46.6,500,13.1,700,19.1,2500,71.1
"H","London",,,"00AB","Barking and Dagenham",,,166600,38300,23,20100,12.1,61600,37,19800,11.9,26700,16.1,101500,61,80000,48,19500,24.4,9700,12.2,30000,37.6,11200,14.1,9400,11.8,51000,63.8,86600,52,18800,21.7,10400,12,31600,36.4,8500,9.9,17300,20,50500,58.3
"H","London",,,"00AC","Barnet",,,321000,64100,20,36300,11.3,126800,39.5,41800,13,52100,16.2,204800,63.8,155600,48.5,32600,21,17900,11.5,63300,40.7,23000,14.8,18700,12,104200,67,165500,51.5,31500,19,18400,11.1,63500,38.4,18800,11.4,33400,20.2,100600,60.8
"H","London",,,"00AD","Bexley",,,219000,45600,20.8,22500,10.3,78500,35.9,32200,14.7,40200,18.3,133200,60.9,105400,48.2,23000,21.8,11400,10.8,38300,36.3,18100,17.2,14600,13.9,67800,64.3,113500,51.8,22500,19.8,11100,9.8,40200,35.5,14100,12.4,25500,22.5,65500,57.7
"H","London",,,"00AE","Brent",,,266700,51200,19.2,34800,13,113600,42.6,30800,11.5,36200,13.6,179200,67.2,133100,49.9,25800,19.4,18000,13.5,58200,43.7,17400,13.1,13600,10.3,93600,70.4,133600,50.1,25500,19.1,16800,12.6,55400,41.5,13300,10,22600,16.9,85600,64
"H","London",,,"00AF","Bromley",,,297300,58900,19.8,27400,9.2,108900,36.6,44800,15.1,57300,19.3,181200,60.9,142900,48.1,30100,21,13900,9.7,53400,37.3,25000,17.5,20500,14.3,92300,64.6,154500,51.9,28800,18.6,13500,8.7,55600,36,19800,12.8,36800,23.8,88900,57.5
"H","London",,,"00AG","Camden",,,205700,33500,16.3,28700,13.9,95900,46.6,22900,11.1,24800,12,147400,71.7,101400,49.3,17000,16.7,13300,13.2,49300,48.6,12700,12.5,9100,9,75300,74.3,104300,50.7,16500,15.8,15300,14.7,46600,44.7,10200,9.8,15700,15,72100,69.1
"H","London",,,"00AH","Croydon",,,334700,71800,21.4,36200,10.8,132200,39.5,44600,13.3,50000,14.9,213000,63.6,163200,48.8,36800,22.5,18400,11.2,64700,39.6,25100,15.4,18300,11.2,108100,66.2,171500,51.2,35000,20.4,17800,10.4,67500,39.4,19500,11.4,31700,18.5,104900,61.1
"H","London",,,"00AJ","Ealing",,,308000,58800,19.1,37300,12.1,134600,43.7,36600,11.9,40600,13.2,208500,67.7,154900,50.3,30000,19.4,19400,12.5,69500,44.9,20900,13.5,15000,9.7,109800,70.9,153100,49.7,28800,18.8,17900,11.7,65100,42.5,15700,10.3,25600,16.7,98700,64.5
"H","London",,,"00AK","Enfield",,,280500,58000,20.7,33100,11.8,109100,38.9,36300,13,44000,15.7,178500,63.6,136800,48.8,29400,21.5,16500,12.1,54500,39.9,20500,15,15900,11.6,91500,66.9,143600,51.2,28600,19.9,16500,11.5,54500,38,15900,11,28100,19.6,86900,60.5
"H","London",,,"00AL","Greenwich",,,219700,46500,21.2,27300,12.4,88300,40.2,25800,11.7,31800,14.5,141400,64.3,107100,48.7,24100,22.5,13400,12.5,43700,40.8,14900,13.9,11000,10.2,72000,67.3,112600,51.3,22400,19.9,13900,12.3,44600,39.6,11000,9.7,20900,18.5,69400,61.6
"H","London",,,"00AM","Hackney",,,209000,47700,22.8,26600,12.7,92700,44.4,19800,9.5,22100,10.6,139200,66.6,102400,49,24200,23.6,12500,12.3,46100,45,11200,11,8400,8.2,69800,68.2,106600,51,23500,22.1,14000,13.2,46700,43.8,8600,8.1,13800,12.9,69300,65
"H","London",,,"00AN","Hammersmith and Fulham",,,170900,27500,16.1,20500,12,84700,49.6,17700,10.4,20500,12,122900,71.9,84500,49.5,13800,16.3,9800,11.6,43500,51.4,10100,12,7400,8.7,63400,75,86300,50.5,13700,15.9,10700,12.3,41300,47.8,7600,8.8,13100,15.2,59500,68.9
"H","London",,,"00AP","Haringey",,,223400,44600,20,29200,13.1,101300,45.4,23200,10.4,25100,11.2,153700,68.8,110900,49.6,22500,20.3,15000,13.5,51500,46.5,12800,11.5,9000,8.2,79300,71.5,112500,50.4,22000,19.6,14200,12.7,49800,44.3,10400,9.2,16100,14.3,74400,66.1
"H","London",,,"00AQ","Harrow",,,211700,41900,19.8,24100,11.4,81600,38.6,29200,13.8,35000,16.5,134900,63.7,104200,49.2,21900,21,12600,12,40900,39.3,16200,15.5,12600,12.1,69700,66.9,107500,50.8,20000,18.6,11500,10.7,40700,37.9,13000,12.1,22300,20.8,65200,60.6
"H","London",,,"00AR","Havering",,,225000,44200,19.7,22900,10.2,77300,34.3,34900,15.5,45700,20.3,135100,60,108400,48.2,22800,21,11700,10.8,37800,34.9,19500,18,16600,15.3,69100,63.7,116600,51.8,21500,18.4,11200,9.6,39500,33.8,15400,13.2,29100,25,66000,56.6
"H","London",,,"00AS","Hillingdon",,,247000,51200,20.7,30300,12.3,94000,38,32300,13.1,39200,15.9,156600,63.4,120800,48.9,26300,21.8,15300,12.6,46600,38.6,18400,15.2,14200,11.8,80300,66.5,126200,51.1,25000,19.8,15000,11.9,47300,37.5,13900,11,25000,19.8,76300,60.4
"H","London",,,"00AT","Hounslow",,,216600,43000,19.9,27400,12.6,91300,42.2,26600,12.3,28300,13.1,145300,67.1,108900,50.3,22000,20.2,14300,13.1,47000,43.2,15100,13.9,10500,9.6,76500,70.2,107600,49.7,21000,19.5,13100,12.1,44300,41.1,11500,10.7,17800,16.6,68800,63.9
"H","London",,,"00AU","Islington",,,180300,31800,17.7,23900,13.2,84900,47.1,18900,10.5,20800,11.5,127600,70.8,88300,49,16100,18.2,11100,12.6,43000,48.7,10500,11.9,7600,8.6,64600,73.2,92000,51,15700,17.1,12700,13.9,41900,45.6,8400,9.1,13200,14.4,63000,68.5
"H","London",,,"00AW","Kensington and Chelsea",,,164100,25200,15.4,17000,10.4,75200,45.9,22800,13.9,23800,14.5,115000,70.1,80300,48.9,12900,16,8200,10.2,38100,47.5,12500,15.6,8600,10.7,58800,73.3,83800,51.1,12400,14.7,8800,10.5,37100,44.3,10300,12.3,15200,18.1,56200,67.1
"H","London",,,"00AX","Kingston upon Thames",,,150900,27900,18.5,19900,13.2,60800,40.3,20000,13.2,22300,14.8,100600,66.7,74900,49.6,14200,18.9,10200,13.7,31300,41.8,11200,15,8000,10.6,52700,70.4,76000,50.4,13800,18.1,9600,12.7,29500,38.8,8800,11.5,14400,18.9,47900,63
"H","London",,,"00AY","Lambeth",,,272300,50300,18.5,33100,12.1,135800,49.9,24500,9,28700,10.5,193400,71,138400,50.8,25500,18.4,16700,12.1,71600,51.8,13700,9.9,10800,7.8,102100,73.8,133900,49.2,24700,18.5,16300,12.2,64200,47.9,10700,8,17900,13.4,91300,68.2
"H","London",,,"00AZ","Lewisham",,,253500,51700,20.4,30300,12,113300,44.7,26600,10.5,31500,12.4,170300,67.2,124700,49.2,26000,20.9,15200,12.2,57500,46.1,14900,12,11100,8.9,87600,70.3,128800,50.8,25700,20,15100,11.7,55800,43.3,11700,9.1,20400,15.9,82600,64.2
"H","London",,,"00BA","Merton",,,191700,36300,18.9,20200,10.5,83800,43.7,23700,12.3,27800,14.5,127600,66.6,95100,49.6,18600,19.6,10300,10.9,42800,45.1,13300,14,10000,10.5,66400,69.9,96600,50.4,17700,18.3,9900,10.2,40900,42.4,10400,10.8,17800,18.4,61200,63.3
"H","London",,,"00BB","Newham",,,252900,62800,24.8,38300,15.1,103000,40.7,23300,9.2,25500,10.1,164600,65.1,128000,50.6,32300,25.2,19500,15.2,53500,41.8,13400,10.4,9400,7.3,86300,67.5,125000,49.4,30600,24.5,18800,15,49500,39.6,10000,8,16100,12.9,78300,62.6
"H","London",,,"00BC","Redbridge",,,244200,51100,20.9,28300,11.6,93500,38.3,33000,13.5,38300,15.7,154800,63.4,120500,49.3,26300,21.8,14500,12.1,47100,39.1,18600,15.5,13900,11.5,80300,66.7,123800,50.7,24800,20.1,13800,11.2,46400,37.5,14300,11.6,24400,19.7,74500,60.2
"H","London",,,"00BD","Richmond upon Thames",,,175900,32800,18.6,16300,9.3,74300,42.2,25700,14.6,26900,15.3,116200,66.1,86300,49,16700,19.4,8200,9.5,37500,43.5,14300,16.5,9600,11.1,59900,69.5,89700,51,16000,17.9,8100,9,36800,41,11400,12.7,17400,19.4,56300,62.8
"H","London",,,"00BE","Southwark",,,257400,50400,19.6,34300,13.3,117200,45.5,24900,9.7,30600,11.9,176400,68.5,128900,50.1,25600,19.9,17300,13.4,60700,47.1,14200,11,11100,8.6,92200,71.5,128500,49.9,24800,19.3,17000,13.2,56600,44,10700,8.3,19500,15.1,84200,65.5
"H","London",,,"00BF","Sutton",,,181900,37400,20.5,18100,10,71500,39.3,24900,13.7,30000,16.5,114500,63,88700,48.8,19300,21.7,9300,10.5,35600,40.1,13900,15.7,10600,11.9,58800,66.3,93200,51.2,18100,19.4,8800,9.5,36000,38.6,10900,11.7,19400,20.8,55700,59.8
"H","London",,,"00BG","Tower Hamlets",,,207300,44800,21.6,33100,16,91700,44.2,16500,8,21200,10.2,141300,68.2,106500,51.4,22700,21.3,15800,14.8,50100,47,9400,8.9,8500,8,75300,70.7,100900,48.6,22100,22,17300,17.2,41700,41.3,7100,7,12700,12.6,66000,65.5
"H","London",,,"00BH","Waltham Forest",,,221900,46400,20.9,27000,12.2,93900,42.3,25200,11.4,29400,13.2,146200,65.9,110100,49.6,23900,21.7,14300,13,47300,43,14100,12.8,10500,9.5,75800,68.8,111800,50.4,22500,20.1,12700,11.4,46600,41.7,11100,9.9,18900,16.9,70400,63
"H","London",,,"00BJ","Wandsworth",,,273600,41500,15.2,32200,11.8,140500,51.3,26700,9.8,32700,11.9,199400,72.9,133100,48.7,21200,16,14300,10.8,71300,53.5,14700,11.1,11600,8.7,100300,75.3,140400,51.3,20300,14.4,17900,12.7,69200,49.3,12000,8.5,21100,15,99000,70.5
"H","London",,,"00BK","Westminster",,,210700,27700,13.2,29500,14,98700,46.8,26000,12.3,28900,13.7,154100,73.1,105500,50.1,14000,13.3,14200,13.4,51800,49.1,14700,13.9,10800,10.3,80700,76.4,105200,49.9,13700,13,15300,14.5,46900,44.6,11300,10.8,18000,17.1,73500,69.9
"J","South East",,,"00LC","Medway",,,250600,55400,22.1,29100,11.6,91200,36.4,37300,14.9,37500,15,157600,62.9,123700,49.4,28600,23.1,14900,12.1,45300,36.7,21300,17.3,13500,10.9,81600,66,126800,50.6,26800,21.1,14100,11.2,45900,36.2,16000,12.6,24000,18.9,76000,59.9
"J","South East",,,"00MA","Bracknell Forest",,,109900,24200,22,11600,10.6,45200,41.1,14700,13.4,14200,12.9,71600,65.1,55000,50,12500,22.7,6100,11,22900,41.6,8500,15.4,5100,9.2,37400,68,54900,50,11700,21.2,5600,10.2,22300,40.6,6300,11.4,9100,16.6,34200,62.2
"J","South East",,,"00MB","West Berkshire",,,143800,30000,20.8,13800,9.6,54100,37.6,23400,16.3,22600,15.7,91300,63.5,71500,49.7,15300,21.4,7000,9.9,27300,38.2,13500,18.8,8400,11.7,47800,66.8,72400,50.3,14600,20.2,6700,9.3,26900,37.1,9900,13.7,14200,19.6,43500,60.1
"J","South East",,,"00MC","Reading",,,142800,26700,18.7,21600,15.2,57000,39.9,16900,11.8,20600,14.4,95500,66.9,72600,50.9,13600,18.7,10900,15.1,30600,42.2,9900,13.6,7600,10.5,51400,70.8,70100,49.1,13100,18.7,10700,15.3,26300,37.6,7000,10,13000,18.5,44100,62.8
"J","South East",,,"00MD","Slough",,,120300,26200,21.8,14400,12,49900,41.4,14000,11.6,15800,13.1,78300,65.1,60900,50.6,13600,22.3,7100,11.7,25700,42.2,8400,13.8,6000,9.9,41300,67.8,59400,49.4,12700,21.3,7300,12.3,24100,40.6,5600,9.4,9800,16.4,37000,62.3
"J","South East",,,"00ME","Windsor and Maidenhead",,,133500,26900,20.1,12500,9.3,49000,36.7,21300,16,23800,17.8,82800,62,65900,49.3,14100,21.4,6700,10.2,24200,36.8,12100,18.4,8700,13.3,43000,65.3,67600,50.7,12800,18.9,5800,8.5,24800,36.7,9200,13.6,15100,22.3,39800,58.8
"J","South East",,,"00MF","Wokingham",,,150600,31000,20.6,16800,11.1,56600,37.6,24200,16.1,21900,14.6,97600,64.8,75300,50,16000,21.3,8900,11.8,28500,37.8,13800,18.3,8100,10.8,51100,67.9,75200,50,15000,19.9,7900,10.5,28100,37.4,10400,13.9,13800,18.3,46500,61.8
"J","South East",,,"00MG","Milton Keynes",,,214400,47600,22.2,24700,11.5,86000,40.1,30400,14.2,25800,12,141000,65.8,107900,50.3,24700,22.9,12900,11.9,43700,40.5,17400,16.2,9200,8.5,74000,68.6,106500,49.7,22900,21.5,11800,11.1,42300,39.8,13000,12.2,16500,15.5,67100,63
"J","South East",,,"00ML","Brighton and Hove",,,248400,41100,16.5,32200,13,98600,39.7,31700,12.8,44800,18,162500,65.4,121200,48.8,20700,17.1,15200,12.5,51000,42.1,18400,15.2,15900,13.1,84600,69.8,127200,51.2,20400,16,17100,13.4,47600,37.4,13200,10.4,28900,22.8,77900,61.2
"J","South East",,,"00MR","Portsmouth",,,188600,35400,18.8,29000,15.4,68200,36.2,23700,12.6,32300,17.1,120900,64.1,93800,49.7,18200,19.4,15200,16.2,34900,37.2,13900,14.8,11600,12.3,64000,68.2,94800,50.3,17200,18.1,13800,14.6,33300,35.2,9800,10.3,20700,21.8,56900,60
"J","South East",,,"00MS","Southampton",,,220700,39300,17.8,41900,19,76200,34.5,27600,12.5,35800,16.2,145600,66,111300,50.4,20000,18,22100,19.8,39800,35.8,16300,14.6,13100,11.8,78200,70.2,109500,49.6,19300,17.7,19800,18.1,36400,33.2,11300,10.3,22700,20.7,67400,61.6
"J","South East",,,"00MW","Isle of Wight",,,134000,24100,18,11700,8.7,40000,29.8,24200,18.1,34000,25.4,75900,56.6,64500,48.1,12400,19.2,6100,9.5,19700,30.6,13900,21.6,12300,19.1,39800,61.7,69500,51.9,11700,16.9,5500,8,20300,29.1,10300,14.8,21700,31.2,36100,51.9
"J","South East","11","Buckinghamshire","11UB","Aylesbury Vale",,,166100,35400,21.3,16900,10.2,62700,37.7,25700,15.5,25400,15.3,105300,63.4,82500,49.6,18600,22.5,8900,10.8,30900,37.4,14700,17.8,9400,11.4,54500,66,83700,50.4,16800,20.1,8000,9.6,31800,38.1,11000,13.2,16000,19.1,50900,60.8
"J","South East","11","Buckinghamshire","11UC","Chiltern",,,88800,18200,20.5,8000,9,29100,32.8,15800,17.8,17700,19.9,52900,59.6,42900,48.3,9200,21.6,4100,9.6,13900,32.5,9000,21.1,6600,15.3,27100,63.1,45900,51.7,9000,19.5,3900,8.5,15200,33,6800,14.8,11100,24.2,25800,56.3
"J","South East","11","Buckinghamshire","11UE","South Bucks",,,61800,12400,20.1,5200,8.4,20800,33.6,10700,17.3,12700,20.5,36700,59.4,30000,48.5,6500,21.6,2700,8.9,10000,33.4,6100,20.4,4700,15.8,18800,62.7,31800,51.5,6000,18.7,2500,8,10800,33.9,4600,14.4,8000,25,17900,56.3
"J","South East","11","Buckinghamshire","11UF","Wycombe",,,161700,33900,21,17600,10.9,58500,36.2,25100,15.5,26600,16.5,101100,62.6,79200,49,17100,21.6,8800,11.2,28900,36.5,14300,18.1,10000,12.6,52100,65.8,82500,51,16800,20.4,8700,10.6,29600,35.9,10800,13,16600,20.2,49100,59.5
"J","South East","21","East Sussex","21UC","Eastbourne",,,90900,16200,17.8,9200,10.2,27800,30.6,13100,14.4,24600,27,50100,55.2,42200,46.5,8300,19.6,4400,10.4,13600,32.2,7400,17.5,8600,20.3,25400,60.1,48700,53.5,7900,16.3,4800,10,14200,29.1,5700,11.7,16000,32.9,24700,50.8
"J","South East","21","East Sussex","21UD","Hastings",,,85600,17800,20.8,8600,10,28800,33.6,13100,15.3,17300,20.3,50500,58.9,41100,48.1,9000,21.8,4300,10.4,14200,34.6,7600,18.5,6100,14.8,26100,63.4,44500,51.9,8800,19.9,4300,9.7,14500,32.7,5500,12.5,11300,25.3,24400,54.8
"J","South East","21","East Sussex","21UF","Lewes",,,93100,17300,18.6,8000,8.6,28400,30.5,15600,16.8,23800,25.6,52000,55.8,44600,47.9,9000,20.2,4100,9.2,13800,30.9,8800,19.8,8800,19.8,26800,60,48500,52.1,8300,17.1,3900,8,14600,30.1,6800,13.9,15000,30.9,25200,52
"J","South East","21","East Sussex","21UG","Rother",,,86200,14600,16.9,6500,7.5,22800,26.4,14900,17.3,27500,31.9,44200,51.2,40400,46.9,7600,18.7,3400,8.5,11000,27.1,8400,20.7,10100,25,22800,56.3,45800,53.1,7000,15.4,3000,6.6,11800,25.8,6600,14.3,17400,37.9,21400,46.7
"J","South East","21","East Sussex","21UH","Wealden",,,140700,27200,19.3,10800,7.7,43500,30.9,25000,17.8,34100,24.3,79400,56.4,67100,47.7,13900,20.8,5500,8.2,21000,31.2,14100,21,12600,18.8,40600,60.4,73600,52.3,13300,18,5300,7.2,22600,30.7,11000,14.9,21500,29.2,38800,52.8
"J","South East","24","Hampshire","24UB","Basingstoke and Deane",,,153700,32300,21,15000,9.8,59100,38.4,24400,15.9,22800,14.9,98500,64.1,76200,49.6,16500,21.7,7600,10,29600,38.9,14000,18.4,8300,10.9,51300,67.3,77500,50.4,15800,20.4,7400,9.5,29500,38,10400,13.4,14500,18.7,47200,60.9
"J","South East","24","Hampshire","24UC","East Hampshire",,,109500,22400,20.5,10600,9.7,37400,34.1,18500,16.9,20600,18.8,66500,60.8,53800,49.1,11400,21.2,5900,11.1,18400,34.1,10600,19.6,7500,14,34800,64.8,55700,50.9,11000,19.8,4700,8.4,19000,34.2,8000,14.3,13000,23.4,31700,56.9
"J","South East","24","Hampshire","24UD","Eastleigh",,,116300,23900,20.6,11700,10,42200,36.3,18300,15.7,20200,17.4,72200,62,57200,49.1,12300,21.6,6100,10.6,20900,36.5,10500,18.4,7400,13,37400,65.5,59200,50.9,11600,19.6,5600,9.5,21300,36,7800,13.1,12800,21.7,34700,58.7
"J","South East","24","Hampshire","24UE","Fareham",,,108700,21000,19.3,10100,9.3,37300,34.3,18100,16.6,22200,20.4,65500,60.2,53300,49,11000,20.6,5400,10.2,18300,34.4,10300,19.3,8300,15.6,34000,63.9,55400,51,10100,18.1,4600,8.4,19000,34.3,7800,14.1,13900,25.1,31400,56.7
"J","South East","24","Hampshire","24UF","Gosport",,,76800,15400,20.1,9000,11.7,27100,35.3,10900,14.2,14400,18.8,47000,61.2,37400,48.8,7900,21,4700,12.5,13500,36,6200,16.7,5200,13.8,24400,65.2,39400,51.2,7500,19.2,4300,11,13600,34.6,4600,11.8,9200,23.5,22600,57.4
"J","South East","24","Hampshire","24UG","Hart",,,85000,17300,20.3,8600,10.1,31900,37.5,14300,16.8,13100,15.4,54700,64.3,43200,50.8,9000,20.8,5000,11.5,16300,37.7,8100,18.8,4800,11.2,29400,68,41800,49.2,8300,19.8,3600,8.5,15600,37.3,6100,14.7,8200,19.7,25300,60.5
"J","South East","24","Hampshire","24UH","Havant",,,116800,22800,19.6,11600,9.9,37500,32.1,19100,16.4,25700,22,68200,58.4,56200,48.1,11700,20.8,5900,10.4,18100,32.3,10900,19.4,9600,17.2,34900,62.1,60600,51.9,11200,18.4,5700,9.4,19400,31.9,8200,13.6,16100,26.6,33300,55
"J","South East","24","Hampshire","24UJ","New Forest",,,170700,30900,18.1,14000,8.2,52300,30.6,29600,17.3,44000,25.8,95800,56.1,81800,47.9,15900,19.4,7300,8.9,25100,30.8,16800,20.5,16700,20.4,49200,60.2,88900,52.1,14900,16.8,6700,7.5,27100,30.5,12800,14.4,27400,30.8,46600,52.4
"J","South East","24","Hampshire","24UL","Rushmoor",,,89400,18800,21,10900,12.2,35600,39.8,11700,13.1,12300,13.8,58300,65.2,45000,50.3,9600,21.4,5900,13.2,18300,40.6,6900,15.3,4300,9.5,31100,69.1,44400,49.7,9200,20.7,5000,11.2,17400,39.1,4900,11,8000,18.1,27200,61.2
"J","South East","24","Hampshire","24UN","Test Valley",,,110400,23000,20.9,10000,9,39200,35.5,18700,16.9,19600,17.7,67800,61.4,54200,49.1,11800,21.8,5300,9.8,19400,35.7,10600,19.5,7200,13.2,35200,65,56200,50.9,11200,20,4700,8.3,19800,35.2,8100,14.4,12400,22,32600,58
"J","South East","24","Hampshire","24UP","Winchester",,,107500,20100,18.7,12500,11.6,35800,33.3,17800,16.5,21400,19.9,66100,61.4,52700,49,10500,20,6200,11.8,17800,33.8,10200,19.4,7900,15,34200,65,54900,51,9600,17.5,6300,11.4,18000,32.8,7600,13.8,13500,24.6,31800,58
"J","South East","29","Kent","29UB","Ashford",,,104300,22100,21.2,9800,9.4,36100,34.6,16900,16.2,19400,18.6,62700,60.1,50700,48.6,11200,22.2,5000,9.8,17600,34.8,9600,19,7300,14.3,32200,63.5,53500,51.4,10900,20.4,4800,9,18400,34.4,7300,13.5,12200,22.7,30500,56.9
"J","South East","29","Kent","29UC","Canterbury",,,137100,25100,18.3,20300,14.8,41100,30,20900,15.2,29700,21.6,82300,60,65100,47.5,12900,19.8,9800,15.1,20000,30.7,11700,18,10700,16.4,41500,63.8,72000,52.5,12200,17,10500,14.6,21100,29.3,9200,12.7,19000,26.4,40700,56.6
"J","South East","29","Kent","29UD","Dartford",,,86300,18200,21.1,8900,10.4,32400,37.5,12200,14.2,14500,16.9,53500,62,42400,49.2,9400,22.2,4500,10.6,16100,38,7100,16.6,5400,12.7,27600,65.2,43900,50.8,8800,20.1,4500,10.2,16200,37,5200,11.8,9200,20.9,25900,59
"J","South East","29","Kent","29UE","Dover",,,104700,21000,20,10100,9.7,33500,32,17400,16.7,22700,21.7,61100,58.3,50500,48.2,10700,21.2,5300,10.6,16200,32,10000,19.9,8200,16.3,31500,62.5,54300,51.8,10300,18.9,4800,8.9,17300,31.9,7400,13.7,14400,26.6,29600,54.5
"J","South East","29","Kent","29UG","Gravesham",,,95400,20300,21.2,9700,10.2,33300,34.9,14800,15.5,17300,18.2,57800,60.6,46900,49.1,10500,22.3,4900,10.3,16700,35.6,8400,17.9,6400,13.7,30000,63.9,48500,50.9,9800,20.2,4900,10.1,16500,34.1,6400,13.2,10900,22.5,27800,57.4
"J","South East","29","Kent","29UH","Maidstone",,,140400,27500,19.6,14000,10,49500,35.2,23700,16.9,25600,18.3,87300,62.1,69200,49.3,14300,20.7,7300,10.6,24500,35.4,13700,19.7,9400,13.6,45500,65.8,71300,50.7,13200,18.6,6700,9.4,25000,35.1,10100,14.1,16300,22.8,41800,58.6
"J","South East","29","Kent","29UK","Sevenoaks",,,109100,22100,20.3,9500,8.7,36500,33.4,18900,17.3,22100,20.3,64800,59.4,52700,48.3,11200,21.3,4900,9.2,17700,33.6,10700,20.4,8200,15.5,33300,63.2,56300,51.7,10900,19.4,4600,8.1,18800,33.3,8200,14.5,13900,24.7,31500,55.9
"J","South East","29","Kent","29UL","Shepway",,,96400,18800,19.5,8600,8.9,30500,31.7,16100,16.7,22400,23.2,55200,57.3,46000,47.8,9600,20.8,4300,9.4,14700,32,9300,20.1,8200,17.7,28300,61.5,50300,52.2,9200,18.3,4300,8.5,15800,31.3,6800,13.6,14200,28.3,26900,53.4
"J","South East","29","Kent","29UM","Swale",,,124200,26700,21.5,12700,10.2,42700,34.4,20400,16.4,21800,17.6,75700,61,61300,49.3,13600,22.2,6600,10.7,21300,34.8,11700,19.1,8100,13.2,39600,64.7,63000,50.7,13100,20.8,6100,9.7,21400,34,8600,13.7,13800,21.9,36100,57.4
"J","South East","29","Kent","29UN","Thanet",,,127600,25600,20,12300,9.6,38200,29.9,20400,16,31200,24.4,70900,55.5,60600,47.5,13300,21.9,6200,10.2,18300,30.2,11600,19.1,11200,18.6,36000,59.5,67000,52.5,12300,18.3,6100,9.1,19900,29.7,8800,13.1,19900,29.7,34800,52
"J","South East","29","Kent","29UP","Tonbridge and Malling",,,108600,23400,21.5,9700,9,38500,35.5,17500,16.1,19500,17.9,65800,60.6,53100,48.9,12000,22.6,5000,9.5,18800,35.5,10000,18.9,7200,13.6,33900,63.8,55500,51.1,11300,20.4,4700,8.5,19700,35.5,7500,13.6,12200,22.1,31900,57.5
"J","South East","29","Kent","29UQ","Tunbridge Wells",,,103800,21700,20.9,9400,9,36400,35.1,16800,16.2,19500,18.8,62600,60.3,50000,48.2,10800,21.7,4800,9.7,17900,35.8,9600,19.2,6800,13.7,32300,64.7,53800,51.8,10900,20.2,4500,8.4,18500,34.4,7200,13.5,12600,23.5,30300,56.3
"J","South East","38","Oxfordshire","38UB","Cherwell",,,133100,27700,20.8,13100,9.9,51500,38.7,19600,14.7,21100,15.8,84300,63.3,65900,49.5,14100,21.3,6800,10.3,25900,39.4,11200,17.1,7800,11.9,44000,66.8,67200,50.5,13700,20.3,6400,9.4,25600,38,8400,12.4,13300,19.7,40300,59.9
"J","South East","38","Oxfordshire","38UC","Oxford",,,136800,21500,15.7,31800,23.2,49000,35.8,14800,10.8,19800,14.5,95600,69.9,68000,49.7,11000,16.2,15900,23.4,25100,36.9,8500,12.5,7500,11.1,49500,72.8,68800,50.3,10500,15.2,15800,23,23900,34.7,6400,9.2,12200,17.8,46100,67
"J","South East","38","Oxfordshire","38UD","South Oxfordshire",,,128600,25900,20.1,11500,8.9,47300,36.8,20700,16.1,23200,18,79500,61.8,63400,49.3,13300,21,6100,9.6,23500,37,11900,18.8,8600,13.5,41500,65.4,65200,50.7,12600,19.3,5400,8.3,23800,36.5,8800,13.5,14600,22.4,38000,58.3
"J","South East","38","Oxfordshire","38UE","Vale of White Horse",,,115900,23700,20.4,11600,10,40900,35.3,18800,16.2,21000,18.1,71200,61.5,57700,49.8,12300,21.4,6300,10.9,20400,35.3,10800,18.7,8000,13.8,37500,64.9,58100,50.2,11300,19.5,5300,9.1,20500,35.3,8000,13.7,13000,22.4,33800,58.1
"J","South East","38","Oxfordshire","38UF","West Oxfordshire",,,96300,19500,20.2,8600,8.9,34600,36,15500,16.1,18100,18.8,58700,61,47600,49.4,10100,21.2,4500,9.5,17400,36.6,8800,18.5,6700,14.2,30700,64.6,48700,50.6,9400,19.2,4100,8.3,17200,35.4,6700,13.8,11400,23.3,28000,57.5
"J","South East","43","Surrey","43UB","Elmbridge",,,123700,25300,20.4,10100,8.2,46200,37.4,19200,15.5,22900,18.5,75500,61.1,60200,48.6,13100,21.8,5100,8.4,22800,37.9,10900,18.1,8300,13.8,38700,64.4,63500,51.4,12200,19.1,5000,7.9,23400,36.9,8300,13.1,14600,22.9,36800,57.9
"J","South East","43","Surrey","43UC","Epsom and Ewell",,,67500,13000,19.3,6500,9.7,23600,35,11300,16.7,13000,19.3,41400,61.4,32600,48.4,6700,20.5,3300,10.1,11600,35.4,6400,19.6,4700,14.4,21200,65.1,34900,51.6,6300,18.1,3200,9.3,12100,34.6,4900,14,8300,23.9,20200,58
"J","South East","43","Surrey","43UD","Guildford",,,129900,23300,18,17100,13.2,47100,36.2,19500,15,22800,17.6,83700,64.4,64300,49.5,12100,18.8,9200,14.3,23600,36.8,11100,17.2,8300,12.9,43900,68.3,65600,50.5,11300,17.2,7900,12.1,23400,35.7,8400,12.9,14500,22.1,39800,60.7
"J","South East","43","Surrey","43UE","Mole Valley",,,80400,15300,19,6500,8.1,26900,33.4,14000,17.4,17800,22.1,47400,58.9,39100,48.6,7800,20.1,3400,8.6,13200,33.9,8000,20.5,6600,16.9,24600,63,41300,51.4,7400,17.9,3100,7.5,13700,33,6000,14.5,11200,27,22800,55
"J","South East","43","Surrey","43UF","Reigate and Banstead",,,126200,24900,19.8,11200,8.9,46400,36.8,20100,15.9,23500,18.6,77700,61.6,61700,48.9,13000,21,5700,9.2,23200,37.5,11400,18.4,8500,13.8,40200,65.2,64400,51.1,12000,18.5,5600,8.6,23200,36,8700,13.5,15000,23.3,37500,58.2
"J","South East","43","Surrey","43UG","Runnymede",,,78200,13500,17.3,10600,13.6,27900,35.7,11700,14.9,14500,18.6,50200,64.2,38100,48.7,7000,18.3,5000,13,14000,36.7,6800,17.9,5400,14.1,25800,67.6,40100,51.3,6500,16.3,5600,14,13900,34.7,4900,12.1,9100,22.8,24400,60.9
"J","South East","43","Surrey","43UH","Spelthorne",,,90200,17000,18.9,8200,9.1,33500,37.1,13800,15.3,17600,19.6,55600,61.6,44300,49.1,8700,19.7,4200,9.4,16700,37.7,8100,18.3,6600,14.9,29000,65.4,45900,50.9,8300,18.1,4000,8.8,16800,36.6,5700,12.5,11000,24,26600,57.9
"J","South East","43","Surrey","43UJ","Surrey Heath",,,80300,16500,20.6,7300,9.1,30000,37.4,13200,16.5,13200,16.4,50500,63,39700,49.5,8600,21.7,3800,9.6,14900,37.4,7600,19.1,4800,12.1,26300,66.2,40600,50.5,7900,19.6,3500,8.5,15200,37.4,5600,13.9,8400,20.6,24300,59.8
"J","South East","43","Surrey","43UK","Tandridge",,,78800,16100,20.5,6600,8.4,27100,34.4,13500,17.1,15500,19.6,47200,59.9,37800,48,8100,21.3,3300,8.8,13000,34.5,7700,20.3,5700,15.1,24100,63.6,40900,52,8100,19.7,3300,8,14100,34.3,5800,14.1,9800,23.9,23100,56.4
"J","South East","43","Surrey","43UL","Waverley",,,115800,22600,19.5,11500,9.9,38500,33.3,19600,16.9,23600,20.3,69600,60.1,56100,48.4,11800,21,5900,10.5,18900,33.6,11000,19.6,8500,15.2,35800,63.8,59700,51.6,10800,18.1,5600,9.4,19600,32.9,8600,14.4,15100,25.2,33900,56.7
"J","South East","43","Surrey","43UM","Woking",,,89100,18300,20.6,8400,9.4,34200,38.4,13100,14.7,15100,17,55700,62.5,43300,48.7,9200,21.2,4200,9.7,16900,39.1,7500,17.4,5500,12.6,28700,66.2,45700,51.3,9100,19.9,4200,9.1,17200,37.7,5600,12.2,9600,21.1,27000,59
"J","South East","45","West Sussex","45UB","Adur",,,60100,11400,19,5300,8.8,19000,31.6,9800,16.3,14700,24.4,34000,56.6,28700,47.7,5800,20.4,2800,9.9,9200,32.2,5500,19.2,5300,18.4,17500,61.2,31400,52.3,5500,17.6,2500,7.8,9700,31,4300,13.6,9400,29.9,16500,52.4
"J","South East","45","West Sussex","45UC","Arun",,,142800,24400,17.1,11900,8.3,41800,29.3,23400,16.4,41200,28.9,77200,54.1,67300,47.1,12500,18.6,6100,9.1,20300,30.2,13300,19.8,15000,22.2,39800,59.2,75500,52.9,11800,15.7,5800,7.7,21500,28.5,10100,13.4,26300,34.8,37400,49.5
"J","South East","45","West Sussex","45UD","Chichester",,,106900,18800,17.6,10100,9.4,31800,29.7,18300,17.2,27900,26.1,60200,56.3,50500,47.2,9600,18.9,5100,10,15300,30.3,10400,20.5,10200,20.2,30700,60.8,56400,52.8,9200,16.4,5000,8.9,16500,29.2,8000,14.2,17700,31.4,29500,52.2
"J","South East","45","West Sussex","45UE","Crawley",,,99600,20900,21,11000,11.1,38600,38.7,12500,12.5,16600,16.6,62100,62.4,49200,49.4,10600,21.5,5500,11.2,19500,39.6,7100,14.5,6600,13.3,32100,65.2,50400,50.6,10400,20.6,5500,11,19100,37.9,5400,10.7,10000,19.8,30000,59.6
"J","South East","45","West Sussex","45UF","Horsham",,,122600,25200,20.6,10300,8.4,42900,35,20400,16.6,23900,19.5,73500,60,59500,48.6,13000,21.8,5300,8.9,21000,35.2,11500,19.3,8800,14.8,37800,63.4,63100,51.4,12300,19.4,5000,7.9,21900,34.8,8900,14.1,15000,23.9,35800,56.7
"J","South East","45","West Sussex","45UG","Mid Sussex",,,127100,25600,20.2,11500,9,44100,34.7,21600,17,24400,19.2,77100,60.7,61700,48.5,13500,21.9,6000,9.7,21400,34.8,12100,19.6,8700,14.1,39500,64.1,65400,51.5,12200,18.6,5500,8.4,22600,34.6,9500,14.5,15700,24,37600,57.5
"J","South East","45","West Sussex","45UH","Worthing",,,98200,18000,18.3,8500,8.7,32500,33.1,14200,14.5,24900,25.4,55300,56.3,46100,46.9,9200,20,4200,9.1,16100,35,8100,17.5,8400,18.3,28400,61.7,52100,53.1,8700,16.8,4300,8.3,16400,31.4,6200,11.8,16500,31.7,26900,51.6
"K","South West",,,"00HA","Bath and North East Somerset",,,170100,30700,18.1,22300,13.1,56400,33.2,26200,15.4,34500,20.3,104900,61.7,82800,48.7,15700,19,11500,13.9,28000,33.8,14800,17.9,12800,15.4,54300,65.6,87400,51.3,15000,17.2,10800,12.3,28400,32.5,11400,13,21700,24.9,50600,57.9
"K","South West",,,"00HB","Bristol, City of",,,390500,72100,18.5,58800,15.1,144800,37.1,49900,12.8,64900,16.6,253500,64.9,192400,49.3,37100,19.3,29400,15.3,73300,38.1,29000,15.1,23600,12.3,131700,68.5,198100,50.7,35000,17.7,29400,14.9,71500,36.1,20800,10.5,41300,20.9,121700,61.5
"K","South West",,,"00HC","North Somerset",,,190500,35900,18.8,16700,8.8,62100,32.6,33500,17.6,42200,22.2,112400,59,92600,48.6,18500,19.9,8700,9.4,30700,33.1,19200,20.7,15500,16.8,58600,63.3,97900,51.4,17400,17.8,8000,8.2,31400,32.1,14300,14.7,26700,27.3,53800,55
"K","South West",,,"00HD","South Gloucestershire",,,248300,50900,20.5,24700,9.9,91400,36.8,38800,15.6,42500,17.1,154900,62.4,122900,49.5,26200,21.4,13000,10.6,45400,36.9,22400,18.2,15900,12.9,80800,65.7,125400,50.5,24700,19.7,11700,9.3,46000,36.7,16400,13.1,26600,21.2,74100,59.1
"K","South West",,,"00HE","Cornwall",,,..,..,..,..,..,..,..,..,..,..,..,..,..,..,..,..,..,..,..,..,..,..,..,..,..,..,..,..,..,..,..,..,..,..,..,..,..,..,..,..,..
"K","South West",,,"00HF","Isles of Scilly",,,2200,400,17.2,200,8.6,700,32.3,400,19.7,500,22.2,1300,60.6,1100,50.2,200,16.1,100,10.1,400,32.7,300,23.2,200,17.9,700,66,1100,49.8,200,18.3,100,7.1,300,32,200,16.1,300,26.5,600,55.2
"K","South West",,,"00HG","Plymouth",,,242000,46300,19.1,33000,13.7,82100,33.9,35900,14.8,44600,18.4,151000,62.4,118200,48.8,23900,20.2,17400,14.8,40600,34.3,20400,17.3,15800,13.4,78400,66.4,123800,51.2,22400,18.1,15600,12.6,41600,33.6,15400,12.4,28800,23.3,72600,58.6
"K","South West",,,"00HH","Torbay",,,130700,23200,17.8,11700,9,39600,30.3,22400,17.2,33700,25.8,73800,56.5,62400,47.8,12000,19.2,6000,9.6,19300,30.9,12900,20.6,12200,19.6,38200,61.2,68300,52.2,11200,16.4,5700,8.3,20400,29.8,9600,14,21400,31.4,35600,52.2
"K","South West",,,"00HN","Bournemouth",,,163100,26900,16.5,21200,13,54300,33.3,23100,14.1,37700,23.1,98500,60.4,78500,48.1,13800,17.6,10600,13.5,27200,34.6,13400,17,13600,17.3,51200,65.2,84600,51.9,13100,15.5,10600,12.5,27100,32,9700,11.5,24200,28.6,47300,56
"K","South West",,,"00HP","Poole",,,138600,25300,18.3,13100,9.4,45900,33.1,22200,16,32000,23.1,81200,58.6,66200,47.8,12800,19.3,6500,9.8,22400,33.8,12700,19.2,11900,17.9,41600,62.8,72300,52.2,12500,17.3,6600,9.1,23500,32.5,9500,13.2,20200,27.9,39700,54.8
"K","South West",,,"00HX","Swindon",,,181400,37500,20.7,18600,10.2,71400,39.4,25000,13.8,29000,16,115000,63.4,90500,49.9,19200,21.2,9500,10.5,36500,40.3,14500,16,10800,12,60500,66.8,90900,50.1,18300,20.1,9100,10,34900,38.4,10500,11.5,18100,19.9,54500,59.9
"K","South West",,,"00HY","Wiltshire",,,..,..,..,..,..,..,..,..,..,..,..,..,..,..,..,..,..,..,..,..,..,..,..,..,..,..,..,..,..,..,..,..,..,..,..,..,..,..,..,..,..
"K","South West","18","Devon","18UB","East Devon",,,126500,20700,16.3,10700,8.5,34500,27.3,22400,17.7,38300,30.3,67600,53.4,59700,47.2,10400,17.5,5700,9.6,16500,27.7,12700,21.3,14300,23.9,35000,58.6,66800,52.8,10200,15.3,5000,7.4,18000,26.9,9600,14.4,24000,35.9,32600,48.8
"K","South West","18","Devon","18UC","Exeter",,,110900,18700,16.9,18800,16.9,37600,33.9,15300,13.8,20500,18.5,71600,64.6,53900,48.6,9600,17.8,9600,17.8,18800,34.8,8800,16.3,7100,13.2,37200,69,57000,51.4,9100,16,9200,16.1,18800,33,6500,11.4,13400,23.5,34500,60.5
"K","South West","18","Devon","18UD","Mid Devon",,,70500,13800,19.6,6200,8.7,22900,32.5,12300,17.5,15300,21.7,41400,58.7,34400,48.8,7000,20.4,3200,9.2,11300,32.8,7200,20.8,5800,16.8,21600,62.8,36100,51.2,6800,18.8,3000,8.3,11600,32.2,5200,14.3,9500,26.4,19800,54.8
"K","South West","18","Devon","18UE","North Devon",,,88200,16700,18.9,7500,8.5,27200,30.9,16000,18.2,20700,23.5,50800,57.6,42700,48.4,8600,20.1,3900,9.1,13300,31,9200,21.6,7800,18.2,26400,61.7,45500,51.6,8100,17.8,3600,7.9,14000,30.8,6800,15,13000,28.5,24400,53.7
"K","South West","18","Devon","18UG","South Hams",,,82200,14900,18.1,7100,8.6,25000,30.4,15600,19,19700,23.9,47600,58,39900,48.6,7700,19.3,4000,9.9,12000,30.1,8800,22.1,7400,18.6,24800,62.1,42200,51.4,7200,17,3100,7.3,13000,30.7,6800,16.1,12200,29,22800,54.1
"K","South West","18","Devon","18UH","Teignbridge",,,122000,22500,18.4,10200,8.3,37500,30.8,21400,17.5,30500,25,69100,56.6,58400,47.9,11600,19.8,5400,9.2,18000,30.8,12100,20.8,11300,19.4,35500,60.8,63600,52.1,10900,17.1,4800,7.5,19500,30.7,9300,14.6,19200,30.1,33600,52.8
"K","South West","18","Devon","18UK","Torridge",,,60000,11000,18.3,5100,8.6,18000,30.1,11400,19.1,14400,24,34600,57.7,29300,48.9,5600,19.1,2800,9.5,8800,29.9,6700,22.9,5500,18.7,18300,62.2,30700,51.1,5400,17.6,2400,7.7,9300,30.2,4700,15.4,8900,29,16400,53.4
"K","South West","18","Devon","18UL","West Devon",,,49300,9100,18.4,4000,8.1,15100,30.7,9700,19.6,11400,23.1,28800,58.5,24100,49,4600,19.3,2200,9.3,7500,31.1,5500,23,4200,17.4,15300,63.3,25100,51,4400,17.6,1800,7,7600,30.3,4100,16.5,7200,28.6,13500,53.8
"K","South West","19","Dorset","19UC","Christchurch",,,45100,7200,15.9,3300,7.2,12300,27.3,7500,16.7,14800,32.9,23100,51.2,21300,47.2,3700,17.6,1700,8,6000,28.1,4200,19.7,5700,26.6,11900,55.8,23800,52.8,3400,14.4,1600,6.5,6400,26.7,3300,14,9200,38.5,11200,47.1
"K","South West","19","Dorset","19UD","East Dorset",,,84900,14400,17,6300,7.4,24100,28.4,15600,18.3,24500,28.9,45900,54.1,40600,47.8,7400,18.2,3400,8.3,11400,28.2,8700,21.5,9700,23.8,23500,58,44400,52.2,7100,16,2900,6.6,12600,28.5,6800,15.4,14900,33.6,22400,50.5
"K","South West","19","Dorset","19UE","North Dorset",,,62500,12300,19.7,6000,9.7,19400,31,10300,16.5,14400,23.1,35800,57.2,31100,49.8,6500,20.7,3700,11.8,9700,31.1,5900,18.8,5500,17.5,19200,61.7,31400,50.2,5900,18.7,2400,7.5,9700,31,4500,14.3,9000,28.5,16600,52.8
"K","South West","19","Dorset","19UG","Purbeck",,,44500,8000,18,3700,8.4,13500,30.2,8100,18.3,11200,25.1,25300,56.9,21600,48.6,4200,19.3,2000,9.2,6500,30.3,4700,21.6,4300,19.7,13200,61,22900,51.4,3800,16.8,1800,7.6,6900,30.2,3500,15.2,6900,30.1,12200,53.1
"K","South West","19","Dorset","19UH","West Dorset",,,93400,16700,17.8,7000,7.5,27200,29.1,16500,17.7,26000,27.9,50700,54.3,44600,47.8,8600,19.2,3700,8.2,13200,29.5,9400,21.1,9800,21.9,26300,58.9,48800,52.2,8100,16.6,3300,6.8,14000,28.7,7100,14.5,16200,33.3,24400,50.1
"K","South West","19","Dorset","19UJ","Weymouth and Portland",,,64300,11800,18.4,6200,9.7,21100,32.8,11000,17.1,14200,22,38300,59.6,31600,49.2,6000,19,3400,10.7,10700,34,6300,20.1,5200,16.4,20500,64.7,32700,50.8,5800,17.8,2900,8.8,10300,31.6,4700,14.3,9000,27.5,17900,54.7
"K","South West","23","Gloucestershire","23UB","Cheltenham",,,109600,20000,18.3,14000,12.8,38300,34.9,15700,14.3,21600,19.7,67900,62,53300,48.6,10100,19,7000,13.2,19300,36.3,9100,17,7800,14.6,35400,66.4,56300,51.4,9900,17.6,7000,12.4,18900,33.6,6600,11.8,13900,24.6,32500,57.8
"K","South West","23","Gloucestershire","23UC","Cotswold",,,80500,15000,18.6,6700,8.3,26300,32.7,14100,17.6,18400,22.8,47200,58.6,39200,48.7,7800,19.8,3600,9.1,12800,32.7,8200,20.9,6900,17.5,24600,62.7,41300,51.3,7200,17.5,3100,7.6,13500,32.6,6000,14.4,11500,27.9,22600,54.7
"K","South West","23","Gloucestershire","23UD","Forest of Dean",,,80200,15500,19.4,7800,9.7,26100,32.5,14400,18,16400,20.4,48300,60.2,39100,48.8,8100,20.6,3800,9.6,12900,32.9,8400,21.4,6100,15.5,25000,63.9,41000,51.2,7500,18.2,4000,9.8,13200,32.2,6000,14.7,10300,25.1,23300,56.7
"K","South West","23","Gloucestershire","23UE","Gloucester",,,110300,23800,21.6,11700,10.6,40200,36.5,15400,14,19200,17.4,67300,61.1,54200,49.1,12200,22.5,5900,10.9,20000,36.9,8900,16.4,7200,13.2,34800,64.3,56100,50.9,11600,20.6,5700,10.2,20200,36.1,6600,11.7,12000,21.4,32500,58
"K","South West","23","Gloucestershire","23UF","Stroud",,,108100,21600,19.9,9400,8.7,36200,33.5,18900,17.5,22100,20.4,64400,59.6,53100,49.1,11300,21.3,4900,9.3,17800,33.6,10900,20.5,8100,15.3,33700,63.4,55000,50.9,10300,18.7,4400,8,18400,33.4,8000,14.5,14000,25.4,30800,55.9
"K","South West","23","Gloucestershire","23UG","Tewkesbury",,,77200,14900,19.3,6600,8.5,26500,34.3,13100,17,16100,20.9,46200,59.8,37500,48.5,7700,20.4,3300,8.9,12900,34.5,7600,20.2,6000,16,23900,63.6,39700,51.5,7300,18.3,3300,8.2,13500,34,5600,14,10100,25.4,22400,56.2
"K","South West","40","Somerset","40UB","Mendip",,,104700,21400,20.5,9700,9.3,34900,33.3,17600,16.8,21100,20.1,62200,59.4,51100,48.8,11100,21.7,5100,9.9,17100,33.4,10100,19.8,7800,15.2,32300,63.1,53600,51.2,10300,19.3,4600,8.6,17800,33.2,7500,14,13300,24.8,29900,55.9
"K","South West","40","Somerset","40UC","Sedgemoor",,,107100,21000,19.6,9500,8.9,34300,32,18600,17.4,23700,22.1,62400,58.3,52200,48.7,10800,20.8,5000,9.5,16800,32.2,10700,20.5,8900,17,32500,62.2,55000,51.3,10200,18.6,4500,8.3,17500,31.8,7900,14.4,14800,27,29900,54.5
"K","South West","40","Somerset","40UD","South Somerset",,,151800,29600,19.5,13600,9,48500,31.9,25900,17,34300,22.6,88000,58,74100,48.8,15000,20.3,7300,9.8,24200,32.6,14800,20,12800,17.3,46300,62.4,77700,51.2,14500,18.7,6300,8.2,24300,31.3,11100,14.2,21400,27.6,41700,53.7
"K","South West","40","Somerset","40UE","Taunton Deane",,,103900,19900,19.1,10300,9.9,34300,33,16800,16.1,22700,21.8,61400,59.1,50000,48.1,10300,20.5,5300,10.6,16600,33.1,9500,19,8300,16.7,31400,62.8,53900,51.9,9600,17.9,5000,9.3,17700,32.8,7300,13.5,14300,26.6,30000,55.6
"K","South West","40","Somerset","40UF","West Somerset",,,35300,5600,15.9,3100,8.7,9300,26.3,6700,18.9,10600,30.1,19000,53.9,16800,47.6,2900,17.1,1600,9.5,4500,26.5,3800,22.9,4000,24,9900,58.9,18500,52.4,2700,14.8,1500,8.1,4800,26.2,2800,15.2,6600,35.7,9100,49.5
,,,,"00NA","Isle of Anglesey",,,67900,13100,19.3,6300,9.4,21000,30.9,12300,18.2,15100,22.3,39600,58.4,32900,48.5,6700,20.4,3200,9.8,10300,31.4,7100,21.5,5500,16.8,20600,62.8,35000,51.5,6400,18.3,3100,8.9,10600,30.4,5200,15,9600,27.5,19000,54.3
,,,,"00NC","Gwynedd",,,117200,22600,19.3,13900,11.9,35400,30.2,19400,16.5,25900,22.1,68700,58.6,56200,48,11500,20.5,6700,12,17400,30.9,11300,20.1,9200,16.4,35400,63,61000,52,11000,18.1,7200,11.8,18000,29.6,8100,13.3,16700,27.3,33300,54.6
,,,,"00NE","Conwy",,,110200,20200,18.3,9500,8.6,33000,30,18300,16.6,29200,26.5,60900,55.2,52500,47.7,10300,19.6,5000,9.4,16000,30.5,10600,20.1,10700,20.3,31600,60.1,57600,52.3,9900,17.1,4600,7.9,17000,29.5,7700,13.4,18500,32.1,29300,50.8
,,,,"00NG","Denbighshire",,,93800,18300,19.5,8700,9.3,29100,31,15900,17,21800,23.2,53700,57.3,45000,47.9,9400,20.9,4500,10,14000,31.2,9300,20.6,7800,17.3,27800,61.8,48800,52.1,8900,18.3,4200,8.6,15100,30.9,6700,13.7,14000,28.6,25900,53.1
,,,,"00NJ","Flintshire",,,148700,30200,20.3,15000,10.1,51900,34.9,25000,16.8,26700,17.9,91800,61.7,72900,49,15400,21.2,7900,10.8,25500,35,14400,19.7,9700,13.3,47700,65.5,75800,51,14800,19.5,7100,9.4,26400,34.8,10600,14,17000,22.4,44100,58.1
,,,,"00NL","Wrexham",,,128800,25100,19.5,14500,11.3,44200,34.3,20900,16.3,24000,18.6,79700,61.8,63000,48.9,13000,20.6,7500,12,21700,34.4,12200,19.4,8500,13.6,41500,65.8,65800,51.1,12100,18.4,7000,10.6,22500,34.2,8700,13.2,15500,23.5,38200,58.1
,,,,"00NN","Powys",,,127100,24500,19.3,10500,8.3,39600,31.1,23100,18.2,29500,23.2,73200,57.6,62800,49.4,12700,20.2,5600,9,19700,31.3,13400,21.3,11400,18.2,38700,61.5,64300,50.6,11800,18.3,4900,7.6,19900,30.9,9800,15.2,18000,28,34500,53.7
,,,,"00NQ","Ceredigion",,,75600,12600,16.7,12200,16.1,21300,28.1,12900,17.1,16600,21.9,46400,61.4,36800,48.7,6600,17.9,5800,15.8,10600,28.7,7500,20.5,6300,17.1,23900,65,38800,51.3,6000,15.6,6400,16.4,10700,27.6,5400,13.9,10300,26.5,22500,57.9
,,,,"00NS","Pembrokeshire",,,113600,23100,20.4,10300,9.1,34300,30.2,20300,17.9,25600,22.5,64900,57.1,54700,48.2,11900,21.7,5300,9.6,16400,30,11600,21.2,9600,17.5,33300,60.8,58900,51.8,11300,19.1,5100,8.6,17900,30.3,8700,14.8,16000,27.2,31600,53.7
,,,,"00NU","Carmarthenshire",,,174700,33700,19.3,17200,9.8,54300,31.1,30200,17.3,39300,22.5,101600,58.2,84100,48.1,17500,20.8,8400,10,26200,31.1,17500,20.8,14600,17.3,52100,61.9,90600,51.9,16200,17.9,8800,9.7,28100,31,12700,14.1,24800,27.3,49600,54.8
,,,,"00NX","Swansea",,,224100,41700,18.6,28800,12.9,71700,32,34800,15.5,47100,21,135400,60.4,108600,48.5,21400,19.7,14700,13.5,35200,32.4,19700,18.2,17600,16.2,69600,64.1,115500,51.5,20300,17.5,14100,12.2,36500,31.6,15100,13.1,29500,25.5,65700,56.9
,,,,"00NZ","Neath Port Talbot",,,134700,26100,19.4,13700,10.1,44700,33.2,21800,16.2,28400,21.1,80200,59.6,65200,48.4,13400,20.6,7000,10.7,21900,33.6,12500,19.2,10300,15.9,41400,63.6,69500,51.6,12700,18.2,6700,9.6,22800,32.8,9300,13.4,18100,26,38800,55.8
,,,,"00PB","Bridgend",,,129300,26000,20.1,12600,9.8,44800,34.6,20700,16,25100,19.4,78100,60.4,62900,48.6,13300,21.1,6500,10.4,22100,35.1,11900,19,9100,14.4,40500,64.5,66400,51.4,12800,19.2,6100,9.2,22700,34.1,8800,13.2,16000,24.2,37600,56.6
,,,,"00PD","The Vale of Glamorgan",,,119900,25500,21.2,11900,9.9,39500,32.9,19600,16.3,23500,19.6,70900,59.2,57500,48,13000,22.5,6100,10.6,18600,32.4,11200,19.5,8600,15,35900,62.5,62400,52,12500,20,5800,9.3,20800,33.4,8300,13.4,14900,23.9,35000,56.1
,,,,"00PF","Rhondda, Cynon, Taff",,,231800,47500,20.5,27300,11.8,76800,33.1,36300,15.7,43900,18.9,140500,60.6,112400,48.5,24500,21.8,13800,12.2,37400,33.2,21100,18.8,15700,13.9,72300,64.3,119400,51.5,23000,19.3,13500,11.3,39500,33,15200,12.7,28200,23.6,68200,57.1
,,,,"00PH","Merthyr Tydfil",,,55800,11700,21,6100,10.9,18700,33.5,8800,15.8,10500,18.8,33600,60.2,27000,48.4,6000,22.2,3100,11.3,9100,33.8,5100,18.9,3700,13.8,17300,64,28800,51.6,5700,19.8,3000,10.5,9600,33.3,3700,12.8,6800,23.6,16300,56.6
,,,,"00PK","Caerphilly",,,170200,36400,21.4,18000,10.6,58400,34.3,26800,15.7,30600,18,103300,60.7,83000,48.7,18800,22.6,8900,10.8,28700,34.6,15400,18.6,11100,13.3,53100,64,87300,51.3,17600,20.2,9100,10.4,29700,34,11300,13,19500,22.4,50100,57.5
,,,,"00PL","Blaenau Gwent",,,69400,14500,20.9,7200,10.4,22800,32.9,11200,16.2,13700,19.7,41200,59.4,33500,48.4,7300,21.7,3600,10.8,11100,33.1,6600,19.8,4900,14.6,21400,63.7,35800,51.6,7200,20.2,3600,9.9,11700,32.6,4600,12.8,8800,24.4,19800,55.4
,,,,"00PM","Torfaen",,,90700,19000,21,9300,10.3,30000,33.1,14500,16,17800,19.6,53900,59.4,44000,48.5,9700,22.1,4800,10.8,14600,33.3,8500,19.3,6300,14.4,27900,63.5,46700,51.5,9300,19.8,4500,9.7,15400,33,6100,13,11400,24.5,26000,55.7
,,,,"00PP","Monmouthshire",,,85300,17000,20,7100,8.3,27900,32.7,15300,17.9,18000,21.1,50300,58.9,41600,48.8,8700,21,3800,9,13600,32.7,8800,21.1,6700,16.1,26200,62.9,43700,51.2,8300,19,3400,7.7,14200,32.6,6500,14.8,11300,25.9,24100,55.1
,,,,"00PR","Newport",,,138500,30500,22,14800,10.7,46800,33.8,20700,14.9,25800,18.6,82200,59.4,66900,48.3,15400,23.1,7400,11.1,22700,34,12000,17.9,9300,13.9,42100,63,71600,51.7,15000,21,7400,10.3,24000,33.5,8700,12.2,16500,23,40100,56
,,,,"00PT","Cardiff",,,311000,62200,20,49700,16,108500,34.9,39400,12.7,51200,16.5,197500,63.5,149400,48,31900,21.4,23300,15.6,53100,35.6,22500,15.1,18500,12.4,98900,66.2,161500,52,30300,18.7,26400,16.3,55300,34.2,16900,10.5,32700,20.2,98600,61