DATASET_TITLE,Economic Activity (UV28),,,,,,FROM,Apr-2001,Apr-2001,Apr-2001,Apr-2001,Apr-2001,Apr-2001,Apr-2001,Apr-2001,Apr-2001,Apr-2001,Apr-2001,Apr-2001,Apr-2001,Apr-2001,Apr-2001,Apr-2001,Apr-2001,Apr-2001,Apr-2001
AREA_TYPE,Local Authority,,,,,,TO,Apr-2001,Apr-2001,Apr-2001,Apr-2001,Apr-2001,Apr-2001,Apr-2001,Apr-2001,Apr-2001,Apr-2001,Apr-2001,Apr-2001,Apr-2001,Apr-2001,Apr-2001,Apr-2001,Apr-2001,Apr-2001,Apr-2001
GEO_HIERARCHY,NeSS Geography Hierarchy,,,,,,HEADING,All People,Economically active,Economically active: Employee,Economically active: Employee: Part-time,Economically active: Employee: Full-time,Economically active: Self-employed with employees,Economically active: Self-employed with employees: Part-time,Economically active: Self-employed with employees: Full-time,Economically active: Self-employed without employees,Economically active: Self-employed without employees: Part-time,Economically active: Self-employed without employees: Full-time,Economically active: Unemployed,Economically active: Full-time Students,Economically inactive,Economically inactive: Retired,Economically inactive: Student,Economically inactive: Looking after home / family,Economically inactive: Permanently sick / disabled,Economically inactive: Other
,,,,,,,MEASUREMENT_UNIT,Count,Count,Count,Count,Count,Count,Count,Count,Count,Count,Count,Count,Count,Count,Count,Count,Count,Count,Count
,,,,,,,STATISTICAL_UNIT,Persons,Persons,Persons,Persons,Persons,Persons,Persons,Persons,Persons,Persons,Persons,Persons,Persons,Persons,Persons,Persons,Persons,Persons,Persons
GOR_CODE,GOR_NAME,CTY_CODE,CTY_NAME,LA_CODE,LA_NAME,AREA_METADATA,,DATA_VALUE,DATA_VALUE,DATA_VALUE,DATA_VALUE,DATA_VALUE,DATA_VALUE,DATA_VALUE,DATA_VALUE,DATA_VALUE,DATA_VALUE,DATA_VALUE,DATA_VALUE,DATA_VALUE,DATA_VALUE,DATA_VALUE,DATA_VALUE,DATA_VALUE,DATA_VALUE,DATA_VALUE
"J","South East",,,"00LC","Medway",,,179322,126035,102103,22139,79964,4372,601,3771,9264,2058,7206,6249,4047,53287,21138,5995,13925,7225,5004
"J","South East",,,"00MA","Bracknell Forest",,,79771,61751,51333,9355,41978,1970,264,1706,4795,1286,3509,1611,2042,18020,7308,2247,4762,2068,1635
"J","South East",,,"00MB","West Berkshire",,,105553,79512,64787,13173,51614,3470,466,3004,7098,2046,5052,1773,2384,26041,11885,3090,6568,2425,2073
"J","South East",,,"00MC","Reading",,,106963,76762,62351,10887,51464,2217,296,1921,5131,1322,3809,2696,4367,30201,10483,7531,6005,3228,2954
"J","South East",,,"00MD","Slough",,,86242,61737,50938,8184,42754,1740,260,1480,3640,745,2895,2961,2458,24505,8244,3823,6014,3353,3071
"J","South East",,,"00ME","Windsor and Maidenhead",,,97555,70304,56097,10599,45498,3408,511,2897,6856,2288,4568,1999,1944,27251,12503,3530,6807,2089,2322
"J","South East",,,"00MF","Wokingham",,,111090,83244,67911,13275,54636,3152,450,2702,7067,2155,4912,1721,3393,27846,12517,4607,6711,2157,1854
"J","South East",,,"00MG","Milton Keynes",,,149729,112899,93604,17006,76598,3409,438,2971,7483,1821,5662,4443,3960,36830,13407,4106,9388,5896,4033
"J","South East",,,"00ML","Brighton and Hove",,,185131,125468,92046,21122,70924,5710,913,4797,13562,4234,9328,6725,7425,59663,21082,13148,10534,9752,5147
"J","South East",,,"00MR","Portsmouth",,,135628,91967,72926,16221,56705,3257,383,2874,5869,1303,4566,4194,5721,43661,15842,9601,8037,6283,3898
"J","South East",,,"00MS","Southampton",,,161625,104007,81743,17708,64035,2891,396,2495,6633,1568,5065,4658,8082,57618,17200,18019,9651,8169,4579
"J","South East",,,"00MW","Isle of Wight",,,93393,58139,43357,13477,29880,3496,536,2960,6056,1964,4092,3375,1855,35254,17652,2784,6283,5381,3154
"J","South East","11","Buckinghamshire","11UB","Aylesbury Vale",,,120470,88889,71029,14679,56350,4212,591,3621,8607,2482,6125,2438,2603,31581,13247,4112,7773,3284,3165
"J","South East","11","Buckinghamshire","11UC","Chiltern",,,64093,44374,33609,7693,25916,2523,395,2128,5535,2124,3411,1099,1608,19719,9352,2315,4958,1531,1563
"J","South East","11","Buckinghamshire","11UE","South Bucks",,,44509,31049,23749,4956,18793,2081,350,1731,3532,1184,2348,857,830,13460,6579,1432,3448,939,1062
"J","South East","11","Buckinghamshire","11UF","Wycombe",,,117873,84824,66573,13335,53238,3727,565,3162,8437,2629,5808,2506,3581,33049,14082,4894,8443,2772,2858
"J","South East","21","East Sussex","21UC","Eastbourne",,,61083,38662,29559,7810,21749,1866,307,1559,3746,997,2749,1772,1719,22421,11013,2861,3718,3104,1725
"J","South East","21","East Sussex","21UD","Hastings",,,59060,38143,28626,7503,21123,1689,221,1468,4000,1044,2956,2450,1378,20917,8242,1778,4645,4381,1871
"J","South East","21","East Sussex","21UF","Lewes",,,64121,42738,32204,8508,23696,2404,401,2003,5117,1653,3464,1472,1541,21383,11452,2055,3912,2550,1414
"J","South East","21","East Sussex","21UG","Rother",,,57670,34827,24438,7051,17387,2606,437,2169,5295,1679,3616,1341,1147,22843,12855,1799,3989,2665,1535
"J","South East","21","East Sussex","21UH","Wealden",,,98089,66367,48400,12931,35469,4417,716,3701,9591,2931,6660,1672,2287,31722,16875,2810,6977,3082,1978
"J","South East","24","Hampshire","24UB","Basingstoke and Deane",,,111843,84999,70572,13555,57017,2978,403,2575,6554,1800,4754,2199,2696,26844,12452,2457,6709,3080,2146
"J","South East","24","Hampshire","24UC","East Hampshire",,,78654,56670,44193,10263,33930,2900,438,2462,6314,2021,4293,1433,1830,21984,10460,2390,5392,2227,1515
"J","South East","24","Hampshire","24UD","Eastleigh",,,83628,62010,51313,12017,39296,2326,341,1985,4650,1247,3403,1345,2376,21618,10830,1865,4804,2634,1485
"J","South East","24","Hampshire","24UE","Fareham",,,78202,55862,46118,10395,35723,2120,330,1790,4106,1236,2870,1362,2156,22340,12535,1752,4446,2181,1426
"J","South East","24","Hampshire","24UF","Gosport",,,54854,38922,32695,7071,25624,1102,167,935,2244,585,1659,1495,1386,15932,7686,1384,3410,2082,1370
"J","South East","24","Hampshire","24UG","Hart",,,61655,46537,37952,7783,30169,1867,295,1572,4232,1345,2887,962,1524,15118,7286,1521,4122,1063,1126
"J","South East","24","Hampshire","24UH","Havant",,,83620,55507,44424,11004,33420,2238,329,1909,4442,1148,3294,2273,2130,28113,14174,2282,5670,3950,2037
"J","South East","24","Hampshire","24UJ","New Forest",,,119056,79531,62179,16393,45786,4211,700,3511,8107,2651,5456,2315,2719,39525,22378,2927,7708,4110,2402
"J","South East","24","Hampshire","24UL","Rushmoor",,,66526,51370,43547,7982,35565,1388,171,1217,3410,762,2648,1336,1689,15156,6252,1938,3709,1875,1382
"J","South East","24","Hampshire","24UN","Test Valley",,,78987,58493,47758,10671,37087,2659,381,2278,5053,1591,3462,1219,1804,20494,9994,1924,4807,2205,1564
"J","South East","24","Hampshire","24UP","Winchester",,,78174,54867,42035,9553,32482,2985,473,2512,5534,1967,3567,1257,3056,23307,10722,4098,4817,1919,1751
"J","South East","29","Kent","29UB","Ashford",,,73012,50778,39669,9385,30284,2522,409,2113,5117,1396,3721,1759,1711,22234,10080,2338,5261,2861,1694
"J","South East","29","Kent","29UC","Canterbury",,,96766,60232,45200,11734,33466,2934,437,2497,5475,1611,3864,2600,4023,36534,14678,9094,5875,4581,2306
"J","South East","29","Kent","29UD","Dartford",,,62095,43979,36232,7476,28756,1601,232,1369,3233,694,2539,1576,1337,18116,8214,1781,4226,2341,1554
"J","South East","29","Kent","29UE","Dover",,,73799,47653,37870,9304,28566,2230,364,1866,3709,1090,2619,2425,1419,26146,12027,2522,5157,4251,2189
"J","South East","29","Kent","29UG","Gravesham",,,68612,46497,37186,8563,28623,1967,273,1694,3467,839,2628,2390,1487,22115,9757,2047,5273,3047,1991
"J","South East","29","Kent","29UH","Maidstone",,,101484,71900,57381,12863,44518,3328,483,2845,6565,1750,4815,2226,2400,29584,13691,3150,6885,3339,2519
"J","South East","29","Kent","29UK","Sevenoaks",,,78405,53649,41343,9459,31884,3150,459,2691,6130,1977,4153,1510,1516,24756,11723,2588,6276,2419,1750
"J","South East","29","Kent","29UL","Shepway",,,67539,44256,34409,8303,26106,2128,314,1814,4023,1160,2863,2277,1419,23283,11069,1872,4642,3766,1934
"J","South East","29","Kent","29UM","Swale",,,87888,59013,46540,10848,35692,2626,420,2206,5004,1270,3734,3092,1751,28875,11981,2435,6923,4404,3132
"J","South East","29","Kent","29UN","Thanet",,,86693,53312,40281,10504,29777,2724,428,2296,4606,1256,3350,3820,1881,33381,15186,3151,6536,5899,2609
"J","South East","29","Kent","29UP","Tonbridge and Malling",,,77297,54657,43997,10134,33863,2406,380,2026,5017,1509,3508,1493,1744,22640,10934,2296,5609,2243,1558
"J","South East","29","Kent","29UQ","Tunbridge Wells",,,74240,52382,40653,9223,31430,2830,468,2362,5913,2032,3881,1414,1572,21858,9858,2669,5484,2162,1685
"J","South East","38","Oxfordshire","38UB","Cherwell",,,95757,72185,59659,12268,47391,2868,383,2485,5777,1682,4095,1794,2087,23572,10561,2438,5518,2590,2465
"J","South East","38","Oxfordshire","38UC","Oxford",,,103950,63265,48985,10048,38937,1921,290,1631,4516,1647,2869,2351,5492,40685,8857,21562,4561,3102,2603
"J","South East","38","Oxfordshire","38UD","South Oxfordshire",,,92941,68448,54193,11359,42834,3490,510,2980,7243,2426,4817,1559,1963,24493,11749,2898,5847,2079,1920
"J","South East","38","Oxfordshire","38UE","Vale of White Horse",,,83502,61297,49928,10670,39258,2772,418,2354,5032,1642,3390,1351,2214,22205,10791,3078,4982,1902,1452
"J","South East","38","Oxfordshire","38UF","West Oxfordshire",,,68838,51615,41196,8976,32220,2762,419,2343,5192,1728,3464,1054,1411,17223,8640,1789,3950,1562,1282
"J","South East","43","Surrey","43UB","Elmbridge",,,86527,60594,46088,8989,37099,3733,557,3176,7378,2589,4789,1685,1710,25933,10978,3187,7867,1740,2161
"J","South East","43","Surrey","43UC","Epsom and Ewell",,,48482,34190,26931,5666,21265,1561,221,1340,3452,1086,2366,866,1380,14292,6834,1882,3130,1293,1153
"J","South East","43","Surrey","43UD","Guildford",,,96928,69016,53930,10767,43163,3171,469,2702,6806,2313,4493,1617,3492,27912,11551,5988,6043,2187,2143
"J","South East","43","Surrey","43UE","Mole Valley",,,57527,40146,30444,6914,23530,2437,399,2038,5233,1876,3357,920,1112,17381,9016,1725,4102,1346,1192
"J","South East","43","Surrey","43UF","Reigate and Banstead",,,90991,65874,52413,11051,41362,3284,471,2813,6585,1995,4590,1553,2039,25117,11800,2470,5986,2491,2370
"J","South East","43","Surrey","43UG","Runnymede",,,58112,40188,31611,6168,25443,1634,207,1427,3727,1063,2664,957,2259,17924,7181,4702,3379,1338,1324
"J","South East","43","Surrey","43UH","Spelthorne",,,66451,48320,39974,7746,32228,1802,261,1541,3890,1076,2814,1296,1358,18131,9543,1543,3736,1898,1411
"J","South East","43","Surrey","43UJ","Surrey Heath",,,59079,43630,35180,7208,27972,1920,269,1651,4065,1299,2766,947,1518,15449,7421,1511,4063,1113,1341
"J","South East","43","Surrey","43UK","Tandridge",,,56711,40193,30933,6885,24048,2554,378,2176,4706,1495,3211,962,1038,16518,7886,1961,4040,1553,1078
"J","South East","43","Surrey","43UL","Waverley",,,82834,57912,44131,10109,34022,3380,528,2852,6832,2520,4312,1339,2230,24922,11054,3939,6003,2124,1802
"J","South East","43","Surrey","43UM","Woking",,,64984,47572,38452,7367,31085,1856,278,1578,4403,1395,3008,1180,1681,17412,7789,1723,4773,1578,1549
"J","South East","45","West Sussex","45UB","Adur",,,41661,28102,22227,5904,16323,1172,189,983,2860,777,2083,851,992,13559,7144,1089,2592,1827,907
"J","South East","45","West Sussex","45UC","Arun",,,97053,62759,48272,12269,36003,3212,477,2735,6813,2081,4732,2165,2297,34294,19268,2453,5840,4373,2360
"J","South East","45","West Sussex","45UD","Chichester",,,75216,49576,36305,9303,27002,3330,531,2799,6421,2158,4263,1403,2117,25640,13673,2909,5176,2229,1653
"J","South East","45","West Sussex","45UE","Crawley",,,71905,53269,45211,9060,36151,1397,178,1219,3160,783,2377,1632,1869,18636,8586,1854,4051,2330,1815
"J","South East","45","West Sussex","45UF","Horsham",,,86859,62682,49462,11421,38041,3210,502,2708,6693,2241,4452,1363,1954,24177,12235,2516,5959,1923,1544
"J","South East","45","West Sussex","45UG","Mid Sussex",,,91338,66320,52878,12350,40528,3029,473,2556,6586,2149,4437,1445,2382,25018,12547,2790,5803,2203,1675
"J","South East","45","West Sussex","45UH","Worthing",,,66662,45702,36247,8754,27493,1943,326,1617,4374,1230,3144,1401,1737,20960,10907,1529,3875,3132,1517