DATASET_TITLE,Tenure - Pensioners (UV45),,,,,,FROM,Apr-2001,Apr-2001,Apr-2001,Apr-2001,Apr-2001
AREA_TYPE,Local Authority,,,,,,TO,Apr-2001,Apr-2001,Apr-2001,Apr-2001,Apr-2001
GEO_HIERARCHY,NeSS Geography Hierarchy,,,,,,HEADING,All Households where HRP is of Pensionable Age,Owned,Rented from council,Other social rented,Private rented or Living rent free
,,,,,,,MEASUREMENT_UNIT,Count,Count,Count,Count,Count
,,,,,,,STATISTICAL_UNIT,Households,Households,Households,Households,Households
GOR_CODE,GOR_NAME,CTY_CODE,CTY_NAME,LA_CODE,LA_NAME,AREA_METADATA,,DATA_VALUE,DATA_VALUE,DATA_VALUE,DATA_VALUE,DATA_VALUE
"E","East Midlands",,,"00FK","Derby",,,26354,18530,4540,1680,1604
"E","East Midlands",,,"00FN","Leicester",,,27967,16676,7781,1622,1888
"E","East Midlands",,,"00FP","Rutland",,,4127,2946,621,135,425
"E","East Midlands",,,"00FY","Nottingham",,,29690,16296,8376,2379,2639
"E","East Midlands","17","Derbyshire","17UB","Amber Valley",,,14285,10398,2416,287,1184
"E","East Midlands","17","Derbyshire","17UC","Bolsover",,,9175,5591,2709,180,695
"E","East Midlands","17","Derbyshire","17UD","Chesterfield",,,13116,8151,3721,542,702
"E","East Midlands","17","Derbyshire","17UF","Derbyshire Dales",,,9522,6725,1709,159,929
"E","East Midlands","17","Derbyshire","17UG","Erewash",,,12847,9349,2539,210,749
"E","East Midlands","17","Derbyshire","17UH","High Peak",,,10328,7235,1771,387,935
"E","East Midlands","17","Derbyshire","17UJ","North East Derbyshire",,,12825,8235,3865,217,508
"E","East Midlands","17","Derbyshire","17UK","South Derbyshire",,,8655,6126,1662,96,771
"E","East Midlands","31","Leicestershire","31UB","Blaby",,,9651,7711,1435,176,329
"E","East Midlands","31","Leicestershire","31UC","Charnwood",,,16259,12415,2414,417,1013
"E","East Midlands","31","Leicestershire","31UD","Harborough",,,8447,6732,1000,167,548
"E","East Midlands","31","Leicestershire","31UE","Hinckley and Bosworth",,,11503,8806,1710,321,666
"E","East Midlands","31","Leicestershire","31UG","Melton",,,5566,3912,961,123,570
"E","East Midlands","31","Leicestershire","31UH","North West Leicestershire",,,9995,6878,2093,344,680
"E","East Midlands","31","Leicestershire","31UJ","Oadby and Wigston",,,6734,5671,563,176,324
"E","East Midlands","32","Lincolnshire","32UB","Boston",,,7829,5239,894,1175,521
"E","East Midlands","32","Lincolnshire","32UC","East Lindsey",,,20492,15447,1054,1874,2117
"E","East Midlands","32","Lincolnshire","32UD","Lincoln",,,9910,6359,2496,224,831
"E","East Midlands","32","Lincolnshire","32UE","North Kesteven",,,12135,9067,1938,224,906
"E","East Midlands","32","Lincolnshire","32UF","South Holland",,,11565,8504,2076,198,787
"E","East Midlands","32","Lincolnshire","32UG","South Kesteven",,,14766,9935,3025,453,1353
"E","East Midlands","32","Lincolnshire","32UH","West Lindsey",,,10321,7510,512,1319,980
"E","East Midlands","34","Northamptonshire","34UB","Corby",,,5677,3330,1917,81,349
"E","East Midlands","34","Northamptonshire","34UC","Daventry",,,6851,4969,1206,147,529
"E","East Midlands","34","Northamptonshire","34UD","East Northamptonshire",,,8005,5541,580,1247,637
"E","East Midlands","34","Northamptonshire","34UE","Kettering",,,9142,6688,1493,232,729
"E","East Midlands","34","Northamptonshire","34UF","Northampton",,,19463,13593,3951,665,1254
"E","East Midlands","34","Northamptonshire","34UG","South Northamptonshire",,,7975,5637,1441,166,731
"E","East Midlands","34","Northamptonshire","34UH","Wellingborough",,,8038,5368,1738,383,549
"E","East Midlands","37","Nottinghamshire","37UB","Ashfield",,,13062,8747,3119,267,929
"E","East Midlands","37","Nottinghamshire","37UC","Bassetlaw",,,12866,8099,3718,258,791
"E","East Midlands","37","Nottinghamshire","37UD","Broxtowe",,,12870,9446,2175,340,909
"E","East Midlands","37","Nottinghamshire","37UE","Gedling",,,13885,10692,1897,460,836
"E","East Midlands","37","Nottinghamshire","37UF","Mansfield",,,11954,8049,2726,384,795
"E","East Midlands","37","Nottinghamshire","37UG","Newark and Sherwood",,,13518,9051,2826,573,1068
"E","East Midlands","37","Nottinghamshire","37UJ","Rushcliffe",,,12097,9411,1817,175,694