DATASET_TITLE,Sex (UV03),,,,,,,,,,FROM,Apr-2001,Apr-2001,Apr-2001
AREA_TYPE,Region,,,,,,,,,,TO,Apr-2001,Apr-2001,Apr-2001
GEO_HIERARCHY,NeSS Geography Hierarchy,,,,,,,,,,HEADING,All People,Males,Females
,,,,,,,,,,,MEASUREMENT_UNIT,Count,Count,Count
,,,,,,,,,,,STATISTICAL_UNIT,Persons,Persons,Persons
UK_CODE,UK_NAME,GB_CODE,GB_NAME,EW_CODE,EW_NAME,CTRY_CODE,CTRY_NAME,GOR_CODE,GOR_NAME,AREA_METADATA,,DATA_VALUE,DATA_VALUE,DATA_VALUE
"213","United Kingdom","078","Great Britain","727","England and Wales","064","England","A","North East",,,2515442,1218579,1296863
"213","United Kingdom","078","Great Britain","727","England and Wales","064","England","B","North West",,,6729764,3258954,3470810
"213","United Kingdom","078","Great Britain","727","England and Wales","064","England","D","Yorkshire and The Humber",,,4964833,2411944,2552889
"213","United Kingdom","078","Great Britain","727","England and Wales","064","England","E","East Midlands",,,4172174,2048858,2123316
"213","United Kingdom","078","Great Britain","727","England and Wales","064","England","F","West Midlands",,,5267308,2575111,2692197
"213","United Kingdom","078","Great Britain","727","England and Wales","064","England","G","East of England",,,5388140,2638335,2749805
"213","United Kingdom","078","Great Britain","727","England and Wales","064","England","H","London",,,7172091,3468793,3703298
"213","United Kingdom","078","Great Britain","727","England and Wales","064","England","J","South East",,,8000645,3905155,4095490
"213","United Kingdom","078","Great Britain","727","England and Wales","064","England","K","South West",,,4928434,2396415,2532019