DATASET_TITLE,Sex (UV03),,,,,,,,FROM,Apr-2001,Apr-2001,Apr-2001
AREA_TYPE,Country,,,,,,,,TO,Apr-2001,Apr-2001,Apr-2001
GEO_HIERARCHY,NeSS Geography Hierarchy,,,,,,,,HEADING,All People,Males,Females
,,,,,,,,,MEASUREMENT_UNIT,Count,Count,Count
,,,,,,,,,STATISTICAL_UNIT,Persons,Persons,Persons
UK_CODE,UK_NAME,GB_CODE,GB_NAME,EW_CODE,EW_NAME,CTRY_CODE,CTRY_NAME,AREA_METADATA,,DATA_VALUE,DATA_VALUE,DATA_VALUE
"213","United Kingdom","078","Great Britain","727","England and Wales","064","England",,,49138831,23922144,25216687
"213","United Kingdom","078","Great Britain","727","England and Wales","220","Wales",,,2903085,1403782,1499303