DATASET_TITLE,"GCE/VCE/Applied A/AS and Equivalent Examination Results (Level 3) for Young People by Gender in England (Referenced by Location of Educational Institution), 2006/2007",,,,,,FROM,Sep-2006,Sep-2006,Sep-2006,Sep-2006,Sep-2006,Sep-2006,Sep-2006,Sep-2006,Sep-2006
AREA_TYPE,Local Authority,,,,,,TO,Aug-2007,Aug-2007,Aug-2007,Aug-2007,Aug-2007,Aug-2007,Aug-2007,Aug-2007,Aug-2007
GEO_HIERARCHY,NeSS Geography Hierarchy,,,,,,HEADING,16-18 Year Old Students Entered for Level 3 Qualifications; Total,Average Level 3 QCA Point Score Per Student,Average Level 3 QCA Point Score Per Entry; All Students,16-18 Year Old Students Entered for Level 3 Qualifications; Male,Average Level 3 QCA Point Score Per Male Student,Average Level 3 QCA Point Score Per Entry; Male Students,16-18 Year Old Students Entered for Level 3 Qualifications; Female,Average Level 3 QCA Point Score Per Female Student,Average Level 3 QCA Point Score Per Entry; Female Students
,,,,,,,MEASUREMENT_UNIT,Count,Score,Score,Count,Score,Score,Count,Score,Score
,,,,,,,STATISTICAL_UNIT,Persons,Persons,Persons,Persons,Persons,Persons,Persons,Persons,Persons
GOR_CODE,GOR_NAME,CTY_CODE,CTY_NAME,LA_CODE,LA_NAME,AREA_METADATA,,DATA_VALUE,DATA_VALUE,DATA_VALUE,DATA_VALUE,DATA_VALUE,DATA_VALUE,DATA_VALUE,DATA_VALUE,DATA_VALUE
"A","North East",,,"00CH","Gateshead",,,1009,654.5,205,445,638.7,200.2,564,667,208.8
"A","North East",,,"00CJ","Newcastle upon Tyne",,,1575,633.5,202.4,698,614.8,198.3,877,648.5,205.5
"A","North East",,,"00CK","North Tyneside",,,905,693.8,195.2,400,655,187.4,505,724.4,201.2
"A","North East",,,"00CL","South Tyneside",,,490,604.4,198.2,199,604.6,195,291,604.2,200.5
"A","North East",,,"00CM","Sunderland",,,1166,788.9,191.5,504,787.6,189.1,662,789.9,193.3
"A","North East",,,"00EB","Hartlepool",,,527,654.7,192.1,223,632.2,191,304,671.1,192.9
"A","North East",,,"00EC","Middlesbrough",,,936,678.7,203.5,405,639.1,198.7,531,709,206.9
"A","North East",,,"00EE","Redcar and Cleveland",,,766,717,193.1,395,688.3,191,371,747.5,195.2
"A","North East",,,"00EF","Stockton-on-Tees",,,898,698.5,201.4,431,676.4,194.2,467,719,208
"A","North East",,,"00EH","Darlington",,,1094,769.2,206.7,530,722,202.7,564,813.6,210.2
"A","North East","20","Durham","20UB","Chester-le-Street",,,219,817.3,205.6,90,801.7,202.3,129,828.2,207.8
"A","North East","20","Durham","20UD","Derwentside",,,205,583.5,189.6,93,551,186.7,112,610.6,191.9
"A","North East","20","Durham","20UE","Durham",,,1093,670,203,443,664.8,198.9,650,673.6,205.8
"A","North East","20","Durham","20UF","Easington",,,219,524.2,195.5,97,499.2,187,122,544.1,202.3
"A","North East","20","Durham","20UG","Sedgefield",,,65,584.1,178.2,31,507.6,164.8,34,653.8,189.2
"A","North East","20","Durham","20UH","Teesdale",,,55,622.9,184.2,22,567.3,173.3,33,660,191.1
"A","North East","20","Durham","20UJ","Wear Valley",,,225,613.9,190.1,87,569.3,180.2,138,642,196.1
"A","North East","35","Northumberland","35UB","Alnwick",,,146,662.1,201.8,57,623.9,194.3,89,686.5,206.4
"A","North East","35","Northumberland","35UC","Berwick-upon-Tweed",,,47,683.3,194.6,16,670.3,178.8,31,690,203.7
"A","North East","35","Northumberland","35UD","Blyth Valley",,,261,715.3,188.6,120,679.8,186.7,141,745.5,190.1
"A","North East","35","Northumberland","35UE","Castle Morpeth",,,320,773.2,205.8,147,739,195,173,802.2,215
"A","North East","35","Northumberland","35UF","Tynedale",,,369,777.3,203.6,175,716.9,192.1,194,831.8,213.6
"A","North East","35","Northumberland","35UG","Wansbeck",,,409,625.1,195.4,205,610.6,195.3,204,639.6,195.5
"B","North West",,,"00BL","Bolton",,,1036,699.6,197.7,460,676.8,191.4,576,717.8,202.7
"B","North West",,,"00BM","Bury",,,1650,770.6,201.3,724,769.7,198.3,926,771.3,203.7
"B","North West",,,"00BN","Manchester",,,2287,671.7,210.5,904,665.1,205.2,1383,676.1,214
"B","North West",,,"00BP","Oldham",,,1516,695.1,207.5,669,662.3,200.4,847,721,213
"B","North West",,,"00BQ","Rochdale",,,692,593.5,189,317,563,184.3,375,619.3,192.7
"B","North West",,,"00BR","Salford",,,1113,656.6,205.9,416,630.1,197.3,697,672.4,211
"B","North West",,,"00BS","Stockport",,,2090,708.2,199.5,1006,683.8,193.3,1084,730.9,205.2
"B","North West",,,"00BT","Tameside",,,1073,716.1,197.8,453,715.8,190.5,620,716.4,203.5
"B","North West",,,"00BU","Trafford",,,1359,817.2,214.9,662,791.9,211.9,697,841.2,217.7
"B","North West",,,"00BW","Wigan",,,1894,783.3,205.9,811,766.9,202.3,1083,795.6,208.7
"B","North West",,,"00BX","Knowsley",,,332,532,186.5,160,482.2,177.7,172,578.3,193.9
"B","North West",,,"00BY","Liverpool",,,2183,636.7,192.3,938,651.2,190.4,1245,625.8,193.7
"B","North West",,,"00BZ","St. Helens",,,1343,698.2,198.4,594,666.9,192.6,749,723,202.9
"B","North West",,,"00CA","Sefton",,,1974,734.9,194.7,897,726.2,189.3,1077,742.1,199.3
"B","North West",,,"00CB","Wirral",,,2125,725.7,197.3,951,712.4,192.4,1174,736.5,201.4
"B","North West",,,"00ET","Halton",,,538,656,188.8,207,649.5,185.2,331,660,191.1
"B","North West",,,"00EU","Warrington",,,1176,718.8,206.4,518,691.9,198.8,658,740,212.3
"B","North West",,,"00EX","Blackburn with Darwen",,,1183,644.7,202.5,490,618,197.2,693,663.7,206.2
"B","North West",,,"00EY","Blackpool",,,947,739.1,192.2,416,736.4,190.4,531,741.1,193.5
"B","North West","13","Cheshire","13UB","Chester",,,717,698.1,208.9,310,680.3,205.1,407,711.7,211.8
"B","North West","13","Cheshire","13UC","Congleton",,,432,765.3,206,166,697.4,194,266,807.7,213.1
"B","North West","13","Cheshire","13UD","Crewe and Nantwich",,,877,703.2,207.3,404,660.3,201.2,473,739.8,212.2
"B","North West","13","Cheshire","13UE","Ellesmere Port & Neston",,,319,665.6,197,128,667.3,193.9,191,664.5,199.1
"B","North West","13","Cheshire","13UG","Macclesfield",,,973,736.3,211.4,455,730.2,208.2,518,741.7,214.4
"B","North West","13","Cheshire","13UH","Vale Royal",,,1138,839.7,211.2,516,805.2,204,622,868.4,217.2
"B","North West","16","Cumbria","16UB","Allerdale",,,466,730.6,201.9,179,712.9,196.9,287,741.5,205
"B","North West","16","Cumbria","16UC","Barrow-in-Furness",,,463,736.3,202,217,682.1,197.3,246,784.1,205.7
"B","North West","16","Cumbria","16UD","Carlisle",,,562,707.1,192,244,711.2,187.6,318,704,195.6
"B","North West","16","Cumbria","16UE","Copeland",,,250,633.2,174.6,91,555.4,157.7,159,677.7,183.8
"B","North West","16","Cumbria","16UF","Eden",,,246,835.6,217.5,95,788.2,207.7,151,865.4,223.6
"B","North West","16","Cumbria","16UG","South Lakeland",,,678,798.9,211.2,301,778.3,208.3,377,815.4,213.4
"B","North West","30","Lancashire","30UD","Burnley",,,517,633.1,204,241,624.7,201.4,276,640.4,206.2
"B","North West","30","Lancashire","30UE","Chorley",,,157,571.2,182,69,504.1,167.2,88,623.9,192.8
"B","North West","30","Lancashire","30UF","Fylde",,,180,786.7,200.4,79,795.3,197.8,101,779.9,202.5
"B","North West","30","Lancashire","30UG","Hyndburn",,,144,638.3,213.8,94,629,207.8,50,656,225.4
"B","North West","30","Lancashire","30UH","Lancaster",,,850,830.9,213.4,398,854.1,211.4,452,810.5,215.3
"B","North West","30","Lancashire","30UJ","Pendle",,,348,653.4,199.8,172,654,197.4,176,652.7,202.2
"B","North West","30","Lancashire","30UK","Preston",,,1364,800.8,211.1,531,772.4,205.9,833,818.8,214.4
"B","North West","30","Lancashire","30UL","Ribble Valley",,,295,1022,221.1,135,1032.8,220.6,160,1013,221.6
"B","North West","30","Lancashire","30UM","Rossendale",,,333,933.3,205.5,154,953.8,205.8,179,915.8,205.3
"B","North West","30","Lancashire","30UN","South Ribble",,,1498,820.9,227.5,716,816,225.1,782,825.4,229.8
"B","North West","30","Lancashire","30UP","West Lancashire",,,168,731,201.6,77,762.5,198.8,91,704.3,204.3
"B","North West","30","Lancashire","30UQ","Wyre",,,409,626.8,197.6,251,576.1,191.6,158,707.4,205.9
"D","Yorkshire and The Humber",,,"00CC","Barnsley",,,821,665.4,199.2,353,682.7,196.2,468,652.4,201.6
"D","Yorkshire and The Humber",,,"00CE","Doncaster",,,1334,679,189.8,591,647.7,184.5,743,703.9,193.8
"D","Yorkshire and The Humber",,,"00CF","Rotherham",,,1634,716.1,194.4,722,681.4,190,912,743.6,197.6
"D","Yorkshire and The Humber",,,"00CG","Sheffield",,,2503,684.3,207,1111,676.9,204,1392,690.3,209.4
"D","Yorkshire and The Humber",,,"00CX","Bradford",,,2235,644.1,190,1004,616.9,185.9,1231,666.3,193.2
"D","Yorkshire and The Humber",,,"00CY","Calderdale",,,912,704.9,193.8,406,688.2,191.1,506,718.4,196
"D","Yorkshire and The Humber",,,"00CZ","Kirklees",,,2626,837.4,204.6,1122,808.3,198.2,1504,859.2,209.3
"D","Yorkshire and The Humber",,,"00DA","Leeds",,,3721,699.3,199.2,1699,673.4,195.3,2022,721.1,202.3
"D","Yorkshire and The Humber",,,"00DB","Wakefield",,,1512,711.9,198,635,679.6,189.6,877,735.2,204
"D","Yorkshire and The Humber",,,"00FA","Kingston upon Hull, City of",,,1256,719.2,194.9,523,694.9,189.2,733,736.6,198.9
"D","Yorkshire and The Humber",,,"00FB","East Riding of Yorkshire",,,1468,700.3,194.8,698,675.7,186.8,770,722.6,202.1
"D","Yorkshire and The Humber",,,"00FC","North East Lincolnshire",,,908,695.3,194.1,400,680.6,189.8,508,706.9,197.4
"D","Yorkshire and The Humber",,,"00FD","North Lincolnshire",,,1149,758.4,203.8,518,722.5,195.4,631,787.9,210.6
"D","Yorkshire and The Humber",,,"00FF","York",,,1374,753,208.9,587,759.8,204.9,787,748,212.1
"D","Yorkshire and The Humber","36","North Yorkshire","36UB","Craven",,,615,756.8,209.3,260,781.2,209.3,355,738.9,209.2
"D","Yorkshire and The Humber","36","North Yorkshire","36UC","Hambleton",,,461,755.5,208.9,213,725.5,201.5,248,781.3,215.2
"D","Yorkshire and The Humber","36","North Yorkshire","36UD","Harrogate",,,1047,859.9,208.8,460,807.4,199.9,587,901.1,215.5
"D","Yorkshire and The Humber","36","North Yorkshire","36UE","Richmondshire",,,223,656.9,204,117,656.2,202.6,106,657.8,205.7
"D","Yorkshire and The Humber","36","North Yorkshire","36UF","Ryedale",,,151,801.1,203.3,79,787.1,198,72,816.5,209.2
"D","Yorkshire and The Humber","36","North Yorkshire","36UG","Scarborough",,,617,729.5,199.5,255,685.7,193.5,362,760.3,203.6
"D","Yorkshire and The Humber","36","North Yorkshire","36UH","Selby",,,505,718.9,204.5,248,708.7,198.1,257,728.8,210.8
"E","East Midlands",,,"00FK","Derby",,,1205,662.5,201.6,544,638,199,661,682.7,203.6
"E","East Midlands",,,"00FN","Leicester",,,1910,672.5,200.9,864,632.6,196.2,1046,705.4,204.5
"E","East Midlands",,,"00FP","Rutland",,,0,.,.,0,.,.,0,.,.
"E","East Midlands",,,"00FY","Nottingham",,,2096,744.4,205.8,849,711.2,197.9,1247,767,211
"E","East Midlands","17","Derbyshire","17UB","Amber Valley",,,486,775.7,200.7,229,753.4,194.7,257,795.5,206
"E","East Midlands","17","Derbyshire","17UC","Bolsover",,,0,.,.,0,.,.,0,.,.
"E","East Midlands","17","Derbyshire","17UD","Chesterfield",,,966,708.7,205,447,684.2,199.8,519,729.8,209.3
"E","East Midlands","17","Derbyshire","17UF","Derbyshire Dales",,,372,914.9,214.5,166,909,211.2,206,919.7,217.2
"E","East Midlands","17","Derbyshire","17UG","Erewash",,,437,683.2,192.6,204,643.1,186.1,233,718.2,198
"E","East Midlands","17","Derbyshire","17UH","High Peak",,,251,660.5,201.9,107,664.2,201.3,144,657.7,202.4
"E","East Midlands","17","Derbyshire","17UJ","North East Derbyshire",,,360,758.4,199.4,172,744.9,193.1,188,770.7,205.4
"E","East Midlands","17","Derbyshire","17UK","South Derbyshire",,,201,671.8,200.5,105,672,199.3,96,671.5,201.8
"E","East Midlands","31","Leicestershire","31UB","Blaby",,,109,692.9,201.2,54,676.7,194.6,55,708.8,207.9
"E","East Midlands","31","Leicestershire","31UC","Charnwood",,,989,706.3,195.8,470,692,194.1,519,719.3,197.2
"E","East Midlands","31","Leicestershire","31UD","Harborough",,,468,799.5,200.4,221,770,193.6,247,825.9,206.5
"E","East Midlands","31","Leicestershire","31UE","Hinckley and Bosworth",,,517,767.5,199.8,245,711.7,189.2,272,817.8,208.8
"E","East Midlands","31","Leicestershire","31UG","Melton",,,408,646.9,210,164,594.8,191.5,244,681.9,222.6
"E","East Midlands","31","Leicestershire","31UH","North West Leicestershire",,,427,723.6,201.8,186,724.3,196.6,241,723,206.1
"E","East Midlands","31","Leicestershire","31UJ","Oadby and Wigston",,,608,760,200.2,292,741.2,193.8,316,777.5,206.3
"E","East Midlands","32","Lincolnshire","32UB","Boston",,,472,682.5,197.1,208,701.8,196.6,264,667.4,197.4
"E","East Midlands","32","Lincolnshire","32UC","East Lindsey",,,453,792.5,212.6,193,759.1,202.5,260,817.4,220.1
"E","East Midlands","32","Lincolnshire","32UD","Lincoln",,,788,697.9,201.2,342,668.7,195.2,446,720.4,205.6
"E","East Midlands","32","Lincolnshire","32UE","North Kesteven",,,533,760.4,201.9,246,686.2,192.6,287,824,209.2
"E","East Midlands","32","Lincolnshire","32UF","South Holland",,,226,820.7,213.7,100,752.6,211.1,126,874.8,215.5
"E","East Midlands","32","Lincolnshire","32UG","South Kesteven",,,941,763.2,205,456,761.8,203.5,485,764.4,206.5
"E","East Midlands","32","Lincolnshire","32UH","West Lindsey",,,390,912.3,221.5,182,915.8,220,208,909.3,222.8
"E","East Midlands","34","Northamptonshire","34UB","Corby",,,258,668.6,188.1,116,667.3,185.6,142,669.7,190.2
"E","East Midlands","34","Northamptonshire","34UC","Daventry",,,493,602.5,200.4,251,535.9,187.8,242,671.6,212.1
"E","East Midlands","34","Northamptonshire","34UD","East Northamptonshire",,,263,747.2,193.3,123,718.3,189,140,772.5,197
"E","East Midlands","34","Northamptonshire","34UE","Kettering",,,773,637.8,200.8,339,584.6,192.1,434,679.4,207
"E","East Midlands","34","Northamptonshire","34UF","Northampton",,,1240,668.8,199.6,551,676.2,194.7,689,662.8,203.8
"E","East Midlands","34","Northamptonshire","34UG","South Northamptonshire",,,548,721.7,203.7,239,668.1,190.6,309,763.1,213.8
"E","East Midlands","34","Northamptonshire","34UH","Wellingborough",,,223,772.7,194.9,105,758.7,191,118,785.1,198.4
"E","East Midlands","37","Nottinghamshire","37UB","Ashfield",,,293,623.3,168.7,118,626.9,168.7,175,620.9,168.7
"E","East Midlands","37","Nottinghamshire","37UC","Bassetlaw",,,438,642.1,195.4,176,633.7,188.5,262,647.7,200.1
"E","East Midlands","37","Nottinghamshire","37UD","Broxtowe",,,292,693.2,191.3,113,638.3,181,179,727.8,197.5
"E","East Midlands","37","Nottinghamshire","37UE","Gedling",,,389,720.1,191.5,191,712.7,191.2,198,727.2,191.7
"E","East Midlands","37","Nottinghamshire","37UF","Mansfield",,,681,633.5,183.2,311,594.5,176.6,370,666.2,188.5
"E","East Midlands","37","Nottinghamshire","37UG","Newark and Sherwood",,,420,711.5,198.2,182,716.9,197.9,238,707.3,198.4
"E","East Midlands","37","Nottinghamshire","37UJ","Rushcliffe",,,697,754.8,209.2,306,759,206.2,391,751.5,211.6
"F","West Midlands",,,"00CN","Birmingham",,,5071,708.9,198.4,2291,676.4,192.9,2780,735.7,202.8
"F","West Midlands",,,"00CQ","Coventry",,,1494,660.7,199.6,636,628.3,192.9,858,684.7,204.4
"F","West Midlands",,,"00CR","Dudley",,,2503,733.8,205.2,1138,708.4,202,1365,755,207.7
"F","West Midlands",,,"00CS","Sandwell",,,531,574.1,183.7,256,574.1,182.8,275,574.2,184.5
"F","West Midlands",,,"00CT","Solihull",,,1983,648.5,199.8,962,623.2,194.2,1021,672.4,205
"F","West Midlands",,,"00CU","Walsall",,,1332,652.5,197.2,565,645,192.2,767,658.1,200.9
"F","West Midlands",,,"00CW","Wolverhampton",,,1341,573.2,186,609,497.5,173.6,732,636.2,195.1
"F","West Midlands",,,"00GA","Herefordshire, County of",,,1036,863.2,217.6,474,813.5,212.3,562,905,221.9
"F","West Midlands",,,"00GF","Telford and Wrekin",,,1030,700.7,206.3,497,691.4,202.8,533,709.4,209.7
"F","West Midlands",,,"00GL","Stoke-on-Trent",,,1061,660.4,196.1,522,624.7,190.9,539,695,200.8
"F","West Midlands","39","Shropshire","39UB","Bridgnorth",,,279,743,201.5,142,698.4,192.8,137,789.2,210.2
"F","West Midlands","39","Shropshire","39UC","North Shropshire",,,199,729.6,198,90,664.3,190.5,109,783.6,203.6
"F","West Midlands","39","Shropshire","39UD","Oswestry",,,219,630.7,202.2,100,602.3,198,119,654.5,205.5
"F","West Midlands","39","Shropshire","39UE","Shrewsbury and Atcham",,,756,788.6,211.4,364,751.3,203.7,392,823.3,218.4
"F","West Midlands","39","Shropshire","39UF","South Shropshire",,,171,659.8,207.7,71,647.8,202.3,100,668.3,211.6
"F","West Midlands","41","Staffordshire","41UB","Cannock Chase",,,378,677.9,188.4,151,662.6,179.7,227,688,194.4
"F","West Midlands","41","Staffordshire","41UC","East Staffordshire",,,980,659.7,199.7,470,624.2,193.9,510,692.5,204.7
"F","West Midlands","41","Staffordshire","41UD","Lichfield",,,407,812.1,191.4,190,814.3,190.1,217,810.2,192.5
"F","West Midlands","41","Staffordshire","41UE","Newcastle-under-Lyme",,,666,638.3,195.8,279,610.7,193.1,387,658.1,197.6
"F","West Midlands","41","Staffordshire","41UF","South Staffordshire",,,522,672.2,184.9,257,645,176.5,265,698.7,193.1
"F","West Midlands","41","Staffordshire","41UG","Stafford",,,848,711.2,200.3,365,696.4,193.4,483,722.4,205.7
"F","West Midlands","41","Staffordshire","41UH","Staffordshire Moorlands",,,541,738.2,196.4,235,677,183.9,306,785.2,205.7
"F","West Midlands","41","Staffordshire","41UK","Tamworth",,,381,614.2,188.4,180,559,182.9,201,663.6,192.9
"F","West Midlands","44","Warwickshire","44UB","North Warwickshire",,,135,794.9,192.4,63,771.2,187.9,72,815.7,196.2
"F","West Midlands","44","Warwickshire","44UC","Nuneaton and Bedworth",,,889,604,192.3,411,599.1,192.1,478,608.3,192.4
"F","West Midlands","44","Warwickshire","44UD","Rugby",,,360,842.2,217.6,172,858,216.9,188,827.8,218.4
"F","West Midlands","44","Warwickshire","44UE","Stratford-on-Avon",,,959,783.8,215,400,757.5,208.6,559,802.6,219.6
"F","West Midlands","44","Warwickshire","44UF","Warwick",,,1286,703.9,205.2,654,667.7,200.8,632,741.4,209.6
"F","West Midlands","47","Worcestershire","47UB","Bromsgrove",,,672,682.1,190.3,314,654.2,183.4,358,706.6,196.3
"F","West Midlands","47","Worcestershire","47UC","Malvern Hills",,,244,807.8,208.7,97,804.9,207.4,147,809.7,209.6
"F","West Midlands","47","Worcestershire","47UD","Redditch",,,284,766.7,183.8,122,712.1,175.8,162,807.9,189.5
"F","West Midlands","47","Worcestershire","47UE","Worcester",,,1020,696.6,209.8,472,656.7,202.7,548,730.9,215.7
"F","West Midlands","47","Worcestershire","47UF","Wychavon",,,548,730.8,201.1,246,689,191.1,302,764.8,209.1
"F","West Midlands","47","Worcestershire","47UG","Wyre Forest",,,361,669.7,190.6,162,626.4,180.3,199,704.9,198.9
"G","East of England",,,"00JA","Peterborough",,,1116,681,193,511,666.4,191.5,605,693.3,194.2
"G","East of England",,,"00KA","Luton",,,1063,630.8,197.8,491,612.6,193.8,572,646.4,201.1
"G","East of England",,,"00KF","Southend-on-Sea",,,1534,744.9,210.4,760,725.3,206.1,774,764.2,214.5
"G","East of England",,,"00KG","Thurrock",,,915,640.3,200.1,385,612.3,189.6,530,660.7,207.8
"G","East of England","09","Bedfordshire","09UC","Mid Bedfordshire",,,597,757.8,196.7,275,723.1,189.8,322,787.4,202.5
"G","East of England","09","Bedfordshire","09UD","Bedford",,,1048,682.5,202.5,491,659.5,197,557,702.8,207.4
"G","East of England","09","Bedfordshire","09UE","South Bedfordshire",,,622,698,196.7,284,683,190.6,338,710.7,201.9
"G","East of England","12","Cambridgeshire","12UB","Cambridge",,,1792,876.2,218.2,821,847,213,971,900.8,222.6
"G","East of England","12","Cambridgeshire","12UC","East Cambridgeshire",,,53,608.5,196,22,550.2,186.2,31,649.8,202.5
"G","East of England","12","Cambridgeshire","12UD","Fenland",,,147,724.9,185.5,62,654.4,171.6,85,776.3,195.2
"G","East of England","12","Cambridgeshire","12UE","Huntingdonshire",,,743,678.1,197.3,355,646.2,192.2,388,707.4,201.7
"G","East of England","12","Cambridgeshire","12UG","South Cambridgeshire",,,568,558.5,200,228,531.6,191.3,340,576.4,205.7
"G","East of England","22","Essex","22UB","Basildon",,,313,720,196.4,174,712.2,192.9,139,729.8,200.9
"G","East of England","22","Essex","22UC","Braintree",,,399,602.3,191.2,165,575.7,178.5,234,621.1,200.6
"G","East of England","22","Essex","22UD","Brentwood",,,594,827.1,193.4,254,787.9,187.4,340,856.5,197.6
"G","East of England","22","Essex","22UE","Castle Point",,,872,756.6,193.9,389,739,189,483,770.8,197.9
"G","East of England","22","Essex","22UF","Chelmsford",,,1273,824.5,216.4,580,803.3,211.9,693,842.2,220.2
"G","East of England","22","Essex","22UG","Colchester",,,1851,834.1,210.9,868,821.5,208.6,983,845.2,213
"G","East of England","22","Essex","22UH","Epping Forest",,,592,638.6,198.2,263,621,190.8,329,652.6,204.2
"G","East of England","22","Essex","22UJ","Harlow",,,512,621.5,199.8,221,593.6,194.8,291,642.7,203.5
"G","East of England","22","Essex","22UK","Maldon",,,120,660.7,197,45,680.6,203.5,75,648.7,193.1
"G","East of England","22","Essex","22UL","Rochford",,,168,697.2,187.1,87,653.4,178.8,81,744.3,195.7
"G","East of England","22","Essex","22UN","Tendring",,,329,625.9,182.9,165,608.7,181.1,164,643.3,184.6
"G","East of England","22","Essex","22UQ","Uttlesford",,,395,771.3,212.2,194,734.4,207.5,201,806.9,216.4
"G","East of England","26","Hertfordshire","26UB","Broxbourne",,,400,758.2,187,186,712.1,181.7,214,798.4,191.4
"G","East of England","26","Hertfordshire","26UC","Dacorum",,,698,680.6,197.7,368,653.6,192.2,330,710.8,203.6
"G","East of England","26","Hertfordshire","26UD","East Hertfordshire",,,1362,751,207.6,579,750.7,202.4,783,751.3,211.6
"G","East of England","26","Hertfordshire","26UE","Hertsmere",,,532,699.8,210.4,252,680.5,206.3,280,717.2,214
"G","East of England","26","Hertfordshire","26UF","North Hertfordshire",,,550,709.7,200.5,269,668,193.6,281,749.5,206.7
"G","East of England","26","Hertfordshire","26UG","St Albans",,,1431,740.4,209.8,660,711.5,203.3,771,765.1,215.3
"G","East of England","26","Hertfordshire","26UH","Stevenage",,,697,607.7,201.2,273,585.6,197.3,424,621.9,203.7
"G","East of England","26","Hertfordshire","26UJ","Three Rivers",,,525,735.3,224.3,254,740.7,222.3,271,730.1,226.3
"G","East of England","26","Hertfordshire","26UK","Watford",,,913,708.4,219.5,429,708.5,217.2,484,708.3,221.6
"G","East of England","26","Hertfordshire","26UL","Welwyn Hatfield",,,328,692.7,199.4,148,660.8,193.8,180,718.9,203.8
"G","East of England","33","Norfolk","33UB","Breckland",,,233,766.5,202.6,93,723.5,193.3,140,795.2,208.8
"G","East of England","33","Norfolk","33UC","Broadland",,,315,703.3,196.2,143,659.1,188.9,172,740.1,202.1
"G","East of England","33","Norfolk","33UD","Great Yarmouth",,,601,810.1,205.7,270,784.9,199.2,331,830.7,211.1
"G","East of England","33","Norfolk","33UE","King's Lynn and West Norfolk",,,810,621.6,201.9,356,588,198.7,454,647.9,204.3
"G","East of England","33","Norfolk","33UF","North Norfolk",,,397,709.1,201.7,191,688.8,195.6,206,727.8,207.3
"G","East of England","33","Norfolk","33UG","Norwich",,,1142,627.4,204.2,454,601.9,198.5,688,644.3,207.9
"G","East of England","33","Norfolk","33UH","South Norfolk",,,520,770.4,208.7,280,747.9,204.7,240,796.5,213.2
"G","East of England","42","Suffolk","42UB","Babergh",,,145,662.6,192,65,663.9,189.3,80,661.5,194.2
"G","East of England","42","Suffolk","42UC","Forest Heath",,,106,790.8,190.4,41,776.2,182,65,799.9,195.9
"G","East of England","42","Suffolk","42UD","Ipswich",,,952,721.2,208.9,352,714.5,202,600,725.1,213.1
"G","East of England","42","Suffolk","42UE","Mid Suffolk",,,485,724.6,202.2,211,708.2,198,274,737.3,205.4
"G","East of England","42","Suffolk","42UF","St Edmundsbury",,,774,706.4,214,361,703.8,210,413,708.6,217.5
"G","East of England","42","Suffolk","42UG","Suffolk Coastal",,,611,779.6,205.1,295,764.4,199.2,316,793.9,210.7
"G","East of England","42","Suffolk","42UH","Waveney",,,445,688.8,194.7,217,675.6,190.4,228,701.5,198.8
"H","London",,,"00AA","City of London",,,0,.,.,0,.,.,0,.,.
"H","London",,,"00AB","Barking and Dagenham",,,758,601.6,197.6,374,588.2,194.7,384,614.7,200.4
"H","London",,,"00AC","Barnet",,,2552,737.6,216.4,1150,704.4,211,1402,764.8,220.7
"H","London",,,"00AD","Bexley",,,1191,737.6,206.6,592,722,202.4,599,753.1,210.7
"H","London",,,"00AE","Brent",,,1233,665.2,209.4,614,640.3,205.6,619,689.9,213
"H","London",,,"00AF","Bromley",,,2283,717.4,206.9,1046,685.8,200.6,1237,744.2,212.1
"H","London",,,"00AG","Camden",,,916,655.4,210.6,338,619.9,202.5,578,676.2,215.2
"H","London",,,"00AH","Croydon",,,1828,654.5,206.9,746,627.8,202,1082,672.9,210.2
"H","London",,,"00AJ","Ealing",,,799,715.8,195.1,337,698.1,192.4,462,728.8,197
"H","London",,,"00AK","Enfield",,,1774,641.2,200.1,852,639.4,199.6,922,642.8,200.6
"H","London",,,"00AL","Greenwich",,,779,558.7,198.3,335,528.7,193.6,444,581.3,201.6
"H","London",,,"00AM","Hackney",,,537,542.5,190.6,213,521.8,189.8,324,556.1,191.2
"H","London",,,"00AN","Hammersmith and Fulham",,,947,652.8,208.7,479,638.8,205.8,468,667,211.6
"H","London",,,"00AP","Haringey",,,579,592.6,203.3,249,559.2,201.1,330,617.8,204.9
"H","London",,,"00AQ","Harrow",,,1250,702.7,201.9,572,667.6,196.1,678,732.4,206.6
"H","London",,,"00AR","Havering",,,1643,769.6,201.4,747,746.6,197.4,896,788.7,204.7
"H","London",,,"00AS","Hillingdon",,,1588,678.1,194.5,743,655.7,188.9,845,697.9,199.4
"H","London",,,"00AT","Hounslow",,,1391,660.9,202.7,598,645.2,201.1,793,672.9,203.8
"H","London",,,"00AU","Islington",,,893,600.1,199.8,310,578.9,196.7,583,611.3,201.4
"H","London",,,"00AW","Kensington and Chelsea",,,522,686.3,212.7,242,692.1,213.1,280,681.3,212.2
"H","London",,,"00AX","Kingston upon Thames",,,1517,714.5,212.9,666,691.6,209.9,851,732.4,215.2
"H","London",,,"00AY","Lambeth",,,387,578.4,194.3,164,562.4,192.8,223,590.1,195.4
"H","London",,,"00AZ","Lewisham",,,1239,620.9,205.4,513,608.1,203.2,726,629.9,206.9
"H","London",,,"00BA","Merton",,,443,624.7,194,233,628.5,191.6,210,620.4,196.8
"H","London",,,"00BB","Newham",,,1224,564.1,197.8,574,529.9,195.4,650,594.3,199.7
"H","London",,,"00BC","Redbridge",,,1920,686.2,206.8,889,668,203.7,1031,701.9,209.4
"H","London",,,"00BD","Richmond upon Thames",,,1326,689.3,201.1,573,655.7,195.5,753,714.8,205.2
"H","London",,,"00BE","Southwark",,,368,594.5,190.7,164,597.7,189.6,204,591.9,191.5
"H","London",,,"00BF","Sutton",,,1371,799.8,217.7,732,858.4,220.1,639,732.6,214.6
"H","London",,,"00BG","Tower Hamlets",,,703,621.5,186.7,275,604.7,183.5,428,632.2,188.8
"H","London",,,"00BH","Waltham Forest",,,1749,658.3,205,731,616,197.4,1018,688.6,210.1
"H","London",,,"00BJ","Wandsworth",,,1260,666.8,208,555,634.8,204.2,705,692.1,210.8
"H","London",,,"00BK","Westminster",,,1187,617.7,203.7,541,565,193.9,646,661.9,211.4
"J","South East",,,"00LC","Medway",,,1747,690.3,198.3,818,643.2,189.7,929,731.7,205.5
"J","South East",,,"00MA","Bracknell Forest",,,471,671.7,199,205,648.4,191.5,266,689.6,204.7
"J","South East",,,"00MB","West Berkshire",,,995,738.3,200.4,466,718.1,194.8,529,756.2,205.4
"J","South East",,,"00MC","Reading",,,391,835.2,228.9,194,823.1,232.8,197,847.2,225.4
"J","South East",,,"00MD","Slough",,,820,744.3,210.7,366,747.9,205.8,454,741.5,214.9
"J","South East",,,"00ME","Windsor and Maidenhead",,,734,687.9,204.6,372,679.7,199.9,362,696.4,209.5
"J","South East",,,"00MF","Wokingham",,,768,719.7,203.7,345,692.8,196.4,423,741.6,209.7
"J","South East",,,"00MG","Milton Keynes",,,1125,709.8,204,486,706.2,201.5,639,712.5,205.8
"J","South East",,,"00ML","Brighton and Hove",,,1635,724.4,208.9,786,693,202.2,849,753.5,214.9
"J","South East",,,"00MR","Portsmouth",,,372,598,194.9,170,593.7,191.9,202,601.7,197.5
"J","South East",,,"00MS","Southampton",,,948,621.8,194.6,468,587.8,187.2,480,655,201.6
"J","South East",,,"00MW","Isle of Wight",,,587,608.2,192.7,279,605.6,188.4,308,610.6,196.9
"J","South East","11","Buckinghamshire","11UB","Aylesbury Vale",,,1080,779.2,217.4,489,788.4,213.9,591,771.5,220.5
"J","South East","11","Buckinghamshire","11UC","Chiltern",,,1112,791.8,213.1,574,810.8,212.9,538,771.4,213.4
"J","South East","11","Buckinghamshire","11UE","South Bucks",,,297,801.2,214.1,76,714.5,183.4,221,831.1,225.2
"J","South East","11","Buckinghamshire","11UF","Wycombe",,,924,837.7,223.4,491,870.7,225.1,433,800.3,221.2
"J","South East","21","East Sussex","21UC","Eastbourne",,,1272,651.3,207.6,555,617.4,200.1,717,677.5,213.3
"J","South East","21","East Sussex","21UD","Hastings",,,259,615.2,190.4,136,604.9,182,123,626.6,200.3
"J","South East","21","East Sussex","21UF","Lewes",,,140,609.2,205.4,80,583.9,193.8,60,643,221.3
"J","South East","21","East Sussex","21UG","Rother",,,525,665.1,206.1,227,644.3,197.7,298,680.9,212.7
"J","South East","21","East Sussex","21UH","Wealden",,,525,672.3,206.2,265,627.4,198.6,260,718.1,213.4
"J","South East","24","Hampshire","24UB","Basingstoke and Deane",,,1150,718.5,205.4,537,712.3,200.9,613,723.9,209.4
"J","South East","24","Hampshire","24UC","East Hampshire",,,733,869.1,209.8,355,826.7,204.4,378,908.9,214.7
"J","South East","24","Hampshire","24UD","Eastleigh",,,1135,713.2,205.4,499,699.1,199.3,636,724.3,210.3
"J","South East","24","Hampshire","24UE","Fareham",,,214,651.5,206.7,96,604.9,199.1,118,689.3,212.6
"J","South East","24","Hampshire","24UF","Gosport",,,467,682.9,201.1,205,671.6,196.9,262,691.7,204.4
"J","South East","24","Hampshire","24UG","Hart",,,130,751.3,190,53,667.4,173,77,809,201.3
"J","South East","24","Hampshire","24UH","Havant",,,1831,666.9,209.9,816,638.2,201.7,1015,689.9,216.4
"J","South East","24","Hampshire","24UJ","New Forest",,,1460,717.6,204.3,625,683,198.4,835,743.4,208.6
"J","South East","24","Hampshire","24UL","Rushmoor",,,1472,945.3,212,672,923.1,207.2,800,963.9,216.1
"J","South East","24","Hampshire","24UN","Test Valley",,,142,568,187.4,69,595.4,193.1,73,542.1,181.8
"J","South East","24","Hampshire","24UP","Winchester",,,1634,948.1,219.1,785,909.5,212.6,849,983.8,224.9
"J","South East","29","Kent","29UB","Ashford",,,453,690.2,210.7,186,638.2,205.4,267,726.4,214.1
"J","South East","29","Kent","29UC","Canterbury",,,1172,644.5,199.9,524,623.6,194.9,648,661.4,203.8
"J","South East","29","Kent","29UD","Dartford",,,1098,727.7,201.4,523,704.8,194.3,575,748.5,207.8
"J","South East","29","Kent","29UE","Dover",,,476,750.9,195.3,221,667.5,183,255,823.2,205
"J","South East","29","Kent","29UG","Gravesham",,,505,631.3,189.8,256,593.4,188.8,249,670.3,190.7
"J","South East","29","Kent","29UH","Maidstone",,,884,755.2,204.3,426,693.1,196,458,812.9,211.3
"J","South East","29","Kent","29UK","Sevenoaks",,,73,443.4,163.1,24,388.8,140.3,49,470.2,174.5
"J","South East","29","Kent","29UL","Shepway",,,528,614.4,195.9,252,604,193.6,276,623.9,198
"J","South East","29","Kent","29UM","Swale",,,494,779.1,200.6,241,744.1,195.2,253,812.5,205.5
"J","South East","29","Kent","29UN","Thanet",,,638,735.2,201,313,719.3,199.7,325,750.5,202.2
"J","South East","29","Kent","29UP","Tonbridge and Malling",,,1197,704.1,210.1,434,664.6,203.4,763,726.6,213.8
"J","South East","29","Kent","29UQ","Tunbridge Wells",,,778,800.9,213.6,448,786.2,209.1,330,820.8,219.7
"J","South East","38","Oxfordshire","38UB","Cherwell",,,258,677.8,200.1,113,614,186.8,145,727.5,209.9
"J","South East","38","Oxfordshire","38UC","Oxford",,,1021,717.8,209.4,460,697.5,205.9,561,734.4,212.1
"J","South East","38","Oxfordshire","38UD","South Oxfordshire",,,1154,699.7,203.8,507,664,198,647,727.6,208.2
"J","South East","38","Oxfordshire","38UE","Vale of White Horse",,,617,721.8,207.4,284,713.8,204.8,333,728.7,209.7
"J","South East","38","Oxfordshire","38UF","West Oxfordshire",,,580,745.3,215.5,269,749.6,214.2,311,741.5,216.6
"J","South East","43","Surrey","43UB","Elmbridge",,,1339,714.7,208.9,700,672,202.7,639,761.5,215.3
"J","South East","43","Surrey","43UC","Epsom and Ewell",,,653,763.4,213.8,199,614.9,197.4,454,828.5,219.7
"J","South East","43","Surrey","43UD","Guildford",,,1140,656.4,206.8,562,608.6,197.7,578,702.9,215.1
"J","South East","43","Surrey","43UE","Mole Valley",,,270,826.8,206.3,137,812,205.2,133,842,207.4
"J","South East","43","Surrey","43UF","Reigate and Banstead",,,1092,704.4,212.6,497,669,205.5,595,733.9,218.4
"J","South East","43","Surrey","43UG","Runnymede",,,612,767.9,199.6,267,737.6,194,345,791.3,203.8
"J","South East","43","Surrey","43UH","Spelthorne",,,211,587.4,184.4,87,584.2,179.2,124,589.7,188.2
"J","South East","43","Surrey","43UJ","Surrey Heath",,,212,708.1,208.2,122,709.4,211.3,90,706.3,204.1
"J","South East","43","Surrey","43UK","Tandridge",,,442,688.3,197,217,642,187.4,225,733,206
"J","South East","43","Surrey","43UL","Waverley",,,846,801.7,210.5,394,786.3,205.8,452,815.2,214.7
"J","South East","43","Surrey","43UM","Woking",,,329,697.4,191.8,146,637,185.1,183,745.7,196.6
"J","South East","45","West Sussex","45UB","Adur",,,86,509.8,164.8,44,483.4,157.6,42,537.5,172.3
"J","South East","45","West Sussex","45UC","Arun",,,327,668.8,189.2,164,650.4,186.4,163,687.3,192.1
"J","South East","45","West Sussex","45UD","Chichester",,,1044,616.3,204.4,478,602.4,196.7,566,628,211
"J","South East","45","West Sussex","45UE","Crawley",,,951,689.9,204.3,471,669.2,197.1,480,710.2,211.5
"J","South East","45","West Sussex","45UF","Horsham",,,857,798.9,209.4,389,776.3,203.7,468,817.7,214.1
"J","South East","45","West Sussex","45UG","Mid Sussex",,,335,707.7,208.3,150,656.8,195.9,185,749,218.2
"J","South East","45","West Sussex","45UH","Worthing",,,685,658.9,207.1,356,657.8,203.4,329,660.1,211.1
"K","South West",,,"00HA","Bath and North East Somerset",,,1086,684.5,205.7,468,667.1,199.7,618,697.6,210.2
"K","South West",,,"00HB","Bristol, City of",,,1643,691.2,205.1,718,670.3,200,925,707.5,209
"K","South West",,,"00HC","North Somerset",,,1019,735.7,209,463,705,201.2,556,761.2,215.5
"K","South West",,,"00HD","South Gloucestershire",,,1471,685.8,199.8,696,662.4,193.4,775,706.9,205.6
"K","South West",,,"00HG","Plymouth",,,1507,664.1,203.1,702,647.9,199.8,805,678.2,206.1
"K","South West",,,"00HH","Torbay",,,865,759.9,215.1,409,794.5,215.1,456,728.8,215.1
"K","South West",,,"00HN","Bournemouth",,,433,832.2,225.1,206,789,224.7,227,871.5,225.4
"K","South West",,,"00HP","Poole",,,1225,735.4,209.2,543,736.1,204.9,682,734.9,212.7
"K","South West",,,"00HX","Swindon",,,858,715.4,210.3,389,706.4,206.2,469,722.9,213.8
"K","South West","15","Cornwall and Isles of Scilly","15UB","Caradon",,,296,662.5,196.2,126,638.7,192.1,170,680.1,199.2
"K","South West","15","Cornwall and Isles of Scilly","15UC","Carrick",,,1198,795.2,208.4,515,771.8,202.6,683,812.8,212.8
"K","South West","15","Cornwall and Isles of Scilly","15UD","Kerrier",,,178,612.9,205.6,80,599.4,206.7,98,623.9,204.8
"K","South West","15","Cornwall and Isles of Scilly","15UE","North Cornwall",,,318,647.4,192.7,151,589.4,182.9,167,699.9,200.9
"K","South West","15","Cornwall and Isles of Scilly","15UF","Penwith",,,117,702.3,219,45,633.2,202.4,72,745.5,229
"K","South West","15","Cornwall and Isles of Scilly","15UG","Restormel",,,919,568.5,199.8,412,550.4,193.4,507,583.2,205.1
"K","South West","15","Cornwall and Isles of Scilly","15UH","Isles of Scilly",,,0,.,.,0,.,.,0,.,.
"K","South West","18","Devon","18UB","East Devon",,,566,746.7,209.9,250,744.5,206.9,316,748.4,212.3
"K","South West","18","Devon","18UC","Exeter",,,790,677.4,209.6,372,654.1,206.9,418,698.2,212
"K","South West","18","Devon","18UD","Mid Devon",,,256,687,209.1,115,648.5,201.2,141,718.3,215.4
"K","South West","18","Devon","18UE","North Devon",,,641,720.2,203.9,279,673,193.4,362,756.5,211.9
"K","South West","18","Devon","18UG","South Hams",,,471,777.7,207,204,744.6,197.9,267,803.1,214
"K","South West","18","Devon","18UH","Teignbridge",,,410,653.4,193.3,212,601.7,181.7,198,708.7,205.2
"K","South West","18","Devon","18UK","Torridge",,,83,548.3,184.3,34,603.5,192.7,49,510,177.9
"K","South West","18","Devon","18UL","West Devon",,,245,664.3,201.7,99,674,201,146,657.7,202.2
"K","South West","19","Dorset","19UC","Christchurch",,,163,643.7,205.4,78,607.3,195.8,85,677.1,214
"K","South West","19","Dorset","19UD","East Dorset",,,250,605.6,204.6,121,582.2,198.2,129,627.5,210.5
"K","South West","19","Dorset","19UE","North Dorset",,,324,805.4,211.1,160,791.2,207.1,164,819.3,215.1
"K","South West","19","Dorset","19UG","Purbeck",,,182,718.2,212.7,80,699.6,206.1,102,732.8,217.9
"K","South West","19","Dorset","19UH","West Dorset",,,819,772.6,208.4,372,746,200.6,447,794.8,215
"K","South West","19","Dorset","19UJ","Weymouth and Portland",,,247,650.8,205.5,123,669.8,202.2,124,632.1,209.1
"K","South West","23","Gloucestershire","23UB","Cheltenham",,,869,768.3,219.9,426,757.2,216.2,443,778.9,223.4
"K","South West","23","Gloucestershire","23UC","Cotswold",,,871,800.7,205.9,445,782.7,203,426,819.5,208.8
"K","South West","23","Gloucestershire","23UD","Forest of Dean",,,734,645.9,206.9,339,615.4,198.5,395,672,214.1
"K","South West","23","Gloucestershire","23UE","Gloucester",,,570,815.6,208.8,254,804.5,204.4,316,824.6,212.4
"K","South West","23","Gloucestershire","23UF","Stroud",,,718,690.1,210.5,296,673.8,202.8,422,701.5,215.9
"K","South West","23","Gloucestershire","23UG","Tewkesbury",,,418,754.1,201.7,197,766.9,202,221,742.8,201.5
"K","South West","40","Somerset","40UB","Mendip",,,734,714.6,212.9,315,703.1,204.9,419,723.2,219.1
"K","South West","40","Somerset","40UC","Sedgemoor",,,824,757,212,376,740,208.8,448,771.3,214.6
"K","South West","40","Somerset","40UD","South Somerset",,,544,673.2,200.6,236,639.2,196.5,308,699.2,203.7
"K","South West","40","Somerset","40UE","Taunton Deane",,,1029,776,218.6,454,749.1,213,575,797.2,223
"K","South West","40","Somerset","40UF","West Somerset",,,110,704.2,204.6,57,668,194.3,53,743.2,215.7
"K","South West","46","Wiltshire","46UB","Kennet",,,195,733.9,201.7,88,719.1,197.4,107,746.1,205.2
"K","South West","46","Wiltshire","46UC","North Wiltshire",,,998,743.1,207.7,486,741.3,206.4,512,744.9,209
"K","South West","46","Wiltshire","46UD","Salisbury",,,465,779.7,217.5,215,761.1,214.6,250,795.7,220
"K","South West","46","Wiltshire","46UF","West Wiltshire",,,535,694.5,202.1,223,682.7,199.7,312,703,203.7