DATASET_TITLE,"Jobseeker's Allowance Claimants by Ethnicity, January 2008 - December 2008",,,,,,,,FROM,Jan-2008,Jan-2008,Jan-2008,Jan-2008,Jan-2008,Jan-2008,Jan-2008
AREA_TYPE,Former Local Authority,,,,,,,,TO,Dec-2008,Dec-2008,Dec-2008,Dec-2008,Dec-2008,Dec-2008,Dec-2008
GEO_HIERARCHY,NeSS Geography Hierarchy,,,,,,,,HEADING,White,Mixed,Black or Black British,Asian or Asian British,Chinese or Other,Unknown,Prefer Not To Say
,,,,,,,,,MEASUREMENT_UNIT,Count,Count,Count,Count,Count,Count,Count
,,,,,,,,,STATISTICAL_UNIT,Persons,Persons,Persons,Persons,Persons,Persons,Persons
GOR_CODE,GOR_NAME,CTY_CODE,CTY_NAME,LA_CODE,LA_NAME,FLA_CODE,FLA_NAME,AREA_METADATA,,DATA_VALUE,DATA_VALUE,DATA_VALUE,DATA_VALUE,DATA_VALUE,DATA_VALUE,DATA_VALUE
"A","North East",,,"00EJ","Durham","20UB","Chester-le-Street",,,660,0,0,5,0,5,60
"A","North East",,,"00EJ","Durham","20UD","Derwentside",,,1305,5,0,0,0,15,120
"A","North East",,,"00EJ","Durham","20UE","Durham",,,915,5,0,0,5,10,105
"A","North East",,,"00EJ","Durham","20UF","Easington",,,1530,0,0,5,0,20,155
"A","North East",,,"00EJ","Durham","20UG","Sedgefield",,,1435,0,0,5,5,15,180
"A","North East",,,"00EJ","Durham","20UH","Teesdale",,,210,0,0,0,0,5,20
"A","North East",,,"00EJ","Durham","20UJ","Wear Valley",,,1140,0,0,0,5,15,115
"A","North East",,,"00EM","Northumberland","35UB","Alnwick",,,330,0,0,0,0,5,35
"A","North East",,,"00EM","Northumberland","35UC","Berwick-upon-Tweed",,,215,0,0,0,0,5,30
"A","North East",,,"00EM","Northumberland","35UD","Blyth Valley",,,1410,0,0,5,5,25,225
"A","North East",,,"00EM","Northumberland","35UE","Castle Morpeth",,,505,0,0,0,0,5,80
"A","North East",,,"00EM","Northumberland","35UF","Tynedale",,,485,0,0,0,0,0,35
"A","North East",,,"00EM","Northumberland","35UG","Wansbeck",,,1390,0,0,5,5,20,225
"B","North West",,,"00EQ","Cheshire East","13UC","Congleton",,,730,0,5,5,0,5,45
"B","North West",,,"00EQ","Cheshire East","13UD","Crewe and Nantwich",,,1275,10,10,5,10,20,95
"B","North West",,,"00EQ","Cheshire East","13UG","Macclesfield",,,1040,15,5,10,5,10,65
"B","North West",,,"00EW","Cheshire West and Chester","13UB","Chester",,,1125,10,5,10,5,10,50
"B","North West",,,"00EW","Cheshire West and Chester","13UE","Ellesmere Port & Neston",,,1080,5,5,0,5,10,80
"B","North West",,,"00EW","Cheshire West and Chester","13UH","Vale Royal",,,1485,5,0,5,5,5,35
"F","West Midlands",,,"00GG","Shropshire","39UB","Bridgnorth",,,390,0,0,5,0,5,20
"F","West Midlands",,,"00GG","Shropshire","39UC","North Shropshire",,,560,0,0,0,0,5,30
"F","West Midlands",,,"00GG","Shropshire","39UD","Oswestry",,,440,0,0,0,0,10,30
"F","West Midlands",,,"00GG","Shropshire","39UE","Shrewsbury and Atcham",,,805,0,5,0,0,15,50
"F","West Midlands",,,"00GG","Shropshire","39UF","South Shropshire",,,280,0,0,0,0,5,20
"G","East of England",,,"00KC","Central Bedfordshire","09UC","Mid Bedfordshire",,,825,5,10,10,5,15,45
"G","East of England",,,"00KC","Central Bedfordshire","09UE","South Bedfordshire",,,995,15,25,20,10,10,105
"K","South West",,,"00HE","Cornwall","15UB","Caradon",,,640,5,0,0,0,5,25
"K","South West",,,"00HE","Cornwall","15UC","Carrick",,,865,5,0,5,0,5,30
"K","South West",,,"00HE","Cornwall","15UD","Kerrier",,,920,5,0,0,0,5,40
"K","South West",,,"00HE","Cornwall","15UE","North Cornwall",,,645,0,0,0,0,5,25
"K","South West",,,"00HE","Cornwall","15UF","Penwith",,,735,5,0,0,0,5,25
"K","South West",,,"00HE","Cornwall","15UG","Restormel",,,1065,5,5,0,5,10,75
"K","South West",,,"00HY","Wiltshire","46UB","Kennet",,,385,0,0,0,0,10,20
"K","South West",,,"00HY","Wiltshire","46UC","North Wiltshire",,,815,5,5,5,5,10,60
"K","South West",,,"00HY","Wiltshire","46UD","Salisbury",,,590,5,0,0,0,5,25
"K","South West",,,"00HY","Wiltshire","46UF","West Wiltshire",,,1120,15,15,5,15,10,30