DATASET_TITLE,Household Type (UV68),,,,,,FROM,Apr-2001,Apr-2001,Apr-2001,Apr-2001,Apr-2001,Apr-2001,Apr-2001,Apr-2001,Apr-2001,Apr-2001
AREA_TYPE,Local Authority,,,,,,TO,Apr-2001,Apr-2001,Apr-2001,Apr-2001,Apr-2001,Apr-2001,Apr-2001,Apr-2001,Apr-2001,Apr-2001
GEO_HIERARCHY,NeSS Geography Hierarchy,,,,,,HEADING,All Households,Married couple household with dependent child(ren),Married couple household with no dependent child(ren),Cohabiting couple household with dependent child(ren),Cohabiting couple household with no dependent child(ren),Lone parent household with dependent child(ren),Lone parent household with no dependent child(ren),One person household,Multi person household: All student,Multi person household: All other
,,,,,,,MEASUREMENT_UNIT,Count,Count,Count,Count,Count,Count,Count,Count,Count,Count
,,,,,,,STATISTICAL_UNIT,Households,Households,Households,Households,Households,Households,Households,Households,Households,Households
GOR_CODE,GOR_NAME,CTY_CODE,CTY_NAME,LA_CODE,LA_NAME,AREA_METADATA,,DATA_VALUE,DATA_VALUE,DATA_VALUE,DATA_VALUE,DATA_VALUE,DATA_VALUE,DATA_VALUE,DATA_VALUE,DATA_VALUE,DATA_VALUE
"B","North West",,,"00BL","Bolton",,,108085,20892,29914,4484,5293,8799,3847,33047,92,1717
"B","North West",,,"00BM","Bury",,,74335,14852,21193,2914,3967,5970,2655,21507,13,1264
"B","North West",,,"00BN","Manchester",,,167451,19287,27223,5463,9948,21223,7267,65478,3304,8258
"B","North West",,,"00BP","Oldham",,,87824,17067,23801,4034,4372,8159,3116,25918,14,1343
"B","North West",,,"00BQ","Rochdale",,,83452,15998,21913,3947,4292,7727,2943,25339,12,1281
"B","North West",,,"00BR","Salford",,,94238,13418,22270,3659,4972,8975,3895,34588,242,2219
"B","North West",,,"00BS","Stockport",,,120456,23296,35293,4173,6494,8307,4091,36525,44,2233
"B","North West",,,"00BT","Tameside",,,89981,15877,24300,4112,4891,8211,3248,27889,11,1442
"B","North West",,,"00BU","Trafford",,,89313,17037,24842,2618,4865,6251,3229,28220,53,2198
"B","North West",,,"00BW","Wigan",,,125096,24720,38204,5709,6263,9115,4794,34639,11,1641
"B","North West",,,"00BX","Knowsley",,,60551,10421,14933,2399,2338,8203,3576,17572,0,1109
"B","North West",,,"00BY","Liverpool",,,187865,25104,38720,5440,7428,23989,9947,69386,2216,5635
"B","North West",,,"00BZ","St. Helens",,,72697,13570,22585,2804,3007,6381,3129,20167,24,1030
"B","North West",,,"00CA","Sefton",,,116847,21274,34536,3499,4418,10112,5186,35747,15,2060
"B","North West",,,"00CB","Wirral",,,133345,23032,37648,3679,5291,12850,5465,43077,20,2283
"B","North West",,,"00ET","Halton",,,47948,8973,13989,1982,2098,5099,1977,13101,3,726
"B","North West",,,"00EU","Warrington",,,78030,16784,23936,2871,4132,5195,2590,21454,13,1055
"B","North West",,,"00EX","Blackburn with Darwen",,,53407,11647,13573,2211,2167,5119,1795,16006,27,862
"B","North West",,,"00EY","Blackpool",,,63940,8182,16730,2289,3589,5899,2348,23261,70,1572
"B","North West","13","Cheshire","13UB","Chester",,,50130,9292,15544,1228,2909,2810,1645,15089,313,1300
"B","North West","13","Cheshire","13UC","Congleton",,,37283,8184,13155,1122,2021,1709,1035,9456,134,467
"B","North West","13","Cheshire","13UD","Crewe and Nantwich",,,45699,9184,14600,1782,2549,2822,1418,12451,90,803
"B","North West","13","Cheshire","13UE","Ellesmere Port & Neston",,,33167,6867,10861,1198,1552,2291,1101,8831,20,446
"B","North West","13","Cheshire","13UG","Macclesfield",,,64162,12811,21124,1735,3366,3219,1838,19012,15,1042
"B","North West","13","Cheshire","13UH","Vale Royal",,,49590,10722,16699,1881,2684,2861,1611,12501,4,627
"B","North West","16","Cumbria","16UB","Allerdale",,,39780,7457,13566,1119,1676,2451,1363,11604,0,544
"B","North West","16","Cumbria","16UC","Barrow-in-Furness",,,30526,5449,9156,1333,1637,2304,1028,9111,3,505
"B","North West","16","Cumbria","16UD","Carlisle",,,43963,7627,13409,1363,2200,2885,1530,14112,110,727
"B","North West","16","Cumbria","16UE","Copeland",,,29486,5447,9338,943,1238,2151,1061,8862,0,446
"B","North West","16","Cumbria","16UF","Eden",,,21143,4096,7567,637,1037,891,623,5932,9,351
"B","North West","16","Cumbria","16UG","South Lakeland",,,44129,7567,15722,1225,2356,1836,1255,13203,79,886
"B","North West","30","Lancashire","30UD","Burnley",,,36796,6831,9993,1771,1821,3612,1182,11002,4,580
"B","North West","30","Lancashire","30UE","Chorley",,,41027,8423,13215,1505,2263,2590,1378,11109,6,538
"B","North West","30","Lancashire","30UF","Fylde",,,32369,5516,10837,800,1451,1765,887,10561,9,543
"B","North West","30","Lancashire","30UG","Hyndburn",,,32976,6290,9282,1813,1780,2698,1115,9476,5,517
"B","North West","30","Lancashire","30UH","Lancaster",,,55839,8937,16127,1905,2881,4413,1605,17797,816,1358
"B","North West","30","Lancashire","30UJ","Pendle",,,35961,6903,10251,1748,1910,2748,1143,10727,3,528
"B","North West","30","Lancashire","30UK","Preston",,,52970,10028,13547,1754,2868,4370,1823,16600,719,1261
"B","North West","30","Lancashire","30UL","Ribble Valley",,,22209,4717,7766,629,1027,1149,608,6018,0,295
"B","North West","30","Lancashire","30UM","Rossendale",,,27113,5189,7764,1370,1422,2171,836,7980,3,378
"B","North West","30","Lancashire","30UN","South Ribble",,,42728,9038,14278,1461,2027,2645,1349,11325,10,595
"B","North West","30","Lancashire","30UP","West Lancashire",,,43586,8853,14415,1374,1737,3424,1653,11369,165,596
"B","North West","30","Lancashire","30UQ","Wyre",,,45295,7811,15732,1386,2012,2879,1529,13185,16,745