DATASET_TITLE,Multiple Ethnic Groups (UV69),,,,,,,,FROM,Apr-2001,Apr-2001,Apr-2001,Apr-2001,Apr-2001,Apr-2001
AREA_TYPE,Super Output Area Middle Layer,,,,,,,,TO,Apr-2001,Apr-2001,Apr-2001,Apr-2001,Apr-2001,Apr-2001
GEO_HIERARCHY,NeSS Geography Hierarchy,,,,,,,,HEADING,All Households,One person household,All household members have the same ethnic group,Different identities between generations only,Different identities within partnerships,Other combination of multiple ethnic groups
,,,,,,,,,MEASUREMENT_UNIT,Count,Count,Count,Count,Count,Count
,,,,,,,,,STATISTICAL_UNIT,Households,Households,Households,Households,Households,Households
GOR_CODE,GOR_NAME,CTY_CODE,CTY_NAME,LA_CODE,LA_NAME,MSOA_CODE,MSOA_NAME,AREA_METADATA,,DATA_VALUE,DATA_VALUE,DATA_VALUE,DATA_VALUE,DATA_VALUE,DATA_VALUE
"E","East Midlands",,,"00FK","Derby","E02002796","Derby 001",,,2511,636,1751,17,100,7
"E","East Midlands",,,"00FK","Derby","E02002797","Derby 002",,,3207,925,2164,19,89,10
"E","East Midlands",,,"00FK","Derby","E02002798","Derby 003",,,4246,1015,3016,23,178,14
"E","East Midlands",,,"00FK","Derby","E02002799","Derby 004",,,2427,643,1675,38,60,11
"E","East Midlands",,,"00FK","Derby","E02002800","Derby 005",,,2701,1007,1525,24,110,35
"E","East Midlands",,,"00FK","Derby","E02002801","Derby 006",,,3129,858,2134,34,86,17
"E","East Midlands",,,"00FK","Derby","E02002802","Derby 007",,,3180,990,2011,74,82,23
"E","East Midlands",,,"00FK","Derby","E02002803","Derby 008",,,2689,1376,1153,40,80,40
"E","East Midlands",,,"00FK","Derby","E02002804","Derby 009",,,3159,917,2105,41,82,14
"E","East Midlands",,,"00FK","Derby","E02002805","Derby 010",,,2547,664,1818,13,47,5
"E","East Midlands",,,"00FK","Derby","E02002806","Derby 011",,,2499,997,1343,32,70,57
"E","East Midlands",,,"00FK","Derby","E02002807","Derby 012",,,3652,946,2544,53,101,8
"E","East Midlands",,,"00FK","Derby","E02002808","Derby 013",,,4359,2043,1930,120,141,125
"E","East Midlands",,,"00FK","Derby","E02002809","Derby 014",,,2557,757,1697,31,58,14
"E","East Midlands",,,"00FK","Derby","E02002810","Derby 015",,,3040,637,2269,27,98,9
"E","East Midlands",,,"00FK","Derby","E02002811","Derby 016",,,3056,1231,1496,133,125,71
"E","East Midlands",,,"00FK","Derby","E02002812","Derby 017",,,2349,725,1433,47,118,26
"E","East Midlands",,,"00FK","Derby","E02002813","Derby 018",,,2923,1235,1383,144,113,48
"E","East Midlands",,,"00FK","Derby","E02002814","Derby 019",,,3171,936,2076,29,116,14
"E","East Midlands",,,"00FK","Derby","E02002815","Derby 020",,,2168,618,1277,108,126,39
"E","East Midlands",,,"00FK","Derby","E02002816","Derby 021",,,2848,566,2050,63,148,21
"E","East Midlands",,,"00FK","Derby","E02002817","Derby 022",,,2408,596,1632,46,116,18
"E","East Midlands",,,"00FK","Derby","E02002818","Derby 023",,,2531,887,1352,139,123,30
"E","East Midlands",,,"00FK","Derby","E02002819","Derby 024",,,2897,1109,1639,33,101,15
"E","East Midlands",,,"00FK","Derby","E02002820","Derby 025",,,3721,1150,2335,69,140,27
"E","East Midlands",,,"00FK","Derby","E02002821","Derby 026",,,3784,1213,2248,125,143,55
"E","East Midlands",,,"00FK","Derby","E02002822","Derby 027",,,2672,742,1737,73,106,14
"E","East Midlands",,,"00FK","Derby","E02002823","Derby 028",,,3276,939,2182,38,102,15
"E","East Midlands",,,"00FK","Derby","E02002824","Derby 029",,,3591,979,2256,163,171,22
"E","East Midlands",,,"00FK","Derby","E02002825","Derby 030",,,2591,895,1580,33,70,13
"E","East Midlands",,,"00FK","Derby","E02002826","Derby 031",,,2516,614,1764,43,87,8
"E","East Midlands",,,"00FN","Leicester","E02002827","Leicester 001",,,2558,797,1540,83,119,19
"E","East Midlands",,,"00FN","Leicester","E02002828","Leicester 002",,,2719,643,1861,50,133,32
"E","East Midlands",,,"00FN","Leicester","E02002829","Leicester 003",,,4144,1542,2355,95,117,35
"E","East Midlands",,,"00FN","Leicester","E02002830","Leicester 004",,,3058,1041,1742,114,121,40
"E","East Midlands",,,"00FN","Leicester","E02002831","Leicester 005",,,2319,602,1533,55,110,19
"E","East Midlands",,,"00FN","Leicester","E02002832","Leicester 006",,,2702,755,1738,92,83,34
"E","East Midlands",,,"00FN","Leicester","E02002833","Leicester 007",,,2405,497,1677,96,99,36
"E","East Midlands",,,"00FN","Leicester","E02002834","Leicester 008",,,3136,799,2138,51,125,23
"E","East Midlands",,,"00FN","Leicester","E02002835","Leicester 009",,,2238,606,1458,48,103,23
"E","East Midlands",,,"00FN","Leicester","E02002836","Leicester 010",,,3046,740,2061,110,102,33
"E","East Midlands",,,"00FN","Leicester","E02002837","Leicester 011",,,2452,767,1442,110,102,31
"E","East Midlands",,,"00FN","Leicester","E02002838","Leicester 012",,,3099,1098,1812,75,90,24
"E","East Midlands",,,"00FN","Leicester","E02002839","Leicester 013",,,2838,855,1791,63,115,14
"E","East Midlands",,,"00FN","Leicester","E02002840","Leicester 014",,,3724,1117,2365,96,124,22
"E","East Midlands",,,"00FN","Leicester","E02002841","Leicester 015",,,3100,989,1899,100,89,23
"E","East Midlands",,,"00FN","Leicester","E02002842","Leicester 016",,,3003,1162,1585,78,101,77
"E","East Midlands",,,"00FN","Leicester","E02002843","Leicester 017",,,3545,1001,2110,184,172,78
"E","East Midlands",,,"00FN","Leicester","E02002844","Leicester 018",,,3496,1314,1822,154,151,55
"E","East Midlands",,,"00FN","Leicester","E02002845","Leicester 019",,,3851,1486,1995,160,141,69
"E","East Midlands",,,"00FN","Leicester","E02002846","Leicester 020",,,2996,892,1870,44,160,30
"E","East Midlands",,,"00FN","Leicester","E02002847","Leicester 021",,,2766,517,1978,94,119,58
"E","East Midlands",,,"00FN","Leicester","E02002848","Leicester 022",,,3082,865,1822,152,155,88
"E","East Midlands",,,"00FN","Leicester","E02002849","Leicester 023",,,4496,2039,1966,98,189,204
"E","East Midlands",,,"00FN","Leicester","E02002850","Leicester 024",,,3323,1979,959,52,79,254
"E","East Midlands",,,"00FN","Leicester","E02002851","Leicester 025",,,2757,744,1795,62,134,22
"E","East Midlands",,,"00FN","Leicester","E02002852","Leicester 026",,,2429,757,1538,66,49,19
"E","East Midlands",,,"00FN","Leicester","E02002853","Leicester 027",,,3783,1062,2296,119,184,122
"E","East Midlands",,,"00FN","Leicester","E02002854","Leicester 028",,,3142,1064,1859,76,100,43
"E","East Midlands",,,"00FN","Leicester","E02002855","Leicester 029",,,2405,715,1431,54,116,89
"E","East Midlands",,,"00FN","Leicester","E02002856","Leicester 030",,,4636,2067,2147,49,230,143
"E","East Midlands",,,"00FN","Leicester","E02002857","Leicester 031",,,2678,1037,1450,46,95,50
"E","East Midlands",,,"00FN","Leicester","E02002858","Leicester 032",,,2770,850,1653,57,180,30
"E","East Midlands",,,"00FN","Leicester","E02002859","Leicester 033",,,2840,800,1734,82,155,69
"E","East Midlands",,,"00FN","Leicester","E02002860","Leicester 034",,,3353,1075,2093,49,115,21
"E","East Midlands",,,"00FN","Leicester","E02002861","Leicester 035",,,2775,729,1808,119,96,23
"E","East Midlands",,,"00FN","Leicester","E02002862","Leicester 036",,,3484,1176,2128,73,88,19
"E","East Midlands",,,"00FP","Rutland","E02002863","Rutland 001",,,2586,557,1905,13,103,8
"E","East Midlands",,,"00FP","Rutland","E02002864","Rutland 002",,,2196,594,1522,13,60,7
"E","East Midlands",,,"00FP","Rutland","E02002865","Rutland 003",,,2902,758,2022,19,97,6
"E","East Midlands",,,"00FP","Rutland","E02002866","Rutland 004",,,2765,652,1992,19,87,15
"E","East Midlands",,,"00FP","Rutland","E02002867","Rutland 005",,,3008,816,2057,16,111,8
"E","East Midlands",,,"00FY","Nottingham","E02002868","Nottingham 001",,,2522,586,1774,54,92,16
"E","East Midlands",,,"00FY","Nottingham","E02002869","Nottingham 002",,,3134,1085,1892,75,70,12
"E","East Midlands",,,"00FY","Nottingham","E02002870","Nottingham 003",,,3608,1470,1952,87,76,23
"E","East Midlands",,,"00FY","Nottingham","E02002871","Nottingham 004",,,3456,1179,2090,62,101,24
"E","East Midlands",,,"00FY","Nottingham","E02002872","Nottingham 005",,,3614,1191,2184,122,91,26
"E","East Midlands",,,"00FY","Nottingham","E02002873","Nottingham 006",,,3287,1112,1952,91,108,24
"E","East Midlands",,,"00FY","Nottingham","E02002874","Nottingham 007",,,2986,980,1721,125,121,39
"E","East Midlands",,,"00FY","Nottingham","E02002875","Nottingham 008",,,3377,1165,1928,139,110,35
"E","East Midlands",,,"00FY","Nottingham","E02002876","Nottingham 009",,,3223,1075,1917,75,120,36
"E","East Midlands",,,"00FY","Nottingham","E02002877","Nottingham 010",,,3714,1598,1788,70,183,75
"E","East Midlands",,,"00FY","Nottingham","E02002878","Nottingham 011",,,3050,836,1982,116,93,23
"E","East Midlands",,,"00FY","Nottingham","E02002879","Nottingham 012",,,3213,1143,1712,139,142,77
"E","East Midlands",,,"00FY","Nottingham","E02002880","Nottingham 013",,,3214,923,2062,112,87,30
"E","East Midlands",,,"00FY","Nottingham","E02002881","Nottingham 014",,,2591,981,1441,89,65,15
"E","East Midlands",,,"00FY","Nottingham","E02002882","Nottingham 015",,,3734,1685,1663,61,198,127
"E","East Midlands",,,"00FY","Nottingham","E02002883","Nottingham 016",,,3051,1298,1499,91,126,37
"E","East Midlands",,,"00FY","Nottingham","E02002884","Nottingham 017",,,2465,1058,1108,75,97,127
"E","East Midlands",,,"00FY","Nottingham","E02002885","Nottingham 018",,,3164,1392,1395,139,85,153
"E","East Midlands",,,"00FY","Nottingham","E02002886","Nottingham 019",,,3299,1129,1872,108,150,40
"E","East Midlands",,,"00FY","Nottingham","E02002887","Nottingham 020",,,2777,1047,1568,63,68,31
"E","East Midlands",,,"00FY","Nottingham","E02002888","Nottingham 021",,,3047,1432,1284,166,96,69
"E","East Midlands",,,"00FY","Nottingham","E02002889","Nottingham 022",,,2507,1192,943,76,77,219
"E","East Midlands",,,"00FY","Nottingham","E02002890","Nottingham 023",,,3201,1763,1120,125,86,107
"E","East Midlands",,,"00FY","Nottingham","E02002891","Nottingham 024",,,3234,963,1971,101,157,42
"E","East Midlands",,,"00FY","Nottingham","E02002892","Nottingham 025",,,2523,887,1447,76,78,35
"E","East Midlands",,,"00FY","Nottingham","E02002893","Nottingham 026",,,3941,1939,1542,149,110,201
"E","East Midlands",,,"00FY","Nottingham","E02002894","Nottingham 027",,,2619,730,1684,38,140,27
"E","East Midlands",,,"00FY","Nottingham","E02002895","Nottingham 028",,,2554,1098,1132,20,80,224
"E","East Midlands",,,"00FY","Nottingham","E02002896","Nottingham 029",,,3687,1641,1700,123,114,109
"E","East Midlands",,,"00FY","Nottingham","E02002897","Nottingham 030",,,3395,988,2202,39,136,30
"E","East Midlands",,,"00FY","Nottingham","E02002898","Nottingham 031",,,3908,1538,1748,72,92,458
"E","East Midlands",,,"00FY","Nottingham","E02002899","Nottingham 032",,,2283,732,1249,85,90,127
"E","East Midlands",,,"00FY","Nottingham","E02002900","Nottingham 033",,,4601,2281,1839,175,181,125
"E","East Midlands",,,"00FY","Nottingham","E02002901","Nottingham 034",,,2410,740,1552,29,81,8
"E","East Midlands",,,"00FY","Nottingham","E02002902","Nottingham 035",,,3570,1194,2227,51,67,31
"E","East Midlands",,,"00FY","Nottingham","E02002903","Nottingham 036",,,2509,765,1625,39,62,18
"E","East Midlands",,,"00FY","Nottingham","E02002904","Nottingham 037",,,2644,755,1752,51,65,21
"E","East Midlands","17","Derbyshire","17UB","Amber Valley","E02004029","Amber Valley 001",,,2735,853,1824,15,40,3
"E","East Midlands","17","Derbyshire","17UB","Amber Valley","E02004030","Amber Valley 002",,,2437,637,1728,8,64,0
"E","East Midlands","17","Derbyshire","17UB","Amber Valley","E02004031","Amber Valley 003",,,3081,1012,2005,18,39,7
"E","East Midlands","17","Derbyshire","17UB","Amber Valley","E02004032","Amber Valley 004",,,3429,838,2524,7,54,6
"E","East Midlands","17","Derbyshire","17UB","Amber Valley","E02004033","Amber Valley 005",,,3541,1012,2454,18,48,9
"E","East Midlands","17","Derbyshire","17UB","Amber Valley","E02004034","Amber Valley 006",,,3054,822,2171,10,42,9
"E","East Midlands","17","Derbyshire","17UB","Amber Valley","E02004035","Amber Valley 007",,,2576,566,1932,11,62,5
"E","East Midlands","17","Derbyshire","17UB","Amber Valley","E02004036","Amber Valley 008",,,4104,1142,2899,21,38,4
"E","East Midlands","17","Derbyshire","17UB","Amber Valley","E02004037","Amber Valley 009",,,3100,665,2331,25,75,4
"E","East Midlands","17","Derbyshire","17UB","Amber Valley","E02004038","Amber Valley 010",,,3103,1150,1869,15,64,5
"E","East Midlands","17","Derbyshire","17UB","Amber Valley","E02004039","Amber Valley 011",,,3201,889,2238,10,60,4
"E","East Midlands","17","Derbyshire","17UB","Amber Valley","E02004040","Amber Valley 012",,,3200,738,2397,22,37,6
"E","East Midlands","17","Derbyshire","17UB","Amber Valley","E02004041","Amber Valley 013",,,2603,631,1894,14,58,6
"E","East Midlands","17","Derbyshire","17UB","Amber Valley","E02004042","Amber Valley 014",,,3191,1040,2071,27,47,6
"E","East Midlands","17","Derbyshire","17UB","Amber Valley","E02004043","Amber Valley 015",,,2871,744,2062,15,47,3
"E","East Midlands","17","Derbyshire","17UB","Amber Valley","E02004044","Amber Valley 016",,,2902,757,2017,15,99,14
"E","East Midlands","17","Derbyshire","17UC","Bolsover","E02004045","Bolsover 001",,,3673,914,2673,13,66,7
"E","East Midlands","17","Derbyshire","17UC","Bolsover","E02004046","Bolsover 002",,,2586,709,1845,4,24,4
"E","East Midlands","17","Derbyshire","17UC","Bolsover","E02004047","Bolsover 003",,,2127,640,1455,10,18,4
"E","East Midlands","17","Derbyshire","17UC","Bolsover","E02004048","Bolsover 004",,,2738,773,1905,20,37,3
"E","East Midlands","17","Derbyshire","17UC","Bolsover","E02004049","Bolsover 005",,,3320,932,2333,14,38,3
"E","East Midlands","17","Derbyshire","17UC","Bolsover","E02004050","Bolsover 006",,,2725,750,1934,13,22,6
"E","East Midlands","17","Derbyshire","17UC","Bolsover","E02004051","Bolsover 007",,,3581,991,2532,16,35,7
"E","East Midlands","17","Derbyshire","17UC","Bolsover","E02004052","Bolsover 008",,,3126,837,2221,9,59,0
"E","East Midlands","17","Derbyshire","17UC","Bolsover","E02004053","Bolsover 009",,,2932,853,2025,10,41,3
"E","East Midlands","17","Derbyshire","17UC","Bolsover","E02004054","Bolsover 010",,,3439,837,2515,14,68,5
"E","East Midlands","17","Derbyshire","17UD","Chesterfield","E02004055","Chesterfield 001",,,3155,999,2081,20,49,6
"E","East Midlands","17","Derbyshire","17UD","Chesterfield","E02004056","Chesterfield 002",,,3032,964,2002,19,41,6
"E","East Midlands","17","Derbyshire","17UD","Chesterfield","E02004057","Chesterfield 003",,,3137,1003,2066,21,41,6
"E","East Midlands","17","Derbyshire","17UD","Chesterfield","E02004058","Chesterfield 004",,,3513,1258,2149,48,48,10
"E","East Midlands","17","Derbyshire","17UD","Chesterfield","E02004059","Chesterfield 005",,,3113,929,2111,13,52,8
"E","East Midlands","17","Derbyshire","17UD","Chesterfield","E02004060","Chesterfield 006",,,2933,685,2184,22,34,8
"E","East Midlands","17","Derbyshire","17UD","Chesterfield","E02004061","Chesterfield 007",,,3289,1156,2034,20,72,7
"E","East Midlands","17","Derbyshire","17UD","Chesterfield","E02004062","Chesterfield 008",,,3577,1231,2228,24,90,4
"E","East Midlands","17","Derbyshire","17UD","Chesterfield","E02004063","Chesterfield 009",,,3586,1176,2293,22,87,8
"E","East Midlands","17","Derbyshire","17UD","Chesterfield","E02004064","Chesterfield 010",,,3273,1288,1822,41,89,33
"E","East Midlands","17","Derbyshire","17UD","Chesterfield","E02004065","Chesterfield 011",,,3583,855,2600,13,105,10
"E","East Midlands","17","Derbyshire","17UD","Chesterfield","E02004066","Chesterfield 012",,,4401,1166,3103,32,91,9
"E","East Midlands","17","Derbyshire","17UD","Chesterfield","E02004067","Chesterfield 013",,,2870,1104,1687,23,48,8
"E","East Midlands","17","Derbyshire","17UF","Derbyshire Dales","E02004068","Derbyshire Dales 001",,,3211,967,2150,15,72,7
"E","East Midlands","17","Derbyshire","17UF","Derbyshire Dales","E02004069","Derbyshire Dales 002",,,3014,909,2011,16,71,7
"E","East Midlands","17","Derbyshire","17UF","Derbyshire Dales","E02004070","Derbyshire Dales 003",,,2691,810,1821,7,46,7
"E","East Midlands","17","Derbyshire","17UF","Derbyshire Dales","E02004071","Derbyshire Dales 004",,,2190,601,1538,10,38,3
"E","East Midlands","17","Derbyshire","17UF","Derbyshire Dales","E02004072","Derbyshire Dales 005",,,3398,807,2498,10,70,13
"E","East Midlands","17","Derbyshire","17UF","Derbyshire Dales","E02004073","Derbyshire Dales 006",,,4035,1309,2591,26,91,18
"E","East Midlands","17","Derbyshire","17UF","Derbyshire Dales","E02004074","Derbyshire Dales 007",,,2408,686,1659,11,49,3
"E","East Midlands","17","Derbyshire","17UF","Derbyshire Dales","E02004075","Derbyshire Dales 008",,,2970,684,2188,16,66,16
"E","East Midlands","17","Derbyshire","17UF","Derbyshire Dales","E02004076","Derbyshire Dales 009",,,2351,673,1615,11,42,10
"E","East Midlands","17","Derbyshire","17UF","Derbyshire Dales","E02004077","Derbyshire Dales 010",,,2791,655,2054,7,70,5
"E","East Midlands","17","Derbyshire","17UG","Erewash","E02004078","Erewash 001",,,2995,939,1999,16,36,5
"E","East Midlands","17","Derbyshire","17UG","Erewash","E02004079","Erewash 002",,,2653,550,2020,12,63,8
"E","East Midlands","17","Derbyshire","17UG","Erewash","E02004080","Erewash 003",,,3902,1366,2430,19,72,15
"E","East Midlands","17","Derbyshire","17UG","Erewash","E02004081","Erewash 004",,,2426,632,1731,11,48,4
"E","East Midlands","17","Derbyshire","17UG","Erewash","E02004082","Erewash 005",,,2469,505,1896,10,49,9
"E","East Midlands","17","Derbyshire","17UG","Erewash","E02004083","Erewash 006",,,3077,839,2158,20,52,8
"E","East Midlands","17","Derbyshire","17UG","Erewash","E02004084","Erewash 007",,,2646,712,1858,18,55,3
"E","East Midlands","17","Derbyshire","17UG","Erewash","E02004085","Erewash 008",,,3501,944,2435,35,79,8
"E","East Midlands","17","Derbyshire","17UG","Erewash","E02004086","Erewash 009",,,3006,751,2155,20,73,7
"E","East Midlands","17","Derbyshire","17UG","Erewash","E02004087","Erewash 010",,,3366,958,2262,44,88,14
"E","East Midlands","17","Derbyshire","17UG","Erewash","E02004088","Erewash 011",,,2972,704,2165,19,78,6
"E","East Midlands","17","Derbyshire","17UG","Erewash","E02004089","Erewash 012",,,3061,1221,1728,38,64,10
"E","East Midlands","17","Derbyshire","17UG","Erewash","E02004090","Erewash 013",,,2496,700,1705,21,57,13
"E","East Midlands","17","Derbyshire","17UG","Erewash","E02004091","Erewash 014",,,3776,958,2663,19,123,13
"E","East Midlands","17","Derbyshire","17UG","Erewash","E02004092","Erewash 015",,,3878,1014,2725,37,96,6
"E","East Midlands","17","Derbyshire","17UH","High Peak","E02004093","High Peak 001",,,2659,711,1850,21,68,9
"E","East Midlands","17","Derbyshire","17UH","High Peak","E02004094","High Peak 002",,,2948,741,2088,35,76,8
"E","East Midlands","17","Derbyshire","17UH","High Peak","E02004095","High Peak 003",,,4002,1329,2501,32,125,15
"E","East Midlands","17","Derbyshire","17UH","High Peak","E02004096","High Peak 004",,,3566,651,2766,18,115,16
"E","East Midlands","17","Derbyshire","17UH","High Peak","E02004097","High Peak 005",,,3255,846,2285,15,97,12
"E","East Midlands","17","Derbyshire","17UH","High Peak","E02004098","High Peak 006",,,3208,907,2160,35,90,16
"E","East Midlands","17","Derbyshire","17UH","High Peak","E02004099","High Peak 007",,,2126,562,1487,15,57,5
"E","East Midlands","17","Derbyshire","17UH","High Peak","E02004100","High Peak 008",,,3052,819,2128,19,82,4
"E","East Midlands","17","Derbyshire","17UH","High Peak","E02004101","High Peak 009",,,3062,763,2200,22,70,7
"E","East Midlands","17","Derbyshire","17UH","High Peak","E02004102","High Peak 010",,,3715,1424,2136,19,116,20
"E","East Midlands","17","Derbyshire","17UH","High Peak","E02004103","High Peak 011",,,2792,688,2000,20,74,10
"E","East Midlands","17","Derbyshire","17UH","High Peak","E02004104","High Peak 012",,,2674,620,1955,21,72,6
"E","East Midlands","17","Derbyshire","17UJ","North East Derbyshire","E02004105","North East Derbyshire 001",,,3725,817,2824,16,61,7
"E","East Midlands","17","Derbyshire","17UJ","North East Derbyshire","E02004106","North East Derbyshire 002",,,3078,730,2283,9,44,12
"E","East Midlands","17","Derbyshire","17UJ","North East Derbyshire","E02004107","North East Derbyshire 003",,,3081,932,2086,8,52,3
"E","East Midlands","17","Derbyshire","17UJ","North East Derbyshire","E02004108","North East Derbyshire 004",,,3221,1077,2076,6,56,6
"E","East Midlands","17","Derbyshire","17UJ","North East Derbyshire","E02004109","North East Derbyshire 005",,,2877,621,2177,11,60,8
"E","East Midlands","17","Derbyshire","17UJ","North East Derbyshire","E02004110","North East Derbyshire 006",,,3006,646,2280,13,63,4
"E","East Midlands","17","Derbyshire","17UJ","North East Derbyshire","E02004111","North East Derbyshire 007",,,2296,639,1594,5,50,8
"E","East Midlands","17","Derbyshire","17UJ","North East Derbyshire","E02004112","North East Derbyshire 008",,,2760,643,2044,7,63,3
"E","East Midlands","17","Derbyshire","17UJ","North East Derbyshire","E02004113","North East Derbyshire 009",,,3816,1153,2586,21,56,0
"E","East Midlands","17","Derbyshire","17UJ","North East Derbyshire","E02004114","North East Derbyshire 010",,,3039,700,2250,6,78,5
"E","East Midlands","17","Derbyshire","17UJ","North East Derbyshire","E02004115","North East Derbyshire 011",,,3550,916,2566,19,43,6
"E","East Midlands","17","Derbyshire","17UJ","North East Derbyshire","E02004116","North East Derbyshire 012",,,3167,1023,2095,17,27,5
"E","East Midlands","17","Derbyshire","17UJ","North East Derbyshire","E02004117","North East Derbyshire 013",,,3077,791,2214,8,57,7
"E","East Midlands","17","Derbyshire","17UK","South Derbyshire","E02004118","South Derbyshire 001",,,2381,562,1751,13,46,9
"E","East Midlands","17","Derbyshire","17UK","South Derbyshire","E02004119","South Derbyshire 002",,,2670,554,2019,9,84,4
"E","East Midlands","17","Derbyshire","17UK","South Derbyshire","E02004120","South Derbyshire 003",,,2785,625,1988,50,110,12
"E","East Midlands","17","Derbyshire","17UK","South Derbyshire","E02004121","South Derbyshire 004",,,2492,562,1831,11,83,5
"E","East Midlands","17","Derbyshire","17UK","South Derbyshire","E02004122","South Derbyshire 005",,,2256,515,1658,23,51,9
"E","East Midlands","17","Derbyshire","17UK","South Derbyshire","E02004123","South Derbyshire 006",,,2681,856,1754,11,54,6
"E","East Midlands","17","Derbyshire","17UK","South Derbyshire","E02004124","South Derbyshire 007",,,2993,670,2256,14,49,4
"E","East Midlands","17","Derbyshire","17UK","South Derbyshire","E02004125","South Derbyshire 008",,,3393,870,2440,20,58,5
"E","East Midlands","17","Derbyshire","17UK","South Derbyshire","E02004126","South Derbyshire 009",,,2766,829,1875,13,46,3
"E","East Midlands","17","Derbyshire","17UK","South Derbyshire","E02004127","South Derbyshire 010",,,4706,1257,3331,35,76,7
"E","East Midlands","17","Derbyshire","17UK","South Derbyshire","E02004128","South Derbyshire 011",,,3872,911,2868,16,68,9
"E","East Midlands","31","Leicestershire","31UB","Blaby","E02005333","Blaby 001",,,4008,911,2902,39,145,11
"E","East Midlands","31","Leicestershire","31UB","Blaby","E02005334","Blaby 002",,,2056,399,1534,25,83,15
"E","East Midlands","31","Leicestershire","31UB","Blaby","E02005335","Blaby 003",,,2704,627,1956,18,89,14
"E","East Midlands","31","Leicestershire","31UB","Blaby","E02005336","Blaby 004",,,2351,629,1564,22,124,12
"E","East Midlands","31","Leicestershire","31UB","Blaby","E02005337","Blaby 005",,,3721,883,2584,60,166,28
"E","East Midlands","31","Leicestershire","31UB","Blaby","E02005338","Blaby 006",,,3624,919,2553,27,110,15
"E","East Midlands","31","Leicestershire","31UB","Blaby","E02005339","Blaby 007",,,3346,773,2421,28,103,21
"E","East Midlands","31","Leicestershire","31UB","Blaby","E02005340","Blaby 008",,,3333,812,2372,26,110,13
"E","East Midlands","31","Leicestershire","31UB","Blaby","E02005341","Blaby 009",,,2495,543,1847,12,83,10
"E","East Midlands","31","Leicestershire","31UB","Blaby","E02005342","Blaby 010",,,2748,560,2091,16,72,9
"E","East Midlands","31","Leicestershire","31UB","Blaby","E02005343","Blaby 011",,,2655,597,1947,23,85,3
"E","East Midlands","31","Leicestershire","31UB","Blaby","E02005344","Blaby 012",,,2867,606,2157,15,80,9
"E","East Midlands","31","Leicestershire","31UC","Charnwood","E02005345","Charnwood 001",,,2313,572,1619,24,88,10
"E","East Midlands","31","Leicestershire","31UC","Charnwood","E02005346","Charnwood 002",,,4281,1749,2258,68,140,66
"E","East Midlands","31","Leicestershire","31UC","Charnwood","E02005347","Charnwood 003",,,3085,949,1873,24,72,167
"E","East Midlands","31","Leicestershire","31UC","Charnwood","E02005348","Charnwood 004",,,2525,673,1696,30,104,22
"E","East Midlands","31","Leicestershire","31UC","Charnwood","E02005349","Charnwood 005",,,2621,632,1912,16,52,9
"E","East Midlands","31","Leicestershire","31UC","Charnwood","E02005350","Charnwood 006",,,2675,751,1836,8,64,16
"E","East Midlands","31","Leicestershire","31UC","Charnwood","E02005351","Charnwood 007",,,2326,538,1608,34,83,63
"E","East Midlands","31","Leicestershire","31UC","Charnwood","E02005352","Charnwood 008",,,2177,434,1658,12,70,3
"E","East Midlands","31","Leicestershire","31UC","Charnwood","E02005353","Charnwood 009",,,3475,1040,2260,35,98,42
"E","East Midlands","31","Leicestershire","31UC","Charnwood","E02005354","Charnwood 010",,,3322,724,2414,25,140,19
"E","East Midlands","31","Leicestershire","31UC","Charnwood","E02005355","Charnwood 011",,,2331,591,1664,15,52,9
"E","East Midlands","31","Leicestershire","31UC","Charnwood","E02005356","Charnwood 012",,,2587,789,1697,12,80,9
"E","East Midlands","31","Leicestershire","31UC","Charnwood","E02005357","Charnwood 013",,,2565,631,1853,16,60,5
"E","East Midlands","31","Leicestershire","31UC","Charnwood","E02005358","Charnwood 014",,,4044,1070,2826,23,108,17
"E","East Midlands","31","Leicestershire","31UC","Charnwood","E02005359","Charnwood 015",,,2249,483,1691,17,52,6
"E","East Midlands","31","Leicestershire","31UC","Charnwood","E02005360","Charnwood 016",,,2465,575,1777,15,88,10
"E","East Midlands","31","Leicestershire","31UC","Charnwood","E02005361","Charnwood 017",,,2412,701,1599,23,74,15
"E","East Midlands","31","Leicestershire","31UC","Charnwood","E02005362","Charnwood 018",,,2386,627,1670,17,66,6
"E","East Midlands","31","Leicestershire","31UC","Charnwood","E02005363","Charnwood 019",,,2585,523,1939,19,96,8
"E","East Midlands","31","Leicestershire","31UC","Charnwood","E02005364","Charnwood 020",,,2014,494,1435,21,55,9
"E","East Midlands","31","Leicestershire","31UC","Charnwood","E02005365","Charnwood 021",,,3606,903,2540,34,113,16
"E","East Midlands","31","Leicestershire","31UC","Charnwood","E02005366","Charnwood 022",,,2428,626,1720,16,61,5
"E","East Midlands","31","Leicestershire","31UD","Harborough","E02005367","Harborough 001",,,2525,543,1851,23,97,11
"E","East Midlands","31","Leicestershire","31UD","Harborough","E02005368","Harborough 002",,,2226,513,1626,10,70,7
"E","East Midlands","31","Leicestershire","31UD","Harborough","E02005369","Harborough 003",,,3600,938,2515,21,120,6
"E","East Midlands","31","Leicestershire","31UD","Harborough","E02005370","Harborough 004",,,3149,631,2417,13,80,8
"E","East Midlands","31","Leicestershire","31UD","Harborough","E02005371","Harborough 005",,,3572,765,2666,23,102,16
"E","East Midlands","31","Leicestershire","31UD","Harborough","E02005372","Harborough 006",,,3440,666,2634,20,110,10
"E","East Midlands","31","Leicestershire","31UD","Harborough","E02005373","Harborough 007",,,3461,719,2559,16,153,14
"E","East Midlands","31","Leicestershire","31UD","Harborough","E02005374","Harborough 008",,,2694,998,1568,16,98,14
"E","East Midlands","31","Leicestershire","31UD","Harborough","E02005375","Harborough 009",,,2723,715,1870,9,119,10
"E","East Midlands","31","Leicestershire","31UD","Harborough","E02005376","Harborough 010",,,3459,908,2448,19,71,13
"E","East Midlands","31","Leicestershire","31UE","Hinckley and Bosworth","E02005377","Hinckley and Bosworth 001",,,3170,840,2216,19,85,10
"E","East Midlands","31","Leicestershire","31UE","Hinckley and Bosworth","E02005378","Hinckley and Bosworth 002",,,2033,455,1467,21,82,8
"E","East Midlands","31","Leicestershire","31UE","Hinckley and Bosworth","E02005379","Hinckley and Bosworth 003",,,2233,527,1634,8,61,3
"E","East Midlands","31","Leicestershire","31UE","Hinckley and Bosworth","E02005380","Hinckley and Bosworth 004",,,3247,713,2432,12,80,10
"E","East Midlands","31","Leicestershire","31UE","Hinckley and Bosworth","E02005381","Hinckley and Bosworth 005",,,3129,651,2380,8,78,12
"E","East Midlands","31","Leicestershire","31UE","Hinckley and Bosworth","E02005382","Hinckley and Bosworth 006",,,3715,964,2636,31,73,11
"E","East Midlands","31","Leicestershire","31UE","Hinckley and Bosworth","E02005383","Hinckley and Bosworth 007",,,3582,960,2512,24,78,8
"E","East Midlands","31","Leicestershire","31UE","Hinckley and Bosworth","E02005384","Hinckley and Bosworth 008",,,2566,520,1956,12,68,10
"E","East Midlands","31","Leicestershire","31UE","Hinckley and Bosworth","E02005385","Hinckley and Bosworth 009",,,2363,431,1852,13,64,3
"E","East Midlands","31","Leicestershire","31UE","Hinckley and Bosworth","E02005386","Hinckley and Bosworth 010",,,3491,1109,2272,26,70,14
"E","East Midlands","31","Leicestershire","31UE","Hinckley and Bosworth","E02005387","Hinckley and Bosworth 011",,,3068,674,2312,12,60,10
"E","East Midlands","31","Leicestershire","31UE","Hinckley and Bosworth","E02005388","Hinckley and Bosworth 012",,,2429,695,1658,24,47,5
"E","East Midlands","31","Leicestershire","31UE","Hinckley and Bosworth","E02005389","Hinckley and Bosworth 013",,,2569,770,1722,15,52,10
"E","East Midlands","31","Leicestershire","31UE","Hinckley and Bosworth","E02005390","Hinckley and Bosworth 014",,,3490,792,2577,15,94,12
"E","East Midlands","31","Leicestershire","31UG","Melton","E02005391","Melton 001",,,3737,868,2755,8,97,9
"E","East Midlands","31","Leicestershire","31UG","Melton","E02005392","Melton 002",,,3387,790,2467,15,100,15
"E","East Midlands","31","Leicestershire","31UG","Melton","E02005393","Melton 003",,,2797,685,2032,12,59,9
"E","East Midlands","31","Leicestershire","31UG","Melton","E02005394","Melton 004",,,3384,935,2337,31,68,13
"E","East Midlands","31","Leicestershire","31UG","Melton","E02005395","Melton 005",,,3683,1029,2501,38,99,16
"E","East Midlands","31","Leicestershire","31UG","Melton","E02005396","Melton 006",,,2627,571,1971,8,66,11
"E","East Midlands","31","Leicestershire","31UH","North West Leicestershire","E02005397","North West Leicestershire 001",,,3200,858,2225,10,94,13
"E","East Midlands","31","Leicestershire","31UH","North West Leicestershire","E02005398","North West Leicestershire 002",,,2403,642,1679,9,54,19
"E","East Midlands","31","Leicestershire","31UH","North West Leicestershire","E02005399","North West Leicestershire 003",,,2426,723,1612,9,73,9
"E","East Midlands","31","Leicestershire","31UH","North West Leicestershire","E02005400","North West Leicestershire 004",,,2273,555,1674,6,33,5
"E","East Midlands","31","Leicestershire","31UH","North West Leicestershire","E02005401","North West Leicestershire 005",,,2127,474,1587,5,57,4
"E","East Midlands","31","Leicestershire","31UH","North West Leicestershire","E02005402","North West Leicestershire 006",,,2369,612,1675,7,70,5
"E","East Midlands","31","Leicestershire","31UH","North West Leicestershire","E02005403","North West Leicestershire 007",,,2748,728,1966,13,36,5
"E","East Midlands","31","Leicestershire","31UH","North West Leicestershire","E02005404","North West Leicestershire 008",,,2932,734,2120,11,60,7
"E","East Midlands","31","Leicestershire","31UH","North West Leicestershire","E02005405","North West Leicestershire 009",,,2765,718,1967,18,56,6
"E","East Midlands","31","Leicestershire","31UH","North West Leicestershire","E02005406","North West Leicestershire 010",,,2501,763,1697,11,22,8
"E","East Midlands","31","Leicestershire","31UH","North West Leicestershire","E02005407","North West Leicestershire 011",,,2920,631,2207,12,67,3
"E","East Midlands","31","Leicestershire","31UH","North West Leicestershire","E02005408","North West Leicestershire 012",,,2833,649,2074,19,83,8
"E","East Midlands","31","Leicestershire","31UH","North West Leicestershire","E02005409","North West Leicestershire 013",,,3898,1051,2768,13,63,3
"E","East Midlands","31","Leicestershire","31UJ","Oadby and Wigston","E02005410","Oadby and Wigston 001",,,2167,558,1446,39,90,34
"E","East Midlands","31","Leicestershire","31UJ","Oadby and Wigston","E02005411","Oadby and Wigston 002",,,2617,510,1909,36,140,22
"E","East Midlands","31","Leicestershire","31UJ","Oadby and Wigston","E02005412","Oadby and Wigston 003",,,3355,1003,2161,41,125,25
"E","East Midlands","31","Leicestershire","31UJ","Oadby and Wigston","E02005413","Oadby and Wigston 004",,,3339,769,2387,45,121,17
"E","East Midlands","31","Leicestershire","31UJ","Oadby and Wigston","E02005414","Oadby and Wigston 005",,,3300,1076,2084,45,82,13
"E","East Midlands","31","Leicestershire","31UJ","Oadby and Wigston","E02005415","Oadby and Wigston 006",,,3294,992,2189,30,70,13
"E","East Midlands","31","Leicestershire","31UJ","Oadby and Wigston","E02005416","Oadby and Wigston 007",,,3850,806,2898,28,103,15
"E","East Midlands","32","Lincolnshire","32UB","Boston","E02005417","Boston 001",,,2781,595,2125,8,50,3
"E","East Midlands","32","Lincolnshire","32UB","Boston","E02005418","Boston 002",,,3815,1359,2358,28,53,17
"E","East Midlands","32","Lincolnshire","32UB","Boston","E02005419","Boston 003",,,3076,1311,1677,12,61,15
"E","East Midlands","32","Lincolnshire","32UB","Boston","E02005420","Boston 004",,,3384,1068,2231,15,58,12
"E","East Midlands","32","Lincolnshire","32UB","Boston","E02005421","Boston 005",,,5400,1211,4056,15,110,8
"E","East Midlands","32","Lincolnshire","32UB","Boston","E02005422","Boston 006",,,2187,490,1636,6,49,6
"E","East Midlands","32","Lincolnshire","32UB","Boston","E02005423","Boston 007",,,3347,878,2383,17,61,8
"E","East Midlands","32","Lincolnshire","32UC","East Lindsey","E02005424","East Lindsey 001",,,4188,925,3176,10,73,4
"E","East Midlands","32","Lincolnshire","32UC","East Lindsey","E02005425","East Lindsey 002",,,2522,558,1888,20,51,5
"E","East Midlands","32","Lincolnshire","32UC","East Lindsey","E02005426","East Lindsey 003",,,3859,998,2761,18,74,8
"E","East Midlands","32","Lincolnshire","32UC","East Lindsey","E02005427","East Lindsey 004",,,3012,1161,1788,10,49,4
"E","East Midlands","32","Lincolnshire","32UC","East Lindsey","E02005428","East Lindsey 005",,,3466,963,2404,11,76,12
"E","East Midlands","32","Lincolnshire","32UC","East Lindsey","E02005429","East Lindsey 006",,,2712,808,1837,6,52,9
"E","East Midlands","32","Lincolnshire","32UC","East Lindsey","E02005430","East Lindsey 007",,,2699,608,2004,11,67,9
"E","East Midlands","32","Lincolnshire","32UC","East Lindsey","E02005431","East Lindsey 008",,,3442,849,2518,6,64,5
"E","East Midlands","32","Lincolnshire","32UC","East Lindsey","E02005432","East Lindsey 009",,,3141,741,2313,7,70,10
"E","East Midlands","32","Lincolnshire","32UC","East Lindsey","E02005433","East Lindsey 010",,,2954,823,2070,10,40,11
"E","East Midlands","32","Lincolnshire","32UC","East Lindsey","E02005434","East Lindsey 011",,,2890,940,1880,12,55,3
"E","East Midlands","32","Lincolnshire","32UC","East Lindsey","E02005435","East Lindsey 012",,,2821,770,1974,12,59,6
"E","East Midlands","32","Lincolnshire","32UC","East Lindsey","E02005436","East Lindsey 013",,,2989,836,2085,13,47,8
"E","East Midlands","32","Lincolnshire","32UC","East Lindsey","E02005437","East Lindsey 014",,,2753,1031,1658,15,36,13
"E","East Midlands","32","Lincolnshire","32UC","East Lindsey","E02005438","East Lindsey 015",,,2871,894,1898,12,57,10
"E","East Midlands","32","Lincolnshire","32UC","East Lindsey","E02005439","East Lindsey 016",,,3729,850,2755,11,101,12
"E","East Midlands","32","Lincolnshire","32UC","East Lindsey","E02005440","East Lindsey 017",,,2108,460,1600,3,37,8
"E","East Midlands","32","Lincolnshire","32UC","East Lindsey","E02005441","East Lindsey 018",,,3377,706,2584,7,70,10
"E","East Midlands","32","Lincolnshire","32UD","Lincoln","E02005442","Lincoln 001",,,2643,931,1648,20,40,4
"E","East Midlands","32","Lincolnshire","32UD","Lincoln","E02005443","Lincoln 002",,,2617,859,1686,13,54,5
"E","East Midlands","32","Lincolnshire","32UD","Lincoln","E02005444","Lincoln 003",,,4650,1650,2771,31,142,56
"E","East Midlands","32","Lincolnshire","32UD","Lincoln","E02005445","Lincoln 004",,,4044,1365,2475,47,94,63
"E","East Midlands","32","Lincolnshire","32UD","Lincoln","E02005446","Lincoln 005",,,2610,1118,1271,17,73,131
"E","East Midlands","32","Lincolnshire","32UD","Lincoln","E02005447","Lincoln 006",,,3142,1305,1690,16,71,60
"E","East Midlands","32","Lincolnshire","32UD","Lincoln","E02005448","Lincoln 007",,,2633,734,1817,24,53,5
"E","East Midlands","32","Lincolnshire","32UD","Lincoln","E02005449","Lincoln 008",,,2707,804,1788,28,68,19
"E","East Midlands","32","Lincolnshire","32UD","Lincoln","E02005450","Lincoln 009",,,3738,879,2702,17,127,13
"E","East Midlands","32","Lincolnshire","32UD","Lincoln","E02005451","Lincoln 010",,,3231,1161,1969,21,70,10
"E","East Midlands","32","Lincolnshire","32UD","Lincoln","E02005452","Lincoln 011",,,4628,1131,3339,30,117,11
"E","East Midlands","32","Lincolnshire","32UE","North Kesteven","E02005453","North Kesteven 001",,,4178,946,3088,17,123,4
"E","East Midlands","32","Lincolnshire","32UE","North Kesteven","E02005454","North Kesteven 002",,,4915,1260,3521,21,108,5
"E","East Midlands","32","Lincolnshire","32UE","North Kesteven","E02005455","North Kesteven 003",,,3810,865,2825,17,98,5
"E","East Midlands","32","Lincolnshire","32UE","North Kesteven","E02005456","North Kesteven 004",,,3609,961,2518,24,99,7
"E","East Midlands","32","Lincolnshire","32UE","North Kesteven","E02005457","North Kesteven 005",,,3192,820,2299,9,59,5
"E","East Midlands","32","Lincolnshire","32UE","North Kesteven","E02005458","North Kesteven 006",,,2305,533,1700,4,58,10
"E","East Midlands","32","Lincolnshire","32UE","North Kesteven","E02005459","North Kesteven 007",,,2972,829,2084,13,42,4
"E","East Midlands","32","Lincolnshire","32UE","North Kesteven","E02005460","North Kesteven 008",,,2191,403,1704,7,68,9
"E","East Midlands","32","Lincolnshire","32UE","North Kesteven","E02005461","North Kesteven 009",,,2506,655,1772,5,66,8
"E","East Midlands","32","Lincolnshire","32UE","North Kesteven","E02005462","North Kesteven 010",,,3523,1182,2236,26,70,9
"E","East Midlands","32","Lincolnshire","32UE","North Kesteven","E02005463","North Kesteven 011",,,2644,545,2003,8,80,8
"E","East Midlands","32","Lincolnshire","32UE","North Kesteven","E02005464","North Kesteven 012",,,3025,662,2268,10,76,9
"E","East Midlands","32","Lincolnshire","32UF","South Holland","E02005465","South Holland 001",,,3263,723,2432,8,90,10
"E","East Midlands","32","Lincolnshire","32UF","South Holland","E02005466","South Holland 002",,,2473,490,1921,10,49,3
"E","East Midlands","32","Lincolnshire","32UF","South Holland","E02005467","South Holland 003",,,2972,890,1992,14,66,10
"E","East Midlands","32","Lincolnshire","32UF","South Holland","E02005468","South Holland 004",,,2823,619,2103,13,78,10
"E","East Midlands","32","Lincolnshire","32UF","South Holland","E02005469","South Holland 005",,,2726,631,2018,13,56,8
"E","East Midlands","32","Lincolnshire","32UF","South Holland","E02005470","South Holland 006",,,3659,1116,2391,16,114,22
"E","East Midlands","32","Lincolnshire","32UF","South Holland","E02005471","South Holland 007",,,3418,1089,2211,27,76,15
"E","East Midlands","32","Lincolnshire","32UF","South Holland","E02005472","South Holland 008",,,3804,1033,2675,10,76,10
"E","East Midlands","32","Lincolnshire","32UF","South Holland","E02005473","South Holland 009",,,3020,764,2156,13,75,12
"E","East Midlands","32","Lincolnshire","32UF","South Holland","E02005474","South Holland 010",,,2456,537,1841,18,54,6
"E","East Midlands","32","Lincolnshire","32UF","South Holland","E02005475","South Holland 011",,,2139,502,1574,6,53,4
"E","East Midlands","32","Lincolnshire","32UG","South Kesteven","E02005476","South Kesteven 001",,,2666,610,1971,11,67,7
"E","East Midlands","32","Lincolnshire","32UG","South Kesteven","E02005477","South Kesteven 002",,,3444,749,2572,15,95,13
"E","East Midlands","32","Lincolnshire","32UG","South Kesteven","E02005478","South Kesteven 003",,,4349,1330,2872,31,99,17
"E","East Midlands","32","Lincolnshire","32UG","South Kesteven","E02005479","South Kesteven 004",,,3202,901,2187,17,90,7
"E","East Midlands","32","Lincolnshire","32UG","South Kesteven","E02005480","South Kesteven 005",,,2672,613,1957,34,53,15
"E","East Midlands","32","Lincolnshire","32UG","South Kesteven","E02005481","South Kesteven 006",,,3947,1313,2498,21,88,27
"E","East Midlands","32","Lincolnshire","32UG","South Kesteven","E02005482","South Kesteven 007",,,3558,784,2664,14,90,6
"E","East Midlands","32","Lincolnshire","32UG","South Kesteven","E02005483","South Kesteven 008",,,2827,613,2109,14,82,9
"E","East Midlands","32","Lincolnshire","32UG","South Kesteven","E02005484","South Kesteven 009",,,2740,714,1932,10,78,6
"E","East Midlands","32","Lincolnshire","32UG","South Kesteven","E02005485","South Kesteven 010",,,2353,565,1718,13,48,9
"E","East Midlands","32","Lincolnshire","32UG","South Kesteven","E02005486","South Kesteven 011",,,2612,705,1824,13,65,5
"E","East Midlands","32","Lincolnshire","32UG","South Kesteven","E02005487","South Kesteven 012",,,3401,646,2620,15,112,8
"E","East Midlands","32","Lincolnshire","32UG","South Kesteven","E02005488","South Kesteven 013",,,2541,582,1878,9,68,4
"E","East Midlands","32","Lincolnshire","32UG","South Kesteven","E02005489","South Kesteven 014",,,2768,591,2084,19,65,9
"E","East Midlands","32","Lincolnshire","32UG","South Kesteven","E02005490","South Kesteven 015",,,3689,1081,2488,23,83,14
"E","East Midlands","32","Lincolnshire","32UG","South Kesteven","E02005491","South Kesteven 016",,,4725,1529,2990,30,148,28
"E","East Midlands","32","Lincolnshire","32UH","West Lindsey","E02005492","West Lindsey 001",,,3732,858,2777,14,79,4
"E","East Midlands","32","Lincolnshire","32UH","West Lindsey","E02005493","West Lindsey 002",,,3166,748,2339,14,57,8
"E","East Midlands","32","Lincolnshire","32UH","West Lindsey","E02005494","West Lindsey 003",,,3373,939,2352,10,67,5
"E","East Midlands","32","Lincolnshire","32UH","West Lindsey","E02005495","West Lindsey 004",,,4099,1404,2596,21,67,11
"E","East Midlands","32","Lincolnshire","32UH","West Lindsey","E02005496","West Lindsey 005",,,2307,514,1719,9,61,4
"E","East Midlands","32","Lincolnshire","32UH","West Lindsey","E02005497","West Lindsey 006",,,2458,680,1702,23,46,7
"E","East Midlands","32","Lincolnshire","32UH","West Lindsey","E02005498","West Lindsey 007",,,2759,666,2028,10,49,6
"E","East Midlands","32","Lincolnshire","32UH","West Lindsey","E02005499","West Lindsey 008",,,2849,619,2154,8,65,3
"E","East Midlands","32","Lincolnshire","32UH","West Lindsey","E02005500","West Lindsey 009",,,2163,452,1633,8,64,6
"E","East Midlands","32","Lincolnshire","32UH","West Lindsey","E02005501","West Lindsey 010",,,2840,656,2083,14,82,5
"E","East Midlands","32","Lincolnshire","32UH","West Lindsey","E02005502","West Lindsey 011",,,3126,753,2300,7,63,3
"E","East Midlands","34","Northamptonshire","34UB","Corby","E02005612","Corby 001",,,2394,617,1673,24,75,5
"E","East Midlands","34","Northamptonshire","34UB","Corby","E02005613","Corby 002",,,3724,1189,2376,25,115,19
"E","East Midlands","34","Northamptonshire","34UB","Corby","E02005614","Corby 003",,,2563,781,1640,34,94,14
"E","East Midlands","34","Northamptonshire","34UB","Corby","E02005615","Corby 004",,,3729,1013,2495,42,149,30
"E","East Midlands","34","Northamptonshire","34UB","Corby","E02005616","Corby 005",,,2256,660,1475,25,80,16
"E","East Midlands","34","Northamptonshire","34UB","Corby","E02005617","Corby 006",,,4048,1211,2600,77,126,34
"E","East Midlands","34","Northamptonshire","34UB","Corby","E02005618","Corby 007",,,3299,728,2385,36,127,23
"E","East Midlands","34","Northamptonshire","34UC","Daventry","E02005619","Daventry 001",,,2169,477,1597,14,74,7
"E","East Midlands","34","Northamptonshire","34UC","Daventry","E02005620","Daventry 002",,,2951,605,2217,12,110,7
"E","East Midlands","34","Northamptonshire","34UC","Daventry","E02005621","Daventry 003",,,2691,599,1969,19,97,7
"E","East Midlands","34","Northamptonshire","34UC","Daventry","E02005622","Daventry 004",,,3306,705,2450,13,124,14
"E","East Midlands","34","Northamptonshire","34UC","Daventry","E02005623","Daventry 005",,,3016,715,2156,16,117,12
"E","East Midlands","34","Northamptonshire","34UC","Daventry","E02005624","Daventry 006",,,2819,564,2104,23,113,15
"E","East Midlands","34","Northamptonshire","34UC","Daventry","E02005625","Daventry 007",,,3253,958,2163,30,89,13
"E","East Midlands","34","Northamptonshire","34UC","Daventry","E02005626","Daventry 008",,,2765,721,1925,33,71,15
"E","East Midlands","34","Northamptonshire","34UC","Daventry","E02005627","Daventry 009",,,2727,714,1892,21,85,15
"E","East Midlands","34","Northamptonshire","34UC","Daventry","E02005628","Daventry 010",,,3050,730,2188,15,106,11
"E","East Midlands","34","Northamptonshire","34UD","East Northamptonshire","E02005629","East Northamptonshire 001",,,2200,545,1568,10,77,0
"E","East Midlands","34","Northamptonshire","34UD","East Northamptonshire","E02005630","East Northamptonshire 002",,,3489,902,2409,18,143,17
"E","East Midlands","34","Northamptonshire","34UD","East Northamptonshire","E02005631","East Northamptonshire 003",,,3466,838,2481,17,115,15
"E","East Midlands","34","Northamptonshire","34UD","East Northamptonshire","E02005632","East Northamptonshire 004",,,2273,464,1725,7,70,7
"E","East Midlands","34","Northamptonshire","34UD","East Northamptonshire","E02005633","East Northamptonshire 005",,,3314,782,2390,24,105,13
"E","East Midlands","34","Northamptonshire","34UD","East Northamptonshire","E02005634","East Northamptonshire 006",,,2919,781,2012,26,88,12
"E","East Midlands","34","Northamptonshire","34UD","East Northamptonshire","E02005635","East Northamptonshire 007",,,2738,667,1930,26,109,6
"E","East Midlands","34","Northamptonshire","34UD","East Northamptonshire","E02005636","East Northamptonshire 008",,,3980,1015,2805,37,110,13
"E","East Midlands","34","Northamptonshire","34UD","East Northamptonshire","E02005637","East Northamptonshire 009",,,3568,1398,2025,32,99,14
"E","East Midlands","34","Northamptonshire","34UD","East Northamptonshire","E02005638","East Northamptonshire 010",,,3296,662,2481,13,125,15
"E","East Midlands","34","Northamptonshire","34UE","Kettering","E02005639","Kettering 001",,,2101,473,1529,15,77,7
"E","East Midlands","34","Northamptonshire","34UE","Kettering","E02005640","Kettering 002",,,3292,809,2364,13,91,15
"E","East Midlands","34","Northamptonshire","34UE","Kettering","E02005641","Kettering 003",,,2962,786,2051,19,99,7
"E","East Midlands","34","Northamptonshire","34UE","Kettering","E02005642","Kettering 004",,,2962,667,2139,37,104,15
"E","East Midlands","34","Northamptonshire","34UE","Kettering","E02005643","Kettering 005",,,3260,1013,2081,42,104,20
"E","East Midlands","34","Northamptonshire","34UE","Kettering","E02005644","Kettering 006",,,3125,1138,1765,57,113,52
"E","East Midlands","34","Northamptonshire","34UE","Kettering","E02005645","Kettering 007",,,4240,1692,2316,34,158,40
"E","East Midlands","34","Northamptonshire","34UE","Kettering","E02005646","Kettering 008",,,2632,556,1941,17,108,10
"E","East Midlands","34","Northamptonshire","34UE","Kettering","E02005647","Kettering 009",,,2802,865,1790,34,98,15
"E","East Midlands","34","Northamptonshire","34UE","Kettering","E02005648","Kettering 010",,,2766,556,2089,13,104,4
"E","East Midlands","34","Northamptonshire","34UE","Kettering","E02005649","Kettering 011",,,4300,1066,3066,24,136,8
"E","East Midlands","34","Northamptonshire","34UF","Northampton","E02005650","Northampton 001",,,2375,544,1678,32,92,29
"E","East Midlands","34","Northamptonshire","34UF","Northampton","E02005651","Northampton 002",,,2623,691,1796,23,104,9
"E","East Midlands","34","Northamptonshire","34UF","Northampton","E02005652","Northampton 003",,,2586,676,1777,30,87,16
"E","East Midlands","34","Northamptonshire","34UF","Northampton","E02005653","Northampton 004",,,3098,850,1964,114,143,27
"E","East Midlands","34","Northamptonshire","34UF","Northampton","E02005654","Northampton 005",,,3087,811,2001,91,163,21
"E","East Midlands","34","Northamptonshire","34UF","Northampton","E02005655","Northampton 006",,,2468,657,1645,43,114,9
"E","East Midlands","34","Northamptonshire","34UF","Northampton","E02005656","Northampton 007",,,2284,580,1500,90,90,24
"E","East Midlands","34","Northamptonshire","34UF","Northampton","E02005657","Northampton 008",,,2580,764,1665,26,102,23
"E","East Midlands","34","Northamptonshire","34UF","Northampton","E02005658","Northampton 009",,,2510,775,1497,62,114,62
"E","East Midlands","34","Northamptonshire","34UF","Northampton","E02005659","Northampton 010",,,2278,748,1382,34,98,16
"E","East Midlands","34","Northamptonshire","34UF","Northampton","E02005660","Northampton 011",,,2300,598,1504,66,110,22
"E","East Midlands","34","Northamptonshire","34UF","Northampton","E02005661","Northampton 012",,,2467,696,1525,86,124,36
"E","East Midlands","34","Northamptonshire","34UF","Northampton","E02005662","Northampton 013",,,2642,735,1660,59,129,59
"E","East Midlands","34","Northamptonshire","34UF","Northampton","E02005663","Northampton 014",,,2334,579,1633,15,100,7
"E","East Midlands","34","Northamptonshire","34UF","Northampton","E02005664","Northampton 015",,,2398,947,1223,51,116,61
"E","East Midlands","34","Northamptonshire","34UF","Northampton","E02005665","Northampton 016",,,2995,732,2036,51,158,18
"E","East Midlands","34","Northamptonshire","34UF","Northampton","E02005666","Northampton 017",,,3061,1022,1778,84,140,37
"E","East Midlands","34","Northamptonshire","34UF","Northampton","E02005667","Northampton 018",,,2647,850,1634,41,107,15
"E","East Midlands","34","Northamptonshire","34UF","Northampton","E02005668","Northampton 019",,,2423,593,1711,20,87,12
"E","East Midlands","34","Northamptonshire","34UF","Northampton","E02005669","Northampton 020",,,2272,436,1669,25,131,11
"E","East Midlands","34","Northamptonshire","34UF","Northampton","E02005670","Northampton 021",,,3248,1688,1312,49,132,67
"E","East Midlands","34","Northamptonshire","34UF","Northampton","E02005671","Northampton 022",,,2997,1084,1608,61,145,99
"E","East Midlands","34","Northamptonshire","34UF","Northampton","E02005672","Northampton 023",,,2685,1137,1261,55,121,111
"E","East Midlands","34","Northamptonshire","34UF","Northampton","E02005673","Northampton 024",,,2719,1048,1475,47,116,33
"E","East Midlands","34","Northamptonshire","34UF","Northampton","E02005674","Northampton 025",,,2569,1135,1213,54,115,52
"E","East Midlands","34","Northamptonshire","34UF","Northampton","E02005675","Northampton 026",,,2310,640,1470,63,120,17
"E","East Midlands","34","Northamptonshire","34UF","Northampton","E02005676","Northampton 027",,,2252,657,1421,59,95,20
"E","East Midlands","34","Northamptonshire","34UF","Northampton","E02005677","Northampton 028",,,2561,742,1661,34,102,22
"E","East Midlands","34","Northamptonshire","34UF","Northampton","E02005678","Northampton 029",,,2286,448,1679,20,120,19
"E","East Midlands","34","Northamptonshire","34UF","Northampton","E02005679","Northampton 030",,,3616,889,2491,42,176,18
"E","East Midlands","34","Northamptonshire","34UF","Northampton","E02005680","Northampton 031",,,2151,330,1670,19,117,15
"E","East Midlands","34","Northamptonshire","34UG","South Northamptonshire","E02005681","South Northamptonshire 001",,,3209,693,2392,20,95,9
"E","East Midlands","34","Northamptonshire","34UG","South Northamptonshire","E02005682","South Northamptonshire 002",,,2650,615,1914,15,95,11
"E","East Midlands","34","Northamptonshire","34UG","South Northamptonshire","E02005683","South Northamptonshire 003",,,3623,823,2620,17,148,15
"E","East Midlands","34","Northamptonshire","34UG","South Northamptonshire","E02005684","South Northamptonshire 004",,,3204,678,2363,23,128,12
"E","East Midlands","34","Northamptonshire","34UG","South Northamptonshire","E02005685","South Northamptonshire 005",,,3078,850,2086,28,104,10
"E","East Midlands","34","Northamptonshire","34UG","South Northamptonshire","E02005686","South Northamptonshire 006",,,3045,697,2196,12,124,16
"E","East Midlands","34","Northamptonshire","34UG","South Northamptonshire","E02005687","South Northamptonshire 007",,,2249,538,1599,16,84,12
"E","East Midlands","34","Northamptonshire","34UG","South Northamptonshire","E02005688","South Northamptonshire 008",,,2868,627,2098,16,114,13
"E","East Midlands","34","Northamptonshire","34UG","South Northamptonshire","E02005689","South Northamptonshire 009",,,2930,520,2235,21,143,11
"E","East Midlands","34","Northamptonshire","34UG","South Northamptonshire","E02005690","South Northamptonshire 010",,,2283,716,1432,18,103,14
"E","East Midlands","34","Northamptonshire","34UG","South Northamptonshire","E02005691","South Northamptonshire 011",,,2577,672,1735,17,138,15
"E","East Midlands","34","Northamptonshire","34UH","Wellingborough","E02005692","Wellingborough 001",,,2764,828,1833,16,80,7
"E","East Midlands","34","Northamptonshire","34UH","Wellingborough","E02005693","Wellingborough 002",,,2712,665,1803,92,128,24
"E","East Midlands","34","Northamptonshire","34UH","Wellingborough","E02005694","Wellingborough 003",,,3096,600,2258,44,170,24
"E","East Midlands","34","Northamptonshire","34UH","Wellingborough","E02005695","Wellingborough 004",,,2786,1016,1527,69,130,44
"E","East Midlands","34","Northamptonshire","34UH","Wellingborough","E02005696","Wellingborough 005",,,2551,708,1645,83,98,17
"E","East Midlands","34","Northamptonshire","34UH","Wellingborough","E02005697","Wellingborough 006",,,2811,1224,1409,49,106,23
"E","East Midlands","34","Northamptonshire","34UH","Wellingborough","E02005698","Wellingborough 007",,,2376,609,1556,78,118,15
"E","East Midlands","34","Northamptonshire","34UH","Wellingborough","E02005699","Wellingborough 008",,,2917,731,1973,65,128,20
"E","East Midlands","34","Northamptonshire","34UH","Wellingborough","E02005700","Wellingborough 009",,,3716,958,2598,23,129,8
"E","East Midlands","34","Northamptonshire","34UH","Wellingborough","E02005701","Wellingborough 010",,,4353,1134,3038,28,141,12
"E","East Midlands","37","Nottinghamshire","37UB","Ashfield","E02005819","Ashfield 001",,,2575,667,1864,14,27,3
"E","East Midlands","37","Nottinghamshire","37UB","Ashfield","E02005820","Ashfield 002",,,2483,559,1884,11,26,3
"E","East Midlands","37","Nottinghamshire","37UB","Ashfield","E02005821","Ashfield 003",,,2522,797,1678,13,27,7
"E","East Midlands","37","Nottinghamshire","37UB","Ashfield","E02005822","Ashfield 004",,,3444,1024,2356,13,41,10
"E","East Midlands","37","Nottinghamshire","37UB","Ashfield","E02005823","Ashfield 005",,,3058,1104,1905,16,26,7
"E","East Midlands","37","Nottinghamshire","37UB","Ashfield","E02005824","Ashfield 006",,,3544,835,2660,6,40,3
"E","East Midlands","37","Nottinghamshire","37UB","Ashfield","E02005825","Ashfield 007",,,3060,724,2281,10,42,3
"E","East Midlands","37","Nottinghamshire","37UB","Ashfield","E02005826","Ashfield 008",,,2473,743,1684,10,30,6
"E","East Midlands","37","Nottinghamshire","37UB","Ashfield","E02005827","Ashfield 009",,,3047,739,2249,9,46,4
"E","East Midlands","37","Nottinghamshire","37UB","Ashfield","E02005828","Ashfield 010",,,2820,681,2086,12,35,6
"E","East Midlands","37","Nottinghamshire","37UB","Ashfield","E02005829","Ashfield 011",,,2568,628,1888,11,37,4
"E","East Midlands","37","Nottinghamshire","37UB","Ashfield","E02005830","Ashfield 012",,,2580,626,1900,13,38,3
"E","East Midlands","37","Nottinghamshire","37UB","Ashfield","E02005831","Ashfield 013",,,3074,812,2189,19,51,3
"E","East Midlands","37","Nottinghamshire","37UB","Ashfield","E02005832","Ashfield 014",,,3473,1241,2156,23,48,5
"E","East Midlands","37","Nottinghamshire","37UB","Ashfield","E02005833","Ashfield 015",,,2923,602,2253,15,50,3
"E","East Midlands","37","Nottinghamshire","37UB","Ashfield","E02005834","Ashfield 016",,,2957,777,2108,27,37,8
"E","East Midlands","37","Nottinghamshire","37UC","Bassetlaw","E02005835","Bassetlaw 001",,,3994,1057,2869,15,48,5
"E","East Midlands","37","Nottinghamshire","37UC","Bassetlaw","E02005836","Bassetlaw 002",,,3565,802,2677,10,64,12
"E","East Midlands","37","Nottinghamshire","37UC","Bassetlaw","E02005837","Bassetlaw 003",,,2593,582,1928,7,66,10
"E","East Midlands","37","Nottinghamshire","37UC","Bassetlaw","E02005838","Bassetlaw 004",,,3516,916,2524,19,51,6
"E","East Midlands","37","Nottinghamshire","37UC","Bassetlaw","E02005839","Bassetlaw 005",,,2631,867,1691,12,54,7
"E","East Midlands","37","Nottinghamshire","37UC","Bassetlaw","E02005840","Bassetlaw 006",,,3000,629,2304,15,52,0
"E","East Midlands","37","Nottinghamshire","37UC","Bassetlaw","E02005841","Bassetlaw 007",,,2818,803,1955,9,45,6
"E","East Midlands","37","Nottinghamshire","37UC","Bassetlaw","E02005842","Bassetlaw 008",,,3454,985,2368,13,78,10
"E","East Midlands","37","Nottinghamshire","37UC","Bassetlaw","E02005843","Bassetlaw 009",,,2371,643,1667,17,41,3
"E","East Midlands","37","Nottinghamshire","37UC","Bassetlaw","E02005844","Bassetlaw 010",,,3149,942,2127,16,60,4
"E","East Midlands","37","Nottinghamshire","37UC","Bassetlaw","E02005845","Bassetlaw 011",,,2196,679,1462,12,40,3
"E","East Midlands","37","Nottinghamshire","37UC","Bassetlaw","E02005846","Bassetlaw 012",,,2617,952,1609,19,29,8
"E","East Midlands","37","Nottinghamshire","37UC","Bassetlaw","E02005847","Bassetlaw 013",,,2670,755,1835,10,59,11
"E","East Midlands","37","Nottinghamshire","37UC","Bassetlaw","E02005848","Bassetlaw 014",,,2691,603,2024,8,49,7
"E","East Midlands","37","Nottinghamshire","37UC","Bassetlaw","E02005849","Bassetlaw 015",,,3424,830,2502,10,76,6
"E","East Midlands","37","Nottinghamshire","37UD","Broxtowe","E02005850","Broxtowe 001",,,2924,669,2195,16,40,4
"E","East Midlands","37","Nottinghamshire","37UD","Broxtowe","E02005851","Broxtowe 002",,,2554,795,1679,25,49,6
"E","East Midlands","37","Nottinghamshire","37UD","Broxtowe","E02005852","Broxtowe 003",,,3285,749,2459,15,56,6
"E","East Midlands","37","Nottinghamshire","37UD","Broxtowe","E02005853","Broxtowe 004",,,3608,955,2557,14,67,15
"E","East Midlands","37","Nottinghamshire","37UD","Broxtowe","E02005854","Broxtowe 005",,,2070,541,1472,11,39,7
"E","East Midlands","37","Nottinghamshire","37UD","Broxtowe","E02005855","Broxtowe 006",,,2821,543,2141,25,98,14
"E","East Midlands","37","Nottinghamshire","37UD","Broxtowe","E02005856","Broxtowe 007",,,3060,727,2155,31,125,22
"E","East Midlands","37","Nottinghamshire","37UD","Broxtowe","E02005857","Broxtowe 008",,,2659,756,1831,15,50,7
"E","East Midlands","37","Nottinghamshire","37UD","Broxtowe","E02005858","Broxtowe 009",,,3179,963,1918,44,119,135
"E","East Midlands","37","Nottinghamshire","37UD","Broxtowe","E02005859","Broxtowe 010",,,3859,1185,2529,29,105,11
"E","East Midlands","37","Nottinghamshire","37UD","Broxtowe","E02005860","Broxtowe 011",,,3688,1456,1897,29,124,182
"E","East Midlands","37","Nottinghamshire","37UD","Broxtowe","E02005861","Broxtowe 012",,,2391,806,1456,26,65,38
"E","East Midlands","37","Nottinghamshire","37UD","Broxtowe","E02005862","Broxtowe 013",,,3381,909,2325,44,80,23
"E","East Midlands","37","Nottinghamshire","37UD","Broxtowe","E02005863","Broxtowe 014",,,3053,851,2078,22,85,17
"E","East Midlands","37","Nottinghamshire","37UD","Broxtowe","E02005864","Broxtowe 015",,,2913,645,2150,18,88,12
"E","East Midlands","37","Nottinghamshire","37UE","Gedling","E02005865","Gedling 001",,,3211,719,2371,18,97,6
"E","East Midlands","37","Nottinghamshire","37UE","Gedling","E02005866","Gedling 002",,,3617,930,2586,17,78,6
"E","East Midlands","37","Nottinghamshire","37UE","Gedling","E02005867","Gedling 003",,,2333,606,1601,37,80,9
"E","East Midlands","37","Nottinghamshire","37UE","Gedling","E02005868","Gedling 004",,,2820,736,1973,30,77,4
"E","East Midlands","37","Nottinghamshire","37UE","Gedling","E02005869","Gedling 005",,,2460,781,1577,40,54,8
"E","East Midlands","37","Nottinghamshire","37UE","Gedling","E02005870","Gedling 006",,,2855,892,1856,30,62,15
"E","East Midlands","37","Nottinghamshire","37UE","Gedling","E02005871","Gedling 007",,,2899,721,2058,27,83,10
"E","East Midlands","37","Nottinghamshire","37UE","Gedling","E02005872","Gedling 008",,,2432,713,1625,15,72,7
"E","East Midlands","37","Nottinghamshire","37UE","Gedling","E02005873","Gedling 009",,,4122,1022,2844,38,195,23
"E","East Midlands","37","Nottinghamshire","37UE","Gedling","E02005874","Gedling 010",,,3580,1062,2278,42,172,26
"E","East Midlands","37","Nottinghamshire","37UE","Gedling","E02005875","Gedling 011",,,2948,686,2107,42,102,11
"E","East Midlands","37","Nottinghamshire","37UE","Gedling","E02005876","Gedling 012",,,3643,933,2545,36,103,26
"E","East Midlands","37","Nottinghamshire","37UE","Gedling","E02005877","Gedling 013",,,3017,859,1964,60,115,19
"E","East Midlands","37","Nottinghamshire","37UE","Gedling","E02005878","Gedling 014",,,4351,1535,2572,70,139,35
"E","East Midlands","37","Nottinghamshire","37UE","Gedling","E02005879","Gedling 015",,,3268,1094,1997,49,110,18
"E","East Midlands","37","Nottinghamshire","37UF","Mansfield","E02005880","Mansfield 001",,,2442,578,1816,17,27,4
"E","East Midlands","37","Nottinghamshire","37UF","Mansfield","E02005881","Mansfield 002",,,2567,739,1785,14,26,3
"E","East Midlands","37","Nottinghamshire","37UF","Mansfield","E02005882","Mansfield 003",,,3128,667,2380,17,55,9
"E","East Midlands","37","Nottinghamshire","37UF","Mansfield","E02005883","Mansfield 004",,,2912,883,1970,19,37,3
"E","East Midlands","37","Nottinghamshire","37UF","Mansfield","E02005884","Mansfield 005",,,2586,670,1846,14,48,8
"E","East Midlands","37","Nottinghamshire","37UF","Mansfield","E02005885","Mansfield 006",,,3479,1011,2364,26,73,5
"E","East Midlands","37","Nottinghamshire","37UF","Mansfield","E02005886","Mansfield 007",,,3831,824,2915,26,57,9
"E","East Midlands","37","Nottinghamshire","37UF","Mansfield","E02005887","Mansfield 008",,,3846,1461,2240,60,66,19
"E","East Midlands","37","Nottinghamshire","37UF","Mansfield","E02005888","Mansfield 009",,,3414,1387,1934,25,65,3
"E","East Midlands","37","Nottinghamshire","37UF","Mansfield","E02005889","Mansfield 010",,,4307,1139,3036,32,85,15
"E","East Midlands","37","Nottinghamshire","37UF","Mansfield","E02005890","Mansfield 011",,,2709,572,2060,17,52,8
"E","East Midlands","37","Nottinghamshire","37UF","Mansfield","E02005891","Mansfield 012",,,2607,937,1593,28,34,15
"E","East Midlands","37","Nottinghamshire","37UF","Mansfield","E02005892","Mansfield 013",,,3774,911,2724,19,106,14
"E","East Midlands","37","Nottinghamshire","37UG","Newark and Sherwood","E02005893","Newark and Sherwood 001",,,4122,1081,2937,21,74,9
"E","East Midlands","37","Nottinghamshire","37UG","Newark and Sherwood","E02005894","Newark and Sherwood 002",,,3493,858,2565,10,55,5
"E","East Midlands","37","Nottinghamshire","37UG","Newark and Sherwood","E02005895","Newark and Sherwood 003",,,3173,701,2392,10,63,7
"E","East Midlands","37","Nottinghamshire","37UG","Newark and Sherwood","E02005896","Newark and Sherwood 004",,,2807,705,2028,13,57,4
"E","East Midlands","37","Nottinghamshire","37UG","Newark and Sherwood","E02005897","Newark and Sherwood 005",,,3381,805,2478,21,73,4
"E","East Midlands","37","Nottinghamshire","37UG","Newark and Sherwood","E02005898","Newark and Sherwood 006",,,4476,1159,3226,27,55,9
"E","East Midlands","37","Nottinghamshire","37UG","Newark and Sherwood","E02005899","Newark and Sherwood 007",,,4508,1671,2646,47,114,30
"E","East Midlands","37","Nottinghamshire","37UG","Newark and Sherwood","E02005900","Newark and Sherwood 008",,,2799,812,1906,12,62,7
"E","East Midlands","37","Nottinghamshire","37UG","Newark and Sherwood","E02005901","Newark and Sherwood 009",,,3282,950,2212,31,81,8
"E","East Midlands","37","Nottinghamshire","37UG","Newark and Sherwood","E02005902","Newark and Sherwood 010",,,3357,1023,2165,34,113,22
"E","East Midlands","37","Nottinghamshire","37UG","Newark and Sherwood","E02005903","Newark and Sherwood 011",,,4232,1109,2982,29,101,11
"E","East Midlands","37","Nottinghamshire","37UG","Newark and Sherwood","E02005904","Newark and Sherwood 012",,,2552,581,1897,17,52,5
"E","East Midlands","37","Nottinghamshire","37UG","Newark and Sherwood","E02005905","Newark and Sherwood 013",,,2283,478,1722,6,67,10
"E","East Midlands","37","Nottinghamshire","37UJ","Rushcliffe","E02005906","Rushcliffe 001",,,2486,585,1811,8,76,6
"E","East Midlands","37","Nottinghamshire","37UJ","Rushcliffe","E02005907","Rushcliffe 002",,,3682,968,2571,35,105,3
"E","East Midlands","37","Nottinghamshire","37UJ","Rushcliffe","E02005908","Rushcliffe 003",,,3596,988,2443,31,119,15
"E","East Midlands","37","Nottinghamshire","37UJ","Rushcliffe","E02005909","Rushcliffe 004",,,3170,873,2025,43,164,65
"E","East Midlands","37","Nottinghamshire","37UJ","Rushcliffe","E02005910","Rushcliffe 005",,,3830,1632,1886,35,151,126
"E","East Midlands","37","Nottinghamshire","37UJ","Rushcliffe","E02005911","Rushcliffe 006",,,3158,823,2105,43,160,27
"E","East Midlands","37","Nottinghamshire","37UJ","Rushcliffe","E02005912","Rushcliffe 007",,,3498,1009,2261,54,151,23
"E","East Midlands","37","Nottinghamshire","37UJ","Rushcliffe","E02005913","Rushcliffe 008",,,2717,804,1741,29,122,21
"E","East Midlands","37","Nottinghamshire","37UJ","Rushcliffe","E02005914","Rushcliffe 009",,,2857,645,2096,28,72,16
"E","East Midlands","37","Nottinghamshire","37UJ","Rushcliffe","E02005915","Rushcliffe 010",,,2266,541,1658,4,60,3
"E","East Midlands","37","Nottinghamshire","37UJ","Rushcliffe","E02005916","Rushcliffe 011",,,2819,861,1857,20,68,13
"E","East Midlands","37","Nottinghamshire","37UJ","Rushcliffe","E02005917","Rushcliffe 012",,,2270,457,1727,11,71,4
"E","East Midlands","37","Nottinghamshire","37UJ","Rushcliffe","E02005918","Rushcliffe 013",,,2233,593,1551,15,66,8
"E","East Midlands","37","Nottinghamshire","37UJ","Rushcliffe","E02005919","Rushcliffe 014",,,2266,538,1639,8,65,16
"E","East Midlands","37","Nottinghamshire","37UJ","Rushcliffe","E02005920","Rushcliffe 015",,,2822,606,2105,15,90,6