DATASET_TITLE,Method of Travel to Work - Resident Population (UV39),,,,,,FROM,Apr-2001,Apr-2001,Apr-2001,Apr-2001,Apr-2001,Apr-2001,Apr-2001,Apr-2001,Apr-2001,Apr-2001,Apr-2001,Apr-2001,Apr-2001
AREA_TYPE,Local Authority,,,,,,TO,Apr-2001,Apr-2001,Apr-2001,Apr-2001,Apr-2001,Apr-2001,Apr-2001,Apr-2001,Apr-2001,Apr-2001,Apr-2001,Apr-2001,Apr-2001
GEO_HIERARCHY,NeSS Geography Hierarchy,,,,,,HEADING,All People,Works mainly at or from home,"Underground, metro, light rail or tram",Train,"Bus, minibus or coach",Taxi or minicab,Driving a car or van,Passenger in a car or van,"Motorcycle, scooter or moped",Bicycle,On foot,Other,Not currently working
,,,,,,,MEASUREMENT_UNIT,Count,Count,Count,Count,Count,Count,Count,Count,Count,Count,Count,Count,Count
,,,,,,,STATISTICAL_UNIT,Persons,Persons,Persons,Persons,Persons,Persons,Persons,Persons,Persons,Persons,Persons,Persons,Persons
GOR_CODE,GOR_NAME,CTY_CODE,CTY_NAME,LA_CODE,LA_NAME,AREA_METADATA,,DATA_VALUE,DATA_VALUE,DATA_VALUE,DATA_VALUE,DATA_VALUE,DATA_VALUE,DATA_VALUE,DATA_VALUE,DATA_VALUE,DATA_VALUE,DATA_VALUE,DATA_VALUE,DATA_VALUE
"J","South East",,,"00LC","Medway",,,179322,9084,194,9369,6519,413,70078,8515,1578,1620,11381,509,60062
"J","South East",,,"00MA","Bracknell Forest",,,79771,5431,53,2133,1565,236,39462,3344,603,1672,5240,271,19761
"J","South East",,,"00MB","West Berkshire",,,105553,8501,91,3032,3419,151,48136,4359,752,2071,6712,344,27985
"J","South East",,,"00MC","Reading",,,106963,5452,98,4737,8953,218,35187,3655,704,3028,11306,262,33363
"J","South East",,,"00MD","Slough",,,86242,4265,312,2715,2572,491,35611,3965,517,1714,6035,202,27843
"J","South East",,,"00ME","Windsor and Maidenhead",,,97555,7805,214,4320,1198,247,42284,2877,647,1908,6250,399,29406
"J","South East",,,"00MF","Wokingham",,,111090,8675,87,4273,3608,162,52962,3457,750,2153,4878,274,29811
"J","South East",,,"00MG","Milton Keynes",,,149729,9253,151,3909,5118,871,67986,8732,1010,3265,7405,375,41654
"J","South East",,,"00ML","Brighton and Hove",,,185131,10870,202,9854,14642,623,50733,5730,953,3168,20162,614,67580
"J","South East",,,"00MR","Portsmouth",,,135628,5872,76,2094,7471,1131,43922,5690,1104,6160,12894,605,48609
"J","South East",,,"00MS","Southampton",,,161625,6511,79,1991,11223,372,52002,6769,1495,4226,13063,479,63415
"J","South East",,,"00MW","Isle of Wight",,,93393,5796,86,633,2144,109,29508,3240,1065,1658,9081,1163,38910
"J","South East","11","Buckinghamshire","11UB","Aylesbury Vale",,,120470,9545,134,3260,2010,497,54767,4744,680,1781,8475,339,34238
"J","South East","11","Buckinghamshire","11UC","Chiltern",,,64093,5691,1991,2590,511,114,26461,1803,324,457,3004,177,20970
"J","South East","11","Buckinghamshire","11UE","South Bucks",,,44509,3960,389,1734,446,95,19601,1289,245,456,1768,152,14374
"J","South East","11","Buckinghamshire","11UF","Wycombe",,,117873,8931,420,3083,2853,164,52982,4171,806,1196,7068,280,35919
"J","South East","21","East Sussex","21UC","Eastbourne",,,61083,3146,39,1619,2177,261,20228,2422,341,1269,5016,195,24370
"J","South East","21","East Sussex","21UD","Hastings",,,59060,3075,36,1532,1925,339,19422,2959,420,534,5111,145,23562
"J","South East","21","East Sussex","21UF","Lewes",,,64121,4672,39,2511,2266,226,23357,2352,405,679,4461,169,22984
"J","South East","21","East Sussex","21UG","Rother",,,57670,4725,43,1961,610,93,19585,1863,337,477,3537,149,24290
"J","South East","21","East Sussex","21UH","Wealden",,,98089,8893,81,3560,1501,189,40569,3380,497,725,4810,309,33575
"J","South East","24","Hampshire","24UB","Basingstoke and Deane",,,111843,7768,68,3262,3079,290,52556,5407,730,1983,7172,313,29215
"J","South East","24","Hampshire","24UC","East Hampshire",,,78654,6472,55,2396,860,101,35345,2849,527,1132,5030,350,23537
"J","South East","24","Hampshire","24UD","Eastleigh",,,83628,5175,42,1523,2432,93,40537,3631,966,1686,4201,246,23096
"J","South East","24","Hampshire","24UE","Fareham",,,78202,4658,42,1577,1487,184,36058,3137,1002,2109,3642,462,23844
"J","South East","24","Hampshire","24UF","Gosport",,,54854,2530,35,467,2441,183,19595,2310,866,3977,4396,495,17559
"J","South East","24","Hampshire","24UG","Hart",,,61655,4871,58,2451,591,96,30312,1962,462,1208,3204,284,16156
"J","South East","24","Hampshire","24UH","Havant",,,83620,4293,24,1288,2802,384,33321,3976,712,1993,3972,246,30609
"J","South East","24","Hampshire","24UJ","New Forest",,,119056,8607,84,1378,1835,137,50454,4099,1110,3293,5384,673,42002
"J","South East","24","Hampshire","24UL","Rushmoor",,,66526,4219,33,2221,1292,187,30597,3051,691,2032,5378,222,16603
"J","South East","24","Hampshire","24UN","Test Valley",,,78987,5899,57,1293,1655,183,36692,3566,689,1667,5157,279,21850
"J","South East","24","Hampshire","24UP","Winchester",,,78174,6387,58,2178,1722,110,31335,2620,528,1012,6987,369,24868
"J","South East","29","Kent","29UB","Ashford",,,73012,5541,53,2620,1409,143,29466,3171,428,1330,4483,228,24140
"J","South East","29","Kent","29UC","Canterbury",,,96766,5696,90,2206,1984,268,32213,3650,579,1744,8283,322,39731
"J","South East","29","Kent","29UD","Dartford",,,62095,3044,95,5902,1944,299,23813,2551,799,477,3217,114,19840
"J","South East","29","Kent","29UE","Dover",,,73799,3864,40,1086,1618,449,26900,3395,595,1216,5586,291,28759
"J","South East","29","Kent","29UG","Gravesham",,,68612,3617,86,3453,3641,174,24877,3252,599,563,3520,178,24652
"J","South East","29","Kent","29UH","Maidstone",,,101484,7003,71,4260,2965,186,42182,3954,603,862,7096,289,32013
"J","South East","29","Kent","29UK","Sevenoaks",,,78405,5948,102,8473,1020,206,28837,2303,677,481,3783,199,26376
"J","South East","29","Kent","29UL","Shepway",,,67539,4192,48,1124,1578,230,24843,3038,435,877,5210,240,25724
"J","South East","29","Kent","29UM","Swale",,,87888,5107,60,3649,1576,217,32896,3775,673,1547,5975,237,32176
"J","South East","29","Kent","29UN","Thanet",,,86693,4443,64,1315,2717,603,27461,3809,662,1577,6278,268,37496
"J","South East","29","Kent","29UP","Tonbridge and Malling",,,77297,5282,62,5150,1458,127,31938,2921,624,920,4370,186,24259
"J","South East","29","Kent","29UQ","Tunbridge Wells",,,74240,5808,72,6259,1290,141,26889,2619,401,616,6516,253,23376
"J","South East","38","Oxfordshire","38UB","Cherwell",,,95757,6779,60,1177,3465,257,42743,4604,698,2755,7435,267,25517
"J","South East","38","Oxfordshire","38UC","Oxford",,,103950,5068,116,1079,9814,209,22638,2533,637,8927,8826,246,43857
"J","South East","38","Oxfordshire","38UD","South Oxfordshire",,,92941,7883,99,2869,1821,108,41293,3259,734,2502,5889,281,26203
"J","South East","38","Oxfordshire","38UE","Vale of White Horse",,,83502,6241,59,1090,3091,69,36040,3220,770,4031,4981,240,23670
"J","South East","38","Oxfordshire","38UF","West Oxfordshire",,,68838,5796,67,765,2340,89,31113,2851,470,2459,4310,209,18369
"J","South East","43","Surrey","43UB","Elmbridge",,,86527,7238,333,9351,1102,154,32595,1926,863,1630,3304,290,27741
"J","South East","43","Surrey","43UC","Epsom and Ewell",,,48482,3066,326,5293,902,181,18045,1233,547,812,2661,133,15283
"J","South East","43","Surrey","43UD","Guildford",,,96928,6981,124,5695,2140,152,38687,3150,603,1696,7500,369,29831
"J","South East","43","Surrey","43UE","Mole Valley",,,57527,4954,102,4141,449,91,23274,1595,382,648,3327,201,18363
"J","South East","43","Surrey","43UF","Reigate and Banstead",,,90991,6475,257,7280,1432,379,38012,2899,778,1021,5382,269,26807
"J","South East","43","Surrey","43UG","Runnymede",,,58112,3700,141,2516,560,117,25170,1695,477,1294,3210,157,19075
"J","South East","43","Surrey","43UH","Spelthorne",,,66451,3998,385,2898,1753,134,30349,1900,785,1452,3108,162,19527
"J","South East","43","Surrey","43UJ","Surrey Heath",,,59079,4593,61,2029,732,83,28908,1902,387,828,2903,182,16471
"J","South East","43","Surrey","43UK","Tandridge",,,56711,4760,99,5266,933,133,22834,1635,462,310,2536,198,17545
"J","South East","43","Surrey","43UL","Waverley",,,82834,7082,81,4709,1217,93,34073,2582,508,977,4764,310,26438
"J","South East","43","Surrey","43UM","Woking",,,64984,4296,103,5445,1022,185,27255,2287,477,1232,3782,174,18726
"J","South East","45","West Sussex","45UB","Adur",,,41661,2458,15,1615,1447,93,16044,1668,376,1083,2265,102,14495
"J","South East","45","West Sussex","45UC","Arun",,,97053,6326,44,1975,1429,354,36695,3667,744,3058,5808,300,36653
"J","South East","45","West Sussex","45UD","Chichester",,,75216,6476,78,1603,918,109,27891,2525,425,2052,5588,331,27220
"J","South East","45","West Sussex","45UE","Crawley",,,71905,3667,40,3166,3220,427,31319,3430,463,1507,4034,197,20435
"J","South East","45","West Sussex","45UF","Horsham",,,86859,7127,54,3452,1171,93,38916,2920,481,1216,5489,253,25687
"J","South East","45","West Sussex","45UG","Mid Sussex",,,91338,6920,60,6999,943,215,38244,3286,536,970,6270,301,26594
"J","South East","45","West Sussex","45UH","Worthing",,,66662,3841,31,1968,1284,314,25395,2721,537,2336,5581,172,22482