DATASET_TITLE,Number of People Living in Households (UV51),,,,,,FROM,Apr-2001,Apr-2001,Apr-2001,Apr-2001,Apr-2001,Apr-2001,Apr-2001,Apr-2001,Apr-2001
AREA_TYPE,Local Authority,,,,,,TO,Apr-2001,Apr-2001,Apr-2001,Apr-2001,Apr-2001,Apr-2001,Apr-2001,Apr-2001,Apr-2001
GEO_HIERARCHY,NeSS Geography Hierarchy,,,,,,HEADING,All Occupied Household Spaces,1 person living in Household,2 people living in Household,3 people living in Household,4 people living in Household,5 people living in Household,6 people living in Household,7 people living in Household,8 or more people living in Household
,,,,,,,MEASUREMENT_UNIT,Count,Count,Count,Count,Count,Count,Count,Count,Count
,,,,,,,STATISTICAL_UNIT,Households,Households,Households,Households,Households,Households,Households,Households,Households
GOR_CODE,GOR_NAME,CTY_CODE,CTY_NAME,LA_CODE,LA_NAME,AREA_METADATA,,DATA_VALUE,DATA_VALUE,DATA_VALUE,DATA_VALUE,DATA_VALUE,DATA_VALUE,DATA_VALUE,DATA_VALUE,DATA_VALUE
,,,,"00NA","Isle of Anglesey",,,28356,8289,10229,4411,3570,1371,388,74,24
,,,,"00NC","Gwynedd",,,49237,15897,16476,7284,6037,2550,797,132,64
,,,,"00NE","Conwy",,,48062,15739,17509,6692,5290,2024,613,138,57
,,,,"00NG","Denbighshire",,,39891,12866,13750,5847,4844,1826,600,101,57
,,,,"00NJ","Flintshire",,,60539,16068,20875,10341,9050,3072,907,161,65
,,,,"00NL","Wrexham",,,53226,15227,18210,8667,7494,2785,688,109,46
,,,,"00NN","Powys",,,53865,16234,19550,7687,6757,2734,730,117,56
,,,,"00NQ","Ceredigion",,,30972,9365,11405,4309,3517,1591,593,123,69
,,,,"00NS","Pembrokeshire",,,48176,13712,17891,7386,6026,2239,732,134,56
,,,,"00NU","Carmarthenshire",,,73112,21903,25357,11918,9353,3365,977,169,70
,,,,"00NX","Swansea",,,94400,29046,31816,15289,12213,4561,1090,233,152
,,,,"00NZ","Neath Port Talbot",,,57609,17436,19255,10203,7674,2362,540,107,32
,,,,"00PB","Bridgend",,,53342,14480,18708,9543,7415,2501,533,107,55
,,,,"00PD","The Vale of Glamorgan",,,48753,12987,17466,8176,6725,2563,670,119,47
,,,,"00PF","Rhondda, Cynon, Taff",,,94553,25899,31300,16983,14111,4712,1104,327,117
,,,,"00PH","Merthyr Tydfil",,,23145,6685,7366,4225,3345,1136,276,77,35
,,,,"00PK","Caerphilly",,,69341,18393,23552,12759,10070,3476,766,225,100
,,,,"00PL","Blaenau Gwent",,,29585,8910,9687,5175,4073,1281,385,50,24
,,,,"00PM","Torfaen",,,37576,10317,13165,6207,5332,1953,471,89,42
,,,,"00PP","Monmouthshire",,,35193,9520,13147,5389,4883,1725,412,79,38
,,,,"00PR","Newport",,,56535,16074,19445,9321,7610,2985,799,195,106
,,,,"00PT","Cardiff",,,123580,37301,40009,19748,16134,7468,2043,557,320