DATASET_TITLE,"Dwelling Stock by Council Tax Band, 2010",,,,,,FROM,Mar-2010,Mar-2010,Mar-2010,Mar-2010,Mar-2010,Mar-2010,Mar-2010,Mar-2010,Mar-2010,Mar-2010,Mar-2010,Mar-2010,Mar-2010,Mar-2010,Mar-2010,Mar-2010,Mar-2010,Mar-2010,Mar-2010,Mar-2010,Mar-2010
AREA_TYPE,Local Authority,,,,,,TO,Mar-2010,Mar-2010,Mar-2010,Mar-2010,Mar-2010,Mar-2010,Mar-2010,Mar-2010,Mar-2010,Mar-2010,Mar-2010,Mar-2010,Mar-2010,Mar-2010,Mar-2010,Mar-2010,Mar-2010,Mar-2010,Mar-2010,Mar-2010,Mar-2010
GEO_HIERARCHY,NeSS Geography Hierarchy,,,,,,HEADING,Dwelling Stock by Council Tax Band; Total,Dwelling Stock by Council Tax Band; Band A,Dwelling Stock by Council Tax Band; Band A,Dwelling Stock by Council Tax Band; Band B,Dwelling Stock by Council Tax Band; Band B,Dwelling Stock by Council Tax Band; Band C,Dwelling Stock by Council Tax Band; Band C,Dwelling Stock by Council Tax Band; Band D,Dwelling Stock by Council Tax Band; Band D,Dwelling Stock by Council Tax Band; Band E,Dwelling Stock by Council Tax Band; Band E,Dwelling Stock by Council Tax Band; Band F,Dwelling Stock by Council Tax Band; Band F,Dwelling Stock by Council Tax Band; Band G,Dwelling Stock by Council Tax Band; Band G,Dwelling Stock by Council Tax Band; Band H,Dwelling Stock by Council Tax Band; Band H,Dwelling Stock by Council Tax Band; Band I,Dwelling Stock by Council Tax Band; Band I,Dwelling Stock by Council Tax Band; Band X; Unallocated,Dwelling Stock by Council Tax Band; Band X; Unallocated
,,,,,,,MEASUREMENT_UNIT,Count,Count,Percentage,Count,Percentage,Count,Percentage,Count,Percentage,Count,Percentage,Count,Percentage,Count,Percentage,Count,Percentage,Count,Percentage,Count,Percentage
,,,,,,,STATISTICAL_UNIT,Dwellings,Dwellings,Dwellings,Dwellings,Dwellings,Dwellings,Dwellings,Dwellings,Dwellings,Dwellings,Dwellings,Dwellings,Dwellings,Dwellings,Dwellings,Dwellings,Dwellings,Dwellings,Dwellings,Dwellings,Dwellings
GOR_CODE,GOR_NAME,CTY_CODE,CTY_NAME,LA_CODE,LA_NAME,AREA_METADATA,,DATA_VALUE,DATA_VALUE,DATA_VALUE,DATA_VALUE,DATA_VALUE,DATA_VALUE,DATA_VALUE,DATA_VALUE,DATA_VALUE,DATA_VALUE,DATA_VALUE,DATA_VALUE,DATA_VALUE,DATA_VALUE,DATA_VALUE,DATA_VALUE,DATA_VALUE,DATA_VALUE,DATA_VALUE,DATA_VALUE,DATA_VALUE
"J","South East",,,"00LC","Medway",,,109564,10847,9.9,37171,33.93,32492,29.66,16386,14.96,8067,7.36,3329,3.04,1208,1.1,64,.06,0,0,0,0
"J","South East",,,"00MA","Bracknell Forest",,,46328,1716,3.7,4208,9.08,17427,37.62,8668,18.71,7569,16.34,4439,9.58,2057,4.44,244,.53,0,0,0,0
"J","South East",,,"00MB","West Berkshire",,,64583,2282,3.53,6123,9.48,18399,28.49,16704,25.86,10006,15.49,6309,9.77,4119,6.38,641,.99,0,0,0,0
"J","South East",,,"00MC","Reading",,,66134,5576,8.43,13265,20.06,27108,40.99,9927,15.01,5208,7.87,3206,4.85,1771,2.68,73,.11,0,0,0,0
"J","South East",,,"00MD","Slough",,,50150,1167,2.33,9334,18.61,21415,42.7,12368,24.66,3994,7.96,1556,3.1,309,.62,7,.01,0,0,0,0
"J","South East",,,"00ME","Windsor and Maidenhead",,,61034,1736,2.84,3503,5.74,8997,14.74,15613,25.58,12680,20.78,7809,12.79,9123,14.95,1573,2.58,0,0,0,0
"J","South East",,,"00MF","Wokingham",,,62044,1675,2.7,3345,5.39,9399,15.15,17624,28.41,14395,23.2,9381,15.12,5788,9.33,437,.7,0,0,0,0
"J","South East",,,"00MG","Milton Keynes",,,100397,15704,15.64,28268,28.16,26760,26.65,12045,12,9797,9.76,5043,5.02,2652,2.64,128,.13,0,0,0,0
"J","South East",,,"00ML","Brighton and Hove",,,125005,26468,21.17,28123,22.5,33263,26.61,19112,15.29,10835,8.67,4402,3.52,2627,2.1,175,.14,0,0,0,0
"J","South East",,,"00MR","Portsmouth",,,87712,24364,27.78,30293,34.54,21252,24.23,5840,6.66,3581,4.08,1637,1.87,683,.78,62,.07,0,0,0,0
"J","South East",,,"00MS","Southampton",,,99516,31189,31.34,32589,32.75,21870,21.98,9055,9.1,2970,2.98,1367,1.37,445,.45,31,.03,0,0,0,0
"J","South East",,,"00MW","Isle of Wight",,,67751,9754,14.4,17275,25.5,16410,24.22,12887,19.02,6848,10.11,3014,4.45,1427,2.11,136,.2,0,0,0,0
"J","South East","11","Buckinghamshire","11UB","Aylesbury Vale",,,70964,3019,4.25,11671,16.45,20477,28.86,12096,17.05,10253,14.45,7347,10.35,5726,8.07,375,.53,0,0,0,0
"J","South East","11","Buckinghamshire","11UC","Chiltern",,,38243,656,1.72,1942,5.08,5297,13.85,6589,17.23,6524,17.06,6577,17.2,8843,23.12,1815,4.75,0,0,0,0
"J","South East","11","Buckinghamshire","11UE","South Bucks",,,27495,585,2.13,860,3.13,3388,12.32,5631,20.48,4980,18.11,3377,12.28,6803,24.74,1871,6.8,0,0,0,0
"J","South East","11","Buckinghamshire","11UF","Wycombe",,,68836,1203,1.75,7282,10.58,16933,24.6,16380,23.8,10688,15.53,8635,12.54,6764,9.83,951,1.38,0,0,0,0
"J","South East","21","East Sussex","21UC","Eastbourne",,,47405,8087,17.06,12659,26.7,10568,22.29,8466,17.86,4394,9.27,2042,4.31,1103,2.33,86,.18,0,0,0,0
"J","South East","21","East Sussex","21UD","Hastings",,,42085,14311,34,11866,28.2,7267,17.27,5464,12.98,2186,5.19,762,1.81,185,.44,44,.1,0,0,0,0
"J","South East","21","East Sussex","21UF","Lewes",,,43025,4058,9.43,5738,13.34,12936,30.07,9339,21.71,5597,13.01,2912,6.77,2224,5.17,221,.51,0,0,0,0
"J","South East","21","East Sussex","21UG","Rother",,,43514,4609,10.59,6903,15.86,9613,22.09,8875,20.4,7112,16.34,3677,8.45,2466,5.67,259,.6,0,0,0,0
"J","South East","21","East Sussex","21UH","Wealden",,,63950,3897,6.09,7107,11.11,15643,24.46,12965,20.27,10098,15.79,7072,11.06,6346,9.92,822,1.29,0,0,0,0
"J","South East","24","Hampshire","24UB","Basingstoke and Deane",,,69675,2161,3.1,11138,15.99,24494,35.15,12655,18.16,10011,14.37,5848,8.39,3007,4.32,361,.52,0,0,0,0
"J","South East","24","Hampshire","24UC","East Hampshire",,,48633,2711,5.57,5224,10.74,11685,24.03,9977,20.51,8328,17.12,5736,11.79,4352,8.95,620,1.27,0,0,0,0
"J","South East","24","Hampshire","24UD","Eastleigh",,,52053,4373,8.4,10825,20.8,16890,32.45,9295,17.86,6838,13.14,2825,5.43,985,1.89,22,.04,0,0,0,0
"J","South East","24","Hampshire","24UE","Fareham",,,47269,3232,6.84,6572,13.9,14954,31.64,10009,21.17,7704,16.3,3312,7.01,1388,2.94,98,.21,0,0,0,0
"J","South East","24","Hampshire","24UF","Gosport",,,36149,6285,17.39,12719,35.18,8571,23.71,4790,13.25,1932,5.34,1499,4.15,331,.92,22,.06,0,0,0,0
"J","South East","24","Hampshire","24UG","Hart",,,36414,714,1.96,1840,5.05,8328,22.87,8163,22.42,7289,20.02,6347,17.43,3510,9.64,223,.61,0,0,0,0
"J","South East","24","Hampshire","24UH","Havant",,,52272,8039,15.38,13627,26.07,12206,23.35,9613,18.39,5439,10.41,2378,4.55,932,1.78,38,.07,0,0,0,0
"J","South East","24","Hampshire","24UJ","New Forest",,,79182,6383,8.06,11675,14.74,17471,22.06,19048,24.06,13107,16.55,6578,8.31,4352,5.5,568,.72,0,0,0,0
"J","South East","24","Hampshire","24UL","Rushmoor",,,37572,1190,3.17,8121,21.61,14796,39.38,8234,21.92,3763,10.02,1124,2.99,310,.83,34,.09,0,0,0,0
"J","South East","24","Hampshire","24UN","Test Valley",,,48527,2557,5.27,8015,16.52,12953,26.69,8991,18.53,7758,15.99,4409,9.09,3401,7.01,443,.91,0,0,0,0
"J","South East","24","Hampshire","24UP","Winchester",,,48392,2102,4.34,6208,12.83,11319,23.39,8828,18.24,8126,16.79,6149,12.71,5032,10.4,628,1.3,0,0,0,0
"J","South East","29","Kent","29UB","Ashford",,,49255,3650,7.41,11434,23.21,11947,24.26,7896,16.03,6213,12.61,4942,10.03,2984,6.06,189,.38,0,0,0,0
"J","South East","29","Kent","29UC","Canterbury",,,63753,6042,9.48,13030,20.44,19737,30.96,12250,19.21,6741,10.57,3792,5.95,2049,3.21,112,.18,0,0,0,0
"J","South East","29","Kent","29UD","Dartford",,,40373,1612,3.99,6654,16.48,14104,34.93,9791,24.25,4927,12.2,2357,5.84,871,2.16,57,.14,0,0,0,0
"J","South East","29","Kent","29UE","Dover",,,49882,6580,13.19,15938,31.95,13116,26.29,6567,13.17,4028,8.08,2177,4.36,1406,2.82,70,.14,0,0,0,0
"J","South East","29","Kent","29UG","Gravesham",,,41248,3603,8.73,6711,16.27,14028,34.01,9525,23.09,4406,10.68,1933,4.69,947,2.3,95,.23,0,0,0,0
"J","South East","29","Kent","29UH","Maidstone",,,64425,4107,6.37,8168,12.68,17465,27.11,16866,26.18,8795,13.65,5056,7.85,3644,5.66,324,.5,0,0,0,0
"J","South East","29","Kent","29UK","Sevenoaks",,,48038,1677,3.49,3068,6.39,10409,21.67,11537,24.02,7167,14.92,5726,11.92,7264,15.12,1190,2.48,0,0,0,0
"J","South East","29","Kent","29UL","Shepway",,,48435,6468,13.35,12025,24.83,13560,28,7470,15.42,4581,9.46,2474,5.11,1770,3.65,87,.18,0,0,0,0
"J","South East","29","Kent","29UM","Swale",,,58780,9472,16.11,15066,25.63,15997,27.22,9710,16.52,4990,8.49,2272,3.87,1160,1.97,113,.19,0,0,0,0
"J","South East","29","Kent","29UN","Thanet",,,64512,15588,24.16,18669,28.94,16825,26.08,7446,11.54,3797,5.89,1445,2.24,707,1.1,35,.05,0,0,0,0
"J","South East","29","Kent","29UP","Tonbridge and Malling",,,49247,1709,3.47,3735,7.58,13970,28.37,12441,25.26,8163,16.58,4674,9.49,4198,8.52,357,.72,0,0,0,0
"J","South East","29","Kent","29UQ","Tunbridge Wells",,,47343,3440,7.27,5155,10.89,13164,27.81,9506,20.08,6335,13.38,4429,9.36,4871,10.29,443,.94,0,0,0,0
"J","South East","38","Oxfordshire","38UB","Cherwell",,,58518,5100,8.72,14645,25.03,16021,27.38,10087,17.24,7022,12,3164,5.41,2259,3.86,220,.38,0,0,0,0
"J","South East","38","Oxfordshire","38UC","Oxford",,,57953,2233,3.85,8786,15.16,18468,31.87,15436,26.64,6565,11.33,2756,4.76,3145,5.43,564,.97,0,0,0,0
"J","South East","38","Oxfordshire","38UD","South Oxfordshire",,,56182,2201,3.92,4938,8.79,14912,26.54,12912,22.98,9221,16.41,5802,10.33,5442,9.69,754,1.34,0,0,0,0
"J","South East","38","Oxfordshire","38UE","Vale of White Horse",,,50515,1523,3.01,5208,10.31,14897,29.49,11339,22.45,8616,17.06,4763,9.43,3762,7.45,407,.81,0,0,0,0
"J","South East","38","Oxfordshire","38UF","West Oxfordshire",,,45331,1568,3.46,5230,11.54,15467,34.12,9962,21.98,6765,14.92,3615,7.97,2389,5.27,335,.74,0,0,0,0
"J","South East","43","Surrey","43UB","Elmbridge",,,55090,266,.48,1825,3.31,7091,12.87,13042,23.67,10748,19.51,7641,13.87,10984,19.94,3493,6.34,0,0,0,0
"J","South East","43","Surrey","43UC","Epsom and Ewell",,,30062,137,.46,1120,3.73,4755,15.82,8212,27.32,7552,25.12,4404,14.65,3755,12.49,127,.42,0,0,0,0
"J","South East","43","Surrey","43UD","Guildford",,,55840,808,1.45,3350,6,11470,20.54,15613,27.96,9559,17.12,6268,11.22,7213,12.92,1559,2.79,0,0,0,0
"J","South East","43","Surrey","43UE","Mole Valley",,,36564,1618,4.43,2327,6.36,3715,10.16,7816,21.38,6882,18.82,5973,16.34,7305,19.98,928,2.54,0,0,0,0
"J","South East","43","Surrey","43UF","Reigate and Banstead",,,56791,977,1.72,3531,6.22,11122,19.58,16330,28.75,10128,17.83,6931,12.2,6869,12.1,903,1.59,0,0,0,0
"J","South East","43","Surrey","43UG","Runnymede",,,33907,1442,4.25,1289,3.8,6115,18.03,10887,32.11,6491,19.14,3810,11.24,2867,8.46,1006,2.97,0,0,0,0
"J","South East","43","Surrey","43UH","Spelthorne",,,40616,395,.97,1619,3.99,8320,20.48,14010,34.49,9705,23.89,4452,10.96,2010,4.95,105,.26,0,0,0,0
"J","South East","43","Surrey","43UJ","Surrey Heath",,,34804,541,1.55,1982,5.69,5577,16.02,9325,26.79,6531,18.77,5625,16.16,4777,13.73,446,1.28,0,0,0,0
"J","South East","43","Surrey","43UK","Tandridge",,,34655,835,2.41,2015,5.81,4763,13.74,8316,24,7088,20.45,4617,13.32,5927,17.1,1094,3.16,0,0,0,0
"J","South East","43","Surrey","43UL","Waverley",,,50872,882,1.73,3163,6.22,9326,18.33,12080,23.75,9143,17.97,6583,12.94,7831,15.39,1864,3.66,0,0,0,0
"J","South East","43","Surrey","43UM","Woking",,,40376,318,.79,3183,7.88,9978,24.71,11284,27.95,5956,14.75,4081,10.11,4915,12.17,661,1.64,0,0,0,0
"J","South East","45","West Sussex","45UB","Adur",,,27405,2606,9.51,4773,17.42,11123,40.59,6008,21.92,1888,6.89,692,2.53,306,1.12,9,.03,0,0,0,0
"J","South East","45","West Sussex","45UC","Arun",,,69812,7368,10.55,11763,16.85,18465,26.45,14123,20.23,9752,13.97,5471,7.84,2604,3.73,266,.38,0,0,0,0
"J","South East","45","West Sussex","45UD","Chichester",,,53654,3073,5.73,5499,10.25,13398,24.97,11210,20.89,8164,15.22,5633,10.5,5558,10.36,1119,2.09,0,0,0,0
"J","South East","45","West Sussex","45UE","Crawley",,,42310,793,1.87,6392,15.11,20529,48.52,8323,19.67,3663,8.66,2158,5.1,441,1.04,11,.03,0,0,0,0
"J","South East","45","West Sussex","45UF","Horsham",,,56105,2220,3.96,5370,9.57,11429,20.37,11994,21.38,10017,17.85,7451,13.28,6873,12.25,751,1.34,0,0,0,0
"J","South East","45","West Sussex","45UG","Mid Sussex",,,58000,1882,3.24,5831,10.05,12406,21.39,15730,27.12,10213,17.61,7560,13.03,4045,6.97,333,.57,0,0,0,0
"J","South East","45","West Sussex","45UH","Worthing",,,47782,7217,15.1,10664,22.32,12625,26.42,8906,18.64,5247,10.98,2214,4.63,884,1.85,25,.05,0,0,0,0