DATASET_TITLE,"Deaths, 2008",,,,,,,,,,FROM,Jan-2008,Jan-2008,Jan-2008,Jan-2008,Jan-2008,Jan-2008,Jan-2008,Jan-2008,Jan-2008
AREA_TYPE,Region,,,,,,,,,,TO,Dec-2008,Dec-2008,Dec-2008,Dec-2008,Dec-2008,Dec-2008,Dec-2008,Dec-2008,Dec-2008
GEO_HIERARCHY,NeSS Geography Hierarchy,,,,,,,,,,HEADING,All Deaths,Males; All Causes,Males; Coronary Heart Disease,Males; Cerebrovascular Disease (including Stroke),Males; Cancer,Females; All Causes,Females; Coronary Heart Disease,Females; Cerebrovascular Disease (including Stroke),Females; Cancer
,,,,,,,,,,,MEASUREMENT_UNIT,Count,Count,Count,Count,Count,Count,Count,Count,Count
,,,,,,,,,,,STATISTICAL_UNIT,Persons,Persons,Persons,Persons,Persons,Persons,Persons,Persons,Persons
UK_CODE,UK_NAME,GB_CODE,GB_NAME,EW_CODE,EW_NAME,CTRY_CODE,CTRY_NAME,GOR_CODE,GOR_NAME,AREA_METADATA,,DATA_VALUE,DATA_VALUE,DATA_VALUE,DATA_VALUE,DATA_VALUE,DATA_VALUE,DATA_VALUE,DATA_VALUE,DATA_VALUE
"213","United Kingdom","078","Great Britain","727","England and Wales","064","England",,,,,475763,226822,40327,16678,67305,248941,31196,26704,61497
"213","United Kingdom","078","Great Britain","727","England and Wales","220","Wales",,,,,32066,15401,2930,1095,4597,16665,2258,1893,4084
"213","United Kingdom","078","Great Britain","727","England and Wales",,,,,,,509090,243014,43449,17807,72073,266076,33527,28639,65719
"213","United Kingdom","078","Great Britain","727","England and Wales","064","England","A","North East",,,27386,13134,2300,915,4236,14252,1723,1438,3713
"213","United Kingdom","078","Great Britain","727","England and Wales","064","England","B","North West",,,70740,33389,6156,2431,9828,37351,4994,3902,9030
"213","United Kingdom","078","Great Britain","727","England and Wales","064","England","D","Yorkshire and The Humber",,,50539,24199,4664,1786,7074,26340,3519,2865,6539
"213","United Kingdom","078","Great Britain","727","England and Wales","064","England","E","East Midlands",,,42296,20472,3719,1448,6098,21824,2819,2205,5390
"213","United Kingdom","078","Great Britain","727","England and Wales","064","England","F","West Midlands",,,52318,25284,4316,1909,7365,27034,3182,2975,6623
"213","United Kingdom","078","Great Britain","727","England and Wales","064","England","G","East of England",,,52689,25022,4442,1865,7509,27667,3390,2956,6888
"213","United Kingdom","078","Great Britain","727","England and Wales","064","England","H","London",,,50476,24786,4298,1670,7013,25690,3273,2379,6535
"213","United Kingdom","078","Great Britain","727","England and Wales","064","England","J","South East",,,75917,35387,6007,2620,10575,40530,4736,4512,9919
"213","United Kingdom","078","Great Britain","727","England and Wales","064","England","K","South West",,,53402,25149,4425,2034,7607,28253,3560,3472,6860