DATASET_TITLE,Economic Activity - Full-time Students (UV29),,,,,,FROM,Apr-2001,Apr-2001,Apr-2001,Apr-2001,Apr-2001
AREA_TYPE,Local Authority,,,,,,TO,Apr-2001,Apr-2001,Apr-2001,Apr-2001,Apr-2001
GEO_HIERARCHY,NeSS Geography Hierarchy,,,,,,HEADING,All Full-Time Students,Full-Time Students: Economically active,Full-Time Students: Economically active: In employment,Full-Time Students: Economically active: Unemployed,Full-Time Students: Economically inactive
,,,,,,,MEASUREMENT_UNIT,Count,Count,Count,Count,Count
,,,,,,,STATISTICAL_UNIT,Persons,Persons,Persons,Persons,Persons
GOR_CODE,GOR_NAME,CTY_CODE,CTY_NAME,LA_CODE,LA_NAME,AREA_METADATA,,DATA_VALUE,DATA_VALUE,DATA_VALUE,DATA_VALUE,DATA_VALUE
,,,,"00NA","Isle of Anglesey",,,2630,717,593,124,1913
,,,,"00NC","Gwynedd",,,7554,2055,1768,287,5499
,,,,"00NE","Conwy",,,4231,1561,1344,217,2670
,,,,"00NG","Denbighshire",,,3549,1254,1085,169,2295
,,,,"00NJ","Flintshire",,,5444,2178,1930,248,3266
,,,,"00NL","Wrexham",,,6056,2260,1923,337,3796
,,,,"00NN","Powys",,,4465,1414,1280,134,3051
,,,,"00NQ","Ceredigion",,,9092,2144,1837,307,6948
,,,,"00NS","Pembrokeshire",,,4357,1352,1130,222,3005
,,,,"00NU","Carmarthenshire",,,7515,2192,1887,305,5323
,,,,"00NX","Swansea",,,15192,4788,4123,665,10404
,,,,"00NZ","Neath Port Talbot",,,4878,1598,1334,264,3280
,,,,"00PB","Bridgend",,,4746,1785,1518,267,2961
,,,,"00PD","The Vale of Glamorgan",,,5276,1977,1737,240,3299
,,,,"00PF","Rhondda, Cynon, Taff",,,11722,3569,3005,564,8153
,,,,"00PH","Merthyr Tydfil",,,2265,658,534,124,1607
,,,,"00PK","Caerphilly",,,6296,1973,1640,333,4323
,,,,"00PL","Blaenau Gwent",,,2462,676,560,116,1786
,,,,"00PM","Torfaen",,,3330,1171,980,191,2159
,,,,"00PP","Monmouthshire",,,3362,1157,1051,106,2205
,,,,"00PR","Newport",,,6055,2253,1881,372,3802
,,,,"00PT","Cardiff",,,29786,9027,7866,1161,20759