DATASET_TITLE,"National Curriculum Assessments at Key Stage 3 by Gender in England (Referenced by Location of Pupil Residence), 2006",,,,,,FROM,Sep-2005,Sep-2005,Sep-2005,Sep-2005,Sep-2005,Sep-2005,Sep-2005,Sep-2005,Sep-2005,Sep-2005,Sep-2005,Sep-2005,Sep-2005,Sep-2005,Sep-2005,Sep-2005,Sep-2005,Sep-2005,Sep-2005,Sep-2005,Sep-2005
AREA_TYPE,Local Authority,,,,,,TO,Aug-2006,Aug-2006,Aug-2006,Aug-2006,Aug-2006,Aug-2006,Aug-2006,Aug-2006,Aug-2006,Aug-2006,Aug-2006,Aug-2006,Aug-2006,Aug-2006,Aug-2006,Aug-2006,Aug-2006,Aug-2006,Aug-2006,Aug-2006,Aug-2006
GEO_HIERARCHY,NeSS Geography Hierarchy,,,,,,HEADING,Pupils Eligible for KS3 Assessment,Pupils Achieving Level 5+; in English,Pupils Achieving Level 5+; in Mathematics,Pupils Achieving Level 5+; in Science,Average Point Score of Pupils Eligible for KS3 Assessment,KS2 - KS3 Value Added Measure of Pupils Eligible for KS3 Assessment,KS2 - KS3 Value Added Coverage of Pupils Eligible for KS3 Assessment,Boy Pupils Eligible for KS3 Assessment,Boy Pupils Achieving Level 5+; in English,Boy Pupils Achieving Level 5+; in Mathematics,Boy Pupils Achieving Level 5+; in Science,Average Point Score of Boy Pupils Eligible for KS3 Assessment,KS2 - KS3 Value Added Measure of Boy Pupils Eligible for KS3 Assessment,KS2 - KS3 Value Added Coverage of Boy Pupils Eligible for KS3 Assessment,Girl Pupils Eligible for KS3 Assessment,Girl Pupils Achieving Level 5+; in English,Girl Pupils Achieving Level 5+; in Mathematics,Girl Pupils Achieving Level 5+; in Science,Average Point Score of Girl Pupils Eligible for KS3 Assessment,KS2 - KS3 Value Added Measure of Girl Pupils Eligible for KS3 Assessment,KS2 - KS3 Value Added Coverage of Girl Pupils Eligible for KS3 Assessment
,,,,,,,MEASUREMENT_UNIT,Count,Percentage,Percentage,Percentage,Score,Score,Percentage,Count,Percentage,Percentage,Percentage,Score,Score,Percentage,Count,Percentage,Percentage,Percentage,Score,Score,Percentage
,,,,,,,STATISTICAL_UNIT,Persons,Persons,Persons,Persons,Persons,Persons,Persons,Persons,Persons,Persons,Persons,Persons,Persons,Persons,Persons,Persons,Persons,Persons,Persons,Persons,Persons
GOR_CODE,GOR_NAME,CTY_CODE,CTY_NAME,LA_CODE,LA_NAME,AREA_METADATA,,DATA_VALUE,DATA_VALUE,DATA_VALUE,DATA_VALUE,DATA_VALUE,DATA_VALUE,DATA_VALUE,DATA_VALUE,DATA_VALUE,DATA_VALUE,DATA_VALUE,DATA_VALUE,DATA_VALUE,DATA_VALUE,DATA_VALUE,DATA_VALUE,DATA_VALUE,DATA_VALUE,DATA_VALUE,DATA_VALUE,DATA_VALUE
"A","North East",,,"00CH","Gateshead",,,2287,73,80,75,35.1,99.5,96,1173,67,78,75,34.8,99.5,96,1114,80,81,74,35.4,99.6,96
"A","North East",,,"00CJ","Newcastle upon Tyne",,,2798,57,68,63,33.1,98.9,93,1501,51,66,62,32.7,98.9,93,1297,65,69,63,33.4,98.8,94
"A","North East",,,"00CK","North Tyneside",,,2416,72,80,73,35.1,99.7,96,1210,65,80,73,34.6,99.7,96,1206,79,80,73,35.6,99.8,96
"A","North East",,,"00CL","South Tyneside",,,1898,72,76,69,34.5,99.5,96,1005,65,74,68,34,99.7,96,893,81,77,69,35,99.4,97
"A","North East",,,"00CM","Sunderland",,,3748,72,74,68,34.2,99.1,96,1910,64,73,68,33.7,99.1,96,1838,79,76,69,34.6,99.2,97
"A","North East",,,"00EB","Hartlepool",,,1282,70,76,70,34.2,99.2,97,638,62,74,70,34.1,99.2,97,644,77,78,69,34.3,99.2,97
"A","North East",,,"00EC","Middlesbrough",,,1926,64,73,64,33.7,98.8,95,959,56,74,64,33.2,98.9,95,967,73,73,63,34.3,98.8,95
"A","North East",,,"00EE","Redcar and Cleveland",,,1926,68,74,70,34.1,99.2,98,961,57,72,67,33.1,98.9,97,965,79,77,73,35,99.5,98
"A","North East",,,"00EF","Stockton-on-Tees",,,2554,73,77,73,34.8,99.2,97,1292,66,76,73,34.4,99.2,97,1262,79,77,73,35.2,99.1,97
"A","North East",,,"00EH","Darlington",,,1262,67,77,72,34.8,99.5,97,672,60,76,71,34.3,99.4,97,590,75,78,72,35.3,99.6,97
"A","North East","20","Durham","20UB","Chester-le-Street",,,738,73,81,77,35.8,99.6,97,376,69,83,79,35.8,99.6,97,362,78,80,74,35.9,99.7,96
"A","North East","20","Durham","20UD","Derwentside",,,1152,73,78,74,34.8,99.5,97,587,65,76,74,34.3,99.4,97,565,81,79,75,35.2,99.5,97
"A","North East","20","Durham","20UE","Durham",,,914,68,79,75,35.5,99.4,96,512,62,79,77,35.6,99.3,96,402,77,80,73,35.4,99.5,96
"A","North East","20","Durham","20UF","Easington",,,1382,62,73,67,33.4,98.5,97,702,55,72,66,32.9,98.3,97,680,70,75,68,34,98.7,97
"A","North East","20","Durham","20UG","Sedgefield",,,1219,69,77,70,34.2,99.2,98,640,62,77,71,34,99.3,97,579,77,77,68,34.4,99.2,98
"A","North East","20","Durham","20UH","Teesdale",,,257,84,84,79,36.1,99.8,98,111,82,88,81,36.3,99.7,97,146,86,82,78,36,99.8,99
"A","North East","20","Durham","20UJ","Wear Valley",,,800,71,75,71,34.3,99.3,97,406,65,74,74,34.3,99.3,97,394,78,76,68,34.3,99.3,97
"A","North East","35","Northumberland","35UB","Alnwick",,,376,75,85,76,36.4,100.8,96,194,66,84,72,35.4,100.8,96,182,84,86,80,37.4,100.8,96
"A","North East","35","Northumberland","35UC","Berwick-upon-Tweed",,,259,78,82,77,35.6,99.8,98,135,69,82,76,35.4,99.6,97,124,88,82,77,35.8,100,98
"A","North East","35","Northumberland","35UD","Blyth Valley",,,1103,75,77,72,34.8,100.1,95,552,67,75,71,34.1,100.2,93,551,83,79,73,35.4,100.1,98
"A","North East","35","Northumberland","35UE","Castle Morpeth",,,514,77,84,84,37,100.6,98,273,73,84,84,36.8,100.6,98,241,82,83,84,37.2,100.6,98
"A","North East","35","Northumberland","35UF","Tynedale",,,717,82,87,84,37.3,100.8,96,364,75,86,85,36.5,100.3,96,353,89,88,84,38.1,101.2,97
"A","North East","35","Northumberland","35UG","Wansbeck",,,786,69,74,67,34.2,99.6,94,416,64,74,69,34,99.6,94,370,75,74,66,34.4,99.6,95
"B","North West",,,"00BL","Bolton",,,3416,69,76,70,34.2,99.1,96,1805,61,76,70,33.9,99,96,1611,78,77,71,34.6,99.1,95
"B","North West",,,"00BM","Bury",,,2383,71,79,75,35.2,99.6,96,1204,65,80,76,35,99.6,97,1179,77,78,74,35.4,99.6,96
"B","North West",,,"00BN","Manchester",,,5155,59,64,55,32.2,98.4,91,2693,52,64,55,31.9,98.4,90,2462,66,65,56,32.6,98.5,92
"B","North West",,,"00BP","Oldham",,,3048,63,72,65,33.6,99,96,1601,57,73,65,33.3,98.9,96,1447,71,72,65,33.9,99.1,96
"B","North West",,,"00BQ","Rochdale",,,2882,70,72,64,33.7,99.6,95,1425,61,72,64,33.3,99.4,95,1457,78,72,64,34,99.8,95
"B","North West",,,"00BR","Salford",,,2670,66,72,63,33.5,98.7,94,1355,59,73,63,33.2,98.8,94,1315,73,72,63,33.7,98.6,94
"B","North West",,,"00BS","Stockport",,,3455,75,80,74,35.6,99.8,96,1725,68,79,75,35.4,99.9,95,1730,82,81,74,35.9,99.8,97
"B","North West",,,"00BT","Tameside",,,3008,72,75,69,34.2,99.1,97,1551,64,74,69,33.9,99.2,96,1457,81,76,69,34.5,99,97
"B","North West",,,"00BU","Trafford",,,2752,79,83,80,37,100.4,95,1452,73,82,80,36.4,100.2,95,1300,85,84,80,37.7,100.6,95
"B","North West",,,"00BW","Wigan",,,4208,72,78,72,34.6,99.3,97,2150,63,77,71,34.2,99.2,97,2058,81,80,73,35.1,99.4,98
"B","North West",,,"00BX","Knowsley",,,2251,62,71,62,33.2,98.6,97,1154,54,71,62,33.1,98.7,96,1097,70,69,62,33.3,98.5,98
"B","North West",,,"00BY","Liverpool",,,5563,67,70,64,33.6,99.2,95,2880,62,70,64,33.5,99.2,94,2683,72,70,64,33.7,99.2,95
"B","North West",,,"00BZ","St. Helens",,,2352,74,76,71,34.7,99,97,1166,66,76,71,34.2,98.8,97,1186,81,77,71,35.2,99.1,97
"B","North West",,,"00CA","Sefton",,,3418,78,81,77,35.6,99.7,97,1756,73,81,78,35.5,99.7,97,1662,84,81,76,35.7,99.7,98
"B","North West",,,"00CB","Wirral",,,4160,76,78,73,35.6,99.9,96,2200,69,77,72,35.1,99.8,96,1960,84,79,74,36.2,100.1,96
"B","North West",,,"00ET","Halton",,,1783,69,76,70,34.2,99.1,97,876,61,75,69,33.8,99,97,907,77,77,72,34.5,99.1,97
"B","North West",,,"00EU","Warrington",,,2508,79,82,76,36.1,100,97,1320,72,80,75,35.6,99.9,96,1188,87,83,77,36.6,100.3,98
"B","North West",,,"00EX","Blackburn with Darwen",,,1914,70,76,68,34.1,99.8,97,1045,63,76,67,33.6,99.8,97,869,78,77,69,34.6,99.7,97
"B","North West",,,"00EY","Blackpool",,,1741,65,71,64,33.4,98.9,95,884,58,73,66,33.3,98.9,95,857,73,69,62,33.5,99,95
"B","North West","13","Cheshire","13UB","Chester",,,1355,76,79,76,35.8,100.3,95,706,70,78,76,35.6,100.4,94,649,84,81,77,36,100.3,97
"B","North West","13","Cheshire","13UC","Congleton",,,986,80,84,82,36.6,99.9,98,453,73,82,79,36,99.6,97,533,87,86,84,37.1,100.2,99
"B","North West","13","Cheshire","13UD","Crewe and Nantwich",,,1452,68,78,74,35.1,99.5,95,720,58,76,72,34.4,99.3,93,732,79,80,76,35.7,99.7,97
"B","North West","13","Cheshire","13UE","Ellesmere Port & Neston",,,1149,67,77,71,34.5,99.5,97,620,59,77,69,34.1,99.4,97,529,76,77,74,34.9,99.6,97
"B","North West","13","Cheshire","13UG","Macclesfield",,,1571,84,85,83,37.1,100.2,96,779,79,86,83,36.8,100.1,97,792,89,85,83,37.4,100.3,96
"B","North West","13","Cheshire","13UH","Vale Royal",,,1632,79,80,78,36.1,100,97,829,74,81,80,36.1,100.2,97,803,84,78,76,36.2,99.8,97
"B","North West","16","Cumbria","16UB","Allerdale",,,1283,79,82,79,35.9,100.6,97,683,73,81,79,35.6,100.5,97,600,86,83,80,36.4,100.8,97
"B","North West","16","Cumbria","16UC","Barrow-in-Furness",,,954,72,76,75,34.7,99.1,98,489,66,78,76,34.8,99.1,98,465,80,75,73,34.7,99.1,98
"B","North West","16","Cumbria","16UD","Carlisle",,,1266,68,74,71,34.6,99.1,95,635,61,72,71,34,98.8,93,631,75,76,72,35.1,99.4,96
"B","North West","16","Cumbria","16UE","Copeland",,,920,70,71,67,33.9,99,97,496,61,69,64,33.2,98.8,95,424,80,73,71,34.7,99.3,98
"B","North West","16","Cumbria","16UF","Eden",,,623,81,85,85,36.7,100.8,96,314,71,81,80,35.7,100.4,94,309,91,88,90,37.7,101.2,97
"B","North West","16","Cumbria","16UG","South Lakeland",,,1152,78,82,80,36.1,99.7,96,628,72,81,80,35.6,99.6,96,524,86,83,81,36.7,99.8,96
"B","North West","30","Lancashire","30UD","Burnley",,,1284,66,71,64,33.7,99.2,95,650,61,71,64,33.5,99.2,96,634,72,72,65,33.8,99.1,94
"B","North West","30","Lancashire","30UE","Chorley",,,1279,78,83,81,36.5,100.5,97,621,70,81,81,36.1,100.5,97,658,86,85,81,36.9,100.6,97
"B","North West","30","Lancashire","30UF","Fylde",,,725,79,83,79,36.6,99.6,97,355,73,82,77,35.9,99.5,96,370,85,84,80,37.2,99.8,98
"B","North West","30","Lancashire","30UG","Hyndburn",,,1106,67,77,70,34.2,99.6,97,591,61,78,70,33.8,99.4,97,515,75,76,69,34.7,99.9,97
"B","North West","30","Lancashire","30UH","Lancaster",,,1646,70,77,73,35.1,99.5,96,841,64,77,72,35.1,99.7,95,805,75,76,74,35.2,99.3,97
"B","North West","30","Lancashire","30UJ","Pendle",,,1173,70,72,64,33.8,99.6,95,567,62,71,64,33.4,99.5,95,606,76,73,64,34.1,99.6,96
"B","North West","30","Lancashire","30UK","Preston",,,1673,71,77,72,35.1,100,96,888,66,78,73,34.8,99.9,97,785,76,76,70,35.4,100.1,96
"B","North West","30","Lancashire","30UL","Ribble Valley",,,644,87,89,88,38.5,101.2,98,315,80,87,87,38.2,101,97,329,94,92,89,38.9,101.4,98
"B","North West","30","Lancashire","30UM","Rossendale",,,884,77,79,75,35.5,100,96,440,70,78,74,34.7,99.8,96,444,85,81,77,36.2,100.2,97
"B","North West","30","Lancashire","30UN","South Ribble",,,1371,82,86,83,36.7,100.4,98,711,78,87,84,36.4,100.3,98,660,87,86,82,37,100.4,98
"B","North West","30","Lancashire","30UP","West Lancashire",,,1439,72,79,77,35,99.2,97,737,64,78,77,34.7,99.2,96,702,81,80,77,35.4,99.3,97
"B","North West","30","Lancashire","30UQ","Wyre",,,1332,74,79,76,35.7,99.5,97,686,69,79,77,35.4,99.5,97,646,80,80,74,35.9,99.5,97
"D","Yorkshire and The Humber",,,"00CC","Barnsley",,,3052,63,69,66,33.1,99.2,97,1587,53,67,64,32.5,98.9,97,1465,74,72,67,33.8,99.4,96
"D","Yorkshire and The Humber",,,"00CE","Doncaster",,,3917,66,72,68,33.9,98.9,95,2004,56,71,66,33.3,98.7,95,1913,76,74,70,34.5,99.1,96
"D","Yorkshire and The Humber",,,"00CF","Rotherham",,,3628,62,73,67,33.7,99.1,96,1866,55,73,67,33.4,99,95,1762,70,73,67,34.1,99.3,96
"D","Yorkshire and The Humber",,,"00CG","Sheffield",,,6002,64,72,67,34,99.4,94,3078,55,70,66,33.3,99.2,94,2924,74,73,68,34.6,99.6,95
"D","Yorkshire and The Humber",,,"00CX","Bradford",,,6539,65,71,63,33.4,99.4,95,3338,56,70,62,33,99.2,95,3201,75,71,63,33.8,99.6,95
"D","Yorkshire and The Humber",,,"00CY","Calderdale",,,2597,74,77,73,35,99.7,97,1268,67,75,72,34.5,99.5,97,1329,81,80,74,35.5,99.8,97
"D","Yorkshire and The Humber",,,"00CZ","Kirklees",,,5095,70,76,70,34.6,99.7,96,2644,63,74,70,34.1,99.5,95,2451,78,77,71,35.1,99.9,96
"D","Yorkshire and The Humber",,,"00DA","Leeds",,,8436,71,75,70,34.7,99.2,96,4274,65,75,70,34.4,99.1,95,4162,77,75,69,35,99.3,96
"D","Yorkshire and The Humber",,,"00DB","Wakefield",,,4527,73,77,70,34.5,99.1,96,2275,67,78,71,34.3,99.1,96,2252,79,77,70,34.7,99.2,96
"D","Yorkshire and The Humber",,,"00FA","Kingston upon Hull, City of",,,3332,60,67,57,32.4,98.3,95,1700,53,67,57,32.2,98.1,95,1632,68,67,57,32.7,98.4,95
"D","Yorkshire and The Humber",,,"00FB","East Riding of Yorkshire",,,4005,77,82,79,35.8,100.2,97,2035,69,81,79,35.5,100.2,97,1970,85,82,79,36.1,100.2,97
"D","Yorkshire and The Humber",,,"00FC","North East Lincolnshire",,,2241,63,73,68,33.5,98.7,96,1161,54,71,66,32.9,98.4,95,1080,73,75,70,34.1,99,97
"D","Yorkshire and The Humber",,,"00FD","North Lincolnshire",,,2117,70,77,73,34.6,99.5,97,1110,60,75,72,33.9,99.3,97,1007,81,79,75,35.4,99.8,97
"D","Yorkshire and The Humber",,,"00FF","York",,,1899,78,82,79,36.3,100.8,95,942,73,83,79,36.2,100.7,95,957,82,82,78,36.5,101,96
"D","Yorkshire and The Humber","36","North Yorkshire","36UB","Craven",,,645,87,88,87,38.2,100.9,98,304,82,88,86,37.8,100.8,97,341,91,88,87,38.6,101,98
"D","Yorkshire and The Humber","36","North Yorkshire","36UC","Hambleton",,,1022,78,84,82,36.8,100.1,97,497,71,84,82,36,99.9,97,525,85,83,83,37.6,100.3,97
"D","Yorkshire and The Humber","36","North Yorkshire","36UD","Harrogate",,,1744,83,85,83,37.7,101.1,96,889,78,85,84,37.4,100.9,96,855,88,85,82,38,101.3,96
"D","Yorkshire and The Humber","36","North Yorkshire","36UE","Richmondshire",,,536,75,80,77,35.8,100.4,93,276,66,79,76,35.2,100.2,93,260,85,82,78,36.5,100.6,93
"D","Yorkshire and The Humber","36","North Yorkshire","36UF","Ryedale",,,569,76,84,83,36.6,100.7,96,288,67,80,80,36.1,100.7,95,281,85,88,85,37.1,100.7,97
"D","Yorkshire and The Humber","36","North Yorkshire","36UG","Scarborough",,,1326,71,76,73,35.3,100,95,695,65,76,73,34.8,99.9,95,631,78,75,73,35.8,100.1,94
"D","Yorkshire and The Humber","36","North Yorkshire","36UH","Selby",,,1008,79,84,81,36.3,100.3,97,507,75,85,83,36.1,100.1,97,501,82,83,80,36.4,100.4,97
"E","East Midlands",,,"00FK","Derby",,,3125,74,78,72,34.9,100,96,1599,66,77,71,34.5,99.9,96,1526,81,79,72,35.4,100,95
"E","East Midlands",,,"00FN","Leicester",,,3654,64,68,62,33.1,100,92,1960,59,69,62,32.9,99.8,92,1694,70,68,62,33.4,100.1,92
"E","East Midlands",,,"00FP","Rutland",,,325,82,85,84,36.7,100.4,97,169,78,89,87,37.1,100.3,95,156,87,81,81,36.3,100.5,98
"E","East Midlands",,,"00FY","Nottingham",,,3259,58,65,57,32.3,98.7,93,1650,49,64,56,31.9,98.5,92,1609,67,66,57,32.7,98.8,94
"E","East Midlands","17","Derbyshire","17UB","Amber Valley",,,1515,77,78,76,35.2,99.8,97,772,70,78,76,34.8,99.6,97,743,84,78,77,35.6,100,96
"E","East Midlands","17","Derbyshire","17UC","Bolsover",,,942,70,75,70,34.1,99.6,97,492,62,73,67,33.6,99.4,96,450,80,77,73,34.7,99.8,97
"E","East Midlands","17","Derbyshire","17UD","Chesterfield",,,1306,73,79,75,35.1,99.7,96,655,64,78,74,34.5,99.3,96,651,82,80,76,35.8,100,96
"E","East Midlands","17","Derbyshire","17UF","Derbyshire Dales",,,861,80,85,86,37.3,100.5,96,444,74,85,86,37,100.3,96,417,85,84,86,37.6,100.8,95
"E","East Midlands","17","Derbyshire","17UG","Erewash",,,1373,74,77,76,35.2,99.6,98,697,67,77,76,34.8,99.6,98,676,81,78,76,35.6,99.6,97
"E","East Midlands","17","Derbyshire","17UH","High Peak",,,1163,74,83,80,35.6,99.8,96,578,67,82,80,35.2,99.6,96,585,82,83,79,36,99.9,96
"E","East Midlands","17","Derbyshire","17UJ","North East Derbyshire",,,1269,76,82,77,35.5,99.4,97,639,67,81,73,34.8,99.3,97,630,86,84,81,36.1,99.6,97
"E","East Midlands","17","Derbyshire","17UK","South Derbyshire",,,1102,79,83,79,36,99.6,97,573,73,81,78,35.6,99.4,97,529,86,84,79,36.5,99.8,96
"E","East Midlands","31","Leicestershire","31UB","Blaby",,,1224,83,86,84,36.5,100.8,98,616,76,86,85,36.2,100.8,99,608,89,86,83,36.7,100.8,98
"E","East Midlands","31","Leicestershire","31UC","Charnwood",,,1767,81,83,81,36.2,100.8,98,912,75,83,80,35.8,100.8,98,855,87,84,82,36.5,100.7,98
"E","East Midlands","31","Leicestershire","31UD","Harborough",,,952,88,90,85,37.3,101.1,98,504,82,89,82,37,101.1,98,448,94,90,89,37.7,101.1,98
"E","East Midlands","31","Leicestershire","31UE","Hinckley and Bosworth",,,1190,80,85,85,36.6,100.9,98,628,74,84,84,36.2,100.9,98,562,87,86,86,37.1,101,98
"E","East Midlands","31","Leicestershire","31UG","Melton",,,578,86,87,86,37,100.6,98,307,81,88,85,36.7,100.7,97,271,92,85,86,37.4,100.6,99
"E","East Midlands","31","Leicestershire","31UH","North West Leicestershire",,,1090,78,81,80,36,100.5,97,564,70,81,80,35.6,100.6,96,526,87,80,81,36.4,100.5,98
"E","East Midlands","31","Leicestershire","31UJ","Oadby and Wigston",,,739,89,89,85,37.3,102.1,97,386,87,88,85,37.3,102.1,97,353,92,89,85,37.3,102.1,97
"E","East Midlands","32","Lincolnshire","32UB","Boston",,,759,70,77,70,35.2,100.4,90,374,64,78,69,34.7,100.5,91,385,76,77,72,35.6,100.3,90
"E","East Midlands","32","Lincolnshire","32UC","East Lindsey",,,1603,73,76,72,35.3,100.3,94,840,67,75,73,34.9,100.3,93,763,81,76,72,35.7,100.3,95
"E","East Midlands","32","Lincolnshire","32UD","Lincoln",,,829,66,71,67,33.2,99.4,94,436,59,71,67,33,99.4,94,393,74,70,67,33.5,99.5,94
"E","East Midlands","32","Lincolnshire","32UE","North Kesteven",,,1182,79,83,81,36.3,100.5,96,616,71,81,80,35.8,100.3,95,566,86,84,83,36.9,100.6,96
"E","East Midlands","32","Lincolnshire","32UF","South Holland",,,961,77,76,77,35.7,100.5,94,466,73,75,77,35.5,100.3,94,495,81,77,78,36,100.7,94
"E","East Midlands","32","Lincolnshire","32UG","South Kesteven",,,1558,83,83,82,36.9,100.9,96,779,79,84,82,36.7,100.8,95,779,87,82,82,37.1,100.9,96
"E","East Midlands","32","Lincolnshire","32UH","West Lindsey",,,1153,80,82,80,36.4,100.2,97,595,75,83,82,36.4,100.4,97,558,84,81,78,36.4,99.9,97
"E","East Midlands","34","Northamptonshire","34UB","Corby",,,854,69,71,66,33.6,98.3,96,425,61,71,68,33.5,98.3,96,429,77,71,64,33.6,98.4,95
"E","East Midlands","34","Northamptonshire","34UC","Daventry",,,971,79,83,80,36.3,100.4,96,502,73,82,79,35.9,100.2,97,469,86,83,80,36.7,100.5,96
"E","East Midlands","34","Northamptonshire","34UD","East Northamptonshire",,,994,75,79,78,35.3,99.9,97,510,65,78,78,34.7,99.8,97,484,85,80,78,36,100.1,98
"E","East Midlands","34","Northamptonshire","34UE","Kettering",,,1152,77,81,78,35.4,99.9,96,638,70,82,79,35.1,99.7,96,514,85,81,77,35.8,100.1,95
"E","East Midlands","34","Northamptonshire","34UF","Northampton",,,2411,67,72,68,34.1,99.8,92,1261,59,72,67,33.9,99.6,92,1150,76,73,68,34.2,100,92
"E","East Midlands","34","Northamptonshire","34UG","South Northamptonshire",,,1061,82,89,87,37.2,100.4,97,529,74,88,87,36.8,100.3,97,532,90,90,88,37.6,100.5,96
"E","East Midlands","34","Northamptonshire","34UH","Wellingborough",,,1006,64,75,71,34,99,96,495,55,75,70,33.5,98.9,97,511,73,75,71,34.5,99.1,95
"E","East Midlands","37","Nottinghamshire","37UB","Ashfield",,,1512,66,72,68,33.8,99.2,97,765,58,70,67,33.4,99.3,96,747,75,75,69,34.3,99.1,98
"E","East Midlands","37","Nottinghamshire","37UC","Bassetlaw",,,1445,65,72,70,34.4,98.8,95,731,56,70,70,33.8,98.5,95,714,74,74,70,35,99.2,95
"E","East Midlands","37","Nottinghamshire","37UD","Broxtowe",,,1196,76,80,77,35.7,99.3,96,640,68,80,76,35.1,99.2,97,556,85,81,79,36.4,99.5,96
"E","East Midlands","37","Nottinghamshire","37UE","Gedling",,,1310,76,79,75,35.2,99.5,96,665,72,81,77,35.1,99.5,96,645,81,77,73,35.2,99.6,96
"E","East Midlands","37","Nottinghamshire","37UF","Mansfield",,,1368,68,69,64,33.6,99.3,96,699,59,67,63,33,99.2,96,669,78,71,66,34.2,99.5,97
"E","East Midlands","37","Nottinghamshire","37UG","Newark and Sherwood",,,1391,72,74,74,34.6,99.4,97,719,66,72,73,34,99.2,97,672,80,76,76,35.2,99.7,97
"E","East Midlands","37","Nottinghamshire","37UJ","Rushcliffe",,,1179,82,87,86,37.7,100.3,96,610,78,87,86,37.5,100.2,97,569,87,87,86,38,100.4,96
"F","West Midlands",,,"00CN","Birmingham",,,13542,67,70,63,33.4,99.3,94,6959,58,69,61,32.8,99,94,6583,75,71,65,34.1,99.5,95
"F","West Midlands",,,"00CQ","Coventry",,,3611,69,73,67,33.7,99.4,95,1850,61,73,65,33.3,99.2,95,1761,77,73,68,34.2,99.6,96
"F","West Midlands",,,"00CR","Dudley",,,4066,72,75,72,34.7,100,96,2073,64,74,71,34.1,99.7,96,1993,80,75,72,35.3,100.2,97
"F","West Midlands",,,"00CS","Sandwell",,,4129,62,66,60,32.6,99.1,95,2141,52,64,58,31.9,99,94,1988,73,68,61,33.3,99.3,96
"F","West Midlands",,,"00CT","Solihull",,,2749,81,81,78,36.4,100.2,97,1388,75,82,78,36,100.1,97,1361,86,81,77,36.8,100.2,97
"F","West Midlands",,,"00CU","Walsall",,,3573,68,72,67,33.8,99.5,96,1825,59,70,66,33.3,99.3,96,1748,77,74,68,34.4,99.6,96
"F","West Midlands",,,"00CW","Wolverhampton",,,3451,68,69,62,33.2,99.3,96,1782,60,68,61,32.7,99.2,96,1669,77,70,63,33.8,99.4,96
"F","West Midlands",,,"00GA","Herefordshire, County of",,,2067,77,80,78,35.7,100.3,95,1026,69,79,76,35.1,100.2,95,1041,85,81,80,36.4,100.3,95
"F","West Midlands",,,"00GF","Telford and Wrekin",,,2175,68,74,68,34,99.2,96,1121,61,74,68,33.8,99,96,1054,76,75,69,34.3,99.4,96
"F","West Midlands",,,"00GL","Stoke-on-Trent",,,3089,66,70,64,33.4,99.1,95,1605,57,69,64,33,99,94,1484,76,71,64,33.8,99.3,96
"F","West Midlands","39","Shropshire","39UB","Bridgnorth",,,571,81,84,82,36.3,100.4,97,289,75,84,83,36.1,100.4,97,282,86,83,82,36.6,100.4,98
"F","West Midlands","39","Shropshire","39UC","North Shropshire",,,710,75,78,80,36.3,100.3,94,359,66,75,78,35.4,100.1,93,351,85,82,83,37.3,100.5,95
"F","West Midlands","39","Shropshire","39UD","Oswestry",,,431,71,82,76,35.1,100.3,95,217,62,80,75,34.4,100.1,95,214,81,83,77,35.7,100.4,94
"F","West Midlands","39","Shropshire","39UE","Shrewsbury and Atcham",,,1091,77,81,79,36.2,100.3,96,555,73,82,80,36.2,100.1,95,536,82,79,78,36.3,100.5,97
"F","West Midlands","39","Shropshire","39UF","South Shropshire",,,446,83,86,85,36.7,100.6,97,211,75,89,87,36.6,100.5,98,235,91,83,83,36.7,100.7,97
"F","West Midlands","41","Staffordshire","41UB","Cannock Chase",,,1274,68,75,70,33.9,99.6,97,623,59,76,71,33.6,99.6,97,651,75,75,69,34.1,99.6,97
"F","West Midlands","41","Staffordshire","41UC","East Staffordshire",,,1473,73,78,71,35.1,100.1,96,781,67,77,72,34.7,100.1,96,692,80,78,71,35.5,100.2,97
"F","West Midlands","41","Staffordshire","41UD","Lichfield",,,1227,79,83,80,36.1,100,97,612,70,81,78,35.5,100,97,615,88,86,82,36.7,100.1,97
"F","West Midlands","41","Staffordshire","41UE","Newcastle-under-Lyme",,,1439,75,78,76,35.2,99.8,98,745,67,77,75,34.7,99.8,97,694,84,79,77,35.7,99.8,98
"F","West Midlands","41","Staffordshire","41UF","South Staffordshire",,,1326,80,84,81,35.9,100.1,98,653,73,83,80,35.5,100,98,673,87,85,81,36.3,100.1,98
"F","West Midlands","41","Staffordshire","41UG","Stafford",,,1438,79,84,81,36.5,100.4,98,746,71,84,80,36,100.3,97,692,87,84,81,37,100.5,98
"F","West Midlands","41","Staffordshire","41UH","Staffordshire Moorlands",,,1136,82,84,78,36.4,100.7,98,597,76,83,78,36.1,100.6,98,539,89,85,78,36.7,100.8,97
"F","West Midlands","41","Staffordshire","41UK","Tamworth",,,1028,70,73,67,33.8,99.4,96,535,61,71,65,33.1,99.3,96,493,81,75,68,34.6,99.6,96
"F","West Midlands","44","Warwickshire","44UB","North Warwickshire",,,770,83,79,75,35.4,100.2,97,374,76,76,73,34.8,100.1,96,396,90,82,77,36,100.4,97
"F","West Midlands","44","Warwickshire","44UC","Nuneaton and Bedworth",,,1591,72,74,71,34.3,99.6,97,777,63,74,71,33.8,99.3,96,814,80,74,71,34.8,99.8,97
"F","West Midlands","44","Warwickshire","44UD","Rugby",,,1127,76,80,77,36.2,100.2,97,581,67,78,75,35.2,100,97,546,85,83,79,37.2,100.3,97
"F","West Midlands","44","Warwickshire","44UE","Stratford-on-Avon",,,1192,82,85,83,37.3,100.8,97,589,76,83,82,36.9,100.7,97,603,88,88,84,37.8,101,97
"F","West Midlands","44","Warwickshire","44UF","Warwick",,,1239,84,87,82,36.9,100.3,97,652,78,86,83,36.6,100.2,97,587,90,88,81,37.2,100.3,96
"F","West Midlands","47","Worcestershire","47UB","Bromsgrove",,,1248,81,85,82,36.4,100.2,98,651,74,84,81,35.8,100.1,98,597,88,86,82,36.9,100.4,98
"F","West Midlands","47","Worcestershire","47UC","Malvern Hills",,,803,80,82,81,36.2,100.2,97,413,71,81,80,35.8,100.2,97,390,89,83,83,36.7,100.2,96
"F","West Midlands","47","Worcestershire","47UD","Redditch",,,1054,68,74,71,34.1,100,94,555,57,74,68,33.5,99.7,94,499,79,74,76,34.9,100.3,94
"F","West Midlands","47","Worcestershire","47UE","Worcester",,,1071,73,74,72,34.5,99.7,96,540,67,75,71,34.2,99.6,95,531,79,72,72,34.8,99.8,97
"F","West Midlands","47","Worcestershire","47UF","Wychavon",,,1343,80,82,80,36.2,101,97,662,73,82,78,35.7,101,97,681,86,83,82,36.7,101,97
"F","West Midlands","47","Worcestershire","47UG","Wyre Forest",,,1161,65,75,72,34.4,99.6,95,613,56,74,69,33.8,99.4,95,548,75,75,74,35,99.8,96
"G","East of England",,,"00JA","Peterborough",,,2130,68,73,68,33.8,99.2,92,1100,62,73,68,33.6,99,93,1030,74,72,67,34,99.4,92
"G","East of England",,,"00KA","Luton",,,2516,67,73,68,33.7,99.7,95,1309,61,72,66,33.4,99.6,95,1207,74,74,70,34,99.8,95
"G","East of England",,,"00KF","Southend-on-Sea",,,2013,74,76,73,35.4,100,96,1006,66,75,71,34.7,99.8,96,1007,82,77,75,36.1,100.2,96
"G","East of England",,,"00KG","Thurrock",,,1889,71,72,68,34,99.8,96,977,63,71,66,33.4,99.8,95,912,78,74,70,34.8,99.8,96
"G","East of England","09","Bedfordshire","09UC","Mid Bedfordshire",,,1520,78,83,81,36.1,100.4,97,732,71,84,82,35.8,100.4,98,788,85,82,80,36.3,100.5,97
"G","East of England","09","Bedfordshire","09UD","Bedford",,,1731,69,75,69,34.3,99.5,94,898,59,74,69,33.8,99.4,94,833,79,75,70,34.8,99.7,94
"G","East of England","09","Bedfordshire","09UE","South Bedfordshire",,,1573,73,78,72,35,100.1,97,842,66,78,71,34.8,100,97,731,81,79,73,35.3,100.2,96
"G","East of England","12","Cambridgeshire","12UB","Cambridge",,,818,71,76,72,35.6,100.3,93,441,63,76,73,35.4,100.1,92,377,79,75,70,35.8,100.5,95
"G","East of England","12","Cambridgeshire","12UC","East Cambridgeshire",,,790,74,79,76,35.9,100.2,95,422,64,78,75,35,99.9,95,368,85,80,77,36.9,100.6,95
"G","East of England","12","Cambridgeshire","12UD","Fenland",,,1069,71,75,72,35.1,99.9,96,535,62,74,70,34.5,99.7,97,534,80,76,75,35.6,100,95
"G","East of England","12","Cambridgeshire","12UE","Huntingdonshire",,,2044,76,82,78,35.9,99.9,96,1073,69,81,78,35.5,99.8,95,971,84,83,78,36.3,100.1,98
"G","East of England","12","Cambridgeshire","12UG","South Cambridgeshire",,,1537,85,86,86,37.8,100.7,95,771,81,87,86,37.7,100.6,95,766,89,85,85,37.9,100.7,95
"G","East of England","22","Essex","22UB","Basildon",,,2263,70,74,69,34.4,99.6,96,1106,62,75,69,34,99.5,95,1157,77,74,69,34.8,99.6,96
"G","East of England","22","Essex","22UC","Braintree",,,1805,74,79,77,35.2,99.7,97,934,67,79,76,34.9,99.7,96,871,81,79,77,35.6,99.8,97
"G","East of England","22","Essex","22UD","Brentwood",,,922,85,88,84,37.1,99.7,94,471,79,87,83,36.7,99.6,95,451,90,89,85,37.5,99.7,94
"G","East of England","22","Essex","22UE","Castle Point",,,1189,79,80,75,35.4,99.7,98,605,70,77,73,34.8,99.4,97,584,89,83,77,36,99.9,98
"G","East of England","22","Essex","22UF","Chelmsford",,,2004,81,84,81,36.8,100,96,1036,75,83,80,36.4,100,96,968,88,86,82,37.2,100,96
"G","East of England","22","Essex","22UG","Colchester",,,1912,75,78,75,35.3,99.6,96,999,70,79,76,35.2,99.5,95,913,81,76,73,35.5,99.8,96
"G","East of England","22","Essex","22UH","Epping Forest",,,1332,75,79,75,35.3,99.6,97,700,68,77,73,34.7,99.5,96,632,83,82,78,35.9,99.7,98
"G","East of England","22","Essex","22UJ","Harlow",,,1020,74,71,68,33.9,100,96,514,68,72,70,33.7,100.2,96,506,80,69,66,34.1,99.8,96
"G","East of England","22","Essex","22UK","Maldon",,,758,81,81,77,35.9,100.1,97,409,78,84,81,36,100.1,98,349,84,77,72,35.9,100.2,97
"G","East of England","22","Essex","22UL","Rochford",,,1092,77,80,80,35.9,100.4,97,558,70,82,82,35.6,100.4,97,534,84,78,78,36.2,100.4,97
"G","East of England","22","Essex","22UN","Tendring",,,1713,68,72,69,33.7,99.2,96,885,59,71,69,33.4,99.1,95,828,77,72,70,34,99.3,97
"G","East of England","22","Essex","22UQ","Uttlesford",,,871,84,87,84,37.3,100.4,95,437,76,85,82,36.8,100.3,94,434,92,88,85,37.7,100.5,95
"G","East of England","26","Hertfordshire","26UB","Broxbourne",,,1180,74,79,75,34.9,99.3,97,632,67,80,75,34.9,99.3,97,548,81,77,75,34.9,99.4,98
"G","East of England","26","Hertfordshire","26UC","Dacorum",,,1687,81,81,79,36.3,100.2,96,833,73,80,78,35.9,100,96,854,88,82,81,36.6,100.3,97
"G","East of England","26","Hertfordshire","26UD","East Hertfordshire",,,1604,85,86,85,37.7,100.6,97,786,78,86,83,37,100.5,97,818,91,87,87,38.4,100.6,97
"G","East of England","26","Hertfordshire","26UE","Hertsmere",,,1041,83,83,80,36.5,100.2,95,533,76,83,79,35.9,100.3,96,508,90,83,80,37,100.2,95
"G","East of England","26","Hertfordshire","26UF","North Hertfordshire",,,1501,79,82,81,36.6,100.5,97,731,71,81,80,35.8,100.1,97,770,87,83,83,37.3,100.8,98
"G","East of England","26","Hertfordshire","26UG","St Albans",,,1490,86,87,85,38.3,100.9,97,751,81,87,85,37.8,100.6,97,739,91,87,85,38.7,101.2,97
"G","East of England","26","Hertfordshire","26UH","Stevenage",,,1188,72,75,72,34.5,99.6,96,593,61,72,70,33.7,99.5,95,595,84,78,74,35.3,99.8,96
"G","East of England","26","Hertfordshire","26UJ","Three Rivers",,,941,77,82,78,36.5,100.3,96,492,71,80,77,36.1,100.2,96,449,84,84,79,37,100.4,97
"G","East of England","26","Hertfordshire","26UK","Watford",,,987,78,80,76,36.1,100.4,95,518,71,80,75,35.7,100.2,96,469,84,79,76,36.5,100.5,94
"G","East of England","26","Hertfordshire","26UL","Welwyn Hatfield",,,1144,77,78,75,35.7,100,97,581,72,79,74,35.4,99.9,97,563,83,77,75,35.9,100,97
"G","East of England","33","Norfolk","33UB","Breckland",,,1419,73,78,77,35.3,100.3,96,702,64,77,75,34.8,100.1,95,717,82,79,78,35.8,100.5,97
"G","East of England","33","Norfolk","33UC","Broadland",,,1425,78,86,82,36.4,100.3,97,739,72,84,81,35.9,100.3,97,686,86,87,83,37,100.4,98
"G","East of England","33","Norfolk","33UD","Great Yarmouth",,,1224,70,75,65,34.1,99.8,94,619,61,75,65,33.8,99.7,93,605,78,75,66,34.4,99.8,94
"G","East of England","33","Norfolk","33UE","King's Lynn and West Norfolk",,,1513,68,77,75,34.4,99.9,96,797,60,79,76,34.2,99.8,96,716,77,76,73,34.5,100,95
"G","East of England","33","Norfolk","33UF","North Norfolk",,,1045,75,79,78,35.4,100.1,96,548,69,79,77,34.9,100,95,497,82,79,78,36,100.3,97
"G","East of England","33","Norfolk","33UG","Norwich",,,1217,65,73,66,34.2,99.8,94,580,57,71,64,33.5,99.5,94,637,73,75,68,34.8,100,93
"G","East of England","33","Norfolk","33UH","South Norfolk",,,1300,80,86,82,37,100.8,97,685,72,86,81,36.4,100.7,97,615,89,86,83,37.6,100.8,96
"G","East of England","42","Suffolk","42UB","Babergh",,,923,82,81,79,36.4,100.6,96,478,74,79,78,35.6,100.4,95,445,91,84,81,37.2,100.8,98
"G","East of England","42","Suffolk","42UC","Forest Heath",,,480,71,77,76,35.1,100.8,94,255,59,75,75,34.4,100.5,93,225,85,79,76,35.8,101.1,94
"G","East of England","42","Suffolk","42UD","Ipswich",,,1494,74,74,69,34.3,100,96,740,67,75,70,34,99.6,96,754,81,73,69,34.6,100.4,95
"G","East of England","42","Suffolk","42UE","Mid Suffolk",,,1077,83,85,83,36.9,100.8,97,550,76,83,81,36.1,100.5,96,527,90,87,85,37.7,101.1,97
"G","East of England","42","Suffolk","42UF","St Edmundsbury",,,1179,76,78,78,35.7,100.8,94,614,68,77,77,35.1,100.4,93,565,84,79,79,36.3,101.2,94
"G","East of England","42","Suffolk","42UG","Suffolk Coastal",,,1321,81,82,82,36.5,100.7,96,695,75,80,82,36.1,100.6,96,626,88,83,83,36.9,100.8,97
"G","East of England","42","Suffolk","42UH","Waveney",,,1454,70,75,74,34.7,100.7,96,692,63,76,75,34.6,100.7,97,762,78,73,73,34.9,100.8,95
"H","London",,,"00AA","City of London",,,21,x,81,81,36.4,100.1,90,11,x,x,x,35.6,99.5,100,10,x,x,x,37.2,100.8,80
"H","London",,,"00AB","Barking and Dagenham",,,2536,68,71,64,33.3,98.9,92,1245,58,70,62,32.8,98.7,91,1291,77,72,65,33.8,99.2,93
"H","London",,,"00AC","Barnet",,,3109,81,82,78,36.7,100.9,91,1599,75,82,76,36.1,100.7,92,1510,87,83,80,37.3,101.1,91
"H","London",,,"00AD","Bexley",,,3025,75,78,73,35.5,100.1,96,1545,68,78,73,35.1,99.9,96,1480,82,78,72,35.8,100.2,96
"H","London",,,"00AE","Brent",,,2861,74,76,69,34.7,100.5,90,1425,67,75,66,34.1,100.2,90,1436,81,77,71,35.3,100.7,91
"H","London",,,"00AF","Bromley",,,3329,81,84,80,36.8,100.2,96,1709,76,84,79,36.4,100,96,1620,87,84,80,37.2,100.5,96
"H","London",,,"00AG","Camden",,,1225,74,75,69,34.3,99.3,94,572,67,76,70,34,99.3,94,653,80,74,68,34.5,99.4,94
"H","London",,,"00AH","Croydon",,,4076,74,76,70,34.9,99.8,92,2084,68,76,70,34.6,99.6,92,1992,81,75,71,35.2,100,93
"H","London",,,"00AJ","Ealing",,,3074,75,78,71,35,100.3,92,1548,67,77,69,34.4,100.1,91,1526,83,79,73,35.5,100.6,93
"H","London",,,"00AK","Enfield",,,3639,71,74,67,34.3,99.7,94,1879,66,75,67,34,99.5,94,1760,78,73,67,34.5,99.8,95
"H","London",,,"00AL","Greenwich",,,2667,70,70,63,33.8,99.5,92,1340,62,71,63,33.5,99.3,92,1327,77,70,64,34.1,99.6,92
"H","London",,,"00AM","Hackney",,,2093,64,65,57,32.4,99.8,91,984,57,65,55,31.9,99.5,91,1109,71,66,59,32.9,100.1,91
"H","London",,,"00AN","Hammersmith and Fulham",,,1064,73,72,67,34,99.3,90,541,64,71,66,33.6,99,90,523,82,73,68,34.4,99.5,91
"H","London",,,"00AP","Haringey",,,2315,64,67,58,32.7,99.5,91,1227,58,67,58,32.3,99.3,91,1088,71,68,59,33.2,99.7,92
"H","London",,,"00AQ","Harrow",,,2450,83,83,78,36.7,100.9,91,1231,78,83,78,36.4,100.6,91,1219,87,83,78,37.1,101.1,92
"H","London",,,"00AR","Havering",,,3004,79,81,75,35.5,99.5,96,1546,74,81,74,35.2,99.5,96,1458,85,81,75,35.8,99.6,96
"H","London",,,"00AS","Hillingdon",,,3126,73,77,72,34.9,99.1,94,1615,66,78,73,34.7,99,94,1511,80,77,71,35.2,99.3,95
"H","London",,,"00AT","Hounslow",,,2488,76,76,73,35.1,100,92,1240,68,75,69,34.4,99.7,92,1248,84,78,76,35.8,100.2,92
"H","London",,,"00AU","Islington",,,1527,64,68,61,33,99.4,92,781,57,68,60,32.5,99.2,91,746,72,67,61,33.6,99.5,93
"H","London",,,"00AW","Kensington and Chelsea",,,543,x,79,73,35.1,99.5,93,277,x,x,x,34.5,99.4,93,266,x,x,x,35.7,99.6,93
"H","London",,,"00AX","Kingston upon Thames",,,1412,83,83,80,37.6,101,93,718,75,82,78,36.9,100.7,91,694,90,85,82,38.3,101.4,94
"H","London",,,"00AY","Lambeth",,,2444,70,70,61,33.3,99.6,91,1232,62,69,58,32.7,99.3,91,1212,78,71,63,33.9,99.8,91
"H","London",,,"00AZ","Lewisham",,,2887,72,71,65,33.8,99.6,93,1433,65,71,63,33.3,99.5,93,1454,79,72,66,34.3,99.7,92
"H","London",,,"00BA","Merton",,,1804,73,76,69,34.9,100.4,90,985,68,75,67,34.6,100.2,90,819,78,76,71,35.2,100.6,90
"H","London",,,"00BB","Newham",,,3508,66,70,60,33.1,99.5,90,1746,56,69,58,32.4,99.2,90,1762,75,70,62,33.7,99.9,90
"H","London",,,"00BC","Redbridge",,,3219,81,82,77,36.2,100.8,92,1634,73,81,75,35.7,100.5,92,1585,88,83,79,36.7,101,91
"H","London",,,"00BD","Richmond upon Thames",,,1185,85,84,81,37.4,100.3,95,548,80,84,79,36.6,99.9,95,637,89,85,82,38.1,100.7,94
"H","London",,,"00BE","Southwark",,,2475,68,69,61,33,100,89,1259,61,68,59,32.5,99.8,88,1216,77,70,64,33.6,100.1,90
"H","London",,,"00BF","Sutton",,,2265,82,82,80,36.8,100.3,94,1199,76,83,78,36.4,100.2,93,1066,88,81,82,37.2,100.4,95
"H","London",,,"00BG","Tower Hamlets",,,2167,66,69,59,32.8,98.9,93,1102,57,70,60,32.5,98.6,92,1065,76,68,58,33.2,99.1,94
"H","London",,,"00BH","Waltham Forest",,,2772,73,74,67,34.1,100.1,92,1386,65,73,64,33.5,99.9,93,1386,80,75,69,34.7,100.3,92
"H","London",,,"00BJ","Wandsworth",,,1725,71,72,65,34.3,100.1,91,855,64,73,63,33.7,99.9,90,870,78,72,67,34.9,100.4,91
"H","London",,,"00BK","Westminster",,,978,68,74,67,33.6,99,90,506,62,75,66,33.2,98.9,90,472,75,72,69,34,99,90
"J","South East",,,"00LC","Medway",,,3687,71,76,70,34.8,100,96,1786,61,74,67,33.9,99.5,96,1901,81,77,73,35.7,100.5,96
"J","South East",,,"00MA","Bracknell Forest",,,1202,81,84,81,36.4,100.2,96,642,75,85,80,35.9,100.1,97,560,88,84,81,36.9,100.4,96
"J","South East",,,"00MB","West Berkshire",,,1754,81,81,81,36.5,100.7,96,942,74,80,80,36.1,100.5,95,812,89,82,81,37,100.9,96
"J","South East",,,"00MC","Reading",,,1520,72,75,68,34.7,100.3,92,759,64,76,69,34.3,100.1,91,761,80,74,66,35.1,100.5,92
"J","South East",,,"00MD","Slough",,,1704,73,79,70,35,100.3,91,852,69,79,72,34.9,100.3,91,852,77,79,69,35.1,100.3,90
"J","South East",,,"00ME","Windsor and Maidenhead",,,1370,82,86,84,37.4,100.5,96,723,76,84,83,37.2,100.5,95,647,89,87,85,37.7,100.6,97
"J","South East",,,"00MF","Wokingham",,,1801,88,89,85,38.2,101.3,96,932,83,88,85,38,101.2,96,869,92,89,86,38.4,101.4,97
"J","South East",,,"00MG","Milton Keynes",,,2980,73,76,70,34.8,100.2,94,1554,66,76,70,34.5,100.2,94,1426,81,76,70,35.1,100.3,94
"J","South East",,,"00ML","Brighton and Hove",,,2265,67,72,66,34.1,99,94,1128,60,75,68,34,99,95,1137,73,69,64,34.3,99,94
"J","South East",,,"00MR","Portsmouth",,,2129,69,70,64,33.5,99,95,1094,61,71,65,33.2,99,96,1035,77,70,64,33.9,98.9,94
"J","South East",,,"00MS","Southampton",,,2422,67,69,64,33.7,99.5,94,1165,56,67,62,32.7,99.2,93,1257,78,71,66,34.6,99.8,95
"J","South East",,,"00MW","Isle of Wight",,,1552,68,72,68,33.9,99.7,96,787,58,70,66,33.2,99.6,96,765,78,74,71,34.5,99.8,95
"J","South East","11","Buckinghamshire","11UB","Aylesbury Vale",,,1987,80,82,79,36.9,100.7,95,1027,73,81,76,36.4,100.7,94,960,87,84,82,37.4,100.7,96
"J","South East","11","Buckinghamshire","11UC","Chiltern",,,1117,88,89,89,39.4,101.5,95,556,84,88,87,38.9,101.4,96,561,93,91,90,39.9,101.5,94
"J","South East","11","Buckinghamshire","11UE","South Bucks",,,722,85,87,84,38.3,100.7,92,354,80,87,82,37.9,100.7,95,368,90,87,86,38.7,100.7,89
"J","South East","11","Buckinghamshire","11UF","Wycombe",,,1980,80,83,80,37.3,100.9,95,1034,75,84,80,37,100.7,95,946,85,83,80,37.6,101,96
"J","South East","21","East Sussex","21UC","Eastbourne",,,1051,68,75,71,34.2,99.3,95,563,59,75,69,33.6,99.1,94,488,79,76,74,34.9,99.6,97
"J","South East","21","East Sussex","21UD","Hastings",,,1092,63,74,65,33.2,99.1,93,553,56,73,63,32.9,98.9,93,539,69,75,67,33.6,99.3,94
"J","South East","21","East Sussex","21UF","Lewes",,,1000,74,79,75,35.1,99.8,96,529,68,81,77,34.8,99.8,97,471,81,76,72,35.4,99.8,95
"J","South East","21","East Sussex","21UG","Rother",,,913,68,78,71,34.8,99.5,95,456,59,76,71,34.2,99.3,96,457,77,79,71,35.5,99.8,93
"J","South East","21","East Sussex","21UH","Wealden",,,1576,79,83,81,36.6,100.5,97,802,72,84,83,36.7,100.4,96,774,86,83,80,36.6,100.6,97
"J","South East","24","Hampshire","24UB","Basingstoke and Deane",,,1856,79,79,77,35.8,100.1,96,929,72,79,77,35.5,100,96,927,85,80,78,36.1,100.2,97
"J","South East","24","Hampshire","24UC","East Hampshire",,,1253,80,81,80,36.5,100.3,94,678,75,80,80,36,100.2,94,575,86,82,80,37,100.6,95
"J","South East","24","Hampshire","24UD","Eastleigh",,,1831,81,85,81,36.2,99.4,97,962,74,84,81,35.8,99.3,97,869,88,86,82,36.6,99.5,97
"J","South East","24","Hampshire","24UE","Fareham",,,1267,83,85,84,36.9,100.4,97,645,77,86,83,36.7,100.2,98,622,89,83,84,37.1,100.6,97
"J","South East","24","Hampshire","24UF","Gosport",,,998,68,70,66,33.8,99.7,95,502,61,70,67,33.7,99.8,94,496,75,69,66,34,99.6,95
"J","South East","24","Hampshire","24UG","Hart",,,971,84,86,86,37.3,100.3,96,477,80,88,88,37.3,100.2,97,494,88,84,85,37.3,100.3,96
"J","South East","24","Hampshire","24UH","Havant",,,1450,67,72,65,33.8,99.5,97,755,59,74,67,33.4,99.5,97,695,76,71,63,34.2,99.6,96
"J","South East","24","Hampshire","24UJ","New Forest",,,2147,77,82,80,35.8,99.9,97,1086,70,83,82,35.6,99.8,97,1061,84,81,79,36.1,99.9,97
"J","South East","24","Hampshire","24UL","Rushmoor",,,1033,76,77,72,34.9,100.2,93,529,69,75,71,34.4,100.2,92,504,85,79,72,35.3,100.1,94
"J","South East","24","Hampshire","24UN","Test Valley",,,1397,75,81,78,35.9,100.3,96,725,69,81,77,35.6,100.2,96,672,80,81,78,36.3,100.4,96
"J","South East","24","Hampshire","24UP","Winchester",,,1266,82,85,83,37.3,100.6,95,671,76,85,83,36.9,100.4,94,595,87,86,84,37.9,100.8,96
"J","South East","29","Kent","29UB","Ashford",,,1409,65,75,71,34.5,99.5,94,723,56,74,69,33.8,99.1,93,686,75,77,72,35.3,100,95
"J","South East","29","Kent","29UC","Canterbury",,,1503,76,80,75,35.8,100.5,95,750,70,80,75,35.5,100.3,95,753,83,80,75,36.1,100.6,95
"J","South East","29","Kent","29UD","Dartford",,,1265,75,78,73,35.5,99.3,97,643,69,76,71,35.3,99.5,96,622,81,81,75,35.6,99.1,97
"J","South East","29","Kent","29UE","Dover",,,1355,72,77,74,35.2,100.7,97,690,66,78,74,34.8,100.4,96,665,78,76,74,35.7,101,98
"J","South East","29","Kent","29UG","Gravesham",,,1326,71,78,73,34.9,99.5,95,664,63,79,73,34.2,99.1,95,662,78,77,73,35.7,100,95
"J","South East","29","Kent","29UH","Maidstone",,,2206,68,74,68,34.6,99.3,95,1160,62,75,71,34.7,99.4,95,1046,74,72,65,34.4,99.2,95
"J","South East","29","Kent","29UK","Sevenoaks",,,1365,80,82,80,36.9,100,95,673,74,83,79,36.9,100.3,96,692,85,81,80,36.8,99.7,94
"J","South East","29","Kent","29UL","Shepway",,,1267,68,75,70,34.3,99.5,95,676,61,76,70,33.9,99.4,95,591,76,74,71,34.7,99.5,95
"J","South East","29","Kent","29UM","Swale",,,1661,66,71,66,34.1,100.1,96,863,57,69,64,33.1,99.7,96,798,75,73,68,35.2,100.6,95
"J","South East","29","Kent","29UN","Thanet",,,1710,70,72,69,34.6,100.9,95,879,63,71,69,34.2,100.6,94,831,78,72,69,34.9,101.2,97
"J","South East","29","Kent","29UP","Tonbridge and Malling",,,1563,76,77,74,35.6,99.8,96,671,68,76,72,35.7,100.1,96,892,81,77,76,35.6,99.5,96
"J","South East","29","Kent","29UQ","Tunbridge Wells",,,1377,77,80,78,36.9,100.4,93,670,72,81,78,36.6,100.5,93,707,82,79,78,37.1,100.3,93
"J","South East","38","Oxfordshire","38UB","Cherwell",,,1505,75,76,75,34.9,99.9,95,799,66,76,74,34.5,99.8,95,706,84,77,75,35.3,99.9,95
"J","South East","38","Oxfordshire","38UC","Oxford",,,1149,61,68,62,33.6,100.4,90,596,54,69,63,33.3,100.3,89,553,68,67,60,33.8,100.5,91
"J","South East","38","Oxfordshire","38UD","South Oxfordshire",,,1384,81,82,81,36.7,100.6,96,710,76,82,81,36.3,100.6,95,674,87,83,81,37.1,100.5,97
"J","South East","38","Oxfordshire","38UE","Vale of White Horse",,,1217,76,83,79,36.1,100.6,95,639,70,82,79,35.7,100.5,94,578,83,84,79,36.6,100.7,96
"J","South East","38","Oxfordshire","38UF","West Oxfordshire",,,1165,80,85,82,36.8,100.6,96,615,76,86,82,36.5,100.5,96,550,85,85,82,37.1,100.7,96
"J","South East","43","Surrey","43UB","Elmbridge",,,914,80,82,76,36.3,100.1,96,477,73,81,75,35.8,100,95,437,87,83,78,36.7,100.1,96
"J","South East","43","Surrey","43UC","Epsom and Ewell",,,771,85,87,86,37.9,100.9,97,390,78,84,83,37,100.8,97,381,92,91,90,38.7,101,96
"J","South East","43","Surrey","43UD","Guildford",,,1240,77,80,78,35.8,99.9,96,650,71,79,79,35.7,99.8,95,590,83,80,77,36,100,97
"J","South East","43","Surrey","43UE","Mole Valley",,,835,80,83,81,36.9,100.4,96,413,73,81,78,36.4,100.1,96,422,86,86,83,37.3,100.6,95
"J","South East","43","Surrey","43UF","Reigate and Banstead",,,1283,77,81,76,36.1,100,94,630,72,81,77,35.7,99.8,94,653,82,82,75,36.5,100.1,93
"J","South East","43","Surrey","43UG","Runnymede",,,694,77,80,76,36,99.9,96,377,71,80,75,35.5,99.7,96,317,85,80,78,36.5,100.2,96
"J","South East","43","Surrey","43UH","Spelthorne",,,1049,84,80,78,35.8,100.1,97,504,78,82,77,35.5,99.9,97,545,90,79,78,36.1,100.2,98
"J","South East","43","Surrey","43UJ","Surrey Heath",,,959,86,86,84,37.4,100.4,96,518,83,86,85,37.3,100.3,95,441,90,85,83,37.5,100.5,97
"J","South East","43","Surrey","43UK","Tandridge",,,772,74,80,77,35.7,99.8,95,391,68,83,78,35.5,99.8,96,381,81,77,77,35.9,99.8,95
"J","South East","43","Surrey","43UL","Waverley",,,996,82,83,83,37.1,100.5,97,486,75,84,83,36.6,100.2,97,510,88,83,82,37.7,100.8,97
"J","South East","43","Surrey","43UM","Woking",,,951,80,84,81,36.9,100.8,94,478,75,84,82,36.6,100.6,94,473,85,84,80,37.3,101.1,94
"J","South East","45","West Sussex","45UB","Adur",,,648,74,73,67,33.9,99.2,97,326,66,76,69,33.7,99,98,322,82,71,64,34.1,99.5,97
"J","South East","45","West Sussex","45UC","Arun",,,1542,68,75,71,34.3,99.3,95,819,61,76,72,34,99.2,95,723,76,73,70,34.6,99.4,96
"J","South East","45","West Sussex","45UD","Chichester",,,1081,75,81,82,35.9,100,95,551,69,82,84,35.4,99.8,95,530,82,79,80,36.5,100.3,95
"J","South East","45","West Sussex","45UE","Crawley",,,1272,76,78,72,34.8,99.9,95,641,69,78,72,34.6,99.7,95,631,83,78,72,35,100.1,96
"J","South East","45","West Sussex","45UF","Horsham",,,1485,83,86,85,37.5,100.7,97,757,79,88,85,37.3,100.4,96,728,87,84,84,37.8,101.1,97
"J","South East","45","West Sussex","45UG","Mid Sussex",,,1453,82,85,82,36.6,100.5,96,753,77,84,82,36.4,100.5,96,700,87,85,82,36.9,100.4,96
"J","South East","45","West Sussex","45UH","Worthing",,,1081,77,79,75,35.4,100.4,96,532,70,79,74,35.1,100,97,549,84,79,76,35.7,100.7,96
"K","South West",,,"00HA","Bath and North East Somerset",,,1739,78,81,79,36.3,100.7,97,857,70,79,77,35.6,100.5,97,882,85,82,80,36.9,100.8,97
"K","South West",,,"00HB","Bristol, City of",,,3754,62,66,60,33,99.3,92,1908,53,65,59,32.5,99.2,93,1846,71,67,62,33.5,99.4,92
"K","South West",,,"00HC","North Somerset",,,2200,73,81,78,35.4,99.9,96,1152,63,80,78,35.1,99.8,96,1048,83,82,77,35.9,100,96
"K","South West",,,"00HD","South Gloucestershire",,,3183,76,81,77,35.7,100,97,1687,68,79,76,35.1,99.8,97,1496,86,83,79,36.3,100.1,97
"K","South West",,,"00HG","Plymouth",,,2984,69,77,71,34.4,99.6,94,1515,60,76,70,34,99.6,94,1469,78,78,72,34.8,99.6,95
"K","South West",,,"00HH","Torbay",,,1530,73,77,73,35,99.7,95,798,67,78,73,34.7,99.5,93,732,80,76,72,35.4,99.8,96
"K","South West",,,"00HN","Bournemouth",,,1600,75,77,75,35.8,100,94,810,66,77,74,35.2,99.7,94,790,85,76,75,36.4,100.4,93
"K","South West",,,"00HP","Poole",,,1557,76,81,78,36.4,100.5,95,758,68,80,78,36,100.2,95,799,82,81,78,36.7,100.7,96
"K","South West",,,"00HX","Swindon",,,2381,70,75,72,34.6,99.6,94,1232,63,75,73,34.1,99.5,94,1149,78,75,71,35.1,99.7,95
"K","South West","15","Cornwall and Isles of Scilly","15UB","Caradon",,,1027,77,82,78,35.9,100.3,97,532,69,83,77,35.5,100,96,495,86,81,79,36.3,100.6,98
"K","South West","15","Cornwall and Isles of Scilly","15UC","Carrick",,,980,77,81,78,35.7,100.3,96,483,72,84,80,35.9,100.2,96,497,82,79,75,35.4,100.3,95
"K","South West","15","Cornwall and Isles of Scilly","15UD","Kerrier",,,1105,71,78,75,34.8,100.1,96,580,65,78,75,34.5,99.9,96,525,79,79,74,35,100.4,97
"K","South West","15","Cornwall and Isles of Scilly","15UE","North Cornwall",,,1008,73,78,77,35.1,100.3,96,516,66,78,78,34.6,100.2,95,492,80,78,76,35.7,100.3,96
"K","South West","15","Cornwall and Isles of Scilly","15UF","Penwith",,,749,80,77,74,35,100.4,96,378,73,76,73,34.3,100.3,96,371,87,79,74,35.6,100.4,96
"K","South West","15","Cornwall and Isles of Scilly","15UG","Restormel",,,1204,70,78,73,34.6,99.6,96,615,63,78,73,34.4,99.5,95,589,78,77,73,34.7,99.7,97
"K","South West","15","Cornwall and Isles of Scilly","15UH","Isles of Scilly",,,23,x,x,x,38.7,103.9,96,14,x,x,x,38.6,104,93,9,x,100,100,39,103.8,100
"K","South West","18","Devon","18UB","East Devon",,,1367,81,83,82,36.6,100.5,95,678,74,82,81,35.9,100.2,95,689,87,85,83,37.2,100.8,95
"K","South West","18","Devon","18UC","Exeter",,,1041,68,78,72,34.5,100,95,552,62,78,75,34.4,100,95,489,74,77,69,34.6,100,96
"K","South West","18","Devon","18UD","Mid Devon",,,790,78,80,78,35.7,100.7,96,424,71,79,78,35,100.7,96,366,86,81,77,36.4,100.8,96
"K","South West","18","Devon","18UE","North Devon",,,1097,67,79,75,34.5,99.6,96,580,53,78,74,33.9,99.2,96,517,83,81,77,35.1,100,96
"K","South West","18","Devon","18UG","South Hams",,,1022,81,84,82,36.7,100.2,94,515,74,83,83,36.4,100.2,93,507,88,84,82,37,100.3,95
"K","South West","18","Devon","18UH","Teignbridge",,,1396,73,78,73,35.1,99.8,95,745,63,76,70,34.2,99.6,95,651,84,81,75,36.1,100.1,95
"K","South West","18","Devon","18UK","Torridge",,,680,73,79,77,34.9,100.3,97,319,65,76,78,34.4,100.1,97,361,81,81,76,35.3,100.4,97
"K","South West","18","Devon","18UL","West Devon",,,558,84,86,84,37.1,100.5,96,276,75,84,83,36.4,100.2,96,282,93,87,85,37.8,100.9,96
"K","South West","19","Dorset","19UC","Christchurch",,,501,80,83,81,36.2,100.1,96,248,72,81,79,35.7,99.7,97,253,87,85,83,36.8,100.4,94
"K","South West","19","Dorset","19UD","East Dorset",,,950,79,83,82,37.2,100.9,97,502,74,83,81,37.2,101,96,448,85,83,83,37.2,100.8,97
"K","South West","19","Dorset","19UE","North Dorset",,,692,76,81,79,35.9,100.9,93,356,69,80,80,35.7,100.4,94,336,83,83,79,36.2,101.3,93
"K","South West","19","Dorset","19UG","Purbeck",,,546,76,83,77,35.8,100.7,95,274,67,79,76,34.7,100.4,95,272,85,87,79,36.8,101,96
"K","South West","19","Dorset","19UH","West Dorset",,,1072,74,83,81,35.3,99.8,94,563,67,82,81,34.9,99.7,94,509,83,84,82,35.8,99.9,95
"K","South West","19","Dorset","19UJ","Weymouth and Portland",,,741,73,75,70,34.5,99.7,96,391,63,73,70,33.7,99.7,95,350,84,77,71,35.4,99.8,96
"K","South West","23","Gloucestershire","23UB","Cheltenham",,,1092,80,81,79,36.8,100.2,94,564,76,81,79,36.4,100.2,95,528,85,80,80,37.3,100.2,93
"K","South West","23","Gloucestershire","23UC","Cotswold",,,853,78,86,84,36.9,100.8,95,438,69,87,84,36.6,100.6,95,415,88,86,83,37.4,101,94
"K","South West","23","Gloucestershire","23UD","Forest of Dean",,,949,71,75,75,34.7,99.9,93,483,63,74,75,34,99.7,93,466,80,76,76,35.5,100.1,94
"K","South West","23","Gloucestershire","23UE","Gloucester",,,1515,74,76,73,35.6,100.3,94,769,66,75,71,34.9,100,93,746,83,77,76,36.3,100.7,95
"K","South West","23","Gloucestershire","23UF","Stroud",,,1347,76,82,80,36.8,100.3,96,717,68,79,78,36,99.9,96,630,85,86,83,37.7,100.8,96
"K","South West","23","Gloucestershire","23UG","Tewkesbury",,,914,83,86,84,37.6,100.4,97,488,75,85,82,37.2,100.1,96,426,91,88,85,38,100.6,97
"K","South West","40","Somerset","40UB","Mendip",,,1245,76,80,78,35.7,100,97,627,69,79,76,35.3,99.9,97,618,83,82,81,36.2,100.1,96
"K","South West","40","Somerset","40UC","Sedgemoor",,,1373,71,77,74,35.1,100.2,96,702,62,76,74,34.7,100.1,95,671,80,78,75,35.5,100.3,97
"K","South West","40","Somerset","40UD","South Somerset",,,1792,73,80,75,35.3,100.1,95,894,65,80,75,34.8,100,94,898,81,80,76,35.8,100.3,95
"K","South West","40","Somerset","40UE","Taunton Deane",,,1262,76,80,75,35,100,96,640,67,79,73,34.3,99.8,96,622,85,81,76,35.6,100.3,96
"K","South West","40","Somerset","40UF","West Somerset",,,352,x,x,x,34.6,99.7,98,187,x,x,x,33.6,99.7,98,165,x,82,79,35.7,99.8,98
"K","South West","46","Wiltshire","46UB","Kennet",,,838,76,83,80,36,100.8,96,436,70,81,79,35.5,100.6,96,402,83,84,81,36.6,101,97
"K","South West","46","Wiltshire","46UC","North Wiltshire",,,1707,77,82,80,36.1,100.3,97,907,69,81,81,35.5,100.2,97,800,85,84,80,36.8,100.4,96
"K","South West","46","Wiltshire","46UD","Salisbury",,,1244,75,80,75,36.3,100.9,96,603,65,78,73,35.6,100.6,97,641,85,81,77,37,101.2,95
"K","South West","46","Wiltshire","46UF","West Wiltshire",,,1467,72,79,75,34.8,100.3,97,743,63,77,74,34.3,100.3,98,724,82,80,75,35.4,100.3,97