DATASET_TITLE,"National Curriculum Assessments at Key Stage 3 by Gender in England (Referenced by Location of Pupil Residence), 2006",,,,,,,,,,FROM,Sep-2005,Sep-2005,Sep-2005,Sep-2005,Sep-2005,Sep-2005,Sep-2005,Sep-2005,Sep-2005,Sep-2005,Sep-2005,Sep-2005,Sep-2005,Sep-2005,Sep-2005,Sep-2005,Sep-2005,Sep-2005,Sep-2005,Sep-2005,Sep-2005
AREA_TYPE,Region,,,,,,,,,,TO,Aug-2006,Aug-2006,Aug-2006,Aug-2006,Aug-2006,Aug-2006,Aug-2006,Aug-2006,Aug-2006,Aug-2006,Aug-2006,Aug-2006,Aug-2006,Aug-2006,Aug-2006,Aug-2006,Aug-2006,Aug-2006,Aug-2006,Aug-2006,Aug-2006
GEO_HIERARCHY,NeSS Geography Hierarchy,,,,,,,,,,HEADING,Pupils Eligible for KS3 Assessment,Pupils Achieving Level 5+; in English,Pupils Achieving Level 5+; in Mathematics,Pupils Achieving Level 5+; in Science,Average Point Score of Pupils Eligible for KS3 Assessment,KS2 - KS3 Value Added Measure of Pupils Eligible for KS3 Assessment,KS2 - KS3 Value Added Coverage of Pupils Eligible for KS3 Assessment,Boy Pupils Eligible for KS3 Assessment,Boy Pupils Achieving Level 5+; in English,Boy Pupils Achieving Level 5+; in Mathematics,Boy Pupils Achieving Level 5+; in Science,Average Point Score of Boy Pupils Eligible for KS3 Assessment,KS2 - KS3 Value Added Measure of Boy Pupils Eligible for KS3 Assessment,KS2 - KS3 Value Added Coverage of Boy Pupils Eligible for KS3 Assessment,Girl Pupils Eligible for KS3 Assessment,Girl Pupils Achieving Level 5+; in English,Girl Pupils Achieving Level 5+; in Mathematics,Girl Pupils Achieving Level 5+; in Science,Average Point Score of Girl Pupils Eligible for KS3 Assessment,KS2 - KS3 Value Added Measure of Girl Pupils Eligible for KS3 Assessment,KS2 - KS3 Value Added Coverage of Girl Pupils Eligible for KS3 Assessment
,,,,,,,,,,,MEASUREMENT_UNIT,Count,Percentage,Percentage,Percentage,Score,Score,Percentage,Count,Percentage,Percentage,Percentage,Score,Score,Percentage,Count,Percentage,Percentage,Percentage,Score,Score,Percentage
,,,,,,,,,,,STATISTICAL_UNIT,Persons,Persons,Persons,Persons,Persons,Persons,Persons,Persons,Persons,Persons,Persons,Persons,Persons,Persons,Persons,Persons,Persons,Persons,Persons,Persons,Persons
UK_CODE,UK_NAME,GB_CODE,GB_NAME,EW_CODE,EW_NAME,CTRY_CODE,CTRY_NAME,GOR_CODE,GOR_NAME,AREA_METADATA,,DATA_VALUE,DATA_VALUE,DATA_VALUE,DATA_VALUE,DATA_VALUE,DATA_VALUE,DATA_VALUE,DATA_VALUE,DATA_VALUE,DATA_VALUE,DATA_VALUE,DATA_VALUE,DATA_VALUE,DATA_VALUE,DATA_VALUE,DATA_VALUE,DATA_VALUE,DATA_VALUE,DATA_VALUE,DATA_VALUE,DATA_VALUE
"213","United Kingdom","078","Great Britain","727","England and Wales","064","England",,,,,620265,73,77,72,35,99.8,95,317396,65,76,71,34.6,99.7,94,302869,80,77,73,35.5,100,95
"213","United Kingdom","078","Great Britain","727","England and Wales","064","England","A","North East",,,32314,70,76,71,34.5,99.4,96,16589,63,75,71,34.1,99.3,96,15725,77,77,71,35,99.4,97
"213","United Kingdom","078","Great Britain","727","England and Wales","064","England","B","North West",,,87566,72,76,71,34.8,99.5,96,44996,65,76,71,34.4,99.4,96,42570,79,77,71,35.1,99.5,96
"213","United Kingdom","078","Great Britain","727","England and Wales","064","England","D","Yorkshire and The Humber",,,64237,69,75,70,34.5,99.5,96,32738,62,74,69,34,99.3,95,31499,77,76,70,34.9,99.6,96
"213","United Kingdom","078","Great Britain","727","England and Wales","064","England","E","East Midlands",,,53329,74,78,74,35.1,99.9,96,27440,67,77,74,34.8,99.8,96,25889,81,78,75,35.5,100,96
"213","United Kingdom","078","Great Britain","727","England and Wales","064","England","F","West Midlands",,,68641,71,75,70,34.5,99.7,96,35100,63,74,69,34,99.6,96,33541,80,76,71,35.1,99.9,96
"213","United Kingdom","078","Great Britain","727","England and Wales","064","England","G","East of England",,,66345,75,79,76,35.5,100.1,96,33904,68,78,75,35.1,99.9,96,32441,83,79,76,35.9,100.2,96
"213","United Kingdom","078","Great Britain","727","England and Wales","064","England","H","London",,,77013,74,75,69,34.7,99.9,92,39002,67,75,68,34.2,99.7,92,38011,81,76,70,35.2,100.1,93
"213","United Kingdom","078","Great Britain","727","England and Wales","064","England","J","South East",,,94746,75,79,75,35.6,100.1,95,48311,69,79,75,35.3,100,95,46435,82,79,75,36,100.2,95
"213","United Kingdom","078","Great Britain","727","England and Wales","064","England","K","South West",,,57427,74,79,76,35.4,100.1,95,29456,66,78,75,34.9,99.9,95,27971,82,80,76,35.9,100.3,95