DATASET_TITLE,Communal Establishments - People (UV73),,,,FROM,Apr-2001,Apr-2001,Apr-2001,Apr-2001,Apr-2001,Apr-2001,Apr-2001,Apr-2001,Apr-2001,Apr-2001,Apr-2001,Apr-2001,Apr-2001,Apr-2001,Apr-2001,Apr-2001,Apr-2001,Apr-2001,Apr-2001,Apr-2001,Apr-2001,Apr-2001,Apr-2001,Apr-2001,Apr-2001,Apr-2001,Apr-2001,Apr-2001
AREA_TYPE,County,,,,TO,Apr-2001,Apr-2001,Apr-2001,Apr-2001,Apr-2001,Apr-2001,Apr-2001,Apr-2001,Apr-2001,Apr-2001,Apr-2001,Apr-2001,Apr-2001,Apr-2001,Apr-2001,Apr-2001,Apr-2001,Apr-2001,Apr-2001,Apr-2001,Apr-2001,Apr-2001,Apr-2001,Apr-2001,Apr-2001,Apr-2001,Apr-2001,Apr-2001
GEO_HIERARCHY,NeSS Geography Hierarchy,,,,HEADING,All People in Communal Establishments,Medical and care establishments,Medical and care establishments:  NHS,Medical and care establishments:  NHS:  Psychiatric hospital / home,Medical and care establishments:  NHS:  Other hospital home,Medical and care establishments:  Local Authority,Medical and care establishments:  Local Authority:  Children's home,Medical and care establishments:  Local Authority:  Nursing home,Medical and care establishments:  Local Authority:  Residential care home,Medical and care establishments:  Local Authority:  Other home,Medical and care establishments:  Housing association,Medical and care establishments:  Housing association:  Home or hostel,Medical and care establishments:  Other,Medical and care establishments:  Other:  Nursing home,Medical and care establishments:  Other:  Residential care home,Medical and care establishments:  Other:  Children's home,Medical and care establishments:  Other:  Psychiatric hospital / home,Medical and care establishments:  Other:  Other hospital,Medical and care establishments:  Other:  Other medical and care home,Other establishments,Other establishments:  Defence establishments (including ships),Other establishments:  Prison service establishments,Other establishments:  Probation / Bail hostel,Other establishments:  Educational establishment (including Halls of residence),"Other establishments:  Hotel,  Boarding House or Guest House","Other establishments:  Hostel (including youth hostels, hostels for the homeless and people sleeping rough)","Other establishments:  Civilian Ship, Boat or Barge",Other establishments:  Other
,,,,,MEASUREMENT_UNIT,Count,Count,Count,Count,Count,Count,Count,Count,Count,Count,Count,Count,Count,Count,Count,Count,Count,Count,Count,Count,Count,Count,Count,Count,Count,Count,Count,Count
,,,,,STATISTICAL_UNIT,Persons,Persons,Persons,Persons,Persons,Persons,Persons,Persons,Persons,Persons,Persons,Persons,Persons,Persons,Persons,Persons,Persons,Persons,Persons,Persons,Persons,Persons,Persons,Persons,Persons,Persons,Persons,Persons
GOR_CODE,GOR_NAME,CTY_CODE,CTY_NAME,AREA_METADATA,,DATA_VALUE,DATA_VALUE,DATA_VALUE,DATA_VALUE,DATA_VALUE,DATA_VALUE,DATA_VALUE,DATA_VALUE,DATA_VALUE,DATA_VALUE,DATA_VALUE,DATA_VALUE,DATA_VALUE,DATA_VALUE,DATA_VALUE,DATA_VALUE,DATA_VALUE,DATA_VALUE,DATA_VALUE,DATA_VALUE,DATA_VALUE,DATA_VALUE,DATA_VALUE,DATA_VALUE,DATA_VALUE,DATA_VALUE,DATA_VALUE,DATA_VALUE
"J","South East","11","Buckinghamshire",,,9178,3391,271,147,124,98,10,0,88,0,146,146,2876,897,1806,0,112,0,61,5787,1237,775,0,1690,205,86,0,1794
"J","South East","21","East Sussex",,,12776,8697,519,111,408,343,8,33,302,0,163,163,7672,2566,4903,0,92,10,101,4079,3,194,0,2395,615,64,0,808
"J","South East","24","Hampshire",,,25587,11300,637,222,415,1045,68,41,936,0,223,223,9395,3813,5100,81,115,143,143,14287,7643,664,25,4614,707,183,0,451
"J","South East","29","Kent",,,27389,14666,864,383,481,733,32,60,634,7,265,265,12804,3339,9079,182,136,21,47,12723,1379,2115,23,6842,770,241,0,1353
"J","South East","38","Oxfordshire",,,24310,3945,639,184,455,818,13,0,805,0,4,4,2484,1383,965,21,0,9,106,20365,1753,733,22,13609,408,262,0,3578
"J","South East","43","Surrey",,,26234,10475,1390,354,1036,791,49,0,734,8,331,331,7963,3555,4154,27,71,22,134,15759,1619,1247,17,10505,1168,210,0,993
"J","South East","45","West Sussex",,,16735,10405,442,107,335,950,27,35,884,4,179,179,8834,3461,4797,31,271,24,250,6330,410,225,3,3995,979,205,0,513