<AreaList>
	<Area>
		<AreaId>277134</AreaId>
		<Name>Adur</Name>
		<HierarchyId>2</HierarchyId>
		<LevelTypeId>13</LevelTypeId>
	</Area>
	<Area>
		<AreaId>276910</AreaId>
		<Name>Allerdale</Name>
		<HierarchyId>2</HierarchyId>
		<LevelTypeId>13</LevelTypeId>
	</Area>
	<Area>
		<AreaId>277062</AreaId>
		<Name>Alnwick</Name>
		<HierarchyId>2</HierarchyId>
		<LevelTypeId>13</LevelTypeId>
	</Area>
	<Area>
		<AreaId>276917</AreaId>
		<Name>Amber Valley</Name>
		<HierarchyId>2</HierarchyId>
		<LevelTypeId>13</LevelTypeId>
	</Area>
	<Area>
		<AreaId>277135</AreaId>
		<Name>Arun</Name>
		<HierarchyId>2</HierarchyId>
		<LevelTypeId>13</LevelTypeId>
	</Area>
	<Area>
		<AreaId>277077</AreaId>
		<Name>Ashfield</Name>
		<HierarchyId>2</HierarchyId>
		<LevelTypeId>13</LevelTypeId>
	</Area>
	<Area>
		<AreaId>277003</AreaId>
		<Name>Ashford</Name>
		<HierarchyId>2</HierarchyId>
		<LevelTypeId>13</LevelTypeId>
	</Area>
	<Area>
		<AreaId>276885</AreaId>
		<Name>Aylesbury Vale</Name>
		<HierarchyId>2</HierarchyId>
		<LevelTypeId>13</LevelTypeId>
	</Area>
	<Area>
		<AreaId>277111</AreaId>
		<Name>Babergh</Name>
		<HierarchyId>2</HierarchyId>
		<LevelTypeId>13</LevelTypeId>
	</Area>
	<Area>
		<AreaId>276744</AreaId>
		<Name>Barking and Dagenham</Name>
		<HierarchyId>2</HierarchyId>
		<LevelTypeId>13</LevelTypeId>
	</Area>
	<Area>
		<AreaId>276745</AreaId>
		<Name>Barnet</Name>
		<HierarchyId>2</HierarchyId>
		<LevelTypeId>13</LevelTypeId>
	</Area>
	<Area>
		<AreaId>276791</AreaId>
		<Name>Barnsley</Name>
		<HierarchyId>2</HierarchyId>
		<LevelTypeId>13</LevelTypeId>
	</Area>
	<Area>
		<AreaId>276911</AreaId>
		<Name>Barrow-in-Furness</Name>
		<HierarchyId>2</HierarchyId>
		<LevelTypeId>13</LevelTypeId>
	</Area>
	<Area>
		<AreaId>276956</AreaId>
		<Name>Basildon</Name>
		<HierarchyId>2</HierarchyId>
		<LevelTypeId>13</LevelTypeId>
	</Area>
	<Area>
		<AreaId>276977</AreaId>
		<Name>Basingstoke and Deane</Name>
		<HierarchyId>2</HierarchyId>
		<LevelTypeId>13</LevelTypeId>
	</Area>
	<Area>
		<AreaId>277078</AreaId>
		<Name>Bassetlaw</Name>
		<HierarchyId>2</HierarchyId>
		<LevelTypeId>13</LevelTypeId>
	</Area>
	<Area>
		<AreaId>276833</AreaId>
		<Name>Bath and North East Somerset</Name>
		<HierarchyId>2</HierarchyId>
		<LevelTypeId>13</LevelTypeId>
	</Area>
	<Area>
		<AreaId>276881</AreaId>
		<Name>Bedford</Name>
		<HierarchyId>2</HierarchyId>
		<LevelTypeId>13</LevelTypeId>
	</Area>
	<Area>
		<AreaId>277063</AreaId>
		<Name>Berwick-upon-Tweed</Name>
		<HierarchyId>2</HierarchyId>
		<LevelTypeId>13</LevelTypeId>
	</Area>
	<Area>
		<AreaId>276746</AreaId>
		<Name>Bexley</Name>
		<HierarchyId>2</HierarchyId>
		<LevelTypeId>13</LevelTypeId>
	</Area>
	<Area>
		<AreaId>276800</AreaId>
		<Name>Birmingham</Name>
		<HierarchyId>2</HierarchyId>
		<LevelTypeId>13</LevelTypeId>
	</Area>
	<Area>
		<AreaId>277029</AreaId>
		<Name>Blaby</Name>
		<HierarchyId>2</HierarchyId>
		<LevelTypeId>13</LevelTypeId>
	</Area>
	<Area>
		<AreaId>276819</AreaId>
		<Name>Blackburn with Darwen</Name>
		<HierarchyId>2</HierarchyId>
		<LevelTypeId>13</LevelTypeId>
	</Area>
	<Area>
		<AreaId>276820</AreaId>
		<Name>Blackpool</Name>
		<HierarchyId>2</HierarchyId>
		<LevelTypeId>13</LevelTypeId>
	</Area>
	<Area>
		<AreaId>277064</AreaId>
		<Name>Blyth Valley</Name>
		<HierarchyId>2</HierarchyId>
		<LevelTypeId>13</LevelTypeId>
	</Area>
	<Area>
		<AreaId>276918</AreaId>
		<Name>Bolsover</Name>
		<HierarchyId>2</HierarchyId>
		<LevelTypeId>13</LevelTypeId>
	</Area>
	<Area>
		<AreaId>276776</AreaId>
		<Name>Bolton</Name>
		<HierarchyId>2</HierarchyId>
		<LevelTypeId>13</LevelTypeId>
	</Area>
	<Area>
		<AreaId>277037</AreaId>
		<Name>Boston</Name>
		<HierarchyId>2</HierarchyId>
		<LevelTypeId>13</LevelTypeId>
	</Area>
	<Area>
		<AreaId>276839</AreaId>
		<Name>Bournemouth</Name>
		<HierarchyId>2</HierarchyId>
		<LevelTypeId>13</LevelTypeId>
	</Area>
	<Area>
		<AreaId>276847</AreaId>
		<Name>Bracknell Forest</Name>
		<HierarchyId>2</HierarchyId>
		<LevelTypeId>13</LevelTypeId>
	</Area>
	<Area>
		<AreaId>276807</AreaId>
		<Name>Bradford</Name>
		<HierarchyId>2</HierarchyId>
		<LevelTypeId>13</LevelTypeId>
	</Area>
	<Area>
		<AreaId>276957</AreaId>
		<Name>Braintree</Name>
		<HierarchyId>2</HierarchyId>
		<LevelTypeId>13</LevelTypeId>
	</Area>
	<Area>
		<AreaId>277045</AreaId>
		<Name>Breckland</Name>
		<HierarchyId>2</HierarchyId>
		<LevelTypeId>13</LevelTypeId>
	</Area>
	<Area>
		<AreaId>276747</AreaId>
		<Name>Brent</Name>
		<HierarchyId>2</HierarchyId>
		<LevelTypeId>13</LevelTypeId>
	</Area>
	<Area>
		<AreaId>276958</AreaId>
		<Name>Brentwood</Name>
		<HierarchyId>2</HierarchyId>
		<LevelTypeId>13</LevelTypeId>
	</Area>
	<Area>
		<AreaId>277092</AreaId>
		<Name>Bridgnorth</Name>
		<HierarchyId>2</HierarchyId>
		<LevelTypeId>13</LevelTypeId>
	</Area>
	<Area>
		<AreaId>276854</AreaId>
		<Name>Brighton and Hove</Name>
		<HierarchyId>2</HierarchyId>
		<LevelTypeId>13</LevelTypeId>
	</Area>
	<Area>
		<AreaId>276834</AreaId>
		<Name>Bristol, City of</Name>
		<HierarchyId>2</HierarchyId>
		<LevelTypeId>13</LevelTypeId>
	</Area>
	<Area>
		<AreaId>277046</AreaId>
		<Name>Broadland</Name>
		<HierarchyId>2</HierarchyId>
		<LevelTypeId>13</LevelTypeId>
	</Area>
	<Area>
		<AreaId>276748</AreaId>
		<Name>Bromley</Name>
		<HierarchyId>2</HierarchyId>
		<LevelTypeId>13</LevelTypeId>
	</Area>
	<Area>
		<AreaId>277145</AreaId>
		<Name>Bromsgrove</Name>
		<HierarchyId>2</HierarchyId>
		<LevelTypeId>13</LevelTypeId>
	</Area>
	<Area>
		<AreaId>276990</AreaId>
		<Name>Broxbourne</Name>
		<HierarchyId>2</HierarchyId>
		<LevelTypeId>13</LevelTypeId>
	</Area>
	<Area>
		<AreaId>277079</AreaId>
		<Name>Broxtowe</Name>
		<HierarchyId>2</HierarchyId>
		<LevelTypeId>13</LevelTypeId>
	</Area>
	<Area>
		<AreaId>277016</AreaId>
		<Name>Burnley</Name>
		<HierarchyId>2</HierarchyId>
		<LevelTypeId>13</LevelTypeId>
	</Area>
	<Area>
		<AreaId>276777</AreaId>
		<Name>Bury</Name>
		<HierarchyId>2</HierarchyId>
		<LevelTypeId>13</LevelTypeId>
	</Area>
	<Area>
		<AreaId>276808</AreaId>
		<Name>Calderdale</Name>
		<HierarchyId>2</HierarchyId>
		<LevelTypeId>13</LevelTypeId>
	</Area>
	<Area>
		<AreaId>276890</AreaId>
		<Name>Cambridge</Name>
		<HierarchyId>2</HierarchyId>
		<LevelTypeId>13</LevelTypeId>
	</Area>
	<Area>
		<AreaId>276749</AreaId>
		<Name>Camden</Name>
		<HierarchyId>2</HierarchyId>
		<LevelTypeId>13</LevelTypeId>
	</Area>
	<Area>
		<AreaId>277103</AreaId>
		<Name>Cannock Chase</Name>
		<HierarchyId>2</HierarchyId>
		<LevelTypeId>13</LevelTypeId>
	</Area>
	<Area>
		<AreaId>277004</AreaId>
		<Name>Canterbury</Name>
		<HierarchyId>2</HierarchyId>
		<LevelTypeId>13</LevelTypeId>
	</Area>
	<Area>
		<AreaId>276903</AreaId>
		<Name>Caradon</Name>
		<HierarchyId>2</HierarchyId>
		<LevelTypeId>13</LevelTypeId>
	</Area>
	<Area>
		<AreaId>276912</AreaId>
		<Name>Carlisle</Name>
		<HierarchyId>2</HierarchyId>
		<LevelTypeId>13</LevelTypeId>
	</Area>
	<Area>
		<AreaId>276904</AreaId>
		<Name>Carrick</Name>
		<HierarchyId>2</HierarchyId>
		<LevelTypeId>13</LevelTypeId>
	</Area>
	<Area>
		<AreaId>277065</AreaId>
		<Name>Castle Morpeth</Name>
		<HierarchyId>2</HierarchyId>
		<LevelTypeId>13</LevelTypeId>
	</Area>
	<Area>
		<AreaId>276959</AreaId>
		<Name>Castle Point</Name>
		<HierarchyId>2</HierarchyId>
		<LevelTypeId>13</LevelTypeId>
	</Area>
	<Area>
		<AreaId>277030</AreaId>
		<Name>Charnwood</Name>
		<HierarchyId>2</HierarchyId>
		<LevelTypeId>13</LevelTypeId>
	</Area>
	<Area>
		<AreaId>276960</AreaId>
		<Name>Chelmsford</Name>
		<HierarchyId>2</HierarchyId>
		<LevelTypeId>13</LevelTypeId>
	</Area>
	<Area>
		<AreaId>276970</AreaId>
		<Name>Cheltenham</Name>
		<HierarchyId>2</HierarchyId>
		<LevelTypeId>13</LevelTypeId>
	</Area>
	<Area>
		<AreaId>277085</AreaId>
		<Name>Cherwell</Name>
		<HierarchyId>2</HierarchyId>
		<LevelTypeId>13</LevelTypeId>
	</Area>
	<Area>
		<AreaId>276896</AreaId>
		<Name>Chester</Name>
		<HierarchyId>2</HierarchyId>
		<LevelTypeId>13</LevelTypeId>
	</Area>
	<Area>
		<AreaId>276942</AreaId>
		<Name>Chester-le-Street</Name>
		<HierarchyId>2</HierarchyId>
		<LevelTypeId>13</LevelTypeId>
	</Area>
	<Area>
		<AreaId>276919</AreaId>
		<Name>Chesterfield</Name>
		<HierarchyId>2</HierarchyId>
		<LevelTypeId>13</LevelTypeId>
	</Area>
	<Area>
		<AreaId>277136</AreaId>
		<Name>Chichester</Name>
		<HierarchyId>2</HierarchyId>
		<LevelTypeId>13</LevelTypeId>
	</Area>
	<Area>
		<AreaId>276886</AreaId>
		<Name>Chiltern</Name>
		<HierarchyId>2</HierarchyId>
		<LevelTypeId>13</LevelTypeId>
	</Area>
	<Area>
		<AreaId>277017</AreaId>
		<Name>Chorley</Name>
		<HierarchyId>2</HierarchyId>
		<LevelTypeId>13</LevelTypeId>
	</Area>
	<Area>
		<AreaId>276935</AreaId>
		<Name>Christchurch</Name>
		<HierarchyId>2</HierarchyId>
		<LevelTypeId>13</LevelTypeId>
	</Area>
	<Area>
		<AreaId>276743</AreaId>
		<Name>City of London</Name>
		<HierarchyId>2</HierarchyId>
		<LevelTypeId>13</LevelTypeId>
	</Area>
	<Area>
		<AreaId>276961</AreaId>
		<Name>Colchester</Name>
		<HierarchyId>2</HierarchyId>
		<LevelTypeId>13</LevelTypeId>
	</Area>
	<Area>
		<AreaId>276897</AreaId>
		<Name>Congleton</Name>
		<HierarchyId>2</HierarchyId>
		<LevelTypeId>13</LevelTypeId>
	</Area>
	<Area>
		<AreaId>276913</AreaId>
		<Name>Copeland</Name>
		<HierarchyId>2</HierarchyId>
		<LevelTypeId>13</LevelTypeId>
	</Area>
	<Area>
		<AreaId>277053</AreaId>
		<Name>Corby</Name>
		<HierarchyId>2</HierarchyId>
		<LevelTypeId>13</LevelTypeId>
	</Area>
	<Area>
		<AreaId>276971</AreaId>
		<Name>Cotswold</Name>
		<HierarchyId>2</HierarchyId>
		<LevelTypeId>13</LevelTypeId>
	</Area>
	<Area>
		<AreaId>276801</AreaId>
		<Name>Coventry</Name>
		<HierarchyId>2</HierarchyId>
		<LevelTypeId>13</LevelTypeId>
	</Area>
	<Area>
		<AreaId>277069</AreaId>
		<Name>Craven</Name>
		<HierarchyId>2</HierarchyId>
		<LevelTypeId>13</LevelTypeId>
	</Area>
	<Area>
		<AreaId>277137</AreaId>
		<Name>Crawley</Name>
		<HierarchyId>2</HierarchyId>
		<LevelTypeId>13</LevelTypeId>
	</Area>
	<Area>
		<AreaId>276898</AreaId>
		<Name>Crewe and Nantwich</Name>
		<HierarchyId>2</HierarchyId>
		<LevelTypeId>13</LevelTypeId>
	</Area>
	<Area>
		<AreaId>276750</AreaId>
		<Name>Croydon</Name>
		<HierarchyId>2</HierarchyId>
		<LevelTypeId>13</LevelTypeId>
	</Area>
	<Area>
		<AreaId>276991</AreaId>
		<Name>Dacorum</Name>
		<HierarchyId>2</HierarchyId>
		<LevelTypeId>13</LevelTypeId>
	</Area>
	<Area>
		<AreaId>276816</AreaId>
		<Name>Darlington</Name>
		<HierarchyId>2</HierarchyId>
		<LevelTypeId>13</LevelTypeId>
	</Area>
	<Area>
		<AreaId>277005</AreaId>
		<Name>Dartford</Name>
		<HierarchyId>2</HierarchyId>
		<LevelTypeId>13</LevelTypeId>
	</Area>
	<Area>
		<AreaId>277054</AreaId>
		<Name>Daventry</Name>
		<HierarchyId>2</HierarchyId>
		<LevelTypeId>13</LevelTypeId>
	</Area>
	<Area>
		<AreaId>276826</AreaId>
		<Name>Derby</Name>
		<HierarchyId>2</HierarchyId>
		<LevelTypeId>13</LevelTypeId>
	</Area>
	<Area>
		<AreaId>276920</AreaId>
		<Name>Derbyshire Dales</Name>
		<HierarchyId>2</HierarchyId>
		<LevelTypeId>13</LevelTypeId>
	</Area>
	<Area>
		<AreaId>276943</AreaId>
		<Name>Derwentside</Name>
		<HierarchyId>2</HierarchyId>
		<LevelTypeId>13</LevelTypeId>
	</Area>
	<Area>
		<AreaId>276792</AreaId>
		<Name>Doncaster</Name>
		<HierarchyId>2</HierarchyId>
		<LevelTypeId>13</LevelTypeId>
	</Area>
	<Area>
		<AreaId>277006</AreaId>
		<Name>Dover</Name>
		<HierarchyId>2</HierarchyId>
		<LevelTypeId>13</LevelTypeId>
	</Area>
	<Area>
		<AreaId>276802</AreaId>
		<Name>Dudley</Name>
		<HierarchyId>2</HierarchyId>
		<LevelTypeId>13</LevelTypeId>
	</Area>
	<Area>
		<AreaId>276944</AreaId>
		<Name>Durham</Name>
		<HierarchyId>2</HierarchyId>
		<LevelTypeId>13</LevelTypeId>
	</Area>
	<Area>
		<AreaId>276751</AreaId>
		<Name>Ealing</Name>
		<HierarchyId>2</HierarchyId>
		<LevelTypeId>13</LevelTypeId>
	</Area>
	<Area>
		<AreaId>276945</AreaId>
		<Name>Easington</Name>
		<HierarchyId>2</HierarchyId>
		<LevelTypeId>13</LevelTypeId>
	</Area>
	<Area>
		<AreaId>276891</AreaId>
		<Name>East Cambridgeshire</Name>
		<HierarchyId>2</HierarchyId>
		<LevelTypeId>13</LevelTypeId>
	</Area>
	<Area>
		<AreaId>276926</AreaId>
		<Name>East Devon</Name>
		<HierarchyId>2</HierarchyId>
		<LevelTypeId>13</LevelTypeId>
	</Area>
	<Area>
		<AreaId>276936</AreaId>
		<Name>East Dorset</Name>
		<HierarchyId>2</HierarchyId>
		<LevelTypeId>13</LevelTypeId>
	</Area>
	<Area>
		<AreaId>276978</AreaId>
		<Name>East Hampshire</Name>
		<HierarchyId>2</HierarchyId>
		<LevelTypeId>13</LevelTypeId>
	</Area>
	<Area>
		<AreaId>276992</AreaId>
		<Name>East Hertfordshire</Name>
		<HierarchyId>2</HierarchyId>
		<LevelTypeId>13</LevelTypeId>
	</Area>
	<Area>
		<AreaId>277038</AreaId>
		<Name>East Lindsey</Name>
		<HierarchyId>2</HierarchyId>
		<LevelTypeId>13</LevelTypeId>
	</Area>
	<Area>
		<AreaId>277055</AreaId>
		<Name>East Northamptonshire</Name>
		<HierarchyId>2</HierarchyId>
		<LevelTypeId>13</LevelTypeId>
	</Area>
	<Area>
		<AreaId>276822</AreaId>
		<Name>East Riding of Yorkshire</Name>
		<HierarchyId>2</HierarchyId>
		<LevelTypeId>13</LevelTypeId>
	</Area>
	<Area>
		<AreaId>277104</AreaId>
		<Name>East Staffordshire</Name>
		<HierarchyId>2</HierarchyId>
		<LevelTypeId>13</LevelTypeId>
	</Area>
	<Area>
		<AreaId>276950</AreaId>
		<Name>Eastbourne</Name>
		<HierarchyId>2</HierarchyId>
		<LevelTypeId>13</LevelTypeId>
	</Area>
	<Area>
		<AreaId>276979</AreaId>
		<Name>Eastleigh</Name>
		<HierarchyId>2</HierarchyId>
		<LevelTypeId>13</LevelTypeId>
	</Area>
	<Area>
		<AreaId>276914</AreaId>
		<Name>Eden</Name>
		<HierarchyId>2</HierarchyId>
		<LevelTypeId>13</LevelTypeId>
	</Area>
	<Area>
		<AreaId>276899</AreaId>
		<Name>Ellesmere Port &amp; Neston</Name>
		<HierarchyId>2</HierarchyId>
		<LevelTypeId>13</LevelTypeId>
	</Area>
	<Area>
		<AreaId>277118</AreaId>
		<Name>Elmbridge</Name>
		<HierarchyId>2</HierarchyId>
		<LevelTypeId>13</LevelTypeId>
	</Area>
	<Area>
		<AreaId>276752</AreaId>
		<Name>Enfield</Name>
		<HierarchyId>2</HierarchyId>
		<LevelTypeId>13</LevelTypeId>
	</Area>
	<Area>
		<AreaId>276962</AreaId>
		<Name>Epping Forest</Name>
		<HierarchyId>2</HierarchyId>
		<LevelTypeId>13</LevelTypeId>
	</Area>
	<Area>
		<AreaId>277119</AreaId>
		<Name>Epsom and Ewell</Name>
		<HierarchyId>2</HierarchyId>
		<LevelTypeId>13</LevelTypeId>
	</Area>
	<Area>
		<AreaId>276921</AreaId>
		<Name>Erewash</Name>
		<HierarchyId>2</HierarchyId>
		<LevelTypeId>13</LevelTypeId>
	</Area>
	<Area>
		<AreaId>276927</AreaId>
		<Name>Exeter</Name>
		<HierarchyId>2</HierarchyId>
		<LevelTypeId>13</LevelTypeId>
	</Area>
	<Area>
		<AreaId>276980</AreaId>
		<Name>Fareham</Name>
		<HierarchyId>2</HierarchyId>
		<LevelTypeId>13</LevelTypeId>
	</Area>
	<Area>
		<AreaId>276892</AreaId>
		<Name>Fenland</Name>
		<HierarchyId>2</HierarchyId>
		<LevelTypeId>13</LevelTypeId>
	</Area>
	<Area>
		<AreaId>277112</AreaId>
		<Name>Forest Heath</Name>
		<HierarchyId>2</HierarchyId>
		<LevelTypeId>13</LevelTypeId>
	</Area>
	<Area>
		<AreaId>276972</AreaId>
		<Name>Forest of Dean</Name>
		<HierarchyId>2</HierarchyId>
		<LevelTypeId>13</LevelTypeId>
	</Area>
	<Area>
		<AreaId>277018</AreaId>
		<Name>Fylde</Name>
		<HierarchyId>2</HierarchyId>
		<LevelTypeId>13</LevelTypeId>
	</Area>
	<Area>
		<AreaId>276795</AreaId>
		<Name>Gateshead</Name>
		<HierarchyId>2</HierarchyId>
		<LevelTypeId>13</LevelTypeId>
	</Area>
	<Area>
		<AreaId>277080</AreaId>
		<Name>Gedling</Name>
		<HierarchyId>2</HierarchyId>
		<LevelTypeId>13</LevelTypeId>
	</Area>
	<Area>
		<AreaId>276973</AreaId>
		<Name>Gloucester</Name>
		<HierarchyId>2</HierarchyId>
		<LevelTypeId>13</LevelTypeId>
	</Area>
	<Area>
		<AreaId>276981</AreaId>
		<Name>Gosport</Name>
		<HierarchyId>2</HierarchyId>
		<LevelTypeId>13</LevelTypeId>
	</Area>
	<Area>
		<AreaId>277007</AreaId>
		<Name>Gravesham</Name>
		<HierarchyId>2</HierarchyId>
		<LevelTypeId>13</LevelTypeId>
	</Area>
	<Area>
		<AreaId>277047</AreaId>
		<Name>Great Yarmouth</Name>
		<HierarchyId>2</HierarchyId>
		<LevelTypeId>13</LevelTypeId>
	</Area>
	<Area>
		<AreaId>276753</AreaId>
		<Name>Greenwich</Name>
		<HierarchyId>2</HierarchyId>
		<LevelTypeId>13</LevelTypeId>
	</Area>
	<Area>
		<AreaId>277120</AreaId>
		<Name>Guildford</Name>
		<HierarchyId>2</HierarchyId>
		<LevelTypeId>13</LevelTypeId>
	</Area>
	<Area>
		<AreaId>276754</AreaId>
		<Name>Hackney</Name>
		<HierarchyId>2</HierarchyId>
		<LevelTypeId>13</LevelTypeId>
	</Area>
	<Area>
		<AreaId>276817</AreaId>
		<Name>Halton</Name>
		<HierarchyId>2</HierarchyId>
		<LevelTypeId>13</LevelTypeId>
	</Area>
	<Area>
		<AreaId>277070</AreaId>
		<Name>Hambleton</Name>
		<HierarchyId>2</HierarchyId>
		<LevelTypeId>13</LevelTypeId>
	</Area>
	<Area>
		<AreaId>276755</AreaId>
		<Name>Hammersmith and Fulham</Name>
		<HierarchyId>2</HierarchyId>
		<LevelTypeId>13</LevelTypeId>
	</Area>
	<Area>
		<AreaId>277031</AreaId>
		<Name>Harborough</Name>
		<HierarchyId>2</HierarchyId>
		<LevelTypeId>13</LevelTypeId>
	</Area>
	<Area>
		<AreaId>276756</AreaId>
		<Name>Haringey</Name>
		<HierarchyId>2</HierarchyId>
		<LevelTypeId>13</LevelTypeId>
	</Area>
	<Area>
		<AreaId>276963</AreaId>
		<Name>Harlow</Name>
		<HierarchyId>2</HierarchyId>
		<LevelTypeId>13</LevelTypeId>
	</Area>
	<Area>
		<AreaId>277071</AreaId>
		<Name>Harrogate</Name>
		<HierarchyId>2</HierarchyId>
		<LevelTypeId>13</LevelTypeId>
	</Area>
	<Area>
		<AreaId>276757</AreaId>
		<Name>Harrow</Name>
		<HierarchyId>2</HierarchyId>
		<LevelTypeId>13</LevelTypeId>
	</Area>
	<Area>
		<AreaId>276982</AreaId>
		<Name>Hart</Name>
		<HierarchyId>2</HierarchyId>
		<LevelTypeId>13</LevelTypeId>
	</Area>
	<Area>
		<AreaId>276812</AreaId>
		<Name>Hartlepool</Name>
		<HierarchyId>2</HierarchyId>
		<LevelTypeId>13</LevelTypeId>
	</Area>
	<Area>
		<AreaId>276951</AreaId>
		<Name>Hastings</Name>
		<HierarchyId>2</HierarchyId>
		<LevelTypeId>13</LevelTypeId>
	</Area>
	<Area>
		<AreaId>276983</AreaId>
		<Name>Havant</Name>
		<HierarchyId>2</HierarchyId>
		<LevelTypeId>13</LevelTypeId>
	</Area>
	<Area>
		<AreaId>276758</AreaId>
		<Name>Havering</Name>
		<HierarchyId>2</HierarchyId>
		<LevelTypeId>13</LevelTypeId>
	</Area>
	<Area>
		<AreaId>276830</AreaId>
		<Name>Herefordshire, County of</Name>
		<HierarchyId>2</HierarchyId>
		<LevelTypeId>13</LevelTypeId>
	</Area>
	<Area>
		<AreaId>276993</AreaId>
		<Name>Hertsmere</Name>
		<HierarchyId>2</HierarchyId>
		<LevelTypeId>13</LevelTypeId>
	</Area>
	<Area>
		<AreaId>276922</AreaId>
		<Name>High Peak</Name>
		<HierarchyId>2</HierarchyId>
		<LevelTypeId>13</LevelTypeId>
	</Area>
	<Area>
		<AreaId>276759</AreaId>
		<Name>Hillingdon</Name>
		<HierarchyId>2</HierarchyId>
		<LevelTypeId>13</LevelTypeId>
	</Area>
	<Area>
		<AreaId>277032</AreaId>
		<Name>Hinckley and Bosworth</Name>
		<HierarchyId>2</HierarchyId>
		<LevelTypeId>13</LevelTypeId>
	</Area>
	<Area>
		<AreaId>277138</AreaId>
		<Name>Horsham</Name>
		<HierarchyId>2</HierarchyId>
		<LevelTypeId>13</LevelTypeId>
	</Area>
	<Area>
		<AreaId>276760</AreaId>
		<Name>Hounslow</Name>
		<HierarchyId>2</HierarchyId>
		<LevelTypeId>13</LevelTypeId>
	</Area>
	<Area>
		<AreaId>276893</AreaId>
		<Name>Huntingdonshire</Name>
		<HierarchyId>2</HierarchyId>
		<LevelTypeId>13</LevelTypeId>
	</Area>
	<Area>
		<AreaId>277019</AreaId>
		<Name>Hyndburn</Name>
		<HierarchyId>2</HierarchyId>
		<LevelTypeId>13</LevelTypeId>
	</Area>
	<Area>
		<AreaId>277113</AreaId>
		<Name>Ipswich</Name>
		<HierarchyId>2</HierarchyId>
		<LevelTypeId>13</LevelTypeId>
	</Area>
	<Area>
		<AreaId>276857</AreaId>
		<Name>Isle of Wight</Name>
		<HierarchyId>2</HierarchyId>
		<LevelTypeId>13</LevelTypeId>
	</Area>
	<Area>
		<AreaId>276909</AreaId>
		<Name>Isles of Scilly</Name>
		<HierarchyId>2</HierarchyId>
		<LevelTypeId>13</LevelTypeId>
	</Area>
	<Area>
		<AreaId>276761</AreaId>
		<Name>Islington</Name>
		<HierarchyId>2</HierarchyId>
		<LevelTypeId>13</LevelTypeId>
	</Area>
	<Area>
		<AreaId>277141</AreaId>
		<Name>Kennet</Name>
		<HierarchyId>2</HierarchyId>
		<LevelTypeId>13</LevelTypeId>
	</Area>
	<Area>
		<AreaId>276762</AreaId>
		<Name>Kensington and Chelsea</Name>
		<HierarchyId>2</HierarchyId>
		<LevelTypeId>13</LevelTypeId>
	</Area>
	<Area>
		<AreaId>276905</AreaId>
		<Name>Kerrier</Name>
		<HierarchyId>2</HierarchyId>
		<LevelTypeId>13</LevelTypeId>
	</Area>
	<Area>
		<AreaId>277056</AreaId>
		<Name>Kettering</Name>
		<HierarchyId>2</HierarchyId>
		<LevelTypeId>13</LevelTypeId>
	</Area>
	<Area>
		<AreaId>277048</AreaId>
		<Name>King's Lynn and West Norfolk</Name>
		<HierarchyId>2</HierarchyId>
		<LevelTypeId>13</LevelTypeId>
	</Area>
	<Area>
		<AreaId>276821</AreaId>
		<Name>Kingston upon Hull, City of</Name>
		<HierarchyId>2</HierarchyId>
		<LevelTypeId>13</LevelTypeId>
	</Area>
	<Area>
		<AreaId>276763</AreaId>
		<Name>Kingston upon Thames</Name>
		<HierarchyId>2</HierarchyId>
		<LevelTypeId>13</LevelTypeId>
	</Area>
	<Area>
		<AreaId>276809</AreaId>
		<Name>Kirklees</Name>
		<HierarchyId>2</HierarchyId>
		<LevelTypeId>13</LevelTypeId>
	</Area>
	<Area>
		<AreaId>276786</AreaId>
		<Name>Knowsley</Name>
		<HierarchyId>2</HierarchyId>
		<LevelTypeId>13</LevelTypeId>
	</Area>
	<Area>
		<AreaId>276764</AreaId>
		<Name>Lambeth</Name>
		<HierarchyId>2</HierarchyId>
		<LevelTypeId>13</LevelTypeId>
	</Area>
	<Area>
		<AreaId>277020</AreaId>
		<Name>Lancaster</Name>
		<HierarchyId>2</HierarchyId>
		<LevelTypeId>13</LevelTypeId>
	</Area>
	<Area>
		<AreaId>276810</AreaId>
		<Name>Leeds</Name>
		<HierarchyId>2</HierarchyId>
		<LevelTypeId>13</LevelTypeId>
	</Area>
	<Area>
		<AreaId>276827</AreaId>
		<Name>Leicester</Name>
		<HierarchyId>2</HierarchyId>
		<LevelTypeId>13</LevelTypeId>
	</Area>
	<Area>
		<AreaId>276952</AreaId>
		<Name>Lewes</Name>
		<HierarchyId>2</HierarchyId>
		<LevelTypeId>13</LevelTypeId>
	</Area>
	<Area>
		<AreaId>276765</AreaId>
		<Name>Lewisham</Name>
		<HierarchyId>2</HierarchyId>
		<LevelTypeId>13</LevelTypeId>
	</Area>
	<Area>
		<AreaId>277105</AreaId>
		<Name>Lichfield</Name>
		<HierarchyId>2</HierarchyId>
		<LevelTypeId>13</LevelTypeId>
	</Area>
	<Area>
		<AreaId>277039</AreaId>
		<Name>Lincoln</Name>
		<HierarchyId>2</HierarchyId>
		<LevelTypeId>13</LevelTypeId>
	</Area>
	<Area>
		<AreaId>276787</AreaId>
		<Name>Liverpool</Name>
		<HierarchyId>2</HierarchyId>
		<LevelTypeId>13</LevelTypeId>
	</Area>
	<Area>
		<AreaId>276843</AreaId>
		<Name>Luton</Name>
		<HierarchyId>2</HierarchyId>
		<LevelTypeId>13</LevelTypeId>
	</Area>
	<Area>
		<AreaId>276900</AreaId>
		<Name>Macclesfield</Name>
		<HierarchyId>2</HierarchyId>
		<LevelTypeId>13</LevelTypeId>
	</Area>
	<Area>
		<AreaId>277008</AreaId>
		<Name>Maidstone</Name>
		<HierarchyId>2</HierarchyId>
		<LevelTypeId>13</LevelTypeId>
	</Area>
	<Area>
		<AreaId>276964</AreaId>
		<Name>Maldon</Name>
		<HierarchyId>2</HierarchyId>
		<LevelTypeId>13</LevelTypeId>
	</Area>
	<Area>
		<AreaId>277146</AreaId>
		<Name>Malvern Hills</Name>
		<HierarchyId>2</HierarchyId>
		<LevelTypeId>13</LevelTypeId>
	</Area>
	<Area>
		<AreaId>276778</AreaId>
		<Name>Manchester</Name>
		<HierarchyId>2</HierarchyId>
		<LevelTypeId>13</LevelTypeId>
	</Area>
	<Area>
		<AreaId>277081</AreaId>
		<Name>Mansfield</Name>
		<HierarchyId>2</HierarchyId>
		<LevelTypeId>13</LevelTypeId>
	</Area>
	<Area>
		<AreaId>276846</AreaId>
		<Name>Medway</Name>
		<HierarchyId>2</HierarchyId>
		<LevelTypeId>13</LevelTypeId>
	</Area>
	<Area>
		<AreaId>277033</AreaId>
		<Name>Melton</Name>
		<HierarchyId>2</HierarchyId>
		<LevelTypeId>13</LevelTypeId>
	</Area>
	<Area>
		<AreaId>277098</AreaId>
		<Name>Mendip</Name>
		<HierarchyId>2</HierarchyId>
		<LevelTypeId>13</LevelTypeId>
	</Area>
	<Area>
		<AreaId>276766</AreaId>
		<Name>Merton</Name>
		<HierarchyId>2</HierarchyId>
		<LevelTypeId>13</LevelTypeId>
	</Area>
	<Area>
		<AreaId>276880</AreaId>
		<Name>Mid Bedfordshire</Name>
		<HierarchyId>2</HierarchyId>
		<LevelTypeId>13</LevelTypeId>
	</Area>
	<Area>
		<AreaId>276928</AreaId>
		<Name>Mid Devon</Name>
		<HierarchyId>2</HierarchyId>
		<LevelTypeId>13</LevelTypeId>
	</Area>
	<Area>
		<AreaId>277114</AreaId>
		<Name>Mid Suffolk</Name>
		<HierarchyId>2</HierarchyId>
		<LevelTypeId>13</LevelTypeId>
	</Area>
	<Area>
		<AreaId>277139</AreaId>
		<Name>Mid Sussex</Name>
		<HierarchyId>2</HierarchyId>
		<LevelTypeId>13</LevelTypeId>
	</Area>
	<Area>
		<AreaId>276813</AreaId>
		<Name>Middlesbrough</Name>
		<HierarchyId>2</HierarchyId>
		<LevelTypeId>13</LevelTypeId>
	</Area>
	<Area>
		<AreaId>276853</AreaId>
		<Name>Milton Keynes</Name>
		<HierarchyId>2</HierarchyId>
		<LevelTypeId>13</LevelTypeId>
	</Area>
	<Area>
		<AreaId>277121</AreaId>
		<Name>Mole Valley</Name>
		<HierarchyId>2</HierarchyId>
		<LevelTypeId>13</LevelTypeId>
	</Area>
	<Area>
		<AreaId>276984</AreaId>
		<Name>New Forest</Name>
		<HierarchyId>2</HierarchyId>
		<LevelTypeId>13</LevelTypeId>
	</Area>
	<Area>
		<AreaId>277082</AreaId>
		<Name>Newark and Sherwood</Name>
		<HierarchyId>2</HierarchyId>
		<LevelTypeId>13</LevelTypeId>
	</Area>
	<Area>
		<AreaId>276796</AreaId>
		<Name>Newcastle upon Tyne</Name>
		<HierarchyId>2</HierarchyId>
		<LevelTypeId>13</LevelTypeId>
	</Area>
	<Area>
		<AreaId>277106</AreaId>
		<Name>Newcastle-under-Lyme</Name>
		<HierarchyId>2</HierarchyId>
		<LevelTypeId>13</LevelTypeId>
	</Area>
	<Area>
		<AreaId>276767</AreaId>
		<Name>Newham</Name>
		<HierarchyId>2</HierarchyId>
		<LevelTypeId>13</LevelTypeId>
	</Area>
	<Area>
		<AreaId>276906</AreaId>
		<Name>North Cornwall</Name>
		<HierarchyId>2</HierarchyId>
		<LevelTypeId>13</LevelTypeId>
	</Area>
	<Area>
		<AreaId>276929</AreaId>
		<Name>North Devon</Name>
		<HierarchyId>2</HierarchyId>
		<LevelTypeId>13</LevelTypeId>
	</Area>
	<Area>
		<AreaId>276937</AreaId>
		<Name>North Dorset</Name>
		<HierarchyId>2</HierarchyId>
		<LevelTypeId>13</LevelTypeId>
	</Area>
	<Area>
		<AreaId>276923</AreaId>
		<Name>North East Derbyshire</Name>
		<HierarchyId>2</HierarchyId>
		<LevelTypeId>13</LevelTypeId>
	</Area>
	<Area>
		<AreaId>276823</AreaId>
		<Name>North East Lincolnshire</Name>
		<HierarchyId>2</HierarchyId>
		<LevelTypeId>13</LevelTypeId>
	</Area>
	<Area>
		<AreaId>276994</AreaId>
		<Name>North Hertfordshire</Name>
		<HierarchyId>2</HierarchyId>
		<LevelTypeId>13</LevelTypeId>
	</Area>
	<Area>
		<AreaId>277040</AreaId>
		<Name>North Kesteven</Name>
		<HierarchyId>2</HierarchyId>
		<LevelTypeId>13</LevelTypeId>
	</Area>
	<Area>
		<AreaId>276824</AreaId>
		<Name>North Lincolnshire</Name>
		<HierarchyId>2</HierarchyId>
		<LevelTypeId>13</LevelTypeId>
	</Area>
	<Area>
		<AreaId>277049</AreaId>
		<Name>North Norfolk</Name>
		<HierarchyId>2</HierarchyId>
		<LevelTypeId>13</LevelTypeId>
	</Area>
	<Area>
		<AreaId>277093</AreaId>
		<Name>North Shropshire</Name>
		<HierarchyId>2</HierarchyId>
		<LevelTypeId>13</LevelTypeId>
	</Area>
	<Area>
		<AreaId>276835</AreaId>
		<Name>North Somerset</Name>
		<HierarchyId>2</HierarchyId>
		<LevelTypeId>13</LevelTypeId>
	</Area>
	<Area>
		<AreaId>276797</AreaId>
		<Name>North Tyneside</Name>
		<HierarchyId>2</HierarchyId>
		<LevelTypeId>13</LevelTypeId>
	</Area>
	<Area>
		<AreaId>277129</AreaId>
		<Name>North Warwickshire</Name>
		<HierarchyId>2</HierarchyId>
		<LevelTypeId>13</LevelTypeId>
	</Area>
	<Area>
		<AreaId>277034</AreaId>
		<Name>North West Leicestershire</Name>
		<HierarchyId>2</HierarchyId>
		<LevelTypeId>13</LevelTypeId>
	</Area>
	<Area>
		<AreaId>277142</AreaId>
		<Name>North Wiltshire</Name>
		<HierarchyId>2</HierarchyId>
		<LevelTypeId>13</LevelTypeId>
	</Area>
	<Area>
		<AreaId>277057</AreaId>
		<Name>Northampton</Name>
		<HierarchyId>2</HierarchyId>
		<LevelTypeId>13</LevelTypeId>
	</Area>
	<Area>
		<AreaId>277050</AreaId>
		<Name>Norwich</Name>
		<HierarchyId>2</HierarchyId>
		<LevelTypeId>13</LevelTypeId>
	</Area>
	<Area>
		<AreaId>276829</AreaId>
		<Name>Nottingham</Name>
		<HierarchyId>2</HierarchyId>
		<LevelTypeId>13</LevelTypeId>
	</Area>
	<Area>
		<AreaId>277130</AreaId>
		<Name>Nuneaton and Bedworth</Name>
		<HierarchyId>2</HierarchyId>
		<LevelTypeId>13</LevelTypeId>
	</Area>
	<Area>
		<AreaId>277035</AreaId>
		<Name>Oadby and Wigston</Name>
		<HierarchyId>2</HierarchyId>
		<LevelTypeId>13</LevelTypeId>
	</Area>
	<Area>
		<AreaId>276779</AreaId>
		<Name>Oldham</Name>
		<HierarchyId>2</HierarchyId>
		<LevelTypeId>13</LevelTypeId>
	</Area>
	<Area>
		<AreaId>277094</AreaId>
		<Name>Oswestry</Name>
		<HierarchyId>2</HierarchyId>
		<LevelTypeId>13</LevelTypeId>
	</Area>
	<Area>
		<AreaId>277086</AreaId>
		<Name>Oxford</Name>
		<HierarchyId>2</HierarchyId>
		<LevelTypeId>13</LevelTypeId>
	</Area>
	<Area>
		<AreaId>277021</AreaId>
		<Name>Pendle</Name>
		<HierarchyId>2</HierarchyId>
		<LevelTypeId>13</LevelTypeId>
	</Area>
	<Area>
		<AreaId>276907</AreaId>
		<Name>Penwith</Name>
		<HierarchyId>2</HierarchyId>
		<LevelTypeId>13</LevelTypeId>
	</Area>
	<Area>
		<AreaId>276842</AreaId>
		<Name>Peterborough</Name>
		<HierarchyId>2</HierarchyId>
		<LevelTypeId>13</LevelTypeId>
	</Area>
	<Area>
		<AreaId>276837</AreaId>
		<Name>Plymouth</Name>
		<HierarchyId>2</HierarchyId>
		<LevelTypeId>13</LevelTypeId>
	</Area>
	<Area>
		<AreaId>276840</AreaId>
		<Name>Poole</Name>
		<HierarchyId>2</HierarchyId>
		<LevelTypeId>13</LevelTypeId>
	</Area>
	<Area>
		<AreaId>276855</AreaId>
		<Name>Portsmouth</Name>
		<HierarchyId>2</HierarchyId>
		<LevelTypeId>13</LevelTypeId>
	</Area>
	<Area>
		<AreaId>277022</AreaId>
		<Name>Preston</Name>
		<HierarchyId>2</HierarchyId>
		<LevelTypeId>13</LevelTypeId>
	</Area>
	<Area>
		<AreaId>276938</AreaId>
		<Name>Purbeck</Name>
		<HierarchyId>2</HierarchyId>
		<LevelTypeId>13</LevelTypeId>
	</Area>
	<Area>
		<AreaId>276849</AreaId>
		<Name>Reading</Name>
		<HierarchyId>2</HierarchyId>
		<LevelTypeId>13</LevelTypeId>
	</Area>
	<Area>
		<AreaId>276768</AreaId>
		<Name>Redbridge</Name>
		<HierarchyId>2</HierarchyId>
		<LevelTypeId>13</LevelTypeId>
	</Area>
	<Area>
		<AreaId>276814</AreaId>
		<Name>Redcar and Cleveland</Name>
		<HierarchyId>2</HierarchyId>
		<LevelTypeId>13</LevelTypeId>
	</Area>
	<Area>
		<AreaId>277147</AreaId>
		<Name>Redditch</Name>
		<HierarchyId>2</HierarchyId>
		<LevelTypeId>13</LevelTypeId>
	</Area>
	<Area>
		<AreaId>277122</AreaId>
		<Name>Reigate and Banstead</Name>
		<HierarchyId>2</HierarchyId>
		<LevelTypeId>13</LevelTypeId>
	</Area>
	<Area>
		<AreaId>276908</AreaId>
		<Name>Restormel</Name>
		<HierarchyId>2</HierarchyId>
		<LevelTypeId>13</LevelTypeId>
	</Area>
	<Area>
		<AreaId>277023</AreaId>
		<Name>Ribble Valley</Name>
		<HierarchyId>2</HierarchyId>
		<LevelTypeId>13</LevelTypeId>
	</Area>
	<Area>
		<AreaId>276769</AreaId>
		<Name>Richmond upon Thames</Name>
		<HierarchyId>2</HierarchyId>
		<LevelTypeId>13</LevelTypeId>
	</Area>
	<Area>
		<AreaId>277072</AreaId>
		<Name>Richmondshire</Name>
		<HierarchyId>2</HierarchyId>
		<LevelTypeId>13</LevelTypeId>
	</Area>
	<Area>
		<AreaId>276780</AreaId>
		<Name>Rochdale</Name>
		<HierarchyId>2</HierarchyId>
		<LevelTypeId>13</LevelTypeId>
	</Area>
	<Area>
		<AreaId>276965</AreaId>
		<Name>Rochford</Name>
		<HierarchyId>2</HierarchyId>
		<LevelTypeId>13</LevelTypeId>
	</Area>
	<Area>
		<AreaId>277024</AreaId>
		<Name>Rossendale</Name>
		<HierarchyId>2</HierarchyId>
		<LevelTypeId>13</LevelTypeId>
	</Area>
	<Area>
		<AreaId>276953</AreaId>
		<Name>Rother</Name>
		<HierarchyId>2</HierarchyId>
		<LevelTypeId>13</LevelTypeId>
	</Area>
	<Area>
		<AreaId>276793</AreaId>
		<Name>Rotherham</Name>
		<HierarchyId>2</HierarchyId>
		<LevelTypeId>13</LevelTypeId>
	</Area>
	<Area>
		<AreaId>277131</AreaId>
		<Name>Rugby</Name>
		<HierarchyId>2</HierarchyId>
		<LevelTypeId>13</LevelTypeId>
	</Area>
	<Area>
		<AreaId>277123</AreaId>
		<Name>Runnymede</Name>
		<HierarchyId>2</HierarchyId>
		<LevelTypeId>13</LevelTypeId>
	</Area>
	<Area>
		<AreaId>277083</AreaId>
		<Name>Rushcliffe</Name>
		<HierarchyId>2</HierarchyId>
		<LevelTypeId>13</LevelTypeId>
	</Area>
	<Area>
		<AreaId>276985</AreaId>
		<Name>Rushmoor</Name>
		<HierarchyId>2</HierarchyId>
		<LevelTypeId>13</LevelTypeId>
	</Area>
	<Area>
		<AreaId>276828</AreaId>
		<Name>Rutland</Name>
		<HierarchyId>2</HierarchyId>
		<LevelTypeId>13</LevelTypeId>
	</Area>
	<Area>
		<AreaId>277073</AreaId>
		<Name>Ryedale</Name>
		<HierarchyId>2</HierarchyId>
		<LevelTypeId>13</LevelTypeId>
	</Area>
	<Area>
		<AreaId>276781</AreaId>
		<Name>Salford</Name>
		<HierarchyId>2</HierarchyId>
		<LevelTypeId>13</LevelTypeId>
	</Area>
	<Area>
		<AreaId>277143</AreaId>
		<Name>Salisbury</Name>
		<HierarchyId>2</HierarchyId>
		<LevelTypeId>13</LevelTypeId>
	</Area>
	<Area>
		<AreaId>276803</AreaId>
		<Name>Sandwell</Name>
		<HierarchyId>2</HierarchyId>
		<LevelTypeId>13</LevelTypeId>
	</Area>
	<Area>
		<AreaId>277074</AreaId>
		<Name>Scarborough</Name>
		<HierarchyId>2</HierarchyId>
		<LevelTypeId>13</LevelTypeId>
	</Area>
	<Area>
		<AreaId>276946</AreaId>
		<Name>Sedgefield</Name>
		<HierarchyId>2</HierarchyId>
		<LevelTypeId>13</LevelTypeId>
	</Area>
	<Area>
		<AreaId>277099</AreaId>
		<Name>Sedgemoor</Name>
		<HierarchyId>2</HierarchyId>
		<LevelTypeId>13</LevelTypeId>
	</Area>
	<Area>
		<AreaId>276789</AreaId>
		<Name>Sefton</Name>
		<HierarchyId>2</HierarchyId>
		<LevelTypeId>13</LevelTypeId>
	</Area>
	<Area>
		<AreaId>277075</AreaId>
		<Name>Selby</Name>
		<HierarchyId>2</HierarchyId>
		<LevelTypeId>13</LevelTypeId>
	</Area>
	<Area>
		<AreaId>277009</AreaId>
		<Name>Sevenoaks</Name>
		<HierarchyId>2</HierarchyId>
		<LevelTypeId>13</LevelTypeId>
	</Area>
	<Area>
		<AreaId>276794</AreaId>
		<Name>Sheffield</Name>
		<HierarchyId>2</HierarchyId>
		<LevelTypeId>13</LevelTypeId>
	</Area>
	<Area>
		<AreaId>277010</AreaId>
		<Name>Shepway</Name>
		<HierarchyId>2</HierarchyId>
		<LevelTypeId>13</LevelTypeId>
	</Area>
	<Area>
		<AreaId>277095</AreaId>
		<Name>Shrewsbury and Atcham</Name>
		<HierarchyId>2</HierarchyId>
		<LevelTypeId>13</LevelTypeId>
	</Area>
	<Area>
		<AreaId>276850</AreaId>
		<Name>Slough</Name>
		<HierarchyId>2</HierarchyId>
		<LevelTypeId>13</LevelTypeId>
	</Area>
	<Area>
		<AreaId>276804</AreaId>
		<Name>Solihull</Name>
		<HierarchyId>2</HierarchyId>
		<LevelTypeId>13</LevelTypeId>
	</Area>
	<Area>
		<AreaId>276882</AreaId>
		<Name>South Bedfordshire</Name>
		<HierarchyId>2</HierarchyId>
		<LevelTypeId>13</LevelTypeId>
	</Area>
	<Area>
		<AreaId>276887</AreaId>
		<Name>South Bucks</Name>
		<HierarchyId>2</HierarchyId>
		<LevelTypeId>13</LevelTypeId>
	</Area>
	<Area>
		<AreaId>276894</AreaId>
		<Name>South Cambridgeshire</Name>
		<HierarchyId>2</HierarchyId>
		<LevelTypeId>13</LevelTypeId>
	</Area>
	<Area>
		<AreaId>276924</AreaId>
		<Name>South Derbyshire</Name>
		<HierarchyId>2</HierarchyId>
		<LevelTypeId>13</LevelTypeId>
	</Area>
	<Area>
		<AreaId>276836</AreaId>
		<Name>South Gloucestershire</Name>
		<HierarchyId>2</HierarchyId>
		<LevelTypeId>13</LevelTypeId>
	</Area>
	<Area>
		<AreaId>276930</AreaId>
		<Name>South Hams</Name>
		<HierarchyId>2</HierarchyId>
		<LevelTypeId>13</LevelTypeId>
	</Area>
	<Area>
		<AreaId>277041</AreaId>
		<Name>South Holland</Name>
		<HierarchyId>2</HierarchyId>
		<LevelTypeId>13</LevelTypeId>
	</Area>
	<Area>
		<AreaId>277042</AreaId>
		<Name>South Kesteven</Name>
		<HierarchyId>2</HierarchyId>
		<LevelTypeId>13</LevelTypeId>
	</Area>
	<Area>
		<AreaId>276915</AreaId>
		<Name>South Lakeland</Name>
		<HierarchyId>2</HierarchyId>
		<LevelTypeId>13</LevelTypeId>
	</Area>
	<Area>
		<AreaId>277051</AreaId>
		<Name>South Norfolk</Name>
		<HierarchyId>2</HierarchyId>
		<LevelTypeId>13</LevelTypeId>
	</Area>
	<Area>
		<AreaId>277058</AreaId>
		<Name>South Northamptonshire</Name>
		<HierarchyId>2</HierarchyId>
		<LevelTypeId>13</LevelTypeId>
	</Area>
	<Area>
		<AreaId>277087</AreaId>
		<Name>South Oxfordshire</Name>
		<HierarchyId>2</HierarchyId>
		<LevelTypeId>13</LevelTypeId>
	</Area>
	<Area>
		<AreaId>277025</AreaId>
		<Name>South Ribble</Name>
		<HierarchyId>2</HierarchyId>
		<LevelTypeId>13</LevelTypeId>
	</Area>
	<Area>
		<AreaId>277096</AreaId>
		<Name>South Shropshire</Name>
		<HierarchyId>2</HierarchyId>
		<LevelTypeId>13</LevelTypeId>
	</Area>
	<Area>
		<AreaId>277100</AreaId>
		<Name>South Somerset</Name>
		<HierarchyId>2</HierarchyId>
		<LevelTypeId>13</LevelTypeId>
	</Area>
	<Area>
		<AreaId>277107</AreaId>
		<Name>South Staffordshire</Name>
		<HierarchyId>2</HierarchyId>
		<LevelTypeId>13</LevelTypeId>
	</Area>
	<Area>
		<AreaId>276798</AreaId>
		<Name>South Tyneside</Name>
		<HierarchyId>2</HierarchyId>
		<LevelTypeId>13</LevelTypeId>
	</Area>
	<Area>
		<AreaId>276856</AreaId>
		<Name>Southampton</Name>
		<HierarchyId>2</HierarchyId>
		<LevelTypeId>13</LevelTypeId>
	</Area>
	<Area>
		<AreaId>276844</AreaId>
		<Name>Southend-on-Sea</Name>
		<HierarchyId>2</HierarchyId>
		<LevelTypeId>13</LevelTypeId>
	</Area>
	<Area>
		<AreaId>276770</AreaId>
		<Name>Southwark</Name>
		<HierarchyId>2</HierarchyId>
		<LevelTypeId>13</LevelTypeId>
	</Area>
	<Area>
		<AreaId>277124</AreaId>
		<Name>Spelthorne</Name>
		<HierarchyId>2</HierarchyId>
		<LevelTypeId>13</LevelTypeId>
	</Area>
	<Area>
		<AreaId>276995</AreaId>
		<Name>St Albans</Name>
		<HierarchyId>2</HierarchyId>
		<LevelTypeId>13</LevelTypeId>
	</Area>
	<Area>
		<AreaId>277115</AreaId>
		<Name>St Edmundsbury</Name>
		<HierarchyId>2</HierarchyId>
		<LevelTypeId>13</LevelTypeId>
	</Area>
	<Area>
		<AreaId>276788</AreaId>
		<Name>St. Helens</Name>
		<HierarchyId>2</HierarchyId>
		<LevelTypeId>13</LevelTypeId>
	</Area>
	<Area>
		<AreaId>277108</AreaId>
		<Name>Stafford</Name>
		<HierarchyId>2</HierarchyId>
		<LevelTypeId>13</LevelTypeId>
	</Area>
	<Area>
		<AreaId>277109</AreaId>
		<Name>Staffordshire Moorlands</Name>
		<HierarchyId>2</HierarchyId>
		<LevelTypeId>13</LevelTypeId>
	</Area>
	<Area>
		<AreaId>276996</AreaId>
		<Name>Stevenage</Name>
		<HierarchyId>2</HierarchyId>
		<LevelTypeId>13</LevelTypeId>
	</Area>
	<Area>
		<AreaId>276782</AreaId>
		<Name>Stockport</Name>
		<HierarchyId>2</HierarchyId>
		<LevelTypeId>13</LevelTypeId>
	</Area>
	<Area>
		<AreaId>276815</AreaId>
		<Name>Stockton-on-Tees</Name>
		<HierarchyId>2</HierarchyId>
		<LevelTypeId>13</LevelTypeId>
	</Area>
	<Area>
		<AreaId>276832</AreaId>
		<Name>Stoke-on-Trent</Name>
		<HierarchyId>2</HierarchyId>
		<LevelTypeId>13</LevelTypeId>
	</Area>
	<Area>
		<AreaId>277132</AreaId>
		<Name>Stratford-on-Avon</Name>
		<HierarchyId>2</HierarchyId>
		<LevelTypeId>13</LevelTypeId>
	</Area>
	<Area>
		<AreaId>276974</AreaId>
		<Name>Stroud</Name>
		<HierarchyId>2</HierarchyId>
		<LevelTypeId>13</LevelTypeId>
	</Area>
	<Area>
		<AreaId>277116</AreaId>
		<Name>Suffolk Coastal</Name>
		<HierarchyId>2</HierarchyId>
		<LevelTypeId>13</LevelTypeId>
	</Area>
	<Area>
		<AreaId>276799</AreaId>
		<Name>Sunderland</Name>
		<HierarchyId>2</HierarchyId>
		<LevelTypeId>13</LevelTypeId>
	</Area>
	<Area>
		<AreaId>277125</AreaId>
		<Name>Surrey Heath</Name>
		<HierarchyId>2</HierarchyId>
		<LevelTypeId>13</LevelTypeId>
	</Area>
	<Area>
		<AreaId>276771</AreaId>
		<Name>Sutton</Name>
		<HierarchyId>2</HierarchyId>
		<LevelTypeId>13</LevelTypeId>
	</Area>
	<Area>
		<AreaId>277011</AreaId>
		<Name>Swale</Name>
		<HierarchyId>2</HierarchyId>
		<LevelTypeId>13</LevelTypeId>
	</Area>
	<Area>
		<AreaId>276841</AreaId>
		<Name>Swindon</Name>
		<HierarchyId>2</HierarchyId>
		<LevelTypeId>13</LevelTypeId>
	</Area>
	<Area>
		<AreaId>276783</AreaId>
		<Name>Tameside</Name>
		<HierarchyId>2</HierarchyId>
		<LevelTypeId>13</LevelTypeId>
	</Area>
	<Area>
		<AreaId>277110</AreaId>
		<Name>Tamworth</Name>
		<HierarchyId>2</HierarchyId>
		<LevelTypeId>13</LevelTypeId>
	</Area>
	<Area>
		<AreaId>277126</AreaId>
		<Name>Tandridge</Name>
		<HierarchyId>2</HierarchyId>
		<LevelTypeId>13</LevelTypeId>
	</Area>
	<Area>
		<AreaId>277101</AreaId>
		<Name>Taunton Deane</Name>
		<HierarchyId>2</HierarchyId>
		<LevelTypeId>13</LevelTypeId>
	</Area>
	<Area>
		<AreaId>276947</AreaId>
		<Name>Teesdale</Name>
		<HierarchyId>2</HierarchyId>
		<LevelTypeId>13</LevelTypeId>
	</Area>
	<Area>
		<AreaId>276931</AreaId>
		<Name>Teignbridge</Name>
		<HierarchyId>2</HierarchyId>
		<LevelTypeId>13</LevelTypeId>
	</Area>
	<Area>
		<AreaId>276831</AreaId>
		<Name>Telford and Wrekin</Name>
		<HierarchyId>2</HierarchyId>
		<LevelTypeId>13</LevelTypeId>
	</Area>
	<Area>
		<AreaId>276966</AreaId>
		<Name>Tendring</Name>
		<HierarchyId>2</HierarchyId>
		<LevelTypeId>13</LevelTypeId>
	</Area>
	<Area>
		<AreaId>276986</AreaId>
		<Name>Test Valley</Name>
		<HierarchyId>2</HierarchyId>
		<LevelTypeId>13</LevelTypeId>
	</Area>
	<Area>
		<AreaId>276975</AreaId>
		<Name>Tewkesbury</Name>
		<HierarchyId>2</HierarchyId>
		<LevelTypeId>13</LevelTypeId>
	</Area>
	<Area>
		<AreaId>277012</AreaId>
		<Name>Thanet</Name>
		<HierarchyId>2</HierarchyId>
		<LevelTypeId>13</LevelTypeId>
	</Area>
	<Area>
		<AreaId>276997</AreaId>
		<Name>Three Rivers</Name>
		<HierarchyId>2</HierarchyId>
		<LevelTypeId>13</LevelTypeId>
	</Area>
	<Area>
		<AreaId>276845</AreaId>
		<Name>Thurrock</Name>
		<HierarchyId>2</HierarchyId>
		<LevelTypeId>13</LevelTypeId>
	</Area>
	<Area>
		<AreaId>277013</AreaId>
		<Name>Tonbridge and Malling</Name>
		<HierarchyId>2</HierarchyId>
		<LevelTypeId>13</LevelTypeId>
	</Area>
	<Area>
		<AreaId>276838</AreaId>
		<Name>Torbay</Name>
		<HierarchyId>2</HierarchyId>
		<LevelTypeId>13</LevelTypeId>
	</Area>
	<Area>
		<AreaId>276932</AreaId>
		<Name>Torridge</Name>
		<HierarchyId>2</HierarchyId>
		<LevelTypeId>13</LevelTypeId>
	</Area>
	<Area>
		<AreaId>276772</AreaId>
		<Name>Tower Hamlets</Name>
		<HierarchyId>2</HierarchyId>
		<LevelTypeId>13</LevelTypeId>
	</Area>
	<Area>
		<AreaId>276784</AreaId>
		<Name>Trafford</Name>
		<HierarchyId>2</HierarchyId>
		<LevelTypeId>13</LevelTypeId>
	</Area>
	<Area>
		<AreaId>277014</AreaId>
		<Name>Tunbridge Wells</Name>
		<HierarchyId>2</HierarchyId>
		<LevelTypeId>13</LevelTypeId>
	</Area>
	<Area>
		<AreaId>277066</AreaId>
		<Name>Tynedale</Name>
		<HierarchyId>2</HierarchyId>
		<LevelTypeId>13</LevelTypeId>
	</Area>
	<Area>
		<AreaId>276967</AreaId>
		<Name>Uttlesford</Name>
		<HierarchyId>2</HierarchyId>
		<LevelTypeId>13</LevelTypeId>
	</Area>
	<Area>
		<AreaId>276901</AreaId>
		<Name>Vale Royal</Name>
		<HierarchyId>2</HierarchyId>
		<LevelTypeId>13</LevelTypeId>
	</Area>
	<Area>
		<AreaId>277088</AreaId>
		<Name>Vale of White Horse</Name>
		<HierarchyId>2</HierarchyId>
		<LevelTypeId>13</LevelTypeId>
	</Area>
	<Area>
		<AreaId>276811</AreaId>
		<Name>Wakefield</Name>
		<HierarchyId>2</HierarchyId>
		<LevelTypeId>13</LevelTypeId>
	</Area>
	<Area>
		<AreaId>276805</AreaId>
		<Name>Walsall</Name>
		<HierarchyId>2</HierarchyId>
		<LevelTypeId>13</LevelTypeId>
	</Area>
	<Area>
		<AreaId>276773</AreaId>
		<Name>Waltham Forest</Name>
		<HierarchyId>2</HierarchyId>
		<LevelTypeId>13</LevelTypeId>
	</Area>
	<Area>
		<AreaId>276774</AreaId>
		<Name>Wandsworth</Name>
		<HierarchyId>2</HierarchyId>
		<LevelTypeId>13</LevelTypeId>
	</Area>
	<Area>
		<AreaId>277067</AreaId>
		<Name>Wansbeck</Name>
		<HierarchyId>2</HierarchyId>
		<LevelTypeId>13</LevelTypeId>
	</Area>
	<Area>
		<AreaId>276818</AreaId>
		<Name>Warrington</Name>
		<HierarchyId>2</HierarchyId>
		<LevelTypeId>13</LevelTypeId>
	</Area>
	<Area>
		<AreaId>277133</AreaId>
		<Name>Warwick</Name>
		<HierarchyId>2</HierarchyId>
		<LevelTypeId>13</LevelTypeId>
	</Area>
	<Area>
		<AreaId>276998</AreaId>
		<Name>Watford</Name>
		<HierarchyId>2</HierarchyId>
		<LevelTypeId>13</LevelTypeId>
	</Area>
	<Area>
		<AreaId>277117</AreaId>
		<Name>Waveney</Name>
		<HierarchyId>2</HierarchyId>
		<LevelTypeId>13</LevelTypeId>
	</Area>
	<Area>
		<AreaId>277127</AreaId>
		<Name>Waverley</Name>
		<HierarchyId>2</HierarchyId>
		<LevelTypeId>13</LevelTypeId>
	</Area>
	<Area>
		<AreaId>276954</AreaId>
		<Name>Wealden</Name>
		<HierarchyId>2</HierarchyId>
		<LevelTypeId>13</LevelTypeId>
	</Area>
	<Area>
		<AreaId>276948</AreaId>
		<Name>Wear Valley</Name>
		<HierarchyId>2</HierarchyId>
		<LevelTypeId>13</LevelTypeId>
	</Area>
	<Area>
		<AreaId>277059</AreaId>
		<Name>Wellingborough</Name>
		<HierarchyId>2</HierarchyId>
		<LevelTypeId>13</LevelTypeId>
	</Area>
	<Area>
		<AreaId>276999</AreaId>
		<Name>Welwyn Hatfield</Name>
		<HierarchyId>2</HierarchyId>
		<LevelTypeId>13</LevelTypeId>
	</Area>
	<Area>
		<AreaId>276848</AreaId>
		<Name>West Berkshire</Name>
		<HierarchyId>2</HierarchyId>
		<LevelTypeId>13</LevelTypeId>
	</Area>
	<Area>
		<AreaId>276933</AreaId>
		<Name>West Devon</Name>
		<HierarchyId>2</HierarchyId>
		<LevelTypeId>13</LevelTypeId>
	</Area>
	<Area>
		<AreaId>276939</AreaId>
		<Name>West Dorset</Name>
		<HierarchyId>2</HierarchyId>
		<LevelTypeId>13</LevelTypeId>
	</Area>
	<Area>
		<AreaId>277026</AreaId>
		<Name>West Lancashire</Name>
		<HierarchyId>2</HierarchyId>
		<LevelTypeId>13</LevelTypeId>
	</Area>
	<Area>
		<AreaId>277043</AreaId>
		<Name>West Lindsey</Name>
		<HierarchyId>2</HierarchyId>
		<LevelTypeId>13</LevelTypeId>
	</Area>
	<Area>
		<AreaId>277089</AreaId>
		<Name>West Oxfordshire</Name>
		<HierarchyId>2</HierarchyId>
		<LevelTypeId>13</LevelTypeId>
	</Area>
	<Area>
		<AreaId>277102</AreaId>
		<Name>West Somerset</Name>
		<HierarchyId>2</HierarchyId>
		<LevelTypeId>13</LevelTypeId>
	</Area>
	<Area>
		<AreaId>277144</AreaId>
		<Name>West Wiltshire</Name>
		<HierarchyId>2</HierarchyId>
		<LevelTypeId>13</LevelTypeId>
	</Area>
	<Area>
		<AreaId>276775</AreaId>
		<Name>Westminster</Name>
		<HierarchyId>2</HierarchyId>
		<LevelTypeId>13</LevelTypeId>
	</Area>
	<Area>
		<AreaId>276940</AreaId>
		<Name>Weymouth and Portland</Name>
		<HierarchyId>2</HierarchyId>
		<LevelTypeId>13</LevelTypeId>
	</Area>
	<Area>
		<AreaId>276785</AreaId>
		<Name>Wigan</Name>
		<HierarchyId>2</HierarchyId>
		<LevelTypeId>13</LevelTypeId>
	</Area>
	<Area>
		<AreaId>276987</AreaId>
		<Name>Winchester</Name>
		<HierarchyId>2</HierarchyId>
		<LevelTypeId>13</LevelTypeId>
	</Area>
	<Area>
		<AreaId>276851</AreaId>
		<Name>Windsor and Maidenhead</Name>
		<HierarchyId>2</HierarchyId>
		<LevelTypeId>13</LevelTypeId>
	</Area>
	<Area>
		<AreaId>276790</AreaId>
		<Name>Wirral</Name>
		<HierarchyId>2</HierarchyId>
		<LevelTypeId>13</LevelTypeId>
	</Area>
	<Area>
		<AreaId>277128</AreaId>
		<Name>Woking</Name>
		<HierarchyId>2</HierarchyId>
		<LevelTypeId>13</LevelTypeId>
	</Area>
	<Area>
		<AreaId>276852</AreaId>
		<Name>Wokingham</Name>
		<HierarchyId>2</HierarchyId>
		<LevelTypeId>13</LevelTypeId>
	</Area>
	<Area>
		<AreaId>276806</AreaId>
		<Name>Wolverhampton</Name>
		<HierarchyId>2</HierarchyId>
		<LevelTypeId>13</LevelTypeId>
	</Area>
	<Area>
		<AreaId>277148</AreaId>
		<Name>Worcester</Name>
		<HierarchyId>2</HierarchyId>
		<LevelTypeId>13</LevelTypeId>
	</Area>
	<Area>
		<AreaId>277140</AreaId>
		<Name>Worthing</Name>
		<HierarchyId>2</HierarchyId>
		<LevelTypeId>13</LevelTypeId>
	</Area>
	<Area>
		<AreaId>277149</AreaId>
		<Name>Wychavon</Name>
		<HierarchyId>2</HierarchyId>
		<LevelTypeId>13</LevelTypeId>
	</Area>
	<Area>
		<AreaId>276888</AreaId>
		<Name>Wycombe</Name>
		<HierarchyId>2</HierarchyId>
		<LevelTypeId>13</LevelTypeId>
	</Area>
	<Area>
		<AreaId>277027</AreaId>
		<Name>Wyre</Name>
		<HierarchyId>2</HierarchyId>
		<LevelTypeId>13</LevelTypeId>
	</Area>
	<Area>
		<AreaId>277150</AreaId>
		<Name>Wyre Forest</Name>
		<HierarchyId>2</HierarchyId>
		<LevelTypeId>13</LevelTypeId>
	</Area>
	<Area>
		<AreaId>276825</AreaId>
		<Name>York</Name>
		<HierarchyId>2</HierarchyId>
		<LevelTypeId>13</LevelTypeId>
	</Area>
</AreaList>
