<ns1:getDataCubeElement>	<DataCubeQueryMessage xmlns:xsi="http://www.w3.org/2001/XMLSchema-instance" xmlns="http://neighbourhood.statistics.gov.uk/dissemination/resources/schemas/datacubequery" xsi:schemaLocation="http://neighbourhood.statistics.gov.uk/dissemination/resources/schemas/datacubequery NeSSDataCubeQueryMessage-v0-4.xsd" version="0.5">		<Query repository="NeSS" type="custom">			<Dimension name="variablefamily" isMeasuredDimension="true">				<Group dimension="dataset" code="DSFAMILYID" type="all"/>			</Dimension>			<Dimension name="area" isSpatialDimension="true">				AREALIST			</Dimension>			<Dimension name="time" isTimeDimension="true">				<Item>					<Period>						<Start>DATESTART</Start>						<End>DATEEND</End>					</Period>				</Item>			</Dimension>			<SeriesGrouping>				<SeriesGroup dimension="dataset"/>			</SeriesGrouping>		</Query>	</DataCubeQueryMessage></ns1:getDataCubeElement>