DATASET_TITLE,NS-SeC of Household Reference Person (UV33),,,,,,FROM,Apr-2001,Apr-2001,Apr-2001,Apr-2001,Apr-2001,Apr-2001,Apr-2001,Apr-2001,Apr-2001,Apr-2001,Apr-2001,Apr-2001
AREA_TYPE,Local Authority,,,,,,TO,Apr-2001,Apr-2001,Apr-2001,Apr-2001,Apr-2001,Apr-2001,Apr-2001,Apr-2001,Apr-2001,Apr-2001,Apr-2001,Apr-2001
GEO_HIERARCHY,NeSS Geography Hierarchy,,,,,,HEADING,All People in Households,1. Higher managerial and professional occupations,1. Higher managerial and professional occupations:  1.1 Large employers and higher managerial occupations,1. Higher managerial and professional occupations:  1.2 Higher professional occupations,2. Lower managerial and professional occupations,3. Intermediate occupations,4. Small employers and own account workers,5. Lower supervisory and technical occupations,6. Semi-routine occupations,7. Routine occupations,8. Never worked and long-term unemployed,Not classified
,,,,,,,MEASUREMENT_UNIT,Count,Count,Count,Count,Count,Count,Count,Count,Count,Count,Count,Count
,,,,,,,STATISTICAL_UNIT,Persons,Persons,Persons,Persons,Persons,Persons,Persons,Persons,Persons,Persons,Persons,Persons
GOR_CODE,GOR_NAME,CTY_CODE,CTY_NAME,LA_CODE,LA_NAME,AREA_METADATA,,DATA_VALUE,DATA_VALUE,DATA_VALUE,DATA_VALUE,DATA_VALUE,DATA_VALUE,DATA_VALUE,DATA_VALUE,DATA_VALUE,DATA_VALUE,DATA_VALUE,DATA_VALUE
"A","North East",,,"00CH","Gateshead",,,188703,12430,5779,6651,29803,13063,11283,19037,21956,24047,7181,49903
"A","North East",,,"00CJ","Newcastle upon Tyne",,,253748,25934,7689,18245,38825,15655,15964,19734,25905,25240,13379,73112
"A","North East",,,"00CK","North Tyneside",,,189692,16733,7182,9551,36036,15227,12116,18587,19862,19823,5212,46096
"A","North East",,,"00CL","South Tyneside",,,151122,8979,4046,4933,22035,9796,8677,15652,18275,19089,7599,41020
"A","North East",,,"00CM","Sunderland",,,275590,16057,7780,8277,41021,18877,16621,28090,33256,38380,11843,71445
"A","North East",,,"00EB","Hartlepool",,,87748,5114,2491,2623,12771,4691,5082,10352,10796,12204,4432,22306
"A","North East",,,"00EC","Middlesbrough",,,132949,7813,3372,4441,19337,7660,7803,13690,16004,17765,8742,34135
"A","North East",,,"00EE","Redcar and Cleveland",,,137707,8946,4082,4864,21520,7142,8581,18043,14938,17509,5912,35116
"A","North East",,,"00EF","Stockton-on-Tees",,,175783,15496,7419,8077,33412,10766,11144,20911,18199,20348,6720,38787
"A","North East",,,"00EH","Darlington",,,96154,8791,4175,4616,17655,6611,7153,9844,10785,10818,2831,21666
"A","North East","20","Durham","20UB","Chester-le-Street",,,53191,5112,2620,2492,10679,4075,3645,5899,5001,5830,1082,11868
"A","North East","20","Durham","20UD","Derwentside",,,83906,5776,2947,2829,13578,5062,5814,8998,9428,11708,2508,21034
"A","North East","20","Durham","20UE","Durham",,,80762,9244,3446,5798,16012,5745,4463,7136,6885,8445,1742,21090
"A","North East","20","Durham","20UF","Easington",,,93025,3873,1953,1920,10999,5295,4884,10493,11724,13965,3709,28083
"A","North East","20","Durham","20UG","Sedgefield",,,86614,5475,2969,2506,13197,4585,5327,10358,10507,13441,2428,21296
"A","North East","20","Durham","20UH","Teesdale",,,23660,2262,1046,1216,3964,1045,3753,2304,1776,2422,355,5779
"A","North East","20","Durham","20UJ","Wear Valley",,,60571,3855,1832,2023,8545,2825,5302,6547,6724,8932,2199,15642
"A","North East","35","Northumberland","35UB","Alnwick",,,30537,3005,1305,1700,5670,1795,4018,2859,2680,2816,496,7198
"A","North East","35","Northumberland","35UC","Berwick-upon-Tweed",,,25526,1439,545,894,3673,972,3924,2505,3272,2954,371,6416
"A","North East","35","Northumberland","35UD","Blyth Valley",,,80454,5663,2921,2742,14951,6299,5114,10286,8915,10300,2143,16783
"A","North East","35","Northumberland","35UE","Castle Morpeth",,,47052,7433,3070,4363,10298,2784,4754,3369,3211,3115,833,11255
"A","North East","35","Northumberland","35UF","Tynedale",,,57715,8208,3188,5020,11762,3047,8072,4792,4606,4353,754,12121
"A","North East","35","Northumberland","35UG","Wansbeck",,,60675,3349,1706,1643,9305,4384,3642,6801,7424,7903,2257,15610
"B","North West",,,"00BL","Bolton",,,258641,23457,11010,12447,45877,17436,24346,23666,30154,30542,8151,55012
"B","North West",,,"00BM","Bury",,,178096,19438,8692,10746,38222,13656,17677,16048,16756,17570,3687,35042
"B","North West",,,"00BN","Manchester",,,377383,29630,8568,21062,53254,25026,24175,25873,41816,40480,27789,109340
"B","North West",,,"00BP","Oldham",,,215486,16233,8026,8207,34458,14001,20951,21957,26516,28300,7924,45146
"B","North West",,,"00BQ","Rochdale",,,203086,16318,8131,8187,33823,12925,20018,19864,21848,27245,7484,43561
"B","North West",,,"00BR","Salford",,,210415,16231,6676,9555,34889,16161,14960,18585,24414,23579,7805,53791
"B","North West",,,"00BS","Stockport",,,282255,39732,16190,23542,61544,20743,27808,23495,23982,21399,4911,58641
"B","North West",,,"00BT","Tameside",,,211178,14726,6987,7739,34489,16395,18726,24292,26784,25546,5322,44898
"B","North West",,,"00BU","Trafford",,,208456,31628,12649,18979,46451,16396,18425,15925,17216,14778,4097,43540
"B","North West",,,"00BW","Wigan",,,299169,22860,11302,11558,51237,19777,25433,31576,35061,40666,6136,66423
"B","North West",,,"00BX","Knowsley",,,149316,7608,3845,3763,20209,9963,9638,13501,18603,16475,11215,42104
"B","North West",,,"00BY","Liverpool",,,426307,27757,9720,18037,61961,29250,25960,30901,45536,39989,32529,132424
"B","North West",,,"00BZ","St. Helens",,,175389,12758,6234,6524,29287,11088,11918,17890,19754,22033,6832,43829
"B","North West",,,"00CA","Sefton",,,278059,25876,11618,14258,55002,22987,24855,21464,26047,20831,8527,72470
"B","North West",,,"00CB","Wirral",,,308452,30664,12687,17977,57505,20738,21441,28527,31537,25322,10938,81780
"B","North West",,,"00ET","Halton",,,117195,8253,4231,4022,18566,8088,7510,15118,13325,14951,4697,26687
"B","North West",,,"00EU","Warrington",,,187997,26215,12564,13651,40820,12921,14381,18487,17225,19160,3110,35678
"B","North West",,,"00EX","Blackburn with Darwen",,,135872,10014,4888,5126,20121,7457,12979,14291,16620,19220,6615,28555
"B","North West",,,"00EY","Blackpool",,,137627,7120,3221,3899,20432,10882,15544,12545,15893,14359,3823,37029
"B","North West","13","Cheshire","13UB","Chester",,,116352,18801,8214,10587,24674,6013,10802,9895,9604,7970,1826,26767
"B","North West","13","Cheshire","13UC","Congleton",,,89490,15729,7908,7821,20455,4564,8859,8149,6495,7065,675,17499
"B","North West","13","Cheshire","13UD","Crewe and Nantwich",,,109427,12332,6025,6307,20072,5612,10211,12655,12165,11406,1894,23080
"B","North West","13","Cheshire","13UE","Ellesmere Port & Neston",,,80972,8162,3848,4314,15353,4431,5308,11166,9041,8477,1513,17521
"B","North West","13","Cheshire","13UG","Macclesfield",,,147752,30602,13948,16654,34830,7930,15976,9506,9243,8306,1321,30038
"B","North West","13","Cheshire","13UH","Vale Royal",,,120936,17990,8933,9057,25130,6199,10675,12388,10582,11903,1752,24317
"B","North West","16","Cumbria","16UB","Allerdale",,,92057,7261,3220,4041,13944,3574,10506,11584,9906,11450,2071,21761
"B","North West","16","Cumbria","16UC","Barrow-in-Furness",,,71357,5265,2171,3094,10649,4004,4655,9668,7857,8753,2245,18261
"B","North West","16","Cumbria","16UD","Carlisle",,,99313,7421,3448,3973,16986,5612,10060,10532,12684,11615,1938,22465
"B","North West","16","Cumbria","16UE","Copeland",,,68161,5599,2830,2769,9910,3036,5442,11107,6887,7850,2309,16021
"B","North West","16","Cumbria","16UF","Eden",,,48997,4102,1549,2553,8148,2009,9948,4487,4388,5301,348,10266
"B","North West","16","Cumbria","16UG","South Lakeland",,,98925,10522,4161,6361,19168,4620,15129,9051,8085,7732,704,23914
"B","North West","30","Lancashire","30UD","Burnley",,,88456,6545,3391,3154,13555,5296,7123,9589,11746,12281,2607,19714
"B","North West","30","Lancashire","30UE","Chorley",,,98106,12218,5916,6302,20950,6566,10037,9497,8692,10329,1335,18482
"B","North West","30","Lancashire","30UF","Fylde",,,71053,11140,4455,6685,14219,4615,7404,5490,5033,3770,653,18729
"B","North West","30","Lancashire","30UG","Hyndburn",,,80585,5312,2734,2578,12940,4532,7711,9521,10006,11045,2120,17398
"B","North West","30","Lancashire","30UH","Lancaster",,,126904,11292,3853,7439,22263,7571,12624,11806,12486,12361,3179,33322
"B","North West","30","Lancashire","30UJ","Pendle",,,88482,6590,3258,3332,13581,4253,9520,8604,10836,12953,2845,19300
"B","North West","30","Lancashire","30UK","Preston",,,127055,13108,5273,7835,21514,8970,10372,11482,13605,13932,4224,29848
"B","North West","30","Lancashire","30UL","Ribble Valley",,,52793,7869,3959,3910,11707,2517,7772,4664,3615,3796,298,10555
"B","North West","30","Lancashire","30UM","Rossendale",,,64853,6210,3134,3076,12531,3989,6916,6147,6604,8438,1143,12875
"B","North West","30","Lancashire","30UN","South Ribble",,,103042,11965,5550,6415,21343,8082,9694,11177,10162,9493,1013,20113
"B","North West","30","Lancashire","30UP","West Lancashire",,,106643,11597,5451,6146,20934,6414,11948,9026,10463,10407,2341,23513
"B","North West","30","Lancashire","30UQ","Wyre",,,103582,9618,4092,5526,18600,7387,13098,9052,8563,7860,1494,27910
"D","Yorkshire and The Humber",,,"00CC","Barnsley",,,215917,12860,6568,6292,30411,10480,17972,23466,24502,33202,7464,55560
"D","Yorkshire and The Humber",,,"00CE","Doncaster",,,282666,18332,9577,8755,44115,15757,22737,32125,32789,39112,9112,68587
"D","Yorkshire and The Humber",,,"00CF","Rotherham",,,246013,17321,9136,8185,38613,13541,19649,27879,29730,34560,8556,56164
"D","Yorkshire and The Humber",,,"00CG","Sheffield",,,504212,50563,18772,31791,83815,29276,40698,41910,55131,50846,19721,132252
"D","Yorkshire and The Humber",,,"00CX","Bradford",,,459959,39291,18466,20825,78568,29390,45084,40421,51478,57762,22496,95469
"D","Yorkshire and The Humber",,,"00CY","Calderdale",,,190879,19342,9087,10255,36610,11593,18427,17324,20605,22545,5352,39081
"D","Yorkshire and The Humber",,,"00CZ","Kirklees",,,383053,37893,19149,18744,69428,21805,38825,36541,38598,50801,11232,77930
"D","Yorkshire and The Humber",,,"00DA","Leeds",,,705134,75675,31205,44470,131538,50908,56626,60660,72894,70688,19973,166172
"D","Yorkshire and The Humber",,,"00DB","Wakefield",,,311110,23703,11985,11718,50473,18522,23189,33983,33359,48135,8079,71667
"D","Yorkshire and The Humber",,,"00FA","Kingston upon Hull, City of",,,239957,11117,4745,6372,31565,12159,14786,28293,30730,38616,12260,60431
"D","Yorkshire and The Humber",,,"00FB","East Riding of Yorkshire",,,306881,34792,16633,18159,62650,17207,34766,30146,27008,28797,4479,67036
"D","Yorkshire and The Humber",,,"00FC","North East Lincolnshire",,,155990,9309,4362,4947,23996,7055,11864,22003,19873,22162,5373,34355
"D","Yorkshire and The Humber",,,"00FD","North Lincolnshire",,,151075,11000,5339,5661,24455,6663,12559,20981,16484,23217,3198,32518
"D","Yorkshire and The Humber",,,"00FF","York",,,174884,22246,9303,12943,34671,11381,14293,16432,18109,14684,2346,40722
"D","Yorkshire and The Humber","36","North Yorkshire","36UB","Craven",,,52341,6218,2632,3586,10219,2545,9133,4502,4087,4047,321,11269
"D","Yorkshire and The Humber","36","North Yorkshire","36UC","Hambleton",,,82440,12457,6034,6423,17720,4040,12246,6571,5979,6451,752,16224
"D","Yorkshire and The Humber","36","North Yorkshire","36UD","Harrogate",,,146186,23313,11101,12212,35299,8872,18821,10544,10506,9345,1085,28401
"D","Yorkshire and The Humber","36","North Yorkshire","36UE","Richmondshire",,,43542,4788,2652,2136,10663,2756,6551,3734,3345,3391,322,7992
"D","Yorkshire and The Humber","36","North Yorkshire","36UF","Ryedale",,,49570,4727,2029,2698,7889,1808,9292,4609,5035,4664,447,11099
"D","Yorkshire and The Humber","36","North Yorkshire","36UG","Scarborough",,,103429,6845,2952,3893,16439,4650,13500,11054,11817,9571,2190,27363
"D","Yorkshire and The Humber","36","North Yorkshire","36UH","Selby",,,75490,9061,4587,4474,15534,4236,8253,9001,6914,8299,793,13399
"E","East Midlands",,,"00FK","Derby",,,217341,22564,9748,12816,36539,11943,15848,23828,25720,23117,7636,50146
"E","East Midlands",,,"00FN","Leicester",,,273394,18553,5894,12659,36788,16447,21261,23874,35656,46370,12254,62191
"E","East Midlands",,,"00FP","Rutland",,,31850,5284,3053,2231,7847,1543,3625,2912,2161,2137,177,6164
"E","East Midlands",,,"00FY","Nottingham",,,258004,19151,6760,12391,35382,15184,15969,21604,28726,34022,13559,74407
"E","East Midlands","17","Derbyshire","17UB","Amber Valley",,,115260,12257,6237,6020,20290,5189,10799,13415,11913,15004,1734,24659
"E","East Midlands","17","Derbyshire","17UC","Bolsover",,,70934,4466,2390,2076,9703,3277,5612,8542,8149,10887,1726,18572
"E","East Midlands","17","Derbyshire","17UD","Chesterfield",,,97710,7817,3970,3847,16161,5807,7848,9956,11790,11850,2952,23529
"E","East Midlands","17","Derbyshire","17UF","Derbyshire Dales",,,67908,10042,4422,5620,12977,2693,10268,5728,5418,5746,537,14499
"E","East Midlands","17","Derbyshire","17UG","Erewash",,,109027,10875,5490,5385,19476,6376,9316,13159,11509,14274,1881,22161
"E","East Midlands","17","Derbyshire","17UH","High Peak",,,88617,11101,4831,6270,18584,4834,9857,9361,8024,9127,1037,16692
"E","East Midlands","17","Derbyshire","17UJ","North East Derbyshire",,,96016,9513,4958,4555,17959,5289,9723,9488,9156,10556,1747,22585
"E","East Midlands","17","Derbyshire","17UK","South Derbyshire",,,80195,10305,5135,5170,15632,3794,7780,9754,7994,9007,931,14998
"E","East Midlands","31","Leicestershire","31UB","Blaby",,,89002,11129,5489,5640,20634,6365,10438,9064,7006,8669,546,15151
"E","East Midlands","31","Leicestershire","31UC","Charnwood",,,146344,18506,7686,10820,28819,8712,14898,15046,13999,14761,1942,29661
"E","East Midlands","31","Leicestershire","31UD","Harborough",,,75307,13127,6851,6276,18870,4254,9454,6012,4954,5536,398,12702
"E","East Midlands","31","Leicestershire","31UE","Hinckley and Bosworth",,,99452,11891,6413,5478,20848,5736,10821,10022,8631,12287,797,18419
"E","East Midlands","31","Leicestershire","31UG","Melton",,,47406,6188,3291,2897,9634,2370,5476,4885,4521,5005,352,8975
"E","East Midlands","31","Leicestershire","31UH","North West Leicestershire",,,84836,10310,5422,4888,16500,4253,8271,9273,8206,10253,896,16874
"E","East Midlands","31","Leicestershire","31UJ","Oadby and Wigston",,,53773,6401,2657,3744,11503,4131,5707,5223,4526,5177,544,10561
"E","East Midlands","32","Lincolnshire","32UB","Boston",,,54761,3186,1596,1590,8297,2303,6050,5636,7935,7727,837,12790
"E","East Midlands","32","Lincolnshire","32UC","East Lindsey",,,127519,7756,3863,3893,20427,5153,17940,12309,13730,13002,2030,35172
"E","East Midlands","32","Lincolnshire","32UD","Lincoln",,,83715,5809,2254,3555,14359,4935,6043,8531,10139,11051,2557,20291
"E","East Midlands","32","Lincolnshire","32UE","North Kesteven",,,91960,10360,5664,4696,20369,5757,9613,9298,7771,8310,836,19646
"E","East Midlands","32","Lincolnshire","32UF","South Holland",,,75615,5483,2885,2598,11845,3134,9344,8096,8747,9674,657,18635
"E","East Midlands","32","Lincolnshire","32UG","South Kesteven",,,123178,14797,8014,6783,26642,6684,12621,12586,12530,12379,1260,23679
"E","East Midlands","32","Lincolnshire","32UH","West Lindsey",,,78278,7652,3572,4080,15889,3735,8680,8180,7664,7985,1285,17208
"E","East Midlands","34","Northamptonshire","34UB","Corby",,,52798,3399,2000,1399,7219,2911,3001,7360,8251,10020,1073,9564
"E","East Midlands","34","Northamptonshire","34UC","Daventry",,,70375,11404,6039,5365,16949,3699,7972,6311,5300,7627,475,10638
"E","East Midlands","34","Northamptonshire","34UD","East Northamptonshire",,,74902,9702,5206,4496,16359,3953,7972,7702,6299,9809,733,12373
"E","East Midlands","34","Northamptonshire","34UE","Kettering",,,80951,8882,4590,4292,16400,4820,7965,8692,8325,10112,1044,14711
"E","East Midlands","34","Northamptonshire","34UF","Northampton",,,190716,20590,10289,10301,39865,13335,15928,18441,19954,23648,4328,34627
"E","East Midlands","34","Northamptonshire","34UG","South Northamptonshire",,,78614,14378,7782,6596,19574,4450,9844,6691,5394,6150,316,11817
"E","East Midlands","34","Northamptonshire","34UH","Wellingborough",,,71631,7139,3761,3378,13534,4431,6351,7468,7142,10879,1350,13337
"E","East Midlands","37","Nottinghamshire","37UB","Ashfield",,,109996,6521,3595,2926,16230,5527,9019,14122,12698,18417,2805,24657
"E","East Midlands","37","Nottinghamshire","37UC","Bassetlaw",,,104821,9139,4562,4577,18196,5328,9401,11625,11964,12713,2607,23848
"E","East Midlands","37","Nottinghamshire","37UD","Broxtowe",,,106632,13938,5823,8115,21714,6535,9267,10498,9322,10112,1365,23881
"E","East Midlands","37","Nottinghamshire","37UE","Gedling",,,110842,11762,5356,6406,23822,8053,10870,11089,10024,10480,1586,23156
"E","East Midlands","37","Nottinghamshire","37UF","Mansfield",,,97285,6012,3142,2870,14538,5402,7742,11257,10737,14729,3052,23816
"E","East Midlands","37","Nottinghamshire","37UG","Newark and Sherwood",,,104729,10750,5102,5648,19179,5022,10636,10894,10375,12054,1871,23948
"E","East Midlands","37","Nottinghamshire","37UJ","Rushcliffe",,,103863,21769,8988,12781,26530,6123,9664,6442,6434,5408,1178,20315
"F","West Midlands",,,"00CN","Birmingham",,,960609,78645,30450,48195,145088,59154,75415,79546,124876,100770,66930,230185
"F","West Midlands",,,"00CQ","Coventry",,,293382,26432,10627,15805,46014,18855,20794,28325,37384,32232,11975,71371
"F","West Midlands",,,"00CR","Dudley",,,302384,25917,13537,12380,54237,17486,27160,31651,36032,35369,8316,66216
"F","West Midlands",,,"00CS","Sandwell",,,280763,14075,6825,7250,35595,15618,19584,30428,41944,41345,14517,67657
"F","West Midlands",,,"00CT","Solihull",,,198179,32095,15944,16151,42332,13111,17601,16373,18060,14517,3614,40476
"F","West Midlands",,,"00CU","Walsall",,,251337,17165,9267,7898,37576,12356,21119,26901,35306,33114,10482,57318
"F","West Midlands",,,"00CW","Wolverhampton",,,233067,15229,6887,8342,33370,11897,17212,22499,34598,30559,10265,57438
"F","West Midlands",,,"00GA","Herefordshire, County of",,,172575,17019,7740,9279,32384,7732,27679,15002,17186,15088,2398,38087
"F","West Midlands",,,"00GF","Telford and Wrekin",,,156245,16247,8316,7931,29594,9426,11421,17706,19109,20132,3963,28647
"F","West Midlands",,,"00GL","Stoke-on-Trent",,,237071,11914,6223,5691,28794,12256,17315,25320,30375,41945,7688,61464
"F","West Midlands","39","Shropshire","39UB","Bridgnorth",,,49950,6771,3471,3300,11052,2224,6959,4476,4247,3788,431,10002
"F","West Midlands","39","Shropshire","39UC","North Shropshire",,,55312,6459,3257,3202,10345,2312,8144,4997,5382,5281,717,11675
"F","West Midlands","39","Shropshire","39UD","Oswestry",,,36241,3399,1684,1715,6407,1691,4769,3491,3751,4299,739,7695
"F","West Midlands","39","Shropshire","39UE","Shrewsbury and Atcham",,,93475,11125,4647,6478,19574,5639,10503,8397,9539,8310,1256,19132
"F","West Midlands","39","Shropshire","39UF","South Shropshire",,,39769,3608,1437,2171,6503,1303,8137,3232,3349,3418,482,9737
"F","West Midlands","41","Staffordshire","41UB","Cannock Chase",,,91487,6624,3782,2842,16621,5204,9409,11216,10686,12649,1698,17380
"F","West Midlands","41","Staffordshire","41UC","East Staffordshire",,,102591,10805,5534,5271,18367,4894,10558,11272,12071,12118,2103,20403
"F","West Midlands","41","Staffordshire","41UD","Lichfield",,,91635,12930,6980,5950,21755,4889,10457,8366,7725,7833,1006,16674
"F","West Midlands","41","Staffordshire","41UE","Newcastle-under-Lyme",,,118137,11472,5131,6341,20323,6487,10638,11895,12848,15395,1800,27279
"F","West Midlands","41","Staffordshire","41UF","South Staffordshire",,,104113,13592,7403,6189,23654,5944,12683,10099,9114,8367,1211,19449
"F","West Midlands","41","Staffordshire","41UG","Stafford",,,118030,15889,7618,8271,26722,7810,11621,10224,9613,10346,1473,24332
"F","West Midlands","41","Staffordshire","41UH","Staffordshire Moorlands",,,93278,8969,4782,4187,16766,4704,12948,10153,8681,10399,838,19820
"F","West Midlands","41","Staffordshire","41UK","Tamworth",,,74199,6731,3769,2962,14264,4410,5727,10281,9173,10107,1599,11907
"F","West Midlands","44","Warwickshire","44UB","North Warwickshire",,,61454,6266,3169,3097,11433,3533,6953,6795,6340,7646,719,11769
"F","West Midlands","44","Warwickshire","44UC","Nuneaton and Bedworth",,,118376,10752,5208,5544,19960,7000,8624,14297,15556,16452,2158,23577
"F","West Midlands","44","Warwickshire","44UD","Rugby",,,85839,12161,5724,6437,17328,5251,7715,8921,7718,9646,984,16115
"F","West Midlands","44","Warwickshire","44UE","Stratford-on-Avon",,,110118,19655,9686,9969,24886,5127,14180,8474,8071,7630,785,21310
"F","West Midlands","44","Warwickshire","44UF","Warwick",,,123809,23277,9916,13361,27073,7067,10293,9258,10696,8520,1372,26253
"F","West Midlands","47","Worcestershire","47UB","Bromsgrove",,,85682,14613,7331,7282,20178,4811,9807,7124,6625,5402,722,16400
"F","West Midlands","47","Worcestershire","47UC","Malvern Hills",,,69717,10949,4624,6325,14554,3088,9611,5018,5339,4555,753,15850
"F","West Midlands","47","Worcestershire","47UD","Redditch",,,78290,8567,4541,4026,15800,4830,7294,9046,10242,8743,1498,12270
"F","West Midlands","47","Worcestershire","47UE","Worcester",,,92030,11006,5123,5883,19935,5968,7271,9144,9869,10398,1366,17073
"F","West Midlands","47","Worcestershire","47UF","Wychavon",,,111494,16587,8858,7729,24573,5442,14163,9358,8893,9894,913,21671
"F","West Midlands","47","Worcestershire","47UG","Wyre Forest",,,95610,9824,5275,4549,18573,4865,10102,9458,10148,11920,1467,19253
"G","East of England",,,"00JA","Peterborough",,,154638,16479,7749,8730,29554,11362,12494,15125,18632,17369,4158,29465
"G","East of England",,,"00KA","Luton",,,183291,15954,7249,8705,31563,12167,18351,20113,22817,19844,7069,35413
"G","East of England",,,"00KF","Southend-on-Sea",,,157895,16705,7095,9610,33733,11879,17393,12141,13576,11145,3763,37560
"G","East of England",,,"00KG","Thurrock",,,142582,10684,5219,5465,27717,11154,14576,17401,15351,16447,3432,25820
"G","East of England","09","Bedfordshire","09UC","Mid Bedfordshire",,,119309,20612,10198,10414,30068,7339,14777,10645,8331,8698,746,18093
"G","East of England","09","Bedfordshire","09UD","Bedford",,,145414,20299,9005,11294,31754,9977,13625,12678,13555,12489,3345,27692
"G","East of England","09","Bedfordshire","09UE","South Bedfordshire",,,111956,15293,7826,7467,26357,7548,11994,11755,9401,9855,1309,18444
"G","East of England","12","Cambridgeshire","12UB","Cambridge",,,95052,21973,4717,17256,18609,5196,6483,5995,7365,6083,1418,21930
"G","East of England","12","Cambridgeshire","12UC","East Cambridgeshire",,,72271,10366,4837,5529,15920,3713,9439,7244,5654,6268,685,12982
"G","East of England","12","Cambridgeshire","12UD","Fenland",,,82293,5890,2708,3182,13134,4465,9670,8529,9571,10941,1344,18749
"G","East of England","12","Cambridgeshire","12UE","Huntingdonshire",,,155286,25797,13668,12129,38261,10504,14588,14842,13041,13610,1373,23270
"G","East of England","12","Cambridgeshire","12UG","South Cambridgeshire",,,127805,28505,11543,16962,31091,6899,14783,10099,8041,7635,718,20034
"G","East of England","22","Essex","22UB","Basildon",,,164897,18015,8314,9701,33923,13047,17996,15467,14845,14719,3631,33254
"G","East of England","22","Essex","22UC","Braintree",,,130823,16107,8130,7977,30133,7913,16947,12380,11639,11401,1343,22960
"G","East of England","22","Essex","22UD","Brentwood",,,67485,11984,5012,6972,18253,4802,7533,3813,3665,2882,519,14034
"G","East of England","22","Essex","22UE","Castle Point",,,86041,8718,4225,4493,17889,6325,12069,8764,6640,6577,949,18110
"G","East of England","22","Essex","22UF","Chelmsford",,,155054,25901,11429,14472,40121,11907,16204,11576,10939,9507,1370,27529
"G","East of England","22","Essex","22UG","Colchester",,,150914,19575,8899,10676,35755,9681,15683,13105,13169,12085,1964,29897
"G","East of England","22","Essex","22UH","Epping Forest",,,120036,16448,7208,9240,27506,8517,18117,8558,7767,6945,1691,24487
"G","East of England","22","Essex","22UJ","Harlow",,,78288,6770,3047,3723,15500,6079,7195,8658,8298,9407,1631,14750
"G","East of England","22","Essex","22UK","Maldon",,,59004,7874,3669,4205,13849,3194,9150,5160,4389,3977,668,10743
"G","East of England","22","Essex","22UL","Rochford",,,78027,10331,4944,5387,18350,6273,10286,6788,4913,4414,670,16002
"G","East of England","22","Essex","22UN","Tendring",,,135881,9291,4427,4864,22015,7087,16316,12166,12924,11772,2169,42141
"G","East of England","22","Essex","22UQ","Uttlesford",,,67627,13523,6513,7010,17195,3457,9441,4933,3771,3700,359,11248
"G","East of England","26","Hertfordshire","26UB","Broxbourne",,,86746,9424,4777,4647,18412,7092,12667,7547,7123,7264,1212,16005
"G","East of England","26","Hertfordshire","26UC","Dacorum",,,135788,23398,11819,11579,32670,9536,14875,10232,10269,9710,1478,23620
"G","East of England","26","Hertfordshire","26UD","East Hertfordshire",,,126557,25735,11863,13872,33661,7890,15174,9508,6929,7241,681,19738
"G","East of England","26","Hertfordshire","26UE","Hertsmere",,,92423,15412,6835,8577,22977,6782,12034,6160,5862,5181,994,17021
"G","East of England","26","Hertfordshire","26UF","North Hertfordshire",,,115356,21079,9321,11758,27400,6908,11454,9281,8760,8592,1149,20733
"G","East of England","26","Hertfordshire","26UG","St Albans",,,127399,32179,14077,18102,34800,7113,11717,6160,6912,5583,1045,21890
"G","East of England","26","Hertfordshire","26UH","Stevenage",,,78979,9493,4269,5224,16837,6211,7856,7955,7626,7822,1262,13917
"G","East of England","26","Hertfordshire","26UJ","Three Rivers",,,81824,14860,7346,7514,20917,5436,9728,5555,5237,4287,777,15027
"G","East of England","26","Hertfordshire","26UK","Watford",,,78511,11117,5092,6025,19206,6482,8280,6554,7195,5629,1098,12950
"G","East of England","26","Hertfordshire","26UL","Welwyn Hatfield",,,95289,14756,6646,8110,21324,6426,8728,7145,7697,6673,1037,21503
"G","East of England","33","Norfolk","33UB","Breckland",,,118948,10075,5339,4736,21980,6123,14069,13029,11908,13975,1245,26544
"G","East of England","33","Norfolk","33UC","Broadland",,,116745,12741,5847,6894,25976,7907,13943,11586,9563,9402,826,24801
"G","East of England","33","Norfolk","33UD","Great Yarmouth",,,89441,4822,2203,2619,14169,4528,9698,9930,10263,11141,2564,22326
"G","East of England","33","Norfolk","33UE","King's Lynn and West Norfolk",,,132987,9704,4745,4959,23097,5990,15994,13580,14440,14440,1973,33769
"G","East of England","33","Norfolk","33UF","North Norfolk",,,95519,6574,2846,3728,16196,3853,13584,8254,9429,8678,1047,27904
"G","East of England","33","Norfolk","33UG","Norwich",,,117103,10633,3058,7575,20403,7320,8113,9599,12881,14634,3227,30293
"G","East of England","33","Norfolk","33UH","South Norfolk",,,108957,13777,5537,8240,22458,5826,14536,9586,9179,9080,840,23675
"G","East of England","42","Suffolk","42UB","Babergh",,,81869,10563,5161,5402,17730,4128,10579,7288,6856,7048,756,16921
"G","East of England","42","Suffolk","42UC","Forest Heath",,,53877,5980,3606,2374,11263,3345,5524,7111,4734,6325,424,9171
"G","East of England","42","Suffolk","42UD","Ipswich",,,115474,10757,4073,6684,20488,7349,9873,11530,13238,14528,2687,25024
"G","East of England","42","Suffolk","42UE","Mid Suffolk",,,85443,11194,5341,5853,18573,3946,11676,7853,6726,7993,511,16971
"G","East of England","42","Suffolk","42UF","St Edmundsbury",,,95417,11331,5808,5523,20625,5325,10164,10076,9121,10419,772,17584
"G","East of England","42","Suffolk","42UG","Suffolk Coastal",,,113337,15498,6483,9015,23785,6466,12625,9193,8860,9415,987,26508
"G","East of England","42","Suffolk","42UH","Waveney",,,110676,7239,3108,4131,17469,5252,11400,11698,12853,12834,2503,29428
"H","London",,,"00AA","City of London",,,6861,2309,589,1720,1771,366,322,200,296,176,170,1251
"H","London",,,"00AB","Barking and Dagenham",,,162717,8744,4084,4660,25018,13900,14198,16373,18635,18193,7980,39676
"H","London",,,"00AC","Barnet",,,310255,57896,19313,38583,78527,22071,36646,13885,19981,12590,9894,58765
"H","London",,,"00AD","Bexley",,,217262,21412,10336,11076,47446,21932,25645,19152,17614,14891,4423,44747
"H","London",,,"00AE","Brent",,,261232,30818,10325,20493,53577,21323,28282,16649,25964,20668,15926,48025
"H","London",,,"00AF","Bromley",,,292729,47767,21176,26591,75127,24575,32600,16503,17409,12097,5614,61037
"H","London",,,"00AG","Camden",,,188724,37285,12369,24916,46487,10871,13290,7659,13495,8241,11966,39430
"H","London",,,"00AH","Croydon",,,327472,42704,17128,25576,78915,33514,32959,22428,27451,18658,11466,59377
"H","London",,,"00AJ","Ealing",,,298269,45761,17931,27830,68004,23521,26037,20312,26383,21823,13966,52462
"H","London",,,"00AK","Enfield",,,270314,30616,12429,18187,58057,21292,31879,18471,22465,19676,13227,54631
"H","London",,,"00AL","Greenwich",,,211792,21948,8441,13507,43065,17076,17086,14876,20406,15939,13228,48168
"H","London",,,"00AM","Hackney",,,201215,20846,6681,14165,41924,15159,14882,9819,20731,16035,19861,41958
"H","London",,,"00AN","Hammersmith and Fulham",,,163184,33371,13574,19797,41445,11266,12326,6892,11007,7780,8169,30928
"H","London",,,"00AP","Haringey",,,214377,30133,9744,20389,49188,15061,16436,10073,18649,14145,19266,41426
"H","London",,,"00AQ","Harrow",,,205099,34987,12755,22232,48502,17337,23541,11992,14318,10728,6381,37313
"H","London",,,"00AR","Havering",,,222568,21429,10175,11254,47465,20501,27614,19418,17441,15819,3494,49387
"H","London",,,"00AS","Hillingdon",,,238777,29394,13361,16033,53462,21347,24097,21932,19504,17391,5406,46244
"H","London",,,"00AT","Hounslow",,,210519,28813,11579,17234,46102,18278,17691,18149,20269,17083,7461,36673
"H","London",,,"00AU","Islington",,,172262,27575,8673,18902,37608,11674,11736,7709,14482,10468,13241,37769
"H","London",,,"00AW","Kensington and Chelsea",,,155435,38063,17847,20216,41574,7622,12409,4869,8183,5886,6488,30341
"H","London",,,"00AX","Kingston upon Thames",,,143969,29432,12255,17177,38318,10683,14568,7763,8667,5903,2346,26289
"H","London",,,"00AY","Lambeth",,,263098,39542,14590,24952,65925,21705,17802,13436,24739,16818,16343,46788
"H","London",,,"00AZ","Lewisham",,,246555,27670,10184,17486,58299,22757,19620,15726,23957,16203,13672,48651
"H","London",,,"00BA","Merton",,,186860,34267,13316,20951,46834,15755,17330,11725,13216,9951,4710,33072
"H","London",,,"00BB","Newham",,,242196,14961,5183,9778,37816,19620,17765,17888,33053,23837,26422,50834
"H","London",,,"00BC","Redbridge",,,236171,31027,11059,19968,53886,20064,30709,14711,18924,12202,9569,45079
"H","London",,,"00BD","Richmond upon Thames",,,169642,45640,20611,25029,49660,9904,15399,6476,6886,4713,2115,28849
"H","London",,,"00BE","Southwark",,,239512,31595,10571,21024,50752,19712,15160,14637,25215,16751,15095,50595
"H","London",,,"00BF","Sutton",,,178004,24563,10221,14342,44223,17155,21569,13273,12345,9873,2876,32127
"H","London",,,"00BG","Tower Hamlets",,,193987,21267,7000,14267,30679,11059,11795,11084,23082,18398,21819,44804
"H","London",,,"00BH","Waltham Forest",,,216589,20352,7950,12402,47659,19964,21410,14804,21178,16485,12861,41876
"H","London",,,"00BJ","Wandsworth",,,255973,57399,22409,34990,71080,19079,18004,10553,17432,10589,8622,43215
"H","London",,,"00BK","Westminster",,,175013,36949,14965,21984,43584,10038,12777,6533,11580,7485,9164,36903
"J","South East",,,"00LC","Medway",,,246666,23014,10588,12426,51595,19201,25899,27615,24118,26939,5446,42839
"J","South East",,,"00MA","Bracknell Forest",,,106752,21722,10817,10905,28149,8420,10354,9102,7917,6869,821,13398
"J","South East",,,"00MB","West Berkshire",,,141383,26820,13220,13600,34928,9726,15494,12082,10345,10293,825,20870
"J","South East",,,"00MC","Reading",,,138766,22758,8190,14568,29875,10621,12037,10973,12755,11184,2579,25984
"J","South East",,,"00MD","Slough",,,118522,13026,5596,7430,22336,10316,10471,12848,15005,11618,3720,19182
"J","South East",,,"00ME","Windsor and Maidenhead",,,129758,29607,15347,14260,33063,7954,13844,8232,7524,6156,1216,22162
"J","South East",,,"00MF","Wokingham",,,145823,39058,19458,19600,40804,10160,14132,8516,7391,5621,798,19343
"J","South East",,,"00MG","Milton Keynes",,,205254,31878,14576,17302,47635,16586,17195,20254,19991,20521,3291,27903
"J","South East",,,"00ML","Brighton and Hove",,,239619,29944,10430,19514,55157,17751,26974,14620,18191,13996,5796,57190
"J","South East",,,"00MR","Portsmouth",,,181105,18061,7761,10300,34612,11957,16427,17663,18029,17495,4126,42735
"J","South East",,,"00MS","Southampton",,,210448,19409,6075,13334,35686,14026,16514,19989,22146,23334,5255,54089
"J","South East",,,"00MW","Isle of Wight",,,128647,9320,3703,5617,22673,7455,16018,11973,12596,11230,2503,34879
"J","South East","11","Buckinghamshire","11UB","Aylesbury Vale",,,161725,28733,15148,13585,41113,10602,19718,13119,11779,11727,1394,23540
"J","South East","11","Buckinghamshire","11UC","Chiltern",,,87624,20907,10708,10199,23552,4581,10315,4138,4331,3582,528,15690
"J","South East","11","Buckinghamshire","11UE","South Bucks",,,60827,14060,7663,6397,15009,3316,7649,3661,2952,2399,497,11284
"J","South East","11","Buckinghamshire","11UF","Wycombe",,,159672,30664,16012,14652,37718,9209,18606,11390,12086,10379,2321,27299
"J","South East","21","East Sussex","21UC","Eastbourne",,,86819,6855,2703,4152,16220,5436,9171,6990,7899,7071,1444,25733
"J","South East","21","East Sussex","21UD","Hastings",,,83081,5679,2352,3327,15600,5874,10273,7403,8478,7318,2684,19772
"J","South East","21","East Sussex","21UF","Lewes",,,90217,10961,4235,6726,18980,5688,11813,6695,6821,5879,898,22482
"J","South East","21","East Sussex","21UG","Rother",,,82548,7943,3176,4767,15422,4284,12470,5032,5791,4691,1201,25714
"J","South East","21","East Sussex","21UH","Wealden",,,136885,19977,8773,11204,32524,7455,20515,9026,8203,6873,963,31349
"J","South East","24","Hampshire","24UB","Basingstoke and Deane",,,151272,29020,14089,14931,35493,11521,13945,14023,11733,12743,1171,21623
"J","South East","24","Hampshire","24UC","East Hampshire",,,106324,20255,9861,10394,26524,5723,13449,8276,6810,6060,854,18373
"J","South East","24","Hampshire","24UD","Eastleigh",,,115301,16513,7292,9221,28073,8076,11923,11914,9326,9103,741,19632
"J","South East","24","Hampshire","24UE","Fareham",,,105700,18080,9020,9060,27813,7318,9544,9222,6636,5960,587,20540
"J","South East","24","Hampshire","24UF","Gosport",,,74012,6607,3289,3318,16234,5706,5665,9381,7070,7735,1003,14611
"J","South East","24","Hampshire","24UG","Hart",,,81613,21424,10749,10675,22346,4959,8249,5600,4122,3412,333,11168
"J","South East","24","Hampshire","24UH","Havant",,,115647,13264,6334,6930,22114,6759,11656,11441,10921,10661,1792,27039
"J","South East","24","Hampshire","24UJ","New Forest",,,166487,18930,8214,10716,35228,9208,18762,16592,12671,11896,1366,41834
"J","South East","24","Hampshire","24UL","Rushmoor",,,88548,12780,5646,7134,22525,7706,8569,9103,7615,7081,806,12363
"J","South East","24","Hampshire","24UN","Test Valley",,,108193,19051,8725,10326,26268,6830,11041,10018,8119,8575,705,17586
"J","South East","24","Hampshire","24UP","Winchester",,,101417,22515,9599,12916,24751,5266,10659,6228,5678,5343,594,20383
"J","South East","29","Kent","29UB","Ashford",,,101257,12294,5571,6723,21712,6130,12476,10503,8458,8758,1365,19561
"J","South East","29","Kent","29UC","Canterbury",,,129607,13617,5021,8596,26691,7367,13910,10317,10615,9408,2382,35300
"J","South East","29","Kent","29UD","Dartford",,,84588,8499,4202,4297,18378,7072,9087,9424,7610,7793,1412,15313
"J","South East","29","Kent","29UE","Dover",,,101654,8135,3595,4540,19812,6799,9736,10395,10585,9593,2224,24375
"J","South East","29","Kent","29UG","Gravesham",,,94967,8564,3933,4631,18035,6282,10365,11350,9323,10035,2373,18640
"J","South East","29","Kent","29UH","Maidstone",,,136859,19846,9465,10381,33072,9245,15405,11449,9893,11171,1618,25160
"J","South East","29","Kent","29UK","Sevenoaks",,,107951,19130,8501,10629,26259,6713,13490,7456,6530,6110,1157,21106
"J","South East","29","Kent","29UL","Shepway",,,94042,7746,3246,4500,18792,6349,10332,9487,8409,8135,1956,22836
"J","South East","29","Kent","29UM","Swale",,,120412,10734,5298,5436,22410,7664,13650,13195,11440,14268,3176,23875
"J","South East","29","Kent","29UN","Thanet",,,123483,8087,3518,4569,21570,6940,13382,11669,12822,11170,3779,34064
"J","South East","29","Kent","29UP","Tonbridge and Malling",,,106232,16471,8070,8401,25505,7094,11427,9509,7977,8664,950,18635
"J","South East","29","Kent","29UQ","Tunbridge Wells",,,101277,17672,7582,10090,25950,6053,12064,7259,7098,6008,914,18259
"J","South East","38","Oxfordshire","38UB","Cherwell",,,129326,19656,9892,9764,29571,8660,13270,12660,11776,12806,1077,19850
"J","South East","38","Oxfordshire","38UC","Oxford",,,120251,22243,5467,16776,23277,6641,7429,7619,10280,10018,2691,30053
"J","South East","38","Oxfordshire","38UD","South Oxfordshire",,,125562,26392,12453,13939,30713,6915,14220,9265,7661,8564,744,21088
"J","South East","38","Oxfordshire","38UE","Vale of White Horse",,,112442,23241,10320,12921,26050,6249,10986,9300,7171,8931,770,19744
"J","South East","38","Oxfordshire","38UF","West Oxfordshire",,,93597,14737,6958,7779,22691,5272,11374,8546,6678,8040,441,15818
"J","South East","43","Surrey","43UB","Elmbridge",,,120358,30352,14875,15477,32541,6810,13117,5442,5552,4101,928,21515
"J","South East","43","Surrey","43UC","Epsom and Ewell",,,65840,12345,5415,6930,17581,5118,7487,3861,3670,2364,606,12808
"J","South East","43","Surrey","43UD","Guildford",,,124179,27950,11307,16643,30469,7867,13101,7794,7163,5752,886,23197
"J","South East","43","Surrey","43UE","Mole Valley",,,78845,16793,7384,9409,19777,4661,10371,4232,3843,2957,382,15829
"J","South East","43","Surrey","43UF","Reigate and Banstead",,,123259,23461,10263,13198,31471,9119,14402,8424,7647,5801,884,22050
"J","South East","43","Surrey","43UG","Runnymede",,,74162,12730,6282,6448,18364,5000,8207,5633,4730,4129,439,14930
"J","South East","43","Surrey","43UH","Spelthorne",,,89743,12478,6188,6290,22248,8582,9133,8235,5674,5598,746,17049
"J","South East","43","Surrey","43UJ","Surrey Heath",,,78691,19202,9923,9279,21777,5167,8299,4932,4045,3262,422,11585
"J","South East","43","Surrey","43UK","Tandridge",,,77194,14628,6595,8033,20195,5166,10018,5154,4334,3327,456,13916
"J","South East","43","Surrey","43UL","Waverley",,,111410,24901,11115,13786,28319,5733,12378,6476,6431,4785,648,21739
"J","South East","43","Surrey","43UM","Woking",,,89100,19286,8829,10457,22422,5995,9274,5960,6054,4726,893,14490
"J","South East","45","West Sussex","45UB","Adur",,,58739,5340,2260,3080,11620,4251,7065,5833,4871,4466,627,14666
"J","South East","45","West Sussex","45UC","Arun",,,136827,12650,5710,6940,26694,7823,16474,11460,11393,9874,1231,39228
"J","South East","45","West Sussex","45UD","Chichester",,,103541,14608,6131,8477,21800,4749,14158,7190,7291,6269,850,26626
"J","South East","45","West Sussex","45UE","Crawley",,,99127,11446,5040,6406,21403,9306,7913,11661,10169,9056,1118,17055
"J","South East","45","West Sussex","45UF","Horsham",,,119167,23335,10583,12752,31176,7272,13979,8654,6711,5933,611,21496
"J","South East","45","West Sussex","45UG","Mid Sussex",,,124426,23773,10895,12878,33919,8703,13092,9042,7772,5637,624,21864
"J","South East","45","West Sussex","45UH","Worthing",,,95053,11005,4556,6449,21161,7160,10358,7229,7358,5532,939,24311
"K","South West",,,"00HA","Bath and North East Somerset",,,164236,24209,9663,14546,36029,9438,17265,12263,13670,11706,1430,38226
"K","South West",,,"00HB","Bristol, City of",,,370475,44087,13690,30397,70940,26673,28763,31114,36441,35368,9502,87587
"K","South West",,,"00HC","North Somerset",,,184813,25516,11764,13752,42252,12060,19067,15432,14609,13685,1679,40513
"K","South West",,,"00HD","South Gloucestershire",,,242501,35619,15475,20144,55276,18945,24024,24216,20508,20538,1772,41603
"K","South West",,,"00HG","Plymouth",,,234356,17439,7175,10264,42520,16619,16895,25944,26063,26292,5817,56767
"K","South West",,,"00HH","Torbay",,,126145,7752,3432,4320,21817,6921,16403,10951,13626,12004,2192,34479
"K","South West",,,"00HN","Bournemouth",,,158036,13996,5169,8827,30945,10207,18568,12506,14257,10988,2890,43679
"K","South West",,,"00HP","Poole",,,135706,15329,6278,9051,27563,8519,14169,13151,12087,10650,1555,32683
"K","South West",,,"00HX","Swindon",,,178649,23867,10936,12931,36221,13525,13031,19727,20287,19827,2398,29766
"K","South West","15","Cornwall and Isles of Scilly","15UB","Caradon",,,78331,6955,2764,4191,15867,4336,11377,7464,6811,6446,943,18132
"K","South West","15","Cornwall and Isles of Scilly","15UC","Carrick",,,86317,7494,2569,4925,16501,4353,11558,7143,7766,6982,1353,23167
"K","South West","15","Cornwall and Isles of Scilly","15UD","Kerrier",,,91160,5599,2287,3312,15649,4398,12093,9671,9158,9460,1935,23197
"K","South West","15","Cornwall and Isles of Scilly","15UE","North Cornwall",,,79143,5007,2119,2888,12484,3154,15150,7523,7940,7488,1291,19106
"K","South West","15","Cornwall and Isles of Scilly","15UF","Penwith",,,61927,3209,1221,1988,10090,2679,10426,5377,6159,5635,1317,17035
"K","South West","15","Cornwall and Isles of Scilly","15UG","Restormel",,,93957,5496,2347,3149,15056,4791,12665,12355,9178,10319,1437,22660
"K","South West","15","Cornwall and Isles of Scilly","15UH","Isles of Scilly",,,2016,93,32,61,440,51,651,178,129,135,0,339
"K","South West","18","Devon","18UB","East Devon",,,122046,10619,4057,6562,22610,6317,17494,9184,9651,8579,907,36685
"K","South West","18","Devon","18UC","Exeter",,,105623,10135,3230,6905,20800,8193,8657,9135,10756,10380,1604,25963
"K","South West","18","Devon","18UD","Mid Devon",,,68886,6384,2444,3940,12277,3152,12282,6095,5939,7530,761,14466
"K","South West","18","Devon","18UE","North Devon",,,85554,6049,2373,3676,15106,3935,14362,8023,8640,8352,1160,19927
"K","South West","18","Devon","18UG","South Hams",,,79818,8963,3241,5722,17324,3888,13359,5927,5935,4782,726,18914
"K","South West","18","Devon","18UH","Teignbridge",,,117598,10849,4285,6564,23888,6513,16008,10081,9883,9702,1146,29528
"K","South West","18","Devon","18UK","Torridge",,,57789,3261,1267,1994,8789,2347,11157,5495,5805,6282,966,13687
"K","South West","18","Devon","18UL","West Devon",,,47168,5354,1869,3485,8685,2339,8618,3882,3862,3592,429,10407
"K","South West","19","Dorset","19UC","Christchurch",,,44417,4075,1775,2300,8561,2297,4759,3236,3604,2650,336,14899
"K","South West","19","Dorset","19UD","East Dorset",,,82910,10965,5071,5894,18272,4341,10482,5856,5245,4380,568,22801
"K","South West","19","Dorset","19UE","North Dorset",,,58152,6051,2508,3543,11894,2824,8706,5117,4341,5286,466,13467
"K","South West","19","Dorset","19UG","Purbeck",,,43535,4215,1739,2476,8890,2295,5691,4215,3740,3595,285,10609
"K","South West","19","Dorset","19UH","West Dorset",,,89645,9118,3501,5617,17178,4191,13672,7109,6928,6436,735,24278
"K","South West","19","Dorset","19UJ","Weymouth and Portland",,,61466,4987,2065,2922,12174,4511,6355,6394,5909,5493,819,14824
"K","South West","23","Gloucestershire","23UB","Cheltenham",,,106637,14486,5836,8650,24430,7543,9095,7990,9802,7441,1377,24473
"K","South West","23","Gloucestershire","23UC","Cotswold",,,78884,11773,5570,6203,16572,3462,11499,6499,6068,5512,589,16910
"K","South West","23","Gloucestershire","23UD","Forest of Dean",,,78486,7869,3596,4273,14690,4030,10494,7872,7864,8429,1090,16148
"K","South West","23","Gloucestershire","23UE","Gloucester",,,108320,10504,4669,5835,22586,8386,8560,11613,12734,11258,2390,20289
"K","South West","23","Gloucestershire","23UF","Stroud",,,106025,14856,6295,8561,23310,5291,12531,9593,9571,9047,908,20918
"K","South West","23","Gloucestershire","23UG","Tewkesbury",,,75548,10822,5320,5502,17417,5064,8124,6708,6399,5094,891,15029
"K","South West","40","Somerset","40UB","Mendip",,,100654,11240,5032,6208,20126,4498,14157,9683,9295,10096,1279,20280
"K","South West","40","Somerset","40UC","Sedgemoor",,,104097,10077,4605,5472,19576,4906,12970,10179,10036,11225,1514,23614
"K","South West","40","Somerset","40UD","South Somerset",,,147666,16511,7169,9342,27235,6964,18221,17122,13601,14264,1375,32373
"K","South West","40","Somerset","40UE","Taunton Deane",,,99323,10424,4279,6145,21133,6366,11205,8865,9318,8809,1360,21843
"K","South West","40","Somerset","40UF","West Somerset",,,33741,2093,747,1346,5170,1251,6090,2648,3214,2614,472,10189
"K","South West","46","Wiltshire","46UB","Kennet",,,70817,10496,5107,5389,16645,4023,8538,6219,5430,6326,489,12651
"K","South West","46","Wiltshire","46UC","North Wiltshire",,,122700,21764,11094,10670,29208,7179,13223,11224,9943,9339,742,20078
"K","South West","46","Wiltshire","46UD","Salisbury",,,110646,15864,6917,8947,25232,7079,13624,9220,7831,8619,963,22214
"K","South West","46","Wiltshire","46UF","West Wiltshire",,,116152,13854,6762,7092,25001,7058,12167,11445,11390,11609,1107,22521
,,,,"00NA","Isle of Anglesey",,,66167,4938,1760,3178,10512,3159,7661,6835,6821,6641,2134,17466
,,,,"00NC","Gwynedd",,,113837,7226,2249,4977,17960,5433,17248,10105,11377,10846,3224,30418
,,,,"00NE","Conwy",,,107233,7699,2910,4789,17597,5278,13848,8711,11344,9998,2397,30361
,,,,"00NG","Denbighshire",,,91211,7246,2909,4337,15511,4718,10668,8378,9445,9036,2170,24039
,,,,"00NJ","Flintshire",,,147534,13802,6595,7207,26772,8090,12654,20596,16232,16673,2555,30160
,,,,"00NL","Wrexham",,,126832,10161,4666,5495,20875,6670,11298,15237,16551,14245,2527,29268
,,,,"00NN","Powys",,,124773,9346,3595,5751,20244,5446,25874,10429,11218,11555,1733,28928
,,,,"00NQ","Ceredigion",,,72126,6030,1442,4588,10858,3597,13125,4786,5716,5331,1316,21367
,,,,"00NS","Pembrokeshire",,,112758,6506,2193,4313,18055,5785,17857,11252,10783,10442,3281,28797
,,,,"00NU","Carmarthenshire",,,170245,11732,4113,7619,26943,9272,21779,15336,16790,17331,4361,46701
,,,,"00NX","Swansea",,,219695,18683,6793,11890,39918,13753,15554,20450,21731,19849,7029,62728
,,,,"00NZ","Neath Port Talbot",,,133331,7459,3092,4367,19033,7278,8486,14841,15089,17881,4558,38706
,,,,"00PB","Bridgend",,,127108,9917,4779,5138,22411,6684,9526,14411,14585,15145,3137,31292
,,,,"00PD","The Vale of Glamorgan",,,117403,14625,5913,8712,26734,7695,10208,11474,9585,8744,2746,25592
,,,,"00PF","Rhondda, Cynon, Taff",,,229353,14670,6454,8216,35465,13594,16031,24020,24687,29812,7808,63266
,,,,"00PH","Merthyr Tydfil",,,55640,2957,1433,1524,7786,3150,3492,5252,6330,7703,2810,16160
,,,,"00PK","Caerphilly",,,168432,10969,5186,5783,26088,10211,11271,19250,18514,23654,5482,42993
,,,,"00PL","Blaenau Gwent",,,69367,2850,1646,1204,8155,3193,3834,8139,9154,11337,2867,19838
,,,,"00PM","Torfaen",,,90174,6065,2957,3108,14319,5218,6064,10217,11392,11646,2395,22858
,,,,"00PP","Monmouthshire",,,83488,12093,5524,6569,17981,4162,9673,6952,6472,7110,1069,17976
,,,,"00PR","Newport",,,135367,12480,5372,7108,24555,8501,9087,14086,14607,15281,5277,31493
,,,,"00PT","Cardiff",,,297415,37661,12175,25486,60976,21051,21441,22239,27284,22429,10110,74224