DATASET_TITLE,"National Curriculum Assessments at Key Stage 2 by Ethnic Group in England (Referenced by Location of Pupil Residence), 2005",,,,,,FROM,Sep-2004,Sep-2004,Sep-2004,Sep-2004,Sep-2004,Sep-2004,Sep-2004,Sep-2004,Sep-2004,Sep-2004,Sep-2004,Sep-2004,Sep-2004,Sep-2004,Sep-2004,Sep-2004,Sep-2004,Sep-2004,Sep-2004,Sep-2004,Sep-2004,Sep-2004,Sep-2004,Sep-2004,Sep-2004,Sep-2004,Sep-2004,Sep-2004,Sep-2004,Sep-2004,Sep-2004,Sep-2004,Sep-2004,Sep-2004,Sep-2004,Sep-2004,Sep-2004,Sep-2004,Sep-2004,Sep-2004,Sep-2004,Sep-2004,Sep-2004,Sep-2004,Sep-2004,Sep-2004,Sep-2004,Sep-2004,Sep-2004,Sep-2004,Sep-2004,Sep-2004,Sep-2004,Sep-2004,Sep-2004,Sep-2004
AREA_TYPE,Local Authority,,,,,,TO,Aug-2005,Aug-2005,Aug-2005,Aug-2005,Aug-2005,Aug-2005,Aug-2005,Aug-2005,Aug-2005,Aug-2005,Aug-2005,Aug-2005,Aug-2005,Aug-2005,Aug-2005,Aug-2005,Aug-2005,Aug-2005,Aug-2005,Aug-2005,Aug-2005,Aug-2005,Aug-2005,Aug-2005,Aug-2005,Aug-2005,Aug-2005,Aug-2005,Aug-2005,Aug-2005,Aug-2005,Aug-2005,Aug-2005,Aug-2005,Aug-2005,Aug-2005,Aug-2005,Aug-2005,Aug-2005,Aug-2005,Aug-2005,Aug-2005,Aug-2005,Aug-2005,Aug-2005,Aug-2005,Aug-2005,Aug-2005,Aug-2005,Aug-2005,Aug-2005,Aug-2005,Aug-2005,Aug-2005,Aug-2005,Aug-2005
GEO_HIERARCHY,NeSS Geography Hierarchy,,,,,,HEADING,Pupils Eligible for KS2 Assessment,Pupils Achieving Level 4+; in English,Pupils Achieving Level 4+; in Mathematics,Pupils Achieving Level 4+; in Science,Average Point Score of Pupils Eligible for KS2 Assessment,KS1 - KS2 Value Added Measure of Pupils Eligible for KS2 Assessment,KS1 - KS2 Value Added Coverage of Pupils Eligible for KS2 Assessment,Pupils of White Origin Eligible for KS2 Assessment,Pupils of White Origin Achieving Level 4+; in English,Pupils of White Origin Achieving Level 4+; in Mathematics,Pupils of White Origin Achieving Level 4+; in Science,Average Point Score of Pupils of White Origin Eligible for KS2 Assessment,KS1 - KS2 Value Added measure of Pupils of White Origin Eligible for KS2 Assessment,KS1 - KS2 Value Added Coverage of Pupils of White Origin Eligible for KS2 Assessment,Pupils of Mixed Origin Eligible for KS2 Assessment,Pupils of Mixed Origin Achieving Level 4+; in English,Pupils of Mixed Origin Achieving Level 4+; in Mathematics,Pupils of Mixed Origin Achieving Level 4+; in Science,Average Point Score of Pupils of Mixed Origin Eligible for KS2 Assessment,KS1 - KS2 Value Added Measure of Pupils of Mixed Origin Eligible for KS2 Assessment,KS1 - KS2 Value Added Coverage of Pupils of Mixed Origin Eligible for KS2 Assessment,Pupils of Asian Origin Eligible for KS2 Assessment,Pupils of Asian Origin Achieving Level 4+; in English,Pupils of Asian Origin Achieving Level 4+; in Mathematics,Pupils of Asian Origin Achieving Level 4+; in Science,Average Point Score of Pupils of Asian Origin Eligible for KS2 Assessment,KS1 - KS2 Value Added measure of Pupils of Asian Origin Eligible for KS2 Assessment,KS1 - KS2 Value Added Coverage of Pupils of Asian Origin Eligible for KS2 Assessment,Pupils of Black Origin Eligible for KS2 Assessment,Pupils of Black Origin Achieving Level 4+; in English,Pupils of Black Origin Achieving Level 4+; in Mathematics,Pupils of Black Origin Achieving Level 4+; in Science,Average Point Score of Pupils of Black Origin Eligible for KS2 Assessment,KS1 - KS2 Value Added Measure of Pupils of Black Origin Eligible for KS2 Assessment,KS1 - KS2 Value Added Coverage of Pupils of Black Origin Eligible for KS2 Assessment,Pupils of Chinese Origin Eligible for KS2 Assessment,Pupils of Chinese Origin Achieving Level 4+; in English,Pupils of Chinese Origin Achieving Level 4+; in Mathematics,Pupils of Chinese Origin Achieving Level 4+; in Science,Average Point Score of Pupils of Chinese Origin Eligible for KS2 Assessment,KS1 - KS2 Value Added measure of Pupils of Chinese Origin Eligible for KS2 Assessment,KS1 - KS2 Value Added Coverage of Pupils of Chinese Origin Eligible for KS2 Assessment,Pupils of Other Ethnic Origin Eligible for KS2 Assessment,Pupils of Other Ethnic Origin Achieving Level 4+; in English,Pupils of Other Ethnic Origin Achieving Level 4+; in Mathematics,Pupils of Other Ethnic Origin Achieving Level 4+; in Science,Average Point Score of Pupils of Other Ethnic Origin Eligible for KS2 Assessment,KS1 - KS2 Value Added Measure of Pupils of Other Ethnic Origin Eligible for KS2 Assessment,KS1 - KS2 Value Added Coverage of Pupils of Other Ethnic Origin Eligible for KS2 Assessment,Pupils of Unclassified Origin Eligible for KS2 Assessment,Pupils of Unclassified Origin Achieving Level 4+; in English,Pupils of Unclassified Origin Achieving Level 4+; in Mathematics,Pupils of Unclassified Origin Achieving Level 4+; in Science,Average Point Score of Pupils of Unclassified Origin Eligible for KS2 Assessment,KS1 - KS2 Value Added measure of Pupils of Unclassified Origin Eligible for KS2 Assessment,KS1 - KS2 Value Added Coverage of Pupils of Unclassified Origin Eligible for KS2 Assessment
,,,,,,,MEASUREMENT_UNIT,Count,Percentage,Percentage,Percentage,Score,Score,Percentage,Count,Percentage,Percentage,Percentage,Score,Score,Percentage,Count,Percentage,Percentage,Percentage,Score,Score,Percentage,Count,Percentage,Percentage,Percentage,Score,Score,Percentage,Count,Percentage,Percentage,Percentage,Score,Score,Percentage,Count,Percentage,Percentage,Percentage,Score,Score,Percentage,Count,Percentage,Percentage,Percentage,Score,Score,Percentage,Count,Percentage,Percentage,Percentage,Score,Score,Percentage
,,,,,,,STATISTICAL_UNIT,Persons,Persons,Persons,Persons,Persons,Persons,Persons,Persons,Persons,Persons,Persons,Persons,Persons,Persons,Persons,Persons,Persons,Persons,Persons,Persons,Persons,Persons,Persons,Persons,Persons,Persons,Persons,Persons,Persons,Persons,Persons,Persons,Persons,Persons,Persons,Persons,Persons,Persons,Persons,Persons,Persons,Persons,Persons,Persons,Persons,Persons,Persons,Persons,Persons,Persons,Persons,Persons,Persons,Persons,Persons,Persons
GOR_CODE,GOR_NAME,CTY_CODE,CTY_NAME,LA_CODE,LA_NAME,AREA_METADATA,,DATA_VALUE,DATA_VALUE,DATA_VALUE,DATA_VALUE,DATA_VALUE,DATA_VALUE,DATA_VALUE,DATA_VALUE,DATA_VALUE,DATA_VALUE,DATA_VALUE,DATA_VALUE,DATA_VALUE,DATA_VALUE,DATA_VALUE,DATA_VALUE,DATA_VALUE,DATA_VALUE,DATA_VALUE,DATA_VALUE,DATA_VALUE,DATA_VALUE,DATA_VALUE,DATA_VALUE,DATA_VALUE,DATA_VALUE,DATA_VALUE,DATA_VALUE,DATA_VALUE,DATA_VALUE,DATA_VALUE,DATA_VALUE,DATA_VALUE,DATA_VALUE,DATA_VALUE,DATA_VALUE,DATA_VALUE,DATA_VALUE,DATA_VALUE,DATA_VALUE,DATA_VALUE,DATA_VALUE,DATA_VALUE,DATA_VALUE,DATA_VALUE,DATA_VALUE,DATA_VALUE,DATA_VALUE,DATA_VALUE,DATA_VALUE,DATA_VALUE,DATA_VALUE,DATA_VALUE,DATA_VALUE,DATA_VALUE,DATA_VALUE
"A","North East",,,"00CH","Gateshead",,,2149,78,77,88,27.7,100.4,98,1811,79,77,88,27.8,100.4,99,18,78,72,x,28,102.3,83,17,71,65,82,26.5,100.6,82,9,x,67,x,26.6,x,x,5,100,100,100,29.4,100.8,100,8,x,100,100,27.5,x,x,281,72,72,85,26.9,100.2,97
"A","North East",,,"00CJ","Newcastle upon Tyne",,,2787,73,69,82,26.8,99.7,95,2482,73,70,82,26.9,99.6,97,34,74,68,x,27.7,100,79,190,71,62,77,26.1,100.2,84,23,48,57,74,25,x,x,13,62,77,x,27,100.9,85,28,68,71,75,26.4,103.2,64,17,82,71,x,28.2,99.4,100
"A","North East",,,"00CK","North Tyneside",,,2164,81,77,88,27.7,99.9,98,2092,81,77,88,27.8,99.9,98,19,84,68,x,27.1,99.6,89,26,69,73,x,26,100,88,x,x,x,x,31,-,0,7,x,100,100,29.9,100.5,57,5,x,x,x,29,101.3,60,x,x,x,x,26.3,100.4,100
"A","North East",,,"00CL","South Tyneside",,,1778,77,77,88,27.7,100.3,98,1655,78,78,x,27.8,100.3,98,12,100,x,100,29.5,100.7,92,32,72,75,88,26.7,102.1,94,3,x,x,x,25.7,-,0,0,-,-,-,-,-,-,5,x,x,x,23,100,60,71,x,58,x,26.1,99.2,96
"A","North East",,,"00CM","Sunderland",,,3503,78,73,86,27.5,100.2,97,3322,78,74,86,27.5,100.2,98,24,x,75,x,28.4,100.9,92,66,70,x,74,25.4,100.7,71,5,x,x,x,27,x,x,8,x,x,x,28.8,102,88,3,100,100,x,29,x,x,75,79,77,92,27.9,100.6,96
"A","North East",,,"00EB","Hartlepool",,,1244,79,77,86,27.6,100.3,98,1104,79,78,86,27.6,100.4,99,14,x,x,100,28.9,101.2,86,18,x,x,72,26.2,99.2,83,0,-,-,-,-,-,-,0,-,-,-,-,-,-,0,-,-,-,-,-,-,108,76,76,81,27.3,100.1,99
"A","North East",,,"00EC","Middlesbrough",,,1836,76,71,83,27.2,100.3,97,1646,76,72,x,27.3,100.3,98,33,85,55,x,26.9,99.7,94,131,75,68,72,26.1,100.2,95,11,64,55,73,24.2,x,x,x,x,x,x,15,100,100,4,x,x,x,21.5,100,75,x,x,x,x,28.8,100.8,100
"A","North East",,,"00EE","Redcar and Cleveland",,,1877,78,76,86,27.4,100.3,98,1782,79,76,86,27.4,100.2,99,12,75,75,100,27.3,100.9,92,22,68,77,77,26,102.3,68,x,x,x,x,29,-,0,x,x,x,x,27.5,100,75,x,x,x,x,30,101,100,54,x,x,x,28.3,101.6,96
"A","North East",,,"00EF","Stockton-on-Tees",,,2352,81,80,89,28.1,100.3,98,2232,81,80,90,28.2,100.3,99,19,79,74,x,27.1,99.7,95,64,80,70,73,26.7,100.1,88,11,64,45,x,26.4,x,x,5,100,100,x,31,102.8,100,3,x,x,x,26.3,x,x,18,x,x,x,29.2,101.2,100
"A","North East",,,"00EH","Darlington",,,1228,79,77,87,27.6,100,97,1157,79,77,87,27.6,100,97,23,78,78,x,29.2,100.9,100,19,74,68,x,25.6,99.3,100,0,-,-,-,-,-,-,8,100,x,x,28.8,101.5,100,0,-,-,-,-,-,-,21,71,x,x,28.1,99.8,95
"A","North East","20","Durham","20UB","Chester-le-Street",,,660,86,83,92,28.4,100.3,98,640,x,x,x,28.3,100.3,98,8,100,100,100,32.3,101,100,x,x,x,x,29,100,100,x,x,x,x,33,102,100,4,100,100,100,30.5,101.5,100,0,-,-,-,-,-,-,x,x,x,x,26.3,99,100
"A","North East","20","Durham","20UD","Derwentside",,,1006,80,79,88,27.7,100.2,99,982,80,79,x,27.7,100.2,99,3,x,100,x,27.7,100,100,4,x,x,x,27,100.5,100,0,-,-,-,-,-,-,x,x,x,x,31,102,100,0,-,-,-,-,-,-,x,x,x,x,27.6,99.4,100
"A","North East","20","Durham","20UE","Durham",,,843,83,78,89,28.3,100.4,97,810,x,77,x,28.2,100.4,97,6,100,100,100,32.3,101,100,3,100,100,100,31,101,67,x,x,x,x,25,102,50,5,100,x,100,29.8,102,80,x,x,x,x,33,104,100,15,x,x,x,29.9,100.8,100
"A","North East","20","Durham","20UF","Easington",,,1164,74,75,86,27.1,99.9,99,1146,74,75,x,27.1,99.9,99,5,100,100,100,29.8,101.2,100,5,x,x,x,24.2,97.2,100,0,-,-,-,-,-,-,3,x,x,x,28.3,100.7,100,x,x,x,x,31,100,100,x,x,x,x,26.5,99.5,100
"A","North East","20","Durham","20UG","Sedgefield",,,1138,74,74,86,27.2,100,98,1130,74,x,x,27.2,100,98,4,x,x,x,28,101.3,75,x,x,x,x,23,96,100,0,-,-,-,-,-,-,x,x,x,x,25,98,100,x,x,x,x,29,-,0,x,x,x,x,25,98,100
"A","North East","20","Durham","20UH","Teesdale",,,264,87,85,92,28.9,101.1,98,x,x,x,x,28.9,101.1,98,x,x,x,x,21,-,0,0,-,-,-,-,-,-,0,-,-,-,-,-,-,0,-,-,-,-,-,-,0,-,-,-,-,-,-,x,x,x,x,26,103,100
"A","North East","20","Durham","20UJ","Wear Valley",,,716,79,76,86,27.5,100.3,99,700,x,76,x,27.5,100.4,99,x,x,x,x,32,102,100,x,x,x,x,19,94,100,0,-,-,-,-,-,-,x,x,x,x,29,102,100,x,x,x,x,27,-,0,10,x,x,x,26.4,99,100
"A","North East","35","Northumberland","35UB","Alnwick",,,357,81,79,86,28.1,100.1,96,x,x,x,x,28.1,100.1,97,x,x,x,x,33,-,0,0,-,-,-,-,-,-,0,-,-,-,-,-,-,0,-,-,-,-,-,-,0,-,-,-,-,-,-,x,x,x,x,29,102,100
"A","North East","35","Northumberland","35UC","Berwick-upon-Tweed",,,263,76,87,92,27.8,99.9,95,257,x,86,92,27.8,99.9,95,x,x,x,x,31,102,100,x,x,x,x,27,-,0,0,-,-,-,-,-,-,x,x,x,x,25,-,0,0,-,-,-,-,-,-,3,100,100,100,31,100.7,100
"A","North East","35","Northumberland","35UD","Blyth Valley",,,980,76,69,84,27.3,99.3,98,964,76,x,84,27.3,99.3,98,5,100,100,100,27.8,98.8,100,5,x,x,x,27.4,100,100,x,x,x,x,32,102,100,0,-,-,-,-,-,-,x,x,x,x,19,-,0,x,x,x,x,29,98.7,100
"A","North East","35","Northumberland","35UE","Castle Morpeth",,,552,82,78,89,28.3,99.5,96,538,x,x,88,28.3,99.5,96,4,x,x,100,27.5,100.5,100,5,100,100,100,31,101.6,100,0,-,-,-,-,-,-,0,-,-,-,-,-,-,5,100,100,100,31.8,101,80,0,-,-,-,-,-,-
"A","North East","35","Northumberland","35UF","Tynedale",,,626,84,78,93,28.3,99.8,97,619,x,78,93,28.3,99.8,98,x,x,x,x,27.7,98.4,83,0,-,-,-,-,-,-,0,-,-,-,-,-,-,0,-,-,-,-,-,-,0,-,-,-,-,-,-,x,x,x,x,33,102,100
"A","North East","35","Northumberland","35UG","Wansbeck",,,724,66,65,80,26.5,99.2,98,712,x,65,80,26.5,99.2,98,3,x,x,x,27.7,98,100,3,x,x,x,27,98,100,x,x,x,x,30,-,0,0,-,-,-,-,-,-,0,-,-,-,-,-,-,x,x,x,x,20.4,96.5,100
"B","North West",,,"00BL","Bolton",,,3389,79,76,86,27.6,100.4,97,2745,79,76,86,27.7,100.4,98,84,76,70,87,27.1,100.3,93,494,80,77,85,27.4,100.7,94,31,61,55,x,25.1,x,x,5,x,x,100,30.6,101.6,100,10,70,x,x,26.4,100.9,70,20,x,x,80,29,100.6,95
"B","North West",,,"00BM","Bury",,,2227,85,82,90,28.4,100.4,97,1954,86,83,91,28.5,100.4,98,49,88,82,x,28.2,100.5,88,151,75,70,78,26.6,100.1,96,25,80,80,x,27.4,99.7,72,5,x,x,x,30.5,103,80,14,x,x,x,28.1,101.1,50,29,x,x,x,30.4,102,97
"B","North West",,,"00BN","Manchester",,,4964,71,70,81,26.6,100.2,91,3264,72,70,82,26.7,99.9,98,319,71,68,83,26.7,100.2,92,759,73,70,81,26.5,100.9,85,388,66,61,77,25.5,100.3,65,29,79,86,83,28,102.3,69,154,69,75,79,26.7,102.2,58,51,80,73,84,27.4,100.7,94
"B","North West",,,"00BP","Oldham",,,2940,75,75,84,27.1,100.2,97,2143,79,78,88,27.6,100.2,98,53,79,77,85,26.8,100.3,96,690,64,64,73,25.6,100.4,95,25,64,68,80,25.6,100.5,68,11,x,x,x,28.8,101.6,82,4,100,100,100,30,102,50,14,x,x,x,27.6,99.9,100
"B","North West",,,"00BQ","Rochdale",,,2827,75,73,83,27.2,100.3,97,2148,78,77,86,27.6,100.3,99,50,84,78,92,28,100.3,94,534,66,61,71,25.6,100.3,93,16,31,38,x,22.3,x,x,7,x,x,x,27.6,103,57,5,x,x,x,25,100,60,67,66,x,78,26.1,100.5,99
"B","North West",,,"00BR","Salford",,,2536,79,76,85,27.3,100.1,96,2388,80,76,85,27.4,100,98,39,77,74,x,27.4,100.5,87,51,69,67,78,26.6,100.1,73,22,64,55,64,25.1,x,x,6,50,x,x,25,98.7,50,19,63,x,84,26.7,101.2,53,11,100,x,x,29.7,101.2,91
"B","North West",,,"00BS","Stockport",,,3274,83,80,89,28.2,100.2,97,2938,83,79,90,28.2,100.2,98,83,88,86,90,28.9,100.2,99,80,81,79,85,27.8,101,93,15,67,x,x,25.5,100.2,60,22,x,100,x,29.6,101.3,82,24,75,x,88,28.2,101.8,79,112,x,81,85,28,100.4,97
"B","North West",,,"00BT","Tameside",,,2764,81,78,88,27.7,100.2,98,2509,81,79,89,27.8,100.2,99,45,78,80,x,27.5,100.5,96,177,73,64,73,26.1,99.9,90,9,x,44,100,26.8,100,56,9,x,x,100,28.6,99.7,78,8,100,x,x,27.5,101.7,75,7,x,x,x,27.9,99.7,100
"B","North West",,,"00BU","Trafford",,,2542,87,83,92,28.7,100.7,97,2065,87,84,93,28.8,100.7,98,92,92,80,93,28.3,100.8,98,169,88,80,85,27.8,101.2,91,80,86,73,88,27.5,100.3,84,17,x,x,100,31,102.4,94,17,76,x,82,27.9,102.4,65,102,x,86,92,28.8,100.9,99
"B","North West",,,"00BW","Wigan",,,3868,79,78,88,27.8,100.4,98,3694,79,78,88,27.7,100.4,99,x,x,x,x,28.4,99.5,95,19,x,x,x,29.2,102.6,74,8,x,63,x,26,x,x,6,x,x,x,31,101.3,100,x,x,x,x,25,102,50,102,83,x,x,27.7,100.6,98
"B","North West",,,"00BX","Knowsley",,,2104,77,72,85,27.1,100.1,99,1988,77,73,85,27.2,100.1,99,x,x,x,x,27.1,99.3,91,x,x,x,x,31,-,0,3,x,x,x,25,98.7,100,6,100,100,x,29.3,100.3,100,x,x,x,x,15,-,0,82,x,x,x,26.2,99.5,100
"B","North West",,,"00BY","Liverpool",,,5189,76,72,84,27.2,100,96,4713,77,73,85,27.3,100,98,111,78,68,83,27.3,100,93,61,72,77,87,27.4,101.7,59,157,61,59,67,25.4,99.5,75,42,76,88,86,28.2,101.1,79,78,49,68,72,25.6,100,60,27,89,81,89,28.6,100.4,100
"B","North West",,,"00BZ","St. Helens",,,2129,83,79,90,28.1,100.2,98,2058,83,78,90,28.1,100.2,99,25,x,88,x,28.4,100.9,84,5,x,100,100,28.6,100.7,60,0,-,-,-,-,-,-,5,100,100,x,29.8,100.8,100,3,100,100,x,31.7,102,100,33,x,76,x,26.8,100.1,88
"B","North West",,,"00CA","Sefton",,,3232,84,80,91,28.1,100.4,98,3132,83,80,x,28.1,100.4,98,32,x,91,x,29.3,101.5,97,9,x,67,x,27.9,101.3,100,6,x,x,100,28.7,102,50,10,100,100,100,30.2,101,100,7,x,x,100,26.7,101.6,71,36,92,x,100,28.7,100.9,100
"B","North West",,,"00CB","Wirral",,,3916,81,75,87,27.9,100.1,98,3714,81,76,87,27.9,100.1,98,42,86,76,88,28.2,100.6,88,33,70,67,76,26.8,101,88,6,x,x,x,25,100.5,67,12,x,100,100,29.5,101.7,100,6,x,x,x,26.7,98.3,100,103,78,66,83,27.3,99.2,97
"B","North West",,,"00ET","Halton",,,1664,79,75,88,27.4,100.3,99,1609,79,75,88,27.4,100.3,99,19,79,79,x,27.2,100.5,100,4,100,100,100,29.5,101.5,100,x,x,x,x,31,101,100,x,x,x,x,27,100,100,0,-,-,-,-,-,-,x,x,x,x,27.4,100.4,100
"B","North West",,,"00EU","Warrington",,,2486,83,81,91,28.4,100.5,98,2393,83,81,x,28.3,100.5,98,39,x,90,100,29.5,100.6,97,27,85,70,85,27.4,100.7,78,5,x,x,100,26.6,x,x,10,x,x,x,28.8,100.9,90,x,x,x,x,32,101,100,x,x,x,x,27,100,80
"B","North West",,,"00EX","Blackburn with Darwen",,,2040,73,72,82,26.9,100.2,97,1332,74,74,84,27.3,100.3,98,28,71,82,89,27.3,100.2,93,650,69,67,77,26,99.9,95,x,x,x,x,29,99,100,x,x,x,x,32,101,100,5,x,x,x,26.2,103.3,60,21,x,x,x,26.7,100.3,100
"B","North West",,,"00EY","Blackpool",,,1719,73,73,86,27.1,100.6,96,1665,72,73,x,27.1,100.6,96,x,x,x,x,27.4,100.8,86,11,x,x,x,27.7,101.7,64,x,x,x,x,29,104,100,3,100,100,x,29.7,103,67,x,x,x,x,27,104,50,8,x,x,x,27.8,100.5,100
"B","North West","13","Cheshire","13UB","Chester",,,1227,82,77,88,28,100.1,94,1163,82,78,x,28,100.1,95,19,x,84,100,29,100.1,95,16,75,44,x,24.9,100.5,69,3,x,x,100,24.3,97,67,0,-,-,-,-,-,-,5,x,x,x,28.8,100,80,21,81,x,x,27.2,99.7,100
"B","North West","13","Cheshire","13UC","Congleton",,,1152,89,84,94,28.9,100.6,98,1096,89,85,x,28.9,100.6,98,16,100,81,100,30.5,101.5,100,3,x,x,x,27.7,99.3,100,0,-,-,-,-,-,-,3,x,x,x,28.3,99.3,100,0,-,-,-,-,-,-,34,x,x,x,28.5,100.9,100
"B","North West","13","Cheshire","13UD","Crewe and Nantwich",,,1457,82,79,90,28.2,100.4,98,1373,81,79,90,28.2,100.3,98,18,72,78,78,28.4,100.6,100,9,67,x,100,27.9,102.3,67,6,100,x,x,28,100,83,x,x,x,x,31,102,100,x,x,x,x,31,98,100,x,x,x,x,28.7,100.9,100
"B","North West","13","Cheshire","13UE","Ellesmere Port & Neston",,,1026,80,74,86,27.5,100,98,978,80,74,86,27.5,100,98,6,100,x,x,29.7,100.8,83,4,x,100,x,28.8,100.5,100,x,x,x,x,33,102,100,7,x,x,x,28.1,99.6,71,x,x,x,x,21,-,0,x,x,x,x,28.1,100.8,100
"B","North West","13","Cheshire","13UG","Macclesfield",,,1536,86,82,91,28.6,100.2,96,1471,87,83,92,28.7,100.3,97,15,80,67,x,26.6,99.3,80,12,75,67,x,26.2,100.3,50,4,100,x,100,29,100,75,x,x,x,x,28,98,50,x,x,x,x,27,101,100,30,63,63,70,25.4,100.3,90
"B","North West","13","Cheshire","13UH","Vale Royal",,,1539,80,77,86,27.9,100.3,98,1452,80,77,87,27.9,100.3,98,17,82,65,x,27.1,99.9,94,11,x,73,64,28.3,100.9,91,0,-,-,-,-,-,-,3,x,100,x,29.7,104,67,0,-,-,-,-,-,-,56,x,68,x,26.6,100.4,98
"B","North West","16","Cumbria","16UB","Allerdale",,,1235,82,79,89,27.9,100.1,98,1181,81,79,89,27.9,100.1,98,10,100,100,100,29.2,100.4,100,4,100,100,100,30,101,100,x,x,x,x,27,98,100,0,-,-,-,-,-,-,x,x,x,x,17,-,0,x,x,x,x,27.7,100.5,100
"B","North West","16","Cumbria","16UC","Barrow-in-Furness",,,945,83,81,91,28,100.2,98,884,83,81,92,28.1,100.2,99,x,x,x,x,28,100,100,3,x,x,100,26.3,104,67,3,x,x,x,25.7,x,x,x,x,x,x,27,98,50,x,x,x,x,31,100,100,50,82,80,88,27.7,100,100
"B","North West","16","Cumbria","16UD","Carlisle",,,1206,79,74,87,27.7,100.2,97,1163,78,74,86,27.7,100.2,97,4,100,x,100,28.5,101,100,4,x,x,x,27,101.3,75,x,x,x,x,27,102,50,x,x,x,x,27,101,100,0,-,-,-,-,-,-,31,x,81,x,28.3,98.9,94
"B","North West","16","Cumbria","16UE","Copeland",,,837,82,77,90,28,100.4,98,820,x,x,x,28,100.3,98,8,x,100,100,29.3,101.3,75,5,100,100,100,31,101.5,80,0,-,-,-,-,-,-,0,-,-,-,-,-,-,x,x,x,x,27,106,100,x,x,x,x,26.3,97.3,100
"B","North West","16","Cumbria","16UF","Eden",,,562,84,78,92,28.1,100.3,96,545,x,78,x,28.2,100.3,96,x,x,x,x,28.3,100,67,x,x,x,x,30,102,100,0,-,-,-,-,-,-,3,x,x,100,26.3,99,67,0,-,-,-,-,-,-,9,x,x,100,27.2,99.1,100
"B","North West","16","Cumbria","16UG","South Lakeland",,,1095,85,79,92,28.5,100.4,97,1053,86,80,93,28.5,100.4,97,x,x,x,x,28.1,100.3,92,x,x,x,x,27,102,100,0,-,-,-,-,-,-,x,x,x,x,25,100,100,0,-,-,-,-,-,-,27,x,x,x,26.4,99.2,96
"B","North West","30","Lancashire","30UD","Burnley",,,1152,72,70,82,26.6,99.8,98,977,75,72,84,26.9,100,99,13,69,69,x,27.2,99.7,92,150,53,52,66,24.4,98.6,94,0,-,-,-,-,-,-,3,100,x,x,27,100.7,100,x,x,x,x,32,102,50,x,x,x,x,25.3,99.4,100
"B","North West","30","Lancashire","30UE","Chorley",,,1246,86,82,90,28.4,100.5,98,1194,86,82,90,28.4,100.5,99,25,x,76,x,27.5,100.8,96,11,100,x,100,29.5,102,100,7,x,x,x,27,99.2,71,x,x,x,x,31,104,100,x,x,x,x,25,-,0,x,x,x,x,31.3,101.2,83
"B","North West","30","Lancashire","30UF","Fylde",,,797,83,82,92,28.6,100.5,96,785,x,x,x,28.6,100.5,96,4,100,x,100,30,101.5,100,x,x,x,x,30,101,100,0,-,-,-,-,-,-,x,x,x,x,30.6,106,50,x,x,x,x,29,-,0,3,x,x,x,25,100,100
"B","North West","30","Lancashire","30UG","Hyndburn",,,1122,74,71,81,26.9,100.2,98,947,77,74,84,27.3,100.3,98,19,68,68,x,27.3,99.9,100,150,x,x,61,24.7,99.3,97,0,-,-,-,-,-,-,0,-,-,-,-,-,-,x,x,x,x,28,101,100,x,x,x,x,23,98,100
"B","North West","30","Lancashire","30UH","Lancaster",,,1546,81,77,89,28,100.2,96,1483,80,76,x,27.9,100.2,97,x,x,x,x,28.7,100.4,82,22,x,x,100,29.8,101.1,82,5,100,100,100,30.6,x,x,x,x,x,x,32,101,100,3,100,100,x,29.7,102,67,9,x,x,100,28.6,101.5,89
"B","North West","30","Lancashire","30UJ","Pendle",,,1105,76,74,83,26.9,100,97,836,76,75,84,27.1,100,97,12,x,x,x,27.8,100.2,92,247,76,x,x,26.3,100,95,0,-,-,-,-,-,-,x,x,x,x,31,102,100,x,x,x,x,29,102,100,x,x,x,x,26.1,98.6,100
"B","North West","30","Lancashire","30UK","Preston",,,1677,82,77,86,27.8,100.4,97,1314,82,78,87,28,100.4,98,64,86,81,92,27.5,100.5,97,273,79,75,83,27.3,100.4,95,15,80,60,x,25.4,99.2,80,x,x,x,x,30,103,100,0,-,-,-,-,-,-,x,x,x,x,23,99.5,89
"B","North West","30","Lancashire","30UL","Ribble Valley",,,682,90,84,93,28.9,100.6,98,658,x,84,x,28.9,100.6,98,10,x,x,100,29,101.6,100,7,x,x,x,27.3,100,71,0,-,-,-,-,-,-,x,x,x,x,33,102,100,x,x,x,x,30,101,100,x,x,x,x,29.5,101.5,100
"B","North West","30","Lancashire","30UM","Rossendale",,,891,78,78,87,27.8,100.5,98,813,79,78,87,27.9,100.5,99,9,x,x,x,28.6,101.1,100,47,66,66,x,26.2,100.2,94,3,100,100,x,30.3,100.7,100,4,x,x,100,27.5,102.5,100,x,x,x,x,32,102,100,x,x,x,x,27.2,99.7,100
"B","North West","30","Lancashire","30UN","South Ribble",,,1265,86,81,91,28.2,100.2,98,1214,86,81,91,28.2,100.2,98,21,x,81,x,27.9,100.2,90,6,x,50,50,22,98.7,100,3,100,100,x,31,100.7,100,0,-,-,-,-,-,-,x,x,x,x,31,100,100,x,x,x,x,28.4,100.4,100
"B","North West","30","Lancashire","30UP","West Lancashire",,,1337,81,79,89,27.9,100.3,98,1313,81,79,89,27.9,100.3,98,5,x,100,100,29.8,100.8,100,3,100,100,100,31,x,x,3,100,x,x,25.7,100,100,3,x,100,x,27.7,101,67,5,x,x,x,28.6,102,80,5,x,x,x,24.6,98.8,100
"B","North West","30","Lancashire","30UQ","Wyre",,,1228,84,82,90,28.3,100.5,97,1203,x,82,x,28.3,100.5,97,x,x,x,x,28.5,100.7,100,3,100,x,x,28.3,100,67,0,-,-,-,-,-,-,0,-,-,-,-,-,-,x,x,x,x,31,-,0,9,x,x,x,28.6,102.7,100
"D","Yorkshire and The Humber",,,"00CC","Barnsley",,,2734,73,70,81,26.7,99.7,98,2609,74,70,81,26.7,99.7,98,13,x,69,x,25.8,98.8,92,5,100,100,100,28.6,100,80,x,x,x,x,26.3,-,0,x,x,x,x,30,102,100,x,x,x,x,27,-,0,101,63,x,x,26.4,99.6,96
"D","Yorkshire and The Humber",,,"00CE","Doncaster",,,3739,78,74,87,27.6,99.9,97,3494,78,74,87,27.6,99.9,98,58,81,72,90,27.5,99.8,95,60,70,65,75,26.3,99.9,80,20,75,75,x,27.4,100.8,65,11,x,100,100,30.5,102.8,91,16,38,63,x,25,x,x,80,x,75,93,27.2,99.7,98
"D","Yorkshire and The Humber",,,"00CF","Rotherham",,,3343,77,73,86,27.4,100,98,3100,77,74,x,27.5,100,99,33,91,82,x,28.8,100.4,94,158,68,63,73,25.5,99.9,93,8,63,x,63,24.5,x,x,6,100,100,100,30.3,100.8,83,10,50,x,50,26.2,x,x,28,75,82,x,28.8,101.2,93
"D","Yorkshire and The Humber",,,"00CG","Sheffield",,,5918,73,69,82,26.9,100,96,4875,76,72,84,27.2,100,98,249,71,65,82,26.6,100,97,459,59,55,71,24.9,99.2,90,232,57,49,71,24.8,99.3,63,20,80,x,x,29.5,100.7,60,72,x,x,x,24,100.3,68,11,x,73,100,28.5,100.7,100
"D","Yorkshire and The Humber",,,"00CX","Bradford",,,6589,74,68,79,26.6,99.7,97,4087,79,74,86,27.5,100,98,192,72,69,82,26.7,99.8,95,2167,64,56,67,24.9,99,95,64,77,59,81,26.4,99.7,67,3,100,100,100,31.7,102,100,20,55,75,75,25.7,100.4,50,56,80,71,80,27.6,100,98
"D","Yorkshire and The Humber",,,"00CY","Calderdale",,,2491,81,78,88,27.8,100.1,98,2134,83,79,89,28,100.1,98,40,88,x,90,27.6,100.3,100,270,69,65,x,26,100.1,95,3,x,x,x,27.7,101,67,x,x,x,x,27,103,100,x,x,x,x,23.7,x,x,39,x,82,85,27.5,99.6,100
"D","Yorkshire and The Humber",,,"00CZ","Kirklees",,,4978,77,73,85,27.3,99.8,97,3672,80,77,88,27.8,99.9,98,203,73,66,82,26.5,99.4,97,926,68,61,75,25.9,99.5,94,76,66,59,70,25.1,98.4,87,11,x,x,x,28.6,102,73,20,65,60,x,24.9,101.8,80,70,x,x,83,26.6,99.6,99
"D","Yorkshire and The Humber",,,"00DA","Leeds",,,8153,79,75,85,27.6,100.3,96,6896,80,76,86,27.8,100.3,98,283,76,72,82,27.1,100,95,595,74,71,79,26.5,100.3,91,229,76,67,80,26.5,100.3,69,37,x,x,92,30.1,101.3,84,58,55,x,64,25.4,101,52,55,x,84,95,28.8,100.9,96
"D","Yorkshire and The Humber",,,"00DB","Wakefield",,,3965,75,77,87,27.5,100,98,3787,75,77,x,27.5,100,98,36,75,78,86,28,100,94,99,67,56,74,25.3,99.3,91,18,61,x,83,24.8,x,x,4,100,100,100,31.5,102.5,100,7,x,100,100,28.4,x,x,14,x,x,x,28.9,99.8,86
"D","Yorkshire and The Humber",,,"00FA","Kingston upon Hull, City of",,,3260,71,72,85,26.9,100.2,98,3156,71,72,85,26.9,100.2,98,32,88,81,x,27.9,101.3,100,25,72,84,x,27.8,101.1,72,9,67,67,x,25.7,x,x,6,x,x,x,26.7,101,67,26,x,x,x,27.3,104.9,50,6,x,x,x,27,102,67
"D","Yorkshire and The Humber",,,"00FB","East Riding of Yorkshire",,,3841,83,78,89,28,100.2,98,3766,83,79,89,28,100.2,98,21,67,62,x,26.4,99.6,71,13,x,77,x,27,99.8,77,4,100,x,x,27.5,100.7,75,7,100,100,100,29.9,100.6,100,4,100,x,x,27,98,75,26,x,73,73,26.8,98.5,96
"D","Yorkshire and The Humber",,,"00FC","North East Lincolnshire",,,2083,79,75,88,27.5,100.3,98,2038,78,75,88,27.5,100.3,98,12,x,x,x,28.3,100.2,100,10,x,x,x,29.2,101.5,80,3,x,x,x,25,x,x,7,x,x,x,27,100.8,71,4,x,x,x,25,98,75,9,x,x,100,29.7,101.3,89
"D","Yorkshire and The Humber",,,"00FD","North Lincolnshire",,,1976,79,75,87,27.6,99.8,98,1884,79,75,87,27.6,99.8,99,6,x,50,x,26.3,98.5,67,44,80,x,91,27.4,100.4,93,3,100,x,x,27,99,67,6,100,x,x,28,101.6,83,0,-,-,-,-,-,-,33,x,61,79,26.9,99.5,94
"D","Yorkshire and The Humber",,,"00FF","York",,,1840,82,78,88,28,100.1,96,1709,82,78,88,28,100.2,97,29,76,72,x,27,99.6,83,16,81,x,x,28.4,101.2,63,3,x,x,x,23.7,-,0,3,x,100,x,28.3,100,100,4,x,100,x,28.5,103,100,76,76,68,84,27.1,99.5,96
"D","Yorkshire and The Humber","36","North Yorkshire","36UB","Craven",,,627,84,83,91,28.5,100.2,97,593,84,83,91,28.5,100.1,98,x,x,x,x,30.6,101.5,80,19,x,x,79,26.1,99.3,84,0,-,-,-,-,-,-,4,100,100,x,32,103,100,x,x,x,x,29,98,100,5,100,x,x,28.6,101.6,100
"D","Yorkshire and The Humber","36","North Yorkshire","36UC","Hambleton",,,906,88,80,92,28.7,100.2,96,884,x,80,92,28.7,100.2,96,6,100,x,100,29,100.4,83,0,-,-,-,-,-,-,0,-,-,-,-,-,-,0,-,-,-,-,-,-,0,-,-,-,-,-,-,16,x,x,100,30.1,100.5,94
"D","Yorkshire and The Humber","36","North Yorkshire","36UD","Harrogate",,,1644,85,82,90,28.6,100.3,96,1582,85,82,90,28.6,100.3,96,11,x,x,x,28.1,100.5,100,6,100,100,x,30.3,102,67,5,x,x,x,23,98,60,x,x,x,x,33,102,100,5,x,100,x,30.2,x,x,x,x,x,x,28.7,100.1,100
"D","Yorkshire and The Humber","36","North Yorkshire","36UE","Richmondshire",,,533,82,75,89,27.8,100.1,93,511,82,x,89,27.7,100.1,94,15,73,67,100,27.5,101.3,73,0,-,-,-,-,-,-,0,-,-,-,-,-,-,0,-,-,-,-,-,-,0,-,-,-,-,-,-,7,100,x,100,30.3,101.6,71
"D","Yorkshire and The Humber","36","North Yorkshire","36UF","Ryedale",,,536,83,81,89,28.2,100.3,97,526,83,82,x,28.3,100.3,98,x,x,x,x,25,98,100,0,-,-,-,-,-,-,0,-,-,-,-,-,-,0,-,-,-,-,-,-,0,-,-,-,-,-,-,x,x,x,x,25.3,99.4,78
"D","Yorkshire and The Humber","36","North Yorkshire","36UG","Scarborough",,,1206,76,75,84,27.5,100.1,97,1167,76,75,x,27.5,100.1,97,15,x,x,x,28.9,100.5,73,x,x,x,x,25,x,x,x,x,x,x,25,108,100,0,-,-,-,-,-,-,0,-,-,-,-,-,-,x,x,x,x,25.5,99.6,100
"D","Yorkshire and The Humber","36","North Yorkshire","36UH","Selby",,,963,84,79,90,28.3,100.4,98,950,x,x,x,28.3,100.4,98,x,x,x,x,26,98,100,x,x,x,x,27,100,100,0,-,-,-,-,-,-,x,x,x,x,25,100,100,0,-,-,-,-,-,-,9,x,x,x,28.1,100.7,100
"E","East Midlands",,,"00FK","Derby",,,2895,76,73,83,27.3,99.7,96,2210,77,74,85,27.5,99.7,97,126,79,76,84,27.6,99.4,98,368,71,69,76,26.2,99.7,95,72,64,57,68,25.3,99.2,74,5,100,100,100,29,100,60,28,82,79,86,27.4,99.9,54,86,72,70,79,26.4,99.2,97
"E","East Midlands",,,"00FN","Leicester",,,3859,68,66,79,26.2,99.8,91,1901,64,61,76,25.8,99.4,97,179,66,64,x,26.6,99.9,92,x,x,x,x,27,100.4,91,269,55,57,75,25,x,x,8,x,x,x,27.8,102.8,63,x,x,x,x,26.1,100.8,56,44,x,x,89,27.5,100.7,95
"E","East Midlands",,,"00FP","Rutland",,,344,86,83,90,28.5,100.7,93,329,86,83,x,28.5,100.6,94,7,x,x,x,26.7,101.3,86,0,-,-,-,-,-,-,0,-,-,-,-,-,-,3,100,100,100,31.7,103.3,100,0,-,-,-,-,-,-,x,x,x,x,28.6,101,80
"E","East Midlands",,,"00FY","Nottingham",,,3230,67,67,80,26.3,100.1,94,2286,67,68,80,26.5,100.1,98,272,68,67,82,26.5,100,97,341,63,61,73,25.5,100,89,230,70,64,x,26.2,100,76,7,x,x,x,26.7,100.3,86,42,60,62,81,26,x,x,52,x,x,87,25.8,99.8,96
"E","East Midlands","17","Derbyshire","17UB","Amber Valley",,,1374,80,76,88,27.8,99.9,98,1343,80,76,x,27.8,99.9,98,13,x,x,x,27.6,99.6,77,4,100,100,100,28.5,101.3,75,0,-,-,-,-,-,-,3,100,100,x,28.3,101.3,100,x,x,x,x,23,-,0,x,x,x,x,28.2,100,100
"E","East Midlands","17","Derbyshire","17UC","Bolsover",,,940,76,72,84,27.1,99.9,98,915,76,72,84,27.1,99.9,98,8,x,x,x,27.8,100.3,100,4,x,x,x,28,99.5,100,x,x,x,x,25,-,0,0,-,-,-,-,-,-,0,-,-,-,-,-,-,x,x,x,x,24.6,98,92
"E","East Midlands","17","Derbyshire","17UD","Chesterfield",,,1296,77,75,86,27.6,100.1,98,1222,77,76,87,27.6,100.2,98,28,89,82,86,29.9,100.8,96,11,55,45,55,23.5,99.8,82,7,x,57,57,24.9,98.1,100,6,x,100,100,30,101,100,0,-,-,-,-,-,-,22,x,45,82,24.4,99,100
"E","East Midlands","17","Derbyshire","17UF","Derbyshire Dales",,,769,82,84,92,28.7,100.1,97,745,82,85,x,28.8,100.2,97,9,100,x,x,28.1,99.1,100,0,-,-,-,-,-,-,0,-,-,-,-,-,-,0,-,-,-,-,-,-,0,-,-,-,-,-,-,15,73,x,x,27.3,99.6,100
"E","East Midlands","17","Derbyshire","17UG","Erewash",,,1324,81,77,88,28,100,98,1254,81,78,x,28,100,98,19,100,x,100,28.5,100.4,100,5,100,x,100,27.4,101.2,100,5,x,x,x,26.2,99.5,80,x,x,x,x,29.5,101,50,x,x,x,x,25,100,100,36,x,64,89,26.4,99.6,97
"E","East Midlands","17","Derbyshire","17UH","High Peak",,,1055,83,79,87,28,100,98,1016,83,78,87,28,100,99,11,x,73,x,26.5,99.6,91,x,x,x,x,27,-,0,x,x,x,x,25,-,0,3,x,x,x,29.7,101.3,100,0,-,-,-,-,-,-,x,x,x,x,28.4,101,100
"E","East Midlands","17","Derbyshire","17UJ","North East Derbyshire",,,1166,80,78,90,28,100.2,98,1135,80,78,90,28,100.2,98,8,x,100,100,27.8,98.9,88,3,x,x,x,25,101,67,0,-,-,-,-,-,-,x,x,x,x,31,102,100,0,-,-,-,-,-,-,x,x,x,x,27.5,100.1,100
"E","East Midlands","17","Derbyshire","17UK","South Derbyshire",,,1078,84,80,90,28.3,100.3,97,1040,84,80,90,28.4,100.3,97,9,x,x,100,29.7,100,89,15,x,73,80,27.3,100.3,100,3,100,x,x,29,100,100,x,x,x,x,28,-,0,x,x,x,x,26,102,50,7,x,x,100,28.4,100.3,86
"E","East Midlands","31","Leicestershire","31UB","Blaby",,,1140,82,75,88,27.9,100.3,99,1020,82,75,87,27.8,100.3,99,28,89,68,x,27.6,99.7,93,58,81,81,90,28.1,100.8,98,5,x,x,x,29,99.5,80,3,100,100,100,32.3,104,100,3,100,100,x,29.7,101,67,23,x,x,x,28.3,100.2,100
"E","East Midlands","31","Leicestershire","31UC","Charnwood",,,1738,80,77,89,27.9,100.2,98,1493,80,77,89,27.9,100.2,99,40,83,x,90,27.9,100.7,90,123,85,77,88,27.6,100,94,7,x,x,100,28.4,99,57,4,x,100,100,31,100,75,5,100,100,x,27.8,100.7,60,66,x,74,x,27.2,99.6,97
"E","East Midlands","31","Leicestershire","31UD","Harborough",,,975,85,81,90,28.5,100.3,98,901,86,82,91,28.6,100.3,98,16,75,75,x,29.3,101.4,100,21,76,71,86,27.4,99.7,95,x,x,x,x,23,-,0,x,x,x,x,29,99,100,0,-,-,-,-,-,-,x,x,x,x,27.9,100.7,97
"E","East Midlands","31","Leicestershire","31UE","Hinckley and Bosworth",,,1152,80,77,90,27.8,100.3,98,1082,80,77,90,27.8,100.3,98,13,77,100,100,28.5,101.8,92,18,72,72,72,27.5,99.9,89,x,x,x,x,25,-,0,x,x,x,x,27,100,100,x,x,x,x,33,100,100,36,78,x,92,27.7,99.9,97
"E","East Midlands","31","Leicestershire","31UG","Melton",,,595,82,82,91,28.4,100.8,98,568,82,81,x,28.4,100.8,98,7,100,100,100,30.4,101.7,100,3,100,100,x,31,102,67,0,-,-,-,-,-,-,x,x,x,x,21,98,50,0,-,-,-,-,-,-,x,x,x,x,28.7,102.5,100
"E","East Midlands","31","Leicestershire","31UH","North West Leicestershire",,,1005,77,73,86,27.4,99.9,98,963,77,73,x,27.3,99.9,98,9,100,x,100,29.2,100.9,100,7,x,x,x,27.6,101,86,0,-,-,-,-,-,-,x,x,x,x,27,99,100,0,-,-,-,-,-,-,x,x,x,x,27,100.3,100
"E","East Midlands","31","Leicestershire","31UJ","Oadby and Wigston",,,710,79,65,78,26.9,99,95,486,78,62,79,26.8,99,96,28,82,79,89,28,99.6,96,170,84,75,74,27.1,99.2,94,7,43,x,43,23.7,98.8,71,3,100,100,x,29.7,100,100,0,-,-,-,-,-,-,16,63,x,x,25.6,99.3,94
"E","East Midlands","32","Lincolnshire","32UB","Boston",,,694,76,74,85,27.4,99.8,95,683,x,x,x,27.3,99.8,96,4,x,x,x,27.5,100,100,x,x,x,x,30.2,100.7,60,x,x,x,x,25,-,0,0,-,-,-,-,-,-,x,x,x,x,31,-,0,0,-,-,-,-,-,-
"E","East Midlands","32","Lincolnshire","32UC","East Lindsey",,,1551,76,73,85,27.4,100.3,96,1512,75,72,x,27.3,100.3,97,19,x,x,x,29,101.1,100,5,100,100,100,29,101.3,60,x,x,x,x,28,98,50,0,-,-,-,-,-,-,4,x,x,x,25.5,x,x,x,x,x,x,29.7,100.3,78
"E","East Midlands","32","Lincolnshire","32UD","Lincoln",,,998,72,65,82,26.7,99.4,97,972,72,65,x,26.6,99.3,98,12,75,x,100,30.2,101.5,92,x,x,x,x,28,104,50,4,x,x,x,27,101.3,75,6,x,x,x,28.1,101.3,50,x,x,x,x,26,100,50,0,-,-,-,-,-,-
"E","East Midlands","32","Lincolnshire","32UE","North Kesteven",,,1241,85,81,92,28.4,100.5,95,1209,85,81,x,28.4,100.5,95,15,100,x,x,30.7,101.4,93,4,100,100,100,29.5,100,100,x,x,x,x,25,-,0,x,x,x,x,31,103,100,4,x,x,100,28,102.7,75,5,x,x,x,25,99.6,100
"E","East Midlands","32","Lincolnshire","32UF","South Holland",,,913,79,73,85,27.5,99.9,98,885,79,73,85,27.4,99.9,98,14,x,71,x,27.3,100.2,93,3,100,x,x,27.7,100,100,x,x,x,x,31,100,50,x,x,x,x,33,102,100,x,x,x,x,23,98,100,6,100,x,100,30,100.7,100
"E","East Midlands","32","Lincolnshire","32UG","South Kesteven",,,1571,84,81,91,28.3,100.3,97,1506,84,80,91,28.3,100.3,98,17,82,82,x,27.9,100.8,94,8,100,100,x,31.5,101.5,100,4,100,100,100,30.5,102,75,6,x,100,x,30,100.5,67,3,100,100,x,30.3,102,67,27,x,70,x,26.7,99.8,100
"E","East Midlands","32","Lincolnshire","32UH","West Lindsey",,,1083,83,79,90,28.1,100.2,96,1061,x,x,90,28,100.2,96,10,100,100,100,29.4,100.8,100,8,x,x,100,31.5,100.4,63,x,x,x,x,27,98,67,0,-,-,-,-,-,-,0,-,-,-,-,-,-,x,x,x,x,29,98,100
"E","East Midlands","34","Northamptonshire","34UB","Corby",,,741,79,73,88,27.6,99.7,97,713,78,x,x,27.5,99.7,97,8,100,x,100,29.8,100.3,88,5,x,x,x,27.8,101,80,5,100,100,x,29.4,100,100,x,x,x,x,29,98,100,x,x,x,x,28.1,100,71,x,x,x,x,27,100,100
"E","East Midlands","34","Northamptonshire","34UC","Daventry",,,949,84,81,92,28.3,100.3,97,909,84,x,x,28.3,100.3,97,17,x,100,100,30.2,101.1,100,7,x,x,x,28.1,98.8,71,3,x,100,x,28.3,102,100,x,x,x,x,25,99,100,0,-,-,-,-,-,-,x,x,x,x,31,100.4,100
"E","East Midlands","34","Northamptonshire","34UD","East Northamptonshire",,,1002,83,79,90,28.2,100.2,98,984,x,x,x,28.2,100.2,98,13,100,x,x,28.9,101.2,92,x,x,x,x,31,102,100,x,x,x,x,25,-,0,x,x,x,x,25,100,100,x,x,x,x,31,102,100,0,-,-,-,-,-,-
"E","East Midlands","34","Northamptonshire","34UE","Kettering",,,1099,80,75,87,27.6,99.7,97,1034,79,75,x,27.6,99.7,98,22,82,77,x,28.1,99.7,100,21,81,81,x,27.9,100.1,81,10,x,x,x,26.8,100,70,6,x,x,x,27.3,99,100,x,x,x,x,29,100,100,x,x,x,x,25,99,100
"E","East Midlands","34","Northamptonshire","34UF","Northampton",,,2381,77,69,82,27,99.5,96,2022,78,71,x,27.1,99.6,98,98,73,58,73,26,98.8,95,125,75,59,77,25.9,99.9,92,92,70,57,72,25.3,99,67,11,73,x,x,27.9,100.7,100,12,67,67,x,26.7,101.1,75,21,86,x,x,27.9,99.1,100
"E","East Midlands","34","Northamptonshire","34UG","South Northamptonshire",,,1037,90,85,95,28.9,100.5,97,986,x,85,94,28.9,100.5,97,15,100,x,100,29.5,100.7,80,11,x,x,100,29,101.1,100,5,100,100,100,30.6,99.5,80,x,x,x,x,33,102,100,4,100,100,x,28.5,100,75,x,x,x,x,29.7,100.5,100
"E","East Midlands","34","Northamptonshire","34UH","Wellingborough",,,908,78,74,86,27.4,99.6,97,784,78,74,86,27.4,99.5,98,34,88,85,88,28.4,99.9,97,51,73,78,88,27.6,100.2,94,36,72,44,x,25.5,98.8,83,0,-,-,-,-,-,-,0,-,-,-,-,-,-,3,100,100,x,29.7,99.3,100
"E","East Midlands","37","Nottinghamshire","37UB","Ashfield",,,1435,76,74,86,27.4,100.1,99,1409,77,75,87,27.4,100.1,99,10,70,x,x,26.2,99.8,100,8,x,63,x,25.5,100.6,88,x,x,x,x,23,106,50,3,100,x,x,28.3,100,100,x,x,x,x,33,101,100,x,x,x,x,21,94,100
"E","East Midlands","37","Nottinghamshire","37UC","Bassetlaw",,,1359,75,73,84,27.2,100,96,1328,75,73,84,27.3,100,96,18,x,x,x,25.3,99.5,94,8,x,x,100,29.5,101.6,63,x,x,x,x,29,98,100,x,x,x,x,27,102,100,x,x,x,x,29,102,50,x,x,x,x,27,100,100
"E","East Midlands","37","Nottinghamshire","37UD","Broxtowe",,,1244,82,81,91,28.3,100.4,96,1154,82,80,92,28.3,100.4,97,24,83,x,x,28.9,101.1,88,40,78,88,88,28.1,100.2,88,7,x,x,x,29.3,99.7,100,4,x,100,x,28,103,50,12,75,x,x,28.3,99.8,83,3,x,x,x,27.7,100.7,100
"E","East Midlands","37","Nottinghamshire","37UE","Gedling",,,1331,82,80,90,28.1,99.9,97,1217,82,81,x,28.2,100,98,35,89,80,91,27.6,99.3,91,26,x,81,x,27.1,100.4,92,24,71,71,75,26.1,100,83,5,x,100,100,28.2,102,80,3,x,x,x,26.3,100,67,21,76,x,x,25.5,98.4,100
"E","East Midlands","37","Nottinghamshire","37UF","Mansfield",,,1337,73,68,82,27,99.6,98,1299,73,68,82,26.9,99.5,99,20,x,x,x,27.6,100.1,95,7,x,100,x,30.5,102.3,86,4,100,100,100,28.5,100,100,x,x,x,x,30,101.5,100,x,x,x,x,31,98,100,x,x,x,x,21,99,100
"E","East Midlands","37","Nottinghamshire","37UG","Newark and Sherwood",,,1340,78,74,88,27.7,100.1,97,1307,77,74,88,27.7,100,98,15,x,73,x,28.1,100.4,100,5,x,100,x,27.8,100.8,100,5,100,100,100,28.6,99.3,60,x,x,x,x,21,100,100,3,x,x,x,28,-,0,x,x,x,x,28.5,101.5,100
"E","East Midlands","37","Nottinghamshire","37UJ","Rushcliffe",,,1213,88,87,94,29.3,100.8,96,1129,88,88,94,29.3,100.8,97,27,x,81,x,28.8,100.8,96,43,86,x,x,28,100.7,88,5,x,x,100,27,100.5,80,3,100,100,x,33,103.3,100,x,x,x,x,26.2,101,80,x,x,x,x,33,102,100
"F","West Midlands",,,"00CN","Birmingham",,,13507,74,70,83,27,100.1,94,7106,77,73,87,27.4,100,98,834,75,71,86,27.2,99.9,97,3971,71,67,78,26.4,100.4,94,1176,68,62,78,26,100,72,39,87,90,92,29.8,100.8,87,238,66,71,76,26.4,101,72,143,80,72,88,27.5,100.3,98
"F","West Midlands",,,"00CQ","Coventry",,,3680,76,73,86,27.2,100.2,96,2796,76,74,87,27.4,100.1,98,161,76,69,x,26.9,99.8,97,555,77,73,83,27,100.4,92,107,66,58,75,25.4,100.3,63,8,x,x,x,29.3,101.2,63,16,38,38,56,23.3,100.3,50,37,x,x,73,25.6,100.1,97
"F","West Midlands",,,"00CR","Dudley",,,3803,79,73,85,27.4,100,98,3312,80,74,86,27.5,100,99,131,82,69,x,27.1,100,95,243,74,66,74,26.3,100.1,92,53,70,49,77,25.4,99.4,79,10,x,x,x,27,100.2,90,27,44,52,59,23,99.2,78,27,x,x,x,28.6,101.2,96
"F","West Midlands",,,"00CS","Sandwell",,,3794,72,66,80,26.5,100.2,96,2490,73,66,81,26.7,100.2,99,217,75,66,x,26.6,99.8,96,801,72,67,77,26.3,100.3,94,190,68,58,76,25.5,99.9,82,7,x,x,x,27.3,103.2,71,33,55,58,70,25.2,101.1,55,56,x,x,80,26.1,100.4,98
"F","West Midlands",,,"00CT","Solihull",,,2662,85,81,91,28.5,100.2,98,2354,84,81,92,28.5,100.2,99,109,82,79,x,27.9,99.9,99,110,94,88,96,28.9,100.6,92,33,76,73,82,26.7,100,85,14,79,71,x,26.7,100.4,79,11,x,x,x,27.4,101.5,73,31,x,x,x,29,100.1,100
"F","West Midlands",,,"00CU","Walsall",,,3355,77,71,83,27.1,100.1,97,2628,77,71,85,27.2,100.1,99,114,74,72,82,26.8,100.3,98,505,76,67,76,26.5,100.1,94,57,68,51,81,26.1,100.5,70,8,x,x,x,28,101.4,88,15,53,67,x,26.5,100.8,67,28,x,x,79,27.7,100.3,100
"F","West Midlands",,,"00CW","Wolverhampton",,,3211,74,68,83,26.8,100,97,2142,72,67,83,26.7,99.9,99,239,74,68,80,26.6,100,97,558,81,75,84,27.5,100.5,95,223,72,59,80,26,99.4,85,6,100,100,100,30.3,101.7,100,6,50,x,x,25.3,101,67,37,65,x,x,26.2,100.3,97
"F","West Midlands",,,"00GA","Herefordshire, County of",,,1955,81,75,88,27.8,100.3,96,1915,81,75,88,27.8,100.3,96,17,76,59,x,26.8,100,94,x,x,x,x,27,99,100,x,x,x,x,29,-,0,x,x,x,x,31,-,0,x,x,x,x,31,98,100,18,x,78,100,28.4,99.9,100
"F","West Midlands",,,"00GF","Telford and Wrekin",,,2210,76,74,87,27.5,100,96,2020,77,74,87,27.5,99.9,97,58,83,71,x,27.7,99.4,97,89,66,76,84,26.8,100.6,97,18,x,50,56,25,99.8,72,11,x,x,100,29.9,102.8,73,x,x,x,x,33,102,100,x,x,x,x,26.5,100.8,83
"F","West Midlands",,,"00GL","Stoke-on-Trent",,,2892,71,68,82,26.7,99.6,97,2568,72,68,83,26.8,99.6,99,45,71,71,87,27.6,100.4,91,212,63,61,72,25.3,99.9,91,24,54,54,71,24.4,98.5,63,3,100,100,100,31.7,100.7,100,17,59,65,82,26.6,x,x,23,48,39,87,24.8,100.3,100
"F","West Midlands","39","Shropshire","39UB","Bridgnorth",,,557,84,79,92,28.4,100.3,97,522,84,80,x,28.5,100.3,97,3,x,x,x,27.7,100,100,3,100,100,x,29.7,100.7,100,0,-,-,-,-,-,-,x,x,x,x,27,104,100,x,x,x,x,33,102,100,x,x,x,x,26.5,99.6,100
"F","West Midlands","39","Shropshire","39UC","North Shropshire",,,594,81,77,90,28,100.6,98,551,82,78,x,28.1,100.6,98,3,x,x,100,25.7,100,67,3,x,x,x,25,101.3,100,0,-,-,-,-,-,-,x,x,x,x,27,100,100,0,-,-,-,-,-,-,x,x,x,x,27.1,100.7,97
"F","West Midlands","39","Shropshire","39UD","Oswestry",,,440,80,76,90,27.9,100.2,95,403,80,76,91,27.9,100.2,96,10,x,x,x,28.6,101.5,80,x,x,x,x,27,-,0,x,x,x,x,26,100,50,x,x,x,x,33,102,100,0,-,-,-,-,-,-,23,x,x,x,27.2,99.5,96
"F","West Midlands","39","Shropshire","39UE","Shrewsbury and Atcham",,,1148,81,76,88,27.9,100.2,97,1083,81,76,89,28,100.3,97,14,x,100,x,29,100.9,100,4,x,x,100,29.5,101,50,x,x,x,x,26,-,0,x,x,x,x,31,104,100,0,-,-,-,-,-,-,x,x,x,x,25.8,99.5,100
"F","West Midlands","39","Shropshire","39UF","South Shropshire",,,445,80,78,90,28.1,100.5,96,411,x,79,91,28.2,100.5,97,6,x,x,x,27.3,98.8,83,x,x,x,x,23,98,100,0,-,-,-,-,-,-,x,x,x,x,29,103,100,0,-,-,-,-,-,-,x,x,x,x,26.7,99.9,92
"F","West Midlands","41","Staffordshire","41UB","Cannock Chase",,,1279,74,71,85,27,99.8,98,1248,74,71,x,26.9,99.8,99,14,x,x,100,29.3,101.2,86,7,x,x,x,28.3,101.6,71,x,x,x,x,26,100,50,3,x,100,x,28.3,100,100,x,x,x,x,33,102,100,x,x,x,x,27,100.5,100
"F","West Midlands","41","Staffordshire","41UC","East Staffordshire",,,1355,78,74,86,27.6,99.9,98,1179,79,76,88,27.9,100,98,35,x,69,x,26.4,98.9,100,113,65,58,70,25.1,98.7,95,5,100,100,x,29,98,100,3,x,x,x,27,103,67,5,x,x,x,23,98,80,15,x,80,x,28.5,100.5,100
"F","West Midlands","41","Staffordshire","41UD","Lichfield",,,1100,85,82,92,28.4,100.3,98,1027,85,82,92,28.4,100.3,99,24,x,79,100,28.5,100.5,100,21,86,62,86,27.4,99.8,95,x,x,x,x,33,100,100,x,x,x,x,32,100,50,9,x,x,x,27.4,100.3,89,x,x,x,x,27.4,99.5,94
"F","West Midlands","41","Staffordshire","41UE","Newcastle-under-Lyme",,,1308,78,76,88,27.7,100.4,97,1258,78,76,88,27.7,100.3,98,13,69,62,x,26.4,100.8,77,18,72,83,83,27.9,100.7,78,3,100,x,x,27.7,100.7,100,4,x,x,x,26,102.5,100,7,x,x,100,28.7,103.2,71,5,x,x,x,29,102,100
"F","West Midlands","41","Staffordshire","41UF","South Staffordshire",,,1218,84,79,91,28.2,100.1,99,1172,84,79,91,28.2,100.1,99,19,x,x,x,29.5,100.7,100,15,x,x,x,28.9,100.2,87,x,x,x,x,29,98,100,x,x,x,x,21,96,100,0,-,-,-,-,-,-,x,x,x,x,29.4,100.6,100
"F","West Midlands","41","Staffordshire","41UG","Stafford",,,1334,83,81,90,28.3,100.2,98,1279,83,81,90,28.3,100.2,98,22,x,77,x,27.8,99.3,95,9,100,100,100,29,100.3,89,7,x,x,x,28.4,100.3,86,x,x,x,x,33,102,100,3,x,x,x,23,99,67,x,x,x,x,29,100.4,83
"F","West Midlands","41","Staffordshire","41UH","Staffordshire Moorlands",,,1044,79,78,89,27.7,99.9,98,1020,79,78,89,27.7,99.9,98,8,x,x,x,29,99.5,100,0,-,-,-,-,-,-,x,x,x,x,31,104,100,x,x,x,x,15,100,100,x,x,x,x,27,-,0,13,x,x,x,27.8,99.5,92
"F","West Midlands","41","Staffordshire","41UK","Tamworth",,,998,76,74,85,27.2,99.9,99,903,76,74,85,27.2,99.9,99,17,71,71,x,27,99.8,100,11,x,x,100,28.3,100.8,91,4,x,x,x,25,99,100,x,x,x,x,29,100,100,x,x,x,x,25,100,100,x,x,x,x,27.2,100,98
"F","West Midlands","44","Warwickshire","44UB","North Warwickshire",,,757,78,73,87,27.5,100.1,99,717,78,73,87,27.4,100.1,99,12,67,75,x,27.3,99.8,92,3,100,100,x,29,101.3,100,x,x,x,x,19,102,100,x,x,x,x,31,102,50,x,x,x,x,27,100,50,20,x,x,x,27.8,99.7,100
"F","West Midlands","44","Warwickshire","44UC","Nuneaton and Bedworth",,,1621,77,72,86,27.3,100.1,98,1458,77,73,86,27.4,100.1,99,40,73,63,x,26.3,99.6,95,74,77,76,92,27.3,100.6,96,6,x,50,x,25.3,98.7,50,x,x,x,x,25,102,50,0,-,-,-,-,-,-,x,x,x,x,25.9,100.2,98
"F","West Midlands","44","Warwickshire","44UD","Rugby",,,1080,84,84,92,28.6,100.7,97,942,83,84,92,28.7,100.6,99,31,87,81,x,28.7,100.9,87,41,x,x,x,29.1,101.9,85,11,x,73,73,27.5,99.8,91,x,x,x,x,31,103,100,x,x,x,x,27.8,101.3,60,43,70,x,x,26.6,100.4,93
"F","West Midlands","44","Warwickshire","44UE","Stratford-on-Avon",,,1172,86,81,90,28.6,100.5,97,1121,87,81,91,28.6,100.5,97,28,82,86,x,29.2,101.1,96,3,x,x,x,27.7,100,100,x,x,x,x,27,98,100,x,x,x,x,33,100,100,x,x,x,x,27,100,100,17,x,x,x,25.5,99.8,94
"F","West Midlands","44","Warwickshire","44UF","Warwick",,,1260,83,81,91,28.5,100.8,97,1107,83,80,91,28.5,100.8,97,37,84,73,92,28.1,101.2,92,76,87,86,92,28.8,100.4,95,3,100,100,100,31,100.7,100,3,100,100,100,33,101.3,100,6,x,x,x,27.7,101.3,100,28,x,x,x,28.4,100.4,100
"F","West Midlands","47","Worcestershire","47UB","Bromsgrove",,,1038,84,79,91,28.5,100.3,98,980,84,79,91,28.5,100.3,98,19,x,84,x,28.5,100.4,89,16,75,75,x,27.8,101.4,88,4,100,x,100,28,98.5,100,x,x,x,x,21,-,0,6,x,100,100,31,102,100,x,x,x,x,28.3,100.2,100
"F","West Midlands","47","Worcestershire","47UC","Malvern Hills",,,759,83,80,91,28.5,100.8,98,738,x,80,90,28.4,100.7,98,5,100,x,100,31,102.4,100,x,x,x,x,25,100,100,x,x,x,x,25,100,50,0,-,-,-,-,-,-,x,x,x,x,31,104,100,12,x,67,100,29.7,102.2,92
"F","West Midlands","47","Worcestershire","47UD","Redditch",,,1028,77,70,85,27.1,99.4,98,935,77,71,86,27.2,99.4,99,25,76,56,x,26.2,99.9,96,47,x,55,x,25.3,99.4,85,14,x,x,79,27,99.3,100,3,100,100,x,31,100.7,100,0,-,-,-,-,-,-,4,x,x,x,26.5,99.5,100
"F","West Midlands","47","Worcestershire","47UE","Worcester",,,1100,79,76,89,27.8,100.7,97,1033,79,76,x,27.8,100.7,97,14,x,x,100,29.7,100.6,93,45,x,x,x,26.3,100.7,89,x,x,x,x,27,-,0,x,x,x,x,25,102,100,0,-,-,-,-,-,-,x,x,x,x,28.4,100.3,100
"F","West Midlands","47","Worcestershire","47UF","Wychavon",,,1254,80,73,88,27.7,99.9,98,1210,80,74,88,27.7,99.9,98,16,75,63,x,25.9,99.9,88,4,x,x,x,25,99,100,4,x,x,100,29.5,101,50,x,x,x,x,26,103,100,0,-,-,-,-,-,-,x,x,x,x,28.1,101.2,100
"F","West Midlands","47","Worcestershire","47UG","Wyre Forest",,,1053,74,73,88,27.3,99.8,98,1014,74,73,88,27.3,99.8,98,14,79,79,100,28,99.6,79,11,36,x,x,22.2,98.3,73,x,x,x,x,31,100,100,x,x,x,x,27,108,100,4,x,100,100,28,102,75,x,x,x,x,29.9,101.1,100
"G","East of England",,,"00JA","Peterborough",,,2165,76,74,87,27.3,100.3,95,1694,77,75,88,27.5,100.3,96,71,86,77,90,27.8,100.3,94,332,67,66,x,26.1,100.1,93,25,68,64,80,26.5,101,80,9,x,100,x,31,102.3,89,3,x,x,x,27.7,101.3,100,31,x,x,x,28.8,101.1,97
"G","East of England",,,"00KA","Luton",,,2555,71,66,81,26.5,99.9,94,1345,75,69,84,27,99.9,98,158,72,68,81,26.8,100,96,713,64,63,76,25.7,99.9,93,265,69,59,79,25.8,99.6,77,11,x,x,x,28.6,101.8,73,13,77,77,x,28.2,101,62,50,x,x,x,27.1,100.1,90
"G","East of England",,,"00KF","Southend-on-Sea",,,2009,77,76,87,27.8,100.3,97,1814,77,76,87,27.8,100.2,98,47,79,83,91,27.6,100.7,94,51,75,75,x,27.1,100.8,82,30,63,57,67,25.4,x,x,10,x,100,x,30.2,102.4,90,6,100,100,100,31.3,102.5,67,51,x,76,88,27.8,100,100
"G","East of England",,,"00KG","Thurrock",,,1954,74,69,84,26.9,99.9,98,1736,73,69,83,26.9,99.9,99,43,91,79,93,28.3,100,95,40,78,80,80,27.8,100.5,88,81,89,78,89,27.7,100.3,89,6,x,x,x,29.3,103,100,11,x,100,x,29,103.1,82,37,x,x,x,25.4,99.2,92
"G","East of England","09","Bedfordshire","09UC","Mid Bedfordshire",,,1598,84,80,91,28.4,100.2,97,1513,85,80,91,28.4,100.2,98,44,84,77,93,28.5,100,93,13,x,x,x,28.8,101.2,77,8,x,100,x,27.8,99.5,100,5,100,100,100,30.2,100.8,100,3,x,x,x,21,x,x,12,x,x,100,28.7,100.3,100
"G","East of England","09","Bedfordshire","09UD","Bedford",,,1730,78,71,84,27.2,99.7,95,1263,80,73,86,27.5,99.7,97,110,70,60,84,26.7,99.6,92,239,69,64,x,25.8,99.2,90,63,71,62,78,25.9,99.3,81,x,x,x,x,27,102,100,x,x,x,x,26.5,103,50,46,x,x,x,29.3,100,100
"G","East of England","09","Bedfordshire","09UE","South Bedfordshire",,,1493,77,71,84,27.3,99.7,96,1397,77,71,84,27.3,99.6,97,30,70,67,80,27.4,100.2,93,19,x,79,x,28.1,100.7,79,9,67,67,x,26.7,101,67,5,x,x,x,27.4,102.8,100,8,x,x,100,27.3,101,50,25,68,x,80,26.6,100.2,100
"G","East of England","12","Cambridgeshire","12UB","Cambridge",,,812,78,71,86,27.6,100.5,92,651,78,71,87,27.7,100.6,95,46,80,80,85,28.5,100.3,83,49,73,65,80,26.7,100.2,76,11,x,45,64,24.5,98.4,82,14,x,100,100,30.4,102,71,10,50,50,x,25.9,102,70,31,81,68,x,26.5,100.8,77
"G","East of England","12","Cambridgeshire","12UC","East Cambridgeshire",,,843,84,80,90,28.3,100.4,97,805,84,80,90,28.3,100.4,97,9,x,x,100,27.4,100.5,89,4,100,100,100,32,102,100,x,x,x,x,33,104,100,x,x,x,x,28.5,100.7,75,x,x,x,x,25,96,100,19,x,x,x,27.3,100,100
"G","East of England","12","Cambridgeshire","12UD","Fenland",,,1125,78,75,86,27.5,100.3,98,1085,78,75,x,27.5,100.3,98,11,x,x,x,28.6,101.1,64,9,x,x,x,28.3,101.4,78,3,100,100,100,29,100.7,100,0,-,-,-,-,-,-,0,-,-,-,-,-,-,17,x,x,x,28,101.3,100
"G","East of England","12","Cambridgeshire","12UE","Huntingdonshire",,,1984,82,78,91,28,100.1,96,1836,83,78,91,28.1,100,97,47,87,89,x,28.8,100.7,89,32,63,53,x,26.2,98.9,88,x,x,x,x,23.8,x,x,x,x,x,x,27,100,100,x,x,x,x,28,102,50,54,81,80,x,28.2,100.6,94
"G","East of England","12","Cambridgeshire","12UG","South Cambridgeshire",,,1571,88,83,92,28.8,100.9,96,1454,88,84,93,28.9,100.9,97,43,91,79,86,29.4,101,93,17,65,65,x,26.5,101.7,76,8,63,63,x,26,99.7,88,5,100,100,100,30.6,100.5,80,5,100,100,100,31,101.3,60,39,87,79,x,28.4,101.2,95
"G","East of England","22","Essex","22UB","Basildon",,,2189,75,72,84,27,99.6,98,1949,75,73,84,27,99.5,98,51,76,71,84,27.1,99.9,92,18,x,72,x,28.8,100.2,78,23,78,78,83,27.6,100.6,70,4,100,x,x,29,100,75,11,x,x,x,26.6,101.3,55,133,71,65,83,26.3,99.9,99
"G","East of England","22","Essex","22UC","Braintree",,,1671,80,75,88,27.6,100.2,98,1587,80,75,88,27.6,100.2,98,26,x,69,x,27.8,100.2,88,8,50,38,x,21.8,98.7,75,6,x,x,x,26.7,100,67,x,x,x,x,30,100.7,75,x,x,x,x,30,104,50,38,x,x,89,27.4,100.3,95
"G","East of England","22","Essex","22UD","Brentwood",,,838,87,84,91,28.5,100.5,97,696,88,85,92,28.6,100.5,98,24,88,x,x,29,101,96,15,80,x,x,28.2,100.7,73,6,50,x,x,25.3,99.6,83,x,x,x,x,33,100,100,x,x,x,x,29.7,101,67,92,85,76,90,27.7,100.4,97
"G","East of England","22","Essex","22UE","Castle Point",,,1152,79,76,88,27.6,100.1,99,1053,80,77,89,27.7,100.1,99,15,x,x,x,28.1,100,80,7,57,57,x,24.7,101.7,86,6,100,x,x,29,100.7,100,x,x,x,x,33,104,100,x,x,x,x,24.8,100.7,50,64,69,61,80,26.3,100,100
"G","East of England","22","Essex","22UF","Chelmsford",,,1912,84,82,91,28.5,100.5,97,1716,85,83,91,28.6,100.5,98,40,93,85,x,29.3,101.4,83,32,81,81,x,27.8,100.4,81,19,74,68,79,27.2,100.4,58,x,x,x,x,33,104,100,x,x,x,x,29.7,101,67,101,75,75,90,27.6,100.6,97
"G","East of England","22","Essex","22UG","Colchester",,,1814,82,76,88,27.9,100.5,96,1634,81,77,88,28,100.5,98,45,87,78,89,28,100.5,89,16,81,81,x,28.8,101.6,69,16,x,56,x,26.6,100.5,75,10,x,x,100,29.8,102,100,18,x,61,83,25.6,101.2,56,75,80,x,89,27.3,100.4,95
"G","East of England","22","Essex","22UH","Epping Forest",,,1239,79,74,88,27.6,100.2,97,1082,80,74,88,27.6,100.2,98,42,71,71,88,27.4,99.7,93,21,86,71,x,27.7,100.7,90,19,68,79,x,27.7,100.7,95,x,x,x,x,30,100.7,100,x,x,x,x,25,98,100,71,x,75,90,27.4,100.5,99
"G","East of England","22","Essex","22UJ","Harlow",,,1009,69,68,80,26.5,100,96,887,69,68,80,26.5,99.9,98,21,62,71,71,25.7,98.9,100,22,55,50,73,24.1,99.6,82,29,72,62,72,25.9,100.5,52,9,x,100,x,29.4,102.8,89,3,100,100,x,28.3,103.3,100,38,x,79,89,27.2,100.8,95
"G","East of England","22","Essex","22UK","Maldon",,,791,81,76,88,27.9,100.1,98,749,82,77,89,27.9,100.1,99,16,75,63,81,28.4,99.4,100,x,x,x,x,27,101,100,0,-,-,-,-,-,-,x,x,x,x,19,-,0,x,x,x,x,31,102,100,21,x,67,81,26.3,100.3,100
"G","East of England","22","Essex","22UL","Rochford",,,1058,83,77,89,28,100.2,98,964,83,78,x,28.1,100.2,99,23,100,83,x,28.7,99.5,91,3,100,100,x,30.3,102,67,x,x,x,x,23,100,50,x,x,x,x,28,101,100,x,x,x,x,31,100,100,63,x,x,89,27,99.3,98
"G","East of England","22","Essex","22UN","Tendring",,,1554,79,72,86,27.3,100.2,98,1378,79,73,86,27.3,100.2,98,16,x,75,81,27.8,100.5,81,3,x,x,x,27,x,x,4,x,x,x,29,101.5,100,x,x,x,x,26.3,100.7,100,x,x,x,x,27,100,100,149,79,67,87,26.8,100.4,99
"G","East of England","22","Essex","22UQ","Uttlesford",,,832,88,83,91,28.6,100.5,97,789,88,83,91,28.7,100.5,97,16,x,x,100,29.9,100.9,100,6,x,100,x,29.3,103.6,83,x,x,x,x,29,96,100,x,x,x,x,23,-,0,x,x,x,x,29,102,100,18,67,x,x,26.1,99.4,100
"G","East of England","26","Hertfordshire","26UB","Broxbourne",,,1121,83,80,90,28,100.4,98,1022,83,80,x,28,100.4,99,30,83,87,90,28.8,100.4,83,8,x,63,x,26.8,99.8,100,27,x,67,89,27,99.3,93,x,x,x,x,30,101,100,x,x,x,x,30.2,102.4,100,27,100,x,x,30.3,101.1,100
"G","East of England","26","Hertfordshire","26UC","Dacorum",,,1622,82,78,90,28,100.5,97,1409,82,79,90,28.2,100.5,98,61,79,72,85,27.6,100.4,97,54,89,78,85,27.4,101.1,87,23,78,74,87,27.4,101,70,6,100,100,100,29.7,100.8,83,5,100,x,100,30.2,103,80,64,59,x,80,25.8,100.1,98
"G","East of England","26","Hertfordshire","26UD","East Hertfordshire",,,1595,85,84,93,28.9,100.7,97,1465,85,84,93,29,100.7,98,34,79,79,79,28.3,100.9,94,19,x,x,x,29.7,100.7,74,4,x,x,x,25,97,50,x,x,x,x,24,99,100,x,x,x,x,33,101,100,69,88,86,86,28.2,100.1,100
"G","East of England","26","Hertfordshire","26UE","Hertsmere",,,1035,85,79,89,28.3,100.3,95,878,85,79,90,28.3,100.3,97,45,84,82,87,28.7,100.9,96,37,92,92,x,30.1,101.4,76,35,89,69,86,27.2,99.9,86,7,100,100,100,30.7,101,86,10,x,x,x,29,100.7,60,23,x,x,x,25.2,99.4,96
"G","East of England","26","Hertfordshire","26UF","North Hertfordshire",,,1469,84,81,92,28.6,100.5,97,1295,84,82,92,28.6,100.5,98,48,81,79,94,28.3,100.6,96,71,90,80,x,28.4,100.5,94,x,x,x,x,26.7,99.4,88,x,x,x,x,27,101,100,x,x,x,x,33,102,100,26,88,x,x,29.2,100.7,100
"G","East of England","26","Hertfordshire","26UG","St Albans",,,1521,89,85,93,29.2,100.8,96,1295,89,86,94,29.4,100.9,97,71,87,83,94,29,100.9,97,82,82,74,83,27.5,100.7,95,27,81,70,85,27.4,100.1,78,6,x,100,100,30.3,101.5,67,7,x,x,x,27.6,101.3,86,33,x,x,x,28.2,101.1,91
"G","East of England","26","Hertfordshire","26UH","Stevenage",,,1158,82,75,87,27.7,100.2,97,1031,83,76,88,27.7,100.2,99,54,83,70,87,27.7,100.2,98,23,70,78,x,26.8,99.9,65,32,69,59,72,25.9,100.5,81,4,x,100,x,29.5,102,75,5,x,x,100,28.2,x,x,9,x,x,x,28.1,100.4,100
"G","East of England","26","Hertfordshire","26UJ","Three Rivers",,,946,83,79,89,28.3,100.6,97,823,83,79,89,28.2,100.5,97,30,90,80,x,28.6,100.7,97,37,92,89,86,29.4,101,89,17,71,56,x,26.3,100.1,88,x,x,x,x,33,106,100,x,x,x,x,31.7,100.7,100,35,86,x,89,28.8,101.3,94
"G","East of England","26","Hertfordshire","26UK","Watford",,,1004,79,74,86,27.6,100.1,95,721,81,76,88,27.8,100.1,98,48,81,77,85,28.1,100.1,94,153,76,69,x,27.1,100.2,87,36,64,58,75,25.9,100,58,x,x,x,x,29,102,100,x,x,x,x,30,103,100,39,62,62,72,25.5,99.5,97
"G","East of England","26","Hertfordshire","26UL","Welwyn Hatfield",,,1118,84,81,91,28.4,100.7,96,985,84,81,91,28.4,100.7,97,33,88,88,91,29.4,101.3,100,33,82,85,x,28.6,101,85,29,x,83,90,28.2,101.5,72,6,x,x,x,27.7,101.3,100,4,100,x,100,30,101.3,75,28,75,x,86,26.9,99.7,93
"G","East of England","33","Norfolk","33UB","Breckland",,,1438,76,73,85,27,99.7,96,1397,76,73,85,27.1,99.7,96,20,75,60,85,25.7,99.1,85,x,x,x,x,27,99,100,4,x,x,x,26.4,99.3,75,x,x,x,x,31,102,100,x,x,x,x,25,x,x,8,x,x,x,27.5,100.3,100
"G","East of England","33","Norfolk","33UC","Broadland",,,1382,84,80,91,28.2,100,98,1334,84,80,91,28.2,99.9,98,16,x,69,x,28.3,100.3,94,8,x,x,x,30,102.7,75,x,x,x,x,25,-,0,5,x,x,x,26.4,101.8,80,x,x,x,x,28,100,75,14,79,x,x,27,99.7,100
"G","East of England","33","Norfolk","33UD","Great Yarmouth",,,1181,70,66,82,26.6,99.5,97,1108,70,66,82,26.5,99.4,98,24,88,67,x,27.8,100.4,92,4,100,100,x,31,101,100,3,x,x,x,23,-,0,0,-,-,-,-,-,-,4,x,x,x,24,101,50,38,x,x,x,27.3,99.8,95
"G","East of England","33","Norfolk","33UE","King's Lynn and West Norfolk",,,1608,77,72,84,27.2,99.8,97,1554,77,72,84,27.2,99.8,98,17,76,76,x,28.4,100.3,82,8,x,x,x,28.5,100.8,63,x,x,x,x,25,106,100,x,x,x,x,30.2,101.6,100,x,x,x,x,25,-,0,21,76,62,81,26.5,98.3,95
"G","East of England","33","Norfolk","33UF","North Norfolk",,,963,82,78,90,27.8,100.1,98,939,82,78,x,27.8,100.1,98,11,100,55,x,27.5,100.2,91,0,-,-,-,-,-,-,0,-,-,-,-,-,-,0,-,-,-,-,-,-,0,-,-,-,-,-,-,13,77,69,x,27.8,99.8,92
"G","East of England","33","Norfolk","33UG","Norwich",,,1204,69,63,78,26.3,99.3,95,1120,69,63,79,26.3,99.3,97,31,81,68,68,27,98.5,81,22,55,55,50,22.6,100,55,13,54,69,69,25.8,x,x,4,100,100,100,31,103,50,6,50,x,x,22.9,100.7,50,8,63,x,x,26.7,100,75
"G","East of England","33","Norfolk","33UH","South Norfolk",,,1309,85,81,92,28.3,100.1,98,1269,x,81,x,28.3,100.1,98,23,x,x,x,28.2,100.2,100,x,x,x,x,29,102,100,0,-,-,-,-,-,-,x,x,x,x,27,102,100,x,x,x,x,29,101,100,12,100,x,100,29.5,100.8,100
"G","East of England","42","Suffolk","42UB","Babergh",,,952,79,75,86,27.7,100,97,914,79,75,x,27.7,100,97,18,72,67,78,26.1,100.1,100,x,x,x,x,30,100,100,x,x,x,x,28,100,100,x,x,x,x,27,100,100,x,x,x,x,33,102,100,14,79,x,x,28.5,100.4,100
"G","East of England","42","Suffolk","42UC","Forest Heath",,,462,74,69,86,26.9,99.8,95,437,x,x,x,26.8,99.7,96,8,x,50,100,27.5,99.7,75,3,x,x,x,24.8,97,67,x,x,x,x,19,98,100,x,x,x,x,27.7,102,100,x,x,x,x,21,94,100,9,x,x,100,28.8,101.3,89
"G","East of England","42","Suffolk","42UD","Ipswich",,,1467,76,70,82,27.1,100,97,1285,77,70,83,27.2,100,98,85,69,68,80,26.6,99.6,99,42,69,62,x,26.1,100.9,81,27,x,52,59,24.5,98.8,78,4,100,100,100,27.5,101.3,75,8,x,50,x,26.8,100.3,75,16,x,63,x,27.9,100.1,88
"G","East of England","42","Suffolk","42UE","Mid Suffolk",,,1044,82,77,89,28,100,98,1028,82,x,x,28,100,98,5,x,x,100,27.4,98,100,x,x,x,x,27,-,0,x,x,x,x,23,98,100,x,x,x,x,29.7,100.7,100,0,-,-,-,-,-,-,6,x,x,x,28.7,99.3,100
"G","East of England","42","Suffolk","42UF","St Edmundsbury",,,1175,78,67,83,27.1,99.4,96,1138,78,67,83,27.1,99.4,97,11,x,x,x,28.5,99,91,8,x,x,x,28.3,x,x,5,x,x,x,27,x,x,x,x,x,x,15,100,100,x,x,x,x,25,102,50,8,x,x,x,30.3,100.6,88
"G","East of England","42","Suffolk","42UG","Suffolk Coastal",,,1324,80,75,88,27.8,100.2,97,1259,80,75,88,27.8,100.2,98,25,68,64,x,26.7,99.7,96,14,x,x,x,29.3,100.9,64,x,x,x,x,30.3,98.7,100,6,x,x,x,27,100.8,83,x,x,x,x,27,-,0,16,x,x,x,30.2,101.1,94
"G","East of England","42","Suffolk","42UH","Waveney",,,1280,74,68,84,26.9,99.4,98,1252,75,68,84,26.9,99.4,98,14,64,71,x,26.6,99.8,93,x,x,x,x,24.3,97.5,67,0,-,-,-,-,-,-,x,x,x,x,28,101,100,0,-,-,-,-,-,-,6,x,x,x,26.3,99.3,100
"H","London",,,"00AA","City of London",,,11,x,x,x,29,100.7,82,7,x,100,100,30.1,100,86,x,x,x,x,27,100,100,x,x,x,x,31,102,100,x,x,x,x,19,-,0,0,-,-,-,-,-,-,x,x,x,x,31,104,100,0,-,-,-,-,-,-
"H","London",,,"00AB","Barking and Dagenham",,,2349,75,70,85,27,100.4,94,1676,74,71,85,27,100.4,98,121,80,72,83,27,100,93,154,75,68,84,26.9,100.7,94,357,79,71,85,27,100.4,77,3,100,100,100,31.7,102,100,26,x,73,x,26.2,101.3,81,12,x,33,x,26.2,99.3,92
"H","London",,,"00AC","Barnet",,,3488,85,82,88,28.4,101,90,2032,86,84,90,28.7,101,94,299,86,81,89,28.6,101.2,92,419,85,83,89,28.5,101.1,93,383,78,68,79,26.6,100.3,77,69,94,x,x,30.6,101.9,83,196,81,78,x,27.2,101,71,90,81,x,86,28.2,101.3,96
"H","London",,,"00AD","Bexley",,,2857,80,74,85,27.6,100.1,96,2340,79,74,86,27.6,100.1,98,111,86,70,86,27.4,99.9,92,118,86,81,86,28.7,100.7,94,194,80,65,82,26.9,100.1,79,29,79,79,79,28.6,100.5,90,15,73,53,73,25.8,100.6,87,50,80,76,86,28.5,100,100
"H","London",,,"00AE","Brent",,,2925,78,72,81,27.2,100.6,87,643,83,77,86,28,100.9,92,202,x,77,88,28,100.7,94,873,80,79,84,27.9,101,87,988,73,62,74,26,100,86,11,x,x,x,30.6,101.8,82,193,70,71,x,26.5,100.8,70,15,x,x,x,27.4,101.7,93
"H","London",,,"00AF","Bromley",,,3351,85,78,88,28.2,100.4,96,2822,85,78,89,28.3,100.4,97,138,88,81,89,28.4,100.3,97,71,80,82,86,28.2,101.3,85,192,80,67,80,26.6,99.9,83,17,x,x,100,30.2,101.1,94,31,x,x,x,26.7,101,87,80,93,83,x,29.3,101.3,100
"H","London",,,"00AG","Camden",,,1394,79,72,86,27.4,100.8,93,623,80,74,86,27.5,100.8,93,147,86,80,90,28.7,100.9,97,284,77,73,84,27,101.1,96,264,76,63,84,26.5,100.3,90,10,100,x,100,29.2,102.2,90,60,x,x,x,27.2,101.7,88,6,x,x,x,28,101,100
"H","London",,,"00AH","Croydon",,,3964,78,73,83,27.2,100.2,93,2195,79,75,86,27.6,100.2,97,299,83,79,89,27.8,100.2,93,413,83,79,79,27.2,100.9,85,935,73,63,76,25.9,99.7,87,14,x,x,x,30,101.8,86,76,72,68,x,26.5,100.7,86,32,x,x,84,28.2,100.3,94
"H","London",,,"00AJ","Ealing",,,3254,79,76,84,27.5,100.8,89,1160,83,80,89,28.4,100.9,94,200,81,75,89,27.8,100.6,97,932,83,79,84,27.9,101.1,90,604,69,63,75,25.7,100.1,83,13,x,x,x,30.6,101.6,85,299,71,72,x,26.2,101,73,46,x,x,85,27.2,100.1,93
"H","London",,,"00AK","Enfield",,,3434,77,73,84,27.4,100.6,92,2037,78,74,86,27.6,100.7,96,239,85,82,92,28.6,100.8,96,256,84,81,84,28.2,101,89,682,71,63,78,26.1,100.1,81,16,100,100,100,32.4,101.8,81,164,66,71,78,26.4,101.1,85,40,75,63,78,27,100.7,90
"H","London",,,"00AL","Greenwich",,,2612,74,69,82,26.9,100.4,92,1628,74,68,82,27,100.3,97,160,78,73,89,27.4,100.4,91,162,75,72,81,27,101.1,84,533,73,68,80,26.4,100.5,78,29,90,86,x,29.1,101.6,93,71,72,76,x,27.1,101.6,93,29,72,69,90,26.2,99.6,90
"H","London",,,"00AM","Hackney",,,2123,69,65,78,26.2,100.3,88,666,68,66,78,26.5,100.6,92,172,x,69,80,26.9,100.1,96,246,75,70,78,26.5,100.7,91,874,69,62,79,25.9,99.9,86,10,x,x,x,30,102,100,142,55,63,x,25.4,101.1,70,13,x,x,x,26.7,99.1,100
"H","London",,,"00AN","Hammersmith and Fulham",,,1168,79,75,86,27.5,100.6,90,508,80,77,89,28,100.7,93,138,86,77,93,28,100.4,96,55,x,x,89,27.7,101.4,93,323,74,68,82,26.6,100.2,86,8,x,100,x,29.6,101.7,75,119,74,76,x,27,101.4,78,17,x,x,100,29.5,101.3,100
"H","London",,,"00AP","Haringey",,,2431,73,68,78,26.6,100.4,88,966,73,71,79,27.2,100.8,90,211,81,73,84,27.7,100.2,93,184,78,74,83,27.3,101,83,868,71,62,76,25.9,99.8,87,11,x,x,100,31,103.3,82,177,62,63,71,25,100.4,83,14,x,x,79,28.8,100,93
"H","London",,,"00AQ","Harrow",,,2380,82,78,87,28,100.4,91,914,83,77,88,28.2,100.2,97,179,84,78,91,28,100.5,93,874,85,85,90,28.6,100.9,87,292,67,55,71,25.4,99.7,82,18,x,100,100,30.7,101.1,94,58,76,84,79,27.1,101.1,81,45,x,78,91,28.2,100.8,91
"H","London",,,"00AR","Havering",,,2913,84,81,91,28.3,100.5,98,2512,85,81,91,28.3,100.5,99,79,89,84,95,29.2,101.3,96,54,x,x,93,29,102.1,81,99,82,78,87,27.7,100.6,80,8,x,x,100,28.8,101.8,100,7,100,100,100,31.6,102.7,86,154,78,69,84,27.4,100.4,98
"H","London",,,"00AS","Hillingdon",,,3010,80,77,88,27.8,100.6,94,1970,80,78,89,28,100.5,98,167,82,76,88,27.9,100.1,92,518,83,79,89,28.1,100.9,92,197,68,56,76,25.5,99.8,79,14,100,100,100,31,101.8,93,85,72,75,81,26.8,101.5,67,59,78,80,86,27.9,100.8,93
"H","London",,,"00AT","Hounslow",,,2498,80,75,87,27.7,101,92,1195,77,75,88,27.6,100.8,97,164,80,74,88,28.1,100.9,93,710,88,83,91,28.6,101.3,92,227,66,58,73,25.6,100.3,75,13,69,x,77,28.4,101.2,92,140,79,73,89,27.5,102,74,49,78,x,86,26.5,101.1,98
"H","London",,,"00AU","Islington",,,1618,74,68,81,26.8,100.7,93,801,75,69,81,26.9,100.7,95,171,80,72,87,27.4,100.6,94,126,72,60,73,26,100.9,94,403,71,65,79,26.3,100.5,88,20,100,100,100,30.3,102.4,95,78,68,67,x,26.6,101.4,83,19,79,79,x,27.8,100,100
"H","London",,,"00AW","Kensington and Chelsea",,,673,x,x,x,28.2,101.6,92,274,x,80,88,28.4,101.6,94,x,x,x,x,28,101.6,94,x,x,x,x,28.7,101.6,83,136,85,77,88,27.8,101.1,93,x,x,x,x,31,-,0,130,75,78,x,28,101.8,89,25,84,84,x,28,102.3,80
"H","London",,,"00AX","Kingston upon Thames",,,1348,86,81,89,28.6,100.9,93,1003,87,81,91,28.6,100.8,98,81,88,80,85,29,100.7,93,132,84,88,88,28.9,101.2,83,27,x,63,x,25.6,100.3,85,16,x,100,100,31.3,102.5,69,67,78,76,x,28.1,101.8,55,22,86,77,x,28.6,101,95
"H","London",,,"00AY","Lambeth",,,2514,76,68,81,26.7,100.3,89,760,76,72,84,27.4,100.7,93,263,81,73,87,27.5,100.3,97,124,81,70,78,26.9,100.7,81,1244,73,62,77,26,99.9,87,18,100,x,100,29.9,101,78,84,76,73,x,26.9,101.3,85,21,81,x,x,28.7,101.2,95
"H","London",,,"00AZ","Lewisham",,,2813,76,70,83,27,100.5,92,1148,77,72,85,27.4,100.7,97,288,78,74,84,27.4,100.4,95,113,75,72,81,27.1,100.9,79,1087,74,66,81,26.4,100.3,87,42,86,88,88,28.6,101.8,98,79,75,71,80,26.6,101.6,86,56,84,77,86,27.6,100.3,98
"H","London",,,"00BA","Merton",,,1683,78,75,85,27.5,100.4,92,913,80,76,88,27.8,100.4,97,146,77,72,81,27.5,100.6,93,270,78,81,x,27.7,100.9,77,292,72,63,76,26,99.6,90,12,x,100,100,30.8,102.2,100,38,x,x,x,29,102.2,66,12,x,x,x,28,100.2,100
"H","London",,,"00BB","Newham",,,3577,75,72,85,26.9,100.8,88,759,69,70,83,26.6,100.5,90,189,81,80,92,27.8,100.9,94,1482,77,74,84,27.1,101.3,88,930,76,69,85,26.6,100.2,87,21,x,x,x,29.9,101.9,90,151,75,77,x,27.3,101.3,72,45,x,x,78,26.7,101.2,89
"H","London",,,"00BC","Redbridge",,,2962,83,79,89,28,100.8,93,1207,83,81,89,28.2,100.7,97,185,87,76,93,28.4,100.7,92,1067,85,81,89,28.1,101,91,380,75,68,82,26.6,100.5,84,23,x,x,x,30.2,101.5,96,32,66,78,x,26.9,101.8,72,68,x,x,90,27.5,100.2,97
"H","London",,,"00BD","Richmond upon Thames",,,1377,88,85,94,29.4,100.9,94,1097,89,86,94,29.5,101,95,86,91,87,97,29.4,100.6,94,85,87,87,95,28.8,100.8,86,x,x,x,x,26.8,100.9,82,x,x,x,x,31.3,103,67,x,x,x,x,28.4,100.8,71,58,83,84,91,28.3,100.7,98
"H","London",,,"00BE","Southwark",,,2620,72,67,78,26.4,100.3,90,940,72,69,80,26.8,100.4,96,200,79,78,87,27.9,100.6,93,107,72,68,83,26.8,100.6,89,1167,71,62,74,25.8,99.9,86,34,82,85,91,28.4,101.3,94,139,73,72,82,26.7,100.9,85,33,64,67,67,25.2,99.6,91
"H","London",,,"00BF","Sutton",,,2258,84,79,89,28.2,100.4,96,1831,83,78,90,28.2,100.3,99,107,88,81,90,28.4,100.4,96,124,89,91,93,29.6,101.4,78,112,81,68,81,27,100,88,13,x,x,x,30.4,102.5,85,28,x,89,x,28.4,100.5,79,43,x,x,86,28,101.2,93
"H","London",,,"00BG","Tower Hamlets",,,2414,77,75,84,27.1,100.9,93,534,74,72,86,27,100.7,95,75,84,83,88,28.5,100.6,93,1515,79,76,84,27.2,101.1,93,221,72,71,82,26.4,100.5,88,16,x,x,x,28.9,101.6,100,48,x,x,x,27.4,100.5,85,5,100,100,x,27.8,100,100
"H","London",,,"00BH","Waltham Forest",,,2833,74,70,81,26.8,100.4,92,1203,76,74,85,27.4,100.7,96,236,77,72,84,27.3,100.3,96,688,72,70,78,26.4,100.3,91,621,70,63,77,25.9,99.8,85,14,x,100,100,29.3,101.4,93,53,70,64,77,26.4,100.3,66,18,x,56,67,25,99.3,94
"H","London",,,"00BJ","Wandsworth",,,1859,81,74,85,27.5,100.5,92,870,84,78,87,28,100.6,96,206,83,75,86,27.8,100,96,238,86,80,84,27.9,101.3,82,457,71,62,79,26,99.9,90,16,100,100,100,31.9,102.4,88,47,85,68,83,26.6,100.9,85,25,84,80,84,28.5,100.7,92
"H","London",,,"00BK","Westminster",,,1095,81,x,84,27.5,101.1,91,417,85,83,87,28.2,101.2,93,105,79,77,85,27.5,100.7,92,138,x,78,86,27.5,101.4,90,203,75,66,78,26.3,100.3,92,10,x,x,x,29.4,101.1,90,212,79,74,x,27,101.5,88,10,x,x,x,29,100.8,80
"J","South East",,,"00LC","Medway",,,3415,77,70,85,27.2,100.1,97,2993,77,69,84,27.2,100,98,100,79,70,89,28.1,100.5,94,97,82,74,x,27.7,100.9,91,48,x,x,90,27.7,100.2,75,8,x,x,x,26.7,101,75,7,100,100,100,28.7,104.5,57,162,77,69,88,27.1,99.8,96
"J","South East",,,"00MA","Bracknell Forest",,,1249,82,78,90,28.1,100.4,96,1150,82,78,90,28.2,100.4,97,34,x,85,x,28.8,100.5,91,21,62,71,86,27.1,100.4,67,16,75,56,x,26.8,x,x,4,x,100,100,29.5,99.5,100,x,x,x,x,28,-,0,x,x,x,x,27.8,100,95
"J","South East",,,"00MB","West Berkshire",,,1664,81,76,87,27.9,100.4,96,1521,83,77,88,28,100.4,96,x,x,x,x,26.6,100.5,93,17,76,59,65,25.8,100.4,82,7,x,x,x,27.6,101,57,x,x,x,x,29,102,100,3,x,x,x,25,96,67,74,x,x,81,26.6,100,96
"J","South East",,,"00MC","Reading",,,1542,76,72,85,27.3,100.7,94,1066,78,75,89,27.8,100.8,98,96,78,75,x,27.3,100.5,93,139,58,53,60,24.9,100.1,86,78,x,x,83,26.4,101.2,63,4,x,x,100,28,100.7,75,9,x,x,x,27.7,x,x,150,75,69,83,26.8,100.2,95
"J","South East",,,"00MD","Slough",,,1553,75,70,81,27,99.8,91,698,77,72,84,27.3,99.8,97,90,77,68,84,27.1,99.4,98,610,76,69,79,26.9,99.9,91,115,64,53,69,25.2,99.7,60,5,100,100,100,30.6,102,60,14,79,x,100,28.3,101.7,50,21,71,x,71,26.2,98.8,86
"J","South East",,,"00ME","Windsor and Maidenhead",,,1291,85,80,91,28.6,100.6,95,1087,87,82,92,28.7,100.7,96,47,x,85,x,29.4,100.5,85,97,67,63,73,26.1,100.1,87,4,100,x,100,27,101.3,75,x,x,x,x,27,100,100,7,x,x,x,27,100.7,86,x,x,x,x,28.7,100.2,90
"J","South East",,,"00MF","Wokingham",,,1787,86,82,90,28.8,100.7,96,1567,86,82,91,28.8,100.6,97,60,87,82,x,29.2,101.3,93,81,78,78,80,28,100.9,88,15,x,80,x,28.7,100.8,87,8,x,x,x,30.5,102,88,8,x,x,100,31,102.6,88,48,81,x,85,28,100.4,92
"J","South East",,,"00MG","Milton Keynes",,,2879,73,70,84,27,100,94,2384,73,71,85,27.1,100,97,121,71,68,84,26.5,100.3,89,174,66,65,x,26.1,99.9,80,132,63,53,71,24.9,99.6,66,18,83,100,100,30,102,61,10,x,x,x,28,x,x,40,x,x,x,27.7,100.5,100
"J","South East",,,"00ML","Brighton and Hove",,,2322,77,72,86,27.5,100.4,96,2027,77,72,86,27.5,100.4,97,112,78,79,89,28.1,100.6,90,51,82,71,78,27,100.4,84,42,71,67,76,26.4,101.1,79,8,x,100,100,29,102.8,63,27,67,67,89,26.8,100.6,74,55,x,75,89,27.7,100.3,96
"J","South East",,,"00MR","Portsmouth",,,2043,75,67,83,26.8,99.6,96,1835,75,67,83,26.8,99.6,98,41,73,71,x,26.8,99.3,93,75,65,67,75,26.2,100.3,85,8,x,x,x,26.8,x,x,9,67,x,x,29.8,102.4,56,6,50,x,50,24.3,x,x,69,x,58,75,25.8,99.1,94
"J","South East",,,"00MS","Southampton",,,2233,74,71,86,27.2,100.1,96,1921,74,71,86,27.2,100.1,98,89,72,71,x,27.4,100.2,97,132,79,75,87,27.3,100.4,85,27,48,52,63,24.8,x,x,9,67,100,100,29.9,102.7,67,15,x,x,x,28.3,101.3,73,40,x,x,70,25.4,99,100
"J","South East",,,"00MW","Isle of Wight",,,1559,77,69,87,27.1,99.4,98,1385,77,69,87,27,99.4,98,17,x,x,x,27.4,99.4,100,x,x,x,x,28.5,100.4,63,x,x,x,x,28,100,100,0,-,-,-,-,-,-,0,-,-,-,-,-,-,147,77,68,x,27.2,99.5,99
"J","South East","11","Buckinghamshire","11UB","Aylesbury Vale",,,2046,82,76,89,28.1,100.2,96,1768,84,78,90,28.3,100.2,97,x,x,x,x,27.3,99.8,92,109,58,53,x,24.7,99.2,86,23,65,48,74,25.1,100.3,65,5,x,x,x,28.2,100,100,x,x,x,x,19,98,100,79,84,81,94,29,100.8,97
"J","South East","11","Buckinghamshire","11UC","Chiltern",,,1024,87,84,91,29.2,100.6,96,879,88,85,92,29.3,100.6,96,x,x,x,x,30,101,91,49,67,67,80,26.7,100.6,86,x,x,x,x,26,102,50,7,100,100,100,31.6,102,100,4,x,x,x,25.5,100.5,100,51,x,x,88,28.1,99.9,98
"J","South East","11","Buckinghamshire","11UE","South Bucks",,,640,84,78,90,28.5,100.2,95,547,83,78,x,28.5,100.2,96,26,x,85,x,29.3,100.1,100,x,x,x,x,28.5,100.4,82,x,x,x,x,29,-,0,5,x,x,x,30.6,101.2,100,3,100,100,x,28.3,102,67,13,x,x,x,27.3,99.3,92
"J","South East","11","Buckinghamshire","11UF","Wycombe",,,1917,84,78,87,28.3,100.4,95,1462,87,82,91,28.9,100.4,97,102,80,75,87,27.3,100.4,93,259,68,60,x,25.5,100,93,55,x,x,75,25.5,99.9,82,4,100,100,100,30.5,102,100,6,x,100,x,27.7,100,50,29,x,x,x,30.6,101.5,100
"J","South East","21","East Sussex","21UC","Eastbourne",,,993,73,74,85,27.2,100.1,96,861,72,74,84,27.2,100.1,98,35,83,83,x,28,99.9,91,15,67,67,67,23.1,x,x,11,x,x,100,27.7,x,x,5,x,100,100,29,100.5,80,9,56,x,x,26.8,101.7,67,57,x,68,91,28,99.9,95
"J","South East","21","East Sussex","21UD","Hastings",,,1040,73,70,80,26.8,100.5,97,931,74,70,81,26.9,100.5,97,31,81,71,81,27.3,100.8,97,6,x,x,x,23.3,99.6,83,5,x,x,x,22.2,100.8,100,3,x,100,x,30.3,102,100,4,x,x,x,18,99.3,75,60,73,77,83,26.8,100.7,97
"J","South East","21","East Sussex","21UF","Lewes",,,996,78,73,88,27.5,100.2,97,892,78,74,88,27.5,100.2,98,19,68,58,x,26.8,98.9,89,8,x,x,100,27.8,102,88,5,x,x,x,21.8,102,100,x,x,x,x,23,100,100,x,x,x,x,29,99,100,68,81,76,82,27.8,100.7,97
"J","South East","21","East Sussex","21UG","Rother",,,880,78,75,87,27.6,100.5,97,814,79,76,87,27.6,100.5,97,13,x,x,100,29.3,102.3,100,x,x,x,x,29.5,101,50,x,x,x,x,25,98,50,3,x,x,x,24.3,100.7,100,3,x,100,x,24.3,x,x,41,61,x,x,26,99.9,98
"J","South East","21","East Sussex","21UH","Wealden",,,1585,84,80,90,28.2,100.7,97,1429,85,81,91,28.3,100.7,97,18,x,x,83,27.9,100.5,89,x,x,x,x,23.3,98.8,67,x,x,x,x,25,102,50,5,x,100,x,30.2,100.8,100,0,-,-,-,-,-,-,119,80,71,90,27.6,100.5,100
"J","South East","24","Hampshire","24UB","Basingstoke and Deane",,,1929,80,76,89,28,100.3,96,1754,81,77,89,28,100.3,97,39,77,74,79,28.8,100.7,90,27,70,74,81,27.3,101.2,67,21,71,62,86,26,98.7,52,6,100,100,100,32,103.3,100,0,-,-,-,-,-,-,82,72,71,85,27.3,100.4,98
"J","South East","24","Hampshire","24UC","East Hampshire",,,1275,83,80,91,28.5,100.3,96,1173,84,81,92,28.6,100.3,96,9,100,100,100,29.7,101.7,78,8,38,38,x,20.6,96.8,63,x,x,x,x,21,-,0,x,x,x,x,31,105,100,x,x,x,x,23,-,0,81,x,x,89,27.5,100.3,99
"J","South East","24","Hampshire","24UD","Eastleigh",,,1442,84,81,93,28.6,100.8,97,1339,85,81,93,28.6,100.8,98,19,79,63,x,27.7,100.3,100,25,76,64,x,27.1,100,80,4,x,x,x,27,-,0,5,x,100,100,28.2,100.4,100,5,x,100,100,28.2,x,x,45,82,x,x,29.3,101.5,100
"J","South East","24","Hampshire","24UE","Fareham",,,1226,84,80,93,28.4,100.4,97,1171,84,80,93,28.4,100.4,98,14,x,79,x,29.1,100.6,93,x,x,x,x,28.4,99.7,100,4,100,100,100,30.5,x,x,5,x,x,x,27.4,100.8,100,x,x,x,x,27,100,50,23,x,x,x,28.1,100.4,91
"J","South East","24","Hampshire","24UF","Gosport",,,945,76,67,84,26.8,99.6,98,880,76,67,84,26.8,99.6,98,6,100,x,100,29.3,100.3,100,x,x,x,x,31,100,100,3,x,x,x,27,99.3,100,5,x,100,x,29.4,100.5,80,x,x,x,x,29,100,50,x,x,x,x,26.5,99.2,100
"J","South East","24","Hampshire","24UG","Hart",,,972,90,87,96,29.5,100.8,95,912,90,88,x,29.5,100.8,96,22,x,86,x,29.5,101.1,86,x,x,x,x,29.4,101.4,70,4,x,x,x,26.5,98,75,6,x,100,100,30.7,102.8,83,x,x,x,x,23,-,0,17,x,x,100,30.1,100.9,94
"J","South East","24","Hampshire","24UH","Havant",,,1390,73,72,85,27,99.9,97,1314,74,72,85,27,99.9,98,8,x,x,x,29.6,101.2,63,4,x,x,x,27.5,102,75,4,x,x,x,26,x,x,4,100,100,100,30.8,102,100,4,x,x,x,28.5,x,x,52,63,69,87,26.1,99.6,98
"J","South East","24","Hampshire","24UJ","New Forest",,,1863,84,80,92,28.5,100.6,97,1769,84,81,92,28.5,100.6,97,17,x,76,x,28.4,99.5,94,x,x,x,x,27,101,50,x,x,x,x,23,98,100,0,-,-,-,-,-,-,0,-,-,-,-,-,-,68,x,x,85,27.7,100.3,96
"J","South East","24","Hampshire","24UL","Rushmoor",,,1076,78,75,87,27.6,100,93,950,78,75,87,27.6,99.9,96,23,78,78,x,27.7,100.5,96,33,70,82,76,26.7,x,x,13,77,69,x,27.2,x,x,3,100,x,x,27,100,100,7,57,x,x,25.6,x,x,47,89,x,94,28.7,100.3,98
"J","South East","24","Hampshire","24UN","Test Valley",,,1306,83,77,91,28.3,100.4,96,1184,84,77,91,28.4,100.5,97,23,78,74,x,27.7,100.5,96,x,x,x,x,30.1,101.8,100,3,x,x,x,27,99.3,100,x,x,x,x,33,100,50,4,x,x,100,27,100.5,100,81,x,70,x,27.4,99.9,94
"J","South East","24","Hampshire","24UP","Winchester",,,1074,85,81,91,28.6,100.4,95,1035,85,82,91,28.7,100.4,95,15,x,x,100,29.9,100.8,87,4,100,x,x,28.5,100,75,x,x,x,x,25,-,0,x,x,x,x,23,-,0,x,x,x,x,33,-,0,17,x,x,59,24.1,97.1,82
"J","South East","29","Kent","29UB","Ashford",,,1396,78,71,84,27.3,99.9,96,1260,77,71,84,27.2,99.9,97,32,91,91,x,29.7,101.3,94,x,x,x,x,27.6,102.3,50,9,x,67,x,26.3,x,x,x,x,x,x,32,100,100,3,100,100,x,30.3,102,67,74,x,x,76,27,99.5,97
"J","South East","29","Kent","29UC","Canterbury",,,1497,76,71,84,27.3,100.2,96,1373,76,71,85,27.3,100.2,97,33,76,76,x,27.6,100.1,88,10,70,60,x,27,100.8,50,10,60,50,60,25.4,x,x,4,100,100,100,32,100,50,4,x,x,x,25,100,100,63,x,x,78,27.4,100.4,98
"J","South East","29","Kent","29UD","Dartford",,,1132,76,73,85,27.2,100.5,98,978,76,73,85,27.1,100.4,99,32,84,75,x,28,101,94,31,90,90,100,29.8,102.5,87,28,86,86,79,27.9,100.5,86,3,x,x,x,24.3,101,67,5,x,x,x,27,102,80,55,x,x,x,26.7,100.7,100
"J","South East","29","Kent","29UE","Dover",,,1259,75,70,83,26.9,100.2,98,1208,75,69,83,26.9,100.2,98,14,x,x,x,28.3,100.3,93,x,x,x,x,27,104,50,3,x,100,x,28.3,102,67,x,x,x,x,29,102,100,0,-,-,-,-,-,-,29,x,x,x,27.2,100.4,100
"J","South East","29","Kent","29UG","Gravesham",,,1245,73,71,83,27.1,99.8,97,1021,74,71,83,27.1,99.7,99,24,67,67,x,26.6,99.7,96,124,84,78,86,28,100.4,94,23,65,65,74,26.3,99.7,65,x,x,x,x,29,102,100,5,x,x,x,27.8,100.5,80,x,x,x,x,24.7,100,98
"J","South East","29","Kent","29UH","Maidstone",,,1760,79,74,85,27.7,100.2,97,1583,79,74,85,27.7,100.2,98,33,91,79,x,28.6,100.4,91,28,68,79,68,26.7,100.9,64,4,100,x,x,29.5,100.5,100,5,x,100,100,30.6,104,80,3,x,x,x,23,x,x,104,x,x,86,27.5,100.3,96
"J","South East","29","Kent","29UK","Sevenoaks",,,1245,82,78,88,28.1,100.7,97,1147,82,78,88,28.1,100.7,97,21,x,86,x,29,100.8,86,4,100,100,100,30,99.5,100,8,x,63,x,25.8,98.5,100,3,x,x,x,25.7,101,67,x,x,x,x,27,100,100,x,x,x,x,28.1,101.1,98
"J","South East","29","Kent","29UL","Shepway",,,1234,75,71,84,27,100,96,1160,75,71,85,27.1,100,98,19,x,74,x,28.7,100.3,100,x,x,x,x,25.4,x,x,5,x,x,x,24.6,99,80,x,x,x,x,31,100,100,x,x,x,x,25,100,50,29,x,x,69,25.5,99.6,93
"J","South East","29","Kent","29UM","Swale",,,1682,69,63,81,26.5,99.9,98,1602,68,63,81,26.4,99.9,98,16,x,x,x,27.9,101.5,94,9,100,x,x,28.6,100.7,100,8,100,63,x,27,99,100,x,x,x,x,21,96,100,x,x,x,x,29,102,100,x,x,x,x,27.7,100.8,98
"J","South East","29","Kent","29UN","Thanet",,,1548,71,61,76,26.3,99.7,97,1450,71,60,76,26.2,99.6,97,31,84,74,87,27.3,100.6,84,11,x,73,x,28.1,100.8,73,6,x,x,x,25.7,99.5,67,3,100,100,x,30.3,102.7,100,7,57,x,x,26.1,100.3,86,40,x,x,x,27.8,100.6,100
"J","South East","29","Kent","29UP","Tonbridge and Malling",,,1392,83,78,89,28.1,100.3,98,1287,83,78,89,28.2,100.3,99,x,x,x,x,28.8,100.5,84,10,x,60,x,26,99,100,4,x,x,x,25.5,101,100,3,100,100,x,30.3,100.7,100,x,x,x,x,27,100,100,61,x,x,x,26.7,100.1,98
"J","South East","29","Kent","29UQ","Tunbridge Wells",,,1155,82,79,89,28.4,100.7,96,1051,82,79,89,28.3,100.7,97,29,86,86,x,29.8,101.5,90,10,x,70,x,28,101.8,80,4,100,x,x,28.5,101.3,75,x,x,x,x,29,101,100,9,67,56,x,25.2,x,x,x,x,x,x,28.9,101.2,98
"J","South East","38","Oxfordshire","38UB","Cherwell",,,1526,80,74,88,27.8,100.3,97,1370,82,75,89,27.9,100.4,98,44,75,68,77,27,99.8,93,55,58,58,69,24.9,98.8,93,4,x,x,x,23,x,x,3,100,100,x,29,100,67,3,x,x,x,21,100,67,47,x,x,x,28.6,100.9,98
"J","South East","38","Oxfordshire","38UC","Oxford",,,1163,70,64,77,26.2,99.7,91,807,72,67,78,26.5,99.7,97,79,70,65,78,26.3,99.4,84,152,69,57,x,25.5,99.9,89,78,62,47,65,24.5,98.8,64,12,75,100,x,28.2,101.7,58,24,67,50,71,26.1,x,x,11,45,55,x,26.1,99.3,82
"J","South East","38","Oxfordshire","38UD","South Oxfordshire",,,1359,84,76,89,28.2,100.7,96,1258,84,77,90,28.3,100.7,97,29,76,66,79,26.9,99.9,86,6,100,x,100,29,100.8,83,5,x,x,100,26.6,100.5,80,3,100,x,x,29,101.3,100,x,x,x,x,27,96,50,x,x,x,x,27.6,100.8,100
"J","South East","38","Oxfordshire","38UE","Vale of White Horse",,,1230,83,80,89,28.4,100.7,96,1095,84,81,90,28.5,100.7,96,29,90,72,x,28.3,101.7,86,8,x,x,x,28.3,101.4,88,6,x,x,50,23.7,99.2,83,11,x,x,100,30.3,102,73,6,x,50,x,25.3,100,67,75,67,69,88,27.4,100.4,99
"J","South East","38","Oxfordshire","38UF","West Oxfordshire",,,1107,85,78,91,28.3,100.7,96,1046,86,79,91,28.3,100.7,96,25,88,68,88,27.8,100.3,92,8,x,63,x,25.8,100.3,75,0,-,-,-,-,-,-,x,x,x,x,27,100,100,0,-,-,-,-,-,-,x,x,x,x,26.2,100.6,93
"J","South East","43","Surrey","43UB","Elmbridge",,,1003,87,81,92,28.7,100.4,95,886,86,81,92,28.7,100.4,96,36,x,89,x,30.1,100.8,94,26,81,73,x,27.8,100.3,69,6,100,x,100,28.3,101,67,4,100,x,100,30.5,100.5,100,5,x,100,100,29,100.5,80,40,x,x,x,29.2,100.3,100
"J","South East","43","Surrey","43UC","Epsom and Ewell",,,725,87,80,92,28.7,100.6,96,634,86,79,91,28.6,100.4,97,17,100,x,x,30.6,101.8,100,40,93,88,x,29.5,101.8,80,9,100,x,100,29.2,102.9,78,5,100,x,x,30.6,101.2,100,x,x,x,x,32,102,100,x,x,x,x,27.4,100.4,100
"J","South East","43","Surrey","43UD","Guildford",,,1192,83,79,90,28.4,100.4,95,1132,83,79,90,28.5,100.4,95,18,78,x,83,28,99.6,89,18,x,83,100,29.7,100.9,72,3,x,x,x,21.7,97,67,x,x,x,x,30,101,100,x,x,x,x,26,102,50,17,65,76,x,26.8,100.1,94
"J","South East","43","Surrey","43UE","Mole Valley",,,824,83,78,89,28.2,100.2,96,752,84,78,89,28.2,100.2,96,20,x,x,100,29.7,100.9,95,x,x,x,x,28,100.5,67,0,-,-,-,-,-,-,0,-,-,-,-,-,-,x,x,x,x,30,101,100,38,x,x,x,27.6,100.2,95
"J","South East","43","Surrey","43UF","Reigate and Banstead",,,1217,84,80,90,28.4,100.5,95,1100,84,81,91,28.4,100.5,96,33,x,85,x,29.3,101.4,85,x,x,x,x,27.9,101.2,83,11,73,64,73,25.5,98.4,82,x,x,x,x,31,105,100,11,x,73,x,27.5,101.8,82,25,x,x,88,28.2,100.5,96
"J","South East","43","Surrey","43UG","Runnymede",,,720,82,78,90,28.4,100.6,96,661,83,78,90,28.5,100.6,97,12,75,67,x,28,101.3,92,14,x,x,x,28.9,102.3,50,3,100,100,x,30.3,102,67,x,x,x,x,31,-,0,0,-,-,-,-,-,-,x,x,x,x,26.9,100.8,100
"J","South East","43","Surrey","43UH","Spelthorne",,,1010,81,74,87,27.7,100.2,98,918,80,74,87,27.6,100.1,98,29,x,76,90,28.8,100.8,86,22,x,86,x,28.6,101.5,86,8,x,63,x,27.8,99,75,6,x,x,x,27.3,100.7,100,x,x,x,x,27,100,100,x,x,x,x,28.2,100.6,100
"J","South East","43","Surrey","43UJ","Surrey Heath",,,950,89,82,92,29.1,100.8,96,836,89,83,92,29.1,100.7,98,20,x,80,x,29.2,100.8,95,36,89,89,89,29.3,101.7,58,4,x,100,x,28.5,98.7,75,7,100,x,100,29.9,102,57,9,x,67,x,28.3,102,89,38,89,x,x,28.7,100.5,97
"J","South East","43","Surrey","43UK","Tandridge",,,773,85,78,89,28.4,100.4,96,704,85,78,90,28.4,100.4,97,26,x,77,85,28.2,100.3,96,10,60,70,x,25.4,100.8,50,4,100,x,100,28,98,100,4,x,100,100,28,99.3,75,4,x,x,x,24,98.5,100,21,x,x,x,28.1,99.7,100
"J","South East","43","Surrey","43UL","Waverley",,,1101,89,85,94,29.3,100.8,96,999,89,85,94,29.3,100.8,96,12,x,75,x,28.3,99.8,83,7,x,x,x,28.4,102.4,71,5,x,100,100,29,100,80,3,100,x,100,27.7,100,100,4,x,x,x,26.5,102.7,75,71,79,85,96,28.9,101.4,94
"J","South East","43","Surrey","43UM","Woking",,,965,83,77,88,28.2,100.5,94,777,85,79,92,28.5,100.7,96,37,86,86,86,29,101.4,84,106,71,58,68,25.9,99.4,87,6,50,x,x,25,99.3,50,3,100,100,x,31,101.3,100,5,x,x,x,26.2,99.6,100,31,x,x,x,27.8,99.9,87
"J","South East","45","West Sussex","45UB","Adur",,,661,75,69,87,27.1,99.8,98,538,76,70,88,27.3,99.8,98,20,85,80,x,28.7,100.7,95,x,x,x,x,27.9,100.4,100,5,100,x,x,27,99.6,100,0,-,-,-,-,-,-,x,x,x,x,27,102,100,88,x,61,82,25.9,99.8,99
"J","South East","45","West Sussex","45UC","Arun",,,1513,76,71,86,27.3,99.8,97,1296,78,72,87,27.4,99.7,98,x,x,x,x,28.3,100.6,97,5,x,x,x,26.2,103.5,80,7,x,x,57,24.3,x,x,3,x,x,x,26.3,100.7,100,x,x,x,x,31,102,100,170,66,66,83,26.6,99.8,98
"J","South East","45","West Sussex","45UD","Chichester",,,1038,80,76,88,27.8,99.9,96,890,81,78,90,28,100,97,12,x,75,x,28.7,100.2,83,5,x,x,x,24.6,101,80,x,x,x,x,27,102,100,x,x,x,x,26,102,50,3,100,100,100,29.7,103,67,124,74,x,76,26.8,99.5,92
"J","South East","45","West Sussex","45UE","Crawley",,,1346,71,68,82,26.5,99.5,96,1008,74,70,84,26.9,99.5,97,x,x,x,x,27.1,100.8,98,137,66,66,71,25.5,99.4,88,14,71,43,79,24.6,x,x,x,x,x,x,27,102,100,5,x,100,x,27,101.3,60,138,55,57,73,25.1,99.3,99
"J","South East","45","West Sussex","45UF","Horsham",,,1428,84,82,91,28.5,100.2,97,1268,84,83,92,28.6,100.2,98,32,x,100,x,30,100.6,81,8,x,x,63,27,98.7,75,x,x,x,x,25,-,0,x,x,x,x,31,99,100,0,-,-,-,-,-,-,116,77,73,x,27.1,100,96
"J","South East","45","West Sussex","45UG","Mid Sussex",,,1459,84,83,94,28.4,100.4,96,1278,84,83,94,28.5,100.4,96,20,x,x,x,28.5,100.1,80,12,x,x,100,28.7,101.6,83,6,x,50,x,25.7,x,x,3,x,100,x,30.3,x,x,5,x,x,x,27,102,60,135,79,79,94,28.1,100.5,97
"J","South East","45","West Sussex","45UH","Worthing",,,1036,77,74,89,27.5,100,95,892,78,75,90,27.6,100,97,28,68,57,x,26.6,99.3,86,17,71,76,76,26.6,100.9,65,x,x,x,x,21,-,0,x,x,x,x,31,100,50,x,x,x,x,23,94,50,93,x,x,90,27.5,100.2,97
"K","South West",,,"00HA","Bath and North East Somerset",,,1792,83,80,89,28.3,100.3,97,1662,83,80,89,28.4,100.3,98,44,82,75,x,27.6,99.5,93,7,x,x,x,27.3,x,x,10,x,70,x,28.2,100,70,5,100,100,x,29.8,100,80,3,100,x,x,27,100.7,100,61,x,x,85,27.5,100.2,97
"K","South West",,,"00HB","Bristol, City of",,,4021,71,67,80,26.6,99.8,95,3311,72,69,82,26.9,99.9,98,249,69,59,78,26.2,99.6,95,173,69,57,68,25.4,99.4,82,233,52,52,63,24.2,99.5,65,18,72,x,x,27.8,101.5,83,23,70,83,x,27.4,101.3,52,14,79,x,x,26.4,99.7,100
"K","South West",,,"00HC","North Somerset",,,2156,85,79,91,28.3,100.4,96,1799,85,79,91,28.4,100.4,96,x,x,x,x,28.6,99.8,92,10,x,x,100,27.2,101.3,60,x,x,x,x,29,-,0,3,100,100,x,31,x,x,5,x,x,x,24.6,100.5,80,300,82,78,x,27.8,100.2,96
"K","South West",,,"00HD","South Gloucestershire",,,3165,83,78,90,28.1,100.4,97,3005,83,78,90,28,100.3,98,68,90,82,94,29.3,100.5,93,37,86,86,x,28.4,101.6,81,17,82,53,71,25.9,x,x,9,x,x,x,30.9,102.3,78,8,x,63,x,26.8,x,x,21,x,x,x,29.8,100.7,95
"K","South West",,,"00HG","Plymouth",,,2922,77,75,87,27.6,100.6,96,2637,77,75,87,27.6,100.6,96,35,91,91,x,29.2,101.2,94,13,69,62,77,25.8,99.1,69,6,50,x,x,25.3,98,50,10,x,100,100,31,103.3,60,8,x,x,x,27,101.5,50,213,77,72,90,27.3,100.6,100
"K","South West",,,"00HH","Torbay",,,1470,78,73,85,27.4,100.2,97,1422,78,73,85,27.3,100.2,97,18,78,83,x,29.1,100.7,94,7,x,100,100,30.7,102.8,71,x,x,x,x,23,98,100,6,100,100,100,30.7,100.7,100,x,x,x,x,31,104,100,x,x,x,x,28.3,101,93
"K","South West",,,"00HN","Bournemouth",,,1505,77,74,86,27.5,100.2,97,1412,77,74,85,27.5,100.1,98,39,74,79,x,28.1,100.7,92,19,53,74,79,26.3,101.3,74,4,x,x,x,24.5,97,50,x,x,x,x,29,102,100,14,79,x,x,29.6,102.4,71,x,x,x,x,25.9,99.8,100
"K","South West",,,"00HP","Poole",,,1500,80,77,89,28,100.2,97,1386,80,77,89,28.1,100.2,98,24,x,88,x,29.7,100.2,92,9,100,x,100,29.9,102.7,67,3,x,x,x,22.3,98,67,x,x,x,x,31,104,100,x,x,x,x,32,102,50,74,70,x,x,26.8,100.1,97
"K","South West",,,"00HX","Swindon",,,2395,76,75,87,27.5,100.3,96,2146,76,75,88,27.6,100.3,98,50,80,82,86,28.2,100.6,90,84,65,70,83,26.6,101,65,10,x,60,70,26,99.4,70,11,x,100,100,30.6,102.2,100,12,x,75,x,27.4,100.3,50,82,76,66,x,26,100.1,96
"K","South West","15","Cornwall and Isles of Scilly","15UB","Caradon",,,948,81,76,89,27.9,100.8,98,924,81,76,89,28,100.8,98,3,100,100,x,29,100.7,100,0,-,-,-,-,-,-,0,-,-,-,-,-,-,x,x,x,x,33,102,100,0,-,-,-,-,-,-,x,x,x,x,26,99.9,100
"K","South West","15","Cornwall and Isles of Scilly","15UC","Carrick",,,924,81,76,88,27.9,100.4,96,873,80,75,x,27.8,100.4,96,12,100,100,100,30.8,100.9,92,3,x,100,x,29,100,100,x,x,x,x,27,98,100,x,x,x,x,29,-,0,x,x,x,x,27,101,100,32,x,x,x,29.8,101.3,100
"K","South West","15","Cornwall and Isles of Scilly","15UD","Kerrier",,,1080,77,72,84,27.5,100.4,97,998,77,72,84,27.5,100.4,97,6,100,100,x,30.5,101.8,100,x,x,x,x,21,104,100,x,x,x,x,21,100,100,x,x,x,x,27,101,100,x,x,x,x,23,98,100,71,x,x,86,27.7,100.5,99
"K","South West","15","Cornwall and Isles of Scilly","15UE","North Cornwall",,,953,76,73,84,27.4,100,96,904,77,74,85,27.4,100.1,97,7,x,57,x,26.4,100,86,x,x,x,x,24,100,50,x,x,x,x,21,-,0,x,x,x,x,31,102,100,3,100,x,100,27.7,100,67,35,71,54,x,26.2,99.6,94
"K","South West","15","Cornwall and Isles of Scilly","15UF","Penwith",,,697,78,73,86,27.4,100.4,97,609,78,74,87,27.5,100.6,97,x,x,x,x,27.6,100.4,94,0,-,-,-,-,-,-,x,x,x,x,27,98,100,0,-,-,-,-,-,-,x,x,x,x,31,98,100,70,x,x,x,26.7,99,99
"K","South West","15","Cornwall and Isles of Scilly","15UG","Restormel",,,1177,77,74,85,27.5,100.2,97,1002,77,73,85,27.4,100.2,96,15,x,x,x,28.3,101.7,87,x,x,x,x,24,104,100,x,x,x,x,27,-,0,x,x,x,x,25,100,100,0,-,-,-,-,-,-,155,79,81,x,28.1,100.3,100
"K","South West","15","Cornwall and Isles of Scilly","15UH","Isles of Scilly",,,23,78,x,x,28.6,99.9,100,0,-,-,-,-,-,-,0,-,-,-,-,-,-,0,-,-,-,-,-,-,0,-,-,-,-,-,-,0,-,-,-,-,-,-,0,-,-,-,-,-,-,23,78,87,87,28.6,99.9,100
"K","South West","18","Devon","18UB","East Devon",,,1290,85,82,92,28.5,100.7,97,1249,85,82,92,28.4,100.7,97,10,100,x,100,30.2,101.4,100,x,x,x,x,26,101,100,x,x,x,x,23,-,0,x,x,x,x,32,104,100,0,-,-,-,-,-,-,26,x,81,x,29.1,101.2,96
"K","South West","18","Devon","18UC","Exeter",,,1039,75,71,83,27.1,100,95,982,74,70,82,27,100,97,17,x,x,x,29.1,100.4,88,15,80,x,100,28.5,101.6,67,6,100,x,x,28.3,100.7,50,0,-,-,-,-,-,-,9,x,x,x,27.2,x,x,10,x,x,x,28.4,101.1,100
"K","South West","18","Devon","18UD","Mid Devon",,,828,77,76,88,27.6,100.3,97,802,77,76,89,27.6,100.3,97,3,100,100,x,29,102,100,0,-,-,-,-,-,-,0,-,-,-,-,-,-,x,x,x,x,33,104,100,x,x,x,x,31,106,50,x,x,x,x,26.4,100.4,100
"K","South West","18","Devon","18UE","North Devon",,,1149,75,74,86,27.4,100,97,1111,75,74,86,27.4,100,97,9,x,56,x,26.3,98.4,100,3,100,100,x,27.7,101.3,100,x,x,x,x,21,94,50,0,-,-,-,-,-,-,x,x,x,x,33,101,100,22,x,x,86,28.9,100.1,100
"K","South West","18","Devon","18UG","South Hams",,,920,83,79,88,28.1,100.3,96,882,83,79,88,28.2,100.3,96,11,100,73,100,28.1,100.9,100,0,-,-,-,-,-,-,0,-,-,-,-,-,-,x,x,x,x,30,103,100,3,x,100,x,25,x,x,x,x,x,x,25.6,98.8,100
"K","South West","18","Devon","18UH","Teignbridge",,,1356,82,78,88,28,100.4,96,1312,82,78,88,28,100.4,97,18,83,78,x,28.6,100.3,89,x,x,x,x,31,-,0,5,x,x,x,28.2,102,80,3,x,100,x,28.3,x,x,x,x,x,x,31,104,100,x,x,x,x,27.7,99.9,93
"K","South West","18","Devon","18UK","Torridge",,,747,79,75,87,27.5,100.5,96,728,80,76,x,27.5,100.5,96,7,x,x,x,27,98.6,100,0,-,-,-,-,-,-,3,x,x,x,23,97.3,100,0,-,-,-,-,-,-,x,x,x,x,31,-,0,x,x,x,x,27.3,99.6,88
"K","South West","18","Devon","18UL","West Devon",,,532,81,77,91,28.1,100.5,97,519,x,x,x,28.1,100.4,97,6,x,x,x,27,101,100,0,-,-,-,-,-,-,0,-,-,-,-,-,-,0,-,-,-,-,-,-,x,x,x,x,32,109,100,x,x,x,x,30.7,102,80
"K","South West","19","Dorset","19UC","Christchurch",,,472,86,83,93,28.3,101,97,453,x,x,x,28.3,101,97,9,100,x,100,29.9,102.3,89,x,x,x,x,29,101,100,0,-,-,-,-,-,-,0,-,-,-,-,-,-,0,-,-,-,-,-,-,x,x,x,x,27.5,100.3,100
"K","South West","19","Dorset","19UD","East Dorset",,,888,86,82,94,28.8,101,97,863,86,82,94,28.8,101,97,4,100,x,100,29.5,100.5,100,x,x,x,x,33,102,50,0,-,-,-,-,-,-,0,-,-,-,-,-,-,0,-,-,-,-,-,-,x,x,x,x,28.5,100.9,89
"K","South West","19","Dorset","19UE","North Dorset",,,680,80,75,87,27.5,100.1,95,650,81,75,x,27.4,100.1,95,6,x,x,x,30,99.4,83,x,x,x,x,23,98,100,x,x,x,x,27,100,100,0,-,-,-,-,-,-,x,x,x,x,21,-,0,20,75,75,x,28,100.8,95
"K","South West","19","Dorset","19UG","Purbeck",,,518,78,73,88,27.6,99.9,97,498,79,73,88,27.7,99.9,97,9,x,x,100,28.3,100,89,0,-,-,-,-,-,-,0,-,-,-,-,-,-,0,-,-,-,-,-,-,0,-,-,-,-,-,-,11,x,x,73,24.3,100.9,100
"K","South West","19","Dorset","19UH","West Dorset",,,1058,82,78,91,28.2,100.7,96,1019,82,78,91,28.3,100.7,97,18,83,78,x,28.4,101.9,94,5,x,x,x,24.6,x,x,x,x,x,x,23,98,100,x,x,x,x,31,102,100,x,x,x,x,26,106,50,12,75,x,x,27.5,101.2,83
"K","South West","19","Dorset","19UJ","Weymouth and Portland",,,698,79,76,85,27.5,100,98,678,80,77,86,27.6,100,97,6,x,100,x,30.3,101,100,x,x,x,x,22,98,100,x,x,x,x,21,98,100,x,x,x,x,29,100,100,0,-,-,-,-,-,-,10,40,x,50,21.2,100,100
"K","South West","23","Gloucestershire","23UB","Cheltenham",,,1048,85,78,92,28.2,100.3,96,958,85,79,92,28.3,100.2,96,20,x,x,x,28.3,100.6,90,15,x,80,x,27.9,100.2,80,x,x,x,x,31,104,50,0,-,-,-,-,-,-,3,x,x,x,18.3,x,x,x,x,x,x,26.3,100.5,96
"K","South West","23","Gloucestershire","23UC","Cotswold",,,845,86,78,91,28.4,100.5,96,767,85,77,91,28.3,100.5,96,x,x,x,x,30.3,100.8,87,x,x,x,x,27,100,50,0,-,-,-,-,-,-,0,-,-,-,-,-,-,x,x,x,x,27,98,100,60,x,x,x,29.7,101,98
"K","South West","23","Gloucestershire","23UD","Forest of Dean",,,973,81,76,90,27.7,100.2,96,940,81,76,89,27.7,100.2,96,14,79,x,100,27.6,101.4,93,x,x,x,x,31,104,100,0,-,-,-,-,-,-,x,x,x,x,33,102,100,x,x,x,x,29,100,100,14,x,x,100,28.6,101,100
"K","South West","23","Gloucestershire","23UE","Gloucester",,,1534,78,72,88,27.7,100,96,1263,79,73,90,27.9,100.1,97,89,65,60,80,26.3,99.5,93,55,73,76,80,27.2,99.4,91,29,x,59,x,25.9,99.6,72,x,x,x,x,27,100,50,x,x,x,x,27.5,99.6,91,85,74,59,x,26.7,99.6,98
"K","South West","23","Gloucestershire","23UF","Stroud",,,1335,86,83,94,28.8,100.8,96,1260,86,83,94,28.8,100.8,97,18,78,83,x,28.7,100.2,94,5,100,100,100,28.2,100.4,100,4,x,x,100,27.5,x,x,x,x,x,x,26,100,50,3,x,x,x,30,x,x,x,x,x,x,29.8,101.2,98
"K","South West","23","Gloucestershire","23UG","Tewkesbury",,,885,83,82,92,28.7,100.8,98,849,83,82,x,28.7,100.8,98,20,85,x,x,29.9,101.7,100,3,100,100,x,29.7,100.7,100,0,-,-,-,-,-,-,x,x,x,x,33,-,0,x,x,x,x,31,-,0,x,x,x,x,28.3,101.1,100
"K","South West","40","Somerset","40UB","Mendip",,,1265,78,75,89,27.8,100.1,97,1241,78,75,89,27.8,100.1,98,10,x,60,x,29,99.8,80,x,x,x,x,25,-,0,4,x,x,x,24,98,50,x,x,x,x,33,102,100,x,x,x,x,29,102,50,5,100,x,x,27,98,80
"K","South West","40","Somerset","40UC","Sedgemoor",,,1371,77,71,86,27.3,100,97,1332,77,70,86,27.3,100,97,17,82,76,100,28.3,100.2,100,5,x,x,x,25.4,100.4,100,x,x,x,x,27,98,100,0,-,-,-,-,-,-,x,x,x,x,25,-,0,x,x,x,x,28.2,101.7,100
"K","South West","40","Somerset","40UD","South Somerset",,,1803,77,75,86,27.6,100.1,96,1749,77,75,87,27.6,100.1,97,9,x,x,x,27.2,98.8,89,7,x,57,x,27.6,x,x,5,x,x,x,25.4,x,x,5,100,100,100,29.8,101.3,60,x,x,x,x,26,101,100,x,x,x,x,26.8,99.5,100
"K","South West","40","Somerset","40UE","Taunton Deane",,,1195,79,77,88,27.8,100.4,97,1169,79,77,x,27.8,100.4,97,11,x,73,x,25.7,98.9,82,3,100,100,x,29.7,-,0,x,x,x,x,31,100,50,x,x,x,x,29,-,0,x,x,x,x,29,100,100,6,100,100,100,29.3,101.7,100
"K","South West","40","Somerset","40UF","West Somerset",,,356,76,x,x,27.2,99.7,98,350,76,68,88,27.2,99.6,98,6,100,100,100,29.3,100.3,100,0,-,-,-,-,-,-,0,-,-,-,-,-,-,0,-,-,-,-,-,-,0,-,-,-,-,-,-,0,-,-,-,-,-,-
"K","South West","46","Wiltshire","46UB","Kennet",,,916,79,75,84,27.5,100,94,868,80,76,85,27.6,100,95,14,x,79,x,28.9,99.8,86,x,x,x,x,33,-,0,0,-,-,-,-,-,-,x,x,x,x,29,104,100,x,x,x,x,31,-,0,31,x,52,x,25.3,99.2,100
"K","South West","46","Wiltshire","46UC","North Wiltshire",,,1754,80,77,88,27.9,100.4,95,1646,80,77,88,27.9,100.5,96,33,73,70,x,27.3,100.1,94,13,54,54,62,25.5,100.4,77,6,x,50,x,24.7,100,50,x,x,x,x,29,100,100,6,x,x,100,26.3,99.3,50,x,x,x,x,27.4,99.9,96
"K","South West","46","Wiltshire","46UD","Salisbury",,,1195,76,72,84,27.2,99.7,95,1139,76,72,83,27.2,99.7,95,21,80,71,76,28.4,99.5,90,7,x,x,x,25.6,101,86,x,x,x,x,27,100,100,x,x,x,x,29,102,100,x,x,x,x,25,100,50,24,x,x,x,28.6,100,83
"K","South West","46","Wiltshire","46UF","West Wiltshire",,,1480,76,71,83,27.1,100.1,96,1405,76,71,83,27.2,100.1,96,26,88,85,x,27.9,100.5,88,0,-,-,-,-,-,-,7,x,43,x,26.1,98.7,86,0,-,-,-,-,-,-,7,43,x,x,24.7,99,86,35,x,x,83,26.5,100,100