DATASET_TITLE,Cars or Vans (UV62),,,,,,,,,,FROM,Apr-2001,Apr-2001,Apr-2001,Apr-2001,Apr-2001,Apr-2001,Apr-2001
AREA_TYPE,Region,,,,,,,,,,TO,Apr-2001,Apr-2001,Apr-2001,Apr-2001,Apr-2001,Apr-2001,Apr-2001
GEO_HIERARCHY,NeSS Geography Hierarchy,,,,,,,,,,HEADING,All Households,No car or van,1 car or van,2 cars or vans,3 cars or vans,4 or more cars or vans,Total cars or vans
,,,,,,,,,,,MEASUREMENT_UNIT,Count,Count,Count,Count,Count,Count,Count
,,,,,,,,,,,STATISTICAL_UNIT,Households,Households,Households,Households,Households,Households,Vehicles
UK_CODE,UK_NAME,GB_CODE,GB_NAME,EW_CODE,EW_NAME,CTRY_CODE,CTRY_NAME,GOR_CODE,GOR_NAME,AREA_METADATA,,DATA_VALUE,DATA_VALUE,DATA_VALUE,DATA_VALUE,DATA_VALUE,DATA_VALUE,DATA_VALUE
"213","United Kingdom","078","Great Britain","727","England and Wales","064","England","A","North East",,,1066292,383219,459288,186519,29469,7797,955305
"213","United Kingdom","078","Great Britain","727","England and Wales","064","England","B","North West",,,2812789,849769,1224554,605586,104120,28760,2874991
"213","United Kingdom","078","Great Britain","727","England and Wales","064","England","D","Yorkshire and The Humber",,,2064748,625896,911246,433671,73202,20733,2090309
"213","United Kingdom","078","Great Britain","727","England and Wales","064","England","E","East Midlands",,,1732482,420165,770028,437345,80823,24121,1994933
"213","United Kingdom","078","Great Britain","727","England and Wales","064","England","F","West Midlands",,,2153672,576484,923743,521452,101086,30907,2406815
"213","United Kingdom","078","Great Britain","727","England and Wales","064","England","G","East of England",,,2231974,441915,984244,631976,130736,43103,2831718
"213","United Kingdom","078","Great Britain","727","England and Wales","064","England","H","London",,,3015997,1130649,1298481,476185,86470,24212,2616328
"213","United Kingdom","078","Great Britain","727","England and Wales","064","England","J","South East",,,3287489,638772,1400989,971698,206914,69116,4271483
"213","United Kingdom","078","Great Britain","727","England and Wales","064","England","K","South West",,,2085984,421517,963145,554149,111469,35704,2565747