DATASET_TITLE,Households by Selected Household Characteristics (UV67),,,,FROM,Apr-2001,Apr-2001,Apr-2001,Apr-2001,Apr-2001,Apr-2001
AREA_TYPE,County,,,,TO,Apr-2001,Apr-2001,Apr-2001,Apr-2001,Apr-2001,Apr-2001
GEO_HIERARCHY,NeSS Geography Hierarchy,,,,HEADING,All Households,Household has no selected characteristic,Household has selected characteristics in 1 dimension,Household has selected characteristics in 2 dimensions,Household has selected characteristics in 3 dimensions,Household has selected characteristics in 4 dimensions
,,,,,MEASUREMENT_UNIT,Count,Count,Count,Count,Count,Count
,,,,,STATISTICAL_UNIT,Households,Households,Households,Households,Households,Households
GOR_CODE,GOR_NAME,CTY_CODE,CTY_NAME,AREA_METADATA,,DATA_VALUE,DATA_VALUE,DATA_VALUE,DATA_VALUE,DATA_VALUE,DATA_VALUE
"B","North West","13","Cheshire",,,280031,100170,91296,64934,21178,2453
"B","North West","16","Cumbria",,,209027,57458,71147,56060,21360,3002
"B","North West","30","Lancashire",,,468868,135227,153794,124981,47850,7016