DATASET_TITLE,Accommodation Type - People (UV42),,,,,,,,FROM,Apr-2001,Apr-2001,Apr-2001,Apr-2001,Apr-2001,Apr-2001,Apr-2001,Apr-2001,Apr-2001,Apr-2001,Apr-2001,Apr-2001
AREA_TYPE,Country,,,,,,,,TO,Apr-2001,Apr-2001,Apr-2001,Apr-2001,Apr-2001,Apr-2001,Apr-2001,Apr-2001,Apr-2001,Apr-2001,Apr-2001,Apr-2001
GEO_HIERARCHY,NeSS Geography Hierarchy,,,,,,,,HEADING,All People,In an unshared dwelling,In an unshared dwelling: House or Bungalow,In an unshared dwelling: House or Bungalow: Detached,In an unshared dwelling: House or Bungalow: Semi-detached,In an unshared dwelling: House or Bungalow: Terraced (including end-terrace),"In an unshared dwelling: Flat, maisonette or apartment","In an unshared dwelling: Flat, maisonette or apartment: In a purpose-built block of flats","In an unshared dwelling: Flat, maisonette or apartment: Part of a converted or shared house","In an unshared dwelling: Flat, maisonette or apartment: In a commercial building",In an unshared dwelling: Caravan or other mobile or temporary structure,In a shared dwelling
,,,,,,,,,MEASUREMENT_UNIT,Count,Count,Count,Count,Count,Count,Count,Count,Count,Count,Count,Count
,,,,,,,,,STATISTICAL_UNIT,Persons,Persons,Persons,Persons,Persons,Persons,Persons,Persons,Persons,Persons,Persons,Persons
UK_CODE,UK_NAME,GB_CODE,GB_NAME,EW_CODE,EW_NAME,CTRY_CODE,CTRY_NAME,AREA_METADATA,,DATA_VALUE,DATA_VALUE,DATA_VALUE,DATA_VALUE,DATA_VALUE,DATA_VALUE,DATA_VALUE,DATA_VALUE,DATA_VALUE,DATA_VALUE,DATA_VALUE,DATA_VALUE
"213","United Kingdom","078","Great Britain","727","England and Wales","064","England",,,48248150,48151964,41591978,12035934,16658414,12897630,6417129,4574746,1393351,449032,142857,96186
"213","United Kingdom","078","Great Britain","727","England and Wales","220","Wales",,,2859489,2857431,2654312,826518,976500,851294,194871,132204,38187,24480,8248,2058