DATASET_TITLE,Marital Status (UV07),,,,,,FROM,Apr-2001,Apr-2001,Apr-2001,Apr-2001,Apr-2001,Apr-2001,Apr-2001
AREA_TYPE,Local Authority,,,,,,TO,Apr-2001,Apr-2001,Apr-2001,Apr-2001,Apr-2001,Apr-2001,Apr-2001
GEO_HIERARCHY,NeSS Geography Hierarchy,,,,,,HEADING,All People,Single (never married),Married (first marriage),Re-married,Separated (but still legally married),Divorced,Widowed
,,,,,,,MEASUREMENT_UNIT,Count,Count,Count,Count,Count,Count,Count
,,,,,,,STATISTICAL_UNIT,Persons,Persons,Persons,Persons,Persons,Persons,Persons
GOR_CODE,GOR_NAME,CTY_CODE,CTY_NAME,LA_CODE,LA_NAME,AREA_METADATA,,DATA_VALUE,DATA_VALUE,DATA_VALUE,DATA_VALUE,DATA_VALUE,DATA_VALUE,DATA_VALUE
,,,,"00NA","Isle of Anglesey",,,66829,26892,24601,4344,939,4782,5271
,,,,"00NC","Gwynedd",,,116843,51484,40444,6315,1544,7687,9369
,,,,"00NE","Conwy",,,109596,42376,38569,8490,1884,8274,10003
,,,,"00NG","Denbighshire",,,93065,37803,32095,6496,1524,7094,8053
,,,,"00NJ","Flintshire",,,148594,61877,55091,9689,2031,10184,9722
,,,,"00NL","Wrexham",,,128476,54601,46024,7600,1660,9076,9515
,,,,"00NN","Powys",,,126354,50112,48085,8039,1925,8242,9951
,,,,"00NQ","Ceredigion",,,74941,33813,25426,4264,1059,4752,5627
,,,,"00NS","Pembrokeshire",,,114131,45239,42708,7662,1761,7941,8820
,,,,"00NU","Carmarthenshire",,,172842,68568,64068,10886,2467,12095,14758
,,,,"00NX","Swansea",,,223301,96026,78691,11932,3495,15872,17285
,,,,"00NZ","Neath Port Talbot",,,134468,54007,49384,7797,2028,9955,11297
,,,,"00PB","Bridgend",,,128645,52190,47724,8280,1746,9373,9332
,,,,"00PD","The Vale of Glamorgan",,,119292,49354,43438,8398,1861,8252,7989
,,,,"00PF","Rhondda, Cynon, Taff",,,231946,100522,82229,12407,3513,15701,17574
,,,,"00PH","Merthyr Tydfil",,,55981,24421,19653,2702,1120,3738,4347
,,,,"00PK","Caerphilly",,,169519,72866,61249,9877,2105,11572,11850
,,,,"00PL","Blaenau Gwent",,,70064,29900,24495,3635,1148,5114,5772
,,,,"00PM","Torfaen",,,90949,37423,32593,5935,1379,6734,6885
,,,,"00PP","Monmouthshire",,,84885,32518,33378,6215,1260,5463,6051
,,,,"00PR","Newport",,,137011,60225,47222,7863,2523,9674,9504
,,,,"00PT","Cardiff",,,305353,154432,94353,13640,4848,19419,18661