DATASET_TITLE,"Resident Population Estimates by Broad Age Band, Mid 2007",,,,,,,,,,FROM,Jun-2007,Jun-2007,Jun-2007,Jun-2007,Jun-2007,Jun-2007,Jun-2007,Jun-2007,Jun-2007,Jun-2007,Jun-2007,Jun-2007,Jun-2007,Jun-2007,Jun-2007,Jun-2007,Jun-2007,Jun-2007,Jun-2007,Jun-2007,Jun-2007,Jun-2007,Jun-2007,Jun-2007,Jun-2007,Jun-2007,Jun-2007,Jun-2007,Jun-2007,Jun-2007,Jun-2007,Jun-2007,Jun-2007,Jun-2007,Jun-2007,Jun-2007,Jun-2007,Jun-2007,Jun-2007,Jun-2007,Jun-2007
AREA_TYPE,Region,,,,,,,,,,TO,Jun-2007,Jun-2007,Jun-2007,Jun-2007,Jun-2007,Jun-2007,Jun-2007,Jun-2007,Jun-2007,Jun-2007,Jun-2007,Jun-2007,Jun-2007,Jun-2007,Jun-2007,Jun-2007,Jun-2007,Jun-2007,Jun-2007,Jun-2007,Jun-2007,Jun-2007,Jun-2007,Jun-2007,Jun-2007,Jun-2007,Jun-2007,Jun-2007,Jun-2007,Jun-2007,Jun-2007,Jun-2007,Jun-2007,Jun-2007,Jun-2007,Jun-2007,Jun-2007,Jun-2007,Jun-2007,Jun-2007,Jun-2007
GEO_HIERARCHY,NeSS Geography Hierarchy,,,,,,,,,,HEADING,All Persons; All Ages,All Persons; Aged 0-15,All Persons; Aged 0-15,All Persons; Aged 16-24,All Persons; Aged 16-24,All Persons; Aged 25-49,All Persons; Aged 25-49,"All Persons; Aged 50-64 (Males), 50-59 (Females)","All Persons; Aged 50-64 (Males), 50-59 (Females)","All Persons; Aged 65 and Over (Males), 60 and Over (Females)","All Persons; Aged 65 and Over (Males), 60 and Over (Females)","All Persons; Aged 16-64 (Males), 16-59 (Females)","All Persons; Aged 16-64 (Males), 16-59 (Females)",Males; All Ages,Males; All Ages,Males; Aged 0-15,Males; Aged 0-15,Males; Aged 16-24,Males; Aged 16-24,Males; Aged 25-49,Males; Aged 25-49,Males; Aged 50-64,Males; Aged 50-64,Males; Aged 65 and Over,Males; Aged 65 and Over,Males; Aged 16-64,Males; Aged 16-64,Females; All Ages,Females; All Ages,Females; Aged 0-15,Females; Aged 0-15,Females; Aged 16-24,Females; Aged 16-24,Females; Aged 25-49,Females; Aged 25-49,Females; Aged 50-59,Females; Aged 50-59,Females; Aged 60 and Over,Females; Aged 60 and Over,Females; Aged 16-59,Females; Aged 16-59
,,,,,,,,,,,MEASUREMENT_UNIT,Count,Count,Percentage,Count,Percentage,Count,Percentage,Count,Percentage,Count,Percentage,Count,Percentage,Count,Percentage,Count,Percentage,Count,Percentage,Count,Percentage,Count,Percentage,Count,Percentage,Count,Percentage,Count,Percentage,Count,Percentage,Count,Percentage,Count,Percentage,Count,Percentage,Count,Percentage,Count,Percentage
,,,,,,,,,,,STATISTICAL_UNIT,Persons,Persons,Persons,Persons,Persons,Persons,Persons,Persons,Persons,Persons,Persons,Persons,Persons,Persons,Persons,Persons,Persons,Persons,Persons,Persons,Persons,Persons,Persons,Persons,Persons,Persons,Persons,Persons,Persons,Persons,Persons,Persons,Persons,Persons,Persons,Persons,Persons,Persons,Persons,Persons,Persons
UK_CODE,UK_NAME,GB_CODE,GB_NAME,EW_CODE,EW_NAME,CTRY_CODE,CTRY_NAME,GOR_CODE,GOR_NAME,AREA_METADATA,,DATA_VALUE,DATA_VALUE,DATA_VALUE,DATA_VALUE,DATA_VALUE,DATA_VALUE,DATA_VALUE,DATA_VALUE,DATA_VALUE,DATA_VALUE,DATA_VALUE,DATA_VALUE,DATA_VALUE,DATA_VALUE,DATA_VALUE,DATA_VALUE,DATA_VALUE,DATA_VALUE,DATA_VALUE,DATA_VALUE,DATA_VALUE,DATA_VALUE,DATA_VALUE,DATA_VALUE,DATA_VALUE,DATA_VALUE,DATA_VALUE,DATA_VALUE,DATA_VALUE,DATA_VALUE,DATA_VALUE,DATA_VALUE,DATA_VALUE,DATA_VALUE,DATA_VALUE,DATA_VALUE,DATA_VALUE,DATA_VALUE,DATA_VALUE,DATA_VALUE,DATA_VALUE
"213","United Kingdom","078","Great Britain","727","England and Wales","064","England",,,,,51106200,9654000,18.9,6163100,12.1,18004900,35.2,7638500,14.9,9645700,18.9,31806500,62.2,25118900,49.2,4943100,19.7,3171300,12.6,8971700,35.7,4488400,17.9,3544400,14.1,16631300,66.2,25987300,50.8,4710900,18.1,2991800,11.5,9033200,34.8,3150200,12.1,6101200,23.5,15175200,58.4
"213","United Kingdom","078","Great Britain","727","England and Wales","220","Wales",,,,,2976100,556400,18.7,364500,12.2,949300,31.9,479300,16.1,626600,21.1,1793200,60.3,1451500,48.8,285500,19.7,187200,12.9,465000,32,282600,19.5,231200,15.9,934700,64.4,1524700,51.2,270900,17.8,177300,11.6,484400,31.8,196800,12.9,395300,25.9,858500,56.3
"213","United Kingdom","078","Great Britain","727","England and Wales",,,,,,,54082300,10210400,18.9,6527600,12.1,18954300,35,8117800,15,10272200,19,33599700,62.1,26570300,49.1,5228700,19.7,3358500,12.6,9436700,35.5,4770900,18,3775700,14.2,17566000,66.1,27512000,50.9,4981800,18.1,3169100,11.5,9517600,34.6,3346900,12.2,6496500,23.6,16033600,58.3
"213","United Kingdom","078","Great Britain","727","England and Wales","064","England","A","North East",,,2560400,464400,18.1,326900,12.8,852500,33.3,407900,15.9,508800,19.9,1587300,62,1251000,48.9,237900,19,168700,13.5,418400,33.4,239400,19.1,186600,14.9,826400,66.1,1309500,51.1,226400,17.3,158200,12.1,434100,33.2,168600,12.9,322200,24.6,760900,58.1
"213","United Kingdom","078","Great Britain","727","England and Wales","064","England","B","North West",,,6863700,1308500,19.1,867600,12.6,2319800,33.8,1051800,15.3,1316000,19.2,4239200,61.8,3364700,49,672100,20,443200,13.2,1151200,34.2,618900,18.4,479400,14.2,2213200,65.8,3498900,51,636400,18.2,424400,12.1,1168600,33.4,432900,12.4,836600,23.9,2025900,57.9
"213","United Kingdom","078","Great Britain","727","England and Wales","064","England","D","Yorkshire and The Humber",,,5181800,973400,18.8,691100,13.3,1757400,33.9,781000,15.1,979000,18.9,3229400,62.3,2551600,49.2,497600,19.5,358900,14.1,875600,34.3,461600,18.1,357900,14,1696100,66.5,2630100,50.8,475700,18.1,332100,12.6,881800,33.5,319400,12.1,621100,23.6,1533300,58.3
"213","United Kingdom","078","Great Britain","727","England and Wales","064","England","E","East Midlands",,,4397000,816200,18.6,543900,12.4,1495200,34,688600,15.7,853100,19.4,2727700,62,2168700,49.3,419300,19.3,278600,12.8,743300,34.3,409700,18.9,317800,14.7,1431600,66,2228400,50.7,397000,17.8,265200,11.9,751900,33.7,279000,12.5,535300,24,1296100,58.2
"213","United Kingdom","078","Great Britain","727","England and Wales","064","England","F","West Midlands",,,5378400,1051000,19.5,656900,12.2,1808000,33.6,816800,15.2,1045600,19.4,3281700,61,2645100,49.2,537400,20.3,337600,12.8,899300,34,484500,18.3,386200,14.6,1721400,65.1,2733300,50.8,513600,18.8,319400,11.7,908700,33.2,332300,12.2,659400,24.1,1560300,57.1
"213","United Kingdom","078","Great Britain","727","England and Wales","064","England","G","East of England",,,5648700,1079200,19.1,618100,10.9,1946700,34.5,876700,15.5,1128000,20,3441600,60.9,2771400,49.1,551500,19.9,318000,11.5,966600,34.9,517200,18.7,418100,15.1,1801800,65,2877300,50.9,527600,18.3,300100,10.4,980100,34.1,359600,12.5,709800,24.7,1639800,57
"213","United Kingdom","078","Great Britain","727","England and Wales","064","England","H","London",,,7602200,1456500,19.2,927700,12.2,3272100,43,905300,11.9,1040600,13.7,5105100,67.2,3766000,49.5,742200,19.7,470000,12.5,1661400,44.1,513600,13.6,378800,10.1,2644900,70.2,3836300,50.5,714300,18.6,457700,11.9,1610700,42,391700,10.2,661800,17.3,2460200,64.1
"213","United Kingdom","078","Great Britain","727","England and Wales","064","England","J","South East",,,8295500,1583600,19.1,932800,11.2,2873400,34.6,1276500,15.4,1629100,19.6,5082800,61.3,4063600,49,813700,20,482000,11.9,1421300,35,751400,18.5,595200,14.6,2654700,65.3,4231900,51,769900,18.2,450900,10.7,1452100,34.3,525100,12.4,1033900,24.4,2428100,57.4
"213","United Kingdom","078","Great Britain","727","England and Wales","064","England","K","South West",,,5178500,921300,17.8,598100,11.5,1679800,32.4,833800,16.1,1145500,22.1,3111700,60.1,2536800,49,471300,18.6,314200,12.4,834600,32.9,492300,19.4,424400,16.7,1641100,64.7,2641700,51,450000,17,283800,10.7,845200,32,341500,12.9,721100,27.3,1470600,55.7