DATASET_TITLE,"Resident Population Estimates by Broad Age Band, Mid 2007",,,,,,FROM,Jun-2007,Jun-2007,Jun-2007,Jun-2007,Jun-2007,Jun-2007,Jun-2007,Jun-2007,Jun-2007,Jun-2007,Jun-2007,Jun-2007,Jun-2007,Jun-2007,Jun-2007,Jun-2007,Jun-2007,Jun-2007,Jun-2007,Jun-2007,Jun-2007,Jun-2007,Jun-2007,Jun-2007,Jun-2007,Jun-2007,Jun-2007,Jun-2007,Jun-2007,Jun-2007,Jun-2007,Jun-2007,Jun-2007,Jun-2007,Jun-2007,Jun-2007,Jun-2007,Jun-2007,Jun-2007,Jun-2007,Jun-2007
AREA_TYPE,Local Authority,,,,,,TO,Jun-2007,Jun-2007,Jun-2007,Jun-2007,Jun-2007,Jun-2007,Jun-2007,Jun-2007,Jun-2007,Jun-2007,Jun-2007,Jun-2007,Jun-2007,Jun-2007,Jun-2007,Jun-2007,Jun-2007,Jun-2007,Jun-2007,Jun-2007,Jun-2007,Jun-2007,Jun-2007,Jun-2007,Jun-2007,Jun-2007,Jun-2007,Jun-2007,Jun-2007,Jun-2007,Jun-2007,Jun-2007,Jun-2007,Jun-2007,Jun-2007,Jun-2007,Jun-2007,Jun-2007,Jun-2007,Jun-2007,Jun-2007
GEO_HIERARCHY,NeSS Geography Hierarchy,,,,,,HEADING,All Persons; All Ages,All Persons; Aged 0-15,All Persons; Aged 0-15,All Persons; Aged 16-24,All Persons; Aged 16-24,All Persons; Aged 25-49,All Persons; Aged 25-49,"All Persons; Aged 50-64 (Males), 50-59 (Females)","All Persons; Aged 50-64 (Males), 50-59 (Females)","All Persons; Aged 65 and Over (Males), 60 and Over (Females)","All Persons; Aged 65 and Over (Males), 60 and Over (Females)","All Persons; Aged 16-64 (Males), 16-59 (Females)","All Persons; Aged 16-64 (Males), 16-59 (Females)",Males; All Ages,Males; All Ages,Males; Aged 0-15,Males; Aged 0-15,Males; Aged 16-24,Males; Aged 16-24,Males; Aged 25-49,Males; Aged 25-49,Males; Aged 50-64,Males; Aged 50-64,Males; Aged 65 and Over,Males; Aged 65 and Over,Males; Aged 16-64,Males; Aged 16-64,Females; All Ages,Females; All Ages,Females; Aged 0-15,Females; Aged 0-15,Females; Aged 16-24,Females; Aged 16-24,Females; Aged 25-49,Females; Aged 25-49,Females; Aged 50-59,Females; Aged 50-59,Females; Aged 60 and Over,Females; Aged 60 and Over,Females; Aged 16-59,Females; Aged 16-59
,,,,,,,MEASUREMENT_UNIT,Count,Count,Percentage,Count,Percentage,Count,Percentage,Count,Percentage,Count,Percentage,Count,Percentage,Count,Percentage,Count,Percentage,Count,Percentage,Count,Percentage,Count,Percentage,Count,Percentage,Count,Percentage,Count,Percentage,Count,Percentage,Count,Percentage,Count,Percentage,Count,Percentage,Count,Percentage,Count,Percentage
,,,,,,,STATISTICAL_UNIT,Persons,Persons,Persons,Persons,Persons,Persons,Persons,Persons,Persons,Persons,Persons,Persons,Persons,Persons,Persons,Persons,Persons,Persons,Persons,Persons,Persons,Persons,Persons,Persons,Persons,Persons,Persons,Persons,Persons,Persons,Persons,Persons,Persons,Persons,Persons,Persons,Persons,Persons,Persons,Persons,Persons
GOR_CODE,GOR_NAME,CTY_CODE,CTY_NAME,LA_CODE,LA_NAME,AREA_METADATA,,DATA_VALUE,DATA_VALUE,DATA_VALUE,DATA_VALUE,DATA_VALUE,DATA_VALUE,DATA_VALUE,DATA_VALUE,DATA_VALUE,DATA_VALUE,DATA_VALUE,DATA_VALUE,DATA_VALUE,DATA_VALUE,DATA_VALUE,DATA_VALUE,DATA_VALUE,DATA_VALUE,DATA_VALUE,DATA_VALUE,DATA_VALUE,DATA_VALUE,DATA_VALUE,DATA_VALUE,DATA_VALUE,DATA_VALUE,DATA_VALUE,DATA_VALUE,DATA_VALUE,DATA_VALUE,DATA_VALUE,DATA_VALUE,DATA_VALUE,DATA_VALUE,DATA_VALUE,DATA_VALUE,DATA_VALUE,DATA_VALUE,DATA_VALUE,DATA_VALUE,DATA_VALUE
"A","North East",,,"00CH","Gateshead",,,189700,34000,17.9,21600,11.4,65500,34.5,29300,15.4,39300,20.7,116400,61.3,92500,48.7,17300,18.7,11300,12.2,32100,34.7,17200,18.6,14600,15.8,60600,65.5,97300,51.3,16700,17.2,10300,10.6,33400,34.3,12100,12.4,24800,25.4,55800,57.3
"A","North East",,,"00CJ","Newcastle upon Tyne",,,275600,45500,16.5,56400,20.5,90300,32.8,36100,13.1,47300,17.2,182800,66.3,136400,49.5,23700,17.4,28800,21.1,45700,33.5,21200,15.5,17100,12.5,95600,70.1,139200,50.5,21800,15.7,27600,19.8,44600,32,14900,10.7,30200,21.7,87100,62.6
"A","North East",,,"00CK","North Tyneside",,,194800,34800,17.8,20700,10.6,67700,34.8,31700,16.3,40000,20.5,120100,61.6,94000,48.3,17700,18.8,10500,11.2,33000,35.1,18400,19.6,14400,15.4,61900,65.8,100800,51.7,17100,16.9,10200,10.1,34700,34.4,13300,13.2,25500,25.3,58200,57.7
"A","North East",,,"00CL","South Tyneside",,,150600,27000,18,18100,12,50500,33.5,23600,15.7,31400,20.8,92200,61.2,73400,48.7,14000,19,9300,12.7,24700,33.7,13900,18.9,11500,15.7,47900,65.3,77200,51.3,13100,16.9,8800,11.3,25800,33.4,9800,12.6,19900,25.7,44300,57.4
"A","North East",,,"00CM","Sunderland",,,281000,50600,18,35900,12.8,96500,34.3,44200,15.7,53800,19.1,176600,62.8,137000,48.8,25800,18.8,18500,13.5,47500,34.7,25600,18.7,19600,14.3,91600,66.9,144000,51.2,24800,17.3,17400,12.1,49000,34,18600,12.9,34200,23.7,85000,59
"A","North East",,,"00EB","Hartlepool",,,90500,18400,20.3,10700,11.9,30100,33.2,14100,15.5,17300,19.1,54900,60.6,44000,48.6,9300,21.2,5400,12.3,14600,33.2,8200,18.7,6400,14.6,28300,64.2,46500,51.4,9000,19.4,5300,11.4,15400,33.2,5900,12.6,10900,23.4,26600,57.2
"A","North East",,,"00EC","Middlesbrough",,,139700,27800,19.9,21900,15.6,46000,32.9,19800,14.2,24300,17.4,87700,62.7,68600,49.1,14000,20.4,11400,16.6,22800,33.2,11400,16.6,9000,13.2,45600,66.5,71100,50.9,13800,19.4,10500,14.7,23200,32.6,8400,11.8,15300,21.4,42100,59.2
"A","North East",,,"00EE","Redcar and Cleveland",,,138100,26000,18.9,15700,11.4,43600,31.6,23000,16.6,29700,21.5,82300,59.6,67000,48.5,13500,20.1,8100,12.1,20700,31,13600,20.3,11000,16.5,42500,63.4,71100,51.5,12600,17.7,7600,10.7,22900,32.1,9300,13.1,18700,26.3,39800,56
"A","North East",,,"00EF","Stockton-on-Tees",,,188600,37300,19.8,22800,12.1,65100,34.5,29800,15.8,33600,17.8,117700,62.4,92500,49,19200,20.8,11700,12.7,31800,34.3,17400,18.8,12400,13.4,60900,65.8,96100,51,18100,18.8,11100,11.5,33400,34.7,12400,12.9,21200,22,56800,59.1
"A","North East",,,"00EH","Darlington",,,99600,19300,19.4,10400,10.4,33900,34,15900,16,20100,20.2,60200,60.4,48300,48.5,9900,20.5,5300,10.9,16500,34.1,9400,19.5,7200,15,31100,64.5,51300,51.5,9400,18.3,5100,9.9,17500,34,6500,12.7,12900,25.1,29000,56.6
"A","North East",,,"00EJ","Durham",,,..,..,..,..,..,..,..,..,..,..,..,..,..,..,..,..,..,..,..,..,..,..,..,..,..,..,..,..,..,..,..,..,..,..,..,..,..,..,..,..,..
"A","North East",,,"00EM","Northumberland",,,..,..,..,..,..,..,..,..,..,..,..,..,..,..,..,..,..,..,..,..,..,..,..,..,..,..,..,..,..,..,..,..,..,..,..,..,..,..,..,..,..
"B","North West",,,"00BL","Bolton",,,263000,54800,20.8,30300,11.5,90300,34.3,39900,15.2,47700,18.1,160600,61,129400,49.2,28400,21.9,15500,12,44500,34.4,23700,18.3,17300,13.3,83700,64.7,133600,50.8,26400,19.8,14800,11.1,45800,34.3,16200,12.1,30400,22.7,76800,57.5
"B","North West",,,"00BM","Bury",,,181700,37100,20.4,20000,11,63000,34.7,28200,15.5,33400,18.4,111200,61.2,88800,48.9,18900,21.3,10400,11.7,31000,34.9,16600,18.7,12000,13.5,58000,65.3,92800,51.1,18200,19.6,9700,10.4,32000,34.5,11600,12.4,21500,23.1,53200,57.3
"B","North West",,,"00BN","Manchester",,,465200,83000,17.8,100800,21.7,174300,37.5,47700,10.3,59400,12.8,322800,69.4,236600,50.9,42700,18,51100,21.6,92900,39.3,28200,11.9,21800,9.2,172200,72.8,228600,49.1,40400,17.7,49700,21.7,81300,35.6,19500,8.5,37600,16.5,150600,65.9
"B","North West",,,"00BP","Oldham",,,217700,48600,22.3,25800,11.9,73100,33.6,32200,14.8,38000,17.5,131100,60.2,106700,49,24900,23.3,13500,12.6,35900,33.7,18800,17.6,13600,12.8,68200,63.9,111100,51,23700,21.4,12400,11.1,37100,33.4,13400,12.1,24400,22,62900,56.6
"B","North West",,,"00BQ","Rochdale",,,204000,43600,21.4,24700,12.1,69100,33.9,31400,15.4,35200,17.3,125200,61.4,100600,49.3,22400,22.3,12800,12.7,34400,34.2,18300,18.2,12700,12.6,65500,65.1,103400,50.7,21200,20.5,12000,11.6,34700,33.5,13100,12.7,22500,21.8,59700,57.8
"B","North West",,,"00BR","Salford",,,221300,40500,18.3,33900,15.3,77900,35.2,29900,13.5,39100,17.7,141700,64.1,111100,50.2,20800,18.7,17700,16,40400,36.4,17800,16,14300,12.9,76000,68.4,110200,49.8,19600,17.8,16200,14.7,37500,34,12100,11,24800,22.5,65800,59.7
"B","North West",,,"00BS","Stockport",,,282000,53100,18.8,29500,10.5,97400,34.5,44600,15.8,57400,20.3,171500,60.8,137000,48.6,27400,20,14900,10.9,47700,34.8,26400,19.3,20600,15,89000,65,145000,51.4,25700,17.7,14600,10.1,49700,34.3,18200,12.6,36800,25.4,82500,56.9
"B","North West",,,"00BT","Tameside",,,213200,41900,19.7,25100,11.8,74800,35.1,32600,15.3,38700,18.2,132600,62.2,103900,48.7,21300,20.5,12800,12.3,36500,35.1,19500,18.8,13800,13.3,68800,66.2,109300,51.3,20600,18.8,12400,11.3,38300,35,13100,12,24900,22.8,63800,58.4
"B","North West",,,"00BU","Trafford",,,213300,41900,19.6,21800,10.2,78200,36.7,31200,14.6,40100,18.8,131200,61.5,105100,49.3,21600,20.6,11300,10.8,39200,37.3,18200,17.3,14700,14,68700,65.4,108200,50.7,20300,18.7,10500,9.7,39000,36,13000,12,25500,23.5,62500,57.8
"B","North West",,,"00BW","Wigan",,,304100,58300,19.2,33700,11.1,106300,35,48600,16,57100,18.8,188700,62.1,150100,49.4,29800,19.9,17600,11.8,52900,35.2,29100,19.4,20700,13.8,99600,66.4,154000,50.6,28500,18.5,16100,10.4,53500,34.7,19600,12.7,36400,23.6,89100,57.9
"B","North West",,,"00BX","Knowsley",,,149800,30800,20.5,19900,13.3,51000,34,21400,14.3,26800,17.9,92200,61.6,71100,47.5,15600,21.9,10100,14.2,23700,33.3,12000,16.8,9700,13.7,45800,64.4,78700,52.5,15200,19.3,9800,12.4,27300,34.7,9400,12,17100,21.7,46400,59
"B","North West",,,"00BY","Liverpool",,,442600,76100,17.2,81200,18.3,150500,34,60200,13.6,74500,16.8,291900,66,216700,49,39300,18.1,40800,18.8,74800,34.5,34300,15.8,27500,12.7,149900,69.2,225900,51,36900,16.3,40400,17.9,75700,33.5,26000,11.5,47000,20.8,142100,62.9
"B","North West",,,"00BZ","St. Helens",,,176500,34100,19.3,19700,11.2,59200,33.5,28700,16.2,34900,19.8,107600,60.9,85900,48.7,17500,20.3,9900,11.6,29000,33.7,16900,19.6,12700,14.7,55800,64.9,90600,51.3,16600,18.3,9800,10.8,30200,33.3,11800,13,22300,24.6,51800,57.1
"B","North West",,,"00CA","Sefton",,,275100,50100,18.2,31300,11.4,85300,31,44500,16.2,63900,23.2,161000,58.5,130600,47.5,25500,19.5,16000,12.3,40700,31.2,25600,19.6,22800,17.5,82300,63,144400,52.5,24600,17,15200,10.6,44600,30.9,18900,13.1,41100,28.5,78700,54.5
"B","North West",,,"00CB","Wirral",,,308900,59500,19.3,34400,11.1,96800,31.3,50800,16.4,67500,21.9,181900,58.9,147100,47.6,30700,20.8,17700,12,45400,30.9,29400,20,24000,16.3,92500,62.9,161800,52.4,28800,17.8,16700,10.3,51300,31.7,21400,13.2,43500,26.9,89400,55.3
"B","North West",,,"00EQ","Cheshire East",,,..,..,..,..,..,..,..,..,..,..,..,..,..,..,..,..,..,..,..,..,..,..,..,..,..,..,..,..,..,..,..,..,..,..,..,..,..,..,..,..,..
"B","North West",,,"00ET","Halton",,,118300,24200,20.4,14400,12.1,40100,33.9,19700,16.7,20000,16.9,74200,62.7,57300,48.4,12300,21.5,7200,12.5,19200,33.6,11200,19.6,7300,12.8,37600,65.7,61000,51.6,11800,19.4,7200,11.8,20900,34.2,8500,13.9,12600,20.7,36500,59.9
"B","North West",,,"00EU","Warrington",,,195100,38000,19.5,21100,10.8,69700,35.7,30500,15.6,35700,18.3,121400,62.2,96300,49.4,19500,20.3,10900,11.3,34800,36.1,18100,18.8,13000,13.5,63800,66.3,98800,50.6,18500,18.7,10200,10.3,35000,35.4,12400,12.5,22700,23,57600,58.3
"B","North West",,,"00EW","Cheshire West and Chester",,,..,..,..,..,..,..,..,..,..,..,..,..,..,..,..,..,..,..,..,..,..,..,..,..,..,..,..,..,..,..,..,..,..,..,..,..,..,..,..,..,..
"B","North West",,,"00EX","Blackburn with Darwen",,,139500,34100,24.4,17500,12.6,47700,34.2,19000,13.6,21200,15.2,84200,60.4,69300,49.7,17700,25.5,9000,13,23800,34.4,11100,16,7700,11.1,43900,63.4,70200,50.3,16400,23.4,8500,12.2,23800,33.9,7900,11.2,13500,19.3,40300,57.3
"B","North West",,,"00EY","Blackpool",,,141800,26000,18.3,16000,11.3,45900,32.4,22600,15.9,31300,22.1,84500,59.6,69600,49.1,13200,18.9,8300,12,22900,32.9,13600,19.5,11600,16.7,44800,64.4,72200,50.9,12800,17.8,7600,10.6,23100,31.9,9000,12.5,19700,27.3,39700,55
"B","North West","16","Cumbria","16UB","Allerdale",,,94300,16800,17.8,8800,9.3,30200,32,17000,18,21600,22.9,55900,59.3,46200,48.9,8600,18.6,4500,9.8,14900,32.2,10000,21.7,8100,17.6,29400,63.8,48200,51.1,8200,16.9,4200,8.8,15300,31.8,7000,14.5,13500,28.1,26500,55
"B","North West","16","Cumbria","16UC","Barrow-in-Furness",,,70900,13500,19.1,7700,10.9,23100,32.7,11600,16.4,14900,21,42500,59.9,34800,49.1,7000,20.1,4000,11.5,11500,32.9,6900,19.8,5400,15.6,22400,64.2,36000,50.9,6500,18,3700,10.3,11700,32.4,4700,13,9500,26.2,20100,55.7
"B","North West","16","Cumbria","16UD","Carlisle",,,105600,17900,17,13500,12.8,34900,33.1,17100,16.2,22100,20.9,65600,62.1,50900,48.2,9100,17.8,6500,12.7,17400,34.1,10000,19.7,8000,15.7,33900,66.5,54700,51.8,8900,16.2,7000,12.8,17600,32.1,7100,13,14100,25.8,31700,58
"B","North West","16","Cumbria","16UE","Copeland",,,70100,12600,18,7000,10,23500,33.5,12300,17.6,14700,20.9,42800,61.1,35200,50.2,6600,18.8,3700,10.6,11900,33.7,7400,21.1,5600,15.8,23000,65.4,34900,49.8,6000,17.1,3300,9.3,11600,33.4,4900,14.1,9100,26.1,19800,56.7
"B","North West","16","Cumbria","16UF","Eden",,,51600,8900,17.1,4500,8.6,16300,31.5,9700,18.8,12300,23.8,30500,59,25500,49.3,4600,18,2300,8.9,8200,32.1,5800,22.6,4700,18.5,16200,63.6,26200,50.7,4300,16.3,2200,8.4,8100,31,4000,15.2,7600,29.1,14300,54.6
"B","North West","16","Cumbria","16UG","South Lakeland",,,104300,17300,16.6,8700,8.4,31200,29.9,19600,18.8,27500,26.4,59500,57,51000,48.9,9100,17.8,4600,9,15400,30.2,11700,22.9,10200,20.1,31700,62.2,53300,51.1,8300,15.5,4100,7.7,15800,29.7,7900,14.8,17300,32.4,27800,52.1
"B","North West","30","Lancashire","30UD","Burnley",,,86200,17800,20.7,10700,12.4,28000,32.5,13600,15.7,16100,18.7,52300,60.6,42000,48.7,9300,22,5500,13,13500,32,7900,18.9,5900,14,26800,63.9,44200,51.3,8600,19.4,5200,11.8,14600,33,5600,12.7,10200,23.1,25400,57.5
"B","North West","30","Lancashire","30UE","Chorley",,,103900,19200,18.5,10600,10.2,36500,35.2,18100,17.4,19500,18.7,65200,62.8,51900,50,9700,18.7,5500,10.6,18800,36.2,10800,20.8,7100,13.6,35200,67.7,51900,50,9400,18.2,5100,9.8,17700,34.1,7200,14,12400,23.9,30100,57.9
"B","North West","30","Lancashire","30UF","Fylde",,,76400,12100,15.9,6800,9,23800,31.1,13300,17.4,20400,26.7,43900,57.5,37500,49.1,6200,16.4,3800,10.1,12100,32.2,8100,21.6,7400,19.7,23900,63.8,38900,50.9,6000,15.3,3100,7.9,11700,30,5200,13.4,13000,33.3,20000,51.3
"B","North West","30","Lancashire","30UG","Hyndburn",,,81600,17800,21.8,9300,11.4,27200,33.3,12400,15.2,14900,18.2,48900,60,40300,49.4,9200,22.9,4800,12,13400,33.4,7400,18.3,5400,13.4,25600,63.7,41300,50.6,8600,20.7,4500,10.9,13700,33.3,5000,12.2,9500,22.9,23300,56.3
"B","North West","30","Lancashire","30UH","Lancaster",,,139900,24000,17.2,22800,16.3,44200,31.6,20400,14.6,28500,20.4,87400,62.4,68000,48.6,12300,18.1,11500,16.9,21900,32.2,12000,17.7,10300,15.1,45400,66.8,71900,51.4,11700,16.3,11300,15.7,22300,31,8300,11.6,18300,25.4,42000,58.3
"B","North West","30","Lancashire","30UJ","Pendle",,,89100,18500,20.8,10500,11.8,29100,32.7,14500,16.2,16500,18.5,54100,60.7,43800,49.1,9400,21.4,5500,12.6,14400,32.9,8600,19.6,5900,13.5,28500,65.1,45300,50.9,9200,20.3,5000,11.1,14700,32.4,5900,13,10600,23.3,25600,56.4
"B","North West","30","Lancashire","30UK","Preston",,,136800,25400,18.6,25100,18.4,46200,33.7,18000,13.2,22100,16.1,89300,65.3,68400,50,13200,19.3,12500,18.3,23600,34.5,10700,15.7,8400,12.2,46900,68.5,68400,50,12300,17.9,12600,18.4,22500,32.9,7300,10.7,13700,20,42500,62.1
"B","North West","30","Lancashire","30UL","Ribble Valley",,,57700,10900,18.9,5400,9.4,18600,32.2,10200,17.7,12600,21.8,34200,59.3,28300,49.1,5600,19.9,2900,10.2,9100,32,6100,21.6,4600,16.2,18100,63.8,29400,50.9,5300,17.9,2500,8.6,9500,32.4,4100,13.9,8000,27.2,16100,54.9
"B","North West","30","Lancashire","30UM","Rossendale",,,66400,13800,20.8,7000,10.6,22800,34.4,11100,16.7,11700,17.6,40900,61.7,32500,48.9,7000,21.6,3600,11.2,11100,34.2,6500,20.1,4200,12.9,21300,65.5,33900,51.1,6800,19.9,3400,10.1,11700,34.5,4600,13.5,7500,22,19700,58.1
"B","North West","30","Lancashire","30UN","South Ribble",,,106900,19700,18.5,11400,10.7,36600,34.2,17700,16.5,21500,20.1,65700,61.4,52300,49,10100,19.4,5800,11.2,18100,34.5,10400,19.9,7900,15.1,34300,65.6,54500,51,9600,17.6,5600,10.2,18500,34,7200,13.3,13600,24.9,31300,57.5
"B","North West","30","Lancashire","30UP","West Lancashire",,,110700,21000,18.9,13200,11.9,34900,31.5,18600,16.8,23000,20.8,66700,60.3,53500,48.3,10800,20.2,6400,12,16900,31.6,10800,20.2,8600,16,34100,63.8,57200,51.7,10100,17.7,6800,11.8,18000,31.5,7800,13.7,14500,25.3,32600,57
"B","North West","30","Lancashire","30UQ","Wyre",,,110800,18600,16.8,11400,10.3,32700,29.5,18400,16.6,29700,26.8,62500,56.5,53500,48.3,9600,17.9,6000,11.3,16000,29.9,10900,20.4,10900,20.5,32900,61.6,57300,51.7,9000,15.6,5400,9.4,16700,29.1,7500,13.2,18700,32.7,29600,51.7
"D","Yorkshire and The Humber",,,"00CC","Barnsley",,,223900,42900,19.2,24600,11,76900,34.3,36100,16.1,43500,19.4,137500,61.4,109400,48.8,21900,20,12600,11.5,37700,34.5,21500,19.6,15700,14.4,71700,65.6,114600,51.2,21100,18.4,12000,10.5,39100,34.2,14600,12.8,27700,24.2,65800,57.4
"D","Yorkshire and The Humber",,,"00CE","Doncaster",,,288900,56000,19.4,33300,11.5,96500,33.4,45700,15.8,57500,19.9,175400,60.7,142300,49.3,28700,20.1,17500,12.3,48100,33.8,26900,18.9,21100,14.8,92500,65,146600,50.7,27400,18.7,15700,10.7,48300,33,18900,12.9,36300,24.8,82900,56.6
"D","Yorkshire and The Humber",,,"00CF","Rotherham",,,252300,49500,19.6,28200,11.2,85400,33.9,40200,15.9,49000,19.4,153800,60.9,123400,48.9,25200,20.4,14500,11.8,42000,34,23800,19.3,17900,14.5,80300,65.1,128900,51.1,24300,18.9,13600,10.6,43500,33.7,16400,12.7,31100,24.1,73500,57
"D","Yorkshire and The Humber",,,"00CG","Sheffield",,,535100,93600,17.5,89200,16.7,182900,34.2,71800,13.4,97600,18.2,343900,64.3,266500,49.8,48200,18.1,46600,17.5,93200,35,42800,16.1,35800,13.4,182600,68.5,268600,50.2,45400,16.9,42600,15.9,89700,33.4,29000,10.8,61900,23,161400,60.1
"D","Yorkshire and The Humber",,,"00CX","Bradford",,,496200,112000,22.6,66800,13.5,171300,34.5,67000,13.5,79200,16,305000,61.5,244600,49.3,56700,23.2,34900,14.3,85400,34.9,39100,16,28500,11.7,159400,65.2,251600,50.7,55300,22,31900,12.7,85800,34.1,27800,11.1,50700,20.1,145600,57.9
"D","Yorkshire and The Humber",,,"00CY","Calderdale",,,198500,39900,20.1,21300,10.7,69000,34.7,32000,16.1,36400,18.3,122200,61.6,96700,48.7,20500,21.2,10900,11.3,33700,34.8,18700,19.4,12900,13.4,63300,65.5,101800,51.3,19500,19.1,10400,10.2,35300,34.7,13200,13,23400,23,58900,57.8
"D","Yorkshire and The Humber",,,"00CZ","Kirklees",,,400700,82500,20.6,51000,12.7,136800,34.1,60700,15.1,69600,17.4,248500,62,196500,49,42100,21.4,26600,13.5,67100,34.2,35800,18.2,24900,12.7,129500,65.9,204200,51,40500,19.8,24500,12,69700,34.1,24900,12.2,44700,21.9,119000,58.3
"D","Yorkshire and The Humber",,,"00DA","Leeds",,,772200,133200,17.2,138200,17.9,272900,35.3,99500,12.9,128400,16.6,510600,66.1,380600,49.3,68500,18,69800,18.3,137200,36,58300,15.3,46800,12.3,265300,69.7,391600,50.7,64700,16.5,68400,17.5,135700,34.7,41200,10.5,81600,20.8,245300,62.6
"D","Yorkshire and The Humber",,,"00DB","Wakefield",,,321800,60600,18.8,36100,11.2,112100,34.8,51900,16.1,61100,19,200100,62.2,157600,49,30800,19.6,18300,11.6,55500,35.2,30900,19.6,22100,14,104700,66.4,164300,51,29800,18.1,17800,10.8,56600,34.5,21000,12.8,39000,23.7,95500,58.1
"D","Yorkshire and The Humber",,,"00FA","Kingston upon Hull, City of",,,259500,47800,18.4,42500,16.4,91900,35.4,35000,13.5,42400,16.3,169300,65.3,131100,50.5,24700,18.9,21700,16.6,48000,36.6,20800,15.8,15900,12.1,90500,69,128400,49.5,23100,18,20700,16.2,43900,34.2,14200,11,26500,20.6,78900,61.4
"D","Yorkshire and The Humber",,,"00FB","East Riding of Yorkshire",,,333900,58000,17.4,33800,10.1,104300,31.2,59900,17.9,78000,23.4,197900,59.3,164000,49.1,29500,18,18400,11.2,51600,31.5,35500,21.6,29100,17.7,105500,64.3,169800,50.9,28500,16.8,15400,9,52600,31,24400,14.4,48900,28.8,92400,54.4
"D","Yorkshire and The Humber",,,"00FC","North East Lincolnshire",,,157300,31200,19.8,19000,12.1,50900,32.4,24300,15.4,31900,20.3,94200,59.9,76900,48.9,16000,20.8,9900,12.9,24800,32.2,14500,18.9,11700,15.2,49200,64,80400,51.1,15200,18.9,9200,11.4,26100,32.5,9800,12.1,20100,25.1,45000,56
"D","Yorkshire and The Humber",,,"00FD","North Lincolnshire",,,159700,30300,19,16500,10.3,52400,32.8,27100,17,33400,20.9,96000,60.1,78600,49.2,15600,19.8,8700,11,25900,32.9,16100,20.5,12400,15.8,50600,64.4,81000,50.8,14700,18.2,7800,9.7,26500,32.7,11000,13.6,21000,25.9,45400,56
"D","Yorkshire and The Humber",,,"00FF","York",,,192500,30300,15.7,31100,16.1,66400,34.5,27400,14.2,37400,19.4,124900,64.9,93700,48.7,15500,16.5,15500,16.6,33100,35.3,16100,17.2,13500,14.5,64700,69.1,98800,51.3,14900,15,15500,15.7,33300,33.8,11300,11.4,23800,24.1,60100,60.9
"D","Yorkshire and The Humber","36","North Yorkshire","36UB","Craven",,,55400,9600,17.4,4900,8.8,16900,30.5,10200,18.3,13800,24.9,32000,57.7,27100,48.9,5000,18.3,2600,9.7,8400,30.9,6100,22.4,5100,18.8,17100,63,28300,51.1,4700,16.5,2300,8.1,8600,30.2,4100,14.4,8700,30.7,14900,52.7
"D","Yorkshire and The Humber","36","North Yorkshire","36UC","Hambleton",,,86600,15500,17.8,8200,9.5,27000,31.2,15700,18.1,20200,23.4,50900,58.8,42800,49.5,7900,18.5,4600,10.7,13300,31,9400,21.9,7600,17.8,27300,63.7,43700,50.5,7500,17.2,3600,8.3,13700,31.4,6300,14.4,12600,28.8,23600,54
"D","Yorkshire and The Humber","36","North Yorkshire","36UD","Harrogate",,,154800,28100,18.1,15100,9.8,52300,33.8,25600,16.5,33700,21.8,93000,60.1,75800,49,14200,18.8,8500,11.2,25700,34,15100,19.9,12200,16.1,49300,65.1,79000,51,13800,17.5,6600,8.4,26500,33.6,10500,13.3,21500,27.2,43600,55.3
"D","Yorkshire and The Humber","36","North Yorkshire","36UE","Richmondshire",,,50600,9400,18.6,6900,13.6,16700,33,7900,15.6,9700,19.2,31500,62.2,26400,52.2,5000,19,4600,17.4,8500,32.1,4700,17.7,3600,13.7,17800,67.3,24200,47.8,4400,18.2,2300,9.3,8200,33.9,3200,13.3,6100,25.2,13700,56.6
"D","Yorkshire and The Humber","36","North Yorkshire","36UF","Ryedale",,,53100,9300,17.4,4700,8.9,15900,30,9900,18.7,13300,25,30600,57.6,26100,49.1,4800,18.6,2500,9.4,7800,29.9,5900,22.8,5000,19.4,16200,62.1,27000,50.9,4400,16.4,2300,8.5,8100,30,4000,14.7,8200,30.4,14400,53.2
"D","Yorkshire and The Humber","36","North Yorkshire","36UG","Scarborough",,,108300,18100,16.7,11800,10.9,31300,28.9,19200,17.7,27900,25.8,62300,57.5,52100,48.1,9400,18,6100,11.7,15200,29.1,11300,21.7,10200,19.5,32600,62.5,56200,51.9,8800,15.6,5700,10.1,16100,28.7,7900,14.1,17700,31.6,29700,52.8
"D","Yorkshire and The Humber","36","North Yorkshire","36UH","Selby",,,80300,15500,19.3,7900,9.9,27800,34.6,14000,17.4,15100,18.8,49700,61.9,39300,48.9,7700,19.6,4200,10.6,13500,34.4,8300,21.1,5600,14.3,25900,66.1,41100,51.1,7800,19,3800,9.2,14300,34.9,5700,13.9,9500,23,23800,57.9
"E","East Midlands",,,"00FK","Derby",,,241800,46800,19.3,34000,14,85500,35.4,32100,13.3,43400,17.9,151600,62.7,119800,49.6,24200,20.2,17100,14.3,42900,35.8,19200,16.1,16300,13.6,79300,66.2,121900,50.4,22600,18.5,16800,13.8,42600,35,12900,10.6,27000,22.2,72300,59.3
"E","East Midlands",,,"00FN","Leicester",,,300900,60900,20.2,53500,17.8,108800,36.2,36400,12.1,41300,13.7,198700,66,147400,49,31200,21.2,24900,16.9,54700,37.1,21200,14.4,15300,10.4,100900,68.4,153500,51,29600,19.3,28500,18.6,54100,35.3,15200,9.9,26100,17,97800,63.7
"E","East Midlands",,,"00FP","Rutland",,,37400,7300,19.5,4000,10.8,11500,30.7,6200,16.5,8400,22.5,21700,58,19100,51,3900,20.4,2400,12.4,6000,31.4,3600,19.1,3200,16.8,12000,62.9,18300,49,3400,18.7,1700,9.1,5500,29.9,2500,13.8,5200,28.5,9700,52.8
"E","East Midlands",,,"00FY","Nottingham",,,292300,48800,16.7,68200,23.3,103500,35.4,31100,10.6,40700,13.9,202800,69.4,146400,50.1,25100,17.1,34200,23.3,53800,36.7,18500,12.6,15000,10.2,106400,72.7,145900,49.9,23800,16.3,34000,23.3,49800,34.1,12600,8.6,25700,17.6,96400,66.1
"E","East Midlands","17","Derbyshire","17UB","Amber Valley",,,120100,22100,18.4,11600,9.7,40600,33.8,20800,17.3,24900,20.8,73100,60.9,59000,49.2,11300,19.1,6000,10.1,20100,34.1,12500,21.2,9200,15.5,38600,65.3,61100,50.8,10800,17.6,5700,9.3,20500,33.6,8300,13.7,15800,25.8,34500,56.5
"E","East Midlands","17","Derbyshire","17UC","Bolsover",,,74300,13900,18.7,7800,10.5,25200,33.9,12100,16.2,15300,20.6,45100,60.7,36500,49.1,7200,19.6,4000,11,12400,33.9,7300,20,5600,15.4,23700,65,37800,50.9,6700,17.8,3800,10,12800,33.9,4800,12.6,9700,25.6,21400,56.6
"E","East Midlands","17","Derbyshire","17UD","Chesterfield",,,100500,18100,18.1,10200,10.1,34500,34.4,16400,16.3,21200,21.1,61100,60.8,49300,49,9400,19.1,5300,10.7,17100,34.7,9800,19.8,7700,15.7,32200,65.3,51200,51,8700,17.1,4900,9.6,17400,34,6600,12.9,13500,26.4,29000,56.6
"E","East Midlands","17","Derbyshire","17UF","Derbyshire Dales",,,69500,12100,17.4,5500,7.9,21400,30.8,13500,19.4,17000,24.5,40400,58.1,34300,49.4,6200,18,3000,8.6,10800,31.5,8100,23.6,6300,18.3,21900,63.7,35100,50.6,5900,16.8,2600,7.3,10600,30.2,5400,15.2,10700,30.5,18500,52.7
"E","East Midlands","17","Derbyshire","17UG","Erewash",,,110000,20400,18.5,11600,10.5,38700,35.2,17500,15.9,21900,19.9,67800,61.6,53800,48.9,10500,19.4,5900,11,18900,35.2,10500,19.6,8000,14.8,35300,65.7,56200,51.1,9900,17.7,5700,10.1,19700,35.1,7000,12.4,13900,24.7,32400,57.6
"E","East Midlands","17","Derbyshire","17UH","High Peak",,,91600,17300,18.9,9400,10.3,31700,34.6,15500,16.9,17800,19.4,56500,61.7,45300,49.4,8900,19.6,5000,11,15500,34.2,9300,20.5,6600,14.6,29800,65.7,46300,50.6,8400,18.1,4400,9.6,16200,34.9,6200,13.3,11200,24.1,26800,57.8
"E","East Midlands","17","Derbyshire","17UJ","North East Derbyshire",,,97800,16800,17.2,9300,9.6,31200,31.9,17800,18.2,22700,23.2,58300,59.6,48100,49.1,8600,17.9,4900,10.2,15400,32,10700,22.2,8500,17.6,31000,64.4,49700,50.9,8200,16.4,4400,8.9,15800,31.8,7100,14.3,14200,28.5,27400,55
"E","East Midlands","17","Derbyshire","17UK","South Derbyshire",,,90500,18300,20.2,8900,9.8,32700,36.1,14800,16.3,15800,17.5,56400,62.3,45100,49.9,9600,21.3,4700,10.3,16100,35.7,8800,19.6,5900,13,29600,65.6,45400,50.1,8700,19.1,4200,9.3,16600,36.5,6000,13.1,10000,21.9,26800,59
"E","East Midlands","31","Leicestershire","31UB","Blaby",,,92900,17500,18.8,9300,10,32400,34.9,15000,16.2,18700,20.2,56700,61,46200,49.7,8900,19.3,5100,11,16300,35.2,8900,19.2,7100,15.4,30200,65.4,46700,50.3,8600,18.4,4200,9,16100,34.5,6200,13.2,11600,24.9,26500,56.7
"E","East Midlands","31","Leicestershire","31UC","Charnwood",,,161200,27800,17.2,28300,17.6,51200,31.8,24600,15.3,29300,18.2,104100,64.6,80400,49.8,14200,17.7,15800,19.6,24900,31,14600,18.2,10900,13.5,55200,68.7,80900,50.2,13600,16.8,12600,15.6,26300,32.6,10000,12.4,18400,22.8,48900,60.5
"E","East Midlands","31","Leicestershire","31UD","Harborough",,,82100,16300,19.8,7000,8.6,27700,33.8,14400,17.5,16600,20.3,49200,59.9,40700,49.6,8400,20.7,3700,9.2,13700,33.6,8600,21.2,6200,15.3,26000,64,41300,50.4,7800,19,3300,8,14000,34,5800,14,10400,25.2,23100,55.9
"E","East Midlands","31","Leicestershire","31UE","Hinckley and Bosworth",,,103700,18500,17.9,10000,9.7,35400,34.1,18600,17.9,21200,20.4,64000,61.7,50900,49.1,9500,18.6,5100,10,17500,34.3,11000,21.6,7900,15.5,33600,65.9,52800,50.9,9000,17.1,4900,9.3,17900,33.9,7600,14.4,13300,25.2,30400,57.7
"E","East Midlands","31","Leicestershire","31UG","Melton",,,48700,9100,18.7,4600,9.3,16200,33.3,8700,17.9,10100,20.8,29500,60.5,23900,49.1,4700,19.7,2200,9.4,8000,33.4,5200,21.9,3700,15.6,15500,64.7,24800,50.9,4400,17.7,2300,9.3,8200,33.2,3500,14.1,6400,25.8,14000,56.6
"E","East Midlands","31","Leicestershire","31UH","North West Leicestershire",,,90000,17300,19.2,8400,9.3,31300,34.8,15200,16.9,17800,19.7,54900,61,44700,49.6,9000,20.2,4400,9.8,15600,34.9,9100,20.4,6600,14.7,29100,65.1,45300,50.4,8300,18.3,4000,8.9,15700,34.7,6100,13.4,11200,24.7,25800,57
"E","East Midlands","31","Leicestershire","31UJ","Oadby and Wigston",,,58300,10400,17.8,9900,17,17200,29.5,8600,14.8,12300,21,35700,61.2,28400,48.7,5300,18.8,5300,18.8,8000,28.3,5100,17.9,4600,16.2,18500,65,29900,51.3,5000,16.8,4500,15.2,9100,30.6,3500,11.8,7700,25.6,17200,57.6
"E","East Midlands","32","Lincolnshire","32UB","Boston",,,59100,10600,17.9,6200,10.4,18100,30.7,10100,17,14200,24,34400,58.1,29100,49.2,5400,18.6,3200,11.1,9000,31,6000,20.8,5400,18.5,18300,62.9,30000,50.8,5200,17.2,2900,9.8,9100,30.4,4000,13.4,8800,29.2,16100,53.6
"E","East Midlands","32","Lincolnshire","32UC","East Lindsey",,,140100,22200,15.8,13100,9.3,38800,27.7,26600,19,39400,28.1,78500,56,69000,49.2,11500,16.6,7000,10.1,19000,27.6,16000,23.2,15500,22.5,42000,60.9,71100,50.8,10700,15.1,6100,8.5,19800,27.9,10600,14.9,23900,33.6,36500,51.3
"E","East Midlands","32","Lincolnshire","32UD","Lincoln",,,88200,15000,17,18000,20.4,28300,32.1,11800,13.3,15200,17.2,58000,65.8,43100,48.9,7700,17.9,8700,20.1,14200,32.8,7000,16.2,5600,12.9,29900,69.2,45100,51.1,7200,16.1,9300,20.6,14100,31.4,4800,10.6,9600,21.4,28200,62.6
"E","East Midlands","32","Lincolnshire","32UE","North Kesteven",,,103900,18700,18,10100,9.7,34100,32.8,17000,16.4,24000,23.1,61200,58.9,51000,49,9600,18.8,5500,10.8,16600,32.6,10100,19.7,9200,18,32200,63.2,53000,51,9100,17.3,4600,8.6,17500,33,7000,13.1,14800,27.9,29000,54.8
"E","East Midlands","32","Lincolnshire","32UF","South Holland",,,83100,14400,17.4,7300,8.8,25500,30.7,14400,17.3,21500,25.9,47200,56.8,40600,48.9,7400,18.1,3800,9.4,12600,31.1,8500,20.9,8300,20.5,25000,61.5,42500,51.1,7100,16.7,3500,8.3,12900,30.3,5900,13.8,13200,31,22200,52.3
"E","East Midlands","32","Lincolnshire","32UG","South Kesteven",,,129700,24700,19.1,12300,9.5,43000,33.2,22000,17,27600,21.3,77300,59.6,63300,48.8,12500,19.8,6400,10.1,21000,33.2,13000,20.6,10300,16.3,40400,63.9,66400,51.2,12200,18.4,5900,8.9,22000,33.1,9000,13.6,17300,26.1,36900,55.6
"E","East Midlands","32","Lincolnshire","32UH","West Lindsey",,,87400,16200,18.5,8600,9.8,26800,30.6,15800,18.1,20000,22.9,51200,58.6,42700,48.9,8300,19.4,4500,10.6,12800,30.1,9400,22,7700,18.1,26700,62.6,44700,51.1,7900,17.7,4100,9.1,13900,31.2,6500,14.5,12300,27.5,24500,54.8
"E","East Midlands","34","Northamptonshire","34UB","Corby",,,54000,11300,20.8,6400,11.8,18700,34.7,8100,15,9600,17.8,33200,61.4,26500,49.1,5700,21.5,3200,12.2,9300,35,4700,17.9,3500,13.3,17300,65.1,27500,50.9,5500,20.2,3100,11.3,9400,34.3,3400,12.2,6100,22,15900,57.8
"E","East Midlands","34","Northamptonshire","34UC","Daventry",,,77700,15700,20.3,7800,10,27100,34.9,13300,17.1,13800,17.8,48200,62,39000,50.2,8200,20.9,4200,10.8,13600,34.9,7900,20.3,5100,13.1,25800,66,38700,49.8,7600,19.6,3600,9.2,13500,34.8,5400,13.9,8700,22.5,22400,57.9
"E","East Midlands","34","Northamptonshire","34UD","East Northamptonshire",,,84100,17600,20.9,7800,9.2,29200,34.8,14100,16.8,15400,18.3,51100,60.8,41600,49.5,9000,21.7,4000,9.7,14400,34.7,8400,20.2,5700,13.7,26900,64.6,42400,50.5,8500,20.1,3700,8.8,14800,34.8,5700,13.3,9700,22.9,24200,57
"E","East Midlands","34","Northamptonshire","34UE","Kettering",,,88300,17700,20,8700,9.9,31600,35.8,14000,15.9,16300,18.4,54300,61.6,43300,49.1,9000,20.8,4400,10.2,15800,36.5,8200,18.9,5900,13.6,28400,65.6,45000,50.9,8700,19.3,4300,9.7,15800,35.1,5800,12.9,10300,23,25900,57.7
"E","East Midlands","34","Northamptonshire","34UF","Northampton",,,205300,39200,19.1,28200,13.7,76100,37.1,29100,14.2,32800,16,133400,64.9,101000,49.2,19900,19.7,13900,13.8,38100,37.7,17100,17,12000,11.8,69200,68.5,104400,50.8,19300,18.5,14200,13.6,38000,36.4,12000,11.5,20800,20,64200,61.5
"E","East Midlands","34","Northamptonshire","34UG","South Northamptonshire",,,87900,18100,20.5,7700,8.7,31600,35.9,15100,17.1,15600,17.7,54300,61.7,43700,49.7,9200,21.1,4000,9.2,15600,35.7,9000,20.7,5800,13.3,28600,65.6,44200,50.3,8900,20,3600,8.2,16000,36.1,6000,13.6,9700,22,25600,57.9
"E","East Midlands","34","Northamptonshire","34UH","Wellingborough",,,75200,15000,19.9,7900,10.5,26100,34.7,12200,16.2,14100,18.7,46100,61.4,37400,49.8,7700,20.6,4200,11.2,13200,35.2,7200,19.2,5200,13.8,24500,65.6,37700,50.2,7200,19.2,3700,9.8,12900,34.1,5000,13.2,8900,23.7,21600,57.1
"E","East Midlands","37","Nottinghamshire","37UB","Ashfield",,,115300,21900,19,12500,10.8,40100,34.8,18200,15.8,22600,19.6,70800,61.4,56300,48.8,11300,20,6300,11.2,19600,34.7,11000,19.5,8200,14.6,36800,65.4,59000,51.2,10600,18,6200,10.5,20500,34.8,7300,12.3,14400,24.4,34000,57.6
"E","East Midlands","37","Nottinghamshire","37UC","Bassetlaw",,,110700,20600,18.6,11200,10.1,37000,33.4,19000,17.2,23000,20.7,67200,60.7,55000,49.6,10600,19.2,5900,10.6,18600,33.8,11400,20.7,8600,15.6,35800,65.2,55800,50.4,10000,18,5300,9.5,18400,33,7700,13.7,14400,25.8,31400,56.3
"E","East Midlands","37","Nottinghamshire","37UD","Broxtowe",,,110100,18100,16.5,12800,11.7,39400,35.8,17600,15.9,22100,20.1,69800,63.4,54500,49.5,9300,17.1,6700,12.3,19900,36.4,10400,19.1,8200,15.1,37000,67.8,55600,50.5,8800,15.9,6100,11,19600,35.2,7200,12.9,13900,25,32900,59.1
"E","East Midlands","37","Nottinghamshire","37UE","Gedling",,,112000,19800,17.6,11400,10.2,38400,34.3,18600,16.6,23800,21.2,68500,61.2,54600,48.8,10100,18.6,5900,10.8,18800,34.4,11000,20.1,8900,16.2,35600,65.2,57400,51.2,9600,16.7,5500,9.7,19700,34.3,7700,13.3,14900,26,32900,57.3
"E","East Midlands","37","Nottinghamshire","37UF","Mansfield",,,99300,18600,18.7,11400,11.5,33700,33.9,15800,15.9,19800,19.9,60900,61.3,48400,48.7,9400,19.5,5900,12.2,16400,33.8,9400,19.4,7200,15,31700,65.5,50900,51.3,9200,18,5500,10.8,17300,34,6400,12.5,12500,24.6,29200,57.4
"E","East Midlands","37","Nottinghamshire","37UG","Newark and Sherwood",,,111900,21100,18.8,11200,10,36500,32.7,19000,17,24000,21.5,66800,59.7,54700,48.9,10900,19.9,5800,10.6,17900,32.7,11300,20.6,8800,16.2,35000,64,57200,51.1,10200,17.9,5400,9.5,18600,32.6,7700,13.5,15200,26.6,31700,55.5
"E","East Midlands","37","Nottinghamshire","37UJ","Rushcliffe",,,110000,20400,18.5,11800,10.7,38100,34.6,17800,16.2,21900,19.9,67700,61.6,54500,49.5,10500,19.3,6000,11.1,19200,35.3,10600,19.5,8100,14.8,35900,65.8,55600,50.5,9800,17.7,5800,10.4,18900,34,7200,12.9,13900,24.9,31900,57.3
"F","West Midlands",,,"00CN","Birmingham",,,1011700,221700,21.9,161800,16,349800,34.6,120500,11.9,157900,15.6,632100,62.5,496100,49,113200,22.8,80500,16.2,174000,35.1,69900,14.1,58400,11.8,324400,65.4,515600,51,108500,21,81200,15.8,175800,34.1,50600,9.8,99500,19.3,307700,59.7
"F","West Midlands",,,"00CQ","Coventry",,,306500,59300,19.3,49300,16.1,105600,34.5,39400,12.9,52900,17.2,194300,63.4,153300,50,30400,19.8,25700,16.7,54400,35.5,23400,15.3,19500,12.7,103400,67.5,153200,50,28900,18.9,23700,15.5,51300,33.5,15900,10.4,33400,21.8,90900,59.3
"F","West Midlands",,,"00CR","Dudley",,,305400,58200,19.1,32600,10.7,102300,33.5,48600,15.9,63700,20.9,183500,60.1,150000,49.1,29900,19.9,16800,11.2,50700,33.8,29100,19.4,23600,15.7,96600,64.4,155300,50.9,28400,18.3,15800,10.2,51600,33.2,19500,12.5,40100,25.8,86900,55.9
"F","West Midlands",,,"00CS","Sandwell",,,287000,59700,20.8,34500,12,100500,35,39300,13.7,53100,18.5,174200,60.7,140100,48.8,30300,21.7,17500,12.5,49500,35.3,23300,16.6,19500,13.9,90200,64.4,146900,51.2,29400,20,17000,11.6,51000,34.7,16000,10.9,33600,22.8,84000,57.2
"F","West Midlands",,,"00CT","Solihull",,,202800,39800,19.6,21900,10.8,66200,32.6,32400,16,42600,21,120400,59.4,98600,48.6,20600,20.9,11300,11.5,32100,32.6,19100,19.4,15400,15.7,62600,63.5,104200,51.4,19200,18.4,10600,10.2,34000,32.6,13300,12.7,27200,26.1,57900,55.5
"F","West Midlands",,,"00CU","Walsall",,,254200,53300,21,29700,11.7,83200,32.7,37000,14.6,51000,20,149900,59,123800,48.7,26900,21.7,15100,12.2,40800,32.9,22000,17.8,19000,15.3,77900,62.9,130400,51.3,26400,20.2,14600,11.2,42400,32.5,15000,11.5,32000,24.5,72100,55.3
"F","West Midlands",,,"00CW","Wolverhampton",,,237400,46400,19.5,30000,12.6,81900,34.5,33100,13.9,46100,19.4,144900,61,117600,49.6,24000,20.4,15400,13.1,41400,35.2,19400,16.5,17400,14.8,76200,64.8,119800,50.4,22400,18.7,14500,12.1,40500,33.8,13700,11.4,28600,23.9,68700,57.4
"F","West Midlands",,,"00GA","Herefordshire, County of",,,178100,31500,17.7,16400,9.2,54700,30.7,32000,18,43600,24.5,103100,57.9,87100,48.9,16200,18.6,8500,9.8,27100,31.1,19000,21.8,16300,18.7,54600,62.7,91000,51.1,15300,16.8,7900,8.6,27600,30.3,13000,14.3,27300,30,48500,53.3
"F","West Midlands",,,"00GF","Telford and Wrekin",,,161400,33600,20.8,19600,12.2,55800,34.6,25300,15.7,27000,16.7,100700,62.4,79500,49.2,17100,21.6,10300,12.9,27400,34.4,14900,18.7,9800,12.3,52500,66.1,81900,50.8,16500,20.1,9300,11.4,28400,34.7,10400,12.7,17200,21,48200,58.9
"F","West Midlands",,,"00GG","Shropshire",,,..,..,..,..,..,..,..,..,..,..,..,..,..,..,..,..,..,..,..,..,..,..,..,..,..,..,..,..,..,..,..,..,..,..,..,..,..,..,..,..,..
"F","West Midlands",,,"00GL","Stoke-on-Trent",,,238200,45000,18.9,31900,13.4,80300,33.7,36100,15.1,45000,18.9,148300,62.2,116500,48.9,22900,19.6,16100,13.8,39800,34.2,21700,18.6,16000,13.7,77600,66.6,121700,51.1,22100,18.1,15700,12.9,40500,33.3,14400,11.8,29000,23.8,70600,58
"F","West Midlands","41","Staffordshire","41UB","Cannock Chase",,,94000,18300,19.5,10600,11.2,33400,35.6,14800,15.7,16900,17.9,58800,62.5,46100,49,9400,20.3,5300,11.5,16600,36,8800,19.1,6100,13.2,30700,66.5,47900,51,9000,18.8,5300,11,16800,35.2,6000,12.5,10800,22.5,28100,58.7
"F","West Midlands","41","Staffordshire","41UC","East Staffordshire",,,107400,21400,19.9,11200,10.4,36700,34.2,17000,15.9,21000,19.6,65000,60.5,53000,49.3,10900,20.6,5800,10.9,18400,34.8,10200,19.3,7700,14.5,34400,65,54400,50.7,10500,19.2,5400,10,18300,33.7,6800,12.5,13400,24.6,30600,56.2
"F","West Midlands","41","Staffordshire","41UD","Lichfield",,,97600,17900,18.4,9400,9.6,31600,32.4,17300,17.7,21300,21.9,58300,59.8,48100,49.3,9100,19,5100,10.6,15600,32.4,10400,21.6,7900,16.4,31100,64.6,49500,50.7,8800,17.8,4300,8.7,16000,32.4,6900,13.9,13500,27.2,27200,55
"F","West Midlands","41","Staffordshire","41UE","Newcastle-under-Lyme",,,124500,21200,17,17700,14.2,40100,32.2,20000,16.1,25400,20.4,77800,62.5,61000,49,10900,17.8,9000,14.8,20000,32.7,11900,19.6,9200,15.1,40900,67.1,63500,51,10300,16.3,8700,13.7,20100,31.7,8100,12.7,16200,25.6,36900,58.1
"F","West Midlands","41","Staffordshire","41UF","South Staffordshire",,,106200,18400,17.3,10900,10.2,33500,31.6,19300,18.2,24100,22.7,63700,60,52100,49.1,9200,17.7,5800,11.2,16500,31.7,11500,22,9100,17.4,33800,64.9,54100,50.9,9200,17,5000,9.3,17000,31.5,7800,14.5,15000,27.8,29900,55.2
"F","West Midlands","41","Staffordshire","41UG","Stafford",,,124400,21300,17.1,13600,10.9,40900,32.9,21400,17.2,27200,21.8,75900,61,61600,49.5,10800,17.6,7800,12.6,20200,32.8,12700,20.7,10100,16.3,40700,66.1,62800,50.5,10500,16.7,5900,9.3,20700,33,8600,13.7,17100,27.3,35100,56
"F","West Midlands","41","Staffordshire","41UH","Staffordshire Moorlands",,,95200,16300,17.1,8900,9.4,30200,31.7,17700,18.6,22100,23.2,56800,59.7,46800,49.2,8200,17.5,4700,10.1,15000,32.1,10600,22.7,8200,17.6,30400,64.9,48400,50.8,8100,16.8,4200,8.7,15200,31.4,7100,14.6,13800,28.6,26500,54.7
"F","West Midlands","41","Staffordshire","41UK","Tamworth",,,75100,15300,20.4,8900,11.8,26500,35.3,12500,16.6,11900,15.9,47800,63.7,37000,49.3,7700,20.9,4500,12.2,13000,35.2,7400,19.9,4400,11.8,24900,67.3,38100,50.7,7600,19.9,4400,11.4,13500,35.4,5100,13.4,7600,19.9,22900,60.2
"F","West Midlands","44","Warwickshire","44UB","North Warwickshire",,,61700,11200,18.1,6300,10.2,20800,33.7,11000,17.8,12500,20.2,38100,61.7,30600,49.6,5800,18.8,3300,10.6,10300,33.7,6600,21.6,4700,15.2,20200,65.9,31100,50.4,5400,17.4,3000,9.7,10500,33.7,4400,14.1,7800,25.1,17900,57.5
"F","West Midlands","44","Warwickshire","44UC","Nuneaton and Bedworth",,,120900,23900,19.8,13300,11,41100,34,19600,16.2,23000,19,74000,61.2,59500,49.2,12000,20.2,6800,11.4,20600,34.6,11700,19.6,8400,14.2,39000,65.6,61400,50.8,11900,19.3,6600,10.7,20500,33.4,7900,12.9,14600,23.7,35000,57
"F","West Midlands","44","Warwickshire","44UD","Rugby",,,91800,18300,20,9100,9.9,31400,34.2,14600,15.9,18400,20,55000,60,45800,50,9500,20.7,4800,10.4,15800,34.4,8800,19.3,7000,15.2,29400,64.1,45900,50,8800,19.2,4300,9.3,15600,34,5800,12.5,11400,24.9,25700,55.9
"F","West Midlands","44","Warwickshire","44UE","Stratford-on-Avon",,,117800,21300,18.1,9800,8.3,37500,31.8,21500,18.2,27700,23.5,68800,58.4,57400,48.7,10800,18.9,4900,8.5,18600,32.4,13000,22.6,10100,17.7,36400,63.5,60500,51.3,10500,17.4,4900,8.1,18900,31.3,8600,14.1,17600,29.1,32400,53.5
"F","West Midlands","44","Warwickshire","44UF","Warwick",,,137000,23000,16.8,18100,13.2,49800,36.4,20400,14.9,25700,18.8,88300,64.4,68400,49.9,12000,17.5,9100,13.3,25600,37.4,12200,17.9,9500,13.9,46900,68.6,68600,50.1,11000,16.1,9000,13.1,24200,35.3,8200,11.9,16200,23.6,41400,60.3
"F","West Midlands","47","Worcestershire","47UB","Bromsgrove",,,92400,17200,18.6,8300,9,30900,33.5,15900,17.2,20100,21.8,55100,59.6,45600,49.4,8900,19.6,4300,9.5,15400,33.7,9500,20.8,7500,16.4,29200,64.1,46800,50.6,8200,17.6,3900,8.4,15500,33.2,6400,13.7,12700,27.1,25900,55.3
"F","West Midlands","47","Worcestershire","47UC","Malvern Hills",,,74400,13400,18,6300,8.4,21700,29.1,13600,18.3,19400,26,41600,55.9,36500,49,6900,18.8,3500,9.6,10700,29.4,8100,22.1,7300,20,22300,61.1,37900,51,6500,17.3,2800,7.3,10900,28.9,5600,14.7,12100,31.9,19300,50.9
"F","West Midlands","47","Worcestershire","47UD","Redditch",,,78600,15700,19.9,8800,11.1,27600,35.2,13700,17.5,12800,16.3,50100,63.8,38800,49.3,8000,20.7,4500,11.6,13600,35.2,7900,20.5,4700,12.1,26100,67.2,39800,50.7,7700,19.2,4300,10.7,14000,35.1,5800,14.5,8100,20.4,24000,60.4
"F","West Midlands","47","Worcestershire","47UE","Worcester",,,93400,17800,19,11200,12,34700,37.1,13400,14.3,16400,17.5,59300,63.5,45700,49,9000,19.7,5500,12.1,17300,37.8,7900,17.2,6000,13.1,30700,67.2,47600,51,8700,18.3,5700,11.9,17300,36.4,5500,11.6,10400,21.8,28500,59.9
"F","West Midlands","47","Worcestershire","47UF","Wychavon",,,116500,21200,18.2,9900,8.5,37500,32.2,21200,18.2,26800,23,68600,58.9,57400,49.3,10800,18.9,5300,9.2,18500,32.2,12700,22.1,10100,17.6,36500,63.5,59100,50.7,10300,17.5,4600,7.8,19000,32.2,8500,14.3,16600,28.2,32100,54.4
"F","West Midlands","47","Worcestershire","47UG","Wyre Forest",,,98200,17200,17.5,9600,9.8,31500,32.1,17800,18.1,22200,22.6,58800,59.9,48500,49.4,9000,18.6,5000,10.4,15600,32.2,10600,22,8200,16.9,31300,64.5,49700,50.6,8200,16.4,4500,9.1,15900,31.9,7100,14.4,14000,28.1,27500,55.4
"G","East of England",,,"00JA","Peterborough",,,168300,34400,20.4,20200,12,63000,37.5,23300,13.8,27400,16.3,106500,63.3,83200,49.4,17500,21.1,10300,12.3,31800,38.3,13400,16.2,10100,12.2,55500,66.8,85100,50.6,16800,19.8,10000,11.7,31200,36.7,9900,11.6,17300,20.3,51000,59.9
"G","East of England",,,"00KA","Luton",,,187200,41700,22.3,27400,14.6,67300,35.9,23700,12.7,27100,14.5,118300,63.2,94500,50.5,21200,22.5,13800,14.6,34600,36.6,14000,14.8,10900,11.6,62400,66,92700,49.5,20500,22.1,13500,14.6,32700,35.3,9700,10.5,16200,17.5,56000,60.4
"G","East of England",,,"00KB","Bedford",,,155500,30900,19.8,17400,11.2,56300,36.2,23200,14.9,27700,17.8,97000,62.4,76600,49.3,15900,20.8,8900,11.7,27700,36.2,13700,17.9,10300,13.4,50400,65.8,78900,50.7,14900,18.9,8500,10.8,28600,36.2,9500,12,17400,22.1,46600,59
"G","East of England",,,"00KC","Central Bedfordshire",,,..,..,..,..,..,..,..,..,..,..,..,..,..,..,..,..,..,..,..,..,..,..,..,..,..,..,..,..,..,..,..,..,..,..,..,..,..,..,..,..,..
"G","East of England",,,"00KF","Southend-on-Sea",,,160900,30900,19.2,17000,10.6,55000,34.2,23600,14.7,34400,21.4,95600,59.4,77800,48.4,16000,20.6,8700,11.2,27100,34.8,13800,17.8,12100,15.6,49600,63.8,83100,51.6,14800,17.8,8300,10,27900,33.6,9800,11.8,22300,26.8,46000,55.3
"G","East of England",,,"00KG","Thurrock",,,152200,32000,21,17200,11.3,57600,37.8,21700,14.3,23800,15.6,96400,63.4,74200,48.8,16400,22.1,8400,11.4,28300,38.1,12800,17.2,8300,11.1,49500,66.7,78000,51.2,15500,19.9,8700,11.2,29300,37.5,8900,11.4,15500,19.9,46900,60.2
"G","East of England","12","Cambridgeshire","12UB","Cambridge",,,115700,16000,13.9,29700,25.7,41700,36,12200,10.6,16100,13.9,83600,72.2,57800,49.9,8000,13.8,15200,26.2,21800,37.8,7000,12.1,5800,10.1,44000,76.1,58000,50.1,8100,13.9,14500,25.1,19800,34.2,5300,9.1,10300,17.8,39600,68.3
"G","East of England","12","Cambridgeshire","12UC","East Cambridgeshire",,,81200,15700,19.3,7300,9,29000,35.7,13000,16,16300,20,49300,60.6,40000,49.2,8100,20.3,3800,9.4,14200,35.6,7800,19.5,6100,15.3,25700,64.4,41300,50.8,7600,18.4,3500,8.5,14800,35.7,5200,12.7,10200,24.6,23500,57
"G","East of England","12","Cambridgeshire","12UD","Fenland",,,91200,16800,18.4,8500,9.4,29200,32,15500,17,21200,23.2,53200,58.4,44600,48.9,8500,19.1,4400,9.8,14400,32.4,9200,20.7,8100,18.2,28000,62.8,46500,51.1,8300,17.7,4200,9,14800,31.7,6200,13.4,13100,28.1,25200,54.2
"G","East of England","12","Cambridgeshire","12UE","Huntingdonshire",,,164000,32800,20,16100,9.8,59000,36,26900,16.4,29200,17.8,102000,62.2,81700,49.9,16900,20.7,8500,10.4,29500,36.1,16000,19.6,10800,13.2,54000,66.1,82200,50.1,15900,19.4,7600,9.2,29500,35.9,10900,13.2,18400,22.4,47900,58.3
"G","East of England","12","Cambridgeshire","12UG","South Cambridgeshire",,,140500,27700,19.7,13100,9.3,50200,35.7,23200,16.5,26300,18.7,86500,61.6,69400,49.4,14100,20.4,7000,10.1,24900,35.8,13600,19.7,9800,14.1,45500,65.6,71100,50.6,13600,19.1,6100,8.6,25300,35.6,9600,13.4,16500,23.2,41000,57.7
"G","East of England","22","Essex","22UB","Basildon",,,170100,34700,20.4,18700,11,60800,35.8,24900,14.7,30800,18.1,104500,61.4,82300,48.4,17800,21.6,9500,11.5,29700,36.1,14400,17.5,10900,13.2,53600,65.2,87800,51.6,17000,19.3,9200,10.5,31100,35.4,10600,12,20000,22.7,50900,57.9
"G","East of England","22","Essex","22UC","Braintree",,,141000,28200,20,13700,9.7,49600,35.2,23100,16.4,26400,18.8,86400,61.3,69300,49.2,14400,20.7,7100,10.2,24700,35.6,13600,19.6,9600,13.8,45400,65.4,71600,50.8,13800,19.3,6600,9.2,24900,34.7,9500,13.3,16800,23.5,41000,57.2
"G","East of England","22","Essex","22UD","Brentwood",,,71300,13600,19.1,6900,9.6,24200,33.9,11200,15.8,15400,21.6,42300,59.3,34400,48.2,6900,20.1,3500,10.1,11800,34.4,6600,19.1,5600,16.3,21900,63.7,36900,51.8,6700,18.2,3400,9.2,12300,33.4,4700,12.6,9800,26.5,20400,55.3
"G","East of England","22","Essex","22UE","Castle Point",,,88500,16100,18.2,9200,10.4,26700,30.1,15500,17.5,21000,23.7,51300,58,43200,48.8,8300,19.2,4800,11.1,13200,30.5,9200,21.3,7700,17.8,27200,62.9,45300,51.2,7800,17.3,4400,9.7,13500,29.8,6200,13.8,13300,29.4,24100,53.3
"G","East of England","22","Essex","22UF","Chelmsford",,,163800,31100,19,18200,11.1,58600,35.8,25700,15.7,30100,18.4,102500,62.6,80600,49.2,15900,19.7,9400,11.6,29300,36.3,15200,18.9,10900,13.5,53900,66.8,83100,50.8,15200,18.3,8900,10.7,29300,35.3,10500,12.6,19300,23.2,48700,58.5
"G","East of England","22","Essex","22UG","Colchester",,,169600,31100,18.3,24700,14.6,59000,34.8,24800,14.6,30000,17.7,108500,64,83200,49.1,15800,19,13000,15.6,29200,35.1,14500,17.4,10800,12.9,56600,68.1,86400,50.9,15300,17.7,11800,13.6,29800,34.5,10300,11.9,19300,22.3,51900,60
"G","East of England","22","Essex","22UH","Epping Forest",,,122900,23400,19.1,12200,10,42400,34.5,19900,16.2,24900,20.2,74600,60.7,59800,48.6,12100,20.2,6200,10.4,20700,34.6,11800,19.8,9000,15,38700,64.8,63100,51.4,11400,18,6000,9.5,21700,34.4,8100,12.9,15900,25.2,35800,56.8
"G","East of England","22","Essex","22UJ","Harlow",,,78900,16000,20.2,9100,11.6,29300,37.1,10900,13.8,13700,17.3,49300,62.4,38200,48.5,8200,21.5,4500,11.7,14400,37.7,6200,16.3,4900,12.7,25100,65.8,40600,51.5,7700,19,4700,11.5,14800,36.5,4600,11.4,8800,21.7,24100,59.3
"G","East of England","22","Essex","22UK","Maldon",,,61900,11800,19.1,5700,9.2,20000,32.3,11200,18.1,13200,21.3,36900,59.6,30600,49.5,6200,20.1,3100,10.1,9800,31.9,6700,22,4900,15.9,19600,63.9,31300,50.5,5700,18.1,2600,8.3,10200,32.7,4500,14.3,8300,26.6,17300,55.3
"G","East of England","22","Essex","22UL","Rochford",,,82200,15600,19,8400,10.2,26500,32.2,13500,16.4,18200,22.2,48300,58.8,40300,49.1,8000,19.9,4600,11.3,13100,32.4,8000,19.8,6700,16.7,25600,63.5,41800,50.9,7600,18.1,3800,9.1,13400,32.1,5500,13.2,11500,27.5,22700,54.3
"G","East of England","22","Essex","22UN","Tendring",,,146800,24200,16.5,13300,9.1,40200,27.4,24500,16.7,44500,30.3,78000,53.2,70500,48,12300,17.4,7000,9.9,19800,28.1,14600,20.7,16800,23.8,41400,58.7,76300,52,11900,15.6,6300,8.3,20400,26.7,9900,13,27700,36.4,36700,48.1
"G","East of England","22","Essex","22UQ","Uttlesford",,,73200,15100,20.6,6500,8.9,24700,33.8,12700,17.3,14200,19.4,43900,60,36400,49.8,7700,21.3,3500,9.6,12300,33.9,7600,20.8,5300,14.5,23400,64.3,36800,50.2,7300,19.9,3000,8.2,12400,33.7,5100,13.9,8900,24.3,20500,55.9
"G","East of England","26","Hertfordshire","26UB","Broxbourne",,,89200,17900,20.1,9600,10.8,31900,35.8,13200,14.8,16600,18.7,54700,61.3,43200,48.4,9200,21.3,4800,11.1,15500,35.8,7700,17.7,6100,14,27900,64.7,46000,51.6,8700,18.9,4800,10.5,16400,35.7,5500,11.9,10600,23,26700,58.1
"G","East of England","26","Hertfordshire","26UC","Dacorum",,,138500,27600,19.9,13600,9.8,50200,36.3,21600,15.6,25600,18.5,85400,61.6,68000,49.1,13900,20.5,7000,10.3,25000,36.8,12700,18.7,9300,13.7,44700,65.8,70600,50.9,13700,19.3,6600,9.3,25200,35.8,8900,12.6,16200,23,40700,57.7
"G","East of England","26","Hertfordshire","26UD","East Hertfordshire",,,134100,27500,20.5,12000,8.9,50400,37.6,20900,15.6,23200,17.3,83300,62.2,65600,48.9,14000,21.4,5900,8.9,24800,37.8,12400,18.9,8600,13,43000,65.6,68500,51.1,13500,19.7,6100,8.9,25700,37.5,8600,12.5,14700,21.4,40300,58.9
"G","East of England","26","Hertfordshire","26UE","Hertsmere",,,96300,19600,20.4,9700,10.1,34300,35.6,14600,15.2,18000,18.7,58600,60.9,46600,48.4,10200,21.9,4900,10.6,16400,35.2,8700,18.6,6400,13.7,30000,64.3,49700,51.6,9400,18.9,4800,9.7,17900,36,6000,12,11600,23.4,28700,57.7
"G","East of England","26","Hertfordshire","26UF","North Hertfordshire",,,122400,24400,20,10900,8.9,44700,36.5,18800,15.4,23600,19.3,74400,60.8,59600,48.7,12200,20.6,5600,9.4,22000,37,11000,18.5,8700,14.5,38700,64.9,62800,51.3,12200,19.4,5300,8.4,22700,36.1,7800,12.4,14900,23.8,35700,56.9
"G","East of England","26","Hertfordshire","26UG","St Albans",,,133100,28400,21.4,11400,8.6,50500,37.9,19600,14.7,23200,17.5,81400,61.2,65400,49.1,14500,22.1,5800,8.8,25200,38.6,11500,17.6,8400,12.9,42500,65,67800,50.9,14000,20.6,5600,8.3,25200,37.2,8100,12,14800,21.9,39000,57.5
"G","East of England","26","Hertfordshire","26UH","Stevenage",,,79700,16300,20.5,9600,12,29700,37.3,10600,13.3,13400,16.8,49900,62.7,39300,49.3,8600,21.8,4900,12.5,14700,37.5,6200,15.9,4900,12.4,25900,65.8,40400,50.7,7800,19.3,4700,11.5,15000,37.2,4400,10.9,8500,21.1,24100,59.6
"G","East of England","26","Hertfordshire","26UJ","Three Rivers",,,86000,17300,20.1,7900,9.2,30700,35.6,13500,15.8,16600,19.3,52100,60.6,41600,48.3,8700,20.8,4100,9.8,15000,36,7900,19,6000,14.4,26900,64.8,44400,51.7,8700,19.5,3800,8.5,15700,35.3,5700,12.8,10600,23.9,25200,56.6
"G","East of England","26","Hertfordshire","26UK","Watford",,,80300,15900,19.8,8600,10.8,33000,41.1,10500,13.1,12300,15.3,52200,64.9,39900,49.6,8100,20.3,4400,10.9,16800,42.1,6200,15.5,4500,11.3,27300,68.5,40500,50.4,7800,19.3,4300,10.6,16200,40.1,4300,10.7,7800,19.2,24900,61.4
"G","East of England","26","Hertfordshire","26UL","Welwyn Hatfield",,,110400,19800,17.9,19400,17.6,37600,34,14400,13,19300,17.5,71400,64.6,54000,48.9,9800,18.1,10000,18.5,18500,34.3,8600,15.9,7100,13.2,37100,68.6,56400,51.1,10000,17.7,9400,16.7,19100,33.8,5800,10.3,12100,21.5,34300,60.8
"G","East of England","33","Norfolk","33UB","Breckland",,,128100,23000,17.9,12200,9.6,40200,31.4,21800,17,30900,24.1,74300,58,63400,49.5,11700,18.5,6400,10.1,20300,32.1,12900,20.4,12000,18.9,39700,62.6,64800,50.5,11300,17.4,5800,9,19900,30.8,8900,13.7,18900,29.1,34600,53.4
"G","East of England","33","Norfolk","33UC","Broadland",,,122500,21300,17.4,10600,8.7,39300,32.1,21400,17.5,29800,24.3,71400,58.3,59900,48.9,10900,18.2,5500,9.3,19500,32.6,12700,21.2,11300,18.8,37700,63,62700,51.1,10400,16.7,5100,8.1,19800,31.6,8800,14,18600,29.6,33700,53.7
"G","East of England","33","Norfolk","33UD","Great Yarmouth",,,95500,16900,17.7,10200,10.7,29400,30.8,16200,16.9,22900,23.9,55800,58.4,46500,48.6,8600,18.5,5200,11.2,14400,31,9800,21,8500,18.3,29400,63.2,49100,51.4,8300,16.9,5000,10.2,15000,30.6,6400,13.1,14400,29.3,26400,53.8
"G","East of England","33","Norfolk","33UE","King's Lynn and West Norfolk",,,141900,25000,17.6,12900,9.1,42600,30,24400,17.2,37000,26.1,79900,56.3,69100,48.7,12800,18.5,6800,9.8,20900,30.3,14400,20.9,14200,20.6,42100,61,72800,51.3,12200,16.8,6100,8.4,21700,29.8,9900,13.6,22800,31.4,37800,51.9
"G","East of England","33","Norfolk","33UF","North Norfolk",,,100800,15300,15.2,8100,8.1,26300,26.1,19200,19.1,31800,31.5,53700,53.3,48700,48.3,7900,16.2,4300,8.8,12700,26.1,11500,23.7,12300,25.2,28500,58.6,52100,51.7,7500,14.3,3800,7.4,13600,26.1,7700,14.8,19500,37.4,25100,48.3
"G","East of England","33","Norfolk","33UG","Norwich",,,132600,20000,15.1,25900,19.5,47800,36,16300,12.3,22600,17.1,89900,67.8,65000,49,10200,15.7,12500,19.2,24700,37.9,9400,14.5,8200,12.7,46600,71.7,67600,51,9800,14.6,13400,19.8,23100,34.2,6900,10.2,14400,21.3,43400,64.1
"G","East of England","33","Norfolk","33UH","South Norfolk",,,116500,21200,18.2,10000,8.6,35900,30.8,21000,18,28400,24.4,66900,57.4,57000,48.9,10900,19.2,5200,9.1,17300,30.4,12600,22.1,10900,19.2,35100,61.6,59600,51.1,10200,17.2,4800,8,18600,31.3,8400,14.2,17500,29.3,31800,53.5
"G","East of England","42","Suffolk","42UB","Babergh",,,85900,16600,19.3,7200,8.4,26400,30.7,15400,17.9,20300,23.7,49000,57,41800,48.7,8600,20.6,3700,8.8,12900,30.8,9100,21.9,7600,18.1,25700,61.4,44100,51.3,8000,18.1,3600,8.1,13500,30.7,6200,14.1,12800,29,23300,52.9
"G","East of England","42","Suffolk","42UC","Forest Heath",,,60000,12400,20.6,7200,12,21900,36.5,8000,13.3,10600,17.6,37100,61.8,30800,51.3,6300,20.5,3800,12.5,11900,38.6,4700,15.3,4000,13.1,20400,66.4,29200,48.7,6100,20.7,3400,11.5,10000,34.3,3300,11.2,6500,22.3,16700,56.9
"G","East of England","42","Suffolk","42UD","Ipswich",,,123100,23300,19,15100,12.3,45100,36.6,17000,13.8,22500,18.3,77200,62.7,60400,49,12000,19.9,7500,12.4,22400,37,10100,16.7,8500,14,39900,66.1,62700,51,11300,18,7600,12.2,22700,36.3,7000,11.1,14100,22.5,37300,59.5
"G","East of England","42","Suffolk","42UE","Mid Suffolk",,,93000,17500,18.8,8200,8.9,30000,32.2,16600,17.8,20700,22.2,54800,58.9,46300,49.8,9000,19.5,4400,9.6,15000,32.3,9800,21.2,8000,17.3,29200,63.1,46700,50.2,8500,18.1,3800,8.2,15000,32.1,6800,14.5,12700,27.1,25600,54.8
"G","East of England","42","Suffolk","42UF","St Edmundsbury",,,102000,19100,18.7,9500,9.4,34900,34.2,16500,16.2,21900,21.5,61000,59.8,50800,49.8,9800,19.3,5200,10.2,17900,35.3,9700,19.1,8200,16.1,32800,64.6,51200,50.2,9300,18.2,4400,8.5,17000,33.1,6900,13.4,13700,26.8,28200,55
"G","East of England","42","Suffolk","42UG","Suffolk Coastal",,,123200,22400,18.2,10500,8.5,37200,30.2,21700,17.6,31300,25.4,69400,56.3,59800,48.6,11400,19,5600,9.3,18100,30.3,12900,21.5,11800,19.8,36600,61.2,63300,51.4,11100,17.5,4900,7.8,19000,30.1,8800,13.9,19500,30.8,32800,51.7
"G","East of England","42","Suffolk","42UH","Waveney",,,117700,20800,17.7,12000,10.2,34800,29.6,19600,16.7,30500,25.9,66400,56.4,56900,48.3,10600,18.6,6200,10.9,17000,29.8,11600,20.5,11500,20.2,34800,61.2,60800,51.7,10300,16.9,5800,9.5,17800,29.3,8000,13.2,19000,31.2,31600,51.9
"H","London",,,"00AA","City of London",,,10500,800,7.9,1300,12.2,5600,53.1,1600,14.8,1300,11.9,8400,80.1,5700,54.6,500,7.9,600,10.1,3200,55,1000,18.3,500,8.6,4800,83.5,4800,45.4,400,8,700,14.7,2400,50.7,500,10.7,800,15.9,3600,76.1
"H","London",,,"00AB","Barking and Dagenham",,,169100,40600,24,21600,12.7,63500,37.6,19400,11.5,24000,14.2,104500,61.8,81500,48.2,20400,25.1,11000,13.5,30500,37.4,11300,13.8,8300,10.2,52700,64.7,87600,51.8,20200,23.1,10500,12,33100,37.7,8200,9.4,15600,17.8,51800,59.1
"H","London",,,"00AC","Barnet",,,335600,67700,20.2,36100,10.8,133800,39.9,44300,13.2,53700,16,214200,63.8,163300,48.7,34400,21,18500,11.3,66400,40.6,25000,15.3,19100,11.7,109800,67.3,172300,51.3,33300,19.3,17600,10.2,67400,39.1,19300,11.2,34600,20.1,104400,60.6
"H","London",,,"00AD","Bexley",,,223400,44800,20.1,25400,11.4,79100,35.4,32300,14.4,41800,18.7,136700,61.2,107700,48.2,22800,21.2,12800,11.9,38500,35.7,18500,17.2,15100,14,69800,64.8,115700,51.8,22000,19,12600,10.9,40600,35.1,13700,11.9,26700,23.1,67000,57.9
"H","London",,,"00AE","Brent",,,255100,49800,19.5,31000,12.1,106000,41.5,31100,12.2,37300,14.6,168100,65.9,127800,50.1,25300,19.8,15800,12.4,54900,43,17300,13.5,14400,11.3,88100,68.9,127300,49.9,24500,19.2,15200,11.9,51100,40.1,13800,10.8,22900,18,80000,62.8
"H","London",,,"00AF","Bromley",,,305600,59700,19.5,29500,9.6,112700,36.9,44600,14.6,59100,19.3,186800,61.1,146900,48.1,30400,20.7,15000,10.2,54800,37.3,25800,17.5,20900,14.2,95600,65,158700,51.9,29300,18.4,14400,9.1,58000,36.5,18900,11.9,38200,24.1,91300,57.5
"H","London",,,"00AG","Camden",,,223900,34900,15.6,34100,15.2,107500,48,22700,10.2,24600,11,164300,73.4,110500,49.4,17500,15.9,16400,14.8,54900,49.7,12800,11.6,8900,8,84100,76.1,113400,50.6,17400,15.3,17700,15.6,52600,46.4,9900,8.7,15800,13.9,80200,70.7
"H","London",,,"00AH","Croydon",,,338400,70300,20.8,38600,11.4,132100,39,46100,13.6,51300,15.2,216800,64.1,165600,48.9,36000,21.7,20300,12.3,64000,38.7,26400,16,18800,11.4,110800,66.9,172800,51.1,34300,19.9,18300,10.6,68100,39.4,19600,11.4,32500,18.8,106100,61.4
"H","London",,,"00AJ","Ealing",,,309100,58000,18.8,35800,11.6,136500,44.2,37900,12.3,40800,13.2,210300,68,156900,50.8,29600,18.8,18700,11.9,71800,45.8,21400,13.7,15400,9.8,111900,71.3,152200,49.2,28400,18.7,17100,11.2,64700,42.5,16500,10.9,25400,16.7,98300,64.6
"H","London",,,"00AK","Enfield",,,287000,60500,21.1,33300,11.6,111600,38.9,37300,13,44400,15.5,182100,63.5,140800,49.1,30700,21.8,16900,12,55700,39.5,21300,15.1,16300,11.6,93900,66.7,146200,50.9,29800,20.4,16400,11.2,55900,38.3,16000,10.9,28100,19.2,88300,60.4
"H","London",,,"00AL","Greenwich",,,223600,46600,20.9,29200,13,91400,40.9,26100,11.7,30300,13.5,146700,65.6,109100,48.8,24000,22,14900,13.6,44700,41,15100,13.8,10400,9.6,74700,68.4,114500,51.2,22700,19.8,14300,12.5,46700,40.8,11000,9.6,19800,17.3,72000,62.9
"H","London",,,"00AM","Hackney",,,210500,46100,21.9,26400,12.6,95800,45.5,20600,9.8,21500,10.2,142900,67.9,103300,49.1,23500,22.7,12900,12.5,47200,45.7,11500,11.1,8200,7.9,71600,69.4,107200,50.9,22700,21.1,13500,12.6,48600,45.3,9100,8.5,13300,12.4,71200,66.4
"H","London",,,"00AN","Hammersmith and Fulham",,,169100,27600,16.3,20000,11.8,83700,49.5,17400,10.3,20500,12.1,121100,71.6,83800,49.6,13800,16.5,9500,11.3,43300,51.7,9700,11.6,7400,8.9,62500,74.6,85300,50.4,13700,16.1,10500,12.4,40400,47.3,7600,8.9,13000,15.3,58500,68.6
"H","London",,,"00AP","Haringey",,,224700,43600,19.4,27500,12.3,105200,46.8,23400,10.4,24900,11.1,156200,69.5,113100,50.4,22100,19.5,14200,12.6,55000,48.6,12800,11.3,9000,8,82000,72.5,111600,49.6,21500,19.3,13300,11.9,50200,45,10700,9.6,15900,14.2,74200,66.5
"H","London",,,"00AQ","Harrow",,,223300,42700,19.1,26400,11.8,87000,39,31000,13.9,36400,16.3,144300,64.6,110600,49.5,22200,20.1,13800,12.5,43800,39.6,17500,15.9,13200,11.9,75200,68,112700,50.5,20400,18.1,12600,11.1,43100,38.3,13400,11.9,23200,20.6,69100,61.3
"H","London",,,"00AR","Havering",,,230300,43700,19,25400,11,78600,34.1,35400,15.4,47200,20.5,139400,60.5,110900,48.2,22300,20.1,13200,11.9,38400,34.6,20400,18.4,16700,15.1,72000,64.9,119400,51.8,21500,18,12300,10.3,40200,33.7,15000,12.6,30500,25.5,67500,56.5
"H","London",,,"00AS","Hillingdon",,,255300,51400,20.2,34900,13.7,95700,37.5,33700,13.2,39500,15.5,164300,64.4,125100,49,26600,21.2,17600,14.1,46900,37.5,19700,15.8,14300,11.4,84300,67.4,130200,51,24900,19.1,17300,13.3,48800,37.5,14000,10.8,25300,19.4,80000,61.5
"H","London",,,"00AT","Hounslow",,,228100,43600,19.1,28400,12.4,99600,43.7,28000,12.3,28600,12.5,156000,68.4,115600,50.7,22300,19.3,14700,12.7,52100,45.1,15900,13.8,10700,9.2,82700,71.5,112500,49.3,21300,19,13700,12.2,47500,42.2,12100,10.7,17900,15.9,73300,65.1
"H","London",,,"00AU","Islington",,,186800,29900,16,27800,14.9,90900,48.7,18100,9.7,20100,10.7,136900,73.3,92400,49.5,15300,16.5,13800,14.9,46000,49.7,10100,10.9,7300,7.9,69800,75.6,94400,50.5,14600,15.5,14000,14.9,44900,47.6,8100,8.5,12800,13.5,67000,71
"H","London",,,"00AW","Kensington and Chelsea",,,170900,27100,15.8,18100,10.6,76800,44.9,22100,12.9,26900,15.7,117000,68.4,83700,49,13700,16.3,9200,10.9,39000,46.6,12200,14.6,9700,11.6,60400,72.1,87200,51,13400,15.3,9000,10.3,37800,43.3,9900,11.3,17200,19.7,56600,65
"H","London",,,"00AX","Kingston upon Thames",,,162300,28900,17.8,23700,14.6,65900,40.6,21200,13.1,22700,14,110800,68.3,80700,49.7,14500,18,12100,15,34000,42.1,12000,14.9,8100,10,58100,72,81600,50.3,14300,17.6,11600,14.2,31900,39.1,9200,11.3,14600,17.9,52700,64.6
"H","London",,,"00AY","Lambeth",,,279300,48700,17.4,33000,11.8,144300,51.7,25800,9.3,27400,9.8,203100,72.7,144000,51.6,24600,17.1,16400,11.4,78200,54.3,14400,10,10300,7.2,109100,75.7,135300,48.4,24100,17.8,16600,12.3,66000,48.8,11400,8.5,17100,12.7,94100,69.6
"H","London",,,"00AZ","Lewisham",,,258900,50900,19.7,30700,11.9,119400,46.1,28200,10.9,29800,11.5,178300,68.8,128800,49.7,25900,20.1,15200,11.8,61300,47.6,15800,12.3,10600,8.2,92300,71.7,130100,50.3,25000,19.2,15600,12,58100,44.6,12400,9.5,19200,14.8,86000,66.1
"H","London",,,"00BA","Merton",,,199800,36500,18.3,21200,10.6,90000,45,24600,12.3,27500,13.8,135800,68,99400,49.7,18600,18.8,10800,10.9,46300,46.6,13500,13.6,10100,10.1,70700,71.1,100400,50.3,17900,17.8,10400,10.3,43600,43.5,11100,11,17400,17.4,65100,64.8
"H","London",,,"00BB","Newham",,,241400,58600,24.3,37700,15.6,97300,40.3,24400,10.1,23500,9.7,159300,66,122800,50.9,29900,24.3,20500,16.7,49700,40.4,13700,11.2,9000,7.4,83900,68.3,118600,49.1,28700,24.2,17100,14.4,47600,40.1,10700,9,14500,12.2,75400,63.6
"H","London",,,"00BC","Redbridge",,,259300,55300,21.3,29700,11.5,101600,39.2,34400,13.2,38300,14.8,165700,63.9,128100,49.4,28200,22,14800,11.6,51300,40,19800,15.5,14000,10.9,85900,67.1,131200,50.6,27100,20.7,14900,11.4,50300,38.4,14600,11.1,24300,18.5,79800,60.8
"H","London",,,"00BD","Richmond upon Thames",,,186200,35800,19.2,16700,9,79500,42.7,26600,14.3,27600,14.8,122800,66,91300,49,18300,20,8300,9.1,39900,43.6,15300,16.7,9600,10.5,63500,69.5,94900,51,17500,18.4,8400,8.8,39600,41.8,11300,11.9,18100,19,59300,62.5
"H","London",,,"00BE","Southwark",,,279100,49300,17.7,40100,14.4,133000,47.6,27200,9.8,29500,10.6,200300,71.8,142400,51,25200,17.7,21200,14.9,69600,48.9,15500,10.9,10800,7.6,106300,74.7,136700,49,24100,17.6,18900,13.8,63300,46.3,11800,8.6,18600,13.6,94000,68.7
"H","London",,,"00BF","Sutton",,,187500,37400,19.9,19200,10.2,74500,39.8,25600,13.7,30800,16.4,119300,63.6,91500,48.8,19300,21,9800,10.7,36800,40.2,14900,16.2,10900,11.9,61400,67.1,96000,51.2,18100,18.9,9400,9.8,37800,39.3,10700,11.2,19900,20.8,57900,60.4
"H","London",,,"00BG","Tower Hamlets",,,221800,44100,19.9,34100,15.4,107100,48.3,17100,7.7,19400,8.8,158200,71.3,113600,51.2,22200,19.6,16600,14.6,57200,50.3,9700,8.5,7900,7,83500,73.5,108200,48.8,21900,20.2,17500,16.2,49900,46.1,7400,6.8,11500,10.7,74700,69.1
"H","London",,,"00BH","Waltham Forest",,,219800,47200,21.5,26400,12,93100,42.3,24900,11.3,28300,12.9,144300,65.7,109700,49.9,24600,22.4,14200,12.9,46900,42.7,13900,12.7,10200,9.3,75000,68.3,110000,50.1,22600,20.6,12200,11.1,46200,42,11000,10,18100,16.4,69400,63
"H","London",,,"00BJ","Wandsworth",,,282800,43800,15.5,29800,10.5,152200,53.8,25800,9.1,31200,11,207800,73.5,136700,48.3,22100,16.2,13400,9.8,76000,55.6,14000,10.2,11300,8.2,103300,75.6,146100,51.7,21700,14.9,16400,11.2,76200,52.2,11800,8.1,20000,13.7,104400,71.5
"H","London",,,"00BK","Westminster",,,243700,30700,12.6,34600,14.2,121400,49.8,26300,10.8,30600,12.6,182400,74.8,122400,50.2,15600,12.7,16800,13.8,63300,51.8,15200,12.4,11500,9.4,95300,77.9,121300,49.8,15100,12.4,17800,14.7,58100,47.9,11100,9.2,19200,15.8,87000,71.7
"J","South East",,,"00LC","Medway",,,252000,52000,20.6,31400,12.5,90000,35.7,37800,15,40900,16.2,159100,63.1,124000,49.2,26500,21.4,16200,13.1,44300,35.7,22300,18,14700,11.9,82800,66.7,128000,50.8,25400,19.9,15200,11.9,45600,35.7,15500,12.1,26200,20.5,76400,59.7
"J","South East",,,"00MA","Bracknell Forest",,,113000,23400,20.7,12200,10.8,45400,40.2,16000,14.2,16000,14.1,73600,65.2,56100,49.7,12000,21.4,6400,11.3,22700,40.4,9400,16.8,5700,10.2,38400,68.5,56800,50.3,11400,20,5800,10.3,22800,40,6600,11.7,10300,18.1,35200,62
"J","South East",,,"00MB","West Berkshire",,,149300,31200,20.9,13900,9.3,54600,36.6,24000,16.1,25500,17.1,92600,62,74100,49.7,15800,21.3,7300,9.9,27400,37,14100,19.1,9400,12.7,48900,65.9,75100,50.3,15400,20.4,6600,8.8,27200,36.2,9800,13.1,16100,21.4,43700,58.1
"J","South East",,,"00MC","Reading",,,145800,25700,17.6,25300,17.3,57600,39.5,16500,11.3,20700,14.2,99500,68.2,74200,50.9,13000,17.5,12100,16.3,31600,42.6,9800,13.2,7700,10.4,53500,72.1,71600,49.1,12700,17.7,13200,18.4,26000,36.3,6700,9.4,13000,18.1,45900,64.1
"J","South East",,,"00MD","Slough",,,123400,26200,21.2,14800,12,51500,41.7,15200,12.3,15800,12.8,81400,66,62600,50.8,13500,21.5,7500,12,26300,42,9100,14.6,6200,9.9,43000,68.6,60800,49.2,12700,20.9,7200,11.9,25200,41.4,6100,10,9600,15.9,38500,63.3
"J","South East",,,"00ME","Windsor and Maidenhead",,,139900,28400,20.3,13000,9.3,51900,37.1,21300,15.3,25300,18.1,86200,61.6,68900,49.2,14800,21.5,7100,10.2,25500,37,12300,17.9,9200,13.3,44900,65.1,71000,50.8,13500,19.1,5900,8.4,26400,37.1,9000,12.7,16100,22.7,41300,58.2
"J","South East",,,"00MF","Wokingham",,,157400,31600,20.1,17900,11.4,58200,36.9,24200,15.3,25600,16.3,100200,63.7,78300,49.7,16400,21,9400,12,28800,36.8,14200,18.1,9500,12.1,52400,66.9,79200,50.3,15200,19.2,8500,10.7,29400,37.1,10000,12.6,16100,20.4,47800,60.4
"J","South East",,,"00MG","Milton Keynes",,,229000,49100,21.5,25800,11.3,89700,39.2,34500,15.1,29800,13,150000,65.5,115100,50.3,25300,22,13600,11.8,45400,39.4,20100,17.5,10600,9.2,79200,68.7,113900,49.7,23800,20.9,12200,10.7,44300,38.9,14400,12.7,19200,16.9,70900,62.2
"J","South East",,,"00ML","Brighton and Hove",,,250200,40300,16.1,38200,15.3,98600,39.4,30900,12.4,42100,16.8,167700,67,122700,49,20300,16.5,18400,15,50700,41.3,18200,14.9,15100,12.3,87300,71.2,127500,51,20000,15.7,19800,15.5,47900,37.6,12700,10,27000,21.2,80400,63.1
"J","South East",,,"00MR","Portsmouth",,,196700,33300,17,36400,18.5,70900,36,24300,12.4,31700,16.1,131600,66.9,97700,49.7,17200,17.6,18900,19.3,35800,36.6,14500,14.8,11400,11.7,69100,70.7,98900,50.3,16100,16.3,17500,17.7,35100,35.5,9900,10,20300,20.5,62500,63.2
"J","South East",,,"00MS","Southampton",,,230800,37500,16.3,46500,20.1,83500,36.2,27800,12.1,35600,15.4,157800,68.3,116100,50.3,18900,16.3,23900,20.6,43300,37.3,16900,14.5,13100,11.3,84000,72.4,114800,49.7,18600,16.2,22600,19.7,40200,35,11000,9.6,22400,19.5,73800,64.3
"J","South East",,,"00MW","Isle of Wight",,,139400,23500,16.9,13500,9.7,40700,29.2,24600,17.6,37200,26.7,78700,56.5,67600,48.5,12100,17.9,7100,10.5,20100,29.6,14800,21.8,13600,20.1,41900,62,71800,51.5,11400,15.9,6300,8.8,20600,28.7,9900,13.7,23600,32.8,36800,51.3
"J","South East","11","Buckinghamshire","11UB","Aylesbury Vale",,,170500,35200,20.7,17100,10,62200,36.5,27100,15.9,28800,16.9,106400,62.4,84700,49.6,18500,21.8,9300,11,30400,35.9,15800,18.7,10700,12.7,55500,65.5,85900,50.4,16800,19.5,7800,9.1,31900,37.1,11300,13.2,18100,21.1,51000,59.3
"J","South East","11","Buckinghamshire","11UC","Chiltern",,,91100,18900,20.8,8500,9.3,29200,32.1,15300,16.8,19200,21.1,53000,58.2,44000,48.3,9700,22.1,4300,9.8,13900,31.7,9000,20.5,7000,15.9,27300,62,47100,51.7,9200,19.6,4200,8.8,15300,32.4,6300,13.3,12200,25.9,25700,54.5
"J","South East","11","Buckinghamshire","11UE","South Bucks",,,65100,12900,19.8,5700,8.7,22000,33.8,10800,16.6,13700,21.1,38500,59.1,31700,48.7,6700,21,3000,9.3,10600,33.5,6400,20.1,5100,16.1,19900,62.9,33400,51.3,6200,18.7,2700,8.2,11400,34.2,4400,13.2,8600,25.7,18600,55.6
"J","South East","11","Buckinghamshire","11UF","Wycombe",,,161800,33500,20.7,17400,10.8,57100,35.3,24800,15.3,29000,17.9,99300,61.4,79200,48.9,16900,21.3,9100,11.5,28100,35.4,14400,18.1,10800,13.6,51500,65.1,82600,51.1,16600,20.1,8300,10.1,29000,35.1,10500,12.7,18200,22,47800,57.8
"J","South East","21","East Sussex","21UC","Eastbourne",,,96000,16500,17.2,10900,11.3,29400,30.6,14100,14.7,25100,26.2,54400,56.6,45100,47,8400,18.6,5400,11.9,14200,31.6,8200,18.1,8900,19.8,27700,61.5,50900,53,8100,15.9,5500,10.8,15100,29.8,6000,11.7,16200,31.8,26600,52.3
"J","South East","21","East Sussex","21UD","Hastings",,,86000,16700,19.5,9500,11,28300,32.9,13900,16.1,17600,20.5,51700,60.1,41600,48.4,8600,20.5,4900,11.8,13700,32.8,8300,19.9,6300,15,26800,64.4,44400,51.6,8200,18.5,4600,10.3,14700,33,5600,12.6,11300,25.6,24800,56
"J","South East","21","East Sussex","21UF","Lewes",,,95100,16700,17.6,8600,9,28100,29.6,16300,17.2,25300,26.6,53100,55.8,45600,48,8700,19.1,4600,10,13500,29.6,9600,21,9200,20.3,27700,60.6,49400,52,8000,16.2,4000,8.1,14600,29.6,6800,13.7,16000,32.4,25400,51.4
"J","South East","21","East Sussex","21UG","Rother",,,88800,14700,16.5,7000,7.9,22800,25.7,15700,17.7,28600,32.2,45500,51.2,42000,47.3,7600,18.1,3700,8.7,11000,26.2,9200,22,10500,25,23900,56.9,46800,52.7,7100,15.1,3400,7.2,11800,25.2,6500,13.8,18100,38.7,21600,46.2
"J","South East","21","East Sussex","21UH","Wealden",,,143600,26800,18.7,11400,7.9,42500,29.6,25600,17.9,37300,26,79500,55.4,68900,48,13700,19.9,5900,8.5,20500,29.7,15100,21.9,13700,19.9,41400,60.1,74700,52,13100,17.5,5500,7.4,22100,29.5,10500,14.1,23600,31.5,38100,51
"J","South East","24","Hampshire","24UB","Basingstoke and Deane",,,160000,32300,20.2,15500,9.7,61000,38.2,25200,15.8,26000,16.2,101700,63.6,79500,49.7,16700,21,7800,9.8,30600,38.5,14900,18.8,9400,11.9,53300,67.1,80500,50.3,15500,19.3,7700,9.5,30400,37.8,10300,12.8,16500,20.5,48400,60.2
"J","South East","24","Hampshire","24UC","East Hampshire",,,110500,22000,19.9,10700,9.7,35500,32.1,19300,17.4,23000,20.8,65500,59.3,54100,49,11200,20.7,5900,10.8,17300,31.9,11400,21.1,8400,15.5,34500,63.8,56400,51,10800,19.1,4900,8.6,18200,32.4,7900,14,14600,26,31000,54.9
"J","South East","24","Hampshire","24UD","Eastleigh",,,119500,22900,19.2,12600,10.5,42300,35.4,19300,16.2,22300,18.6,74300,62.2,58700,49.1,11800,20.2,6500,11,20800,35.5,11300,19.3,8200,14,38600,65.8,60800,50.9,11100,18.3,6100,10.1,21500,35.4,8000,13.2,14100,23.1,35600,58.6
"J","South East","24","Hampshire","24UE","Fareham",,,110000,19700,17.9,11400,10.4,35500,32.3,18400,16.7,25000,22.7,65300,59.4,54100,49.2,10100,18.7,6400,11.8,17400,32.2,10900,20.1,9300,17.1,34700,64.1,55900,50.8,9600,17.1,5000,9,18100,32.4,7500,13.4,15700,28.1,30700,54.8
"J","South East","24","Hampshire","24UF","Gosport",,,79200,14900,18.9,9600,12.1,27300,34.4,11800,14.8,15700,19.8,48600,61.4,38700,48.9,7700,19.8,5200,13.5,13400,34.5,6900,17.7,5600,14.5,25500,65.7,40400,51.1,7300,17.9,4400,10.8,13900,34.4,4900,12.1,10000,24.8,23100,57.2
"J","South East","24","Hampshire","24UG","Hart",,,90200,18400,20.4,8400,9.3,33700,37.4,14100,15.6,15600,17.3,56200,62.3,45100,50,9500,21.1,4600,10.3,16900,37.6,8200,18.2,5800,12.9,29800,66.1,45100,50,8900,19.7,3800,8.3,16800,37.2,5900,13,9800,21.7,26400,58.6
"J","South East","24","Hampshire","24UH","Havant",,,116100,21100,18.2,12600,10.9,35200,30.3,19200,16.5,28000,24.1,67000,57.7,55900,48.2,10800,19.4,6600,11.8,16800,30,11300,20.2,10400,18.6,34700,62,60200,51.8,10300,17.1,6000,10,18400,30.5,7900,13.2,17600,29.2,32300,53.7
"J","South East","24","Hampshire","24UJ","New Forest",,,175100,29700,17,15700,8.9,51200,29.2,30400,17.4,48100,27.5,97300,55.5,84300,48.1,15300,18.2,8300,9.9,24500,29.1,18000,21.4,18100,21.5,50900,60.4,90800,51.9,14400,15.8,7300,8.1,26600,29.3,12400,13.7,30100,33.1,46400,51.1
"J","South East","24","Hampshire","24UL","Rushmoor",,,89700,18000,20.1,11500,12.9,34400,38.4,12300,13.7,13400,14.9,58300,65,44700,49.8,9200,20.7,6300,14.1,17100,38.2,7300,16.4,4800,10.6,30700,68.7,45000,50.2,8800,19.5,5200,11.6,17400,38.6,5000,11,8600,19.2,27600,61.3
"J","South East","24","Hampshire","24UN","Test Valley",,,113200,22500,19.9,10500,9.2,38800,34.3,18800,16.6,22600,20,68000,60.1,55200,48.8,11500,20.8,5500,9.9,18900,34.2,11100,20.1,8300,14.9,35500,64.2,57900,51.2,11000,19,5000,8.6,19900,34.3,7700,13.3,14400,24.8,32600,56.2
"J","South East","24","Hampshire","24UP","Winchester",,,110800,21100,19.1,12800,11.5,35400,32,18300,16.5,23100,20.8,66500,60.1,54200,49,11100,20.5,6300,11.6,17600,32.4,10800,19.9,8400,15.5,34700,64,56500,51,10000,17.7,6500,11.5,17900,31.6,7500,13.3,14700,25.9,31800,56.3
"J","South East","29","Kent","29UB","Ashford",,,111900,23600,21.1,11200,10.1,37700,33.7,17600,15.7,21800,19.5,66500,59.4,54500,48.7,12000,21.9,5600,10.3,18500,33.9,10300,19,8100,14.9,34400,63.2,57400,51.3,11600,20.3,5700,9.9,19200,33.4,7200,12.6,13700,23.9,32100,55.8
"J","South East","29","Kent","29UC","Canterbury",,,146600,24900,17,25700,17.5,43300,29.5,21300,14.6,31300,21.4,90400,61.6,70300,48,13000,18.5,12600,17.9,21100,29.9,12400,17.7,11200,16,46100,65.5,76300,52,11900,15.6,13100,17.2,22200,29.1,8900,11.7,20100,26.4,44300,58
"J","South East","29","Kent","29UD","Dartford",,,91400,18200,19.9,10400,11.4,34500,37.8,12900,14.1,15400,16.9,57700,63.2,44800,49,9400,21.1,5200,11.7,16800,37.6,7600,16.9,5700,12.8,29600,66.1,46600,51,8800,18.9,5100,11,17700,37.9,5300,11.4,9700,20.8,28100,60.3
"J","South East","29","Kent","29UE","Dover",,,105900,20100,19,10400,9.8,32600,30.8,18100,17.1,24700,23.3,61100,57.7,50900,48.1,10300,20.2,5500,10.8,15500,30.4,10700,21,9000,17.7,31600,62.1,55000,51.9,9800,17.9,4900,8.9,17100,31.1,7500,13.5,15700,28.5,29500,53.6
"J","South East","29","Kent","29UG","Gravesham",,,97900,19700,20.1,11000,11.3,33900,34.6,14700,15,18600,19,59600,60.9,48100,49.1,10200,21.2,5500,11.5,16700,34.8,8800,18.4,6800,14.2,31100,64.6,49900,50.9,9500,19,5500,11,17200,34.4,5900,11.8,11800,23.7,28600,57.3
"J","South East","29","Kent","29UH","Maidstone",,,145600,27500,18.9,14900,10.2,50700,34.9,24000,16.5,28500,19.5,89600,61.5,71900,49.4,14300,19.9,7800,10.8,25300,35.2,14100,19.6,10500,14.6,47100,65.6,73600,50.6,13200,18,7100,9.7,25400,34.5,9900,13.4,18000,24.4,42400,57.6
"J","South East","29","Kent","29UK","Sevenoaks",,,112700,22400,19.9,9900,8.7,37500,33.2,19000,16.9,23900,21.2,66300,58.9,54300,48.2,11400,20.9,5000,9.3,18100,33.3,11200,20.5,8700,16,34300,63.1,58300,51.8,11100,19,4800,8.2,19400,33.2,7900,13.5,15200,26.1,32000,54.9
"J","South East","29","Kent","29UL","Shepway",,,99500,18300,18.4,9700,9.7,30700,30.9,16700,16.7,24200,24.3,57000,57.3,48000,48.2,9400,19.6,4900,10.2,14900,31.2,9800,20.4,8900,18.6,29600,61.8,51500,51.8,8900,17.2,4800,9.2,15700,30.6,6900,13.4,15300,29.6,27400,53.1
"J","South East","29","Kent","29UM","Swale",,,129200,26400,20.4,14000,10.8,43700,33.8,20700,16,24500,19,78300,60.6,64000,49.5,13600,21.2,7300,11.4,21700,33.9,12400,19.4,9000,14.1,41300,64.6,65300,50.5,12800,19.7,6700,10.2,22000,33.7,8300,12.7,15500,23.7,37000,56.6
"J","South East","29","Kent","29UN","Thanet",,,129300,24900,19.2,13200,10.2,38500,29.8,20800,16.1,31900,24.7,72500,56.1,61800,47.8,13000,21.1,6800,11.1,18300,29.6,12100,19.6,11500,18.7,37200,60.2,67500,52.2,11900,17.6,6400,9.5,20200,30,8700,12.8,20400,30.2,35300,52.3
"J","South East","29","Kent","29UP","Tonbridge and Malling",,,114700,23900,20.8,11000,9.6,39900,34.8,18000,15.7,22000,19.2,68900,60,56200,49,12200,21.8,5700,10.2,19500,34.7,10700,19,8000,14.3,35900,63.9,58600,51,11700,19.9,5200,8.9,20400,34.9,7300,12.4,13900,23.8,33000,56.3
"J","South East","29","Kent","29UQ","Tunbridge Wells",,,105200,22100,21,8800,8.4,36800,35,16600,15.8,20900,19.8,62200,59.1,50800,48.3,10900,21.5,4500,8.8,18300,36,9700,19.1,7500,14.7,32400,63.8,54400,51.7,11200,20.6,4300,8,18600,34.1,6900,12.7,13400,24.7,29800,54.8
"J","South East","38","Oxfordshire","38UB","Cherwell",,,137900,27800,20.2,13700,9.9,52100,37.8,20900,15.1,23500,17,86600,62.8,68300,49.5,14100,20.6,7100,10.4,26200,38.3,12200,17.9,8700,12.7,45600,66.7,69600,50.5,13700,19.7,6500,9.4,25900,37.2,8600,12.4,14800,21.3,41000,59
"J","South East","38","Oxfordshire","38UC","Oxford",,,145200,22700,15.6,36800,25.3,51600,35.5,15000,10.3,19200,13.2,103400,71.2,71700,49.4,11600,16.2,18800,26.1,25600,35.6,8600,11.9,7200,10.1,52900,73.7,73400,50.6,11000,15,18000,24.5,26000,35.4,6400,8.8,11900,16.2,50500,68.7
"J","South East","38","Oxfordshire","38UD","South Oxfordshire",,,129400,25600,19.8,12000,9.3,45400,35.1,20700,16,25700,19.8,78100,60.3,63900,49.4,13200,20.6,6600,10.3,22400,35.1,12300,19.2,9400,14.8,41300,64.6,65500,50.6,12500,19.1,5400,8.3,23000,35.1,8400,12.8,16200,24.8,36800,56.2
"J","South East","38","Oxfordshire","38UE","Vale of White Horse",,,118200,23500,19.9,11800,10,40500,34.3,19100,16.2,23200,19.6,71500,60.5,59000,49.9,12400,21.1,6500,10.9,20100,34,11300,19.1,8700,14.8,37800,64.1,59200,50.1,11100,18.7,5400,9.1,20500,34.5,7900,13.3,14400,24.4,33700,56.9
"J","South East","38","Oxfordshire","38UF","West Oxfordshire",,,101600,19900,19.6,9300,9.1,35400,34.9,16400,16.1,20600,20.3,61100,60.1,50100,49.3,10300,20.5,5000,9.9,17700,35.3,9500,19,7600,15.2,32200,64.3,51500,50.7,9600,18.7,4300,8.3,17700,34.4,6900,13.4,13000,25.3,28900,56.1
"J","South East","43","Surrey","43UB","Elmbridge",,,129300,26500,20.5,10500,8.1,48600,37.6,19900,15.4,23800,18.4,79000,61.1,62800,48.6,13700,21.8,5400,8.5,23700,37.7,11600,18.5,8400,13.4,40700,64.7,66400,51.4,12800,19.3,5100,7.7,24900,37.6,8200,12.4,15300,23.1,38300,57.6
"J","South East","43","Surrey","43UC","Epsom and Ewell",,,70600,13700,19.4,7300,10.3,24800,35.1,11200,15.8,13700,19.4,43200,61.2,34100,48.4,7000,20.5,3600,10.5,12100,35.4,6500,19.2,4900,14.4,22200,65.1,36500,51.6,6700,18.3,3700,10.1,12700,34.8,4600,12.7,8800,24.1,21000,57.6
"J","South East","43","Surrey","43UD","Guildford",,,132900,23400,17.6,19200,14.5,46700,35.2,19800,14.9,23700,17.9,85800,64.5,65500,49.3,11900,18.2,10600,16.2,22900,34.9,11600,17.8,8500,13,45100,68.8,67400,50.7,11500,17.1,8600,12.8,23900,35.4,8200,12.1,15200,22.5,40700,60.4
"J","South East","43","Surrey","43UE","Mole Valley",,,82500,15600,18.9,6800,8.2,26900,32.7,14100,17.2,19000,23,47900,58.1,40200,48.7,8000,20,3500,8.6,13300,33.2,8400,20.9,6900,17.3,25200,62.7,42300,51.3,7600,17.9,3300,7.9,13600,32.2,5700,13.6,12000,28.5,22700,53.6
"J","South East","43","Surrey","43UF","Reigate and Banstead",,,131100,25600,19.6,11600,8.8,48500,37,20600,15.7,24800,18.9,80700,61.6,64300,49,13100,20.4,6000,9.4,24200,37.6,12100,18.9,8800,13.7,42300,65.9,66800,51,12500,18.7,5500,8.2,24400,36.5,8500,12.7,16000,23.9,38400,57.4
"J","South East","43","Surrey","43UG","Runnymede",,,81300,13300,16.4,11800,14.5,29100,35.7,11900,14.7,15200,18.7,52800,64.9,39400,48.4,6800,17.3,5500,13.9,14200,36.2,7200,18.4,5600,14.3,27000,68.5,41900,51.6,6500,15.6,6300,15,14800,35.3,4700,11.2,9600,22.9,25800,61.5
"J","South East","43","Surrey","43UH","Spelthorne",,,91200,16900,18.5,8800,9.7,33300,36.5,13800,15.1,18500,20.2,55900,61.3,44700,49,8600,19.3,4600,10.2,16400,36.8,8200,18.4,6800,15.3,29200,65.4,46500,51,8200,17.7,4200,9.1,16800,36.2,5600,12,11600,25,26600,57.3
"J","South East","43","Surrey","43UJ","Surrey Heath",,,83000,17100,20.6,7200,8.7,30500,36.8,13200,15.9,15000,18,50900,61.3,40900,49.3,8800,21.6,3800,9.3,15100,36.9,7700,18.9,5500,13.3,26600,65,42000,50.7,8300,19.7,3400,8.2,15400,36.7,5400,12.9,9500,22.6,24300,57.7
"J","South East","43","Surrey","43UK","Tandridge",,,80500,16400,20.3,6800,8.4,26700,33.2,13700,17,16900,21,47200,58.6,38700,48.1,8200,21.2,3500,9.2,12800,33.1,8000,20.7,6100,15.8,24400,63,41800,51.9,8200,19.6,3200,7.7,13900,33.3,5700,13.6,10800,25.8,22800,54.6
"J","South East","43","Surrey","43UL","Waverley",,,117700,24200,20.5,10700,9.1,38600,32.8,19100,16.2,25100,21.3,68400,58.1,57100,48.6,12800,22.4,5500,9.7,18700,32.8,11100,19.4,9000,15.8,35300,61.8,60500,51.4,11400,18.8,5200,8.6,19900,32.8,8000,13.2,16100,26.6,33000,54.6
"J","South East","43","Surrey","43UM","Woking",,,91100,18100,19.9,8500,9.4,35300,38.8,13300,14.6,15800,17.3,57200,62.8,44600,49,9300,20.9,4400,9.8,17500,39.2,7800,17.4,5700,12.7,29600,66.4,46500,51,8800,19,4200,8.9,17900,38.4,5600,12,10100,21.7,27600,59.4
"J","South East","45","West Sussex","45UB","Adur",,,60900,10900,17.9,6000,9.9,19000,31.3,9800,16,15100,24.9,34800,57.2,29200,48,5600,19.1,3200,10.9,9300,31.8,5800,19.7,5400,18.5,18200,62.4,31600,52,5300,16.8,2800,9,9800,30.8,4000,12.6,9700,30.8,16600,52.4
"J","South East","45","West Sussex","45UC","Arun",,,149400,24100,16.1,13700,9.1,43300,29,24300,16.3,44000,29.5,81300,54.4,71100,47.6,12300,17.2,7300,10.2,21100,29.7,14400,20.2,16100,22.7,42800,60.1,78300,52.4,11900,15.1,6400,8.2,22200,28.4,10000,12.7,27900,35.6,38500,49.2
"J","South East","45","West Sussex","45UD","Chichester",,,110600,19000,17.2,10500,9.5,32100,29.1,18800,17,30000,27.2,61500,55.6,52600,47.5,9900,18.7,5100,9.7,15500,29.5,11000,21,11100,21.1,31600,60.2,58000,52.5,9200,15.8,5400,9.4,16700,28.7,7800,13.4,19000,32.7,29900,51.5
"J","South East","45","West Sussex","45UE","Crawley",,,102200,20200,19.8,12000,11.7,39400,38.6,14000,13.7,16600,16.3,65300,63.9,50500,49.4,10200,20.2,6000,11.9,19800,39.2,8000,15.9,6400,12.8,33800,67,51700,50.6,10000,19.4,5900,11.5,19600,38,5900,11.5,10200,19.7,31500,60.9
"J","South East","45","West Sussex","45UF","Horsham",,,128600,25900,20.2,10800,8.4,43100,33.5,21800,16.9,27100,21.1,75600,58.8,62700,48.7,13500,21.5,5500,8.8,21100,33.6,12800,20.4,9800,15.7,39400,62.8,66000,51.3,12500,18.9,5300,8,22000,33.3,9000,13.6,17300,26.2,36300,55
"J","South East","45","West Sussex","45UG","Mid Sussex",,,129900,26300,20.3,11400,8.8,43400,33.4,22100,17,26800,20.6,76800,59.1,63300,48.7,13900,21.9,5900,9.4,21100,33.3,12900,20.4,9500,15,39900,63.1,66600,51.3,12500,18.7,5400,8.1,22300,33.5,9100,13.7,17300,25.9,36900,55.3
"J","South East","45","West Sussex","45UH","Worthing",,,101500,17800,17.6,9700,9.5,34700,34.2,14800,14.6,24500,24.2,59200,58.3,48600,47.9,9200,19,5000,10.3,17100,35.2,8700,17.9,8500,17.5,30800,63.4,52900,52.1,8600,16.2,4600,8.7,17600,33.2,6100,11.6,16000,30.2,28300,53.5
"K","South West",,,"00HA","Bath and North East Somerset",,,175500,29800,17,28200,16.1,55700,31.8,26200,14.9,35500,20.2,110100,62.8,86500,49.3,15300,17.7,14800,17.1,28000,32.4,15300,17.7,13100,15.1,58200,67.2,88900,50.7,14500,16.4,13400,15.1,27700,31.2,10800,12.2,22400,25.2,52000,58.4
"K","South West",,,"00HB","Bristol, City of",,,420700,69800,16.6,72400,17.2,163800,38.9,50900,12.1,63800,15.2,287100,68.2,209800,49.9,35500,16.9,36200,17.3,84400,40.3,30000,14.3,23600,11.2,150700,71.8,211000,50.1,34300,16.3,36100,17.1,79400,37.6,20900,9.9,40300,19.1,136400,64.7
"K","South West",,,"00HC","North Somerset",,,204100,37200,18.2,19200,9.4,66000,32.3,34700,17,47100,23.1,119900,58.7,99900,49,19000,19,10200,10.2,32800,32.8,20700,20.7,17300,17.3,63600,63.7,104200,51,18200,17.4,9000,8.7,33200,31.9,14000,13.4,29800,28.6,56300,54
"K","South West",,,"00HD","South Gloucestershire",,,259400,49300,19,31700,12.2,91600,35.3,38900,15,47900,18.5,162200,62.5,129200,49.8,25300,19.6,16800,13,46000,35.6,23300,18,17900,13.8,86000,66.6,130100,50.2,23900,18.4,14900,11.4,45600,35.1,15600,12,30100,23.1,76100,58.5
"K","South West",,,"00HE","Cornwall",,,..,..,..,..,..,..,..,..,..,..,..,..,..,..,..,..,..,..,..,..,..,..,..,..,..,..,..,..,..,..,..,..,..,..,..,..,..,..,..,..,..
"K","South West",,,"00HF","Isles of Scilly",,,2200,400,16.4,200,8.4,700,31.1,400,19.4,500,24.7,1300,58.9,1200,52.3,200,15.2,100,10.7,400,32.2,300,22.9,200,18.9,800,65.9,1100,47.7,200,17.7,100,5.8,300,29.8,200,15.6,300,31.1,500,51.2
"K","South West",,,"00HG","Plymouth",,,254400,43600,17.2,45000,17.7,83100,32.6,36200,14.2,46500,18.3,164200,64.5,125000,49.1,22300,17.9,23600,18.9,41600,33.3,21100,16.9,16400,13.1,86200,69,129400,50.9,21300,16.5,21400,16.5,41500,32.1,15100,11.6,30100,23.3,78000,60.3
"K","South West",,,"00HH","Torbay",,,134000,22600,16.9,13400,10,39700,29.6,22700,17,35500,26.5,75900,56.6,64700,48.3,11600,18,7200,11.1,19500,30.2,13400,20.7,13000,20.1,40000,61.9,69400,51.7,11000,15.9,6300,9.1,20200,29.1,9400,13.5,22500,32.4,35900,51.7
"K","South West",,,"00HN","Bournemouth",,,164000,25300,15.4,26200,16,53700,32.8,22500,13.7,36300,22.1,102400,62.5,80100,48.9,12900,16.1,13500,16.9,27000,33.7,13400,16.8,13300,16.6,53900,67.3,83800,51.1,12300,14.7,12700,15.1,26700,31.9,9100,10.8,23000,27.5,48500,57.8
"K","South West",,,"00HP","Poole",,,140000,24500,17.5,15200,10.9,44600,31.9,22400,16,33300,23.8,82200,58.7,67400,48.1,12400,18.4,7900,11.7,21600,32.1,13100,19.5,12300,18.3,42700,63.4,72600,51.9,12100,16.6,7300,10.1,23000,31.6,9200,12.7,21000,28.9,39500,54.4
"K","South West",,,"00HX","Swindon",,,192500,37700,19.6,21100,10.9,75200,39.1,26900,14,31600,16.4,123200,64,96300,50.1,19300,20,10900,11.3,38400,39.9,15900,16.5,11900,12.3,65200,67.7,96100,49.9,18400,19.2,10100,10.5,36800,38.3,11100,11.5,19700,20.5,58000,60.3
"K","South West",,,"00HY","Wiltshire",,,..,..,..,..,..,..,..,..,..,..,..,..,..,..,..,..,..,..,..,..,..,..,..,..,..,..,..,..,..,..,..,..,..,..,..,..,..,..,..,..,..
"K","South West","18","Devon","18UB","East Devon",,,132600,21100,15.9,11800,8.9,35500,26.8,23300,17.6,40800,30.8,70600,53.2,63400,47.8,10700,16.9,6400,10.2,17300,27.3,13800,21.7,15200,24,37500,59.1,69200,52.2,10400,15.1,5400,7.8,18200,26.3,9500,13.8,25600,37.1,33100,47.9
"K","South West","18","Devon","18UC","Exeter",,,118600,18000,15.2,23000,19.4,41200,34.7,15400,13,21000,17.7,79600,67.1,58200,49.1,9300,15.9,11300,19.4,21300,36.6,9100,15.5,7400,12.6,41600,71.5,60400,50.9,8800,14.5,11700,19.4,19900,32.9,6400,10.6,13700,22.6,37900,62.8
"K","South West","18","Devon","18UD","Mid Devon",,,74800,14300,19.1,6600,8.8,23600,31.5,13300,17.7,17000,22.8,43500,58.1,36800,49.2,7300,20,3500,9.5,11600,31.5,8000,21.6,6400,17.5,23000,62.6,38000,50.8,7000,18.3,3100,8.2,12000,31.6,5300,14,10600,27.9,20400,53.8
"K","South West","18","Devon","18UE","North Devon",,,91400,16500,18.1,8500,9.3,27600,30.2,16200,17.7,22500,24.6,52400,57.3,44800,49,8600,19.1,4500,10.1,13600,30.4,9700,21.6,8400,18.7,27800,62.2,46700,51,8000,17.1,4000,8.6,14000,30,6500,14,14100,30.3,24500,52.6
"K","South West","18","Devon","18UG","South Hams",,,83500,14100,16.9,8300,9.9,23900,28.6,16000,19.1,21200,25.4,48200,57.7,40800,48.8,7300,17.9,4600,11.3,11600,28.3,9400,23.1,7900,19.3,25600,62.8,42700,51.2,6800,16,3700,8.6,12400,29,6500,15.3,13300,31.1,22600,52.9
"K","South West","18","Devon","18UH","Teignbridge",,,126000,21800,17.3,11300,9,37500,29.8,22600,18,32700,26,71500,56.7,60700,48.2,11200,18.4,6100,10,18100,29.8,13300,21.9,12000,19.8,37500,61.8,65300,51.8,10600,16.3,5300,8.1,19400,29.7,9300,14.3,20700,31.7,34000,52
"K","South West","18","Devon","18UK","Torridge",,,64600,11200,17.4,5500,8.6,18900,29.3,12200,18.9,16700,25.8,36700,56.8,31600,48.9,5800,18.3,2800,9,9300,29.4,7300,23.1,6400,20.2,19400,61.5,33000,51.1,5500,16.5,2700,8.1,9600,29.2,5000,15,10300,31.2,17300,52.3
"K","South West","18","Devon","18UL","West Devon",,,52000,9300,17.8,4200,8.2,15500,29.8,10000,19.2,13000,25,29800,57.2,25600,49.2,4800,18.7,2300,8.8,7900,30.7,5900,23,4800,18.8,16000,62.5,26400,50.8,4500,16.9,2000,7.5,7700,29,4100,15.6,8200,31,13800,52.1
"K","South West","19","Dorset","19UC","Christchurch",,,46300,7200,15.6,3700,8,12300,26.6,7500,16.2,15500,33.6,23500,50.8,21900,47.4,3700,16.9,1900,8.9,6000,27.4,4400,20,5900,26.8,12400,56.3,24400,52.6,3500,14.4,1800,7.2,6300,25.9,3100,12.8,9700,39.7,11200,45.9
"K","South West","19","Dorset","19UD","East Dorset",,,87400,14400,16.4,6900,7.8,23600,27,15800,18.1,26700,30.6,46300,53,42000,48,7300,17.5,3700,8.8,11300,26.9,9400,22.3,10300,24.5,24300,58,45400,52,7000,15.5,3200,6.9,12300,27.1,6500,14.3,16400,36.2,22000,48.4
"K","South West","19","Dorset","19UE","North Dorset",,,65800,12900,19.6,5900,9,19600,29.8,11200,17.1,16200,24.6,36800,55.9,32600,49.5,6700,20.5,3600,11,9600,29.4,6600,20.3,6100,18.7,19800,60.8,33200,50.5,6200,18.6,2400,7.1,10000,30.1,4600,13.8,10100,30.4,17000,51
"K","South West","19","Dorset","19UG","Purbeck",,,45200,7500,16.5,4400,9.8,12900,28.6,8300,18.4,12100,26.7,25700,56.8,22100,48.8,3800,17.4,2400,10.9,6300,28.7,5000,22.5,4500,20.4,13700,62.2,23200,51.2,3600,15.7,2000,8.7,6600,28.5,3300,14.4,7600,32.6,12000,51.7
"K","South West","19","Dorset","19UH","West Dorset",,,96600,16700,17.3,7700,8,26100,27,17600,18.2,28400,29.5,51400,53.3,46200,47.9,8500,18.3,4200,9.2,12500,27.1,10400,22.5,10600,23,27100,58.7,50300,52.1,8200,16.3,3500,6.9,13600,27,7200,14.4,17800,35.4,24300,48.3
"K","South West","19","Dorset","19UJ","Weymouth and Portland",,,64000,11000,17.2,7000,10.9,19600,30.6,11200,17.4,15200,23.8,37800,59,31800,49.6,5600,17.7,3900,12.4,9900,31.3,6600,20.9,5600,17.7,20500,64.6,32200,50.4,5400,16.7,3000,9.5,9700,30,4500,14,9600,29.8,17200,53.5
"K","South West","23","Gloucestershire","23UB","Cheltenham",,,112100,19800,17.6,15200,13.6,39100,34.9,15900,14.2,22200,19.8,70200,62.6,55100,49.1,9900,18,7700,14,20000,36.3,9300,16.9,8100,14.8,37000,67.2,57100,50.9,9900,17.3,7500,13.1,19100,33.5,6500,11.5,14100,24.6,33200,58.1
"K","South West","23","Gloucestershire","23UC","Cotswold",,,83700,14900,17.8,7500,9,26100,31.1,15000,17.9,20200,24.1,48600,58,40800,48.7,7600,18.6,4000,9.9,12700,31.1,8900,21.9,7500,18.5,25700,63,42900,51.3,7400,17.1,3500,8.2,13400,31.2,6000,14,12700,29.5,22900,53.4
"K","South West","23","Gloucestershire","23UD","Forest of Dean",,,82800,14900,18,9300,11.2,25400,30.6,14800,17.9,18400,22.3,49500,59.8,40600,49,7600,18.8,4800,11.9,12500,30.9,8700,21.5,6900,16.9,26100,64.3,42200,51,7300,17.2,4400,10.5,12800,30.4,6100,14.5,11500,27.4,23400,55.4
"K","South West","23","Gloucestershire","23UE","Gloucester",,,115700,23200,20,14400,12.4,42000,36.3,16100,13.9,20100,17.4,72400,62.6,57300,49.5,12000,21,7400,13,20800,36.3,9600,16.7,7500,13.1,37800,65.9,58500,50.5,11200,19.1,7000,11.9,21200,36.3,6500,11.1,12600,21.6,34700,59.3
"K","South West","23","Gloucestershire","23UF","Stroud",,,110300,21100,19.1,9900,8.9,35700,32.3,19600,17.8,24100,21.8,65200,59.1,54200,49.1,11000,20.2,5300,9.8,17500,32.3,11600,21.4,8800,16.3,34400,63.5,56100,50.9,10100,18.1,4600,8.1,18200,32.4,8000,14.3,15200,27.1,30800,54.8
"K","South West","23","Gloucestershire","23UG","Tewkesbury",,,79900,14400,18,7400,9.3,26600,33.3,13500,16.9,18000,22.5,47500,59.5,39000,48.9,7400,18.9,3800,9.8,13000,33.4,8000,20.6,6700,17.3,24900,63.8,40800,51.1,7000,17.1,3600,8.7,13600,33.3,5500,13.4,11200,27.5,22600,55.4
"K","South West","40","Somerset","40UB","Mendip",,,108100,21300,19.7,10500,9.7,34600,32.1,18400,17.1,23200,21.5,63500,58.8,52800,48.8,11000,20.9,5500,10.4,16900,32.1,10800,20.4,8600,16.2,33200,62.9,55300,51.2,10300,18.6,5000,9,17700,32.1,7700,13.8,14700,26.5,30400,54.9
"K","South West","40","Somerset","40UC","Sedgemoor",,,111900,20600,18.4,10800,9.7,34800,31.1,19700,17.6,26000,23.3,65200,58.3,54700,48.9,10600,19.4,5600,10.3,17100,31.3,11600,21.1,9800,17.9,34300,62.7,57200,51.1,10000,17.5,5200,9,17700,30.9,8100,14.2,16200,28.4,30900,54.1
"K","South West","40","Somerset","40UD","South Somerset",,,158100,28900,18.3,15100,9.5,48900,30.9,27000,17.1,38100,24.1,91000,57.6,77200,48.8,14700,19,7900,10.3,24300,31.5,16000,20.7,14300,18.5,48300,62.5,80900,51.2,14200,17.6,7200,8.8,24500,30.4,11100,13.7,23900,29.5,42800,52.9
"K","South West","40","Somerset","40UE","Taunton Deane",,,108100,20200,18.7,11100,10.2,34800,32.2,17500,16.2,24500,22.7,63400,58.7,52100,48.2,10400,19.8,5800,11.1,16900,32.4,10200,19.5,9000,17.2,32800,63,55900,51.8,9800,17.6,5300,9.5,17900,32,7400,13.2,15500,27.8,30600,54.6
"K","South West","40","Somerset","40UF","West Somerset",,,35500,5100,14.4,3300,9.4,8500,23.8,6900,19.5,11700,32.8,18700,52.8,16900,47.5,2600,15.4,1700,10.3,4100,24.1,4000,24,4400,26.2,9800,58.4,18600,52.5,2500,13.5,1600,8.7,4400,23.6,2900,15.4,7200,38.8,8900,47.7
,,,,"00NA","Isle of Anglesey",,,68800,12500,18.2,6800,9.9,20300,29.5,12400,18,16800,24.4,39500,57.4,33600,48.8,6500,19.4,3600,10.6,9900,29.6,7300,21.9,6200,18.6,20800,62.1,35200,51.2,6000,17.1,3300,9.3,10400,29.5,5000,14.2,10500,29.9,18600,52.9
,,,,"00NC","Gwynedd",,,118600,21500,18.1,15900,13.4,34400,29,19600,16.5,27200,23,69800,58.9,57400,48.4,11000,19.2,7800,13.6,16900,29.5,11800,20.5,9900,17.3,36500,63.5,61200,51.6,10500,17.2,8100,13.2,17400,28.5,7800,12.8,17300,28.3,33400,54.5
,,,,"00NE","Conwy",,,111200,19400,17.4,10300,9.2,32400,29.2,18800,16.9,30300,27.3,61400,55.3,53700,48.3,9900,18.5,5600,10.4,15800,29.4,11200,20.8,11300,21,32500,60.6,57500,51.7,9500,16.5,4700,8.1,16700,29,7600,13.2,19100,33.2,28900,50.3
,,,,"00NG","Denbighshire",,,96200,17600,18.3,9500,9.9,29000,30.2,16600,17.3,23500,24.4,55200,57.3,46500,48.3,9000,19.4,5000,10.8,14100,30.3,9800,21,8600,18.5,28900,62.1,49700,51.7,8600,17.2,4500,9,15000,30.1,6900,13.8,14800,29.9,26300,52.9
,,,,"00NJ","Flintshire",,,149400,28600,19.1,15600,10.4,50900,34.1,24800,16.6,29500,19.7,91300,61.1,73600,49.3,14600,19.8,8300,11.2,25200,34.3,14600,19.8,11000,14.9,48100,65.3,75800,50.7,14000,18.5,7300,9.7,25700,33.9,10200,13.5,18500,24.5,43300,57.1
,,,,"00NL","Wrexham",,,131900,24800,18.8,14900,11.3,44800,34,21700,16.5,25700,19.5,81400,61.7,64900,49.2,12700,19.6,7800,12.1,22200,34.2,12800,19.8,9300,14.3,42900,66.1,67000,50.8,12100,18,7100,10.5,22600,33.7,8900,13.3,16400,24.5,38500,57.5
,,,,"00NN","Powys",,,131000,23600,18.1,11500,8.8,38200,29.1,24500,18.7,33200,25.3,74100,56.6,64800,49.5,12200,18.9,6200,9.6,18900,29.1,14700,22.7,12800,19.7,39800,61.4,66200,50.5,11400,17.2,5300,7.9,19300,29.2,9800,14.8,20400,30.9,34400,51.9
,,,,"00NQ","Ceredigion",,,76400,12000,15.6,13400,17.5,19700,25.8,13400,17.6,18000,23.5,46500,60.8,37600,49.2,6200,16.5,7000,18.7,9400,25.1,8000,21.4,6900,18.3,24500,65.2,38800,50.8,5800,14.8,6400,16.4,10300,26.4,5400,13.9,11100,28.5,22000,56.7
,,,,"00NS","Pembrokeshire",,,116800,22400,19.2,11100,9.5,34000,29.1,20700,17.7,28600,24.5,65800,56.4,56600,48.5,11500,20.3,5700,10.1,16300,28.9,12200,21.6,10800,19.1,34300,60.6,60200,51.5,10900,18.1,5300,8.9,17700,29.4,8500,14.1,17800,29.5,31500,52.4
,,,,"00NU","Carmarthenshire",,,179700,33100,18.4,18400,10.2,54300,30.2,31600,17.6,42200,23.5,104400,58.1,87000,48.4,17100,19.7,9400,10.8,26000,29.8,18700,21.5,15800,18.1,54100,62.2,92800,51.6,16000,17.3,9000,9.7,28400,30.6,12900,13.9,26400,28.5,50300,54.2
,,,,"00NX","Swansea",,,228900,40100,17.5,33700,14.7,71900,31.4,34800,15.2,48400,21.1,140400,61.3,112100,49,20700,18.4,17300,15.5,35800,32,20200,18,18100,16.1,73300,65.4,116800,51,19400,16.6,16400,14,36000,30.9,14600,12.5,30300,26,67000,57.4
,,,,"00NZ","Neath Port Talbot",,,137300,25300,18.4,15000,10.9,44300,32.3,23000,16.7,29700,21.6,82300,60,66800,48.6,13000,19.5,7700,11.5,21700,32.4,13500,20.3,10900,16.3,42900,64.2,70500,51.4,12300,17.4,7300,10.4,22700,32.2,9500,13.4,18800,26.6,39500,56
,,,,"00PB","Bridgend",,,133200,25500,19.2,14000,10.5,45200,34,21100,15.9,27200,20.5,80400,60.4,65100,48.9,13100,20.1,7300,11.2,22300,34.3,12500,19.1,10000,15.3,42100,64.6,68000,51.1,12500,18.3,6700,9.9,22900,33.7,8700,12.8,17300,25.4,38300,56.3
,,,,"00PD","The Vale of Glamorgan",,,123400,24400,19.8,13400,10.8,39600,32.1,20300,16.4,25700,20.8,73200,59.4,59400,48.2,12500,21,7000,11.7,18800,31.6,11800,19.8,9500,15.9,37500,63.1,63900,51.8,11900,18.7,6400,10,20800,32.6,8500,13.3,16200,25.4,35700,55.9
,,,,"00PF","Rhondda, Cynon, Taff",,,234600,44700,19.1,30200,12.9,77600,33.1,36500,15.6,45600,19.4,144300,61.5,114500,48.8,22900,20,15700,13.7,37900,33.1,21600,18.9,16500,14.4,75200,65.6,120100,51.2,21800,18.2,14500,12.1,39700,33.1,14900,12.4,29100,24.3,69100,57.6
,,,,"00PH","Merthyr Tydfil",,,55400,10900,19.7,6600,12,18200,32.9,8800,15.9,10900,19.6,33700,60.7,27000,48.6,5600,20.8,3400,12.5,8900,32.8,5100,19,4000,14.9,17300,64.3,28500,51.4,5300,18.6,3300,11.4,9400,32.9,3700,12.9,6900,24.1,16300,57.3
,,,,"00PK","Caerphilly",,,171800,34400,20,19500,11.4,57600,33.6,27400,15.9,32800,19.1,104500,60.8,84000,48.9,17700,21.1,10000,11.9,28300,33.7,15900,19,12000,14.3,54200,64.6,87800,51.1,16700,19,9500,10.9,29300,33.4,11400,13,20800,23.7,50300,57.3
,,,,"00PL","Blaenau Gwent",,,68800,13100,19.1,8300,12,22100,32.2,11000,15.9,14300,20.8,41300,60.1,33300,48.5,6600,19.7,4200,12.7,10700,31.9,6600,19.8,5300,15.9,21500,64.4,35400,51.5,6500,18.5,4000,11.4,11500,32.4,4400,12.3,9000,25.5,19900,56
,,,,"00PM","Torfaen",,,90600,17600,19.5,10400,11.5,28800,31.8,14900,16.4,18900,20.8,54100,59.7,44100,48.6,9000,20.5,5500,12.4,13900,31.6,8800,19.9,6800,15.5,28200,64,46500,51.4,8600,18.5,4900,10.6,14900,31.9,6100,13,12100,25.9,25900,55.6
,,,,"00PP","Monmouthshire",,,87600,16500,18.9,7900,9,27000,30.9,15900,18.1,20300,23.1,50800,58,43000,49.1,8600,19.9,4200,9.9,13300,30.9,9400,21.9,7500,17.5,26900,62.6,44600,50.9,8000,17.8,3700,8.2,13800,30.8,6500,14.5,12800,28.6,23900,53.5
,,,,"00PR","Newport",,,139000,28700,20.6,17400,12.5,45500,32.8,20500,14.8,26800,19.3,83500,60.1,67500,48.6,14500,21.5,8900,13.1,22200,32.9,12200,18,9700,14.4,43300,64.1,71500,51.4,14100,19.8,8600,12,23300,32.6,8400,11.7,17100,23.9,40200,56.3
,,,,"00PT","Cardiff",,,325800,59500,18.3,60800,18.7,113200,34.8,41100,12.6,51100,15.7,215200,66.1,159000,48.8,30500,19.2,29600,18.6,56400,35.5,23900,15,18500,11.6,110000,69.2,166700,51.2,28900,17.4,31200,18.7,56800,34.1,17200,10.3,32600,19.6,105200,63.1