DATASET_TITLE,"Resident Population Estimates, Males, Mid 2002",,,,,,,,,,FROM,Jun-2002,Jun-2002,Jun-2002,Jun-2002,Jun-2002,Jun-2002,Jun-2002,Jun-2002,Jun-2002,Jun-2002,Jun-2002,Jun-2002,Jun-2002,Jun-2002,Jun-2002,Jun-2002,Jun-2002,Jun-2002,Jun-2002
AREA_TYPE,Region,,,,,,,,,,TO,Jun-2002,Jun-2002,Jun-2002,Jun-2002,Jun-2002,Jun-2002,Jun-2002,Jun-2002,Jun-2002,Jun-2002,Jun-2002,Jun-2002,Jun-2002,Jun-2002,Jun-2002,Jun-2002,Jun-2002,Jun-2002,Jun-2002
GEO_HIERARCHY,NeSS Geography Hierarchy,,,,,,,,,,HEADING,Males; All Ages,Males; Aged 0-4,Males; Aged 5-9,Males; Aged 10-14,Males; Aged 15-19,Males; Aged 20-24,Males; Aged 25-29,Males; Aged 30-34,Males; Aged 35-39,Males; Aged 40-44,Males; Aged 45-49,Males; Aged 50-54,Males; Aged 55-59,Males; Aged 60-64,Males; Aged 65-69,Males; Aged 70-74,Males; Aged 75-79,Males; Aged 80-84,Males; Aged 85 and Over
,,,,,,,,,,,MEASUREMENT_UNIT,Count,Count,Count,Count,Count,Count,Count,Count,Count,Count,Count,Count,Count,Count,Count,Count,Count,Count,Count
,,,,,,,,,,,STATISTICAL_UNIT,Persons,Persons,Persons,Persons,Persons,Persons,Persons,Persons,Persons,Persons,Persons,Persons,Persons,Persons,Persons,Persons,Persons,Persons,Persons
UK_CODE,UK_NAME,GB_CODE,GB_NAME,EW_CODE,EW_NAME,CTRY_CODE,CTRY_NAME,GOR_CODE,GOR_NAME,AREA_METADATA,,DATA_VALUE,DATA_VALUE,DATA_VALUE,DATA_VALUE,DATA_VALUE,DATA_VALUE,DATA_VALUE,DATA_VALUE,DATA_VALUE,DATA_VALUE,DATA_VALUE,DATA_VALUE,DATA_VALUE,DATA_VALUE,DATA_VALUE,DATA_VALUE,DATA_VALUE,DATA_VALUE,DATA_VALUE
"213","United Kingdom","078","Great Britain","727","England and Wales","064","England",,,,,24287100,1466700,1580600,1671900,1608000,1521300,1609500,1888600,1970400,1783600,1563900,1594800,1513100,1176300,1047400,893900,686400,441300,269200
"213","United Kingdom","078","Great Britain",,,,,,,,,28131900,1687400,1827600,1938700,1867900,1768300,1833900,2161200,2268200,2069900,1825600,1860100,1760800,1377900,1225800,1042400,798300,509300,308700
"213","United Kingdom",,,,,"152","Northern Ireland",,,,,828900,57800,62500,67400,67700,56000,55100,62200,64500,58800,53000,48400,45500,36300,31100,25300,19100,11700,6500
"213","United Kingdom","078","Great Britain",,,"179","Scotland",,,,,2431800,137400,153300,165400,162900,161000,146500,178200,194100,187600,170200,166500,152800,124900,110700,91300,66300,39500,23200
"213","United Kingdom","078","Great Britain","727","England and Wales","220","Wales",,,,,1413000,83300,93700,101500,97000,86000,77900,94400,103700,98600,91500,98800,94800,76600,67600,57200,45600,28500,16300
"213","United Kingdom","078","Great Britain","727","England and Wales",,,,,,,25700100,1550000,1674300,1773300,1705000,1607300,1687300,1983000,2074100,1882300,1655400,1693600,1608000,1252900,1115100,951200,732000,469800,285500
"213","United Kingdom","078","Great Britain","727","England and Wales","064","England","A","North East",,,1232800,69600,78900,86400,86800,79700,69300,85200,95600,92200,85000,85400,77900,63200,58300,49100,36900,21800,11500
"213","United Kingdom","078","Great Britain","727","England and Wales","064","England","B","North West",,,3295300,197300,220100,241300,229400,200000,196900,242300,258800,241100,214700,223900,208500,167900,148400,122900,92200,57300,32400
"213","United Kingdom","078","Great Britain","727","England and Wales","064","England","D","Yorkshire and The Humber",,,2433800,145400,161500,172800,169800,159700,144700,178600,189100,177700,158900,163300,154000,120700,108200,89700,70000,44000,25600
"213","United Kingdom","078","Great Britain","727","England and Wales","064","England","E","East Midlands",,,2076800,121300,134700,145800,139000,128400,121500,153100,165000,152400,135900,142700,138100,104600,91800,79300,61700,39100,22300
"213","United Kingdom","078","Great Britain","727","England and Wales","064","England","F","West Midlands",,,2594300,159500,172700,186300,178600,159400,157400,194600,201200,184900,166500,172300,166800,132600,114900,98400,74600,46900,26800
"213","United Kingdom","078","Great Britain","727","England and Wales","064","England","G","East of England",,,2663700,161300,175600,181500,167700,152800,164200,198300,213900,198400,174100,180800,175700,131900,120200,103700,79900,51500,32100
"213","United Kingdom","078","Great Britain","727","England and Wales","064","England","H","London",,,3633800,241100,229300,223200,223700,262900,377400,382900,339800,268400,211200,193500,168900,134200,119400,100400,75500,49800,32200
"213","United Kingdom","078","Great Britain","727","England and Wales","064","England","J","South East",,,3935600,236600,257300,271000,255700,237400,243100,287900,321700,296600,260900,265600,255700,190800,169400,146400,113100,75900,50500
"213","United Kingdom","078","Great Britain","727","England and Wales","064","England","K","South West",,,2421000,134600,150500,163500,157300,141000,135000,165700,185300,172100,156700,167200,167500,130300,116800,104100,82600,55100,35800
"213","United Kingdom",,,,,,,,,,,28960800,1745300,1890200,2006100,1935600,1824300,1889000,2223400,2332700,2128700,1878600,1908500,1806200,1414200,1256900,1067800,817400,521000,315100