DATASET_TITLE,"National Curriculum Assessments at Key Stage 1 by Free School Meal Eligibility in England (Referenced by Location of Pupil Residence), 2008",,,,,,,,FROM,Sep-2007,Sep-2007,Sep-2007,Sep-2007,Sep-2007,Sep-2007,Sep-2007,Sep-2007,Sep-2007,Sep-2007,Sep-2007,Sep-2007,Sep-2007,Sep-2007,Sep-2007,Sep-2007,Sep-2007,Sep-2007
AREA_TYPE,Former Local Authority,,,,,,,,TO,Aug-2008,Aug-2008,Aug-2008,Aug-2008,Aug-2008,Aug-2008,Aug-2008,Aug-2008,Aug-2008,Aug-2008,Aug-2008,Aug-2008,Aug-2008,Aug-2008,Aug-2008,Aug-2008,Aug-2008,Aug-2008
GEO_HIERARCHY,NeSS Geography Hierarchy,,,,,,,,HEADING,Pupils Eligible for KS1 Assessment,Pupils Achieving Level 2+; in Reading,Pupils Achieving Level 2+; in Writing,Pupils Achieving Level 2+; in Mathematics,Pupils Achieving Level 2+; in Science,Average Point Score of Pupils Eligible for KS1 Assessment,Free School Meals Pupils Eligible for KS1 Assessment,Free School Meals Pupils Achieving Level 2+; in Reading,Free School Meals Pupils Achieving Level 2+; in Writing,Free School Meals Pupils Achieving Level 2+; in Mathematics,Free School Meals Pupils Achieving Level 2+; in Science,Average Point Score of Free School Meals Pupils Eligible for KS1 Assessment,Non-Free School Meals Pupils Eligible for KS1 Assessment,Non-Free School Meals Pupils Achieving Level 2+; in Reading,Non-Free School Meals Pupils Achieving Level 2+; in Writing,Non-Free School Meals Pupils Achieving Level 2+; in Mathematics,Non-Free School Meals Pupils Achieving Level 2+; in Science,Average Point Score of Non-Free School Meals Pupils Eligible for KS1 Assessment
,,,,,,,,,MEASUREMENT_UNIT,Count,Percentage,Percentage,Percentage,Percentage,Score,Count,Percentage,Percentage,Percentage,Percentage,Score,Count,Percentage,Percentage,Percentage,Percentage,Score
,,,,,,,,,STATISTICAL_UNIT,Persons,Persons,Persons,Persons,Persons,Persons,Persons,Persons,Persons,Persons,Persons,Persons,Persons,Persons,Persons,Persons,Persons,Persons
GOR_CODE,GOR_NAME,CTY_CODE,CTY_NAME,LA_CODE,LA_NAME,FLA_CODE,FLA_NAME,AREA_METADATA,,DATA_VALUE,DATA_VALUE,DATA_VALUE,DATA_VALUE,DATA_VALUE,DATA_VALUE,DATA_VALUE,DATA_VALUE,DATA_VALUE,DATA_VALUE,DATA_VALUE,DATA_VALUE,DATA_VALUE,DATA_VALUE,DATA_VALUE,DATA_VALUE,DATA_VALUE,DATA_VALUE
"A","North East",,,"00EJ","Durham","20UB","Chester-le-Street",,,510,87,85,92,93,15.9,90,70,67,86,88,14,420,91,88,94,94,16.4
"A","North East",,,"00EJ","Durham","20UD","Derwentside",,,929,79,78,90,88,14.9,193,61,58,79,75,12.7,736,84,83,93,92,15.4
"A","North East",,,"00EJ","Durham","20UE","Durham",,,734,85,81,90,89,15.2,117,73,65,83,78,13.4,617,87,84,91,91,15.6
"A","North East",,,"00EJ","Durham","20UF","Easington",,,954,81,75,87,84,14.5,289,72,66,80,73,13.3,665,84,79,90,89,15.1
"A","North East",,,"00EJ","Durham","20UG","Sedgefield",,,947,79,75,87,85,14.5,203,59,52,76,76,12.6,744,84,81,90,88,15
"A","North East",,,"00EJ","Durham","20UH","Teesdale",,,195,88,82,92,92,15.7,19,x,58,x,x,12.4,176,x,85,x,x,16
"A","North East",,,"00EJ","Durham","20UJ","Wear Valley",,,678,82,79,88,88,14.8,156,60,60,75,78,12.9,522,89,85,92,91,15.3
"A","North East",,,"00EM","Northumberland","35UB","Alnwick",,,324,90,89,94,94,16.3,37,76,84,86,x,14.5,287,91,90,95,x,16.5
"A","North East",,,"00EM","Northumberland","35UC","Berwick-upon-Tweed",,,227,87,84,90,84,15.6,23,52,52,65,57,12.5,204,91,87,93,87,15.9
"A","North East",,,"00EM","Northumberland","35UD","Blyth Valley",,,899,88,86,95,93,16.1,164,80,70,90,86,14.2,735,90,89,96,94,16.5
"A","North East",,,"00EM","Northumberland","35UE","Castle Morpeth",,,484,92,90,95,96,17,37,73,76,81,84,14.1,447,94,91,96,97,17.2
"A","North East",,,"00EM","Northumberland","35UF","Tynedale",,,564,94,91,95,95,16.8,34,x,85,x,91,15.2,530,x,92,x,95,16.9
"A","North East",,,"00EM","Northumberland","35UG","Wansbeck",,,659,85,82,91,92,15.5,173,74,73,84,88,14,486,88,85,94,94,16.1
"B","North West",,,"00EQ","Cheshire East","13UC","Congleton",,,899,87,83,92,89,15.7,74,64,58,76,66,12.6,825,89,85,94,91,16
"B","North West",,,"00EQ","Cheshire East","13UD","Crewe and Nantwich",,,1256,82,78,89,90,15.1,164,65,59,79,81,13,1092,84,80,91,91,15.4
"B","North West",,,"00EQ","Cheshire East","13UG","Macclesfield",,,1362,91,88,94,93,16.1,105,73,66,86,76,13.5,1257,92,90,95,95,16.3
"B","North West",,,"00EW","Cheshire West and Chester","13UB","Chester",,,1124,85,83,92,91,15.6,141,66,61,85,77,13.5,983,88,86,93,93,15.9
"B","North West",,,"00EW","Cheshire West and Chester","13UE","Ellesmere Port & Neston",,,798,82,79,87,89,15.1,129,70,67,79,81,13.4,669,84,82,89,90,15.4
"B","North West",,,"00EW","Cheshire West and Chester","13UH","Vale Royal",,,1334,83,81,90,90,15.6,155,62,58,78,74,12.9,1179,86,84,91,92,16
"F","West Midlands",,,"00GG","Shropshire","39UB","Bridgnorth",,,419,87,86,92,93,15.9,29,62,76,86,86,14.4,390,89,87,93,94,16
"F","West Midlands",,,"00GG","Shropshire","39UC","North Shropshire",,,591,83,81,91,87,15.3,55,55,56,69,67,12.7,536,86,83,93,89,15.5
"F","West Midlands",,,"00GG","Shropshire","39UD","Oswestry",,,334,86,84,93,88,15.3,33,67,67,x,76,13.7,301,88,86,x,90,15.5
"F","West Midlands",,,"00GG","Shropshire","39UE","Shrewsbury and Atcham",,,925,88,86,92,92,15.9,109,74,73,79,81,14.3,816,89,88,94,94,16.1
"F","West Midlands",,,"00GG","Shropshire","39UF","South Shropshire",,,368,89,89,94,93,15.7,31,84,77,x,81,14.1,337,89,90,x,94,15.9
"G","East of England",,,"00KC","Central Bedfordshire","09UC","Mid Bedfordshire",,,1499,92,90,95,94,16.5,84,74,73,79,86,14,1415,93,91,96,95,16.6
"G","East of England",,,"00KC","Central Bedfordshire","09UE","South Bedfordshire",,,1292,89,86,93,92,16,162,74,67,79,83,13.7,1130,91,89,95,94,16.3
"K","South West",,,"00HE","Cornwall","15UB","Caradon",,,833,85,78,91,91,15.2,77,58,49,81,81,12.9,756,87,81,92,92,15.4
"K","South West",,,"00HE","Cornwall","15UC","Carrick",,,816,87,82,91,91,15.5,92,68,64,83,80,13.7,724,89,84,92,93,15.7
"K","South West",,,"00HE","Cornwall","15UD","Kerrier",,,966,81,78,88,88,15.1,139,65,60,78,79,13.3,827,84,81,90,90,15.3
"K","South West",,,"00HE","Cornwall","15UE","North Cornwall",,,809,81,77,90,86,14.8,98,65,58,72,70,12.7,711,84,80,92,88,15.1
"K","South West",,,"00HE","Cornwall","15UF","Penwith",,,559,81,76,89,89,14.9,95,71,65,80,80,13.4,464,83,79,91,91,15.2
"K","South West",,,"00HE","Cornwall","15UG","Restormel",,,1014,81,76,89,88,15,117,71,63,79,79,13.5,897,82,78,90,89,15.2
"K","South West",,,"00HY","Wiltshire","46UB","Kennet",,,832,83,79,88,90,15.1,73,53,49,66,73,12.4,759,86,82,90,92,15.3
"K","South West",,,"00HY","Wiltshire","46UC","North Wiltshire",,,1472,86,81,90,91,15.5,92,68,62,79,77,13.1,1380,87,82,91,92,15.7
"K","South West",,,"00HY","Wiltshire","46UD","Salisbury",,,1119,86,81,89,89,15.4,67,64,63,66,69,13.1,1052,87,82,90,90,15.6
"K","South West",,,"00HY","Wiltshire","46UF","West Wiltshire",,,1298,85,80,90,89,15.1,126,67,60,72,71,13.1,1172,87,82,91,90,15.4