DATASET_TITLE,"National Curriculum Assessments at Key Stage 1 by Gender in England (Referenced by Location of Pupil Residence), 2009",,,,,,,,,,FROM,Sep-2008,Sep-2008,Sep-2008,Sep-2008,Sep-2008,Sep-2008,Sep-2008,Sep-2008,Sep-2008,Sep-2008,Sep-2008,Sep-2008,Sep-2008,Sep-2008,Sep-2008,Sep-2008,Sep-2008,Sep-2008
AREA_TYPE,Region,,,,,,,,,,TO,Aug-2009,Aug-2009,Aug-2009,Aug-2009,Aug-2009,Aug-2009,Aug-2009,Aug-2009,Aug-2009,Aug-2009,Aug-2009,Aug-2009,Aug-2009,Aug-2009,Aug-2009,Aug-2009,Aug-2009,Aug-2009
GEO_HIERARCHY,NeSS Geography Hierarchy,,,,,,,,,,HEADING,Pupils Eligible for KS1 Assessment,Pupils Achieving Level 2+; in Reading,Pupils Achieving Level 2+; in Writing,Pupils Achieving Level 2+; in Mathematics,Pupils Achieving Level 2+; in Science,Average Point Score of Pupils Eligible for KS1 Assessment,Boy Pupils Eligible for KS1 Assessment,Boy Pupils Achieving Level 2+; in Reading,Boy Pupils Achieving Level 2+; in Writing,Boy Pupils Achieving Level 2+; in Mathematics,Boy Pupils Achieving Level 2+; in Science,Average Point Score of Boy Pupils Eligible for KS1 Assessment,Girl Pupils Eligible for KS1 Assessment,Girl Pupils Achieving Level 2+; in Reading,Girl Pupils Achieving Level 2+; in Writing,Girl Pupils Achieving Level 2+; in Mathematics,Girl Pupils Achieving Level 2+; in Science,Average Point Score of Girl Pupils Eligible for KS1 Assessment
,,,,,,,,,,,MEASUREMENT_UNIT,Count,Percentage,Percentage,Percentage,Percentage,Score,Count,Percentage,Percentage,Percentage,Percentage,Score,Count,Percentage,Percentage,Percentage,Percentage,Score
,,,,,,,,,,,STATISTICAL_UNIT,Persons,Persons,Persons,Persons,Persons,Persons,Persons,Persons,Persons,Persons,Persons,Persons,Persons,Persons,Persons,Persons,Persons,Persons
UK_CODE,UK_NAME,GB_CODE,GB_NAME,EW_CODE,EW_NAME,CTRY_CODE,CTRY_NAME,GOR_CODE,GOR_NAME,AREA_METADATA,,DATA_VALUE,DATA_VALUE,DATA_VALUE,DATA_VALUE,DATA_VALUE,DATA_VALUE,DATA_VALUE,DATA_VALUE,DATA_VALUE,DATA_VALUE,DATA_VALUE,DATA_VALUE,DATA_VALUE,DATA_VALUE,DATA_VALUE,DATA_VALUE,DATA_VALUE,DATA_VALUE
"213","United Kingdom","078","Great Britain","727","England and Wales","064","England",,,,,531823,84,81,89,89,15.3,272818,80,75,88,87,14.9,259005,88,87,91,91,15.7
"213","United Kingdom","078","Great Britain","727","England and Wales","064","England","A","North East",,,25557,83,80,89,88,15.1,13143,79,74,87,86,14.8,12414,88,86,91,89,15.5
"213","United Kingdom","078","Great Britain","727","England and Wales","064","England","B","North West",,,72445,84,80,90,89,15.2,37201,80,75,88,87,14.9,35244,88,87,91,91,15.6
"213","United Kingdom","078","Great Britain","727","England and Wales","064","England","D","Yorkshire and The Humber",,,54294,83,79,88,88,15,27941,79,74,86,86,14.7,26353,87,85,89,90,15.4
"213","United Kingdom","078","Great Britain","727","England and Wales","064","England","E","East Midlands",,,45263,85,82,90,90,15.5,23366,81,77,89,88,15.1,21897,89,88,92,92,15.8
"213","United Kingdom","078","Great Britain","727","England and Wales","064","England","F","West Midlands",,,59154,84,80,88,87,15.2,30356,79,74,87,85,14.8,28798,88,86,90,89,15.6
"213","United Kingdom","078","Great Britain","727","England and Wales","064","England","G","East of England",,,58453,86,83,91,91,15.6,30169,83,78,90,89,15.3,28284,90,88,92,92,16
"213","United Kingdom","078","Great Britain","727","England and Wales","064","England","H","London",,,79387,84,80,89,87,15.1,40239,80,75,87,85,14.7,39148,87,85,90,89,15.5
"213","United Kingdom","078","Great Britain","727","England and Wales","064","England","J","South East",,,83475,86,83,91,92,15.7,42865,82,77,90,90,15.3,40610,90,88,93,93,16.1
"213","United Kingdom","078","Great Britain","727","England and Wales","064","England","K","South West",,,49199,85,82,90,90,15.5,25193,81,76,89,89,15.1,24006,90,88,92,92,15.9