DATASET_TITLE,Method of Travel to Work - Daytime Population (UV37),,,,,,FROM,Apr-2001,Apr-2001,Apr-2001,Apr-2001,Apr-2001,Apr-2001,Apr-2001,Apr-2001,Apr-2001,Apr-2001,Apr-2001,Apr-2001,Apr-2001
AREA_TYPE,Local Authority,,,,,,TO,Apr-2001,Apr-2001,Apr-2001,Apr-2001,Apr-2001,Apr-2001,Apr-2001,Apr-2001,Apr-2001,Apr-2001,Apr-2001,Apr-2001,Apr-2001
GEO_HIERARCHY,NeSS Geography Hierarchy,,,,,,HEADING,All People,Works mainly at or from home,"Underground, metro, light rail or tram",Train,"Bus, minibus or coach",Taxi or minicab,Driving a car or van,Passenger in a car or van,"Motorcycle, scooter or moped",Bicycle,On foot,Other,Not currently working
,,,,,,,MEASUREMENT_UNIT,Count,Count,Count,Count,Count,Count,Count,Count,Count,Count,Count,Count,Count
,,,,,,,STATISTICAL_UNIT,Persons,Persons,Persons,Persons,Persons,Persons,Persons,Persons,Persons,Persons,Persons,Persons,Persons
GOR_CODE,GOR_NAME,CTY_CODE,CTY_NAME,LA_CODE,LA_NAME,AREA_METADATA,,DATA_VALUE,DATA_VALUE,DATA_VALUE,DATA_VALUE,DATA_VALUE,DATA_VALUE,DATA_VALUE,DATA_VALUE,DATA_VALUE,DATA_VALUE,DATA_VALUE,DATA_VALUE,DATA_VALUE
"K","South West",,,"00HA","Bath and North East Somerset",,,123420,8258,51,1422,5751,221,44818,4643,1033,1975,12077,261,42910
"K","South West",,,"00HB","Bristol, City of",,,317446,12944,87,3641,27511,577,118425,13302,3496,7759,27096,582,102026
"K","South West",,,"00HC","North Somerset",,,117918,9657,12,300,2989,285,43498,4577,994,2252,7767,188,45399
"K","South West",,,"00HD","South Gloucestershire",,,179415,10907,38,1185,5557,221,85580,8053,2244,4201,9777,336,51316
"K","South West",,,"00HG","Plymouth",,,181914,7008,30,682,13106,620,63741,8216,2571,2813,13647,641,68839
"K","South West",,,"00HH","Torbay",,,89235,5807,14,140,2394,216,29156,3875,921,821,8346,236,37309
"K","South West",,,"00HN","Bournemouth",,,116771,6988,29,764,5682,264,42291,4191,999,2672,7728,245,44918
"K","South West",,,"00HP","Poole",,,101823,5683,17,656,3283,145,43537,4262,1260,2949,5753,215,34063
"K","South West",,,"00HX","Swindon",,,145296,6657,99,1448,7707,530,67622,7637,1764,4771,9680,262,37119
"K","South West","15","Cornwall and Isles of Scilly","15UB","Caradon",,,48433,4881,10,175,512,103,14041,1674,362,368,4256,571,21480
"K","South West","15","Cornwall and Isles of Scilly","15UC","Carrick",,,68232,4865,11,384,1512,138,26522,2840,549,521,5236,211,25443
"K","South West","15","Cornwall and Isles of Scilly","15UD","Kerrier",,,62661,4912,11,109,810,89,20820,2395,595,814,3989,236,27881
"K","South West","15","Cornwall and Isles of Scilly","15UE","North Cornwall",,,58084,6255,15,36,339,199,20407,2402,419,482,4466,249,22815
"K","South West","15","Cornwall and Isles of Scilly","15UF","Penwith",,,42923,3810,7,85,992,111,11248,1494,358,466,4129,139,20084
"K","South West","15","Cornwall and Isles of Scilly","15UG","Restormel",,,66044,4890,11,105,812,196,23357,2812,602,596,5053,210,27400
"K","South West","15","Cornwall and Isles of Scilly","15UH","Isles of Scilly",,,1629,295,0,0,0,6,221,19,30,158,526,30,344
"K","South West","18","Devon","18UB","East Devon",,,79846,7932,9,358,1107,153,24398,2755,568,1109,6299,542,34616
"K","South West","18","Devon","18UC","Exeter",,,102578,4016,41,1221,5962,161,41748,4587,1235,2392,9697,172,31346
"K","South West","18","Devon","18UD","Mid Devon",,,43772,5454,5,40,507,55,14258,1541,355,708,3817,123,16909
"K","South West","18","Devon","18UE","North Devon",,,63617,6041,16,61,1265,94,21825,2579,652,1422,6373,221,23068
"K","South West","18","Devon","18UG","South Hams",,,59219,5843,19,103,1160,94,21463,2508,682,495,5141,316,21395
"K","South West","18","Devon","18UH","Teignbridge",,,76071,6828,14,270,1145,114,25753,3009,732,636,5560,202,31808
"K","South West","18","Devon","18UK","Torridge",,,38903,4634,6,30,448,67,11173,1539,297,296,3432,150,16831
"K","South West","18","Devon","18UL","West Devon",,,31530,3960,4,26,307,59,9977,1024,176,208,2691,126,12972
"K","South West","19","Dorset","19UC","Christchurch",,,31560,1788,11,124,585,51,12523,1052,327,933,1481,70,12615
"K","South West","19","Dorset","19UD","East Dorset",,,51938,4556,11,59,337,47,19847,1720,506,1005,1919,121,21810
"K","South West","19","Dorset","19UE","North Dorset",,,40433,4052,7,83,353,80,13942,1330,260,715,4573,157,14881
"K","South West","19","Dorset","19UG","Purbeck",,,29754,2417,4,161,201,63,11051,1160,332,656,2284,121,11304
"K","South West","19","Dorset","19UH","West Dorset",,,67128,6110,25,180,1007,148,24575,2547,553,1224,5778,235,24746
"K","South West","19","Dorset","19UJ","Weymouth and Portland",,,37831,2430,5,77,1961,153,9894,1371,404,693,3339,108,17396
"K","South West","23","Gloucestershire","23UB","Cheltenham",,,86332,4641,25,197,3204,145,34533,3568,763,3647,8759,145,26705
"K","South West","23","Gloucestershire","23UC","Cotswold",,,54937,5842,26,106,498,68,21841,2146,370,1074,4630,207,18129
"K","South West","23","Gloucestershire","23UD","Forest of Dean",,,48636,4551,4,44,527,38,17238,1951,298,491,3177,138,20179
"K","South West","23","Gloucestershire","23UE","Gloucester",,,84277,3767,28,231,4193,104,36915,3952,761,3122,5639,123,25442
"K","South West","23","Gloucestershire","23UF","Stroud",,,68399,6312,16,98,1001,48,27158,2966,568,1029,4688,112,24403
"K","South West","23","Gloucestershire","23UG","Tewkesbury",,,54363,4107,9,74,875,58,24530,2106,510,2063,3011,124,16896
"K","South West","40","Somerset","40UB","Mendip",,,68579,6295,43,122,788,152,25590,2681,477,1324,6208,179,24720
"K","South West","40","Somerset","40UC","Sedgemoor",,,68168,5713,4,61,716,121,23660,2519,582,2931,4558,164,27139
"K","South West","40","Somerset","40UD","South Somerset",,,107585,8262,31,174,1295,167,44467,4362,1195,2627,9167,241,35597
"K","South West","40","Somerset","40UE","Taunton Deane",,,76238,5238,13,155,1303,93,30724,3172,878,3206,6391,226,24839
"K","South West","40","Somerset","40UF","West Somerset",,,23776,2617,4,21,307,34,6384,676,121,498,2603,99,10412
"K","South West","46","Wiltshire","46UB","Kennet",,,48388,4613,36,186,562,86,17560,1934,361,1126,5356,253,16315
"K","South West","46","Wiltshire","46UC","North Wiltshire",,,80932,7269,32,238,1252,138,33277,3289,734,2368,6663,221,25451
"K","South West","46","Wiltshire","46UD","Salisbury",,,81973,6420,22,566,2497,128,32434,3580,691,2248,8366,330,24691
"K","South West","46","Wiltshire","46UF","West Wiltshire",,,77160,5883,18,312,827,176,30842,3362,597,2159,6397,198,26389