DATASET_TITLE,"New Deal Programme: Jobs Gained by Gender, 2004",,,,,,,,,,FROM,Jan-2004,Jan-2004,Jan-2004,Jan-2004,Jan-2004,Jan-2004,Jan-2004,Jan-2004,Jan-2004
AREA_TYPE,Region,,,,,,,,,,TO,Dec-2004,Dec-2004,Dec-2004,Dec-2004,Dec-2004,Dec-2004,Dec-2004,Dec-2004,Dec-2004
GEO_HIERARCHY,NeSS Geography Hierarchy,,,,,,,,,,HEADING,New Deal Young People,New Deal Young People; Male,New Deal Young People; Female,New Deal 25plus,New Deal 25plus; Male,New Deal 25plus; Female,New Deal Lone Parents,New Deal Lone Parents; Male,New Deal Lone Parents; Female
,,,,,,,,,,,MEASUREMENT_UNIT,Count,Count,Count,Count,Count,Count,Count,Count,Count
,,,,,,,,,,,STATISTICAL_UNIT,Cases,Cases,Cases,Cases,Cases,Cases,Cases,Cases,Cases
UK_CODE,UK_NAME,GB_CODE,GB_NAME,EW_CODE,EW_NAME,CTRY_CODE,CTRY_NAME,GOR_CODE,GOR_NAME,AREA_METADATA,,DATA_VALUE,DATA_VALUE,DATA_VALUE,DATA_VALUE,DATA_VALUE,DATA_VALUE,DATA_VALUE,DATA_VALUE,DATA_VALUE
"213","United Kingdom","078","Great Britain","727","England and Wales","064","England",,,,,76585,55005,21580,36500,30285,6215,85320,4065,80955
"213","United Kingdom","078","Great Britain","727","England and Wales","220","Wales",,,,,5425,4045,1380,1990,1695,295,8010,385,7595
"213","United Kingdom","078","Great Britain","727","England and Wales",,,,,,,82010,59050,22960,38490,31980,6510,93330,4450,88550
"213","United Kingdom","078","Great Britain","727","England and Wales","064","England","A","North East",,,6830,5225,1605,2725,2310,415,6965,280,6670
"213","United Kingdom","078","Great Britain","727","England and Wales","064","England","B","North West",,,13085,9805,3280,5405,4655,750,15020,655,14305
"213","United Kingdom","078","Great Britain","727","England and Wales","064","England","D","Yorkshire and The Humber",,,9175,6790,2385,4555,3910,645,11455,610,10815
"213","United Kingdom","078","Great Britain","727","England and Wales","064","England","E","East Midlands",,,5755,4250,1505,2805,2350,455,6865,330,6510
"213","United Kingdom","078","Great Britain","727","England and Wales","064","England","F","West Midlands",,,10430,7595,2835,3965,3295,670,8420,415,7975
"213","United Kingdom","078","Great Britain","727","England and Wales","064","England","G","East of England",,,5000,3485,1515,2655,2205,450,7415,395,6980
"213","United Kingdom","078","Great Britain","727","England and Wales","064","England","H","London",,,14390,9325,5065,7610,5925,1685,11070,430,10585
"213","United Kingdom","078","Great Britain","727","England and Wales","064","England","J","South East",,,5825,4235,1590,3240,2745,495,8535,440,8070
"213","United Kingdom","078","Great Britain","727","England and Wales","064","England","K","South West",,,6090,4300,1790,3545,2890,655,9580,510,9045