DATASET_TITLE,Schoolchildren and Students in Full-time Education Living Away From Home During Term-time (UV05),,,,FROM,Apr-2001,Apr-2001,Apr-2001
AREA_TYPE,County,,,,TO,Apr-2001,Apr-2001,Apr-2001
GEO_HIERARCHY,NeSS Geography Hierarchy,,,,HEADING,All Schoolchildren and Students,Schoolchildren and Students: Males,Schoolchildren and Students: Females
,,,,,MEASUREMENT_UNIT,Count,Count,Count
,,,,,STATISTICAL_UNIT,Persons,Persons,Persons
GOR_CODE,GOR_NAME,CTY_CODE,CTY_NAME,AREA_METADATA,,DATA_VALUE,DATA_VALUE,DATA_VALUE
"A","North East","20","Durham",,,3551,1732,1819
"A","North East","35","Northumberland",,,3696,1861,1835