DATASET_TITLE,Schoolchildren and Students in Full-time Education Living Away From Home During Term-time (UV05),,,,,,FROM,Apr-2001,Apr-2001,Apr-2001
AREA_TYPE,Local Authority,,,,,,TO,Apr-2001,Apr-2001,Apr-2001
GEO_HIERARCHY,NeSS Geography Hierarchy,,,,,,HEADING,All Schoolchildren and Students,Schoolchildren and Students: Males,Schoolchildren and Students: Females
,,,,,,,MEASUREMENT_UNIT,Count,Count,Count
,,,,,,,STATISTICAL_UNIT,Persons,Persons,Persons
GOR_CODE,GOR_NAME,CTY_CODE,CTY_NAME,LA_CODE,LA_NAME,AREA_METADATA,,DATA_VALUE,DATA_VALUE,DATA_VALUE
"A","North East",,,"00CH","Gateshead",,,934,480,454
"A","North East",,,"00CJ","Newcastle upon Tyne",,,1682,821,861
"A","North East",,,"00CK","North Tyneside",,,1292,638,654
"A","North East",,,"00CL","South Tyneside",,,632,299,333
"A","North East",,,"00CM","Sunderland",,,1158,577,581
"A","North East",,,"00EB","Hartlepool",,,548,267,281
"A","North East",,,"00EC","Middlesbrough",,,929,473,456
"A","North East",,,"00EE","Redcar and Cleveland",,,934,452,482
"A","North East",,,"00EF","Stockton-on-Tees",,,1585,804,781
"A","North East",,,"00EH","Darlington",,,921,442,479
"A","North East","20","Durham","20UB","Chester-le-Street",,,374,174,200
"A","North East","20","Durham","20UD","Derwentside",,,549,258,291
"A","North East","20","Durham","20UE","Durham",,,923,462,461
"A","North East","20","Durham","20UF","Easington",,,357,183,174
"A","North East","20","Durham","20UG","Sedgefield",,,593,282,311
"A","North East","20","Durham","20UH","Teesdale",,,283,150,133
"A","North East","20","Durham","20UJ","Wear Valley",,,472,223,249
"A","North East","35","Northumberland","35UB","Alnwick",,,495,253,242
"A","North East","35","Northumberland","35UC","Berwick-upon-Tweed",,,328,155,173
"A","North East","35","Northumberland","35UD","Blyth Valley",,,524,240,284
"A","North East","35","Northumberland","35UE","Castle Morpeth",,,870,457,413
"A","North East","35","Northumberland","35UF","Tynedale",,,1142,579,563
"A","North East","35","Northumberland","35UG","Wansbeck",,,337,177,160