DATASET_TITLE,"National Curriculum Assessments at Key Stage 2 by Gender in England (Referenced by Location of Educational Institution), 2005",,,,,,,,FROM,Sep-2004,Sep-2004,Sep-2004,Sep-2004,Sep-2004,Sep-2004,Sep-2004,Sep-2004,Sep-2004,Sep-2004,Sep-2004,Sep-2004,Sep-2004,Sep-2004,Sep-2004
AREA_TYPE,Former Local Authority,,,,,,,,TO,Aug-2005,Aug-2005,Aug-2005,Aug-2005,Aug-2005,Aug-2005,Aug-2005,Aug-2005,Aug-2005,Aug-2005,Aug-2005,Aug-2005,Aug-2005,Aug-2005,Aug-2005
GEO_HIERARCHY,NeSS Geography Hierarchy,,,,,,,,HEADING,Pupils Eligible for KS2 Assessment,Pupils Achieving Level 4+; in English,Pupils Achieving Level 4+; in Mathematics,Pupils Achieving Level 4+; in Science,Average Point Score of Pupils Eligible for KS2 Assessment,Boy Pupils Eligible for KS2 Assessment,Boy Pupils Achieving Level 4+; in English,Boy Pupils Achieving Level 4+; in Mathematics,Boy Pupils Achieving Level 4+; in Science,Average Point Score of Boy Pupils Eligible for KS2 Assessment,Girl Pupils Eligible for KS2 Assessment,Girl Pupils Achieving Level 4+; in English,Girl Pupils Achieving Level 4+; in Mathematics,Girl Pupils Achieving Level 4+; in Science,Average Point Score of Girl Pupils Eligible for KS2 Assessment
,,,,,,,,,MEASUREMENT_UNIT,Count,Percentage,Percentage,Percentage,Score,Count,Percentage,Percentage,Percentage,Score,Count,Percentage,Percentage,Percentage,Score
,,,,,,,,,STATISTICAL_UNIT,Persons,Persons,Persons,Persons,Persons,Persons,Persons,Persons,Persons,Persons,Persons,Persons,Persons,Persons,Persons
GOR_CODE,GOR_NAME,CTY_CODE,CTY_NAME,LA_CODE,LA_NAME,FLA_CODE,FLA_NAME,AREA_METADATA,,DATA_VALUE,DATA_VALUE,DATA_VALUE,DATA_VALUE,DATA_VALUE,DATA_VALUE,DATA_VALUE,DATA_VALUE,DATA_VALUE,DATA_VALUE,DATA_VALUE,DATA_VALUE,DATA_VALUE,DATA_VALUE,DATA_VALUE
"A","North East",,,"00EJ","Durham","20UB","Chester-le-Street",,,651,87,85,93,28.5,311,86,85,93,28.4,340,89,84,93,28.7
"A","North East",,,"00EJ","Durham","20UD","Derwentside",,,956,79,78,87,27.7,509,73,77,86,27.3,447,86,79,89,28
"A","North East",,,"00EJ","Durham","20UE","Durham",,,861,83,78,89,28.2,440,81,79,90,28.2,421,85,76,88,28.2
"A","North East",,,"00EJ","Durham","20UF","Easington",,,1160,74,75,86,27.2,587,70,74,86,27,573,79,75,86,27.3
"A","North East",,,"00EJ","Durham","20UG","Sedgefield",,,1176,73,73,84,27,606,69,73,85,26.9,570,77,72,84,27.1
"A","North East",,,"00EJ","Durham","20UH","Teesdale",,,254,90,87,94,29.3,144,87,90,94,29.3,110,94,84,94,29.2
"A","North East",,,"00EJ","Durham","20UJ","Wear Valley",,,723,79,76,86,27.5,366,75,78,87,27.3,357,83,75,86,27.8
"A","North East",,,"00EM","Northumberland","35UB","Alnwick",,,345,81,79,85,28,178,78,80,87,27.6,167,84,78,83,28.3
"A","North East",,,"00EM","Northumberland","35UC","Berwick-upon-Tweed",,,285,78,87,93,28,141,70,88,94,27.8,144,86,86,93,28.2
"A","North East",,,"00EM","Northumberland","35UD","Blyth Valley",,,1001,76,68,83,27.2,503,70,70,83,27,498,83,66,83,27.4
"A","North East",,,"00EM","Northumberland","35UE","Castle Morpeth",,,595,84,82,90,28.7,301,79,81,89,28.2,294,89,83,91,29.2
"A","North East",,,"00EM","Northumberland","35UF","Tynedale",,,658,83,77,93,28.3,327,77,78,92,27.9,331,89,77,95,28.7
"A","North East",,,"00EM","Northumberland","35UG","Wansbeck",,,778,66,64,80,26.5,409,58,63,79,26.3,369,75,65,81,26.8
"B","North West",,,"00EQ","Cheshire East","13UC","Congleton",,,1140,89,85,94,29,601,87,84,94,28.9,539,91,85,94,29
"B","North West",,,"00EQ","Cheshire East","13UD","Crewe and Nantwich",,,1461,82,79,90,28.3,709,76,78,90,27.8,752,87,79,91,28.7
"B","North West",,,"00EQ","Cheshire East","13UG","Macclesfield",,,1601,86,82,91,28.6,868,82,81,91,28.3,733,91,83,91,29
"B","North West",,,"00EW","Cheshire West and Chester","13UB","Chester",,,1287,82,77,89,28,673,77,77,88,27.7,614,88,78,89,28.3
"B","North West",,,"00EW","Cheshire West and Chester","13UE","Ellesmere Port & Neston",,,999,80,74,86,27.5,516,78,75,86,27.5,483,83,72,86,27.5
"B","North West",,,"00EW","Cheshire West and Chester","13UH","Vale Royal",,,1588,80,76,86,27.7,834,76,76,86,27.6,754,84,76,86,27.9
"F","West Midlands",,,"00GG","Shropshire","39UB","Bridgnorth",,,585,84,79,92,28.4,308,81,82,91,28.2,277,87,77,93,28.6
"F","West Midlands",,,"00GG","Shropshire","39UC","North Shropshire",,,575,82,78,91,28.2,296,78,79,92,28,279,86,76,90,28.4
"F","West Midlands",,,"00GG","Shropshire","39UD","Oswestry",,,454,80,77,90,27.9,217,70,74,90,27.5,237,89,79,90,28.3
"F","West Midlands",,,"00GG","Shropshire","39UE","Shrewsbury and Atcham",,,1183,80,75,87,27.8,641,77,76,87,27.6,542,83,74,87,28.1
"F","West Midlands",,,"00GG","Shropshire","39UF","South Shropshire",,,439,83,80,92,28.3,222,77,81,93,28.1,217,88,80,91,28.6
"G","East of England",,,"00KC","Central Bedfordshire","09UC","Mid Bedfordshire",,,1446,84,80,91,28.4,754,80,81,92,28.3,692,89,80,90,28.4
"G","East of England",,,"00KC","Central Bedfordshire","09UE","South Bedfordshire",,,1618,77,71,84,27.2,846,71,70,81,26.9,772,84,71,87,27.5
"K","South West",,,"00HE","Cornwall","15UB","Caradon",,,939,81,76,89,28,480,77,75,89,27.8,459,85,77,89,28.2
"K","South West",,,"00HE","Cornwall","15UC","Carrick",,,974,80,76,88,27.9,502,75,76,89,27.7,472,85,76,88,28.2
"K","South West",,,"00HE","Cornwall","15UD","Kerrier",,,1066,77,72,84,27.4,561,71,72,84,27.2,505,83,71,84,27.7
"K","South West",,,"00HE","Cornwall","15UE","North Cornwall",,,975,77,73,85,27.4,514,72,74,85,27.3,461,82,73,85,27.6
"K","South West",,,"00HE","Cornwall","15UF","Penwith",,,701,78,73,86,27.4,342,72,74,87,27.2,359,84,71,86,27.6
"K","South West",,,"00HE","Cornwall","15UG","Restormel",,,1175,76,74,85,27.4,579,70,74,84,27.3,596,82,73,85,27.6
"K","South West",,,"00HY","Wiltshire","46UB","Kennet",,,951,80,76,85,27.7,455,74,76,83,27.4,496,86,77,87,28.1
"K","South West",,,"00HY","Wiltshire","46UC","North Wiltshire",,,1747,80,76,88,27.8,908,77,78,88,27.8,839,82,74,88,27.8
"K","South West",,,"00HY","Wiltshire","46UD","Salisbury",,,1185,75,71,83,27.1,618,68,71,80,26.8,567,82,70,86,27.4
"K","South West",,,"00HY","Wiltshire","46UF","West Wiltshire",,,1444,75,70,83,27,733,68,70,81,26.5,711,84,71,85,27.5