DATASET_TITLE,"Local Units by Broad Industry Group: Urban/Rural, 2009",,,,FROM,Mar-2009,Mar-2009,Mar-2009,Mar-2009,Mar-2009,Mar-2009,Mar-2009,Mar-2009,Mar-2009,Mar-2009,Mar-2009,Mar-2009,Mar-2009,Mar-2009,Mar-2009,Mar-2009,Mar-2009,Mar-2009,Mar-2009,Mar-2009,Mar-2009,Mar-2009,Mar-2009,Mar-2009,Mar-2009,Mar-2009,Mar-2009,Mar-2009,Mar-2009,Mar-2009,Mar-2009,Mar-2009,Mar-2009,Mar-2009,Mar-2009,Mar-2009,Mar-2009,Mar-2009,Mar-2009,Mar-2009,Mar-2009,Mar-2009,Mar-2009,Mar-2009,Mar-2009,Mar-2009,Mar-2009,Mar-2009,Mar-2009,Mar-2009,Mar-2009,Mar-2009,Mar-2009,Mar-2009
AREA_TYPE,County,,,,TO,Mar-2009,Mar-2009,Mar-2009,Mar-2009,Mar-2009,Mar-2009,Mar-2009,Mar-2009,Mar-2009,Mar-2009,Mar-2009,Mar-2009,Mar-2009,Mar-2009,Mar-2009,Mar-2009,Mar-2009,Mar-2009,Mar-2009,Mar-2009,Mar-2009,Mar-2009,Mar-2009,Mar-2009,Mar-2009,Mar-2009,Mar-2009,Mar-2009,Mar-2009,Mar-2009,Mar-2009,Mar-2009,Mar-2009,Mar-2009,Mar-2009,Mar-2009,Mar-2009,Mar-2009,Mar-2009,Mar-2009,Mar-2009,Mar-2009,Mar-2009,Mar-2009,Mar-2009,Mar-2009,Mar-2009,Mar-2009,Mar-2009,Mar-2009,Mar-2009,Mar-2009,Mar-2009,Mar-2009
GEO_HIERARCHY,NeSS Geography Hierarchy,,,,HEADING,All VAT and/or PAYE Based Local Units,"Agriculture, Forestry & Fishing",Production,Construction,Motor Trades,Wholesale,Retail,Transport & Storage (Including Postal),Accommodation & Food Services,Information & Communication,Finance & Insurance,Property,"Professional, Scientific & Technical",Business Administration & Support Services,Public Administration & Defence,Education,Health,"Arts, Entertainment, Recreation and Other Services",All VAT and/or PAYE Based Local Units; Urban,"Urban; Agriculture, Forestry & Fishing",Urban; Production,Urban; Construction,Urban; Motor Trades,Urban; Wholesale,Urban; Retail,Urban; Transport & Storage (Including Postal),Urban; Accommodation & Food Services,Urban; Information & Communication,Urban; Finance & Insurance,Urban; Property,"Urban; Professional, Scientific & Technical",Urban; Business Administration & Support Services,Urban; Public Administration & Defence,Urban; Education,Urban; Health,"Urban; Arts, Entertainment, Recreation and Other Services",All VAT and/or PAYE Based Local Units; Rural,"Rural; Agriculture, Forestry & Fishing",Rural; Production,Rural; Construction,Rural; Motor Trades,Rural; Wholesale,Rural; Retail,Rural; Transport & Storage (Including Postal),Rural; Accommodation & Food Services,Rural; Information & Communication,Rural; Finance & Insurance,Rural; Property,"Rural; Professional, Scientific & Technical",Rural; Business Administration & Support Services,Rural; Public Administration & Defence,Rural; Education,Rural; Health,"Rural; Arts, Entertainment, Recreation and Other Services"
,,,,,MEASUREMENT_UNIT,Count,Count,Count,Count,Count,Count,Count,Count,Count,Count,Count,Count,Count,Count,Count,Count,Count,Count,Count,Count,Count,Count,Count,Count,Count,Count,Count,Count,Count,Count,Count,Count,Count,Count,Count,Count,Count,Count,Count,Count,Count,Count,Count,Count,Count,Count,Count,Count,Count,Count,Count,Count,Count,Count
,,,,,STATISTICAL_UNIT,Local Units,Local Units,Local Units,Local Units,Local Units,Local Units,Local Units,Local Units,Local Units,Local Units,Local Units,Local Units,Local Units,Local Units,Local Units,Local Units,Local Units,Local Units,Local Units,Local Units,Local Units,Local Units,Local Units,Local Units,Local Units,Local Units,Local Units,Local Units,Local Units,Local Units,Local Units,Local Units,Local Units,Local Units,Local Units,Local Units,Local Units,Local Units,Local Units,Local Units,Local Units,Local Units,Local Units,Local Units,Local Units,Local Units,Local Units,Local Units,Local Units,Local Units,Local Units,Local Units,Local Units,Local Units
GOR_CODE,GOR_NAME,CTY_CODE,CTY_NAME,AREA_METADATA,,DATA_VALUE,DATA_VALUE,DATA_VALUE,DATA_VALUE,DATA_VALUE,DATA_VALUE,DATA_VALUE,DATA_VALUE,DATA_VALUE,DATA_VALUE,DATA_VALUE,DATA_VALUE,DATA_VALUE,DATA_VALUE,DATA_VALUE,DATA_VALUE,DATA_VALUE,DATA_VALUE,DATA_VALUE,DATA_VALUE,DATA_VALUE,DATA_VALUE,DATA_VALUE,DATA_VALUE,DATA_VALUE,DATA_VALUE,DATA_VALUE,DATA_VALUE,DATA_VALUE,DATA_VALUE,DATA_VALUE,DATA_VALUE,DATA_VALUE,DATA_VALUE,DATA_VALUE,DATA_VALUE,DATA_VALUE,DATA_VALUE,DATA_VALUE,DATA_VALUE,DATA_VALUE,DATA_VALUE,DATA_VALUE,DATA_VALUE,DATA_VALUE,DATA_VALUE,DATA_VALUE,DATA_VALUE,DATA_VALUE,DATA_VALUE,DATA_VALUE,DATA_VALUE,DATA_VALUE,DATA_VALUE
"B","North West","16","Cumbria",,,26860,4560,1390,3105,765,810,3030,890,2435,640,465,735,2530,1815,245,695,1170,1580,9805,140,560,1110,370,385,1685,360,820,260,270,380,1035,690,135,255,610,740,17055,4420,840,2000,395,425,1340,530,1610,380,195,355,1495,1120,110,440,560,840
"B","North West","30","Lancashire",,,47410,2975,3505,5670,1805,2470,5930,1765,3035,1900,1050,1625,4920,3355,345,1200,2635,3225,32000,400,2440,3680,1195,1690,4735,1165,2145,1350,845,1175,3325,2250,290,835,2150,2330,15405,2575,1060,1995,610,780,1200,600,890,545,205,450,1595,1105,55,365,485,890
"D","Yorkshire and The Humber","36","North Yorkshire",,,33730,5945,1870,3535,1000,1535,3480,1005,2535,1080,590,1060,3410,2060,280,800,1455,2090,11535,250,605,1160,385,600,1940,260,1065,450,320,395,1255,710,155,280,820,885,22200,5695,1265,2375,610,935,1540,740,1475,630,270,665,2160,1350,125,520,640,1205
"E","East Midlands","17","Derbyshire",,,31040,2165,2790,3840,1160,1540,3315,1350,2125,1225,610,910,3250,1965,290,940,1580,1985,17330,255,1750,2180,720,930,2230,715,1215,675,415,505,1705,1050,210,535,1050,1190,13710,1910,1035,1655,445,605,1085,630,915,555,195,410,1545,915,80,405,530,795
"E","East Midlands","31","Leicestershire",,,28370,1645,2440,3565,955,1675,2750,1320,1560,1295,985,1035,3270,2020,200,675,1130,1850,16825,260,1540,2130,605,1035,1970,675,940,800,775,670,1810,1140,150,390,795,1140,11545,1380,895,1440,355,635,780,645,620,500,210,370,1465,880,45,280,335,710
"E","East Midlands","32","Lincolnshire",,,30950,3845,1920,3880,1190,1545,3490,1160,2025,1015,530,775,2725,2065,420,775,1760,1830,14490,280,835,1665,605,725,2325,445,1210,545,375,420,1260,980,285,365,1140,1030,16460,3570,1085,2210,585,820,1165,710,820,470,155,355,1465,1085,135,410,620,800
"E","East Midlands","34","Northamptonshire",,,30645,1395,2255,3780,1095,1730,2800,1470,1695,1570,570,885,3845,2595,605,890,1380,2085,17955,95,1510,2145,675,1145,1995,870,1095,865,395,530,1845,1555,520,505,975,1235,12685,1305,745,1635,420,585,805,600,600,705,170,355,2000,1035,90,385,400,850
"E","East Midlands","37","Nottinghamshire",,,28390,1310,2120,3880,1065,1340,3225,1030,1695,1205,605,890,3005,1760,920,765,1675,1900,18490,175,1370,2505,735,875,2455,665,1150,815,455,555,1835,1170,710,495,1250,1275,9900,1135,750,1370,330,465,770,365,545,390,150,330,1170,590,215,270,430,625
"F","West Midlands","41","Staffordshire",,,34545,2610,2635,4710,1240,1825,3625,1505,2070,1430,630,970,3775,2435,335,890,1615,2245,22515,270,1800,3165,900,1205,2875,1010,1420,980,505,665,2450,1555,275,590,1250,1600,12030,2340,835,1545,345,620,750,495,645,450,125,305,1325,880,60,300,365,645
"F","West Midlands","44","Warwickshire",,,27325,1420,1850,2970,890,1285,2755,1165,1690,1660,575,975,4070,2240,135,700,1065,1880,15890,135,1080,1595,520,790,2020,725,1090,1040,395,545,2295,1295,90,425,730,1120,11435,1280,775,1375,370,500,735,445,600,615,180,430,1770,945,45,275,335,760
"F","West Midlands","47","Worcestershire",,,26555,1735,2025,3115,980,1520,2750,805,1600,1435,560,960,3345,2020,180,625,1125,1775,15705,155,1275,1805,615,925,2015,495,1045,890,410,550,1910,1195,135,365,810,1110,10850,1580,750,1310,365,590,735,310,555,550,150,410,1435,825,45,260,315,665
"G","East of England","12","Cambridgeshire",,,29220,2085,1880,3540,850,1405,2475,995,1540,2275,560,925,4240,2135,250,950,1180,1935,13145,315,730,1325,340,540,1515,330,910,1160,340,460,1900,960,135,560,670,955,16075,1770,1155,2220,510,870,955,665,625,1115,215,465,2335,1175,115,390,510,985
"G","East of England","22","Essex",,,62375,2170,4200,10100,2060,3160,5980,2475,3340,3555,1415,2160,7865,5055,570,1390,2795,4085,39460,310,2550,6185,1175,2010,4455,1545,2220,2375,1045,1490,4760,3195,450,920,2115,2660,22915,1860,1650,3915,885,1145,1525,935,1120,1185,370,675,3100,1860,115,470,680,1425
"G","East of England","26","Hertfordshire",,,55910,800,3050,7010,1555,3100,5065,1540,2785,5690,1445,2085,9230,5045,255,1245,2125,3885,46670,235,2515,5710,1230,2645,4520,1280,2340,5030,1300,1705,7605,4285,225,995,1875,3175,9245,565,540,1295,325,455,550,260,445,660,145,380,1625,760,30,250,255,705
"G","East of England","33","Norfolk",,,36165,3265,2520,4655,1395,1715,4185,1215,2510,1340,725,1140,3640,2490,330,835,1835,2370,15045,150,1030,1665,630,760,2290,490,1230,625,460,515,1540,1115,180,345,945,1075,21120,3110,1485,2990,765,955,1895,725,1280,720,265,625,2100,1380,155,490,890,1290
"G","East of England","42","Suffolk",,,32630,2600,2195,3920,1105,1455,3330,1440,1975,1630,690,1055,3585,2410,285,750,1675,2530,16520,160,1010,1860,585,680,2225,855,1160,850,485,615,1675,1240,175,375,1120,1450,16105,2440,1185,2055,520,775,1110,585,815,780,205,440,1910,1170,110,375,555,1075
"J","South East","11","Buckinghamshire",,,29585,1000,1580,3485,845,1465,2340,785,1295,2870,555,1015,5580,2420,185,680,1100,2385,17795,140,955,1995,505,925,1695,460,825,1785,410,635,3305,1475,140,400,780,1365,11785,860,630,1485,335,540,650,325,475,1085,145,375,2275,945,40,280,320,1020
"J","South East","21","East Sussex",,,23775,1235,1415,3195,765,1065,2530,565,1600,1355,425,735,3080,1705,185,570,1465,1885,14100,140,845,1905,460,620,1820,365,1030,770,305,465,1655,930,135,340,1120,1195,9675,1095,565,1290,310,450,710,200,570,585,120,270,1425,775,45,230,345,690
"J","South East","24","Hampshire",,,61125,1885,3710,8050,1950,2840,5610,1785,3340,5030,1415,2150,9340,5030,430,1540,2605,4415,41470,315,2485,5595,1300,1900,4410,1275,2345,3495,1120,1415,6015,3440,325,1055,2010,2970,19655,1570,1220,2455,655,940,1200,510,995,1535,295,735,3320,1590,110,485,590,1450
"J","South East","29","Kent",,,61210,2155,3560,8425,2035,3205,6680,2195,4300,3295,1440,1920,7825,4785,465,1480,3290,4155,38245,250,2035,5020,1235,1830,5140,1355,2960,2035,995,1200,4745,3040,315,945,2465,2680,22965,1910,1525,3405,800,1375,1540,840,1335,1260,445,720,3085,1745,150,530,825,1475
"J","South East","38","Oxfordshire",,,33315,1585,1700,3520,940,1340,3050,775,2210,2610,630,1060,5430,2650,485,980,1560,2790,17315,205,775,1640,490,705,2115,425,1350,1320,430,555,2525,1345,375,550,1055,1455,16000,1380,925,1880,450,635,930,350,865,1285,200,505,2905,1305,115,430,500,1340
"J","South East","43","Surrey",,,61640,800,2690,7040,1660,2775,5360,1655,3385,6175,1635,2210,11710,5495,290,1305,2660,4795,49450,240,2045,5475,1230,2200,4640,1370,2775,5215,1420,1785,9340,4400,250,1010,2250,3805,12190,560,650,1560,430,575,720,290,605,955,215,425,2370,1095,40,295,410,995
"J","South East","45","West Sussex",,,37540,1320,2235,4470,1065,1840,3910,1120,2145,2690,1090,1280,5290,3185,255,840,1930,2875,24605,210,1320,2930,680,1195,3030,800,1500,1820,860,805,3275,2120,185,535,1505,1835,12935,1110,915,1540,390,645,885,320,645,865,230,475,2015,1065,70,305,425,1035
"K","South West","18","Devon",,,40370,7285,2240,4625,1350,1615,4180,1125,2850,1290,710,1300,3515,2515,390,895,1990,2495,14275,265,745,1730,565,615,2235,405,1145,525,430,575,1415,960,220,335,1055,1055,26100,7020,1500,2895,785,1000,1940,720,1710,765,280,720,2100,1555,170,565,935,1440
"K","South West","19","Dorset",,,20510,2015,1435,2795,640,810,2185,560,1465,945,355,665,2290,1345,145,475,915,1470,9660,170,685,1465,320,440,1285,240,760,470,210,330,1120,625,75,220,545,700,10850,1845,750,1335,315,370,905,320,700,475,145,330,1175,720,70,255,370,770
"K","South West","23","Gloucestershire",,,29790,2165,1980,3310,930,1315,3070,870,1950,1850,725,985,3925,2270,280,755,1480,1930,17075,205,1150,1900,560,755,2125,515,1225,1145,530,625,2160,1340,225,445,1050,1120,12715,1960,830,1410,365,560,945,355,725,705,195,360,1765,930,55,315,425,815
"K","South West","40","Somerset",,,26645,3535,1730,3225,950,1175,2805,840,1705,1065,500,835,2705,1800,180,645,1275,1675,10285,145,685,1270,440,450,1645,330,790,385,300,375,995,675,110,245,740,705,16360,3390,1035,1960,510,725,1155,510,920,680,200,465,1710,1125,70,400,535,970