DATASET_TITLE,"Dwelling Stock by Council Tax Band, 2007",,,,,,FROM,Mar-2007,Mar-2007,Mar-2007,Mar-2007,Mar-2007,Mar-2007,Mar-2007,Mar-2007,Mar-2007,Mar-2007,Mar-2007,Mar-2007,Mar-2007,Mar-2007,Mar-2007,Mar-2007,Mar-2007,Mar-2007,Mar-2007,Mar-2007,Mar-2007
AREA_TYPE,Local Authority,,,,,,TO,Mar-2007,Mar-2007,Mar-2007,Mar-2007,Mar-2007,Mar-2007,Mar-2007,Mar-2007,Mar-2007,Mar-2007,Mar-2007,Mar-2007,Mar-2007,Mar-2007,Mar-2007,Mar-2007,Mar-2007,Mar-2007,Mar-2007,Mar-2007,Mar-2007
GEO_HIERARCHY,NeSS Geography Hierarchy,,,,,,HEADING,Dwelling Stock by Council Tax Band; Total,Dwelling Stock by Council Tax Band; Band A,Dwelling Stock by Council Tax Band; Band A,Dwelling Stock by Council Tax Band; Band B,Dwelling Stock by Council Tax Band; Band B,Dwelling Stock by Council Tax Band; Band C,Dwelling Stock by Council Tax Band; Band C,Dwelling Stock by Council Tax Band; Band D,Dwelling Stock by Council Tax Band; Band D,Dwelling Stock by Council Tax Band; Band E,Dwelling Stock by Council Tax Band; Band E,Dwelling Stock by Council Tax Band; Band F,Dwelling Stock by Council Tax Band; Band F,Dwelling Stock by Council Tax Band; Band G,Dwelling Stock by Council Tax Band; Band G,Dwelling Stock by Council Tax Band; Band H,Dwelling Stock by Council Tax Band; Band H,Dwelling Stock by Council Tax Band; Band I,Dwelling Stock by Council Tax Band; Band I,Dwelling Stock by Council Tax Band; Band X; Unallocated,Dwelling Stock by Council Tax Band; Band X; Unallocated
,,,,,,,MEASUREMENT_UNIT,Count,Count,Percentage,Count,Percentage,Count,Percentage,Count,Percentage,Count,Percentage,Count,Percentage,Count,Percentage,Count,Percentage,Count,Percentage,Count,Percentage
,,,,,,,STATISTICAL_UNIT,Dwellings,Dwellings,Dwellings,Dwellings,Dwellings,Dwellings,Dwellings,Dwellings,Dwellings,Dwellings,Dwellings,Dwellings,Dwellings,Dwellings,Dwellings,Dwellings,Dwellings,Dwellings,Dwellings,Dwellings,Dwellings
GOR_CODE,GOR_NAME,CTY_CODE,CTY_NAME,LA_CODE,LA_NAME,AREA_METADATA,,DATA_VALUE,DATA_VALUE,DATA_VALUE,DATA_VALUE,DATA_VALUE,DATA_VALUE,DATA_VALUE,DATA_VALUE,DATA_VALUE,DATA_VALUE,DATA_VALUE,DATA_VALUE,DATA_VALUE,DATA_VALUE,DATA_VALUE,DATA_VALUE,DATA_VALUE,DATA_VALUE,DATA_VALUE,DATA_VALUE,DATA_VALUE
"J","South East",,,"00LC","Medway",,,106931,10565,9.88,36690,34.31,31904,29.84,15643,14.63,7692,7.19,3182,2.98,1189,1.11,66,.06,0,0,0,0
"J","South East",,,"00MA","Bracknell Forest",,,45180,1722,3.81,3965,8.78,17064,37.77,8301,18.37,7461,16.51,4385,9.71,2037,4.51,245,.54,0,0,0,0
"J","South East",,,"00MB","West Berkshire",,,62605,2224,3.55,5876,9.39,17938,28.65,16255,25.96,9763,15.59,6144,9.81,3804,6.08,601,.96,0,0,0,0
"J","South East",,,"00MC","Reading",,,63823,5247,8.22,12891,20.2,26110,40.91,9558,14.98,5064,7.93,3134,4.91,1740,2.73,79,.12,0,0,0,0
"J","South East",,,"00MD","Slough",,,48156,1102,2.29,9105,18.91,20425,42.41,11750,24.4,3919,8.14,1543,3.2,306,.64,6,.01,0,0,0,0
"J","South East",,,"00ME","Windsor and Maidenhead",,,59603,1631,2.74,3467,5.82,8604,14.44,15146,25.41,12507,20.98,7734,12.98,9063,15.21,1451,2.43,0,0,0,0
"J","South East",,,"00MF","Wokingham",,,60647,1616,2.66,3259,5.37,9016,14.87,17263,28.46,14229,23.46,9266,15.28,5587,9.21,411,.68,0,0,0,0
"J","South East",,,"00MG","Milton Keynes",,,94684,14998,15.84,25896,27.35,25655,27.1,11355,11.99,9256,9.78,4804,5.07,2592,2.74,128,.14,0,0,0,0
"J","South East",,,"00ML","Brighton and Hove",,,122855,25829,21.02,27357,22.27,32984,26.85,18878,15.37,10699,8.71,4306,3.5,2629,2.14,173,.14,0,0,0,0
"J","South East",,,"00MR","Portsmouth",,,84994,23706,27.89,29085,34.22,20846,24.53,5462,6.43,3530,4.15,1622,1.91,687,.81,56,.07,0,0,0,0
"J","South East",,,"00MS","Southampton",,,96722,29437,30.43,31711,32.79,21526,22.26,9188,9.5,3027,3.13,1340,1.39,462,.48,31,.03,0,0,0,0
"J","South East",,,"00MW","Isle of Wight",,,65797,9411,14.3,16447,25,16116,24.49,12667,19.25,6782,10.31,2865,4.35,1384,2.1,125,.19,0,0,0,0
"J","South East","11","Buckinghamshire","11UB","Aylesbury Vale",,,68417,2731,3.99,11217,16.4,19463,28.45,11781,17.22,10023,14.65,7268,10.62,5563,8.13,371,.54,0,0,0,0
"J","South East","11","Buckinghamshire","11UC","Chiltern",,,37813,639,1.69,1877,4.96,5269,13.93,6531,17.27,6469,17.11,6505,17.2,8790,23.25,1733,4.58,0,0,0,0
"J","South East","11","Buckinghamshire","11UE","South Bucks",,,26843,571,2.13,863,3.21,3416,12.73,5336,19.88,4906,18.28,3210,11.96,6715,25.02,1826,6.8,0,0,0,0
"J","South East","11","Buckinghamshire","11UF","Wycombe",,,66977,1115,1.66,6850,10.23,16000,23.89,16158,24.12,10654,15.91,8570,12.8,6687,9.98,943,1.41,0,0,0,0
"J","South East","21","East Sussex","21UC","Eastbourne",,,46507,7867,16.92,12364,26.59,10571,22.73,8183,17.6,4412,9.49,1986,4.27,1046,2.25,78,.17,0,0,0,0
"J","South East","21","East Sussex","21UD","Hastings",,,41404,13961,33.72,11668,28.18,7117,17.19,5465,13.2,2172,5.25,778,1.88,191,.46,52,.13,0,0,0,0
"J","South East","21","East Sussex","21UF","Lewes",,,42032,3953,9.4,5634,13.4,12668,30.14,9101,21.65,5424,12.9,2858,6.8,2183,5.19,211,.5,0,0,0,0
"J","South East","21","East Sussex","21UG","Rother",,,42732,4520,10.58,6862,16.06,9361,21.91,8776,20.54,6977,16.33,3576,8.37,2400,5.62,260,.61,0,0,0,0
"J","South East","21","East Sussex","21UH","Wealden",,,63024,3794,6.02,6960,11.04,15338,24.34,12888,20.45,10003,15.87,7015,11.13,6230,9.89,796,1.26,0,0,0,0
"J","South East","24","Hampshire","24UB","Basingstoke and Deane",,,66134,2097,3.17,10667,16.13,23023,34.81,11653,17.62,9631,14.56,5757,8.71,2953,4.47,353,.53,0,0,0,0
"J","South East","24","Hampshire","24UC","East Hampshire",,,47172,2643,5.6,4891,10.37,11278,23.91,9713,20.59,8192,17.37,5505,11.67,4344,9.21,606,1.28,0,0,0,0
"J","South East","24","Hampshire","24UD","Eastleigh",,,50544,4370,8.65,9861,19.51,16575,32.79,9137,18.08,6796,13.45,2798,5.54,985,1.95,22,.04,0,0,0,0
"J","South East","24","Hampshire","24UE","Fareham",,,45983,2990,6.5,6239,13.57,14745,32.07,9752,21.21,7586,16.5,3228,7.02,1347,2.93,96,.21,0,0,0,0
"J","South East","24","Hampshire","24UF","Gosport",,,35691,6251,17.51,12546,35.15,8495,23.8,4690,13.14,1869,5.24,1462,4.1,348,.98,30,.08,0,0,0,0
"J","South East","24","Hampshire","24UG","Hart",,,36028,686,1.9,1790,4.97,8225,22.83,8097,22.47,7231,20.07,6285,17.44,3495,9.7,219,.61,0,0,0,0
"J","South East","24","Hampshire","24UH","Havant",,,51503,7738,15.02,13313,25.85,12024,23.35,9614,18.67,5446,10.57,2391,4.64,938,1.82,39,.08,0,0,0,0
"J","South East","24","Hampshire","24UJ","New Forest",,,77835,6139,7.89,11278,14.49,17109,21.98,18872,24.25,13000,16.7,6518,8.37,4356,5.6,563,.72,0,0,0,0
"J","South East","24","Hampshire","24UL","Rushmoor",,,36350,1086,2.99,7742,21.3,14220,39.12,8045,22.13,3783,10.41,1108,3.05,320,.88,46,.13,0,0,0,0
"J","South East","24","Hampshire","24UN","Test Valley",,,47524,2407,5.06,7752,16.31,12737,26.8,8854,18.63,7644,16.08,4398,9.25,3312,6.97,420,.88,0,0,0,0
"J","South East","24","Hampshire","24UP","Winchester",,,47227,1978,4.19,5874,12.44,10953,23.19,8650,18.32,8054,17.05,6100,12.92,5000,10.59,618,1.31,0,0,0,0
"J","South East","29","Kent","29UB","Ashford",,,47878,3609,7.54,11099,23.18,11605,24.24,7483,15.63,6127,12.8,4813,10.05,2947,6.16,195,.41,0,0,0,0
"J","South East","29","Kent","29UC","Canterbury",,,61969,5910,9.54,12840,20.72,19245,31.06,11542,18.63,6615,10.67,3725,6.01,1982,3.2,110,.18,0,0,0,0
"J","South East","29","Kent","29UD","Dartford",,,38394,1567,4.08,6564,17.1,13574,35.35,8812,22.95,4744,12.36,2224,5.79,853,2.22,56,.15,0,0,0,0
"J","South East","29","Kent","29UE","Dover",,,49033,6351,12.95,15669,31.96,12970,26.45,6475,13.21,3963,8.08,2137,4.36,1402,2.86,66,.13,0,0,0,0
"J","South East","29","Kent","29UG","Gravesham",,,40291,3654,9.07,6631,16.46,13577,33.7,9239,22.93,4282,10.63,1902,4.72,910,2.26,96,.24,0,0,0,0
"J","South East","29","Kent","29UH","Maidstone",,,62215,4215,6.77,8007,12.87,16706,26.85,16008,25.73,8525,13.7,4936,7.93,3515,5.65,303,.49,0,0,0,0
"J","South East","29","Kent","29UK","Sevenoaks",,,47235,1632,3.46,3001,6.35,10140,21.47,11430,24.2,7086,15,5704,12.08,7137,15.11,1105,2.34,0,0,0,0
"J","South East","29","Kent","29UL","Shepway",,,47258,6272,13.27,11631,24.61,13385,28.32,7264,15.37,4518,9.56,2374,5.02,1727,3.65,87,.18,0,0,0,0
"J","South East","29","Kent","29UM","Swale",,,56883,9549,16.79,14102,24.79,15800,27.78,9192,16.16,4800,8.44,2191,3.85,1133,1.99,116,.2,0,0,0,0
"J","South East","29","Kent","29UN","Thanet",,,62378,14958,23.98,17878,28.66,16363,26.23,7307,11.71,3721,5.97,1423,2.28,689,1.1,39,.06,0,0,0,0
"J","South East","29","Kent","29UP","Tonbridge and Malling",,,47241,1692,3.58,3605,7.63,13251,28.05,11964,25.33,7861,16.64,4566,9.67,3982,8.43,320,.68,0,0,0,0
"J","South East","29","Kent","29UQ","Tunbridge Wells",,,46233,3436,7.43,5018,10.85,12906,27.92,9164,19.82,6217,13.45,4383,9.48,4690,10.14,419,.91,0,0,0,0
"J","South East","38","Oxfordshire","38UB","Cherwell",,,57176,4900,8.57,14030,24.54,15772,27.59,9910,17.33,7001,12.24,3090,5.4,2252,3.94,221,.39,0,0,0,0
"J","South East","38","Oxfordshire","38UC","Oxford",,,56497,2255,3.99,8393,14.86,17939,31.75,15123,26.77,6379,11.29,2649,4.69,3198,5.66,561,.99,0,0,0,0
"J","South East","38","Oxfordshire","38UD","South Oxfordshire",,,55356,2223,4.02,4745,8.57,14527,26.24,12834,23.18,9187,16.6,5734,10.36,5387,9.73,719,1.3,0,0,0,0
"J","South East","38","Oxfordshire","38UE","Vale of White Horse",,,49048,1524,3.11,4676,9.53,14329,29.21,11215,22.87,8543,17.42,4696,9.57,3683,7.51,382,.78,0,0,0,0
"J","South East","38","Oxfordshire","38UF","West Oxfordshire",,,43620,1485,3.4,4831,11.08,14871,34.09,9549,21.89,6675,15.3,3560,8.16,2322,5.32,327,.75,0,0,0,0
"J","South East","43","Surrey","43UB","Elmbridge",,,53825,239,.44,1770,3.29,6794,12.62,12724,23.64,10602,19.7,7538,14,10951,20.35,3207,5.96,0,0,0,0
"J","South East","43","Surrey","43UC","Epsom and Ewell",,,29331,157,.54,1124,3.83,4409,15.03,7878,26.86,7522,25.65,4364,14.88,3755,12.8,122,.42,0,0,0,0
"J","South East","43","Surrey","43UD","Guildford",,,55032,776,1.41,3228,5.87,11299,20.53,15178,27.58,9574,17.4,6268,11.39,7211,13.1,1498,2.72,0,0,0,0
"J","South East","43","Surrey","43UE","Mole Valley",,,36117,1598,4.42,2341,6.48,3549,9.83,7578,20.98,6895,19.09,5970,16.53,7268,20.12,918,2.54,0,0,0,0
"J","South East","43","Surrey","43UF","Reigate and Banstead",,,54827,947,1.73,3365,6.14,10640,19.41,15612,28.48,9752,17.79,6798,12.4,6830,12.46,883,1.61,0,0,0,0
"J","South East","43","Surrey","43UG","Runnymede",,,33159,1472,4.44,1210,3.65,5675,17.11,10565,31.86,6636,20.01,3736,11.27,2890,8.72,975,2.94,0,0,0,0
"J","South East","43","Surrey","43UH","Spelthorne",,,40103,344,.86,1631,4.07,8046,20.06,13801,34.41,9694,24.17,4468,11.14,2011,5.01,108,.27,0,0,0,0
"J","South East","43","Surrey","43UJ","Surrey Heath",,,34371,535,1.56,1953,5.68,5448,15.85,8993,26.16,6561,19.09,5572,16.21,4865,14.15,444,1.29,0,0,0,0
"J","South East","43","Surrey","43UK","Tandridge",,,33579,777,2.31,1952,5.81,4557,13.57,7977,23.76,6869,20.46,4497,13.39,5861,17.45,1089,3.24,0,0,0,0
"J","South East","43","Surrey","43UL","Waverley",,,50194,855,1.7,3103,6.18,9024,17.98,11918,23.74,9112,18.15,6551,13.05,7796,15.53,1835,3.66,0,0,0,0
"J","South East","43","Surrey","43UM","Woking",,,39516,315,.8,3050,7.72,9622,24.35,11041,27.94,5912,14.96,4021,10.18,4924,12.46,631,1.6,0,0,0,0
"J","South East","45","West Sussex","45UB","Adur",,,27137,2574,9.49,4716,17.38,10939,40.31,5991,22.08,1909,7.03,690,2.54,308,1.13,10,.04,0,0,0,0
"J","South East","45","West Sussex","45UC","Arun",,,68228,6937,10.17,11314,16.58,18238,26.73,13792,20.21,9605,14.08,5474,8.02,2611,3.83,257,.38,0,0,0,0
"J","South East","45","West Sussex","45UD","Chichester",,,52200,2853,5.47,5214,9.99,13048,25,10993,21.06,7938,15.21,5606,10.74,5489,10.52,1059,2.03,0,0,0,0
"J","South East","45","West Sussex","45UE","Crawley",,,40685,817,2.01,5737,14.1,19730,48.49,8137,20,3689,9.07,2115,5.2,448,1.1,12,.03,0,0,0,0
"J","South East","45","West Sussex","45UF","Horsham",,,55003,2146,3.9,5133,9.33,10994,19.99,11860,21.56,9909,18.02,7400,13.45,6830,12.42,731,1.33,0,0,0,0
"J","South East","45","West Sussex","45UG","Mid Sussex",,,56555,1825,3.23,5559,9.83,11922,21.08,15407,27.24,10039,17.75,7517,13.29,3965,7.01,321,.57,0,0,0,0
"J","South East","45","West Sussex","45UH","Worthing",,,46815,6710,14.33,10222,21.83,12616,26.95,8847,18.9,5271,11.26,2238,4.78,885,1.89,26,.06,0,0,0,0