DATASET_TITLE,Time Since Last Worked (UV27),,,,,,,,FROM,Apr-2001,Apr-2001,Apr-2001,Apr-2001,Apr-2001,Apr-2001,Apr-2001,Apr-2001,Apr-2001,Apr-2001,Apr-2001,Apr-2001
AREA_TYPE,Super Output Area Middle Layer,,,,,,,,TO,Apr-2001,Apr-2001,Apr-2001,Apr-2001,Apr-2001,Apr-2001,Apr-2001,Apr-2001,Apr-2001,Apr-2001,Apr-2001,Apr-2001
GEO_HIERARCHY,NeSS Geography Hierarchy,,,,,,,,HEADING,All People,In employment,Not in employment,Not in employment: Last worked in 2001,Not in employment: Last worked in 2000,Not in employment: Last worked in 1999,Not in employment: Last worked in 1998,Not in employment: Last worked in 1997,Not in employment: Last worked in 1996,Not in employment: Last worked in 1991 to 1995,Not in employment: Last worked before 1991,Not in employment: Never worked
,,,,,,,,,MEASUREMENT_UNIT,Count,Count,Count,Count,Count,Count,Count,Count,Count,Count,Count,Count
,,,,,,,,,STATISTICAL_UNIT,Persons,Persons,Persons,Persons,Persons,Persons,Persons,Persons,Persons,Persons,Persons,Persons
GOR_CODE,GOR_NAME,CTY_CODE,CTY_NAME,LA_CODE,LA_NAME,MSOA_CODE,MSOA_NAME,AREA_METADATA,,DATA_VALUE,DATA_VALUE,DATA_VALUE,DATA_VALUE,DATA_VALUE,DATA_VALUE,DATA_VALUE,DATA_VALUE,DATA_VALUE,DATA_VALUE,DATA_VALUE,DATA_VALUE
"K","South West",,,"00HA","Bath and North East Somerset","E02002985","Bath and North East Somerset 001",,,3561,2363,1198,99,151,85,66,52,51,250,324,120
"K","South West",,,"00HA","Bath and North East Somerset","E02002986","Bath and North East Somerset 002",,,3474,2234,1240,88,135,92,65,51,59,255,411,84
"K","South West",,,"00HA","Bath and North East Somerset","E02002987","Bath and North East Somerset 003",,,3924,2578,1346,86,144,75,81,53,71,329,409,98
"K","South West",,,"00HA","Bath and North East Somerset","E02002988","Bath and North East Somerset 004",,,3791,2591,1200,125,155,99,75,60,60,234,300,92
"K","South West",,,"00HA","Bath and North East Somerset","E02002989","Bath and North East Somerset 005",,,3625,2238,1387,97,148,95,69,71,83,318,378,128
"K","South West",,,"00HA","Bath and North East Somerset","E02002990","Bath and North East Somerset 006",,,4447,3096,1351,183,337,113,64,63,49,173,246,123
"K","South West",,,"00HA","Bath and North East Somerset","E02002991","Bath and North East Somerset 007",,,7741,4707,3034,343,698,220,155,116,113,380,602,407
"K","South West",,,"00HA","Bath and North East Somerset","E02002992","Bath and North East Somerset 008",,,3922,2644,1278,132,205,91,62,61,53,228,301,145
"K","South West",,,"00HA","Bath and North East Somerset","E02002993","Bath and North East Somerset 009",,,4197,2745,1452,165,332,104,71,61,59,224,281,155
"K","South West",,,"00HA","Bath and North East Somerset","E02002994","Bath and North East Somerset 010",,,7215,4494,2721,218,342,185,149,115,145,510,745,312
"K","South West",,,"00HA","Bath and North East Somerset","E02002995","Bath and North East Somerset 011",,,3717,2265,1452,137,196,121,92,70,65,259,307,205
"K","South West",,,"00HA","Bath and North East Somerset","E02002996","Bath and North East Somerset 012",,,7543,3720,3823,543,1288,238,125,103,76,363,457,630
"K","South West",,,"00HA","Bath and North East Somerset","E02002997","Bath and North East Somerset 013",,,4058,2702,1356,189,365,93,62,43,65,171,243,125
"K","South West",,,"00HA","Bath and North East Somerset","E02002998","Bath and North East Somerset 014",,,4008,2326,1682,216,495,98,89,58,53,241,263,169
"K","South West",,,"00HA","Bath and North East Somerset","E02002999","Bath and North East Somerset 015",,,4106,2753,1353,90,195,95,87,49,55,287,337,158
"K","South West",,,"00HA","Bath and North East Somerset","E02003000","Bath and North East Somerset 016",,,6683,4427,2256,194,215,150,149,112,123,467,643,203
"K","South West",,,"00HA","Bath and North East Somerset","E02003001","Bath and North East Somerset 017",,,3765,2462,1303,126,189,108,69,61,61,226,315,148
"K","South West",,,"00HA","Bath and North East Somerset","E02003002","Bath and North East Somerset 018",,,3636,2191,1445,129,223,111,70,69,70,224,398,151
"K","South West",,,"00HA","Bath and North East Somerset","E02003003","Bath and North East Somerset 019",,,3806,2589,1217,106,214,85,72,50,53,238,300,99
"K","South West",,,"00HA","Bath and North East Somerset","E02003004","Bath and North East Somerset 020",,,4324,3033,1291,103,163,103,87,55,64,260,337,119
"K","South West",,,"00HA","Bath and North East Somerset","E02003005","Bath and North East Somerset 021",,,4303,2861,1442,99,171,106,89,70,70,289,423,125
"K","South West",,,"00HA","Bath and North East Somerset","E02003006","Bath and North East Somerset 022",,,6443,4472,1971,224,359,154,91,89,79,334,419,222
"K","South West",,,"00HA","Bath and North East Somerset","E02003007","Bath and North East Somerset 023",,,5599,3956,1643,139,195,143,119,80,88,349,426,104
"K","South West",,,"00HA","Bath and North East Somerset","E02003008","Bath and North East Somerset 024",,,3779,2604,1175,114,151,106,66,46,65,235,282,110
"K","South West",,,"00HA","Bath and North East Somerset","E02003009","Bath and North East Somerset 025",,,3839,2760,1079,69,126,87,78,66,73,214,281,85
"K","South West",,,"00HA","Bath and North East Somerset","E02003010","Bath and North East Somerset 026",,,4015,2930,1085,98,148,98,57,51,51,233,267,82
"K","South West",,,"00HA","Bath and North East Somerset","E02003011","Bath and North East Somerset 027",,,3646,2516,1130,90,151,79,70,59,47,256,291,87
"K","South West",,,"00HB","Bristol, City of","E02003012","Bristol 001",,,6552,3945,2607,192,300,207,129,142,124,528,700,285
"K","South West",,,"00HB","Bristol, City of","E02003013","Bristol 002",,,7393,4547,2846,220,328,203,167,132,121,491,724,460
"K","South West",,,"00HB","Bristol, City of","E02003014","Bristol 003",,,5184,2972,2212,160,284,165,147,103,115,448,515,275
"K","South West",,,"00HB","Bristol, City of","E02003015","Bristol 004",,,3979,2526,1453,132,192,106,66,75,67,297,365,153
"K","South West",,,"00HB","Bristol, City of","E02003016","Bristol 005",,,4354,2493,1861,221,346,119,97,51,55,272,382,318
"K","South West",,,"00HB","Bristol, City of","E02003017","Bristol 006",,,4062,2715,1347,120,153,96,55,50,68,264,396,145
"K","South West",,,"00HB","Bristol, City of","E02003018","Bristol 007",,,4107,2611,1496,132,177,80,82,65,73,296,413,178
"K","South West",,,"00HB","Bristol, City of","E02003019","Bristol 008",,,6395,4207,2188,200,248,129,134,99,87,443,577,271
"K","South West",,,"00HB","Bristol, City of","E02003020","Bristol 009",,,3978,2628,1350,92,167,106,65,50,53,256,386,175
"K","South West",,,"00HB","Bristol, City of","E02003021","Bristol 010",,,4687,2983,1704,267,407,116,79,58,36,188,281,272
"K","South West",,,"00HB","Bristol, City of","E02003022","Bristol 011",,,4140,2823,1317,130,156,104,57,57,65,258,382,108
"K","South West",,,"00HB","Bristol, City of","E02003023","Bristol 012",,,4257,2677,1580,187,292,100,80,72,37,293,346,173
"K","South West",,,"00HB","Bristol, City of","E02003024","Bristol 013",,,5477,3415,2062,229,303,151,104,95,75,354,489,262
"K","South West",,,"00HB","Bristol, City of","E02003025","Bristol 014",,,4312,2548,1764,147,231,126,94,59,73,311,409,314
"K","South West",,,"00HB","Bristol, City of","E02003026","Bristol 015",,,7401,3670,3731,561,1064,225,129,92,94,391,574,601
"K","South West",,,"00HB","Bristol, City of","E02003027","Bristol 016",,,7988,5441,2547,488,683,189,112,86,62,250,336,341
"K","South West",,,"00HB","Bristol, City of","E02003028","Bristol 017",,,5785,4046,1739,261,361,124,70,70,56,222,288,287
"K","South West",,,"00HB","Bristol, City of","E02003029","Bristol 018",,,4178,2563,1615,142,167,102,76,74,59,308,453,234
"K","South West",,,"00HB","Bristol, City of","E02003030","Bristol 019",,,4722,3219,1503,216,227,102,60,67,61,255,300,215
"K","South West",,,"00HB","Bristol, City of","E02003031","Bristol 020",,,7298,4930,2368,489,648,188,106,72,61,211,245,348
"K","South West",,,"00HB","Bristol, City of","E02003032","Bristol 021",,,4395,2922,1473,138,172,112,78,62,61,264,395,191
"K","South West",,,"00HB","Bristol, City of","E02003033","Bristol 022",,,6646,4217,2429,480,804,163,114,61,45,163,191,408
"K","South West",,,"00HB","Bristol, City of","E02003034","Bristol 023",,,6059,3664,2395,340,423,181,138,102,89,279,383,460
"K","South West",,,"00HB","Bristol, City of","E02003035","Bristol 024",,,7678,4525,3153,337,437,255,159,107,137,448,531,742
"K","South West",,,"00HB","Bristol, City of","E02003036","Bristol 025",,,5468,3361,2107,339,649,168,72,62,50,185,223,359
"K","South West",,,"00HB","Bristol, City of","E02003037","Bristol 026",,,6830,4423,2407,479,785,187,89,76,42,145,174,430
"K","South West",,,"00HB","Bristol, City of","E02003038","Bristol 027",,,4066,2758,1308,105,160,98,94,63,59,239,348,142
"K","South West",,,"00HB","Bristol, City of","E02003039","Bristol 028",,,5191,3404,1787,139,203,124,103,92,80,369,465,212
"K","South West",,,"00HB","Bristol, City of","E02003040","Bristol 029",,,5797,4115,1682,203,244,121,104,59,67,301,390,193
"K","South West",,,"00HB","Bristol, City of","E02003041","Bristol 030",,,4914,3058,1856,292,539,131,65,53,34,127,192,423
"K","South West",,,"00HB","Bristol, City of","E02003042","Bristol 031",,,5583,2774,2809,263,377,238,175,123,111,463,597,462
"K","South West",,,"00HB","Bristol, City of","E02003043","Bristol 032",,,5765,2925,2840,530,1054,214,98,49,39,138,187,531
"K","South West",,,"00HB","Bristol, City of","E02003044","Bristol 033",,,4221,3082,1139,128,151,80,70,74,60,211,261,104
"K","South West",,,"00HB","Bristol, City of","E02003045","Bristol 034",,,5154,2953,2201,337,696,194,107,66,46,168,188,399
"K","South West",,,"00HB","Bristol, City of","E02003046","Bristol 035",,,6463,4772,1691,178,227,125,90,102,79,325,414,151
"K","South West",,,"00HB","Bristol, City of","E02003047","Bristol 036",,,6543,4615,1928,233,310,138,110,75,66,360,453,183
"K","South West",,,"00HB","Bristol, City of","E02003048","Bristol 037",,,4342,3140,1202,165,192,109,76,44,39,152,234,191
"K","South West",,,"00HB","Bristol, City of","E02003049","Bristol 038",,,5011,3415,1596,125,182,120,111,77,80,350,414,137
"K","South West",,,"00HB","Bristol, City of","E02003050","Bristol 039",,,4467,2793,1674,157,197,103,112,77,65,291,512,160
"K","South West",,,"00HB","Bristol, City of","E02003051","Bristol 040",,,4160,2716,1444,169,173,112,86,64,74,227,345,194
"K","South West",,,"00HB","Bristol, City of","E02003052","Bristol 041",,,4605,3214,1391,121,170,91,89,67,60,293,410,90
"K","South West",,,"00HB","Bristol, City of","E02003053","Bristol 042",,,5490,3878,1612,146,179,99,82,80,88,313,438,187
"K","South West",,,"00HB","Bristol, City of","E02003054","Bristol 043",,,4394,3124,1270,143,160,84,66,60,63,239,298,157
"K","South West",,,"00HB","Bristol, City of","E02003055","Bristol 044",,,5211,2863,2348,166,238,186,136,106,122,393,620,381
"K","South West",,,"00HB","Bristol, City of","E02003056","Bristol 045",,,4706,2519,2187,155,202,142,122,108,107,381,589,381
"K","South West",,,"00HB","Bristol, City of","E02003057","Bristol 046",,,3927,2644,1283,90,131,76,63,62,64,301,386,110
"K","South West",,,"00HB","Bristol, City of","E02003058","Bristol 047",,,5974,4081,1893,157,198,119,99,94,88,395,557,186
"K","South West",,,"00HB","Bristol, City of","E02003059","Bristol 048",,,3910,2497,1413,87,137,118,81,70,73,306,402,139
"K","South West",,,"00HB","Bristol, City of","E02003060","Bristol 049",,,7881,5183,2698,218,315,201,161,121,149,577,718,238
"K","South West",,,"00HB","Bristol, City of","E02003061","Bristol 050",,,3914,2173,1741,105,168,119,116,69,75,344,517,228
"K","South West",,,"00HB","Bristol, City of","E02003062","Bristol 051",,,3932,2069,1863,134,182,133,102,86,98,353,548,227
"K","South West",,,"00HB","Bristol, City of","E02003063","Bristol 052",,,5729,4027,1702,130,194,119,105,88,85,386,463,132
"K","South West",,,"00HB","Bristol, City of","E02003064","Bristol 053",,,4408,2194,2214,148,260,168,118,82,100,411,617,310
"K","South West",,,"00HC","North Somerset","E02003065","North Somerset 001",,,4326,2891,1435,140,164,129,80,71,70,296,380,105
"K","South West",,,"00HC","North Somerset","E02003066","North Somerset 002",,,4312,2845,1467,112,130,112,88,71,70,371,431,82
"K","South West",,,"00HC","North Somerset","E02003067","North Somerset 003",,,3666,2671,995,99,96,86,66,61,52,228,244,63
"K","South West",,,"00HC","North Somerset","E02003068","North Somerset 004",,,4640,3007,1633,154,198,96,117,85,82,329,426,146
"K","South West",,,"00HC","North Somerset","E02003069","North Somerset 005",,,4023,2640,1383,94,164,80,72,65,58,308,434,108
"K","South West",,,"00HC","North Somerset","E02003070","North Somerset 006",,,6749,4463,2286,166,256,148,124,120,139,502,657,174
"K","South West",,,"00HC","North Somerset","E02003071","North Somerset 007",,,5302,3627,1675,160,167,130,97,66,77,337,481,160
"K","South West",,,"00HC","North Somerset","E02003072","North Somerset 008",,,6909,4650,2259,146,233,169,121,112,126,479,706,167
"K","South West",,,"00HC","North Somerset","E02003073","North Somerset 009",,,5087,3715,1372,137,151,86,74,77,69,282,362,134
"K","South West",,,"00HC","North Somerset","E02003074","North Somerset 010",,,6083,4568,1515,165,181,134,98,87,79,279,350,142
"K","South West",,,"00HC","North Somerset","E02003075","North Somerset 011",,,3947,2564,1383,120,173,87,86,70,67,260,379,141
"K","South West",,,"00HC","North Somerset","E02003076","North Somerset 012",,,6549,4624,1925,167,226,136,123,112,95,402,502,162
"K","South West",,,"00HC","North Somerset","E02003077","North Somerset 013",,,4327,2880,1447,131,159,109,100,79,69,281,392,127
"K","South West",,,"00HC","North Somerset","E02003078","North Somerset 014",,,4916,3418,1498,124,207,95,97,78,71,290,381,155
"K","South West",,,"00HC","North Somerset","E02003079","North Somerset 015",,,7049,5216,1833,185,210,141,104,75,81,368,502,167
"K","South West",,,"00HC","North Somerset","E02003080","North Somerset 016",,,6264,3901,2363,166,214,166,142,125,140,489,730,191
"K","South West",,,"00HC","North Somerset","E02003081","North Somerset 017",,,6857,4280,2577,174,216,195,148,136,142,565,799,202
"K","South West",,,"00HC","North Somerset","E02003082","North Somerset 018",,,5868,3659,2209,179,246,182,132,123,103,411,682,151
"K","South West",,,"00HC","North Somerset","E02003083","North Somerset 019",,,5539,4082,1457,142,201,141,83,81,80,265,341,123
"K","South West",,,"00HC","North Somerset","E02003084","North Somerset 020",,,6486,3788,2698,211,309,192,155,121,129,484,783,314
"K","South West",,,"00HC","North Somerset","E02003085","North Somerset 021",,,4829,2496,2333,179,229,181,117,95,130,430,640,332
"K","South West",,,"00HC","North Somerset","E02003086","North Somerset 022",,,3974,2425,1549,95,171,118,94,61,79,293,470,168
"K","South West",,,"00HC","North Somerset","E02003087","North Somerset 023",,,6189,3908,2281,141,245,148,146,115,120,477,767,122
"K","South West",,,"00HC","North Somerset","E02003088","North Somerset 024",,,5901,3884,2017,157,237,148,113,103,95,367,569,228
"K","South West",,,"00HC","North Somerset","E02003089","North Somerset 025",,,4340,2531,1809,126,172,147,95,77,93,390,538,171
"K","South West",,,"00HD","South Gloucestershire","E02003090","South Gloucestershire 001",,,5081,3507,1574,122,182,157,82,73,69,323,383,183
"K","South West",,,"00HD","South Gloucestershire","E02003091","South Gloucestershire 002",,,4757,3309,1448,131,172,100,80,55,70,319,393,128
"K","South West",,,"00HD","South Gloucestershire","E02003092","South Gloucestershire 003",,,5378,3903,1475,152,189,125,91,77,71,259,370,141
"K","South West",,,"00HD","South Gloucestershire","E02003093","South Gloucestershire 004",,,4685,3142,1543,124,161,106,102,89,75,327,463,96
"K","South West",,,"00HD","South Gloucestershire","E02003094","South Gloucestershire 005",,,5282,3669,1613,143,193,116,84,69,69,313,431,195
"K","South West",,,"00HD","South Gloucestershire","E02003095","South Gloucestershire 006",,,5147,3930,1217,145,132,98,76,55,53,244,290,124
"K","South West",,,"00HD","South Gloucestershire","E02003096","South Gloucestershire 007",,,4727,3524,1203,128,162,112,74,48,55,234,294,96
"K","South West",,,"00HD","South Gloucestershire","E02003097","South Gloucestershire 008",,,4774,3391,1383,115,165,97,80,57,55,318,397,99
"K","South West",,,"00HD","South Gloucestershire","E02003098","South Gloucestershire 009",,,6540,5571,969,153,187,98,53,39,43,175,141,80
"K","South West",,,"00HD","South Gloucestershire","E02003099","South Gloucestershire 010",,,5027,3593,1434,120,186,123,92,85,60,307,327,134
"K","South West",,,"00HD","South Gloucestershire","E02003100","South Gloucestershire 011",,,7711,5283,2428,230,313,213,137,102,108,548,574,203
"K","South West",,,"00HD","South Gloucestershire","E02003101","South Gloucestershire 012",,,6808,5676,1132,141,188,106,72,63,53,213,182,114
"K","South West",,,"00HD","South Gloucestershire","E02003102","South Gloucestershire 013",,,4538,3076,1462,125,147,123,69,82,78,315,422,101
"K","South West",,,"00HD","South Gloucestershire","E02003103","South Gloucestershire 014",,,5265,4167,1098,155,158,79,80,56,44,194,213,119
"K","South West",,,"00HD","South Gloucestershire","E02003104","South Gloucestershire 015",,,5673,4286,1387,141,195,99,99,61,71,312,310,99
"K","South West",,,"00HD","South Gloucestershire","E02003105","South Gloucestershire 016",,,4472,2885,1587,114,168,115,89,74,71,389,420,147
"K","South West",,,"00HD","South Gloucestershire","E02003106","South Gloucestershire 017",,,4765,3332,1433,144,269,100,58,71,60,224,318,189
"K","South West",,,"00HD","South Gloucestershire","E02003107","South Gloucestershire 018",,,7094,4745,2349,239,349,140,112,92,80,507,608,222
"K","South West",,,"00HD","South Gloucestershire","E02003108","South Gloucestershire 019",,,5784,3775,2009,160,273,150,122,73,95,363,505,268
"K","South West",,,"00HD","South Gloucestershire","E02003109","South Gloucestershire 020",,,4201,2809,1392,96,129,89,69,56,86,337,461,69
"K","South West",,,"00HD","South Gloucestershire","E02003110","South Gloucestershire 021",,,5972,4880,1092,102,176,92,88,61,54,189,257,73
"K","South West",,,"00HD","South Gloucestershire","E02003111","South Gloucestershire 022",,,4101,2839,1262,90,147,84,58,63,63,268,376,113
"K","South West",,,"00HD","South Gloucestershire","E02003112","South Gloucestershire 023",,,4258,2719,1539,126,166,118,77,61,62,376,447,106
"K","South West",,,"00HD","South Gloucestershire","E02003113","South Gloucestershire 024",,,7023,4851,2172,165,220,152,140,129,124,420,581,241
"K","South West",,,"00HD","South Gloucestershire","E02003114","South Gloucestershire 025",,,5006,3347,1659,129,158,115,94,98,78,378,506,103
"K","South West",,,"00HD","South Gloucestershire","E02003115","South Gloucestershire 026",,,6191,4153,2038,173,228,157,127,98,98,452,524,181
"K","South West",,,"00HD","South Gloucestershire","E02003116","South Gloucestershire 027",,,5311,3458,1853,135,201,151,121,73,95,418,492,167
"K","South West",,,"00HD","South Gloucestershire","E02003117","South Gloucestershire 028",,,5595,3861,1734,135,154,146,107,81,69,369,482,191
"K","South West",,,"00HD","South Gloucestershire","E02003118","South Gloucestershire 029",,,6893,5334,1559,152,177,125,86,82,103,325,365,144
"K","South West",,,"00HD","South Gloucestershire","E02003119","South Gloucestershire 030",,,7251,5088,2163,181,239,143,132,100,102,453,584,229
"K","South West",,,"00HD","South Gloucestershire","E02003120","South Gloucestershire 031",,,6130,4144,1986,136,205,139,104,93,95,457,614,143
"K","South West",,,"00HD","South Gloucestershire","E02003121","South Gloucestershire 032",,,7631,5508,2123,183,245,136,115,88,111,487,585,173
"K","South West",,,"00HG","Plymouth","E02003122","Plymouth 001",,,4797,2963,1834,126,178,117,116,99,86,391,588,133
"K","South West",,,"00HG","Plymouth","E02003123","Plymouth 002",,,5803,3370,2433,147,230,172,125,103,124,560,730,242
"K","South West",,,"00HG","Plymouth","E02003124","Plymouth 003",,,5372,3241,2131,155,208,162,117,104,122,405,622,236
"K","South West",,,"00HG","Plymouth","E02003125","Plymouth 004",,,4314,2540,1774,126,168,131,98,95,107,314,522,213
"K","South West",,,"00HG","Plymouth","E02003126","Plymouth 005",,,5917,4048,1869,221,258,124,108,70,68,299,461,260
"K","South West",,,"00HG","Plymouth","E02003127","Plymouth 006",,,5070,2928,2142,146,215,142,110,122,113,358,643,293
"K","South West",,,"00HG","Plymouth","E02003128","Plymouth 007",,,5258,2913,2345,136,202,170,116,107,111,453,755,295
"K","South West",,,"00HG","Plymouth","E02003129","Plymouth 008",,,4252,2690,1562,96,160,84,80,90,74,311,541,126
"K","South West",,,"00HG","Plymouth","E02003130","Plymouth 009",,,7273,4268,3005,202,291,201,170,132,138,546,929,396
"K","South West",,,"00HG","Plymouth","E02003131","Plymouth 010",,,5612,3492,2120,159,218,159,151,87,93,428,616,209
"K","South West",,,"00HG","Plymouth","E02003132","Plymouth 011",,,5132,3158,1974,133,162,119,114,73,95,439,645,194
"K","South West",,,"00HG","Plymouth","E02003133","Plymouth 012",,,5366,3465,1901,153,200,126,112,88,98,367,546,211
"K","South West",,,"00HG","Plymouth","E02003134","Plymouth 013",,,4767,2449,2318,175,227,140,122,90,85,413,637,429
"K","South West",,,"00HG","Plymouth","E02003135","Plymouth 014",,,5286,3366,1920,179,216,140,118,79,88,341,474,285
"K","South West",,,"00HG","Plymouth","E02003136","Plymouth 015",,,5435,3514,1921,126,201,114,112,99,103,424,563,179
"K","South West",,,"00HG","Plymouth","E02003137","Plymouth 016",,,5234,3385,1849,138,211,102,103,97,67,399,531,201
"K","South West",,,"00HG","Plymouth","E02003138","Plymouth 017",,,5130,3538,1592,162,206,110,83,76,65,258,433,199
"K","South West",,,"00HG","Plymouth","E02003139","Plymouth 018",,,4867,3862,1005,130,131,64,75,54,54,212,187,98
"K","South West",,,"00HG","Plymouth","E02003140","Plymouth 019",,,5262,3458,1804,95,148,142,109,92,84,417,567,150
"K","South West",,,"00HG","Plymouth","E02003141","Plymouth 020",,,5588,3662,1926,198,205,141,101,89,105,327,488,272
"K","South West",,,"00HG","Plymouth","E02003142","Plymouth 021",,,6241,3733,2508,200,270,171,113,106,127,497,700,324
"K","South West",,,"00HG","Plymouth","E02003143","Plymouth 022",,,5401,3765,1636,153,192,83,103,76,71,334,446,178
"K","South West",,,"00HG","Plymouth","E02003144","Plymouth 023",,,5738,2955,2783,540,845,195,119,63,63,245,295,418
"K","South West",,,"00HG","Plymouth","E02003145","Plymouth 024",,,4273,2606,1667,169,248,101,83,65,86,279,427,209
"K","South West",,,"00HG","Plymouth","E02003146","Plymouth 025",,,6007,3713,2294,340,523,169,93,75,76,295,424,299
"K","South West",,,"00HG","Plymouth","E02003147","Plymouth 026",,,4878,2322,2556,242,338,190,142,132,122,348,600,442
"K","South West",,,"00HG","Plymouth","E02003148","Plymouth 027",,,6288,2772,3516,577,938,240,126,85,100,375,564,511
"K","South West",,,"00HG","Plymouth","E02003149","Plymouth 028",,,6049,3415,2634,355,517,208,106,106,100,340,536,366
"K","South West",,,"00HG","Plymouth","E02003150","Plymouth 029",,,7221,3779,3442,365,502,263,158,145,119,543,808,539
"K","South West",,,"00HG","Plymouth","E02003151","Plymouth 030",,,5318,3189,2129,105,182,132,130,123,78,507,749,123
"K","South West",,,"00HG","Plymouth","E02003152","Plymouth 031",,,6375,3928,2447,187,246,162,136,117,121,514,754,210
"K","South West",,,"00HG","Plymouth","E02003153","Plymouth 032",,,5610,3808,1802,141,186,127,111,102,108,337,548,142
"K","South West",,,"00HH","Torbay","E02003154","Torbay 001",,,5026,2830,2196,147,231,163,119,109,118,471,608,230
"K","South West",,,"00HH","Torbay","E02003155","Torbay 002",,,3937,2421,1516,140,173,99,89,67,102,319,399,128
"K","South West",,,"00HH","Torbay","E02003156","Torbay 003",,,5849,3983,1866,206,215,119,123,91,88,391,476,157
"K","South West",,,"00HH","Torbay","E02003157","Torbay 004",,,4405,2613,1792,185,204,141,96,79,72,321,472,222
"K","South West",,,"00HH","Torbay","E02003158","Torbay 005",,,3714,2139,1575,138,162,98,92,78,97,333,444,133
"K","South West",,,"00HH","Torbay","E02003159","Torbay 006",,,4206,2706,1500,154,204,92,95,66,73,277,357,182
"K","South West",,,"00HH","Torbay","E02003160","Torbay 007",,,4169,2588,1581,180,194,116,87,75,96,274,395,164
"K","South West",,,"00HH","Torbay","E02003161","Torbay 008",,,4651,2737,1914,208,262,156,92,90,87,324,507,188
"K","South West",,,"00HH","Torbay","E02003162","Torbay 009",,,3638,2294,1344,119,118,100,78,69,74,297,386,103
"K","South West",,,"00HH","Torbay","E02003163","Torbay 010",,,5464,2902,2562,199,239,178,140,123,144,525,824,190
"K","South West",,,"00HH","Torbay","E02003164","Torbay 011",,,6231,3636,2595,204,256,175,147,138,129,509,809,228
"K","South West",,,"00HH","Torbay","E02003165","Torbay 012",,,4999,3107,1892,177,190,143,109,82,90,395,557,149
"K","South West",,,"00HH","Torbay","E02003166","Torbay 013",,,7066,4217,2849,277,346,241,185,139,139,603,682,237
"K","South West",,,"00HH","Torbay","E02003167","Torbay 014",,,5658,3160,2498,254,292,199,144,122,118,488,679,202
"K","South West",,,"00HH","Torbay","E02003168","Torbay 015",,,4840,2997,1843,179,182,120,116,80,101,419,520,126
"K","South West",,,"00HH","Torbay","E02003169","Torbay 016",,,4721,2503,2218,140,179,142,144,130,130,505,730,118
"K","South West",,,"00HH","Torbay","E02003170","Torbay 017",,,7215,3917,3298,294,315,208,204,193,184,639,1027,234
"K","South West",,,"00HH","Torbay","E02003171","Torbay 018",,,5063,2793,2270,184,248,154,137,117,113,468,686,163
"K","South West",,,"00HN","Bournemouth","E02003172","Bournemouth 001",,,4091,2325,1766,109,177,118,108,76,90,414,528,146
"K","South West",,,"00HN","Bournemouth","E02003173","Bournemouth 002",,,4481,2579,1902,97,197,141,113,84,94,426,597,153
"K","South West",,,"00HN","Bournemouth","E02003174","Bournemouth 003",,,5310,3353,1957,132,208,135,106,100,111,458,598,109
"K","South West",,,"00HN","Bournemouth","E02003175","Bournemouth 004",,,6022,4243,1779,141,195,141,101,86,95,361,502,157
"K","South West",,,"00HN","Bournemouth","E02003176","Bournemouth 005",,,4885,2557,2328,154,253,158,136,115,104,478,653,277
"K","South West",,,"00HN","Bournemouth","E02003177","Bournemouth 006",,,5474,3854,1620,143,214,108,83,69,88,361,432,122
"K","South West",,,"00HN","Bournemouth","E02003178","Bournemouth 007",,,5528,3549,1979,167,227,132,116,97,101,394,539,206
"K","South West",,,"00HN","Bournemouth","E02003179","Bournemouth 008",,,4008,2340,1668,120,146,111,94,66,94,363,519,155
"K","South West",,,"00HN","Bournemouth","E02003180","Bournemouth 009",,,5836,3634,2202,309,523,175,105,74,84,300,393,239
"K","South West",,,"00HN","Bournemouth","E02003181","Bournemouth 010",,,5845,3948,1897,226,330,137,115,96,91,320,417,165
"K","South West",,,"00HN","Bournemouth","E02003182","Bournemouth 011",,,4653,3250,1403,131,148,113,91,69,70,280,353,148
"K","South West",,,"00HN","Bournemouth","E02003183","Bournemouth 012",,,4581,2687,1894,193,301,118,88,72,72,307,483,260
"K","South West",,,"00HN","Bournemouth","E02003184","Bournemouth 013",,,5084,3254,1830,281,400,134,88,68,66,206,338,249
"K","South West",,,"00HN","Bournemouth","E02003185","Bournemouth 014",,,4982,3241,1741,133,215,158,118,82,70,327,435,203
"K","South West",,,"00HN","Bournemouth","E02003186","Bournemouth 015",,,5291,3385,1906,228,406,142,101,84,72,292,360,221
"K","South West",,,"00HN","Bournemouth","E02003187","Bournemouth 016",,,5699,3506,2193,211,350,149,116,87,95,373,562,250
"K","South West",,,"00HN","Bournemouth","E02003188","Bournemouth 017",,,6213,3641,2572,436,617,162,117,74,81,347,471,267
"K","South West",,,"00HN","Bournemouth","E02003189","Bournemouth 018",,,5060,3051,2009,153,227,124,106,75,88,404,570,262
"K","South West",,,"00HN","Bournemouth","E02003190","Bournemouth 019",,,5919,3328,2591,240,404,222,152,122,139,408,595,309
"K","South West",,,"00HN","Bournemouth","E02003191","Bournemouth 020",,,4951,2816,2135,130,201,162,123,112,102,467,701,137
"K","South West",,,"00HN","Bournemouth","E02003192","Bournemouth 021",,,5713,3135,2578,332,492,191,136,76,92,405,567,287
"K","South West",,,"00HN","Bournemouth","E02003193","Bournemouth 022",,,7687,4719,2968,287,382,218,167,120,142,540,876,236
"K","South West",,,"00HP","Poole","E02003194","Poole 001",,,4494,2937,1557,125,187,95,70,60,63,272,405,280
"K","South West",,,"00HP","Poole","E02003195","Poole 002",,,4068,2821,1247,120,148,93,80,65,52,256,310,123
"K","South West",,,"00HP","Poole","E02003196","Poole 003",,,7214,4605,2609,176,248,153,151,121,142,618,814,186
"K","South West",,,"00HP","Poole","E02003197","Poole 004",,,5098,3728,1370,168,172,93,79,61,89,267,319,122
"K","South West",,,"00HP","Poole","E02003198","Poole 005",,,5284,3889,1395,141,209,112,82,63,60,301,293,134
"K","South West",,,"00HP","Poole","E02003199","Poole 006",,,6823,4643,2180,194,230,160,114,96,101,523,598,164
"K","South West",,,"00HP","Poole","E02003200","Poole 007",,,6890,4225,2665,187,258,185,191,115,122,610,724,273
"K","South West",,,"00HP","Poole","E02003201","Poole 008",,,6645,4330,2315,182,249,165,128,125,128,481,683,174
"K","South West",,,"00HP","Poole","E02003202","Poole 009",,,4156,2593,1563,160,268,131,101,70,67,262,357,147
"K","South West",,,"00HP","Poole","E02003203","Poole 010",,,5208,3648,1560,139,188,133,90,80,76,314,395,145
"K","South West",,,"00HP","Poole","E02003204","Poole 011",,,5542,3494,2048,150,216,141,142,86,83,487,582,161
"K","South West",,,"00HP","Poole","E02003205","Poole 012",,,5678,3827,1851,128,183,136,96,96,116,413,526,157
"K","South West",,,"00HP","Poole","E02003206","Poole 013",,,6176,4087,2089,179,229,156,141,114,98,397,587,188
"K","South West",,,"00HP","Poole","E02003207","Poole 014",,,4748,3052,1696,158,198,124,109,80,97,376,405,149
"K","South West",,,"00HP","Poole","E02003208","Poole 015",,,5799,3730,2069,156,224,176,137,101,104,448,580,143
"K","South West",,,"00HP","Poole","E02003209","Poole 016",,,3937,2607,1330,119,163,127,83,72,59,270,349,88
"K","South West",,,"00HP","Poole","E02003210","Poole 017",,,5596,3446,2150,140,229,138,127,114,103,484,696,119
"K","South West",,,"00HP","Poole","E02003211","Poole 018",,,4924,2555,2369,114,183,151,122,121,98,466,983,131
"K","South West",,,"00HX","Swindon","E02003212","Swindon 001",,,6079,4428,1651,153,203,129,105,85,84,331,422,139
"K","South West",,,"00HX","Swindon","E02003213","Swindon 002",,,6552,5582,970,173,186,95,83,60,44,146,107,76
"K","South West",,,"00HX","Swindon","E02003214","Swindon 003",,,4096,2264,1832,166,233,152,119,103,83,361,440,175
"K","South West",,,"00HX","Swindon","E02003215","Swindon 004",,,5466,4165,1301,115,154,130,98,72,70,302,291,69
"K","South West",,,"00HX","Swindon","E02003216","Swindon 005",,,6549,4553,1996,182,217,151,120,102,108,407,560,149
"K","South West",,,"00HX","Swindon","E02003217","Swindon 006",,,4373,2991,1382,155,184,102,65,73,55,265,355,128
"K","South West",,,"00HX","Swindon","E02003218","Swindon 007",,,4277,2746,1531,160,174,107,81,66,69,278,405,191
"K","South West",,,"00HX","Swindon","E02003219","Swindon 008",,,4573,3255,1318,143,159,89,85,72,58,283,323,106
"K","South West",,,"00HX","Swindon","E02003220","Swindon 009",,,6837,4966,1871,201,187,187,122,95,109,458,395,117
"K","South West",,,"00HX","Swindon","E02003221","Swindon 010",,,4472,3110,1362,154,160,125,97,62,70,220,337,137
"K","South West",,,"00HX","Swindon","E02003222","Swindon 011",,,4610,3823,787,113,137,73,52,43,43,117,111,98
"K","South West",,,"00HX","Swindon","E02003223","Swindon 012",,,5834,4472,1362,150,195,113,89,67,63,261,326,98
"K","South West",,,"00HX","Swindon","E02003224","Swindon 013",,,6564,4781,1783,189,216,158,136,108,92,409,396,79
"K","South West",,,"00HX","Swindon","E02003225","Swindon 014",,,4615,3764,851,141,128,72,50,40,36,115,160,109
"K","South West",,,"00HX","Swindon","E02003226","Swindon 015",,,4813,3223,1590,192,211,114,83,62,69,249,342,268
"K","South West",,,"00HX","Swindon","E02003227","Swindon 016",,,3590,1977,1613,132,180,151,111,82,56,309,410,182
"K","South West",,,"00HX","Swindon","E02003228","Swindon 017",,,4366,3070,1296,132,163,101,74,54,69,271,306,126
"K","South West",,,"00HX","Swindon","E02003229","Swindon 018",,,4286,3506,780,105,122,69,47,40,32,127,126,112
"K","South West",,,"00HX","Swindon","E02003230","Swindon 019",,,4932,3771,1161,217,195,96,68,56,42,149,195,143
"K","South West",,,"00HX","Swindon","E02003231","Swindon 020",,,5357,3132,2225,198,274,180,133,91,109,442,537,261
"K","South West",,,"00HX","Swindon","E02003232","Swindon 021",,,4519,3416,1103,137,160,82,69,56,34,184,258,123
"K","South West",,,"00HX","Swindon","E02003233","Swindon 022",,,6597,4790,1807,226,256,144,110,61,84,338,366,222
"K","South West",,,"00HX","Swindon","E02003234","Swindon 023",,,6695,4882,1813,210,244,140,121,90,86,335,414,173
"K","South West",,,"00HX","Swindon","E02003235","Swindon 024",,,4285,2762,1523,105,126,110,90,81,76,370,487,78
"K","South West",,,"00HX","Swindon","E02003236","Swindon 025",,,6735,4524,2211,191,257,190,128,93,116,513,553,170
"K","South West","15","Cornwall and Isles of Scilly","15UB","Caradon","E02003892","Caradon 001",,,4467,2660,1807,122,199,132,109,84,87,359,541,174
"K","South West","15","Cornwall and Isles of Scilly","15UB","Caradon","E02003893","Caradon 002",,,4678,3025,1653,121,176,130,107,82,83,334,459,161
"K","South West","15","Cornwall and Isles of Scilly","15UB","Caradon","E02003894","Caradon 003",,,4926,3086,1840,128,214,148,109,81,80,391,519,170
"K","South West","15","Cornwall and Isles of Scilly","15UB","Caradon","E02003895","Caradon 004",,,5059,3309,1750,111,192,142,89,108,96,327,506,179
"K","South West","15","Cornwall and Isles of Scilly","15UB","Caradon","E02003896","Caradon 005",,,3776,2129,1647,115,185,117,88,69,71,339,476,187
"K","South West","15","Cornwall and Isles of Scilly","15UB","Caradon","E02003897","Caradon 006",,,3906,2826,1080,99,108,77,71,43,55,214,297,116
"K","South West","15","Cornwall and Isles of Scilly","15UB","Caradon","E02003898","Caradon 007",,,4701,2927,1774,128,202,147,108,78,91,357,502,161
"K","South West","15","Cornwall and Isles of Scilly","15UB","Caradon","E02003899","Caradon 008",,,3718,2378,1340,107,152,77,79,62,59,244,438,122
"K","South West","15","Cornwall and Isles of Scilly","15UB","Caradon","E02003900","Caradon 009",,,4160,2583,1577,116,168,114,77,63,74,307,470,188
"K","South West","15","Cornwall and Isles of Scilly","15UB","Caradon","E02003901","Caradon 010",,,5437,3198,2239,146,269,168,112,109,104,459,681,191
"K","South West","15","Cornwall and Isles of Scilly","15UB","Caradon","E02003902","Caradon 011",,,3864,2431,1433,117,148,86,92,76,71,277,424,142
"K","South West","15","Cornwall and Isles of Scilly","15UB","Caradon","E02003903","Caradon 012",,,5083,3365,1718,150,183,121,102,91,78,332,484,177
"K","South West","15","Cornwall and Isles of Scilly","15UB","Caradon","E02003904","Caradon 013",,,3815,2193,1622,130,210,148,98,86,83,313,471,83
"K","South West","15","Cornwall and Isles of Scilly","15UC","Carrick","E02003905","Carrick 001",,,4257,2832,1425,109,208,104,83,68,63,270,347,173
"K","South West","15","Cornwall and Isles of Scilly","15UC","Carrick","E02003906","Carrick 002",,,3911,2328,1583,99,235,101,85,80,77,302,479,125
"K","South West","15","Cornwall and Isles of Scilly","15UC","Carrick","E02003907","Carrick 003",,,5213,3036,2177,136,252,157,121,119,97,435,663,197
"K","South West","15","Cornwall and Isles of Scilly","15UC","Carrick","E02003908","Carrick 004",,,4754,2919,1835,166,239,137,89,80,88,347,515,174
"K","South West","15","Cornwall and Isles of Scilly","15UC","Carrick","E02003909","Carrick 005",,,6086,3737,2349,176,244,171,138,122,121,475,642,260
"K","South West","15","Cornwall and Isles of Scilly","15UC","Carrick","E02003910","Carrick 006",,,3853,2467,1386,124,138,102,78,60,69,285,402,128
"K","South West","15","Cornwall and Isles of Scilly","15UC","Carrick","E02003911","Carrick 007",,,5769,3422,2347,169,235,163,134,117,127,462,720,220
"K","South West","15","Cornwall and Isles of Scilly","15UC","Carrick","E02003912","Carrick 008",,,5582,3425,2157,143,283,138,126,105,120,404,668,170
"K","South West","15","Cornwall and Isles of Scilly","15UC","Carrick","E02003913","Carrick 009",,,4036,2238,1798,116,200,126,116,111,90,336,548,155
"K","South West","15","Cornwall and Isles of Scilly","15UC","Carrick","E02003914","Carrick 010",,,4468,2691,1777,138,226,153,111,82,85,310,499,173
"K","South West","15","Cornwall and Isles of Scilly","15UC","Carrick","E02003915","Carrick 011",,,5371,2704,2667,259,400,185,144,122,111,418,724,304
"K","South West","15","Cornwall and Isles of Scilly","15UC","Carrick","E02003916","Carrick 012",,,4416,2368,2048,259,404,159,115,92,70,294,463,192
"K","South West","15","Cornwall and Isles of Scilly","15UC","Carrick","E02003917","Carrick 013",,,5010,3116,1894,110,217,140,97,104,99,383,549,195
"K","South West","15","Cornwall and Isles of Scilly","15UD","Kerrier","E02003918","Kerrier 001",,,5081,2960,2121,144,231,159,127,107,85,415,643,210
"K","South West","15","Cornwall and Isles of Scilly","15UD","Kerrier","E02003919","Kerrier 002",,,4599,2463,2136,133,238,163,119,109,88,380,653,253
"K","South West","15","Cornwall and Isles of Scilly","15UD","Kerrier","E02003920","Kerrier 003",,,4318,2591,1727,107,174,126,95,96,91,333,543,162
"K","South West","15","Cornwall and Isles of Scilly","15UD","Kerrier","E02003921","Kerrier 004",,,4003,2367,1636,103,166,131,100,81,86,298,500,171
"K","South West","15","Cornwall and Isles of Scilly","15UD","Kerrier","E02003922","Kerrier 005",,,5145,2968,2177,146,238,148,129,117,116,397,610,276
"K","South West","15","Cornwall and Isles of Scilly","15UD","Kerrier","E02003923","Kerrier 006",,,4800,2735,2065,130,238,147,134,113,83,353,605,262
"K","South West","15","Cornwall and Isles of Scilly","15UD","Kerrier","E02003924","Kerrier 007",,,4733,2520,2213,148,254,159,119,98,91,394,688,262
"K","South West","15","Cornwall and Isles of Scilly","15UD","Kerrier","E02003925","Kerrier 008",,,4841,2592,2249,139,216,167,137,103,111,422,675,279
"K","South West","15","Cornwall and Isles of Scilly","15UD","Kerrier","E02003926","Kerrier 009",,,5261,3254,2007,150,213,150,106,88,113,392,580,215
"K","South West","15","Cornwall and Isles of Scilly","15UD","Kerrier","E02003927","Kerrier 010",,,5510,3151,2359,142,253,163,140,119,128,456,796,162
"K","South West","15","Cornwall and Isles of Scilly","15UD","Kerrier","E02003928","Kerrier 011",,,7180,4623,2557,185,290,188,162,122,136,495,739,240
"K","South West","15","Cornwall and Isles of Scilly","15UD","Kerrier","E02003929","Kerrier 012",,,4826,2741,2085,133,218,150,128,101,113,419,634,189
"K","South West","15","Cornwall and Isles of Scilly","15UD","Kerrier","E02003930","Kerrier 013",,,6328,3779,2549,161,291,188,156,123,132,459,822,217
"K","South West","15","Cornwall and Isles of Scilly","15UE","North Cornwall","E02003931","North Cornwall 001",,,6447,3725,2722,200,380,209,173,149,129,490,775,217
"K","South West","15","Cornwall and Isles of Scilly","15UE","North Cornwall","E02003932","North Cornwall 002",,,4591,2755,1836,112,185,134,114,90,103,379,559,160
"K","South West","15","Cornwall and Isles of Scilly","15UE","North Cornwall","E02003933","North Cornwall 003",,,4774,2826,1948,116,220,124,144,107,119,343,609,166
"K","South West","15","Cornwall and Isles of Scilly","15UE","North Cornwall","E02003934","North Cornwall 004",,,4166,2483,1683,117,166,139,115,97,81,320,470,178
"K","South West","15","Cornwall and Isles of Scilly","15UE","North Cornwall","E02003935","North Cornwall 005",,,4925,3102,1823,155,242,140,118,89,80,315,470,214
"K","South West","15","Cornwall and Isles of Scilly","15UE","North Cornwall","E02003936","North Cornwall 006",,,5726,3541,2185,166,246,139,123,97,102,439,620,253
"K","South West","15","Cornwall and Isles of Scilly","15UE","North Cornwall","E02003937","North Cornwall 007",,,4052,2393,1659,123,180,127,95,79,80,312,525,138
"K","South West","15","Cornwall and Isles of Scilly","15UE","North Cornwall","E02003938","North Cornwall 008",,,4988,3072,1916,128,267,139,142,100,88,315,587,150
"K","South West","15","Cornwall and Isles of Scilly","15UE","North Cornwall","E02003939","North Cornwall 009",,,4363,2702,1661,116,191,120,109,82,77,322,479,165
"K","South West","15","Cornwall and Isles of Scilly","15UE","North Cornwall","E02003940","North Cornwall 010",,,4292,2559,1733,113,198,121,82,68,109,325,541,176
"K","South West","15","Cornwall and Isles of Scilly","15UE","North Cornwall","E02003941","North Cornwall 011",,,4291,2602,1689,128,183,122,119,78,83,330,457,189
"K","South West","15","Cornwall and Isles of Scilly","15UE","North Cornwall","E02003942","North Cornwall 012",,,4724,2764,1960,126,266,154,121,103,97,357,518,218
"K","South West","15","Cornwall and Isles of Scilly","15UF","Penwith","E02003943","Penwith 001",,,5621,3164,2457,172,336,216,153,110,110,476,667,217
"K","South West","15","Cornwall and Isles of Scilly","15UF","Penwith","E02003944","Penwith 002",,,6206,3512,2694,168,306,190,160,124,114,539,827,266
"K","South West","15","Cornwall and Isles of Scilly","15UF","Penwith","E02003945","Penwith 003",,,3956,2281,1675,105,180,130,99,97,86,345,521,112
"K","South West","15","Cornwall and Isles of Scilly","15UF","Penwith","E02003946","Penwith 004",,,6001,3463,2538,175,305,207,121,131,122,470,805,202
"K","South West","15","Cornwall and Isles of Scilly","15UF","Penwith","E02003947","Penwith 005",,,4519,2602,1917,151,210,140,109,94,97,372,545,199
"K","South West","15","Cornwall and Isles of Scilly","15UF","Penwith","E02003948","Penwith 006",,,5764,2965,2799,153,332,214,163,144,137,481,829,346
"K","South West","15","Cornwall and Isles of Scilly","15UF","Penwith","E02003949","Penwith 007",,,4675,2492,2183,189,285,158,119,115,105,363,647,202
"K","South West","15","Cornwall and Isles of Scilly","15UF","Penwith","E02003950","Penwith 008",,,3746,2128,1618,134,199,117,112,82,71,281,456,166
"K","South West","15","Cornwall and Isles of Scilly","15UF","Penwith","E02003951","Penwith 009",,,4602,2399,2203,157,240,161,120,102,105,467,670,181
"K","South West","15","Cornwall and Isles of Scilly","15UG","Restormel","E02003952","Restormel 001",,,4876,2970,1906,132,279,141,103,101,77,388,518,167
"K","South West","15","Cornwall and Isles of Scilly","15UG","Restormel","E02003953","Restormel 002",,,6473,3949,2524,185,324,209,177,153,110,474,673,219
"K","South West","15","Cornwall and Isles of Scilly","15UG","Restormel","E02003954","Restormel 003",,,4386,2693,1693,189,262,119,80,82,90,293,424,154
"K","South West","15","Cornwall and Isles of Scilly","15UG","Restormel","E02003955","Restormel 004",,,6714,4052,2662,229,409,213,161,151,142,482,683,192
"K","South West","15","Cornwall and Isles of Scilly","15UG","Restormel","E02003956","Restormel 005",,,4551,2788,1763,123,209,111,97,82,91,328,537,185
"K","South West","15","Cornwall and Isles of Scilly","15UG","Restormel","E02003957","Restormel 006",,,6632,4102,2530,185,284,196,152,145,135,511,674,248
"K","South West","15","Cornwall and Isles of Scilly","15UG","Restormel","E02003958","Restormel 007",,,5226,3154,2072,150,255,158,109,121,78,369,614,218
"K","South West","15","Cornwall and Isles of Scilly","15UG","Restormel","E02003959","Restormel 008",,,4698,2832,1866,127,233,153,122,118,90,328,499,196
"K","South West","15","Cornwall and Isles of Scilly","15UG","Restormel","E02003960","Restormel 009",,,4050,2277,1773,101,194,128,89,84,87,325,596,169
"K","South West","15","Cornwall and Isles of Scilly","15UG","Restormel","E02003961","Restormel 010",,,5482,3460,2022,123,220,158,128,106,86,410,611,180
"K","South West","15","Cornwall and Isles of Scilly","15UG","Restormel","E02003962","Restormel 011",,,4009,2444,1565,119,168,132,85,80,79,298,475,129
"K","South West","15","Cornwall and Isles of Scilly","15UG","Restormel","E02003963","Restormel 012",,,5965,3365,2600,148,274,179,152,134,124,466,862,261
"K","South West","15","Cornwall and Isles of Scilly","15UG","Restormel","E02003964","Restormel 013",,,5660,3236,2424,126,266,218,135,126,121,494,768,170
"K","South West","15","Cornwall and Isles of Scilly","15UH","Isles of Scilly","E02006781","Isles of Scilly 001",,,1615,1271,344,36,38,27,25,17,19,75,89,18
"K","South West","18","Devon","18UB","East Devon","E02004129","East Devon 001",,,3950,2375,1575,97,147,106,102,100,101,310,489,123
"K","South West","18","Devon","18UB","East Devon","E02004130","East Devon 002",,,3662,2142,1520,96,160,100,81,74,69,349,488,103
"K","South West","18","Devon","18UB","East Devon","E02004131","East Devon 003",,,4032,2629,1403,114,156,107,87,79,76,284,420,80
"K","South West","18","Devon","18UB","East Devon","E02004132","East Devon 004",,,5658,3784,1874,168,230,141,112,91,87,357,509,179
"K","South West","18","Devon","18UB","East Devon","E02004133","East Devon 005",,,4892,2957,1935,121,186,157,114,90,109,405,636,117
"K","South West","18","Devon","18UB","East Devon","E02004134","East Devon 006",,,4853,3228,1625,107,186,137,118,90,67,356,421,143
"K","South West","18","Devon","18UB","East Devon","E02004135","East Devon 007",,,5146,2878,2268,128,226,149,138,125,122,447,760,173
"K","South West","18","Devon","18UB","East Devon","E02004136","East Devon 008",,,5022,3063,1959,121,184,143,96,102,92,407,665,149
"K","South West","18","Devon","18UB","East Devon","E02004137","East Devon 009",,,3770,2191,1579,84,168,107,97,79,85,348,526,85
"K","South West","18","Devon","18UB","East Devon","E02004138","East Devon 010",,,4514,2378,2136,86,203,141,161,112,102,509,736,86
"K","South West","18","Devon","18UB","East Devon","E02004139","East Devon 011",,,3970,2235,1735,92,157,141,87,85,97,353,650,73
"K","South West","18","Devon","18UB","East Devon","E02004140","East Devon 012",,,3089,1649,1440,63,101,83,68,61,72,307,633,52
"K","South West","18","Devon","18UB","East Devon","E02004141","East Devon 013",,,4026,2443,1583,151,218,108,92,81,86,292,438,117
"K","South West","18","Devon","18UB","East Devon","E02004142","East Devon 014",,,4117,2733,1384,101,166,80,110,76,83,256,421,91
"K","South West","18","Devon","18UB","East Devon","E02004143","East Devon 015",,,4271,2755,1516,88,145,105,94,59,78,322,487,138
"K","South West","18","Devon","18UB","East Devon","E02004144","East Devon 016",,,4375,2705,1670,125,149,104,88,68,96,348,543,149
"K","South West","18","Devon","18UB","East Devon","E02004145","East Devon 017",,,3627,1853,1774,87,150,105,102,81,92,391,700,66
"K","South West","18","Devon","18UB","East Devon","E02004146","East Devon 018",,,5049,3271,1778,160,206,126,100,104,91,393,437,161
"K","South West","18","Devon","18UB","East Devon","E02004147","East Devon 019",,,4844,3042,1802,253,345,128,124,82,58,290,338,184
"K","South West","18","Devon","18UB","East Devon","E02004148","East Devon 020",,,4258,2198,2060,157,278,148,109,87,95,423,601,162
"K","South West","18","Devon","18UC","Exeter","E02004149","Exeter 001",,,7436,3690,3746,786,983,213,156,77,77,357,428,669
"K","South West","18","Devon","18UC","Exeter","E02004150","Exeter 002",,,5142,3147,1995,311,348,141,116,86,82,322,396,193
"K","South West","18","Devon","18UC","Exeter","E02004151","Exeter 003",,,5392,3464,1928,139,199,117,111,93,101,439,555,174
"K","South West","18","Devon","18UC","Exeter","E02004152","Exeter 004",,,6578,3135,3443,784,1070,227,112,72,59,241,257,621
"K","South West","18","Devon","18UC","Exeter","E02004153","Exeter 005",,,5537,4087,1450,172,212,155,97,63,63,279,293,116
"K","South West","18","Devon","18UC","Exeter","E02004154","Exeter 006",,,5753,3586,2167,430,495,124,104,76,49,258,330,301
"K","South West","18","Devon","18UC","Exeter","E02004155","Exeter 007",,,5342,3322,2020,128,245,129,125,109,109,422,546,207
"K","South West","18","Devon","18UC","Exeter","E02004156","Exeter 008",,,6050,3343,2707,462,563,175,137,96,65,323,497,389
"K","South West","18","Devon","18UC","Exeter","E02004157","Exeter 009",,,4225,2640,1585,209,260,92,79,58,65,264,357,201
"K","South West","18","Devon","18UC","Exeter","E02004158","Exeter 010",,,5518,3866,1652,181,192,116,113,77,72,318,404,179
"K","South West","18","Devon","18UC","Exeter","E02004159","Exeter 011",,,5568,4024,1544,117,168,124,93,90,82,342,402,126
"K","South West","18","Devon","18UC","Exeter","E02004160","Exeter 012",,,5241,3489,1752,110,148,130,116,105,91,382,519,151
"K","South West","18","Devon","18UC","Exeter","E02004161","Exeter 013",,,5402,3293,2109,191,270,158,143,94,104,387,465,297
"K","South West","18","Devon","18UC","Exeter","E02004162","Exeter 014",,,5140,3684,1456,127,210,103,80,63,76,304,369,124
"K","South West","18","Devon","18UC","Exeter","E02004163","Exeter 015",,,4656,2864,1792,130,144,135,109,93,85,399,552,145
"K","South West","18","Devon","18UD","Mid Devon","E02004164","Mid Devon 001",,,4608,3020,1588,114,171,121,83,88,95,292,463,161
"K","South West","18","Devon","18UD","Mid Devon","E02004165","Mid Devon 002",,,4626,3005,1621,134,154,135,95,69,72,345,484,133
"K","South West","18","Devon","18UD","Mid Devon","E02004166","Mid Devon 003",,,4066,2627,1439,119,156,112,87,71,78,296,387,133
"K","South West","18","Devon","18UD","Mid Devon","E02004167","Mid Devon 004",,,4373,2720,1653,144,214,110,100,77,63,322,411,212
"K","South West","18","Devon","18UD","Mid Devon","E02004168","Mid Devon 005",,,4013,2579,1434,105,162,131,102,75,84,286,343,146
"K","South West","18","Devon","18UD","Mid Devon","E02004169","Mid Devon 006",,,4441,2999,1442,124,168,86,87,83,69,286,396,143
"K","South West","18","Devon","18UD","Mid Devon","E02004170","Mid Devon 007",,,4914,3390,1524,131,172,115,95,81,67,291,387,185
"K","South West","18","Devon","18UD","Mid Devon","E02004171","Mid Devon 008",,,4901,3229,1672,130,186,141,124,84,70,300,480,157
"K","South West","18","Devon","18UD","Mid Devon","E02004172","Mid Devon 009",,,4211,2764,1447,98,179,133,91,82,78,260,408,118
"K","South West","18","Devon","18UD","Mid Devon","E02004173","Mid Devon 010",,,4788,3243,1545,111,172,122,101,90,101,298,403,147
"K","South West","18","Devon","18UD","Mid Devon","E02004174","Mid Devon 011",,,4815,3271,1544,134,171,101,102,94,76,280,422,164
"K","South West","18","Devon","18UE","North Devon","E02004175","North Devon 001",,,3737,2173,1564,105,237,126,99,77,91,290,404,135
"K","South West","18","Devon","18UE","North Devon","E02004176","North Devon 002",,,4097,2558,1539,129,222,131,116,74,71,310,385,101
"K","South West","18","Devon","18UE","North Devon","E02004177","North Devon 003",,,3979,2351,1628,124,240,136,98,79,76,319,426,130
"K","South West","18","Devon","18UE","North Devon","E02004178","North Devon 004",,,3748,2404,1344,89,195,111,108,51,68,272,382,68
"K","South West","18","Devon","18UE","North Devon","E02004179","North Devon 005",,,5691,3608,2083,153,250,132,105,104,122,473,604,140
"K","South West","18","Devon","18UE","North Devon","E02004180","North Devon 006",,,3819,2571,1248,92,198,109,88,61,63,211,326,100
"K","South West","18","Devon","18UE","North Devon","E02004181","North Devon 007",,,3822,2556,1266,116,148,109,84,60,58,248,331,112
"K","South West","18","Devon","18UE","North Devon","E02004182","North Devon 008",,,4025,2441,1584,125,223,136,118,57,101,319,369,136
"K","South West","18","Devon","18UE","North Devon","E02004183","North Devon 009",,,4023,2485,1538,132,171,115,96,68,77,316,445,118
"K","South West","18","Devon","18UE","North Devon","E02004184","North Devon 010",,,5821,3839,1982,195,265,171,117,89,109,375,462,199
"K","South West","18","Devon","18UE","North Devon","E02004185","North Devon 011",,,3855,2265,1590,92,143,95,96,91,101,340,520,112
"K","South West","18","Devon","18UE","North Devon","E02004186","North Devon 012",,,5541,3610,1931,165,257,139,126,99,104,411,513,117
"K","South West","18","Devon","18UE","North Devon","E02004187","North Devon 013",,,5898,3778,2120,151,278,147,135,113,93,422,572,209
"K","South West","18","Devon","18UE","North Devon","E02004188","North Devon 014",,,4328,2677,1651,100,173,137,99,93,84,343,461,161
"K","South West","18","Devon","18UG","South Hams","E02004189","South Hams 001",,,4756,3544,1212,91,147,95,90,72,65,210,323,119
"K","South West","18","Devon","18UG","South Hams","E02004190","South Hams 002",,,5389,3539,1850,145,207,125,111,109,84,312,538,219
"K","South West","18","Devon","18UG","South Hams","E02004191","South Hams 003",,,5637,3418,2219,217,284,158,124,91,95,435,591,224
"K","South West","18","Devon","18UG","South Hams","E02004192","South Hams 004",,,5237,3128,2109,158,239,161,123,92,103,427,664,142
"K","South West","18","Devon","18UG","South Hams","E02004193","South Hams 005",,,8367,6104,2263,212,275,182,163,105,105,438,499,284
"K","South West","18","Devon","18UG","South Hams","E02004194","South Hams 006",,,4433,2842,1591,150,233,113,104,68,80,294,409,140
"K","South West","18","Devon","18UG","South Hams","E02004195","South Hams 007",,,3877,2317,1560,121,213,117,98,80,88,315,430,98
"K","South West","18","Devon","18UG","South Hams","E02004196","South Hams 008",,,4846,3043,1803,144,211,129,122,77,99,357,515,149
"K","South West","18","Devon","18UG","South Hams","E02004197","South Hams 009",,,4256,2502,1754,111,168,111,105,90,92,394,586,97
"K","South West","18","Devon","18UG","South Hams","E02004198","South Hams 010",,,4122,2535,1587,87,171,103,85,86,81,326,502,146
"K","South West","18","Devon","18UG","South Hams","E02004199","South Hams 011",,,3808,2023,1785,101,152,147,69,106,117,393,576,124
"K","South West","18","Devon","18UG","South Hams","E02004200","South Hams 012",,,3670,2008,1662,90,176,113,108,98,77,327,585,88
"K","South West","18","Devon","18UH","Teignbridge","E02004201","Teignbridge 001",,,3804,2404,1400,98,138,103,83,70,78,309,404,117
"K","South West","18","Devon","18UH","Teignbridge","E02004202","Teignbridge 002",,,5335,3758,1577,121,204,131,106,87,80,295,432,121
"K","South West","18","Devon","18UH","Teignbridge","E02004203","Teignbridge 003",,,4015,2571,1444,102,190,106,95,72,78,244,439,118
"K","South West","18","Devon","18UH","Teignbridge","E02004204","Teignbridge 004",,,5962,3795,2167,185,241,153,126,123,110,383,659,187
"K","South West","18","Devon","18UH","Teignbridge","E02004205","Teignbridge 005",,,4528,2652,1876,131,197,124,99,91,83,363,551,237
"K","South West","18","Devon","18UH","Teignbridge","E02004206","Teignbridge 006",,,4273,2341,1932,133,187,134,79,115,108,406,626,144
"K","South West","18","Devon","18UH","Teignbridge","E02004207","Teignbridge 007",,,4133,2593,1540,115,168,108,94,66,70,353,467,99
"K","South West","18","Devon","18UH","Teignbridge","E02004208","Teignbridge 008",,,5454,3232,2222,138,219,143,139,131,110,446,675,221
"K","South West","18","Devon","18UH","Teignbridge","E02004209","Teignbridge 009",,,5850,3936,1914,155,172,139,131,85,110,407,564,151
"K","South West","18","Devon","18UH","Teignbridge","E02004210","Teignbridge 010",,,4388,2484,1904,144,210,160,119,89,102,352,528,200
"K","South West","18","Devon","18UH","Teignbridge","E02004211","Teignbridge 011",,,4370,2669,1701,101,163,126,105,96,95,378,540,97
"K","South West","18","Devon","18UH","Teignbridge","E02004212","Teignbridge 012",,,3920,2595,1325,128,166,86,71,61,73,272,352,116
"K","South West","18","Devon","18UH","Teignbridge","E02004213","Teignbridge 013",,,4342,2533,1809,152,323,144,135,93,75,278,377,232
"K","South West","18","Devon","18UH","Teignbridge","E02004214","Teignbridge 014",,,3726,2430,1296,143,168,115,91,54,55,235,306,129
"K","South West","18","Devon","18UH","Teignbridge","E02004215","Teignbridge 015",,,3743,2333,1410,116,186,81,77,59,57,265,382,187
"K","South West","18","Devon","18UH","Teignbridge","E02004216","Teignbridge 016",,,4164,2600,1564,106,168,96,104,82,78,322,476,132
"K","South West","18","Devon","18UH","Teignbridge","E02004217","Teignbridge 017",,,5322,3355,1967,144,271,143,124,84,66,368,570,197
"K","South West","18","Devon","18UH","Teignbridge","E02004218","Teignbridge 018",,,3899,2480,1419,95,149,107,87,84,75,303,412,107
"K","South West","18","Devon","18UH","Teignbridge","E02004219","Teignbridge 019",,,3808,2467,1341,117,162,100,80,55,69,255,410,93
"K","South West","18","Devon","18UK","Torridge","E02004220","Torridge 001",,,4642,2611,2031,123,243,159,140,105,97,423,593,148
"K","South West","18","Devon","18UK","Torridge","E02004221","Torridge 002",,,3772,1995,1777,103,189,123,126,95,95,393,513,140
"K","South West","18","Devon","18UK","Torridge","E02004222","Torridge 003",,,3717,2229,1488,114,169,113,86,63,65,265,421,192
"K","South West","18","Devon","18UK","Torridge","E02004223","Torridge 004",,,6863,4247,2616,204,339,201,194,110,126,437,668,337
"K","South West","18","Devon","18UK","Torridge","E02004224","Torridge 005",,,4309,2650,1659,127,222,133,125,90,75,320,442,125
"K","South West","18","Devon","18UK","Torridge","E02004225","Torridge 006",,,3677,2286,1391,120,180,118,98,69,73,274,333,126
"K","South West","18","Devon","18UK","Torridge","E02004226","Torridge 007",,,4841,2986,1855,132,229,153,116,87,86,386,509,157
"K","South West","18","Devon","18UK","Torridge","E02004227","Torridge 008",,,5799,3648,2151,132,262,182,133,126,117,421,585,193
"K","South West","18","Devon","18UK","Torridge","E02004228","Torridge 009",,,4733,2870,1863,136,215,149,143,122,83,378,449,188
"K","South West","18","Devon","18UL","West Devon","E02004229","West Devon 001",,,4680,2959,1721,149,201,121,96,86,86,331,496,155
"K","South West","18","Devon","18UL","West Devon","E02004230","West Devon 002",,,4465,2889,1576,125,202,126,102,74,80,322,414,131
"K","South West","18","Devon","18UL","West Devon","E02004231","West Devon 003",,,4981,2986,1995,129,250,198,158,103,84,354,470,249
"K","South West","18","Devon","18UL","West Devon","E02004232","West Devon 004",,,4310,2812,1498,115,179,101,108,75,80,304,419,117
"K","South West","18","Devon","18UL","West Devon","E02004233","West Devon 005",,,7723,4845,2878,206,288,221,147,135,141,592,802,346
"K","South West","18","Devon","18UL","West Devon","E02004234","West Devon 006",,,4634,2946,1688,121,193,120,100,89,94,339,464,168
"K","South West","18","Devon","18UL","West Devon","E02004235","West Devon 007",,,4387,2771,1616,126,191,112,121,75,72,339,443,137
"K","South West","19","Dorset","19UC","Christchurch","E02004236","Christchurch 001",,,4039,2626,1413,101,132,118,94,70,82,307,417,92
"K","South West","19","Dorset","19UC","Christchurch","E02004237","Christchurch 002",,,4890,3020,1870,129,209,122,92,110,101,414,584,109
"K","South West","19","Dorset","19UC","Christchurch","E02004238","Christchurch 003",,,4117,2040,2077,96,162,132,108,93,92,510,804,80
"K","South West","19","Dorset","19UC","Christchurch","E02004239","Christchurch 004",,,3685,2079,1606,86,123,96,96,83,89,420,555,58
"K","South West","19","Dorset","19UC","Christchurch","E02004240","Christchurch 005",,,4127,2505,1622,121,191,148,114,72,68,321,452,135
"K","South West","19","Dorset","19UC","Christchurch","E02004241","Christchurch 006",,,5597,3588,2009,134,230,133,128,102,105,459,592,126
"K","South West","19","Dorset","19UC","Christchurch","E02004242","Christchurch 007",,,4303,2285,2018,114,176,128,116,115,109,489,695,76
"K","South West","19","Dorset","19UD","East Dorset","E02004243","East Dorset 001",,,4542,3115,1427,107,155,107,90,74,80,272,387,155
"K","South West","19","Dorset","19UD","East Dorset","E02004244","East Dorset 002",,,4640,2934,1706,89,171,106,84,100,99,407,574,76
"K","South West","19","Dorset","19UD","East Dorset","E02004245","East Dorset 003",,,4739,3105,1634,121,165,113,95,74,87,301,540,138
"K","South West","19","Dorset","19UD","East Dorset","E02004246","East Dorset 004",,,4875,2655,2220,105,186,111,115,146,125,485,833,114
"K","South West","19","Dorset","19UD","East Dorset","E02004247","East Dorset 005",,,4243,2860,1383,107,153,107,82,74,90,243,422,105
"K","South West","19","Dorset","19UD","East Dorset","E02004248","East Dorset 006",,,4813,2739,2074,116,190,106,119,108,112,509,716,98
"K","South West","19","Dorset","19UD","East Dorset","E02004249","East Dorset 007",,,4038,2712,1326,115,131,98,88,69,66,267,386,106
"K","South West","19","Dorset","19UD","East Dorset","E02004250","East Dorset 008",,,4776,2647,2129,112,205,146,94,91,107,504,740,130
"K","South West","19","Dorset","19UD","East Dorset","E02004251","East Dorset 009",,,4527,2988,1539,115,149,110,84,84,71,368,478,80
"K","South West","19","Dorset","19UD","East Dorset","E02004252","East Dorset 010",,,4482,2841,1641,102,145,138,90,70,80,392,526,98
"K","South West","19","Dorset","19UD","East Dorset","E02004253","East Dorset 011",,,5836,3382,2454,132,210,158,153,126,107,554,893,121
"K","South West","19","Dorset","19UD","East Dorset","E02004254","East Dorset 012",,,7359,5082,2277,177,237,176,121,96,120,503,630,217
"K","South West","19","Dorset","19UE","North Dorset","E02004255","North Dorset 001",,,4663,3065,1598,96,154,105,81,81,73,355,544,109
"K","South West","19","Dorset","19UE","North Dorset","E02004256","North Dorset 002",,,5004,3243,1761,140,195,125,107,112,88,345,525,124
"K","South West","19","Dorset","19UE","North Dorset","E02004257","North Dorset 003",,,4622,3169,1453,137,192,111,77,69,79,286,401,101
"K","South West","19","Dorset","19UE","North Dorset","E02004258","North Dorset 004",,,6232,3815,2417,165,234,157,147,123,124,523,724,220
"K","South West","19","Dorset","19UE","North Dorset","E02004259","North Dorset 005",,,4810,2757,2053,140,235,200,136,110,115,331,490,296
"K","South West","19","Dorset","19UE","North Dorset","E02004260","North Dorset 006",,,6775,4883,1892,138,258,138,95,81,84,296,444,358
"K","South West","19","Dorset","19UE","North Dorset","E02004261","North Dorset 007",,,6243,4405,1838,135,189,161,108,84,101,407,469,184
"K","South West","19","Dorset","19UE","North Dorset","E02004262","North Dorset 008",,,5262,3393,1869,141,217,125,118,118,97,374,493,186
"K","South West","19","Dorset","19UG","Purbeck","E02004263","Purbeck 001",,,4077,2728,1349,94,165,105,83,64,55,278,387,118
"K","South West","19","Dorset","19UG","Purbeck","E02004264","Purbeck 002",,,5539,3834,1705,127,194,117,109,86,102,413,461,96
"K","South West","19","Dorset","19UG","Purbeck","E02004265","Purbeck 003",,,6129,3959,2170,132,215,153,115,124,113,498,670,150
"K","South West","19","Dorset","19UG","Purbeck","E02004266","Purbeck 004",,,5115,3461,1654,146,199,124,106,88,78,338,428,147
"K","South West","19","Dorset","19UG","Purbeck","E02004267","Purbeck 005",,,3946,2442,1504,114,160,90,83,92,61,332,485,87
"K","South West","19","Dorset","19UG","Purbeck","E02004268","Purbeck 006",,,6831,3909,2922,232,310,205,181,131,152,583,807,321
"K","South West","19","Dorset","19UH","West Dorset","E02004269","West Dorset 001",,,6036,3368,2668,158,285,140,123,113,111,457,651,630
"K","South West","19","Dorset","19UH","West Dorset","E02004270","West Dorset 002",,,5351,3310,2041,124,173,141,121,110,98,432,680,162
"K","South West","19","Dorset","19UH","West Dorset","E02004271","West Dorset 003",,,6516,3996,2520,187,250,178,145,141,150,504,776,189
"K","South West","19","Dorset","19UH","West Dorset","E02004272","West Dorset 004",,,7010,4553,2457,180,250,193,172,127,110,510,740,175
"K","South West","19","Dorset","19UH","West Dorset","E02004273","West Dorset 005",,,4760,2626,2134,116,201,157,137,138,129,443,663,150
"K","South West","19","Dorset","19UH","West Dorset","E02004274","West Dorset 006",,,4324,2605,1719,98,181,122,106,96,93,363,513,147
"K","South West","19","Dorset","19UH","West Dorset","E02004275","West Dorset 007",,,5120,3032,2088,111,209,133,135,97,118,457,689,139
"K","South West","19","Dorset","19UH","West Dorset","E02004276","West Dorset 008",,,3483,2048,1435,93,156,122,82,82,80,273,455,92
"K","South West","19","Dorset","19UH","West Dorset","E02004277","West Dorset 009",,,5268,3388,1880,157,194,173,101,73,77,392,485,228
"K","South West","19","Dorset","19UH","West Dorset","E02004278","West Dorset 010",,,5982,4035,1947,173,198,122,99,109,77,415,571,183
"K","South West","19","Dorset","19UH","West Dorset","E02004279","West Dorset 011",,,5345,3428,1917,135,207,123,109,106,90,412,583,152
"K","South West","19","Dorset","19UH","West Dorset","E02004280","West Dorset 012",,,5463,3523,1940,111,214,148,115,100,102,450,579,121
"K","South West","19","Dorset","19UJ","Weymouth and Portland","E02004281","Weymouth and Portland 001",,,5131,3335,1796,147,221,142,136,75,96,363,441,175
"K","South West","19","Dorset","19UJ","Weymouth and Portland","E02004282","Weymouth and Portland 002",,,6055,3637,2418,114,225,150,152,115,145,567,827,123
"K","South West","19","Dorset","19UJ","Weymouth and Portland","E02004283","Weymouth and Portland 003",,,5849,3569,2280,140,238,182,127,121,105,479,682,206
"K","South West","19","Dorset","19UJ","Weymouth and Portland","E02004284","Weymouth and Portland 004",,,6759,4068,2691,219,381,202,157,135,124,513,684,276
"K","South West","19","Dorset","19UJ","Weymouth and Portland","E02004285","Weymouth and Portland 005",,,4859,3090,1769,125,211,139,89,98,93,356,482,176
"K","South West","19","Dorset","19UJ","Weymouth and Portland","E02004286","Weymouth and Portland 006",,,3591,2328,1263,88,144,104,91,70,74,237,341,114
"K","South West","19","Dorset","19UJ","Weymouth and Portland","E02004287","Weymouth and Portland 007",,,3944,2576,1368,93,159,111,66,60,59,318,397,105
"K","South West","19","Dorset","19UJ","Weymouth and Portland","E02004288","Weymouth and Portland 008",,,4560,2443,2117,141,402,267,126,97,114,315,361,294
"K","South West","19","Dorset","19UJ","Weymouth and Portland","E02004289","Weymouth and Portland 009",,,4911,3217,1694,131,182,137,118,105,94,421,380,126
"K","South West","23","Gloucestershire","23UB","Cheltenham","E02004600","Cheltenham 001",,,4442,3227,1215,137,162,85,74,56,75,242,261,123
"K","South West","23","Gloucestershire","23UB","Cheltenham","E02004601","Cheltenham 002",,,3703,2452,1251,83,118,88,86,61,77,294,373,71
"K","South West","23","Gloucestershire","23UB","Cheltenham","E02004602","Cheltenham 003",,,4114,2680,1434,143,142,106,81,75,63,278,364,182
"K","South West","23","Gloucestershire","23UB","Cheltenham","E02004603","Cheltenham 004",,,5539,3171,2368,490,579,188,86,68,66,251,349,291
"K","South West","23","Gloucestershire","23UB","Cheltenham","E02004604","Cheltenham 005",,,5146,3183,1963,201,282,165,112,104,93,373,426,207
"K","South West","23","Gloucestershire","23UB","Cheltenham","E02004605","Cheltenham 006",,,3920,2371,1549,139,180,122,101,75,71,276,395,190
"K","South West","23","Gloucestershire","23UB","Cheltenham","E02004606","Cheltenham 007",,,6467,4392,2075,292,330,146,111,96,84,390,405,221
"K","South West","23","Gloucestershire","23UB","Cheltenham","E02004607","Cheltenham 008",,,7241,5213,2028,354,385,122,115,74,73,323,404,178
"K","South West","23","Gloucestershire","23UB","Cheltenham","E02004608","Cheltenham 009",,,7096,4738,2358,265,379,154,98,77,80,323,430,552
"K","South West","23","Gloucestershire","23UB","Cheltenham","E02004609","Cheltenham 010",,,4785,3393,1392,116,173,91,84,84,73,334,332,105
"K","South West","23","Gloucestershire","23UB","Cheltenham","E02004610","Cheltenham 011",,,5154,3236,1918,238,291,133,98,81,85,299,425,268
"K","South West","23","Gloucestershire","23UB","Cheltenham","E02004611","Cheltenham 012",,,7180,4798,2382,191,262,186,147,102,105,518,652,219
"K","South West","23","Gloucestershire","23UB","Cheltenham","E02004612","Cheltenham 013",,,7012,5019,1993,193,247,121,133,77,108,439,509,166
"K","South West","23","Gloucestershire","23UB","Cheltenham","E02004613","Cheltenham 014",,,4398,2811,1587,126,164,97,81,74,76,310,526,133
"K","South West","23","Gloucestershire","23UB","Cheltenham","E02004614","Cheltenham 015",,,3607,2415,1192,117,133,72,80,50,45,250,325,120
"K","South West","23","Gloucestershire","23UC","Cotswold","E02004615","Cotswold 001",,,5518,3508,2010,142,200,139,91,103,108,431,655,141
"K","South West","23","Gloucestershire","23UC","Cotswold","E02004616","Cotswold 002",,,5943,3948,1995,153,222,150,123,86,102,393,614,152
"K","South West","23","Gloucestershire","23UC","Cotswold","E02004617","Cotswold 003",,,5221,3571,1650,127,191,123,105,89,82,312,507,114
"K","South West","23","Gloucestershire","23UC","Cotswold","E02004618","Cotswold 004",,,5249,3524,1725,134,196,120,83,65,73,288,494,272
"K","South West","23","Gloucestershire","23UC","Cotswold","E02004619","Cotswold 005",,,5220,3502,1718,137,179,98,103,85,93,315,532,176
"K","South West","23","Gloucestershire","23UC","Cotswold","E02004620","Cotswold 006",,,5276,3838,1438,145,192,128,98,68,67,252,371,117
"K","South West","23","Gloucestershire","23UC","Cotswold","E02004621","Cotswold 007",,,3869,2463,1406,146,204,106,72,62,57,217,391,151
"K","South West","23","Gloucestershire","23UC","Cotswold","E02004622","Cotswold 008",,,4854,3545,1309,145,165,114,91,77,66,240,313,98
"K","South West","23","Gloucestershire","23UC","Cotswold","E02004623","Cotswold 009",,,5723,3981,1742,138,209,128,111,86,84,341,517,128
"K","South West","23","Gloucestershire","23UC","Cotswold","E02004624","Cotswold 010",,,4001,2834,1167,116,142,81,76,56,56,227,321,92
"K","South West","23","Gloucestershire","23UC","Cotswold","E02004625","Cotswold 011",,,6535,4566,1969,175,223,140,123,92,93,353,528,242
"K","South West","23","Gloucestershire","23UD","Forest of Dean","E02004626","Forest of Dean 001",,,6870,4499,2371,220,377,180,142,111,88,409,553,291
"K","South West","23","Gloucestershire","23UD","Forest of Dean","E02004627","Forest of Dean 002",,,3610,2439,1171,96,128,89,76,64,75,218,313,112
"K","South West","23","Gloucestershire","23UD","Forest of Dean","E02004628","Forest of Dean 003",,,5326,3543,1783,136,234,156,105,74,74,318,523,163
"K","South West","23","Gloucestershire","23UD","Forest of Dean","E02004629","Forest of Dean 004",,,8464,5454,3010,261,361,232,188,133,142,521,839,333
"K","South West","23","Gloucestershire","23UD","Forest of Dean","E02004630","Forest of Dean 005",,,4652,2972,1680,127,187,126,86,86,75,298,430,265
"K","South West","23","Gloucestershire","23UD","Forest of Dean","E02004631","Forest of Dean 006",,,3741,2414,1327,93,163,95,78,64,58,245,374,157
"K","South West","23","Gloucestershire","23UD","Forest of Dean","E02004632","Forest of Dean 007",,,7105,4560,2545,186,276,193,149,110,112,493,750,276
"K","South West","23","Gloucestershire","23UD","Forest of Dean","E02004633","Forest of Dean 008",,,5818,3736,2082,143,278,156,149,89,101,395,588,183
"K","South West","23","Gloucestershire","23UD","Forest of Dean","E02004634","Forest of Dean 009",,,7118,4620,2498,158,300,214,153,105,112,480,708,268
"K","South West","23","Gloucestershire","23UD","Forest of Dean","E02004635","Forest of Dean 010",,,5024,3312,1712,146,198,111,123,93,99,355,441,146
"K","South West","23","Gloucestershire","23UE","Gloucester","E02004636","Gloucester 001",,,5486,3953,1533,133,172,113,111,74,81,346,381,122
"K","South West","23","Gloucestershire","23UE","Gloucester","E02004637","Gloucester 002",,,5524,3425,2099,179,261,137,108,98,98,408,543,267
"K","South West","23","Gloucestershire","23UE","Gloucester","E02004638","Gloucester 003",,,3876,2670,1206,80,136,80,57,64,61,278,331,119
"K","South West","23","Gloucestershire","23UE","Gloucester","E02004639","Gloucester 004",,,4307,2499,1808,169,252,159,102,72,71,263,451,269
"K","South West","23","Gloucestershire","23UE","Gloucester","E02004640","Gloucester 005",,,5000,2801,2199,178,242,157,120,87,91,349,426,549
"K","South West","23","Gloucestershire","23UE","Gloucester","E02004641","Gloucester 006",,,5444,3568,1876,128,180,126,102,106,92,494,528,120
"K","South West","23","Gloucestershire","23UE","Gloucester","E02004642","Gloucester 007",,,7330,5205,2125,199,249,162,137,110,98,420,489,261
"K","South West","23","Gloucestershire","23UE","Gloucester","E02004643","Gloucester 008",,,5069,3098,1971,201,240,153,108,94,84,337,423,331
"K","South West","23","Gloucestershire","23UE","Gloucester","E02004644","Gloucester 009",,,5971,3959,2012,176,232,161,112,91,101,355,547,237
"K","South West","23","Gloucestershire","23UE","Gloucester","E02004645","Gloucester 010",,,7054,5499,1555,166,213,104,98,66,59,320,368,161
"K","South West","23","Gloucestershire","23UE","Gloucester","E02004646","Gloucester 011",,,6148,3704,2444,210,287,191,123,117,137,502,631,246
"K","South West","23","Gloucestershire","23UE","Gloucester","E02004647","Gloucester 012",,,4056,2584,1472,114,156,132,78,81,45,317,409,140
"K","South West","23","Gloucestershire","23UE","Gloucester","E02004648","Gloucester 013",,,4319,2873,1446,122,155,107,103,82,72,340,367,98
"K","South West","23","Gloucestershire","23UE","Gloucester","E02004649","Gloucester 014",,,4447,3617,830,118,117,79,53,45,34,127,157,100
"K","South West","23","Gloucestershire","23UE","Gloucester","E02004650","Gloucester 015",,,3936,3070,866,119,100,82,54,48,42,149,194,78
"K","South West","23","Gloucestershire","23UF","Stroud","E02004651","Stroud 001",,,4899,3508,1391,117,154,137,78,100,74,274,328,129
"K","South West","23","Gloucestershire","23UF","Stroud","E02004652","Stroud 002",,,4457,2790,1667,136,175,99,93,79,80,342,528,135
"K","South West","23","Gloucestershire","23UF","Stroud","E02004653","Stroud 003",,,4503,3170,1333,99,159,105,86,52,55,280,336,161
"K","South West","23","Gloucestershire","23UF","Stroud","E02004654","Stroud 004",,,7520,5185,2335,203,283,173,168,106,115,447,618,222
"K","South West","23","Gloucestershire","23UF","Stroud","E02004655","Stroud 005",,,5216,3580,1636,133,194,128,97,70,66,288,354,306
"K","South West","23","Gloucestershire","23UF","Stroud","E02004656","Stroud 006",,,7458,5158,2300,260,288,179,143,106,99,406,540,279
"K","South West","23","Gloucestershire","23UF","Stroud","E02004657","Stroud 007",,,4856,3410,1446,126,161,138,100,65,63,288,389,116
"K","South West","23","Gloucestershire","23UF","Stroud","E02004658","Stroud 008",,,4555,3313,1242,137,132,95,67,63,83,225,325,115
"K","South West","23","Gloucestershire","23UF","Stroud","E02004659","Stroud 009",,,4690,3099,1591,119,162,114,86,77,78,332,420,203
"K","South West","23","Gloucestershire","23UF","Stroud","E02004660","Stroud 010",,,4204,2526,1678,121,170,112,91,86,67,338,531,162
"K","South West","23","Gloucestershire","23UF","Stroud","E02004661","Stroud 011",,,5865,3967,1898,169,201,117,101,101,78,421,557,153
"K","South West","23","Gloucestershire","23UF","Stroud","E02004662","Stroud 012",,,4253,2851,1402,126,175,87,84,71,77,318,366,98
"K","South West","23","Gloucestershire","23UF","Stroud","E02004663","Stroud 013",,,4359,3014,1345,159,175,113,81,62,67,218,302,168
"K","South West","23","Gloucestershire","23UF","Stroud","E02004664","Stroud 014",,,4106,2751,1355,123,195,123,96,53,60,259,321,125
"K","South West","23","Gloucestershire","23UF","Stroud","E02004665","Stroud 015",,,5851,4067,1784,154,187,117,106,84,83,360,513,180
"K","South West","23","Gloucestershire","23UG","Tewkesbury","E02004666","Tewkesbury 001",,,6696,5213,1483,184,204,120,92,57,83,297,296,150
"K","South West","23","Gloucestershire","23UG","Tewkesbury","E02004667","Tewkesbury 002",,,7071,4818,2253,196,266,188,151,98,88,494,563,209
"K","South West","23","Gloucestershire","23UG","Tewkesbury","E02004668","Tewkesbury 003",,,5853,3852,2001,125,205,135,113,88,103,446,615,171
"K","South West","23","Gloucestershire","23UG","Tewkesbury","E02004669","Tewkesbury 004",,,4486,2966,1520,138,157,97,109,64,76,296,422,161
"K","South West","23","Gloucestershire","23UG","Tewkesbury","E02004670","Tewkesbury 005",,,8287,5829,2458,206,249,184,169,122,113,574,676,165
"K","South West","23","Gloucestershire","23UG","Tewkesbury","E02004671","Tewkesbury 006",,,4533,3172,1361,128,139,90,54,65,49,276,358,202
"K","South West","23","Gloucestershire","23UG","Tewkesbury","E02004672","Tewkesbury 007",,,8550,6050,2500,203,283,196,156,122,130,557,613,240
"K","South West","23","Gloucestershire","23UG","Tewkesbury","E02004673","Tewkesbury 008",,,3928,2420,1508,96,178,100,110,60,66,332,425,141
"K","South West","23","Gloucestershire","23UG","Tewkesbury","E02004674","Tewkesbury 009",,,5595,3783,1812,155,183,134,110,96,93,401,447,193
"K","South West","40","Somerset","40UB","Mendip","E02006047","Mendip 001",,,5697,3809,1888,151,231,142,129,83,102,350,526,174
"K","South West","40","Somerset","40UB","Mendip","E02006048","Mendip 002",,,4798,3180,1618,135,176,132,102,85,87,296,360,245
"K","South West","40","Somerset","40UB","Mendip","E02006049","Mendip 003",,,5439,4008,1431,129,176,118,93,68,66,274,381,126
"K","South West","40","Somerset","40UB","Mendip","E02006050","Mendip 004",,,4943,3211,1732,173,246,134,112,78,84,291,409,205
"K","South West","40","Somerset","40UB","Mendip","E02006051","Mendip 005",,,5295,3311,1984,152,220,134,113,87,97,390,526,265
"K","South West","40","Somerset","40UB","Mendip","E02006052","Mendip 006",,,5273,3531,1742,158,222,153,111,102,86,324,436,150
"K","South West","40","Somerset","40UB","Mendip","E02006053","Mendip 007",,,6131,4125,2006,195,236,135,147,89,103,360,500,241
"K","South West","40","Somerset","40UB","Mendip","E02006054","Mendip 008",,,5214,3206,2008,164,184,125,127,93,90,418,599,208
"K","South West","40","Somerset","40UB","Mendip","E02006055","Mendip 009",,,5289,3629,1660,151,223,146,100,76,102,303,359,200
"K","South West","40","Somerset","40UB","Mendip","E02006056","Mendip 010",,,5064,3468,1596,145,190,129,92,80,74,331,412,143
"K","South West","40","Somerset","40UB","Mendip","E02006057","Mendip 011",,,5117,3250,1867,143,216,151,119,95,88,366,465,224
"K","South West","40","Somerset","40UB","Mendip","E02006058","Mendip 012",,,5590,3761,1829,163,219,126,100,92,81,346,437,265
"K","South West","40","Somerset","40UB","Mendip","E02006059","Mendip 013",,,4620,3037,1583,124,174,119,93,79,74,263,459,198
"K","South West","40","Somerset","40UB","Mendip","E02006060","Mendip 014",,,5131,3355,1776,136,205,124,106,77,87,352,412,277
"K","South West","40","Somerset","40UC","Sedgemoor","E02006061","Sedgemoor 001",,,5784,3854,1930,175,198,122,110,85,89,365,580,206
"K","South West","40","Somerset","40UC","Sedgemoor","E02006062","Sedgemoor 002",,,7028,4389,2639,161,249,171,139,129,128,580,838,244
"K","South West","40","Somerset","40UC","Sedgemoor","E02006063","Sedgemoor 003",,,4685,3057,1628,122,171,116,99,66,96,317,459,182
"K","South West","40","Somerset","40UC","Sedgemoor","E02006064","Sedgemoor 004",,,5101,2976,2125,134,241,147,122,115,101,444,673,148
"K","South West","40","Somerset","40UC","Sedgemoor","E02006065","Sedgemoor 005",,,5319,3249,2070,148,233,145,137,92,98,429,599,189
"K","South West","40","Somerset","40UC","Sedgemoor","E02006066","Sedgemoor 006",,,5703,3680,2023,156,241,142,140,98,93,414,581,158
"K","South West","40","Somerset","40UC","Sedgemoor","E02006067","Sedgemoor 007",,,4956,3131,1825,131,208,133,110,81,67,384,517,194
"K","South West","40","Somerset","40UC","Sedgemoor","E02006068","Sedgemoor 008",,,5202,3135,2067,187,258,155,126,118,95,396,479,253
"K","South West","40","Somerset","40UC","Sedgemoor","E02006069","Sedgemoor 009",,,5303,3369,1934,174,250,123,103,93,82,331,545,233
"K","South West","40","Somerset","40UC","Sedgemoor","E02006070","Sedgemoor 010",,,5105,3755,1350,141,146,101,78,85,64,299,340,96
"K","South West","40","Somerset","40UC","Sedgemoor","E02006071","Sedgemoor 011",,,4796,3177,1619,105,167,130,79,95,81,336,486,140
"K","South West","40","Somerset","40UC","Sedgemoor","E02006072","Sedgemoor 012",,,6440,4233,2207,147,252,150,143,112,100,453,610,240
"K","South West","40","Somerset","40UC","Sedgemoor","E02006073","Sedgemoor 013",,,4905,2863,2042,175,236,165,131,97,93,358,547,240
"K","South West","40","Somerset","40UC","Sedgemoor","E02006074","Sedgemoor 014",,,4958,3278,1680,130,213,132,102,75,81,315,492,140
"K","South West","40","Somerset","40UD","South Somerset","E02006075","South Somerset 001",,,3636,2280,1356,117,177,77,69,46,70,227,320,253
"K","South West","40","Somerset","40UD","South Somerset","E02006076","South Somerset 002",,,5772,3759,2013,158,207,163,110,88,100,425,572,190
"K","South West","40","Somerset","40UD","South Somerset","E02006077","South Somerset 003",,,3724,2364,1360,92,152,109,87,68,77,280,373,122
"K","South West","40","Somerset","40UD","South Somerset","E02006078","South Somerset 004",,,3698,2372,1326,87,160,110,87,57,40,265,411,109
"K","South West","40","Somerset","40UD","South Somerset","E02006079","South Somerset 005",,,4553,3009,1544,110,160,114,106,81,85,293,457,138
"K","South West","40","Somerset","40UD","South Somerset","E02006080","South Somerset 006",,,4700,3399,1301,94,147,98,91,70,62,261,377,101
"K","South West","40","Somerset","40UD","South Somerset","E02006081","South Somerset 007",,,3676,2361,1315,118,140,96,79,58,71,243,405,105
"K","South West","40","Somerset","40UD","South Somerset","E02006082","South Somerset 008",,,4220,2904,1316,115,147,124,95,70,64,237,364,100
"K","South West","40","Somerset","40UD","South Somerset","E02006083","South Somerset 009",,,3865,2677,1188,96,122,93,71,68,66,258,333,81
"K","South West","40","Somerset","40UD","South Somerset","E02006084","South Somerset 010",,,4821,3126,1695,107,140,139,114,82,84,360,541,128
"K","South West","40","Somerset","40UD","South Somerset","E02006085","South Somerset 011",,,4322,3059,1263,116,139,97,85,58,63,246,366,93
"K","South West","40","Somerset","40UD","South Somerset","E02006086","South Somerset 012",,,3840,2658,1182,84,152,74,69,57,52,232,312,150
"K","South West","40","Somerset","40UD","South Somerset","E02006087","South Somerset 013",,,3957,2741,1216,97,154,129,86,55,60,224,304,107
"K","South West","40","Somerset","40UD","South Somerset","E02006088","South Somerset 014",,,5012,3166,1846,151,207,135,100,72,90,386,516,189
"K","South West","40","Somerset","40UD","South Somerset","E02006089","South Somerset 015",,,4148,2969,1179,108,178,90,72,49,54,194,291,143
"K","South West","40","Somerset","40UD","South Somerset","E02006090","South Somerset 016",,,4346,3046,1300,116,160,102,73,69,52,254,362,112
"K","South West","40","Somerset","40UD","South Somerset","E02006091","South Somerset 017",,,6932,4557,2375,205,277,183,148,112,119,499,650,182
"K","South West","40","Somerset","40UD","South Somerset","E02006092","South Somerset 018",,,4306,3166,1140,87,135,71,71,66,72,259,311,68
"K","South West","40","Somerset","40UD","South Somerset","E02006093","South Somerset 019",,,4844,3125,1719,130,184,128,104,84,84,382,506,117
"K","South West","40","Somerset","40UD","South Somerset","E02006094","South Somerset 020",,,3854,2504,1350,80,145,99,77,66,75,282,426,100
"K","South West","40","Somerset","40UD","South Somerset","E02006095","South Somerset 021",,,5335,3540,1795,134,193,143,121,86,80,378,540,120
"K","South West","40","Somerset","40UD","South Somerset","E02006096","South Somerset 022",,,4408,2954,1454,145,145,110,83,75,78,310,389,119
"K","South West","40","Somerset","40UD","South Somerset","E02006097","South Somerset 023",,,3819,2338,1481,139,151,120,89,67,78,303,428,106
"K","South West","40","Somerset","40UD","South Somerset","E02006098","South Somerset 024",,,5049,3166,1883,147,180,126,110,97,109,359,609,146
"K","South West","40","Somerset","40UE","Taunton Deane","E02006099","Taunton Deane 001",,,3973,2733,1240,94,139,111,90,50,60,240,330,126
"K","South West","40","Somerset","40UE","Taunton Deane","E02006100","Taunton Deane 002",,,4834,3242,1592,138,180,115,83,58,71,322,418,207
"K","South West","40","Somerset","40UE","Taunton Deane","E02006101","Taunton Deane 003",,,3601,2294,1307,109,130,97,91,58,65,261,374,122
"K","South West","40","Somerset","40UE","Taunton Deane","E02006102","Taunton Deane 004",,,5036,3056,1980,152,185,133,122,113,112,435,525,203
"K","South West","40","Somerset","40UE","Taunton Deane","E02006103","Taunton Deane 005",,,5122,3324,1798,142,179,147,110,97,82,373,513,155
"K","South West","40","Somerset","40UE","Taunton Deane","E02006104","Taunton Deane 006",,,5317,3823,1494,126,159,103,91,69,69,283,446,148
"K","South West","40","Somerset","40UE","Taunton Deane","E02006105","Taunton Deane 007",,,6351,4492,1859,209,242,141,101,95,77,309,444,241
"K","South West","40","Somerset","40UE","Taunton Deane","E02006106","Taunton Deane 008",,,5129,3628,1501,116,190,120,81,53,71,293,407,170
"K","South West","40","Somerset","40UE","Taunton Deane","E02006107","Taunton Deane 009",,,5628,3475,2153,185,299,164,134,103,113,393,478,284
"K","South West","40","Somerset","40UE","Taunton Deane","E02006108","Taunton Deane 010",,,5177,3093,2084,164,241,142,104,90,93,375,563,312
"K","South West","40","Somerset","40UE","Taunton Deane","E02006109","Taunton Deane 011",,,5630,3614,2016,161,251,150,91,88,86,411,607,171
"K","South West","40","Somerset","40UE","Taunton Deane","E02006110","Taunton Deane 012",,,5022,3327,1695,151,170,141,95,91,80,350,444,173
"K","South West","40","Somerset","40UE","Taunton Deane","E02006111","Taunton Deane 013",,,6906,4476,2430,183,247,190,155,117,113,480,692,253
"K","South West","40","Somerset","40UE","Taunton Deane","E02006112","Taunton Deane 014",,,5165,3475,1690,147,168,112,88,78,87,339,523,148
"K","South West","40","Somerset","40UF","West Somerset","E02006113","West Somerset 001",,,4630,2790,1840,137,224,128,124,82,81,351,553,160
"K","South West","40","Somerset","40UF","West Somerset","E02006114","West Somerset 002",,,4911,2810,2101,146,195,150,126,120,98,449,691,126
"K","South West","40","Somerset","40UF","West Somerset","E02006115","West Somerset 003",,,5278,2985,2293,145,235,180,230,111,103,479,603,207
"K","South West","40","Somerset","40UF","West Somerset","E02006116","West Somerset 004",,,5680,3319,2361,155,239,157,168,128,110,473,740,191
"K","South West","40","Somerset","40UF","West Somerset","E02006117","West Somerset 005",,,4306,2489,1817,139,157,138,113,103,95,362,570,140
"K","South West","46","Wiltshire","46UB","Kennet","E02006634","Kennet 001",,,5933,4200,1733,143,190,143,108,103,67,334,492,153
"K","South West","46","Wiltshire","46UB","Kennet","E02006635","Kennet 002",,,5538,3605,1933,152,260,116,103,87,80,316,318,501
"K","South West","46","Wiltshire","46UB","Kennet","E02006636","Kennet 003",,,4526,3048,1478,116,163,93,95,74,61,310,421,145
"K","South West","46","Wiltshire","46UB","Kennet","E02006637","Kennet 004",,,5289,3678,1611,123,184,117,118,82,103,375,380,129
"K","South West","46","Wiltshire","46UB","Kennet","E02006638","Kennet 005",,,4397,2836,1561,132,183,120,116,71,84,310,402,143
"K","South West","46","Wiltshire","46UB","Kennet","E02006639","Kennet 006",,,5844,3700,2144,164,250,160,160,129,98,422,508,253
"K","South West","46","Wiltshire","46UB","Kennet","E02006640","Kennet 007",,,4913,3360,1553,132,201,126,91,68,92,307,416,120
"K","South West","46","Wiltshire","46UB","Kennet","E02006641","Kennet 008",,,4876,3318,1558,145,187,112,100,80,71,265,367,231
"K","South West","46","Wiltshire","46UB","Kennet","E02006642","Kennet 009",,,4145,2977,1168,114,145,84,66,52,57,225,309,116
"K","South West","46","Wiltshire","46UB","Kennet","E02006643","Kennet 010",,,8425,6849,1576,198,277,161,124,80,92,249,269,126
"K","South West","46","Wiltshire","46UC","North Wiltshire","E02006644","North Wiltshire 001",,,4802,3465,1337,121,172,114,79,62,68,223,377,121
"K","South West","46","Wiltshire","46UC","North Wiltshire","E02006645","North Wiltshire 002",,,4535,3238,1297,129,153,91,81,62,52,255,337,137
"K","South West","46","Wiltshire","46UC","North Wiltshire","E02006646","North Wiltshire 003",,,3830,2617,1213,92,138,97,78,56,72,237,350,93
"K","South West","46","Wiltshire","46UC","North Wiltshire","E02006647","North Wiltshire 004",,,4237,2998,1239,115,141,106,76,70,55,233,354,89
"K","South West","46","Wiltshire","46UC","North Wiltshire","E02006648","North Wiltshire 005",,,3721,2604,1117,115,131,78,59,54,48,207,307,118
"K","South West","46","Wiltshire","46UC","North Wiltshire","E02006649","North Wiltshire 006",,,4603,3263,1340,156,156,95,75,65,68,252,342,131
"K","South West","46","Wiltshire","46UC","North Wiltshire","E02006650","North Wiltshire 007",,,8774,6725,2049,221,272,185,145,111,87,379,478,171
"K","South West","46","Wiltshire","46UC","North Wiltshire","E02006651","North Wiltshire 008",,,4814,3440,1374,115,165,105,97,61,73,252,378,128
"K","South West","46","Wiltshire","46UC","North Wiltshire","E02006652","North Wiltshire 009",,,6135,4518,1617,153,197,143,101,91,61,319,388,164
"K","South West","46","Wiltshire","46UC","North Wiltshire","E02006653","North Wiltshire 010",,,6766,5108,1658,146,207,137,115,99,66,366,363,159
"K","South West","46","Wiltshire","46UC","North Wiltshire","E02006654","North Wiltshire 011",,,5681,3670,2011,180,230,159,140,97,84,444,482,195
"K","South West","46","Wiltshire","46UC","North Wiltshire","E02006655","North Wiltshire 012",,,4608,3250,1358,125,173,110,74,81,42,260,370,123
"K","South West","46","Wiltshire","46UC","North Wiltshire","E02006656","North Wiltshire 013",,,4745,3811,934,150,122,86,48,51,41,163,181,92
"K","South West","46","Wiltshire","46UC","North Wiltshire","E02006657","North Wiltshire 014",,,4724,3229,1495,138,183,109,83,74,73,261,366,208
"K","South West","46","Wiltshire","46UC","North Wiltshire","E02006658","North Wiltshire 015",,,5052,3580,1472,163,175,129,108,69,77,300,330,121
"K","South West","46","Wiltshire","46UC","North Wiltshire","E02006659","North Wiltshire 016",,,5032,3647,1385,157,190,108,107,80,53,239,343,108
"K","South West","46","Wiltshire","46UC","North Wiltshire","E02006660","North Wiltshire 017",,,7910,5355,2555,248,319,189,145,120,117,533,665,219
"K","South West","46","Wiltshire","46UD","Salisbury","E02006661","Salisbury 001",,,6824,5544,1280,145,249,124,96,71,54,200,236,105
"K","South West","46","Wiltshire","46UD","Salisbury","E02006662","Salisbury 002",,,4437,3262,1175,105,117,84,76,75,58,263,274,123
"K","South West","46","Wiltshire","46UD","Salisbury","E02006663","Salisbury 003",,,6375,4709,1666,132,189,156,130,77,92,378,373,139
"K","South West","46","Wiltshire","46UD","Salisbury","E02006664","Salisbury 004",,,4779,3235,1544,141,178,104,92,69,88,351,424,97
"K","South West","46","Wiltshire","46UD","Salisbury","E02006665","Salisbury 005",,,4419,2825,1594,105,176,139,108,83,76,278,513,116
"K","South West","46","Wiltshire","46UD","Salisbury","E02006666","Salisbury 006",,,3803,2663,1140,101,111,75,71,58,58,248,324,94
"K","South West","46","Wiltshire","46UD","Salisbury","E02006667","Salisbury 007",,,4349,2940,1409,128,185,121,122,49,61,269,316,158
"K","South West","46","Wiltshire","46UD","Salisbury","E02006668","Salisbury 008",,,4390,2969,1421,121,163,88,99,57,63,295,397,138
"K","South West","46","Wiltshire","46UD","Salisbury","E02006669","Salisbury 009",,,7137,4837,2300,183,253,156,157,111,106,504,685,145
"K","South West","46","Wiltshire","46UD","Salisbury","E02006670","Salisbury 010",,,4686,3604,1082,113,137,82,70,63,44,218,256,99
"K","South West","46","Wiltshire","46UD","Salisbury","E02006671","Salisbury 011",,,4561,3243,1318,128,159,91,66,61,54,266,302,191
"K","South West","46","Wiltshire","46UD","Salisbury","E02006672","Salisbury 012",,,3963,2581,1382,102,142,103,86,59,68,302,392,128
"K","South West","46","Wiltshire","46UD","Salisbury","E02006673","Salisbury 013",,,3571,2351,1220,105,116,90,74,65,63,234,399,74
"K","South West","46","Wiltshire","46UD","Salisbury","E02006674","Salisbury 014",,,3723,2609,1114,105,138,83,55,66,61,232,279,95
"K","South West","46","Wiltshire","46UD","Salisbury","E02006675","Salisbury 015",,,5507,3774,1733,124,197,129,103,93,81,366,500,140
"K","South West","46","Wiltshire","46UD","Salisbury","E02006676","Salisbury 016",,,4206,2621,1585,103,169,126,83,92,67,262,512,171
"K","South West","46","Wiltshire","46UD","Salisbury","E02006677","Salisbury 017",,,5429,3701,1728,130,215,127,124,84,75,346,499,128
"K","South West","46","Wiltshire","46UF","West Wiltshire","E02006678","West Wiltshire 001",,,4985,3534,1451,121,220,115,111,74,80,291,342,97
"K","South West","46","Wiltshire","46UF","West Wiltshire","E02006679","West Wiltshire 002",,,6255,4290,1965,161,216,182,141,106,108,384,446,221
"K","South West","46","Wiltshire","46UF","West Wiltshire","E02006680","West Wiltshire 003",,,4961,3466,1495,124,191,116,90,79,74,309,375,137
"K","South West","46","Wiltshire","46UF","West Wiltshire","E02006681","West Wiltshire 004",,,4102,2619,1483,109,173,101,86,84,80,304,436,110
"K","South West","46","Wiltshire","46UF","West Wiltshire","E02006682","West Wiltshire 005",,,6632,4388,2244,199,261,169,150,95,107,469,597,197
"K","South West","46","Wiltshire","46UF","West Wiltshire","E02006683","West Wiltshire 006",,,3966,2748,1218,129,158,103,67,69,73,257,273,89
"K","South West","46","Wiltshire","46UF","West Wiltshire","E02006684","West Wiltshire 007",,,3741,2491,1250,123,159,94,51,69,63,226,336,129
"K","South West","46","Wiltshire","46UF","West Wiltshire","E02006685","West Wiltshire 008",,,4230,2970,1260,112,132,82,97,58,56,263,341,119
"K","South West","46","Wiltshire","46UF","West Wiltshire","E02006686","West Wiltshire 009",,,3641,2470,1171,87,151,97,77,52,56,250,262,139
"K","South West","46","Wiltshire","46UF","West Wiltshire","E02006687","West Wiltshire 010",,,4456,3175,1281,126,165,128,67,72,62,223,267,171
"K","South West","46","Wiltshire","46UF","West Wiltshire","E02006688","West Wiltshire 011",,,3964,2824,1140,120,139,82,76,66,60,256,233,108
"K","South West","46","Wiltshire","46UF","West Wiltshire","E02006689","West Wiltshire 012",,,4479,3041,1438,113,164,93,86,88,82,276,394,142
"K","South West","46","Wiltshire","46UF","West Wiltshire","E02006690","West Wiltshire 013",,,4809,3222,1587,138,218,131,96,71,72,283,402,176
"K","South West","46","Wiltshire","46UF","West Wiltshire","E02006691","West Wiltshire 014",,,6947,4840,2107,202,314,171,136,98,100,392,508,186
"K","South West","46","Wiltshire","46UF","West Wiltshire","E02006692","West Wiltshire 015",,,4064,2847,1217,118,165,100,81,70,42,259,304,78
"K","South West","46","Wiltshire","46UF","West Wiltshire","E02006693","West Wiltshire 016",,,4163,3018,1145,116,145,80,63,60,65,237,264,115
"K","South West","46","Wiltshire","46UF","West Wiltshire","E02006694","West Wiltshire 017",,,4093,2717,1376,113,150,107,71,68,74,280,361,152
"K","South West","46","Wiltshire","46UF","West Wiltshire","E02006695","West Wiltshire 018",,,4622,3061,1561,111,159,111,110,100,69,326,458,117