DATASET_TITLE,Number of People Living in Households (UV51),,,,FROM,Apr-2001,Apr-2001,Apr-2001,Apr-2001,Apr-2001,Apr-2001,Apr-2001,Apr-2001,Apr-2001
AREA_TYPE,County,,,,TO,Apr-2001,Apr-2001,Apr-2001,Apr-2001,Apr-2001,Apr-2001,Apr-2001,Apr-2001,Apr-2001
GEO_HIERARCHY,NeSS Geography Hierarchy,,,,HEADING,All Occupied Household Spaces,1 person living in Household,2 people living in Household,3 people living in Household,4 people living in Household,5 people living in Household,6 people living in Household,7 people living in Household,8 or more people living in Household
,,,,,MEASUREMENT_UNIT,Count,Count,Count,Count,Count,Count,Count,Count,Count
,,,,,STATISTICAL_UNIT,Households,Households,Households,Households,Households,Households,Households,Households,Households
GOR_CODE,GOR_NAME,CTY_CODE,CTY_NAME,AREA_METADATA,,DATA_VALUE,DATA_VALUE,DATA_VALUE,DATA_VALUE,DATA_VALUE,DATA_VALUE,DATA_VALUE,DATA_VALUE,DATA_VALUE
"J","South East","11","Buckinghamshire",,,188086,46812,66557,30514,28998,10847,3198,682,478
"J","South East","21","East Sussex",,,214638,69712,79368,28202,24489,9783,2299,543,242
"J","South East","24","Hampshire",,,502706,129186,186910,78566,75056,24910,6344,1202,532
"J","South East","29","Kent",,,546742,153797,195570,83803,75723,27943,7287,1806,813
"J","South East","38","Oxfordshire",,,241218,65302,85962,38885,34324,12236,3432,683,394
"J","South East","43","Surrey",,,433176,122472,152893,66050,61842,22800,5624,994,501
"J","South East","45","West Sussex",,,320915,96617,119111,44634,41259,14298,3885,773,338