DATASET_TITLE,Ethnic Group (UV09),,,,,,FROM,Apr-2001,Apr-2001,Apr-2001,Apr-2001,Apr-2001,Apr-2001,Apr-2001,Apr-2001,Apr-2001,Apr-2001,Apr-2001,Apr-2001,Apr-2001,Apr-2001,Apr-2001,Apr-2001,Apr-2001,Apr-2001,Apr-2001,Apr-2001,Apr-2001,Apr-2001
AREA_TYPE,Local Authority,,,,,,TO,Apr-2001,Apr-2001,Apr-2001,Apr-2001,Apr-2001,Apr-2001,Apr-2001,Apr-2001,Apr-2001,Apr-2001,Apr-2001,Apr-2001,Apr-2001,Apr-2001,Apr-2001,Apr-2001,Apr-2001,Apr-2001,Apr-2001,Apr-2001,Apr-2001,Apr-2001
GEO_HIERARCHY,NeSS Geography Hierarchy,,,,,,HEADING,All People,White,White: British,White: Irish,White: Other White,Mixed,Mixed: White and Black Caribbean,Mixed: White and Black African,Mixed: White and Asian,Mixed: Other Mixed,Asian or Asian British,Asian or Asian British: Indian,Asian or Asian British: Pakistani,Asian or Asian British: Bangladeshi,Asian or Asian British: Other Asian,Black or Black British,Black or Black British: Caribbean,Black or Black British: African,Black or Black British: Other Black,Chinese or Other Ethnic Group,Chinese or Other Ethnic Group: Chinese,Chinese or Other Ethnic Group: Other Ethnic Group
,,,,,,,MEASUREMENT_UNIT,Count,Count,Count,Count,Count,Count,Count,Count,Count,Count,Count,Count,Count,Count,Count,Count,Count,Count,Count,Count,Count,Count
,,,,,,,STATISTICAL_UNIT,Persons,Persons,Persons,Persons,Persons,Persons,Persons,Persons,Persons,Persons,Persons,Persons,Persons,Persons,Persons,Persons,Persons,Persons,Persons,Persons,Persons,Persons
GOR_CODE,GOR_NAME,CTY_CODE,CTY_NAME,LA_CODE,LA_NAME,AREA_METADATA,,DATA_VALUE,DATA_VALUE,DATA_VALUE,DATA_VALUE,DATA_VALUE,DATA_VALUE,DATA_VALUE,DATA_VALUE,DATA_VALUE,DATA_VALUE,DATA_VALUE,DATA_VALUE,DATA_VALUE,DATA_VALUE,DATA_VALUE,DATA_VALUE,DATA_VALUE,DATA_VALUE,DATA_VALUE,DATA_VALUE,DATA_VALUE,DATA_VALUE
"D","Yorkshire and The Humber",,,"00CC","Barnsley",,,218063,216069,213954,764,1351,756,279,84,236,157,676,412,136,29,99,164,69,67,28,398,246,152
"D","Yorkshire and The Humber",,,"00CE","Doncaster",,,286866,280239,276828,1491,1920,1759,827,203,444,285,3072,1247,1503,60,262,1049,736,229,84,747,523,224
"D","Yorkshire and The Humber",,,"00CF","Rotherham",,,248175,240463,238095,1063,1305,1210,352,104,488,266,5530,497,4704,26,303,400,180,180,40,572,303,269
"D","Yorkshire and The Humber",,,"00CG","Sheffield",,,513234,468217,457728,3337,7152,8228,3704,711,2085,1728,23382,3030,15844,1910,2598,9142,5171,3294,677,4265,2201,2064
"D","Yorkshire and The Humber",,,"00CX","Bradford",,,467665,366041,355684,3479,6878,6937,2611,449,2926,951,88397,12504,67994,4967,2932,4333,3038,970,325,1957,896,1061
"D","Yorkshire and The Humber",,,"00CY","Calderdale",,,192405,178981,174775,2082,2124,1546,613,96,547,290,10950,814,9442,300,394,437,259,128,50,491,287,204
"D","Yorkshire and The Humber",,,"00CZ","Kirklees",,,388567,332659,325348,3458,3853,5414,2927,268,1557,662,44105,15829,26536,388,1352,5246,4203,476,567,1143,611,532
"D","Yorkshire and The Humber",,,"00DA","Leeds",,,715402,657082,637872,8578,10632,9737,4603,885,2516,1733,32290,12303,15064,2537,2386,10318,6718,2435,1165,5975,3447,2528
"D","Yorkshire and The Humber",,,"00DB","Wakefield",,,315172,308050,304734,1262,2054,1447,509,144,503,291,4431,980,3174,21,256,437,191,207,39,807,493,314
"D","Yorkshire and The Humber",,,"00FA","Kingston upon Hull, City of",,,243589,237939,234716,761,2462,1619,340,338,453,488,1907,613,509,387,398,872,155,640,77,1252,749,503
"D","Yorkshire and The Humber",,,"00FB","East Riding of Yorkshire",,,314113,310293,306517,1073,2703,1296,254,207,497,338,1485,919,259,86,221,347,120,191,36,692,401,291
"D","Yorkshire and The Humber",,,"00FC","North East Lincolnshire",,,157979,155742,154066,546,1130,732,163,127,262,180,843,418,132,152,141,244,59,172,13,418,248,170
"D","Yorkshire and The Humber",,,"00FD","North Lincolnshire",,,152849,149092,146801,984,1307,626,139,59,296,132,2423,853,417,1023,130,267,52,186,29,441,291,150
"D","Yorkshire and The Humber",,,"00FF","York",,,181094,177191,172237,1217,3737,1144,248,114,456,326,1385,542,201,364,278,341,143,164,34,1033,642,391
"D","Yorkshire and The Humber","36","North Yorkshire","36UB","Craven",,,53622,52842,52001,241,600,203,58,22,74,49,359,45,270,16,28,47,21,23,3,171,116,55
"D","Yorkshire and The Humber","36","North Yorkshire","36UC","Hambleton",,,84111,83479,82426,324,729,324,75,29,131,89,126,64,28,5,29,44,23,15,6,138,84,54
"D","Yorkshire and The Humber","36","North Yorkshire","36UD","Harrogate",,,151336,148981,143472,848,4661,993,236,105,371,281,347,185,58,30,74,350,90,132,128,665,413,252
"D","Yorkshire and The Humber","36","North Yorkshire","36UE","Richmondshire",,,47009,46186,45475,245,466,226,82,28,66,50,432,30,7,0,395,58,27,16,15,107,50,57
"D","Yorkshire and The Humber","36","North Yorkshire","36UF","Ryedale",,,50869,50552,49774,241,537,144,29,20,64,31,34,26,8,0,0,36,6,24,6,103,64,39
"D","Yorkshire and The Humber","36","North Yorkshire","36UG","Scarborough",,,106243,105214,103775,399,1040,441,72,83,158,128,207,107,38,26,36,86,28,52,6,295,160,135
"D","Yorkshire and The Humber","36","North Yorkshire","36UH","Selby",,,76470,75951,75116,342,493,213,66,18,88,41,103,75,6,3,19,46,19,24,3,157,115,42