DATASET_TITLE,Industry of Employment (UV34),,,,FROM,Apr-2001,Apr-2001,Apr-2001,Apr-2001,Apr-2001,Apr-2001,Apr-2001,Apr-2001,Apr-2001,Apr-2001,Apr-2001,Apr-2001,Apr-2001,Apr-2001,Apr-2001,Apr-2001,Apr-2001,Apr-2001
AREA_TYPE,County,,,,TO,Apr-2001,Apr-2001,Apr-2001,Apr-2001,Apr-2001,Apr-2001,Apr-2001,Apr-2001,Apr-2001,Apr-2001,Apr-2001,Apr-2001,Apr-2001,Apr-2001,Apr-2001,Apr-2001,Apr-2001,Apr-2001
GEO_HIERARCHY,NeSS Geography Hierarchy,,,,HEADING,All People,"A. Agriculture, hunting and forestry",B. Fishing,C. Mining and quarrying,D. Manufacturing,"E. Electricity, gas and water supply",F. Construction,"G. Wholesale and retail trade, repairs",H. Hotels and restaurants,"I. Transport, storage and communications",J. Financial intermediation,"K. Real estate, renting and business activities","L. Public administration and defence, social security",M. Education,N. Health and social work,"O. Other community, social and personal service activities",P. Private households with employed persons,Q. Extra-territorial organisations and bodies
,,,,,MEASUREMENT_UNIT,Count,Count,Count,Count,Count,Count,Count,Count,Count,Count,Count,Count,Count,Count,Count,Count,Count,Count
,,,,,STATISTICAL_UNIT,Persons,Persons,Persons,Persons,Persons,Persons,Persons,Persons,Persons,Persons,Persons,Persons,Persons,Persons,Persons,Persons,Persons,Persons
GOR_CODE,GOR_NAME,CTY_CODE,CTY_NAME,AREA_METADATA,,DATA_VALUE,DATA_VALUE,DATA_VALUE,DATA_VALUE,DATA_VALUE,DATA_VALUE,DATA_VALUE,DATA_VALUE,DATA_VALUE,DATA_VALUE,DATA_VALUE,DATA_VALUE,DATA_VALUE,DATA_VALUE,DATA_VALUE,DATA_VALUE,DATA_VALUE,DATA_VALUE
"K","South West","15","Cornwall and Isles of Scilly",,,214260,8991,752,2815,23790,1153,17349,38912,18712,11164,4016,18736,15349,15931,25347,10860,197,186
"K","South West","18","Devon",,,314267,14345,357,1015,38295,2762,24345,54840,20713,17681,8125,31158,20529,25449,39079,15132,364,78
"K","South West","19","Dorset",,,172441,5746,164,524,22287,730,13775,28612,10136,8757,6513,18496,14939,13740,19127,8594,269,32
"K","South West","23","Gloucestershire",,,272945,6341,85,631,47807,3078,18681,43414,12729,14638,13538,34058,17359,20144,27804,12123,428,87
"K","South West","40","Somerset",,,230712,8554,56,934,38252,1896,17710,42751,11734,12110,5262,22644,14332,18174,25760,10248,245,50
"K","South West","46","Wiltshire",,,217278,6069,74,325,31860,1116,14256,34021,9505,12911,7513,27288,26870,15476,19983,9440,421,150