DATASET_TITLE,"Social Rented Housing: Demand and Supply, 2003/2004",,,,,,,,,,FROM,Apr-2003,Apr-2003,Apr-2003,Apr-2003,Apr-2003,Apr-2003,Apr-2003,Apr-2003,Apr-2003,Apr-2003,Apr-2003,Apr-2003,Apr-2003,Apr-2003
AREA_TYPE,Region,,,,,,,,,,TO,Mar-2004,Mar-2004,Mar-2004,Mar-2004,Mar-2004,Mar-2004,Mar-2004,Mar-2004,Mar-2004,Mar-2004,Mar-2004,Mar-2004,Mar-2004,Mar-2004
GEO_HIERARCHY,NeSS Geography Hierarchy,,,,,,,,,,HEADING,All Households on the LA Register,Households on the LA Register Requiring up to and Including 2 Bedrooms,Households on the LA Register Requiring up to and Including 2 Bedrooms,Households on the LA Register Requiring 3 Bedrooms,Households on the LA Register Requiring 3 Bedrooms,Households on the LA Register Requiring More than 3 Bedrooms,Households on the LA Register Requiring More than 3 Bedrooms,Households on the LA Register Requiring an Unspecified Number of Bedrooms,Households on the LA Register Requiring an Unspecified Number of Bedrooms,LA Dwellings Let with 2 or More Bedrooms,LA Dwellings Let with 2 or More Bedrooms,RSL Dwellings Let,LA Dwellings Let,RSL and LA Dwellings Let
,,,,,,,,,,,MEASUREMENT_UNIT,Count,Count,Percentage,Count,Percentage,Count,Percentage,Count,Percentage,Count,Percentage,Count,Count,Count
,,,,,,,,,,,STATISTICAL_UNIT,Households,Households,Households,Households,Households,Households,Households,Households,Households,Dwellings,Dwellings,Dwellings,Dwellings,Dwellings
UK_CODE,UK_NAME,GB_CODE,GB_NAME,EW_CODE,EW_NAME,CTRY_CODE,CTRY_NAME,GOR_CODE,GOR_NAME,AREA_METADATA,,DATA_VALUE,DATA_VALUE,DATA_VALUE,DATA_VALUE,DATA_VALUE,DATA_VALUE,DATA_VALUE,DATA_VALUE,DATA_VALUE,DATA_VALUE,DATA_VALUE,DATA_VALUE,DATA_VALUE,DATA_VALUE
"213","United Kingdom","078","Great Britain","727","England and Wales","064","England",,,,,1434031,1069199,74.6,203726,14.2,47503,3.3,55062,3.8,119287,52.2,141873,228553,370426
"213","United Kingdom","078","Great Britain","727","England and Wales","064","England","A","North East",,,105953,59596,56.2,17052,16.1,2547,2.4,9218,8.7,14557,68.2,9109,21346,30455
"213","United Kingdom","078","Great Britain","727","England and Wales","064","England","B","North West",,,177836,146267,82.2,21072,11.8,5923,3.3,2477,1.4,18683,51.2,29281,36481,65762
"213","United Kingdom","078","Great Britain","727","England and Wales","064","England","D","Yorkshire and The Humber",,,197646,117608,59.5,35872,18.1,4537,2.3,8916,4.5,21125,56.9,15213,37112,52325
"213","United Kingdom","078","Great Britain","727","England and Wales","064","England","E","East Midlands",,,126404,83127,65.8,19730,15.6,3011,2.4,16841,13.3,11298,50.4,10195,22398,32593
"213","United Kingdom","078","Great Britain","727","England and Wales","064","England","F","West Midlands",,,119588,87814,73.4,19976,16.7,7542,6.3,4256,3.6,14192,56.6,19938,25092,45030
"213","United Kingdom","078","Great Britain","727","England and Wales","064","England","G","East of England",,,134305,104815,78,19339,14.4,5735,4.3,4416,3.3,9510,47,12974,20223,33197
"213","United Kingdom","078","Great Britain","727","England and Wales","064","England","H","London",,,279729,233673,83.5,33182,11.9,11085,4,1789,.6,14778,45.8,14906,32252,47158
"213","United Kingdom","078","Great Britain","727","England and Wales","064","England","J","South East",,,168725,134802,79.9,21309,12.6,4122,2.4,3996,2.4,7626,38.6,17839,19767,37606
"213","United Kingdom","078","Great Britain","727","England and Wales","064","England","K","South West",,,123845,101497,82,16194,13.1,3001,2.4,3153,2.5,7518,54.2,12418,13882,26300