DATASET_TITLE,"Domestic Energy Consumption, 2009",,,,,
GEO_HIERARCHY,NeSS Geography Hierarchy,,,,,
,,,,,,
,,,,,,
AREA_NAME,AREA_CODE,FROM,TO,HEADING,FOOTNOTE_NUMBER,FOOTNOTE_TEXT
,,,,,,
"Note: Some LLSOA and MLSOA are grouped in our data and therefore the consumption and number of meters has been split evenly between the number of LLSOA and MLSOAs within that ""group"".",,,,,,
"Note: All unallocated LLSOAs have been listed at the bottom of the LSOA tab, along with their corresponding MLSOA.",,,,,,
