DATASET_TITLE,"GCE/VCE/Applied A/AS and Equivalent Examination Results (Level 3) for Young People by Gender in England (Referenced by Location of Educational Institution), 2005/2006",,,,,,FROM,Sep-2005,Sep-2005,Sep-2005,Sep-2005,Sep-2005,Sep-2005,Sep-2005,Sep-2005,Sep-2005
AREA_TYPE,Local Authority,,,,,,TO,Aug-2006,Aug-2006,Aug-2006,Aug-2006,Aug-2006,Aug-2006,Aug-2006,Aug-2006,Aug-2006
GEO_HIERARCHY,NeSS Geography Hierarchy,,,,,,HEADING,16-18 Year Old Students Entered for Level 3 Qualifications; Total,Average Level 3 QCA Point Score Per Student,Average Level 3 QCA Point Score Per Entry; All Students,16-18 Year Old Students Entered for Level 3 Qualifications; Male,Average Level 3 QCA Point Score Per Male Student,Average Level 3 QCA Point Score Per Entry; Male Students,16-18 Year Old Students Entered for Level 3 Qualifications; Female,Average Level 3 QCA Point Score Per Female Student,Average Level 3 QCA Point Score Per Entry; Female Students
,,,,,,,MEASUREMENT_UNIT,Count,Score,Score,Count,Score,Score,Count,Score,Score
,,,,,,,STATISTICAL_UNIT,Persons,Persons,Persons,Persons,Persons,Persons,Persons,Persons,Persons
GOR_CODE,GOR_NAME,CTY_CODE,CTY_NAME,LA_CODE,LA_NAME,AREA_METADATA,,DATA_VALUE,DATA_VALUE,DATA_VALUE,DATA_VALUE,DATA_VALUE,DATA_VALUE,DATA_VALUE,DATA_VALUE,DATA_VALUE
"A","North East",,,"00CH","Gateshead",,,998,632.5,200.9,441,609,195,557,651.1,205.5
"A","North East",,,"00CJ","Newcastle upon Tyne",,,1466,625.3,197.3,671,617,196.1,795,632.2,198.2
"A","North East",,,"00CK","North Tyneside",,,912,670.9,196.4,413,640.9,189,499,695.7,202.5
"A","North East",,,"00CL","South Tyneside",,,685,592,200.5,319,560,195.3,366,620,204.8
"A","North East",,,"00CM","Sunderland",,,1154,793.4,192.6,503,786.3,189.3,651,798.9,195.1
"A","North East",,,"00EB","Hartlepool",,,504,672.6,192.9,257,627.9,187.9,247,719.1,197.6
"A","North East",,,"00EC","Middlesbrough",,,915,650.9,194.4,418,630.6,192.3,497,667.9,196.1
"A","North East",,,"00EE","Redcar and Cleveland",,,825,721.7,198.5,392,685.9,194.4,433,754,202
"A","North East",,,"00EF","Stockton-on-Tees",,,892,696.7,201.7,405,697.8,200.7,487,695.8,202.5
"A","North East",,,"00EH","Darlington",,,990,774.8,208.9,465,725,203.9,525,818.8,213
"A","North East","20","Durham","20UB","Chester-le-Street",,,225,766.6,202.8,121,747.6,200.5,104,788.6,205.6
"A","North East","20","Durham","20UD","Derwentside",,,219,576.3,186.3,101,576.4,185.2,118,576.2,187.4
"A","North East","20","Durham","20UE","Durham",,,1118,676.2,204.7,507,663.7,203.4,611,686.5,205.8
"A","North East","20","Durham","20UF","Easington",,,186,561.5,203.3,84,504.5,189.5,102,608.4,213.9
"A","North East","20","Durham","20UG","Sedgefield",,,47,672.1,190.9,23,633.3,182.1,24,709.4,199.1
"A","North East","20","Durham","20UH","Teesdale",,,68,728.2,208,31,689,206.4,37,760.9,209.3
"A","North East","20","Durham","20UJ","Wear Valley",,,255,608.2,193.4,102,592.2,191.8,153,618.9,194.4
"A","North East","35","Northumberland","35UB","Alnwick",,,164,668.9,203.7,73,637.6,196.8,91,694,209.1
"A","North East","35","Northumberland","35UC","Berwick-upon-Tweed",,,39,688.8,195.4,15,669,184.1,24,701.3,202.8
"A","North East","35","Northumberland","35UD","Blyth Valley",,,263,680.7,188.8,122,634.7,179.6,141,720.6,196.4
"A","North East","35","Northumberland","35UE","Castle Morpeth",,,369,721.1,200.1,195,671.7,189.3,174,776.4,211.9
"A","North East","35","Northumberland","35UF","Tynedale",,,376,787.6,203,172,770.4,199.4,204,802.2,206
"A","North East","35","Northumberland","35UG","Wansbeck",,,458,582.3,194,194,515.9,181.3,264,631.1,202.6
"B","North West",,,"00BL","Bolton",,,1018,689.5,194.6,464,637.2,185,554,733.2,202.3
"B","North West",,,"00BM","Bury",,,1535,761,202,694,748.1,197.1,841,771.5,206
"B","North West",,,"00BN","Manchester",,,1999,658.5,209.6,858,656.4,206.4,1141,660,212.1
"B","North West",,,"00BP","Oldham",,,1447,672.1,205.5,640,630,196.4,807,705.5,212.5
"B","North West",,,"00BQ","Rochdale",,,756,588.2,188.2,363,547.3,184.8,393,626,191.1
"B","North West",,,"00BR","Salford",,,1023,650.7,201.8,441,620,194.8,582,673.9,206.9
"B","North West",,,"00BS","Stockport",,,2089,690.5,200.2,968,648.6,192.4,1121,726.6,206.8
"B","North West",,,"00BT","Tameside",,,1042,725.2,192.3,420,725.1,188,622,725.3,195.3
"B","North West",,,"00BU","Trafford",,,1388,825,214.6,698,791.9,210.4,690,858.4,218.8
"B","North West",,,"00BW","Wigan",,,1938,769,200.8,822,734.5,195.5,1116,794.4,204.6
"B","North West",,,"00BX","Knowsley",,,356,542.6,185.1,147,501.9,175.5,209,571.2,191.6
"B","North West",,,"00BY","Liverpool",,,2212,632.5,192.2,950,637.1,189.2,1262,629.1,194.5
"B","North West",,,"00BZ","St. Helens",,,1202,706,198.5,521,679.3,194.3,681,726.4,201.5
"B","North West",,,"00CA","Sefton",,,1940,716.9,192.5,854,710.6,187.7,1086,721.8,196.5
"B","North West",,,"00CB","Wirral",,,1936,729.3,199.5,874,725.7,195.6,1062,732.2,202.8
"B","North West",,,"00ET","Halton",,,669,670.2,185.5,311,642.6,181.3,358,694.3,189
"B","North West",,,"00EU","Warrington",,,1170,709.4,202.1,530,690.5,197.3,640,725.1,206
"B","North West",,,"00EX","Blackburn with Darwen",,,1123,632.4,200.6,458,608.8,197.3,665,648.6,202.8
"B","North West",,,"00EY","Blackpool",,,838,737.5,191.7,366,709.9,188,472,758.9,194.5
"B","North West","13","Cheshire","13UB","Chester",,,744,698.4,207.6,342,668.6,202.9,402,723.8,211.5
"B","North West","13","Cheshire","13UC","Congleton",,,434,748.4,200.1,167,693.1,191.1,267,782.9,205.5
"B","North West","13","Cheshire","13UD","Crewe and Nantwich",,,794,661,201.6,372,614.2,193,422,702.3,208.8
"B","North West","13","Cheshire","13UE","Ellesmere Port & Neston",,,310,660.3,189.4,126,625.4,180.9,184,684.2,195
"B","North West","13","Cheshire","13UG","Macclesfield",,,894,703.4,205.6,441,669.6,196.6,453,736.4,214.3
"B","North West","13","Cheshire","13UH","Vale Royal",,,1200,835.8,209.4,591,782.1,203.3,609,887.8,214.9
"B","North West","16","Cumbria","16UB","Allerdale",,,546,716,195.4,248,668,189.4,298,756,200.1
"B","North West","16","Cumbria","16UC","Barrow-in-Furness",,,443,699.8,196.8,196,633.8,193.1,247,752.1,199.4
"B","North West","16","Cumbria","16UD","Carlisle",,,515,686.9,189.6,238,623.3,178.4,277,741.6,198.5
"B","North West","16","Cumbria","16UE","Copeland",,,279,685,190,114,628.9,177.9,165,723.7,198.1
"B","North West","16","Cumbria","16UF","Eden",,,242,794.7,216.8,106,785.1,211,136,802.3,221.5
"B","North West","16","Cumbria","16UG","South Lakeland",,,611,759.5,210.9,289,758,208.8,322,760.8,212.8
"B","North West","30","Lancashire","30UD","Burnley",,,506,670.2,194.8,234,669.5,191.3,272,670.7,198
"B","North West","30","Lancashire","30UE","Chorley",,,116,510.8,165.9,57,465.8,153.8,59,554.2,177.2
"B","North West","30","Lancashire","30UF","Fylde",,,210,737.3,191.4,94,693.3,180.3,116,773,200.4
"B","North West","30","Lancashire","30UG","Hyndburn",,,148,603.9,211.5,87,648.7,211.1,61,539.9,212.1
"B","North West","30","Lancashire","30UH","Lancaster",,,842,812.4,206,382,812.7,203.1,460,812.1,208.4
"B","North West","30","Lancashire","30UJ","Pendle",,,319,676,189.5,147,630.5,183,172,714.8,194.7
"B","North West","30","Lancashire","30UK","Preston",,,1309,773.8,207.6,520,737.5,202.2,789,797.8,211
"B","North West","30","Lancashire","30UL","Ribble Valley",,,312,993.2,216.6,150,976.7,212.9,162,1008.5,219.9
"B","North West","30","Lancashire","30UM","Rossendale",,,344,944,209.8,164,933.3,206.4,180,953.8,212.9
"B","North West","30","Lancashire","30UN","South Ribble",,,1445,786.4,218.8,693,778.3,215.7,752,793.8,221.6
"B","North West","30","Lancashire","30UP","West Lancashire",,,174,769,197.8,73,777.6,198.3,101,762.9,197.5
"B","North West","30","Lancashire","30UQ","Wyre",,,388,637.3,189.8,252,592.4,183,136,720.7,201
"D","Yorkshire and The Humber",,,"00CC","Barnsley",,,823,664.7,200.5,354,653.6,194.5,469,673,205.2
"D","Yorkshire and The Humber",,,"00CE","Doncaster",,,1241,677.3,187.9,526,658.6,181.6,715,691.1,192.6
"D","Yorkshire and The Humber",,,"00CF","Rotherham",,,1590,689.2,191.1,724,662.8,186.4,866,711.3,195
"D","Yorkshire and The Humber",,,"00CG","Sheffield",,,2253,685.1,207.7,1071,667.9,203.9,1182,700.7,211.2
"D","Yorkshire and The Humber",,,"00CX","Bradford",,,2202,646.8,190.7,1008,619.8,186.5,1194,669.6,194.1
"D","Yorkshire and The Humber",,,"00CY","Calderdale",,,969,701.9,192.8,446,684.6,188.6,523,716.7,196.4
"D","Yorkshire and The Humber",,,"00CZ","Kirklees",,,2621,839.2,204.5,1162,792.7,197,1459,876.2,210.4
"D","Yorkshire and The Humber",,,"00DA","Leeds",,,3679,690.3,199.1,1777,657,194,1902,721.4,203.6
"D","Yorkshire and The Humber",,,"00DB","Wakefield",,,1529,728.6,199.8,668,695.4,192.9,861,754.4,205
"D","Yorkshire and The Humber",,,"00FA","Kingston upon Hull, City of",,,1092,735.6,194.8,411,713.2,188.2,681,749.1,198.8
"D","Yorkshire and The Humber",,,"00FB","East Riding of Yorkshire",,,1603,689.9,196.9,740,673.3,191.2,863,704.2,201.8
"D","Yorkshire and The Humber",,,"00FC","North East Lincolnshire",,,865,718,195.1,352,691.9,188.7,513,736,199.5
"D","Yorkshire and The Humber",,,"00FD","North Lincolnshire",,,1074,759.7,195.2,458,718.1,188,616,790.6,200.3
"D","Yorkshire and The Humber",,,"00FF","York",,,1396,725,207.3,602,729.2,203.9,794,721.8,209.9
"D","Yorkshire and The Humber","36","North Yorkshire","36UB","Craven",,,579,796.1,213.9,234,805.6,215.5,345,789.7,212.8
"D","Yorkshire and The Humber","36","North Yorkshire","36UC","Hambleton",,,471,751.3,208.3,230,742.8,206.7,241,759.4,209.9
"D","Yorkshire and The Humber","36","North Yorkshire","36UD","Harrogate",,,1050,859.8,209.1,504,833.3,203.6,546,884.3,214.1
"D","Yorkshire and The Humber","36","North Yorkshire","36UE","Richmondshire",,,214,673.1,206.4,83,667.9,205,131,676.4,207.3
"D","Yorkshire and The Humber","36","North Yorkshire","36UF","Ryedale",,,137,819.7,208.5,64,795.1,203.1,73,841.2,213.2
"D","Yorkshire and The Humber","36","North Yorkshire","36UG","Scarborough",,,614,732.2,196.9,267,703.8,188.8,347,754.1,203.1
"D","Yorkshire and The Humber","36","North Yorkshire","36UH","Selby",,,450,721.3,208.7,207,718.4,205.2,243,723.8,211.7
"E","East Midlands",,,"00FK","Derby",,,1044,647.3,203.4,468,639.5,201.8,576,653.7,204.7
"E","East Midlands",,,"00FN","Leicester",,,2019,637.7,195.1,919,619.9,191.4,1100,652.5,198.3
"E","East Midlands",,,"00FP","Rutland",,,0,.,.,0,.,.,0,.,.
"E","East Midlands",,,"00FY","Nottingham",,,1886,732.6,204.9,798,707.6,197.9,1088,750.9,210
"E","East Midlands","17","Derbyshire","17UB","Amber Valley",,,451,768.8,200.5,219,756.7,199.9,232,780.2,201
"E","East Midlands","17","Derbyshire","17UC","Bolsover",,,0,.,.,0,.,.,0,.,.
"E","East Midlands","17","Derbyshire","17UD","Chesterfield",,,911,667.1,205.7,433,637.3,198.1,478,694.1,212.4
"E","East Midlands","17","Derbyshire","17UF","Derbyshire Dales",,,407,851.8,207.3,195,817.7,199.4,212,883.2,214.6
"E","East Midlands","17","Derbyshire","17UG","Erewash",,,426,625.1,190.5,191,583.6,187.6,235,658.8,192.6
"E","East Midlands","17","Derbyshire","17UH","High Peak",,,250,664.4,202.1,121,631.2,194.1,129,695.6,209.4
"E","East Midlands","17","Derbyshire","17UJ","North East Derbyshire",,,380,736.4,195.9,154,698.5,185.9,226,762.2,202.7
"E","East Midlands","17","Derbyshire","17UK","South Derbyshire",,,239,732.1,206.5,126,709,200.4,113,757.9,213.3
"E","East Midlands","31","Leicestershire","31UB","Blaby",,,112,642.3,197.1,50,572.5,180.8,62,698.6,209.6
"E","East Midlands","31","Leicestershire","31UC","Charnwood",,,1105,648.7,188,568,582.1,178.4,537,719.2,197
"E","East Midlands","31","Leicestershire","31UD","Harborough",,,437,743.8,195.7,208,714.7,188.9,229,770.1,201.8
"E","East Midlands","31","Leicestershire","31UE","Hinckley and Bosworth",,,466,736,194.6,208,715.6,190.5,258,752.5,197.9
"E","East Midlands","31","Leicestershire","31UG","Melton",,,309,650,209.2,138,597.7,196.4,171,692.3,219.2
"E","East Midlands","31","Leicestershire","31UH","North West Leicestershire",,,342,705.4,198.8,165,664.5,192.4,177,743.5,204.5
"E","East Midlands","31","Leicestershire","31UJ","Oadby and Wigston",,,655,779,202.5,285,766.1,198.2,370,789,205.9
"E","East Midlands","32","Lincolnshire","32UB","Boston",,,455,699.9,201.8,213,725.4,199.5,242,677.5,204.1
"E","East Midlands","32","Lincolnshire","32UC","East Lindsey",,,494,803.9,213.7,214,763.2,203.9,280,835,221.1
"E","East Midlands","32","Lincolnshire","32UD","Lincoln",,,733,671.3,199.1,326,638.6,191.9,407,697.4,204.7
"E","East Midlands","32","Lincolnshire","32UE","North Kesteven",,,518,728,192.3,237,671.6,183.6,281,775.5,199.1
"E","East Midlands","32","Lincolnshire","32UF","South Holland",,,239,898.4,219,119,825.2,211.4,120,971.1,225.8
"E","East Midlands","32","Lincolnshire","32UG","South Kesteven",,,965,766.1,204.1,484,725.1,198.5,481,807.4,209.4
"E","East Midlands","32","Lincolnshire","32UH","West Lindsey",,,401,864.5,215.1,172,827.4,209.6,229,892.4,219.1
"E","East Midlands","34","Northamptonshire","34UB","Corby",,,239,662.4,196.2,108,642.4,193.8,131,678.9,198.1
"E","East Midlands","34","Northamptonshire","34UC","Daventry",,,456,605.4,199.5,248,577.3,192.9,208,638.9,207.1
"E","East Midlands","34","Northamptonshire","34UD","East Northamptonshire",,,203,760.8,202.3,88,701.3,194.4,115,806.4,208
"E","East Midlands","34","Northamptonshire","34UE","Kettering",,,809,639.1,201.9,369,623.4,199.2,440,652.2,204.2
"E","East Midlands","34","Northamptonshire","34UF","Northampton",,,1194,634,193.4,544,607.2,187.7,650,656.5,198.1
"E","East Midlands","34","Northamptonshire","34UG","South Northamptonshire",,,534,751.9,205.3,262,724.8,198.6,272,778,211.7
"E","East Midlands","34","Northamptonshire","34UH","Wellingborough",,,254,724.5,192.9,124,704.3,185,130,743.8,200.6
"E","East Midlands","37","Nottinghamshire","37UB","Ashfield",,,298,635.5,173.3,131,597.3,166.5,167,665.5,178.4
"E","East Midlands","37","Nottinghamshire","37UC","Bassetlaw",,,512,636.4,191.9,228,612.8,186.9,284,655.4,195.9
"E","East Midlands","37","Nottinghamshire","37UD","Broxtowe",,,321,648.6,190.7,160,595.3,179.2,161,701.5,201.7
"E","East Midlands","37","Nottinghamshire","37UE","Gedling",,,391,711.9,191.2,192,658.3,181.2,199,763.5,200.4
"E","East Midlands","37","Nottinghamshire","37UF","Mansfield",,,672,616,180.8,327,601.1,178.4,345,630.1,183
"E","East Midlands","37","Nottinghamshire","37UG","Newark and Sherwood",,,460,707.8,200.8,207,711.5,201.3,253,704.8,200.4
"E","East Midlands","37","Nottinghamshire","37UJ","Rushcliffe",,,668,711.5,201.5,321,692.9,195.2,347,728.7,207.4
"F","West Midlands",,,"00CN","Birmingham",,,5175,690.9,198.7,2321,653.7,192.7,2854,721.1,203.3
"F","West Midlands",,,"00CQ","Coventry",,,1522,624.5,196.6,719,593.6,191.1,803,652.1,201.3
"F","West Midlands",,,"00CR","Dudley",,,2382,694.4,200,1089,669.1,196.7,1293,715.7,202.6
"F","West Midlands",,,"00CS","Sandwell",,,527,542.3,179.5,252,518.3,173.7,275,564.3,184.6
"F","West Midlands",,,"00CT","Solihull",,,1957,625.2,196.1,934,598.2,189,1023,649.9,202.4
"F","West Midlands",,,"00CU","Walsall",,,1442,648.1,198.4,607,642.7,196.6,835,652,199.7
"F","West Midlands",,,"00CW","Wolverhampton",,,1334,569.7,189.3,562,504.1,178.3,772,617.5,196.6
"F","West Midlands",,,"00GA","Herefordshire, County of",,,1064,792.4,213.4,476,765,207.6,588,814.5,217.9
"F","West Midlands",,,"00GF","Telford and Wrekin",,,1007,704.1,207.2,502,685,201.8,505,723.1,212.6
"F","West Midlands",,,"00GL","Stoke-on-Trent",,,1161,679.1,195.8,561,657.2,192.7,600,699.6,198.7
"F","West Midlands","39","Shropshire","39UB","Bridgnorth",,,262,710.5,195,108,689,189.2,154,725.5,199.1
"F","West Midlands","39","Shropshire","39UC","North Shropshire",,,217,712.2,199,92,669.9,189.9,125,743.3,205.6
"F","West Midlands","39","Shropshire","39UD","Oswestry",,,207,614.1,190.2,107,590.6,185.1,100,639.2,195.5
"F","West Midlands","39","Shropshire","39UE","Shrewsbury and Atcham",,,719,795.7,213.4,344,780.3,208.3,375,809.9,218.2
"F","West Midlands","39","Shropshire","39UF","South Shropshire",,,206,704.4,216.7,72,674.6,209,134,720.4,220.7
"F","West Midlands","41","Staffordshire","41UB","Cannock Chase",,,408,669.6,182.8,152,653.7,173.9,256,679.1,188.3
"F","West Midlands","41","Staffordshire","41UC","East Staffordshire",,,869,646.4,196.4,412,588.3,184.9,457,698.9,206.1
"F","West Midlands","41","Staffordshire","41UD","Lichfield",,,400,843.8,196.3,206,801.5,189.1,194,888.6,203.7
"F","West Midlands","41","Staffordshire","41UE","Newcastle-under-Lyme",,,665,625.6,193.8,259,622.9,192.8,406,627.4,194.4
"F","West Midlands","41","Staffordshire","41UF","South Staffordshire",,,538,698,183.4,264,668.3,175.2,274,726.6,191.4
"F","West Midlands","41","Staffordshire","41UG","Stafford",,,820,685.5,195.2,381,658.9,187,439,708.6,202.3
"F","West Midlands","41","Staffordshire","41UH","Staffordshire Moorlands",,,530,738.7,200.3,228,723.1,192.8,302,750.4,206.1
"F","West Midlands","41","Staffordshire","41UK","Tamworth",,,461,633.2,184,223,593.3,176,238,670.6,191.2
"F","West Midlands","44","Warwickshire","44UB","North Warwickshire",,,134,840.7,201.1,56,853.8,197.9,78,831.3,203.5
"F","West Midlands","44","Warwickshire","44UC","Nuneaton and Bedworth",,,876,614.8,194.8,411,597.8,190.3,465,629.8,198.7
"F","West Midlands","44","Warwickshire","44UD","Rugby",,,341,841.3,218.4,168,823.3,211.6,173,858.8,225.1
"F","West Midlands","44","Warwickshire","44UE","Stratford-on-Avon",,,968,778,215.4,421,757.6,212.7,547,793.6,217.4
"F","West Midlands","44","Warwickshire","44UF","Warwick",,,1127,660.3,200.2,570,622.6,194.3,557,698.9,205.9
"F","West Midlands","47","Worcestershire","47UB","Bromsgrove",,,502,762.1,191.7,235,718.4,185,267,800.6,197.3
"F","West Midlands","47","Worcestershire","47UC","Malvern Hills",,,262,779.5,205.4,120,772.9,203.4,142,785.1,207
"F","West Midlands","47","Worcestershire","47UD","Redditch",,,475,638.4,185.7,214,582.1,175.2,261,684.5,193.8
"F","West Midlands","47","Worcestershire","47UE","Worcester",,,914,687.8,208.3,412,644.3,199.9,502,723.5,214.9
"F","West Midlands","47","Worcestershire","47UF","Wychavon",,,568,712.9,196.6,272,681.9,188.9,296,741.4,203.5
"F","West Midlands","47","Worcestershire","47UG","Wyre Forest",,,383,679.3,193.1,170,653.2,188.7,213,700.1,196.5
"G","East of England",,,"00JA","Peterborough",,,1091,698,193.7,496,685.9,191,595,708.1,196
"G","East of England",,,"00KA","Luton",,,1006,628.1,198.5,451,606.9,192.7,555,645.3,203.2
"G","East of England",,,"00KF","Southend-on-Sea",,,1385,755.3,209.3,636,733.7,203.9,749,773.6,213.8
"G","East of England",,,"00KG","Thurrock",,,888,612.2,200.2,370,574.2,189,518,639.4,208.1
"G","East of England","09","Bedfordshire","09UC","Mid Bedfordshire",,,597,710.4,194.4,268,685.6,188.6,329,730.7,199.1
"G","East of England","09","Bedfordshire","09UD","Bedford",,,979,700,203.1,439,700.6,201.7,540,699.5,204.3
"G","East of England","09","Bedfordshire","09UE","South Bedfordshire",,,652,718.4,198.6,310,712.2,192.5,342,724,204.5
"G","East of England","12","Cambridgeshire","12UB","Cambridge",,,1680,852.6,217.7,768,823.8,212.3,912,876.9,222.1
"G","East of England","12","Cambridgeshire","12UC","East Cambridgeshire",,,69,572.7,189.1,26,558.5,186.2,43,581.3,190.8
"G","East of England","12","Cambridgeshire","12UD","Fenland",,,173,623,187.7,81,551.1,172.3,92,686.2,200.4
"G","East of England","12","Cambridgeshire","12UE","Huntingdonshire",,,739,674.2,196,370,646.5,191.5,369,702,200.3
"G","East of England","12","Cambridgeshire","12UG","South Cambridgeshire",,,508,613.3,198.8,257,615.8,196.3,251,610.6,201.6
"G","East of England","22","Essex","22UB","Basildon",,,341,709,189.7,153,666.6,180.3,188,743.6,197.2
"G","East of England","22","Essex","22UC","Braintree",,,404,601.1,189,164,579,179.6,240,616.2,195.7
"G","East of England","22","Essex","22UD","Brentwood",,,614,829.2,195,258,785.6,188.1,356,860.8,199.8
"G","East of England","22","Essex","22UE","Castle Point",,,832,736.5,191.6,372,703.3,184.1,460,763.3,197.5
"G","East of England","22","Essex","22UF","Chelmsford",,,1324,775.1,209.7,597,750.5,205.3,727,795.3,213.4
"G","East of England","22","Essex","22UG","Colchester",,,1740,831.7,210.8,776,830.3,207.5,964,832.9,213.4
"G","East of England","22","Essex","22UH","Epping Forest",,,630,617.8,191.7,307,599.7,185.1,323,635,198
"G","East of England","22","Essex","22UJ","Harlow",,,404,594.6,196.3,177,561.4,188.7,227,620.5,201.9
"G","East of England","22","Essex","22UK","Maldon",,,123,649.6,189.8,63,601.2,178.7,60,700.4,201.1
"G","East of England","22","Essex","22UL","Rochford",,,186,709.7,187.6,91,705.3,186,95,713.9,189.2
"G","East of England","22","Essex","22UN","Tendring",,,307,622.9,187.5,154,610,184.1,153,635.9,190.9
"G","East of England","22","Essex","22UQ","Uttlesford",,,394,766.7,212.7,184,733.8,207.6,210,795.5,217.1
"G","East of England","26","Hertfordshire","26UB","Broxbourne",,,430,708.3,185.6,215,711.1,182.5,215,705.5,188.7
"G","East of England","26","Hertfordshire","26UC","Dacorum",,,651,660.3,196.6,293,632.3,188.7,358,683.3,203.1
"G","East of England","26","Hertfordshire","26UD","East Hertfordshire",,,1403,729.9,204.4,633,737.6,199.2,770,723.5,209
"G","East of England","26","Hertfordshire","26UE","Hertsmere",,,496,711.9,209.6,222,709.3,206.4,274,714.1,212.3
"G","East of England","26","Hertfordshire","26UF","North Hertfordshire",,,517,689.8,200.1,258,645,192.8,259,734.4,207
"G","East of England","26","Hertfordshire","26UG","St Albans",,,1367,726,208.5,626,687.4,200.5,741,758.6,215
"G","East of England","26","Hertfordshire","26UH","Stevenage",,,708,608.5,200.5,314,586,192.7,394,626.5,206.7
"G","East of England","26","Hertfordshire","26UJ","Three Rivers",,,550,695.2,216.3,258,683.5,212.5,292,705.4,219.6
"G","East of England","26","Hertfordshire","26UK","Watford",,,954,681.4,216.8,405,695.7,214.5,549,670.9,218.6
"G","East of England","26","Hertfordshire","26UL","Welwyn Hatfield",,,333,682.6,195.1,138,667.4,192.9,195,693.4,196.6
"G","East of England","33","Norfolk","33UB","Breckland",,,286,669,198.5,128,681.6,195.8,158,658.7,200.9
"G","East of England","33","Norfolk","33UC","Broadland",,,280,631.1,190.6,129,626.6,184.6,151,634.9,195.9
"G","East of England","33","Norfolk","33UD","Great Yarmouth",,,576,753.1,203.8,265,698.1,196.4,311,799.9,209.6
"G","East of England","33","Norfolk","33UE","King's Lynn and West Norfolk",,,782,626.1,202,367,597.7,195.5,415,651.3,207.7
"G","East of England","33","Norfolk","33UF","North Norfolk",,,390,651.6,191.5,211,611.4,184.2,179,699.1,199.6
"G","East of England","33","Norfolk","33UG","Norwich",,,1224,630.9,204.8,499,590.5,197.4,725,658.7,209.5
"G","East of England","33","Norfolk","33UH","South Norfolk",,,489,779.2,209.3,251,759.4,204.9,238,799.9,214
"G","East of England","42","Suffolk","42UB","Babergh",,,178,639.2,196.2,96,633.1,193.6,82,646.3,199.2
"G","East of England","42","Suffolk","42UC","Forest Heath",,,142,771.9,186.5,54,664.9,170.2,88,837.6,195.5
"G","East of England","42","Suffolk","42UD","Ipswich",,,981,698.4,204.6,405,676.6,196.4,576,713.8,210.5
"G","East of England","42","Suffolk","42UE","Mid Suffolk",,,464,690.8,202.4,221,653.4,195.2,243,724.8,208.7
"G","East of England","42","Suffolk","42UF","St Edmundsbury",,,609,718.7,212,294,728,209.4,315,710,214.5
"G","East of England","42","Suffolk","42UG","Suffolk Coastal",,,566,797.8,207.1,238,770.1,199.8,328,817.9,212.4
"G","East of England","42","Suffolk","42UH","Waveney",,,460,680.3,188.6,230,642.9,178.9,230,717.7,198.2
"H","London",,,"00AA","City of London",,,0,.,.,0,.,.,0,.,.
"H","London",,,"00AB","Barking and Dagenham",,,770,570.1,190.8,398,550.6,189.2,372,590.9,192.4
"H","London",,,"00AC","Barnet",,,2622,725.6,215.6,1257,686,211.4,1365,762,219.3
"H","London",,,"00AD","Bexley",,,1105,700.5,198.7,499,674.4,191,606,722.1,205.2
"H","London",,,"00AE","Brent",,,1278,658.5,207.9,617,634.8,204.3,661,680.5,211
"H","London",,,"00AF","Bromley",,,2428,714.5,206.7,1121,689.6,201,1307,735.9,211.6
"H","London",,,"00AG","Camden",,,951,672.2,211.9,370,625.8,202.7,581,701.7,217.5
"H","London",,,"00AH","Croydon",,,1693,638.9,201.8,666,597.3,194,1027,665.8,206.6
"H","London",,,"00AJ","Ealing",,,842,734.1,203,349,718.4,197.4,493,745.2,207
"H","London",,,"00AK","Enfield",,,1691,622.9,204.8,814,608.8,202.4,877,636,207
"H","London",,,"00AL","Greenwich",,,687,550.6,192.2,285,521.9,186.4,402,571,196.1
"H","London",,,"00AM","Hackney",,,514,523.6,183.6,185,503.4,180.8,329,535,185.1
"H","London",,,"00AN","Hammersmith and Fulham",,,815,654.6,208.8,413,661.9,208.2,402,647.1,209.4
"H","London",,,"00AP","Haringey",,,581,566.2,200.7,270,542.9,195.3,311,586.4,205.3
"H","London",,,"00AQ","Harrow",,,1309,673.4,199.9,577,631.3,193.3,732,706.6,204.8
"H","London",,,"00AR","Havering",,,1721,767.1,201.9,810,728.4,196.3,911,801.6,206.7
"H","London",,,"00AS","Hillingdon",,,1572,702.4,201.3,738,691.1,197.4,834,712.4,204.7
"H","London",,,"00AT","Hounslow",,,1337,638.2,200.1,600,625.6,197.6,737,648.5,202.1
"H","London",,,"00AU","Islington",,,879,575.2,195.1,328,541.1,187.3,551,595.6,199.5
"H","London",,,"00AW","Kensington and Chelsea",,,526,673.4,209.7,255,663.1,209.9,271,683.2,209.5
"H","London",,,"00AX","Kingston upon Thames",,,1398,700.1,209.7,637,680.8,201.9,761,716.3,216.4
"H","London",,,"00AY","Lambeth",,,327,547.6,187.9,147,512.3,186,180,576.4,189.3
"H","London",,,"00AZ","Lewisham",,,1186,614,204.9,491,580.6,197.3,695,637.6,210.1
"H","London",,,"00BA","Merton",,,412,629.9,199.6,190,627.9,195.9,222,631.7,202.9
"H","London",,,"00BB","Newham",,,1219,558.7,194.9,622,519.7,191.1,597,599.2,198.4
"H","London",,,"00BC","Redbridge",,,1950,685.9,207.3,923,676,204.7,1027,694.9,209.6
"H","London",,,"00BD","Richmond upon Thames",,,1302,669.2,201.8,539,638.6,195.7,763,690.8,206
"H","London",,,"00BE","Southwark",,,301,548.9,191.6,115,533.6,182.6,186,558.4,197.3
"H","London",,,"00BF","Sutton",,,1368,787.4,216.4,728,829.6,218.3,640,739.4,213.9
"H","London",,,"00BG","Tower Hamlets",,,702,606.5,192.5,245,606,187.4,457,606.7,195.3
"H","London",,,"00BH","Waltham Forest",,,1755,630.7,195.2,718,584.2,185.4,1037,662.9,201.8
"H","London",,,"00BJ","Wandsworth",,,1191,659,206.9,532,603.1,199.5,659,704.1,212.3
"H","London",,,"00BK","Westminster",,,1184,589.1,200.4,503,550.2,194.6,681,617.8,204.4
"J","South East",,,"00LC","Medway",,,1654,684.5,193.9,791,644.4,188.1,863,721.2,198.9
"J","South East",,,"00MA","Bracknell Forest",,,463,633.2,191.8,245,606.2,185.5,218,663.6,198.8
"J","South East",,,"00MB","West Berkshire",,,923,769.4,205.4,413,748.2,199.9,510,786.6,210
"J","South East",,,"00MC","Reading",,,435,805.1,221.9,221,786.6,222.9,214,824.2,220.9
"J","South East",,,"00MD","Slough",,,804,699.5,205.2,353,696.2,201.3,451,702,208.2
"J","South East",,,"00ME","Windsor and Maidenhead",,,715,673,201.7,389,649.4,193,326,701.2,212.3
"J","South East",,,"00MF","Wokingham",,,806,741.5,210.1,368,699,201.1,438,777.1,217.5
"J","South East",,,"00MG","Milton Keynes",,,1124,682.5,196.3,547,654.7,190.3,577,708.8,201.9
"J","South East",,,"00ML","Brighton and Hove",,,1510,731.9,208.9,680,696.4,202.4,830,761.1,214.1
"J","South East",,,"00MR","Portsmouth",,,344,642.2,199,169,588.3,189.9,175,694.3,207.2
"J","South East",,,"00MS","Southampton",,,865,618.7,195.3,397,591.3,189.7,468,642,200
"J","South East",,,"00MW","Isle of Wight",,,665,602,192.7,330,572.7,185,335,631,200.1
"J","South East","11","Buckinghamshire","11UB","Aylesbury Vale",,,1078,794.3,214.9,496,797,211,582,792,218.4
"J","South East","11","Buckinghamshire","11UC","Chiltern",,,1020,777.9,217.1,474,813.7,216.2,546,746.8,218
"J","South East","11","Buckinghamshire","11UE","South Bucks",,,278,780.8,212.2,69,682.3,187.9,209,813.3,220
"J","South East","11","Buckinghamshire","11UF","Wycombe",,,860,847.7,223.4,495,863.7,221.5,365,826,226
"J","South East","21","East Sussex","21UC","Eastbourne",,,1317,641.1,206.2,611,596.6,197.4,706,679.6,213.4
"J","South East","21","East Sussex","21UD","Hastings",,,254,583,185,127,575.3,177,127,590.7,193.5
"J","South East","21","East Sussex","21UF","Lewes",,,140,612.4,204.1,82,558.9,187.1,58,687.9,228
"J","South East","21","East Sussex","21UG","Rother",,,434,638.8,203.4,182,596,191.3,252,669.8,212
"J","South East","21","East Sussex","21UH","Wealden",,,493,675.7,208,223,656.8,203,270,691.4,212.1
"J","South East","24","Hampshire","24UB","Basingstoke and Deane",,,1070,690.3,200.2,479,681.3,195.2,591,697.6,204.3
"J","South East","24","Hampshire","24UC","East Hampshire",,,655,867.9,210.4,328,812.2,203.5,327,923.7,216.8
"J","South East","24","Hampshire","24UD","Eastleigh",,,1126,725.4,204.4,501,687.2,198.2,625,756.1,209.2
"J","South East","24","Hampshire","24UE","Fareham",,,273,611.2,197.2,125,579.6,192.9,148,637.8,200.7
"J","South East","24","Hampshire","24UF","Gosport",,,514,697.7,203.4,245,673.1,196.9,269,720.1,209.3
"J","South East","24","Hampshire","24UG","Hart",,,114,699.6,187.9,45,694.7,177.1,69,702.8,195.5
"J","South East","24","Hampshire","24UH","Havant",,,1762,680.1,211.9,740,640.5,201.8,1022,708.7,219.1
"J","South East","24","Hampshire","24UJ","New Forest",,,1321,697.2,201.8,640,672.8,195.2,681,720.1,207.9
"J","South East","24","Hampshire","24UL","Rushmoor",,,1433,893.5,210.2,652,859.6,204.6,781,921.8,214.7
"J","South East","24","Hampshire","24UN","Test Valley",,,192,596.8,184.8,91,597.9,182.8,101,595.8,186.6
"J","South East","24","Hampshire","24UP","Winchester",,,1435,933.1,216.5,690,890.1,208.3,745,972.8,224.1
"J","South East","29","Kent","29UB","Ashford",,,412,672.6,206.9,179,623.4,201.4,233,710.4,210.7
"J","South East","29","Kent","29UC","Canterbury",,,1134,639.2,199.3,504,614.9,191,630,658.6,206
"J","South East","29","Kent","29UD","Dartford",,,1082,722.9,201.2,546,726.9,198.6,536,718.7,204
"J","South East","29","Kent","29UE","Dover",,,472,759.2,192.1,219,726.4,189.2,253,787.7,194.4
"J","South East","29","Kent","29UG","Gravesham",,,524,652.8,195.5,266,603.8,190.1,258,703.3,200.6
"J","South East","29","Kent","29UH","Maidstone",,,875,769.6,205.9,393,709.3,200.6,482,818.7,209.9
"J","South East","29","Kent","29UK","Sevenoaks",,,90,437.3,170,42,403.2,162.1,48,467.2,176.6
"J","South East","29","Kent","29UL","Shepway",,,466,615.4,198.7,250,583.7,191.8,216,652.1,206.4
"J","South East","29","Kent","29UM","Swale",,,507,769.4,203.5,229,737.2,196.7,278,796,209
"J","South East","29","Kent","29UN","Thanet",,,576,744.4,205.7,267,720.2,200.7,309,765.3,210
"J","South East","29","Kent","29UP","Tonbridge and Malling",,,1117,710.8,215,461,665.7,209.8,656,742.5,218.4
"J","South East","29","Kent","29UQ","Tunbridge Wells",,,749,814.7,215.6,440,819.7,214,309,807.6,218
"J","South East","38","Oxfordshire","38UB","Cherwell",,,294,672.8,204.8,139,656.6,198.4,155,687.3,210.5
"J","South East","38","Oxfordshire","38UC","Oxford",,,908,635.7,205.9,449,600.7,199.2,459,669.9,212.1
"J","South East","38","Oxfordshire","38UD","South Oxfordshire",,,1064,705.5,203.3,477,665.1,194.5,587,738.4,210.2
"J","South East","38","Oxfordshire","38UE","Vale of White Horse",,,581,692.3,203.5,267,641.2,192.9,314,735.8,212.1
"J","South East","38","Oxfordshire","38UF","West Oxfordshire",,,453,717.1,208.1,225,683.6,199.8,228,750.1,216.2
"J","South East","43","Surrey","43UB","Elmbridge",,,1257,715.4,208.2,601,676,201,656,751.6,214.6
"J","South East","43","Surrey","43UC","Epsom and Ewell",,,831,723.7,210.2,297,620.9,198.7,534,781,215.7
"J","South East","43","Surrey","43UD","Guildford",,,997,681.1,204.8,455,634.7,194.9,542,720,212.8
"J","South East","43","Surrey","43UE","Mole Valley",,,293,804.1,207.1,148,768.6,202.1,145,840.3,212.1
"J","South East","43","Surrey","43UF","Reigate and Banstead",,,942,677.3,205.7,467,652.9,199.6,475,701.2,211.6
"J","South East","43","Surrey","43UG","Runnymede",,,549,737.4,197.9,269,705.9,190.1,280,767.8,205.3
"J","South East","43","Surrey","43UH","Spelthorne",,,232,608.4,192.5,96,559.4,180,136,643,201.1
"J","South East","43","Surrey","43UJ","Surrey Heath",,,186,723.1,204.9,95,743.5,209.6,91,701.7,199.9
"J","South East","43","Surrey","43UK","Tandridge",,,426,718,201.4,197,680.9,192.6,229,749.8,208.8
"J","South East","43","Surrey","43UL","Waverley",,,872,819.8,211.8,386,779.5,203.5,486,851.8,218.3
"J","South East","43","Surrey","43UM","Woking",,,353,716.4,198.2,172,654.6,189.4,181,775,205.8
"J","South East","45","West Sussex","45UB","Adur",,,85,583.2,177.4,42,553.6,172.9,43,612.2,181.6
"J","South East","45","West Sussex","45UC","Arun",,,317,616.4,184.2,131,608.8,177.8,186,621.8,188.9
"J","South East","45","West Sussex","45UD","Chichester",,,1015,622.2,205.3,439,619.4,199.7,576,624.4,209.7
"J","South East","45","West Sussex","45UE","Crawley",,,880,694.8,207.9,388,681.1,203.5,492,705.7,211.4
"J","South East","45","West Sussex","45UF","Horsham",,,814,780.7,207.8,368,750,201.9,446,806,212.7
"J","South East","45","West Sussex","45UG","Mid Sussex",,,296,641.9,199,146,610.1,191.2,150,672.8,206.4
"J","South East","45","West Sussex","45UH","Worthing",,,607,678.6,202.6,285,645.4,193.8,322,708,210.2
"K","South West",,,"00HA","Bath and North East Somerset",,,1058,671.3,206.8,436,665.6,202.1,622,675.4,210.2
"K","South West",,,"00HB","Bristol, City of",,,1500,676,202.4,713,661,197.8,787,689.5,206.5
"K","South West",,,"00HC","North Somerset",,,965,724,208.9,456,707.1,204.6,509,739.2,212.7
"K","South West",,,"00HD","South Gloucestershire",,,1365,666.7,197.5,646,628.8,188.4,719,700.7,205.5
"K","South West",,,"00HG","Plymouth",,,1470,662.6,201.3,643,652.7,197.4,827,670.3,204.3
"K","South West",,,"00HH","Torbay",,,775,729.2,213.3,366,745.8,210.4,409,714.4,216
"K","South West",,,"00HN","Bournemouth",,,442,794.4,214.7,207,787.3,208.4,235,800.6,220.6
"K","South West",,,"00HP","Poole",,,1279,718.6,206.2,546,708.7,198,733,726,212.6
"K","South West",,,"00HX","Swindon",,,921,672.2,206.4,428,668.3,202.9,493,675.6,209.5
"K","South West","15","Cornwall and Isles of Scilly","15UB","Caradon",,,305,699.4,203.3,128,697.7,198.7,177,700.5,206.7
"K","South West","15","Cornwall and Isles of Scilly","15UC","Carrick",,,1027,778.1,206.2,464,731.8,197.9,563,816.3,212.8
"K","South West","15","Cornwall and Isles of Scilly","15UD","Kerrier",,,962,578.9,198.5,406,551.3,190.9,556,599,203.9
"K","South West","15","Cornwall and Isles of Scilly","15UE","North Cornwall",,,324,682,201.1,144,634.7,191.4,180,719.9,208.5
"K","South West","15","Cornwall and Isles of Scilly","15UF","Penwith",,,126,658.6,205.1,64,622.9,200.2,62,695.3,209.8
"K","South West","15","Cornwall and Isles of Scilly","15UG","Restormel",,,146,590,193.2,72,558.5,188.4,74,620.7,197.5
"K","South West","15","Cornwall and Isles of Scilly","15UH","Isles of Scilly",,,0,.,.,0,.,.,0,.,.
"K","South West","18","Devon","18UB","East Devon",,,586,738.7,210,284,714.7,203.7,302,761.3,215.9
"K","South West","18","Devon","18UC","Exeter",,,978,685.8,210.7,424,670.4,206.9,554,697.6,213.7
"K","South West","18","Devon","18UD","Mid Devon",,,256,704.3,207.5,123,684.6,202.2,133,722.5,212.3
"K","South West","18","Devon","18UE","North Devon",,,590,732,203.6,279,710.8,199.1,311,751,207.6
"K","South West","18","Devon","18UG","South Hams",,,453,759,210.1,220,727.3,203.1,233,788.9,216.6
"K","South West","18","Devon","18UH","Teignbridge",,,380,651.4,196.1,178,591.8,182.1,202,704,208
"K","South West","18","Devon","18UK","Torridge",,,106,597.6,196.7,47,546.1,186,59,638.6,204.8
"K","South West","18","Devon","18UL","West Devon",,,206,684.7,198.1,104,657.2,191.2,102,712.8,205.1
"K","South West","19","Dorset","19UC","Christchurch",,,209,647.5,206.4,107,577.9,192.9,102,720.6,219.2
"K","South West","19","Dorset","19UD","East Dorset",,,231,650.9,206,114,608.4,196.8,117,692.2,214.6
"K","South West","19","Dorset","19UE","North Dorset",,,290,789.8,208.4,152,780.9,204.1,138,799.6,213.3
"K","South West","19","Dorset","19UG","Purbeck",,,206,636.8,200.9,95,614.1,194.8,111,656.4,206.1
"K","South West","19","Dorset","19UH","West Dorset",,,821,735.2,201.3,356,715,194.9,465,750.7,206.3
"K","South West","19","Dorset","19UJ","Weymouth and Portland",,,232,614.1,198.7,112,620.9,196.4,120,607.7,201
"K","South West","23","Gloucestershire","23UB","Cheltenham",,,833,762,214.7,433,740.1,209.9,400,785.7,219.8
"K","South West","23","Gloucestershire","23UC","Cotswold",,,797,803.4,211.6,381,759.1,204.2,416,844,218.1
"K","South West","23","Gloucestershire","23UD","Forest of Dean",,,877,639.1,208.6,381,613.4,195.6,496,658.9,219
"K","South West","23","Gloucestershire","23UE","Gloucester",,,588,839.3,214.1,269,815.1,206.3,319,859.7,220.8
"K","South West","23","Gloucestershire","23UF","Stroud",,,595,696.2,207,287,679.4,200.5,308,711.9,213.3
"K","South West","23","Gloucestershire","23UG","Tewkesbury",,,388,751.1,203.6,163,733.8,199,225,763.6,206.9
"K","South West","40","Somerset","40UB","Mendip",,,753,679.9,208.6,333,661.7,201.3,420,694.3,214.5
"K","South West","40","Somerset","40UC","Sedgemoor",,,732,735,208.1,334,720.1,203.1,398,747.6,212.2
"K","South West","40","Somerset","40UD","South Somerset",,,558,693.4,202.6,241,650.3,194.4,317,726.1,208.5
"K","South West","40","Somerset","40UE","Taunton Deane",,,1020,742.5,216.4,468,731.4,209.4,552,751.9,222.5
"K","South West","40","Somerset","40UF","West Somerset",,,105,714.2,207.7,41,667,197.4,64,744.4,214.1
"K","South West","46","Wiltshire","46UB","Kennet",,,217,805.8,210.1,104,766.1,201.3,113,842.3,218
"K","South West","46","Wiltshire","46UC","North Wiltshire",,,1032,723,207.3,503,691.2,201.8,529,753.3,212.3
"K","South West","46","Wiltshire","46UD","Salisbury",,,431,779.2,216.3,173,781.9,217.2,258,777.4,215.6
"K","South West","46","Wiltshire","46UF","West Wiltshire",,,533,720.8,206.9,226,702.3,201.7,307,734.4,210.7