DATASET_TITLE,"Resident Population Estimates by Broad Age Band, Mid 2008",,,,,,FROM,Jun-2008,Jun-2008,Jun-2008,Jun-2008,Jun-2008,Jun-2008,Jun-2008,Jun-2008,Jun-2008,Jun-2008,Jun-2008,Jun-2008,Jun-2008,Jun-2008,Jun-2008,Jun-2008,Jun-2008,Jun-2008,Jun-2008,Jun-2008,Jun-2008,Jun-2008,Jun-2008,Jun-2008,Jun-2008,Jun-2008,Jun-2008,Jun-2008,Jun-2008,Jun-2008,Jun-2008,Jun-2008,Jun-2008,Jun-2008,Jun-2008,Jun-2008,Jun-2008,Jun-2008,Jun-2008,Jun-2008,Jun-2008
AREA_TYPE,Local Authority,,,,,,TO,Jun-2008,Jun-2008,Jun-2008,Jun-2008,Jun-2008,Jun-2008,Jun-2008,Jun-2008,Jun-2008,Jun-2008,Jun-2008,Jun-2008,Jun-2008,Jun-2008,Jun-2008,Jun-2008,Jun-2008,Jun-2008,Jun-2008,Jun-2008,Jun-2008,Jun-2008,Jun-2008,Jun-2008,Jun-2008,Jun-2008,Jun-2008,Jun-2008,Jun-2008,Jun-2008,Jun-2008,Jun-2008,Jun-2008,Jun-2008,Jun-2008,Jun-2008,Jun-2008,Jun-2008,Jun-2008,Jun-2008,Jun-2008
GEO_HIERARCHY,NeSS Geography Hierarchy,,,,,,HEADING,All Persons; All Ages,All Persons; Aged 0-15,All Persons; Aged 0-15,All Persons; Aged 16-24,All Persons; Aged 16-24,All Persons; Aged 25-49,All Persons; Aged 25-49,"All Persons; Aged 50-64 (Males), 50-59 (Females)","All Persons; Aged 50-64 (Males), 50-59 (Females)","All Persons; Aged 65 and Over (Males), 60 and Over (Females)","All Persons; Aged 65 and Over (Males), 60 and Over (Females)","All Persons; Aged 16-64 (Males), 16-59 (Females)","All Persons; Aged 16-64 (Males), 16-59 (Females)",Males; All Ages,Males; All Ages,Males; Aged 0-15,Males; Aged 0-15,Males; Aged 16-24,Males; Aged 16-24,Males; Aged 25-49,Males; Aged 25-49,Males; Aged 50-64,Males; Aged 50-64,Males; Aged 65 and Over,Males; Aged 65 and Over,Males; Aged 16-64,Males; Aged 16-64,Females; All Ages,Females; All Ages,Females; Aged 0-15,Females; Aged 0-15,Females; Aged 16-24,Females; Aged 16-24,Females; Aged 25-49,Females; Aged 25-49,Females; Aged 50-59,Females; Aged 50-59,Females; Aged 60 and Over,Females; Aged 60 and Over,Females; Aged 16-59,Females; Aged 16-59
,,,,,,,MEASUREMENT_UNIT,Count,Count,Percentage,Count,Percentage,Count,Percentage,Count,Percentage,Count,Percentage,Count,Percentage,Count,Percentage,Count,Percentage,Count,Percentage,Count,Percentage,Count,Percentage,Count,Percentage,Count,Percentage,Count,Percentage,Count,Percentage,Count,Percentage,Count,Percentage,Count,Percentage,Count,Percentage,Count,Percentage
,,,,,,,STATISTICAL_UNIT,Persons,Persons,Persons,Persons,Persons,Persons,Persons,Persons,Persons,Persons,Persons,Persons,Persons,Persons,Persons,Persons,Persons,Persons,Persons,Persons,Persons,Persons,Persons,Persons,Persons,Persons,Persons,Persons,Persons,Persons,Persons,Persons,Persons,Persons,Persons,Persons,Persons,Persons,Persons,Persons,Persons
GOR_CODE,GOR_NAME,CTY_CODE,CTY_NAME,LA_CODE,LA_NAME,AREA_METADATA,,DATA_VALUE,DATA_VALUE,DATA_VALUE,DATA_VALUE,DATA_VALUE,DATA_VALUE,DATA_VALUE,DATA_VALUE,DATA_VALUE,DATA_VALUE,DATA_VALUE,DATA_VALUE,DATA_VALUE,DATA_VALUE,DATA_VALUE,DATA_VALUE,DATA_VALUE,DATA_VALUE,DATA_VALUE,DATA_VALUE,DATA_VALUE,DATA_VALUE,DATA_VALUE,DATA_VALUE,DATA_VALUE,DATA_VALUE,DATA_VALUE,DATA_VALUE,DATA_VALUE,DATA_VALUE,DATA_VALUE,DATA_VALUE,DATA_VALUE,DATA_VALUE,DATA_VALUE,DATA_VALUE,DATA_VALUE,DATA_VALUE,DATA_VALUE,DATA_VALUE,DATA_VALUE
"A","North East",,,"00CH","Gateshead",,,189900,33700,17.7,21900,11.5,65100,34.3,29500,15.5,39700,20.9,116500,61.4,92600,48.8,17200,18.5,11500,12.4,31900,34.4,17500,18.9,14600,15.8,60800,65.7,97300,51.2,16500,17,10400,10.7,33200,34.2,12100,12.4,25100,25.8,55700,57.3
"A","North East",,,"00CJ","Newcastle upon Tyne",,,277800,45400,16.4,56600,20.4,91600,33,36800,13.2,47500,17.1,184900,66.6,137200,49.4,23500,17.1,28400,20.7,46500,33.9,21700,15.8,17100,12.5,96600,70.4,140600,50.6,21900,15.6,28200,20,45100,32.1,15100,10.7,30400,21.6,88400,62.8
"A","North East",,,"00CK","North Tyneside",,,196000,34800,17.7,21000,10.7,67700,34.5,32200,16.4,40400,20.6,120900,61.7,94700,48.3,17700,18.7,10700,11.3,33000,34.8,18800,19.9,14500,15.3,62500,66,101300,51.7,17100,16.9,10300,10.2,34700,34.3,13300,13.2,25800,25.5,58400,57.6
"A","North East",,,"00CL","South Tyneside",,,151400,26800,17.7,18300,12.1,50700,33.5,24000,15.8,31600,20.9,93000,61.4,73800,48.7,13700,18.6,9500,12.8,24900,33.7,14100,19.2,11600,15.7,48500,65.7,77600,51.3,13100,16.8,8900,11.4,25800,33.2,9800,12.7,20100,25.9,44500,57.3
"A","North East",,,"00CM","Sunderland",,,280900,49900,17.8,36100,12.9,95800,34.1,44600,15.9,54500,19.4,176600,62.8,137100,48.8,25500,18.6,18600,13.6,47200,34.4,26100,19,19800,14.4,91800,67,143800,51.2,24400,17,17500,12.2,48600,33.8,18600,12.9,34700,24.1,84700,58.9
"A","North East",,,"00EB","Hartlepool",,,90800,18200,20,11000,12.1,30000,33,14200,15.7,17400,19.2,55200,60.8,44100,48.6,9200,20.9,5600,12.6,14600,33,8400,19,6400,14.5,28500,64.6,46700,51.4,9000,19.3,5400,11.6,15400,33,5900,12.5,11000,23.6,26700,57.1
"A","North East",,,"00EC","Middlesbrough",,,140100,27700,19.8,21800,15.6,45800,32.7,20200,14.4,24500,17.5,87900,62.7,68700,49.1,14000,20.3,11200,16.4,22700,33,11700,17.1,9100,13.2,45700,66.4,71400,50.9,13700,19.2,10600,14.8,23100,32.4,8500,11.9,15400,21.6,42200,59.1
"A","North East",,,"00EE","Redcar and Cleveland",,,137800,25600,18.5,16000,11.6,43100,31.3,22900,16.6,30200,21.9,82000,59.5,66900,48.5,13200,19.7,8200,12.3,20600,30.7,13700,20.4,11300,16.8,42500,63.5,70900,51.5,12400,17.4,7800,10.9,22600,31.8,9300,13.1,19000,26.8,39600,55.8
"A","North East",,,"00EF","Stockton-on-Tees",,,189800,37200,19.6,23300,12.3,64800,34.1,30100,15.9,34400,18.1,118200,62.3,93000,49,19100,20.5,12000,12.9,31600,33.9,17700,19,12600,13.6,61300,65.9,96800,51,18100,18.7,11300,11.6,33200,34.3,12400,12.8,21800,22.5,56900,58.8
"A","North East",,,"00EH","Darlington",,,100100,19200,19.2,10600,10.6,33600,33.6,16100,16.1,20600,20.5,60300,60.2,48500,48.5,9800,20.2,5500,11.2,16300,33.6,9600,19.7,7400,15.3,31300,64.5,51500,51.5,9400,18.3,5100,10,17300,33.6,6500,12.6,13100,25.5,28900,56.2
"A","North East",,,"00EJ","Durham",,,505000,88900,17.6,63400,12.6,164600,32.6,83700,16.6,104400,20.7,311700,61.7,247200,48.9,45500,18.4,32600,13.2,80900,32.7,49900,20.2,38300,15.5,163400,66.1,257800,51.1,43400,16.8,30800,11.9,83700,32.5,33900,13.1,66100,25.6,148300,57.5
"A","North East",,,"00EM","Northumberland",,,310900,53600,17.2,30800,9.9,97400,31.3,57500,18.5,71600,23,185700,59.7,152200,48.9,27500,18.1,16200,10.7,47800,31.4,34200,22.4,26500,17.4,98200,64.5,158700,51.1,26100,16.4,14600,9.2,49600,31.2,23300,14.7,45200,28.5,87500,55.1
"B","North West",,,"00BL","Bolton",,,263700,54800,20.8,31000,11.8,89600,34,39600,15,48700,18.5,160200,60.8,129900,49.2,28400,21.9,15700,12.1,44300,34.1,23700,18.3,17700,13.6,83700,64.5,133900,50.8,26300,19.7,15300,11.4,45400,33.9,15800,11.8,31000,23.2,76500,57.1
"B","North West",,,"00BM","Bury",,,181600,36700,20.2,20400,11.2,62400,34.4,28000,15.4,34000,18.7,110800,61,88800,48.9,18700,21.1,10500,11.8,30700,34.6,16700,18.8,12200,13.7,57900,65.2,92800,51.1,18000,19.4,9800,10.6,31700,34.2,11300,12.2,21900,23.6,52900,57
"B","North West",,,"00BN","Manchester",,,473200,84000,17.7,101200,21.4,180600,38.2,48100,10.2,59400,12.5,329900,69.7,241800,51.1,43200,17.9,51000,21.1,97200,40.2,28600,11.8,21800,9,176800,73.1,231400,48.9,40800,17.6,50100,21.7,83400,36,19600,8.5,37500,16.2,153100,66.1
"B","North West",,,"00BP","Oldham",,,218200,48600,22.3,26300,12,72700,33.3,32000,14.7,38600,17.7,130900,60,106900,49,24800,23.2,13700,12.8,35800,33.5,18800,17.6,13800,12.9,68300,63.9,111200,51,23800,21.4,12600,11.3,36900,33.2,13100,11.8,24800,22.3,62600,56.3
"B","North West",,,"00BQ","Rochdale",,,204400,43500,21.3,24900,12.2,68700,33.6,31500,15.4,35800,17.5,125100,61.2,100800,49.3,22400,22.2,12700,12.6,34400,34.1,18500,18.3,12900,12.8,65600,65,103500,50.7,21100,20.4,12100,11.7,34400,33.2,13000,12.5,22900,22.1,59500,57.5
"B","North West",,,"00BR","Salford",,,223000,40700,18.2,33700,15.1,79300,35.6,30000,13.4,39300,17.6,143000,64.1,112200,50.3,21000,18.7,17600,15.7,41200,36.7,18000,16.1,14400,12.8,76800,68.4,110800,49.7,19700,17.7,16200,14.6,38100,34.4,11900,10.8,24900,22.5,66200,59.8
"B","North West",,,"00BS","Stockport",,,282500,52700,18.6,30000,10.6,96800,34.3,44600,15.8,58400,20.7,171400,60.7,137500,48.7,27200,19.8,15100,11,47600,34.6,26600,19.3,21000,15.3,89300,64.9,145000,51.3,25500,17.6,14800,10.2,49300,34,18100,12.5,37400,25.8,82100,56.6
"B","North West",,,"00BT","Tameside",,,214400,41900,19.5,25700,12,74700,34.8,32600,15.2,39500,18.4,133000,62,104600,48.8,21300,20.4,13000,12.4,36500,34.9,19600,18.7,14200,13.5,69100,66.1,109800,51.2,20500,18.7,12600,11.5,38200,34.8,13000,11.9,25400,23.1,63900,58.2
"B","North West",,,"00BU","Trafford",,,213700,42000,19.7,21800,10.2,77700,36.4,31600,14.8,40600,19,131200,61.4,105500,49.3,21600,20.5,11400,10.8,39000,37,18500,17.6,14900,14.1,69000,65.4,108300,50.7,20400,18.9,10400,9.6,38700,35.7,13100,12.1,25700,23.7,62200,57.4
"B","North West",,,"00BW","Wigan",,,305400,58100,19,34400,11.3,106000,34.7,48100,15.8,58700,19.2,188500,61.7,150900,49.4,29800,19.8,17900,11.9,52700,35,29000,19.2,21400,14.2,99600,66,154500,50.6,28300,18.3,16500,10.7,53300,34.5,19100,12.4,37300,24.1,88900,57.5
"B","North West",,,"00BX","Knowsley",,,149700,30300,20.2,20200,13.5,50400,33.6,21900,14.6,27000,18,92500,61.8,71200,47.5,15400,21.6,10300,14.5,23500,33,12300,17.3,9700,13.7,46000,64.7,78500,52.5,14900,19,9900,12.6,26900,34.3,9600,12.3,17200,21.9,46400,59.1
"B","North West",,,"00BY","Liverpool",,,441100,75100,17,79900,18.1,150700,34.2,61000,13.8,74400,16.9,291600,66.1,216400,49.1,38700,17.9,40100,18.5,75400,34.8,34900,16.1,27400,12.7,150400,69.5,224700,50.9,36500,16.2,39800,17.7,75300,33.5,26100,11.6,47100,20.9,141200,62.8
"B","North West",,,"00BZ","St. Helens",,,176700,33500,18.9,20100,11.4,59000,33.4,28500,16.1,35700,20.2,107600,60.9,86100,48.7,17200,20,10100,11.8,28900,33.5,17000,19.7,12900,15,56000,65,90600,51.3,16300,18,9900,10.9,30100,33.2,11600,12.8,22700,25.1,51600,56.9
"B","North West",,,"00CA","Sefton",,,274200,48800,17.8,31800,11.6,84100,30.7,44900,16.4,64500,23.5,160800,58.7,130400,47.6,24800,19,16300,12.5,40300,30.9,26000,19.9,23000,17.6,82600,63.3,143700,52.4,24000,16.7,15500,10.8,43800,30.5,18900,13.2,41500,28.9,78200,54.4
"B","North West",,,"00CB","Wirral",,,308500,59000,19.1,34800,11.3,95600,31,50700,16.4,68300,22.1,181200,58.7,146900,47.6,30300,20.6,17900,12.1,45000,30.6,29500,20.1,24300,16.5,92300,62.8,161600,52.4,28700,17.7,17000,10.5,50600,31.3,21300,13.2,44100,27.3,88800,55
"B","North West",,,"00EQ","Cheshire East",,,362200,66500,18.4,35700,9.8,119900,33.1,60700,16.8,79500,21.9,216200,59.7,177800,49.1,34300,19.3,18300,10.3,59500,33.4,36500,20.6,29200,16.4,114400,64.3,184400,50.9,32200,17.5,17300,9.4,60400,32.8,24100,13.1,50300,27.3,101900,55.3
"B","North West",,,"00ET","Halton",,,118500,24100,20.3,14400,12.2,39800,33.6,19800,16.7,20400,17.2,74000,62.4,57500,48.5,12300,21.4,7200,12.5,19100,33.3,11400,19.8,7500,13,37700,65.6,61100,51.5,11800,19.3,7200,11.8,20700,33.9,8400,13.8,13000,21.2,36300,59.5
"B","North West",,,"00EU","Warrington",,,196200,37800,19.3,21300,10.9,69800,35.6,30600,15.6,36600,18.7,121800,62.1,97000,49.4,19400,20,11100,11.4,34900,36,18400,18.9,13300,13.7,64300,66.3,99200,50.6,18400,18.6,10300,10.4,34900,35.2,12200,12.3,23300,23.5,57500,57.9
"B","North West",,,"00EW","Cheshire West and Chester",,,326000,59800,18.3,37100,11.4,107000,32.8,53200,16.3,68800,21.1,197400,60.5,159100,48.8,30700,19.3,18400,11.6,52900,33.2,31800,20,25300,15.9,103100,64.8,166900,51.2,29100,17.4,18700,11.2,54200,32.5,21400,12.8,43600,26.1,94200,56.5
"B","North West",,,"00EX","Blackburn with Darwen",,,139400,33900,24.3,17900,12.8,47100,33.8,19100,13.7,21400,15.4,84100,60.3,69400,49.8,17500,25.2,9300,13.4,23600,34,11200,16.2,7800,11.2,44100,63.6,70000,50.2,16400,23.4,8600,12.3,23500,33.6,7800,11.2,13600,19.5,40000,57.1
"B","North West",,,"00EY","Blackpool",,,140600,25700,18.3,16100,11.5,44900,32,22300,15.9,31500,22.4,83400,59.3,69100,49.1,13100,18.9,8300,12,22500,32.5,13500,19.6,11700,17,44300,64.1,71500,50.9,12700,17.7,7800,10.9,22500,31.4,8800,12.3,19700,27.6,39100,54.7
"B","North West","16","Cumbria","16UB","Allerdale",,,94300,16600,17.6,9000,9.6,29600,31.4,16900,17.9,22200,23.5,55600,58.9,46200,49,8500,18.3,4700,10.2,14600,31.7,10100,21.8,8300,18,29400,63.7,48100,51,8100,16.8,4300,9,15000,31.2,6800,14.2,13900,28.8,26200,54.3
"B","North West","16","Cumbria","16UC","Barrow-in-Furness",,,70800,13300,18.8,7900,11.1,22900,32.4,11500,16.2,15200,21.4,42300,59.8,34800,49.1,6900,19.8,4100,11.8,11300,32.6,6900,19.9,5600,16,22400,64.2,36000,50.9,6400,17.9,3800,10.5,11600,32.2,4600,12.7,9600,26.7,20000,55.4
"B","North West","16","Cumbria","16UD","Carlisle",,,105100,17800,16.9,13000,12.3,34500,32.9,17200,16.3,22600,21.5,64700,61.6,50900,48.4,9000,17.7,6400,12.6,17200,33.8,10100,19.8,8200,16.1,33700,66.3,54200,51.6,8800,16.3,6600,12.1,17300,32,7100,13.1,14400,26.6,31000,57.2
"B","North West","16","Cumbria","16UE","Copeland",,,70000,12400,17.7,7100,10.1,23200,33.1,12400,17.6,15000,21.5,42600,60.9,35200,50.3,6500,18.4,3800,10.8,11700,33.3,7500,21.4,5700,16.2,23000,65.4,34800,49.7,5900,16.9,3300,9.5,11400,32.9,4800,13.9,9300,26.8,19600,56.2
"B","North West","16","Cumbria","16UF","Eden",,,51700,8800,16.9,4600,8.8,15900,30.7,9800,19,12700,24.5,30200,58.5,25500,49.4,4600,17.9,2300,9.2,7900,31,5900,23,4800,18.9,16100,63.2,26200,50.6,4200,16,2200,8.5,8000,30.4,3900,15.1,7800,30,14100,54
"B","North West","16","Cumbria","16UG","South Lakeland",,,104000,16900,16.3,8900,8.5,30600,29.4,19500,18.7,28100,27,59000,56.7,50900,49,8800,17.3,4800,9.4,15100,29.7,11700,23.1,10500,20.6,31700,62.2,53000,51,8100,15.3,4100,7.7,15500,29.2,7700,14.6,17600,33.2,27300,51.5
"B","North West","30","Lancashire","30UD","Burnley",,,86000,17700,20.6,10900,12.7,27600,32.1,13500,15.7,16400,19,52000,60.4,41900,48.8,9100,21.8,5600,13.3,13200,31.5,8000,19.1,6000,14.3,26800,63.9,44100,51.2,8500,19.4,5300,12,14300,32.6,5500,12.5,10400,23.5,25200,57.1
"B","North West","30","Lancashire","30UE","Chorley",,,104700,19200,18.3,11000,10.6,36300,34.7,17900,17.1,20200,19.3,65300,62.4,52600,50.2,9700,18.4,5900,11.2,18700,35.6,10900,20.7,7400,14,35500,67.5,52100,49.8,9500,18.2,5200,9.9,17600,33.8,7100,13.5,12800,24.5,29800,57.3
"B","North West","30","Lancashire","30UF","Fylde",,,76100,12000,15.7,6800,9,23200,30.5,13400,17.6,20700,27.3,43400,57,37300,49.1,6100,16.2,3700,10,11800,31.5,8200,22,7600,20.3,23700,63.5,38800,50.9,5900,15.2,3100,7.9,11400,29.5,5200,13.3,13200,34,19700,50.8
"B","North West","30","Lancashire","30UG","Hyndburn",,,81200,17400,21.5,9600,11.8,26800,33,12300,15.2,15000,18.5,48700,60,40100,49.4,9000,22.5,5000,12.4,13300,33.1,7400,18.5,5500,13.6,25600,63.9,41100,50.6,8400,20.5,4600,11.2,13500,32.9,4900,12,9600,23.3,23100,56.2
"B","North West","30","Lancashire","30UH","Lancaster",,,139500,23700,17,22100,15.8,44200,31.7,20500,14.7,29000,20.8,86800,62.2,67800,48.6,12200,18,11100,16.3,21900,32.3,12100,17.9,10500,15.5,45100,66.5,71600,51.4,11500,16,11000,15.4,22300,31.1,8300,11.6,18500,25.9,41600,58.1
"B","North West","30","Lancashire","30UJ","Pendle",,,89100,18300,20.5,10800,12.1,28800,32.3,14500,16.3,16800,18.9,54000,60.6,43800,49.2,9300,21.2,5600,12.7,14300,32.5,8600,19.7,6100,13.9,28500,64.9,45300,50.8,9000,19.9,5200,11.5,14500,32,5900,13,10700,23.7,25600,56.4
"B","North West","30","Lancashire","30UK","Preston",,,135300,25300,18.7,23500,17.4,46100,34.1,18100,13.4,22300,16.5,87800,64.9,67800,50.1,13100,19.3,11800,17.4,23700,35,10900,16,8400,12.4,46400,68.4,67500,49.9,12200,18.1,11800,17.4,22400,33.2,7200,10.7,13900,20.6,41400,61.3
"B","North West","30","Lancashire","30UL","Ribble Valley",,,57800,10800,18.7,5500,9.5,18300,31.7,10200,17.7,13000,22.4,34000,58.9,28300,49,5600,19.8,2900,10.1,9000,31.7,6100,21.6,4800,16.9,17900,63.4,29500,51,5200,17.7,2600,8.8,9400,31.8,4100,13.9,8200,27.8,16100,54.5
"B","North West","30","Lancashire","30UM","Rossendale",,,66700,13700,20.5,7300,11,22700,34,11100,16.7,11900,17.9,41100,61.6,32700,49,7000,21.4,3800,11.5,11000,33.8,6600,20.3,4300,13.1,21400,65.6,34100,51,6700,19.7,3600,10.4,11600,34.1,4500,13.3,7700,22.5,19700,57.8
"B","North West","30","Lancashire","30UN","South Ribble",,,107500,19600,18.2,11600,10.8,36600,34.1,17600,16.4,22000,20.5,65900,61.3,52800,49.1,10100,19.1,6000,11.4,18100,34.3,10500,19.9,8100,15.4,34600,65.5,54700,50.9,9500,17.4,5600,10.3,18500,33.8,7100,13.1,13900,25.4,31300,57.2
"B","North West","30","Lancashire","30UP","West Lancashire",,,110400,20700,18.7,13400,12.1,34200,31,18600,16.8,23600,21.4,66100,59.9,53500,48.5,10700,20,6500,12.2,16600,31,10900,20.3,8800,16.5,34000,63.5,56900,51.5,10000,17.5,6800,12,17600,31,7700,13.5,14800,26,32100,56.5
"B","North West","30","Lancashire","30UQ","Wyre",,,110800,18200,16.5,11500,10.4,32400,29.3,18400,16.6,30200,27.3,62300,56.2,53600,48.4,9400,17.6,6100,11.3,15900,29.7,11000,20.5,11200,20.8,33000,61.6,57200,51.6,8800,15.4,5400,9.5,16500,28.8,7400,13,19100,33.3,29300,51.3
"D","Yorkshire and The Humber",,,"00CC","Barnsley",,,225200,42700,19,25100,11.2,76800,34.1,36300,16.1,44300,19.6,138200,61.4,110100,48.9,21800,19.8,12800,11.6,37800,34.3,21700,19.7,16000,14.5,72300,65.6,115100,51.1,20900,18.1,12300,10.7,39000,33.9,14600,12.7,28200,24.5,66000,57.3
"D","Yorkshire and The Humber",,,"00CE","Doncaster",,,289300,55600,19.2,33600,11.6,95600,33.1,46100,15.9,58300,20.2,175300,60.6,142500,49.3,28400,19.9,17700,12.4,47700,33.5,27300,19.2,21400,15,92700,65,146800,50.7,27200,18.5,15900,10.8,47900,32.6,18800,12.8,37000,25.2,82600,56.3
"D","Yorkshire and The Humber",,,"00CF","Rotherham",,,252900,49200,19.5,28600,11.3,84800,33.5,40300,15.9,49900,19.7,153800,60.8,123800,48.9,25000,20.2,14800,12,41700,33.7,24100,19.4,18200,14.7,80600,65.1,129100,51.1,24200,18.8,13800,10.7,43100,33.4,16200,12.6,31700,24.6,73200,56.7
"D","Yorkshire and The Humber",,,"00CG","Sheffield",,,539800,93100,17.3,90400,16.7,185700,34.4,72000,13.3,98600,18.3,348000,64.5,268700,49.8,47900,17.8,46700,17.4,94700,35.2,43100,16,36300,13.5,184500,68.6,271100,50.2,45200,16.7,43700,16.1,91000,33.6,28900,10.6,62300,23,163600,60.3
"D","Yorkshire and The Humber",,,"00CX","Bradford",,,501400,113100,22.6,67300,13.4,173200,34.5,67600,13.5,80100,16,308100,61.5,247100,49.3,57400,23.2,34700,14,86500,35,39800,16.1,28800,11.7,161000,65.1,254300,50.7,55800,21.9,32700,12.8,86700,34.1,27800,10.9,51300,20.2,147200,57.9
"D","Yorkshire and The Humber",,,"00CY","Calderdale",,,200100,40000,20,21700,10.8,68900,34.5,32200,16.1,37300,18.6,122800,61.4,97600,48.8,20600,21.1,11100,11.3,33700,34.5,19000,19.5,13300,13.6,63800,65.3,102500,51.2,19400,19,10600,10.4,35200,34.4,13200,12.9,24000,23.4,59100,57.6
"D","Yorkshire and The Humber",,,"00CZ","Kirklees",,,403600,83000,20.6,51700,12.8,137100,34,60800,15.1,71000,17.6,249600,61.9,198000,49.1,42300,21.4,26700,13.5,67400,34,36200,18.3,25400,12.8,130300,65.8,205600,50.9,40700,19.8,25000,12.1,69800,33.9,24600,12,45600,22.2,119300,58
"D","Yorkshire and The Humber",,,"00DA","Leeds",,,779300,132700,17,138200,17.7,278500,35.7,99800,12.8,129900,16.7,516600,66.3,383600,49.2,68100,17.7,69300,18.1,140000,36.5,58800,15.3,47500,12.4,268100,69.9,395600,50.8,64700,16.3,69000,17.4,138500,35,41000,10.4,82500,20.8,248500,62.8
"D","Yorkshire and The Humber",,,"00DB","Wakefield",,,322800,60200,18.7,36500,11.3,111500,34.5,52200,16.2,62300,19.3,200200,62,158200,49,30600,19.4,18500,11.7,55200,34.9,31300,19.8,22600,14.3,105000,66.4,164600,51,29600,18,18000,10.9,56300,34.2,21000,12.7,39700,24.1,95300,57.9
"D","Yorkshire and The Humber",,,"00FA","Kingston upon Hull, City of",,,261100,47400,18.1,42800,16.4,93100,35.7,35200,13.5,42600,16.3,171100,65.5,131900,50.5,24500,18.6,21700,16.4,48600,36.9,21200,16,15900,12.1,91400,69.3,129200,49.5,22800,17.7,21100,16.4,44500,34.4,14100,10.9,26700,20.7,79700,61.7
"D","Yorkshire and The Humber",,,"00FB","East Riding of Yorkshire",,,336100,57500,17.1,34200,10.2,104000,31,59800,17.8,80500,24,198100,58.9,165300,49.2,29200,17.7,18600,11.3,51600,31.2,35800,21.7,30000,18.2,106000,64.2,170800,50.8,28300,16.6,15600,9.1,52400,30.7,24000,14,50500,29.6,92000,53.9
"D","Yorkshire and The Humber",,,"00FC","North East Lincolnshire",,,157200,30700,19.5,19500,12.4,50400,32.1,24400,15.5,32300,20.5,94200,60,76900,49,15700,20.5,10100,13.1,24600,31.9,14600,19,11900,15.5,49300,64.1,80200,51,14900,18.6,9400,11.7,25800,32.2,9700,12.1,20400,25.4,44900,56
"D","Yorkshire and The Humber",,,"00FD","North Lincolnshire",,,160500,30200,18.8,16700,10.4,52200,32.5,27400,17.1,34100,21.2,96200,59.9,79000,49.2,15400,19.5,8700,11,25800,32.7,16300,20.7,12700,16.1,50800,64.3,81500,50.8,14800,18.1,8000,9.8,26400,32.3,11000,13.5,21400,26.2,45400,55.7
"D","Yorkshire and The Humber",,,"00FF","York",,,194900,30300,15.5,31400,16.1,67500,34.6,27600,14.2,38000,19.5,126600,65,94800,48.6,15400,16.2,15600,16.4,33700,35.5,16400,17.3,13800,14.6,65600,69.2,100100,51.4,14900,14.9,15900,15.9,33900,33.8,11200,11.2,24300,24.2,61000,60.9
"D","Yorkshire and The Humber","36","North Yorkshire","36UB","Craven",,,55700,9500,17.1,5000,9.1,16600,29.7,10300,18.5,14300,25.7,31900,57.3,27200,48.9,4900,18,2700,9.8,8200,30.1,6200,22.7,5300,19.4,17000,62.6,28500,51.1,4600,16.2,2400,8.4,8400,29.4,4100,14.4,9000,31.6,14900,52.2
"D","Yorkshire and The Humber","36","North Yorkshire","36UC","Hambleton",,,86900,15400,17.7,8200,9.5,26700,30.7,15700,18.1,20900,24.1,50600,58.2,42900,49.4,7900,18.4,4500,10.5,13200,30.6,9500,22,7900,18.5,27100,63.2,44000,50.6,7500,17,3700,8.4,13500,30.7,6300,14.2,13000,29.6,23500,53.4
"D","Yorkshire and The Humber","36","North Yorkshire","36UD","Harrogate",,,156100,28100,18,15900,10.2,51800,33.2,25700,16.5,34600,22.2,93400,59.8,76600,49.1,14200,18.5,9100,11.8,25600,33.4,15200,19.8,12600,16.4,49800,65,79500,50.9,13900,17.5,6900,8.7,26200,33,10500,13.2,22000,27.7,43600,54.8
"D","Yorkshire and The Humber","36","North Yorkshire","36UE","Richmondshire",,,51400,9300,18.1,7100,13.8,16800,32.8,8000,15.6,10100,19.8,31900,62.2,26700,51.9,4900,18.4,4800,17.8,8500,31.8,4800,17.8,3800,14.1,18000,67.4,24700,48.1,4400,17.7,2300,9.5,8400,33.9,3200,13.1,6400,25.8,13900,56.5
"D","Yorkshire and The Humber","36","North Yorkshire","36UF","Ryedale",,,53300,9100,17.2,5000,9.3,15700,29.4,9900,18.7,13500,25.4,30600,57.4,26100,49.1,4800,18.2,2600,9.8,7600,29.2,6000,22.9,5200,19.8,16200,62,27100,50.9,4400,16.1,2400,8.8,8000,29.6,3900,14.6,8400,30.8,14400,53
"D","Yorkshire and The Humber","36","North Yorkshire","36UG","Scarborough",,,108500,17900,16.5,12000,11,31100,28.6,19200,17.6,28400,26.2,62200,57.3,52300,48.2,9300,17.7,6200,11.9,15100,28.9,11300,21.6,10400,19.9,32600,62.4,56200,51.8,8600,15.3,5700,10.2,16000,28.4,7900,14,18000,32.1,29600,52.6
"D","Yorkshire and The Humber","36","North Yorkshire","36UH","Selby",,,81600,15600,19.1,8400,10.2,28000,34.3,14200,17.3,15500,19.1,50500,61.9,39900,48.9,7800,19.6,4300,10.7,13600,34.1,8400,21.2,5800,14.5,26300,66,41700,51.1,7800,18.6,4100,9.8,14400,34.4,5700,13.7,9800,23.4,24200,58
"E","East Midlands",,,"00FK","Derby",,,243200,46800,19.2,33900,13.9,86300,35.5,32300,13.3,43800,18,152500,62.7,120800,49.7,24300,20.1,17100,14.2,43500,36,19500,16.1,16500,13.7,80000,66.2,122300,50.3,22500,18.4,16800,13.7,42900,35,12900,10.5,27300,22.3,72500,59.3
"E","East Midlands",,,"00FN","Leicester",,,303800,61800,20.4,52600,17.3,110700,36.5,37100,12.2,41500,13.7,200400,66,149800,49.3,31800,21.2,24700,16.5,56100,37.4,21700,14.5,15400,10.3,102500,68.5,154000,50.7,30000,19.5,27900,18.1,54700,35.5,15300,10,26100,16.9,97900,63.6
"E","East Midlands",,,"00FP","Rutland",,,38100,7500,19.6,4400,11.7,11300,29.7,6100,16,8800,23,21900,57.4,19500,51.1,4000,20.4,2600,13.3,5900,30.5,3600,18.6,3400,17.2,12200,62.4,18600,48.9,3500,18.7,1900,10,5400,28.8,2500,13.3,5400,29.1,9700,52.2
"E","East Midlands",,,"00FY","Nottingham",,,296600,49100,16.5,67900,22.9,107700,36.3,31500,10.6,40500,13.6,207000,69.8,148800,50.2,25100,16.9,33800,22.7,56200,37.8,18800,12.6,14900,10,108800,73.1,147800,49.8,23900,16.2,34100,23,51500,34.9,12700,8.6,25600,17.3,98200,66.5
"E","East Midlands","17","Derbyshire","17UB","Amber Valley",,,120800,21900,18.1,11900,9.8,40400,33.5,20800,17.2,25700,21.3,73100,60.5,59300,49.1,11200,18.8,6100,10.3,20000,33.8,12600,21.2,9500,16,38700,65.2,61400,50.9,10700,17.5,5800,9.4,20400,33.2,8300,13.5,16300,26.5,34400,56.1
"E","East Midlands","17","Derbyshire","17UC","Bolsover",,,74300,13800,18.5,7800,10.6,25100,33.7,12100,16.3,15600,20.9,45000,60.5,36600,49.2,7100,19.4,4100,11.1,12300,33.7,7300,20.1,5700,15.7,23800,64.9,37700,50.8,6700,17.7,3800,10,12700,33.7,4700,12.5,9800,26,21200,56.3
"E","East Midlands","17","Derbyshire","17UD","Chesterfield",,,100700,18000,17.9,10400,10.3,34300,34.1,16400,16.3,21700,21.5,61100,60.6,49300,48.9,9300,18.8,5400,10.9,16900,34.4,9800,19.9,7900,16,32100,65.2,51500,51.1,8700,16.9,5000,9.7,17400,33.8,6600,12.8,13800,26.8,29000,56.3
"E","East Midlands","17","Derbyshire","17UF","Derbyshire Dales",,,70000,12200,17.4,5600,8,21200,30.3,13500,19.2,17600,25.1,40300,57.5,34700,49.5,6200,17.9,3000,8.7,10800,31.1,8200,23.6,6500,18.8,22000,63.4,35300,50.5,6000,16.8,2600,7.3,10500,29.6,5300,14.9,11100,31.3,18300,51.8
"E","East Midlands","17","Derbyshire","17UG","Erewash",,,110500,20200,18.3,12000,10.8,38500,34.8,17400,15.8,22400,20.3,67900,61.4,54000,48.9,10400,19.3,6100,11.2,18800,34.9,10600,19.5,8200,15.1,35400,65.6,56500,51.1,9800,17.3,5900,10.5,19600,34.7,6900,12.2,14300,25.3,32400,57.4
"E","East Midlands","17","Derbyshire","17UH","High Peak",,,92100,17000,18.5,9800,10.6,31300,33.9,15700,17,18300,19.9,56700,61.6,45600,49.5,8800,19.3,5200,11.3,15300,33.6,9500,20.9,6800,14.9,30000,65.8,46500,50.5,8200,17.7,4600,10,15900,34.3,6200,13.2,11500,24.8,26700,57.5
"E","East Midlands","17","Derbyshire","17UJ","North East Derbyshire",,,97900,16600,17,9600,9.8,30800,31.5,17700,18.1,23200,23.7,58100,59.4,48100,49.2,8500,17.6,5000,10.3,15200,31.7,10700,22.3,8700,18.1,30900,64.3,49800,50.8,8100,16.3,4600,9.2,15600,31.3,7000,14,14500,29.1,27200,54.6
"E","East Midlands","17","Derbyshire","17UK","South Derbyshire",,,91800,18500,20.1,9200,10,32700,35.6,14900,16.3,16500,18,56800,61.9,45800,49.9,9700,21.2,4800,10.5,16100,35.2,9000,19.6,6200,13.5,29900,65.4,46000,50.1,8800,19.1,4300,9.4,16600,36.1,6000,12.9,10300,22.5,26900,58.4
"E","East Midlands","31","Leicestershire","31UB","Blaby",,,93500,17400,18.6,9300,10,32400,34.7,15000,16,19300,20.6,56700,60.7,46400,49.7,8900,19.1,5000,10.8,16300,35.2,8900,19.3,7300,15.7,30300,65.2,47000,50.3,8600,18.2,4300,9.2,16100,34.2,6100,12.9,12000,25.5,26500,56.3
"E","East Midlands","31","Leicestershire","31UC","Charnwood",,,163300,27600,16.9,29200,17.9,51600,31.6,24700,15.1,30100,18.5,105500,64.6,81700,50,14200,17.4,16300,19.9,25200,30.8,14800,18.1,11200,13.7,56300,68.9,81600,50,13400,16.5,12900,15.8,26500,32.4,9900,12.1,18900,23.2,49200,60.3
"E","East Midlands","31","Leicestershire","31UD","Harborough",,,82700,16200,19.6,7200,8.7,27500,33.3,14500,17.5,17300,20.9,49200,59.5,41100,49.7,8400,20.5,3800,9.4,13600,33.1,8700,21.3,6500,15.8,26200,63.7,41700,50.3,7800,18.8,3300,8,14000,33.5,5800,13.8,10800,25.9,23100,55.4
"E","East Midlands","31","Leicestershire","31UE","Hinckley and Bosworth",,,104400,18500,17.7,10200,9.8,35200,33.7,18600,17.8,21900,21,64000,61.3,51400,49.2,9500,18.4,5200,10.1,17400,33.9,11100,21.6,8200,15.9,33700,65.6,53000,50.8,9000,17,5000,9.4,17800,33.5,7500,14.2,13700,25.9,30300,57.1
"E","East Midlands","31","Leicestershire","31UG","Melton",,,48700,9000,18.4,4600,9.5,15900,32.7,8800,18,10400,21.4,29300,60.2,23900,49.1,4600,19.3,2300,9.5,7900,32.9,5300,22.1,3900,16.2,15400,64.5,24800,50.9,4400,17.5,2400,9.5,8100,32.5,3500,14,6600,26.5,13900,56
"E","East Midlands","31","Leicestershire","31UH","North West Leicestershire",,,90500,17200,19.1,8600,9.5,31100,34.4,15100,16.7,18300,20.2,54900,60.7,44900,49.6,8900,19.9,4500,10,15500,34.6,9200,20.4,6800,15.1,29200,65,45600,50.4,8300,18.2,4100,9,15600,34.3,6000,13.1,11500,25.3,25700,56.5
"E","East Midlands","31","Leicestershire","31UJ","Oadby and Wigston",,,58500,10200,17.4,10000,17.2,17100,29.3,8700,14.8,12400,21.3,35900,61.3,28600,48.9,5200,18.3,5500,19.1,8000,28.1,5200,18.1,4700,16.3,18700,65.3,29900,51.1,4900,16.5,4600,15.3,9100,30.5,3500,11.7,7800,26,17200,57.5
"E","East Midlands","32","Lincolnshire","32UB","Boston",,,59100,10600,17.9,6200,10.5,17800,30.2,10100,17.1,14400,24.3,34100,57.8,29100,49.3,5400,18.6,3300,11.2,8900,30.5,6100,20.9,5500,18.7,18300,62.6,29900,50.7,5100,17.1,3000,9.9,8900,29.8,4000,13.3,8900,29.8,15900,53.1
"E","East Midlands","32","Lincolnshire","32UC","East Lindsey",,,140800,22100,15.7,13200,9.4,38400,27.2,26500,18.8,40700,28.9,78100,55.5,69300,49.2,11300,16.4,7100,10.2,18800,27.1,16000,23.1,16000,23.1,41900,60.5,71500,50.8,10700,15,6100,8.6,19500,27.3,10400,14.6,24600,34.5,36100,50.5
"E","East Midlands","32","Lincolnshire","32UD","Lincoln",,,88000,15000,17.1,17600,20,28200,32.1,11800,13.4,15400,17.5,57600,65.5,43000,48.9,7700,18,8400,19.6,14200,33,7000,16.3,5700,13.2,29600,68.8,45000,51.1,7300,16.2,9100,20.3,14100,31.2,4800,10.7,9700,21.6,28000,62.3
"E","East Midlands","32","Lincolnshire","32UE","North Kesteven",,,105000,18800,17.9,10400,9.9,34100,32.5,16900,16.1,24800,23.6,61500,58.5,51500,49,9600,18.7,5700,11.1,16600,32.3,10100,19.7,9400,18.3,32500,63,53500,51,9200,17.2,4700,8.8,17500,32.7,6800,12.7,15300,28.6,29000,54.2
"E","East Midlands","32","Lincolnshire","32UF","South Holland",,,83900,14600,17.4,7600,9.1,25400,30.3,14200,16.9,22100,26.4,47200,56.3,41100,49,7400,18,4000,9.7,12600,30.8,8500,20.7,8500,20.8,25100,61.2,42800,51,7200,16.8,3600,8.4,12800,29.9,5700,13.2,13600,31.7,22100,51.6
"E","East Midlands","32","Lincolnshire","32UG","South Kesteven",,,130500,24800,19,12500,9.6,42600,32.7,22100,17,28400,21.8,77300,59.2,63600,48.8,12600,19.8,6500,10.1,20900,32.8,13200,20.7,10600,16.6,40500,63.6,66800,51.2,12200,18.3,6000,9,21800,32.5,9000,13.4,17800,26.7,36800,55
"E","East Midlands","32","Lincolnshire","32UH","West Lindsey",,,88300,16000,18.1,8900,10.1,26800,30.4,15800,18,20700,23.5,51600,58.4,43100,48.9,8100,18.8,4600,10.7,12900,29.9,9400,21.9,8000,18.6,27000,62.5,45100,51.1,7800,17.4,4300,9.4,13900,30.9,6400,14.2,12700,28.1,24600,54.5
"E","East Midlands","34","Northamptonshire","34UB","Corby",,,54500,11400,20.8,6500,11.9,18700,34.3,8200,15.1,9800,17.9,33400,61.2,26700,49,5800,21.7,3200,12.1,9300,34.8,4800,18,3600,13.4,17300,64.9,27800,51,5600,20,3200,11.6,9400,33.8,3400,12.3,6200,22.2,16000,57.7
"E","East Midlands","34","Northamptonshire","34UC","Daventry",,,78100,15600,20,7900,10.1,26800,34.3,13500,17.2,14400,18.4,48200,61.7,39400,50.4,8100,20.6,4300,10.9,13600,34.5,8100,20.6,5300,13.5,26000,65.9,38800,49.6,7500,19.4,3700,9.4,13200,34.1,5400,13.8,9000,23.3,22200,57.3
"E","East Midlands","34","Northamptonshire","34UD","East Northamptonshire",,,84700,17600,20.8,8000,9.4,29000,34.2,14200,16.7,16000,18.9,51100,60.3,42000,49.6,9100,21.6,4200,10,14300,33.9,8600,20.4,5900,14.1,27000,64.3,42700,50.4,8600,20,3800,8.8,14700,34.4,5600,13.2,10100,23.5,24100,56.4
"E","East Midlands","34","Northamptonshire","34UE","Kettering",,,89300,17800,19.9,9000,10.1,31600,35.4,14000,15.7,16900,18.9,54700,61.2,43900,49.1,9000,20.5,4600,10.5,15800,36,8300,19,6200,14,28700,65.5,45500,50.9,8800,19.3,4400,9.7,15800,34.8,5700,12.5,10700,23.6,25900,57.1
"E","East Midlands","34","Northamptonshire","34UF","Northampton",,,208800,39900,19.1,28100,13.4,77800,37.3,29200,14,33800,16.2,135100,64.7,103200,49.4,20200,19.6,14000,13.6,39300,38.1,17400,16.8,12300,11.9,70600,68.5,105600,50.6,19600,18.6,14100,13.3,38600,36.5,11900,11.2,21500,20.3,64500,61.1
"E","East Midlands","34","Northamptonshire","34UG","South Northamptonshire",,,88200,17800,20.2,7800,8.8,31200,35.4,15100,17.1,16200,18.4,54100,61.4,43800,49.7,9100,20.8,4100,9.4,15400,35.2,9100,20.9,6000,13.7,28700,65.5,44300,50.3,8700,19.7,3600,8.2,15800,35.6,6000,13.5,10200,23,25400,57.2
"E","East Midlands","34","Northamptonshire","34UH","Wellingborough",,,75600,15000,19.8,8000,10.6,26100,34.5,12000,15.9,14500,19.1,46200,61.1,37600,49.7,7700,20.6,4200,11.2,13200,35.1,7200,19.2,5300,14,24600,65.5,38000,50.3,7200,19,3800,10,12900,34,4800,12.7,9200,24.3,21500,56.7
"E","East Midlands","37","Nottinghamshire","37UB","Ashfield",,,115700,21700,18.8,12700,11,40000,34.6,18100,15.6,23200,20.1,70800,61.2,56500,48.8,11200,19.7,6400,11.3,19600,34.6,10900,19.3,8500,15.1,36800,65.2,59200,51.2,10600,17.9,6300,10.6,20500,34.5,7200,12.1,14700,24.8,33900,57.3
"E","East Midlands","37","Nottinghamshire","37UC","Bassetlaw",,,111300,20300,18.3,11600,10.4,36700,32.9,19100,17.1,23600,21.2,67300,60.5,55300,49.7,10400,18.8,6100,11,18500,33.4,11500,20.8,8800,16,36100,65.2,56000,50.3,9900,17.7,5500,9.8,18200,32.5,7600,13.5,14800,26.4,31200,55.8
"E","East Midlands","37","Nottinghamshire","37UD","Broxtowe",,,110900,17900,16.1,13000,11.7,39800,35.9,17500,15.8,22700,20.5,70300,63.4,55000,49.6,9200,16.7,6800,12.4,20200,36.6,10400,19,8400,15.3,37400,68,55900,50.4,8700,15.6,6100,11,19700,35.2,7100,12.7,14300,25.5,32900,58.8
"E","East Midlands","37","Nottinghamshire","37UE","Gedling",,,112300,19700,17.5,11600,10.3,38200,34,18500,16.5,24400,21.7,68300,60.8,54800,48.8,10100,18.5,6000,10.9,18600,34,11000,20,9100,16.7,35500,64.8,57500,51.2,9600,16.7,5600,9.8,19600,34,7500,13.1,15200,26.5,32700,56.9
"E","East Midlands","37","Nottinghamshire","37UF","Mansfield",,,99800,18500,18.6,11600,11.6,33600,33.7,16000,16,20100,20.1,61100,61.3,48700,48.9,9400,19.4,6000,12.3,16400,33.6,9500,19.6,7400,15.2,31900,65.4,51000,51.1,9100,17.8,5600,11,17200,33.7,6400,12.6,12700,24.9,29200,57.3
"E","East Midlands","37","Nottinghamshire","37UG","Newark and Sherwood",,,112500,21000,18.7,11600,10.3,36400,32.3,19000,16.9,24600,21.9,66900,59.5,55100,48.9,10800,19.6,6000,10.9,17900,32.4,11400,20.7,9100,16.4,35200,64,57400,51.1,10200,17.8,5600,9.8,18500,32.2,7600,13.2,15500,27,31700,55.2
"E","East Midlands","37","Nottinghamshire","37UJ","Rushcliffe",,,110800,20300,18.3,11900,10.7,38100,34.4,17900,16.2,22600,20.4,67900,61.3,55000,49.6,10500,19,6100,11.1,19300,35.1,10800,19.6,8300,15.1,36200,65.8,55800,50.4,9900,17.7,5800,10.3,18800,33.7,7200,12.8,14200,25.5,31700,56.8
"F","West Midlands",,,"00CN","Birmingham",,,1019200,223000,21.9,161000,15.8,355700,34.9,121400,11.9,158100,15.5,638200,62.6,500300,49.1,113700,22.7,80100,16,177200,35.4,70700,14.1,58600,11.7,328000,65.6,518900,50.9,109300,21.1,80900,15.6,178600,34.4,50700,9.8,99500,19.2,310100,59.8
"F","West Midlands",,,"00CQ","Coventry",,,310500,59700,19.2,50500,16.3,107300,34.6,39800,12.8,53200,17.1,197500,63.6,155400,50,30600,19.7,26200,16.9,55200,35.5,23700,15.3,19600,12.6,105200,67.7,155100,50,29200,18.8,24300,15.6,52100,33.6,16000,10.3,33600,21.7,92400,59.5
"F","West Midlands",,,"00CR","Dudley",,,306300,57900,18.9,33200,10.8,102000,33.3,48400,15.8,64900,21.2,183500,59.9,150600,49.2,29800,19.8,17100,11.4,50400,33.4,29100,19.3,24200,16.1,96600,64.2,155700,50.8,28100,18.1,16000,10.3,51600,33.1,19200,12.3,40700,26.2,86800,55.8
"F","West Midlands",,,"00CS","Sandwell",,,288700,60100,20.8,34900,12.1,100900,35,39400,13.6,53400,18.5,175200,60.7,140900,48.8,30600,21.7,17700,12.5,49600,35.2,23400,16.6,19700,14,90600,64.3,147900,51.2,29600,20,17300,11.7,51400,34.7,16000,10.8,33600,22.7,84700,57.3
"F","West Midlands",,,"00CT","Solihull",,,204300,39600,19.4,22500,11,66200,32.4,32300,15.8,43700,21.4,121000,59.2,99200,48.6,20400,20.6,11600,11.7,32200,32.4,19200,19.4,15800,16,63000,63.5,105100,51.4,19200,18.3,10900,10.4,34100,32.4,13000,12.4,27900,26.5,58000,55.2
"F","West Midlands",,,"00CU","Walsall",,,255100,53500,21,30000,11.8,83000,32.5,37100,14.5,51600,20.2,150100,58.8,124300,48.7,27100,21.8,15100,12.2,40700,32.7,22100,17.8,19300,15.5,77900,62.7,130800,51.3,26400,20.1,14800,11.3,42400,32.4,15000,11.4,32300,24.7,72200,55.2
"F","West Midlands",,,"00CW","Wolverhampton",,,238100,46400,19.5,30100,12.7,82000,34.4,33200,14,46300,19.5,145300,61,117800,49.5,23900,20.3,15400,13,41400,35.1,19500,16.6,17600,14.9,76300,64.8,120300,50.5,22500,18.7,14800,12.3,40600,33.7,13700,11.4,28800,23.9,69000,57.4
"F","West Midlands",,,"00GA","Herefordshire, County of",,,179100,31300,17.5,16700,9.3,54100,30.2,32200,18,44800,25,103000,57.5,87700,49,16100,18.4,8700,9.9,26800,30.6,19200,21.9,16800,19.2,54700,62.4,91400,51,15200,16.6,8100,8.8,27300,29.8,12900,14.1,28000,30.6,48200,52.8
"F","West Midlands",,,"00GF","Telford and Wrekin",,,161700,33400,20.6,19700,12.2,55400,34.2,25200,15.6,28000,17.3,100300,62,79700,49.3,17000,21.4,10300,13,27200,34.1,14900,18.7,10200,12.8,52500,65.8,81900,50.7,16300,19.9,9400,11.4,28200,34.4,10300,12.6,17800,21.7,47800,58.4
"F","West Midlands",,,"00GG","Shropshire",,,290700,52200,18,28800,9.9,89100,30.7,50500,17.4,70100,24.1,168400,57.9,143400,49.3,26800,18.7,15900,11.1,44400,31,30200,21.1,26100,18.2,90500,63.1,147300,50.7,25400,17.3,12900,8.7,44800,30.4,20300,13.8,44000,29.8,77900,52.9
"F","West Midlands",,,"00GL","Stoke-on-Trent",,,239300,45600,19.1,31900,13.3,80300,33.6,36000,15,45400,19,148200,61.9,117000,48.9,23200,19.8,16100,13.8,39800,34,21700,18.5,16300,13.9,77500,66.3,122200,51.1,22400,18.4,15800,12.9,40500,33.1,14300,11.7,29100,23.8,70600,57.8
"F","West Midlands","41","Staffordshire","41UB","Cannock Chase",,,94300,18200,19.3,10700,11.4,33300,35.3,14800,15.7,17400,18.4,58800,62.3,46200,49,9200,19.9,5400,11.6,16500,35.7,8800,19.1,6300,13.6,30700,66.4,48100,51,8900,18.6,5300,11.1,16800,34.9,6000,12.4,11100,23,28100,58.4
"F","West Midlands","41","Staffordshire","41UC","East Staffordshire",,,108200,21300,19.7,11400,10.5,36700,33.9,17200,15.9,21600,20,65300,60.3,53400,49.3,10800,20.2,5900,11.1,18400,34.5,10400,19.4,7900,14.8,34700,65,54800,50.7,10500,19.2,5500,10,18200,33.3,6800,12.4,13700,25.1,30500,55.7
"F","West Midlands","41","Staffordshire","41UD","Lichfield",,,98000,17800,18.2,9500,9.7,31500,32.1,17100,17.4,22200,22.6,58000,59.2,48200,49.2,9100,18.9,5100,10.5,15500,32.1,10300,21.4,8300,17.2,30900,64,49800,50.8,8700,17.5,4400,8.9,16000,32.2,6700,13.5,13900,27.9,27200,54.6
"F","West Midlands","41","Staffordshire","41UE","Newcastle-under-Lyme",,,124200,20900,16.9,17300,14,40000,32.2,19900,16.1,25900,20.9,77300,62.2,60900,49.1,10700,17.6,8900,14.6,19900,32.7,12000,19.7,9400,15.4,40800,67,63200,50.9,10200,16.2,8400,13.4,20100,31.8,7900,12.5,16600,26.2,36400,57.6
"F","West Midlands","41","Staffordshire","41UF","South Staffordshire",,,106400,18100,17,11100,10.4,33100,31.1,19100,18,24900,23.4,63300,59.5,52300,49.2,9100,17.4,5900,11.3,16400,31.4,11400,21.8,9500,18.1,33700,64.5,54100,50.8,9000,16.6,5200,9.6,16700,30.9,7700,14.3,15500,28.6,29600,54.8
"F","West Midlands","41","Staffordshire","41UG","Stafford",,,125200,21300,17,13900,11.1,40700,32.5,21400,17.1,28000,22.3,76000,60.7,62100,49.6,10800,17.4,7900,12.7,20200,32.5,12900,20.7,10400,16.7,40900,65.9,63100,50.4,10500,16.6,6000,9.5,20500,32.5,8500,13.5,17600,27.9,35100,55.5
"F","West Midlands","41","Staffordshire","41UH","Staffordshire Moorlands",,,95300,16100,16.9,9000,9.4,29900,31.3,17600,18.5,22700,23.8,56500,59.3,46900,49.2,8100,17.3,4700,10.1,14900,31.8,10700,22.8,8500,18.1,30300,64.6,48400,50.8,8000,16.5,4300,8.8,15000,30.9,7000,14.4,14200,29.3,26200,54.1
"F","West Midlands","41","Staffordshire","41UK","Tamworth",,,75300,15200,20.2,8800,11.7,26300,35,12500,16.6,12400,16.5,47700,63.3,37100,49.3,7700,20.6,4500,12,13000,35,7400,20,4600,12.3,24900,67.1,38200,50.7,7500,19.7,4400,11.4,13300,34.9,5100,13.3,7900,20.6,22800,59.7
"F","West Midlands","44","Warwickshire","44UB","North Warwickshire",,,61800,11000,17.8,6400,10.3,20600,33.3,10900,17.7,12900,20.9,37900,61.3,30600,49.5,5700,18.5,3300,10.7,10200,33.3,6600,21.6,4900,15.9,20100,65.6,31200,50.5,5300,17.1,3100,10,10400,33.3,4300,13.8,8100,25.8,17800,57.1
"F","West Midlands","44","Warwickshire","44UC","Nuneaton and Bedworth",,,121800,23900,19.6,13600,11.2,41100,33.8,19600,16.1,23600,19.4,74300,61,59900,49.2,12000,20.1,6900,11.5,20600,34.4,11700,19.6,8700,14.5,39200,65.4,61800,50.8,11800,19.1,6700,10.9,20600,33.2,7800,12.6,14900,24.1,35100,56.8
"F","West Midlands","44","Warwickshire","44UD","Rugby",,,92700,18400,19.8,9400,10.2,31400,33.8,14700,15.8,18900,20.4,55400,59.8,46400,50,9500,20.5,5000,10.8,15800,34,8900,19.3,7200,15.5,29700,64.1,46400,50,8900,19.1,4400,9.5,15600,33.7,5700,12.3,11800,25.4,25700,55.5
"F","West Midlands","44","Warwickshire","44UE","Stratford-on-Avon",,,118700,21300,17.9,10000,8.4,37200,31.4,21500,18.1,28700,24.2,68700,57.9,57900,48.7,10800,18.7,5000,8.7,18400,31.8,13100,22.6,10600,18.2,36500,63.1,60800,51.3,10500,17.2,4900,8.1,18800,30.9,8400,13.9,18200,29.9,32200,52.9
"F","West Midlands","44","Warwickshire","44UF","Warwick",,,138200,23100,16.7,18100,13.1,50400,36.5,20300,14.7,26300,19,88800,64.3,69100,50,12000,17.3,9100,13.2,25900,37.5,12300,17.8,9800,14.2,47300,68.5,69100,50,11100,16.1,9000,13,24500,35.4,8100,11.7,16500,23.9,41500,60.1
"F","West Midlands","47","Worcestershire","47UB","Bromsgrove",,,93000,17100,18.4,8500,9.2,30700,33,16000,17.2,20700,22.2,55200,59.4,46000,49.5,9000,19.5,4500,9.8,15300,33.3,9500,20.7,7700,16.8,29400,63.8,46900,50.5,8200,17.4,4000,8.6,15400,32.7,6400,13.7,13000,27.6,25800,55
"F","West Midlands","47","Worcestershire","47UC","Malvern Hills",,,74800,13400,17.8,6600,8.8,21400,28.6,13600,18.2,19900,26.6,41600,55.5,36800,49.2,6900,18.6,3700,9.9,10600,28.9,8100,22.1,7500,20.4,22400,60.9,38000,50.8,6500,17.1,2900,7.7,10800,28.3,5500,14.4,12400,32.6,19100,50.3
"F","West Midlands","47","Worcestershire","47UD","Redditch",,,78800,15700,19.9,8700,11,27500,34.9,13700,17.4,13300,16.8,49900,63.3,38900,49.4,8000,20.7,4500,11.4,13600,35,8000,20.5,4800,12.4,26100,67,39900,50.6,7600,19.2,4200,10.5,13900,34.8,5700,14.3,8500,21.2,23800,59.7
"F","West Midlands","47","Worcestershire","47UE","Worcester",,,93900,17700,18.9,11300,12,34800,37.1,13400,14.3,16700,17.8,59500,63.4,46000,49,9000,19.5,5600,12.1,17500,38,7900,17.1,6100,13.2,31000,67.3,47900,51,8800,18.3,5700,11.9,17300,36.2,5500,11.5,10600,22.1,28600,59.6
"F","West Midlands","47","Worcestershire","47UF","Wychavon",,,116500,20900,18,10200,8.8,36700,31.5,21200,18.2,27500,23.6,68100,58.5,57500,49.4,10800,18.7,5400,9.4,18200,31.6,12800,22.3,10400,18,36400,63.3,59000,50.6,10200,17.2,4800,8.2,18500,31.4,8400,14.2,17100,29,31700,53.8
"F","West Midlands","47","Worcestershire","47UG","Wyre Forest",,,98300,17000,17.3,9800,9.9,31100,31.6,17500,17.8,23000,23.4,58300,59.3,48600,49.4,8900,18.3,5100,10.5,15500,31.9,10600,21.7,8500,17.6,31100,64.1,49700,50.6,8100,16.4,4700,9.4,15600,31.3,6900,13.9,14400,29,27100,54.6
"G","East of England",,,"00JA","Peterborough",,,169800,35000,20.6,20000,11.8,63500,37.4,23500,13.8,27900,16.5,106900,62.9,84100,49.6,17900,21.3,10200,12.1,32100,38.2,13600,16.2,10300,12.3,55900,66.4,85700,50.4,17100,19.9,9800,11.4,31300,36.6,9800,11.5,17600,20.6,51000,59.5
"G","East of England",,,"00KA","Luton",,,190500,42600,22.4,27800,14.6,68700,36.1,23800,12.5,27600,14.5,120300,63.2,96800,50.8,21700,22.4,14200,14.7,35700,36.9,14100,14.6,11100,11.5,64000,66.1,93700,49.2,20900,22.3,13600,14.5,33000,35.3,9700,10.4,16400,17.5,56300,60.1
"G","East of England",,,"00KB","Bedford",,,157100,31000,19.7,17800,11.3,56600,36,23300,14.8,28500,18.1,97600,62.1,77600,49.4,16000,20.6,9100,11.7,28000,36.1,13900,17.9,10700,13.7,51000,65.7,79500,50.6,15000,18.9,8600,10.9,28500,35.9,9400,11.9,17900,22.5,46600,58.6
"G","East of England",,,"00KC","Central Bedfordshire",,,251800,49800,19.8,25500,10.1,91800,36.5,40000,15.9,44500,17.7,157400,62.5,124700,49.5,25400,20.3,13500,10.8,45600,36.5,23800,19.1,16500,13.3,82800,66.4,127000,50.5,24500,19.3,12100,9.5,46300,36.4,16200,12.8,28000,22,74600,58.7
"G","East of England",,,"00KF","Southend-on-Sea",,,163100,31100,19.1,17500,10.7,55600,34.1,23900,14.7,34900,21.4,97100,59.5,79300,48.6,16200,20.5,8900,11.2,27600,34.9,14200,17.9,12300,15.5,50700,64,83800,51.4,14800,17.7,8600,10.3,28000,33.4,9700,11.6,22600,27,46400,55.3
"G","East of England",,,"00KG","Thurrock",,,155200,32700,21,17600,11.3,58800,37.9,21800,14,24400,15.7,98200,63.3,76000,48.9,16800,22.1,8700,11.5,29000,38.2,13000,17.1,8500,11.1,50700,66.8,79300,51.1,15900,20,8900,11.2,29800,37.6,8800,11.1,15900,20.1,47500,59.9
"G","East of England","12","Cambridgeshire","12UB","Cambridge",,,118700,16300,13.7,30500,25.7,43300,36.5,12400,10.5,16100,13.6,86300,72.7,60300,50.8,8100,13.5,15900,26.4,23300,38.7,7100,11.8,5800,9.6,46300,76.9,58400,49.2,8200,14,14600,25,20000,34.2,5300,9.1,10300,17.7,39900,68.3
"G","East of England","12","Cambridgeshire","12UC","East Cambridgeshire",,,82600,16000,19.4,7400,9,29300,35.4,13100,15.8,16800,20.3,49800,60.2,40800,49.3,8300,20.4,3900,9.5,14400,35.3,7900,19.3,6400,15.6,26100,64,41900,50.7,7700,18.5,3600,8.6,14900,35.6,5200,12.4,10500,25,23700,56.6
"G","East of England","12","Cambridgeshire","12UD","Fenland",,,91600,16700,18.3,8800,9.6,28900,31.5,15500,16.9,21800,23.8,53100,58,44900,49,8500,18.9,4600,10.1,14200,31.7,9300,20.7,8300,18.6,28100,62.5,46700,51,8200,17.6,4200,9.1,14600,31.3,6200,13.2,13500,28.8,25000,53.5
"G","East of England","12","Cambridgeshire","12UE","Huntingdonshire",,,165200,32600,19.8,16500,10,58800,35.6,26900,16.3,30300,18.4,102200,61.9,82400,49.9,16800,20.4,8700,10.6,29500,35.8,16100,19.6,11200,13.6,54400,66,82800,50.1,15900,19.2,7800,9.4,29300,35.4,10800,13,19100,23.1,47800,57.8
"G","East of England","12","Cambridgeshire","12UG","South Cambridgeshire",,,142400,28000,19.7,13400,9.4,50300,35.3,23300,16.4,27300,19.2,87100,61.1,70600,49.6,14300,20.3,7200,10.2,25000,35.3,13800,19.6,10200,14.5,46000,65.2,71800,50.4,13700,19.1,6200,8.7,25400,35.3,9500,13.2,17100,23.8,41100,57.2
"G","East of England","22","Essex","22UB","Basildon",,,172900,35000,20.3,19300,11.1,61700,35.7,25200,14.6,31700,18.3,106200,61.4,83900,48.5,18000,21.4,9800,11.7,30300,36.1,14600,17.5,11200,13.4,54800,65.2,89000,51.5,17100,19.2,9500,10.6,31400,35.3,10500,11.9,20500,23,51400,57.8
"G","East of England","22","Essex","22UC","Braintree",,,142400,28200,19.8,14000,9.9,49600,34.8,23100,16.2,27400,19.3,86700,60.9,70100,49.2,14400,20.5,7300,10.4,24800,35.3,13700,19.6,10000,14.2,45700,65.3,72300,50.8,13800,19.1,6800,9.4,24800,34.3,9400,13,17500,24.1,41000,56.7
"G","East of England","22","Essex","22UD","Brentwood",,,72500,13700,18.8,7300,10,24700,34.1,11200,15.5,15700,21.6,43200,59.6,35000,48.3,6900,19.6,3700,10.5,12200,34.8,6600,19,5600,16.1,22500,64.3,37500,51.7,6800,18.1,3600,9.6,12500,33.4,4600,12.2,10000,26.8,20700,55.1
"G","East of England","22","Essex","22UE","Castle Point",,,88900,15900,17.9,9500,10.7,26400,29.7,15200,17.1,21800,24.5,51200,57.6,43400,48.8,8200,18.8,4900,11.4,13100,30.3,9200,21.1,8000,18.4,27200,62.8,45500,51.2,7700,17,4600,10.1,13300,29.3,6100,13.3,13800,30.3,24000,52.7
"G","East of England","22","Essex","22UF","Chelmsford",,,165400,31100,18.8,18300,11,59200,35.8,25700,15.5,31100,18.8,103200,62.4,81800,49.4,15900,19.5,9300,11.4,29900,36.5,15300,18.8,11300,13.8,54600,66.7,83600,50.6,15200,18.2,8900,10.7,29300,35.1,10400,12.4,19800,23.7,48600,58.1
"G","East of England","22","Essex","22UG","Colchester",,,174300,31500,18.1,25600,14.7,61100,35,24900,14.3,31200,17.9,111600,64,86100,49.4,16000,18.7,13600,15.8,30500,35.5,14700,17.1,11200,13,58800,68.3,88200,50.6,15500,17.5,12000,13.6,30500,34.6,10200,11.6,20000,22.6,52800,59.8
"G","East of England","22","Essex","22UH","Epping Forest",,,123400,23400,19,12400,10.1,42300,34.3,19900,16.1,25400,20.6,74600,60.5,60200,48.8,12100,20.1,6400,10.6,20700,34.3,11900,19.8,9200,15.2,38900,64.6,63200,51.2,11300,17.9,6100,9.6,21700,34.3,8000,12.6,16200,25.6,35700,56.5
"G","East of England","22","Essex","22UJ","Harlow",,,79900,16200,20.3,9300,11.6,29500,36.9,11100,13.8,13800,17.3,49800,62.4,38800,48.6,8400,21.6,4600,11.8,14600,37.5,6400,16.5,4900,12.6,25600,65.9,41100,51.4,7900,19.1,4700,11.5,14900,36.3,4600,11.3,8900,21.8,24300,59.1
"G","East of England","22","Essex","22UK","Maldon",,,62500,11800,18.9,5800,9.4,19900,31.8,11300,18,13700,21.9,37000,59.2,30900,49.5,6200,19.9,3100,10.1,9800,31.6,6800,22.1,5000,16.3,19800,63.8,31600,50.5,5700,17.9,2700,8.6,10100,31.9,4500,14.1,8700,27.5,17200,54.6
"G","East of England","22","Essex","22UL","Rochford",,,83000,15500,18.7,8600,10.4,26600,32,13400,16.2,18800,22.7,48600,58.6,40800,49.1,8000,19.5,4700,11.4,13100,32.2,8100,19.9,6900,17,25900,63.5,42200,50.9,7500,17.9,3900,9.3,13400,31.9,5300,12.7,11900,28.3,22700,53.9
"G","East of England","22","Essex","22UN","Tendring",,,147800,24000,16.2,13800,9.4,40100,27.1,24400,16.5,45500,30.8,78300,53,71200,48.2,12200,17.2,7200,10.2,19900,27.9,14700,20.6,17200,24.2,41800,58.7,76600,51.8,11800,15.4,6600,8.6,20200,26.4,9700,12.7,28300,36.9,36500,47.7
"G","East of England","22","Essex","22UQ","Uttlesford",,,74600,15400,20.6,6900,9.2,24800,33.3,12800,17.2,14700,19.7,44500,59.6,37100,49.7,7900,21.4,3600,9.8,12400,33.3,7700,20.8,5400,14.7,23700,63.9,37500,50.3,7400,19.8,3200,8.6,12500,33.2,5100,13.6,9300,24.7,20800,55.5
"G","East of England","26","Hertfordshire","26UB","Broxbourne",,,89600,18000,20.1,9800,10.9,31800,35.4,13100,14.6,17000,19,54600,61,43400,48.4,9200,21.2,4900,11.3,15400,35.6,7700,17.7,6200,14.3,28000,64.5,46300,51.6,8800,19,4900,10.5,16300,35.3,5500,11.8,10800,23.4,26700,57.6
"G","East of England","26","Hertfordshire","26UC","Dacorum",,,139900,27700,19.8,13800,9.9,50400,36,21800,15.6,26100,18.7,86000,61.5,68700,49.1,14100,20.5,7100,10.3,25100,36.5,13000,18.9,9500,13.9,45100,65.7,71100,50.9,13700,19.2,6800,9.5,25300,35.5,8900,12.5,16600,23.3,40900,57.5
"G","East of England","26","Hertfordshire","26UD","East Hertfordshire",,,135700,27500,20.3,12400,9.1,50700,37.4,21100,15.6,24000,17.7,84200,62,66600,49,14100,21.2,6100,9.1,25000,37.5,12600,18.9,8800,13.3,43600,65.6,69200,51,13400,19.4,6300,9.1,25700,37.2,8500,12.3,15200,21.9,40500,58.6
"G","East of England","26","Hertfordshire","26UE","Hertsmere",,,97900,19800,20.3,10100,10.3,34700,35.5,14800,15.1,18400,18.8,59600,60.9,47500,48.5,10300,21.7,5100,10.7,16700,35.2,8800,18.5,6600,13.8,30600,64.4,50400,51.5,9500,18.9,5000,9.9,18000,35.8,6000,11.9,11900,23.6,29000,57.5
"G","East of England","26","Hertfordshire","26UF","North Hertfordshire",,,123700,24500,19.8,11200,9.1,44900,36.3,18800,15.2,24200,19.6,75000,60.6,60300,48.7,12400,20.5,5700,9.4,22200,36.9,11100,18.4,8900,14.8,39000,64.7,63400,51.3,12100,19.2,5600,8.8,22700,35.8,7700,12.2,15300,24.1,36000,56.8
"G","East of England","26","Hertfordshire","26UG","St Albans",,,135200,28800,21.3,11800,8.8,51100,37.8,19700,14.6,23700,17.6,82600,61.1,66600,49.3,14600,21.9,6000,9,25700,38.6,11700,17.5,8600,13,43400,65.1,68600,50.7,14200,20.7,5800,8.5,25400,37,8100,11.8,15100,22,39300,57.3
"G","East of England","26","Hertfordshire","26UH","Stevenage",,,80500,16300,20.2,9700,12.1,30000,37.2,10900,13.5,13600,16.9,50600,62.9,39800,49.4,8500,21.4,5000,12.5,14900,37.5,6400,16.2,4900,12.4,26300,66.2,40700,50.6,7800,19.1,4800,11.7,15000,37,4500,10.9,8700,21.3,24300,59.6
"G","East of England","26","Hertfordshire","26UJ","Three Rivers",,,87100,17600,20.2,8000,9.2,30800,35.3,13700,15.7,17000,19.5,52500,60.3,42200,48.5,8900,21,4200,9.9,15000,35.5,8000,19.1,6100,14.5,27200,64.5,44900,51.5,8800,19.5,3900,8.6,15800,35.1,5600,12.6,10900,24.2,25300,56.3
"G","East of England","26","Hertfordshire","26UK","Watford",,,82500,16300,19.7,9200,11.1,33900,41.1,10600,12.9,12500,15.2,53700,65.1,41200,49.9,8300,20.1,4700,11.3,17300,42.1,6300,15.4,4600,11.2,28300,68.8,41400,50.1,8000,19.4,4500,11,16600,40.1,4300,10.4,7900,19.1,25400,61.5
"G","East of England","26","Hertfordshire","26UL","Welwyn Hatfield",,,111700,20000,17.9,19200,17.2,38500,34.4,14600,13.1,19500,17.4,72300,64.7,54900,49.1,9900,18,9900,18.1,19000,34.7,8800,16,7200,13.2,37700,68.8,56900,50.9,10100,17.7,9300,16.3,19400,34.2,5800,10.3,12200,21.5,34600,60.8
"G","East of England","33","Norfolk","33UB","Breckland",,,129200,23000,17.8,12400,9.6,40200,31.1,21800,16.8,31900,24.7,74400,57.6,64100,49.6,11800,18.4,6500,10.1,20400,31.8,13100,20.4,12400,19.3,39900,62.3,65100,50.4,11200,17.1,5900,9,19900,30.5,8700,13.4,19500,29.9,34500,52.9
"G","East of England","33","Norfolk","33UC","Broadland",,,122700,21000,17.1,10800,8.8,38900,31.7,21400,17.4,30600,24.9,71100,57.9,60000,48.9,10700,17.9,5600,9.4,19400,32.3,12700,21.2,11600,19.3,37700,62.8,62700,51.1,10300,16.5,5200,8.2,19500,31.2,8600,13.8,19000,30.3,33400,53.2
"G","East of England","33","Norfolk","33UD","Great Yarmouth",,,95900,16700,17.4,10400,10.8,29400,30.7,16000,16.7,23400,24.4,55800,58.2,46800,48.8,8500,18.2,5300,11.4,14400,30.9,9700,20.8,8800,18.7,29500,63.1,49100,51.2,8200,16.7,5000,10.2,15000,30.5,6300,12.9,14600,29.7,26300,53.5
"G","East of England","33","Norfolk","33UE","King's Lynn and West Norfolk",,,142600,25100,17.6,13100,9.2,42200,29.6,24300,17,37900,26.6,79600,55.8,69600,48.8,12800,18.5,6900,9.9,20700,29.8,14500,20.8,14600,21,42100,60.5,73100,51.2,12300,16.8,6200,8.5,21500,29.4,9800,13.4,23300,31.9,37500,51.3
"G","East of England","33","Norfolk","33UF","North Norfolk",,,101500,15300,15.1,8200,8.1,26100,25.7,19100,18.8,32700,32.2,53500,52.7,49000,48.3,7900,16.1,4300,8.8,12700,25.8,11600,23.6,12600,25.7,28500,58.2,52500,51.7,7500,14.2,3900,7.5,13400,25.6,7600,14.4,20100,38.3,24900,47.5
"G","East of England","33","Norfolk","33UG","Norwich",,,137300,20400,14.8,27400,20,50300,36.6,16400,11.9,22800,16.6,94000,68.5,68000,49.6,10400,15.3,13400,19.7,26400,38.7,9600,14.1,8300,12.2,49300,72.5,69200,50.4,10000,14.4,14000,20.2,23900,34.6,6800,9.8,14500,21,44700,64.6
"G","East of England","33","Norfolk","33UH","South Norfolk",,,118100,21400,18.1,10500,8.9,36100,30.6,20800,17.6,29400,24.9,67400,57,57800,49,11000,19.1,5400,9.4,17500,30.2,12600,21.7,11300,19.6,35500,61.3,60300,51,10400,17.2,5100,8.4,18600,30.9,8200,13.6,18000,29.9,31900,52.9
"G","East of England","42","Suffolk","42UB","Babergh",,,86000,16400,19.1,7400,8.6,25900,30.1,15300,17.8,21000,24.5,48500,56.4,41900,48.7,8500,20.4,3700,8.8,12700,30.2,9200,21.9,7800,18.6,25500,61,44100,51.3,7900,17.9,3700,8.3,13200,29.9,6100,13.8,13300,30.1,23000,52
"G","East of England","42","Suffolk","42UC","Forest Heath",,,60800,12600,20.7,7200,11.8,22100,36.3,8000,13.2,10900,17.9,37300,61.3,31000,51,6400,20.8,3800,12.2,11800,38.1,4800,15.5,4200,13.4,20400,65.8,29800,49,6200,20.7,3400,11.3,10200,34.4,3300,10.9,6700,22.7,16900,56.6
"G","East of England","42","Suffolk","42UD","Ipswich",,,125400,23500,18.8,15400,12.3,46400,37,17300,13.8,22700,18.1,79200,63.1,61900,49.3,12200,19.7,7700,12.4,23200,37.5,10300,16.6,8500,13.8,41200,66.5,63500,50.7,11400,17.9,7700,12.2,23200,36.5,7000,11.1,14200,22.3,38000,59.8
"G","East of England","42","Suffolk","42UE","Mid Suffolk",,,93700,17400,18.6,8300,8.9,29800,31.8,16700,17.9,21400,22.9,54800,58.6,46700,49.8,9000,19.2,4500,9.5,15000,32.1,10000,21.4,8300,17.8,29400,63,47000,50.2,8400,17.9,3900,8.2,14800,31.5,6800,14.4,13100,27.9,25400,54.2
"G","East of England","42","Suffolk","42UF","St Edmundsbury",,,102900,19300,18.7,9700,9.4,34700,33.8,16500,16,22700,22,60900,59.2,51400,49.9,9900,19.2,5300,10.3,17900,34.8,9800,19.2,8500,16.5,33000,64.3,51500,50.1,9400,18.2,4400,8.6,16900,32.7,6600,12.9,14200,27.6,27900,54.2
"G","East of England","42","Suffolk","42UG","Suffolk Coastal",,,124100,22300,18,10800,8.7,37000,29.8,21800,17.6,32200,26,69500,56,60300,48.6,11300,18.7,5700,9.5,18100,30,13100,21.7,12200,20.2,36900,61.1,63700,51.4,11100,17.4,5100,7.9,18900,29.6,8700,13.7,20000,31.4,32600,51.2
"G","East of England","42","Suffolk","42UH","Waveney",,,117900,20600,17.5,12200,10.4,34500,29.3,19500,16.6,31100,26.4,66200,56.2,57100,48.4,10500,18.4,6300,11,16900,29.6,11700,20.5,11700,20.6,34900,61.1,60800,51.6,10100,16.6,5900,9.7,17600,29,7800,12.9,19400,31.8,31400,51.6
"H","London",,,"00AA","City of London",,,11300,800,7.4,1400,12.5,6100,53.8,1600,14.5,1300,11.8,9200,80.8,6200,54.6,500,7.5,600,9.9,3500,56.1,1100,18,500,8.5,5200,84,5100,45.4,400,7.2,800,15.5,2600,51,500,10.4,800,15.9,4000,76.9
"H","London",,,"00AB","Barking and Dagenham",,,171500,41700,24.3,21800,12.7,64600,37.7,19700,11.5,23700,13.8,106100,61.9,82600,48.2,21100,25.5,11000,13.3,30900,37.3,11500,13.9,8300,10,53300,64.5,88800,51.8,20600,23.2,10800,12.2,33700,38,8200,9.3,15500,17.4,52800,59.4
"H","London",,,"00AC","Barnet",,,338100,68300,20.2,36100,10.7,134200,39.7,44800,13.2,54800,16.2,215000,63.6,165100,48.8,34700,21,18500,11.2,67100,40.6,25400,15.4,19500,11.8,110900,67.2,173000,51.2,33600,19.4,17600,10.2,67200,38.8,19400,11.2,35300,20.4,104100,60.2
"H","London",,,"00AD","Bexley",,,225000,45100,20,25800,11.5,79100,35.2,32500,14.5,42400,18.9,137400,61.1,108300,48.2,22900,21.1,12800,11.8,38400,35.4,18900,17.4,15300,14.1,70100,64.7,116600,51.8,22200,19,13000,11.1,40700,34.9,13600,11.7,27100,23.3,67300,57.7
"H","London",,,"00AE","Brent",,,254500,50200,19.7,30700,12.1,104400,41,31600,12.4,37500,14.8,166700,65.5,127600,50.1,25600,20,15500,12.2,54400,42.6,17600,13.8,14500,11.4,87500,68.6,126900,49.9,24700,19.4,15200,12,50100,39.5,14000,11,23000,18.2,79200,62.4
"H","London",,,"00AF","Bromley",,,308000,60100,19.5,29800,9.7,113600,36.9,44600,14.5,59800,19.4,188100,61.1,148100,48.1,30600,20.7,15100,10.2,55200,37.3,26000,17.6,21200,14.3,96300,65,160000,51.9,29500,18.4,14700,9.2,58400,36.5,18600,11.6,38700,24.2,91800,57.4
"H","London",,,"00AG","Camden",,,226500,35200,15.5,33400,14.7,109900,48.5,23200,10.2,24800,11,166500,73.5,112200,49.6,17700,15.8,15900,14.2,56600,50.4,13200,11.8,8800,7.9,85700,76.4,114200,50.4,17400,15.3,17500,15.3,53400,46.7,9900,8.7,16000,14,80800,70.7
"H","London",,,"00AH","Croydon",,,341200,70700,20.7,39000,11.4,132400,38.8,46900,13.7,52200,15.3,218300,64,166900,48.9,36200,21.7,20400,12.2,64200,38.5,27000,16.2,19100,11.5,111600,66.8,174200,51.1,34500,19.8,18600,10.7,68300,39.2,19900,11.4,33000,18.9,106700,61.2
"H","London",,,"00AJ","Ealing",,,312100,59100,18.9,35500,11.4,138000,44.2,38300,12.3,41300,13.2,211800,67.8,158700,50.8,30100,19,18300,11.5,73100,46,21800,13.8,15500,9.8,113100,71.3,153400,49.2,29000,18.9,17200,11.2,64900,42.3,16500,10.8,25800,16.8,98700,64.3
"H","London",,,"00AK","Enfield",,,289000,61700,21.3,33100,11.5,111600,38.6,37700,13.1,44900,15.5,182400,63.1,141700,49,31300,22.1,16700,11.8,55500,39.1,21800,15.4,16500,11.6,93900,66.3,147300,51,30400,20.7,16400,11.1,56100,38.1,16000,10.8,28400,19.3,88500,60.1
"H","London",,,"00AL","Greenwich",,,223700,46900,21,28700,12.8,91300,40.8,26600,11.9,30300,13.5,146600,65.5,109300,48.9,24300,22.2,14600,13.4,44700,40.9,15400,14.1,10400,9.5,74700,68.3,114400,51.1,22700,19.8,14100,12.3,46600,40.8,11200,9.8,19900,17.4,71900,62.8
"H","London",,,"00AM","Hackney",,,212800,46300,21.7,26200,12.3,97700,45.9,21100,9.9,21500,10.1,145100,68.2,104300,49,23400,22.4,12800,12.2,48300,46.2,11800,11.3,8100,7.8,72800,69.8,108500,51,22800,21.1,13400,12.4,49500,45.6,9300,8.6,13400,12.3,72300,66.6
"H","London",,,"00AN","Hammersmith and Fulham",,,168600,28000,16.6,20200,12,82300,48.8,17600,10.5,20500,12.2,120100,71.2,83700,49.7,14100,16.8,9600,11.4,42800,51.1,9900,11.9,7300,8.8,62300,74.4,84900,50.3,13900,16.4,10700,12.6,39400,46.5,7700,9.1,13200,15.5,57800,68.1
"H","London",,,"00AP","Haringey",,,225300,44000,19.5,26700,11.9,105500,46.8,24000,10.6,25100,11.2,156200,69.3,113300,50.3,22300,19.7,13700,12.1,55200,48.7,13100,11.6,9000,8,82000,72.4,112000,49.7,21700,19.4,13000,11.6,50200,44.9,10900,9.7,16100,14.4,74100,66.2
"H","London",,,"00AQ","Harrow",,,225400,43200,19.2,26000,11.5,87800,38.9,31500,14,37000,16.4,145200,64.4,111800,49.6,22500,20.1,13600,12.1,44400,39.7,18000,16.1,13400,12,75900,67.9,113500,50.4,20700,18.2,12400,10.9,43400,38.2,13500,11.9,23600,20.8,69200,61
"H","London",,,"00AR","Havering",,,232300,43900,18.9,26000,11.2,78900,34,35700,15.3,47800,20.6,140600,60.5,111900,48.2,22300,19.9,13300,11.9,38600,34.5,20800,18.6,16900,15.1,72700,65,120400,51.8,21600,17.9,12600,10.5,40300,33.5,14800,12.3,31000,25.7,67800,56.3
"H","London",,,"00AS","Hillingdon",,,258100,52100,20.2,35000,13.6,96800,37.5,34100,13.2,40100,15.6,165800,64.3,126300,48.9,26800,21.2,17700,14,47400,37.5,20000,15.8,14500,11.5,85000,67.3,131700,51.1,25300,19.2,17400,13.2,49400,37.5,14100,10.7,25600,19.5,80800,61.3
"H","London",,,"00AT","Hounslow",,,230200,44300,19.2,27900,12.1,100800,43.8,28300,12.3,28900,12.6,157000,68.2,116800,50.7,22500,19.3,14200,12.2,53100,45.4,16300,13.9,10700,9.1,83500,71.5,113500,49.3,21800,19.2,13700,12.1,47700,42.1,12000,10.6,18200,16.1,73500,64.8
"H","London",,,"00AU","Islington",,,188500,30100,16,27400,14.6,92600,49.1,18300,9.7,20000,10.6,138300,73.4,93600,49.7,15400,16.4,13500,14.4,47300,50.5,10300,11,7200,7.7,71000,75.9,94800,50.3,14800,15.6,14000,14.7,45300,47.7,8100,8.5,12800,13.5,67300,71
"H","London",,,"00AW","Kensington and Chelsea",,,171100,27100,15.9,17800,10.4,76200,44.5,22000,12.9,27900,16.3,116000,67.8,83900,49,13600,16.2,9000,10.7,38900,46.4,12400,14.8,9900,11.9,60300,71.9,87200,51,13500,15.5,8900,10.2,37200,42.7,9600,11,18000,20.6,55700,63.9
"H","London",,,"00AX","Kingston upon Thames",,,164600,29200,17.7,23700,14.4,67200,40.8,21200,12.9,23300,14.1,112100,68.1,82000,49.8,14700,17.9,12000,14.6,34800,42.4,12200,14.9,8400,10.2,58900,71.9,82600,50.2,14500,17.5,11700,14.2,32500,39.3,9000,10.9,14900,18.1,53200,64.4
"H","London",,,"00AY","Lambeth",,,281400,48700,17.3,32800,11.7,146100,51.9,26400,9.4,27400,9.7,205300,73,145400,51.7,24600,16.9,16100,11.1,79700,54.8,14800,10.1,10200,7,110500,76,136000,48.3,24100,17.7,16700,12.3,66400,48.8,11600,8.6,17200,12.6,94800,69.7
"H","London",,,"00AZ","Lewisham",,,262000,51600,19.7,30800,11.7,121100,46.2,28900,11,29700,11.3,180800,69,130200,49.7,26200,20.1,15100,11.6,62100,47.7,16300,12.5,10500,8,93600,71.8,131800,50.3,25400,19.3,15700,11.9,58900,44.7,12600,9.6,19200,14.6,87200,66.2
"H","London",,,"00BA","Merton",,,202800,37100,18.3,21400,10.6,91500,45.1,24800,12.2,27900,13.8,137700,67.9,101200,49.9,19000,18.7,10800,10.7,47400,46.8,13900,13.7,10200,10,72100,71.2,101600,50.1,18200,17.9,10600,10.4,44200,43.5,10900,10.8,17800,17.5,65700,64.6
"H","London",,,"00BB","Newham",,,242400,59500,24.5,37300,15.4,97000,40,25000,10.3,23600,9.7,159400,65.7,123300,50.9,30300,24.6,20300,16.4,49500,40.2,14200,11.5,9000,7.3,84000,68.1,119100,49.1,29200,24.5,17100,14.3,47500,39.9,10800,9.1,14600,12.2,75400,63.3
"H","London",,,"00BC","Redbridge",,,263800,56400,21.4,30200,11.5,103600,39.3,34900,13.2,38700,14.7,168700,63.9,130500,49.5,28700,22,15100,11.5,52400,40.1,20200,15.5,14200,10.9,87600,67.1,133300,50.5,27700,20.8,15200,11.4,51200,38.4,14700,11,24500,18.4,81100,60.8
"H","London",,,"00BD","Richmond upon Thames",,,187200,36200,19.3,16700,8.9,79200,42.3,26800,14.3,28300,15.1,122700,65.5,91900,49.1,18500,20.2,8200,9,39800,43.3,15600,17,9700,10.6,63600,69.2,95300,50.9,17700,18.6,8400,8.8,39500,41.4,11200,11.7,18500,19.5,59100,62
"H","London",,,"00BE","Southwark",,,283000,49600,17.5,39400,13.9,136500,48.2,27900,9.9,29600,10.5,203800,72,144900,51.2,25300,17.5,20800,14.4,71900,49.7,15900,11,10900,7.5,108700,75,138200,48.8,24300,17.6,18500,13.4,64600,46.8,12000,8.7,18800,13.6,95100,68.9
"H","London",,,"00BF","Sutton",,,189500,37700,19.9,19200,10.1,75500,39.9,25900,13.7,31100,16.4,120700,63.7,92500,48.8,19200,20.8,9800,10.6,37400,40.4,15100,16.3,11000,11.9,62300,67.3,97000,51.2,18400,19,9500,9.8,38100,39.3,10800,11.1,20200,20.8,58400,60.2
"H","London",,,"00BG","Tower Hamlets",,,226800,44400,19.6,34500,15.2,111100,49,17700,7.8,19200,8.4,163300,72,116200,51.2,22300,19.2,16700,14.4,59400,51.1,10200,8.7,7700,6.6,86300,74.2,110600,48.8,22100,20,17800,16.1,51700,46.7,7500,6.8,11500,10.4,77000,69.6
"H","London",,,"00BH","Waltham Forest",,,221400,47800,21.6,26700,12.1,93500,42.2,25200,11.4,28200,12.7,145400,65.7,110900,50.1,24900,22.5,14300,12.9,47300,42.7,14100,12.7,10200,9.2,75700,68.3,110500,49.9,22900,20.7,12400,11.2,46200,41.8,11100,10,18000,16.3,69700,63
"H","London",,,"00BJ","Wandsworth",,,283700,44800,15.8,29400,10.4,152600,53.8,25500,9,31300,11,207600,73.2,137100,48.3,22600,16.5,13200,9.6,76200,55.5,14100,10.3,11100,8.1,103400,75.4,146600,51.7,22300,15.2,16200,11.1,76500,52.2,11400,7.8,20200,13.7,104100,71
"H","London",,,"00BK","Westminster",,,246600,30900,12.5,34000,13.8,123900,50.2,26500,10.7,31300,12.7,184400,74.8,124100,50.3,15700,12.6,16400,13.2,65000,52.4,15400,12.4,11700,9.4,96800,78,122500,49.7,15200,12.4,17600,14.4,58900,48.1,11100,9.1,19600,16,87600,71.5
"J","South East",,,"00LC","Medway",,,253500,51700,20.4,31700,12.5,90100,35.5,38000,15,42000,16.6,159800,63,124900,49.3,26300,21.1,16400,13.1,44400,35.6,22600,18.1,15100,12.1,83400,66.8,128600,50.7,25300,19.7,15300,11.9,45600,35.5,15400,12,27000,21,76400,59.4
"J","South East",,,"00MA","Bracknell Forest",,,114000,23300,20.5,12500,11,45300,39.7,16400,14.4,16400,14.4,74200,65.1,56700,49.7,12000,21.1,6500,11.5,22700,40,9700,17.1,5900,10.4,38900,68.5,57300,50.3,11400,19.8,6000,10.5,22600,39.5,6700,11.7,10600,18.4,35400,61.7
"J","South East",,,"00MB","West Berkshire",,,151400,31600,20.8,14600,9.6,54600,36,24300,16,26400,17.4,93500,61.7,75200,49.7,15900,21.2,7700,10.2,27500,36.5,14400,19.1,9800,13,49600,65.9,76200,50.3,15700,20.5,6900,9.1,27100,35.6,9900,13,16600,21.8,43900,57.6
"J","South East",,,"00MC","Reading",,,149200,26300,17.6,26300,17.6,59200,39.6,16700,11.2,20800,14,102200,68.5,75900,50.8,13300,17.5,12200,16.1,32700,43.1,10000,13.2,7700,10.2,54900,72.3,73400,49.2,13000,17.7,14100,19.3,26500,36.1,6700,9.1,13100,17.8,47300,64.5
"J","South East",,,"00MD","Slough",,,125800,26900,21.4,14800,11.8,52500,41.7,15600,12.4,16000,12.7,82900,65.9,63900,50.8,13900,21.7,7500,11.7,26900,42.1,9400,14.7,6300,9.8,43700,68.5,61900,49.2,13000,21,7400,11.9,25600,41.3,6200,10,9800,15.8,39100,63.2
"J","South East",,,"00ME","Windsor and Maidenhead",,,141700,28600,20.2,13500,9.5,52100,36.7,21400,15.1,26100,18.4,87100,61.4,69800,49.3,14900,21.4,7300,10.5,25700,36.8,12500,17.9,9400,13.5,45500,65.1,71900,50.7,13700,19,6200,8.6,26400,36.7,9000,12.5,16700,23.2,41600,57.8
"J","South East",,,"00MF","Wokingham",,,159700,31700,19.8,18400,11.5,58800,36.8,24400,15.3,26500,16.6,101600,63.6,79600,49.8,16500,20.7,9700,12.2,29100,36.6,14500,18.2,9800,12.3,53400,67,80100,50.2,15200,19,8600,10.8,29700,37,9900,12.4,16700,20.8,48200,60.2
"J","South East",,,"00MG","Milton Keynes",,,232900,50000,21.5,25900,11.1,90500,38.9,35300,15.1,31200,13.4,151700,65.1,117200,50.3,25800,22,13600,11.6,45900,39.2,20700,17.7,11100,9.5,80200,68.5,115800,49.7,24200,20.9,12300,10.7,44600,38.5,14500,12.6,20000,17.3,71500,61.8
"J","South East",,,"00ML","Brighton and Hove",,,253800,40700,16,40100,15.8,99900,39.3,31100,12.3,42000,16.6,171100,67.4,124700,49.1,20500,16.5,19200,15.4,51400,41.3,18500,14.8,15000,12,89100,71.5,129200,50.9,20200,15.6,20900,16.2,48400,37.5,12700,9.8,27000,20.9,82000,63.5
"J","South East",,,"00MR","Portsmouth",,,199400,33500,16.8,36800,18.5,72400,36.3,24600,12.3,32000,16,133800,67.1,99000,49.6,17300,17.4,19000,19.2,36400,36.8,14700,14.8,11600,11.8,70100,70.8,100400,50.4,16300,16.2,17900,17.8,36000,35.8,9900,9.9,20400,20.3,63800,63.5
"J","South East",,,"00MS","Southampton",,,234100,37700,16.1,47400,20.2,85100,36.3,28100,12,35900,15.3,160500,68.6,117700,50.3,19000,16.1,24100,20.5,44100,37.5,17200,14.6,13300,11.3,85400,72.5,116400,49.7,18700,16.1,23200,19.9,41000,35.2,10900,9.4,22600,19.4,75100,64.5
"J","South East",,,"00MW","Isle of Wight",,,140200,23200,16.6,13900,9.9,40500,28.9,24400,17.4,38200,27.2,78800,56.2,68000,48.5,12000,17.7,7200,10.6,20000,29.4,14700,21.6,14100,20.7,41900,61.7,72100,51.5,11200,15.6,6600,9.2,20500,28.5,9600,13.4,24100,33.4,36800,51
"J","South East","11","Buckinghamshire","11UB","Aylesbury Vale",,,172000,35300,20.5,17600,10.2,61600,35.8,27400,15.9,30000,17.5,106600,62,85400,49.6,18400,21.6,9600,11.3,30100,35.2,16100,18.9,11200,13.1,55800,65.3,86600,50.4,16900,19.6,8000,9.2,31500,36.4,11300,13.1,18800,21.7,50900,58.7
"J","South East","11","Buckinghamshire","11UC","Chiltern",,,91300,18900,20.8,8600,9.4,28800,31.6,15300,16.7,19700,21.6,52600,57.7,44000,48.3,9700,22,4300,9.8,13800,31.3,9100,20.6,7200,16.4,27200,61.7,47200,51.7,9300,19.6,4200,9,15100,31.9,6200,13.1,12500,26.4,25500,53.9
"J","South East","11","Buckinghamshire","11UE","South Bucks",,,65700,12900,19.6,5900,8.9,22000,33.5,10900,16.5,14100,21.4,38800,59,32000,48.7,6600,20.8,3000,9.4,10600,33.1,6500,20.3,5300,16.4,20100,62.8,33700,51.3,6200,18.5,2900,8.5,11400,33.9,4400,13,8800,26.2,18700,55.3
"J","South East","11","Buckinghamshire","11UF","Wycombe",,,162500,33700,20.7,17300,10.7,57000,35.1,24800,15.3,29700,18.3,99100,61,79500,48.9,16900,21.3,9000,11.3,28100,35.3,14400,18.1,11100,13.9,51500,64.8,83000,51.1,16700,20.2,8300,10,28900,34.9,10400,12.5,18600,22.5,47600,57.4
"J","South East","21","East Sussex","21UC","Eastbourne",,,96200,16400,17,10800,11.3,29200,30.4,14300,14.9,25400,26.4,54400,56.5,45300,47.1,8300,18.4,5400,12,14200,31.2,8300,18.4,9100,20,27900,61.6,50900,52.9,8100,15.8,5400,10.6,15100,29.6,6000,11.7,16400,32.2,26400,52
"J","South East","21","East Sussex","21UD","Hastings",,,86300,16700,19.4,9700,11.3,28100,32.5,13900,16.2,17900,20.7,51700,59.9,41800,48.5,8600,20.6,4900,11.8,13500,32.4,8400,20,6400,15.2,26800,64.2,44500,51.5,8100,18.2,4800,10.7,14500,32.7,5600,12.6,11500,25.8,24900,56
"J","South East","21","East Sussex","21UF","Lewes",,,95700,16700,17.4,8700,9.1,28000,29.3,16400,17.2,25900,27,53200,55.6,46100,48.1,8700,19,4600,10,13500,29.3,9700,21.1,9500,20.6,27800,60.4,49700,51.9,7900,16,4100,8.3,14500,29.3,6700,13.5,16400,33,25400,51.1
"J","South East","21","East Sussex","21UG","Rother",,,89500,14600,16.3,7200,8.1,22700,25.4,15800,17.6,29200,32.6,45700,51.1,42300,47.3,7500,17.8,3700,8.8,11000,26,9400,22.1,10700,25.3,24100,57,47200,52.7,7100,15,3500,7.4,11700,24.8,6400,13.5,18500,39.2,21600,45.8
"J","South East","21","East Sussex","21UH","Wealden",,,143400,26500,18.5,11500,8,41600,29,25500,17.8,38300,26.7,78600,54.8,68900,48,13600,19.7,5900,8.6,20100,29.2,15100,21.9,14200,20.6,41100,59.7,74500,52,12900,17.3,5600,7.4,21500,28.9,10400,13.9,24100,32.4,37400,50.3
"J","South East","24","Hampshire","24UB","Basingstoke and Deane",,,161500,32400,20.1,15500,9.6,61300,37.9,25400,15.7,26900,16.7,102100,63.3,80300,49.7,16800,20.9,7800,9.7,30700,38.3,15200,18.9,9800,12.2,53700,66.9,81200,50.3,15600,19.2,7700,9.5,30500,37.6,10200,12.6,17100,21.1,48500,59.7
"J","South East","24","Hampshire","24UC","East Hampshire",,,111200,21900,19.7,11200,10,34900,31.4,19400,17.5,23800,21.4,65500,58.9,54600,49.1,11100,20.4,6100,11.2,17100,31.3,11600,21.2,8700,15.9,34800,63.7,56600,50.9,10800,19,5000,8.9,17900,31.5,7800,13.8,15100,26.7,30700,54.2
"J","South East","24","Hampshire","24UD","Eastleigh",,,120000,22800,19,12800,10.6,42200,35.2,19400,16.1,22900,19,74300,61.9,58900,49.1,11800,19.9,6500,11.1,20800,35.3,11400,19.4,8400,14.2,38800,65.8,61100,50.9,11100,18.1,6200,10.2,21400,35,7900,13,14500,23.7,35500,58.2
"J","South East","24","Hampshire","24UE","Fareham",,,110900,19500,17.6,11700,10.5,35400,31.9,18400,16.6,25800,23.2,65500,59.1,54500,49.1,10100,18.5,6500,12,17300,31.8,11000,20.2,9600,17.5,34900,64,56400,50.9,9500,16.8,5200,9.1,18100,32.1,7400,13.2,16200,28.8,30700,54.4
"J","South East","24","Hampshire","24UF","Gosport",,,80100,15100,18.8,9800,12.2,27200,34,11900,14.9,16100,20.1,48900,61,39200,49,7700,19.7,5300,13.4,13400,34.3,7000,17.9,5800,14.8,25700,65.5,40800,51,7300,17.9,4500,11,13800,33.7,4900,12,10300,25.3,23200,56.8
"J","South East","24","Hampshire","24UG","Hart",,,90900,18400,20.3,8700,9.5,33500,36.8,14000,15.4,16300,17.9,56200,61.8,45400,50,9500,21,4800,10.6,16800,37,8200,18.2,6000,13.3,29900,65.7,45500,50,8900,19.5,3900,8.5,16700,36.7,5800,12.7,10300,22.6,26300,57.9
"J","South East","24","Hampshire","24UH","Havant",,,116500,20900,18,12800,11,34800,29.8,19300,16.6,28700,24.6,66900,57.4,56100,48.2,10700,19.1,6600,11.8,16600,29.6,11400,20.3,10700,19.1,34700,61.8,60400,51.8,10200,16.9,6200,10.2,18100,30,7900,13.1,18000,29.8,32200,53.3
"J","South East","24","Hampshire","24UJ","New Forest",,,175800,29500,16.8,15900,9.1,50800,28.9,30400,17.3,49200,28,97100,55.3,84700,48.2,15200,18,8400,9.9,24400,28.8,18200,21.5,18400,21.7,51100,60.3,91100,51.8,14300,15.7,7500,8.2,26300,28.9,12200,13.4,30800,33.8,46000,50.6
"J","South East","24","Hampshire","24UL","Rushmoor",,,91100,17900,19.7,12000,13.2,34900,38.3,12400,13.6,13800,15.2,59300,65.1,45400,49.9,9200,20.3,6600,14.5,17200,38,7500,16.4,4900,10.8,31300,68.9,45600,50.1,8700,19.1,5400,11.9,17700,38.7,4900,10.7,8900,19.5,28000,61.3
"J","South East","24","Hampshire","24UN","Test Valley",,,113500,22300,19.7,10800,9.5,38300,33.7,18900,16.7,23300,20.5,67900,59.8,55400,48.8,11400,20.6,5600,10.1,18600,33.7,11200,20.3,8500,15.4,35500,64.1,58200,51.2,10900,18.8,5200,8.9,19600,33.7,7700,13.2,14800,25.4,32400,55.8
"J","South East","24","Hampshire","24UP","Winchester",,,112200,21300,19,13400,11.9,35400,31.6,18400,16.4,23700,21.1,67200,59.9,55000,49,11100,20.2,6700,12.2,17500,31.9,10900,19.9,8700,15.8,35200,64,57200,51,10200,17.7,6700,11.6,17900,31.3,7500,13.1,15000,26.3,32000,56
"J","South East","29","Kent","29UB","Ashford",,,113000,23700,21,11400,10.1,37700,33.4,17600,15.6,22500,19.9,66800,59.1,55100,48.8,12000,21.8,5700,10.4,18500,33.6,10500,19,8400,15.2,34700,62.9,57900,51.2,11700,20.2,5700,9.9,19200,33.1,7200,12.4,14100,24.4,32100,55.4
"J","South East","29","Kent","29UC","Canterbury",,,148100,24900,16.8,26300,17.8,43600,29.4,21300,14.4,31900,21.6,91200,61.6,71100,48,13000,18.2,12900,18.1,21300,29.9,12600,17.7,11500,16.1,46700,65.7,77000,52,12000,15.6,13500,17.5,22300,29,8700,11.4,20500,26.6,44500,57.8
"J","South East","29","Kent","29UD","Dartford",,,92800,18400,19.8,10700,11.5,35000,37.7,12900,13.9,15800,17,58600,63.1,45400,48.9,9500,20.9,5400,11.9,17000,37.4,7700,16.9,5900,12.9,30100,66.2,47400,51.1,8900,18.9,5200,11.1,18000,38,5300,11.1,9900,21,28500,60.2
"J","South East","29","Kent","29UE","Dover",,,106200,19800,18.7,10800,10.1,32000,30.1,18200,17.1,25400,24,60900,57.4,51100,48.2,10100,19.8,5700,11.1,15200,29.7,10800,21.2,9300,18.2,31700,62,55100,51.8,9700,17.6,5100,9.2,16800,30.5,7300,13.3,16100,29.3,29200,53
"J","South East","29","Kent","29UG","Gravesham",,,98500,19500,19.8,11300,11.5,34000,34.5,14700,14.9,19100,19.3,60000,60.8,48300,49,10000,20.8,5600,11.7,16800,34.7,8900,18.4,6900,14.4,31300,64.8,50200,51,9500,18.9,5700,11.3,17200,34.2,5800,11.5,12100,24.1,28600,57
"J","South East","29","Kent","29UH","Maidstone",,,146800,27600,18.8,15100,10.3,50700,34.5,24000,16.3,29400,20,89800,61.2,72700,49.5,14300,19.7,8000,11,25300,34.8,14300,19.7,10800,14.9,47500,65.4,74200,50.5,13300,17.9,7100,9.6,25500,34.3,9700,13.1,18600,25.1,42300,57
"J","South East","29","Kent","29UK","Sevenoaks",,,112800,22400,19.9,10000,8.8,37000,32.8,19000,16.8,24400,21.6,66000,58.5,54400,48.2,11300,20.8,5100,9.3,17900,32.9,11200,20.7,8900,16.4,34200,62.9,58400,51.8,11100,19,4900,8.4,19200,32.8,7700,13.3,15500,26.5,31800,54.5
"J","South East","29","Kent","29UL","Shepway",,,99800,18000,18.1,9900,9.9,30600,30.7,16600,16.7,24700,24.7,57100,57.2,48200,48.2,9200,19.2,5100,10.5,15000,31.1,9800,20.4,9100,18.8,29900,62,51700,51.8,8800,17,4800,9.3,15600,30.3,6800,13.2,15600,30.3,27200,52.7
"J","South East","29","Kent","29UM","Swale",,,130800,26600,20.3,14400,11,43900,33.6,20700,15.8,25200,19.3,79000,60.4,64800,49.5,13700,21.1,7500,11.5,21800,33.6,12600,19.4,9300,14.3,41800,64.5,66000,50.5,12900,19.5,6900,10.5,22100,33.5,8200,12.4,15900,24.1,37200,56.4
"J","South East","29","Kent","29UN","Thanet",,,130200,24800,19,13800,10.6,38400,29.5,20700,15.9,32400,24.9,72900,56,62200,47.8,12900,20.8,7100,11.4,18200,29.3,12200,19.7,11700,18.8,37600,60.4,67900,52.2,11800,17.4,6700,9.9,20100,29.7,8500,12.5,20700,30.5,35300,52
"J","South East","29","Kent","29UP","Tonbridge and Malling",,,116000,24100,20.8,11300,9.8,39800,34.3,18100,15.6,22700,19.6,69200,59.7,56700,48.9,12400,21.8,5900,10.5,19300,34,10900,19.1,8300,14.6,36100,63.6,59300,51.1,11700,19.8,5400,9.1,20500,34.6,7200,12.2,14400,24.3,33100,55.9
"J","South East","29","Kent","29UQ","Tunbridge Wells",,,106800,22500,21.1,9200,8.6,37000,34.6,16700,15.7,21400,20,62900,58.9,51600,48.3,11100,21.6,4600,8.9,18400,35.8,9800,19,7600,14.8,32800,63.6,55200,51.7,11400,20.6,4600,8.4,18500,33.6,6900,12.5,13800,24.9,30100,54.5
"J","South East","38","Oxfordshire","38UB","Cherwell",,,138800,27700,20,14000,10.1,51700,37.3,21100,15.2,24200,17.4,86800,62.6,68800,49.6,14100,20.5,7200,10.5,26000,37.8,12500,18.2,9000,13,45700,66.5,70000,50.4,13600,19.5,6800,9.7,25700,36.8,8600,12.3,15300,21.8,41100,58.7
"J","South East","38","Oxfordshire","38UC","Oxford",,,146500,23300,15.9,36300,24.8,52400,35.8,15300,10.4,19200,13.1,104000,71,72500,49.5,11900,16.4,18500,25.5,26100,36,8800,12.1,7200,9.9,53400,73.6,74000,50.5,11400,15.4,17800,24.1,26300,35.6,6500,8.8,12000,16.2,50600,68.4
"J","South East","38","Oxfordshire","38UD","South Oxfordshire",,,130000,25700,19.7,12200,9.4,45000,34.6,20800,16,26400,20.3,78000,60,64100,49.3,13200,20.5,6600,10.3,22300,34.7,12400,19.4,9700,15.1,41300,64.4,65900,50.7,12500,19,5600,8.5,22700,34.5,8400,12.8,16700,25.3,36700,55.7
"J","South East","38","Oxfordshire","38UE","Vale of White Horse",,,118100,23400,19.8,11600,9.9,40000,33.8,19300,16.3,23800,20.2,70900,60,58900,49.9,12400,21,6400,10.9,19700,33.5,11500,19.5,8900,15.2,37600,63.8,59200,50.1,11000,18.7,5200,8.9,20300,34.2,7800,13.2,14900,25.1,33300,56.2
"J","South East","38","Oxfordshire","38UF","West Oxfordshire",,,102100,19800,19.4,9500,9.3,35000,34.3,16500,16.1,21300,20.9,61000,59.7,50200,49.2,10200,20.3,5100,10.2,17400,34.7,9600,19.1,7900,15.7,32100,64,51900,50.8,9600,18.6,4400,8.4,17600,34,6900,13.2,13400,25.8,28900,55.6
"J","South East","43","Surrey","43UB","Elmbridge",,,129500,26600,20.6,10500,8.1,48300,37.3,19800,15.3,24200,18.7,78700,60.7,63000,48.7,13700,21.8,5400,8.6,23600,37.4,11700,18.6,8600,13.6,40700,64.6,66500,51.3,12900,19.4,5100,7.7,24700,37.2,8100,12.2,15700,23.5,38000,57.1
"J","South East","43","Surrey","43UC","Epsom and Ewell",,,71800,13900,19.4,7600,10.5,25000,34.9,11200,15.6,14000,19.6,43800,61,34700,48.3,7100,20.5,3700,10.6,12300,35.3,6600,19.1,5000,14.5,22600,65,37100,51.7,6800,18.4,3900,10.5,12800,34.5,4600,12.4,9000,24.3,21300,57.3
"J","South East","43","Surrey","43UD","Guildford",,,134200,23700,17.7,20000,14.9,46600,34.7,19900,14.9,24000,17.9,86500,64.4,66300,49.4,12000,18.1,11100,16.7,22800,34.4,11800,17.8,8600,12.9,45700,68.9,67900,50.6,11700,17.2,8900,13.1,23800,35,8100,12,15500,22.8,40800,60.1
"J","South East","43","Surrey","43UE","Mole Valley",,,83400,15600,18.8,7100,8.5,27000,32.4,14100,16.9,19500,23.4,48200,57.8,40600,48.7,8000,19.7,3600,8.8,13400,33,8500,20.9,7100,17.6,25400,62.7,42800,51.3,7600,17.8,3500,8.2,13600,31.8,5600,13.2,12400,28.9,22800,53.2
"J","South East","43","Surrey","43UF","Reigate and Banstead",,,133400,26000,19.5,12000,9,49200,36.9,20800,15.6,25300,19,82100,61.5,65300,49,13300,20.4,6200,9.5,24500,37.5,12400,18.9,9000,13.7,43000,65.9,68100,51,12700,18.7,5800,8.5,24800,36.4,8500,12.4,16400,24,39000,57.3
"J","South East","43","Surrey","43UG","Runnymede",,,82200,13400,16.3,11700,14.2,29600,36,11900,14.5,15500,18.9,53300,64.8,39900,48.5,6900,17.2,5500,13.7,14500,36.4,7300,18.2,5800,14.5,27200,68.3,42400,51.5,6600,15.5,6300,14.8,15100,35.7,4700,11,9700,23,26000,61.5
"J","South East","43","Surrey","43UH","Spelthorne",,,91800,16800,18.3,9000,9.8,33400,36.4,13800,15,18800,20.5,56200,61.2,45100,49.2,8600,19,4700,10.3,16600,36.7,8300,18.3,7000,15.6,29500,65.4,46600,50.8,8200,17.6,4300,9.2,16800,36.1,5500,11.8,11800,25.3,26700,57.2
"J","South East","43","Surrey","43UJ","Surrey Heath",,,83000,17100,20.6,7300,8.8,30100,36.3,13200,15.9,15400,18.5,50600,60.9,40900,49.3,8800,21.5,3800,9.3,14900,36.4,7800,19.1,5600,13.7,26500,64.7,42100,50.7,8300,19.6,3500,8.3,15200,36.2,5400,12.7,9800,23.2,24100,57.2
"J","South East","43","Surrey","43UK","Tandridge",,,81300,16400,20.2,7100,8.8,26500,32.6,13900,17.1,17400,21.4,47500,58.5,39100,48.1,8200,21,3700,9.4,12800,32.6,8200,21,6300,16.1,24600,63,42200,51.9,8200,19.4,3500,8.2,13800,32.6,5700,13.4,11100,26.3,22900,54.3
"J","South East","43","Surrey","43UL","Waverley",,,118500,24300,20.5,11300,9.5,38000,32.1,19100,16.1,25900,21.8,68300,57.7,57600,48.6,12900,22.4,5800,10,18400,32,11200,19.4,9300,16.2,35400,61.5,60900,51.4,11400,18.7,5500,9,19600,32.2,7900,13,16600,27.2,33000,54.1
"J","South East","43","Surrey","43UM","Woking",,,91600,18300,19.9,8500,9.2,35500,38.7,13300,14.5,16100,17.5,57200,62.5,44800,48.9,9400,20.9,4200,9.4,17600,39.4,7800,17.4,5700,12.8,29700,66.3,46800,51.1,8900,19,4200,9,17800,38.1,5500,11.8,10300,22.1,27600,58.9
"J","South East","45","West Sussex","45UB","Adur",,,61000,10800,17.7,6200,10.1,18900,31,9800,16.1,15300,25.2,34900,57.2,29300,48.1,5500,18.9,3300,11.2,9200,31.4,5800,19.8,5500,18.6,18300,62.5,31700,51.9,5200,16.5,2900,9.1,9700,30.6,4000,12.6,9900,31.2,16500,52.3
"J","South East","45","West Sussex","45UC","Arun",,,149600,23900,15.9,13800,9.2,42800,28.6,24100,16.1,45100,30.1,80700,53.9,71300,47.7,12100,17,7300,10.3,21000,29.4,14400,20.2,16600,23.2,42700,59.8,78300,52.3,11800,15,6400,8.2,21800,27.9,9700,12.4,28500,36.4,38000,48.5
"J","South East","45","West Sussex","45UD","Chichester",,,111800,19200,17.2,10700,9.6,32200,28.8,19000,17,30700,27.4,61900,55.4,53100,47.5,9900,18.6,5200,9.8,15500,29.2,11200,21.1,11300,21.2,32000,60.2,58700,52.5,9300,15.8,5500,9.4,16700,28.5,7800,13.2,19400,33.1,30000,51.1
"J","South East","45","West Sussex","45UE","Crawley",,,104000,20400,19.6,12300,11.8,40200,38.7,14300,13.8,16900,16.2,66800,64.2,51500,49.5,10300,20.1,6100,11.9,20300,39.3,8300,16.1,6500,12.6,34600,67.3,52500,50.5,10000,19.1,6100,11.7,20000,38,6000,11.5,10400,19.7,32100,61.2
"J","South East","45","West Sussex","45UF","Horsham",,,129200,25800,19.9,11200,8.6,42500,32.9,21900,16.9,27900,21.6,75500,58.5,62900,48.7,13200,21.1,5700,9.1,20800,33.1,12900,20.6,10100,16.1,39500,62.8,66300,51.3,12500,18.9,5400,8.2,21700,32.7,8900,13.5,17800,26.8,36000,54.3
"J","South East","45","West Sussex","45UG","Mid Sussex",,,130900,26600,20.3,11600,8.8,43300,33.1,22000,16.8,27500,21,76800,58.7,63800,48.7,13900,21.7,6100,9.5,21100,33,13000,20.4,9800,15.4,40100,62.9,67100,51.3,12700,18.9,5500,8.2,22200,33.1,9000,13.4,17700,26.4,36700,54.7
"J","South East","45","West Sussex","45UH","Worthing",,,102100,18000,17.6,9900,9.7,34700,34,14900,14.6,24600,24.1,59500,58.3,49000,48,9300,19,5100,10.4,17200,35.1,8800,17.9,8600,17.6,31100,63.4,53100,52,8600,16.3,4800,9,17500,33,6100,11.5,16000,30.1,28400,53.6
"K","South West",,,"00HA","Bath and North East Somerset",,,177400,29900,16.9,28800,16.2,56500,31.8,26200,14.7,36000,20.3,111500,62.8,87800,49.5,15300,17.4,15100,17.1,28600,32.6,15500,17.6,13300,15.2,59200,67.4,89600,50.5,14600,16.3,13800,15.4,27900,31.1,10700,11.9,22700,25.3,52300,58.4
"K","South West",,,"00HB","Bristol, City of",,,426100,70500,16.5,72700,17.1,167600,39.3,51200,12,64100,15.1,291500,68.4,213100,50,35700,16.8,36500,17.1,86900,40.8,30200,14.2,23700,11.1,153600,72.1,213100,50,34700,16.3,36300,17,80700,37.8,21000,9.8,40400,19,137900,64.7
"K","South West",,,"00HC","North Somerset",,,207000,37500,18.1,19700,9.5,66600,32.2,34700,16.8,48500,23.4,121100,58.5,101600,49.1,19200,18.9,10400,10.3,33200,32.7,20800,20.5,17900,17.6,64500,63.5,105500,50.9,18300,17.3,9300,8.8,33400,31.7,13900,13.2,30600,29,56600,53.7
"K","South West",,,"00HD","South Gloucestershire",,,260400,49200,18.9,31900,12.2,91100,35,38900,14.9,49300,18.9,161900,62.2,130000,49.9,25400,19.5,17000,13.1,45800,35.2,23400,18,18400,14.2,86200,66.3,130400,50.1,23800,18.3,14900,11.4,45300,34.7,15500,11.9,30900,23.7,75700,58.1
"K","South West",,,"00HE","Cornwall",,,529200,90900,17.2,54200,10.3,158400,29.9,93700,17.7,132000,24.9,306300,57.9,257300,48.6,46600,18.1,28600,11.1,77200,30,55800,21.7,49100,19.1,161600,62.8,271900,51.4,44300,16.3,25600,9.4,81200,29.9,37800,13.9,82900,30.5,144700,53.2
"K","South West",,,"00HF","Isles of Scilly",,,2300,400,16.9,200,8.3,700,30.7,400,18.7,600,25.5,1300,57.6,1200,53.2,200,15.5,100,10.4,400,32,300,22.8,200,19.4,800,65.2,1100,46.8,200,18.5,100,5.9,300,29.1,100,14.1,300,32.4,500,49.1
"K","South West",,,"00HG","Plymouth",,,255600,43600,17.1,44800,17.5,83700,32.7,36100,14.1,47400,18.5,164500,64.4,125600,49.1,22400,17.8,23300,18.6,41900,33.3,21200,16.9,16800,13.4,86400,68.8,130000,50.9,21300,16.4,21400,16.5,41800,32.2,14900,11.4,30600,23.5,78100,60.1
"K","South West",,,"00HH","Torbay",,,134000,22400,16.7,13700,10.2,39200,29.2,22600,16.8,36200,27,75400,56.3,64800,48.3,11500,17.8,7300,11.2,19300,29.8,13400,20.6,13300,20.6,39900,61.7,69200,51.7,10900,15.8,6400,9.3,19900,28.7,9200,13.3,22800,33,35500,51.3
"K","South West",,,"00HN","Bournemouth",,,164600,25400,15.4,26600,16.2,53700,32.6,22600,13.7,36400,22.1,102900,62.5,80800,49.1,13000,16.1,13600,16.9,27200,33.7,13500,16.8,13400,16.6,54400,67.3,83800,50.9,12400,14.8,13000,15.5,26500,31.6,9000,10.8,23000,27.4,48500,57.8
"K","South West",,,"00HP","Poole",,,140700,24500,17.4,15500,11,44400,31.6,22400,15.9,33900,24.1,82200,58.5,67900,48.3,12500,18.3,8000,11.8,21700,32,13200,19.5,12500,18.4,43000,63.3,72700,51.7,12100,16.6,7500,10.3,22700,31.1,9100,12.6,21400,29.4,39300,54
"K","South West",,,"00HX","Swindon",,,196000,38400,19.6,21300,10.9,76300,38.9,27600,14.1,32500,16.6,125200,63.9,98200,50.1,19600,19.9,11100,11.3,39000,39.8,16400,16.7,12200,12.4,66500,67.7,97800,49.9,18800,19.2,10300,10.5,37200,38.1,11200,11.5,20300,20.7,58700,60
"K","South West",,,"00HY","Wiltshire",,,454100,89600,19.7,44900,9.9,150700,33.2,72900,16.1,96000,21.1,268500,59.1,223600,49.2,45300,20.3,24700,11.1,74900,33.5,42900,19.2,35600,15.9,142600,63.8,230500,50.8,44200,19.2,20100,8.7,75800,32.9,30000,13,60300,26.2,126000,54.6
"K","South West","18","Devon","18UB","East Devon",,,133000,21100,15.9,11800,8.9,35300,26.5,23100,17.4,41600,31.3,70200,52.8,63700,47.9,10700,16.9,6400,10.1,17200,27,13800,21.6,15600,24.5,37300,58.6,69300,52.1,10400,15,5400,7.8,18100,26.2,9300,13.5,26000,37.6,32900,47.4
"K","South West","18","Devon","18UC","Exeter",,,118500,18000,15.2,22400,18.9,41400,34.9,15400,13,21300,18,79200,66.8,58200,49.1,9200,15.8,10900,18.8,21400,36.9,9100,15.7,7500,12.9,41500,71.3,60300,50.9,8800,14.6,11500,19.1,19900,33,6300,10.4,13800,22.9,37700,62.5
"K","South West","18","Devon","18UD","Mid Devon",,,75600,14500,19.2,6800,9,23500,31,13400,17.7,17500,23.1,43600,57.7,37200,49.2,7400,19.8,3600,9.6,11600,31.1,8100,21.7,6600,17.8,23200,62.4,38400,50.8,7100,18.5,3200,8.3,11900,31,5300,13.9,10900,28.3,20400,53.2
"K","South West","18","Devon","18UE","North Devon",,,91500,16500,18,8700,9.5,27200,29.7,16100,17.6,23200,25.3,51900,56.7,44800,49,8400,18.8,4600,10.3,13500,30.1,9600,21.5,8600,19.3,27800,61.9,46700,51,8000,17.2,4100,8.7,13700,29.3,6400,13.8,14500,31.1,24200,51.8
"K","South West","18","Devon","18UG","South Hams",,,83600,14000,16.7,8500,10.2,23500,28.1,16000,19.1,21700,25.9,48000,57.4,40900,48.9,7200,17.5,4800,11.7,11400,27.8,9500,23.2,8100,19.8,25700,62.7,42700,51.1,6800,15.9,3700,8.8,12100,28.3,6500,15.2,13600,31.8,22300,52.3
"K","South West","18","Devon","18UH","Teignbridge",,,126600,21700,17.2,11500,9.1,37200,29.4,22700,17.9,33500,26.5,71400,56.4,61000,48.2,11200,18.3,6100,10.1,17900,29.4,13500,22.1,12300,20.2,37500,61.5,65600,51.8,10500,16.1,5300,8.1,19300,29.4,9200,14.1,21200,32.3,33900,51.6
"K","South West","18","Devon","18UK","Torridge",,,65300,11200,17.2,5700,8.7,19000,29.1,12300,18.8,17200,26.3,36900,56.5,32000,49,5800,18.1,2900,9.1,9400,29.3,7300,22.9,6600,20.7,19600,61.2,33300,51,5400,16.3,2800,8.3,9600,28.9,4900,14.8,10600,31.8,17300,51.9
"K","South West","18","Devon","18UL","West Devon",,,52800,9300,17.6,4500,8.6,15400,29.2,10000,18.9,13500,25.6,30000,56.8,26000,49.2,4800,18.6,2400,9.2,7800,30.2,5900,22.8,5000,19.2,16100,62.2,26800,50.8,4500,16.6,2200,8.1,7600,28.3,4100,15.2,8500,31.8,13800,51.6
"K","South West","19","Dorset","19UC","Christchurch",,,46700,7300,15.6,3800,8.2,12300,26.4,7500,16.1,15800,33.8,23600,50.6,22200,47.5,3800,17.1,2000,8.9,6000,27.1,4400,19.9,6000,27,12400,55.9,24500,52.5,3500,14.2,1800,7.5,6300,25.7,3100,12.7,9800,39.9,11200,45.9
"K","South West","19","Dorset","19UD","East Dorset",,,87700,14300,16.3,7100,8.1,23200,26.4,15800,18,27400,31.2,46100,52.5,42000,47.9,7300,17.2,3800,9.1,11000,26.3,9400,22.3,10500,25,24300,57.7,45700,52.1,7000,15.4,3300,7.2,12100,26.5,6400,14,16900,36.9,21800,47.7
"K","South West","19","Dorset","19UE","North Dorset",,,65700,12800,19.4,6200,9.4,18900,28.8,11200,17,16600,25.3,36300,55.2,32700,49.8,6600,20.3,3800,11.7,9300,28.5,6700,20.4,6300,19.2,19800,60.5,33000,50.2,6100,18.6,2400,7.2,9600,29.1,4500,13.7,10400,31.4,16500,50
"K","South West","19","Dorset","19UG","Purbeck",,,45400,7500,16.5,4500,9.8,12800,28.2,8200,18.1,12400,27.4,25400,56.1,22100,48.7,3800,17.3,2400,10.9,6200,28.3,4900,22.2,4700,21.3,13600,61.4,23300,51.3,3700,15.7,2100,8.9,6500,28.1,3300,14.1,7700,33.2,11900,51.1
"K","South West","19","Dorset","19UH","West Dorset",,,96700,16600,17.2,8000,8.3,25300,26.2,17700,18.3,29100,30.1,51000,52.7,46200,47.8,8400,18.2,4400,9.4,12100,26.1,10500,22.6,10900,23.6,26900,58.2,50400,52.2,8200,16.2,3600,7.2,13200,26.2,7200,14.3,18200,36.1,24100,47.7
"K","South West","19","Dorset","19UJ","Weymouth and Portland",,,63700,10900,17.1,7000,11,18900,29.7,11200,17.6,15600,24.5,37200,58.4,31600,49.6,5500,17.5,3900,12.4,9600,30.5,6700,21.3,5800,18.4,20300,64.2,32100,50.4,5400,16.8,3100,9.6,9300,29,4500,14.1,9800,30.6,16900,52.7
"K","South West","23","Gloucestershire","23UB","Cheltenham",,,112700,19900,17.7,15400,13.7,38900,34.5,15800,14.1,22600,20,70200,62.3,55400,49.1,9900,17.9,7700,13.9,20000,36.2,9400,17,8300,15,37200,67.1,57300,50.9,10000,17.4,7700,13.4,18900,33,6400,11.2,14300,24.9,33000,57.6
"K","South West","23","Gloucestershire","23UC","Cotswold",,,83600,14800,17.7,7600,9.1,25500,30.5,14900,17.8,20800,24.8,48000,57.5,40700,48.7,7500,18.4,4100,9.9,12500,30.6,8900,21.9,7800,19.1,25400,62.5,42900,51.3,7300,17,3600,8.4,13100,30.5,5900,13.9,13000,30.3,22600,52.7
"K","South West","23","Gloucestershire","23UD","Forest of Dean",,,82900,14800,17.8,9300,11.2,25100,30.3,14800,17.8,19000,22.9,49100,59.3,40700,49.1,7500,18.5,4900,12.1,12400,30.4,8700,21.4,7100,17.5,26000,63.9,42100,50.9,7200,17.2,4400,10.4,12700,30.1,6000,14.3,11800,28.1,23100,54.8
"K","South West","23","Gloucestershire","23UE","Gloucester",,,116500,23300,20,14400,12.4,42000,36.1,16200,13.9,20500,17.6,72600,62.4,57800,49.6,12100,21,7300,12.7,20900,36.3,9700,16.8,7700,13.3,38000,65.7,58700,50.4,11200,19.1,7100,12.1,21100,35.9,6500,11.1,12800,21.8,34700,59.1
"K","South West","23","Gloucestershire","23UF","Stroud",,,110600,21100,19,10100,9.2,35100,31.7,19500,17.7,24800,22.4,64700,58.6,54400,49.2,10900,20.1,5400,10,17200,31.7,11600,21.4,9200,16.9,34300,63,56200,50.8,10100,18,4700,8.4,17900,31.8,7900,14.1,15600,27.8,30500,54.2
"K","South West","23","Gloucestershire","23UG","Tewkesbury",,,79900,14300,17.8,7500,9.4,26200,32.8,13500,16.9,18500,23.2,47200,59,39000,48.8,7300,18.8,3800,9.8,12800,32.9,8100,20.6,7000,17.8,24700,63.4,40900,51.2,6900,16.9,3600,8.9,13400,32.6,5400,13.3,11600,28.2,22500,54.8
"K","South West","40","Somerset","40UB","Mendip",,,108900,21400,19.6,10900,10,34200,31.4,18500,17,24000,22,63500,58.4,53200,48.9,11000,20.7,5800,10.8,16700,31.4,10900,20.5,8800,16.6,33400,62.7,55700,51.1,10300,18.6,5100,9.2,17500,31.4,7600,13.6,15100,27.2,30200,54.2
"K","South West","40","Somerset","40UC","Sedgemoor",,,112300,20600,18.3,10900,9.7,34500,30.7,19600,17.5,26800,23.8,65000,57.9,54900,48.9,10600,19.2,5700,10.3,17000,30.9,11700,21.2,10000,18.3,34300,62.5,57400,51.1,10000,17.4,5300,9.1,17500,30.5,8000,13.9,16700,29.1,30700,53.5
"K","South West","40","Somerset","40UD","South Somerset",,,158800,28900,18.2,15300,9.6,48300,30.4,27000,17,39300,24.8,90600,57,77600,48.8,14700,18.9,8100,10.4,24000,31,16100,20.7,14700,19,48200,62.1,81200,51.2,14300,17.5,7200,8.9,24300,29.9,10900,13.4,24600,30.3,42400,52.2
"K","South West","40","Somerset","40UE","Taunton Deane",,,108600,20200,18.6,11200,10.3,34500,31.8,17500,16.2,25200,23.2,63300,58.3,52500,48.3,10300,19.6,5900,11.2,16800,32,10200,19.5,9300,17.7,32900,62.7,56100,51.7,9800,17.5,5400,9.5,17700,31.6,7300,13.1,15900,28.3,30400,54.2
"K","South West","40","Somerset","40UF","West Somerset",,,35600,5100,14.2,3400,9.6,8300,23.4,6800,19.1,12000,33.7,18500,52.1,16900,47.4,2600,15.2,1800,10.4,4000,23.6,4000,23.8,4600,27,9800,57.8,18700,52.6,2500,13.3,1700,8.9,4300,23.2,2800,14.9,7400,39.7,8800,47
,,,,"00NA","Isle of Anglesey",,,68800,12400,18,7100,10.3,20000,29,12100,17.7,17200,25.1,39200,57,33500,48.7,6500,19.2,3600,10.8,9800,29.1,7300,21.6,6500,19.3,20600,61.5,35300,51.3,5900,16.8,3500,9.8,10200,29,4900,13.9,10800,30.6,18600,52.7
,,,,"00NC","Gwynedd",,,118600,21200,17.9,16100,13.6,34300,28.9,19400,16.3,27700,23.4,69700,58.8,57500,48.5,10800,18.7,8000,13.9,16900,29.4,11700,20.3,10200,17.7,36600,63.6,61100,51.5,10400,17,8100,13.3,17400,28.4,7700,12.6,17500,28.7,33100,54.2
,,,,"00NE","Conwy",,,111400,19300,17.3,10500,9.4,32200,28.9,18700,16.8,30900,27.7,61300,55,53800,48.3,9900,18.3,5600,10.4,15700,29.2,11100,20.7,11500,21.4,32500,60.3,57600,51.7,9400,16.3,4900,8.4,16400,28.6,7500,13.1,19300,33.6,28800,50.1
,,,,"00NG","Denbighshire",,,96700,17500,18.1,9800,10.1,29000,29.9,16500,17.1,24000,24.8,55200,57.1,46900,48.5,9000,19.2,5100,11,14200,30.2,9800,20.8,8800,18.8,29100,62,49800,51.5,8500,17.1,4600,9.3,14800,29.7,6700,13.5,15200,30.5,26200,52.5
,,,,"00NJ","Flintshire",,,149700,28300,18.9,15900,10.6,50600,33.8,24600,16.4,30300,20.2,91100,60.8,73800,49.3,14400,19.6,8400,11.3,25100,34,14600,19.7,11300,15.3,48000,65.1,75900,50.7,13900,18.3,7500,9.9,25500,33.5,10000,13.2,19000,25,43000,56.7
,,,,"00NL","Wrexham",,,132700,24800,18.7,15000,11.3,44800,33.8,21600,16.3,26400,19.9,81400,61.4,65300,49.2,12700,19.5,7900,12.1,22300,34.1,12800,19.6,9700,14.8,42900,65.7,67400,50.8,12100,17.9,7100,10.5,22600,33.5,8900,13.1,16800,24.9,38500,57.2
,,,,"00NN","Powys",,,131700,23400,17.8,11900,9,37900,28.8,24300,18.5,34200,26,74100,56.3,65200,49.5,12200,18.6,6400,9.8,18800,28.9,14700,22.5,13100,20.2,39900,61.2,66500,50.5,11300,16.9,5500,8.3,19000,28.6,9700,14.5,21000,31.6,34200,51.4
,,,,"00NQ","Ceredigion",,,76800,11800,15.3,13500,17.5,19700,25.7,13400,17.4,18500,24,46600,60.6,37700,49.1,6100,16.3,7000,18.7,9400,24.9,8100,21.4,7100,18.8,24500,64.9,39100,50.9,5600,14.4,6400,16.5,10400,26.5,5300,13.6,11400,29.1,22100,56.5
,,,,"00NS","Pembrokeshire",,,117600,22200,18.9,11600,9.9,33900,28.9,20600,17.5,29300,24.9,66200,56.3,57100,48.6,11400,20,6000,10.6,16300,28.5,12300,21.5,11100,19.4,34600,60.6,60500,51.4,10800,17.8,5600,9.2,17600,29.2,8300,13.8,18200,30.1,31500,52.1
,,,,"00NU","Carmarthenshire",,,180700,33000,18.2,18800,10.4,54100,30,31500,17.4,43300,23.9,104400,57.8,87600,48.5,17100,19.5,9600,11,25900,29.6,18700,21.4,16300,18.6,54300,62,93100,51.5,15900,17.1,9200,9.9,28200,30.3,12800,13.7,27000,29,50200,53.9
,,,,"00NX","Swansea",,,230100,39900,17.3,34200,14.9,72000,31.3,34900,15.2,49100,21.4,141000,61.3,112800,49,20500,18.2,17700,15.7,36000,31.9,20400,18.1,18300,16.2,74000,65.6,117200,51,19400,16.5,16500,14.1,36000,30.7,14500,12.3,30900,26.3,67000,57.1
,,,,"00NZ","Neath Port Talbot",,,137600,25100,18.3,15300,11.1,44000,32,23100,16.8,30100,21.9,82400,59.9,67000,48.7,12900,19.2,7900,11.7,21500,32.1,13700,20.5,11100,16.5,43000,64.3,70600,51.3,12300,17.4,7400,10.5,22500,31.9,9400,13.3,19000,26.9,39300,55.7
,,,,"00PB","Bridgend",,,133900,25400,19,14300,10.7,45000,33.6,21300,15.9,27900,20.8,80600,60.2,65600,49,13000,19.9,7400,11.3,22300,34,12700,19.3,10200,15.6,42400,64.5,68300,51,12400,18.2,6900,10.1,22700,33.3,8600,12.7,17700,25.8,38300,56
,,,,"00PD","The Vale of Glamorgan",,,124100,24400,19.6,13700,11,39500,31.8,20200,16.3,26400,21.2,73400,59.1,59800,48.1,12400,20.8,7100,11.9,18700,31.3,11800,19.8,9700,16.2,37600,62.9,64400,51.9,11900,18.5,6600,10.2,20800,32.3,8400,13.1,16700,25.9,35800,55.6
,,,,"00PF","Rhondda, Cynon, Taff",,,234400,44500,19,29900,12.8,77200,32.9,36400,15.6,46300,19.8,143600,61.3,114500,48.8,22800,19.9,15500,13.5,37800,33,21600,18.9,16800,14.7,74900,65.4,119900,51.2,21700,18.1,14400,12,39500,32.9,14800,12.3,29500,24.6,68700,57.3
,,,,"00PH","Merthyr Tydfil",,,55600,10900,19.5,6800,12.2,18100,32.5,8800,15.9,11000,19.9,33700,60.6,27100,48.7,5600,20.8,3400,12.6,8800,32.4,5200,19.1,4100,15.1,17400,64.1,28500,51.3,5200,18.4,3300,11.7,9300,32.7,3700,12.8,7000,24.4,16300,57.2
,,,,"00PK","Caerphilly",,,172400,34200,19.8,19900,11.6,57500,33.4,27400,15.9,33400,19.4,104800,60.8,84300,48.9,17600,20.9,10200,12.1,28200,33.4,16100,19.1,12200,14.5,54500,64.6,88000,51.1,16500,18.8,9700,11.1,29300,33.3,11300,12.8,21200,24.1,50300,57.2
,,,,"00PL","Blaenau Gwent",,,68800,12900,18.8,8500,12.4,22000,31.9,10900,15.8,14500,21.1,41300,60.1,33300,48.5,6500,19.4,4300,13,10600,31.8,6500,19.5,5400,16.3,21400,64.3,35400,51.5,6400,18.1,4200,11.8,11400,32.1,4300,12.2,9100,25.7,19900,56.1
,,,,"00PM","Torfaen",,,90600,17400,19.2,10700,11.8,28500,31.4,14800,16.4,19200,21.2,54000,59.6,44000,48.6,8900,20.2,5600,12.6,13800,31.4,8800,20.1,6900,15.8,28200,64.1,46600,51.4,8500,18.2,5100,11,14700,31.5,6000,12.9,12300,26.3,25800,55.4
,,,,"00PP","Monmouthshire",,,87800,16300,18.5,8100,9.3,26700,30.4,15800,18,20900,23.8,50700,57.7,43100,49.1,8400,19.5,4400,10.1,13100,30.5,9400,21.9,7800,18,26900,62.5,44700,50.9,7900,17.6,3800,8.4,13600,30.4,6400,14.3,13100,29.3,23700,53
,,,,"00PR","Newport",,,139700,28600,20.5,18100,12.9,45400,32.5,20400,14.6,27200,19.5,83900,60.1,67900,48.6,14500,21.3,9200,13.6,22200,32.6,12200,17.9,9900,14.5,43600,64.1,71700,51.4,14100,19.6,8800,12.3,23200,32.4,8300,11.5,17300,24.1,40300,56.2
,,,,"00PT","Cardiff",,,330500,59600,18,61600,18.6,115900,35.1,41700,12.6,51600,15.6,219200,66.3,161500,48.9,30600,19,29900,18.5,57900,35.9,24400,15.1,18600,11.5,112200,69.5,169100,51.1,29000,17.2,31700,18.8,58000,34.3,17300,10.2,33000,19.5,107000,63.3