DATASET_TITLE,"Resident Population Estimates by Broad Age Band, Mid 2008",,,,,,,,,,FROM,Jun-2008,Jun-2008,Jun-2008,Jun-2008,Jun-2008,Jun-2008,Jun-2008,Jun-2008,Jun-2008,Jun-2008,Jun-2008,Jun-2008,Jun-2008,Jun-2008,Jun-2008,Jun-2008,Jun-2008,Jun-2008,Jun-2008,Jun-2008,Jun-2008,Jun-2008,Jun-2008,Jun-2008,Jun-2008,Jun-2008,Jun-2008,Jun-2008,Jun-2008,Jun-2008,Jun-2008,Jun-2008,Jun-2008,Jun-2008,Jun-2008,Jun-2008,Jun-2008,Jun-2008,Jun-2008,Jun-2008,Jun-2008
AREA_TYPE,Region,,,,,,,,,,TO,Jun-2008,Jun-2008,Jun-2008,Jun-2008,Jun-2008,Jun-2008,Jun-2008,Jun-2008,Jun-2008,Jun-2008,Jun-2008,Jun-2008,Jun-2008,Jun-2008,Jun-2008,Jun-2008,Jun-2008,Jun-2008,Jun-2008,Jun-2008,Jun-2008,Jun-2008,Jun-2008,Jun-2008,Jun-2008,Jun-2008,Jun-2008,Jun-2008,Jun-2008,Jun-2008,Jun-2008,Jun-2008,Jun-2008,Jun-2008,Jun-2008,Jun-2008,Jun-2008,Jun-2008,Jun-2008,Jun-2008,Jun-2008
GEO_HIERARCHY,NeSS Geography Hierarchy,,,,,,,,,,HEADING,All Persons; All Ages,All Persons; Aged 0-15,All Persons; Aged 0-15,All Persons; Aged 16-24,All Persons; Aged 16-24,All Persons; Aged 25-49,All Persons; Aged 25-49,"All Persons; Aged 50-64 (Males), 50-59 (Females)","All Persons; Aged 50-64 (Males), 50-59 (Females)","All Persons; Aged 65 and Over (Males), 60 and Over (Females)","All Persons; Aged 65 and Over (Males), 60 and Over (Females)","All Persons; Aged 16-64 (Males), 16-59 (Females)","All Persons; Aged 16-64 (Males), 16-59 (Females)",Males; All Ages,Males; All Ages,Males; Aged 0-15,Males; Aged 0-15,Males; Aged 16-24,Males; Aged 16-24,Males; Aged 25-49,Males; Aged 25-49,Males; Aged 50-64,Males; Aged 50-64,Males; Aged 65 and Over,Males; Aged 65 and Over,Males; Aged 16-64,Males; Aged 16-64,Females; All Ages,Females; All Ages,Females; Aged 0-15,Females; Aged 0-15,Females; Aged 16-24,Females; Aged 16-24,Females; Aged 25-49,Females; Aged 25-49,Females; Aged 50-59,Females; Aged 50-59,Females; Aged 60 and Over,Females; Aged 60 and Over,Females; Aged 16-59,Females; Aged 16-59
,,,,,,,,,,,MEASUREMENT_UNIT,Count,Count,Percentage,Count,Percentage,Count,Percentage,Count,Percentage,Count,Percentage,Count,Percentage,Count,Percentage,Count,Percentage,Count,Percentage,Count,Percentage,Count,Percentage,Count,Percentage,Count,Percentage,Count,Percentage,Count,Percentage,Count,Percentage,Count,Percentage,Count,Percentage,Count,Percentage,Count,Percentage
,,,,,,,,,,,STATISTICAL_UNIT,Persons,Persons,Persons,Persons,Persons,Persons,Persons,Persons,Persons,Persons,Persons,Persons,Persons,Persons,Persons,Persons,Persons,Persons,Persons,Persons,Persons,Persons,Persons,Persons,Persons,Persons,Persons,Persons,Persons,Persons,Persons,Persons,Persons,Persons,Persons,Persons,Persons,Persons,Persons,Persons,Persons
UK_CODE,UK_NAME,GB_CODE,GB_NAME,EW_CODE,EW_NAME,CTRY_CODE,CTRY_NAME,GOR_CODE,GOR_NAME,AREA_METADATA,,DATA_VALUE,DATA_VALUE,DATA_VALUE,DATA_VALUE,DATA_VALUE,DATA_VALUE,DATA_VALUE,DATA_VALUE,DATA_VALUE,DATA_VALUE,DATA_VALUE,DATA_VALUE,DATA_VALUE,DATA_VALUE,DATA_VALUE,DATA_VALUE,DATA_VALUE,DATA_VALUE,DATA_VALUE,DATA_VALUE,DATA_VALUE,DATA_VALUE,DATA_VALUE,DATA_VALUE,DATA_VALUE,DATA_VALUE,DATA_VALUE,DATA_VALUE,DATA_VALUE,DATA_VALUE,DATA_VALUE,DATA_VALUE,DATA_VALUE,DATA_VALUE,DATA_VALUE,DATA_VALUE,DATA_VALUE,DATA_VALUE,DATA_VALUE,DATA_VALUE,DATA_VALUE
"213","United Kingdom","078","Great Britain","727","England and Wales","064","England",,,,,51464600,9666300,18.8,6233600,12.1,18052200,35.1,7670400,14.9,9842100,19.1,31956200,62.1,25323500,49.2,4946900,19.5,3199200,12.6,9017900,35.6,4540000,17.9,3619400,14.3,16757200,66.2,26141200,50.8,4719400,18.1,3034400,11.6,9034200,34.6,3130400,12,6222700,23.8,15199000,58.1
"213","United Kingdom","078","Great Britain","727","England and Wales","220","Wales",,,,,2990100,552900,18.5,371100,12.4,948200,31.7,478400,16,639400,21.4,1797800,60.1,1459300,48.8,283800,19.5,190200,13,465100,31.9,283800,19.4,236400,16.2,939000,64.3,1530800,51.2,269100,17.6,180900,11.8,483200,31.6,194700,12.7,402900,26.3,858800,56.1
"213","United Kingdom","078","Great Britain","727","England and Wales",,,,,,,54454700,10219300,18.8,6604700,12.1,19000400,34.9,8148900,15,10481500,19.2,33754000,62,26782800,49.2,5230800,19.5,3389400,12.7,9483000,35.4,4823800,18,3855800,14.4,17696200,66.1,27672000,50.8,4988500,18,3215300,11.6,9517400,34.4,3325100,12,6625700,23.9,16057800,58
"213","United Kingdom","078","Great Britain","727","England and Wales","064","England","A","North East",,,2570600,461000,17.9,330900,12.9,850200,33.1,411800,16,516700,20.1,1592900,62,1256100,48.9,235900,18.8,170000,13.5,417800,33.3,243200,19.4,189100,15.1,831100,66.2,1314600,51.1,225200,17.1,160800,12.2,432400,32.9,168600,12.8,327600,24.9,761800,58
"213","United Kingdom","078","Great Britain","727","England and Wales","064","England","B","North West",,,6874100,1299700,18.9,873000,12.7,2311000,33.6,1052200,15.3,1338100,19.5,4236300,61.6,3375600,49.1,667600,19.8,446000,13.2,1150200,34.1,623900,18.5,487900,14.5,2220200,65.8,3498500,50.9,632200,18.1,427000,12.2,1160800,33.2,428300,12.2,850200,24.3,2016100,57.6
"213","United Kingdom","078","Great Britain","727","England and Wales","064","England","D","Yorkshire and The Humber",,,5217500,970700,18.6,699400,13.4,1765800,33.8,784800,15,996800,19.1,3250000,62.3,2569300,49.2,496200,19.3,360800,14,880600,34.3,467000,18.2,364700,14.2,1708400,66.5,2648200,50.8,474500,17.9,338600,12.8,885200,33.4,317800,12,632100,23.9,1541600,58.2
"213","United Kingdom","078","Great Britain","727","England and Wales","064","England","E","East Midlands",,,4429400,815800,18.4,549700,12.4,1498800,33.8,690700,15.6,874400,19.7,2739100,61.8,2188000,49.4,418800,19.1,281800,12.9,747300,34.2,414000,18.9,326200,14.9,1443100,66,2241400,50.6,397100,17.7,267900,12,751500,33.5,276700,12.3,548300,24.5,1296000,57.8
"213","United Kingdom","078","Great Britain","727","England and Wales","064","England","F","West Midlands",,,5408400,1051100,19.4,663500,12.3,1810400,33.5,817300,15.1,1066100,19.7,3291200,60.9,2661300,49.2,537100,20.2,340400,12.8,901200,33.9,487400,18.3,395200,14.9,1729000,65,2747100,50.8,513900,18.7,323200,11.8,909300,33.1,329900,12,670900,24.4,1562300,56.9
"213","United Kingdom","078","Great Britain","727","England and Wales","064","England","G","East of England",,,5717400,1085400,19,632600,11.1,1961700,34.3,879900,15.4,1157700,20.2,3474200,60.8,2813400,49.2,555300,19.7,326000,11.6,978900,34.8,523600,18.6,429700,15.3,1828400,65,2904000,50.8,530100,18.3,306700,10.6,982800,33.8,356300,12.3,728100,25.1,1645800,56.7
"213","United Kingdom","078","Great Britain","727","England and Wales","064","England","H","London",,,7668300,1472800,19.2,924500,12.1,3302700,43.1,916800,12,1051500,13.7,5144100,67.1,3802700,49.6,749900,19.7,465400,12.2,1682000,44.2,524200,13.8,381200,10,2671600,70.3,3865700,50.4,722900,18.7,459200,11.9,1620600,41.9,392600,10.2,670300,17.3,2472400,64
"213","United Kingdom","078","Great Britain","727","England and Wales","064","England","J","South East",,,8368500,1587900,19,953000,11.4,2876300,34.4,1283100,15.3,1668200,19.9,5112400,61.1,4101800,49,815000,19.9,490800,12,1424700,34.7,761400,18.6,609900,14.9,2676900,65.3,4266700,51,772900,18.1,462200,10.8,1451600,34,521700,12.2,1058300,24.8,2435500,57.1
"213","United Kingdom","078","Great Britain","727","England and Wales","064","England","K","South West",,,5210400,921900,17.7,606900,11.6,1675200,32.2,833800,16,1172500,22.5,3115900,59.8,2555400,49,471300,18.4,318100,12.4,835100,32.7,495300,19.4,435500,17,1648600,64.5,2655000,51,450600,17,288800,10.9,840100,31.6,338500,12.7,737000,27.8,1467400,55.3