DATASET_TITLE,"New Deal Programme: Starts by Ethnic Group, 2005",,,,,,,,,,FROM,Jan-2005,Jan-2005,Jan-2005,Jan-2005,Jan-2005,Jan-2005,Jan-2005,Jan-2005,Jan-2005,Jan-2005,Jan-2005,Jan-2005,Jan-2005,Jan-2005,Jan-2005,Jan-2005,Jan-2005,Jan-2005
AREA_TYPE,Region,,,,,,,,,,TO,Dec-2005,Dec-2005,Dec-2005,Dec-2005,Dec-2005,Dec-2005,Dec-2005,Dec-2005,Dec-2005,Dec-2005,Dec-2005,Dec-2005,Dec-2005,Dec-2005,Dec-2005,Dec-2005,Dec-2005,Dec-2005
GEO_HIERARCHY,NeSS Geography Hierarchy,,,,,,,,,,HEADING,New Deal Young People,New Deal Young People; White,New Deal Young People; Black or Black British,"New Deal Young People; Asian, Asian British or Chinese",New Deal Young People; Mixed or Other,New Deal Young People; Unknown or Prefer Not to Say,New Deal 25plus,New Deal 25plus; White,New Deal 25plus; Black or Black British,"New Deal 25plus; Asian, Asian British or Chinese",New Deal 25plus; Mixed or Other,New Deal 25plus; Unknown or Prefer Not to Say,New Deal Lone Parents,New Deal Lone Parents; White,New Deal Lone Parents; Black or Black British,New Deal Lone Parents; Asian or Asian British or Chinese,New Deal Lone Parents; Mixed or Other,New Deal Lone Parents; Unknown or Prefer Not to Say
,,,,,,,,,,,MEASUREMENT_UNIT,Count,Count,Count,Count,Count,Count,Count,Count,Count,Count,Count,Count,Count,Count,Count,Count,Count,Count
,,,,,,,,,,,STATISTICAL_UNIT,Cases,Cases,Cases,Cases,Cases,Cases,Cases,Cases,Cases,Cases,Cases,Cases,Cases,Cases,Cases,Cases,Cases,Cases
UK_CODE,UK_NAME,GB_CODE,GB_NAME,EW_CODE,EW_NAME,CTRY_CODE,CTRY_NAME,GOR_CODE,GOR_NAME,AREA_METADATA,,DATA_VALUE,DATA_VALUE,DATA_VALUE,DATA_VALUE,DATA_VALUE,DATA_VALUE,DATA_VALUE,DATA_VALUE,DATA_VALUE,DATA_VALUE,DATA_VALUE,DATA_VALUE,DATA_VALUE,DATA_VALUE,DATA_VALUE,DATA_VALUE,DATA_VALUE,DATA_VALUE
"213","United Kingdom","078","Great Britain","727","England and Wales","064","England",,,,,133020,96015,10680,8850,7740,9735,69090,51700,6140,3250,3535,4465,128435,103540,8645,2670,3995,9585
"213","United Kingdom","078","Great Britain","727","England and Wales","220","Wales",,,,,8610,7785,70,50,110,595,3510,3130,50,25,80,225,11350,10235,60,40,105,910
"213","United Kingdom","078","Great Britain","727","England and Wales",,,,,,,141630,103800,10750,8900,7850,10330,72600,54830,6190,3275,3615,4690,139785,113775,8705,2710,4100,10495
"213","United Kingdom","078","Great Britain","727","England and Wales","064","England","A","North East",,,10405,9290,45,65,105,900,4820,4400,30,35,60,295,10190,9295,25,55,55,760
"213","United Kingdom","078","Great Britain","727","England and Wales","064","England","B","North West",,,20400,17160,495,975,555,1215,8645,7255,245,410,205,530,21495,19095,400,340,330,1330
"213","United Kingdom","078","Great Britain","727","England and Wales","064","England","D","Yorkshire and The Humber",,,15940,12120,400,1470,665,1285,7765,6185,275,370,310,625,15710,13450,310,375,270,1305
"213","United Kingdom","078","Great Britain","727","England and Wales","064","England","E","East Midlands",,,9875,7945,430,520,465,515,5195,4090,280,400,170,255,9020,7640,315,205,220,640
"213","United Kingdom","078","Great Britain","727","England and Wales","064","England","F","West Midlands",,,17940,11980,1230,2280,1205,1245,7455,5895,440,495,285,340,12325,9615,830,535,400,945
"213","United Kingdom","078","Great Britain","727","England and Wales","064","England","G","East of England",,,9320,7785,185,300,320,730,5495,4715,140,160,140,340,11900,10260,250,130,220,1040
"213","United Kingdom","078","Great Britain","727","England and Wales","064","England","H","London",,,29495,12640,7425,2840,3815,2775,17945,8995,4325,1130,2040,1455,21065,10060,6060,860,2055,2030
"213","United Kingdom","078","Great Britain","727","England and Wales","064","England","J","South East",,,11475,9825,250,315,420,665,6640,5575,245,200,240,380,13255,11830,235,120,230,840
"213","United Kingdom","078","Great Britain","727","England and Wales","064","England","K","South West",,,8175,7270,225,80,190,410,5135,4605,165,35,80,250,13465,12300,225,35,215,690