DATASET_TITLE,Households by Selected Household Characteristics (UV67),,,,FROM,Apr-2001,Apr-2001,Apr-2001,Apr-2001,Apr-2001,Apr-2001
AREA_TYPE,County,,,,TO,Apr-2001,Apr-2001,Apr-2001,Apr-2001,Apr-2001,Apr-2001
GEO_HIERARCHY,NeSS Geography Hierarchy,,,,HEADING,All Households,Household has no selected characteristic,Household has selected characteristics in 1 dimension,Household has selected characteristics in 2 dimensions,Household has selected characteristics in 3 dimensions,Household has selected characteristics in 4 dimensions
,,,,,MEASUREMENT_UNIT,Count,Count,Count,Count,Count,Count
,,,,,STATISTICAL_UNIT,Households,Households,Households,Households,Households,Households
GOR_CODE,GOR_NAME,CTY_CODE,CTY_NAME,AREA_METADATA,,DATA_VALUE,DATA_VALUE,DATA_VALUE,DATA_VALUE,DATA_VALUE,DATA_VALUE
"A","North East","20","Durham",,,207436,54207,64724,60539,26312,1654
"A","North East","35","Northumberland",,,130780,39474,43959,34644,11950,753