DATASET_TITLE,Dwellings (UV55),,,,,,,,FROM,Apr-2001,Apr-2001,Apr-2001
AREA_TYPE,Super Output Area Middle Layer,,,,,,,,TO,Apr-2001,Apr-2001,Apr-2001
GEO_HIERARCHY,NeSS Geography Hierarchy,,,,,,,,HEADING,All Dwellings,Unshared Dwellings,Shared Dwellings
,,,,,,,,,MEASUREMENT_UNIT,Count,Count,Count
,,,,,,,,,STATISTICAL_UNIT,Dwellings,Dwellings,Dwellings
GOR_CODE,GOR_NAME,CTY_CODE,CTY_NAME,LA_CODE,LA_NAME,MSOA_CODE,MSOA_NAME,AREA_METADATA,,DATA_VALUE,DATA_VALUE,DATA_VALUE
"B","North West",,,"00BL","Bolton","E02000984","Bolton 001",,,2927,2927,0
"B","North West",,,"00BL","Bolton","E02000985","Bolton 002",,,3264,3264,0
"B","North West",,,"00BL","Bolton","E02000986","Bolton 003",,,3323,3320,3
"B","North West",,,"00BL","Bolton","E02000987","Bolton 004",,,3360,3360,0
"B","North West",,,"00BL","Bolton","E02000988","Bolton 005",,,3430,3430,0
"B","North West",,,"00BL","Bolton","E02000989","Bolton 006",,,3671,3671,0
"B","North West",,,"00BL","Bolton","E02000990","Bolton 007",,,3038,3035,3
"B","North West",,,"00BL","Bolton","E02000991","Bolton 008",,,3374,3371,3
"B","North West",,,"00BL","Bolton","E02000992","Bolton 009",,,2329,2329,0
"B","North West",,,"00BL","Bolton","E02000993","Bolton 010",,,2899,2899,0
"B","North West",,,"00BL","Bolton","E02000994","Bolton 011",,,3379,3379,0
"B","North West",,,"00BL","Bolton","E02000995","Bolton 012",,,3480,3480,0
"B","North West",,,"00BL","Bolton","E02000996","Bolton 013",,,3439,3439,0
"B","North West",,,"00BL","Bolton","E02000997","Bolton 014",,,2437,2437,0
"B","North West",,,"00BL","Bolton","E02000998","Bolton 015",,,3638,3633,5
"B","North West",,,"00BL","Bolton","E02000999","Bolton 016",,,3368,3361,7
"B","North West",,,"00BL","Bolton","E02001000","Bolton 017",,,4078,4073,5
"B","North West",,,"00BL","Bolton","E02001001","Bolton 018",,,3118,3115,3
"B","North West",,,"00BL","Bolton","E02001002","Bolton 019",,,3914,3914,0
"B","North West",,,"00BL","Bolton","E02001003","Bolton 020",,,2859,2859,0
"B","North West",,,"00BL","Bolton","E02001004","Bolton 021",,,3141,3135,6
"B","North West",,,"00BL","Bolton","E02001005","Bolton 022",,,3090,3087,3
"B","North West",,,"00BL","Bolton","E02001006","Bolton 023",,,2869,2866,3
"B","North West",,,"00BL","Bolton","E02001007","Bolton 024",,,4197,4197,0
"B","North West",,,"00BL","Bolton","E02001008","Bolton 025",,,2823,2820,3
"B","North West",,,"00BL","Bolton","E02001009","Bolton 026",,,2904,2901,3
"B","North West",,,"00BL","Bolton","E02001010","Bolton 027",,,2505,2502,3
"B","North West",,,"00BL","Bolton","E02001011","Bolton 028",,,3384,3384,0
"B","North West",,,"00BL","Bolton","E02001012","Bolton 029",,,3017,3017,0
"B","North West",,,"00BL","Bolton","E02001013","Bolton 030",,,2470,2470,0
"B","North West",,,"00BL","Bolton","E02001014","Bolton 031",,,3511,3511,0
"B","North West",,,"00BL","Bolton","E02001015","Bolton 032",,,3570,3570,0
"B","North West",,,"00BL","Bolton","E02001016","Bolton 033",,,3317,3317,0
"B","North West",,,"00BL","Bolton","E02001017","Bolton 034",,,4269,4269,0
"B","North West",,,"00BL","Bolton","E02001018","Bolton 035",,,2920,2920,0
"B","North West",,,"00BM","Bury","E02001019","Bury 001",,,3782,3782,0
"B","North West",,,"00BM","Bury","E02001020","Bury 002",,,2512,2512,0
"B","North West",,,"00BM","Bury","E02001021","Bury 003",,,3123,3120,3
"B","North West",,,"00BM","Bury","E02001022","Bury 004",,,3227,3224,3
"B","North West",,,"00BM","Bury","E02001023","Bury 005",,,2219,2219,0
"B","North West",,,"00BM","Bury","E02001024","Bury 006",,,3162,3162,0
"B","North West",,,"00BM","Bury","E02001025","Bury 007",,,3351,3351,0
"B","North West",,,"00BM","Bury","E02001026","Bury 008",,,3662,3658,4
"B","North West",,,"00BM","Bury","E02001027","Bury 009",,,2864,2864,0
"B","North West",,,"00BM","Bury","E02001028","Bury 010",,,3134,3134,0
"B","North West",,,"00BM","Bury","E02001029","Bury 011",,,2713,2713,0
"B","North West",,,"00BM","Bury","E02001030","Bury 012",,,2371,2371,0
"B","North West",,,"00BM","Bury","E02001031","Bury 013",,,2547,2547,0
"B","North West",,,"00BM","Bury","E02001032","Bury 014",,,3182,3182,0
"B","North West",,,"00BM","Bury","E02001033","Bury 015",,,2420,2420,0
"B","North West",,,"00BM","Bury","E02001034","Bury 016",,,3719,3719,0
"B","North West",,,"00BM","Bury","E02001035","Bury 017",,,2958,2958,0
"B","North West",,,"00BM","Bury","E02001036","Bury 018",,,2571,2571,0
"B","North West",,,"00BM","Bury","E02001037","Bury 019",,,3105,3105,0
"B","North West",,,"00BM","Bury","E02001038","Bury 020",,,2648,2648,0
"B","North West",,,"00BM","Bury","E02001039","Bury 021",,,3348,3348,0
"B","North West",,,"00BM","Bury","E02001040","Bury 022",,,2633,2633,0
"B","North West",,,"00BM","Bury","E02001041","Bury 023",,,3385,3385,0
"B","North West",,,"00BM","Bury","E02001042","Bury 024",,,2821,2818,3
"B","North West",,,"00BM","Bury","E02001043","Bury 025",,,2369,2366,3
"B","North West",,,"00BM","Bury","E02001044","Bury 026",,,2946,2943,3
"B","North West",,,"00BN","Manchester","E02001045","Manchester 001",,,3458,3455,3
"B","North West",,,"00BN","Manchester","E02001046","Manchester 002",,,3641,3641,0
"B","North West",,,"00BN","Manchester","E02001047","Manchester 003",,,4009,4006,3
"B","North West",,,"00BN","Manchester","E02001048","Manchester 004",,,3374,3374,0
"B","North West",,,"00BN","Manchester","E02001049","Manchester 005",,,3862,3862,0
"B","North West",,,"00BN","Manchester","E02001050","Manchester 006",,,2831,2831,0
"B","North West",,,"00BN","Manchester","E02001051","Manchester 007",,,3806,3803,3
"B","North West",,,"00BN","Manchester","E02001052","Manchester 008",,,4015,4003,12
"B","North West",,,"00BN","Manchester","E02001053","Manchester 009",,,4117,4117,0
"B","North West",,,"00BN","Manchester","E02001054","Manchester 010",,,3941,3941,0
"B","North West",,,"00BN","Manchester","E02001055","Manchester 011",,,3837,3832,5
"B","North West",,,"00BN","Manchester","E02001056","Manchester 012",,,3796,3796,0
"B","North West",,,"00BN","Manchester","E02001057","Manchester 013",,,3268,3261,7
"B","North West",,,"00BN","Manchester","E02001058","Manchester 014",,,3308,3290,18
"B","North West",,,"00BN","Manchester","E02001059","Manchester 015",,,4257,4257,0
"B","North West",,,"00BN","Manchester","E02001060","Manchester 016",,,3344,3334,10
"B","North West",,,"00BN","Manchester","E02001061","Manchester 017",,,4347,4344,3
"B","North West",,,"00BN","Manchester","E02001062","Manchester 018",,,3551,3544,7
"B","North West",,,"00BN","Manchester","E02001063","Manchester 019",,,2574,2570,4
"B","North West",,,"00BN","Manchester","E02001064","Manchester 020",,,3453,3445,8
"B","North West",,,"00BN","Manchester","E02001065","Manchester 021",,,3871,3868,3
"B","North West",,,"00BN","Manchester","E02001066","Manchester 022",,,3312,3298,14
"B","North West",,,"00BN","Manchester","E02001067","Manchester 023",,,3619,3616,3
"B","North West",,,"00BN","Manchester","E02001068","Manchester 024",,,3571,3567,4
"B","North West",,,"00BN","Manchester","E02001069","Manchester 025",,,3834,3828,6
"B","North West",,,"00BN","Manchester","E02001070","Manchester 026",,,2823,2819,4
"B","North West",,,"00BN","Manchester","E02001071","Manchester 027",,,4603,4595,8
"B","North West",,,"00BN","Manchester","E02001072","Manchester 028",,,3505,3474,31
"B","North West",,,"00BN","Manchester","E02001073","Manchester 029",,,3896,3880,16
"B","North West",,,"00BN","Manchester","E02001074","Manchester 030",,,3994,3987,7
"B","North West",,,"00BN","Manchester","E02001075","Manchester 031",,,3307,3293,14
"B","North West",,,"00BN","Manchester","E02001076","Manchester 032",,,2772,2766,6
"B","North West",,,"00BN","Manchester","E02001077","Manchester 033",,,3107,3091,16
"B","North West",,,"00BN","Manchester","E02001078","Manchester 034",,,3802,3798,4
"B","North West",,,"00BN","Manchester","E02001079","Manchester 035",,,3227,3224,3
"B","North West",,,"00BN","Manchester","E02001080","Manchester 036",,,3236,3228,8
"B","North West",,,"00BN","Manchester","E02001081","Manchester 037",,,2748,2745,3
"B","North West",,,"00BN","Manchester","E02001082","Manchester 038",,,2774,2755,19
"B","North West",,,"00BN","Manchester","E02001083","Manchester 039",,,3056,3043,13
"B","North West",,,"00BN","Manchester","E02001084","Manchester 040",,,3310,3307,3
"B","North West",,,"00BN","Manchester","E02001085","Manchester 041",,,3180,3180,0
"B","North West",,,"00BN","Manchester","E02001086","Manchester 042",,,2597,2593,4
"B","North West",,,"00BN","Manchester","E02001087","Manchester 043",,,4285,4277,8
"B","North West",,,"00BN","Manchester","E02001088","Manchester 044",,,3576,3576,0
"B","North West",,,"00BN","Manchester","E02001089","Manchester 045",,,2937,2937,0
"B","North West",,,"00BN","Manchester","E02001090","Manchester 046",,,2949,2949,0
"B","North West",,,"00BN","Manchester","E02001091","Manchester 047",,,3759,3759,0
"B","North West",,,"00BN","Manchester","E02001092","Manchester 048",,,3471,3471,0
"B","North West",,,"00BN","Manchester","E02001093","Manchester 049",,,3268,3268,0
"B","North West",,,"00BN","Manchester","E02001094","Manchester 050",,,3732,3732,0
"B","North West",,,"00BN","Manchester","E02001095","Manchester 051",,,3345,3345,0
"B","North West",,,"00BN","Manchester","E02001096","Manchester 052",,,3325,3325,0
"B","North West",,,"00BN","Manchester","E02001097","Manchester 053",,,3414,3414,0
"B","North West",,,"00BP","Oldham","E02001098","Oldham 001",,,2792,2792,0
"B","North West",,,"00BP","Oldham","E02001099","Oldham 002",,,2751,2751,0
"B","North West",,,"00BP","Oldham","E02001100","Oldham 003",,,2563,2563,0
"B","North West",,,"00BP","Oldham","E02001101","Oldham 004",,,2463,2463,0
"B","North West",,,"00BP","Oldham","E02001102","Oldham 005",,,2370,2370,0
"B","North West",,,"00BP","Oldham","E02001103","Oldham 006",,,2265,2265,0
"B","North West",,,"00BP","Oldham","E02001104","Oldham 007",,,2731,2731,0
"B","North West",,,"00BP","Oldham","E02001105","Oldham 008",,,2538,2535,3
"B","North West",,,"00BP","Oldham","E02001106","Oldham 009",,,2702,2702,0
"B","North West",,,"00BP","Oldham","E02001107","Oldham 010",,,2469,2469,0
"B","North West",,,"00BP","Oldham","E02001108","Oldham 011",,,2552,2552,0
"B","North West",,,"00BP","Oldham","E02001109","Oldham 012",,,3450,3450,0
"B","North West",,,"00BP","Oldham","E02001110","Oldham 013",,,2500,2500,0
"B","North West",,,"00BP","Oldham","E02001111","Oldham 014",,,3012,3009,3
"B","North West",,,"00BP","Oldham","E02001112","Oldham 015",,,2383,2383,0
"B","North West",,,"00BP","Oldham","E02001113","Oldham 016",,,2641,2638,3
"B","North West",,,"00BP","Oldham","E02001114","Oldham 017",,,3325,3325,0
"B","North West",,,"00BP","Oldham","E02001115","Oldham 018",,,2507,2507,0
"B","North West",,,"00BP","Oldham","E02001116","Oldham 019",,,2473,2473,0
"B","North West",,,"00BP","Oldham","E02001117","Oldham 020",,,2422,2422,0
"B","North West",,,"00BP","Oldham","E02001118","Oldham 021",,,2634,2634,0
"B","North West",,,"00BP","Oldham","E02001119","Oldham 022",,,2732,2726,6
"B","North West",,,"00BP","Oldham","E02001120","Oldham 023",,,2551,2548,3
"B","North West",,,"00BP","Oldham","E02001121","Oldham 024",,,2711,2708,3
"B","North West",,,"00BP","Oldham","E02001122","Oldham 025",,,2147,2144,3
"B","North West",,,"00BP","Oldham","E02001123","Oldham 026",,,2667,2667,0
"B","North West",,,"00BP","Oldham","E02001124","Oldham 027",,,2602,2597,5
"B","North West",,,"00BP","Oldham","E02001125","Oldham 028",,,3183,3183,0
"B","North West",,,"00BP","Oldham","E02001126","Oldham 029",,,3308,3305,3
"B","North West",,,"00BP","Oldham","E02001127","Oldham 030",,,2882,2882,0
"B","North West",,,"00BP","Oldham","E02001128","Oldham 031",,,3431,3431,0
"B","North West",,,"00BP","Oldham","E02001129","Oldham 032",,,2692,2689,3
"B","North West",,,"00BP","Oldham","E02001130","Oldham 033",,,2552,2552,0
"B","North West",,,"00BP","Oldham","E02001131","Oldham 034",,,2374,2374,0
"B","North West",,,"00BQ","Rochdale","E02001132","Rochdale 001",,,2781,2781,0
"B","North West",,,"00BQ","Rochdale","E02001133","Rochdale 002",,,2435,2432,3
"B","North West",,,"00BQ","Rochdale","E02001134","Rochdale 003",,,2504,2504,0
"B","North West",,,"00BQ","Rochdale","E02001135","Rochdale 004",,,3150,3150,0
"B","North West",,,"00BQ","Rochdale","E02001136","Rochdale 005",,,3595,3595,0
"B","North West",,,"00BQ","Rochdale","E02001137","Rochdale 006",,,2525,2525,0
"B","North West",,,"00BQ","Rochdale","E02001138","Rochdale 007",,,3727,3727,0
"B","North West",,,"00BQ","Rochdale","E02001139","Rochdale 008",,,3220,3216,4
"B","North West",,,"00BQ","Rochdale","E02001140","Rochdale 009",,,3041,3041,0
"B","North West",,,"00BQ","Rochdale","E02001141","Rochdale 010",,,4758,4749,9
"B","North West",,,"00BQ","Rochdale","E02001142","Rochdale 011",,,2395,2395,0
"B","North West",,,"00BQ","Rochdale","E02001143","Rochdale 012",,,3967,3967,0
"B","North West",,,"00BQ","Rochdale","E02001144","Rochdale 013",,,2645,2642,3
"B","North West",,,"00BQ","Rochdale","E02001145","Rochdale 014",,,2886,2886,0
"B","North West",,,"00BQ","Rochdale","E02001146","Rochdale 015",,,2862,2862,0
"B","North West",,,"00BQ","Rochdale","E02001147","Rochdale 016",,,3692,3692,0
"B","North West",,,"00BQ","Rochdale","E02001148","Rochdale 017",,,4108,4108,0
"B","North West",,,"00BQ","Rochdale","E02001149","Rochdale 018",,,4642,4639,3
"B","North West",,,"00BQ","Rochdale","E02001150","Rochdale 019",,,3666,3666,0
"B","North West",,,"00BQ","Rochdale","E02001151","Rochdale 020",,,3738,3738,0
"B","North West",,,"00BQ","Rochdale","E02001152","Rochdale 021",,,3877,3874,3
"B","North West",,,"00BQ","Rochdale","E02001153","Rochdale 022",,,4810,4810,0
"B","North West",,,"00BQ","Rochdale","E02001154","Rochdale 023",,,4252,4252,0
"B","North West",,,"00BQ","Rochdale","E02001155","Rochdale 024",,,3385,3382,3
"B","North West",,,"00BQ","Rochdale","E02001156","Rochdale 025",,,4179,4179,0
"B","North West",,,"00BR","Salford","E02001157","Salford 001",,,3545,3545,0
"B","North West",,,"00BR","Salford","E02001158","Salford 002",,,3045,3045,0
"B","North West",,,"00BR","Salford","E02001159","Salford 003",,,2334,2334,0
"B","North West",,,"00BR","Salford","E02001160","Salford 004",,,2711,2711,0
"B","North West",,,"00BR","Salford","E02001161","Salford 005",,,2508,2508,0
"B","North West",,,"00BR","Salford","E02001162","Salford 006",,,2546,2546,0
"B","North West",,,"00BR","Salford","E02001163","Salford 007",,,4054,4054,0
"B","North West",,,"00BR","Salford","E02001164","Salford 008",,,2375,2375,0
"B","North West",,,"00BR","Salford","E02001165","Salford 009",,,2661,2658,3
"B","North West",,,"00BR","Salford","E02001166","Salford 010",,,2345,2342,3
"B","North West",,,"00BR","Salford","E02001167","Salford 011",,,2646,2646,0
"B","North West",,,"00BR","Salford","E02001168","Salford 012",,,4031,4028,3
"B","North West",,,"00BR","Salford","E02001169","Salford 013",,,4303,4303,0
"B","North West",,,"00BR","Salford","E02001170","Salford 014",,,4062,4062,0
"B","North West",,,"00BR","Salford","E02001171","Salford 015",,,2343,2343,0
"B","North West",,,"00BR","Salford","E02001172","Salford 016",,,4468,4459,9
"B","North West",,,"00BR","Salford","E02001173","Salford 017",,,3785,3780,5
"B","North West",,,"00BR","Salford","E02001174","Salford 018",,,2405,2402,3
"B","North West",,,"00BR","Salford","E02001175","Salford 019",,,3053,3053,0
"B","North West",,,"00BR","Salford","E02001176","Salford 020",,,4785,4777,8
"B","North West",,,"00BR","Salford","E02001177","Salford 021",,,4993,4988,5
"B","North West",,,"00BR","Salford","E02001178","Salford 022",,,3425,3421,4
"B","North West",,,"00BR","Salford","E02001179","Salford 023",,,3145,3134,11
"B","North West",,,"00BR","Salford","E02001180","Salford 024",,,3227,3220,7
"B","North West",,,"00BR","Salford","E02001181","Salford 025",,,2614,2614,0
"B","North West",,,"00BR","Salford","E02001182","Salford 026",,,3007,3004,3
"B","North West",,,"00BR","Salford","E02001183","Salford 027",,,2821,2821,0
"B","North West",,,"00BR","Salford","E02001184","Salford 028",,,3268,3265,3
"B","North West",,,"00BR","Salford","E02001185","Salford 029",,,4253,4253,0
"B","North West",,,"00BR","Salford","E02001186","Salford 030",,,3912,3912,0
"B","North West",,,"00BS","Stockport","E02001187","Stockport 001",,,3201,3201,0
"B","North West",,,"00BS","Stockport","E02001188","Stockport 002",,,3309,3309,0
"B","North West",,,"00BS","Stockport","E02001189","Stockport 003",,,3716,3716,0
"B","North West",,,"00BS","Stockport","E02001190","Stockport 004",,,3069,3064,5
"B","North West",,,"00BS","Stockport","E02001191","Stockport 005",,,2652,2652,0
"B","North West",,,"00BS","Stockport","E02001192","Stockport 006",,,2892,2881,11
"B","North West",,,"00BS","Stockport","E02001193","Stockport 007",,,3008,3008,0
"B","North West",,,"00BS","Stockport","E02001194","Stockport 008",,,2580,2577,3
"B","North West",,,"00BS","Stockport","E02001195","Stockport 009",,,3202,3202,0
"B","North West",,,"00BS","Stockport","E02001196","Stockport 010",,,3407,3407,0
"B","North West",,,"00BS","Stockport","E02001197","Stockport 011",,,2730,2730,0
"B","North West",,,"00BS","Stockport","E02001198","Stockport 012",,,3340,3340,0
"B","North West",,,"00BS","Stockport","E02001199","Stockport 013",,,3561,3556,5
"B","North West",,,"00BS","Stockport","E02001200","Stockport 014",,,3283,3278,5
"B","North West",,,"00BS","Stockport","E02001201","Stockport 015",,,2511,2511,0
"B","North West",,,"00BS","Stockport","E02001202","Stockport 016",,,3036,3033,3
"B","North West",,,"00BS","Stockport","E02001203","Stockport 017",,,2460,2457,3
"B","North West",,,"00BS","Stockport","E02001204","Stockport 018",,,3779,3776,3
"B","North West",,,"00BS","Stockport","E02001205","Stockport 019",,,3663,3660,3
"B","North West",,,"00BS","Stockport","E02001206","Stockport 020",,,3012,3012,0
"B","North West",,,"00BS","Stockport","E02001207","Stockport 021",,,2964,2964,0
"B","North West",,,"00BS","Stockport","E02001208","Stockport 022",,,3362,3362,0
"B","North West",,,"00BS","Stockport","E02001209","Stockport 023",,,3256,3256,0
"B","North West",,,"00BS","Stockport","E02001210","Stockport 024",,,3011,3011,0
"B","North West",,,"00BS","Stockport","E02001211","Stockport 025",,,2446,2446,0
"B","North West",,,"00BS","Stockport","E02001212","Stockport 026",,,2531,2528,3
"B","North West",,,"00BS","Stockport","E02001213","Stockport 027",,,4123,4123,0
"B","North West",,,"00BS","Stockport","E02001214","Stockport 028",,,3106,3106,0
"B","North West",,,"00BS","Stockport","E02001215","Stockport 029",,,2670,2667,3
"B","North West",,,"00BS","Stockport","E02001216","Stockport 030",,,3043,3043,0
"B","North West",,,"00BS","Stockport","E02001217","Stockport 031",,,2978,2978,0
"B","North West",,,"00BS","Stockport","E02001218","Stockport 032",,,2392,2392,0
"B","North West",,,"00BS","Stockport","E02001219","Stockport 033",,,2280,2280,0
"B","North West",,,"00BS","Stockport","E02001220","Stockport 034",,,2328,2328,0
"B","North West",,,"00BS","Stockport","E02001221","Stockport 035",,,2366,2366,0
"B","North West",,,"00BS","Stockport","E02001222","Stockport 036",,,2439,2439,0
"B","North West",,,"00BS","Stockport","E02001223","Stockport 037",,,2874,2874,0
"B","North West",,,"00BS","Stockport","E02001224","Stockport 038",,,2618,2618,0
"B","North West",,,"00BS","Stockport","E02001225","Stockport 039",,,2996,2996,0
"B","North West",,,"00BS","Stockport","E02001226","Stockport 040",,,2679,2679,0
"B","North West",,,"00BS","Stockport","E02001227","Stockport 041",,,2424,2424,0
"B","North West",,,"00BS","Stockport","E02001228","Stockport 042",,,2233,2230,3
"B","North West",,,"00BT","Tameside","E02001229","Tameside 001",,,4064,4064,0
"B","North West",,,"00BT","Tameside","E02001230","Tameside 002",,,2418,2418,0
"B","North West",,,"00BT","Tameside","E02001231","Tameside 003",,,2565,2565,0
"B","North West",,,"00BT","Tameside","E02001232","Tameside 004",,,3475,3475,0
"B","North West",,,"00BT","Tameside","E02001233","Tameside 005",,,3357,3357,0
"B","North West",,,"00BT","Tameside","E02001234","Tameside 006",,,3344,3339,5
"B","North West",,,"00BT","Tameside","E02001235","Tameside 007",,,2783,2777,6
"B","North West",,,"00BT","Tameside","E02001236","Tameside 008",,,2466,2466,0
"B","North West",,,"00BT","Tameside","E02001237","Tameside 009",,,2713,2713,0
"B","North West",,,"00BT","Tameside","E02001238","Tameside 010",,,3328,3328,0
"B","North West",,,"00BT","Tameside","E02001239","Tameside 011",,,3953,3953,0
"B","North West",,,"00BT","Tameside","E02001240","Tameside 012",,,2730,2730,0
"B","North West",,,"00BT","Tameside","E02001241","Tameside 013",,,4111,4099,12
"B","North West",,,"00BT","Tameside","E02001242","Tameside 014",,,2386,2386,0
"B","North West",,,"00BT","Tameside","E02001243","Tameside 015",,,3403,3400,3
"B","North West",,,"00BT","Tameside","E02001244","Tameside 016",,,2360,2360,0
"B","North West",,,"00BT","Tameside","E02001245","Tameside 017",,,3440,3440,0
"B","North West",,,"00BT","Tameside","E02001246","Tameside 018",,,3146,3146,0
"B","North West",,,"00BT","Tameside","E02001247","Tameside 019",,,3066,3066,0
"B","North West",,,"00BT","Tameside","E02001248","Tameside 020",,,4024,4024,0
"B","North West",,,"00BT","Tameside","E02001249","Tameside 021",,,2850,2847,3
"B","North West",,,"00BT","Tameside","E02001250","Tameside 022",,,2568,2568,0
"B","North West",,,"00BT","Tameside","E02001251","Tameside 023",,,2752,2749,3
"B","North West",,,"00BT","Tameside","E02001252","Tameside 024",,,3268,3265,3
"B","North West",,,"00BT","Tameside","E02001253","Tameside 025",,,2312,2312,0
"B","North West",,,"00BT","Tameside","E02001254","Tameside 026",,,2526,2526,0
"B","North West",,,"00BT","Tameside","E02001255","Tameside 027",,,3001,3001,0
"B","North West",,,"00BT","Tameside","E02001256","Tameside 028",,,3981,3978,3
"B","North West",,,"00BT","Tameside","E02001257","Tameside 029",,,4285,4285,0
"B","North West",,,"00BT","Tameside","E02001258","Tameside 030",,,3197,3197,0
"B","North West",,,"00BU","Trafford","E02001259","Trafford 001",,,4025,4011,14
"B","North West",,,"00BU","Trafford","E02001260","Trafford 002",,,3057,3057,0
"B","North West",,,"00BU","Trafford","E02001261","Trafford 003",,,3065,3062,3
"B","North West",,,"00BU","Trafford","E02001262","Trafford 004",,,3026,3023,3
"B","North West",,,"00BU","Trafford","E02001263","Trafford 005",,,3336,3336,0
"B","North West",,,"00BU","Trafford","E02001264","Trafford 006",,,3232,3232,0
"B","North West",,,"00BU","Trafford","E02001265","Trafford 007",,,3463,3463,0
"B","North West",,,"00BU","Trafford","E02001266","Trafford 008",,,3081,3075,6
"B","North West",,,"00BU","Trafford","E02001267","Trafford 009",,,3247,3238,9
"B","North West",,,"00BU","Trafford","E02001268","Trafford 010",,,3027,3027,0
"B","North West",,,"00BU","Trafford","E02001269","Trafford 011",,,3674,3663,11
"B","North West",,,"00BU","Trafford","E02001270","Trafford 012",,,3433,3430,3
"B","North West",,,"00BU","Trafford","E02001271","Trafford 013",,,2803,2803,0
"B","North West",,,"00BU","Trafford","E02001272","Trafford 014",,,3399,3396,3
"B","North West",,,"00BU","Trafford","E02001273","Trafford 015",,,4017,4002,15
"B","North West",,,"00BU","Trafford","E02001274","Trafford 016",,,3193,3190,3
"B","North West",,,"00BU","Trafford","E02001275","Trafford 017",,,3421,3418,3
"B","North West",,,"00BU","Trafford","E02001276","Trafford 018",,,3272,3272,0
"B","North West",,,"00BU","Trafford","E02001277","Trafford 019",,,3220,3220,0
"B","North West",,,"00BU","Trafford","E02001278","Trafford 020",,,3005,3002,3
"B","North West",,,"00BU","Trafford","E02001279","Trafford 021",,,3177,3177,0
"B","North West",,,"00BU","Trafford","E02001280","Trafford 022",,,3289,3289,0
"B","North West",,,"00BU","Trafford","E02001281","Trafford 023",,,3027,3027,0
"B","North West",,,"00BU","Trafford","E02001282","Trafford 024",,,3496,3489,7
"B","North West",,,"00BU","Trafford","E02001283","Trafford 025",,,3340,3334,6
"B","North West",,,"00BU","Trafford","E02001284","Trafford 026",,,3081,3081,0
"B","North West",,,"00BU","Trafford","E02001285","Trafford 027",,,3341,3338,3
"B","North West",,,"00BU","Trafford","E02001286","Trafford 028",,,3074,3071,3
"B","North West",,,"00BW","Wigan","E02001287","Wigan 001",,,2299,2299,0
"B","North West",,,"00BW","Wigan","E02001288","Wigan 002",,,3083,3083,0
"B","North West",,,"00BW","Wigan","E02001289","Wigan 003",,,4207,4207,0
"B","North West",,,"00BW","Wigan","E02001290","Wigan 004",,,2434,2431,3
"B","North West",,,"00BW","Wigan","E02001291","Wigan 005",,,3136,3136,0
"B","North West",,,"00BW","Wigan","E02001292","Wigan 006",,,3339,3332,7
"B","North West",,,"00BW","Wigan","E02001293","Wigan 007",,,2513,2513,0
"B","North West",,,"00BW","Wigan","E02001294","Wigan 008",,,3160,3160,0
"B","North West",,,"00BW","Wigan","E02001295","Wigan 009",,,3582,3582,0
"B","North West",,,"00BW","Wigan","E02001296","Wigan 010",,,3398,3395,3
"B","North West",,,"00BW","Wigan","E02001297","Wigan 011",,,2962,2959,3
"B","North West",,,"00BW","Wigan","E02001298","Wigan 012",,,3213,3210,3
"B","North West",,,"00BW","Wigan","E02001299","Wigan 013",,,3273,3273,0
"B","North West",,,"00BW","Wigan","E02001300","Wigan 014",,,3232,3232,0
"B","North West",,,"00BW","Wigan","E02001301","Wigan 015",,,3442,3442,0
"B","North West",,,"00BW","Wigan","E02001302","Wigan 016",,,3178,3178,0
"B","North West",,,"00BW","Wigan","E02001303","Wigan 017",,,3467,3464,3
"B","North West",,,"00BW","Wigan","E02001304","Wigan 018",,,4933,4933,0
"B","North West",,,"00BW","Wigan","E02001305","Wigan 019",,,3134,3134,0
"B","North West",,,"00BW","Wigan","E02001306","Wigan 020",,,3009,3009,0
"B","North West",,,"00BW","Wigan","E02001307","Wigan 021",,,3941,3941,0
"B","North West",,,"00BW","Wigan","E02001308","Wigan 022",,,2610,2607,3
"B","North West",,,"00BW","Wigan","E02001309","Wigan 023",,,2887,2884,3
"B","North West",,,"00BW","Wigan","E02001310","Wigan 024",,,3257,3257,0
"B","North West",,,"00BW","Wigan","E02001311","Wigan 025",,,3506,3506,0
"B","North West",,,"00BW","Wigan","E02001312","Wigan 026",,,2865,2865,0
"B","North West",,,"00BW","Wigan","E02001313","Wigan 027",,,3305,3305,0
"B","North West",,,"00BW","Wigan","E02001314","Wigan 028",,,2957,2957,0
"B","North West",,,"00BW","Wigan","E02001315","Wigan 029",,,3194,3194,0
"B","North West",,,"00BW","Wigan","E02001316","Wigan 030",,,2959,2955,4
"B","North West",,,"00BW","Wigan","E02001317","Wigan 031",,,3395,3392,3
"B","North West",,,"00BW","Wigan","E02001318","Wigan 032",,,3297,3297,0
"B","North West",,,"00BW","Wigan","E02001319","Wigan 033",,,3268,3264,4
"B","North West",,,"00BW","Wigan","E02001320","Wigan 034",,,3394,3391,3
"B","North West",,,"00BW","Wigan","E02001321","Wigan 035",,,3174,3174,0
"B","North West",,,"00BW","Wigan","E02001322","Wigan 036",,,3183,3183,0
"B","North West",,,"00BW","Wigan","E02001323","Wigan 037",,,3167,3167,0
"B","North West",,,"00BW","Wigan","E02001324","Wigan 038",,,3279,3279,0
"B","North West",,,"00BW","Wigan","E02001325","Wigan 039",,,3155,3155,0
"B","North West",,,"00BW","Wigan","E02001326","Wigan 040",,,3181,3181,0
"B","North West",,,"00BX","Knowsley","E02001327","Knowsley 001",,,2797,2797,0
"B","North West",,,"00BX","Knowsley","E02001328","Knowsley 002",,,3369,3369,0
"B","North West",,,"00BX","Knowsley","E02001329","Knowsley 003",,,3571,3568,3
"B","North West",,,"00BX","Knowsley","E02001330","Knowsley 004",,,3745,3745,0
"B","North West",,,"00BX","Knowsley","E02001331","Knowsley 005",,,4262,4259,3
"B","North West",,,"00BX","Knowsley","E02001332","Knowsley 006",,,3190,3185,5
"B","North West",,,"00BX","Knowsley","E02001333","Knowsley 007",,,3633,3633,0
"B","North West",,,"00BX","Knowsley","E02001334","Knowsley 008",,,3070,3067,3
"B","North West",,,"00BX","Knowsley","E02001335","Knowsley 009",,,3116,3116,0
"B","North West",,,"00BX","Knowsley","E02001336","Knowsley 010",,,3180,3177,3
"B","North West",,,"00BX","Knowsley","E02001337","Knowsley 011",,,2419,2419,0
"B","North West",,,"00BX","Knowsley","E02001338","Knowsley 012",,,2489,2489,0
"B","North West",,,"00BX","Knowsley","E02001339","Knowsley 013",,,2972,2972,0
"B","North West",,,"00BX","Knowsley","E02001340","Knowsley 014",,,3758,3758,0
"B","North West",,,"00BX","Knowsley","E02001341","Knowsley 015",,,3222,3222,0
"B","North West",,,"00BX","Knowsley","E02001342","Knowsley 016",,,2839,2839,0
"B","North West",,,"00BX","Knowsley","E02001343","Knowsley 017",,,2654,2654,0
"B","North West",,,"00BX","Knowsley","E02001344","Knowsley 018",,,2336,2336,0
"B","North West",,,"00BX","Knowsley","E02001345","Knowsley 019",,,2360,2360,0
"B","North West",,,"00BX","Knowsley","E02001346","Knowsley 020",,,3192,3192,0
"B","North West",,,"00BY","Liverpool","E02001347","Liverpool 001",,,3305,3305,0
"B","North West",,,"00BY","Liverpool","E02001348","Liverpool 002",,,3104,3104,0
"B","North West",,,"00BY","Liverpool","E02001349","Liverpool 003",,,3036,3033,3
"B","North West",,,"00BY","Liverpool","E02001350","Liverpool 004",,,3507,3504,3
"B","North West",,,"00BY","Liverpool","E02001351","Liverpool 005",,,3710,3710,0
"B","North West",,,"00BY","Liverpool","E02001352","Liverpool 006",,,2545,2542,3
"B","North West",,,"00BY","Liverpool","E02001353","Liverpool 007",,,3048,3048,0
"B","North West",,,"00BY","Liverpool","E02001354","Liverpool 008",,,3158,3158,0
"B","North West",,,"00BY","Liverpool","E02001355","Liverpool 009",,,3277,3273,4
"B","North West",,,"00BY","Liverpool","E02001356","Liverpool 010",,,3231,3231,0
"B","North West",,,"00BY","Liverpool","E02001357","Liverpool 011",,,2946,2943,3
"B","North West",,,"00BY","Liverpool","E02001358","Liverpool 012",,,3548,3545,3
"B","North West",,,"00BY","Liverpool","E02001359","Liverpool 013",,,2264,2264,0
"B","North West",,,"00BY","Liverpool","E02001360","Liverpool 014",,,3966,3957,9
"B","North West",,,"00BY","Liverpool","E02001361","Liverpool 015",,,3412,3412,0
"B","North West",,,"00BY","Liverpool","E02001362","Liverpool 016",,,3270,3267,3
"B","North West",,,"00BY","Liverpool","E02001363","Liverpool 017",,,3295,3295,0
"B","North West",,,"00BY","Liverpool","E02001364","Liverpool 018",,,3720,3717,3
"B","North West",,,"00BY","Liverpool","E02001365","Liverpool 019",,,4213,4208,5
"B","North West",,,"00BY","Liverpool","E02001366","Liverpool 020",,,4029,4022,7
"B","North West",,,"00BY","Liverpool","E02001367","Liverpool 021",,,3783,3780,3
"B","North West",,,"00BY","Liverpool","E02001368","Liverpool 022",,,3370,3366,4
"B","North West",,,"00BY","Liverpool","E02001369","Liverpool 023",,,2948,2943,5
"B","North West",,,"00BY","Liverpool","E02001370","Liverpool 024",,,3340,3336,4
"B","North West",,,"00BY","Liverpool","E02001371","Liverpool 025",,,3257,3257,0
"B","North West",,,"00BY","Liverpool","E02001372","Liverpool 026",,,2656,2656,0
"B","North West",,,"00BY","Liverpool","E02001373","Liverpool 027",,,3900,3897,3
"B","North West",,,"00BY","Liverpool","E02001374","Liverpool 028",,,4146,4128,18
"B","North West",,,"00BY","Liverpool","E02001375","Liverpool 029",,,3224,3221,3
"B","North West",,,"00BY","Liverpool","E02001376","Liverpool 030",,,4011,4008,3
"B","North West",,,"00BY","Liverpool","E02001377","Liverpool 031",,,4177,4166,11
"B","North West",,,"00BY","Liverpool","E02001378","Liverpool 032",,,3343,3340,3
"B","North West",,,"00BY","Liverpool","E02001379","Liverpool 033",,,3121,3116,5
"B","North West",,,"00BY","Liverpool","E02001380","Liverpool 034",,,3076,3076,0
"B","North West",,,"00BY","Liverpool","E02001381","Liverpool 035",,,4517,4517,0
"B","North West",,,"00BY","Liverpool","E02001382","Liverpool 036",,,2890,2890,0
"B","North West",,,"00BY","Liverpool","E02001383","Liverpool 037",,,3040,3026,14
"B","North West",,,"00BY","Liverpool","E02001384","Liverpool 038",,,3755,3752,3
"B","North West",,,"00BY","Liverpool","E02001385","Liverpool 039",,,3236,3224,12
"B","North West",,,"00BY","Liverpool","E02001386","Liverpool 040",,,4077,4077,0
"B","North West",,,"00BY","Liverpool","E02001387","Liverpool 041",,,3117,3117,0
"B","North West",,,"00BY","Liverpool","E02001388","Liverpool 042",,,2954,2946,8
"B","North West",,,"00BY","Liverpool","E02001389","Liverpool 043",,,3809,3764,45
"B","North West",,,"00BY","Liverpool","E02001390","Liverpool 044",,,3785,3778,7
"B","North West",,,"00BY","Liverpool","E02001391","Liverpool 045",,,2553,2553,0
"B","North West",,,"00BY","Liverpool","E02001392","Liverpool 046",,,2621,2621,0
"B","North West",,,"00BY","Liverpool","E02001393","Liverpool 047",,,2849,2849,0
"B","North West",,,"00BY","Liverpool","E02001394","Liverpool 048",,,3924,3909,15
"B","North West",,,"00BY","Liverpool","E02001395","Liverpool 049",,,2549,2546,3
"B","North West",,,"00BY","Liverpool","E02001396","Liverpool 050",,,3373,3369,4
"B","North West",,,"00BY","Liverpool","E02001397","Liverpool 051",,,3751,3747,4
"B","North West",,,"00BY","Liverpool","E02001398","Liverpool 052",,,3354,3345,9
"B","North West",,,"00BY","Liverpool","E02001399","Liverpool 053",,,2900,2900,0
"B","North West",,,"00BY","Liverpool","E02001400","Liverpool 054",,,2782,2782,0
"B","North West",,,"00BY","Liverpool","E02001401","Liverpool 055",,,3060,3057,3
"B","North West",,,"00BY","Liverpool","E02001402","Liverpool 056",,,3361,3356,5
"B","North West",,,"00BY","Liverpool","E02001403","Liverpool 057",,,3013,3005,8
"B","North West",,,"00BY","Liverpool","E02001404","Liverpool 058",,,2816,2816,0
"B","North West",,,"00BY","Liverpool","E02001405","Liverpool 059",,,4285,4285,0
"B","North West",,,"00BZ","St. Helens","E02001406","St. Helens 001",,,3552,3549,3
"B","North West",,,"00BZ","St. Helens","E02001407","St. Helens 002",,,2666,2666,0
"B","North West",,,"00BZ","St. Helens","E02001408","St. Helens 003",,,2426,2426,0
"B","North West",,,"00BZ","St. Helens","E02001409","St. Helens 004",,,4472,4472,0
"B","North West",,,"00BZ","St. Helens","E02001410","St. Helens 005",,,2527,2527,0
"B","North West",,,"00BZ","St. Helens","E02001411","St. Helens 006",,,2437,2437,0
"B","North West",,,"00BZ","St. Helens","E02001412","St. Helens 007",,,3724,3724,0
"B","North West",,,"00BZ","St. Helens","E02001413","St. Helens 008",,,4238,4238,0
"B","North West",,,"00BZ","St. Helens","E02001414","St. Helens 009",,,2212,2212,0
"B","North West",,,"00BZ","St. Helens","E02001415","St. Helens 010",,,2628,2628,0
"B","North West",,,"00BZ","St. Helens","E02001416","St. Helens 011",,,2638,2638,0
"B","North West",,,"00BZ","St. Helens","E02001417","St. Helens 012",,,3793,3793,0
"B","North West",,,"00BZ","St. Helens","E02001418","St. Helens 013",,,2379,2379,0
"B","North West",,,"00BZ","St. Helens","E02001419","St. Helens 014",,,3320,3317,3
"B","North West",,,"00BZ","St. Helens","E02001420","St. Helens 015",,,4422,4422,0
"B","North West",,,"00BZ","St. Helens","E02001421","St. Helens 016",,,4648,4645,3
"B","North West",,,"00BZ","St. Helens","E02001422","St. Helens 017",,,2456,2456,0
"B","North West",,,"00BZ","St. Helens","E02001423","St. Helens 018",,,2583,2583,0
"B","North West",,,"00BZ","St. Helens","E02001424","St. Helens 019",,,4954,4951,3
"B","North West",,,"00BZ","St. Helens","E02001425","St. Helens 020",,,4632,4632,0
"B","North West",,,"00BZ","St. Helens","E02001426","St. Helens 021",,,2509,2509,0
"B","North West",,,"00BZ","St. Helens","E02001427","St. Helens 022",,,3881,3881,0
"B","North West",,,"00BZ","St. Helens","E02001428","St. Helens 023",,,2328,2328,0
"B","North West",,,"00CA","Sefton","E02001429","Sefton 001",,,3197,3197,0
"B","North West",,,"00CA","Sefton","E02001430","Sefton 002",,,3103,3103,0
"B","North West",,,"00CA","Sefton","E02001431","Sefton 003",,,3686,3676,10
"B","North West",,,"00CA","Sefton","E02001432","Sefton 004",,,4405,4319,86
"B","North West",,,"00CA","Sefton","E02001433","Sefton 005",,,3168,3168,0
"B","North West",,,"00CA","Sefton","E02001434","Sefton 006",,,2822,2816,6
"B","North West",,,"00CA","Sefton","E02001435","Sefton 007",,,3435,3417,18
"B","North West",,,"00CA","Sefton","E02001436","Sefton 008",,,3548,3545,3
"B","North West",,,"00CA","Sefton","E02001437","Sefton 009",,,4194,4188,6
"B","North West",,,"00CA","Sefton","E02001438","Sefton 010",,,3156,3156,0
"B","North West",,,"00CA","Sefton","E02001439","Sefton 011",,,2824,2824,0
"B","North West",,,"00CA","Sefton","E02001440","Sefton 012",,,2690,2690,0
"B","North West",,,"00CA","Sefton","E02001441","Sefton 013",,,2821,2821,0
"B","North West",,,"00CA","Sefton","E02001442","Sefton 014",,,2579,2579,0
"B","North West",,,"00CA","Sefton","E02001443","Sefton 015",,,2367,2367,0
"B","North West",,,"00CA","Sefton","E02001444","Sefton 016",,,2470,2470,0
"B","North West",,,"00CA","Sefton","E02001445","Sefton 017",,,2957,2957,0
"B","North West",,,"00CA","Sefton","E02001446","Sefton 018",,,2958,2958,0
"B","North West",,,"00CA","Sefton","E02001447","Sefton 019",,,2634,2634,0
"B","North West",,,"00CA","Sefton","E02001448","Sefton 020",,,2820,2820,0
"B","North West",,,"00CA","Sefton","E02001449","Sefton 021",,,3908,3908,0
"B","North West",,,"00CA","Sefton","E02001450","Sefton 022",,,3508,3505,3
"B","North West",,,"00CA","Sefton","E02001451","Sefton 023",,,2908,2908,0
"B","North West",,,"00CA","Sefton","E02001452","Sefton 024",,,2967,2967,0
"B","North West",,,"00CA","Sefton","E02001453","Sefton 025",,,3548,3548,0
"B","North West",,,"00CA","Sefton","E02001454","Sefton 026",,,2739,2739,0
"B","North West",,,"00CA","Sefton","E02001455","Sefton 027",,,2874,2874,0
"B","North West",,,"00CA","Sefton","E02001456","Sefton 028",,,3105,3099,6
"B","North West",,,"00CA","Sefton","E02001457","Sefton 029",,,3089,3089,0
"B","North West",,,"00CA","Sefton","E02001458","Sefton 030",,,3278,3270,8
"B","North West",,,"00CA","Sefton","E02001459","Sefton 031",,,2730,2730,0
"B","North West",,,"00CA","Sefton","E02001460","Sefton 032",,,3734,3728,6
"B","North West",,,"00CA","Sefton","E02001461","Sefton 033",,,3071,3071,0
"B","North West",,,"00CA","Sefton","E02001462","Sefton 034",,,3411,3411,0
"B","North West",,,"00CA","Sefton","E02001463","Sefton 035",,,2949,2946,3
"B","North West",,,"00CA","Sefton","E02001464","Sefton 036",,,3343,3340,3
"B","North West",,,"00CA","Sefton","E02001465","Sefton 037",,,3678,3670,8
"B","North West",,,"00CA","Sefton","E02001466","Sefton 038",,,3830,3825,5
"B","North West",,,"00CB","Wirral","E02001467","Wirral 001",,,3556,3547,9
"B","North West",,,"00CB","Wirral","E02001468","Wirral 002",,,3244,3236,8
"B","North West",,,"00CB","Wirral","E02001469","Wirral 003",,,3483,3480,3
"B","North West",,,"00CB","Wirral","E02001470","Wirral 004",,,3509,3506,3
"B","North West",,,"00CB","Wirral","E02001471","Wirral 005",,,3396,3388,8
"B","North West",,,"00CB","Wirral","E02001472","Wirral 006",,,2702,2702,0
"B","North West",,,"00CB","Wirral","E02001473","Wirral 007",,,3259,3259,0
"B","North West",,,"00CB","Wirral","E02001474","Wirral 008",,,3462,3456,6
"B","North West",,,"00CB","Wirral","E02001475","Wirral 009",,,2859,2856,3
"B","North West",,,"00CB","Wirral","E02001476","Wirral 010",,,3445,3442,3
"B","North West",,,"00CB","Wirral","E02001477","Wirral 011",,,3482,3482,0
"B","North West",,,"00CB","Wirral","E02001478","Wirral 012",,,3430,3430,0
"B","North West",,,"00CB","Wirral","E02001479","Wirral 013",,,2596,2596,0
"B","North West",,,"00CB","Wirral","E02001480","Wirral 014",,,3320,3316,4
"B","North West",,,"00CB","Wirral","E02001481","Wirral 015",,,3267,3267,0
"B","North West",,,"00CB","Wirral","E02001482","Wirral 016",,,4044,4033,11
"B","North West",,,"00CB","Wirral","E02001483","Wirral 017",,,3180,3180,0
"B","North West",,,"00CB","Wirral","E02001484","Wirral 018",,,3436,3436,0
"B","North West",,,"00CB","Wirral","E02001485","Wirral 019",,,2690,2690,0
"B","North West",,,"00CB","Wirral","E02001486","Wirral 020",,,4096,4079,17
"B","North West",,,"00CB","Wirral","E02001487","Wirral 021",,,4158,4154,4
"B","North West",,,"00CB","Wirral","E02001488","Wirral 022",,,3625,3617,8
"B","North West",,,"00CB","Wirral","E02001489","Wirral 023",,,3677,3677,0
"B","North West",,,"00CB","Wirral","E02001490","Wirral 024",,,3056,3056,0
"B","North West",,,"00CB","Wirral","E02001491","Wirral 025",,,3129,3126,3
"B","North West",,,"00CB","Wirral","E02001492","Wirral 026",,,3637,3630,7
"B","North West",,,"00CB","Wirral","E02001493","Wirral 027",,,3632,3626,6
"B","North West",,,"00CB","Wirral","E02001494","Wirral 028",,,3001,3001,0
"B","North West",,,"00CB","Wirral","E02001495","Wirral 029",,,3215,3212,3
"B","North West",,,"00CB","Wirral","E02001496","Wirral 030",,,2455,2455,0
"B","North West",,,"00CB","Wirral","E02001497","Wirral 031",,,3542,3542,0
"B","North West",,,"00CB","Wirral","E02001498","Wirral 032",,,3096,3096,0
"B","North West",,,"00CB","Wirral","E02001499","Wirral 033",,,2940,2940,0
"B","North West",,,"00CB","Wirral","E02001500","Wirral 034",,,3240,3240,0
"B","North West",,,"00CB","Wirral","E02001501","Wirral 035",,,3268,3268,0
"B","North West",,,"00CB","Wirral","E02001502","Wirral 036",,,3457,3457,0
"B","North West",,,"00CB","Wirral","E02001503","Wirral 037",,,3421,3418,3
"B","North West",,,"00CB","Wirral","E02001504","Wirral 038",,,3015,3015,0
"B","North West",,,"00CB","Wirral","E02001505","Wirral 039",,,2738,2738,0
"B","North West",,,"00CB","Wirral","E02001506","Wirral 040",,,3781,3778,3
"B","North West",,,"00CB","Wirral","E02001507","Wirral 041",,,2994,2994,0
"B","North West",,,"00CB","Wirral","E02001508","Wirral 042",,,3421,3421,0
"B","North West",,,"00ET","Halton","E02002574","Halton 001",,,2368,2368,0
"B","North West",,,"00ET","Halton","E02002575","Halton 002",,,2768,2768,0
"B","North West",,,"00ET","Halton","E02002576","Halton 003",,,3126,3126,0
"B","North West",,,"00ET","Halton","E02002577","Halton 004",,,3320,3320,0
"B","North West",,,"00ET","Halton","E02002578","Halton 005",,,3116,3116,0
"B","North West",,,"00ET","Halton","E02002579","Halton 006",,,3151,3151,0
"B","North West",,,"00ET","Halton","E02002580","Halton 007",,,3200,3200,0
"B","North West",,,"00ET","Halton","E02002581","Halton 008",,,2579,2579,0
"B","North West",,,"00ET","Halton","E02002582","Halton 009",,,2786,2786,0
"B","North West",,,"00ET","Halton","E02002583","Halton 010",,,3579,3579,0
"B","North West",,,"00ET","Halton","E02002584","Halton 011",,,3089,3086,3
"B","North West",,,"00ET","Halton","E02002585","Halton 012",,,4167,4167,0
"B","North West",,,"00ET","Halton","E02002586","Halton 013",,,4059,4059,0
"B","North West",,,"00ET","Halton","E02002587","Halton 014",,,2880,2880,0
"B","North West",,,"00ET","Halton","E02002588","Halton 015",,,3203,3203,0
"B","North West",,,"00ET","Halton","E02002589","Halton 016",,,2760,2760,0
"B","North West",,,"00EU","Warrington","E02002590","Warrington 001",,,2538,2538,0
"B","North West",,,"00EU","Warrington","E02002591","Warrington 002",,,2751,2751,0
"B","North West",,,"00EU","Warrington","E02002592","Warrington 003",,,2312,2312,0
"B","North West",,,"00EU","Warrington","E02002593","Warrington 004",,,2434,2434,0
"B","North West",,,"00EU","Warrington","E02002594","Warrington 005",,,2640,2640,0
"B","North West",,,"00EU","Warrington","E02002595","Warrington 006",,,3529,3529,0
"B","North West",,,"00EU","Warrington","E02002596","Warrington 007",,,3433,3433,0
"B","North West",,,"00EU","Warrington","E02002597","Warrington 008",,,3854,3854,0
"B","North West",,,"00EU","Warrington","E02002598","Warrington 009",,,2170,2170,0
"B","North West",,,"00EU","Warrington","E02002599","Warrington 010",,,3315,3315,0
"B","North West",,,"00EU","Warrington","E02002600","Warrington 011",,,3973,3973,0
"B","North West",,,"00EU","Warrington","E02002601","Warrington 012",,,3280,3280,0
"B","North West",,,"00EU","Warrington","E02002602","Warrington 013",,,3035,3035,0
"B","North West",,,"00EU","Warrington","E02002603","Warrington 014",,,2973,2973,0
"B","North West",,,"00EU","Warrington","E02002604","Warrington 015",,,3072,3072,0
"B","North West",,,"00EU","Warrington","E02002605","Warrington 016",,,3418,3418,0
"B","North West",,,"00EU","Warrington","E02002606","Warrington 017",,,3931,3926,5
"B","North West",,,"00EU","Warrington","E02002607","Warrington 018",,,3875,3872,3
"B","North West",,,"00EU","Warrington","E02002608","Warrington 019",,,3560,3560,0
"B","North West",,,"00EU","Warrington","E02002609","Warrington 020",,,3470,3467,3
"B","North West",,,"00EU","Warrington","E02002610","Warrington 021",,,4568,4568,0
"B","North West",,,"00EU","Warrington","E02002611","Warrington 022",,,3144,3144,0
"B","North West",,,"00EU","Warrington","E02002612","Warrington 023",,,4107,4107,0
"B","North West",,,"00EU","Warrington","E02002613","Warrington 024",,,2256,2256,0
"B","North West",,,"00EU","Warrington","E02002614","Warrington 025",,,2325,2325,0
"B","North West",,,"00EX","Blackburn with Darwen","E02002615","Blackburn with Darwen 001",,,4045,4045,0
"B","North West",,,"00EX","Blackburn with Darwen","E02002616","Blackburn with Darwen 002",,,3032,3032,0
"B","North West",,,"00EX","Blackburn with Darwen","E02002617","Blackburn with Darwen 003",,,2655,2652,3
"B","North West",,,"00EX","Blackburn with Darwen","E02002618","Blackburn with Darwen 004",,,2191,2187,4
"B","North West",,,"00EX","Blackburn with Darwen","E02002619","Blackburn with Darwen 005",,,3145,3139,6
"B","North West",,,"00EX","Blackburn with Darwen","E02002620","Blackburn with Darwen 006",,,3189,3189,0
"B","North West",,,"00EX","Blackburn with Darwen","E02002621","Blackburn with Darwen 007",,,2596,2596,0
"B","North West",,,"00EX","Blackburn with Darwen","E02002622","Blackburn with Darwen 008",,,3915,3912,3
"B","North West",,,"00EX","Blackburn with Darwen","E02002623","Blackburn with Darwen 009",,,4744,4740,4
"B","North West",,,"00EX","Blackburn with Darwen","E02002624","Blackburn with Darwen 010",,,3207,3207,0
"B","North West",,,"00EX","Blackburn with Darwen","E02002625","Blackburn with Darwen 011",,,3409,3409,0
"B","North West",,,"00EX","Blackburn with Darwen","E02002626","Blackburn with Darwen 012",,,3185,3185,0
"B","North West",,,"00EX","Blackburn with Darwen","E02002627","Blackburn with Darwen 013",,,2287,2287,0
"B","North West",,,"00EX","Blackburn with Darwen","E02002628","Blackburn with Darwen 014",,,3221,3221,0
"B","North West",,,"00EX","Blackburn with Darwen","E02002629","Blackburn with Darwen 015",,,2668,2665,3
"B","North West",,,"00EX","Blackburn with Darwen","E02002630","Blackburn with Darwen 016",,,2916,2912,4
"B","North West",,,"00EX","Blackburn with Darwen","E02002631","Blackburn with Darwen 017",,,3666,3666,0
"B","North West",,,"00EX","Blackburn with Darwen","E02002632","Blackburn with Darwen 018",,,2571,2571,0
"B","North West",,,"00EY","Blackpool","E02002633","Blackpool 001",,,3784,3781,3
"B","North West",,,"00EY","Blackpool","E02002634","Blackpool 002",,,4076,4076,0
"B","North West",,,"00EY","Blackpool","E02002635","Blackpool 003",,,3605,3601,4
"B","North West",,,"00EY","Blackpool","E02002636","Blackpool 004",,,3669,3669,0
"B","North West",,,"00EY","Blackpool","E02002637","Blackpool 005",,,2857,2857,0
"B","North West",,,"00EY","Blackpool","E02002638","Blackpool 006",,,3124,3100,24
"B","North West",,,"00EY","Blackpool","E02002639","Blackpool 007",,,2967,2964,3
"B","North West",,,"00EY","Blackpool","E02002640","Blackpool 008",,,3759,3749,10
"B","North West",,,"00EY","Blackpool","E02002641","Blackpool 009",,,3685,3682,3
"B","North West",,,"00EY","Blackpool","E02002642","Blackpool 010",,,3993,3950,43
"B","North West",,,"00EY","Blackpool","E02002643","Blackpool 011",,,3707,3693,14
"B","North West",,,"00EY","Blackpool","E02002644","Blackpool 012",,,3547,3547,0
"B","North West",,,"00EY","Blackpool","E02002645","Blackpool 013",,,2674,2639,35
"B","North West",,,"00EY","Blackpool","E02002646","Blackpool 014",,,3381,3381,0
"B","North West",,,"00EY","Blackpool","E02002647","Blackpool 015",,,3836,3833,3
"B","North West",,,"00EY","Blackpool","E02002648","Blackpool 016",,,3323,3320,3
"B","North West",,,"00EY","Blackpool","E02002649","Blackpool 017",,,3935,3913,22
"B","North West",,,"00EY","Blackpool","E02002650","Blackpool 018",,,3516,3516,0
"B","North West",,,"00EY","Blackpool","E02002651","Blackpool 019",,,3591,3591,0
"B","North West","13","Cheshire","13UB","Chester","E02003794","Chester 001",,,3431,3431,0
"B","North West","13","Cheshire","13UB","Chester","E02003795","Chester 002",,,2270,2270,0
"B","North West","13","Cheshire","13UB","Chester","E02003796","Chester 003",,,3259,3256,3
"B","North West","13","Cheshire","13UB","Chester","E02003797","Chester 004",,,3822,3816,6
"B","North West","13","Cheshire","13UB","Chester","E02003798","Chester 005",,,2580,2580,0
"B","North West","13","Cheshire","13UB","Chester","E02003799","Chester 006",,,3191,3191,0
"B","North West","13","Cheshire","13UB","Chester","E02003800","Chester 007",,,2545,2545,0
"B","North West","13","Cheshire","13UB","Chester","E02003801","Chester 008",,,2943,2940,3
"B","North West","13","Cheshire","13UB","Chester","E02003802","Chester 009",,,3360,3344,16
"B","North West","13","Cheshire","13UB","Chester","E02003803","Chester 010",,,3398,3387,11
"B","North West","13","Cheshire","13UB","Chester","E02003804","Chester 011",,,3227,3227,0
"B","North West","13","Cheshire","13UB","Chester","E02003805","Chester 012",,,2597,2597,0
"B","North West","13","Cheshire","13UB","Chester","E02003806","Chester 013",,,2529,2529,0
"B","North West","13","Cheshire","13UB","Chester","E02003807","Chester 014",,,3945,3940,5
"B","North West","13","Cheshire","13UB","Chester","E02003808","Chester 015",,,2839,2836,3
"B","North West","13","Cheshire","13UB","Chester","E02003809","Chester 016",,,2961,2961,0
"B","North West","13","Cheshire","13UB","Chester","E02003810","Chester 017",,,3383,3383,0
"B","North West","13","Cheshire","13UC","Congleton","E02003811","Congleton 001",,,2283,2283,0
"B","North West","13","Cheshire","13UC","Congleton","E02003812","Congleton 002",,,2350,2350,0
"B","North West","13","Cheshire","13UC","Congleton","E02003813","Congleton 003",,,2583,2583,0
"B","North West","13","Cheshire","13UC","Congleton","E02003814","Congleton 004",,,2756,2756,0
"B","North West","13","Cheshire","13UC","Congleton","E02003815","Congleton 005",,,2877,2877,0
"B","North West","13","Cheshire","13UC","Congleton","E02003816","Congleton 006",,,3002,2999,3
"B","North West","13","Cheshire","13UC","Congleton","E02003817","Congleton 007",,,2755,2755,0
"B","North West","13","Cheshire","13UC","Congleton","E02003818","Congleton 008",,,2439,2439,0
"B","North West","13","Cheshire","13UC","Congleton","E02003819","Congleton 009",,,2468,2465,3
"B","North West","13","Cheshire","13UC","Congleton","E02003820","Congleton 010",,,2630,2630,0
"B","North West","13","Cheshire","13UC","Congleton","E02003821","Congleton 011",,,2519,2519,0
"B","North West","13","Cheshire","13UC","Congleton","E02003822","Congleton 012",,,4396,4396,0
"B","North West","13","Cheshire","13UC","Congleton","E02003823","Congleton 013",,,3046,3046,0
"B","North West","13","Cheshire","13UC","Congleton","E02003824","Congleton 014",,,2153,2153,0
"B","North West","13","Cheshire","13UD","Crewe and Nantwich","E02003825","Crewe and Nantwich 001",,,2463,2463,0
"B","North West","13","Cheshire","13UD","Crewe and Nantwich","E02003826","Crewe and Nantwich 002",,,2990,2990,0
"B","North West","13","Cheshire","13UD","Crewe and Nantwich","E02003827","Crewe and Nantwich 003",,,3702,3699,3
"B","North West","13","Cheshire","13UD","Crewe and Nantwich","E02003828","Crewe and Nantwich 004",,,2696,2696,0
"B","North West","13","Cheshire","13UD","Crewe and Nantwich","E02003829","Crewe and Nantwich 005",,,2487,2487,0
"B","North West","13","Cheshire","13UD","Crewe and Nantwich","E02003830","Crewe and Nantwich 006",,,3037,3034,3
"B","North West","13","Cheshire","13UD","Crewe and Nantwich","E02003831","Crewe and Nantwich 007",,,3279,3279,0
"B","North West","13","Cheshire","13UD","Crewe and Nantwich","E02003832","Crewe and Nantwich 008",,,2515,2508,7
"B","North West","13","Cheshire","13UD","Crewe and Nantwich","E02003833","Crewe and Nantwich 009",,,2673,2673,0
"B","North West","13","Cheshire","13UD","Crewe and Nantwich","E02003834","Crewe and Nantwich 010",,,2519,2519,0
"B","North West","13","Cheshire","13UD","Crewe and Nantwich","E02003835","Crewe and Nantwich 011",,,3166,3166,0
"B","North West","13","Cheshire","13UD","Crewe and Nantwich","E02003836","Crewe and Nantwich 012",,,3163,3160,3
"B","North West","13","Cheshire","13UD","Crewe and Nantwich","E02003837","Crewe and Nantwich 013",,,3382,3382,0
"B","North West","13","Cheshire","13UD","Crewe and Nantwich","E02003838","Crewe and Nantwich 014",,,2752,2752,0
"B","North West","13","Cheshire","13UD","Crewe and Nantwich","E02003839","Crewe and Nantwich 015",,,2654,2651,3
"B","North West","13","Cheshire","13UD","Crewe and Nantwich","E02003840","Crewe and Nantwich 016",,,3975,3972,3
"B","North West","13","Cheshire","13UE","Ellesmere Port & Neston","E02003841","Ellesmere Port & Neston 001",,,3175,3172,3
"B","North West","13","Cheshire","13UE","Ellesmere Port & Neston","E02003842","Ellesmere Port & Neston 002",,,2338,2338,0
"B","North West","13","Cheshire","13UE","Ellesmere Port & Neston","E02003843","Ellesmere Port & Neston 003",,,2545,2545,0
"B","North West","13","Cheshire","13UE","Ellesmere Port & Neston","E02003844","Ellesmere Port & Neston 004",,,2990,2990,0
"B","North West","13","Cheshire","13UE","Ellesmere Port & Neston","E02003845","Ellesmere Port & Neston 005",,,3585,3577,8
"B","North West","13","Cheshire","13UE","Ellesmere Port & Neston","E02003846","Ellesmere Port & Neston 006",,,3001,3001,0
"B","North West","13","Cheshire","13UE","Ellesmere Port & Neston","E02003847","Ellesmere Port & Neston 007",,,3782,3779,3
"B","North West","13","Cheshire","13UE","Ellesmere Port & Neston","E02003848","Ellesmere Port & Neston 008",,,2260,2260,0
"B","North West","13","Cheshire","13UE","Ellesmere Port & Neston","E02003849","Ellesmere Port & Neston 009",,,2922,2922,0
"B","North West","13","Cheshire","13UE","Ellesmere Port & Neston","E02003850","Ellesmere Port & Neston 010",,,2282,2282,0
"B","North West","13","Cheshire","13UE","Ellesmere Port & Neston","E02003851","Ellesmere Port & Neston 011",,,2387,2387,0
"B","North West","13","Cheshire","13UE","Ellesmere Port & Neston","E02003852","Ellesmere Port & Neston 012",,,2801,2801,0
"B","North West","13","Cheshire","13UG","Macclesfield","E02003853","Macclesfield 001",,,2503,2503,0
"B","North West","13","Cheshire","13UG","Macclesfield","E02003854","Macclesfield 002",,,2709,2709,0
"B","North West","13","Cheshire","13UG","Macclesfield","E02003855","Macclesfield 003",,,2767,2767,0
"B","North West","13","Cheshire","13UG","Macclesfield","E02003856","Macclesfield 004",,,4803,4803,0
"B","North West","13","Cheshire","13UG","Macclesfield","E02003857","Macclesfield 005",,,2764,2764,0
"B","North West","13","Cheshire","13UG","Macclesfield","E02003858","Macclesfield 006",,,2928,2928,0
"B","North West","13","Cheshire","13UG","Macclesfield","E02003859","Macclesfield 007",,,4549,4546,3
"B","North West","13","Cheshire","13UG","Macclesfield","E02003860","Macclesfield 008",,,2940,2940,0
"B","North West","13","Cheshire","13UG","Macclesfield","E02003861","Macclesfield 009",,,2908,2908,0
"B","North West","13","Cheshire","13UG","Macclesfield","E02003862","Macclesfield 010",,,2129,2129,0
"B","North West","13","Cheshire","13UG","Macclesfield","E02003863","Macclesfield 011",,,2970,2970,0
"B","North West","13","Cheshire","13UG","Macclesfield","E02003864","Macclesfield 012",,,3452,3452,0
"B","North West","13","Cheshire","13UG","Macclesfield","E02003865","Macclesfield 013",,,3302,3299,3
"B","North West","13","Cheshire","13UG","Macclesfield","E02003866","Macclesfield 014",,,2290,2290,0
"B","North West","13","Cheshire","13UG","Macclesfield","E02003867","Macclesfield 015",,,2917,2917,0
"B","North West","13","Cheshire","13UG","Macclesfield","E02003868","Macclesfield 016",,,3781,3778,3
"B","North West","13","Cheshire","13UG","Macclesfield","E02003869","Macclesfield 017",,,3036,3033,3
"B","North West","13","Cheshire","13UG","Macclesfield","E02003870","Macclesfield 018",,,4905,4905,0
"B","North West","13","Cheshire","13UG","Macclesfield","E02003871","Macclesfield 019",,,3033,3033,0
"B","North West","13","Cheshire","13UG","Macclesfield","E02003872","Macclesfield 020",,,4059,4059,0
"B","North West","13","Cheshire","13UG","Macclesfield","E02003873","Macclesfield 021",,,2570,2570,0
"B","North West","13","Cheshire","13UH","Vale Royal","E02003874","Vale Royal 001",,,3916,3916,0
"B","North West","13","Cheshire","13UH","Vale Royal","E02003875","Vale Royal 002",,,2678,2678,0
"B","North West","13","Cheshire","13UH","Vale Royal","E02003876","Vale Royal 003",,,2355,2355,0
"B","North West","13","Cheshire","13UH","Vale Royal","E02003877","Vale Royal 004",,,3728,3728,0
"B","North West","13","Cheshire","13UH","Vale Royal","E02003878","Vale Royal 005",,,3261,3261,0
"B","North West","13","Cheshire","13UH","Vale Royal","E02003879","Vale Royal 006",,,2447,2444,3
"B","North West","13","Cheshire","13UH","Vale Royal","E02003880","Vale Royal 007",,,2797,2797,0
"B","North West","13","Cheshire","13UH","Vale Royal","E02003881","Vale Royal 008",,,2631,2628,3
"B","North West","13","Cheshire","13UH","Vale Royal","E02003882","Vale Royal 009",,,3857,3857,0
"B","North West","13","Cheshire","13UH","Vale Royal","E02003883","Vale Royal 010",,,3511,3511,0
"B","North West","13","Cheshire","13UH","Vale Royal","E02003884","Vale Royal 011",,,3154,3154,0
"B","North West","13","Cheshire","13UH","Vale Royal","E02003885","Vale Royal 012",,,2424,2421,3
"B","North West","13","Cheshire","13UH","Vale Royal","E02003886","Vale Royal 013",,,2329,2329,0
"B","North West","13","Cheshire","13UH","Vale Royal","E02003887","Vale Royal 014",,,2324,2324,0
"B","North West","13","Cheshire","13UH","Vale Royal","E02003888","Vale Royal 015",,,2581,2581,0
"B","North West","13","Cheshire","13UH","Vale Royal","E02003889","Vale Royal 016",,,2231,2231,0
"B","North West","13","Cheshire","13UH","Vale Royal","E02003890","Vale Royal 017",,,2411,2411,0
"B","North West","13","Cheshire","13UH","Vale Royal","E02003891","Vale Royal 018",,,2464,2464,0
"B","North West","16","Cumbria","16UB","Allerdale","E02003965","Allerdale 001",,,4590,4590,0
"B","North West","16","Cumbria","16UB","Allerdale","E02003966","Allerdale 002",,,3088,3085,3
"B","North West","16","Cumbria","16UB","Allerdale","E02003967","Allerdale 003",,,3590,3590,0
"B","North West","16","Cumbria","16UB","Allerdale","E02003968","Allerdale 004",,,3740,3740,0
"B","North West","16","Cumbria","16UB","Allerdale","E02003969","Allerdale 005",,,2961,2961,0
"B","North West","16","Cumbria","16UB","Allerdale","E02003970","Allerdale 006",,,3348,3348,0
"B","North West","16","Cumbria","16UB","Allerdale","E02003971","Allerdale 007",,,3494,3491,3
"B","North West","16","Cumbria","16UB","Allerdale","E02003972","Allerdale 008",,,4188,4188,0
"B","North West","16","Cumbria","16UB","Allerdale","E02003973","Allerdale 009",,,3970,3970,0
"B","North West","16","Cumbria","16UB","Allerdale","E02003974","Allerdale 010",,,3361,3361,0
"B","North West","16","Cumbria","16UB","Allerdale","E02003975","Allerdale 011",,,2620,2620,0
"B","North West","16","Cumbria","16UB","Allerdale","E02003976","Allerdale 012",,,3846,3843,3
"B","North West","16","Cumbria","16UC","Barrow-in-Furness","E02003977","Barrow-in-Furness 001",,,2777,2777,0
"B","North West","16","Cumbria","16UC","Barrow-in-Furness","E02003978","Barrow-in-Furness 002",,,2663,2663,0
"B","North West","16","Cumbria","16UC","Barrow-in-Furness","E02003979","Barrow-in-Furness 003",,,3424,3424,0
"B","North West","16","Cumbria","16UC","Barrow-in-Furness","E02003980","Barrow-in-Furness 004",,,3324,3324,0
"B","North West","16","Cumbria","16UC","Barrow-in-Furness","E02003981","Barrow-in-Furness 005",,,3116,3113,3
"B","North West","16","Cumbria","16UC","Barrow-in-Furness","E02003982","Barrow-in-Furness 006",,,2865,2865,0
"B","North West","16","Cumbria","16UC","Barrow-in-Furness","E02003983","Barrow-in-Furness 007",,,3555,3552,3
"B","North West","16","Cumbria","16UC","Barrow-in-Furness","E02003984","Barrow-in-Furness 008",,,3875,3865,10
"B","North West","16","Cumbria","16UC","Barrow-in-Furness","E02003985","Barrow-in-Furness 009",,,3240,3240,0
"B","North West","16","Cumbria","16UC","Barrow-in-Furness","E02003986","Barrow-in-Furness 010",,,3591,3591,0
"B","North West","16","Cumbria","16UD","Carlisle","E02003987","Carlisle 001",,,2578,2578,0
"B","North West","16","Cumbria","16UD","Carlisle","E02003988","Carlisle 002",,,2898,2895,3
"B","North West","16","Cumbria","16UD","Carlisle","E02003989","Carlisle 003",,,3240,3240,0
"B","North West","16","Cumbria","16UD","Carlisle","E02003990","Carlisle 004",,,3718,3718,0
"B","North West","16","Cumbria","16UD","Carlisle","E02003991","Carlisle 005",,,3076,3076,0
"B","North West","16","Cumbria","16UD","Carlisle","E02003992","Carlisle 006",,,4136,4099,37
"B","North West","16","Cumbria","16UD","Carlisle","E02003993","Carlisle 007",,,3547,3547,0
"B","North West","16","Cumbria","16UD","Carlisle","E02003994","Carlisle 008",,,3490,3490,0
"B","North West","16","Cumbria","16UD","Carlisle","E02003995","Carlisle 009",,,4343,4343,0
"B","North West","16","Cumbria","16UD","Carlisle","E02003996","Carlisle 010",,,4444,4440,4
"B","North West","16","Cumbria","16UD","Carlisle","E02003997","Carlisle 011",,,3984,3981,3
"B","North West","16","Cumbria","16UD","Carlisle","E02003998","Carlisle 012",,,3040,3040,0
"B","North West","16","Cumbria","16UD","Carlisle","E02003999","Carlisle 013",,,3475,3472,3
"B","North West","16","Cumbria","16UE","Copeland","E02004000","Copeland 001",,,2302,2302,0
"B","North West","16","Cumbria","16UE","Copeland","E02004001","Copeland 002",,,2765,2765,0
"B","North West","16","Cumbria","16UE","Copeland","E02004002","Copeland 003",,,4233,4233,0
"B","North West","16","Cumbria","16UE","Copeland","E02004003","Copeland 004",,,5486,5486,0
"B","North West","16","Cumbria","16UE","Copeland","E02004004","Copeland 005",,,4342,4342,0
"B","North West","16","Cumbria","16UE","Copeland","E02004005","Copeland 006",,,3554,3554,0
"B","North West","16","Cumbria","16UE","Copeland","E02004006","Copeland 007",,,3982,3982,0
"B","North West","16","Cumbria","16UE","Copeland","E02004007","Copeland 008",,,4724,4724,0
"B","North West","16","Cumbria","16UF","Eden","E02004008","Eden 001",,,2785,2782,3
"B","North West","16","Cumbria","16UF","Eden","E02004009","Eden 002",,,2352,2352,0
"B","North West","16","Cumbria","16UF","Eden","E02004010","Eden 003",,,3181,3174,7
"B","North West","16","Cumbria","16UF","Eden","E02004011","Eden 004",,,4209,4209,0
"B","North West","16","Cumbria","16UF","Eden","E02004012","Eden 005",,,3017,3017,0
"B","North West","16","Cumbria","16UF","Eden","E02004013","Eden 006",,,4313,4313,0
"B","North West","16","Cumbria","16UF","Eden","E02004014","Eden 007",,,3473,3473,0
"B","North West","16","Cumbria","16UG","South Lakeland","E02004015","South Lakeland 001",,,4189,4178,11
"B","North West","16","Cumbria","16UG","South Lakeland","E02004016","South Lakeland 002",,,4413,4410,3
"B","North West","16","Cumbria","16UG","South Lakeland","E02004017","South Lakeland 003",,,3813,3810,3
"B","North West","16","Cumbria","16UG","South Lakeland","E02004018","South Lakeland 004",,,3531,3528,3
"B","North West","16","Cumbria","16UG","South Lakeland","E02004019","South Lakeland 005",,,3392,3392,0
"B","North West","16","Cumbria","16UG","South Lakeland","E02004020","South Lakeland 006",,,3514,3511,3
"B","North West","16","Cumbria","16UG","South Lakeland","E02004021","South Lakeland 007",,,3014,3014,0
"B","North West","16","Cumbria","16UG","South Lakeland","E02004022","South Lakeland 008",,,3029,3029,0
"B","North West","16","Cumbria","16UG","South Lakeland","E02004023","South Lakeland 009",,,2911,2911,0
"B","North West","16","Cumbria","16UG","South Lakeland","E02004024","South Lakeland 010",,,3161,3161,0
"B","North West","16","Cumbria","16UG","South Lakeland","E02004025","South Lakeland 011",,,3668,3668,0
"B","North West","16","Cumbria","16UG","South Lakeland","E02004026","South Lakeland 012",,,3589,3586,3
"B","North West","16","Cumbria","16UG","South Lakeland","E02004027","South Lakeland 013",,,4005,4005,0
"B","North West","16","Cumbria","16UG","South Lakeland","E02004028","South Lakeland 014",,,3381,3381,0
"B","North West","30","Lancashire","30UD","Burnley","E02005176","Burnley 001",,,3700,3700,0
"B","North West","30","Lancashire","30UD","Burnley","E02005177","Burnley 002",,,2565,2562,3
"B","North West","30","Lancashire","30UD","Burnley","E02005178","Burnley 003",,,3844,3841,3
"B","North West","30","Lancashire","30UD","Burnley","E02005179","Burnley 004",,,4167,4167,0
"B","North West","30","Lancashire","30UD","Burnley","E02005180","Burnley 005",,,2943,2943,0
"B","North West","30","Lancashire","30UD","Burnley","E02005181","Burnley 006",,,2826,2826,0
"B","North West","30","Lancashire","30UD","Burnley","E02005182","Burnley 007",,,2936,2924,12
"B","North West","30","Lancashire","30UD","Burnley","E02005183","Burnley 008",,,2769,2769,0
"B","North West","30","Lancashire","30UD","Burnley","E02005184","Burnley 009",,,2170,2170,0
"B","North West","30","Lancashire","30UD","Burnley","E02005185","Burnley 010",,,4629,4617,12
"B","North West","30","Lancashire","30UD","Burnley","E02005186","Burnley 011",,,2306,2306,0
"B","North West","30","Lancashire","30UD","Burnley","E02005187","Burnley 012",,,2734,2731,3
"B","North West","30","Lancashire","30UD","Burnley","E02005188","Burnley 013",,,2136,2136,0
"B","North West","30","Lancashire","30UE","Chorley","E02005189","Chorley 001",,,2317,2317,0
"B","North West","30","Lancashire","30UE","Chorley","E02005190","Chorley 002",,,2675,2675,0
"B","North West","30","Lancashire","30UE","Chorley","E02005191","Chorley 003",,,3445,3445,0
"B","North West","30","Lancashire","30UE","Chorley","E02005192","Chorley 004",,,2639,2639,0
"B","North West","30","Lancashire","30UE","Chorley","E02005193","Chorley 005",,,3265,3265,0
"B","North West","30","Lancashire","30UE","Chorley","E02005194","Chorley 006",,,3617,3614,3
"B","North West","30","Lancashire","30UE","Chorley","E02005195","Chorley 007",,,2366,2363,3
"B","North West","30","Lancashire","30UE","Chorley","E02005196","Chorley 008",,,2744,2744,0
"B","North West","30","Lancashire","30UE","Chorley","E02005197","Chorley 009",,,2912,2912,0
"B","North West","30","Lancashire","30UE","Chorley","E02005198","Chorley 010",,,3523,3523,0
"B","North West","30","Lancashire","30UE","Chorley","E02005199","Chorley 011",,,3034,3034,0
"B","North West","30","Lancashire","30UE","Chorley","E02005200","Chorley 012",,,2769,2766,3
"B","North West","30","Lancashire","30UE","Chorley","E02005201","Chorley 013",,,3175,3175,0
"B","North West","30","Lancashire","30UE","Chorley","E02005202","Chorley 014",,,3818,3818,0
"B","North West","30","Lancashire","30UF","Fylde","E02005203","Fylde 001",,,2961,2961,0
"B","North West","30","Lancashire","30UF","Fylde","E02005204","Fylde 002",,,4380,4380,0
"B","North West","30","Lancashire","30UF","Fylde","E02005205","Fylde 003",,,2476,2476,0
"B","North West","30","Lancashire","30UF","Fylde","E02005206","Fylde 004",,,3183,3180,3
"B","North West","30","Lancashire","30UF","Fylde","E02005207","Fylde 005",,,3351,3351,0
"B","North West","30","Lancashire","30UF","Fylde","E02005208","Fylde 006",,,5304,5267,37
"B","North West","30","Lancashire","30UF","Fylde","E02005209","Fylde 007",,,3576,3573,3
"B","North West","30","Lancashire","30UF","Fylde","E02005210","Fylde 008",,,4871,4868,3
"B","North West","30","Lancashire","30UF","Fylde","E02005211","Fylde 009",,,3994,3989,5
"B","North West","30","Lancashire","30UG","Hyndburn","E02005212","Hyndburn 001",,,4981,4978,3
"B","North West","30","Lancashire","30UG","Hyndburn","E02005213","Hyndburn 002",,,4613,4613,0
"B","North West","30","Lancashire","30UG","Hyndburn","E02005214","Hyndburn 003",,,3144,3144,0
"B","North West","30","Lancashire","30UG","Hyndburn","E02005215","Hyndburn 004",,,5704,5704,0
"B","North West","30","Lancashire","30UG","Hyndburn","E02005216","Hyndburn 005",,,2373,2373,0
"B","North West","30","Lancashire","30UG","Hyndburn","E02005217","Hyndburn 006",,,4466,4466,0
"B","North West","30","Lancashire","30UG","Hyndburn","E02005218","Hyndburn 007",,,3355,3355,0
"B","North West","30","Lancashire","30UG","Hyndburn","E02005219","Hyndburn 008",,,3814,3814,0
"B","North West","30","Lancashire","30UG","Hyndburn","E02005220","Hyndburn 009",,,2702,2702,0
"B","North West","30","Lancashire","30UH","Lancaster","E02005221","Lancaster 001",,,4340,4340,0
"B","North West","30","Lancashire","30UH","Lancaster","E02005222","Lancaster 002",,,2520,2517,3
"B","North West","30","Lancashire","30UH","Lancaster","E02005223","Lancaster 003",,,3220,3220,0
"B","North West","30","Lancashire","30UH","Lancaster","E02005224","Lancaster 004",,,2717,2712,5
"B","North West","30","Lancashire","30UH","Lancaster","E02005225","Lancaster 005",,,2330,2330,0
"B","North West","30","Lancashire","30UH","Lancaster","E02005226","Lancaster 006",,,3993,3974,19
"B","North West","30","Lancashire","30UH","Lancaster","E02005227","Lancaster 007",,,3186,3186,0
"B","North West","30","Lancashire","30UH","Lancaster","E02005228","Lancaster 008",,,2585,2581,4
"B","North West","30","Lancashire","30UH","Lancaster","E02005229","Lancaster 009",,,3156,3098,58
"B","North West","30","Lancashire","30UH","Lancaster","E02005230","Lancaster 010",,,3161,3161,0
"B","North West","30","Lancashire","30UH","Lancaster","E02005231","Lancaster 011",,,3724,3724,0
"B","North West","30","Lancashire","30UH","Lancaster","E02005232","Lancaster 012",,,2192,2192,0
"B","North West","30","Lancashire","30UH","Lancaster","E02005233","Lancaster 013",,,2256,2256,0
"B","North West","30","Lancashire","30UH","Lancaster","E02005234","Lancaster 014",,,2869,2855,14
"B","North West","30","Lancashire","30UH","Lancaster","E02005235","Lancaster 015",,,2333,2328,5
"B","North West","30","Lancashire","30UH","Lancaster","E02005236","Lancaster 016",,,5230,5230,0
"B","North West","30","Lancashire","30UH","Lancaster","E02005237","Lancaster 017",,,3761,3758,3
"B","North West","30","Lancashire","30UH","Lancaster","E02005238","Lancaster 018",,,2515,2515,0
"B","North West","30","Lancashire","30UH","Lancaster","E02005239","Lancaster 019",,,2545,2542,3
"B","North West","30","Lancashire","30UJ","Pendle","E02005240","Pendle 001",,,2424,2424,0
"B","North West","30","Lancashire","30UJ","Pendle","E02005241","Pendle 002",,,2538,2538,0
"B","North West","30","Lancashire","30UJ","Pendle","E02005242","Pendle 003",,,2583,2583,0
"B","North West","30","Lancashire","30UJ","Pendle","E02005243","Pendle 004",,,2528,2528,0
"B","North West","30","Lancashire","30UJ","Pendle","E02005244","Pendle 005",,,2447,2447,0
"B","North West","30","Lancashire","30UJ","Pendle","E02005245","Pendle 006",,,2887,2887,0
"B","North West","30","Lancashire","30UJ","Pendle","E02005246","Pendle 007",,,2318,2318,0
"B","North West","30","Lancashire","30UJ","Pendle","E02005247","Pendle 008",,,4360,4360,0
"B","North West","30","Lancashire","30UJ","Pendle","E02005248","Pendle 009",,,2780,2780,0
"B","North West","30","Lancashire","30UJ","Pendle","E02005249","Pendle 010",,,4379,4379,0
"B","North West","30","Lancashire","30UJ","Pendle","E02005250","Pendle 011",,,3042,3042,0
"B","North West","30","Lancashire","30UJ","Pendle","E02005251","Pendle 012",,,2443,2443,0
"B","North West","30","Lancashire","30UJ","Pendle","E02005252","Pendle 013",,,3712,3712,0
"B","North West","30","Lancashire","30UK","Preston","E02005253","Preston 001",,,2053,2053,0
"B","North West","30","Lancashire","30UK","Preston","E02005254","Preston 002",,,2467,2467,0
"B","North West","30","Lancashire","30UK","Preston","E02005255","Preston 003",,,3828,3828,0
"B","North West","30","Lancashire","30UK","Preston","E02005256","Preston 004",,,2732,2732,0
"B","North West","30","Lancashire","30UK","Preston","E02005257","Preston 005",,,2860,2860,0
"B","North West","30","Lancashire","30UK","Preston","E02005258","Preston 006",,,3254,3251,3
"B","North West","30","Lancashire","30UK","Preston","E02005259","Preston 007",,,4093,4093,0
"B","North West","30","Lancashire","30UK","Preston","E02005260","Preston 008",,,2949,2946,3
"B","North West","30","Lancashire","30UK","Preston","E02005261","Preston 009",,,3595,3595,0
"B","North West","30","Lancashire","30UK","Preston","E02005262","Preston 010",,,2480,2480,0
"B","North West","30","Lancashire","30UK","Preston","E02005263","Preston 011",,,2704,2701,3
"B","North West","30","Lancashire","30UK","Preston","E02005264","Preston 012",,,4740,4737,3
"B","North West","30","Lancashire","30UK","Preston","E02005265","Preston 013",,,4673,4673,0
"B","North West","30","Lancashire","30UK","Preston","E02005266","Preston 014",,,2856,2853,3
"B","North West","30","Lancashire","30UK","Preston","E02005267","Preston 015",,,2234,2227,7
"B","North West","30","Lancashire","30UK","Preston","E02005268","Preston 016",,,3480,3477,3
"B","North West","30","Lancashire","30UK","Preston","E02005269","Preston 017",,,3829,3787,42
"B","North West","30","Lancashire","30UL","Ribble Valley","E02005270","Ribble Valley 001",,,2850,2847,3
"B","North West","30","Lancashire","30UL","Ribble Valley","E02005271","Ribble Valley 002",,,3246,3246,0
"B","North West","30","Lancashire","30UL","Ribble Valley","E02005272","Ribble Valley 003",,,3266,3263,3
"B","North West","30","Lancashire","30UL","Ribble Valley","E02005273","Ribble Valley 004",,,2329,2329,0
"B","North West","30","Lancashire","30UL","Ribble Valley","E02005274","Ribble Valley 005",,,2887,2887,0
"B","North West","30","Lancashire","30UL","Ribble Valley","E02005275","Ribble Valley 006",,,2255,2255,0
"B","North West","30","Lancashire","30UL","Ribble Valley","E02005276","Ribble Valley 007",,,2695,2695,0
"B","North West","30","Lancashire","30UL","Ribble Valley","E02005277","Ribble Valley 008",,,3669,3669,0
"B","North West","30","Lancashire","30UM","Rossendale","E02005278","Rossendale 001",,,2977,2977,0
"B","North West","30","Lancashire","30UM","Rossendale","E02005279","Rossendale 002",,,4202,4202,0
"B","North West","30","Lancashire","30UM","Rossendale","E02005280","Rossendale 003",,,4116,4113,3
"B","North West","30","Lancashire","30UM","Rossendale","E02005281","Rossendale 004",,,3540,3540,0
"B","North West","30","Lancashire","30UM","Rossendale","E02005282","Rossendale 005",,,3150,3150,0
"B","North West","30","Lancashire","30UM","Rossendale","E02005283","Rossendale 006",,,2364,2364,0
"B","North West","30","Lancashire","30UM","Rossendale","E02005284","Rossendale 007",,,2406,2406,0
"B","North West","30","Lancashire","30UM","Rossendale","E02005285","Rossendale 008",,,2663,2663,0
"B","North West","30","Lancashire","30UM","Rossendale","E02005286","Rossendale 009",,,3158,3158,0
"B","North West","30","Lancashire","30UN","South Ribble","E02005287","South Ribble 001",,,2210,2210,0
"B","North West","30","Lancashire","30UN","South Ribble","E02005288","South Ribble 002",,,2549,2549,0
"B","North West","30","Lancashire","30UN","South Ribble","E02005289","South Ribble 003",,,2668,2668,0
"B","North West","30","Lancashire","30UN","South Ribble","E02005290","South Ribble 004",,,2879,2876,3
"B","North West","30","Lancashire","30UN","South Ribble","E02005291","South Ribble 005",,,2384,2384,0
"B","North West","30","Lancashire","30UN","South Ribble","E02005292","South Ribble 006",,,2749,2749,0
"B","North West","30","Lancashire","30UN","South Ribble","E02005293","South Ribble 007",,,2301,2301,0
"B","North West","30","Lancashire","30UN","South Ribble","E02005294","South Ribble 008",,,2227,2227,0
"B","North West","30","Lancashire","30UN","South Ribble","E02005295","South Ribble 009",,,3005,3005,0
"B","North West","30","Lancashire","30UN","South Ribble","E02005296","South Ribble 010",,,2279,2279,0
"B","North West","30","Lancashire","30UN","South Ribble","E02005297","South Ribble 011",,,3256,3256,0
"B","North West","30","Lancashire","30UN","South Ribble","E02005298","South Ribble 012",,,2720,2720,0
"B","North West","30","Lancashire","30UN","South Ribble","E02005299","South Ribble 013",,,2704,2704,0
"B","North West","30","Lancashire","30UN","South Ribble","E02005300","South Ribble 014",,,2044,2044,0
"B","North West","30","Lancashire","30UN","South Ribble","E02005301","South Ribble 015",,,2837,2837,0
"B","North West","30","Lancashire","30UN","South Ribble","E02005302","South Ribble 016",,,2263,2263,0
"B","North West","30","Lancashire","30UN","South Ribble","E02005303","South Ribble 017",,,2660,2660,0
"B","North West","30","Lancashire","30UP","West Lancashire","E02005304","West Lancashire 001",,,3322,3322,0
"B","North West","30","Lancashire","30UP","West Lancashire","E02005305","West Lancashire 002",,,3257,3257,0
"B","North West","30","Lancashire","30UP","West Lancashire","E02005306","West Lancashire 003",,,2852,2852,0
"B","North West","30","Lancashire","30UP","West Lancashire","E02005307","West Lancashire 004",,,3475,3475,0
"B","North West","30","Lancashire","30UP","West Lancashire","E02005308","West Lancashire 005",,,2772,2769,3
"B","North West","30","Lancashire","30UP","West Lancashire","E02005309","West Lancashire 006",,,3569,3566,3
"B","North West","30","Lancashire","30UP","West Lancashire","E02005310","West Lancashire 007",,,3000,2993,7
"B","North West","30","Lancashire","30UP","West Lancashire","E02005311","West Lancashire 008",,,2295,2295,0
"B","North West","30","Lancashire","30UP","West Lancashire","E02005312","West Lancashire 009",,,2469,2469,0
"B","North West","30","Lancashire","30UP","West Lancashire","E02005313","West Lancashire 010",,,3653,3650,3
"B","North West","30","Lancashire","30UP","West Lancashire","E02005314","West Lancashire 011",,,2838,2835,3
"B","North West","30","Lancashire","30UP","West Lancashire","E02005315","West Lancashire 012",,,3315,3315,0
"B","North West","30","Lancashire","30UP","West Lancashire","E02005316","West Lancashire 013",,,2303,2303,0
"B","North West","30","Lancashire","30UP","West Lancashire","E02005317","West Lancashire 014",,,3106,3106,0
"B","North West","30","Lancashire","30UP","West Lancashire","E02005318","West Lancashire 015",,,3031,3031,0
"B","North West","30","Lancashire","30UQ","Wyre","E02005319","Wyre 001",,,4310,4294,16
"B","North West","30","Lancashire","30UQ","Wyre","E02005320","Wyre 002",,,2390,2390,0
"B","North West","30","Lancashire","30UQ","Wyre","E02005321","Wyre 003",,,2727,2727,0
"B","North West","30","Lancashire","30UQ","Wyre","E02005322","Wyre 004",,,4352,4352,0
"B","North West","30","Lancashire","30UQ","Wyre","E02005323","Wyre 005",,,2913,2913,0
"B","North West","30","Lancashire","30UQ","Wyre","E02005324","Wyre 006",,,2169,2169,0
"B","North West","30","Lancashire","30UQ","Wyre","E02005325","Wyre 007",,,3742,3739,3
"B","North West","30","Lancashire","30UQ","Wyre","E02005326","Wyre 008",,,4154,4149,5
"B","North West","30","Lancashire","30UQ","Wyre","E02005327","Wyre 009",,,2232,2232,0
"B","North West","30","Lancashire","30UQ","Wyre","E02005328","Wyre 010",,,3371,3371,0
"B","North West","30","Lancashire","30UQ","Wyre","E02005329","Wyre 011",,,3773,3773,0
"B","North West","30","Lancashire","30UQ","Wyre","E02005330","Wyre 012",,,3552,3552,0
"B","North West","30","Lancashire","30UQ","Wyre","E02005331","Wyre 013",,,3496,3496,0
"B","North West","30","Lancashire","30UQ","Wyre","E02005332","Wyre 014",,,3640,3640,0