DATASET_TITLE,"GCE/Applied GCE A/AS and Equivalent Examination Results (Level 3) for Young People by Gender in England (Referenced by Location of Student Residence), 2009/2010",,,,,,FROM,Sep-2009,Sep-2009,Sep-2009,Sep-2009,Sep-2009,Sep-2009,Sep-2009,Sep-2009,Sep-2009,Sep-2009,Sep-2009,Sep-2009
AREA_TYPE,Local Authority,,,,,,TO,Aug-2010,Aug-2010,Aug-2010,Aug-2010,Aug-2010,Aug-2010,Aug-2010,Aug-2010,Aug-2010,Aug-2010,Aug-2010,Aug-2010
GEO_HIERARCHY,NeSS Geography Hierarchy,,,,,,HEADING,16-18 Year Old Students Entered for Level 3 Qualifications; Total,Average Level 3 QCDA Point Score Per Student,Average Level 3 QCDA Point Score Per Entry; All Students,Students Achieving 2 or More Passes of A Level Equivalent Size,16-18 Year Old Students Entered for Level 3 Qualifications; Male,Average Level 3 QCDA Point Score Per Male Student,Average Level 3 QCDA Point Score Per Entry; Male Students,Male Students Achieving 2 or More Passes of A Level Equivalent Size,16-18 Year Old Students Entered for Level 3 Qualifications; Female,Average Level 3 QCDA Point Score Per Female Student,Average Level 3 QCDA Point Score Per Entry; Female Students,Female Students Achieving 2 or More Passes of A Level Equivalent Size
,,,,,,,MEASUREMENT_UNIT,Count,Score,Score,Percentage,Count,Score,Score,Percentage,Count,Score,Score,Percentage
,,,,,,,STATISTICAL_UNIT,Persons,Persons,Persons,Persons,Persons,Persons,Persons,Persons,Persons,Persons,Persons,Persons
GOR_CODE,GOR_NAME,CTY_CODE,CTY_NAME,LA_CODE,LA_NAME,AREA_METADATA,,DATA_VALUE,DATA_VALUE,DATA_VALUE,DATA_VALUE,DATA_VALUE,DATA_VALUE,DATA_VALUE,DATA_VALUE,DATA_VALUE,DATA_VALUE,DATA_VALUE,DATA_VALUE
"A","North East",,,"00CH","Gateshead",,,1099,681.1,209.8,94.5,491,657.2,204.7,93.3,608,700.3,213.8,95.6
"A","North East",,,"00CJ","Newcastle upon Tyne",,,1158,688.2,207.5,93.1,580,675.6,204.5,91,578,700.8,210.4,95.2
"A","North East",,,"00CK","North Tyneside",,,1199,712,206.3,93.9,559,687.1,200,91.8,640,733.7,211.7,95.8
"A","North East",,,"00CL","South Tyneside",,,807,705.5,208.8,97.1,354,692.7,205.7,96.9,453,715.5,211.1,97.4
"A","North East",,,"00CM","Sunderland",,,1608,796.1,214.1,97.1,751,776.4,214,95.3,857,813.4,214.2,98.6
"A","North East",,,"00EB","Hartlepool",,,637,721.6,208.3,95,297,691.5,199.8,93.6,340,747.9,215.7,96.2
"A","North East",,,"00EC","Middlesbrough",,,915,651.2,209.8,92.3,409,623.7,201.1,92.9,506,673.5,216.8,91.9
"A","North East",,,"00EE","Redcar and Cleveland",,,1011,700.3,204.7,95,455,666.3,196.8,95.4,556,728.1,211.1,94.6
"A","North East",,,"00EF","Stockton-on-Tees",,,1417,739.9,213.4,96.1,650,719.8,208.5,94.9,767,757,217.6,97.1
"A","North East",,,"00EH","Darlington",,,651,787.1,210.5,97.1,308,764.3,204.9,96.4,343,807.5,215.5,97.7
"A","North East",,,"00EJ","Durham",,,3163,685.3,210.8,93.5,1457,672.1,207.6,92.2,1706,696.5,213.5,94.7
"A","North East",,,"00EM","Northumberland",,,1858,740.5,208.8,95.4,864,709.4,202.2,94.1,994,767.6,214.5,96.6
"B","North West",,,"00BL","Bolton",,,1719,686.4,205.5,95.6,788,680.5,201.7,94.9,931,691.3,208.7,96.2
"B","North West",,,"00BM","Bury",,,1352,797.5,212.9,97.4,623,792.7,209.7,98.1,729,801.5,215.7,96.8
"B","North West",,,"00BN","Manchester",,,2238,696.5,213.3,95.6,1038,670.3,209.1,95.1,1200,719.2,216.9,96.1
"B","North West",,,"00BP","Oldham",,,1496,704.3,210.3,95.4,699,672.8,204.8,93.6,797,732,215,97
"B","North West",,,"00BQ","Rochdale",,,1469,707,203.5,94.9,621,697,200.2,94.4,848,714.3,205.9,95.3
"B","North West",,,"00BR","Salford",,,1158,686.1,219.2,95.9,515,692.2,217,98.4,643,681.3,221.1,93.9
"B","North West",,,"00BS","Stockport",,,1947,760.8,209.8,96.8,884,739.5,205.3,96.2,1063,778.5,213.4,97.3
"B","North West",,,"00BT","Tameside",,,1513,735.8,205.1,96,671,720.8,199.1,93.1,842,747.7,209.9,98.2
"B","North West",,,"00BU","Trafford",,,1828,824.8,221.4,97.7,871,801.4,216.7,97.4,957,846.1,225.6,98
"B","North West",,,"00BW","Wigan",,,2086,719.6,213.5,90.4,924,702.6,210.8,87.8,1162,733.2,215.7,92.4
"B","North West",,,"00BX","Knowsley",,,933,686.2,209,92.2,419,692.1,209.3,90.5,514,681.4,208.7,93.6
"B","North West",,,"00BY","Liverpool",,,2692,688.7,206.8,93.2,1278,679.9,203.1,90.8,1414,696.7,210.2,95.3
"B","North West",,,"00BZ","St. Helens",,,1274,738,207.9,90.5,573,686.9,201.3,88.3,701,779.8,213,92.3
"B","North West",,,"00CA","Sefton",,,2120,714.8,206.2,97.3,1007,707.2,202.9,96.4,1113,721.7,209.2,98.1
"B","North West",,,"00CB","Wirral",,,2384,744.3,208.3,92.5,1088,735,203.5,91.5,1296,752.1,212.5,93.4
"B","North West",,,"00EQ","Cheshire East",,,2571,751.8,216.7,96.6,1195,716.5,211.7,96,1376,782.5,220.9,97.2
"B","North West",,,"00ET","Halton",,,797,777.5,216,98,341,753.9,212.4,96.5,456,795.2,218.6,99.1
"B","North West",,,"00EU","Warrington",,,1530,804.7,215.1,97.4,722,789.1,211.5,96.8,808,818.7,218.3,97.9
"B","North West",,,"00EW","Cheshire West and Chester",,,2234,764.9,213.4,96.6,1070,744.9,209.2,96.1,1164,783.3,217.2,97.2
"B","North West",,,"00EX","Blackburn with Darwen",,,945,677.7,211.5,95.1,443,651.3,207.7,92.1,502,701,214.7,97.8
"B","North West",,,"00EY","Blackpool",,,788,784.4,209.2,97.3,381,772.3,205.6,96.3,407,795.7,212.5,98.3
"B","North West","16","Cumbria","16UB","Allerdale",,,595,711,207.4,94.8,282,711.6,204.6,93.6,313,710.5,210,95.8
"B","North West","16","Cumbria","16UC","Barrow-in-Furness",,,393,790.9,208.9,97.2,178,799,207.3,98.3,215,784.1,210.2,96.3
"B","North West","16","Cumbria","16UD","Carlisle",,,478,749,202.6,96,220,695.8,193.2,93.2,258,794.3,210.2,98.4
"B","North West","16","Cumbria","16UE","Copeland",,,400,663.3,195,89,186,603.7,185.4,82.3,214,715.1,202.6,94.9
"B","North West","16","Cumbria","16UF","Eden",,,314,793.7,210.3,96.8,131,785.5,206.8,97.7,183,799.6,212.8,96.2
"B","North West","16","Cumbria","16UG","South Lakeland",,,697,828.2,217.5,97.1,351,806.9,214.2,97.4,346,849.7,220.8,96.8
"B","North West","30","Lancashire","30UD","Burnley",,,500,731.3,212,92.4,210,739.6,207.1,92.4,290,725.3,215.8,92.4
"B","North West","30","Lancashire","30UE","Chorley",,,215,920.6,225.1,95.3,98,885.9,222.7,92.9,117,949.7,227,97.4
"B","North West","30","Lancashire","30UF","Fylde",,,475,822.1,217.1,96.6,224,751,211.9,96,251,885.5,221.1,97.2
"B","North West","30","Lancashire","30UG","Hyndburn",,,567,719.7,214.9,96.1,288,695.3,210.5,95.5,279,744.9,219.3,96.8
"B","North West","30","Lancashire","30UH","Lancaster",,,862,820.2,212.4,95.9,414,813.1,210.9,95.4,448,826.7,213.7,96.4
"B","North West","30","Lancashire","30UJ","Pendle",,,556,764,215.2,97.7,246,759.6,211.9,96.7,310,767.5,217.8,98.4
"B","North West","30","Lancashire","30UK","Preston",,,830,937.8,223.7,96.1,411,902.9,219.9,93.4,419,972,227.2,98.8
"B","North West","30","Lancashire","30UL","Ribble Valley",,,467,883.1,221.8,97.4,223,870,217.2,96.4,244,895.1,226.1,98.4
"B","North West","30","Lancashire","30UM","Rossendale",,,487,870.8,214.8,97.1,220,845.6,211,96.8,267,891.6,217.9,97.4
"B","North West","30","Lancashire","30UN","South Ribble",,,551,864.1,221,97.1,228,884.5,213.2,94.7,323,849.6,227.1,98.8
"B","North West","30","Lancashire","30UP","West Lancashire",,,649,842.3,217.9,98.3,291,844.6,216.5,97.3,358,840.4,219,99.2
"B","North West","30","Lancashire","30UQ","Wyre",,,713,846.7,213.4,98.3,328,821.8,208.1,97.6,385,867.9,217.8,99
"D","Yorkshire and The Humber",,,"00CC","Barnsley",,,1331,675.7,208,92,595,651.6,201.4,89.1,736,695.2,213.2,94.3
"D","Yorkshire and The Humber",,,"00CE","Doncaster",,,1768,699,203,93.9,812,669.4,195.8,92.6,956,724.2,209,95.1
"D","Yorkshire and The Humber",,,"00CF","Rotherham",,,1664,715.7,200.2,94.2,764,705.8,195.3,92.9,900,724.1,204.5,95.3
"D","Yorkshire and The Humber",,,"00CG","Sheffield",,,2887,714.3,213.1,96.1,1362,697.3,208.7,95.3,1525,729.6,217,96.8
"D","Yorkshire and The Humber",,,"00CX","Bradford",,,3386,690.9,205,92.7,1565,669,200.6,91.6,1821,709.7,208.7,93.7
"D","Yorkshire and The Humber",,,"00CY","Calderdale",,,1428,755.7,207.5,97,649,749,205.7,95.8,779,761.2,209.1,97.9
"D","Yorkshire and The Humber",,,"00CZ","Kirklees",,,2649,795.2,207.2,97.2,1208,772.6,202.9,96.3,1441,814.1,210.8,97.9
"D","Yorkshire and The Humber",,,"00DA","Leeds",,,4356,712.1,206.7,94.5,1935,696.4,202.3,93.2,2421,724.6,210.2,95.5
"D","Yorkshire and The Humber",,,"00DB","Wakefield",,,1872,746.8,201.5,97.3,840,730.2,196.2,96.8,1032,760.3,205.9,97.8
"D","Yorkshire and The Humber",,,"00FA","Kingston upon Hull, City of",,,834,772.9,200.2,97.6,372,752.6,197.9,98.1,462,789.2,202.1,97.2
"D","Yorkshire and The Humber",,,"00FB","East Riding of Yorkshire",,,2110,747.4,205.4,96.3,969,716.8,199.8,95.4,1141,773.4,210.1,97
"D","Yorkshire and The Humber",,,"00FC","North East Lincolnshire",,,963,653.9,197.2,86.3,423,630.8,191.2,82,540,672.1,201.9,89.6
"D","Yorkshire and The Humber",,,"00FD","North Lincolnshire",,,1134,751,202.1,92.7,481,743.8,201.2,91.1,653,756.3,202.8,93.9
"D","Yorkshire and The Humber",,,"00FF","York",,,1169,795.6,216.7,97.8,530,788.9,214.5,97.7,639,801.1,218.5,97.8
"D","Yorkshire and The Humber","36","North Yorkshire","36UB","Craven",,,432,847.6,223.8,97.7,183,827.7,216.5,96.2,249,862.2,229.3,98.8
"D","Yorkshire and The Humber","36","North Yorkshire","36UC","Hambleton",,,599,778.4,217.3,97.8,281,745.3,211.2,96.8,318,807.6,222.6,98.7
"D","Yorkshire and The Humber","36","North Yorkshire","36UD","Harrogate",,,1078,818.1,212.9,97.3,532,785.7,206.8,95.9,546,849.8,218.8,98.7
"D","Yorkshire and The Humber","36","North Yorkshire","36UE","Richmondshire",,,322,730.5,217.5,97.5,149,711.2,211.6,x,173,747.1,222.6,x
"D","Yorkshire and The Humber","36","North Yorkshire","36UF","Ryedale",,,352,743,210.9,96,167,715.6,205,x,185,767.8,216.1,x
"D","Yorkshire and The Humber","36","North Yorkshire","36UG","Scarborough",,,731,729,207.1,90,349,691.9,201.2,85.7,382,762.8,212.2,94
"D","Yorkshire and The Humber","36","North Yorkshire","36UH","Selby",,,622,750.1,213.1,96.8,278,741.2,207.5,96.8,344,757.3,217.8,96.8
"E","East Midlands",,,"00FK","Derby",,,1406,715.6,211.1,96.2,657,699.8,210.6,94.1,749,729.5,211.5,98
"E","East Midlands",,,"00FN","Leicester",,,1766,713.1,203.8,94.4,840,701.8,198.3,95,926,723.4,209,93.8
"E","East Midlands",,,"00FP","Rutland",,,175,740,217.3,96,84,722.4,211,x,91,756.2,223.2,x
"E","East Midlands",,,"00FY","Nottingham",,,1205,693.5,200.8,95.5,515,693,201,93,690,693.8,200.7,97.4
"E","East Midlands","17","Derbyshire","17UB","Amber Valley",,,782,736.6,207.8,96.2,358,718.1,203.9,94.7,424,752.3,211.1,97.4
"E","East Midlands","17","Derbyshire","17UC","Bolsover",,,403,691.8,209.1,96,185,669,201.4,94.6,218,711.1,215.7,97.2
"E","East Midlands","17","Derbyshire","17UD","Chesterfield",,,662,734.1,208.2,96.7,322,713,203.5,95.7,340,754,212.5,97.6
"E","East Midlands","17","Derbyshire","17UF","Derbyshire Dales",,,470,863.1,217.4,97.4,234,831.1,212.9,96.6,236,894.9,221.7,98.3
"E","East Midlands","17","Derbyshire","17UG","Erewash",,,691,757.6,206.8,97,297,755.7,203.5,96.3,394,759,209.3,97.5
"E","East Midlands","17","Derbyshire","17UH","High Peak",,,600,742.1,210.4,95.2,260,739.7,208.5,93.8,340,744,211.8,96.2
"E","East Midlands","17","Derbyshire","17UJ","North East Derbyshire",,,637,730.7,207.7,96.1,291,712.8,203,95.2,346,745.8,211.5,96.8
"E","East Midlands","17","Derbyshire","17UK","South Derbyshire",,,619,701.9,211.4,94.2,283,699.7,209.7,93.3,336,703.7,212.8,94.9
"E","East Midlands","31","Leicestershire","31UB","Blaby",,,693,696.7,206.4,96.2,306,681.4,200.9,95.1,387,708.9,210.8,97.2
"E","East Midlands","31","Leicestershire","31UC","Charnwood",,,1081,731.1,204.7,95.5,482,721.3,200.1,93.4,599,739,208.5,97.2
"E","East Midlands","31","Leicestershire","31UD","Harborough",,,612,697.5,209.6,96.1,288,681.5,203.5,96.2,324,711.6,215.1,96
"E","East Midlands","31","Leicestershire","31UE","Hinckley and Bosworth",,,649,720.9,209.5,96,299,710.6,205.9,95.7,350,729.7,212.6,96.3
"E","East Midlands","31","Leicestershire","31UG","Melton",,,315,690.7,208.9,94.3,153,658.5,199.5,x,162,721.2,217.8,x
"E","East Midlands","31","Leicestershire","31UH","North West Leicestershire",,,591,750.2,210.1,94.6,275,726.8,202.3,93.8,316,770.7,217,95.3
"E","East Midlands","31","Leicestershire","31UJ","Oadby and Wigston",,,507,725.2,205.9,96.1,256,727.4,204.8,94.9,251,723,207,97.2
"E","East Midlands","32","Lincolnshire","32UB","Boston",,,380,731.1,208.9,94.5,176,733.6,208.5,96,204,729,209.3,93.1
"E","East Midlands","32","Lincolnshire","32UC","East Lindsey",,,826,718.8,215.1,93.9,395,717.9,212.8,93.9,431,719.7,217.2,94
"E","East Midlands","32","Lincolnshire","32UD","Lincoln",,,501,720.6,206.1,93,249,729.2,206.6,94,252,712.2,205.5,92.1
"E","East Midlands","32","Lincolnshire","32UE","North Kesteven",,,739,772.6,208.8,95.4,323,734.4,201.3,95.7,416,802.2,214.5,95.2
"E","East Midlands","32","Lincolnshire","32UF","South Holland",,,523,739.6,213.3,92.4,232,723,211.7,90.1,291,752.8,214.5,94.2
"E","East Midlands","32","Lincolnshire","32UG","South Kesteven",,,998,784.5,217.5,95.1,463,761.6,214.6,95.9,535,804.4,220,94.4
"E","East Midlands","32","Lincolnshire","32UH","West Lindsey",,,683,780.3,212.5,96.2,342,761.8,209.8,95.3,341,798.8,215.2,97.1
"E","East Midlands","34","Northamptonshire","34UB","Corby",,,444,617.3,198.2,89.4,199,578.8,192,85.9,245,648.6,202.8,92.2
"E","East Midlands","34","Northamptonshire","34UC","Daventry",,,655,695.6,210.2,91,302,682.5,206.5,91.1,353,706.8,213.3,90.9
"E","East Midlands","34","Northamptonshire","34UD","East Northamptonshire",,,539,702.1,200.9,92.2,254,687.6,199.5,88.6,285,715.1,202,95.4
"E","East Midlands","34","Northamptonshire","34UE","Kettering",,,685,628,208.5,87.2,329,582.6,201.6,82.4,356,670,214.4,91.6
"E","East Midlands","34","Northamptonshire","34UF","Northampton",,,1248,689.9,200.5,89.2,584,687.5,196.5,87.7,664,691.9,204.1,90.5
"E","East Midlands","34","Northamptonshire","34UG","South Northamptonshire",,,680,703.7,214.2,94.1,308,678.1,209.1,91.6,372,724.9,218.3,96.2
"E","East Midlands","34","Northamptonshire","34UH","Wellingborough",,,479,655.8,201.3,87.1,209,642,196.4,85.6,270,666.5,205.2,88.1
"E","East Midlands","37","Nottinghamshire","37UB","Ashfield",,,601,661.8,196.5,94,252,662.7,195.6,92.5,349,661.1,197.3,95.1
"E","East Midlands","37","Nottinghamshire","37UC","Bassetlaw",,,701,674.1,204.4,93,307,639.5,201,88.6,394,701,207,96.4
"E","East Midlands","37","Nottinghamshire","37UD","Broxtowe",,,718,745,207.3,95.4,335,729.8,201.7,94.9,383,758.3,212.2,95.8
"E","East Midlands","37","Nottinghamshire","37UE","Gedling",,,675,717.6,207,96.6,308,695.4,199.5,96.1,367,736.3,213.4,97
"E","East Midlands","37","Nottinghamshire","37UF","Mansfield",,,591,671.2,195.6,94.6,271,656.1,191.1,93.7,320,683.9,199.4,95.3
"E","East Midlands","37","Nottinghamshire","37UG","Newark and Sherwood",,,739,719.3,207.3,93.2,322,697.7,203,91.3,417,736,210.6,94.7
"E","East Midlands","37","Nottinghamshire","37UJ","Rushcliffe",,,806,802.3,215,96.4,388,780.9,211.1,95.4,418,822.2,218.5,97.4
"F","West Midlands",,,"00CN","Birmingham",,,6589,690.4,208,94,3087,664.2,204.5,93.1,3502,713.5,210.9,94.8
"F","West Midlands",,,"00CQ","Coventry",,,1935,644.8,206.2,90.4,936,628.3,202.5,90.5,999,660.2,209.6,90.3
"F","West Midlands",,,"00CR","Dudley",,,2138,754.1,215.6,95.9,999,730.6,211.5,95.3,1139,774.7,219.1,96.5
"F","West Midlands",,,"00CS","Sandwell",,,1905,674.2,210.5,91.1,862,653.4,207.4,89.4,1043,691.4,213,92.4
"F","West Midlands",,,"00CT","Solihull",,,1675,741.2,217.1,96.3,825,700.1,211.5,95.8,850,781,222.3,96.8
"F","West Midlands",,,"00CU","Walsall",,,1789,666.3,202.4,90.9,810,644.5,199.1,87.5,979,684.4,205,93.7
"F","West Midlands",,,"00CW","Wolverhampton",,,1540,652.6,204.2,92.6,674,645.1,203.5,93,866,658.4,204.8,92.3
"F","West Midlands",,,"00GA","Herefordshire, County of",,,1216,803.8,215.4,93.1,561,756.9,206.7,92.2,655,843.9,222.6,93.9
"F","West Midlands",,,"00GF","Telford and Wrekin",,,1109,688.1,209,95.6,528,638.7,201.5,93.9,581,733,215.2,97.1
"F","West Midlands",,,"00GG","Shropshire",,,1877,759.4,213.8,96.5,883,736.8,208.4,95.1,994,779.6,218.6,97.7
"F","West Midlands",,,"00GL","Stoke-on-Trent",,,1316,630.6,203.1,89.8,608,618.4,200,86.5,708,641.1,205.8,92.7
"F","West Midlands","41","Staffordshire","41UB","Cannock Chase",,,601,688.4,204.7,94,243,674.3,198.9,93.8,358,698,208.7,94.1
"F","West Midlands","41","Staffordshire","41UC","East Staffordshire",,,828,685.6,203.1,92.8,393,661,197.6,91.6,435,707.8,208,93.8
"F","West Midlands","41","Staffordshire","41UD","Lichfield",,,781,776.4,209,97.4,355,746.7,202.9,98,426,801.2,214,96.9
"F","West Midlands","41","Staffordshire","41UE","Newcastle-under-Lyme",,,740,691.7,208.2,94.5,348,653.4,201.4,91.7,392,725.8,214,96.9
"F","West Midlands","41","Staffordshire","41UF","South Staffordshire",,,856,713.5,210.5,96.5,375,684.2,204.2,94.7,481,736.4,215.3,97.9
"F","West Midlands","41","Staffordshire","41UG","Stafford",,,849,761.4,211.8,96.9,368,733.8,204.5,96.5,481,782.6,217.4,97.3
"F","West Midlands","41","Staffordshire","41UH","Staffordshire Moorlands",,,707,743.9,209.3,95.3,312,723.3,202,92.6,395,760.2,215.1,97.5
"F","West Midlands","41","Staffordshire","41UK","Tamworth",,,517,681.5,203.1,95.6,223,648,193.3,93.3,294,706.9,210.5,97.3
"F","West Midlands","44","Warwickshire","44UB","North Warwickshire",,,392,710.8,207.6,95.2,169,678.2,199.4,92.9,223,735.5,213.7,96.9
"F","West Midlands","44","Warwickshire","44UC","Nuneaton and Bedworth",,,886,605.9,195.9,91.6,401,577.9,192.5,89.5,485,628.9,198.6,93.4
"F","West Midlands","44","Warwickshire","44UD","Rugby",,,663,750.1,220.1,95.8,320,729.6,217,94.4,343,769.3,223,97.1
"F","West Midlands","44","Warwickshire","44UE","Stratford-on-Avon",,,824,772.1,218.9,97.7,379,746,212.8,96.3,445,794.3,224.1,98.9
"F","West Midlands","44","Warwickshire","44UF","Warwick",,,802,784.2,214.7,96.6,417,754.7,210.1,95.2,385,816.2,219.4,98.2
"F","West Midlands","47","Worcestershire","47UB","Bromsgrove",,,693,730.2,211.7,95.1,308,715.4,208.1,94.8,385,742.1,214.6,95.3
"F","West Midlands","47","Worcestershire","47UC","Malvern Hills",,,501,732.2,207.8,96.2,241,711.8,203.1,94.6,260,751.1,212.2,97.7
"F","West Midlands","47","Worcestershire","47UD","Redditch",,,465,692.5,199.5,92.9,223,684.7,195.6,93.7,242,699.8,203,92.1
"F","West Midlands","47","Worcestershire","47UE","Worcester",,,555,698.7,210.8,94.8,262,666.2,203.8,92,293,727.8,216.9,97.3
"F","West Midlands","47","Worcestershire","47UF","Wychavon",,,839,738.3,207.8,95.2,388,704.3,201,93.6,451,767.6,213.5,96.7
"F","West Midlands","47","Worcestershire","47UG","Wyre Forest",,,590,716.6,200.9,94.7,284,691.9,195.2,93.3,306,739.4,206.1,96.1
"G","East of England",,,"00JA","Peterborough",,,1090,680,204.4,90.3,502,643.6,198.8,86.9,588,711,208.9,93.2
"G","East of England",,,"00KA","Luton",,,1376,669.3,209.5,96.5,615,653,205.6,95.1,761,682.6,212.7,97.6
"G","East of England",,,"00KB","Bedford",,,1011,708.4,202.3,94.8,480,689,198.3,92.9,531,726,205.9,96.4
"G","East of England",,,"00KC","Central Bedfordshire",,,1765,722.2,205.1,95.7,845,703.8,200.8,94.4,920,739.1,209,96.8
"G","East of England",,,"00KF","Southend-on-Sea",,,1172,760.3,214.7,94.1,508,745.2,211.9,95.9,664,771.8,216.8,92.8
"G","East of England",,,"00KG","Thurrock",,,960,676.4,207.4,95.7,437,660.6,202,96.1,523,689.6,211.8,95.4
"G","East of England","12","Cambridgeshire","12UB","Cambridge",,,521,836,221.7,95.8,254,806.2,216.4,93.3,267,864.4,226.6,98.1
"G","East of England","12","Cambridgeshire","12UC","East Cambridgeshire",,,451,751.8,210.1,92.7,209,712.4,204.8,90.4,242,785.9,214.4,94.6
"G","East of England","12","Cambridgeshire","12UD","Fenland",,,562,661.8,207.7,88.8,244,641.4,203.5,86.1,318,677.3,210.9,90.9
"G","East of England","12","Cambridgeshire","12UE","Huntingdonshire",,,1215,695.6,208.5,93.1,598,676.4,206.8,92.6,617,714.3,210,93.5
"G","East of England","12","Cambridgeshire","12UG","South Cambridgeshire",,,1195,807.6,216.3,96.6,548,783.2,211.9,96.4,647,828.2,219.9,96.8
"G","East of England","22","Essex","22UB","Basildon",,,1132,727.9,212.5,93.6,514,729.5,211.4,96.5,618,726.6,213.5,91.3
"G","East of England","22","Essex","22UC","Braintree",,,934,773.3,210.7,95.3,447,769.4,206.7,95.5,487,776.8,214.5,95.1
"G","East of England","22","Essex","22UD","Brentwood",,,605,808.2,212.2,94,291,807.1,210.2,95.5,314,809.2,214.2,92.7
"G","East of England","22","Essex","22UE","Castle Point",,,657,709.1,210.6,93.6,309,709,206.1,97.4,348,709.2,214.7,90.2
"G","East of England","22","Essex","22UF","Chelmsford",,,1294,795.6,214.8,96.7,635,782,213.4,97,659,808.6,216.1,96.4
"G","East of England","22","Essex","22UG","Colchester",,,1106,833,208.8,94.8,536,838.8,206.7,93.8,570,827.5,210.9,95.6
"G","East of England","22","Essex","22UH","Epping Forest",,,779,734,215.8,96.4,362,720.6,210.8,96.4,417,745.6,220.2,96.4
"G","East of England","22","Essex","22UJ","Harlow",,,494,681.6,215.2,94.5,219,666,211.5,94.5,275,694.1,218.1,94.5
"G","East of England","22","Essex","22UK","Maldon",,,434,730.9,211.6,93.8,219,720.7,207.9,94.5,215,741.3,215.3,93
"G","East of England","22","Essex","22UL","Rochford",,,673,742.4,209.6,95.5,332,729.2,205.2,96.1,341,755.3,213.9,95
"G","East of England","22","Essex","22UN","Tendring",,,780,694,204.4,91.5,370,687.1,201.8,91.9,410,700.3,206.7,91.2
"G","East of England","22","Essex","22UQ","Uttlesford",,,586,785.1,220.3,97.1,270,768.2,217.5,97,316,799.5,222.7,97.2
"G","East of England","26","Hertfordshire","26UB","Broxbourne",,,651,679.4,209,95.2,310,681.8,208.6,95.5,341,677.1,209.4,95
"G","East of England","26","Hertfordshire","26UC","Dacorum",,,1086,704.1,212.5,95,491,694.5,207.6,94.5,595,712,216.5,95.5
"G","East of England","26","Hertfordshire","26UD","East Hertfordshire",,,1155,828,216.9,98.3,513,815.6,212.5,98.1,642,837.9,220.5,98.4
"G","East of England","26","Hertfordshire","26UE","Hertsmere",,,687,712,217,95.8,319,685.4,213.3,92.8,368,735,220.1,98.4
"G","East of England","26","Hertfordshire","26UF","North Hertfordshire",,,920,742.4,213.9,96.4,398,704.5,206.9,95.7,522,771.3,219,96.9
"G","East of England","26","Hertfordshire","26UG","St Albans",,,1064,795.1,219,97.7,509,779.3,214.2,97.1,555,809.6,223.5,98.2
"G","East of England","26","Hertfordshire","26UH","Stevenage",,,597,664.1,203.8,93,268,652.9,202.5,94,329,673.2,204.9,92.1
"G","East of England","26","Hertfordshire","26UJ","Three Rivers",,,620,742.5,220.9,97.1,290,736.9,218.3,94.8,330,747.4,223.3,99.1
"G","East of England","26","Hertfordshire","26UK","Watford",,,648,740,218,97.8,309,731.6,214.4,97.1,339,747.7,221.4,98.5
"G","East of England","26","Hertfordshire","26UL","Welwyn Hatfield",,,631,723.5,215,95.7,297,719.2,212.7,96,334,727.2,217,95.5
"G","East of England","33","Norfolk","33UB","Breckland",,,674,720.2,211.1,95.5,277,710.4,206.3,95.3,397,727,214.5,95.7
"G","East of England","33","Norfolk","33UC","Broadland",,,777,745.4,212.2,98.2,358,734.5,207.5,98,419,754.6,216.2,98.3
"G","East of England","33","Norfolk","33UD","Great Yarmouth",,,555,756.2,209.4,95.1,247,761.1,209.1,92.3,308,752.3,209.7,97.4
"G","East of England","33","Norfolk","33UE","King's Lynn and West Norfolk",,,719,676.4,209.1,92.2,338,659.6,204.5,91.1,381,691.3,213.1,93.2
"G","East of England","33","Norfolk","33UF","North Norfolk",,,521,708.4,214.4,96.9,265,680.4,207.9,95.5,256,737.4,221.1,98.4
"G","East of England","33","Norfolk","33UG","Norwich",,,519,675.8,210.7,94,225,648,205.6,94.2,294,697.1,214.6,93.9
"G","East of England","33","Norfolk","33UH","South Norfolk",,,780,782.4,215.6,96.2,358,749,210.7,93.6,422,810.8,219.6,98.3
"G","East of England","42","Suffolk","42UB","Babergh",,,512,826.4,213,96.3,236,791.4,207,94.9,276,856.3,218,97.5
"G","East of England","42","Suffolk","42UC","Forest Heath",,,204,728.6,203.9,93.1,95,724.5,200.3,90.5,109,732.2,207.1,95.4
"G","East of England","42","Suffolk","42UD","Ipswich",,,656,714.1,204.6,94.8,273,693.1,196.7,93.4,383,729.1,210.3,95.8
"G","East of England","42","Suffolk","42UE","Mid Suffolk",,,674,783.8,216.8,96.1,310,762.6,210.3,96.1,364,801.9,222.3,96.2
"G","East of England","42","Suffolk","42UF","St Edmundsbury",,,680,739.3,217.1,96.3,324,720.2,212,96.3,356,756.7,221.7,96.3
"G","East of England","42","Suffolk","42UG","Suffolk Coastal",,,781,820.5,215.2,96.4,360,795.8,207.9,96.1,421,841.5,221.5,96.7
"G","East of England","42","Suffolk","42UH","Waveney",,,643,714.4,204,90.5,310,715.4,202.2,87.7,333,713.5,205.8,93.1
"H","London",,,"00AA","City of London",,,12,624,200.8,x,5,522.6,182.7,x,7,696.4,212,100
"H","London",,,"00AB","Barking and Dagenham",,,1163,668.8,210.3,95.3,516,650.8,207.6,94.8,647,683.2,212.3,95.7
"H","London",,,"00AC","Barnet",,,2165,749.2,223.8,96.4,1016,728.8,219.8,95.4,1149,767.2,227.3,97.3
"H","London",,,"00AD","Bexley",,,1660,724.8,212.1,92.7,759,721,209.3,93.5,901,727.9,214.4,91.9
"H","London",,,"00AE","Brent",,,1831,702.5,213.5,96.1,822,693.7,213.7,94.6,1009,709.7,213.3,97.2
"H","London",,,"00AF","Bromley",,,2204,751.5,218.2,95.1,1038,734.1,213.9,94.9,1166,767,222,95.4
"H","London",,,"00AG","Camden",,,705,660.2,209.4,95.6,294,635.2,207.1,94.2,411,678.1,211.1,96.6
"H","London",,,"00AH","Croydon",,,2594,712,216.6,95.1,1186,703.4,214.7,94.9,1408,719.3,218.2,95.3
"H","London",,,"00AJ","Ealing",,,2035,726.8,214.6,96.8,953,707.8,212.1,96,1082,743.5,216.7,97.4
"H","London",,,"00AK","Enfield",,,2243,697.9,217.1,95.1,1025,675.4,214.4,93.7,1218,716.9,219.2,96.3
"H","London",,,"00AL","Greenwich",,,1521,673,209.2,91,709,667.1,206.9,90.4,812,678.2,211.1,91.5
"H","London",,,"00AM","Hackney",,,1089,663.6,211.1,95.5,472,639.7,208.6,95.3,617,681.8,213,95.6
"H","London",,,"00AN","Hammersmith and Fulham",,,519,666,208.3,95.4,239,647.9,203.8,93.3,280,681.4,212.1,97.1
"H","London",,,"00AP","Haringey",,,1319,675.6,214.9,95.2,631,651.7,212.3,93.7,688,697.5,217.2,96.7
"H","London",,,"00AQ","Harrow",,,1721,749.6,218.4,94.4,825,723.1,215.7,91.8,896,774.1,220.8,96.9
"H","London",,,"00AR","Havering",,,1701,754.2,208.2,97.9,811,743.6,207.1,97.7,890,763.9,209.2,98.2
"H","London",,,"00AS","Hillingdon",,,1880,710.9,207.5,95.6,870,691.3,205,94.1,1010,727.7,209.5,96.8
"H","London",,,"00AT","Hounslow",,,1608,712.9,210.5,94.8,710,701,206.5,93.9,898,722.4,213.8,95.4
"H","London",,,"00AU","Islington",,,719,670.9,212.4,94.9,327,643.9,209.5,93,392,693.4,214.7,96.4
"H","London",,,"00AW","Kensington and Chelsea",,,316,690.3,214.3,x,145,669.4,212.6,x,171,708,215.8,97.1
"H","London",,,"00AX","Kingston upon Thames",,,1053,768.1,217.6,95.6,535,739.7,212.1,94.2,518,797.3,223,97.1
"H","London",,,"00AY","Lambeth",,,1337,658.6,207.1,93.3,604,633.6,203.7,92.2,733,679.1,209.7,94.3
"H","London",,,"00AZ","Lewisham",,,1610,659.3,210.8,91.6,733,626.6,204.5,89.6,877,686.7,215.9,93.2
"H","London",,,"00BA","Merton",,,1127,696.6,211.8,93.5,569,672.1,208.4,91.2,558,721.7,215.1,95.9
"H","London",,,"00BB","Newham",,,2088,637.5,208.6,91.7,949,615.1,205.8,90.2,1139,656.2,210.8,93
"H","London",,,"00BC","Redbridge",,,2242,719.7,214.8,97.3,1061,703.1,212.3,96.9,1181,734.7,216.9,97.6
"H","London",,,"00BD","Richmond upon Thames",,,883,794.9,219,97.3,364,748.1,211.2,97.3,519,827.7,224.3,97.3
"H","London",,,"00BE","Southwark",,,1318,651.5,209.9,93.2,606,632.6,207.3,91.6,712,667.6,212,94.5
"H","London",,,"00BF","Sutton",,,1405,754.6,216.6,94.6,676,746.3,214.9,94.2,729,762.2,218.2,94.9
"H","London",,,"00BG","Tower Hamlets",,,1120,643.7,201.3,95.4,475,622.4,195.5,93.9,645,659.4,205.5,96.4
"H","London",,,"00BH","Waltham Forest",,,1748,692.3,208.4,95.5,798,671.8,206.3,95.1,950,709.5,210.1,95.8
"H","London",,,"00BJ","Wandsworth",,,1068,694.5,213,96,490,665.4,209.5,94.7,578,719.1,215.8,97.1
"H","London",,,"00BK","Westminster",,,534,661,206.7,94.6,258,643.8,205.2,92.6,276,677,208,96.4
"J","South East",,,"00LC","Medway",,,1760,738.4,210.3,95,822,709.1,205.3,92.9,938,764.1,214.5,96.8
"J","South East",,,"00MA","Bracknell Forest",,,711,781.4,212.3,96.3,332,757.4,206.3,95.5,379,802.5,217.5,97.1
"J","South East",,,"00MB","West Berkshire",,,975,778.9,214,96.9,488,757.7,210,96.5,487,800.2,217.8,97.3
"J","South East",,,"00MC","Reading",,,672,747.6,214.9,96,341,724,212.4,94.7,331,771.9,217.4,97.3
"J","South East",,,"00MD","Slough",,,955,715.4,212.5,94.3,458,693.6,212.1,90.6,497,735.5,212.8,97.8
"J","South East",,,"00ME","Windsor and Maidenhead",,,918,779,216.4,96.3,452,770.9,213,95.6,466,786.9,219.7,97
"J","South East",,,"00MF","Wokingham",,,1157,836.5,223,98.6,577,820.4,218.8,97.9,580,852.5,227.3,99.3
"J","South East",,,"00MG","Milton Keynes",,,1554,752,211.7,97.1,721,740.2,210.2,96.9,833,762.3,213,97.2
"J","South East",,,"00ML","Brighton and Hove",,,1352,719.5,213,92.4,623,688.8,205.5,90.5,729,745.7,219.4,94
"J","South East",,,"00MR","Portsmouth",,,1056,685.9,208.1,94.7,451,668.5,203.7,92.7,605,698.8,211.4,96.2
"J","South East",,,"00MS","Southampton",,,1255,691.7,204,89.2,552,666.5,198.5,86.6,703,711.4,208.3,91.2
"J","South East",,,"00MW","Isle of Wight",,,720,678.3,207.8,95.7,315,659.8,203.1,94.9,405,692.7,211.3,96.3
"J","South East","11","Buckinghamshire","11UB","Aylesbury Vale",,,1275,755.9,219.2,96.2,619,736.4,214.3,95.8,656,774.4,223.7,96.5
"J","South East","11","Buckinghamshire","11UC","Chiltern",,,825,826.2,228.6,97.3,368,834.1,225.9,96.7,457,819.7,230.9,97.8
"J","South East","11","Buckinghamshire","11UE","South Bucks",,,516,777.2,218.3,97.3,230,752,210.9,96.5,286,797.5,224.3,97.9
"J","South East","11","Buckinghamshire","11UF","Wycombe",,,1331,796.6,221.7,96.7,653,784.2,218.4,95.6,678,808.5,224.9,97.8
"J","South East","21","East Sussex","21UC","Eastbourne",,,544,660.7,207.9,93,270,630.4,201.3,91.1,274,690.5,214.2,94.9
"J","South East","21","East Sussex","21UD","Hastings",,,546,655.6,208.1,92.1,252,633,205.5,89.7,294,674.9,210.2,94.2
"J","South East","21","East Sussex","21UF","Lewes",,,639,690.5,211.9,93.6,320,643.1,202.1,91.3,319,738.1,221.2,95.9
"J","South East","21","East Sussex","21UG","Rother",,,625,697.3,210.9,94.6,294,670.1,201.7,94.2,331,721.5,219.1,94.9
"J","South East","21","East Sussex","21UH","Wealden",,,990,705.5,212.9,94.6,469,694.2,209.5,94.2,521,715.7,216,95
"J","South East","24","Hampshire","24UB","Basingstoke and Deane",,,1158,770.1,216.5,95.4,555,744.2,211.3,93.9,603,793.9,221.3,96.8
"J","South East","24","Hampshire","24UC","East Hampshire",,,887,741,214.4,97.7,420,725.7,212.1,97.6,467,754.8,216.4,97.9
"J","South East","24","Hampshire","24UD","Eastleigh",,,1007,773.1,212.6,93.5,482,751.4,208.1,91.1,525,793.1,216.8,95.8
"J","South East","24","Hampshire","24UE","Fareham",,,878,753.8,215.9,98.1,414,725.6,210.6,97.6,464,778.9,220.4,98.5
"J","South East","24","Hampshire","24UF","Gosport",,,456,722.7,211,96.1,228,694.4,207.5,95.6,228,751,214.4,96.5
"J","South East","24","Hampshire","24UG","Hart",,,734,922.5,212.2,97.4,354,896.2,208.7,95.8,380,947.1,215.3,98.9
"J","South East","24","Hampshire","24UH","Havant",,,742,658.5,213.7,94.7,353,634.3,209.6,92.1,389,680.5,217.4,97.2
"J","South East","24","Hampshire","24UJ","New Forest",,,1212,727.3,208,95.3,565,715.4,205.2,94.7,647,737.6,210.5,95.8
"J","South East","24","Hampshire","24UL","Rushmoor",,,576,811.1,206.5,94.1,253,803.7,202.6,94.5,323,816.9,209.6,93.8
"J","South East","24","Hampshire","24UN","Test Valley",,,900,835.4,218.3,95.7,405,818.7,214.9,93.1,495,849.2,221,97.8
"J","South East","24","Hampshire","24UP","Winchester",,,901,897.1,220.4,97.6,450,842.6,212.8,96.7,451,951.4,227.6,98.4
"J","South East","29","Kent","29UB","Ashford",,,725,663.1,206.2,90.3,330,612.7,199.9,86.1,395,705.3,211,93.9
"J","South East","29","Kent","29UC","Canterbury",,,882,731,202.5,92.3,421,722.8,198.7,90.5,461,738.4,206,93.9
"J","South East","29","Kent","29UD","Dartford",,,593,753.6,209.8,91.7,264,752.9,206,90.2,329,754.2,212.9,93
"J","South East","29","Kent","29UE","Dover",,,750,723.9,200.5,90.7,328,661.8,190.9,88.4,422,772.2,207.4,92.4
"J","South East","29","Kent","29UG","Gravesham",,,684,715.4,213.4,92.3,306,708.6,216,94.8,378,720.9,211.3,90.2
"J","South East","29","Kent","29UH","Maidstone",,,1026,785.6,215.7,96.2,518,737,210.3,95.9,508,835.1,220.8,96.5
"J","South East","29","Kent","29UK","Sevenoaks",,,763,778,219,93.3,352,762.7,215.5,92,411,791.1,222,94.4
"J","South East","29","Kent","29UL","Shepway",,,620,639.6,211,87.6,291,628.9,207.8,86.3,329,649,213.8,88.8
"J","South East","29","Kent","29UM","Swale",,,805,712.4,210.4,92.2,349,673.4,200.1,91.1,456,742.2,218.2,93
"J","South East","29","Kent","29UN","Thanet",,,892,697.4,204.8,92.9,423,671,199.3,90.5,469,721.1,209.6,95.1
"J","South East","29","Kent","29UP","Tonbridge and Malling",,,854,751.4,217.4,94.7,358,739.5,213.2,92.7,496,760,220.5,96.2
"J","South East","29","Kent","29UQ","Tunbridge Wells",,,855,798.3,222.2,96.3,423,778.2,218.5,95.5,432,817.9,225.7,97
"J","South East","38","Oxfordshire","38UB","Cherwell",,,831,691.4,215.3,93.4,394,667.9,209.8,92.1,437,712.7,220.2,94.5
"J","South East","38","Oxfordshire","38UC","Oxford",,,584,729.7,212.5,93.5,256,729.1,206.3,94.9,328,730.3,217.5,92.4
"J","South East","38","Oxfordshire","38UD","South Oxfordshire",,,897,743.5,212.3,97.8,429,711.9,204.9,98.4,468,772.5,219,97.2
"J","South East","38","Oxfordshire","38UE","Vale of White Horse",,,718,754.6,213.3,96.5,330,742.2,207.4,95.2,388,765.1,218.4,97.7
"J","South East","38","Oxfordshire","38UF","West Oxfordshire",,,739,746.8,217,97.8,372,723.2,212,97,367,770.7,222,98.6
"J","South East","43","Surrey","43UB","Elmbridge",,,619,772.9,216.5,97.6,304,739.8,211.1,97,315,804.8,221.4,98.1
"J","South East","43","Surrey","43UC","Epsom and Ewell",,,518,774.7,215.8,97.1,227,757.6,209.3,95.2,291,788.1,220.9,98.6
"J","South East","43","Surrey","43UD","Guildford",,,680,837.9,220.6,97.5,328,811.8,215.8,97.9,352,862.2,224.9,97.2
"J","South East","43","Surrey","43UE","Mole Valley",,,535,805.4,214.9,98.3,249,780.9,208.3,98,286,826.6,220.6,98.6
"J","South East","43","Surrey","43UF","Reigate and Banstead",,,851,743.3,218.3,96.2,379,718.8,212.2,95.8,472,762.9,223.1,96.6
"J","South East","43","Surrey","43UG","Runnymede",,,387,763.2,213.2,98.2,191,744.6,210.8,x,196,781.3,215.5,x
"J","South East","43","Surrey","43UH","Spelthorne",,,620,714,205.7,94.7,285,685.3,201.7,91.6,335,738.4,209,97.3
"J","South East","43","Surrey","43UJ","Surrey Heath",,,754,840.7,213.7,95.2,376,804.2,206.8,94.4,378,877.1,220.3,96
"J","South East","43","Surrey","43UK","Tandridge",,,516,698.2,214.2,95.7,261,680.5,210.2,94.6,255,716.4,218.3,96.9
"J","South East","43","Surrey","43UL","Waverley",,,673,816.3,218.7,98.4,315,752.9,207.9,x,358,872.2,227.7,x
"J","South East","43","Surrey","43UM","Woking",,,652,794.3,217.3,97.1,295,777.7,213.5,96.9,357,808,220.5,97.2
"J","South East","45","West Sussex","45UB","Adur",,,363,663,208,92.8,170,628.6,198.3,89.4,193,693.3,216.4,95.9
"J","South East","45","West Sussex","45UC","Arun",,,801,679.4,210.1,92.4,410,677.7,208,92.4,391,681.1,212.4,92.3
"J","South East","45","West Sussex","45UD","Chichester",,,716,714.5,214.7,95.1,323,697.3,209.7,94.7,393,728.6,218.8,95.4
"J","South East","45","West Sussex","45UE","Crawley",,,705,706.5,207.4,94.8,324,700.8,206.9,94.1,381,711.4,207.8,95.3
"J","South East","45","West Sussex","45UF","Horsham",,,1032,795,217.4,97,470,788.2,214,96.6,562,800.7,220.2,97.3
"J","South East","45","West Sussex","45UG","Mid Sussex",,,1045,719.1,213.5,95.4,521,682.7,206.5,94.2,524,755.3,220.2,96.6
"J","South East","45","West Sussex","45UH","Worthing",,,622,696.5,213,96.6,283,685.6,210.4,96.5,339,705.7,215.2,96.8
"K","South West",,,"00HA","Bath and North East Somerset",,,1063,709.1,213.1,95.4,481,702.7,207.1,96.9,582,714.4,218.3,94.2
"K","South West",,,"00HB","Bristol, City of",,,1779,677.9,207.7,91.3,762,679.9,202.7,91.9,1017,676.5,211.6,90.9
"K","South West",,,"00HC","North Somerset",,,1395,740.7,213.8,96.1,691,720.8,208.2,96.1,704,760.2,219.4,96
"K","South West",,,"00HD","South Gloucestershire",,,1921,713.8,206.7,92.9,913,691.1,200,90.9,1008,734.4,212.8,94.6
"K","South West",,,"00HE","Cornwall",,,3534,729.1,214.7,95.3,1633,720.4,210.8,94.5,1901,736.6,218,96
"K","South West",,,"00HF","Isles of Scilly",,,12,673.8,212.8,x,6,617.5,205.8,100,6,730,219,x
"K","South West",,,"00HG","Plymouth",,,1402,682.1,205,93.3,644,661.6,199.7,92.2,758,699.5,209.4,94.2
"K","South West",,,"00HH","Torbay",,,835,698.7,214.6,92.2,394,693.9,211.1,92.6,441,703.1,217.9,91.8
"K","South West",,,"00HN","Bournemouth",,,918,732.5,216,92.8,418,736.3,212.8,93.3,500,729.4,218.8,92.4
"K","South West",,,"00HP","Poole",,,868,754.2,214.2,93.9,388,772.6,212.7,95.6,480,739.3,215.5,92.5
"K","South West",,,"00HX","Swindon",,,1220,715.3,208.6,95.8,555,704.5,206.2,94.8,665,724.2,210.6,96.7
"K","South West",,,"00HY","Wiltshire",,,3082,763.9,212.6,95.7,1464,742.5,207.6,95.8,1618,783.1,217.1,95.6
"K","South West","18","Devon","18UB","East Devon",,,807,742.9,210.7,95.4,361,699.4,201.6,94.5,446,778.1,217.8,96.2
"K","South West","18","Devon","18UC","Exeter",,,492,746.5,215.2,98.8,234,754,216.8,x,258,739.7,213.8,x
"K","South West","18","Devon","18UD","Mid Devon",,,459,718.5,212.4,96.9,220,709.7,210,96.4,239,726.6,214.6,97.5
"K","South West","18","Devon","18UE","North Devon",,,576,672.2,208.6,92.2,271,658.7,202.4,93,305,684.2,214.2,91.5
"K","South West","18","Devon","18UG","South Hams",,,681,763.6,218.6,96.2,319,756.8,216,94,362,769.5,220.9,98.1
"K","South West","18","Devon","18UH","Teignbridge",,,757,738,217.9,96.7,362,725.8,214.3,95.9,395,749.2,221.1,97.5
"K","South West","18","Devon","18UK","Torridge",,,371,654.3,204.1,89.2,156,677.2,202.6,92.3,215,637.6,205.3,87
"K","South West","18","Devon","18UL","West Devon",,,373,723.9,218.2,95.4,160,710.9,214.8,94.4,213,733.6,220.7,96.2
"K","South West","19","Dorset","19UC","Christchurch",,,318,733.4,217.3,95.6,150,714,209,97.3,168,750.8,224.8,94
"K","South West","19","Dorset","19UD","East Dorset",,,603,728.7,212,92.5,297,722.5,206.2,92.9,306,734.7,217.9,92.2
"K","South West","19","Dorset","19UE","North Dorset",,,397,741.4,208.6,95,193,708.5,203.6,94.8,204,772.6,213.1,95.1
"K","South West","19","Dorset","19UG","Purbeck",,,293,686.5,212.3,x,122,685.1,205.2,x,171,687.5,217.7,90.1
"K","South West","19","Dorset","19UH","West Dorset",,,667,747.7,219.9,93.9,347,724.4,214.5,92.8,320,773,225.6,95
"K","South West","19","Dorset","19UJ","Weymouth and Portland",,,443,672.8,217.1,87.4,209,648.2,212.4,87.1,234,694.8,221.1,87.6
"K","South West","23","Gloucestershire","23UB","Cheltenham",,,650,827,217.5,98,321,810.1,213.1,98.8,329,843.5,221.8,97.3
"K","South West","23","Gloucestershire","23UC","Cotswold",,,548,795.3,216.8,97.8,274,774.8,211.1,x,274,815.8,222.5,x
"K","South West","23","Gloucestershire","23UD","Forest of Dean",,,502,684.3,217.8,93.8,239,653.8,213.8,92.9,263,712,221.3,94.7
"K","South West","23","Gloucestershire","23UE","Gloucester",,,777,742.8,217.8,95.6,360,744.5,212.9,96.1,417,741.3,222.3,95.2
"K","South West","23","Gloucestershire","23UF","Stroud",,,834,780.4,218.7,96.9,387,760.3,212.4,95.3,447,797.7,224.2,98.2
"K","South West","23","Gloucestershire","23UG","Tewkesbury",,,609,793.2,219.8,96.7,293,800.3,218.3,97.3,316,786.6,221.2,96.2
"K","South West","40","Somerset","40UB","Mendip",,,719,713.1,216.5,95.3,314,710.7,211.8,95.9,405,715,220.2,94.8
"K","South West","40","Somerset","40UC","Sedgemoor",,,683,787.3,220.4,98.1,321,781.5,216.9,98.4,362,792.5,223.5,97.8
"K","South West","40","Somerset","40UD","South Somerset",,,1089,715.9,212.9,96.5,508,683.4,207.4,94.9,581,744.4,217.6,97.9
"K","South West","40","Somerset","40UE","Taunton Deane",,,764,738.6,217.2,96.5,375,718.8,213,94.1,389,757.8,221.3,98.7
"K","South West","40","Somerset","40UF","West Somerset",,,190,721.1,223.1,x,86,736.9,225.2,x,104,708.1,221.2,100