DATASET_TITLE,"National Curriculum Assessments at Key Stage 1 by Gender in England (Referenced by Location of Pupil Residence), 2005",,,,,,,,,,FROM,Sep-2004,Sep-2004,Sep-2004,Sep-2004,Sep-2004,Sep-2004,Sep-2004,Sep-2004,Sep-2004,Sep-2004,Sep-2004,Sep-2004,Sep-2004,Sep-2004,Sep-2004
AREA_TYPE,Region,,,,,,,,,,TO,Aug-2005,Aug-2005,Aug-2005,Aug-2005,Aug-2005,Aug-2005,Aug-2005,Aug-2005,Aug-2005,Aug-2005,Aug-2005,Aug-2005,Aug-2005,Aug-2005,Aug-2005
GEO_HIERARCHY,NeSS Geography Hierarchy,,,,,,,,,,HEADING,Pupils Eligible for KS1 Assessment,Pupils Achieving Level 2+; in Reading,Pupils Achieving Level 2+; in Writing,Pupils Achieving Level 2+; in Mathematics,Average Point Score of Pupils Eligible for KS1 Assessment,Boy Pupils Eligible for KS1 Assessment,Boy Pupils Achieving Level 2+; in Reading,Boy Pupils Achieving Level 2+; in Writing,Boy Pupils Achieving Level 2+; in Mathematics,Average Point Score of Boy Pupils Eligible for KS1 Assessment,Girl Pupils Eligible for KS1 Assessment,Girl Pupils Achieving Level 2+; in Reading,Girl Pupils Achieving Level 2+; in Writing,Girl Pupils Achieving Level 2+; in Mathematics,Average Point Score of Girl Pupils Eligible for KS1 Assessment
,,,,,,,,,,,MEASUREMENT_UNIT,Count,Percentage,Percentage,Percentage,Score,Count,Percentage,Percentage,Percentage,Score,Count,Percentage,Percentage,Percentage,Score
,,,,,,,,,,,STATISTICAL_UNIT,Persons,Persons,Persons,Persons,Persons,Persons,Persons,Persons,Persons,Persons,Persons,Persons,Persons,Persons,Persons
UK_CODE,UK_NAME,GB_CODE,GB_NAME,EW_CODE,EW_NAME,CTRY_CODE,CTRY_NAME,GOR_CODE,GOR_NAME,AREA_METADATA,,DATA_VALUE,DATA_VALUE,DATA_VALUE,DATA_VALUE,DATA_VALUE,DATA_VALUE,DATA_VALUE,DATA_VALUE,DATA_VALUE,DATA_VALUE,DATA_VALUE,DATA_VALUE,DATA_VALUE,DATA_VALUE,DATA_VALUE
"213","United Kingdom","078","Great Britain","727","England and Wales","064","England",,,,,568256,85,82,91,..,291339,81,77,90,..,276917,89,88,92,..
"213","United Kingdom","078","Great Britain","727","England and Wales","064","England","A","North East",,,28282,85,83,91,..,14571,81,78,89,..,13711,90,89,92,..
"213","United Kingdom","078","Great Britain","727","England and Wales","064","England","B","North West",,,78040,85,82,91,..,40015,81,77,90,..,38025,89,88,92,..
"213","United Kingdom","078","Great Britain","727","England and Wales","064","England","D","Yorkshire and The Humber",,,57661,84,82,90,..,29471,80,76,89,..,28190,89,87,92,..
"213","United Kingdom","078","Great Britain","727","England and Wales","064","England","E","East Midlands",,,48752,86,84,92,..,25225,83,79,91,..,23527,90,89,93,..
"213","United Kingdom","078","Great Britain","727","England and Wales","064","England","F","West Midlands",,,63206,84,81,90,..,32357,80,76,88,..,30849,88,87,91,..
"213","United Kingdom","078","Great Britain","727","England and Wales","064","England","G","East of England",,,62570,87,84,92,..,32027,84,79,91,..,30543,91,89,93,..
"213","United Kingdom","078","Great Britain","727","England and Wales","064","England","H","London",,,79912,83,80,89,..,41104,79,75,88,..,38808,87,85,91,..
"213","United Kingdom","078","Great Britain","727","England and Wales","064","England","J","South East",,,88370,86,84,92,..,45338,82,78,91,..,43032,90,89,93,..
"213","United Kingdom","078","Great Britain","727","England and Wales","064","England","K","South West",,,53756,86,83,92,..,27436,82,78,91,..,26320,90,89,93,..