DATASET_TITLE,"Tax Credit Claimants, 2005",,,,,,,,,,FROM,Aug-2005,Aug-2005,Aug-2005,Aug-2005,Aug-2005,Aug-2005,Aug-2005,Aug-2005,Aug-2005,Aug-2005,Aug-2005,Aug-2005,Aug-2005,Aug-2005,Aug-2005,Aug-2005,Aug-2005,Aug-2005,Aug-2005,Aug-2005,Aug-2005,Aug-2005,Aug-2005,Aug-2005,Aug-2005,Aug-2005,Aug-2005,Aug-2005,Aug-2005,Aug-2005,Aug-2005
AREA_TYPE,Region,,,,,,,,,,TO,Aug-2005,Aug-2005,Aug-2005,Aug-2005,Aug-2005,Aug-2005,Aug-2005,Aug-2005,Aug-2005,Aug-2005,Aug-2005,Aug-2005,Aug-2005,Aug-2005,Aug-2005,Aug-2005,Aug-2005,Aug-2005,Aug-2005,Aug-2005,Aug-2005,Aug-2005,Aug-2005,Aug-2005,Aug-2005,Aug-2005,Aug-2005,Aug-2005,Aug-2005,Aug-2005,Aug-2005
GEO_HIERARCHY,NeSS Geography Hierarchy,,,,,,,,,,HEADING,Families Receiving; Tax Credit,Children in families receiving; Tax Credit,Families in work receiving; Tax Credit,Families in work receiving; Tax Credit,Children in families in work receiving; Tax Credit,Lone-parent families in work receiving; Tax Credit,Lone-parent families in work receiving; Tax Credit,Children of lone-parent families in work receiving; Tax Credit,Families in work receiving; Child Tax Credit and Working Tax Credit,Families in work receiving; Child Tax Credit and Working Tax Credit,Children in families in work receiving; Child Tax Credit and Working Tax Credit,Families in work receiving; Child Tax Credit above the family element,Families in work receiving; Child Tax Credit above the family element,Children in families in work receiving; Child Tax Credit above the family element,Families in work receiving; Child Tax Credit family element and below,Families in work receiving; Child Tax Credit family element and below,Children in families in work receiving; Child Tax Credit family element and below,Families in work receiving; Childcare element of Working Tax Credit,Families in work; National Childcare Indicator,Lone-parent families in work receiving; Childcare element of Working Tax Credit,Families out of work receiving; Child Tax Credit,Families out of work receiving; Child Tax Credit,Children in families out of work receiving; Child Tax Credit,Lone-parent families out of work receiving; Child Tax Credit,Lone-parent families out of work receiving; Child Tax Credit,Children of lone-parent families out of work receiving; Child Tax Credit,Couple families out of work receiving; Child Tax Credit,Couple families out of work receiving; Child Tax Credit,Children of couple families out of work receiving; Child Tax Credit,Families out of work; family composition unknown,Children in families out of work; family composition unknown
,,,,,,,,,,,MEASUREMENT_UNIT,Count,Count,Count,Percentage,Count,Count,Percentage,Count,Count,Percentage,Count,Count,Percentage,Count,Count,Percentage,Count,Count,Ratio,Count,Count,Percentage,Count,Count,Percentage,Count,Count,Percentage,Count,Count,Count
,,,,,,,,,,,STATISTICAL_UNIT,Families,Persons,Families,Families,Persons,Persons,Families,Persons,Families,Families,Persons,Families,Families,Persons,Families,Families,Persons,Families,Families,Families,Families,Families,Persons,Families,Families,Persons,Families,Families,Persons,Families,Persons
UK_CODE,UK_NAME,GB_CODE,GB_NAME,EW_CODE,EW_NAME,CTRY_CODE,CTRY_NAME,GOR_CODE,GOR_NAME,AREA_METADATA,,DATA_VALUE,DATA_VALUE,DATA_VALUE,DATA_VALUE,DATA_VALUE,DATA_VALUE,DATA_VALUE,DATA_VALUE,DATA_VALUE,DATA_VALUE,DATA_VALUE,DATA_VALUE,DATA_VALUE,DATA_VALUE,DATA_VALUE,DATA_VALUE,DATA_VALUE,DATA_VALUE,DATA_VALUE,DATA_VALUE,DATA_VALUE,DATA_VALUE,DATA_VALUE,DATA_VALUE,DATA_VALUE,DATA_VALUE,DATA_VALUE,DATA_VALUE,DATA_VALUE,DATA_VALUE,DATA_VALUE
"213","United Kingdom","078","Great Britain","727","England and Wales","064","England",,,,,4730175,8516400,3560145,75.3,6272025,854870,24,1329775,1225225,34.4,2235160,562375,15.8,1202605,1766250,49.6,2827750,275645,.15,188995,1170015,24.7,2244355,803120,68.6,1500340,273055,23.3,580320,93835,163690
"213","United Kingdom","078","Great Britain",,,,,,,,,5526205,9886745,4161990,75.3,7294930,1019295,24.5,1578375,1444420,34.7,2609385,652890,15.7,1390730,2057170,49.4,3287005,322665,.15,222085,1364200,24.7,2591795,934015,68.5,1729320,313905,23,661640,116280,200835
"213","United Kingdom","078","Great Britain",,,"179","Scotland",,,,,491765,831800,373895,76,626700,108380,29,161870,134020,35.8,222800,53045,14.2,109300,186135,49.8,293805,31845,.17,23485,117865,24,205105,81935,69.5,139815,22015,18.7,42945,13915,22340
"213","United Kingdom","078","Great Britain","727","England and Wales","220","Wales",,,,,304265,538545,227955,74.9,396210,56040,24.6,86735,85180,37.4,151425,37470,16.4,78825,104790,46,165445,15175,.12,9605,76320,25.1,142340,48960,64.1,89165,18835,24.7,38370,8525,14800
"213","United Kingdom","078","Great Britain","727","England and Wales","064","England","A","North East",,,272505,466080,203345,74.6,339665,53480,26.3,80650,78280,38.5,135085,29950,14.7,60810,94760,46.6,143640,14320,.13,9835,69160,25.4,126415,45500,65.8,80870,16955,24.5,34120,6705,11425
"213","United Kingdom","078","Great Britain","727","England and Wales","064","England","B","North West",,,711245,1262230,531115,74.7,921030,141205,26.6,216340,204430,38.5,368040,79300,14.9,166050,246315,46.4,386040,50850,.18,33785,180135,25.3,341200,120370,66.8,222150,39675,22,83610,20090,35440
"213","United Kingdom","078","Great Britain","727","England and Wales","064","England","D","Yorkshire and The Humber",,,520230,928375,402415,77.4,703200,95580,23.8,147970,152135,37.8,279195,63175,15.7,132260,186410,46.3,290990,31905,.15,21010,117810,22.6,225180,77900,66.1,143785,30210,25.6,64145,9700,17250
"213","United Kingdom","078","Great Britain","727","England and Wales","064","England","E","East Midlands",,,422865,755110,337410,79.8,591620,74310,22,116235,113980,33.8,206320,55865,16.6,118805,166980,49.5,265880,26270,.15,16835,85455,20.2,163485,57265,67,106540,21720,25.4,45505,6470,11440
"213","United Kingdom","078","Great Britain","727","England and Wales","064","England","F","West Midlands",,,547045,1001070,412600,75.4,734510,94735,23,148220,148820,36.1,279730,67500,16.4,144790,195670,47.4,309070,33680,.16,22785,134450,24.6,266560,87890,65.4,167410,36000,26.8,80005,10555,19145
"213","United Kingdom","078","Great Britain","727","England and Wales","064","England","G","East of England",,,487570,882525,387140,79.4,691825,80520,20.8,126610,111985,28.9,204855,62555,16.2,136705,212050,54.8,349685,22740,.13,15680,100425,20.6,190695,69980,69.7,128805,24275,24.2,51255,6170,10635
"213","United Kingdom","078","Great Britain","727","England and Wales","064","England","H","London",,,645870,1199110,384710,59.6,684885,121025,31.5,189335,146770,38.2,275555,57640,15,122140,179325,46.6,286045,35330,.17,29495,261155,40.4,514220,187995,72,363270,53245,20.4,116730,19910,34225
"213","United Kingdom","078","Great Britain","727","England and Wales","064","England","J","South East",,,664450,1198540,528385,79.5,941785,116380,22,183175,150515,28.5,273440,81590,15.4,179825,295605,55.9,487825,33440,.14,23055,136060,20.5,256750,97375,71.6,179580,30725,22.6,63680,7960,13490
"213","United Kingdom","078","Great Britain","727","England and Wales","064","England","K","South West",,,458400,823355,373025,81.4,663505,77640,20.8,121235,118310,31.7,212935,64795,17.4,141215,189135,50.7,308575,27115,.15,16510,85370,18.6,159845,58850,68.9,107930,20250,23.7,41275,6270,10640