DATASET_TITLE,Household Composition - People (UV46),,,,FROM,Apr-2001,Apr-2001,Apr-2001,Apr-2001,Apr-2001,Apr-2001,Apr-2001,Apr-2001,Apr-2001,Apr-2001,Apr-2001,Apr-2001,Apr-2001,Apr-2001,Apr-2001,Apr-2001,Apr-2001,Apr-2001,Apr-2001,Apr-2001,Apr-2001,Apr-2001,Apr-2001,Apr-2001,Apr-2001,Apr-2001
AREA_TYPE,County,,,,TO,Apr-2001,Apr-2001,Apr-2001,Apr-2001,Apr-2001,Apr-2001,Apr-2001,Apr-2001,Apr-2001,Apr-2001,Apr-2001,Apr-2001,Apr-2001,Apr-2001,Apr-2001,Apr-2001,Apr-2001,Apr-2001,Apr-2001,Apr-2001,Apr-2001,Apr-2001,Apr-2001,Apr-2001,Apr-2001,Apr-2001
GEO_HIERARCHY,NeSS Geography Hierarchy,,,,HEADING,All People in Households,One person,One person: Pensioner,One person: Other,One family and no others,One family and no others: All pensioner,One family and no others: Married Couple Households,One family and no others: Married Couple Households: No children,One family and no others: Married Couple Households: With one dependent child,One family and no others: Married Couple Households: With two or more dependent children,One family and no others: Married Couple Households: All children non-dependent,One family and no others: Cohabiting Couple Family Households,One family and no others: Cohabiting Couple Family Households: No children,One family and no others: Cohabiting Couple Family Households: With one dependent child,One family and no others: Cohabiting Couple Family Households: Two or more dependent children,One family and no others: Cohabiting Couple Family Households: All children non-dependent,One family and no others: Lone Parent Households,One family and no others: Lone Parent Households: With one dependent child,One family and no others: Lone Parent Households: With two or more dependent children,One family and no others: Lone Parent Households: All children non-dependent,Other households,Other households: With one dependent child,Other households: With two or more dependent children,Other households: All student,Other households: All pensioner,Other households: Other
,,,,,MEASUREMENT_UNIT,Count,Count,Count,Count,Count,Count,Count,Count,Count,Count,Count,Count,Count,Count,Count,Count,Count,Count,Count,Count,Count,Count,Count,Count,Count,Count
,,,,,STATISTICAL_UNIT,Persons,Persons,Persons,Persons,Persons,Persons,Persons,Persons,Persons,Persons,Persons,Persons,Persons,Persons,Persons,Persons,Persons,Persons,Persons,Persons,Persons,Persons,Persons,Persons,Persons,Persons
GOR_CODE,GOR_NAME,CTY_CODE,CTY_NAME,AREA_METADATA,,DATA_VALUE,DATA_VALUE,DATA_VALUE,DATA_VALUE,DATA_VALUE,DATA_VALUE,DATA_VALUE,DATA_VALUE,DATA_VALUE,DATA_VALUE,DATA_VALUE,DATA_VALUE,DATA_VALUE,DATA_VALUE,DATA_VALUE,DATA_VALUE,DATA_VALUE,DATA_VALUE,DATA_VALUE,DATA_VALUE,DATA_VALUE,DATA_VALUE,DATA_VALUE,DATA_VALUE,DATA_VALUE,DATA_VALUE
"A","North East","20","Durham",,,481729,60612,32097,28515,389839,37689,252874,59592,51209,92363,49710,47343,15938,12361,16643,2401,51933,16566,20551,14816,31278,7143,7777,2896,1966,11496
"A","North East","35","Northumberland",,,301959,37831,20279,17552,248213,26525,166609,42180,30352,64898,29179,26932,10148,6538,8970,1276,28147,8811,11212,8124,15915,3688,4177,56,1131,6863