DATASET_TITLE,Ethnic Group (UV09),,,,,,FROM,Apr-2001,Apr-2001,Apr-2001,Apr-2001,Apr-2001,Apr-2001,Apr-2001,Apr-2001,Apr-2001,Apr-2001,Apr-2001,Apr-2001,Apr-2001,Apr-2001,Apr-2001,Apr-2001,Apr-2001,Apr-2001,Apr-2001,Apr-2001,Apr-2001,Apr-2001
AREA_TYPE,Local Authority,,,,,,TO,Apr-2001,Apr-2001,Apr-2001,Apr-2001,Apr-2001,Apr-2001,Apr-2001,Apr-2001,Apr-2001,Apr-2001,Apr-2001,Apr-2001,Apr-2001,Apr-2001,Apr-2001,Apr-2001,Apr-2001,Apr-2001,Apr-2001,Apr-2001,Apr-2001,Apr-2001
GEO_HIERARCHY,NeSS Geography Hierarchy,,,,,,HEADING,All People,White,White: British,White: Irish,White: Other White,Mixed,Mixed: White and Black Caribbean,Mixed: White and Black African,Mixed: White and Asian,Mixed: Other Mixed,Asian or Asian British,Asian or Asian British: Indian,Asian or Asian British: Pakistani,Asian or Asian British: Bangladeshi,Asian or Asian British: Other Asian,Black or Black British,Black or Black British: Caribbean,Black or Black British: African,Black or Black British: Other Black,Chinese or Other Ethnic Group,Chinese or Other Ethnic Group: Chinese,Chinese or Other Ethnic Group: Other Ethnic Group
,,,,,,,MEASUREMENT_UNIT,Count,Count,Count,Count,Count,Count,Count,Count,Count,Count,Count,Count,Count,Count,Count,Count,Count,Count,Count,Count,Count,Count
,,,,,,,STATISTICAL_UNIT,Persons,Persons,Persons,Persons,Persons,Persons,Persons,Persons,Persons,Persons,Persons,Persons,Persons,Persons,Persons,Persons,Persons,Persons,Persons,Persons,Persons,Persons
GOR_CODE,GOR_NAME,CTY_CODE,CTY_NAME,LA_CODE,LA_NAME,AREA_METADATA,,DATA_VALUE,DATA_VALUE,DATA_VALUE,DATA_VALUE,DATA_VALUE,DATA_VALUE,DATA_VALUE,DATA_VALUE,DATA_VALUE,DATA_VALUE,DATA_VALUE,DATA_VALUE,DATA_VALUE,DATA_VALUE,DATA_VALUE,DATA_VALUE,DATA_VALUE,DATA_VALUE,DATA_VALUE,DATA_VALUE,DATA_VALUE,DATA_VALUE
"B","North West",,,"00BL","Bolton",,,261037,232366,227635,2253,2478,2542,859,296,970,417,23644,15884,6487,268,1005,1607,823,689,95,878,497,381
"B","North West",,,"00BM","Bury",,,180608,169550,163898,3025,2627,1977,726,215,643,393,7311,1211,5492,168,440,856,504,274,78,914,574,340
"B","North West",,,"00BN","Manchester",,,392819,318013,292498,14826,10689,12673,5295,2412,2459,2507,35877,5817,23104,3654,3302,17739,9044,6655,2040,8517,5126,3391
"B","North West",,,"00BP","Oldham",,,217273,187162,183297,1962,1903,2451,1287,187,686,291,25807,1562,13754,9817,674,1235,931,182,122,618,408,210
"B","North West",,,"00BQ","Rochdale",,,205357,181891,176800,2994,2097,1906,615,236,769,286,20122,743,15829,2594,956,651,278,302,71,787,497,290
"B","North West",,,"00BR","Salford",,,216103,207746,200343,3870,3533,2146,839,318,495,494,2989,1196,963,402,428,1260,417,709,134,1962,1191,771
"B","North West",,,"00BS","Stockport",,,284528,272230,264279,4155,3796,3026,953,413,915,745,5967,1867,2949,353,798,1181,660,352,169,2124,1315,809
"B","North West",,,"00BT","Tameside",,,213043,201468,197487,1943,2038,1681,670,238,506,267,8467,3087,2596,2493,291,572,348,160,64,855,630,225
"B","North West",,,"00BU","Trafford",,,210145,192575,182710,5874,3991,3201,1444,346,717,694,8508,3883,3613,243,769,4107,3034,630,443,1754,1132,622
"B","North West",,,"00BW","Wigan",,,301415,297506,294149,1744,1613,1298,416,199,387,296,1326,681,400,72,173,539,194,302,43,746,488,258
"B","North West",,,"00BX","Knowsley",,,150459,148082,146437,872,773,1253,407,342,218,286,352,225,76,11,40,317,114,113,90,455,365,90
"B","North West",,,"00BY","Liverpool",,,439473,414526,403625,5349,5552,7907,2308,2207,1352,2040,4819,1909,1050,557,1303,5377,1083,3071,1223,6844,5143,1701
"B","North West",,,"00BZ","St. Helens",,,176843,174787,172853,1054,880,674,228,77,200,169,682,409,109,79,85,169,59,73,37,531,398,133
"B","North West",,,"00CA","Sefton",,,282958,278540,273536,2665,2339,1584,476,234,441,433,1215,604,181,257,173,438,173,204,61,1181,903,278
"B","North West",,,"00CB","Wirral",,,312293,307003,301326,3065,2612,1771,499,297,503,472,1314,622,112,362,218,537,171,261,105,1668,1320,348
"B","North West",,,"00ET","Halton",,,118208,116783,115396,824,563,705,221,151,169,164,273,149,32,45,47,132,54,55,23,315,240,75
"B","North West",,,"00EU","Warrington",,,191080,186996,183676,1585,1735,1144,336,176,357,275,1599,676,673,73,177,363,160,169,34,978,729,249
"B","North West",,,"00EX","Blackburn with Darwen",,,137470,107124,104629,1172,1323,1262,200,109,703,250,28384,14654,12020,523,1187,318,106,183,29,382,204,178
"B","North West",,,"00EY","Blackpool",,,142283,140016,137336,1390,1290,800,288,104,247,161,705,248,214,159,84,218,83,97,38,544,370,174
"B","North West","13","Cheshire","13UB","Chester",,,118210,115901,112529,1291,2081,732,198,82,278,174,802,320,134,248,100,201,87,95,19,574,277,297
"B","North West","13","Cheshire","13UC","Congleton",,,90655,89607,88170,501,936,363,109,24,119,111,292,158,50,39,45,82,41,28,13,311,238,73
"B","North West","13","Cheshire","13UD","Crewe and Nantwich",,,111007,108770,106833,871,1066,812,381,72,187,172,592,249,60,198,85,387,213,128,46,446,320,126
"B","North West","13","Cheshire","13UE","Ellesmere Port & Neston",,,81672,80668,79195,790,683,358,85,59,123,91,257,101,40,65,51,53,24,25,4,336,236,100
"B","North West","13","Cheshire","13UG","Macclesfield",,,150155,147260,143336,1362,2562,901,195,110,344,252,1034,537,278,30,189,245,118,97,30,715,400,315
"B","North West","13","Cheshire","13UH","Vale Royal",,,122089,120588,118824,658,1106,551,134,86,187,144,359,197,38,50,74,108,47,58,3,483,355,128
"B","North West","16","Cumbria","16UB","Allerdale",,,93492,92920,92009,276,635,234,64,18,107,45,127,53,43,15,16,45,9,28,8,166,112,54
"B","North West","16","Cumbria","16UC","Barrow-in-Furness",,,71980,71413,70523,362,528,212,59,36,62,55,161,67,36,15,43,43,10,26,7,151,101,50
"B","North West","16","Cumbria","16UD","Carlisle",,,100739,99846,98547,523,776,300,72,47,94,87,284,94,48,85,57,70,16,43,11,239,174,65
"B","North West","16","Cumbria","16UE","Copeland",,,69318,68833,68125,253,455,183,64,21,58,40,145,56,34,48,7,40,15,21,4,117,67,50
"B","North West","16","Cumbria","16UF","Eden",,,49776,49564,49017,151,396,90,22,5,29,34,39,9,9,3,18,14,11,3,0,69,52,17
"B","North West","16","Cumbria","16UG","South Lakeland",,,102301,101481,99810,458,1213,374,80,70,120,104,104,53,23,6,22,89,38,38,13,253,175,78
"B","North West","30","Lancashire","30UD","Burnley",,,89542,82171,80685,848,638,630,130,78,332,90,6409,426,4426,1411,146,121,37,72,12,211,118,93
"B","North West","30","Lancashire","30UE","Chorley",,,100449,98338,96832,729,777,594,256,61,161,116,834,387,329,54,64,283,208,52,23,400,309,91
"B","North West","30","Lancashire","30UF","Fylde",,,73217,72166,70609,598,959,398,128,44,136,90,324,185,61,22,56,80,38,33,9,249,167,82
"B","North West","30","Lancashire","30UG","Hyndburn",,,81496,74740,73388,763,589,482,99,26,276,81,6064,242,5453,136,233,67,27,33,7,143,99,44
"B","North West","30","Lancashire","30UH","Lancaster",,,133914,131013,127725,1120,2168,831,235,86,273,237,967,631,120,120,96,287,81,181,25,816,476,340
"B","North West","30","Lancashire","30UJ","Pendle",,,89248,75799,74609,596,594,606,86,31,390,99,12556,223,11978,39,316,102,26,54,22,185,92,93
"B","North West","30","Lancashire","30UK","Preston",,,129633,110848,107810,1539,1499,1737,950,97,450,240,15067,11436,2746,308,577,1182,878,216,88,799,546,253
"B","North West","30","Lancashire","30UL","Ribble Valley",,,53960,53100,52152,370,578,220,38,14,111,57,407,131,224,14,38,55,11,34,10,178,125,53
"B","North West","30","Lancashire","30UM","Rossendale",,,65652,63138,61854,733,551,302,113,32,111,46,2015,125,915,888,87,62,33,21,8,135,107,28
"B","North West","30","Lancashire","30UN","South Ribble",,,103867,101788,100190,869,729,640,268,47,221,104,808,551,149,35,73,182,131,34,17,449,342,107
"B","North West","30","Lancashire","30UP","West Lancashire",,,108378,106773,105243,670,860,581,156,96,188,141,453,300,46,18,89,149,51,79,19,422,270,152
"B","North West","30","Lancashire","30UQ","Wyre",,,105618,104406,103118,546,742,407,130,54,129,94,414,261,74,26,53,73,36,32,5,318,199,119