DATASET_TITLE,"Dwelling Stock by Council Tax Band, 2009",,,,,,,,FROM,Mar-2009,Mar-2009,Mar-2009,Mar-2009,Mar-2009,Mar-2009,Mar-2009,Mar-2009,Mar-2009,Mar-2009,Mar-2009,Mar-2009,Mar-2009,Mar-2009,Mar-2009,Mar-2009,Mar-2009,Mar-2009,Mar-2009,Mar-2009,Mar-2009
AREA_TYPE,Former Local Authority,,,,,,,,TO,Mar-2009,Mar-2009,Mar-2009,Mar-2009,Mar-2009,Mar-2009,Mar-2009,Mar-2009,Mar-2009,Mar-2009,Mar-2009,Mar-2009,Mar-2009,Mar-2009,Mar-2009,Mar-2009,Mar-2009,Mar-2009,Mar-2009,Mar-2009,Mar-2009
GEO_HIERARCHY,NeSS Geography Hierarchy,,,,,,,,HEADING,Dwelling Stock by Council Tax Band; Total,Dwelling Stock by Council Tax Band; Band A,Dwelling Stock by Council Tax Band; Band A,Dwelling Stock by Council Tax Band; Band B,Dwelling Stock by Council Tax Band; Band B,Dwelling Stock by Council Tax Band; Band C,Dwelling Stock by Council Tax Band; Band C,Dwelling Stock by Council Tax Band; Band D,Dwelling Stock by Council Tax Band; Band D,Dwelling Stock by Council Tax Band; Band E,Dwelling Stock by Council Tax Band; Band E,Dwelling Stock by Council Tax Band; Band F,Dwelling Stock by Council Tax Band; Band F,Dwelling Stock by Council Tax Band; Band G,Dwelling Stock by Council Tax Band; Band G,Dwelling Stock by Council Tax Band; Band H,Dwelling Stock by Council Tax Band; Band H,Dwelling Stock by Council Tax Band; Band I,Dwelling Stock by Council Tax Band; Band I,Dwelling Stock by Council Tax Band; Band X; Unallocated,Dwelling Stock by Council Tax Band; Band X; Unallocated
,,,,,,,,,MEASUREMENT_UNIT,Count,Count,Percentage,Count,Percentage,Count,Percentage,Count,Percentage,Count,Percentage,Count,Percentage,Count,Percentage,Count,Percentage,Count,Percentage,Count,Percentage
,,,,,,,,,STATISTICAL_UNIT,Dwellings,Dwellings,Dwellings,Dwellings,Dwellings,Dwellings,Dwellings,Dwellings,Dwellings,Dwellings,Dwellings,Dwellings,Dwellings,Dwellings,Dwellings,Dwellings,Dwellings,Dwellings,Dwellings,Dwellings,Dwellings
GOR_CODE,GOR_NAME,CTY_CODE,CTY_NAME,LA_CODE,LA_NAME,FLA_CODE,FLA_NAME,AREA_METADATA,,DATA_VALUE,DATA_VALUE,DATA_VALUE,DATA_VALUE,DATA_VALUE,DATA_VALUE,DATA_VALUE,DATA_VALUE,DATA_VALUE,DATA_VALUE,DATA_VALUE,DATA_VALUE,DATA_VALUE,DATA_VALUE,DATA_VALUE,DATA_VALUE,DATA_VALUE,DATA_VALUE,DATA_VALUE,DATA_VALUE,DATA_VALUE
"G","East of England",,,"00KC","Central Bedfordshire","09UC","Mid Bedfordshire",,,55815,3855,6.91,10785,19.32,15717,28.16,9573,17.15,8473,15.18,4525,8.11,2680,4.8,207,.37,0,0,0,0
"G","East of England",,,"00KC","Central Bedfordshire","09UE","South Bedfordshire",,,50986,5309,10.41,10967,21.51,14817,29.06,10047,19.71,5352,10.5,2746,5.39,1634,3.2,114,.22,0,0,0,0