DATASET_TITLE,National Statistics Socio-economic Classification - Workplace Population (UV76),,,,FROM,Apr-2001,Apr-2001,Apr-2001,Apr-2001,Apr-2001,Apr-2001,Apr-2001,Apr-2001,Apr-2001,Apr-2001,Apr-2001,Apr-2001
AREA_TYPE,County,,,,TO,Apr-2001,Apr-2001,Apr-2001,Apr-2001,Apr-2001,Apr-2001,Apr-2001,Apr-2001,Apr-2001,Apr-2001,Apr-2001,Apr-2001
GEO_HIERARCHY,NeSS Geography Hierarchy,,,,HEADING,All People,1. Higher managerial and professional occupations,1.1 Large employers and higher managerial occupations,1.2 Higher professional occupations,2. Lower managerial and professional occupations,3. Intermediate occupations,4. Small employers and own account workers,5. Lower supervisory and technical occupations,6. Semi-routine occupations,7. Routine occupations,8. Never worked and long-term unemployed,Not classified
,,,,,MEASUREMENT_UNIT,Count,Count,Count,Count,Count,Count,Count,Count,Count,Count,Count,Count
,,,,,STATISTICAL_UNIT,Persons,Persons,Persons,Persons,Persons,Persons,Persons,Persons,Persons,Persons,Persons,Persons
GOR_CODE,GOR_NAME,CTY_CODE,CTY_NAME,AREA_METADATA,,DATA_VALUE,DATA_VALUE,DATA_VALUE,DATA_VALUE,DATA_VALUE,DATA_VALUE,DATA_VALUE,DATA_VALUE,DATA_VALUE,DATA_VALUE,DATA_VALUE,DATA_VALUE
"J","South East","11","Buckinghamshire",,,210250,30933,13928,17005,59681,25841,26278,16966,24974,17801,0,7776
"J","South East","21","East Sussex",,,179773,14674,5334,9340,46223,20845,29538,16457,27190,17883,0,6963
"J","South East","24","Hampshire",,,564412,77124,32430,44694,147562,72348,58904,57296,75166,54924,0,21088
"J","South East","29","Kent",,,564421,51999,20584,31415,142219,69531,65936,59788,88961,64757,0,21230
"J","South East","38","Oxfordshire",,,306638,48321,17475,30846,84418,36853,28695,27751,37646,30640,0,12314
"J","South East","43","Surrey",,,487102,83075,31480,51595,142991,63318,54866,36703,55236,32215,0,18698
"J","South East","45","West Sussex",,,347773,41582,15871,25711,94258,49547,39265,33013,47302,30003,0,12803