DATASET_TITLE,"Worklessness: Key Out of Work Benefits, July 2005 - June 2006",,,,,,,,,,FROM,Jul-2005,Jul-2005,Jul-2005,Jul-2005,Jul-2005,Jul-2005,Jul-2005,Jul-2005
AREA_TYPE,Region,,,,,,,,,,TO,Jun-2006,Jun-2006,Jun-2006,Jun-2006,Jun-2006,Jun-2006,Jun-2006,Jun-2006
GEO_HIERARCHY,NeSS Geography Hierarchy,,,,,,,,,,HEADING,Job Seekers; Aged 18-64 (Males); 18-59 (Females),Job Seekers; Aged 18-64 (Males); 18-59 (Females) Rate,Aged 18-24,Aged 18-24 Rate,Aged 25-49,Aged 25-49 Rate,Aged 50-64 (Males); 50-59 (Females),Aged 50-64 (Males); 50-59 (Females) Rate
,,,,,,,,,,,MEASUREMENT_UNIT,Count,Percentage,Count,Percentage,Count,Percentage,Count,Percentage
,,,,,,,,,,,STATISTICAL_UNIT,Persons,Persons,Persons,Persons,Persons,Persons,Persons,Persons
UK_CODE,UK_NAME,GB_CODE,GB_NAME,EW_CODE,EW_NAME,CTRY_CODE,CTRY_NAME,GOR_CODE,GOR_NAME,AREA_METADATA,,DATA_VALUE,DATA_VALUE,DATA_VALUE,DATA_VALUE,DATA_VALUE,DATA_VALUE,DATA_VALUE,DATA_VALUE
"213","United Kingdom","078","Great Britain","727","England and Wales","064","England",,,,,762254,2.4,223565,4.8,401900,2.2,122990,1.6
"213","United Kingdom","078","Great Britain","727","England and Wales","220","Wales",,,,,44176,2.5,15370,5.5,21545,2.3,6605,1.4
"213","United Kingdom","078","Great Britain","727","England and Wales",,,,,,,806430,2.4,238935,4.9,423445,2.2,129595,1.6
"213","United Kingdom","078","Great Britain","727","England and Wales","064","England","A","North East",,,48750,3.1,16210,6.5,23865,2.8,7795,1.9
"213","United Kingdom","078","Great Britain","727","England and Wales","064","England","B","North West",,,110997,2.6,36260,5.5,56790,2.4,15840,1.5
"213","United Kingdom","078","Great Britain","727","England and Wales","064","England","D","Yorkshire and The Humber",,,84205,2.7,25925,5.1,43345,2.5,13165,1.7
"213","United Kingdom","078","Great Britain","727","England and Wales","064","England","E","East Midlands",,,59397,2.2,17505,4.3,30470,2.1,10455,1.5
"213","United Kingdom","078","Great Britain","727","England and Wales","064","England","F","West Midlands",,,103917,3.2,31320,6.2,54465,3,16520,2
"213","United Kingdom","078","Great Britain","727","England and Wales","064","England","G","East of England",,,63051,1.9,17920,3.8,32285,1.7,11630,1.3
"213","United Kingdom","078","Great Britain","727","England and Wales","064","England","H","London",,,167718,3.4,44525,6.8,96275,3,24090,2.7
"213","United Kingdom","078","Great Britain","727","England and Wales","064","England","J","South East",,,78598,1.6,20840,2.9,41200,1.4,15110,1.2
"213","United Kingdom","078","Great Britain","727","England and Wales","064","England","K","South West",,,45621,1.5,13060,2.9,23215,1.4,8380,1