DATASET_TITLE,Housing Stock (UV53),,,,,,FROM,Apr-2001,Apr-2001,Apr-2001,Apr-2001,Apr-2001
AREA_TYPE,Local Authority,,,,,,TO,Apr-2001,Apr-2001,Apr-2001,Apr-2001,Apr-2001
GEO_HIERARCHY,NeSS Geography Hierarchy,,,,,,HEADING,All Household Spaces,Occupied Household Spaces,Unoccupied Household Spaces,Unoccupied Household Spaces: Second residence / holiday accommodation,Unoccupied Household Spaces: Vacant household space
,,,,,,,MEASUREMENT_UNIT,Count,Count,Count,Count,Count
,,,,,,,STATISTICAL_UNIT,Households,Households,Households,Households,Households
GOR_CODE,GOR_NAME,CTY_CODE,CTY_NAME,LA_CODE,LA_NAME,AREA_METADATA,,DATA_VALUE,DATA_VALUE,DATA_VALUE,DATA_VALUE,DATA_VALUE
"D","Yorkshire and The Humber",,,"00CC","Barnsley",,,95850,92165,3685,111,3574
"D","Yorkshire and The Humber",,,"00CE","Doncaster",,,123351,118699,4652,166,4486
"D","Yorkshire and The Humber",,,"00CF","Rotherham",,,105942,102279,3663,72,3591
"D","Yorkshire and The Humber",,,"00CG","Sheffield",,,225218,217622,7596,298,7298
"D","Yorkshire and The Humber",,,"00CX","Bradford",,,192335,180246,12089,557,11532
"D","Yorkshire and The Humber",,,"00CY","Calderdale",,,84889,80937,3952,233,3719
"D","Yorkshire and The Humber",,,"00CZ","Kirklees",,,166470,159031,7439,239,7200
"D","Yorkshire and The Humber",,,"00DA","Leeds",,,312541,301614,10927,472,10455
"D","Yorkshire and The Humber",,,"00DB","Wakefield",,,136489,132212,4277,105,4172
"D","Yorkshire and The Humber",,,"00FA","Kingston upon Hull, City of",,,111842,104288,7554,196,7358
"D","Yorkshire and The Humber",,,"00FB","East Riding of Yorkshire",,,136633,131084,5549,1111,4438
"D","Yorkshire and The Humber",,,"00FC","North East Lincolnshire",,,69206,66054,3152,347,2805
"D","Yorkshire and The Humber",,,"00FD","North Lincolnshire",,,66593,64014,2579,108,2471
"D","Yorkshire and The Humber",,,"00FF","York",,,79399,76920,2479,349,2130
"D","Yorkshire and The Humber","36","North Yorkshire","36UB","Craven",,,24368,22680,1688,786,902
"D","Yorkshire and The Humber","36","North Yorkshire","36UC","Hambleton",,,36315,34688,1627,374,1253
"D","Yorkshire and The Humber","36","North Yorkshire","36UD","Harrogate",,,66084,63077,3007,653,2354
"D","Yorkshire and The Humber","36","North Yorkshire","36UE","Richmondshire",,,20486,18125,2361,1131,1230
"D","Yorkshire and The Humber","36","North Yorkshire","36UF","Ryedale",,,22765,21451,1314,672,642
"D","Yorkshire and The Humber","36","North Yorkshire","36UG","Scarborough",,,51868,46726,5142,2764,2378
"D","Yorkshire and The Humber","36","North Yorkshire","36UH","Selby",,,31968,30836,1132,112,1020