DATASET_TITLE,Lowest Floor Level (UV61),,,,FROM,Apr-2001,Apr-2001,Apr-2001,Apr-2001,Apr-2001,Apr-2001,Apr-2001
AREA_TYPE,County,,,,TO,Apr-2001,Apr-2001,Apr-2001,Apr-2001,Apr-2001,Apr-2001,Apr-2001
GEO_HIERARCHY,NeSS Geography Hierarchy,,,,HEADING,All Household Spaces,Lowest floor level: Basement or semi-basement,Lowest floor level: Ground floor (street level),Lowest floor level: First floor,Lowest floor level: Second floor,Lowest floor level: Third or fourth floor,Lowest floor level: Fifth floor or higher
,,,,,MEASUREMENT_UNIT,Count,Count,Count,Count,Count,Count,Count
,,,,,STATISTICAL_UNIT,Households,Households,Households,Households,Households,Households,Households
GOR_CODE,GOR_NAME,CTY_CODE,CTY_NAME,AREA_METADATA,,DATA_VALUE,DATA_VALUE,DATA_VALUE,DATA_VALUE,DATA_VALUE,DATA_VALUE,DATA_VALUE
"B","North West","13","Cheshire",,,290833,4635,269480,12654,2615,784,665
"B","North West","16","Cumbria",,,225844,5478,204552,12656,2258,881,19
"B","North West","30","Lancashire",,,491466,14229,444189,26078,4944,1563,463