DATASET_TITLE,Residents in Households by NS-SeC of Household Reference Person Under Pensionable Age (UV85),,,,,,FROM,Apr-2001,Apr-2001,Apr-2001,Apr-2001,Apr-2001,Apr-2001,Apr-2001,Apr-2001,Apr-2001,Apr-2001,Apr-2001,Apr-2001
AREA_TYPE,Local Authority,,,,,,TO,Apr-2001,Apr-2001,Apr-2001,Apr-2001,Apr-2001,Apr-2001,Apr-2001,Apr-2001,Apr-2001,Apr-2001,Apr-2001,Apr-2001
GEO_HIERARCHY,NeSS Geography Hierarchy,,,,,,HEADING,All People in Households,1. Higher managerial and professional occupations,1. Higher managerial and professional occupations:  1.1 Large employers and higher managerial occupations,1. Higher managerial and professional occupations:  1.2 Higher professional occupations,2. Lower managerial and professional occupations,3. Intermediate occupations,4. Small employers and own account workers,5. Lower supervisory and technical occupations,6. Semi-routine occupations,7. Routine occupations,8. Never worked and long-term unemployed,Not classified
,,,,,,,MEASUREMENT_UNIT,Count,Count,Count,Count,Count,Count,Count,Count,Count,Count,Count,Count
,,,,,,,STATISTICAL_UNIT,Persons,Persons,Persons,Persons,Persons,Persons,Persons,Persons,Persons,Persons,Persons,Persons
GOR_CODE,GOR_NAME,CTY_CODE,CTY_NAME,LA_CODE,LA_NAME,AREA_METADATA,,DATA_VALUE,DATA_VALUE,DATA_VALUE,DATA_VALUE,DATA_VALUE,DATA_VALUE,DATA_VALUE,DATA_VALUE,DATA_VALUE,DATA_VALUE,DATA_VALUE,DATA_VALUE
"A","North East",,,"00CH","Gateshead",,,148286,12229,5691,6538,29121,12535,10958,18778,21050,23146,6981,13488
"A","North East",,,"00CJ","Newcastle upon Tyne",,,203960,25512,7594,17918,38037,14976,15474,19461,24772,24260,12961,28507
"A","North East",,,"00CK","North Tyneside",,,149593,16553,7112,9441,35286,14634,11726,18338,19020,19097,5042,9897
"A","North East",,,"00CL","South Tyneside",,,118212,8864,3996,4868,21454,9476,8398,15451,17614,18408,7420,11127
"A","North East",,,"00CM","Sunderland",,,221739,15840,7712,8128,40149,18295,16207,27753,32213,37125,11516,22641
"A","North East",,,"00EB","Hartlepool",,,70290,5032,2444,2588,12532,4532,4879,10261,10394,11849,4287,6524
"A","North East",,,"00EC","Middlesbrough",,,108376,7695,3330,4365,18961,7382,7561,13534,15481,17234,8516,12012
"A","North East",,,"00EE","Redcar and Cleveland",,,109672,8801,4024,4777,21018,6869,8262,17859,14434,17046,5717,9666
"A","North East",,,"00EF","Stockton-on-Tees",,,144141,15315,7362,7953,32818,10411,10776,20689,17562,19729,6543,10298
"A","North East",,,"00EH","Darlington",,,76970,8676,4135,4541,17270,6361,6825,9711,10338,10447,2738,4604
"A","North East","20","Durham","20UB","Chester-le-Street",,,43107,5072,2613,2459,10475,3941,3513,5829,4797,5615,1037,2828
"A","North East","20","Durham","20UD","Derwentside",,,66476,5692,2922,2770,13242,4888,5558,8892,9024,11358,2420,5402
"A","North East","20","Durham","20UE","Durham",,,65534,9100,3419,5681,15645,5568,4262,7034,6612,8148,1652,7513
"A","North East","20","Durham","20UF","Easington",,,73436,3812,1918,1894,10728,5131,4750,10388,11366,13656,3536,10069
"A","North East","20","Durham","20UG","Sedgefield",,,69048,5385,2924,2461,12928,4409,5093,10260,10145,13055,2315,5458
"A","North East","20","Durham","20UH","Teesdale",,,18064,2201,1026,1175,3837,1008,3469,2266,1688,2332,325,938
"A","North East","20","Durham","20UJ","Wear Valley",,,47664,3762,1804,1958,8345,2726,5021,6468,6490,8684,2101,4067
"A","North East","35","Northumberland","35UB","Alnwick",,,23490,2925,1289,1636,5492,1728,3768,2802,2532,2707,472,1064
"A","North East","35","Northumberland","35UC","Berwick-upon-Tweed",,,19090,1380,535,845,3521,913,3676,2435,3113,2817,353,882
"A","North East","35","Northumberland","35UD","Blyth Valley",,,66597,5598,2893,2705,14666,6092,4990,10166,8593,10019,2078,4395
"A","North East","35","Northumberland","35UE","Castle Morpeth",,,36136,7256,3024,4232,9966,2649,4383,3325,3034,2984,816,1723
"A","North East","35","Northumberland","35UF","Tynedale",,,45331,8024,3133,4891,11379,2881,7565,4696,4306,4179,706,1595
"A","North East","35","Northumberland","35UG","Wansbeck",,,47905,3318,1690,1628,9139,4247,3536,6735,7182,7612,2187,3949