DATASET_TITLE,Household Type (UV68),,,,,,,,FROM,Apr-2001,Apr-2001,Apr-2001,Apr-2001,Apr-2001,Apr-2001,Apr-2001,Apr-2001,Apr-2001,Apr-2001
AREA_TYPE,Super Output Area Middle Layer,,,,,,,,TO,Apr-2001,Apr-2001,Apr-2001,Apr-2001,Apr-2001,Apr-2001,Apr-2001,Apr-2001,Apr-2001,Apr-2001
GEO_HIERARCHY,NeSS Geography Hierarchy,,,,,,,,HEADING,All Households,Married couple household with dependent child(ren),Married couple household with no dependent child(ren),Cohabiting couple household with dependent child(ren),Cohabiting couple household with no dependent child(ren),Lone parent household with dependent child(ren),Lone parent household with no dependent child(ren),One person household,Multi person household: All student,Multi person household: All other
,,,,,,,,,MEASUREMENT_UNIT,Count,Count,Count,Count,Count,Count,Count,Count,Count,Count
,,,,,,,,,STATISTICAL_UNIT,Households,Households,Households,Households,Households,Households,Households,Households,Households,Households
GOR_CODE,GOR_NAME,CTY_CODE,CTY_NAME,LA_CODE,LA_NAME,MSOA_CODE,MSOA_NAME,AREA_METADATA,,DATA_VALUE,DATA_VALUE,DATA_VALUE,DATA_VALUE,DATA_VALUE,DATA_VALUE,DATA_VALUE,DATA_VALUE,DATA_VALUE,DATA_VALUE
"D","Yorkshire and The Humber",,,"00CC","Barnsley","E02001509","Barnsley 001",,,2386,525,772,83,108,172,67,636,0,23
"D","Yorkshire and The Humber",,,"00CC","Barnsley","E02001510","Barnsley 002",,,2415,472,765,92,135,204,80,633,0,34
"D","Yorkshire and The Humber",,,"00CC","Barnsley","E02001511","Barnsley 003",,,2324,427,803,106,99,175,62,615,0,37
"D","Yorkshire and The Humber",,,"00CC","Barnsley","E02001512","Barnsley 004",,,3238,593,1092,136,190,226,95,852,0,54
"D","Yorkshire and The Humber",,,"00CC","Barnsley","E02001513","Barnsley 005",,,3216,690,1168,133,215,180,88,718,0,24
"D","Yorkshire and The Humber",,,"00CC","Barnsley","E02001514","Barnsley 006",,,2416,398,734,118,74,246,132,683,0,31
"D","Yorkshire and The Humber",,,"00CC","Barnsley","E02001515","Barnsley 007",,,3954,617,1015,274,197,501,178,1108,3,61
"D","Yorkshire and The Humber",,,"00CC","Barnsley","E02001516","Barnsley 008",,,2339,463,665,147,159,224,80,564,0,37
"D","Yorkshire and The Humber",,,"00CC","Barnsley","E02001517","Barnsley 009",,,3180,605,1167,96,155,183,85,849,0,40
"D","Yorkshire and The Humber",,,"00CC","Barnsley","E02001518","Barnsley 010",,,3853,664,1190,144,186,276,147,1173,10,63
"D","Yorkshire and The Humber",,,"00CC","Barnsley","E02001519","Barnsley 011",,,2418,436,760,134,105,276,115,569,0,23
"D","Yorkshire and The Humber",,,"00CC","Barnsley","E02001520","Barnsley 012",,,4458,929,1662,112,247,165,119,1156,3,65
"D","Yorkshire and The Humber",,,"00CC","Barnsley","E02001521","Barnsley 013",,,4876,715,1078,200,395,414,153,1749,43,129
"D","Yorkshire and The Humber",,,"00CC","Barnsley","E02001522","Barnsley 014",,,3733,610,1090,239,138,403,145,1065,0,43
"D","Yorkshire and The Humber",,,"00CC","Barnsley","E02001523","Barnsley 015",,,2459,457,843,92,168,152,63,635,3,46
"D","Yorkshire and The Humber",,,"00CC","Barnsley","E02001524","Barnsley 016",,,2364,564,947,51,93,66,64,558,0,21
"D","Yorkshire and The Humber",,,"00CC","Barnsley","E02001525","Barnsley 017",,,2833,315,585,136,150,282,106,1171,10,78
"D","Yorkshire and The Humber",,,"00CC","Barnsley","E02001526","Barnsley 018",,,2228,329,558,144,96,309,86,666,0,40
"D","Yorkshire and The Humber",,,"00CC","Barnsley","E02001527","Barnsley 019",,,2367,506,818,90,110,140,71,602,0,30
"D","Yorkshire and The Humber",,,"00CC","Barnsley","E02001528","Barnsley 020",,,4280,763,1464,189,195,337,142,1127,3,60
"D","Yorkshire and The Humber",,,"00CC","Barnsley","E02001529","Barnsley 021",,,4081,632,1291,188,208,368,133,1213,0,48
"D","Yorkshire and The Humber",,,"00CC","Barnsley","E02001530","Barnsley 022",,,2558,426,673,133,122,289,107,769,0,39
"D","Yorkshire and The Humber",,,"00CC","Barnsley","E02001531","Barnsley 023",,,2753,455,796,124,153,197,96,876,0,56
"D","Yorkshire and The Humber",,,"00CC","Barnsley","E02001532","Barnsley 024",,,3551,798,1136,123,168,199,99,991,0,37
"D","Yorkshire and The Humber",,,"00CC","Barnsley","E02001533","Barnsley 025",,,2813,580,859,140,123,246,110,724,0,31
"D","Yorkshire and The Humber",,,"00CC","Barnsley","E02001534","Barnsley 026",,,3019,576,1000,136,138,255,115,754,0,45
"D","Yorkshire and The Humber",,,"00CC","Barnsley","E02001535","Barnsley 027",,,2318,496,935,69,114,70,63,546,0,25
"D","Yorkshire and The Humber",,,"00CC","Barnsley","E02001536","Barnsley 028",,,3398,562,1158,119,191,179,137,1021,0,31
"D","Yorkshire and The Humber",,,"00CC","Barnsley","E02001537","Barnsley 029",,,3037,546,957,137,170,232,97,870,0,28
"D","Yorkshire and The Humber",,,"00CC","Barnsley","E02001538","Barnsley 030",,,3300,582,1096,171,145,277,120,867,0,42
"D","Yorkshire and The Humber",,,"00CE","Doncaster","E02001539","Doncaster 001",,,2318,489,695,132,98,246,77,538,0,43
"D","Yorkshire and The Humber",,,"00CE","Doncaster","E02001540","Doncaster 002",,,4428,838,1503,238,228,337,163,1070,0,51
"D","Yorkshire and The Humber",,,"00CE","Doncaster","E02001541","Doncaster 003",,,4441,782,1488,179,250,381,168,1140,0,53
"D","Yorkshire and The Humber",,,"00CE","Doncaster","E02001542","Doncaster 004",,,2964,518,916,163,121,317,98,798,0,33
"D","Yorkshire and The Humber",,,"00CE","Doncaster","E02001543","Doncaster 005",,,3489,596,1076,198,149,312,142,972,0,44
"D","Yorkshire and The Humber",,,"00CE","Doncaster","E02001544","Doncaster 006",,,3391,675,1070,182,184,301,85,848,3,43
"D","Yorkshire and The Humber",,,"00CE","Doncaster","E02001545","Doncaster 007",,,3522,792,1292,125,220,147,94,817,0,35
"D","Yorkshire and The Humber",,,"00CE","Doncaster","E02001546","Doncaster 008",,,2682,571,1115,72,119,101,86,591,0,27
"D","Yorkshire and The Humber",,,"00CE","Doncaster","E02001547","Doncaster 009",,,4041,799,1142,227,184,427,161,1038,0,63
"D","Yorkshire and The Humber",,,"00CE","Doncaster","E02001548","Doncaster 010",,,3092,503,779,158,152,330,125,991,0,54
"D","Yorkshire and The Humber",,,"00CE","Doncaster","E02001549","Doncaster 011",,,2431,536,860,99,142,115,69,579,0,31
"D","Yorkshire and The Humber",,,"00CE","Doncaster","E02001550","Doncaster 012",,,2989,551,943,150,161,190,123,829,0,42
"D","Yorkshire and The Humber",,,"00CE","Doncaster","E02001551","Doncaster 013",,,2595,455,735,147,161,201,78,770,0,48
"D","Yorkshire and The Humber",,,"00CE","Doncaster","E02001552","Doncaster 014",,,2329,430,691,113,113,191,83,680,0,28
"D","Yorkshire and The Humber",,,"00CE","Doncaster","E02001553","Doncaster 015",,,4029,672,1219,176,203,335,162,1201,3,58
"D","Yorkshire and The Humber",,,"00CE","Doncaster","E02001554","Doncaster 016",,,2642,640,946,93,150,155,69,561,0,28
"D","Yorkshire and The Humber",,,"00CE","Doncaster","E02001555","Doncaster 017",,,2444,520,876,95,144,111,75,608,0,15
"D","Yorkshire and The Humber",,,"00CE","Doncaster","E02001556","Doncaster 018",,,3687,619,1033,221,148,384,163,1057,0,62
"D","Yorkshire and The Humber",,,"00CE","Doncaster","E02001557","Doncaster 019",,,3796,637,917,140,229,192,111,1436,3,131
"D","Yorkshire and The Humber",,,"00CE","Doncaster","E02001558","Doncaster 020",,,2610,500,1095,79,145,112,67,587,0,25
"D","Yorkshire and The Humber",,,"00CE","Doncaster","E02001559","Doncaster 021",,,3047,766,1109,99,156,146,85,657,0,29
"D","Yorkshire and The Humber",,,"00CE","Doncaster","E02001560","Doncaster 022",,,4007,489,714,200,270,389,124,1690,0,131
"D","Yorkshire and The Humber",,,"00CE","Doncaster","E02001561","Doncaster 023",,,2757,357,578,117,154,209,95,1174,0,73
"D","Yorkshire and The Humber",,,"00CE","Doncaster","E02001562","Doncaster 024",,,2562,364,882,103,87,192,110,788,0,36
"D","Yorkshire and The Humber",,,"00CE","Doncaster","E02001563","Doncaster 025",,,3042,610,1222,61,121,148,84,760,0,36
"D","Yorkshire and The Humber",,,"00CE","Doncaster","E02001564","Doncaster 026",,,2960,727,1268,86,126,91,80,546,0,36
"D","Yorkshire and The Humber",,,"00CE","Doncaster","E02001565","Doncaster 027",,,2420,643,965,42,89,77,39,549,0,16
"D","Yorkshire and The Humber",,,"00CE","Doncaster","E02001566","Doncaster 028",,,2434,388,522,122,158,268,75,847,0,54
"D","Yorkshire and The Humber",,,"00CE","Doncaster","E02001567","Doncaster 029",,,3517,618,1012,203,182,410,121,923,0,48
"D","Yorkshire and The Humber",,,"00CE","Doncaster","E02001568","Doncaster 030",,,2567,427,762,104,109,193,107,837,0,28
"D","Yorkshire and The Humber",,,"00CE","Doncaster","E02001569","Doncaster 031",,,3719,657,986,189,229,359,117,1125,0,57
"D","Yorkshire and The Humber",,,"00CE","Doncaster","E02001570","Doncaster 032",,,2770,388,737,107,122,282,98,975,3,58
"D","Yorkshire and The Humber",,,"00CE","Doncaster","E02001571","Doncaster 033",,,2456,463,985,67,121,115,80,601,0,24
"D","Yorkshire and The Humber",,,"00CE","Doncaster","E02001572","Doncaster 034",,,3127,527,883,204,171,347,91,868,0,36
"D","Yorkshire and The Humber",,,"00CE","Doncaster","E02001573","Doncaster 035",,,3080,652,968,168,132,284,124,708,0,44
"D","Yorkshire and The Humber",,,"00CE","Doncaster","E02001574","Doncaster 036",,,2388,545,875,86,176,116,65,495,0,30
"D","Yorkshire and The Humber",,,"00CE","Doncaster","E02001575","Doncaster 037",,,2879,558,734,186,131,346,125,750,0,49
"D","Yorkshire and The Humber",,,"00CE","Doncaster","E02001576","Doncaster 038",,,2146,468,647,104,130,169,67,531,0,30
"D","Yorkshire and The Humber",,,"00CE","Doncaster","E02001577","Doncaster 039",,,2904,580,1107,70,132,84,87,820,0,24
"D","Yorkshire and The Humber",,,"00CF","Rotherham","E02001578","Rotherham 001",,,3180,591,955,170,197,252,100,869,0,46
"D","Yorkshire and The Humber",,,"00CF","Rotherham","E02001579","Rotherham 002",,,3853,677,1206,147,171,322,130,1154,0,46
"D","Yorkshire and The Humber",,,"00CF","Rotherham","E02001580","Rotherham 003",,,3642,660,1228,142,194,233,109,1047,0,29
"D","Yorkshire and The Humber",,,"00CF","Rotherham","E02001581","Rotherham 004",,,2417,490,797,112,130,191,68,601,0,28
"D","Yorkshire and The Humber",,,"00CF","Rotherham","E02001582","Rotherham 005",,,2980,585,1008,134,126,208,118,766,0,35
"D","Yorkshire and The Humber",,,"00CF","Rotherham","E02001583","Rotherham 006",,,2256,442,702,118,107,187,94,589,0,17
"D","Yorkshire and The Humber",,,"00CF","Rotherham","E02001584","Rotherham 007",,,2811,711,955,89,170,138,73,643,0,32
"D","Yorkshire and The Humber",,,"00CF","Rotherham","E02001585","Rotherham 008",,,2565,434,590,128,141,234,82,912,0,44
"D","Yorkshire and The Humber",,,"00CF","Rotherham","E02001586","Rotherham 009",,,3933,541,1145,140,197,235,135,1483,0,57
"D","Yorkshire and The Humber",,,"00CF","Rotherham","E02001587","Rotherham 010",,,2634,414,734,136,128,251,115,825,0,31
"D","Yorkshire and The Humber",,,"00CF","Rotherham","E02001588","Rotherham 011",,,3004,529,937,150,92,301,152,813,0,30
"D","Yorkshire and The Humber",,,"00CF","Rotherham","E02001589","Rotherham 012",,,2454,491,900,72,148,111,78,636,0,18
"D","Yorkshire and The Humber",,,"00CF","Rotherham","E02001590","Rotherham 013",,,2925,489,639,218,101,498,115,800,0,65
"D","Yorkshire and The Humber",,,"00CF","Rotherham","E02001591","Rotherham 014",,,3204,592,710,167,158,398,117,1000,3,59
"D","Yorkshire and The Humber",,,"00CF","Rotherham","E02001592","Rotherham 015",,,3674,835,1256,165,165,263,116,842,0,32
"D","Yorkshire and The Humber",,,"00CF","Rotherham","E02001593","Rotherham 016",,,2726,442,520,120,155,354,93,968,0,74
"D","Yorkshire and The Humber",,,"00CF","Rotherham","E02001594","Rotherham 017",,,2672,414,472,96,165,225,74,1114,0,112
"D","Yorkshire and The Humber",,,"00CF","Rotherham","E02001595","Rotherham 018",,,3578,938,1228,172,229,196,83,706,0,26
"D","Yorkshire and The Humber",,,"00CF","Rotherham","E02001596","Rotherham 019",,,3621,787,1229,121,197,216,105,927,0,39
"D","Yorkshire and The Humber",,,"00CF","Rotherham","E02001597","Rotherham 020",,,3960,702,1070,186,175,422,135,1218,0,52
"D","Yorkshire and The Humber",,,"00CF","Rotherham","E02001598","Rotherham 021",,,3980,791,1426,117,160,254,106,1082,0,44
"D","Yorkshire and The Humber",,,"00CF","Rotherham","E02001599","Rotherham 022",,,2416,576,902,82,107,96,62,574,0,17
"D","Yorkshire and The Humber",,,"00CF","Rotherham","E02001600","Rotherham 023",,,3877,883,1439,102,133,159,105,1008,0,48
"D","Yorkshire and The Humber",,,"00CF","Rotherham","E02001601","Rotherham 024",,,2154,417,817,58,93,119,85,542,0,23
"D","Yorkshire and The Humber",,,"00CF","Rotherham","E02001602","Rotherham 025",,,3740,743,1374,150,201,234,97,904,0,37
"D","Yorkshire and The Humber",,,"00CF","Rotherham","E02001603","Rotherham 026",,,2594,530,885,97,117,166,95,673,0,31
"D","Yorkshire and The Humber",,,"00CF","Rotherham","E02001604","Rotherham 027",,,2900,617,939,172,215,186,81,663,0,27
"D","Yorkshire and The Humber",,,"00CF","Rotherham","E02001605","Rotherham 028",,,2498,535,864,95,141,129,52,649,0,33
"D","Yorkshire and The Humber",,,"00CF","Rotherham","E02001606","Rotherham 029",,,3280,698,1060,155,157,242,102,813,0,53
"D","Yorkshire and The Humber",,,"00CF","Rotherham","E02001607","Rotherham 030",,,3652,729,1224,140,156,302,147,922,0,32
"D","Yorkshire and The Humber",,,"00CF","Rotherham","E02001608","Rotherham 031",,,2401,510,916,95,129,125,74,532,0,20
"D","Yorkshire and The Humber",,,"00CF","Rotherham","E02001609","Rotherham 032",,,3495,742,1405,120,141,187,93,782,0,25
"D","Yorkshire and The Humber",,,"00CF","Rotherham","E02001610","Rotherham 033",,,3203,627,1231,104,179,159,90,771,0,42
"D","Yorkshire and The Humber",,,"00CG","Sheffield","E02001611","Sheffield 001",,,3314,569,1104,145,183,183,108,986,3,33
"D","Yorkshire and The Humber",,,"00CG","Sheffield","E02001612","Sheffield 002",,,2494,494,845,103,185,117,80,647,0,23
"D","Yorkshire and The Humber",,,"00CG","Sheffield","E02001613","Sheffield 003",,,4505,945,1541,184,281,267,147,1087,3,50
"D","Yorkshire and The Humber",,,"00CG","Sheffield","E02001614","Sheffield 004",,,4316,925,1571,144,304,167,143,1011,0,51
"D","Yorkshire and The Humber",,,"00CG","Sheffield","E02001615","Sheffield 005",,,3048,618,1302,67,185,80,85,675,5,31
"D","Yorkshire and The Humber",,,"00CG","Sheffield","E02001616","Sheffield 006",,,3042,489,1036,117,139,164,115,939,3,40
"D","Yorkshire and The Humber",,,"00CG","Sheffield","E02001617","Sheffield 007",,,2343,328,598,174,104,362,113,615,7,42
"D","Yorkshire and The Humber",,,"00CG","Sheffield","E02001618","Sheffield 008",,,3024,632,1145,105,162,143,92,712,3,30
"D","Yorkshire and The Humber",,,"00CG","Sheffield","E02001619","Sheffield 009",,,4251,590,1132,236,172,414,209,1418,8,72
"D","Yorkshire and The Humber",,,"00CG","Sheffield","E02001620","Sheffield 010",,,2558,364,673,162,141,359,113,704,4,38
"D","Yorkshire and The Humber",,,"00CG","Sheffield","E02001621","Sheffield 011",,,2594,328,639,141,132,270,111,920,4,49
"D","Yorkshire and The Humber",,,"00CG","Sheffield","E02001622","Sheffield 012",,,4071,534,1059,204,243,375,184,1365,11,96
"D","Yorkshire and The Humber",,,"00CG","Sheffield","E02001623","Sheffield 013",,,3186,407,756,153,100,386,122,1202,5,55
"D","Yorkshire and The Humber",,,"00CG","Sheffield","E02001624","Sheffield 014",,,3627,740,1079,178,244,288,98,944,0,56
"D","Yorkshire and The Humber",,,"00CG","Sheffield","E02001625","Sheffield 015",,,3172,443,835,203,156,443,168,862,6,56
"D","Yorkshire and The Humber",,,"00CG","Sheffield","E02001626","Sheffield 016",,,2426,499,788,114,154,161,72,599,3,36
"D","Yorkshire and The Humber",,,"00CG","Sheffield","E02001627","Sheffield 017",,,2667,433,583,129,231,219,93,890,6,83
"D","Yorkshire and The Humber",,,"00CG","Sheffield","E02001628","Sheffield 018",,,2222,461,509,58,84,229,100,688,27,66
"D","Yorkshire and The Humber",,,"00CG","Sheffield","E02001629","Sheffield 019",,,2777,319,631,124,160,247,94,1133,10,59
"D","Yorkshire and The Humber",,,"00CG","Sheffield","E02001630","Sheffield 020",,,2803,610,574,96,118,252,95,954,14,90
"D","Yorkshire and The Humber",,,"00CG","Sheffield","E02001631","Sheffield 021",,,3266,611,974,157,233,176,129,922,0,64
"D","Yorkshire and The Humber",,,"00CG","Sheffield","E02001632","Sheffield 022",,,3733,581,636,100,163,462,158,1460,24,149
"D","Yorkshire and The Humber",,,"00CG","Sheffield","E02001633","Sheffield 023",,,3139,713,1185,63,175,108,96,766,7,26
"D","Yorkshire and The Humber",,,"00CG","Sheffield","E02001634","Sheffield 024",,,4231,551,1032,150,453,200,138,1342,123,242
"D","Yorkshire and The Humber",,,"00CG","Sheffield","E02001635","Sheffield 025",,,2928,390,978,89,140,149,87,1062,3,30
"D","Yorkshire and The Humber",,,"00CG","Sheffield","E02001636","Sheffield 026",,,3816,332,740,119,249,294,136,1732,64,150
"D","Yorkshire and The Humber",,,"00CG","Sheffield","E02001637","Sheffield 027",,,2209,497,473,66,67,213,100,685,40,68
"D","Yorkshire and The Humber",,,"00CG","Sheffield","E02001638","Sheffield 028",,,2279,228,350,44,234,85,52,579,460,247
"D","Yorkshire and The Humber",,,"00CG","Sheffield","E02001639","Sheffield 029",,,2747,293,587,52,269,121,78,951,186,210
"D","Yorkshire and The Humber",,,"00CG","Sheffield","E02001640","Sheffield 030",,,2804,269,353,59,228,97,54,1096,462,186
"D","Yorkshire and The Humber",,,"00CG","Sheffield","E02001641","Sheffield 031",,,2499,142,133,32,154,162,42,1238,436,160
"D","Yorkshire and The Humber",,,"00CG","Sheffield","E02001642","Sheffield 032",,,3878,681,1256,155,220,171,147,1177,3,68
"D","Yorkshire and The Humber",,,"00CG","Sheffield","E02001643","Sheffield 033",,,2685,605,969,32,100,67,65,793,7,47
"D","Yorkshire and The Humber",,,"00CG","Sheffield","E02001644","Sheffield 034",,,2677,285,550,169,156,379,109,923,22,84
"D","Yorkshire and The Humber",,,"00CG","Sheffield","E02001645","Sheffield 035",,,3082,270,550,68,190,191,108,1459,105,141
"D","Yorkshire and The Humber",,,"00CG","Sheffield","E02001646","Sheffield 036",,,2638,307,395,59,224,86,67,909,415,176
"D","Yorkshire and The Humber",,,"00CG","Sheffield","E02001647","Sheffield 037",,,2679,418,896,102,128,123,97,880,5,30
"D","Yorkshire and The Humber",,,"00CG","Sheffield","E02001648","Sheffield 038",,,2525,426,655,46,202,83,46,930,59,78
"D","Yorkshire and The Humber",,,"00CG","Sheffield","E02001649","Sheffield 039",,,4027,434,839,199,167,565,219,1525,0,79
"D","Yorkshire and The Humber",,,"00CG","Sheffield","E02001650","Sheffield 040",,,2723,245,253,64,158,210,84,1314,225,170
"D","Yorkshire and The Humber",,,"00CG","Sheffield","E02001651","Sheffield 041",,,3054,799,1229,49,107,82,69,679,9,31
"D","Yorkshire and The Humber",,,"00CG","Sheffield","E02001652","Sheffield 042",,,2709,362,389,58,196,166,111,876,299,252
"D","Yorkshire and The Humber",,,"00CG","Sheffield","E02001653","Sheffield 043",,,2548,221,592,113,122,268,129,907,119,77
"D","Yorkshire and The Humber",,,"00CG","Sheffield","E02001654","Sheffield 044",,,2425,568,864,109,134,184,82,449,3,32
"D","Yorkshire and The Humber",,,"00CG","Sheffield","E02001655","Sheffield 045",,,3385,520,1018,158,178,298,140,1036,0,37
"D","Yorkshire and The Humber",,,"00CG","Sheffield","E02001656","Sheffield 046",,,2999,435,673,81,261,120,85,796,265,283
"D","Yorkshire and The Humber",,,"00CG","Sheffield","E02001657","Sheffield 047",,,3681,844,963,120,260,172,98,926,109,189
"D","Yorkshire and The Humber",,,"00CG","Sheffield","E02001658","Sheffield 048",,,2586,260,601,144,104,394,128,873,21,61
"D","Yorkshire and The Humber",,,"00CG","Sheffield","E02001659","Sheffield 049",,,2966,371,753,102,159,223,88,1243,0,27
"D","Yorkshire and The Humber",,,"00CG","Sheffield","E02001660","Sheffield 050",,,3786,625,677,127,356,165,106,1354,133,243
"D","Yorkshire and The Humber",,,"00CG","Sheffield","E02001661","Sheffield 051",,,3513,375,790,149,236,306,127,1387,56,87
"D","Yorkshire and The Humber",,,"00CG","Sheffield","E02001662","Sheffield 052",,,3330,476,1140,126,183,202,111,1040,0,52
"D","Yorkshire and The Humber",,,"00CG","Sheffield","E02001663","Sheffield 053",,,3085,491,637,184,324,233,101,944,16,155
"D","Yorkshire and The Humber",,,"00CG","Sheffield","E02001664","Sheffield 054",,,2530,409,977,79,145,145,102,648,3,22
"D","Yorkshire and The Humber",,,"00CG","Sheffield","E02001665","Sheffield 055",,,3631,1044,1338,64,132,117,98,779,7,52
"D","Yorkshire and The Humber",,,"00CG","Sheffield","E02001666","Sheffield 056",,,2510,492,746,111,123,230,102,675,0,31
"D","Yorkshire and The Humber",,,"00CG","Sheffield","E02001667","Sheffield 057",,,2589,575,839,113,183,122,77,641,3,36
"D","Yorkshire and The Humber",,,"00CG","Sheffield","E02001668","Sheffield 058",,,2731,317,840,141,114,304,135,845,5,30
"D","Yorkshire and The Humber",,,"00CG","Sheffield","E02001669","Sheffield 059",,,3282,545,838,136,320,226,99,1018,13,87
"D","Yorkshire and The Humber",,,"00CG","Sheffield","E02001670","Sheffield 060",,,2863,301,723,116,124,283,95,1175,5,41
"D","Yorkshire and The Humber",,,"00CG","Sheffield","E02001671","Sheffield 061",,,2531,512,895,86,172,126,80,633,3,24
"D","Yorkshire and The Humber",,,"00CG","Sheffield","E02001672","Sheffield 062",,,2685,441,978,76,116,107,103,838,0,26
"D","Yorkshire and The Humber",,,"00CG","Sheffield","E02001673","Sheffield 063",,,2147,680,647,99,195,94,33,381,0,18
"D","Yorkshire and The Humber",,,"00CG","Sheffield","E02001674","Sheffield 064",,,3860,765,1422,101,192,98,103,1122,5,52
"D","Yorkshire and The Humber",,,"00CG","Sheffield","E02001675","Sheffield 065",,,3949,626,1229,179,224,307,146,1189,3,46
"D","Yorkshire and The Humber",,,"00CG","Sheffield","E02001676","Sheffield 066",,,2478,589,892,55,133,77,61,632,4,35
"D","Yorkshire and The Humber",,,"00CG","Sheffield","E02001677","Sheffield 067",,,3258,735,1129,96,287,144,77,763,0,27
"D","Yorkshire and The Humber",,,"00CG","Sheffield","E02001678","Sheffield 068",,,4064,866,1612,70,147,108,90,1124,3,44
"D","Yorkshire and The Humber",,,"00CG","Sheffield","E02001679","Sheffield 069",,,3029,364,780,123,124,209,110,1268,5,46
"D","Yorkshire and The Humber",,,"00CG","Sheffield","E02001680","Sheffield 070",,,3103,267,706,116,138,266,127,1443,5,35
"D","Yorkshire and The Humber",,,"00CG","Sheffield","E02001681","Sheffield 071",,,3311,676,1180,60,156,127,93,983,5,31
"D","Yorkshire and The Humber",,,"00CX","Bradford","E02002183","Bradford 001",,,2329,431,802,42,142,67,57,751,0,37
"D","Yorkshire and The Humber",,,"00CX","Bradford","E02002184","Bradford 002",,,5187,1022,1872,103,241,195,117,1548,0,89
"D","Yorkshire and The Humber",,,"00CX","Bradford","E02002185","Bradford 003",,,2260,546,789,55,132,87,50,562,0,39
"D","Yorkshire and The Humber",,,"00CX","Bradford","E02002186","Bradford 004",,,5109,1024,1700,195,345,254,156,1367,3,65
"D","Yorkshire and The Humber",,,"00CX","Bradford","E02002187","Bradford 005",,,2301,580,879,38,111,68,39,561,0,25
"D","Yorkshire and The Humber",,,"00CX","Bradford","E02002188","Bradford 006",,,2537,426,1065,77,149,97,77,619,0,27
"D","Yorkshire and The Humber",,,"00CX","Bradford","E02002189","Bradford 007",,,2140,523,720,59,83,118,62,525,0,50
"D","Yorkshire and The Humber",,,"00CX","Bradford","E02002190","Bradford 008",,,3880,1010,925,146,187,290,107,1121,0,94
"D","Yorkshire and The Humber",,,"00CX","Bradford","E02002191","Bradford 009",,,3448,669,728,179,170,458,138,1036,0,70
"D","Yorkshire and The Humber",,,"00CX","Bradford","E02002192","Bradford 010",,,3244,768,1266,71,132,127,87,753,0,40
"D","Yorkshire and The Humber",,,"00CX","Bradford","E02002193","Bradford 011",,,2708,340,584,125,141,283,96,1059,0,80
"D","Yorkshire and The Humber",,,"00CX","Bradford","E02002194","Bradford 012",,,2896,562,918,151,143,249,102,753,0,18
"D","Yorkshire and The Humber",,,"00CX","Bradford","E02002195","Bradford 013",,,2556,565,886,78,134,97,95,666,0,35
"D","Yorkshire and The Humber",,,"00CX","Bradford","E02002196","Bradford 014",,,2373,524,733,125,170,195,58,533,0,35
"D","Yorkshire and The Humber",,,"00CX","Bradford","E02002197","Bradford 015",,,3299,505,844,131,227,255,100,1180,0,57
"D","Yorkshire and The Humber",,,"00CX","Bradford","E02002198","Bradford 016",,,3529,577,1124,136,215,215,118,1090,0,54
"D","Yorkshire and The Humber",,,"00CX","Bradford","E02002199","Bradford 017",,,2417,517,846,92,183,98,60,583,0,38
"D","Yorkshire and The Humber",,,"00CX","Bradford","E02002200","Bradford 018",,,3888,682,1210,117,228,244,128,1203,3,73
"D","Yorkshire and The Humber",,,"00CX","Bradford","E02002201","Bradford 019",,,4471,771,1141,196,374,268,125,1508,0,88
"D","Yorkshire and The Humber",,,"00CX","Bradford","E02002202","Bradford 020",,,2691,386,627,95,201,180,111,1001,0,90
"D","Yorkshire and The Humber",,,"00CX","Bradford","E02002203","Bradford 021",,,3162,469,811,182,152,356,131,1010,0,51
"D","Yorkshire and The Humber",,,"00CX","Bradford","E02002204","Bradford 022",,,4479,954,1529,143,246,251,149,1157,0,50
"D","Yorkshire and The Humber",,,"00CX","Bradford","E02002205","Bradford 023",,,4011,797,1210,187,296,230,117,1108,3,63
"D","Yorkshire and The Humber",,,"00CX","Bradford","E02002206","Bradford 024",,,3145,630,968,142,169,267,126,788,0,55
"D","Yorkshire and The Humber",,,"00CX","Bradford","E02002207","Bradford 025",,,2122,563,488,66,106,136,90,602,3,68
"D","Yorkshire and The Humber",,,"00CX","Bradford","E02002208","Bradford 026",,,3027,483,822,166,153,327,99,911,0,66
"D","Yorkshire and The Humber",,,"00CX","Bradford","E02002209","Bradford 027",,,2324,340,492,144,113,392,105,680,0,58
"D","Yorkshire and The Humber",,,"00CX","Bradford","E02002210","Bradford 028",,,2796,678,923,106,121,194,91,632,0,51
"D","Yorkshire and The Humber",,,"00CX","Bradford","E02002211","Bradford 029",,,2003,554,476,61,94,133,54,575,0,56
"D","Yorkshire and The Humber",,,"00CX","Bradford","E02002212","Bradford 030",,,2202,458,659,96,105,214,73,557,0,40
"D","Yorkshire and The Humber",,,"00CX","Bradford","E02002213","Bradford 031",,,2499,522,805,90,151,142,68,684,3,34
"D","Yorkshire and The Humber",,,"00CX","Bradford","E02002214","Bradford 032",,,2292,420,718,100,140,172,87,627,0,28
"D","Yorkshire and The Humber",,,"00CX","Bradford","E02002215","Bradford 033",,,2420,1109,409,42,45,176,65,506,3,65
"D","Yorkshire and The Humber",,,"00CX","Bradford","E02002216","Bradford 034",,,2476,767,320,32,74,154,65,1005,4,55
"D","Yorkshire and The Humber",,,"00CX","Bradford","E02002217","Bradford 035",,,2775,593,559,118,147,267,104,924,0,63
"D","Yorkshire and The Humber",,,"00CX","Bradford","E02002218","Bradford 036",,,3476,572,967,180,172,360,121,1042,0,62
"D","Yorkshire and The Humber",,,"00CX","Bradford","E02002219","Bradford 037",,,2002,688,362,42,62,182,77,537,4,48
"D","Yorkshire and The Humber",,,"00CX","Bradford","E02002220","Bradford 038",,,2512,882,442,91,69,342,101,535,0,50
"D","Yorkshire and The Humber",,,"00CX","Bradford","E02002221","Bradford 039",,,3342,785,378,70,121,383,117,1378,5,105
"D","Yorkshire and The Humber",,,"00CX","Bradford","E02002222","Bradford 040",,,2774,477,749,123,118,331,132,791,0,53
"D","Yorkshire and The Humber",,,"00CX","Bradford","E02002223","Bradford 041",,,2021,648,351,38,61,219,76,531,31,66
"D","Yorkshire and The Humber",,,"00CX","Bradford","E02002224","Bradford 042",,,2483,976,359,76,64,255,76,608,0,69
"D","Yorkshire and The Humber",,,"00CX","Bradford","E02002225","Bradford 043",,,2996,533,861,124,238,199,76,917,0,48
"D","Yorkshire and The Humber",,,"00CX","Bradford","E02002226","Bradford 044",,,2894,1028,422,40,128,161,85,597,266,167
"D","Yorkshire and The Humber",,,"00CX","Bradford","E02002227","Bradford 045",,,2328,441,374,89,105,324,82,840,5,68
"D","Yorkshire and The Humber",,,"00CX","Bradford","E02002228","Bradford 046",,,2425,312,541,140,112,326,87,864,0,43
"D","Yorkshire and The Humber",,,"00CX","Bradford","E02002229","Bradford 047",,,2917,551,820,124,171,214,102,880,0,55
"D","Yorkshire and The Humber",,,"00CX","Bradford","E02002230","Bradford 048",,,2539,518,294,80,88,313,98,1013,49,86
"D","Yorkshire and The Humber",,,"00CX","Bradford","E02002231","Bradford 049",,,3688,910,1039,109,171,309,124,949,0,77
"D","Yorkshire and The Humber",,,"00CX","Bradford","E02002232","Bradford 050",,,2500,390,571,108,150,259,76,873,12,61
"D","Yorkshire and The Humber",,,"00CX","Bradford","E02002233","Bradford 051",,,2523,662,436,121,77,417,121,608,8,73
"D","Yorkshire and The Humber",,,"00CX","Bradford","E02002234","Bradford 052",,,3015,321,506,181,151,640,131,1006,3,76
"D","Yorkshire and The Humber",,,"00CX","Bradford","E02002235","Bradford 053",,,2178,485,468,92,97,252,98,641,0,45
"D","Yorkshire and The Humber",,,"00CX","Bradford","E02002236","Bradford 054",,,2447,481,757,107,107,169,73,720,3,30
"D","Yorkshire and The Humber",,,"00CX","Bradford","E02002237","Bradford 055",,,2930,546,893,165,140,302,139,695,3,47
"D","Yorkshire and The Humber",,,"00CX","Bradford","E02002238","Bradford 056",,,2467,395,606,126,148,290,118,745,0,39
"D","Yorkshire and The Humber",,,"00CX","Bradford","E02002239","Bradford 057",,,3159,570,853,172,224,335,115,830,0,60
"D","Yorkshire and The Humber",,,"00CX","Bradford","E02002240","Bradford 058",,,4129,895,1193,190,336,275,112,1062,3,63
"D","Yorkshire and The Humber",,,"00CX","Bradford","E02002241","Bradford 059",,,4498,768,1132,297,252,571,176,1236,0,66
"D","Yorkshire and The Humber",,,"00CX","Bradford","E02002242","Bradford 060",,,3217,580,1106,126,202,197,98,858,0,50
"D","Yorkshire and The Humber",,,"00CX","Bradford","E02002243","Bradford 061",,,3783,654,1110,202,207,350,156,1050,0,54
"D","Yorkshire and The Humber",,,"00CY","Calderdale","E02002244","Calderdale 001",,,2401,491,825,106,122,156,88,590,0,23
"D","Yorkshire and The Humber",,,"00CY","Calderdale","E02002245","Calderdale 002",,,2366,272,468,162,129,368,94,830,0,43
"D","Yorkshire and The Humber",,,"00CY","Calderdale","E02002246","Calderdale 003",,,3839,827,1380,100,207,153,115,1022,0,35
"D","Yorkshire and The Humber",,,"00CY","Calderdale","E02002247","Calderdale 004",,,3942,680,985,214,371,301,113,1188,3,87
"D","Yorkshire and The Humber",,,"00CY","Calderdale","E02002248","Calderdale 005",,,3073,472,791,166,154,378,111,956,0,45
"D","Yorkshire and The Humber",,,"00CY","Calderdale","E02002249","Calderdale 006",,,2360,335,523,169,154,378,69,686,0,46
"D","Yorkshire and The Humber",,,"00CY","Calderdale","E02002250","Calderdale 007",,,3419,617,1030,147,221,202,107,1045,0,50
"D","Yorkshire and The Humber",,,"00CY","Calderdale","E02002251","Calderdale 008",,,3653,371,724,140,249,281,108,1696,3,81
"D","Yorkshire and The Humber",,,"00CY","Calderdale","E02002252","Calderdale 009",,,2430,487,936,80,139,149,51,567,0,21
"D","Yorkshire and The Humber",,,"00CY","Calderdale","E02002253","Calderdale 010",,,2769,450,699,128,164,269,90,912,0,57
"D","Yorkshire and The Humber",,,"00CY","Calderdale","E02002254","Calderdale 011",,,2352,543,826,57,133,119,67,573,0,34
"D","Yorkshire and The Humber",,,"00CY","Calderdale","E02002255","Calderdale 012",,,2317,682,324,62,90,217,70,808,4,60
"D","Yorkshire and The Humber",,,"00CY","Calderdale","E02002256","Calderdale 013",,,3812,602,932,201,246,341,147,1282,0,61
"D","Yorkshire and The Humber",,,"00CY","Calderdale","E02002257","Calderdale 014",,,2067,541,394,91,120,179,68,624,0,50
"D","Yorkshire and The Humber",,,"00CY","Calderdale","E02002258","Calderdale 015",,,3356,603,1042,128,189,180,91,1071,0,52
"D","Yorkshire and The Humber",,,"00CY","Calderdale","E02002259","Calderdale 016",,,2543,488,718,100,181,124,62,821,0,49
"D","Yorkshire and The Humber",,,"00CY","Calderdale","E02002260","Calderdale 017",,,3751,561,993,213,258,278,97,1285,0,66
"D","Yorkshire and The Humber",,,"00CY","Calderdale","E02002261","Calderdale 018",,,3243,561,921,155,199,284,104,969,0,50
"D","Yorkshire and The Humber",,,"00CY","Calderdale","E02002262","Calderdale 019",,,3447,561,1004,133,236,228,103,1141,0,41
"D","Yorkshire and The Humber",,,"00CY","Calderdale","E02002263","Calderdale 020",,,2540,484,783,119,161,198,82,674,0,39
"D","Yorkshire and The Humber",,,"00CY","Calderdale","E02002264","Calderdale 021",,,2678,550,848,78,156,116,82,801,3,44
"D","Yorkshire and The Humber",,,"00CY","Calderdale","E02002265","Calderdale 022",,,2338,385,676,112,169,146,64,745,0,41
"D","Yorkshire and The Humber",,,"00CY","Calderdale","E02002266","Calderdale 023",,,2468,497,860,111,165,135,53,616,0,31
"D","Yorkshire and The Humber",,,"00CY","Calderdale","E02002267","Calderdale 024",,,3160,573,1025,134,154,223,90,926,0,35
"D","Yorkshire and The Humber",,,"00CY","Calderdale","E02002268","Calderdale 025",,,3970,607,1096,190,268,381,149,1207,0,72
"D","Yorkshire and The Humber",,,"00CY","Calderdale","E02002269","Calderdale 026",,,3694,805,1131,169,282,248,99,927,0,33
"D","Yorkshire and The Humber",,,"00CY","Calderdale","E02002270","Calderdale 027",,,2950,697,945,114,247,145,68,699,0,35
"D","Yorkshire and The Humber",,,"00CZ","Kirklees","E02002271","Kirklees 001",,,2792,553,959,99,162,126,92,774,0,27
"D","Yorkshire and The Humber",,,"00CZ","Kirklees","E02002272","Kirklees 002",,,4057,697,1130,185,218,331,129,1313,3,51
"D","Yorkshire and The Humber",,,"00CZ","Kirklees","E02002273","Kirklees 003",,,2488,448,837,117,133,160,75,692,0,26
"D","Yorkshire and The Humber",,,"00CZ","Kirklees","E02002274","Kirklees 004",,,2434,527,828,88,144,155,65,606,0,21
"D","Yorkshire and The Humber",,,"00CZ","Kirklees","E02002275","Kirklees 005",,,3466,541,980,145,213,205,103,1241,0,38
"D","Yorkshire and The Humber",,,"00CZ","Kirklees","E02002276","Kirklees 006",,,2837,565,928,140,147,262,81,690,3,21
"D","Yorkshire and The Humber",,,"00CZ","Kirklees","E02002277","Kirklees 007",,,2452,516,769,94,98,180,65,685,4,41
"D","Yorkshire and The Humber",,,"00CZ","Kirklees","E02002278","Kirklees 008",,,2454,491,708,123,146,206,56,704,0,20
"D","Yorkshire and The Humber",,,"00CZ","Kirklees","E02002279","Kirklees 009",,,2540,428,658,104,151,222,83,860,0,34
"D","Yorkshire and The Humber",,,"00CZ","Kirklees","E02002280","Kirklees 010",,,2131,486,427,73,46,235,62,764,5,33
"D","Yorkshire and The Humber",,,"00CZ","Kirklees","E02002281","Kirklees 011",,,3975,906,1165,183,219,274,137,1050,0,41
"D","Yorkshire and The Humber",,,"00CZ","Kirklees","E02002282","Kirklees 012",,,2308,590,606,81,107,173,79,631,3,38
"D","Yorkshire and The Humber",,,"00CZ","Kirklees","E02002283","Kirklees 013",,,2442,893,498,54,72,187,71,618,14,35
"D","Yorkshire and The Humber",,,"00CZ","Kirklees","E02002284","Kirklees 014",,,2553,494,849,105,142,128,75,737,0,23
"D","Yorkshire and The Humber",,,"00CZ","Kirklees","E02002285","Kirklees 015",,,3077,651,1111,117,166,160,87,763,0,22
"D","Yorkshire and The Humber",,,"00CZ","Kirklees","E02002286","Kirklees 016",,,2235,435,532,109,139,214,65,708,0,33
"D","Yorkshire and The Humber",,,"00CZ","Kirklees","E02002287","Kirklees 017",,,2196,444,490,71,107,134,67,834,7,42
"D","Yorkshire and The Humber",,,"00CZ","Kirklees","E02002288","Kirklees 018",,,3504,637,868,209,183,396,112,1059,0,40
"D","Yorkshire and The Humber",,,"00CZ","Kirklees","E02002289","Kirklees 019",,,2068,546,441,104,90,264,66,525,0,32
"D","Yorkshire and The Humber",,,"00CZ","Kirklees","E02002290","Kirklees 020",,,2545,535,1015,68,101,107,88,623,0,8
"D","Yorkshire and The Humber",,,"00CZ","Kirklees","E02002291","Kirklees 021",,,2510,533,883,103,121,188,90,569,3,20
"D","Yorkshire and The Humber",,,"00CZ","Kirklees","E02002292","Kirklees 022",,,2224,522,722,75,99,146,67,568,3,22
"D","Yorkshire and The Humber",,,"00CZ","Kirklees","E02002293","Kirklees 023",,,2475,618,419,94,90,247,56,892,4,55
"D","Yorkshire and The Humber",,,"00CZ","Kirklees","E02002294","Kirklees 024",,,2930,1098,632,93,95,183,64,726,8,31
"D","Yorkshire and The Humber",,,"00CZ","Kirklees","E02002295","Kirklees 025",,,2602,273,472,116,129,469,113,972,10,48
"D","Yorkshire and The Humber",,,"00CZ","Kirklees","E02002296","Kirklees 026",,,2723,471,950,78,153,124,85,832,0,30
"D","Yorkshire and The Humber",,,"00CZ","Kirklees","E02002297","Kirklees 027",,,2522,559,889,66,141,94,53,677,11,32
"D","Yorkshire and The Humber",,,"00CZ","Kirklees","E02002298","Kirklees 028",,,2809,504,906,137,120,290,86,745,0,21
"D","Yorkshire and The Humber",,,"00CZ","Kirklees","E02002299","Kirklees 029",,,2570,315,410,114,108,405,78,1017,55,68
"D","Yorkshire and The Humber",,,"00CZ","Kirklees","E02002300","Kirklees 030",,,2552,554,886,58,102,98,70,752,3,29
"D","Yorkshire and The Humber",,,"00CZ","Kirklees","E02002301","Kirklees 031",,,2356,468,421,49,136,168,85,860,77,92
"D","Yorkshire and The Humber",,,"00CZ","Kirklees","E02002302","Kirklees 032",,,2220,480,770,73,116,122,56,578,0,25
"D","Yorkshire and The Humber",,,"00CZ","Kirklees","E02002303","Kirklees 033",,,2597,440,752,84,154,170,84,860,12,41
"D","Yorkshire and The Humber",,,"00CZ","Kirklees","E02002304","Kirklees 034",,,2843,340,574,50,170,130,63,1414,42,60
"D","Yorkshire and The Humber",,,"00CZ","Kirklees","E02002305","Kirklees 035",,,2508,349,536,136,115,343,91,866,30,42
"D","Yorkshire and The Humber",,,"00CZ","Kirklees","E02002306","Kirklees 036",,,2473,581,821,91,118,113,65,666,3,15
"D","Yorkshire and The Humber",,,"00CZ","Kirklees","E02002307","Kirklees 037",,,2516,435,727,116,131,187,104,766,6,44
"D","Yorkshire and The Humber",,,"00CZ","Kirklees","E02002308","Kirklees 038",,,2580,427,716,93,194,204,74,829,6,37
"D","Yorkshire and The Humber",,,"00CZ","Kirklees","E02002309","Kirklees 039",,,2567,368,546,56,140,180,78,1080,57,62
"D","Yorkshire and The Humber",,,"00CZ","Kirklees","E02002310","Kirklees 040",,,2469,337,616,106,140,211,76,899,43,41
"D","Yorkshire and The Humber",,,"00CZ","Kirklees","E02002311","Kirklees 041",,,2578,482,654,127,188,210,91,783,3,40
"D","Yorkshire and The Humber",,,"00CZ","Kirklees","E02002312","Kirklees 042",,,2626,288,527,107,170,251,68,1045,105,65
"D","Yorkshire and The Humber",,,"00CZ","Kirklees","E02002313","Kirklees 043",,,2315,529,399,61,142,198,70,793,54,69
"D","Yorkshire and The Humber",,,"00CZ","Kirklees","E02002314","Kirklees 044",,,2504,423,878,93,105,184,76,712,11,22
"D","Yorkshire and The Humber",,,"00CZ","Kirklees","E02002315","Kirklees 045",,,2786,458,653,129,196,259,93,946,8,44
"D","Yorkshire and The Humber",,,"00CZ","Kirklees","E02002316","Kirklees 046",,,2525,484,912,96,127,131,76,662,9,28
"D","Yorkshire and The Humber",,,"00CZ","Kirklees","E02002317","Kirklees 047",,,2768,412,707,104,135,276,88,986,3,57
"D","Yorkshire and The Humber",,,"00CZ","Kirklees","E02002318","Kirklees 048",,,2804,382,721,88,142,249,97,1059,27,39
"D","Yorkshire and The Humber",,,"00CZ","Kirklees","E02002319","Kirklees 049",,,2683,431,791,137,179,183,84,837,4,37
"D","Yorkshire and The Humber",,,"00CZ","Kirklees","E02002320","Kirklees 050",,,2745,477,875,73,154,144,70,916,0,36
"D","Yorkshire and The Humber",,,"00CZ","Kirklees","E02002321","Kirklees 051",,,2294,488,829,47,113,118,56,610,0,33
"D","Yorkshire and The Humber",,,"00CZ","Kirklees","E02002322","Kirklees 052",,,2564,463,790,118,159,187,83,735,0,29
"D","Yorkshire and The Humber",,,"00CZ","Kirklees","E02002323","Kirklees 053",,,3357,667,1178,118,182,152,75,946,0,39
"D","Yorkshire and The Humber",,,"00CZ","Kirklees","E02002324","Kirklees 054",,,2526,525,936,79,148,117,56,649,0,16
"D","Yorkshire and The Humber",,,"00CZ","Kirklees","E02002325","Kirklees 055",,,3257,689,1056,127,164,247,92,837,7,38
"D","Yorkshire and The Humber",,,"00CZ","Kirklees","E02002326","Kirklees 056",,,2358,618,802,69,152,117,54,521,3,22
"D","Yorkshire and The Humber",,,"00CZ","Kirklees","E02002327","Kirklees 057",,,3602,818,1350,123,199,162,76,835,3,36
"D","Yorkshire and The Humber",,,"00CZ","Kirklees","E02002328","Kirklees 058",,,2658,576,913,77,181,153,53,668,8,29
"D","Yorkshire and The Humber",,,"00CZ","Kirklees","E02002329","Kirklees 059",,,4472,992,1447,143,300,277,132,1136,8,37
"D","Yorkshire and The Humber",,,"00DA","Leeds","E02002330","Leeds 001",,,2803,707,1190,51,114,95,81,526,0,39
"D","Yorkshire and The Humber",,,"00DA","Leeds","E02002331","Leeds 002",,,2389,366,767,61,132,115,94,807,3,44
"D","Yorkshire and The Humber",,,"00DA","Leeds","E02002332","Leeds 003",,,2506,504,841,108,109,172,78,664,0,30
"D","Yorkshire and The Humber",,,"00DA","Leeds","E02002333","Leeds 004",,,3526,611,1072,129,237,150,89,1150,3,85
"D","Yorkshire and The Humber",,,"00DA","Leeds","E02002334","Leeds 005",,,3033,655,1106,68,169,114,81,813,0,27
"D","Yorkshire and The Humber",,,"00DA","Leeds","E02002335","Leeds 006",,,3021,749,1238,63,121,106,68,639,0,37
"D","Yorkshire and The Humber",,,"00DA","Leeds","E02002336","Leeds 007",,,2579,586,1027,40,117,92,66,604,0,47
"D","Yorkshire and The Humber",,,"00DA","Leeds","E02002337","Leeds 008",,,2317,570,943,65,90,84,69,468,0,28
"D","Yorkshire and The Humber",,,"00DA","Leeds","E02002338","Leeds 009",,,2559,522,813,88,148,133,89,699,4,63
"D","Yorkshire and The Humber",,,"00DA","Leeds","E02002339","Leeds 010",,,2655,412,690,119,203,193,92,890,0,56
"D","Yorkshire and The Humber",,,"00DA","Leeds","E02002340","Leeds 011",,,2486,419,817,68,187,129,84,729,4,49
"D","Yorkshire and The Humber",,,"00DA","Leeds","E02002341","Leeds 012",,,3001,786,1163,57,113,78,77,677,3,47
"D","Yorkshire and The Humber",,,"00DA","Leeds","E02002342","Leeds 013",,,2614,531,957,63,116,117,74,719,0,37
"D","Yorkshire and The Humber",,,"00DA","Leeds","E02002343","Leeds 014",,,2382,540,735,82,187,119,67,608,3,41
"D","Yorkshire and The Humber",,,"00DA","Leeds","E02002344","Leeds 015",,,3298,685,1025,55,199,151,83,1023,0,77
"D","Yorkshire and The Humber",,,"00DA","Leeds","E02002345","Leeds 016",,,2488,635,863,42,104,72,51,668,3,50
"D","Yorkshire and The Humber",,,"00DA","Leeds","E02002346","Leeds 017",,,2732,415,779,90,152,244,110,891,5,46
"D","Yorkshire and The Humber",,,"00DA","Leeds","E02002347","Leeds 018",,,2669,412,582,90,113,307,116,999,3,47
"D","Yorkshire and The Humber",,,"00DA","Leeds","E02002348","Leeds 019",,,2686,462,726,90,130,219,107,877,0,75
"D","Yorkshire and The Humber",,,"00DA","Leeds","E02002349","Leeds 020",,,2410,444,632,55,180,128,56,795,4,116
"D","Yorkshire and The Humber",,,"00DA","Leeds","E02002350","Leeds 021",,,2360,517,1006,38,118,73,49,490,8,61
"D","Yorkshire and The Humber",,,"00DA","Leeds","E02002351","Leeds 022",,,2199,527,940,42,104,77,59,421,3,26
"D","Yorkshire and The Humber",,,"00DA","Leeds","E02002352","Leeds 023",,,3078,674,849,62,217,111,80,982,0,103
"D","Yorkshire and The Humber",,,"00DA","Leeds","E02002353","Leeds 024",,,2254,615,559,52,150,157,80,545,0,96
"D","Yorkshire and The Humber",,,"00DA","Leeds","E02002354","Leeds 025",,,3231,691,950,62,135,175,128,998,5,87
"D","Yorkshire and The Humber",,,"00DA","Leeds","E02002355","Leeds 026",,,2468,382,432,24,100,48,29,1354,30,69
"D","Yorkshire and The Humber",,,"00DA","Leeds","E02002356","Leeds 027",,,3148,672,1061,62,237,111,73,848,3,81
"D","Yorkshire and The Humber",,,"00DA","Leeds","E02002357","Leeds 028",,,3349,527,922,113,284,224,107,1048,14,110
"D","Yorkshire and The Humber",,,"00DA","Leeds","E02002358","Leeds 029",,,3156,647,1006,123,130,254,112,849,4,31
"D","Yorkshire and The Humber",,,"00DA","Leeds","E02002359","Leeds 030",,,2629,527,1027,70,153,80,66,672,0,34
"D","Yorkshire and The Humber",,,"00DA","Leeds","E02002360","Leeds 031",,,2583,433,631,94,203,225,73,782,26,116
"D","Yorkshire and The Humber",,,"00DA","Leeds","E02002361","Leeds 032",,,2388,463,559,91,144,201,72,763,4,91
"D","Yorkshire and The Humber",,,"00DA","Leeds","E02002362","Leeds 033",,,3441,420,774,136,215,363,126,1280,13,114
"D","Yorkshire and The Humber",,,"00DA","Leeds","E02002363","Leeds 034",,,2852,382,574,110,313,194,87,1010,3,179
"D","Yorkshire and The Humber",,,"00DA","Leeds","E02002364","Leeds 035",,,2626,320,554,168,112,313,112,994,0,53
"D","Yorkshire and The Humber",,,"00DA","Leeds","E02002365","Leeds 036",,,2775,333,506,57,290,87,54,1116,92,240
"D","Yorkshire and The Humber",,,"00DA","Leeds","E02002366","Leeds 037",,,2865,602,830,80,155,172,95,835,0,96
"D","Yorkshire and The Humber",,,"00DA","Leeds","E02002367","Leeds 038",,,2486,260,418,121,123,426,132,896,15,95
"D","Yorkshire and The Humber",,,"00DA","Leeds","E02002368","Leeds 039",,,3166,598,1091,91,287,142,77,824,0,56
"D","Yorkshire and The Humber",,,"00DA","Leeds","E02002369","Leeds 040",,,3184,467,666,191,151,484,113,1034,0,78
"D","Yorkshire and The Humber",,,"00DA","Leeds","E02002370","Leeds 041",,,2802,354,670,146,100,407,137,924,3,61
"D","Yorkshire and The Humber",,,"00DA","Leeds","E02002371","Leeds 042",,,3148,389,468,108,132,475,155,1283,8,130
"D","Yorkshire and The Humber",,,"00DA","Leeds","E02002372","Leeds 043",,,3097,95,181,25,180,43,25,2080,303,165
"D","Yorkshire and The Humber",,,"00DA","Leeds","E02002373","Leeds 044",,,2467,154,230,38,244,67,39,666,626,403
"D","Yorkshire and The Humber",,,"00DA","Leeds","E02002374","Leeds 045",,,2840,301,596,64,259,210,95,1045,50,220
"D","Yorkshire and The Humber",,,"00DA","Leeds","E02002375","Leeds 046",,,2269,292,497,161,149,355,79,687,0,49
"D","Yorkshire and The Humber",,,"00DA","Leeds","E02002376","Leeds 047",,,2295,364,426,118,109,426,99,690,3,60
"D","Yorkshire and The Humber",,,"00DA","Leeds","E02002377","Leeds 048",,,2029,542,247,41,74,267,71,691,11,85
"D","Yorkshire and The Humber",,,"00DA","Leeds","E02002378","Leeds 049",,,2428,91,118,34,273,105,31,1010,470,296
"D","Yorkshire and The Humber",,,"00DA","Leeds","E02002379","Leeds 050",,,2294,320,427,163,110,476,93,659,0,46
"D","Yorkshire and The Humber",,,"00DA","Leeds","E02002380","Leeds 051",,,2418,440,749,99,169,177,76,659,0,49
"D","Yorkshire and The Humber",,,"00DA","Leeds","E02002381","Leeds 052",,,2585,397,657,119,240,234,80,807,0,51
"D","Yorkshire and The Humber",,,"00DA","Leeds","E02002382","Leeds 053",,,2368,409,314,89,167,363,70,808,17,131
"D","Yorkshire and The Humber",,,"00DA","Leeds","E02002383","Leeds 054",,,2391,197,146,22,183,126,29,541,733,414
"D","Yorkshire and The Humber",,,"00DA","Leeds","E02002384","Leeds 055",,,4352,242,374,66,192,411,99,2634,167,167
"D","Yorkshire and The Humber",,,"00DA","Leeds","E02002385","Leeds 056",,,3263,232,355,65,372,245,76,1113,320,485
"D","Yorkshire and The Humber",,,"00DA","Leeds","E02002386","Leeds 057",,,3868,675,1458,101,197,129,120,1120,3,65
"D","Yorkshire and The Humber",,,"00DA","Leeds","E02002387","Leeds 058",,,2404,332,542,143,180,261,83,784,6,73
"D","Yorkshire and The Humber",,,"00DA","Leeds","E02002388","Leeds 059",,,3067,490,683,192,175,400,112,914,3,98
"D","Yorkshire and The Humber",,,"00DA","Leeds","E02002389","Leeds 060",,,2761,290,571,132,117,440,134,1001,0,76
"D","Yorkshire and The Humber",,,"00DA","Leeds","E02002390","Leeds 061",,,2449,407,737,132,111,286,89,639,3,45
"D","Yorkshire and The Humber",,,"00DA","Leeds","E02002391","Leeds 062",,,3355,630,887,117,280,237,114,1016,0,74
"D","Yorkshire and The Humber",,,"00DA","Leeds","E02002392","Leeds 063",,,2666,158,171,24,189,129,45,1498,264,188
"D","Yorkshire and The Humber",,,"00DA","Leeds","E02002393","Leeds 064",,,3178,242,355,77,165,421,105,1660,21,132
"D","Yorkshire and The Humber",,,"00DA","Leeds","E02002394","Leeds 065",,,2990,309,488,154,205,392,106,1198,7,131
"D","Yorkshire and The Humber",,,"00DA","Leeds","E02002395","Leeds 066",,,2445,582,886,61,103,133,58,582,0,40
"D","Yorkshire and The Humber",,,"00DA","Leeds","E02002396","Leeds 067",,,3611,629,913,164,274,242,89,1171,9,120
"D","Yorkshire and The Humber",,,"00DA","Leeds","E02002397","Leeds 068",,,3009,523,886,136,176,252,117,861,3,55
"D","Yorkshire and The Humber",,,"00DA","Leeds","E02002398","Leeds 069",,,3231,632,1222,91,197,107,71,861,0,50
"D","Yorkshire and The Humber",,,"00DA","Leeds","E02002399","Leeds 070",,,2509,356,634,110,164,353,124,705,4,59
"D","Yorkshire and The Humber",,,"00DA","Leeds","E02002400","Leeds 071",,,3301,360,564,141,240,382,121,1346,32,115
"D","Yorkshire and The Humber",,,"00DA","Leeds","E02002401","Leeds 072",,,2398,278,480,131,111,456,92,793,0,57
"D","Yorkshire and The Humber",,,"00DA","Leeds","E02002402","Leeds 073",,,2402,660,839,71,167,84,50,499,0,32
"D","Yorkshire and The Humber",,,"00DA","Leeds","E02002403","Leeds 074",,,2523,446,900,82,155,146,64,677,4,49
"D","Yorkshire and The Humber",,,"00DA","Leeds","E02002404","Leeds 075",,,2820,313,533,122,152,401,108,1097,5,89
"D","Yorkshire and The Humber",,,"00DA","Leeds","E02002405","Leeds 076",,,3182,602,1075,134,173,191,99,857,0,51
"D","Yorkshire and The Humber",,,"00DA","Leeds","E02002406","Leeds 077",,,2890,803,1136,105,131,122,74,494,0,25
"D","Yorkshire and The Humber",,,"00DA","Leeds","E02002407","Leeds 078",,,2756,328,537,151,168,395,103,1011,0,63
"D","Yorkshire and The Humber",,,"00DA","Leeds","E02002408","Leeds 079",,,3064,528,855,154,245,197,99,919,3,64
"D","Yorkshire and The Humber",,,"00DA","Leeds","E02002409","Leeds 080",,,2634,413,771,129,189,241,95,743,0,53
"D","Yorkshire and The Humber",,,"00DA","Leeds","E02002410","Leeds 081",,,2680,429,751,101,171,194,81,902,0,51
"D","Yorkshire and The Humber",,,"00DA","Leeds","E02002411","Leeds 082",,,2977,308,440,110,167,320,82,1450,11,89
"D","Yorkshire and The Humber",,,"00DA","Leeds","E02002412","Leeds 083",,,2566,513,775,118,164,180,82,684,0,50
"D","Yorkshire and The Humber",,,"00DA","Leeds","E02002413","Leeds 084",,,3170,202,477,103,248,207,73,1735,33,92
"D","Yorkshire and The Humber",,,"00DA","Leeds","E02002414","Leeds 085",,,2543,248,449,125,167,334,78,1070,3,69
"D","Yorkshire and The Humber",,,"00DA","Leeds","E02002415","Leeds 086",,,2292,406,300,94,111,396,73,791,15,106
"D","Yorkshire and The Humber",,,"00DA","Leeds","E02002416","Leeds 087",,,2670,474,1047,89,120,135,99,682,0,24
"D","Yorkshire and The Humber",,,"00DA","Leeds","E02002417","Leeds 088",,,2383,478,860,115,146,119,82,548,0,35
"D","Yorkshire and The Humber",,,"00DA","Leeds","E02002418","Leeds 089",,,2974,651,951,128,213,191,84,718,0,38
"D","Yorkshire and The Humber",,,"00DA","Leeds","E02002419","Leeds 090",,,3380,443,768,161,182,389,113,1267,0,57
"D","Yorkshire and The Humber",,,"00DA","Leeds","E02002420","Leeds 091",,,3176,555,908,145,182,219,119,955,5,88
"D","Yorkshire and The Humber",,,"00DA","Leeds","E02002421","Leeds 092",,,2589,293,462,157,111,517,96,895,3,55
"D","Yorkshire and The Humber",,,"00DA","Leeds","E02002422","Leeds 093",,,2363,519,812,85,172,116,52,571,0,36
"D","Yorkshire and The Humber",,,"00DA","Leeds","E02002423","Leeds 094",,,2440,397,607,124,147,296,84,735,0,50
"D","Yorkshire and The Humber",,,"00DA","Leeds","E02002424","Leeds 095",,,3090,625,927,132,262,232,71,798,0,43
"D","Yorkshire and The Humber",,,"00DA","Leeds","E02002425","Leeds 096",,,3249,629,1167,117,225,181,87,805,0,38
"D","Yorkshire and The Humber",,,"00DA","Leeds","E02002426","Leeds 097",,,3119,655,1093,110,222,157,126,716,0,40
"D","Yorkshire and The Humber",,,"00DA","Leeds","E02002427","Leeds 098",,,3046,570,1002,129,162,250,106,790,0,37
"D","Yorkshire and The Humber",,,"00DA","Leeds","E02002428","Leeds 099",,,2600,417,755,124,179,240,87,749,3,46
"D","Yorkshire and The Humber",,,"00DA","Leeds","E02002429","Leeds 100",,,3123,647,994,137,248,182,103,764,3,45
"D","Yorkshire and The Humber",,,"00DA","Leeds","E02002430","Leeds 101",,,2982,421,622,187,146,537,136,875,0,58
"D","Yorkshire and The Humber",,,"00DA","Leeds","E02002431","Leeds 102",,,3225,580,756,221,322,299,107,890,0,50
"D","Yorkshire and The Humber",,,"00DA","Leeds","E02002432","Leeds 103",,,2736,570,908,120,194,179,87,642,0,36
"D","Yorkshire and The Humber",,,"00DA","Leeds","E02002433","Leeds 104",,,2803,336,670,98,226,137,76,1211,0,49
"D","Yorkshire and The Humber",,,"00DA","Leeds","E02002434","Leeds 105",,,2491,538,707,116,260,199,67,569,0,35
"D","Yorkshire and The Humber",,,"00DA","Leeds","E02002435","Leeds 106",,,2930,536,964,124,216,170,77,803,3,37
"D","Yorkshire and The Humber",,,"00DA","Leeds","E02002436","Leeds 107",,,2775,537,817,137,176,252,98,715,0,43
"D","Yorkshire and The Humber",,,"00DA","Leeds","E02002437","Leeds 108",,,2300,676,798,98,144,128,39,391,0,26
"D","Yorkshire and The Humber",,,"00DB","Wakefield","E02002438","Wakefield 001",,,3253,550,941,192,135,417,133,842,3,40
"D","Yorkshire and The Humber",,,"00DB","Wakefield","E02002439","Wakefield 002",,,3606,508,997,156,252,220,141,1279,0,53
"D","Yorkshire and The Humber",,,"00DB","Wakefield","E02002440","Wakefield 003",,,3186,591,1084,143,159,284,111,791,0,23
"D","Yorkshire and The Humber",,,"00DB","Wakefield","E02002441","Wakefield 004",,,3369,508,953,165,188,246,119,1140,3,47
"D","Yorkshire and The Humber",,,"00DB","Wakefield","E02002442","Wakefield 005",,,2354,551,765,125,130,144,61,554,0,24
"D","Yorkshire and The Humber",,,"00DB","Wakefield","E02002443","Wakefield 006",,,2262,639,708,103,163,126,57,443,0,23
"D","Yorkshire and The Humber",,,"00DB","Wakefield","E02002444","Wakefield 007",,,2491,515,738,99,179,118,73,718,3,48
"D","Yorkshire and The Humber",,,"00DB","Wakefield","E02002445","Wakefield 008",,,3019,570,1021,106,150,176,94,862,0,40
"D","Yorkshire and The Humber",,,"00DB","Wakefield","E02002446","Wakefield 009",,,2561,614,836,93,147,114,76,656,0,25
"D","Yorkshire and The Humber",,,"00DB","Wakefield","E02002447","Wakefield 010",,,2540,450,770,109,120,183,83,789,0,36
"D","Yorkshire and The Humber",,,"00DB","Wakefield","E02002448","Wakefield 011",,,3170,520,942,165,162,348,104,896,0,33
"D","Yorkshire and The Humber",,,"00DB","Wakefield","E02002449","Wakefield 012",,,2989,619,1045,140,246,236,88,579,0,36
"D","Yorkshire and The Humber",,,"00DB","Wakefield","E02002450","Wakefield 013",,,2439,534,742,113,160,151,57,647,0,35
"D","Yorkshire and The Humber",,,"00DB","Wakefield","E02002451","Wakefield 014",,,3047,736,1105,86,142,159,114,679,0,26
"D","Yorkshire and The Humber",,,"00DB","Wakefield","E02002452","Wakefield 015",,,3379,470,864,132,227,247,116,1266,3,54
"D","Yorkshire and The Humber",,,"00DB","Wakefield","E02002453","Wakefield 016",,,3870,660,1005,174,204,360,156,1239,3,69
"D","Yorkshire and The Humber",,,"00DB","Wakefield","E02002454","Wakefield 017",,,2787,354,524,52,165,126,70,1345,58,93
"D","Yorkshire and The Humber",,,"00DB","Wakefield","E02002455","Wakefield 018",,,2477,432,705,140,105,293,86,683,0,33
"D","Yorkshire and The Humber",,,"00DB","Wakefield","E02002456","Wakefield 019",,,2450,427,642,103,164,215,66,748,15,70
"D","Yorkshire and The Humber",,,"00DB","Wakefield","E02002457","Wakefield 020",,,3296,496,779,174,176,359,129,1125,5,53
"D","Yorkshire and The Humber",,,"00DB","Wakefield","E02002458","Wakefield 021",,,3594,758,1168,155,277,186,108,904,0,38
"D","Yorkshire and The Humber",,,"00DB","Wakefield","E02002459","Wakefield 022",,,3705,729,998,200,223,293,112,1071,17,62
"D","Yorkshire and The Humber",,,"00DB","Wakefield","E02002460","Wakefield 023",,,3130,666,1193,89,123,132,77,804,0,46
"D","Yorkshire and The Humber",,,"00DB","Wakefield","E02002461","Wakefield 024",,,3590,680,1155,209,214,247,123,919,0,43
"D","Yorkshire and The Humber",,,"00DB","Wakefield","E02002462","Wakefield 025",,,3155,598,1017,101,187,155,90,962,0,45
"D","Yorkshire and The Humber",,,"00DB","Wakefield","E02002463","Wakefield 026",,,3637,636,798,230,199,470,201,1039,0,64
"D","Yorkshire and The Humber",,,"00DB","Wakefield","E02002464","Wakefield 027",,,3492,588,1004,167,153,345,145,1038,0,52
"D","Yorkshire and The Humber",,,"00DB","Wakefield","E02002465","Wakefield 028",,,2646,449,878,61,127,87,58,931,11,44
"D","Yorkshire and The Humber",,,"00DB","Wakefield","E02002466","Wakefield 029",,,3918,726,1184,137,272,255,139,1167,0,38
"D","Yorkshire and The Humber",,,"00DB","Wakefield","E02002467","Wakefield 030",,,3271,500,724,127,259,298,115,1096,50,102
"D","Yorkshire and The Humber",,,"00DB","Wakefield","E02002468","Wakefield 031",,,2549,507,820,94,203,133,79,692,0,21
"D","Yorkshire and The Humber",,,"00DB","Wakefield","E02002469","Wakefield 032",,,2403,588,840,90,133,147,68,514,3,20
"D","Yorkshire and The Humber",,,"00DB","Wakefield","E02002470","Wakefield 033",,,2592,635,1131,55,95,53,55,554,3,11
"D","Yorkshire and The Humber",,,"00DB","Wakefield","E02002471","Wakefield 034",,,4019,851,1584,135,219,161,102,919,0,48
"D","Yorkshire and The Humber",,,"00DB","Wakefield","E02002472","Wakefield 035",,,2295,508,850,89,116,90,66,556,0,20
"D","Yorkshire and The Humber",,,"00DB","Wakefield","E02002473","Wakefield 036",,,2637,545,921,76,221,148,66,636,0,24
"D","Yorkshire and The Humber",,,"00DB","Wakefield","E02002474","Wakefield 037",,,2592,458,755,116,126,266,82,767,0,22
"D","Yorkshire and The Humber",,,"00DB","Wakefield","E02002475","Wakefield 038",,,2215,492,851,54,99,97,58,548,0,16
"D","Yorkshire and The Humber",,,"00DB","Wakefield","E02002476","Wakefield 039",,,2488,419,688,155,81,279,128,693,0,45
"D","Yorkshire and The Humber",,,"00DB","Wakefield","E02002477","Wakefield 040",,,2350,455,748,117,116,171,84,627,0,32
"D","Yorkshire and The Humber",,,"00DB","Wakefield","E02002478","Wakefield 041",,,2412,562,720,129,143,185,59,582,0,32
"D","Yorkshire and The Humber",,,"00DB","Wakefield","E02002479","Wakefield 042",,,3327,610,1027,145,157,253,125,973,0,37
"D","Yorkshire and The Humber",,,"00DB","Wakefield","E02002480","Wakefield 043",,,2653,437,786,126,143,225,99,810,0,27
"D","Yorkshire and The Humber",,,"00DB","Wakefield","E02002481","Wakefield 044",,,2450,410,738,138,99,251,89,694,0,31
"D","Yorkshire and The Humber",,,"00DB","Wakefield","E02002482","Wakefield 045",,,2554,498,785,139,94,245,96,662,0,35
"D","Yorkshire and The Humber",,,"00FA","Kingston upon Hull, City of","E02002652","Kingston upon Hull 001",,,2796,514,566,217,230,440,74,706,5,44
"D","Yorkshire and The Humber",,,"00FA","Kingston upon Hull, City of","E02002653","Kingston upon Hull 002",,,3553,472,917,246,120,587,143,1012,4,52
"D","Yorkshire and The Humber",,,"00FA","Kingston upon Hull, City of","E02002654","Kingston upon Hull 003",,,3229,396,660,214,109,524,125,1159,0,42
"D","Yorkshire and The Humber",,,"00FA","Kingston upon Hull, City of","E02002655","Kingston upon Hull 004",,,3143,472,765,202,125,508,105,923,0,43
"D","Yorkshire and The Humber",,,"00FA","Kingston upon Hull, City of","E02002656","Kingston upon Hull 005",,,2519,369,949,94,149,121,58,736,4,39
"D","Yorkshire and The Humber",,,"00FA","Kingston upon Hull, City of","E02002657","Kingston upon Hull 006",,,2880,630,1049,152,146,216,64,598,0,25
"D","Yorkshire and The Humber",,,"00FA","Kingston upon Hull, City of","E02002658","Kingston upon Hull 007",,,2915,652,862,136,194,191,75,758,3,44
"D","Yorkshire and The Humber",,,"00FA","Kingston upon Hull, City of","E02002659","Kingston upon Hull 008",,,4523,623,933,297,196,751,206,1425,8,84
"D","Yorkshire and The Humber",,,"00FA","Kingston upon Hull, City of","E02002660","Kingston upon Hull 009",,,3061,440,963,140,118,255,128,975,0,42
"D","Yorkshire and The Humber",,,"00FA","Kingston upon Hull, City of","E02002661","Kingston upon Hull 010",,,3228,472,921,173,138,297,143,1031,0,53
"D","Yorkshire and The Humber",,,"00FA","Kingston upon Hull, City of","E02002662","Kingston upon Hull 011",,,3543,411,1057,133,104,299,149,1338,3,49
"D","Yorkshire and The Humber",,,"00FA","Kingston upon Hull, City of","E02002663","Kingston upon Hull 012",,,2119,364,506,74,119,89,58,570,269,70
"D","Yorkshire and The Humber",,,"00FA","Kingston upon Hull, City of","E02002664","Kingston upon Hull 013",,,2809,769,1036,139,128,134,82,498,0,23
"D","Yorkshire and The Humber",,,"00FA","Kingston upon Hull, City of","E02002665","Kingston upon Hull 014",,,3194,745,1019,124,174,211,107,747,15,52
"D","Yorkshire and The Humber",,,"00FA","Kingston upon Hull, City of","E02002666","Kingston upon Hull 015",,,3138,233,398,97,218,227,74,1275,444,172
"D","Yorkshire and The Humber",,,"00FA","Kingston upon Hull, City of","E02002667","Kingston upon Hull 016",,,3200,599,823,203,226,246,105,944,0,54
"D","Yorkshire and The Humber",,,"00FA","Kingston upon Hull, City of","E02002668","Kingston upon Hull 017",,,4096,433,904,289,172,647,188,1395,0,68
"D","Yorkshire and The Humber",,,"00FA","Kingston upon Hull, City of","E02002669","Kingston upon Hull 018",,,3316,408,519,127,261,271,90,1269,184,187
"D","Yorkshire and The Humber",,,"00FA","Kingston upon Hull, City of","E02002670","Kingston upon Hull 019",,,3532,451,969,144,178,267,128,1331,0,64
"D","Yorkshire and The Humber",,,"00FA","Kingston upon Hull, City of","E02002671","Kingston upon Hull 020",,,2860,553,751,177,148,263,108,817,3,40
"D","Yorkshire and The Humber",,,"00FA","Kingston upon Hull, City of","E02002672","Kingston upon Hull 021",,,2941,425,748,201,106,408,144,852,0,57
"D","Yorkshire and The Humber",,,"00FA","Kingston upon Hull, City of","E02002673","Kingston upon Hull 022",,,3243,667,799,198,205,296,99,935,0,44
"D","Yorkshire and The Humber",,,"00FA","Kingston upon Hull, City of","E02002674","Kingston upon Hull 023",,,3218,525,840,164,229,230,91,1097,0,42
"D","Yorkshire and The Humber",,,"00FA","Kingston upon Hull, City of","E02002675","Kingston upon Hull 024",,,3375,249,532,105,169,379,154,1629,31,127
"D","Yorkshire and The Humber",,,"00FA","Kingston upon Hull, City of","E02002676","Kingston upon Hull 025",,,3348,486,634,164,275,313,107,1223,16,130
"D","Yorkshire and The Humber",,,"00FA","Kingston upon Hull, City of","E02002677","Kingston upon Hull 026",,,3902,450,747,189,366,277,92,1677,5,99
"D","Yorkshire and The Humber",,,"00FA","Kingston upon Hull, City of","E02002678","Kingston upon Hull 027",,,3276,591,741,183,243,294,92,1070,3,59
"D","Yorkshire and The Humber",,,"00FA","Kingston upon Hull, City of","E02002679","Kingston upon Hull 028",,,3288,642,964,123,164,191,117,1041,0,46
"D","Yorkshire and The Humber",,,"00FA","Kingston upon Hull, City of","E02002680","Kingston upon Hull 029",,,3548,146,472,49,198,198,101,2270,13,101
"D","Yorkshire and The Humber",,,"00FA","Kingston upon Hull, City of","E02002681","Kingston upon Hull 030",,,3120,338,537,158,184,430,105,1286,6,76
"D","Yorkshire and The Humber",,,"00FA","Kingston upon Hull, City of","E02002682","Kingston upon Hull 031",,,3678,476,833,213,204,415,168,1267,4,98
"D","Yorkshire and The Humber",,,"00FA","Kingston upon Hull, City of","E02002683","Kingston upon Hull 032",,,3696,457,1171,128,198,293,137,1252,3,57
"D","Yorkshire and The Humber",,,"00FB","East Riding of Yorkshire","E02002684","East Riding of Yorkshire 001",,,3994,515,1728,111,169,169,91,1155,0,56
"D","Yorkshire and The Humber",,,"00FB","East Riding of Yorkshire","E02002685","East Riding of Yorkshire 002",,,3592,520,1461,117,136,191,83,1043,0,41
"D","Yorkshire and The Humber",,,"00FB","East Riding of Yorkshire","E02002686","East Riding of Yorkshire 003",,,3479,407,927,183,125,385,117,1275,0,60
"D","Yorkshire and The Humber",,,"00FB","East Riding of Yorkshire","E02002687","East Riding of Yorkshire 004",,,2554,352,723,88,124,203,82,927,0,55
"D","Yorkshire and The Humber",,,"00FB","East Riding of Yorkshire","E02002688","East Riding of Yorkshire 005",,,2487,285,672,101,126,201,61,973,0,68
"D","Yorkshire and The Humber",,,"00FB","East Riding of Yorkshire","E02002689","East Riding of Yorkshire 006",,,2285,495,892,76,97,94,66,524,0,41
"D","Yorkshire and The Humber",,,"00FB","East Riding of Yorkshire","E02002690","East Riding of Yorkshire 007",,,5207,967,1775,172,274,298,144,1505,3,69
"D","Yorkshire and The Humber",,,"00FB","East Riding of Yorkshire","E02002691","East Riding of Yorkshire 008",,,3004,621,1189,80,160,131,75,715,0,33
"D","Yorkshire and The Humber",,,"00FB","East Riding of Yorkshire","E02002692","East Riding of Yorkshire 009",,,3109,767,1278,89,189,108,61,599,0,18
"D","Yorkshire and The Humber",,,"00FB","East Riding of Yorkshire","E02002693","East Riding of Yorkshire 010",,,2480,487,996,77,140,112,70,566,0,32
"D","Yorkshire and The Humber",,,"00FB","East Riding of Yorkshire","E02002694","East Riding of Yorkshire 011",,,4271,880,1424,132,247,203,118,1208,0,59
"D","Yorkshire and The Humber",,,"00FB","East Riding of Yorkshire","E02002695","East Riding of Yorkshire 012",,,3524,555,1272,123,124,227,111,1069,0,43
"D","Yorkshire and The Humber",,,"00FB","East Riding of Yorkshire","E02002696","East Riding of Yorkshire 013",,,2323,627,920,58,101,86,54,453,3,21
"D","Yorkshire and The Humber",,,"00FB","East Riding of Yorkshire","E02002697","East Riding of Yorkshire 014",,,2826,642,1189,77,142,101,77,577,0,21
"D","Yorkshire and The Humber",,,"00FB","East Riding of Yorkshire","E02002698","East Riding of Yorkshire 015",,,2682,501,984,92,168,107,60,730,0,40
"D","Yorkshire and The Humber",,,"00FB","East Riding of Yorkshire","E02002699","East Riding of Yorkshire 016",,,3827,952,1455,106,189,136,84,874,0,31
"D","Yorkshire and The Humber",,,"00FB","East Riding of Yorkshire","E02002700","East Riding of Yorkshire 017",,,2720,394,733,123,121,248,112,954,5,30
"D","Yorkshire and The Humber",,,"00FB","East Riding of Yorkshire","E02002701","East Riding of Yorkshire 018",,,3055,779,1197,94,167,119,77,582,0,40
"D","Yorkshire and The Humber",,,"00FB","East Riding of Yorkshire","E02002702","East Riding of Yorkshire 019",,,4228,632,1062,135,304,247,99,1643,20,86
"D","Yorkshire and The Humber",,,"00FB","East Riding of Yorkshire","E02002703","East Riding of Yorkshire 020",,,3373,912,1224,77,174,153,67,738,3,25
"D","Yorkshire and The Humber",,,"00FB","East Riding of Yorkshire","E02002704","East Riding of Yorkshire 021",,,3018,666,1258,82,122,131,98,639,0,22
"D","Yorkshire and The Humber",,,"00FB","East Riding of Yorkshire","E02002705","East Riding of Yorkshire 022",,,2711,516,1165,65,107,100,69,664,0,25
"D","Yorkshire and The Humber",,,"00FB","East Riding of Yorkshire","E02002706","East Riding of Yorkshire 023",,,2959,552,1076,99,129,135,74,851,5,38
"D","Yorkshire and The Humber",,,"00FB","East Riding of Yorkshire","E02002707","East Riding of Yorkshire 024",,,2707,706,1061,62,126,102,60,568,0,22
"D","Yorkshire and The Humber",,,"00FB","East Riding of Yorkshire","E02002708","East Riding of Yorkshire 025",,,2755,360,976,66,99,101,71,1055,0,27
"D","Yorkshire and The Humber",,,"00FB","East Riding of Yorkshire","E02002709","East Riding of Yorkshire 026",,,2908,617,1089,92,148,141,81,707,0,33
"D","Yorkshire and The Humber",,,"00FB","East Riding of Yorkshire","E02002710","East Riding of Yorkshire 027",,,3075,700,1053,101,128,141,85,831,0,36
"D","Yorkshire and The Humber",,,"00FB","East Riding of Yorkshire","E02002711","East Riding of Yorkshire 028",,,3110,724,1392,51,106,95,62,650,0,30
"D","Yorkshire and The Humber",,,"00FB","East Riding of Yorkshire","E02002712","East Riding of Yorkshire 029",,,3047,633,1091,107,163,136,78,804,0,35
"D","Yorkshire and The Humber",,,"00FB","East Riding of Yorkshire","E02002713","East Riding of Yorkshire 030",,,3494,739,1217,128,177,232,109,866,3,23
"D","Yorkshire and The Humber",,,"00FB","East Riding of Yorkshire","E02002714","East Riding of Yorkshire 031",,,3014,653,1244,88,116,148,89,644,0,32
"D","Yorkshire and The Humber",,,"00FB","East Riding of Yorkshire","E02002715","East Riding of Yorkshire 032",,,3776,897,1371,119,224,174,102,851,0,38
"D","Yorkshire and The Humber",,,"00FB","East Riding of Yorkshire","E02002716","East Riding of Yorkshire 033",,,2969,676,1128,104,163,143,92,624,3,36
"D","Yorkshire and The Humber",,,"00FB","East Riding of Yorkshire","E02002717","East Riding of Yorkshire 034",,,3378,568,907,115,184,230,105,1211,3,55
"D","Yorkshire and The Humber",,,"00FB","East Riding of Yorkshire","E02002718","East Riding of Yorkshire 035",,,3148,720,1329,65,131,111,67,701,0,24
"D","Yorkshire and The Humber",,,"00FB","East Riding of Yorkshire","E02002719","East Riding of Yorkshire 036",,,2243,563,750,64,118,111,50,558,0,29
"D","Yorkshire and The Humber",,,"00FB","East Riding of Yorkshire","E02002720","East Riding of Yorkshire 037",,,2428,572,965,74,137,105,60,490,0,25
"D","Yorkshire and The Humber",,,"00FB","East Riding of Yorkshire","E02002721","East Riding of Yorkshire 038",,,2448,473,865,96,112,126,70,682,0,24
"D","Yorkshire and The Humber",,,"00FB","East Riding of Yorkshire","E02002722","East Riding of Yorkshire 039",,,3640,559,1195,156,149,271,106,1161,0,43
"D","Yorkshire and The Humber",,,"00FB","East Riding of Yorkshire","E02002723","East Riding of Yorkshire 040",,,3400,547,1115,129,181,234,92,1057,0,45
"D","Yorkshire and The Humber",,,"00FB","East Riding of Yorkshire","E02002724","East Riding of Yorkshire 041",,,3525,524,962,216,144,380,116,1129,0,54
"D","Yorkshire and The Humber",,,"00FB","East Riding of Yorkshire","E02002725","East Riding of Yorkshire 042",,,2315,528,857,84,103,99,67,550,0,27
"D","Yorkshire and The Humber",,,"00FC","North East Lincolnshire","E02002726","North East Lincolnshire 001",,,4282,823,1365,226,221,427,131,1031,0,58
"D","Yorkshire and The Humber",,,"00FC","North East Lincolnshire","E02002727","North East Lincolnshire 002",,,3068,216,486,139,123,368,115,1547,0,74
"D","Yorkshire and The Humber",,,"00FC","North East Lincolnshire","E02002728","North East Lincolnshire 003",,,3557,480,646,194,202,479,119,1312,0,125
"D","Yorkshire and The Humber",,,"00FC","North East Lincolnshire","E02002729","North East Lincolnshire 004",,,2419,490,759,105,86,204,59,688,0,28
"D","Yorkshire and The Humber",,,"00FC","North East Lincolnshire","E02002730","North East Lincolnshire 005",,,3032,524,569,255,167,471,108,860,0,78
"D","Yorkshire and The Humber",,,"00FC","North East Lincolnshire","E02002731","North East Lincolnshire 006",,,2369,366,466,153,141,401,70,710,0,62
"D","Yorkshire and The Humber",,,"00FC","North East Lincolnshire","E02002732","North East Lincolnshire 007",,,2694,670,1023,104,129,129,47,571,0,21
"D","Yorkshire and The Humber",,,"00FC","North East Lincolnshire","E02002733","North East Lincolnshire 008",,,2688,430,691,127,145,230,74,934,0,57
"D","Yorkshire and The Humber",,,"00FC","North East Lincolnshire","E02002734","North East Lincolnshire 009",,,2328,361,692,138,134,270,61,637,0,35
"D","Yorkshire and The Humber",,,"00FC","North East Lincolnshire","E02002735","North East Lincolnshire 010",,,2217,397,541,142,139,249,49,630,0,70
"D","Yorkshire and The Humber",,,"00FC","North East Lincolnshire","E02002736","North East Lincolnshire 011",,,2308,369,367,171,145,359,77,705,11,104
"D","Yorkshire and The Humber",,,"00FC","North East Lincolnshire","E02002737","North East Lincolnshire 012",,,2904,546,983,134,155,225,100,711,0,50
"D","Yorkshire and The Humber",,,"00FC","North East Lincolnshire","E02002738","North East Lincolnshire 013",,,3008,694,977,148,152,264,96,639,0,38
"D","Yorkshire and The Humber",,,"00FC","North East Lincolnshire","E02002739","North East Lincolnshire 014",,,2767,367,761,89,145,268,92,995,0,50
"D","Yorkshire and The Humber",,,"00FC","North East Lincolnshire","E02002740","North East Lincolnshire 015",,,2415,355,685,131,107,289,96,690,3,59
"D","Yorkshire and The Humber",,,"00FC","North East Lincolnshire","E02002741","North East Lincolnshire 016",,,3517,717,1063,136,196,270,99,911,10,115
"D","Yorkshire and The Humber",,,"00FC","North East Lincolnshire","E02002742","North East Lincolnshire 017",,,2370,457,858,65,100,144,51,653,0,42
"D","Yorkshire and The Humber",,,"00FC","North East Lincolnshire","E02002743","North East Lincolnshire 018",,,2619,381,1004,60,91,155,79,822,0,27
"D","Yorkshire and The Humber",,,"00FC","North East Lincolnshire","E02002744","North East Lincolnshire 019",,,2782,422,605,238,97,509,136,719,0,56
"D","Yorkshire and The Humber",,,"00FC","North East Lincolnshire","E02002745","North East Lincolnshire 020",,,3076,558,1318,91,143,121,79,737,0,29
"D","Yorkshire and The Humber",,,"00FC","North East Lincolnshire","E02002746","North East Lincolnshire 021",,,3278,650,1249,108,132,137,99,870,0,33
"D","Yorkshire and The Humber",,,"00FC","North East Lincolnshire","E02002747","North East Lincolnshire 022",,,3084,641,1333,89,110,103,87,677,0,44
"D","Yorkshire and The Humber",,,"00FC","North East Lincolnshire","E02002748","North East Lincolnshire 023",,,3268,725,1264,102,123,154,79,783,0,38
"D","Yorkshire and The Humber",,,"00FD","North Lincolnshire","E02002749","North Lincolnshire 001",,,3996,740,1321,175,201,302,117,1091,0,49
"D","Yorkshire and The Humber",,,"00FD","North Lincolnshire","E02002750","North Lincolnshire 002",,,2273,519,818,95,147,106,62,502,0,24
"D","Yorkshire and The Humber",,,"00FD","North Lincolnshire","E02002751","North Lincolnshire 003",,,2552,523,890,96,109,184,77,645,0,28
"D","Yorkshire and The Humber",,,"00FD","North Lincolnshire","E02002752","North Lincolnshire 004",,,2613,544,931,91,133,134,76,663,0,41
"D","Yorkshire and The Humber",,,"00FD","North Lincolnshire","E02002753","North Lincolnshire 005",,,3710,619,1288,113,234,196,78,1134,0,48
"D","Yorkshire and The Humber",,,"00FD","North Lincolnshire","E02002754","North Lincolnshire 006",,,2978,596,1041,138,157,216,81,719,0,30
"D","Yorkshire and The Humber",,,"00FD","North Lincolnshire","E02002755","North Lincolnshire 007",,,2545,442,643,110,161,175,85,878,0,51
"D","Yorkshire and The Humber",,,"00FD","North Lincolnshire","E02002756","North Lincolnshire 008",,,2986,469,559,139,118,468,129,1010,3,91
"D","Yorkshire and The Humber",,,"00FD","North Lincolnshire","E02002757","North Lincolnshire 009",,,2435,522,835,100,110,135,75,623,3,32
"D","Yorkshire and The Humber",,,"00FD","North Lincolnshire","E02002758","North Lincolnshire 010",,,2598,459,644,150,143,261,75,801,0,65
"D","Yorkshire and The Humber",,,"00FD","North Lincolnshire","E02002759","North Lincolnshire 011",,,3714,681,1232,122,201,224,105,1101,0,48
"D","Yorkshire and The Humber",,,"00FD","North Lincolnshire","E02002760","North Lincolnshire 012",,,2433,477,845,105,104,179,56,631,0,36
"D","Yorkshire and The Humber",,,"00FD","North Lincolnshire","E02002761","North Lincolnshire 013",,,2604,577,937,107,153,115,61,624,0,30
"D","Yorkshire and The Humber",,,"00FD","North Lincolnshire","E02002762","North Lincolnshire 014",,,2614,380,748,109,98,186,87,968,0,38
"D","Yorkshire and The Humber",,,"00FD","North Lincolnshire","E02002763","North Lincolnshire 015",,,2784,393,707,139,150,282,106,963,0,44
"D","Yorkshire and The Humber",,,"00FD","North Lincolnshire","E02002764","North Lincolnshire 016",,,2246,409,632,139,88,317,79,550,0,32
"D","Yorkshire and The Humber",,,"00FD","North Lincolnshire","E02002765","North Lincolnshire 017",,,2572,431,785,104,113,238,106,744,0,51
"D","Yorkshire and The Humber",,,"00FD","North Lincolnshire","E02002766","North Lincolnshire 018",,,3169,660,1219,112,158,178,84,718,0,40
"D","Yorkshire and The Humber",,,"00FD","North Lincolnshire","E02002767","North Lincolnshire 019",,,2788,561,1139,98,148,115,62,646,0,19
"D","Yorkshire and The Humber",,,"00FD","North Lincolnshire","E02002768","North Lincolnshire 020",,,2781,602,1048,97,132,130,75,663,0,34
"D","Yorkshire and The Humber",,,"00FD","North Lincolnshire","E02002769","North Lincolnshire 021",,,2434,536,987,88,115,70,50,571,0,17
"D","Yorkshire and The Humber",,,"00FD","North Lincolnshire","E02002770","North Lincolnshire 022",,,2451,551,911,80,145,132,70,530,0,32
"D","Yorkshire and The Humber",,,"00FD","North Lincolnshire","E02002771","North Lincolnshire 023",,,2734,615,1135,72,115,102,73,600,0,22
"D","Yorkshire and The Humber",,,"00FF","York","E02002772","York 001",,,2535,724,904,88,143,117,37,493,0,29
"D","Yorkshire and The Humber",,,"00FF","York","E02002773","York 002",,,2574,470,1045,49,95,101,92,690,0,32
"D","Yorkshire and The Humber",,,"00FF","York","E02002774","York 003",,,2595,633,999,61,125,109,73,568,0,27
"D","Yorkshire and The Humber",,,"00FF","York","E02002775","York 004",,,2460,390,907,87,96,170,60,718,0,32
"D","Yorkshire and The Humber",,,"00FF","York","E02002776","York 005",,,2672,474,1054,85,124,148,94,643,4,46
"D","Yorkshire and The Humber",,,"00FF","York","E02002777","York 006",,,3119,757,920,121,284,212,62,706,4,53
"D","Yorkshire and The Humber",,,"00FF","York","E02002778","York 007",,,3263,550,1058,74,219,122,81,1062,14,83
"D","Yorkshire and The Humber",,,"00FF","York","E02002779","York 008",,,4022,762,1439,82,203,164,130,1145,32,65
"D","Yorkshire and The Humber",,,"00FF","York","E02002780","York 009",,,3304,428,678,132,251,335,113,1176,42,149
"D","Yorkshire and The Humber",,,"00FF","York","E02002781","York 010",,,3418,381,594,124,278,281,98,1278,203,181
"D","Yorkshire and The Humber",,,"00FF","York","E02002782","York 011",,,2395,528,1011,42,108,80,58,531,5,32
"D","Yorkshire and The Humber",,,"00FF","York","E02002783","York 012",,,3760,788,1252,151,197,198,144,966,0,64
"D","Yorkshire and The Humber",,,"00FF","York","E02002784","York 013",,,4395,205,651,64,443,169,94,2404,102,263
"D","Yorkshire and The Humber",,,"00FF","York","E02002785","York 014",,,2602,487,1005,58,141,90,61,683,40,37
"D","Yorkshire and The Humber",,,"00FF","York","E02002786","York 015",,,3390,463,763,142,223,360,127,978,185,149
"D","Yorkshire and The Humber",,,"00FF","York","E02002787","York 016",,,4039,590,1031,135,298,275,119,1456,8,127
"D","Yorkshire and The Humber",,,"00FF","York","E02002788","York 017",,,3533,488,774,101,405,179,101,1275,55,155
"D","Yorkshire and The Humber",,,"00FF","York","E02002789","York 018",,,3798,552,899,199,190,479,153,1239,5,82
"D","Yorkshire and The Humber",,,"00FF","York","E02002790","York 019",,,4127,511,856,116,381,209,111,1512,204,227
"D","Yorkshire and The Humber",,,"00FF","York","E02002791","York 020",,,2569,575,1070,52,127,93,71,549,3,29
"D","Yorkshire and The Humber",,,"00FF","York","E02002792","York 021",,,2959,416,827,62,274,113,86,965,89,127
"D","Yorkshire and The Humber",,,"00FF","York","E02002793","York 022",,,3939,755,1320,133,215,252,128,1093,3,40
"D","Yorkshire and The Humber",,,"00FF","York","E02002794","York 023",,,2108,385,729,47,119,84,51,619,32,42
"D","Yorkshire and The Humber",,,"00FF","York","E02002795","York 024",,,3344,766,1288,70,164,136,94,780,4,42
"D","Yorkshire and The Humber","36","North Yorkshire","36UB","Craven","E02005742","Craven 001",,,3016,606,1083,99,162,123,75,812,0,56
"D","Yorkshire and The Humber","36","North Yorkshire","36UB","Craven","E02005743","Craven 002",,,2166,395,890,44,104,45,55,593,0,40
"D","Yorkshire and The Humber","36","North Yorkshire","36UB","Craven","E02005744","Craven 003",,,3070,542,1107,87,163,119,80,913,0,59
"D","Yorkshire and The Humber","36","North Yorkshire","36UB","Craven","E02005745","Craven 004",,,2047,487,849,27,94,51,46,472,0,21
"D","Yorkshire and The Humber","36","North Yorkshire","36UB","Craven","E02005746","Craven 005",,,2819,512,883,93,158,139,93,886,0,55
"D","Yorkshire and The Humber","36","North Yorkshire","36UB","Craven","E02005747","Craven 006",,,2863,421,703,130,192,240,105,993,4,75
"D","Yorkshire and The Humber","36","North Yorkshire","36UB","Craven","E02005748","Craven 007",,,2843,595,961,84,200,148,67,752,0,36
"D","Yorkshire and The Humber","36","North Yorkshire","36UB","Craven","E02005749","Craven 008",,,3854,805,1318,138,227,161,108,1041,0,56
"D","Yorkshire and The Humber","36","North Yorkshire","36UC","Hambleton","E02005750","Hambleton 001",,,3199,633,1151,88,110,159,102,917,0,39
"D","Yorkshire and The Humber","36","North Yorkshire","36UC","Hambleton","E02005751","Hambleton 002",,,3658,840,1544,59,119,101,90,856,0,49
"D","Yorkshire and The Humber","36","North Yorkshire","36UC","Hambleton","E02005752","Hambleton 003",,,2679,561,1048,72,148,95,89,617,0,49
"D","Yorkshire and The Humber","36","North Yorkshire","36UC","Hambleton","E02005753","Hambleton 004",,,5086,973,1567,154,277,354,175,1488,3,95
"D","Yorkshire and The Humber","36","North Yorkshire","36UC","Hambleton","E02005754","Hambleton 005",,,3043,720,1292,55,118,84,72,673,0,29
"D","Yorkshire and The Humber","36","North Yorkshire","36UC","Hambleton","E02005755","Hambleton 006",,,2552,550,894,64,121,125,69,689,0,40
"D","Yorkshire and The Humber","36","North Yorkshire","36UC","Hambleton","E02005756","Hambleton 007",,,2324,685,904,46,102,81,57,418,0,31
"D","Yorkshire and The Humber","36","North Yorkshire","36UC","Hambleton","E02005757","Hambleton 008",,,3297,623,1119,94,189,166,77,967,0,62
"D","Yorkshire and The Humber","36","North Yorkshire","36UC","Hambleton","E02005758","Hambleton 009",,,3161,715,1157,101,159,149,87,750,0,43
"D","Yorkshire and The Humber","36","North Yorkshire","36UC","Hambleton","E02005759","Hambleton 010",,,3431,688,1272,74,132,134,107,978,0,46
"D","Yorkshire and The Humber","36","North Yorkshire","36UC","Hambleton","E02005760","Hambleton 011",,,2257,644,849,65,108,81,48,430,0,32
"D","Yorkshire and The Humber","36","North Yorkshire","36UD","Harrogate","E02005761","Harrogate 001",,,2184,474,795,46,114,87,59,565,0,44
"D","Yorkshire and The Humber","36","North Yorkshire","36UD","Harrogate","E02005762","Harrogate 002",,,2024,518,670,43,85,79,40,519,27,43
"D","Yorkshire and The Humber","36","North Yorkshire","36UD","Harrogate","E02005763","Harrogate 003",,,2347,533,936,49,117,93,58,527,0,34
"D","Yorkshire and The Humber","36","North Yorkshire","36UD","Harrogate","E02005764","Harrogate 004",,,4323,797,1353,121,216,287,146,1289,29,85
"D","Yorkshire and The Humber","36","North Yorkshire","36UD","Harrogate","E02005765","Harrogate 005",,,2470,546,914,63,160,85,55,613,0,34
"D","Yorkshire and The Humber","36","North Yorkshire","36UD","Harrogate","E02005766","Harrogate 006",,,2451,504,918,59,132,85,58,660,0,35
"D","Yorkshire and The Humber","36","North Yorkshire","36UD","Harrogate","E02005767","Harrogate 007",,,2481,661,949,53,127,80,57,524,0,30
"D","Yorkshire and The Humber","36","North Yorkshire","36UD","Harrogate","E02005768","Harrogate 008",,,2204,695,710,48,124,96,36,470,0,25
"D","Yorkshire and The Humber","36","North Yorkshire","36UD","Harrogate","E02005769","Harrogate 009",,,2927,443,883,105,185,184,124,948,3,52
"D","Yorkshire and The Humber","36","North Yorkshire","36UD","Harrogate","E02005770","Harrogate 010",,,4059,751,1309,133,274,252,135,1098,4,103
"D","Yorkshire and The Humber","36","North Yorkshire","36UD","Harrogate","E02005771","Harrogate 011",,,3323,609,792,120,256,299,123,1060,0,64
"D","Yorkshire and The Humber","36","North Yorkshire","36UD","Harrogate","E02005772","Harrogate 012",,,2382,648,997,36,96,85,64,432,0,24
"D","Yorkshire and The Humber","36","North Yorkshire","36UD","Harrogate","E02005773","Harrogate 013",,,3949,491,784,128,292,348,126,1647,6,127
"D","Yorkshire and The Humber","36","North Yorkshire","36UD","Harrogate","E02005774","Harrogate 014",,,3694,707,1034,147,237,260,130,1098,0,81
"D","Yorkshire and The Humber","36","North Yorkshire","36UD","Harrogate","E02005775","Harrogate 015",,,3952,449,750,86,343,168,81,1877,3,195
"D","Yorkshire and The Humber","36","North Yorkshire","36UD","Harrogate","E02005776","Harrogate 016",,,2945,748,1116,68,151,115,75,640,0,32
"D","Yorkshire and The Humber","36","North Yorkshire","36UD","Harrogate","E02005777","Harrogate 017",,,3419,843,1224,91,140,161,92,813,3,52
"D","Yorkshire and The Humber","36","North Yorkshire","36UD","Harrogate","E02005778","Harrogate 018",,,2312,577,991,48,117,78,44,426,0,31
"D","Yorkshire and The Humber","36","North Yorkshire","36UD","Harrogate","E02005779","Harrogate 019",,,3350,491,879,39,277,115,66,1377,3,103
"D","Yorkshire and The Humber","36","North Yorkshire","36UD","Harrogate","E02005780","Harrogate 020",,,4067,916,1468,68,182,156,82,1138,0,57
"D","Yorkshire and The Humber","36","North Yorkshire","36UD","Harrogate","E02005781","Harrogate 021",,,2216,574,935,40,105,68,54,410,0,30
"D","Yorkshire and The Humber","36","North Yorkshire","36UE","Richmondshire","E02005782","Richmondshire 001",,,3140,692,1222,66,173,116,91,747,0,33
"D","Yorkshire and The Humber","36","North Yorkshire","36UE","Richmondshire","E02005783","Richmondshire 002",,,3562,657,1183,97,180,239,114,1047,0,45
"D","Yorkshire and The Humber","36","North Yorkshire","36UE","Richmondshire","E02005784","Richmondshire 003",,,2138,499,740,79,98,122,69,500,0,31
"D","Yorkshire and The Humber","36","North Yorkshire","36UE","Richmondshire","E02005785","Richmondshire 004",,,3479,1417,940,103,127,268,67,518,0,39
"D","Yorkshire and The Humber","36","North Yorkshire","36UE","Richmondshire","E02005786","Richmondshire 005",,,2632,447,1052,45,119,85,70,761,0,53
"D","Yorkshire and The Humber","36","North Yorkshire","36UE","Richmondshire","E02005787","Richmondshire 006",,,3173,555,1252,83,153,117,90,864,0,59
"D","Yorkshire and The Humber","36","North Yorkshire","36UF","Ryedale","E02005788","Ryedale 001",,,2804,487,1127,80,113,106,74,769,0,48
"D","Yorkshire and The Humber","36","North Yorkshire","36UF","Ryedale","E02005789","Ryedale 002",,,4460,716,1706,123,208,199,122,1310,0,76
"D","Yorkshire and The Humber","36","North Yorkshire","36UF","Ryedale","E02005790","Ryedale 003",,,2714,494,1077,64,132,94,79,719,0,55
"D","Yorkshire and The Humber","36","North Yorkshire","36UF","Ryedale","E02005791","Ryedale 004",,,2603,531,977,88,159,109,69,626,0,44
"D","Yorkshire and The Humber","36","North Yorkshire","36UF","Ryedale","E02005792","Ryedale 005",,,2270,348,719,79,159,94,75,754,0,42
"D","Yorkshire and The Humber","36","North Yorkshire","36UF","Ryedale","E02005793","Ryedale 006",,,2833,571,902,102,198,167,92,751,0,50
"D","Yorkshire and The Humber","36","North Yorkshire","36UF","Ryedale","E02005794","Ryedale 007",,,3767,796,1497,101,227,134,99,859,0,54
"D","Yorkshire and The Humber","36","North Yorkshire","36UG","Scarborough","E02005795","Scarborough 001",,,3299,435,995,79,164,184,102,1291,0,49
"D","Yorkshire and The Humber","36","North Yorkshire","36UG","Scarborough","E02005796","Scarborough 002",,,2953,534,1158,84,135,132,102,773,3,32
"D","Yorkshire and The Humber","36","North Yorkshire","36UG","Scarborough","E02005797","Scarborough 003",,,2674,519,764,111,143,233,98,768,0,38
"D","Yorkshire and The Humber","36","North Yorkshire","36UG","Scarborough","E02005798","Scarborough 004",,,3627,630,1510,56,149,149,96,988,0,49
"D","Yorkshire and The Humber","36","North Yorkshire","36UG","Scarborough","E02005799","Scarborough 005",,,3938,809,1550,101,114,160,93,1069,3,39
"D","Yorkshire and The Humber","36","North Yorkshire","36UG","Scarborough","E02005800","Scarborough 006",,,3450,372,801,109,225,291,106,1454,8,84
"D","Yorkshire and The Humber","36","North Yorkshire","36UG","Scarborough","E02005801","Scarborough 007",,,2358,375,671,94,68,293,82,742,0,33
"D","Yorkshire and The Humber","36","North Yorkshire","36UG","Scarborough","E02005802","Scarborough 008",,,3265,539,730,168,242,312,122,1035,16,101
"D","Yorkshire and The Humber","36","North Yorkshire","36UG","Scarborough","E02005803","Scarborough 009",,,3719,548,1135,128,215,263,100,1275,0,55
"D","Yorkshire and The Humber","36","North Yorkshire","36UG","Scarborough","E02005804","Scarborough 010",,,3926,206,872,62,303,149,75,2092,47,120
"D","Yorkshire and The Humber","36","North Yorkshire","36UG","Scarborough","E02005805","Scarborough 011",,,3091,552,1236,93,169,155,78,779,0,29
"D","Yorkshire and The Humber","36","North Yorkshire","36UG","Scarborough","E02005806","Scarborough 012",,,2810,483,825,166,124,369,97,724,0,22
"D","Yorkshire and The Humber","36","North Yorkshire","36UG","Scarborough","E02005807","Scarborough 013",,,2559,513,1037,57,100,100,54,662,0,36
"D","Yorkshire and The Humber","36","North Yorkshire","36UG","Scarborough","E02005808","Scarborough 014",,,5057,711,2002,141,222,227,142,1541,0,71
"D","Yorkshire and The Humber","36","North Yorkshire","36UH","Selby","E02005809","Selby 001",,,3140,658,1035,95,163,131,99,908,0,51
"D","Yorkshire and The Humber","36","North Yorkshire","36UH","Selby","E02005810","Selby 002",,,3025,733,1162,88,201,124,84,597,0,36
"D","Yorkshire and The Humber","36","North Yorkshire","36UH","Selby","E02005811","Selby 003",,,3322,833,1261,115,211,143,69,668,0,22
"D","Yorkshire and The Humber","36","North Yorkshire","36UH","Selby","E02005812","Selby 004",,,3220,817,1043,110,178,183,97,764,0,28
"D","Yorkshire and The Humber","36","North Yorkshire","36UH","Selby","E02005813","Selby 005",,,3963,533,881,210,276,426,148,1404,0,85
"D","Yorkshire and The Humber","36","North Yorkshire","36UH","Selby","E02005814","Selby 006",,,2583,583,936,93,80,156,62,645,0,28
"D","Yorkshire and The Humber","36","North Yorkshire","36UH","Selby","E02005815","Selby 007",,,3024,809,1263,87,119,116,58,543,0,29
"D","Yorkshire and The Humber","36","North Yorkshire","36UH","Selby","E02005816","Selby 008",,,2971,755,1087,111,168,140,84,591,0,35
"D","Yorkshire and The Humber","36","North Yorkshire","36UH","Selby","E02005817","Selby 009",,,2759,618,1043,94,175,122,55,629,0,23
"D","Yorkshire and The Humber","36","North Yorkshire","36UH","Selby","E02005818","Selby 010",,,2829,687,1118,79,154,109,74,579,0,29