DATASET_TITLE,"Dwelling Stock by Council Tax Band, 2002",,,,,,,,FROM,Mar-2002,Mar-2002,Mar-2002,Mar-2002,Mar-2002,Mar-2002,Mar-2002,Mar-2002,Mar-2002,Mar-2002,Mar-2002,Mar-2002,Mar-2002,Mar-2002,Mar-2002,Mar-2002,Mar-2002,Mar-2002,Mar-2002
AREA_TYPE,Super Output Area Middle Layer,,,,,,,,TO,Mar-2002,Mar-2002,Mar-2002,Mar-2002,Mar-2002,Mar-2002,Mar-2002,Mar-2002,Mar-2002,Mar-2002,Mar-2002,Mar-2002,Mar-2002,Mar-2002,Mar-2002,Mar-2002,Mar-2002,Mar-2002,Mar-2002
GEO_HIERARCHY,NeSS Geography Hierarchy,,,,,,,,HEADING,Dwelling Stock by Council Tax Band; Total,Dwelling Stock by Council Tax Band; Band A,Dwelling Stock by Council Tax Band; Band A,Dwelling Stock by Council Tax Band; Band B,Dwelling Stock by Council Tax Band; Band B,Dwelling Stock by Council Tax Band; Band C,Dwelling Stock by Council Tax Band; Band C,Dwelling Stock by Council Tax Band; Band D,Dwelling Stock by Council Tax Band; Band D,Dwelling Stock by Council Tax Band; Band E,Dwelling Stock by Council Tax Band; Band E,Dwelling Stock by Council Tax Band; Band F,Dwelling Stock by Council Tax Band; Band F,Dwelling Stock by Council Tax Band; Band G,Dwelling Stock by Council Tax Band; Band G,Dwelling Stock by Council Tax Band; Band H,Dwelling Stock by Council Tax Band; Band H,Dwelling Stock by Council Tax Band; Band X; Unallocated,Dwelling Stock by Council Tax Band; Band X; Unallocated
,,,,,,,,,MEASUREMENT_UNIT,Count,Count,Percentage,Count,Percentage,Count,Percentage,Count,Percentage,Count,Percentage,Count,Percentage,Count,Percentage,Count,Percentage,Count,Percentage
,,,,,,,,,STATISTICAL_UNIT,Dwellings,Dwellings,Dwellings,Dwellings,Dwellings,Dwellings,Dwellings,Dwellings,Dwellings,Dwellings,Dwellings,Dwellings,Dwellings,Dwellings,Dwellings,Dwellings,Dwellings,Dwellings,Dwellings
GOR_CODE,GOR_NAME,CTY_CODE,CTY_NAME,LA_CODE,LA_NAME,MSOA_CODE,MSOA_NAME,AREA_METADATA,,DATA_VALUE,DATA_VALUE,DATA_VALUE,DATA_VALUE,DATA_VALUE,DATA_VALUE,DATA_VALUE,DATA_VALUE,DATA_VALUE,DATA_VALUE,DATA_VALUE,DATA_VALUE,DATA_VALUE,DATA_VALUE,DATA_VALUE,DATA_VALUE,DATA_VALUE,DATA_VALUE,DATA_VALUE
"A","North East",,,"00CH","Gateshead","E02001682","Gateshead 001",,,3388,1617,47.73,336,9.92,768,22.67,409,12.07,197,5.81,48,1.42,11,.32,2,.06,0,0
"A","North East",,,"00CH","Gateshead","E02001683","Gateshead 002",,,4027,1985,49.29,845,20.98,588,14.6,358,8.89,166,4.12,57,1.42,25,.62,3,.07,0,0
"A","North East",,,"00CH","Gateshead","E02001684","Gateshead 003",,,3096,2643,85.37,176,5.68,266,8.59,5,.16,3,.1,1,.03,0,0,2,.06,0,0
"A","North East",,,"00CH","Gateshead","E02001685","Gateshead 004",,,3547,3155,88.95,114,3.21,194,5.47,62,1.75,19,.54,0,0,2,.06,1,.03,0,0
"A","North East",,,"00CH","Gateshead","E02001686","Gateshead 005",,,3217,1544,48,527,16.38,815,25.33,152,4.72,105,3.26,54,1.68,19,.59,1,.03,0,0
"A","North East",,,"00CH","Gateshead","E02001687","Gateshead 006",,,5800,4789,82.57,566,9.76,190,3.28,197,3.4,42,.72,10,.17,3,.05,3,.05,0,0
"A","North East",,,"00CH","Gateshead","E02001688","Gateshead 007",,,3353,3122,93.11,113,3.37,46,1.37,50,1.49,17,.51,3,.09,0,0,2,.06,0,0
"A","North East",,,"00CH","Gateshead","E02001689","Gateshead 008",,,3481,2920,83.88,320,9.19,186,5.34,46,1.32,3,.09,0,0,4,.11,2,.06,0,0
"A","North East",,,"00CH","Gateshead","E02001690","Gateshead 009",,,3279,1756,53.55,224,6.83,833,25.4,256,7.81,161,4.91,25,.76,22,.67,2,.06,0,0
"A","North East",,,"00CH","Gateshead","E02001691","Gateshead 010",,,4282,3555,83.02,472,11.02,135,3.15,36,.84,31,.72,23,.54,28,.65,2,.05,0,0
"A","North East",,,"00CH","Gateshead","E02001692","Gateshead 011",,,2791,2398,85.92,272,9.75,99,3.55,17,.61,2,.07,0,0,2,.07,1,.04,0,0
"A","North East",,,"00CH","Gateshead","E02001693","Gateshead 012",,,2747,2438,88.75,127,4.62,170,6.19,7,.25,4,.15,0,0,0,0,1,.04,0,0
"A","North East",,,"00CH","Gateshead","E02001694","Gateshead 013",,,2803,1602,57.15,632,22.55,395,14.09,113,4.03,51,1.82,6,.21,3,.11,1,.04,0,0
"A","North East",,,"00CH","Gateshead","E02001695","Gateshead 014",,,2516,1044,41.49,583,23.17,705,28.02,176,7,6,.24,2,.08,0,0,0,0,0,0
"A","North East",,,"00CH","Gateshead","E02001696","Gateshead 015",,,4000,3591,89.78,111,2.78,215,5.38,75,1.88,7,.18,0,0,1,.03,0,0,0,0
"A","North East",,,"00CH","Gateshead","E02001697","Gateshead 016",,,3384,1189,35.14,673,19.89,999,29.52,376,11.11,92,2.72,38,1.12,13,.38,4,.12,0,0
"A","North East",,,"00CH","Gateshead","E02001698","Gateshead 017",,,3158,144,4.56,482,15.26,1315,41.64,776,24.57,294,9.31,116,3.67,30,.95,1,.03,0,0
"A","North East",,,"00CH","Gateshead","E02001699","Gateshead 018",,,3001,2071,69.01,558,18.59,311,10.36,40,1.33,17,.57,3,.1,0,0,1,.03,0,0
"A","North East",,,"00CH","Gateshead","E02001700","Gateshead 019",,,4607,2284,49.58,859,18.65,784,17.02,352,7.64,177,3.84,84,1.82,66,1.43,1,.02,0,0
"A","North East",,,"00CH","Gateshead","E02001701","Gateshead 020",,,2783,461,16.56,501,18,1370,49.23,283,10.17,103,3.7,40,1.44,19,.68,6,.22,0,0
"A","North East",,,"00CH","Gateshead","E02001702","Gateshead 021",,,3741,3286,87.84,152,4.06,199,5.32,54,1.44,29,.78,16,.43,3,.08,2,.05,0,0
"A","North East",,,"00CH","Gateshead","E02001703","Gateshead 022",,,2449,841,34.34,290,11.84,768,31.36,266,10.86,148,6.04,82,3.35,53,2.16,1,.04,0,0
"A","North East",,,"00CH","Gateshead","E02001704","Gateshead 023",,,3433,2827,82.35,170,4.95,300,8.74,102,2.97,26,.76,6,.17,0,0,2,.06,0,0
"A","North East",,,"00CH","Gateshead","E02001705","Gateshead 024",,,3257,2558,78.54,288,8.84,166,5.1,132,4.05,75,2.3,26,.8,11,.34,1,.03,0,0
"A","North East",,,"00CH","Gateshead","E02001706","Gateshead 025",,,2932,2174,74.15,215,7.33,314,10.71,134,4.57,51,1.74,25,.85,17,.58,2,.07,0,0
"A","North East",,,"00CH","Gateshead","E02001707","Gateshead 026",,,3592,2165,60.27,458,12.75,712,19.82,196,5.46,43,1.2,10,.28,4,.11,3,.08,1,.03
"A","North East",,,"00CJ","Newcastle upon Tyne","E02001708","Newcastle upon Tyne 001",,,3970,1202,30.28,1546,38.94,906,22.82,190,4.79,92,2.32,19,.48,14,.35,1,.03,0,0
"A","North East",,,"00CJ","Newcastle upon Tyne","E02001709","Newcastle upon Tyne 002",,,3506,679,19.37,355,10.13,692,19.74,1021,29.12,411,11.72,239,6.82,105,2.99,4,.11,0,0
"A","North East",,,"00CJ","Newcastle upon Tyne","E02001710","Newcastle upon Tyne 003",,,4729,3668,77.56,336,7.11,661,13.98,49,1.04,10,.21,2,.04,3,.06,0,0,0,0
"A","North East",,,"00CJ","Newcastle upon Tyne","E02001711","Newcastle upon Tyne 004",,,4227,3011,71.23,352,8.33,472,11.17,212,5.02,82,1.94,18,.43,66,1.56,14,.33,0,0
"A","North East",,,"00CJ","Newcastle upon Tyne","E02001712","Newcastle upon Tyne 005",,,4110,1173,28.54,683,16.62,816,19.85,792,19.27,318,7.74,190,4.62,123,2.99,15,.36,0,0
"A","North East",,,"00CJ","Newcastle upon Tyne","E02001713","Newcastle upon Tyne 006",,,4483,1321,29.47,348,7.76,815,18.18,658,14.68,481,10.73,391,8.72,449,10.02,20,.45,0,0
"A","North East",,,"00CJ","Newcastle upon Tyne","E02001714","Newcastle upon Tyne 007",,,3960,1013,25.58,203,5.13,1465,36.99,659,16.64,455,11.49,157,3.96,4,.1,4,.1,0,0
"A","North East",,,"00CJ","Newcastle upon Tyne","E02001715","Newcastle upon Tyne 008",,,4748,3611,76.05,116,2.44,646,13.61,206,4.34,55,1.16,34,.72,76,1.6,4,.08,0,0
"A","North East",,,"00CJ","Newcastle upon Tyne","E02001716","Newcastle upon Tyne 009",,,2506,214,8.54,541,21.59,979,39.07,562,22.43,198,7.9,12,.48,0,0,0,0,0,0
"A","North East",,,"00CJ","Newcastle upon Tyne","E02001717","Newcastle upon Tyne 010",,,2267,1064,46.93,607,26.78,370,16.32,167,7.37,54,2.38,2,.09,2,.09,1,.04,0,0
"A","North East",,,"00CJ","Newcastle upon Tyne","E02001718","Newcastle upon Tyne 011",,,2610,2363,90.54,65,2.49,117,4.48,58,2.22,5,.19,1,.04,1,.04,0,0,0,0
"A","North East",,,"00CJ","Newcastle upon Tyne","E02001719","Newcastle upon Tyne 012",,,3905,1252,32.06,633,16.21,1409,36.08,464,11.88,85,2.18,26,.67,27,.69,9,.23,0,0
"A","North East",,,"00CJ","Newcastle upon Tyne","E02001720","Newcastle upon Tyne 013",,,3382,252,7.45,1401,41.43,424,12.54,461,13.63,363,10.73,237,7.01,237,7.01,7,.21,0,0
"A","North East",,,"00CJ","Newcastle upon Tyne","E02001721","Newcastle upon Tyne 014",,,4682,3033,64.78,482,10.29,717,15.31,211,4.51,200,4.27,28,.6,10,.21,1,.02,0,0
"A","North East",,,"00CJ","Newcastle upon Tyne","E02001722","Newcastle upon Tyne 015",,,4395,2761,62.82,943,21.46,571,12.99,93,2.12,25,.57,0,0,2,.05,0,0,0,0
"A","North East",,,"00CJ","Newcastle upon Tyne","E02001723","Newcastle upon Tyne 016",,,2584,1950,75.46,119,4.61,330,12.77,75,2.9,41,1.59,35,1.35,34,1.32,0,0,0,0
"A","North East",,,"00CJ","Newcastle upon Tyne","E02001724","Newcastle upon Tyne 017",,,3610,959,26.57,828,22.94,797,22.08,391,10.83,376,10.42,157,4.35,97,2.69,5,.14,0,0
"A","North East",,,"00CJ","Newcastle upon Tyne","E02001725","Newcastle upon Tyne 018",,,4591,3585,78.09,710,15.47,249,5.42,39,.85,6,.13,1,.02,1,.02,0,0,0,0
"A","North East",,,"00CJ","Newcastle upon Tyne","E02001726","Newcastle upon Tyne 019",,,4813,2928,60.84,1292,26.84,498,10.35,67,1.39,18,.37,8,.17,1,.02,1,.02,0,0
"A","North East",,,"00CJ","Newcastle upon Tyne","E02001727","Newcastle upon Tyne 020",,,4046,2282,56.4,1049,25.93,669,16.53,14,.35,31,.77,0,0,1,.02,0,0,0,0
"A","North East",,,"00CJ","Newcastle upon Tyne","E02001728","Newcastle upon Tyne 021",,,4421,2683,60.69,614,13.89,958,21.67,147,3.33,10,.23,7,.16,0,0,2,.05,0,0
"A","North East",,,"00CJ","Newcastle upon Tyne","E02001729","Newcastle upon Tyne 022",,,4379,2799,63.92,565,12.9,738,16.85,196,4.48,27,.62,44,1,8,.18,2,.05,0,0
"A","North East",,,"00CJ","Newcastle upon Tyne","E02001730","Newcastle upon Tyne 023",,,4350,3038,69.84,610,14.02,420,9.66,208,4.78,46,1.06,22,.51,4,.09,2,.05,0,0
"A","North East",,,"00CJ","Newcastle upon Tyne","E02001731","Newcastle upon Tyne 024",,,4934,3471,70.35,966,19.58,305,6.18,91,1.84,69,1.4,18,.36,5,.1,9,.18,0,0
"A","North East",,,"00CJ","Newcastle upon Tyne","E02001732","Newcastle upon Tyne 025",,,3290,2741,83.31,499,15.17,41,1.25,6,.18,2,.06,0,0,1,.03,0,0,0,0
"A","North East",,,"00CJ","Newcastle upon Tyne","E02001733","Newcastle upon Tyne 026",,,5885,5127,87.12,442,7.51,122,2.07,124,2.11,62,1.05,2,.03,1,.02,4,.07,1,.02
"A","North East",,,"00CJ","Newcastle upon Tyne","E02001734","Newcastle upon Tyne 027",,,3697,2882,77.96,577,15.61,174,4.71,47,1.27,12,.32,0,0,3,.08,2,.05,0,0
"A","North East",,,"00CJ","Newcastle upon Tyne","E02001735","Newcastle upon Tyne 028",,,3043,3010,98.92,30,.99,1,.03,0,0,1,.03,0,0,0,0,1,.03,0,0
"A","North East",,,"00CJ","Newcastle upon Tyne","E02001736","Newcastle upon Tyne 029",,,6096,5557,91.16,317,5.2,150,2.46,40,.66,10,.16,4,.07,12,.2,6,.1,0,0
"A","North East",,,"00CJ","Newcastle upon Tyne","E02001737","Newcastle upon Tyne 030",,,3533,3506,99.24,22,.62,0,0,1,.03,3,.08,0,0,0,0,1,.03,0,0
"A","North East",,,"00CK","North Tyneside","E02001738","North Tyneside 001",,,2487,139,5.59,104,4.18,668,26.86,712,28.63,526,21.15,251,10.09,86,3.46,1,.04,0,0
"A","North East",,,"00CK","North Tyneside","E02001739","North Tyneside 002",,,3446,2208,64.07,507,14.71,464,13.46,219,6.36,44,1.28,3,.09,0,0,1,.03,0,0
"A","North East",,,"00CK","North Tyneside","E02001740","North Tyneside 003",,,2322,180,7.75,193,8.31,663,28.55,729,31.4,370,15.93,111,4.78,72,3.1,4,.17,0,0
"A","North East",,,"00CK","North Tyneside","E02001741","North Tyneside 004",,,3355,1047,31.21,447,13.32,1744,51.98,61,1.82,34,1.01,18,.54,3,.09,1,.03,0,0
"A","North East",,,"00CK","North Tyneside","E02001742","North Tyneside 005",,,2658,189,7.11,436,16.4,1550,58.31,265,9.97,201,7.56,15,.56,1,.04,1,.04,0,0
"A","North East",,,"00CK","North Tyneside","E02001743","North Tyneside 006",,,3205,1032,32.2,553,17.25,1239,38.66,279,8.71,82,2.56,8,.25,5,.16,7,.22,0,0
"A","North East",,,"00CK","North Tyneside","E02001744","North Tyneside 007",,,2745,1381,50.31,457,16.65,738,26.89,94,3.42,37,1.35,22,.8,13,.47,3,.11,0,0
"A","North East",,,"00CK","North Tyneside","E02001745","North Tyneside 008",,,2793,1766,63.23,619,22.16,253,9.06,107,3.83,48,1.72,0,0,0,0,0,0,0,0
"A","North East",,,"00CK","North Tyneside","E02001746","North Tyneside 009",,,3487,1587,45.51,318,9.12,1246,35.73,121,3.47,89,2.55,89,2.55,34,.98,3,.09,0,0
"A","North East",,,"00CK","North Tyneside","E02001747","North Tyneside 010",,,2913,417,14.32,373,12.8,1591,54.62,423,14.52,45,1.54,47,1.61,16,.55,1,.03,0,0
"A","North East",,,"00CK","North Tyneside","E02001748","North Tyneside 011",,,2513,1770,70.43,226,8.99,388,15.44,111,4.42,18,.72,0,0,0,0,0,0,0,0
"A","North East",,,"00CK","North Tyneside","E02001749","North Tyneside 012",,,2637,1457,55.25,254,9.63,396,15.02,309,11.72,153,5.8,62,2.35,4,.15,2,.08,0,0
"A","North East",,,"00CK","North Tyneside","E02001750","North Tyneside 013",,,2670,237,8.88,822,30.79,803,30.07,526,19.7,210,7.87,57,2.13,14,.52,1,.04,0,0
"A","North East",,,"00CK","North Tyneside","E02001751","North Tyneside 014",,,2743,1522,55.49,444,16.19,672,24.5,61,2.22,33,1.2,9,.33,0,0,2,.07,0,0
"A","North East",,,"00CK","North Tyneside","E02001752","North Tyneside 015",,,2838,2212,77.94,160,5.64,411,14.48,55,1.94,0,0,0,0,0,0,0,0,0,0
"A","North East",,,"00CK","North Tyneside","E02001753","North Tyneside 016",,,3212,1113,34.65,604,18.8,529,16.47,695,21.64,187,5.82,61,1.9,21,.65,1,.03,1,.03
"A","North East",,,"00CK","North Tyneside","E02001754","North Tyneside 017",,,2848,1084,38.06,442,15.52,348,12.22,495,17.38,257,9.02,155,5.44,64,2.25,3,.11,0,0
"A","North East",,,"00CK","North Tyneside","E02001755","North Tyneside 018",,,3332,1229,36.88,478,14.35,829,24.88,523,15.7,203,6.09,53,1.59,15,.45,2,.06,0,0
"A","North East",,,"00CK","North Tyneside","E02001756","North Tyneside 019",,,3725,3145,84.43,323,8.67,172,4.62,38,1.02,46,1.23,1,.03,0,0,0,0,0,0
"A","North East",,,"00CK","North Tyneside","E02001757","North Tyneside 020",,,2815,1192,42.34,614,21.81,787,27.96,137,4.87,67,2.38,16,.57,1,.04,1,.04,0,0
"A","North East",,,"00CK","North Tyneside","E02001758","North Tyneside 021",,,2480,1252,50.48,463,18.67,583,23.51,147,5.93,35,1.41,0,0,0,0,0,0,0,0
"A","North East",,,"00CK","North Tyneside","E02001759","North Tyneside 022",,,3197,1847,57.77,613,19.17,557,17.42,120,3.75,38,1.19,19,.59,2,.06,1,.03,0,0
"A","North East",,,"00CK","North Tyneside","E02001760","North Tyneside 023",,,3523,3228,91.63,271,7.69,15,.43,9,.26,0,0,0,0,0,0,0,0,0,0
"A","North East",,,"00CK","North Tyneside","E02001761","North Tyneside 024",,,2685,1813,67.52,574,21.38,283,10.54,11,.41,2,.07,1,.04,0,0,1,.04,0,0
"A","North East",,,"00CK","North Tyneside","E02001762","North Tyneside 025",,,2543,1302,51.2,573,22.53,498,19.58,165,6.49,5,.2,0,0,0,0,0,0,0,0
"A","North East",,,"00CK","North Tyneside","E02001763","North Tyneside 026",,,2975,2751,92.47,210,7.06,10,.34,1,.03,1,.03,1,.03,0,0,1,.03,0,0
"A","North East",,,"00CK","North Tyneside","E02001764","North Tyneside 027",,,3840,3316,86.35,317,8.26,70,1.82,111,2.89,24,.63,0,0,2,.05,0,0,0,0
"A","North East",,,"00CK","North Tyneside","E02001765","North Tyneside 028",,,3119,2910,93.3,180,5.77,20,.64,6,.19,0,0,0,0,1,.03,2,.06,0,0
"A","North East",,,"00CK","North Tyneside","E02001766","North Tyneside 029",,,3083,2585,83.85,177,5.74,183,5.94,77,2.5,54,1.75,6,.19,1,.03,0,0,0,0
"A","North East",,,"00CK","North Tyneside","E02001767","North Tyneside 030",,,3454,2782,80.54,447,12.94,196,5.67,22,.64,4,.12,0,0,2,.06,1,.03,0,0
"A","North East",,,"00CL","South Tyneside","E02001768","South Tyneside 001",,,3319,2287,68.91,536,16.15,275,8.29,130,3.92,75,2.26,13,.39,1,.03,2,.06,0,0
"A","North East",,,"00CL","South Tyneside","E02001769","South Tyneside 002",,,3924,3543,90.29,238,6.07,85,2.17,34,.87,20,.51,1,.03,1,.03,2,.05,0,0
"A","North East",,,"00CL","South Tyneside","E02001770","South Tyneside 003",,,3100,1713,55.26,595,19.19,507,16.35,198,6.39,38,1.23,23,.74,17,.55,9,.29,0,0
"A","North East",,,"00CL","South Tyneside","E02001771","South Tyneside 004",,,2866,1623,56.63,304,10.61,653,22.78,250,8.72,29,1.01,6,.21,0,0,1,.03,0,0
"A","North East",,,"00CL","South Tyneside","E02001772","South Tyneside 005",,,2523,1502,59.53,233,9.24,541,21.44,193,7.65,50,1.98,3,.12,1,.04,0,0,0,0
"A","North East",,,"00CL","South Tyneside","E02001773","South Tyneside 006",,,2458,377,15.34,527,21.44,819,33.32,447,18.19,220,8.95,53,2.16,14,.57,1,.04,0,0
"A","North East",,,"00CL","South Tyneside","E02001774","South Tyneside 007",,,2610,2113,80.96,296,11.34,150,5.75,27,1.03,8,.31,7,.27,5,.19,4,.15,0,0
"A","North East",,,"00CL","South Tyneside","E02001775","South Tyneside 008",,,2491,2283,91.65,97,3.89,77,3.09,32,1.28,0,0,1,.04,0,0,1,.04,0,0
"A","North East",,,"00CL","South Tyneside","E02001776","South Tyneside 009",,,3611,2843,78.73,409,11.33,267,7.39,83,2.3,2,.06,2,.06,0,0,5,.14,0,0
"A","North East",,,"00CL","South Tyneside","E02001777","South Tyneside 010",,,2926,1947,66.54,395,13.5,449,15.35,117,4,15,.51,2,.07,0,0,1,.03,0,0
"A","North East",,,"00CL","South Tyneside","E02001778","South Tyneside 011",,,2918,2667,91.4,186,6.37,57,1.95,5,.17,0,0,0,0,1,.03,2,.07,0,0
"A","North East",,,"00CL","South Tyneside","E02001779","South Tyneside 012",,,2703,2332,86.27,275,10.17,91,3.37,1,.04,2,.07,0,0,1,.04,1,.04,0,0
"A","North East",,,"00CL","South Tyneside","E02001780","South Tyneside 013",,,2673,2002,74.9,136,5.09,128,4.79,231,8.64,124,4.64,38,1.42,14,.52,0,0,0,0
"A","North East",,,"00CL","South Tyneside","E02001781","South Tyneside 014",,,2648,2577,97.32,61,2.3,3,.11,4,.15,2,.08,0,0,0,0,1,.04,0,0
"A","North East",,,"00CL","South Tyneside","E02001782","South Tyneside 015",,,3936,3082,78.3,540,13.72,164,4.17,101,2.57,35,.89,10,.25,3,.08,1,.03,0,0
"A","North East",,,"00CL","South Tyneside","E02001783","South Tyneside 016",,,3144,2835,90.17,151,4.8,133,4.23,23,.73,1,.03,0,0,0,0,1,.03,0,0
"A","North East",,,"00CL","South Tyneside","E02001784","South Tyneside 017",,,2988,2431,81.36,157,5.25,189,6.33,174,5.82,31,1.04,4,.13,1,.03,1,.03,0,0
"A","North East",,,"00CL","South Tyneside","E02001785","South Tyneside 018",,,3680,1833,49.81,792,21.52,398,10.82,253,6.88,225,6.11,119,3.23,55,1.49,5,.14,0,0
"A","North East",,,"00CL","South Tyneside","E02001786","South Tyneside 019",,,3245,2545,78.43,336,10.35,324,9.98,37,1.14,1,.03,0,0,0,0,2,.06,0,0
"A","North East",,,"00CL","South Tyneside","E02001787","South Tyneside 020",,,2366,1431,60.48,740,31.28,119,5.03,57,2.41,10,.42,7,.3,2,.08,0,0,0,0
"A","North East",,,"00CL","South Tyneside","E02001788","South Tyneside 021",,,2702,1757,65.03,313,11.58,265,9.81,321,11.88,45,1.67,0,0,1,.04,0,0,0,0
"A","North East",,,"00CL","South Tyneside","E02001789","South Tyneside 022",,,2502,75,3,236,9.43,672,26.86,607,24.26,406,16.23,327,13.07,170,6.79,9,.36,0,0
"A","North East",,,"00CL","South Tyneside","E02001790","South Tyneside 023",,,2500,585,23.4,742,29.68,496,19.84,404,16.16,172,6.88,65,2.6,35,1.4,1,.04,0,0
"A","North East",,,"00CM","Sunderland","E02001791","Sunderland 001",,,2410,90,3.73,890,36.93,1338,55.52,46,1.91,40,1.66,5,.21,1,.04,0,0,0,0
"A","North East",,,"00CM","Sunderland","E02001792","Sunderland 002",,,3076,618,20.09,838,27.24,670,21.78,732,23.8,135,4.39,51,1.66,30,.98,2,.07,0,0
"A","North East",,,"00CM","Sunderland","E02001793","Sunderland 003",,,4040,4006,99.16,27,.67,3,.07,0,0,1,.02,1,.02,0,0,2,.05,0,0
"A","North East",,,"00CM","Sunderland","E02001794","Sunderland 004",,,3913,3528,90.16,286,7.31,94,2.4,0,0,1,.03,0,0,1,.03,3,.08,0,0
"A","North East",,,"00CM","Sunderland","E02001795","Sunderland 005",,,4206,3727,88.61,290,6.89,162,3.85,6,.14,13,.31,0,0,0,0,8,.19,0,0
"A","North East",,,"00CM","Sunderland","E02001796","Sunderland 006",,,4338,2310,53.25,1042,24.02,590,13.6,254,5.86,127,2.93,12,.28,1,.02,2,.05,0,0
"A","North East",,,"00CM","Sunderland","E02001797","Sunderland 007",,,2483,787,31.7,530,21.35,606,24.41,293,11.8,144,5.8,75,3.02,47,1.89,1,.04,0,0
"A","North East",,,"00CM","Sunderland","E02001798","Sunderland 008",,,3684,3201,86.89,133,3.61,198,5.37,145,3.94,2,.05,3,.08,0,0,2,.05,0,0
"A","North East",,,"00CM","Sunderland","E02001799","Sunderland 009",,,4575,4229,92.44,130,2.84,177,3.87,33,.72,1,.02,5,.11,0,0,0,0,0,0
"A","North East",,,"00CM","Sunderland","E02001800","Sunderland 010",,,2958,1887,63.79,503,17,469,15.86,58,1.96,24,.81,9,.3,6,.2,2,.07,0,0
"A","North East",,,"00CM","Sunderland","E02001801","Sunderland 011",,,3115,2574,82.63,386,12.39,143,4.59,6,.19,1,.03,1,.03,0,0,4,.13,0,0
"A","North East",,,"00CM","Sunderland","E02001802","Sunderland 012",,,3009,2980,99.04,27,.9,1,.03,1,.03,0,0,0,0,0,0,0,0,0,0
"A","North East",,,"00CM","Sunderland","E02001803","Sunderland 013",,,3587,2806,78.23,260,7.25,363,10.12,97,2.7,45,1.25,3,.08,8,.22,5,.14,0,0
"A","North East",,,"00CM","Sunderland","E02001804","Sunderland 014",,,2500,1946,77.84,214,8.56,173,6.92,108,4.32,40,1.6,15,.6,4,.16,0,0,0,0
"A","North East",,,"00CM","Sunderland","E02001805","Sunderland 015",,,2579,1116,43.27,479,18.57,822,31.87,120,4.65,31,1.2,4,.16,5,.19,2,.08,0,0
"A","North East",,,"00CM","Sunderland","E02001806","Sunderland 016",,,4213,3784,89.82,246,5.84,37,.88,104,2.47,15,.36,8,.19,14,.33,5,.12,0,0
"A","North East",,,"00CM","Sunderland","E02001807","Sunderland 017",,,2930,1949,66.52,237,8.09,466,15.9,197,6.72,67,2.29,7,.24,4,.14,3,.1,0,0
"A","North East",,,"00CM","Sunderland","E02001808","Sunderland 018",,,2471,684,27.68,1445,58.48,276,11.17,51,2.06,10,.4,4,.16,1,.04,0,0,0,0
"A","North East",,,"00CM","Sunderland","E02001809","Sunderland 019",,,2972,1460,49.13,757,25.47,475,15.98,184,6.19,36,1.21,29,.98,30,1.01,1,.03,0,0
"A","North East",,,"00CM","Sunderland","E02001810","Sunderland 020",,,3744,2084,55.66,882,23.56,441,11.78,326,8.71,11,.29,0,0,0,0,0,0,0,0
"A","North East",,,"00CM","Sunderland","E02001811","Sunderland 021",,,4425,3611,81.6,164,3.71,612,13.83,25,.56,11,.25,0,0,2,.05,0,0,0,0
"A","North East",,,"00CM","Sunderland","E02001812","Sunderland 022",,,4256,272,6.39,269,6.32,2122,49.86,1092,25.66,234,5.5,143,3.36,118,2.77,6,.14,0,0
"A","North East",,,"00CM","Sunderland","E02001813","Sunderland 023",,,4569,4496,98.4,33,.72,24,.53,15,.33,1,.02,0,0,0,0,0,0,0,0
"A","North East",,,"00CM","Sunderland","E02001814","Sunderland 024",,,2670,1657,62.06,498,18.65,389,14.57,82,3.07,33,1.24,7,.26,2,.07,2,.07,0,0
"A","North East",,,"00CM","Sunderland","E02001815","Sunderland 025",,,4076,1929,47.33,286,7.02,288,7.07,638,15.65,627,15.38,192,4.71,115,2.82,1,.02,0,0
"A","North East",,,"00CM","Sunderland","E02001816","Sunderland 026",,,3539,2964,83.75,296,8.36,120,3.39,83,2.35,61,1.72,11,.31,1,.03,2,.06,1,.03
"A","North East",,,"00CM","Sunderland","E02001817","Sunderland 027",,,3298,2741,83.11,291,8.82,136,4.12,92,2.79,31,.94,2,.06,5,.15,0,0,0,0
"A","North East",,,"00CM","Sunderland","E02001818","Sunderland 028",,,3342,2501,74.84,328,9.81,325,9.72,153,4.58,24,.72,2,.06,2,.06,7,.21,0,0
"A","North East",,,"00CM","Sunderland","E02001819","Sunderland 029",,,3157,807,25.56,334,10.58,1122,35.54,563,17.83,231,7.32,82,2.6,17,.54,1,.03,0,0
"A","North East",,,"00CM","Sunderland","E02001820","Sunderland 030",,,3452,2013,58.31,718,20.8,458,13.27,214,6.2,38,1.1,9,.26,2,.06,0,0,0,0
"A","North East",,,"00CM","Sunderland","E02001821","Sunderland 031",,,2427,1329,54.76,218,8.98,392,16.15,377,15.53,48,1.98,40,1.65,23,.95,0,0,0,0
"A","North East",,,"00CM","Sunderland","E02001822","Sunderland 032",,,3265,2026,62.05,187,5.73,363,11.12,483,14.79,136,4.17,44,1.35,19,.58,7,.21,0,0
"A","North East",,,"00CM","Sunderland","E02001823","Sunderland 033",,,3098,2788,89.99,174,5.62,45,1.45,58,1.87,17,.55,9,.29,6,.19,1,.03,0,0
"A","North East",,,"00CM","Sunderland","E02001824","Sunderland 034",,,3947,2246,56.9,796,20.17,539,13.66,217,5.5,122,3.09,17,.43,9,.23,1,.03,0,0
"A","North East",,,"00CM","Sunderland","E02001825","Sunderland 035",,,3673,2779,75.66,400,10.89,223,6.07,166,4.52,66,1.8,27,.74,8,.22,4,.11,0,0
"A","North East",,,"00CM","Sunderland","E02001826","Sunderland 036",,,2895,2371,81.9,383,13.23,95,3.28,20,.69,8,.28,9,.31,8,.28,1,.03,0,0
"A","North East",,,"00EB","Hartlepool","E02002483","Hartlepool 001",,,3022,1344,44.47,479,15.85,739,24.45,294,9.73,132,4.37,31,1.03,3,.1,0,0,0,0
"A","North East",,,"00EB","Hartlepool","E02002484","Hartlepool 002",,,4690,4173,88.98,327,6.97,100,2.13,49,1.04,18,.38,15,.32,5,.11,3,.06,0,0
"A","North East",,,"00EB","Hartlepool","E02002485","Hartlepool 003",,,4100,3482,84.93,302,7.37,193,4.71,102,2.49,16,.39,3,.07,2,.05,0,0,0,0
"A","North East",,,"00EB","Hartlepool","E02002486","Hartlepool 004",,,2418,86,3.56,244,10.09,505,20.89,742,30.69,496,20.51,243,10.05,101,4.18,1,.04,0,0
"A","North East",,,"00EB","Hartlepool","E02002487","Hartlepool 005",,,2957,2607,88.16,274,9.27,54,1.83,4,.14,11,.37,7,.24,0,0,0,0,0,0
"A","North East",,,"00EB","Hartlepool","E02002488","Hartlepool 006",,,2401,564,23.49,441,18.37,553,23.03,409,17.03,230,9.58,79,3.29,124,5.16,1,.04,0,0
"A","North East",,,"00EB","Hartlepool","E02002489","Hartlepool 007",,,3651,2727,74.69,564,15.45,165,4.52,161,4.41,17,.47,9,.25,5,.14,3,.08,0,0
"A","North East",,,"00EB","Hartlepool","E02002490","Hartlepool 008",,,3009,2268,75.37,420,13.96,248,8.24,57,1.89,12,.4,2,.07,2,.07,0,0,0,0
"A","North East",,,"00EB","Hartlepool","E02002491","Hartlepool 009",,,2895,2219,76.65,292,10.09,374,12.92,7,.24,0,0,1,.03,0,0,2,.07,0,0
"A","North East",,,"00EB","Hartlepool","E02002492","Hartlepool 010",,,2729,1902,69.7,480,17.59,201,7.37,125,4.58,14,.51,3,.11,2,.07,2,.07,0,0
"A","North East",,,"00EB","Hartlepool","E02002493","Hartlepool 011",,,2531,485,19.16,788,31.13,686,27.1,431,17.03,108,4.27,26,1.03,6,.24,1,.04,0,0
"A","North East",,,"00EB","Hartlepool","E02002494","Hartlepool 012",,,3492,2988,85.57,169,4.84,327,9.36,4,.11,2,.06,1,.03,0,0,1,.03,0,0
"A","North East",,,"00EB","Hartlepool","E02002495","Hartlepool 013",,,2277,250,10.98,953,41.85,856,37.59,154,6.76,43,1.89,10,.44,9,.4,2,.09,0,0
"A","North East",,,"00EC","Middlesbrough","E02002496","Middlesbrough 001",,,4684,4252,90.78,339,7.24,65,1.39,6,.13,2,.04,4,.09,10,.21,6,.13,0,0
"A","North East",,,"00EC","Middlesbrough","E02002497","Middlesbrough 002",,,3205,3075,95.94,107,3.34,17,.53,2,.06,1,.03,2,.06,0,0,1,.03,0,0
"A","North East",,,"00EC","Middlesbrough","E02002498","Middlesbrough 003",,,4572,4523,98.93,40,.87,6,.13,0,0,1,.02,0,0,2,.04,0,0,0,0
"A","North East",,,"00EC","Middlesbrough","E02002499","Middlesbrough 004",,,3170,2982,94.07,181,5.71,4,.13,0,0,2,.06,0,0,1,.03,0,0,0,0
"A","North East",,,"00EC","Middlesbrough","E02002500","Middlesbrough 005",,,2328,846,36.34,1236,53.09,115,4.94,38,1.63,81,3.48,4,.17,7,.3,1,.04,0,0
"A","North East",,,"00EC","Middlesbrough","E02002501","Middlesbrough 006",,,2661,1719,64.6,722,27.13,135,5.07,67,2.52,12,.45,1,.04,2,.08,3,.11,0,0
"A","North East",,,"00EC","Middlesbrough","E02002502","Middlesbrough 007",,,4684,4172,89.07,302,6.45,180,3.84,7,.15,14,.3,9,.19,0,0,0,0,0,0
"A","North East",,,"00EC","Middlesbrough","E02002503","Middlesbrough 008",,,2943,2241,76.15,445,15.12,218,7.41,22,.75,11,.37,2,.07,4,.14,0,0,0,0
"A","North East",,,"00EC","Middlesbrough","E02002504","Middlesbrough 009",,,3239,523,16.15,1071,33.07,984,30.38,458,14.14,163,5.03,30,.93,7,.22,3,.09,0,0
"A","North East",,,"00EC","Middlesbrough","E02002505","Middlesbrough 010",,,2699,2612,96.78,53,1.96,16,.59,14,.52,4,.15,0,0,0,0,0,0,0,0
"A","North East",,,"00EC","Middlesbrough","E02002506","Middlesbrough 011",,,2386,2219,93,113,4.74,40,1.68,2,.08,1,.04,2,.08,5,.21,4,.17,0,0
"A","North East",,,"00EC","Middlesbrough","E02002507","Middlesbrough 012",,,2403,115,4.79,609,25.34,1289,53.64,281,11.69,87,3.62,15,.62,7,.29,0,0,0,0
"A","North East",,,"00EC","Middlesbrough","E02002508","Middlesbrough 013",,,2136,130,6.09,262,12.27,1477,69.15,175,8.19,81,3.79,6,.28,5,.23,0,0,0,0
"A","North East",,,"00EC","Middlesbrough","E02002509","Middlesbrough 014",,,2389,1259,52.7,276,11.55,481,20.13,285,11.93,74,3.1,12,.5,1,.04,1,.04,0,0
"A","North East",,,"00EC","Middlesbrough","E02002510","Middlesbrough 015",,,2508,63,2.51,876,34.93,1350,53.83,159,6.34,27,1.08,24,.96,9,.36,0,0,0,0
"A","North East",,,"00EC","Middlesbrough","E02002511","Middlesbrough 016",,,3767,209,5.55,390,10.35,1365,36.24,1080,28.67,357,9.48,160,4.25,191,5.07,15,.4,0,0
"A","North East",,,"00EC","Middlesbrough","E02002512","Middlesbrough 017",,,2127,49,2.3,142,6.68,604,28.4,611,28.73,494,23.23,199,9.36,28,1.32,0,0,0,0
"A","North East",,,"00EC","Middlesbrough","E02002513","Middlesbrough 018",,,4155,2282,54.92,762,18.34,494,11.89,385,9.27,112,2.7,78,1.88,42,1.01,0,0,0,0
"A","North East",,,"00EC","Middlesbrough","E02002514","Middlesbrough 019",,,3630,1170,32.23,976,26.89,688,18.95,561,15.45,157,4.33,60,1.65,15,.41,3,.08,0,0
"A","North East",,,"00EE","Redcar and Cleveland","E02002515","Redcar and Cleveland 001",,,3369,2349,69.72,754,22.38,175,5.19,65,1.93,18,.53,4,.12,2,.06,2,.06,0,0
"A","North East",,,"00EE","Redcar and Cleveland","E02002516","Redcar and Cleveland 002",,,2605,1370,52.59,827,31.75,344,13.21,57,2.19,5,.19,1,.04,1,.04,0,0,0,0
"A","North East",,,"00EE","Redcar and Cleveland","E02002517","Redcar and Cleveland 003",,,2510,1548,61.67,462,18.41,424,16.89,51,2.03,22,.88,3,.12,0,0,0,0,0,0
"A","North East",,,"00EE","Redcar and Cleveland","E02002518","Redcar and Cleveland 004",,,4507,316,7.01,1399,31.04,1786,39.63,756,16.77,241,5.35,7,.16,0,0,2,.04,0,0
"A","North East",,,"00EE","Redcar and Cleveland","E02002519","Redcar and Cleveland 005",,,3304,2044,61.86,464,14.04,529,16.01,120,3.63,82,2.48,63,1.91,0,0,2,.06,0,0
"A","North East",,,"00EE","Redcar and Cleveland","E02002520","Redcar and Cleveland 006",,,5381,1036,19.25,1328,24.68,2086,38.77,627,11.65,265,4.92,27,.5,12,.22,0,0,0,0
"A","North East",,,"00EE","Redcar and Cleveland","E02002521","Redcar and Cleveland 007",,,2899,776,26.77,798,27.53,698,24.08,321,11.07,163,5.62,80,2.76,61,2.1,2,.07,0,0
"A","North East",,,"00EE","Redcar and Cleveland","E02002522","Redcar and Cleveland 008",,,2882,2326,80.71,411,14.26,122,4.23,17,.59,3,.1,1,.03,1,.03,1,.03,0,0
"A","North East",,,"00EE","Redcar and Cleveland","E02002523","Redcar and Cleveland 009",,,3154,3062,97.08,78,2.47,11,.35,1,.03,0,0,2,.06,0,0,0,0,0,0
"A","North East",,,"00EE","Redcar and Cleveland","E02002524","Redcar and Cleveland 010",,,2284,951,41.64,503,22.02,573,25.09,195,8.54,53,2.32,1,.04,8,.35,0,0,0,0
"A","North East",,,"00EE","Redcar and Cleveland","E02002525","Redcar and Cleveland 011",,,3797,2230,58.73,898,23.65,536,14.12,107,2.82,11,.29,6,.16,5,.13,4,.11,0,0
"A","North East",,,"00EE","Redcar and Cleveland","E02002526","Redcar and Cleveland 012",,,2897,1466,50.6,699,24.13,485,16.74,159,5.49,57,1.97,22,.76,8,.28,1,.03,0,0
"A","North East",,,"00EE","Redcar and Cleveland","E02002527","Redcar and Cleveland 013",,,2515,2121,84.33,217,8.63,110,4.37,45,1.79,16,.64,5,.2,1,.04,0,0,0,0
"A","North East",,,"00EE","Redcar and Cleveland","E02002528","Redcar and Cleveland 014",,,2293,729,31.79,272,11.86,945,41.21,223,9.73,86,3.75,20,.87,18,.78,0,0,0,0
"A","North East",,,"00EE","Redcar and Cleveland","E02002529","Redcar and Cleveland 015",,,2589,1236,47.74,219,8.46,851,32.87,220,8.5,31,1.2,25,.97,6,.23,1,.04,0,0
"A","North East",,,"00EE","Redcar and Cleveland","E02002530","Redcar and Cleveland 016",,,2735,1513,55.32,338,12.36,481,17.59,254,9.29,112,4.1,24,.88,13,.48,0,0,0,0
"A","North East",,,"00EE","Redcar and Cleveland","E02002531","Redcar and Cleveland 017",,,3443,1307,37.96,607,17.63,1043,30.29,252,7.32,114,3.31,85,2.47,33,.96,2,.06,0,0
"A","North East",,,"00EE","Redcar and Cleveland","E02002532","Redcar and Cleveland 018",,,2841,1416,49.84,988,34.78,239,8.41,86,3.03,63,2.22,27,.95,21,.74,1,.04,0,0
"A","North East",,,"00EE","Redcar and Cleveland","E02002533","Redcar and Cleveland 019",,,2374,398,16.76,277,11.67,576,24.26,435,18.32,498,20.98,135,5.69,55,2.32,0,0,0,0
"A","North East",,,"00EE","Redcar and Cleveland","E02002534","Redcar and Cleveland 020",,,2451,51,2.08,150,6.12,1071,43.7,454,18.52,508,20.73,118,4.81,95,3.88,4,.16,0,0
"A","North East",,,"00EF","Stockton-on-Tees","E02002535","Stockton-on-Tees 001",,,4006,753,18.8,1416,35.35,914,22.82,651,16.25,193,4.82,61,1.52,17,.42,1,.02,0,0
"A","North East",,,"00EF","Stockton-on-Tees","E02002536","Stockton-on-Tees 002",,,4281,2702,63.12,631,14.74,783,18.29,83,1.94,73,1.71,6,.14,3,.07,0,0,0,0
"A","North East",,,"00EF","Stockton-on-Tees","E02002537","Stockton-on-Tees 003",,,3805,3656,96.08,68,1.79,50,1.31,14,.37,9,.24,5,.13,2,.05,1,.03,0,0
"A","North East",,,"00EF","Stockton-on-Tees","E02002538","Stockton-on-Tees 004",,,2410,1884,78.17,240,9.96,218,9.05,28,1.16,31,1.29,5,.21,2,.08,2,.08,0,0
"A","North East",,,"00EF","Stockton-on-Tees","E02002539","Stockton-on-Tees 005",,,3267,369,11.29,309,9.46,731,22.38,685,20.97,466,14.26,314,9.61,354,10.84,39,1.19,0,0
"A","North East",,,"00EF","Stockton-on-Tees","E02002540","Stockton-on-Tees 006",,,2715,239,8.8,754,27.77,805,29.65,410,15.1,359,13.22,122,4.49,25,.92,1,.04,0,0
"A","North East",,,"00EF","Stockton-on-Tees","E02002541","Stockton-on-Tees 007",,,2868,1505,52.48,783,27.3,407,14.19,91,3.17,43,1.5,23,.8,15,.52,1,.03,0,0
"A","North East",,,"00EF","Stockton-on-Tees","E02002542","Stockton-on-Tees 008",,,3377,2857,84.6,376,11.13,98,2.9,27,.8,12,.36,5,.15,0,0,2,.06,0,0
"A","North East",,,"00EF","Stockton-on-Tees","E02002543","Stockton-on-Tees 009",,,3470,2960,85.3,55,1.59,116,3.34,162,4.67,147,4.24,23,.66,5,.14,2,.06,0,0
"A","North East",,,"00EF","Stockton-on-Tees","E02002544","Stockton-on-Tees 010",,,3585,2874,80.17,563,15.7,112,3.12,18,.5,8,.22,2,.06,6,.17,2,.06,0,0
"A","North East",,,"00EF","Stockton-on-Tees","E02002545","Stockton-on-Tees 011",,,2329,195,8.37,1209,51.91,781,33.53,93,3.99,46,1.98,2,.09,1,.04,2,.09,0,0
"A","North East",,,"00EF","Stockton-on-Tees","E02002546","Stockton-on-Tees 012",,,3330,2357,70.78,457,13.72,354,10.63,110,3.3,39,1.17,7,.21,5,.15,1,.03,0,0
"A","North East",,,"00EF","Stockton-on-Tees","E02002547","Stockton-on-Tees 013",,,2650,544,20.53,303,11.43,1019,38.45,528,19.92,203,7.66,50,1.89,2,.08,1,.04,0,0
"A","North East",,,"00EF","Stockton-on-Tees","E02002548","Stockton-on-Tees 014",,,5232,4722,90.25,262,5.01,145,2.77,43,.82,50,.96,5,.1,2,.04,3,.06,0,0
"A","North East",,,"00EF","Stockton-on-Tees","E02002549","Stockton-on-Tees 015",,,3418,410,12,955,27.94,1534,44.88,407,11.91,93,2.72,16,.47,2,.06,1,.03,0,0
"A","North East",,,"00EF","Stockton-on-Tees","E02002550","Stockton-on-Tees 016",,,2769,878,31.71,325,11.74,902,32.57,338,12.21,158,5.71,135,4.88,32,1.16,1,.04,0,0
"A","North East",,,"00EF","Stockton-on-Tees","E02002551","Stockton-on-Tees 017",,,2883,2298,79.71,329,11.41,120,4.16,113,3.92,17,.59,1,.03,1,.03,4,.14,0,0
"A","North East",,,"00EF","Stockton-on-Tees","E02002552","Stockton-on-Tees 018",,,2631,1612,61.27,788,29.95,180,6.84,45,1.71,5,.19,0,0,0,0,1,.04,0,0
"A","North East",,,"00EF","Stockton-on-Tees","E02002553","Stockton-on-Tees 019",,,2336,1157,49.53,572,24.49,389,16.65,148,6.34,53,2.27,13,.56,3,.13,1,.04,0,0
"A","North East",,,"00EF","Stockton-on-Tees","E02002554","Stockton-on-Tees 020",,,2464,1504,61.04,587,23.82,304,12.34,62,2.52,5,.2,0,0,2,.08,0,0,0,0
"A","North East",,,"00EF","Stockton-on-Tees","E02002555","Stockton-on-Tees 021",,,3991,475,11.9,992,24.86,1214,30.42,750,18.79,308,7.72,122,3.06,121,3.03,9,.23,0,0
"A","North East",,,"00EF","Stockton-on-Tees","E02002556","Stockton-on-Tees 022",,,2811,38,1.35,372,13.23,742,26.4,855,30.42,471,16.76,225,8,108,3.84,0,0,0,0
"A","North East",,,"00EF","Stockton-on-Tees","E02002557","Stockton-on-Tees 023",,,3078,15,.49,363,11.79,818,26.58,1136,36.91,667,21.67,75,2.44,3,.1,1,.03,0,0
"A","North East",,,"00EF","Stockton-on-Tees","E02002558","Stockton-on-Tees 024",,,4179,480,11.49,775,18.55,761,18.21,943,22.57,775,18.55,305,7.3,134,3.21,6,.14,0,0
"A","North East",,,"00EH","Darlington","E02002559","Darlington 001",,,2846,145,5.09,614,21.57,594,20.87,727,25.54,451,15.85,221,7.77,91,3.2,3,.11,0,0
"A","North East",,,"00EH","Darlington","E02002560","Darlington 002",,,2573,819,31.83,1254,48.74,193,7.5,135,5.25,154,5.99,17,.66,0,0,1,.04,0,0
"A","North East",,,"00EH","Darlington","E02002561","Darlington 003",,,2538,706,27.82,721,28.41,515,20.29,460,18.12,130,5.12,4,.16,2,.08,0,0,0,0
"A","North East",,,"00EH","Darlington","E02002562","Darlington 004",,,3070,2399,78.14,309,10.07,223,7.26,135,4.4,3,.1,0,0,0,0,1,.03,0,0
"A","North East",,,"00EH","Darlington","E02002563","Darlington 005",,,2414,1347,55.8,574,23.78,335,13.88,122,5.05,17,.7,4,.17,11,.46,4,.17,0,0
"A","North East",,,"00EH","Darlington","E02002564","Darlington 006",,,4131,2633,63.74,979,23.7,386,9.34,108,2.61,21,.51,2,.05,1,.02,1,.02,0,0
"A","North East",,,"00EH","Darlington","E02002565","Darlington 007",,,2713,1812,66.79,664,24.47,189,6.97,32,1.18,10,.37,1,.04,5,.18,0,0,0,0
"A","North East",,,"00EH","Darlington","E02002566","Darlington 008",,,3346,2826,84.46,256,7.65,171,5.11,75,2.24,10,.3,2,.06,4,.12,2,.06,0,0
"A","North East",,,"00EH","Darlington","E02002567","Darlington 009",,,3077,1948,63.31,1036,33.67,70,2.27,16,.52,1,.03,1,.03,2,.06,3,.1,0,0
"A","North East",,,"00EH","Darlington","E02002568","Darlington 010",,,2497,385,15.42,100,4,643,25.75,767,30.72,336,13.46,183,7.33,80,3.2,3,.12,0,0
"A","North East",,,"00EH","Darlington","E02002569","Darlington 011",,,3991,162,4.06,92,2.31,1668,41.79,916,22.95,662,16.59,362,9.07,124,3.11,5,.13,0,0
"A","North East",,,"00EH","Darlington","E02002570","Darlington 012",,,3525,2783,78.95,586,16.62,128,3.63,19,.54,3,.09,1,.03,1,.03,4,.11,0,0
"A","North East",,,"00EH","Darlington","E02002571","Darlington 013",,,2337,1615,69.11,680,29.1,39,1.67,3,.13,0,0,0,0,0,0,0,0,0,0
"A","North East",,,"00EH","Darlington","E02002572","Darlington 014",,,2811,1985,70.62,371,13.2,257,9.14,156,5.55,24,.85,3,.11,15,.53,0,0,0,0
"A","North East",,,"00EH","Darlington","E02002573","Darlington 015",,,3063,596,19.46,424,13.84,564,18.41,625,20.4,556,18.15,183,5.97,88,2.87,27,.88,0,0
"A","North East","20","Durham","20UB","Chester-le-Street","E02004290","Chester-le-Street 001",,,2572,926,36,554,21.54,792,30.79,213,8.28,45,1.75,24,.93,17,.66,1,.04,0,0
"A","North East","20","Durham","20UB","Chester-le-Street","E02004291","Chester-le-Street 002",,,3159,2388,75.59,402,12.73,273,8.64,62,1.96,25,.79,5,.16,3,.09,1,.03,0,0
"A","North East","20","Durham","20UB","Chester-le-Street","E02004292","Chester-le-Street 003",,,3350,1118,33.37,291,8.69,1169,34.9,387,11.55,200,5.97,113,3.37,69,2.06,3,.09,0,0
"A","North East","20","Durham","20UB","Chester-le-Street","E02004293","Chester-le-Street 004",,,4524,3835,84.77,306,6.76,147,3.25,121,2.67,73,1.61,12,.27,26,.57,4,.09,0,0
"A","North East","20","Durham","20UB","Chester-le-Street","E02004294","Chester-le-Street 005",,,3651,974,26.68,468,12.82,967,26.49,720,19.72,377,10.33,58,1.59,86,2.36,1,.03,0,0
"A","North East","20","Durham","20UB","Chester-le-Street","E02004295","Chester-le-Street 006",,,3247,1632,50.26,200,6.16,753,23.19,299,9.21,326,10.04,30,.92,7,.22,0,0,0,0
"A","North East","20","Durham","20UB","Chester-le-Street","E02004296","Chester-le-Street 007",,,3544,2522,71.16,410,11.57,279,7.87,192,5.42,62,1.75,51,1.44,27,.76,1,.03,0,0
"A","North East","20","Durham","20UD","Derwentside","E02004297","Derwentside 001",,,3409,2020,59.25,370,10.85,489,14.34,316,9.27,149,4.37,36,1.06,26,.76,3,.09,0,0
"A","North East","20","Durham","20UD","Derwentside","E02004298","Derwentside 002",,,4029,1736,43.09,446,11.07,670,16.63,430,10.67,357,8.86,180,4.47,200,4.96,10,.25,0,0
"A","North East","20","Durham","20UD","Derwentside","E02004299","Derwentside 003",,,3561,2444,68.63,472,13.25,365,10.25,158,4.44,83,2.33,23,.65,14,.39,2,.06,0,0
"A","North East","20","Durham","20UD","Derwentside","E02004300","Derwentside 004",,,3520,2953,83.89,196,5.57,216,6.14,93,2.64,31,.88,14,.4,17,.48,0,0,0,0
"A","North East","20","Durham","20UD","Derwentside","E02004301","Derwentside 005",,,3835,3573,93.17,116,3.02,98,2.56,35,.91,8,.21,1,.03,2,.05,2,.05,0,0
"A","North East","20","Durham","20UD","Derwentside","E02004302","Derwentside 006",,,3584,3281,91.55,154,4.3,83,2.32,30,.84,24,.67,8,.22,2,.06,2,.06,0,0
"A","North East","20","Durham","20UD","Derwentside","E02004303","Derwentside 007",,,4562,3494,76.59,536,11.75,206,4.52,199,4.36,112,2.46,9,.2,3,.07,3,.07,0,0
"A","North East","20","Durham","20UD","Derwentside","E02004304","Derwentside 008",,,3330,2682,80.54,330,9.91,218,6.55,37,1.11,31,.93,18,.54,10,.3,4,.12,0,0
"A","North East","20","Durham","20UD","Derwentside","E02004305","Derwentside 009",,,3626,2594,71.54,443,12.22,349,9.62,125,3.45,60,1.65,39,1.08,16,.44,0,0,0,0
"A","North East","20","Durham","20UD","Derwentside","E02004306","Derwentside 010",,,2543,1005,39.52,347,13.65,602,23.67,288,11.33,162,6.37,90,3.54,43,1.69,6,.24,0,0
"A","North East","20","Durham","20UD","Derwentside","E02004307","Derwentside 011",,,2879,1998,69.4,228,7.92,242,8.41,236,8.2,120,4.17,34,1.18,18,.63,3,.1,0,0
"A","North East","20","Durham","20UE","Durham","E02004308","Durham 001",,,2923,473,16.18,1275,43.62,670,22.92,347,11.87,102,3.49,18,.62,36,1.23,2,.07,0,0
"A","North East","20","Durham","20UE","Durham","E02004309","Durham 002",,,2684,1704,63.49,326,12.15,293,10.92,276,10.28,43,1.6,37,1.38,3,.11,2,.07,0,0
"A","North East","20","Durham","20UE","Durham","E02004310","Durham 003",,,3464,2334,67.38,438,12.64,335,9.67,178,5.14,114,3.29,33,.95,31,.89,1,.03,0,0
"A","North East","20","Durham","20UE","Durham","E02004311","Durham 004",,,4001,2612,65.28,341,8.52,414,10.35,330,8.25,194,4.85,69,1.72,39,.97,2,.05,0,0
"A","North East","20","Durham","20UE","Durham","E02004312","Durham 005",,,3349,663,19.8,549,16.39,1575,47.03,484,14.45,50,1.49,20,.6,5,.15,3,.09,0,0
"A","North East","20","Durham","20UE","Durham","E02004313","Durham 006",,,2824,1915,67.81,601,21.28,187,6.62,60,2.12,33,1.17,12,.42,15,.53,1,.04,0,0
"A","North East","20","Durham","20UE","Durham","E02004314","Durham 007",,,2362,111,4.7,675,28.58,634,26.84,377,15.96,217,9.19,164,6.94,136,5.76,48,2.03,0,0
"A","North East","20","Durham","20UE","Durham","E02004315","Durham 008",,,3348,603,18.01,338,10.1,772,23.06,552,16.49,420,12.54,376,11.23,264,7.89,23,.69,0,0
"A","North East","20","Durham","20UE","Durham","E02004316","Durham 009",,,2601,2171,83.47,164,6.31,129,4.96,74,2.85,42,1.61,16,.62,5,.19,0,0,0,0
"A","North East","20","Durham","20UE","Durham","E02004317","Durham 010",,,3443,2309,67.06,436,12.66,340,9.88,169,4.91,78,2.27,54,1.57,50,1.45,7,.2,0,0
"A","North East","20","Durham","20UE","Durham","E02004318","Durham 011",,,2638,1504,57.01,203,7.7,207,7.85,318,12.05,254,9.63,100,3.79,50,1.9,2,.08,0,0
"A","North East","20","Durham","20UE","Durham","E02004319","Durham 012",,,3160,2183,69.08,278,8.8,307,9.72,305,9.65,70,2.22,14,.44,3,.09,0,0,0,0
"A","North East","20","Durham","20UF","Easington","E02004320","Easington 001",,,3140,1909,60.8,693,22.07,325,10.35,117,3.73,83,2.64,8,.25,5,.16,0,0,0,0
"A","North East","20","Durham","20UF","Easington","E02004321","Easington 002",,,3601,3111,86.39,180,5,201,5.58,72,2,21,.58,5,.14,11,.31,0,0,0,0
"A","North East","20","Durham","20UF","Easington","E02004322","Easington 003",,,3977,3796,95.45,34,.85,76,1.91,46,1.16,13,.33,6,.15,4,.1,2,.05,0,0
"A","North East","20","Durham","20UF","Easington","E02004323","Easington 004",,,2972,2499,84.08,283,9.52,99,3.33,69,2.32,15,.5,6,.2,1,.03,0,0,0,0
"A","North East","20","Durham","20UF","Easington","E02004324","Easington 005",,,2756,2113,76.67,106,3.85,229,8.31,181,6.57,68,2.47,50,1.81,8,.29,1,.04,0,0
"A","North East","20","Durham","20UF","Easington","E02004325","Easington 006",,,3919,3862,98.55,26,.66,13,.33,7,.18,7,.18,0,0,1,.03,3,.08,0,0
"A","North East","20","Durham","20UF","Easington","E02004326","Easington 007",,,2662,2177,81.78,165,6.2,165,6.2,110,4.13,32,1.2,8,.3,5,.19,0,0,0,0
"A","North East","20","Durham","20UF","Easington","E02004327","Easington 008",,,3027,2895,95.64,54,1.78,42,1.39,24,.79,7,.23,4,.13,0,0,1,.03,0,0
"A","North East","20","Durham","20UF","Easington","E02004328","Easington 009",,,3180,2841,89.34,125,3.93,169,5.31,40,1.26,4,.13,0,0,0,0,1,.03,0,0
"A","North East","20","Durham","20UF","Easington","E02004329","Easington 010",,,2863,1492,52.11,285,9.95,413,14.43,424,14.81,202,7.06,40,1.4,5,.17,2,.07,0,0
"A","North East","20","Durham","20UF","Easington","E02004330","Easington 011",,,2925,2351,80.38,252,8.62,195,6.67,73,2.5,44,1.5,6,.21,1,.03,3,.1,0,0
"A","North East","20","Durham","20UF","Easington","E02004331","Easington 012",,,3220,2877,89.35,128,3.98,131,4.07,71,2.2,6,.19,3,.09,4,.12,0,0,0,0
"A","North East","20","Durham","20UF","Easington","E02004332","Easington 013",,,2915,2032,69.71,203,6.96,292,10.02,176,6.04,120,4.12,45,1.54,40,1.37,7,.24,0,0
"A","North East","20","Durham","20UG","Sedgefield","E02004333","Sedgefield 001",,,3161,1556,49.22,764,24.17,434,13.73,278,8.79,78,2.47,42,1.33,9,.28,0,0,0,0
"A","North East","20","Durham","20UG","Sedgefield","E02004334","Sedgefield 002",,,3265,2720,83.31,118,3.61,274,8.39,109,3.34,34,1.04,7,.21,2,.06,1,.03,0,0
"A","North East","20","Durham","20UG","Sedgefield","E02004335","Sedgefield 003",,,3191,2774,86.93,175,5.48,173,5.42,53,1.66,13,.41,2,.06,1,.03,0,0,0,0
"A","North East","20","Durham","20UG","Sedgefield","E02004336","Sedgefield 004",,,3436,2975,86.58,269,7.83,99,2.88,61,1.78,22,.64,6,.17,1,.03,3,.09,0,0
"A","North East","20","Durham","20UG","Sedgefield","E02004337","Sedgefield 005",,,3847,2648,68.83,291,7.56,358,9.31,412,10.71,100,2.6,33,.86,3,.08,2,.05,0,0
"A","North East","20","Durham","20UG","Sedgefield","E02004338","Sedgefield 006",,,3310,2807,84.8,223,6.74,132,3.99,75,2.27,35,1.06,20,.6,16,.48,2,.06,0,0
"A","North East","20","Durham","20UG","Sedgefield","E02004339","Sedgefield 007",,,2799,488,17.43,677,24.19,759,27.12,442,15.79,291,10.4,111,3.97,27,.96,4,.14,0,0
"A","North East","20","Durham","20UG","Sedgefield","E02004340","Sedgefield 008",,,4942,4436,89.76,194,3.93,158,3.2,120,2.43,25,.51,6,.12,1,.02,2,.04,0,0
"A","North East","20","Durham","20UG","Sedgefield","E02004341","Sedgefield 009",,,3340,767,22.96,631,18.89,755,22.6,718,21.5,381,11.41,66,1.98,19,.57,3,.09,0,0
"A","North East","20","Durham","20UG","Sedgefield","E02004342","Sedgefield 010",,,2357,2272,96.39,15,.64,55,2.33,12,.51,2,.08,0,0,1,.04,0,0,0,0
"A","North East","20","Durham","20UG","Sedgefield","E02004343","Sedgefield 011",,,2577,1995,77.42,432,16.76,103,4,30,1.16,11,.43,3,.12,1,.04,2,.08,0,0
"A","North East","20","Durham","20UG","Sedgefield","E02004344","Sedgefield 012",,,3247,2151,66.25,460,14.17,244,7.51,184,5.67,168,5.17,35,1.08,5,.15,0,0,0,0
"A","North East","20","Durham","20UH","Teesdale","E02004345","Teesdale 001",,,5964,2622,43.96,929,15.58,773,12.96,692,11.6,573,9.61,269,4.51,96,1.61,10,.17,0,0
"A","North East","20","Durham","20UH","Teesdale","E02004346","Teesdale 002",,,2473,341,13.79,559,22.6,451,18.24,476,19.25,339,13.71,194,7.84,101,4.08,11,.44,1,.04
"A","North East","20","Durham","20UH","Teesdale","E02004347","Teesdale 003",,,2940,451,15.34,1101,37.45,609,20.71,459,15.61,231,7.86,53,1.8,28,.95,8,.27,0,0
"A","North East","20","Durham","20UJ","Wear Valley","E02004348","Wear Valley 001",,,3847,1463,38.03,615,15.99,660,17.16,534,13.88,324,8.42,158,4.11,80,2.08,13,.34,0,0
"A","North East","20","Durham","20UJ","Wear Valley","E02004349","Wear Valley 002",,,3885,3231,83.17,271,6.98,170,4.38,122,3.14,66,1.7,22,.57,3,.08,0,0,0,0
"A","North East","20","Durham","20UJ","Wear Valley","E02004350","Wear Valley 003",,,3994,2727,68.28,378,9.46,386,9.66,347,8.69,118,2.95,26,.65,9,.23,3,.08,0,0
"A","North East","20","Durham","20UJ","Wear Valley","E02004351","Wear Valley 004",,,3285,2669,81.25,168,5.11,192,5.84,186,5.66,55,1.67,10,.3,1,.03,4,.12,0,0
"A","North East","20","Durham","20UJ","Wear Valley","E02004352","Wear Valley 005",,,3399,2609,76.76,255,7.5,264,7.77,152,4.47,70,2.06,18,.53,26,.76,5,.15,0,0
"A","North East","20","Durham","20UJ","Wear Valley","E02004353","Wear Valley 006",,,3450,1276,36.99,618,17.91,949,27.51,407,11.8,180,5.22,16,.46,2,.06,2,.06,0,0
"A","North East","20","Durham","20UJ","Wear Valley","E02004354","Wear Valley 007",,,3405,2312,67.9,517,15.18,247,7.25,246,7.22,60,1.76,12,.35,9,.26,2,.06,0,0
"A","North East","20","Durham","20UJ","Wear Valley","E02004355","Wear Valley 008",,,3332,2727,81.84,287,8.61,242,7.26,65,1.95,6,.18,2,.06,1,.03,2,.06,0,0
"A","North East","35","Northumberland","35UB","Alnwick","E02005702","Alnwick 001",,,3007,527,17.53,627,20.85,560,18.62,567,18.86,391,13,209,6.95,109,3.62,17,.57,0,0
"A","North East","35","Northumberland","35UB","Alnwick","E02005703","Alnwick 002",,,3213,1829,56.92,698,21.72,328,10.21,245,7.63,81,2.52,19,.59,8,.25,5,.16,0,0
"A","North East","35","Northumberland","35UB","Alnwick","E02005704","Alnwick 003",,,5459,2468,45.21,980,17.95,699,12.8,567,10.39,427,7.82,233,4.27,70,1.28,15,.27,0,0
"A","North East","35","Northumberland","35UB","Alnwick","E02005705","Alnwick 004",,,3429,714,20.82,622,18.14,597,17.41,522,15.22,477,13.91,309,9.01,167,4.87,21,.61,0,0
"A","North East","35","Northumberland","35UC","Berwick-upon-Tweed","E02005706","Berwick-upon-Tweed 001",,,4426,3527,79.69,405,9.15,277,6.26,138,3.12,48,1.08,19,.43,5,.11,6,.14,1,.02
"A","North East","35","Northumberland","35UC","Berwick-upon-Tweed","E02005707","Berwick-upon-Tweed 002",,,3284,1223,37.24,614,18.7,553,16.84,381,11.6,268,8.16,169,5.15,68,2.07,7,.21,1,.03
"A","North East","35","Northumberland","35UC","Berwick-upon-Tweed","E02005708","Berwick-upon-Tweed 003",,,5836,2124,36.39,1216,20.84,943,16.16,668,11.45,447,7.66,258,4.42,159,2.72,21,.36,0,0
"A","North East","35","Northumberland","35UD","Blyth Valley","E02005709","Blyth Valley 001",,,3048,2960,97.11,43,1.41,36,1.18,3,.1,2,.07,1,.03,1,.03,2,.07,0,0
"A","North East","35","Northumberland","35UD","Blyth Valley","E02005710","Blyth Valley 002",,,4150,3409,82.14,344,8.29,233,5.61,100,2.41,53,1.28,6,.14,3,.07,2,.05,0,0
"A","North East","35","Northumberland","35UD","Blyth Valley","E02005711","Blyth Valley 003",,,3723,2977,79.96,445,11.95,238,6.39,56,1.5,5,.13,0,0,2,.05,0,0,0,0
"A","North East","35","Northumberland","35UD","Blyth Valley","E02005712","Blyth Valley 004",,,2688,1515,56.36,806,29.99,181,6.73,151,5.62,28,1.04,5,.19,1,.04,1,.04,0,0
"A","North East","35","Northumberland","35UD","Blyth Valley","E02005713","Blyth Valley 005",,,2537,533,21.01,1011,39.85,459,18.09,495,19.51,32,1.26,7,.28,0,0,0,0,0,0
"A","North East","35","Northumberland","35UD","Blyth Valley","E02005714","Blyth Valley 006",,,2017,82,4.07,351,17.4,660,32.72,578,28.66,330,16.36,16,.79,0,0,0,0,0,0
"A","North East","35","Northumberland","35UD","Blyth Valley","E02005715","Blyth Valley 007",,,3755,2988,79.57,459,12.22,205,5.46,54,1.44,22,.59,13,.35,10,.27,4,.11,0,0
"A","North East","35","Northumberland","35UD","Blyth Valley","E02005716","Blyth Valley 008",,,3722,2369,63.65,924,24.83,321,8.62,84,2.26,12,.32,7,.19,2,.05,3,.08,0,0
"A","North East","35","Northumberland","35UD","Blyth Valley","E02005717","Blyth Valley 009",,,3568,1838,51.51,423,11.86,723,20.26,409,11.46,133,3.73,29,.81,12,.34,1,.03,0,0
"A","North East","35","Northumberland","35UD","Blyth Valley","E02005718","Blyth Valley 010",,,3093,1524,49.27,873,28.23,409,13.22,85,2.75,180,5.82,21,.68,1,.03,0,0,0,0
"A","North East","35","Northumberland","35UD","Blyth Valley","E02005719","Blyth Valley 011",,,3472,2269,65.35,553,15.93,315,9.07,235,6.77,82,2.36,11,.32,6,.17,1,.03,0,0
"A","North East","35","Northumberland","35UE","Castle Morpeth","E02005720","Castle Morpeth 001",,,4557,2908,63.81,744,16.33,321,7.04,299,6.56,205,4.5,60,1.32,19,.42,1,.02,0,0
"A","North East","35","Northumberland","35UE","Castle Morpeth","E02005721","Castle Morpeth 002",,,2195,1152,52.48,235,10.71,286,13.03,227,10.34,118,5.38,85,3.87,88,4.01,4,.18,0,0
"A","North East","35","Northumberland","35UE","Castle Morpeth","E02005722","Castle Morpeth 003",,,2894,156,5.39,378,13.06,453,15.65,410,14.17,486,16.79,404,13.96,541,18.69,66,2.28,0,0
"A","North East","35","Northumberland","35UE","Castle Morpeth","E02005723","Castle Morpeth 004",,,3252,1652,50.8,602,18.51,507,15.59,268,8.24,154,4.74,44,1.35,22,.68,3,.09,0,0
"A","North East","35","Northumberland","35UE","Castle Morpeth","E02005724","Castle Morpeth 005",,,2568,139,5.41,132,5.14,858,33.41,899,35.01,378,14.72,96,3.74,64,2.49,2,.08,0,0
"A","North East","35","Northumberland","35UE","Castle Morpeth","E02005725","Castle Morpeth 006",,,2857,121,4.24,240,8.4,520,18.2,398,13.93,595,20.83,647,22.65,303,10.61,33,1.16,0,0
"A","North East","35","Northumberland","35UE","Castle Morpeth","E02005726","Castle Morpeth 007",,,3053,160,5.24,196,6.42,235,7.7,380,12.45,582,19.06,1034,33.87,436,14.28,30,.98,0,0
"A","North East","35","Northumberland","35UF","Tynedale","E02005727","Tynedale 001",,,2872,980,34.12,516,17.97,372,12.95,374,13.02,328,11.42,174,6.06,113,3.93,15,.52,0,0
"A","North East","35","Northumberland","35UF","Tynedale","E02005728","Tynedale 002",,,3193,1566,49.04,423,13.25,443,13.87,411,12.87,229,7.17,89,2.79,26,.81,6,.19,0,0
"A","North East","35","Northumberland","35UF","Tynedale","E02005729","Tynedale 003",,,2441,432,17.7,529,21.67,418,17.12,401,16.43,284,11.63,176,7.21,187,7.66,14,.57,0,0
"A","North East","35","Northumberland","35UF","Tynedale","E02005730","Tynedale 004",,,5616,1642,29.24,1025,18.25,925,16.47,668,11.89,683,12.16,435,7.75,230,4.1,8,.14,0,0
"A","North East","35","Northumberland","35UF","Tynedale","E02005731","Tynedale 005",,,4401,2315,52.6,623,14.16,801,18.2,408,9.27,226,5.14,18,.41,8,.18,2,.05,0,0
"A","North East","35","Northumberland","35UF","Tynedale","E02005732","Tynedale 006",,,3881,315,8.12,600,15.46,643,16.57,678,17.47,455,11.72,560,14.43,567,14.61,62,1.6,1,.03
"A","North East","35","Northumberland","35UF","Tynedale","E02005733","Tynedale 007",,,3546,812,22.9,569,16.05,557,15.71,502,14.16,428,12.07,381,10.74,260,7.33,37,1.04,0,0
"A","North East","35","Northumberland","35UG","Wansbeck","E02005734","Wansbeck 001",,,2927,2565,87.63,211,7.21,101,3.45,30,1.02,12,.41,6,.2,1,.03,1,.03,0,0
"A","North East","35","Northumberland","35UG","Wansbeck","E02005735","Wansbeck 002",,,3818,3674,96.23,121,3.17,13,.34,3,.08,4,.1,0,0,0,0,3,.08,0,0
"A","North East","35","Northumberland","35UG","Wansbeck","E02005736","Wansbeck 003",,,3205,2565,80.03,303,9.45,219,6.83,87,2.71,25,.78,3,.09,0,0,2,.06,1,.03
"A","North East","35","Northumberland","35UG","Wansbeck","E02005737","Wansbeck 004",,,3162,2011,63.6,304,9.61,496,15.69,237,7.5,90,2.85,17,.54,5,.16,2,.06,0,0
"A","North East","35","Northumberland","35UG","Wansbeck","E02005738","Wansbeck 005",,,2206,1240,56.21,392,17.77,316,14.32,235,10.65,19,.86,4,.18,0,0,0,0,0,0
"A","North East","35","Northumberland","35UG","Wansbeck","E02005739","Wansbeck 006",,,4261,2545,59.73,1180,27.69,329,7.72,167,3.92,36,.84,3,.07,1,.02,0,0,0,0
"A","North East","35","Northumberland","35UG","Wansbeck","E02005740","Wansbeck 007",,,4720,3819,80.91,503,10.66,156,3.31,188,3.98,41,.87,7,.15,6,.13,0,0,0,0
"A","North East","35","Northumberland","35UG","Wansbeck","E02005741","Wansbeck 008",,,3429,1413,41.21,540,15.75,549,16.01,602,17.56,226,6.59,57,1.66,40,1.17,2,.06,0,0