DATASET_TITLE,"Infant Mortality, 2004-2006",,,,,,,,FROM,Jan-2004,Jan-2004,Jan-2004,Jan-2004
AREA_TYPE,Former Local Authority,,,,,,,,TO,Dec-2006,Dec-2006,Dec-2006,Dec-2006
GEO_HIERARCHY,NeSS Geography Hierarchy,,,,,,,,HEADING,Infant Mortality,Infant Mortality,"Infant Mortality, 95% Confidence Interval, Lower Limit","Infant Mortality, 95% Confidence Interval, Upper Limit"
,,,,,,,,,MEASUREMENT_UNIT,Count,Rate per 1000,Rate per 1000,Rate per 1000
,,,,,,,,,STATISTICAL_UNIT,Persons,Live Births,Live Births,Live Births
GOR_CODE,GOR_NAME,CTY_CODE,CTY_NAME,LA_CODE,LA_NAME,FLA_CODE,FLA_NAME,AREA_METADATA,,DATA_VALUE,DATA_VALUE,DATA_VALUE,DATA_VALUE
"A","North East",,,"00EJ","Durham","20UB","Chester-le-Street",,,9,5.4,2.5,10.2
"A","North East",,,"00EJ","Durham","20UD","Derwentside",,,9,3.2,1.5,6.1
"A","North East",,,"00EJ","Durham","20UE","Durham",,,12,5.1,2.6,8.9
"A","North East",,,"00EJ","Durham","20UF","Easington",,,19,5.8,3.5,9.1
"A","North East",,,"00EJ","Durham","20UG","Sedgefield",,,19,6.3,3.8,9.8
"A","North East",,,"00EJ","Durham","20UH","Teesdale",,,3,4.9,1,14.4
"A","North East",,,"00EJ","Durham","20UJ","Wear Valley",,,18,8.3,4.9,13.1
"A","North East",,,"00EM","Northumberland","35UB","Alnwick",,,x,x,x,x
"A","North East",,,"00EM","Northumberland","35UC","Berwick-upon-Tweed",,,x,x,x,x
"A","North East",,,"00EM","Northumberland","35UD","Blyth Valley",,,10,3.6,1.7,6.6
"A","North East",,,"00EM","Northumberland","35UE","Castle Morpeth",,,3,2.6,.5,7.6
"A","North East",,,"00EM","Northumberland","35UF","Tynedale",,,x,x,x,x
"A","North East",,,"00EM","Northumberland","35UG","Wansbeck",,,8,4,1.7,7.8
"B","North West",,,"00EQ","Cheshire East","13UC","Congleton",,,12,4.5,2.3,7.9
"B","North West",,,"00EQ","Cheshire East","13UD","Crewe and Nantwich",,,21,5.2,3.2,8
"B","North West",,,"00EQ","Cheshire East","13UG","Macclesfield",,,10,2.1,1,3.9
"B","North West",,,"00EW","Cheshire West and Chester","13UB","Chester",,,24,6.2,4,9.3
"B","North West",,,"00EW","Cheshire West and Chester","13UE","Ellesmere Port & Neston",,,17,6.4,3.7,10.2
"B","North West",,,"00EW","Cheshire West and Chester","13UH","Vale Royal",,,20,4.7,2.9,7.2
"F","West Midlands",,,"00GG","Shropshire","39UB","Bridgnorth",,,3,2.4,.5,6.9
"F","West Midlands",,,"00GG","Shropshire","39UC","North Shropshire",,,9,5.1,2.3,9.6
"F","West Midlands",,,"00GG","Shropshire","39UD","Oswestry",,,4,3.5,.9,8.9
"F","West Midlands",,,"00GG","Shropshire","39UE","Shrewsbury and Atcham",,,14,4.6,2.5,7.8
"F","West Midlands",,,"00GG","Shropshire","39UF","South Shropshire",,,4,3.7,1,9.6
"G","East of England",,,"00KC","Central Bedfordshire","09UC","Mid Bedfordshire",,,20,4.4,2.7,6.8
"G","East of England",,,"00KC","Central Bedfordshire","09UE","South Bedfordshire",,,18,4.2,2.5,6.6
"K","South West",,,"00HE","Cornwall","15UB","Caradon",,,10,4.5,2.1,8.2
"K","South West",,,"00HE","Cornwall","15UC","Carrick",,,14,5.8,3.2,9.8
"K","South West",,,"00HE","Cornwall","15UD","Kerrier",,,17,5.7,3.3,9.1
"K","South West",,,"00HE","Cornwall","15UE","North Cornwall",,,12,5.2,2.7,9.1
"K","South West",,,"00HE","Cornwall","15UF","Penwith",,,7,4.3,1.7,8.8
"K","South West",,,"00HE","Cornwall","15UG","Restormel",,,11,3.5,1.8,6.3
"K","South West",,,"00HY","Wiltshire","46UB","Kennet",,,9,3.5,1.6,6.7
"K","South West",,,"00HY","Wiltshire","46UC","North Wiltshire",,,11,2.5,1.2,4.5
"K","South West",,,"00HY","Wiltshire","46UD","Salisbury",,,16,4.3,2.5,7
"K","South West",,,"00HY","Wiltshire","46UF","West Wiltshire",,,10,2.5,1.2,4.5