DATASET_TITLE,"Deaths, 2009",,,,,,,,,,FROM,Jan-2009,Jan-2009,Jan-2009,Jan-2009,Jan-2009,Jan-2009,Jan-2009,Jan-2009,Jan-2009
AREA_TYPE,Region,,,,,,,,,,TO,Dec-2009,Dec-2009,Dec-2009,Dec-2009,Dec-2009,Dec-2009,Dec-2009,Dec-2009,Dec-2009
GEO_HIERARCHY,NeSS Geography Hierarchy,,,,,,,,,,HEADING,All Deaths,Males; All Causes,Males; Coronary Heart Disease,Males; Cerebrovascular Disease (including Stroke),Males; Cancer,Females; All Causes,Females; Coronary Heart Disease,Females; Cerebrovascular Disease (including Stroke),Females; Cancer
,,,,,,,,,,,MEASUREMENT_UNIT,Count,Count,Count,Count,Count,Count,Count,Count,Count
,,,,,,,,,,,STATISTICAL_UNIT,Persons,Persons,Persons,Persons,Persons,Persons,Persons,Persons,Persons
UK_CODE,UK_NAME,GB_CODE,GB_NAME,EW_CODE,EW_NAME,CTRY_CODE,CTRY_NAME,GOR_CODE,GOR_NAME,AREA_METADATA,,DATA_VALUE,DATA_VALUE,DATA_VALUE,DATA_VALUE,DATA_VALUE,DATA_VALUE,DATA_VALUE,DATA_VALUE,DATA_VALUE
"213","United Kingdom","078","Great Britain","727","England and Wales","064","England",,,,,459241,222379,38520,15795,67797,236862,28559,24867,60751
"213","United Kingdom","078","Great Britain","727","England and Wales","220","Wales",,,,,31006,15025,2742,1067,4542,15981,2110,1796,4008
"213","United Kingdom","078","Great Britain","727","England and Wales",,,,,,,491348,238062,41432,16894,72497,253286,30720,26706,64897
"213","United Kingdom","078","Great Britain","727","England and Wales","064","England","A","North East",,,26011,12493,2197,779,4036,13518,1571,1334,3719
"213","United Kingdom","078","Great Britain","727","England and Wales","064","England","B","North West",,,67937,32879,5985,2388,9798,35058,4479,3670,8894
"213","United Kingdom","078","Great Britain","727","England and Wales","064","England","D","Yorkshire and The Humber",,,48625,23570,4386,1697,7163,25055,3280,2603,6480
"213","United Kingdom","078","Great Britain","727","England and Wales","064","England","E","East Midlands",,,40880,19941,3507,1347,6016,20939,2538,2072,5393
"213","United Kingdom","078","Great Britain","727","England and Wales","064","England","F","West Midlands",,,50094,24660,4187,1873,7471,25434,2826,2853,6453
"213","United Kingdom","078","Great Britain","727","England and Wales","064","England","G","East of England",,,51066,24565,4291,1718,7554,26501,3154,2757,6781
"213","United Kingdom","078","Great Britain","727","England and Wales","064","England","H","London",,,48551,24185,4045,1612,7131,24366,2975,2243,6524
"213","United Kingdom","078","Great Britain","727","England and Wales","064","England","J","South East",,,73976,35238,5744,2457,10913,38738,4495,4087,9742
"213","United Kingdom","078","Great Britain","727","England and Wales","064","England","K","South West",,,52101,24848,4178,1924,7715,27253,3241,3248,6765