DATASET_TITLE,"Deaths, 2009",,,,,,,,FROM,Jan-2009,Jan-2009,Jan-2009,Jan-2009,Jan-2009,Jan-2009,Jan-2009,Jan-2009,Jan-2009
AREA_TYPE,Former Local Authority,,,,,,,,TO,Dec-2009,Dec-2009,Dec-2009,Dec-2009,Dec-2009,Dec-2009,Dec-2009,Dec-2009,Dec-2009
GEO_HIERARCHY,NeSS Geography Hierarchy,,,,,,,,HEADING,All Deaths,Males; All Causes,Males; Coronary Heart Disease,Males; Cerebrovascular Disease (including Stroke),Males; Cancer,Females; All Causes,Females; Coronary Heart Disease,Females; Cerebrovascular Disease (including Stroke),Females; Cancer
,,,,,,,,,MEASUREMENT_UNIT,Count,Count,Count,Count,Count,Count,Count,Count,Count
,,,,,,,,,STATISTICAL_UNIT,Persons,Persons,Persons,Persons,Persons,Persons,Persons,Persons,Persons
GOR_CODE,GOR_NAME,CTY_CODE,CTY_NAME,LA_CODE,LA_NAME,FLA_CODE,FLA_NAME,AREA_METADATA,,DATA_VALUE,DATA_VALUE,DATA_VALUE,DATA_VALUE,DATA_VALUE,DATA_VALUE,DATA_VALUE,DATA_VALUE,DATA_VALUE
"A","North East",,,"00EJ","Durham","20UB","Chester-le-Street",,,552,277,56,20,77,275,40,32,63
"A","North East",,,"00EJ","Durham","20UD","Derwentside",,,925,472,87,36,130,453,58,58,117
"A","North East",,,"00EJ","Durham","20UE","Durham",,,759,372,75,24,118,387,46,41,104
"A","North East",,,"00EJ","Durham","20UF","Easington",,,1074,514,86,31,163,560,66,51,168
"A","North East",,,"00EJ","Durham","20UG","Sedgefield",,,957,444,77,22,152,513,69,51,127
"A","North East",,,"00EJ","Durham","20UH","Teesdale",,,276,133,28,3,43,143,21,17,36
"A","North East",,,"00EJ","Durham","20UJ","Wear Valley",,,771,351,67,28,108,420,48,43,111
"A","North East",,,"00EM","Northumberland","35UB","Alnwick",,,340,161,27,10,55,179,15,23,53
"A","North East",,,"00EM","Northumberland","35UC","Berwick-upon-Tweed",,,316,140,24,14,46,176,18,29,43
"A","North East",,,"00EM","Northumberland","35UD","Blyth Valley",,,784,357,73,21,113,427,39,35,108
"A","North East",,,"00EM","Northumberland","35UE","Castle Morpeth",,,476,222,34,12,70,254,43,21,71
"A","North East",,,"00EM","Northumberland","35UF","Tynedale",,,595,275,63,16,86,320,30,37,82
"A","North East",,,"00EM","Northumberland","35UG","Wansbeck",,,692,312,50,13,105,380,51,34,98
"B","North West",,,"00EQ","Cheshire East","13UC","Congleton",,,865,395,65,22,150,470,60,70,113
"B","North West",,,"00EQ","Cheshire East","13UD","Crewe and Nantwich",,,1155,549,101,31,160,606,70,62,158
"B","North West",,,"00EQ","Cheshire East","13UG","Macclesfield",,,1565,764,133,64,226,801,87,132,210
"B","North West",,,"00EW","Cheshire West and Chester","13UB","Chester",,,1134,512,77,37,182,622,76,67,156
"B","North West",,,"00EW","Cheshire West and Chester","13UE","Ellesmere Port & Neston",,,762,367,70,18,127,395,52,30,119
"B","North West",,,"00EW","Cheshire West and Chester","13UH","Vale Royal",,,1153,554,82,58,173,599,63,78,143
"F","West Midlands",,,"00GG","Shropshire","39UB","Bridgnorth",,,545,267,59,19,82,278,29,28,79
"F","West Midlands",,,"00GG","Shropshire","39UC","North Shropshire",,,654,329,56,32,111,325,44,36,74
"F","West Midlands",,,"00GG","Shropshire","39UD","Oswestry",,,408,196,24,15,58,212,25,27,49
"F","West Midlands",,,"00GG","Shropshire","39UE","Shrewsbury and Atcham",,,986,445,70,43,135,541,59,82,142
"F","West Midlands",,,"00GG","Shropshire","39UF","South Shropshire",,,503,268,50,22,102,235,33,27,58
"G","East of England",,,"00KC","Central Bedfordshire","09UC","Mid Bedfordshire",,,986,478,84,34,158,508,57,42,141
"G","East of England",,,"00KC","Central Bedfordshire","09UE","South Bedfordshire",,,997,503,95,39,153,494,71,39,136
"K","South West",,,"00HE","Cornwall","15UB","Caradon",,,935,456,73,33,151,479,47,51,121
"K","South West",,,"00HE","Cornwall","15UC","Carrick",,,1010,487,94,43,157,523,73,89,117
"K","South West",,,"00HE","Cornwall","15UD","Kerrier",,,1038,516,106,40,155,522,75,88,117
"K","South West",,,"00HE","Cornwall","15UE","North Cornwall",,,966,457,84,45,128,509,78,88,117
"K","South West",,,"00HE","Cornwall","15UF","Penwith",,,832,364,67,33,111,468,51,60,111
"K","South West",,,"00HE","Cornwall","15UG","Restormel",,,1136,557,105,45,160,579,79,84,152
"K","South West",,,"00HY","Wiltshire","46UB","Kennet",,,694,336,59,28,95,358,36,34,69
"K","South West",,,"00HY","Wiltshire","46UC","North Wiltshire",,,1089,507,87,27,162,582,66,53,167
"K","South West",,,"00HY","Wiltshire","46UD","Salisbury",,,1180,554,93,50,170,626,62,75,157
"K","South West",,,"00HY","Wiltshire","46UF","West Wiltshire",,,1187,572,89,42,185,615,57,71,147