DATASET_TITLE,Approximated Social Grade - Workplace Population (UV78),,,,FROM,Apr-2001,Apr-2001,Apr-2001,Apr-2001,Apr-2001,Apr-2001
AREA_TYPE,County,,,,TO,Apr-2001,Apr-2001,Apr-2001,Apr-2001,Apr-2001,Apr-2001
GEO_HIERARCHY,NeSS Geography Hierarchy,,,,HEADING,All People Aged 16 to 74 in Employment in Area,AB:  Higher and intermediate managerial / administrative / professional,"C1:  Supervisory,  clerical,  junior managerial / administrative / professional",C2:  Skilled manual workers,D:   Semi-skilled and unskilled manual workers,"E:   On state benefit, unemployed, lowest grade workers"
,,,,,MEASUREMENT_UNIT,Count,Count,Count,Count,Count,Count
,,,,,STATISTICAL_UNIT,Persons,Persons,Persons,Persons,Persons,Persons
GOR_CODE,GOR_NAME,CTY_CODE,CTY_NAME,AREA_METADATA,,DATA_VALUE,DATA_VALUE,DATA_VALUE,DATA_VALUE,DATA_VALUE,DATA_VALUE
"F","West Midlands","39","Shropshire",,,123150,22306,40515,27418,32707,204
"F","West Midlands","41","Staffordshire",,,322194,59997,105009,63061,93559,568
"F","West Midlands","44","Warwickshire",,,236750,52627,81416,41122,61161,424
"F","West Midlands","47","Worcestershire",,,234698,47508,80179,41734,64798,479