DATASET_TITLE,Age - Workplace Population (UV75),,,,FROM,Apr-2001,Apr-2001,Apr-2001,Apr-2001,Apr-2001,Apr-2001,Apr-2001
AREA_TYPE,County,,,,TO,Apr-2001,Apr-2001,Apr-2001,Apr-2001,Apr-2001,Apr-2001,Apr-2001
GEO_HIERARCHY,NeSS Geography Hierarchy,,,,HEADING,All People,Less than 20 years old,20 to 29 years old,30 to 39 years old,40 to 49 years old,50 to 59 years old,More than 59 years old
,,,,,MEASUREMENT_UNIT,Count,Count,Count,Count,Count,Count,Count
,,,,,STATISTICAL_UNIT,Persons,Persons,Persons,Persons,Persons,Persons,Persons
GOR_CODE,GOR_NAME,CTY_CODE,CTY_NAME,AREA_METADATA,,DATA_VALUE,DATA_VALUE,DATA_VALUE,DATA_VALUE,DATA_VALUE,DATA_VALUE,DATA_VALUE
"K","South West","15","Cornwall and Isles of Scilly",,,202562,10677,33541,47188,48222,48537,14397
"K","South West","18","Devon",,,306591,17065,51998,71680,73626,69459,22763
"K","South West","19","Dorset",,,155892,9226,24128,35803,38161,36469,12105
"K","South West","23","Gloucestershire",,,265190,13801,47102,67530,63822,55662,17273
"K","South West","40","Somerset",,,221639,12875,36813,54047,53138,49611,15155
"K","South West","46","Wiltshire",,,195607,10884,36433,50303,45206,39548,13233