DATASET_TITLE,"National Curriculum Assessments at Key Stage 2 by Gender in England (Referenced by Location of Pupil Residence), 2010",,,,,,,,FROM,Sep-2009,Sep-2009,Sep-2009,Sep-2009,Sep-2009,Sep-2009,Sep-2009,Sep-2009,Sep-2009,Sep-2009,Sep-2009,Sep-2009,Sep-2009,Sep-2009,Sep-2009,Sep-2009,Sep-2009,Sep-2009
AREA_TYPE,Former Local Authority,,,,,,,,TO,Aug-2010,Aug-2010,Aug-2010,Aug-2010,Aug-2010,Aug-2010,Aug-2010,Aug-2010,Aug-2010,Aug-2010,Aug-2010,Aug-2010,Aug-2010,Aug-2010,Aug-2010,Aug-2010,Aug-2010,Aug-2010
GEO_HIERARCHY,NeSS Geography Hierarchy,,,,,,,,HEADING,Pupils Eligible for KS2 Assessment,Pupils Achieving Level 4+; in English,Pupils Achieving Level 4+; in Mathematics,Pupils Achieving Level 4+; in Both English and Mathematics,"Pupils Achieving Level 4+; in Reading, Writing and Mathematics",Average Point Score of Pupils Eligible for KS2 Assessment,Boy Pupils Eligible for KS2 Assessment,Boy Pupils Achieving Level 4+; in English,Boy Pupils Achieving Level 4+; in Mathematics,Boy Pupils Achieving Level 4+; in Both English and Mathematics,"Boy Pupils Achieving Level 4+; in Reading, Writing and Mathematics",Average Point Score of Boy Pupils Eligible for KS2 Assessment,Girl Pupils Eligible for KS2 Assessment,Girl Pupils Achieving Level 4+; in English,Girl Pupils Achieving Level 4+; in Mathematics,Girl Pupils Achieving Level 4+; in Both English and Mathematics,"Girl Pupils Achieving Level 4+; in Reading, Writing and Mathematics",Average Point Score of Girl Pupils Eligible for KS2 Assessment
,,,,,,,,,MEASUREMENT_UNIT,Count,Percentage,Percentage,Percentage,Percentage,Score,Count,Percentage,Percentage,Percentage,Percentage,Score,Count,Percentage,Percentage,Percentage,Percentage,Score
,,,,,,,,,STATISTICAL_UNIT,Persons,Persons,Persons,Persons,Persons,Persons,Persons,Persons,Persons,Persons,Persons,Persons,Persons,Persons,Persons,Persons,Persons,Persons
GOR_CODE,GOR_NAME,CTY_CODE,CTY_NAME,LA_CODE,LA_NAME,FLA_CODE,FLA_NAME,AREA_METADATA,,DATA_VALUE,DATA_VALUE,DATA_VALUE,DATA_VALUE,DATA_VALUE,DATA_VALUE,DATA_VALUE,DATA_VALUE,DATA_VALUE,DATA_VALUE,DATA_VALUE,DATA_VALUE,DATA_VALUE,DATA_VALUE,DATA_VALUE,DATA_VALUE,DATA_VALUE,DATA_VALUE
"A","North East",,,"00EJ","Durham","20UB","Chester-le-Street",,,582,87,86,81,74,28.3,x,x,x,x,x,27.9,x,x,x,x,x,28.8
"A","North East",,,"00EJ","Durham","20UD","Derwentside",,,843,82,84,77,63,27.5,414,79,85,77,59,27.4,429,84,83,77,67,27.6
"A","North East",,,"00EJ","Durham","20UE","Durham",,,661,86,84,79,70,28.3,344,85,85,79,68,28,317,87,84,80,72,28.5
"A","North East",,,"00EJ","Durham","20UF","Easington",,,667,79,82,74,63,27.3,345,74,81,70,57,26.9,322,85,84,79,69,27.7
"A","North East",,,"00EJ","Durham","20UG","Sedgefield",,,742,75,82,72,62,27.1,375,71,82,70,57,26.7,367,79,81,75,66,27.5
"A","North East",,,"00EJ","Durham","20UH","Teesdale",,,146,..,..,..,..,..,x,..,..,..,..,..,x,..,..,..,..,..
"A","North East",,,"00EJ","Durham","20UJ","Wear Valley",,,624,80,83,75,66,27.8,329,77,82,73,60,27.4,295,84,84,79,73,28.3
"A","North East",,,"00EM","Northumberland","35UB","Alnwick",,,380,80,78,71,64,27.4,199,74,74,65,57,26.8,181,87,81,78,72,28.1
"A","North East",,,"00EM","Northumberland","35UC","Berwick-upon-Tweed",,,244,84,79,73,63,27.3,123,80,85,76,63,27.4,121,87,74,69,62,27.2
"A","North East",,,"00EM","Northumberland","35UD","Blyth Valley",,,849,75,70,63,55,26.6,436,67,68,58,47,25.9,413,82,72,69,63,27.2
"A","North East",,,"00EM","Northumberland","35UE","Castle Morpeth",,,491,86,83,79,73,28.4,225,84,87,80,70,28.5,266,87,80,79,76,28.3
"A","North East",,,"00EM","Northumberland","35UF","Tynedale",,,610,85,80,77,68,27.9,317,80,79,74,60,27.4,293,89,81,80,76,28.5
"A","North East",,,"00EM","Northumberland","35UG","Wansbeck",,,572,76,72,66,58,26.5,286,70,73,63,50,26.1,286,82,72,70,65,26.9
"B","North West",,,"00EQ","Cheshire East","13UC","Congleton",,,702,88,85,82,73,28.5,354,83,86,80,68,28.2,348,94,85,84,78,28.8
"B","North West",,,"00EQ","Cheshire East","13UD","Crewe and Nantwich",,,949,82,82,76,69,28,465,79,83,75,65,27.7,484,86,81,77,73,28.2
"B","North West",,,"00EQ","Cheshire East","13UG","Macclesfield",,,1223,87,86,82,75,28.5,627,84,86,79,70,28.1,596,91,86,84,80,28.8
"B","North West",,,"00EW","Cheshire West and Chester","13UB","Chester",,,826,83,81,76,69,27.8,425,80,82,75,65,27.7,401,85,81,77,72,28
"B","North West",,,"00EW","Cheshire West and Chester","13UE","Ellesmere Port & Neston",,,538,81,81,76,68,27.7,269,78,82,74,63,27.3,269,85,81,77,72,28.1
"B","North West",,,"00EW","Cheshire West and Chester","13UH","Vale Royal",,,1219,84,84,79,68,28,639,80,81,75,60,27.5,580,88,86,83,76,28.4
"F","West Midlands",,,"00GG","Shropshire","39UB","Bridgnorth",,,433,80,78,73,64,27.5,225,74,79,69,57,26.8,208,87,77,76,72,28.2
"F","West Midlands",,,"00GG","Shropshire","39UC","North Shropshire",,,604,80,79,73,65,27.6,292,75,77,70,60,27,312,84,82,76,69,28.1
"F","West Midlands",,,"00GG","Shropshire","39UD","Oswestry",,,376,83,80,75,67,27.6,188,79,82,75,65,27.3,188,87,78,75,69,27.8
"F","West Midlands",,,"00GG","Shropshire","39UE","Shrewsbury and Atcham",,,872,81,79,73,61,27.6,443,77,79,70,55,27.2,429,85,79,75,68,28
"F","West Midlands",,,"00GG","Shropshire","39UF","South Shropshire",,,389,83,80,74,63,27.6,194,81,83,75,58,27.4,195,85,77,73,69,27.8
"G","East of England",,,"00KC","Central Bedfordshire","09UC","Mid Bedfordshire",,,1497,83,80,74,67,27.8,752,79,83,73,63,27.6,745,87,77,74,71,28
"G","East of England",,,"00KC","Central Bedfordshire","09UE","South Bedfordshire",,,1173,78,78,70,58,27.3,609,72,80,68,52,26.9,564,84,76,72,65,27.6
"K","South West",,,"00HE","Cornwall","15UB","Caradon",,,340,78,78,71,61,27.7,172,74,82,71,55,27.6,168,82,74,71,68,27.7
"K","South West",,,"00HE","Cornwall","15UC","Carrick",,,448,..,..,..,..,..,246,..,..,..,..,..,202,..,..,..,..,..
"K","South West",,,"00HE","Cornwall","15UD","Kerrier",,,670,78,81,72,60,27.2,332,74,81,70,55,26.8,338,83,81,75,64,27.6
"K","South West",,,"00HE","Cornwall","15UE","North Cornwall",,,488,77,76,68,57,26.9,247,71,77,65,49,26.4,241,84,75,71,64,27.5
"K","South West",,,"00HE","Cornwall","15UF","Penwith",,,238,..,..,..,..,..,121,..,..,..,..,..,117,..,..,..,..,..
"K","South West",,,"00HE","Cornwall","15UG","Restormel",,,741,76,78,69,58,26.9,389,70,78,66,51,26.5,352,82,77,73,65,27.4
"K","South West",,,"00HY","Wiltshire","46UB","Kennet",,,878,84,83,78,68,28,450,80,82,74,60,27.6,428,88,85,82,77,28.3
"K","South West",,,"00HY","Wiltshire","46UC","North Wiltshire",,,1535,82,80,75,66,27.7,830,77,80,72,61,27.4,705,88,80,78,73,28.1
"K","South West",,,"00HY","Wiltshire","46UD","Salisbury",,,1115,82,78,73,63,27.6,590,76,78,70,58,27.1,525,89,79,76,69,28.3
"K","South West",,,"00HY","Wiltshire","46UF","West Wiltshire",,,1205,80,78,73,64,27.4,607,76,77,70,59,27,598,85,79,76,69,27.7