DATASET_TITLE,"New Deal Programme: Jobs Gained by Ethnic Group, 2005",,,,,,,,,,FROM,Jan-2005,Jan-2005,Jan-2005,Jan-2005,Jan-2005,Jan-2005,Jan-2005,Jan-2005,Jan-2005,Jan-2005,Jan-2005,Jan-2005,Jan-2005,Jan-2005,Jan-2005,Jan-2005,Jan-2005,Jan-2005
AREA_TYPE,Region,,,,,,,,,,TO,Dec-2005,Dec-2005,Dec-2005,Dec-2005,Dec-2005,Dec-2005,Dec-2005,Dec-2005,Dec-2005,Dec-2005,Dec-2005,Dec-2005,Dec-2005,Dec-2005,Dec-2005,Dec-2005,Dec-2005,Dec-2005
GEO_HIERARCHY,NeSS Geography Hierarchy,,,,,,,,,,HEADING,New Deal Young People,New Deal Young People; White,New Deal Young People; Black or Black British,"New Deal Young People; Asian, Asian British or Chinese",New Deal Young People; Mixed or Other,New Deal Young People; Unknown or Prefer Not to Say,New Deal 25plus,New Deal 25plus; White,New Deal 25plus; Black or Black British,"New Deal 25plus; Asian, Asian British or Chinese",New Deal 25plus; Mixed or Other,New Deal 25plus; Unknown or Prefer Not to Say,New Deal Lone Parents,New Deal Lone Parents; White,New Deal Lone Parents; Black or Black British,New Deal Lone Parents; Asian or Asian British or Chinese,New Deal Lone Parents; Mixed or Other,New Deal Lone Parents; Unknown or Prefer Not to Say
,,,,,,,,,,,MEASUREMENT_UNIT,Count,Count,Count,Count,Count,Count,Count,Count,Count,Count,Count,Count,Count,Count,Count,Count,Count,Count
,,,,,,,,,,,STATISTICAL_UNIT,Cases,Cases,Cases,Cases,Cases,Cases,Cases,Cases,Cases,Cases,Cases,Cases,Cases,Cases,Cases,Cases,Cases,Cases
UK_CODE,UK_NAME,GB_CODE,GB_NAME,EW_CODE,EW_NAME,CTRY_CODE,CTRY_NAME,GOR_CODE,GOR_NAME,AREA_METADATA,,DATA_VALUE,DATA_VALUE,DATA_VALUE,DATA_VALUE,DATA_VALUE,DATA_VALUE,DATA_VALUE,DATA_VALUE,DATA_VALUE,DATA_VALUE,DATA_VALUE,DATA_VALUE,DATA_VALUE,DATA_VALUE,DATA_VALUE,DATA_VALUE,DATA_VALUE,DATA_VALUE
"213","United Kingdom","078","Great Britain","727","England and Wales","064","England",,,,,65220,48210,4555,3970,3465,5020,30480,23060,2410,1355,1715,1940,75760,62365,4205,1250,1930,6010
"213","United Kingdom","078","Great Britain","727","England and Wales","220","Wales",,,,,4705,4240,35,25,60,345,1815,1615,25,10,50,115,6785,6040,25,25,50,645
"213","United Kingdom","078","Great Britain","727","England and Wales",,,,,,,69925,52450,4590,3995,3525,5365,32295,24675,2435,1365,1765,2055,82545,68405,4230,1275,1980,6655
"213","United Kingdom","078","Great Britain","727","England and Wales","064","England","A","North East",,,5525,4885,25,30,60,525,2175,1955,20,20,35,145,6275,5635,20,20,30,570
"213","United Kingdom","078","Great Britain","727","England and Wales","064","England","B","North West",,,11010,9270,240,480,270,750,4130,3405,145,170,130,280,13475,12010,205,195,175,890
"213","United Kingdom","078","Great Britain","727","England and Wales","064","England","D","Yorkshire and The Humber",,,7355,5745,190,535,300,585,3260,2655,105,160,160,180,9630,8300,175,170,130,855
"213","United Kingdom","078","Great Britain","727","England and Wales","064","England","E","East Midlands",,,4815,3835,200,280,215,285,2200,1735,115,155,90,105,6025,5155,175,110,135,450
"213","United Kingdom","078","Great Britain","727","England and Wales","064","England","F","West Midlands",,,8095,5615,510,935,495,540,3215,2565,170,200,125,155,7650,6115,475,275,200,585
"213","United Kingdom","078","Great Britain","727","England and Wales","064","England","G","East of England",,,4860,4035,80,140,170,435,2415,2025,75,75,60,180,6790,5855,135,65,125,610
"213","United Kingdom","078","Great Britain","727","England and Wales","064","England","H","London",,,13040,5670,3065,1400,1640,1265,7245,3635,1605,470,935,600,9920,4905,2765,330,865,1055
"213","United Kingdom","078","Great Britain","727","England and Wales","064","England","J","South East",,,5720,4875,130,135,225,355,2830,2375,110,85,120,140,7605,6765,145,65,135,495
"213","United Kingdom","078","Great Britain","727","England and Wales","064","England","K","South West",,,4805,4285,105,45,100,270,3000,2710,70,15,50,155,8390,7635,110,20,130,495