DATASET_TITLE,Occupation Groups (UV30),,,,,,FROM,Apr-2001,Apr-2001,Apr-2001,Apr-2001,Apr-2001,Apr-2001,Apr-2001,Apr-2001,Apr-2001,Apr-2001,Apr-2001,Apr-2001,Apr-2001,Apr-2001,Apr-2001,Apr-2001,Apr-2001,Apr-2001,Apr-2001,Apr-2001,Apr-2001,Apr-2001,Apr-2001,Apr-2001,Apr-2001,Apr-2001,Apr-2001,Apr-2001,Apr-2001,Apr-2001,Apr-2001,Apr-2001,Apr-2001,Apr-2001,Apr-2001
AREA_TYPE,Local Authority,,,,,,TO,Apr-2001,Apr-2001,Apr-2001,Apr-2001,Apr-2001,Apr-2001,Apr-2001,Apr-2001,Apr-2001,Apr-2001,Apr-2001,Apr-2001,Apr-2001,Apr-2001,Apr-2001,Apr-2001,Apr-2001,Apr-2001,Apr-2001,Apr-2001,Apr-2001,Apr-2001,Apr-2001,Apr-2001,Apr-2001,Apr-2001,Apr-2001,Apr-2001,Apr-2001,Apr-2001,Apr-2001,Apr-2001,Apr-2001,Apr-2001,Apr-2001
GEO_HIERARCHY,NeSS Geography Hierarchy,,,,,,HEADING,All People,1. Managers and Senior Officials,1. Managers and Senior Officials:  11. Corporate Managers,1. Managers and Senior Officials:  12. Managers and Proprietors in Agriculture and Services,2. Professional Occupations,2. Professional Occupations:  21. Science and Technology Professionals,2. Professional Occupations:  22. Health Professionals,2. Professional Occupations:  23. Teaching and Research Professionals,2. Professional Occupations:  24. Business and Public Service Professionals,3. Associate Professional and Technical Occupations,3. Associate Professional and Technical Occupations:  31. Science and Technology Associate Professionals,3. Associate Professional and Technical Occupations:  32. Health and Social Welfare Associate Professionals,3. Associate Professional and Technical Occupations:  33. Protective Service Occupations,3. Associate Professional and Technical Occupations:  34. Culture; Media and Sports Occupations,3. Associate Professional and Technical Occupations:  35. Business and Public Service Associate Professionals,4. Administrative and Secretarial Occupations,4. Administrative and Secretarial Occupations:  41. Administrative Occupations,4. Administrative and Secretarial Occupations:  42. Secretarial and Related Occupations,5. Skilled Trades Occupations,5. Skilled Trades Occupations:  51. Skilled Agricultural Trades,5. Skilled Trades Occupations:  52. Skilled Metal and Electrical Trades,5. Skilled Trades Occupations:  53. Skilled Construction and Building Trades,5. Skilled Trades Occupations:  54. Textiles; Printing and Other Skilled Trades,6. Personal Service Occupations,6. Personal Service Occupations:  61. Caring Personal Service Occupations,6. Personal Service Occupations:  62. Leisure and Other Personal Service Occupations,7. Sales and Customer Service Occupations,7. Sales and Customer Service Occupations:  71. Sales Occupations,7. Sales and Customer Service Occupations:  72. Customer Service Occupations,8. Process; Plant and Machine Operatives,8. Process; Plant and Machine Operatives:  81. Process; Plant and Machine Operatives,8. Process; Plant and Machine Operatives:  82. Transport and Mobile Machine Drivers and Operatives,9. Elementary Occupations,9. Elementary Occupations:  91. Elementary Trades; Plant and Storage Related Occupations,9. Elementary Occupations:  92. Elementary Administration and Service Occupations
,,,,,,,MEASUREMENT_UNIT,Count,Count,Count,Count,Count,Count,Count,Count,Count,Count,Count,Count,Count,Count,Count,Count,Count,Count,Count,Count,Count,Count,Count,Count,Count,Count,Count,Count,Count,Count,Count,Count,Count,Count,Count
,,,,,,,STATISTICAL_UNIT,Persons,Persons,Persons,Persons,Persons,Persons,Persons,Persons,Persons,Persons,Persons,Persons,Persons,Persons,Persons,Persons,Persons,Persons,Persons,Persons,Persons,Persons,Persons,Persons,Persons,Persons,Persons,Persons,Persons,Persons,Persons,Persons,Persons,Persons,Persons
GOR_CODE,GOR_NAME,CTY_CODE,CTY_NAME,LA_CODE,LA_NAME,AREA_METADATA,,DATA_VALUE,DATA_VALUE,DATA_VALUE,DATA_VALUE,DATA_VALUE,DATA_VALUE,DATA_VALUE,DATA_VALUE,DATA_VALUE,DATA_VALUE,DATA_VALUE,DATA_VALUE,DATA_VALUE,DATA_VALUE,DATA_VALUE,DATA_VALUE,DATA_VALUE,DATA_VALUE,DATA_VALUE,DATA_VALUE,DATA_VALUE,DATA_VALUE,DATA_VALUE,DATA_VALUE,DATA_VALUE,DATA_VALUE,DATA_VALUE,DATA_VALUE,DATA_VALUE,DATA_VALUE,DATA_VALUE,DATA_VALUE,DATA_VALUE,DATA_VALUE,DATA_VALUE
"K","South West",,,"00HA","Bath and North East Somerset",,,80257,13181,9372,3809,11252,3177,959,4795,2321,11411,1517,2954,625,2482,3833,10326,7470,2856,8600,851,2673,2928,2148,5034,3552,1482,6113,5535,578,5148,2844,2304,9192,2558,6634
"K","South West",,,"00HB","Bristol, City of",,,177057,22414,16510,5904,24734,7252,2361,9442,5679,25845,3644,6773,1073,4817,9538,25249,19425,5824,17441,648,7288,6044,3461,10943,8063,2880,15721,12346,3375,12679,6188,6491,22031,6397,15634
"K","South West",,,"00HC","North Somerset",,,88733,15528,11619,3909,9394,3067,606,3634,2087,12389,1691,2965,1176,1589,4968,12415,8929,3486,9743,1001,3817,3019,1906,6544,4919,1625,7276,6040,1236,6022,2952,3070,9422,3054,6368
"K","South West",,,"00HD","South Gloucestershire",,,127755,19887,15660,4227,13406,6074,683,4154,2495,17273,3007,3935,1527,1744,7060,20526,15237,5289,15108,1124,7103,4569,2312,7442,5545,1897,10839,8682,2157,9786,5323,4463,13488,4589,8899
"K","South West",,,"00HG","Plymouth",,,106295,10800,7526,3274,8425,2596,654,3512,1663,15075,2316,3543,3573,1454,4189,13152,10322,2830,13533,494,6320,4411,2308,8230,6104,2126,11886,8927,2959,10128,6300,3828,15066,4605,10461
"K","South West",,,"00HH","Torbay",,,53543,8153,4353,3800,3888,1026,405,1627,830,6704,1032,2194,586,937,1955,5907,4202,1705,7377,627,2324,2983,1443,4736,3552,1184,4819,4456,363,5021,3416,1605,6938,1825,5113
"K","South West",,,"00HN","Bournemouth",,,72395,10961,7149,3812,7154,2273,514,2875,1492,10217,1267,2549,486,1564,4351,10232,7700,2532,8609,488,3044,3209,1868,5600,3881,1719,6972,5987,985,4254,2115,2139,8396,1766,6630
"K","South West",,,"00HP","Poole",,,64217,9537,7084,2453,6487,2393,646,2235,1213,8801,1255,2356,852,980,3358,8929,6588,2341,8472,415,3631,2969,1457,4642,3365,1277,5348,4520,828,4931,3051,1880,7070,2112,4958
"K","South West",,,"00HX","Swindon",,,93953,12692,10042,2650,9407,4895,364,2520,1628,12187,2533,2157,690,1277,5530,13887,10898,2989,10144,479,5022,2811,1832,4846,3445,1401,8802,6259,2543,9172,5832,3340,12816,5259,7557
"K","South West","15","Cornwall and Isles of Scilly","15UB","Caradon",,,36110,4927,2952,1975,3514,852,247,1738,677,5111,585,1256,1140,628,1502,3841,2772,1069,5659,1274,1754,1632,999,2810,2168,642,2770,2414,356,2866,1610,1256,4612,1684,2928
"K","South West","15","Cornwall and Isles of Scilly","15UC","Carrick",,,37283,5414,3155,2259,3911,625,685,1737,864,4912,502,1653,430,801,1526,4221,2939,1282,5717,1065,1647,1894,1111,2768,2119,649,3266,2990,276,2289,1306,983,4785,1348,3437
"K","South West","15","Cornwall and Isles of Scilly","15UD","Kerrier",,,38744,4767,2828,1939,2755,622,193,1402,538,4961,578,1325,841,699,1518,4205,3057,1148,6930,1236,2525,1995,1174,3180,2475,705,3081,2836,245,3398,2017,1381,5467,1972,3495
"K","South West","15","Cornwall and Isles of Scilly","15UE","North Cornwall",,,34524,4759,2419,2340,2548,540,230,1293,485,3616,444,983,362,707,1120,3286,2214,1072,6745,1996,1508,1991,1250,2739,2075,664,2439,2322,117,3210,1988,1222,5182,2112,3070
"K","South West","15","Cornwall and Isles of Scilly","15UF","Penwith",,,25006,3595,1602,1993,1985,305,182,1103,395,2908,276,876,241,767,748,2418,1672,746,4512,997,1075,1409,1031,2203,1599,604,2127,1997,130,1592,785,807,3666,1074,2592
"K","South West","15","Cornwall and Isles of Scilly","15UG","Restormel",,,41322,5664,2901,2763,2696,597,190,1367,542,4401,648,1008,730,637,1378,4695,3383,1312,6683,1052,1967,2169,1495,3325,2438,887,3277,3039,238,4523,2917,1606,6058,1912,4146
"K","South West","15","Cornwall and Isles of Scilly","15UH","Isles of Scilly",,,1270,276,73,203,73,7,9,43,14,97,12,23,8,22,32,92,59,33,267,82,30,71,84,97,51,46,59,59,0,73,20,53,236,56,180
"K","South West","18","Devon","18UB","East Devon",,,52509,7926,4874,3052,4941,1020,429,2359,1133,6865,685,1785,1139,1050,2206,6170,4153,2017,8208,1870,2088,2439,1811,4584,3519,1065,4045,3506,539,3306,1695,1611,6464,2101,4363
"K","South West","18","Devon","18UC","Exeter",,,51634,5984,4198,1786,5770,1222,543,2768,1237,6955,972,2016,534,1009,2424,7327,5564,1763,5408,318,1875,2022,1193,3999,2833,1166,5536,4388,1148,3582,1715,1867,7073,1838,5235
"K","South West","18","Devon","18UD","Mid Devon",,,32847,4402,2899,1503,3003,657,257,1388,701,3753,440,1112,247,594,1360,3719,2654,1065,6012,1761,1497,1602,1152,2469,1953,516,2257,1992,265,3106,1732,1374,4126,2080,2046
"K","South West","18","Devon","18UE","North Devon",,,39316,5448,2861,2587,3074,682,382,1393,617,4558,547,1384,565,710,1352,4030,2811,1219,6837,1810,1863,2004,1160,3092,2310,782,3119,2928,191,3658,2410,1248,5500,2006,3494
"K","South West","18","Devon","18UG","South Hams",,,37003,5975,3507,2468,4532,854,508,2160,1010,5546,502,1583,988,910,1563,3876,2576,1300,5678,1518,1396,1767,997,2578,1887,691,2667,2331,336,2316,1359,957,3835,1253,2582
"K","South West","18","Devon","18UH","Teignbridge",,,53228,8074,5174,2900,5336,1093,579,2508,1156,7235,820,2267,745,974,2429,6247,4344,1903,7541,1328,2371,2456,1386,4325,3362,963,4246,3776,470,4249,2297,1952,5975,1909,4066
"K","South West","18","Devon","18UK","Torridge",,,25522,3063,1726,1337,1889,454,129,913,393,2366,357,704,135,406,764,2439,1658,781,5629,1725,1664,1400,840,2252,1772,480,1727,1611,116,2522,1503,1019,3635,1783,1852
"K","South West","18","Devon","18UL","West Devon",,,22208,3165,1821,1344,2626,564,331,1226,505,2817,279,823,351,491,873,2287,1598,689,3781,1325,884,945,627,1672,1277,395,1376,1243,133,1768,1082,686,2716,1141,1575
"K","South West","19","Dorset","19UC","Christchurch",,,18143,2839,1992,847,1814,613,119,693,389,2492,328,648,153,344,1019,2534,1761,773,2318,182,839,864,433,1420,1043,377,1595,1389,206,1189,707,482,1942,480,1462
"K","South West","19","Dorset","19UD","East Dorset",,,37060,6882,5140,1742,4066,1276,303,1651,836,5134,614,1184,494,685,2157,5315,3605,1710,4755,693,1798,1511,753,2592,1928,664,2665,2365,300,2213,1263,950,3438,1080,2358
"K","South West","19","Dorset","19UE","North Dorset",,,28730,3980,2667,1313,2874,687,166,1416,605,4752,403,802,1827,614,1106,3063,2087,976,4486,987,1347,1395,757,1936,1474,462,1652,1530,122,2338,1408,930,3649,1546,2103
"K","South West","19","Dorset","19UG","Purbeck",,,20333,3032,1848,1184,1883,544,102,824,413,2752,340,666,488,382,876,2539,1760,779,2945,444,998,964,539,1578,1158,420,1392,1286,106,1630,966,664,2582,852,1730
"K","South West","19","Dorset","19UH","West Dorset",,,39912,5904,3581,2323,4458,1062,460,1955,981,5343,584,1594,567,1019,1579,4474,3038,1436,6334,1663,1666,1891,1114,3202,2398,804,2687,2548,139,2671,1535,1136,4839,1920,2919
"K","South West","19","Dorset","19UJ","Weymouth and Portland",,,28263,3728,2290,1438,2519,718,144,1254,403,4017,492,1058,942,443,1082,3610,2808,802,3874,245,1536,1376,717,2420,1786,634,2282,2154,128,2134,1163,971,3679,1183,2496
"K","South West","23","Gloucestershire","23UB","Cheltenham",,,53099,7864,5913,1951,7136,2396,545,2775,1420,8329,1125,1722,499,1411,3572,7914,6108,1806,4978,343,2051,1615,969,3106,2265,841,4312,3686,626,3651,2386,1265,5809,1485,4324
"K","South West","23","Gloucestershire","23UC","Cotswold",,,39280,7585,5018,2567,4376,1291,345,1606,1134,5066,602,1031,439,1078,1916,4329,2798,1531,5563,1354,1435,1680,1094,2677,1833,844,2492,2239,253,2645,1602,1043,4547,1696,2851
"K","South West","23","Gloucestershire","23UD","Forest of Dean",,,37549,5262,3684,1578,3389,1166,193,1387,643,4579,837,1073,518,642,1509,4326,3175,1151,5654,958,2250,1602,844,2654,2088,566,2294,2105,189,4498,3073,1425,4893,2381,2512
"K","South West","23","Gloucestershire","23UE","Gloucester",,,52525,6273,4788,1485,4351,1931,243,1356,821,7327,1354,1783,652,631,2907,8361,6632,1729,6080,281,2856,1948,995,3655,2889,766,4563,3864,699,5252,3295,1957,6663,2120,4543
"K","South West","23","Gloucestershire","23UF","Stroud",,,52389,8392,6163,2229,6411,2115,489,2576,1231,6908,1045,1715,433,1255,2460,6229,4416,1813,7280,1073,2853,2073,1281,3539,2782,757,3195,2855,340,4918,3302,1616,5517,2188,3329
"K","South West","23","Gloucestershire","23UG","Tewkesbury",,,38103,6246,4685,1561,4122,1591,249,1479,803,5356,862,1065,583,654,2192,6059,4490,1569,4408,766,1778,1164,700,2185,1607,578,2516,2141,375,3291,2177,1114,3920,1357,2563
"K","South West","40","Somerset","40UB","Mendip",,,48881,7323,5104,2219,5189,1408,312,2407,1062,5737,845,1452,370,1114,1956,5247,3648,1599,7051,1298,2163,2079,1511,3618,2787,831,3655,3276,379,4807,2994,1813,6254,2684,3570
"K","South West","40","Somerset","40UC","Sedgemoor",,,48146,6941,4896,2045,4181,1209,313,1788,871,5485,1062,1375,384,661,2003,5480,3773,1707,6974,1021,2478,2388,1087,3839,2980,859,3660,3240,420,4916,3049,1867,6670,3177,3493
"K","South West","40","Somerset","40UD","South Somerset",,,71240,9600,6708,2892,7136,2819,476,2617,1224,8830,1284,2033,1459,1181,2873,7957,5650,2307,11554,1841,4549,3118,2046,5268,4132,1136,5230,4626,604,6810,4505,2305,8855,4035,4820
"K","South West","40","Somerset","40UE","Taunton Deane",,,48052,6627,4723,1904,4840,1021,601,2125,1093,6711,902,2020,747,800,2242,6322,4610,1712,6288,1061,1880,1927,1420,4276,3423,853,3946,3631,315,3483,1972,1511,5559,1986,3573
"K","South West","40","Somerset","40UF","West Somerset",,,14393,2128,994,1134,1153,243,109,532,269,1477,169,422,79,366,441,1366,912,454,2479,797,519,670,493,1519,1129,390,1003,965,38,970,536,434,2298,708,1590
"K","South West","46","Wiltshire","46UB","Kennet",,,37571,6246,4574,1672,3853,1050,274,1444,1085,6595,559,1030,2539,823,1644,4359,3090,1269,4816,949,1507,1487,873,2750,2063,687,2096,1853,243,2673,1519,1154,4183,1750,2433
"K","South West","46","Wiltshire","46UC","North Wiltshire",,,64518,11502,8896,2606,7549,3000,403,2642,1504,9750,1399,1713,2157,1169,3312,8054,5928,2126,7363,1257,2863,2048,1195,3747,2752,995,4285,3598,687,5653,3712,1941,6615,2542,4073
"K","South West","46","Wiltshire","46UD","Salisbury",,,57468,8939,6470,2469,6326,1508,572,2547,1699,9927,1057,1982,3246,1099,2543,7435,5525,1910,6977,1132,2148,2385,1312,3960,2937,1023,4044,3565,479,3639,1914,1725,6221,2139,4082
"K","South West","46","Wiltshire","46UF","West Wiltshire",,,57721,8648,6268,2380,5512,1722,270,2287,1233,7703,1140,1543,1345,1029,2646,7258,5417,1841,7149,823,2668,2182,1476,3787,2740,1047,4622,3658,964,6028,4061,1967,7014,2896,4118