DATASET_TITLE,"New Deal Programme: Starts by Gender, 2007",,,,,,,,,,FROM,Jan-2007,Jan-2007,Jan-2007,Jan-2007,Jan-2007,Jan-2007,Jan-2007,Jan-2007,Jan-2007
AREA_TYPE,Region,,,,,,,,,,TO,Dec-2007,Dec-2007,Dec-2007,Dec-2007,Dec-2007,Dec-2007,Dec-2007,Dec-2007,Dec-2007
GEO_HIERARCHY,NeSS Geography Hierarchy,,,,,,,,,,HEADING,New Deal Young People,New Deal Young People; Male,New Deal Young People; Female,New Deal 25plus,New Deal 25plus; Male,New Deal 25plus; Female,New Deal Lone Parents,New Deal Lone Parents; Male,New Deal Lone Parents; Female
,,,,,,,,,,,MEASUREMENT_UNIT,Count,Count,Count,Count,Count,Count,Count,Count,Count
,,,,,,,,,,,STATISTICAL_UNIT,Cases,Cases,Cases,Cases,Cases,Cases,Cases,Cases,Cases
UK_CODE,UK_NAME,GB_CODE,GB_NAME,EW_CODE,EW_NAME,CTRY_CODE,CTRY_NAME,GOR_CODE,GOR_NAME,AREA_METADATA,,DATA_VALUE,DATA_VALUE,DATA_VALUE,DATA_VALUE,DATA_VALUE,DATA_VALUE,DATA_VALUE,DATA_VALUE,DATA_VALUE
"213","United Kingdom","078","Great Britain","727","England and Wales","064","England",,,,,150490,101800,48690,111780,89290,22490,147980,7130,140660
"213","United Kingdom","078","Great Britain","727","England and Wales","220","Wales",,,,,9200,6450,2750,4480,3670,810,10630,450,10160
"213","United Kingdom","078","Great Britain","727","England and Wales",,,,,,,159690,108250,51440,116260,92960,23300,158610,7580,150820
"213","United Kingdom","078","Great Britain","727","England and Wales","064","England","A","North East",,,12440,8900,3550,8740,7230,1510,10770,450,10320
"213","United Kingdom","078","Great Britain","727","England and Wales","064","England","B","North West",,,24470,17110,7360,14560,12110,2450,28560,1350,27160
"213","United Kingdom","078","Great Britain","727","England and Wales","064","England","D","Yorkshire and The Humber",,,18530,12770,5770,14300,11720,2580,18020,950,17040
"213","United Kingdom","078","Great Britain","727","England and Wales","064","England","E","East Midlands",,,12160,8260,3900,8980,7170,1810,7530,360,7160
"213","United Kingdom","078","Great Britain","727","England and Wales","064","England","F","West Midlands",,,22060,14880,7180,13620,11090,2530,13420,680,12730
"213","United Kingdom","078","Great Britain","727","England and Wales","064","England","G","East of England",,,11750,7880,3870,10300,8170,2130,10580,550,10020
"213","United Kingdom","078","Great Britain","727","England and Wales","064","England","H","London",,,28880,18220,10650,25150,18750,6400,31860,1400,30410
"213","United Kingdom","078","Great Britain","727","England and Wales","064","England","J","South East",,,12640,8520,4120,10350,8360,1990,14450,720,13710
"213","United Kingdom","078","Great Britain","727","England and Wales","064","England","K","South West",,,7570,5270,2300,5780,4700,1090,12780,670,12090