DATASET_TITLE,Household Type (UV68),,,,FROM,Apr-2001,Apr-2001,Apr-2001,Apr-2001,Apr-2001,Apr-2001,Apr-2001,Apr-2001,Apr-2001,Apr-2001
AREA_TYPE,County,,,,TO,Apr-2001,Apr-2001,Apr-2001,Apr-2001,Apr-2001,Apr-2001,Apr-2001,Apr-2001,Apr-2001,Apr-2001
GEO_HIERARCHY,NeSS Geography Hierarchy,,,,HEADING,All Households,Married couple household with dependent child(ren),Married couple household with no dependent child(ren),Cohabiting couple household with dependent child(ren),Cohabiting couple household with no dependent child(ren),Lone parent household with dependent child(ren),Lone parent household with no dependent child(ren),One person household,Multi person household: All student,Multi person household: All other
,,,,,MEASUREMENT_UNIT,Count,Count,Count,Count,Count,Count,Count,Count,Count,Count
,,,,,STATISTICAL_UNIT,Households,Households,Households,Households,Households,Households,Households,Households,Households,Households
GOR_CODE,GOR_NAME,CTY_CODE,CTY_NAME,AREA_METADATA,,DATA_VALUE,DATA_VALUE,DATA_VALUE,DATA_VALUE,DATA_VALUE,DATA_VALUE,DATA_VALUE,DATA_VALUE,DATA_VALUE,DATA_VALUE
"J","South East","11","Buckinghamshire",,,188086,44737,61098,5248,11308,8992,5700,46812,320,3871
"J","South East","21","East Sussex",,,214638,35768,68049,6829,11263,12559,5695,69712,256,4507
"J","South East","24","Hampshire",,,502706,107169,168639,15823,29427,27223,14738,129186,402,10099
"J","South East","29","Kent",,,546742,105853,171782,20491,31800,34479,16818,153797,1240,10482
"J","South East","38","Oxfordshire",,,241218,50193,74062,7097,15586,12375,7031,65302,1882,7690
"J","South East","43","Surrey",,,433176,92835,134842,11694,27165,19262,13121,122472,1010,10775
"J","South East","45","West Sussex",,,320915,59605,103392,9191,18421,17192,9078,96617,286,7133