DATASET_TITLE,"Fire and Rescue Service: All Incidents Attended, 2006",,,,,,,,,,FROM,Jan-2006,Jan-2006,Jan-2006,Jan-2006,Jan-2006,Jan-2006,Jan-2006,Jan-2006,Jan-2006,Jan-2006,Jan-2006
AREA_TYPE,Region,,,,,,,,,,TO,Dec-2006,Dec-2006,Dec-2006,Dec-2006,Dec-2006,Dec-2006,Dec-2006,Dec-2006,Dec-2006,Dec-2006,Dec-2006
GEO_HIERARCHY,NeSS Geography Hierarchy,,,,,,,,,,HEADING,Total Fire Service Incidents,Primary Fires,Secondary Fires,Chimney Fires,Special Services,Good Intent False Alarms,Malicious False Alarms,False Alarms Due to Apparatus,Fatal Casualties,Non-Fatal Casualties,Rescues
,,,,,,,,,,,MEASUREMENT_UNIT,Count,Count,Count,Count,Count,Count,Count,Count,Count,Count,Count
,,,,,,,,,,,STATISTICAL_UNIT,Incidents,Incidents,Incidents,Incidents,Incidents,Incidents,Incidents,Incidents,Incidents,Incidents,Incidents
UK_CODE,UK_NAME,GB_CODE,GB_NAME,EW_CODE,EW_NAME,CTRY_CODE,CTRY_NAME,GOR_CODE,GOR_NAME,AREA_METADATA,,DATA_VALUE,DATA_VALUE,DATA_VALUE,DATA_VALUE,DATA_VALUE,DATA_VALUE,DATA_VALUE,DATA_VALUE,DATA_VALUE,DATA_VALUE,DATA_VALUE
"213","United Kingdom","078","Great Britain","727","England and Wales","064","England",,,,,840219,130491,201936,6444,152952,94374,24336,229686,1926,37095,24141
"213","United Kingdom","078","Great Britain","727","England and Wales","220","Wales",,,,,49638,7620,15798,660,5874,6462,1755,11469,114,2478,447
"213","United Kingdom","078","Great Britain","727","England and Wales",,,,,,,889857,138111,217734,7104,158826,100836,26091,241155,2040,39573,24588
"213","United Kingdom","078","Great Britain","727","England and Wales","064","England","A","North East",,,54558,8916,21165,249,5253,6810,1167,10998,102,2370,1404
"213","United Kingdom","078","Great Britain","727","England and Wales","064","England","B","North West",,,130728,24408,43956,432,13353,12354,3966,32259,261,5895,4704
"213","United Kingdom","078","Great Britain","727","England and Wales","064","England","D","Yorkshire and The Humber",,,93828,15768,28833,528,11049,9918,3267,24465,249,5169,2058
"213","United Kingdom","078","Great Britain","727","England and Wales","064","England","E","East Midlands",,,63930,10833,14391,537,11529,6819,2001,17820,210,3996,1197
"213","United Kingdom","078","Great Britain","727","England and Wales","064","England","F","West Midlands",,,89694,13677,25380,708,13332,9873,3705,23019,138,2127,2127
"213","United Kingdom","078","Great Britain","727","England and Wales","064","England","G","East of England",,,69660,12048,15087,777,12471,9327,2295,17655,147,2991,699
"213","United Kingdom","078","Great Britain","727","England and Wales","064","England","H","London",,,151053,15420,21591,66,45093,13200,3225,52458,141,4185,6186
"213","United Kingdom","078","Great Britain","727","England and Wales","064","England","J","South East",,,115935,17508,20331,1566,23802,17157,2646,32925,387,4914,4137
"213","United Kingdom","078","Great Britain","727","England and Wales","064","England","K","South West",,,70833,11913,11202,1581,17070,8916,2064,18087,291,5448,1629