DATASET_TITLE,Accommodation Type - People (UV42),,,,,,,,FROM,Apr-2001,Apr-2001,Apr-2001,Apr-2001,Apr-2001,Apr-2001,Apr-2001,Apr-2001,Apr-2001,Apr-2001,Apr-2001,Apr-2001
AREA_TYPE,Super Output Area Middle Layer,,,,,,,,TO,Apr-2001,Apr-2001,Apr-2001,Apr-2001,Apr-2001,Apr-2001,Apr-2001,Apr-2001,Apr-2001,Apr-2001,Apr-2001,Apr-2001
GEO_HIERARCHY,NeSS Geography Hierarchy,,,,,,,,HEADING,All People,In an unshared dwelling,In an unshared dwelling: House or Bungalow,In an unshared dwelling: House or Bungalow: Detached,In an unshared dwelling: House or Bungalow: Semi-detached,In an unshared dwelling: House or Bungalow: Terraced (including end-terrace),"In an unshared dwelling: Flat, maisonette or apartment","In an unshared dwelling: Flat, maisonette or apartment: In a purpose-built block of flats","In an unshared dwelling: Flat, maisonette or apartment: Part of a converted or shared house","In an unshared dwelling: Flat, maisonette or apartment: In a commercial building",In an unshared dwelling: Caravan or other mobile or temporary structure,In a shared dwelling
,,,,,,,,,MEASUREMENT_UNIT,Count,Count,Count,Count,Count,Count,Count,Count,Count,Count,Count,Count
,,,,,,,,,STATISTICAL_UNIT,Persons,Persons,Persons,Persons,Persons,Persons,Persons,Persons,Persons,Persons,Persons,Persons
GOR_CODE,GOR_NAME,CTY_CODE,CTY_NAME,LA_CODE,LA_NAME,MSOA_CODE,MSOA_NAME,AREA_METADATA,,DATA_VALUE,DATA_VALUE,DATA_VALUE,DATA_VALUE,DATA_VALUE,DATA_VALUE,DATA_VALUE,DATA_VALUE,DATA_VALUE,DATA_VALUE,DATA_VALUE,DATA_VALUE
"E","East Midlands",,,"00FK","Derby","E02002796","Derby 001",,,5966,5966,5801,3534,2128,139,165,106,15,44,0,0
"E","East Midlands",,,"00FK","Derby","E02002797","Derby 002",,,7052,7052,6797,4274,2464,59,249,230,5,14,6,0
"E","East Midlands",,,"00FK","Derby","E02002798","Derby 003",,,10293,10293,10232,7039,2371,822,61,37,8,16,0,0
"E","East Midlands",,,"00FK","Derby","E02002799","Derby 004",,,5840,5840,5711,564,3993,1154,129,96,15,18,0,0
"E","East Midlands",,,"00FK","Derby","E02002800","Derby 005",,,5824,5819,5217,1942,1544,1731,602,428,147,27,0,5
"E","East Midlands",,,"00FK","Derby","E02002801","Derby 006",,,7548,7548,7447,1171,5789,487,101,55,14,32,0,0
"E","East Midlands",,,"00FK","Derby","E02002802","Derby 007",,,7593,7593,7179,977,3689,2513,414,359,31,24,0,0
"E","East Midlands",,,"00FK","Derby","E02002803","Derby 008",,,4867,4860,3403,146,490,2767,1457,1147,210,100,0,7
"E","East Midlands",,,"00FK","Derby","E02002804","Derby 009",,,7421,7421,7116,1123,4920,1073,305,248,14,43,0,0
"E","East Midlands",,,"00FK","Derby","E02002805","Derby 010",,,5907,5907,5727,2302,2821,604,170,79,16,75,10,0
"E","East Midlands",,,"00FK","Derby","E02002806","Derby 011",,,5278,5271,4596,247,1359,2990,675,585,70,20,0,7
"E","East Midlands",,,"00FK","Derby","E02002807","Derby 012",,,8791,8791,8206,2119,4564,1523,582,518,38,26,3,0
"E","East Midlands",,,"00FK","Derby","E02002808","Derby 013",,,8571,8543,6519,315,1289,4915,2015,1443,404,168,9,28
"E","East Midlands",,,"00FK","Derby","E02002809","Derby 014",,,5924,5924,5639,1089,3932,618,279,216,22,41,6,0
"E","East Midlands",,,"00FK","Derby","E02002810","Derby 015",,,7570,7570,7530,3047,4190,293,40,10,15,15,0,0
"E","East Midlands",,,"00FK","Derby","E02002811","Derby 016",,,7527,7501,6426,547,1624,4255,1070,661,292,117,5,26
"E","East Midlands",,,"00FK","Derby","E02002812","Derby 017",,,5552,5552,5136,2038,2883,215,412,345,27,40,4,0
"E","East Midlands",,,"00FK","Derby","E02002813","Derby 018",,,7460,7451,6219,506,861,4852,1232,879,205,148,0,9
"E","East Midlands",,,"00FK","Derby","E02002814","Derby 019",,,7333,7333,7002,3419,3116,467,331,272,12,47,0,0
"E","East Midlands",,,"00FK","Derby","E02002815","Derby 020",,,5996,5973,5740,539,1974,3227,233,133,48,52,0,23
"E","East Midlands",,,"00FK","Derby","E02002816","Derby 021",,,7561,7561,7232,4481,2203,548,329,304,13,12,0,0
"E","East Midlands",,,"00FK","Derby","E02002817","Derby 022",,,6098,6098,6040,2831,3014,195,58,26,17,15,0,0
"E","East Midlands",,,"00FK","Derby","E02002818","Derby 023",,,5975,5975,5645,451,3081,2113,327,252,42,33,3,0
"E","East Midlands",,,"00FK","Derby","E02002819","Derby 024",,,6020,6020,5385,1276,2501,1608,441,406,26,9,194,0
"E","East Midlands",,,"00FK","Derby","E02002820","Derby 025",,,9040,9037,8691,568,5924,2199,346,237,51,58,0,3
"E","East Midlands",,,"00FK","Derby","E02002821","Derby 026",,,9105,9093,8520,579,6028,1913,573,438,70,65,0,12
"E","East Midlands",,,"00FK","Derby","E02002822","Derby 027",,,6371,6371,6093,1498,3595,1000,275,218,20,37,3,0
"E","East Midlands",,,"00FK","Derby","E02002823","Derby 028",,,7656,7656,7317,1263,4278,1776,336,288,26,22,3,0
"E","East Midlands",,,"00FK","Derby","E02002824","Derby 029",,,9191,9191,8601,1584,4399,2618,580,490,48,42,10,0
"E","East Midlands",,,"00FK","Derby","E02002825","Derby 030",,,5677,5677,5096,2269,1780,1047,535,495,12,28,46,0
"E","East Midlands",,,"00FK","Derby","E02002826","Derby 031",,,6327,6327,6042,3088,2349,605,285,237,10,38,0,0
"E","East Midlands",,,"00FN","Leicester","E02002827","Leicester 001",,,6128,6128,5607,2065,2222,1320,521,483,22,16,0,0
"E","East Midlands",,,"00FN","Leicester","E02002828","Leicester 002",,,7318,7318,7161,1476,4948,737,129,70,44,15,28,0
"E","East Midlands",,,"00FN","Leicester","E02002829","Leicester 003",,,9255,9255,8234,624,4834,2776,1018,975,21,22,3,0
"E","East Midlands",,,"00FN","Leicester","E02002830","Leicester 004",,,7438,7438,6435,1242,2325,2868,997,936,37,24,6,0
"E","East Midlands",,,"00FN","Leicester","E02002831","Leicester 005",,,6245,6245,5989,794,3592,1603,252,180,26,46,4,0
"E","East Midlands",,,"00FN","Leicester","E02002832","Leicester 006",,,7473,7473,6806,530,1895,4381,658,439,122,97,9,0
"E","East Midlands",,,"00FN","Leicester","E02002833","Leicester 007",,,7187,7178,6928,357,2590,3981,236,131,50,55,14,9
"E","East Midlands",,,"00FN","Leicester","E02002834","Leicester 008",,,7714,7714,7460,1131,5406,923,254,198,14,42,0,0
"E","East Midlands",,,"00FN","Leicester","E02002835","Leicester 009",,,5813,5810,5495,2429,2324,742,315,285,16,14,0,3
"E","East Midlands",,,"00FN","Leicester","E02002836","Leicester 010",,,8640,8625,7459,528,1691,5240,1162,986,70,106,4,15
"E","East Midlands",,,"00FN","Leicester","E02002837","Leicester 011",,,6180,6180,5836,350,2525,2961,337,279,32,26,7,0
"E","East Midlands",,,"00FN","Leicester","E02002838","Leicester 012",,,7268,7265,6406,684,3892,1830,856,805,14,37,3,3
"E","East Midlands",,,"00FN","Leicester","E02002839","Leicester 013",,,6926,6926,6678,1038,4803,837,248,172,29,47,0,0
"E","East Midlands",,,"00FN","Leicester","E02002840","Leicester 014",,,8760,8760,8548,882,4748,2918,209,173,14,22,3,0
"E","East Midlands",,,"00FN","Leicester","E02002841","Leicester 015",,,7357,7357,6899,407,4426,2066,455,432,14,9,3,0
"E","East Midlands",,,"00FN","Leicester","E02002842","Leicester 016",,,6320,6309,5843,89,366,5388,461,217,157,87,5,11
"E","East Midlands",,,"00FN","Leicester","E02002843","Leicester 017",,,10426,10379,9408,330,696,8382,971,648,174,149,0,47
"E","East Midlands",,,"00FN","Leicester","E02002844","Leicester 018",,,9106,9018,5108,196,752,4160,3893,3671,117,105,17,88
"E","East Midlands",,,"00FN","Leicester","E02002845","Leicester 019",,,8819,8800,7318,658,3358,3302,1477,1346,74,57,5,19
"E","East Midlands",,,"00FN","Leicester","E02002846","Leicester 020",,,7154,7133,6863,1558,4176,1129,266,188,66,12,4,21
"E","East Midlands",,,"00FN","Leicester","E02002847","Leicester 021",,,8935,8930,8727,318,4982,3427,199,65,64,70,4,5
"E","East Midlands",,,"00FN","Leicester","E02002848","Leicester 022",,,9160,9121,8303,484,1055,6764,811,351,347,113,7,39
"E","East Midlands",,,"00FN","Leicester","E02002849","Leicester 023",,,9171,9107,7072,405,1189,5478,2035,910,839,286,0,64
"E","East Midlands",,,"00FN","Leicester","E02002850","Leicester 024",,,5994,5898,2633,74,346,2213,3265,2405,587,273,0,96
"E","East Midlands",,,"00FN","Leicester","E02002851","Leicester 025",,,6892,6892,6718,3164,3051,503,171,143,10,18,3,0
"E","East Midlands",,,"00FN","Leicester","E02002852","Leicester 026",,,6118,6118,5877,498,3898,1481,171,151,11,9,70,0
"E","East Midlands",,,"00FN","Leicester","E02002853","Leicester 027",,,10865,10859,9870,1757,4598,3515,989,423,448,118,0,6
"E","East Midlands",,,"00FN","Leicester","E02002854","Leicester 028",,,7502,7502,7024,307,4562,2155,470,245,171,54,8,0
"E","East Midlands",,,"00FN","Leicester","E02002855","Leicester 029",,,5685,5685,5438,748,1927,2763,247,60,132,55,0,0
"E","East Midlands",,,"00FN","Leicester","E02002856","Leicester 030",,,9335,9284,7303,1274,2509,3520,1978,1112,716,150,3,51
"E","East Midlands",,,"00FN","Leicester","E02002857","Leicester 031",,,5565,5565,5154,187,1152,3815,411,152,188,71,0,0
"E","East Midlands",,,"00FN","Leicester","E02002858","Leicester 032",,,6704,6698,6223,2510,3028,685,475,338,116,21,0,6
"E","East Midlands",,,"00FN","Leicester","E02002859","Leicester 033",,,7029,7029,6643,968,4546,1129,386,287,52,47,0,0
"E","East Midlands",,,"00FN","Leicester","E02002860","Leicester 034",,,7619,7619,7059,1148,4197,1714,557,446,38,73,3,0
"E","East Midlands",,,"00FN","Leicester","E02002861","Leicester 035",,,7306,7306,6967,546,5819,602,331,269,26,36,8,0
"E","East Midlands",,,"00FN","Leicester","E02002862","Leicester 036",,,7986,7986,7459,333,3552,3574,516,419,47,50,11,0
"E","East Midlands",,,"00FP","Rutland","E02002863","Rutland 001",,,6385,6385,6250,2890,2349,1011,132,71,42,19,3,0
"E","East Midlands",,,"00FP","Rutland","E02002864","Rutland 002",,,5179,5174,4915,2252,1601,1062,184,112,43,29,75,5
"E","East Midlands",,,"00FP","Rutland","E02002865","Rutland 003",,,6695,6695,6146,3891,1336,919,546,371,72,103,3,0
"E","East Midlands",,,"00FP","Rutland","E02002866","Rutland 004",,,6610,6610,6492,3558,2002,932,106,52,25,29,12,0
"E","East Midlands",,,"00FP","Rutland","E02002867","Rutland 005",,,6984,6984,6487,3590,1857,1040,480,303,78,99,17,0
"E","East Midlands",,,"00FY","Nottingham","E02002868","Nottingham 001",,,6127,6127,5783,3946,940,897,344,315,15,14,0,0
"E","East Midlands",,,"00FY","Nottingham","E02002869","Nottingham 002",,,7017,7017,6475,361,2724,3390,493,422,27,44,49,0
"E","East Midlands",,,"00FY","Nottingham","E02002870","Nottingham 003",,,7702,7702,6505,473,3363,2669,1197,1150,11,36,0,0
"E","East Midlands",,,"00FY","Nottingham","E02002871","Nottingham 004",,,7543,7537,6835,1340,2949,2546,698,609,40,49,4,6
"E","East Midlands",,,"00FY","Nottingham","E02002872","Nottingham 005",,,8533,8533,7650,927,3650,3073,883,838,22,23,0,0
"E","East Midlands",,,"00FY","Nottingham","E02002873","Nottingham 006",,,7499,7499,6860,403,3838,2619,634,597,9,28,5,0
"E","East Midlands",,,"00FY","Nottingham","E02002874","Nottingham 007",,,7098,7091,6627,1380,3972,1275,464,361,94,9,0,7
"E","East Midlands",,,"00FY","Nottingham","E02002875","Nottingham 008",,,7569,7569,7168,570,3577,3021,398,316,25,57,3,0
"E","East Midlands",,,"00FY","Nottingham","E02002876","Nottingham 009",,,7293,7293,6870,1481,3798,1591,411,351,35,25,12,0
"E","East Midlands",,,"00FY","Nottingham","E02002877","Nottingham 010",,,7389,7339,6381,1390,2797,2194,955,409,407,139,3,50
"E","East Midlands",,,"00FY","Nottingham","E02002878","Nottingham 011",,,7720,7720,7516,748,3559,3209,198,137,27,34,6,0
"E","East Midlands",,,"00FY","Nottingham","E02002879","Nottingham 012",,,7044,7033,6608,916,3568,2124,425,254,103,68,0,11
"E","East Midlands",,,"00FY","Nottingham","E02002880","Nottingham 013",,,7969,7965,7697,485,3598,3614,268,199,53,16,0,4
"E","East Midlands",,,"00FY","Nottingham","E02002881","Nottingham 014",,,5766,5766,5299,537,2863,1899,467,440,13,14,0,0
"E","East Midlands",,,"00FY","Nottingham","E02002882","Nottingham 015",,,7380,7321,4704,1799,1548,1357,2606,1110,1419,77,11,59
"E","East Midlands",,,"00FY","Nottingham","E02002883","Nottingham 016",,,6171,6157,5363,1377,2226,1760,794,656,117,21,0,14
"E","East Midlands",,,"00FY","Nottingham","E02002884","Nottingham 017",,,5623,5559,4727,588,1477,2662,826,142,629,55,6,64
"E","East Midlands",,,"00FY","Nottingham","E02002885","Nottingham 018",,,7125,7061,5870,380,1954,3536,1191,484,491,216,0,64
"E","East Midlands",,,"00FY","Nottingham","E02002886","Nottingham 019",,,7528,7528,6898,3106,2302,1490,619,502,60,57,11,0
"E","East Midlands",,,"00FY","Nottingham","E02002887","Nottingham 020",,,5958,5958,5691,1675,2949,1067,264,211,0,53,3,0
"E","East Midlands",,,"00FY","Nottingham","E02002888","Nottingham 021",,,5982,5979,4506,380,1572,2554,1468,1354,61,53,5,3
"E","East Midlands",,,"00FY","Nottingham","E02002889","Nottingham 022",,,5605,5591,2904,243,753,1908,2684,1420,1160,104,3,14
"E","East Midlands",,,"00FY","Nottingham","E02002890","Nottingham 023",,,5713,5685,3353,251,1007,2095,2332,1872,223,237,0,28
"E","East Midlands",,,"00FY","Nottingham","E02002891","Nottingham 024",,,7642,7639,7426,2427,3227,1772,213,156,20,37,0,3
"E","East Midlands",,,"00FY","Nottingham","E02002892","Nottingham 025",,,5816,5816,5640,792,4067,781,173,158,7,8,3,0
"E","East Midlands",,,"00FY","Nottingham","E02002893","Nottingham 026",,,8097,8074,6300,504,2538,3258,1774,1453,226,95,0,23
"E","East Midlands",,,"00FY","Nottingham","E02002894","Nottingham 027",,,6329,6308,6032,4062,1673,297,273,212,29,32,3,21
"E","East Midlands",,,"00FY","Nottingham","E02002895","Nottingham 028",,,5912,5873,4006,541,1824,1641,1867,614,1138,115,0,39
"E","East Midlands",,,"00FY","Nottingham","E02002896","Nottingham 029",,,7593,7561,6676,384,1550,4742,881,659,157,65,4,32
"E","East Midlands",,,"00FY","Nottingham","E02002897","Nottingham 030",,,7811,7811,7336,5158,1934,244,475,412,20,43,0,0
"E","East Midlands",,,"00FY","Nottingham","E02002898","Nottingham 031",,,9453,9438,7647,1441,2906,3300,1791,1373,266,152,0,15
"E","East Midlands",,,"00FY","Nottingham","E02002899","Nottingham 032",,,5275,5270,4561,934,2047,1580,706,650,40,16,3,5
"E","East Midlands",,,"00FY","Nottingham","E02002900","Nottingham 033",,,8993,8983,6845,382,1673,4790,2138,1789,210,139,0,10
"E","East Midlands",,,"00FY","Nottingham","E02002901","Nottingham 034",,,5402,5399,5003,1784,2556,663,379,333,10,36,17,3
"E","East Midlands",,,"00FY","Nottingham","E02002902","Nottingham 035",,,8174,8174,7314,1004,3066,3244,860,793,18,49,0,0
"E","East Midlands",,,"00FY","Nottingham","E02002903","Nottingham 036",,,5930,5922,5530,831,2036,2663,392,348,14,30,0,8
"E","East Midlands",,,"00FY","Nottingham","E02002904","Nottingham 037",,,6215,6215,6010,221,2705,3084,205,166,18,21,0,0
"E","East Midlands","17","Derbyshire","17UB","Amber Valley","E02004029","Amber Valley 001",,,6282,6282,5910,1212,3351,1347,372,280,24,68,0,0
"E","East Midlands","17","Derbyshire","17UB","Amber Valley","E02004030","Amber Valley 002",,,5524,5524,5401,2719,2037,645,119,56,23,40,4,0
"E","East Midlands","17","Derbyshire","17UB","Amber Valley","E02004031","Amber Valley 003",,,7070,7070,6614,932,3445,2237,450,351,33,66,6,0
"E","East Midlands","17","Derbyshire","17UB","Amber Valley","E02004032","Amber Valley 004",,,8108,8108,7986,4049,2907,1030,122,64,13,45,0,0
"E","East Midlands","17","Derbyshire","17UB","Amber Valley","E02004033","Amber Valley 005",,,8247,8247,8030,2686,2619,2725,214,79,74,61,3,0
"E","East Midlands","17","Derbyshire","17UB","Amber Valley","E02004034","Amber Valley 006",,,7237,7237,7008,3736,2300,972,226,162,11,53,3,0
"E","East Midlands","17","Derbyshire","17UB","Amber Valley","E02004035","Amber Valley 007",,,6126,6126,5947,3495,2006,446,86,25,16,45,93,0
"E","East Midlands","17","Derbyshire","17UB","Amber Valley","E02004036","Amber Valley 008",,,9668,9668,9375,2827,5389,1159,288,180,30,78,5,0
"E","East Midlands","17","Derbyshire","17UB","Amber Valley","E02004037","Amber Valley 009",,,7745,7745,7693,4939,1785,969,52,27,10,15,0,0
"E","East Midlands","17","Derbyshire","17UB","Amber Valley","E02004038","Amber Valley 010",,,6451,6451,5884,1407,2430,2047,564,309,91,164,3,0
"E","East Midlands","17","Derbyshire","17UB","Amber Valley","E02004039","Amber Valley 011",,,7454,7454,7333,3324,2928,1081,116,81,13,22,5,0
"E","East Midlands","17","Derbyshire","17UB","Amber Valley","E02004040","Amber Valley 012",,,7903,7903,7783,3122,2396,2265,98,52,19,27,22,0
"E","East Midlands","17","Derbyshire","17UB","Amber Valley","E02004041","Amber Valley 013",,,6325,6325,6143,2620,2014,1509,182,114,25,43,0,0
"E","East Midlands","17","Derbyshire","17UB","Amber Valley","E02004042","Amber Valley 014",,,7258,7258,6832,1125,3937,1770,423,297,33,93,3,0
"E","East Midlands","17","Derbyshire","17UB","Amber Valley","E02004043","Amber Valley 015",,,6877,6877,6623,2623,3153,847,248,192,19,37,6,0
"E","East Midlands","17","Derbyshire","17UB","Amber Valley","E02004044","Amber Valley 016",,,6989,6986,6661,4306,1812,543,322,158,105,59,3,3
"E","East Midlands","17","Derbyshire","17UC","Bolsover","E02004045","Bolsover 001",,,8681,8681,8422,3989,3085,1348,255,152,23,80,4,0
"E","East Midlands","17","Derbyshire","17UC","Bolsover","E02004046","Bolsover 002",,,6009,6009,5764,1866,3354,544,245,179,17,49,0,0
"E","East Midlands","17","Derbyshire","17UC","Bolsover","E02004047","Bolsover 003",,,4920,4920,4677,675,1723,2279,234,178,20,36,9,0
"E","East Midlands","17","Derbyshire","17UC","Bolsover","E02004048","Bolsover 004",,,6321,6321,6145,1120,2248,2777,165,113,7,45,11,0
"E","East Midlands","17","Derbyshire","17UC","Bolsover","E02004049","Bolsover 005",,,7631,7631,7364,2821,3693,850,260,225,9,26,7,0
"E","East Midlands","17","Derbyshire","17UC","Bolsover","E02004050","Bolsover 006",,,6483,6483,6353,916,4712,725,127,103,12,12,3,0
"E","East Midlands","17","Derbyshire","17UC","Bolsover","E02004051","Bolsover 007",,,8564,8564,8208,1638,2966,3604,353,205,38,110,3,0
"E","East Midlands","17","Derbyshire","17UC","Bolsover","E02004052","Bolsover 008",,,7326,7326,7165,2638,3259,1268,148,92,14,42,13,0
"E","East Midlands","17","Derbyshire","17UC","Bolsover","E02004053","Bolsover 009",,,6892,6892,6637,1646,3736,1255,255,188,20,47,0,0
"E","East Midlands","17","Derbyshire","17UC","Bolsover","E02004054","Bolsover 010",,,8105,8105,7872,3494,3179,1199,233,184,14,35,0,0
"E","East Midlands","17","Derbyshire","17UD","Chesterfield","E02004055","Chesterfield 001",,,6957,6957,6554,1529,3723,1302,363,270,68,25,40,0
"E","East Midlands","17","Derbyshire","17UD","Chesterfield","E02004056","Chesterfield 002",,,7128,7128,6512,1069,4577,866,538,498,4,36,78,0
"E","East Midlands","17","Derbyshire","17UD","Chesterfield","E02004057","Chesterfield 003",,,7115,7107,6659,848,3771,2040,448,333,46,69,0,8
"E","East Midlands","17","Derbyshire","17UD","Chesterfield","E02004058","Chesterfield 004",,,7488,7488,6753,868,4843,1042,732,643,39,50,3,0
"E","East Midlands","17","Derbyshire","17UD","Chesterfield","E02004059","Chesterfield 005",,,7098,7098,6907,2235,3923,749,191,162,11,18,0,0
"E","East Midlands","17","Derbyshire","17UD","Chesterfield","E02004060","Chesterfield 006",,,7091,7087,6980,1743,4583,654,99,52,18,29,8,4
"E","East Midlands","17","Derbyshire","17UD","Chesterfield","E02004061","Chesterfield 007",,,7152,7149,6526,1356,4167,1003,623,546,42,35,0,3
"E","East Midlands","17","Derbyshire","17UD","Chesterfield","E02004062","Chesterfield 008",,,7897,7885,6987,3235,3043,709,895,877,6,12,3,12
"E","East Midlands","17","Derbyshire","17UD","Chesterfield","E02004063","Chesterfield 009",,,7889,7878,7524,2579,3806,1139,349,263,67,19,5,11
"E","East Midlands","17","Derbyshire","17UD","Chesterfield","E02004064","Chesterfield 010",,,6937,6922,6400,545,2602,3253,522,227,143,152,0,15
"E","East Midlands","17","Derbyshire","17UD","Chesterfield","E02004065","Chesterfield 011",,,8517,8517,8450,5537,2620,293,67,48,6,13,0,0
"E","East Midlands","17","Derbyshire","17UD","Chesterfield","E02004066","Chesterfield 012",,,10313,10313,10085,3122,4526,2437,219,137,38,44,9,0
"E","East Midlands","17","Derbyshire","17UD","Chesterfield","E02004067","Chesterfield 013",,,6128,6128,5364,1101,3335,928,759,698,41,20,5,0
"E","East Midlands","17","Derbyshire","17UF","Derbyshire Dales","E02004068","Derbyshire Dales 001",,,7366,7362,6920,2785,2417,1718,433,255,88,90,9,4
"E","East Midlands","17","Derbyshire","17UF","Derbyshire Dales","E02004069","Derbyshire Dales 002",,,6735,6730,6356,3300,1683,1373,370,153,92,125,4,5
"E","East Midlands","17","Derbyshire","17UF","Derbyshire Dales","E02004070","Derbyshire Dales 003",,,6228,6228,5951,2618,2339,994,274,149,69,56,3,0
"E","East Midlands","17","Derbyshire","17UF","Derbyshire Dales","E02004071","Derbyshire Dales 004",,,5150,5150,4860,2015,1628,1217,282,196,39,47,8,0
"E","East Midlands","17","Derbyshire","17UF","Derbyshire Dales","E02004072","Derbyshire Dales 005",,,8132,8129,7885,3642,2957,1286,239,105,84,50,5,3
"E","East Midlands","17","Derbyshire","17UF","Derbyshire Dales","E02004073","Derbyshire Dales 006",,,9011,9004,8157,2837,3572,1748,835,502,138,195,12,7
"E","East Midlands","17","Derbyshire","17UF","Derbyshire Dales","E02004074","Derbyshire Dales 007",,,5689,5686,5452,2292,2197,963,226,113,32,81,8,3
"E","East Midlands","17","Derbyshire","17UF","Derbyshire Dales","E02004075","Derbyshire Dales 008",,,7254,7230,6824,4481,1643,700,360,107,114,139,46,24
"E","East Midlands","17","Derbyshire","17UF","Derbyshire Dales","E02004076","Derbyshire Dales 009",,,5610,5610,5163,2064,1782,1317,447,381,29,37,0,0
"E","East Midlands","17","Derbyshire","17UF","Derbyshire Dales","E02004077","Derbyshire Dales 010",,,6735,6735,6606,4301,1684,621,108,38,44,26,21,0
"E","East Midlands","17","Derbyshire","17UG","Erewash","E02004078","Erewash 001",,,6960,6960,6643,984,3446,2213,314,242,30,42,3,0
"E","East Midlands","17","Derbyshire","17UG","Erewash","E02004079","Erewash 002",,,6830,6830,6711,2909,2919,883,119,70,35,14,0,0
"E","East Midlands","17","Derbyshire","17UG","Erewash","E02004080","Erewash 003",,,8537,8534,7889,1482,3024,3383,608,367,97,144,37,3
"E","East Midlands","17","Derbyshire","17UG","Erewash","E02004081","Erewash 004",,,5793,5793,5618,2871,2115,632,144,92,24,28,31,0
"E","East Midlands","17","Derbyshire","17UG","Erewash","E02004082","Erewash 005",,,6278,6278,6214,4189,1745,280,61,32,12,17,3,0
"E","East Midlands","17","Derbyshire","17UG","Erewash","E02004083","Erewash 006",,,7301,7298,7163,1847,3688,1628,132,91,13,28,3,3
"E","East Midlands","17","Derbyshire","17UG","Erewash","E02004084","Erewash 007",,,6340,6340,6168,562,4195,1411,169,148,0,21,3,0
"E","East Midlands","17","Derbyshire","17UG","Erewash","E02004085","Erewash 008",,,8250,8246,7913,3571,3342,1000,333,235,27,71,0,4
"E","East Midlands","17","Derbyshire","17UG","Erewash","E02004086","Erewash 009",,,7224,7224,7150,3336,3318,496,71,21,8,42,3,0
"E","East Midlands","17","Derbyshire","17UG","Erewash","E02004087","Erewash 010",,,7886,7886,7576,1410,4773,1393,306,196,53,57,4,0
"E","East Midlands","17","Derbyshire","17UG","Erewash","E02004088","Erewash 011",,,7397,7397,7318,4052,2829,437,76,37,28,11,3,0
"E","East Midlands","17","Derbyshire","17UG","Erewash","E02004089","Erewash 012",,,6361,6342,5540,550,2945,2045,794,580,119,95,8,19
"E","East Midlands","17","Derbyshire","17UG","Erewash","E02004090","Erewash 013",,,5780,5780,5518,2156,2663,699,199,127,10,62,63,0
"E","East Midlands","17","Derbyshire","17UG","Erewash","E02004091","Erewash 014",,,8955,8955,8780,2810,5070,900,160,72,49,39,15,0
"E","East Midlands","17","Derbyshire","17UG","Erewash","E02004092","Erewash 015",,,9139,9133,8869,2321,5390,1158,258,212,20,26,6,6
"E","East Midlands","17","Derbyshire","17UH","High Peak","E02004093","High Peak 001",,,6324,6321,6092,1078,2137,2877,229,147,30,52,0,3
"E","East Midlands","17","Derbyshire","17UH","High Peak","E02004094","High Peak 002",,,7435,7435,7102,1240,1831,4031,333,247,33,53,0,0
"E","East Midlands","17","Derbyshire","17UH","High Peak","E02004095","High Peak 003",,,9022,9018,8095,1034,1512,5549,923,733,61,129,0,4
"E","East Midlands","17","Derbyshire","17UH","High Peak","E02004096","High Peak 004",,,9339,9339,9215,4835,2784,1596,124,71,24,29,0,0
"E","East Midlands","17","Derbyshire","17UH","High Peak","E02004097","High Peak 005",,,7737,7737,7413,2480,2165,2768,317,168,85,64,7,0
"E","East Midlands","17","Derbyshire","17UH","High Peak","E02004098","High Peak 006",,,7600,7600,7270,1418,2735,3117,321,207,43,71,9,0
"E","East Midlands","17","Derbyshire","17UH","High Peak","E02004099","High Peak 007",,,4978,4975,4711,1892,1499,1320,257,138,57,62,7,3
"E","East Midlands","17","Derbyshire","17UH","High Peak","E02004100","High Peak 008",,,7191,7191,6911,2995,2255,1661,260,116,51,93,20,0
"E","East Midlands","17","Derbyshire","17UH","High Peak","E02004101","High Peak 009",,,7473,7473,7224,2213,3347,1664,246,127,40,79,3,0
"E","East Midlands","17","Derbyshire","17UH","High Peak","E02004102","High Peak 010",,,7806,7781,5651,1523,1802,2326,2067,1027,755,285,63,25
"E","East Midlands","17","Derbyshire","17UH","High Peak","E02004103","High Peak 011",,,7027,7027,6642,589,3162,2891,375,255,77,43,10,0
"E","East Midlands","17","Derbyshire","17UH","High Peak","E02004104","High Peak 012",,,6684,6675,6350,2121,3317,912,311,116,151,44,14,9
"E","East Midlands","17","Derbyshire","17UJ","North East Derbyshire","E02004105","North East Derbyshire 001",,,9568,9565,9367,3322,4967,1078,193,130,14,49,5,3
"E","East Midlands","17","Derbyshire","17UJ","North East Derbyshire","E02004106","North East Derbyshire 002",,,7130,7130,6872,3578,2564,730,182,143,0,39,76,0
"E","East Midlands","17","Derbyshire","17UJ","North East Derbyshire","E02004107","North East Derbyshire 003",,,7144,7130,6831,1464,3979,1388,296,189,42,65,3,14
"E","East Midlands","17","Derbyshire","17UJ","North East Derbyshire","E02004108","North East Derbyshire 004",,,7050,7050,6387,1726,3725,936,657,569,21,67,6,0
"E","East Midlands","17","Derbyshire","17UJ","North East Derbyshire","E02004109","North East Derbyshire 005",,,6977,6977,6836,4353,2202,281,132,101,3,28,9,0
"E","East Midlands","17","Derbyshire","17UJ","North East Derbyshire","E02004110","North East Derbyshire 006",,,7516,7516,7416,3200,3841,375,97,67,0,30,3,0
"E","East Midlands","17","Derbyshire","17UJ","North East Derbyshire","E02004111","North East Derbyshire 007",,,5299,5299,5129,1869,2776,484,159,115,21,23,11,0
"E","East Midlands","17","Derbyshire","17UJ","North East Derbyshire","E02004112","North East Derbyshire 008",,,6516,6516,6415,4250,1866,299,96,62,12,22,5,0
"E","East Midlands","17","Derbyshire","17UJ","North East Derbyshire","E02004113","North East Derbyshire 009",,,8902,8886,8467,1461,5591,1415,403,338,21,44,16,16
"E","East Midlands","17","Derbyshire","17UJ","North East Derbyshire","E02004114","North East Derbyshire 010",,,7166,7160,6859,4404,2212,243,117,50,27,40,184,6
"E","East Midlands","17","Derbyshire","17UJ","North East Derbyshire","E02004115","North East Derbyshire 011",,,8409,8409,8158,3579,3145,1434,244,181,26,37,7,0
"E","East Midlands","17","Derbyshire","17UJ","North East Derbyshire","E02004116","North East Derbyshire 012",,,7113,7113,6728,1373,3107,2248,381,288,30,63,4,0
"E","East Midlands","17","Derbyshire","17UJ","North East Derbyshire","E02004117","North East Derbyshire 013",,,7227,7227,7111,2395,3974,742,100,51,14,35,16,0
"E","East Midlands","17","Derbyshire","17UK","South Derbyshire","E02004118","South Derbyshire 001",,,5853,5853,5643,3277,1572,794,158,53,75,30,52,0
"E","East Midlands","17","Derbyshire","17UK","South Derbyshire","E02004119","South Derbyshire 002",,,6742,6742,6594,4477,1551,566,139,95,14,30,9,0
"E","East Midlands","17","Derbyshire","17UK","South Derbyshire","E02004120","South Derbyshire 003",,,7310,7310,7238,3694,2788,756,65,39,8,18,7,0
"E","East Midlands","17","Derbyshire","17UK","South Derbyshire","E02004121","South Derbyshire 004",,,6025,6025,5879,3960,1386,533,118,78,20,20,28,0
"E","East Midlands","17","Derbyshire","17UK","South Derbyshire","E02004122","South Derbyshire 005",,,5491,5491,5368,3200,1777,391,119,32,41,46,4,0
"E","East Midlands","17","Derbyshire","17UK","South Derbyshire","E02004123","South Derbyshire 006",,,6053,6053,5767,2716,1744,1307,282,173,35,74,4,0
"E","East Midlands","17","Derbyshire","17UK","South Derbyshire","E02004124","South Derbyshire 007",,,7407,7407,7314,2385,4201,728,93,67,12,14,0,0
"E","East Midlands","17","Derbyshire","17UK","South Derbyshire","E02004125","South Derbyshire 008",,,8266,8266,8066,2597,4180,1289,187,153,7,27,13,0
"E","East Midlands","17","Derbyshire","17UK","South Derbyshire","E02004126","South Derbyshire 009",,,6484,6460,6110,2142,2677,1291,346,278,25,43,4,24
"E","East Midlands","17","Derbyshire","17UK","South Derbyshire","E02004127","South Derbyshire 010",,,11210,11210,10759,3131,4573,3055,440,343,28,69,11,0
"E","East Midlands","17","Derbyshire","17UK","South Derbyshire","E02004128","South Derbyshire 011",,,9349,9349,9105,3733,3629,1743,166,114,11,41,78,0
"E","East Midlands","31","Leicestershire","31UB","Blaby","E02005333","Blaby 001",,,9706,9706,9361,4950,4009,402,342,279,23,40,3,0
"E","East Midlands","31","Leicestershire","31UB","Blaby","E02005334","Blaby 002",,,5366,5366,5316,1845,3240,231,50,25,6,19,0,0
"E","East Midlands","31","Leicestershire","31UB","Blaby","E02005335","Blaby 003",,,6563,6560,6393,4062,1867,464,160,100,30,30,7,3
"E","East Midlands","31","Leicestershire","31UB","Blaby","E02005336","Blaby 004",,,5571,5571,5423,1614,3173,636,148,102,21,25,0,0
"E","East Midlands","31","Leicestershire","31UB","Blaby","E02005337","Blaby 005",,,9400,9400,9140,1599,6989,552,257,200,11,46,3,0
"E","East Midlands","31","Leicestershire","31UB","Blaby","E02005338","Blaby 006",,,8781,8781,8497,2493,4976,1028,280,213,25,42,4,0
"E","East Midlands","31","Leicestershire","31UB","Blaby","E02005339","Blaby 007",,,8318,8318,8101,4375,2964,762,171,114,24,33,46,0
"E","East Midlands","31","Leicestershire","31UB","Blaby","E02005340","Blaby 008",,,8220,8220,7870,2266,4707,897,344,272,27,45,6,0
"E","East Midlands","31","Leicestershire","31UB","Blaby","E02005341","Blaby 009",,,6368,6368,6149,2919,2712,518,214,178,11,25,5,0
"E","East Midlands","31","Leicestershire","31UB","Blaby","E02005342","Blaby 010",,,7004,7004,6818,2532,3342,944,179,144,14,21,7,0
"E","East Midlands","31","Leicestershire","31UB","Blaby","E02005343","Blaby 011",,,6627,6627,6518,2667,3396,455,94,45,18,31,15,0
"E","East Midlands","31","Leicestershire","31UB","Blaby","E02005344","Blaby 012",,,7079,7079,6805,3973,2259,573,197,147,14,36,77,0
"E","East Midlands","31","Leicestershire","31UC","Charnwood","E02005345","Charnwood 001",,,5717,5717,5355,1889,2958,508,346,299,18,29,16,0
"E","East Midlands","31","Leicestershire","31UC","Charnwood","E02005346","Charnwood 002",,,9449,9411,7622,484,2441,4697,1765,1432,167,166,24,38
"E","East Midlands","31","Leicestershire","31UC","Charnwood","E02005347","Charnwood 003",,,7473,7457,6546,940,1728,3878,853,580,188,85,58,16
"E","East Midlands","31","Leicestershire","31UC","Charnwood","E02005348","Charnwood 004",,,6031,6031,5631,2380,2514,737,400,349,32,19,0,0
"E","East Midlands","31","Leicestershire","31UC","Charnwood","E02005349","Charnwood 005",,,6354,6347,6090,1911,3386,793,257,186,25,46,0,7
"E","East Midlands","31","Leicestershire","31UC","Charnwood","E02005350","Charnwood 006",,,6375,6375,5967,2636,2132,1199,408,338,20,50,0,0
"E","East Midlands","31","Leicestershire","31UC","Charnwood","E02005351","Charnwood 007",,,6069,6069,5790,1494,3256,1040,279,214,48,17,0,0
"E","East Midlands","31","Leicestershire","31UC","Charnwood","E02005352","Charnwood 008",,,5457,5457,5296,3882,1072,342,94,45,19,30,67,0
"E","East Midlands","31","Leicestershire","31UC","Charnwood","E02005353","Charnwood 009",,,8374,8356,7829,1273,4639,1917,527,335,147,45,0,18
"E","East Midlands","31","Leicestershire","31UC","Charnwood","E02005354","Charnwood 010",,,8303,8288,8231,5320,2726,185,57,16,18,23,0,15
"E","East Midlands","31","Leicestershire","31UC","Charnwood","E02005355","Charnwood 011",,,5595,5595,5343,2381,1930,1032,228,136,47,45,24,0
"E","East Midlands","31","Leicestershire","31UC","Charnwood","E02005356","Charnwood 012",,,5865,5862,5541,3116,1365,1060,309,200,54,55,12,3
"E","East Midlands","31","Leicestershire","31UC","Charnwood","E02005357","Charnwood 013",,,6292,6281,6069,1349,3194,1526,209,135,28,46,3,11
"E","East Midlands","31","Leicestershire","31UC","Charnwood","E02005358","Charnwood 014",,,9575,9543,9098,4116,3439,1543,389,306,37,46,56,32
"E","East Midlands","31","Leicestershire","31UC","Charnwood","E02005359","Charnwood 015",,,5694,5694,5609,2561,2524,524,76,38,17,21,9,0
"E","East Midlands","31","Leicestershire","31UC","Charnwood","E02005360","Charnwood 016",,,5906,5900,5717,3663,1571,483,163,79,54,30,20,6
"E","East Midlands","31","Leicestershire","31UC","Charnwood","E02005361","Charnwood 017",,,5710,5710,5362,2021,1772,1569,312,199,41,72,36,0
"E","East Midlands","31","Leicestershire","31UC","Charnwood","E02005362","Charnwood 018",,,5787,5767,5541,1222,3480,839,226,166,36,24,0,20
"E","East Midlands","31","Leicestershire","31UC","Charnwood","E02005363","Charnwood 019",,,6474,6474,6311,2163,4037,111,160,120,24,16,3,0
"E","East Midlands","31","Leicestershire","31UC","Charnwood","E02005364","Charnwood 020",,,5125,5125,4980,716,4029,235,145,80,19,46,0,0
"E","East Midlands","31","Leicestershire","31UC","Charnwood","E02005365","Charnwood 021",,,8892,8880,8414,2065,5010,1339,355,262,37,56,111,12
"E","East Midlands","31","Leicestershire","31UC","Charnwood","E02005366","Charnwood 022",,,5821,5812,5490,1518,3023,949,316,215,44,57,6,9
"E","East Midlands","31","Leicestershire","31UD","Harborough","E02005367","Harborough 001",,,6269,6269,6152,3942,1877,333,113,75,17,21,4,0
"E","East Midlands","31","Leicestershire","31UD","Harborough","E02005368","Harborough 002",,,5357,5357,5240,3374,1331,535,106,53,30,23,11,0
"E","East Midlands","31","Leicestershire","31UD","Harborough","E02005369","Harborough 003",,,8559,8559,8248,5014,2123,1111,306,202,39,65,5,0
"E","East Midlands","31","Leicestershire","31UD","Harborough","E02005370","Harborough 004",,,8276,8276,8136,4500,2848,788,137,92,9,36,3,0
"E","East Midlands","31","Leicestershire","31UD","Harborough","E02005371","Harborough 005",,,9030,9030,8768,5062,2718,988,210,101,51,58,52,0
"E","East Midlands","31","Leicestershire","31UD","Harborough","E02005372","Harborough 006",,,8673,8673,8539,5672,2129,738,107,21,49,37,27,0
"E","East Midlands","31","Leicestershire","31UD","Harborough","E02005373","Harborough 007",,,8633,8633,8362,4375,3116,871,121,54,38,29,150,0
"E","East Midlands","31","Leicestershire","31UD","Harborough","E02005374","Harborough 008",,,5769,5751,5106,710,2677,1719,639,528,57,54,6,18
"E","East Midlands","31","Leicestershire","31UD","Harborough","E02005375","Harborough 009",,,6497,6492,6325,3118,1501,1706,161,84,47,30,6,5
"E","East Midlands","31","Leicestershire","31UD","Harborough","E02005376","Harborough 010",,,8245,8245,7910,4331,2564,1015,320,235,17,68,15,0
"E","East Midlands","31","Leicestershire","31UE","Hinckley and Bosworth","E02005377","Hinckley and Bosworth 001",,,7436,7436,7224,3408,2561,1255,155,107,7,41,57,0
"E","East Midlands","31","Leicestershire","31UE","Hinckley and Bosworth","E02005378","Hinckley and Bosworth 002",,,5069,5069,4994,2790,1782,422,72,55,7,10,3,0
"E","East Midlands","31","Leicestershire","31UE","Hinckley and Bosworth","E02005379","Hinckley and Bosworth 003",,,5534,5534,5407,2939,1803,665,87,55,11,21,40,0
"E","East Midlands","31","Leicestershire","31UE","Hinckley and Bosworth","E02005380","Hinckley and Bosworth 004",,,8007,7997,7821,4324,2582,915,146,68,28,50,30,10
"E","East Midlands","31","Leicestershire","31UE","Hinckley and Bosworth","E02005381","Hinckley and Bosworth 005",,,7867,7867,7649,3951,3029,669,212,150,20,42,6,0
"E","East Midlands","31","Leicestershire","31UE","Hinckley and Bosworth","E02005382","Hinckley and Bosworth 006",,,8975,8975,8461,2441,4492,1528,507,405,26,76,7,0
"E","East Midlands","31","Leicestershire","31UE","Hinckley and Bosworth","E02005383","Hinckley and Bosworth 007",,,8737,8737,8293,2557,4116,1620,403,306,41,56,41,0
"E","East Midlands","31","Leicestershire","31UE","Hinckley and Bosworth","E02005384","Hinckley and Bosworth 008",,,6328,6328,6110,3468,2205,437,92,33,25,34,126,0
"E","East Midlands","31","Leicestershire","31UE","Hinckley and Bosworth","E02005385","Hinckley and Bosworth 009",,,6110,6110,6002,4218,1518,266,105,88,4,13,3,0
"E","East Midlands","31","Leicestershire","31UE","Hinckley and Bosworth","E02005386","Hinckley and Bosworth 010",,,7821,7813,7228,1409,2631,3188,585,309,104,172,0,8
"E","East Midlands","31","Leicestershire","31UE","Hinckley and Bosworth","E02005387","Hinckley and Bosworth 011",,,7612,7607,7280,1969,4525,786,320,282,20,18,7,5
"E","East Midlands","31","Leicestershire","31UE","Hinckley and Bosworth","E02005388","Hinckley and Bosworth 012",,,5670,5633,5164,1290,3161,713,469,417,25,27,0,37
"E","East Midlands","31","Leicestershire","31UE","Hinckley and Bosworth","E02005389","Hinckley and Bosworth 013",,,5774,5774,5358,2270,2514,574,413,360,19,34,3,0
"E","East Midlands","31","Leicestershire","31UE","Hinckley and Bosworth","E02005390","Hinckley and Bosworth 014",,,8509,8509,8291,4543,3056,692,218,171,4,43,0,0
"E","East Midlands","31","Leicestershire","31UG","Melton","E02005391","Melton 001",,,9023,9023,8813,5450,2770,593,202,68,85,49,8,0
"E","East Midlands","31","Leicestershire","31UG","Melton","E02005392","Melton 002",,,8246,8243,7989,4272,2882,835,254,197,44,13,0,3
"E","East Midlands","31","Leicestershire","31UG","Melton","E02005393","Melton 003",,,6709,6709,6533,2880,2762,891,165,102,41,22,11,0
"E","East Midlands","31","Leicestershire","31UG","Melton","E02005394","Melton 004",,,8212,8192,7741,2053,3923,1765,412,313,81,18,39,20
"E","East Midlands","31","Leicestershire","31UG","Melton","E02005395","Melton 005",,,8821,8801,8211,2387,4171,1653,587,412,66,109,3,20
"E","East Midlands","31","Leicestershire","31UG","Melton","E02005396","Melton 006",,,6397,6394,6202,3804,1730,668,179,63,73,43,13,3
"E","East Midlands","31","Leicestershire","31UH","North West Leicestershire","E02005397","North West Leicestershire 001",,,7550,7550,7213,3716,2708,789,282,129,75,78,55,0
"E","East Midlands","31","Leicestershire","31UH","North West Leicestershire","E02005398","North West Leicestershire 002",,,5595,5595,5356,2937,1713,706,231,124,58,49,8,0
"E","East Midlands","31","Leicestershire","31UH","North West Leicestershire","E02005399","North West Leicestershire 003",,,5640,5628,5351,2690,1756,905,272,172,45,55,5,12
"E","East Midlands","31","Leicestershire","31UH","North West Leicestershire","E02005400","North West Leicestershire 004",,,5428,5428,5267,2269,2054,944,132,107,6,19,29,0
"E","East Midlands","31","Leicestershire","31UH","North West Leicestershire","E02005401","North West Leicestershire 005",,,5239,5239,5035,2924,1658,453,155,99,19,37,49,0
"E","East Midlands","31","Leicestershire","31UH","North West Leicestershire","E02005402","North West Leicestershire 006",,,5768,5768,5649,2987,2118,544,116,87,11,18,3,0
"E","East Midlands","31","Leicestershire","31UH","North West Leicestershire","E02005403","North West Leicestershire 007",,,6480,6480,6266,2301,3220,745,214,177,16,21,0,0
"E","East Midlands","31","Leicestershire","31UH","North West Leicestershire","E02005404","North West Leicestershire 008",,,6995,6995,6815,3131,2504,1180,175,129,12,34,5,0
"E","East Midlands","31","Leicestershire","31UH","North West Leicestershire","E02005405","North West Leicestershire 009",,,6778,6778,6472,2601,3297,574,300,272,14,14,6,0
"E","East Midlands","31","Leicestershire","31UH","North West Leicestershire","E02005406","North West Leicestershire 010",,,5819,5819,5555,747,1715,3093,264,125,57,82,0,0
"E","East Midlands","31","Leicestershire","31UH","North West Leicestershire","E02005407","North West Leicestershire 011",,,7308,7308,7213,3439,2563,1211,70,38,21,11,25,0
"E","East Midlands","31","Leicestershire","31UH","North West Leicestershire","E02005408","North West Leicestershire 012",,,6928,6928,6588,3261,2385,942,324,262,24,38,16,0
"E","East Midlands","31","Leicestershire","31UH","North West Leicestershire","E02005409","North West Leicestershire 013",,,9309,9296,8961,3396,3706,1859,207,127,27,53,128,13
"E","East Midlands","31","Leicestershire","31UJ","Oadby and Wigston","E02005410","Oadby and Wigston 001",,,5900,5900,5689,4258,1064,367,211,132,55,24,0,0
"E","East Midlands","31","Leicestershire","31UJ","Oadby and Wigston","E02005411","Oadby and Wigston 002",,,7297,7297,7228,4057,2880,291,69,55,7,7,0,0
"E","East Midlands","31","Leicestershire","31UJ","Oadby and Wigston","E02005412","Oadby and Wigston 003",,,7802,7802,7269,2611,4115,543,529,419,36,74,4,0
"E","East Midlands","31","Leicestershire","31UJ","Oadby and Wigston","E02005413","Oadby and Wigston 004",,,8194,8194,7934,1716,5954,264,260,187,28,45,0,0
"E","East Midlands","31","Leicestershire","31UJ","Oadby and Wigston","E02005414","Oadby and Wigston 005",,,7535,7535,6753,921,4060,1772,777,670,39,68,5,0
"E","East Midlands","31","Leicestershire","31UJ","Oadby and Wigston","E02005415","Oadby and Wigston 006",,,7381,7374,6936,514,3676,2746,433,270,65,98,5,7
"E","East Midlands","31","Leicestershire","31UJ","Oadby and Wigston","E02005416","Oadby and Wigston 007",,,9663,9663,9518,3766,4690,1062,142,104,15,23,3,0
"E","East Midlands","32","Lincolnshire","32UB","Boston","E02005417","Boston 001",,,6708,6677,6578,4481,1978,119,74,49,5,20,25,31
"E","East Midlands","32","Lincolnshire","32UB","Boston","E02005418","Boston 002",,,8405,8378,7535,1614,2747,3174,815,615,172,28,28,27
"E","East Midlands","32","Lincolnshire","32UB","Boston","E02005419","Boston 003",,,6028,5996,5001,1279,1649,2073,971,565,235,171,24,32
"E","East Midlands","32","Lincolnshire","32UB","Boston","E02005420","Boston 004",,,7597,7579,7131,1760,3803,1568,412,371,16,25,36,18
"E","East Midlands","32","Lincolnshire","32UB","Boston","E02005421","Boston 005",,,12874,12874,12610,8634,3481,495,211,156,27,28,53,0
"E","East Midlands","32","Lincolnshire","32UB","Boston","E02005422","Boston 006",,,5306,5299,5232,3336,1758,138,54,12,20,22,13,7
"E","East Midlands","32","Lincolnshire","32UB","Boston","E02005423","Boston 007",,,7844,7841,7227,3832,2974,421,605,551,20,34,9,3
"E","East Midlands","32","Lincolnshire","32UC","East Lindsey","E02005424","East Lindsey 001",,,10197,10187,9908,6369,2840,699,246,182,27,37,33,10
"E","East Midlands","32","Lincolnshire","32UC","East Lindsey","E02005425","East Lindsey 002",,,6182,6182,6041,4322,1297,422,83,39,17,27,58,0
"E","East Midlands","32","Lincolnshire","32UC","East Lindsey","E02005426","East Lindsey 003",,,9375,9375,8921,2685,4356,1880,445,391,30,24,9,0
"E","East Midlands","32","Lincolnshire","32UC","East Lindsey","E02005427","East Lindsey 004",,,6267,6262,5609,2109,1300,2200,650,304,153,193,3,5
"E","East Midlands","32","Lincolnshire","32UC","East Lindsey","E02005428","East Lindsey 005",,,7806,7789,7261,3460,3169,632,506,221,128,157,22,17
"E","East Midlands","32","Lincolnshire","32UC","East Lindsey","E02005429","East Lindsey 006",,,5677,5677,5088,3557,1124,407,453,260,125,68,136,0
"E","East Midlands","32","Lincolnshire","32UC","East Lindsey","E02005430","East Lindsey 007",,,6356,6356,6145,4249,1478,418,92,34,14,44,119,0
"E","East Midlands","32","Lincolnshire","32UC","East Lindsey","E02005431","East Lindsey 008",,,8179,8176,7806,5078,1972,756,309,106,62,141,61,3
"E","East Midlands","32","Lincolnshire","32UC","East Lindsey","E02005432","East Lindsey 009",,,7357,7357,7249,5439,1464,346,95,20,44,31,13,0
"E","East Midlands","32","Lincolnshire","32UC","East Lindsey","E02005433","East Lindsey 010",,,6280,6280,5229,3989,1043,197,628,425,74,129,423,0
"E","East Midlands","32","Lincolnshire","32UC","East Lindsey","E02005434","East Lindsey 011",,,6255,6255,5689,2870,1838,981,530,335,68,127,36,0
"E","East Midlands","32","Lincolnshire","32UC","East Lindsey","E02005435","East Lindsey 012",,,6310,6292,5732,2936,2227,569,364,113,173,78,196,18
"E","East Midlands","32","Lincolnshire","32UC","East Lindsey","E02005436","East Lindsey 013",,,6685,6685,6379,3852,1659,868,270,156,37,77,36,0
"E","East Midlands","32","Lincolnshire","32UC","East Lindsey","E02005437","East Lindsey 014",,,5887,5833,3752,1437,1626,689,2081,958,777,346,0,54
"E","East Midlands","32","Lincolnshire","32UC","East Lindsey","E02005438","East Lindsey 015",,,6279,6279,5501,2339,2608,554,766,649,90,27,12,0
"E","East Midlands","32","Lincolnshire","32UC","East Lindsey","E02005439","East Lindsey 016",,,9011,9011,8566,4699,2530,1337,329,186,50,93,116,0
"E","East Midlands","32","Lincolnshire","32UC","East Lindsey","E02005440","East Lindsey 017",,,5164,5164,4886,2951,1475,460,239,156,34,49,39,0
"E","East Midlands","32","Lincolnshire","32UC","East Lindsey","E02005441","East Lindsey 018",,,8252,8252,8111,6161,1600,350,112,55,36,21,29,0
"E","East Midlands","32","Lincolnshire","32UD","Lincoln","E02005442","Lincoln 001",,,5862,5858,4889,548,2604,1737,969,934,3,32,0,4
"E","East Midlands","32","Lincolnshire","32UD","Lincoln","E02005443","Lincoln 002",,,5731,5731,5253,2193,2334,726,478,435,20,23,0,0
"E","East Midlands","32","Lincolnshire","32UD","Lincoln","E02005444","Lincoln 003",,,10022,10014,9140,2216,2391,4533,874,521,250,103,0,8
"E","East Midlands","32","Lincolnshire","32UD","Lincoln","E02005445","Lincoln 004",,,9537,9505,8429,789,3037,4603,1076,794,204,78,0,32
"E","East Midlands","32","Lincolnshire","32UD","Lincoln","E02005446","Lincoln 005",,,5762,5751,3960,274,651,3035,1777,1412,257,108,14,11
"E","East Midlands","32","Lincolnshire","32UD","Lincoln","E02005447","Lincoln 006",,,6413,6366,5374,183,467,4724,988,620,264,104,4,47
"E","East Midlands","32","Lincolnshire","32UD","Lincoln","E02005448","Lincoln 007",,,6275,6275,5498,1261,1779,2458,774,734,20,20,3,0
"E","East Midlands","32","Lincolnshire","32UD","Lincoln","E02005449","Lincoln 008",,,6288,6277,5932,1160,2637,2135,330,192,87,51,15,11
"E","East Midlands","32","Lincolnshire","32UD","Lincoln","E02005450","Lincoln 009",,,8878,8878,8781,4105,3177,1499,97,76,15,6,0,0
"E","East Midlands","32","Lincolnshire","32UD","Lincoln","E02005451","Lincoln 010",,,7394,7394,6350,496,3212,2642,1016,929,32,55,28,0
"E","East Midlands","32","Lincolnshire","32UD","Lincoln","E02005452","Lincoln 011",,,11554,11538,11176,4237,5521,1418,357,301,44,12,5,16
"E","East Midlands","32","Lincolnshire","32UE","North Kesteven","E02005453","North Kesteven 001",,,9894,9894,9776,7547,1679,550,109,46,28,35,9,0
"E","East Midlands","32","Lincolnshire","32UE","North Kesteven","E02005454","North Kesteven 002",,,11431,11431,11124,6135,4120,869,192,138,22,32,115,0
"E","East Midlands","32","Lincolnshire","32UE","North Kesteven","E02005455","North Kesteven 003",,,9270,9270,9103,6419,2290,394,70,28,4,38,97,0
"E","East Midlands","32","Lincolnshire","32UE","North Kesteven","E02005456","North Kesteven 004",,,8592,8592,8132,3849,3188,1095,393,330,26,37,67,0
"E","East Midlands","32","Lincolnshire","32UE","North Kesteven","E02005457","North Kesteven 005",,,7498,7498,7430,4207,2642,581,61,35,7,19,7,0
"E","East Midlands","32","Lincolnshire","32UE","North Kesteven","E02005458","North Kesteven 006",,,5378,5378,5291,3460,1453,378,78,12,9,57,9,0
"E","East Midlands","32","Lincolnshire","32UE","North Kesteven","E02005459","North Kesteven 007",,,7080,7074,6885,3312,3259,314,125,58,34,33,64,6
"E","East Midlands","32","Lincolnshire","32UE","North Kesteven","E02005460","North Kesteven 008",,,5618,5618,5564,2502,2382,680,54,21,19,14,0,0
"E","East Midlands","32","Lincolnshire","32UE","North Kesteven","E02005461","North Kesteven 009",,,5591,5591,5373,3533,1587,253,82,26,27,29,136,0
"E","East Midlands","32","Lincolnshire","32UE","North Kesteven","E02005462","North Kesteven 010",,,7799,7790,7160,2136,2923,2101,622,462,66,94,8,9
"E","East Midlands","32","Lincolnshire","32UE","North Kesteven","E02005463","North Kesteven 011",,,6571,6567,6386,3995,1978,413,35,18,12,5,146,4
"E","East Midlands","32","Lincolnshire","32UE","North Kesteven","E02005464","North Kesteven 012",,,7238,7214,7104,4500,2276,328,84,22,30,32,26,24
"E","East Midlands","32","Lincolnshire","32UF","South Holland","E02005465","South Holland 001",,,7800,7800,7695,5197,2168,330,80,15,24,41,25,0
"E","East Midlands","32","Lincolnshire","32UF","South Holland","E02005466","South Holland 002",,,6018,6018,5957,3840,2059,58,40,14,5,21,21,0
"E","East Midlands","32","Lincolnshire","32UF","South Holland","E02005467","South Holland 003",,,6404,6397,6193,3294,2340,559,187,86,47,54,17,7
"E","East Midlands","32","Lincolnshire","32UF","South Holland","E02005468","South Holland 004",,,6762,6762,6700,4767,1835,98,49,12,7,30,13,0
"E","East Midlands","32","Lincolnshire","32UF","South Holland","E02005469","South Holland 005",,,6460,6460,6369,3706,2454,209,74,38,7,29,17,0
"E","East Midlands","32","Lincolnshire","32UF","South Holland","E02005470","South Holland 006",,,7971,7966,7645,4451,1847,1347,321,127,87,107,0,5
"E","East Midlands","32","Lincolnshire","32UF","South Holland","E02005471","South Holland 007",,,7616,7601,7017,3177,2717,1123,539,423,87,29,45,15
"E","East Midlands","32","Lincolnshire","32UF","South Holland","E02005472","South Holland 008",,,8582,8579,8340,4022,3085,1233,220,119,40,61,19,3
"E","East Midlands","32","Lincolnshire","32UF","South Holland","E02005473","South Holland 009",,,7058,7051,6914,3997,2243,674,120,83,27,10,17,7
"E","East Midlands","32","Lincolnshire","32UF","South Holland","E02005474","South Holland 010",,,5829,5829,5766,4380,1261,125,24,4,5,15,39,0
"E","East Midlands","32","Lincolnshire","32UF","South Holland","E02005475","South Holland 011",,,5116,5101,5013,3335,1343,335,84,31,15,38,4,15
"E","East Midlands","32","Lincolnshire","32UG","South Kesteven","E02005476","South Kesteven 001",,,6461,6461,6372,4340,1586,446,56,7,25,24,33,0
"E","East Midlands","32","Lincolnshire","32UG","South Kesteven","E02005477","South Kesteven 002",,,8291,8285,8016,5722,1893,401,112,72,14,26,157,6
"E","East Midlands","32","Lincolnshire","32UG","South Kesteven","E02005478","South Kesteven 003",,,10140,10127,9621,3115,4616,1890,506,366,101,39,0,13
"E","East Midlands","32","Lincolnshire","32UG","South Kesteven","E02005479","South Kesteven 004",,,7501,7489,6919,4033,1989,897,567,367,57,143,3,12
"E","East Midlands","32","Lincolnshire","32UG","South Kesteven","E02005480","South Kesteven 005",,,7063,7063,6480,703,2961,2816,583,554,9,20,0,0
"E","East Midlands","32","Lincolnshire","32UG","South Kesteven","E02005481","South Kesteven 006",,,8718,8709,7916,1466,2542,3908,672,363,225,84,121,9
"E","East Midlands","32","Lincolnshire","32UG","South Kesteven","E02005482","South Kesteven 007",,,8666,8662,8578,4467,3453,658,68,18,20,30,16,4
"E","East Midlands","32","Lincolnshire","32UG","South Kesteven","E02005483","South Kesteven 008",,,7047,7047,6969,4132,2248,589,67,25,25,17,11,0
"E","East Midlands","32","Lincolnshire","32UG","South Kesteven","E02005484","South Kesteven 009",,,6404,6404,6281,3189,2256,836,114,89,8,17,9,0
"E","East Midlands","32","Lincolnshire","32UG","South Kesteven","E02005485","South Kesteven 010",,,5685,5682,5507,3685,1378,444,166,98,27,41,9,3
"E","East Midlands","32","Lincolnshire","32UG","South Kesteven","E02005486","South Kesteven 011",,,6060,6048,5769,2960,2147,662,262,194,26,42,17,12
"E","East Midlands","32","Lincolnshire","32UG","South Kesteven","E02005487","South Kesteven 012",,,8701,8701,8595,6252,1894,449,79,29,24,26,27,0
"E","East Midlands","32","Lincolnshire","32UG","South Kesteven","E02005488","South Kesteven 013",,,6408,6408,6065,3808,1496,761,325,274,17,34,18,0
"E","East Midlands","32","Lincolnshire","32UG","South Kesteven","E02005489","South Kesteven 014",,,6917,6917,6755,4437,1678,640,154,119,9,26,8,0
"E","East Midlands","32","Lincolnshire","32UG","South Kesteven","E02005490","South Kesteven 015",,,8677,8677,8141,1148,3930,3063,528,483,28,17,8,0
"E","East Midlands","32","Lincolnshire","32UG","South Kesteven","E02005491","South Kesteven 016",,,10439,10432,9533,3667,3662,2204,895,560,141,194,4,7
"E","East Midlands","32","Lincolnshire","32UH","West Lindsey","E02005492","West Lindsey 001",,,9090,9090,8799,5162,2742,895,263,175,19,69,28,0
"E","East Midlands","32","Lincolnshire","32UH","West Lindsey","E02005493","West Lindsey 002",,,7602,7599,7461,4871,2084,506,122,75,15,32,16,3
"E","East Midlands","32","Lincolnshire","32UH","West Lindsey","E02005494","West Lindsey 003",,,7811,7811,7504,3858,2458,1188,251,90,50,111,56,0
"E","East Midlands","32","Lincolnshire","32UH","West Lindsey","E02005495","West Lindsey 004",,,9398,9392,8763,847,4103,3813,554,359,96,99,75,6
"E","East Midlands","32","Lincolnshire","32UH","West Lindsey","E02005496","West Lindsey 005",,,5642,5642,5525,3098,1783,644,66,15,27,24,51,0
"E","East Midlands","32","Lincolnshire","32UH","West Lindsey","E02005497","West Lindsey 006",,,5889,5889,5584,1074,1795,2715,302,282,0,20,3,0
"E","East Midlands","32","Lincolnshire","32UH","West Lindsey","E02005498","West Lindsey 007",,,6486,6482,5993,4065,1568,360,142,78,22,42,347,4
"E","East Midlands","32","Lincolnshire","32UH","West Lindsey","E02005499","West Lindsey 008",,,7037,7037,6775,4608,1452,715,92,68,13,11,170,0
"E","East Midlands","32","Lincolnshire","32UH","West Lindsey","E02005500","West Lindsey 009",,,5318,5318,5199,3195,1552,452,103,56,12,35,16,0
"E","East Midlands","32","Lincolnshire","32UH","West Lindsey","E02005501","West Lindsey 010",,,6694,6694,6613,5325,1034,254,71,58,0,13,10,0
"E","East Midlands","32","Lincolnshire","32UH","West Lindsey","E02005502","West Lindsey 011",,,7308,7308,7093,5092,1576,425,148,86,20,42,67,0
"E","East Midlands","34","Northamptonshire","34UB","Corby","E02005612","Corby 001",,,5833,5816,5699,2040,2644,1015,109,60,18,31,8,17
"E","East Midlands","34","Northamptonshire","34UB","Corby","E02005613","Corby 002",,,8685,8665,7946,564,3975,3407,719,657,23,39,0,20
"E","East Midlands","34","Northamptonshire","34UB","Corby","E02005614","Corby 003",,,5774,5759,5275,1532,2143,1600,430,342,34,54,54,15
"E","East Midlands","34","Northamptonshire","34UB","Corby","E02005615","Corby 004",,,8846,8846,8303,871,3555,3877,538,484,28,26,5,0
"E","East Midlands","34","Northamptonshire","34UB","Corby","E02005616","Corby 005",,,5386,5386,4672,590,2168,1914,714,624,35,55,0,0
"E","East Midlands","34","Northamptonshire","34UB","Corby","E02005617","Corby 006",,,9747,9740,8912,1145,2819,4948,825,752,53,20,3,7
"E","East Midlands","34","Northamptonshire","34UB","Corby","E02005618","Corby 007",,,8529,8529,8031,3591,3130,1310,498,455,25,18,0,0
"E","East Midlands","34","Northamptonshire","34UC","Daventry","E02005619","Daventry 001",,,5398,5395,5298,3316,1501,481,73,7,33,33,24,3
"E","East Midlands","34","Northamptonshire","34UC","Daventry","E02005620","Daventry 002",,,7598,7598,7430,4352,2148,930,165,78,45,42,3,0
"E","East Midlands","34","Northamptonshire","34UC","Daventry","E02005621","Daventry 003",,,6562,6562,6344,3347,2534,463,131,73,22,36,87,0
"E","East Midlands","34","Northamptonshire","34UC","Daventry","E02005622","Daventry 004",,,8176,8176,8023,5105,2149,769,143,46,42,55,10,0
"E","East Midlands","34","Northamptonshire","34UC","Daventry","E02005623","Daventry 005",,,7216,7216,7054,3703,2596,755,151,97,31,23,11,0
"E","East Midlands","34","Northamptonshire","34UC","Daventry","E02005624","Daventry 006",,,7183,7180,7019,3665,1733,1621,161,138,10,13,0,3
"E","East Midlands","34","Northamptonshire","34UC","Daventry","E02005625","Daventry 007",,,7478,7462,6838,1837,3401,1600,621,437,81,103,3,16
"E","East Midlands","34","Northamptonshire","34UC","Daventry","E02005626","Daventry 008",,,6903,6903,6559,1291,1284,3984,339,296,33,10,5,0
"E","East Midlands","34","Northamptonshire","34UC","Daventry","E02005627","Daventry 009",,,6458,6458,6161,2903,2172,1086,274,180,44,50,23,0
"E","East Midlands","34","Northamptonshire","34UC","Daventry","E02005628","Daventry 010",,,7407,7407,7210,3569,2527,1114,191,107,45,39,6,0
"E","East Midlands","34","Northamptonshire","34UD","East Northamptonshire","E02005629","East Northamptonshire 001",,,5225,5220,5052,2896,1328,828,142,63,25,54,26,5
"E","East Midlands","34","Northamptonshire","34UD","East Northamptonshire","E02005630","East Northamptonshire 002",,,8331,8328,7997,4788,2126,1083,311,183,44,84,20,3
"E","East Midlands","34","Northamptonshire","34UD","East Northamptonshire","E02005631","East Northamptonshire 003",,,8443,8443,8191,4148,2587,1456,241,158,28,55,11,0
"E","East Midlands","34","Northamptonshire","34UD","East Northamptonshire","E02005632","East Northamptonshire 004",,,5646,5646,5509,2825,1731,953,101,74,5,22,36,0
"E","East Midlands","34","Northamptonshire","34UD","East Northamptonshire","E02005633","East Northamptonshire 005",,,8166,8166,7924,3186,3274,1464,242,183,20,39,0,0
"E","East Midlands","34","Northamptonshire","34UD","East Northamptonshire","E02005634","East Northamptonshire 006",,,6951,6941,6625,2268,2736,1621,311,272,20,19,5,10
"E","East Midlands","34","Northamptonshire","34UD","East Northamptonshire","E02005635","East Northamptonshire 007",,,6608,6608,6431,2149,2725,1557,174,131,27,16,3,0
"E","East Midlands","34","Northamptonshire","34UD","East Northamptonshire","E02005636","East Northamptonshire 008",,,9703,9699,9357,2590,4122,2645,335,280,8,47,7,4
"E","East Midlands","34","Northamptonshire","34UD","East Northamptonshire","E02005637","East Northamptonshire 009",,,7600,7589,6561,1009,1622,3930,1020,771,127,122,8,11
"E","East Midlands","34","Northamptonshire","34UD","East Northamptonshire","E02005638","East Northamptonshire 010",,,8230,8227,8038,3473,3926,639,86,66,3,17,103,3
"E","East Midlands","34","Northamptonshire","34UE","Kettering","E02005639","Kettering 001",,,5112,5112,4969,2697,1539,733,115,39,51,25,28,0
"E","East Midlands","34","Northamptonshire","34UE","Kettering","E02005640","Kettering 002",,,7937,7926,7724,3524,2714,1486,199,141,18,40,3,11
"E","East Midlands","34","Northamptonshire","34UE","Kettering","E02005641","Kettering 003",,,7095,7095,6746,2665,2449,1632,340,263,14,63,9,0
"E","East Midlands","34","Northamptonshire","34UE","Kettering","E02005642","Kettering 004",,,7436,7436,7301,3694,2259,1348,135,91,29,15,0,0
"E","East Midlands","34","Northamptonshire","34UE","Kettering","E02005643","Kettering 005",,,7760,7760,6911,496,3481,2934,846,794,32,20,3,0
"E","East Midlands","34","Northamptonshire","34UE","Kettering","E02005644","Kettering 006",,,6817,6806,6253,491,604,5158,550,283,185,82,3,11
"E","East Midlands","34","Northamptonshire","34UE","Kettering","E02005645","Kettering 007",,,8704,8701,7479,2786,1949,2744,1222,1015,123,84,0,3
"E","East Midlands","34","Northamptonshire","34UE","Kettering","E02005646","Kettering 008",,,6477,6477,6399,1490,4719,190,75,40,4,31,3,0
"E","East Midlands","34","Northamptonshire","34UE","Kettering","E02005647","Kettering 009",,,6342,6342,5751,1374,3253,1124,588,539,18,31,3,0
"E","East Midlands","34","Northamptonshire","34UE","Kettering","E02005648","Kettering 010",,,6913,6913,6887,3975,2528,384,26,4,6,16,0,0
"E","East Midlands","34","Northamptonshire","34UE","Kettering","E02005649","Kettering 011",,,10360,10360,9993,3535,4402,2056,301,172,55,74,66,0
"E","East Midlands","34","Northamptonshire","34UF","Northampton","E02005650","Northampton 001",,,5935,5935,5710,1842,2951,917,225,205,20,0,0,0
"E","East Midlands","34","Northamptonshire","34UF","Northampton","E02005651","Northampton 002",,,6067,6067,5961,2020,3355,586,101,91,4,6,5,0
"E","East Midlands","34","Northamptonshire","34UF","Northampton","E02005652","Northampton 003",,,6073,6073,5802,1744,3023,1035,266,219,16,31,5,0
"E","East Midlands","34","Northamptonshire","34UF","Northampton","E02005653","Northampton 004",,,7707,7701,6781,1576,1359,3846,920,886,21,13,0,6
"E","East Midlands","34","Northamptonshire","34UF","Northampton","E02005654","Northampton 005",,,7902,7891,7492,1756,1775,3961,399,377,17,5,0,11
"E","East Midlands","34","Northamptonshire","34UF","Northampton","E02005655","Northampton 006",,,5822,5819,5541,2102,2258,1181,278,231,5,42,0,3
"E","East Midlands","34","Northamptonshire","34UF","Northampton","E02005656","Northampton 007",,,5897,5897,5549,815,718,4016,348,316,15,17,0,0
"E","East Midlands","34","Northamptonshire","34UF","Northampton","E02005657","Northampton 008",,,5883,5870,5499,1564,2272,1663,368,290,57,21,3,13
"E","East Midlands","34","Northamptonshire","34UF","Northampton","E02005658","Northampton 009",,,5954,5954,5461,236,1576,3649,493,414,43,36,0,0
"E","East Midlands","34","Northamptonshire","34UF","Northampton","E02005659","Northampton 010",,,5117,5107,4835,420,3880,535,272,241,13,18,0,10
"E","East Midlands","34","Northamptonshire","34UF","Northampton","E02005660","Northampton 011",,,5895,5890,5519,1644,1216,2659,272,236,25,11,99,5
"E","East Midlands","34","Northamptonshire","34UF","Northampton","E02005661","Northampton 012",,,6233,6233,5672,300,2274,3098,561,461,62,38,0,0
"E","East Midlands","34","Northamptonshire","34UF","Northampton","E02005662","Northampton 013",,,6328,6328,5957,461,2155,3341,371,137,194,40,0,0
"E","East Midlands","34","Northamptonshire","34UF","Northampton","E02005663","Northampton 014",,,5620,5620,5448,2739,1879,830,172,162,5,5,0,0
"E","East Midlands","34","Northamptonshire","34UF","Northampton","E02005664","Northampton 015",,,5076,5058,4253,293,943,3017,805,368,342,95,0,18
"E","East Midlands","34","Northamptonshire","34UF","Northampton","E02005665","Northampton 016",,,7529,7529,7321,3922,1607,1792,204,178,18,8,4,0
"E","East Midlands","34","Northamptonshire","34UF","Northampton","E02005666","Northampton 017",,,7150,7143,6096,512,2694,2890,1047,924,99,24,0,7
"E","East Midlands","34","Northamptonshire","34UF","Northampton","E02005667","Northampton 018",,,6040,6040,5385,1658,2090,1637,655,619,17,19,0,0
"E","East Midlands","34","Northamptonshire","34UF","Northampton","E02005668","Northampton 019",,,5788,5788,5691,1183,3922,586,92,79,3,10,5,0
"E","East Midlands","34","Northamptonshire","34UF","Northampton","E02005669","Northampton 020",,,5915,5915,5809,3977,1403,429,106,79,8,19,0,0
"E","East Midlands","34","Northamptonshire","34UF","Northampton","E02005670","Northampton 021",,,5897,5845,3469,193,274,3002,2372,2034,231,107,4,52
"E","East Midlands","34","Northamptonshire","34UF","Northampton","E02005671","Northampton 022",,,6583,6574,5751,179,294,5278,823,443,268,112,0,9
"E","East Midlands","34","Northamptonshire","34UF","Northampton","E02005672","Northampton 023",,,5613,5573,4586,105,96,4385,987,519,366,102,0,40
"E","East Midlands","34","Northamptonshire","34UF","Northampton","E02005673","Northampton 024",,,5724,5719,5106,422,1890,2794,592,469,66,57,21,5
"E","East Midlands","34","Northamptonshire","34UF","Northampton","E02005674","Northampton 025",,,5162,5150,3722,837,804,2081,1419,1143,124,152,9,12
"E","East Midlands","34","Northamptonshire","34UF","Northampton","E02005675","Northampton 026",,,5664,5664,5210,1250,1597,2363,454,429,20,5,0,0
"E","East Midlands","34","Northamptonshire","34UF","Northampton","E02005676","Northampton 027",,,5427,5427,5201,805,3088,1308,226,178,33,15,0,0
"E","East Midlands","34","Northamptonshire","34UF","Northampton","E02005677","Northampton 028",,,5886,5886,5564,1459,1640,2465,322,196,48,78,0,0
"E","East Midlands","34","Northamptonshire","34UF","Northampton","E02005678","Northampton 029",,,5838,5831,5718,4690,671,357,113,74,25,14,0,7
"E","East Midlands","34","Northamptonshire","34UF","Northampton","E02005679","Northampton 030",,,9052,9049,8861,6103,1685,1073,188,164,12,12,0,3
"E","East Midlands","34","Northamptonshire","34UF","Northampton","E02005680","Northampton 031",,,5931,5931,5830,3843,1289,698,101,81,5,15,0,0
"E","East Midlands","34","Northamptonshire","34UG","South Northamptonshire","E02005681","South Northamptonshire 001",,,8059,8059,7923,3599,3377,947,126,47,32,47,10,0
"E","East Midlands","34","Northamptonshire","34UG","South Northamptonshire","E02005682","South Northamptonshire 002",,,6346,6346,6232,3333,2059,840,104,68,12,24,10,0
"E","East Midlands","34","Northamptonshire","34UG","South Northamptonshire","E02005683","South Northamptonshire 003",,,8874,8868,8577,3150,4255,1172,185,139,18,28,106,6
"E","East Midlands","34","Northamptonshire","34UG","South Northamptonshire","E02005684","South Northamptonshire 004",,,8246,8246,8073,5141,1864,1068,170,68,41,61,3,0
"E","East Midlands","34","Northamptonshire","34UG","South Northamptonshire","E02005685","South Northamptonshire 005",,,7502,7499,7125,2728,3214,1183,362,290,24,48,12,3
"E","East Midlands","34","Northamptonshire","34UG","South Northamptonshire","E02005686","South Northamptonshire 006",,,7624,7624,7455,3703,2843,909,159,74,45,40,10,0
"E","East Midlands","34","Northamptonshire","34UG","South Northamptonshire","E02005687","South Northamptonshire 007",,,5608,5605,5505,3338,1407,760,93,63,16,14,7,3
"E","East Midlands","34","Northamptonshire","34UG","South Northamptonshire","E02005688","South Northamptonshire 008",,,7199,7199,7023,2587,3409,1027,152,75,30,47,24,0
"E","East Midlands","34","Northamptonshire","34UG","South Northamptonshire","E02005689","South Northamptonshire 009",,,7850,7850,7812,4620,2497,695,38,11,19,8,0,0
"E","East Midlands","34","Northamptonshire","34UG","South Northamptonshire","E02005690","South Northamptonshire 010",,,5294,5268,4582,1988,1454,1140,686,470,92,124,0,26
"E","East Midlands","34","Northamptonshire","34UG","South Northamptonshire","E02005691","South Northamptonshire 011",,,6009,6009,5829,2723,2051,1055,177,123,38,16,3,0
"E","East Midlands","34","Northamptonshire","34UH","Wellingborough","E02005692","Wellingborough 001",,,6349,6349,6010,1958,2647,1405,334,250,45,39,5,0
"E","East Midlands","34","Northamptonshire","34UH","Wellingborough","E02005693","Wellingborough 002",,,6785,6785,6521,2148,1984,2389,264,246,10,8,0,0
"E","East Midlands","34","Northamptonshire","34UH","Wellingborough","E02005694","Wellingborough 003",,,8169,8166,8038,5581,1944,513,123,94,25,4,5,3
"E","East Midlands","34","Northamptonshire","34UH","Wellingborough","E02005695","Wellingborough 004",,,6380,6364,5832,462,1243,4127,506,302,157,47,26,16
"E","East Midlands","34","Northamptonshire","34UH","Wellingborough","E02005696","Wellingborough 005",,,6333,6291,5896,527,1884,3485,395,375,4,16,0,42
"E","East Midlands","34","Northamptonshire","34UH","Wellingborough","E02005697","Wellingborough 006",,,5597,5532,4464,728,1282,2454,1065,845,109,111,3,65
"E","East Midlands","34","Northamptonshire","34UH","Wellingborough","E02005698","Wellingborough 007",,,5844,5841,5635,1352,2363,1920,206,179,23,4,0,3
"E","East Midlands","34","Northamptonshire","34UH","Wellingborough","E02005699","Wellingborough 008",,,7170,7170,7016,1605,3814,1597,154,96,19,39,0,0
"E","East Midlands","34","Northamptonshire","34UH","Wellingborough","E02005700","Wellingborough 009",,,8694,8687,8225,3584,3395,1246,247,152,27,68,215,7
"E","East Midlands","34","Northamptonshire","34UH","Wellingborough","E02005701","Wellingborough 010",,,10310,10310,9945,3275,4703,1967,317,251,28,38,48,0
"E","East Midlands","37","Nottinghamshire","37UB","Ashfield","E02005819","Ashfield 001",,,6103,6103,5948,2067,2282,1599,155,90,47,18,0,0
"E","East Midlands","37","Nottinghamshire","37UB","Ashfield","E02005820","Ashfield 002",,,5863,5860,5743,2326,2686,731,80,47,17,16,37,3
"E","East Midlands","37","Nottinghamshire","37UB","Ashfield","E02005821","Ashfield 003",,,5733,5733,5338,1137,2969,1232,395,305,39,51,0,0
"E","East Midlands","37","Nottinghamshire","37UB","Ashfield","E02005822","Ashfield 004",,,8049,8034,7592,1387,3476,2729,432,283,65,84,10,15
"E","East Midlands","37","Nottinghamshire","37UB","Ashfield","E02005823","Ashfield 005",,,6777,6772,5981,627,4191,1163,788,648,60,80,3,5
"E","East Midlands","37","Nottinghamshire","37UB","Ashfield","E02005824","Ashfield 006",,,8415,8415,8225,3062,3376,1787,190,122,33,35,0,0
"E","East Midlands","37","Nottinghamshire","37UB","Ashfield","E02005825","Ashfield 007",,,7496,7493,7204,1902,4439,863,284,250,26,8,5,3
"E","East Midlands","37","Nottinghamshire","37UB","Ashfield","E02005826","Ashfield 008",,,5884,5855,5564,755,3415,1394,288,222,13,53,3,29
"E","East Midlands","37","Nottinghamshire","37UB","Ashfield","E02005827","Ashfield 009",,,7304,7304,7025,3251,3196,578,276,205,20,51,3,0
"E","East Midlands","37","Nottinghamshire","37UB","Ashfield","E02005828","Ashfield 010",,,6653,6653,6448,2686,2627,1135,205,142,25,38,0,0
"E","East Midlands","37","Nottinghamshire","37UB","Ashfield","E02005829","Ashfield 011",,,6142,6142,5964,2397,2959,608,175,148,12,15,3,0
"E","East Midlands","37","Nottinghamshire","37UB","Ashfield","E02005830","Ashfield 012",,,6202,6202,6094,2874,2050,1170,105,37,20,48,3,0
"E","East Midlands","37","Nottinghamshire","37UB","Ashfield","E02005831","Ashfield 013",,,7166,7163,6791,2849,3559,383,372,316,10,46,0,3
"E","East Midlands","37","Nottinghamshire","37UB","Ashfield","E02005832","Ashfield 014",,,7554,7524,6973,991,1992,3990,548,360,80,108,3,30
"E","East Midlands","37","Nottinghamshire","37UB","Ashfield","E02005833","Ashfield 015",,,7427,7427,7381,3708,2708,965,46,24,4,18,0,0
"E","East Midlands","37","Nottinghamshire","37UB","Ashfield","E02005834","Ashfield 016",,,7231,7231,6746,893,5157,696,477,377,64,36,8,0
"E","East Midlands","37","Nottinghamshire","37UC","Bassetlaw","E02005835","Bassetlaw 001",,,9514,9511,9205,2417,5242,1546,196,125,27,44,110,3
"E","East Midlands","37","Nottinghamshire","37UC","Bassetlaw","E02005836","Bassetlaw 002",,,8525,8512,8358,5148,2421,789,120,64,13,43,34,13
"E","East Midlands","37","Nottinghamshire","37UC","Bassetlaw","E02005837","Bassetlaw 003",,,6230,6227,6132,3964,1636,532,88,48,21,19,7,3
"E","East Midlands","37","Nottinghamshire","37UC","Bassetlaw","E02005838","Bassetlaw 004",,,8329,8329,8221,2211,4464,1546,108,49,17,42,0,0
"E","East Midlands","37","Nottinghamshire","37UC","Bassetlaw","E02005839","Bassetlaw 005",,,5811,5811,5556,1302,3643,611,251,204,23,24,4,0
"E","East Midlands","37","Nottinghamshire","37UC","Bassetlaw","E02005840","Bassetlaw 006",,,7632,7632,7545,2618,4171,756,87,60,13,14,0,0
"E","East Midlands","37","Nottinghamshire","37UC","Bassetlaw","E02005841","Bassetlaw 007",,,6301,6301,6050,2201,2867,982,247,224,9,14,4,0
"E","East Midlands","37","Nottinghamshire","37UC","Bassetlaw","E02005842","Bassetlaw 008",,,8033,8033,7514,2822,2800,1892,519,363,93,63,0,0
"E","East Midlands","37","Nottinghamshire","37UC","Bassetlaw","E02005843","Bassetlaw 009",,,5654,5648,5235,2349,1892,994,406,369,17,20,7,6
"E","East Midlands","37","Nottinghamshire","37UC","Bassetlaw","E02005844","Bassetlaw 010",,,7185,7185,6660,1800,2811,2049,521,383,69,69,4,0
"E","East Midlands","37","Nottinghamshire","37UC","Bassetlaw","E02005845","Bassetlaw 011",,,5001,5001,4794,714,3636,444,207,170,15,22,0,0
"E","East Midlands","37","Nottinghamshire","37UC","Bassetlaw","E02005846","Bassetlaw 012",,,5789,5778,5287,498,2579,2210,491,313,82,96,0,11
"E","East Midlands","37","Nottinghamshire","37UC","Bassetlaw","E02005847","Bassetlaw 013",,,6062,6062,5768,2511,2267,990,280,158,48,74,14,0
"E","East Midlands","37","Nottinghamshire","37UC","Bassetlaw","E02005848","Bassetlaw 014",,,6558,6558,6440,2440,3537,463,83,18,37,28,35,0
"E","East Midlands","37","Nottinghamshire","37UC","Bassetlaw","E02005849","Bassetlaw 015",,,8194,8189,7933,4520,2498,915,137,73,16,48,119,5
"E","East Midlands","37","Nottinghamshire","37UD","Broxtowe","E02005850","Broxtowe 001",,,7088,7088,6998,3131,3010,857,87,15,27,45,3,0
"E","East Midlands","37","Nottinghamshire","37UD","Broxtowe","E02005851","Broxtowe 002",,,5980,5977,5601,1266,2988,1347,376,310,17,49,0,3
"E","East Midlands","37","Nottinghamshire","37UD","Broxtowe","E02005852","Broxtowe 003",,,7766,7766,7660,4891,2080,689,102,55,18,29,4,0
"E","East Midlands","37","Nottinghamshire","37UD","Broxtowe","E02005853","Broxtowe 004",,,8585,8585,8271,3974,2975,1322,314,270,13,31,0,0
"E","East Midlands","37","Nottinghamshire","37UD","Broxtowe","E02005854","Broxtowe 005",,,5001,5001,4835,2009,1789,1037,163,88,14,61,3,0
"E","East Midlands","37","Nottinghamshire","37UD","Broxtowe","E02005855","Broxtowe 006",,,7227,7227,7156,5504,1472,180,71,58,6,7,0,0
"E","East Midlands","37","Nottinghamshire","37UD","Broxtowe","E02005856","Broxtowe 007",,,7297,7297,7042,5134,1463,445,255,222,11,22,0,0
"E","East Midlands","37","Nottinghamshire","37UD","Broxtowe","E02005857","Broxtowe 008",,,6123,6108,5519,999,2791,1729,589,552,20,17,0,15
"E","East Midlands","37","Nottinghamshire","37UD","Broxtowe","E02005858","Broxtowe 009",,,7657,7647,6921,2183,3190,1548,723,602,65,56,3,10
"E","East Midlands","37","Nottinghamshire","37UD","Broxtowe","E02005859","Broxtowe 010",,,8850,8850,8145,2367,4112,1666,705,558,45,102,0,0
"E","East Midlands","37","Nottinghamshire","37UD","Broxtowe","E02005860","Broxtowe 011",,,7756,7756,6253,1087,2941,2225,1500,1062,263,175,3,0
"E","East Midlands","37","Nottinghamshire","37UD","Broxtowe","E02005861","Broxtowe 012",,,5277,5277,4744,444,2848,1452,414,267,107,40,119,0
"E","East Midlands","37","Nottinghamshire","37UD","Broxtowe","E02005862","Broxtowe 013",,,7856,7851,6729,1801,3158,1770,1119,1037,36,46,3,5
"E","East Midlands","37","Nottinghamshire","37UD","Broxtowe","E02005863","Broxtowe 014",,,6909,6905,6533,2830,3250,453,369,331,16,22,3,4
"E","East Midlands","37","Nottinghamshire","37UD","Broxtowe","E02005864","Broxtowe 015",,,7263,7260,7046,4431,2374,241,211,189,11,11,3,3
"E","East Midlands","37","Nottinghamshire","37UE","Gedling","E02005865","Gedling 001",,,7722,7722,7589,5848,1089,652,118,53,19,46,15,0
"E","East Midlands","37","Nottinghamshire","37UE","Gedling","E02005866","Gedling 002",,,8698,8698,8120,4198,3552,370,449,375,19,55,129,0
"E","East Midlands","37","Nottinghamshire","37UE","Gedling","E02005867","Gedling 003",,,5593,5593,5276,2142,1988,1146,195,166,16,13,122,0
"E","East Midlands","37","Nottinghamshire","37UE","Gedling","E02005868","Gedling 004",,,6680,6680,6238,2952,2683,603,438,406,15,17,4,0
"E","East Midlands","37","Nottinghamshire","37UE","Gedling","E02005869","Gedling 005",,,5752,5752,5122,952,3345,825,612,540,23,49,18,0
"E","East Midlands","37","Nottinghamshire","37UE","Gedling","E02005870","Gedling 006",,,6392,6382,5911,788,3290,1833,465,380,34,51,6,10
"E","East Midlands","37","Nottinghamshire","37UE","Gedling","E02005871","Gedling 007",,,6872,6872,6749,2501,3226,1022,119,91,3,25,4,0
"E","East Midlands","37","Nottinghamshire","37UE","Gedling","E02005872","Gedling 008",,,5395,5395,5201,3553,1324,324,194,139,26,29,0,0
"E","East Midlands","37","Nottinghamshire","37UE","Gedling","E02005873","Gedling 009",,,9923,9914,9485,6851,1910,724,412,340,32,40,17,9
"E","East Midlands","37","Nottinghamshire","37UE","Gedling","E02005874","Gedling 010",,,8235,8229,7735,4315,3083,337,489,381,67,41,5,6
"E","East Midlands","37","Nottinghamshire","37UE","Gedling","E02005875","Gedling 011",,,7363,7363,7133,2488,4163,482,230,191,12,27,0,0
"E","East Midlands","37","Nottinghamshire","37UE","Gedling","E02005876","Gedling 012",,,8667,8667,8191,3058,3567,1566,476,359,62,55,0,0
"E","East Midlands","37","Nottinghamshire","37UE","Gedling","E02005877","Gedling 013",,,7021,7016,6641,2279,3039,1323,372,262,43,67,3,5
"E","East Midlands","37","Nottinghamshire","37UE","Gedling","E02005878","Gedling 014",,,9486,9480,8133,3540,3422,1171,1343,1184,104,55,4,6
"E","East Midlands","37","Nottinghamshire","37UE","Gedling","E02005879","Gedling 015",,,7042,7038,6694,1133,2243,3318,340,228,57,55,4,4
"E","East Midlands","37","Nottinghamshire","37UF","Mansfield","E02005880","Mansfield 001",,,6193,6193,6006,1395,2991,1620,187,146,6,35,0,0
"E","East Midlands","37","Nottinghamshire","37UF","Mansfield","E02005881","Mansfield 002",,,6093,6093,5885,1372,2585,1928,205,144,20,41,3,0
"E","East Midlands","37","Nottinghamshire","37UF","Mansfield","E02005882","Mansfield 003",,,7654,7654,7595,3485,3662,448,56,35,11,10,3,0
"E","East Midlands","37","Nottinghamshire","37UF","Mansfield","E02005883","Mansfield 004",,,6880,6880,6524,1061,3962,1501,356,291,39,26,0,0
"E","East Midlands","37","Nottinghamshire","37UF","Mansfield","E02005884","Mansfield 005",,,6097,6097,5845,2236,2566,1043,111,68,14,29,141,0
"E","East Midlands","37","Nottinghamshire","37UF","Mansfield","E02005885","Mansfield 006",,,8021,8021,7570,1691,4470,1409,448,379,25,44,3,0
"E","East Midlands","37","Nottinghamshire","37UF","Mansfield","E02005886","Mansfield 007",,,9543,9543,9470,4419,4198,853,68,32,0,36,5,0
"E","East Midlands","37","Nottinghamshire","37UF","Mansfield","E02005887","Mansfield 008",,,8145,8133,7401,863,1826,4712,726,454,172,100,6,12
"E","East Midlands","37","Nottinghamshire","37UF","Mansfield","E02005888","Mansfield 009",,,7234,7202,6443,872,3197,2374,739,572,113,54,20,32
"E","East Midlands","37","Nottinghamshire","37UF","Mansfield","E02005889","Mansfield 010",,,10168,10168,9694,1973,6656,1065,474,410,22,42,0,0
"E","East Midlands","37","Nottinghamshire","37UF","Mansfield","E02005890","Mansfield 011",,,6731,6731,6690,2379,3953,358,35,14,4,17,6,0
"E","East Midlands","37","Nottinghamshire","37UF","Mansfield","E02005891","Mansfield 012",,,5773,5773,4988,1131,2747,1110,780,738,11,31,5,0
"E","East Midlands","37","Nottinghamshire","37UF","Mansfield","E02005892","Mansfield 013",,,8754,8751,8622,5667,2503,452,129,79,29,21,0,3
"E","East Midlands","37","Nottinghamshire","37UG","Newark and Sherwood","E02005893","Newark and Sherwood 001",,,9989,9983,9576,1900,6450,1226,314,230,32,52,93,6
"E","East Midlands","37","Nottinghamshire","37UG","Newark and Sherwood","E02005894","Newark and Sherwood 002",,,8355,8355,8100,2182,4121,1797,250,140,40,70,5,0
"E","East Midlands","37","Nottinghamshire","37UG","Newark and Sherwood","E02005895","Newark and Sherwood 003",,,7649,7642,7493,5107,2089,297,75,13,5,57,74,7
"E","East Midlands","37","Nottinghamshire","37UG","Newark and Sherwood","E02005896","Newark and Sherwood 004",,,6431,6428,6305,4348,1426,531,81,43,8,30,42,3
"E","East Midlands","37","Nottinghamshire","37UG","Newark and Sherwood","E02005897","Newark and Sherwood 005",,,8206,8206,8060,4357,3203,500,124,58,22,44,22,0
"E","East Midlands","37","Nottinghamshire","37UG","Newark and Sherwood","E02005898","Newark and Sherwood 006",,,10788,10788,10410,2877,5650,1883,321,248,21,52,57,0
"E","East Midlands","37","Nottinghamshire","37UG","Newark and Sherwood","E02005899","Newark and Sherwood 007",,,9767,9763,8447,1337,3348,3762,1217,880,195,142,99,4
"E","East Midlands","37","Nottinghamshire","37UG","Newark and Sherwood","E02005900","Newark and Sherwood 008",,,6479,6479,6144,4013,1609,522,330,195,82,53,5,0
"E","East Midlands","37","Nottinghamshire","37UG","Newark and Sherwood","E02005901","Newark and Sherwood 009",,,7543,7531,7071,2026,2915,2130,454,294,114,46,6,12
"E","East Midlands","37","Nottinghamshire","37UG","Newark and Sherwood","E02005902","Newark and Sherwood 010",,,7794,7794,6971,1634,3848,1489,818,772,29,17,5,0
"E","East Midlands","37","Nottinghamshire","37UG","Newark and Sherwood","E02005903","Newark and Sherwood 011",,,10005,9977,9607,3487,4440,1680,365,292,16,57,5,28
"E","East Midlands","37","Nottinghamshire","37UG","Newark and Sherwood","E02005904","Newark and Sherwood 012",,,6121,6121,5962,3687,1811,464,139,105,19,15,20,0
"E","East Midlands","37","Nottinghamshire","37UG","Newark and Sherwood","E02005905","Newark and Sherwood 013",,,5602,5602,5429,4004,1268,157,148,81,33,34,25,0
"E","East Midlands","37","Nottinghamshire","37UJ","Rushcliffe","E02005906","Rushcliffe 001",,,5873,5873,5719,3601,1698,420,136,66,35,35,18,0
"E","East Midlands","37","Nottinghamshire","37UJ","Rushcliffe","E02005907","Rushcliffe 002",,,8657,8654,8230,4943,2170,1117,415,341,28,46,9,3
"E","East Midlands","37","Nottinghamshire","37UJ","Rushcliffe","E02005908","Rushcliffe 003",,,8262,8262,7685,4135,2697,853,447,348,44,55,130,0
"E","East Midlands","37","Nottinghamshire","37UJ","Rushcliffe","E02005909","Rushcliffe 004",,,7831,7808,7212,1937,4807,468,596,285,266,45,0,23
"E","East Midlands","37","Nottinghamshire","37UJ","Rushcliffe","E02005910","Rushcliffe 005",,,8337,8264,6274,1283,3727,1264,1975,714,1134,127,15,73
"E","East Midlands","37","Nottinghamshire","37UJ","Rushcliffe","E02005911","Rushcliffe 006",,,7816,7816,7482,5129,1435,918,139,90,35,14,195,0
"E","East Midlands","37","Nottinghamshire","37UJ","Rushcliffe","E02005912","Rushcliffe 007",,,8532,8529,7964,6330,1148,486,565,473,63,29,0,3
"E","East Midlands","37","Nottinghamshire","37UJ","Rushcliffe","E02005913","Rushcliffe 008",,,6486,6486,5977,4235,1510,232,509,435,41,33,0,0
"E","East Midlands","37","Nottinghamshire","37UJ","Rushcliffe","E02005914","Rushcliffe 009",,,7262,7262,7037,2197,3528,1312,218,155,17,46,7,0
"E","East Midlands","37","Nottinghamshire","37UJ","Rushcliffe","E02005915","Rushcliffe 010",,,5467,5467,5276,3293,1387,596,115,74,16,25,76,0
"E","East Midlands","37","Nottinghamshire","37UJ","Rushcliffe","E02005916","Rushcliffe 011",,,6309,6306,5920,2118,2447,1355,381,289,44,48,5,3
"E","East Midlands","37","Nottinghamshire","37UJ","Rushcliffe","E02005917","Rushcliffe 012",,,5383,5383,5251,4316,796,139,64,17,20,27,68,0
"E","East Midlands","37","Nottinghamshire","37UJ","Rushcliffe","E02005918","Rushcliffe 013",,,5224,5224,5074,2152,2153,769,150,96,16,38,0,0
"E","East Midlands","37","Nottinghamshire","37UJ","Rushcliffe","E02005919","Rushcliffe 014",,,5434,5431,5244,2536,2285,423,162,70,58,34,25,3
"E","East Midlands","37","Nottinghamshire","37UJ","Rushcliffe","E02005920","Rushcliffe 015",,,6993,6993,6872,4826,1760,286,102,42,24,36,19,0