DATASET_TITLE,"Resident Population Estimates, All Persons, Mid 2005",,,,,,,,,,FROM,Jun-2005,Jun-2005,Jun-2005,Jun-2005,Jun-2005,Jun-2005,Jun-2005,Jun-2005,Jun-2005,Jun-2005,Jun-2005,Jun-2005,Jun-2005,Jun-2005,Jun-2005,Jun-2005,Jun-2005,Jun-2005,Jun-2005
AREA_TYPE,Region,,,,,,,,,,TO,Jun-2005,Jun-2005,Jun-2005,Jun-2005,Jun-2005,Jun-2005,Jun-2005,Jun-2005,Jun-2005,Jun-2005,Jun-2005,Jun-2005,Jun-2005,Jun-2005,Jun-2005,Jun-2005,Jun-2005,Jun-2005,Jun-2005
GEO_HIERARCHY,NeSS Geography Hierarchy,,,,,,,,,,HEADING,All Persons; All Ages,All Persons; Aged 0-4,All Persons; Aged 5-9,All Persons; Aged 10-14,All Persons; Aged 15-19,All Persons; Aged 20-24,All Persons; Aged 25-29,All Persons; Aged 30-34,All Persons; Aged 35-39,All Persons; Aged 40-44,All Persons; Aged 45-49,All Persons; Aged 50-54,All Persons; Aged 55-59,All Persons; Aged 60-64,All Persons; Aged 65-69,All Persons; Aged 70-74,All Persons; Aged 75-79,All Persons; Aged 80-84,All Persons; Aged 85 and Over
,,,,,,,,,,,MEASUREMENT_UNIT,Count,Count,Count,Count,Count,Count,Count,Count,Count,Count,Count,Count,Count,Count,Count,Count,Count,Count,Count
,,,,,,,,,,,STATISTICAL_UNIT,Persons,Persons,Persons,Persons,Persons,Persons,Persons,Persons,Persons,Persons,Persons,Persons,Persons,Persons,Persons,Persons,Persons,Persons,Persons
UK_CODE,UK_NAME,GB_CODE,GB_NAME,EW_CODE,EW_NAME,CTRY_CODE,CTRY_NAME,GOR_CODE,GOR_NAME,AREA_METADATA,,DATA_VALUE,DATA_VALUE,DATA_VALUE,DATA_VALUE,DATA_VALUE,DATA_VALUE,DATA_VALUE,DATA_VALUE,DATA_VALUE,DATA_VALUE,DATA_VALUE,DATA_VALUE,DATA_VALUE,DATA_VALUE,DATA_VALUE,DATA_VALUE,DATA_VALUE,DATA_VALUE,DATA_VALUE
"213","United Kingdom","078","Great Britain","727","England and Wales","064","England",,,,,50466200,2894100,2974000,3184100,3298200,3293100,3195100,3542700,3916700,3855700,3362200,3048300,3264800,2586300,2250500,1939300,1624600,1240800,995500
"213","United Kingdom","078","Great Britain",,,,,,,,,58511100,3318200,3433700,3691600,3825200,3812700,3651700,4051100,4511800,4475300,3926300,3566800,3812400,3030100,2641800,2275900,1897000,1440600,1149100
"213","United Kingdom",,,,,"152","Northern Ireland",,,,,1724400,110100,118900,126000,132300,120900,108900,119200,129200,128200,114100,99900,96200,84100,69600,58800,48400,34300,25200
"213","United Kingdom","078","Great Britain",,,"179","Scotland",,,,,5094800,265200,284800,315100,327300,331500,298700,330600,389200,404500,370400,331100,340300,272900,245300,211400,167400,118400,90600
"213","United Kingdom","078","Great Britain","727","England and Wales","220","Wales",,,,,2950100,158900,174900,192400,199700,188000,157800,177800,206000,215100,193700,187300,207300,170900,146000,125200,104900,81400,63000
"213","United Kingdom","078","Great Britain","727","England and Wales",,,,,,,53416300,3053000,3148900,3376500,3497900,3481100,3353000,3720400,4122700,4070800,3555900,3235600,3472100,2757100,2396400,2064500,1729600,1322200,1058500
"213","United Kingdom","078","Great Britain","727","England and Wales","064","England","A","North East",,,2547900,134400,144400,162100,173700,175100,142100,157300,184000,195400,180000,164500,172300,132500,124200,108600,87800,63300,46100
"213","United Kingdom","078","Great Britain","727","England and Wales","064","England","B","North West",,,6838900,386100,404900,450400,471200,458300,391800,448000,511700,520600,459300,421200,453000,358200,319200,270400,222500,165000,127100
"213","United Kingdom","078","Great Britain","727","England and Wales","064","England","D","Yorkshire and The Humber",,,5110800,287400,301100,329600,353300,373000,301500,333800,379700,381900,341500,309900,334300,262100,234400,199800,165200,124200,98100
"213","United Kingdom","078","Great Britain","727","England and Wales","064","England","E","East Midlands",,,4327100,236200,251600,277800,289900,287000,242100,284100,331500,331600,290800,269700,295000,237100,198800,169700,142600,108200,83100
"213","United Kingdom","078","Great Britain","727","England and Wales","064","England","F","West Midlands",,,5347200,313400,326800,351100,363900,347600,308700,351400,404300,396900,349000,326200,347200,290200,248900,211100,176300,131700,102400
"213","United Kingdom","078","Great Britain","727","England and Wales","064","England","G","East of England",,,5551200,318300,334800,353700,347900,313600,324500,375300,428100,426800,372800,344300,380900,299300,257200,224500,188800,144300,116000
"213","United Kingdom","078","Great Britain","727","England and Wales","064","England","H","London",,,7484900,495700,435400,422400,443200,552500,738700,735600,680000,586300,470900,385300,372300,279700,249000,212700,177200,135500,112200
"213","United Kingdom","078","Great Britain","727","England and Wales","064","England","J","South East",,,8172900,462100,488600,523600,525400,484200,477700,546500,629200,639600,560000,506200,549400,429400,365400,319600,270300,213300,182500
"213","United Kingdom","078","Great Britain","727","England and Wales","064","England","K","South West",,,5085300,260600,286500,313400,329600,301700,268000,310600,368100,376600,337800,321100,360300,297700,253400,222900,193900,155300,128000
"213","United Kingdom",,,,,,,,,,,60235500,3428300,3552500,3817700,3957400,3933600,3760600,4170300,4641000,4603500,4040400,3666600,3908600,3114200,2711400,2334700,1945300,1474900,1174300