DATASET_TITLE,"Resident Population Estimates, All Persons, Mid 2005",,,,,,,,FROM,Jun-2005,Jun-2005,Jun-2005,Jun-2005,Jun-2005,Jun-2005,Jun-2005,Jun-2005,Jun-2005,Jun-2005,Jun-2005,Jun-2005,Jun-2005,Jun-2005,Jun-2005,Jun-2005,Jun-2005,Jun-2005,Jun-2005
AREA_TYPE,Former Local Authority,,,,,,,,TO,Jun-2005,Jun-2005,Jun-2005,Jun-2005,Jun-2005,Jun-2005,Jun-2005,Jun-2005,Jun-2005,Jun-2005,Jun-2005,Jun-2005,Jun-2005,Jun-2005,Jun-2005,Jun-2005,Jun-2005,Jun-2005,Jun-2005
GEO_HIERARCHY,NeSS Geography Hierarchy,,,,,,,,HEADING,All Persons; All Ages,All Persons; Aged 0-4,All Persons; Aged 5-9,All Persons; Aged 10-14,All Persons; Aged 15-19,All Persons; Aged 20-24,All Persons; Aged 25-29,All Persons; Aged 30-34,All Persons; Aged 35-39,All Persons; Aged 40-44,All Persons; Aged 45-49,All Persons; Aged 50-54,All Persons; Aged 55-59,All Persons; Aged 60-64,All Persons; Aged 65-69,All Persons; Aged 70-74,All Persons; Aged 75-79,All Persons; Aged 80-84,All Persons; Aged 85 and Over
,,,,,,,,,MEASUREMENT_UNIT,Count,Count,Count,Count,Count,Count,Count,Count,Count,Count,Count,Count,Count,Count,Count,Count,Count,Count,Count
,,,,,,,,,STATISTICAL_UNIT,Persons,Persons,Persons,Persons,Persons,Persons,Persons,Persons,Persons,Persons,Persons,Persons,Persons,Persons,Persons,Persons,Persons,Persons,Persons
GOR_CODE,GOR_NAME,CTY_CODE,CTY_NAME,LA_CODE,LA_NAME,FLA_CODE,FLA_NAME,AREA_METADATA,,DATA_VALUE,DATA_VALUE,DATA_VALUE,DATA_VALUE,DATA_VALUE,DATA_VALUE,DATA_VALUE,DATA_VALUE,DATA_VALUE,DATA_VALUE,DATA_VALUE,DATA_VALUE,DATA_VALUE,DATA_VALUE,DATA_VALUE,DATA_VALUE,DATA_VALUE,DATA_VALUE,DATA_VALUE
"A","North East",,,"00EJ","Durham","20UB","Chester-le-Street",,,53200,2700,3000,3400,3100,2600,2600,3500,4300,4500,3800,3600,3900,3100,2900,2400,1700,1200,800
"A","North East",,,"00EJ","Durham","20UD","Derwentside",,,86400,4400,4900,5400,5200,4400,4500,5600,6700,6800,6200,5800,6200,5000,4400,3800,3000,2300,1800
"A","North East",,,"00EJ","Durham","20UE","Durham",,,88100,3900,4100,4700,7400,10900,4500,5000,6100,6200,5800,5400,6100,4700,4100,3400,2700,1800,1400
"A","North East",,,"00EJ","Durham","20UF","Easington",,,93600,5000,5600,6500,6300,5500,5000,5700,6800,7300,6700,5900,6000,5100,4800,4300,3400,2300,1600
"A","North East",,,"00EJ","Durham","20UG","Sedgefield",,,87900,4800,5100,5800,5700,4700,4500,5300,6500,6900,6200,6000,6500,5000,4500,3700,3100,2300,1500
"A","North East",,,"00EJ","Durham","20UH","Teesdale",,,24600,1000,1300,1500,1600,1100,1000,1200,1700,1900,1800,1800,2000,1600,1500,1200,1000,700,600
"A","North East",,,"00EJ","Durham","20UJ","Wear Valley",,,61900,3400,3600,4000,4000,2900,2800,3700,4800,4800,4400,4300,4700,3600,3200,2700,2200,1600,1400
"A","North East",,,"00EM","Northumberland","35UB","Alnwick",,,32000,1500,1700,1900,1800,1300,1300,1700,2200,2600,2500,2400,2600,2200,1900,1700,1300,900,700
"A","North East",,,"00EM","Northumberland","35UC","Berwick-upon-Tweed",,,26100,1000,1300,1400,1500,1100,1000,1300,1600,1900,1900,1800,2300,1900,1700,1500,1200,900,800
"A","North East",,,"00EM","Northumberland","35UD","Blyth Valley",,,81100,4400,4800,5300,5200,4600,4500,5300,5800,6000,5900,5900,6300,4500,3800,3200,2400,1800,1300
"A","North East",,,"00EM","Northumberland","35UE","Castle Morpeth",,,49600,2200,2700,3000,2900,2200,2100,2400,3300,4000,4000,3600,4000,3100,2900,2500,2000,1400,1100
"A","North East",,,"00EM","Northumberland","35UF","Tynedale",,,59000,2900,3200,3800,3500,2300,2200,2900,4000,4900,4800,4600,4900,3800,3200,2700,2200,1700,1400
"A","North East",,,"00EM","Northumberland","35UG","Wansbeck",,,61500,3300,3400,3700,3900,3400,3200,3900,4700,4800,4300,4200,4400,3600,3100,2600,2300,1600,1200
"B","North West",,,"00EQ","Cheshire East","13UC","Congleton",,,92300,4600,5500,6000,5500,4400,4200,5800,7300,7600,6400,6300,7200,5900,4700,3700,3100,2300,1900
"B","North West",,,"00EQ","Cheshire East","13UD","Crewe and Nantwich",,,115800,6500,7100,7800,7400,6800,5700,7500,9000,9200,7900,7300,7800,6600,5500,4600,3900,2900,2200
"B","North West",,,"00EQ","Cheshire East","13UG","Macclesfield",,,150500,7800,8600,9200,8700,5800,7000,9200,11400,12600,11000,10300,11600,9000,7800,6800,5700,4400,3700
"B","North West",,,"00EW","Cheshire West and Chester","13UB","Chester",,,119000,6100,6400,7000,7700,8500,6700,7700,8700,8800,7800,7500,8200,6700,5900,5100,4300,3300,2600
"B","North West",,,"00EW","Cheshire West and Chester","13UE","Ellesmere Port & Neston",,,80900,4300,4900,5600,5300,4000,4100,5000,6000,6600,5700,5200,5500,4500,4300,3600,2800,2000,1400
"B","North West",,,"00EW","Cheshire West and Chester","13UH","Vale Royal",,,125700,7000,7700,8500,7800,5600,6100,8300,10100,10300,9000,8500,9400,7300,5900,4900,4100,3100,2300
"F","West Midlands",,,"00GG","Shropshire","39UB","Bridgnorth",,,51600,2300,2800,3100,3200,2700,2100,2700,3600,3900,3500,3700,4400,3700,3100,2400,1900,1400,1100
"F","West Midlands",,,"00GG","Shropshire","39UC","North Shropshire",,,58500,3100,3500,3800,3700,3000,2400,3200,4500,4500,4100,3900,4300,3700,3100,2600,2200,1700,1300
"F","West Midlands",,,"00GG","Shropshire","39UD","Oswestry",,,38800,1900,2300,2800,2600,1800,1800,2400,2900,2900,2600,2500,2800,2300,2000,1700,1400,1100,900
"F","West Midlands",,,"00GG","Shropshire","39UE","Shrewsbury and Atcham",,,95300,4900,5500,6400,6900,3600,4600,6100,7000,7400,6700,6200,6800,5800,4800,4100,3500,2700,2200
"F","West Midlands",,,"00GG","Shropshire","39UF","South Shropshire",,,41900,1900,2400,2500,2300,1300,1400,2000,2700,3100,2900,3000,3500,3200,2700,2500,2000,1500,1100
"G","East of England",,,"00KC","Central Bedfordshire","09UC","Mid Bedfordshire",,,129400,7800,8400,8600,7600,6400,7400,9400,11500,11400,9600,8400,8700,6700,5300,4400,3400,2500,1800
"G","East of England",,,"00KC","Central Bedfordshire","09UE","South Bedfordshire",,,115000,7100,7100,7800,7700,5700,6200,7700,9300,9900,8400,7300,8000,5900,5100,4200,3300,2400,1800
"K","South West",,,"00HE","Cornwall","15UB","Caradon",,,82100,3800,4500,5100,5100,3500,3300,4300,5500,6100,5900,5900,7300,5800,4600,3900,3100,2500,2100
"K","South West",,,"00HE","Cornwall","15UC","Carrick",,,90600,4100,4900,5400,5600,5600,4400,5000,5800,6200,5800,5900,7100,5900,4800,4200,3900,3200,2900
"K","South West",,,"00HE","Cornwall","15UD","Kerrier",,,96500,4900,5600,5800,6000,4900,4600,5600,6800,6900,6300,6200,7700,6500,5400,4500,3600,2800,2400
"K","South West",,,"00HE","Cornwall","15UE","North Cornwall",,,84600,4000,4800,5300,5000,3600,3700,4600,5700,6000,5600,5600,6900,6000,5100,4200,3600,2600,2300
"K","South West",,,"00HE","Cornwall","15UF","Penwith",,,63600,2800,3500,3800,3700,2600,2600,3400,4100,4400,4200,4400,5700,4500,3800,3200,2700,2200,2000
"K","South West",,,"00HE","Cornwall","15UG","Restormel",,,100400,5000,5800,6100,6300,5000,5000,6100,7100,6900,6400,6600,8000,6600,5600,4600,3900,2900,2500
"K","South West",,,"00HY","Wiltshire","46UB","Kennet",,,76400,4400,4900,5200,5800,3300,3700,4600,5900,6200,5500,4900,5300,4300,3500,3000,2400,2000,1600
"K","South West",,,"00HY","Wiltshire","46UC","North Wiltshire",,,128700,7800,8400,9300,7800,5500,6200,8700,11000,11100,9300,8400,8800,6900,5600,4600,4000,3000,2300
"K","South West",,,"00HY","Wiltshire","46UD","Salisbury",,,115100,6100,7000,7500,6800,5600,6100,7100,8900,8800,7900,7400,7900,6500,5700,5100,4500,3500,2800
"K","South West",,,"00HY","Wiltshire","46UF","West Wiltshire",,,124300,7100,7800,8200,7800,5300,6200,8100,9900,9400,8500,7900,8800,7100,6200,5200,4400,3500,2800