DATASET_TITLE,Households by Selected Household Characteristics (UV67),,,,,,,,FROM,Apr-2001,Apr-2001,Apr-2001,Apr-2001,Apr-2001,Apr-2001
AREA_TYPE,Super Output Area Middle Layer,,,,,,,,TO,Apr-2001,Apr-2001,Apr-2001,Apr-2001,Apr-2001,Apr-2001
GEO_HIERARCHY,NeSS Geography Hierarchy,,,,,,,,HEADING,All Households,Household has no selected characteristic,Household has selected characteristics in 1 dimension,Household has selected characteristics in 2 dimensions,Household has selected characteristics in 3 dimensions,Household has selected characteristics in 4 dimensions
,,,,,,,,,MEASUREMENT_UNIT,Count,Count,Count,Count,Count,Count
,,,,,,,,,STATISTICAL_UNIT,Households,Households,Households,Households,Households,Households
GOR_CODE,GOR_NAME,CTY_CODE,CTY_NAME,LA_CODE,LA_NAME,MSOA_CODE,MSOA_NAME,AREA_METADATA,,DATA_VALUE,DATA_VALUE,DATA_VALUE,DATA_VALUE,DATA_VALUE,DATA_VALUE
,,,,"00NA","Isle of Anglesey","W02000001","Isle of Anglesey 001",,,3052,627,923,980,447,75
,,,,"00NA","Isle of Anglesey","W02000002","Isle of Anglesey 002",,,2725,664,876,856,291,38
,,,,"00NA","Isle of Anglesey","W02000003","Isle of Anglesey 003",,,4456,748,1266,1438,825,179
,,,,"00NA","Isle of Anglesey","W02000004","Isle of Anglesey 004",,,3158,849,993,903,347,66
,,,,"00NA","Isle of Anglesey","W02000005","Isle of Anglesey 005",,,3895,1013,1297,1152,378,55
,,,,"00NA","Isle of Anglesey","W02000006","Isle of Anglesey 006",,,2593,650,823,758,323,39
,,,,"00NA","Isle of Anglesey","W02000007","Isle of Anglesey 007",,,2780,678,852,780,409,61
,,,,"00NA","Isle of Anglesey","W02000008","Isle of Anglesey 008",,,2628,933,819,631,203,42
,,,,"00NA","Isle of Anglesey","W02000009","Isle of Anglesey 009",,,3069,748,962,861,404,94
,,,,"00NC","Gwynedd","W02000010","Gwynedd 001",,,2732,822,873,668,317,52
,,,,"00NC","Gwynedd","W02000011","Gwynedd 002",,,2861,750,883,847,333,48
,,,,"00NC","Gwynedd","W02000012","Gwynedd 003",,,3314,963,1024,886,374,67
,,,,"00NC","Gwynedd","W02000013","Gwynedd 004",,,2527,893,734,646,223,31
,,,,"00NC","Gwynedd","W02000014","Gwynedd 005",,,2827,792,936,752,306,41
,,,,"00NC","Gwynedd","W02000015","Gwynedd 006",,,3359,767,1018,973,487,114
,,,,"00NC","Gwynedd","W02000016","Gwynedd 007",,,2582,679,850,701,305,47
,,,,"00NC","Gwynedd","W02000017","Gwynedd 008",,,3076,657,898,914,497,110
,,,,"00NC","Gwynedd","W02000018","Gwynedd 009",,,2760,548,853,899,402,58
,,,,"00NC","Gwynedd","W02000019","Gwynedd 010",,,3127,751,1101,892,337,46
,,,,"00NC","Gwynedd","W02000020","Gwynedd 011",,,2801,660,934,830,317,60
,,,,"00NC","Gwynedd","W02000021","Gwynedd 012",,,3420,712,1120,1076,422,90
,,,,"00NC","Gwynedd","W02000022","Gwynedd 013",,,2731,603,935,892,279,22
,,,,"00NC","Gwynedd","W02000023","Gwynedd 014",,,2472,546,803,785,286,52
,,,,"00NC","Gwynedd","W02000024","Gwynedd 015",,,2359,613,822,644,248,32
,,,,"00NC","Gwynedd","W02000025","Gwynedd 016",,,2885,652,965,885,332,51
,,,,"00NC","Gwynedd","W02000026","Gwynedd 017",,,3404,657,1170,1154,375,48
,,,,"00NE","Conwy","W02000027","Conwy 001",,,4168,750,1300,1426,563,129
,,,,"00NE","Conwy","W02000028","Conwy 002",,,2978,664,1050,907,305,52
,,,,"00NE","Conwy","W02000029","Conwy 003",,,2778,844,970,788,161,15
,,,,"00NE","Conwy","W02000030","Conwy 004",,,2788,518,967,948,301,54
,,,,"00NE","Conwy","W02000031","Conwy 005",,,3387,653,995,1158,523,58
,,,,"00NE","Conwy","W02000032","Conwy 006",,,3327,843,1247,949,261,27
,,,,"00NE","Conwy","W02000033","Conwy 007",,,2572,504,799,807,367,95
,,,,"00NE","Conwy","W02000034","Conwy 008",,,2894,927,893,747,284,43
,,,,"00NE","Conwy","W02000035","Conwy 009",,,3440,907,1115,981,380,57
,,,,"00NE","Conwy","W02000036","Conwy 010",,,4753,896,1589,1627,548,93
,,,,"00NE","Conwy","W02000037","Conwy 011",,,2926,755,967,859,293,52
,,,,"00NE","Conwy","W02000038","Conwy 012",,,2647,762,895,681,269,40
,,,,"00NE","Conwy","W02000039","Conwy 013",,,3247,853,1029,912,389,64
,,,,"00NE","Conwy","W02000040","Conwy 014",,,2534,755,874,633,240,32
,,,,"00NE","Conwy","W02000041","Conwy 015",,,3623,930,1250,1015,372,56
,,,,"00NG","Denbighshire","W02000042","Denbighshire 001",,,2396,399,716,953,301,27
,,,,"00NG","Denbighshire","W02000043","Denbighshire 002",,,2342,598,749,670,269,56
,,,,"00NG","Denbighshire","W02000044","Denbighshire 003",,,2487,608,806,791,257,25
,,,,"00NG","Denbighshire","W02000045","Denbighshire 004",,,4069,587,1093,1369,804,216
,,,,"00NG","Denbighshire","W02000046","Denbighshire 005",,,2408,630,774,692,282,30
,,,,"00NG","Denbighshire","W02000047","Denbighshire 006",,,2055,326,553,642,418,116
,,,,"00NG","Denbighshire","W02000048","Denbighshire 007",,,2264,457,750,739,291,27
,,,,"00NG","Denbighshire","W02000049","Denbighshire 008",,,2599,754,856,705,251,33
,,,,"00NG","Denbighshire","W02000050","Denbighshire 009",,,2758,786,902,755,272,43
,,,,"00NG","Denbighshire","W02000051","Denbighshire 010",,,2285,719,698,644,196,28
,,,,"00NG","Denbighshire","W02000052","Denbighshire 011",,,2227,615,760,601,210,41
,,,,"00NG","Denbighshire","W02000053","Denbighshire 012",,,2538,877,867,640,138,16
,,,,"00NG","Denbighshire","W02000054","Denbighshire 013",,,2397,846,838,525,170,18
,,,,"00NG","Denbighshire","W02000055","Denbighshire 014",,,2350,764,794,630,152,10
,,,,"00NG","Denbighshire","W02000056","Denbighshire 015",,,2112,721,767,456,148,20
,,,,"00NG","Denbighshire","W02000057","Denbighshire 016",,,2604,728,900,711,229,36
,,,,"00NJ","Flintshire","W02000058","Flintshire 001",,,2449,594,737,773,312,33
,,,,"00NJ","Flintshire","W02000059","Flintshire 002",,,2623,759,857,718,253,36
,,,,"00NJ","Flintshire","W02000060","Flintshire 003",,,4309,956,1438,1292,564,59
,,,,"00NJ","Flintshire","W02000061","Flintshire 004",,,2796,463,875,993,419,46
,,,,"00NJ","Flintshire","W02000062","Flintshire 005",,,2364,811,863,498,173,19
,,,,"00NJ","Flintshire","W02000063","Flintshire 006",,,3355,1270,1051,807,217,10
,,,,"00NJ","Flintshire","W02000064","Flintshire 007",,,2605,592,882,786,319,26
,,,,"00NJ","Flintshire","W02000065","Flintshire 008",,,2902,972,1083,642,192,13
,,,,"00NJ","Flintshire","W02000066","Flintshire 009",,,3739,808,1201,1154,495,81
,,,,"00NJ","Flintshire","W02000067","Flintshire 010",,,2448,934,803,536,165,10
,,,,"00NJ","Flintshire","W02000068","Flintshire 011",,,2314,618,770,660,233,33
,,,,"00NJ","Flintshire","W02000069","Flintshire 012",,,2226,877,749,481,113,6
,,,,"00NJ","Flintshire","W02000070","Flintshire 013",,,3833,1643,1216,778,181,15
,,,,"00NJ","Flintshire","W02000071","Flintshire 014",,,2940,1091,1004,681,153,11
,,,,"00NJ","Flintshire","W02000072","Flintshire 015",,,4330,1405,1471,1003,412,39
,,,,"00NJ","Flintshire","W02000073","Flintshire 016",,,4012,1292,1349,1015,321,35
,,,,"00NJ","Flintshire","W02000074","Flintshire 017",,,3796,1045,1285,1032,383,51
,,,,"00NJ","Flintshire","W02000075","Flintshire 018",,,2078,898,661,401,112,6
,,,,"00NJ","Flintshire","W02000076","Flintshire 019",,,3012,1083,1011,703,204,11
,,,,"00NJ","Flintshire","W02000077","Flintshire 020",,,2408,835,760,580,203,30
,,,,"00NL","Wrexham","W02000078","Wrexham 001",,,3122,1167,967,708,255,25
,,,,"00NL","Wrexham","W02000079","Wrexham 002",,,2162,902,695,447,97,21
,,,,"00NL","Wrexham","W02000080","Wrexham 003",,,3046,841,1028,795,335,47
,,,,"00NL","Wrexham","W02000081","Wrexham 004",,,2206,626,649,589,284,58
,,,,"00NL","Wrexham","W02000082","Wrexham 005",,,2909,735,930,786,393,65
,,,,"00NL","Wrexham","W02000083","Wrexham 006",,,2970,760,900,877,343,90
,,,,"00NL","Wrexham","W02000084","Wrexham 007",,,2262,823,742,549,139,9
,,,,"00NL","Wrexham","W02000085","Wrexham 008",,,3791,1146,1256,1025,324,40
,,,,"00NL","Wrexham","W02000086","Wrexham 009",,,2174,382,659,730,345,58
,,,,"00NL","Wrexham","W02000087","Wrexham 010",,,2803,321,915,936,546,85
,,,,"00NL","Wrexham","W02000088","Wrexham 011",,,3187,1030,1034,730,334,59
,,,,"00NL","Wrexham","W02000089","Wrexham 012",,,3323,723,1060,942,523,75
,,,,"00NL","Wrexham","W02000090","Wrexham 013",,,2362,681,664,624,317,76
,,,,"00NL","Wrexham","W02000091","Wrexham 014",,,2522,788,774,651,273,36
,,,,"00NL","Wrexham","W02000092","Wrexham 015",,,2892,621,845,906,455,65
,,,,"00NL","Wrexham","W02000093","Wrexham 016",,,2540,761,813,638,284,44
,,,,"00NL","Wrexham","W02000094","Wrexham 017",,,3603,695,1064,1153,595,96
,,,,"00NL","Wrexham","W02000095","Wrexham 018",,,2571,922,850,598,174,27
,,,,"00NL","Wrexham","W02000096","Wrexham 019",,,2781,738,1006,788,222,27
,,,,"00NN","Powys","W02000097","Powys 001",,,3596,997,1301,958,302,38
,,,,"00NN","Powys","W02000098","Powys 002",,,2284,713,808,566,183,14
,,,,"00NN","Powys","W02000099","Powys 003",,,2761,680,968,814,271,28
,,,,"00NN","Powys","W02000100","Powys 004",,,2586,628,899,774,248,37
,,,,"00NN","Powys","W02000101","Powys 005",,,2114,627,791,544,138,14
,,,,"00NN","Powys","W02000102","Powys 006",,,2293,689,813,597,172,22
,,,,"00NN","Powys","W02000103","Powys 007",,,2043,625,764,503,139,12
,,,,"00NN","Powys","W02000104","Powys 008",,,2584,762,960,673,178,11
,,,,"00NN","Powys","W02000105","Powys 009",,,2107,500,826,545,223,13
,,,,"00NN","Powys","W02000106","Powys 010",,,2739,756,1023,733,209,18
,,,,"00NN","Powys","W02000107","Powys 011",,,4206,1086,1616,1174,309,21
,,,,"00NN","Powys","W02000108","Powys 012",,,2944,758,1122,806,243,15
,,,,"00NN","Powys","W02000109","Powys 013",,,2401,623,844,718,199,17
,,,,"00NN","Powys","W02000110","Powys 014",,,2809,812,1021,754,204,18
,,,,"00NN","Powys","W02000111","Powys 015",,,3361,1034,1180,883,235,29
,,,,"00NN","Powys","W02000112","Powys 016",,,2474,839,815,635,175,10
,,,,"00NN","Powys","W02000113","Powys 017",,,3399,973,1276,901,230,19
,,,,"00NN","Powys","W02000114","Powys 018",,,2828,970,962,732,154,10
,,,,"00NN","Powys","W02000115","Powys 019",,,4336,864,1233,1591,615,33
,,,,"00NQ","Ceredigion","W02000116","Ceredigion 001",,,3190,1116,1046,748,252,28
,,,,"00NQ","Ceredigion","W02000117","Ceredigion 002",,,3240,873,1308,775,249,35
,,,,"00NQ","Ceredigion","W02000118","Ceredigion 003",,,2675,755,833,738,308,41
,,,,"00NQ","Ceredigion","W02000119","Ceredigion 004",,,2816,997,965,650,190,14
,,,,"00NQ","Ceredigion","W02000120","Ceredigion 005",,,3205,810,1133,929,286,47
,,,,"00NQ","Ceredigion","W02000121","Ceredigion 006",,,2124,513,732,614,223,42
,,,,"00NQ","Ceredigion","W02000122","Ceredigion 007",,,2856,654,993,859,313,37
,,,,"00NQ","Ceredigion","W02000123","Ceredigion 008",,,3500,877,1200,984,367,72
,,,,"00NQ","Ceredigion","W02000124","Ceredigion 009",,,4075,896,1340,1318,441,80
,,,,"00NQ","Ceredigion","W02000125","Ceredigion 010",,,3291,761,1105,1027,359,39
,,,,"00NS","Pembrokeshire","W02000126","Pembrokeshire 001",,,3260,887,1137,898,294,44
,,,,"00NS","Pembrokeshire","W02000127","Pembrokeshire 002",,,3987,906,1328,1236,452,65
,,,,"00NS","Pembrokeshire","W02000128","Pembrokeshire 003",,,2829,755,1007,793,244,30
,,,,"00NS","Pembrokeshire","W02000129","Pembrokeshire 004",,,2482,805,842,610,208,17
,,,,"00NS","Pembrokeshire","W02000130","Pembrokeshire 005",,,2856,718,925,798,357,58
,,,,"00NS","Pembrokeshire","W02000131","Pembrokeshire 006",,,2747,749,914,737,296,51
,,,,"00NS","Pembrokeshire","W02000132","Pembrokeshire 007",,,2483,660,822,735,234,32
,,,,"00NS","Pembrokeshire","W02000133","Pembrokeshire 008",,,2926,866,989,774,283,14
,,,,"00NS","Pembrokeshire","W02000134","Pembrokeshire 009",,,3163,897,985,844,388,49
,,,,"00NS","Pembrokeshire","W02000135","Pembrokeshire 010",,,2654,626,885,790,304,49
,,,,"00NS","Pembrokeshire","W02000136","Pembrokeshire 011",,,3562,806,1222,1102,385,47
,,,,"00NS","Pembrokeshire","W02000137","Pembrokeshire 012",,,2920,558,896,933,463,70
,,,,"00NS","Pembrokeshire","W02000138","Pembrokeshire 013",,,3695,747,1162,1085,612,89
,,,,"00NS","Pembrokeshire","W02000139","Pembrokeshire 014",,,2921,848,965,821,255,32
,,,,"00NS","Pembrokeshire","W02000140","Pembrokeshire 015",,,2734,563,892,806,408,65
,,,,"00NS","Pembrokeshire","W02000141","Pembrokeshire 016",,,2957,724,1022,829,337,45
,,,,"00NU","Carmarthenshire","W02000142","Carmarthenshire 001",,,2206,578,766,582,256,24
,,,,"00NU","Carmarthenshire","W02000143","Carmarthenshire 002",,,2422,619,831,735,213,24
,,,,"00NU","Carmarthenshire","W02000144","Carmarthenshire 003",,,3054,749,998,908,364,35
,,,,"00NU","Carmarthenshire","W02000145","Carmarthenshire 004",,,2941,813,1045,786,270,27
,,,,"00NU","Carmarthenshire","W02000146","Carmarthenshire 005",,,2573,849,841,666,195,22
,,,,"00NU","Carmarthenshire","W02000147","Carmarthenshire 006",,,2864,902,954,726,259,23
,,,,"00NU","Carmarthenshire","W02000148","Carmarthenshire 007",,,2276,643,754,637,222,20
,,,,"00NU","Carmarthenshire","W02000149","Carmarthenshire 008",,,2719,693,921,792,279,34
,,,,"00NU","Carmarthenshire","W02000150","Carmarthenshire 009",,,2846,787,937,812,278,32
,,,,"00NU","Carmarthenshire","W02000151","Carmarthenshire 010",,,3035,572,832,1104,501,26
,,,,"00NU","Carmarthenshire","W02000152","Carmarthenshire 011",,,3024,788,813,1000,395,28
,,,,"00NU","Carmarthenshire","W02000153","Carmarthenshire 012",,,3046,816,927,919,356,28
,,,,"00NU","Carmarthenshire","W02000154","Carmarthenshire 013",,,3083,685,911,1076,385,26
,,,,"00NU","Carmarthenshire","W02000155","Carmarthenshire 014",,,2080,597,682,565,212,24
,,,,"00NU","Carmarthenshire","W02000156","Carmarthenshire 015",,,2979,748,804,964,418,45
,,,,"00NU","Carmarthenshire","W02000157","Carmarthenshire 016",,,3550,888,981,1214,437,30
,,,,"00NU","Carmarthenshire","W02000158","Carmarthenshire 017",,,2159,696,644,592,215,12
,,,,"00NU","Carmarthenshire","W02000159","Carmarthenshire 018",,,2414,493,695,787,400,39
,,,,"00NU","Carmarthenshire","W02000160","Carmarthenshire 019",,,2921,877,845,874,312,13
,,,,"00NU","Carmarthenshire","W02000161","Carmarthenshire 020",,,2238,527,648,684,361,18
,,,,"00NU","Carmarthenshire","W02000162","Carmarthenshire 021",,,3493,765,968,1197,519,44
,,,,"00NU","Carmarthenshire","W02000163","Carmarthenshire 022",,,2238,502,651,759,307,19
,,,,"00NU","Carmarthenshire","W02000164","Carmarthenshire 023",,,3011,765,871,968,387,20
,,,,"00NU","Carmarthenshire","W02000165","Carmarthenshire 024",,,2709,597,757,941,387,27
,,,,"00NU","Carmarthenshire","W02000166","Carmarthenshire 025",,,3110,595,803,1090,576,46
,,,,"00NU","Carmarthenshire","W02000167","Carmarthenshire 026",,,4121,715,1167,1445,732,62
,,,,"00NX","Swansea","W02000168","Swansea 001",,,2223,576,658,707,268,14
,,,,"00NX","Swansea","W02000169","Swansea 002",,,3843,987,1121,1255,448,32
,,,,"00NX","Swansea","W02000170","Swansea 003",,,3684,1196,1112,996,351,29
,,,,"00NX","Swansea","W02000171","Swansea 004",,,2805,1191,789,613,200,12
,,,,"00NX","Swansea","W02000172","Swansea 005",,,3640,954,1066,1165,434,21
,,,,"00NX","Swansea","W02000173","Swansea 006",,,2304,787,721,564,222,10
,,,,"00NX","Swansea","W02000174","Swansea 007",,,3702,1114,1090,1127,361,10
,,,,"00NX","Swansea","W02000175","Swansea 008",,,3195,781,1007,951,423,33
,,,,"00NX","Swansea","W02000176","Swansea 009",,,3825,825,1134,1338,505,23
,,,,"00NX","Swansea","W02000177","Swansea 010",,,2535,708,836,687,294,10
,,,,"00NX","Swansea","W02000178","Swansea 011",,,3302,447,953,1178,682,42
,,,,"00NX","Swansea","W02000179","Swansea 012",,,2587,937,794,690,159,7
,,,,"00NX","Swansea","W02000180","Swansea 013",,,3293,614,1036,1108,501,34
,,,,"00NX","Swansea","W02000181","Swansea 014",,,2593,479,755,868,458,33
,,,,"00NX","Swansea","W02000182","Swansea 015",,,3377,882,1014,1033,416,32
,,,,"00NX","Swansea","W02000183","Swansea 016",,,4081,799,1274,1246,694,68
,,,,"00NX","Swansea","W02000184","Swansea 017",,,2800,652,799,967,368,14
,,,,"00NX","Swansea","W02000185","Swansea 018",,,2081,667,600,636,170,8
,,,,"00NX","Swansea","W02000186","Swansea 019",,,3689,454,1131,1288,755,61
,,,,"00NX","Swansea","W02000187","Swansea 020",,,2368,805,740,653,163,7
,,,,"00NX","Swansea","W02000188","Swansea 021",,,2696,434,852,836,518,56
,,,,"00NX","Swansea","W02000189","Swansea 022",,,3539,1044,1047,1141,292,15
,,,,"00NX","Swansea","W02000190","Swansea 023",,,2252,809,769,564,103,7
,,,,"00NX","Swansea","W02000191","Swansea 024",,,3738,1408,1093,903,303,31
,,,,"00NX","Swansea","W02000192","Swansea 025",,,3325,782,917,1004,554,68
,,,,"00NX","Swansea","W02000193","Swansea 026",,,3053,867,954,841,342,49
,,,,"00NX","Swansea","W02000194","Swansea 027",,,2343,807,774,633,120,9
,,,,"00NX","Swansea","W02000195","Swansea 028",,,2558,877,867,683,120,11
,,,,"00NX","Swansea","W02000196","Swansea 029",,,3014,743,926,1040,294,11
,,,,"00NX","Swansea","W02000197","Swansea 030",,,2597,922,823,709,132,11
,,,,"00NX","Swansea","W02000198","Swansea 031",,,3358,1230,1079,846,182,21
,,,,"00NZ","Neath Port Talbot","W02000199","Neath Port Talbot 001",,,4265,818,1168,1539,710,30
,,,,"00NZ","Neath Port Talbot","W02000200","Neath Port Talbot 002",,,2129,396,582,764,372,15
,,,,"00NZ","Neath Port Talbot","W02000201","Neath Port Talbot 003",,,2312,454,668,825,337,28
,,,,"00NZ","Neath Port Talbot","W02000202","Neath Port Talbot 004",,,4696,1288,1341,1443,597,27
,,,,"00NZ","Neath Port Talbot","W02000203","Neath Port Talbot 005",,,2629,570,775,864,403,17
,,,,"00NZ","Neath Port Talbot","W02000204","Neath Port Talbot 006",,,2748,1026,818,667,225,12
,,,,"00NZ","Neath Port Talbot","W02000205","Neath Port Talbot 007",,,2461,668,697,769,304,23
,,,,"00NZ","Neath Port Talbot","W02000206","Neath Port Talbot 008",,,3223,552,891,1149,584,47
,,,,"00NZ","Neath Port Talbot","W02000207","Neath Port Talbot 009",,,2119,728,684,484,219,4
,,,,"00NZ","Neath Port Talbot","W02000208","Neath Port Talbot 010",,,3536,831,1103,1137,445,20
,,,,"00NZ","Neath Port Talbot","W02000209","Neath Port Talbot 011",,,2345,258,633,851,568,35
,,,,"00NZ","Neath Port Talbot","W02000210","Neath Port Talbot 012",,,2581,567,741,838,409,26
,,,,"00NZ","Neath Port Talbot","W02000211","Neath Port Talbot 013",,,3309,582,957,1151,563,56
,,,,"00NZ","Neath Port Talbot","W02000212","Neath Port Talbot 014",,,3272,689,914,1112,525,32
,,,,"00NZ","Neath Port Talbot","W02000213","Neath Port Talbot 015",,,2801,775,825,890,283,28
,,,,"00NZ","Neath Port Talbot","W02000214","Neath Port Talbot 016",,,4074,581,1093,1505,827,68
,,,,"00NZ","Neath Port Talbot","W02000215","Neath Port Talbot 017",,,3908,596,1089,1403,764,56
,,,,"00NZ","Neath Port Talbot","W02000216","Neath Port Talbot 018",,,2892,653,875,913,416,35
,,,,"00NZ","Neath Port Talbot","W02000217","Neath Port Talbot 019",,,2309,566,644,738,324,37
,,,,"00PB","Bridgend","W02000218","Bridgend 001",,,2868,455,782,991,594,46
,,,,"00PB","Bridgend","W02000219","Bridgend 002",,,3239,690,922,1049,528,50
,,,,"00PB","Bridgend","W02000220","Bridgend 003",,,3209,566,995,1085,533,30
,,,,"00PB","Bridgend","W02000221","Bridgend 004",,,3100,553,877,1057,576,37
,,,,"00PB","Bridgend","W02000222","Bridgend 005",,,2467,586,717,781,354,29
,,,,"00PB","Bridgend","W02000223","Bridgend 006",,,2115,547,672,596,277,23
,,,,"00PB","Bridgend","W02000224","Bridgend 007",,,2284,492,702,698,352,40
,,,,"00PB","Bridgend","W02000225","Bridgend 008",,,3576,807,1076,1131,516,46
,,,,"00PB","Bridgend","W02000226","Bridgend 009",,,3772,1165,1153,1030,389,35
,,,,"00PB","Bridgend","W02000227","Bridgend 010",,,2461,452,728,847,387,47
,,,,"00PB","Bridgend","W02000228","Bridgend 011",,,2183,796,674,568,137,8
,,,,"00PB","Bridgend","W02000229","Bridgend 012",,,2585,641,833,788,283,40
,,,,"00PB","Bridgend","W02000230","Bridgend 013",,,2026,806,621,466,126,7
,,,,"00PB","Bridgend","W02000231","Bridgend 014",,,3474,874,1017,1054,475,54
,,,,"00PB","Bridgend","W02000232","Bridgend 015",,,2252,1005,726,386,127,8
,,,,"00PB","Bridgend","W02000233","Bridgend 016",,,2251,795,768,472,196,20
,,,,"00PB","Bridgend","W02000234","Bridgend 017",,,2515,882,733,645,232,23
,,,,"00PB","Bridgend","W02000235","Bridgend 018",,,3958,1076,1258,1271,312,41
,,,,"00PB","Bridgend","W02000236","Bridgend 019",,,3007,767,871,974,371,24
,,,,"00PD","The Vale of Glamorgan","W02000237","The Vale of Glamorgan 001",,,2031,867,573,495,87,9
,,,,"00PD","The Vale of Glamorgan","W02000238","The Vale of Glamorgan 002",,,2628,1109,849,558,105,7
,,,,"00PD","The Vale of Glamorgan","W02000239","The Vale of Glamorgan 003",,,2495,997,842,505,140,11
,,,,"00PD","The Vale of Glamorgan","W02000240","The Vale of Glamorgan 004",,,3570,1128,1153,928,333,28
,,,,"00PD","The Vale of Glamorgan","W02000241","The Vale of Glamorgan 005",,,4024,1561,1190,890,343,40
,,,,"00PD","The Vale of Glamorgan","W02000242","The Vale of Glamorgan 006",,,3232,1154,1074,789,206,9
,,,,"00PD","The Vale of Glamorgan","W02000243","The Vale of Glamorgan 007",,,3522,733,1192,1080,479,38
,,,,"00PD","The Vale of Glamorgan","W02000244","The Vale of Glamorgan 008",,,3707,1257,1177,1024,228,21
,,,,"00PD","The Vale of Glamorgan","W02000245","The Vale of Glamorgan 009",,,2854,807,954,728,336,29
,,,,"00PD","The Vale of Glamorgan","W02000246","The Vale of Glamorgan 010",,,2301,882,806,492,116,5
,,,,"00PD","The Vale of Glamorgan","W02000247","The Vale of Glamorgan 011",,,3590,1363,1177,818,225,7
,,,,"00PD","The Vale of Glamorgan","W02000248","The Vale of Glamorgan 012",,,4140,968,1416,1148,541,67
,,,,"00PD","The Vale of Glamorgan","W02000249","The Vale of Glamorgan 013",,,3798,971,1219,1100,453,55
,,,,"00PD","The Vale of Glamorgan","W02000250","The Vale of Glamorgan 014",,,3700,1447,1205,779,246,23
,,,,"00PD","The Vale of Glamorgan","W02000251","The Vale of Glamorgan 015",,,3161,892,980,894,363,32
,,,,"00PF","Rhondda, Cynon, Taff","W02000252","Rhondda, Cynon, Taff 001",,,3647,655,984,1317,658,33
,,,,"00PF","Rhondda, Cynon, Taff","W02000253","Rhondda, Cynon, Taff 002",,,2733,609,754,919,422,29
,,,,"00PF","Rhondda, Cynon, Taff","W02000254","Rhondda, Cynon, Taff 003",,,3241,893,841,1013,453,41
,,,,"00PF","Rhondda, Cynon, Taff","W02000255","Rhondda, Cynon, Taff 004",,,2495,580,678,848,366,23
,,,,"00PF","Rhondda, Cynon, Taff","W02000256","Rhondda, Cynon, Taff 005",,,4112,750,1054,1448,791,69
,,,,"00PF","Rhondda, Cynon, Taff","W02000257","Rhondda, Cynon, Taff 006",,,3035,585,853,1005,556,36
,,,,"00PF","Rhondda, Cynon, Taff","W02000258","Rhondda, Cynon, Taff 007",,,2545,338,693,917,534,63
,,,,"00PF","Rhondda, Cynon, Taff","W02000259","Rhondda, Cynon, Taff 008",,,2466,336,724,848,522,36
,,,,"00PF","Rhondda, Cynon, Taff","W02000260","Rhondda, Cynon, Taff 009",,,2679,386,679,953,606,55
,,,,"00PF","Rhondda, Cynon, Taff","W02000261","Rhondda, Cynon, Taff 010",,,3377,676,928,1110,615,48
,,,,"00PF","Rhondda, Cynon, Taff","W02000262","Rhondda, Cynon, Taff 011",,,2302,498,612,762,391,39
,,,,"00PF","Rhondda, Cynon, Taff","W02000263","Rhondda, Cynon, Taff 012",,,2584,455,788,841,465,35
,,,,"00PF","Rhondda, Cynon, Taff","W02000264","Rhondda, Cynon, Taff 013",,,2609,385,696,871,603,54
,,,,"00PF","Rhondda, Cynon, Taff","W02000265","Rhondda, Cynon, Taff 014",,,3907,607,1062,1308,833,97
,,,,"00PF","Rhondda, Cynon, Taff","W02000266","Rhondda, Cynon, Taff 015",,,3136,711,875,968,528,54
,,,,"00PF","Rhondda, Cynon, Taff","W02000267","Rhondda, Cynon, Taff 016",,,2689,456,710,910,528,85
,,,,"00PF","Rhondda, Cynon, Taff","W02000268","Rhondda, Cynon, Taff 017",,,3943,752,1090,1326,706,69
,,,,"00PF","Rhondda, Cynon, Taff","W02000269","Rhondda, Cynon, Taff 018",,,3537,538,950,1199,757,93
,,,,"00PF","Rhondda, Cynon, Taff","W02000270","Rhondda, Cynon, Taff 019",,,2854,768,858,839,349,40
,,,,"00PF","Rhondda, Cynon, Taff","W02000271","Rhondda, Cynon, Taff 020",,,2461,413,698,807,506,37
,,,,"00PF","Rhondda, Cynon, Taff","W02000272","Rhondda, Cynon, Taff 021",,,4191,1155,1300,1180,509,47
,,,,"00PF","Rhondda, Cynon, Taff","W02000273","Rhondda, Cynon, Taff 022",,,3544,841,1027,1054,555,67
,,,,"00PF","Rhondda, Cynon, Taff","W02000274","Rhondda, Cynon, Taff 023",,,3345,624,900,1105,663,53
,,,,"00PF","Rhondda, Cynon, Taff","W02000275","Rhondda, Cynon, Taff 024",,,2307,486,637,768,379,37
,,,,"00PF","Rhondda, Cynon, Taff","W02000276","Rhondda, Cynon, Taff 025",,,2487,679,732,794,265,17
,,,,"00PF","Rhondda, Cynon, Taff","W02000277","Rhondda, Cynon, Taff 026",,,2971,821,867,857,398,28
,,,,"00PF","Rhondda, Cynon, Taff","W02000278","Rhondda, Cynon, Taff 027",,,2975,1343,937,525,161,9
,,,,"00PF","Rhondda, Cynon, Taff","W02000279","Rhondda, Cynon, Taff 028",,,3207,1047,999,779,351,31
,,,,"00PF","Rhondda, Cynon, Taff","W02000280","Rhondda, Cynon, Taff 029",,,2782,833,895,743,301,10
,,,,"00PF","Rhondda, Cynon, Taff","W02000281","Rhondda, Cynon, Taff 030",,,2808,960,809,746,273,20
,,,,"00PF","Rhondda, Cynon, Taff","W02000282","Rhondda, Cynon, Taff 031",,,3584,1346,1015,885,325,13
,,,,"00PH","Merthyr Tydfil","W02000283","Merthyr Tydfil 001",,,3635,477,978,1267,838,75
,,,,"00PH","Merthyr Tydfil","W02000284","Merthyr Tydfil 002",,,3940,792,1103,1257,746,42
,,,,"00PH","Merthyr Tydfil","W02000285","Merthyr Tydfil 003",,,3180,923,890,928,409,30
,,,,"00PH","Merthyr Tydfil","W02000286","Merthyr Tydfil 004",,,2807,369,692,1069,609,68
,,,,"00PH","Merthyr Tydfil","W02000287","Merthyr Tydfil 005",,,2865,635,772,921,500,37
,,,,"00PH","Merthyr Tydfil","W02000288","Merthyr Tydfil 006",,,3455,595,895,1164,744,57
,,,,"00PH","Merthyr Tydfil","W02000289","Merthyr Tydfil 007",,,3263,790,910,1029,508,26
,,,,"00PK","Caerphilly","W02000290","Caerphilly 001",,,3736,602,1052,1325,719,38
,,,,"00PK","Caerphilly","W02000291","Caerphilly 002",,,3059,435,856,1098,639,31
,,,,"00PK","Caerphilly","W02000292","Caerphilly 003",,,2357,349,625,879,480,24
,,,,"00PK","Caerphilly","W02000293","Caerphilly 004",,,2601,428,721,932,483,37
,,,,"00PK","Caerphilly","W02000294","Caerphilly 005",,,2281,588,707,688,288,10
,,,,"00PK","Caerphilly","W02000295","Caerphilly 006",,,3418,860,1067,1023,447,21
,,,,"00PK","Caerphilly","W02000296","Caerphilly 007",,,3047,593,926,953,546,29
,,,,"00PK","Caerphilly","W02000297","Caerphilly 008",,,2975,736,840,894,483,22
,,,,"00PK","Caerphilly","W02000298","Caerphilly 009",,,2640,803,782,759,282,14
,,,,"00PK","Caerphilly","W02000299","Caerphilly 010",,,2517,523,782,875,325,12
,,,,"00PK","Caerphilly","W02000300","Caerphilly 011",,,3255,778,982,1061,413,21
,,,,"00PK","Caerphilly","W02000301","Caerphilly 012",,,2718,600,757,873,452,36
,,,,"00PK","Caerphilly","W02000302","Caerphilly 013",,,3629,1015,1044,1153,396,21
,,,,"00PK","Caerphilly","W02000303","Caerphilly 014",,,2677,678,807,826,349,17
,,,,"00PK","Caerphilly","W02000304","Caerphilly 015",,,2215,482,678,718,309,28
,,,,"00PK","Caerphilly","W02000305","Caerphilly 016",,,2568,669,842,743,297,17
,,,,"00PK","Caerphilly","W02000306","Caerphilly 017",,,2255,491,713,711,317,23
,,,,"00PK","Caerphilly","W02000307","Caerphilly 018",,,2638,583,782,806,447,20
,,,,"00PK","Caerphilly","W02000308","Caerphilly 019",,,3511,930,1091,963,496,31
,,,,"00PK","Caerphilly","W02000309","Caerphilly 020",,,2699,638,753,897,392,19
,,,,"00PK","Caerphilly","W02000310","Caerphilly 021",,,2095,661,657,537,226,14
,,,,"00PK","Caerphilly","W02000311","Caerphilly 022",,,3921,1027,1190,1072,599,33
,,,,"00PK","Caerphilly","W02000312","Caerphilly 023",,,2985,814,901,869,368,33
,,,,"00PK","Caerphilly","W02000313","Caerphilly 024",,,3544,1546,961,786,236,15
,,,,"00PL","Blaenau Gwent","W02000314","Blaenau Gwent 001",,,2936,657,902,932,430,15
,,,,"00PL","Blaenau Gwent","W02000315","Blaenau Gwent 002",,,2439,524,770,790,343,12
,,,,"00PL","Blaenau Gwent","W02000316","Blaenau Gwent 003",,,2934,491,859,1007,555,22
,,,,"00PL","Blaenau Gwent","W02000317","Blaenau Gwent 004",,,3293,648,1021,1098,504,22
,,,,"00PL","Blaenau Gwent","W02000318","Blaenau Gwent 005",,,3760,652,1112,1267,695,34
,,,,"00PL","Blaenau Gwent","W02000319","Blaenau Gwent 006",,,3488,685,1070,1158,550,25
,,,,"00PL","Blaenau Gwent","W02000320","Blaenau Gwent 007",,,3555,776,1060,1122,562,35
,,,,"00PL","Blaenau Gwent","W02000321","Blaenau Gwent 008",,,3913,707,1169,1321,668,48
,,,,"00PL","Blaenau Gwent","W02000322","Blaenau Gwent 009",,,3267,502,958,1170,604,33
,,,,"00PM","Torfaen","W02000323","Torfaen 001",,,2552,530,786,809,393,34
,,,,"00PM","Torfaen","W02000324","Torfaen 002",,,2761,577,852,918,386,28
,,,,"00PM","Torfaen","W02000325","Torfaen 003",,,2916,529,866,947,541,33
,,,,"00PM","Torfaen","W02000326","Torfaen 004",,,3715,879,1146,1150,514,26
,,,,"00PM","Torfaen","W02000327","Torfaen 005",,,2658,900,821,759,169,9
,,,,"00PM","Torfaen","W02000328","Torfaen 006",,,2851,841,899,811,293,7
,,,,"00PM","Torfaen","W02000329","Torfaen 007",,,3159,682,1027,1027,391,32
,,,,"00PM","Torfaen","W02000330","Torfaen 008",,,3246,785,1050,1099,294,18
,,,,"00PM","Torfaen","W02000331","Torfaen 009",,,2782,604,940,844,373,21
,,,,"00PM","Torfaen","W02000332","Torfaen 010",,,3170,589,1006,1071,461,43
,,,,"00PM","Torfaen","W02000333","Torfaen 011",,,2624,891,865,581,271,16
,,,,"00PM","Torfaen","W02000334","Torfaen 012",,,2713,1062,822,578,236,15
,,,,"00PM","Torfaen","W02000335","Torfaen 013",,,2429,703,777,731,208,10
,,,,"00PP","Monmouthshire","W02000336","Monmouthshire 001",,,3426,1123,1169,882,230,22
,,,,"00PP","Monmouthshire","W02000337","Monmouthshire 002",,,3136,716,957,1065,369,29
,,,,"00PP","Monmouthshire","W02000338","Monmouthshire 003",,,3054,958,1011,839,235,11
,,,,"00PP","Monmouthshire","W02000339","Monmouthshire 004",,,3899,1102,1342,1104,320,31
,,,,"00PP","Monmouthshire","W02000340","Monmouthshire 005",,,2714,910,960,649,182,13
,,,,"00PP","Monmouthshire","W02000341","Monmouthshire 006",,,3103,1137,1004,751,202,9
,,,,"00PP","Monmouthshire","W02000342","Monmouthshire 007",,,3115,1353,988,619,143,12
,,,,"00PP","Monmouthshire","W02000343","Monmouthshire 008",,,3589,1121,1283,874,275,36
,,,,"00PP","Monmouthshire","W02000344","Monmouthshire 009",,,2757,1175,923,544,111,4
,,,,"00PP","Monmouthshire","W02000345","Monmouthshire 010",,,3468,940,1253,968,293,14
,,,,"00PP","Monmouthshire","W02000346","Monmouthshire 011",,,2932,1417,885,501,126,3
,,,,"00PR","Newport","W02000347","Newport 001",,,3409,1322,1048,837,193,9
,,,,"00PR","Newport","W02000348","Newport 002",,,3300,1014,1075,927,275,9
,,,,"00PR","Newport","W02000349","Newport 003",,,3402,543,1171,1038,608,42
,,,,"00PR","Newport","W02000350","Newport 004",,,2748,955,964,624,194,11
,,,,"00PR","Newport","W02000351","Newport 005",,,2678,676,861,851,278,12
,,,,"00PR","Newport","W02000352","Newport 006",,,3034,814,1021,844,319,36
,,,,"00PR","Newport","W02000353","Newport 007",,,2916,946,934,752,267,17
,,,,"00PR","Newport","W02000354","Newport 008",,,2421,634,789,756,231,11
,,,,"00PR","Newport","W02000355","Newport 009",,,2896,1067,933,710,179,7
,,,,"00PR","Newport","W02000356","Newport 010",,,2248,287,755,756,417,33
,,,,"00PR","Newport","W02000357","Newport 011",,,3108,917,963,865,329,34
,,,,"00PR","Newport","W02000358","Newport 012",,,2424,933,754,602,120,15
,,,,"00PR","Newport","W02000359","Newport 013",,,3222,733,1210,835,401,43
,,,,"00PR","Newport","W02000360","Newport 014",,,2640,854,862,619,266,39
,,,,"00PR","Newport","W02000361","Newport 015",,,4020,851,1390,1247,499,33
,,,,"00PR","Newport","W02000362","Newport 016",,,2464,869,785,637,165,8
,,,,"00PR","Newport","W02000363","Newport 017",,,2572,571,835,876,269,21
,,,,"00PR","Newport","W02000364","Newport 018",,,2293,332,746,741,421,53
,,,,"00PR","Newport","W02000365","Newport 019",,,2658,548,898,835,351,26
,,,,"00PR","Newport","W02000366","Newport 020",,,2082,981,585,387,124,5
,,,,"00PT","Cardiff","W02000367","Cardiff 001",,,2365,1139,738,421,67,0
,,,,"00PT","Cardiff","W02000368","Cardiff 002",,,2344,1306,636,305,87,10
,,,,"00PT","Cardiff","W02000369","Cardiff 003",,,2509,1527,648,258,69,7
,,,,"00PT","Cardiff","W02000370","Cardiff 004",,,2847,913,1007,825,98,4
,,,,"00PT","Cardiff","W02000371","Cardiff 005",,,3096,872,1001,892,301,30
,,,,"00PT","Cardiff","W02000372","Cardiff 006",,,2263,1077,679,423,81,3
,,,,"00PT","Cardiff","W02000373","Cardiff 007",,,2594,573,840,768,372,41
,,,,"00PT","Cardiff","W02000374","Cardiff 008",,,2264,923,733,530,73,5
,,,,"00PT","Cardiff","W02000375","Cardiff 009",,,2242,787,775,462,205,13
,,,,"00PT","Cardiff","W02000376","Cardiff 010",,,2772,897,803,776,260,36
,,,,"00PT","Cardiff","W02000377","Cardiff 011",,,2456,1080,765,442,153,16
,,,,"00PT","Cardiff","W02000378","Cardiff 012",,,2702,1029,879,645,143,6
,,,,"00PT","Cardiff","W02000379","Cardiff 013",,,2335,510,806,637,352,30
,,,,"00PT","Cardiff","W02000380","Cardiff 014",,,2493,1298,675,415,100,5
,,,,"00PT","Cardiff","W02000381","Cardiff 015",,,2796,542,881,955,379,39
,,,,"00PT","Cardiff","W02000382","Cardiff 016",,,2225,370,730,719,362,44
,,,,"00PT","Cardiff","W02000383","Cardiff 017",,,2813,731,1011,701,350,20
,,,,"00PT","Cardiff","W02000384","Cardiff 018",,,2216,896,729,507,76,8
,,,,"00PT","Cardiff","W02000385","Cardiff 019",,,2439,954,776,572,122,15
,,,,"00PT","Cardiff","W02000386","Cardiff 020",,,3359,1138,1043,921,241,16
,,,,"00PT","Cardiff","W02000387","Cardiff 021",,,2350,911,743,520,163,13
,,,,"00PT","Cardiff","W02000388","Cardiff 022",,,2343,651,798,648,230,16
,,,,"00PT","Cardiff","W02000389","Cardiff 023",,,3370,853,1050,975,441,51
,,,,"00PT","Cardiff","W02000390","Cardiff 024",,,2208,809,737,553,102,7
,,,,"00PT","Cardiff","W02000391","Cardiff 025",,,2138,927,586,436,175,14
,,,,"00PT","Cardiff","W02000392","Cardiff 026",,,3674,1699,1077,730,156,12
,,,,"00PT","Cardiff","W02000393","Cardiff 027",,,2683,662,898,781,304,38
,,,,"00PT","Cardiff","W02000394","Cardiff 028",,,2499,1217,676,382,195,29
,,,,"00PT","Cardiff","W02000395","Cardiff 029",,,2378,1037,664,497,164,16
,,,,"00PT","Cardiff","W02000396","Cardiff 030",,,2733,1309,734,447,211,32
,,,,"00PT","Cardiff","W02000397","Cardiff 031",,,2757,609,894,870,350,34
,,,,"00PT","Cardiff","W02000398","Cardiff 032",,,2016,958,572,339,126,21
,,,,"00PT","Cardiff","W02000399","Cardiff 033",,,3967,1532,1178,813,374,70
,,,,"00PT","Cardiff","W02000400","Cardiff 034",,,2752,1317,702,462,235,36
,,,,"00PT","Cardiff","W02000401","Cardiff 035",,,2551,1030,715,560,227,19
,,,,"00PT","Cardiff","W02000402","Cardiff 036",,,2901,898,852,669,409,73
,,,,"00PT","Cardiff","W02000403","Cardiff 037",,,2534,634,740,729,374,57
,,,,"00PT","Cardiff","W02000404","Cardiff 038",,,2567,692,729,651,423,72
,,,,"00PT","Cardiff","W02000405","Cardiff 039",,,2880,388,961,963,492,76
,,,,"00PT","Cardiff","W02000406","Cardiff 040",,,3079,1096,896,714,329,44
,,,,"00PT","Cardiff","W02000407","Cardiff 041",,,2402,453,764,770,373,42
,,,,"00PT","Cardiff","W02000408","Cardiff 042",,,2597,586,779,731,428,73
,,,,"00PT","Cardiff","W02000409","Cardiff 043",,,2451,605,868,648,295,35
,,,,"00PT","Cardiff","W02000410","Cardiff 044",,,2753,718,819,716,435,65
,,,,"00PT","Cardiff","W02000411","Cardiff 045",,,2420,474,806,738,359,43
,,,,"00PT","Cardiff","W02000412","Cardiff 046",,,2489,668,773,664,321,63
,,,,"00PT","Cardiff","W02000413","Cardiff 047",,,2957,1042,848,625,381,61