DATASET_TITLE,"Dwelling Stock by Council Tax Band, 2006",,,,,,FROM,Mar-2006,Mar-2006,Mar-2006,Mar-2006,Mar-2006,Mar-2006,Mar-2006,Mar-2006,Mar-2006,Mar-2006,Mar-2006,Mar-2006,Mar-2006,Mar-2006,Mar-2006,Mar-2006,Mar-2006,Mar-2006,Mar-2006,Mar-2006,Mar-2006
AREA_TYPE,Local Authority,,,,,,TO,Mar-2006,Mar-2006,Mar-2006,Mar-2006,Mar-2006,Mar-2006,Mar-2006,Mar-2006,Mar-2006,Mar-2006,Mar-2006,Mar-2006,Mar-2006,Mar-2006,Mar-2006,Mar-2006,Mar-2006,Mar-2006,Mar-2006,Mar-2006,Mar-2006
GEO_HIERARCHY,NeSS Geography Hierarchy,,,,,,HEADING,Dwelling Stock by Council Tax Band; Total,Dwelling Stock by Council Tax Band; Band A,Dwelling Stock by Council Tax Band; Band A,Dwelling Stock by Council Tax Band; Band B,Dwelling Stock by Council Tax Band; Band B,Dwelling Stock by Council Tax Band; Band C,Dwelling Stock by Council Tax Band; Band C,Dwelling Stock by Council Tax Band; Band D,Dwelling Stock by Council Tax Band; Band D,Dwelling Stock by Council Tax Band; Band E,Dwelling Stock by Council Tax Band; Band E,Dwelling Stock by Council Tax Band; Band F,Dwelling Stock by Council Tax Band; Band F,Dwelling Stock by Council Tax Band; Band G,Dwelling Stock by Council Tax Band; Band G,Dwelling Stock by Council Tax Band; Band H,Dwelling Stock by Council Tax Band; Band H,Dwelling Stock by Council Tax Band; Band I,Dwelling Stock by Council Tax Band; Band I,Dwelling Stock by Council Tax Band; Band X; Unallocated,Dwelling Stock by Council Tax Band; Band X; Unallocated
,,,,,,,MEASUREMENT_UNIT,Count,Count,Percentage,Count,Percentage,Count,Percentage,Count,Percentage,Count,Percentage,Count,Percentage,Count,Percentage,Count,Percentage,Count,Percentage,Count,Percentage
,,,,,,,STATISTICAL_UNIT,Dwellings,Dwellings,Dwellings,Dwellings,Dwellings,Dwellings,Dwellings,Dwellings,Dwellings,Dwellings,Dwellings,Dwellings,Dwellings,Dwellings,Dwellings,Dwellings,Dwellings,Dwellings,Dwellings,Dwellings,Dwellings
GOR_CODE,GOR_NAME,CTY_CODE,CTY_NAME,LA_CODE,LA_NAME,AREA_METADATA,,DATA_VALUE,DATA_VALUE,DATA_VALUE,DATA_VALUE,DATA_VALUE,DATA_VALUE,DATA_VALUE,DATA_VALUE,DATA_VALUE,DATA_VALUE,DATA_VALUE,DATA_VALUE,DATA_VALUE,DATA_VALUE,DATA_VALUE,DATA_VALUE,DATA_VALUE,DATA_VALUE,DATA_VALUE,DATA_VALUE,DATA_VALUE
"A","North East",,,"00CH","Gateshead",,,90990,58253,64.02,10690,11.75,13745,15.11,5136,5.64,2035,2.24,731,.8,356,.39,44,.05,0,0,0,0
"A","North East",,,"00CJ","Newcastle upon Tyne",,,121495,72022,59.28,17472,14.38,17150,14.12,7736,6.37,3855,3.17,1786,1.47,1361,1.12,113,.09,0,0,0,0
"A","North East",,,"00CK","North Tyneside",,,91624,48862,53.33,13536,14.77,17879,19.51,6946,7.58,2979,3.25,1034,1.13,349,.38,39,.04,0,0,0,0
"A","North East",,,"00CL","South Tyneside",,,68292,45992,67.35,8616,12.62,7153,10.47,3915,5.73,1552,2.27,694,1.02,321,.47,49,.07,0,0,0,0
"A","North East",,,"00CM","Sunderland",,,123985,80622,65.03,15586,12.57,15583,12.57,7724,6.23,2884,2.33,953,.77,570,.46,63,.05,0,0,0,0
"A","North East",,,"00EB","Hartlepool",,,41293,24929,60.37,5934,14.37,5343,12.94,2760,6.68,1369,3.32,547,1.32,375,.91,36,.09,0,0,0,0
"A","North East",,,"00EC","Middlesbrough",,,59602,33646,56.45,8998,15.1,9744,16.35,4309,7.23,1828,3.07,627,1.05,404,.68,46,.08,0,0,0,0
"A","North East",,,"00EE","Redcar and Cleveland",,,61327,27494,44.83,11744,19.15,13306,21.7,4809,7.84,2794,4.56,788,1.28,371,.6,21,.03,0,0,0,0
"A","North East",,,"00EF","Stockton-on-Tees",,,79518,35903,45.15,13666,17.19,13813,17.37,8355,10.51,4787,6.02,1841,2.32,1058,1.33,95,.12,0,0,0,0
"A","North East",,,"00EH","Darlington",,,46479,22246,47.86,9118,19.62,6243,13.43,4609,9.92,2691,5.79,1072,2.31,448,.96,52,.11,0,0,0,0
"A","North East","20","Durham","20UB","Chester-le-Street",,,24291,13251,54.55,2845,11.71,4441,18.28,2058,8.47,1128,4.64,312,1.28,241,.99,15,.06,0,0,0,0
"A","North East","20","Durham","20UD","Derwentside",,,40080,27571,68.79,3958,9.88,3880,9.68,2469,6.16,1280,3.19,515,1.28,374,.93,33,.08,0,0,0,0
"A","North East","20","Durham","20UE","Durham",,,37834,18552,49.04,5757,15.22,6024,15.92,3864,10.21,1832,4.84,1026,2.71,692,1.83,87,.23,0,0,0,0
"A","North East","20","Durham","20UF","Easington",,,41904,33310,79.49,2911,6.95,2772,6.62,1742,4.16,772,1.84,217,.52,157,.37,23,.05,0,0,0,0
"A","North East","20","Durham","20UG","Sedgefield",,,40350,27536,68.24,4401,10.91,3779,9.37,2795,6.93,1303,3.23,414,1.03,103,.26,19,.05,0,0,0,0
"A","North East","20","Durham","20UH","Teesdale",,,11729,3447,29.39,2679,22.84,1926,16.42,1669,14.23,1214,10.35,534,4.55,231,1.97,29,.25,0,0,0,0
"A","North East","20","Durham","20UJ","Wear Valley",,,29327,18572,63.33,3352,11.43,3324,11.33,2503,8.53,1090,3.72,313,1.07,140,.48,33,.11,0,0,0,0
"A","North East","35","Northumberland","35UB","Alnwick",,,15741,5525,35.1,2985,18.96,2257,14.34,2040,12.96,1576,10.01,901,5.72,401,2.55,56,.36,0,0,0,0
"A","North East","35","Northumberland","35UC","Berwick-upon-Tweed",,,14003,6885,49.17,2355,16.82,1826,13.04,1327,9.48,856,6.11,477,3.41,244,1.74,33,.24,0,0,0,0
"A","North East","35","Northumberland","35UD","Blyth Valley",,,36099,22415,62.09,6326,17.52,3817,10.57,2391,6.62,969,2.68,125,.35,40,.11,16,.04,0,0,0,0
"A","North East","35","Northumberland","35UE","Castle Morpeth",,,21719,6233,28.7,2554,11.76,3271,15.06,3030,13.95,2530,11.65,2437,11.22,1505,6.93,159,.73,0,0,0,0
"A","North East","35","Northumberland","35UF","Tynedale",,,26651,8126,30.49,4379,16.43,4321,16.21,3576,13.42,2809,10.54,1890,7.09,1407,5.28,143,.54,0,0,0,0
"A","North East","35","Northumberland","35UG","Wansbeck",,,28283,19762,69.87,3653,12.92,2352,8.32,1791,6.33,520,1.84,118,.42,76,.27,11,.04,0,0,0,0