DATASET_TITLE,"National Curriculum Assessments at Key Stage 2 by Ethnic Group in England (Referenced by Location of Pupil Residence), 2006",,,,,,FROM,Sep-2005,Sep-2005,Sep-2005,Sep-2005,Sep-2005,Sep-2005,Sep-2005,Sep-2005,Sep-2005,Sep-2005,Sep-2005,Sep-2005,Sep-2005,Sep-2005,Sep-2005,Sep-2005,Sep-2005,Sep-2005,Sep-2005,Sep-2005,Sep-2005,Sep-2005,Sep-2005,Sep-2005,Sep-2005,Sep-2005,Sep-2005,Sep-2005,Sep-2005,Sep-2005,Sep-2005,Sep-2005,Sep-2005,Sep-2005,Sep-2005,Sep-2005,Sep-2005,Sep-2005,Sep-2005,Sep-2005,Sep-2005,Sep-2005,Sep-2005,Sep-2005,Sep-2005,Sep-2005,Sep-2005,Sep-2005,Sep-2005,Sep-2005,Sep-2005,Sep-2005,Sep-2005,Sep-2005,Sep-2005,Sep-2005
AREA_TYPE,Local Authority,,,,,,TO,Aug-2006,Aug-2006,Aug-2006,Aug-2006,Aug-2006,Aug-2006,Aug-2006,Aug-2006,Aug-2006,Aug-2006,Aug-2006,Aug-2006,Aug-2006,Aug-2006,Aug-2006,Aug-2006,Aug-2006,Aug-2006,Aug-2006,Aug-2006,Aug-2006,Aug-2006,Aug-2006,Aug-2006,Aug-2006,Aug-2006,Aug-2006,Aug-2006,Aug-2006,Aug-2006,Aug-2006,Aug-2006,Aug-2006,Aug-2006,Aug-2006,Aug-2006,Aug-2006,Aug-2006,Aug-2006,Aug-2006,Aug-2006,Aug-2006,Aug-2006,Aug-2006,Aug-2006,Aug-2006,Aug-2006,Aug-2006,Aug-2006,Aug-2006,Aug-2006,Aug-2006,Aug-2006,Aug-2006,Aug-2006,Aug-2006
GEO_HIERARCHY,NeSS Geography Hierarchy,,,,,,HEADING,Pupils Eligible for KS2 Assessment,Pupils Achieving Level 4+; in English,Pupils Achieving Level 4+; in Mathematics,Pupils Achieving Level 4+; in Science,Average Point Score of Pupils Eligible for KS2 Assessment,KS1 - KS2 Value Added Measure of Pupils Eligible for KS2 Assessment,KS1 - KS2 Value Added Coverage of Pupils Eligible for KS2 Assessment,Pupils of White Origin Eligible for KS2 Assessment,Pupils of White Origin Achieving Level 4+; in English,Pupils of White Origin Achieving Level 4+; in Mathematics,Pupils of White Origin Achieving Level 4+; in Science,Average Point Score of Pupils of White Origin Eligible for KS2 Assessment,KS1 - KS2 Value Added measure of Pupils of White Origin Eligible for KS2 Assessment,KS1 - KS2 Value Added Coverage of Pupils of White Origin Eligible for KS2 Assessment,Pupils of Mixed Origin Eligible for KS2 Assessment,Pupils of Mixed Origin Achieving Level 4+; in English,Pupils of Mixed Origin Achieving Level 4+; in Mathematics,Pupils of Mixed Origin Achieving Level 4+; in Science,Average Point Score of Pupils of Mixed Origin Eligible for KS2 Assessment,KS1 - KS2 Value Added Measure of Pupils of Mixed Origin Eligible for KS2 Assessment,KS1 - KS2 Value Added Coverage of Pupils of Mixed Origin Eligible for KS2 Assessment,Pupils of Asian Origin Eligible for KS2 Assessment,Pupils of Asian Origin Achieving Level 4+; in English,Pupils of Asian Origin Achieving Level 4+; in Mathematics,Pupils of Asian Origin Achieving Level 4+; in Science,Average Point Score of Pupils of Asian Origin Eligible for KS2 Assessment,KS1 - KS2 Value Added measure of Pupils of Asian Origin Eligible for KS2 Assessment,KS1 - KS2 Value Added Coverage of Pupils of Asian Origin Eligible for KS2 Assessment,Pupils of Black Origin Eligible for KS2 Assessment,Pupils of Black Origin Achieving Level 4+; in English,Pupils of Black Origin Achieving Level 4+; in Mathematics,Pupils of Black Origin Achieving Level 4+; in Science,Average Point Score of Pupils of Black Origin Eligible for KS2 Assessment,KS1 - KS2 Value Added Measure of Pupils of Black Origin Eligible for KS2 Assessment,KS1 - KS2 Value Added Coverage of Pupils of Black Origin Eligible for KS2 Assessment,Pupils of Chinese Origin Eligible for KS2 Assessment,Pupils of Chinese Origin Achieving Level 4+; in English,Pupils of Chinese Origin Achieving Level 4+; in Mathematics,Pupils of Chinese Origin Achieving Level 4+; in Science,Average Point Score of Pupils of Chinese Origin Eligible for KS2 Assessment,KS1 - KS2 Value Added measure of Pupils of Chinese Origin Eligible for KS2 Assessment,KS1 - KS2 Value Added Coverage of Pupils of Chinese Origin Eligible for KS2 Assessment,Pupils of Other Ethnic Origin Eligible for KS2 Assessment,Pupils of Other Ethnic Origin Achieving Level 4+; in English,Pupils of Other Ethnic Origin Achieving Level 4+; in Mathematics,Pupils of Other Ethnic Origin Achieving Level 4+; in Science,Average Point Score of Pupils of Other Ethnic Origin Eligible for KS2 Assessment,KS1 - KS2 Value Added Measure of Pupils of Other Ethnic Origin Eligible for KS2 Assessment,KS1 - KS2 Value Added Coverage of Pupils of Other Ethnic Origin Eligible for KS2 Assessment,Pupils of Unclassified Origin Eligible for KS2 Assessment,Pupils of Unclassified Origin Achieving Level 4+; in English,Pupils of Unclassified Origin Achieving Level 4+; in Mathematics,Pupils of Unclassified Origin Achieving Level 4+; in Science,Average Point Score of Pupils of Unclassified Origin Eligible for KS2 Assessment,KS1 - KS2 Value Added measure of Pupils of Unclassified Origin Eligible for KS2 Assessment,KS1 - KS2 Value Added Coverage of Pupils of Unclassified Origin Eligible for KS2 Assessment
,,,,,,,MEASUREMENT_UNIT,Count,Percentage,Percentage,Percentage,Score,Score,Percentage,Count,Percentage,Percentage,Percentage,Score,Score,Percentage,Count,Percentage,Percentage,Percentage,Score,Score,Percentage,Count,Percentage,Percentage,Percentage,Score,Score,Percentage,Count,Percentage,Percentage,Percentage,Score,Score,Percentage,Count,Percentage,Percentage,Percentage,Score,Score,Percentage,Count,Percentage,Percentage,Percentage,Score,Score,Percentage,Count,Percentage,Percentage,Percentage,Score,Score,Percentage
,,,,,,,STATISTICAL_UNIT,Persons,Persons,Persons,Persons,Persons,Persons,Persons,Persons,Persons,Persons,Persons,Persons,Persons,Persons,Persons,Persons,Persons,Persons,Persons,Persons,Persons,Persons,Persons,Persons,Persons,Persons,Persons,Persons,Persons,Persons,Persons,Persons,Persons,Persons,Persons,Persons,Persons,Persons,Persons,Persons,Persons,Persons,Persons,Persons,Persons,Persons,Persons,Persons,Persons,Persons,Persons,Persons,Persons,Persons,Persons,Persons
GOR_CODE,GOR_NAME,CTY_CODE,CTY_NAME,LA_CODE,LA_NAME,AREA_METADATA,,DATA_VALUE,DATA_VALUE,DATA_VALUE,DATA_VALUE,DATA_VALUE,DATA_VALUE,DATA_VALUE,DATA_VALUE,DATA_VALUE,DATA_VALUE,DATA_VALUE,DATA_VALUE,DATA_VALUE,DATA_VALUE,DATA_VALUE,DATA_VALUE,DATA_VALUE,DATA_VALUE,DATA_VALUE,DATA_VALUE,DATA_VALUE,DATA_VALUE,DATA_VALUE,DATA_VALUE,DATA_VALUE,DATA_VALUE,DATA_VALUE,DATA_VALUE,DATA_VALUE,DATA_VALUE,DATA_VALUE,DATA_VALUE,DATA_VALUE,DATA_VALUE,DATA_VALUE,DATA_VALUE,DATA_VALUE,DATA_VALUE,DATA_VALUE,DATA_VALUE,DATA_VALUE,DATA_VALUE,DATA_VALUE,DATA_VALUE,DATA_VALUE,DATA_VALUE,DATA_VALUE,DATA_VALUE,DATA_VALUE,DATA_VALUE,DATA_VALUE,DATA_VALUE,DATA_VALUE,DATA_VALUE,DATA_VALUE,DATA_VALUE
"A","North East",,,"00CH","Gateshead",,,2250,79,78,89,28,100.1,97,1971,80,78,89,28,100.1,98,16,81,x,100,30.3,100.2,81,17,71,x,76,27.4,101.1,82,16,x,50,75,25.9,x,x,4,100,100,100,28,97.5,100,6,x,x,100,27.7,x,x,220,76,79,90,27.9,100,100
"A","North East",,,"00CJ","Newcastle upon Tyne",,,2823,76,72,84,27.4,99.4,95,2399,76,73,85,27.4,99.3,98,48,75,58,79,27.5,99.9,92,248,75,67,79,26.7,100.1,89,40,63,58,63,24.4,x,x,28,x,100,x,29.6,100.9,71,42,74,74,79,27.3,103,55,18,x,72,x,27.2,100.6,100
"A","North East",,,"00CK","North Tyneside",,,2210,81,78,89,28,99.6,97,2111,81,78,89,28,99.6,98,23,83,74,87,28.5,99.9,78,28,64,61,x,26,100,68,4,x,x,x,25.5,x,x,13,100,x,100,29.5,99.8,77,6,x,100,100,29.3,101.5,67,25,x,x,100,29.2,99.8,100
"A","North East",,,"00CL","South Tyneside",,,1738,78,76,87,27.6,99.8,98,1615,78,76,87,27.7,99.8,99,23,100,x,x,29,99.5,91,30,83,63,70,26.5,100.6,90,5,x,x,x,27,x,x,x,x,x,x,24,99,100,x,x,x,x,29.5,103,50,59,66,71,83,26.3,99.4,98
"A","North East",,,"00CM","Sunderland",,,3316,76,74,86,27.4,99.5,98,3139,76,75,86,27.5,99.5,99,21,x,86,x,29.2,100.6,95,88,58,56,68,25.2,99.8,80,6,x,x,x,25,x,x,6,x,x,x,29.7,101.6,83,6,x,x,100,28.3,100.4,83,50,80,60,80,26.6,98.9,98
"A","North East",,,"00EB","Hartlepool",,,1290,80,79,87,28,99.9,98,1258,80,79,87,28,99.9,98,8,x,x,x,28.3,101,100,14,x,x,x,28.6,100.5,86,0,.,.,.,.,.,.,0,.,.,.,.,.,.,x,x,x,x,28,102,50,x,x,x,x,30.8,100.8,100
"A","North East",,,"00EC","Middlesbrough",,,1831,74,72,84,27.1,99.9,98,1610,74,72,84,27.2,99.8,99,40,88,85,90,28.2,100.3,90,146,74,67,82,26.6,100.5,92,9,56,x,x,24.7,98.2,56,x,x,x,x,21,x,x,x,x,x,x,21.5,x,x,19,x,79,79,27.3,99.9,100
"A","North East",,,"00EE","Redcar and Cleveland",,,1731,79,77,86,27.7,99.7,98,1659,80,77,86,27.7,99.7,98,15,x,67,x,26.7,100.3,93,13,x,x,100,28.1,100.3,92,x,x,x,x,26,-,0,x,x,x,x,19,94,100,x,x,x,x,23.4,100,50,39,67,x,82,26.6,99.7,97
"A","North East",,,"00EF","Stockton-on-Tees",,,2301,81,80,88,28.1,99.7,98,2185,81,80,88,28.1,99.7,98,26,x,x,x,29.7,101.4,92,62,76,76,84,27.3,100,84,4,x,x,x,26,x,x,5,100,100,100,31,100.4,100,3,x,x,x,22.3,-,0,16,100,100,100,30.9,101,100
"A","North East",,,"00EH","Darlington",,,1180,81,80,89,28.2,99.7,97,1112,81,80,89,28.2,99.7,98,12,x,75,x,27.7,99.4,100,23,70,78,x,27.4,99.5,74,x,x,x,x,32,106,50,6,x,100,100,30.7,100,100,0,.,.,.,.,.,.,x,x,x,x,29,99.8,100
"A","North East","20","Durham","20UB","Chester-le-Street",,,663,85,81,90,28.5,99.7,99,648,85,x,90,28.5,99.8,99,7,100,x,100,29.3,98.3,100,0,.,.,.,.,.,.,0,.,.,.,.,.,.,x,x,x,x,15,98,100,0,.,.,.,.,.,.,x,x,x,x,25,97.1,100
"A","North East","20","Durham","20UD","Derwentside",,,1017,81,79,88,27.9,99.9,98,997,x,79,x,27.9,99.9,98,6,100,x,100,28.7,101.5,67,x,x,x,x,27,98,100,0,.,.,.,.,.,.,0,.,.,.,.,.,.,x,x,x,x,25,110,50,x,x,x,x,28.7,101,100
"A","North East","20","Durham","20UE","Durham",,,856,83,84,91,28.8,100.2,97,825,83,83,x,28.7,100.2,98,5,100,100,100,31,101.2,100,7,x,x,x,28,x,x,x,x,x,x,26,-,0,3,x,100,100,29.7,x,x,x,x,x,x,27,-,0,x,x,x,x,29.5,99.8,100
"A","North East","20","Durham","20UF","Easington",,,1184,73,78,85,27.3,99.7,98,1172,x,78,x,27.3,99.7,99,4,x,x,x,26,98,100,5,x,x,100,28.2,100.8,100,x,x,x,x,21,-,0,x,x,x,x,29,102,100,0,.,.,.,.,.,.,x,x,x,x,27,102,100
"A","North East","20","Durham","20UG","Sedgefield",,,1071,75,75,87,27.5,99.8,98,1062,x,x,x,27.4,99.7,98,6,x,100,100,32,101.3,100,x,x,x,x,25,100,100,0,.,.,.,.,.,.,0,.,.,.,.,.,.,x,x,x,x,33,100,100,x,x,x,x,21,96,100
"A","North East","20","Durham","20UH","Teesdale",,,272,88,84,90,28.9,100.6,99,268,x,x,90,28.9,100.6,99,x,x,x,x,31,100,100,0,.,.,.,.,.,.,0,.,.,.,.,.,.,x,x,x,x,33,100,100,0,.,.,.,.,.,.,x,x,x,x,31,99,100
"A","North East","20","Durham","20UJ","Wear Valley",,,717,77,78,88,27.8,99.9,99,703,x,78,88,27.8,99.9,99,x,x,x,x,29,100,100,x,x,x,x,29.7,100.7,100,x,x,x,x,23,98,50,x,x,x,x,23,98,100,x,x,x,x,29,98,50,4,100,x,x,27.5,98.5,100
"A","North East","35","Northumberland","35UB","Alnwick",,,370,81,78,89,28.3,99.4,96,x,x,x,x,28.2,99.4,96,x,x,x,x,31,100,100,0,.,.,.,.,.,.,0,.,.,.,.,.,.,0,.,.,.,.,.,.,0,.,.,.,.,.,.,x,x,x,x,33,100,100
"A","North East","35","Northumberland","35UC","Berwick-upon-Tweed",,,277,78,78,90,27.9,99.9,93,x,x,x,x,27.9,99.9,94,x,x,x,x,31,103,100,0,.,.,.,.,.,.,x,x,x,x,25,-,0,x,x,x,x,16,96,50,0,.,.,.,.,.,.,0,.,.,.,.,.,.
"A","North East","35","Northumberland","35UD","Blyth Valley",,,963,72,73,86,27.2,98.7,98,951,x,73,x,27.2,98.7,99,8,x,x,x,28.3,99.5,100,x,x,x,x,25,104,100,0,.,.,.,.,.,.,x,x,x,x,25,-,0,0,.,.,.,.,.,.,x,x,x,x,25,100,100
"A","North East","35","Northumberland","35UE","Castle Morpeth",,,544,83,79,91,28.7,99.2,98,532,x,x,91,28.7,99.2,98,5,x,x,100,27.4,98,80,x,x,x,x,31.5,101.5,100,x,x,x,x,33,-,0,0,.,.,.,.,.,.,x,x,x,x,31,99,100,0,.,.,.,.,.,.
"A","North East","35","Northumberland","35UF","Tynedale",,,666,85,82,94,29,99.6,97,648,85,81,94,28.9,99.5,98,8,100,100,100,31,99.7,88,x,x,x,x,29,112,100,0,.,.,.,.,.,.,x,x,x,x,33,100,100,0,.,.,.,.,.,.,x,x,x,x,31.3,100.3,88
"A","North East","35","Northumberland","35UG","Wansbeck",,,746,73,65,81,26.9,99.3,98,730,73,65,x,26.9,99.3,98,x,x,x,x,29.7,98.7,100,x,x,x,x,28.3,102,67,x,x,x,x,25,103,100,0,.,.,.,.,.,.,x,x,x,x,27,-,0,5,100,x,x,25.8,101.2,100
"B","North West",,,"00BL","Bolton",,,3278,80,77,86,27.8,99.8,97,2587,79,78,87,27.8,99.7,99,101,85,78,86,28,99.7,97,515,83,78,84,27.7,100.1,93,44,57,52,75,25.1,x,x,5,100,100,100,30.6,103.2,100,14,71,x,x,27.1,105.8,57,12,75,x,x,26.6,100,75
"B","North West",,,"00BM","Bury",,,2204,83,82,90,28.6,99.9,98,1930,84,83,91,28.8,99.9,99,61,84,84,90,28.2,99.1,97,159,72,70,79,26.4,99.6,90,15,x,67,x,27.1,99.6,73,13,x,100,100,30.2,100.6,77,12,x,x,x,28.3,101.7,58,14,64,x,71,26.3,99.1,100
"B","North West",,,"00BN","Manchester",,,5040,72,72,82,26.8,99.8,92,3126,72,71,82,26.8,99.5,97,368,73,74,86,27,99.7,95,760,76,76,82,27.1,100.6,87,502,66,63,80,26,100.7,69,42,76,90,x,28.9,99.5,79,179,70,83,83,27.2,101.7,66,63,73,70,x,26.8,99.8,90
"B","North West",,,"00BP","Oldham",,,2922,78,76,85,27.4,99.9,97,2092,81,79,89,28,99.8,98,61,75,70,80,26.8,99.2,93,721,69,67,73,25.9,100.4,95,26,x,85,x,27.1,99.6,81,4,x,100,x,26.5,100.7,75,4,100,100,100,30,102.7,75,14,x,79,x,29.3,100.9,93
"B","North West",,,"00BQ","Rochdale",,,2693,79,76,87,27.6,100,97,2049,81,79,90,27.9,99.9,99,48,79,79,85,27.8,99.3,98,487,74,68,79,26.4,100.1,93,20,70,x,65,25.2,x,x,x,x,x,x,29.1,100.9,85,x,x,x,x,22.3,x,x,73,79,73,x,27.2,100.1,96
"B","North West",,,"00BR","Salford",,,2490,75,74,84,27.3,99.5,96,2305,75,75,84,27.3,99.5,98,46,65,61,80,26.5,99.5,76,36,61,64,81,26.8,100.6,78,47,72,62,83,26.5,x,x,13,69,x,x,28.1,100,85,24,x,63,x,24.9,102,58,19,x,x,100,29.5,100.3,95
"B","North West",,,"00BS","Stockport",,,3231,84,79,90,28.3,99.8,97,2908,84,79,90,28.4,99.8,99,108,79,75,92,28.1,100,92,119,84,82,84,28,100.2,87,12,67,50,x,26,x,x,16,x,x,75,27.8,101.1,69,17,x,82,100,28.4,101.1,88,51,76,x,x,27.7,99.2,98
"B","North West",,,"00BT","Tameside",,,2721,80,77,88,27.9,99.8,97,2467,80,78,89,28,99.8,99,39,82,85,85,28.2,100.1,92,182,70,65,74,26.3,99.8,87,11,x,64,x,25.4,100.6,64,9,x,x,x,28.1,100.7,100,5,x,x,x,26.6,x,x,8,100,x,100,29.5,101.3,100
"B","North West",,,"00BU","Trafford",,,2470,85,81,90,28.7,100.3,96,1972,86,82,91,28.9,100.2,98,99,78,76,86,27.9,100,99,196,84,77,86,28,100.6,93,76,74,67,80,26.8,99.3,80,15,x,x,x,30.3,101.8,73,28,x,82,x,27.3,101.8,68,84,83,x,90,28.3,100.4,98
"B","North West",,,"00BW","Wigan",,,3755,79,78,88,27.8,99.8,98,3615,79,78,88,27.8,99.7,99,37,81,81,92,28.1,100,86,18,78,x,x,28,101.4,78,14,x,71,x,27.9,102.6,50,10,x,x,x,30.6,101.6,90,9,56,x,x,26.8,102.4,56,52,x,79,88,27.7,100.2,100
"B","North West",,,"00BX","Knowsley",,,2058,75,73,85,27.2,99.6,99,1941,75,73,85,27.2,99.6,99,27,78,78,x,28.3,100.6,96,4,x,x,100,28.5,104,50,6,x,x,x,29,100.8,83,10,100,100,100,29.4,101.3,90,5,100,100,x,29,98.4,100,65,x,x,82,26.6,99.3,100
"B","North West",,,"00BY","Liverpool",,,5248,77,74,85,27.3,99.6,96,4700,77,74,85,27.4,99.6,98,129,77,74,87,27.1,99.5,95,81,79,81,79,27.4,100.5,59,198,71,65,75,26.1,99.9,76,47,87,x,89,29,101.6,74,67,58,58,72,25.8,99.5,79,26,69,x,81,27.7,100.5,96
"B","North West",,,"00BZ","St. Helens",,,2089,81,80,90,28,99.6,99,2023,81,80,90,28,99.6,99,16,81,81,x,29.9,99.9,100,6,100,x,x,29.7,100,83,3,x,x,100,25,97,67,x,x,x,x,31,102,100,x,x,x,x,29,99,100,36,x,69,x,26.4,99.9,94
"B","North West",,,"00CA","Sefton",,,3160,84,82,91,28.3,100.1,98,3073,84,82,91,28.3,100.1,99,34,85,76,x,28.5,100.2,97,10,100,x,x,28.8,100.9,90,8,x,x,100,29,99,75,17,x,x,82,29.1,100.8,71,5,100,100,x,28.2,103.2,100,13,x,x,100,29.6,100.5,100
"B","North West",,,"00CB","Wirral",,,3811,81,77,89,28.1,99.6,98,3581,81,78,89,28.1,99.6,98,49,86,82,92,28.6,100.3,96,27,63,67,70,26.5,99.8,70,10,70,70,x,26.6,99.1,70,16,x,x,x,29.9,102.2,75,3,x,x,x,23.7,x,x,125,74,x,89,27.2,99.2,98
"B","North West",,,"00ET","Halton",,,1557,77,75,88,27.6,99.7,98,1507,78,76,88,27.6,99.7,99,21,81,76,x,28.6,100.5,100,x,x,x,x,31,98,100,6,x,x,x,24,x,x,x,x,x,x,21,100,100,x,x,x,x,26,100,50,18,x,78,x,26.3,99.2,100
"B","North West",,,"00EU","Warrington",,,2387,84,81,90,28.4,99.9,97,2294,84,81,90,28.4,99.9,98,35,x,86,x,29.3,100.5,97,28,89,82,x,28.4,101.1,82,4,x,x,x,28.5,100,75,9,x,x,100,29,101.5,89,x,x,x,x,33,100,100,x,x,x,x,28.4,99.6,88
"B","North West",,,"00EX","Blackburn with Darwen",,,2133,76,74,83,27.2,99.8,97,1335,76,76,86,27.6,99.8,98,34,91,82,100,29.2,100.1,100,724,76,71,77,26.5,99.6,94,8,50,63,50,24.5,x,x,x,x,x,x,29,100.4,100,x,x,x,x,26.3,106,67,24,x,x,x,25.4,100,100
"B","North West",,,"00EY","Blackpool",,,1660,76,75,85,27.4,100,96,1600,76,76,85,27.4,100,97,31,74,68,90,27.8,100.4,97,19,79,63,x,27.1,101,74,3,x,x,x,28.3,102,67,3,x,x,100,25.7,x,x,x,x,x,x,27,98,100,x,x,x,x,25,101.3,100
"B","North West","13","Cheshire","13UB","Chester",,,1227,83,77,88,28.2,99.5,95,1169,84,77,88,28.2,99.6,96,22,x,73,x,28.4,99.7,100,14,57,57,64,24.9,97.8,79,3,x,x,x,27,-,0,3,x,x,100,27,97.3,100,0,.,.,.,.,.,.,16,81,x,x,29.7,99.5,81
"B","North West","13","Cheshire","13UC","Congleton",,,1063,89,85,94,28.9,100,97,1016,89,85,94,28.9,100,97,16,81,x,x,29.8,99.9,100,4,100,100,100,29,102,100,0,.,.,.,.,.,.,x,x,x,x,33,106,100,x,x,x,x,33,102,100,x,x,x,x,27.2,100.1,88
"B","North West","13","Cheshire","13UD","Crewe and Nantwich",,,1453,84,80,90,28.4,99.9,97,1370,85,80,90,28.5,99.9,98,28,79,79,86,27.6,99.6,100,10,x,70,x,26.2,100,90,10,70,x,x,27.8,99.2,50,x,x,x,x,31,112,50,3,x,x,x,24.3,99.3,100,x,x,x,x,27.8,99.2,100
"B","North West","13","Cheshire","13UE","Ellesmere Port & Neston",,,937,80,76,87,27.7,99.4,98,904,80,76,87,27.7,99.4,99,8,x,x,x,28,100.6,88,4,100,x,100,29,98.5,100,3,x,100,100,29.7,x,x,3,x,x,x,25,99.3,100,x,x,x,x,23,98,100,x,x,x,x,26.7,100.6,100
"B","North West","13","Cheshire","13UG","Macclesfield",,,1530,87,83,91,28.8,99.8,96,1448,86,83,92,28.9,99.8,97,20,x,70,80,26,99.6,90,20,x,100,100,30.6,100.1,75,5,100,100,100,31.4,x,x,x,x,x,x,30,98,100,x,x,x,x,27.7,x,x,32,84,x,x,26.7,99.1,100
"B","North West","13","Cheshire","13UH","Vale Royal",,,1500,82,80,88,28.2,99.8,98,1430,82,80,87,28.2,99.8,98,12,x,x,100,28.5,100.7,100,5,x,100,100,28.6,100,100,x,x,x,x,25,97,100,5,x,x,x,24.2,101,80,x,x,x,x,33,100,100,x,x,x,x,28.5,100.6,98
"B","North West","16","Cumbria","16UB","Allerdale",,,1125,80,78,90,28.1,99.5,98,1093,80,77,x,28,99.5,98,6,x,x,100,30,100,67,4,100,x,100,28,98.5,100,0,.,.,.,.,.,.,0,.,.,.,.,.,.,0,.,.,.,.,.,.,22,x,x,x,28.8,99.2,100
"B","North West","16","Cumbria","16UC","Barrow-in-Furness",,,885,81,81,92,28.2,99.7,98,839,81,81,x,28.2,99.7,98,6,100,x,100,30.3,101.3,100,4,100,100,100,28.5,101.3,75,x,x,x,x,31,102,100,0,.,.,.,.,.,.,x,x,x,x,33,102,100,x,x,x,x,27.9,100.3,97
"B","North West","16","Cumbria","16UD","Carlisle",,,1105,79,74,87,27.7,99.6,96,1070,79,73,87,27.8,99.6,96,x,x,x,x,28,98,100,4,x,x,x,22.5,101,100,x,x,x,x,21,-,0,x,x,x,x,31,102,100,0,.,.,.,.,.,.,27,x,x,x,28,99.9,100
"B","North West","16","Cumbria","16UE","Copeland",,,819,81,78,89,28,99.8,98,809,x,x,89,28,99.8,98,3,100,100,100,29.7,100,100,x,x,x,x,25.7,100,67,0,.,.,.,.,.,.,x,x,x,x,25,104,100,x,x,x,x,29,-,0,x,x,x,x,29,101,100
"B","North West","16","Cumbria","16UF","Eden",,,534,80,78,86,28,99.5,99,528,x,x,86,28,99.5,99,0,.,.,.,.,.,.,0,.,.,.,.,.,.,0,.,.,.,.,.,.,0,.,.,.,.,.,.,0,.,.,.,.,.,.,6,x,x,100,28,100,100
"B","North West","16","Cumbria","16UG","South Lakeland",,,963,84,82,90,28.4,99.8,96,928,84,81,x,28.4,99.8,97,6,100,100,100,29.7,100,100,0,.,.,.,.,.,.,x,x,x,x,29,-,0,3,100,100,100,29,100,100,0,.,.,.,.,.,.,x,x,x,x,27.8,99.5,96
"B","North West","30","Lancashire","30UD","Burnley",,,1087,76,73,85,27.2,99.5,97,936,77,74,86,27.3,99.6,98,9,x,x,x,29.4,100.7,100,133,x,66,x,26,99.1,91,3,100,x,100,26.3,100,67,x,x,x,x,30,100,100,x,x,x,x,29,98,50,x,x,x,x,24,99,100
"B","North West","30","Lancashire","30UE","Chorley",,,1176,85,83,90,28.4,100.1,98,1137,85,83,90,28.4,100.1,99,11,100,x,100,30.1,100.4,91,15,100,67,x,28.6,101.4,87,3,x,x,x,27,x,x,6,x,x,x,28,100,83,x,x,x,x,24,98,50,x,x,x,x,32,100,100
"B","North West","30","Lancashire","30UF","Fylde",,,754,84,82,91,28.8,100,97,743,x,x,91,28.8,100,98,x,x,x,x,33,-,0,x,x,x,x,33,101,67,x,x,x,x,25,100,100,3,100,100,100,30.3,100.7,100,x,x,x,x,27,-,0,x,x,x,x,26,99,100
"B","North West","30","Lancashire","30UG","Hyndburn",,,1151,71,69,79,26.7,99.5,97,956,75,72,84,27.2,99.5,98,17,71,65,71,26.4,98.4,88,167,51,x,x,24.2,99,93,3,x,x,x,22.3,103,67,4,x,100,100,30,101,50,x,x,x,x,23,96,100,x,x,x,x,29.7,101.3,100
"B","North West","30","Lancashire","30UH","Lancaster",,,1405,80,78,88,28.2,99.9,97,1362,80,77,88,28.2,99.8,97,18,x,x,x,29.3,101.1,78,11,x,x,x,27.9,100.3,73,4,x,100,x,29,99.3,75,4,100,100,100,31,102.5,100,0,.,.,.,.,.,.,6,x,x,100,29.3,100,100
"B","North West","30","Lancashire","30UJ","Pendle",,,1050,77,72,83,27.1,99.4,97,741,79,77,87,27.5,99.5,98,17,65,59,x,26.4,99.6,100,278,72,62,71,25.9,99.3,94,x,x,x,x,23,-,0,x,x,x,x,25,-,0,x,x,x,x,27.7,101.3,100,8,x,x,x,26.3,99.8,100
"B","North West","30","Lancashire","30UK","Preston",,,1579,82,81,88,28.2,100.1,98,1174,80,80,87,28.2,100,98,67,87,x,91,28.4,100.2,99,319,88,83,88,28.2,100.4,96,7,x,57,x,24.7,97.6,71,x,x,x,x,27,97,100,x,x,x,x,30,97,100,8,x,x,x,28.6,102.5,100
"B","North West","30","Lancashire","30UL","Ribble Valley",,,623,90,89,94,29.4,100,98,595,90,90,x,29.4,100,98,8,x,x,x,30.3,100.8,100,12,x,x,x,27,100.7,92,0,.,.,.,.,.,.,x,x,x,x,33,100,100,x,x,x,x,23,99,100,x,x,x,x,29.4,99.6,100
"B","North West","30","Lancashire","30UM","Rossendale",,,847,79,78,89,28,100.3,98,763,80,79,91,28.2,100.3,99,x,x,x,x,28.3,99.8,92,57,70,60,68,25.9,99.8,89,0,.,.,.,.,.,.,0,.,.,.,.,.,.,x,x,x,x,21,-,0,14,x,x,x,28.9,100.3,100
"B","North West","30","Lancashire","30UN","South Ribble",,,1176,83,82,91,28.3,99.9,98,1141,83,81,91,28.3,99.9,98,14,x,x,x,29.4,100.3,100,8,x,x,x,30,100,75,x,x,x,x,27,98,100,x,x,x,x,32,104,100,5,x,x,x,27.8,100.5,80,x,x,x,x,27.8,100.4,100
"B","North West","30","Lancashire","30UP","West Lancashire",,,1305,83,79,89,28.2,99.7,98,1273,x,79,x,28.2,99.7,98,11,100,x,100,29.5,99.4,91,6,x,x,x,30,101,67,4,100,x,100,29,103.3,75,x,x,x,x,33,100,100,6,x,x,x,27.8,x,x,x,x,x,x,30,99,100
"B","North West","30","Lancashire","30UQ","Wyre",,,1206,83,81,89,28.3,99.8,98,1182,x,x,89,28.3,99.8,98,10,x,x,x,29.4,98.7,90,4,x,x,100,29.5,102,100,x,x,x,x,27,100,100,x,x,x,x,32,103,100,0,.,.,.,.,.,.,x,x,x,x,29.3,100.3,100
"D","Yorkshire and The Humber",,,"00CC","Barnsley",,,2803,72,68,81,26.9,99.3,98,2673,73,69,81,27,99.3,98,16,75,75,x,27.6,99.2,94,6,100,x,100,27.7,100.5,67,4,x,x,x,25.5,100,50,0,.,.,.,.,.,.,3,x,x,x,24.3,98,67,101,x,54,71,24.7,99.2,96
"D","Yorkshire and The Humber",,,"00CE","Doncaster",,,3633,76,75,86,27.6,99.5,97,3422,76,76,87,27.7,99.5,98,45,78,67,87,27.3,99.1,98,58,71,67,81,26.5,99.6,84,19,63,63,74,25.7,99.8,58,7,x,100,x,28.4,98,71,14,29,50,57,23.8,x,x,68,x,71,x,26.9,99.4,96
"D","Yorkshire and The Humber",,,"00CF","Rotherham",,,3216,74,71,82,27.1,99,98,2972,74,72,83,27.2,99.1,99,31,74,68,81,27.2,99.1,94,164,62,52,65,24.9,98.7,96,15,60,60,73,25.1,x,x,5,100,100,100,31.4,x,x,23,x,61,57,25.3,x,x,6,x,100,100,28.7,98.3,100
"D","Yorkshire and The Humber",,,"00CG","Sheffield",,,5817,72,70,82,27,99.6,96,4799,73,72,84,27.2,99.6,98,246,74,70,86,27.2,99.8,96,430,67,60,72,25.7,99.2,90,213,55,51,63,24.3,99.9,70,26,85,x,88,30.1,99.7,88,82,54,52,60,24.4,99.4,72,21,62,x,81,26.9,100.8,81
"D","Yorkshire and The Humber",,,"00CX","Bradford",,,6533,74,69,79,26.8,99.2,96,3973,77,74,85,27.5,99.4,98,199,76,71,84,27.2,98.9,93,2206,66,59,68,25.3,98.9,94,82,76,68,87,27.1,99.4,74,8,x,100,x,28.3,99.5,100,32,56,59,59,25.1,x,x,33,x,67,x,27.2,99.2,97
"D","Yorkshire and The Humber",,,"00CY","Calderdale",,,2451,80,80,88,28.1,99.6,98,2097,82,82,90,28.3,99.7,98,49,71,80,82,26.8,99.1,100,264,72,64,76,26.2,99,97,5,x,x,x,27,100,60,4,x,100,100,28.5,100.7,75,4,x,x,x,27.5,102,50,28,86,x,x,28.5,99.9,96
"D","Yorkshire and The Humber",,,"00CZ","Kirklees",,,4964,79,76,85,27.6,99.5,97,3583,81,79,88,28.1,99.6,99,229,73,69,83,26.8,99.4,97,963,74,68,76,26.4,99.5,93,86,73,58,78,25.8,98.9,86,9,x,x,x,28.3,101.1,100,21,71,71,81,26.8,100.4,67,73,x,x,x,27.4,99.2,99
"D","Yorkshire and The Humber",,,"00DA","Leeds",,,7945,79,76,85,27.7,99.6,96,6626,80,77,87,27.9,99.7,98,242,75,71,82,27.3,99.4,96,649,72,69,77,26.4,99.5,92,284,68,60,73,25.8,99.4,64,35,89,x,x,29.8,101.4,89,56,63,68,x,25.9,100,59,53,81,x,91,28.2,99.6,98
"D","Yorkshire and The Humber",,,"00DB","Wakefield",,,3844,77,78,86,27.7,99.5,97,3671,77,78,86,27.7,99.5,97,29,86,x,x,28.2,99.5,90,94,66,62,68,25.2,99.6,90,15,73,67,x,25.9,x,x,6,100,100,100,30,100.4,83,8,63,63,63,25.7,99.5,50,21,86,x,x,29.7,99.2,100
"D","Yorkshire and The Humber",,,"00FA","Kingston upon Hull, City of",,,3127,74,74,85,27.1,99.6,97,3019,74,74,86,27.1,99.6,98,31,55,58,x,25.3,99.4,81,x,x,x,x,27.8,101.6,72,17,76,71,82,27.9,x,x,x,x,x,x,33,100,50,18,72,x,72,26.6,101.2,67,11,73,73,x,27.6,99.7,91
"D","Yorkshire and The Humber",,,"00FB","East Riding of Yorkshire",,,3757,82,78,88,28,99.5,98,3694,82,78,88,28,99.5,98,23,78,70,83,27.4,99.5,96,6,100,100,100,30.7,x,x,6,x,x,x,28,x,x,7,x,100,x,30.1,102,71,5,x,x,x,25.4,99,80,16,69,69,x,26,99.1,100
"D","Yorkshire and The Humber",,,"00FC","North East Lincolnshire",,,1982,75,75,86,27.4,99.7,98,1923,75,75,86,27.4,99.7,98,19,79,68,84,27.7,100.6,95,19,79,68,79,26.8,100,74,6,x,x,x,23.3,100,50,x,x,x,x,28.3,x,x,x,x,x,x,30,101,100,10,100,x,x,28.2,100.4,90
"D","Yorkshire and The Humber",,,"00FD","North Lincolnshire",,,2002,78,74,86,27.5,99.3,98,1910,77,74,86,27.5,99.3,98,9,100,x,100,28.3,97.8,100,51,x,x,x,27.3,101.4,92,x,x,x,x,26.5,103,50,5,100,100,100,29.4,100,100,x,x,x,x,19,-,0,21,67,52,67,25.8,99,86
"D","Yorkshire and The Humber",,,"00FF","York",,,1799,81,78,86,28.1,99.7,96,1712,81,78,86,28.1,99.6,97,26,73,81,81,28.2,100.2,96,x,x,x,x,28.1,x,x,x,x,x,x,25,100,100,x,x,x,x,29,102,100,5,100,x,x,30.2,101.2,100,36,83,69,x,28.2,99.8,100
"D","Yorkshire and The Humber","36","North Yorkshire","36UB","Craven",,,588,87,86,92,29.1,99.8,97,568,88,86,92,29.2,99.9,97,7,100,x,100,29.6,98.9,100,x,x,x,x,23.8,97.7,88,0,.,.,.,.,.,.,x,x,x,x,33,100,100,0,.,.,.,.,.,.,4,100,100,x,30.5,98.7,75
"D","Yorkshire and The Humber","36","North Yorkshire","36UC","Hambleton",,,955,82,79,90,28.5,99.5,96,928,82,80,x,28.5,99.5,96,7,100,100,100,29.9,100.3,100,0,.,.,.,.,.,.,0,.,.,.,.,.,.,x,x,x,x,31,98,100,0,.,.,.,.,.,.,x,x,x,x,27.7,99.6,100
"D","Yorkshire and The Humber","36","North Yorkshire","36UD","Harrogate",,,1576,86,82,92,28.7,99.8,96,1511,86,82,92,28.8,99.8,96,21,x,81,x,28.9,100.6,95,5,x,x,100,29,101,80,5,x,x,x,22.2,x,x,7,x,100,100,29.3,100.7,86,0,.,.,.,.,.,.,27,x,85,x,29.1,99.5,96
"D","Yorkshire and The Humber","36","North Yorkshire","36UE","Richmondshire",,,543,79,75,87,27.7,99.6,92,526,79,75,87,27.7,99.6,92,6,x,x,x,29.3,98.8,83,5,x,x,x,27,x,x,0,.,.,.,.,.,.,0,.,.,.,.,.,.,0,.,.,.,.,.,.,6,x,x,x,26.7,97.7,100
"D","Yorkshire and The Humber","36","North Yorkshire","36UF","Ryedale",,,560,84,81,89,28.3,99.8,97,548,84,x,x,28.3,99.8,97,4,x,100,100,28.5,97.5,100,x,x,x,x,31,-,0,0,.,.,.,.,.,.,0,.,.,.,.,.,.,0,.,.,.,.,.,.,x,x,x,x,29.4,98.8,71
"D","Yorkshire and The Humber","36","North Yorkshire","36UG","Scarborough",,,1148,77,75,84,27.5,99.5,98,1099,77,75,84,27.6,99.4,98,13,62,69,x,26.4,98.9,100,x,x,x,x,25.4,98,80,x,x,x,x,33,106,100,x,x,x,x,32,100,100,3,x,x,x,25,x,x,25,x,x,72,26.6,100,96
"D","Yorkshire and The Humber","36","North Yorkshire","36UH","Selby",,,908,80,82,89,28.2,99.8,98,894,80,x,x,28.2,99.8,98,8,x,x,100,30,101.1,88,0,.,.,.,.,.,.,0,.,.,.,.,.,.,x,x,x,x,27,100.7,100,x,x,x,x,21,-,0,x,x,x,x,27,102,100
"E","East Midlands",,,"00FK","Derby",,,2850,75,73,83,27.2,99.2,95,2158,77,75,85,27.6,99.2,97,146,68,62,77,26.6,98.9,99,363,71,70,77,26.1,99.3,90,89,67,58,69,25.7,99.3,69,12,75,75,x,25.4,101.3,67,16,56,63,x,25.5,100.2,81,66,73,71,83,26.8,99.1,94
"E","East Midlands",,,"00FN","Leicester",,,3668,72,68,79,26.5,99.6,92,1724,66,62,77,26.1,99.1,98,221,78,76,86,27.4,99.6,95,1380,79,75,81,27.2,100.1,91,259,66,60,74,25.4,100.9,60,9,67,x,67,27.9,100.2,100,35,77,69,77,26.4,100.3,69,40,70,x,83,26.9,99.5,93
"E","East Midlands",,,"00FP","Rutland",,,343,84,80,88,28.6,100.2,94,332,x,80,x,28.7,100.2,94,7,x,x,x,28.7,100,100,0,.,.,.,.,.,.,0,.,.,.,.,.,.,x,x,x,x,27,98,100,0,.,.,.,.,.,.,x,x,x,x,25.7,98.7,100
"E","East Midlands",,,"00FY","Nottingham",,,3053,70,71,82,26.8,100,94,2156,70,72,82,26.8,99.8,98,250,75,78,86,27.6,100.3,95,351,70,66,75,26.2,100.5,90,216,69,65,83,26.3,100,75,7,x,100,x,29.3,101.3,86,36,69,86,83,27,x,x,37,x,70,x,26.7,101,97
"E","East Midlands","17","Derbyshire","17UB","Amber Valley",,,1421,79,75,89,27.9,99.1,98,1386,79,75,x,27.9,99.1,98,15,x,x,x,28.1,99.3,93,4,x,100,100,29.5,101.3,75,0,.,.,.,.,.,.,x,x,x,x,29,108,100,4,100,x,100,30.5,100,100,x,x,x,x,29,100.2,100
"E","East Midlands","17","Derbyshire","17UC","Bolsover",,,984,74,72,84,27.1,99.3,98,967,x,x,83,27.1,99.3,98,5,x,x,100,28.2,99.5,80,x,x,x,x,27,98,50,x,x,x,x,30,101,100,x,x,x,x,27,98,100,x,x,x,x,33,-,0,6,100,x,100,28.3,99.2,83
"E","East Midlands","17","Derbyshire","17UD","Chesterfield",,,1209,79,77,87,28,99.8,98,1145,79,78,87,28,99.9,99,26,x,85,x,29.2,99.1,100,9,x,x,x,27.1,100.7,67,6,x,x,x,26.7,x,x,x,x,x,x,30,104,100,x,x,x,x,33,100,100,x,x,x,x,25.4,98.2,100
"E","East Midlands","17","Derbyshire","17UF","Derbyshire Dales",,,751,86,83,94,29.1,99.8,97,723,x,83,x,29.1,99.7,98,9,100,x,100,30.3,100,89,4,x,x,x,27,102.7,75,0,.,.,.,.,.,.,x,x,x,x,33,100,100,0,.,.,.,.,.,.,x,x,x,x,29.4,100.9,93
"E","East Midlands","17","Derbyshire","17UG","Erewash",,,1315,80,78,89,28,99.5,98,1269,79,78,88,27.9,99.5,99,25,x,88,x,28.9,99.6,100,13,x,x,x,28.2,100.2,85,3,x,x,x,25,96,67,x,x,x,x,33,100,100,0,.,.,.,.,.,.,x,x,x,x,30,100.5,100
"E","East Midlands","17","Derbyshire","17UH","High Peak",,,1063,82,78,88,28.2,99.3,98,1023,82,78,88,28.2,99.3,99,13,x,x,x,26.5,99.5,92,0,.,.,.,.,.,.,x,x,x,x,31,100,100,x,x,x,x,27,96,100,x,x,x,x,27,-,0,24,x,x,x,28.6,99.3,100
"E","East Midlands","17","Derbyshire","17UJ","North East Derbyshire",,,1150,80,80,90,28.1,99.3,98,1105,80,80,90,28.1,99.3,98,22,73,73,x,28.2,99.9,95,5,100,100,100,28.2,98,100,0,.,.,.,.,.,.,3,x,x,x,26.3,97,67,0,.,.,.,.,.,.,15,x,x,x,27.5,98,100
"E","East Midlands","17","Derbyshire","17UK","South Derbyshire",,,1051,83,80,92,28.5,99.8,98,1001,83,80,92,28.5,99.8,98,13,x,77,x,27.9,99,92,24,x,x,x,26.8,99.2,96,x,x,x,x,28.3,100,100,x,x,x,x,28.3,101,67,0,.,.,.,.,.,.,7,100,x,100,31.3,101.7,100
"E","East Midlands","31","Leicestershire","31UB","Blaby",,,1137,83,78,89,28.1,99.8,99,994,82,78,89,28.1,99.8,99,40,83,83,88,28.3,99.3,100,56,89,88,x,28.7,99.9,100,7,x,x,x,28.7,100.9,100,x,x,x,x,32,102,100,x,x,x,x,29.6,101.6,100,33,x,x,x,28.2,99.5,100
"E","East Midlands","31","Leicestershire","31UC","Charnwood",,,1723,82,77,89,28.1,99.8,98,1490,82,77,89,28.1,99.8,98,35,89,80,100,29,100.4,100,134,84,81,87,28.3,100.3,95,4,100,x,x,27.5,102,50,5,100,100,100,29.8,100,80,4,x,x,x,25,99.3,75,51,x,x,x,27.2,98.9,98
"E","East Midlands","31","Leicestershire","31UD","Harborough",,,991,86,79,92,28.7,100,98,935,85,79,93,28.8,100,98,12,x,x,x,28.3,99,100,19,x,74,x,27.4,97.7,95,0,.,.,.,.,.,.,x,x,x,x,30,101,100,x,x,x,x,31,106,100,x,x,x,x,27.5,100.3,95
"E","East Midlands","31","Leicestershire","31UE","Hinckley and Bosworth",,,1170,80,78,90,27.9,99.8,97,1084,80,78,90,27.9,99.8,98,19,84,84,x,28.3,100.2,100,20,x,85,x,28.5,100.5,80,x,x,x,x,31,-,0,x,x,x,x,27.3,99.1,100,x,x,x,x,33,102,100,38,76,x,87,27.9,99.5,97
"E","East Midlands","31","Leicestershire","31UG","Melton",,,550,83,79,90,28.2,100.2,98,522,x,78,x,28.1,100,98,4,100,100,100,29.5,104,100,x,x,x,x,26,100,50,0,.,.,.,.,.,.,x,x,x,x,29,102,100,x,x,x,x,28,101,100,19,x,100,100,30.6,102.7,100
"E","East Midlands","31","Leicestershire","31UH","North West Leicestershire",,,1003,78,74,90,27.7,99.6,97,962,79,74,90,27.7,99.6,98,9,56,56,x,26.6,98.7,100,9,56,x,x,27.4,100.7,67,x,x,x,x,22.3,x,x,x,x,x,x,27.8,99.6,100,0,.,.,.,.,.,.,15,x,67,x,26.5,99,93
"E","East Midlands","31","Leicestershire","31UJ","Oadby and Wigston",,,684,85,74,83,28,99,97,453,81,71,82,27.7,98.8,100,25,x,x,x,27.7,98.8,92,183,91,80,85,28.6,99.6,93,4,100,x,x,26.5,97.5,100,x,x,x,x,29,102,50,4,100,100,100,30.5,102,100,x,x,x,x,29.8,100,92
"E","East Midlands","32","Lincolnshire","32UB","Boston",,,677,73,69,82,27.1,99.2,93,653,73,68,x,27,99.2,94,6,x,x,x,28.3,98,100,9,x,x,x,30.3,100,56,5,x,x,100,27.8,x,x,0,.,.,.,.,.,.,x,x,x,x,29,105,67,x,x,x,x,33,102,100
"E","East Midlands","32","Lincolnshire","32UC","East Lindsey",,,1435,78,72,84,27.3,99.5,96,1389,78,72,84,27.3,99.5,97,24,x,x,x,27.4,99.4,79,4,100,100,100,31,102,100,3,x,x,x,25,x,x,3,100,100,100,31.7,99,67,3,100,100,100,31,102,67,9,x,x,x,28.1,101.1,100
"E","East Midlands","32","Lincolnshire","32UD","Lincoln",,,912,74,74,84,27.4,99.3,97,873,74,74,84,27.4,99.2,98,11,73,x,100,27.9,100,100,8,100,100,100,31.3,99,75,9,67,x,67,25,99.6,56,6,x,100,100,29,100.8,83,5,x,x,100,29,102,80,0,.,.,.,.,.,.
"E","East Midlands","32","Lincolnshire","32UE","North Kesteven",,,1240,85,81,92,28.6,100.3,96,1217,x,81,x,28.6,100.3,96,13,x,x,100,28.7,100,100,0,.,.,.,.,.,.,x,x,x,x,26,102,50,3,100,100,100,29.7,101,67,0,.,.,.,.,.,.,x,x,x,x,27.8,100,100
"E","East Midlands","32","Lincolnshire","32UF","South Holland",,,923,79,74,82,27.5,99.4,95,886,79,74,82,27.5,99.4,96,12,x,75,x,27.7,99.7,100,4,100,x,x,28,100.7,75,6,50,x,x,23.3,97.5,67,x,x,x,x,26,100,100,5,x,x,x,26.6,x,x,x,x,x,x,27.9,101.3,75
"E","East Midlands","32","Lincolnshire","32UG","South Kesteven",,,1544,84,80,90,28.6,99.8,96,1492,x,x,x,28.5,99.8,96,15,x,x,x,29.7,99.6,93,8,100,100,100,31.3,100.3,75,x,x,x,x,27,102,100,4,100,100,100,31,102,75,x,x,x,x,31,100,100,x,x,x,x,28.8,100.1,96
"E","East Midlands","32","Lincolnshire","32UH","West Lindsey",,,1032,79,75,87,27.8,99.4,97,1012,x,x,86,27.7,99.3,97,12,x,x,100,31.3,101.2,83,x,x,x,x,33,100,100,4,100,100,100,30.5,101,50,x,x,x,x,33,100,100,0,.,.,.,.,.,.,x,x,x,x,29,99,100
"E","East Midlands","34","Northamptonshire","34UB","Corby",,,725,77,73,88,27.6,99.3,96,700,78,74,88,27.6,99.3,97,8,x,38,x,25,98.6,88,4,100,100,100,30,103,50,4,x,x,x,25,100,100,0,.,.,.,.,.,.,x,x,x,x,25.3,98.7,86,x,x,x,x,20,99,100
"E","East Midlands","34","Northamptonshire","34UC","Daventry",,,980,83,81,92,28.4,99.9,98,947,83,81,92,28.4,99.9,98,21,86,x,81,28.1,99.9,90,7,100,100,100,29,98.9,100,x,x,x,x,29,96,100,0,.,.,.,.,.,.,x,x,x,x,27,94,100,x,x,x,x,27,101.3,100
"E","East Midlands","34","Northamptonshire","34UD","East Northamptonshire",,,1003,82,76,89,28.1,99.5,98,973,81,75,x,28.1,99.5,98,14,x,x,x,27.7,100.9,100,x,x,x,x,27,100.7,100,5,100,100,100,29.4,100.5,80,x,x,x,x,33,101,100,3,x,x,100,26.3,99,67,3,100,100,100,31.7,99.3,100
"E","East Midlands","34","Northamptonshire","34UE","Kettering",,,1074,81,75,88,27.7,99.3,96,1003,81,75,88,27.7,99.3,97,19,79,x,x,28.8,99.9,100,28,82,75,82,27.7,99.5,75,15,x,x,x,27.4,99.8,80,x,x,x,x,32,-,0,5,100,100,100,31.8,100,60,x,x,x,x,24,99,100
"E","East Midlands","34","Northamptonshire","34UF","Northampton",,,2272,75,67,80,26.8,99.2,95,1872,75,69,82,27,99.1,98,112,78,64,78,26.9,99.3,93,129,72,63,69,26.2,99.3,90,123,64,50,63,24.9,98.8,68,10,x,x,x,28,99.8,90,15,x,67,x,27.4,100,73,11,100,x,x,29.5,99.2,91
"E","East Midlands","34","Northamptonshire","34UG","South Northamptonshire",,,1001,87,83,93,28.9,99.9,98,967,x,83,x,28.9,99.9,98,17,x,x,x,28.5,99.8,94,9,100,x,100,29.9,100.3,78,x,x,x,x,28,104,100,0,.,.,.,.,.,.,x,x,x,x,28,-,0,4,100,100,100,32,99,100
"E","East Midlands","34","Northamptonshire","34UH","Wellingborough",,,912,79,75,86,27.6,99.2,97,779,79,74,86,27.5,99,98,30,90,83,x,29.6,100.1,100,49,x,80,92,28.2,100.2,98,36,78,x,78,26.6,99.9,83,4,100,100,100,31,100.5,100,6,x,x,x,27,99.5,67,8,x,x,x,27.8,98,88
"E","East Midlands","37","Nottinghamshire","37UB","Ashfield",,,1407,73,75,86,27.3,99.5,98,1371,73,75,86,27.3,99.5,98,21,x,x,x,26.2,99.2,100,7,x,100,100,29,101.1,100,0,.,.,.,.,.,.,x,x,x,x,24,98,50,3,x,x,x,26.3,100,100,x,x,x,x,28.3,98,100
"E","East Midlands","37","Nottinghamshire","37UC","Bassetlaw",,,1327,75,75,85,27.4,99.3,97,1298,x,75,x,27.4,99.3,97,12,x,x,x,28.8,99.5,92,5,100,x,100,28.2,100,80,5,100,x,100,26.6,100.7,60,x,x,x,x,25,108,100,x,x,x,x,29,102,75,x,x,x,x,31,99,100
"E","East Midlands","37","Nottinghamshire","37UD","Broxtowe",,,1138,82,80,91,28.4,99.7,98,1048,82,81,91,28.4,99.7,98,32,91,84,x,29.1,99.8,100,41,x,63,83,26.8,99.9,85,5,100,100,x,28.6,99.3,60,8,x,100,100,30,100.9,88,x,x,x,x,26.3,x,x,x,x,x,x,31,106,100
"E","East Midlands","37","Nottinghamshire","37UE","Gedling",,,1190,86,83,90,28.5,99.6,98,1092,86,83,90,28.5,99.6,98,31,74,74,90,28.1,99.8,94,32,x,x,x,29.6,100.3,94,21,x,x,81,27.2,99,100,7,x,100,x,28.7,99,86,3,100,100,100,30.3,101,67,4,100,x,x,27.5,98.5,100
"E","East Midlands","37","Nottinghamshire","37UF","Mansfield",,,1204,73,71,82,27,99.4,98,1173,73,71,82,27,99.4,98,20,x,x,x,26.9,98.7,95,4,x,x,x,26.5,98.5,100,3,100,100,100,30.3,102,67,x,x,x,x,31,104,100,x,x,x,x,32,100,100,x,x,x,x,33,100,100
"E","East Midlands","37","Nottinghamshire","37UG","Newark and Sherwood",,,1288,77,76,89,27.8,99.5,97,1257,77,77,89,27.8,99.5,97,17,x,59,x,26.8,99.1,100,5,x,x,x,27.8,100.8,100,4,100,x,100,29,97,50,0,.,.,.,.,.,.,x,x,x,x,29,98,100,x,x,x,x,27,102,100
"E","East Midlands","37","Nottinghamshire","37UJ","Rushcliffe",,,1161,89,88,94,29.6,100.5,98,1064,90,88,94,29.6,100.4,98,28,82,82,x,29.2,100.1,100,48,x,79,x,27.9,101,98,7,100,100,100,29.9,101.3,86,4,100,100,100,29.5,102.5,100,6,x,100,100,27.7,101.5,67,4,x,100,100,29.5,101,100
"F","West Midlands",,,"00CN","Birmingham",,,13293,76,71,84,27.2,99.8,94,6700,79,75,88,27.7,99.6,98,789,78,72,85,27.2,99.4,96,4054,74,69,78,26.7,100,94,1336,69,61,77,26,100,75,48,92,92,90,30.2,102.4,81,245,65,69,78,26.4,100.7,70,121,79,79,88,27.8,99.9,96
"F","West Midlands",,,"00CQ","Coventry",,,3502,78,73,86,27.4,99.7,96,2591,77,74,87,27.5,99.5,98,162,75,71,81,27,99.7,96,548,81,73,84,27.3,100.1,93,132,70,60,79,26.1,100.5,63,11,x,x,x,29.5,100.7,82,21,86,81,x,28.2,100.1,71,37,x,x,x,26.5,99.7,97
"F","West Midlands",,,"00CR","Dudley",,,3785,79,75,87,27.7,99.7,98,3285,80,76,88,27.8,99.7,99,124,85,74,90,27.7,99.7,98,240,73,67,74,26.4,99.5,96,66,74,67,x,26.7,99,77,8,x,x,x,29.8,99.5,100,30,43,37,67,23.5,99.8,63,32,x,x,88,27.9,99.9,97
"F","West Midlands",,,"00CS","Sandwell",,,3834,73,69,81,26.8,99.9,96,2441,72,70,82,26.8,99.8,98,223,78,73,84,27.1,99.9,98,858,76,69,78,26.7,100.2,94,221,68,61,79,26,99.9,83,11,55,x,x,28.5,101.4,91,31,58,x,55,24.2,99.7,74,49,78,76,x,28.1,101.6,96
"F","West Midlands",,,"00CT","Solihull",,,2560,85,82,91,28.6,99.8,98,2227,85,82,91,28.6,99.7,98,108,84,75,90,27.9,100,99,146,88,88,90,28.8,100.4,93,32,84,78,91,28.4,99.6,97,14,x,x,x,29,100.5,79,7,x,x,x,29,101,57,26,x,x,x,28.8,100.2,92
"F","West Midlands",,,"00CU","Walsall",,,3321,77,74,84,27.3,99.6,98,2506,79,76,87,27.6,99.7,99,134,78,76,84,27.5,99.4,96,582,72,65,76,26.2,99.7,94,65,77,66,80,26.9,99,83,8,x,x,x,29.6,100.9,88,12,75,67,75,27.5,100.9,58,14,x,x,x,25.5,97.8,93
"F","West Midlands",,,"00CW","Wolverhampton",,,2924,75,72,84,27.2,99.7,97,1924,74,73,84,27.2,99.6,99,234,x,67,x,26.9,99.6,99,525,82,76,87,27.7,100.3,97,202,73,62,81,26.5,99.6,78,3,x,x,x,25,102,67,18,44,72,78,26.8,101.3,50,18,56,x,72,25.1,99.1,94
"F","West Midlands",,,"00GA","Herefordshire, County of",,,1851,80,75,88,27.7,99.8,97,1798,80,75,88,27.7,99.8,97,22,x,82,100,29.9,100.7,95,x,x,x,x,28,-,0,x,x,x,x,23.7,x,x,x,x,x,x,28,99,100,3,x,100,x,25.7,104,67,21,71,x,81,26.5,99.6,86
"F","West Midlands",,,"00GF","Telford and Wrekin",,,2049,77,73,87,27.6,99.4,97,1877,78,74,87,27.6,99.4,97,61,69,62,87,26.2,98.5,93,83,69,69,81,26.8,99.2,93,17,x,53,65,25.5,98.3,76,x,x,x,x,31,100,100,x,x,x,x,30,107,100,6,x,x,x,27.7,97.7,100
"F","West Midlands",,,"00GL","Stoke-on-Trent",,,2893,72,68,82,26.8,99.4,97,2543,73,69,83,26.9,99.3,98,47,72,66,79,27.5,99.8,94,249,69,62,71,25.7,99.9,90,27,74,67,81,27,x,x,x,x,x,x,26.3,102,100,x,x,x,x,23.8,99.7,67,15,40,47,x,24.1,99.9,100
"F","West Midlands","39","Shropshire","39UB","Bridgnorth",,,578,84,81,90,28.5,99.7,97,557,83,81,x,28.5,99.7,97,4,100,x,100,27.5,101.5,100,x,x,x,x,27,98,100,0,.,.,.,.,.,.,3,100,100,100,33,102,100,x,x,x,x,28,99,100,10,x,x,x,29,100.9,90
"F","West Midlands","39","Shropshire","39UC","North Shropshire",,,683,83,81,91,28.4,100.1,97,660,83,81,91,28.4,100.1,97,6,x,x,x,29.4,101,67,4,x,x,x,27,102.5,100,x,x,x,x,27,-,0,x,x,x,x,27,-,0,0,.,.,.,.,.,.,x,x,x,x,26.5,100.1,100
"F","West Midlands","39","Shropshire","39UD","Oswestry",,,416,81,73,86,27.9,99.9,94,393,x,x,87,28,99.9,94,x,x,x,x,30.3,99,67,x,x,x,x,23.7,99,67,x,x,x,x,31,-,0,0,.,.,.,.,.,.,0,.,.,.,.,.,.,16,63,63,x,26.6,98.8,100
"F","West Midlands","39","Shropshire","39UE","Shrewsbury and Atcham",,,1064,83,79,90,28.5,100,97,1015,83,79,90,28.5,100,98,19,x,x,100,30.2,99.9,95,x,x,x,x,23,-,0,0,.,.,.,.,.,.,3,100,100,100,29.7,101.3,100,x,x,x,x,27.7,-,0,22,68,59,x,25.6,99.4,95
"F","West Midlands","39","Shropshire","39UF","South Shropshire",,,417,89,84,92,28.7,100,98,396,x,x,92,28.6,100,98,4,100,100,100,28,100.5,100,x,x,x,x,33,-,0,0,.,.,.,.,.,.,0,.,.,.,.,.,.,x,x,x,x,31,98,100,x,x,x,x,29.6,100.2,100
"F","West Midlands","41","Staffordshire","41UB","Cannock Chase",,,1146,76,73,86,27.4,99.6,98,1118,x,73,x,27.4,99.6,98,16,x,63,x,27.3,99.6,100,4,100,x,100,28,101.3,75,x,x,x,x,24,100,100,x,x,x,x,26,99,100,x,x,x,x,27,101,100,x,x,x,x,28,99,100
"F","West Midlands","41","Staffordshire","41UC","East Staffordshire",,,1335,76,74,85,27.5,99.1,97,1174,77,75,87,27.7,99.2,99,29,86,76,x,27.6,98.8,90,113,66,64,65,25.5,98.7,88,7,x,43,x,26.1,98,71,x,x,x,x,30,100,50,3,x,x,x,25.7,100.7,100,x,x,x,x,25.9,100,100
"F","West Midlands","41","Staffordshire","41UD","Lichfield",,,1134,84,79,89,28.2,99.8,99,1053,85,79,89,28.2,99.8,98,26,81,x,x,28.7,100.6,100,8,x,x,100,28.5,100.5,100,3,100,x,100,26.3,100,100,4,x,100,100,28.5,100.5,100,10,x,x,x,29.2,102.4,100,30,77,70,x,26.9,99.4,100
"F","West Midlands","41","Staffordshire","41UE","Newcastle-under-Lyme",,,1315,79,77,88,28,99.6,98,1266,79,77,88,28,99.6,98,16,69,69,x,27,99.9,100,15,x,80,x,29.8,100.8,87,4,x,x,x,27.5,-,0,8,x,100,100,30.8,102.3,100,x,x,x,x,24,-,0,x,x,x,x,29.7,104.5,100
"F","West Midlands","41","Staffordshire","41UF","South Staffordshire",,,1222,84,79,91,28.2,99.4,98,1179,84,79,91,28.2,99.4,98,18,x,x,x,25.6,99.2,94,13,100,x,100,29.5,98.9,100,5,x,x,x,26.2,97.5,80,x,x,x,x,33,-,0,x,x,x,x,29,96,100,x,x,x,x,29,99.6,100
"F","West Midlands","41","Staffordshire","41UG","Stafford",,,1263,83,80,90,28.4,99.8,97,1183,83,80,90,28.3,99.8,98,33,82,88,x,28.9,99.8,88,20,85,x,x,29.7,100.6,85,7,100,100,100,28.4,101,57,x,x,x,x,33,102,100,5,x,100,x,29,98.5,80,x,x,x,x,27.4,100.3,86
"F","West Midlands","41","Staffordshire","41UH","Staffordshire Moorlands",,,1040,82,78,90,28.1,99.7,98,1022,82,78,x,28.1,99.7,99,9,x,x,100,29.7,100.7,100,x,x,x,x,29,100.7,100,0,.,.,.,.,.,.,x,x,x,x,28,102,50,x,x,x,x,21,104,100,3,100,100,100,30.3,100,67
"F","West Midlands","41","Staffordshire","41UK","Tamworth",,,929,76,72,86,27.3,99.4,98,873,76,71,86,27.2,99.4,99,15,x,80,73,28.2,99.7,100,7,x,x,x,27.6,99.7,86,x,x,x,x,29,100,100,x,x,x,x,31,98,100,x,x,x,x,21,96,100,31,84,x,x,28.1,99.1,97
"F","West Midlands","44","Warwickshire","44UB","North Warwickshire",,,683,78,73,90,27.7,99.5,99,661,x,73,89,27.7,99.5,99,8,x,x,100,30.3,101,100,x,x,x,x,31,101,100,x,x,x,x,29,100,100,0,.,.,.,.,.,.,x,x,x,x,33,100,100,9,100,x,100,29.9,100.4,100
"F","West Midlands","44","Warwickshire","44UC","Nuneaton and Bedworth",,,1526,78,73,85,27.6,99.6,98,1370,78,74,86,27.7,99.6,99,24,79,71,79,26.8,99.5,100,84,81,75,86,27.3,99.6,93,9,x,x,x,29.4,99.7,67,5,x,x,x,29.4,100.5,80,4,x,x,x,24,106,50,30,53,47,50,23.5,99.1,100
"F","West Midlands","44","Warwickshire","44UD","Rugby",,,1084,84,82,93,28.7,100.2,96,944,84,82,92,28.8,100.1,97,41,93,83,x,28.7,99.9,100,58,86,84,95,28.6,100.9,88,12,x,x,x,28.3,98.8,67,x,x,x,x,29,102,67,x,x,x,x,27,99,67,20,80,x,x,28.6,101,100
"F","West Midlands","44","Warwickshire","44UE","Stratford-on-Avon",,,1256,88,82,92,28.9,100.1,97,1205,88,82,92,28.9,100.1,97,19,x,x,100,30.2,100.6,100,5,100,x,100,29,100,60,5,x,x,x,23.4,x,x,x,x,x,x,31,100,100,x,x,x,x,29,102,50,x,x,x,x,27.7,100.6,95
"F","West Midlands","44","Warwickshire","44UF","Warwick",,,1222,83,81,92,28.6,100.1,97,1075,82,81,91,28.6,100.1,98,35,83,63,x,27.8,100.1,100,80,94,84,95,28.9,100.8,91,8,100,100,100,30.3,102,63,x,x,x,x,27,-,0,6,x,x,x,25.3,96,50,x,x,x,x,30.1,99.9,94
"F","West Midlands","47","Worcestershire","47UB","Bromsgrove",,,1047,88,80,92,28.9,99.8,99,972,88,80,92,28.9,99.7,99,27,x,81,x,29.6,99.7,96,14,100,x,x,30.6,100.7,100,7,x,x,100,29.3,100.6,100,3,100,100,100,33,100.7,100,4,x,x,x,26.5,100.5,100,20,x,70,75,28.2,100.3,100
"F","West Midlands","47","Worcestershire","47UC","Malvern Hills",,,781,86,81,94,28.7,100.4,97,749,85,81,x,28.7,100.4,97,11,100,x,100,30.3,101,91,x,x,x,x,25,98,100,x,x,x,x,21,-,0,x,x,x,x,31,101,100,x,x,x,x,29,104,100,16,x,x,x,28.9,100.1,100
"F","West Midlands","47","Worcestershire","47UD","Redditch",,,977,78,70,86,27.1,99.1,97,863,78,70,86,27.2,99.1,98,x,x,x,x,27.3,99.2,97,43,65,65,81,26.4,98.4,84,19,x,x,x,26.9,100.9,89,6,100,100,100,30.7,99.7,100,x,x,x,x,33,100,100,12,x,x,x,26.8,99.8,100
"F","West Midlands","47","Worcestershire","47UE","Worcester",,,1054,79,78,89,27.9,100.1,96,977,80,78,89,28.1,100,97,22,x,86,x,28,100.6,91,39,54,x,82,25.3,100.9,85,x,x,x,x,32,-,0,4,x,100,x,28,100,50,x,x,x,x,29,116,50,8,50,x,x,22,100.8,100
"F","West Midlands","47","Worcestershire","47UF","Wychavon",,,1294,79,74,87,27.7,99.2,98,1258,79,74,88,27.7,99.2,98,14,71,71,71,26.3,99.5,86,6,x,x,x,24.3,98.8,83,0,.,.,.,.,.,.,x,x,x,x,31,104,100,x,x,x,x,33,100,100,x,x,x,x,27.7,99.9,100
"F","West Midlands","47","Worcestershire","47UG","Wyre Forest",,,1027,77,73,86,27.5,99.6,96,981,77,73,87,27.5,99.5,96,21,86,71,81,28.1,99.6,95,10,x,x,x,25.4,99.4,100,x,x,x,x,23,98,100,x,x,x,x,27,102,50,x,x,x,x,27,101,100,10,x,x,x,28.3,100.2,90
"G","East of England",,,"00JA","Peterborough",,,2150,76,74,86,27.4,99.6,95,1680,77,76,87,27.6,99.6,96,65,85,77,92,28.1,99.7,94,316,65,66,75,26,99.6,92,37,73,68,x,26.6,100.1,73,8,x,100,100,29.8,101.1,88,10,x,x,x,27.2,x,x,34,x,x,x,28,99.9,94
"G","East of England",,,"00KA","Luton",,,2562,76,70,83,27,99.7,94,1335,78,74,87,27.5,99.5,98,139,78,75,88,27.5,99,99,767,74,65,78,26.3,100.3,92,270,77,65,83,26.8,99.4,79,6,x,x,x,29,99.2,83,24,63,63,71,25.8,99.8,67,21,x,x,x,25.6,99.5,95
"G","East of England",,,"00KF","Southend-on-Sea",,,1884,79,77,87,28,99.8,97,1700,80,78,88,28,99.8,98,45,91,84,93,28.7,100,91,57,68,67,68,26.8,100,81,29,66,66,62,26.1,100.3,69,15,x,100,100,29.7,100.8,87,5,x,x,x,24.6,97.5,80,33,82,x,x,28.2,99.3,97
"G","East of England",,,"00KG","Thurrock",,,1906,75,71,84,27,99.7,97,1654,74,71,84,27,99.6,98,37,x,65,89,28,101,95,40,85,73,85,26.6,99.2,85,112,85,70,83,27.4,99.6,85,7,x,x,x,28.7,101.1,100,12,x,75,x,28.3,101.1,92,44,73,x,x,26.7,99.8,100
"G","East of England","09","Bedfordshire","09UC","Mid Bedfordshire",,,1466,85,82,93,28.7,99.8,97,1396,85,83,93,28.8,99.8,97,33,85,70,88,28.2,100.2,91,17,76,x,x,27.8,100.4,59,7,100,x,100,27.6,98.6,100,x,x,x,x,32,99,100,x,x,x,x,26,104,100,9,x,56,x,25.4,100.5,89
"G","East of England","09","Bedfordshire","09UD","Bedford",,,1684,76,74,87,27.5,99.4,95,1266,77,76,89,27.8,99.4,97,107,76,72,85,27.2,99.2,96,225,73,68,81,26.3,99.6,90,56,68,61,79,25.8,98.9,91,4,100,100,100,31.5,100.5,100,14,x,x,x,24.8,x,x,12,x,x,x,27.5,99.8,92
"G","East of England","09","Bedfordshire","09UE","South Bedfordshire",,,1417,80,76,86,27.7,99.4,98,1318,80,76,86,27.7,99.4,98,37,86,68,92,28.3,99.5,100,18,78,67,78,26.6,99.4,89,15,80,67,80,27,100.8,87,6,x,x,x,27.7,100.8,83,7,x,x,x,26.4,98.4,71,16,69,x,x,27,98.9,100
"G","East of England","12","Cambridgeshire","12UB","Cambridge",,,785,77,74,84,27.9,100.1,92,617,77,74,84,27.9,99.9,96,49,88,86,94,29,100.5,98,54,70,69,80,27,100.8,69,17,65,71,76,27.5,100.3,76,9,x,x,x,30.8,100,89,12,75,75,x,27,101,50,27,x,x,x,27.7,101.2,85
"G","East of England","12","Cambridgeshire","12UC","East Cambridgeshire",,,816,82,77,89,28.3,100.1,95,785,82,77,89,28.3,100,95,9,x,x,100,29,101,89,x,x,x,x,23,100,100,4,x,x,x,23.5,99,50,3,100,100,100,31,102.7,100,3,x,x,100,26.7,x,x,x,x,x,x,28.8,100.9,100
"G","East of England","12","Cambridgeshire","12UD","Fenland",,,1104,76,73,84,27.4,100,97,1058,76,73,84,27.3,99.9,98,19,84,68,x,28.7,101.5,100,6,x,x,100,29,102,67,13,54,62,69,25.9,x,x,x,x,x,x,23,-,0,3,100,100,100,28.3,x,x,x,x,x,x,27,98.7,100
"G","East of England","12","Cambridgeshire","12UE","Huntingdonshire",,,1880,83,80,89,28.3,99.8,97,1753,83,80,89,28.3,99.8,98,42,90,86,88,29.1,99.9,98,32,78,72,78,27.7,99.8,81,11,x,64,x,27,100,64,4,100,100,100,31,100,50,4,x,100,x,27,103,50,34,x,74,x,27.6,99.4,91
"G","East of England","12","Cambridgeshire","12UG","South Cambridgeshire",,,1595,84,82,91,28.8,100.4,95,1468,84,83,92,28.8,100.3,96,40,90,83,93,28.9,100.5,90,21,x,x,x,29.4,100.9,76,11,73,27,73,24.8,x,x,x,x,x,x,31.4,101.1,70,x,x,x,x,24.3,103,67,42,86,86,93,28.8,100.1,93
"G","East of England","22","Essex","22UB","Basildon",,,2223,75,70,82,27,99.2,97,2019,75,70,82,27,99.1,98,34,91,85,x,28.9,100.3,100,23,x,70,87,28.2,100.2,96,59,73,63,76,26.9,100,69,4,x,x,x,26.5,98.5,100,10,70,x,x,27.8,100.3,70,74,x,x,78,26,98.9,97
"G","East of England","22","Essex","22UC","Braintree",,,1592,80,78,88,27.8,99.8,98,1514,80,78,88,27.9,99.8,99,32,x,x,91,27.4,100.1,94,7,x,x,100,28.1,100.3,86,9,67,100,x,26.8,98.5,89,x,x,x,x,24,108,50,3,100,100,100,27.7,x,x,x,x,x,x,26.6,100.1,96
"G","East of England","22","Essex","22UD","Brentwood",,,810,89,83,92,29,99.8,96,676,89,84,92,29,99.9,97,x,x,x,x,28.8,100.9,95,8,100,x,100,29,99,100,6,x,x,x,27,101,100,5,100,100,100,31.4,100,60,x,x,x,x,26,100,50,94,87,81,x,28.8,99.5,98
"G","East of England","22","Essex","22UE","Castle Point",,,1075,80,76,88,27.6,99.2,99,995,80,77,88,27.7,99.1,99,8,x,x,x,27.3,99.7,88,x,x,x,x,30,102,100,8,100,x,100,29.5,98.9,88,4,100,100,100,29,99,100,x,x,x,x,27,103,100,56,x,70,x,27.2,99.6,98
"G","East of England","22","Essex","22UF","Chelmsford",,,1834,83,78,90,28.2,99.9,98,1673,83,78,90,28.3,99.9,99,47,87,70,83,27.7,99.2,96,x,x,x,x,27.5,100.3,83,27,74,63,81,26.9,100,67,5,x,x,x,29.4,98.5,80,x,x,x,x,31,100,50,45,71,x,80,26.6,99.2,98
"G","East of England","22","Essex","22UG","Colchester",,,1748,82,79,90,28.3,100.1,96,1614,82,79,90,28.4,100.1,97,34,x,x,x,29.5,100.6,88,23,x,78,x,29.3,101.1,70,10,60,50,x,25,100.3,70,x,x,x,x,20,100,50,x,x,x,x,28.5,x,x,51,78,73,90,27.1,100,100
"G","East of England","22","Essex","22UH","Epping Forest",,,1265,82,77,90,28,99.8,98,1138,81,77,90,28,99.8,99,43,81,77,x,28.1,99.3,95,29,x,90,x,28.7,100.7,93,22,82,59,82,27.1,98.7,95,3,x,100,x,29.7,100,100,8,x,x,x,27.5,100,63,22,82,x,x,28.2,100,95
"G","East of England","22","Essex","22UJ","Harlow",,,972,76,70,82,26.9,99.5,96,831,75,70,81,26.8,99.4,99,38,79,84,89,28.2,100.1,89,20,80,70,x,26.9,100.5,75,24,75,50,75,25.6,99.1,54,10,x,x,x,28,99.8,100,9,56,67,x,26.3,101.3,67,40,x,x,90,27,100.3,98
"G","East of England","22","Essex","22UK","Maldon",,,754,83,76,89,28.1,100.1,99,724,x,76,x,28.1,100.1,99,10,x,x,100,29.4,100.4,100,6,100,x,x,28.3,101,100,x,x,x,x,30,104,50,x,x,x,x,33,102,50,0,.,.,.,.,.,.,10,x,x,x,27.6,101.2,100
"G","East of England","22","Essex","22UL","Rochford",,,1030,84,82,92,28.6,99.7,99,968,83,82,x,28.5,99.6,99,21,x,x,x,30.1,100,95,x,x,x,x,27,102,100,x,x,x,x,29,100,100,5,100,100,100,32.2,103.6,100,x,x,x,x,29,-,0,30,x,x,100,28.9,100,100
"G","East of England","22","Essex","22UN","Tendring",,,1550,75,72,83,27.2,99.4,98,1401,75,72,83,27.2,99.3,98,x,x,x,x,26.3,98.4,100,5,x,x,100,28.6,99.3,60,x,x,x,x,23,99,100,6,x,x,x,25.7,98,83,x,x,x,x,33,100,100,112,71,74,89,27.2,99.8,99
"G","East of England","22","Essex","22UQ","Uttlesford",,,801,88,89,94,29.2,100.6,96,761,89,90,94,29.3,100.6,96,9,x,x,x,28.8,101.8,89,4,x,x,x,28,104,100,x,x,x,x,31,102,100,x,x,x,x,27,100,100,x,x,x,x,29,102,50,23,x,x,x,27.2,100.7,100
"G","East of England","26","Hertfordshire","26UB","Broxbourne",,,1059,80,78,87,27.8,99.9,98,928,79,78,88,27.8,99.8,99,39,87,74,79,27.9,100.1,100,16,81,81,x,29.4,101.5,81,35,80,66,83,26.3,99.3,89,6,x,100,100,30.3,102,100,4,x,x,x,24.5,100,50,31,x,x,x,28.8,101.2,100
"G","East of England","26","Hertfordshire","26UC","Dacorum",,,1547,84,79,91,28.5,100.1,97,1372,84,79,91,28.4,100.1,98,56,95,89,x,29.7,100.6,95,36,89,78,89,28.3,100.8,86,20,x,70,x,28,100.9,80,7,x,100,100,29.1,100.3,86,6,x,x,x,28,101.2,83,50,90,x,92,29.1,99.7,96
"G","East of England","26","Hertfordshire","26UD","East Hertfordshire",,,1614,88,84,93,29.1,100.3,97,1500,88,84,93,29.1,100.2,98,40,x,x,x,30.1,100.5,98,x,x,x,x,29.7,102.2,61,9,x,x,x,27.7,98.8,89,5,x,x,100,28.6,102.7,60,x,x,x,x,31,100,100,40,83,88,x,29.7,100.8,93
"G","East of England","26","Hertfordshire","26UE","Hertsmere",,,1046,83,78,88,28.4,99.8,96,874,83,78,89,28.4,99.7,97,53,85,83,91,28.7,99.7,98,37,84,76,84,28.5,100.5,81,44,89,x,84,27.8,100,77,8,x,x,x,29.5,100,100,6,x,x,100,28,100.4,83,24,x,83,x,29.1,101.2,96
"G","East of England","26","Hertfordshire","26UF","North Hertfordshire",,,1397,84,83,91,28.8,100.1,98,1233,84,83,91,28.8,100,98,53,87,85,91,28.8,100,98,52,85,81,90,28.7,100.5,94,19,74,68,79,27.3,100.2,89,4,100,100,100,32.5,101,100,3,100,100,100,28.3,100,67,33,91,76,91,28.2,100,97
"G","East of England","26","Hertfordshire","26UG","St Albans",,,1542,89,88,94,29.6,100.4,97,1322,91,89,95,29.8,100.4,98,70,86,79,90,28.9,100.7,97,87,77,76,86,27.4,100.9,91,23,x,83,x,27.8,100.2,83,6,100,100,100,32.7,102,100,12,x,x,x,29.3,99.6,92,22,x,x,x,28.5,99.8,95
"G","East of England","26","Hertfordshire","26UH","Stevenage",,,1051,78,77,88,27.7,99.6,97,891,78,78,89,27.8,99.6,99,38,76,71,84,27.4,99.7,89,45,80,62,80,26.3,100.5,78,26,85,x,81,27.6,98.9,65,4,100,x,100,30,101,100,3,x,100,100,26.3,103,67,44,x,80,84,27.9,99,95
"G","East of England","26","Hertfordshire","26UJ","Three Rivers",,,854,88,88,93,29.4,100.5,97,716,88,88,93,29.3,100.4,98,28,x,x,x,29.4,101.2,93,41,x,90,x,30.7,101.2,93,14,x,x,100,29.1,100.8,71,3,100,100,100,33,100.7,100,3,x,x,x,27.7,101,67,49,88,80,94,29.2,100.7,94
"G","East of England","26","Hertfordshire","26UK","Watford",,,971,85,76,89,28.3,100,94,615,86,77,91,28.5,99.9,98,61,x,75,x,28.6,99.8,95,165,78,69,80,27.2,100.2,83,37,89,x,x,28.6,100.6,78,5,100,100,100,31.8,101.6,100,7,x,x,100,29.9,101.3,86,81,86,75,90,28,99.8,100
"G","East of England","26","Hertfordshire","26UL","Welwyn Hatfield",,,1102,82,81,90,28.5,100.3,97,970,82,80,90,28.5,100.2,98,46,87,89,x,29.3,100.6,93,20,80,x,80,27.9,100.1,85,26,77,x,77,26.5,100.8,73,3,100,100,100,30.3,100,100,5,100,100,100,31.4,100,80,32,81,88,x,28.7,101,100
"G","East of England","33","Norfolk","33UB","Breckland",,,1413,75,71,84,27.2,99.2,95,1371,75,70,83,27.1,99.1,96,20,x,85,100,29.4,99.9,85,6,x,x,x,25,100,50,5,x,x,x,26.6,99.7,60,x,x,x,x,27,96,100,x,x,x,x,27,100,100,x,x,x,x,29.5,100,100
"G","East of England","33","Norfolk","33UC","Broadland",,,1353,84,81,92,28.5,99.5,98,1315,84,81,x,28.5,99.5,98,21,x,x,x,29.1,99.8,100,3,100,x,100,26.3,99,67,x,x,x,x,26,100,50,0,.,.,.,.,.,.,0,.,.,.,.,.,.,x,x,x,x,28.4,100,83
"G","East of England","33","Norfolk","33UD","Great Yarmouth",,,1175,71,68,82,26.8,99,97,1124,71,67,82,26.8,99,97,17,x,x,x,28.6,99.6,94,8,x,x,x,27.3,100.7,75,x,x,x,x,29,98,100,x,x,x,x,30,101,100,5,x,x,x,25,98,80,x,x,x,x,28.1,100.1,100
"G","East of England","33","Norfolk","33UE","King's Lynn and West Norfolk",,,1543,78,75,84,27.6,99.6,96,1487,78,75,84,27.5,99.6,97,23,87,70,x,28.7,100.1,96,10,x,x,x,27.8,x,x,x,x,x,x,28.5,103,50,5,100,100,100,31,99.6,100,x,x,x,x,23,-,0,11,x,73,73,29.4,99.6,82
"G","East of England","33","Norfolk","33UF","North Norfolk",,,900,77,73,86,27.4,99.3,97,883,x,73,86,27.4,99.2,97,8,x,x,x,27,98.7,75,x,x,x,x,21,-,0,0,.,.,.,.,.,.,x,x,x,x,30,99,100,0,.,.,.,.,.,.,x,x,x,x,29.7,100.3,100
"G","East of England","33","Norfolk","33UG","Norwich",,,1156,71,66,82,26.7,98.8,96,1062,70,65,82,26.6,98.8,98,30,x,80,87,29,99.4,93,21,57,67,x,26.1,101,76,18,72,44,72,25,x,x,x,x,x,x,29.7,100,67,x,x,x,x,28.4,99.6,56,13,x,x,x,28.8,99.3,92
"G","East of England","33","Norfolk","33UH","South Norfolk",,,1283,83,79,89,28.3,99.5,97,1238,83,79,89,28.3,99.5,98,15,x,x,x,29.3,100.2,80,6,x,100,x,29.7,99.3,50,x,x,x,x,23,100,100,x,x,x,x,25,102,100,6,100,100,100,29.7,101.5,67,x,x,x,x,27,98.9,94
"G","East of England","42","Suffolk","42UB","Babergh",,,922,80,77,89,28.1,99.7,98,895,80,77,89,28.1,99.7,98,14,71,x,x,28.3,100.7,100,x,x,x,x,24.3,99.3,100,x,x,x,x,26,98,50,x,x,x,x,31,100,100,0,.,.,.,.,.,.,7,100,x,x,28.1,99.4,100
"G","East of England","42","Suffolk","42UC","Forest Heath",,,449,76,73,88,27.4,99.5,96,420,76,73,x,27.5,99.6,97,11,x,x,x,27.2,98.8,91,x,x,x,x,25,100,100,x,x,x,x,31,100,100,x,x,x,x,23,-,0,x,x,x,x,24,96,50,13,69,x,x,26.8,99.2,92
"G","East of England","42","Suffolk","42UD","Ipswich",,,1431,76,71,84,27.2,99.2,98,1234,76,71,84,27.2,99.2,99,102,79,74,79,27.2,99,98,37,73,65,73,26.2,99.7,86,26,65,69,77,26.5,98.3,88,9,x,x,x,29.2,100.9,100,12,75,x,x,25.7,101.1,58,11,x,x,x,27.7,100.2,100
"G","East of England","42","Suffolk","42UE","Mid Suffolk",,,1074,84,80,92,28.4,99.5,97,1047,84,79,92,28.4,99.5,97,9,x,x,x,29,98.4,100,5,100,x,x,29,98,60,3,x,x,x,21.7,98,67,4,x,100,100,27.5,102.7,75,x,x,x,x,27,-,0,x,x,x,x,26.6,98.8,100
"G","East of England","42","Suffolk","42UF","St Edmundsbury",,,1161,83,74,86,27.9,99.3,96,1106,83,75,87,27.9,99.3,97,25,84,64,76,27.5,98.6,84,9,x,67,x,26.6,x,x,6,100,x,x,27,100,83,0,.,.,.,.,.,.,5,x,100,100,29,100.5,80,10,x,x,x,28,99.8,90
"G","East of England","42","Suffolk","42UG","Suffolk Coastal",,,1370,82,77,87,28,99.7,98,1328,82,76,87,28,99.7,98,17,76,x,82,27.7,98.9,100,11,x,x,x,27.9,100.4,91,0,.,.,.,.,.,.,5,x,100,x,28.2,103.5,80,0,.,.,.,.,.,.,9,x,x,x,28.6,100.4,100
"G","East of England","42","Suffolk","42UH","Waveney",,,1342,73,68,83,26.8,98.9,98,1302,73,67,83,26.8,98.9,98,17,x,82,x,28.2,98.9,88,x,x,x,x,29,99,100,5,x,x,x,26.2,x,x,x,x,x,x,30,100,100,x,x,x,x,17,92,100,13,x,x,x,27.8,100,100
"H","London",,,"00AA","City of London",,,16,x,75,x,27.4,100.3,88,6,x,x,100,26.3,100.3,100,x,x,x,x,32,101,100,x,x,x,x,24.6,98.7,60,x,x,x,x,29,102,100,0,.,.,.,.,.,.,0,.,.,.,.,.,.,0,.,.,.,.,.,.
"H","London",,,"00AB","Barking and Dagenham",,,2222,75,73,85,27.1,99.9,93,1485,72,73,85,27,99.8,97,95,77,72,84,27.5,99.7,96,174,80,76,86,27.4,100.2,89,426,79,70,85,27.2,100.2,80,8,100,100,100,29.3,101.5,100,21,x,76,x,26.5,100.9,81,13,x,69,x,27.5,100.3,92
"H","London",,,"00AC","Barnet",,,3311,86,82,89,28.6,100.6,91,1877,87,84,90,28.9,100.5,95,296,85,83,93,28.8,100.5,93,393,89,86,90,29,100.6,88,410,79,70,84,27,100.4,80,63,94,95,x,30.8,100.7,83,196,74,79,82,27.6,101.8,73,76,93,87,x,29.3,101,93
"H","London",,,"00AD","Bexley",,,2832,81,76,85,27.9,99.7,96,2298,80,75,85,27.8,99.7,98,92,88,78,88,28.4,99.4,93,104,87,84,88,28.8,100.4,93,240,88,77,88,27.9,100.3,79,27,x,x,x,29.9,101,96,32,x,63,x,26.9,100.1,94,39,69,x,82,27.1,100.1,92
"H","London",,,"00AE","Brent",,,2889,79,73,82,27.3,100.1,85,649,81,78,88,28.2,100.3,91,205,85,76,87,28.2,100,90,888,82,80,84,27.8,100.3,85,939,73,62,76,26,99.7,84,18,x,x,x,29.7,101.3,78,175,76,74,80,27,100.6,70,15,x,x,x,26.9,99.8,87
"H","London",,,"00AF","Bromley",,,3298,85,79,89,28.5,100.1,96,2747,86,80,90,28.6,100.1,97,171,86,81,91,28.6,100.3,95,85,85,80,87,28.9,100.8,79,172,78,67,79,26.6,99.6,85,18,100,x,x,30.7,100.1,89,35,80,74,91,28.7,100.9,86,70,84,x,x,27.9,100.5,94
"H","London",,,"00AG","Camden",,,1423,74,70,81,27.1,100.2,92,620,78,76,87,28,100.4,95,127,84,76,89,28,100.1,92,309,72,71,77,26.5,100.4,92,299,66,56,69,25.6,99.7,87,x,x,x,x,31.4,102.5,80,55,62,x,78,26.1,99.7,84,x,x,x,x,28.3,101,67
"H","London",,,"00AH","Croydon",,,3967,81,75,85,27.7,99.9,93,2031,82,77,87,28,99.8,97,336,79,74,86,27.7,99.8,93,463,87,84,86,28.6,100.6,82,996,77,66,80,26.7,99.6,89,19,100,x,100,29.9,101.7,95,79,77,75,85,27.7,100.1,86,43,72,x,81,27.2,99.8,88
"H","London",,,"00AJ","Ealing",,,3128,80,75,83,27.6,100.3,90,1120,82,80,87,28.2,100.3,94,217,80,74,82,27.6,100.1,96,869,83,78,84,27.9,100.3,88,603,75,65,77,26.2,100.1,87,16,100,100,100,31.8,100.3,88,268,72,71,77,26.6,100.7,80,35,83,77,91,27.6,100.2,100
"H","London",,,"00AK","Enfield",,,3470,79,72,83,27.5,100.2,92,2017,79,74,84,27.7,100.2,96,258,84,77,86,27.9,100.1,94,260,86,81,87,28.7,100.6,89,720,77,65,81,26.7,99.9,85,12,100,100,100,32.3,100.5,100,169,69,63,69,25.9,100.4,83,34,91,76,88,28.8,100.8,91
"H","London",,,"00AL","Greenwich",,,2621,75,71,82,27,100.3,91,1568,74,73,82,27.2,100.2,96,214,81,71,87,27.3,100.2,95,167,78,77,83,27,100.7,80,559,74,63,78,26.4,100.3,79,16,x,100,100,29.9,100.8,100,75,73,84,x,27.5,100.9,87,22,x,86,x,27.9,101.2,95
"H","London",,,"00AM","Hackney",,,2193,71,65,76,26.3,100,90,709,71,70,78,26.7,100.3,93,161,77,70,84,27.4,100,96,280,76,68,78,26.3,100.3,93,894,70,61,73,25.8,99.4,88,12,x,x,x,27.3,100.5,92,130,65,62,x,25.4,100.8,82,7,x,x,x,28.7,99.1,100
"H","London",,,"00AN","Hammersmith and Fulham",,,1153,82,75,86,27.8,100.3,89,480,83,78,88,28.2,100.4,93,116,87,76,90,28.2,100.3,96,71,x,76,x,27.8,100,76,362,79,71,84,27.2,99.9,88,3,100,100,100,33,101.3,100,106,80,75,87,27.4,100.9,77,15,x,80,x,28.2,101.5,100
"H","London",,,"00AP","Haringey",,,2403,74,69,79,26.8,100,89,959,76,75,82,27.6,100.3,91,209,x,74,x,27.9,100.2,94,187,82,76,81,27.3,100.4,90,827,71,60,75,25.8,99.3,87,13,100,100,100,30.8,101.5,100,189,57,59,x,24.7,100.3,84,19,x,79,x,28.8,100.6,95
"H","London",,,"00AQ","Harrow",,,2389,85,79,89,28.3,100.1,91,895,85,79,89,28.4,99.8,96,171,85,76,92,28.3,100.1,94,885,89,87,92,29,100.5,87,316,74,63,77,26.2,99.4,85,16,x,x,x,30.9,100,94,56,84,77,86,28.1,101.3,86,50,x,x,x,27.4,99.7,82
"H","London",,,"00AR","Havering",,,2816,84,80,90,28.4,100,97,2399,84,81,90,28.4,99.9,98,85,85,81,87,28.3,99.9,93,63,x,79,x,28.3,100.7,83,126,87,72,86,28,100.4,88,13,x,100,100,30.5,101.2,92,10,x,70,x,29.9,99.1,70,120,78,71,87,27.3,100,99
"H","London",,,"00AS","Hillingdon",,,2967,82,78,88,28.2,100.1,92,1875,83,79,89,28.3,100,97,196,82,74,87,28.2,100.2,90,563,83,81,87,28.2,100.2,83,193,78,68,76,26.7,100.2,75,19,x,x,x,30.5,100.7,95,74,x,73,82,27.6,101.4,78,47,87,x,x,28,100.5,100
"H","London",,,"00AT","Hounslow",,,2475,80,77,87,27.7,100.4,91,1118,77,74,85,27.4,100,96,170,86,82,92,28.6,100.4,94,734,86,84,90,28.6,100.8,90,208,71,61,77,26,100.5,78,15,x,x,x,29.8,101.6,93,187,76,79,89,27.5,101,73,43,x,x,x,26.5,100.5,100
"H","London",,,"00AU","Islington",,,1649,75,69,79,26.9,100.3,94,783,75,70,79,27,100.3,96,180,81,74,83,27.6,100.3,94,124,72,66,75,26.3,100.6,93,445,74,65,77,26.4,100.2,91,11,x,100,x,28.3,100.4,82,90,72,76,x,27.2,100.7,92,16,x,75,x,28.6,99.3,100
"H","London",,,"00AW","Kensington and Chelsea",,,661,x,79,x,28.1,101.1,89,237,x,x,91,28.5,101.1,92,83,86,88,92,28.8,101.7,82,x,x,x,x,28.5,100.8,89,159,79,70,86,27.3,100.6,92,x,x,x,x,33,100,100,135,80,80,89,27.7,101.3,85,x,x,x,x,28.2,101.7,83
"H","London",,,"00AX","Kingston upon Thames",,,1406,86,81,92,28.8,100.4,92,1030,86,81,93,28.8,100.2,97,72,92,x,92,29.6,100.5,96,169,86,82,87,28.7,100.8,78,37,78,62,84,26.8,100.1,84,13,100,x,100,31.8,101.5,62,74,x,85,85,28.8,102,61,11,x,x,100,29.4,100.2,91
"H","London",,,"00AY","Lambeth",,,2532,77,69,82,27.1,100.2,90,798,76,75,84,27.7,100.4,93,259,84,72,86,27.8,99.9,92,126,x,x,82,27.5,100.4,86,1237,76,63,80,26.5,100,88,20,x,85,x,28.7,100.1,95,78,83,68,x,26.8,100.3,78,14,x,x,x,29.3,100.5,93
"H","London",,,"00AZ","Lewisham",,,2883,77,70,83,27.1,100.3,91,1140,74,69,81,27.1,100.3,96,333,82,76,90,27.9,100.1,95,139,76,75,79,27.1,101.1,83,1131,79,68,83,26.9,100.2,86,34,x,88,100,30.1,100.9,94,55,78,84,80,27.7,101,84,51,x,71,82,27.4,99.9,96
"H","London",,,"00BA","Merton",,,1796,82,76,88,28,100.1,91,959,82,76,89,28.2,100,96,133,82,74,88,28.1,100.2,91,289,80,83,87,28.3,100.7,83,349,81,68,87,27,99.7,90,15,x,100,100,31.7,101.5,73,36,x,86,x,28.5,100.3,64,15,x,73,x,28.9,100.3,100
"H","London",,,"00BB","Newham",,,3553,76,72,84,27,100.2,88,676,70,70,82,26.7,100,91,204,79,75,88,27.4,100,93,1410,77,75,84,27.2,100.5,89,1038,76,70,83,26.7,99.9,85,25,84,x,x,29.2,101.7,92,156,79,71,85,27.4,100.6,74,44,77,x,x,27.3,100.1,84
"H","London",,,"00BC","Redbridge",,,3069,82,78,88,28.1,100.4,92,1176,81,79,89,28.2,100.5,97,212,86,79,90,28.4,100.1,93,1159,85,81,89,28.4,100.5,91,411,76,66,80,26.7,100,84,23,x,x,100,31.2,101,91,30,x,60,77,26.2,100.5,73,58,84,x,91,28.3,100.4,91
"H","London",,,"00BD","Richmond upon Thames",,,1446,89,86,93,29.5,100.5,93,1163,90,87,94,29.8,100.5,94,x,x,x,x,29.3,100.9,91,86,81,72,83,27.2,100.2,92,x,x,x,x,26.5,100,72,x,x,x,x,31,98.5,100,28,82,71,86,27.8,102,75,43,77,74,88,27.9,99.8,86
"H","London",,,"00BE","Southwark",,,2708,75,70,81,26.8,100.1,90,862,73,74,81,27.1,100.3,96,242,76,68,86,27.1,100.1,94,140,76,74,84,27.3,101,84,1275,75,66,79,26.3,99.7,87,42,83,90,x,28.8,101.2,95,114,72,75,76,26.9,101.1,76,33,91,79,x,28.3,100.2,97
"H","London",,,"00BF","Sutton",,,2112,83,79,89,28.3,100,95,1659,82,78,89,28.2,99.9,97,126,91,81,91,28.9,100.6,94,128,91,92,92,29.6,100.5,82,125,81,70,84,27.4,99.7,82,17,x,x,x,30.1,102.2,76,33,85,91,x,29.4,100.8,76,24,x,x,79,27.6,99.3,96
"H","London",,,"00BG","Tower Hamlets",,,2524,80,78,86,27.4,100.9,92,484,79,77,87,27.4,100.6,96,75,83,79,85,27.5,100.4,99,1672,80,78,86,27.4,101,92,214,79,71,86,26.9,100.5,88,24,x,x,x,29.8,101.9,83,48,75,x,x,28.2,101,77,7,x,x,x,26.7,99.1,100
"H","London",,,"00BH","Waltham Forest",,,2704,78,73,84,27.2,100,92,1121,79,75,87,27.7,100.2,96,224,85,79,91,28.4,100.1,94,625,76,71,78,26.6,99.8,91,638,74,67,81,26.5,99.6,89,10,100,100,100,31.2,100.2,90,71,x,89,89,27.6,100.9,75,15,x,67,80,27.9,100.1,100
"H","London",,,"00BJ","Wandsworth",,,1836,79,75,87,27.6,100.3,90,853,81,79,89,28.4,100.3,94,172,78,73,87,27.7,100.1,93,267,82,76,90,28,101.1,80,456,74,66,81,26.2,99.8,89,15,x,x,x,29.7,101.1,87,50,74,74,x,26.5,101.4,70,23,x,x,87,26.9,100.3,96
"H","London",,,"00BK","Westminster",,,1090,83,75,85,27.6,100.7,89,368,86,78,88,28.2,100.7,90,98,x,x,x,27.9,100,92,175,81,77,84,27.5,101.4,86,183,77,63,75,26.4,99.7,93,14,100,100,100,31.7,102.6,93,239,80,76,83,27.4,100.9,87,13,x,x,x,29.2,103.8,85
"J","South East",,,"00LC","Medway",,,3269,76,71,84,27.2,99.5,97,2890,75,71,84,27.2,99.4,97,118,79,78,85,27.8,100,95,116,87,68,82,27.7,99.7,90,50,78,64,78,26.4,99.9,72,6,100,x,100,29,100,100,10,x,70,70,26.8,98.9,70,79,x,x,85,27.4,99.5,96
"J","South East",,,"00MA","Bracknell Forest",,,1234,85,78,90,28.2,99.8,96,1116,84,78,89,28.3,99.8,97,37,92,84,x,28.4,99.8,92,x,x,x,x,27.2,100.3,61,17,x,71,x,28.2,100.5,76,x,x,x,x,33,100,100,5,100,x,100,29.4,102.5,80,22,x,x,x,28.1,99.3,100
"J","South East",,,"00MB","West Berkshire",,,1639,81,76,90,28.1,100,96,1513,80,76,90,28.1,100,97,37,86,78,92,28.6,100.3,95,15,x,x,x,28.9,100.4,93,6,x,x,x,25.3,99,67,6,x,x,x,28,100,67,4,100,x,100,28.5,100,75,58,81,72,78,27.7,100.3,95
"J","South East",,,"00MC","Reading",,,1428,76,72,85,27.3,99.8,93,950,77,74,86,27.5,99.7,97,100,77,73,84,27.4,99.7,99,144,68,60,77,25.7,100.1,81,109,81,74,89,27.3,99.9,66,6,100,100,100,30.3,100.7,50,7,x,100,100,29,x,x,112,x,67,80,26.9,99.8,96
"J","South East",,,"00MD","Slough",,,1534,78,73,83,27.4,99.5,91,644,77,75,87,27.7,99.4,97,90,72,63,79,26.6,98.6,96,601,81,76,83,27.6,99.7,91,146,75,64,77,26.4,100.1,68,5,100,100,100,32.2,100,80,25,80,76,76,26.8,100.6,56,23,52,48,57,23.7,97.4,96
"J","South East",,,"00ME","Windsor and Maidenhead",,,1264,84,81,90,28.5,99.9,95,1052,85,82,91,28.6,99.9,96,48,77,79,85,28.7,99.7,96,96,75,70,85,27,100,92,13,77,77,77,26.8,98.9,85,x,x,x,x,28,92,50,9,67,x,x,27.9,101.6,56,x,x,x,x,28.4,100.7,95
"J","South East",,,"00MF","Wokingham",,,1730,86,83,93,29,100,96,1511,86,84,93,29,100,96,61,85,77,92,28.6,100,92,86,94,86,92,29.5,100.5,93,25,84,72,x,28.7,100.7,84,8,100,100,100,32.3,103,100,9,56,56,x,25.8,97.4,78,30,77,70,87,27.7,99.6,93
"J","South East",,,"00MG","Milton Keynes",,,2818,77,72,86,27.5,99.9,94,2258,77,73,87,27.7,99.9,97,134,78,71,86,27.4,100.1,89,153,73,67,77,26.9,99.8,86,191,71,57,75,25.8,99.6,64,28,89,82,82,29.4,101.2,82,19,74,79,x,28,99.7,53,35,83,77,x,28.5,99.8,94
"J","South East",,,"00ML","Brighton and Hove",,,2235,81,77,88,28,100.1,96,1984,81,77,88,28,100.1,97,104,88,84,94,29.2,100.4,94,45,84,78,87,27.8,100.4,84,36,75,75,75,26.8,101.2,58,7,100,x,100,29.3,101.1,100,21,71,86,81,26.9,101.3,81,38,82,x,89,28.3,100.6,97
"J","South East",,,"00MR","Portsmouth",,,2084,74,67,81,26.9,99,96,1870,74,67,81,26.9,99,98,40,88,78,80,27.8,99.1,90,74,82,66,81,27.2,100.4,85,24,46,38,71,24.1,x,x,10,x,100,x,30,100,90,6,50,x,x,25.7,101.3,50,60,x,x,x,26.5,98.4,97
"J","South East",,,"00MS","Southampton",,,2290,75,71,84,27.2,99.6,96,1944,74,71,84,27.2,99.6,98,96,80,67,86,27.4,99.2,99,172,78,72,82,27.1,99.9,88,39,59,56,72,25.4,x,x,8,100,100,100,30.5,103.3,75,23,65,78,78,27.1,100.8,57,8,100,100,100,30,100.8,100
"J","South East",,,"00MW","Isle of Wight",,,1478,78,74,88,27.7,99.3,97,1362,78,74,88,27.6,99.2,98,18,x,83,x,30.1,100.7,100,x,x,x,x,29.3,x,x,4,x,x,100,29.5,101.5,100,x,x,x,x,31,104,100,x,x,x,x,25,98,100,84,81,x,x,27.7,100,96
"J","South East","11","Buckinghamshire","11UB","Aylesbury Vale",,,1942,81,78,89,28.5,99.7,95,1647,83,81,90,28.8,99.7,96,62,81,74,87,28.2,99.8,95,139,61,58,70,25.4,100,90,28,71,64,89,27.1,99.6,64,7,100,100,100,30.7,100.9,100,11,64,x,x,27.2,97.8,73,48,79,x,x,28.6,99.7,96
"J","South East","11","Buckinghamshire","11UC","Chiltern",,,995,89,87,93,29.7,100.5,95,865,89,88,94,29.8,100.4,96,42,93,83,x,29.9,101,93,x,x,x,x,27.7,100.7,87,x,x,x,x,30,102,50,6,100,100,100,32.3,101.3,100,3,100,100,100,33,101,67,31,x,x,x,28.9,101.4,90
"J","South East","11","Buckinghamshire","11UE","South Bucks",,,575,87,83,93,29.1,99.8,95,493,87,83,x,29.2,99.8,96,20,x,85,x,29.3,99.6,100,42,x,x,90,28.2,100.1,90,5,100,100,100,31.4,102,100,x,x,x,x,29,105,100,7,100,x,100,30.7,101,86,x,x,x,x,29.7,100,100
"J","South East","11","Buckinghamshire","11UF","Wycombe",,,1847,84,78,88,28.5,100,95,1375,87,82,91,29.1,100,96,90,87,69,82,27.3,99.5,94,273,70,61,70,26,99.9,93,61,75,64,x,26.7,99.2,79,5,100,100,100,31.8,x,x,9,x,67,x,27.9,100.4,56,34,x,76,x,29,99.8,97
"J","South East","21","East Sussex","21UC","Eastbourne",,,1017,74,68,84,27,99.8,95,900,74,69,84,27,99.8,97,34,82,71,85,27.5,100.3,94,20,80,60,x,27.4,102,55,6,x,x,x,25.7,-,0,x,x,x,x,31,99,100,10,50,70,60,24.2,102,60,x,x,x,x,27,98.9,100
"J","South East","21","East Sussex","21UD","Hastings",,,1015,68,66,78,26.4,99.9,96,909,69,66,78,26.5,99.9,97,36,64,75,83,27.5,100.1,92,10,x,70,x,28.6,100.8,50,9,44,56,x,24.3,x,x,3,100,100,100,29,104,100,x,x,x,x,24,98,50,x,x,x,x,25.3,100.4,98
"J","South East","21","East Sussex","21UF","Lewes",,,958,80,78,90,28.1,99.9,97,868,80,78,90,28.1,99.8,97,28,86,75,x,28.2,99.7,89,7,x,x,100,27.6,100.7,86,7,x,x,x,26.4,100,57,4,100,100,100,31.5,100,100,0,.,.,.,.,.,.,44,x,x,x,28.9,100.5,98
"J","South East","21","East Sussex","21UG","Rother",,,882,81,74,89,27.8,99.9,96,832,82,74,89,27.8,99.9,96,17,76,59,76,27.1,99.8,94,3,100,100,100,28.3,101,67,x,x,x,x,29,100,50,x,x,x,x,25,100,100,x,x,x,x,26,104,50,25,x,x,x,27.2,99.8,100
"J","South East","21","East Sussex","21UH","Wealden",,,1511,84,81,93,28.5,100.1,97,1410,85,80,93,28.5,100.2,97,28,86,86,89,28.4,99.9,93,8,63,63,x,27.9,100.7,75,0,.,.,.,.,.,.,4,x,x,x,25,99.5,100,3,100,100,100,29,x,x,58,x,x,x,27.9,99.9,100
"J","South East","24","Hampshire","24UB","Basingstoke and Deane",,,1861,81,78,90,28.3,99.7,97,1710,81,79,90,28.3,99.6,98,40,x,90,93,29.7,99.9,98,32,88,72,84,28,101.7,72,18,72,x,78,26,101,67,11,73,100,x,28.5,100.9,64,8,x,x,x,26.5,99.2,63,42,x,64,x,27.1,100,90
"J","South East","24","Hampshire","24UC","East Hampshire",,,1255,82,77,90,28.4,99.5,97,1142,82,77,90,28.5,99.5,97,22,82,73,x,28.3,98.6,86,3,x,x,x,25.7,97,67,3,x,x,x,27.7,x,x,x,x,x,x,33,104,100,x,x,x,x,23.5,x,x,80,81,76,91,27.2,99.7,98
"J","South East","24","Hampshire","24UD","Eastleigh",,,1399,83,80,92,28.5,100.2,98,1319,84,80,92,28.6,100.3,98,15,80,73,x,29.1,100.7,93,21,76,71,71,26.4,98.5,81,3,x,x,100,25.7,101,67,4,x,100,100,31,102,100,5,x,0,x,23.8,98,80,32,75,x,x,27.8,100,100
"J","South East","24","Hampshire","24UE","Fareham",,,1213,83,82,93,28.6,99.6,97,1160,84,82,x,28.6,99.6,97,25,76,76,x,27.9,99.9,84,x,x,x,x,29,101,100,x,x,x,x,29,103,100,3,100,100,100,30.3,100,100,0,.,.,.,.,.,.,19,x,x,x,28.3,98.8,89
"J","South East","24","Hampshire","24UF","Gosport",,,958,73,68,84,26.7,98.9,96,908,73,67,84,26.6,98.9,97,8,x,63,x,26.3,99.2,63,x,x,x,x,23.7,101.3,100,x,x,x,x,27,102,100,3,100,100,100,30.3,100.7,100,4,x,x,100,26.5,-,0,x,x,x,x,27.6,99.1,94
"J","South East","24","Hampshire","24UG","Hart",,,972,88,84,94,29.3,100.1,95,901,88,83,94,29.3,100.1,95,26,81,88,100,29.7,100,96,13,x,x,x,28.5,100.9,69,x,x,x,x,33,100,100,4,x,x,x,27,100.7,75,x,x,x,x,30,100,100,x,x,x,x,29.8,99.9,88
"J","South East","24","Hampshire","24UH","Havant",,,1302,74,69,84,27.1,99.1,98,1251,75,69,84,27.2,99.1,98,8,x,63,x,28.5,99.3,100,3,x,x,x,25.7,100,100,0,.,.,.,.,.,.,x,x,x,x,29,101,100,x,x,x,x,27,100,100,x,x,x,x,25.3,98.4,100
"J","South East","24","Hampshire","24UJ","New Forest",,,1764,83,78,91,28.3,99.8,97,1671,83,79,91,28.4,99.8,97,29,90,x,100,29.7,100.7,97,8,x,50,x,25.8,x,x,3,100,x,100,29,101,67,x,x,x,x,28,100,100,x,x,x,x,20,-,0,49,71,63,x,26.5,99.1,98
"J","South East","24","Hampshire","24UL","Rushmoor",,,1050,77,72,86,27.6,99.6,92,915,77,73,87,27.7,99.6,96,30,83,77,x,27.8,100,87,49,71,53,67,26.1,x,x,13,69,x,69,24.5,98.5,62,3,100,100,100,32.3,100,100,8,x,x,x,26.8,x,x,32,x,69,x,26.9,98.6,94
"J","South East","24","Hampshire","24UN","Test Valley",,,1307,84,79,91,28.5,99.8,96,1199,85,79,91,28.5,99.8,96,23,78,78,x,28.6,99.5,96,15,80,x,x,28.7,100,80,x,x,x,x,21,-,0,x,x,x,x,29,100,100,4,x,x,100,27.5,100.5,100,x,x,x,x,27.2,98.9,98
"J","South East","24","Hampshire","24UP","Winchester",,,1049,86,80,90,28.9,99.6,94,993,86,80,90,29,99.6,95,24,88,79,x,28.9,100.3,75,x,x,x,x,25,99.6,50,x,x,x,x,21,96,100,x,x,x,x,26,102,50,0,.,.,.,.,.,.,19,x,x,x,27.8,99,84
"J","South East","29","Kent","29UB","Ashford",,,1379,76,70,83,27.2,99.4,96,1226,76,71,83,27.2,99.3,97,31,68,61,77,26.7,99.3,84,x,x,x,x,27.7,100.4,52,24,88,75,88,27.4,99.9,58,x,x,x,x,33,-,0,10,40,40,40,23.8,99.2,50,66,x,x,x,27.2,99.6,100
"J","South East","29","Kent","29UC","Canterbury",,,1422,77,71,84,27.5,99.7,96,1333,77,72,85,27.5,99.7,97,39,79,74,79,28.2,100,90,9,56,56,56,24.9,x,x,10,60,60,70,25.8,102.6,70,4,100,100,100,32,102.7,75,3,x,x,x,27.7,100.7,100,24,x,x,x,26.9,99.7,96
"J","South East","29","Kent","29UD","Dartford",,,1158,80,75,86,27.8,100,96,988,79,74,86,27.7,99.9,97,28,75,75,82,27.3,100,93,40,88,80,80,28.7,101.7,88,41,x,83,x,28.4,100.1,83,8,x,x,x,30.3,101.1,88,13,x,x,x,29.6,100.6,77,40,68,x,88,26.2,100.2,100
"J","South East","29","Kent","29UE","Dover",,,1213,74,70,84,27,99.6,97,1165,74,70,84,27,99.6,98,19,74,84,x,27.4,99.7,100,5,x,x,x,26.2,100,100,3,100,x,x,27.7,-,0,3,100,100,100,29.7,102,100,0,.,.,.,.,.,.,18,x,x,78,27.3,98.8,83
"J","South East","29","Kent","29UG","Gravesham",,,1197,77,72,83,27.5,99.5,97,983,77,72,84,27.4,99.4,99,28,89,86,89,29.7,100.6,89,112,79,76,79,27.4,100.3,95,29,79,69,79,27.6,100.4,83,3,100,100,100,31,104,67,8,100,100,100,29.8,101.2,63,34,47,53,76,25.1,99.3,97
"J","South East","29","Kent","29UH","Maidstone",,,1598,79,73,84,27.7,99.8,97,1447,79,73,85,27.7,99.8,97,35,77,66,83,27.1,99.4,97,22,82,77,82,28.9,100.3,68,4,100,100,100,28,100,50,5,x,x,x,27,101.3,60,7,x,x,x,25,x,x,78,x,77,x,27.7,100.3,99
"J","South East","29","Kent","29UK","Sevenoaks",,,1187,82,78,88,28.3,100.1,96,1072,80,76,87,28.2,100.1,96,27,x,85,100,30,100.3,85,4,100,100,100,29.5,98,50,15,100,x,100,29.9,100.3,80,x,x,x,x,33,100,100,4,100,100,100,29.5,102,75,x,x,x,x,29.2,100.2,98
"J","South East","29","Kent","29UL","Shepway",,,1182,75,73,83,27.2,99.3,96,1105,75,72,84,27.2,99.3,98,18,78,83,83,28.5,100.4,94,30,77,83,83,26.8,x,x,x,x,x,x,27,-,0,3,x,100,100,29,100.7,100,4,x,x,x,22.5,-,0,x,x,x,x,25.4,98.1,90
"J","South East","29","Kent","29UM","Swale",,,1646,71,67,83,26.7,99.6,97,1554,70,67,82,26.6,99.6,98,27,81,70,x,28.1,100.7,96,5,x,x,x,25,101,80,11,64,55,x,27.2,98.8,73,5,100,x,100,30.2,100.7,60,0,.,.,.,.,.,.,44,x,x,91,29.1,100,95
"J","South East","29","Kent","29UN","Thanet",,,1501,71,64,74,26.4,99.1,96,1403,71,64,75,26.4,99.1,97,29,79,66,83,26.9,98.8,90,12,x,58,67,26.8,100.3,67,8,50,63,63,23.8,98.3,75,5,x,100,x,27.4,104,60,10,60,60,50,26.6,98.9,70,34,x,62,x,25.5,99.7,97
"J","South East","29","Kent","29UP","Tonbridge and Malling",,,1359,80,77,89,28.3,99.9,97,1261,81,77,89,28.3,99.9,98,29,79,72,x,28,99.9,100,8,x,x,100,29,101,75,4,x,x,x,27,99.3,75,x,x,x,x,29,98,100,3,100,100,100,29,-,0,x,x,x,x,27.2,99.5,91
"J","South East","29","Kent","29UQ","Tunbridge Wells",,,1079,80,75,85,28.1,100,96,996,80,75,85,28.1,100,97,22,86,82,82,28.5,100,95,9,x,x,x,27.4,101.6,56,4,100,x,x,29,103,50,3,100,100,100,31.7,100,67,5,x,x,x,27.4,x,x,40,x,65,83,27.5,100.3,95
"J","South East","38","Oxfordshire","38UB","Cherwell",,,1483,81,76,88,27.9,100,96,1376,81,77,89,28,100,97,36,83,72,86,27.5,99.8,92,34,79,56,65,25.6,99.2,85,10,60,40,x,25,99.7,60,5,x,x,x,31.2,101,80,4,x,x,x,26.5,101,100,18,x,x,100,29.7,101.4,94
"J","South East","38","Oxfordshire","38UC","Oxford",,,1078,74,67,79,26.9,99.7,91,758,74,68,80,27.1,99.6,95,82,79,76,88,28,100.1,91,128,77,59,72,26,99.6,88,74,68,51,62,25.7,99.4,70,11,100,100,100,31.5,103.1,64,12,58,x,75,25.8,x,x,13,62,x,69,25.5,101.3,85
"J","South East","38","Oxfordshire","38UD","South Oxfordshire",,,1335,83,79,90,28.4,100.2,96,1258,82,78,90,28.4,100.1,97,31,x,84,100,28.6,99.6,87,14,x,x,x,29.1,101,100,4,x,x,x,24.5,99,50,x,x,x,x,29,100,100,x,x,x,x,30,102,50,24,88,x,x,28.9,101.3,100
"J","South East","38","Oxfordshire","38UE","Vale of White Horse",,,1216,81,80,90,28.5,100.2,94,1119,80,80,90,28.4,100.2,95,31,x,87,87,29.8,99.8,81,12,100,100,100,30.8,100.9,75,x,x,x,x,23,96,50,6,100,100,100,32,100,100,x,x,x,x,29,-,0,43,x,x,x,28.3,100.4,100
"J","South East","38","Oxfordshire","38UF","West Oxfordshire",,,1098,82,79,90,28.2,100,96,1057,82,79,90,28.2,100,97,11,73,x,100,29.2,100.9,82,7,x,x,x,28.1,x,x,x,x,x,x,17,100,100,x,x,x,x,27,102,100,3,100,x,x,25.7,100,67,x,x,x,x,27.8,100.2,100
"J","South East","43","Surrey","43UB","Elmbridge",,,1056,86,79,90,28.7,99.8,94,923,86,78,90,28.7,99.8,94,42,83,86,86,28.9,99.5,90,28,71,71,79,26.8,100.3,86,5,100,100,100,29.4,99,80,8,100,100,100,31.3,101.3,100,4,x,x,x,27,98,75,46,x,x,x,28.8,100.4,96
"J","South East","43","Surrey","43UC","Epsom and Ewell",,,790,88,80,92,29.1,100.1,95,668,87,79,92,28.9,99.9,97,30,x,83,87,29.6,100.6,97,59,x,86,95,30.2,101.2,80,9,x,x,x,28.6,100.6,78,4,x,x,x,28,101,100,5,100,x,100,31,102,60,15,x,100,x,30,100.3,100
"J","South East","43","Surrey","43UD","Guildford",,,1178,83,77,89,28.4,99.7,94,1101,83,77,89,28.4,99.7,95,24,79,75,83,27.5,98.9,83,30,x,80,x,27.7,100,53,4,x,x,x,26,100.7,75,11,x,x,x,30.3,100.8,73,4,x,x,x,27,102,50,4,x,100,100,29,99.5,100
"J","South East","43","Surrey","43UE","Mole Valley",,,802,85,79,90,29.1,99.9,95,757,86,80,91,29.2,99.9,95,14,x,x,x,28.7,101.1,93,5,x,x,100,29.8,100.5,80,x,x,x,x,23,102,50,0,.,.,.,.,.,.,0,.,.,.,.,.,.,x,x,x,x,26,99,100
"J","South East","43","Surrey","43UF","Reigate and Banstead",,,1332,80,78,89,28.1,99.6,96,1191,80,78,89,28,99.6,97,46,85,80,89,28.5,99,91,44,86,75,91,28.9,99.9,84,15,x,80,x,27.9,99.8,60,5,x,x,x,31.5,103.3,60,9,100,x,100,31.4,100.3,89,22,x,x,x,26.8,99,100
"J","South East","43","Surrey","43UG","Runnymede",,,697,85,81,91,28.6,100.1,96,621,85,81,91,28.6,100.2,96,17,x,x,x,29.8,98.8,100,24,83,79,x,28.1,101.2,83,3,x,100,100,26.3,99,67,x,x,x,x,27,100,100,3,x,x,x,26.3,x,x,x,x,x,x,28.3,98.8,100
"J","South East","43","Surrey","43UH","Spelthorne",,,1032,82,76,87,27.9,99.7,97,916,82,75,87,27.9,99.6,98,29,76,76,90,28.3,99.7,97,39,79,72,82,27.3,99.9,77,14,x,x,100,28.1,100.5,79,4,x,x,x,26.5,101.5,100,6,50,x,x,23.8,100.8,67,24,x,88,x,29.6,100.8,100
"J","South East","43","Surrey","43UJ","Surrey Heath",,,913,87,84,92,29.1,99.9,95,821,88,85,92,29.2,99.9,97,29,x,86,x,30,100,90,32,66,63,75,26.4,99.6,53,7,100,x,100,29.9,103.5,57,6,x,x,100,29.7,100,50,5,x,x,x,29.1,100.7,60,13,69,77,x,27.2,100.5,100
"J","South East","43","Surrey","43UK","Tandridge",,,764,85,76,88,28.2,99.5,96,701,84,76,88,28.2,99.5,96,29,x,86,x,29.1,99.8,97,8,x,x,x,29.3,99.5,100,8,x,38,x,24,98.3,88,0,.,.,.,.,.,.,0,.,.,.,.,.,.,18,100,x,100,28.7,100.4,94
"J","South East","43","Surrey","43UL","Waverley",,,1095,85,82,91,28.9,100,95,994,85,82,91,28.9,100,96,26,x,85,100,29.6,98.9,85,14,x,x,x,28.1,101.6,71,6,x,x,x,26.3,100,67,x,x,x,x,15,100,100,3,100,x,x,29.7,100,100,x,x,x,x,27.7,100.1,96
"J","South East","43","Surrey","43UM","Woking",,,898,86,80,89,28.7,100,96,723,87,82,91,28.9,100,98,30,x,90,90,29.9,101.1,93,108,77,70,78,27.2,99.4,89,6,50,x,x,24,100,50,3,100,100,100,32.3,104,100,4,x,x,x,26,103.3,75,24,x,71,x,27.6,100.1,96
"J","South East","45","West Sussex","45UB","Adur",,,689,77,66,85,27,99.1,97,603,77,66,85,27,99,97,19,100,84,100,29.6,100.2,95,5,100,100,x,27.8,99.2,100,x,x,x,x,26,101,100,x,x,x,x,28,99,100,x,x,x,x,31,106,100,56,68,x,x,26.1,99,98
"J","South East","45","West Sussex","45UC","Arun",,,1485,76,70,86,27.3,99.2,97,1311,76,70,86,27.3,99.2,97,22,x,73,x,27.9,99.7,86,x,x,x,x,25.2,98.4,56,x,x,x,x,33,100,100,3,100,x,100,28.3,97,67,7,x,x,100,26.4,98.3,86,131,73,x,x,26.9,99.4,98
"J","South East","45","West Sussex","45UD","Chichester",,,1005,81,75,88,27.9,99.4,96,893,82,75,88,28,99.4,97,12,75,67,x,26.2,100,92,4,x,x,x,23,99,50,x,x,x,x,27.5,99.5,100,0,.,.,.,.,.,.,x,x,x,x,31,100,50,90,x,73,88,27.6,99.7,97
"J","South East","45","West Sussex","45UE","Crawley",,,1136,75,72,85,27.1,99.2,96,854,76,73,87,27.3,99.3,98,52,75,83,90,27.8,99,83,133,71,67,75,26.3,98.8,92,18,44,39,72,24.2,99.7,72,x,x,x,x,30,102,50,x,x,x,x,27.7,99.3,100,74,x,x,x,26.3,99.3,97
"J","South East","45","West Sussex","45UF","Horsham",,,1378,86,84,93,29,99.8,96,1227,86,85,93,29,99.8,97,31,84,74,x,29.4,100.5,84,x,x,x,x,29.8,100.8,88,6,x,x,x,24.3,98.7,50,5,x,x,100,28.2,102,60,x,x,x,x,32,100,50,90,x,82,88,28.1,100.1,98
"J","South East","45","West Sussex","45UG","Mid Sussex",,,1402,86,81,93,28.6,99.7,96,1238,86,82,93,28.7,99.7,97,45,x,82,x,29.7,99.8,91,18,x,72,x,27.9,100.7,50,6,x,50,50,24.7,98.4,83,x,x,x,x,29,x,x,x,x,x,x,33,100,100,90,74,74,x,27.3,99.4,99
"J","South East","45","West Sussex","45UH","Worthing",,,1061,80,74,88,27.9,99.4,96,955,79,74,89,27.9,99.4,97,25,84,76,x,28.3,99.4,96,x,x,x,x,28.7,99.5,79,5,x,x,x,26.6,x,x,x,x,x,x,27,102,100,5,100,100,100,31.8,x,x,56,x,x,86,27.6,100,98
"K","South West",,,"00HA","Bath and North East Somerset",,,1724,82,81,90,28.4,99.7,97,1612,83,81,90,28.4,99.7,98,46,87,x,89,29.5,99.7,89,18,56,72,78,26.7,100.4,56,8,50,38,x,20.9,101.5,50,7,x,100,x,29,101,86,x,x,x,x,28,-,0,x,x,x,x,29,100,84
"K","South West",,,"00HB","Bristol, City of",,,3886,74,70,83,27.1,99.5,95,3179,75,73,85,27.4,99.5,98,221,75,72,84,27.4,99.6,96,191,71,60,71,25.8,99.5,81,255,55,46,64,24.1,99.4,69,11,x,100,100,31,101.1,100,16,x,x,x,27.3,100.2,56,13,x,x,x,26.7,100.2,100
"K","South West",,,"00HC","North Somerset",,,2204,83,79,91,28.2,99.9,98,2050,83,79,91,28.3,99.9,98,38,89,84,x,29.1,100.4,97,11,x,x,x,28.5,99.8,91,x,x,x,x,27,102,50,x,x,x,x,30,104,100,x,x,x,x,25,100,100,100,x,71,x,27.6,99.9,94
"K","South West",,,"00HD","South Gloucestershire",,,3260,83,77,89,28.2,99.9,97,3113,83,77,89,28.2,99.9,98,52,77,67,90,27.5,100.2,100,38,79,68,76,27.4,99.4,76,21,71,52,x,26.4,99.5,71,9,100,100,100,31,99.8,89,9,x,56,x,26.3,100.4,56,18,x,83,x,29.6,99.8,94
"K","South West",,,"00HG","Plymouth",,,2798,76,75,86,27.5,99.8,96,2665,76,75,87,27.5,99.8,97,36,83,81,x,28.7,99.9,92,17,59,53,82,25.8,100.4,53,14,64,43,64,24.9,x,x,11,x,73,100,28.3,101.8,82,13,69,x,100,27.8,x,x,42,x,x,x,26.4,100,95
"K","South West",,,"00HH","Torbay",,,1455,78,74,85,27.6,99.6,97,1409,78,74,86,27.6,99.6,97,24,75,71,x,26.7,100.1,83,6,x,x,x,27,102,83,x,x,x,x,23,98,100,4,x,x,x,25.5,102,100,x,x,x,x,27,106,50,x,x,x,x,28.8,100.2,100
"K","South West",,,"00HN","Bournemouth",,,1442,79,75,86,27.8,99.5,95,1340,78,75,86,27.8,99.5,97,45,89,84,89,29,99.6,91,32,x,72,x,27.1,100,59,8,x,x,x,27.5,98.8,63,3,100,100,100,30.3,102.7,100,7,x,100,x,29.9,102,71,7,100,x,100,28.7,100,86
"K","South West",,,"00HP","Poole",,,1432,83,77,90,28.2,99.9,97,1319,83,77,90,28.2,99.9,98,21,x,x,x,28.6,99.6,86,15,x,x,x,29.8,101.6,67,x,x,x,x,28,102,100,x,x,x,x,27.7,100.4,83,x,x,x,x,29,100,100,68,74,71,79,26.9,99.8,100
"K","South West",,,"00HX","Swindon",,,2403,78,77,88,27.9,100,96,2129,80,78,89,28.1,100,98,57,74,67,81,27.2,99.2,93,106,66,66,74,26.1,100.1,67,35,74,51,80,26,100.8,71,8,x,x,x,28.3,100.6,88,10,70,x,x,28.6,103.1,70,58,x,x,x,26.2,99.9,91
"K","South West","15","Cornwall and Isles of Scilly","15UB","Caradon",,,936,80,75,89,28,100.1,97,908,80,76,x,28,100.1,97,7,x,x,x,27.6,101.2,71,0,.,.,.,.,.,.,x,x,x,x,19,-,0,x,x,x,x,27,99,100,0,.,.,.,.,.,.,x,x,x,x,27.7,100.2,100
"K","South West","15","Cornwall and Isles of Scilly","15UC","Carrick",,,935,81,76,85,27.9,99.8,96,872,81,76,85,27.9,99.8,96,13,77,77,77,26.7,99.5,92,7,57,x,x,26.7,98.4,71,0,.,.,.,.,.,.,0,.,.,.,.,.,.,3,x,100,100,29.7,103,67,40,x,x,x,29.1,100.7,98
"K","South West","15","Cornwall and Isles of Scilly","15UD","Kerrier",,,1027,76,73,85,27.4,99.9,98,969,77,73,85,27.4,99.9,98,12,x,x,x,28.6,101.6,83,3,x,0,x,23,96,67,0,.,.,.,.,.,.,x,x,x,x,25,101,100,0,.,.,.,.,.,.,x,x,x,x,27.5,100.7,100
"K","South West","15","Cornwall and Isles of Scilly","15UE","North Cornwall",,,996,77,75,86,27.4,99.6,96,934,77,76,86,27.4,99.6,97,3,x,100,100,27,97.3,100,0,.,.,.,.,.,.,0,.,.,.,.,.,.,0,.,.,.,.,.,.,6,x,x,x,25.3,98.5,67,53,x,x,x,26.5,99.5,96
"K","South West","15","Cornwall and Isles of Scilly","15UF","Penwith",,,659,79,74,86,27.6,99.9,96,636,79,74,x,27.6,99.9,97,9,x,x,100,28.6,100.5,89,0,.,.,.,.,.,.,0,.,.,.,.,.,.,0,.,.,.,.,.,.,0,.,.,.,.,.,.,14,x,x,x,28.1,100.3,93
"K","South West","15","Cornwall and Isles of Scilly","15UG","Restormel",,,1091,78,77,89,27.6,99.6,97,1003,79,77,88,27.6,99.6,97,x,x,x,x,29.9,100.7,100,x,x,x,x,31,-,0,0,.,.,.,.,.,.,0,.,.,.,.,.,.,0,.,.,.,.,.,.,76,68,x,91,27,99.5,99
"K","South West","15","Cornwall and Isles of Scilly","15UH","Isles of Scilly",,,21,86,76,x,27.6,99.6,100,21,86,76,x,27.6,99.6,100,0,.,.,.,.,.,.,0,.,.,.,.,.,.,0,.,.,.,.,.,.,0,.,.,.,.,.,.,0,.,.,.,.,.,.,0,.,.,.,.,.,.
"K","South West","18","Devon","18UB","East Devon",,,1336,82,79,91,28.5,100.1,96,1297,82,79,91,28.5,100,96,15,x,x,x,31.2,101.2,87,x,x,x,x,27,98,100,x,x,x,x,27,96,100,3,100,100,x,28.3,100.7,100,0,.,.,.,.,.,.,x,x,x,x,28.6,100.8,84
"K","South West","18","Devon","18UC","Exeter",,,1028,77,71,84,27.3,99.6,96,981,77,71,84,27.3,99.6,97,17,x,x,x,27.9,99.1,94,6,x,x,x,29,100,83,5,x,x,100,26.6,x,x,x,x,x,x,33,101,100,13,x,69,x,27.8,x,x,x,x,x,x,20.3,99.3,75
"K","South West","18","Devon","18UD","Mid Devon",,,843,81,79,89,28,100.2,96,818,81,79,x,28,100.1,96,8,x,x,x,28.3,100.5,100,x,x,x,x,31,100,100,0,.,.,.,.,.,.,x,x,x,x,33,100,100,0,.,.,.,.,.,.,x,x,x,x,28.3,100.8,93
"K","South West","18","Devon","18UE","North Devon",,,1052,82,79,92,28.2,99.8,98,1017,82,79,92,28.1,99.8,98,10,70,x,x,28.9,99.9,100,x,x,x,x,23,104,100,0,.,.,.,.,.,.,3,100,100,100,29.7,100,67,0,.,.,.,.,.,.,x,x,x,x,28.7,99.4,100
"K","South West","18","Devon","18UG","South Hams",,,867,84,78,91,28.3,100.3,97,829,83,78,x,28.4,100.3,98,12,x,x,100,28.2,100.5,92,0,.,.,.,.,.,.,0,.,.,.,.,.,.,x,x,x,x,30,101,100,x,x,x,x,27.7,-,0,21,x,x,x,27.7,99.6,100
"K","South West","18","Devon","18UH","Teignbridge",,,1330,78,77,88,28,100,97,1292,78,77,x,28,100,98,16,x,x,x,29.8,101.3,88,x,x,x,x,31,-,0,0,.,.,.,.,.,.,x,x,x,x,33,100,100,6,x,x,100,26.3,99.6,83,x,x,x,x,29.6,100.3,100
"K","South West","18","Devon","18UK","Torridge",,,653,75,72,85,27.3,99.9,97,643,x,x,85,27.3,99.9,97,5,100,x,100,30.2,100.5,80,x,x,x,x,31,98,100,x,x,x,x,25.8,99.5,100,0,.,.,.,.,.,.,0,.,.,.,.,.,.,x,x,x,x,27,99,100
"K","South West","18","Devon","18UL","West Devon",,,522,83,80,91,28.4,99.7,98,509,x,x,x,28.5,99.8,98,5,x,100,x,30.2,100,100,0,.,.,.,.,.,.,0,.,.,.,.,.,.,0,.,.,.,.,.,.,x,x,x,x,33,102,100,x,x,x,x,26.1,98.6,100
"K","South West","19","Dorset","19UC","Christchurch",,,469,81,75,89,28.1,100.1,98,456,x,x,x,28.1,100.1,98,6,x,x,100,30.3,99.7,100,x,x,x,x,24,99,100,0,.,.,.,.,.,.,x,x,x,x,23,-,0,0,.,.,.,.,.,.,x,x,x,x,31.5,99.5,100
"K","South West","19","Dorset","19UD","East Dorset",,,845,84,80,93,28.6,100.1,97,807,84,80,93,28.6,100,97,15,x,x,x,29,101.6,100,5,x,x,x,27.8,100,100,x,x,x,x,24,93,100,x,x,x,x,33,100,100,0,.,.,.,.,.,.,x,x,x,x,28.5,100.7,93
"K","South West","19","Dorset","19UE","North Dorset",,,658,80,76,88,27.8,99.9,95,633,81,76,89,27.8,99.9,95,9,x,x,x,29.2,99.7,78,4,x,100,x,29.5,100,100,0,.,.,.,.,.,.,x,x,x,x,25.7,100.7,100,x,x,x,x,14,102,100,x,x,x,x,23.6,98.7,75
"K","South West","19","Dorset","19UG","Purbeck",,,492,77,74,89,27.8,99.3,97,476,x,75,x,27.8,99.3,97,12,x,x,x,27.7,98.7,100,0,.,.,.,.,.,.,0,.,.,.,.,.,.,0,.,.,.,.,.,.,0,.,.,.,.,.,.,4,x,x,x,25,100,100
"K","South West","19","Dorset","19UH","West Dorset",,,972,83,81,93,28.6,100.3,97,924,83,81,94,28.6,100.2,98,15,80,67,x,26.9,101.9,100,3,100,100,100,30.3,105.3,100,4,x,x,x,22.5,x,x,3,x,100,x,23.7,x,x,5,x,x,x,29,102,60,18,x,x,x,28.9,99.6,94
"K","South West","19","Dorset","19UJ","Weymouth and Portland",,,676,81,74,89,27.8,99.7,97,652,81,74,x,27.9,99.7,97,9,x,x,100,29.7,99.1,100,x,x,x,x,23.7,101,67,x,x,x,x,28,100,50,x,x,x,x,31,100,100,0,.,.,.,.,.,.,9,x,56,x,26.3,98.9,100
"K","South West","23","Gloucestershire","23UB","Cheltenham",,,1023,86,80,93,28.5,99.7,97,934,86,80,93,28.4,99.7,98,30,x,77,x,28.9,99.8,90,19,x,79,x,28.8,99.4,89,x,x,x,x,31,102,100,8,100,100,x,29.8,100.9,88,5,100,100,100,29,102,60,x,x,x,x,27.1,100.5,100
"K","South West","23","Gloucestershire","23UC","Cotswold",,,890,86,81,94,29,99.9,95,805,85,81,x,28.9,99.9,96,9,100,x,100,29.7,101.1,100,5,x,x,x,26.6,x,x,x,x,x,x,26.3,-,0,x,x,x,x,15,-,0,x,x,x,x,29,-,0,63,95,90,100,30.3,100.1,95
"K","South West","23","Gloucestershire","23UD","Forest of Dean",,,925,80,77,89,27.8,99.4,97,907,80,77,x,27.8,99.4,97,4,100,x,x,27,100.7,75,x,x,x,x,15,99,100,0,.,.,.,.,.,.,x,x,x,x,33,100,100,0,.,.,.,.,.,.,x,x,x,x,28.8,98.8,91
"K","South West","23","Gloucestershire","23UE","Gloucester",,,1450,79,77,89,27.9,99.8,96,1234,79,77,89,28,99.7,98,83,69,72,81,27.3,100,95,53,89,81,x,28.8,100.2,85,39,77,59,79,26.1,99.7,79,x,x,x,x,28,104,50,3,x,100,100,29,102,67,x,x,x,x,28.1,100.3,100
"K","South West","23","Gloucestershire","23UF","Stroud",,,1292,85,82,92,28.7,100,98,1214,86,82,93,28.8,100,98,34,85,76,x,28.2,100.3,91,5,x,x,x,24.6,99.5,80,x,x,x,x,23,100,100,x,x,x,x,30,103,100,x,x,x,x,27,100,100,35,x,x,80,27.4,99.4,100
"K","South West","23","Gloucestershire","23UG","Tewkesbury",,,848,86,83,90,29,100,95,820,86,83,x,29,100,95,9,x,x,100,28.3,101,89,6,x,x,100,28.7,102,67,0,.,.,.,.,.,.,x,x,x,x,31,-,0,x,x,x,x,27,100,100,x,x,x,x,30.2,101.4,91
"K","South West","40","Somerset","40UB","Mendip",,,1148,78,76,89,27.8,99.6,97,1119,78,76,89,27.8,99.6,98,17,76,82,x,28.4,100,82,5,x,x,x,27.4,x,x,x,x,x,x,25,100,100,x,x,x,x,33,100,100,x,x,x,x,28,106,50,x,x,x,x,29,100,100
"K","South West","40","Somerset","40UC","Sedgemoor",,,1345,78,74,88,27.8,99.8,97,1303,78,74,88,27.8,99.7,97,16,69,81,x,27.9,100.4,88,5,x,x,x,26.6,100.5,80,3,x,x,x,26.1,98.7,100,x,x,x,x,29,101,100,0,.,.,.,.,.,.,x,x,x,x,27.9,101.4,100
"K","South West","40","Somerset","40UD","South Somerset",,,1728,81,77,90,28.1,99.9,96,1671,80,77,90,28.1,99.9,97,19,x,84,100,28.7,99.4,84,7,x,x,x,26.1,x,x,4,100,x,x,26.5,98,50,4,100,100,100,30.5,101.5,100,0,.,.,.,.,.,.,23,x,x,x,28.3,99.5,96
"K","South West","40","Somerset","40UE","Taunton Deane",,,1098,79,78,90,28,100,97,1080,x,x,89,28,100,98,8,x,100,x,28,101.1,88,4,100,100,100,29,102,50,x,x,x,x,27,-,0,0,.,.,.,.,.,.,x,x,x,x,26,100,50,x,x,x,x,31.7,102.7,100
"K","South West","40","Somerset","40UF","West Somerset",,,338,77,75,x,28,99.9,97,329,x,76,x,28,99.8,98,4,100,x,100,29,100,100,x,x,x,x,23,-,0,x,x,x,x,27,102,100,x,x,x,x,33,-,0,0,.,.,.,.,.,.,0,.,.,.,.,.,.
"K","South West","46","Wiltshire","46UB","Kennet",,,880,80,76,87,27.7,99.8,94,836,81,77,88,27.8,99.8,94,x,x,x,x,28.7,99.2,93,4,100,100,100,28,100,100,x,x,x,x,24,100,50,0,.,.,.,.,.,.,x,x,x,x,-,-,0,23,x,x,x,26,99.4,96
"K","South West","46","Wiltshire","46UC","North Wiltshire",,,1613,82,78,89,28.1,100.1,95,1523,82,78,89,28.1,100.1,96,29,x,72,86,29,100,83,6,100,x,100,31.7,x,x,x,x,x,x,30,100,100,x,x,x,x,29,101.3,100,x,x,x,x,28,102,50,48,73,x,79,27.5,99.9,96
"K","South West","46","Wiltshire","46UD","Salisbury",,,1189,79,74,86,27.6,99.6,94,1150,79,74,86,27.6,99.6,95,14,x,x,x,27.3,101.4,93,7,100,100,x,29.3,101.4,100,0,.,.,.,.,.,.,x,x,x,x,27,99,67,x,x,x,x,27,x,x,12,x,x,x,26.8,98.9,100
"K","South West","46","Wiltshire","46UF","West Wiltshire",,,1471,79,72,85,27.6,99.8,95,1400,79,72,85,27.6,99.7,96,20,x,75,x,28.2,99.9,90,5,100,100,100,29.8,100.5,80,5,x,x,x,26.2,102,60,0,.,.,.,.,.,.,13,69,54,x,25.3,100,77,28,89,x,82,27.4,100.2,96