DATASET_TITLE,NS-SeC of Household Reference Person - People Under Pensionable Age (UV32),,,,,,FROM,Apr-2001,Apr-2001,Apr-2001,Apr-2001,Apr-2001,Apr-2001,Apr-2001,Apr-2001,Apr-2001,Apr-2001,Apr-2001,Apr-2001
AREA_TYPE,Local Authority,,,,,,TO,Apr-2001,Apr-2001,Apr-2001,Apr-2001,Apr-2001,Apr-2001,Apr-2001,Apr-2001,Apr-2001,Apr-2001,Apr-2001,Apr-2001
GEO_HIERARCHY,NeSS Geography Hierarchy,,,,,,HEADING,All People Under Pensionable Age in Households,1. Higher managerial and professional occupations,1. Higher managerial and professional occupations:  1.1 Large employers and higher managerial occupations,1. Higher managerial and professional occupations:  1.2 Higher professional occupations,2. Lower managerial and professional occupations,3. Intermediate occupations,4. Small employers and own account workers,5. Lower supervisory and technical occupations,6. Semi-routine occupations,7. Routine occupations,8. Never worked and long-term unemployed,Not classified
,,,,,,,MEASUREMENT_UNIT,Count,Count,Count,Count,Count,Count,Count,Count,Count,Count,Count,Count
,,,,,,,STATISTICAL_UNIT,Persons,Persons,Persons,Persons,Persons,Persons,Persons,Persons,Persons,Persons,Persons,Persons
GOR_CODE,GOR_NAME,CTY_CODE,CTY_NAME,LA_CODE,LA_NAME,AREA_METADATA,,DATA_VALUE,DATA_VALUE,DATA_VALUE,DATA_VALUE,DATA_VALUE,DATA_VALUE,DATA_VALUE,DATA_VALUE,DATA_VALUE,DATA_VALUE,DATA_VALUE,DATA_VALUE
"H","London",,,"00AA","City of London",,,5765,2243,568,1675,1677,333,287,189,271,161,165,439
"H","London",,,"00AB","Barking and Dagenham",,,135985,8561,3987,4574,24444,13359,13771,15973,17724,17424,7797,16932
"H","London",,,"00AC","Barnet",,,260509,55906,18924,36982,75027,20621,34077,13248,18418,11739,9483,21990
"H","London",,,"00AD","Bexley",,,178244,20961,10178,10783,45824,20878,24717,18566,16379,13941,4254,12724
"H","London",,,"00AE","Brent",,,226107,29699,10052,19647,51332,20070,26665,15935,24293,19398,15373,23342
"H","London",,,"00AF","Bromley",,,237485,46367,20780,25587,72194,23072,30946,15898,15986,11255,5415,16352
"H","London",,,"00AG","Camden",,,164846,36142,12149,23993,44602,10297,12410,7367,12851,7784,11650,21743
"H","London",,,"00AH","Croydon",,,279356,41395,16655,24740,76010,31584,31391,21734,25889,17632,11113,22608
"H","London",,,"00AJ","Ealing",,,258749,44645,17623,27022,65663,22295,24923,19476,24765,20573,13433,22976
"H","London",,,"00AK","Enfield",,,227912,29846,12184,17662,55881,20161,30348,17832,21049,18523,12753,21519
"H","London",,,"00AL","Greenwich",,,180674,21478,8297,13181,41716,16290,16477,14467,19418,15168,12927,22733
"H","London",,,"00AM","Hackney",,,179525,20536,6580,13956,41049,14687,14452,9512,20008,15381,19350,24550
"H","London",,,"00AN","Hammersmith and Fulham",,,142967,32866,13414,19452,40275,10682,11705,6589,10357,7238,7881,15374
"H","London",,,"00AP","Haringey",,,189822,29485,9614,19871,47703,14449,15729,9693,17752,13399,18794,22818
"H","London",,,"00AQ","Harrow",,,171254,33668,12407,21261,46152,16139,22086,11464,13254,10093,6078,12320
"H","London",,,"00AR","Havering",,,178322,20922,10010,10912,45723,19398,26505,18772,16178,14795,3328,12701
"H","London",,,"00AS","Hillingdon",,,200443,28562,13102,15460,51509,20205,22893,21246,18196,16319,5179,16334
"H","London",,,"00AT","Hounslow",,,182692,28062,11318,16744,44478,17352,16877,17512,19081,16133,7214,15983
"H","London",,,"00AU","Islington",,,151495,27138,8565,18573,36601,11199,11220,7411,13785,9893,12840,21408
"H","London",,,"00AW","Kensington and Chelsea",,,133191,36877,17451,19426,39691,7130,11453,4664,7550,5503,6142,14181
"H","London",,,"00AX","Kingston upon Thames",,,122392,28820,12087,16733,37085,10130,13867,7454,8030,5491,2249,9266
"H","London",,,"00AY","Lambeth",,,235043,38893,14366,24527,64418,20997,17136,12991,23596,15971,15874,25167
"H","London",,,"00AZ","Lewisham",,,215521,27207,10033,17174,56880,21942,18995,15277,22704,15412,13285,23819
"H","London",,,"00BA","Merton",,,159666,33579,13152,20427,45281,14916,16560,11315,12356,9344,4518,11797
"H","London",,,"00BB","Newham",,,217112,14674,5085,9589,36866,18953,17226,17356,31910,22930,25820,31377
"H","London",,,"00BC","Redbridge",,,199026,30046,10788,19258,51817,19020,29084,14065,17799,11541,9244,16410
"H","London",,,"00BD","Richmond upon Thames",,,143477,44658,20367,24291,47821,9232,14498,6185,6278,4320,1989,8496
"H","London",,,"00BE","Southwark",,,210550,31025,10427,20598,49538,18958,14680,14153,24121,15844,14585,27646
"H","London",,,"00BF","Sutton",,,149105,23948,10025,13923,42762,16258,20611,12849,11456,9258,2767,9196
"H","London",,,"00BG","Tower Hamlets",,,173014,20990,6914,14076,30025,10626,11388,10719,22241,17661,21110,28254
"H","London",,,"00BH","Waltham Forest",,,187751,19941,7812,12129,46382,19166,20541,14326,20086,15610,12505,19194
"H","London",,,"00BJ","Wandsworth",,,225565,56554,22181,34373,69306,18187,17127,10076,16349,9857,8267,19842
"H","London",,,"00BK","Westminster",,,149406,35734,14575,21159,41561,9395,11731,6198,10766,7049,8785,18187