DATASET_TITLE,General Health (UV20),,,,,,FROM,Apr-2001,Apr-2001,Apr-2001,Apr-2001
AREA_TYPE,Local Authority,,,,,,TO,Apr-2001,Apr-2001,Apr-2001,Apr-2001
GEO_HIERARCHY,NeSS Geography Hierarchy,,,,,,HEADING,All People,Good Health,Fairly Good Health,Not Good Health
,,,,,,,MEASUREMENT_UNIT,Count,Count,Count,Count
,,,,,,,STATISTICAL_UNIT,Persons,Persons,Persons,Persons
GOR_CODE,GOR_NAME,CTY_CODE,CTY_NAME,LA_CODE,LA_NAME,AREA_METADATA,,DATA_VALUE,DATA_VALUE,DATA_VALUE,DATA_VALUE
"J","South East",,,"00LC","Medway",,,249488,174167,56461,18860
"J","South East",,,"00MA","Bracknell Forest",,,109617,82552,20939,6126
"J","South East",,,"00MB","West Berkshire",,,144483,108155,28379,7949
"J","South East",,,"00MC","Reading",,,143096,103687,30150,9259
"J","South East",,,"00MD","Slough",,,119067,83925,25844,9298
"J","South East",,,"00ME","Windsor and Maidenhead",,,133626,100688,25219,7719
"J","South East",,,"00MF","Wokingham",,,150229,116543,26763,6923
"J","South East",,,"00MG","Milton Keynes",,,207057,150024,42314,14719
"J","South East",,,"00ML","Brighton and Hove",,,247817,168650,56752,22415
"J","South East",,,"00MR","Portsmouth",,,186701,126711,43842,16148
"J","South East",,,"00MS","Southampton",,,217445,148526,50224,18695
"J","South East",,,"00MW","Isle of Wight",,,132731,86356,33462,12913
"J","South East","11","Buckinghamshire","11UB","Aylesbury Vale",,,165748,123652,32389,9707
"J","South East","11","Buckinghamshire","11UC","Chiltern",,,89228,67632,16723,4873
"J","South East","11","Buckinghamshire","11UE","South Bucks",,,61945,46641,11662,3642
"J","South East","11","Buckinghamshire","11UF","Wycombe",,,162105,120691,31836,9578
"J","South East","21","East Sussex","21UC","Eastbourne",,,89667,57554,22931,9182
"J","South East","21","East Sussex","21UD","Hastings",,,85029,53860,21713,9456
"J","South East","21","East Sussex","21UF","Lewes",,,92177,62821,21515,7841
"J","South East","21","East Sussex","21UG","Rother",,,85428,55690,21615,8123
"J","South East","21","East Sussex","21UH","Wealden",,,140023,98789,31134,10100
"J","South East","24","Hampshire","24UB","Basingstoke and Deane",,,152573,113402,30098,9073
"J","South East","24","Hampshire","24UC","East Hampshire",,,109274,80980,21765,6529
"J","South East","24","Hampshire","24UD","Eastleigh",,,116169,85108,23542,7519
"J","South East","24","Hampshire","24UE","Fareham",,,107977,77943,22699,7335
"J","South East","24","Hampshire","24UF","Gosport",,,76415,52683,17606,6126
"J","South East","24","Hampshire","24UG","Hart",,,83505,64496,14974,4035
"J","South East","24","Hampshire","24UH","Havant",,,116849,79328,27549,9972
"J","South East","24","Hampshire","24UJ","New Forest",,,169331,117537,38885,12909
"J","South East","24","Hampshire","24UL","Rushmoor",,,90987,66859,18514,5614
"J","South East","24","Hampshire","24UN","Test Valley",,,109801,80911,22124,6766
"J","South East","24","Hampshire","24UP","Winchester",,,107222,79993,20894,6335
"J","South East","29","Kent","29UB","Ashford",,,102661,72073,23151,7437
"J","South East","29","Kent","29UC","Canterbury",,,135278,91394,31918,11966
"J","South East","29","Kent","29UD","Dartford",,,85911,60459,19134,6318
"J","South East","29","Kent","29UE","Dover",,,104566,69406,25268,9892
"J","South East","29","Kent","29UG","Gravesham",,,95717,66410,21827,7480
"J","South East","29","Kent","29UH","Maidstone",,,138948,98933,30362,9653
"J","South East","29","Kent","29UK","Sevenoaks",,,109305,79705,22445,7155
"J","South East","29","Kent","29UL","Shepway",,,96238,63591,23624,9023
"J","South East","29","Kent","29UM","Swale",,,122801,83846,28849,10106
"J","South East","29","Kent","29UN","Thanet",,,126702,80068,32510,14124
"J","South East","29","Kent","29UP","Tonbridge and Malling",,,107561,77987,22658,6916
"J","South East","29","Kent","29UQ","Tunbridge Wells",,,104030,75867,21273,6890
"J","South East","38","Oxfordshire","38UB","Cherwell",,,131785,96176,27454,8155
"J","South East","38","Oxfordshire","38UC","Oxford",,,134248,98093,27258,8897
"J","South East","38","Oxfordshire","38UD","South Oxfordshire",,,128188,95814,25107,7267
"J","South East","38","Oxfordshire","38UE","Vale of White Horse",,,115627,86628,22281,6718
"J","South East","38","Oxfordshire","38UF","West Oxfordshire",,,95640,70571,19162,5907
"J","South East","43","Surrey","43UB","Elmbridge",,,121936,92954,22085,6897
"J","South East","43","Surrey","43UC","Epsom and Ewell",,,67059,49471,13546,4042
"J","South East","43","Surrey","43UD","Guildford",,,129701,97497,24764,7440
"J","South East","43","Surrey","43UE","Mole Valley",,,80287,59553,15894,4840
"J","South East","43","Surrey","43UF","Reigate and Banstead",,,126523,93314,25411,7798
"J","South East","43","Surrey","43UG","Runnymede",,,78033,57500,15644,4889
"J","South East","43","Surrey","43UH","Spelthorne",,,90390,65554,18831,6005
"J","South East","43","Surrey","43UJ","Surrey Heath",,,80314,61621,14441,4252
"J","South East","43","Surrey","43UK","Tandridge",,,79267,58368,15994,4905
"J","South East","43","Surrey","43UL","Waverley",,,115665,86176,22668,6821
"J","South East","43","Surrey","43UM","Woking",,,89840,66862,17667,5311
"J","South East","45","West Sussex","45UB","Adur",,,59627,39745,14686,5196
"J","South East","45","West Sussex","45UC","Arun",,,140759,92281,35358,13120
"J","South East","45","West Sussex","45UD","Chichester",,,106450,74945,23859,7646
"J","South East","45","West Sussex","45UE","Crawley",,,99744,71029,21579,7136
"J","South East","45","West Sussex","45UF","Horsham",,,122088,90554,24558,6976
"J","South East","45","West Sussex","45UG","Mid Sussex",,,127378,94782,25097,7499
"J","South East","45","West Sussex","45UH","Worthing",,,97568,64655,23888,9025