DATASET_TITLE,"Low Birthweight Live Births, 2007",,,,,,FROM,Jan-2007,Jan-2007
AREA_TYPE,Region,,,,,,TO,Dec-2007,Dec-2007
GEO_HIERARCHY,2007 Administrative Hierarchy,,,,,,HEADING,Low Birthweight Live Births,Low Birthweight Live Births
,,,,,,,MEASUREMENT_UNIT,Count,Percentage
,,,,,,,STATISTICAL_UNIT,Live Births,Live Births
EW_CODE,EW_NAME,CTRY_CODE,CTRY_NAME,GOR_CODE,GOR_NAME,AREA_METADATA,,DATA_VALUE,DATA_VALUE
"941","England and Wales","921","England",,,,,46773,7.2
"941","England and Wales","924","Wales",,,,,2473,7.3
"941","England and Wales","921","England","A","North East",,,2098,7.2
"941","England and Wales","921","England","B","North West",,,6234,7.3
"941","England and Wales","921","England","D","Yorkshire and The Humber",,,4956,7.8
"941","England and Wales","921","England","E","East Midlands",,,3771,7.2
"941","England and Wales","921","England","F","West Midlands",,,5909,8.5
"941","England and Wales","921","England","G","East of England",,,4496,6.6
"941","England and Wales","921","England","H","London",,,9200,7.5
"941","England and Wales","921","England","J","South East",,,6550,6.5
"941","England and Wales","921","England","K","South West",,,3559,6.4
"941","England and Wales",,,,,,,49305,7.2