DATASET_TITLE,Method of Travel to Work - Daytime Population (UV37),,,,,,FROM,Apr-2001,Apr-2001,Apr-2001,Apr-2001,Apr-2001,Apr-2001,Apr-2001,Apr-2001,Apr-2001,Apr-2001,Apr-2001,Apr-2001,Apr-2001
AREA_TYPE,Local Authority,,,,,,TO,Apr-2001,Apr-2001,Apr-2001,Apr-2001,Apr-2001,Apr-2001,Apr-2001,Apr-2001,Apr-2001,Apr-2001,Apr-2001,Apr-2001,Apr-2001
GEO_HIERARCHY,2003 Administrative Hierarchy,,,,,,HEADING,All People,Works mainly at or from home,"Underground, metro, light rail or tram",Train,"Bus, minibus or coach",Taxi or minicab,Driving a car or van,Passenger in a car or van,"Motorcycle, scooter or moped",Bicycle,On foot,Other,Not currently working
,,,,,,,MEASUREMENT_UNIT,Count,Count,Count,Count,Count,Count,Count,Count,Count,Count,Count,Count,Count
,,,,,,,STATISTICAL_UNIT,Persons,Persons,Persons,Persons,Persons,Persons,Persons,Persons,Persons,Persons,Persons,Persons,Persons
GOR_CODE,GOR_NAME,CTY_CODE,CTY_NAME,LA_CODE,LA_NAME,AREA_METADATA,,DATA_VALUE,DATA_VALUE,DATA_VALUE,DATA_VALUE,DATA_VALUE,DATA_VALUE,DATA_VALUE,DATA_VALUE,DATA_VALUE,DATA_VALUE,DATA_VALUE,DATA_VALUE,DATA_VALUE
"A","North East","2D","Tyne and Wear","00CH","Gateshead",,,145566,5482,2437,533,11903,460,48310,7267,582,783,6755,199,60855
"A","North East","2D","Tyne and Wear","00CJ","Newcastle upon Tyne",,,248373,7066,13900,2802,28547,1005,77831,12403,959,2172,11599,429,89660
"A","North East","2D","Tyne and Wear","00CK","North Tyneside",,,122273,6053,2732,459,6025,754,36222,6001,466,1425,6578,284,55274
"A","North East","2D","Tyne and Wear","00CL","South Tyneside",,,96585,3743,1605,296,5964,290,23451,3826,253,1069,5349,330,50409
"A","North East","2D","Tyne and Wear","00CM","Sunderland",,,209161,7041,523,743,17826,781,65283,11226,845,1567,10872,345,92109
"A","North East",,,"00EB","Hartlepool",,,61546,2199,27,86,2815,595,17944,3350,235,928,3797,113,29457
"A","North East",,,"00EC","Middlesbrough",,,104223,3185,65,556,6972,432,33670,5241,414,1140,5618,135,46795
"A","North East",,,"00EE","Redcar and Cleveland",,,91406,3898,19,155,2827,222,27911,3851,437,1012,5181,143,45750
"A","North East",,,"00EF","Stockton-on-Tees",,,129759,5449,38,283,5722,374,48465,7147,721,1652,6197,260,53451
"A","North East",,,"00EH","Darlington",,,72614,3553,21,253,4661,434,26327,3816,295,959,5037,169,27089
"A","North East","20","Durham","20UB","Chester-le-Street",,,27242,1921,16,25,1124,74,6238,1063,58,74,1530,44,15075
"A","North East","20","Durham","20UD","Derwentside",,,50471,2916,17,39,1881,388,12902,2912,131,217,3103,87,25878
"A","North East","20","Durham","20UE","Durham",,,77969,2872,62,249,4531,131,28892,4788,289,442,4690,183,30840
"A","North East","20","Durham","20UF","Easington",,,61705,2305,27,27,1599,344,15617,3518,162,286,3430,91,34299
"A","North East","20","Durham","20UG","Sedgefield",,,58355,2661,12,46,1626,127,18906,3864,220,502,3595,104,26692
"A","North East","20","Durham","20UH","Teesdale",,,16143,1850,3,11,174,13,4880,649,48,87,1510,44,6874
"A","North East","20","Durham","20UJ","Wear Valley",,,39588,2427,7,20,1621,61,10911,2063,88,171,2846,90,19283
"A","North East","35","Northumberland","35UB","Alnwick",,,19667,2021,17,27,418,23,5204,703,59,161,2170,81,8783
"A","North East","35","Northumberland","35UC","Berwick-upon-Tweed",,,17225,1820,10,23,564,37,4243,733,84,182,2039,91,7399
"A","North East","35","Northumberland","35UD","Blyth Valley",,,48012,2606,71,41,1644,183,13748,2509,193,742,2940,115,23220
"A","North East","35","Northumberland","35UE","Castle Morpeth",,,37062,2457,116,63,1254,60,13843,1736,140,341,2001,127,14924
"A","North East","35","Northumberland","35UF","Tynedale",,,37198,4120,52,126,797,95,11518,1684,105,208,3312,140,15041
"A","North East","35","Northumberland","35UG","Wansbeck",,,36920,1663,28,19,1238,85,9413,1873,105,470,2737,60,19229
"B","North West","2A","Greater Manchester","00BL","Bolton",,,178081,9065,67,876,9349,846,63267,9278,987,1399,11380,236,71331
"B","North West","2A","Greater Manchester","00BM","Bury",,,108351,6734,930,211,4459,636,36722,4783,478,883,6858,174,45483
"B","North West","2A","Greater Manchester","00BN","Manchester",,,410003,9318,7253,16985,44982,1956,146993,15116,2018,5254,16844,739,142545
"B","North West","2A","Greater Manchester","00BP","Oldham",,,142796,7215,68,470,8755,886,46294,7197,533,1037,10302,212,59827
"B","North West","2A","Greater Manchester","00BQ","Rochdale",,,134896,6728,109,340,5964,1325,44768,6479,662,1020,9052,248,58201
"B","North West","2A","Greater Manchester","00BR","Salford",,,167755,6630,1331,1958,8423,1112,63295,7346,853,1842,9263,246,65456
"B","North West","2A","Greater Manchester","00BS","Stockport",,,187534,11967,118,1421,10752,505,72386,7180,886,2318,10958,290,68753
"B","North West","2A","Greater Manchester","00BT","Tameside",,,131003,7444,71,593,6819,583,42007,5643,667,1261,9692,164,56059
"B","North West","2A","Greater Manchester","00BU","Trafford",,,165317,8609,2332,1001,8539,713,72237,7093,1049,3282,7838,325,52299
"B","North West","2A","Greater Manchester","00BW","Wigan",,,190890,9710,56,637,7633,732,61653,9777,956,2198,12741,216,84581
"B","North West","2B","Merseyside","00BX","Knowsley",,,106105,2966,30,570,5050,870,32455,4657,507,953,4945,123,52979
"B","North West","2B","Merseyside","00BY","Liverpool",,,370404,8700,1647,14806,37487,2125,103115,13866,1641,3046,16567,717,166687
"B","North West","2B","Merseyside","00BZ","St. Helens",,,113371,4805,22,474,5117,432,34557,5030,568,1062,6044,129,55131
"B","North West","2B","Merseyside","00CA","Sefton",,,180069,8734,151,2733,8412,1715,51482,7089,738,3077,10781,288,84869
"B","North West","2B","Merseyside","00CB","Wirral",,,195190,8979,312,2542,8146,890,58068,7862,1113,2093,10234,335,94616
"B","North West",,,"00ET","Halton",,,88078,3100,20,227,3372,341,34712,4398,591,1049,4851,135,35282
"B","North West",,,"00EU","Warrington",,,150277,7541,127,946,5437,450,69553,7378,1142,2981,6720,234,47768
"B","North West",,,"00EX","Blackburn with Darwen",,,99701,4355,22,313,4376,890,35519,5227,526,635,6964,127,40747
"B","North West",,,"00EY","Blackpool",,,102036,6081,316,240,5614,746,30784,4839,619,1810,7961,313,42713
"B","North West","13","Cheshire","13UB","Chester",,,97817,5499,40,829,5418,422,40976,4472,559,1873,6092,231,31406
"B","North West","13","Cheshire","13UC","Congleton",,,56059,4765,5,135,506,70,21343,2397,396,1010,3213,89,22130
"B","North West","13","Cheshire","13UD","Crewe and Nantwich",,,79437,5108,12,546,1463,128,31052,3372,791,3529,4954,137,28345
"B","North West","13","Cheshire","13UE","Ellesmere Port & Neston",,,56254,2519,21,262,1009,312,22593,3373,518,1258,2483,95,21811
"B","North West","13","Cheshire","13UG","Macclesfield",,,115275,8549,56,905,1972,416,53585,5000,543,1224,6953,233,35839
"B","North West","13","Cheshire","13UH","Vale Royal",,,77347,5749,15,161,1094,117,29437,3529,488,1250,4327,172,31008
"B","North West","16","Cumbria","16UB","Allerdale",,,62270,5117,16,87,1167,140,19653,3302,212,674,5487,167,26248
"B","North West","16","Cumbria","16UC","Barrow-in-Furness",,,50798,1958,9,280,2032,272,14331,2396,700,1694,4553,194,22379
"B","North West","16","Cumbria","16UD","Carlisle",,,76347,4645,14,221,4059,211,28031,3725,350,1286,7096,154,26555
"B","North West","16","Cumbria","16UE","Copeland",,,52611,2562,12,523,1886,127,19230,3267,251,422,2780,86,21465
"B","North West","16","Cumbria","16UF","Eden",,,35774,4805,12,41,875,77,12609,1440,110,328,3501,162,11814
"B","North West","16","Cumbria","16UG","South Lakeland",,,73153,7309,15,231,1080,177,25282,3198,512,1481,7763,291,25814
"B","North West","30","Lancashire","30UD","Burnley",,,62768,2806,10,136,3276,278,21947,3885,265,443,5121,82,24519
"B","North West","30","Lancashire","30UE","Chorley",,,61397,4583,14,201,1246,175,22077,2760,332,724,4368,99,24818
"B","North West","30","Lancashire","30UF","Fylde",,,60459,3156,17,211,1881,154,26207,3030,504,1382,3816,206,19895
"B","North West","30","Lancashire","30UG","Hyndburn",,,53651,2625,12,120,1956,218,18762,2827,252,393,4233,69,22184
"B","North West","30","Lancashire","30UH","Lancaster",,,94464,5428,21,483,2762,379,29224,3837,680,2095,7817,279,41459
"B","North West","30","Lancashire","30UJ","Pendle",,,57911,3011,9,73,2025,200,18364,2823,270,572,5152,110,25302
"B","North West","30","Lancashire","30UK","Preston",,,116247,4138,43,1471,8480,365,47908,5880,786,1752,7517,204,37703
"B","North West","30","Lancashire","30UL","Ribble Valley",,,36694,3425,4,68,568,85,14412,1793,292,576,2796,77,12598
"B","North West","30","Lancashire","30UM","Rossendale",,,39678,2651,10,33,1359,109,13536,1930,198,200,2813,72,16767
"B","North West","30","Lancashire","30UN","South Ribble",,,65969,4168,7,152,1422,153,26777,3087,559,1678,3574,119,24273
"B","North West","30","Lancashire","30UP","West Lancashire",,,73928,4715,22,366,1282,673,26852,3901,422,1045,4358,151,30141
"B","North West","30","Lancashire","30UQ","Wyre",,,64268,4502,120,118,1460,216,19277,2821,312,1477,3912,204,29849
"D","Yorkshire and The Humber","2C","South Yorkshire","00CC","Barnsley",,,143280,6577,35,436,6083,368,42760,6542,782,712,10023,155,68807
"D","Yorkshire and The Humber","2C","South Yorkshire","00CE","Doncaster",,,196339,9220,38,1219,11083,425,62148,8797,889,3345,11224,302,87649
"D","Yorkshire and The Humber","2C","South Yorkshire","00CF","Rotherham",,,165700,7391,81,362,10148,310,57482,7541,768,915,8639,223,71840
"D","Yorkshire and The Humber","2C","South Yorkshire","00CG","Sheffield",,,399059,15313,6660,2833,42230,763,131978,16038,1898,2478,22544,674,155650
"D","Yorkshire and The Humber","2F","West Yorkshire","00CX","Bradford",,,330205,15673,143,3883,22452,1445,111390,15487,1383,1557,20705,559,135528
"D","Yorkshire and The Humber","2F","West Yorkshire","00CY","Calderdale",,,131962,7703,46,709,9808,384,47025,6470,736,719,9440,229,48693
"D","Yorkshire and The Humber","2F","West Yorkshire","00CZ","Kirklees",,,255465,14681,78,1278,15852,724,86930,11701,1430,1666,17173,374,103578
"D","Yorkshire and The Humber","2F","West Yorkshire","00DA","Leeds",,,575655,23974,301,13286,59573,2378,210160,26658,2828,4345,33671,833,197648
"D","Yorkshire and The Humber","2F","West Yorkshire","00DB","Wakefield",,,221279,9544,47,948,11857,698,78825,11028,1361,1974,14600,267,90130
"D","Yorkshire and The Humber",,,"00FA","Kingston upon Hull, City of",,,194864,5196,25,1058,13416,1155,64200,8656,1784,11245,9919,363,77847
"D","Yorkshire and The Humber",,,"00FB","East Riding of Yorkshire",,,196359,14920,29,594,3201,567,63058,7942,1245,7143,13504,490,83666
"D","Yorkshire and The Humber",,,"00FC","North East Lincolnshire",,,111133,4319,17,171,4615,544,38592,5257,954,4921,6405,245,45093
"D","Yorkshire and The Humber",,,"00FD","North Lincolnshire",,,112541,5659,21,143,2421,219,45051,5651,1152,3749,6139,263,42073
"D","Yorkshire and The Humber",,,"00FF","York",,,139828,6871,38,1766,7107,441,46116,5067,1546,10425,12954,255,47242
"D","Yorkshire and The Humber","36","North Yorkshire","36UB","Craven",,,36489,3790,5,284,713,121,13144,1728,130,307,3711,131,12425
"D","Yorkshire and The Humber","36","North Yorkshire","36UC","Hambleton",,,59862,6297,17,141,1066,119,22789,2527,296,1591,5444,190,19385
"D","Yorkshire and The Humber","36","North Yorkshire","36UD","Harrogate",,,103084,9553,22,534,2875,297,38858,4376,472,1747,10500,380,33470
"D","Yorkshire and The Humber","36","North Yorkshire","36UE","Richmondshire",,,31949,3620,9,244,517,90,9867,1316,159,560,4556,578,10433
"D","Yorkshire and The Humber","36","North Yorkshire","36UF","Ryedale",,,37133,4329,0,68,616,45,13234,1868,259,1059,3173,130,12352
"D","Yorkshire and The Humber","36","North Yorkshire","36UG","Scarborough",,,72593,5469,9,196,2188,290,20190,3144,431,1083,8858,176,30559
"D","Yorkshire and The Humber","36","North Yorkshire","36UH","Selby",,,48407,4082,18,79,842,72,18914,1956,371,1443,3116,90,17424
"E","East Midlands",,,"00FK","Derby",,,173518,6513,50,1072,9703,706,67600,7468,1574,4511,11363,253,62705
"E","East Midlands",,,"00FN","Leicester",,,242017,8397,106,1818,22474,471,86376,10853,1303,4945,17514,418,87342
"E","East Midlands",,,"00FP","Rutland",,,23900,2166,9,58,200,27,8487,769,170,841,2338,124,8711
"E","East Midlands",,,"00FY","Nottingham",,,266365,6785,108,2807,34915,768,93707,10496,1719,5327,15249,393,94091
"E","East Midlands","17","Derbyshire","17UB","Amber Valley",,,78804,4759,4,97,2238,174,30747,3938,634,829,5556,126,29702
"E","East Midlands","17","Derbyshire","17UC","Bolsover",,,44117,2310,9,47,861,70,13315,1702,271,371,2799,60,22302
"E","East Midlands","17","Derbyshire","17UD","Chesterfield",,,77110,3180,18,163,4993,272,29966,4047,483,734,4810,84,28360
"E","East Midlands","17","Derbyshire","17UF","Derbyshire Dales",,,49104,4682,5,75,1118,80,19000,2210,212,311,4232,189,16990
"E","East Midlands","17","Derbyshire","17UG","Erewash",,,66551,3951,3,108,2538,159,22474,2765,540,2011,5087,100,26815
"E","East Midlands","17","Derbyshire","17UH","High Peak",,,53098,4472,7,229,1065,198,17628,2212,225,518,5683,115,20746
"E","East Midlands","17","Derbyshire","17UJ","North East Derbyshire",,,53987,4080,26,52,1331,78,16026,2082,249,268,3052,84,26659
"E","East Midlands","17","Derbyshire","17UK","South Derbyshire",,,46509,3699,6,48,584,127,17026,1923,341,571,2788,83,19313
"E","East Midlands","31","Leicestershire","31UB","Blaby",,,60150,4300,23,134,1906,93,27129,2533,421,1367,3066,106,19072
"E","East Midlands","31","Leicestershire","31UC","Charnwood",,,102293,6618,27,333,2999,101,37119,3859,729,2708,7237,202,40361
"E","East Midlands","31","Leicestershire","31UD","Harborough",,,48435,4868,7,97,509,98,19954,1894,311,1029,3730,166,15772
"E","East Midlands","31","Leicestershire","31UE","Hinckley and Bosworth",,,65040,4982,5,112,1239,149,26403,3037,545,1520,4624,119,22305
"E","East Midlands","31","Leicestershire","31UG","Melton",,,30009,2713,3,43,532,48,11169,1302,206,700,2656,56,10581
"E","East Midlands","31","Leicestershire","31UH","North West Leicestershire",,,65191,4000,30,58,1512,132,31044,3039,637,949,3423,128,20239
"E","East Midlands","31","Leicestershire","31UJ","Oadby and Wigston",,,32890,2128,3,51,1093,55,11066,1369,143,751,2327,33,13871
"E","East Midlands","32","Lincolnshire","32UB","Boston",,,41109,2391,3,46,480,77,15565,2039,362,2537,2305,92,15212
"E","East Midlands","32","Lincolnshire","32UC","East Lindsey",,,86972,6922,14,94,966,216,24637,2845,470,2457,7315,264,40772
"E","East Midlands","32","Lincolnshire","32UD","Lincoln",,,71767,2401,14,311,3557,275,27823,3496,679,2740,5864,151,24456
"E","East Midlands","32","Lincolnshire","32UE","North Kesteven",,,61969,4580,6,149,1347,86,22307,2246,561,2422,4168,195,23902
"E","East Midlands","32","Lincolnshire","32UF","South Holland",,,53643,4065,9,43,921,56,20535,2647,402,1961,2373,133,20498
"E","East Midlands","32","Lincolnshire","32UG","South Kesteven",,,78962,6256,38,182,1480,336,29081,3671,560,2444,6437,154,28323
"E","East Midlands","32","Lincolnshire","32UH","West Lindsey",,,47737,4345,5,46,528,101,14734,1630,257,1043,3207,112,21729
"E","East Midlands","34","Northamptonshire","34UB","Corby",,,42787,1466,54,90,2197,573,18665,3174,254,878,2061,76,13299
"E","East Midlands","34","Northamptonshire","34UC","Daventry",,,46478,4342,7,60,760,103,19489,2169,283,563,3332,140,15230
"E","East Midlands","34","Northamptonshire","34UD","East Northamptonshire",,,42519,3789,26,61,641,97,15024,1929,198,702,3550,93,16409
"E","East Midlands","34","Northamptonshire","34UE","Kettering",,,51383,3448,5,134,1417,126,20795,2541,239,845,4316,96,17421
"E","East Midlands","34","Northamptonshire","34UF","Northampton",,,155839,7182,160,500,7505,542,72236,8933,877,2846,10183,289,44586
"E","East Midlands","34","Northamptonshire","34UG","South Northamptonshire",,,43711,4983,24,100,526,59,17242,1780,208,549,2787,106,15347
"E","East Midlands","34","Northamptonshire","34UH","Wellingborough",,,50386,3056,36,117,1006,330,21531,2769,284,621,3532,90,17014
"E","East Midlands","37","Nottinghamshire","37UB","Ashfield",,,76158,3499,7,190,2503,207,27339,3751,448,1234,5214,141,31625
"E","East Midlands","37","Nottinghamshire","37UC","Bassetlaw",,,78936,4278,14,143,1582,115,29507,3803,591,1682,4892,149,32180
"E","East Midlands","37","Nottinghamshire","37UD","Broxtowe",,,63222,4028,9,262,2503,109,20151,2190,452,1355,4125,113,27925
"E","East Midlands","37","Nottinghamshire","37UE","Gedling",,,60421,4474,3,119,2522,165,18388,2072,356,856,4032,69,27365
"E","East Midlands","37","Nottinghamshire","37UF","Mansfield",,,66377,2881,6,161,2912,243,21952,3237,318,681,3985,98,29903
"E","East Midlands","37","Nottinghamshire","37UG","Newark and Sherwood",,,67967,4995,8,133,1199,124,22510,2770,453,2334,4251,127,29063
"E","East Midlands","37","Nottinghamshire","37UJ","Rushcliffe",,,60791,5324,9,150,2698,103,20751,1941,294,1092,3493,108,24828
"F","West Midlands","2E","West Midlands","00CN","Birmingham",,,763635,27448,1980,23735,80090,2050,248052,25678,3287,5373,32022,1002,312918
"F","West Midlands","2E","West Midlands","00CQ","Coventry",,,231080,8181,59,1241,15159,644,87925,10619,1106,3522,13177,338,89109
"F","West Midlands","2E","West Midlands","00CR","Dudley",,,204969,10422,55,452,10547,346,77180,9463,1101,1656,11664,293,81790
"F","West Midlands","2E","West Midlands","00CS","Sandwell",,,206349,7771,704,912,12402,502,74247,8777,1021,2038,11628,274,86073
"F","West Midlands","2E","West Midlands","00CT","Solihull",,,141551,8549,63,1332,8787,340,60224,5559,779,1483,5219,179,49037
"F","West Midlands","2E","West Midlands","00CU","Walsall",,,179718,7940,78,454,11344,290,62302,7986,949,2341,10776,225,75033
"F","West Midlands","2E","West Midlands","00CW","Wolverhampton",,,178113,7084,607,969,12916,488,62135,7294,878,2478,9320,264,73680
"F","West Midlands",,,"00GA","Herefordshire, County of",,,120828,12379,18,238,2395,272,43504,4641,788,3361,9411,286,43535
"F","West Midlands",,,"00GF","Telford and Wrekin",,,119685,5769,22,458,3567,621,52835,7601,790,1845,6089,243,39845
"F","West Midlands",,,"00GL","Stoke-on-Trent",,,187233,6535,24,325,10150,828,68951,10402,1017,1739,11600,232,75430
"F","West Midlands","39","Shropshire","39UB","Bridgnorth",,,33970,3575,13,99,372,39,10759,1400,180,603,4517,136,12277
"F","West Midlands","39","Shropshire","39UC","North Shropshire",,,37585,3988,5,74,255,60,12775,1474,211,989,3122,197,14435
"F","West Midlands","39","Shropshire","39UD","Oswestry",,,25096,1919,5,20,389,102,9514,1270,106,429,1875,75,9392
"F","West Midlands","39","Shropshire","39UE","Shrewsbury and Atcham",,,69169,4881,9,306,2293,188,27123,3080,507,2414,5433,162,22773
"F","West Midlands","39","Shropshire","39UF","South Shropshire",,,26963,3719,14,95,227,38,8273,925,82,265,2445,124,10756
"F","West Midlands","41","Staffordshire","41UB","Cannock Chase",,,58060,3361,12,89,1608,184,21884,3155,312,596,3627,94,23138
"F","West Midlands","41","Staffordshire","41UC","East Staffordshire",,,77126,4629,13,131,2214,282,31948,3881,565,1991,5290,157,26025
"F","West Midlands","41","Staffordshire","41UD","Lichfield",,,62099,5088,18,201,1284,149,24741,3095,351,867,3685,145,22475
"F","West Midlands","41","Staffordshire","41UE","Newcastle-under-Lyme",,,81424,4527,16,104,2962,382,28448,4205,450,586,4807,112,34825
"F","West Midlands","41","Staffordshire","41UF","South Staffordshire",,,56876,5274,19,61,1071,66,18112,2428,258,609,2981,98,25899
"F","West Midlands","41","Staffordshire","41UG","Stafford",,,88718,6036,29,263,2616,224,36167,4389,622,1832,6152,158,30230
"F","West Midlands","41","Staffordshire","41UH","Staffordshire Moorlands",,,55803,5138,5,45,1155,45,17862,2347,247,530,4131,141,24157
"F","West Midlands","41","Staffordshire","41UK","Tamworth",,,45972,2765,5,92,1747,297,17226,2543,256,911,2939,56,17135
"F","West Midlands","44","Warwickshire","44UB","North Warwickshire",,,44334,2944,9,97,1046,194,19569,2405,350,431,2275,71,14943
"F","West Midlands","44","Warwickshire","44UC","Nuneaton and Bedworth",,,71471,3929,16,91,2263,158,24865,3528,406,1401,5141,107,29566
"F","West Midlands","44","Warwickshire","44UD","Rugby",,,63396,3873,8,226,1338,230,27696,3488,536,1774,4337,145,19745
"F","West Midlands","44","Warwickshire","44UE","Stratford-on-Avon",,,77718,7482,60,284,1301,153,32607,3403,457,1443,5335,176,25017
"F","West Midlands","44","Warwickshire","44UF","Warwick",,,99286,6024,32,537,2370,213,45182,4587,599,2248,7135,175,30184
"F","West Midlands","47","Worcestershire","47UB","Bromsgrove",,,53647,4515,15,146,1389,138,20612,2388,270,486,3129,87,20472
"F","West Midlands","47","Worcestershire","47UC","Malvern Hills",,,46207,4834,10,200,432,77,16551,2010,297,782,2801,129,18084
"F","West Midlands","47","Worcestershire","47UD","Redditch",,,53654,3100,13,152,2989,95,23187,2818,298,699,3138,53,17112
"F","West Midlands","47","Worcestershire","47UE","Worcester",,,72220,3594,16,599,2541,127,30631,3582,606,2295,7043,93,21093
"F","West Midlands","47","Worcestershire","47UF","Wychavon",,,74700,7002,22,226,809,120,30404,3278,540,1334,4643,168,26154
"F","West Midlands","47","Worcestershire","47UG","Wyre Forest",,,61065,4548,4,148,982,191,22874,2924,380,960,4076,98,23880
"G","East of England",,,"00JA","Peterborough",,,129014,5524,40,707,5739,378,58092,7087,929,5664,6246,215,38393
"G","East of England",,,"00KA","Luton",,,133214,6027,167,1264,6137,771,51634,6079,779,1420,9379,259,49298
"G","East of England",,,"00KF","Southend-on-Sea",,,104866,5617,105,2579,4925,374,35115,4046,564,1861,7901,167,41612
"G","East of England",,,"00KG","Thurrock",,,90785,4801,242,1640,2579,468,37453,4023,600,1123,4218,176,33462
"G","East of England","09","Bedfordshire","09UC","Mid Bedfordshire",,,69387,6564,35,457,801,57,28003,2668,391,1544,4419,201,24247
"G","East of England","09","Bedfordshire","09UD","Bedford",,,104806,6669,71,626,3166,229,42534,4234,597,3270,6786,240,36384
"G","East of England","09","Bedfordshire","09UE","South Bedfordshire",,,68407,5180,55,316,1655,208,27010,2933,367,1136,5284,160,24103
"G","East of England","12","Cambridgeshire","12UB","Cambridge",,,114808,4217,56,1792,5582,183,41325,3823,1101,13492,6921,207,36109
"G","East of England","12","Cambridgeshire","12UC","East Cambridgeshire",,,40833,4082,9,154,403,47,15012,1486,225,1239,2129,117,15930
"G","East of England","12","Cambridgeshire","12UD","Fenland",,,53802,3697,9,75,499,128,19484,2316,287,2503,2655,150,21999
"G","East of England","12","Cambridgeshire","12UE","Huntingdonshire",,,100224,8050,31,410,1419,193,43968,4381,578,3505,6278,187,31224
"G","East of England","12","Cambridgeshire","12UG","South Cambridgeshire",,,89742,7695,39,590,1181,164,42136,3077,762,3983,4189,282,25644
"G","East of England","22","Essex","22UB","Basildon",,,118430,5452,282,2350,3491,730,50257,5452,725,1643,6113,192,41743
"G","East of England","22","Essex","22UC","Braintree",,,79213,6696,48,698,1290,237,30045,3258,506,1370,6127,204,28734
"G","East of England","22","Essex","22UD","Brentwood",,,49374,3197,157,1410,936,195,21791,1863,251,342,2440,85,16707
"G","East of England","22","Essex","22UE","Castle Point",,,43823,3252,43,452,969,151,12357,1346,201,624,2192,64,22172
"G","East of England","22","Essex","22UF","Chelmsford",,,110373,7178,137,2422,3420,192,46832,4357,731,2855,7114,261,34874
"G","East of England","22","Essex","22UG","Colchester",,,111800,6880,56,1260,4865,264,43028,4476,829,3284,7731,482,38645
"G","East of England","22","Essex","22UH","Epping Forest",,,67992,5671,1019,718,1161,621,23374,1925,315,354,3300,135,29399
"G","East of England","22","Essex","22UJ","Harlow",,,57499,2489,242,623,1885,456,25156,2949,398,1172,3837,98,18194
"G","East of England","22","Essex","22UK","Maldon",,,34693,3394,25,218,239,81,12354,1195,156,676,2142,100,14113
"G","East of England","22","Essex","22UL","Rochford",,,41807,3355,43,596,891,153,13711,1317,229,503,1997,84,18928
"G","East of England","22","Essex","22UN","Tendring",,,83231,5488,36,452,957,247,23075,2780,486,2368,5110,190,42042
"G","East of England","22","Essex","22UQ","Uttlesford",,,49494,4584,88,609,601,189,22940,1600,261,502,3167,136,14817
"G","East of England","26","Hertfordshire","26UB","Broxbourne",,,52202,3506,193,759,1139,422,20498,1805,253,532,2911,105,20079
"G","East of England","26","Hertfordshire","26UC","Dacorum",,,98393,6745,256,1001,2443,284,45556,3909,586,849,6657,215,29892
"G","East of England","26","Hertfordshire","26UD","East Hertfordshire",,,83789,6766,124,1179,1150,237,36990,3199,448,1033,5891,183,26589
"G","East of England","26","Hertfordshire","26UE","Hertsmere",,,65285,4695,556,1305,2057,371,28594,2151,386,501,3587,136,20946
"G","East of England","26","Hertfordshire","26UF","North Hertfordshire",,,72617,5797,57,940,1357,249,28685,2985,456,1362,5637,139,24953
"G","East of England","26","Hertfordshire","26UG","St Albans",,,83442,6950,219,1675,2035,183,34735,3062,433,893,5217,184,27856
"G","East of England","26","Hertfordshire","26UH","Stevenage",,,59156,2779,97,1179,2215,160,27078,3119,409,1209,3383,97,17431
"G","East of England","26","Hertfordshire","26UJ","Three Rivers",,,49110,4136,556,591,660,155,19847,1349,253,452,2410,160,18541
"G","East of England","26","Hertfordshire","26UK","Watford",,,65928,3261,607,2126,2793,228,30141,2814,492,1010,5783,117,16556
"G","East of England","26","Hertfordshire","26UL","Welwyn Hatfield",,,78994,4131,270,1415,1630,242,37236,3062,527,1343,4605,136,24397
"G","East of England","33","Norfolk","33UB","Breckland",,,76470,6377,12,76,711,163,26833,2968,401,2218,5371,169,31171
"G","East of England","33","Norfolk","33UC","Broadland",,,67588,5656,11,137,1402,106,24160,2098,607,1877,3031,145,28358
"G","East of England","33","Norfolk","33UD","Great Yarmouth",,,63416,3338,10,130,2001,207,21033,2364,462,1818,4307,522,27224
"G","East of England","33","Norfolk","33UE","King's Lynn and West Norfolk",,,93557,6674,17,178,1459,139,34861,3815,627,3210,5135,241,37201
"G","East of England","33","Norfolk","33UF","North Norfolk",,,66479,5449,11,146,790,108,21060,2272,461,2051,4876,228,29027
"G","East of England","33","Norfolk","33UG","Norwich",,,128784,3567,60,1065,9506,269,52225,6502,1534,5457,12117,256,36226
"G","East of England","33","Norfolk","33UH","South Norfolk",,,67155,6326,9,113,689,68,24711,2134,493,1914,3222,219,27257
"G","East of England","42","Suffolk","42UB","Babergh",,,51823,4888,23,169,823,102,19004,2103,317,1123,3587,94,19590
"G","East of England","42","Suffolk","42UC","Forest Heath",,,43832,2421,9,56,555,116,22207,2066,278,1356,2977,122,11669
"G","East of England","42","Suffolk","42UD","Ipswich",,,94584,3616,21,737,6784,163,38294,4520,893,3180,7493,187,28696
"G","East of England","42","Suffolk","42UE","Mid Suffolk",,,54466,5462,13,149,1056,75,20710,2068,428,1594,2946,144,19821
"G","East of England","42","Suffolk","42UF","St Edmundsbury",,,71688,5081,22,119,1157,246,31630,3560,555,1786,5982,176,21374
"G","East of England","42","Suffolk","42UG","Suffolk Coastal",,,76724,5937,30,237,1014,118,30401,2598,822,2656,3991,201,28719
"G","East of England","42","Suffolk","42UH","Waveney",,,74839,4168,26,251,1983,227,23886,2588,755,3878,4350,347,32380
"H","London","1B","Inner London","00AA","City of London",,,313955,432,99884,155216,15017,1820,19782,2100,4928,3748,8511,740,1777
"H","London","1C","Outer London","00AB","Barking and Dagenham",,,100016,4010,2536,2284,4696,454,29484,2576,668,864,4549,180,47715
"H","London","1C","Outer London","00AC","Barnet",,,189109,15467,6936,3251,11593,775,54196,3548,941,968,8801,430,82203
"H","London","1C","Outer London","00AD","Bexley",,,120036,7537,365,2765,5989,830,39065,3379,810,784,5759,210,52543
"H","London","1C","Outer London","00AE","Brent",,,169867,10886,9069,4783,9243,421,43067,2960,934,1123,7055,318,80008
"H","London","1C","Outer London","00AF","Bromley",,,173428,12653,1145,6495,11352,681,54338,4397,1041,1132,8998,325,70871
"H","London","1B","Inner London","00AG","Camden",,,290966,9860,72473,61678,20889,981,33125,2578,4026,6218,15032,809,63297
"H","London","1C","Outer London","00AH","Croydon",,,209563,13372,5671,13707,17235,684,56726,4692,1380,1554,12616,590,81336
"H","London","1C","Outer London","00AJ","Ealing",,,190880,12256,10126,4838,12197,356,53535,3640,1307,2262,8963,386,81014
"H","London","1C","Outer London","00AK","Enfield",,,166461,9985,2820,2784,9689,812,50099,3706,864,1349,7647,257,76449
"H","London","1C","Outer London","00AL","Greenwich",,,126948,6581,1870,4064,9664,510,31272,2455,856,1013,6238,216,62209
"H","London","1B","Inner London","00AM","Hackney",,,141921,6937,11190,12133,9277,487,21887,1419,1407,2476,6746,323,67639
"H","London","1B","Inner London","00AN","Hammersmith and Fulham",,,146887,7376,26052,10661,9133,355,28254,1639,2096,4034,10088,430,46769
"H","London","1B","Inner London","00AP","Haringey",,,129762,8416,5835,3081,9333,253,26890,1719,632,968,5439,228,66968
"H","London","1C","Outer London","00AQ","Harrow",,,120266,9644,4508,2337,5965,451,34918,2399,486,728,5803,272,52755
"H","London","1C","Outer London","00AR","Havering",,,132730,7500,1463,3657,8220,905,42276,3838,656,857,6363,209,56786
"H","London","1C","Outer London","00AS","Hillingdon",,,234069,9624,7090,3660,14632,641,119618,6317,2109,2478,8277,1022,58601
"H","London","1C","Outer London","00AT","Hounslow",,,163023,8667,6194,5858,9735,252,61536,3373,1534,3165,8426,500,53783
"H","London","1B","Inner London","00AU","Islington",,,194146,6711,35143,34959,14020,964,26965,2033,2605,4073,10456,411,55806
"H","London","1B","Inner London","00AW","Kensington and Chelsea",,,151042,10259,29618,13934,10937,446,18606,1407,2131,3473,10382,551,49298
"H","London","1C","Outer London","00AX","Kingston upon Thames",,,100619,6783,927,4742,7894,284,32662,2383,814,2335,7374,256,34165
"H","London","1B","Inner London","00AY","Lambeth",,,186392,9873,17856,23123,14383,377,31702,1944,1976,3098,8382,438,73240
"H","London","1B","Inner London","00AZ","Lewisham",,,133176,8350,2324,5444,9237,382,27974,1996,859,1144,6643,271,68552
"H","London","1C","Outer London","00BA","Merton",,,110569,8052,4916,5396,5790,317,30497,2006,1017,1745,6005,295,44533
"H","London","1B","Inner London","00BB","Newham",,,151062,7053,7050,5204,8177,365,29087,2098,728,1107,6116,237,83840
"H","London","1C","Outer London","00BC","Redbridge",,,133681,8967,3536,2935,7321,1368,33946,2717,606,783,6061,255,65186
"H","London","1C","Outer London","00BD","Richmond upon Thames",,,106516,9852,2427,6435,6637,187,29641,1834,1002,3069,6964,335,38133
"H","London","1B","Inner London","00BE","Southwark",,,217535,8313,23898,39230,15142,617,36210,2498,2425,3204,9885,492,75621
"H","London","1C","Outer London","00BF","Sutton",,,105592,7411,1133,3837,5547,443,36122,2677,759,1269,7294,215,38885
"H","London","1B","Inner London","00BG","Tower Hamlets",,,226653,5658,43887,38552,9776,949,39766,2931,2657,2746,9597,643,69491
"H","London","1C","Outer London","00BH","Waltham Forest",,,121911,6735,4077,2575,6782,695,28935,2205,569,1015,6822,237,61264
"H","London","1B","Inner London","00BJ","Wandsworth",,,161124,10809,9770,12313,11205,323,35380,1966,1749,3451,10294,408,63456
"H","London","1B","Inner London","00BK","Westminster",,,566948,9906,180687,159235,50219,2577,56520,5389,9180,10571,23752,1907,57005
"J","South East",,,"00LC","Medway",,,149944,9084,115,2114,3846,375,53651,6607,953,1539,11243,355,60062
"J","South East",,,"00MA","Bracknell Forest",,,81463,5431,181,1582,1510,213,41545,3085,532,1733,5603,287,19761
"J","South East",,,"00MB","West Berkshire",,,106696,8501,79,1362,2210,175,51699,4468,722,2273,6925,297,27985
"J","South East",,,"00MC","Reading",,,127168,5452,210,6594,12235,207,48908,4776,967,3137,11036,283,33363
"J","South East",,,"00MD","Slough",,,99915,4265,434,2522,2350,437,49477,4075,629,1788,5877,218,27843
"J","South East",,,"00ME","Windsor and Maidenhead",,,99839,7805,317,2783,1389,270,45015,3478,587,1939,6459,391,29406
"J","South East",,,"00MF","Wokingham",,,95207,8675,140,1847,1662,134,41896,2903,555,2085,5190,309,29811
"J","South East",,,"00MG","Milton Keynes",,,165987,9253,154,1490,5372,869,85389,9689,1049,3358,7412,298,41654
"J","South East",,,"00ML","Brighton and Hove",,,179753,10870,111,4800,15578,633,49716,5547,1061,3188,20154,515,67580
"J","South East",,,"00MR","Portsmouth",,,153575,5872,62,2620,8285,1161,57589,6258,1558,6802,13270,1489,48609
"J","South East",,,"00MS","Southampton",,,174456,6511,58,2364,12119,339,63379,6561,1689,4131,12680,1210,63415
"J","South East",,,"00MW","Isle of Wight",,,90607,5796,28,279,2044,89,28342,3167,974,1576,8980,422,38910
"J","South East","11","Buckinghamshire","11UB","Aylesbury Vale",,,103217,9545,130,648,2012,473,40674,4244,488,1800,8681,284,34238
"J","South East","11","Buckinghamshire","11UC","Chiltern",,,53451,5691,272,469,508,103,20091,1641,235,417,2945,109,20970
"J","South East","11","Buckinghamshire","11UE","South Bucks",,,44166,3960,245,709,500,143,20215,1375,282,423,1832,108,14374
"J","South East","11","Buckinghamshire","11UF","Wycombe",,,114917,8931,243,1077,2826,153,52373,4153,747,1208,7069,218,35919
"J","South East","21","East Sussex","21UC","Eastbourne",,,61365,3146,18,899,2443,269,20855,2600,357,1314,4955,139,24370
"J","South East","21","East Sussex","21UD","Hastings",,,55596,3075,24,614,1709,309,17798,2662,346,512,4882,103,23562
"J","South East","21","East Sussex","21UF","Lewes",,,58729,4672,18,1090,1332,208,20721,2128,332,663,4458,123,22984
"J","South East","21","East Sussex","21UG","Rother",,,51998,4725,16,593,612,97,15383,1753,295,475,3660,99,24290
"J","South East","21","East Sussex","21UH","Wealden",,,80866,8893,45,447,795,161,28282,2680,379,654,4718,237,33575
"J","South East","24","Hampshire","24UB","Basingstoke and Deane",,,108747,7768,78,1874,3029,286,51712,5235,652,1657,6985,256,29215
"J","South East","24","Hampshire","24UC","East Hampshire",,,66712,6472,37,575,927,99,25566,2612,395,1090,5110,292,23537
"J","South East","24","Hampshire","24UD","Eastleigh",,,80107,5175,17,848,1841,102,37835,3749,999,1927,4342,176,23096
"J","South East","24","Hampshire","24UE","Fareham",,,70121,4658,21,588,1943,153,28752,3036,770,2165,3869,322,23844
"J","South East","24","Hampshire","24UF","Gosport",,,44336,2530,8,196,1189,139,13388,1430,497,2974,4134,292,17559
"J","South East","24","Hampshire","24UG","Hart",,,52569,4871,60,781,427,86,23570,1670,369,1018,3253,308,16156
"J","South East","24","Hampshire","24UH","Havant",,,72246,4293,18,567,1838,314,25376,3044,480,1764,3787,156,30609
"J","South East","24","Hampshire","24UJ","New Forest",,,106139,8607,33,485,1283,138,40181,3693,897,3071,5395,354,42002
"J","South East","24","Hampshire","24UL","Rushmoor",,,69276,4219,84,1188,1205,176,34389,3034,580,2093,5465,240,16603
"J","South East","24","Hampshire","24UN","Test Valley",,,74715,5899,16,319,1569,178,33405,3666,732,1643,5175,263,21850
"J","South East","24","Hampshire","24UP","Winchester",,,88783,6387,46,1427,2462,216,39869,3722,796,1265,7333,392,24868
"J","South East","29","Kent","29UB","Ashford",,,70251,5541,36,874,1480,144,28457,3268,410,1311,4428,162,24140
"J","South East","29","Kent","29UC","Canterbury",,,95921,5696,42,1112,2225,276,32275,3694,610,1766,8241,253,39731
"J","South East","29","Kent","29UD","Dartford",,,66471,3044,149,1651,3568,315,30050,3449,532,505,3198,170,19840
"J","South East","29","Kent","29UE","Dover",,,73385,3864,32,795,1856,433,26502,3472,674,1218,5520,260,28759
"J","South East","29","Kent","29UG","Gravesham",,,54166,3617,36,639,1523,165,16993,2205,268,514,3448,106,24652
"J","South East","29","Kent","29UH","Maidstone",,,101740,7003,58,1271,3184,197,44508,4545,625,882,7219,235,32013
"J","South East","29","Kent","29UK","Sevenoaks",,,69386,5948,79,1299,663,202,27853,2286,397,439,3706,138,26376
"J","South East","29","Kent","29UL","Shepway",,,63183,4192,22,351,1466,226,21820,2824,361,870,5150,177,25724
"J","South East","29","Kent","29UM","Swale",,,78286,5107,44,1229,853,212,27204,3310,558,1520,5892,181,32176
"J","South East","29","Kent","29UN","Thanet",,,78766,4443,25,537,2032,579,22159,3147,486,1487,6192,183,37496
"J","South East","29","Kent","29UP","Tonbridge and Malling",,,77696,5282,94,1474,1030,135,35930,3235,631,1009,4452,165,24259
"J","South East","29","Kent","29UQ","Tunbridge Wells",,,73712,5808,59,1496,1768,147,30163,3155,398,637,6501,204,23376
"J","South East","38","Oxfordshire","38UB","Cherwell",,,90801,6779,31,357,1866,250,40685,4561,627,2541,7353,234,25517
"J","South East","38","Oxfordshire","38UC","Oxford",,,129551,5068,138,1504,14320,214,40545,3667,1130,9861,8988,259,43857
"J","South East","38","Oxfordshire","38UD","South Oxfordshire",,,81752,7883,65,679,1110,130,33836,2892,560,2260,5902,232,26203
"J","South East","38","Oxfordshire","38UE","Vale of White Horse",,,81127,6241,61,304,1932,59,36038,3306,650,3640,5014,212,23670
"J","South East","38","Oxfordshire","38UF","West Oxfordshire",,,61023,5796,18,134,1096,90,25664,2539,414,2388,4339,176,18369
"J","South East","43","Surrey","43UB","Elmbridge",,,78335,7238,305,1906,784,156,32432,2047,597,1591,3317,221,27741
"J","South East","43","Surrey","43UC","Epsom and Ewell",,,42742,3066,168,1733,809,170,16463,1261,266,792,2636,95,15283
"J","South East","43","Surrey","43UD","Guildford",,,98000,6981,124,3083,2456,152,41532,3496,646,1692,7584,423,29831
"J","South East","43","Surrey","43UE","Mole Valley",,,58359,4954,133,1729,584,98,26048,1784,344,680,3384,258,18363
"J","South East","43","Surrey","43UF","Reigate and Banstead",,,84718,6475,212,2764,1416,306,37050,2815,532,841,5252,248,26807
"J","South East","43","Surrey","43UG","Runnymede",,,62882,3700,212,1575,665,122,31003,1670,454,1190,3056,160,19075
"J","South East","43","Surrey","43UH","Spelthorne",,,58361,3998,337,1564,1631,122,24932,1638,395,1092,2981,144,19527
"J","South East","43","Surrey","43UJ","Surrey Heath",,,59203,4593,80,828,1096,95,28935,2432,411,1018,3057,187,16471
"J","South East","43","Surrey","43UK","Tandridge",,,46654,4760,95,895,852,132,17609,1508,233,282,2598,145,17545
"J","South East","43","Surrey","43UL","Waverley",,,73952,7082,69,1052,932,83,29304,2536,422,976,4813,245,26438
"J","South East","43","Surrey","43UM","Woking",,,59703,4296,176,2579,1127,163,25073,2173,369,1185,3700,136,18726
"J","South East","45","West Sussex","45UB","Adur",,,35644,2458,16,680,720,70,12389,1253,311,996,2184,72,14495
"J","South East","45","West Sussex","45UC","Arun",,,82527,6326,20,707,982,328,25277,2875,536,2895,5724,204,36653
"J","South East","45","West Sussex","45UD","Chichester",,,78039,6476,42,1094,1316,136,30236,3040,487,2112,5615,265,27220
"J","South East","45","West Sussex","45UE","Crawley",,,102731,3667,207,4584,4001,493,57727,4513,771,1672,4226,435,20435
"J","South East","45","West Sussex","45UF","Horsham",,,76036,7127,43,851,1223,96,30875,2897,406,1209,5428,194,25687
"J","South East","45","West Sussex","45UG","Mid Sussex",,,80575,6920,43,1810,1156,223,32796,3211,414,946,6249,213,26594
"J","South East","45","West Sussex","45UH","Worthing",,,65787,3841,17,1376,1651,307,24799,2792,457,2416,5536,113,22482
"K","South West",,,"00HA","Bath and North East Somerset",,,123420,8258,51,1422,5751,221,44818,4643,1033,1975,12077,261,42910
"K","South West",,,"00HB","Bristol, City of",,,317446,12944,87,3641,27511,577,118425,13302,3496,7759,27096,582,102026
"K","South West",,,"00HC","North Somerset",,,117918,9657,12,300,2989,285,43498,4577,994,2252,7767,188,45399
"K","South West",,,"00HD","South Gloucestershire",,,179415,10907,38,1185,5557,221,85580,8053,2244,4201,9777,336,51316
"K","South West",,,"00HG","Plymouth",,,181914,7008,30,682,13106,620,63741,8216,2571,2813,13647,641,68839
"K","South West",,,"00HH","Torbay",,,89235,5807,14,140,2394,216,29156,3875,921,821,8346,236,37309
"K","South West",,,"00HN","Bournemouth",,,116771,6988,29,764,5682,264,42291,4191,999,2672,7728,245,44918
"K","South West",,,"00HP","Poole",,,101823,5683,17,656,3283,145,43537,4262,1260,2949,5753,215,34063
"K","South West",,,"00HX","Swindon",,,145296,6657,99,1448,7707,530,67622,7637,1764,4771,9680,262,37119
"K","South West","15","Cornwall and Isles of Scilly","15UB","Caradon",,,48433,4881,10,175,512,103,14041,1674,362,368,4256,571,21480
"K","South West","15","Cornwall and Isles of Scilly","15UC","Carrick",,,68232,4865,11,384,1512,138,26522,2840,549,521,5236,211,25443
"K","South West","15","Cornwall and Isles of Scilly","15UD","Kerrier",,,62661,4912,11,109,810,89,20820,2395,595,814,3989,236,27881
"K","South West","15","Cornwall and Isles of Scilly","15UE","North Cornwall",,,58084,6255,15,36,339,199,20407,2402,419,482,4466,249,22815
"K","South West","15","Cornwall and Isles of Scilly","15UF","Penwith",,,42923,3810,7,85,992,111,11248,1494,358,466,4129,139,20084
"K","South West","15","Cornwall and Isles of Scilly","15UG","Restormel",,,66044,4890,11,105,812,196,23357,2812,602,596,5053,210,27400
"K","South West","15","Cornwall and Isles of Scilly","15UH","Isles of Scilly",,,1629,295,0,0,0,6,221,19,30,158,526,30,344
"K","South West","18","Devon","18UB","East Devon",,,79846,7932,9,358,1107,153,24398,2755,568,1109,6299,542,34616
"K","South West","18","Devon","18UC","Exeter",,,102578,4016,41,1221,5962,161,41748,4587,1235,2392,9697,172,31346
"K","South West","18","Devon","18UD","Mid Devon",,,43772,5454,5,40,507,55,14258,1541,355,708,3817,123,16909
"K","South West","18","Devon","18UE","North Devon",,,63617,6041,16,61,1265,94,21825,2579,652,1422,6373,221,23068
"K","South West","18","Devon","18UG","South Hams",,,59219,5843,19,103,1160,94,21463,2508,682,495,5141,316,21395
"K","South West","18","Devon","18UH","Teignbridge",,,76071,6828,14,270,1145,114,25753,3009,732,636,5560,202,31808
"K","South West","18","Devon","18UK","Torridge",,,38903,4634,6,30,448,67,11173,1539,297,296,3432,150,16831
"K","South West","18","Devon","18UL","West Devon",,,31530,3960,4,26,307,59,9977,1024,176,208,2691,126,12972
"K","South West","19","Dorset","19UC","Christchurch",,,31560,1788,11,124,585,51,12523,1052,327,933,1481,70,12615
"K","South West","19","Dorset","19UD","East Dorset",,,51938,4556,11,59,337,47,19847,1720,506,1005,1919,121,21810
"K","South West","19","Dorset","19UE","North Dorset",,,40433,4052,7,83,353,80,13942,1330,260,715,4573,157,14881
"K","South West","19","Dorset","19UG","Purbeck",,,29754,2417,4,161,201,63,11051,1160,332,656,2284,121,11304
"K","South West","19","Dorset","19UH","West Dorset",,,67128,6110,25,180,1007,148,24575,2547,553,1224,5778,235,24746
"K","South West","19","Dorset","19UJ","Weymouth and Portland",,,37831,2430,5,77,1961,153,9894,1371,404,693,3339,108,17396
"K","South West","23","Gloucestershire","23UB","Cheltenham",,,86332,4641,25,197,3204,145,34533,3568,763,3647,8759,145,26705
"K","South West","23","Gloucestershire","23UC","Cotswold",,,54937,5842,26,106,498,68,21841,2146,370,1074,4630,207,18129
"K","South West","23","Gloucestershire","23UD","Forest of Dean",,,48636,4551,4,44,527,38,17238,1951,298,491,3177,138,20179
"K","South West","23","Gloucestershire","23UE","Gloucester",,,84277,3767,28,231,4193,104,36915,3952,761,3122,5639,123,25442
"K","South West","23","Gloucestershire","23UF","Stroud",,,68399,6312,16,98,1001,48,27158,2966,568,1029,4688,112,24403
"K","South West","23","Gloucestershire","23UG","Tewkesbury",,,54363,4107,9,74,875,58,24530,2106,510,2063,3011,124,16896
"K","South West","40","Somerset","40UB","Mendip",,,68579,6295,43,122,788,152,25590,2681,477,1324,6208,179,24720
"K","South West","40","Somerset","40UC","Sedgemoor",,,68168,5713,4,61,716,121,23660,2519,582,2931,4558,164,27139
"K","South West","40","Somerset","40UD","South Somerset",,,107585,8262,31,174,1295,167,44467,4362,1195,2627,9167,241,35597
"K","South West","40","Somerset","40UE","Taunton Deane",,,76238,5238,13,155,1303,93,30724,3172,878,3206,6391,226,24839
"K","South West","40","Somerset","40UF","West Somerset",,,23776,2617,4,21,307,34,6384,676,121,498,2603,99,10412
"K","South West","46","Wiltshire","46UB","Kennet",,,48388,4613,36,186,562,86,17560,1934,361,1126,5356,253,16315
"K","South West","46","Wiltshire","46UC","North Wiltshire",,,80932,7269,32,238,1252,138,33277,3289,734,2368,6663,221,25451
"K","South West","46","Wiltshire","46UD","Salisbury",,,81973,6420,22,566,2497,128,32434,3580,691,2248,8366,330,24691
"K","South West","46","Wiltshire","46UF","West Wiltshire",,,77160,5883,18,312,827,176,30842,3362,597,2159,6397,198,26389
,,,,"00NA","Isle of Anglesey",,,43548,3260,0,92,450,103,12814,1771,172,440,2512,130,21804
,,,,"00NC","Gwynedd",,,86113,6984,12,210,2009,177,28470,3716,258,714,6553,231,36779
,,,,"00NE","Conwy",,,71566,5605,22,205,1622,210,22365,2712,271,716,4642,223,32973
,,,,"00NG","Denbighshire",,,64307,4426,11,177,1157,248,22656,3245,215,694,4351,201,26926
,,,,"00NJ","Flintshire",,,104137,5415,22,197,1826,413,44775,5799,746,1266,4969,228,38481
,,,,"00NL","Wrexham",,,91725,4849,13,159,2795,388,35364,5473,499,902,4937,158,36188
,,,,"00NN","Powys",,,86127,11422,9,95,656,179,28892,3361,310,746,7372,324,32761
,,,,"00NQ","Ceredigion",,,54798,5789,24,85,832,93,15995,2063,156,274,3545,139,25803
,,,,"00NS","Pembrokeshire",,,78407,7377,17,116,1253,185,24055,3508,319,348,5085,278,35866
,,,,"00NU","Carmarthenshire",,,117314,9742,13,202,1448,257,37707,5179,464,719,5944,334,55305
,,,,"00NX","Swansea",,,167091,6655,36,539,6961,607,59682,9181,690,992,8157,288,73303
,,,,"00NZ","Neath Port Talbot",,,89837,3301,18,178,1862,240,27789,4340,483,672,4614,168,46172
,,,,"00PB","Bridgend",,,90214,3702,16,333,2188,333,32632,5550,351,463,4904,194,39548
,,,,"00PD","The Vale of Glamorgan",,,72994,4409,7,367,1390,252,25743,3305,392,859,4304,179,31787
,,,,"00PF","Rhondda, Cynon, Taff",,,150604,5612,24,782,3765,197,44798,8521,441,434,8360,233,77437
,,,,"00PH","Merthyr Tydfil",,,38584,1225,3,84,1537,135,11242,2204,86,107,2018,41,19902
,,,,"00PK","Caerphilly",,,104366,4388,14,334,2366,338,30724,5620,275,413,5856,159,53879
,,,,"00PL","Blaenau Gwent",,,45302,1445,3,28,726,187,12598,2608,128,143,3034,64,24338
,,,,"00PM","Torfaen",,,61628,2267,0,68,1430,279,22111,3468,318,383,3518,97,27689
,,,,"00PP","Monmouthshire",,,57196,4948,8,90,694,158,21314,2875,270,407,3785,169,22478
,,,,"00PR","Newport",,,109324,3811,16,401,6313,317,45314,6618,679,865,5232,171,39587
,,,,"00PT","Cardiff",,,256842,8691,110,7871,16893,589,96966,13233,1127,3645,17155,477,90085