DATASET_TITLE,"Dwelling Stock by Council Tax Band, 2005",,,,,,FROM,Mar-2005,Mar-2005,Mar-2005,Mar-2005,Mar-2005,Mar-2005,Mar-2005,Mar-2005,Mar-2005,Mar-2005,Mar-2005,Mar-2005,Mar-2005,Mar-2005,Mar-2005,Mar-2005,Mar-2005,Mar-2005,Mar-2005,Mar-2005,Mar-2005
AREA_TYPE,Local Authority,,,,,,TO,Mar-2005,Mar-2005,Mar-2005,Mar-2005,Mar-2005,Mar-2005,Mar-2005,Mar-2005,Mar-2005,Mar-2005,Mar-2005,Mar-2005,Mar-2005,Mar-2005,Mar-2005,Mar-2005,Mar-2005,Mar-2005,Mar-2005,Mar-2005,Mar-2005
GEO_HIERARCHY,NeSS Geography Hierarchy,,,,,,HEADING,Dwelling Stock by Council Tax Band; Total,Dwelling Stock by Council Tax Band; Band A,Dwelling Stock by Council Tax Band; Band A,Dwelling Stock by Council Tax Band; Band B,Dwelling Stock by Council Tax Band; Band B,Dwelling Stock by Council Tax Band; Band C,Dwelling Stock by Council Tax Band; Band C,Dwelling Stock by Council Tax Band; Band D,Dwelling Stock by Council Tax Band; Band D,Dwelling Stock by Council Tax Band; Band E,Dwelling Stock by Council Tax Band; Band E,Dwelling Stock by Council Tax Band; Band F,Dwelling Stock by Council Tax Band; Band F,Dwelling Stock by Council Tax Band; Band G,Dwelling Stock by Council Tax Band; Band G,Dwelling Stock by Council Tax Band; Band H,Dwelling Stock by Council Tax Band; Band H,Dwelling Stock by Council Tax Band; Band I,Dwelling Stock by Council Tax Band; Band I,Dwelling Stock by Council Tax Band; Band X; Unallocated,Dwelling Stock by Council Tax Band; Band X; Unallocated
,,,,,,,MEASUREMENT_UNIT,Count,Count,Percentage,Count,Percentage,Count,Percentage,Count,Percentage,Count,Percentage,Count,Percentage,Count,Percentage,Count,Percentage,Count,Percentage,Count,Percentage
,,,,,,,STATISTICAL_UNIT,Dwellings,Dwellings,Dwellings,Dwellings,Dwellings,Dwellings,Dwellings,Dwellings,Dwellings,Dwellings,Dwellings,Dwellings,Dwellings,Dwellings,Dwellings,Dwellings,Dwellings,Dwellings,Dwellings,Dwellings,Dwellings
GOR_CODE,GOR_NAME,CTY_CODE,CTY_NAME,LA_CODE,LA_NAME,AREA_METADATA,,DATA_VALUE,DATA_VALUE,DATA_VALUE,DATA_VALUE,DATA_VALUE,DATA_VALUE,DATA_VALUE,DATA_VALUE,DATA_VALUE,DATA_VALUE,DATA_VALUE,DATA_VALUE,DATA_VALUE,DATA_VALUE,DATA_VALUE,DATA_VALUE,DATA_VALUE,DATA_VALUE,DATA_VALUE,DATA_VALUE,DATA_VALUE
"G","East of England",,,"00JA","Peterborough",,,71663,32127,44.83,16467,22.98,11400,15.91,5744,8.02,3563,4.97,1547,2.16,760,1.06,55,.08,0,0,0,0
"G","East of England",,,"00KA","Luton",,,74054,14495,19.57,25524,34.47,21820,29.46,7519,10.15,3381,4.57,1027,1.39,262,.35,26,.04,0,0,0,0
"G","East of England",,,"00KF","Southend-on-Sea",,,76247,15903,20.86,14719,19.3,22077,28.95,12160,15.95,6350,8.33,3442,4.51,1489,1.95,107,.14,0,0,0,0
"G","East of England",,,"00KG","Thurrock",,,61518,7165,11.65,12263,19.93,25041,40.71,10262,16.68,4057,6.59,1943,3.16,750,1.22,37,.06,0,0,0,0
"G","East of England","09","Bedfordshire","09UC","Mid Bedfordshire",,,52921,3768,7.12,10341,19.54,15143,28.61,8698,16.44,8088,15.28,4313,8.15,2376,4.49,194,.37,0,0,0,0
"G","East of England","09","Bedfordshire","09UD","Bedford",,,63193,8767,13.87,15686,24.82,15974,25.28,8877,14.05,6872,10.87,4339,6.87,2474,3.91,204,.32,0,0,0,0
"G","East of England","09","Bedfordshire","09UE","South Bedfordshire",,,48909,5110,10.45,10181,20.82,14280,29.2,9648,19.73,5280,10.8,2733,5.59,1571,3.21,106,.22,0,0,0,0
"G","East of England","12","Cambridgeshire","12UB","Cambridge",,,45705,2564,5.61,8574,18.76,16554,36.22,7768,17,4387,9.6,2855,6.25,2602,5.69,401,.88,0,0,0,0
"G","East of England","12","Cambridgeshire","12UC","East Cambridgeshire",,,32314,3769,11.66,9586,29.67,6527,20.2,6173,19.1,3856,11.93,1753,5.42,578,1.79,72,.22,0,0,0,0
"G","East of England","12","Cambridgeshire","12UD","Fenland",,,39178,15067,38.46,10356,26.43,7798,19.9,3780,9.65,1622,4.14,398,1.02,137,.35,20,.05,0,0,0,0
"G","East of England","12","Cambridgeshire","12UE","Huntingdonshire",,,67491,10419,15.44,17456,25.86,16147,23.92,10640,15.77,7954,11.79,3204,4.75,1540,2.28,131,.19,0,0,0,0
"G","East of England","12","Cambridgeshire","12UG","South Cambridgeshire",,,56663,2218,3.91,5856,10.33,17436,30.77,10759,18.99,9865,17.41,6528,11.52,3680,6.49,321,.57,0,0,0,0
"G","East of England","22","Essex","22UB","Basildon",,,72485,8984,12.39,14804,20.42,22109,30.5,13360,18.43,6970,9.62,4320,5.96,1829,2.52,109,.15,0,0,0,0
"G","East of England","22","Essex","22UC","Braintree",,,58689,5411,9.22,14759,25.15,17664,30.1,8297,14.14,6553,11.17,3751,6.39,2055,3.5,199,.34,0,0,0,0
"G","East of England","22","Essex","22UD","Brentwood",,,30701,546,1.78,2547,8.3,6161,20.07,7763,25.29,5325,17.34,4256,13.86,3647,11.88,456,1.49,0,0,0,0
"G","East of England","22","Essex","22UE","Castle Point",,,36120,1849,5.12,5893,16.32,13488,37.34,8376,23.19,4184,11.58,1712,4.74,557,1.54,61,.17,0,0,0,0
"G","East of England","22","Essex","22UF","Chelmsford",,,68053,4411,6.48,9179,13.49,20887,30.69,15321,22.51,9443,13.88,5064,7.44,3449,5.07,299,.44,0,0,0,0
"G","East of England","22","Essex","22UG","Colchester",,,68937,8465,12.28,18026,26.15,17878,25.93,12004,17.41,6917,10.03,3339,4.84,2158,3.13,150,.22,0,0,0,0
"G","East of England","22","Essex","22UH","Epping Forest",,,52519,1655,3.15,4559,8.68,10950,20.85,13330,25.38,8886,16.92,6444,12.27,5670,10.8,1025,1.95,0,0,0,0
"G","East of England","22","Essex","22UJ","Harlow",,,34556,2119,6.13,7401,21.42,18123,52.45,3782,10.94,1920,5.56,786,2.27,409,1.18,16,.05,0,0,0,0
"G","East of England","22","Essex","22UK","Maldon",,,25881,2133,8.24,3454,13.35,7596,29.35,4806,18.57,4023,15.54,2478,9.57,1251,4.83,140,.54,0,0,0,0
"G","East of England","22","Essex","22UL","Rochford",,,33520,1338,3.99,3081,9.19,11227,33.49,10023,29.9,4640,13.84,2059,6.14,1076,3.21,75,.22,0,0,1,0
"G","East of England","22","Essex","22UN","Tendring",,,65116,11825,18.16,16667,25.6,20018,30.74,9749,14.97,4467,6.86,1540,2.37,768,1.18,82,.13,0,0,0,0
"G","East of England","22","Essex","22UQ","Uttlesford",,,29728,940,3.16,3359,11.3,7253,24.4,5762,19.38,4952,16.66,3422,11.51,3695,12.43,345,1.16,0,0,0,0
"G","East of England","26","Hertfordshire","26UB","Broxbourne",,,36877,431,1.17,3284,8.91,7708,20.9,13684,37.11,7057,19.14,2602,7.06,1956,5.3,155,.42,0,0,0,0
"G","East of England","26","Hertfordshire","26UC","Dacorum",,,58676,1135,1.93,7671,13.07,17715,30.19,13860,23.62,8049,13.72,5167,8.81,4473,7.62,606,1.03,0,0,0,0
"G","East of England","26","Hertfordshire","26UD","East Hertfordshire",,,54968,647,1.18,5183,9.43,13371,24.33,13793,25.09,9853,17.92,6599,12.01,4894,8.9,628,1.14,0,0,0,0
"G","East of England","26","Hertfordshire","26UE","Hertsmere",,,39542,498,1.26,2761,6.98,6004,15.18,13085,33.09,8367,21.16,3838,9.71,4200,10.62,789,2,0,0,0,0
"G","East of England","26","Hertfordshire","26UF","North Hertfordshire",,,51935,3081,5.93,7686,14.8,18007,34.67,9027,17.38,6604,12.72,4273,8.23,2976,5.73,281,.54,0,0,0,0
"G","East of England","26","Hertfordshire","26UG","St Albans",,,55810,844,1.51,2826,5.06,8412,15.07,15286,27.39,12260,21.97,8447,15.14,6789,12.16,946,1.7,0,0,0,0
"G","East of England","26","Hertfordshire","26UH","Stevenage",,,33858,1368,4.04,5721,16.9,19885,58.73,3029,8.95,2555,7.55,887,2.62,403,1.19,10,.03,0,0,0,0
"G","East of England","26","Hertfordshire","26UJ","Three Rivers",,,34911,753,2.16,1946,5.57,6110,17.5,9233,26.45,6940,19.88,3773,10.81,4858,13.92,1298,3.72,0,0,0,0
"G","East of England","26","Hertfordshire","26UK","Watford",,,34281,282,.82,3522,10.27,12356,36.04,10929,31.88,3380,9.86,1971,5.75,1770,5.16,71,.21,0,0,0,0
"G","East of England","26","Hertfordshire","26UL","Welwyn Hatfield",,,42733,581,1.36,4328,10.13,13845,32.4,10944,25.61,4630,10.83,4234,9.91,3620,8.47,551,1.29,0,0,0,0
"G","East of England","33","Norfolk","33UB","Breckland",,,53788,13872,25.79,15691,29.17,12457,23.16,6397,11.89,3438,6.39,1266,2.35,612,1.14,55,.1,0,0,0,0
"G","East of England","33","Norfolk","33UC","Broadland",,,53073,4107,7.74,13828,26.05,19625,36.98,8623,16.25,4238,7.99,1843,3.47,724,1.36,85,.16,0,0,0,0
"G","East of England","33","Norfolk","33UD","Great Yarmouth",,,44332,19071,43.02,11468,25.87,7845,17.7,3643,8.22,1560,3.52,492,1.11,239,.54,14,.03,0,0,0,0
"G","East of England","33","Norfolk","33UE","King's Lynn and West Norfolk",,,65549,22010,33.58,15731,24,12540,19.13,8098,12.35,4134,6.31,2059,3.14,883,1.35,93,.14,0,0,1,0
"G","East of England","33","Norfolk","33UF","North Norfolk",,,50619,10619,20.98,13544,26.76,10798,21.33,8288,16.37,4307,8.51,1980,3.91,999,1.97,84,.17,0,0,0,0
"G","East of England","33","Norfolk","33UG","Norwich",,,59059,25492,43.16,20531,34.76,6764,11.45,2932,4.96,1929,3.27,715,1.21,624,1.06,72,.12,0,0,0,0
"G","East of England","33","Norfolk","33UH","South Norfolk",,,49928,5310,10.64,14446,28.93,12429,24.89,8717,17.46,5341,10.7,2296,4.6,1282,2.57,106,.21,0,0,1,0
"G","East of England","42","Suffolk","42UB","Babergh",,,37015,4213,11.38,10975,29.65,7654,20.68,6670,18.02,3861,10.43,1963,5.3,1509,4.08,170,.46,0,0,0,0
"G","East of England","42","Suffolk","42UC","Forest Heath",,,25119,5950,23.69,9057,36.06,4873,19.4,3012,11.99,1221,4.86,576,2.29,379,1.51,51,.2,0,0,0,0
"G","East of England","42","Suffolk","42UD","Ipswich",,,53809,16702,31.04,19992,37.15,10139,18.84,3801,7.06,1969,3.66,869,1.61,325,.6,12,.02,0,0,0,0
"G","East of England","42","Suffolk","42UE","Mid Suffolk",,,38290,4845,12.65,10532,27.51,8362,21.84,6154,16.07,4414,11.53,2471,6.45,1407,3.67,105,.27,0,0,0,0
"G","East of England","42","Suffolk","42UF","St Edmundsbury",,,44010,4875,11.08,16462,37.41,8617,19.58,6769,15.38,3981,9.05,1767,4.01,1419,3.22,120,.27,0,0,0,0
"G","East of England","42","Suffolk","42UG","Suffolk Coastal",,,54783,7204,13.15,13705,25.02,10756,19.63,10297,18.8,6891,12.58,3678,6.71,2092,3.82,160,.29,0,0,0,0
"G","East of England","42","Suffolk","42UH","Waveney",,,53211,18137,34.09,14830,27.87,10089,18.96,5966,11.21,2690,5.06,905,1.7,556,1.04,38,.07,0,0,0,0