DATASET_TITLE,Industry of Employment (UV34),,,,,,FROM,Apr-2001,Apr-2001,Apr-2001,Apr-2001,Apr-2001,Apr-2001,Apr-2001,Apr-2001,Apr-2001,Apr-2001,Apr-2001,Apr-2001,Apr-2001,Apr-2001,Apr-2001,Apr-2001,Apr-2001,Apr-2001
AREA_TYPE,Local Authority,,,,,,TO,Apr-2001,Apr-2001,Apr-2001,Apr-2001,Apr-2001,Apr-2001,Apr-2001,Apr-2001,Apr-2001,Apr-2001,Apr-2001,Apr-2001,Apr-2001,Apr-2001,Apr-2001,Apr-2001,Apr-2001,Apr-2001
GEO_HIERARCHY,NeSS Geography Hierarchy,,,,,,HEADING,All People,"A. Agriculture, hunting and forestry",B. Fishing,C. Mining and quarrying,D. Manufacturing,"E. Electricity, gas and water supply",F. Construction,"G. Wholesale and retail trade, repairs",H. Hotels and restaurants,"I. Transport, storage and communications",J. Financial intermediation,"K. Real estate, renting and business activities","L. Public administration and defence, social security",M. Education,N. Health and social work,"O. Other community, social and personal service activities",P. Private households with employed persons,Q. Extra-territorial organisations and bodies
,,,,,,,MEASUREMENT_UNIT,Count,Count,Count,Count,Count,Count,Count,Count,Count,Count,Count,Count,Count,Count,Count,Count,Count,Count
,,,,,,,STATISTICAL_UNIT,Persons,Persons,Persons,Persons,Persons,Persons,Persons,Persons,Persons,Persons,Persons,Persons,Persons,Persons,Persons,Persons,Persons,Persons
GOR_CODE,GOR_NAME,CTY_CODE,CTY_NAME,LA_CODE,LA_NAME,AREA_METADATA,,DATA_VALUE,DATA_VALUE,DATA_VALUE,DATA_VALUE,DATA_VALUE,DATA_VALUE,DATA_VALUE,DATA_VALUE,DATA_VALUE,DATA_VALUE,DATA_VALUE,DATA_VALUE,DATA_VALUE,DATA_VALUE,DATA_VALUE,DATA_VALUE,DATA_VALUE,DATA_VALUE
"B","North West",,,"00BL","Bolton",,,114415,602,6,88,21505,1441,8464,22817,4790,7262,3815,11343,5848,8789,12708,4900,27,10
"B","North West",,,"00BM","Bury",,,83850,417,3,59,13690,527,4947,15814,3426,6257,3680,9459,4396,6919,10533,3694,26,3
"B","North West",,,"00BN","Manchester",,,142449,516,3,109,15173,703,7388,22397,10818,11728,5754,20646,5719,14678,18597,8147,48,25
"B","North West",,,"00BP","Oldham",,,92777,441,3,33,18866,712,6552,18889,4249,6177,3352,8559,4604,6932,9969,3416,19,4
"B","North West",,,"00BQ","Rochdale",,,86867,458,6,64,16925,520,6056,17998,3653,6143,2775,7731,4296,6363,10626,3230,19,4
"B","North West",,,"00BR","Salford",,,89920,396,4,84,12924,671,6153,16692,4588,6892,3937,11404,4212,6841,10691,4387,35,9
"B","North West",,,"00BS","Stockport",,,136059,793,6,141,20222,910,8298,23555,5590,10436,7222,18746,6192,12049,15925,5902,56,16
"B","North West",,,"00BT","Tameside",,,96255,442,3,52,20928,870,7025,17545,3806,6515,4089,9772,5104,6142,10034,3894,26,8
"B","North West",,,"00BU","Trafford",,,99146,566,3,128,12237,745,5833,16393,3989,7920,5434,16949,4416,8117,11749,4591,64,12
"B","North West",,,"00BW","Wigan",,,135615,735,6,192,26367,1075,11844,27133,5421,9417,4133,12434,7407,8980,14518,5920,25,8
"B","North West",,,"00BX","Knowsley",,,54352,307,0,58,8215,354,4003,9352,2294,4874,2236,4814,3684,3783,7609,2762,4,3
"B","North West",,,"00BY","Liverpool",,,154817,496,6,143,16467,674,9292,24284,8385,11988,7577,15748,11618,15747,23729,8623,21,19
"B","North West",,,"00BZ","St. Helens",,,73075,472,0,75,12804,720,5301,13608,3002,5339,2155,6579,4226,5748,9828,3195,18,5
"B","North West",,,"00CA","Sefton",,,116315,942,8,141,11963,567,7310,21743,4983,7744,6385,11130,10815,10263,16559,5697,57,8
"B","North West",,,"00CB","Wirral",,,126397,694,7,247,19686,765,7896,19737,5351,7627,5656,14377,9285,10795,18219,6002,39,14
"B","North West",,,"00ET","Halton",,,50362,275,0,113,10445,579,3066,9864,2175,4462,1205,4974,2784,3196,5242,1971,11,0
"B","North West",,,"00EU","Warrington",,,91286,756,3,90,14224,1828,5639,18014,3932,8102,3118,12051,4315,6238,9498,3439,32,7
"B","North West",,,"00EX","Blackburn with Darwen",,,53574,299,0,38,14560,300,2763,9447,2386,3122,933,4350,2327,4148,6615,2270,12,4
"B","North West",,,"00EY","Blackpool",,,59073,404,11,46,6891,222,3667,10480,7615,3511,1909,4766,5481,2904,7415,3722,25,4
"B","North West","13","Cheshire","13UB","Chester",,,55383,1501,15,158,7887,414,2742,9138,3475,3209,3463,7412,2816,4680,5775,2632,57,9
"B","North West","13","Cheshire","13UC","Congleton",,,44575,996,4,251,9545,223,2534,7145,1893,2891,1991,5899,1546,3581,4200,1831,45,0
"B","North West","13","Cheshire","13UD","Crewe and Nantwich",,,51528,1537,4,92,9696,263,2841,9825,2520,4477,1329,5029,2061,3857,6102,1841,51,3
"B","North West","13","Cheshire","13UE","Ellesmere Port & Neston",,,37062,337,3,174,7765,259,2313,6817,1922,2002,1599,3914,1766,2453,4028,1691,14,5
"B","North West","13","Cheshire","13UG","Macclesfield",,,73039,1450,4,136,12754,337,3642,11385,3366,4540,3635,12753,2383,5285,8103,3206,52,8
"B","North West","13","Cheshire","13UH","Vale Royal",,,56998,1358,3,277,9940,496,3462,10797,2708,3852,2309,7516,2278,4533,5136,2271,57,5
"B","North West","16","Cumbria","16UB","Allerdale",,,41814,1912,42,142,8777,483,3644,6675,3214,1939,725,3141,2171,2822,4291,1819,13,4
"B","North West","16","Cumbria","16UC","Barrow-in-Furness",,,28849,252,8,106,8087,379,1797,4671,1730,1490,471,1852,1427,1765,3635,1154,7,18
"B","North West","16","Cumbria","16UD","Carlisle",,,46858,1601,19,124,7452,315,3422,9537,2773,3609,1086,3810,2726,3021,5220,2121,19,3
"B","North West","16","Cumbria","16UE","Copeland",,,29222,838,15,102,7946,979,2622,3603,1751,1123,309,2396,1439,1816,3194,1071,14,4
"B","North West","16","Cumbria","16UF","Eden",,,24753,2505,21,206,2629,136,2052,4149,2567,1632,460,1954,1309,1814,2129,1160,27,3
"B","North West","16","Cumbria","16UG","South Lakeland",,,48413,2099,11,226,6686,431,3537,8590,5435,2042,1267,4204,1870,4414,5006,2537,46,12
"B","North West","30","Lancashire","30UD","Burnley",,,38099,217,0,18,11176,175,1966,6950,1624,1803,966,2805,1642,2384,4929,1433,8,3
"B","North West","30","Lancashire","30UE","Chorley",,,49200,826,9,69,8141,292,3694,9061,2378,2688,1481,5433,3260,3954,5660,2230,21,3
"B","North West","30","Lancashire","30UF","Fylde",,,32214,554,7,21,5232,133,1605,4572,2164,1386,1643,4104,3247,2390,3744,1394,18,0
"B","North West","30","Lancashire","30UG","Hyndburn",,,34774,239,3,44,9440,143,2132,6738,1438,2014,665,2562,1429,2552,4020,1347,8,0
"B","North West","30","Lancashire","30UH","Lancaster",,,55906,1212,17,212,6314,1368,3751,9362,3755,3649,1411,4347,3180,6395,7941,2945,43,4
"B","North West","30","Lancashire","30UJ","Pendle",,,37041,394,0,27,11227,123,1949,6713,1586,1792,807,3015,1574,2639,3899,1288,8,0
"B","North West","30","Lancashire","30UK","Preston",,,56203,635,9,35,9431,349,3346,10976,2799,3465,1635,5709,4303,4410,6898,2189,11,3
"B","North West","30","Lancashire","30UL","Ribble Valley",,,26408,1013,12,71,5117,129,1736,4223,1454,1149,659,2498,1318,2672,3244,1086,24,3
"B","North West","30","Lancashire","30UM","Rossendale",,,29878,234,3,48,6894,114,2198,4983,1076,2160,653,2896,1389,2438,3618,1157,11,6
"B","North West","30","Lancashire","30UN","South Ribble",,,51329,804,3,28,9444,322,3356,9417,1949,3152,1590,5336,4899,3836,5224,1954,12,3
"B","North West","30","Lancashire","30UP","West Lancashire",,,48843,1820,5,60,8585,167,3044,8108,2005,2809,2228,4629,2640,4608,6014,2097,21,3
"B","North West","30","Lancashire","30UQ","Wyre",,,45036,1175,70,121,5576,238,3403,7612,2822,2438,1465,4142,5190,3555,5171,2029,23,6