DATASET_TITLE,"New Deal Programme: Jobs Gained by Ethnic Group, 2004",,,,,,FROM,Jan-2004,Jan-2004,Jan-2004,Jan-2004,Jan-2004,Jan-2004,Jan-2004,Jan-2004,Jan-2004,Jan-2004,Jan-2004,Jan-2004,Jan-2004,Jan-2004,Jan-2004,Jan-2004,Jan-2004,Jan-2004
AREA_TYPE,Local Authority,,,,,,TO,Dec-2004,Dec-2004,Dec-2004,Dec-2004,Dec-2004,Dec-2004,Dec-2004,Dec-2004,Dec-2004,Dec-2004,Dec-2004,Dec-2004,Dec-2004,Dec-2004,Dec-2004,Dec-2004,Dec-2004,Dec-2004
GEO_HIERARCHY,NeSS Geography Hierarchy,,,,,,HEADING,New Deal Young People,New Deal Young People; White,New Deal Young People; Black or Black British,"New Deal Young People; Asian, Asian British or Chinese",New Deal Young People; Mixed or Other,New Deal Young People; Unknown or Prefer Not to Say,New Deal 25plus,New Deal 25plus; White,New Deal 25plus; Black or Black British,"New Deal 25plus; Asian, Asian British or Chinese",New Deal 25plus; Mixed or Other,New Deal 25plus; Unknown or Prefer Not to Say,New Deal Lone Parents,New Deal Lone Parents; White,New Deal Lone Parents; Black or Black British,New Deal Lone Parents; Asian or Asian British or Chinese,New Deal Lone Parents; Mixed or Other,New Deal Lone Parents; Unknown or Prefer Not to Say
,,,,,,,MEASUREMENT_UNIT,Count,Count,Count,Count,Count,Count,Count,Count,Count,Count,Count,Count,Count,Count,Count,Count,Count,Count
,,,,,,,STATISTICAL_UNIT,Cases,Cases,Cases,Cases,Cases,Cases,Cases,Cases,Cases,Cases,Cases,Cases,Cases,Cases,Cases,Cases,Cases,Cases
GOR_CODE,GOR_NAME,CTY_CODE,CTY_NAME,LA_CODE,LA_NAME,AREA_METADATA,,DATA_VALUE,DATA_VALUE,DATA_VALUE,DATA_VALUE,DATA_VALUE,DATA_VALUE,DATA_VALUE,DATA_VALUE,DATA_VALUE,DATA_VALUE,DATA_VALUE,DATA_VALUE,DATA_VALUE,DATA_VALUE,DATA_VALUE,DATA_VALUE,DATA_VALUE,DATA_VALUE
"A","North East",,,"00CH","Gateshead",,,465,410,5,0,10,40,255,220,10,0,10,15,575,525,0,0,5,45
"A","North East",,,"00CJ","Newcastle upon Tyne",,,735,625,5,20,20,65,395,335,10,5,30,15,555,505,0,5,0,45
"A","North East",,,"00CK","North Tyneside",,,485,450,0,0,5,30,220,200,0,5,5,10,515,455,0,0,10,50
"A","North East",,,"00CL","South Tyneside",,,600,535,0,0,5,60,320,300,0,0,10,10,515,470,0,0,0,45
"A","North East",,,"00CM","Sunderland",,,800,735,0,5,10,50,280,260,5,0,5,10,1005,915,0,5,0,85
"A","North East",,,"00EB","Hartlepool",,,365,350,0,0,0,15,110,105,0,0,0,5,305,295,0,0,0,10
"A","North East",,,"00EC","Middlesbrough",,,425,375,5,15,10,20,10,10,0,0,0,0,530,490,0,5,5,30
"A","North East",,,"00EE","Redcar and Cleveland",,,285,270,0,0,0,15,5,5,0,0,0,0,350,320,0,0,0,30
"A","North East",,,"00EF","Stockton-on-Tees",,,585,535,0,10,15,25,205,190,0,0,5,10,470,440,0,0,5,25
"A","North East",,,"00EH","Darlington",,,225,205,0,0,5,15,100,95,0,0,0,5,250,230,0,0,5,15
"A","North East","20","Durham","20UB","Chester-le-Street",,,95,90,0,0,0,5,45,45,0,0,0,0,130,110,0,0,0,20
"A","North East","20","Durham","20UD","Derwentside",,,240,225,0,0,0,15,135,130,0,0,0,5,270,245,0,0,0,25
"A","North East","20","Durham","20UE","Durham",,,145,135,0,0,0,10,80,75,5,0,0,0,155,145,0,0,0,10
"A","North East","20","Durham","20UF","Easington",,,225,215,0,0,0,10,80,75,0,0,0,5,245,230,0,0,0,15
"A","North East","20","Durham","20UG","Sedgefield",,,260,250,0,0,0,10,90,85,0,0,0,5,275,255,0,0,0,20
"A","North East","20","Durham","20UH","Teesdale",,,30,30,0,0,0,0,15,10,5,0,0,0,25,20,5,0,0,0
"A","North East","20","Durham","20UJ","Wear Valley",,,200,180,0,0,5,15,90,85,0,0,0,5,170,155,0,0,0,15
"A","North East","35","Northumberland","35UB","Alnwick",,,55,50,0,0,0,5,35,35,0,0,0,0,60,50,0,0,0,10
"A","North East","35","Northumberland","35UC","Berwick-upon-Tweed",,,40,35,0,0,0,5,15,10,0,0,0,5,55,50,0,0,0,5
"A","North East","35","Northumberland","35UD","Blyth Valley",,,235,215,0,0,0,20,100,95,0,0,0,5,215,185,0,0,0,30
"A","North East","35","Northumberland","35UE","Castle Morpeth",,,75,65,0,0,0,10,35,35,0,0,0,0,60,55,0,0,0,5
"A","North East","35","Northumberland","35UF","Tynedale",,,65,60,0,0,0,5,35,35,0,0,0,0,90,85,0,0,0,5
"A","North East","35","Northumberland","35UG","Wansbeck",,,200,190,0,0,0,10,65,60,0,0,0,5,145,130,0,0,0,15
"B","North West",,,"00BL","Bolton",,,480,390,10,40,20,20,200,170,5,15,0,10,640,580,5,15,10,30
"B","North West",,,"00BM","Bury",,,230,185,5,15,15,10,100,90,0,0,5,5,420,380,5,5,5,25
"B","North West",,,"00BN","Manchester",,,1345,865,145,105,130,100,915,545,115,65,115,75,1245,935,130,25,60,95
"B","North West",,,"00BP","Oldham",,,380,235,15,95,20,15,130,105,5,10,10,0,545,490,15,15,10,15
"B","North West",,,"00BQ","Rochdale",,,460,350,5,80,15,10,205,170,0,25,5,5,620,580,0,20,5,15
"B","North West",,,"00BR","Salford",,,460,410,10,0,15,25,175,145,10,5,10,5,660,605,5,0,5,45
"B","North West",,,"00BS","Stockport",,,260,240,0,5,10,5,125,115,5,0,5,0,415,385,0,10,5,15
"B","North West",,,"00BT","Tameside",,,380,330,5,25,5,15,125,105,5,0,5,10,485,450,5,0,5,25
"B","North West",,,"00BU","Trafford",,,240,170,20,15,20,15,155,105,20,10,10,10,400,330,10,0,20,40
"B","North West",,,"00BW","Wigan",,,565,525,5,0,5,30,260,250,0,0,5,5,695,640,0,0,5,50
"B","North West",,,"00BX","Knowsley",,,695,655,5,0,5,30,270,265,0,0,0,5,755,715,0,0,0,40
"B","North West",,,"00BY","Liverpool",,,1770,1545,70,15,60,80,40,35,0,5,0,0,1455,1300,20,5,25,105
"B","North West",,,"00BZ","St. Helens",,,445,430,0,0,0,15,220,215,0,0,0,5,445,425,0,0,0,20
"B","North West",,,"00CA","Sefton",,,575,540,0,0,0,35,110,105,0,0,0,5,575,525,0,0,5,45
"B","North West",,,"00CB","Wirral",,,890,790,5,0,0,95,520,455,0,5,0,60,830,760,0,0,10,60
"B","North West",,,"00ET","Halton",,,370,345,0,0,0,25,200,190,0,0,0,10,390,350,0,0,0,40
"B","North West",,,"00EU","Warrington",,,250,235,0,5,5,5,120,110,0,5,0,5,260,245,0,0,0,15
"B","North West",,,"00EX","Blackburn with Darwen",,,310,215,0,70,5,20,120,90,0,20,5,5,340,290,0,20,5,25
"B","North West",,,"00EY","Blackpool",,,270,245,0,5,0,20,130,120,0,0,0,10,290,275,0,0,0,15
"B","North West","13","Cheshire","13UB","Chester",,,80,75,0,0,5,0,55,55,0,0,0,0,180,170,0,5,0,5
"B","North West","13","Cheshire","13UC","Congleton",,,40,40,0,0,0,0,25,25,0,0,0,0,95,90,0,0,0,5
"B","North West","13","Cheshire","13UD","Crewe and Nantwich",,,145,140,0,0,0,5,45,45,0,0,0,0,145,135,0,5,0,5
"B","North West","13","Cheshire","13UE","Ellesmere Port & Neston",,,95,90,0,0,0,5,20,20,0,0,0,0,175,155,0,0,0,20
"B","North West","13","Cheshire","13UG","Macclesfield",,,45,35,0,5,0,5,15,10,0,5,0,0,150,140,0,0,0,10
"B","North West","13","Cheshire","13UH","Vale Royal",,,110,105,0,0,0,5,50,50,0,0,0,0,185,180,0,0,0,5
"B","North West","16","Cumbria","16UB","Allerdale",,,190,190,0,0,0,0,75,70,0,0,5,0,165,160,0,0,0,5
"B","North West","16","Cumbria","16UC","Barrow-in-Furness",,,150,140,0,0,0,10,55,55,0,0,0,0,110,100,0,0,0,10
"B","North West","16","Cumbria","16UD","Carlisle",,,125,120,0,0,0,5,80,75,0,0,0,5,125,115,5,0,0,5
"B","North West","16","Cumbria","16UE","Copeland",,,200,190,0,0,0,10,95,95,0,0,0,0,120,115,0,0,0,5
"B","North West","16","Cumbria","16UF","Eden",,,30,30,0,0,0,0,45,40,0,0,5,0,35,30,0,0,0,5
"B","North West","16","Cumbria","16UG","South Lakeland",,,60,60,0,0,0,0,40,35,0,5,0,0,75,75,0,0,0,0
"B","North West","30","Lancashire","30UD","Burnley",,,120,100,5,10,0,5,60,50,0,10,0,0,260,235,0,5,5,15
"B","North West","30","Lancashire","30UE","Chorley",,,90,85,5,0,0,0,30,30,0,0,0,0,145,135,0,0,5,5
"B","North West","30","Lancashire","30UF","Fylde",,,30,25,5,0,0,0,10,10,0,0,0,0,50,45,0,0,0,5
"B","North West","30","Lancashire","30UG","Hyndburn",,,135,110,0,20,0,5,55,45,0,5,0,5,220,205,0,5,0,10
"B","North West","30","Lancashire","30UH","Lancaster",,,200,185,0,0,0,15,145,140,0,0,0,5,230,225,0,0,0,5
"B","North West","30","Lancashire","30UJ","Pendle",,,130,90,0,30,0,10,75,55,0,10,5,5,175,160,0,5,0,10
"B","North West","30","Lancashire","30UK","Preston",,,275,230,5,20,5,15,120,100,0,10,5,5,220,190,10,5,0,15
"B","North West","30","Lancashire","30UL","Ribble Valley",,,15,15,0,0,0,0,10,10,0,0,0,0,45,45,0,0,0,0
"B","North West","30","Lancashire","30UM","Rossendale",,,100,90,0,5,0,5,30,30,0,0,0,0,140,130,0,5,0,5
"B","North West","30","Lancashire","30UN","South Ribble",,,75,70,0,0,0,5,25,25,0,0,0,0,110,100,0,0,5,5
"B","North West","30","Lancashire","30UP","West Lancashire",,,170,160,0,0,0,10,80,70,0,0,0,10,250,230,0,0,5,15
"B","North West","30","Lancashire","30UQ","Wyre",,,105,105,0,0,0,0,40,35,5,0,0,0,140,130,0,0,0,10
"D","Yorkshire and The Humber",,,"00CC","Barnsley",,,435,415,5,0,0,15,145,145,0,0,0,0,610,585,0,0,0,25
"D","Yorkshire and The Humber",,,"00CE","Doncaster",,,530,475,5,5,30,15,0,0,0,0,0,0,620,585,5,5,0,25
"D","Yorkshire and The Humber",,,"00CF","Rotherham",,,500,440,0,20,20,20,220,195,5,5,5,10,695,660,0,5,0,30
"D","Yorkshire and The Humber",,,"00CG","Sheffield",,,1250,900,70,95,130,55,830,640,45,40,75,30,935,805,35,20,35,40
"D","Yorkshire and The Humber",,,"00CX","Bradford",,,1175,625,20,405,55,70,570,335,15,155,30,35,1005,825,10,50,10,110
"D","Yorkshire and The Humber",,,"00CY","Calderdale",,,310,240,5,45,10,10,145,125,5,10,0,5,550,490,5,10,10,35
"D","Yorkshire and The Humber",,,"00CZ","Kirklees",,,580,350,20,125,45,40,325,245,15,30,20,15,985,765,50,45,40,85
"D","Yorkshire and The Humber",,,"00DA","Leeds",,,1360,955,60,80,120,145,655,490,55,30,30,50,1575,1280,55,30,30,180
"D","Yorkshire and The Humber",,,"00DB","Wakefield",,,470,420,5,5,15,25,220,205,0,0,5,10,800,750,5,5,5,35
"D","Yorkshire and The Humber",,,"00FA","Kingston upon Hull, City of",,,970,870,5,0,40,55,540,505,0,5,10,20,1075,1005,0,0,10,60
"D","Yorkshire and The Humber",,,"00FB","East Riding of Yorkshire",,,395,365,0,0,0,30,245,235,0,5,0,5,635,585,5,0,5,40
"D","Yorkshire and The Humber",,,"00FC","North East Lincolnshire",,,420,390,0,5,0,25,220,210,0,0,5,5,435,410,0,5,0,20
"D","Yorkshire and The Humber",,,"00FD","North Lincolnshire",,,255,215,5,5,0,30,95,85,0,5,0,5,345,315,0,5,0,25
"D","Yorkshire and The Humber",,,"00FF","York",,,145,135,0,0,0,10,85,75,0,0,5,5,275,250,5,0,0,20
"D","Yorkshire and The Humber","36","North Yorkshire","36UB","Craven",,,20,20,0,0,0,0,5,5,0,0,0,0,85,80,0,0,0,5
"D","Yorkshire and The Humber","36","North Yorkshire","36UC","Hambleton",,,45,45,0,0,0,0,25,25,0,0,0,0,90,80,0,0,0,10
"D","Yorkshire and The Humber","36","North Yorkshire","36UD","Harrogate",,,50,45,0,5,0,0,65,60,0,5,0,0,225,210,0,0,5,10
"D","Yorkshire and The Humber","36","North Yorkshire","36UE","Richmondshire",,,30,25,5,0,0,0,5,5,0,0,0,0,75,70,0,0,0,5
"D","Yorkshire and The Humber","36","North Yorkshire","36UF","Ryedale",,,25,25,0,0,0,0,15,15,0,0,0,0,65,60,0,0,0,5
"D","Yorkshire and The Humber","36","North Yorkshire","36UG","Scarborough",,,160,150,0,5,0,5,100,95,0,0,0,5,270,245,0,0,0,25
"D","Yorkshire and The Humber","36","North Yorkshire","36UH","Selby",,,65,60,0,0,0,5,35,35,0,0,0,0,110,100,0,0,0,10
"E","East Midlands",,,"00FK","Derby",,,520,320,25,60,70,45,290,215,20,10,25,20,505,410,15,20,10,50
"E","East Midlands",,,"00FN","Leicester",,,930,475,105,200,105,45,505,270,60,85,65,25,515,335,40,75,30,35
"E","East Midlands",,,"00FP","Rutland",,,5,5,0,0,0,0,5,5,0,0,0,0,20,15,0,0,0,5
"E","East Midlands",,,"00FY","Nottingham",,,750,515,70,45,90,30,180,130,20,5,10,15,820,605,85,20,55,55
"E","East Midlands","17","Derbyshire","17UB","Amber Valley",,,100,90,5,0,0,5,80,75,0,0,0,5,165,150,0,0,0,15
"E","East Midlands","17","Derbyshire","17UC","Bolsover",,,150,145,5,0,0,0,55,55,0,0,0,0,115,105,0,0,0,10
"E","East Midlands","17","Derbyshire","17UD","Chesterfield",,,255,240,0,0,5,10,225,215,5,0,0,5,210,185,0,0,0,25
"E","East Midlands","17","Derbyshire","17UF","Derbyshire Dales",,,25,25,0,0,0,0,35,30,0,0,0,5,45,40,0,0,0,5
"E","East Midlands","17","Derbyshire","17UG","Erewash",,,115,100,0,0,0,15,95,90,0,0,0,5,165,155,0,0,0,10
"E","East Midlands","17","Derbyshire","17UH","High Peak",,,80,65,0,0,5,10,40,40,0,0,0,0,125,110,0,0,0,15
"E","East Midlands","17","Derbyshire","17UJ","North East Derbyshire",,,170,155,0,0,0,15,95,95,0,0,0,0,105,95,0,0,0,10
"E","East Midlands","17","Derbyshire","17UK","South Derbyshire",,,70,60,0,0,0,10,30,25,0,0,0,5,90,75,0,5,0,10
"E","East Midlands","31","Leicestershire","31UB","Blaby",,,35,30,0,5,0,0,30,25,5,0,0,0,45,45,0,0,0,0
"E","East Midlands","31","Leicestershire","31UC","Charnwood",,,165,135,0,15,10,5,100,85,0,10,5,0,195,175,5,0,0,15
"E","East Midlands","31","Leicestershire","31UD","Harborough",,,25,20,0,0,0,5,15,15,0,0,0,0,50,45,5,0,0,0
"E","East Midlands","31","Leicestershire","31UE","Hinckley and Bosworth",,,65,65,0,0,0,0,40,35,0,0,5,0,110,105,0,0,0,5
"E","East Midlands","31","Leicestershire","31UG","Melton",,,20,20,0,0,0,0,10,10,0,0,0,0,75,65,0,0,0,10
"E","East Midlands","31","Leicestershire","31UH","North West Leicestershire",,,55,55,0,0,0,0,35,35,0,0,0,0,90,85,0,0,0,5
"E","East Midlands","31","Leicestershire","31UJ","Oadby and Wigston",,,40,25,5,5,0,5,25,15,0,5,5,0,45,35,5,5,0,0
"E","East Midlands","32","Lincolnshire","32UB","Boston",,,35,35,0,0,0,0,10,10,0,0,0,0,150,145,0,0,0,5
"E","East Midlands","32","Lincolnshire","32UC","East Lindsey",,,155,150,0,0,0,5,50,50,0,0,0,0,315,295,5,0,0,15
"E","East Midlands","32","Lincolnshire","32UD","Lincoln",,,175,165,0,0,10,0,70,65,5,0,0,0,250,240,0,0,0,10
"E","East Midlands","32","Lincolnshire","32UE","North Kesteven",,,55,55,0,0,0,0,20,20,0,0,0,0,140,130,0,0,5,5
"E","East Midlands","32","Lincolnshire","32UF","South Holland",,,35,35,0,0,0,0,5,5,0,0,0,0,145,130,0,0,0,15
"E","East Midlands","32","Lincolnshire","32UG","South Kesteven",,,50,50,0,0,0,0,40,40,0,0,0,0,205,195,0,0,0,10
"E","East Midlands","32","Lincolnshire","32UH","West Lindsey",,,100,95,0,0,0,5,40,35,0,0,5,0,140,125,0,0,0,15
"E","East Midlands","34","Northamptonshire","34UB","Corby",,,120,115,0,0,0,5,35,35,0,0,0,0,195,170,5,0,0,20
"E","East Midlands","34","Northamptonshire","34UC","Daventry",,,45,45,0,0,0,0,15,15,0,0,0,0,80,75,0,0,5,0
"E","East Midlands","34","Northamptonshire","34UD","East Northamptonshire",,,55,50,0,0,0,5,25,25,0,0,0,0,95,85,0,0,0,10
"E","East Midlands","34","Northamptonshire","34UE","Kettering",,,75,65,0,0,5,5,10,10,0,0,0,0,115,105,0,0,0,10
"E","East Midlands","34","Northamptonshire","34UF","Northampton",,,255,185,40,10,10,10,145,100,25,5,5,10,280,225,25,0,20,10
"E","East Midlands","34","Northamptonshire","34UG","South Northamptonshire",,,20,20,0,0,0,0,15,10,0,5,0,0,40,40,0,0,0,0
"E","East Midlands","34","Northamptonshire","34UH","Wellingborough",,,75,60,5,5,0,5,30,25,5,0,0,0,140,115,10,0,5,10
"E","East Midlands","37","Nottinghamshire","37UB","Ashfield",,,185,175,0,0,0,10,80,80,0,0,0,0,165,155,0,0,0,10
"E","East Midlands","37","Nottinghamshire","37UC","Bassetlaw",,,105,105,0,0,0,0,10,10,0,0,0,0,270,260,0,0,0,10
"E","East Midlands","37","Nottinghamshire","37UD","Broxtowe",,,110,100,0,5,0,5,85,80,0,0,0,5,130,115,0,0,5,10
"E","East Midlands","37","Nottinghamshire","37UE","Gedling",,,125,115,0,5,0,5,60,60,0,0,0,0,160,150,0,5,5,0
"E","East Midlands","37","Nottinghamshire","37UF","Mansfield",,,205,200,5,0,0,0,80,75,5,0,0,0,120,115,0,5,0,0
"E","East Midlands","37","Nottinghamshire","37UG","Newark and Sherwood",,,120,115,0,0,0,5,50,50,0,0,0,0,145,140,0,0,0,5
"E","East Midlands","37","Nottinghamshire","37UJ","Rushcliffe",,,60,55,0,5,0,0,30,30,0,0,0,0,95,80,0,5,5,5
"F","West Midlands",,,"00CN","Birmingham",,,3280,1480,435,795,350,220,415,310,20,35,30,20,1710,1025,305,125,85,170
"F","West Midlands",,,"00CQ","Coventry",,,670,450,50,60,65,45,405,285,35,35,30,20,585,465,25,20,20,55
"F","West Midlands",,,"00CR","Dudley",,,600,480,20,45,25,30,290,250,10,15,5,10,475,405,15,10,10,35
"F","West Midlands",,,"00CS","Sandwell",,,820,510,65,140,50,55,445,310,55,45,15,20,690,495,70,45,30,50
"F","West Midlands",,,"00CT","Solihull",,,275,235,5,5,15,15,150,130,5,5,5,5,325,295,5,5,5,15
"F","West Midlands",,,"00CU","Walsall",,,755,560,20,105,45,25,315,255,10,25,15,10,570,480,25,25,10,30
"F","West Midlands",,,"00CW","Wolverhampton",,,850,510,115,105,90,30,425,270,50,55,30,20,635,420,95,35,40,45
"F","West Midlands",,,"00GA","Herefordshire, County of",,,175,170,0,0,0,5,130,125,0,0,0,5,250,235,0,0,0,15
"F","West Midlands",,,"00GF","Telford and Wrekin",,,265,240,0,10,5,10,105,100,0,5,0,0,405,370,5,5,5,20
"F","West Midlands",,,"00GL","Stoke-on-Trent",,,550,465,15,10,40,20,185,160,5,5,10,5,485,455,5,0,0,25
"F","West Midlands","39","Shropshire","39UB","Bridgnorth",,,50,50,0,0,0,0,15,15,0,0,0,0,30,30,0,0,0,0
"F","West Midlands","39","Shropshire","39UC","North Shropshire",,,50,45,0,0,5,0,30,30,0,0,0,0,70,65,5,0,0,0
"F","West Midlands","39","Shropshire","39UD","Oswestry",,,55,50,0,0,0,5,20,20,0,0,0,0,90,80,0,5,0,5
"F","West Midlands","39","Shropshire","39UE","Shrewsbury and Atcham",,,80,75,0,0,0,5,35,30,0,5,0,0,150,140,5,0,0,5
"F","West Midlands","39","Shropshire","39UF","South Shropshire",,,20,20,0,0,0,0,15,15,0,0,0,0,35,35,0,0,0,0
"F","West Midlands","41","Staffordshire","41UB","Cannock Chase",,,180,175,0,5,0,0,65,65,0,0,0,0,150,140,0,0,0,10
"F","West Midlands","41","Staffordshire","41UC","East Staffordshire",,,115,85,5,15,5,5,65,55,0,10,0,0,115,95,5,10,0,5
"F","West Midlands","41","Staffordshire","41UD","Lichfield",,,80,80,0,0,0,0,30,25,0,0,5,0,135,130,0,5,0,0
"F","West Midlands","41","Staffordshire","41UE","Newcastle-under-Lyme",,,110,100,0,0,0,10,40,40,0,0,0,0,120,115,0,0,0,5
"F","West Midlands","41","Staffordshire","41UF","South Staffordshire",,,105,100,0,0,0,5,55,50,0,5,0,0,85,80,0,0,0,5
"F","West Midlands","41","Staffordshire","41UG","Stafford",,,110,100,0,0,5,5,50,50,0,0,0,0,110,105,0,0,5,0
"F","West Midlands","41","Staffordshire","41UH","Staffordshire Moorlands",,,60,55,0,0,0,5,25,25,0,0,0,0,75,70,0,0,0,5
"F","West Midlands","41","Staffordshire","41UK","Tamworth",,,110,105,0,0,0,5,45,45,0,0,0,0,170,165,0,0,5,0
"F","West Midlands","44","Warwickshire","44UB","North Warwickshire",,,55,50,0,0,0,5,30,30,0,0,0,0,35,35,0,0,0,0
"F","West Midlands","44","Warwickshire","44UC","Nuneaton and Bedworth",,,170,160,0,5,0,5,55,55,0,0,0,0,115,100,0,5,0,10
"F","West Midlands","44","Warwickshire","44UD","Rugby",,,70,60,0,5,0,5,45,40,0,5,0,0,75,65,0,0,5,5
"F","West Midlands","44","Warwickshire","44UE","Stratford-on-Avon",,,80,75,0,0,0,5,55,55,0,0,0,0,55,50,0,0,0,5
"F","West Midlands","44","Warwickshire","44UF","Warwick",,,90,75,0,10,0,5,70,60,0,5,0,5,65,55,0,5,0,5
"F","West Midlands","47","Worcestershire","47UB","Bromsgrove",,,60,60,0,0,0,0,45,45,0,0,0,0,70,65,0,0,0,5
"F","West Midlands","47","Worcestershire","47UC","Malvern Hills",,,35,35,0,0,0,0,35,35,0,0,0,0,75,70,0,0,0,5
"F","West Midlands","47","Worcestershire","47UD","Redditch",,,140,120,5,5,5,5,60,55,0,0,5,0,120,95,0,0,10,15
"F","West Midlands","47","Worcestershire","47UE","Worcester",,,125,120,0,5,0,0,95,90,5,0,0,0,110,100,0,0,0,10
"F","West Midlands","47","Worcestershire","47UF","Wychavon",,,105,105,0,0,0,0,50,50,0,0,0,0,95,90,0,0,0,5
"F","West Midlands","47","Worcestershire","47UG","Wyre Forest",,,125,115,0,5,0,5,65,60,0,0,0,5,130,125,0,0,0,5
"G","East of England",,,"00JA","Peterborough",,,240,175,5,20,35,5,95,65,5,5,20,0,320,265,5,10,15,25
"G","East of England",,,"00KA","Luton",,,285,125,25,80,20,35,155,75,25,30,10,15,295,185,40,20,15,35
"G","East of England",,,"00KF","Southend-on-Sea",,,220,180,5,0,10,25,170,150,0,0,5,15,305,275,5,0,5,20
"G","East of England",,,"00KG","Thurrock",,,185,160,5,0,5,15,55,45,5,0,0,5,430,400,10,0,5,15
"G","East of England","09","Bedfordshire","09UC","Mid Bedfordshire",,,45,40,0,0,0,5,20,15,0,5,0,0,100,90,0,0,0,10
"G","East of England","09","Bedfordshire","09UD","Bedford",,,185,110,5,30,15,25,100,65,10,5,10,10,235,130,10,10,5,80
"G","East of England","09","Bedfordshire","09UE","South Bedfordshire",,,75,65,0,0,0,10,40,35,0,0,0,5,120,105,0,0,5,10
"G","East of England","12","Cambridgeshire","12UB","Cambridge",,,120,100,0,0,5,15,100,70,0,0,5,25,155,140,5,0,0,10
"G","East of England","12","Cambridgeshire","12UC","East Cambridgeshire",,,60,55,0,0,0,5,30,30,0,0,0,0,70,65,0,0,0,5
"G","East of England","12","Cambridgeshire","12UD","Fenland",,,70,65,0,0,0,5,30,30,0,0,0,0,105,90,0,0,5,10
"G","East of England","12","Cambridgeshire","12UE","Huntingdonshire",,,105,95,0,5,0,5,65,60,0,0,0,5,145,135,0,0,0,10
"G","East of England","12","Cambridgeshire","12UG","South Cambridgeshire",,,50,45,0,0,0,5,25,15,0,0,5,5,80,70,0,0,0,10
"G","East of England","22","Essex","22UB","Basildon",,,195,175,0,5,0,15,90,80,0,0,0,10,310,290,5,0,0,15
"G","East of England","22","Essex","22UC","Braintree",,,80,65,0,0,0,15,35,30,0,0,0,5,160,145,0,0,0,15
"G","East of England","22","Essex","22UD","Brentwood",,,40,40,0,0,0,0,5,5,0,0,0,0,85,75,0,0,5,5
"G","East of England","22","Essex","22UE","Castle Point",,,55,50,0,0,0,5,45,40,5,0,0,0,105,100,0,0,0,5
"G","East of England","22","Essex","22UF","Chelmsford",,,85,80,0,0,0,5,65,60,0,0,0,5,205,185,0,0,0,20
"G","East of England","22","Essex","22UG","Colchester",,,120,100,0,0,10,10,55,55,0,0,0,0,180,160,0,5,0,15
"G","East of England","22","Essex","22UH","Epping Forest",,,90,80,5,0,0,5,40,35,0,5,0,0,100,90,0,0,0,10
"G","East of England","22","Essex","22UJ","Harlow",,,110,100,5,0,0,5,55,55,0,0,0,0,150,135,0,0,5,10
"G","East of England","22","Essex","22UK","Maldon",,,25,20,0,0,0,5,15,15,0,0,0,0,40,35,0,0,0,5
"G","East of England","22","Essex","22UL","Rochford",,,30,30,0,0,0,0,20,20,0,0,0,0,90,80,0,0,0,10
"G","East of England","22","Essex","22UN","Tendring",,,155,150,0,0,0,5,75,70,0,5,0,0,200,185,0,0,0,15
"G","East of England","22","Essex","22UQ","Uttlesford",,,20,15,0,5,0,0,10,10,0,0,0,0,40,40,0,0,0,0
"G","East of England","26","Hertfordshire","26UB","Broxbourne",,,85,80,0,0,0,5,35,30,5,0,0,0,125,120,0,0,0,5
"G","East of England","26","Hertfordshire","26UC","Dacorum",,,100,90,5,0,0,5,35,35,0,0,0,0,205,195,0,0,5,5
"G","East of England","26","Hertfordshire","26UD","East Hertfordshire",,,50,50,0,0,0,0,35,30,0,0,5,0,125,120,0,0,0,5
"G","East of England","26","Hertfordshire","26UE","Hertsmere",,,70,60,0,0,5,5,35,25,0,0,5,5,105,85,5,0,0,15
"G","East of England","26","Hertfordshire","26UF","North Hertfordshire",,,75,60,0,0,10,5,40,35,0,0,5,0,215,185,5,0,10,15
"G","East of England","26","Hertfordshire","26UG","St Albans",,,35,30,0,5,0,0,25,25,0,0,0,0,130,115,5,0,5,5
"G","East of England","26","Hertfordshire","26UH","Stevenage",,,75,65,0,5,0,5,35,25,5,0,0,5,245,235,5,0,0,5
"G","East of England","26","Hertfordshire","26UJ","Three Rivers",,,35,30,0,0,5,0,20,20,0,0,0,0,85,55,0,0,5,25
"G","East of England","26","Hertfordshire","26UK","Watford",,,65,40,5,10,5,5,35,20,5,0,0,10,115,65,5,5,0,40
"G","East of England","26","Hertfordshire","26UL","Welwyn Hatfield",,,85,70,5,0,5,5,40,40,0,0,0,0,190,165,15,0,5,5
"G","East of England","33","Norfolk","33UB","Breckland",,,80,60,0,0,0,20,20,15,0,0,5,0,160,145,0,0,0,15
"G","East of England","33","Norfolk","33UC","Broadland",,,60,50,0,0,0,10,30,25,5,0,0,0,65,60,0,0,0,5
"G","East of England","33","Norfolk","33UD","Great Yarmouth",,,290,260,5,0,20,5,110,75,5,0,20,10,200,190,0,0,0,10
"G","East of England","33","Norfolk","33UE","King's Lynn and West Norfolk",,,100,90,0,0,0,10,45,45,0,0,0,0,210,200,0,0,0,10
"G","East of England","33","Norfolk","33UF","North Norfolk",,,80,75,5,0,0,0,45,40,0,5,0,0,55,50,0,0,0,5
"G","East of England","33","Norfolk","33UG","Norwich",,,240,195,0,0,10,35,145,120,0,0,10,15,125,115,0,0,0,10
"G","East of England","33","Norfolk","33UH","South Norfolk",,,50,40,0,5,0,5,25,25,0,0,0,0,85,70,0,0,0,15
"G","East of England","42","Suffolk","42UB","Babergh",,,45,35,5,0,0,5,35,30,0,0,0,5,65,55,0,5,0,5
"G","East of England","42","Suffolk","42UC","Forest Heath",,,25,20,0,0,0,5,15,10,0,5,0,0,80,70,0,0,0,10
"G","East of England","42","Suffolk","42UD","Ipswich",,,320,220,15,5,40,40,210,145,10,5,25,25,220,185,10,0,5,20
"G","East of England","42","Suffolk","42UE","Mid Suffolk",,,35,30,0,0,0,5,15,10,0,0,0,5,85,80,0,0,0,5
"G","East of England","42","Suffolk","42UF","St Edmundsbury",,,60,45,0,0,0,15,35,35,0,0,0,0,110,90,0,0,0,20
"G","East of England","42","Suffolk","42UG","Suffolk Coastal",,,90,70,0,5,0,15,50,45,0,0,0,5,125,105,0,0,5,15
"G","East of England","42","Suffolk","42UH","Waveney",,,230,200,0,0,5,25,150,130,0,0,0,20,255,220,0,0,5,30
"H","London",,,"00AA","City of London",,,15,5,10,0,0,0,5,0,0,0,5,0,5,5,0,0,0,0
"H","London",,,"00AB","Barking and Dagenham",,,450,305,45,20,35,45,235,155,35,15,15,15,325,220,65,5,15,20
"H","London",,,"00AC","Barnet",,,470,235,75,45,85,30,345,170,45,25,90,15,405,225,100,20,35,25
"H","London",,,"00AD","Bexley",,,275,235,10,5,15,10,135,105,10,5,10,5,350,285,25,5,10,25
"H","London",,,"00AE","Brent",,,580,140,195,85,90,70,40,15,5,10,10,0,330,95,160,20,30,25
"H","London",,,"00AF","Bromley",,,390,315,35,10,10,20,260,200,35,5,10,10,400,295,45,5,10,45
"H","London",,,"00AG","Camden",,,380,185,80,40,45,30,310,150,60,30,35,35,235,130,55,10,20,20
"H","London",,,"00AH","Croydon",,,625,330,130,30,65,70,430,220,90,25,55,40,700,335,165,15,55,130
"H","London",,,"00AJ","Ealing",,,500,150,110,110,90,40,345,115,80,40,90,20,300,140,80,30,30,20
"H","London",,,"00AK","Enfield",,,605,290,105,15,135,60,260,125,50,10,60,15,370,170,90,10,45,55
"H","London",,,"00AL","Greenwich",,,650,425,90,25,70,40,405,265,75,10,30,25,555,350,115,15,35,40
"H","London",,,"00AM","Hackney",,,765,205,280,75,145,60,480,165,180,30,70,35,465,115,230,15,40,65
"H","London",,,"00AN","Hammersmith and Fulham",,,390,190,110,15,50,25,370,165,105,0,65,35,265,145,70,0,25,25
"H","London",,,"00AP","Haringey",,,650,200,205,25,150,70,90,55,15,0,15,5,435,120,195,10,50,60
"H","London",,,"00AQ","Harrow",,,260,80,45,50,60,25,140,50,15,25,40,10,185,80,45,15,20,25
"H","London",,,"00AR","Havering",,,180,160,5,5,5,5,105,90,10,0,0,5,290,255,5,5,5,20
"H","London",,,"00AS","Hillingdon",,,340,170,50,30,50,40,155,75,15,15,30,20,445,315,45,30,20,35
"H","London",,,"00AT","Hounslow",,,305,155,50,50,40,10,130,60,20,20,25,5,315,180,45,35,25,30
"H","London",,,"00AU","Islington",,,460,225,100,20,65,50,325,155,70,10,65,25,375,185,105,10,40,35
"H","London",,,"00AW","Kensington and Chelsea",,,195,80,65,0,30,20,235,115,45,5,45,25,100,50,25,5,10,10
"H","London",,,"00AX","Kingston upon Thames",,,105,75,5,5,10,10,70,45,0,0,15,10,130,100,5,5,10,10
"H","London",,,"00AY","Lambeth",,,685,235,280,25,80,65,505,175,215,25,45,45,685,205,355,5,50,70
"H","London",,,"00AZ","Lewisham",,,775,360,260,15,95,45,475,230,135,10,65,35,720,295,290,5,60,70
"H","London",,,"00BA","Merton",,,235,130,40,15,30,20,220,115,40,15,40,10,260,145,60,5,20,30
"H","London",,,"00BB","Newham",,,815,210,225,255,85,40,115,25,25,35,20,10,385,120,155,35,45,30
"H","London",,,"00BC","Redbridge",,,370,130,55,105,40,40,175,70,30,40,30,5,220,95,45,30,15,35
"H","London",,,"00BD","Richmond upon Thames",,,95,80,5,0,5,5,100,70,5,5,10,10,140,105,10,5,10,10
"H","London",,,"00BE","Southwark",,,750,295,285,35,75,60,35,15,10,10,0,0,320,110,150,0,25,35
"H","London",,,"00BF","Sutton",,,140,110,10,5,5,10,160,120,10,0,15,15,195,160,10,0,5,20
"H","London",,,"00BG","Tower Hamlets",,,710,200,65,375,30,40,80,20,15,35,5,5,165,75,35,30,10,15
"H","London",,,"00BH","Waltham Forest",,,460,160,110,60,70,60,245,100,50,30,35,30,310,135,110,15,20,30
"H","London",,,"00BJ","Wandsworth",,,420,195,105,25,60,35,310,130,85,30,35,30,495,175,215,10,35,60
"H","London",,,"00BK","Westminster",,,340,110,120,25,65,20,325,170,60,20,65,10,200,80,55,0,40,25
"J","South East",,,"00LC","Medway",,,440,375,5,10,30,20,165,145,5,5,5,5,430,370,10,5,10,35
"J","South East",,,"00MA","Bracknell Forest",,,50,45,0,5,0,0,25,20,5,0,0,0,80,75,0,0,0,5
"J","South East",,,"00MB","West Berkshire",,,40,35,0,5,0,0,45,40,0,5,0,0,95,85,0,5,0,5
"J","South East",,,"00MC","Reading",,,165,115,15,10,10,15,65,45,5,5,5,5,125,95,15,0,0,15
"J","South East",,,"00MD","Slough",,,110,40,20,30,10,10,55,25,5,15,5,5,125,70,15,15,10,15
"J","South East",,,"00ME","Windsor and Maidenhead",,,50,40,0,5,0,5,50,45,0,0,5,0,55,50,0,0,0,5
"J","South East",,,"00MF","Wokingham",,,40,35,5,0,0,0,15,15,0,0,0,0,55,50,0,0,0,5
"J","South East",,,"00MG","Milton Keynes",,,230,170,25,10,10,15,120,90,10,5,10,5,305,225,35,10,5,30
"J","South East",,,"00ML","Brighton and Hove",,,235,210,5,0,10,10,0,0,0,0,0,0,345,290,5,0,10,40
"J","South East",,,"00MR","Portsmouth",,,340,260,5,5,55,15,195,110,15,5,60,5,465,435,0,0,10,20
"J","South East",,,"00MS","Southampton",,,315,260,10,5,25,15,140,105,10,5,15,5,420,385,5,10,0,20
"J","South East",,,"00MW","Isle of Wight",,,205,190,0,0,5,10,145,135,0,0,0,10,255,240,0,0,5,10
"J","South East","11","Buckinghamshire","11UB","Aylesbury Vale",,,65,55,0,5,0,5,20,15,5,0,0,0,85,75,5,0,0,5
"J","South East","11","Buckinghamshire","11UC","Chiltern",,,35,30,5,0,0,0,25,25,0,0,0,0,50,40,0,0,5,5
"J","South East","11","Buckinghamshire","11UE","South Bucks",,,15,10,0,0,0,5,15,15,0,0,0,0,15,10,0,0,0,5
"J","South East","11","Buckinghamshire","11UF","Wycombe",,,135,80,10,25,5,15,95,60,15,20,0,0,85,60,10,5,5,5
"J","South East","21","East Sussex","21UC","Eastbourne",,,55,50,0,0,0,5,60,50,5,5,0,0,95,85,5,0,0,5
"J","South East","21","East Sussex","21UD","Hastings",,,190,170,0,0,10,10,75,65,0,0,5,5,195,175,0,0,5,15
"J","South East","21","East Sussex","21UF","Lewes",,,60,55,0,0,5,0,25,20,0,0,0,5,80,70,0,0,0,10
"J","South East","21","East Sussex","21UG","Rother",,,50,45,0,0,0,5,35,35,0,0,0,0,85,80,0,0,0,5
"J","South East","21","East Sussex","21UH","Wealden",,,35,35,0,0,0,0,25,25,0,0,0,0,65,65,0,0,0,0
"J","South East","24","Hampshire","24UB","Basingstoke and Deane",,,60,55,0,0,0,5,20,20,0,0,0,0,85,80,0,0,0,5
"J","South East","24","Hampshire","24UC","East Hampshire",,,40,35,0,0,5,0,30,25,0,5,0,0,80,80,0,0,0,0
"J","South East","24","Hampshire","24UD","Eastleigh",,,45,45,0,0,0,0,25,25,0,0,0,0,70,70,0,0,0,0
"J","South East","24","Hampshire","24UE","Fareham",,,75,65,0,0,0,10,70,60,0,0,5,5,140,135,5,0,0,0
"J","South East","24","Hampshire","24UF","Gosport",,,100,90,0,5,0,5,45,45,0,0,0,0,165,150,0,0,0,15
"J","South East","24","Hampshire","24UG","Hart",,,20,15,5,0,0,0,15,15,0,0,0,0,35,30,0,0,0,5
"J","South East","24","Hampshire","24UH","Havant",,,135,125,0,0,0,10,120,115,0,0,0,5,255,250,0,0,0,5
"J","South East","24","Hampshire","24UJ","New Forest",,,70,65,0,0,0,5,30,30,0,0,0,0,150,140,0,0,5,5
"J","South East","24","Hampshire","24UL","Rushmoor",,,55,45,0,0,5,5,30,30,0,0,0,0,100,90,0,5,0,5
"J","South East","24","Hampshire","24UN","Test Valley",,,45,45,0,0,0,0,30,25,0,0,5,0,115,110,0,0,0,5
"J","South East","24","Hampshire","24UP","Winchester",,,35,35,0,0,0,0,35,35,0,0,0,0,60,55,0,0,0,5
"J","South East","29","Kent","29UB","Ashford",,,85,80,0,0,5,0,65,65,0,0,0,0,135,120,0,0,0,15
"J","South East","29","Kent","29UC","Canterbury",,,145,135,0,0,5,5,65,65,0,0,0,0,245,230,0,0,0,15
"J","South East","29","Kent","29UD","Dartford",,,90,80,0,0,5,5,35,35,0,0,0,0,95,85,0,0,5,5
"J","South East","29","Kent","29UE","Dover",,,150,140,0,0,5,5,75,70,0,0,0,5,250,230,5,0,0,15
"J","South East","29","Kent","29UG","Gravesham",,,130,110,0,5,10,5,90,70,5,5,5,5,175,155,0,5,0,15
"J","South East","29","Kent","29UH","Maidstone",,,100,90,0,0,5,5,50,50,0,0,0,0,135,125,0,0,5,5
"J","South East","29","Kent","29UK","Sevenoaks",,,45,40,0,0,5,0,25,20,0,0,5,0,75,70,0,0,0,5
"J","South East","29","Kent","29UL","Shepway",,,130,125,0,0,0,5,60,50,5,0,5,0,165,150,0,0,0,15
"J","South East","29","Kent","29UM","Swale",,,195,190,0,0,0,5,85,80,0,0,0,5,220,210,0,0,0,10
"J","South East","29","Kent","29UN","Thanet",,,240,225,0,5,5,5,170,155,5,0,5,5,265,250,0,0,5,10
"J","South East","29","Kent","29UP","Tonbridge and Malling",,,55,55,0,0,0,0,20,20,0,0,0,0,70,60,0,0,5,5
"J","South East","29","Kent","29UQ","Tunbridge Wells",,,40,30,0,0,5,5,45,35,5,0,0,5,60,50,5,0,0,5
"J","South East","38","Oxfordshire","38UB","Cherwell",,,60,55,0,0,0,5,35,30,0,0,0,5,110,100,0,5,0,5
"J","South East","38","Oxfordshire","38UC","Oxford",,,135,100,5,5,15,10,95,65,15,0,10,5,135,105,10,5,5,10
"J","South East","38","Oxfordshire","38UD","South Oxfordshire",,,35,35,0,0,0,0,20,15,0,0,0,5,90,85,0,0,0,5
"J","South East","38","Oxfordshire","38UE","Vale of White Horse",,,25,20,0,5,0,0,20,15,0,0,5,0,95,90,0,0,0,5
"J","South East","38","Oxfordshire","38UF","West Oxfordshire",,,25,25,0,0,0,0,10,10,0,0,0,0,75,70,0,0,0,5
"J","South East","43","Surrey","43UB","Elmbridge",,,40,30,5,0,5,0,25,20,0,5,0,0,80,75,0,5,0,0
"J","South East","43","Surrey","43UC","Epsom and Ewell",,,20,15,0,0,5,0,15,15,0,0,0,0,45,40,0,0,0,5
"J","South East","43","Surrey","43UD","Guildford",,,50,35,0,5,0,10,35,35,0,0,0,0,75,65,5,0,0,5
"J","South East","43","Surrey","43UE","Mole Valley",,,10,10,0,0,0,0,20,20,0,0,0,0,45,40,5,0,0,0
"J","South East","43","Surrey","43UF","Reigate and Banstead",,,50,50,0,0,0,0,45,35,5,0,5,0,110,100,5,0,0,5
"J","South East","43","Surrey","43UG","Runnymede",,,25,25,0,0,0,0,10,10,0,0,0,0,50,45,0,0,0,5
"J","South East","43","Surrey","43UH","Spelthorne",,,35,30,0,0,5,0,20,20,0,0,0,0,65,55,0,5,0,5
"J","South East","43","Surrey","43UJ","Surrey Heath",,,20,20,0,0,0,0,15,15,0,0,0,0,70,65,5,0,0,0
"J","South East","43","Surrey","43UK","Tandridge",,,25,25,0,0,0,0,20,20,0,0,0,0,45,45,0,0,0,0
"J","South East","43","Surrey","43UL","Waverley",,,20,20,0,0,0,0,25,20,0,0,0,5,50,45,0,0,0,5
"J","South East","43","Surrey","43UM","Woking",,,45,35,0,10,0,0,40,35,0,5,0,0,35,30,5,0,0,0
"J","South East","45","West Sussex","45UB","Adur",,,25,25,0,0,0,0,10,10,0,0,0,0,60,55,0,0,0,5
"J","South East","45","West Sussex","45UC","Arun",,,35,35,0,0,0,0,35,35,0,0,0,0,210,195,0,0,0,15
"J","South East","45","West Sussex","45UD","Chichester",,,55,50,0,0,0,5,25,20,5,0,0,0,95,85,0,0,0,10
"J","South East","45","West Sussex","45UE","Crawley",,,60,40,5,5,5,5,30,15,0,5,5,5,125,115,0,5,5,0
"J","South East","45","West Sussex","45UF","Horsham",,,35,30,0,0,0,5,20,20,0,0,0,0,85,80,0,0,0,5
"J","South East","45","West Sussex","45UG","Mid Sussex",,,30,25,0,0,5,0,20,20,0,0,0,0,45,40,0,0,0,5
"J","South East","45","West Sussex","45UH","Worthing",,,25,25,0,0,0,0,20,20,0,0,0,0,105,90,0,0,5,10
"K","South West",,,"00HA","Bath and North East Somerset",,,130,120,0,0,5,5,60,55,5,0,0,0,160,145,5,0,5,5
"K","South West",,,"00HB","Bristol, City of",,,655,500,80,20,25,30,335,265,35,5,15,15,885,710,80,10,35,50
"K","South West",,,"00HC","North Somerset",,,125,120,0,5,0,0,70,65,0,5,0,0,295,290,0,0,0,5
"K","South West",,,"00HD","South Gloucestershire",,,165,155,0,0,5,5,60,55,0,0,0,5,410,390,0,0,5,15
"K","South West",,,"00HG","Plymouth",,,495,465,0,0,10,20,85,75,0,0,0,10,605,560,5,0,5,35
"K","South West",,,"00HH","Torbay",,,225,205,0,0,5,15,215,210,0,0,0,5,385,355,0,0,5,25
"K","South West",,,"00HN","Bournemouth",,,125,100,0,0,15,10,140,115,0,5,15,5,395,370,0,0,10,15
"K","South West",,,"00HP","Poole",,,70,70,0,0,0,0,55,55,0,0,0,0,220,215,5,0,0,0
"K","South West",,,"00HX","Swindon",,,275,235,10,5,15,10,140,115,10,5,5,5,320,305,5,0,0,10
"K","South West","15","Cornwall and Isles of Scilly","15UB","Caradon",,,90,85,0,0,0,5,50,45,0,0,0,5,175,160,0,0,0,15
"K","South West","15","Cornwall and Isles of Scilly","15UC","Carrick",,,105,105,0,0,0,0,85,85,0,0,0,0,240,225,0,0,0,15
"K","South West","15","Cornwall and Isles of Scilly","15UD","Kerrier",,,115,110,0,0,0,5,80,75,0,0,0,5,225,205,0,0,5,15
"K","South West","15","Cornwall and Isles of Scilly","15UE","North Cornwall",,,85,80,0,0,0,5,75,70,0,0,0,5,155,150,0,0,0,5
"K","South West","15","Cornwall and Isles of Scilly","15UF","Penwith",,,150,145,0,0,0,5,125,120,0,0,0,5,160,155,0,0,0,5
"K","South West","15","Cornwall and Isles of Scilly","15UG","Restormel",,,120,115,0,0,0,5,85,75,0,0,0,10,165,150,0,0,0,15
"K","South West","15","Cornwall and Isles of Scilly","15UH","Isles of Scilly",,,0,0,0,0,0,0,0,0,0,0,0,0,0,0,0,0,0,0
"K","South West","18","Devon","18UB","East Devon",,,55,50,0,0,0,5,40,35,0,5,0,0,200,190,0,0,5,5
"K","South West","18","Devon","18UC","Exeter",,,145,135,0,0,5,5,115,105,0,0,5,5,295,270,0,5,0,20
"K","South West","18","Devon","18UD","Mid Devon",,,65,55,0,5,0,5,40,40,0,0,0,0,165,150,0,0,0,15
"K","South West","18","Devon","18UE","North Devon",,,145,140,0,0,0,5,105,100,0,0,0,5,160,150,0,0,0,10
"K","South West","18","Devon","18UG","South Hams",,,60,55,0,0,0,5,70,60,0,0,0,10,135,125,0,0,5,5
"K","South West","18","Devon","18UH","Teignbridge",,,80,75,0,0,0,5,60,55,0,0,0,5,255,245,0,0,0,10
"K","South West","18","Devon","18UK","Torridge",,,85,75,0,0,5,5,75,70,0,0,0,5,110,105,0,0,0,5
"K","South West","18","Devon","18UL","West Devon",,,30,30,0,0,0,0,30,25,0,0,0,5,60,55,0,0,0,5
"K","South West","19","Dorset","19UC","Christchurch",,,30,25,0,0,0,5,45,45,0,0,0,0,110,105,0,0,0,5
"K","South West","19","Dorset","19UD","East Dorset",,,15,15,0,0,0,0,25,25,0,0,0,0,95,90,0,0,0,5
"K","South West","19","Dorset","19UE","North Dorset",,,25,25,0,0,0,0,15,10,5,0,0,0,110,105,0,0,0,5
"K","South West","19","Dorset","19UG","Purbeck",,,25,20,0,0,0,5,10,10,0,0,0,0,60,60,0,0,0,0
"K","South West","19","Dorset","19UH","West Dorset",,,40,40,0,0,0,0,35,35,0,0,0,0,140,135,0,0,0,5
"K","South West","19","Dorset","19UJ","Weymouth and Portland",,,90,85,0,0,0,5,50,50,0,0,0,0,165,160,0,0,0,5
"K","South West","23","Gloucestershire","23UB","Cheltenham",,,240,230,0,0,0,10,160,145,0,0,5,10,265,250,5,0,5,5
"K","South West","23","Gloucestershire","23UC","Cotswold",,,45,45,0,0,0,0,25,25,0,0,0,0,125,120,0,0,0,5
"K","South West","23","Gloucestershire","23UD","Forest of Dean",,,130,130,0,0,0,0,95,90,0,0,0,5,150,145,0,0,0,5
"K","South West","23","Gloucestershire","23UE","Gloucester",,,380,320,20,5,20,15,130,100,20,0,5,5,300,260,10,5,5,20
"K","South West","23","Gloucestershire","23UF","Stroud",,,160,150,0,0,0,10,55,50,0,0,0,5,165,150,5,0,0,10
"K","South West","23","Gloucestershire","23UG","Tewkesbury",,,165,155,0,0,5,5,55,55,0,0,0,0,125,115,0,0,0,10
"K","South West","40","Somerset","40UB","Mendip",,,90,90,0,0,0,0,75,70,0,0,0,5,150,135,0,0,0,15
"K","South West","40","Somerset","40UC","Sedgemoor",,,195,185,0,0,0,10,80,75,0,0,0,5,270,250,0,0,5,15
"K","South West","40","Somerset","40UD","South Somerset",,,135,125,0,5,0,5,75,70,0,0,0,5,250,240,0,0,0,10
"K","South West","40","Somerset","40UE","Taunton Deane",,,105,95,0,0,0,10,70,70,0,0,0,0,195,180,0,0,0,15
"K","South West","40","Somerset","40UF","West Somerset",,,30,30,0,0,0,0,15,15,0,0,0,0,55,55,0,0,0,0
"K","South West","46","Wiltshire","46UB","Kennet",,,60,60,0,0,0,0,85,80,0,0,0,5,60,55,0,0,0,5
"K","South West","46","Wiltshire","46UC","North Wiltshire",,,110,105,0,0,0,5,55,50,0,0,0,5,215,200,5,0,5,5
"K","South West","46","Wiltshire","46UD","Salisbury",,,250,235,0,0,5,10,115,115,0,0,0,0,180,175,0,0,0,5
"K","South West","46","Wiltshire","46UF","West Wiltshire",,,190,180,0,5,5,0,85,80,0,0,5,0,230,215,5,0,5,5
,,,,"00NA","Isle of Anglesey",,,135,130,5,0,0,0,0,0,0,0,0,0,135,125,0,0,0,10
,,,,"00NC","Gwynedd",,,155,150,0,0,0,5,0,0,0,0,0,0,400,380,0,0,0,20
,,,,"00NE","Conwy",,,125,120,0,0,0,5,0,0,0,0,0,0,375,340,0,0,5,30
,,,,"00NG","Denbighshire",,,95,90,0,5,0,0,5,5,0,0,0,0,305,280,0,0,5,20
,,,,"00NJ","Flintshire",,,165,155,0,0,0,10,90,85,0,5,0,0,375,340,0,0,5,30
,,,,"00NL","Wrexham",,,200,180,0,0,0,20,65,65,0,0,0,0,375,325,5,5,0,40
,,,,"00NN","Powys",,,140,125,0,0,0,15,70,65,0,0,0,5,205,170,5,0,0,30
,,,,"00NQ","Ceredigion",,,105,100,0,0,0,5,55,50,0,0,0,5,90,80,0,0,0,10
,,,,"00NS","Pembrokeshire",,,255,245,0,0,0,10,115,110,0,0,0,5,215,200,0,0,0,15
,,,,"00NU","Carmarthenshire",,,340,315,5,0,0,20,135,125,0,0,0,10,330,300,0,0,0,30
,,,,"00NX","Swansea",,,555,505,5,5,5,35,315,295,0,5,5,10,700,625,10,0,5,60
,,,,"00NZ","Neath Port Talbot",,,330,320,0,0,0,10,85,80,0,0,0,5,410,365,0,0,0,45
,,,,"00PB","Bridgend",,,240,220,0,0,0,20,100,95,0,0,0,5,365,330,5,0,0,30
,,,,"00PD","The Vale of Glamorgan",,,230,215,0,0,5,10,110,110,0,0,0,0,305,265,0,0,5,35
,,,,"00PF","Rhondda, Cynon, Taff",,,510,470,0,0,0,40,185,175,0,5,0,5,690,620,5,0,5,60
,,,,"00PH","Merthyr Tydfil",,,190,170,0,0,0,20,0,0,0,0,0,0,265,230,0,0,0,35
,,,,"00PK","Caerphilly",,,390,375,0,0,0,15,5,5,0,0,0,0,595,540,0,5,5,45
,,,,"00PL","Blaenau Gwent",,,200,200,0,0,0,0,5,5,0,0,0,0,275,265,0,0,0,10
,,,,"00PM","Torfaen",,,155,140,0,0,0,15,80,75,0,0,0,5,305,265,0,0,0,40
,,,,"00PP","Monmouthshire",,,110,105,0,0,0,5,60,55,0,0,0,5,160,150,0,0,0,10
,,,,"00PR","Newport",,,260,215,5,10,10,20,145,125,5,0,5,10,330,285,0,0,10,35
,,,,"00PT","Cardiff",,,545,420,25,20,35,45,370,295,25,10,15,25,805,670,15,10,20,90