DATASET_TITLE,"New Deal Programme: Jobs Gained by Ethnic Group, 2004",,,,,,,,,,FROM,Jan-2004,Jan-2004,Jan-2004,Jan-2004,Jan-2004,Jan-2004,Jan-2004,Jan-2004,Jan-2004,Jan-2004,Jan-2004,Jan-2004,Jan-2004,Jan-2004,Jan-2004,Jan-2004,Jan-2004,Jan-2004
AREA_TYPE,Region,,,,,,,,,,TO,Dec-2004,Dec-2004,Dec-2004,Dec-2004,Dec-2004,Dec-2004,Dec-2004,Dec-2004,Dec-2004,Dec-2004,Dec-2004,Dec-2004,Dec-2004,Dec-2004,Dec-2004,Dec-2004,Dec-2004,Dec-2004
GEO_HIERARCHY,NeSS Geography Hierarchy,,,,,,,,,,HEADING,New Deal Young People,New Deal Young People; White,New Deal Young People; Black or Black British,"New Deal Young People; Asian, Asian British or Chinese",New Deal Young People; Mixed or Other,New Deal Young People; Unknown or Prefer Not to Say,New Deal 25plus,New Deal 25plus; White,New Deal 25plus; Black or Black British,"New Deal 25plus; Asian, Asian British or Chinese",New Deal 25plus; Mixed or Other,New Deal 25plus; Unknown or Prefer Not to Say,New Deal Lone Parents,New Deal Lone Parents; White,New Deal Lone Parents; Black or Black British,New Deal Lone Parents; Asian or Asian British or Chinese,New Deal Lone Parents; Mixed or Other,New Deal Lone Parents; Unknown or Prefer Not to Say
,,,,,,,,,,,MEASUREMENT_UNIT,Count,Count,Count,Count,Count,Count,Count,Count,Count,Count,Count,Count,Count,Count,Count,Count,Count,Count
,,,,,,,,,,,STATISTICAL_UNIT,Cases,Cases,Cases,Cases,Cases,Cases,Cases,Cases,Cases,Cases,Cases,Cases,Cases,Cases,Cases,Cases,Cases,Cases
UK_CODE,UK_NAME,GB_CODE,GB_NAME,EW_CODE,EW_NAME,CTRY_CODE,CTRY_NAME,GOR_CODE,GOR_NAME,AREA_METADATA,,DATA_VALUE,DATA_VALUE,DATA_VALUE,DATA_VALUE,DATA_VALUE,DATA_VALUE,DATA_VALUE,DATA_VALUE,DATA_VALUE,DATA_VALUE,DATA_VALUE,DATA_VALUE,DATA_VALUE,DATA_VALUE,DATA_VALUE,DATA_VALUE,DATA_VALUE,DATA_VALUE
"213","United Kingdom","078","Great Britain","727","England and Wales","064","England",,,,,76585,57250,5180,5070,4370,4715,36500,28220,2590,1570,2195,1925,85320,71260,4715,1375,1870,6100
"213","United Kingdom","078","Great Britain","727","England and Wales","220","Wales",,,,,5425,4965,40,35,60,325,1990,1815,30,15,30,100,8010,7145,35,20,75,735
"213","United Kingdom","078","Great Britain","727","England and Wales",,,,,,,82010,62215,5220,5105,4430,5040,38490,30035,2620,1585,2225,2025,93330,78405,4750,1395,1945,6835
"213","United Kingdom","078","Great Britain","727","England and Wales","064","England","A","North East",,,6830,6225,25,55,75,450,2725,2505,30,20,60,110,6965,6360,10,20,30,545
"213","United Kingdom","078","Great Britain","727","England and Wales","064","England","B","North West",,,13085,11185,300,565,350,685,5405,4570,180,195,185,275,15020,13560,225,165,180,890
"213","United Kingdom","078","Great Britain","727","England and Wales","064","England","D","Yorkshire and The Humber",,,9175,7165,200,785,465,560,4555,3750,140,280,185,200,11455,10150,170,180,150,805
"213","United Kingdom","078","Great Britain","727","England and Wales","064","England","E","East Midlands",,,5755,4535,260,355,320,285,2805,2305,140,135,110,115,6865,5925,190,155,140,455
"213","United Kingdom","078","Great Britain","727","England and Wales","064","England","F","West Midlands",,,10430,7140,730,1325,705,530,3965,3220,210,240,150,145,8420,6770,555,295,220,580
"213","United Kingdom","078","Great Britain","727","England and Wales","064","England","G","East of England",,,5000,4075,80,180,210,455,2655,2150,90,60,130,225,7415,6445,135,70,95,670
"213","United Kingdom","078","Great Britain","727","England and Wales","064","England","H","London",,,14390,6395,3345,1600,1885,1165,7610,3760,1635,530,1135,550,11070,5500,3175,395,855,1145
"213","United Kingdom","078","Great Britain","727","England and Wales","064","England","J","South East",,,5825,4985,115,165,235,325,3240,2730,100,95,175,140,8535,7670,135,75,110,545
"213","United Kingdom","078","Great Britain","727","England and Wales","064","England","K","South West",,,6090,5555,120,45,120,250,3545,3230,70,20,70,155,9580,8875,120,25,95,465