DATASET_TITLE,NS-SeC of Household Reference Person (UV33),,,,,,,,FROM,Apr-2001,Apr-2001,Apr-2001,Apr-2001,Apr-2001,Apr-2001,Apr-2001,Apr-2001,Apr-2001,Apr-2001,Apr-2001,Apr-2001
AREA_TYPE,Super Output Area Middle Layer,,,,,,,,TO,Apr-2001,Apr-2001,Apr-2001,Apr-2001,Apr-2001,Apr-2001,Apr-2001,Apr-2001,Apr-2001,Apr-2001,Apr-2001,Apr-2001
GEO_HIERARCHY,NeSS Geography Hierarchy,,,,,,,,HEADING,All People in Households,1. Higher managerial and professional occupations,1. Higher managerial and professional occupations:  1.1 Large employers and higher managerial occupations,1. Higher managerial and professional occupations:  1.2 Higher professional occupations,2. Lower managerial and professional occupations,3. Intermediate occupations,4. Small employers and own account workers,5. Lower supervisory and technical occupations,6. Semi-routine occupations,7. Routine occupations,8. Never worked and long-term unemployed,Not classified
,,,,,,,,,MEASUREMENT_UNIT,Count,Count,Count,Count,Count,Count,Count,Count,Count,Count,Count,Count
,,,,,,,,,STATISTICAL_UNIT,Persons,Persons,Persons,Persons,Persons,Persons,Persons,Persons,Persons,Persons,Persons,Persons
GOR_CODE,GOR_NAME,CTY_CODE,CTY_NAME,LA_CODE,LA_NAME,MSOA_CODE,MSOA_NAME,AREA_METADATA,,DATA_VALUE,DATA_VALUE,DATA_VALUE,DATA_VALUE,DATA_VALUE,DATA_VALUE,DATA_VALUE,DATA_VALUE,DATA_VALUE,DATA_VALUE,DATA_VALUE,DATA_VALUE
,,,,"00NA","Isle of Anglesey","W02000001","Isle of Anglesey 001",,,7292,349,128,221,1020,273,1063,851,795,707,242,1992
,,,,"00NA","Isle of Anglesey","W02000002","Isle of Anglesey 002",,,6464,483,176,307,1137,259,1128,554,471,418,172,1842
,,,,"00NA","Isle of Anglesey","W02000003","Isle of Anglesey 003",,,10011,257,107,150,1060,417,675,1226,1471,1533,603,2769
,,,,"00NA","Isle of Anglesey","W02000004","Isle of Anglesey 004",,,7379,540,230,310,1240,385,792,879,749,701,205,1888
,,,,"00NA","Isle of Anglesey","W02000005","Isle of Anglesey 005",,,8790,1059,285,774,1393,443,1154,693,698,635,135,2580
,,,,"00NA","Isle of Anglesey","W02000006","Isle of Anglesey 006",,,6159,340,159,181,948,345,538,750,766,759,196,1517
,,,,"00NA","Isle of Anglesey","W02000007","Isle of Anglesey 007",,,6624,565,273,292,1034,286,808,734,622,670,243,1662
,,,,"00NA","Isle of Anglesey","W02000008","Isle of Anglesey 008",,,6105,711,213,498,1426,402,567,460,568,408,103,1460
,,,,"00NA","Isle of Anglesey","W02000009","Isle of Anglesey 009",,,7343,634,189,445,1254,349,936,688,681,810,235,1756
,,,,"00NC","Gwynedd","W02000010","Gwynedd 001",,,6035,470,93,377,766,244,433,360,623,423,252,2464
,,,,"00NC","Gwynedd","W02000011","Gwynedd 002",,,7152,670,158,512,1083,422,478,642,845,732,280,2000
,,,,"00NC","Gwynedd","W02000012","Gwynedd 003",,,8072,726,188,538,1633,410,934,929,653,815,228,1744
,,,,"00NC","Gwynedd","W02000013","Gwynedd 004",,,6157,537,165,372,1569,407,751,547,558,542,104,1142
,,,,"00NC","Gwynedd","W02000014","Gwynedd 005",,,6641,507,150,357,1161,383,879,731,651,724,192,1413
,,,,"00NC","Gwynedd","W02000015","Gwynedd 006",,,8010,492,180,312,1245,482,588,790,931,918,445,2119
,,,,"00NC","Gwynedd","W02000016","Gwynedd 007",,,6098,444,143,301,1169,412,753,602,569,568,139,1442
,,,,"00NC","Gwynedd","W02000017","Gwynedd 008",,,7224,413,131,282,1078,370,989,603,725,833,256,1957
,,,,"00NC","Gwynedd","W02000018","Gwynedd 009",,,6327,219,90,129,806,276,847,871,691,690,291,1636
,,,,"00NC","Gwynedd","W02000019","Gwynedd 010",,,7017,411,153,258,1054,343,1220,658,665,604,137,1925
,,,,"00NC","Gwynedd","W02000020","Gwynedd 011",,,6643,360,144,216,1038,256,1396,506,480,679,124,1804
,,,,"00NC","Gwynedd","W02000021","Gwynedd 012",,,7661,391,137,254,1191,341,1324,545,762,760,152,2195
,,,,"00NC","Gwynedd","W02000022","Gwynedd 013",,,5955,327,108,219,862,229,1090,502,576,549,116,1704
,,,,"00NC","Gwynedd","W02000023","Gwynedd 014",,,5668,233,87,146,794,143,1550,307,450,415,79,1697
,,,,"00NC","Gwynedd","W02000024","Gwynedd 015",,,5476,313,106,207,711,197,1234,476,609,527,110,1299
,,,,"00NC","Gwynedd","W02000025","Gwynedd 016",,,6380,356,83,273,870,292,1216,501,833,564,164,1584
,,,,"00NC","Gwynedd","W02000026","Gwynedd 017",,,7321,357,133,224,930,226,1566,535,756,503,155,2293
,,,,"00NE","Conwy","W02000027","Conwy 001",,,8090,391,153,238,1136,316,1058,623,989,800,213,2564
,,,,"00NE","Conwy","W02000028","Conwy 002",,,6762,440,174,266,969,329,603,500,921,716,241,2043
,,,,"00NE","Conwy","W02000029","Conwy 003",,,5903,593,271,322,1254,414,624,397,430,269,62,1860
,,,,"00NE","Conwy","W02000030","Conwy 004",,,5507,423,158,265,891,210,548,311,439,342,95,2248
,,,,"00NE","Conwy","W02000031","Conwy 005",,,7808,326,169,157,993,394,916,758,897,923,218,2383
,,,,"00NE","Conwy","W02000032","Conwy 006",,,7301,558,222,336,1296,362,760,544,677,603,123,2378
,,,,"00NE","Conwy","W02000033","Conwy 007",,,5703,295,140,155,831,327,655,440,710,670,262,1513
,,,,"00NE","Conwy","W02000034","Conwy 008",,,6867,785,284,501,1582,408,709,511,663,538,136,1535
,,,,"00NE","Conwy","W02000035","Conwy 009",,,8388,621,249,372,1371,464,930,860,1112,831,189,2010
,,,,"00NE","Conwy","W02000036","Conwy 010",,,9852,685,290,395,1601,479,777,735,840,789,218,3728
,,,,"00NE","Conwy","W02000037","Conwy 011",,,6840,395,163,232,1088,349,829,747,789,894,116,1633
,,,,"00NE","Conwy","W02000038","Conwy 012",,,5917,578,163,415,1018,315,778,466,561,554,107,1540
,,,,"00NE","Conwy","W02000039","Conwy 013",,,7399,632,199,433,1324,403,754,641,869,794,157,1825
,,,,"00NE","Conwy","W02000040","Conwy 014",,,6461,479,137,342,983,216,2074,420,524,426,129,1210
,,,,"00NE","Conwy","W02000041","Conwy 015",,,8435,498,138,360,1260,292,1833,758,923,849,131,1891
,,,,"00NG","Denbighshire","W02000042","Denbighshire 001",,,5092,235,95,140,674,211,429,435,533,483,87,2005
,,,,"00NG","Denbighshire","W02000043","Denbighshire 002",,,5583,454,161,293,1099,235,519,486,581,559,150,1500
,,,,"00NG","Denbighshire","W02000044","Denbighshire 003",,,5407,415,171,244,841,347,496,482,486,443,107,1790
,,,,"00NG","Denbighshire","W02000045","Denbighshire 004",,,8386,376,166,210,985,368,868,699,999,1019,445,2627
,,,,"00NG","Denbighshire","W02000046","Denbighshire 005",,,5711,359,156,203,1061,445,476,675,643,567,104,1381
,,,,"00NG","Denbighshire","W02000047","Denbighshire 006",,,5152,136,68,68,536,262,384,561,796,750,302,1425
,,,,"00NG","Denbighshire","W02000048","Denbighshire 007",,,5147,236,105,131,736,341,391,537,613,578,157,1558
,,,,"00NG","Denbighshire","W02000049","Denbighshire 008",,,6255,574,217,357,1244,329,936,545,520,578,157,1372
,,,,"00NG","Denbighshire","W02000050","Denbighshire 009",,,6280,544,207,337,1112,384,642,620,652,637,133,1556
,,,,"00NG","Denbighshire","W02000051","Denbighshire 010",,,5168,604,224,380,980,266,588,459,404,473,71,1323
,,,,"00NG","Denbighshire","W02000052","Denbighshire 011",,,4986,353,129,224,685,320,511,409,761,636,146,1165
,,,,"00NG","Denbighshire","W02000053","Denbighshire 012",,,6161,603,223,380,1419,313,855,607,572,489,48,1255
,,,,"00NG","Denbighshire","W02000054","Denbighshire 013",,,5688,891,432,459,1275,243,943,422,341,295,67,1211
,,,,"00NG","Denbighshire","W02000055","Denbighshire 014",,,5083,448,181,267,1067,231,540,409,465,476,65,1382
,,,,"00NG","Denbighshire","W02000056","Denbighshire 015",,,5214,533,220,313,849,194,1184,474,441,455,63,1021
,,,,"00NG","Denbighshire","W02000057","Denbighshire 016",,,5898,485,154,331,948,229,906,558,638,598,68,1468
,,,,"00NJ","Flintshire","W02000058","Flintshire 001",,,5685,502,216,286,860,228,732,547,542,714,70,1490
,,,,"00NJ","Flintshire","W02000059","Flintshire 002",,,6480,565,247,318,1056,309,693,782,673,789,137,1476
,,,,"00NJ","Flintshire","W02000060","Flintshire 003",,,10206,464,227,237,1325,441,772,1474,1369,1604,283,2474
,,,,"00NJ","Flintshire","W02000061","Flintshire 004",,,6258,214,86,128,558,216,348,850,985,955,221,1911
,,,,"00NJ","Flintshire","W02000062","Flintshire 005",,,6392,563,264,299,1261,439,446,1133,798,826,55,871
,,,,"00NJ","Flintshire","W02000063","Flintshire 006",,,8256,1291,643,648,1622,393,1311,868,551,567,53,1600
,,,,"00NJ","Flintshire","W02000064","Flintshire 007",,,6085,250,123,127,777,289,384,903,979,995,230,1278
,,,,"00NJ","Flintshire","W02000065","Flintshire 008",,,7388,445,218,227,1287,483,512,1355,932,1077,110,1187
,,,,"00NJ","Flintshire","W02000066","Flintshire 009",,,8928,362,167,195,1106,354,644,1263,1336,1427,294,2142
,,,,"00NJ","Flintshire","W02000067","Flintshire 010",,,6436,831,408,423,1530,388,513,892,667,537,83,995
,,,,"00NJ","Flintshire","W02000068","Flintshire 011",,,5365,277,130,147,741,340,396,863,729,739,168,1112
,,,,"00NJ","Flintshire","W02000069","Flintshire 012",,,5478,719,342,377,1326,361,478,745,436,361,61,991
,,,,"00NJ","Flintshire","W02000070","Flintshire 013",,,9740,1590,827,763,2466,565,726,1282,726,535,71,1779
,,,,"00NJ","Flintshire","W02000071","Flintshire 014",,,7399,605,299,306,1555,526,650,1257,767,727,35,1277
,,,,"00NJ","Flintshire","W02000072","Flintshire 015",,,10557,851,460,391,1892,690,757,1745,1264,1298,160,1900
,,,,"00NJ","Flintshire","W02000073","Flintshire 016",,,9492,1125,472,653,1946,480,649,1086,896,939,169,2202
,,,,"00NJ","Flintshire","W02000074","Flintshire 017",,,8889,563,301,262,1443,542,639,1395,1132,1100,166,1909
,,,,"00NJ","Flintshire","W02000075","Flintshire 018",,,5349,904,474,430,1307,402,501,693,382,338,34,788
,,,,"00NJ","Flintshire","W02000076","Flintshire 019",,,7332,957,358,599,1529,352,833,810,563,640,88,1560
,,,,"00NJ","Flintshire","W02000077","Flintshire 020",,,5819,724,333,391,1185,292,670,653,505,505,67,1218
,,,,"00NL","Wrexham","W02000078","Wrexham 001",,,7650,1281,580,701,1638,374,957,686,673,582,65,1394
,,,,"00NL","Wrexham","W02000079","Wrexham 002",,,5220,922,460,462,1407,336,468,436,274,273,39,1065
,,,,"00NL","Wrexham","W02000080","Wrexham 003",,,7623,402,190,212,1124,456,569,1197,1184,1021,159,1511
,,,,"00NL","Wrexham","W02000081","Wrexham 004",,,5550,363,184,179,823,294,422,866,819,798,137,1028
,,,,"00NL","Wrexham","W02000082","Wrexham 005",,,6909,308,161,147,951,296,587,944,1094,985,163,1581
,,,,"00NL","Wrexham","W02000083","Wrexham 006",,,7287,475,219,256,1101,317,656,979,1108,881,160,1610
,,,,"00NL","Wrexham","W02000084","Wrexham 007",,,5555,582,271,311,1284,471,374,693,627,366,24,1134
,,,,"00NL","Wrexham","W02000085","Wrexham 008",,,8550,722,296,426,1740,597,703,1012,878,610,100,2188
,,,,"00NL","Wrexham","W02000086","Wrexham 009",,,5018,300,91,209,681,238,276,544,628,586,90,1675
,,,,"00NL","Wrexham","W02000087","Wrexham 010",,,6914,126,79,47,524,226,332,774,1292,1333,445,1862
,,,,"00NL","Wrexham","W02000088","Wrexham 011",,,7329,860,323,537,1499,453,482,680,869,671,122,1693
,,,,"00NL","Wrexham","W02000089","Wrexham 012",,,7121,375,176,199,961,383,422,842,1187,946,196,1809
,,,,"00NL","Wrexham","W02000090","Wrexham 013",,,5900,536,204,332,930,279,555,745,712,663,139,1341
,,,,"00NL","Wrexham","W02000091","Wrexham 014",,,6098,467,260,207,1008,391,409,887,873,690,41,1332
,,,,"00NL","Wrexham","W02000092","Wrexham 015",,,6653,307,157,150,919,318,535,779,939,838,198,1820
,,,,"00NL","Wrexham","W02000093","Wrexham 016",,,5911,556,254,302,978,321,777,723,596,617,94,1249
,,,,"00NL","Wrexham","W02000094","Wrexham 017",,,8603,306,154,152,1021,377,677,1118,1382,1113,242,2367
,,,,"00NL","Wrexham","W02000095","Wrexham 018",,,6341,846,405,441,1227,287,1270,476,534,458,52,1191
,,,,"00NL","Wrexham","W02000096","Wrexham 019",,,6600,427,202,225,1059,256,827,856,882,814,61,1418
,,,,"00NN","Powys","W02000097","Powys 001",,,8703,571,234,337,1279,259,2692,604,619,551,110,2018
,,,,"00NN","Powys","W02000098","Powys 002",,,5470,498,204,294,1082,250,1100,406,491,430,44,1169
,,,,"00NN","Powys","W02000099","Powys 003",,,6120,328,168,160,819,272,771,676,755,907,97,1495
,,,,"00NN","Powys","W02000100","Powys 004",,,5962,350,85,265,945,255,1386,543,432,483,76,1492
,,,,"00NN","Powys","W02000101","Powys 005",,,5047,452,182,270,937,148,1153,457,374,395,38,1093
,,,,"00NN","Powys","W02000102","Powys 006",,,5607,401,163,238,928,237,1528,465,396,488,44,1120
,,,,"00NN","Powys","W02000103","Powys 007",,,5090,417,187,230,823,147,1479,373,378,418,33,1022
,,,,"00NN","Powys","W02000104","Powys 008",,,5624,494,211,283,1011,372,699,543,628,575,61,1241
,,,,"00NN","Powys","W02000105","Powys 009",,,5097,169,55,114,547,297,374,745,814,1070,102,979
,,,,"00NN","Powys","W02000106","Powys 010",,,6326,493,184,309,970,269,1516,461,597,623,33,1364
,,,,"00NN","Powys","W02000107","Powys 011",,,9695,674,230,444,1200,274,2587,739,902,857,155,2307
,,,,"00NN","Powys","W02000108","Powys 012",,,6748,396,122,274,965,260,1711,484,577,597,102,1656
,,,,"00NN","Powys","W02000109","Powys 013",,,4949,330,114,216,774,232,563,356,634,611,133,1316
,,,,"00NN","Powys","W02000110","Powys 014",,,6555,483,136,347,963,304,1676,526,513,487,140,1463
,,,,"00NN","Powys","W02000111","Powys 015",,,7746,550,181,369,1361,314,1956,505,681,493,102,1784
,,,,"00NN","Powys","W02000112","Powys 016",,,5935,643,248,395,1088,291,1726,354,316,305,52,1160
,,,,"00NN","Powys","W02000113","Powys 017",,,7528,574,266,308,1457,524,833,692,778,814,118,1738
,,,,"00NN","Powys","W02000114","Powys 018",,,6637,998,399,599,1484,258,1248,358,405,342,69,1475
,,,,"00NN","Powys","W02000115","Powys 019",,,9934,525,226,299,1611,483,876,1142,928,1109,224,3036
,,,,"00NQ","Ceredigion","W02000116","Ceredigion 001",,,7672,1015,220,795,1567,473,1286,566,573,433,104,1655
,,,,"00NQ","Ceredigion","W02000117","Ceredigion 002",,,7698,758,107,651,927,364,427,330,453,316,137,3986
,,,,"00NQ","Ceredigion","W02000118","Ceredigion 003",,,6166,521,132,389,988,397,522,513,690,658,147,1730
,,,,"00NQ","Ceredigion","W02000119","Ceredigion 004",,,6739,903,149,754,1250,407,1230,483,482,332,71,1581
,,,,"00NQ","Ceredigion","W02000120","Ceredigion 005",,,7423,574,171,403,1197,377,1534,492,637,493,122,1997
,,,,"00NQ","Ceredigion","W02000121","Ceredigion 006",,,5032,317,69,248,707,230,1270,353,431,377,103,1244
,,,,"00NQ","Ceredigion","W02000122","Ceredigion 007",,,6691,525,149,376,922,266,1625,412,469,519,167,1786
,,,,"00NQ","Ceredigion","W02000123","Ceredigion 008",,,8119,540,140,400,999,356,1867,565,582,692,164,2354
,,,,"00NQ","Ceredigion","W02000124","Ceredigion 009",,,8958,502,182,320,1197,365,1579,650,827,853,202,2783
,,,,"00NQ","Ceredigion","W02000125","Ceredigion 010",,,7628,375,123,252,1104,362,1785,422,572,658,99,2251
,,,,"00NS","Pembrokeshire","W02000126","Pembrokeshire 001",,,7803,426,100,326,1131,302,2302,456,550,616,164,1856
,,,,"00NS","Pembrokeshire","W02000127","Pembrokeshire 002",,,8985,492,151,341,1176,365,1746,651,808,797,199,2751
,,,,"00NS","Pembrokeshire","W02000128","Pembrokeshire 003",,,6587,399,112,287,959,267,1690,501,586,463,128,1594
,,,,"00NS","Pembrokeshire","W02000129","Pembrokeshire 004",,,6160,538,126,412,1135,306,1541,395,397,366,58,1424
,,,,"00NS","Pembrokeshire","W02000130","Pembrokeshire 005",,,6427,398,133,265,1097,472,600,771,745,641,257,1446
,,,,"00NS","Pembrokeshire","W02000131","Pembrokeshire 006",,,6429,402,135,267,1219,428,572,663,688,629,193,1635
,,,,"00NS","Pembrokeshire","W02000132","Pembrokeshire 007",,,5794,410,133,277,1040,255,1276,426,501,407,105,1374
,,,,"00NS","Pembrokeshire","W02000133","Pembrokeshire 008",,,7112,492,161,331,1223,368,1410,617,663,545,118,1676
,,,,"00NS","Pembrokeshire","W02000134","Pembrokeshire 009",,,7601,492,181,311,1478,464,833,932,682,759,199,1762
,,,,"00NS","Pembrokeshire","W02000135","Pembrokeshire 010",,,6170,245,113,132,997,373,397,862,651,756,277,1612
,,,,"00NS","Pembrokeshire","W02000136","Pembrokeshire 011",,,8239,490,180,310,1277,362,1524,713,660,684,168,2361
,,,,"00NS","Pembrokeshire","W02000137","Pembrokeshire 012",,,6860,189,90,99,938,309,474,992,887,878,290,1903
,,,,"00NS","Pembrokeshire","W02000138","Pembrokeshire 013",,,8615,249,102,147,1146,500,678,1172,1170,1107,449,2144
,,,,"00NS","Pembrokeshire","W02000139","Pembrokeshire 014",,,7013,540,183,357,1294,448,1111,773,493,494,147,1713
,,,,"00NS","Pembrokeshire","W02000140","Pembrokeshire 015",,,6602,301,83,218,890,328,721,777,681,786,387,1731
,,,,"00NS","Pembrokeshire","W02000141","Pembrokeshire 016",,,6361,443,210,233,1055,238,982,551,621,514,142,1815
,,,,"00NU","Carmarthenshire","W02000142","Carmarthenshire 001",,,5196,320,106,214,668,224,1238,377,493,536,102,1238
,,,,"00NU","Carmarthenshire","W02000143","Carmarthenshire 002",,,5608,331,56,275,713,198,1505,409,500,428,95,1429
,,,,"00NU","Carmarthenshire","W02000144","Carmarthenshire 003",,,7268,410,110,300,1106,298,1857,490,631,475,125,1876
,,,,"00NU","Carmarthenshire","W02000145","Carmarthenshire 004",,,6854,679,214,465,1109,294,1579,413,508,509,106,1657
,,,,"00NU","Carmarthenshire","W02000146","Carmarthenshire 005",,,6381,745,207,538,1290,323,1486,366,345,378,74,1374
,,,,"00NU","Carmarthenshire","W02000147","Carmarthenshire 006",,,6573,595,164,431,1222,515,909,488,508,524,122,1690
,,,,"00NU","Carmarthenshire","W02000148","Carmarthenshire 007",,,5228,460,100,360,972,426,442,344,543,573,183,1285
,,,,"00NU","Carmarthenshire","W02000149","Carmarthenshire 008",,,5649,425,158,267,1023,400,643,433,471,493,122,1639
,,,,"00NU","Carmarthenshire","W02000150","Carmarthenshire 009",,,6770,530,191,339,992,327,1553,400,573,712,130,1553
,,,,"00NU","Carmarthenshire","W02000151","Carmarthenshire 010",,,7116,345,120,225,1056,334,623,708,695,886,208,2261
,,,,"00NU","Carmarthenshire","W02000152","Carmarthenshire 011",,,7012,509,219,290,1172,389,662,658,608,759,163,2092
,,,,"00NU","Carmarthenshire","W02000153","Carmarthenshire 012",,,7331,590,178,412,1258,373,1337,611,494,582,58,2028
,,,,"00NU","Carmarthenshire","W02000154","Carmarthenshire 013",,,7028,407,151,256,1034,436,543,673,735,785,194,2221
,,,,"00NU","Carmarthenshire","W02000155","Carmarthenshire 014",,,5125,470,151,319,854,272,1151,337,356,412,81,1192
,,,,"00NU","Carmarthenshire","W02000156","Carmarthenshire 015",,,7392,410,165,245,1145,435,749,825,701,989,218,1920
,,,,"00NU","Carmarthenshire","W02000157","Carmarthenshire 016",,,8529,593,254,339,1401,415,922,888,765,993,127,2425
,,,,"00NU","Carmarthenshire","W02000158","Carmarthenshire 017",,,5167,479,198,281,1047,334,502,527,447,552,120,1159
,,,,"00NU","Carmarthenshire","W02000159","Carmarthenshire 018",,,5785,231,100,131,741,326,484,718,693,755,214,1623
,,,,"00NU","Carmarthenshire","W02000160","Carmarthenshire 019",,,6898,668,303,365,1415,468,538,720,669,621,106,1693
,,,,"00NU","Carmarthenshire","W02000161","Carmarthenshire 020",,,5260,265,92,173,844,280,320,573,728,639,219,1392
,,,,"00NU","Carmarthenshire","W02000162","Carmarthenshire 021",,,7910,502,192,310,1181,464,600,874,854,834,164,2437
,,,,"00NU","Carmarthenshire","W02000163","Carmarthenshire 022",,,4963,287,109,178,762,304,311,498,502,470,171,1658
,,,,"00NU","Carmarthenshire","W02000164","Carmarthenshire 023",,,6815,558,220,338,1252,397,498,639,731,551,183,2006
,,,,"00NU","Carmarthenshire","W02000165","Carmarthenshire 024",,,6222,305,113,192,863,333,344,746,883,740,234,1774
,,,,"00NU","Carmarthenshire","W02000166","Carmarthenshire 025",,,7328,303,122,181,906,297,452,733,1051,952,403,2231
,,,,"00NU","Carmarthenshire","W02000167","Carmarthenshire 026",,,8837,315,120,195,917,410,531,888,1306,1183,439,2848
,,,,"00NX","Swansea","W02000168","Swansea 001",,,5240,302,105,197,862,301,413,630,552,595,125,1460
,,,,"00NX","Swansea","W02000169","Swansea 002",,,9065,548,255,293,1621,587,719,1073,918,863,288,2448
,,,,"00NX","Swansea","W02000170","Swansea 003",,,9114,840,379,461,2069,851,512,957,1002,805,158,1920
,,,,"00NX","Swansea","W02000171","Swansea 004",,,6852,831,334,497,1893,538,561,702,507,444,98,1278
,,,,"00NX","Swansea","W02000172","Swansea 005",,,8890,431,186,245,1600,575,606,997,1077,1022,242,2340
,,,,"00NX","Swansea","W02000173","Swansea 006",,,5767,453,229,224,1297,464,412,698,567,588,149,1139
,,,,"00NX","Swansea","W02000174","Swansea 007",,,9043,717,319,398,1864,774,550,1015,1031,859,158,2075
,,,,"00NX","Swansea","W02000175","Swansea 008",,,7362,401,172,229,1160,588,477,802,864,1036,255,1779
,,,,"00NX","Swansea","W02000176","Swansea 009",,,8705,452,203,249,1464,611,494,901,1057,879,329,2518
,,,,"00NX","Swansea","W02000177","Swansea 010",,,6169,321,140,181,1059,433,464,825,839,719,248,1261
,,,,"00NX","Swansea","W02000178","Swansea 011",,,7795,149,81,68,615,334,316,703,1114,1270,896,2398
,,,,"00NX","Swansea","W02000179","Swansea 012",,,6418,634,281,353,1638,564,541,678,539,472,94,1258
,,,,"00NX","Swansea","W02000180","Swansea 013",,,7710,225,116,109,941,416,456,764,1039,1147,372,2350
,,,,"00NX","Swansea","W02000181","Swansea 014",,,6260,195,109,86,791,317,357,775,814,872,363,1776
,,,,"00NX","Swansea","W02000182","Swansea 015",,,8167,325,157,168,1311,597,534,1137,1118,1028,168,1949
,,,,"00NX","Swansea","W02000183","Swansea 016",,,9083,329,114,215,1081,554,614,973,1356,1240,384,2552
,,,,"00NX","Swansea","W02000184","Swansea 017",,,6346,307,127,180,1025,472,454,654,680,627,176,1951
,,,,"00NX","Swansea","W02000185","Swansea 018",,,5138,654,227,427,1071,298,539,449,316,367,79,1365
,,,,"00NX","Swansea","W02000186","Swansea 019",,,8443,231,118,113,664,322,301,646,1171,1260,1025,2823
,,,,"00NX","Swansea","W02000187","Swansea 020",,,5974,666,252,414,1405,484,598,591,466,340,70,1354
,,,,"00NX","Swansea","W02000188","Swansea 021",,,6368,253,162,91,657,347,383,787,933,934,246,1828
,,,,"00NX","Swansea","W02000189","Swansea 022",,,7450,880,289,591,1747,420,472,535,512,357,97,2430
,,,,"00NX","Swansea","W02000190","Swansea 023",,,5726,644,197,447,1252,363,326,329,285,159,56,2312
,,,,"00NX","Swansea","W02000191","Swansea 024",,,8568,1220,215,1005,1815,426,647,498,507,343,188,2924
,,,,"00NX","Swansea","W02000192","Swansea 025",,,5738,386,107,279,766,304,300,440,531,451,251,2309
,,,,"00NX","Swansea","W02000193","Swansea 026",,,7168,529,120,409,1027,373,441,417,489,333,189,3370
,,,,"00NX","Swansea","W02000194","Swansea 027",,,5379,1207,315,892,1288,239,455,221,165,112,45,1647
,,,,"00NX","Swansea","W02000195","Swansea 028",,,5817,1266,444,822,1415,292,481,229,256,102,52,1724
,,,,"00NX","Swansea","W02000196","Swansea 029",,,6394,724,301,423,1260,316,528,383,444,285,118,2336
,,,,"00NX","Swansea","W02000197","Swansea 030",,,6211,1170,338,832,1476,271,962,282,283,200,29,1538
,,,,"00NX","Swansea","W02000198","Swansea 031",,,7335,1393,401,992,1784,322,641,359,299,140,81,2316
,,,,"00NZ","Neath Port Talbot","W02000199","Neath Port Talbot 001",,,9706,482,223,259,1210,585,748,1023,964,1499,302,2893
,,,,"00NZ","Neath Port Talbot","W02000200","Neath Port Talbot 002",,,5080,227,108,119,625,177,425,540,645,755,157,1529
,,,,"00NZ","Neath Port Talbot","W02000201","Neath Port Talbot 003",,,5459,234,130,104,591,199,471,613,696,826,201,1628
,,,,"00NZ","Neath Port Talbot","W02000202","Neath Port Talbot 004",,,11104,960,389,571,2202,676,860,1148,1025,1141,271,2821
,,,,"00NZ","Neath Port Talbot","W02000203","Neath Port Talbot 005",,,6229,308,120,188,814,321,471,655,899,844,227,1690
,,,,"00NZ","Neath Port Talbot","W02000204","Neath Port Talbot 006",,,6532,793,331,462,1589,478,403,696,514,513,75,1471
,,,,"00NZ","Neath Port Talbot","W02000205","Neath Port Talbot 007",,,5748,394,153,241,1022,396,414,566,552,613,189,1602
,,,,"00NZ","Neath Port Talbot","W02000206","Neath Port Talbot 008",,,6606,237,99,138,878,371,375,619,778,785,255,2308
,,,,"00NZ","Neath Port Talbot","W02000207","Neath Port Talbot 009",,,5358,515,223,292,1125,495,386,709,568,491,90,979
,,,,"00NZ","Neath Port Talbot","W02000208","Neath Port Talbot 010",,,8160,406,184,222,1237,492,602,958,970,1049,264,2182
,,,,"00NZ","Neath Port Talbot","W02000209","Neath Port Talbot 011",,,5485,140,59,81,351,154,259,547,717,1003,348,1966
,,,,"00NZ","Neath Port Talbot","W02000210","Neath Port Talbot 012",,,6137,328,140,188,937,379,335,529,755,835,271,1768
,,,,"00NZ","Neath Port Talbot","W02000211","Neath Port Talbot 013",,,7283,238,86,152,856,342,367,778,983,1082,304,2333
,,,,"00NZ","Neath Port Talbot","W02000212","Neath Port Talbot 014",,,7639,427,180,247,1049,407,494,938,813,1131,222,2158
,,,,"00NZ","Neath Port Talbot","W02000213","Neath Port Talbot 015",,,6585,536,173,363,1193,381,408,823,636,696,99,1813
,,,,"00NZ","Neath Port Talbot","W02000214","Neath Port Talbot 016",,,9627,218,89,129,861,344,336,1108,1222,1609,478,3451
,,,,"00NZ","Neath Port Talbot","W02000215","Neath Port Talbot 017",,,8411,296,128,168,821,381,362,971,1010,1337,415,2818
,,,,"00NZ","Neath Port Talbot","W02000216","Neath Port Talbot 018",,,6694,318,136,182,890,377,433,915,785,909,207,1860
,,,,"00NZ","Neath Port Talbot","W02000217","Neath Port Talbot 019",,,5488,402,141,261,782,323,337,705,557,763,183,1436
,,,,"00PB","Bridgend","W02000218","Bridgend 001",,,7022,190,113,77,547,197,382,889,1030,1429,316,2042
,,,,"00PB","Bridgend","W02000219","Bridgend 002",,,7461,429,209,220,989,333,433,898,1046,1047,168,2118
,,,,"00PB","Bridgend","W02000220","Bridgend 003",,,7735,311,164,147,885,347,592,1007,1058,1321,204,2010
,,,,"00PB","Bridgend","W02000221","Bridgend 004",,,7570,196,93,103,803,315,456,857,1210,1320,317,2096
,,,,"00PB","Bridgend","W02000222","Bridgend 005",,,6138,475,228,247,1030,266,396,764,770,801,129,1507
,,,,"00PB","Bridgend","W02000223","Bridgend 006",,,4865,289,130,159,840,260,377,673,656,577,111,1082
,,,,"00PB","Bridgend","W02000224","Bridgend 007",,,5557,289,183,106,722,349,366,717,802,800,204,1308
,,,,"00PB","Bridgend","W02000225","Bridgend 008",,,8710,390,230,160,1199,389,795,1059,1154,1306,228,2190
,,,,"00PB","Bridgend","W02000226","Bridgend 009",,,9405,807,430,377,1848,653,847,1107,915,1256,162,1810
,,,,"00PB","Bridgend","W02000227","Bridgend 010",,,5890,278,113,165,729,252,416,742,749,807,298,1619
,,,,"00PB","Bridgend","W02000228","Bridgend 011",,,5254,629,282,347,1282,326,461,557,484,300,53,1162
,,,,"00PB","Bridgend","W02000229","Bridgend 012",,,6110,308,184,124,1159,322,302,813,782,768,135,1521
,,,,"00PB","Bridgend","W02000230","Bridgend 013",,,5082,852,375,477,1440,306,452,393,295,238,46,1060
,,,,"00PB","Bridgend","W02000231","Bridgend 014",,,7506,440,178,262,1365,406,509,790,847,887,236,2026
,,,,"00PB","Bridgend","W02000232","Bridgend 015",,,5606,789,405,384,1604,438,427,696,539,383,60,670
,,,,"00PB","Bridgend","W02000233","Bridgend 016",,,5675,533,247,286,1322,447,399,671,681,587,155,880
,,,,"00PB","Bridgend","W02000234","Bridgend 017",,,5979,882,406,476,1424,358,432,541,431,409,79,1423
,,,,"00PB","Bridgend","W02000235","Bridgend 018",,,8828,1207,560,647,1809,415,848,669,576,404,93,2807
,,,,"00PB","Bridgend","W02000236","Bridgend 019",,,6715,623,249,374,1414,305,636,568,560,505,143,1961
,,,,"00PD","The Vale of Glamorgan","W02000237","The Vale of Glamorgan 001",,,5243,1172,455,717,1318,241,782,284,172,180,25,1069
,,,,"00PD","The Vale of Glamorgan","W02000238","The Vale of Glamorgan 002",,,6259,1585,641,944,1646,244,640,253,195,185,58,1453
,,,,"00PD","The Vale of Glamorgan","W02000239","The Vale of Glamorgan 003",,,6220,1380,561,819,1574,324,898,362,269,184,47,1182
,,,,"00PD","The Vale of Glamorgan","W02000240","The Vale of Glamorgan 004",,,8756,880,296,584,2007,590,714,863,878,727,144,1953
,,,,"00PD","The Vale of Glamorgan","W02000241","The Vale of Glamorgan 005",,,8623,1826,547,1279,2304,549,735,433,442,333,125,1876
,,,,"00PD","The Vale of Glamorgan","W02000242","The Vale of Glamorgan 006",,,7915,1153,425,728,2092,511,802,590,485,302,95,1885
,,,,"00PD","The Vale of Glamorgan","W02000243","The Vale of Glamorgan 007",,,8923,349,169,180,1235,497,587,1000,1197,1209,635,2214
,,,,"00PD","The Vale of Glamorgan","W02000244","The Vale of Glamorgan 008",,,8736,1495,596,899,2176,530,699,453,532,399,116,2336
,,,,"00PD","The Vale of Glamorgan","W02000245","The Vale of Glamorgan 009",,,6907,423,201,222,1265,558,533,980,784,827,270,1267
,,,,"00PD","The Vale of Glamorgan","W02000246","The Vale of Glamorgan 010",,,5687,728,370,358,1614,410,534,610,350,310,26,1105
,,,,"00PD","The Vale of Glamorgan","W02000247","The Vale of Glamorgan 011",,,8959,1037,466,571,2396,598,644,1171,611,613,100,1789
,,,,"00PD","The Vale of Glamorgan","W02000248","The Vale of Glamorgan 012",,,9998,428,207,221,1619,759,789,1351,1332,1299,417,2004
,,,,"00PD","The Vale of Glamorgan","W02000249","The Vale of Glamorgan 013",,,8663,526,204,322,1544,656,622,951,929,922,296,2217
,,,,"00PD","The Vale of Glamorgan","W02000250","The Vale of Glamorgan 014",,,9360,1064,543,521,2491,725,643,1412,739,670,161,1455
,,,,"00PD","The Vale of Glamorgan","W02000251","The Vale of Glamorgan 015",,,7154,579,232,347,1453,503,586,761,670,584,231,1787
,,,,"00PF","Rhondda, Cynon, Taff","W02000252","Rhondda, Cynon, Taff 001",,,9038,448,211,237,1116,338,562,931,1054,1338,509,2742
,,,,"00PF","Rhondda, Cynon, Taff","W02000253","Rhondda, Cynon, Taff 002",,,6356,419,186,233,980,403,525,678,673,686,176,1816
,,,,"00PF","Rhondda, Cynon, Taff","W02000254","Rhondda, Cynon, Taff 003",,,7490,607,256,351,1612,495,419,868,774,665,165,1885
,,,,"00PF","Rhondda, Cynon, Taff","W02000255","Rhondda, Cynon, Taff 004",,,6009,409,166,243,1154,309,458,605,519,565,208,1782
,,,,"00PF","Rhondda, Cynon, Taff","W02000256","Rhondda, Cynon, Taff 005",,,9750,358,185,173,1150,516,634,1077,1227,1412,392,2984
,,,,"00PF","Rhondda, Cynon, Taff","W02000257","Rhondda, Cynon, Taff 006",,,7002,410,174,236,883,351,456,725,819,924,241,2193
,,,,"00PF","Rhondda, Cynon, Taff","W02000258","Rhondda, Cynon, Taff 007",,,5967,251,149,102,624,216,314,630,643,925,345,2019
,,,,"00PF","Rhondda, Cynon, Taff","W02000259","Rhondda, Cynon, Taff 008",,,6193,161,86,75,452,217,309,634,855,1208,392,1965
,,,,"00PF","Rhondda, Cynon, Taff","W02000260","Rhondda, Cynon, Taff 009",,,6357,211,108,103,717,359,273,616,729,989,316,2147
,,,,"00PF","Rhondda, Cynon, Taff","W02000261","Rhondda, Cynon, Taff 010",,,7974,485,214,271,1114,518,591,833,806,991,273,2363
,,,,"00PF","Rhondda, Cynon, Taff","W02000262","Rhondda, Cynon, Taff 011",,,5424,380,150,230,880,330,374,539,464,739,110,1608
,,,,"00PF","Rhondda, Cynon, Taff","W02000263","Rhondda, Cynon, Taff 012",,,6428,369,171,198,760,287,413,748,766,992,218,1875
,,,,"00PF","Rhondda, Cynon, Taff","W02000264","Rhondda, Cynon, Taff 013",,,6178,204,102,102,559,266,259,574,863,995,401,2057
,,,,"00PF","Rhondda, Cynon, Taff","W02000265","Rhondda, Cynon, Taff 014",,,9519,347,176,171,1137,532,630,917,1117,1536,373,2930
,,,,"00PF","Rhondda, Cynon, Taff","W02000266","Rhondda, Cynon, Taff 015",,,7717,472,198,274,1238,530,484,801,964,977,300,1951
,,,,"00PF","Rhondda, Cynon, Taff","W02000267","Rhondda, Cynon, Taff 016",,,6613,296,174,122,752,346,474,722,770,1082,267,1904
,,,,"00PF","Rhondda, Cynon, Taff","W02000268","Rhondda, Cynon, Taff 017",,,9359,431,181,250,1401,579,616,1027,1041,1251,242,2771
,,,,"00PF","Rhondda, Cynon, Taff","W02000269","Rhondda, Cynon, Taff 018",,,8605,386,206,180,977,509,676,869,927,1319,329,2613
,,,,"00PF","Rhondda, Cynon, Taff","W02000270","Rhondda, Cynon, Taff 019",,,6733,490,221,269,1178,479,494,780,759,782,146,1625
,,,,"00PF","Rhondda, Cynon, Taff","W02000271","Rhondda, Cynon, Taff 020",,,5904,296,159,137,662,301,426,586,664,914,283,1772
,,,,"00PF","Rhondda, Cynon, Taff","W02000272","Rhondda, Cynon, Taff 021",,,9918,754,289,465,1789,800,690,1102,979,936,227,2641
,,,,"00PF","Rhondda, Cynon, Taff","W02000273","Rhondda, Cynon, Taff 022",,,8866,314,86,228,780,418,512,662,878,1144,399,3759
,,,,"00PF","Rhondda, Cynon, Taff","W02000274","Rhondda, Cynon, Taff 023",,,8580,395,175,220,1115,395,595,920,1019,1451,457,2233
,,,,"00PF","Rhondda, Cynon, Taff","W02000275","Rhondda, Cynon, Taff 024",,,5801,322,147,175,827,318,513,685,638,839,171,1488
,,,,"00PF","Rhondda, Cynon, Taff","W02000276","Rhondda, Cynon, Taff 025",,,6078,588,246,342,1287,425,423,616,548,516,125,1550
,,,,"00PF","Rhondda, Cynon, Taff","W02000277","Rhondda, Cynon, Taff 026",,,7000,533,223,310,1232,437,530,716,757,910,156,1729
,,,,"00PF","Rhondda, Cynon, Taff","W02000278","Rhondda, Cynon, Taff 027",,,7829,1109,448,661,2362,729,835,828,504,504,46,912
,,,,"00PF","Rhondda, Cynon, Taff","W02000279","Rhondda, Cynon, Taff 028",,,8253,664,292,372,1658,603,626,1065,847,1091,206,1493
,,,,"00PF","Rhondda, Cynon, Taff","W02000280","Rhondda, Cynon, Taff 029",,,7091,632,270,362,1385,561,628,888,746,884,107,1260
,,,,"00PF","Rhondda, Cynon, Taff","W02000281","Rhondda, Cynon, Taff 030",,,6617,778,309,469,1632,474,495,579,559,498,87,1515
,,,,"00PF","Rhondda, Cynon, Taff","W02000282","Rhondda, Cynon, Taff 031",,,8704,1151,496,655,2052,553,797,799,778,749,141,1684
,,,,"00PH","Merthyr Tydfil","W02000283","Merthyr Tydfil 001",,,9024,308,126,182,825,278,466,696,1129,1386,896,3040
,,,,"00PH","Merthyr Tydfil","W02000284","Merthyr Tydfil 002",,,9311,436,204,232,1396,537,531,891,1187,1296,426,2611
,,,,"00PH","Merthyr Tydfil","W02000285","Merthyr Tydfil 003",,,7753,731,346,385,1674,623,612,699,668,754,187,1805
,,,,"00PH","Merthyr Tydfil","W02000286","Merthyr Tydfil 004",,,6053,202,108,94,676,310,310,497,634,685,419,2320
,,,,"00PH","Merthyr Tydfil","W02000287","Merthyr Tydfil 005",,,6939,348,205,143,1059,503,457,706,835,982,164,1885
,,,,"00PH","Merthyr Tydfil","W02000288","Merthyr Tydfil 006",,,8341,380,165,215,854,416,478,885,937,1485,425,2481
,,,,"00PH","Merthyr Tydfil","W02000289","Merthyr Tydfil 007",,,8219,552,279,273,1302,483,638,878,940,1115,293,2018
,,,,"00PK","Caerphilly","W02000290","Caerphilly 001",,,8688,272,156,116,733,321,412,996,1163,1601,472,2718
,,,,"00PK","Caerphilly","W02000291","Caerphilly 002",,,7436,207,115,92,712,312,494,765,784,1462,382,2318
,,,,"00PK","Caerphilly","W02000292","Caerphilly 003",,,5561,195,114,81,530,251,303,606,591,914,247,1924
,,,,"00PK","Caerphilly","W02000293","Caerphilly 004",,,6184,229,91,138,739,347,350,557,712,945,375,1930
,,,,"00PK","Caerphilly","W02000294","Caerphilly 005",,,5584,478,219,259,1009,282,417,623,582,651,146,1396
,,,,"00PK","Caerphilly","W02000295","Caerphilly 006",,,8587,622,341,281,1340,427,557,1236,910,1292,153,2050
,,,,"00PK","Caerphilly","W02000296","Caerphilly 007",,,7383,284,151,133,970,340,469,899,871,1273,270,2007
,,,,"00PK","Caerphilly","W02000297","Caerphilly 008",,,7425,543,252,291,1263,446,503,871,701,996,252,1850
,,,,"00PK","Caerphilly","W02000298","Caerphilly 009",,,6552,552,315,237,1152,491,423,837,657,842,135,1463
,,,,"00PK","Caerphilly","W02000299","Caerphilly 010",,,5935,318,179,139,729,280,411,766,678,941,162,1650
,,,,"00PK","Caerphilly","W02000300","Caerphilly 011",,,7710,446,255,191,1180,489,496,899,817,1059,200,2124
,,,,"00PK","Caerphilly","W02000301","Caerphilly 012",,,7107,399,183,216,1013,437,479,858,785,1107,270,1759
,,,,"00PK","Caerphilly","W02000302","Caerphilly 013",,,8585,749,324,425,1690,627,686,867,754,901,173,2138
,,,,"00PK","Caerphilly","W02000303","Caerphilly 014",,,6368,329,134,195,888,414,498,822,764,971,80,1602
,,,,"00PK","Caerphilly","W02000304","Caerphilly 015",,,5178,266,169,97,672,276,378,572,640,829,119,1426
,,,,"00PK","Caerphilly","W02000305","Caerphilly 016",,,6349,425,199,226,1032,400,305,804,956,972,155,1300
,,,,"00PK","Caerphilly","W02000306","Caerphilly 017",,,5044,278,123,155,802,294,294,592,573,647,99,1465
,,,,"00PK","Caerphilly","W02000307","Caerphilly 018",,,6657,264,110,154,763,468,561,739,991,1059,297,1515
,,,,"00PK","Caerphilly","W02000308","Caerphilly 019",,,9063,633,289,344,1521,623,642,1030,1050,1258,327,1979
,,,,"00PK","Caerphilly","W02000309","Caerphilly 020",,,6552,439,245,194,1016,376,512,752,632,877,147,1801
,,,,"00PK","Caerphilly","W02000310","Caerphilly 021",,,5193,579,213,366,990,252,404,522,489,583,248,1126
,,,,"00PK","Caerphilly","W02000311","Caerphilly 022",,,9396,564,274,290,1609,705,587,1069,1085,1175,486,2116
,,,,"00PK","Caerphilly","W02000312","Caerphilly 023",,,7308,594,224,370,1320,584,547,728,769,771,201,1794
,,,,"00PK","Caerphilly","W02000313","Caerphilly 024",,,8587,1304,511,793,2415,769,543,840,560,528,86,1542
,,,,"00PL","Blaenau Gwent","W02000314","Blaenau Gwent 001",,,7112,388,224,164,915,365,434,838,951,1012,307,1902
,,,,"00PL","Blaenau Gwent","W02000315","Blaenau Gwent 002",,,5467,300,181,119,762,248,309,675,666,843,147,1517
,,,,"00PL","Blaenau Gwent","W02000316","Blaenau Gwent 003",,,6968,220,126,94,716,226,421,804,900,1027,337,2317
,,,,"00PL","Blaenau Gwent","W02000317","Blaenau Gwent 004",,,7822,283,182,101,1020,445,379,997,1081,1163,263,2191
,,,,"00PL","Blaenau Gwent","W02000318","Blaenau Gwent 005",,,9032,380,219,161,900,383,516,989,1157,1649,517,2541
,,,,"00PL","Blaenau Gwent","W02000319","Blaenau Gwent 006",,,7914,309,172,137,1045,408,414,887,1126,1184,345,2196
,,,,"00PL","Blaenau Gwent","W02000320","Blaenau Gwent 007",,,8472,399,227,172,1088,442,487,1071,1038,1571,281,2095
,,,,"00PL","Blaenau Gwent","W02000321","Blaenau Gwent 008",,,9156,313,166,147,1032,398,523,1030,1177,1554,375,2754
,,,,"00PL","Blaenau Gwent","W02000322","Blaenau Gwent 009",,,7424,258,149,109,677,278,351,848,1058,1334,295,2325
,,,,"00PM","Torfaen","W02000323","Torfaen 001",,,5708,229,118,111,700,291,364,738,704,776,191,1715
,,,,"00PM","Torfaen","W02000324","Torfaen 002",,,6782,326,141,185,824,358,532,730,896,941,223,1952
,,,,"00PM","Torfaen","W02000325","Torfaen 003",,,7164,190,101,89,693,304,478,749,1013,1260,388,2089
,,,,"00PM","Torfaen","W02000326","Torfaen 004",,,8674,474,215,259,1298,482,617,1074,1169,1231,204,2125
,,,,"00PM","Torfaen","W02000327","Torfaen 005",,,6324,719,369,350,1451,497,419,613,587,535,60,1443
,,,,"00PM","Torfaen","W02000328","Torfaen 006",,,6716,475,250,225,1195,466,417,837,862,735,121,1608
,,,,"00PM","Torfaen","W02000329","Torfaen 007",,,7372,383,148,235,1127,375,500,881,1046,898,174,1988
,,,,"00PM","Torfaen","W02000330","Torfaen 008",,,7221,529,296,233,1199,440,469,620,735,643,87,2499
,,,,"00PM","Torfaen","W02000331","Torfaen 009",,,7467,177,78,99,784,401,477,905,1321,1466,333,1603
,,,,"00PM","Torfaen","W02000332","Torfaen 010",,,6939,246,128,118,780,376,328,792,996,1130,283,2008
,,,,"00PM","Torfaen","W02000333","Torfaen 011",,,6850,656,301,355,1327,426,450,865,850,963,153,1160
,,,,"00PM","Torfaen","W02000334","Torfaen 012",,,7109,944,466,478,1770,467,493,825,801,671,95,1043
,,,,"00PM","Torfaen","W02000335","Torfaen 013",,,5848,717,346,371,1171,335,520,588,412,397,83,1625
,,,,"00PP","Monmouthshire","W02000336","Monmouthshire 001",,,7580,1003,352,651,1844,364,1130,438,471,355,84,1891
,,,,"00PP","Monmouthshire","W02000337","Monmouthshire 002",,,7181,495,197,298,1250,363,495,609,864,844,245,2016
,,,,"00PP","Monmouthshire","W02000338","Monmouthshire 003",,,7241,979,440,539,1568,383,799,579,520,440,101,1872
,,,,"00PP","Monmouthshire","W02000339","Monmouthshire 004",,,8542,1010,498,512,1552,351,895,600,938,880,116,2200
,,,,"00PP","Monmouthshire","W02000340","Monmouthshire 005",,,6666,988,435,553,1324,196,1714,393,335,272,80,1364
,,,,"00PP","Monmouthshire","W02000341","Monmouthshire 006",,,7331,1398,539,859,1614,393,1128,434,363,317,50,1634
,,,,"00PP","Monmouthshire","W02000342","Monmouthshire 007",,,7644,1889,934,955,2011,295,1063,335,271,296,36,1448
,,,,"00PP","Monmouthshire","W02000343","Monmouthshire 008",,,8246,728,295,433,1568,464,582,963,878,1311,155,1597
,,,,"00PP","Monmouthshire","W02000344","Monmouthshire 009",,,7086,1527,748,779,1705,362,798,664,415,433,15,1167
,,,,"00PP","Monmouthshire","W02000345","Monmouthshire 010",,,8284,561,292,269,1423,455,476,1146,947,1313,134,1829
,,,,"00PP","Monmouthshire","W02000346","Monmouthshire 011",,,7687,1515,794,721,2122,536,593,791,470,649,53,958
,,,,"00PR","Newport","W02000347","Newport 001",,,8119,1295,577,718,2220,526,636,694,542,430,95,1681
,,,,"00PR","Newport","W02000348","Newport 002",,,8064,627,263,364,1733,642,469,968,808,864,174,1779
,,,,"00PR","Newport","W02000349","Newport 003",,,8222,269,129,140,769,407,407,1008,1323,1631,521,1887
,,,,"00PR","Newport","W02000350","Newport 004",,,6920,1144,516,628,1568,344,753,533,473,612,89,1404
,,,,"00PR","Newport","W02000351","Newport 005",,,6077,415,180,235,1076,402,357,618,647,682,172,1708
,,,,"00PR","Newport","W02000352","Newport 006",,,6932,454,202,252,1072,421,367,830,884,954,309,1641
,,,,"00PR","Newport","W02000353","Newport 007",,,7118,562,281,281,1336,572,460,892,776,873,161,1486
,,,,"00PR","Newport","W02000354","Newport 008",,,5798,341,174,167,1037,370,452,657,503,657,215,1566
,,,,"00PR","Newport","W02000355","Newport 009",,,7146,1182,580,602,1844,492,495,669,519,355,60,1530
,,,,"00PR","Newport","W02000356","Newport 010",,,5483,148,77,71,414,215,188,569,819,986,423,1721
,,,,"00PR","Newport","W02000357","Newport 011",,,7516,466,176,290,1347,508,591,948,948,944,241,1523
,,,,"00PR","Newport","W02000358","Newport 012",,,5698,1038,332,706,1539,334,483,369,277,176,61,1421
,,,,"00PR","Newport","W02000359","Newport 013",,,7978,506,150,356,920,517,529,938,1144,1342,494,1588
,,,,"00PR","Newport","W02000360","Newport 014",,,5502,653,211,442,1198,436,412,430,534,418,224,1197
,,,,"00PR","Newport","W02000361","Newport 015",,,10405,493,207,286,1310,484,574,1397,1391,1619,694,2443
,,,,"00PR","Newport","W02000362","Newport 016",,,5827,871,395,476,1530,408,419,423,412,429,64,1271
,,,,"00PR","Newport","W02000363","Newport 017",,,5524,368,172,196,894,408,257,562,617,495,156,1767
,,,,"00PR","Newport","W02000364","Newport 018",,,5283,176,62,114,504,274,333,523,717,648,584,1524
,,,,"00PR","Newport","W02000365","Newport 019",,,6327,308,160,148,677,388,254,680,942,957,487,1634
,,,,"00PR","Newport","W02000366","Newport 020",,,5428,1164,528,636,1567,353,651,378,331,209,53,722
,,,,"00PT","Cardiff","W02000367","Cardiff 001",,,5897,1672,617,1055,1655,351,564,225,204,86,27,1113
,,,,"00PT","Cardiff","W02000368","Cardiff 002",,,5882,1350,480,870,1903,571,410,393,374,224,38,619
,,,,"00PT","Cardiff","W02000369","Cardiff 003",,,6317,1487,577,910,2025,617,462,461,379,305,87,494
,,,,"00PT","Cardiff","W02000370","Cardiff 004",,,6241,1052,402,650,1600,463,403,193,222,122,16,2170
,,,,"00PT","Cardiff","W02000371","Cardiff 005",,,7362,858,295,563,1537,553,526,576,657,534,106,2015
,,,,"00PT","Cardiff","W02000372","Cardiff 006",,,5748,1526,497,1029,1760,330,406,292,236,178,16,1004
,,,,"00PT","Cardiff","W02000373","Cardiff 007",,,6562,457,240,217,893,434,365,671,845,779,405,1713
,,,,"00PT","Cardiff","W02000374","Cardiff 008",,,5800,1441,406,1035,1288,412,555,338,272,172,69,1253
,,,,"00PT","Cardiff","W02000375","Cardiff 009",,,6065,436,169,267,1177,481,427,598,933,744,321,948
,,,,"00PT","Cardiff","W02000376","Cardiff 010",,,6226,896,332,564,1407,466,455,422,431,461,113,1575
,,,,"00PT","Cardiff","W02000377","Cardiff 011",,,5989,773,384,389,1595,549,511,580,612,468,152,749
,,,,"00PT","Cardiff","W02000378","Cardiff 012",,,6465,1156,392,764,1643,548,502,433,310,191,38,1644
,,,,"00PT","Cardiff","W02000379","Cardiff 013",,,6009,280,101,179,781,405,276,610,969,787,581,1320
,,,,"00PT","Cardiff","W02000380","Cardiff 014",,,6565,1714,627,1087,2067,448,626,307,269,188,46,900
,,,,"00PT","Cardiff","W02000381","Cardiff 015",,,6348,319,126,193,797,473,369,630,772,797,198,1993
,,,,"00PT","Cardiff","W02000382","Cardiff 016",,,5668,245,92,153,642,326,290,687,730,806,382,1560
,,,,"00PT","Cardiff","W02000383","Cardiff 017",,,7072,448,213,235,1235,582,393,894,984,930,284,1322
,,,,"00PT","Cardiff","W02000384","Cardiff 018",,,5538,1112,379,733,1611,424,457,284,171,134,39,1306
,,,,"00PT","Cardiff","W02000385","Cardiff 019",,,5776,1446,421,1025,1444,337,507,174,184,108,76,1500
,,,,"00PT","Cardiff","W02000386","Cardiff 020",,,7786,1265,409,856,1889,622,649,507,377,310,41,2126
,,,,"00PT","Cardiff","W02000387","Cardiff 021",,,5703,875,302,573,1327,547,557,395,358,317,56,1271
,,,,"00PT","Cardiff","W02000388","Cardiff 022",,,5910,436,211,225,1180,415,551,699,591,540,135,1363
,,,,"00PT","Cardiff","W02000389","Cardiff 023",,,8222,581,188,393,1426,618,623,705,963,911,314,2081
,,,,"00PT","Cardiff","W02000390","Cardiff 024",,,5230,1228,324,904,1198,297,456,241,185,123,31,1471
,,,,"00PT","Cardiff","W02000391","Cardiff 025",,,5422,771,147,624,1064,427,323,377,337,348,131,1644
,,,,"00PT","Cardiff","W02000392","Cardiff 026",,,8758,1814,610,1204,2642,639,783,482,442,225,72,1659
,,,,"00PT","Cardiff","W02000393","Cardiff 027",,,5950,381,164,217,1045,444,361,575,707,645,255,1537
,,,,"00PT","Cardiff","W02000394","Cardiff 028",,,6884,652,116,536,1048,459,331,350,435,252,113,3244
,,,,"00PT","Cardiff","W02000395","Cardiff 029",,,5565,1107,248,859,1527,359,506,265,296,228,95,1182
,,,,"00PT","Cardiff","W02000396","Cardiff 030",,,7348,930,174,756,1434,513,565,375,524,335,150,2522
,,,,"00PT","Cardiff","W02000397","Cardiff 031",,,6313,394,171,223,1070,481,449,538,796,642,233,1710
,,,,"00PT","Cardiff","W02000398","Cardiff 032",,,5975,373,59,314,508,323,229,186,278,163,66,3849
,,,,"00PT","Cardiff","W02000399","Cardiff 033",,,8513,963,176,787,1770,697,484,455,610,437,244,2853
,,,,"00PT","Cardiff","W02000400","Cardiff 034",,,5683,1216,253,963,1728,369,402,236,324,235,117,1056
,,,,"00PT","Cardiff","W02000401","Cardiff 035",,,5809,809,233,576,1596,419,508,395,421,300,123,1238
,,,,"00PT","Cardiff","W02000402","Cardiff 036",,,6215,468,117,351,992,488,394,499,792,590,355,1637
,,,,"00PT","Cardiff","W02000403","Cardiff 037",,,6161,357,114,243,915,380,361,566,790,733,496,1563
,,,,"00PT","Cardiff","W02000404","Cardiff 038",,,5874,413,153,260,987,474,326,601,784,660,317,1312
,,,,"00PT","Cardiff","W02000405","Cardiff 039",,,7406,209,95,114,658,345,352,603,1225,1109,882,2023
,,,,"00PT","Cardiff","W02000406","Cardiff 040",,,7080,717,228,489,1632,464,657,623,729,605,172,1481
,,,,"00PT","Cardiff","W02000407","Cardiff 041",,,5645,229,72,157,746,374,327,520,780,782,384,1503
,,,,"00PT","Cardiff","W02000408","Cardiff 042",,,6036,417,54,363,764,290,525,429,857,566,523,1665
,,,,"00PT","Cardiff","W02000409","Cardiff 043",,,5886,444,186,258,1030,336,430,612,795,628,230,1381
,,,,"00PT","Cardiff","W02000410","Cardiff 044",,,7049,415,143,272,1051,382,651,672,1034,831,387,1626
,,,,"00PT","Cardiff","W02000411","Cardiff 045",,,5869,299,105,194,712,347,410,633,925,829,332,1382
,,,,"00PT","Cardiff","W02000412","Cardiff 046",,,5824,444,157,287,914,390,478,599,765,612,334,1288
,,,,"00PT","Cardiff","W02000413","Cardiff 047",,,5769,786,216,570,1063,382,249,333,610,459,528,1359