DATASET_TITLE,"Incapacity Benefit/Severe Disablement Allowance Claimants, February 2007",,,,,,,,,,FROM,Feb-2007,Feb-2007,Feb-2007,Feb-2007,Feb-2007,Feb-2007,Feb-2007,Feb-2007,Feb-2007,Feb-2007,Feb-2007,Feb-2007,Feb-2007,Feb-2007,Feb-2007,Feb-2007,Feb-2007,Feb-2007,Feb-2007,Feb-2007,Feb-2007,Feb-2007,Feb-2007,Feb-2007,Feb-2007,Feb-2007,Feb-2007,Feb-2007,Feb-2007,Feb-2007,Feb-2007,Feb-2007
AREA_TYPE,Region,,,,,,,,,,TO,Feb-2007,Feb-2007,Feb-2007,Feb-2007,Feb-2007,Feb-2007,Feb-2007,Feb-2007,Feb-2007,Feb-2007,Feb-2007,Feb-2007,Feb-2007,Feb-2007,Feb-2007,Feb-2007,Feb-2007,Feb-2007,Feb-2007,Feb-2007,Feb-2007,Feb-2007,Feb-2007,Feb-2007,Feb-2007,Feb-2007,Feb-2007,Feb-2007,Feb-2007,Feb-2007,Feb-2007,Feb-2007
GEO_HIERARCHY,NeSS Geography Hierarchy,,,,,,,,,,HEADING,Total,Total Incapacity Benefit Claimants,Total Severe Disablement Allowance Claimants,Claimants Aged 16-24,Claimants Aged 16-24,Claimants Aged 25-49,Claimants Aged 25-49,Claimants Aged 50-59,Claimants Aged 50-59,Claimants Aged 60 and Over,Claimants Aged 60 and Over,Male,Male,Female,Female,Claim Duration Less Than 6 Months,Claim Duration 6 Months-1 Year,Claim Duration 1-2 Years,Claim Duration 2-5 Years,Claim Duration 5 Years and Over,Medical Reason for Claiming; Mental Disorders,Medical Reason for Claiming; Mental Disorders,Medical Reason for Claiming; Diseases of the Nervous System,Medical Reason for Claiming; Diseases of the Nervous System,Medical Reason for Claiming; Diseases of the Respiratory or Circulatory System,Medical Reason for Claiming; Diseases of the Respiratory or Circulatory System,Medical Reason for Claiming; Musculoskeletal Diseases,Medical Reason for Claiming; Musculoskeletal Diseases,Medical Reason for Claiming; Injury or Poisoning,Medical Reason for Claiming; Injury or Poisoning,Medical Reason for Claiming; Other,Medical Reason for Claiming; Other
,,,,,,,,,,,MEASUREMENT_UNIT,Count,Count,Count,Count,Percentage,Count,Percentage,Count,Percentage,Count,Percentage,Count,Percentage,Count,Percentage,Count,Count,Count,Count,Count,Count,Percentage,Count,Percentage,Count,Percentage,Count,Percentage,Count,Percentage,Count,Percentage
,,,,,,,,,,,STATISTICAL_UNIT,Persons,Persons,Persons,Persons,Persons,Persons,Persons,Persons,Persons,Persons,Persons,Persons,Persons,Persons,Persons,Persons,Persons,Persons,Persons,Persons,Persons,Persons,Persons,Persons,Persons,Persons,Persons,Persons,Persons,Persons,Persons,Persons
UK_CODE,UK_NAME,GB_CODE,GB_NAME,EW_CODE,EW_NAME,CTRY_CODE,CTRY_NAME,GOR_CODE,GOR_NAME,AREA_METADATA,,DATA_VALUE,DATA_VALUE,DATA_VALUE,DATA_VALUE,DATA_VALUE,DATA_VALUE,DATA_VALUE,DATA_VALUE,DATA_VALUE,DATA_VALUE,DATA_VALUE,DATA_VALUE,DATA_VALUE,DATA_VALUE,DATA_VALUE,DATA_VALUE,DATA_VALUE,DATA_VALUE,DATA_VALUE,DATA_VALUE,DATA_VALUE,DATA_VALUE,DATA_VALUE,DATA_VALUE,DATA_VALUE,DATA_VALUE,DATA_VALUE,DATA_VALUE,DATA_VALUE,DATA_VALUE,DATA_VALUE,DATA_VALUE
"213","United Kingdom","078","Great Britain","727","England and Wales","064","England",,,,,2180940,1958560,222380,136660,6,1038750,48,724355,33,281110,13,1262040,58,918900,42,206150,128430,192535,462395,1191430,888715,41,136770,6,166555,8,389910,18,121710,6,477280,22
"213","United Kingdom","078","Great Britain",,,,,,,,,2692030,2421830,270200,167035,6,1274980,47,900145,33,349800,13,1550205,58,1141825,42,251095,155400,234035,564075,1487425,1101745,41,165205,6,208120,8,479100,18,148890,6,588970,22
"213","United Kingdom","078","Great Britain",,,"179","Scotland",,,,,308615,278690,29925,18615,6,147935,48,104355,34,37710,12,172860,56,135755,44,28025,16830,25900,62540,175320,136460,44,18195,6,23865,8,47525,15,14625,5,67945,22
"213","United Kingdom","078","Great Britain","727","England and Wales","220","Wales",,,,,202475,184580,17895,11760,6,88295,44,71435,35,30980,15,115305,57,87170,43,16920,10140,15600,39140,120675,76570,38,10240,5,17700,9,41665,21,12555,6,43745,22
"213","United Kingdom","078","Great Britain","727","England and Wales",,,,,,,2383415,2143140,240275,148420,6,1127045,47,795790,33,312090,13,1377345,58,1006070,42,223070,138570,208135,501535,1312105,965285,41,147010,6,184255,8,431575,18,134265,6,521025,22
"213","United Kingdom","078","Great Britain","727","England and Wales","064","England","A","North East",,,166860,151940,14920,10590,6,73800,44,58525,35,23945,14,98025,59,68835,41,15065,8335,12395,32025,99040,65050,39,8995,5,12985,8,35760,21,9440,6,34630,21
"213","United Kingdom","078","Great Britain","727","England and Wales","064","England","B","North West",,,414300,377055,37245,24050,6,193340,47,141255,34,55650,13,240235,58,174065,42,36230,21935,33990,84115,238030,173650,42,22700,5,36050,9,74360,18,22100,5,85440,21
"213","United Kingdom","078","Great Britain","727","England and Wales","064","England","D","Yorkshire and The Humber",,,240720,216055,24665,14920,6,108900,45,82555,34,34345,14,140825,59,99895,41,23810,13515,19345,50555,133495,92295,38,15180,6,21035,9,45335,19,13015,5,53860,22
"213","United Kingdom","078","Great Britain","727","England and Wales","064","England","E","East Midlands",,,181660,159940,21720,10895,6,82090,45,62315,34,26360,15,104505,58,77155,42,16620,10330,16340,38030,100340,67515,37,12045,7,14325,8,36185,20,10285,6,41305,23
"213","United Kingdom","078","Great Britain","727","England and Wales","064","England","F","West Midlands",,,243835,219190,24645,15540,6,112395,46,83075,34,32820,13,141940,58,101895,42,22805,13695,21515,52425,133395,95900,39,15305,6,20520,8,48225,20,13855,6,50030,21
"213","United Kingdom","078","Great Britain","727","England and Wales","064","England","G","East of England",,,179920,158260,21660,11915,7,85875,48,58630,33,23495,13,101275,56,78645,44,17495,11600,17085,38520,95220,71470,40,14420,8,11990,7,31880,18,10440,6,39720,22
"213","United Kingdom","078","Great Britain","727","England and Wales","064","England","H","London",,,313960,290205,23755,18020,6,169015,54,98345,31,28535,9,181245,58,132715,42,29780,20220,29860,72300,161800,137265,44,16075,5,21035,7,47995,15,15575,5,76015,24
"213","United Kingdom","078","Great Britain","727","England and Wales","064","England","J","South East",,,241835,211170,30665,16865,7,117460,49,77285,32,30220,12,138665,57,103170,43,24630,15895,23360,52305,125645,101800,42,18185,8,16060,7,37605,16,14510,6,53675,22
"213","United Kingdom","078","Great Britain","727","England and Wales","064","England","K","South West",,,197850,174745,23105,13865,7,95875,48,62370,32,25740,13,115325,58,82525,42,19715,12905,18645,42120,104465,83770,42,13865,7,12555,6,32565,16,12490,6,42605,22