DATASET_TITLE,Method of Travel to Work - Resident Population (UV39),,,,FROM,Apr-2001,Apr-2001,Apr-2001,Apr-2001,Apr-2001,Apr-2001,Apr-2001,Apr-2001,Apr-2001,Apr-2001,Apr-2001,Apr-2001,Apr-2001
AREA_TYPE,County,,,,TO,Apr-2001,Apr-2001,Apr-2001,Apr-2001,Apr-2001,Apr-2001,Apr-2001,Apr-2001,Apr-2001,Apr-2001,Apr-2001,Apr-2001,Apr-2001
GEO_HIERARCHY,NeSS Geography Hierarchy,,,,HEADING,All People,Works mainly at or from home,"Underground, metro, light rail or tram",Train,"Bus, minibus or coach",Taxi or minicab,Driving a car or van,Passenger in a car or van,"Motorcycle, scooter or moped",Bicycle,On foot,Other,Not currently working
,,,,,MEASUREMENT_UNIT,Count,Count,Count,Count,Count,Count,Count,Count,Count,Count,Count,Count,Count
,,,,,STATISTICAL_UNIT,Persons,Persons,Persons,Persons,Persons,Persons,Persons,Persons,Persons,Persons,Persons,Persons,Persons
GOR_CODE,GOR_NAME,CTY_CODE,CTY_NAME,AREA_METADATA,,DATA_VALUE,DATA_VALUE,DATA_VALUE,DATA_VALUE,DATA_VALUE,DATA_VALUE,DATA_VALUE,DATA_VALUE,DATA_VALUE,DATA_VALUE,DATA_VALUE,DATA_VALUE,DATA_VALUE
"G","East of England","09","Bedfordshire",,,276279,18413,207,8587,6180,517,121901,10983,1739,5948,16349,721,84734
"G","East of England","12","Cambridgeshire",,,406591,27741,281,7062,9269,706,163938,15297,3024,24956,22320,1091,130906
"G","East of England","22","Essex",,,945557,57636,11296,62810,21720,3519,357522,34881,6350,15687,51297,2471,320368
"G","East of England","26","Hertfordshire",,,746008,48766,8263,46108,16682,2642,307427,26599,5533,9245,45744,1759,227240
"G","East of England","33","Norfolk",,,575464,37387,295,2750,17143,1117,213129,22682,4727,18668,38257,2845,216464
"G","East of England","42","Suffolk",,,476072,31573,305,4598,13368,1074,190109,19705,4067,15532,31607,1885,162249