DATASET_TITLE,"Dwelling Stock by Council Tax Band, 2008",,,,,,FROM,Mar-2008,Mar-2008,Mar-2008,Mar-2008,Mar-2008,Mar-2008,Mar-2008,Mar-2008,Mar-2008,Mar-2008,Mar-2008,Mar-2008,Mar-2008,Mar-2008,Mar-2008,Mar-2008,Mar-2008,Mar-2008,Mar-2008,Mar-2008,Mar-2008
AREA_TYPE,Local Authority,,,,,,TO,Mar-2008,Mar-2008,Mar-2008,Mar-2008,Mar-2008,Mar-2008,Mar-2008,Mar-2008,Mar-2008,Mar-2008,Mar-2008,Mar-2008,Mar-2008,Mar-2008,Mar-2008,Mar-2008,Mar-2008,Mar-2008,Mar-2008,Mar-2008,Mar-2008
GEO_HIERARCHY,NeSS Geography Hierarchy,,,,,,HEADING,Dwelling Stock by Council Tax Band; Total,Dwelling Stock by Council Tax Band; Band A,Dwelling Stock by Council Tax Band; Band A,Dwelling Stock by Council Tax Band; Band B,Dwelling Stock by Council Tax Band; Band B,Dwelling Stock by Council Tax Band; Band C,Dwelling Stock by Council Tax Band; Band C,Dwelling Stock by Council Tax Band; Band D,Dwelling Stock by Council Tax Band; Band D,Dwelling Stock by Council Tax Band; Band E,Dwelling Stock by Council Tax Band; Band E,Dwelling Stock by Council Tax Band; Band F,Dwelling Stock by Council Tax Band; Band F,Dwelling Stock by Council Tax Band; Band G,Dwelling Stock by Council Tax Band; Band G,Dwelling Stock by Council Tax Band; Band H,Dwelling Stock by Council Tax Band; Band H,Dwelling Stock by Council Tax Band; Band I,Dwelling Stock by Council Tax Band; Band I,Dwelling Stock by Council Tax Band; Band X; Unallocated,Dwelling Stock by Council Tax Band; Band X; Unallocated
,,,,,,,MEASUREMENT_UNIT,Count,Count,Percentage,Count,Percentage,Count,Percentage,Count,Percentage,Count,Percentage,Count,Percentage,Count,Percentage,Count,Percentage,Count,Percentage,Count,Percentage
,,,,,,,STATISTICAL_UNIT,Dwellings,Dwellings,Dwellings,Dwellings,Dwellings,Dwellings,Dwellings,Dwellings,Dwellings,Dwellings,Dwellings,Dwellings,Dwellings,Dwellings,Dwellings,Dwellings,Dwellings,Dwellings,Dwellings,Dwellings,Dwellings
GOR_CODE,GOR_NAME,CTY_CODE,CTY_NAME,LA_CODE,LA_NAME,AREA_METADATA,,DATA_VALUE,DATA_VALUE,DATA_VALUE,DATA_VALUE,DATA_VALUE,DATA_VALUE,DATA_VALUE,DATA_VALUE,DATA_VALUE,DATA_VALUE,DATA_VALUE,DATA_VALUE,DATA_VALUE,DATA_VALUE,DATA_VALUE,DATA_VALUE,DATA_VALUE,DATA_VALUE,DATA_VALUE,DATA_VALUE,DATA_VALUE
,,,,"00NA","Isle of Anglesey",,,33156,4461,13.45,6597,19.9,6363,19.19,7121,21.48,5132,15.48,2315,6.98,962,2.9,157,.47,48,.14,0,0
,,,,"00NC","Gwynedd",,,59546,8711,14.63,15255,25.62,12065,20.26,10290,17.28,7924,13.31,3806,6.39,1235,2.07,188,.32,72,.12,0,0
,,,,"00NE","Conwy",,,54577,4950,9.07,7829,14.34,14549,26.66,11477,21.03,8593,15.74,4748,8.7,1841,3.37,425,.78,165,.3,0,0
,,,,"00NG","Denbighshire",,,43113,3905,9.06,6964,16.15,13844,32.11,7548,17.51,5129,11.9,3387,7.86,1878,4.36,291,.67,167,.39,0,0
,,,,"00NJ","Flintshire",,,64550,3948,6.12,8889,13.77,19632,30.41,11910,18.45,9866,15.28,6524,10.11,2983,4.62,572,.89,226,.35,0,0
,,,,"00NL","Wrexham",,,57069,4271,7.48,12177,21.34,15858,27.79,9337,16.36,7396,12.96,4695,8.23,2367,4.15,682,1.2,286,.5,0,0
,,,,"00NN","Powys",,,61079,5432,8.89,8815,14.43,12377,20.26,9524,15.59,11457,18.76,8712,14.26,3985,6.52,571,.93,206,.34,0,0
,,,,"00NQ","Ceredigion",,,33584,1942,5.78,4542,13.52,7101,21.14,7117,21.19,8481,25.25,3433,10.22,845,2.52,102,.3,21,.06,0,0
,,,,"00NS","Pembrokeshire",,,56740,5827,10.27,8933,15.74,12843,22.63,10251,18.07,11298,19.91,5320,9.38,1899,3.35,284,.5,85,.15,0,0
,,,,"00NU","Carmarthenshire",,,80881,8643,10.69,23710,29.31,16956,20.96,12632,15.62,11419,14.12,5456,6.75,1766,2.18,245,.3,54,.07,0,0
,,,,"00NX","Swansea",,,105781,16463,15.56,27359,25.86,22643,21.41,14975,14.16,11842,11.19,7488,7.08,3512,3.32,1039,.98,460,.43,0,0
,,,,"00NZ","Neath Port Talbot",,,63218,13092,20.71,26826,42.43,10858,17.18,6747,10.67,3848,6.09,1266,2,459,.73,102,.16,20,.03,0,0
,,,,"00PB","Bridgend",,,59694,10098,16.92,14905,24.97,13629,22.83,9111,15.26,6618,11.09,3664,6.14,1303,2.18,266,.45,100,.17,0,0
,,,,"00PD","The Vale of Glamorgan",,,55007,1484,2.7,5940,10.8,13247,24.08,10449,19,9362,17.02,6482,11.78,5098,9.27,2001,3.64,944,1.72,0,0
,,,,"00PF","Rhondda, Cynon, Taff",,,104435,46076,44.12,24556,23.51,16072,15.39,8164,7.82,5356,5.13,2912,2.79,1075,1.03,153,.15,71,.07,0,0
,,,,"00PH","Merthyr Tydfil",,,25763,13751,53.37,6469,25.11,1923,7.46,1867,7.25,1187,4.61,447,1.74,105,.41,4,.02,10,.04,0,0
,,,,"00PK","Caerphilly",,,75644,14834,19.61,26081,34.48,17652,23.34,8611,11.38,5515,7.29,2111,2.79,681,.9,81,.11,78,.1,0,0
,,,,"00PL","Blaenau Gwent",,,31504,18856,59.85,7892,25.05,2333,7.41,1417,4.5,724,2.3,227,.72,33,.1,2,.01,20,.06,0,0
,,,,"00PM","Torfaen",,,39573,5832,14.74,12680,32.04,11425,28.87,3825,9.67,3262,8.24,1867,4.72,594,1.5,60,.15,28,.07,0,0
,,,,"00PP","Monmouthshire",,,38897,505,1.3,2978,7.66,6608,16.99,8158,20.97,6581,16.92,6937,17.83,4849,12.47,1606,4.13,675,1.74,0,0
,,,,"00PR","Newport",,,61263,5979,9.76,13631,22.25,15918,25.98,10940,17.86,6949,11.34,4827,7.88,2354,3.84,496,.81,169,.28,0,0
,,,,"00PT","Cardiff",,,143826,3837,2.67,16556,11.51,29227,20.32,32872,22.86,28150,19.57,19993,13.9,9392,6.53,2559,1.78,1240,.86,0,0