DATASET_TITLE,Occupation Groups (UV30),,,,,,,,,,FROM,Apr-2001,Apr-2001,Apr-2001,Apr-2001,Apr-2001,Apr-2001,Apr-2001,Apr-2001,Apr-2001,Apr-2001,Apr-2001,Apr-2001,Apr-2001,Apr-2001,Apr-2001,Apr-2001,Apr-2001,Apr-2001,Apr-2001,Apr-2001,Apr-2001,Apr-2001,Apr-2001,Apr-2001,Apr-2001,Apr-2001,Apr-2001,Apr-2001,Apr-2001,Apr-2001,Apr-2001,Apr-2001,Apr-2001,Apr-2001,Apr-2001
AREA_TYPE,Region,,,,,,,,,,TO,Apr-2001,Apr-2001,Apr-2001,Apr-2001,Apr-2001,Apr-2001,Apr-2001,Apr-2001,Apr-2001,Apr-2001,Apr-2001,Apr-2001,Apr-2001,Apr-2001,Apr-2001,Apr-2001,Apr-2001,Apr-2001,Apr-2001,Apr-2001,Apr-2001,Apr-2001,Apr-2001,Apr-2001,Apr-2001,Apr-2001,Apr-2001,Apr-2001,Apr-2001,Apr-2001,Apr-2001,Apr-2001,Apr-2001,Apr-2001,Apr-2001
GEO_HIERARCHY,NeSS Geography Hierarchy,,,,,,,,,,HEADING,All People,1. Managers and Senior Officials,1. Managers and Senior Officials:  11. Corporate Managers,1. Managers and Senior Officials:  12. Managers and Proprietors in Agriculture and Services,2. Professional Occupations,2. Professional Occupations:  21. Science and Technology Professionals,2. Professional Occupations:  22. Health Professionals,2. Professional Occupations:  23. Teaching and Research Professionals,2. Professional Occupations:  24. Business and Public Service Professionals,3. Associate Professional and Technical Occupations,3. Associate Professional and Technical Occupations:  31. Science and Technology Associate Professionals,3. Associate Professional and Technical Occupations:  32. Health and Social Welfare Associate Professionals,3. Associate Professional and Technical Occupations:  33. Protective Service Occupations,3. Associate Professional and Technical Occupations:  34. Culture; Media and Sports Occupations,3. Associate Professional and Technical Occupations:  35. Business and Public Service Associate Professionals,4. Administrative and Secretarial Occupations,4. Administrative and Secretarial Occupations:  41. Administrative Occupations,4. Administrative and Secretarial Occupations:  42. Secretarial and Related Occupations,5. Skilled Trades Occupations,5. Skilled Trades Occupations:  51. Skilled Agricultural Trades,5. Skilled Trades Occupations:  52. Skilled Metal and Electrical Trades,5. Skilled Trades Occupations:  53. Skilled Construction and Building Trades,5. Skilled Trades Occupations:  54. Textiles; Printing and Other Skilled Trades,6. Personal Service Occupations,6. Personal Service Occupations:  61. Caring Personal Service Occupations,6. Personal Service Occupations:  62. Leisure and Other Personal Service Occupations,7. Sales and Customer Service Occupations,7. Sales and Customer Service Occupations:  71. Sales Occupations,7. Sales and Customer Service Occupations:  72. Customer Service Occupations,8. Process; Plant and Machine Operatives,8. Process; Plant and Machine Operatives:  81. Process; Plant and Machine Operatives,8. Process; Plant and Machine Operatives:  82. Transport and Mobile Machine Drivers and Operatives,9. Elementary Occupations,9. Elementary Occupations:  91. Elementary Trades; Plant and Storage Related Occupations,9. Elementary Occupations:  92. Elementary Administration and Service Occupations
,,,,,,,,,,,MEASUREMENT_UNIT,Count,Count,Count,Count,Count,Count,Count,Count,Count,Count,Count,Count,Count,Count,Count,Count,Count,Count,Count,Count,Count,Count,Count,Count,Count,Count,Count,Count,Count,Count,Count,Count,Count,Count,Count
,,,,,,,,,,,STATISTICAL_UNIT,Persons,Persons,Persons,Persons,Persons,Persons,Persons,Persons,Persons,Persons,Persons,Persons,Persons,Persons,Persons,Persons,Persons,Persons,Persons,Persons,Persons,Persons,Persons,Persons,Persons,Persons,Persons,Persons,Persons,Persons,Persons,Persons,Persons,Persons,Persons
UK_CODE,UK_NAME,GB_CODE,GB_NAME,EW_CODE,EW_NAME,CTRY_CODE,CTRY_NAME,GOR_CODE,GOR_NAME,AREA_METADATA,,DATA_VALUE,DATA_VALUE,DATA_VALUE,DATA_VALUE,DATA_VALUE,DATA_VALUE,DATA_VALUE,DATA_VALUE,DATA_VALUE,DATA_VALUE,DATA_VALUE,DATA_VALUE,DATA_VALUE,DATA_VALUE,DATA_VALUE,DATA_VALUE,DATA_VALUE,DATA_VALUE,DATA_VALUE,DATA_VALUE,DATA_VALUE,DATA_VALUE,DATA_VALUE,DATA_VALUE,DATA_VALUE,DATA_VALUE,DATA_VALUE,DATA_VALUE,DATA_VALUE,DATA_VALUE,DATA_VALUE,DATA_VALUE,DATA_VALUE,DATA_VALUE,DATA_VALUE
"213","United Kingdom","078","Great Britain","727","England and Wales","064","England",,,,,22441498,3424899,2574733,850166,2515679,721891,193293,1004135,596360,3104993,442192,725974,298557,477845,1160425,3004721,2182726,821995,2591875,246128,1050129,788978,506640,1545367,1112106,433261,1717796,1429941,287855,1889126,1081209,807917,2647042,910538,1736504
"213","United Kingdom","078","Great Britain","727","England and Wales","220","Wales",,,,,1186256,145170,100336,44834,123686,30757,11252,57249,24428,151884,24981,48022,14466,16705,47710,144172,109233,34939,159374,25740,62439,44591,26604,88225,65484,22741,94704,81197,13507,120964,76259,44705,158077,60920,97157
"213","United Kingdom","078","Great Britain","727","England and Wales",,,,,,,23627754,3570069,2675069,895000,2639365,752648,204545,1061384,620788,3256877,467173,773996,313023,494550,1208135,3148893,2291959,856934,2751249,271868,1112568,833569,533244,1633592,1177590,456002,1812500,1511138,301362,2010090,1157468,852622,2805119,971458,1833661
"213","United Kingdom","078","Great Britain","727","England and Wales","064","England","A","North East",,,1032968,118986,87893,31093,99037,25429,9332,45195,19081,129296,23129,38055,15152,11821,41139,131703,102158,29545,127263,9676,58823,36560,22204,78254,58374,19880,97995,77829,20166,110286,67842,42444,140148,45935,94213
"213","United Kingdom","078","Great Britain","727","England and Wales","064","England","B","North West",,,2900020,397264,294800,102464,304030,83583,25678,129326,65443,369984,58373,105213,34200,40465,131733,379135,284076,95059,338979,29700,144665,97947,66667,221142,162152,58990,241371,197765,43606,285056,167919,117137,363059,124573,238486
"213","United Kingdom","078","Great Britain","727","England and Wales","064","England","D","Yorkshire and The Humber",,,2182839,289497,214723,74774,211184,52068,19146,95115,44855,271798,40346,76781,30155,30194,94322,268396,199442,68954,276189,25412,112113,83109,55555,158876,118941,39935,182713,149762,32951,226003,133796,92207,298183,112947,185236
"213","United Kingdom","078","Great Britain","727","England and Wales","064","England","E","East Midlands",,,1917728,278223,211695,66528,188390,54436,14119,82636,37199,231985,38860,60327,21769,27040,83989,231576,170288,61288,241798,23642,101657,68381,48118,129477,94508,34969,142124,119875,22249,211872,135527,76345,262283,108676,153607
"213","United Kingdom","078","Great Britain","727","England and Wales","064","England","F","West Midlands",,,2334567,327466,250684,76782,233725,68796,17537,99138,48254,279180,43999,73739,26306,29977,105159,297437,219598,77839,309778,26826,145666,80024,57262,155813,116165,39648,173541,146973,26568,254327,161651,92676,303300,116039,187261
"213","United Kingdom","078","Great Britain","727","England and Wales","064","England","G","East of England",,,2579378,419224,322328,96896,279192,86858,18274,113340,60720,349412,54379,72389,37938,46380,138326,353228,251185,102043,310986,31323,123584,101026,55053,173225,126105,47120,188032,157458,30574,209340,113673,95667,296739,107854,188885
"213","United Kingdom","078","Great Britain","727","England and Wales","064","England","H","London",,,3319134,583468,449282,134186,493302,119423,39323,166997,167559,594572,58287,109618,29465,163188,234014,513174,361400,151774,256346,10944,92860,88166,64376,195621,125226,70395,222487,185645,36842,162745,66104,96641,297419,65549,231870
"213","United Kingdom","078","Great Britain","727","England and Wales","064","England","J","South East",,,3888756,678238,514621,163617,470881,159081,31110,176835,103855,568493,81907,113717,64607,84131,224131,538365,381123,157242,426576,43953,163213,138659,80751,269121,188177,80944,285578,237876,47702,244489,125101,119388,407015,132326,274689
"213","United Kingdom","078","Great Britain","727","England and Wales","064","England","K","South West",,,2286108,332533,228707,103826,235938,72217,18774,95553,49394,310273,42912,76135,38965,44649,107612,291707,213456,78251,303960,44652,107548,95106,56654,163838,122458,41380,183955,156758,27197,185008,109596,75412,278896,96639,182257