DATASET_TITLE,"Infant Mortality, 1998-2000",,,,,,,,FROM,Jan-1998,Jan-1998,Jan-1998,Jan-1998
AREA_TYPE,Former Local Authority,,,,,,,,TO,Dec-2000,Dec-2000,Dec-2000,Dec-2000
GEO_HIERARCHY,NeSS Geography Hierarchy,,,,,,,,HEADING,Infant Mortality,Infant Mortality,"Infant Mortality, 95% Confidence Interval, Lower Limit","Infant Mortality, 95% Confidence Interval, Upper Limit"
,,,,,,,,,MEASUREMENT_UNIT,Count,Rate per 1000,Rate per 1000,Rate per 1000
,,,,,,,,,STATISTICAL_UNIT,Persons,Live Births,Live Births,Live Births
GOR_CODE,GOR_NAME,CTY_CODE,CTY_NAME,LA_CODE,LA_NAME,FLA_CODE,FLA_NAME,AREA_METADATA,,DATA_VALUE,DATA_VALUE,DATA_VALUE,DATA_VALUE
"A","North East",,,"00EJ","Durham","20UB","Chester-le-Street",,,18,10.1,6,16
"A","North East",,,"00EJ","Durham","20UD","Derwentside",,,18,6.5,3.9,10.3
"A","North East",,,"00EJ","Durham","20UE","Durham",,,12,4.9,2.5,8.5
"A","North East",,,"00EJ","Durham","20UF","Easington",,,17,5.4,3.1,8.6
"A","North East",,,"00EJ","Durham","20UG","Sedgefield",,,17,5.8,3.4,9.4
"A","North East",,,"00EJ","Durham","20UH","Teesdale",,,3,4.5,.9,13.2
"A","North East",,,"00EJ","Durham","20UJ","Wear Valley",,,15,7.5,4.2,12.4
"A","North East",,,"00EM","Northumberland","35UB","Alnwick",,,7,7.7,3.1,15.9
"A","North East",,,"00EM","Northumberland","35UC","Berwick-upon-Tweed",,,3,5.2,1.1,15.2
"A","North East",,,"00EM","Northumberland","35UD","Blyth Valley",,,15,5.5,3.1,9.1
"A","North East",,,"00EM","Northumberland","35UE","Castle Morpeth",,,8,6.6,2.8,13
"A","North East",,,"00EM","Northumberland","35UF","Tynedale",,,4,2.5,.7,6.4
"A","North East",,,"00EM","Northumberland","35UG","Wansbeck",,,19,9.2,5.6,14.4
"B","North West",,,"00EQ","Cheshire East","13UC","Congleton",,,7,2.6,1.1,5.4
"B","North West",,,"00EQ","Cheshire East","13UD","Crewe and Nantwich",,,26,7.3,4.8,10.7
"B","North West",,,"00EQ","Cheshire East","13UG","Macclesfield",,,25,5.2,3.4,7.7
"B","North West",,,"00EW","Cheshire West and Chester","13UB","Chester",,,18,4.7,2.8,7.4
"B","North West",,,"00EW","Cheshire West and Chester","13UE","Ellesmere Port & Neston",,,10,3.7,1.8,6.7
"B","North West",,,"00EW","Cheshire West and Chester","13UH","Vale Royal",,,14,3.6,2,6
"F","West Midlands",,,"00GG","Shropshire","39UB","Bridgnorth",,,3,2.1,.4,6
"F","West Midlands",,,"00GG","Shropshire","39UC","North Shropshire",,,8,4.6,2,9
"F","West Midlands",,,"00GG","Shropshire","39UD","Oswestry",,,6,5.3,2,11.6
"F","West Midlands",,,"00GG","Shropshire","39UE","Shrewsbury and Atcham",,,16,5.2,3,8.5
"F","West Midlands",,,"00GG","Shropshire","39UF","South Shropshire",,,3,2.6,.5,7.6
"G","East of England",,,"00KC","Central Bedfordshire","09UC","Mid Bedfordshire",,,15,3.4,1.9,5.5
"G","East of England",,,"00KC","Central Bedfordshire","09UE","South Bedfordshire",,,20,4.9,3,7.6
"K","South West",,,"00HE","Cornwall","15UB","Caradon",,,11,5,2.5,8.9
"K","South West",,,"00HE","Cornwall","15UC","Carrick",,,6,2.6,.9,5.6
"K","South West",,,"00HE","Cornwall","15UD","Kerrier",,,15,5,2.8,8.3
"K","South West",,,"00HE","Cornwall","15UE","North Cornwall",,,5,2.2,.7,5.2
"K","South West",,,"00HE","Cornwall","15UF","Penwith",,,8,4.5,1.9,8.8
"K","South West",,,"00HE","Cornwall","15UG","Restormel",,,10,3.6,1.7,6.6
"K","South West",,,"00HY","Wiltshire","46UB","Kennet",,,18,6.8,4,10.7
"K","South West",,,"00HY","Wiltshire","46UC","North Wiltshire",,,17,3.7,2.2,6
"K","South West",,,"00HY","Wiltshire","46UD","Salisbury",,,16,4.2,2.4,6.9
"K","South West",,,"00HY","Wiltshire","46UF","West Wiltshire",,,18,4.5,2.7,7.1