DATASET_TITLE,Cars or Vans (UV62),,,,FROM,Apr-2001,Apr-2001,Apr-2001,Apr-2001,Apr-2001,Apr-2001,Apr-2001
AREA_TYPE,County,,,,TO,Apr-2001,Apr-2001,Apr-2001,Apr-2001,Apr-2001,Apr-2001,Apr-2001
GEO_HIERARCHY,NeSS Geography Hierarchy,,,,HEADING,All Households,No car or van,1 car or van,2 cars or vans,3 cars or vans,4 or more cars or vans,Total cars or vans
,,,,,MEASUREMENT_UNIT,Count,Count,Count,Count,Count,Count,Count
,,,,,STATISTICAL_UNIT,Households,Households,Households,Households,Households,Households,Vehicles
GOR_CODE,GOR_NAME,CTY_CODE,CTY_NAME,AREA_METADATA,,DATA_VALUE,DATA_VALUE,DATA_VALUE,DATA_VALUE,DATA_VALUE,DATA_VALUE,DATA_VALUE
"K","South West","15","Cornwall and Isles of Scilly",,,215695,44149,105098,52497,10532,3419,257187
"K","South West","18","Devon",,,298576,57042,141752,78828,15736,5218,370226
"K","South West","19","Dorset",,,167998,28489,77896,48076,10129,3408,219596
"K","South West","23","Gloucestershire",,,237872,44484,104202,69882,14604,4700,308769
"K","South West","40","Somerset",,,210587,37003,97337,59362,12571,4314,273272
"K","South West","46","Wiltshire",,,176655,28433,77396,55287,11665,3874,240375