DATASET_TITLE,Cars or Vans (UV62),,,,,,,,FROM,Apr-2001,Apr-2001,Apr-2001,Apr-2001,Apr-2001,Apr-2001,Apr-2001
AREA_TYPE,Super Output Area Middle Layer,,,,,,,,TO,Apr-2001,Apr-2001,Apr-2001,Apr-2001,Apr-2001,Apr-2001,Apr-2001
GEO_HIERARCHY,NeSS Geography Hierarchy,,,,,,,,HEADING,All Households,No car or van,1 car or van,2 cars or vans,3 cars or vans,4 or more cars or vans,Total cars or vans
,,,,,,,,,MEASUREMENT_UNIT,Count,Count,Count,Count,Count,Count,Count
,,,,,,,,,STATISTICAL_UNIT,Households,Households,Households,Households,Households,Households,Vehicles
GOR_CODE,GOR_NAME,CTY_CODE,CTY_NAME,LA_CODE,LA_NAME,MSOA_CODE,MSOA_NAME,AREA_METADATA,,DATA_VALUE,DATA_VALUE,DATA_VALUE,DATA_VALUE,DATA_VALUE,DATA_VALUE,DATA_VALUE
"K","South West",,,"00HA","Bath and North East Somerset","E02002985","Bath and North East Somerset 001",,,2019,401,996,482,113,27,2410
"K","South West",,,"00HA","Bath and North East Somerset","E02002986","Bath and North East Somerset 002",,,2221,636,1043,435,83,24,2261
"K","South West",,,"00HA","Bath and North East Somerset","E02002987","Bath and North East Somerset 003",,,2306,332,994,790,153,37,3192
"K","South West",,,"00HA","Bath and North East Somerset","E02002988","Bath and North East Somerset 004",,,2332,550,1116,560,80,26,2584
"K","South West",,,"00HA","Bath and North East Somerset","E02002989","Bath and North East Somerset 005",,,2319,563,1128,522,80,26,2516
"K","South West",,,"00HA","Bath and North East Somerset","E02002990","Bath and North East Somerset 006",,,2766,794,1387,496,72,17,2666
"K","South West",,,"00HA","Bath and North East Somerset","E02002991","Bath and North East Somerset 007",,,5306,1983,2344,807,148,24,4504
"K","South West",,,"00HA","Bath and North East Somerset","E02002992","Bath and North East Somerset 008",,,2316,575,1043,560,115,23,2607
"K","South West",,,"00HA","Bath and North East Somerset","E02002993","Bath and North East Somerset 009",,,2645,973,1218,377,53,24,2232
"K","South West",,,"00HA","Bath and North East Somerset","E02002994","Bath and North East Somerset 010",,,4235,601,1879,1381,281,93,5910
"K","South West",,,"00HA","Bath and North East Somerset","E02002995","Bath and North East Somerset 011",,,2329,944,1007,319,49,10,1832
"K","South West",,,"00HA","Bath and North East Somerset","E02002996","Bath and North East Somerset 012",,,3460,824,1685,774,141,36,3826
"K","South West",,,"00HA","Bath and North East Somerset","E02002997","Bath and North East Somerset 013",,,2205,599,1062,432,87,25,2290
"K","South West",,,"00HA","Bath and North East Somerset","E02002998","Bath and North East Somerset 014",,,2258,778,1025,369,59,27,2052
"K","South West",,,"00HA","Bath and North East Somerset","E02002999","Bath and North East Somerset 015",,,2335,594,1123,508,89,21,2493
"K","South West",,,"00HA","Bath and North East Somerset","E02003000","Bath and North East Somerset 016",,,3769,475,1443,1418,319,114,5746
"K","South West",,,"00HA","Bath and North East Somerset","E02003001","Bath and North East Somerset 017",,,2074,346,988,612,96,32,2659
"K","South West",,,"00HA","Bath and North East Somerset","E02003002","Bath and North East Somerset 018",,,2342,649,1117,474,73,29,2407
"K","South West",,,"00HA","Bath and North East Somerset","E02003003","Bath and North East Somerset 019",,,2179,487,1085,484,104,19,2444
"K","South West",,,"00HA","Bath and North East Somerset","E02003004","Bath and North East Somerset 020",,,2313,245,845,900,234,89,3754
"K","South West",,,"00HA","Bath and North East Somerset","E02003005","Bath and North East Somerset 021",,,2343,193,770,985,278,117,4073
"K","South West",,,"00HA","Bath and North East Somerset","E02003006","Bath and North East Somerset 022",,,3392,411,1487,1202,235,57,4856
"K","South West",,,"00HA","Bath and North East Somerset","E02003007","Bath and North East Somerset 023",,,3090,394,1214,1095,286,101,4724
"K","South West",,,"00HA","Bath and North East Somerset","E02003008","Bath and North East Somerset 024",,,2147,377,998,636,105,31,2713
"K","South West",,,"00HA","Bath and North East Somerset","E02003009","Bath and North East Somerset 025",,,2180,312,969,714,142,43,3019
"K","South West",,,"00HA","Bath and North East Somerset","E02003010","Bath and North East Somerset 026",,,2157,309,1066,609,134,39,2854
"K","South West",,,"00HA","Bath and North East Somerset","E02003011","Bath and North East Somerset 027",,,2039,332,923,592,147,45,2745
"K","South West",,,"00HB","Bristol, City of","E02003012","Bristol 001",,,4245,1398,1921,731,160,35,4012
"K","South West",,,"00HB","Bristol, City of","E02003013","Bristol 002",,,4420,1482,2043,739,121,35,4039
"K","South West",,,"00HB","Bristol, City of","E02003014","Bristol 003",,,3314,1288,1503,430,76,17,2663
"K","South West",,,"00HB","Bristol, City of","E02003015","Bristol 004",,,2385,639,1176,463,86,21,2447
"K","South West",,,"00HB","Bristol, City of","E02003016","Bristol 005",,,2337,750,1071,391,92,33,2297
"K","South West",,,"00HB","Bristol, City of","E02003017","Bristol 006",,,2674,647,1183,700,114,30,3057
"K","South West",,,"00HB","Bristol, City of","E02003018","Bristol 007",,,2477,597,1144,615,95,26,2766
"K","South West",,,"00HB","Bristol, City of","E02003019","Bristol 008",,,3868,1109,1863,723,144,29,3880
"K","South West",,,"00HB","Bristol, City of","E02003020","Bristol 009",,,2432,322,1019,885,161,45,3476
"K","South West",,,"00HB","Bristol, City of","E02003021","Bristol 010",,,2384,522,1187,517,109,49,2813
"K","South West",,,"00HB","Bristol, City of","E02003022","Bristol 011",,,2428,304,1043,921,120,40,3417
"K","South West",,,"00HB","Bristol, City of","E02003023","Bristol 012",,,2569,599,1234,603,110,23,2862
"K","South West",,,"00HB","Bristol, City of","E02003024","Bristol 013",,,3256,953,1469,659,147,28,3350
"K","South West",,,"00HB","Bristol, City of","E02003025","Bristol 014",,,2572,831,1183,436,95,27,2472
"K","South West",,,"00HB","Bristol, City of","E02003026","Bristol 015",,,3262,324,1346,1271,253,68,4952
"K","South West",,,"00HB","Bristol, City of","E02003027","Bristol 016",,,4066,875,1972,984,174,61,4728
"K","South West",,,"00HB","Bristol, City of","E02003028","Bristol 017",,,3216,577,1463,952,170,54,4122
"K","South West",,,"00HB","Bristol, City of","E02003029","Bristol 018",,,2449,709,1172,457,80,31,2479
"K","South West",,,"00HB","Bristol, City of","E02003030","Bristol 019",,,2780,681,1405,572,95,27,2945
"K","South West",,,"00HB","Bristol, City of","E02003031","Bristol 020",,,3776,899,1726,939,160,52,4322
"K","South West",,,"00HB","Bristol, City of","E02003032","Bristol 021",,,2605,634,1272,580,97,22,2814
"K","South West",,,"00HB","Bristol, City of","E02003033","Bristol 022",,,3443,868,1639,700,149,87,3894
"K","South West",,,"00HB","Bristol, City of","E02003034","Bristol 023",,,3730,1564,1623,454,69,20,2821
"K","South West",,,"00HB","Bristol, City of","E02003035","Bristol 024",,,4768,1868,2250,531,93,26,3699
"K","South West",,,"00HB","Bristol, City of","E02003036","Bristol 025",,,3119,1138,1398,473,79,31,2724
"K","South West",,,"00HB","Bristol, City of","E02003037","Bristol 026",,,3833,968,1844,780,178,63,4239
"K","South West",,,"00HB","Bristol, City of","E02003038","Bristol 027",,,2468,617,1229,509,85,28,2619
"K","South West",,,"00HB","Bristol, City of","E02003039","Bristol 028",,,3234,954,1535,616,93,36,3227
"K","South West",,,"00HB","Bristol, City of","E02003040","Bristol 029",,,3772,1199,1920,581,53,19,3320
"K","South West",,,"00HB","Bristol, City of","E02003041","Bristol 030",,,2684,608,1319,591,125,41,3065
"K","South West",,,"00HB","Bristol, City of","E02003042","Bristol 031",,,4087,2341,1437,258,34,17,2153
"K","South West",,,"00HB","Bristol, City of","E02003043","Bristol 032",,,2489,920,1127,323,86,33,2209
"K","South West",,,"00HB","Bristol, City of","E02003044","Bristol 033",,,2375,364,1164,697,125,25,3056
"K","South West",,,"00HB","Bristol, City of","E02003045","Bristol 034",,,2631,777,1274,452,88,40,2610
"K","South West",,,"00HB","Bristol, City of","E02003046","Bristol 035",,,3845,857,2012,851,105,20,4123
"K","South West",,,"00HB","Bristol, City of","E02003047","Bristol 036",,,3934,1225,1885,692,99,33,3703
"K","South West",,,"00HB","Bristol, City of","E02003048","Bristol 037",,,2679,885,1320,391,61,22,2385
"K","South West",,,"00HB","Bristol, City of","E02003049","Bristol 038",,,3040,766,1476,655,116,27,3245
"K","South West",,,"00HB","Bristol, City of","E02003050","Bristol 039",,,2913,1187,1294,362,52,18,2249
"K","South West",,,"00HB","Bristol, City of","E02003051","Bristol 040",,,2474,872,1187,353,52,10,2093
"K","South West",,,"00HB","Bristol, City of","E02003052","Bristol 041",,,2732,727,1332,571,90,12,2792
"K","South West",,,"00HB","Bristol, City of","E02003053","Bristol 042",,,3142,733,1546,699,132,32,3477
"K","South West",,,"00HB","Bristol, City of","E02003054","Bristol 043",,,2525,562,1223,593,125,22,2875
"K","South West",,,"00HB","Bristol, City of","E02003055","Bristol 044",,,2960,1089,1372,415,71,13,2470
"K","South West",,,"00HB","Bristol, City of","E02003056","Bristol 045",,,2758,1090,1223,375,57,13,2199
"K","South West",,,"00HB","Bristol, City of","E02003057","Bristol 046",,,2287,508,1104,525,109,41,2666
"K","South West",,,"00HB","Bristol, City of","E02003058","Bristol 047",,,3539,843,1705,804,144,43,3945
"K","South West",,,"00HB","Bristol, City of","E02003059","Bristol 048",,,2264,582,1051,507,98,26,2472
"K","South West",,,"00HB","Bristol, City of","E02003060","Bristol 049",,,4412,1008,1960,1151,227,66,5241
"K","South West",,,"00HB","Bristol, City of","E02003061","Bristol 050",,,2384,892,1033,380,57,22,2055
"K","South West",,,"00HB","Bristol, City of","E02003062","Bristol 051",,,2363,906,1080,315,48,14,1931
"K","South West",,,"00HB","Bristol, City of","E02003063","Bristol 052",,,2948,326,1442,924,198,58,4124
"K","South West",,,"00HB","Bristol, City of","E02003064","Bristol 053",,,2754,1290,1162,256,33,13,1828
"K","South West",,,"00HC","North Somerset","E02003065","North Somerset 001",,,2620,542,1070,813,150,45,3334
"K","South West",,,"00HC","North Somerset","E02003066","North Somerset 002",,,2501,185,1012,1085,170,49,3908
"K","South West",,,"00HC","North Somerset","E02003067","North Somerset 003",,,2110,244,957,741,126,42,3013
"K","South West",,,"00HC","North Somerset","E02003068","North Somerset 004",,,2650,394,1136,860,197,63,3711
"K","South West",,,"00HC","North Somerset","E02003069","North Somerset 005",,,2402,269,1040,870,169,54,3518
"K","South West",,,"00HC","North Somerset","E02003070","North Somerset 006",,,3817,376,1486,1506,326,123,6028
"K","South West",,,"00HC","North Somerset","E02003071","North Somerset 007",,,3343,815,1492,828,176,32,3807
"K","South West",,,"00HC","North Somerset","E02003072","North Somerset 008",,,4096,650,1826,1300,238,82,5502
"K","South West",,,"00HC","North Somerset","E02003073","North Somerset 009",,,2665,213,1030,1135,234,53,4252
"K","South West",,,"00HC","North Somerset","E02003074","North Somerset 010",,,3524,476,1788,1006,212,42,4631
"K","South West",,,"00HC","North Somerset","E02003075","North Somerset 011",,,2190,190,820,910,200,70,3537
"K","South West",,,"00HC","North Somerset","E02003076","North Somerset 012",,,3622,421,1489,1311,300,101,5458
"K","South West",,,"00HC","North Somerset","E02003077","North Somerset 013",,,2397,176,928,975,234,84,3948
"K","South West",,,"00HC","North Somerset","E02003078","North Somerset 014",,,2621,265,977,1054,228,97,4200
"K","South West",,,"00HC","North Somerset","E02003079","North Somerset 015",,,3916,498,1816,1329,224,49,5353
"K","South West",,,"00HC","North Somerset","E02003080","North Somerset 016",,,3939,907,1946,886,157,43,4385
"K","South West",,,"00HC","North Somerset","E02003081","North Somerset 017",,,4235,791,2059,1138,190,57,5143
"K","South West",,,"00HC","North Somerset","E02003082","North Somerset 018",,,4143,1230,1945,776,158,34,4134
"K","South West",,,"00HC","North Somerset","E02003083","North Somerset 019",,,3331,473,1662,970,190,36,4321
"K","South West",,,"00HC","North Somerset","E02003084","North Somerset 020",,,4411,1779,1916,567,110,39,3549
"K","South West",,,"00HC","North Somerset","E02003085","North Somerset 021",,,3158,1424,1309,336,62,27,2287
"K","South West",,,"00HC","North Somerset","E02003086","North Somerset 022",,,2606,728,1151,585,111,31,2798
"K","South West",,,"00HC","North Somerset","E02003087","North Somerset 023",,,3718,512,1613,1213,295,85,5314
"K","South West",,,"00HC","North Somerset","E02003088","North Somerset 024",,,3353,384,1194,1313,330,132,5405
"K","South West",,,"00HC","North Somerset","E02003089","North Somerset 025",,,2619,585,1239,646,116,33,3019
"K","South West",,,"00HD","South Gloucestershire","E02003090","South Gloucestershire 001",,,2713,286,1121,1022,230,54,4097
"K","South West",,,"00HD","South Gloucestershire","E02003091","South Gloucestershire 002",,,2670,446,1082,910,178,54,3682
"K","South West",,,"00HD","South Gloucestershire","E02003092","South Gloucestershire 003",,,2676,222,827,1189,311,127,4730
"K","South West",,,"00HD","South Gloucestershire","E02003093","South Gloucestershire 004",,,2586,198,946,1044,286,112,4389
"K","South West",,,"00HD","South Gloucestershire","E02003094","South Gloucestershire 005",,,2831,247,1112,1121,243,108,4557
"K","South West",,,"00HD","South Gloucestershire","E02003095","South Gloucestershire 006",,,2618,223,1088,1030,208,69,4058
"K","South West",,,"00HD","South Gloucestershire","E02003096","South Gloucestershire 007",,,2658,373,1287,816,144,38,3525
"K","South West",,,"00HD","South Gloucestershire","E02003097","South Gloucestershire 008",,,2659,314,1170,914,209,52,3848
"K","South West",,,"00HD","South Gloucestershire","E02003098","South Gloucestershire 009",,,3774,217,1926,1428,166,37,5432
"K","South West",,,"00HD","South Gloucestershire","E02003099","South Gloucestershire 010",,,2745,414,1318,783,178,52,3643
"K","South West",,,"00HD","South Gloucestershire","E02003100","South Gloucestershire 011",,,4393,885,2199,1029,211,69,5206
"K","South West",,,"00HD","South Gloucestershire","E02003101","South Gloucestershire 012",,,3886,299,2013,1354,174,46,5453
"K","South West",,,"00HD","South Gloucestershire","E02003102","South Gloucestershire 013",,,2404,212,919,976,220,77,3864
"K","South West",,,"00HD","South Gloucestershire","E02003103","South Gloucestershire 014",,,2757,230,1387,926,169,45,3939
"K","South West",,,"00HD","South Gloucestershire","E02003104","South Gloucestershire 015",,,3136,429,1507,972,176,52,4211
"K","South West",,,"00HD","South Gloucestershire","E02003105","South Gloucestershire 016",,,2447,320,1014,852,207,54,3578
"K","South West",,,"00HD","South Gloucestershire","E02003106","South Gloucestershire 017",,,2555,251,1166,907,177,54,3747
"K","South West",,,"00HD","South Gloucestershire","E02003107","South Gloucestershire 018",,,4168,950,1968,996,194,60,4798
"K","South West",,,"00HD","South Gloucestershire","E02003108","South Gloucestershire 019",,,3007,293,1193,1145,291,85,4734
"K","South West",,,"00HD","South Gloucestershire","E02003109","South Gloucestershire 020",,,2354,227,1017,886,191,33,3501
"K","South West",,,"00HD","South Gloucestershire","E02003110","South Gloucestershire 021",,,3215,123,1404,1460,185,43,5070
"K","South West",,,"00HD","South Gloucestershire","E02003111","South Gloucestershire 022",,,2525,484,1108,753,133,47,3212
"K","South West",,,"00HD","South Gloucestershire","E02003112","South Gloucestershire 023",,,2482,578,1126,623,123,32,2875
"K","South West",,,"00HD","South Gloucestershire","E02003113","South Gloucestershire 024",,,3870,385,1399,1576,370,140,6276
"K","South West",,,"00HD","South Gloucestershire","E02003114","South Gloucestershire 025",,,2895,556,1384,766,155,34,3524
"K","South West",,,"00HD","South Gloucestershire","E02003115","South Gloucestershire 026",,,3576,787,1733,855,143,58,4124
"K","South West",,,"00HD","South Gloucestershire","E02003116","South Gloucestershire 027",,,3098,813,1410,674,164,37,3398
"K","South West",,,"00HD","South Gloucestershire","E02003117","South Gloucestershire 028",,,3078,557,1425,852,187,57,3956
"K","South West",,,"00HD","South Gloucestershire","E02003118","South Gloucestershire 029",,,3759,420,1753,1311,201,74,5290
"K","South West",,,"00HD","South Gloucestershire","E02003119","South Gloucestershire 030",,,3976,663,1821,1199,226,67,5199
"K","South West",,,"00HD","South Gloucestershire","E02003120","South Gloucestershire 031",,,3369,493,1465,1085,246,80,4733
"K","South West",,,"00HD","South Gloucestershire","E02003121","South Gloucestershire 032",,,4159,411,1858,1490,319,81,6134
"K","South West",,,"00HG","Plymouth","E02003122","Plymouth 001",,,2669,336,1394,755,143,41,3522
"K","South West",,,"00HG","Plymouth","E02003123","Plymouth 002",,,3329,981,1673,577,80,18,3148
"K","South West",,,"00HG","Plymouth","E02003124","Plymouth 003",,,3274,1047,1621,516,71,19,2951
"K","South West",,,"00HG","Plymouth","E02003125","Plymouth 004",,,2595,842,1288,402,54,9,2293
"K","South West",,,"00HG","Plymouth","E02003126","Plymouth 005",,,2774,575,1369,643,150,37,3265
"K","South West",,,"00HG","Plymouth","E02003127","Plymouth 006",,,3047,1036,1485,444,59,23,2657
"K","South West",,,"00HG","Plymouth","E02003128","Plymouth 007",,,3430,1336,1621,406,55,12,2646
"K","South West",,,"00HG","Plymouth","E02003129","Plymouth 008",,,2611,592,1359,541,95,24,2840
"K","South West",,,"00HG","Plymouth","E02003130","Plymouth 009",,,4308,1400,2217,596,78,17,3726
"K","South West",,,"00HG","Plymouth","E02003131","Plymouth 010",,,3173,809,1680,581,85,18,3169
"K","South West",,,"00HG","Plymouth","E02003132","Plymouth 011",,,3183,959,1591,540,78,15,2965
"K","South West",,,"00HG","Plymouth","E02003133","Plymouth 012",,,2998,587,1616,672,102,21,3350
"K","South West",,,"00HG","Plymouth","E02003134","Plymouth 013",,,2797,1148,1249,327,61,12,2137
"K","South West",,,"00HG","Plymouth","E02003135","Plymouth 014",,,2916,1137,1418,321,34,6,2189
"K","South West",,,"00HG","Plymouth","E02003136","Plymouth 015",,,3000,435,1517,840,170,38,3877
"K","South West",,,"00HG","Plymouth","E02003137","Plymouth 016",,,2984,502,1368,906,161,47,3874
"K","South West",,,"00HG","Plymouth","E02003138","Plymouth 017",,,3092,714,1641,630,73,34,3287
"K","South West",,,"00HG","Plymouth","E02003139","Plymouth 018",,,2520,180,1361,829,120,30,3507
"K","South West",,,"00HG","Plymouth","E02003140","Plymouth 019",,,2997,438,1536,836,146,41,3823
"K","South West",,,"00HG","Plymouth","E02003141","Plymouth 020",,,3475,1203,1753,440,61,18,2898
"K","South West",,,"00HG","Plymouth","E02003142","Plymouth 021",,,3818,1329,1838,552,69,30,3275
"K","South West",,,"00HG","Plymouth","E02003143","Plymouth 022",,,3101,591,1568,782,129,31,3655
"K","South West",,,"00HG","Plymouth","E02003144","Plymouth 023",,,2894,1052,1312,404,101,25,2538
"K","South West",,,"00HG","Plymouth","E02003145","Plymouth 024",,,2579,810,1245,446,63,15,2395
"K","South West",,,"00HG","Plymouth","E02003146","Plymouth 025",,,3412,1135,1645,512,81,39,3083
"K","South West",,,"00HG","Plymouth","E02003147","Plymouth 026",,,3369,1917,1220,194,28,10,1735
"K","South West",,,"00HG","Plymouth","E02003148","Plymouth 027",,,3485,1997,1209,214,41,24,1860
"K","South West",,,"00HG","Plymouth","E02003149","Plymouth 028",,,3724,1571,1637,412,82,22,2804
"K","South West",,,"00HG","Plymouth","E02003150","Plymouth 029",,,4907,2619,1821,385,62,20,2857
"K","South West",,,"00HG","Plymouth","E02003151","Plymouth 030",,,3150,509,1535,895,167,44,4027
"K","South West",,,"00HG","Plymouth","E02003152","Plymouth 031",,,3740,718,1941,911,136,34,4322
"K","South West",,,"00HG","Plymouth","E02003153","Plymouth 032",,,3208,483,1767,795,139,24,3879
"K","South West",,,"00HH","Torbay","E02003154","Torbay 001",,,3046,849,1458,608,104,27,3123
"K","South West",,,"00HH","Torbay","E02003155","Torbay 002",,,2427,604,1179,513,100,31,2641
"K","South West",,,"00HH","Torbay","E02003156","Torbay 003",,,3486,587,1752,956,153,38,4292
"K","South West",,,"00HH","Torbay","E02003157","Torbay 004",,,2703,951,1205,452,73,22,2440
"K","South West",,,"00HH","Torbay","E02003158","Torbay 005",,,2508,852,1147,411,72,26,2310
"K","South West",,,"00HH","Torbay","E02003159","Torbay 006",,,2471,698,1206,466,83,18,2467
"K","South West",,,"00HH","Torbay","E02003160","Torbay 007",,,2507,623,1272,499,91,22,2634
"K","South West",,,"00HH","Torbay","E02003161","Torbay 008",,,3145,1485,1282,301,64,13,2128
"K","South West",,,"00HH","Torbay","E02003162","Torbay 009",,,2098,272,997,637,139,53,2924
"K","South West",,,"00HH","Torbay","E02003163","Torbay 010",,,3867,978,1926,786,124,53,4091
"K","South West",,,"00HH","Torbay","E02003164","Torbay 011",,,3852,765,1802,1017,206,62,4725
"K","South West",,,"00HH","Torbay","E02003165","Torbay 012",,,3021,683,1560,624,112,42,3334
"K","South West",,,"00HH","Torbay","E02003166","Torbay 013",,,4228,927,2150,953,157,41,4703
"K","South West",,,"00HH","Torbay","E02003167","Torbay 014",,,4090,1776,1752,447,82,33,3042
"K","South West",,,"00HH","Torbay","E02003168","Torbay 015",,,3007,710,1428,689,151,29,3379
"K","South West",,,"00HH","Torbay","E02003169","Torbay 016",,,3082,515,1556,773,188,50,3891
"K","South West",,,"00HH","Torbay","E02003170","Torbay 017",,,4750,1337,2396,806,147,64,4730
"K","South West",,,"00HH","Torbay","E02003171","Torbay 018",,,3134,771,1554,660,117,32,3363
"K","South West",,,"00HN","Bournemouth","E02003172","Bournemouth 001",,,2584,581,1254,595,123,31,2949
"K","South West",,,"00HN","Bournemouth","E02003173","Bournemouth 002",,,2840,640,1369,678,119,34,3224
"K","South West",,,"00HN","Bournemouth","E02003174","Bournemouth 003",,,3294,610,1513,943,182,46,4148
"K","South West",,,"00HN","Bournemouth","E02003175","Bournemouth 004",,,3609,545,1783,1063,178,40,4619
"K","South West",,,"00HN","Bournemouth","E02003176","Bournemouth 005",,,2975,948,1383,516,95,33,2836
"K","South West",,,"00HN","Bournemouth","E02003177","Bournemouth 006",,,3129,478,1400,1002,190,59,4225
"K","South West",,,"00HN","Bournemouth","E02003178","Bournemouth 007",,,3141,648,1420,851,173,49,3845
"K","South West",,,"00HN","Bournemouth","E02003179","Bournemouth 008",,,2586,720,1175,550,111,30,2734
"K","South West",,,"00HN","Bournemouth","E02003180","Bournemouth 009",,,3141,781,1404,753,158,45,3577
"K","South West",,,"00HN","Bournemouth","E02003181","Bournemouth 010",,,3221,523,1435,981,210,72,4337
"K","South West",,,"00HN","Bournemouth","E02003182","Bournemouth 011",,,2471,303,1017,885,211,55,3651
"K","South West",,,"00HN","Bournemouth","E02003183","Bournemouth 012",,,2501,372,1004,812,231,82,3681
"K","South West",,,"00HN","Bournemouth","E02003184","Bournemouth 013",,,2788,637,1291,673,140,47,3260
"K","South West",,,"00HN","Bournemouth","E02003185","Bournemouth 014",,,2896,553,1402,781,136,24,3473
"K","South West",,,"00HN","Bournemouth","E02003186","Bournemouth 015",,,3008,757,1415,666,127,43,3309
"K","South West",,,"00HN","Bournemouth","E02003187","Bournemouth 016",,,3413,880,1690,692,121,30,3572
"K","South West",,,"00HN","Bournemouth","E02003188","Bournemouth 017",,,4168,1607,1872,560,97,32,3436
"K","South West",,,"00HN","Bournemouth","E02003189","Bournemouth 018",,,3293,862,1502,732,157,40,3620
"K","South West",,,"00HN","Bournemouth","E02003190","Bournemouth 019",,,4009,1745,1767,381,79,37,2929
"K","South West",,,"00HN","Bournemouth","E02003191","Bournemouth 020",,,3472,686,1681,891,164,50,4178
"K","South West",,,"00HN","Bournemouth","E02003192","Bournemouth 021",,,3747,1315,1885,433,88,26,3132
"K","South West",,,"00HN","Bournemouth","E02003193","Bournemouth 022",,,5913,1953,3057,750,111,42,5100
"K","South West",,,"00HP","Poole","E02003194","Poole 001",,,2394,226,877,949,261,81,3905
"K","South West",,,"00HP","Poole","E02003195","Poole 002",,,2157,214,1019,746,132,46,3096
"K","South West",,,"00HP","Poole","E02003196","Poole 003",,,4113,424,1590,1634,348,117,6401
"K","South West",,,"00HP","Poole","E02003197","Poole 004",,,2790,342,1253,931,206,58,3986
"K","South West",,,"00HP","Poole","E02003198","Poole 005",,,2888,356,1507,840,140,45,3801
"K","South West",,,"00HP","Poole","E02003199","Poole 006",,,3992,580,1973,1197,186,56,5186
"K","South West",,,"00HP","Poole","E02003200","Poole 007",,,4040,791,2000,978,214,57,4882
"K","South West",,,"00HP","Poole","E02003201","Poole 008",,,4011,910,1805,1035,197,64,4745
"K","South West",,,"00HP","Poole","E02003202","Poole 009",,,2463,520,1094,682,124,43,3008
"K","South West",,,"00HP","Poole","E02003203","Poole 010",,,3005,548,1432,869,117,39,3689
"K","South West",,,"00HP","Poole","E02003204","Poole 011",,,3437,720,1629,854,182,52,4100
"K","South West",,,"00HP","Poole","E02003205","Poole 012",,,3251,603,1542,871,177,58,4070
"K","South West",,,"00HP","Poole","E02003206","Poole 013",,,3766,609,1660,1207,225,65,5024
"K","South West",,,"00HP","Poole","E02003207","Poole 014",,,2684,570,1323,647,109,35,3099
"K","South West",,,"00HP","Poole","E02003208","Poole 015",,,3920,1332,1857,622,81,28,3466
"K","South West",,,"00HP","Poole","E02003209","Poole 016",,,2282,494,1121,546,99,22,2611
"K","South West",,,"00HP","Poole","E02003210","Poole 017",,,4015,766,1836,1130,201,82,5075
"K","South West",,,"00HP","Poole","E02003211","Poole 018",,,3836,598,1898,994,231,115,5075
"K","South West",,,"00HX","Swindon","E02003212","Swindon 001",,,3479,584,1458,1109,262,66,4736
"K","South West",,,"00HX","Swindon","E02003213","Swindon 002",,,3472,96,1455,1665,222,34,5614
"K","South West",,,"00HX","Swindon","E02003214","Swindon 003",,,2624,1173,1081,316,44,10,1903
"K","South West",,,"00HX","Swindon","E02003215","Swindon 004",,,3051,403,1491,948,169,40,4076
"K","South West",,,"00HX","Swindon","E02003216","Swindon 005",,,3816,777,1855,951,189,44,4518
"K","South West",,,"00HX","Swindon","E02003217","Swindon 006",,,2608,740,1196,541,111,20,2697
"K","South West",,,"00HX","Swindon","E02003218","Swindon 007",,,2463,807,1065,476,89,26,2392
"K","South West",,,"00HX","Swindon","E02003219","Swindon 008",,,2391,180,788,1058,268,97,4146
"K","South West",,,"00HX","Swindon","E02003220","Swindon 009",,,3824,569,1887,1103,215,50,4959
"K","South West",,,"00HX","Swindon","E02003221","Swindon 010",,,2731,873,1297,461,83,17,2542
"K","South West",,,"00HX","Swindon","E02003222","Swindon 011",,,2504,221,1138,978,139,28,3638
"K","South West",,,"00HX","Swindon","E02003223","Swindon 012",,,3470,814,1764,748,117,27,3725
"K","South West",,,"00HX","Swindon","E02003224","Swindon 013",,,3538,448,1836,999,206,49,4655
"K","South West",,,"00HX","Swindon","E02003225","Swindon 014",,,2520,309,1267,768,144,32,3366
"K","South West",,,"00HX","Swindon","E02003226","Swindon 015",,,2919,1192,1310,337,72,8,2232
"K","South West",,,"00HX","Swindon","E02003227","Swindon 016",,,2339,1132,910,263,30,4,1542
"K","South West",,,"00HX","Swindon","E02003228","Swindon 017",,,2571,548,1369,535,94,25,2848
"K","South West",,,"00HX","Swindon","E02003229","Swindon 018",,,2259,220,1088,809,115,27,3182
"K","South West",,,"00HX","Swindon","E02003230","Swindon 019",,,3062,983,1476,495,88,20,2832
"K","South West",,,"00HX","Swindon","E02003231","Swindon 020",,,3149,1268,1410,381,72,18,2482
"K","South West",,,"00HX","Swindon","E02003232","Swindon 021",,,2485,458,1150,696,144,37,3134
"K","South West",,,"00HX","Swindon","E02003233","Swindon 022",,,3710,925,1770,831,146,38,4028
"K","South West",,,"00HX","Swindon","E02003234","Swindon 023",,,3606,681,1767,932,181,45,4367
"K","South West",,,"00HX","Swindon","E02003235","Swindon 024",,,2671,495,1196,790,141,49,3423
"K","South West",,,"00HX","Swindon","E02003236","Swindon 025",,,3896,719,1625,1223,259,70,5164
"K","South West","15","Cornwall and Isles of Scilly","15UB","Caradon","E02003892","Caradon 001",,,2618,335,1252,785,183,63,3652
"K","South West","15","Cornwall and Isles of Scilly","15UB","Caradon","E02003893","Caradon 002",,,2641,266,1106,953,230,86,4079
"K","South West","15","Cornwall and Isles of Scilly","15UB","Caradon","E02003894","Caradon 003",,,2955,494,1447,775,188,51,3797
"K","South West","15","Cornwall and Isles of Scilly","15UB","Caradon","E02003895","Caradon 004",,,2945,402,1458,867,161,57,3951
"K","South West","15","Cornwall and Isles of Scilly","15UB","Caradon","E02003896","Caradon 005",,,2450,729,1158,472,77,14,2389
"K","South West","15","Cornwall and Isles of Scilly","15UB","Caradon","E02003897","Caradon 006",,,2049,150,921,776,158,44,3127
"K","South West","15","Cornwall and Isles of Scilly","15UB","Caradon","E02003898","Caradon 007",,,2687,287,1150,971,212,67,4024
"K","South West","15","Cornwall and Isles of Scilly","15UB","Caradon","E02003899","Caradon 008",,,2220,570,1084,449,99,18,2355
"K","South West","15","Cornwall and Isles of Scilly","15UB","Caradon","E02003900","Caradon 009",,,2453,527,1232,578,91,25,2764
"K","South West","15","Cornwall and Isles of Scilly","15UB","Caradon","E02003901","Caradon 010",,,3212,568,1486,869,213,76,4210
"K","South West","15","Cornwall and Isles of Scilly","15UB","Caradon","E02003902","Caradon 011",,,2308,676,1237,330,55,10,2102
"K","South West","15","Cornwall and Isles of Scilly","15UB","Caradon","E02003903","Caradon 012",,,2792,540,1488,643,96,25,3166
"K","South West","15","Cornwall and Isles of Scilly","15UB","Caradon","E02003904","Caradon 013",,,2488,572,1331,502,62,21,2608
"K","South West","15","Cornwall and Isles of Scilly","15UC","Carrick","E02003905","Carrick 001",,,2379,256,1103,785,169,66,3482
"K","South West","15","Cornwall and Isles of Scilly","15UC","Carrick","E02003906","Carrick 002",,,2321,440,1045,607,175,54,3042
"K","South West","15","Cornwall and Isles of Scilly","15UC","Carrick","E02003907","Carrick 003",,,3325,582,1641,879,167,56,4151
"K","South West","15","Cornwall and Isles of Scilly","15UC","Carrick","E02003908","Carrick 004",,,2957,774,1453,595,108,27,3080
"K","South West","15","Cornwall and Isles of Scilly","15UC","Carrick","E02003909","Carrick 005",,,3647,828,1848,764,142,65,4108
"K","South West","15","Cornwall and Isles of Scilly","15UC","Carrick","E02003910","Carrick 006",,,2693,880,1235,490,72,16,2498
"K","South West","15","Cornwall and Isles of Scilly","15UC","Carrick","E02003911","Carrick 007",,,3451,393,1552,1160,261,85,5023
"K","South West","15","Cornwall and Isles of Scilly","15UC","Carrick","E02003912","Carrick 008",,,3507,497,1644,1075,215,76,4768
"K","South West","15","Cornwall and Isles of Scilly","15UC","Carrick","E02003913","Carrick 009",,,2482,319,1145,787,175,56,3503
"K","South West","15","Cornwall and Isles of Scilly","15UC","Carrick","E02003914","Carrick 010",,,2742,719,1388,534,82,19,2787
"K","South West","15","Cornwall and Isles of Scilly","15UC","Carrick","E02003915","Carrick 011",,,3306,1247,1532,440,64,23,2710
"K","South West","15","Cornwall and Isles of Scilly","15UC","Carrick","E02003916","Carrick 012",,,2795,795,1398,488,77,37,2778
"K","South West","15","Cornwall and Isles of Scilly","15UC","Carrick","E02003917","Carrick 013",,,2994,563,1568,719,104,40,3492
"K","South West","15","Cornwall and Isles of Scilly","15UD","Kerrier","E02003918","Kerrier 001",,,2995,489,1504,830,130,42,3739
"K","South West","15","Cornwall and Isles of Scilly","15UD","Kerrier","E02003919","Kerrier 002",,,2861,881,1339,532,79,30,2769
"K","South West","15","Cornwall and Isles of Scilly","15UD","Kerrier","E02003920","Kerrier 003",,,2558,542,1305,576,112,23,2893
"K","South West","15","Cornwall and Isles of Scilly","15UD","Kerrier","E02003921","Kerrier 004",,,2363,400,1151,626,137,49,3021
"K","South West","15","Cornwall and Isles of Scilly","15UD","Kerrier","E02003922","Kerrier 005",,,3020,637,1454,731,147,51,3606
"K","South West","15","Cornwall and Isles of Scilly","15UD","Kerrier","E02003923","Kerrier 006",,,2860,814,1404,515,96,31,2862
"K","South West","15","Cornwall and Isles of Scilly","15UD","Kerrier","E02003924","Kerrier 007",,,2989,855,1390,574,127,43,3133
"K","South West","15","Cornwall and Isles of Scilly","15UD","Kerrier","E02003925","Kerrier 008",,,2789,653,1374,606,112,44,3125
"K","South West","15","Cornwall and Isles of Scilly","15UD","Kerrier","E02003926","Kerrier 009",,,2867,265,1219,1089,214,80,4384
"K","South West","15","Cornwall and Isles of Scilly","15UD","Kerrier","E02003927","Kerrier 010",,,3412,433,1666,1007,226,80,4725
"K","South West","15","Cornwall and Isles of Scilly","15UD","Kerrier","E02003928","Kerrier 011",,,4254,789,2323,981,128,33,4810
"K","South West","15","Cornwall and Isles of Scilly","15UD","Kerrier","E02003929","Kerrier 012",,,2909,469,1433,787,175,45,3747
"K","South West","15","Cornwall and Isles of Scilly","15UD","Kerrier","E02003930","Kerrier 013",,,3600,540,1815,990,185,70,4666
"K","South West","15","Cornwall and Isles of Scilly","15UE","North Cornwall","E02003931","North Cornwall 001",,,4181,995,2248,769,131,38,4348
"K","South West","15","Cornwall and Isles of Scilly","15UE","North Cornwall","E02003932","North Cornwall 002",,,2581,251,1177,880,200,73,3862
"K","South West","15","Cornwall and Isles of Scilly","15UE","North Cornwall","E02003933","North Cornwall 003",,,2897,417,1486,763,171,60,3816
"K","South West","15","Cornwall and Isles of Scilly","15UE","North Cornwall","E02003934","North Cornwall 004",,,2300,247,1044,748,192,69,3424
"K","South West","15","Cornwall and Isles of Scilly","15UE","North Cornwall","E02003935","North Cornwall 005",,,3031,740,1552,588,95,56,3278
"K","South West","15","Cornwall and Isles of Scilly","15UE","North Cornwall","E02003936","North Cornwall 006",,,3204,300,1394,1130,286,94,4987
"K","South West","15","Cornwall and Isles of Scilly","15UE","North Cornwall","E02003937","North Cornwall 007",,,2565,322,1261,741,165,76,3586
"K","South West","15","Cornwall and Isles of Scilly","15UE","North Cornwall","E02003938","North Cornwall 008",,,3096,492,1587,812,148,57,3926
"K","South West","15","Cornwall and Isles of Scilly","15UE","North Cornwall","E02003939","North Cornwall 009",,,2762,581,1391,627,120,43,3201
"K","South West","15","Cornwall and Isles of Scilly","15UE","North Cornwall","E02003940","North Cornwall 010",,,2391,233,1048,840,202,68,3644
"K","South West","15","Cornwall and Isles of Scilly","15UE","North Cornwall","E02003941","North Cornwall 011",,,2459,501,1229,581,102,46,2923
"K","South West","15","Cornwall and Isles of Scilly","15UE","North Cornwall","E02003942","North Cornwall 012",,,2885,779,1461,520,96,29,2914
"K","South West","15","Cornwall and Isles of Scilly","15UF","Penwith","E02003943","Penwith 001",,,3363,1114,1620,506,102,21,3037
"K","South West","15","Cornwall and Isles of Scilly","15UF","Penwith","E02003944","Penwith 002",,,3733,886,1827,831,143,46,4135
"K","South West","15","Cornwall and Isles of Scilly","15UF","Penwith","E02003945","Penwith 003",,,2431,378,1257,635,126,35,3062
"K","South West","15","Cornwall and Isles of Scilly","15UF","Penwith","E02003946","Penwith 004",,,3641,586,1836,954,191,74,4655
"K","South West","15","Cornwall and Isles of Scilly","15UF","Penwith","E02003947","Penwith 005",,,2632,454,1315,695,130,38,3257
"K","South West","15","Cornwall and Isles of Scilly","15UF","Penwith","E02003948","Penwith 006",,,3689,1285,1772,516,89,27,3211
"K","South West","15","Cornwall and Isles of Scilly","15UF","Penwith","E02003949","Penwith 007",,,3313,1528,1441,282,56,6,2200
"K","South West","15","Cornwall and Isles of Scilly","15UF","Penwith","E02003950","Penwith 008",,,2295,514,1200,465,98,18,2496
"K","South West","15","Cornwall and Isles of Scilly","15UF","Penwith","E02003951","Penwith 009",,,2985,874,1528,477,83,23,2847
"K","South West","15","Cornwall and Isles of Scilly","15UG","Restormel","E02003952","Restormel 001",,,2760,597,1360,624,134,45,3206
"K","South West","15","Cornwall and Isles of Scilly","15UG","Restormel","E02003953","Restormel 002",,,3657,518,1783,1054,243,59,4882
"K","South West","15","Cornwall and Isles of Scilly","15UG","Restormel","E02003954","Restormel 003",,,2636,725,1228,545,110,28,2772
"K","South West","15","Cornwall and Isles of Scilly","15UG","Restormel","E02003955","Restormel 004",,,3879,888,1989,796,163,43,4265
"K","South West","15","Cornwall and Isles of Scilly","15UG","Restormel","E02003956","Restormel 005",,,2522,432,1190,677,161,62,3300
"K","South West","15","Cornwall and Isles of Scilly","15UG","Restormel","E02003957","Restormel 006",,,3787,578,1837,1064,223,85,5008
"K","South West","15","Cornwall and Isles of Scilly","15UG","Restormel","E02003958","Restormel 007",,,2977,486,1449,840,160,42,3793
"K","South West","15","Cornwall and Isles of Scilly","15UG","Restormel","E02003959","Restormel 008",,,2742,569,1414,608,119,32,3118
"K","South West","15","Cornwall and Isles of Scilly","15UG","Restormel","E02003960","Restormel 009",,,2601,546,1289,596,135,35,3038
"K","South West","15","Cornwall and Isles of Scilly","15UG","Restormel","E02003961","Restormel 010",,,3156,472,1598,855,188,43,4069
"K","South West","15","Cornwall and Isles of Scilly","15UG","Restormel","E02003962","Restormel 011",,,2429,583,1094,566,148,38,2836
"K","South West","15","Cornwall and Isles of Scilly","15UG","Restormel","E02003963","Restormel 012",,,3877,1208,1850,659,124,36,3691
"K","South West","15","Cornwall and Isles of Scilly","15UG","Restormel","E02003964","Restormel 013",,,3455,486,1714,1009,182,64,4559
"K","South West","15","Cornwall and Isles of Scilly","15UH","Isles of Scilly","E02006781","Isles of Scilly 001",,,880,408,350,107,12,3,612
"K","South West","18","Devon","18UB","East Devon","E02004129","East Devon 001",,,2245,154,1011,812,198,70,3525
"K","South West","18","Devon","18UB","East Devon","E02004130","East Devon 002",,,2592,726,1304,471,73,18,2537
"K","South West","18","Devon","18UB","East Devon","E02004131","East Devon 003",,,2402,308,1314,655,94,31,3060
"K","South West","18","Devon","18UB","East Devon","E02004132","East Devon 004",,,3132,269,1258,1200,284,121,5076
"K","South West","18","Devon","18UB","East Devon","E02004133","East Devon 005",,,3240,643,1624,758,160,55,3856
"K","South West","18","Devon","18UB","East Devon","E02004134","East Devon 006",,,2700,271,1128,985,222,94,4174
"K","South West","18","Devon","18UB","East Devon","E02004135","East Devon 007",,,3291,396,1606,1000,219,70,4589
"K","South West","18","Devon","18UB","East Devon","E02004136","East Devon 008",,,3162,432,1403,1041,221,65,4440
"K","South West","18","Devon","18UB","East Devon","E02004137","East Devon 009",,,2285,249,1049,749,178,60,3374
"K","South West","18","Devon","18UB","East Devon","E02004138","East Devon 010",,,3304,767,1816,610,83,28,3416
"K","South West","18","Devon","18UB","East Devon","E02004139","East Devon 011",,,2805,624,1527,547,81,26,2977
"K","South West","18","Devon","18UB","East Devon","E02004140","East Devon 012",,,2550,681,1329,454,71,15,2515
"K","South West","18","Devon","18UB","East Devon","E02004141","East Devon 013",,,2347,244,1087,806,155,55,3399
"K","South West","18","Devon","18UB","East Devon","E02004142","East Devon 014",,,2015,200,901,689,171,54,3055
"K","South West","18","Devon","18UB","East Devon","E02004143","East Devon 015",,,2562,419,1275,706,130,32,3220
"K","South West","18","Devon","18UB","East Devon","E02004144","East Devon 016",,,2775,483,1423,720,124,25,3359
"K","South West","18","Devon","18UB","East Devon","E02004145","East Devon 017",,,2737,491,1438,669,103,36,3241
"K","South West","18","Devon","18UB","East Devon","E02004146","East Devon 018",,,2987,693,1474,656,140,24,3306
"K","South West","18","Devon","18UB","East Devon","E02004147","East Devon 019",,,2965,1007,1396,452,85,25,2661
"K","South West","18","Devon","18UB","East Devon","E02004148","East Devon 020",,,2924,760,1440,579,112,33,3083
"K","South West","18","Devon","18UC","Exeter","E02004149","Exeter 001",,,2863,467,1433,790,124,49,3605
"K","South West","18","Devon","18UC","Exeter","E02004150","Exeter 002",,,2849,862,1405,495,70,17,2682
"K","South West","18","Devon","18UC","Exeter","E02004151","Exeter 003",,,3161,608,1631,765,123,34,3687
"K","South West","18","Devon","18UC","Exeter","E02004152","Exeter 004",,,2946,1022,1314,446,110,54,2783
"K","South West","18","Devon","18UC","Exeter","E02004153","Exeter 005",,,3111,650,1684,643,98,36,3430
"K","South West","18","Devon","18UC","Exeter","E02004154","Exeter 006",,,3083,907,1523,511,108,34,3036
"K","South West","18","Devon","18UC","Exeter","E02004155","Exeter 007",,,3389,1097,1641,550,78,23,3076
"K","South West","18","Devon","18UC","Exeter","E02004156","Exeter 008",,,3885,1981,1500,343,39,22,2418
"K","South West","18","Devon","18UC","Exeter","E02004157","Exeter 009",,,2690,782,1370,449,67,22,2567
"K","South West","18","Devon","18UC","Exeter","E02004158","Exeter 010",,,3139,917,1583,543,75,21,2996
"K","South West","18","Devon","18UC","Exeter","E02004159","Exeter 011",,,3111,420,1581,915,162,33,4043
"K","South West","18","Devon","18UC","Exeter","E02004160","Exeter 012",,,3034,654,1556,669,114,41,3405
"K","South West","18","Devon","18UC","Exeter","E02004161","Exeter 013",,,3031,1056,1489,398,65,23,2593
"K","South West","18","Devon","18UC","Exeter","E02004162","Exeter 014",,,3103,652,1653,646,115,37,3451
"K","South West","18","Devon","18UC","Exeter","E02004163","Exeter 015",,,3186,794,1643,616,101,32,3333
"K","South West","18","Devon","18UD","Mid Devon","E02004164","Mid Devon 001",,,2533,225,997,955,252,104,4126
"K","South West","18","Devon","18UD","Mid Devon","E02004165","Mid Devon 002",,,2735,344,1342,846,156,47,3704
"K","South West","18","Devon","18UD","Mid Devon","E02004166","Mid Devon 003",,,2405,346,999,798,204,58,3465
"K","South West","18","Devon","18UD","Mid Devon","E02004167","Mid Devon 004",,,2640,847,1271,434,66,22,2443
"K","South West","18","Devon","18UD","Mid Devon","E02004168","Mid Devon 005",,,2577,911,1169,403,72,22,2295
"K","South West","18","Devon","18UD","Mid Devon","E02004169","Mid Devon 006",,,2468,246,1081,910,170,61,3688
"K","South West","18","Devon","18UD","Mid Devon","E02004170","Mid Devon 007",,,2841,520,1388,768,118,47,3502
"K","South West","18","Devon","18UD","Mid Devon","E02004171","Mid Devon 008",,,2833,331,1189,990,235,88,4287
"K","South West","18","Devon","18UD","Mid Devon","E02004172","Mid Devon 009",,,2356,224,1017,850,170,95,3689
"K","South West","18","Devon","18UD","Mid Devon","E02004173","Mid Devon 010",,,2593,220,1070,988,241,74,4097
"K","South West","18","Devon","18UD","Mid Devon","E02004174","Mid Devon 011",,,2954,686,1424,665,142,37,3354
"K","South West","18","Devon","18UE","North Devon","E02004175","North Devon 001",,,2284,817,1045,342,65,15,2004
"K","South West","18","Devon","18UE","North Devon","E02004176","North Devon 002",,,2346,400,1136,624,141,45,3009
"K","South West","18","Devon","18UE","North Devon","E02004177","North Devon 003",,,2272,585,1142,446,72,27,2385
"K","South West","18","Devon","18UE","North Devon","E02004178","North Devon 004",,,2153,195,991,756,149,62,3219
"K","South West","18","Devon","18UE","North Devon","E02004179","North Devon 005",,,3445,692,1734,797,178,44,4065
"K","South West","18","Devon","18UE","North Devon","E02004180","North Devon 006",,,2036,139,840,781,203,73,3333
"K","South West","18","Devon","18UE","North Devon","E02004181","North Devon 007",,,2273,581,1205,401,54,32,2330
"K","South West","18","Devon","18UE","North Devon","E02004182","North Devon 008",,,2655,1083,1190,324,46,12,2030
"K","South West","18","Devon","18UE","North Devon","E02004183","North Devon 009",,,2482,653,1165,557,79,28,2638
"K","South West","18","Devon","18UE","North Devon","E02004184","North Devon 010",,,3337,815,1718,645,130,29,3532
"K","South West","18","Devon","18UE","North Devon","E02004185","North Devon 011",,,2329,296,1210,657,131,35,3078
"K","South West","18","Devon","18UE","North Devon","E02004186","North Devon 012",,,3198,395,1624,979,153,47,4245
"K","South West","18","Devon","18UE","North Devon","E02004187","North Devon 013",,,3463,570,1566,1011,223,93,4676
"K","South West","18","Devon","18UE","North Devon","E02004188","North Devon 014",,,2516,262,1142,838,219,55,3718
"K","South West","18","Devon","18UG","South Hams","E02004189","South Hams 001",,,2378,222,1218,768,125,45,3326
"K","South West","18","Devon","18UG","South Hams","E02004190","South Hams 002",,,3107,357,1275,1142,240,93,4706
"K","South West","18","Devon","18UG","South Hams","E02004191","South Hams 003",,,3712,1012,1930,609,135,26,3660
"K","South West","18","Devon","18UG","South Hams","E02004192","South Hams 004",,,3075,318,1355,1057,246,99,4659
"K","South West","18","Devon","18UG","South Hams","E02004193","South Hams 005",,,4536,527,2083,1610,253,63,6337
"K","South West","18","Devon","18UG","South Hams","E02004194","South Hams 006",,,2437,232,1066,862,196,81,3758
"K","South West","18","Devon","18UG","South Hams","E02004195","South Hams 007",,,2596,709,1375,429,60,23,2517
"K","South West","18","Devon","18UG","South Hams","E02004196","South Hams 008",,,2847,319,1165,1046,244,73,4304
"K","South West","18","Devon","18UG","South Hams","E02004197","South Hams 009",,,2523,254,1066,938,196,69,3844
"K","South West","18","Devon","18UG","South Hams","E02004198","South Hams 010",,,2720,651,1313,589,127,40,3085
"K","South West","18","Devon","18UG","South Hams","E02004199","South Hams 011",,,2476,314,1202,735,173,52,3438
"K","South West","18","Devon","18UG","South Hams","E02004200","South Hams 012",,,2405,361,1093,745,162,44,3272
"K","South West","18","Devon","18UH","Teignbridge","E02004201","Teignbridge 001",,,2191,205,898,820,194,74,3452
"K","South West","18","Devon","18UH","Teignbridge","E02004202","Teignbridge 002",,,3148,377,1450,1075,181,65,4435
"K","South West","18","Devon","18UH","Teignbridge","E02004203","Teignbridge 003",,,2408,254,991,892,207,64,3669
"K","South West","18","Devon","18UH","Teignbridge","E02004204","Teignbridge 004",,,3649,512,1776,1113,195,53,4839
"K","South West","18","Devon","18UH","Teignbridge","E02004205","Teignbridge 005",,,2656,487,1345,652,139,33,3230
"K","South West","18","Devon","18UH","Teignbridge","E02004206","Teignbridge 006",,,3020,927,1414,548,92,39,2950
"K","South West","18","Devon","18UH","Teignbridge","E02004207","Teignbridge 007",,,2431,218,1204,791,169,49,3518
"K","South West","18","Devon","18UH","Teignbridge","E02004208","Teignbridge 008",,,3281,533,1595,919,184,50,4199
"K","South West","18","Devon","18UH","Teignbridge","E02004209","Teignbridge 009",,,3531,574,1669,1060,168,60,4565
"K","South West","18","Devon","18UH","Teignbridge","E02004210","Teignbridge 010",,,3082,1213,1356,421,75,17,2500
"K","South West","18","Devon","18UH","Teignbridge","E02004211","Teignbridge 011",,,2767,367,1255,907,177,61,3861
"K","South West","18","Devon","18UH","Teignbridge","E02004212","Teignbridge 012",,,2185,332,1051,623,118,61,2918
"K","South West","18","Devon","18UH","Teignbridge","E02004213","Teignbridge 013",,,2038,224,944,670,140,60,2998
"K","South West","18","Devon","18UH","Teignbridge","E02004214","Teignbridge 014",,,2574,980,1165,359,52,18,2136
"K","South West","18","Devon","18UH","Teignbridge","E02004215","Teignbridge 015",,,2261,559,991,546,122,43,2651
"K","South West","18","Devon","18UH","Teignbridge","E02004216","Teignbridge 016",,,2364,376,1155,671,133,29,3024
"K","South West","18","Devon","18UH","Teignbridge","E02004217","Teignbridge 017",,,3232,607,1558,827,170,70,4031
"K","South West","18","Devon","18UH","Teignbridge","E02004218","Teignbridge 018",,,2389,366,1074,740,159,50,3248
"K","South West","18","Devon","18UH","Teignbridge","E02004219","Teignbridge 019",,,2204,200,957,797,176,74,3428
"K","South West","18","Devon","18UK","Torridge","E02004220","Torridge 001",,,2972,698,1549,594,102,29,3190
"K","South West","18","Devon","18UK","Torridge","E02004221","Torridge 002",,,2368,405,1209,603,111,40,2933
"K","South West","18","Devon","18UK","Torridge","E02004222","Torridge 003",,,2391,771,1165,387,52,16,2159
"K","South West","18","Devon","18UK","Torridge","E02004223","Torridge 004",,,3944,999,2010,745,143,47,4130
"K","South West","18","Devon","18UK","Torridge","E02004224","Torridge 005",,,2427,256,1068,822,206,75,3666
"K","South West","18","Devon","18UK","Torridge","E02004225","Torridge 006",,,2202,509,1126,445,95,27,2441
"K","South West","18","Devon","18UK","Torridge","E02004226","Torridge 007",,,2736,240,1259,941,231,65,4111
"K","South West","18","Devon","18UK","Torridge","E02004227","Torridge 008",,,3276,427,1529,988,230,102,4667
"K","South West","18","Devon","18UK","Torridge","E02004228","Torridge 009",,,2555,189,1101,969,223,73,4041
"K","South West","18","Devon","18UL","West Devon","E02004229","West Devon 001",,,2647,309,1202,867,193,76,3856
"K","South West","18","Devon","18UL","West Devon","E02004230","West Devon 002",,,2699,550,1441,572,108,28,3031
"K","South West","18","Devon","18UL","West Devon","E02004231","West Devon 003",,,2558,283,1142,874,189,70,3771
"K","South West","18","Devon","18UL","West Devon","E02004232","West Devon 004",,,2379,197,960,925,220,77,3798
"K","South West","18","Devon","18UL","West Devon","E02004233","West Devon 005",,,4690,964,2239,1213,215,59,5574
"K","South West","18","Devon","18UL","West Devon","E02004234","West Devon 006",,,2581,258,1110,945,201,67,3919
"K","South West","18","Devon","18UL","West Devon","E02004235","West Devon 007",,,2628,331,1189,874,187,47,3698
"K","South West","19","Dorset","19UC","Christchurch","E02004236","Christchurch 001",,,2399,298,1123,767,155,56,3378
"K","South West","19","Dorset","19UC","Christchurch","E02004237","Christchurch 002",,,2968,517,1329,894,173,55,3865
"K","South West","19","Dorset","19UC","Christchurch","E02004238","Christchurch 003",,,3291,664,1719,733,130,45,3760
"K","South West","19","Dorset","19UC","Christchurch","E02004239","Christchurch 004",,,2512,282,1399,682,129,20,3230
"K","South West","19","Dorset","19UC","Christchurch","E02004240","Christchurch 005",,,2566,769,1176,502,84,35,2591
"K","South West","19","Dorset","19UC","Christchurch","E02004241","Christchurch 006",,,3828,980,1751,890,164,43,4228
"K","South West","19","Dorset","19UC","Christchurch","E02004242","Christchurch 007",,,3046,478,1568,828,126,46,3795
"K","South West","19","Dorset","19UD","East Dorset","E02004243","East Dorset 001",,,2531,205,969,1002,254,101,4176
"K","South West","19","Dorset","19UD","East Dorset","E02004244","East Dorset 002",,,2929,240,1377,1116,156,40,4243
"K","South West","19","Dorset","19UD","East Dorset","E02004245","East Dorset 003",,,2664,222,1017,1101,248,76,4300
"K","South West","19","Dorset","19UD","East Dorset","E02004246","East Dorset 004",,,2942,206,1201,1119,302,114,4848
"K","South West","19","Dorset","19UD","East Dorset","E02004247","East Dorset 005",,,2272,152,729,975,298,118,4123
"K","South West","19","Dorset","19UD","East Dorset","E02004248","East Dorset 006",,,3262,477,1622,883,183,97,4369
"K","South West","19","Dorset","19UD","East Dorset","E02004249","East Dorset 007",,,2222,199,779,927,241,76,3693
"K","South West","19","Dorset","19UD","East Dorset","E02004250","East Dorset 008",,,3228,549,1576,824,205,74,4159
"K","South West","19","Dorset","19UD","East Dorset","E02004251","East Dorset 009",,,2706,294,1220,902,222,68,3987
"K","South West","19","Dorset","19UD","East Dorset","E02004252","East Dorset 010",,,3269,837,1500,758,142,32,3583
"K","South West","19","Dorset","19UD","East Dorset","E02004253","East Dorset 011",,,3577,367,1529,1251,311,119,5475
"K","South West","19","Dorset","19UD","East Dorset","E02004254","East Dorset 012",,,4056,373,1677,1529,349,128,6316
"K","South West","19","Dorset","19UE","North Dorset","E02004255","North Dorset 001",,,3070,635,1514,725,147,49,3636
"K","South West","19","Dorset","19UE","North Dorset","E02004256","North Dorset 002",,,2899,223,1299,1053,237,87,4501
"K","South West","19","Dorset","19UE","North Dorset","E02004257","North Dorset 003",,,2995,584,1488,737,147,39,3576
"K","South West","19","Dorset","19UE","North Dorset","E02004258","North Dorset 004",,,3901,567,1759,1180,295,100,5447
"K","South West","19","Dorset","19UE","North Dorset","E02004259","North Dorset 005",,,2561,234,1088,940,197,102,4014
"K","South West","19","Dorset","19UE","North Dorset","E02004260","North Dorset 006",,,2967,254,1393,1038,208,74,4425
"K","South West","19","Dorset","19UE","North Dorset","E02004261","North Dorset 007",,,3876,827,1794,1000,194,61,4641
"K","South West","19","Dorset","19UE","North Dorset","E02004262","North Dorset 008",,,2979,236,1179,1175,299,90,4836
"K","South West","19","Dorset","19UG","Purbeck","E02004263","Purbeck 001",,,2330,229,904,890,219,88,3754
"K","South West","19","Dorset","19UG","Purbeck","E02004264","Purbeck 002",,,3166,426,1493,967,222,58,4356
"K","South West","19","Dorset","19UG","Purbeck","E02004265","Purbeck 003",,,3655,651,1755,953,238,58,4612
"K","South West","19","Dorset","19UG","Purbeck","E02004266","Purbeck 004",,,2908,328,1397,882,219,82,4208
"K","South West","19","Dorset","19UG","Purbeck","E02004267","Purbeck 005",,,2312,265,990,797,183,77,3475
"K","South West","19","Dorset","19UG","Purbeck","E02004268","Purbeck 006",,,4443,1032,2269,899,181,62,4883
"K","South West","19","Dorset","19UH","West Dorset","E02004269","West Dorset 001",,,3935,1010,1952,816,123,34,4099
"K","South West","19","Dorset","19UH","West Dorset","E02004270","West Dorset 002",,,3185,267,1401,1148,272,97,4929
"K","South West","19","Dorset","19UH","West Dorset","E02004271","West Dorset 003",,,4059,461,1902,1269,326,101,5880
"K","South West","19","Dorset","19UH","West Dorset","E02004272","West Dorset 004",,,4199,406,1823,1515,351,104,6358
"K","South West","19","Dorset","19UH","West Dorset","E02004273","West Dorset 005",,,3178,577,1578,793,162,68,3936
"K","South West","19","Dorset","19UH","West Dorset","E02004274","West Dorset 006",,,2845,676,1458,595,90,26,3025
"K","South West","19","Dorset","19UH","West Dorset","E02004275","West Dorset 007",,,3230,336,1592,1017,207,78,4607
"K","South West","19","Dorset","19UH","West Dorset","E02004276","West Dorset 008",,,2484,635,1246,492,74,37,2640
"K","South West","19","Dorset","19UH","West Dorset","E02004277","West Dorset 009",,,3407,1010,1630,621,116,30,3377
"K","South West","19","Dorset","19UH","West Dorset","E02004278","West Dorset 010",,,3690,740,1858,928,132,32,4257
"K","South West","19","Dorset","19UH","West Dorset","E02004279","West Dorset 011",,,3111,308,1397,1088,240,78,4630
"K","South West","19","Dorset","19UH","West Dorset","E02004280","West Dorset 012",,,3177,411,1575,943,187,61,4301
"K","South West","19","Dorset","19UJ","Weymouth and Portland","E02004281","Weymouth and Portland 001",,,3062,706,1459,746,114,37,3479
"K","South West","19","Dorset","19UJ","Weymouth and Portland","E02004282","Weymouth and Portland 002",,,3769,578,1800,1120,214,57,4959
"K","South West","19","Dorset","19UJ","Weymouth and Portland","E02004283","Weymouth and Portland 003",,,3508,812,1621,870,157,48,4036
"K","South West","19","Dorset","19UJ","Weymouth and Portland","E02004284","Weymouth and Portland 004",,,4480,1744,2032,583,93,28,3601
"K","South West","19","Dorset","19UJ","Weymouth and Portland","E02004285","Weymouth and Portland 005",,,3049,974,1391,582,76,26,2916
"K","South West","19","Dorset","19UJ","Weymouth and Portland","E02004286","Weymouth and Portland 006",,,2071,476,962,517,85,31,2401
"K","South West","19","Dorset","19UJ","Weymouth and Portland","E02004287","Weymouth and Portland 007",,,2308,508,1163,537,82,18,2573
"K","South West","19","Dorset","19UJ","Weymouth and Portland","E02004288","Weymouth and Portland 008",,,2051,615,984,374,60,18,1997
"K","South West","19","Dorset","19UJ","Weymouth and Portland","E02004289","Weymouth and Portland 009",,,2872,639,1489,603,110,31,3156
"K","South West","23","Gloucestershire","23UB","Cheltenham","E02004600","Cheltenham 001",,,2494,485,1226,615,143,25,2994
"K","South West","23","Gloucestershire","23UB","Cheltenham","E02004601","Cheltenham 002",,,2292,293,1072,749,142,36,3167
"K","South West","23","Gloucestershire","23UB","Cheltenham","E02004602","Cheltenham 003",,,2479,663,1265,456,81,14,2482
"K","South West","23","Gloucestershire","23UB","Cheltenham","E02004603","Cheltenham 004",,,2806,962,1240,484,96,24,2595
"K","South West","23","Gloucestershire","23UB","Cheltenham","E02004604","Cheltenham 005",,,3222,1303,1357,466,73,23,2629
"K","South West","23","Gloucestershire","23UB","Cheltenham","E02004605","Cheltenham 006",,,2463,961,1070,357,61,14,2023
"K","South West","23","Gloucestershire","23UB","Cheltenham","E02004606","Cheltenham 007",,,3715,963,1825,754,139,34,3891
"K","South West","23","Gloucestershire","23UB","Cheltenham","E02004607","Cheltenham 008",,,4661,1261,2182,1024,151,43,4905
"K","South West","23","Gloucestershire","23UB","Cheltenham","E02004608","Cheltenham 009",,,4541,1228,2244,904,127,38,4608
"K","South West","23","Gloucestershire","23UB","Cheltenham","E02004609","Cheltenham 010",,,2717,325,1229,946,187,30,3807
"K","South West","23","Gloucestershire","23UB","Cheltenham","E02004610","Cheltenham 011",,,3222,682,1557,801,138,44,3783
"K","South West","23","Gloucestershire","23UB","Cheltenham","E02004611","Cheltenham 012",,,4280,682,1879,1357,268,94,5832
"K","South West","23","Gloucestershire","23UB","Cheltenham","E02004612","Cheltenham 013",,,4267,651,2048,1326,195,47,5498
"K","South West","23","Gloucestershire","23UB","Cheltenham","E02004613","Cheltenham 014",,,2765,389,1271,915,150,40,3742
"K","South West","23","Gloucestershire","23UB","Cheltenham","E02004614","Cheltenham 015",,,2258,350,1051,696,133,28,2964
"K","South West","23","Gloucestershire","23UC","Cotswold","E02004615","Cotswold 001",,,3492,423,1520,1193,266,90,5104
"K","South West","23","Gloucestershire","23UC","Cotswold","E02004616","Cotswold 002",,,3870,640,1780,1102,247,101,5166
"K","South West","23","Gloucestershire","23UC","Cotswold","E02004617","Cotswold 003",,,3232,389,1441,1092,219,91,4676
"K","South West","23","Gloucestershire","23UC","Cotswold","E02004618","Cotswold 004",,,2853,168,1000,1192,348,145,5075
"K","South West","23","Gloucestershire","23UC","Cotswold","E02004619","Cotswold 005",,,3084,286,1200,1191,301,106,4948
"K","South West","23","Gloucestershire","23UC","Cotswold","E02004620","Cotswold 006",,,2964,447,1282,975,192,68,4108
"K","South West","23","Gloucestershire","23UC","Cotswold","E02004621","Cotswold 007",,,2831,982,1267,473,84,25,2580
"K","South West","23","Gloucestershire","23UC","Cotswold","E02004622","Cotswold 008",,,2672,425,1269,782,157,39,3484
"K","South West","23","Gloucestershire","23UC","Cotswold","E02004623","Cotswold 009",,,3354,364,1366,1238,288,98,5131
"K","South West","23","Gloucestershire","23UC","Cotswold","E02004624","Cotswold 010",,,2247,230,845,865,211,96,3666
"K","South West","23","Gloucestershire","23UC","Cotswold","E02004625","Cotswold 011",,,3821,492,1612,1339,288,90,5571
"K","South West","23","Gloucestershire","23UD","Forest of Dean","E02004626","Forest of Dean 001",,,3470,297,1172,1426,408,167,5998
"K","South West","23","Gloucestershire","23UD","Forest of Dean","E02004627","Forest of Dean 002",,,2160,430,882,639,163,46,2859
"K","South West","23","Gloucestershire","23UD","Forest of Dean","E02004628","Forest of Dean 003",,,2954,443,1291,934,215,71,4122
"K","South West","23","Gloucestershire","23UD","Forest of Dean","E02004629","Forest of Dean 004",,,4950,1152,2153,1275,274,96,5944
"K","South West","23","Gloucestershire","23UD","Forest of Dean","E02004630","Forest of Dean 005",,,2497,294,953,900,241,109,4026
"K","South West","23","Gloucestershire","23UD","Forest of Dean","E02004631","Forest of Dean 006",,,2074,211,825,758,204,76,3283
"K","South West","23","Gloucestershire","23UD","Forest of Dean","E02004632","Forest of Dean 007",,,4262,891,1908,1126,249,88,5301
"K","South West","23","Gloucestershire","23UD","Forest of Dean","E02004633","Forest of Dean 008",,,3266,421,1369,1105,273,98,4829
"K","South West","23","Gloucestershire","23UD","Forest of Dean","E02004634","Forest of Dean 009",,,4146,775,1931,1139,230,71,5222
"K","South West","23","Gloucestershire","23UD","Forest of Dean","E02004635","Forest of Dean 010",,,2748,365,1181,921,208,73,3961
"K","South West","23","Gloucestershire","23UE","Gloucester","E02004636","Gloucester 001",,,3123,409,1504,987,181,42,4216
"K","South West","23","Gloucestershire","23UE","Gloucester","E02004637","Gloucester 002",,,3497,1129,1551,663,117,37,3411
"K","South West","23","Gloucestershire","23UE","Gloucester","E02004638","Gloucester 003",,,2217,419,1005,625,129,39,2809
"K","South West","23","Gloucestershire","23UE","Gloucester","E02004639","Gloucester 004",,,2893,1358,1088,368,67,12,2082
"K","South West","23","Gloucestershire","23UE","Gloucester","E02004640","Gloucester 005",,,2978,1244,1322,353,48,11,2237
"K","South West","23","Gloucestershire","23UE","Gloucester","E02004641","Gloucester 006",,,3333,605,1618,903,165,42,4093
"K","South West","23","Gloucestershire","23UE","Gloucester","E02004642","Gloucester 007",,,3904,675,1769,1213,195,52,5019
"K","South West","23","Gloucestershire","23UE","Gloucester","E02004643","Gloucester 008",,,2936,1055,1312,465,81,23,2580
"K","South West","23","Gloucestershire","23UE","Gloucester","E02004644","Gloucester 009",,,3559,1075,1627,700,134,23,3530
"K","South West","23","Gloucestershire","23UE","Gloucester","E02004645","Gloucester 010",,,3895,318,1786,1534,203,54,5698
"K","South West","23","Gloucestershire","23UE","Gloucester","E02004646","Gloucester 011",,,3858,1318,1640,725,145,30,3663
"K","South West","23","Gloucestershire","23UE","Gloucester","E02004647","Gloucester 012",,,2395,576,1080,574,126,39,2768
"K","South West","23","Gloucestershire","23UE","Gloucester","E02004648","Gloucester 013",,,2466,430,1310,604,95,27,2914
"K","South West","23","Gloucestershire","23UE","Gloucester","E02004649","Gloucester 014",,,2456,170,1206,965,98,17,3498
"K","South West","23","Gloucestershire","23UE","Gloucester","E02004650","Gloucester 015",,,2265,280,1167,656,128,34,3006
"K","South West","23","Gloucestershire","23UF","Stroud","E02004651","Stroud 001",,,2730,283,1087,1025,243,92,4279
"K","South West","23","Gloucestershire","23UF","Stroud","E02004652","Stroud 002",,,2736,296,1009,1066,275,90,4361
"K","South West","23","Gloucestershire","23UF","Stroud","E02004653","Stroud 003",,,2384,253,810,959,269,93,3940
"K","South West","23","Gloucestershire","23UF","Stroud","E02004654","Stroud 004",,,4380,946,1783,1291,263,97,5607
"K","South West","23","Gloucestershire","23UF","Stroud","E02004655","Stroud 005",,,3002,682,1305,808,159,48,3599
"K","South West","23","Gloucestershire","23UF","Stroud","E02004656","Stroud 006",,,4496,1084,1955,1173,222,62,5241
"K","South West","23","Gloucestershire","23UF","Stroud","E02004657","Stroud 007",,,2745,301,1190,979,198,77,4089
"K","South West","23","Gloucestershire","23UF","Stroud","E02004658","Stroud 008",,,2610,212,1012,1075,232,79,4206
"K","South West","23","Gloucestershire","23UF","Stroud","E02004659","Stroud 009",,,2629,337,1030,957,233,72,3954
"K","South West","23","Gloucestershire","23UF","Stroud","E02004660","Stroud 010",,,2587,337,1044,895,226,85,3885
"K","South West","23","Gloucestershire","23UF","Stroud","E02004661","Stroud 011",,,3506,669,1467,1044,258,68,4638
"K","South West","23","Gloucestershire","23UF","Stroud","E02004662","Stroud 012",,,2422,345,918,880,199,80,3645
"K","South West","23","Gloucestershire","23UF","Stroud","E02004663","Stroud 013",,,2511,392,1016,820,217,66,3596
"K","South West","23","Gloucestershire","23UF","Stroud","E02004664","Stroud 014",,,2519,599,1096,660,123,41,2961
"K","South West","23","Gloucestershire","23UF","Stroud","E02004665","Stroud 015",,,3358,505,1279,1177,293,104,4959
"K","South West","23","Gloucestershire","23UG","Tewkesbury","E02004666","Tewkesbury 001",,,3625,424,1786,1138,219,58,4972
"K","South West","23","Gloucestershire","23UG","Tewkesbury","E02004667","Tewkesbury 002",,,4437,1078,1967,1124,196,72,5125
"K","South West","23","Gloucestershire","23UG","Tewkesbury","E02004668","Tewkesbury 003",,,3600,464,1472,1249,279,136,5415
"K","South West","23","Gloucestershire","23UG","Tewkesbury","E02004669","Tewkesbury 004",,,2469,158,856,1043,306,106,4344
"K","South West","23","Gloucestershire","23UG","Tewkesbury","E02004670","Tewkesbury 005",,,5162,735,2524,1566,271,66,6759
"K","South West","23","Gloucestershire","23UG","Tewkesbury","E02004671","Tewkesbury 006",,,2475,246,937,956,254,82,3990
"K","South West","23","Gloucestershire","23UG","Tewkesbury","E02004672","Tewkesbury 007",,,5018,808,2394,1488,256,72,6437
"K","South West","23","Gloucestershire","23UG","Tewkesbury","E02004673","Tewkesbury 008",,,2342,369,1035,712,155,71,3246
"K","South West","23","Gloucestershire","23UG","Tewkesbury","E02004674","Tewkesbury 009",,,3248,577,1482,947,196,46,4198
"K","South West","40","Somerset","40UB","Mendip","E02006047","Mendip 001",,,3234,300,1304,1210,309,111,5172
"K","South West","40","Somerset","40UB","Mendip","E02006048","Mendip 002",,,2576,307,991,969,212,97,3998
"K","South West","40","Somerset","40UB","Mendip","E02006049","Mendip 003",,,3118,284,1512,1067,204,51,4470
"K","South West","40","Somerset","40UB","Mendip","E02006050","Mendip 004",,,3061,867,1402,652,108,32,3170
"K","South West","40","Somerset","40UB","Mendip","E02006051","Mendip 005",,,2965,331,1240,1037,267,90,4501
"K","South West","40","Somerset","40UB","Mendip","E02006052","Mendip 006",,,2985,342,1284,1054,217,88,4438
"K","South West","40","Somerset","40UB","Mendip","E02006053","Mendip 007",,,3528,704,1701,889,189,45,4260
"K","South West","40","Somerset","40UB","Mendip","E02006054","Mendip 008",,,3575,988,1729,703,128,27,3637
"K","South West","40","Somerset","40UB","Mendip","E02006055","Mendip 009",,,3156,624,1505,824,146,57,3859
"K","South West","40","Somerset","40UB","Mendip","E02006056","Mendip 010",,,2905,328,1178,1047,257,95,4453
"K","South West","40","Somerset","40UB","Mendip","E02006057","Mendip 011",,,3162,724,1530,705,149,54,3609
"K","South West","40","Somerset","40UB","Mendip","E02006058","Mendip 012",,,2914,313,1314,1003,219,65,4273
"K","South West","40","Somerset","40UB","Mendip","E02006059","Mendip 013",,,2569,189,965,1032,266,117,4350
"K","South West","40","Somerset","40UB","Mendip","E02006060","Mendip 014",,,3129,769,1548,638,133,41,3400
"K","South West","40","Somerset","40UC","Sedgemoor","E02006061","Sedgemoor 001",,,3469,522,1438,1138,285,86,4962
"K","South West","40","Somerset","40UC","Sedgemoor","E02006062","Sedgemoor 002",,,3954,382,1696,1406,344,126,6119
"K","South West","40","Somerset","40UC","Sedgemoor","E02006063","Sedgemoor 003",,,2540,184,810,1099,315,132,4541
"K","South West","40","Somerset","40UC","Sedgemoor","E02006064","Sedgemoor 004",,,3586,966,1713,728,131,48,3785
"K","South West","40","Somerset","40UC","Sedgemoor","E02006065","Sedgemoor 005",,,3214,786,1534,719,129,46,3561
"K","South West","40","Somerset","40UC","Sedgemoor","E02006066","Sedgemoor 006",,,3256,399,1421,1128,238,70,4733
"K","South West","40","Somerset","40UC","Sedgemoor","E02006067","Sedgemoor 007",,,2866,351,1221,987,236,71,4203
"K","South West","40","Somerset","40UC","Sedgemoor","E02006068","Sedgemoor 008",,,3119,1040,1479,507,71,22,2806
"K","South West","40","Somerset","40UC","Sedgemoor","E02006069","Sedgemoor 009",,,3448,1187,1693,465,80,23,2968
"K","South West","40","Somerset","40UC","Sedgemoor","E02006070","Sedgemoor 010",,,2904,406,1578,766,121,33,3622
"K","South West","40","Somerset","40UC","Sedgemoor","E02006071","Sedgemoor 011",,,2684,349,1244,873,156,62,3732
"K","South West","40","Somerset","40UC","Sedgemoor","E02006072","Sedgemoor 012",,,3519,281,1350,1450,305,133,5771
"K","South West","40","Somerset","40UC","Sedgemoor","E02006073","Sedgemoor 013",,,3051,1071,1336,524,88,32,2782
"K","South West","40","Somerset","40UC","Sedgemoor","E02006074","Sedgemoor 014",,,2818,373,1249,911,217,68,4021
"K","South West","40","Somerset","40UD","South Somerset","E02006075","South Somerset 001",,,2016,201,905,668,173,69,3085
"K","South West","40","Somerset","40UD","South Somerset","E02006076","South Somerset 002",,,3414,386,1467,1182,275,104,5143
"K","South West","40","Somerset","40UD","South Somerset","E02006077","South Somerset 003",,,2269,328,1033,676,178,54,3189
"K","South West","40","Somerset","40UD","South Somerset","E02006078","South Somerset 004",,,2195,253,921,771,184,66,3321
"K","South West","40","Somerset","40UD","South Somerset","E02006079","South Somerset 005",,,2783,419,1307,802,184,71,3778
"K","South West","40","Somerset","40UD","South Somerset","E02006080","South Somerset 006",,,2357,252,1083,798,156,68,3463
"K","South West","40","Somerset","40UD","South Somerset","E02006081","South Somerset 007",,,2155,226,862,788,202,77,3407
"K","South West","40","Somerset","40UD","South Somerset","E02006082","South Somerset 008",,,2512,321,1141,793,199,58,3573
"K","South West","40","Somerset","40UD","South Somerset","E02006083","South Somerset 009",,,2312,325,996,779,164,48,3258
"K","South West","40","Somerset","40UD","South Somerset","E02006084","South Somerset 010",,,2944,342,1267,1012,235,88,4389
"K","South West","40","Somerset","40UD","South Somerset","E02006085","South Somerset 011",,,2463,394,1275,651,120,23,3034
"K","South West","40","Somerset","40UD","South Somerset","E02006086","South Somerset 012",,,2139,322,1034,637,106,40,2815
"K","South West","40","Somerset","40UD","South Somerset","E02006087","South Somerset 013",,,2407,469,1356,508,63,11,2614
"K","South West","40","Somerset","40UD","South Somerset","E02006088","South Somerset 014",,,3060,835,1567,540,93,25,3056
"K","South West","40","Somerset","40UD","South Somerset","E02006089","South Somerset 015",,,2652,846,1261,443,77,25,2490
"K","South West","40","Somerset","40UD","South Somerset","E02006090","South Somerset 016",,,2623,534,1366,575,114,34,3021
"K","South West","40","Somerset","40UD","South Somerset","E02006091","South Somerset 017",,,4170,542,1821,1377,311,119,6059
"K","South West","40","Somerset","40UD","South Somerset","E02006092","South Somerset 018",,,2467,300,1289,688,145,45,3292
"K","South West","40","Somerset","40UD","South Somerset","E02006093","South Somerset 019",,,3071,477,1488,882,159,65,4031
"K","South West","40","Somerset","40UD","South Somerset","E02006094","South Somerset 020",,,2308,323,1007,743,176,59,3294
"K","South West","40","Somerset","40UD","South Somerset","E02006095","South Somerset 021",,,3314,643,1593,846,173,59,4056
"K","South West","40","Somerset","40UD","South Somerset","E02006096","South Somerset 022",,,2658,464,1338,692,117,47,3276
"K","South West","40","Somerset","40UD","South Somerset","E02006097","South Somerset 023",,,2537,715,1254,457,86,25,2538
"K","South West","40","Somerset","40UD","South Somerset","E02006098","South Somerset 024",,,2954,293,1272,1022,268,99,4600
"K","South West","40","Somerset","40UE","Taunton Deane","E02006099","Taunton Deane 001",,,2268,216,941,894,158,59,3458
"K","South West","40","Somerset","40UE","Taunton Deane","E02006100","Taunton Deane 002",,,2832,417,1343,883,151,38,3723
"K","South West","40","Somerset","40UE","Taunton Deane","E02006101","Taunton Deane 003",,,2195,282,943,762,150,58,3188
"K","South West","40","Somerset","40UE","Taunton Deane","E02006102","Taunton Deane 004",,,3087,908,1511,552,95,21,2993
"K","South West","40","Somerset","40UE","Taunton Deane","E02006103","Taunton Deane 005",,,3011,306,1319,1028,266,92,4596
"K","South West","40","Somerset","40UE","Taunton Deane","E02006104","Taunton Deane 006",,,3133,467,1587,902,143,34,3964
"K","South West","40","Somerset","40UE","Taunton Deane","E02006105","Taunton Deane 007",,,4006,1151,1990,716,119,30,3911
"K","South West","40","Somerset","40UE","Taunton Deane","E02006106","Taunton Deane 008",,,2777,499,1358,733,143,44,3472
"K","South West","40","Somerset","40UE","Taunton Deane","E02006107","Taunton Deane 009",,,3373,1169,1536,549,99,20,3016
"K","South West","40","Somerset","40UE","Taunton Deane","E02006108","Taunton Deane 010",,,3621,1130,1755,604,103,29,3409
"K","South West","40","Somerset","40UE","Taunton Deane","E02006109","Taunton Deane 011",,,3357,401,1797,953,159,47,4396
"K","South West","40","Somerset","40UE","Taunton Deane","E02006110","Taunton Deane 012",,,3182,769,1644,633,108,28,3369
"K","South West","40","Somerset","40UE","Taunton Deane","E02006111","Taunton Deane 013",,,4026,435,1875,1310,300,106,5899
"K","South West","40","Somerset","40UE","Taunton Deane","E02006112","Taunton Deane 014",,,3011,276,1268,1121,243,103,4713
"K","South West","40","Somerset","40UF","West Somerset","E02006113","West Somerset 001",,,3137,930,1491,581,97,38,3125
"K","South West","40","Somerset","40UF","West Somerset","E02006114","West Somerset 002",,,3054,626,1653,634,98,43,3400
"K","South West","40","Somerset","40UF","West Somerset","E02006115","West Somerset 003",,,3323,738,1663,714,152,56,3800
"K","South West","40","Somerset","40UF","West Somerset","E02006116","West Somerset 004",,,3392,357,1494,1127,314,100,5123
"K","South West","40","Somerset","40UF","West Somerset","E02006117","West Somerset 005",,,2723,349,1301,805,195,73,3813
"K","South West","46","Wiltshire","46UB","Kennet","E02006634","Kennet 001",,,3329,345,1185,1301,377,121,5455
"K","South West","46","Wiltshire","46UB","Kennet","E02006635","Kennet 002",,,3059,584,1347,894,190,44,3907
"K","South West","46","Wiltshire","46UB","Kennet","E02006636","Kennet 003",,,2737,346,1165,931,232,63,3990
"K","South West","46","Wiltshire","46UB","Kennet","E02006637","Kennet 004",,,3060,508,1540,826,159,27,3787
"K","South West","46","Wiltshire","46UB","Kennet","E02006638","Kennet 005",,,2842,798,1271,621,123,29,3014
"K","South West","46","Wiltshire","46UB","Kennet","E02006639","Kennet 006",,,3068,310,1187,1167,303,101,4875
"K","South West","46","Wiltshire","46UB","Kennet","E02006640","Kennet 007",,,2783,288,986,1113,290,106,4574
"K","South West","46","Wiltshire","46UB","Kennet","E02006641","Kennet 008",,,2682,291,1041,1051,223,76,4154
"K","South West","46","Wiltshire","46UB","Kennet","E02006642","Kennet 009",,,2283,226,890,896,195,76,3597
"K","South West","46","Wiltshire","46UB","Kennet","E02006643","Kennet 010",,,3716,580,2003,936,157,40,4514
"K","South West","46","Wiltshire","46UC","North Wiltshire","E02006644","North Wiltshire 001",,,2590,276,972,993,257,92,4136
"K","South West","46","Wiltshire","46UC","North Wiltshire","E02006645","North Wiltshire 002",,,2595,375,1078,895,181,66,3705
"K","South West","46","Wiltshire","46UC","North Wiltshire","E02006646","North Wiltshire 003",,,2114,227,823,806,186,72,3309
"K","South West","46","Wiltshire","46UC","North Wiltshire","E02006647","North Wiltshire 004",,,2191,103,637,1022,299,130,4159
"K","South West","46","Wiltshire","46UC","North Wiltshire","E02006648","North Wiltshire 005",,,2136,205,834,836,199,62,3388
"K","South West","46","Wiltshire","46UC","North Wiltshire","E02006649","North Wiltshire 006",,,2725,580,1178,785,134,48,3367
"K","South West","46","Wiltshire","46UC","North Wiltshire","E02006650","North Wiltshire 007",,,4313,370,1966,1523,333,121,6550
"K","South West","46","Wiltshire","46UC","North Wiltshire","E02006651","North Wiltshire 008",,,2597,170,870,1193,262,102,4503
"K","South West","46","Wiltshire","46UC","North Wiltshire","E02006652","North Wiltshire 009",,,3502,631,1562,1085,177,47,4472
"K","South West","46","Wiltshire","46UC","North Wiltshire","E02006653","North Wiltshire 010",,,3757,536,1723,1242,202,54,5044
"K","South West","46","Wiltshire","46UC","North Wiltshire","E02006654","North Wiltshire 011",,,3580,1064,1632,732,107,45,3627
"K","South West","46","Wiltshire","46UC","North Wiltshire","E02006655","North Wiltshire 012",,,2478,178,804,1117,281,98,4325
"K","South West","46","Wiltshire","46UC","North Wiltshire","E02006656","North Wiltshire 013",,,2669,297,1324,903,117,28,3600
"K","South West","46","Wiltshire","46UC","North Wiltshire","E02006657","North Wiltshire 014",,,2641,596,1218,679,112,36,3067
"K","South West","46","Wiltshire","46UC","North Wiltshire","E02006658","North Wiltshire 015",,,2975,451,1358,929,186,51,3995
"K","South West","46","Wiltshire","46UC","North Wiltshire","E02006659","North Wiltshire 016",,,2749,335,1205,951,180,78,4004
"K","South West","46","Wiltshire","46UC","North Wiltshire","E02006660","North Wiltshire 017",,,4659,849,1990,1399,325,96,6198
"K","South West","46","Wiltshire","46UD","Salisbury","E02006661","Salisbury 001",,,2786,208,1509,857,158,54,3937
"K","South West","46","Wiltshire","46UD","Salisbury","E02006662","Salisbury 002",,,2409,369,1094,730,174,42,3259
"K","South West","46","Wiltshire","46UD","Salisbury","E02006663","Salisbury 003",,,3624,634,1733,1024,176,57,4562
"K","South West","46","Wiltshire","46UD","Salisbury","E02006664","Salisbury 004",,,2645,211,1081,1011,237,105,4302
"K","South West","46","Wiltshire","46UD","Salisbury","E02006665","Salisbury 005",,,2811,395,1255,863,213,85,4009
"K","South West","46","Wiltshire","46UD","Salisbury","E02006666","Salisbury 006",,,2299,473,992,701,100,33,2835
"K","South West","46","Wiltshire","46UD","Salisbury","E02006667","Salisbury 007",,,2456,699,1145,497,93,22,2512
"K","South West","46","Wiltshire","46UD","Salisbury","E02006668","Salisbury 008",,,2593,609,1106,704,135,39,3090
"K","South West","46","Wiltshire","46UD","Salisbury","E02006669","Salisbury 009",,,4206,590,1870,1346,314,86,5874
"K","South West","46","Wiltshire","46UD","Salisbury","E02006670","Salisbury 010",,,2903,735,1475,563,106,24,3044
"K","South West","46","Wiltshire","46UD","Salisbury","E02006671","Salisbury 011",,,2899,844,1375,545,107,28,2903
"K","South West","46","Wiltshire","46UD","Salisbury","E02006672","Salisbury 012",,,2180,279,912,741,177,71,3264
"K","South West","46","Wiltshire","46UD","Salisbury","E02006673","Salisbury 013",,,2484,778,1089,491,101,25,2492
"K","South West","46","Wiltshire","46UD","Salisbury","E02006674","Salisbury 014",,,2336,558,1096,555,98,29,2643
"K","South West","46","Wiltshire","46UD","Salisbury","E02006675","Salisbury 015",,,3102,249,1192,1231,301,129,5176
"K","South West","46","Wiltshire","46UD","Salisbury","E02006676","Salisbury 016",,,2569,328,1115,863,189,74,3736
"K","South West","46","Wiltshire","46UD","Salisbury","E02006677","Salisbury 017",,,3099,302,1201,1186,308,102,4954
"K","South West","46","Wiltshire","46UF","West Wiltshire","E02006678","West Wiltshire 001",,,2805,422,1395,784,147,57,3646
"K","South West","46","Wiltshire","46UF","West Wiltshire","E02006679","West Wiltshire 002",,,3453,371,1396,1307,291,88,5272
"K","South West","46","Wiltshire","46UF","West Wiltshire","E02006680","West Wiltshire 003",,,3093,723,1409,781,120,60,3596
"K","South West","46","Wiltshire","46UF","West Wiltshire","E02006681","West Wiltshire 004",,,2449,312,963,887,221,66,3712
"K","South West","46","Wiltshire","46UF","West Wiltshire","E02006682","West Wiltshire 005",,,4157,822,1952,1130,195,58,5056
"K","South West","46","Wiltshire","46UF","West Wiltshire","E02006683","West Wiltshire 006",,,2260,253,991,836,135,45,3269
"K","South West","46","Wiltshire","46UF","West Wiltshire","E02006684","West Wiltshire 007",,,2283,686,1057,446,76,18,2255
"K","South West","46","Wiltshire","46UF","West Wiltshire","E02006685","West Wiltshire 008",,,2585,449,1209,762,125,40,3281
"K","South West","46","Wiltshire","46UF","West Wiltshire","E02006686","West Wiltshire 009",,,2021,401,914,572,102,32,2509
"K","South West","46","Wiltshire","46UF","West Wiltshire","E02006687","West Wiltshire 010",,,2597,599,1188,646,128,36,3014
"K","South West","46","Wiltshire","46UF","West Wiltshire","E02006688","West Wiltshire 011",,,2317,465,1144,576,110,22,2725
"K","South West","46","Wiltshire","46UF","West Wiltshire","E02006689","West Wiltshire 012",,,2393,187,894,962,251,99,3990
"K","South West","46","Wiltshire","46UF","West Wiltshire","E02006690","West Wiltshire 013",,,2805,331,1181,968,235,90,4231
"K","South West","46","Wiltshire","46UF","West Wiltshire","E02006691","West Wiltshire 014",,,4198,805,2024,1121,188,60,5111
"K","South West","46","Wiltshire","46UF","West Wiltshire","E02006692","West Wiltshire 015",,,2229,419,1218,489,82,21,2537
"K","South West","46","Wiltshire","46UF","West Wiltshire","E02006693","West Wiltshire 016",,,2380,432,1105,683,124,36,2998
"K","South West","46","Wiltshire","46UF","West Wiltshire","E02006694","West Wiltshire 017",,,2686,734,1242,561,116,33,2855
"K","South West","46","Wiltshire","46UF","West Wiltshire","E02006695","West Wiltshire 018",,,2698,242,1085,1042,245,84,4275