DATASET_TITLE,Amenities (UV60),,,,,,FROM,Apr-2001,Apr-2001,Apr-2001,Apr-2001,Apr-2001,Apr-2001,Apr-2001
AREA_TYPE,Local Authority,,,,,,TO,Apr-2001,Apr-2001,Apr-2001,Apr-2001,Apr-2001,Apr-2001,Apr-2001
GEO_HIERARCHY,NeSS Geography Hierarchy,,,,,,HEADING,All Occupied Household Spaces,With central heating,With central heating: With sole use of bath / shower and toilet,With central heating: Without sole use of bath / shower and toilet,Without central heating,Without central heating: With sole use of bath / shower and toilet,Without central heating: Without sole use of bath / shower and toilet
,,,,,,,MEASUREMENT_UNIT,Count,Count,Count,Count,Count,Count,Count
,,,,,,,STATISTICAL_UNIT,Households,Households,Households,Households,Households,Households,Households
GOR_CODE,GOR_NAME,CTY_CODE,CTY_NAME,LA_CODE,LA_NAME,AREA_METADATA,,DATA_VALUE,DATA_VALUE,DATA_VALUE,DATA_VALUE,DATA_VALUE,DATA_VALUE,DATA_VALUE
"H","London",,,"00AA","City of London",,,4338,4139,4122,17,199,199,0
"H","London",,,"00AB","Barking and Dagenham",,,67273,60814,60686,128,6459,6408,51
"H","London",,,"00AC","Barnet",,,126944,120539,119655,884,6405,6062,343
"H","London",,,"00AD","Bexley",,,89451,83063,82866,197,6388,6358,30
"H","London",,,"00AE","Brent",,,99991,92952,91781,1171,7039,6644,395
"H","London",,,"00AF","Bromley",,,125866,119519,119168,351,6347,6165,182
"H","London",,,"00AG","Camden",,,91603,84181,82924,1257,7422,6305,1117
"H","London",,,"00AH","Croydon",,,138999,128177,127438,739,10822,10331,491
"H","London",,,"00AJ","Ealing",,,118023,109005,108181,824,9018,8625,393
"H","London",,,"00AK","Enfield",,,110398,102150,101620,530,8248,8107,141
"H","London",,,"00AL","Greenwich",,,92788,85319,84856,463,7469,7306,163
"H","London",,,"00AM","Hackney",,,86042,77780,76733,1047,8262,7728,534
"H","London",,,"00AN","Hammersmith and Fulham",,,75438,67457,66795,662,7981,7475,506
"H","London",,,"00AP","Haringey",,,92170,84156,82858,1298,8014,7289,725
"H","London",,,"00AQ","Harrow",,,79112,75567,75258,309,3545,3510,35
"H","London",,,"00AR","Havering",,,91722,86761,86504,257,4961,4918,43
"H","London",,,"00AS","Hillingdon",,,96643,92069,91776,293,4574,4542,32
"H","London",,,"00AT","Hounslow",,,83994,79099,78422,677,4895,4719,176
"H","London",,,"00AU","Islington",,,82281,76206,75465,741,6075,5679,396
"H","London",,,"00AW","Kensington and Chelsea",,,79146,70283,69245,1038,8863,7864,999
"H","London",,,"00AX","Kingston upon Thames",,,61426,57029,56522,507,4397,4040,357
"H","London",,,"00AY","Lambeth",,,118447,106269,105254,1015,12178,11279,899
"H","London",,,"00AZ","Lewisham",,,107412,97009,96368,641,10403,10133,270
"H","London",,,"00BA","Merton",,,78884,70823,70425,398,8061,7839,222
"H","London",,,"00BB","Newham",,,91821,83553,82891,662,8268,8045,223
"H","London",,,"00BC","Redbridge",,,92288,86125,85801,324,6163,6008,155
"H","London",,,"00BD","Richmond upon Thames",,,76146,70659,70208,451,5487,5231,256
"H","London",,,"00BE","Southwark",,,105806,98435,97849,586,7371,7141,230
"H","London",,,"00BF","Sutton",,,76402,70973,70577,396,5429,5343,86
"H","London",,,"00BG","Tower Hamlets",,,78530,74548,74199,349,3982,3896,86
"H","London",,,"00BH","Waltham Forest",,,89788,78776,78189,587,11012,10636,376
"H","London",,,"00BJ","Wandsworth",,,115653,106300,105458,842,9353,8627,726
"H","London",,,"00BK","Westminster",,,91172,81618,80740,878,9554,8751,803