DATASET_TITLE,"Local Units by Public/Private Status: Single/Multi Site, 2009",,,,,,,,,,FROM,Mar-2009,Mar-2009,Mar-2009,Mar-2009,Mar-2009,Mar-2009,Mar-2009,Mar-2009,Mar-2009
AREA_TYPE,Region,,,,,,,,,,TO,Mar-2009,Mar-2009,Mar-2009,Mar-2009,Mar-2009,Mar-2009,Mar-2009,Mar-2009,Mar-2009
GEO_HIERARCHY,NeSS Geography Hierarchy,,,,,,,,,,HEADING,All VAT and/or PAYE Based Local Units,Public,Public,Private - Multi Site,Private - Multi Site,Private - Single Site with 1 or Less Person Employed,Private - Single Site with 1 or Less Person Employed,Private - Single Site with More than 1 Person Employed,Private - Single Site with More than 1 Person Employed
,,,,,,,,,,,MEASUREMENT_UNIT,Count,Count,Percentage,Count,Percentage,Count,Percentage,Count,Percentage
,,,,,,,,,,,STATISTICAL_UNIT,Local Units,Local Units,Local Units,Local Units,Local Units,Local Units,Local Units,Local Units,Local Units
UK_CODE,UK_NAME,GB_CODE,GB_NAME,EW_CODE,EW_NAME,CTRY_CODE,CTRY_NAME,GOR_CODE,GOR_NAME,AREA_METADATA,,DATA_VALUE,DATA_VALUE,DATA_VALUE,DATA_VALUE,DATA_VALUE,DATA_VALUE,DATA_VALUE,DATA_VALUE,DATA_VALUE
"213","United Kingdom","078","Great Britain","727","England and Wales","064","England",,,,,2237555,82070,3.7,360750,16.1,703990,31.5,1090745,48.7
"213","United Kingdom","078","Great Britain","727","England and Wales","220","Wales",,,,,115515,6855,5.9,19815,17.2,29295,25.4,59550,51.6
"213","United Kingdom","078","Great Britain","727","England and Wales","064","England","A","North East",,,78075,4890,6.3,17750,22.7,17605,22.5,37830,48.5
"213","United Kingdom","078","Great Britain","727","England and Wales","064","England","B","North West",,,263775,11020,4.2,46795,17.7,74420,28.2,131540,49.9
"213","United Kingdom","078","Great Britain","727","England and Wales","064","England","D","Yorkshire and The Humber",,,191875,9710,5.1,34390,17.9,50310,26.2,97465,50.8
"213","United Kingdom","078","Great Britain","727","England and Wales","064","England","E","East Midlands",,,180215,9115,5.1,27560,15.3,51180,28.4,92360,51.2
"213","United Kingdom","078","Great Britain","727","England and Wales","064","England","F","West Midlands",,,216215,7820,3.6,36000,16.7,62500,28.9,109895,50.8
"213","United Kingdom","078","Great Britain","727","England and Wales","064","England","G","East of England",,,259125,8255,3.2,38470,14.8,84120,32.5,128280,49.5
"213","United Kingdom","078","Great Britain","727","England and Wales","064","England","H","London",,,401445,9535,2.4,58615,14.6,159290,39.7,174005,43.3
"213","United Kingdom","078","Great Britain","727","England and Wales","064","England","J","South East",,,402895,13115,3.3,62335,15.5,135530,33.6,191915,47.6
"213","United Kingdom","078","Great Britain","727","England and Wales","064","England","K","South West",,,243935,8610,3.5,38835,15.9,69035,28.3,127455,52.2