DATASET_TITLE,"National Curriculum Assessments at Key Stage 1 by Gender in England (Referenced by Location of Pupil Residence), 2008",,,,,,FROM,Sep-2007,Sep-2007,Sep-2007,Sep-2007,Sep-2007,Sep-2007,Sep-2007,Sep-2007,Sep-2007,Sep-2007,Sep-2007,Sep-2007,Sep-2007,Sep-2007,Sep-2007,Sep-2007,Sep-2007,Sep-2007
AREA_TYPE,Local Authority,,,,,,TO,Aug-2008,Aug-2008,Aug-2008,Aug-2008,Aug-2008,Aug-2008,Aug-2008,Aug-2008,Aug-2008,Aug-2008,Aug-2008,Aug-2008,Aug-2008,Aug-2008,Aug-2008,Aug-2008,Aug-2008,Aug-2008
GEO_HIERARCHY,NeSS Geography Hierarchy,,,,,,HEADING,Pupils Eligible for KS1 Assessment,Pupils Achieving Level 2+; in Reading,Pupils Achieving Level 2+; in Writing,Pupils Achieving Level 2+; in Mathematics,Pupils Achieving Level 2+; in Science,Average Point Score of Pupils Eligible for KS1 Assessment,Boy Pupils Eligible for KS1 Assessment,Boy Pupils Achieving Level 2+; in Reading,Boy Pupils Achieving Level 2+; in Writing,Boy Pupils Achieving Level 2+; in Mathematics,Boy Pupils Achieving Level 2+; in Science,Average Point Score of Boy Pupils Eligible for KS1 Assessment,Girl Pupils Eligible for KS1 Assessment,Girl Pupils Achieving Level 2+; in Reading,Girl Pupils Achieving Level 2+; in Writing,Girl Pupils Achieving Level 2+; in Mathematics,Girl Pupils Achieving Level 2+; in Science,Average Point Score of Girl Pupils Eligible for KS1 Assessment
,,,,,,,MEASUREMENT_UNIT,Count,Percentage,Percentage,Percentage,Percentage,Score,Count,Percentage,Percentage,Percentage,Percentage,Score,Count,Percentage,Percentage,Percentage,Percentage,Score
,,,,,,,STATISTICAL_UNIT,Persons,Persons,Persons,Persons,Persons,Persons,Persons,Persons,Persons,Persons,Persons,Persons,Persons,Persons,Persons,Persons,Persons,Persons
GOR_CODE,GOR_NAME,CTY_CODE,CTY_NAME,LA_CODE,LA_NAME,AREA_METADATA,,DATA_VALUE,DATA_VALUE,DATA_VALUE,DATA_VALUE,DATA_VALUE,DATA_VALUE,DATA_VALUE,DATA_VALUE,DATA_VALUE,DATA_VALUE,DATA_VALUE,DATA_VALUE,DATA_VALUE,DATA_VALUE,DATA_VALUE,DATA_VALUE,DATA_VALUE,DATA_VALUE
"A","North East",,,"00CH","Gateshead",,,1907,80,76,87,85,14.8,1002,75,70,86,83,14.4,905,86,82,89,88,15.2
"A","North East",,,"00CJ","Newcastle upon Tyne",,,2534,81,76,88,86,14.9,1293,76,71,86,86,14.6,1241,85,82,90,87,15.3
"A","North East",,,"00CK","North Tyneside",,,1986,87,81,92,89,15.5,1022,81,74,90,87,14.9,964,93,88,94,92,16.1
"A","North East",,,"00CL","South Tyneside",,,1454,81,77,89,88,14.9,747,77,71,87,86,14.5,707,87,84,90,89,15.4
"A","North East",,,"00CM","Sunderland",,,2908,82,76,88,84,14.8,1517,77,71,86,81,14.3,1391,87,83,91,88,15.2
"A","North East",,,"00EB","Hartlepool",,,1017,82,80,86,87,14.9,533,79,75,85,86,14.5,484,86,85,87,89,15.4
"A","North East",,,"00EC","Middlesbrough",,,1594,81,79,87,85,14.6,812,76,72,83,83,14,782,87,86,90,87,15.2
"A","North East",,,"00EE","Redcar and Cleveland",,,1499,80,76,87,88,14.6,756,75,68,84,86,14.2,743,85,83,89,89,15
"A","North East",,,"00EF","Stockton-on-Tees",,,1978,85,81,90,89,15.4,1017,82,77,90,88,15,961,89,86,90,90,15.8
"A","North East",,,"00EH","Darlington",,,1037,82,79,89,89,15.1,516,78,74,87,88,14.7,521,87,84,91,90,15.5
"A","North East",,,"00EJ","Durham",,,.,.,.,.,.,.,.,.,.,.,.,.,.,.,.,.,.,.
"A","North East",,,"00EM","Northumberland",,,.,.,.,.,.,.,.,.,.,.,.,.,.,.,.,.,.,.
"B","North West",,,"00BL","Bolton",,,3148,83,77,88,87,15,1637,79,72,87,86,14.6,1511,87,83,89,89,15.3
"B","North West",,,"00BM","Bury",,,2051,86,80,92,89,15.4,1050,83,75,91,87,15,1001,89,86,93,91,15.7
"B","North West",,,"00BN","Manchester",,,4929,77,71,85,82,14.3,2468,72,64,83,80,13.8,2461,82,78,87,85,14.8
"B","North West",,,"00BP","Oldham",,,2903,80,76,86,82,14.6,1497,75,69,83,79,14.1,1406,85,83,89,86,15.1
"B","North West",,,"00BQ","Rochdale",,,2508,82,77,88,86,14.7,1308,77,70,85,83,14.2,1200,88,84,90,88,15.2
"B","North West",,,"00BR","Salford",,,2210,84,79,88,87,15,1107,80,73,86,85,14.6,1103,87,85,90,89,15.5
"B","North West",,,"00BS","Stockport",,,2815,85,82,91,90,15.6,1422,81,77,89,89,15.2,1393,89,88,92,92,16
"B","North West",,,"00BT","Tameside",,,2363,83,80,90,87,14.9,1184,78,73,89,84,14.6,1179,88,86,91,90,15.3
"B","North West",,,"00BU","Trafford",,,2294,88,86,93,92,16,1137,84,80,91,90,15.7,1157,93,91,95,93,16.4
"B","North West",,,"00BW","Wigan",,,3402,85,80,92,90,15.3,1740,81,74,90,89,14.8,1662,90,87,93,92,15.8
"B","North West",,,"00BX","Knowsley",,,1749,81,77,88,86,14.8,919,76,71,86,85,14.5,830,86,83,89,88,15.1
"B","North West",,,"00BY","Liverpool",,,4411,82,77,90,86,15,2301,79,72,89,84,14.7,2110,84,83,90,87,15.4
"B","North West",,,"00BZ","St. Helens",,,1830,83,81,91,90,15.4,923,80,76,90,88,15.1,907,87,86,92,92,15.6
"B","North West",,,"00CA","Sefton",,,2707,84,79,90,90,15.3,1365,80,73,89,89,14.9,1342,88,86,92,90,15.6
"B","North West",,,"00CB","Wirral",,,3344,84,79,89,90,15,1742,81,74,88,89,14.7,1602,87,84,89,91,15.3
"B","North West",,,"00EQ","Cheshire East",,,.,.,.,.,.,.,.,.,.,.,.,.,.,.,.,.,.,.
"B","North West",,,"00ET","Halton",,,1475,81,78,88,87,15,722,75,71,86,83,14.4,753,87,84,90,90,15.5
"B","North West",,,"00EU","Warrington",,,2155,87,83,93,91,15.7,1111,85,79,92,91,15.4,1044,89,87,93,92,16
"B","North West",,,"00EW","Cheshire West and Chester",,,.,.,.,.,.,.,.,.,.,.,.,.,.,.,.,.,.,.
"B","North West",,,"00EX","Blackburn with Darwen",,,1975,81,77,88,87,14.8,996,77,71,87,86,14.5,979,85,83,89,89,15.2
"B","North West",,,"00EY","Blackpool",,,1437,80,77,90,90,15.1,708,76,70,89,88,14.7,729,84,83,91,91,15.5
"B","North West","16","Cumbria","16UB","Allerdale",,,908,87,84,92,91,15.6,448,81,78,91,91,15.2,460,92,90,93,92,15.9
"B","North West","16","Cumbria","16UC","Barrow-in-Furness",,,777,84,82,90,90,15.3,396,79,77,88,88,14.9,381,89,88,93,93,15.7
"B","North West","16","Cumbria","16UD","Carlisle",,,1054,83,83,89,88,15.2,514,77,77,87,85,14.6,540,88,89,92,90,15.7
"B","North West","16","Cumbria","16UE","Copeland",,,669,85,82,91,92,15.4,354,82,79,90,90,15.1,315,88,86,91,94,15.7
"B","North West","16","Cumbria","16UF","Eden",,,486,86,83,92,93,15.5,241,82,79,91,94,15.2,245,89,87,93,92,15.8
"B","North West","16","Cumbria","16UG","South Lakeland",,,832,89,86,92,95,15.9,410,86,83,92,94,15.6,422,92,89,93,96,16.1
"B","North West","30","Lancashire","30UD","Burnley",,,983,76,70,84,84,14.2,534,72,63,83,82,13.8,449,81,77,85,88,14.6
"B","North West","30","Lancashire","30UE","Chorley",,,1088,89,85,92,91,15.6,570,85,78,90,90,15.1,518,94,93,94,93,16.1
"B","North West","30","Lancashire","30UF","Fylde",,,660,89,84,93,95,16,349,86,78,92,94,15.6,311,92,91,95,95,16.5
"B","North West","30","Lancashire","30UG","Hyndburn",,,1000,79,74,85,81,14.5,493,76,68,84,81,14.2,507,81,79,86,81,14.9
"B","North West","30","Lancashire","30UH","Lancaster",,,1330,83,80,91,88,15.5,699,81,75,90,88,15.2,631,86,84,92,88,15.8
"B","North West","30","Lancashire","30UJ","Pendle",,,1087,78,71,85,80,14.2,556,73,64,83,79,13.8,531,83,78,87,82,14.7
"B","North West","30","Lancashire","30UK","Preston",,,1486,83,78,90,86,15.1,754,80,73,89,85,14.8,732,86,83,91,86,15.3
"B","North West","30","Lancashire","30UL","Ribble Valley",,,568,91,88,93,93,16.1,308,87,82,92,93,15.8,260,95,94,95,94,16.5
"B","North West","30","Lancashire","30UM","Rossendale",,,740,84,81,90,88,15.1,363,78,73,87,85,14.6,377,90,88,93,90,15.6
"B","North West","30","Lancashire","30UN","South Ribble",,,1125,87,84,93,92,15.7,571,83,78,91,90,15.2,554,91,90,95,93,16.2
"B","North West","30","Lancashire","30UP","West Lancashire",,,1159,85,83,91,91,15.8,597,81,78,90,91,15.5,562,88,88,93,91,16.1
"B","North West","30","Lancashire","30UQ","Wyre",,,971,87,81,91,92,15.6,496,83,74,90,91,15.1,475,91,87,93,93,16
"D","Yorkshire and The Humber",,,"00CC","Barnsley",,,2372,79,76,87,85,14.5,1206,75,71,86,83,14.2,1166,84,81,87,86,14.8
"D","Yorkshire and The Humber",,,"00CE","Doncaster",,,3131,82,77,89,87,15,1614,78,73,87,86,14.7,1517,87,82,92,89,15.3
"D","Yorkshire and The Humber",,,"00CF","Rotherham",,,2760,80,79,87,86,15.1,1418,76,74,86,85,14.7,1342,84,84,88,87,15.5
"D","Yorkshire and The Humber",,,"00CG","Sheffield",,,5346,80,77,87,84,14.9,2735,77,71,86,83,14.6,2611,84,82,88,86,15.2
"D","Yorkshire and The Humber",,,"00CX","Bradford",,,6687,79,75,84,82,14.4,3380,75,69,83,80,14,3307,84,81,86,85,14.8
"D","Yorkshire and The Humber",,,"00CY","Calderdale",,,2225,83,79,89,89,15.2,1155,79,74,87,87,14.8,1070,89,86,91,92,15.6
"D","Yorkshire and The Humber",,,"00CZ","Kirklees",,,4686,85,81,89,89,15.3,2366,80,75,87,87,15,2320,89,87,91,90,15.7
"D","Yorkshire and The Humber",,,"00DA","Leeds",,,7274,81,76,85,85,14.4,3724,77,71,84,83,14.1,3550,85,81,87,86,14.7
"D","Yorkshire and The Humber",,,"00DB","Wakefield",,,3307,84,79,90,89,15.3,1667,79,72,89,88,14.9,1640,88,85,90,90,15.6
"D","Yorkshire and The Humber",,,"00FA","Kingston upon Hull, City of",,,2712,74,69,83,84,14,1409,69,62,81,81,13.6,1303,80,76,84,86,14.5
"D","Yorkshire and The Humber",,,"00FB","East Riding of Yorkshire",,,3160,86,83,91,92,15.4,1625,83,77,90,90,15,1535,90,88,93,93,15.8
"D","Yorkshire and The Humber",,,"00FC","North East Lincolnshire",,,1651,83,77,86,87,14.7,846,78,70,84,84,14.2,805,88,86,89,90,15.3
"D","Yorkshire and The Humber",,,"00FD","North Lincolnshire",,,1764,84,78,88,88,14.9,890,79,72,85,85,14.4,874,88,85,91,91,15.3
"D","Yorkshire and The Humber",,,"00FF","York",,,1678,86,84,92,93,15.7,875,81,77,90,92,15.3,803,92,91,94,95,16.2
"D","Yorkshire and The Humber","36","North Yorkshire","36UB","Craven",,,542,92,88,95,93,16,276,89,83,94,92,15.7,266,94,92,96,93,16.3
"D","Yorkshire and The Humber","36","North Yorkshire","36UC","Hambleton",,,778,89,87,94,96,16,402,86,83,93,95,15.8,376,93,92,94,97,16.2
"D","Yorkshire and The Humber","36","North Yorkshire","36UD","Harrogate",,,1356,87,85,93,94,15.9,698,83,79,91,92,15.4,658,92,92,95,96,16.3
"D","Yorkshire and The Humber","36","North Yorkshire","36UE","Richmondshire",,,533,88,85,92,93,15.7,269,84,81,91,93,15.3,264,92,89,94,93,16
"D","Yorkshire and The Humber","36","North Yorkshire","36UF","Ryedale",,,414,85,82,90,91,15.4,206,82,75,89,90,15,208,89,88,91,91,15.9
"D","Yorkshire and The Humber","36","North Yorkshire","36UG","Scarborough",,,936,82,78,88,92,15,481,78,72,86,90,14.6,455,85,84,90,95,15.5
"D","Yorkshire and The Humber","36","North Yorkshire","36UH","Selby",,,787,85,80,90,91,15.2,387,79,73,87,89,14.9,400,90,86,94,93,15.6
"E","East Midlands",,,"00FK","Derby",,,2705,82,78,88,86,15,1416,77,71,86,85,14.7,1289,88,85,90,88,15.4
"E","East Midlands",,,"00FN","Leicester",,,3625,80,75,86,82,14.5,1894,77,70,86,80,14.2,1731,83,80,86,84,14.8
"E","East Midlands",,,"00FP","Rutland",,,311,86,85,93,94,15.5,164,83,79,91,93,15.2,147,90,92,94,95,15.8
"E","East Midlands",,,"00FY","Nottingham",,,2868,78,73,86,84,14.5,1469,73,66,84,82,14.1,1399,83,79,88,87,14.9
"E","East Midlands","17","Derbyshire","17UB","Amber Valley",,,1225,89,86,94,93,16,634,86,81,92,92,15.6,591,93,91,95,95,16.5
"E","East Midlands","17","Derbyshire","17UC","Bolsover",,,771,86,83,92,92,15.8,395,84,80,91,91,15.7,376,89,86,93,93,15.9
"E","East Midlands","17","Derbyshire","17UD","Chesterfield",,,969,89,88,94,93,16.2,506,87,85,93,92,15.9,463,92,91,95,93,16.5
"E","East Midlands","17","Derbyshire","17UF","Derbyshire Dales",,,641,89,88,93,94,16.3,324,86,85,93,94,16,317,92,90,93,95,16.5
"E","East Midlands","17","Derbyshire","17UG","Erewash",,,1064,88,84,92,91,16,553,83,78,91,89,15.6,511,92,90,95,93,16.5
"E","East Midlands","17","Derbyshire","17UH","High Peak",,,942,88,86,94,94,16.3,453,86,83,93,93,16,489,90,89,94,94,16.5
"E","East Midlands","17","Derbyshire","17UJ","North East Derbyshire",,,902,90,88,95,96,16.2,453,85,83,93,95,15.7,449,94,94,96,96,16.7
"E","East Midlands","17","Derbyshire","17UK","South Derbyshire",,,977,91,87,96,94,16.3,485,87,82,94,93,15.9,492,94,93,98,96,16.8
"E","East Midlands","31","Leicestershire","31UB","Blaby",,,1009,88,87,92,93,16,518,86,84,91,92,15.6,491,91,90,92,93,16.3
"E","East Midlands","31","Leicestershire","31UC","Charnwood",,,1541,87,84,92,92,15.7,767,82,78,90,90,15.4,774,92,91,94,94,16.1
"E","East Midlands","31","Leicestershire","31UD","Harborough",,,888,89,87,93,94,16.3,475,87,86,93,95,16.3,413,91,89,93,94,16.4
"E","East Midlands","31","Leicestershire","31UE","Hinckley and Bosworth",,,1061,88,85,91,92,15.9,526,83,79,88,90,15.5,535,92,91,94,94,16.3
"E","East Midlands","31","Leicestershire","31UG","Melton",,,484,87,84,91,94,15.9,259,84,80,90,94,15.8,225,90,88,92,93,16.1
"E","East Midlands","31","Leicestershire","31UH","North West Leicestershire",,,1005,85,80,90,90,15.5,510,82,76,89,89,15.3,495,88,85,91,91,15.7
"E","East Midlands","31","Leicestershire","31UJ","Oadby and Wigston",,,521,88,87,91,90,16,278,86,83,89,88,15.7,243,91,91,93,93,16.3
"E","East Midlands","32","Lincolnshire","32UB","Boston",,,593,76,72,82,83,13.9,302,69,62,80,78,13.4,291,84,82,85,87,14.5
"E","East Midlands","32","Lincolnshire","32UC","East Lindsey",,,1169,81,78,89,86,14.9,604,77,74,89,86,14.5,565,84,82,88,87,15.2
"E","East Midlands","32","Lincolnshire","32UD","Lincoln",,,867,79,78,88,86,15,462,76,74,87,84,14.7,405,83,82,90,89,15.4
"E","East Midlands","32","Lincolnshire","32UE","North Kesteven",,,1052,87,85,92,92,15.6,525,83,80,92,91,15.2,527,92,89,92,93,16
"E","East Midlands","32","Lincolnshire","32UF","South Holland",,,826,83,81,88,88,15.1,423,80,77,87,87,14.9,403,86,85,89,89,15.3
"E","East Midlands","32","Lincolnshire","32UG","South Kesteven",,,1316,86,83,92,91,15.6,670,80,78,91,89,15.3,646,91,89,93,92,16
"E","East Midlands","32","Lincolnshire","32UH","West Lindsey",,,876,85,82,90,88,15.2,454,80,75,88,85,14.7,422,91,89,93,91,15.7
"E","East Midlands","34","Northamptonshire","34UB","Corby",,,669,87,84,93,91,15.6,320,81,78,91,89,15.1,349,92,91,94,92,16.2
"E","East Midlands","34","Northamptonshire","34UC","Daventry",,,870,90,85,94,91,15.9,459,87,81,92,91,15.8,411,92,89,95,92,16
"E","East Midlands","34","Northamptonshire","34UD","East Northamptonshire",,,905,89,85,92,91,16,470,84,79,90,89,15.5,435,93,91,94,93,16.5
"E","East Midlands","34","Northamptonshire","34UE","Kettering",,,1049,88,84,92,91,15.6,520,84,79,91,92,15.3,529,91,89,93,91,15.9
"E","East Midlands","34","Northamptonshire","34UF","Northampton",,,2373,81,76,87,87,14.9,1192,76,71,86,86,14.5,1181,86,82,88,88,15.2
"E","East Midlands","34","Northamptonshire","34UG","South Northamptonshire",,,950,91,89,94,95,16.2,483,89,85,93,94,16,467,93,92,94,95,16.4
"E","East Midlands","34","Northamptonshire","34UH","Wellingborough",,,824,83,77,90,90,15.3,423,80,73,90,91,14.9,401,85,82,90,89,15.7
"E","East Midlands","37","Nottinghamshire","37UB","Ashfield",,,1174,83,76,89,89,15.1,591,76,68,86,87,14.7,583,89,85,92,92,15.6
"E","East Midlands","37","Nottinghamshire","37UC","Bassetlaw",,,1068,82,78,90,87,15.2,531,82,74,90,87,14.9,537,83,82,89,88,15.4
"E","East Midlands","37","Nottinghamshire","37UD","Broxtowe",,,924,86,84,93,92,16,478,82,78,92,91,15.5,446,91,90,94,93,16.6
"E","East Midlands","37","Nottinghamshire","37UE","Gedling",,,1091,87,83,92,90,15.7,577,84,77,91,89,15.4,514,90,89,93,91,16
"E","East Midlands","37","Nottinghamshire","37UF","Mansfield",,,1048,81,77,89,91,14.8,543,76,70,87,89,14.4,505,86,84,90,92,15.3
"E","East Midlands","37","Nottinghamshire","37UG","Newark and Sherwood",,,1197,84,81,91,91,15.6,610,79,76,90,90,15.2,587,89,86,93,93,16
"E","East Midlands","37","Nottinghamshire","37UJ","Rushcliffe",,,1077,92,88,95,95,16.3,534,91,83,96,95,16.2,543,94,92,95,95,16.5
"F","West Midlands",,,"00CN","Birmingham",,,13145,79,75,85,82,14.6,6678,75,69,83,80,14.2,6467,83,80,87,85,15
"F","West Midlands",,,"00CQ","Coventry",,,3433,80,74,86,86,14.7,1743,75,68,83,84,14.2,1690,85,81,89,88,15.1
"F","West Midlands",,,"00CR","Dudley",,,3391,81,79,87,88,15,1741,77,73,85,86,14.6,1650,86,85,88,90,15.5
"F","West Midlands",,,"00CS","Sandwell",,,3621,79,74,87,84,14.5,1800,75,69,86,82,14.2,1821,84,80,88,85,14.9
"F","West Midlands",,,"00CT","Solihull",,,2198,90,86,94,92,16.5,1131,88,82,93,92,16.2,1067,93,90,95,93,16.8
"F","West Midlands",,,"00CU","Walsall",,,3125,83,77,89,85,14.8,1572,79,71,87,82,14.4,1553,88,83,90,87,15.2
"F","West Midlands",,,"00CW","Wolverhampton",,,2751,81,76,87,85,14.8,1413,77,71,86,83,14.4,1338,85,81,88,87,15.2
"F","West Midlands",,,"00GA","Herefordshire, County of",,,1599,85,79,90,90,15.1,778,80,72,87,88,14.7,821,90,86,92,91,15.5
"F","West Midlands",,,"00GF","Telford and Wrekin",,,1798,85,80,90,88,15.4,930,83,76,90,87,15,868,87,85,91,90,15.9
"F","West Midlands",,,"00GG","Shropshire",,,.,.,.,.,.,.,.,.,.,.,.,.,.,.,.,.,.,.
"F","West Midlands",,,"00GL","Stoke-on-Trent",,,2670,76,72,83,82,14.2,1354,70,64,80,79,13.7,1316,82,80,86,86,14.7
"F","West Midlands","41","Staffordshire","41UB","Cannock Chase",,,1008,86,83,91,87,15.4,518,82,77,89,84,14.9,490,91,88,93,91,15.8
"F","West Midlands","41","Staffordshire","41UC","East Staffordshire",,,1237,89,85,93,92,15.8,623,86,82,92,91,15.5,614,92,89,94,93,16
"F","West Midlands","41","Staffordshire","41UD","Lichfield",,,966,87,83,93,93,15.7,475,83,76,91,91,15.3,491,92,89,95,95,16
"F","West Midlands","41","Staffordshire","41UE","Newcastle-under-Lyme",,,1145,86,82,90,91,15.4,564,82,76,89,90,14.9,581,90,88,92,93,15.8
"F","West Midlands","41","Staffordshire","41UF","South Staffordshire",,,930,90,85,93,93,16.2,474,86,80,92,91,15.8,456,94,91,95,95,16.7
"F","West Midlands","41","Staffordshire","41UG","Stafford",,,1164,90,87,94,93,16.1,584,86,83,93,93,15.6,580,94,92,96,94,16.6
"F","West Midlands","41","Staffordshire","41UH","Staffordshire Moorlands",,,894,89,85,94,93,16,473,85,80,92,91,15.5,421,93,91,95,95,16.5
"F","West Midlands","41","Staffordshire","41UK","Tamworth",,,895,87,84,93,93,15.5,463,83,79,92,91,15.2,432,91,90,93,95,15.8
"F","West Midlands","44","Warwickshire","44UB","North Warwickshire",,,625,90,88,94,94,15.9,321,88,85,93,94,15.6,304,92,91,95,93,16.2
"F","West Midlands","44","Warwickshire","44UC","Nuneaton and Bedworth",,,1406,86,82,90,88,15.4,671,81,75,87,85,14.9,735,90,88,93,91,15.9
"F","West Midlands","44","Warwickshire","44UD","Rugby",,,1022,88,87,93,90,16.1,515,83,82,91,88,15.7,507,92,91,94,93,16.5
"F","West Midlands","44","Warwickshire","44UE","Stratford-on-Avon",,,1153,88,85,93,93,15.8,575,85,81,92,93,15.5,578,90,88,94,94,16.2
"F","West Midlands","44","Warwickshire","44UF","Warwick",,,1149,87,85,91,90,15.9,598,83,80,90,90,15.6,551,91,90,92,91,16.4
"F","West Midlands","47","Worcestershire","47UB","Bromsgrove",,,952,89,88,93,94,16.5,481,87,85,92,93,16.3,471,91,92,93,95,16.7
"F","West Midlands","47","Worcestershire","47UC","Malvern Hills",,,622,87,84,92,91,15.9,329,84,78,89,90,15.5,293,90,90,94,92,16.2
"F","West Midlands","47","Worcestershire","47UD","Redditch",,,958,84,82,90,90,15.5,478,79,75,86,89,15.1,480,89,88,93,92,16
"F","West Midlands","47","Worcestershire","47UE","Worcester",,,1038,82,77,87,86,14.9,540,77,71,84,84,14.5,498,87,83,89,88,15.4
"F","West Midlands","47","Worcestershire","47UF","Wychavon",,,1129,88,86,91,91,16,603,84,82,90,90,15.6,526,93,90,94,93,16.5
"F","West Midlands","47","Worcestershire","47UG","Wyre Forest",,,907,81,77,86,87,14.8,450,76,70,84,86,14.5,457,86,84,88,88,15.2
"G","East of England",,,"00JA","Peterborough",,,2089,77,72,85,82,14.3,1081,73,66,84,81,14,1008,82,79,87,83,14.7
"G","East of England",,,"00KA","Luton",,,2557,85,82,89,85,15.3,1295,82,77,88,83,15,1262,88,87,90,87,15.6
"G","East of England",,,"00KB","Bedford",,,1677,88,87,92,90,15.8,835,85,83,90,90,15.6,842,90,90,94,90,16.1
"G","East of England",,,"00KC","Central Bedfordshire",,,.,.,.,.,.,.,.,.,.,.,.,.,.,.,.,.,.,.
"G","East of England",,,"00KF","Southend-on-Sea",,,1812,84,80,89,89,15.5,911,78,73,86,87,14.9,901,90,88,92,91,16
"G","East of England",,,"00KG","Thurrock",,,1793,81,76,88,86,14.8,943,76,70,86,83,14.4,850,87,84,90,89,15.2
"G","East of England","12","Cambridgeshire","12UB","Cambridge",,,847,83,77,89,88,15.1,453,80,73,87,87,15,394,86,82,91,89,15.4
"G","East of England","12","Cambridgeshire","12UC","East Cambridgeshire",,,744,85,82,91,90,15.6,391,80,75,88,87,15,353,90,89,95,94,16.2
"G","East of England","12","Cambridgeshire","12UD","Fenland",,,962,80,77,86,86,14.9,464,73,70,83,83,14.4,498,87,85,89,89,15.4
"G","East of England","12","Cambridgeshire","12UE","Huntingdonshire",,,1865,87,85,92,92,15.8,946,84,80,90,91,15.5,919,90,89,94,94,16.2
"G","East of England","12","Cambridgeshire","12UG","South Cambridgeshire",,,1484,87,83,92,91,15.8,752,82,76,91,90,15.5,732,91,90,93,92,16.1
"G","East of England","22","Essex","22UB","Basildon",,,1963,84,78,90,89,15.2,986,80,72,88,88,14.9,977,89,84,92,91,15.6
"G","East of England","22","Essex","22UC","Braintree",,,1559,87,84,91,92,15.7,809,83,79,89,90,15.3,750,91,90,93,94,16.1
"G","East of England","22","Essex","22UD","Brentwood",,,680,91,89,95,94,16.5,339,88,86,94,93,16.3,341,94,92,96,95,16.8
"G","East of England","22","Essex","22UE","Castle Point",,,898,86,80,92,91,15.4,452,81,73,90,89,14.9,446,91,88,93,94,15.9
"G","East of England","22","Essex","22UF","Chelmsford",,,1628,88,86,93,93,16.1,824,85,82,91,92,15.7,804,92,90,95,94,16.5
"G","East of England","22","Essex","22UG","Colchester",,,1685,85,80,90,91,15.4,869,80,73,88,89,15,816,91,87,93,94,15.9
"G","East of England","22","Essex","22UH","Epping Forest",,,1172,87,83,91,92,15.7,608,81,76,89,89,15.2,564,94,91,94,95,16.3
"G","East of England","22","Essex","22UJ","Harlow",,,958,80,75,88,88,14.9,465,74,67,86,86,14.6,493,84,82,90,90,15.3
"G","East of England","22","Essex","22UK","Maldon",,,651,85,79,89,94,15.5,347,78,70,86,92,14.9,304,93,89,92,96,16.2
"G","East of England","22","Essex","22UL","Rochford",,,874,89,85,94,93,16,438,85,79,92,90,15.4,436,93,90,96,96,16.6
"G","East of England","22","Essex","22UN","Tendring",,,1269,81,75,89,89,14.9,653,74,68,87,87,14.4,616,88,82,92,90,15.5
"G","East of England","22","Essex","22UQ","Uttlesford",,,790,91,88,94,93,16.2,395,88,84,92,91,15.9,395,93,91,95,94,16.5
"G","East of England","26","Hertfordshire","26UB","Broxbourne",,,1087,85,80,90,88,15.3,595,82,75,89,86,15,492,89,86,91,90,15.7
"G","East of England","26","Hertfordshire","26UC","Dacorum",,,1562,87,86,91,91,16.1,772,84,83,92,90,15.8,790,89,89,91,93,16.4
"G","East of England","26","Hertfordshire","26UD","East Hertfordshire",,,1453,90,88,93,93,16.3,718,86,84,91,93,16,735,93,92,94,94,16.5
"G","East of England","26","Hertfordshire","26UE","Hertsmere",,,1006,88,84,92,90,15.9,527,86,80,90,89,15.5,479,91,89,94,92,16.3
"G","East of England","26","Hertfordshire","26UF","North Hertfordshire",,,1403,90,88,94,94,16.2,707,86,83,93,93,15.9,696,94,93,96,96,16.6
"G","East of England","26","Hertfordshire","26UG","St Albans",,,1540,90,88,93,94,16.6,772,88,84,93,92,16.2,768,92,92,94,95,16.9
"G","East of England","26","Hertfordshire","26UH","Stevenage",,,956,87,82,92,90,15.7,494,85,78,91,89,15.3,462,89,86,93,92,16
"G","East of England","26","Hertfordshire","26UJ","Three Rivers",,,949,90,86,94,92,16.1,485,87,82,93,90,15.7,464,93,91,95,93,16.5
"G","East of England","26","Hertfordshire","26UK","Watford",,,949,82,78,88,87,15.3,488,77,71,86,84,15,461,87,86,90,89,15.7
"G","East of England","26","Hertfordshire","26UL","Welwyn Hatfield",,,1059,85,82,89,91,15.5,535,80,75,87,89,15,524,90,89,92,92,16.1
"G","East of England","33","Norfolk","33UB","Breckland",,,1249,85,80,90,90,15.2,614,81,74,89,90,15,635,89,86,90,90,15.5
"G","East of England","33","Norfolk","33UC","Broadland",,,1185,91,90,96,96,16.4,609,89,86,95,95,16.2,576,94,94,96,96,16.5
"G","East of England","33","Norfolk","33UD","Great Yarmouth",,,1001,83,81,89,88,15,516,78,74,87,84,14.6,485,89,87,90,91,15.4
"G","East of England","33","Norfolk","33UE","King's Lynn and West Norfolk",,,1408,83,78,89,88,14.9,701,79,71,86,86,14.6,707,87,84,91,90,15.1
"G","East of England","33","Norfolk","33UF","North Norfolk",,,753,83,80,90,90,15.3,395,79,73,89,90,15.1,358,89,87,91,89,15.5
"G","East of England","33","Norfolk","33UG","Norwich",,,1123,77,74,86,87,14.8,584,73,69,83,87,14.5,539,82,80,90,88,15.1
"G","East of England","33","Norfolk","33UH","South Norfolk",,,1124,90,89,93,94,16.1,570,87,86,93,94,15.9,554,92,93,94,95,16.3
"G","East of England","42","Suffolk","42UB","Babergh",,,842,87,84,93,93,15.8,444,84,80,92,92,15.5,398,91,89,94,95,16.2
"G","East of England","42","Suffolk","42UC","Forest Heath",,,468,83,82,89,91,15.6,226,80,76,88,92,15.3,242,87,87,90,90,15.9
"G","East of England","42","Suffolk","42UD","Ipswich",,,1262,81,77,89,89,15.1,646,76,69,86,88,14.6,616,87,85,91,90,15.5
"G","East of England","42","Suffolk","42UE","Mid Suffolk",,,959,88,86,92,93,15.9,508,84,81,91,91,15.6,451,92,91,94,95,16.1
"G","East of England","42","Suffolk","42UF","St Edmundsbury",,,1025,83,83,90,91,15.6,549,80,79,89,89,15.3,476,87,87,91,93,16
"G","East of England","42","Suffolk","42UG","Suffolk Coastal",,,1121,88,85,92,93,15.8,565,85,82,90,93,15.7,556,90,88,94,92,15.9
"G","East of England","42","Suffolk","42UH","Waveney",,,1105,85,81,91,90,15.3,542,79,73,88,88,14.7,563,90,89,93,93,15.9
"H","London",,,"00AA","City of London",,,26,100,100,100,100,16.9,13,100,100,100,100,16.7,13,100,100,100,100,17.1
"H","London",,,"00AB","Barking and Dagenham",,,2408,83,81,91,88,15,1195,80,77,89,86,14.6,1213,86,86,93,90,15.4
"H","London",,,"00AC","Barnet",,,3359,86,83,92,91,15.6,1716,83,78,90,90,15.4,1643,90,88,94,92,15.9
"H","London",,,"00AD","Bexley",,,2597,85,80,90,88,15.4,1310,82,75,89,87,15.1,1287,88,86,91,89,15.8
"H","London",,,"00AE","Brent",,,3028,79,74,85,83,14.6,1526,76,70,83,81,14.3,1502,82,79,87,85,14.9
"H","London",,,"00AF","Bromley",,,3133,86,82,92,91,15.6,1598,83,78,91,90,15.4,1535,89,87,92,93,15.9
"H","London",,,"00AG","Camden",,,1546,77,75,87,84,14.5,799,74,69,84,81,14.2,747,81,82,89,88,14.8
"H","London",,,"00AH","Croydon",,,3770,85,80,89,88,15.2,1865,81,76,88,86,14.9,1905,88,85,90,90,15.4
"H","London",,,"00AJ","Ealing",,,3381,83,76,88,83,14.8,1799,79,72,87,81,14.5,1582,87,81,89,85,15.1
"H","London",,,"00AK","Enfield",,,3497,83,80,90,89,15.1,1849,80,74,89,88,14.8,1648,86,85,91,91,15.4
"H","London",,,"00AL","Greenwich",,,2624,80,76,87,86,14.6,1402,76,71,86,84,14.3,1222,85,82,89,88,14.9
"H","London",,,"00AM","Hackney",,,2327,78,73,86,80,14.3,1171,75,67,85,78,14,1156,81,79,87,81,14.6
"H","London",,,"00AN","Hammersmith and Fulham",,,1213,81,75,86,85,14.7,648,78,70,87,84,14.4,565,84,80,85,85,14.9
"H","London",,,"00AP","Haringey",,,2537,81,74,87,86,14.6,1351,77,70,86,85,14.4,1186,85,79,88,86,14.9
"H","London",,,"00AQ","Harrow",,,2247,86,83,91,88,15.5,1167,83,79,91,86,15.3,1080,89,87,92,91,15.8
"H","London",,,"00AR","Havering",,,2455,88,85,92,92,15.7,1256,84,80,90,90,15.3,1199,91,91,94,94,16
"H","London",,,"00AS","Hillingdon",,,2957,85,80,90,90,15.3,1522,82,75,89,88,15,1435,89,85,92,92,15.7
"H","London",,,"00AT","Hounslow",,,2513,84,80,90,90,15.2,1297,82,75,90,89,14.9,1216,87,84,91,91,15.5
"H","London",,,"00AU","Islington",,,1709,80,75,85,81,14.4,855,75,68,83,80,14,854,84,83,88,83,14.9
"H","London",,,"00AW","Kensington and Chelsea",,,697,83,78,89,88,14.9,367,81,76,89,87,14.8,330,84,81,88,88,15
"H","London",,,"00AX","Kingston upon Thames",,,1448,87,85,92,92,16,717,85,83,91,92,15.8,731,89,87,92,93,16.2
"H","London",,,"00AY","Lambeth",,,2699,79,74,86,82,14.4,1384,74,68,84,79,14,1315,84,81,88,85,14.8
"H","London",,,"00AZ","Lewisham",,,2875,79,74,87,85,14.6,1510,74,67,85,82,14.1,1365,85,83,89,88,15.2
"H","London",,,"00BA","Merton",,,1859,82,75,89,88,15.1,958,77,69,87,86,14.7,901,87,82,92,91,15.4
"H","London",,,"00BB","Newham",,,3739,81,76,86,83,14.6,1939,77,72,85,82,14.3,1800,84,82,87,85,14.9
"H","London",,,"00BC","Redbridge",,,2998,87,84,92,88,15.6,1612,85,81,91,87,15.4,1386,89,88,92,90,15.9
"H","London",,,"00BD","Richmond upon Thames",,,1604,93,91,95,95,16.9,811,93,89,95,95,16.7,793,93,93,95,95,17.1
"H","London",,,"00BE","Southwark",,,2706,79,74,85,82,14.4,1383,75,68,83,78,13.9,1323,83,81,88,85,14.8
"H","London",,,"00BF","Sutton",,,1943,88,84,94,91,15.9,980,85,79,93,89,15.5,963,91,89,95,93,16.3
"H","London",,,"00BG","Tower Hamlets",,,2737,83,77,89,85,14.6,1406,80,71,87,83,14.3,1331,87,84,91,87,15
"H","London",,,"00BH","Waltham Forest",,,2852,81,76,88,85,14.6,1477,76,71,86,83,14.3,1375,86,81,89,87,14.9
"H","London",,,"00BJ","Wandsworth",,,2104,83,79,90,87,15.2,1056,79,73,88,86,14.8,1048,87,85,91,88,15.5
"H","London",,,"00BK","Westminster",,,1237,82,79,87,85,14.5,642,79,75,85,84,14.2,595,85,84,90,87,14.9
"J","South East",,,"00LC","Medway",,,2882,82,78,89,89,15,1516,77,71,87,87,14.5,1366,89,86,92,91,15.4
"J","South East",,,"00MA","Bracknell Forest",,,1203,86,83,91,91,15.4,624,82,78,88,88,15.1,579,91,89,93,95,15.8
"J","South East",,,"00MB","West Berkshire",,,1570,87,82,93,95,16,832,83,77,91,94,15.5,738,91,88,95,96,16.4
"J","South East",,,"00MC","Reading",,,1517,80,75,88,88,14.8,767,77,68,87,87,14.5,750,84,81,90,89,15.2
"J","South East",,,"00MD","Slough",,,1626,86,81,91,89,15.2,862,81,75,87,86,14.8,764,91,87,95,92,15.8
"J","South East",,,"00ME","Windsor and Maidenhead",,,1326,89,86,93,93,16.1,641,87,82,92,93,15.8,685,92,90,94,93,16.5
"J","South East",,,"00MF","Wokingham",,,1635,89,87,94,94,16.2,828,86,84,93,93,15.9,807,91,91,95,96,16.5
"J","South East",,,"00MG","Milton Keynes",,,2902,85,81,91,91,15.5,1461,81,77,90,90,15.1,1441,89,86,93,92,15.9
"J","South East",,,"00ML","Brighton and Hove",,,2293,84,81,91,89,15.6,1174,81,76,91,88,15.3,1119,88,87,92,90,15.9
"J","South East",,,"00MR","Portsmouth",,,1842,83,78,91,88,15.1,952,78,72,88,86,14.8,890,89,84,93,90,15.5
"J","South East",,,"00MS","Southampton",,,2075,81,76,89,90,15.1,1050,77,70,87,88,14.8,1025,85,82,90,91,15.4
"J","South East",,,"00MW","Isle of Wight",,,1253,91,90,95,96,16.4,671,88,86,95,96,16.2,582,94,94,96,96,16.7
"J","South East","11","Buckinghamshire","11UB","Aylesbury Vale",,,1891,89,86,93,93,16.1,1046,85,81,91,91,15.7,845,94,93,95,95,16.6
"J","South East","11","Buckinghamshire","11UC","Chiltern",,,922,92,88,95,94,16.4,463,89,85,94,93,16.2,459,94,91,95,95,16.6
"J","South East","11","Buckinghamshire","11UE","South Bucks",,,566,93,89,95,95,16.6,302,91,85,95,94,16.4,264,95,93,95,96,16.9
"J","South East","11","Buckinghamshire","11UF","Wycombe",,,1885,87,82,91,91,15.9,960,84,78,91,91,15.6,925,90,87,91,92,16.2
"J","South East","21","East Sussex","21UC","Eastbourne",,,905,81,75,88,88,15,454,78,69,86,88,14.7,451,84,81,90,88,15.3
"J","South East","21","East Sussex","21UD","Hastings",,,907,82,72,89,89,14.7,440,77,62,88,88,14.3,467,87,81,90,89,15.1
"J","South East","21","East Sussex","21UF","Lewes",,,890,86,79,93,90,15.4,465,82,73,91,89,15.1,425,90,86,95,92,15.8
"J","South East","21","East Sussex","21UG","Rother",,,706,81,78,88,90,15,356,77,73,88,89,14.8,350,84,83,89,91,15.2
"J","South East","21","East Sussex","21UH","Wealden",,,1336,86,82,92,94,15.6,694,83,77,90,92,15.3,642,90,88,93,95,15.9
"J","South East","24","Hampshire","24UB","Basingstoke and Deane",,,1745,89,87,94,94,16.1,881,85,83,92,92,15.8,864,92,92,95,95,16.5
"J","South East","24","Hampshire","24UC","East Hampshire",,,1116,89,85,93,93,16.1,566,86,81,92,92,15.7,550,93,89,93,94,16.5
"J","South East","24","Hampshire","24UD","Eastleigh",,,1159,88,85,92,94,16.1,608,83,80,91,93,15.8,551,93,90,94,95,16.5
"J","South East","24","Hampshire","24UE","Fareham",,,1127,90,87,94,94,16.2,591,86,82,92,93,15.7,536,94,93,96,96,16.7
"J","South East","24","Hampshire","24UF","Gosport",,,874,79,74,87,91,15,452,72,66,84,89,14.6,422,86,82,90,94,15.5
"J","South East","24","Hampshire","24UG","Hart",,,994,91,90,94,97,16.8,530,88,87,93,97,16.5,464,94,95,95,98,17.1
"J","South East","24","Hampshire","24UH","Havant",,,1227,79,75,90,89,15,600,73,68,89,87,14.7,627,85,81,92,91,15.3
"J","South East","24","Hampshire","24UJ","New Forest",,,1569,90,87,93,94,16.1,800,87,82,92,93,15.7,769,92,92,93,95,16.5
"J","South East","24","Hampshire","24UL","Rushmoor",,,1032,86,82,92,93,15.7,531,82,78,90,90,15.3,501,90,88,93,96,16.2
"J","South East","24","Hampshire","24UN","Test Valley",,,1143,86,85,91,93,15.8,586,81,80,90,91,15.5,557,92,90,92,95,16
"J","South East","24","Hampshire","24UP","Winchester",,,1025,89,87,92,93,16.2,518,87,84,93,93,16.2,507,91,91,92,93,16.2
"J","South East","29","Kent","29UB","Ashford",,,1320,86,83,91,91,15.6,694,82,77,89,90,15.2,626,90,88,93,93,16
"J","South East","29","Kent","29UC","Canterbury",,,1352,83,82,92,92,15.7,685,79,76,90,91,15.3,667,87,89,93,93,16.1
"J","South East","29","Kent","29UD","Dartford",,,1039,87,82,91,90,15.6,549,83,78,89,88,15.2,490,93,87,94,92,16
"J","South East","29","Kent","29UE","Dover",,,1079,79,74,88,88,14.9,559,75,68,86,87,14.6,520,83,81,89,90,15.2
"J","South East","29","Kent","29UG","Gravesham",,,1101,83,79,89,89,15.3,567,79,73,87,86,14.9,534,87,85,92,91,15.7
"J","South East","29","Kent","29UH","Maidstone",,,1598,87,83,91,90,15.9,818,83,77,90,88,15.5,780,91,88,92,91,16.3
"J","South East","29","Kent","29UK","Sevenoaks",,,1155,89,86,92,93,16.2,583,87,83,93,93,16.1,572,91,89,92,92,16.3
"J","South East","29","Kent","29UL","Shepway",,,1033,83,77,90,89,15.2,547,78,70,88,86,14.5,486,89,85,92,92,15.9
"J","South East","29","Kent","29UM","Swale",,,1452,81,75,88,89,15.3,735,77,69,87,88,14.8,717,86,82,89,91,15.7
"J","South East","29","Kent","29UN","Thanet",,,1340,78,73,86,84,14.6,681,71,64,83,83,14.2,659,84,81,88,86,15.1
"J","South East","29","Kent","29UP","Tonbridge and Malling",,,1265,86,84,94,93,16,599,82,77,93,93,15.5,666,89,89,94,93,16.3
"J","South East","29","Kent","29UQ","Tunbridge Wells",,,1091,85,81,90,91,15.6,555,81,75,88,89,15.1,536,89,87,93,92,16.1
"J","South East","38","Oxfordshire","38UB","Cherwell",,,1517,83,75,90,91,15.2,773,78,69,88,89,14.8,744,88,82,92,93,15.5
"J","South East","38","Oxfordshire","38UC","Oxford",,,1191,75,72,84,88,14.6,627,73,67,84,88,14.4,564,77,76,85,89,14.8
"J","South East","38","Oxfordshire","38UD","South Oxfordshire",,,1355,87,81,92,95,15.8,660,84,76,92,95,15.6,695,89,86,93,95,15.9
"J","South East","38","Oxfordshire","38UE","Vale of White Horse",,,1148,87,82,93,93,15.8,570,83,77,91,91,15.4,578,91,88,94,94,16.2
"J","South East","38","Oxfordshire","38UF","West Oxfordshire",,,1058,88,84,93,94,15.9,536,85,80,92,93,15.8,522,90,88,95,95,16
"J","South East","43","Surrey","43UB","Elmbridge",,,1096,88,85,93,93,16.6,577,87,82,93,93,16.4,519,89,88,93,93,16.9
"J","South East","43","Surrey","43UC","Epsom and Ewell",,,744,92,91,95,94,16.7,376,89,87,94,91,16.2,368,96,95,97,97,17.2
"J","South East","43","Surrey","43UD","Guildford",,,1131,88,86,92,94,16.4,590,85,81,91,94,16.1,541,92,91,93,95,16.7
"J","South East","43","Surrey","43UE","Mole Valley",,,764,89,86,94,95,16.4,391,86,82,93,93,16.1,373,93,90,95,96,16.7
"J","South East","43","Surrey","43UF","Reigate and Banstead",,,1270,88,85,93,92,16.1,620,84,80,91,90,15.7,650,91,90,94,94,16.5
"J","South East","43","Surrey","43UG","Runnymede",,,704,90,88,94,95,16.3,355,89,84,95,95,16.1,349,92,93,93,95,16.6
"J","South East","43","Surrey","43UH","Spelthorne",,,923,86,84,93,92,15.7,492,82,78,92,91,15.3,431,91,90,95,94,16.1
"J","South East","43","Surrey","43UJ","Surrey Heath",,,870,95,95,97,96,17.3,437,95,92,97,95,16.9,433,96,97,98,97,17.6
"J","South East","43","Surrey","43UK","Tandridge",,,711,86,82,90,92,15.8,370,80,76,88,90,15.3,341,93,89,92,94,16.4
"J","South East","43","Surrey","43UL","Waverley",,,1145,89,87,94,95,16.7,585,86,82,92,94,16.3,560,93,92,96,97,17
"J","South East","43","Surrey","43UM","Woking",,,1003,89,85,93,92,16.2,516,85,80,91,91,15.9,487,92,90,94,92,16.6
"J","South East","45","West Sussex","45UB","Adur",,,541,83,82,89,93,15.7,274,79,75,89,93,15.3,267,88,89,90,93,16.1
"J","South East","45","West Sussex","45UC","Arun",,,1324,83,81,91,90,15.5,650,80,75,91,90,15.2,674,87,87,92,91,15.8
"J","South East","45","West Sussex","45UD","Chichester",,,939,89,86,93,94,15.9,493,84,81,91,91,15.4,446,94,92,96,96,16.5
"J","South East","45","West Sussex","45UE","Crawley",,,1179,80,77,90,90,15.1,622,75,71,87,87,14.6,557,85,85,93,92,15.5
"J","South East","45","West Sussex","45UF","Horsham",,,1314,91,89,96,96,16.4,704,88,84,94,95,16,610,94,94,97,96,16.8
"J","South East","45","West Sussex","45UG","Mid Sussex",,,1316,88,86,93,94,15.9,694,83,80,91,93,15.4,622,93,91,95,96,16.3
"J","South East","45","West Sussex","45UH","Worthing",,,996,85,83,92,90,15.9,538,82,78,91,89,15.5,458,90,89,94,92,16.3
"K","South West",,,"00HA","Bath and North East Somerset",,,1525,88,85,93,93,15.9,781,85,80,91,92,15.5,744,92,90,94,95,16.3
"K","South West",,,"00HB","Bristol, City of",,,3923,82,78,87,88,15.1,2006,77,71,85,86,14.7,1917,86,84,89,90,15.5
"K","South West",,,"00HC","North Somerset",,,2031,87,82,92,93,15.8,1035,84,77,91,92,15.5,996,90,87,92,93,16.1
"K","South West",,,"00HD","South Gloucestershire",,,2720,87,83,91,92,15.4,1425,83,78,90,91,15.1,1295,91,89,93,93,15.8
"K","South West",,,"00HE","Cornwall",,,.,.,.,.,.,.,.,.,.,.,.,.,.,.,.,.,.,.
"K","South West",,,"00HF","Isles of Scilly",,,22,x,x,100,100,17.5,13,x,x,100,100,15.8,9,100,100,100,100,19.8
"K","South West",,,"00HG","Plymouth",,,2434,81,75,88,89,15,1265,77,69,86,88,14.6,1169,86,82,89,90,15.4
"K","South West",,,"00HH","Torbay",,,1093,80,78,86,86,14.9,552,74,71,84,85,14.5,541,86,85,89,88,15.2
"K","South West",,,"00HN","Bournemouth",,,1337,84,81,91,89,15.7,703,82,77,90,88,15.4,634,87,85,91,91,16
"K","South West",,,"00HP","Poole",,,1292,88,86,93,93,16.4,662,84,80,92,91,15.8,630,93,93,95,94,16.9
"K","South West",,,"00HX","Swindon",,,2257,82,78,89,88,15.4,1130,78,72,87,86,15,1127,87,84,91,90,15.9
"K","South West",,,"00HY","Wiltshire",,,.,.,.,.,.,.,.,.,.,.,.,.,.,.,.,.,.,.
"K","South West","18","Devon","18UB","East Devon",,,1118,86,82,89,91,15.4,590,83,78,89,90,15.3,528,89,86,90,91,15.6
"K","South West","18","Devon","18UC","Exeter",,,979,82,80,89,91,15.3,490,77,75,87,90,15,489,87,86,91,92,15.6
"K","South West","18","Devon","18UD","Mid Devon",,,785,85,79,91,92,15.1,416,81,72,90,92,14.7,369,89,87,93,91,15.5
"K","South West","18","Devon","18UE","North Devon",,,919,83,82,90,90,15.4,492,78,76,87,89,15.1,427,89,88,93,92,15.7
"K","South West","18","Devon","18UG","South Hams",,,789,86,83,91,91,15.3,411,82,78,90,91,15,378,90,88,91,92,15.6
"K","South West","18","Devon","18UH","Teignbridge",,,1200,87,83,92,90,15.5,605,83,77,91,89,15.3,595,91,89,92,92,15.7
"K","South West","18","Devon","18UK","Torridge",,,595,84,79,91,91,15.3,304,81,74,90,91,15,291,88,85,91,91,15.6
"K","South West","18","Devon","18UL","West Devon",,,483,87,79,93,94,15.5,245,84,71,91,93,14.9,238,91,87,95,95,16.1
"K","South West","19","Dorset","19UC","Christchurch",,,403,87,85,93,92,16.1,204,78,76,90,88,15.3,199,95,94,96,95,16.9
"K","South West","19","Dorset","19UD","East Dorset",,,778,92,90,96,97,16.7,408,88,86,95,96,16.4,370,95,94,96,98,17.1
"K","South West","19","Dorset","19UE","North Dorset",,,611,82,82,90,90,15.3,317,79,77,90,89,15.1,294,85,87,90,91,15.5
"K","South West","19","Dorset","19UG","Purbeck",,,410,90,88,94,95,16.2,230,90,87,94,95,16.1,180,91,88,94,96,16.2
"K","South West","19","Dorset","19UH","West Dorset",,,828,89,87,93,92,16,412,85,81,92,90,15.7,416,92,92,93,94,16.3
"K","South West","19","Dorset","19UJ","Weymouth and Portland",,,605,85,78,89,88,15.3,288,82,70,88,86,15,317,89,86,91,90,15.5
"K","South West","23","Gloucestershire","23UB","Cheltenham",,,933,87,83,93,90,16,472,83,78,91,89,15.6,461,90,89,95,92,16.3
"K","South West","23","Gloucestershire","23UC","Cotswold",,,739,90,90,94,93,16.2,351,86,85,93,92,15.8,388,94,94,96,95,16.4
"K","South West","23","Gloucestershire","23UD","Forest of Dean",,,818,84,81,90,89,15.1,449,80,76,89,88,14.7,369,89,88,92,91,15.6
"K","South West","23","Gloucestershire","23UE","Gloucester",,,1327,86,83,91,89,15.7,691,84,79,90,87,15.5,636,90,87,92,91,16
"K","South West","23","Gloucestershire","23UF","Stroud",,,1194,90,88,94,94,16,615,87,86,93,94,15.8,579,93,91,95,94,16.2
"K","South West","23","Gloucestershire","23UG","Tewkesbury",,,790,86,83,92,90,16,426,79,75,89,87,15.4,364,93,91,96,94,16.6
"K","South West","40","Somerset","40UB","Mendip",,,1057,85,82,91,90,15.4,542,80,76,89,88,15,515,90,90,93,93,15.9
"K","South West","40","Somerset","40UC","Sedgemoor",,,1197,85,83,92,90,15.4,608,82,75,90,89,15,589,89,90,93,92,15.9
"K","South West","40","Somerset","40UD","South Somerset",,,1573,85,83,90,91,15.3,774,80,77,89,90,14.9,799,89,89,92,91,15.8
"K","South West","40","Somerset","40UE","Taunton Deane",,,1016,85,81,91,91,15.2,512,82,76,90,91,14.9,504,89,86,92,91,15.5
"K","South West","40","Somerset","40UF","West Somerset",,,266,x,x,94,94,15.1,123,x,x,90,94,14.8,143,92,90,97,94,15.4