DATASET_TITLE,Tenure - Pensioners (UV45),,,,,,FROM,Apr-2001,Apr-2001,Apr-2001,Apr-2001,Apr-2001
AREA_TYPE,Local Authority,,,,,,TO,Apr-2001,Apr-2001,Apr-2001,Apr-2001,Apr-2001
GEO_HIERARCHY,NeSS Geography Hierarchy,,,,,,HEADING,All Households where HRP is of Pensionable Age,Owned,Rented from council,Other social rented,Private rented or Living rent free
,,,,,,,MEASUREMENT_UNIT,Count,Count,Count,Count,Count
,,,,,,,STATISTICAL_UNIT,Households,Households,Households,Households,Households
GOR_CODE,GOR_NAME,CTY_CODE,CTY_NAME,LA_CODE,LA_NAME,AREA_METADATA,,DATA_VALUE,DATA_VALUE,DATA_VALUE,DATA_VALUE,DATA_VALUE
"G","East of England",,,"00JA","Peterborough",,,16421,10656,3404,1200,1161
"G","East of England",,,"00KA","Luton",,,16344,11563,3188,551,1042
"G","East of England",,,"00KF","Southend-on-Sea",,,22480,16952,2683,658,2187
"G","East of England",,,"00KG","Thurrock",,,14317,9182,4220,179,736
"G","East of England","09","Bedfordshire","09UC","Mid Bedfordshire",,,11579,7878,1294,1456,951
"G","East of England","09","Bedfordshire","09UD","Bedford",,,15878,11547,228,2949,1154
"G","East of England","09","Bedfordshire","09UE","South Bedfordshire",,,11466,8284,2161,364,657
"G","East of England","12","Cambridgeshire","12UB","Cambridge",,,10836,6628,2617,777,814
"G","East of England","12","Cambridgeshire","12UC","East Cambridgeshire",,,8527,5801,181,1793,752
"G","East of England","12","Cambridgeshire","12UD","Fenland",,,11293,8279,1669,339,1006
"G","East of England","12","Cambridgeshire","12UE","Huntingdonshire",,,14674,10578,800,2326,970
"G","East of England","12","Cambridgeshire","12UG","South Cambridgeshire",,,13634,9625,2644,376,989
"G","East of England","22","Essex","22UB","Basildon",,,18566,12418,4582,848,718
"G","East of England","22","Essex","22UC","Braintree",,,14183,9213,3737,304,929
"G","East of England","22","Essex","22UD","Brentwood",,,9021,7084,1218,222,497
"G","East of England","22","Essex","22UE","Castle Point",,,10869,9531,716,120,502
"G","East of England","22","Essex","22UF","Chelmsford",,,16873,12339,3034,526,974
"G","East of England","22","Essex","22UG","Colchester",,,16809,12505,2663,629,1012
"G","East of England","22","Essex","22UH","Epping Forest",,,15060,10537,3114,382,1027
"G","East of England","22","Essex","22UJ","Harlow",,,8737,4447,3753,320,217
"G","East of England","22","Essex","22UK","Maldon",,,6606,5049,71,1102,384
"G","East of England","22","Essex","22UL","Rochford",,,10005,8222,969,395,419
"G","East of England","22","Essex","22UN","Tendring",,,25909,21301,1627,1168,1813
"G","East of England","22","Essex","22UQ","Uttlesford",,,7574,5158,1483,244,689
"G","East of England","26","Hertfordshire","26UB","Broxbourne",,,9563,7153,1819,212,379
"G","East of England","26","Hertfordshire","26UC","Dacorum",,,15166,9640,4549,391,586
"G","East of England","26","Hertfordshire","26UD","East Hertfordshire",,,12707,8890,1703,1034,1080
"G","East of England","26","Hertfordshire","26UE","Hertsmere",,,10895,8118,376,1815,586
"G","East of England","26","Hertfordshire","26UF","North Hertfordshire",,,13404,8401,3430,825,748
"G","East of England","26","Hertfordshire","26UG","St Albans",,,13859,10696,2105,285,773
"G","East of England","26","Hertfordshire","26UH","Stevenage",,,8206,4436,3186,318,266
"G","East of England","26","Hertfordshire","26UJ","Three Rivers",,,9837,7233,1818,344,442
"G","East of England","26","Hertfordshire","26UK","Watford",,,7722,5431,1750,186,355
"G","East of England","26","Hertfordshire","26UL","Welwyn Hatfield",,,12191,7287,3701,470,733
"G","East of England","33","Norfolk","33UB","Breckland",,,16459,11976,468,2573,1442
"G","East of England","33","Norfolk","33UC","Broadland",,,15715,12934,150,1472,1159
"G","East of England","33","Norfolk","33UD","Great Yarmouth",,,13175,9149,2523,311,1192
"G","East of England","33","Norfolk","33UE","King's Lynn and West Norfolk",,,20492,14886,2906,643,2057
"G","East of England","33","Norfolk","33UF","North Norfolk",,,17505,12905,2189,388,2023
"G","East of England","33","Norfolk","33UG","Norwich",,,15506,7311,6099,1195,901
"G","East of England","33","Norfolk","33UH","South Norfolk",,,15003,11236,2078,422,1267
"G","East of England","42","Suffolk","42UB","Babergh",,,10942,7995,1728,175,1044
"G","East of England","42","Suffolk","42UC","Forest Heath",,,6111,4105,1134,240,632
"G","East of England","42","Suffolk","42UD","Ipswich",,,14559,9353,3126,969,1111
"G","East of England","42","Suffolk","42UE","Mid Suffolk",,,10678,7703,1650,326,999
"G","East of England","42","Suffolk","42UF","St Edmundsbury",,,11473,7769,2362,467,875
"G","East of England","42","Suffolk","42UG","Suffolk Coastal",,,17024,12905,199,2447,1473
"G","East of England","42","Suffolk","42UH","Waveney",,,17446,12563,2346,1043,1494