DATASET_TITLE,Tenure - Pensioners (UV45),,,,FROM,Apr-2001,Apr-2001,Apr-2001,Apr-2001,Apr-2001
AREA_TYPE,County,,,,TO,Apr-2001,Apr-2001,Apr-2001,Apr-2001,Apr-2001
GEO_HIERARCHY,NeSS Geography Hierarchy,,,,HEADING,All Households where HRP is of Pensionable Age,Owned,Rented from council,Other social rented,Private rented or Living rent free
,,,,,MEASUREMENT_UNIT,Count,Count,Count,Count,Count
,,,,,STATISTICAL_UNIT,Households,Households,Households,Households,Households
GOR_CODE,GOR_NAME,CTY_CODE,CTY_NAME,AREA_METADATA,,DATA_VALUE,DATA_VALUE,DATA_VALUE,DATA_VALUE,DATA_VALUE
"G","East of England","09","Bedfordshire",,,38923,27709,3683,4769,2762
"G","East of England","12","Cambridgeshire",,,58964,40911,7911,5611,4531
"G","East of England","22","Essex",,,160212,117804,26967,6260,9181
"G","East of England","26","Hertfordshire",,,113550,77285,24437,5880,5948
"G","East of England","33","Norfolk",,,113855,80397,16413,7004,10041
"G","East of England","42","Suffolk",,,88233,62393,12545,5667,7628