DATASET_TITLE,"Dwelling Stock by Council Tax Band, 2003",,,,,,FROM,Mar-2003,Mar-2003,Mar-2003,Mar-2003,Mar-2003,Mar-2003,Mar-2003,Mar-2003,Mar-2003,Mar-2003,Mar-2003,Mar-2003,Mar-2003,Mar-2003,Mar-2003,Mar-2003,Mar-2003,Mar-2003,Mar-2003
AREA_TYPE,Local Authority,,,,,,TO,Mar-2003,Mar-2003,Mar-2003,Mar-2003,Mar-2003,Mar-2003,Mar-2003,Mar-2003,Mar-2003,Mar-2003,Mar-2003,Mar-2003,Mar-2003,Mar-2003,Mar-2003,Mar-2003,Mar-2003,Mar-2003,Mar-2003
GEO_HIERARCHY,NeSS Geography Hierarchy,,,,,,HEADING,Dwelling Stock by Council Tax Band; Total,Dwelling Stock by Council Tax Band; Band A,Dwelling Stock by Council Tax Band; Band A,Dwelling Stock by Council Tax Band; Band B,Dwelling Stock by Council Tax Band; Band B,Dwelling Stock by Council Tax Band; Band C,Dwelling Stock by Council Tax Band; Band C,Dwelling Stock by Council Tax Band; Band D,Dwelling Stock by Council Tax Band; Band D,Dwelling Stock by Council Tax Band; Band E,Dwelling Stock by Council Tax Band; Band E,Dwelling Stock by Council Tax Band; Band F,Dwelling Stock by Council Tax Band; Band F,Dwelling Stock by Council Tax Band; Band G,Dwelling Stock by Council Tax Band; Band G,Dwelling Stock by Council Tax Band; Band H,Dwelling Stock by Council Tax Band; Band H,Dwelling Stock by Council Tax Band; Band X; Unallocated,Dwelling Stock by Council Tax Band; Band X; Unallocated
,,,,,,,MEASUREMENT_UNIT,Count,Count,Percentage,Count,Percentage,Count,Percentage,Count,Percentage,Count,Percentage,Count,Percentage,Count,Percentage,Count,Percentage,Count,Percentage
,,,,,,,STATISTICAL_UNIT,Dwellings,Dwellings,Dwellings,Dwellings,Dwellings,Dwellings,Dwellings,Dwellings,Dwellings,Dwellings,Dwellings,Dwellings,Dwellings,Dwellings,Dwellings,Dwellings,Dwellings,Dwellings,Dwellings
GOR_CODE,GOR_NAME,CTY_CODE,CTY_NAME,LA_CODE,LA_NAME,AREA_METADATA,,DATA_VALUE,DATA_VALUE,DATA_VALUE,DATA_VALUE,DATA_VALUE,DATA_VALUE,DATA_VALUE,DATA_VALUE,DATA_VALUE,DATA_VALUE,DATA_VALUE,DATA_VALUE,DATA_VALUE,DATA_VALUE,DATA_VALUE,DATA_VALUE,DATA_VALUE,DATA_VALUE,DATA_VALUE
"F","West Midlands",,,"00CN","Birmingham",,,407872,159008,38.98,118391,29.03,67851,16.64,30733,7.53,17543,4.3,7868,1.93,5472,1.34,809,.2,197,.05
"F","West Midlands",,,"00CQ","Coventry",,,127960,53825,42.06,38118,29.79,20660,16.15,7993,6.25,3966,3.1,2055,1.61,1167,.91,169,.13,7,.01
"F","West Midlands",,,"00CR","Dudley",,,128820,40354,31.33,35978,27.93,27933,21.68,15149,11.76,6153,4.78,2201,1.71,937,.73,112,.09,3,0
"F","West Midlands",,,"00CS","Sandwell",,,122222,56533,46.25,40115,32.82,17278,14.14,5524,4.52,2202,1.8,471,.39,53,.04,34,.03,12,.01
"F","West Midlands",,,"00CT","Solihull",,,84774,14030,16.55,10629,12.54,20200,23.83,15339,18.09,10934,12.9,8520,10.05,4848,5.72,273,.32,1,0
"F","West Midlands",,,"00CU","Walsall",,,107264,49905,46.53,23845,22.23,16184,15.09,9211,8.59,5165,4.82,2187,2.04,708,.66,56,.05,3,0
"F","West Midlands",,,"00CW","Wolverhampton",,,102990,54963,53.37,21474,20.85,14977,14.54,6009,5.83,2894,2.81,1678,1.63,889,.86,103,.1,3,0
"F","West Midlands",,,"00GA","Herefordshire, County of",,,76405,11437,14.97,17831,23.34,15349,20.09,12199,15.97,10383,13.59,5769,7.55,3249,4.25,184,.24,4,.01
"F","West Midlands",,,"00GF","Telford and Wrekin",,,65202,25547,39.18,16975,26.03,9112,13.98,6960,10.67,3952,6.06,1786,2.74,824,1.26,46,.07,0,0
"F","West Midlands",,,"00GL","Stoke-on-Trent",,,109044,69011,63.29,20930,19.19,13151,12.06,3823,3.51,1540,1.41,416,.38,115,.11,47,.04,11,.01
"F","West Midlands","39","Shropshire","39UB","Bridgnorth",,,22269,3304,14.84,4840,21.73,5398,24.24,2866,12.87,2280,10.24,2110,9.48,1343,6.03,126,.57,2,.01
"F","West Midlands","39","Shropshire","39UC","North Shropshire",,,24667,4701,19.06,6103,24.74,4561,18.49,3772,15.29,3140,12.73,1595,6.47,747,3.03,48,.19,0,0
"F","West Midlands","39","Shropshire","39UD","Oswestry",,,16219,5012,30.9,4232,26.09,2719,16.76,2410,14.86,1430,8.82,294,1.81,106,.65,16,.1,0,0
"F","West Midlands","39","Shropshire","39UE","Shrewsbury and Atcham",,,42102,7219,17.15,13104,31.12,9767,23.2,5584,13.26,3528,8.38,1629,3.87,1190,2.83,77,.18,4,.01
"F","West Midlands","39","Shropshire","39UF","South Shropshire",,,18969,3192,16.83,3853,20.31,3782,19.94,3357,17.7,2788,14.7,1362,7.18,591,3.12,43,.23,1,.01
"F","West Midlands","41","Staffordshire","41UB","Cannock Chase",,,39158,13495,34.46,12267,31.33,6854,17.5,3993,10.2,1731,4.42,543,1.39,258,.66,16,.04,1,0
"F","West Midlands","41","Staffordshire","41UC","East Staffordshire",,,45148,16859,37.34,9168,20.31,7301,16.17,5164,11.44,3640,8.06,1893,4.19,1026,2.27,85,.19,12,.03
"F","West Midlands","41","Staffordshire","41UD","Lichfield",,,39538,5417,13.7,9084,22.98,9535,24.12,5591,14.14,4334,10.96,2855,7.22,2355,5.96,360,.91,7,.02
"F","West Midlands","41","Staffordshire","41UE","Newcastle-under-Lyme",,,52289,23624,45.18,9462,18.1,10390,19.87,3884,7.43,2424,4.64,1614,3.09,844,1.61,45,.09,2,0
"F","West Midlands","41","Staffordshire","41UF","South Staffordshire",,,43440,6454,14.86,9824,22.62,10421,23.99,6639,15.28,4709,10.84,2996,6.9,2203,5.07,189,.44,5,.01
"F","West Midlands","41","Staffordshire","41UG","Stafford",,,52983,11349,21.42,12209,23.04,11919,22.5,7991,15.08,5153,9.73,2850,5.38,1378,2.6,121,.23,13,.02
"F","West Midlands","41","Staffordshire","41UH","Staffordshire Moorlands",,,41129,9126,22.19,9790,23.8,10099,24.55,5768,14.02,3808,9.26,1747,4.25,743,1.81,36,.09,12,.03
"F","West Midlands","41","Staffordshire","41UK","Tamworth",,,30106,9098,30.22,10783,35.82,4885,16.23,3300,10.96,1549,5.15,397,1.32,90,.3,2,.01,2,.01
"F","West Midlands","44","Warwickshire","44UB","North Warwickshire",,,25866,6141,23.74,6673,25.8,5575,21.55,3535,13.67,2041,7.89,1158,4.48,673,2.6,64,.25,6,.02
"F","West Midlands","44","Warwickshire","44UC","Nuneaton and Bedworth",,,50939,19106,37.51,11774,23.11,11302,22.19,6126,12.03,1938,3.8,536,1.05,140,.27,15,.03,2,0
"F","West Midlands","44","Warwickshire","44UD","Rugby",,,38653,7592,19.64,9818,25.4,9521,24.63,4717,12.2,3525,9.12,2140,5.54,1248,3.23,88,.23,4,.01
"F","West Midlands","44","Warwickshire","44UE","Stratford-on-Avon",,,50320,3291,6.54,6748,13.41,14168,28.16,8573,17.04,7841,15.58,4715,9.37,4269,8.48,712,1.41,3,.01
"F","West Midlands","44","Warwickshire","44UF","Warwick",,,55798,4457,7.99,10265,18.4,15169,27.19,11352,20.34,6078,10.89,4564,8.18,3515,6.3,395,.71,3,.01
"F","West Midlands","47","Worcestershire","47UB","Bromsgrove",,,36922,3042,8.24,6620,17.93,8019,21.72,7122,19.29,6086,16.48,3254,8.81,2483,6.72,291,.79,5,.01
"F","West Midlands","47","Worcestershire","47UC","Malvern Hills",,,31881,3485,10.93,6624,20.78,6939,21.77,5195,16.29,4418,13.86,3090,9.69,2005,6.29,124,.39,1,0
"F","West Midlands","47","Worcestershire","47UD","Redditch",,,33159,7150,21.56,10914,32.91,6850,20.66,3919,11.82,2860,8.63,1080,3.26,368,1.11,18,.05,0,0
"F","West Midlands","47","Worcestershire","47UE","Worcester",,,40693,7517,18.47,13234,32.52,10453,25.69,4810,11.82,3056,7.51,1233,3.03,378,.93,11,.03,1,0
"F","West Midlands","47","Worcestershire","47UF","Wychavon",,,49060,5574,11.36,10021,20.43,10923,22.26,7444,15.17,6353,12.95,5041,10.28,3501,7.14,203,.41,0,0
"F","West Midlands","47","Worcestershire","47UG","Wyre Forest",,,42255,9842,23.29,10283,24.34,10619,25.13,5686,13.46,3061,7.24,1570,3.72,1081,2.56,112,.27,1,0