DATASET_TITLE,Number of Rooms (UV57),,,,,,FROM,Apr-2001,Apr-2001,Apr-2001,Apr-2001,Apr-2001,Apr-2001,Apr-2001,Apr-2001,Apr-2001
AREA_TYPE,Local Authority,,,,,,TO,Apr-2001,Apr-2001,Apr-2001,Apr-2001,Apr-2001,Apr-2001,Apr-2001,Apr-2001,Apr-2001
GEO_HIERARCHY,NeSS Geography Hierarchy,,,,,,HEADING,All Occupied Household Spaces,1 room,2 rooms,3 rooms,4 rooms,5 rooms,6 rooms,7 rooms,8 or more rooms
,,,,,,,MEASUREMENT_UNIT,Count,Count,Count,Count,Count,Count,Count,Count,Count
,,,,,,,STATISTICAL_UNIT,Households,Households,Households,Households,Households,Households,Households,Households,Households
GOR_CODE,GOR_NAME,CTY_CODE,CTY_NAME,LA_CODE,LA_NAME,AREA_METADATA,,DATA_VALUE,DATA_VALUE,DATA_VALUE,DATA_VALUE,DATA_VALUE,DATA_VALUE,DATA_VALUE,DATA_VALUE,DATA_VALUE
"D","Yorkshire and The Humber",,,"00CC","Barnsley",,,92165,305,933,5600,22261,33234,19214,5962,4656
"D","Yorkshire and The Humber",,,"00CE","Doncaster",,,118699,402,1208,6967,20318,41880,30110,9672,8142
"D","Yorkshire and The Humber",,,"00CF","Rotherham",,,102279,357,994,7159,19961,34974,25265,7934,5635
"D","Yorkshire and The Humber",,,"00CG","Sheffield",,,217622,1523,4476,20002,46985,70055,43964,16455,14162
"D","Yorkshire and The Humber",,,"00CX","Bradford",,,180246,1078,4181,16869,39223,50586,36190,15669,16450
"D","Yorkshire and The Humber",,,"00CY","Calderdale",,,80937,462,1907,8318,20501,20958,14918,6484,7389
"D","Yorkshire and The Humber",,,"00CZ","Kirklees",,,159031,965,4248,16338,37522,42258,30863,13165,13672
"D","Yorkshire and The Humber",,,"00DA","Leeds",,,301614,4017,7599,27144,70921,84176,58321,25361,24075
"D","Yorkshire and The Humber",,,"00DB","Wakefield",,,132212,534,1847,8708,32455,44086,26507,9855,8220
"D","Yorkshire and The Humber",,,"00FA","Kingston upon Hull, City of",,,104288,602,2253,9913,29995,34360,17865,5515,3785
"D","Yorkshire and The Humber",,,"00FB","East Riding of Yorkshire",,,131084,301,1312,6718,26241,34359,27955,14970,19228
"D","Yorkshire and The Humber",,,"00FC","North East Lincolnshire",,,66054,264,1002,4569,9198,20795,18743,6416,5067
"D","Yorkshire and The Humber",,,"00FD","North Lincolnshire",,,64014,185,578,3799,9993,18999,17427,6377,6656
"D","Yorkshire and The Humber",,,"00FF","York",,,76920,561,1462,5961,17078,21162,15582,7668,7446
"D","Yorkshire and The Humber","36","North Yorkshire","36UB","Craven",,,22680,76,398,1379,4505,5985,4698,2366,3273
"D","Yorkshire and The Humber","36","North Yorkshire","36UC","Hambleton",,,34688,90,329,1757,5674,7576,7337,4386,7539
"D","Yorkshire and The Humber","36","North Yorkshire","36UD","Harrogate",,,63077,379,859,4553,11607,13889,12635,7640,11515
"D","Yorkshire and The Humber","36","North Yorkshire","36UE","Richmondshire",,,18125,116,253,874,3373,4435,3734,2196,3144
"D","Yorkshire and The Humber","36","North Yorkshire","36UF","Ryedale",,,21451,83,207,999,4189,5355,4300,2493,3825
"D","Yorkshire and The Humber","36","North Yorkshire","36UG","Scarborough",,,46726,328,1034,4061,10483,11818,9366,4548,5088
"D","Yorkshire and The Humber","36","North Yorkshire","36UH","Selby",,,30836,104,325,1460,5509,8955,6189,3542,4752