DATASET_TITLE,"GCSE and Equivalent Results for Young People by Gender in England (Referenced by Location of Educational Institution), 2002/2003",,,,,,FROM,Sep-2002,Sep-2002,Sep-2002,Sep-2002,Sep-2002,Sep-2002,Sep-2002,Sep-2002,Sep-2002,Sep-2002,Sep-2002,Sep-2002,Sep-2002,Sep-2002,Sep-2002,Sep-2002,Sep-2002,Sep-2002
AREA_TYPE,Local Authority,,,,,,TO,Aug-2003,Aug-2003,Aug-2003,Aug-2003,Aug-2003,Aug-2003,Aug-2003,Aug-2003,Aug-2003,Aug-2003,Aug-2003,Aug-2003,Aug-2003,Aug-2003,Aug-2003,Aug-2003,Aug-2003,Aug-2003
GEO_HIERARCHY,NeSS Geography Hierarchy,,,,,,HEADING,15 Year Old Pupils; Total,All 15 Year Old Pupils Achieving 5+ A* - C,All 15 Year Old Pupils Achieving 5+ A* - G,All 15 Year Old Pupils with No Passes,Average GCSE and Equivalent Point Score Per Pupil,Average Capped GCSE and Equivalent Point Score Per Pupil,15 Year Old Boy Pupils; Total,15 Year Old Boy Pupils Achieving 5+ A* - C,15 Year Old Boy Pupils Achieving 5+ A* - G,15 Year Old Boy Pupils with No Passes,Average GCSE and Equivalent Point Score Per Boy Pupil,Average Capped GCSE and Equivalent Point Score Per Boy Pupil,15 Year Old Girl Pupils; Total,15 Year Old Girl Pupils Achieving 5+ A* - C,15 Year Old Girl Pupils Achieving 5+ A* - G,15 Year Old Girl Pupils with No Passes,Average GCSE and Equivalent Point Score Per Girl Pupil,Average Capped GCSE and Equivalent Point Score Per Girl Pupil
,,,,,,,MEASUREMENT_UNIT,Count,Percentage,Percentage,Percentage,Score,Score,Count,Percentage,Percentage,Percentage,Score,Score,Count,Percentage,Percentage,Percentage,Score,Score
,,,,,,,STATISTICAL_UNIT,Persons,Persons,Persons,Persons,Persons,Persons,Persons,Persons,Persons,Persons,Persons,Persons,Persons,Persons,Persons,Persons,Persons,Persons
GOR_CODE,GOR_NAME,CTY_CODE,CTY_NAME,LA_CODE,LA_NAME,AREA_METADATA,,DATA_VALUE,DATA_VALUE,DATA_VALUE,DATA_VALUE,DATA_VALUE,DATA_VALUE,DATA_VALUE,DATA_VALUE,DATA_VALUE,DATA_VALUE,DATA_VALUE,DATA_VALUE,DATA_VALUE,DATA_VALUE,DATA_VALUE,DATA_VALUE,DATA_VALUE,DATA_VALUE
"A","North East",,,"00CH","Gateshead",,,2193,59.8,87.1,5.8,44.3,34.7,1116,54.7,84.6,6.3,41.5,32.8,1077,65.1,89.8,5.2,47.2,36.6
"A","North East",,,"00CJ","Newcastle upon Tyne",,,2917,40,81.1,10,33.3,28.7,1485,33.3,77.5,12.1,29.9,26.1,1432,46.9,84.8,7.8,36.8,31.5
"A","North East",,,"00CK","North Tyneside",,,2287,48.2,90.7,6,39.1,33.3,1182,45.2,89.1,6.9,37.2,31.7,1105,51.5,92.5,5,41.2,35
"A","North East",,,"00CL","South Tyneside",,,2054,43.5,89.2,5,37.1,31.2,1035,39.3,89.2,5.4,34.9,29.9,1019,47.8,89.3,4.5,39.3,32.6
"A","North East",,,"00CM","Sunderland",,,3845,44.1,91,4.8,38.6,32.2,1913,37.8,89,5.4,35.3,29.9,1932,50.3,93,4.2,41.8,34.5
"A","North East",,,"00EB","Hartlepool",,,1303,46,89.4,6.1,39.7,31.9,662,41.1,87.8,7.6,36.5,29.7,641,51,91.1,4.5,43.1,34.2
"A","North East",,,"00EC","Middlesbrough",,,1924,38.8,82.8,8.7,33.8,28.9,964,34.1,80.3,10.8,31.1,26.9,960,43.5,85.3,6.6,36.5,30.9
"A","North East",,,"00EE","Redcar and Cleveland",,,2097,47,89.4,4.9,38.3,32.6,1093,40.8,86.8,6.2,35,30.3,1004,53.7,92.2,3.4,41.9,35.2
"A","North East",,,"00EF","Stockton-on-Tees",,,2473,47.1,88.2,5.2,38.9,32.6,1271,43,87.3,5.5,36.7,31.2,1202,51.4,89.2,4.8,41.3,34.2
"A","North East",,,"00EH","Darlington",,,1189,51,89.5,4.5,41.5,32.9,607,43.8,86.8,5.4,37.2,30.1,582,58.4,92.3,3.6,46.1,35.9
"A","North East","20","Durham","20UB","Chester-le-Street",,,639,53.5,90,4.5,40,34.8,317,49.8,88.6,5.1,37.7,32.8,322,57.1,91.3,4,42.4,36.8
"A","North East","20","Durham","20UD","Derwentside",,,925,40.7,83.1,8.4,32.9,29.4,468,34.8,79.7,10.7,29.9,26.8,457,46.6,86.7,6.1,36,32
"A","North East","20","Durham","20UE","Durham",,,996,52,87.5,6.4,40.4,34.8,480,46.7,85.2,7.1,37.5,32.7,516,57,89.5,5.8,43.1,36.8
"A","North East","20","Durham","20UF","Easington",,,1210,36.9,83.2,7.6,31.9,28,620,33.1,79,9,29.1,25.5,590,41,87.6,6.1,34.9,30.6
"A","North East","20","Durham","20UG","Sedgefield",,,1130,42,85.4,6.4,36.1,30.3,610,36.4,83.6,8.4,32.8,27.9,520,48.7,87.5,4,40,33.1
"A","North East","20","Durham","20UH","Teesdale",,,260,58.5,95.4,3.5,43.7,37.5,124,53.2,96,3.2,41.3,35.9,136,63.2,94.9,3.7,45.9,39
"A","North East","20","Durham","20UJ","Wear Valley",,,762,43.4,84.3,6.8,33.9,29.8,347,38.3,79.3,8.1,30.9,27.5,415,47.7,88.4,5.8,36.5,31.8
"A","North East","35","Northumberland","35UB","Alnwick",,,432,48.6,92.1,3,40.1,34.6,192,40.1,89.6,2.6,36.1,31.6,240,55.4,94.2,3.3,43.3,37.1
"A","North East","35","Northumberland","35UC","Berwick-upon-Tweed",,,191,68.6,92.2,4.7,52.4,37.4,103,62.1,93.2,4.9,50.3,36.6,88,76.1,90.9,4.6,54.8,38.3
"A","North East","35","Northumberland","35UD","Blyth Valley",,,949,48.8,85.9,7.1,39.1,31.9,489,42.7,84.3,8,36,29.7,460,55.2,87.6,6.1,42.4,34.2
"A","North East","35","Northumberland","35UE","Castle Morpeth",,,596,67.3,95.3,2.4,47.9,40.5,326,63.5,95.4,2.8,46.2,39.2,270,71.9,95.2,1.9,50,42.1
"A","North East","35","Northumberland","35UF","Tynedale",,,726,63.9,93.8,3.2,44.2,39.2,382,57.3,92.4,3.7,41.2,36.9,344,71.2,95.4,2.6,47.5,41.8
"A","North East","35","Northumberland","35UG","Wansbeck",,,947,42.8,91,4.8,36.8,31.8,484,40.1,90.9,4.3,35.1,30.6,463,45.6,91.1,5.2,38.6,33.1
"B","North West",,,"00BL","Bolton",,,3172,45.3,90,4,37.6,32.6,1599,40.3,88.9,4.4,35.5,31.1,1573,50.4,91,3.7,39.7,34.1
"B","North West",,,"00BM","Bury",,,2304,53,95,2,40.5,36.3,1170,50.3,93.9,2.1,38.9,35.1,1134,55.6,96,1.9,42.2,37.6
"B","North West",,,"00BN","Manchester",,,4492,39.7,79.1,11,32.6,28.1,2228,33.5,75.2,13.5,29.3,25.7,2264,45.7,83,8.4,35.9,30.5
"B","North West",,,"00BP","Oldham",,,3142,44.6,88.8,6,38,32,1620,38.2,87.9,6.2,35.1,29.9,1522,51.3,89.8,5.9,41,34.2
"B","North West",,,"00BQ","Rochdale",,,2676,41.3,87.4,5.8,36.2,30.8,1380,35.9,84.4,7.2,33.9,28.8,1296,47,90.6,4.3,38.7,32.8
"B","North West",,,"00BR","Salford",,,2488,36.6,87.1,4.9,32.6,29.1,1257,30.2,84.7,6.3,29.3,26.6,1231,43.1,89.7,3.6,35.9,31.7
"B","North West",,,"00BS","Stockport",,,3318,53.3,90.6,4.9,40,35.3,1661,48,89.8,4.8,37.7,33.5,1657,58.6,91.4,5.1,42.3,37.1
"B","North West",,,"00BT","Tameside",,,3002,46.2,90,5.1,37.5,32.6,1512,43.2,86.6,6.6,35,30.6,1490,49.3,93.5,3.6,40,34.7
"B","North West",,,"00BU","Trafford",,,2784,62.3,93.7,2.4,45.5,39,1428,59.9,92.9,2.7,44.3,37.7,1356,64.8,94.5,2.2,46.8,40.4
"B","North West",,,"00BW","Wigan",,,4063,50.9,91.9,3.2,40.2,34.8,2101,45,90.7,3.8,37.2,32.7,1962,57.3,93.1,2.5,43.4,37
"B","North West",,,"00BX","Knowsley",,,2066,33.5,76.7,13.9,29.7,25.3,1016,29.5,73.8,15.9,27.4,23.6,1050,37.4,79.5,12,31.9,27
"B","North West",,,"00BY","Liverpool",,,5777,41.3,84,8.2,34.8,29.7,2964,35.9,80.6,10.4,32.2,27.6,2813,47,87.5,6,37.6,32
"B","North West",,,"00BZ","St. Helens",,,2249,45,86.3,7.4,36,31.8,1107,41.5,83.7,8.5,33.8,30,1142,48.5,88.9,6.3,38.2,33.6
"B","North West",,,"00CA","Sefton",,,3755,52.9,90.8,3.8,41.8,34.5,1866,47.2,88.4,4.5,38.5,32.4,1889,58.4,93.2,3,45.1,36.6
"B","North West",,,"00CB","Wirral",,,4233,55.1,89,5.3,41.5,35.3,2135,50,87.7,6,39.4,33.4,2098,60.3,90.3,4.6,43.7,37.1
"B","North West",,,"00ET","Halton",,,1682,44.2,88.5,6.3,36.5,31.7,845,37.2,88.1,6.9,33.7,29.5,837,51.4,89,5.7,39.3,33.9
"B","North West",,,"00EU","Warrington",,,2495,56.3,92,3.5,41.3,35.6,1319,51.6,90.5,4.3,39.1,33.8,1176,61.5,93.6,2.6,43.8,37.5
"B","North West",,,"00EX","Blackburn with Darwen",,,1859,38.8,88.9,4.6,34.9,30.4,973,34.2,86.4,5.9,32.4,28.4,886,43.8,91.5,3.2,37.7,32.6
"B","North West",,,"00EY","Blackpool",,,1619,38.9,86.8,5.8,33.5,29.6,825,34.6,85.2,6.2,30.9,27.8,794,43.3,88.4,5.4,36.2,31.6
"B","North West","13","Cheshire","13UB","Chester",,,1307,57.9,94.3,3.1,42.2,37.4,637,52,93.9,3,39.7,35.3,670,63.6,94.8,3.3,44.7,39.3
"B","North West","13","Cheshire","13UC","Congleton",,,1105,68.6,95.5,2.9,47.7,41.1,456,59.4,93.4,4.2,43,37.8,649,75,96.9,2,50.9,43.5
"B","North West","13","Cheshire","13UD","Crewe and Nantwich",,,1138,55,91.7,3.9,42.6,35.7,617,50.1,90.8,4.1,39.8,33.8,521,60.8,92.7,3.7,46,38
"B","North West","13","Cheshire","13UE","Ellesmere Port & Neston",,,991,47.4,90.2,3.9,36.7,33.4,548,40.5,86.9,4.9,33.4,30.6,443,56,94.4,2.7,40.7,36.8
"B","North West","13","Cheshire","13UG","Macclesfield",,,1621,63.2,93,2.9,44.5,38.6,818,57.5,92.2,2.4,41.8,36.5,803,69.1,93.8,3.4,47.2,40.7
"B","North West","13","Cheshire","13UH","Vale Royal",,,1800,58.1,92,4.8,42.5,36.5,900,53.6,89.2,6.9,39.8,34.4,900,62.6,94.8,2.7,45.3,38.5
"B","North West","16","Cumbria","16UB","Allerdale",,,1155,58.2,89.3,4.9,43,35.7,595,56.6,87.1,5.7,40.9,34.3,560,59.8,91.6,4.1,45.3,37.2
"B","North West","16","Cumbria","16UC","Barrow-in-Furness",,,942,47.5,88.6,5.6,39.1,32.7,502,41,85.9,7.2,36,30.5,440,54.8,91.8,3.9,42.6,35.2
"B","North West","16","Cumbria","16UD","Carlisle",,,1281,48.2,86.3,8.6,39.7,32.6,651,41.9,83.6,9.8,36.4,30.2,630,54.6,89.1,7.3,43,35.2
"B","North West","16","Cumbria","16UE","Copeland",,,805,43.4,87,3.6,36.5,31.4,383,38.4,82.5,4.7,33.1,28.8,422,47.9,91,2.6,39.6,33.8
"B","North West","16","Cumbria","16UF","Eden",,,514,57.8,92.2,3.9,44.7,37.6,257,54.1,93.4,1.6,42.7,36.3,257,61.5,91.1,6.2,46.6,38.9
"B","North West","16","Cumbria","16UG","South Lakeland",,,1204,61.5,92,3.7,45,38.2,598,51,88,5.4,39.5,34.3,606,71.8,96,2.2,50.5,42.1
"B","North West","30","Lancashire","30UD","Burnley",,,1170,41.4,91.2,4.5,36.3,31.9,550,36,88.4,5.6,33.4,29.8,620,46.1,93.7,3.6,38.9,33.7
"B","North West","30","Lancashire","30UE","Chorley",,,1432,60.9,92.1,3.4,44.9,37.3,716,57.5,90.6,3.8,42.5,35.7,716,64.3,93.6,3.1,47.2,39
"B","North West","30","Lancashire","30UF","Fylde",,,654,63,93.1,4.4,44.5,38,319,57.1,92.5,4.7,42.1,36.5,335,68.7,93.7,4.2,46.8,39.5
"B","North West","30","Lancashire","30UG","Hyndburn",,,955,38.7,90.4,5.1,35,30.9,496,35.1,89.1,5.4,32.4,28.9,459,42.7,91.7,4.8,37.9,33.1
"B","North West","30","Lancashire","30UH","Lancaster",,,1542,56.9,90.1,3.6,43.5,36.6,788,52.8,87.6,4.3,41.1,34.7,754,61.1,92.7,2.9,46,38.7
"B","North West","30","Lancashire","30UJ","Pendle",,,1132,43.4,90.2,5.7,36.1,31.9,612,39.1,88.2,6.2,33.6,29.9,520,48.5,92.5,5,39.1,34.3
"B","North West","30","Lancashire","30UK","Preston",,,1388,46.8,87.6,7.6,38.2,32.5,696,41.1,87.1,7.8,34.9,30.4,692,52.6,88.2,7.5,41.4,34.7
"B","North West","30","Lancashire","30UL","Ribble Valley",,,827,72.4,95.9,2.4,49.7,42.2,425,68.7,95.3,3.1,47.3,40.7,402,76.4,96.5,1.7,52.1,43.8
"B","North West","30","Lancashire","30UM","Rossendale",,,918,51.9,93,2.9,41.2,36,474,49.2,90.9,4,39.4,34.6,444,54.7,95.3,1.8,43.1,37.5
"B","North West","30","Lancashire","30UN","South Ribble",,,1690,60.2,93.3,3.9,45.6,37.8,867,56.6,92,4.8,43.7,36.2,823,64,94.7,2.9,47.6,39.4
"B","North West","30","Lancashire","30UP","West Lancashire",,,1335,52.1,92.5,4.5,40.2,34.7,714,48.7,91.6,4.9,38.4,33.4,621,56,93.6,4,42.2,36.2
"B","North West","30","Lancashire","30UQ","Wyre",,,1315,54.8,91.3,4.5,40.5,35.4,702,50.4,89.9,5.4,38,33.5,613,59.7,93,3.4,43.3,37.5
"D","Yorkshire and The Humber",,,"00CC","Barnsley",,,2598,39.3,84.8,6.2,33.7,29.3,1312,32.4,79.9,8.3,29.9,26.3,1286,46.4,89.9,4,37.6,32.3
"D","Yorkshire and The Humber",,,"00CE","Doncaster",,,3801,40.2,84.2,7.5,34.6,29.9,1845,32.9,80.7,8.8,30.9,27,1956,47.1,87.5,6.2,38.1,32.7
"D","Yorkshire and The Humber",,,"00CF","Rotherham",,,3680,44.5,88.3,5.2,36.9,32.1,1919,40.5,85.9,6.4,34.4,30.2,1761,48.7,90.9,4,39.7,34.3
"D","Yorkshire and The Humber",,,"00CG","Sheffield",,,5619,43.3,85.4,8,36.8,31.3,2858,38.7,83.7,8.7,34,29.2,2761,48.1,87.1,7.4,39.7,33.5
"D","Yorkshire and The Humber",,,"00CX","Bradford",,,6013,39.6,84.2,7.7,34.2,29.5,3057,33.9,81,9.4,30.9,26.8,2956,45.5,87.6,5.9,37.6,32.2
"D","Yorkshire and The Humber",,,"00CY","Calderdale",,,2574,52.1,90.1,3.7,40.1,34.4,1261,46.6,89.1,4.4,37,32,1313,57.3,91,3.1,43.2,36.6
"D","Yorkshire and The Humber",,,"00CZ","Kirklees",,,4758,47.2,89.8,4.6,38,33,2430,43.3,89.1,4.8,36,31.5,2328,51.3,90.6,4.5,40.1,34.5
"D","Yorkshire and The Humber",,,"00DA","Leeds",,,8228,44.4,85.4,7.5,36.4,31.6,4232,40.1,83.2,8.8,33.9,29.6,3996,49,87.8,6.1,39.1,33.7
"D","Yorkshire and The Humber",,,"00DB","Wakefield",,,3976,45.7,89.6,5.1,37.6,32.3,1975,41.3,88.8,5.4,35.2,30.6,2001,50,90.4,4.7,39.9,34.1
"D","Yorkshire and The Humber",,,"00FA","Kingston upon Hull, City of",,,2755,33.2,80,9.5,30.4,26.1,1380,29.7,77.9,10.9,28.1,24.5,1375,36.7,82,8.1,32.6,27.8
"D","Yorkshire and The Humber",,,"00FB","East Riding of Yorkshire",,,4519,48.2,90.2,4.7,38.8,33.9,2295,42.8,88.8,5.3,36.1,32,2224,53.9,91.6,4.1,41.5,35.9
"D","Yorkshire and The Humber",,,"00FC","North East Lincolnshire",,,2219,35.2,87.2,6.1,34.5,29.2,1141,31.2,85.2,7.1,31.5,27.1,1078,39.5,89.2,5.1,37.6,31.4
"D","Yorkshire and The Humber",,,"00FD","North Lincolnshire",,,2080,46.9,90.4,3.6,38.1,32.8,1077,40.4,89.6,3.7,35.4,30.8,1003,53.8,91.2,3.4,41,34.9
"D","Yorkshire and The Humber",,,"00FF","York",,,1780,58.9,91.9,4.1,42.6,37.1,873,56.1,92,4.1,40.6,35.7,907,61.5,91.7,4.1,44.5,38.5
"D","Yorkshire and The Humber","36","North Yorkshire","36UB","Craven",,,783,62.3,93.1,3.5,45.1,39.4,411,55.7,90.3,4.4,41.9,36.4,372,69.6,96.2,2.4,48.7,42.8
"D","Yorkshire and The Humber","36","North Yorkshire","36UC","Hambleton",,,1109,60.9,91.9,4.2,44.6,37.8,583,55.8,90.9,4.5,41.9,35.9,526,66.5,93,4,47.5,40
"D","Yorkshire and The Humber","36","North Yorkshire","36UD","Harrogate",,,1813,66.7,92.3,3.4,47.6,39.8,952,62.5,90.8,4.3,44.8,37.8,861,71.3,94.1,2.3,50.6,41.9
"D","Yorkshire and The Humber","36","North Yorkshire","36UE","Richmondshire",,,511,52.6,94.1,2.4,40.7,35.7,252,48,93.3,2.8,38.7,34.2,259,57.1,95,1.9,42.6,37.2
"D","Yorkshire and The Humber","36","North Yorkshire","36UF","Ryedale",,,490,63.3,94.1,2.7,44,38.3,239,58.2,94.1,1.7,41.9,36.9,251,68.1,94,3.6,46.1,39.7
"D","Yorkshire and The Humber","36","North Yorkshire","36UG","Scarborough",,,1277,46.6,87.1,6.5,37.3,32.5,645,42.6,85.3,6.7,35.6,31,632,50.6,88.9,6.3,39.1,34.1
"D","Yorkshire and The Humber","36","North Yorkshire","36UH","Selby",,,1113,56.8,93.9,2.1,42.3,37,579,51.1,92.4,2.8,39,34.6,534,62.9,95.5,1.3,45.8,39.6
"E","East Midlands",,,"00FK","Derby",,,2790,48.8,88.4,4.7,38,33,1421,46,87.1,5.4,36.2,31.7,1369,51.8,89.7,3.9,39.9,34.3
"E","East Midlands",,,"00FN","Leicester",,,3469,42.8,84.5,6.3,35.5,30.7,1776,38.9,82.9,6.2,33.9,29,1693,47,86.1,6.5,37.2,32.4
"E","East Midlands",,,"00FP","Rutland",,,428,62.4,94.6,2.8,44,38.3,215,53.5,93,3.7,39.5,35.1,213,71.4,96.2,1.9,48.5,41.5
"E","East Midlands",,,"00FY","Nottingham",,,2796,37.3,79.3,10.2,32.6,27.8,1369,33.5,75.3,11.8,30.2,25.8,1427,41.1,83,8.7,35,29.6
"E","East Midlands","17","Derbyshire","17UB","Amber Valley",,,1479,55.5,90.5,4.4,41.6,35.1,739,49.1,88,5.8,38.3,32.7,740,61.9,93,3,44.9,37.6
"E","East Midlands","17","Derbyshire","17UC","Bolsover",,,788,36.8,88.3,4.6,32.8,29.4,426,31.2,86.9,4.2,30,27.2,362,43.4,90.1,5,36.1,32
"E","East Midlands","17","Derbyshire","17UD","Chesterfield",,,1401,51.7,92.1,5.1,39.2,34.7,717,46.9,89.5,6.4,36.3,32.4,684,56.7,94.7,3.7,42.2,37.1
"E","East Midlands","17","Derbyshire","17UF","Derbyshire Dales",,,798,63.4,92.5,2.8,44.4,38.7,406,56.2,90.6,3.2,41.3,36.5,392,70.9,94.4,2.3,47.6,41
"E","East Midlands","17","Derbyshire","17UG","Erewash",,,1180,55.6,93.1,2.9,42.8,35.8,577,50.1,92.2,3.1,40.3,34,603,60.9,94,2.7,45.2,37.6
"E","East Midlands","17","Derbyshire","17UH","High Peak",,,1122,50.6,91,3.9,39.5,34.5,566,41,89.6,4.6,35.4,31.4,556,60.4,92.5,3.2,43.6,37.6
"E","East Midlands","17","Derbyshire","17UJ","North East Derbyshire",,,938,57.4,94.1,2.7,43.7,36.5,473,51,93.9,2.8,41.3,34.4,465,63.9,94.4,2.6,46.1,38.7
"E","East Midlands","17","Derbyshire","17UK","South Derbyshire",,,810,54.4,93.2,3.3,42.4,36.1,411,48.7,93.7,2,39.8,34.2,399,60.4,92.7,4.8,45.2,38.1
"E","East Midlands","31","Leicestershire","31UB","Blaby",,,370,50.8,92.4,2.2,39.5,34.2,189,42.9,91.5,2.7,36.7,32.4,181,59.1,93.4,1.7,42.3,36.1
"E","East Midlands","31","Leicestershire","31UC","Charnwood",,,2032,50.3,89.3,5.5,41,34.3,1040,43.9,88.9,5.6,38.1,32.3,992,57.1,89.7,5.4,44,36.3
"E","East Midlands","31","Leicestershire","31UD","Harborough",,,998,66.7,93.2,2.6,48.3,39.1,520,61.5,91,3.7,45.3,37,478,72.4,95.6,1.5,51.6,41.3
"E","East Midlands","31","Leicestershire","31UE","Hinckley and Bosworth",,,1571,50.2,90.2,5.2,37.3,33.4,792,46.1,89.5,5.9,35.2,31.8,779,54.4,90.9,4.5,39.5,35.1
"E","East Midlands","31","Leicestershire","31UG","Melton",,,555,54.4,88.7,7.2,41.6,34.2,280,48.9,85.4,8.9,38.5,31.8,275,60,92,5.5,44.7,36.6
"E","East Midlands","31","Leicestershire","31UH","North West Leicestershire",,,810,54.4,90,5.8,41.5,34.3,425,46.4,86.4,8.2,36.8,30.9,385,63.4,94,3.1,46.7,38.2
"E","East Midlands","31","Leicestershire","31UJ","Oadby and Wigston",,,1031,60.8,93.9,3.5,47.2,37.8,498,55.4,92.4,4.8,43.9,35.3,533,65.9,95.3,2.3,50.3,40.2
"E","East Midlands","32","Lincolnshire","32UB","Boston",,,561,52.4,88.6,5.4,40.4,34.3,265,46.8,84.9,6,38.3,32.4,296,57.4,91.9,4.7,42.3,36
"E","East Midlands","32","Lincolnshire","32UC","East Lindsey",,,1480,49.9,87.7,6,40.4,33.8,768,44.3,83.9,7.2,36.8,30.9,712,55.9,91.9,4.6,44.4,36.9
"E","East Midlands","32","Lincolnshire","32UD","Lincoln",,,972,50.7,85.3,8.3,39.8,32.8,505,46.7,83.2,7.9,38,31,467,55,87.6,8.8,41.8,34.6
"E","East Midlands","32","Lincolnshire","32UE","North Kesteven",,,1284,61.8,95.8,1,45.5,38.4,666,57.2,94.3,1.2,42.5,36.3,618,66.8,97.4,.8,48.7,40.6
"E","East Midlands","32","Lincolnshire","32UF","South Holland",,,857,53.2,89.7,4.6,40,34.9,431,47.3,86.5,4.4,37.3,32.5,426,59.2,93,4.7,42.7,37.4
"E","East Midlands","32","Lincolnshire","32UG","South Kesteven",,,1407,64.4,93.7,3.2,47.1,38.5,695,60.4,93.1,2.6,45.6,37,712,68.3,94.2,3.8,48.6,39.9
"E","East Midlands","32","Lincolnshire","32UH","West Lindsey",,,1139,63,94.2,2.4,46.2,39.2,581,58.4,92.4,3.8,42.9,36.8,558,67.9,96.1,.9,49.8,41.6
"E","East Midlands","34","Northamptonshire","34UB","Corby",,,789,55.8,88.5,5.6,45.6,33,404,51.2,85.2,6.9,42.1,30.8,385,60.5,92,4.2,49.2,35.3
"E","East Midlands","34","Northamptonshire","34UC","Daventry",,,833,53.4,91.8,2.8,41,35.3,455,49.2,89.2,3.3,37.8,33,378,58.5,95,2.1,44.8,38.1
"E","East Midlands","34","Northamptonshire","34UD","East Northamptonshire",,,835,52.2,93.4,1.8,42.1,35.4,415,45.3,90.6,2.2,38.3,32.9,420,59.1,96.2,1.4,45.8,37.8
"E","East Midlands","34","Northamptonshire","34UE","Kettering",,,1109,54.1,86.4,8.9,41.6,34.8,568,49.8,82.9,10.4,38.7,32.7,541,58.6,90,7.4,44.7,37.1
"E","East Midlands","34","Northamptonshire","34UF","Northampton",,,2147,45,85.3,7.2,37.6,31.7,1100,40.9,82.5,8.6,34.5,29.7,1047,49.4,88.3,5.6,40.8,33.8
"E","East Midlands","34","Northamptonshire","34UG","South Northamptonshire",,,1250,59.3,94.6,1.8,45.7,38.3,646,53.7,93.5,1.7,43.1,36.5,604,65.2,95.7,2,48.4,40.2
"E","East Midlands","34","Northamptonshire","34UH","Wellingborough",,,855,44.3,80.8,9.8,37.7,30.8,454,39.2,78.2,9.9,35,28.6,401,50.1,83.8,9.7,40.6,33.2
"E","East Midlands","37","Nottinghamshire","37UB","Ashfield",,,1409,37,89,4.3,34,30.2,709,34.1,87,5.2,32.1,28.6,700,39.9,91,3.4,36,31.9
"E","East Midlands","37","Nottinghamshire","37UC","Bassetlaw",,,1234,43.3,85.9,6.4,36.3,31,643,37.2,82.7,8.6,33.3,28.8,591,49.9,89.3,4.1,39.5,33.5
"E","East Midlands","37","Nottinghamshire","37UD","Broxtowe",,,1366,50.4,91.4,4,40.8,34.7,700,42.1,90.3,3.9,38,32.6,666,59.2,92.6,4.2,43.8,36.9
"E","East Midlands","37","Nottinghamshire","37UE","Gedling",,,1618,48.2,88.8,5,37.8,33.2,830,43.6,87.2,5.4,35.6,31.6,788,52.9,90.5,4.6,40,34.9
"E","East Midlands","37","Nottinghamshire","37UF","Mansfield",,,1507,35.4,85.1,7.8,33.5,29,762,31.2,83.7,8.5,31.3,27.3,745,39.6,86.4,7,35.8,30.7
"E","East Midlands","37","Nottinghamshire","37UG","Newark and Sherwood",,,1110,46.8,88.4,5.1,38.6,32.8,565,41.4,84.1,7.4,35.7,30.6,545,52.3,92.8,2.8,41.7,35.1
"E","East Midlands","37","Nottinghamshire","37UJ","Rushcliffe",,,1282,63.2,93.9,2.7,45.8,39.1,661,58.9,92.7,2.9,43.8,37.5,621,67.8,95.2,2.6,48,40.8
"F","West Midlands",,,"00CN","Birmingham",,,12051,49.5,87.4,5.4,39.8,33,6110,44.2,84.9,6.6,36.6,30.6,5941,54.9,89.9,4.2,43.2,35.4
"F","West Midlands",,,"00CQ","Coventry",,,3625,46,86.3,7.1,37,31.8,1848,41.9,84.3,8.3,34.4,30,1777,50.3,88.5,5.9,39.7,33.7
"F","West Midlands",,,"00CR","Dudley",,,3961,50.9,91.5,3.8,40.5,34.3,2099,45.9,90.4,4,38.2,32.5,1862,56.6,92.8,3.5,43,36.3
"F","West Midlands",,,"00CS","Sandwell",,,3658,36,84.1,7.1,33.1,28.3,1868,30.7,81.2,8.6,30,26,1790,41.4,87.3,5.5,36.5,30.8
"F","West Midlands",,,"00CT","Solihull",,,3111,59.9,91.1,4.6,44.1,36.6,1549,54.7,89.4,5,41.4,34.5,1562,65,92.8,4.2,46.8,38.6
"F","West Midlands",,,"00CU","Walsall",,,3485,42.6,85.2,7,35.7,30.7,1798,36.5,82.7,7.5,32.7,28.3,1687,49.2,87.8,6.6,39,33.3
"F","West Midlands",,,"00CW","Wolverhampton",,,3083,47.2,85.6,6.9,37.7,31.9,1492,40.6,82.9,8.5,34.7,29.5,1591,53.4,88.2,5.5,40.5,34.1
"F","West Midlands",,,"00GA","Herefordshire, County of",,,1876,58.2,91.7,3.9,43.6,36.6,927,55.1,90.7,4.3,41.1,34.9,949,61.2,92.6,3.6,46,38.3
"F","West Midlands",,,"00GF","Telford and Wrekin",,,2158,50.4,89.9,4.8,43.3,33.8,1178,47.1,88,5.9,41,32.3,980,54.3,92,3.5,46.1,35.5
"F","West Midlands",,,"00GL","Stoke-on-Trent",,,2769,46.3,88.4,3.7,38.1,31.6,1376,40.4,86.5,3.3,35.1,29.6,1393,52.1,90.3,4,41.1,33.7
"F","West Midlands","39","Shropshire","39UB","Bridgnorth",,,713,64.7,94.7,1.4,46,38.6,345,64.4,93.6,1.5,44.7,37.6,368,65,95.7,1.4,47.2,39.5
"F","West Midlands","39","Shropshire","39UC","North Shropshire",,,696,55.9,91.1,2.7,43.2,36.6,361,47.7,88.9,3.6,39.6,34.1,335,64.8,93.4,1.8,47,39.3
"F","West Midlands","39","Shropshire","39UD","Oswestry",,,372,56.7,91.9,2.4,43.4,36.1,184,50,91.9,.5,41.5,34.8,188,63.3,92,4.3,45.3,37.4
"F","West Midlands","39","Shropshire","39UE","Shrewsbury and Atcham",,,1003,62.5,92.8,3.3,44.4,37.4,500,57.8,91.4,3.2,42.2,35.7,503,67.2,94.2,3.4,46.6,39.1
"F","West Midlands","39","Shropshire","39UF","South Shropshire",,,515,55.9,94.6,2.7,44.7,37.6,265,49.4,94.3,3.4,43.4,36.3,250,62.8,94.8,2,46.1,39
"F","West Midlands","41","Staffordshire","41UB","Cannock Chase",,,1307,45.3,88.1,7.7,37.1,32.2,642,38.5,85.1,9.7,33.8,29.6,665,51.9,91,5.9,40.2,34.7
"F","West Midlands","41","Staffordshire","41UC","East Staffordshire",,,1366,55.2,91.4,3.4,41.5,35.7,699,48.1,88.6,4.4,37.7,32.8,667,62.7,94.3,2.3,45.5,38.8
"F","West Midlands","41","Staffordshire","41UD","Lichfield",,,1020,54.7,90.3,5.6,42,35.7,558,50,87.5,7.7,39.2,33.2,462,60.4,93.7,3,45.5,38.6
"F","West Midlands","41","Staffordshire","41UE","Newcastle-under-Lyme",,,1389,47.7,90.7,4.7,37.5,33.2,702,43.9,87,7,34.6,30.9,687,51.5,94.5,2.3,40.5,35.4
"F","West Midlands","41","Staffordshire","41UF","South Staffordshire",,,1347,57.4,92.4,2.8,44.5,37.1,677,52.7,91.7,3.6,42.2,35.6,670,62.1,93,2.1,46.8,38.7
"F","West Midlands","41","Staffordshire","41UG","Stafford",,,1348,51.8,90.2,5,40.9,34.7,697,49.1,88.1,6.2,38.3,32.7,651,54.7,92.5,3.8,43.7,36.8
"F","West Midlands","41","Staffordshire","41UH","Staffordshire Moorlands",,,1347,59.7,95,2.2,44.7,37.6,675,53.3,94.4,2.1,41.5,35.2,672,66.1,95.5,2.4,48,40.1
"F","West Midlands","41","Staffordshire","41UK","Tamworth",,,1085,37.6,88.8,6.6,34.7,30.7,539,30.6,87.9,7.4,32,28.7,546,44.5,89.6,5.9,37.3,32.7
"F","West Midlands","44","Warwickshire","44UB","North Warwickshire",,,854,43,88.9,5.9,36.5,31.9,431,41.3,87,6,35,30.8,423,44.7,90.8,5.7,38.2,33.1
"F","West Midlands","44","Warwickshire","44UC","Nuneaton and Bedworth",,,1499,42.4,88.2,5.6,36.5,31.4,734,35.8,84.7,7.4,32.8,28.6,765,48.8,91.5,3.9,40,34
"F","West Midlands","44","Warwickshire","44UD","Rugby",,,1041,56.9,90.4,3.1,42.3,36.3,541,52.7,88.2,3.1,39.6,34.2,500,61.4,92.8,3,45.3,38.6
"F","West Midlands","44","Warwickshire","44UE","Stratford-on-Avon",,,1340,64.4,93.6,3.3,47.6,38.9,701,59.3,92.6,3.9,44.3,36.6,639,70,94.7,2.7,51.3,41.5
"F","West Midlands","44","Warwickshire","44UF","Warwick",,,1280,60.9,90.9,5.6,44.9,37.1,632,54.6,89.6,7.3,41.7,34.7,648,67,92.3,4,47.9,39.5
"F","West Midlands","47","Worcestershire","47UB","Bromsgrove",,,1211,59.1,93.3,4,46.6,37.8,659,51.9,91.2,4.7,42.6,35.3,552,67.8,95.8,3.1,51.5,40.8
"F","West Midlands","47","Worcestershire","47UC","Malvern Hills",,,802,57.2,91.9,4.7,43,36.9,395,48.9,89.9,5.8,38.5,33.8,407,65.4,93.9,3.7,47.3,40
"F","West Midlands","47","Worcestershire","47UD","Redditch",,,932,42.7,86.9,5.9,38.7,32,497,34.6,83.3,7.2,34.2,29,435,52,91,4.4,43.7,35.4
"F","West Midlands","47","Worcestershire","47UE","Worcester",,,997,47.2,86.8,6.5,38.3,32.5,502,42.2,84.7,8.6,35.5,30.5,495,52.3,88.9,4.4,41.2,34.6
"F","West Midlands","47","Worcestershire","47UF","Wychavon",,,1044,60.3,91.3,3.9,44.6,37.7,564,53.7,90.4,3.9,42.5,35.8,480,67.9,92.3,4,47,39.8
"F","West Midlands","47","Worcestershire","47UG","Wyre Forest",,,1008,43.1,87.5,5.1,36.9,32,510,37.7,85.7,6.5,34.1,29.8,498,48.6,89.4,3.6,39.8,34.3
"G","East of England",,,"00JA","Peterborough",,,2140,46.6,86,7.3,39.2,32.4,1046,40.6,84.4,8.3,36.3,30.3,1094,52.4,87.5,6.4,42,34.4
"G","East of England",,,"00KA","Luton",,,2390,41.5,88,4.6,37,30.8,1180,38.8,85.8,5.4,34.7,28.8,1210,44.1,90.3,3.9,39.2,32.7
"G","East of England",,,"00KF","Southend-on-Sea",,,1981,56.6,87.8,5.6,44.4,36.2,1023,53,86.9,6.1,42.5,34.5,958,60.5,88.8,5,46.3,38
"G","East of England",,,"00KG","Thurrock",,,1587,49.4,90.6,4.9,39.4,32.8,776,44.1,88.3,5.7,36.8,30.6,811,54.5,92.7,4.1,41.9,34.9
"G","East of England","09","Bedfordshire","09UC","Mid Bedfordshire",,,1479,57.9,92.9,3.5,45,36.8,760,52.2,92.2,3.4,42.4,34.9,719,63.8,93.6,3.6,47.7,38.8
"G","East of England","09","Bedfordshire","09UD","Bedford",,,1699,47.9,87.9,5.8,39,33.3,840,42.3,84.6,6.6,35.4,30.5,859,53.3,91,5.1,42.6,35.9
"G","East of England","09","Bedfordshire","09UE","South Bedfordshire",,,1404,46.8,89,4.2,37.7,32.9,736,40,85.1,5.7,33.8,29.6,668,54.3,93.3,2.5,41.9,36.5
"G","East of England","12","Cambridgeshire","12UB","Cambridge",,,763,52.8,89,5.2,41.2,35.2,389,48.6,87.2,6.9,38.9,33.4,374,57.2,90.9,3.5,43.6,37
"G","East of England","12","Cambridgeshire","12UC","East Cambridgeshire",,,789,59.4,93,3.2,43.8,37.3,375,50.4,90.9,2.7,39.6,34.2,414,67.6,94.9,3.6,47.5,40.1
"G","East of England","12","Cambridgeshire","12UD","Fenland",,,851,36.3,87,6.4,33.2,29.5,445,33.3,84,7.6,31.6,28.3,406,39.7,90.2,4.9,35,30.7
"G","East of England","12","Cambridgeshire","12UE","Huntingdonshire",,,1842,52.6,92.7,2.9,41.7,35.2,953,46.5,91.6,3,39,33.3,889,59.1,93.8,2.7,44.6,37.3
"G","East of England","12","Cambridgeshire","12UG","South Cambridgeshire",,,1382,67.3,94.4,2,47.7,40.3,704,61.7,93,2.4,44.7,38.1,678,73.2,95.7,1.5,50.8,42.6
"G","East of England","22","Essex","22UB","Basildon",,,1855,45.8,87.2,3.8,37.8,31.3,975,42,85.5,4.5,35.4,29.3,880,50,89,3.1,40.4,33.6
"G","East of England","22","Essex","22UC","Braintree",,,1338,51.1,92.6,3.7,41.2,34.9,652,45.7,90.2,5.1,38.2,32.5,686,56.1,94.9,2.5,44.1,37.1
"G","East of England","22","Essex","22UD","Brentwood",,,1304,64,95.4,2.2,47.9,39.1,627,55.8,93.5,3.2,44.4,36.5,677,71.5,97.2,1.3,51.1,41.4
"G","East of England","22","Essex","22UE","Castle Point",,,1258,52.3,93.7,2.6,41.2,35.1,652,49.1,91.7,2.9,39.2,33.4,606,55.8,95.9,2.3,43.5,37
"G","East of England","22","Essex","22UF","Chelmsford",,,2210,62.9,91.9,4.4,46.6,38.9,1138,55.8,88.2,6.5,42.8,36,1072,70.3,95.7,2.2,50.7,41.9
"G","East of England","22","Essex","22UG","Colchester",,,1927,58.1,90.1,5.1,44.1,36.9,997,51.4,87.1,6.6,40.4,34,930,65.3,93.4,3.4,48.1,39.9
"G","East of England","22","Essex","22UH","Epping Forest",,,1001,52,93.1,3.1,41.4,35.1,526,46,90.5,4.2,39,33.2,475,58.5,96,1.9,44,37.3
"G","East of England","22","Essex","22UJ","Harlow",,,1000,43.6,84.3,8.1,35.2,29.9,529,40.1,82.2,8.3,33.5,28.5,471,47.6,86.6,7.9,37.2,31.5
"G","East of England","22","Essex","22UK","Maldon",,,468,41.9,92.5,2.6,37.3,33.1,236,37.3,91.5,2.5,35.3,31.5,232,46.6,93.5,2.6,39.2,34.8
"G","East of England","22","Essex","22UL","Rochford",,,993,68.1,95.3,2.3,47.6,38.7,487,59.3,94.9,2.3,44.9,36.7,506,76.5,95.7,2.4,50.2,40.5
"G","East of England","22","Essex","22UN","Tendring",,,1460,47.7,83.8,7.2,37.4,31.5,757,41.7,81,8.9,34.3,29.1,703,54.2,86.8,5.4,40.9,34.1
"G","East of England","22","Essex","22UQ","Uttlesford",,,717,68.2,92.6,2.1,47.1,39.6,378,65.9,91.5,2.7,44.9,38,339,70.8,93.8,1.5,49.6,41.4
"G","East of England","26","Hertfordshire","26UB","Broxbourne",,,1178,51,90,3.6,40.7,33.8,621,45.4,88.2,5,37.9,31.8,557,57.3,91.9,2,43.8,36
"G","East of England","26","Hertfordshire","26UC","Dacorum",,,1569,50.4,90.2,4.1,40.3,34.7,801,45.4,88.9,3.9,37.7,32.9,768,55.5,91.5,4.3,43.1,36.7
"G","East of England","26","Hertfordshire","26UD","East Hertfordshire",,,1756,68.2,93.5,3.3,47.8,39.9,874,63.8,92.1,4.7,44.2,37.4,882,72.6,94.9,1.8,51.3,42.4
"G","East of England","26","Hertfordshire","26UE","Hertsmere",,,1217,53.1,88.7,3.9,40.2,35.1,654,45,85.5,4.9,36.3,31.9,563,62.5,92.5,2.7,44.7,39
"G","East of England","26","Hertfordshire","26UF","North Hertfordshire",,,1213,56.4,91.8,4.3,43.8,37.1,606,49.8,91.4,4.3,40.7,34.9,607,62.9,92.1,4.3,46.8,39.4
"G","East of England","26","Hertfordshire","26UG","St Albans",,,1960,66,92,3.2,46.1,39.8,982,58.9,90.1,4.1,42.2,37.1,978,73.2,93.9,2.4,49.9,42.5
"G","East of England","26","Hertfordshire","26UH","Stevenage",,,1223,43,85.5,7,35.7,31.3,642,37.7,83,7.2,33,29.2,581,48.9,88.3,6.9,38.6,33.6
"G","East of England","26","Hertfordshire","26UJ","Three Rivers",,,919,76.6,94.5,2.6,52.6,42.1,478,70.3,93.9,3.4,49.1,40,441,83.5,95,1.8,56.4,44.4
"G","East of England","26","Hertfordshire","26UK","Watford",,,603,64.8,93,3.8,48.6,41.2,303,60.4,90.1,6.3,46.3,38,300,69.3,96,1.3,51,44.4
"G","East of England","26","Hertfordshire","26UL","Welwyn Hatfield",,,910,50.4,89.5,5.6,39.8,34.2,381,44.4,84.8,8.1,36.2,31.3,529,54.8,92.8,3.8,42.4,36.2
"G","East of England","33","Norfolk","33UB","Breckland",,,1220,47.3,88.7,3.5,37.9,33.4,631,41.2,88.4,3.8,35.7,31.7,589,53.8,89,3.2,40.3,35.2
"G","East of England","33","Norfolk","33UC","Broadland",,,1453,52.2,90.4,4.1,40.2,34.8,759,45.1,89.6,4.2,37.4,32.6,694,60.1,91.4,3.9,43.3,37.2
"G","East of England","33","Norfolk","33UD","Great Yarmouth",,,1146,47.6,88,4.9,39.1,32.6,588,44.7,86.2,5.1,36.8,31,558,50.7,89.8,4.7,41.6,34.4
"G","East of England","33","Norfolk","33UE","King's Lynn and West Norfolk",,,1473,46.2,86,5.6,36.1,32.1,765,38.4,83,7.1,32.5,29.3,708,54.7,89.3,4.1,40,35.1
"G","East of England","33","Norfolk","33UF","North Norfolk",,,1012,48.8,92.5,4.6,39.8,34,510,43.1,91,5.1,37.1,31.8,502,54.6,94,4.2,42.5,36.2
"G","East of England","33","Norfolk","33UG","Norwich",,,1125,44.4,84.2,8,36.1,31.1,545,36.7,82.4,9.4,31.9,27.8,580,51.7,85.9,6.7,40.2,34.1
"G","East of England","33","Norfolk","33UH","South Norfolk",,,1341,63.9,96.3,1.4,46.2,39.5,686,58.8,95.9,1.2,43.8,37.7,655,69.3,96.6,1.7,48.7,41.4
"G","East of England","42","Suffolk","42UB","Babergh",,,893,59.1,93.5,2.5,43.6,37.7,455,52.5,91.9,2.2,40.7,35.6,438,66,95.2,2.7,46.7,39.9
"G","East of England","42","Suffolk","42UC","Forest Heath",,,394,56.9,91.1,3.8,44.7,35,208,52.4,89.4,4.3,42.3,33.4,186,61.8,93,3.2,47.3,36.9
"G","East of England","42","Suffolk","42UD","Ipswich",,,1632,49.5,86.1,6.6,38.3,33.2,808,46.9,83.9,7.6,35.8,31.3,824,51.9,88.2,5.6,40.7,35
"G","East of England","42","Suffolk","42UE","Mid Suffolk",,,1173,63,95.2,2.3,45.2,39.1,622,59,95.7,2.1,43.1,37.6,551,67.5,94.7,2.5,47.7,40.9
"G","East of England","42","Suffolk","42UF","St Edmundsbury",,,1024,59.8,93.1,3.9,44.5,37.4,539,57.5,93.5,3.5,43.7,36.7,485,62.3,92.6,4.3,45.3,38.3
"G","East of England","42","Suffolk","42UG","Suffolk Coastal",,,1129,65,94.3,2.1,46.2,39.3,588,57.7,93,2.4,42.5,36.5,541,73,95.8,1.9,50.3,42.3
"G","East of England","42","Suffolk","42UH","Waveney",,,1392,50.9,88.4,7,40.5,33.6,704,46,86.8,7.8,38,31.9,688,55.8,90,6.3,43.1,35.4
"H","London",,,"00AA","City of London",,,.,.,.,.,.,.,.,.,.,.,.,.,.,.,.,.,.,.
"H","London",,,"00AB","Barking and Dagenham",,,1770,49.3,90.5,5,39.2,32.5,938,45.1,89.5,4.7,37.3,31.2,832,54,91.6,5.4,41.2,34
"H","London",,,"00AC","Barnet",,,3486,59.8,90.6,4.8,45,38.1,1835,54.7,89.4,5.9,41.9,36.1,1651,65.5,91.9,3.6,48.4,40.5
"H","London",,,"00AD","Bexley",,,2974,54.2,92.6,3.4,42.1,35.6,1519,50.8,91.1,4.3,39.7,33.8,1455,57.7,94.2,2.3,44.5,37.5
"H","London",,,"00AE","Brent",,,2646,50.7,89.8,4,39.5,34,1370,46.4,86.6,5,36.7,31.8,1276,55.3,93.1,2.9,42.5,36.4
"H","London",,,"00AF","Bromley",,,3385,58.8,91.8,3.5,44.9,37.3,1647,55.7,90.3,3.6,43.2,35.6,1738,61.8,93.2,3.4,46.4,39
"H","London",,,"00AG","Camden",,,1420,49.9,89.7,4.7,39,34.4,557,40.4,85.1,6.6,33.5,30,863,56.1,92.6,3.5,42.5,37.2
"H","London",,,"00AH","Croydon",,,3493,48.5,88.8,4.4,39.3,33.4,1750,41.2,85,5.7,34.7,30.1,1743,55.9,92.5,3.1,43.8,36.6
"H","London",,,"00AJ","Ealing",,,2681,54.3,92.8,3.4,42.8,35.6,1361,50.1,91,4,40.1,33.5,1320,58.6,94.7,2.7,45.5,37.7
"H","London",,,"00AK","Enfield",,,3361,48.5,90.3,4.5,39.2,34.4,1721,44.3,89.3,4.7,37.5,33.1,1640,52.9,91.3,4.3,40.9,35.9
"H","London",,,"00AL","Greenwich",,,2351,35.7,85.7,6.4,33.7,29.1,1152,30.7,82.1,8.3,30.5,26.5,1199,40.5,89.1,4.6,36.9,31.6
"H","London",,,"00AM","Hackney",,,1403,39.2,89,5.1,34.8,30.5,575,30.3,85.9,7.8,30.3,26.6,828,45.4,91.2,3.1,37.9,33.3
"H","London",,,"00AN","Hammersmith and Fulham",,,1129,51.6,89.3,3.7,40.8,34.9,544,47.6,86.6,4.2,38.4,32.8,585,55.4,91.8,3.3,43,36.9
"H","London",,,"00AP","Haringey",,,1981,39,82,9.7,33.3,29.4,1048,33.8,79.2,10.6,30.9,27.4,933,44.9,85.1,8.7,36.1,31.6
"H","London",,,"00AQ","Harrow",,,2129,57.8,90.6,3.8,43.1,36.9,1066,52.2,88.8,4.5,40.5,34.8,1063,63.4,92.3,3.1,45.7,39.1
"H","London",,,"00AR","Havering",,,2870,60.8,93.7,3.2,46.1,37.7,1477,56.1,91.8,4.3,44.3,36,1393,65.7,95.6,2.1,47.9,39.5
"H","London",,,"00AS","Hillingdon",,,2671,47.6,87.1,6.4,38.3,32.7,1343,40.6,84.2,7.4,34.8,30,1328,54.7,89.9,5.4,41.9,35.4
"H","London",,,"00AT","Hounslow",,,2641,52,89.8,4.7,40.1,34.3,1324,47.4,87.5,5.7,36.9,32.1,1317,56.6,92,3.6,43.3,36.5
"H","London",,,"00AU","Islington",,,1317,38.7,84.1,5,33.1,28.9,727,32.7,80.5,5,29.3,26.1,590,45.9,88.6,5.1,37.9,32.4
"H","London",,,"00AW","Kensington and Chelsea",,,577,57,90.8,3.6,42.7,36.5,314,58,92.7,2.9,44.4,37.6,263,55.9,88.6,4.6,40.8,35.1
"H","London",,,"00AX","Kingston upon Thames",,,1419,67,91.3,5,48.3,40.6,675,59.9,89.5,5.6,45.7,37.9,744,73.5,93,4.4,50.6,43.1
"H","London",,,"00AY","Lambeth",,,1342,41.8,88.4,4,36.3,31.6,557,37.5,84.2,5.2,33.2,29.3,785,44.8,91.3,3.1,38.5,33.3
"H","London",,,"00AZ","Lewisham",,,2226,39.5,88.1,4.9,35.9,31.1,1143,32.2,85.6,6.3,32.1,28.2,1083,47.2,90.8,3.5,40,34.2
"H","London",,,"00BA","Merton",,,1568,45.5,84.3,7.5,36.8,31.6,810,42.4,81.2,9.1,34.7,29.5,758,48.9,87.5,5.8,39.2,33.8
"H","London",,,"00BB","Newham",,,3070,45.8,93.2,1.9,39.7,33.4,1529,40.2,91.5,2.3,36.9,31.3,1541,51.4,94.9,1.5,42.4,35.5
"H","London",,,"00BC","Redbridge",,,2889,64.2,94.6,2.3,46.3,39,1577,60.6,93.7,2.5,44.6,37.6,1312,68.5,95.8,2,48.3,40.7
"H","London",,,"00BD","Richmond upon Thames",,,1478,56.8,91.1,3.3,42.5,36.4,781,52.4,89.5,3.8,40.7,34.7,697,61.7,92.8,2.6,44.4,38.3
"H","London",,,"00BE","Southwark",,,1981,40,86.1,5.2,35.3,29.7,954,35.4,83.1,6.5,32.4,27.5,1027,44.2,88.9,4,37.9,31.7
"H","London",,,"00BF","Sutton",,,2177,62.6,91.6,3.7,47.6,39.8,1210,60.6,89.8,4.1,46.2,38.7,967,65.1,93.9,3.2,49.5,41.2
"H","London",,,"00BG","Tower Hamlets",,,2551,42.8,89.5,3.8,38.2,31.6,1262,36.5,86.9,5.2,34,28.9,1289,48.9,92.2,2.3,42.3,34.3
"H","London",,,"00BH","Waltham Forest",,,2528,48.1,89.4,6.1,38.6,33.9,1234,38.4,85.6,7.6,34,30.1,1294,57.3,93,4.6,43,37.4
"H","London",,,"00BJ","Wandsworth",,,1787,50.1,82.7,6.7,39.5,32.4,1002,46.9,79.9,8.1,37.9,30.4,785,54.3,86.2,4.8,41.6,35
"H","London",,,"00BK","Westminster",,,1331,44.3,86.9,4.9,37,32,596,31,82.9,7.4,29.8,27.3,735,55.1,90.2,2.9,42.8,35.8
"J","South East",,,"00LC","Medway",,,3338,52.7,92.8,2.9,41,34.9,1699,47.2,91.1,3.2,38,32.4,1639,58.4,94.6,2.5,44.2,37.5
"J","South East",,,"00MA","Bracknell Forest",,,1009,49.2,94.3,3.2,40.1,35.1,472,43.6,94.1,3.6,37.2,33.1,537,54,94.4,2.8,42.7,36.9
"J","South East",,,"00MB","West Berkshire",,,1958,60.6,92.9,3.9,44.6,38.4,1013,54.1,91.7,4.8,42.1,36.4,945,67.5,94.1,3,47.3,40.5
"J","South East",,,"00MC","Reading",,,1119,45.5,80.3,9,39.7,32.9,562,40.8,78.8,10.3,38.6,31.6,557,50.3,81.7,7.7,40.9,34.2
"J","South East",,,"00MD","Slough",,,1344,53.4,89,6.8,40.6,35,693,49.4,87,8.4,37.5,32.8,651,57.8,91.1,5.1,43.8,37.3
"J","South East",,,"00ME","Windsor and Maidenhead",,,1580,59.8,93.8,2.9,44.2,37.6,862,55.7,92.5,3.8,42.1,35.7,718,64.8,95.4,1.8,46.8,39.8
"J","South East",,,"00MF","Wokingham",,,1857,62.7,92.8,3.7,44.1,38.1,1003,55.5,91.3,4.3,40.2,35.4,854,71.1,94.6,2.9,48.5,41.3
"J","South East",,,"00MG","Milton Keynes",,,2494,48,89.9,4.4,41.2,33.3,1294,41.5,88.2,5.2,38,31.1,1200,55,91.8,3.5,44.7,35.7
"J","South East",,,"00ML","Brighton and Hove",,,2315,47.8,87.1,5.7,39.6,32.7,1199,44.6,87,5.8,38,31.3,1116,51.2,87.2,5.6,41.3,34.2
"J","South East",,,"00MR","Portsmouth",,,2056,44.5,82.2,7.2,35.9,30.4,1035,38.7,78.2,9.8,32.4,27.6,1021,50.3,86.2,4.6,39.4,33.3
"J","South East",,,"00MS","Southampton",,,2345,44.4,86.6,6.7,35.7,31.2,1151,37.7,83.1,9,31.9,28,1194,50.8,90,4.6,39.4,34.2
"J","South East",,,"00MW","Isle of Wight",,,1600,44.3,86.4,6,37.5,32.5,825,36.4,83.2,6.9,33.2,29.3,775,52.7,89.9,5,42,35.8
"J","South East","11","Buckinghamshire","11UB","Aylesbury Vale",,,1884,63,90.9,4.5,45.7,38.4,938,56.7,88.5,5.1,43,35.9,946,69.2,93.2,3.8,48.3,40.9
"J","South East","11","Buckinghamshire","11UC","Chiltern",,,1408,68.1,92.8,3.6,48.8,41,751,64.1,92.4,3.7,48,39.7,657,72.8,93.2,3.4,49.7,42.6
"J","South East","11","Buckinghamshire","11UE","South Bucks",,,562,70.8,95.6,1.8,48.7,42.5,212,53.3,91,3.3,40.9,35.9,350,81.4,98.3,.9,53.5,46.4
"J","South East","11","Buckinghamshire","11UF","Wycombe",,,1625,64.3,94.7,2.8,48,40,886,62.6,93,3.7,46.7,38.9,739,66.3,96.8,1.8,49.7,41.4
"J","South East","21","East Sussex","21UC","Eastbourne",,,919,43.5,85.1,6,38.1,30.9,451,35.3,84.7,6,34.6,28.9,468,51.5,85.5,6,41.4,32.9
"J","South East","21","East Sussex","21UD","Hastings",,,1046,41.2,80.7,8.6,34.8,29,542,38,77.5,11.4,33,26.9,504,44.6,84.1,5.6,36.8,31.2
"J","South East","21","East Sussex","21UF","Lewes",,,999,55.9,90.6,3.4,42.6,35.7,515,49.9,87,4.7,39.2,33.1,484,62.2,94.4,2.1,46.2,38.5
"J","South East","21","East Sussex","21UG","Rother",,,841,62.4,90.4,2.9,42.9,37.6,427,56.7,87.8,3.3,39.9,35.5,414,68.4,93,2.4,46,39.7
"J","South East","21","East Sussex","21UH","Wealden",,,1351,59.5,93.3,3.1,44.7,37.6,705,53.8,92.9,3,42.1,35.7,646,65.8,93.7,3.3,47.5,39.6
"J","South East","24","Hampshire","24UB","Basingstoke and Deane",,,1647,51.5,91.7,4,39.3,34.6,856,45.1,90.2,5.1,36,32.1,791,58.4,93.4,2.7,42.8,37.3
"J","South East","24","Hampshire","24UC","East Hampshire",,,1297,60.4,94.5,2.4,45.4,38.1,641,52.4,93.6,2.7,42.6,35.8,656,68.1,95.3,2.1,48.2,40.3
"J","South East","24","Hampshire","24UD","Eastleigh",,,1504,67,94.8,1.7,51.7,39.4,743,60.6,93.5,2,47.4,36.8,761,73.3,95.9,1.5,55.9,41.9
"J","South East","24","Hampshire","24UE","Fareham",,,1291,59,92.6,3.4,43.9,37.1,671,51.3,90.8,4,40.4,34.5,620,67.3,94.7,2.7,47.7,40
"J","South East","24","Hampshire","24UF","Gosport",,,844,44.7,88.9,2.5,36.5,32.1,424,40.6,86.8,1.9,34.1,30.2,420,48.8,91,3.1,38.9,34
"J","South East","24","Hampshire","24UG","Hart",,,1051,66.1,95.8,1.7,45.9,39.8,551,59.9,94.7,2.4,42.8,37.4,500,73,97,1,49.3,42.5
"J","South East","24","Hampshire","24UH","Havant",,,1441,45,88.3,3.9,37.7,32.1,721,40.2,85.3,5,35.1,29.9,720,49.9,91.4,2.8,40.4,34.3
"J","South East","24","Hampshire","24UJ","New Forest",,,1839,56.1,93.2,2.8,44.2,36.2,921,50.9,91,3,40.9,33.9,918,61.2,95.3,2.6,47.5,38.6
"J","South East","24","Hampshire","24UL","Rushmoor",,,773,49.3,91.2,3.2,40,33.7,384,43.2,89.1,3.1,37.5,31.7,389,55.3,93.3,3.3,42.4,35.7
"J","South East","24","Hampshire","24UN","Test Valley",,,1120,58.1,92.3,3.8,42.4,36.5,594,54.6,89.7,5.7,40.4,34.7,526,62.2,95.3,1.7,44.6,38.5
"J","South East","24","Hampshire","24UP","Winchester",,,1172,73,93.1,3.6,52,42,606,67.5,90.9,5,48.6,39.6,566,79,95.4,2.1,55.7,44.5
"J","South East","29","Kent","29UB","Ashford",,,1149,54.4,89.5,5.5,41.1,34.5,580,48.6,85.5,7.4,37.4,31.8,569,60.3,93.5,3.5,44.8,37.3
"J","South East","29","Kent","29UC","Canterbury",,,1639,52.8,90.1,5.3,40.1,35.2,807,49.2,88.5,5.6,37.7,33.3,832,56.3,91.6,4.9,42.4,37
"J","South East","29","Kent","29UD","Dartford",,,1321,65.9,92.2,2.1,47.4,39.2,697,63.7,91.4,2.3,46.6,38.3,624,68.3,93.1,1.9,48.3,40.1
"J","South East","29","Kent","29UE","Dover",,,1275,55.9,93.7,2.3,42.7,36,649,51.5,91.5,3.5,39.6,33.6,626,60.5,96,1,45.8,38.5
"J","South East","29","Kent","29UG","Gravesham",,,1346,50.1,94.3,2.8,40.7,35.3,718,44.2,93.2,3.6,38,32.9,628,56.9,95.5,1.8,43.7,38.1
"J","South East","29","Kent","29UH","Maidstone",,,1868,63,91.4,4.2,45.1,38.1,961,57.5,90.5,4.6,42,35.9,907,68.7,92.4,3.8,48.3,40.5
"J","South East","29","Kent","29UK","Sevenoaks",,,482,31.3,79.3,13.1,27.9,25.6,271,28.4,73.1,17.3,25.3,23.5,211,35.1,87.2,7.6,31.3,28.3
"J","South East","29","Kent","29UL","Shepway",,,1096,51,85.5,7.2,38.3,32.9,543,45.5,83.2,8.1,35.8,30.6,553,56.4,87.7,6.3,40.7,35.2
"J","South East","29","Kent","29UM","Swale",,,1524,44.8,90,3.7,36.5,32.2,763,40.5,88.6,4.1,34.2,30.4,761,49,91.5,3.3,38.8,34
"J","South East","29","Kent","29UN","Thanet",,,1566,47.6,86.6,5.6,37.8,32.6,805,42.7,84,7.1,35.4,30.4,761,52.7,89.4,4.1,40.4,34.9
"J","South East","29","Kent","29UP","Tonbridge and Malling",,,1384,60.8,94.8,2.8,46.3,39.3,608,52,93.8,3.3,41.3,35.9,776,67.8,95.6,2.5,50.3,42
"J","South East","29","Kent","29UQ","Tunbridge Wells",,,1327,73,94.8,2.4,50.5,42.3,784,73.7,95.5,2,49.7,41.8,543,72,93.7,3,51.6,42.9
"J","South East","38","Oxfordshire","38UB","Cherwell",,,1253,45.4,87.4,4.8,38.1,32.7,623,41.1,86.2,4.5,36.1,31.2,630,49.7,88.6,5.1,40.2,34.2
"J","South East","38","Oxfordshire","38UC","Oxford",,,1114,40,82.9,8.4,34.3,30,612,35.1,80.2,9.6,31.6,27.8,502,45.8,86.3,7,37.6,32.7
"J","South East","38","Oxfordshire","38UD","South Oxfordshire",,,1649,58.5,91.2,3.9,45.2,37.7,835,54,89.1,5.3,42.3,35.4,814,63,93.4,2.5,48.1,40.1
"J","South East","38","Oxfordshire","38UE","Vale of White Horse",,,1048,50.4,88.4,6.5,40.5,34.2,575,46.1,85.2,8,38.1,32.2,473,55.6,92.2,4.7,43.5,36.5
"J","South East","38","Oxfordshire","38UF","West Oxfordshire",,,1135,60,92.3,3.4,45.6,38,599,56.4,91.2,3.7,43.1,36.3,536,64,93.7,3.2,48.5,39.9
"J","South East","43","Surrey","43UB","Elmbridge",,,706,62.8,92.8,3.3,45.4,38.1,400,60,91.3,4,43.7,36.8,306,66.3,94.8,2.3,47.6,39.7
"J","South East","43","Surrey","43UC","Epsom and Ewell",,,920,70.3,93.7,3,49.8,42,377,57.8,89.9,4.5,41.4,35.9,543,79,96.3,2,55.6,46.2
"J","South East","43","Surrey","43UD","Guildford",,,1299,61.3,91.9,3.7,46.3,38.5,637,56.8,91.4,3.5,44.4,37,662,65.6,92.5,3.9,48.1,40
"J","South East","43","Surrey","43UE","Mole Valley",,,665,63.6,90.7,4.4,43.6,38.1,364,60.7,87.9,5,40.8,35.7,301,67.1,94,3.7,47,40.9
"J","South East","43","Surrey","43UF","Reigate and Banstead",,,1304,58.1,91.3,4.2,43.6,36.9,693,51.5,88.7,5.1,40.4,34.5,611,65.6,94.1,3.3,47.2,39.6
"J","South East","43","Surrey","43UG","Runnymede",,,817,53.6,92.9,4.9,41.7,36.1,424,47.2,92.2,5,38.5,33.8,393,60.6,93.6,4.8,45.1,38.6
"J","South East","43","Surrey","43UH","Spelthorne",,,1026,50.1,90.9,3.5,39.8,34.3,521,43.2,89.8,4,36.8,32,505,57.2,92.1,3,42.9,36.6
"J","South East","43","Surrey","43UJ","Surrey Heath",,,900,68.1,92.3,4.4,46.1,39.1,481,63.8,90,5.6,42.9,36.7,419,73,95,3.1,49.7,41.8
"J","South East","43","Surrey","43UK","Tandridge",,,709,54.9,93.5,2.5,44.7,37,351,51,94.9,2.6,42.5,35.8,358,58.7,92.2,2.5,46.8,38.3
"J","South East","43","Surrey","43UL","Waverley",,,1161,58.2,93,3.5,45.2,38.1,572,52.3,93,4.2,42.3,36,589,64,93,2.9,48.1,40.1
"J","South East","43","Surrey","43UM","Woking",,,755,61.6,91,2.8,45.8,38.4,372,57.8,89.8,3,42.8,36.1,383,65.3,92.2,2.6,48.7,40.6
"J","South East","45","West Sussex","45UB","Adur",,,490,34.7,85.3,4.7,30.2,28.3,241,27,84.7,4.6,27.5,25.9,249,42.2,85.9,4.8,32.9,30.6
"J","South East","45","West Sussex","45UC","Arun",,,1305,45.1,89.1,3.1,36.7,32.4,691,40.7,87,3,34,30.3,614,50,91.5,3.1,39.6,34.8
"J","South East","45","West Sussex","45UD","Chichester",,,1174,57.2,91.3,3.6,41.8,36.6,574,52.6,89.9,4.5,39.7,34.8,600,61.5,92.7,2.7,43.9,38.3
"J","South East","45","West Sussex","45UE","Crawley",,,1159,49.8,90.4,5.8,39.7,34.1,596,46,90.1,5.2,38.2,32.9,563,53.8,90.8,6.4,41.2,35.3
"J","South East","45","West Sussex","45UF","Horsham",,,1245,68.1,96.6,1.7,50.1,41.1,612,62.4,96.4,1.3,46.7,38.9,633,73.6,96.7,2.1,53.4,43.2
"J","South East","45","West Sussex","45UG","Mid Sussex",,,1643,67.4,93,3.2,45.6,40,871,62.9,92.8,3,43.9,38.5,772,72.4,93.3,3.4,47.6,41.6
"J","South East","45","West Sussex","45UH","Worthing",,,1115,51.5,89.3,5,39.1,34.2,568,46.3,88.4,4.9,36.5,32.2,547,56.9,90.3,5.1,41.7,36.3
"K","South West",,,"00HA","Bath and North East Somerset",,,2079,60,92,3.7,43.8,37.2,1033,54.2,90.6,4,41,35.3,1046,65.8,93.4,3.4,46.6,39
"K","South West",,,"00HB","Bristol, City of",,,3345,35.4,80.7,11.2,31.1,27.6,1647,31.4,78.1,12,28.7,25.8,1698,39.3,83.2,10.4,33.4,29.4
"K","South West",,,"00HC","North Somerset",,,2126,54.8,90.6,3.9,41.5,35.6,1083,49.6,88.6,4.2,38.9,33.5,1043,60.3,92.6,3.6,44.2,37.7
"K","South West",,,"00HD","South Gloucestershire",,,3029,54.1,91.9,4.6,41.4,35.1,1603,48,90.8,5.7,39.2,33.2,1426,61,93.1,3.4,44,37.3
"K","South West",,,"00HG","Plymouth",,,3224,53,89.9,4.4,40.7,34.6,1595,47.8,87.7,5.1,37.9,32.5,1629,58.2,92,3.7,43.4,36.7
"K","South West",,,"00HH","Torbay",,,1505,51.8,90.2,4.5,41.4,35.8,787,46.1,89,5.6,39.4,34.1,718,58.1,91.6,3.3,43.6,37.6
"K","South West",,,"00HN","Bournemouth",,,1777,54.6,88.9,4.5,41.5,35.6,906,50.1,86.2,5.5,38.6,33.3,871,59.2,91.7,3.3,44.4,37.9
"K","South West",,,"00HP","Poole",,,1680,59,92.8,3.5,44.8,37.9,851,54.9,90.7,4.2,43.1,36.3,829,63.2,94.9,2.7,46.6,39.6
"K","South West",,,"00HX","Swindon",,,2315,49.1,85.9,5.7,38.5,32.6,1182,45.2,83.3,6.9,35.9,30.8,1133,53.2,88.7,4.3,41.2,34.5
"K","South West","15","Cornwall and Isles of Scilly","15UB","Caradon",,,902,57.7,94.2,2.9,43.4,37,466,53,93.8,2.6,41.2,35.2,436,62.6,94.7,3.2,45.7,38.8
"K","South West","15","Cornwall and Isles of Scilly","15UC","Carrick",,,975,57.4,91.3,5.7,44.2,36.8,506,52.4,90.3,6.1,41.2,34.7,469,62.9,92.3,5.3,47.6,39.1
"K","South West","15","Cornwall and Isles of Scilly","15UD","Kerrier",,,1076,47.5,85.9,5,38.5,32.8,552,42,81.7,5.3,34.9,29.8,524,53.2,90.3,4.8,42.4,35.8
"K","South West","15","Cornwall and Isles of Scilly","15UE","North Cornwall",,,971,51,91.6,3.5,39.7,35.1,491,46.6,88.8,4.5,37,33.2,480,55.4,94.4,2.5,42.5,37.1
"K","South West","15","Cornwall and Isles of Scilly","15UF","Penwith",,,720,57.5,96.4,2.1,44.6,37.2,377,53.3,95.5,2.7,42.7,35.8,343,62.1,97.4,1.5,46.7,38.8
"K","South West","15","Cornwall and Isles of Scilly","15UG","Restormel",,,1163,56.5,95,1.9,43.4,36.5,585,52.8,93.7,2.2,41.2,34.6,578,60.2,96.4,1.6,45.6,38.4
"K","South West","15","Cornwall and Isles of Scilly","15UH","Isles of Scilly",,,..,87.5,100,0,50.1,42.8,..,87.5,100,0,48.5,41.4,..,87.5,100,0,51.7,44.1
"K","South West","18","Devon","18UB","East Devon",,,1280,56.3,92.5,2,43.1,37.3,650,48.6,89.7,2.9,39.3,34.4,630,64.3,95.4,1,47,40.3
"K","South West","18","Devon","18UC","Exeter",,,1056,41.7,87,5.8,37,30.8,557,37.5,85.1,6.8,34.3,28.8,499,46.3,89.2,4.6,40.1,33.1
"K","South West","18","Devon","18UD","Mid Devon",,,827,55.4,89.1,4.6,44.5,35.9,412,50,86.9,4.6,41.5,33.7,415,60.7,91.3,4.6,47.5,38
"K","South West","18","Devon","18UE","North Devon",,,1089,51.2,90.7,4.4,41.8,34.7,551,45.7,89.7,5.3,38.1,32.2,538,56.9,91.8,3.5,45.5,37.4
"K","South West","18","Devon","18UG","South Hams",,,876,63.6,92,3.5,43,38.4,476,59,90.3,3.8,40.9,36.6,400,69,94,3.3,45.5,40.6
"K","South West","18","Devon","18UH","Teignbridge",,,1261,50.5,91,5.5,40.8,34.5,648,44.3,88.7,6.6,37,31.9,613,57.1,93.5,4.2,44.8,37.2
"K","South West","18","Devon","18UK","Torridge",,,592,49,90.2,2.7,38.2,33.8,274,40.5,86.5,2.2,33.8,30.6,318,56.3,93.4,3.1,42,36.6
"K","South West","18","Devon","18UL","West Devon",,,525,55.2,91.8,2.5,40.1,35.5,267,50.2,91.8,2.3,37.5,33.5,258,60.5,91.9,2.7,42.9,37.5
"K","South West","19","Dorset","19UC","Christchurch",,,571,60.8,94.9,1.1,46.2,38.3,297,55.2,93.9,.7,44.1,36.5,274,66.8,96,1.5,48.5,40.2
"K","South West","19","Dorset","19UD","East Dorset",,,691,54.7,91,4.8,40.4,35.1,375,47.7,90.4,4.8,37.6,32.9,316,63,91.8,4.8,43.7,37.8
"K","South West","19","Dorset","19UE","North Dorset",,,712,62.2,94.2,3.2,45.3,38.7,374,58.6,93.9,4,43.3,37.2,338,66.3,94.7,2.4,47.5,40.3
"K","South West","19","Dorset","19UG","Purbeck",,,493,59.2,93.5,1.6,45.4,37.3,247,51.8,91.1,1.6,41.3,34.3,246,66.7,95.9,1.6,49.6,40.2
"K","South West","19","Dorset","19UH","West Dorset",,,1301,65.3,93.6,3.6,47.3,39.1,699,60.2,91.9,4.7,44.2,36.8,602,71.1,95.7,2.3,50.9,41.7
"K","South West","19","Dorset","19UJ","Weymouth and Portland",,,571,50.1,89.8,3.3,40.2,34.8,299,46.5,90.3,3,38.1,33.1,272,54,89.3,3.7,42.5,36.6
"K","South West","23","Gloucestershire","23UB","Cheltenham",,,910,57.6,90.2,3,45.7,37.9,444,53.6,88.1,3.8,43,35.9,466,61.4,92.3,2.2,48.3,39.9
"K","South West","23","Gloucestershire","23UC","Cotswold",,,1037,70.5,92.9,4.1,49,40.6,523,64.4,89.1,6.1,44.6,37.3,514,76.7,96.7,2,53.4,43.9
"K","South West","23","Gloucestershire","23UD","Forest of Dean",,,986,55.8,90.9,4,42.2,35.4,507,51.5,89.7,3.9,40.7,34.1,479,60.3,92.1,4,43.9,36.9
"K","South West","23","Gloucestershire","23UE","Gloucester",,,1386,56.2,91.8,3.2,43.3,36.7,694,50.3,88.3,4,39.5,33.6,692,62.1,95.2,2.3,47.2,39.8
"K","South West","23","Gloucestershire","23UF","Stroud",,,1154,65.5,94.4,3,47.8,39.6,560,56.1,93.6,2.9,43.8,36.6,594,74.4,95.1,3.2,51.5,42.4
"K","South West","23","Gloucestershire","23UG","Tewkesbury",,,1185,62,92.8,2.8,47.2,38.2,571,58.3,90.7,3,43.9,36,614,65.5,94.8,2.6,50.3,40.3
"K","South West","40","Somerset","40UB","Mendip",,,1074,55.5,88.9,5,43.7,36,574,48.4,87.3,5.8,40.5,33.7,500,63.6,90.8,4.2,47.5,38.5
"K","South West","40","Somerset","40UC","Sedgemoor",,,1256,51,90.2,4.1,39.9,34.3,676,46.2,88.6,4.6,37.6,32.5,580,56.6,92.1,3.6,42.5,36.4
"K","South West","40","Somerset","40UD","South Somerset",,,1626,55.3,92.4,3.8,43.7,36.1,826,48.6,89.2,5.5,39.7,33.2,800,62.3,95.6,2,47.8,39.2
"K","South West","40","Somerset","40UE","Taunton Deane",,,1161,59.3,89.5,3.1,43.3,36,601,54.1,86.4,4.5,40.6,33.7,560,64.8,92.9,1.6,46.1,38.4
"K","South West","40","Somerset","40UF","West Somerset",,,..,50.3,87.1,3.4,40.5,34.7,..,47.2,83.4,4.3,37.7,32.6,..,54.2,91.6,2.3,44.1,37.2
"K","South West","46","Wiltshire","46UB","Kennet",,,693,54.4,91.3,5.9,42.2,35.1,362,45.9,89.5,6.6,38,32,331,63.8,93.4,5.1,46.8,38.6
"K","South West","46","Wiltshire","46UC","North Wiltshire",,,1550,61.2,92.7,3.9,45,37.7,783,55,92,3.6,42.7,35.9,767,67.5,93.4,4.3,47.4,39.5
"K","South West","46","Wiltshire","46UD","Salisbury",,,1044,58.1,90.9,3.6,43.6,37.6,502,52.2,88.1,4.6,40.8,35.4,542,63.5,93.5,2.8,46.2,39.5
"K","South West","46","Wiltshire","46UF","West Wiltshire",,,1472,54.9,91.4,4.9,42.3,35.9,750,50.7,89.7,6.3,39.4,33.9,722,59.3,93.2,3.5,45.3,38