DATASET_TITLE,Amenities (UV60),,,,,,FROM,Apr-2001,Apr-2001,Apr-2001,Apr-2001,Apr-2001,Apr-2001,Apr-2001
AREA_TYPE,Local Authority,,,,,,TO,Apr-2001,Apr-2001,Apr-2001,Apr-2001,Apr-2001,Apr-2001,Apr-2001
GEO_HIERARCHY,NeSS Geography Hierarchy,,,,,,HEADING,All Occupied Household Spaces,With central heating,With central heating: With sole use of bath / shower and toilet,With central heating: Without sole use of bath / shower and toilet,Without central heating,Without central heating: With sole use of bath / shower and toilet,Without central heating: Without sole use of bath / shower and toilet
,,,,,,,MEASUREMENT_UNIT,Count,Count,Count,Count,Count,Count,Count
,,,,,,,STATISTICAL_UNIT,Households,Households,Households,Households,Households,Households,Households
GOR_CODE,GOR_NAME,CTY_CODE,CTY_NAME,LA_CODE,LA_NAME,AREA_METADATA,,DATA_VALUE,DATA_VALUE,DATA_VALUE,DATA_VALUE,DATA_VALUE,DATA_VALUE,DATA_VALUE
"D","Yorkshire and The Humber",,,"00CC","Barnsley",,,92165,88896,88676,220,3269,3229,40
"D","Yorkshire and The Humber",,,"00CE","Doncaster",,,118699,111274,111004,270,7425,7306,119
"D","Yorkshire and The Humber",,,"00CF","Rotherham",,,102279,97988,97780,208,4291,4260,31
"D","Yorkshire and The Humber",,,"00CG","Sheffield",,,217622,199725,198890,835,17897,17666,231
"D","Yorkshire and The Humber",,,"00CX","Bradford",,,180246,139009,138465,544,41237,40887,350
"D","Yorkshire and The Humber",,,"00CY","Calderdale",,,80937,65308,65103,205,15629,15510,119
"D","Yorkshire and The Humber",,,"00CZ","Kirklees",,,159031,121824,121434,390,37207,36928,279
"D","Yorkshire and The Humber",,,"00DA","Leeds",,,301614,239143,236786,2357,62471,61869,602
"D","Yorkshire and The Humber",,,"00DB","Wakefield",,,132212,123484,123297,187,8728,8660,68
"D","Yorkshire and The Humber",,,"00FA","Kingston upon Hull, City of",,,104288,82091,81796,295,22197,22082,115
"D","Yorkshire and The Humber",,,"00FB","East Riding of Yorkshire",,,131084,120316,120191,125,10768,10679,89
"D","Yorkshire and The Humber",,,"00FC","North East Lincolnshire",,,66054,57576,57477,99,8478,8429,49
"D","Yorkshire and The Humber",,,"00FD","North Lincolnshire",,,64014,61319,61235,84,2695,2664,31
"D","Yorkshire and The Humber",,,"00FF","York",,,76920,70539,70234,305,6381,6290,91
"D","Yorkshire and The Humber","36","North Yorkshire","36UB","Craven",,,22680,19842,19786,56,2838,2818,20
"D","Yorkshire and The Humber","36","North Yorkshire","36UC","Hambleton",,,34688,32959,32927,32,1729,1700,29
"D","Yorkshire and The Humber","36","North Yorkshire","36UD","Harrogate",,,63077,58254,58100,154,4823,4759,64
"D","Yorkshire and The Humber","36","North Yorkshire","36UE","Richmondshire",,,18125,17318,17275,43,807,795,12
"D","Yorkshire and The Humber","36","North Yorkshire","36UF","Ryedale",,,21451,19286,19253,33,2165,2142,23
"D","Yorkshire and The Humber","36","North Yorkshire","36UG","Scarborough",,,46726,39918,39794,124,6808,6634,174
"D","Yorkshire and The Humber","36","North Yorkshire","36UH","Selby",,,30836,29109,29081,28,1727,1715,12