DATASET_TITLE,Hours Worked (UV41),,,,FROM,Apr-2001,Apr-2001,Apr-2001,Apr-2001,Apr-2001,Apr-2001,Apr-2001,Apr-2001,Apr-2001,Apr-2001,Apr-2001
AREA_TYPE,County,,,,TO,Apr-2001,Apr-2001,Apr-2001,Apr-2001,Apr-2001,Apr-2001,Apr-2001,Apr-2001,Apr-2001,Apr-2001,Apr-2001
GEO_HIERARCHY,NeSS Geography Hierarchy,,,,HEADING,All People,Part-time,Part-time: 1 to 2 hours,Part-time: 3 to 5 hours,Part-time: 6 to 15 hours,Part-time: 16 to 30 hours,Full-time,Full-time: 31 to 37 hours,Full-time: 38 to 48 hours,Full-time: 49 to 59 hours,Full-time: 60 hours and over
,,,,,MEASUREMENT_UNIT,Count,Count,Count,Count,Count,Count,Count,Count,Count,Count,Count
,,,,,STATISTICAL_UNIT,Persons,Persons,Persons,Persons,Persons,Persons,Persons,Persons,Persons,Persons,Persons
GOR_CODE,GOR_NAME,CTY_CODE,CTY_NAME,AREA_METADATA,,DATA_VALUE,DATA_VALUE,DATA_VALUE,DATA_VALUE,DATA_VALUE,DATA_VALUE,DATA_VALUE,DATA_VALUE,DATA_VALUE,DATA_VALUE,DATA_VALUE
"A","North East","20","Durham",,,203614,47499,293,1729,13085,32392,156115,41366,87068,16056,11625
"A","North East","35","Northumberland",,,136083,34435,251,1392,9712,23080,101648,27099,53317,11346,9886
"B","North West","13","Cheshire",,,318586,81087,653,3399,24073,52962,237499,57171,127858,32065,20405
"B","North West","16","Cumbria",,,219908,60694,506,2863,17850,39475,159214,37928,84712,18234,18340
"B","North West","30","Lancashire",,,504926,130465,773,5065,34431,90196,374461,101940,198008,44356,30157
"D","Yorkshire and The Humber","36","North Yorkshire",,,274535,72746,643,3544,21495,47064,201789,40133,106339,30073,25244
"E","East Midlands","17","Derbyshire",,,341097,87286,625,3232,25647,57782,253811,57002,140029,34556,22224
"E","East Midlands","31","Leicestershire",,,304302,76557,543,2863,22187,50964,227745,51054,125339,32763,18589
"E","East Midlands","32","Lincolnshire",,,291451,76319,578,3076,22242,50423,215132,42968,115620,32485,24059
"E","East Midlands","34","Northamptonshire",,,314828,73536,535,2766,21392,48843,241292,50234,136165,34516,20377
"E","East Midlands","37","Nottinghamshire",,,340756,88035,571,3553,24857,59054,252721,59698,138358,34182,20483
"F","West Midlands","39","Shropshire",,,135436,35465,263,1413,10651,23138,99971,21442,51977,14434,12118
"F","West Midlands","41","Staffordshire",,,387363,97021,614,3601,28359,64447,290342,65874,157686,41389,25393
"F","West Midlands","44","Warwickshire",,,249631,61229,426,2364,17965,40474,188402,43531,103354,26339,15178
"F","West Midlands","47","Worcestershire",,,267373,68465,517,2783,20210,44955,198908,46612,106206,28938,17152
"G","East of England","09","Bedfordshire",,,191545,43560,382,1851,13505,27822,147985,32113,81387,22189,12296
"G","East of England","12","Cambridgeshire",,,275685,65238,606,3068,19883,41681,210447,43629,116858,31338,18622
"G","East of England","22","Essex",,,625189,153359,1216,6575,49556,96012,471830,104528,253890,72840,40572
"G","East of England","26","Hertfordshire",,,518768,122208,1071,4925,38197,78015,396560,85190,218648,61515,31207
"G","East of England","33","Norfolk",,,359000,97638,791,4161,29522,63164,261362,50620,145598,39148,25996
"G","East of England","42","Suffolk",,,313823,84116,720,3983,27108,52305,229707,43884,129174,35147,21502
"J","South East","11","Buckinghamshire",,,241444,57535,540,2696,18378,35921,183909,35081,101019,30905,16904
"J","South East","21","East Sussex",,,211242,60429,554,2589,19016,38270,150813,33129,80262,22466,14956
"J","South East","24","Hampshire",,,625860,155536,1233,6769,49636,97898,470324,101364,259054,70332,39574
"J","South East","29","Kent",,,609288,155879,1214,6366,48155,100144,453409,93946,245852,69801,43810
"J","South East","38","Oxfordshire",,,307372,73770,725,3435,22575,47035,233602,48654,130318,34417,20213
"J","South East","43","Surrey",,,532819,127068,1231,5450,41197,79190,405751,78546,224052,67498,35655
"J","South East","45","West Sussex",,,357128,93739,767,4095,29242,59635,263389,59154,144409,37824,22002
"K","South West","15","Cornwall and Isles of Scilly",,,214260,63791,500,2739,17793,42759,150469,31479,81169,19863,17958
"K","South West","18","Devon",,,314267,91836,818,4270,27711,59037,222431,45744,118518,31709,26460
"K","South West","19","Dorset",,,172441,49708,427,2104,15627,31550,122733,25459,66292,18242,12740
"K","South West","23","Gloucestershire",,,272945,71681,544,3238,21720,46179,201264,48361,108696,27316,16891
"K","South West","40","Somerset",,,230712,64210,490,2695,19378,41647,166502,33787,92268,23199,17248
"K","South West","46","Wiltshire",,,217278,53802,453,2592,16771,33986,163476,32983,92035,23524,14934