DATASET_TITLE,Communal Establishments - People (UV73),,,,,,FROM,Apr-2001,Apr-2001,Apr-2001,Apr-2001,Apr-2001,Apr-2001,Apr-2001,Apr-2001,Apr-2001,Apr-2001,Apr-2001,Apr-2001,Apr-2001,Apr-2001,Apr-2001,Apr-2001,Apr-2001,Apr-2001,Apr-2001,Apr-2001,Apr-2001,Apr-2001,Apr-2001,Apr-2001,Apr-2001,Apr-2001,Apr-2001,Apr-2001
AREA_TYPE,Local Authority,,,,,,TO,Apr-2001,Apr-2001,Apr-2001,Apr-2001,Apr-2001,Apr-2001,Apr-2001,Apr-2001,Apr-2001,Apr-2001,Apr-2001,Apr-2001,Apr-2001,Apr-2001,Apr-2001,Apr-2001,Apr-2001,Apr-2001,Apr-2001,Apr-2001,Apr-2001,Apr-2001,Apr-2001,Apr-2001,Apr-2001,Apr-2001,Apr-2001,Apr-2001
GEO_HIERARCHY,2003 Administrative Hierarchy,,,,,,HEADING,All People in Communal Establishments,Medical and care establishments,Medical and care establishments:  NHS,Medical and care establishments:  NHS:  Psychiatric hospital / home,Medical and care establishments:  NHS:  Other hospital home,Medical and care establishments:  Local Authority,Medical and care establishments:  Local Authority:  Children's home,Medical and care establishments:  Local Authority:  Nursing home,Medical and care establishments:  Local Authority:  Residential care home,Medical and care establishments:  Local Authority:  Other home,Medical and care establishments:  Housing association,Medical and care establishments:  Housing association:  Home or hostel,Medical and care establishments:  Other,Medical and care establishments:  Other:  Nursing home,Medical and care establishments:  Other:  Residential care home,Medical and care establishments:  Other:  Children's home,Medical and care establishments:  Other:  Psychiatric hospital / home,Medical and care establishments:  Other:  Other hospital,Medical and care establishments:  Other:  Other medical and care home,Other establishments,Other establishments:  Defence establishments (including ships),Other establishments:  Prison service establishments,Other establishments:  Probation / Bail hostel,Other establishments:  Educational establishment (including Halls of residence),"Other establishments:  Hotel,  Boarding House or Guest House","Other establishments:  Hostel (including youth hostels, hostels for the homeless and people sleeping rough)","Other establishments:  Civilian Ship, Boat or Barge",Other establishments:  Other
,,,,,,,MEASUREMENT_UNIT,Count,Count,Count,Count,Count,Count,Count,Count,Count,Count,Count,Count,Count,Count,Count,Count,Count,Count,Count,Count,Count,Count,Count,Count,Count,Count,Count,Count
,,,,,,,STATISTICAL_UNIT,Persons,Persons,Persons,Persons,Persons,Persons,Persons,Persons,Persons,Persons,Persons,Persons,Persons,Persons,Persons,Persons,Persons,Persons,Persons,Persons,Persons,Persons,Persons,Persons,Persons,Persons,Persons,Persons
GOR_CODE,GOR_NAME,CTY_CODE,CTY_NAME,LA_CODE,LA_NAME,AREA_METADATA,,DATA_VALUE,DATA_VALUE,DATA_VALUE,DATA_VALUE,DATA_VALUE,DATA_VALUE,DATA_VALUE,DATA_VALUE,DATA_VALUE,DATA_VALUE,DATA_VALUE,DATA_VALUE,DATA_VALUE,DATA_VALUE,DATA_VALUE,DATA_VALUE,DATA_VALUE,DATA_VALUE,DATA_VALUE,DATA_VALUE,DATA_VALUE,DATA_VALUE,DATA_VALUE,DATA_VALUE,DATA_VALUE,DATA_VALUE,DATA_VALUE,DATA_VALUE
"A","North East","2D","Tyne and Wear","00CH","Gateshead",,,2448,1578,144,68,76,311,19,34,258,0,0,0,1123,411,543,3,39,0,127,870,0,0,22,662,19,25,0,142
"A","North East","2D","Tyne and Wear","00CJ","Newcastle upon Tyne",,,5787,1907,115,50,65,24,6,0,18,0,20,20,1748,898,790,20,0,0,40,3880,0,0,20,1153,105,307,0,2295
"A","North East","2D","Tyne and Wear","00CK","North Tyneside",,,1969,1874,44,35,9,167,5,0,162,0,49,49,1614,653,946,3,8,0,4,95,0,0,24,0,4,10,0,57
"A","North East","2D","Tyne and Wear","00CL","South Tyneside",,,1663,1441,90,65,25,282,21,0,261,0,41,41,1028,523,484,0,21,0,0,222,0,0,0,130,16,6,0,70
"A","North East","2D","Tyne and Wear","00CM","Sunderland",,,5217,2484,203,112,91,244,24,0,220,0,15,15,2022,828,1158,0,0,0,36,2733,0,0,16,2237,71,56,0,353
"A","North East",,,"00EB","Hartlepool",,,863,797,74,0,74,44,0,0,44,0,0,0,679,354,303,0,22,0,0,66,0,0,0,0,9,14,0,43
"A","North East",,,"00EC","Middlesbrough",,,1906,1467,290,155,135,165,5,22,138,0,20,20,992,474,514,0,0,0,4,439,0,0,16,347,10,45,0,21
"A","North East",,,"00EE","Redcar and Cleveland",,,1422,1312,26,0,26,194,0,0,194,0,4,4,1088,531,495,0,62,0,0,110,0,0,21,0,33,56,0,0
"A","North East",,,"00EF","Stockton-on-Tees",,,2625,1390,15,8,7,202,10,0,145,47,6,6,1167,698,423,0,8,0,38,1235,0,1075,0,0,50,40,0,70
"A","North East",,,"00EH","Darlington",,,1685,1375,89,38,51,120,3,38,76,3,112,112,1054,577,389,10,36,0,42,310,0,0,0,0,179,51,0,80
"A","North East","20","Durham","20UB","Chester-le-Street",,,501,446,29,0,29,95,0,0,95,0,0,0,322,85,172,0,65,0,0,55,0,0,0,0,0,55,0,0
"A","North East","20","Durham","20UD","Derwentside",,,1169,1098,32,29,3,147,3,0,144,0,6,6,913,525,356,29,0,0,3,71,0,0,0,46,20,0,0,5
"A","North East","20","Durham","20UE","Durham",,,6949,578,97,3,94,92,3,0,89,0,0,0,389,210,138,0,0,0,41,6371,0,1090,0,5167,15,0,0,99
"A","North East","20","Durham","20UF","Easington",,,967,925,14,7,7,129,0,0,129,0,0,0,782,484,298,0,0,0,0,42,0,0,0,0,0,0,0,42
"A","North East","20","Durham","20UG","Sedgefield",,,592,580,43,9,34,217,36,0,178,3,0,0,320,230,90,0,0,0,0,12,0,0,0,0,6,0,0,6
"A","North East","20","Durham","20UH","Teesdale",,,798,205,8,0,8,0,0,0,0,0,0,0,197,78,119,0,0,0,0,593,0,386,0,187,17,3,0,0
"A","North East","20","Durham","20UJ","Wear Valley",,,768,752,66,50,16,141,4,0,134,3,0,0,545,398,126,0,0,0,21,16,0,0,0,0,7,0,0,9
"A","North East","35","Northumberland","35UB","Alnwick",,,494,340,3,0,3,10,0,0,10,0,0,0,327,65,247,0,0,0,15,154,0,0,0,0,8,0,0,146
"A","North East","35","Northumberland","35UC","Berwick-upon-Tweed",,,421,332,0,0,0,42,0,0,42,0,0,0,290,104,179,0,0,0,7,89,0,0,0,34,23,0,0,32
"A","North East","35","Northumberland","35UD","Blyth Valley",,,811,780,7,0,7,178,28,53,97,0,0,0,595,308,275,0,12,0,0,31,0,0,0,0,13,5,0,13
"A","North East","35","Northumberland","35UE","Castle Morpeth",,,1949,591,120,111,9,49,17,0,32,0,0,0,422,176,246,0,0,0,0,1358,132,832,0,115,8,0,0,271
"A","North East","35","Northumberland","35UF","Tynedale",,,1093,728,106,95,11,78,0,0,78,0,8,8,536,167,362,0,0,0,7,365,0,0,0,129,97,0,0,139
"A","North East","35","Northumberland","35UG","Wansbeck",,,463,432,64,12,52,61,3,0,58,0,0,0,307,115,187,0,0,0,5,31,0,0,0,0,0,0,0,31
"B","North West","2A","Greater Manchester","00BL","Bolton",,,2397,1620,88,26,62,298,3,0,290,5,6,6,1228,624,582,0,12,0,10,777,0,0,0,266,37,131,0,343
"B","North West","2A","Greater Manchester","00BM","Bury",,,2510,2029,206,139,67,287,0,0,287,0,0,0,1536,559,927,3,0,0,47,481,0,0,23,352,13,64,0,29
"B","North West","2A","Greater Manchester","00BN","Manchester",,,15436,2988,213,69,144,171,23,0,142,6,116,116,2488,960,1405,18,74,0,31,12448,0,403,17,9803,84,593,0,1548
"B","North West","2A","Greater Manchester","00BP","Oldham",,,1787,1682,54,0,54,133,13,0,115,5,76,76,1419,614,800,5,0,0,0,105,0,0,0,0,0,29,0,76
"B","North West","2A","Greater Manchester","00BQ","Rochdale",,,2271,1702,90,20,70,211,9,0,199,3,6,6,1395,578,770,0,47,0,0,569,0,342,12,0,4,137,0,74
"B","North West","2A","Greater Manchester","00BR","Salford",,,5688,1871,214,56,158,280,23,87,147,23,29,29,1348,700,582,4,22,0,40,3817,0,412,20,2817,9,67,0,492
"B","North West","2A","Greater Manchester","00BS","Stockport",,,2272,2102,176,67,109,61,3,0,39,19,0,0,1865,570,1161,29,105,0,0,170,0,0,11,22,24,37,0,76
"B","North West","2A","Greater Manchester","00BT","Tameside",,,1865,1693,151,28,123,146,3,27,91,25,33,33,1363,594,748,4,17,0,0,172,0,0,0,0,5,40,0,127
"B","North West","2A","Greater Manchester","00BU","Trafford",,,1690,1554,117,21,96,330,12,28,287,3,20,20,1087,443,636,0,8,0,0,136,0,0,0,0,19,32,0,85
"B","North West","2A","Greater Manchester","00BW","Wigan",,,2246,1781,33,0,33,132,17,0,115,0,54,54,1562,705,771,0,34,0,52,465,0,314,0,0,5,53,0,93
"B","North West","2B","Merseyside","00BX","Knowsley",,,1143,1061,83,0,83,24,6,0,0,18,0,0,954,499,290,3,101,0,61,82,0,0,0,0,0,67,0,15
"B","North West","2B","Merseyside","00BY","Liverpool",,,13166,3830,345,77,268,270,41,86,143,0,39,39,3176,1968,1082,27,51,0,48,9336,0,1184,44,6316,20,476,0,1296
"B","North West","2B","Merseyside","00BZ","St. Helens",,,1454,1226,30,30,0,271,36,0,235,0,151,151,774,405,279,16,36,7,31,228,0,37,0,0,13,90,0,88
"B","North West","2B","Merseyside","00CA","Sefton",,,4899,4466,472,407,65,219,10,76,133,0,14,14,3761,1476,1930,62,213,0,80,433,4,0,0,20,197,14,0,198
"B","North West","2B","Merseyside","00CB","Wirral",,,3841,3337,73,9,64,258,8,88,143,19,67,67,2939,1256,1379,0,84,187,33,504,0,0,0,30,30,59,0,385
"B","North West",,,"00ET","Halton",,,1013,811,6,0,6,78,0,0,78,0,37,37,690,238,326,4,114,0,8,202,0,0,0,0,18,80,0,104
"B","North West",,,"00EU","Warrington",,,3083,1624,144,95,49,80,7,27,34,12,0,0,1400,735,517,16,132,0,0,1459,0,987,0,315,28,52,0,77
"B","North West",,,"00EX","Blackburn with Darwen",,,1598,1220,25,7,18,230,19,0,207,4,0,0,965,357,534,30,7,0,37,378,0,0,21,102,6,161,0,88
"B","North West",,,"00EY","Blackpool",,,4656,2028,212,15,197,128,11,0,107,10,34,34,1654,470,1129,0,46,0,9,2628,0,0,0,0,2115,212,0,301
"B","North West","13","Cheshire","13UB","Chester",,,1858,982,44,44,0,3,0,0,3,0,0,0,935,595,318,3,12,7,0,876,91,0,0,48,81,57,0,599
"B","North West","13","Cheshire","13UC","Congleton",,,1165,716,11,0,11,41,4,0,34,3,23,23,641,212,429,0,0,0,0,449,0,0,14,415,8,6,0,6
"B","North West","13","Cheshire","13UD","Crewe and Nantwich",,,1580,991,145,19,126,32,21,8,3,0,0,0,814,472,310,0,32,0,0,589,0,0,0,497,29,53,0,10
"B","North West","13","Cheshire","13UE","Ellesmere Port & Neston",,,701,631,0,0,0,40,6,0,34,0,22,22,569,270,299,0,0,0,0,70,0,0,19,40,3,0,0,8
"B","North West","13","Cheshire","13UG","Macclesfield",,,2403,2018,99,58,41,43,8,0,35,0,26,26,1850,956,654,0,8,0,232,385,0,260,0,12,40,50,0,23
"B","North West","13","Cheshire","13UH","Vale Royal",,,1155,938,9,0,9,13,3,0,10,0,0,0,916,521,388,0,0,0,7,217,0,0,0,117,36,7,0,57
"B","North West","16","Cumbria","16UB","Allerdale",,,1435,801,84,0,84,147,0,0,147,0,0,0,570,137,433,0,0,0,0,634,0,0,0,52,521,9,0,52
"B","North West","16","Cumbria","16UC","Barrow-in-Furness",,,623,593,66,14,52,143,0,0,143,0,0,0,384,157,227,0,0,0,0,30,0,0,0,0,18,0,0,12
"B","North West","16","Cumbria","16UD","Carlisle",,,1426,950,69,60,9,157,5,0,152,0,5,5,719,257,462,0,0,0,0,476,10,0,16,320,51,48,0,31
"B","North West","16","Cumbria","16UE","Copeland",,,1157,524,59,12,47,140,0,0,140,0,8,8,317,97,220,0,0,0,0,633,0,521,0,39,45,5,0,23
"B","North West","16","Cumbria","16UF","Eden",,,780,394,3,0,3,71,0,0,71,0,0,0,320,146,174,0,0,0,0,386,0,0,0,178,136,14,0,58
"B","North West","16","Cumbria","16UG","South Lakeland",,,3376,1168,80,27,53,246,0,0,246,0,3,3,839,332,494,0,0,0,13,2208,0,0,0,994,963,36,0,215
"B","North West","30","Lancashire","30UD","Burnley",,,1088,973,63,0,63,132,13,0,119,0,0,0,778,297,476,0,0,0,5,115,0,0,0,0,13,3,0,99
"B","North West","30","Lancashire","30UE","Chorley",,,2343,1079,15,0,15,95,12,27,45,11,0,0,969,511,458,0,0,0,0,1264,0,1200,0,15,20,9,0,20
"B","North West","30","Lancashire","30UF","Fylde",,,2164,1314,47,0,47,64,0,0,64,0,0,0,1203,486,657,0,24,0,36,850,305,300,0,68,75,0,0,102
"B","North West","30","Lancashire","30UG","Hyndburn",,,911,862,14,8,6,167,4,43,120,0,0,0,681,240,429,4,0,0,8,49,0,0,18,0,7,0,0,24
"B","North West","30","Lancashire","30UH","Lancaster",,,7010,1719,174,84,90,211,5,0,175,31,4,4,1330,567,728,0,3,0,32,5291,0,628,0,4399,80,17,0,167
"B","North West","30","Lancashire","30UJ","Pendle",,,768,727,11,0,11,142,0,0,142,0,0,0,574,232,320,0,0,0,22,41,0,0,0,7,3,0,0,31
"B","North West","30","Lancashire","30UK","Preston",,,2579,1388,264,88,176,80,9,0,71,0,0,0,1044,505,474,0,39,0,26,1191,112,252,0,0,3,49,0,775
"B","North West","30","Lancashire","30UL","Ribble Valley",,,1167,741,190,0,190,89,4,0,82,3,4,4,458,143,206,5,62,0,42,426,0,0,0,352,36,0,0,38
"B","North West","30","Lancashire","30UM","Rossendale",,,799,767,36,0,36,100,0,0,100,0,0,0,631,215,327,11,78,0,0,32,0,0,0,0,21,6,0,5
"B","North West","30","Lancashire","30UN","South Ribble",,,823,682,0,0,0,145,7,0,138,0,4,4,533,206,248,0,75,0,4,141,0,0,0,0,3,20,0,118
"B","North West","30","Lancashire","30UP","West Lancashire",,,1735,1024,31,0,31,102,10,0,89,3,5,5,886,449,399,0,0,0,38,711,0,0,0,621,0,0,0,90
"B","North West","30","Lancashire","30UQ","Wyre",,,2036,1099,20,0,20,111,0,0,111,0,0,0,968,440,502,0,18,0,8,937,0,0,0,760,15,25,0,137
"D","Yorkshire and The Humber","2C","South Yorkshire","00CC","Barnsley",,,2146,1918,47,13,34,278,23,0,255,0,5,5,1588,829,754,0,0,0,5,228,0,0,0,60,21,36,0,111
"D","Yorkshire and The Humber","2C","South Yorkshire","00CE","Doncaster",,,4200,2210,187,58,129,393,14,0,356,23,18,18,1612,798,785,0,0,0,29,1990,0,1493,9,181,53,55,0,199
"D","Yorkshire and The Humber","2C","South Yorkshire","00CF","Rotherham",,,2162,1959,195,171,24,322,28,0,294,0,37,37,1405,970,432,0,0,0,3,203,0,0,23,0,33,24,0,123
"D","Yorkshire and The Humber","2C","South Yorkshire","00CG","Sheffield",,,9022,4435,249,75,174,498,40,30,428,0,288,288,3400,1726,1546,0,7,0,121,4587,0,0,0,3847,116,323,0,301
"D","Yorkshire and The Humber","2F","West Yorkshire","00CX","Bradford",,,7706,4758,256,67,189,479,29,0,410,40,103,103,3920,2163,1411,5,281,0,60,2948,0,0,0,1487,73,159,0,1229
"D","Yorkshire and The Humber","2F","West Yorkshire","00CY","Calderdale",,,1526,1291,12,0,12,199,11,61,120,7,66,66,1014,525,455,0,0,0,34,235,0,0,0,88,5,27,0,115
"D","Yorkshire and The Humber","2F","West Yorkshire","00CZ","Kirklees",,,5514,3183,175,91,84,452,22,0,430,0,53,53,2503,1303,1154,8,0,0,38,2331,0,0,42,800,34,63,0,1392
"D","Yorkshire and The Humber","2F","West Yorkshire","00DA","Leeds",,,10268,5069,287,153,134,926,119,0,789,18,121,121,3735,1917,1617,36,73,0,92,5199,0,1179,64,3250,78,193,0,435
"D","Yorkshire and The Humber","2F","West Yorkshire","00DB","Wakefield",,,4062,2499,234,133,101,233,12,0,221,0,44,44,1988,961,883,6,0,0,138,1563,0,732,0,695,13,6,0,117
"D","Yorkshire and The Humber",,,"00FA","Kingston upon Hull, City of",,,3633,2220,65,9,56,227,30,0,168,29,103,103,1825,469,1301,6,45,0,4,1413,3,376,18,439,45,253,0,279
"D","Yorkshire and The Humber",,,"00FB","East Riding of Yorkshire",,,7232,3541,91,16,75,105,8,0,97,0,13,13,3332,887,2421,3,7,0,14,3691,26,1335,0,1847,217,31,0,235
"D","Yorkshire and The Humber",,,"00FC","North East Lincolnshire",,,1989,1588,42,3,39,54,8,0,40,6,11,11,1481,407,949,7,61,0,57,401,0,0,0,79,96,111,3,112
"D","Yorkshire and The Humber",,,"00FD","North Lincolnshire",,,1774,1459,42,0,42,125,15,0,110,0,0,0,1292,378,811,0,103,0,0,315,177,0,14,0,22,14,0,88
"D","Yorkshire and The Humber",,,"00FF","York",,,6210,1790,73,63,10,214,5,0,209,0,47,47,1456,546,572,0,211,4,123,4420,217,120,16,3743,77,108,0,139
"D","Yorkshire and The Humber","36","North Yorkshire","36UB","Craven",,,1278,719,0,0,0,80,0,0,80,0,0,0,639,434,194,0,0,0,11,559,0,0,0,432,102,10,0,15
"D","Yorkshire and The Humber","36","North Yorkshire","36UC","Hambleton",,,1671,669,18,0,18,177,3,0,174,0,8,8,466,322,144,0,0,0,0,1002,835,53,0,35,33,0,0,46
"D","Yorkshire and The Humber","36","North Yorkshire","36UD","Harrogate",,,5150,2064,61,30,31,142,8,0,134,0,43,43,1818,844,888,0,0,0,86,3086,1715,0,0,1002,211,6,0,152
"D","Yorkshire and The Humber","36","North Yorkshire","36UE","Richmondshire",,,3470,417,0,0,0,98,0,19,79,0,6,6,313,213,31,0,0,69,0,3053,2886,0,0,76,70,18,0,3
"D","Yorkshire and The Humber","36","North Yorkshire","36UF","Ryedale",,,1302,502,0,0,0,120,0,0,120,0,0,0,382,124,253,0,0,0,5,800,13,0,0,670,75,0,0,42
"D","Yorkshire and The Humber","36","North Yorkshire","36UG","Scarborough",,,2813,1522,78,26,52,160,8,0,152,0,25,25,1259,349,872,0,18,0,20,1291,0,0,0,371,354,42,0,524
"D","Yorkshire and The Humber","36","North Yorkshire","36UH","Selby",,,978,581,11,5,6,76,0,0,76,0,0,0,494,179,255,0,29,0,31,397,0,0,0,354,14,12,0,17
"E","East Midlands",,,"00FK","Derby",,,4367,2017,269,149,120,331,22,24,285,0,8,8,1409,757,555,7,83,0,7,2350,0,0,0,910,29,102,0,1309
"E","East Midlands",,,"00FN","Leicester",,,6527,2304,253,112,141,353,14,0,324,15,72,72,1626,322,1269,0,14,0,21,4223,0,263,38,2863,39,302,0,718
"E","East Midlands",,,"00FP","Rutland",,,2713,264,8,0,8,62,0,0,62,0,0,0,194,46,148,0,0,0,0,2449,504,873,0,640,20,14,0,398
"E","East Midlands",,,"00FY","Nottingham",,,8984,2384,588,44,544,292,37,0,200,55,83,83,1421,588,811,0,11,0,11,6600,0,338,28,5068,4,237,0,925
"E","East Midlands","17","Derbyshire","17UB","Amber Valley",,,1211,1075,28,11,17,171,4,0,167,0,0,0,876,336,487,0,53,0,0,136,0,0,0,59,28,20,0,29
"E","East Midlands","17","Derbyshire","17UC","Bolsover",,,832,735,15,15,0,130,0,0,108,22,3,3,587,269,251,0,0,0,67,97,0,0,0,0,7,0,0,90
"E","East Midlands","17","Derbyshire","17UD","Chesterfield",,,1135,1107,94,0,94,131,4,0,127,0,48,48,834,573,213,0,42,0,6,28,0,0,0,0,19,0,0,9
"E","East Midlands","17","Derbyshire","17UF","Derbyshire Dales",,,1561,598,8,0,8,57,0,0,57,0,0,0,533,275,258,0,0,0,0,963,0,530,0,189,188,8,0,48
"E","East Midlands","17","Derbyshire","17UG","Erewash",,,1074,932,47,0,47,179,5,0,174,0,0,0,706,329,297,4,42,0,34,142,0,0,0,97,3,25,0,17
"E","East Midlands","17","Derbyshire","17UH","High Peak",,,816,747,14,8,6,59,0,0,59,0,0,0,674,288,355,4,24,0,3,69,0,0,0,11,30,13,0,15
"E","East Midlands","17","Derbyshire","17UJ","North East Derbyshire",,,924,774,5,5,0,98,14,0,69,15,58,58,613,418,121,0,20,0,54,150,0,0,0,126,0,0,0,24
"E","East Midlands","17","Derbyshire","17UK","South Derbyshire",,,1367,674,59,59,0,103,0,0,103,0,0,0,512,214,285,13,0,0,0,693,0,148,0,499,4,0,0,42
"E","East Midlands","31","Leicestershire","31UB","Blaby",,,1250,497,49,49,0,66,7,0,59,0,0,0,382,78,304,0,0,0,0,753,0,673,0,0,6,0,0,74
"E","East Midlands","31","Leicestershire","31UC","Charnwood",,,7118,1132,32,0,32,104,0,0,104,0,5,5,991,384,566,0,0,0,41,5986,0,0,0,5848,8,40,0,90
"E","East Midlands","31","Leicestershire","31UD","Harborough",,,1252,636,12,0,12,70,0,0,70,0,0,0,554,62,400,0,0,0,92,616,0,283,0,248,14,6,0,65
"E","East Midlands","31","Leicestershire","31UE","Hinckley and Bosworth",,,689,524,4,0,4,83,0,0,83,0,0,0,437,148,289,0,0,0,0,165,0,0,0,149,7,0,0,9
"E","East Midlands","31","Leicestershire","31UG","Melton",,,460,345,0,0,0,41,0,0,41,0,0,0,304,93,211,0,0,0,0,115,50,0,0,37,18,0,0,10
"E","East Midlands","31","Leicestershire","31UH","North West Leicestershire",,,667,452,5,0,5,97,0,0,97,0,4,4,346,121,175,0,0,0,50,215,0,0,0,31,29,5,0,150
"E","East Midlands","31","Leicestershire","31UJ","Oadby and Wigston",,,2022,406,11,0,11,96,5,0,91,0,0,0,299,109,190,0,0,0,0,1616,0,0,0,1508,3,0,0,105
"E","East Midlands","32","Lincolnshire","32UB","Boston",,,989,625,31,23,8,50,0,0,50,0,0,0,544,313,205,0,26,0,0,364,0,196,0,116,6,15,0,31
"E","East Midlands","32","Lincolnshire","32UC","East Lindsey",,,2925,1717,14,14,0,39,6,0,33,0,0,0,1664,693,893,0,45,0,33,1208,278,0,0,97,151,47,0,635
"E","East Midlands","32","Lincolnshire","32UD","Lincoln",,,1880,952,83,60,23,32,6,0,26,0,37,37,800,360,429,0,11,0,0,928,0,432,15,353,30,81,0,17
"E","East Midlands","32","Lincolnshire","32UE","North Kesteven",,,2064,1016,0,0,0,40,6,0,29,5,0,0,976,491,457,0,19,0,9,1048,852,119,0,43,22,0,0,12
"E","East Midlands","32","Lincolnshire","32UF","South Holland",,,905,769,0,0,0,16,5,0,11,0,0,0,753,271,468,0,0,14,0,136,0,0,0,0,40,0,0,96
"E","East Midlands","32","Lincolnshire","32UG","South Kesteven",,,1614,1048,74,18,56,19,9,0,10,0,21,21,934,429,499,0,0,0,6,566,6,0,0,496,14,14,0,36
"E","East Midlands","32","Lincolnshire","32UH","West Lindsey",,,1237,1012,0,0,0,45,5,0,40,0,0,0,967,501,399,14,43,0,10,225,0,0,0,186,7,0,0,32
"E","East Midlands","34","Northamptonshire","34UB","Corby",,,376,280,7,0,7,46,8,0,38,0,0,0,227,126,101,0,0,0,0,96,0,0,0,0,69,0,0,27
"E","East Midlands","34","Northamptonshire","34UC","Daventry",,,1462,468,5,0,5,100,0,0,100,0,6,6,357,224,117,16,0,0,0,994,0,743,0,165,24,8,0,54
"E","East Midlands","34","Northamptonshire","34UD","East Northamptonshire",,,1648,801,11,0,11,120,0,0,120,0,42,42,628,202,392,0,34,0,0,847,0,0,0,66,23,6,0,752
"E","East Midlands","34","Northamptonshire","34UE","Kettering",,,892,818,77,0,77,111,0,0,111,0,0,0,630,155,344,30,0,0,101,74,0,0,0,0,6,29,0,39
"E","East Midlands","34","Northamptonshire","34UF","Northampton",,,3743,2152,161,34,127,317,21,0,282,14,0,0,1674,651,962,6,52,0,3,1591,0,0,19,1251,23,43,0,255
"E","East Midlands","34","Northamptonshire","34UG","South Northamptonshire",,,679,429,6,0,6,45,12,0,33,0,0,0,378,237,136,5,0,0,0,250,68,0,0,103,43,0,0,36
"E","East Midlands","34","Northamptonshire","34UH","Wellingborough",,,888,407,9,0,9,56,0,0,56,0,13,13,329,102,227,0,0,0,0,481,0,425,0,0,8,0,0,48
"E","East Midlands","37","Nottinghamshire","37UB","Ashfield",,,1393,1172,22,19,3,83,4,0,79,0,23,23,1044,611,352,0,81,0,0,221,0,0,13,153,9,12,0,34
"E","East Midlands","37","Nottinghamshire","37UC","Bassetlaw",,,2892,1499,467,432,35,100,0,0,100,0,0,0,932,364,459,5,0,0,104,1393,0,722,0,597,31,16,0,27
"E","East Midlands","37","Nottinghamshire","37UD","Broxtowe",,,938,801,12,12,0,107,17,0,90,0,11,11,671,424,247,0,0,0,0,137,60,0,0,4,10,27,0,36
"E","East Midlands","37","Nottinghamshire","37UE","Gedling",,,945,930,16,0,16,86,0,0,86,0,4,4,824,522,302,0,0,0,0,15,0,0,0,0,0,7,0,8
"E","East Midlands","37","Nottinghamshire","37UF","Mansfield",,,896,872,60,29,31,116,7,0,109,0,11,11,685,370,315,0,0,0,0,24,0,0,0,0,3,12,0,9
"E","East Midlands","37","Nottinghamshire","37UG","Newark and Sherwood",,,1544,891,47,29,18,91,8,0,83,0,24,24,729,414,309,0,6,0,0,653,0,481,0,112,25,12,0,23
"E","East Midlands","37","Nottinghamshire","37UJ","Rushcliffe",,,1736,1111,24,12,12,56,0,0,56,0,18,18,1013,565,448,0,0,0,0,625,0,271,0,261,22,9,0,62
"F","West Midlands","2E","West Midlands","00CN","Birmingham",,,16478,6552,491,223,268,982,94,0,888,0,332,332,4747,2120,2455,14,67,0,91,9926,0,371,60,6196,294,867,0,2138
"F","West Midlands","2E","West Midlands","00CQ","Coventry",,,7466,1926,68,0,68,283,14,0,240,29,25,25,1550,419,1093,0,17,0,21,5540,0,0,8,4853,52,309,0,318
"F","West Midlands","2E","West Midlands","00CR","Dudley",,,2771,2164,84,3,81,266,13,18,235,0,25,25,1789,629,1080,0,38,0,42,607,0,0,0,321,0,88,0,198
"F","West Midlands","2E","West Midlands","00CS","Sandwell",,,2142,1857,113,0,113,270,13,19,204,34,47,47,1427,742,676,0,6,0,3,285,0,0,20,0,10,97,0,158
"F","West Midlands","2E","West Midlands","00CT","Solihull",,,1338,1170,191,164,27,138,0,0,138,0,7,7,834,204,550,0,0,0,80,168,0,0,0,0,31,12,0,125
"F","West Midlands","2E","West Midlands","00CU","Walsall",,,2162,1754,162,0,162,425,4,0,377,44,62,62,1105,561,523,0,21,0,0,408,0,0,11,191,46,14,0,146
"F","West Midlands","2E","West Midlands","00CW","Wolverhampton",,,3515,1723,116,3,113,210,9,0,201,0,72,72,1325,448,688,8,131,0,50,1792,41,0,13,1005,23,138,0,572
"F","West Midlands",,,"00GA","Herefordshire, County of",,,2294,1670,8,8,0,133,0,0,133,0,30,30,1499,493,855,24,85,42,0,624,0,0,0,320,115,64,0,125
"F","West Midlands",,,"00GF","Telford and Wrekin",,,2080,1059,38,7,31,84,11,0,69,4,136,136,801,483,245,17,10,0,46,1021,57,0,0,875,13,25,0,51
"F","West Midlands",,,"00GL","Stoke-on-Trent",,,3565,2203,218,10,208,681,13,0,623,45,20,20,1284,630,620,8,16,0,10,1362,0,0,12,1108,44,115,0,83
"F","West Midlands","39","Shropshire","39UB","Bridgnorth",,,2547,408,16,0,16,0,0,0,0,0,0,0,392,154,232,6,0,0,0,2139,1964,0,0,45,30,10,0,90
"F","West Midlands","39","Shropshire","39UC","North Shropshire",,,1796,574,11,0,11,3,0,0,3,0,0,0,560,310,244,6,0,0,0,1222,387,392,0,270,5,0,0,168
"F","West Midlands","39","Shropshire","39UD","Oswestry",,,1068,376,0,0,0,0,0,0,0,0,0,0,376,87,212,3,0,0,74,692,0,0,0,666,9,0,0,17
"F","West Midlands","39","Shropshire","39UE","Shrewsbury and Atcham",,,2373,1164,176,64,112,114,0,0,114,0,6,6,868,354,471,36,0,0,7,1209,11,128,0,950,51,22,0,47
"F","West Midlands","39","Shropshire","39UF","South Shropshire",,,641,422,0,0,0,0,0,0,0,0,0,0,422,121,284,5,12,0,0,219,0,0,0,152,23,12,0,32
"F","West Midlands","41","Staffordshire","41UB","Cannock Chase",,,639,555,0,0,0,127,13,0,114,0,25,25,403,188,171,0,40,0,4,84,0,0,0,51,0,0,0,33
"F","West Midlands","41","Staffordshire","41UC","East Staffordshire",,,1179,921,0,0,0,131,4,0,127,0,21,21,769,358,408,0,0,0,3,258,0,0,0,206,25,0,0,27
"F","West Midlands","41","Staffordshire","41UD","Lichfield",,,1597,1041,4,4,0,155,0,0,155,0,0,0,882,612,243,4,23,0,0,556,37,302,0,137,24,5,0,51
"F","West Midlands","41","Staffordshire","41UE","Newcastle-under-Lyme",,,3893,927,54,0,54,187,14,0,173,0,53,53,633,440,184,5,0,0,4,2966,0,0,15,567,3,46,0,2335
"F","West Midlands","41","Staffordshire","41UF","South Staffordshire",,,1783,1022,0,0,0,84,3,0,81,0,8,8,930,652,239,4,0,0,35,761,0,646,0,68,13,0,0,34
"F","West Midlands","41","Staffordshire","41UG","Stafford",,,2641,1358,127,89,38,150,0,0,150,0,4,4,1077,491,478,0,105,0,3,1283,37,541,5,618,18,10,0,54
"F","West Midlands","41","Staffordshire","41UH","Staffordshire Moorlands",,,1211,1087,146,70,76,160,0,57,103,0,5,5,776,403,289,13,43,0,28,124,4,68,0,0,38,9,0,5
"F","West Midlands","41","Staffordshire","41UK","Tamworth",,,332,313,0,0,0,81,0,35,46,0,0,0,232,76,133,0,23,0,0,19,0,0,0,0,0,0,0,19
"F","West Midlands","44","Warwickshire","44UB","North Warwickshire",,,406,379,0,0,0,55,0,0,55,0,0,0,324,155,142,0,27,0,0,27,0,0,0,5,3,0,0,19
"F","West Midlands","44","Warwickshire","44UC","Nuneaton and Bedworth",,,756,687,40,24,16,58,0,0,58,0,0,0,589,248,341,0,0,0,0,69,0,0,14,0,5,8,0,42
"F","West Midlands","44","Warwickshire","44UD","Rugby",,,1614,677,0,0,0,25,0,0,25,0,8,8,644,241,403,0,0,0,0,937,252,0,0,592,10,0,0,83
"F","West Midlands","44","Warwickshire","44UE","Stratford-on-Avon",,,1368,818,3,0,3,92,0,0,92,0,0,0,723,336,387,0,0,0,0,550,0,0,0,194,265,29,0,62
"F","West Midlands","44","Warwickshire","44UF","Warwick",,,2121,1096,67,46,21,61,0,0,61,0,11,11,957,398,526,0,33,0,0,1025,0,0,14,831,79,76,0,25
"F","West Midlands","47","Worcestershire","47UB","Bromsgrove",,,2155,1035,41,29,12,47,20,0,27,0,57,57,890,465,418,7,0,0,0,1120,0,775,0,289,13,21,0,22
"F","West Midlands","47","Worcestershire","47UC","Malvern Hills",,,2455,1109,17,7,10,29,0,0,29,0,10,10,1053,541,512,0,0,0,0,1346,0,0,0,1097,65,3,0,181
"F","West Midlands","47","Worcestershire","47UD","Redditch",,,517,458,52,0,52,11,5,0,6,0,50,50,345,142,104,0,41,0,58,59,0,0,0,0,3,0,0,56
"F","West Midlands","47","Worcestershire","47UE","Worcester",,,1323,601,62,21,41,40,3,0,29,8,71,71,428,231,188,0,0,0,9,722,0,0,13,534,53,96,0,26
"F","West Midlands","47","Worcestershire","47UF","Wychavon",,,1463,793,6,0,6,5,0,0,5,0,88,88,694,320,371,3,0,0,0,670,0,448,0,11,149,49,0,13
"F","West Midlands","47","Worcestershire","47UG","Wyre Forest",,,1371,1091,128,18,110,31,0,0,31,0,39,39,893,360,488,0,0,0,45,280,0,0,0,0,26,20,0,234
"G","East of England",,,"00JA","Peterborough",,,1423,901,169,3,166,158,23,0,135,0,0,0,574,313,256,0,0,0,5,522,293,0,0,0,39,76,0,114
"G","East of England",,,"00KA","Luton",,,1080,659,33,20,13,114,0,0,110,4,7,7,505,37,459,0,0,0,9,421,0,0,15,0,4,84,0,318
"G","East of England",,,"00KF","Southend-on-Sea",,,2360,2081,12,0,12,125,0,0,125,0,29,29,1915,213,1600,4,79,0,19,279,0,0,0,0,39,83,0,157
"G","East of England",,,"00KG","Thurrock",,,544,439,28,0,28,99,0,0,99,0,47,47,265,0,261,4,0,0,0,105,0,0,0,0,0,40,0,65
"G","East of England","09","Bedfordshire","09UC","Mid Bedfordshire",,,1715,585,21,0,21,32,13,0,19,0,4,4,528,305,220,0,0,0,3,1130,497,0,0,210,36,4,0,383
"G","East of England","09","Bedfordshire","09UD","Bedford",,,2497,1412,206,50,156,39,9,0,30,0,51,51,1116,225,858,6,15,0,12,1085,0,166,16,720,43,99,0,41
"G","East of England","09","Bedfordshire","09UE","South Bedfordshire",,,681,667,66,31,35,16,4,0,12,0,5,5,580,145,376,0,14,0,45,14,0,0,0,0,3,11,0,0
"G","East of England","12","Cambridgeshire","12UB","Cambridge",,,13811,948,303,0,303,171,0,0,171,0,117,117,357,148,175,0,0,0,34,12863,0,0,0,8437,64,176,0,4186
"G","East of England","12","Cambridgeshire","12UC","East Cambridgeshire",,,943,581,42,0,42,124,0,0,124,0,74,74,341,122,182,10,12,0,15,362,0,0,0,291,11,26,0,34
"G","East of England","12","Cambridgeshire","12UD","Fenland",,,1226,864,29,21,8,128,6,0,122,0,0,0,707,385,304,12,0,0,6,362,0,300,0,0,11,17,0,34
"G","East of England","12","Cambridgeshire","12UE","Huntingdonshire",,,1668,803,24,0,24,72,0,0,72,0,0,0,707,289,399,3,0,0,16,865,239,461,5,69,45,16,0,30
"G","East of England","12","Cambridgeshire","12UG","South Cambridgeshire",,,2303,1096,234,126,108,85,3,0,82,0,67,67,710,110,420,10,156,0,14,1207,623,0,0,460,17,7,0,100
"G","East of England","22","Essex","22UB","Basildon",,,771,708,80,34,46,136,6,0,130,0,20,20,472,87,334,0,51,0,0,63,0,0,19,0,0,26,0,18
"G","East of England","22","Essex","22UC","Braintree",,,1354,1258,19,5,14,117,0,0,117,0,0,0,1122,222,900,0,0,0,0,96,0,0,0,33,8,37,0,18
"G","East of England","22","Essex","22UD","Brentwood",,,971,766,220,94,126,34,0,0,34,0,0,0,512,263,249,0,0,0,0,205,0,0,0,79,28,0,0,98
"G","East of England","22","Essex","22UE","Castle Point",,,569,434,4,0,4,35,0,0,35,0,19,19,376,99,262,0,0,0,15,135,0,0,0,0,3,6,0,126
"G","East of England","22","Essex","22UF","Chelmsford",,,2018,676,108,86,22,122,6,0,116,0,74,74,372,202,156,0,14,0,0,1342,0,264,0,849,32,60,0,137
"G","East of England","22","Essex","22UG","Colchester",,,4882,1368,193,88,105,152,0,0,152,0,13,13,1010,249,646,7,7,3,98,3514,1425,0,0,1907,27,65,0,90
"G","East of England","22","Essex","22UH","Epping Forest",,,860,650,47,8,39,129,10,0,119,0,77,77,397,125,254,0,0,0,18,210,0,0,0,0,9,98,0,103
"G","East of England","22","Essex","22UJ","Harlow",,,480,267,111,0,111,109,0,0,109,0,18,18,29,0,29,0,0,0,0,213,0,0,0,0,42,82,0,89
"G","East of England","22","Essex","22UK","Maldon",,,416,347,3,0,3,28,0,0,28,0,0,0,316,13,303,0,0,0,0,69,0,0,0,0,30,6,0,33
"G","East of England","22","Essex","22UL","Rochford",,,463,291,76,76,0,33,0,0,33,0,0,0,182,32,124,0,18,0,8,172,0,125,0,0,3,0,0,44
"G","East of England","22","Essex","22UN","Tendring",,,2658,2283,56,0,56,176,11,0,146,19,40,40,2011,352,1557,22,35,0,45,375,0,0,0,78,174,21,0,102
"G","East of England","22","Essex","22UQ","Uttlesford",,,1318,391,52,0,52,104,0,0,104,0,0,0,235,46,189,0,0,0,0,927,288,0,0,361,45,0,0,233
"G","East of England","26","Hertfordshire","26UB","Broxbourne",,,309,258,0,0,0,71,6,0,65,0,4,4,183,17,159,0,0,0,7,51,0,0,0,0,0,48,0,3
"G","East of England","26","Hertfordshire","26UC","Dacorum",,,2011,754,27,19,8,61,5,0,56,0,18,18,648,168,459,6,0,0,15,1257,0,703,0,320,51,33,0,150
"G","East of England","26","Hertfordshire","26UD","East Hertfordshire",,,2362,952,101,18,83,18,0,0,18,0,10,10,823,283,527,9,4,0,0,1410,0,0,0,1321,27,13,0,49
"G","East of England","26","Hertfordshire","26UE","Hertsmere",,,2027,1182,46,13,33,97,0,0,97,0,0,0,1039,322,687,0,0,0,30,845,0,0,0,299,125,17,0,404
"G","East of England","26","Hertfordshire","26UF","North Hertfordshire",,,1552,953,12,12,0,25,0,0,0,25,36,36,880,469,411,0,0,0,0,599,0,0,0,307,23,112,0,157
"G","East of England","26","Hertfordshire","26UG","St Albans",,,1606,1086,181,24,157,19,0,0,19,0,25,25,861,371,490,0,0,0,0,520,0,0,0,97,80,108,0,235
"G","East of England","26","Hertfordshire","26UH","Stevenage",,,736,590,52,52,0,10,6,0,4,0,324,324,204,118,86,0,0,0,0,146,0,0,0,18,12,74,0,42
"G","East of England","26","Hertfordshire","26UJ","Three Rivers",,,1024,703,31,25,6,0,0,0,0,0,0,0,672,193,474,0,0,0,5,321,0,0,0,292,6,4,0,19
"G","East of England","26","Hertfordshire","26UK","Watford",,,1215,834,175,9,166,5,0,0,5,0,0,0,654,246,408,0,0,0,0,381,0,0,0,43,6,323,0,9
"G","East of England","26","Hertfordshire","26UL","Welwyn Hatfield",,,2264,808,142,0,142,80,11,0,69,0,41,41,545,252,290,0,0,0,3,1456,0,0,0,457,32,83,0,884
"G","East of England","33","Norfolk","33UB","Breckland",,,2468,1349,24,0,24,202,0,0,172,30,18,18,1105,450,638,9,0,0,8,1119,246,612,0,144,21,57,0,39
"G","East of England","33","Norfolk","33UC","Broadland",,,1768,1693,310,278,32,179,7,0,172,0,0,0,1204,452,691,0,5,0,56,75,0,0,0,3,30,12,0,30
"G","East of England","33","Norfolk","33UD","Great Yarmouth",,,1371,813,3,0,3,89,0,0,89,0,0,0,721,194,490,0,34,0,3,558,0,0,0,0,171,0,0,387
"G","East of England","33","Norfolk","33UE","King's Lynn and West Norfolk",,,2358,1408,174,20,154,156,0,0,156,0,5,5,1073,278,757,16,0,0,22,950,664,0,0,147,62,32,0,45
"G","East of England","33","Norfolk","33UF","North Norfolk",,,2863,1564,33,19,14,131,0,10,121,0,0,0,1400,357,971,8,38,0,26,1299,639,0,0,428,94,32,0,106
"G","East of England","33","Norfolk","33UG","Norwich",,,4446,1091,63,19,44,261,0,0,244,17,10,10,757,148,592,0,4,0,13,3355,0,233,16,2799,37,200,0,70
"G","East of England","33","Norfolk","33UH","South Norfolk",,,1752,996,46,0,46,115,6,0,109,0,10,10,825,280,466,0,79,0,0,756,0,0,0,685,8,29,0,34
"G","East of England","42","Suffolk","42UB","Babergh",,,1592,746,45,0,45,90,8,0,77,5,15,15,596,269,304,0,23,0,0,846,0,0,0,722,29,11,0,84
"G","East of England","42","Suffolk","42UC","Forest Heath",,,1632,273,0,0,0,26,0,0,26,0,0,0,247,158,53,0,36,0,0,1359,3,0,0,0,12,5,0,1339
"G","East of England","42","Suffolk","42UD","Ipswich",,,1597,999,136,86,50,157,5,0,152,0,67,67,639,295,297,0,0,0,47,598,0,0,31,110,57,279,3,118
"G","East of England","42","Suffolk","42UE","Mid Suffolk",,,1394,737,90,0,90,89,0,0,66,23,0,0,558,209,326,0,0,19,4,657,469,0,0,124,21,0,0,43
"G","East of England","42","Suffolk","42UF","St Edmundsbury",,,2774,916,68,6,62,109,0,20,89,0,47,47,692,309,379,0,0,0,4,1858,639,725,0,42,14,84,0,354
"G","East of England","42","Suffolk","42UG","Suffolk Coastal",,,1806,1100,7,0,7,55,0,0,55,0,23,23,1015,349,646,3,0,0,17,706,0,190,0,383,85,27,0,21
"G","East of England","42","Suffolk","42UH","Waveney",,,1666,1041,124,51,73,163,13,0,150,0,21,21,733,74,635,5,0,0,19,625,0,374,0,61,94,28,0,68
"H","London","1B","Inner London","00AA","City of London",,,324,75,75,0,75,0,0,0,0,0,0,0,0,0,0,0,0,0,0,249,0,0,0,43,34,124,0,48
"H","London","1C","Outer London","00AB","Barking and Dagenham",,,1227,641,0,0,0,196,0,35,161,0,11,11,434,283,129,0,0,0,22,586,0,0,0,392,0,121,0,73
"H","London","1C","Outer London","00AC","Barnet",,,4309,2888,174,9,165,117,4,0,113,0,57,57,2540,776,1682,0,34,0,48,1421,52,0,0,550,97,85,0,637
"H","London","1C","Outer London","00AD","Bexley",,,1045,986,11,0,11,13,0,0,13,0,32,32,930,372,481,4,0,0,73,59,0,0,0,0,6,0,0,53
"H","London","1C","Outer London","00AE","Brent",,,2232,899,100,39,61,41,0,0,33,8,72,72,686,390,276,0,8,0,12,1333,0,0,16,376,121,130,0,690
"H","London","1C","Outer London","00AF","Bromley",,,2803,2257,315,149,166,161,4,0,139,18,209,209,1572,634,879,0,44,0,15,546,0,0,0,348,50,38,0,110
"H","London","1B","Inner London","00AG","Camden",,,9296,806,348,65,283,80,0,0,73,7,120,120,258,0,211,0,31,0,16,8490,20,0,25,4779,522,2126,0,1018
"H","London","1C","Outer London","00AH","Croydon",,,3115,2238,170,23,147,271,29,57,185,0,33,33,1764,680,996,49,7,15,17,877,0,0,0,100,369,223,0,185
"H","London","1C","Outer London","00AJ","Ealing",,,2680,1660,358,330,28,144,12,0,129,3,19,19,1139,571,535,7,0,0,26,1020,0,0,18,0,183,483,0,336
"H","London","1C","Outer London","00AK","Enfield",,,3243,2117,522,206,316,129,0,0,129,0,8,8,1458,426,940,0,83,3,6,1126,0,0,0,201,25,0,0,900
"H","London","1C","Outer London","00AL","Greenwich",,,2611,1155,156,0,156,204,4,0,195,5,30,30,765,410,338,0,12,0,5,1456,214,475,0,487,5,144,0,131
"H","London","1B","Inner London","00AM","Hackney",,,1609,650,169,100,69,57,0,0,15,42,42,42,382,167,181,0,16,0,18,959,0,0,0,393,144,218,0,204
"H","London","1B","Inner London","00AN","Hammersmith and Fulham",,,2058,449,117,0,117,47,11,0,36,0,9,9,276,148,99,0,0,0,29,1609,0,335,0,198,299,572,0,205
"H","London","1B","Inner London","00AP","Haringey",,,2130,1017,367,50,317,13,0,0,8,5,76,76,561,101,420,11,8,0,21,1113,0,0,0,532,108,193,0,280
"H","London","1C","Outer London","00AQ","Harrow",,,1715,1174,51,51,0,36,11,0,25,0,36,36,1051,525,506,0,12,0,8,541,49,0,0,94,94,78,0,226
"H","London","1C","Outer London","00AR","Havering",,,1678,1487,285,0,285,180,0,0,180,0,39,39,983,394,584,0,0,0,5,191,0,0,0,0,10,0,0,181
"H","London","1C","Outer London","00AS","Hillingdon",,,4229,1345,291,0,291,168,0,44,105,19,35,35,851,361,415,0,0,0,75,2884,532,0,0,1665,200,140,0,347
"H","London","1C","Outer London","00AT","Hounslow",,,1822,864,143,48,95,101,6,0,95,0,14,14,606,374,209,6,0,0,17,958,255,259,0,132,128,88,0,96
"H","London","1B","Inner London","00AU","Islington",,,3535,420,52,10,42,64,7,0,57,0,94,94,210,137,64,9,0,0,0,3115,0,715,0,1825,73,337,0,165
"H","London","1B","Inner London","00AW","Kensington and Chelsea",,,3484,670,339,23,316,85,0,0,85,0,74,74,172,82,90,0,0,0,0,2814,306,0,0,1005,322,785,0,396
"H","London","1C","Outer London","00AX","Kingston upon Thames",,,3304,1263,238,30,208,128,5,0,123,0,21,21,876,461,409,0,6,0,0,2041,0,0,0,1966,3,51,0,21
"H","London","1B","Inner London","00AY","Lambeth",,,3071,1262,201,27,174,135,3,0,132,0,58,58,868,362,434,13,27,0,32,1809,0,138,19,225,208,798,0,421
"H","London","1B","Inner London","00AZ","Lewisham",,,2367,1094,98,18,80,119,6,0,77,36,88,88,789,384,306,28,61,0,10,1273,0,0,17,231,18,425,0,582
"H","London","1C","Outer London","00BA","Merton",,,1049,883,13,0,13,44,0,0,44,0,0,0,826,397,412,6,8,0,3,166,0,0,0,0,3,79,0,84
"H","London","1B","Inner London","00BB","Newham",,,1695,893,183,55,128,68,0,0,63,5,122,122,520,447,73,0,0,0,0,802,0,0,20,314,90,185,0,193
"H","London","1C","Outer London","00BC","Redbridge",,,2464,1598,270,156,114,121,6,0,98,17,166,166,1041,527,345,8,11,0,150,866,0,0,0,577,102,85,0,102
"H","London","1C","Outer London","00BD","Richmond upon Thames",,,2693,1142,105,58,47,227,3,0,211,13,112,112,698,308,376,0,0,0,14,1551,45,169,0,702,57,67,0,511
"H","London","1B","Inner London","00BE","Southwark",,,5354,846,139,0,139,83,8,51,24,0,90,90,534,342,177,0,0,0,15,4508,0,0,12,3443,53,284,0,716
"H","London","1C","Outer London","00BF","Sutton",,,1766,1635,352,25,327,76,0,0,40,36,46,46,1161,538,563,5,0,43,12,131,0,0,0,0,3,51,0,77
"H","London","1B","Inner London","00BG","Tower Hamlets",,,2119,683,310,0,310,131,0,0,107,24,34,34,208,107,73,0,0,18,10,1436,0,0,0,535,237,244,0,420
"H","London","1C","Outer London","00BH","Waltham Forest",,,1752,1245,166,87,79,193,0,0,188,5,23,23,863,95,682,8,32,0,46,507,0,0,0,0,59,353,0,95
"H","London","1B","Inner London","00BJ","Wandsworth",,,4407,1795,242,233,9,59,0,0,59,0,161,161,1333,696,345,14,4,0,274,2612,0,594,7,1534,10,149,0,318
"H","London","1B","Inner London","00BK","Westminster",,,6273,378,84,43,41,42,0,0,25,17,27,27,225,4,186,0,0,35,0,5895,498,0,0,2103,685,1366,0,1243
"J","South East",,,"00LC","Medway",,,2822,1390,91,0,91,143,6,0,134,3,11,11,1145,354,735,0,42,0,14,1432,645,488,0,81,24,32,0,162
"J","South East",,,"00MA","Bracknell Forest",,,2865,978,464,405,59,91,6,0,81,4,0,0,423,164,188,4,53,0,14,1887,468,0,0,1305,101,3,0,10
"J","South East",,,"00MB","West Berkshire",,,3100,815,21,21,0,83,0,0,83,0,0,0,711,315,381,5,0,0,10,2285,94,0,0,1809,84,172,0,126
"J","South East",,,"00MC","Reading",,,4329,782,68,0,68,203,13,0,190,0,56,56,455,93,362,0,0,0,0,3547,0,63,33,3133,55,94,0,169
"J","South East",,,"00MD","Slough",,,545,316,53,0,53,101,5,34,57,5,0,0,162,40,111,0,0,0,11,229,0,0,0,0,33,25,0,171
"J","South East",,,"00ME","Windsor and Maidenhead",,,3868,934,84,0,84,82,5,0,77,0,9,9,759,412,279,0,68,0,0,2934,285,0,5,2293,153,54,0,144
"J","South East",,,"00MF","Wokingham",,,4406,982,25,0,25,64,0,0,64,0,53,53,840,317,519,4,0,0,0,3424,0,0,0,3312,31,5,0,76
"J","South East",,,"00MG","Milton Keynes",,,1803,1022,40,30,10,85,3,0,35,47,0,0,897,375,469,0,36,0,17,781,0,581,13,33,21,68,0,65
"J","South East",,,"00ML","Brighton and Hove",,,8198,2800,178,36,142,67,4,0,49,14,30,30,2525,945,1548,16,7,0,9,5398,0,0,13,4497,364,353,0,171
"J","South East",,,"00MR","Portsmouth",,,5596,1898,311,131,180,418,12,0,380,26,13,13,1156,349,780,0,24,0,3,3698,1573,137,0,1506,181,210,0,91
"J","South East",,,"00MS","Southampton",,,6997,1486,254,42,212,168,0,0,168,0,73,73,991,99,854,3,0,0,35,5511,0,0,18,5207,45,187,0,54
"J","South East",,,"00MW","Isle of Wight",,,4084,2054,80,13,67,8,0,0,8,0,121,121,1845,279,1538,0,16,0,12,2030,0,1328,0,55,346,98,0,203
"J","South East","11","Buckinghamshire","11UB","Aylesbury Vale",,,4024,1305,212,146,66,47,5,0,42,0,40,40,1006,421,503,0,79,0,3,2719,857,775,0,121,68,20,0,878
"J","South East","11","Buckinghamshire","11UC","Chiltern",,,1601,1072,17,0,17,5,5,0,0,0,56,56,994,189,788,0,0,0,17,529,0,0,0,502,13,0,0,14
"J","South East","11","Buckinghamshire","11UE","South Bucks",,,1118,504,7,0,7,0,0,0,0,0,44,44,453,159,240,0,16,0,38,614,38,0,0,216,100,0,0,260
"J","South East","11","Buckinghamshire","11UF","Wycombe",,,2433,510,34,0,34,46,0,0,46,0,6,6,424,128,275,0,17,0,4,1923,342,0,0,851,24,64,0,642
"J","South East","21","East Sussex","21UC","Eastbourne",,,2850,1817,207,46,161,103,3,33,67,0,11,11,1496,520,951,0,25,0,0,1033,0,0,0,513,331,34,0,155
"J","South East","21","East Sussex","21UD","Hastings",,,1948,1792,130,0,130,52,7,0,45,0,0,0,1610,460,1129,0,21,0,0,156,0,0,0,0,94,24,0,38
"J","South East","21","East Sussex","21UF","Lewes",,,1960,1292,57,5,52,50,0,0,50,0,89,89,1096,539,548,0,9,0,0,668,0,194,0,427,16,0,0,31
"J","South East","21","East Sussex","21UG","Rother",,,2880,1966,63,0,63,25,0,0,25,0,54,54,1824,484,1258,0,33,0,49,914,0,0,0,599,70,6,0,239
"J","South East","21","East Sussex","21UH","Wealden",,,3135,1830,60,60,0,115,0,0,115,0,9,9,1646,563,1017,0,4,10,52,1305,0,0,0,856,104,0,0,345
"J","South East","24","Hampshire","24UB","Basingstoke and Deane",,,1301,866,65,29,36,125,7,0,118,0,12,12,664,312,311,41,0,0,0,435,0,0,0,320,94,8,0,13
"J","South East","24","Hampshire","24UC","East Hampshire",,,2950,1299,14,0,14,100,0,0,100,0,0,0,1185,622,512,0,35,0,16,1651,922,0,0,657,14,18,0,40
"J","South East","24","Hampshire","24UD","Eastleigh",,,868,861,82,9,73,40,5,0,35,0,5,5,734,358,341,0,35,0,0,7,0,0,0,0,7,0,0,0
"J","South East","24","Hampshire","24UE","Fareham",,,2277,1080,93,36,57,3,3,0,0,0,13,13,971,323,607,0,22,0,19,1197,971,0,8,121,69,0,0,28
"J","South East","24","Hampshire","24UF","Gosport",,,2403,889,79,23,56,42,0,0,42,0,7,7,761,286,312,0,15,143,5,1514,1364,132,0,0,8,0,0,10
"J","South East","24","Hampshire","24UG","Hart",,,1892,442,17,10,7,62,7,0,55,0,0,0,363,122,202,0,0,0,39,1450,1183,0,0,74,48,0,0,145
"J","South East","24","Hampshire","24UH","Havant",,,1203,964,39,0,39,99,10,0,86,3,77,77,749,148,594,0,0,0,7,239,0,0,17,0,194,0,0,28
"J","South East","24","Hampshire","24UJ","New Forest",,,2844,2078,86,28,58,170,0,0,170,0,64,64,1758,562,1119,40,0,0,37,766,244,0,0,317,138,5,0,62
"J","South East","24","Hampshire","24UL","Rushmoor",,,2440,659,15,15,0,117,3,0,114,0,0,0,527,234,289,0,0,0,4,1781,1676,0,0,0,31,56,0,18
"J","South East","24","Hampshire","24UN","Test Valley",,,1608,936,16,0,16,135,3,41,91,0,6,6,779,380,390,0,0,0,9,672,231,0,0,345,46,13,0,37
"J","South East","24","Hampshire","24UP","Winchester",,,5805,1230,131,72,59,156,31,0,125,0,39,39,904,466,423,0,8,0,7,4575,1052,532,0,2780,58,83,0,70
"J","South East","29","Kent","29UB","Ashford",,,1404,751,32,24,8,34,4,0,30,0,0,0,685,224,393,61,0,0,7,653,0,0,0,317,63,34,0,239
"J","South East","29","Kent","29UC","Canterbury",,,5670,2127,169,59,110,59,0,0,59,0,134,134,1765,436,1316,0,13,0,0,3543,313,63,0,2730,69,41,0,327
"J","South East","29","Kent","29UD","Dartford",,,1323,996,217,137,80,127,0,0,127,0,0,0,652,373,263,6,0,0,10,327,0,0,0,279,4,39,0,5
"J","South East","29","Kent","29UE","Dover",,,2912,1454,31,5,26,132,6,6,120,0,3,3,1288,245,975,14,51,0,3,1458,398,276,4,676,37,0,0,67
"J","South East","29","Kent","29UG","Gravesham",,,750,567,8,0,8,54,0,54,0,0,0,0,505,149,342,14,0,0,0,183,0,0,0,125,7,29,0,22
"J","South East","29","Kent","29UH","Maidstone",,,2088,1262,158,66,92,12,0,0,12,0,12,12,1080,345,735,0,0,0,0,826,100,383,19,111,45,15,0,153
"J","South East","29","Kent","29UK","Sevenoaks",,,1353,837,5,5,0,9,0,0,9,0,31,31,792,278,493,8,0,0,13,516,0,0,0,456,42,0,0,18
"J","South East","29","Kent","29UL","Shepway",,,2196,1444,25,21,4,88,0,0,88,0,6,6,1325,268,1048,0,9,0,0,752,556,0,0,36,58,0,0,102
"J","South East","29","Kent","29UM","Swale",,,2389,1035,54,0,54,97,0,0,97,0,3,3,881,130,745,6,0,0,0,1354,0,1288,0,0,44,0,0,22
"J","South East","29","Kent","29UN","Thanet",,,3219,2045,42,21,21,66,0,0,60,6,0,0,1937,352,1450,67,63,0,5,1174,12,0,0,531,272,59,0,300
"J","South East","29","Kent","29UP","Tonbridge and Malling",,,1329,696,28,0,28,0,0,0,0,0,3,3,665,173,492,0,0,0,0,633,0,0,0,524,31,5,0,73
"J","South East","29","Kent","29UQ","Tunbridge Wells",,,2753,1449,94,45,49,54,22,0,32,0,73,73,1228,366,827,6,0,20,9,1304,0,105,0,1057,98,19,0,25
"J","South East","38","Oxfordshire","38UB","Cherwell",,,2459,728,15,0,15,149,6,0,143,0,4,4,560,317,243,0,0,0,0,1731,386,523,0,727,43,0,0,52
"J","South East","38","Oxfordshire","38UC","Oxford",,,13997,1063,471,76,395,196,7,0,189,0,0,0,396,188,189,0,0,9,10,12934,0,0,22,10142,105,246,0,2419
"J","South East","38","Oxfordshire","38UD","South Oxfordshire",,,2626,863,131,108,23,188,0,0,188,0,0,0,544,348,185,0,0,0,11,1763,486,210,0,819,152,0,0,96
"J","South East","38","Oxfordshire","38UE","Vale of White Horse",,,3185,566,6,0,6,148,0,0,148,0,0,0,412,138,189,0,0,0,85,2619,881,0,0,1595,25,6,0,112
"J","South East","38","Oxfordshire","38UF","West Oxfordshire",,,2043,725,16,0,16,137,0,0,137,0,0,0,572,392,159,21,0,0,0,1318,0,0,0,326,83,10,0,899
"J","South East","43","Surrey","43UB","Elmbridge",,,1578,1069,48,12,36,103,8,0,95,0,49,49,869,405,437,0,9,18,0,509,0,0,0,302,128,3,0,76
"J","South East","43","Surrey","43UC","Epsom and Ewell",,,1219,801,475,157,318,71,4,0,67,0,4,4,251,82,161,0,0,0,8,418,0,0,0,332,20,0,0,66
"J","South East","43","Surrey","43UD","Guildford",,,5522,817,188,30,158,25,7,0,18,0,50,50,554,190,364,0,0,0,0,4705,1310,214,17,2850,76,131,0,107
"J","South East","43","Surrey","43UE","Mole Valley",,,1441,902,66,31,35,41,0,0,41,0,15,15,780,366,414,0,0,0,0,539,27,0,0,385,94,12,0,21
"J","South East","43","Surrey","43UF","Reigate and Banstead",,,3264,1790,111,32,79,78,5,0,73,0,48,48,1553,729,759,12,21,0,32,1474,0,782,0,474,139,32,0,47
"J","South East","43","Surrey","43UG","Runnymede",,,3870,575,32,18,14,57,0,0,57,0,89,89,397,169,228,0,0,0,0,3295,0,0,0,3126,76,0,0,93
"J","South East","43","Surrey","43UH","Spelthorne",,,647,564,89,22,67,38,0,0,38,0,0,0,437,248,182,0,0,0,7,83,0,0,0,28,28,0,0,27
"J","South East","43","Surrey","43UJ","Surrey Heath",,,1623,682,73,10,63,96,0,0,96,0,13,13,500,360,140,0,0,0,0,941,281,251,0,333,57,0,0,19
"J","South East","43","Surrey","43UK","Tandridge",,,2073,1161,193,8,185,39,0,0,39,0,30,30,899,389,437,15,9,0,49,912,0,0,0,362,467,0,0,83
"J","South East","43","Surrey","43UL","Waverley",,,4255,1407,58,0,58,175,0,0,175,0,16,16,1158,519,573,0,26,3,37,2848,0,0,0,2307,81,24,0,436
"J","South East","43","Surrey","43UM","Woking",,,737,705,57,34,23,68,25,0,35,8,17,17,563,98,459,0,6,0,0,32,0,0,0,6,0,8,0,18
"J","South East","45","West Sussex","45UB","Adur",,,888,635,21,7,14,99,3,0,96,0,0,0,515,233,279,3,0,0,0,253,0,0,0,246,0,7,0,0
"J","South East","45","West Sussex","45UC","Arun",,,3933,2873,14,4,10,254,5,0,245,4,49,49,2556,816,1582,6,51,0,101,1060,0,225,3,243,521,15,0,53
"J","South East","45","West Sussex","45UD","Chichester",,,2909,1426,72,49,23,174,5,35,134,0,0,0,1180,321,732,0,85,24,18,1483,410,0,0,804,85,103,0,81
"J","South East","45","West Sussex","45UE","Crawley",,,616,496,54,0,54,111,7,0,104,0,0,0,331,238,90,0,0,0,3,120,0,0,0,0,72,14,0,34
"J","South East","45","West Sussex","45UF","Horsham",,,2922,1161,47,24,23,141,0,0,141,0,7,7,966,563,333,22,0,0,48,1761,0,0,0,1654,34,3,0,70
"J","South East","45","West Sussex","45UG","Mid Sussex",,,2952,1505,90,0,90,111,4,0,107,0,63,63,1241,594,614,0,22,0,11,1447,0,0,0,1048,177,35,0,187
"J","South East","45","West Sussex","45UH","Worthing",,,2515,2308,144,23,121,60,3,0,57,0,59,59,2045,696,1167,0,113,0,69,207,0,0,0,0,90,29,0,88
"K","South West",,,"00HA","Bath and North East Somerset",,,4804,1652,195,15,180,215,0,0,215,0,20,20,1222,712,481,0,23,0,6,3152,0,0,0,2830,114,99,0,109
"K","South West",,,"00HB","Bristol, City of",,,10140,3546,435,107,328,579,10,32,507,30,0,0,2532,1131,1226,73,74,0,28,6594,0,157,37,5039,121,526,0,714
"K","South West",,,"00HC","North Somerset",,,3752,3187,51,44,7,59,0,0,54,5,88,88,2989,1328,1526,3,83,0,49,565,0,0,10,197,126,110,19,103
"K","South West",,,"00HD","South Gloucestershire",,,3139,1838,66,6,60,229,19,3,207,0,0,0,1543,665,865,0,0,0,13,1301,0,681,0,220,34,47,0,319
"K","South West",,,"00HG","Plymouth",,,6364,2684,51,38,13,151,10,0,141,0,32,32,2450,925,1440,3,25,0,57,3680,1046,0,0,2077,129,154,0,274
"K","South West",,,"00HH","Torbay",,,3561,2541,5,0,5,90,4,0,82,4,40,40,2406,535,1700,8,79,0,84,1020,0,0,0,15,694,59,0,252
"K","South West",,,"00HN","Bournemouth",,,5408,3109,156,105,51,91,8,0,83,0,8,8,2854,697,2014,0,37,0,106,2299,0,0,11,777,922,368,0,221
"K","South West",,,"00HP","Poole",,,2583,1494,116,22,94,133,0,0,99,34,0,0,1245,436,774,0,22,3,10,1089,42,0,0,377,143,70,0,457
"K","South West",,,"00HX","Swindon",,,1402,1138,96,23,73,178,0,0,175,3,0,0,864,455,396,0,10,0,3,264,0,0,0,0,47,209,0,8
"K","South West","15","Cornwall and Isles of Scilly","15UB","Caradon",,,1318,829,3,0,3,0,0,0,0,0,17,17,809,270,496,0,0,0,43,489,401,0,0,0,33,0,0,55
"K","South West","15","Cornwall and Isles of Scilly","15UC","Carrick",,,1548,1007,108,10,98,0,0,0,0,0,0,0,899,275,576,0,33,0,15,541,0,0,0,272,169,16,0,84
"K","South West","15","Cornwall and Isles of Scilly","15UD","Kerrier",,,1357,810,41,14,27,6,0,0,3,3,17,17,746,249,473,7,0,0,17,547,396,0,0,0,60,17,0,74
"K","South West","15","Cornwall and Isles of Scilly","15UE","North Cornwall",,,1368,1121,38,31,7,0,0,0,0,0,0,0,1083,366,625,0,34,0,58,247,0,0,0,82,118,3,0,44
"K","South West","15","Cornwall and Isles of Scilly","15UF","Penwith",,,1085,827,15,0,15,41,0,0,41,0,0,0,771,350,411,0,10,0,0,258,0,0,0,0,204,28,0,26
"K","South West","15","Cornwall and Isles of Scilly","15UG","Restormel",,,1605,993,24,9,15,0,0,0,0,0,10,10,959,249,678,0,26,0,6,612,0,0,0,0,188,85,0,339
"K","South West","15","Cornwall and Isles of Scilly","15UH","Isles of Scilly",,,136,28,0,0,0,10,0,0,10,0,0,0,18,18,0,0,0,0,0,108,0,0,0,0,54,0,0,54
"K","South West","18","Devon","18UB","East Devon",,,3474,1987,13,7,6,59,0,0,50,9,35,35,1880,449,1431,0,0,0,0,1487,728,0,0,379,218,29,0,133
"K","South West","18","Devon","18UC","Exeter",,,5454,1243,82,31,51,117,15,0,95,7,156,156,888,278,584,3,23,0,0,4211,0,215,0,926,54,193,0,2823
"K","South West","18","Devon","18UD","Mid Devon",,,887,664,5,0,5,139,6,0,133,0,42,42,478,68,383,3,24,0,0,223,0,0,0,178,8,16,0,21
"K","South West","18","Devon","18UE","North Devon",,,1952,1197,6,0,6,76,4,0,65,7,0,0,1115,325,672,0,35,0,83,755,3,0,0,161,395,9,0,187
"K","South West","18","Devon","18UG","South Hams",,,2031,1130,0,0,0,50,0,0,50,0,45,45,1035,361,622,11,35,0,6,901,462,0,0,191,127,5,0,116
"K","South West","18","Devon","18UH","Teignbridge",,,3361,2016,129,85,44,89,0,0,82,7,60,60,1738,456,1279,3,0,0,0,1345,0,575,0,504,101,11,0,154
"K","South West","18","Devon","18UK","Torridge",,,1176,765,9,9,0,56,0,0,56,0,0,0,700,282,411,0,0,0,7,411,0,0,0,302,55,7,0,47
"K","South West","18","Devon","18UL","West Devon",,,1675,680,14,0,14,37,0,0,37,0,36,36,593,210,383,0,0,0,0,995,0,582,10,338,37,0,0,28
"K","South West","19","Dorset","19UC","Christchurch",,,448,415,3,0,3,32,0,0,32,0,90,90,290,172,118,0,0,0,0,33,0,0,0,0,33,0,0,0
"K","South West","19","Dorset","19UD","East Dorset",,,878,619,12,0,12,42,0,0,42,0,0,0,565,223,339,0,0,0,3,259,46,0,0,160,29,0,0,24
"K","South West","19","Dorset","19UE","North Dorset",,,3751,397,3,3,0,59,0,0,59,0,0,0,335,93,242,0,0,0,0,3354,1262,478,0,1573,14,8,0,19
"K","South West","19","Dorset","19UG","Purbeck",,,881,387,13,0,13,25,0,0,25,0,0,0,349,88,261,0,0,0,0,494,0,0,0,354,133,7,0,0
"K","South West","19","Dorset","19UH","West Dorset",,,2715,1229,30,0,30,104,10,0,94,0,0,0,1095,404,645,3,12,0,31,1486,31,68,0,1189,52,22,0,124
"K","South West","19","Dorset","19UJ","Weymouth and Portland",,,2181,893,53,15,38,54,5,0,49,0,0,0,786,173,542,0,54,0,17,1288,0,1110,21,0,38,35,0,84
"K","South West","23","Gloucestershire","23UB","Cheltenham",,,3376,1336,53,7,46,0,0,0,0,0,47,47,1236,492,606,0,37,13,88,2040,0,0,0,1667,51,44,0,278
"K","South West","23","Gloucestershire","23UC","Cotswold",,,1493,629,13,0,13,0,0,0,0,0,0,0,616,471,136,0,0,3,6,864,113,0,0,540,170,21,0,20
"K","South West","23","Gloucestershire","23UD","Forest of Dean",,,1494,775,18,0,18,61,0,45,16,0,4,4,692,379,296,11,0,0,6,719,132,0,0,561,19,3,0,4
"K","South West","23","Gloucestershire","23UE","Gloucester",,,1565,1054,59,18,41,101,8,40,53,0,70,70,824,454,304,5,54,0,7,511,0,108,12,55,138,123,0,75
"K","South West","23","Gloucestershire","23UF","Stroud",,,1873,1239,81,20,61,88,6,0,82,0,0,0,1070,461,569,3,37,0,0,634,0,0,0,508,48,26,0,52
"K","South West","23","Gloucestershire","23UG","Tewkesbury",,,857,589,15,0,15,0,0,0,0,0,0,0,574,375,146,6,0,0,47,268,152,0,0,8,68,0,0,40
"K","South West","40","Somerset","40UB","Mendip",,,3215,1227,70,53,17,76,9,0,44,23,28,28,1053,610,425,3,0,0,15,1988,0,149,0,1614,128,45,0,52
"K","South West","40","Somerset","40UC","Sedgemoor",,,1784,1079,6,6,0,33,11,0,22,0,14,14,1026,322,593,8,17,0,86,705,0,0,14,508,128,3,0,52
"K","South West","40","Somerset","40UD","South Somerset",,,3303,1470,89,4,85,17,6,0,11,0,41,41,1323,493,806,16,3,0,5,1833,602,0,0,1011,53,60,0,107
"K","South West","40","Somerset","40UE","Taunton Deane",,,2976,1428,83,32,51,82,14,0,35,33,23,23,1240,620,566,22,27,0,5,1548,371,0,0,1037,31,64,0,45
"K","South West","40","Somerset","40UF","West Somerset",,,1338,540,15,12,3,0,0,0,0,0,14,14,511,87,405,4,15,0,0,798,0,0,0,10,726,3,0,59
"K","South West","46","Wiltshire","46UB","Kennet",,,4021,605,39,31,8,40,0,0,35,5,15,15,511,249,253,0,0,0,9,3416,1761,314,0,1170,72,72,0,27
"K","South West","46","Wiltshire","46UC","North Wiltshire",,,2672,1008,132,0,132,0,0,0,0,0,4,4,872,311,551,0,0,0,10,1664,1144,0,0,359,81,10,0,70
"K","South West","46","Wiltshire","46UD","Salisbury",,,3967,1318,225,28,197,59,7,0,52,0,0,0,1034,483,519,9,9,0,14,2649,1709,0,0,728,63,48,0,101
"K","South West","46","Wiltshire","46UF","West Wiltshire",,,1998,1091,64,22,42,36,0,0,36,0,29,29,962,356,557,0,49,0,0,907,400,0,0,327,94,40,0,46
,,,,"00NA","Isle of Anglesey",,,662,528,15,15,0,105,3,0,102,0,0,0,408,123,270,0,15,0,0,134,61,0,0,0,7,4,0,62
,,,,"00NC","Gwynedd",,,3006,1054,105,9,96,311,5,0,306,0,0,0,638,302,285,0,0,0,51,1952,0,0,0,1468,96,51,0,337
,,,,"00NE","Conwy",,,2364,1785,180,123,57,181,0,0,181,0,0,0,1424,553,784,3,7,0,77,579,0,0,0,315,162,20,0,82
,,,,"00NG","Denbighshire",,,1855,1390,37,8,29,87,0,0,84,3,0,0,1266,411,810,0,38,0,7,465,0,0,0,122,77,16,0,250
,,,,"00NJ","Flintshire",,,1060,858,15,12,3,101,0,0,101,0,0,0,742,407,312,5,13,0,5,202,22,0,0,23,9,21,0,127
,,,,"00NL","Wrexham",,,1644,1281,18,0,18,88,3,0,80,5,0,0,1175,666,453,0,24,0,32,363,0,0,13,283,4,16,0,47
,,,,"00NN","Powys",,,1581,998,94,0,94,91,0,57,34,0,0,0,813,240,559,4,0,0,10,583,109,0,0,240,84,5,0,145
,,,,"00NQ","Ceredigion",,,2815,599,18,0,18,196,0,0,196,0,0,0,385,123,172,0,0,0,90,2216,0,0,0,2128,15,29,0,44
,,,,"00NS","Pembrokeshire",,,1374,1086,37,0,37,143,0,0,143,0,3,3,903,432,454,0,14,0,3,288,75,0,0,72,44,18,0,79
,,,,"00NU","Carmarthenshire",,,2597,1844,137,67,70,439,41,0,398,0,14,14,1254,573,564,0,117,0,0,753,0,0,0,499,11,13,0,230
,,,,"00NX","Swansea",,,3604,2231,359,111,248,271,0,0,271,0,30,30,1571,1047,403,0,73,0,48,1373,0,79,0,1109,13,81,0,91
,,,,"00NZ","Neath Port Talbot",,,1137,1064,62,20,42,350,27,0,323,0,3,3,649,411,199,0,0,0,39,73,0,0,0,0,12,5,0,56
,,,,"00PB","Bridgend",,,1537,1041,137,0,137,202,15,0,187,0,0,0,702,303,379,0,8,0,12,496,0,393,0,41,44,3,0,15
,,,,"00PD","The Vale of Glamorgan",,,1890,1307,136,9,127,106,0,0,106,0,50,50,1015,492,523,0,0,0,0,583,260,0,0,315,3,0,0,5
,,,,"00PF","Rhondda, Cynon, Taff",,,2593,1424,204,76,128,338,16,0,322,0,0,0,882,601,206,0,75,0,0,1169,0,0,0,0,17,8,0,1144
,,,,"00PH","Merthyr Tydfil",,,343,329,35,0,35,128,0,0,125,3,0,0,166,78,88,0,0,0,0,14,0,0,0,0,0,10,0,4
,,,,"00PK","Caerphilly",,,1087,1040,64,0,64,237,0,0,218,19,15,15,724,399,266,0,24,0,35,47,0,0,0,0,21,3,0,23
,,,,"00PL","Blaenau Gwent",,,697,644,88,28,60,164,0,0,164,0,24,24,368,257,70,0,41,0,0,53,0,0,0,0,0,24,0,29
,,,,"00PM","Torfaen",,,775,645,88,10,78,120,0,0,120,0,24,24,413,262,151,0,0,0,0,130,0,0,0,6,5,4,0,115
,,,,"00PP","Monmouthshire",,,1397,731,34,12,22,57,0,0,57,0,0,0,640,378,127,0,132,0,3,666,0,323,0,280,15,3,0,45
,,,,"00PR","Newport",,,1644,1025,72,36,36,167,19,0,148,0,17,17,769,474,200,0,31,0,64,619,0,0,0,472,24,56,0,67
,,,,"00PT","Cardiff",,,7938,1802,135,26,109,140,14,0,126,0,250,250,1277,633,638,0,0,0,6,6136,0,576,20,4637,53,158,0,692