DATASET_TITLE,Household Type (UV68),,,,,,,,FROM,Apr-2001,Apr-2001,Apr-2001,Apr-2001,Apr-2001,Apr-2001,Apr-2001,Apr-2001,Apr-2001,Apr-2001
AREA_TYPE,Country,,,,,,,,TO,Apr-2001,Apr-2001,Apr-2001,Apr-2001,Apr-2001,Apr-2001,Apr-2001,Apr-2001,Apr-2001,Apr-2001
GEO_HIERARCHY,NeSS Geography Hierarchy,,,,,,,,HEADING,All Households,Married couple household with dependent child(ren),Married couple household with no dependent child(ren),Cohabiting couple household with dependent child(ren),Cohabiting couple household with no dependent child(ren),Lone parent household with dependent child(ren),Lone parent household with no dependent child(ren),One person household,Multi person household: All student,Multi person household: All other
,,,,,,,,,MEASUREMENT_UNIT,Count,Count,Count,Count,Count,Count,Count,Count,Count,Count
,,,,,,,,,STATISTICAL_UNIT,Households,Households,Households,Households,Households,Households,Households,Households,Households,Households
UK_CODE,UK_NAME,GB_CODE,GB_NAME,EW_CODE,EW_NAME,CTRY_CODE,CTRY_NAME,AREA_METADATA,,DATA_VALUE,DATA_VALUE,DATA_VALUE,DATA_VALUE,DATA_VALUE,DATA_VALUE,DATA_VALUE,DATA_VALUE,DATA_VALUE,DATA_VALUE
"213","United Kingdom","078","Great Britain","727","England and Wales","064","England",,,20451427,3792961,5881571,694017,1175109,1458745,682457,6150264,75304,540999
"213","United Kingdom","078","Great Britain","727","England and Wales","220","Wales",,,1209048,221408,366602,42396,55780,96506,44530,352348,4878,24600