DATASET_TITLE,Age - Workplace Population (UV75),,,,,,FROM,Apr-2001,Apr-2001,Apr-2001,Apr-2001,Apr-2001,Apr-2001,Apr-2001
AREA_TYPE,Local Authority,,,,,,TO,Apr-2001,Apr-2001,Apr-2001,Apr-2001,Apr-2001,Apr-2001,Apr-2001
GEO_HIERARCHY,NeSS Geography Hierarchy,,,,,,HEADING,All People,Less than 20 years old,20 to 29 years old,30 to 39 years old,40 to 49 years old,50 to 59 years old,More than 59 years old
,,,,,,,MEASUREMENT_UNIT,Count,Count,Count,Count,Count,Count,Count
,,,,,,,STATISTICAL_UNIT,Persons,Persons,Persons,Persons,Persons,Persons,Persons
GOR_CODE,GOR_NAME,CTY_CODE,CTY_NAME,LA_CODE,LA_NAME,AREA_METADATA,,DATA_VALUE,DATA_VALUE,DATA_VALUE,DATA_VALUE,DATA_VALUE,DATA_VALUE,DATA_VALUE
"B","North West",,,"00BL","Bolton",,,106750,6181,20984,28444,24751,21319,5071
"B","North West",,,"00BM","Bury",,,62868,3641,11073,16635,14897,13168,3454
"B","North West",,,"00BN","Manchester",,,267458,11182,67532,78838,58711,40785,10410
"B","North West",,,"00BP","Oldham",,,82969,4555,14899,22179,20073,17021,4242
"B","North West",,,"00BQ","Rochdale",,,76695,4072,14237,20591,18618,15262,3915
"B","North West",,,"00BR","Salford",,,102299,4484,21043,29197,24394,18478,4703
"B","North West",,,"00BS","Stockport",,,118781,6424,21706,32007,28291,23624,6729
"B","North West",,,"00BT","Tameside",,,74944,3799,12700,20926,18234,15408,3877
"B","North West",,,"00BU","Trafford",,,113018,7024,24323,30420,25712,19913,5626
"B","North West",,,"00BW","Wigan",,,106309,6350,19875,28664,24977,21911,4532
"B","North West",,,"00BX","Knowsley",,,53126,2172,9624,14824,14630,9649,2227
"B","North West",,,"00BY","Liverpool",,,203717,10221,43098,56523,50891,34113,8871
"B","North West",,,"00BZ","St. Helens",,,58240,3283,10683,15657,14442,11552,2623
"B","North West",,,"00CA","Sefton",,,95200,5684,15711,24276,24495,19227,5807
"B","North West",,,"00CB","Wirral",,,100574,5949,17012,25099,25547,21344,5623
"B","North West",,,"00ET","Halton",,,52796,2523,10158,14515,13515,10005,2080
"B","North West",,,"00EU","Warrington",,,102509,5603,20907,29053,24171,18433,4342
"B","North West",,,"00EX","Blackburn with Darwen",,,58954,3079,11849,16433,14056,11106,2431
"B","North West",,,"00EY","Blackpool",,,59323,3454,10462,15262,13878,12444,3823
"B","North West","13","Cheshire","13UB","Chester",,,66411,3915,14943,16977,14773,12331,3472
"B","North West","13","Cheshire","13UC","Congleton",,,33929,1790,5490,8787,8159,7634,2069
"B","North West","13","Cheshire","13UD","Crewe and Nantwich",,,51092,2857,9361,13332,12519,10397,2626
"B","North West","13","Cheshire","13UE","Ellesmere Port & Neston",,,34443,2050,5646,9126,8645,7027,1949
"B","North West","13","Cheshire","13UG","Macclesfield",,,79436,4162,15131,21274,18543,15541,4785
"B","North West","13","Cheshire","13UH","Vale Royal",,,46339,2772,8282,11932,11131,9612,2610
"B","North West","16","Cumbria","16UB","Allerdale",,,36022,1976,6112,8806,8829,8091,2208
"B","North West","16","Cumbria","16UC","Barrow-in-Furness",,,28419,1643,5014,7558,7105,5927,1172
"B","North West","16","Cumbria","16UD","Carlisle",,,49792,2695,9167,12597,12607,10079,2647
"B","North West","16","Cumbria","16UE","Copeland",,,31146,1327,5283,8779,8214,6172,1371
"B","North West","16","Cumbria","16UF","Eden",,,23960,1271,3979,5867,5838,5130,1875
"B","North West","16","Cumbria","16UG","South Lakeland",,,47339,2561,7842,11440,11548,10513,3435
"B","North West","30","Lancashire","30UD","Burnley",,,38249,2314,7032,10158,9554,7573,1618
"B","North West","30","Lancashire","30UE","Chorley",,,36579,2265,6483,9225,8885,7804,1917
"B","North West","30","Lancashire","30UF","Fylde",,,40564,1886,7027,11005,10573,7884,2189
"B","North West","30","Lancashire","30UG","Hyndburn",,,31467,1701,6077,8470,7417,6284,1518
"B","North West","30","Lancashire","30UH","Lancaster",,,53005,3240,9631,13537,12761,10811,3025
"B","North West","30","Lancashire","30UJ","Pendle",,,32609,1914,6003,8369,8048,6626,1649
"B","North West","30","Lancashire","30UK","Preston",,,78544,4579,16979,21260,18329,14074,3323
"B","North West","30","Lancashire","30UL","Ribble Valley",,,24096,1414,4079,6218,6117,4906,1362
"B","North West","30","Lancashire","30UM","Rossendale",,,22911,1224,4158,5951,5526,4914,1138
"B","North West","30","Lancashire","30UN","South Ribble",,,41696,2357,7389,11008,10042,8646,2254
"B","North West","30","Lancashire","30UP","West Lancashire",,,43787,2421,7833,11304,10392,9245,2592
"B","North West","30","Lancashire","30UQ","Wyre",,,34419,2140,5512,8620,8256,7328,2563