DATASET_TITLE,"GCSE and Equivalent Results for Young People by Gender in England (Referenced by Location of Pupil Residence), 2003/2004",,,,,,,,FROM,Sep-2003,Sep-2003,Sep-2003,Sep-2003,Sep-2003,Sep-2003,Sep-2003,Sep-2003,Sep-2003,Sep-2003,Sep-2003,Sep-2003,Sep-2003,Sep-2003,Sep-2003,Sep-2003,Sep-2003,Sep-2003,Sep-2003,Sep-2003,Sep-2003,Sep-2003,Sep-2003,Sep-2003
AREA_TYPE,Former Local Authority,,,,,,,,TO,Aug-2004,Aug-2004,Aug-2004,Aug-2004,Aug-2004,Aug-2004,Aug-2004,Aug-2004,Aug-2004,Aug-2004,Aug-2004,Aug-2004,Aug-2004,Aug-2004,Aug-2004,Aug-2004,Aug-2004,Aug-2004,Aug-2004,Aug-2004,Aug-2004,Aug-2004,Aug-2004,Aug-2004
GEO_HIERARCHY,NeSS Geography Hierarchy,,,,,,,,HEADING,15 Year Old Pupils; Total,All 15 Year Old Pupils Achieving 5+ A* - C,All 15 Year Old Pupils Achieving 5+ A* - G,All 15 Year Old Pupils Achieving 5+ A* - G Including English and Mathematics,All 15 Year Old Pupils With Any Passes,All 15 Year Old Pupils with No Passes,Average GCSE and Equivalent Point Score Per Pupil,Average Capped GCSE and Equivalent Point Score Per Pupil,15 Year Old Boy Pupils; Total,15 Year Old Boy Pupils Achieving 5+ A* - C,15 Year Old Boy Pupils Achieving 5+ A* - G,15 Year Old Boy Pupils Achieving 5+ A* - G Including English and Mathematics,15 Year Old Boy Pupils With Any Passes,15 Year Old Boy Pupils with No Passes,Average GCSE and Equivalent Point Score Per Boy Pupil,Average Capped GCSE and Equivalent Point Score Per Boy Pupil,15 Year Old Girl Pupils; Total,15 Year Old Girl Pupils Achieving 5+ A* - C,15 Year Old Girl Pupils Achieving 5+ A* - G,15 Year Old Girl Pupils Achieving 5+ A* - G Including English and Mathematics,15 Year Old Girl Pupils With Any Passes,15 Year Old Girl Pupils with No Passes,Average GCSE and Equivalent Point Score Per Girl Pupil,Average Capped GCSE and Equivalent Point Score Per Girl Pupil
,,,,,,,,,MEASUREMENT_UNIT,Count,Percentage,Percentage,Percentage,Percentage,Percentage,Score,Score,Count,Percentage,Percentage,Percentage,Percentage,Percentage,Score,Score,Count,Percentage,Percentage,Percentage,Percentage,Percentage,Score,Score
,,,,,,,,,STATISTICAL_UNIT,Persons,Persons,Persons,Persons,Persons,Persons,Persons,Persons,Persons,Persons,Persons,Persons,Persons,Persons,Persons,Persons,Persons,Persons,Persons,Persons,Persons,Persons,Persons,Persons
GOR_CODE,GOR_NAME,CTY_CODE,CTY_NAME,LA_CODE,LA_NAME,FLA_CODE,FLA_NAME,AREA_METADATA,,DATA_VALUE,DATA_VALUE,DATA_VALUE,DATA_VALUE,DATA_VALUE,DATA_VALUE,DATA_VALUE,DATA_VALUE,DATA_VALUE,DATA_VALUE,DATA_VALUE,DATA_VALUE,DATA_VALUE,DATA_VALUE,DATA_VALUE,DATA_VALUE,DATA_VALUE,DATA_VALUE,DATA_VALUE,DATA_VALUE,DATA_VALUE,DATA_VALUE,DATA_VALUE,DATA_VALUE
"A","North East",,,"00EJ","Durham","20UB","Chester-le-Street",,,651,54.8,90.6,88.6,96.6,3.4,331.8,279.1,323,50.8,88.9,87,95.7,4.3,319.4,269.6,328,58.8,92.4,90.2,97.6,2.4,344,288.4
"A","North East",,,"00EJ","Durham","20UD","Derwentside",,,1070,47.9,87.1,84.9,93.6,6.4,315,266.4,538,44.8,84.2,82.5,92.8,7.2,301.6,255,532,51.1,90,87.2,94.5,5.5,328.5,278
"A","North East",,,"00EJ","Durham","20UE","Durham",,,898,55.8,91.5,89.9,96.9,3.1,354.9,293.2,463,52.3,89.6,87.9,95.5,4.5,340.7,283.1,435,59.5,93.6,92,98.4,1.6,370.1,303.9
"A","North East",,,"00EJ","Durham","20UF","Easington",,,1297,37.9,86.9,83.7,94.8,5.2,294,248.2,681,32.6,83.3,79.7,94,6,268.9,230.1,616,43.8,90.9,88,95.8,4.2,321.7,268.2
"A","North East",,,"00EJ","Durham","20UG","Sedgefield",,,1186,47.3,86.1,83.8,96.5,3.5,325.1,263.4,606,43.6,83.5,80.9,94.9,5.1,302.6,247.8,580,51.2,88.8,86.9,98.3,1.7,348.5,279.7
"A","North East",,,"00EJ","Durham","20UH","Teesdale",,,256,53.5,94.1,94.1,97.7,2.3,346.6,293.4,147,48.3,x,x,x,x,323.9,276,109,60.6,x,x,x,x,377.3,316.9
"A","North East",,,"00EJ","Durham","20UJ","Wear Valley",,,862,42.8,82.7,80.6,95.4,4.6,301.8,249.3,440,37,79.1,77,95.2,4.8,275.1,230.8,422,48.8,86.5,84.4,95.5,4.5,329.6,268.6
"A","North East",,,"00EM","Northumberland","35UB","Alnwick",,,385,61,94.3,93.2,96.1,3.9,362.3,300,189,56.1,93.1,92.1,96.3,3.7,348.5,286.5,196,65.8,95.4,94.4,95.9,4.1,375.6,313
"A","North East",,,"00EM","Northumberland","35UC","Berwick-upon-Tweed",,,295,58.6,90.8,87.1,95.6,4.4,367.8,283.7,147,47.6,x,x,x,x,337.3,266.3,148,69.6,x,x,x,x,398,301
"A","North East",,,"00EM","Northumberland","35UD","Blyth Valley",,,1060,50,88.4,87.2,94.6,5.4,338.2,267.7,546,44.9,84.8,83.5,92.3,7.7,313.7,249.9,514,55.4,92.2,91.1,97.1,2.9,364.3,286.7
"A","North East",,,"00EM","Northumberland","35UE","Castle Morpeth",,,562,67.6,93.4,91.8,97.3,2.7,379.6,311.7,294,63.3,91.2,89.5,96.6,3.4,361.2,295.5,268,72.4,95.9,94.4,98.1,1.9,399.7,329.5
"A","North East",,,"00EM","Northumberland","35UF","Tynedale",,,717,61.9,96,95.1,98.5,1.5,358.8,316.4,359,55.4,93.9,93.3,x,x,337.7,298.9,358,68.4,98,96.9,x,x,380,334
"A","North East",,,"00EM","Northumberland","35UG","Wansbeck",,,794,46.3,89.5,87.5,95.3,4.7,328.1,268.2,431,41.1,88.4,85.8,94.9,5.1,312.3,257.5,363,52.6,90.9,89.5,95.9,4.1,346.8,280.9
"B","North West",,,"00EQ","Cheshire East","13UC","Congleton",,,931,67.3,95.4,94,97.6,2.4,373.5,318.4,410,60.2,93.4,91.7,96.8,3.2,346.8,299.8,521,72.9,96.9,95.8,98.3,1.7,394.5,333
"B","North West",,,"00EQ","Cheshire East","13UD","Crewe and Nantwich",,,1326,56.3,91.6,90.6,97.6,2.4,343.3,289.8,655,48.7,89.6,88.9,96.9,3.1,319.6,272.4,671,63.6,93.6,92.3,98.2,1.8,366.4,306.8
"B","North West",,,"00EQ","Cheshire East","13UG","Macclesfield",,,1580,66.3,93.9,92.5,96.8,3.2,374.5,317,792,64.1,92.7,90.9,95.8,4.2,360,304.3,788,68.5,95.2,94.2,97.7,2.3,389.1,329.8
"B","North West",,,"00EW","Cheshire West and Chester","13UB","Chester",,,1304,57.6,92.5,91.1,97.1,2.9,345.1,298.5,651,52.7,90.2,88.8,96.3,3.7,323.6,283.2,653,62.5,94.8,93.4,97.9,2.1,366.6,313.9
"B","North West",,,"00EW","Cheshire West and Chester","13UE","Ellesmere Port & Neston",,,1083,51.6,92.4,89.8,96.3,3.7,322.6,283.2,543,50.1,92.3,89.7,96.3,3.7,314.3,276.4,540,53.1,92.6,90,96.3,3.7,330.9,290
"B","North West",,,"00EW","Cheshire West and Chester","13UH","Vale Royal",,,1607,61.4,91.6,90.2,97.1,2.9,362.3,301.8,810,55.9,90.6,89.1,96.9,3.1,343.2,290,797,67,92.6,91.2,97.2,2.8,381.6,313.7
"F","West Midlands",,,"00GG","Shropshire","39UB","Bridgnorth",,,574,57.7,93.6,91.3,97.9,2.1,361.9,298.7,297,50.2,91.9,88.9,x,x,337.9,280.3,277,65.7,95.3,93.9,x,x,387.6,318.5
"F","West Midlands",,,"00GG","Shropshire","39UC","North Shropshire",,,689,55.3,88,86.6,95.6,4.4,351.6,288.8,356,49.4,86,84.3,95.2,4.8,324.8,272.5,333,61.6,90.1,89.2,96.1,3.9,380.4,306.3
"F","West Midlands",,,"00GG","Shropshire","39UD","Oswestry",,,434,62.2,93.8,92.9,98.8,1.2,379.6,303.9,231,58.4,92.2,90.5,x,x,361.2,291.7,203,66.5,95.6,95.6,x,x,400.7,317.8
"F","West Midlands",,,"00GG","Shropshire","39UE","Shrewsbury and Atcham",,,1138,64.2,93.9,92.4,97.1,2.9,385.2,309.3,582,59.8,90.7,89.2,95.5,4.5,368.6,294,556,68.9,97.3,95.7,98.7,1.3,402.7,325.3
"F","West Midlands",,,"00GG","Shropshire","39UF","South Shropshire",,,460,55.7,90.9,88.3,98.5,1.5,349.9,291.9,245,46.1,84.9,81.6,x,x,313.1,265.1,215,66.5,97.7,95.8,x,x,391.9,322.5
"G","East of England",,,"00KC","Central Bedfordshire","09UC","Mid Bedfordshire",,,1460,55.5,93.4,92.4,97.5,2.5,360.2,295.6,776,48.1,91.8,91.2,97.4,2.6,338.3,280.9,684,63.9,95.2,93.7,97.5,2.5,385.1,312.3
"G","East of England",,,"00KC","Central Bedfordshire","09UE","South Bedfordshire",,,1548,51.4,92.2,91.7,98,2,335.7,286.8,802,47.8,91.1,90.5,97.8,2.2,323.4,276,746,55.2,93.3,92.9,98.3,1.7,348.9,298.4
"K","South West",,,"00HE","Cornwall","15UB","Caradon",,,1042,58.1,93.8,92.4,96.8,3.2,361.6,299.4,542,50.2,92.6,91.1,96.1,3.9,335.4,282.3,500,66.6,95,93.8,97.6,2.4,389.9,318.1
"K","South West",,,"00HE","Cornwall","15UC","Carrick",,,979,58,91.8,91.1,96.7,3.3,363.2,295.6,496,51.8,90.1,89.5,97.2,2.8,344.4,282.3,483,64.4,93.6,92.8,96.3,3.7,382.5,309.2
"K","South West",,,"00HE","Cornwall","15UD","Kerrier",,,1242,48.9,87.8,86.6,96.1,3.9,328.2,274.2,637,44.7,87.6,86.3,96.4,3.6,315.4,264.8,605,53.2,88.1,86.8,95.7,4.3,341.6,284.2
"K","South West",,,"00HE","Cornwall","15UE","North Cornwall",,,979,54.6,90.1,89.3,98,2,336.5,287.7,507,48.1,87.4,86.6,97.4,2.6,311.9,270.7,472,61.7,93,92.2,98.5,1.5,362.9,306
"K","South West",,,"00HE","Cornwall","15UF","Penwith",,,728,53.3,94.1,91.8,96.8,3.2,364.2,292.4,366,44.5,92.6,89.6,97.3,2.7,339.9,276.9,362,62.2,95.6,93.9,96.4,3.6,388.7,308.1
"K","South West",,,"00HE","Cornwall","15UG","Restormel",,,1291,57.6,93,91.3,98.2,1.8,368.4,293.6,654,51.2,90.1,88.2,97.7,2.3,344.6,276.2,637,64.1,96.1,94.5,98.7,1.3,392.9,311.5
"K","South West",,,"00HY","Wiltshire","46UB","Kennet",,,823,57.4,91.5,90.9,98.1,1.9,356.6,292.1,411,50.6,89.1,87.8,98.5,1.5,332.8,274.7,412,64.1,93.9,93.9,97.6,2.4,380.4,309.4
"K","South West",,,"00HY","Wiltshire","46UC","North Wiltshire",,,1508,60.7,92.2,91.5,97.3,2.7,370.5,304.8,782,56.6,91.2,90.4,96.8,3.2,352.9,292.8,726,65.2,93.4,92.7,97.8,2.2,389.4,317.6
"K","South West",,,"00HY","Wiltshire","46UD","Salisbury",,,1189,55.3,89.6,88.3,96.2,3.8,337.6,289,607,47.9,86.2,84.7,95.7,4.3,308.8,270.4,582,63.1,93.1,92.1,96.7,3.3,367.7,308.3
"K","South West",,,"00HY","Wiltshire","46UF","West Wiltshire",,,1467,51.7,89.4,88.1,96.6,3.4,334.8,282.2,711,46.8,87.2,85.2,95.9,4.1,315,268.6,756,56.3,91.4,90.7,97.2,2.8,353.4,295.1