DATASET_TITLE,Household Composition - People - Alternative Classification (UV47),,,,,,,,,,FROM,Apr-2001,Apr-2001,Apr-2001,Apr-2001,Apr-2001,Apr-2001,Apr-2001,Apr-2001,Apr-2001,Apr-2001,Apr-2001
AREA_TYPE,Region,,,,,,,,,,TO,Apr-2001,Apr-2001,Apr-2001,Apr-2001,Apr-2001,Apr-2001,Apr-2001,Apr-2001,Apr-2001,Apr-2001,Apr-2001
GEO_HIERARCHY,2003 Administrative Hierarchy,,,,,,,,,,HEADING,All People in Households,One Person Households,One Person Households: 1 adult of pensionable age and no children,One Person Households: 1 adult of non-pensionable age and no children,Other Households,Other Households: 1 adult of any age and 1 or more children,"Other Households: 1 adult of non-pensionable age and 1 of pensionable age and no children, or 2 adults of pensionable age and no children",Other Households:  2 adults and 1 or 2 children,Other Households:  2 adults of non-pensionable age and no children,"Other Households:  2 adults and 3 or more children, or 3 or more adults and 1 or more children",Other Households:  3 or more adults and no children
,,,,,,,,,,,MEASUREMENT_UNIT,Count,Count,Count,Count,Count,Count,Count,Count,Count,Count,Count
,,,,,,,,,,,STATISTICAL_UNIT,Persons,Persons,Persons,Persons,Persons,Persons,Persons,Persons,Persons,Persons,Persons
UK_CODE,UK_NAME,GB_CODE,GB_NAME,EW_CODE,EW_NAME,CTRY_CODE,CTRY_NAME,GOR_CODE,GOR_NAME,AREA_METADATA,,DATA_VALUE,DATA_VALUE,DATA_VALUE,DATA_VALUE,DATA_VALUE,DATA_VALUE,DATA_VALUE,DATA_VALUE,DATA_VALUE,DATA_VALUE,DATA_VALUE
"213","United Kingdom","078","Great Britain","727","England and Wales","064","England",,,,,48248150,6150264,2939465,3210799,42097886,2803767,5618076,9992619,7292288,8454189,7936947
"213","United Kingdom","078","Great Britain","727","England and Wales","220","Wales",,,,,2859489,352348,186875,165473,2507141,190482,362128,580225,397756,488759,487791
"213","United Kingdom","078","Great Britain","727","England and Wales",,,,,,,51107639,6502612,3126340,3376272,44605027,2994249,5980204,10572844,7690044,8942948,8424738
"213","United Kingdom","078","Great Britain","727","England and Wales","064","England","A","North East",,,2472884,327734,166717,161017,2145150,167453,297562,521463,352078,390898,415696
"213","United Kingdom","078","Great Britain","727","England and Wales","064","England","B","North West",,,6615672,870234,423623,446611,5745438,463703,759892,1343232,915736,1176313,1086562
"213","United Kingdom","078","Great Britain","727","England and Wales","064","England","D","Yorkshire and The Humber",,,4880728,609134,305925,303209,4271594,297663,583302,1036302,738862,844780,770685
"213","United Kingdom","078","Great Britain","727","England and Wales","064","England","E","East Midlands",,,4095557,489098,241226,247872,3606459,229347,503664,889576,658914,678403,646555
"213","United Kingdom","078","Great Britain","727","England and Wales","064","England","F","West Midlands",,,5186248,620770,308744,312026,4565478,313044,610176,1070162,734332,979263,858501
"213","United Kingdom","078","Great Britain","727","England and Wales","064","England","G","East of England",,,5296534,631128,315565,315563,4665406,249364,670516,1163879,842250,907827,831570
"213","United Kingdom","078","Great Britain","727","England and Wales","064","England","H","London",,,7078632,1046888,382086,664802,6031744,483439,552522,1272482,1028566,1370470,1324265
"213","United Kingdom","078","Great Britain","727","England and Wales","064","England","J","South East",,,7809823,937468,473161,464307,6872355,360965,959170,1700233,1245140,1343754,1263093
"213","United Kingdom","078","Great Britain","727","England and Wales","064","England","K","South West",,,4812072,617810,322418,295392,4194262,238789,681272,995290,776410,762481,740020