DATASET_TITLE,Limiting Long-term Illness (UV22),,,,,,FROM,Apr-2001,Apr-2001,Apr-2001
AREA_TYPE,Local Authority,,,,,,TO,Apr-2001,Apr-2001,Apr-2001
GEO_HIERARCHY,NeSS Geography Hierarchy,,,,,,HEADING,All People,With a Limiting Long-Term Illness,Without a Limiting Long-Term Illness
,,,,,,,MEASUREMENT_UNIT,Count,Count,Count
,,,,,,,STATISTICAL_UNIT,Persons,Persons,Persons
GOR_CODE,GOR_NAME,CTY_CODE,CTY_NAME,LA_CODE,LA_NAME,AREA_METADATA,,DATA_VALUE,DATA_VALUE,DATA_VALUE
"J","South East",,,"00LC","Medway",,,249488,38984,210504
"J","South East",,,"00MA","Bracknell Forest",,,109617,12864,96753
"J","South East",,,"00MB","West Berkshire",,,144483,17911,126572
"J","South East",,,"00MC","Reading",,,143096,19315,123781
"J","South East",,,"00MD","Slough",,,119067,17013,102054
"J","South East",,,"00ME","Windsor and Maidenhead",,,133626,16803,116823
"J","South East",,,"00MF","Wokingham",,,150229,16426,133803
"J","South East",,,"00MG","Milton Keynes",,,207057,29104,177953
"J","South East",,,"00ML","Brighton and Hove",,,247817,44925,202892
"J","South East",,,"00MR","Portsmouth",,,186701,32554,154147
"J","South East",,,"00MS","Southampton",,,217445,37900,179545
"J","South East",,,"00MW","Isle of Wight",,,132731,29149,103582
"J","South East","11","Buckinghamshire","11UB","Aylesbury Vale",,,165748,21081,144667
"J","South East","11","Buckinghamshire","11UC","Chiltern",,,89228,11635,77593
"J","South East","11","Buckinghamshire","11UE","South Bucks",,,61945,8136,53809
"J","South East","11","Buckinghamshire","11UF","Wycombe",,,162105,20476,141629
"J","South East","21","East Sussex","21UC","Eastbourne",,,89667,19358,70309
"J","South East","21","East Sussex","21UD","Hastings",,,85029,18419,66610
"J","South East","21","East Sussex","21UF","Lewes",,,92177,17375,74802
"J","South East","21","East Sussex","21UG","Rother",,,85428,18793,66635
"J","South East","21","East Sussex","21UH","Wealden",,,140023,23514,116509
"J","South East","24","Hampshire","24UB","Basingstoke and Deane",,,152573,19944,132629
"J","South East","24","Hampshire","24UC","East Hampshire",,,109274,15517,93757
"J","South East","24","Hampshire","24UD","Eastleigh",,,116169,16742,99427
"J","South East","24","Hampshire","24UE","Fareham",,,107977,16546,91431
"J","South East","24","Hampshire","24UF","Gosport",,,76415,12844,63571
"J","South East","24","Hampshire","24UG","Hart",,,83505,9315,74190
"J","South East","24","Hampshire","24UH","Havant",,,116849,21398,95451
"J","South East","24","Hampshire","24UJ","New Forest",,,169331,30223,139108
"J","South East","24","Hampshire","24UL","Rushmoor",,,90987,12020,78967
"J","South East","24","Hampshire","24UN","Test Valley",,,109801,15466,94335
"J","South East","24","Hampshire","24UP","Winchester",,,107222,15252,91970
"J","South East","29","Kent","29UB","Ashford",,,102661,16528,86133
"J","South East","29","Kent","29UC","Canterbury",,,135278,25504,109774
"J","South East","29","Kent","29UD","Dartford",,,85911,12977,72934
"J","South East","29","Kent","29UE","Dover",,,104566,21459,83107
"J","South East","29","Kent","29UG","Gravesham",,,95717,15605,80112
"J","South East","29","Kent","29UH","Maidstone",,,138948,21161,117787
"J","South East","29","Kent","29UK","Sevenoaks",,,109305,15805,93500
"J","South East","29","Kent","29UL","Shepway",,,96238,19726,76512
"J","South East","29","Kent","29UM","Swale",,,122801,21623,101178
"J","South East","29","Kent","29UN","Thanet",,,126702,29038,97664
"J","South East","29","Kent","29UP","Tonbridge and Malling",,,107561,15098,92463
"J","South East","29","Kent","29UQ","Tunbridge Wells",,,104030,15085,88945
"J","South East","38","Oxfordshire","38UB","Cherwell",,,131785,17490,114295
"J","South East","38","Oxfordshire","38UC","Oxford",,,134248,18495,115753
"J","South East","38","Oxfordshire","38UD","South Oxfordshire",,,128188,16735,111453
"J","South East","38","Oxfordshire","38UE","Vale of White Horse",,,115627,15162,100465
"J","South East","38","Oxfordshire","38UF","West Oxfordshire",,,95640,13057,82583
"J","South East","43","Surrey","43UB","Elmbridge",,,121936,15158,106778
"J","South East","43","Surrey","43UC","Epsom and Ewell",,,67059,9596,57463
"J","South East","43","Surrey","43UD","Guildford",,,129701,16690,113011
"J","South East","43","Surrey","43UE","Mole Valley",,,80287,11658,68629
"J","South East","43","Surrey","43UF","Reigate and Banstead",,,126523,17979,108544
"J","South East","43","Surrey","43UG","Runnymede",,,78033,10552,67481
"J","South East","43","Surrey","43UH","Spelthorne",,,90390,12767,77623
"J","South East","43","Surrey","43UJ","Surrey Heath",,,80314,9413,70901
"J","South East","43","Surrey","43UK","Tandridge",,,79267,11409,67858
"J","South East","43","Surrey","43UL","Waverley",,,115665,16262,99403
"J","South East","43","Surrey","43UM","Woking",,,89840,11687,78153
"J","South East","45","West Sussex","45UB","Adur",,,59627,11476,48151
"J","South East","45","West Sussex","45UC","Arun",,,140759,29317,111442
"J","South East","45","West Sussex","45UD","Chichester",,,106450,18097,88353
"J","South East","45","West Sussex","45UE","Crawley",,,99744,14545,85199
"J","South East","45","West Sussex","45UF","Horsham",,,122088,16459,105629
"J","South East","45","West Sussex","45UG","Mid Sussex",,,127378,17184,110194
"J","South East","45","West Sussex","45UH","Worthing",,,97568,19600,77968