DATASET_TITLE,Persons per Room - Household Residents (UV83),,,,FROM,Apr-2001,Apr-2001,Apr-2001,Apr-2001,Apr-2001
AREA_TYPE,County,,,,TO,Apr-2001,Apr-2001,Apr-2001,Apr-2001,Apr-2001
GEO_HIERARCHY,2003 Administrative Hierarchy,,,,HEADING,All Household Residents,Up to 0.5 persons per room,Over 0.5 and up to 1.0 persons per room,Over 1.0 and up to 1.5 persons per room,Over 1.5 persons per room
,,,,,MEASUREMENT_UNIT,Count,Count,Count,Count,Count
,,,,,STATISTICAL_UNIT,Persons,Persons,Persons,Persons,Persons
GOR_CODE,GOR_NAME,CTY_CODE,CTY_NAME,AREA_METADATA,,DATA_VALUE,DATA_VALUE,DATA_VALUE,DATA_VALUE,DATA_VALUE
"A","North East","2D","Tyne and Wear",,,1058855,555428,471098,26371,5958
"A","North East","20","Durham",,,481729,263508,206609,10139,1473
"A","North East","35","Northumberland",,,301959,175982,120511,4563,903
"B","North West","2A","Greater Manchester",,,2444165,1255417,1080467,83962,24319
"B","North West","2B","Merseyside",,,1337523,719148,579011,32314,7050
"B","North West","13","Cheshire",,,664929,402822,247191,12574,2342
"B","North West","16","Cumbria",,,478810,281786,188436,7012,1576
"B","North West","30","Lancashire",,,1111554,619176,456807,28639,6932
"D","Yorkshire and The Humber","2C","South Yorkshire",,,1248808,653851,554774,32579,7604
"D","Yorkshire and The Humber","2F","West Yorkshire",,,2050135,1031582,904039,88723,25791
"D","Yorkshire and The Humber","36","North Yorkshire",,,552998,342852,200900,7581,1665
"E","East Midlands","17","Derbyshire",,,725667,412243,299523,11967,1934
"E","East Midlands","31","Leicestershire",,,596120,346022,237987,9922,2189
"E","East Midlands","32","Lincolnshire",,,635026,389396,232005,11280,2345
"E","East Midlands","34","Northamptonshire",,,619987,355213,249005,12558,3211
"E","East Midlands","37","Nottinghamshire",,,738168,426964,296882,11772,2550
"F","West Midlands","2E","West Midlands",,,2519721,1198337,1160912,121768,38704
"F","West Midlands","39","Shropshire",,,274747,171880,97884,4022,961
"F","West Midlands","41","Staffordshire",,,793470,454957,319641,15984,2888
"F","West Midlands","44","Warwickshire",,,499596,289356,198934,9523,1783
"F","West Midlands","47","Worcestershire",,,532823,315036,205678,9778,2331
"G","East of England","09","Bedfordshire",,,376679,207131,157557,9186,2805
"G","East of England","12","Cambridgeshire",,,532707,313803,207446,8784,2674
"G","East of England","22","Essex",,,1294077,729267,534413,25185,5212
"G","East of England","26","Hertfordshire",,,1018872,556839,433916,22245,5872
"G","East of England","33","Norfolk",,,779700,475806,289079,12063,2752
"G","East of England","42","Suffolk",,,656093,387376,254432,12032,2253
"H","London","1B","Inner London",,,2718392,1109291,1225994,225077,158030
"H","London","1C","Outer London",,,4360240,1980871,2050335,221794,107240
"J","South East","11","Buckinghamshire",,,469848,272913,180855,11828,4252
"J","South East","21","East Sussex",,,479550,288476,180084,9021,1969
"J","South East","24","Hampshire",,,1214514,703721,484763,21681,4349
"J","South East","29","Kent",,,1302329,724209,542661,29459,6000
"J","South East","38","Oxfordshire",,,581178,331804,233732,12122,3520
"J","South East","43","Surrey",,,1032781,618668,389171,19065,5877
"J","South East","45","West Sussex",,,736880,429012,289744,14515,3609
"K","South West","15","Cornwall and Isles of Scilly",,,492852,290321,190216,10166,2149
"K","South West","18","Devon",,,684482,413213,256892,12015,2362
"K","South West","19","Dorset",,,380125,234576,138049,6305,1195
"K","South West","23","Gloucestershire",,,553900,328733,212028,10747,2392
"K","South West","40","Somerset",,,485481,295461,180049,8383,1588
"K","South West","46","Wiltshire",,,420315,251951,160930,6235,1199