DATASET_TITLE,National Statistics Socio-economic Classification (UV31),,,,FROM,Apr-2001,Apr-2001,Apr-2001,Apr-2001,Apr-2001,Apr-2001,Apr-2001,Apr-2001,Apr-2001,Apr-2001,Apr-2001,Apr-2001,Apr-2001,Apr-2001,Apr-2001,Apr-2001,Apr-2001,Apr-2001,Apr-2001,Apr-2001,Apr-2001,Apr-2001,Apr-2001,Apr-2001,Apr-2001,Apr-2001,Apr-2001,Apr-2001,Apr-2001,Apr-2001,Apr-2001,Apr-2001,Apr-2001,Apr-2001,Apr-2001,Apr-2001,Apr-2001,Apr-2001,Apr-2001,Apr-2001,Apr-2001,Apr-2001,Apr-2001,Apr-2001,Apr-2001,Apr-2001,Apr-2001,Apr-2001,Apr-2001,Apr-2001,Apr-2001
AREA_TYPE,County,,,,TO,Apr-2001,Apr-2001,Apr-2001,Apr-2001,Apr-2001,Apr-2001,Apr-2001,Apr-2001,Apr-2001,Apr-2001,Apr-2001,Apr-2001,Apr-2001,Apr-2001,Apr-2001,Apr-2001,Apr-2001,Apr-2001,Apr-2001,Apr-2001,Apr-2001,Apr-2001,Apr-2001,Apr-2001,Apr-2001,Apr-2001,Apr-2001,Apr-2001,Apr-2001,Apr-2001,Apr-2001,Apr-2001,Apr-2001,Apr-2001,Apr-2001,Apr-2001,Apr-2001,Apr-2001,Apr-2001,Apr-2001,Apr-2001,Apr-2001,Apr-2001,Apr-2001,Apr-2001,Apr-2001,Apr-2001,Apr-2001,Apr-2001,Apr-2001,Apr-2001
GEO_HIERARCHY,NeSS Geography Hierarchy,,,,HEADING,All People,1. Higher managerial and professional occupations,1. Higher managerial and professional occupations:  1.1 Large employers and higher managerial occupations,1. Higher managerial and professional occupations:  1.1 Large employers and higher managerial occupations:  L1 Employers in large organisations,1. Higher managerial and professional occupations:  1.1 Large employers and higher managerial occupations:  L2 Higher managerial,1. Higher managerial and professional occupations:  1.2 Higher professional occupations,1. Higher managerial and professional occupations:  1.2 Higher professional occupations:  L3.1 Higher professionals (traditional) - employees,1. Higher managerial and professional occupations:  1.2 Higher professional occupations:  L3.2 Higher professionals (new) - employees,1. Higher managerial and professional occupations:  1.2 Higher professional occupations:  L3.3 Higher professionals (traditional) - self-employed,1. Higher managerial and professional occupations:  1.2 Higher professional occupations:  L3.4 Higher professionals (new) - self-employed,2. Lower managerial and professional occupations,2. Lower managerial and professional occupations:  L4.1 Lower professionals and higher technical (traditional) - employees,2. Lower managerial and professional occupations:  L4.2 Lower professionals and higher technical (new) - employees,2. Lower managerial and professional occupations:  L4.3 Lower professionals and higher technical (traditional) - self-employed,2. Lower managerial and professional occupations:  L4.4 Lower professional and higher technical (new) - self employed,2. Lower managerial and professional occupations:  L5 Lower managerial,2. Lower managerial and professional occupations:  L6 Higher supervisory,3. Intermediate occupations,3. Intermediate occupations:  L7.1 Intermediate clerical and administrative,3. Intermediate occupations:  L7.2 Intermediate sales and service,3. Intermediate occupations:  L7.3 Intermediate technical and auxiliary,3. Intermediate occupations:  L7.4 Intermediate engineering,4. Small employers and own account workers,4. Small employers and own account workers:  L8.1 Employers in small organisations (non-professional),4. Small employers and own account workers:  L8.2 Employers in small organisations (agriculture),4. Small employers and own account workers:  L9.1 Own account workers (non-professional),4. Small employers and own account workers:  L9.2 Own account workers (agriculture),5. Lower supervisory and technical occupations,5. Lower supervisory and technical occupations:  L10 Lower supervisory,5. Lower supervisory and technical occupations:  L11.1 Lower technical craft,5. Lower supervisory and technical occupations:  L11.2 Lower technical process operative,6. Semi-routine occupations,6. Semi-routine occupations:  L12.1 Semi-routine sales,6. Semi-routine occupations:  L12.2 Semi-routine service,6. Semi-routine occupations:  L12.3 Semi-routine technical,6. Semi-routine occupations:  L12.4 Semi-routine operative,6. Semi-routine occupations:  L12.5 Semi-routine agriculture,6. Semi-routine occupations:  L12.6 Semi-routine clerical,6. Semi-routine occupations:  L12.7 Semi-routine childcare,7. Routine occupations,7. Routine occupations:  L13.1 Routine sales and service,7. Routine occupations:  L13.2 Routine production,7. Routine occupations:  L13.3 Routine technical,7. Routine occupations:  L13.4 Routine operative,7. Routine occupations:  L13.5 Routine agricultural,8. Never worked and long-term unemployed,8. Never worked and long-term unemployed:  L14.1 Never worked,8. Never worked and long-term unemployed:  L14.2 Long-term unemployed,Not Classified,Not Classified:  L15 Full-time students,Not Classified:  L17 Not classifiable for other reasons
,,,,,MEASUREMENT_UNIT,Count,Count,Count,Count,Count,Count,Count,Count,Count,Count,Count,Count,Count,Count,Count,Count,Count,Count,Count,Count,Count,Count,Count,Count,Count,Count,Count,Count,Count,Count,Count,Count,Count,Count,Count,Count,Count,Count,Count,Count,Count,Count,Count,Count,Count,Count,Count,Count,Count,Count,Count
,,,,,STATISTICAL_UNIT,Persons,Persons,Persons,Persons,Persons,Persons,Persons,Persons,Persons,Persons,Persons,Persons,Persons,Persons,Persons,Persons,Persons,Persons,Persons,Persons,Persons,Persons,Persons,Persons,Persons,Persons,Persons,Persons,Persons,Persons,Persons,Persons,Persons,Persons,Persons,Persons,Persons,Persons,Persons,Persons,Persons,Persons,Persons,Persons,Persons,Persons,Persons,Persons,Persons,Persons,Persons
GOR_CODE,GOR_NAME,CTY_CODE,CTY_NAME,AREA_METADATA,,DATA_VALUE,DATA_VALUE,DATA_VALUE,DATA_VALUE,DATA_VALUE,DATA_VALUE,DATA_VALUE,DATA_VALUE,DATA_VALUE,DATA_VALUE,DATA_VALUE,DATA_VALUE,DATA_VALUE,DATA_VALUE,DATA_VALUE,DATA_VALUE,DATA_VALUE,DATA_VALUE,DATA_VALUE,DATA_VALUE,DATA_VALUE,DATA_VALUE,DATA_VALUE,DATA_VALUE,DATA_VALUE,DATA_VALUE,DATA_VALUE,DATA_VALUE,DATA_VALUE,DATA_VALUE,DATA_VALUE,DATA_VALUE,DATA_VALUE,DATA_VALUE,DATA_VALUE,DATA_VALUE,DATA_VALUE,DATA_VALUE,DATA_VALUE,DATA_VALUE,DATA_VALUE,DATA_VALUE,DATA_VALUE,DATA_VALUE,DATA_VALUE,DATA_VALUE,DATA_VALUE,DATA_VALUE,DATA_VALUE,DATA_VALUE,DATA_VALUE
"G","East of England","09","Bedfordshire",,,276279,28463,12856,728,12128,15607,8774,3998,2160,675,59696,24447,3164,2647,288,19668,9482,29155,13711,12192,1993,1259,20862,6555,429,13197,681,20958,14018,5792,1148,30632,8553,9257,2460,4278,411,3703,1970,22943,3221,3298,7270,8844,310,6267,4493,1774,57303,16415,40888
"G","East of England","12","Cambridgeshire",,,406591,49423,17928,983,16945,31495,20654,6164,3768,909,81348,35866,3291,4560,472,24311,12848,36864,18011,13828,3434,1591,29592,8909,970,18186,1527,28365,19624,7311,1430,44685,11822,13757,3440,5812,1563,4756,3535,33567,4250,4447,10205,13818,847,7441,5300,2141,95306,36567,58739
"G","East of England","22","Essex",,,945557,82809,35264,3177,32087,47545,23693,14291,7301,2260,193074,76548,8642,8839,1150,64425,33470,104911,57036,36697,7155,4023,79764,24837,1352,51827,1748,66167,45416,17427,3324,106326,33171,33739,6249,11120,1903,12100,8044,72723,11273,7970,23635,28744,1101,20290,14088,6202,219493,47680,171813
"G","East of England","26","Hertfordshire",,,746008,91942,39273,2362,36911,52669,27924,13869,8252,2624,171684,71599,7930,9643,833,56582,25097,81473,42906,29929,5025,3613,57380,17191,555,38816,818,45993,31468,12234,2291,74328,22381,25099,3820,6810,659,10042,5517,49941,8807,4750,15694,20127,563,14153,10295,3858,159114,44694,114420
"G","East of England","33","Norfolk",,,575464,35146,14082,1429,12653,21064,12249,4037,4087,691,96982,42918,3751,5011,647,29292,15363,47871,23542,17694,5083,1552,49251,15015,1874,29670,2692,45308,31006,12046,2256,77215,22722,24447,4135,11318,4006,6438,4149,60158,8088,7093,19082,24363,1532,14389,9254,5135,149144,30440,118704
"G","East of England","42","Suffolk",,,476072,35851,15408,1202,14206,20443,10672,5217,3662,892,85859,37124,3338,4544,528,25955,14370,42836,21366,16656,3117,1697,38488,11396,1467,23679,1946,38615,26446,10106,2063,63735,17872,20620,3948,10069,2324,5606,3296,49575,6383,5795,16006,19863,1528,10504,6835,3669,110609,21769,88840