DATASET_TITLE,Age - Workplace Population (UV75),,,,FROM,Apr-2001,Apr-2001,Apr-2001,Apr-2001,Apr-2001,Apr-2001,Apr-2001
AREA_TYPE,County,,,,TO,Apr-2001,Apr-2001,Apr-2001,Apr-2001,Apr-2001,Apr-2001,Apr-2001
GEO_HIERARCHY,NeSS Geography Hierarchy,,,,HEADING,All People,Less than 20 years old,20 to 29 years old,30 to 39 years old,40 to 49 years old,50 to 59 years old,More than 59 years old
,,,,,MEASUREMENT_UNIT,Count,Count,Count,Count,Count,Count,Count
,,,,,STATISTICAL_UNIT,Persons,Persons,Persons,Persons,Persons,Persons,Persons
GOR_CODE,GOR_NAME,CTY_CODE,CTY_NAME,AREA_METADATA,,DATA_VALUE,DATA_VALUE,DATA_VALUE,DATA_VALUE,DATA_VALUE,DATA_VALUE,DATA_VALUE
"G","East of England","09","Bedfordshire",,,157866,9121,28063,40386,37282,32937,10077
"G","East of England","12","Cambridgeshire",,,268503,13170,52292,69406,63005,53993,16637
"G","East of England","22","Essex",,,527361,30362,96006,128854,124010,114426,33703
"G","East of England","26","Hertfordshire",,,481676,26313,95027,125642,112832,92300,29562
"G","East of England","33","Norfolk",,,346985,18857,63140,83450,80671,76914,23953
"G","East of England","42","Suffolk",,,305707,17403,56442,75108,71102,65509,20143