DATASET_TITLE,"Hospital Admissions by Age and Sex, 2004/05",,,,,,,,,,FROM,Apr-2004,Apr-2004,Apr-2004,Apr-2004,Apr-2004,Apr-2004,Apr-2004,Apr-2004,Apr-2004,Apr-2004,Apr-2004,Apr-2004,Apr-2004,Apr-2004,Apr-2004,Apr-2004,Apr-2004,Apr-2004,Apr-2004,Apr-2004,Apr-2004,Apr-2004,Apr-2004,Apr-2004,Apr-2004,Apr-2004,Apr-2004,Apr-2004,Apr-2004,Apr-2004,Apr-2004,Apr-2004,Apr-2004,Apr-2004,Apr-2004,Apr-2004,Apr-2004
AREA_TYPE,Region,,,,,,,,,,TO,Mar-2005,Mar-2005,Mar-2005,Mar-2005,Mar-2005,Mar-2005,Mar-2005,Mar-2005,Mar-2005,Mar-2005,Mar-2005,Mar-2005,Mar-2005,Mar-2005,Mar-2005,Mar-2005,Mar-2005,Mar-2005,Mar-2005,Mar-2005,Mar-2005,Mar-2005,Mar-2005,Mar-2005,Mar-2005,Mar-2005,Mar-2005,Mar-2005,Mar-2005,Mar-2005,Mar-2005,Mar-2005,Mar-2005,Mar-2005,Mar-2005,Mar-2005,Mar-2005
GEO_HIERARCHY,NeSS Geography Hierarchy,,,,,,,,,,HEADING,All Finished Admission Episodes,Males Aged 0-64,Males Aged 0-64; Coronary Heart Disease (CHD); Diagnosis,Males Aged 0-64; Cerebrovascular Disease (including Stroke); Diagnosis,Males Aged 0-64; Cancer (excluding non-melanoma skin cancer); Diagnosis,Males Aged 0-64; Falls (basic accidental falls); External cause,Males Aged 0-64; Coronary Artery Bypass Graft (CABG) and Percutaneous Transluminal Coronary Angioplasty (PTCA); Operation,Males Aged 0-64; Hip Replacement; Operation,Males Aged 0-64; Knee Replacement; Operation,Males Aged 0-64; Cataract; Operation,Males Aged 65 and Over,Males Aged 65 and Over; Coronary Heart Disease (CHD); Diagnosis,Males Aged 65 and Over; Cerebrovascular Disease (including Stroke); Diagnosis,Males Aged 65 and Over; Cancer (excluding non-melanoma skin cancer); Diagnosis,Males Aged 65 and Over; Falls (basic accidental falls); External cause,Males Aged 65 and Over; Coronary Artery Bypass Graft (CABG) and Percutaneous Transluminal Coronary Angioplasty (PTCA); Operation,Males Aged 65 and Over; Hip Replacement; Operation,Males Aged 65 and Over; Knee Replacement; Operation,Males Aged 65 and Over; Cataract; Operation,Females Aged 0-64,Females Aged 0-64; Coronary Heart Disease (CHD); Diagnosis,Females Aged 0-64; Cerebrovascular Disease (including Stroke); Diagnosis,Females Aged 0-64; Cancer (excluding non-melanoma skin cancer); Diagnosis,Females Aged 0-64; Falls (basic accidental falls); External cause,Females Aged 0-64; Coronary Artery Bypass Graft (CABG) and Percutaneous Transluminal Coronary Angioplasty (PTCA); Operation,Females Aged 0-64; Hip Replacement; Operation,Females Aged 0-64; Knee Replacement; Operation,Females Aged 0-64; Cataract; Operation,Females Aged 65 and Over,Females Aged 65 and Over; Coronary Heart Disease (CHD); Diagnosis,Females Aged 65 and Over; Cerebrovascular Disease (including Stroke); Diagnosis,Females Aged 65 and Over; Cancer (excluding non-melanoma skin cancer); Diagnosis,Females Aged 65 and Over; Falls (basic accidental falls); External cause,Females Aged 65 and Over; Coronary Artery Bypass Graft (CABG) and Percutaneous Transluminal Coronary Angioplasty (PTCA); Operation,Females Aged 65 and Over; Hip Replacement; Operation,Females Aged 65 and Over; Knee Replacement; Operation,Females Aged 65 and Over; Cataract; Operation
,,,,,,,,,,,MEASUREMENT_UNIT,Count,Count,Count,Count,Count,Count,Count,Count,Count,Count,Count,Count,Count,Count,Count,Count,Count,Count,Count,Count,Count,Count,Count,Count,Count,Count,Count,Count,Count,Count,Count,Count,Count,Count,Count,Count,Count
,,,,,,,,,,,STATISTICAL_UNIT,Admission Episodes,Admission Episodes,Admission Episodes,Admission Episodes,Admission Episodes,Admission Episodes,Admission Episodes,Admission Episodes,Admission Episodes,Admission Episodes,Admission Episodes,Admission Episodes,Admission Episodes,Admission Episodes,Admission Episodes,Admission Episodes,Admission Episodes,Admission Episodes,Admission Episodes,Admission Episodes,Admission Episodes,Admission Episodes,Admission Episodes,Admission Episodes,Admission Episodes,Admission Episodes,Admission Episodes,Admission Episodes,Admission Episodes,Admission Episodes,Admission Episodes,Admission Episodes,Admission Episodes,Admission Episodes,Admission Episodes,Admission Episodes,Admission Episodes
UK_CODE,UK_NAME,GB_CODE,GB_NAME,EW_CODE,EW_NAME,CTRY_CODE,CTRY_NAME,GOR_CODE,GOR_NAME,AREA_METADATA,,DATA_VALUE,DATA_VALUE,DATA_VALUE,DATA_VALUE,DATA_VALUE,DATA_VALUE,DATA_VALUE,DATA_VALUE,DATA_VALUE,DATA_VALUE,DATA_VALUE,DATA_VALUE,DATA_VALUE,DATA_VALUE,DATA_VALUE,DATA_VALUE,DATA_VALUE,DATA_VALUE,DATA_VALUE,DATA_VALUE,DATA_VALUE,DATA_VALUE,DATA_VALUE,DATA_VALUE,DATA_VALUE,DATA_VALUE,DATA_VALUE,DATA_VALUE,DATA_VALUE,DATA_VALUE,DATA_VALUE,DATA_VALUE,DATA_VALUE,DATA_VALUE,DATA_VALUE,DATA_VALUE,DATA_VALUE
"213","United Kingdom","078","Great Britain","727","England and Wales","064","England",,,,,10766134,2987149,168386,22432,257220,76233,23772,7156,6330,22316,1851328,333363,67147,333738,49060,20729,14765,17383,99350,3890533,68624,16349,310950,50425,5424,9047,7959,23714,2035482,274392,76682,250220,131773,9187,26486,24230,172512
"213","United Kingdom","078","Great Britain","727","England and Wales","064","England","A","North East",,,660451,188822,11032,1318,18780,5075,1309,379,439,1434,111738,22406,3979,23342,2845,1018,711,1020,6232,236034,5107,1050,21825,3183,331,471,473,1525,123834,21004,4413,17248,7249,443,1213,1150,10758
"213","United Kingdom","078","Great Britain","727","England and Wales","064","England","B","North West",,,1583208,458564,30450,3281,31409,13875,3249,1028,904,3016,253471,56644,9506,40000,7645,2355,1930,2236,12908,586899,14691,2495,31386,9163,814,1285,1090,3318,284092,51137,10554,27886,19964,1109,3270,3003,22353
"213","United Kingdom","078","Great Britain","727","England and Wales","064","England","D","Yorkshire and The Humber",,,1206218,333357,18503,2193,27472,8534,2648,837,727,2200,203602,37287,6480,37507,4706,2014,1386,1784,10034,445161,8626,1637,35995,5573,703,953,733,2312,224063,33806,7568,28778,12843,1007,2429,2197,17500
"213","United Kingdom","078","Great Britain","727","England and Wales","064","England","E","East Midlands",,,966275,258419,15331,1974,27261,6089,1817,759,732,1920,170284,32271,6527,33476,4037,1553,1361,1792,8639,357013,6184,1472,33392,4048,425,862,833,2057,180542,25700,7152,24673,10550,692,2421,2296,15187
"213","United Kingdom","078","Great Britain","727","England and Wales","064","England","F","West Midlands",,,1170471,328012,18157,2660,32685,7896,2660,810,784,2039,197100,31194,8493,39417,4597,2168,1802,2130,8864,433348,7304,1897,43792,5221,594,1019,918,2176,211822,24437,8725,29672,11920,905,3179,2786,14754
"213","United Kingdom","078","Great Britain","727","England and Wales","064","England","G","East of England",,,1102210,294475,17673,1970,26592,7115,2594,793,602,2292,209678,39299,6804,37546,5258,2668,1821,1977,12115,375753,6189,1455,32342,4858,534,1023,794,2542,222136,29711,8039,26961,15038,1053,3175,2829,20927
"213","United Kingdom","078","Great Britain","727","England and Wales","064","England","H","London",,,1368405,397314,19750,3128,30416,9281,3574,589,503,3683,207155,32542,7809,33742,5823,3002,1119,1465,11925,534252,7407,2111,35779,5662,857,800,976,3849,229348,24831,8751,27299,15118,1468,2351,2790,19303
"213","United Kingdom","078","Great Britain","727","England and Wales","064","England","J","South East",,,1545837,426364,21640,3454,33718,10610,3661,1000,946,3331,278655,44347,9216,46164,7897,3515,2501,2753,16469,525515,7373,2575,37054,7300,719,1431,1178,3538,314700,35189,11172,34207,22482,1564,4802,4159,29584
"213","United Kingdom","078","Great Britain","727","England and Wales","064","England","K","South West",,,1163059,301822,15850,2454,28887,7758,2260,961,693,2401,219645,37373,8333,42544,6252,2436,2134,2226,12164,396558,5743,1657,39385,5417,447,1203,964,2397,244945,28577,10308,33496,16609,946,3646,3020,22146