DATASET_TITLE,"Child Benefit Families, 2006",,,,,,,,,,FROM,Aug-2006,Aug-2006,Aug-2006,Aug-2006,Aug-2006,Aug-2006,Aug-2006,Aug-2006,Aug-2006,Aug-2006,Aug-2006,Aug-2006
AREA_TYPE,Region,,,,,,,,,,TO,Aug-2006,Aug-2006,Aug-2006,Aug-2006,Aug-2006,Aug-2006,Aug-2006,Aug-2006,Aug-2006,Aug-2006,Aug-2006,Aug-2006
GEO_HIERARCHY,NeSS Geography Hierarchy,,,,,,,,,,HEADING,Total Number of Children,Children Aged Under 5,Children Aged 5-10,Children Aged 11-15,Children Aged 16-19,Boys,Girls,Gender Not Specified,Total Number of Families Claiming Benefit,Families with One Child,Families with Two Children,Families with Three or More Children
,,,,,,,,,,,MEASUREMENT_UNIT,Count,Count,Count,Count,Count,Count,Count,Count,Count,Count,Count,Count
,,,,,,,,,,,STATISTICAL_UNIT,Persons,Persons,Persons,Persons,Persons,Persons,Persons,Persons,Persons,Persons,Persons,Persons
UK_CODE,UK_NAME,GB_CODE,GB_NAME,EW_CODE,EW_NAME,CTRY_CODE,CTRY_NAME,GOR_CODE,GOR_NAME,AREA_METADATA,,DATA_VALUE,DATA_VALUE,DATA_VALUE,DATA_VALUE,DATA_VALUE,DATA_VALUE,DATA_VALUE,DATA_VALUE,DATA_VALUE,DATA_VALUE,DATA_VALUE,DATA_VALUE
"213","United Kingdom","078","Great Britain","727","England and Wales","064","England",,,,,11050975,2869125,3522780,3172375,1486695,5617145,5409200,24625,6168010,2695855,2434055,1038100
"213","United Kingdom","078","Great Britain","727","England and Wales","220","Wales",,,,,635020,156395,202060,187545,89020,322750,310345,1925,360195,162290,140025,57880
"213","United Kingdom","078","Great Britain","727","England and Wales",,,,,,,11685995,3025520,3724840,3359920,1575715,5939900,5719545,26550,6528205,2858150,2574075,1095980
"213","United Kingdom","078","Great Britain","727","England and Wales","064","England","A","North East",,,540980,134735,170285,161915,74040,274650,265305,1030,316665,151860,120160,44645
"213","United Kingdom","078","Great Britain","727","England and Wales","064","England","B","North West",,,1529585,386360,481280,450375,211570,776810,749535,3245,864650,394475,328470,141705
"213","United Kingdom","078","Great Britain","727","England and Wales","064","England","D","Yorkshire and The Humber",,,1113190,287735,353545,325670,146240,564670,546250,2270,626740,280045,245105,101590
"213","United Kingdom","078","Great Britain","727","England and Wales","064","England","E","East Midlands",,,936980,235460,298810,276690,126020,477245,457925,1805,527105,230180,212225,84700
"213","United Kingdom","078","Great Britain","727","England and Wales","064","England","F","West Midlands",,,1219915,313725,389520,352075,164595,620040,597055,2825,672220,293285,259140,119790
"213","United Kingdom","078","Great Britain","727","England and Wales","064","England","G","East of England",,,1212530,309365,390060,350640,162465,617400,592920,2210,671850,278510,280565,112775
"213","United Kingdom","078","Great Britain","727","England and Wales","064","England","H","London",,,1686375,490880,538575,441690,215235,854680,825325,6365,926055,414700,337810,173545
"213","United Kingdom","078","Great Britain","727","England and Wales","064","England","J","South East",,,1768965,453870,567850,506490,240755,901365,864480,3120,981015,406785,410195,164035
"213","United Kingdom","078","Great Britain","727","England and Wales","064","England","K","South West",,,1042445,256995,332855,306825,145770,530285,510405,1755,581705,246010,240385,95315