DATASET_TITLE,"Dwelling Stock by Council Tax Band, 2006",,,,,,,,,,FROM,Mar-2006,Mar-2006,Mar-2006,Mar-2006,Mar-2006,Mar-2006,Mar-2006,Mar-2006,Mar-2006,Mar-2006,Mar-2006,Mar-2006,Mar-2006,Mar-2006,Mar-2006,Mar-2006,Mar-2006,Mar-2006,Mar-2006,Mar-2006,Mar-2006
AREA_TYPE,Region,,,,,,,,,,TO,Mar-2006,Mar-2006,Mar-2006,Mar-2006,Mar-2006,Mar-2006,Mar-2006,Mar-2006,Mar-2006,Mar-2006,Mar-2006,Mar-2006,Mar-2006,Mar-2006,Mar-2006,Mar-2006,Mar-2006,Mar-2006,Mar-2006,Mar-2006,Mar-2006
GEO_HIERARCHY,NeSS Geography Hierarchy,,,,,,,,,,HEADING,Dwelling Stock by Council Tax Band; Total,Dwelling Stock by Council Tax Band; Band A,Dwelling Stock by Council Tax Band; Band A,Dwelling Stock by Council Tax Band; Band B,Dwelling Stock by Council Tax Band; Band B,Dwelling Stock by Council Tax Band; Band C,Dwelling Stock by Council Tax Band; Band C,Dwelling Stock by Council Tax Band; Band D,Dwelling Stock by Council Tax Band; Band D,Dwelling Stock by Council Tax Band; Band E,Dwelling Stock by Council Tax Band; Band E,Dwelling Stock by Council Tax Band; Band F,Dwelling Stock by Council Tax Band; Band F,Dwelling Stock by Council Tax Band; Band G,Dwelling Stock by Council Tax Band; Band G,Dwelling Stock by Council Tax Band; Band H,Dwelling Stock by Council Tax Band; Band H,Dwelling Stock by Council Tax Band; Band I,Dwelling Stock by Council Tax Band; Band I,Dwelling Stock by Council Tax Band; Band X; Unallocated,Dwelling Stock by Council Tax Band; Band X; Unallocated
,,,,,,,,,,,MEASUREMENT_UNIT,Count,Count,Percentage,Count,Percentage,Count,Percentage,Count,Percentage,Count,Percentage,Count,Percentage,Count,Percentage,Count,Percentage,Count,Percentage,Count,Percentage
,,,,,,,,,,,STATISTICAL_UNIT,Dwellings,Dwellings,Dwellings,Dwellings,Dwellings,Dwellings,Dwellings,Dwellings,Dwellings,Dwellings,Dwellings,Dwellings,Dwellings,Dwellings,Dwellings,Dwellings,Dwellings,Dwellings,Dwellings,Dwellings,Dwellings
UK_CODE,UK_NAME,GB_CODE,GB_NAME,EW_CODE,EW_NAME,CTRY_CODE,CTRY_NAME,GOR_CODE,GOR_NAME,AREA_METADATA,,DATA_VALUE,DATA_VALUE,DATA_VALUE,DATA_VALUE,DATA_VALUE,DATA_VALUE,DATA_VALUE,DATA_VALUE,DATA_VALUE,DATA_VALUE,DATA_VALUE,DATA_VALUE,DATA_VALUE,DATA_VALUE,DATA_VALUE,DATA_VALUE,DATA_VALUE,DATA_VALUE,DATA_VALUE,DATA_VALUE,DATA_VALUE
"213","United Kingdom","078","Great Britain","727","England and Wales","064","England","A","North East",,,1152616,661154,57.36,163515,14.19,163949,14.22,87554,7.6,44653,3.87,19352,1.68,11224,.97,1215,.11,0,0,0,0
"213","United Kingdom","078","Great Britain","727","England and Wales","064","England","B","North West",,,3062698,1312830,42.87,585485,19.12,530645,17.33,303648,9.91,178124,5.82,86833,2.84,59138,1.93,5991,.2,4,0,0,0
"213","United Kingdom","078","Great Britain","727","England and Wales","064","England","D","Yorkshire and The Humber",,,2239605,1005336,44.89,437061,19.52,365660,16.33,203132,9.07,128227,5.73,61351,2.74,35790,1.6,3048,.14,0,0,0,0
"213","United Kingdom","078","Great Britain","727","England and Wales","064","England","E","East Midlands",,,1883511,718443,38.14,419206,22.26,336063,17.84,199012,10.57,117869,6.26,57105,3.03,32914,1.75,2899,.15,0,0,0,0
"213","United Kingdom","078","Great Britain","727","England and Wales","064","England","F","West Midlands",,,2299484,731450,31.81,573742,24.95,439958,19.13,251714,10.95,158601,6.9,86075,3.74,52785,2.3,5156,.22,3,0,0,0
"213","United Kingdom","078","Great Britain","727","England and Wales","064","England","G","East of England",,,2417843,346378,14.33,511258,21.15,636203,26.31,421802,17.45,256218,10.6,139653,5.78,94968,3.93,11363,.47,0,0,0,0
"213","United Kingdom","078","Great Britain","727","England and Wales","064","England","H","London",,,3221171,109468,3.4,436570,13.55,861564,26.75,818863,25.42,492448,15.29,246638,7.66,200235,6.22,55385,1.72,0,0,0,0
"213","United Kingdom","078","Great Britain","727","England and Wales","064","England","J","South East",,,3529756,308011,8.73,579902,16.43,911220,25.82,708054,20.06,474519,13.44,286264,8.11,230224,6.52,31562,.89,0,0,0,0
"213","United Kingdom","078","Great Britain","727","England and Wales","064","England","K","South West",,,2275680,391096,17.19,554744,24.38,526464,23.13,359923,15.82,242188,10.64,123044,5.41,71348,3.14,6873,.3,0,0,0,0