DATASET_TITLE,"Fire and Rescue Service: All Incidents Attended, 2005",,,,,,,,,,FROM,Jan-2005,Jan-2005,Jan-2005,Jan-2005,Jan-2005,Jan-2005,Jan-2005,Jan-2005,Jan-2005,Jan-2005,Jan-2005
AREA_TYPE,Region,,,,,,,,,,TO,Dec-2005,Dec-2005,Dec-2005,Dec-2005,Dec-2005,Dec-2005,Dec-2005,Dec-2005,Dec-2005,Dec-2005,Dec-2005
GEO_HIERARCHY,NeSS Geography Hierarchy,,,,,,,,,,HEADING,Total Fire Service Incidents,Primary Fires,Secondary Fires,Chimney Fires,Special Services,Good Intent False Alarms,Malicious False Alarms,False Alarms Due to Apparatus,Fatal Casualties,Non-Fatal Casualties,Rescues
,,,,,,,,,,,MEASUREMENT_UNIT,Count,Count,Count,Count,Count,Count,Count,Count,Count,Count,Count
,,,,,,,,,,,STATISTICAL_UNIT,Incidents,Incidents,Incidents,Incidents,Incidents,Incidents,Incidents,Incidents,Incidents,Incidents,Incidents
UK_CODE,UK_NAME,GB_CODE,GB_NAME,EW_CODE,EW_NAME,CTRY_CODE,CTRY_NAME,GOR_CODE,GOR_NAME,AREA_METADATA,,DATA_VALUE,DATA_VALUE,DATA_VALUE,DATA_VALUE,DATA_VALUE,DATA_VALUE,DATA_VALUE,DATA_VALUE,DATA_VALUE,DATA_VALUE,DATA_VALUE
"213","United Kingdom","078","Great Britain","727","England and Wales","064","England",,,,,830238,140502,188547,6078,147522,90753,29055,227781,2031,35454,13812
"213","United Kingdom","078","Great Britain","727","England and Wales","220","Wales",,,,,50643,9132,14154,624,7467,5505,1785,11976,156,3204,513
"213","United Kingdom","078","Great Britain","727","England and Wales",,,,,,,880881,149634,202701,6702,154989,96258,30840,239757,2187,38658,14325
"213","United Kingdom","078","Great Britain","727","England and Wales","064","England","A","North East",,,51558,9300,17715,258,5685,5787,1380,11433,108,2376,840
"213","United Kingdom","078","Great Britain","727","England and Wales","064","England","B","North West",,,134148,27864,41484,501,15084,11247,5964,32004,264,5010,1296
"213","United Kingdom","078","Great Britain","727","England and Wales","064","England","D","Yorkshire and The Humber",,,93444,16653,27969,552,11271,9222,3501,24276,261,4743,1233
"213","United Kingdom","078","Great Britain","727","England and Wales","064","England","E","East Midlands",,,63549,11760,13578,561,11733,6312,2238,17367,189,3201,1032
"213","United Kingdom","078","Great Britain","727","England and Wales","064","England","F","West Midlands",,,85413,14802,20877,489,12939,9657,4116,22533,102,1584,1752
"213","United Kingdom","078","Great Britain","727","England and Wales","064","England","G","East of England",,,58959,11724,11094,639,9300,7590,2205,16407,213,4020,849
"213","United Kingdom","078","Great Britain","727","England and Wales","064","England","H","London",,,157146,16353,23970,57,45708,13896,4425,52737,264,4596,3045
"213","United Kingdom","078","Great Britain","727","England and Wales","064","England","J","South East",,,114390,19122,20448,1431,20235,17061,3078,33015,306,4593,2517
"213","United Kingdom","078","Great Britain","727","England and Wales","064","England","K","South West",,,71631,12924,11412,1590,15567,9981,2148,18009,324,5331,1248