DATASET_TITLE,Economic Activity (UV28),,,,,,FROM,Apr-2001,Apr-2001,Apr-2001,Apr-2001,Apr-2001,Apr-2001,Apr-2001,Apr-2001,Apr-2001,Apr-2001,Apr-2001,Apr-2001,Apr-2001,Apr-2001,Apr-2001,Apr-2001,Apr-2001,Apr-2001,Apr-2001
AREA_TYPE,Local Authority,,,,,,TO,Apr-2001,Apr-2001,Apr-2001,Apr-2001,Apr-2001,Apr-2001,Apr-2001,Apr-2001,Apr-2001,Apr-2001,Apr-2001,Apr-2001,Apr-2001,Apr-2001,Apr-2001,Apr-2001,Apr-2001,Apr-2001,Apr-2001
GEO_HIERARCHY,NeSS Geography Hierarchy,,,,,,HEADING,All People,Economically active,Economically active: Employee,Economically active: Employee: Part-time,Economically active: Employee: Full-time,Economically active: Self-employed with employees,Economically active: Self-employed with employees: Part-time,Economically active: Self-employed with employees: Full-time,Economically active: Self-employed without employees,Economically active: Self-employed without employees: Part-time,Economically active: Self-employed without employees: Full-time,Economically active: Unemployed,Economically active: Full-time Students,Economically inactive,Economically inactive: Retired,Economically inactive: Student,Economically inactive: Looking after home / family,Economically inactive: Permanently sick / disabled,Economically inactive: Other
,,,,,,,MEASUREMENT_UNIT,Count,Count,Count,Count,Count,Count,Count,Count,Count,Count,Count,Count,Count,Count,Count,Count,Count,Count,Count
,,,,,,,STATISTICAL_UNIT,Persons,Persons,Persons,Persons,Persons,Persons,Persons,Persons,Persons,Persons,Persons,Persons,Persons,Persons,Persons,Persons,Persons,Persons,Persons
GOR_CODE,GOR_NAME,CTY_CODE,CTY_NAME,LA_CODE,LA_NAME,AREA_METADATA,,DATA_VALUE,DATA_VALUE,DATA_VALUE,DATA_VALUE,DATA_VALUE,DATA_VALUE,DATA_VALUE,DATA_VALUE,DATA_VALUE,DATA_VALUE,DATA_VALUE,DATA_VALUE,DATA_VALUE,DATA_VALUE,DATA_VALUE,DATA_VALUE,DATA_VALUE,DATA_VALUE,DATA_VALUE
"A","North East",,,"00CH","Gateshead",,,139641,84827,70060,16916,53144,2453,372,2081,3869,1047,2822,5637,2808,54814,22202,5152,8892,13690,4878
"A","North East",,,"00CJ","Newcastle upon Tyne",,,191158,111741,85779,19604,66175,4029,636,3393,5698,1696,4002,8943,7292,79417,25210,19052,11793,16210,7152
"A","North East",,,"00CK","North Tyneside",,,138972,89881,73842,17031,56811,2891,426,2465,4376,1321,3055,5729,3043,49091,22113,4534,7907,10573,3964
"A","North East",,,"00CL","South Tyneside",,,109308,66193,52306,12553,39753,2094,314,1780,2591,636,1955,6834,2368,43115,16861,3975,7989,10426,3864
"A","North East",,,"00CM","Sunderland",,,206228,125062,101161,23999,77162,3751,585,3166,5031,1442,3589,9914,5205,81166,29534,9546,13759,21371,6956
"A","North East",,,"00EB","Hartlepool",,,63219,37411,30070,8429,21641,1196,166,1030,1516,476,1040,3459,1170,25808,9705,2316,4544,6800,2443
"A","North East",,,"00EC","Middlesbrough",,,96112,55839,43257,12701,30556,1615,244,1371,2172,675,1497,5919,2876,40273,13553,5838,7864,8822,4196
"A","North East",,,"00EE","Redcar and Cleveland",,,100045,59799,47960,12990,34970,1953,287,1666,2825,804,2021,5204,1857,40246,16448,3541,7697,9122,3438
"A","North East",,,"00EF","Stockton-on-Tees",,,129355,82833,67173,17610,49563,2559,366,2193,3755,1090,2665,6447,2899,46522,18494,5133,9041,9229,4625
"A","North East",,,"00EH","Darlington",,,70082,45965,37423,9214,28209,1786,259,1527,2603,798,1805,2790,1363,24117,10692,1985,4575,4738,2127
"A","North East","20","Durham","20UB","Chester-le-Street",,,39798,26054,21835,4845,16990,962,134,828,1269,385,884,1246,742,13744,6021,1132,2300,3287,1004
"A","North East","20","Durham","20UD","Derwentside",,,61887,38588,31747,7029,24718,1398,184,1214,1939,466,1473,2437,1067,23299,9105,1850,3984,6335,2025
"A","North East","20","Durham","20UE","Durham",,,67763,39128,31917,7068,24849,1374,220,1154,1792,617,1175,1901,2144,28635,9143,9499,3209,4716,2068
"A","North East","20","Durham","20UF","Easington",,,67731,36476,30122,6417,23705,1102,176,926,1394,349,1045,2882,976,31255,10379,2102,5029,11015,2730
"A","North East","20","Durham","20UG","Sedgefield",,,63312,39333,32799,6650,26149,1289,163,1126,1757,483,1274,2564,924,23979,9411,1884,4100,6629,1955
"A","North East","20","Durham","20UH","Teesdale",,,17937,11568,8572,1956,6616,902,131,771,1376,279,1097,480,238,6369,3032,533,1064,1063,677
"A","North East","20","Durham","20UJ","Wear Valley",,,44127,27019,21424,4933,16491,1202,149,1053,1740,431,1309,2066,587,17108,6599,1321,3235,4381,1572
"A","North East","35","Northumberland","35UB","Alnwick",,,22630,14725,11126,2934,8192,1021,118,903,1399,382,1017,839,340,7905,4108,706,1398,1171,522
"A","North East","35","Northumberland","35UC","Berwick-upon-Tweed",,,18859,12171,8841,2614,6227,1042,144,898,1338,374,964,682,268,6688,3573,438,1115,1088,474
"A","North East","35","Northumberland","35UD","Blyth Valley",,,59719,39351,32661,7242,25419,1115,146,969,1727,455,1272,2648,1200,20368,8128,1846,3672,5098,1624
"A","North East","35","Northumberland","35UE","Castle Morpeth",,,36052,22250,17173,4051,13122,1602,229,1373,1721,588,1133,1023,731,13802,6614,1415,2175,2165,1433
"A","North East","35","Northumberland","35UF","Tynedale",,,42624,28856,21578,5453,16125,2053,291,1762,3233,934,2299,1201,791,13768,6905,1541,2403,2057,862
"A","North East","35","Northumberland","35UG","Wansbeck",,,44795,27852,23043,5216,17827,876,140,736,1096,297,799,2142,695,16943,7155,1397,2683,4327,1381
"B","North West",,,"00BL","Bolton",,,185746,121534,97411,22273,75138,5271,750,4521,7824,1982,5842,6454,4574,64212,24777,7485,11939,13759,6252
"B","North West",,,"00BM","Bury",,,129330,87797,71000,15477,55523,4120,597,3523,6329,1735,4594,3596,2752,41533,17202,4764,7067,8658,3842
"B","North West",,,"00BN","Manchester",,,284994,159127,119011,25014,93997,4506,726,3780,8628,2359,6269,14316,12666,125867,29185,35063,19952,27106,14561
"B","North West",,,"00BP","Oldham",,,152602,99003,79748,17661,62087,4049,601,3448,6305,1559,4746,5632,3269,53599,19869,6027,10151,11721,5831
"B","North West",,,"00BQ","Rochdale",,,145068,93044,74120,16868,57252,4073,623,3450,6084,1530,4554,5649,3118,52024,18909,5857,9400,11982,5876
"B","North West",,,"00BR","Salford",,,155376,96492,77537,16430,61107,3211,430,2781,5183,1212,3971,5920,4641,58884,21030,7858,9146,14811,6039
"B","North West",,,"00BS","Stockport",,,204812,141548,114448,25701,88747,6580,877,5703,10600,3021,7579,5050,4870,63264,30214,6792,11028,10339,4891
"B","North West",,,"00BT","Tameside",,,152313,101660,83768,17502,66266,3527,420,3107,6404,1479,4925,4959,3002,50653,20197,4859,8664,12095,4838
"B","North West",,,"00BU","Trafford",,,151445,103613,83688,18024,65664,4779,634,4145,7333,2158,5175,4087,3726,47832,20989,5694,8660,8232,4257
"B","North West",,,"00BW","Wigan",,,220196,143223,118095,26258,91837,5032,670,4362,8695,1953,6742,7084,4317,76973,30263,6577,12582,21002,6549
"B","North West",,,"00BX","Knowsley",,,107330,61157,48094,11750,36344,1628,204,1424,2904,604,2300,6301,2230,46173,14772,4738,8341,13042,5280
"B","North West",,,"00BY","Liverpool",,,321504,176602,132286,31155,101131,5499,750,4749,8433,2025,6408,19421,10963,144902,41192,27962,22655,36758,16335
"B","North West",,,"00BZ","St. Helens",,,128207,78846,64256,15260,48996,2651,339,2312,3955,1014,2941,5316,2668,49361,19280,4814,8089,12938,4240
"B","North West",,,"00CA","Sefton",,,201184,124915,98130,25554,72576,5361,758,4603,8510,2271,6239,7961,4953,76269,33692,8183,11911,16348,6135
"B","North West",,,"00CB","Wirral",,,221013,136521,109281,27954,81327,5328,751,4577,7811,2256,5555,9451,4650,84492,34975,8819,14659,19263,6776
"B","North West",,,"00ET","Halton",,,85645,54521,44907,10617,34290,1521,195,1326,2433,602,1831,3880,1780,31124,11008,3174,5892,8355,2695
"B","North West",,,"00EU","Warrington",,,139054,95752,79288,18165,61123,3462,472,2990,5674,1570,4104,4064,3264,43302,18786,4205,7633,8623,4055
"B","North West",,,"00EX","Blackburn with Darwen",,,94322,57861,45809,11105,34704,2646,434,2212,3485,942,2543,3900,2021,36461,11738,4275,8180,7962,4306
"B","North West",,,"00EY","Blackpool",,,101786,63595,47339,12553,34786,3150,487,2663,6728,1712,5016,4232,2146,38191,16420,2631,5836,10005,3299
"B","North West","13","Cheshire","13UB","Chester",,,86789,57757,45570,10608,34962,2971,411,2560,4477,1407,3070,2097,2642,29032,13379,4083,5127,4373,2070
"B","North West","13","Cheshire","13UC","Congleton",,,66707,46215,37132,7932,29200,2269,339,1930,3615,1093,2522,1480,1719,20492,9961,2811,3755,2687,1278
"B","North West","13","Cheshire","13UD","Crewe and Nantwich",,,79872,53974,43311,10511,32800,2595,389,2206,3741,1166,2575,2253,2074,25898,12001,2881,4879,4052,2085
"B","North West","13","Cheshire","13UE","Ellesmere Port & Neston",,,58873,39062,32394,7984,24410,1309,245,1064,2033,625,1408,1864,1462,19811,9354,1697,3615,3721,1424
"B","North West","13","Cheshire","13UG","Macclesfield",,,108878,75396,58486,13198,45288,4981,783,4198,7388,2470,4918,2198,2343,33482,17316,3270,6259,4285,2352
"B","North West","13","Cheshire","13UH","Vale Royal",,,88006,59626,48153,10998,37155,2822,403,2419,4307,1329,2978,2465,1879,28380,13052,2595,5657,5047,2029
"B","North West","16","Cumbria","16UB","Allerdale",,,68062,44598,34210,8963,25247,2772,369,2403,3830,970,2860,2641,1145,23464,11316,1744,4143,4273,1988
"B","North West","16","Cumbria","16UC","Barrow-in-Furness",,,51228,31165,25432,7222,18210,1088,166,922,1564,471,1093,2168,913,20063,7911,1388,3562,5536,1666
"B","North West","16","Cumbria","16UD","Carlisle",,,73413,49674,39353,10733,28620,2386,335,2051,3620,899,2721,2584,1731,23739,11590,2247,3633,4486,1783
"B","North West","16","Cumbria","16UE","Copeland",,,50687,31867,25376,6490,18886,1351,170,1181,1891,507,1384,2543,706,18820,8436,1409,3412,3616,1947
"B","North West","16","Cumbria","16UF","Eden",,,36566,25566,17977,4915,13062,2332,318,2014,3820,887,2933,738,699,11000,5953,904,1906,1479,758
"B","North West","16","Cumbria","16UG","South Lakeland",,,74227,50040,36512,9895,26617,3907,615,3292,6384,1894,4490,1480,1757,24187,13797,2232,3416,3213,1529
"B","North West","30","Lancashire","30UD","Burnley",,,62617,40245,33089,7730,25359,1463,207,1256,2406,639,1767,1967,1320,22372,8595,2161,3860,5548,2208
"B","North West","30","Lancashire","30UE","Chorley",,,74018,51312,41405,9121,32284,2551,375,2176,3643,963,2680,1941,1772,22706,9988,2126,3747,4436,2409
"B","North West","30","Lancashire","30UF","Fylde",,,52110,33335,26145,6138,20007,2130,321,1809,2946,890,2056,1029,1085,18775,10365,1452,2599,3003,1356
"B","North West","30","Lancashire","30UG","Hyndburn",,,56957,36746,29938,6504,23434,1432,217,1215,2361,621,1740,1832,1183,20211,7744,1946,3329,5129,2063
"B","North West","30","Lancashire","30UH","Lancaster",,,97365,59939,44967,12361,32606,2872,416,2456,4723,1344,3379,3478,3899,37426,14552,9361,4983,5843,2687
"B","North West","30","Lancashire","30UJ","Pendle",,,62344,39490,30874,7151,23723,2055,295,1760,3040,816,2224,2220,1301,22854,8615,2361,4583,4870,2425
"B","North West","30","Lancashire","30UK","Preston",,,93906,60022,47064,11213,35851,2376,283,2093,3375,884,2491,3216,3991,33884,12363,6122,5712,6365,3322
"B","North West","30","Lancashire","30UL","Ribble Valley",,,39005,27105,20590,5004,15586,2179,248,1931,2795,761,2034,629,912,11900,6444,1271,1694,1740,751
"B","North West","30","Lancashire","30UM","Rossendale",,,46644,31312,25088,5371,19717,1575,195,1380,2422,604,1818,1328,899,15332,6044,1637,2649,3688,1314
"B","North West","30","Lancashire","30UN","South Ribble",,,75600,53144,43817,10012,33805,2221,296,1925,3490,952,2538,1673,1943,22456,11437,2124,3344,4038,1513
"B","North West","30","Lancashire","30UP","West Lancashire",,,78983,51654,39837,9550,30287,3048,399,2649,3955,1124,2831,2543,2271,27329,11424,3782,4653,5499,1971
"B","North West","30","Lancashire","30UQ","Wyre",,,74885,47131,35774,9580,26194,3086,428,2658,4538,1224,3314,1909,1824,27754,14937,2389,3763,5002,1663
"D","Yorkshire and The Humber",,,"00CC","Barnsley",,,157569,95352,76722,19458,57264,3736,510,3226,6119,1476,4643,6207,2568,62217,23624,4909,11516,16438,5730
"D","Yorkshire and The Humber",,,"00CE","Doncaster",,,206011,127592,103021,27795,75226,5054,751,4303,7340,2005,5335,8662,3515,78419,31415,6361,15620,17275,7748
"D","Yorkshire and The Humber",,,"00CF","Rotherham",,,178329,114099,93191,23995,69196,4204,605,3599,6268,1582,4686,7042,3394,64230,25939,5397,13072,14056,5766
"D","Yorkshire and The Humber",,,"00CG","Sheffield",,,374143,236098,184937,46467,138470,8470,1261,7209,14844,4003,10841,15637,12210,138045,50580,30355,22201,23138,11771
"D","Yorkshire and The Humber",,,"00CX","Bradford",,,326778,207122,162381,39040,123341,8777,1308,7469,13400,3572,9828,14281,8283,119656,41922,18116,24972,20042,14604
"D","Yorkshire and The Humber",,,"00CY","Calderdale",,,136731,93590,74715,17895,56820,4297,597,3700,6691,1907,4784,5155,2732,43141,18547,4753,7867,7719,4255
"D","Yorkshire and The Humber",,,"00CZ","Kirklees",,,277601,184530,146536,35032,111504,8496,1265,7231,12469,3478,8991,9327,7702,93071,36329,13650,18123,15600,9369
"D","Yorkshire and The Humber",,,"00DA","Leeds",,,520479,342706,273086,62614,210472,12664,1860,10804,20920,5762,15158,17280,18756,177773,68751,36775,28606,27589,16052
"D","Yorkshire and The Humber",,,"00DB","Wakefield",,,228151,146679,121000,29541,91459,5400,741,4659,7847,1973,5874,8050,4382,81472,32859,7051,14780,18993,7789
"D","Yorkshire and The Humber",,,"00FA","Kingston upon Hull, City of",,,173804,107584,85193,22590,62603,2606,406,2200,4701,1129,3572,10825,4259,66220,23082,9741,13526,12898,6973
"D","Yorkshire and The Humber",,,"00FB","East Riding of Yorkshire",,,228524,152376,119123,31393,87730,9307,1408,7899,12080,3497,8583,6936,4930,76148,38550,8137,13494,10314,5653
"D","Yorkshire and The Humber",,,"00FC","North East Lincolnshire",,,110925,72249,57598,16817,40781,2610,379,2231,3764,1043,2721,6045,2232,38676,16726,3420,8673,6272,3585
"D","Yorkshire and The Humber",,,"00FD","North Lincolnshire",,,110156,72352,59192,14715,44477,3034,474,2560,4192,1165,3027,3986,1948,37804,17425,3344,8099,5940,2996
"D","Yorkshire and The Humber",,,"00FF","York",,,134547,91269,73248,18760,54488,3343,526,2817,6045,1790,4255,3345,5288,43278,19582,9519,6289,4970,2918
"D","Yorkshire and The Humber","36","North Yorkshire","36UB","Craven",,,38146,26527,19327,5064,14263,2140,316,1824,3538,928,2610,756,766,11619,6569,1281,1706,1383,680
"D","Yorkshire and The Humber","36","North Yorkshire","36UC","Hambleton",,,61275,43212,32781,8253,24528,3283,478,2805,4721,1291,3430,1244,1183,18063,9702,1587,3437,2206,1131
"D","Yorkshire and The Humber","36","North Yorkshire","36UD","Harrogate",,,109225,77941,60221,14081,46140,5017,732,4285,7999,2455,5544,2020,2684,31284,15860,3427,6200,3680,2117
"D","Yorkshire and The Humber","36","North Yorkshire","36UE","Richmondshire",,,34557,25007,19317,4180,15137,1717,240,1477,2597,725,1872,845,531,9550,4792,823,2082,1125,728
"D","Yorkshire and The Humber","36","North Yorkshire","36UF","Ryedale",,,36536,24996,17983,5003,12980,2122,296,1826,3553,973,2580,766,572,11540,6328,1090,2108,1264,750
"D","Yorkshire and The Humber","36","North Yorkshire","36UG","Scarborough",,,75535,47908,35103,10347,24756,3337,544,2793,4964,1371,3593,2720,1784,27627,13888,2468,4689,4577,2005
"D","Yorkshire and The Humber","36","North Yorkshire","36UH","Selby",,,55309,39352,31746,7649,24097,2128,310,1818,3022,825,2197,1379,1077,15957,7662,1588,3284,2277,1146
"E","East Midlands",,,"00FK","Derby",,,158156,102536,82579,19757,62822,3013,433,2580,5559,1536,4023,6325,5060,55620,22694,8123,10474,9112,5217
"E","East Midlands",,,"00FN","Leicester",,,198922,122875,95153,20796,74357,4109,527,3582,6144,1562,4582,9704,7765,76047,21565,17450,14916,12829,9287
"E","East Midlands",,,"00FP","Rutland",,,25277,17088,13431,3175,10256,1031,167,864,1679,553,1126,478,469,8189,3787,1308,1424,610,1060
"E","East Midlands",,,"00FY","Nottingham",,,195788,113383,86240,19025,67215,3060,409,2651,5961,1603,4358,10287,7835,82405,22820,24116,13053,13986,8430
"E","East Midlands","17","Derbyshire","17UB","Amber Valley",,,84359,57392,46869,10789,36080,2427,336,2091,4081,1131,2950,2576,1439,26967,12412,2096,5559,4659,2241
"E","East Midlands","17","Derbyshire","17UC","Bolsover",,,51753,31623,25658,6435,19223,1231,180,1051,1876,484,1392,2073,785,20130,7979,1419,4032,4966,1734
"E","East Midlands","17","Derbyshire","17UD","Chesterfield",,,71290,46340,37388,9672,27716,1622,237,1385,2815,766,2049,3239,1276,24950,10914,1970,4615,5357,2094
"E","East Midlands","17","Derbyshire","17UF","Derbyshire Dales",,,50435,34603,25821,7046,18775,2558,366,2192,4223,1220,3003,1081,920,15832,8252,1589,2863,1866,1262
"E","East Midlands","17","Derbyshire","17UG","Erewash",,,79295,55241,45846,10251,35595,1948,281,1667,3367,867,2500,2582,1498,24054,11184,2058,4841,4121,1850
"E","East Midlands","17","Derbyshire","17UH","High Peak",,,64444,45532,36249,8649,27600,2205,346,1859,4133,1191,2942,1725,1220,18912,8969,2062,3379,3128,1374
"E","East Midlands","17","Derbyshire","17UJ","North East Derbyshire",,,71097,46929,37425,9752,27673,2274,294,1980,3618,969,2649,2358,1254,24168,11403,2066,4361,4451,1887
"E","East Midlands","17","Derbyshire","17UK","South Derbyshire",,,59311,41471,34070,7957,26113,1905,283,1622,2996,830,2166,1380,1120,17840,7891,1835,3655,3121,1338
"E","East Midlands","31","Leicestershire","31UB","Blaby",,,66208,48667,39916,9028,30888,2166,291,1875,3685,966,2719,1387,1513,17541,9331,1771,2806,2100,1533
"E","East Midlands","31","Leicestershire","31UC","Charnwood",,,113728,76799,60688,13935,46753,3365,491,2874,5405,1628,3777,2962,4379,36929,14736,10734,5555,3614,2290
"E","East Midlands","31","Leicestershire","31UD","Harborough",,,55587,40884,32160,7600,24560,2529,387,2142,3956,1197,2759,978,1261,14703,7627,1666,2972,1489,949
"E","East Midlands","31","Leicestershire","31UE","Hinckley and Bosworth",,,73622,53314,43183,9614,33569,2467,361,2106,4179,1123,3056,1838,1647,20308,10432,2037,3781,2575,1483
"E","East Midlands","31","Leicestershire","31UG","Melton",,,34678,24994,19750,4693,15057,1382,209,1173,2248,664,1584,821,793,9684,5011,939,2025,954,755
"E","East Midlands","31","Leicestershire","31UH","North West Leicestershire",,,62158,43535,35668,8149,27519,1893,262,1631,3256,870,2386,1503,1215,18623,8751,1581,4010,2871,1410
"E","East Midlands","31","Leicestershire","31UJ","Oadby and Wigston",,,40522,27858,22117,5344,16773,1396,201,1195,1861,525,1336,1024,1460,12664,6224,2469,1831,1369,771
"E","East Midlands","32","Lincolnshire","32UB","Boston",,,40278,26302,21042,5596,15446,1401,185,1216,1981,522,1459,1144,734,13976,6755,987,2566,2468,1200
"E","East Midlands","32","Lincolnshire","32UC","East Lindsey",,,94205,56504,42016,11547,30469,4222,626,3596,5975,1562,4413,2904,1387,37701,18887,2536,6610,7171,2497
"E","East Midlands","32","Lincolnshire","32UD","Lincoln",,,61755,40199,31743,8048,23695,1309,196,1113,2280,634,1646,2579,2288,21556,7610,3885,4204,3871,1986
"E","East Midlands","32","Lincolnshire","32UE","North Kesteven",,,67972,45868,37145,8822,28323,2218,355,1863,3600,1007,2593,1656,1249,22104,11490,1756,4368,3088,1402
"E","East Midlands","32","Lincolnshire","32UF","South Holland",,,55507,36314,28827,6477,22350,2148,269,1879,3286,747,2539,1233,820,19193,10645,1113,3323,2875,1237
"E","East Midlands","32","Lincolnshire","32UG","South Kesteven",,,89383,63449,51238,11948,39290,2987,428,2559,5021,1472,3549,2205,1998,25934,12703,2728,5377,3325,1801
"E","East Midlands","32","Lincolnshire","32UH","West Lindsey",,,57243,37519,29256,7608,21648,2127,300,1827,3192,945,2247,1851,1093,19724,9740,1794,3949,2921,1320
"E","East Midlands","34","Northamptonshire","34UB","Corby",,,38048,26447,22393,4722,17671,643,122,521,1040,252,788,1597,774,11601,4707,1017,1951,2656,1270
"E","East Midlands","34","Northamptonshire","34UC","Daventry",,,52089,38170,30294,6543,23751,2121,302,1819,3442,1029,2413,1216,1097,13919,6591,1446,3036,1511,1335
"E","East Midlands","34","Northamptonshire","34UD","East Northamptonshire",,,54804,39842,32480,6832,25648,1850,274,1576,3204,901,2303,1369,939,14962,6784,1738,3496,1883,1061
"E","East Midlands","34","Northamptonshire","34UE","Kettering",,,58703,42904,35197,7899,27298,1805,244,1561,3032,765,2267,1503,1367,15799,7360,1444,3323,2404,1268
"E","East Midlands","34","Northamptonshire","34UF","Northampton",,,140981,101333,82923,17181,65742,3205,405,2800,6211,1538,4673,4361,4633,39648,15456,6332,7913,6254,3693
"E","East Midlands","34","Northamptonshire","34UG","South Northamptonshire",,,57445,43190,34332,7330,27002,2310,332,1978,4260,1215,3045,1006,1282,14255,6873,1464,3474,1411,1033
"E","East Midlands","34","Northamptonshire","34UH","Wellingborough",,,52064,36858,30212,6424,23788,1370,179,1191,2423,615,1808,1676,1177,15206,6659,1358,3216,2364,1609
"E","East Midlands","37","Nottinghamshire","37UB","Ashfield",,,80574,52573,43018,10269,32749,1846,266,1580,2958,727,2231,3419,1332,28001,11804,2125,5816,5801,2455
"E","East Midlands","37","Nottinghamshire","37UC","Bassetlaw",,,78325,49434,39413,10546,28867,2336,358,1978,3314,933,2381,3090,1281,28891,12041,2651,5357,5952,2890
"E","East Midlands","37","Nottinghamshire","37UD","Broxtowe",,,79187,53570,43989,10073,33916,2027,300,1727,3468,978,2490,2075,2011,25617,11850,3952,4292,3708,1815
"E","East Midlands","37","Nottinghamshire","37UE","Gedling",,,81720,56902,46030,10960,35070,2598,362,2236,4113,1120,2993,2338,1823,24818,12760,2248,4084,3924,1802
"E","East Midlands","37","Nottinghamshire","37UF","Mansfield",,,70510,43899,35394,9143,26251,1597,227,1370,2549,654,1895,3078,1281,26611,10909,2092,5258,6101,2251
"E","East Midlands","37","Nottinghamshire","37UG","Newark and Sherwood",,,76415,49919,39321,9990,29331,2667,397,2270,4042,1210,2832,2367,1522,26496,12129,2273,5511,4375,2208
"E","East Midlands","37","Nottinghamshire","37UJ","Rushcliffe",,,76914,53948,43035,9533,33502,2841,420,2421,4383,1495,2888,1682,2007,22966,11173,3544,4002,2601,1646
"F","West Midlands",,,"00CN","Birmingham",,,680059,410558,313720,67899,245821,14332,2010,12322,23068,6130,16938,38826,20612,269501,83311,50872,54664,45259,35395
"F","West Midlands",,,"00CQ","Coventry",,,214833,135576,108036,23503,84533,4084,533,3551,7008,1714,5294,8505,7943,79257,27119,18661,12678,13122,7677
"F","West Midlands",,,"00CR","Dudley",,,221725,149291,121540,28785,92755,5266,715,4551,9216,2166,7050,8743,4526,72434,33285,6347,14398,11804,6600
"F","West Midlands",,,"00CS","Sandwell",,,199635,125003,101385,21681,79704,3397,408,2989,5637,1222,4415,10592,3992,74632,28184,7642,15284,14673,8849
"F","West Midlands",,,"00CT","Solihull",,,142437,97930,79084,18348,60736,4500,644,3856,6837,2068,4769,4220,3289,44507,21767,4582,8502,6254,3402
"F","West Midlands",,,"00CU","Walsall",,,180623,114111,92049,21520,70529,4252,620,3632,6580,1622,4958,7882,3348,66512,26656,6755,13852,12186,7063
"F","West Midlands",,,"00CW","Wolverhampton",,,168606,104864,82317,19030,63287,3596,501,3095,5547,1405,4142,8966,4438,63742,24297,8584,11915,11652,7294
"F","West Midlands",,,"00GA","Herefordshire, County of",,,124824,84911,62000,16923,45077,5983,858,5125,11136,3120,8016,3370,2422,39913,20108,3569,7776,5401,3059
"F","West Midlands",,,"00GF","Telford and Wrekin",,,114225,78500,65225,13161,52064,2672,385,2287,4192,1179,3013,3771,2640,35725,13135,4225,8130,7065,3170
"F","West Midlands",,,"00GL","Stoke-on-Trent",,,174247,106613,86062,18119,67943,3328,490,2838,5544,1260,4284,6951,4728,67634,24299,8905,10981,16677,6772
"F","West Midlands","39","Shropshire","39UB","Bridgnorth",,,39303,27926,21776,4720,17056,1874,275,1599,2729,780,1949,826,721,11377,5739,1064,2266,1511,797
"F","West Midlands","39","Shropshire","39UC","North Shropshire",,,41268,27930,21196,5185,16011,2057,269,1788,2909,779,2130,1018,750,13338,6300,1292,2650,1868,1228
"F","West Midlands","39","Shropshire","39UD","Oswestry",,,26611,18129,13978,3666,10312,1116,143,973,1667,407,1260,856,512,8482,3948,1024,1525,1387,598
"F","West Midlands","39","Shropshire","39UE","Shrewsbury and Atcham",,,68919,47929,38091,9834,28257,2541,336,2205,4136,1163,2973,1656,1505,20990,9968,2313,3866,3185,1658
"F","West Midlands","39","Shropshire","39UF","South Shropshire",,,28968,18917,12729,3812,8917,1725,259,1466,3370,936,2434,675,418,10051,5464,773,1897,1278,639
"F","West Midlands","41","Staffordshire","41UB","Cannock Chase",,,67138,46282,37909,8655,29254,1730,230,1500,3228,680,2548,2106,1309,20856,8664,1794,4325,4378,1695
"F","West Midlands","41","Staffordshire","41UC","East Staffordshire",,,74442,50881,41035,10038,30997,2291,308,1983,3671,939,2732,2299,1585,23561,10807,2312,4887,3205,2350
"F","West Midlands","41","Staffordshire","41UD","Lichfield",,,68638,47989,38110,9104,29006,2830,377,2453,3952,1119,2833,1696,1401,20649,10030,2025,4044,2878,1672
"F","West Midlands","41","Staffordshire","41UE","Newcastle-under-Lyme",,,89812,57876,46477,10803,35674,2475,363,2112,3765,992,2773,2505,2654,31936,13595,5202,4736,5983,2420
"F","West Midlands","41","Staffordshire","41UF","South Staffordshire",,,78326,54507,43168,10769,32399,3245,481,2764,4401,1163,3238,1915,1778,23819,11671,2403,4372,3316,2057
"F","West Midlands","41","Staffordshire","41UG","Stafford",,,88991,61424,49070,11166,37904,3020,442,2578,4564,1311,3253,2327,2443,27567,13599,3650,4272,3876,2170
"F","West Midlands","41","Staffordshire","41UH","Staffordshire Moorlands",,,69753,47309,36721,8579,28142,2843,367,2476,4580,1069,3511,1557,1608,22444,11112,1877,3612,4205,1638
"F","West Midlands","41","Staffordshire","41UK","Tamworth",,,54147,39127,32604,6968,25636,1115,133,982,2085,510,1575,1928,1395,15020,5753,1496,3606,2907,1258
"F","West Midlands","44","Warwickshire","44UB","North Warwickshire",,,45476,31807,25702,5721,19981,1605,229,1376,2489,623,1866,1181,830,13669,6245,1238,2692,2390,1104
"F","West Midlands","44","Warwickshire","44UC","Nuneaton and Bedworth",,,86179,59347,50003,11500,38503,1837,259,1578,3199,854,2345,2536,1772,26832,11702,2279,5303,5324,2224
"F","West Midlands","44","Warwickshire","44UD","Rugby",,,63029,45049,37130,8207,28923,1796,244,1552,3146,889,2257,1664,1313,17980,8774,2049,3468,2307,1382
"F","West Midlands","44","Warwickshire","44UE","Stratford-on-Avon",,,81560,58259,44669,10474,34195,3650,544,3106,6604,2150,4454,1618,1718,23301,12463,2165,4776,2304,1593
"F","West Midlands","44","Warwickshire","44UF","Warwick",,,92842,65236,52143,11065,41078,2791,387,2404,5139,1694,3445,2293,2870,27606,12002,6092,4476,3144,1892
"F","West Midlands","47","Worcestershire","47UB","Bromsgrove",,,63823,44828,35560,8739,26821,2670,373,2297,3822,1159,2663,1352,1424,18995,9948,1949,3178,2263,1657
"F","West Midlands","47","Worcestershire","47UC","Malvern Hills",,,51498,34515,25817,6767,19050,2387,352,2035,4212,1390,2822,1011,1088,16983,8707,2033,3048,2068,1127
"F","West Midlands","47","Worcestershire","47UD","Redditch",,,57370,42485,35032,7259,27773,1365,172,1193,2645,709,1936,2062,1381,14885,5956,1782,3254,2465,1428
"F","West Midlands","47","Worcestershire","47UE","Worcester",,,68096,49099,40667,9272,31395,1483,203,1280,3001,811,2190,1878,2070,18997,8158,2594,3710,2867,1668
"F","West Midlands","47","Worcestershire","47UF","Wychavon",,,82340,58155,45047,10974,34073,3583,516,3067,5872,1783,4089,1840,1813,24185,12487,2078,4817,2771,2032
"F","West Midlands","47","Worcestershire","47UG","Wyre Forest",,,71041,49450,39583,9541,30042,2293,322,1971,3948,1105,2843,2157,1469,21591,10165,1996,4153,3520,1757
"G","East of England",,,"00JA","Peterborough",,,111688,77323,64009,13964,50045,2687,360,2327,4446,1145,3301,3731,2450,34365,13877,3191,8075,5604,3618
"G","East of England",,,"00KA","Luton",,,131660,88396,69629,13635,55994,2926,382,2544,5878,1196,4682,5064,4899,43264,14296,7286,10063,6071,5548
"G","East of England",,,"00KF","Southend-on-Sea",,,111789,74551,58223,13462,44761,3343,495,2848,6613,1734,4879,4085,2287,37238,16501,3331,8588,5513,3305
"G","East of England",,,"00KG","Thurrock",,,102996,73285,60292,12927,47365,2554,295,2259,4783,885,3898,3514,2142,29711,12108,2269,7811,4681,2842
"G","East of England","09","Bedfordshire","09UC","Mid Bedfordshire",,,88020,65549,52748,10609,42139,3100,403,2697,6138,1618,4520,1656,1907,22471,10379,2947,5461,2166,1518
"G","East of England","09","Bedfordshire","09UD","Bedford",,,106897,74252,59349,12448,46901,3136,441,2695,5448,1536,3912,3341,2978,32645,13428,5152,6544,4167,3354
"G","East of England","09","Bedfordshire","09UE","South Bedfordshire",,,81362,59407,48418,9980,38438,2412,303,2109,4745,1232,3513,1983,1849,21955,10385,2034,5161,2666,1709
"G","East of England","12","Cambridgeshire","12UB","Cambridge",,,85345,51592,40561,7886,32675,1605,238,1367,3897,1471,2426,1950,3579,33753,7305,18574,3573,2365,1936
"G","East of England","12","Cambridgeshire","12UC","East Cambridgeshire",,,53138,38456,30579,6702,23877,2002,285,1717,3766,1040,2726,1175,934,14682,7183,1364,3334,1676,1125
"G","East of England","12","Cambridgeshire","12UD","Fenland",,,59756,39487,31706,7393,24313,1902,234,1668,3324,764,2560,1620,935,20269,9837,1353,4173,3184,1722
"G","East of England","12","Cambridgeshire","12UE","Huntingdonshire",,,113549,84775,70372,14347,56025,3388,455,2933,6240,1790,4450,2285,2490,28774,13309,2873,6935,3269,2388
"G","East of England","12","Cambridgeshire","12UG","South Cambridgeshire",,,94803,70840,56867,12473,44394,3387,525,2862,6993,2306,4687,1532,2061,23963,11559,3190,5257,2210,1747
"G","East of England","22","Essex","22UB","Basildon",,,119516,81695,65941,14344,51597,3227,410,2817,6589,1427,5162,3702,2236,37821,16390,2757,9859,5616,3199
"G","East of England","22","Essex","22UC","Braintree",,,94826,68425,54321,12045,42276,3332,500,2832,6665,1649,5016,2187,1920,26401,11948,2071,6841,3551,1990
"G","East of England","22","Essex","22UD","Brentwood",,,49514,33801,26896,5905,20991,1788,292,1496,3200,925,2275,922,995,15713,7916,1487,3685,1603,1022
"G","East of England","22","Essex","22UE","Castle Point",,,63207,42713,33628,8107,25521,2068,286,1782,4207,928,3279,1541,1269,20494,10085,1454,4861,2650,1444
"G","East of England","22","Essex","22UF","Chelmsford",,,115131,82929,66947,14624,52323,3574,522,3052,6783,1834,4949,2372,3253,32202,15357,3826,7606,3024,2389
"G","East of England","22","Essex","22UG","Colchester",,,113771,78160,62406,14527,47879,3290,477,2813,6554,1782,4772,2662,3248,35611,14292,6372,7432,4877,2638
"G","East of England","22","Essex","22UH","Epping Forest",,,87252,60273,45637,9935,35702,4148,545,3603,6748,1891,4857,2269,1471,26979,12246,2748,6724,2981,2280
"G","East of England","22","Essex","22UJ","Harlow",,,57018,40873,33978,7133,26845,1096,151,945,2586,548,2038,1917,1296,16145,7385,1260,3697,2393,1410
"G","East of England","22","Essex","22UK","Maldon",,,43056,29962,22887,5535,17352,1872,316,1556,3493,913,2580,938,772,13094,6116,1123,3396,1523,936
"G","East of England","22","Essex","22UL","Rochford",,,56720,39069,31069,7564,23505,1929,301,1628,3674,913,2761,1180,1217,17651,9276,1377,4090,1767,1141
"G","East of England","22","Essex","22UN","Tendring",,,95684,56639,43291,11837,31454,3240,466,2774,5655,1549,4106,2834,1619,39045,20502,2427,6629,6604,2883
"G","East of England","22","Essex","22UQ","Uttlesford",,,49862,35993,27594,6337,21257,2431,366,2065,4056,1304,2752,862,1050,13869,6418,1645,3656,1171,979
"G","East of England","26","Hertfordshire","26UB","Broxbourne",,,63561,45103,35906,8007,27899,2010,266,1744,4360,966,3394,1491,1336,18458,8710,1736,4405,2122,1485
"G","East of England","26","Hertfordshire","26UC","Dacorum",,,99205,71712,57443,12316,45127,3039,414,2625,6753,1980,4773,2229,2248,27493,12672,2831,6486,2837,2667
"G","East of England","26","Hertfordshire","26UD","East Hertfordshire",,,94123,69200,55344,11432,43912,3535,497,3038,6644,2054,4590,1505,2172,24923,11210,3500,6215,2259,1739
"G","East of England","26","Hertfordshire","26UE","Hertsmere",,,66949,47687,36557,7805,28752,2737,398,2339,5191,1610,3581,1558,1644,19262,8067,2685,4701,2155,1654
"G","East of England","26","Hertfordshire","26UF","North Hertfordshire",,,83767,60744,48961,10308,38653,2747,402,2345,5254,1667,3587,1768,2014,23023,10947,2541,5307,2556,1672
"G","East of England","26","Hertfordshire","26UG","St Albans",,,93532,67425,53814,10727,43087,3134,438,2696,6502,2250,4252,1592,2383,26107,12117,3205,6211,2627,1947
"G","East of England","26","Hertfordshire","26UH","Stevenage",,,57007,41367,34045,7304,26741,1200,142,1058,2877,596,2281,1630,1615,15640,6996,1535,3561,2209,1339
"G","East of England","26","Hertfordshire","26UJ","Three Rivers",,,59106,41933,32756,7033,25723,2294,335,1959,4328,1388,2940,1271,1284,17173,7998,2081,4266,1520,1308
"G","East of England","26","Hertfordshire","26UK","Watford",,,58204,43241,35234,6471,28763,1477,206,1271,3507,907,2600,1442,1581,14963,6098,1955,3462,1897,1551
"G","East of England","26","Hertfordshire","26UL","Welwyn Hatfield",,,70554,47851,37766,8092,29674,1916,280,1636,3966,1248,2718,1419,2784,22703,9754,4763,4099,2391,1696
"G","East of England","33","Norfolk","33UB","Breckland",,,86783,58063,45998,11065,34933,2818,413,2405,5530,1507,4023,2294,1423,28720,14443,2283,5756,3741,2497
"G","East of England","33","Norfolk","33UC","Broadland",,,86322,59810,47858,12752,35106,2869,405,2464,5594,1596,3998,1697,1792,26512,14724,1829,5037,3335,1587
"G","East of England","33","Norfolk","33UD","Great Yarmouth",,,64808,41250,31259,8988,22271,2071,325,1746,3244,850,2394,3425,1251,23558,10508,1608,4981,4386,2075
"G","East of England","33","Norfolk","33UE","King's Lynn and West Norfolk",,,97398,62919,49100,12380,36720,3578,546,3032,5881,1621,4260,2500,1860,34479,17953,2184,6481,5311,2550
"G","East of England","33","Norfolk","33UF","North Norfolk",,,70438,43302,32197,9034,23163,2903,469,2434,5354,1576,3778,1808,1040,27136,15373,1649,4667,3713,1734
"G","East of England","33","Norfolk","33UG","Norwich",,,89832,57824,45509,10882,34627,1634,225,1409,3800,1121,2679,3700,3181,32008,10995,7196,5749,5122,2946
"G","East of England","33","Norfolk","33UH","South Norfolk",,,79883,54403,42111,10886,31225,3195,519,2676,5922,1763,4159,1651,1524,25480,13344,2321,5261,2932,1622
"G","East of England","42","Suffolk","42UB","Babergh",,,59886,41728,32195,8073,24122,2353,369,1984,4636,1468,3168,1336,1208,18158,9301,1651,3967,1990,1249
"G","East of England","42","Suffolk","42UC","Forest Heath",,,39967,29241,24317,4619,19698,1185,145,1040,2083,531,1552,881,775,10726,4662,975,2736,1204,1149
"G","East of England","42","Suffolk","42UD","Ipswich",,,82787,57212,46982,11977,35005,1646,238,1408,3655,907,2748,2893,2036,25575,11155,2225,5543,4269,2383
"G","East of England","42","Suffolk","42UE","Mid Suffolk",,,62450,43986,34112,8526,25586,2495,367,2128,4871,1455,3416,1256,1252,18464,9619,1527,4167,1884,1267
"G","East of England","42","Suffolk","42UF","St Edmundsbury",,,71555,51862,42356,9914,32442,2303,364,1939,4207,1234,2973,1567,1429,19693,9757,1574,4036,2428,1898
"G","East of England","42","Suffolk","42UG","Suffolk Coastal",,,81046,54211,42240,11207,31033,2931,519,2412,5585,1835,3750,1752,1703,26835,14468,2291,5430,2883,1763
"G","East of England","42","Suffolk","42UH","Waveney",,,78381,49237,38221,11223,26998,2344,349,1995,4033,1145,2888,3036,1603,29144,14228,2092,5901,4608,2315
"H","London",,,"00AA","City of London",,,6067,4535,3315,276,3039,344,22,322,543,152,391,216,117,1532,546,364,232,180,210
"H","London",,,"00AB","Barking and Dagenham",,,113579,71537,57230,11509,45721,2045,247,1798,4453,764,3689,5121,2688,42042,13433,5078,10799,7924,4808
"H","London",,,"00AC","Barnet",,,228123,154748,112635,21146,91489,10281,1561,8720,17626,5763,11863,7758,6448,73375,23035,16882,17069,7866,8523
"H","London",,,"00AD","Bexley",,,156172,108636,87260,18157,69103,4284,571,3713,8912,1940,6972,4530,3650,47536,22180,4875,10909,5659,3913
"H","London",,,"00AE","Brent",,,198712,130146,95030,15628,79402,6351,852,5499,11616,3092,8524,9901,7248,68566,18997,16440,13601,9372,10156
"H","London",,,"00AF","Bromley",,,212368,147643,115801,23487,92314,7162,927,6235,14260,4186,10074,5672,4748,64725,30041,7182,15232,6805,5465
"H","London",,,"00AG","Camden",,,155165,100582,70076,9710,60366,5275,813,4462,12568,4501,8067,7665,4998,54583,10828,16968,9857,8944,7986
"H","London",,,"00AH","Croydon",,,238077,166951,130988,24240,106748,6780,869,5911,13626,3540,10086,9163,6394,71126,26395,10535,16824,9063,8309
"H","London",,,"00AJ","Ealing",,,224780,153781,120001,17146,102855,5919,786,5133,12389,3426,8963,8844,6628,70999,20474,14704,15365,10414,10042
"H","London",,,"00AK","Enfield",,,197706,130425,98696,19128,79568,6243,844,5399,11471,3034,8437,8177,5838,67281,22202,12612,14712,9082,8673
"H","London",,,"00AL","Greenwich",,,153795,101036,76559,13752,62807,3529,457,3072,7420,1921,5499,8354,5174,52759,15903,9400,11898,8845,6713
"H","London",,,"00AM","Hackney",,,146865,90779,63401,12013,51388,3451,597,2854,8636,2665,5971,10143,5148,56086,11069,13448,11650,10340,9579
"H","London",,,"00AN","Hammersmith and Fulham",,,129792,90115,67370,7809,59561,3977,529,3448,9406,2902,6504,6447,2915,39677,10038,9330,8181,6134,5994
"H","London",,,"00AP","Haringey",,,162700,106526,76685,12367,64318,4164,670,3494,10469,3573,6896,9468,5740,56174,13127,13350,11689,8530,9478
"H","London",,,"00AQ","Harrow",,,150514,103049,79016,15294,63722,5612,723,4889,9228,2619,6609,4602,4591,47465,16913,9474,10334,5119,5625
"H","London",,,"00AR","Havering",,,161323,109098,87564,19368,68196,4644,659,3985,9397,1961,7436,4191,3302,52225,25063,4626,11715,6647,4174
"H","London",,,"00AS","Hillingdon",,,175645,122590,98320,18140,80180,4442,565,3877,9363,2432,6931,4800,5665,53055,20648,8717,11998,6579,5113
"H","London",,,"00AT","Hounslow",,,157406,109494,87414,13267,74147,3965,513,3452,8100,2219,5881,5137,4878,47912,14855,8765,10931,7065,6296
"H","London",,,"00AU","Islington",,,135661,88592,63867,9209,54658,3576,506,3070,9274,2791,6483,7873,4002,47069,10639,11033,8763,9380,7254
"H","London",,,"00AW","Kensington and Chelsea",,,124869,81944,56799,6888,49911,5887,923,4964,11056,4054,7002,5844,2358,42925,10356,10390,10065,5043,7071
"H","London",,,"00AX","Kingston upon Thames",,,109058,78210,60420,10495,49925,3210,479,2731,7369,2231,5138,2696,4515,30848,10717,7478,7034,2780,2839
"H","London",,,"00AY","Lambeth",,,203976,144695,108196,14784,93412,4994,707,4287,12610,3745,8865,12368,6527,59281,14714,13729,11602,9349,9887
"H","London",,,"00AZ","Lewisham",,,183135,126225,95444,15785,79659,4115,629,3486,10092,2835,7257,10301,6273,56910,15908,11938,11983,8847,8234
"H","London",,,"00BA","Merton",,,139476,99972,79041,12361,66680,3955,510,3445,8816,2520,6296,4541,3619,39504,13860,7210,9291,4361,4782
"H","London",,,"00BB","Newham",,,170268,99911,72748,13163,59585,3255,477,2778,5193,1170,4023,11437,7278,70357,13262,15944,17641,11614,11896
"H","London",,,"00BC","Redbridge",,,171300,113293,85880,16486,69394,5926,753,5173,10446,2660,7786,6236,4805,58007,19389,11009,13419,7529,6661
"H","London",,,"00BD","Richmond upon Thames",,,127541,93051,70888,11127,59761,4818,676,4142,11052,3942,7110,3312,2981,34490,12756,6155,8897,3195,3487
"H","London",,,"00BE","Southwark",,,183489,120837,89094,13707,75387,4015,551,3464,9748,2725,7023,11307,6673,62652,14598,17714,11436,9741,9163
"H","London",,,"00BF","Sutton",,,129176,93911,75051,14583,60468,3966,501,3465,8632,2178,6454,3301,2961,35265,15226,4117,8350,4306,3266
"H","London",,,"00BG","Tower Hamlets",,,143429,84737,61754,10087,51667,2720,397,2323,5924,1417,4507,9456,4883,58692,11021,12783,14753,9254,10881
"H","London",,,"00BH","Waltham Forest",,,159041,106652,82023,14577,67446,3391,511,2880,8311,2106,6205,7823,5104,52389,14990,9583,12162,7986,7668
"H","London",,,"00BJ","Wandsworth",,,204647,150028,117837,12952,104885,5651,741,4910,13226,3992,9234,7871,5443,54619,15141,12205,11725,7554,7994
"H","London",,,"00BK","Westminster",,,146477,96657,70516,8101,62415,5817,872,4945,10413,3371,7042,6497,3414,49820,11541,13985,9729,6901,7664
"J","South East",,,"00LC","Medway",,,179322,126035,102103,22139,79964,4372,601,3771,9264,2058,7206,6249,4047,53287,21138,5995,13925,7225,5004
"J","South East",,,"00MA","Bracknell Forest",,,79771,61751,51333,9355,41978,1970,264,1706,4795,1286,3509,1611,2042,18020,7308,2247,4762,2068,1635
"J","South East",,,"00MB","West Berkshire",,,105553,79512,64787,13173,51614,3470,466,3004,7098,2046,5052,1773,2384,26041,11885,3090,6568,2425,2073
"J","South East",,,"00MC","Reading",,,106963,76762,62351,10887,51464,2217,296,1921,5131,1322,3809,2696,4367,30201,10483,7531,6005,3228,2954
"J","South East",,,"00MD","Slough",,,86242,61737,50938,8184,42754,1740,260,1480,3640,745,2895,2961,2458,24505,8244,3823,6014,3353,3071
"J","South East",,,"00ME","Windsor and Maidenhead",,,97555,70304,56097,10599,45498,3408,511,2897,6856,2288,4568,1999,1944,27251,12503,3530,6807,2089,2322
"J","South East",,,"00MF","Wokingham",,,111090,83244,67911,13275,54636,3152,450,2702,7067,2155,4912,1721,3393,27846,12517,4607,6711,2157,1854
"J","South East",,,"00MG","Milton Keynes",,,149729,112899,93604,17006,76598,3409,438,2971,7483,1821,5662,4443,3960,36830,13407,4106,9388,5896,4033
"J","South East",,,"00ML","Brighton and Hove",,,185131,125468,92046,21122,70924,5710,913,4797,13562,4234,9328,6725,7425,59663,21082,13148,10534,9752,5147
"J","South East",,,"00MR","Portsmouth",,,135628,91967,72926,16221,56705,3257,383,2874,5869,1303,4566,4194,5721,43661,15842,9601,8037,6283,3898
"J","South East",,,"00MS","Southampton",,,161625,104007,81743,17708,64035,2891,396,2495,6633,1568,5065,4658,8082,57618,17200,18019,9651,8169,4579
"J","South East",,,"00MW","Isle of Wight",,,93393,58139,43357,13477,29880,3496,536,2960,6056,1964,4092,3375,1855,35254,17652,2784,6283,5381,3154
"J","South East","11","Buckinghamshire","11UB","Aylesbury Vale",,,120470,88889,71029,14679,56350,4212,591,3621,8607,2482,6125,2438,2603,31581,13247,4112,7773,3284,3165
"J","South East","11","Buckinghamshire","11UC","Chiltern",,,64093,44374,33609,7693,25916,2523,395,2128,5535,2124,3411,1099,1608,19719,9352,2315,4958,1531,1563
"J","South East","11","Buckinghamshire","11UE","South Bucks",,,44509,31049,23749,4956,18793,2081,350,1731,3532,1184,2348,857,830,13460,6579,1432,3448,939,1062
"J","South East","11","Buckinghamshire","11UF","Wycombe",,,117873,84824,66573,13335,53238,3727,565,3162,8437,2629,5808,2506,3581,33049,14082,4894,8443,2772,2858
"J","South East","21","East Sussex","21UC","Eastbourne",,,61083,38662,29559,7810,21749,1866,307,1559,3746,997,2749,1772,1719,22421,11013,2861,3718,3104,1725
"J","South East","21","East Sussex","21UD","Hastings",,,59060,38143,28626,7503,21123,1689,221,1468,4000,1044,2956,2450,1378,20917,8242,1778,4645,4381,1871
"J","South East","21","East Sussex","21UF","Lewes",,,64121,42738,32204,8508,23696,2404,401,2003,5117,1653,3464,1472,1541,21383,11452,2055,3912,2550,1414
"J","South East","21","East Sussex","21UG","Rother",,,57670,34827,24438,7051,17387,2606,437,2169,5295,1679,3616,1341,1147,22843,12855,1799,3989,2665,1535
"J","South East","21","East Sussex","21UH","Wealden",,,98089,66367,48400,12931,35469,4417,716,3701,9591,2931,6660,1672,2287,31722,16875,2810,6977,3082,1978
"J","South East","24","Hampshire","24UB","Basingstoke and Deane",,,111843,84999,70572,13555,57017,2978,403,2575,6554,1800,4754,2199,2696,26844,12452,2457,6709,3080,2146
"J","South East","24","Hampshire","24UC","East Hampshire",,,78654,56670,44193,10263,33930,2900,438,2462,6314,2021,4293,1433,1830,21984,10460,2390,5392,2227,1515
"J","South East","24","Hampshire","24UD","Eastleigh",,,83628,62010,51313,12017,39296,2326,341,1985,4650,1247,3403,1345,2376,21618,10830,1865,4804,2634,1485
"J","South East","24","Hampshire","24UE","Fareham",,,78202,55862,46118,10395,35723,2120,330,1790,4106,1236,2870,1362,2156,22340,12535,1752,4446,2181,1426
"J","South East","24","Hampshire","24UF","Gosport",,,54854,38922,32695,7071,25624,1102,167,935,2244,585,1659,1495,1386,15932,7686,1384,3410,2082,1370
"J","South East","24","Hampshire","24UG","Hart",,,61655,46537,37952,7783,30169,1867,295,1572,4232,1345,2887,962,1524,15118,7286,1521,4122,1063,1126
"J","South East","24","Hampshire","24UH","Havant",,,83620,55507,44424,11004,33420,2238,329,1909,4442,1148,3294,2273,2130,28113,14174,2282,5670,3950,2037
"J","South East","24","Hampshire","24UJ","New Forest",,,119056,79531,62179,16393,45786,4211,700,3511,8107,2651,5456,2315,2719,39525,22378,2927,7708,4110,2402
"J","South East","24","Hampshire","24UL","Rushmoor",,,66526,51370,43547,7982,35565,1388,171,1217,3410,762,2648,1336,1689,15156,6252,1938,3709,1875,1382
"J","South East","24","Hampshire","24UN","Test Valley",,,78987,58493,47758,10671,37087,2659,381,2278,5053,1591,3462,1219,1804,20494,9994,1924,4807,2205,1564
"J","South East","24","Hampshire","24UP","Winchester",,,78174,54867,42035,9553,32482,2985,473,2512,5534,1967,3567,1257,3056,23307,10722,4098,4817,1919,1751
"J","South East","29","Kent","29UB","Ashford",,,73012,50778,39669,9385,30284,2522,409,2113,5117,1396,3721,1759,1711,22234,10080,2338,5261,2861,1694
"J","South East","29","Kent","29UC","Canterbury",,,96766,60232,45200,11734,33466,2934,437,2497,5475,1611,3864,2600,4023,36534,14678,9094,5875,4581,2306
"J","South East","29","Kent","29UD","Dartford",,,62095,43979,36232,7476,28756,1601,232,1369,3233,694,2539,1576,1337,18116,8214,1781,4226,2341,1554
"J","South East","29","Kent","29UE","Dover",,,73799,47653,37870,9304,28566,2230,364,1866,3709,1090,2619,2425,1419,26146,12027,2522,5157,4251,2189
"J","South East","29","Kent","29UG","Gravesham",,,68612,46497,37186,8563,28623,1967,273,1694,3467,839,2628,2390,1487,22115,9757,2047,5273,3047,1991
"J","South East","29","Kent","29UH","Maidstone",,,101484,71900,57381,12863,44518,3328,483,2845,6565,1750,4815,2226,2400,29584,13691,3150,6885,3339,2519
"J","South East","29","Kent","29UK","Sevenoaks",,,78405,53649,41343,9459,31884,3150,459,2691,6130,1977,4153,1510,1516,24756,11723,2588,6276,2419,1750
"J","South East","29","Kent","29UL","Shepway",,,67539,44256,34409,8303,26106,2128,314,1814,4023,1160,2863,2277,1419,23283,11069,1872,4642,3766,1934
"J","South East","29","Kent","29UM","Swale",,,87888,59013,46540,10848,35692,2626,420,2206,5004,1270,3734,3092,1751,28875,11981,2435,6923,4404,3132
"J","South East","29","Kent","29UN","Thanet",,,86693,53312,40281,10504,29777,2724,428,2296,4606,1256,3350,3820,1881,33381,15186,3151,6536,5899,2609
"J","South East","29","Kent","29UP","Tonbridge and Malling",,,77297,54657,43997,10134,33863,2406,380,2026,5017,1509,3508,1493,1744,22640,10934,2296,5609,2243,1558
"J","South East","29","Kent","29UQ","Tunbridge Wells",,,74240,52382,40653,9223,31430,2830,468,2362,5913,2032,3881,1414,1572,21858,9858,2669,5484,2162,1685
"J","South East","38","Oxfordshire","38UB","Cherwell",,,95757,72185,59659,12268,47391,2868,383,2485,5777,1682,4095,1794,2087,23572,10561,2438,5518,2590,2465
"J","South East","38","Oxfordshire","38UC","Oxford",,,103950,63265,48985,10048,38937,1921,290,1631,4516,1647,2869,2351,5492,40685,8857,21562,4561,3102,2603
"J","South East","38","Oxfordshire","38UD","South Oxfordshire",,,92941,68448,54193,11359,42834,3490,510,2980,7243,2426,4817,1559,1963,24493,11749,2898,5847,2079,1920
"J","South East","38","Oxfordshire","38UE","Vale of White Horse",,,83502,61297,49928,10670,39258,2772,418,2354,5032,1642,3390,1351,2214,22205,10791,3078,4982,1902,1452
"J","South East","38","Oxfordshire","38UF","West Oxfordshire",,,68838,51615,41196,8976,32220,2762,419,2343,5192,1728,3464,1054,1411,17223,8640,1789,3950,1562,1282
"J","South East","43","Surrey","43UB","Elmbridge",,,86527,60594,46088,8989,37099,3733,557,3176,7378,2589,4789,1685,1710,25933,10978,3187,7867,1740,2161
"J","South East","43","Surrey","43UC","Epsom and Ewell",,,48482,34190,26931,5666,21265,1561,221,1340,3452,1086,2366,866,1380,14292,6834,1882,3130,1293,1153
"J","South East","43","Surrey","43UD","Guildford",,,96928,69016,53930,10767,43163,3171,469,2702,6806,2313,4493,1617,3492,27912,11551,5988,6043,2187,2143
"J","South East","43","Surrey","43UE","Mole Valley",,,57527,40146,30444,6914,23530,2437,399,2038,5233,1876,3357,920,1112,17381,9016,1725,4102,1346,1192
"J","South East","43","Surrey","43UF","Reigate and Banstead",,,90991,65874,52413,11051,41362,3284,471,2813,6585,1995,4590,1553,2039,25117,11800,2470,5986,2491,2370
"J","South East","43","Surrey","43UG","Runnymede",,,58112,40188,31611,6168,25443,1634,207,1427,3727,1063,2664,957,2259,17924,7181,4702,3379,1338,1324
"J","South East","43","Surrey","43UH","Spelthorne",,,66451,48320,39974,7746,32228,1802,261,1541,3890,1076,2814,1296,1358,18131,9543,1543,3736,1898,1411
"J","South East","43","Surrey","43UJ","Surrey Heath",,,59079,43630,35180,7208,27972,1920,269,1651,4065,1299,2766,947,1518,15449,7421,1511,4063,1113,1341
"J","South East","43","Surrey","43UK","Tandridge",,,56711,40193,30933,6885,24048,2554,378,2176,4706,1495,3211,962,1038,16518,7886,1961,4040,1553,1078
"J","South East","43","Surrey","43UL","Waverley",,,82834,57912,44131,10109,34022,3380,528,2852,6832,2520,4312,1339,2230,24922,11054,3939,6003,2124,1802
"J","South East","43","Surrey","43UM","Woking",,,64984,47572,38452,7367,31085,1856,278,1578,4403,1395,3008,1180,1681,17412,7789,1723,4773,1578,1549
"J","South East","45","West Sussex","45UB","Adur",,,41661,28102,22227,5904,16323,1172,189,983,2860,777,2083,851,992,13559,7144,1089,2592,1827,907
"J","South East","45","West Sussex","45UC","Arun",,,97053,62759,48272,12269,36003,3212,477,2735,6813,2081,4732,2165,2297,34294,19268,2453,5840,4373,2360
"J","South East","45","West Sussex","45UD","Chichester",,,75216,49576,36305,9303,27002,3330,531,2799,6421,2158,4263,1403,2117,25640,13673,2909,5176,2229,1653
"J","South East","45","West Sussex","45UE","Crawley",,,71905,53269,45211,9060,36151,1397,178,1219,3160,783,2377,1632,1869,18636,8586,1854,4051,2330,1815
"J","South East","45","West Sussex","45UF","Horsham",,,86859,62682,49462,11421,38041,3210,502,2708,6693,2241,4452,1363,1954,24177,12235,2516,5959,1923,1544
"J","South East","45","West Sussex","45UG","Mid Sussex",,,91338,66320,52878,12350,40528,3029,473,2556,6586,2149,4437,1445,2382,25018,12547,2790,5803,2203,1675
"J","South East","45","West Sussex","45UH","Worthing",,,66662,45702,36247,8754,27493,1943,326,1617,4374,1230,3144,1401,1737,20960,10907,1529,3875,3132,1517
"K","South West",,,"00HA","Bath and North East Somerset",,,123167,83147,64246,16076,48170,3980,619,3361,8141,2720,5421,2444,4336,40020,17754,8936,6642,4056,2632
"K","South West",,,"00HB","Bristol, City of",,,279083,186878,148436,32993,115443,6273,900,5373,13008,3750,9258,8599,10562,92205,31086,22321,16344,13850,8604
"K","South West",,,"00HC","North Somerset",,,134132,91767,72780,18833,53947,4633,696,3937,8306,2626,5680,2848,3200,42365,21560,3726,8089,6149,2841
"K","South West",,,"00HD","South Gloucestershire",,,179071,131333,109088,26188,82900,4911,661,4250,9399,2489,6910,3249,4686,47738,23866,4616,9763,5743,3750
"K","South West",,,"00HG","Plymouth",,,175134,112830,91127,22675,68452,3561,580,2981,6349,1822,4527,5649,6144,62304,24296,10132,11230,11647,4999
"K","South West",,,"00HH","Torbay",,,90852,57530,42040,11790,30250,3549,548,3001,6241,1729,4512,3763,1937,33322,16321,2372,5664,6461,2504
"K","South West",,,"00HN","Bournemouth",,,117313,76553,57148,13641,43507,3641,551,3090,7630,2177,5453,3552,4582,40760,17352,6985,6948,6254,3221
"K","South West",,,"00HP","Poole",,,98280,66617,53295,13122,40173,2970,491,2479,5831,1675,4156,2170,2351,31663,16307,2727,6295,4137,2197
"K","South West",,,"00HX","Swindon",,,131072,97481,82915,16911,66004,2525,340,2185,5563,1412,4151,3229,3249,33591,15723,2659,7021,4981,3207
"K","South West","15","Cornwall and Isles of Scilly","15UB","Caradon",,,57590,37766,28015,7546,20469,2468,386,2082,4475,1333,3142,1527,1281,19824,9793,1893,3736,2967,1435
"K","South West","15","Cornwall and Isles of Scilly","15UC","Carrick",,,62726,39478,28591,8318,20273,2693,407,2286,4655,1520,3135,1933,1606,23248,11288,2813,4153,3374,1620
"K","South West","15","Cornwall and Isles of Scilly","15UD","Kerrier",,,66625,41288,30691,8820,21871,2419,376,2043,4605,1453,3152,2372,1201,25337,11333,2270,5194,4553,1987
"K","South West","15","Cornwall and Isles of Scilly","15UE","North Cornwall",,,57339,36395,24902,7514,17388,3154,450,2704,5638,1610,4028,1743,958,20944,10341,1745,4062,3244,1552
"K","South West","15","Cornwall and Isles of Scilly","15UF","Penwith",,,45090,27018,18162,6113,12049,2158,335,1823,4048,1242,2806,1897,753,18072,8168,1564,3482,3440,1418
"K","South West","15","Cornwall and Isles of Scilly","15UG","Restormel",,,68722,43748,32777,9277,23500,2848,429,2419,4647,1341,3306,2235,1241,24974,11884,2069,4963,4182,1876
"K","South West","15","Cornwall and Isles of Scilly","15UH","Isles of Scilly",,,1615,1290,815,211,604,180,22,158,267,69,198,18,10,325,216,17,46,22,24
"K","South West","18","Devon","18UB","East Devon",,,87125,54476,39626,11420,28206,3956,591,3365,7224,2323,4901,1735,1935,32649,19289,2819,5162,3494,1885
"K","South West","18","Devon","18UC","Exeter",,,82980,54239,42789,10997,31792,1861,261,1600,3848,1195,2653,2122,3619,28741,10109,8536,4017,3990,2089
"K","South West","18","Devon","18UD","Mid Devon",,,49756,34085,24738,6701,18037,2463,368,2095,4835,1320,3515,1151,898,15671,7916,1389,3065,2163,1138
"K","South West","18","Devon","18UE","North Devon",,,62384,41484,29683,8673,21010,3065,448,2617,5513,1505,4008,2067,1156,20900,10789,1430,3943,3124,1614
"K","South West","18","Devon","18UG","South Hams",,,58398,38453,26962,7733,19229,3159,491,2668,5710,1943,3767,1347,1275,19945,10488,1930,3663,2483,1381
"K","South West","18","Devon","18UH","Teignbridge",,,85036,55375,41569,11585,29984,3595,533,3062,6421,1987,4434,1959,1831,29661,15351,2666,5083,4261,2300
"K","South West","18","Devon","18UK","Torridge",,,42353,27145,18675,5553,13122,2140,293,1847,4148,1115,3033,1547,635,15208,7694,1246,2861,2352,1055
"K","South West","18","Devon","18UL","West Devon",,,35180,23122,16196,4688,11508,1895,276,1619,3560,1062,2498,846,625,12058,6037,1079,2197,1549,1196
"K","South West","19","Dorset","19UC","Christchurch",,,30758,18859,14553,4058,10495,990,171,819,1960,589,1371,662,694,11899,7484,623,1840,1302,650
"K","South West","19","Dorset","19UD","East Dorset",,,58870,38135,29136,7946,21190,2312,388,1924,4346,1437,2909,975,1366,20735,12757,1360,3717,1861,1040
"K","South West","19","Dorset","19UE","North Dorset",,,43611,29577,22611,5590,17021,1843,272,1571,3637,1044,2593,786,700,14034,7286,1377,2738,1411,1222
"K","South West","19","Dorset","19UG","Purbeck",,,31637,21001,16130,4493,11637,1271,182,1089,2349,779,1570,610,641,10636,5874,934,1944,1190,694
"K","South West","19","Dorset","19UH","West Dorset",,,64658,41228,29997,8726,21271,3021,454,2567,5854,1986,3868,1229,1127,23430,13352,2188,3862,2554,1474
"K","South West","19","Dorset","19UJ","Weymouth and Portland",,,45659,29719,23505,6423,17082,1425,206,1219,2438,649,1789,1334,1017,15940,7502,1143,2807,2708,1780
"K","South West","23","Gloucestershire","23UB","Cheltenham",,,79804,55599,43532,9543,33989,2162,325,1837,4323,1398,2925,2109,3473,24205,10752,4584,4240,2813,1816
"K","South West","23","Gloucestershire","23UC","Cotswold",,,57409,40337,30010,7319,22691,2850,440,2410,5381,1766,3615,994,1102,17072,8725,1758,3815,1494,1280
"K","South West","23","Gloucestershire","23UD","Forest of Dean",,,57728,39388,30051,7612,22439,2227,304,1923,4124,1179,2945,1712,1274,18340,8615,1855,3696,2737,1437
"K","South West","23","Gloucestershire","23UE","Gloucester",,,77967,55380,46194,11120,35074,1545,196,1349,3187,841,2346,2645,1809,22587,9767,2071,4500,3930,2319
"K","South West","23","Gloucestershire","23UF","Stroud",,,76792,54357,42248,10648,31600,2916,465,2451,5672,1903,3769,1843,1678,22435,11229,2281,4668,2545,1712
"K","South West","23","Gloucestershire","23UG","Tewkesbury",,,54999,39283,31569,7354,24215,1883,291,1592,3492,1062,2430,1111,1228,15716,8417,1390,3124,1664,1121
"K","South West","40","Somerset","40UB","Mendip",,,73601,50866,38435,10177,28258,3054,427,2627,5955,1789,4166,1869,1553,22735,10632,2673,4726,2919,1785
"K","South West","40","Somerset","40UC","Sedgemoor",,,75285,50346,38796,10228,28568,2909,403,2506,4986,1419,3567,2047,1608,24939,12192,2069,4930,3901,1847
"K","South West","40","Somerset","40UD","South Somerset",,,106837,73649,57993,14826,43167,3924,605,3319,7423,2312,5111,2253,2056,33188,17805,2670,6459,3950,2304
"K","South West","40","Somerset","40UE","Taunton Deane",,,72891,50023,39400,10466,28934,2529,392,2137,4578,1370,3208,1782,1734,22868,11576,2402,3994,3218,1678
"K","South West","40","Somerset","40UF","West Somerset",,,24805,15156,10176,3081,7095,1319,222,1097,2499,784,1715,729,433,9649,5506,641,1526,1335,641
"K","South West","46","Wiltshire","46UB","Kennet",,,53886,38725,30670,6770,23900,2065,286,1779,3942,1315,2627,1088,960,15161,6979,1695,3608,1436,1443
"K","South West","46","Wiltshire","46UC","North Wiltshire",,,89969,66298,53640,11759,41881,2965,433,2532,6047,1801,4246,1640,2006,23671,11305,2281,5841,2554,1690
"K","South West","46","Wiltshire","46UD","Salisbury",,,82159,59066,46865,10630,36235,2871,430,2441,6097,1831,4266,1483,1750,23093,12041,1859,4959,2555,1679
"K","South West","46","Wiltshire","46UF","West Wiltshire",,,84110,59776,48233,11471,36762,2642,404,2238,5259,1597,3662,1900,1742,24334,12325,2153,5097,3011,1748
,,,,"00NA","Isle of Anglesey",,,47971,28544,21345,5376,15969,1665,207,1458,2564,646,1918,2253,717,19427,8164,2013,3570,4016,1664
,,,,"00NC","Gwynedd",,,83690,50657,35518,9790,25728,3725,477,3248,5900,1412,4488,3459,2055,33033,13530,5655,5324,5816,2708
,,,,"00NE","Conwy",,,76704,46780,34188,9602,24586,3164,412,2752,5035,1301,3734,2832,1561,29924,14428,2788,4458,6060,2190
,,,,"00NG","Denbighshire",,,65203,40678,30827,7763,23064,2629,348,2281,3736,965,2771,2232,1254,24525,10532,2404,4010,5616,1963
,,,,"00NJ","Flintshire",,,107933,72946,60149,13277,46872,2944,392,2552,4429,1133,3296,3246,2178,34987,14945,3390,6678,7022,2952
,,,,"00NL","Wrexham",,,93268,60478,48695,11343,37352,2728,346,2382,3734,903,2831,3061,2260,32790,12746,3957,5629,7467,2991
,,,,"00NN","Powys",,,89686,59449,40569,10563,30006,4876,639,4237,10200,2292,7908,2390,1414,30237,14225,3197,5027,5536,2252
,,,,"00NQ","Ceredigion",,,55456,31553,20011,5302,14709,2615,287,2328,5190,1256,3934,1593,2144,23903,8438,7056,3118,3847,1444
,,,,"00NS","Pembrokeshire",,,80763,48254,33634,9727,23907,3883,497,3386,6250,1591,4659,3135,1352,32509,13829,3155,6211,6627,2687
,,,,"00NU","Carmarthenshire",,,122863,72000,53358,13213,40145,4279,525,3754,8034,1761,6273,4137,2192,50863,19809,5539,7658,13599,4258
,,,,"00NX","Swansea",,,161414,94597,74689,18677,56012,3998,533,3465,5301,1490,3811,5821,4788,66817,24778,10715,9854,15850,5620
,,,,"00NZ","Neath Port Talbot",,,96223,54087,44168,10571,33597,1852,260,1592,2697,680,2017,3772,1598,42136,15047,3424,6589,13069,4007
,,,,"00PB","Bridgend",,,92413,56330,46037,10228,35809,2203,312,1891,3107,762,2345,3198,1785,36083,13436,3102,5988,9918,3639
,,,,"00PD","The Vale of Glamorgan",,,83905,55126,43736,10480,33256,2828,417,2411,3817,1190,2627,2768,1977,28779,12354,3428,5311,5399,2287
,,,,"00PF","Rhondda, Cynon, Taff",,,165822,94876,77187,16435,60752,3450,430,3020,4743,1032,3711,5927,3569,70946,22770,8452,10934,21493,7297
,,,,"00PH","Merthyr Tydfil",,,39789,21619,17654,4001,13653,759,85,674,940,195,745,1608,658,18170,5542,1677,2718,6341,1892
,,,,"00PK","Caerphilly",,,121174,71974,59911,12208,47703,2464,309,2155,3280,772,2508,4346,1973,49200,16628,4523,8315,14680,5054
,,,,"00PL","Blaenau Gwent",,,49471,27564,22727,5076,17651,828,133,695,1018,247,771,2315,676,21907,7277,1854,3543,6822,2411
,,,,"00PM","Torfaen",,,64541,39248,32689,7314,25375,1293,169,1124,1890,484,1406,2205,1171,25293,9955,2264,4310,6594,2170
,,,,"00PP","Monmouthshire",,,60791,40016,30882,7795,23087,2393,330,2063,3987,1124,2863,1597,1157,20775,9492,2271,3717,3503,1792
,,,,"00PR","Newport",,,95912,60474,49165,11895,37270,2259,304,1955,3020,867,2153,3777,2253,35438,13739,3986,6727,7570,3416
,,,,"00PT","Cardiff",,,220355,138247,108609,24154,84455,5357,783,4574,8438,2532,5906,6816,9027,82108,25691,21370,12938,14497,7612