DATASET_TITLE,Living Arrangements (UV82),,,,FROM,Apr-2001,Apr-2001,Apr-2001,Apr-2001,Apr-2001,Apr-2001,Apr-2001,Apr-2001,Apr-2001,Apr-2001,Apr-2001,Apr-2001
AREA_TYPE,County,,,,TO,Apr-2001,Apr-2001,Apr-2001,Apr-2001,Apr-2001,Apr-2001,Apr-2001,Apr-2001,Apr-2001,Apr-2001,Apr-2001,Apr-2001
GEO_HIERARCHY,NeSS Geography Hierarchy,,,,HEADING,All People Aged 16 and Over in Households,Living in a couple,Living in a couple: Married (including separated),Living in a couple: Re-married,Living in a couple: Cohabiting,Not living in a couple,Not living in a couple: Single (never married),Not living in a couple: Married (first marriage),Not living in a couple: Re-married,Not living in a couple: Separated (but still legally married),Not living in a couple: Divorced,Not living in a couple: Widowed
,,,,,MEASUREMENT_UNIT,Count,Count,Count,Count,Count,Count,Count,Count,Count,Count,Count,Count
,,,,,STATISTICAL_UNIT,Persons,Persons,Persons,Persons,Persons,Persons,Persons,Persons,Persons,Persons,Persons,Persons
GOR_CODE,GOR_NAME,CTY_CODE,CTY_NAME,AREA_METADATA,,DATA_VALUE,DATA_VALUE,DATA_VALUE,DATA_VALUE,DATA_VALUE,DATA_VALUE,DATA_VALUE,DATA_VALUE,DATA_VALUE,DATA_VALUE,DATA_VALUE,DATA_VALUE
"K","South West","15","Cornwall and Isles of Scilly",,,400482,257074,176439,41931,38704,143408,72433,1845,442,6566,27061,35061
"K","South West","18","Devon",,,557983,361761,252927,55518,53316,196222,102095,2792,646,9064,33447,48178
"K","South West","19","Dorset",,,311986,209843,150452,32896,26495,102143,49510,1460,422,4816,17544,28391
"K","South West","23","Gloucestershire",,,443577,285660,202856,38044,44760,157917,87887,2363,452,7289,25337,34589
"K","South West","40","Somerset",,,390853,257201,180224,38264,38713,133652,68995,2113,453,6570,23286,32235
"K","South West","46","Wiltshire",,,333246,225365,163009,31377,30979,107881,58750,1372,313,5354,18251,23841