DATASET_TITLE,"GCSE and Equivalent Results for Young People by Free School Meal Eligibility in England (Referenced by Location of Pupil Residence), 2005/2006",,,,,,,,,,FROM,Sep-2005,Sep-2005,Sep-2005,Sep-2005,Sep-2005,Sep-2005,Sep-2005,Sep-2005,Sep-2005,Sep-2005,Sep-2005,Sep-2005,Sep-2005,Sep-2005,Sep-2005,Sep-2005,Sep-2005,Sep-2005,Sep-2005,Sep-2005,Sep-2005,Sep-2005,Sep-2005,Sep-2005
AREA_TYPE,Region,,,,,,,,,,TO,Aug-2006,Aug-2006,Aug-2006,Aug-2006,Aug-2006,Aug-2006,Aug-2006,Aug-2006,Aug-2006,Aug-2006,Aug-2006,Aug-2006,Aug-2006,Aug-2006,Aug-2006,Aug-2006,Aug-2006,Aug-2006,Aug-2006,Aug-2006,Aug-2006,Aug-2006,Aug-2006,Aug-2006
GEO_HIERARCHY,NeSS Geography Hierarchy,,,,,,,,,,HEADING,15 Year Old Pupils; Total,All 15 Year Old Pupils Achieving 5+ A* - C,All 15 Year Old Pupils Achieving 5+ A* - G,All 15 Year Old Pupils Achieving 5+ A* - G Including English and Mathematics,All 15 Year Old Pupils With Any Passes,All 15 Year Old Pupils With No Passes,Average GCSE and Equivalent Point Score Per Pupil,Average Capped GCSE and Equivalent Point Score Per Pupil,15 Year Old Free School Meals Pupils,15 Year Old Free School Meals Pupils Achieving 5+ A* - C,15 Year Old Free School Meals Pupils Achieving 5+ A* - G,15 Year Old Free School Meals Pupils Achieving 5+ A* - G Including English and Mathematics,15 Year Old Free School Meals Pupils With Any Passes,15 Year Old Free School Meals Pupils With No Passes,Average GCSE and Equivalent Point Score Per Free School Meals Pupil,Average Capped GCSE and Equivalent Point Score Per Free School Meals Pupil,15 Year Old Non-Free School Meals Pupils,15 Year Old Non-Free School Meals Pupils Achieving 5+ A* - C,15 Year Old Non-Free School Meals Pupils Achieving 5+ A* - G,15 Year Old Non-Free School Meals Pupils Achieving 5+ A* - G Including English and Mathematics,15 Year Old Non-Free School Meals Pupils With Any Passes,15 Year Old Non-Free School Meals Pupils With No passes,Average GCSE and Equivalent Point Score Per Non-Free School Meals Pupil,Average Capped GCSE and Equivalent Point Score Per Non-Free School Meals Pupil
,,,,,,,,,,,MEASUREMENT_UNIT,Count,Percentage,Percentage,Percentage,Percentage,Percentage,Score,Score,Count,Percentage,Percentage,Percentage,Percentage,Percentage,Score,Score,Count,Percentage,Percentage,Percentage,Percentage,Percentage,Score,Score
,,,,,,,,,,,STATISTICAL_UNIT,Persons,Persons,Persons,Persons,Persons,Persons,Persons,Persons,Persons,Persons,Persons,Persons,Persons,Persons,Persons,Persons,Persons,Persons,Persons,Persons,Persons,Persons,Persons,Persons
UK_CODE,UK_NAME,GB_CODE,GB_NAME,EW_CODE,EW_NAME,CTRY_CODE,CTRY_NAME,GOR_CODE,GOR_NAME,AREA_METADATA,,DATA_VALUE,DATA_VALUE,DATA_VALUE,DATA_VALUE,DATA_VALUE,DATA_VALUE,DATA_VALUE,DATA_VALUE,DATA_VALUE,DATA_VALUE,DATA_VALUE,DATA_VALUE,DATA_VALUE,DATA_VALUE,DATA_VALUE,DATA_VALUE,DATA_VALUE,DATA_VALUE,DATA_VALUE,DATA_VALUE,DATA_VALUE,DATA_VALUE,DATA_VALUE,DATA_VALUE
"213","United Kingdom","078","Great Britain","727","England and Wales","064","England",,,,,650064,58.4,89.2,86.6,96.5,3.5,360.3,291.8,77889,32.8,77.6,74.4,93.3,6.7,266.8,222,513686,60.8,92.1,90.4,97.5,2.5,373.9,299.9
"213","United Kingdom","078","Great Britain","727","England and Wales","064","England","A","North East",,,31579,57.4,88.9,86.9,96.4,3.6,361.5,282.1,5065,29.9,73,69.2,91.6,8.4,253.6,204.8,26514,62.6,91.9,90.3,97.3,2.7,382.1,296.9
"213","United Kingdom","078","Great Britain","727","England and Wales","064","England","B","North West",,,87244,56.5,89.7,87.8,96.6,3.4,352.7,286.3,14820,31.8,76,72.8,92.2,7.8,259.7,216.3,72424,61.5,92.5,90.9,97.5,2.5,371.7,300.6
"213","United Kingdom","078","Great Britain","727","England and Wales","064","England","D","Yorkshire and The Humber",,,62827,54.5,88.4,86.4,96.3,3.7,347.1,280.1,8748,27.6,72,68.7,90.8,9.2,240.2,201.3,54079,58.9,91.1,89.2,97.1,2.9,364.4,292.9
"213","United Kingdom","078","Great Britain","727","England and Wales","064","England","E","East Midlands",,,52564,55.3,90.3,88,97.2,2.8,355.7,286.8,5186,26.8,74.4,70.8,92.1,7.9,245.1,206.1,47378,58.4,92,89.8,97.7,2.3,367.8,295.7
"213","United Kingdom","078","Great Britain","727","England and Wales","064","England","F","West Midlands",,,67355,56.3,90.3,88,97.2,2.8,362.5,287.5,9933,35.1,79.7,75.6,94.7,5.3,279.4,227.8,57422,60,92.2,90.1,97.7,2.3,376.9,297.8
"213","United Kingdom","078","Great Britain","727","England and Wales","064","England","G","East of England",,,64746,59.1,91.5,89.9,97.4,2.6,368.8,296.7,5555,30.1,77.8,74.7,94,6,261.5,219.5,59191,61.8,92.8,91.3,97.7,2.3,378.8,303.9
"213","United Kingdom","078","Great Britain","727","England and Wales","064","England","H","London",,,73912,58.3,91,89.2,97.1,2.9,364.5,295,16885,42.6,85.4,82.8,95.7,4.3,308.6,255.1,57027,62.9,92.6,91.1,97.5,2.5,381,306.8
"213","United Kingdom","078","Great Britain","727","England and Wales","064","England","J","South East",,,90894,59.6,91.6,90.1,97.5,2.5,369.3,298.7,6720,28.2,76.8,73.7,93.8,6.2,251.1,214.3,84174,62.1,92.7,91.4,97.8,2.2,378.8,305.4
"213","United Kingdom","078","Great Britain","727","England and Wales","064","England","K","South West",,,57723,57.8,90.7,89,97.2,2.8,363.7,294,4337,28,75.9,72.7,93.1,6.9,248.3,212.7,53386,60.2,91.9,90.4,97.5,2.5,373.1,300.6