DATASET_TITLE,"Dwelling Stock by Council Tax Band, 2002",,,,,,FROM,Mar-2002,Mar-2002,Mar-2002,Mar-2002,Mar-2002,Mar-2002,Mar-2002,Mar-2002,Mar-2002,Mar-2002,Mar-2002,Mar-2002,Mar-2002,Mar-2002,Mar-2002,Mar-2002,Mar-2002,Mar-2002,Mar-2002
AREA_TYPE,Local Authority,,,,,,TO,Mar-2002,Mar-2002,Mar-2002,Mar-2002,Mar-2002,Mar-2002,Mar-2002,Mar-2002,Mar-2002,Mar-2002,Mar-2002,Mar-2002,Mar-2002,Mar-2002,Mar-2002,Mar-2002,Mar-2002,Mar-2002,Mar-2002
GEO_HIERARCHY,NeSS Geography Hierarchy,,,,,,HEADING,Dwelling Stock by Council Tax Band; Total,Dwelling Stock by Council Tax Band; Band A,Dwelling Stock by Council Tax Band; Band A,Dwelling Stock by Council Tax Band; Band B,Dwelling Stock by Council Tax Band; Band B,Dwelling Stock by Council Tax Band; Band C,Dwelling Stock by Council Tax Band; Band C,Dwelling Stock by Council Tax Band; Band D,Dwelling Stock by Council Tax Band; Band D,Dwelling Stock by Council Tax Band; Band E,Dwelling Stock by Council Tax Band; Band E,Dwelling Stock by Council Tax Band; Band F,Dwelling Stock by Council Tax Band; Band F,Dwelling Stock by Council Tax Band; Band G,Dwelling Stock by Council Tax Band; Band G,Dwelling Stock by Council Tax Band; Band H,Dwelling Stock by Council Tax Band; Band H,Dwelling Stock by Council Tax Band; Band X; Unallocated,Dwelling Stock by Council Tax Band; Band X; Unallocated
,,,,,,,MEASUREMENT_UNIT,Count,Count,Percentage,Count,Percentage,Count,Percentage,Count,Percentage,Count,Percentage,Count,Percentage,Count,Percentage,Count,Percentage,Count,Percentage
,,,,,,,STATISTICAL_UNIT,Dwellings,Dwellings,Dwellings,Dwellings,Dwellings,Dwellings,Dwellings,Dwellings,Dwellings,Dwellings,Dwellings,Dwellings,Dwellings,Dwellings,Dwellings,Dwellings,Dwellings,Dwellings,Dwellings
GOR_CODE,GOR_NAME,CTY_CODE,CTY_NAME,LA_CODE,LA_NAME,AREA_METADATA,,DATA_VALUE,DATA_VALUE,DATA_VALUE,DATA_VALUE,DATA_VALUE,DATA_VALUE,DATA_VALUE,DATA_VALUE,DATA_VALUE,DATA_VALUE,DATA_VALUE,DATA_VALUE,DATA_VALUE,DATA_VALUE,DATA_VALUE,DATA_VALUE,DATA_VALUE,DATA_VALUE,DATA_VALUE
"F","West Midlands",,,"00CN","Birmingham",,,406949,160625,39.47,117896,28.97,67449,16.57,30160,7.41,16927,4.16,7583,1.86,5319,1.31,803,.2,187,.05
"F","West Midlands",,,"00CQ","Coventry",,,127353,53788,42.24,37863,29.73,20527,16.12,7911,6.21,3910,3.07,2036,1.6,1144,.9,168,.13,6,0
"F","West Midlands",,,"00CR","Dudley",,,128697,40470,31.45,35885,27.88,27875,21.66,15111,11.74,6117,4.75,2193,1.7,933,.72,112,.09,1,0
"F","West Midlands",,,"00CS","Sandwell",,,122254,57301,46.87,39899,32.64,17098,13.99,5294,4.33,2101,1.72,463,.38,52,.04,33,.03,13,.01
"F","West Midlands",,,"00CT","Solihull",,,84286,13996,16.61,10507,12.47,20104,23.85,15284,18.13,10867,12.89,8492,10.08,4767,5.66,268,.32,1,0
"F","West Midlands",,,"00CU","Walsall",,,106837,49848,46.66,23792,22.27,16073,15.04,9096,8.51,5115,4.79,2167,2.03,687,.64,56,.05,3,0
"F","West Midlands",,,"00CW","Wolverhampton",,,103197,55428,53.71,21421,20.76,14929,14.47,5915,5.73,2835,2.75,1670,1.62,894,.87,103,.1,2,0
"F","West Midlands",,,"00GA","Herefordshire, County of",,,75723,11348,14.99,17759,23.45,15273,20.17,12066,15.93,10237,13.52,5687,7.51,3165,4.18,184,.24,4,.01
"F","West Midlands",,,"00GF","Telford and Wrekin",,,64670,25415,39.3,16908,26.15,8969,13.87,6888,10.65,3905,6.04,1736,2.68,804,1.24,45,.07,0,0
"F","West Midlands",,,"00GL","Stoke-on-Trent",,,108629,69037,63.55,20860,19.2,13027,11.99,3652,3.36,1514,1.39,384,.35,103,.09,47,.04,5,0
"F","West Midlands","39","Shropshire","39UB","Bridgnorth",,,22055,3243,14.7,4800,21.76,5399,24.48,2832,12.84,2265,10.27,2070,9.39,1316,5.97,128,.58,2,.01
"F","West Midlands","39","Shropshire","39UC","North Shropshire",,,24426,4698,19.23,6099,24.97,4534,18.56,3708,15.18,3041,12.45,1570,6.43,729,2.98,47,.19,0,0
"F","West Midlands","39","Shropshire","39UD","Oswestry",,,16029,5004,31.22,4214,26.29,2693,16.8,2358,14.71,1378,8.6,270,1.68,99,.62,13,.08,0,0
"F","West Midlands","39","Shropshire","39UE","Shrewsbury and Atcham",,,41915,7181,17.13,13076,31.2,9738,23.23,5562,13.27,3490,8.33,1620,3.86,1167,2.78,77,.18,4,.01
"F","West Midlands","39","Shropshire","39UF","South Shropshire",,,18694,3204,17.14,3795,20.3,3681,19.69,3298,17.64,2751,14.72,1343,7.18,578,3.09,43,.23,1,.01
"F","West Midlands","41","Staffordshire","41UB","Cannock Chase",,,38590,13384,34.68,12194,31.6,6785,17.58,3856,9.99,1583,4.1,513,1.33,258,.67,16,.04,1,0
"F","West Midlands","41","Staffordshire","41UC","East Staffordshire",,,44739,16871,37.71,9090,20.32,7285,16.28,5070,11.33,3510,7.85,1824,4.08,1000,2.24,83,.19,6,.01
"F","West Midlands","41","Staffordshire","41UD","Lichfield",,,39006,5411,13.87,9005,23.09,9406,24.11,5512,14.13,4260,10.92,2759,7.07,2284,5.86,365,.94,4,.01
"F","West Midlands","41","Staffordshire","41UE","Newcastle-under-Lyme",,,52164,23641,45.32,9439,18.09,10362,19.86,3852,7.38,2395,4.59,1596,3.06,837,1.6,42,.08,0,0
"F","West Midlands","41","Staffordshire","41UF","South Staffordshire",,,43108,6430,14.92,9824,22.79,10398,24.12,6586,15.28,4628,10.74,2869,6.66,2178,5.05,190,.44,5,.01
"F","West Midlands","41","Staffordshire","41UG","Stafford",,,52465,11324,21.58,12174,23.2,11863,22.61,7832,14.93,4995,9.52,2767,5.27,1381,2.63,123,.23,6,.01
"F","West Midlands","41","Staffordshire","41UH","Staffordshire Moorlands",,,40958,9140,22.32,9776,23.87,10071,24.59,5714,13.95,3767,9.2,1710,4.18,737,1.8,36,.09,7,.02
"F","West Midlands","41","Staffordshire","41UK","Tamworth",,,29872,9097,30.45,10622,35.56,4906,16.42,3267,10.94,1495,5,393,1.32,89,.3,2,.01,1,0
"F","West Midlands","44","Warwickshire","44UB","North Warwickshire",,,25731,6078,23.62,6658,25.88,5568,21.64,3510,13.64,2030,7.89,1147,4.46,674,2.62,64,.25,2,.01
"F","West Midlands","44","Warwickshire","44UC","Nuneaton and Bedworth",,,50283,19006,37.8,11613,23.1,11173,22.22,5973,11.88,1847,3.67,514,1.02,140,.28,15,.03,2,0
"F","West Midlands","44","Warwickshire","44UD","Rugby",,,38239,7559,19.77,9809,25.65,9514,24.88,4675,12.23,3354,8.77,2047,5.35,1193,3.12,84,.22,4,.01
"F","West Midlands","44","Warwickshire","44UE","Stratford-on-Avon",,,49879,3338,6.69,6658,13.35,14049,28.17,8529,17.1,7759,15.56,4649,9.32,4191,8.4,703,1.41,3,.01
"F","West Midlands","44","Warwickshire","44UF","Warwick",,,54743,4367,7.98,10210,18.65,14950,27.31,11069,20.22,5884,10.75,4470,8.17,3391,6.19,399,.73,3,.01
"F","West Midlands","47","Worcestershire","47UB","Bromsgrove",,,36416,3039,8.35,6583,18.08,7967,21.88,7013,19.26,5958,16.36,3130,8.6,2427,6.66,294,.81,5,.01
"F","West Midlands","47","Worcestershire","47UC","Malvern Hills",,,31613,3456,10.93,6596,20.86,6907,21.85,5164,16.34,4381,13.86,3042,9.62,1943,6.15,123,.39,1,0
"F","West Midlands","47","Worcestershire","47UD","Redditch",,,32878,7123,21.66,10868,33.06,6750,20.53,3882,11.81,2842,8.64,1036,3.15,359,1.09,18,.05,0,0
"F","West Midlands","47","Worcestershire","47UE","Worcester",,,40573,7496,18.48,13226,32.6,10378,25.58,4801,11.83,3047,7.51,1235,3.04,378,.93,11,.03,1,0
"F","West Midlands","47","Worcestershire","47UF","Wychavon",,,48661,5564,11.43,9964,20.48,10894,22.39,7358,15.12,6273,12.89,4951,10.17,3455,7.1,202,.42,0,0
"F","West Midlands","47","Worcestershire","47UG","Wyre Forest",,,41825,9649,23.07,10250,24.51,10548,25.22,5599,13.39,3049,7.29,1548,3.7,1066,2.55,115,.27,1,0