DATASET_TITLE,National Statistics Socio-economic Classification - Workplace Population (UV76),,,,,,FROM,Apr-2001,Apr-2001,Apr-2001,Apr-2001,Apr-2001,Apr-2001,Apr-2001,Apr-2001,Apr-2001,Apr-2001,Apr-2001,Apr-2001
AREA_TYPE,Local Authority,,,,,,TO,Apr-2001,Apr-2001,Apr-2001,Apr-2001,Apr-2001,Apr-2001,Apr-2001,Apr-2001,Apr-2001,Apr-2001,Apr-2001,Apr-2001
GEO_HIERARCHY,NeSS Geography Hierarchy,,,,,,HEADING,All People,1. Higher managerial and professional occupations,1.1 Large employers and higher managerial occupations,1.2 Higher professional occupations,2. Lower managerial and professional occupations,3. Intermediate occupations,4. Small employers and own account workers,5. Lower supervisory and technical occupations,6. Semi-routine occupations,7. Routine occupations,8. Never worked and long-term unemployed,Not classified
,,,,,,,MEASUREMENT_UNIT,Count,Count,Count,Count,Count,Count,Count,Count,Count,Count,Count,Count
,,,,,,,STATISTICAL_UNIT,Persons,Persons,Persons,Persons,Persons,Persons,Persons,Persons,Persons,Persons,Persons,Persons
GOR_CODE,GOR_NAME,CTY_CODE,CTY_NAME,LA_CODE,LA_NAME,AREA_METADATA,,DATA_VALUE,DATA_VALUE,DATA_VALUE,DATA_VALUE,DATA_VALUE,DATA_VALUE,DATA_VALUE,DATA_VALUE,DATA_VALUE,DATA_VALUE,DATA_VALUE,DATA_VALUE
"E","East Midlands",,,"00FK","Derby",,,110813,15338,5658,9680,27494,13096,7305,13216,18088,11885,0,4391
"E","East Midlands",,,"00FN","Leicester",,,154675,16492,5775,10717,38871,23075,10067,14604,22344,22897,0,6325
"E","East Midlands",,,"00FP","Rutland",,,15189,1378,728,650,4065,1779,1890,1900,1930,1826,0,421
"E","East Midlands",,,"00FY","Nottingham",,,172274,24816,8615,16201,48071,25842,8737,15359,22648,19560,0,7241
"E","East Midlands","17","Derbyshire","17UB","Amber Valley",,,49102,4251,2339,1912,10189,4939,5094,6053,8326,9058,0,1192
"E","East Midlands","17","Derbyshire","17UC","Bolsover",,,21815,1590,925,665,4077,1791,2444,3107,3821,4433,0,552
"E","East Midlands","17","Derbyshire","17UD","Chesterfield",,,48750,4652,2077,2575,12066,6481,3980,5137,8777,6335,0,1322
"E","East Midlands","17","Derbyshire","17UF","Derbyshire Dales",,,32114,2766,1109,1657,7218,3027,5242,3315,4958,4612,0,976
"E","East Midlands","17","Derbyshire","17UG","Erewash",,,39736,2891,1558,1333,8057,3712,4313,4832,7213,7589,0,1129
"E","East Midlands","17","Derbyshire","17UH","High Peak",,,32352,2750,1237,1513,6720,2931,4644,4038,5509,4796,0,964
"E","East Midlands","17","Derbyshire","17UJ","North East Derbyshire",,,27328,2055,984,1071,5573,2403,4107,3214,4944,4386,0,646
"E","East Midlands","17","Derbyshire","17UK","South Derbyshire",,,27196,2231,1038,1193,5666,2190,3544,3765,4777,4251,0,772
"E","East Midlands","31","Leicestershire","31UB","Blaby",,,41078,4648,2074,2574,10238,5869,4134,3919,6100,4548,0,1622
"E","East Midlands","31","Leicestershire","31UC","Charnwood",,,61932,7721,2736,4985,13821,6364,6574,7082,9429,8275,0,2666
"E","East Midlands","31","Leicestershire","31UD","Harborough",,,32663,2787,1286,1501,6951,3401,4427,3410,4375,6198,0,1114
"E","East Midlands","31","Leicestershire","31UE","Hinckley and Bosworth",,,42735,3984,1866,2118,9245,4244,5027,4869,6600,7341,0,1425
"E","East Midlands","31","Leicestershire","31UG","Melton",,,19428,1680,821,859,4136,1642,2644,2229,3544,2856,0,697
"E","East Midlands","31","Leicestershire","31UH","North West Leicestershire",,,44952,4579,2304,2275,9883,5332,4165,5608,7233,6979,0,1173
"E","East Midlands","31","Leicestershire","31UJ","Oadby and Wigston",,,19018,1503,751,752,4534,2054,2074,2148,3268,2567,0,870
"E","East Midlands","32","Lincolnshire","32UB","Boston",,,25896,1615,730,885,5427,2489,2857,2883,5592,4274,0,759
"E","East Midlands","32","Lincolnshire","32UC","East Lindsey",,,46200,2600,1251,1349,9434,3895,8347,5493,8791,6474,0,1166
"E","East Midlands","32","Lincolnshire","32UD","Lincoln",,,47311,4502,1520,2982,12426,6787,3109,4897,8340,5183,0,2067
"E","East Midlands","32","Lincolnshire","32UE","North Kesteven",,,38067,3870,2301,1569,8864,4100,4553,4476,5871,5402,0,931
"E","East Midlands","32","Lincolnshire","32UF","South Holland",,,33145,2194,1090,1104,5782,2658,4495,4274,6663,6260,0,819
"E","East Midlands","32","Lincolnshire","32UG","South Kesteven",,,50639,3820,1826,1994,11162,4837,6230,5972,9588,7146,0,1884
"E","East Midlands","32","Lincolnshire","32UH","West Lindsey",,,26008,1761,789,972,5586,2403,4075,2983,4766,3721,0,713
"E","East Midlands","34","Northamptonshire","34UB","Corby",,,29488,2618,1596,1022,5906,3162,1525,4165,5382,6002,0,728
"E","East Midlands","34","Northamptonshire","34UC","Daventry",,,31248,2911,1291,1620,7367,3135,3835,3553,4251,5266,0,930
"E","East Midlands","34","Northamptonshire","34UD","East Northamptonshire",,,26110,1937,916,1021,5419,2184,3635,2913,3875,5397,0,750
"E","East Midlands","34","Northamptonshire","34UE","Kettering",,,33962,3131,1447,1684,8135,3975,3657,3467,5748,4580,0,1269
"E","East Midlands","34","Northamptonshire","34UF","Northampton",,,111253,12190,5574,6616,29305,16233,7553,10777,16283,14650,0,4262
"E","East Midlands","34","Northamptonshire","34UG","South Northamptonshire",,,28364,3140,1359,1781,6827,2709,4637,2982,3670,3572,0,827
"E","East Midlands","34","Northamptonshire","34UH","Wellingborough",,,33372,2979,1595,1384,7608,3945,3061,3766,5146,5886,0,981
"E","East Midlands","37","Nottinghamshire","37UB","Ashfield",,,44533,3613,1856,1757,8971,4375,3872,5852,7612,9276,0,962
"E","East Midlands","37","Nottinghamshire","37UC","Bassetlaw",,,46756,3577,1572,2005,10010,4787,4350,6217,8816,7812,0,1187
"E","East Midlands","37","Nottinghamshire","37UD","Broxtowe",,,35297,3839,1550,2289,8028,3548,3932,3953,6157,4403,0,1437
"E","East Midlands","37","Nottinghamshire","37UE","Gedling",,,33056,2451,1189,1262,7484,3991,4411,3703,5361,4588,0,1067
"E","East Midlands","37","Nottinghamshire","37UF","Mansfield",,,36474,2475,1197,1278,8327,3942,3413,4503,6830,5912,0,1072
"E","East Midlands","37","Nottinghamshire","37UG","Newark and Sherwood",,,38904,2941,1275,1666,8404,3569,5040,4797,6776,6084,0,1293
"E","East Midlands","37","Nottinghamshire","37UJ","Rushcliffe",,,35963,4699,1721,2978,9815,4096,4354,3304,4652,3584,0,1459