DATASET_TITLE,Time Since Last Worked (UV27),,,,,,FROM,Apr-2001,Apr-2001,Apr-2001,Apr-2001,Apr-2001,Apr-2001,Apr-2001,Apr-2001,Apr-2001,Apr-2001,Apr-2001,Apr-2001
AREA_TYPE,Local Authority,,,,,,TO,Apr-2001,Apr-2001,Apr-2001,Apr-2001,Apr-2001,Apr-2001,Apr-2001,Apr-2001,Apr-2001,Apr-2001,Apr-2001,Apr-2001
GEO_HIERARCHY,NeSS Geography Hierarchy,,,,,,HEADING,All People,In employment,Not in employment,Not in employment: Last worked in 2001,Not in employment: Last worked in 2000,Not in employment: Last worked in 1999,Not in employment: Last worked in 1998,Not in employment: Last worked in 1997,Not in employment: Last worked in 1996,Not in employment: Last worked in 1991 to 1995,Not in employment: Last worked before 1991,Not in employment: Never worked
,,,,,,,MEASUREMENT_UNIT,Count,Count,Count,Count,Count,Count,Count,Count,Count,Count,Count,Count
,,,,,,,STATISTICAL_UNIT,Persons,Persons,Persons,Persons,Persons,Persons,Persons,Persons,Persons,Persons,Persons,Persons
GOR_CODE,GOR_NAME,CTY_CODE,CTY_NAME,LA_CODE,LA_NAME,AREA_METADATA,,DATA_VALUE,DATA_VALUE,DATA_VALUE,DATA_VALUE,DATA_VALUE,DATA_VALUE,DATA_VALUE,DATA_VALUE,DATA_VALUE,DATA_VALUE,DATA_VALUE,DATA_VALUE
"B","North West",,,"00BL","Bolton",,,185746,114415,71331,5176,7874,5058,3956,3177,3048,12572,18927,11543
"B","North West",,,"00BM","Bury",,,129330,83847,45483,3403,4931,3178,2669,2226,2186,8803,11366,6721
"B","North West",,,"00BN","Manchester",,,284994,142449,142545,12989,22459,9483,6878,5133,4884,18890,30063,31766
"B","North West",,,"00BP","Oldham",,,152602,92775,59827,4284,6565,4155,3392,2581,2669,11214,13904,11063
"B","North West",,,"00BQ","Rochdale",,,145068,86867,58201,4228,6264,3960,3219,2581,2573,10754,14265,10357
"B","North West",,,"00BR","Salford",,,155376,89920,65456,5033,7866,4433,3556,2824,2856,11831,17547,9510
"B","North West",,,"00BS","Stockport",,,204812,136059,68753,5091,7396,4886,4171,3356,3404,14234,18112,8103
"B","North West",,,"00BT","Tameside",,,152313,96254,56059,4087,6078,4175,3457,2701,2779,11253,14232,7297
"B","North West",,,"00BU","Trafford",,,151445,99146,52299,4139,5722,3664,2879,2350,2416,10271,13682,7176
"B","North West",,,"00BW","Wigan",,,220196,135615,84581,5552,8623,5697,4671,3513,3552,16444,27370,9159
"B","North West",,,"00BX","Knowsley",,,107330,54351,52979,2727,4445,2845,2242,1979,2084,9150,17367,10140
"B","North West",,,"00BY","Liverpool",,,321504,154817,166687,11491,19892,9493,7220,6280,6017,25731,47884,32679
"B","North West",,,"00BZ","St. Helens",,,128207,73076,55131,3171,4850,3432,2909,2412,2367,10679,17792,7519
"B","North West",,,"00CA","Sefton",,,201184,116315,84869,5306,7925,5342,4357,3845,3668,16820,26176,11430
"B","North West",,,"00CB","Wirral",,,221013,126397,94616,5786,8760,6038,4851,3886,4212,18592,29295,13196
"B","North West",,,"00ET","Halton",,,85645,50363,35282,2346,3430,2305,1810,1495,1504,6567,10579,5246
"B","North West",,,"00EU","Warrington",,,139054,91286,47768,3755,5292,3648,2786,2214,2196,9516,12979,5382
"B","North West",,,"00EX","Blackburn with Darwen",,,94322,53575,40747,2744,4029,2593,2210,1661,1644,6917,9485,9464
"B","North West",,,"00EY","Blackpool",,,101786,59073,42713,2972,5182,3148,2453,1957,2070,8616,12228,4087
"B","North West","13","Cheshire","13UB","Chester",,,86789,55383,31406,2580,3879,2142,1690,1473,1350,6036,8785,3471
"B","North West","13","Cheshire","13UC","Congleton",,,66707,44577,22130,1859,2761,1638,1277,1104,1024,4322,5785,2360
"B","North West","13","Cheshire","13UD","Crewe and Nantwich",,,79872,51527,28345,2232,3265,2050,1593,1217,1275,5671,7929,3113
"B","North West","13","Cheshire","13UE","Ellesmere Port & Neston",,,58873,37062,21811,1640,2312,1652,1192,1011,1039,4203,6583,2179
"B","North West","13","Cheshire","13UG","Macclesfield",,,108878,73039,35839,2753,3810,2652,2046,1767,1810,7518,9780,3703
"B","North West","13","Cheshire","13UH","Vale Royal",,,88006,56998,31008,2302,3333,2269,1726,1313,1389,6098,9298,3280
"B","North West","16","Cumbria","16UB","Allerdale",,,68062,41814,26248,1836,2590,1881,1532,1256,1247,5307,7882,2717
"B","North West","16","Cumbria","16UC","Barrow-in-Furness",,,51228,28849,22379,1328,2027,1343,1152,989,1141,5695,6204,2500
"B","North West","16","Cumbria","16UD","Carlisle",,,73413,46858,26555,2137,3193,1909,1626,1276,1370,5564,6887,2593
"B","North West","16","Cumbria","16UE","Copeland",,,50687,29222,21465,1298,2077,1509,1185,960,1002,4701,6206,2527
"B","North West","16","Cumbria","16UF","Eden",,,36566,24752,11814,946,1337,892,723,551,585,2511,3309,960
"B","North West","16","Cumbria","16UG","South Lakeland",,,74227,48413,25814,1921,2802,1865,1453,1345,1421,5636,7309,2062
"B","North West","30","Lancashire","30UD","Burnley",,,62617,38098,24519,1750,2542,1656,1426,1126,1086,4756,6470,3707
"B","North West","30","Lancashire","30UE","Chorley",,,74018,49200,24818,1938,2720,1799,1498,1154,1152,4975,6834,2748
"B","North West","30","Lancashire","30UF","Fylde",,,52110,32215,19895,1256,2101,1439,1200,914,931,4292,6088,1674
"B","North West","30","Lancashire","30UG","Hyndburn",,,56957,34773,22184,1620,2438,1486,1375,944,985,4384,5565,3387
"B","North West","30","Lancashire","30UH","Lancaster",,,97365,55906,41459,4030,6866,2997,2255,1696,1815,6882,9525,5393
"B","North West","30","Lancashire","30UJ","Pendle",,,62344,37042,25302,1815,2716,1752,1431,1094,1030,4639,6110,4715
"B","North West","30","Lancashire","30UK","Preston",,,93906,56203,37703,3392,5087,2567,1842,1564,1444,6661,8774,6372
"B","North West","30","Lancashire","30UL","Ribble Valley",,,39005,26407,12598,899,1355,898,788,623,632,2701,3301,1401
"B","North West","30","Lancashire","30UM","Rossendale",,,46644,29877,16767,1151,1940,1275,1078,826,852,3381,4005,2259
"B","North West","30","Lancashire","30UN","South Ribble",,,75600,51327,24273,1853,2577,1800,1327,1158,1222,5447,6586,2303
"B","North West","30","Lancashire","30UP","West Lancashire",,,78983,48842,30141,2192,3559,2209,1745,1440,1341,5682,8325,3648
"B","North West","30","Lancashire","30UQ","Wyre",,,74885,45036,29849,1784,3117,2037,1751,1373,1459,6462,9234,2632