DATASET_TITLE,"Worklessness: Key Out of Work Benefits, July 2006 - June 2007",,,,,,,,FROM,Jul-2006,Jul-2006,Jul-2006,Jul-2006,Jul-2006,Jul-2006,Jul-2006,Jul-2006
AREA_TYPE,Former Local Authority,,,,,,,,TO,Jun-2007,Jun-2007,Jun-2007,Jun-2007,Jun-2007,Jun-2007,Jun-2007,Jun-2007
GEO_HIERARCHY,NeSS Geography Hierarchy,,,,,,,,HEADING,Job Seekers; Aged 18-64 (Males); 18-59 (Females),Job Seekers; Aged 18-64 (Males); 18-59 (Females) Rate,Aged 18-24,Aged 18-24 Rate,Aged 25-49,Aged 25-49 Rate,Aged 50-64 (Males); 50-59 (Females),Aged 50-64 (Males); 50-59 (Females) Rate
,,,,,,,,,MEASUREMENT_UNIT,Count,Percentage,Count,Percentage,Count,Percentage,Count,Percentage
,,,,,,,,,STATISTICAL_UNIT,Persons,Persons,Persons,Persons,Persons,Persons,Persons,Persons
GOR_CODE,GOR_NAME,CTY_CODE,CTY_NAME,LA_CODE,LA_NAME,FLA_CODE,FLA_NAME,AREA_METADATA,,DATA_VALUE,DATA_VALUE,DATA_VALUE,DATA_VALUE,DATA_VALUE,DATA_VALUE,DATA_VALUE,DATA_VALUE
"A","North East",,,"00EJ","Durham","20UB","Chester-le-Street",,,641,2,230,5.8,305,1.7,105,1.2
"A","North East",,,"00EJ","Durham","20UD","Derwentside",,,1283,2.4,475,6.9,600,2,200,1.4
"A","North East",,,"00EJ","Durham","20UE","Durham",,,932,1.5,310,1.7,440,1.5,160,1.1
"A","North East",,,"00EJ","Durham","20UF","Easington",,,1453,2.6,625,7.5,610,1.9,185,1.3
"A","North East",,,"00EJ","Durham","20UG","Sedgefield",,,1414,2.6,525,7.3,645,2.2,220,1.5
"A","North East",,,"00EJ","Durham","20UH","Teesdale",,,216,1.5,65,3.6,100,1.3,45,1
"A","North East",,,"00EJ","Durham","20UJ","Wear Valley",,,1167,3.1,395,8.2,540,2.7,200,1.8
"A","North East",,,"00EM","Northumberland","35UB","Alnwick",,,435,2.3,135,6.5,200,2,95,1.6
"A","North East",,,"00EM","Northumberland","35UC","Berwick-upon-Tweed",,,340,2.3,95,5.4,165,2.2,80,1.6
"A","North East",,,"00EM","Northumberland","35UD","Blyth Valley",,,1601,3.1,555,8,750,2.8,270,1.8
"A","North East",,,"00EM","Northumberland","35UE","Castle Morpeth",,,586,2,195,5.2,265,1.7,120,1.3
"A","North East",,,"00EM","Northumberland","35UF","Tynedale",,,488,1.4,130,3.3,240,1.3,120,1
"A","North East",,,"00EM","Northumberland","35UG","Wansbeck",,,1529,4,560,10.8,715,3.5,230,2.2
"B","North West",,,"00EQ","Cheshire East","13UC","Congleton",,,714,1.3,190,2.8,355,1.2,160,1
"B","North West",,,"00EQ","Cheshire East","13UD","Crewe and Nantwich",,,1399,2,415,4.4,700,1.8,245,1.3
"B","North West",,,"00EQ","Cheshire East","13UG","Macclesfield",,,950,1.1,245,2.5,505,1,185,.7
"B","North West",,,"00EW","Cheshire West and Chester","13UB","Chester",,,1213,1.6,355,2.9,630,1.6,200,1.1
"B","North West",,,"00EW","Cheshire West and Chester","13UE","Ellesmere Port & Neston",,,1087,2.2,315,4.8,595,2.2,155,1.2
"B","North West",,,"00EW","Cheshire West and Chester","13UH","Vale Royal",,,1535,2,475,5.3,780,1.8,255,1.2
"F","West Midlands",,,"00GG","Shropshire","39UB","Bridgnorth",,,437,1.4,130,3.1,200,1.3,105,1.1
"F","West Midlands",,,"00GG","Shropshire","39UC","North Shropshire",,,556,1.6,175,3.7,260,1.4,115,1.1
"F","West Midlands",,,"00GG","Shropshire","39UD","Oswestry",,,436,1.8,135,4.4,220,1.7,80,1.2
"F","West Midlands",,,"00GG","Shropshire","39UE","Shrewsbury and Atcham",,,916,1.6,275,4.3,460,1.5,170,1.1
"F","West Midlands",,,"00GG","Shropshire","39UF","South Shropshire",,,284,1.2,75,3.2,135,1.1,70,.9
"G","East of England",,,"00KC","Central Bedfordshire","09UC","Mid Bedfordshire",,,856,1,245,2.4,410,.8,195,.9
"G","East of England",,,"00KC","Central Bedfordshire","09UE","South Bedfordshire",,,1221,1.7,375,4,575,1.4,255,1.4
"K","South West",,,"00HE","Cornwall","15UB","Caradon",,,732,1.5,240,4.1,330,1.3,155,1
"K","South West",,,"00HE","Cornwall","15UC","Carrick",,,935,1.8,280,3.6,465,1.7,175,1.1
"K","South West",,,"00HE","Cornwall","15UD","Kerrier",,,986,1.7,355,4.6,465,1.5,155,.9
"K","South West",,,"00HE","Cornwall","15UE","North Cornwall",,,821,1.7,255,4.2,395,1.6,165,1.1
"K","South West",,,"00HE","Cornwall","15UF","Penwith",,,916,2.5,275,6.1,440,2.3,190,1.6
"K","South West",,,"00HE","Cornwall","15UG","Restormel",,,1283,2.1,410,5.2,630,2,220,1.2
"K","South West",,,"00HY","Wiltshire","46UB","Kennet",,,388,.8,100,1.7,190,.7,90,.7
"K","South West",,,"00HY","Wiltshire","46UC","North Wiltshire",,,834,1,250,2.8,405,.9,155,.7
"K","South West",,,"00HY","Wiltshire","46UD","Salisbury",,,568,.8,170,2,280,.7,110,.6
"K","South West",,,"00HY","Wiltshire","46UF","West Wiltshire",,,921,1.2,310,3.5,440,1.1,150,.7