DATASET_TITLE,"Fire and Rescue Service: All Incidents Attended, 2001",,,,,,FROM,Jan-2001,Jan-2001,Jan-2001,Jan-2001,Jan-2001,Jan-2001,Jan-2001,Jan-2001,Jan-2001,Jan-2001,Jan-2001
AREA_TYPE,Local Authority,,,,,,TO,Dec-2001,Dec-2001,Dec-2001,Dec-2001,Dec-2001,Dec-2001,Dec-2001,Dec-2001,Dec-2001,Dec-2001,Dec-2001
GEO_HIERARCHY,NeSS Geography Hierarchy,,,,,,HEADING,Total Fire Service Incidents,Primary Fires,Secondary Fires,Chimney Fires,Special Services,Good Intent False Alarms,Malicious False Alarms,False Alarms Due to Apparatus,Fatal Casualties,Non-Fatal Casualties,Rescues
,,,,,,,MEASUREMENT_UNIT,Count,Count,Count,Count,Count,Count,Count,Count,Count,Count,Count
,,,,,,,STATISTICAL_UNIT,Incidents,Incidents,Incidents,Incidents,Incidents,Incidents,Incidents,Incidents,Incidents,Incidents,Incidents
GOR_CODE,GOR_NAME,CTY_CODE,CTY_NAME,LA_CODE,LA_NAME,AREA_METADATA,,DATA_VALUE,DATA_VALUE,DATA_VALUE,DATA_VALUE,DATA_VALUE,DATA_VALUE,DATA_VALUE,DATA_VALUE,DATA_VALUE,DATA_VALUE,DATA_VALUE
"A","North East",,,"00CH","Gateshead",,,4800,1116,1776,0,327,507,252,822,6,210,87
"A","North East",,,"00CJ","Newcastle upon Tyne",,,8352,2028,2412,9,537,594,519,2250,6,321,252
"A","North East",,,"00CK","North Tyneside",,,2829,882,999,3,237,231,72,405,3,105,45
"A","North East",,,"00CL","South Tyneside",,,2517,690,876,3,159,207,93,486,3,102,69
"A","North East",,,"00CM","Sunderland",,,7728,1770,2769,6,387,651,306,1842,6,267,87
"A","North East",,,"00EB","Hartlepool",,,2685,576,936,3,393,228,252,297,3,126,78
"A","North East",,,"00EC","Middlesbrough",,,6171,1401,1959,3,804,453,681,873,9,186,159
"A","North East",,,"00EE","Redcar and Cleveland",,,3810,771,1155,12,549,321,444,558,6,159,93
"A","North East",,,"00EF","Stockton-on-Tees",,,4620,696,1629,3,648,453,387,801,9,198,138
"A","North East",,,"00EH","Darlington",,,2073,336,813,9,129,294,288,207,0,33,33
"A","North East","20","Durham","20UB","Chester-le-Street",,,510,135,189,3,36,24,78,42,0,12,9
"A","North East","20","Durham","20UD","Derwentside",,,1161,273,474,36,54,93,165,63,3,33,15
"A","North East","20","Durham","20UE","Durham",,,1443,243,270,6,102,105,369,348,0,45,27
"A","North East","20","Durham","20UF","Easington",,,1803,324,816,27,126,147,246,120,3,36,24
"A","North East","20","Durham","20UG","Sedgefield",,,888,189,270,42,75,96,111,102,3,33,15
"A","North East","20","Durham","20UH","Teesdale",,,198,42,18,30,9,15,45,36,0,6,6
"A","North East","20","Durham","20UJ","Wear Valley",,,1077,201,414,60,78,114,144,69,0,12,12
"A","North East","35","Northumberland","35UB","Alnwick",,,384,87,66,33,39,27,24,111,3,18,6
"A","North East","35","Northumberland","35UC","Berwick-upon-Tweed",,,420,78,45,45,57,54,15,126,3,18,12
"A","North East","35","Northumberland","35UD","Blyth Valley",,,1590,300,666,0,114,102,108,300,3,48,21
"A","North East","35","Northumberland","35UE","Castle Morpeth",,,720,177,111,15,81,48,15,279,6,48,18
"A","North East","35","Northumberland","35UF","Tynedale",,,873,252,81,27,96,48,9,357,9,18,18
"A","North East","35","Northumberland","35UG","Wansbeck",,,1155,321,501,6,81,69,69,108,3,42,12
"B","North West",,,"00BL","Bolton",,,6546,1425,1749,9,687,618,930,1131,9,291,15
"B","North West",,,"00BM","Bury",,,3405,777,891,6,381,360,258,732,3,165,15
"B","North West",,,"00BN","Manchester",,,17682,4161,4374,3,1851,1647,1713,3924,15,783,48
"B","North West",,,"00BP","Oldham",,,6513,1680,1881,6,543,651,741,1008,3,276,9
"B","North West",,,"00BQ","Rochdale",,,5112,1446,1278,3,525,546,432,885,6,255,15
"B","North West",,,"00BR","Salford",,,8736,2142,3039,3,933,777,585,1260,12,354,21
"B","North West",,,"00BS","Stockport",,,4476,1182,1062,6,534,489,336,870,9,240,9
"B","North West",,,"00BT","Tameside",,,4752,1200,1179,6,552,480,474,861,6,225,15
"B","North West",,,"00BU","Trafford",,,3864,870,726,3,501,429,255,1077,6,219,3
"B","North West",,,"00BW","Wigan",,,6921,1482,2124,15,777,576,690,1260,6,405,9
"B","North West",,,"00BX","Knowsley",,,2700,579,996,6,396,216,222,288,3,69,3
"B","North West",,,"00BY","Liverpool",,,10620,2358,3213,9,1704,882,618,1836,0,219,12
"B","North West",,,"00BZ","St. Helens",,,3381,492,1278,6,717,264,159,465,3,57,6
"B","North West",,,"00CA","Sefton",,,3585,687,1032,21,594,351,153,747,6,135,27
"B","North West",,,"00CB","Wirral",,,4230,831,1356,9,756,372,207,696,3,99,0
"B","North West",,,"00ET","Halton",,,2577,468,1170,0,240,609,87,0,3,57,60
"B","North West",,,"00EU","Warrington",,,2544,513,807,6,372,747,102,0,3,159,93
"B","North West",,,"00EX","Blackburn with Darwen",,,3609,672,1350,18,339,360,165,702,3,270,27
"B","North West",,,"00EY","Blackpool",,,2991,708,639,27,333,309,207,768,6,390,39
"B","North West","13","Cheshire","13UB","Chester",,,1695,360,396,18,246,621,51,0,6,57,168
"B","North West","13","Cheshire","13UC","Congleton",,,726,171,162,21,129,210,33,0,6,48,30
"B","North West","13","Cheshire","13UD","Crewe and Nantwich",,,1095,222,264,39,147,372,51,0,3,66,81
"B","North West","13","Cheshire","13UE","Ellesmere Port & Neston",,,1290,321,501,6,201,216,45,0,3,33,27
"B","North West","13","Cheshire","13UG","Macclesfield",,,2049,324,213,63,429,960,60,3,6,78,105
"B","North West","13","Cheshire","13UH","Vale Royal",,,1434,243,564,27,132,423,45,0,3,48,33
"B","North West","16","Cumbria","16UB","Allerdale",,,1122,240,324,36,81,60,96,285,0,12,0
"B","North West","16","Cumbria","16UC","Barrow-in-Furness",,,1278,267,417,30,138,96,78,252,0,18,6
"B","North West","16","Cumbria","16UD","Carlisle",,,1578,318,399,18,105,117,147,474,3,12,0
"B","North West","16","Cumbria","16UE","Copeland",,,564,120,138,18,81,39,63,108,0,9,0
"B","North West","16","Cumbria","16UF","Eden",,,225,57,9,30,21,12,3,90,0,0,0
"B","North West","16","Cumbria","16UG","South Lakeland",,,846,156,93,60,72,36,36,390,3,12,0
"B","North West","30","Lancashire","30UD","Burnley",,,2562,498,1131,3,189,234,126,381,0,150,27
"B","North West","30","Lancashire","30UE","Chorley",,,1152,243,270,18,174,138,45,267,3,126,21
"B","North West","30","Lancashire","30UF","Fylde",,,303,63,30,3,45,48,6,108,0,33,3
"B","North West","30","Lancashire","30UG","Hyndburn",,,1797,408,654,6,174,198,69,288,0,129,6
"B","North West","30","Lancashire","30UH","Lancaster",,,2121,414,528,21,183,195,99,684,3,234,33
"B","North West","30","Lancashire","30UJ","Pendle",,,1458,354,456,12,144,186,102,204,0,102,15
"B","North West","30","Lancashire","30UK","Preston",,,3405,672,969,12,246,321,240,942,3,288,24
"B","North West","30","Lancashire","30UL","Ribble Valley",,,459,78,57,18,57,39,15,195,3,45,9
"B","North West","30","Lancashire","30UM","Rossendale",,,846,180,213,3,171,111,33,138,0,54,6
"B","North West","30","Lancashire","30UN","South Ribble",,,918,183,192,6,117,105,45,267,0,111,12
"B","North West","30","Lancashire","30UP","West Lancashire",,,2370,390,819,12,333,180,75,561,3,183,27
"B","North West","30","Lancashire","30UQ","Wyre",,,945,168,222,27,102,87,42,303,3,102,15
"D","Yorkshire and The Humber",,,"00CC","Barnsley",,,4242,846,1689,36,384,372,435,480,0,0,0
"D","Yorkshire and The Humber",,,"00CE","Doncaster",,,6579,1146,2202,84,696,645,531,1278,0,3,0
"D","Yorkshire and The Humber",,,"00CF","Rotherham",,,4413,813,1485,33,510,462,345,765,0,0,0
"D","Yorkshire and The Humber",,,"00CG","Sheffield",,,12081,2523,3813,9,1182,1089,1221,2247,0,0,0
"D","Yorkshire and The Humber",,,"00CX","Bradford",,,12894,2859,3867,33,717,4770,651,0,6,198,78
"D","Yorkshire and The Humber",,,"00CY","Calderdale",,,3639,876,969,21,369,1230,177,0,0,45,24
"D","Yorkshire and The Humber",,,"00CZ","Kirklees",,,6525,1338,1668,24,540,2637,312,0,0,129,36
"D","Yorkshire and The Humber",,,"00DA","Leeds",,,16464,3861,5343,24,1344,5325,558,6,9,243,99
"D","Yorkshire and The Humber",,,"00DB","Wakefield",,,4431,885,1485,105,414,1395,147,0,0,81,27
"D","Yorkshire and The Humber",,,"00FA","Kingston upon Hull, City of",,,9870,1284,3210,12,2760,768,498,1335,3,261,291
"D","Yorkshire and The Humber",,,"00FB","East Riding of Yorkshire",,,4143,759,696,138,1098,363,90,999,12,297,87
"D","Yorkshire and The Humber",,,"00FC","North East Lincolnshire",,,4812,918,1728,15,984,375,282,510,9,141,81
"D","Yorkshire and The Humber",,,"00FD","North Lincolnshire",,,3276,564,555,21,1170,252,129,591,15,192,30
"D","Yorkshire and The Humber",,,"00FF","York",,,2706,537,435,9,264,180,135,1143,3,96,102
"D","Yorkshire and The Humber","36","North Yorkshire","36UB","Craven",,,342,69,42,21,57,30,6,114,0,18,6
"D","Yorkshire and The Humber","36","North Yorkshire","36UC","Hambleton",,,621,84,108,30,150,42,18,189,3,24,9
"D","Yorkshire and The Humber","36","North Yorkshire","36UD","Harrogate",,,1374,252,123,51,177,105,60,603,3,66,66
"D","Yorkshire and The Humber","36","North Yorkshire","36UE","Richmondshire",,,213,39,9,33,42,24,6,60,0,12,6
"D","Yorkshire and The Humber","36","North Yorkshire","36UF","Ryedale",,,273,60,24,42,39,27,0,78,0,24,3
"D","Yorkshire and The Humber","36","North Yorkshire","36UG","Scarborough",,,1530,279,315,30,288,153,72,396,6,87,54
"D","Yorkshire and The Humber","36","North Yorkshire","36UH","Selby",,,825,171,147,15,135,48,27,285,0,54,12
"E","East Midlands",,,"00FK","Derby",,,4122,729,738,3,315,426,324,1587,3,132,114
"E","East Midlands",,,"00FN","Leicester",,,5421,1155,1290,6,669,489,414,1401,6,195,252
"E","East Midlands",,,"00FP","Rutland",,,240,54,18,15,54,12,9,78,0,9,6
"E","East Midlands",,,"00FY","Nottingham",,,9330,2643,2415,3,1050,591,474,2154,12,360,285
"E","East Midlands","17","Derbyshire","17UB","Amber Valley",,,1122,222,171,30,141,96,42,420,3,99,39
"E","East Midlands","17","Derbyshire","17UC","Bolsover",,,1008,225,276,42,123,87,75,180,3,45,30
"E","East Midlands","17","Derbyshire","17UD","Chesterfield",,,1290,237,240,9,114,90,72,528,3,90,51
"E","East Midlands","17","Derbyshire","17UF","Derbyshire Dales",,,441,78,48,21,60,33,12,189,3,30,21
"E","East Midlands","17","Derbyshire","17UG","Erewash",,,1305,264,252,6,216,186,78,303,3,51,60
"E","East Midlands","17","Derbyshire","17UH","High Peak",,,924,183,138,21,210,102,48,225,3,42,36
"E","East Midlands","17","Derbyshire","17UJ","North East Derbyshire",,,741,135,195,9,99,81,36,186,3,39,15
"E","East Midlands","17","Derbyshire","17UK","South Derbyshire",,,711,171,156,33,96,81,21,153,3,30,24
"E","East Midlands","31","Leicestershire","31UB","Blaby",,,573,144,78,6,78,42,27,198,0,36,18
"E","East Midlands","31","Leicestershire","31UC","Charnwood",,,1485,336,291,6,255,141,57,399,6,69,45
"E","East Midlands","31","Leicestershire","31UD","Harborough",,,561,132,63,18,180,36,15,117,3,36,21
"E","East Midlands","31","Leicestershire","31UE","Hinckley and Bosworth",,,795,222,111,15,132,75,33,207,0,45,21
"E","East Midlands","31","Leicestershire","31UG","Melton",,,423,87,63,21,120,21,21,93,0,30,9
"E","East Midlands","31","Leicestershire","31UH","North West Leicestershire",,,960,195,177,33,216,66,39,231,3,69,39
"E","East Midlands","31","Leicestershire","31UJ","Oadby and Wigston",,,390,96,66,3,66,33,15,117,0,36,21
"E","East Midlands","32","Lincolnshire","32UB","Boston",,,669,171,87,21,111,57,24,195,3,15,0
"E","East Midlands","32","Lincolnshire","32UC","East Lindsey",,,1224,255,141,51,423,78,48,231,0,6,0
"E","East Midlands","32","Lincolnshire","32UD","Lincoln",,,1485,303,453,3,252,138,105,231,0,27,0
"E","East Midlands","32","Lincolnshire","32UE","North Kesteven",,,525,135,87,15,105,54,15,111,0,12,0
"E","East Midlands","32","Lincolnshire","32UF","South Holland",,,555,168,75,24,144,54,12,81,0,15,0
"E","East Midlands","32","Lincolnshire","32UG","South Kesteven",,,1065,270,135,24,183,117,60,273,0,15,0
"E","East Midlands","32","Lincolnshire","32UH","West Lindsey",,,744,150,165,27,222,60,24,93,0,12,0
"E","East Midlands","34","Northamptonshire","34UB","Corby",,,1668,426,576,3,138,135,57,330,0,96,6
"E","East Midlands","34","Northamptonshire","34UC","Daventry",,,894,234,150,27,183,84,15,201,3,63,0
"E","East Midlands","34","Northamptonshire","34UD","East Northamptonshire",,,942,207,255,24,156,99,27,171,0,57,3
"E","East Midlands","34","Northamptonshire","34UE","Kettering",,,1311,336,279,18,144,147,51,336,3,69,0
"E","East Midlands","34","Northamptonshire","34UF","Northampton",,,3888,870,879,12,426,339,204,1161,0,183,6
"E","East Midlands","34","Northamptonshire","34UG","South Northamptonshire",,,693,144,93,54,204,72,9,117,9,66,0
"E","East Midlands","34","Northamptonshire","34UH","Wellingborough",,,1335,339,384,12,168,120,39,270,9,75,0
"E","East Midlands","37","Nottinghamshire","37UB","Ashfield",,,1800,483,462,21,216,156,63,399,3,111,21
"E","East Midlands","37","Nottinghamshire","37UC","Bassetlaw",,,1794,471,468,24,315,126,63,327,12,150,21
"E","East Midlands","37","Nottinghamshire","37UD","Broxtowe",,,1590,351,291,3,339,114,33,462,3,93,36
"E","East Midlands","37","Nottinghamshire","37UE","Gedling",,,1305,393,327,6,210,90,42,237,3,93,21
"E","East Midlands","37","Nottinghamshire","37UF","Mansfield",,,1737,369,636,36,186,162,114,231,6,75,18
"E","East Midlands","37","Nottinghamshire","37UG","Newark and Sherwood",,,1458,276,390,39,231,135,54,336,9,102,33
"E","East Midlands","37","Nottinghamshire","37UJ","Rushcliffe",,,1107,255,150,12,270,69,42,309,9,132,36
"F","West Midlands",,,"00CN","Birmingham",,,24159,5292,5409,12,3870,3768,2370,3441,9,297,1419
"F","West Midlands",,,"00CQ","Coventry",,,7002,1338,1995,6,960,1092,522,1092,6,90,468
"F","West Midlands",,,"00CR","Dudley",,,6126,1032,1185,18,723,1086,351,1731,3,60,282
"F","West Midlands",,,"00CS","Sandwell",,,6423,1386,1986,15,981,828,501,729,0,78,531
"F","West Midlands",,,"00CT","Solihull",,,2472,522,543,3,426,429,117,435,0,27,198
"F","West Midlands",,,"00CU","Walsall",,,4719,885,1365,15,711,762,357,624,0,48,357
"F","West Midlands",,,"00CW","Wolverhampton",,,5100,1026,1050,12,723,1026,492,771,6,51,357
"F","West Midlands",,,"00GA","Herefordshire, County of",,,1431,291,243,36,249,168,96,348,3,36,57
"F","West Midlands",,,"00GF","Telford and Wrekin",,,2364,585,744,15,264,183,201,363,0,36,72
"F","West Midlands",,,"00GL","Stoke-on-Trent",,,2949,666,990,27,297,375,201,390,0,12,0
"F","West Midlands","39","Shropshire","39UB","Bridgnorth",,,267,66,27,27,57,12,6,69,0,3,0
"F","West Midlands","39","Shropshire","39UC","North Shropshire",,,354,123,36,39,54,9,12,81,0,9,3
"F","West Midlands","39","Shropshire","39UD","Oswestry",,,162,45,27,9,30,15,15,21,0,0,0
"F","West Midlands","39","Shropshire","39UE","Shrewsbury and Atcham",,,807,207,138,24,144,60,51,183,0,21,0
"F","West Midlands","39","Shropshire","39UF","South Shropshire",,,240,39,24,45,51,6,3,72,0,6,3
"F","West Midlands","41","Staffordshire","41UB","Cannock Chase",,,966,165,315,12,93,156,57,165,0,3,0
"F","West Midlands","41","Staffordshire","41UC","East Staffordshire",,,822,126,138,30,120,114,51,240,0,3,0
"F","West Midlands","41","Staffordshire","41UD","Lichfield",,,837,159,138,12,129,132,24,243,0,0,0
"F","West Midlands","41","Staffordshire","41UE","Newcastle-under-Lyme",,,1290,270,363,30,156,198,63,207,0,15,0
"F","West Midlands","41","Staffordshire","41UF","South Staffordshire",,,984,240,270,21,156,117,21,153,0,0,0
"F","West Midlands","41","Staffordshire","41UG","Stafford",,,1137,228,195,33,165,204,84,228,0,9,0
"F","West Midlands","41","Staffordshire","41UH","Staffordshire Moorlands",,,681,168,123,24,138,108,27,96,0,9,3
"F","West Midlands","41","Staffordshire","41UK","Tamworth",,,1107,225,402,0,126,108,45,204,0,0,0
"F","West Midlands","44","Warwickshire","44UB","North Warwickshire",,,579,150,96,15,96,63,18,144,6,48,3
"F","West Midlands","44","Warwickshire","44UC","Nuneaton and Bedworth",,,2031,351,633,3,279,225,66,474,6,33,3
"F","West Midlands","44","Warwickshire","44UD","Rugby",,,1227,249,228,18,324,126,30,252,6,45,3
"F","West Midlands","44","Warwickshire","44UE","Stratford-on-Avon",,,1077,156,93,51,360,105,15,300,6,81,3
"F","West Midlands","44","Warwickshire","44UF","Warwick",,,1359,201,189,6,291,219,33,423,12,45,0
"F","West Midlands","47","Worcestershire","47UB","Bromsgrove",,,765,198,111,9,165,108,30,141,0,42,18
"F","West Midlands","47","Worcestershire","47UC","Malvern Hills",,,672,135,81,21,141,90,36,171,3,36,21
"F","West Midlands","47","Worcestershire","47UD","Redditch",,,1179,276,285,3,213,153,90,153,0,33,21
"F","West Midlands","47","Worcestershire","47UE","Worcester",,,1371,210,261,0,267,144,78,411,3,45,54
"F","West Midlands","47","Worcestershire","47UF","Wychavon",,,996,183,102,30,237,147,72,225,6,72,39
"F","West Midlands","47","Worcestershire","47UG","Wyre Forest",,,1452,243,369,9,279,147,144,264,3,42,81
"G","East of England",,,"00JA","Peterborough",,,3321,780,627,6,384,396,186,939,0,0,0
"G","East of England",,,"00KA","Luton",,,3807,834,870,3,579,372,417,735,3,42,0
"G","East of England",,,"00KF","Southend-on-Sea",,,2136,342,375,6,495,267,231,417,0,0,0
"G","East of England",,,"00KG","Thurrock",,,2493,603,687,0,465,282,252,204,0,0,0
"G","East of England","09","Bedfordshire","09UC","Mid Bedfordshire",,,1581,285,225,12,282,141,45,588,0,3,0
"G","East of England","09","Bedfordshire","09UD","Bedford",,,2463,510,477,27,420,231,141,660,0,30,15
"G","East of England","09","Bedfordshire","09UE","South Bedfordshire",,,1860,342,402,15,294,225,105,480,0,9,0
"G","East of England","12","Cambridgeshire","12UB","Cambridge",,,2949,279,186,6,339,273,72,1791,0,0,0
"G","East of England","12","Cambridgeshire","12UC","East Cambridgeshire",,,645,102,87,18,150,57,24,207,0,0,3
"G","East of England","12","Cambridgeshire","12UD","Fenland",,,1293,216,288,21,330,99,54,282,0,0,0
"G","East of England","12","Cambridgeshire","12UE","Huntingdonshire",,,1503,276,282,21,309,159,39,420,0,0,0
"G","East of England","12","Cambridgeshire","12UG","South Cambridgeshire",,,1374,159,102,30,354,96,24,606,0,0,0
"G","East of England","22","Essex","22UB","Basildon",,,2793,480,714,6,540,282,273,498,0,0,0
"G","East of England","22","Essex","22UC","Braintree",,,1506,183,255,27,564,144,57,279,0,0,0
"G","East of England","22","Essex","22UD","Brentwood",,,810,123,99,6,225,123,36,204,0,0,0
"G","East of England","22","Essex","22UE","Castle Point",,,597,75,171,0,189,93,30,42,0,0,0
"G","East of England","22","Essex","22UF","Chelmsford",,,1236,186,138,9,348,147,57,348,0,0,0
"G","East of England","22","Essex","22UG","Colchester",,,1980,291,387,21,513,267,141,357,0,0,0
"G","East of England","22","Essex","22UH","Epping Forest",,,1215,228,159,9,336,171,60,252,0,3,3
"G","East of England","22","Essex","22UJ","Harlow",,,1557,267,342,0,288,126,141,393,0,0,0
"G","East of England","22","Essex","22UK","Maldon",,,525,96,63,6,168,36,24,132,0,0,0
"G","East of England","22","Essex","22UL","Rochford",,,555,84,93,3,147,60,39,129,0,0,0
"G","East of England","22","Essex","22UN","Tendring",,,1512,270,399,18,342,156,117,210,0,0,0
"G","East of England","22","Essex","22UQ","Uttlesford",,,678,102,78,15,279,57,15,132,0,0,0
"G","East of England","26","Hertfordshire","26UB","Broxbourne",,,882,180,186,0,147,129,39,201,3,48,0
"G","East of England","26","Hertfordshire","26UC","Dacorum",,,1494,294,240,12,237,210,57,444,3,114,0
"G","East of England","26","Hertfordshire","26UD","East Hertfordshire",,,1182,183,171,15,276,180,27,330,3,63,0
"G","East of England","26","Hertfordshire","26UE","Hertsmere",,,1080,195,225,6,165,231,42,216,6,75,3
"G","East of England","26","Hertfordshire","26UF","North Hertfordshire",,,1203,225,267,12,180,150,39,330,0,42,0
"G","East of England","26","Hertfordshire","26UG","St Albans",,,1311,249,225,6,189,228,45,369,3,93,0
"G","East of England","26","Hertfordshire","26UH","Stevenage",,,1185,195,312,0,105,156,84,336,3,36,0
"G","East of England","26","Hertfordshire","26UJ","Three Rivers",,,792,177,168,6,102,135,33,171,0,48,0
"G","East of England","26","Hertfordshire","26UK","Watford",,,1209,231,345,0,120,162,75,276,0,48,0
"G","East of England","26","Hertfordshire","26UL","Welwyn Hatfield",,,1371,240,252,6,144,306,111,312,0,60,0
"G","East of England","33","Norfolk","33UB","Breckland",,,1722,324,318,51,522,174,33,294,6,114,3
"G","East of England","33","Norfolk","33UC","Broadland",,,1104,180,108,27,267,93,36,393,6,63,3
"G","East of England","33","Norfolk","33UD","Great Yarmouth",,,1926,312,288,42,681,156,75,369,0,69,6
"G","East of England","33","Norfolk","33UE","King's Lynn and West Norfolk",,,2499,537,450,75,672,174,54,534,6,126,0
"G","East of England","33","Norfolk","33UF","North Norfolk",,,1281,198,159,81,429,93,9,312,3,57,0
"G","East of England","33","Norfolk","33UG","Norwich",,,3066,489,396,9,651,258,87,1173,0,81,6
"G","East of England","33","Norfolk","33UH","South Norfolk",,,1161,237,108,63,384,105,12,255,9,81,0
"G","East of England","42","Suffolk","42UB","Babergh",,,672,120,105,24,204,45,21,153,0,0,15
"G","East of England","42","Suffolk","42UC","Forest Heath",,,693,87,57,15,249,42,15,228,0,0,6
"G","East of England","42","Suffolk","42UD","Ipswich",,,2337,360,321,3,684,147,150,672,0,0,63
"G","East of England","42","Suffolk","42UE","Mid Suffolk",,,645,132,75,33,168,51,18,171,0,0,6
"G","East of England","42","Suffolk","42UF","St Edmundsbury",,,1404,198,147,27,363,81,84,501,0,0,12
"G","East of England","42","Suffolk","42UG","Suffolk Coastal",,,840,147,102,45,195,84,30,243,3,0,15
"G","East of England","42","Suffolk","42UH","Waveney",,,1344,216,210,21,330,96,87,381,0,0,12
"H","London",,,"00AA","City of London",,,1767,87,36,0,375,168,36,1068,3,12,18
"H","London",,,"00AB","Barking and Dagenham",,,4212,699,1551,0,717,564,402,276,0,162,123
"H","London",,,"00AC","Barnet",,,4809,621,657,3,1134,585,318,1488,12,138,186
"H","London",,,"00AD","Bexley",,,3492,477,1011,0,738,396,210,660,3,66,75
"H","London",,,"00AE","Brent",,,4875,777,495,3,1326,579,477,1218,18,168,219
"H","London",,,"00AF","Bromley",,,4326,678,1092,6,870,498,240,942,12,84,111
"H","London",,,"00AG","Camden",,,9039,756,654,3,2418,921,414,3873,9,102,339
"H","London",,,"00AH","Croydon",,,5295,837,1026,3,1179,669,450,1128,9,204,303
"H","London",,,"00AJ","Ealing",,,5058,786,783,0,1182,609,405,1290,9,156,246
"H","London",,,"00AK","Enfield",,,5019,684,933,3,1053,576,471,1296,9,135,180
"H","London",,,"00AL","Greenwich",,,6060,801,1686,0,1326,729,573,948,9,138,189
"H","London",,,"00AM","Hackney",,,8559,879,1731,6,2646,969,642,1686,9,186,336
"H","London",,,"00AN","Hammersmith and Fulham",,,3942,387,327,3,1080,453,216,1476,9,120,153
"H","London",,,"00AP","Haringey",,,5073,714,693,3,1215,597,474,1380,9,87,177
"H","London",,,"00AQ","Harrow",,,2538,408,363,3,477,318,165,807,3,69,81
"H","London",,,"00AR","Havering",,,3279,513,1095,3,573,432,144,522,9,126,138
"H","London",,,"00AS","Hillingdon",,,6531,792,1065,6,843,810,354,2661,6,171,153
"H","London",,,"00AT","Hounslow",,,4404,564,1161,0,852,564,306,954,12,150,156
"H","London",,,"00AU","Islington",,,6315,732,885,3,1941,807,438,1509,9,93,210
"H","London",,,"00AW","Kensington and Chelsea",,,4950,408,228,0,1410,594,234,2073,6,87,138
"H","London",,,"00AX","Kingston upon Thames",,,2397,342,237,6,408,210,108,1083,3,54,117
"H","London",,,"00AY","Lambeth",,,7536,912,1101,0,2475,852,480,1716,6,189,441
"H","London",,,"00AZ","Lewisham",,,5934,732,780,0,1713,699,462,1548,15,201,1215
"H","London",,,"00BA","Merton",,,2877,465,558,3,636,333,168,711,6,69,84
"H","London",,,"00BB","Newham",,,7611,1188,2070,0,1518,849,975,1011,12,186,300
"H","London",,,"00BC","Redbridge",,,3300,540,672,3,690,429,240,723,3,123,141
"H","London",,,"00BD","Richmond upon Thames",,,2238,285,228,6,465,261,84,909,3,81,75
"H","London",,,"00BE","Southwark",,,8871,927,1605,3,2934,1131,594,1680,6,129,309
"H","London",,,"00BF","Sutton",,,2523,378,564,0,402,255,144,780,3,51,69
"H","London",,,"00BG","Tower Hamlets",,,11055,966,2862,0,3075,1137,783,2235,15,105,225
"H","London",,,"00BH","Waltham Forest",,,3561,564,609,6,783,429,372,801,12,99,153
"H","London",,,"00BJ","Wandsworth",,,5490,630,606,3,1725,603,312,1611,6,111,201
"H","London",,,"00BK","Westminster",,,12243,846,615,3,3030,1152,444,6159,12,192,318
"J","South East",,,"00LC","Medway",,,3399,723,882,6,657,438,255,441,0,18,0
"J","South East",,,"00MA","Bracknell Forest",,,1743,330,327,3,294,162,102,525,3,24,57
"J","South East",,,"00MB","West Berkshire",,,2595,441,291,63,579,291,69,861,6,45,36
"J","South East",,,"00MC","Reading",,,3933,567,561,6,1083,306,318,1092,3,45,183
"J","South East",,,"00MD","Slough",,,3066,606,636,0,555,333,270,666,0,48,75
"J","South East",,,"00ME","Windsor and Maidenhead",,,2613,441,282,12,489,222,93,1077,3,24,57
"J","South East",,,"00MF","Wokingham",,,1740,336,285,9,363,204,84,462,3,21,30
"J","South East",,,"00MG","Milton Keynes",,,3210,789,753,9,378,429,162,693,0,33,0
"J","South East",,,"00ML","Brighton and Hove",,,6168,1047,696,21,1395,2013,261,738,12,174,444
"J","South East",,,"00MR","Portsmouth",,,3282,516,870,12,495,135,378,876,0,27,0
"J","South East",,,"00MS","Southampton",,,4839,801,1458,9,510,285,516,1260,3,30,0
"J","South East",,,"00MW","Isle of Wight",,,1890,405,255,45,429,387,87,285,3,78,36
"J","South East","11","Buckinghamshire","11UB","Aylesbury Vale",,,1761,417,258,45,309,198,72,462,0,24,0
"J","South East","11","Buckinghamshire","11UC","Chiltern",,,846,180,126,15,135,153,30,207,3,9,0
"J","South East","11","Buckinghamshire","11UE","South Bucks",,,1473,255,147,6,696,159,30,180,3,12,12
"J","South East","11","Buckinghamshire","11UF","Wycombe",,,2169,528,393,24,240,429,96,456,0,9,0
"J","South East","21","East Sussex","21UC","Eastbourne",,,1746,354,246,15,342,522,66,198,3,75,108
"J","South East","21","East Sussex","21UD","Hastings",,,2814,597,663,15,528,699,126,183,3,132,156
"J","South East","21","East Sussex","21UF","Lewes",,,1302,234,183,57,261,375,39,153,3,117,60
"J","South East","21","East Sussex","21UG","Rother",,,1416,315,174,66,306,354,33,168,3,99,126
"J","South East","21","East Sussex","21UH","Wealden",,,1647,318,237,96,357,429,27,180,12,123,48
"J","South East","24","Hampshire","24UB","Basingstoke and Deane",,,1881,270,567,24,300,57,165,495,0,9,0
"J","South East","24","Hampshire","24UC","East Hampshire",,,912,144,183,42,171,9,93,270,0,6,3
"J","South East","24","Hampshire","24UD","Eastleigh",,,1110,195,258,12,159,30,114,342,0,3,0
"J","South East","24","Hampshire","24UE","Fareham",,,786,153,192,12,102,18,78,234,0,3,0
"J","South East","24","Hampshire","24UF","Gosport",,,1014,192,294,0,156,39,114,216,0,12,0
"J","South East","24","Hampshire","24UG","Hart",,,690,90,219,9,165,6,66,132,0,6,0
"J","South East","24","Hampshire","24UH","Havant",,,1791,333,711,9,201,54,165,321,0,12,0
"J","South East","24","Hampshire","24UJ","New Forest",,,1611,324,372,60,222,30,180,420,0,12,0
"J","South East","24","Hampshire","24UL","Rushmoor",,,1086,183,282,6,162,42,126,288,3,12,0
"J","South East","24","Hampshire","24UN","Test Valley",,,1167,186,324,30,153,18,102,351,0,9,0
"J","South East","24","Hampshire","24UP","Winchester",,,1035,222,126,33,129,27,111,387,0,3,0
"J","South East","29","Kent","29UB","Ashford",,,1779,321,339,36,477,132,54,423,0,3,0
"J","South East","29","Kent","29UC","Canterbury",,,2097,288,297,24,468,204,105,714,0,9,0
"J","South East","29","Kent","29UD","Dartford",,,1455,261,402,3,261,162,141,225,3,6,0
"J","South East","29","Kent","29UE","Dover",,,1770,294,321,48,330,159,75,549,3,9,0
"J","South East","29","Kent","29UG","Gravesham",,,1647,423,402,3,318,132,159,210,0,3,0
"J","South East","29","Kent","29UH","Maidstone",,,2367,450,354,36,783,177,69,495,0,6,0
"J","South East","29","Kent","29UK","Sevenoaks",,,1449,306,180,27,324,132,57,420,0,6,0
"J","South East","29","Kent","29UL","Shepway",,,1572,195,219,12,447,189,60,450,0,6,0
"J","South East","29","Kent","29UM","Swale",,,1920,405,579,15,366,210,114,234,0,12,0
"J","South East","29","Kent","29UN","Thanet",,,1833,291,261,6,654,204,120,294,3,15,0
"J","South East","29","Kent","29UP","Tonbridge and Malling",,,1545,213,171,30,645,111,45,333,0,3,0
"J","South East","29","Kent","29UQ","Tunbridge Wells",,,1668,222,105,57,432,105,60,690,0,6,0
"J","South East","38","Oxfordshire","38UB","Cherwell",,,1989,387,243,66,486,144,99,567,6,105,9
"J","South East","38","Oxfordshire","38UC","Oxford",,,4335,576,372,6,561,204,264,2352,0,69,21
"J","South East","38","Oxfordshire","38UD","South Oxfordshire",,,2058,366,234,87,654,99,48,576,3,96,9
"J","South East","38","Oxfordshire","38UE","Vale of White Horse",,,1413,261,186,39,354,75,30,468,6,93,18
"J","South East","38","Oxfordshire","38UF","West Oxfordshire",,,1044,183,102,72,249,66,12,360,6,96,0
"J","South East","43","Surrey","43UB","Elmbridge",,,828,120,126,3,165,102,15,297,0,12,96
"J","South East","43","Surrey","43UC","Epsom and Ewell",,,636,90,51,0,90,66,30,300,0,6,33
"J","South East","43","Surrey","43UD","Guildford",,,1536,255,177,9,207,147,60,678,0,6,99
"J","South East","43","Surrey","43UE","Mole Valley",,,852,132,93,18,171,90,21,327,0,21,60
"J","South East","43","Surrey","43UF","Reigate and Banstead",,,1218,234,147,15,180,132,45,468,0,15,63
"J","South East","43","Surrey","43UG","Runnymede",,,1050,99,126,3,120,87,51,567,0,9,51
"J","South East","43","Surrey","43UH","Spelthorne",,,987,132,153,3,195,90,30,381,0,12,72
"J","South East","43","Surrey","43UJ","Surrey Heath",,,954,108,144,3,156,102,69,372,0,3,57
"J","South East","43","Surrey","43UK","Tandridge",,,996,231,147,18,207,117,21,255,0,3,33
"J","South East","43","Surrey","43UL","Waverley",,,987,126,75,18,171,90,24,480,3,3,57
"J","South East","43","Surrey","43UM","Woking",,,690,90,108,0,144,72,21,252,0,3,102
"J","South East","45","West Sussex","45UB","Adur",,,1140,162,132,6,408,162,15,255,0,45,72
"J","South East","45","West Sussex","45UC","Arun",,,2874,444,435,45,780,363,96,708,6,153,66
"J","South East","45","West Sussex","45UD","Chichester",,,2598,327,234,105,924,258,57,693,9,126,84
"J","South East","45","West Sussex","45UE","Crawley",,,3387,462,339,3,855,678,87,960,0,84,36
"J","South East","45","West Sussex","45UF","Horsham",,,2055,270,216,75,735,276,36,444,9,141,69
"J","South East","45","West Sussex","45UG","Mid Sussex",,,2553,333,222,42,933,321,48,651,12,120,63
"J","South East","45","West Sussex","45UH","Worthing",,,2157,249,234,9,750,282,75,561,0,54,30
"K","South West",,,"00HA","Bath and North East Somerset",,,2934,459,222,30,996,504,144,582,0,42,9
"K","South West",,,"00HB","Bristol, City of",,,8457,1611,1758,0,2364,1056,516,1146,3,51,18
"K","South West",,,"00HC","North Somerset",,,2541,522,306,36,708,453,156,360,0,18,0
"K","South West",,,"00HD","South Gloucestershire",,,2652,504,471,33,705,423,120,399,0,21,3
"K","South West",,,"00HG","Plymouth",,,4980,849,1125,18,1164,450,303,1068,6,180,0
"K","South West",,,"00HH","Torbay",,,1965,360,306,15,450,189,102,546,0,84,0
"K","South West",,,"00HN","Bournemouth",,,3705,621,681,15,480,1290,243,381,6,96,36
"K","South West",,,"00HP","Poole",,,2163,456,570,9,243,501,159,228,3,54,6
"K","South West",,,"00HX","Swindon",,,2505,432,375,18,636,177,123,744,0,0,9
"K","South West","15","Cornwall and Isles of Scilly","15UB","Caradon",,,273,0,0,0,273,0,0,0,0,0,0
"K","South West","15","Cornwall and Isles of Scilly","15UC","Carrick",,,552,0,0,0,552,0,0,0,0,0,0
"K","South West","15","Cornwall and Isles of Scilly","15UD","Kerrier",,,480,0,0,0,480,0,0,0,0,0,0
"K","South West","15","Cornwall and Isles of Scilly","15UE","North Cornwall",,,324,0,0,0,321,0,0,0,0,6,0
"K","South West","15","Cornwall and Isles of Scilly","15UF","Penwith",,,432,0,0,0,429,0,0,0,0,0,0
"K","South West","15","Cornwall and Isles of Scilly","15UG","Restormel",,,435,0,0,0,435,0,0,0,0,0,0
"K","South West","15","Cornwall and Isles of Scilly","15UH","Isles of Scilly",,,0,0,0,0,0,0,0,0,0,0,0
"K","South West","18","Devon","18UB","East Devon",,,1236,207,105,39,372,93,33,384,6,126,0
"K","South West","18","Devon","18UC","Exeter",,,2352,384,258,6,468,168,159,906,3,75,0
"K","South West","18","Devon","18UD","Mid Devon",,,591,114,57,39,183,57,30,114,6,54,0
"K","South West","18","Devon","18UE","North Devon",,,939,189,108,36,204,90,39,273,3,66,0
"K","South West","18","Devon","18UG","South Hams",,,864,111,42,33,318,63,15,285,3,99,0
"K","South West","18","Devon","18UH","Teignbridge",,,1059,219,147,42,297,99,33,222,3,108,0
"K","South West","18","Devon","18UK","Torridge",,,417,75,54,21,96,39,15,114,3,42,0
"K","South West","18","Devon","18UL","West Devon",,,375,63,42,30,117,24,6,93,0,39,0
"K","South West","19","Dorset","19UC","Christchurch",,,525,111,90,3,66,180,30,48,0,18,0
"K","South West","19","Dorset","19UD","East Dorset",,,825,153,189,27,99,234,48,78,0,24,3
"K","South West","19","Dorset","19UE","North Dorset",,,375,66,27,39,63,117,21,45,0,6,0
"K","South West","19","Dorset","19UG","Purbeck",,,390,93,63,18,54,87,27,45,0,27,3
"K","South West","19","Dorset","19UH","West Dorset",,,720,177,66,60,102,189,30,96,6,24,3
"K","South West","19","Dorset","19UJ","Weymouth and Portland",,,828,189,129,9,126,225,60,90,0,18,6
"K","South West","23","Gloucestershire","23UB","Cheltenham",,,1581,342,249,3,234,183,54,513,0,18,45
"K","South West","23","Gloucestershire","23UC","Cotswold",,,549,99,45,39,114,45,3,198,3,12,12
"K","South West","23","Gloucestershire","23UD","Forest of Dean",,,450,126,75,33,108,48,3,54,0,9,15
"K","South West","23","Gloucestershire","23UE","Gloucester",,,1452,306,258,6,273,153,57,396,0,12,48
"K","South West","23","Gloucestershire","23UF","Stroud",,,792,177,78,57,162,99,9,213,3,15,18
"K","South West","23","Gloucestershire","23UG","Tewkesbury",,,582,150,66,15,147,90,3,105,3,18,18
"K","South West","40","Somerset","40UB","Mendip",,,1479,300,147,75,306,459,42,153,0,0,0
"K","South West","40","Somerset","40UC","Sedgemoor",,,1749,339,279,51,396,486,78,120,0,0,0
"K","South West","40","Somerset","40UD","South Somerset",,,2538,576,279,123,420,840,60,243,0,0,0
"K","South West","40","Somerset","40UE","Taunton Deane",,,1785,384,216,54,318,567,57,189,0,0,0
"K","South West","40","Somerset","40UF","West Somerset",,,552,105,63,57,147,132,12,42,0,0,0
"K","South West","46","Wiltshire","46UB","Kennet",,,708,90,60,36,240,45,15,222,0,0,0
"K","South West","46","Wiltshire","46UC","North Wiltshire",,,1128,195,126,36,321,75,27,348,0,0,3
"K","South West","46","Wiltshire","46UD","Salisbury",,,1263,174,132,66,330,69,42,450,0,0,0
"K","South West","46","Wiltshire","46UF","West Wiltshire",,,1479,231,153,27,453,105,33,477,0,0,3
,,,,"00NA","Isle of Anglesey",,,567,102,156,42,27,39,45,153,0,15,15
,,,,"00NC","Gwynedd",,,1119,192,243,78,60,84,66,396,3,24,27
,,,,"00NE","Conwy",,,1278,276,303,30,111,135,60,363,3,54,54
,,,,"00NG","Denbighshire",,,858,225,195,33,75,78,39,213,3,30,30
,,,,"00NJ","Flintshire",,,1197,306,306,78,105,120,45,240,3,39,42
,,,,"00NL","Wrexham",,,1698,417,564,54,129,120,102,315,0,54,33
,,,,"00NN","Powys",,,615,144,84,36,108,51,33,162,0,21,6
,,,,"00NQ","Ceredigion",,,567,99,33,27,57,60,36,255,0,6,3
,,,,"00NS","Pembrokeshire",,,1062,201,144,39,231,165,42,237,0,42,12
,,,,"00NU","Carmarthenshire",,,1419,315,300,15,210,237,102,237,6,54,21
,,,,"00NX","Swansea",,,5136,1395,1539,9,456,597,390,750,3,72,24
,,,,"00NZ","Neath Port Talbot",,,2478,576,867,12,174,444,216,186,18,57,15
,,,,"00PB","Bridgend",,,2847,618,1122,30,195,159,276,450,0,36,3
,,,,"00PD","The Vale of Glamorgan",,,2163,489,564,18,303,84,207,498,0,27,0
,,,,"00PF","Rhondda, Cynon, Taff",,,6564,1128,3483,30,435,180,696,612,3,75,9
,,,,"00PH","Merthyr Tydfil",,,1878,402,960,3,126,72,168,147,0,30,0
,,,,"00PK","Caerphilly",,,3570,714,1689,24,282,120,387,354,0,57,3
,,,,"00PL","Blaenau Gwent",,,1821,348,930,9,135,66,207,129,3,18,0
,,,,"00PM","Torfaen",,,2046,339,918,12,210,126,219,228,0,12,3
,,,,"00PP","Monmouthshire",,,1239,219,204,45,264,27,150,327,0,9,3
,,,,"00PR","Newport",,,3504,609,1500,12,426,168,357,435,0,39,0
,,,,"00PT","Cardiff",,,8094,1602,2517,9,747,492,807,1917,0,84,18