DATASET_TITLE,Tenure - People (UV43),,,,FROM,Apr-2001,Apr-2001,Apr-2001,Apr-2001,Apr-2001,Apr-2001,Apr-2001,Apr-2001,Apr-2001,Apr-2001,Apr-2001,Apr-2001,Apr-2001,Apr-2001
AREA_TYPE,County,,,,TO,Apr-2001,Apr-2001,Apr-2001,Apr-2001,Apr-2001,Apr-2001,Apr-2001,Apr-2001,Apr-2001,Apr-2001,Apr-2001,Apr-2001,Apr-2001,Apr-2001
GEO_HIERARCHY,NeSS Geography Hierarchy,,,,HEADING,All People in Households,Owned,Owned: Owns outright,Owned: Owns with a mortgage or loan,Owned: Shared ownership,Social rented,Social rented: Rented from Council (Local Authority),Social rented: Other social rented,Private rented,Private rented: Private landlord or letting agency,Private rented: Employer of household member,Private rented: Relative or friend of a household member,Private rented: Other,Living rent free
,,,,,MEASUREMENT_UNIT,Count,Count,Count,Count,Count,Count,Count,Count,Count,Count,Count,Count,Count,Count
,,,,,STATISTICAL_UNIT,Persons,Persons,Persons,Persons,Persons,Persons,Persons,Persons,Persons,Persons,Persons,Persons,Persons,Persons
GOR_CODE,GOR_NAME,CTY_CODE,CTY_NAME,AREA_METADATA,,DATA_VALUE,DATA_VALUE,DATA_VALUE,DATA_VALUE,DATA_VALUE,DATA_VALUE,DATA_VALUE,DATA_VALUE,DATA_VALUE,DATA_VALUE,DATA_VALUE,DATA_VALUE,DATA_VALUE,DATA_VALUE
"E","East Midlands","17","Derbyshire",,,725667,561082,203542,354675,2865,112192,98249,13943,42404,36264,967,3840,1333,9989
"E","East Midlands","31","Leicestershire",,,596120,498203,166336,329079,2788,57712,45646,12066,33264,28749,934,2583,998,6941
"E","East Midlands","32","Lincolnshire",,,635026,475719,181123,289891,4705,87166,62714,24452,59666,48108,4293,4047,3218,12475
"E","East Midlands","34","Northamptonshire",,,619987,473585,136017,334485,3083,97368,76311,21057,38065,33387,1139,2673,866,10969
"E","East Midlands","37","Nottinghamshire",,,738168,574581,206062,365620,2899,102102,84368,17734,51089,44573,1315,3701,1500,10396