DATASET_TITLE,Tenure - People (UV43),,,,,,FROM,Apr-2001,Apr-2001,Apr-2001,Apr-2001,Apr-2001,Apr-2001,Apr-2001,Apr-2001,Apr-2001,Apr-2001,Apr-2001,Apr-2001,Apr-2001,Apr-2001
AREA_TYPE,Local Authority,,,,,,TO,Apr-2001,Apr-2001,Apr-2001,Apr-2001,Apr-2001,Apr-2001,Apr-2001,Apr-2001,Apr-2001,Apr-2001,Apr-2001,Apr-2001,Apr-2001,Apr-2001
GEO_HIERARCHY,NeSS Geography Hierarchy,,,,,,HEADING,All People in Households,Owned,Owned: Owns outright,Owned: Owns with a mortgage or loan,Owned: Shared ownership,Social rented,Social rented: Rented from Council (Local Authority),Social rented: Other social rented,Private rented,Private rented: Private landlord or letting agency,Private rented: Employer of household member,Private rented: Relative or friend of a household member,Private rented: Other,Living rent free
,,,,,,,MEASUREMENT_UNIT,Count,Count,Count,Count,Count,Count,Count,Count,Count,Count,Count,Count,Count,Count
,,,,,,,STATISTICAL_UNIT,Persons,Persons,Persons,Persons,Persons,Persons,Persons,Persons,Persons,Persons,Persons,Persons,Persons,Persons
GOR_CODE,GOR_NAME,CTY_CODE,CTY_NAME,LA_CODE,LA_NAME,AREA_METADATA,,DATA_VALUE,DATA_VALUE,DATA_VALUE,DATA_VALUE,DATA_VALUE,DATA_VALUE,DATA_VALUE,DATA_VALUE,DATA_VALUE,DATA_VALUE,DATA_VALUE,DATA_VALUE,DATA_VALUE,DATA_VALUE
"E","East Midlands",,,"00FK","Derby",,,217341,156347,54889,100060,1398,41020,29706,11314,16218,14588,187,1193,250,3756
"E","East Midlands",,,"00FN","Leicester",,,273394,168353,57745,108982,1626,69797,52358,17439,31730,29194,304,1692,540,3514
"E","East Midlands",,,"00FP","Rutland",,,31850,23635,9375,14136,124,3407,2483,924,4013,2440,783,184,606,795
"E","East Midlands",,,"00FY","Nottingham",,,258004,133685,44056,88252,1377,81737,67177,14560,37184,34272,291,1624,997,5398
"E","East Midlands","17","Derbyshire","17UB","Amber Valley",,,115260,92342,34893,57010,439,14413,11635,2778,6605,5602,146,628,229,1900
"E","East Midlands","17","Derbyshire","17UC","Bolsover",,,70934,50956,18984,31819,153,13474,11794,1680,5344,4753,78,383,130,1160
"E","East Midlands","17","Derbyshire","17UD","Chesterfield",,,97710,67959,24418,43131,410,23690,21443,2247,5137,4505,52,465,115,924
"E","East Midlands","17","Derbyshire","17UF","Derbyshire Dales",,,67908,53143,23605,29226,312,7568,6556,1012,5619,4666,208,548,197,1578
"E","East Midlands","17","Derbyshire","17UG","Erewash",,,109027,88158,28796,58874,488,13609,11496,2113,6272,5530,88,517,137,988
"E","East Midlands","17","Derbyshire","17UH","High Peak",,,88617,70966,23682,46691,593,10830,8978,1852,5573,4675,101,547,250,1248
"E","East Midlands","17","Derbyshire","17UJ","North East Derbyshire",,,96016,71719,27539,43909,271,20109,19143,966,3248,2620,105,376,147,940
"E","East Midlands","17","Derbyshire","17UK","South Derbyshire",,,80195,65839,21625,44015,199,8499,7204,1295,4606,3913,189,376,128,1251
"E","East Midlands","31","Leicestershire","31UB","Blaby",,,89002,79793,24720,54627,446,5641,4541,1100,3046,2573,74,339,60,522
"E","East Midlands","31","Leicestershire","31UC","Charnwood",,,146344,117134,39108,77332,694,15546,12350,3196,11648,10504,216,675,253,2016
"E","East Midlands","31","Leicestershire","31UD","Harborough",,,75307,65238,21574,43170,494,5449,4386,1063,3648,3092,117,326,113,972
"E","East Midlands","31","Leicestershire","31UE","Hinckley and Bosworth",,,99452,84316,28303,55740,273,9634,7023,2611,4588,3817,117,461,193,914
"E","East Midlands","31","Leicestershire","31UG","Melton",,,47406,37532,12806,24532,194,5020,4202,818,3948,3278,237,267,166,906
"E","East Midlands","31","Leicestershire","31UH","North West Leicestershire",,,84836,67087,23384,43316,387,12743,10276,2467,3877,3340,104,307,126,1129
"E","East Midlands","31","Leicestershire","31UJ","Oadby and Wigston",,,53773,47103,16441,30362,300,3679,2868,811,2509,2145,69,208,87,482
"E","East Midlands","32","Lincolnshire","32UB","Boston",,,54761,39832,15617,23658,557,10325,5464,4861,3623,2877,294,297,155,981
"E","East Midlands","32","Lincolnshire","32UC","East Lindsey",,,127519,95935,44597,50295,1043,13086,5615,7471,15951,13087,1184,1112,568,2547
"E","East Midlands","32","Lincolnshire","32UD","Lincoln",,,83715,53842,16901,36153,788,18103,16331,1772,10109,8711,121,640,637,1661
"E","East Midlands","32","Lincolnshire","32UE","North Kesteven",,,91960,72071,26045,45577,449,10003,8450,1553,8088,5293,1390,432,973,1798
"E","East Midlands","32","Lincolnshire","32UF","South Holland",,,75615,59831,24377,34832,622,9943,8744,1199,4547,3693,259,435,160,1294
"E","East Midlands","32","Lincolnshire","32UG","South Kesteven",,,123178,94224,29905,63396,923,17088,15116,1972,9547,8181,392,645,329,2319
"E","East Midlands","32","Lincolnshire","32UH","West Lindsey",,,78278,59984,23681,35980,323,8618,2994,5624,7801,6266,653,486,396,1875
"E","East Midlands","34","Northamptonshire","34UB","Corby",,,52798,34804,8867,25789,148,15152,13498,1654,2000,1642,46,244,68,842
"E","East Midlands","34","Northamptonshire","34UC","Daventry",,,70375,55339,16651,38345,343,10084,7297,2787,3712,3185,172,265,90,1240
"E","East Midlands","34","Northamptonshire","34UD","East Northamptonshire",,,74902,59193,17858,41175,160,9755,2918,6837,4583,3920,246,304,113,1371
"E","East Midlands","34","Northamptonshire","34UE","Kettering",,,80951,64376,19307,44893,176,10061,8063,1998,5123,4525,128,371,99,1391
"E","East Midlands","34","Northamptonshire","34UF","Northampton",,,190716,141720,38091,102463,1166,31745,27141,4604,14042,12612,238,938,254,3209
"E","East Midlands","34","Northamptonshire","34UG","South Northamptonshire",,,78614,64506,19246,44773,487,7669,6551,1118,4811,4151,215,272,173,1628
"E","East Midlands","34","Northamptonshire","34UH","Wellingborough",,,71631,53647,15997,37047,603,12902,10843,2059,3794,3352,94,279,69,1288
"E","East Midlands","37","Nottinghamshire","37UB","Ashfield",,,109996,83012,30309,52293,410,19091,16514,2577,6080,5373,80,522,105,1813
"E","East Midlands","37","Nottinghamshire","37UC","Bassetlaw",,,104821,78438,27418,50776,244,17498,15717,1781,7259,6121,320,668,150,1626
"E","East Midlands","37","Nottinghamshire","37UD","Broxtowe",,,106632,84299,29510,54473,316,11685,9881,1804,9419,8012,327,456,624,1229
"E","East Midlands","37","Nottinghamshire","37UE","Gedling",,,110842,92613,32782,59310,521,11091,8131,2960,6048,5314,101,550,83,1090
"E","East Midlands","37","Nottinghamshire","37UF","Mansfield",,,97285,70609,26456,43863,290,18827,14680,4147,6253,5530,129,473,121,1596
"E","East Midlands","37","Nottinghamshire","37UG","Newark and Sherwood",,,104729,80569,29393,50857,319,15198,11894,3304,6817,5828,185,602,202,2145
"E","East Midlands","37","Nottinghamshire","37UJ","Rushcliffe",,,103863,85041,30194,54048,799,8712,7551,1161,9213,8395,173,430,215,897