DATASET_TITLE,Tenure - People (UV43),,,,,,,,FROM,Apr-2001,Apr-2001,Apr-2001,Apr-2001,Apr-2001,Apr-2001,Apr-2001,Apr-2001,Apr-2001,Apr-2001,Apr-2001,Apr-2001,Apr-2001,Apr-2001
AREA_TYPE,Super Output Area Middle Layer,,,,,,,,TO,Apr-2001,Apr-2001,Apr-2001,Apr-2001,Apr-2001,Apr-2001,Apr-2001,Apr-2001,Apr-2001,Apr-2001,Apr-2001,Apr-2001,Apr-2001,Apr-2001
GEO_HIERARCHY,NeSS Geography Hierarchy,,,,,,,,HEADING,All People in Households,Owned,Owned: Owns outright,Owned: Owns with a mortgage or loan,Owned: Shared ownership,Social rented,Social rented: Rented from Council (Local Authority),Social rented: Other social rented,Private rented,Private rented: Private landlord or letting agency,Private rented: Employer of household member,Private rented: Relative or friend of a household member,Private rented: Other,Living rent free
,,,,,,,,,MEASUREMENT_UNIT,Count,Count,Count,Count,Count,Count,Count,Count,Count,Count,Count,Count,Count,Count
,,,,,,,,,STATISTICAL_UNIT,Persons,Persons,Persons,Persons,Persons,Persons,Persons,Persons,Persons,Persons,Persons,Persons,Persons,Persons
GOR_CODE,GOR_NAME,CTY_CODE,CTY_NAME,LA_CODE,LA_NAME,MSOA_CODE,MSOA_NAME,AREA_METADATA,,DATA_VALUE,DATA_VALUE,DATA_VALUE,DATA_VALUE,DATA_VALUE,DATA_VALUE,DATA_VALUE,DATA_VALUE,DATA_VALUE,DATA_VALUE,DATA_VALUE,DATA_VALUE,DATA_VALUE,DATA_VALUE
"E","East Midlands",,,"00FK","Derby","E02002796","Derby 001",,,5966,5538,2269,3231,38,212,187,25,155,143,0,9,3,61
"E","East Midlands",,,"00FK","Derby","E02002797","Derby 002",,,7052,6642,3272,3366,4,146,70,76,219,180,4,31,4,45
"E","East Midlands",,,"00FK","Derby","E02002798","Derby 003",,,10293,9717,1827,7864,26,101,62,39,430,387,3,37,3,45
"E","East Midlands",,,"00FK","Derby","E02002799","Derby 004",,,5844,3500,1074,2370,56,1898,1608,290,318,279,3,33,3,128
"E","East Midlands",,,"00FK","Derby","E02002800","Derby 005",,,5826,4531,1579,2924,28,460,169,291,717,678,6,28,5,118
"E","East Midlands",,,"00FK","Derby","E02002801","Derby 006",,,7546,6026,1919,4091,16,1184,1092,92,259,223,0,30,6,77
"E","East Midlands",,,"00FK","Derby","E02002802","Derby 007",,,7595,3661,1080,2564,17,3273,3091,182,406,365,4,34,3,255
"E","East Midlands",,,"00FK","Derby","E02002803","Derby 008",,,4867,2313,718,1450,145,1469,954,515,942,839,11,69,23,143
"E","East Midlands",,,"00FK","Derby","E02002804","Derby 009",,,7421,4782,1868,2901,13,2294,2189,105,165,145,0,13,7,180
"E","East Midlands",,,"00FK","Derby","E02002805","Derby 010",,,5905,5484,2223,3242,19,134,83,51,242,199,0,40,3,45
"E","East Midlands",,,"00FK","Derby","E02002806","Derby 011",,,5279,2461,819,1579,63,1406,858,548,1321,1211,0,94,16,91
"E","East Midlands",,,"00FK","Derby","E02002807","Derby 012",,,8789,6839,2320,4478,41,1560,1490,70,267,216,4,47,0,123
"E","East Midlands",,,"00FK","Derby","E02002808","Derby 013",,,8571,3673,1219,2331,123,2293,851,1442,2410,2241,29,98,42,195
"E","East Midlands",,,"00FK","Derby","E02002809","Derby 014",,,5925,4459,1652,2777,30,1159,1074,85,207,177,6,21,3,100
"E","East Midlands",,,"00FK","Derby","E02002810","Derby 015",,,7570,7301,2778,4518,5,44,25,19,202,169,4,23,6,23
"E","East Midlands",,,"00FK","Derby","E02002811","Derby 016",,,7527,4928,2321,2562,45,1080,428,652,1319,1220,0,91,8,200
"E","East Midlands",,,"00FK","Derby","E02002812","Derby 017",,,5552,4420,1816,2576,28,689,633,56,347,289,32,21,5,96
"E","East Midlands",,,"00FK","Derby","E02002813","Derby 018",,,7460,4122,2333,1762,27,1930,687,1243,1102,968,19,79,36,306
"E","East Midlands",,,"00FK","Derby","E02002814","Derby 019",,,7333,6660,2238,4409,13,309,180,129,300,261,10,25,4,64
"E","East Midlands",,,"00FK","Derby","E02002815","Derby 020",,,5997,4692,2126,2557,9,534,164,370,694,642,0,47,5,77
"E","East Midlands",,,"00FK","Derby","E02002816","Derby 021",,,7563,6577,1677,4727,173,645,53,592,245,215,5,22,3,96
"E","East Midlands",,,"00FK","Derby","E02002817","Derby 022",,,6101,5536,2120,3408,8,327,308,19,184,153,3,23,5,54
"E","East Midlands",,,"00FK","Derby","E02002818","Derby 023",,,5975,3292,1252,2023,17,2031,1710,321,455,405,4,39,7,197
"E","East Midlands",,,"00FK","Derby","E02002819","Derby 024",,,6020,4389,1291,3007,91,972,740,232,578,522,9,41,6,81
"E","East Midlands",,,"00FK","Derby","E02002820","Derby 025",,,9039,5776,1857,3905,14,2353,2128,225,714,633,8,59,14,196
"E","East Midlands",,,"00FK","Derby","E02002821","Derby 026",,,9106,3832,1270,2530,32,4303,3752,551,727,666,5,47,9,244
"E","East Midlands",,,"00FK","Derby","E02002822","Derby 027",,,6372,4946,1754,3077,115,1095,671,424,269,227,3,25,14,62
"E","East Midlands",,,"00FK","Derby","E02002823","Derby 028",,,7656,5458,1936,3514,8,1897,1101,796,212,191,3,13,5,89
"E","East Midlands",,,"00FK","Derby","E02002824","Derby 029",,,9193,5247,1362,3816,69,3314,2430,884,456,427,4,20,5,176
"E","East Midlands",,,"00FK","Derby","E02002825","Derby 030",,,5677,4524,1743,2758,23,840,559,281,204,180,4,20,0,109
"E","East Midlands",,,"00FK","Derby","E02002826","Derby 031",,,6327,5021,1176,3743,102,1068,359,709,158,137,4,14,3,80
"E","East Midlands",,,"00FN","Leicester","E02002827","Leicester 001",,,6126,4045,650,3339,56,1650,1355,295,366,328,0,23,15,65
"E","East Midlands",,,"00FN","Leicester","E02002828","Leicester 002",,,7320,6474,1977,4439,58,221,143,78,574,526,0,36,12,51
"E","East Midlands",,,"00FN","Leicester","E02002829","Leicester 003",,,9258,4446,1282,3137,27,4088,3454,634,609,561,3,38,7,115
"E","East Midlands",,,"00FN","Leicester","E02002830","Leicester 004",,,7438,3207,646,2537,24,3714,2536,1178,405,343,23,16,23,112
"E","East Midlands",,,"00FN","Leicester","E02002831","Leicester 005",,,6246,5228,1712,3494,22,360,272,88,594,541,0,50,3,64
"E","East Midlands",,,"00FN","Leicester","E02002832","Leicester 006",,,7473,5044,2064,2957,23,1415,582,833,890,829,6,43,12,124
"E","East Midlands",,,"00FN","Leicester","E02002833","Leicester 007",,,7187,4672,1790,2857,25,1611,210,1401,768,717,0,38,13,136
"E","East Midlands",,,"00FN","Leicester","E02002834","Leicester 008",,,7716,7045,2643,4336,66,193,121,72,435,364,6,54,11,43
"E","East Midlands",,,"00FN","Leicester","E02002835","Leicester 009",,,5812,5032,1163,3734,135,445,285,160,290,250,7,25,8,45
"E","East Midlands",,,"00FN","Leicester","E02002836","Leicester 010",,,8640,5420,2091,3273,56,2012,1123,889,1096,1013,10,57,16,112
"E","East Midlands",,,"00FN","Leicester","E02002837","Leicester 011",,,6181,2767,808,1920,39,2795,2579,216,551,508,3,31,9,68
"E","East Midlands",,,"00FN","Leicester","E02002838","Leicester 012",,,7268,2897,779,2025,93,4081,3804,277,220,202,3,12,3,70
"E","East Midlands",,,"00FN","Leicester","E02002839","Leicester 013",,,6926,5020,1487,3475,58,1567,1287,280,281,232,0,29,20,58
"E","East Midlands",,,"00FN","Leicester","E02002840","Leicester 014",,,8758,5151,1715,3405,31,3275,3151,124,246,211,10,22,3,86
"E","East Midlands",,,"00FN","Leicester","E02002841","Leicester 015",,,7357,3352,834,2363,155,3616,2945,671,309,275,3,28,3,80
"E","East Midlands",,,"00FN","Leicester","E02002842","Leicester 016",,,6321,3627,991,2604,32,1144,559,585,1477,1393,3,71,10,73
"E","East Midlands",,,"00FN","Leicester","E02002843","Leicester 017",,,10428,6099,3038,3016,45,2294,837,1457,1851,1764,3,69,15,184
"E","East Midlands",,,"00FN","Leicester","E02002844","Leicester 018",,,9106,2961,1603,1327,31,4961,4014,947,984,885,11,28,60,200
"E","East Midlands",,,"00FN","Leicester","E02002845","Leicester 019",,,8819,4862,1510,3249,103,2789,2295,494,1025,767,116,34,108,143
"E","East Midlands",,,"00FN","Leicester","E02002846","Leicester 020",,,7154,6272,2118,4145,9,444,344,100,384,345,0,39,0,54
"E","East Midlands",,,"00FN","Leicester","E02002847","Leicester 021",,,8935,7196,2928,4238,30,551,420,131,1060,965,6,74,15,128
"E","East Midlands",,,"00FN","Leicester","E02002848","Leicester 022",,,9160,4949,2350,2582,17,1942,719,1223,2014,1850,9,116,39,255
"E","East Midlands",,,"00FN","Leicester","E02002849","Leicester 023",,,9171,4537,1528,2959,50,1335,676,659,3145,2992,10,126,17,154
"E","East Midlands",,,"00FN","Leicester","E02002850","Leicester 024",,,5994,1257,528,715,14,2186,586,1600,2402,2293,40,24,45,149
"E","East Midlands",,,"00FN","Leicester","E02002851","Leicester 025",,,6891,6200,2675,3482,43,447,421,26,206,164,0,27,15,38
"E","East Midlands",,,"00FN","Leicester","E02002852","Leicester 026",,,6119,1428,295,1080,53,4458,4130,328,163,150,0,10,3,70
"E","East Midlands",,,"00FN","Leicester","E02002853","Leicester 027",,,10865,7985,3429,4537,19,909,470,439,1817,1703,8,96,10,154
"E","East Midlands",,,"00FN","Leicester","E02002854","Leicester 028",,,7505,3422,779,2550,93,3404,2810,594,597,573,3,21,0,82
"E","East Midlands",,,"00FN","Leicester","E02002855","Leicester 029",,,5687,4199,1415,2760,24,312,229,83,1128,1024,3,94,7,48
"E","East Midlands",,,"00FN","Leicester","E02002856","Leicester 030",,,9334,6219,2269,3916,34,415,215,200,2610,2452,6,144,8,90
"E","East Midlands",,,"00FN","Leicester","E02002857","Leicester 031",,,5565,3804,1007,2775,22,657,388,269,1054,979,8,61,6,50
"E","East Midlands",,,"00FN","Leicester","E02002858","Leicester 032",,,6706,6099,2190,3902,7,110,70,40,469,441,3,16,9,28
"E","East Midlands",,,"00FN","Leicester","E02002859","Leicester 033",,,7029,5266,1815,3409,42,937,657,280,752,700,0,48,4,74
"E","East Midlands",,,"00FN","Leicester","E02002860","Leicester 034",,,7617,5930,1997,3894,39,1092,915,177,508,448,3,57,0,87
"E","East Midlands",,,"00FN","Leicester","E02002861","Leicester 035",,,7306,2311,581,1702,28,4623,4085,538,245,213,6,19,7,127
"E","East Midlands",,,"00FN","Leicester","E02002862","Leicester 036",,,7987,3930,1058,2849,23,3744,3671,73,216,193,3,16,4,97
"E","East Midlands",,,"00FP","Rutland","E02002863","Rutland 001",,,6383,3714,1568,2123,23,779,379,400,1720,622,575,32,491,170
"E","East Midlands",,,"00FP","Rutland","E02002864","Rutland 002",,,5179,4139,1551,2551,37,559,519,40,378,312,14,35,17,103
"E","East Midlands",,,"00FP","Rutland","E02002865","Rutland 003",,,6694,5324,1963,3351,10,728,485,243,466,406,21,30,9,176
"E","East Midlands",,,"00FP","Rutland","E02002866","Rutland 004",,,6610,5162,2011,3128,23,569,483,86,776,520,144,32,80,103
"E","East Midlands",,,"00FP","Rutland","E02002867","Rutland 005",,,6984,5296,2282,2983,31,772,617,155,673,580,29,55,9,243
"E","East Midlands",,,"00FY","Nottingham","E02002868","Nottingham 001",,,6129,4940,1816,3080,44,957,751,206,170,148,0,18,4,62
"E","East Midlands",,,"00FY","Nottingham","E02002869","Nottingham 002",,,7017,3167,899,2249,19,3208,2952,256,432,380,10,32,10,210
"E","East Midlands",,,"00FY","Nottingham","E02002870","Nottingham 003",,,7702,3886,1025,2843,18,3375,3038,337,233,181,8,33,11,208
"E","East Midlands",,,"00FY","Nottingham","E02002871","Nottingham 004",,,7543,5425,1682,3683,60,1419,1095,324,567,514,3,44,6,132
"E","East Midlands",,,"00FY","Nottingham","E02002872","Nottingham 005",,,8535,4253,898,3278,77,3688,3246,442,382,333,8,23,18,212
"E","East Midlands",,,"00FY","Nottingham","E02002873","Nottingham 006",,,7499,3403,1041,2323,39,3573,3423,150,315,287,3,25,0,208
"E","East Midlands",,,"00FY","Nottingham","E02002874","Nottingham 007",,,7098,4297,1313,2951,33,2180,2125,55,466,387,24,49,6,155
"E","East Midlands",,,"00FY","Nottingham","E02002875","Nottingham 008",,,7571,3869,988,2840,41,2882,2308,574,663,608,3,43,9,157
"E","East Midlands",,,"00FY","Nottingham","E02002876","Nottingham 009",,,7293,4751,1195,3484,72,1871,1489,382,541,498,4,32,7,130
"E","East Midlands",,,"00FY","Nottingham","E02002877","Nottingham 010",,,7388,5127,1797,3291,39,732,535,197,1417,1365,14,31,7,112
"E","East Midlands",,,"00FY","Nottingham","E02002878","Nottingham 011",,,7721,2291,589,1674,28,4800,4700,100,390,364,0,23,3,240
"E","East Midlands",,,"00FY","Nottingham","E02002879","Nottingham 012",,,7043,4564,1466,3070,28,1311,501,810,1065,976,0,75,14,103
"E","East Midlands",,,"00FY","Nottingham","E02002880","Nottingham 013",,,7970,2993,712,2262,19,4330,4145,185,333,297,4,29,3,314
"E","East Midlands",,,"00FY","Nottingham","E02002881","Nottingham 014",,,5767,2749,845,1876,28,2699,2194,505,152,123,0,23,6,167
"E","East Midlands",,,"00FY","Nottingham","E02002882","Nottingham 015",,,7380,4081,1505,2542,34,898,558,340,2288,2191,3,69,25,113
"E","East Midlands",,,"00FY","Nottingham","E02002883","Nottingham 016",,,6171,3220,855,2271,94,2194,1047,1147,663,615,0,39,9,94
"E","East Midlands",,,"00FY","Nottingham","E02002884","Nottingham 017",,,5623,2713,991,1696,26,937,370,567,1839,1776,7,42,14,134
"E","East Midlands",,,"00FY","Nottingham","E02002885","Nottingham 018",,,7123,2495,884,1527,84,2364,1447,917,2119,2016,0,74,29,145
"E","East Midlands",,,"00FY","Nottingham","E02002886","Nottingham 019",,,7528,5266,1974,3257,35,1547,1303,244,597,531,7,56,3,118
"E","East Midlands",,,"00FY","Nottingham","E02002887","Nottingham 020",,,5957,2939,1017,1864,58,2527,2339,188,284,250,9,22,3,207
"E","East Midlands",,,"00FY","Nottingham","E02002888","Nottingham 021",,,5981,1998,605,1357,36,3366,3112,254,417,377,0,24,16,200
"E","East Midlands",,,"00FY","Nottingham","E02002889","Nottingham 022",,,5605,866,324,528,14,1957,509,1448,2682,2509,6,24,143,100
"E","East Midlands",,,"00FY","Nottingham","E02002890","Nottingham 023",,,5714,1003,338,628,37,3491,3098,393,1060,1000,13,34,13,160
"E","East Midlands",,,"00FY","Nottingham","E02002891","Nottingham 024",,,7641,5363,1931,3418,14,1731,1619,112,436,386,4,46,0,111
"E","East Midlands",,,"00FY","Nottingham","E02002892","Nottingham 025",,,5817,3136,1029,2101,6,2391,2199,192,138,119,4,11,4,152
"E","East Midlands",,,"00FY","Nottingham","E02002893","Nottingham 026",,,8097,2408,823,1498,87,2872,2093,779,2644,2496,5,103,40,173
"E","East Midlands",,,"00FY","Nottingham","E02002894","Nottingham 027",,,6328,5416,1897,3513,6,418,257,161,418,379,4,19,16,76
"E","East Midlands",,,"00FY","Nottingham","E02002895","Nottingham 028",,,5911,2215,913,1276,26,621,396,225,3019,2950,0,62,7,56
"E","East Midlands",,,"00FY","Nottingham","E02002896","Nottingham 029",,,7593,3241,1028,2167,46,2520,1560,960,1682,1565,10,97,10,150
"E","East Midlands",,,"00FY","Nottingham","E02002897","Nottingham 030",,,7813,6645,2901,3707,37,761,356,405,339,304,10,22,3,68
"E","East Midlands",,,"00FY","Nottingham","E02002898","Nottingham 031",,,9453,2330,970,1300,60,1572,1182,390,5444,5110,38,193,103,107
"E","East Midlands",,,"00FY","Nottingham","E02002899","Nottingham 032",,,5274,2341,1018,1308,15,1680,1495,185,1130,627,56,36,411,123
"E","East Midlands",,,"00FY","Nottingham","E02002900","Nottingham 033",,,8994,3274,1041,2200,33,3707,3101,606,1758,1649,17,66,26,255
"E","East Midlands",,,"00FY","Nottingham","E02002901","Nottingham 034",,,5402,4363,1812,2540,11,727,676,51,268,208,11,34,15,44
"E","East Midlands",,,"00FY","Nottingham","E02002902","Nottingham 035",,,8175,5163,1728,3410,25,2482,2387,95,382,356,3,23,0,148
"E","East Midlands",,,"00FY","Nottingham","E02002903","Nottingham 036",,,5931,3525,921,2571,33,2014,1678,336,248,218,0,26,4,144
"E","East Midlands",,,"00FY","Nottingham","E02002904","Nottingham 037",,,6218,3969,1285,2669,15,1935,1893,42,204,179,0,22,3,110
"E","East Midlands","17","Derbyshire","17UB","Amber Valley","E02004029","Amber Valley 001",,,6285,4378,1651,2705,22,1376,1036,340,414,351,10,41,12,117
"E","East Midlands","17","Derbyshire","17UB","Amber Valley","E02004030","Amber Valley 002",,,5524,4515,2106,2390,19,595,542,53,324,265,8,31,20,90
"E","East Midlands","17","Derbyshire","17UB","Amber Valley","E02004031","Amber Valley 003",,,7070,3629,1240,2377,12,2780,2057,723,429,358,5,52,14,232
"E","East Midlands","17","Derbyshire","17UB","Amber Valley","E02004032","Amber Valley 004",,,8108,7352,2664,4647,41,349,309,40,291,236,3,41,11,116
"E","East Midlands","17","Derbyshire","17UB","Amber Valley","E02004033","Amber Valley 005",,,8247,6797,2421,4352,24,635,553,82,690,625,11,44,10,125
"E","East Midlands","17","Derbyshire","17UB","Amber Valley","E02004034","Amber Valley 006",,,7236,6478,2618,3824,36,387,323,64,269,213,5,34,17,102
"E","East Midlands","17","Derbyshire","17UB","Amber Valley","E02004035","Amber Valley 007",,,6126,5259,2406,2838,15,393,363,30,366,294,28,25,19,108
"E","East Midlands","17","Derbyshire","17UB","Amber Valley","E02004036","Amber Valley 008",,,9668,7145,2731,4371,43,1939,1683,256,411,324,6,49,32,173
"E","East Midlands","17","Derbyshire","17UB","Amber Valley","E02004037","Amber Valley 009",,,7745,7071,2217,4795,59,350,151,199,270,252,0,18,0,54
"E","East Midlands","17","Derbyshire","17UB","Amber Valley","E02004038","Amber Valley 010",,,6450,4994,1811,3156,27,660,548,112,667,568,18,49,32,129
"E","East Midlands","17","Derbyshire","17UB","Amber Valley","E02004039","Amber Valley 011",,,7454,6540,2222,4297,21,453,416,37,376,308,0,54,14,85
"E","East Midlands","17","Derbyshire","17UB","Amber Valley","E02004040","Amber Valley 012",,,7903,6752,2502,4232,18,557,473,84,502,442,3,44,13,92
"E","East Midlands","17","Derbyshire","17UB","Amber Valley","E02004041","Amber Valley 013",,,6324,5463,1870,3588,5,511,438,73,295,240,0,47,8,55
"E","East Midlands","17","Derbyshire","17UB","Amber Valley","E02004042","Amber Valley 014",,,7256,4502,1659,2802,41,2082,1674,408,474,409,21,39,5,198
"E","East Midlands","17","Derbyshire","17UB","Amber Valley","E02004043","Amber Valley 015",,,6877,5556,2144,3387,25,996,764,232,225,187,7,23,8,100
"E","East Midlands","17","Derbyshire","17UB","Amber Valley","E02004044","Amber Valley 016",,,6986,5911,2631,3249,31,350,305,45,601,530,20,37,14,124
"E","East Midlands","17","Derbyshire","17UC","Bolsover","E02004045","Bolsover 001",,,8681,7290,2381,4897,12,749,680,69,532,480,8,30,14,110
"E","East Midlands","17","Derbyshire","17UC","Bolsover","E02004046","Bolsover 002",,,6009,4258,1546,2700,12,1377,1266,111,287,237,9,26,15,87
"E","East Midlands","17","Derbyshire","17UC","Bolsover","E02004047","Bolsover 003",,,4920,2816,1113,1700,3,1220,953,267,779,714,7,58,0,105
"E","East Midlands","17","Derbyshire","17UC","Bolsover","E02004048","Bolsover 004",,,6320,4174,1751,2407,16,1317,1190,127,711,641,0,52,18,118
"E","East Midlands","17","Derbyshire","17UC","Bolsover","E02004049","Bolsover 005",,,7631,6063,2299,3750,14,1278,1193,85,215,190,8,12,5,75
"E","East Midlands","17","Derbyshire","17UC","Bolsover","E02004050","Bolsover 006",,,6483,3729,1636,2057,36,2290,1988,302,271,221,3,33,14,193
"E","East Midlands","17","Derbyshire","17UC","Bolsover","E02004051","Bolsover 007",,,8564,5618,2344,3251,23,1542,1171,371,1259,1157,13,68,21,145
"E","East Midlands","17","Derbyshire","17UC","Bolsover","E02004052","Bolsover 008",,,7326,5462,2095,3359,8,1306,1250,56,416,342,20,29,25,142
"E","East Midlands","17","Derbyshire","17UC","Bolsover","E02004053","Bolsover 009",,,6892,4725,1635,3086,4,1601,1392,209,470,412,7,47,4,96
"E","East Midlands","17","Derbyshire","17UC","Bolsover","E02004054","Bolsover 010",,,8108,6821,2184,4612,25,794,711,83,404,359,3,28,14,89
"E","East Midlands","17","Derbyshire","17UD","Chesterfield","E02004055","Chesterfield 001",,,6956,4744,1761,2954,29,1749,1528,221,386,351,0,29,6,77
"E","East Midlands","17","Derbyshire","17UD","Chesterfield","E02004056","Chesterfield 002",,,7129,3227,1261,1940,26,3616,3556,60,230,193,3,26,8,56
"E","East Midlands","17","Derbyshire","17UD","Chesterfield","E02004057","Chesterfield 003",,,7115,4925,1465,3406,54,1442,1077,365,679,612,10,49,8,69
"E","East Midlands","17","Derbyshire","17UD","Chesterfield","E02004058","Chesterfield 004",,,7488,3856,1443,2391,22,3272,3213,59,254,215,3,23,13,106
"E","East Midlands","17","Derbyshire","17UD","Chesterfield","E02004059","Chesterfield 005",,,7099,5663,2032,3605,26,1190,1108,82,185,138,3,32,12,61
"E","East Midlands","17","Derbyshire","17UD","Chesterfield","E02004060","Chesterfield 006",,,7091,4663,1855,2785,23,2167,1837,330,208,160,5,33,10,53
"E","East Midlands","17","Derbyshire","17UD","Chesterfield","E02004061","Chesterfield 007",,,7152,4962,1906,3038,18,1683,1555,128,428,381,7,34,6,79
"E","East Midlands","17","Derbyshire","17UD","Chesterfield","E02004062","Chesterfield 008",,,7896,5759,1388,4314,57,1960,1822,138,122,107,0,15,0,55
"E","East Midlands","17","Derbyshire","17UD","Chesterfield","E02004063","Chesterfield 009",,,7889,6711,2729,3958,24,697,620,77,414,360,5,43,6,67
"E","East Midlands","17","Derbyshire","17UD","Chesterfield","E02004064","Chesterfield 010",,,6937,4153,1412,2724,17,1499,1242,257,1165,1041,14,87,23,120
"E","East Midlands","17","Derbyshire","17UD","Chesterfield","E02004065","Chesterfield 011",,,8517,8153,3154,4991,8,132,111,21,186,160,0,20,6,46
"E","East Midlands","17","Derbyshire","17UD","Chesterfield","E02004066","Chesterfield 012",,,10315,8402,2960,5353,89,1150,766,384,697,623,3,58,13,66
"E","East Midlands","17","Derbyshire","17UD","Chesterfield","E02004067","Chesterfield 013",,,6130,2741,1052,1672,17,3133,3008,125,187,164,3,16,4,69
"E","East Midlands","17","Derbyshire","17UF","Derbyshire Dales","E02004068","Derbyshire Dales 001",,,7366,5894,2661,3166,67,774,605,169,575,457,23,82,13,123
"E","East Midlands","17","Derbyshire","17UF","Derbyshire Dales","E02004069","Derbyshire Dales 002",,,6735,5055,2633,2406,16,422,378,44,757,598,60,65,34,501
"E","East Midlands","17","Derbyshire","17UF","Derbyshire Dales","E02004070","Derbyshire Dales 003",,,6228,4756,2271,2455,30,796,677,119,533,417,18,76,22,143
"E","East Midlands","17","Derbyshire","17UF","Derbyshire Dales","E02004071","Derbyshire Dales 004",,,5150,3999,1695,2289,15,691,615,76,362,301,23,28,10,98
"E","East Midlands","17","Derbyshire","17UF","Derbyshire Dales","E02004072","Derbyshire Dales 005",,,8131,7079,2883,4179,17,411,339,72,532,455,17,42,18,109
"E","East Midlands","17","Derbyshire","17UF","Derbyshire Dales","E02004073","Derbyshire Dales 006",,,9011,6601,2922,3636,43,1735,1544,191,591,504,8,59,20,84
"E","East Midlands","17","Derbyshire","17UF","Derbyshire Dales","E02004074","Derbyshire Dales 007",,,5688,4453,1912,2505,36,858,770,88,318,241,6,59,12,59
"E","East Midlands","17","Derbyshire","17UF","Derbyshire Dales","E02004075","Derbyshire Dales 008",,,7254,5803,2735,3051,17,468,382,86,773,676,20,45,32,210
"E","East Midlands","17","Derbyshire","17UF","Derbyshire Dales","E02004076","Derbyshire Dales 009",,,5610,4127,1458,2613,56,1192,1074,118,245,200,9,29,7,46
"E","East Midlands","17","Derbyshire","17UF","Derbyshire Dales","E02004077","Derbyshire Dales 010",,,6735,5376,2435,2926,15,221,172,49,933,817,24,63,29,205
"E","East Midlands","17","Derbyshire","17UG","Erewash","E02004078","Erewash 001",,,6960,3925,1322,2579,24,2533,2389,144,413,345,0,59,9,89
"E","East Midlands","17","Derbyshire","17UG","Erewash","E02004079","Erewash 002",,,6830,6106,1244,4821,41,446,402,44,251,215,4,19,13,27
"E","East Midlands","17","Derbyshire","17UG","Erewash","E02004080","Erewash 003",,,8537,6568,2455,4104,9,823,602,221,1047,959,3,63,22,99
"E","East Midlands","17","Derbyshire","17UG","Erewash","E02004081","Erewash 004",,,5793,4912,1930,2979,3,538,412,126,264,227,6,28,3,79
"E","East Midlands","17","Derbyshire","17UG","Erewash","E02004082","Erewash 005",,,6278,5973,2039,3924,10,102,84,18,168,146,0,15,7,35
"E","East Midlands","17","Derbyshire","17UG","Erewash","E02004083","Erewash 006",,,7299,6145,2062,4040,43,656,543,113,461,381,6,62,12,37
"E","East Midlands","17","Derbyshire","17UG","Erewash","E02004084","Erewash 007",,,6341,4221,1507,2684,30,1823,1644,179,236,216,4,16,0,61
"E","East Midlands","17","Derbyshire","17UG","Erewash","E02004085","Erewash 008",,,8251,6689,2312,4349,28,1169,859,310,301,262,8,28,3,92
"E","East Midlands","17","Derbyshire","17UG","Erewash","E02004086","Erewash 009",,,7224,6041,2201,3820,20,815,773,42,323,282,7,18,16,45
"E","East Midlands","17","Derbyshire","17UG","Erewash","E02004087","Erewash 010",,,7886,5965,1843,4038,84,1275,970,305,566,521,3,37,5,80
"E","East Midlands","17","Derbyshire","17UG","Erewash","E02004088","Erewash 011",,,7396,6989,2177,4783,29,84,35,49,245,206,8,28,3,78
"E","East Midlands","17","Derbyshire","17UG","Erewash","E02004089","Erewash 012",,,6361,4434,1158,3222,54,913,697,216,927,847,11,52,17,87
"E","East Midlands","17","Derbyshire","17UG","Erewash","E02004090","Erewash 013",,,5780,4834,1777,3028,29,617,590,27,281,231,21,22,7,48
"E","East Midlands","17","Derbyshire","17UG","Erewash","E02004091","Erewash 014",,,8955,8149,2492,5635,22,307,213,94,442,401,5,27,9,57
"E","East Midlands","17","Derbyshire","17UG","Erewash","E02004092","Erewash 015",,,9139,7207,2277,4868,62,1508,1283,225,350,291,4,43,12,74
"E","East Midlands","17","Derbyshire","17UH","High Peak","E02004093","High Peak 001",,,6325,5005,1286,3647,72,849,530,319,394,320,8,34,32,77
"E","East Midlands","17","Derbyshire","17UH","High Peak","E02004094","High Peak 002",,,7435,4537,1238,3276,23,2499,2400,99,226,202,0,18,6,173
"E","East Midlands","17","Derbyshire","17UH","High Peak","E02004095","High Peak 003",,,9022,6743,1971,4727,45,1346,1177,169,783,689,18,56,20,150
"E","East Midlands","17","Derbyshire","17UH","High Peak","E02004096","High Peak 004",,,9339,8809,2680,6118,11,190,177,13,263,208,6,23,26,77
"E","East Midlands","17","Derbyshire","17UH","High Peak","E02004097","High Peak 005",,,7737,6946,2301,4626,19,190,160,30,549,459,5,56,29,52
"E","East Midlands","17","Derbyshire","17UH","High Peak","E02004098","High Peak 006",,,7599,5594,1855,3617,122,1470,1164,306,392,322,0,56,14,143
"E","East Midlands","17","Derbyshire","17UH","High Peak","E02004099","High Peak 007",,,4978,3929,1790,2105,34,487,356,131,430,329,18,38,45,132
"E","East Midlands","17","Derbyshire","17UH","High Peak","E02004100","High Peak 008",,,7191,6270,2424,3797,49,407,391,16,428,338,9,57,24,86
"E","East Midlands","17","Derbyshire","17UH","High Peak","E02004101","High Peak 009",,,7473,6413,2182,4130,101,634,585,49,341,271,5,48,17,85
"E","East Midlands","17","Derbyshire","17UH","High Peak","E02004102","High Peak 010",,,7806,5928,2398,3483,47,674,326,348,1092,1005,14,62,11,112
"E","East Midlands","17","Derbyshire","17UH","High Peak","E02004103","High Peak 011",,,7027,4742,1397,3301,44,1852,1509,343,324,275,0,37,12,109
"E","East Midlands","17","Derbyshire","17UH","High Peak","E02004104","High Peak 012",,,6684,6050,2160,3864,26,232,203,29,350,257,17,62,14,52
"E","East Midlands","17","Derbyshire","17UJ","North East Derbyshire","E02004105","North East Derbyshire 001",,,9567,7266,1750,5483,33,1939,1920,19,318,242,6,43,27,44
"E","East Midlands","17","Derbyshire","17UJ","North East Derbyshire","E02004106","North East Derbyshire 002",,,7132,6335,2596,3730,9,511,491,20,235,178,8,34,15,51
"E","East Midlands","17","Derbyshire","17UJ","North East Derbyshire","E02004107","North East Derbyshire 003",,,7143,3914,1420,2446,48,2867,2710,157,270,184,34,41,11,92
"E","East Midlands","17","Derbyshire","17UJ","North East Derbyshire","E02004108","North East Derbyshire 004",,,7051,4800,1854,2918,28,1934,1638,296,257,206,3,28,20,60
"E","East Midlands","17","Derbyshire","17UJ","North East Derbyshire","E02004109","North East Derbyshire 005",,,6977,6245,2676,3558,11,479,471,8,178,143,5,21,9,75
"E","East Midlands","17","Derbyshire","17UJ","North East Derbyshire","E02004110","North East Derbyshire 006",,,7514,7084,2326,4739,19,250,231,19,146,110,8,28,0,34
"E","East Midlands","17","Derbyshire","17UJ","North East Derbyshire","E02004111","North East Derbyshire 007",,,5299,4224,1837,2373,14,879,648,231,140,113,4,16,7,56
"E","East Midlands","17","Derbyshire","17UJ","North East Derbyshire","E02004112","North East Derbyshire 008",,,6516,5859,2762,3092,5,377,368,9,228,181,0,35,12,52
"E","East Midlands","17","Derbyshire","17UJ","North East Derbyshire","E02004113","North East Derbyshire 009",,,8902,4297,1637,2642,18,4155,4070,85,335,298,6,24,7,115
"E","East Midlands","17","Derbyshire","17UJ","North East Derbyshire","E02004114","North East Derbyshire 010",,,7166,6244,2785,3428,31,607,602,5,220,186,6,24,4,95
"E","East Midlands","17","Derbyshire","17UJ","North East Derbyshire","E02004115","North East Derbyshire 011",,,8408,6661,2336,4315,10,1331,1320,11,335,294,0,33,8,81
"E","East Midlands","17","Derbyshire","17UJ","North East Derbyshire","E02004116","North East Derbyshire 012",,,7113,3926,1454,2449,23,2769,2718,51,328,270,13,30,15,90
"E","East Midlands","17","Derbyshire","17UJ","North East Derbyshire","E02004117","North East Derbyshire 013",,,7227,4864,2106,2736,22,2011,1956,55,257,215,12,19,11,95
"E","East Midlands","17","Derbyshire","17UK","South Derbyshire","E02004118","South Derbyshire 001",,,5853,4941,1623,3311,7,333,315,18,447,394,11,30,12,132
"E","East Midlands","17","Derbyshire","17UK","South Derbyshire","E02004119","South Derbyshire 002",,,6744,6044,1935,4100,9,441,414,27,193,164,0,21,8,66
"E","East Midlands","17","Derbyshire","17UK","South Derbyshire","E02004120","South Derbyshire 003",,,7310,6643,1774,4859,10,307,258,49,302,251,0,47,4,58
"E","East Midlands","17","Derbyshire","17UK","South Derbyshire","E02004121","South Derbyshire 004",,,6025,5577,1679,3876,22,229,201,28,181,132,10,25,14,38
"E","East Midlands","17","Derbyshire","17UK","South Derbyshire","E02004122","South Derbyshire 005",,,5491,4705,1827,2862,16,244,227,17,376,207,118,25,26,166
"E","East Midlands","17","Derbyshire","17UK","South Derbyshire","E02004123","South Derbyshire 006",,,6053,4728,1800,2919,9,538,413,125,655,574,17,53,11,132
"E","East Midlands","17","Derbyshire","17UK","South Derbyshire","E02004124","South Derbyshire 007",,,7408,5383,1998,3377,8,1616,1518,98,283,268,0,10,5,126
"E","East Midlands","17","Derbyshire","17UK","South Derbyshire","E02004125","South Derbyshire 008",,,8266,6455,1870,4551,34,1171,922,249,518,463,4,43,8,122
"E","East Midlands","17","Derbyshire","17UK","South Derbyshire","E02004126","South Derbyshire 009",,,6485,5287,1594,3648,45,721,655,66,357,316,3,28,10,120
"E","East Midlands","17","Derbyshire","17UK","South Derbyshire","E02004127","South Derbyshire 010",,,11210,8530,2545,5961,24,1721,1258,463,840,746,10,62,22,119
"E","East Midlands","17","Derbyshire","17UK","South Derbyshire","E02004128","South Derbyshire 011",,,9351,7546,2980,4551,15,1178,1023,155,455,398,17,32,8,172
"E","East Midlands","31","Leicestershire","31UB","Blaby","E02005333","Blaby 001",,,9706,8931,3353,5538,40,487,402,85,235,209,3,19,4,53
"E","East Midlands","31","Leicestershire","31UB","Blaby","E02005334","Blaby 002",,,5366,5165,1552,3585,28,29,11,18,151,134,0,17,0,21
"E","East Midlands","31","Leicestershire","31UB","Blaby","E02005335","Blaby 003",,,6563,5983,2289,3686,8,274,267,7,254,215,6,33,0,52
"E","East Midlands","31","Leicestershire","31UB","Blaby","E02005336","Blaby 004",,,5571,4873,1118,3739,16,436,400,36,228,199,4,20,5,34
"E","East Midlands","31","Leicestershire","31UB","Blaby","E02005337","Blaby 005",,,9399,8615,3015,5567,33,289,203,86,453,386,3,59,5,42
"E","East Midlands","31","Leicestershire","31UB","Blaby","E02005338","Blaby 006",,,8781,7623,2344,5239,40,746,587,159,354,313,0,30,11,58
"E","East Midlands","31","Leicestershire","31UB","Blaby","E02005339","Blaby 007",,,8319,7604,1835,5745,24,397,324,73,257,220,10,24,3,61
"E","East Midlands","31","Leicestershire","31UB","Blaby","E02005340","Blaby 008",,,8220,7182,2349,4733,100,723,539,184,282,243,4,30,5,33
"E","East Midlands","31","Leicestershire","31UB","Blaby","E02005341","Blaby 009",,,6368,5663,1148,4495,20,481,315,166,190,148,6,28,8,34
"E","East Midlands","31","Leicestershire","31UB","Blaby","E02005342","Blaby 010",,,7004,6006,1893,4042,71,710,585,125,246,184,25,28,9,42
"E","East Midlands","31","Leicestershire","31UB","Blaby","E02005343","Blaby 011",,,6625,5985,1854,4084,47,399,336,63,198,171,0,21,6,43
"E","East Midlands","31","Leicestershire","31UB","Blaby","E02005344","Blaby 012",,,7079,6163,1970,4174,19,670,572,98,197,151,11,30,5,49
"E","East Midlands","31","Leicestershire","31UC","Charnwood","E02005345","Charnwood 001",,,5717,4711,1432,3230,49,529,193,336,411,369,0,31,11,66
"E","East Midlands","31","Leicestershire","31UC","Charnwood","E02005346","Charnwood 002",,,9449,5396,1659,3701,36,2171,1229,942,1646,1517,20,85,24,236
"E","East Midlands","31","Leicestershire","31UC","Charnwood","E02005347","Charnwood 003",,,7473,3285,1249,2001,35,1281,1026,255,2736,2630,13,58,35,171
"E","East Midlands","31","Leicestershire","31UC","Charnwood","E02005348","Charnwood 004",,,6032,4964,1351,3587,26,534,359,175,468,432,8,21,7,66
"E","East Midlands","31","Leicestershire","31UC","Charnwood","E02005349","Charnwood 005",,,6355,5436,1803,3610,23,598,523,75,260,218,10,26,6,61
"E","East Midlands","31","Leicestershire","31UC","Charnwood","E02005350","Charnwood 006",,,6375,5342,1399,3874,69,628,453,175,332,303,5,14,10,73
"E","East Midlands","31","Leicestershire","31UC","Charnwood","E02005351","Charnwood 007",,,6070,3836,1307,2475,54,1307,1182,125,787,660,34,51,42,140
"E","East Midlands","31","Leicestershire","31UC","Charnwood","E02005352","Charnwood 008",,,5457,4826,1946,2872,8,233,203,30,293,256,5,18,14,105
"E","East Midlands","31","Leicestershire","31UC","Charnwood","E02005353","Charnwood 009",,,8374,5183,1679,3472,32,2353,2125,228,674,623,13,35,3,164
"E","East Midlands","31","Leicestershire","31UC","Charnwood","E02005354","Charnwood 010",,,8305,7760,2938,4764,58,112,20,92,388,343,5,31,9,45
"E","East Midlands","31","Leicestershire","31UC","Charnwood","E02005355","Charnwood 011",,,5595,4812,1530,3259,23,439,433,6,294,262,3,21,8,50
"E","East Midlands","31","Leicestershire","31UC","Charnwood","E02005356","Charnwood 012",,,5864,5111,1758,3332,21,278,227,51,401,339,18,37,7,74
"E","East Midlands","31","Leicestershire","31UC","Charnwood","E02005357","Charnwood 013",,,6292,5235,1546,3665,24,704,683,21,283,247,14,22,0,70
"E","East Midlands","31","Leicestershire","31UC","Charnwood","E02005358","Charnwood 014",,,9575,7836,2241,5543,52,1275,1157,118,361,314,0,30,17,103
"E","East Midlands","31","Leicestershire","31UC","Charnwood","E02005359","Charnwood 015",,,5698,5169,1800,3332,37,139,136,3,300,283,3,11,3,90
"E","East Midlands","31","Leicestershire","31UC","Charnwood","E02005360","Charnwood 016",,,5906,5099,2326,2757,16,320,306,14,369,261,52,20,36,118
"E","East Midlands","31","Leicestershire","31UC","Charnwood","E02005361","Charnwood 017",,,5710,4877,1295,3531,51,388,224,164,384,336,0,42,6,61
"E","East Midlands","31","Leicestershire","31UC","Charnwood","E02005362","Charnwood 018",,,5789,5063,1661,3376,26,503,361,142,163,141,3,16,3,60
"E","East Midlands","31","Leicestershire","31UC","Charnwood","E02005363","Charnwood 019",,,6475,6113,2467,3628,18,155,148,7,152,131,3,18,0,55
"E","East Midlands","31","Leicestershire","31UC","Charnwood","E02005364","Charnwood 020",,,5125,4590,1394,3192,4,264,223,41,216,193,0,20,3,55
"E","East Midlands","31","Leicestershire","31UC","Charnwood","E02005365","Charnwood 021",,,8892,7685,2692,4973,20,669,509,160,475,417,8,43,7,63
"E","East Midlands","31","Leicestershire","31UC","Charnwood","E02005366","Charnwood 022",,,5820,4805,1635,3158,12,667,630,37,258,229,0,25,4,90
"E","East Midlands","31","Leicestershire","31UD","Harborough","E02005367","Harborough 001",,,6269,5885,2242,3609,34,149,113,36,165,149,3,6,7,70
"E","East Midlands","31","Leicestershire","31UD","Harborough","E02005368","Harborough 002",,,5358,4310,1885,2410,15,305,242,63,554,463,37,35,19,189
"E","East Midlands","31","Leicestershire","31UD","Harborough","E02005369","Harborough 003",,,8559,7346,2686,4645,15,679,496,183,420,367,6,27,20,114
"E","East Midlands","31","Leicestershire","31UD","Harborough","E02005370","Harborough 004",,,8274,7668,1586,6024,58,317,197,120,241,211,0,27,3,48
"E","East Midlands","31","Leicestershire","31UD","Harborough","E02005371","Harborough 005",,,9030,7841,2491,5313,37,591,510,81,462,373,24,43,22,136
"E","East Midlands","31","Leicestershire","31UD","Harborough","E02005372","Harborough 006",,,8673,7448,2901,4535,12,602,522,80,492,405,11,56,20,131
"E","East Midlands","31","Leicestershire","31UD","Harborough","E02005373","Harborough 007",,,8633,7990,2760,5192,38,257,188,69,315,260,15,32,8,71
"E","East Midlands","31","Leicestershire","31UD","Harborough","E02005374","Harborough 008",,,5770,3938,1304,2499,135,1402,1159,243,332,292,10,27,3,98
"E","East Midlands","31","Leicestershire","31UD","Harborough","E02005375","Harborough 009",,,6496,5900,1609,4225,66,183,153,30,367,337,3,27,0,46
"E","East Midlands","31","Leicestershire","31UD","Harborough","E02005376","Harborough 010",,,8245,6912,2110,4718,84,964,806,158,300,235,7,46,12,69
"E","East Midlands","31","Leicestershire","31UE","Hinckley and Bosworth","E02005377","Hinckley and Bosworth 001",,,7436,6351,2353,3973,25,700,554,146,296,230,16,39,11,89
"E","East Midlands","31","Leicestershire","31UE","Hinckley and Bosworth","E02005378","Hinckley and Bosworth 002",,,5069,4704,1387,3313,4,199,115,84,142,109,0,30,3,24
"E","East Midlands","31","Leicestershire","31UE","Hinckley and Bosworth","E02005379","Hinckley and Bosworth 003",,,5534,4883,1560,3315,8,399,291,108,217,179,4,23,11,35
"E","East Midlands","31","Leicestershire","31UE","Hinckley and Bosworth","E02005380","Hinckley and Bosworth 004",,,8007,6700,2559,4123,18,643,438,205,541,379,58,36,68,123
"E","East Midlands","31","Leicestershire","31UE","Hinckley and Bosworth","E02005381","Hinckley and Bosworth 005",,,7867,6656,2515,4132,9,900,757,143,220,168,4,27,21,91
"E","East Midlands","31","Leicestershire","31UE","Hinckley and Bosworth","E02005382","Hinckley and Bosworth 006",,,8975,6946,2411,4489,46,1460,1115,345,488,388,4,83,13,81
"E","East Midlands","31","Leicestershire","31UE","Hinckley and Bosworth","E02005383","Hinckley and Bosworth 007",,,8735,7056,1929,5093,34,1252,805,447,357,314,7,36,0,70
"E","East Midlands","31","Leicestershire","31UE","Hinckley and Bosworth","E02005384","Hinckley and Bosworth 008",,,6328,5506,1938,3560,8,339,235,104,406,352,9,21,24,77
"E","East Midlands","31","Leicestershire","31UE","Hinckley and Bosworth","E02005385","Hinckley and Bosworth 009",,,6110,5862,1871,3974,17,61,39,22,167,141,0,21,5,20
"E","East Midlands","31","Leicestershire","31UE","Hinckley and Bosworth","E02005386","Hinckley and Bosworth 010",,,7821,6111,2073,4029,9,874,639,235,731,668,5,44,14,105
"E","East Midlands","31","Leicestershire","31UE","Hinckley and Bosworth","E02005387","Hinckley and Bosworth 011",,,7612,6529,1702,4767,60,764,482,282,281,241,0,36,4,38
"E","East Midlands","31","Leicestershire","31UE","Hinckley and Bosworth","E02005388","Hinckley and Bosworth 012",,,5672,4599,1560,3023,16,694,456,238,342,316,4,16,6,37
"E","East Midlands","31","Leicestershire","31UE","Hinckley and Bosworth","E02005389","Hinckley and Bosworth 013",,,5773,4446,1772,2664,10,1130,966,164,116,97,4,15,0,81
"E","East Midlands","31","Leicestershire","31UE","Hinckley and Bosworth","E02005390","Hinckley and Bosworth 014",,,8513,7967,2673,5285,9,219,131,88,284,235,3,34,12,43
"E","East Midlands","31","Leicestershire","31UG","Melton","E02005391","Melton 001",,,9023,7100,2570,4472,58,767,681,86,903,790,31,52,30,253
"E","East Midlands","31","Leicestershire","31UG","Melton","E02005392","Melton 002",,,8245,7543,2557,4973,13,212,118,94,445,355,41,29,20,45
"E","East Midlands","31","Leicestershire","31UG","Melton","E02005393","Melton 003",,,6709,5402,1935,3453,14,656,554,102,505,381,49,36,39,146
"E","East Midlands","31","Leicestershire","31UG","Melton","E02005394","Melton 004",,,8212,5844,1641,4120,83,1796,1449,347,490,349,51,58,32,82
"E","East Midlands","31","Leicestershire","31UG","Melton","E02005395","Melton 005",,,8820,6937,2230,4695,12,1162,1071,91,607,522,17,51,17,114
"E","East Midlands","31","Leicestershire","31UG","Melton","E02005396","Melton 006",,,6397,4706,1873,2819,14,427,329,98,998,881,48,41,28,266
"E","East Midlands","31","Leicestershire","31UH","North West Leicestershire","E02005397","North West Leicestershire 001",,,7550,5907,1908,3960,39,944,866,78,588,512,24,43,9,111
"E","East Midlands","31","Leicestershire","31UH","North West Leicestershire","E02005398","North West Leicestershire 002",,,5596,4420,1628,2771,21,563,517,46,518,493,3,12,10,95
"E","East Midlands","31","Leicestershire","31UH","North West Leicestershire","E02005399","North West Leicestershire 003",,,5640,4613,1417,3154,42,622,221,401,340,312,4,17,7,65
"E","East Midlands","31","Leicestershire","31UH","North West Leicestershire","E02005400","North West Leicestershire 004",,,5428,4479,1817,2623,39,730,676,54,147,104,10,23,10,72
"E","East Midlands","31","Leicestershire","31UH","North West Leicestershire","E02005401","North West Leicestershire 005",,,5240,4310,1794,2506,10,609,573,36,221,174,3,26,18,100
"E","East Midlands","31","Leicestershire","31UH","North West Leicestershire","E02005402","North West Leicestershire 006",,,5769,4594,1653,2881,60,978,902,76,123,109,7,4,3,74
"E","East Midlands","31","Leicestershire","31UH","North West Leicestershire","E02005403","North West Leicestershire 007",,,6481,5575,2099,3456,20,646,582,64,189,162,3,19,5,71
"E","East Midlands","31","Leicestershire","31UH","North West Leicestershire","E02005404","North West Leicestershire 008",,,6993,5321,1791,3523,7,1394,1227,167,211,167,0,37,7,67
"E","East Midlands","31","Leicestershire","31UH","North West Leicestershire","E02005405","North West Leicestershire 009",,,6777,3894,1464,2407,23,2587,1852,735,170,153,0,11,6,126
"E","East Midlands","31","Leicestershire","31UH","North West Leicestershire","E02005406","North West Leicestershire 010",,,5819,4490,1539,2896,55,845,447,398,419,374,7,28,10,65
"E","East Midlands","31","Leicestershire","31UH","North West Leicestershire","E02005407","North West Leicestershire 011",,,7308,6625,1856,4727,42,353,196,157,270,221,7,32,10,60
"E","East Midlands","31","Leicestershire","31UH","North West Leicestershire","E02005408","North West Leicestershire 012",,,6928,5368,1902,3462,4,1220,1098,122,242,177,24,25,16,98
"E","East Midlands","31","Leicestershire","31UH","North West Leicestershire","E02005409","North West Leicestershire 013",,,9309,7491,2516,4950,25,1252,1119,133,441,382,12,30,17,125
"E","East Midlands","31","Leicestershire","31UJ","Oadby and Wigston","E02005410","Oadby and Wigston 001",,,5900,5468,2332,3125,11,124,56,68,275,237,11,8,19,33
"E","East Midlands","31","Leicestershire","31UJ","Oadby and Wigston","E02005411","Oadby and Wigston 002",,,7299,6889,1939,4924,26,131,127,4,241,218,7,13,3,38
"E","East Midlands","31","Leicestershire","31UJ","Oadby and Wigston","E02005412","Oadby and Wigston 003",,,7802,6789,2717,4039,33,539,430,109,363,280,13,61,9,111
"E","East Midlands","31","Leicestershire","31UJ","Oadby and Wigston","E02005413","Oadby and Wigston 004",,,8197,7656,3022,4628,6,197,188,9,300,265,3,32,0,44
"E","East Midlands","31","Leicestershire","31UJ","Oadby and Wigston","E02005414","Oadby and Wigston 005",,,7535,5410,1707,3681,22,1680,1463,217,319,287,5,17,10,126
"E","East Midlands","31","Leicestershire","31UJ","Oadby and Wigston","E02005415","Oadby and Wigston 006",,,7381,5696,1873,3738,85,839,468,371,767,647,31,47,42,79
"E","East Midlands","31","Leicestershire","31UJ","Oadby and Wigston","E02005416","Oadby and Wigston 007",,,9662,9195,2851,6227,117,169,136,33,247,211,0,30,6,51
"E","East Midlands","32","Lincolnshire","32UB","Boston","E02005417","Boston 001",,,6708,5131,2283,2832,16,1093,484,609,342,188,71,49,34,142
"E","East Midlands","32","Lincolnshire","32UB","Boston","E02005418","Boston 002",,,8405,4421,1440,2857,124,3129,1941,1188,659,585,11,52,11,196
"E","East Midlands","32","Lincolnshire","32UB","Boston","E02005419","Boston 003",,,6028,4114,1732,2323,59,701,278,423,1083,922,61,57,43,130
"E","East Midlands","32","Lincolnshire","32UB","Boston","E02005420","Boston 004",,,7597,5167,1619,3378,170,1988,1043,945,300,255,4,32,9,142
"E","East Midlands","32","Lincolnshire","32UB","Boston","E02005421","Boston 005",,,12874,11744,4877,6780,87,560,236,324,445,320,51,55,19,125
"E","East Midlands","32","Lincolnshire","32UB","Boston","E02005422","Boston 006",,,5306,3991,1621,2340,30,834,465,369,369,296,34,17,22,112
"E","East Midlands","32","Lincolnshire","32UB","Boston","E02005423","Boston 007",,,7843,5264,2045,3148,71,2020,1017,1003,425,311,62,35,17,134
"E","East Midlands","32","Lincolnshire","32UC","East Lindsey","E02005424","East Lindsey 001",,,10197,8871,3278,5547,46,467,194,273,695,574,32,62,27,164
"E","East Midlands","32","Lincolnshire","32UC","East Lindsey","E02005425","East Lindsey 002",,,6182,5281,2339,2922,20,346,158,188,461,354,66,34,7,94
"E","East Midlands","32","Lincolnshire","32UC","East Lindsey","E02005426","East Lindsey 003",,,9375,6601,2032,4474,95,2063,900,1163,587,531,9,40,7,124
"E","East Midlands","32","Lincolnshire","32UC","East Lindsey","E02005427","East Lindsey 004",,,6267,4744,2014,2704,26,426,196,230,1003,905,21,72,5,94
"E","East Midlands","32","Lincolnshire","32UC","East Lindsey","E02005428","East Lindsey 005",,,7806,5789,3148,2568,73,899,303,596,989,865,35,71,18,129
"E","East Midlands","32","Lincolnshire","32UC","East Lindsey","E02005429","East Lindsey 006",,,5677,4549,3000,1534,15,318,96,222,718,663,7,43,5,92
"E","East Midlands","32","Lincolnshire","32UC","East Lindsey","E02005430","East Lindsey 007",,,6356,4963,2479,2450,34,425,208,217,763,656,47,47,13,205
"E","East Midlands","32","Lincolnshire","32UC","East Lindsey","E02005431","East Lindsey 008",,,8179,6246,3124,3082,40,781,409,372,995,823,68,81,23,157
"E","East Midlands","32","Lincolnshire","32UC","East Lindsey","E02005432","East Lindsey 009",,,7357,5464,2782,2638,44,360,192,168,1171,962,95,72,42,362
"E","East Midlands","32","Lincolnshire","32UC","East Lindsey","E02005433","East Lindsey 010",,,6280,4847,2939,1874,34,425,225,200,907,810,23,64,10,101
"E","East Midlands","32","Lincolnshire","32UC","East Lindsey","E02005434","East Lindsey 011",,,6255,4783,2094,2644,45,740,314,426,626,562,8,46,10,106
"E","East Midlands","32","Lincolnshire","32UC","East Lindsey","E02005435","East Lindsey 012",,,6310,4659,2270,2321,68,576,259,317,991,878,17,88,8,84
"E","East Midlands","32","Lincolnshire","32UC","East Lindsey","E02005436","East Lindsey 013",,,6685,5052,2532,2470,50,749,309,440,754,632,22,80,20,130
"E","East Midlands","32","Lincolnshire","32UC","East Lindsey","E02005437","East Lindsey 014",,,5887,3466,1415,1934,117,384,104,280,1961,1861,19,74,7,76
"E","East Midlands","32","Lincolnshire","32UC","East Lindsey","E02005438","East Lindsey 015",,,6279,4064,1611,2297,156,1675,728,947,412,338,10,43,21,128
"E","East Midlands","32","Lincolnshire","32UC","East Lindsey","E02005439","East Lindsey 016",,,9011,6419,2670,3668,81,874,303,571,1621,714,526,64,317,97
"E","East Midlands","32","Lincolnshire","32UC","East Lindsey","E02005440","East Lindsey 017",,,5164,3484,1684,1756,44,921,395,526,599,444,83,58,14,160
"E","East Midlands","32","Lincolnshire","32UC","East Lindsey","E02005441","East Lindsey 018",,,8252,6653,3186,3412,55,657,322,335,698,515,96,73,14,244
"E","East Midlands","32","Lincolnshire","32UD","Lincoln","E02005442","Lincoln 001",,,5862,2553,760,1750,43,2953,2812,141,139,115,3,21,0,217
"E","East Midlands","32","Lincolnshire","32UD","Lincoln","E02005443","Lincoln 002",,,5730,4084,1319,2710,55,1198,1159,39,316,281,4,31,0,132
"E","East Midlands","32","Lincolnshire","32UD","Lincoln","E02005444","Lincoln 003",,,10022,7097,2782,4239,76,904,786,118,1851,1657,13,108,73,170
"E","East Midlands","32","Lincolnshire","32UD","Lincoln","E02005445","Lincoln 004",,,9537,4297,1446,2799,52,3620,3498,122,1351,1181,55,85,30,269
"E","East Midlands","32","Lincolnshire","32UD","Lincoln","E02005446","Lincoln 005",,,5764,2789,989,1735,65,721,628,93,2156,1552,3,101,500,98
"E","East Midlands","32","Lincolnshire","32UD","Lincoln","E02005447","Lincoln 006",,,6413,3772,1209,2512,51,687,513,174,1883,1780,6,92,5,71
"E","East Midlands","32","Lincolnshire","32UD","Lincoln","E02005448","Lincoln 007",,,6272,3036,798,2091,147,2761,2453,308,253,236,0,17,0,222
"E","East Midlands","32","Lincolnshire","32UD","Lincoln","E02005449","Lincoln 008",,,6287,5115,1694,3385,36,285,225,60,833,763,0,62,8,54
"E","East Midlands","32","Lincolnshire","32UD","Lincoln","E02005450","Lincoln 009",,,8878,7832,1991,5783,58,450,333,117,537,444,34,51,8,59
"E","East Midlands","32","Lincolnshire","32UD","Lincoln","E02005451","Lincoln 010",,,7396,3577,1082,2389,106,3215,2992,223,361,321,3,34,3,243
"E","East Midlands","32","Lincolnshire","32UD","Lincoln","E02005452","Lincoln 011",,,11555,9690,2831,6760,99,1309,932,377,430,381,3,38,8,126
"E","East Midlands","32","Lincolnshire","32UE","North Kesteven","E02005453","North Kesteven 001",,,9894,9186,3242,5907,37,146,113,33,489,396,7,60,26,73
"E","East Midlands","32","Lincolnshire","32UE","North Kesteven","E02005454","North Kesteven 002",,,11431,10110,4086,5994,30,860,676,184,353,317,4,26,6,108
"E","East Midlands","32","Lincolnshire","32UE","North Kesteven","E02005455","North Kesteven 003",,,9270,7576,2810,4745,21,680,626,54,795,688,35,34,38,219
"E","East Midlands","32","Lincolnshire","32UE","North Kesteven","E02005456","North Kesteven 004",,,8592,5789,2043,3698,48,1329,828,501,1332,507,496,20,309,142
"E","East Midlands","32","Lincolnshire","32UE","North Kesteven","E02005457","North Kesteven 005",,,7498,5850,1984,3825,41,1103,950,153,375,303,26,33,13,170
"E","East Midlands","32","Lincolnshire","32UE","North Kesteven","E02005458","North Kesteven 006",,,5378,4277,1714,2545,18,574,559,15,393,348,19,16,10,134
"E","East Midlands","32","Lincolnshire","32UE","North Kesteven","E02005459","North Kesteven 007",,,7080,4535,1789,2731,15,1751,1683,68,483,419,33,21,10,311
"E","East Midlands","32","Lincolnshire","32UE","North Kesteven","E02005460","North Kesteven 008",,,5618,3458,1049,2373,36,434,227,207,1643,412,717,30,484,83
"E","East Midlands","32","Lincolnshire","32UE","North Kesteven","E02005461","North Kesteven 009",,,5591,4330,1824,2476,30,488,450,38,586,511,16,25,34,187
"E","East Midlands","32","Lincolnshire","32UE","North Kesteven","E02005462","North Kesteven 010",,,7799,5427,1538,3831,58,1457,1277,180,774,683,7,70,14,141
"E","East Midlands","32","Lincolnshire","32UE","North Kesteven","E02005463","North Kesteven 011",,,6571,5876,1701,4119,56,231,168,63,427,356,15,47,9,37
"E","East Midlands","32","Lincolnshire","32UE","North Kesteven","E02005464","North Kesteven 012",,,7238,5657,2265,3333,59,950,893,57,438,353,15,50,20,193
"E","East Midlands","32","Lincolnshire","32UF","South Holland","E02005465","South Holland 001",,,7800,6344,2667,3633,44,991,922,69,345,273,36,21,15,120
"E","East Midlands","32","Lincolnshire","32UF","South Holland","E02005466","South Holland 002",,,6018,4760,2017,2679,64,759,710,49,378,272,56,29,21,121
"E","East Midlands","32","Lincolnshire","32UF","South Holland","E02005467","South Holland 003",,,6404,4971,2072,2833,66,896,711,185,441,373,9,49,10,96
"E","East Midlands","32","Lincolnshire","32UF","South Holland","E02005468","South Holland 004",,,6762,5317,2297,2997,23,879,817,62,423,326,41,38,18,143
"E","East Midlands","32","Lincolnshire","32UF","South Holland","E02005469","South Holland 005",,,6460,4944,2083,2833,28,980,923,57,379,305,43,25,6,157
"E","East Midlands","32","Lincolnshire","32UF","South Holland","E02005470","South Holland 006",,,7971,6693,2510,4084,99,492,336,156,652,567,12,55,18,134
"E","East Midlands","32","Lincolnshire","32UF","South Holland","E02005471","South Holland 007",,,7616,5259,2008,3183,68,1830,1571,259,361,305,8,40,8,166
"E","East Midlands","32","Lincolnshire","32UF","South Holland","E02005472","South Holland 008",,,8581,6332,2723,3568,41,1419,1187,232,653,568,11,56,18,177
"E","East Midlands","32","Lincolnshire","32UF","South Holland","E02005473","South Holland 009",,,7058,6214,2207,3869,138,463,412,51,337,285,9,38,5,44
"E","East Midlands","32","Lincolnshire","32UF","South Holland","E02005474","South Holland 010",,,5829,4972,2358,2584,30,522,506,16,265,191,22,46,6,70
"E","East Midlands","32","Lincolnshire","32UF","South Holland","E02005475","South Holland 011",,,5116,4025,1435,2569,21,712,649,63,313,228,12,38,35,66
"E","East Midlands","32","Lincolnshire","32UG","South Kesteven","E02005476","South Kesteven 001",,,6460,5160,1828,3332,0,679,626,53,483,377,32,31,43,138
"E","East Midlands","32","Lincolnshire","32UG","South Kesteven","E02005477","South Kesteven 002",,,8291,6929,2742,4107,80,738,657,81,469,379,20,52,18,155
"E","East Midlands","32","Lincolnshire","32UG","South Kesteven","E02005478","South Kesteven 003",,,10140,6820,2327,4441,52,2474,2308,166,626,531,34,54,7,220
"E","East Midlands","32","Lincolnshire","32UG","South Kesteven","E02005479","South Kesteven 004",,,7500,6473,1731,4719,23,378,283,95,568,507,12,40,9,81
"E","East Midlands","32","Lincolnshire","32UG","South Kesteven","E02005480","South Kesteven 005",,,7064,3318,812,2456,50,3191,3088,103,387,329,8,42,8,168
"E","East Midlands","32","Lincolnshire","32UG","South Kesteven","E02005481","South Kesteven 006",,,8718,6240,2002,4193,45,906,782,124,1487,1379,17,72,19,85
"E","East Midlands","32","Lincolnshire","32UG","South Kesteven","E02005482","South Kesteven 007",,,8666,6915,2060,4761,94,502,360,142,923,722,95,31,75,326
"E","East Midlands","32","Lincolnshire","32UG","South Kesteven","E02005483","South Kesteven 008",,,7047,5382,1768,3573,41,977,908,69,521,407,28,43,43,167
"E","East Midlands","32","Lincolnshire","32UG","South Kesteven","E02005484","South Kesteven 009",,,6404,4162,1461,2670,31,1068,809,259,868,788,26,22,32,306
"E","East Midlands","32","Lincolnshire","32UG","South Kesteven","E02005485","South Kesteven 010",,,5684,5065,1683,3317,65,294,285,9,239,204,5,30,0,86
"E","East Midlands","32","Lincolnshire","32UG","South Kesteven","E02005486","South Kesteven 011",,,6060,4684,1604,2992,88,931,849,82,353,288,19,30,16,92
"E","East Midlands","32","Lincolnshire","32UG","South Kesteven","E02005487","South Kesteven 012",,,8701,7477,2251,5192,34,609,580,29,512,423,29,44,16,103
"E","East Midlands","32","Lincolnshire","32UG","South Kesteven","E02005488","South Kesteven 013",,,6408,5203,1375,3811,17,910,487,423,219,182,5,24,8,76
"E","East Midlands","32","Lincolnshire","32UG","South Kesteven","E02005489","South Kesteven 014",,,6917,6189,1459,4685,45,330,289,41,357,312,11,25,9,41
"E","East Midlands","32","Lincolnshire","32UG","South Kesteven","E02005490","South Kesteven 015",,,8677,5979,1906,3894,179,2122,2031,91,453,399,8,40,6,123
"E","East Midlands","32","Lincolnshire","32UG","South Kesteven","E02005491","South Kesteven 016",,,10439,8227,2896,5253,78,979,774,205,1081,954,43,65,19,152
"E","East Midlands","32","Lincolnshire","32UH","West Lindsey","E02005492","West Lindsey 001",,,9090,6909,2710,4143,56,881,279,602,870,742,44,61,23,430
"E","East Midlands","32","Lincolnshire","32UH","West Lindsey","E02005493","West Lindsey 002",,,7602,6285,2326,3943,16,769,272,497,419,359,12,42,6,129
"E","East Midlands","32","Lincolnshire","32UH","West Lindsey","E02005494","West Lindsey 003",,,7811,5836,2510,3300,26,631,186,445,1143,1008,31,83,21,201
"E","East Midlands","32","Lincolnshire","32UH","West Lindsey","E02005495","West Lindsey 004",,,9398,6500,2525,3934,41,1088,309,779,1718,1620,6,80,12,92
"E","East Midlands","32","Lincolnshire","32UH","West Lindsey","E02005496","West Lindsey 005",,,5642,3833,1445,2376,12,377,139,238,1172,787,246,24,115,260
"E","East Midlands","32","Lincolnshire","32UH","West Lindsey","E02005497","West Lindsey 006",,,5890,2748,816,1880,52,2779,1121,1658,241,201,0,28,12,122
"E","East Midlands","32","Lincolnshire","32UH","West Lindsey","E02005498","West Lindsey 007",,,6486,5606,2399,3198,9,400,142,258,366,301,14,44,7,114
"E","East Midlands","32","Lincolnshire","32UH","West Lindsey","E02005499","West Lindsey 008",,,7035,6006,2206,3761,39,464,166,298,420,349,40,31,0,145
"E","East Midlands","32","Lincolnshire","32UH","West Lindsey","E02005500","West Lindsey 009",,,5318,4129,1550,2550,29,298,72,226,778,357,222,27,172,113
"E","East Midlands","32","Lincolnshire","32UH","West Lindsey","E02005501","West Lindsey 010",,,6695,6032,2573,3427,32,286,90,196,275,213,22,32,8,102
"E","East Midlands","32","Lincolnshire","32UH","West Lindsey","E02005502","West Lindsey 011",,,7308,6100,2621,3468,11,645,218,427,396,329,15,34,18,167
"E","East Midlands","34","Northamptonshire","34UB","Corby","E02005612","Corby 001",,,5833,4328,1280,3037,11,1144,836,308,239,181,14,32,12,122
"E","East Midlands","34","Northamptonshire","34UB","Corby","E02005613","Corby 002",,,8685,5788,1365,4408,15,2539,2477,62,218,176,0,39,3,140
"E","East Midlands","34","Northamptonshire","34UB","Corby","E02005614","Corby 003",,,5774,3844,1211,2609,24,1544,1465,79,307,265,5,32,5,79
"E","East Midlands","34","Northamptonshire","34UB","Corby","E02005615","Corby 004",,,8847,6320,1878,4422,20,2226,2160,66,182,132,9,38,3,119
"E","East Midlands","34","Northamptonshire","34UB","Corby","E02005616","Corby 005",,,5388,3057,846,2200,11,1973,1628,345,246,192,3,29,22,112
"E","East Midlands","34","Northamptonshire","34UB","Corby","E02005617","Corby 006",,,9745,5180,1318,3830,32,3891,3717,174,475,413,8,39,15,199
"E","East Midlands","34","Northamptonshire","34UB","Corby","E02005618","Corby 007",,,8529,6287,969,5283,35,1835,1215,620,336,283,8,35,10,71
"E","East Midlands","34","Northamptonshire","34UC","Daventry","E02005619","Daventry 001",,,5398,4384,1570,2798,16,466,372,94,387,336,12,28,11,161
"E","East Midlands","34","Northamptonshire","34UC","Daventry","E02005620","Daventry 002",,,7597,6409,1649,4736,24,623,387,236,402,326,39,26,11,163
"E","East Midlands","34","Northamptonshire","34UC","Daventry","E02005621","Daventry 003",,,6562,5493,2066,3423,4,703,551,152,258,180,32,29,17,108
"E","East Midlands","34","Northamptonshire","34UC","Daventry","E02005622","Daventry 004",,,8176,6958,2475,4461,22,433,309,124,620,558,29,28,5,165
"E","East Midlands","34","Northamptonshire","34UC","Daventry","E02005623","Daventry 005",,,7216,6005,2286,3660,59,748,599,149,324,274,15,28,7,139
"E","East Midlands","34","Northamptonshire","34UC","Daventry","E02005624","Daventry 006",,,7179,5833,982,4761,90,1038,500,538,254,236,5,13,0,54
"E","East Midlands","34","Northamptonshire","34UC","Daventry","E02005625","Daventry 007",,,7477,5082,1542,3514,26,1932,1382,550,346,311,4,27,4,117
"E","East Midlands","34","Northamptonshire","34UC","Daventry","E02005626","Daventry 008",,,6902,4235,605,3568,62,2225,1791,434,336,291,8,37,0,106
"E","East Midlands","34","Northamptonshire","34UC","Daventry","E02005627","Daventry 009",,,6458,4872,1636,3214,22,1091,746,345,387,327,12,25,23,108
"E","East Midlands","34","Northamptonshire","34UC","Daventry","E02005628","Daventry 010",,,7407,6068,1840,4210,18,825,660,165,395,346,16,24,9,119
"E","East Midlands","34","Northamptonshire","34UD","East Northamptonshire","E02005629","East Northamptonshire 001",,,5225,3678,1506,2154,18,734,256,478,616,552,29,25,10,197
"E","East Midlands","34","Northamptonshire","34UD","East Northamptonshire","E02005630","East Northamptonshire 002",,,8331,6413,2342,4043,28,755,246,509,897,705,120,51,21,266
"E","East Midlands","34","Northamptonshire","34UD","East Northamptonshire","E02005631","East Northamptonshire 003",,,8443,6760,1843,4895,22,887,258,629,620,538,19,37,26,176
"E","East Midlands","34","Northamptonshire","34UD","East Northamptonshire","E02005632","East Northamptonshire 004",,,5646,4671,1462,3194,15,713,266,447,208,184,9,7,8,54
"E","East Midlands","34","Northamptonshire","34UD","East Northamptonshire","E02005633","East Northamptonshire 005",,,8168,6848,1782,5062,4,882,261,621,344,299,0,32,13,94
"E","East Midlands","34","Northamptonshire","34UD","East Northamptonshire","E02005634","East Northamptonshire 006",,,6950,5224,1274,3936,14,1309,301,1008,327,294,10,23,0,90
"E","East Midlands","34","Northamptonshire","34UD","East Northamptonshire","E02005635","East Northamptonshire 007",,,6607,5245,1584,3657,4,910,339,571,263,194,30,20,19,189
"E","East Midlands","34","Northamptonshire","34UD","East Northamptonshire","E02005636","East Northamptonshire 008",,,9703,7271,2286,4970,15,1966,528,1438,331,265,10,48,8,135
"E","East Midlands","34","Northamptonshire","34UD","East Northamptonshire","E02005637","East Northamptonshire 009",,,7600,5249,1565,3649,35,1471,434,1037,751,700,10,37,4,129
"E","East Midlands","34","Northamptonshire","34UD","East Northamptonshire","E02005638","East Northamptonshire 010",,,8228,7834,2214,5615,5,128,29,99,225,189,9,24,3,41
"E","East Midlands","34","Northamptonshire","34UE","Kettering","E02005639","Kettering 001",,,5112,3894,1343,2544,7,462,379,83,568,487,17,47,17,188
"E","East Midlands","34","Northamptonshire","34UE","Kettering","E02005640","Kettering 002",,,7937,6686,1997,4678,11,789,714,75,372,335,3,28,6,90
"E","East Midlands","34","Northamptonshire","34UE","Kettering","E02005641","Kettering 003",,,7095,5761,1756,3992,13,912,742,170,344,308,5,21,10,78
"E","East Midlands","34","Northamptonshire","34UE","Kettering","E02005642","Kettering 004",,,7436,6862,1759,5080,23,146,83,63,363,317,5,30,11,65
"E","East Midlands","34","Northamptonshire","34UE","Kettering","E02005643","Kettering 005",,,7760,3934,931,2986,17,3271,2912,359,304,276,3,18,7,251
"E","East Midlands","34","Northamptonshire","34UE","Kettering","E02005644","Kettering 006",,,6815,4929,1357,3551,21,533,304,229,1243,1131,13,86,13,110
"E","East Midlands","34","Northamptonshire","34UE","Kettering","E02005645","Kettering 007",,,8705,6632,2223,4382,27,1095,721,374,780,684,41,46,9,198
"E","East Midlands","34","Northamptonshire","34UE","Kettering","E02005646","Kettering 008",,,6477,6139,1992,4139,8,55,8,47,243,199,3,28,13,40
"E","East Midlands","34","Northamptonshire","34UE","Kettering","E02005647","Kettering 009",,,6341,4518,1455,3050,13,1464,1118,346,240,216,7,17,0,119
"E","East Midlands","34","Northamptonshire","34UE","Kettering","E02005648","Kettering 010",,,6913,6540,2023,4510,7,182,160,22,160,143,5,12,0,31
"E","East Midlands","34","Northamptonshire","34UE","Kettering","E02005649","Kettering 011",,,10360,8481,2471,5981,29,1152,922,230,506,429,26,38,13,221
"E","East Midlands","34","Northamptonshire","34UF","Northampton","E02005650","Northampton 001",,,5936,5157,1458,3677,22,424,400,24,304,270,0,27,7,51
"E","East Midlands","34","Northamptonshire","34UF","Northampton","E02005651","Northampton 002",,,6069,5834,2044,3768,22,47,30,17,155,132,10,10,3,33
"E","East Midlands","34","Northamptonshire","34UF","Northampton","E02005652","Northampton 003",,,6074,5250,1865,3362,23,487,347,140,245,219,3,14,9,92
"E","East Midlands","34","Northamptonshire","34UF","Northampton","E02005653","Northampton 004",,,7707,4873,797,4007,69,2206,1946,260,451,391,9,48,3,177
"E","East Midlands","34","Northamptonshire","34UF","Northampton","E02005654","Northampton 005",,,7903,4991,740,4108,143,2436,2297,139,337,279,3,50,5,139
"E","East Midlands","34","Northamptonshire","34UF","Northampton","E02005655","Northampton 006",,,5822,5188,1876,3296,16,397,376,21,167,139,0,25,3,70
"E","East Midlands","34","Northamptonshire","34UF","Northampton","E02005656","Northampton 007",,,5897,3041,652,2368,21,2450,2301,149,248,227,0,16,5,158
"E","East Midlands","34","Northamptonshire","34UF","Northampton","E02005657","Northampton 008",,,5883,5246,1777,3448,21,260,85,175,322,290,0,27,5,55
"E","East Midlands","34","Northamptonshire","34UF","Northampton","E02005658","Northampton 009",,,5954,3050,782,2253,15,2013,1872,141,721,654,10,47,10,170
"E","East Midlands","34","Northamptonshire","34UF","Northampton","E02005659","Northampton 010",,,5118,4191,1567,2594,30,716,575,141,139,122,8,9,0,72
"E","East Midlands","34","Northamptonshire","34UF","Northampton","E02005660","Northampton 011",,,5894,3546,593,2873,80,2003,1886,117,230,196,0,23,11,115
"E","East Midlands","34","Northamptonshire","34UF","Northampton","E02005661","Northampton 012",,,6233,3587,895,2661,31,2200,2097,103,262,220,7,26,9,184
"E","East Midlands","34","Northamptonshire","34UF","Northampton","E02005662","Northampton 013",,,6328,4962,1541,3409,12,682,610,72,597,543,9,36,9,87
"E","East Midlands","34","Northamptonshire","34UF","Northampton","E02005663","Northampton 014",,,5620,5154,1100,4032,22,108,87,21,318,289,0,29,0,40
"E","East Midlands","34","Northamptonshire","34UF","Northampton","E02005664","Northampton 015",,,5077,3419,1049,2358,12,649,490,159,908,837,6,36,29,101
"E","East Midlands","34","Northamptonshire","34UF","Northampton","E02005665","Northampton 016",,,7531,6214,1343,4787,84,798,517,281,431,407,3,18,3,88
"E","East Midlands","34","Northamptonshire","34UF","Northampton","E02005666","Northampton 017",,,7152,3244,801,2405,38,3283,3000,283,349,289,3,47,10,276
"E","East Midlands","34","Northamptonshire","34UF","Northampton","E02005667","Northampton 018",,,6039,4368,1371,2944,53,1324,1042,282,264,241,0,16,7,83
"E","East Midlands","34","Northamptonshire","34UF","Northampton","E02005668","Northampton 019",,,5787,5302,2057,3232,13,287,260,27,153,123,9,18,3,45
"E","East Midlands","34","Northamptonshire","34UF","Northampton","E02005669","Northampton 020",,,5915,5637,1783,3832,22,111,91,20,133,106,16,6,5,34
"E","East Midlands","34","Northamptonshire","34UF","Northampton","E02005670","Northampton 021",,,5897,2648,818,1803,27,1997,1728,269,1045,942,15,57,31,207
"E","East Midlands","34","Northamptonshire","34UF","Northampton","E02005671","Northampton 022",,,6583,4779,1407,3316,56,389,145,244,1327,1262,7,48,10,88
"E","East Midlands","34","Northamptonshire","34UF","Northampton","E02005672","Northampton 023",,,5613,3295,957,2286,52,616,268,348,1609,1489,8,92,20,93
"E","East Midlands","34","Northamptonshire","34UF","Northampton","E02005673","Northampton 024",,,5724,4460,1492,2938,30,652,585,67,516,465,0,47,4,96
"E","East Midlands","34","Northamptonshire","34UF","Northampton","E02005674","Northampton 025",,,5162,2923,1055,1851,17,1197,765,432,888,774,65,38,11,154
"E","East Midlands","34","Northamptonshire","34UF","Northampton","E02005675","Northampton 026",,,5664,3716,526,3072,118,1605,1503,102,245,224,0,17,4,98
"E","East Midlands","34","Northamptonshire","34UF","Northampton","E02005676","Northampton 027",,,5427,3853,960,2856,37,1315,1077,238,157,143,5,9,0,102
"E","East Midlands","34","Northamptonshire","34UF","Northampton","E02005677","Northampton 028",,,5884,4918,1421,3488,9,472,356,116,409,367,0,36,6,85
"E","East Midlands","34","Northamptonshire","34UF","Northampton","E02005678","Northampton 029",,,5840,5374,1087,4259,28,49,35,14,350,301,25,11,13,67
"E","East Midlands","34","Northamptonshire","34UF","Northampton","E02005679","Northampton 030",,,9054,8114,1261,6815,38,202,154,48,634,550,16,49,19,104
"E","East Midlands","34","Northamptonshire","34UF","Northampton","E02005680","Northampton 031",,,5931,5386,1016,4365,5,370,216,154,130,121,0,6,3,45
"E","East Midlands","34","Northamptonshire","34UG","South Northamptonshire","E02005681","South Northamptonshire 001",,,8059,6731,2278,4435,18,821,725,96,367,306,18,25,18,140
"E","East Midlands","34","Northamptonshire","34UG","South Northamptonshire","E02005682","South Northamptonshire 002",,,6346,4945,1720,3200,25,631,555,76,609,541,36,24,8,161
"E","East Midlands","34","Northamptonshire","34UG","South Northamptonshire","E02005683","South Northamptonshire 003",,,8874,7422,2402,4989,31,900,817,83,422,392,12,15,3,130
"E","East Midlands","34","Northamptonshire","34UG","South Northamptonshire","E02005684","South Northamptonshire 004",,,8245,6952,2146,4772,34,569,470,99,564,473,22,38,31,160
"E","East Midlands","34","Northamptonshire","34UG","South Northamptonshire","E02005685","South Northamptonshire 005",,,7502,5705,1422,4100,183,1242,968,274,417,364,9,28,16,138
"E","East Midlands","34","Northamptonshire","34UG","South Northamptonshire","E02005686","South Northamptonshire 006",,,7627,6280,2120,4157,3,665,639,26,507,424,20,33,30,175
"E","East Midlands","34","Northamptonshire","34UG","South Northamptonshire","E02005687","South Northamptonshire 007",,,5608,4543,1407,3122,14,537,523,14,409,360,9,19,21,119
"E","East Midlands","34","Northamptonshire","34UG","South Northamptonshire","E02005688","South Northamptonshire 008",,,7199,6129,1920,4146,63,645,551,94,321,275,12,20,14,104
"E","East Midlands","34","Northamptonshire","34UG","South Northamptonshire","E02005689","South Northamptonshire 009",,,7851,7288,1326,5930,32,141,75,66,386,355,4,24,3,36
"E","East Midlands","34","Northamptonshire","34UG","South Northamptonshire","E02005690","South Northamptonshire 010",,,5296,4030,929,3036,65,750,515,235,398,335,26,31,6,118
"E","East Midlands","34","Northamptonshire","34UG","South Northamptonshire","E02005691","South Northamptonshire 011",,,6009,4482,1576,2886,20,768,713,55,412,326,47,15,24,347
"E","East Midlands","34","Northamptonshire","34UH","Wellingborough","E02005692","Wellingborough 001",,,6349,4814,1669,3138,7,1052,1023,29,317,270,20,17,10,166
"E","East Midlands","34","Northamptonshire","34UH","Wellingborough","E02005693","Wellingborough 002",,,6783,4404,1429,2905,70,1961,1884,77,232,216,0,12,4,186
"E","East Midlands","34","Northamptonshire","34UH","Wellingborough","E02005694","Wellingborough 003",,,8169,7760,1623,6066,71,123,52,71,241,218,3,20,0,45
"E","East Midlands","34","Northamptonshire","34UH","Wellingborough","E02005695","Wellingborough 004",,,6381,5057,1483,3548,26,289,151,138,932,844,11,74,3,103
"E","East Midlands","34","Northamptonshire","34UH","Wellingborough","E02005696","Wellingborough 005",,,6335,3149,665,2232,252,2801,1668,1133,268,255,0,13,0,117
"E","East Midlands","34","Northamptonshire","34UH","Wellingborough","E02005697","Wellingborough 006",,,5596,3752,1252,2471,29,1220,1078,142,460,394,10,38,18,164
"E","East Midlands","34","Northamptonshire","34UH","Wellingborough","E02005698","Wellingborough 007",,,5842,4116,1187,2870,59,1406,1388,18,213,197,0,16,0,107
"E","East Midlands","34","Northamptonshire","34UH","Wellingborough","E02005699","Wellingborough 008",,,7168,4496,970,3494,32,2363,2017,346,171,127,16,28,0,138
"E","East Midlands","34","Northamptonshire","34UH","Wellingborough","E02005700","Wellingborough 009",,,8694,7398,2785,4577,36,682,644,38,493,420,13,46,14,121
"E","East Midlands","34","Northamptonshire","34UH","Wellingborough","E02005701","Wellingborough 010",,,10310,8701,2934,5746,21,1005,938,67,463,411,20,15,17,141
"E","East Midlands","37","Nottinghamshire","37UB","Ashfield","E02005819","Ashfield 001",,,6102,4449,1917,2513,19,1088,879,209,476,413,0,60,3,89
"E","East Midlands","37","Nottinghamshire","37UB","Ashfield","E02005820","Ashfield 002",,,5861,5200,2022,3138,40,328,303,25,245,217,0,25,3,88
"E","East Midlands","37","Nottinghamshire","37UB","Ashfield","E02005821","Ashfield 003",,,5734,3453,1240,2202,11,1815,1487,328,347,317,5,14,11,119
"E","East Midlands","37","Nottinghamshire","37UB","Ashfield","E02005822","Ashfield 004",,,8049,5604,1790,3759,55,1406,1109,297,882,786,20,58,18,157
"E","East Midlands","37","Nottinghamshire","37UB","Ashfield","E02005823","Ashfield 005",,,6776,3228,1138,2061,29,2847,2707,140,439,389,17,16,17,262
"E","East Midlands","37","Nottinghamshire","37UB","Ashfield","E02005824","Ashfield 006",,,8416,6964,2623,4233,108,909,691,218,462,436,3,20,3,81
"E","East Midlands","37","Nottinghamshire","37UB","Ashfield","E02005825","Ashfield 007",,,7495,5685,2138,3529,18,1313,1053,260,379,339,5,35,0,118
"E","East Midlands","37","Nottinghamshire","37UB","Ashfield","E02005826","Ashfield 008",,,5884,3293,1031,2246,16,1992,1725,267,417,377,0,40,0,182
"E","East Midlands","37","Nottinghamshire","37UB","Ashfield","E02005827","Ashfield 009",,,7303,6211,2239,3960,12,675,577,98,323,285,3,23,12,94
"E","East Midlands","37","Nottinghamshire","37UB","Ashfield","E02005828","Ashfield 010",,,6653,5323,2248,3071,4,879,806,73,388,353,3,18,14,63
"E","East Midlands","37","Nottinghamshire","37UB","Ashfield","E02005829","Ashfield 011",,,6142,4872,1894,2967,11,983,951,32,207,152,0,52,3,80
"E","East Midlands","37","Nottinghamshire","37UB","Ashfield","E02005830","Ashfield 012",,,6201,5340,2028,3281,31,457,375,82,334,288,4,34,8,70
"E","East Midlands","37","Nottinghamshire","37UB","Ashfield","E02005831","Ashfield 013",,,7164,6091,2079,4004,8,754,660,94,232,206,0,15,11,87
"E","East Midlands","37","Nottinghamshire","37UB","Ashfield","E02005832","Ashfield 014",,,7555,5681,1803,3848,30,1101,922,179,639,573,9,54,3,134
"E","East Midlands","37","Nottinghamshire","37UB","Ashfield","E02005833","Ashfield 015",,,7427,6954,2422,4525,7,249,227,22,179,148,4,27,0,45
"E","East Midlands","37","Nottinghamshire","37UB","Ashfield","E02005834","Ashfield 016",,,7231,4664,1697,2956,11,2295,2042,253,128,94,3,31,0,144
"E","East Midlands","37","Nottinghamshire","37UC","Bassetlaw","E02005835","Bassetlaw 001",,,9512,7155,2731,4383,41,1698,1500,198,566,467,19,64,16,93
"E","East Midlands","37","Nottinghamshire","37UC","Bassetlaw","E02005836","Bassetlaw 002",,,8525,7134,2912,4211,11,859,771,88,402,282,21,86,13,130
"E","East Midlands","37","Nottinghamshire","37UC","Bassetlaw","E02005837","Bassetlaw 003",,,6230,5043,2011,3021,11,586,550,36,414,336,23,48,7,187
"E","East Midlands","37","Nottinghamshire","37UC","Bassetlaw","E02005838","Bassetlaw 004",,,8330,6029,2143,3876,10,1803,1747,56,420,361,6,42,11,78
"E","East Midlands","37","Nottinghamshire","37UC","Bassetlaw","E02005839","Bassetlaw 005",,,5809,4234,1543,2674,17,1298,1218,80,210,159,3,48,0,67
"E","East Midlands","37","Nottinghamshire","37UC","Bassetlaw","E02005840","Bassetlaw 006",,,7635,6584,1610,4974,0,688,565,123,310,276,5,26,3,53
"E","East Midlands","37","Nottinghamshire","37UC","Bassetlaw","E02005841","Bassetlaw 007",,,6301,5216,1690,3514,12,879,857,22,162,123,17,22,0,44
"E","East Midlands","37","Nottinghamshire","37UC","Bassetlaw","E02005842","Bassetlaw 008",,,8034,5840,2171,3652,17,1481,1338,143,621,562,5,49,5,92
"E","East Midlands","37","Nottinghamshire","37UC","Bassetlaw","E02005843","Bassetlaw 009",,,5654,4152,1069,3073,10,952,840,112,500,473,4,14,9,50
"E","East Midlands","37","Nottinghamshire","37UC","Bassetlaw","E02005844","Bassetlaw 010",,,7186,5155,1603,3529,23,1334,1182,152,620,544,14,57,5,77
"E","East Midlands","37","Nottinghamshire","37UC","Bassetlaw","E02005845","Bassetlaw 011",,,5001,3389,1020,2360,9,1331,1276,55,250,210,11,25,4,31
"E","East Midlands","37","Nottinghamshire","37UC","Bassetlaw","E02005846","Bassetlaw 012",,,5789,2694,869,1802,23,2234,1916,318,817,741,16,49,11,44
"E","East Midlands","37","Nottinghamshire","37UC","Bassetlaw","E02005847","Bassetlaw 013",,,6062,4719,1734,2948,37,760,646,114,495,429,18,38,10,88
"E","East Midlands","37","Nottinghamshire","37UC","Bassetlaw","E02005848","Bassetlaw 014",,,6558,4654,1665,2971,18,758,570,188,719,608,58,30,23,427
"E","East Midlands","37","Nottinghamshire","37UC","Bassetlaw","E02005849","Bassetlaw 015",,,8194,6440,2647,3788,5,837,741,96,752,550,100,70,32,165
"E","East Midlands","37","Nottinghamshire","37UD","Broxtowe","E02005850","Broxtowe 001",,,7088,6178,2326,3830,22,457,343,114,389,338,3,32,16,64
"E","East Midlands","37","Nottinghamshire","37UD","Broxtowe","E02005851","Broxtowe 002",,,5981,3530,1287,2209,34,1949,1589,360,375,337,4,30,4,127
"E","East Midlands","37","Nottinghamshire","37UD","Broxtowe","E02005852","Broxtowe 003",,,7766,7178,2647,4504,27,254,217,37,270,219,13,27,11,64
"E","East Midlands","37","Nottinghamshire","37UD","Broxtowe","E02005853","Broxtowe 004",,,8585,6896,2208,4670,18,1104,964,140,452,392,9,33,18,133
"E","East Midlands","37","Nottinghamshire","37UD","Broxtowe","E02005854","Broxtowe 005",,,5001,4226,1416,2799,11,370,316,54,370,315,11,36,8,35
"E","East Midlands","37","Nottinghamshire","37UD","Broxtowe","E02005855","Broxtowe 006",,,7225,6815,2171,4629,15,90,87,3,282,250,10,22,0,38
"E","East Midlands","37","Nottinghamshire","37UD","Broxtowe","E02005856","Broxtowe 007",,,7297,6578,2831,3738,9,307,293,14,349,290,21,20,18,63
"E","East Midlands","37","Nottinghamshire","37UD","Broxtowe","E02005857","Broxtowe 008",,,6123,4445,1471,2944,30,1135,1056,79,459,435,3,16,5,84
"E","East Midlands","37","Nottinghamshire","37UD","Broxtowe","E02005858","Broxtowe 009",,,7657,5059,1715,3316,28,1293,1081,212,1204,908,13,67,216,101
"E","East Midlands","37","Nottinghamshire","37UD","Broxtowe","E02005859","Broxtowe 010",,,8850,6980,2276,4701,3,1218,1075,143,520,476,0,38,6,132
"E","East Midlands","37","Nottinghamshire","37UD","Broxtowe","E02005860","Broxtowe 011",,,7756,4401,1561,2811,29,982,688,294,2256,2070,8,51,127,117
"E","East Midlands","37","Nottinghamshire","37UD","Broxtowe","E02005861","Broxtowe 012",,,5277,3961,1262,2674,25,475,291,184,805,761,4,33,7,36
"E","East Midlands","37","Nottinghamshire","37UD","Broxtowe","E02005862","Broxtowe 013",,,7855,5306,1944,3331,31,1585,1486,99,825,415,226,16,168,139
"E","East Midlands","37","Nottinghamshire","37UD","Broxtowe","E02005863","Broxtowe 014",,,6907,5926,2375,3538,13,314,276,38,614,568,0,29,17,53
"E","East Midlands","37","Nottinghamshire","37UD","Broxtowe","E02005864","Broxtowe 015",,,7263,6821,2020,4779,22,152,119,33,247,238,0,6,3,43
"E","East Midlands","37","Nottinghamshire","37UE","Gedling","E02005865","Gedling 001",,,7722,7066,3043,4016,7,312,167,145,247,199,4,34,10,97
"E","East Midlands","37","Nottinghamshire","37UE","Gedling","E02005866","Gedling 002",,,8698,7313,2989,4287,37,834,609,225,471,388,13,64,6,80
"E","East Midlands","37","Nottinghamshire","37UE","Gedling","E02005867","Gedling 003",,,5594,4615,1273,3323,19,716,543,173,214,161,8,42,3,49
"E","East Midlands","37","Nottinghamshire","37UE","Gedling","E02005868","Gedling 004",,,6679,5648,1963,3642,43,719,456,263,232,196,8,28,0,80
"E","East Midlands","37","Nottinghamshire","37UE","Gedling","E02005869","Gedling 005",,,5752,3655,1268,2353,34,1756,1190,566,207,181,0,16,10,134
"E","East Midlands","37","Nottinghamshire","37UE","Gedling","E02005870","Gedling 006",,,6392,4592,1475,3029,88,1174,879,295,535,467,24,39,5,91
"E","East Midlands","37","Nottinghamshire","37UE","Gedling","E02005871","Gedling 007",,,6870,6347,2262,4070,15,281,199,82,195,167,3,19,6,47
"E","East Midlands","37","Nottinghamshire","37UE","Gedling","E02005872","Gedling 008",,,5395,4919,2263,2650,6,176,155,21,246,196,17,28,5,54
"E","East Midlands","37","Nottinghamshire","37UE","Gedling","E02005873","Gedling 009",,,9921,9402,3583,5815,4,118,104,14,357,331,6,20,0,44
"E","East Midlands","37","Nottinghamshire","37UE","Gedling","E02005874","Gedling 010",,,8235,7427,2613,4793,21,321,257,64,443,404,5,31,3,44
"E","East Midlands","37","Nottinghamshire","37UE","Gedling","E02005875","Gedling 011",,,7365,6035,1868,4124,43,1017,842,175,246,204,5,34,3,67
"E","East Midlands","37","Nottinghamshire","37UE","Gedling","E02005876","Gedling 012",,,8669,7336,2667,4647,22,762,606,156,501,430,0,60,11,70
"E","East Midlands","37","Nottinghamshire","37UE","Gedling","E02005877","Gedling 013",,,7021,5934,1990,3907,37,538,428,110,506,445,0,57,4,43
"E","East Midlands","37","Nottinghamshire","37UE","Gedling","E02005878","Gedling 014",,,9486,7285,2411,4804,70,1329,1116,213,758,704,7,36,11,114
"E","East Midlands","37","Nottinghamshire","37UE","Gedling","E02005879","Gedling 015",,,7042,5039,1114,3850,75,1038,580,458,889,841,0,42,6,76
"E","East Midlands","37","Nottinghamshire","37UF","Mansfield","E02005880","Mansfield 001",,,6194,4190,1887,2296,7,1441,919,522,469,393,31,27,18,94
"E","East Midlands","37","Nottinghamshire","37UF","Mansfield","E02005881","Mansfield 002",,,6092,4126,1586,2533,7,1218,858,360,670,577,21,54,18,78
"E","East Midlands","37","Nottinghamshire","37UF","Mansfield","E02005882","Mansfield 003",,,7653,6561,2403,4146,12,811,634,177,194,157,12,19,6,87
"E","East Midlands","37","Nottinghamshire","37UF","Mansfield","E02005883","Mansfield 004",,,6881,4168,1584,2563,21,2133,1882,251,441,410,0,22,9,139
"E","East Midlands","37","Nottinghamshire","37UF","Mansfield","E02005884","Mansfield 005",,,6097,5254,1610,3582,62,271,207,64,527,470,12,41,4,45
"E","East Midlands","37","Nottinghamshire","37UF","Mansfield","E02005885","Mansfield 006",,,8020,5191,2129,3051,11,2267,2070,197,372,321,4,37,10,190
"E","East Midlands","37","Nottinghamshire","37UF","Mansfield","E02005886","Mansfield 007",,,9543,8004,2685,5301,18,1040,617,423,416,366,0,50,0,83
"E","East Midlands","37","Nottinghamshire","37UF","Mansfield","E02005887","Mansfield 008",,,8145,5147,2003,3107,37,1315,781,534,1544,1441,21,54,28,139
"E","East Midlands","37","Nottinghamshire","37UF","Mansfield","E02005888","Mansfield 009",,,7234,3700,1287,2380,33,2636,2054,582,678,620,0,54,4,220
"E","East Midlands","37","Nottinghamshire","37UF","Mansfield","E02005889","Mansfield 010",,,10168,7099,2546,4521,32,2547,2375,172,323,258,15,41,9,199
"E","East Midlands","37","Nottinghamshire","37UF","Mansfield","E02005890","Mansfield 011",,,6732,6395,2219,4168,8,102,79,23,169,139,3,22,5,66
"E","East Midlands","37","Nottinghamshire","37UF","Mansfield","E02005891","Mansfield 012",,,5773,2506,884,1588,34,2883,2100,783,196,167,7,17,5,188
"E","East Midlands","37","Nottinghamshire","37UF","Mansfield","E02005892","Mansfield 013",,,8753,8268,3633,4627,8,163,104,59,254,211,4,35,4,68
"E","East Midlands","37","Nottinghamshire","37UG","Newark and Sherwood","E02005893","Newark and Sherwood 001",,,9989,6857,2658,4167,32,2154,1554,600,724,616,22,74,12,254
"E","East Midlands","37","Nottinghamshire","37UG","Newark and Sherwood","E02005894","Newark and Sherwood 002",,,8355,6243,2309,3908,26,1500,1061,439,467,398,12,40,17,145
"E","East Midlands","37","Nottinghamshire","37UG","Newark and Sherwood","E02005895","Newark and Sherwood 003",,,7649,6292,2579,3709,4,492,402,90,611,478,29,61,43,254
"E","East Midlands","37","Nottinghamshire","37UG","Newark and Sherwood","E02005896","Newark and Sherwood 004",,,6431,5446,2328,3094,24,497,450,47,360,298,17,28,17,128
"E","East Midlands","37","Nottinghamshire","37UG","Newark and Sherwood","E02005897","Newark and Sherwood 005",,,8206,6571,2593,3965,13,1023,721,302,443,347,14,53,29,169
"E","East Midlands","37","Nottinghamshire","37UG","Newark and Sherwood","E02005898","Newark and Sherwood 006",,,10788,8330,2608,5708,14,1654,826,828,630,541,7,75,7,174
"E","East Midlands","37","Nottinghamshire","37UG","Newark and Sherwood","E02005899","Newark and Sherwood 007",,,9767,6311,1881,4383,47,2158,1543,615,1090,983,5,75,27,208
"E","East Midlands","37","Nottinghamshire","37UG","Newark and Sherwood","E02005900","Newark and Sherwood 008",,,6479,5417,2191,3216,10,462,389,73,464,404,13,34,13,136
"E","East Midlands","37","Nottinghamshire","37UG","Newark and Sherwood","E02005901","Newark and Sherwood 009",,,7543,5629,1755,3849,25,1088,1006,82,711,646,8,47,10,115
"E","East Midlands","37","Nottinghamshire","37UG","Newark and Sherwood","E02005902","Newark and Sherwood 010",,,7796,5007,1796,3192,19,2388,2282,106,193,170,3,17,3,208
"E","East Midlands","37","Nottinghamshire","37UG","Newark and Sherwood","E02005903","Newark and Sherwood 011",,,10005,8413,2678,5686,49,953,884,69,504,429,16,56,3,135
"E","East Midlands","37","Nottinghamshire","37UG","Newark and Sherwood","E02005904","Newark and Sherwood 012",,,6119,5095,1939,3108,48,566,518,48,331,282,18,31,0,127
"E","East Midlands","37","Nottinghamshire","37UG","Newark and Sherwood","E02005905","Newark and Sherwood 013",,,5602,4958,2078,2872,8,263,258,5,289,236,21,11,21,92
"E","East Midlands","37","Nottinghamshire","37UJ","Rushcliffe","E02005906","Rushcliffe 001",,,5873,4950,1939,3000,11,354,340,14,455,396,21,22,16,114
"E","East Midlands","37","Nottinghamshire","37UJ","Rushcliffe","E02005907","Rushcliffe 002",,,8656,7111,2072,4882,157,1029,760,269,462,384,10,42,26,54
"E","East Midlands","37","Nottinghamshire","37UJ","Rushcliffe","E02005908","Rushcliffe 003",,,8262,7050,2807,4206,37,679,607,72,480,411,8,31,30,53
"E","East Midlands","37","Nottinghamshire","37UJ","Rushcliffe","E02005909","Rushcliffe 004",,,7830,6383,2116,4227,40,302,274,28,1104,1058,12,34,0,41
"E","East Midlands","37","Nottinghamshire","37UJ","Rushcliffe","E02005910","Rushcliffe 005",,,8337,4799,1415,3346,38,574,330,244,2908,2844,6,48,10,56
"E","East Midlands","37","Nottinghamshire","37UJ","Rushcliffe","E02005911","Rushcliffe 006",,,7816,6909,1897,4859,153,361,168,193,491,450,6,25,10,55
"E","East Midlands","37","Nottinghamshire","37UJ","Rushcliffe","E02005912","Rushcliffe 007",,,8531,7492,2277,5209,6,408,383,25,556,510,13,24,9,75
"E","East Midlands","37","Nottinghamshire","37UJ","Rushcliffe","E02005913","Rushcliffe 008",,,6484,5305,2142,3138,25,807,801,6,326,297,0,25,4,46
"E","East Midlands","37","Nottinghamshire","37UJ","Rushcliffe","E02005914","Rushcliffe 009",,,7260,5561,1532,3962,67,1392,1195,197,267,214,7,46,0,40
"E","East Midlands","37","Nottinghamshire","37UJ","Rushcliffe","E02005915","Rushcliffe 010",,,5467,4585,1719,2831,35,387,380,7,409,347,8,30,24,86
"E","East Midlands","37","Nottinghamshire","37UJ","Rushcliffe","E02005916","Rushcliffe 011",,,6308,5068,1898,3090,80,803,778,25,398,370,5,18,5,39
"E","East Midlands","37","Nottinghamshire","37UJ","Rushcliffe","E02005917","Rushcliffe 012",,,5383,5069,2539,2523,7,69,54,15,197,160,12,21,4,48
"E","East Midlands","37","Nottinghamshire","37UJ","Rushcliffe","E02005918","Rushcliffe 013",,,5224,4381,1838,2470,73,578,548,30,228,202,7,19,0,37
"E","East Midlands","37","Nottinghamshire","37UJ","Rushcliffe","E02005919","Rushcliffe 014",,,5433,4120,1603,2483,34,701,671,30,518,389,47,27,55,94
"E","East Midlands","37","Nottinghamshire","37UJ","Rushcliffe","E02005920","Rushcliffe 015",,,6993,6258,2400,3822,36,268,262,6,408,363,9,18,18,59