DATASET_TITLE,Living Arrangements (UV82),,,,FROM,Apr-2001,Apr-2001,Apr-2001,Apr-2001,Apr-2001,Apr-2001,Apr-2001,Apr-2001,Apr-2001,Apr-2001,Apr-2001,Apr-2001
AREA_TYPE,County,,,,TO,Apr-2001,Apr-2001,Apr-2001,Apr-2001,Apr-2001,Apr-2001,Apr-2001,Apr-2001,Apr-2001,Apr-2001,Apr-2001,Apr-2001
GEO_HIERARCHY,2003 Administrative Hierarchy,,,,HEADING,All People Aged 16 and Over in Households,Living in a couple,Living in a couple: Married (including separated),Living in a couple: Re-married,Living in a couple: Cohabiting,Not living in a couple,Not living in a couple: Single (never married),Not living in a couple: Married (first marriage),Not living in a couple: Re-married,Not living in a couple: Separated (but still legally married),Not living in a couple: Divorced,Not living in a couple: Widowed
,,,,,MEASUREMENT_UNIT,Count,Count,Count,Count,Count,Count,Count,Count,Count,Count,Count,Count
,,,,,STATISTICAL_UNIT,Persons,Persons,Persons,Persons,Persons,Persons,Persons,Persons,Persons,Persons,Persons,Persons
GOR_CODE,GOR_NAME,CTY_CODE,CTY_NAME,AREA_METADATA,,DATA_VALUE,DATA_VALUE,DATA_VALUE,DATA_VALUE,DATA_VALUE,DATA_VALUE,DATA_VALUE,DATA_VALUE,DATA_VALUE,DATA_VALUE,DATA_VALUE,DATA_VALUE
"A","North East","2D","Tyne and Wear",,,849361,484982,355030,51358,78594,364379,209933,5532,814,18226,55037,74837
"A","North East","20","Durham",,,387556,241898,177479,28922,35497,145658,79330,1743,327,7143,23759,33356
"A","North East","35","Northumberland",,,244238,158803,118555,19671,20577,85435,45597,1040,176,4694,13279,20649
"B","North West","2A","Greater Manchester",,,1917588,1102813,781481,126121,195211,814775,476179,15224,1852,43028,122614,155878
"B","North West","2B","Merseyside",,,1056647,566682,429418,55388,81876,489965,291166,6907,950,24239,72968,93735
"B","North West","13","Cheshire",,,532356,347558,256305,42461,48792,184798,103722,2592,483,7825,29057,41119
"B","North West","16","Cumbria",,,387729,247295,183130,30136,34029,140434,76067,1870,362,5996,22413,33726
"B","North West","30","Lancashire",,,880179,548377,390452,75285,82640,331802,183723,5606,900,16641,53901,71031
"D","Yorkshire and The Humber","2C","South Yorkshire",,,994490,612742,437957,72311,102474,381748,217589,6209,817,16546,58643,81944
"D","Yorkshire and The Humber","2F","West Yorkshire",,,1608928,969716,680303,120807,168606,639212,368836,16199,1981,32192,96569,123435
"D","Yorkshire and The Humber","36","North Yorkshire",,,445021,298259,217688,40812,39759,146762,77625,2158,438,7286,23643,35612
"E","East Midlands","17","Derbyshire",,,582029,385346,274803,49957,60586,196683,106135,2347,489,9692,30988,47032
"E","East Midlands","31","Leicestershire",,,477048,321800,234888,39366,47546,155248,89004,2414,376,7800,22168,33486
"E","East Midlands","32","Lincolnshire",,,511441,343803,241038,52152,50613,167638,88306,2228,470,7942,27574,41118
"E","East Midlands","34","Northamptonshire",,,487412,315850,218859,43365,53626,171562,97093,2695,497,10323,27693,33261
"E","East Midlands","37","Nottinghamshire",,,590970,386490,276135,50047,60308,204480,112615,2477,493,10365,32819,45711
"F","West Midlands","2E","West Midlands",,,1958965,1122157,846613,108081,167463,836808,497882,21481,1837,41486,109650,164472
"F","West Midlands","39","Shropshire",,,221746,146706,107699,18289,20718,75040,41275,1008,219,2984,11938,17616
"F","West Midlands","41","Staffordshire",,,634806,423880,309929,53670,60281,210926,118589,2569,440,9886,32292,47150
"F","West Midlands","44","Warwickshire",,,401503,261251,189213,33398,38640,140252,79727,1951,298,6386,21534,30356
"F","West Midlands","47","Worcestershire",,,428068,283822,202293,37485,44044,144246,80236,1933,345,6760,23713,31259
"G","East of England","09","Bedfordshire",,,296033,193893,139021,23783,31089,102140,59280,2503,347,5349,15233,19428
"G","East of England","12","Cambridgeshire",,,425871,280366,199247,34948,46171,145505,85831,2804,453,7047,21032,28338
"G","East of England","22","Essex",,,1032762,671522,484892,85704,100926,361240,201328,4764,894,17616,57312,79326
"G","East of England","26","Hertfordshire",,,805635,517076,379375,55714,81987,288559,170395,4978,727,13840,42801,55818
"G","East of England","33","Norfolk",,,636125,418043,290914,61086,66043,218082,115037,3191,703,10067,36936,52148
"G","East of England","42","Suffolk",,,524580,346624,247165,47869,51590,177956,96503,2581,571,8895,28505,40901
"H","London","1B","Inner London",,,2180508,911365,581101,67784,262480,1269143,882271,57366,5805,63616,142268,117817
"H","London","1C","Outer London",,,3451983,1915720,1432316,166201,317203,1536263,977288,48376,4703,73422,191540,240934
"J","South East","11","Buckinghamshire",,,370622,246965,184224,28802,33939,123657,73154,2840,405,5748,17298,24212
"J","South East","21","East Sussex",,,387913,245111,169502,38734,36875,142802,71803,2087,555,7192,24948,36217
"J","South East","24","Hampshire",,,966839,645847,462537,90802,92508,320992,177556,4451,986,15891,53064,69044
"J","South East","29","Kent",,,1033162,663707,467456,89785,106466,369455,203430,5919,1127,19451,58299,81229
"J","South East","38","Oxfordshire",,,465230,295738,213832,35568,46338,169492,104411,2829,462,6860,24126,30804
"J","South East","43","Surrey",,,828959,536561,394106,62978,79477,292398,169959,5954,1027,13281,42186,59991
"J","South East","45","West Sussex",,,594897,383353,271533,55613,56207,211544,111717,3637,707,10361,34417,50705
"K","South West","15","Cornwall and Isles of Scilly",,,400482,257074,176439,41931,38704,143408,72433,1845,442,6566,27061,35061
"K","South West","18","Devon",,,557983,361761,252927,55518,53316,196222,102095,2792,646,9064,33447,48178
"K","South West","19","Dorset",,,311986,209843,150452,32896,26495,102143,49510,1460,422,4816,17544,28391
"K","South West","23","Gloucestershire",,,443577,285660,202856,38044,44760,157917,87887,2363,452,7289,25337,34589
"K","South West","40","Somerset",,,390853,257201,180224,38264,38713,133652,68995,2113,453,6570,23286,32235
"K","South West","46","Wiltshire",,,333246,225365,163009,31377,30979,107881,58750,1372,313,5354,18251,23841