DATASET_TITLE,Dwellings (UV55),,,,,,,,FROM,Apr-2001,Apr-2001,Apr-2001
AREA_TYPE,Country,,,,,,,,TO,Apr-2001,Apr-2001,Apr-2001
GEO_HIERARCHY,NeSS Geography Hierarchy,,,,,,,,HEADING,All Dwellings,Unshared Dwellings,Shared Dwellings
,,,,,,,,,MEASUREMENT_UNIT,Count,Count,Count
,,,,,,,,,STATISTICAL_UNIT,Dwellings,Dwellings,Dwellings
UK_CODE,UK_NAME,GB_CODE,GB_NAME,EW_CODE,EW_NAME,CTRY_CODE,CTRY_NAME,AREA_METADATA,,DATA_VALUE,DATA_VALUE,DATA_VALUE
"213","United Kingdom","078","Great Britain","727","England and Wales","064","England",,,21206804,21185294,21510
"213","United Kingdom","078","Great Britain","727","England and Wales","220","Wales",,,1274501,1273940,561