DATASET_TITLE,Approximated Social Grade - Workplace Population (UV78),,,,,,FROM,Apr-2001,Apr-2001,Apr-2001,Apr-2001,Apr-2001,Apr-2001
AREA_TYPE,Local Authority,,,,,,TO,Apr-2001,Apr-2001,Apr-2001,Apr-2001,Apr-2001,Apr-2001
GEO_HIERARCHY,NeSS Geography Hierarchy,,,,,,HEADING,All People Aged 16 to 74 in Employment in Area,AB:  Higher and intermediate managerial / administrative / professional,"C1:  Supervisory,  clerical,  junior managerial / administrative / professional",C2:  Skilled manual workers,D:   Semi-skilled and unskilled manual workers,"E:   On state benefit, unemployed, lowest grade workers"
,,,,,,,MEASUREMENT_UNIT,Count,Count,Count,Count,Count,Count
,,,,,,,STATISTICAL_UNIT,Persons,Persons,Persons,Persons,Persons,Persons
GOR_CODE,GOR_NAME,CTY_CODE,CTY_NAME,LA_CODE,LA_NAME,AREA_METADATA,,DATA_VALUE,DATA_VALUE,DATA_VALUE,DATA_VALUE,DATA_VALUE,DATA_VALUE
"K","South West",,,"00HA","Bath and North East Somerset",,,80510,19960,30165,11622,18388,375
"K","South West",,,"00HB","Bristol, City of",,,215420,56401,87072,28407,42867,673
"K","South West",,,"00HC","North Somerset",,,72519,14012,26345,12587,19427,148
"K","South West",,,"00HD","South Gloucestershire",,,128099,35288,43336,19381,29781,313
"K","South West",,,"00HG","Plymouth",,,113075,23824,38172,21002,29683,394
"K","South West",,,"00HH","Torbay",,,51926,9341,18272,8850,15371,92
"K","South West",,,"00HN","Bournemouth",,,71853,15199,29802,10235,16325,292
"K","South West",,,"00HP","Poole",,,67760,15201,24352,11671,16404,132
"K","South West",,,"00HX","Swindon",,,108177,28104,39018,14509,26387,159
"K","South West","15","Cornwall and Isles of Scilly","15UB","Caradon",,,26953,3697,8397,6938,7861,60
"K","South West","15","Cornwall and Isles of Scilly","15UC","Carrick",,,42789,8273,15775,7635,11000,106
"K","South West","15","Cornwall and Isles of Scilly","15UD","Kerrier",,,34780,5420,10796,8481,10020,63
"K","South West","15","Cornwall and Isles of Scilly","15UE","North Cornwall",,,35269,4827,11462,8507,10401,72
"K","South West","15","Cornwall and Isles of Scilly","15UF","Penwith",,,22839,2948,8044,4939,6861,47
"K","South West","15","Cornwall and Isles of Scilly","15UG","Restormel",,,38644,5470,12760,8823,11518,73
"K","South West","15","Cornwall and Isles of Scilly","15UH","Isles of Scilly",,,1288,133,499,287,369,0
"K","South West","18","Devon","18UB","East Devon",,,45230,6914,15831,9967,12416,102
"K","South West","18","Devon","18UC","Exeter",,,71232,16890,27846,9655,16574,267
"K","South West","18","Devon","18UD","Mid Devon",,,26863,3784,8862,6796,7370,51
"K","South West","18","Devon","18UE","North Devon",,,40549,6309,13496,8650,12010,84
"K","South West","18","Devon","18UG","South Hams",,,37824,5811,14421,7849,9663,80
"K","South West","18","Devon","18UH","Teignbridge",,,44263,6849,15328,9508,12464,114
"K","South West","18","Devon","18UK","Torridge",,,22072,2868,6790,5812,6567,35
"K","South West","18","Devon","18UL","West Devon",,,18558,2525,6364,4644,4983,42
"K","South West","19","Dorset","19UC","Christchurch",,,18945,4587,6565,3379,4372,42
"K","South West","19","Dorset","19UD","East Dorset",,,30128,5490,10887,6154,7535,62
"K","South West","19","Dorset","19UE","North Dorset",,,25552,4034,8303,6715,6455,45
"K","South West","19","Dorset","19UG","Purbeck",,,18450,3464,6405,4113,4439,29
"K","South West","19","Dorset","19UH","West Dorset",,,42382,7917,15183,7968,11224,90
"K","South West","19","Dorset","19UJ","Weymouth and Portland",,,20435,3132,7175,4030,6042,56
"K","South West","23","Gloucestershire","23UB","Cheltenham",,,59627,15986,23269,7118,12912,342
"K","South West","23","Gloucestershire","23UC","Cotswold",,,36808,6930,13515,6896,9384,83
"K","South West","23","Gloucestershire","23UD","Forest of Dean",,,28457,4401,8953,6568,8476,59
"K","South West","23","Gloucestershire","23UE","Gloucester",,,58835,13004,22705,8571,14461,94
"K","South West","23","Gloucestershire","23UF","Stroud",,,43996,8467,15376,8315,11763,75
"K","South West","23","Gloucestershire","23UG","Tewkesbury",,,37467,8664,13077,6521,9156,49
"K","South West","40","Somerset","40UB","Mendip",,,43859,7563,14519,9086,12561,130
"K","South West","40","Somerset","40UC","Sedgemoor",,,41029,6449,13178,8982,12356,64
"K","South West","40","Somerset","40UD","South Somerset",,,71988,14399,22213,16511,18735,130
"K","South West","40","Somerset","40UE","Taunton Deane",,,51399,10642,18528,9016,13092,121
"K","South West","40","Somerset","40UF","West Somerset",,,13364,1829,4439,2796,4264,36
"K","South West","46","Wiltshire","46UB","Kennet",,,32073,5665,10785,8135,7429,59
"K","South West","46","Wiltshire","46UC","North Wiltshire",,,55481,12007,18460,11563,13348,103
"K","South West","46","Wiltshire","46UD","Salisbury",,,57282,12111,20196,11794,13032,149
"K","South West","46","Wiltshire","46UF","West Wiltshire",,,50771,9090,17207,10122,14259,93