DATASET_TITLE,"Worklessness: Economic Activity, April 2006 - March 2007",,,,,,FROM,Apr-2006,Apr-2006,Apr-2006,Apr-2006,Apr-2006,Apr-2006,Apr-2006,Apr-2006,Apr-2006,Apr-2006,Apr-2006,Apr-2006
AREA_TYPE,Local Authority,,,,,,TO,Mar-2007,Mar-2007,Mar-2007,Mar-2007,Mar-2007,Mar-2007,Mar-2007,Mar-2007,Mar-2007,Mar-2007,Mar-2007,Mar-2007
GEO_HIERARCHY,NeSS Geography Hierarchy,,,,,,HEADING,Economically Active; Aged 16-64 (Males); 16-59 (Females),Economic Activity Rate; Aged 16-64 (Males); 16-59 (Females),Economic Activity Rate Confidence Interval; Aged 16-64 (Males); 16-59 (Females),In Employment; Aged 16-64 (Males); 16-59 (Females),Employment Rate; Aged 16-64 (Males); 16-59 (Females),Employment Rate Confidence Interval; Aged 16-64 (Males); 16-59 (Females),Unemployed; Aged 16-64 (Males); 16-59 (Females),Unemployment Rate; Aged 16-64 (Males); 16-59 (Females),Unemployment Rate Confidence Interval; Aged 16-64 (Males); 16-59 (Females),Economically Inactive; Aged 16-64 (Males); 16-59 (Females),Economic Inactivity Rate; Aged 16-64 (Males); 16-59 (Females),Economic Inactivity Rate Confidence Interval; Aged 16-64 (Males); 16-59 (Females)
,,,,,,,MEASUREMENT_UNIT,Count,Percentage,Percentage Points,Count,Percentage,Percentage Points,Count,Percentage,Percentage Points,Count,Percentage,Percentage Points
,,,,,,,STATISTICAL_UNIT,Persons,Persons,Persons,Persons,Persons,Persons,Persons,Persons,Persons,Persons,Persons,Persons
GOR_CODE,GOR_NAME,CTY_CODE,CTY_NAME,LA_CODE,LA_NAME,AREA_METADATA,,DATA_VALUE,DATA_VALUE,DATA_VALUE,DATA_VALUE,DATA_VALUE,DATA_VALUE,DATA_VALUE,DATA_VALUE,DATA_VALUE,DATA_VALUE,DATA_VALUE,DATA_VALUE
"A","North East",,,"00CH","Gateshead",,,90100,73.5,2.5,85100,69.4,2.6,5000,5.6,1.5,32500,26.5,2.5
"A","North East",,,"00CJ","Newcastle upon Tyne",,,129800,72,2.5,119600,66.3,2.7,10200,7.8,1.8,50500,28,2.5
"A","North East",,,"00CK","North Tyneside",,,99800,79.5,2.4,92900,74,2.7,6900,6.9,1.7,25800,20.5,2.4
"A","North East",,,"00CL","South Tyneside",,,68300,70.8,2.6,61200,63.4,2.8,7100,10.4,2.1,28200,29.2,2.6
"A","North East",,,"00CM","Sunderland",,,131100,72.1,2.6,122100,67.2,2.8,9000,6.9,1.8,50700,27.9,2.6
"A","North East",,,"00EB","Hartlepool",,,41000,71.6,2.6,36900,64.4,2.7,4100,10,2,16300,28.4,2.6
"A","North East",,,"00EC","Middlesbrough",,,62800,70.6,2.6,58200,65.3,2.7,4700,7.4,1.8,26200,29.4,2.6
"A","North East",,,"00EE","Redcar and Cleveland",,,64400,74.3,2.5,59700,68.9,2.6,4700,7.3,1.7,22200,25.7,2.5
"A","North East",,,"00EF","Stockton-on-Tees",,,91500,74,2.7,87000,70.4,2.8,4400,4.8,1.5,32100,26,2.7
"A","North East",,,"00EH","Darlington",,,48900,77.4,2.5,47000,74.4,2.6,1900,3.8,1.3,14300,22.6,2.5
"A","North East",,,"00EJ","Durham",,,243700,75.5,2.4,230000,71.3,2.5,13600,5.6,1.5,79100,24.5,2.4
"A","North East",,,"00EM","Northumberland",,,149400,76,2.6,139500,71,2.7,9900,6.6,1.7,47000,24,2.6
"B","North West",,,"00BL","Bolton",,,126100,74.4,2.6,119100,70.3,2.7,7000,5.5,1.6,43500,25.6,2.6
"B","North West",,,"00BM","Bury",,,88700,74.8,2.6,83300,70.2,2.7,5500,6.1,1.6,29800,25.2,2.6
"B","North West",,,"00BN","Manchester",,,216900,69.6,2.5,203400,65.3,2.6,13500,6.2,1.6,94700,30.4,2.5
"B","North West",,,"00BP","Oldham",,,99400,71.4,2.7,93400,67.1,2.8,6000,6.1,1.7,39800,28.6,2.7
"B","North West",,,"00BQ","Rochdale",,,97500,73.6,2.6,91900,69.4,2.7,5700,5.8,1.6,34900,26.4,2.6
"B","North West",,,"00BR","Salford",,,106100,74.9,2.3,99500,70.2,2.5,6600,6.2,1.5,35600,25.1,2.3
"B","North West",,,"00BS","Stockport",,,146200,81.6,2.4,139600,77.9,2.6,6600,4.5,1.4,33100,18.4,2.4
"B","North West",,,"00BT","Tameside",,,106800,76.4,2.3,100800,72.1,2.5,6000,5.6,1.5,33000,23.6,2.3
"B","North West",,,"00BU","Trafford",,,106700,79.1,2.4,102600,76,2.5,4200,3.9,1.3,28200,20.9,2.4
"B","North West",,,"00BW","Wigan",,,148900,74.4,2.8,141000,70.5,2.9,7900,5.3,1.7,51300,25.6,2.8
"B","North West",,,"00BX","Knowsley",,,69200,71.4,2.5,63300,65.4,2.7,5900,8.5,1.9,27600,28.6,2.5
"B","North West",,,"00BY","Liverpool",,,201200,69.7,2.5,181000,62.6,2.7,20200,10.1,2,87700,30.3,2.5
"B","North West",,,"00BZ","St. Helens",,,81800,71.8,2.5,77600,68,2.6,4300,5.2,1.5,32200,28.2,2.5
"B","North West",,,"00CA","Sefton",,,124500,73.8,2.6,116800,69.2,2.8,7700,6.2,1.7,44300,26.2,2.6
"B","North West",,,"00CB","Wirral",,,141300,72.8,2.8,132000,68,3,9300,6.6,1.9,52700,27.2,2.8
"B","North West",,,"00EQ","Cheshire East",,,188100,82.5,2.9,180500,79.2,3.1,7500,4,1.6,39900,17.5,2.9
"B","North West",,,"00ET","Halton",,,56100,72.1,2.7,52100,67,2.8,4000,7.1,1.8,21700,27.9,2.7
"B","North West",,,"00EU","Warrington",,,100800,80.2,2.3,97500,77.6,2.4,3200,3.2,1.1,24900,19.8,2.3
"B","North West",,,"00EW","Cheshire West and Chester",,,156500,75.1,3.6,151800,72.8,3.7,4700,3,1.6,52000,24.9,3.6
"B","North West",,,"00EX","Blackburn with Darwen",,,62200,70,2.4,57800,65,2.5,4400,7,1.6,26700,30,2.4
"B","North West",,,"00EY","Blackpool",,,61800,71.9,2.6,58100,67.6,2.7,3700,6,1.6,24100,28.1,2.6
"B","North West","16","Cumbria","16UB","Allerdale",,,44500,75.3,5.7,42700,72.3,5.9,1800,3.9,..,14600,24.7,5.7
"B","North West","16","Cumbria","16UC","Barrow-in-Furness",,,31600,69.6,7.8,30400,66.9,8,1200,3.9,..,13800,30.4,7.8
"B","North West","16","Cumbria","16UD","Carlisle",,,52400,79.9,5.3,49900,76.1,5.6,2500,4.8,..,13200,20.1,5.3
"B","North West","16","Cumbria","16UE","Copeland",,,32500,73.6,7.5,30900,70.2,7.7,1500,4.7,..,11600,26.4,7.5
"B","North West","16","Cumbria","16UF","Eden",,,27700,85.1,7.1,27000,82.9,7.5,x,x,x,4800,14.9,7.1
"B","North West","16","Cumbria","16UG","South Lakeland",,,49500,77.8,5.7,46800,73.5,6.1,2700,5.5,..,14100,22.2,5.7
"B","North West","30","Lancashire","30UD","Burnley",,,39000,71,6.7,35000,63.8,7.1,4000,10.2,5.4,15900,29,6.7
"B","North West","30","Lancashire","30UE","Chorley",,,55300,80.4,5,53600,77.9,5.3,1700,3.2,..,13500,19.6,5
"B","North West","30","Lancashire","30UF","Fylde",,,35500,78.1,6.6,33800,74.3,7,1700,4.8,..,10000,21.9,6.6
"B","North West","30","Lancashire","30UG","Hyndburn",,,34800,68.3,7.3,33600,65.9,7.5,1200,3.5,..,16100,31.7,7.3
"B","North West","30","Lancashire","30UH","Lancaster",,,68000,73.2,5.6,66000,71.1,5.8,2000,2.9,..,24900,26.8,5.6
"B","North West","30","Lancashire","30UJ","Pendle",,,40700,71.4,6.6,37000,64.9,7,3700,9.1,5,16300,28.6,6.6
"B","North West","30","Lancashire","30UK","Preston",,,63300,74.3,5.1,58500,68.7,5.5,4700,7.5,3.6,21900,25.7,5.1
"B","North West","30","Lancashire","30UL","Ribble Valley",,,28600,79.2,7.9,28200,78,8.1,x,x,x,7500,20.8,7.9
"B","North West","30","Lancashire","30UM","Rossendale",,,31400,71.9,7.9,29700,68.1,8.2,1700,5.3,..,12200,28.1,7.9
"B","North West","30","Lancashire","30UN","South Ribble",,,56000,78.9,5.2,53800,75.8,5.5,2200,3.9,..,15000,21.1,5.2
"B","North West","30","Lancashire","30UP","West Lancashire",,,51400,73.6,5.6,49100,70.3,5.8,2300,4.5,..,18500,26.4,5.6
"B","North West","30","Lancashire","30UQ","Wyre",,,51400,78.3,5.5,48600,74.1,5.9,2800,5.4,..,14200,21.7,5.5
"D","Yorkshire and The Humber",,,"00CC","Barnsley",,,105400,72.9,2.5,99500,68.8,2.7,5900,5.6,1.6,39200,27.1,2.5
"D","Yorkshire and The Humber",,,"00CE","Doncaster",,,135800,74,2.6,128000,69.7,2.7,7900,5.8,1.6,47800,26,2.6
"D","Yorkshire and The Humber",,,"00CF","Rotherham",,,121000,74.4,2.5,112000,68.9,2.7,9000,7.5,1.8,41600,25.6,2.5
"D","Yorkshire and The Humber",,,"00CG","Sheffield",,,250600,72.2,2.6,231800,66.8,2.7,18800,7.5,1.8,96400,27.8,2.6
"D","Yorkshire and The Humber",,,"00CX","Bradford",,,226300,72.1,2.7,211600,67.4,2.8,14700,6.5,1.7,87500,27.9,2.7
"D","Yorkshire and The Humber",,,"00CY","Calderdale",,,99400,78.4,2.5,94600,74.6,2.7,4800,4.8,1.5,27400,21.6,2.5
"D","Yorkshire and The Humber",,,"00CZ","Kirklees",,,195100,76.6,2.5,186300,73.1,2.6,8800,4.5,1.4,59600,23.4,2.5
"D","Yorkshire and The Humber",,,"00DA","Leeds",,,397100,78.3,2,377100,74.3,2.1,20000,5,1.2,110300,21.7,2
"D","Yorkshire and The Humber",,,"00DB","Wakefield",,,159700,76.7,2.6,151700,72.9,2.7,8000,5,1.5,48400,23.3,2.6
"D","Yorkshire and The Humber",,,"00FA","Kingston upon Hull, City of",,,120400,70.9,2.7,109600,64.6,2.8,10800,9,2,49400,29.1,2.7
"D","Yorkshire and The Humber",,,"00FB","East Riding of Yorkshire",,,163500,79.2,2.3,156100,75.6,2.4,7500,4.6,1.3,42900,20.8,2.3
"D","Yorkshire and The Humber",,,"00FC","North East Lincolnshire",,,77400,77.3,2.5,72200,72.1,2.7,5200,6.7,1.7,22700,22.7,2.5
"D","Yorkshire and The Humber",,,"00FD","North Lincolnshire",,,78900,79,2.6,74500,74.5,2.7,4500,5.7,1.6,21000,21,2.6
"D","Yorkshire and The Humber",,,"00FF","York",,,104200,80.3,2.4,98500,75.9,2.6,5800,5.5,1.6,25500,19.7,2.4
"D","Yorkshire and The Humber","36","North Yorkshire","36UB","Craven",,,28800,83.9,7.4,27700,80.7,8,1100,3.8,..,5500,16.1,7.4
"D","Yorkshire and The Humber","36","North Yorkshire","36UC","Hambleton",,,41800,79.4,6.3,39700,75.3,6.7,2100,5.1,..,10900,20.6,6.3
"D","Yorkshire and The Humber","36","North Yorkshire","36UD","Harrogate",,,75300,77.3,5.1,74500,76.4,5.2,x,x,x,22100,22.7,5.1
"D","Yorkshire and The Humber","36","North Yorkshire","36UE","Richmondshire",,,24100,81,7.7,23700,79.5,8,x,x,x,5700,19,7.7
"D","Yorkshire and The Humber","36","North Yorkshire","36UF","Ryedale",,,24400,74.4,8.4,23300,71.1,8.7,1100,4.4,..,8400,25.6,8.4
"D","Yorkshire and The Humber","36","North Yorkshire","36UG","Scarborough",,,50100,74.6,6.1,47500,70.7,6.4,2600,5.2,..,17100,25.4,6.1
"D","Yorkshire and The Humber","36","North Yorkshire","36UH","Selby",,,37400,73.9,6.6,34400,68.1,7,3000,7.9,..,13200,26.1,6.6
"E","East Midlands",,,"00FK","Derby",,,111600,73.8,2.5,105200,69.6,2.6,6300,5.7,1.6,39600,26.2,2.5
"E","East Midlands",,,"00FN","Leicester",,,141300,73.2,2.3,130000,67.4,2.5,11300,8,1.7,51700,26.8,2.3
"E","East Midlands",,,"00FP","Rutland",,,18200,81.1,4.2,17500,77.7,4.4,800,4.2,2.4,4200,18.9,4.2
"E","East Midlands",,,"00FY","Nottingham",,,143500,71.7,2.5,129500,64.7,2.7,14000,9.7,2,56700,28.3,2.5
"E","East Midlands","17","Derbyshire","17UB","Amber Valley",,,61600,80,4.9,60000,77.9,5.1,1600,2.7,..,15400,20,4.9
"E","East Midlands","17","Derbyshire","17UC","Bolsover",,,35700,75.3,6.6,33100,69.6,7,2700,7.5,4.6,11700,24.7,6.6
"E","East Midlands","17","Derbyshire","17UD","Chesterfield",,,51300,80.3,5.3,47700,74.7,5.8,3600,7.1,3.8,12600,19.7,5.3
"E","East Midlands","17","Derbyshire","17UF","Derbyshire Dales",,,33600,76.6,6.9,32100,73,7.2,1600,4.7,..,10300,23.4,6.9
"E","East Midlands","17","Derbyshire","17UG","Erewash",,,58500,81.5,4.9,55700,77.6,5.3,2800,4.7,..,13300,18.5,4.9
"E","East Midlands","17","Derbyshire","17UH","High Peak",,,48000,80.4,5.9,46300,77.6,6.2,1700,3.5,..,11700,19.6,5.9
"E","East Midlands","17","Derbyshire","17UJ","North East Derbyshire",,,48800,80.2,5.6,46400,76.3,6,2400,4.9,..,12000,19.8,5.6
"E","East Midlands","17","Derbyshire","17UK","South Derbyshire",,,48300,82.5,5.7,45800,78.4,6.2,2400,5,..,10200,17.5,5.7
"E","East Midlands","31","Leicestershire","31UB","Blaby",,,48500,84.6,5.1,47500,83,5.4,1000,2,..,8800,15.4,5.1
"E","East Midlands","31","Leicestershire","31UC","Charnwood",,,91100,80.8,3.8,85800,76.1,4.2,5300,5.8,2.5,21700,19.2,3.8
"E","East Midlands","31","Leicestershire","31UD","Harborough",,,42700,83.7,5.6,41500,81.3,5.9,1200,2.8,..,8300,16.3,5.6
"E","East Midlands","31","Leicestershire","31UE","Hinckley and Bosworth",,,54500,79.3,5.3,52100,75.7,5.6,2500,4.5,..,14200,20.7,5.3
"E","East Midlands","31","Leicestershire","31UG","Melton",,,25900,82.5,8.4,25500,81.2,8.6,x,x,x,5500,17.5,8.4
"E","East Midlands","31","Leicestershire","31UH","North West Leicestershire",,,46900,81.3,5.2,45200,78.3,5.5,1700,3.6,..,10800,18.7,5.2
"E","East Midlands","31","Leicestershire","31UJ","Oadby and Wigston",,,28500,80.8,7.8,27300,77.4,8.3,1200,4.2,..,6700,19.2,7.8
"E","East Midlands","32","Lincolnshire","32UB","Boston",,,29200,82.3,6.6,26700,75.3,7.5,2500,8.5,..,6300,17.7,6.6
"E","East Midlands","32","Lincolnshire","32UC","East Lindsey",,,58800,72.6,5.8,55300,68.3,6,3500,5.9,3.6,22200,27.4,5.8
"E","East Midlands","32","Lincolnshire","32UD","Lincoln",,,46800,80.2,5.7,44000,75.4,6.1,2800,6,..,11600,19.8,5.7
"E","East Midlands","32","Lincolnshire","32UE","North Kesteven",,,50800,79.4,5.3,48700,76.2,5.5,2100,4.1,..,13200,20.6,5.3
"E","East Midlands","32","Lincolnshire","32UF","South Holland",,,38300,75.8,7.5,36900,72.9,7.8,1500,3.8,..,12200,24.2,7.5
"E","East Midlands","32","Lincolnshire","32UG","South Kesteven",,,64000,76.6,5,60400,72.3,5.3,3600,5.6,3.1,19500,23.4,5
"E","East Midlands","32","Lincolnshire","32UH","West Lindsey",,,43700,81.8,5.7,42600,79.9,6,1000,2.4,..,9700,18.2,5.7
"E","East Midlands","34","Northamptonshire","34UB","Corby",,,29400,82.9,7.6,27300,77,8.5,2100,7.2,..,6100,17.1,7.6
"E","East Midlands","34","Northamptonshire","34UC","Daventry",,,41500,80.5,6,41200,79.8,6,x,x,x,10100,19.5,6
"E","East Midlands","34","Northamptonshire","34UD","East Northamptonshire",,,44300,81.5,5.6,42700,78.7,5.9,1600,3.5,..,10000,18.5,5.6
"E","East Midlands","34","Northamptonshire","34UE","Kettering",,,47200,84.1,5.2,44600,79.4,5.7,2600,5.6,..,9000,15.9,5.2
"E","East Midlands","34","Northamptonshire","34UF","Northampton",,,105200,79.7,3.9,101500,76.9,4.1,3700,3.5,2,26800,20.3,3.9
"E","East Midlands","34","Northamptonshire","34UG","South Northamptonshire",,,50500,86.6,4.8,49500,84.8,5,1100,2.1,..,7800,13.4,4.8
"E","East Midlands","34","Northamptonshire","34UH","Wellingborough",,,39600,83.6,6,37900,79.8,6.4,1800,4.5,..,7800,16.4,6
"E","East Midlands","37","Nottinghamshire","37UB","Ashfield",,,56600,74.7,5.4,53800,71,5.7,2800,4.9,..,19200,25.3,5.4
"E","East Midlands","37","Nottinghamshire","37UC","Bassetlaw",,,51500,73.8,5.6,49200,70.6,5.8,2300,4.5,..,18300,26.2,5.6
"E","East Midlands","37","Nottinghamshire","37UD","Broxtowe",,,54600,74.6,5.6,50500,69,6,4100,7.5,4,18600,25.4,5.6
"E","East Midlands","37","Nottinghamshire","37UE","Gedling",,,57500,80.3,5.2,55600,77.6,5.4,1900,3.3,..,14100,19.7,5.2
"E","East Midlands","37","Nottinghamshire","37UF","Mansfield",,,45800,71.2,6,42300,65.8,6.2,3400,7.5,4.1,18600,28.8,6
"E","East Midlands","37","Nottinghamshire","37UG","Newark and Sherwood",,,55900,79.6,4.8,52100,74.1,5.2,3900,6.9,3.4,14300,20.4,4.8
"E","East Midlands","37","Nottinghamshire","37UJ","Rushcliffe",,,56200,81,5,54900,79.1,5.2,1300,2.3,..,13200,19,5
"F","West Midlands",,,"00CN","Birmingham",,,434400,68.1,2.2,393100,61.6,2.3,41300,9.5,1.7,203800,31.9,2.2
"F","West Midlands",,,"00CQ","Coventry",,,154700,76.8,2.5,145000,71.9,2.6,9800,6.3,1.6,46800,23.2,2.5
"F","West Midlands",,,"00CR","Dudley",,,148800,75.9,2.6,141400,72.1,2.7,7400,5,1.5,47300,24.1,2.6
"F","West Midlands",,,"00CS","Sandwell",,,124400,69,2.6,116300,64.5,2.7,8100,6.5,1.7,56000,31,2.6
"F","West Midlands",,,"00CT","Solihull",,,101300,80.1,2.5,97000,76.7,2.7,4400,4.3,1.4,25100,19.9,2.5
"F","West Midlands",,,"00CU","Walsall",,,111900,70.8,2.8,103300,65.3,2.9,8600,7.7,1.9,46200,29.2,2.8
"F","West Midlands",,,"00CW","Wolverhampton",,,108300,72.2,2.7,99900,66.6,2.8,8400,7.8,1.9,41800,27.8,2.7
"F","West Midlands",,,"00GA","Herefordshire, County of",,,86900,79.7,2.5,83800,76.9,2.6,3100,3.6,1.3,22100,20.3,2.5
"F","West Midlands",,,"00GF","Telford and Wrekin",,,80900,76.2,2.8,76200,71.7,3,4800,5.9,1.8,25300,23.8,2.8
"F","West Midlands",,,"00GG","Shropshire",,,139300,78.8,2.6,133000,75.3,2.7,6200,4.5,1.5,37400,21.2,2.6
"F","West Midlands",,,"00GL","Stoke-on-Trent",,,112600,72.6,2.6,106700,68.8,2.7,5900,5.3,1.5,42500,27.4,2.6
"F","West Midlands","41","Staffordshire","41UB","Cannock Chase",,,49200,79.1,6.2,47800,77,6.4,1400,2.8,..,13000,20.9,6.2
"F","West Midlands","41","Staffordshire","41UC","East Staffordshire",,,53400,78.3,5.7,50600,74.3,6.1,2800,5.2,..,14800,21.7,5.7
"F","West Midlands","41","Staffordshire","41UD","Lichfield",,,51100,83.8,5.7,49600,81.4,6,1500,2.9,..,9900,16.2,5.7
"F","West Midlands","41","Staffordshire","41UE","Newcastle-under-Lyme",,,55000,70.7,6.3,51400,66,6.5,3600,6.5,..,22800,29.3,6.3
"F","West Midlands","41","Staffordshire","41UF","South Staffordshire",,,50900,74.4,6.2,49500,72.3,6.4,1500,2.9,..,17500,25.6,6.2
"F","West Midlands","41","Staffordshire","41UG","Stafford",,,64900,82.3,5,62200,78.8,5.4,2700,4.2,..,14000,17.7,5
"F","West Midlands","41","Staffordshire","41UH","Staffordshire Moorlands",,,47400,78.2,5.8,46300,76.4,5.9,1100,2.3,..,13200,21.8,5.8
"F","West Midlands","41","Staffordshire","41UK","Tamworth",,,40100,79.2,6.9,39700,78.4,7,x,x,x,10500,20.8,6.9
"F","West Midlands","44","Warwickshire","44UB","North Warwickshire",,,33400,83.3,6.3,31900,79.7,6.8,1500,4.4,..,6700,16.7,6.3
"F","West Midlands","44","Warwickshire","44UC","Nuneaton and Bedworth",,,62500,81.1,4.4,58800,76.2,4.8,3700,6,3,14600,18.9,4.4
"F","West Midlands","44","Warwickshire","44UD","Rugby",,,45000,80.5,5.6,42800,76.6,5.9,2200,4.9,..,10900,19.5,5.6
"F","West Midlands","44","Warwickshire","44UE","Stratford-on-Avon",,,61300,82.8,4.2,60100,81.3,4.4,1100,1.8,..,12700,17.2,4.2
"F","West Midlands","44","Warwickshire","44UF","Warwick",,,68900,78.2,4.3,65900,74.8,4.5,3000,4.3,2.4,19200,21.8,4.3
"F","West Midlands","47","Worcestershire","47UB","Bromsgrove",,,50200,88.1,4.7,49600,87,4.9,x,x,x,6800,11.9,4.7
"F","West Midlands","47","Worcestershire","47UC","Malvern Hills",,,36200,83.1,6.3,35600,81.6,6.5,x,x,x,7400,16.9,6.3
"F","West Midlands","47","Worcestershire","47UD","Redditch",,,44100,81.8,5.3,42400,78.6,5.6,1700,3.8,..,9800,18.2,5.3
"F","West Midlands","47","Worcestershire","47UE","Worcester",,,48800,79.9,5.2,47500,77.8,5.4,1300,2.6,..,12300,20.1,5.2
"F","West Midlands","47","Worcestershire","47UF","Wychavon",,,58500,80.9,5,56200,77.7,5.3,2300,4,..,13800,19.1,5
"F","West Midlands","47","Worcestershire","47UG","Wyre Forest",,,47600,74.3,6.6,45000,70.2,6.9,2600,5.5,..,16500,25.7,6.6
"G","East of England",,,"00JA","Peterborough",,,83600,78.4,2.4,79000,74,2.5,4700,5.6,1.5,23000,21.6,2.4
"G","East of England",,,"00KA","Luton",,,90800,74.7,2.6,82400,67.8,2.8,8400,9.2,2,30700,25.3,2.6
"G","East of England",,,"00KB","Bedford",,,79100,79.5,4.4,75000,75.4,4.7,4100,5.2,2.7,20300,20.5,4.4
"G","East of England",,,"00KC","Central Bedfordshire",,,127700,77.7,3.5,120300,73.2,3.7,7400,5.8,2.2,36600,22.3,3.5
"G","East of England",,,"00KF","Southend-on-Sea",,,79200,79.1,2.5,74600,74.5,2.6,4600,5.8,1.6,21000,20.9,2.5
"G","East of England",,,"00KG","Thurrock",,,75400,76.3,2.6,72400,73.3,2.7,3000,4,1.4,23400,23.7,2.6
"G","East of England","12","Cambridgeshire","12UB","Cambridge",,,60300,72.5,6.1,56400,67.8,6.4,3900,6.5,..,22900,27.5,6.1
"G","East of England","12","Cambridgeshire","12UC","East Cambridgeshire",,,41000,80.6,6.5,39300,77.4,6.9,1600,4,..,9800,19.4,6.5
"G","East of England","12","Cambridgeshire","12UD","Fenland",,,40100,72.8,6.4,36800,66.7,6.8,3400,8.3,4.7,15000,27.2,6.4
"G","East of England","12","Cambridgeshire","12UE","Huntingdonshire",,,91200,83.2,4.1,86700,79.1,4.4,4500,5,2.6,18400,16.8,4.1
"G","East of England","12","Cambridgeshire","12UG","South Cambridgeshire",,,71700,83.8,3.9,69600,81.3,4.1,2100,3,..,13900,16.2,3.9
"G","East of England","22","Essex","22UB","Basildon",,,87500,80.1,4.6,84700,77.5,4.8,2900,3.3,..,21700,19.9,4.6
"G","East of England","22","Essex","22UC","Braintree",,,71400,79.6,4.7,70200,78.3,4.8,1200,1.7,..,18200,20.4,4.7
"G","East of England","22","Essex","22UD","Brentwood",,,32500,74.4,8.3,32500,74.4,8.3,x,x,x,11200,25.6,8.3
"G","East of England","22","Essex","22UE","Castle Point",,,43000,76.6,7.1,42600,75.9,7.1,x,x,x,13200,23.4,7.1
"G","East of England","22","Essex","22UF","Chelmsford",,,88500,84.5,4,86200,82.3,4.2,2200,2.5,..,16300,15.5,4
"G","East of England","22","Essex","22UG","Colchester",,,86800,76.6,4.5,82200,72.5,4.8,4600,5.3,2.7,26500,23.4,4.5
"G","East of England","22","Essex","22UH","Epping Forest",,,57900,73.5,6.3,54800,69.6,6.6,3100,5.3,..,20900,26.5,6.3
"G","East of England","22","Essex","22UJ","Harlow",,,42900,83.7,6,42200,82.4,6.2,x,x,x,8400,16.3,6
"G","East of England","22","Essex","22UK","Maldon",,,31200,80.4,7,29500,75.9,7.6,1700,5.5,..,7600,19.6,7
"G","East of England","22","Essex","22UL","Rochford",,,38200,75.5,6.9,36200,71.6,7.2,2000,5.2,..,12400,24.5,6.9
"G","East of England","22","Essex","22UN","Tendring",,,57100,70.8,6.1,53200,66,6.4,3900,6.8,4,23500,29.2,6.1
"G","East of England","22","Essex","22UQ","Uttlesford",,,36500,80.3,6.4,36000,79,6.6,x,x,x,9000,19.7,6.4
"G","East of England","26","Hertfordshire","26UB","Broxbourne",,,47100,81.8,5.7,44900,78.1,6.1,2200,4.6,..,10500,18.2,5.7
"G","East of England","26","Hertfordshire","26UC","Dacorum",,,72300,81.5,4.6,68400,77.2,5,3800,5.3,3,16400,18.5,4.6
"G","East of England","26","Hertfordshire","26UD","East Hertfordshire",,,67200,76.7,5.1,64000,73,5.4,3300,4.9,..,20400,23.3,5.1
"G","East of England","26","Hertfordshire","26UE","Hertsmere",,,46800,76,6.2,44900,73,6.4,1900,4,..,14800,24,6.2
"G","East of England","26","Hertfordshire","26UF","North Hertfordshire",,,63300,80.7,4.8,57900,73.9,5.3,5300,8.4,3.8,15100,19.3,4.8
"G","East of England","26","Hertfordshire","26UG","St Albans",,,66000,81.1,4.4,63600,78.2,4.6,2400,3.6,..,15400,18.9,4.4
"G","East of England","26","Hertfordshire","26UH","Stevenage",,,40900,80.3,6.1,39400,77.2,6.4,1600,3.9,..,10100,19.7,6.1
"G","East of England","26","Hertfordshire","26UJ","Three Rivers",,,43900,82.9,5.5,40800,77,6.1,3100,7.1,4.1,9100,17.1,5.5
"G","East of England","26","Hertfordshire","26UK","Watford",,,43500,83,5.8,42500,81.1,6,1000,2.2,..,8900,17,5.8
"G","East of England","26","Hertfordshire","26UL","Welwyn Hatfield",,,50300,74.5,6.5,48900,72.4,6.6,1400,2.8,..,17200,25.5,6.5
"G","East of England","33","Norfolk","33UB","Breckland",,,62000,77.6,5,61200,76.7,5.1,800,1.3,..,17800,22.4,5
"G","East of England","33","Norfolk","33UC","Broadland",,,60800,79.8,4.8,59300,77.9,5,1500,2.5,..,15400,20.2,4.8
"G","East of England","33","Norfolk","33UD","Great Yarmouth",,,40300,69.6,7.1,38900,67.1,7.2,1500,3.6,..,17600,30.4,7.1
"G","East of England","33","Norfolk","33UE","King's Lynn and West Norfolk",,,64200,74.6,5.2,61200,71.1,5.4,3000,4.7,..,21900,25.4,5.2
"G","East of England","33","Norfolk","33UF","North Norfolk",,,42800,77.7,5.9,41300,74.9,6.2,1600,3.7,..,12300,22.3,5.9
"G","East of England","33","Norfolk","33UG","Norwich",,,69300,77.9,5.6,63800,71.7,6.1,5500,8,4.1,19700,22.1,5.6
"G","East of England","33","Norfolk","33UH","South Norfolk",,,59400,83.6,4.6,58000,81.6,4.9,1400,2.4,..,11700,16.4,4.6
"G","East of England","42","Suffolk","42UB","Babergh",,,41800,80.9,5.8,40400,78.2,6.1,1300,3.2,..,9900,19.1,5.8
"G","East of England","42","Suffolk","42UC","Forest Heath",,,30300,74.8,10.1,29900,73.6,10.3,x,x,x,10200,25.2,10.1
"G","East of England","42","Suffolk","42UD","Ipswich",,,65000,83.6,4.5,61700,79.4,4.9,3300,5.1,2.9,12700,16.4,4.5
"G","East of England","42","Suffolk","42UE","Mid Suffolk",,,45000,75.8,6.2,41800,70.4,6.6,3200,7.1,..,14400,24.2,6.2
"G","East of England","42","Suffolk","42UF","St Edmundsbury",,,51200,82.9,5.4,49500,80.1,5.8,1700,3.3,..,10600,17.1,5.4
"G","East of England","42","Suffolk","42UG","Suffolk Coastal",,,57900,77.2,5.3,56100,74.8,5.4,1800,3.1,..,17100,22.8,5.3
"G","East of England","42","Suffolk","42UH","Waveney",,,53600,79.1,5.1,48900,72.1,5.6,4800,8.9,4,14200,20.9,5.1
"H","London",,,"00AA","City of London",,,2100,78.9,..,2100,78.9,..,x,x,x,x,x,x
"H","London",,,"00AB","Barking and Dagenham",,,74500,70.9,3.8,67800,64.4,4,6800,9.1,2.9,30700,29.1,3.8
"H","London",,,"00AC","Barnet",,,160100,74.5,3.6,150400,70,3.8,9700,6.1,2.3,54900,25.5,3.6
"H","London",,,"00AD","Bexley",,,110700,78.4,3.4,103900,73.6,3.7,6800,6.2,2.3,30500,21.6,3.4
"H","London",,,"00AE","Brent",,,133800,72.2,4.1,119500,64.5,4.4,14300,10.7,3.4,51400,27.8,4.1
"H","London",,,"00AF","Bromley",,,153500,81,3.3,146400,77.3,3.5,7000,4.6,2,36000,19,3.3
"H","London",,,"00AG","Camden",,,118800,71,3.5,110500,66,3.7,8300,7,2.4,48600,29,3.5
"H","London",,,"00AH","Croydon",,,171800,76.5,3.3,158600,70.6,3.5,13100,7.6,2.4,52800,23.5,3.3
"H","London",,,"00AJ","Ealing",,,160800,75.3,3.3,148900,69.7,3.6,12000,7.5,2.4,52700,24.7,3.3
"H","London",,,"00AK","Enfield",,,138300,74.6,3.7,131800,71.1,3.9,6500,4.7,2.1,47000,25.4,3.7
"H","London",,,"00AL","Greenwich",,,112900,75.5,3.5,103100,68.9,3.8,9800,8.7,2.7,36600,24.5,3.5
"H","London",,,"00AM","Hackney",,,96300,67.3,3.7,85100,59.4,3.8,11200,11.7,3.1,46800,32.7,3.7
"H","London",,,"00AN","Hammersmith and Fulham",,,95000,75.7,3.5,87000,69.4,3.8,8000,8.4,2.7,30400,24.3,3.5
"H","London",,,"00AP","Haringey",,,117700,73.6,3.5,109900,68.7,3.7,7800,6.6,2.4,42200,26.4,3.5
"H","London",,,"00AQ","Harrow",,,108400,76.8,3.6,100300,71.1,3.9,8100,7.5,2.6,32700,23.2,3.6
"H","London",,,"00AR","Havering",,,110500,76.9,3.5,107500,74.9,3.7,3000,2.7,1.6,33100,23.1,3.5
"H","London",,,"00AS","Hillingdon",,,122100,74.3,3.8,113700,69.2,4,8400,6.9,2.5,42200,25.7,3.8
"H","London",,,"00AT","Hounslow",,,118500,77.5,3.2,108900,71.3,3.5,9500,8,2.4,34400,22.5,3.2
"H","London",,,"00AU","Islington",,,100600,73.5,3.4,92800,67.8,3.6,7700,7.7,2.5,36300,26.5,3.4
"H","London",,,"00AW","Kensington and Chelsea",,,82900,65.7,4.1,77000,61,4.3,6000,7.2,2.8,43300,34.3,4.1
"H","London",,,"00AX","Kingston upon Thames",,,85900,78.8,3.4,82800,76,3.5,3100,3.6,1.7,23100,21.2,3.4
"H","London",,,"00AY","Lambeth",,,142300,72.3,3.7,130400,66.3,3.9,11900,8.3,2.7,54400,27.7,3.7
"H","London",,,"00AZ","Lewisham",,,139500,77.6,3.4,126100,70.1,3.7,13400,9.6,2.7,40300,22.4,3.4
"H","London",,,"00BA","Merton",,,111200,80.8,3.1,103900,75.5,3.4,7400,6.6,2.2,26400,19.2,3.1
"H","London",,,"00BB","Newham",,,112100,65.9,3.6,96900,57,3.8,15200,13.6,3.3,57900,34.1,3.6
"H","London",,,"00BC","Redbridge",,,120300,72.8,3.9,111400,67.4,4.1,8900,7.4,2.7,45000,27.2,3.9
"H","London",,,"00BD","Richmond upon Thames",,,97000,80.4,3,93200,77.2,3.2,3800,3.9,1.7,23700,19.6,3
"H","London",,,"00BE","Southwark",,,137500,70.5,3.7,125800,64.5,3.9,11700,8.5,2.8,57500,29.5,3.7
"H","London",,,"00BF","Sutton",,,98800,82.5,3.5,93500,78.1,3.8,5200,5.3,2.3,20900,17.5,3.5
"H","London",,,"00BG","Tower Hamlets",,,97700,64.5,3.8,84700,55.9,3.9,13000,13.3,3.4,53700,35.5,3.8
"H","London",,,"00BH","Waltham Forest",,,107700,71.4,3.9,101200,67.1,4,6500,6,2.4,43200,28.6,3.9
"H","London",,,"00BJ","Wandsworth",,,164200,79,3.6,152500,73.4,3.9,11700,7.1,2.6,43600,21,3.6
"H","London",,,"00BK","Westminster",,,118300,67.3,3.7,110300,62.7,3.8,8000,6.8,2.4,57500,32.7,3.7
"J","South East",,,"00LC","Medway",,,129500,78.9,2.4,122400,74.6,2.6,7100,5.5,1.5,34600,21.1,2.4
"J","South East",,,"00MA","Bracknell Forest",,,62500,83.5,2.2,60700,81.1,2.3,1800,2.9,1.1,12300,16.5,2.2
"J","South East",,,"00MB","West Berkshire",,,80000,82.5,2.5,77300,79.6,2.6,2700,3.4,1.3,17000,17.5,2.5
"J","South East",,,"00MC","Reading",,,80300,80.8,2.4,76700,77.2,2.6,3600,4.5,1.4,19000,19.2,2.4
"J","South East",,,"00MD","Slough",,,62100,78.4,2.3,58000,73.2,2.5,4100,6.6,1.6,17100,21.6,2.3
"J","South East",,,"00ME","Windsor and Maidenhead",,,70800,79.4,2.4,68300,76.6,2.5,2500,3.5,1.2,18400,20.6,2.4
"J","South East",,,"00MF","Wokingham",,,84800,82.5,2.2,81300,79.2,2.4,3400,4,1.3,18000,17.5,2.2
"J","South East",,,"00MG","Milton Keynes",,,127100,84.3,2.4,120200,79.7,2.6,6900,5.5,1.6,23800,15.7,2.4
"J","South East",,,"00ML","Brighton and Hove",,,133000,77.2,2.4,124100,72,2.6,8900,6.7,1.6,39400,22.8,2.4
"J","South East",,,"00MR","Portsmouth",,,105100,78.9,2.6,98600,74,2.8,6600,6.2,1.7,28100,21.1,2.6
"J","South East",,,"00MS","Southampton",,,123400,76.9,2.6,114000,71,2.8,9400,7.6,1.9,37200,23.1,2.6
"J","South East",,,"00MW","Isle of Wight",,,60500,75.1,2.5,57900,71.8,2.6,2600,4.3,1.4,20100,24.9,2.5
"J","South East","11","Buckinghamshire","11UB","Aylesbury Vale",,,87400,76.9,4.5,85000,74.7,4.7,2400,2.8,..,26300,23.1,4.5
"J","South East","11","Buckinghamshire","11UC","Chiltern",,,43600,80,6.2,42100,77.4,6.5,1400,3.3,..,10900,20,6.2
"J","South East","11","Buckinghamshire","11UE","South Bucks",,,33900,83.4,6.3,31800,78.3,7,2100,6.2,..,6700,16.6,6.3
"J","South East","11","Buckinghamshire","11UF","Wycombe",,,84100,82.1,3.9,81000,79.1,4.1,3100,3.6,2.1,18300,17.9,3.9
"J","South East","21","East Sussex","21UC","Eastbourne",,,42200,77.1,6.4,40600,74.1,6.7,1600,3.9,..,12600,22.9,6.4
"J","South East","21","East Sussex","21UD","Hastings",,,41300,76.4,6.2,39400,72.9,6.5,1900,4.6,..,12800,23.6,6.2
"J","South East","21","East Sussex","21UF","Lewes",,,43600,78.3,6,40000,71.8,6.5,3600,8.3,4.5,12100,21.7,6
"J","South East","21","East Sussex","21UG","Rother",,,40200,80.6,5.8,38300,76.8,6.2,1900,4.7,..,9700,19.4,5.8
"J","South East","21","East Sussex","21UH","Wealden",,,67800,80.6,4.3,64400,76.6,4.7,3400,5,2.7,16300,19.4,4.3
"J","South East","24","Hampshire","24UB","Basingstoke and Deane",,,91300,86.9,3.6,88500,84.3,3.8,2700,3,..,13800,13.1,3.6
"J","South East","24","Hampshire","24UC","East Hampshire",,,56100,80.3,5.3,54000,77.2,5.6,2100,3.8,..,13800,19.7,5.3
"J","South East","24","Hampshire","24UD","Eastleigh",,,61300,78.1,5.2,59400,75.6,5.4,2000,3.2,..,17200,21.9,5.2
"J","South East","24","Hampshire","24UE","Fareham",,,53800,78.5,5.4,52600,76.8,5.5,1200,2.2,..,14700,21.5,5.4
"J","South East","24","Hampshire","24UF","Gosport",,,39300,82,6.1,38900,81.2,6.2,x,x,x,8600,18,6.1
"J","South East","24","Hampshire","24UG","Hart",,,49500,89,4.2,48400,87.1,4.5,1100,2.1,..,6100,11,4.2
"J","South East","24","Hampshire","24UH","Havant",,,58000,83.4,4.7,56400,81.1,4.9,1600,2.8,..,11500,16.6,4.7
"J","South East","24","Hampshire","24UJ","New Forest",,,81200,78.4,4.3,76700,74.1,4.6,4500,5.5,2.7,22300,21.6,4.3
"J","South East","24","Hampshire","24UL","Rushmoor",,,49000,84.6,5.1,47300,81.8,5.4,1600,3.4,..,8900,15.4,5.1
"J","South East","24","Hampshire","24UN","Test Valley",,,61100,84.2,4.5,59500,81.9,4.7,1600,2.7,..,11500,15.8,4.5
"J","South East","24","Hampshire","24UP","Winchester",,,55800,82.6,4.9,54400,80.5,5.1,1400,2.6,..,11700,17.4,4.9
"J","South East","29","Kent","29UB","Ashford",,,56700,80.3,5.2,52100,73.8,5.7,4600,8.1,4,13900,19.7,5.2
"J","South East","29","Kent","29UC","Canterbury",,,73100,78.7,5.1,68100,73.3,5.5,5000,6.8,3.5,19800,21.3,5.1
"J","South East","29","Kent","29UD","Dartford",,,47300,79.2,6.2,45500,76.1,6.5,1900,3.9,..,12500,20.8,6.2
"J","South East","29","Kent","29UE","Dover",,,48300,75,5.4,45200,70.2,5.7,3100,6.5,3.6,16100,25,5.4
"J","South East","29","Kent","29UG","Gravesham",,,49800,80,6.2,46600,74.9,6.7,3200,6.4,..,12500,20,6.2
"J","South East","29","Kent","29UH","Maidstone",,,72300,79.3,4.7,69700,76.4,5,2600,3.7,..,18900,20.7,4.7
"J","South East","29","Kent","29UK","Sevenoaks",,,56800,79.7,5.6,54900,77,5.8,1900,3.3,..,14500,20.3,5.6
"J","South East","29","Kent","29UL","Shepway",,,47100,79.4,5.3,45000,75.8,5.6,2100,4.5,..,12200,20.6,5.3
"J","South East","29","Kent","29UM","Swale",,,62600,76.5,5.1,59400,72.6,5.3,3200,5.1,3,19200,23.5,5.1
"J","South East","29","Kent","29UN","Thanet",,,54700,73.5,5.7,49700,66.7,6.1,5100,9.2,4.4,19800,26.5,5.7
"J","South East","29","Kent","29UP","Tonbridge and Malling",,,55700,76.6,5.8,54200,74.5,5.9,1500,2.7,..,17000,23.4,5.8
"J","South East","29","Kent","29UQ","Tunbridge Wells",,,51700,80.4,5.3,49400,76.8,5.6,2300,4.5,..,12600,19.6,5.3
"J","South East","38","Oxfordshire","38UB","Cherwell",,,76400,85.9,4,74800,84.1,4.2,1600,2.1,..,12600,14.1,4
"J","South East","38","Oxfordshire","38UC","Oxford",,,74900,70.7,5.4,71000,67,5.6,3900,5.2,3.1,31000,29.3,5.4
"J","South East","38","Oxfordshire","38UD","South Oxfordshire",,,65600,81.6,4.7,63800,79.4,4.9,1700,2.7,..,14800,18.4,4.7
"J","South East","38","Oxfordshire","38UE","Vale of White Horse",,,63400,86.2,4.2,61900,84.2,4.5,1500,2.4,..,10100,13.8,4.2
"J","South East","38","Oxfordshire","38UF","West Oxfordshire",,,55200,88.9,4.1,53500,86.1,4.5,1700,3.1,..,6900,11.1,4.1
"J","South East","43","Surrey","43UB","Elmbridge",,,64300,78.5,5.2,60700,74.1,5.5,3600,5.6,3.3,17600,21.5,5.2
"J","South East","43","Surrey","43UC","Epsom and Ewell",,,34900,78.3,7,33400,74.9,7.3,1500,4.4,..,9700,21.7,7
"J","South East","43","Surrey","43UD","Guildford",,,74400,84.7,4.4,72300,82.3,4.6,2100,2.8,..,13500,15.3,4.4
"J","South East","43","Surrey","43UE","Mole Valley",,,41900,84.8,6,41200,83.4,6.2,x,x,x,7500,15.2,6
"J","South East","43","Surrey","43UF","Reigate and Banstead",,,65800,79.1,5,63400,76.3,5.2,2400,3.6,..,17300,20.9,5
"J","South East","43","Surrey","43UG","Runnymede",,,46600,86.3,5.5,44300,82,6.1,2300,5,..,7400,13.7,5.5
"J","South East","43","Surrey","43UH","Spelthorne",,,45100,76.7,6,42000,71.4,6.4,3100,6.9,4.1,13700,23.3,6
"J","South East","43","Surrey","43UJ","Surrey Heath",,,47500,91.3,4.1,43400,83.5,5.4,4100,8.5,4.3,4600,8.7,4.1
"J","South East","43","Surrey","43UK","Tandridge",,,39900,79.4,6.5,39000,77.5,6.7,900,2.3,..,10400,20.6,6.5
"J","South East","43","Surrey","43UL","Waverley",,,55200,76.7,5.3,53100,73.8,5.5,2100,3.7,..,16800,23.3,5.3
"J","South East","43","Surrey","43UM","Woking",,,47100,79.5,5.9,45100,76.1,6.2,2000,4.3,..,12100,20.5,5.9
"J","South East","45","West Sussex","45UB","Adur",,,31700,87,5.7,29800,81.9,6.6,1900,5.9,..,4700,13,5.7
"J","South East","45","West Sussex","45UC","Arun",,,63000,75.3,4.9,60700,72.5,5.1,2300,3.7,..,20700,24.7,4.9
"J","South East","45","West Sussex","45UD","Chichester",,,49900,77.7,5.8,46300,72.2,6.2,3500,7.1,4.1,14300,22.3,5.8
"J","South East","45","West Sussex","45UE","Crawley",,,51600,81.8,5.2,50800,80.6,5.3,700,1.4,..,11500,18.2,5.2
"J","South East","45","West Sussex","45UF","Horsham",,,63800,80.9,4.6,61100,77.4,4.8,2700,4.3,2.6,15100,19.1,4.6
"J","South East","45","West Sussex","45UG","Mid Sussex",,,66600,81.2,4.9,64200,78.2,5.2,2400,3.6,..,15400,18.8,4.9
"J","South East","45","West Sussex","45UH","Worthing",,,47100,78.8,5.7,45700,76.4,5.9,1400,3,..,12700,21.2,5.7
"K","South West",,,"00HA","Bath and North East Somerset",,,88400,76.8,2.6,84600,73.5,2.8,3700,4.2,1.4,26800,23.2,2.6
"K","South West",,,"00HB","Bristol, City of",,,220400,77.5,2.5,211000,74.2,2.6,9300,4.2,1.4,64000,22.5,2.5
"K","South West",,,"00HC","North Somerset",,,100300,80.3,2.4,98700,79.1,2.5,1500,1.5,.8,24500,19.7,2.4
"K","South West",,,"00HD","South Gloucestershire",,,138400,84.5,2.2,134300,82,2.3,4100,2.9,1.1,25500,15.5,2.2
"K","South West",,,"00HE","Cornwall",,,240000,73.7,2.6,229700,70.5,2.7,10300,4.3,1.4,85900,26.3,2.6
"K","South West",,,"00HF","Isles of Scilly",,,..,..,..,..,..,..,..,..,..,..,..,..
"K","South West",,,"00HG","Plymouth",,,124000,76.8,2.6,114100,70.7,2.8,9900,8,1.9,37400,23.2,2.6
"K","South West",,,"00HH","Torbay",,,60800,77.6,2.5,57300,73.1,2.7,3500,5.7,1.6,17600,22.4,2.5
"K","South West",,,"00HN","Bournemouth",,,77100,75,2.5,73800,71.9,2.6,3300,4.2,1.4,25700,25,2.5
"K","South West",,,"00HP","Poole",,,65500,78.8,2.5,63000,75.8,2.6,2500,3.8,1.3,17600,21.2,2.5
"K","South West",,,"00HX","Swindon",,,102900,84,2.3,98900,80.8,2.4,4000,3.9,1.3,19500,16,2.3
"K","South West",,,"00HY","Wiltshire",,,225100,81.2,2.5,217300,78.4,2.6,7800,3.5,1.3,52000,18.8,2.5
"K","South West","18","Devon","18UB","East Devon",,,60400,79.4,5.2,58500,76.8,5.4,2000,3.2,..,15700,20.6,5.2
"K","South West","18","Devon","18UC","Exeter",,,59500,73.9,5.3,56500,70.1,5.5,3000,5.1,..,21100,26.1,5.3
"K","South West","18","Devon","18UD","Mid Devon",,,36300,81,7,35500,79.1,7.2,x,x,x,8500,19,7
"K","South West","18","Devon","18UE","North Devon",,,42400,77.1,7.1,41600,75.7,7.2,x,x,x,12600,22.9,7.1
"K","South West","18","Devon","18UG","South Hams",,,41600,81.6,6.4,41200,80.9,6.5,x,x,x,9400,18.4,6.4
"K","South West","18","Devon","18UH","Teignbridge",,,63200,82.7,5.1,61900,81,5.2,1300,2,..,13200,17.3,5.1
"K","South West","18","Devon","18UK","Torridge",,,29100,73.5,8,27600,69.9,8.3,1400,4.9,..,10500,26.5,8
"K","South West","18","Devon","18UL","West Devon",,,22800,75.8,9.4,21900,72.7,9.8,x,x,x,7300,24.2,9.4
"K","South West","19","Dorset","19UC","Christchurch",,,19100,80.1,8.9,18100,75.8,9.6,1000,5.4,..,4800,19.9,8.9
"K","South West","19","Dorset","19UD","East Dorset",,,35400,72.2,5.8,33600,68.5,6,1800,5.1,..,13600,27.8,5.8
"K","South West","19","Dorset","19UE","North Dorset",,,31500,82.2,6.1,31200,81.4,6.2,x,x,x,6800,17.8,6.1
"K","South West","19","Dorset","19UG","Purbeck",,,21800,79.7,10.7,21300,78,11,x,x,x,5500,20.3,10.7
"K","South West","19","Dorset","19UH","West Dorset",,,42800,77.4,6,41800,75.6,6.2,1000,2.4,..,12500,22.6,6
"K","South West","19","Dorset","19UJ","Weymouth and Portland",,,31000,77.7,7.5,29400,73.7,8,1600,5.2,..,8900,22.3,7.5
"K","South West","23","Gloucestershire","23UB","Cheltenham",,,57900,79.2,4.8,55900,76.4,5.1,2000,3.5,..,15200,20.8,4.8
"K","South West","23","Gloucestershire","23UC","Cotswold",,,42200,83.2,6.4,41500,81.9,6.5,x,x,x,8500,16.8,6.4
"K","South West","23","Gloucestershire","23UD","Forest of Dean",,,40600,77.5,6,38200,72.9,6.3,2400,6,..,11800,22.5,6
"K","South West","23","Gloucestershire","23UE","Gloucester",,,58900,81.8,5.2,57000,79.2,5.5,1900,3.2,..,13100,18.2,5.2
"K","South West","23","Gloucestershire","23UF","Stroud",,,54800,79.9,4.6,52300,76.2,4.9,2600,4.7,2.7,13800,20.1,4.6
"K","South West","23","Gloucestershire","23UG","Tewkesbury",,,42300,87.2,5.4,40300,83.1,6.1,2000,4.6,..,6200,12.8,5.4
"K","South West","40","Somerset","40UB","Mendip",,,55900,81.3,5.3,53800,78.3,5.6,2000,3.6,..,12900,18.7,5.3
"K","South West","40","Somerset","40UC","Sedgemoor",,,52100,77,6,49100,72.5,6.4,3100,5.9,..,15600,23,6
"K","South West","40","Somerset","40UD","South Somerset",,,75700,79.8,4.8,71800,75.6,5.2,3900,5.2,3,19200,20.2,4.8
"K","South West","40","Somerset","40UE","Taunton Deane",,,52600,79.9,5.8,50200,76.3,6.1,2300,4.5,..,13300,20.1,5.8
"K","South West","40","Somerset","40UF","West Somerset",,,12300,63.2,11.9,11300,57.9,12.2,1000,8.4,..,7200,36.8,11.9
,,,,"00NA","Isle of Anglesey",,,30400,71.9,2.8,28700,67.8,2.9,1800,5.8,1.7,11900,28.1,2.8
,,,,"00NC","Gwynedd",,,53400,72.9,2.5,51900,70.8,2.6,1500,2.8,1.1,19900,27.1,2.5
,,,,"00NE","Conwy",,,48300,74.2,2.5,45900,70.5,2.6,2400,4.9,1.5,16800,25.8,2.5
,,,,"00NG","Denbighshire",,,42900,73.5,2.7,41200,70.5,2.8,1800,4.1,1.4,15500,26.5,2.7
,,,,"00NJ","Flintshire",,,75000,77.1,2.4,72800,74.7,2.5,2300,3,1.1,22300,22.9,2.4
,,,,"00NL","Wrexham",,,65700,77.8,2.5,63000,74.6,2.6,2700,4.1,1.3,18800,22.2,2.5
,,,,"00NN","Powys",,,61500,77.3,2.5,59600,75,2.6,1800,3,1.2,18000,22.7,2.5
,,,,"00NQ","Ceredigion",,,33100,66.6,3,31000,62.4,3,2100,6.3,1.8,16600,33.4,3
,,,,"00NS","Pembrokeshire",,,53100,74.4,2.6,50100,70.3,2.8,2900,5.5,1.6,18300,25.6,2.6
,,,,"00NU","Carmarthenshire",,,77900,71.3,2.5,74000,67.8,2.6,3900,5,1.5,31300,28.7,2.5
,,,,"00NX","Swansea",,,105200,72.6,2.6,99700,68.7,2.7,5500,5.3,1.5,39800,27.4,2.6
,,,,"00NZ","Neath Port Talbot",,,58200,67,2.5,54600,62.9,2.6,3600,6.2,1.6,28600,33,2.5
,,,,"00PB","Bridgend",,,62100,74.1,2.5,56400,67.3,2.7,5700,9.1,1.9,21700,25.9,2.5
,,,,"00PD","The Vale of Glamorgan",,,58900,76.8,2.5,55700,72.6,2.6,3200,5.4,1.5,17800,23.2,2.5
,,,,"00PF","Rhondda, Cynon, Taff",,,104100,69.8,2.6,97800,65.6,2.7,6300,6,1.6,45000,30.2,2.6
,,,,"00PH","Merthyr Tydfil",,,24000,68.1,3.7,21600,61.2,3.8,2500,10.2,2.9,11200,31.9,3.7
,,,,"00PK","Caerphilly",,,77700,71.4,2.5,73300,67.4,2.6,4400,5.6,1.5,31100,28.6,2.5
,,,,"00PL","Blaenau Gwent",,,30500,69.4,3.2,27700,63,3.4,2800,9.2,2.4,13500,30.6,3.2
,,,,"00PM","Torfaen",,,42100,73.1,2.5,40200,69.8,2.6,1900,4.5,1.4,15500,26.9,2.5
,,,,"00PP","Monmouthshire",,,42400,79.2,2.5,40900,76.4,2.7,1500,3.6,1.3,11100,20.8,2.5
,,,,"00PR","Newport",,,66400,75.2,2.5,61900,70.1,2.7,4500,6.8,1.7,21900,24.8,2.5
,,,,"00PT","Cardiff",,,151600,70.8,2.6,142400,66.5,2.7,9200,6.1,1.6,62400,29.2,2.6