DATASET_TITLE,"Worklessness: Economic Activity, April 2006 - March 2007",,,,,,,,FROM,Apr-2006,Apr-2006,Apr-2006,Apr-2006,Apr-2006,Apr-2006,Apr-2006,Apr-2006,Apr-2006,Apr-2006,Apr-2006,Apr-2006
AREA_TYPE,Former Local Authority,,,,,,,,TO,Mar-2007,Mar-2007,Mar-2007,Mar-2007,Mar-2007,Mar-2007,Mar-2007,Mar-2007,Mar-2007,Mar-2007,Mar-2007,Mar-2007
GEO_HIERARCHY,NeSS Geography Hierarchy,,,,,,,,HEADING,Economically Active; Aged 16-64 (Males); 16-59 (Females),Economic Activity Rate; Aged 16-64 (Males); 16-59 (Females),Economic Activity Rate Confidence Interval; Aged 16-64 (Males); 16-59 (Females),In Employment; Aged 16-64 (Males); 16-59 (Females),Employment Rate; Aged 16-64 (Males); 16-59 (Females),Employment Rate Confidence Interval; Aged 16-64 (Males); 16-59 (Females),Unemployed; Aged 16-64 (Males); 16-59 (Females),Unemployment Rate; Aged 16-64 (Males); 16-59 (Females),Unemployment Rate Confidence Interval; Aged 16-64 (Males); 16-59 (Females),Economically Inactive; Aged 16-64 (Males); 16-59 (Females),Economic Inactivity Rate; Aged 16-64 (Males); 16-59 (Females),Economic Inactivity Rate Confidence Interval; Aged 16-64 (Males); 16-59 (Females)
,,,,,,,,,MEASUREMENT_UNIT,Count,Percentage,Percentage Points,Count,Percentage,Percentage Points,Count,Percentage,Percentage Points,Count,Percentage,Percentage Points
,,,,,,,,,STATISTICAL_UNIT,Persons,Persons,Persons,Persons,Persons,Persons,Persons,Persons,Persons,Persons,Persons,Persons
GOR_CODE,GOR_NAME,CTY_CODE,CTY_NAME,LA_CODE,LA_NAME,FLA_CODE,FLA_NAME,AREA_METADATA,,DATA_VALUE,DATA_VALUE,DATA_VALUE,DATA_VALUE,DATA_VALUE,DATA_VALUE,DATA_VALUE,DATA_VALUE,DATA_VALUE,DATA_VALUE,DATA_VALUE,DATA_VALUE
"A","North East",,,"00EJ","Durham","20UB","Chester-le-Street",,,26300,76.8,6.8,24600,71.9,7.3,1700,6.4,..,7900,23.2,6.8
"A","North East",,,"00EJ","Durham","20UD","Derwentside",,,43400,77.8,5.6,41300,74,5.9,2100,4.8,..,12400,22.2,5.6
"A","North East",,,"00EJ","Durham","20UE","Durham",,,50100,79.4,5.2,48900,77.5,5.3,1200,2.4,..,13000,20.6,5.2
"A","North East",,,"00EJ","Durham","20UF","Easington",,,43200,72.1,5.8,40100,66.9,6.1,3100,7.2,4,16700,27.9,5.8
"A","North East",,,"00EJ","Durham","20UG","Sedgefield",,,39300,70.9,6.3,37400,67.4,6.5,1900,4.9,..,16100,29.1,6.3
"A","North East",,,"00EJ","Durham","20UH","Teesdale",,,10800,72.5,12.5,10300,69.1,12.9,x,x,x,4100,27.5,12.5
"A","North East",,,"00EJ","Durham","20UJ","Wear Valley",,,30500,77.6,6.6,27400,69.8,7.3,3100,10.1,5.4,8800,22.4,6.6
"A","North East",,,"00EM","Northumberland","35UB","Alnwick",,,14700,75.9,8.7,14000,72,9.2,800,5.1,..,4700,24.1,8.7
"A","North East",,,"00EM","Northumberland","35UC","Berwick-upon-Tweed",,,11500,72.1,10.2,11000,68.8,10.5,x,x,x,4500,27.9,10.2
"A","North East",,,"00EM","Northumberland","35UD","Blyth Valley",,,40500,75.9,4.9,37700,70.6,5.2,2800,7,3.3,12800,24.1,4.9
"A","North East",,,"00EM","Northumberland","35UE","Castle Morpeth",,,22500,76.4,6.3,21100,71.8,6.7,1400,6.1,..,6900,23.6,6.3
"A","North East",,,"00EM","Northumberland","35UF","Tynedale",,,29200,76.2,6.1,27400,71.4,6.5,1800,6.3,..,9100,23.8,6.1
"A","North East",,,"00EM","Northumberland","35UG","Wansbeck",,,30900,77.4,5.6,28300,70.9,6,2600,8.3,4.2,9000,22.6,5.6
"B","North West",,,"00EQ","Cheshire East","13UC","Congleton",,,51900,86.1,5,49700,82.4,5.5,2200,4.3,..,8400,13.9,5
"B","North West",,,"00EQ","Cheshire East","13UD","Crewe and Nantwich",,,58200,78.8,6.1,56100,76.1,6.3,2100,3.5,..,15600,21.2,6.1
"B","North West",,,"00EQ","Cheshire East","13UG","Macclesfield",,,78000,83.1,4.1,74700,79.7,4.4,3200,4.2,2.4,15900,16.9,4.1
"B","North West",,,"00EW","Cheshire West and Chester","13UB","Chester",,,56400,73.5,6,54700,71.3,6.2,1700,3,..,20300,26.5,6
"B","North West",,,"00EW","Cheshire West and Chester","13UE","Ellesmere Port & Neston",,,40100,78.8,6.6,38400,75.3,6.9,1800,4.4,..,10800,21.2,6.6
"B","North West",,,"00EW","Cheshire West and Chester","13UH","Vale Royal",,,59900,74.2,5.9,58700,72.7,6,1200,2,..,20800,25.8,5.9
"F","West Midlands",,,"00GG","Shropshire","39UB","Bridgnorth",,,24800,81.7,5.9,24100,79.3,6.1,700,2.9,..,5600,18.3,5.9
"F","West Midlands",,,"00GG","Shropshire","39UC","North Shropshire",,,28200,77.3,6.8,27700,75.8,7,x,x,x,8300,22.7,6.8
"F","West Midlands",,,"00GG","Shropshire","39UD","Oswestry",,,18600,75.4,7.1,17000,69.1,7.6,1600,8.4,..,6100,24.6,7.1
"F","West Midlands",,,"00GG","Shropshire","39UE","Shrewsbury and Atcham",,,49600,83,3.8,46900,78.6,4.2,2600,5.3,2.5,10100,17,3.8
"F","West Midlands",,,"00GG","Shropshire","39UF","South Shropshire",,,18000,71.2,7.6,17300,68.1,7.8,800,4.3,..,7300,28.8,7.6
"G","East of England",,,"00KC","Central Bedfordshire","09UC","Mid Bedfordshire",,,70000,79.6,4.6,66600,75.7,4.8,3400,4.9,2.8,18000,20.4,4.6
"G","East of England",,,"00KC","Central Bedfordshire","09UE","South Bedfordshire",,,57600,75.6,5.3,53700,70.4,5.7,4000,6.9,3.6,18600,24.4,5.3
"K","South West",,,"00HE","Cornwall","15UB","Caradon",,,37500,70.7,7.1,36400,68.6,7.3,1100,2.9,..,15500,29.3,7.1
"K","South West",,,"00HE","Cornwall","15UC","Carrick",,,40000,71.5,6,39100,69.9,6,900,2.2,..,16000,28.5,6
"K","South West",,,"00HE","Cornwall","15UD","Kerrier",,,43900,72.5,5.8,40100,66.3,6.2,3700,8.5,4.3,16700,27.5,5.8
"K","South West",,,"00HE","Cornwall","15UE","North Cornwall",,,40300,77.9,6.6,38400,74.1,6.9,1900,4.8,..,11500,22.1,6.6
"K","South West",,,"00HE","Cornwall","15UF","Penwith",,,28700,69.9,7.7,27500,67.1,7.8,1200,4.1,..,12300,30.1,7.7
"K","South West",,,"00HE","Cornwall","15UG","Restormel",,,49700,78.1,6,48200,75.8,6.2,1500,3,..,13900,21.9,6
"K","South West",,,"00HY","Wiltshire","46UB","Kennet",,,38300,81.9,6.1,37000,79.1,6.4,1300,3.4,..,8500,18.1,6.1
"K","South West",,,"00HY","Wiltshire","46UC","North Wiltshire",,,66300,79.6,4.7,63200,75.9,5,3100,4.6,2.7,17000,20.4,4.7
"K","South West",,,"00HY","Wiltshire","46UD","Salisbury",,,56300,80.2,5.1,54300,77.4,5.3,2000,3.5,..,13900,19.8,5.1
"K","South West",,,"00HY","Wiltshire","46UF","West Wiltshire",,,64300,83.5,4.6,62900,81.7,4.8,1400,2.2,..,12700,16.5,4.6