DATASET_TITLE,Sex (UV03),,,,,,FROM,Apr-2001,Apr-2001,Apr-2001
AREA_TYPE,Local Authority,,,,,,TO,Apr-2001,Apr-2001,Apr-2001
GEO_HIERARCHY,NeSS Geography Hierarchy,,,,,,HEADING,All People,Males,Females
,,,,,,,MEASUREMENT_UNIT,Count,Count,Count
,,,,,,,STATISTICAL_UNIT,Persons,Persons,Persons
GOR_CODE,GOR_NAME,CTY_CODE,CTY_NAME,LA_CODE,LA_NAME,AREA_METADATA,,DATA_VALUE,DATA_VALUE,DATA_VALUE
"G","East of England",,,"00JA","Peterborough",,,156061,76010,80051
"G","East of England",,,"00KA","Luton",,,184371,92119,92252
"G","East of England",,,"00KF","Southend-on-Sea",,,160257,76749,83508
"G","East of England",,,"00KG","Thurrock",,,143128,69669,73459
"G","East of England","09","Bedfordshire","09UC","Mid Bedfordshire",,,121024,60444,60580
"G","East of England","09","Bedfordshire","09UD","Bedford",,,147911,73066,74845
"G","East of England","09","Bedfordshire","09UE","South Bedfordshire",,,112637,55654,56983
"G","East of England","12","Cambridgeshire","12UB","Cambridge",,,108863,54316,54547
"G","East of England","12","Cambridgeshire","12UC","East Cambridgeshire",,,73214,36186,37028
"G","East of England","12","Cambridgeshire","12UD","Fenland",,,83519,40698,42821
"G","East of England","12","Cambridgeshire","12UE","Huntingdonshire",,,156954,77991,78963
"G","East of England","12","Cambridgeshire","12UG","South Cambridgeshire",,,130108,64454,65654
"G","East of England","22","Essex","22UB","Basildon",,,165668,80035,85633
"G","East of England","22","Essex","22UC","Braintree",,,132179,65060,67119
"G","East of England","22","Essex","22UD","Brentwood",,,68456,33203,35253
"G","East of England","22","Essex","22UE","Castle Point",,,86608,42319,44289
"G","East of England","22","Essex","22UF","Chelmsford",,,157072,77428,79644
"G","East of England","22","Essex","22UG","Colchester",,,155796,77123,78673
"G","East of England","22","Essex","22UH","Epping Forest",,,120896,58608,62288
"G","East of England","22","Essex","22UJ","Harlow",,,78768,38217,40551
"G","East of England","22","Essex","22UK","Maldon",,,59418,29452,29966
"G","East of England","22","Essex","22UL","Rochford",,,78489,38139,40350
"G","East of England","22","Essex","22UN","Tendring",,,138539,66265,72274
"G","East of England","22","Essex","22UQ","Uttlesford",,,68946,34344,34602
"G","East of England","26","Hertfordshire","26UB","Broxbourne",,,87054,42274,44780
"G","East of England","26","Hertfordshire","26UC","Dacorum",,,137799,67797,70002
"G","East of England","26","Hertfordshire","26UD","East Hertfordshire",,,128919,63221,65698
"G","East of England","26","Hertfordshire","26UE","Hertsmere",,,94450,45568,48882
"G","East of England","26","Hertfordshire","26UF","North Hertfordshire",,,116908,56967,59941
"G","East of England","26","Hertfordshire","26UG","St Albans",,,129005,63414,65591
"G","East of England","26","Hertfordshire","26UH","Stevenage",,,79715,39166,40549
"G","East of England","26","Hertfordshire","26UJ","Three Rivers",,,82848,40062,42786
"G","East of England","26","Hertfordshire","26UK","Watford",,,79726,39227,40499
"G","East of England","26","Hertfordshire","26UL","Welwyn Hatfield",,,97553,47363,50190
"G","East of England","33","Norfolk","33UB","Breckland",,,121418,60078,61340
"G","East of England","33","Norfolk","33UC","Broadland",,,118513,57770,60743
"G","East of England","33","Norfolk","33UD","Great Yarmouth",,,90810,44009,46801
"G","East of England","33","Norfolk","33UE","King's Lynn and West Norfolk",,,135345,65817,69528
"G","East of England","33","Norfolk","33UF","North Norfolk",,,98382,47470,50912
"G","East of England","33","Norfolk","33UG","Norwich",,,121550,58830,62720
"G","East of England","33","Norfolk","33UH","South Norfolk",,,110710,53853,56857
"G","East of England","42","Suffolk","42UB","Babergh",,,83461,40738,42723
"G","East of England","42","Suffolk","42UC","Forest Heath",,,55510,27907,27603
"G","East of England","42","Suffolk","42UD","Ipswich",,,117069,57394,59675
"G","East of England","42","Suffolk","42UE","Mid Suffolk",,,86837,43254,43583
"G","East of England","42","Suffolk","42UF","St Edmundsbury",,,98193,48686,49507
"G","East of England","42","Suffolk","42UG","Suffolk Coastal",,,115141,55800,59341
"G","East of England","42","Suffolk","42UH","Waveney",,,112342,54121,58221