DATASET_TITLE,"Incapacity Benefit/Severe Disablement Allowance Claimants, August 2009",,,,,,FROM,Aug-2009,Aug-2009,Aug-2009,Aug-2009,Aug-2009,Aug-2009,Aug-2009,Aug-2009,Aug-2009,Aug-2009,Aug-2009,Aug-2009,Aug-2009,Aug-2009,Aug-2009,Aug-2009,Aug-2009,Aug-2009,Aug-2009,Aug-2009,Aug-2009,Aug-2009,Aug-2009,Aug-2009,Aug-2009,Aug-2009,Aug-2009,Aug-2009,Aug-2009,Aug-2009,Aug-2009,Aug-2009
AREA_TYPE,Local Authority,,,,,,TO,Aug-2009,Aug-2009,Aug-2009,Aug-2009,Aug-2009,Aug-2009,Aug-2009,Aug-2009,Aug-2009,Aug-2009,Aug-2009,Aug-2009,Aug-2009,Aug-2009,Aug-2009,Aug-2009,Aug-2009,Aug-2009,Aug-2009,Aug-2009,Aug-2009,Aug-2009,Aug-2009,Aug-2009,Aug-2009,Aug-2009,Aug-2009,Aug-2009,Aug-2009,Aug-2009,Aug-2009,Aug-2009
GEO_HIERARCHY,NeSS Geography Hierarchy,,,,,,HEADING,Total,Total Incapacity Benefit Claimants,Total Severe Disablement Allowance Claimants,Claimants Aged 16-24,Claimants Aged 16-24,Claimants Aged 25-49,Claimants Aged 25-49,Claimants Aged 50-59,Claimants Aged 50-59,Claimants Aged 60 and Over,Claimants Aged 60 and Over,Male,Male,Female,Female,Claim Duration Less Than 6 Months,Claim Duration 6 Months-1 Year,Claim Duration 1-2 Years,Claim Duration 2-5 Years,Claim Duration 5 Years and Over,Medical Reason for Claiming; Mental Disorders,Medical Reason for Claiming; Mental Disorders,Medical Reason for Claiming; Diseases of the Nervous System,Medical Reason for Claiming; Diseases of the Nervous System,Medical Reason for Claiming; Diseases of the Respiratory or Circulatory System,Medical Reason for Claiming; Diseases of the Respiratory or Circulatory System,Medical Reason for Claiming; Musculoskeletal Diseases,Medical Reason for Claiming; Musculoskeletal Diseases,Medical Reason for Claiming; Injury or Poisoning,Medical Reason for Claiming; Injury or Poisoning,Medical Reason for Claiming; Other,Medical Reason for Claiming; Other
,,,,,,,MEASUREMENT_UNIT,Count,Count,Count,Count,Percentage,Count,Percentage,Count,Percentage,Count,Percentage,Count,Percentage,Count,Percentage,Count,Count,Count,Count,Count,Count,Percentage,Count,Percentage,Count,Percentage,Count,Percentage,Count,Percentage,Count,Percentage
,,,,,,,STATISTICAL_UNIT,Persons,Persons,Persons,Persons,Persons,Persons,Persons,Persons,Persons,Persons,Persons,Persons,Persons,Persons,Persons,Persons,Persons,Persons,Persons,Persons,Persons,Persons,Persons,Persons,Persons,Persons,Persons,Persons,Persons,Persons,Persons,Persons
GOR_CODE,GOR_NAME,CTY_CODE,CTY_NAME,LA_CODE,LA_NAME,AREA_METADATA,,DATA_VALUE,DATA_VALUE,DATA_VALUE,DATA_VALUE,DATA_VALUE,DATA_VALUE,DATA_VALUE,DATA_VALUE,DATA_VALUE,DATA_VALUE,DATA_VALUE,DATA_VALUE,DATA_VALUE,DATA_VALUE,DATA_VALUE,DATA_VALUE,DATA_VALUE,DATA_VALUE,DATA_VALUE,DATA_VALUE,DATA_VALUE,DATA_VALUE,DATA_VALUE,DATA_VALUE,DATA_VALUE,DATA_VALUE,DATA_VALUE,DATA_VALUE,DATA_VALUE,DATA_VALUE,DATA_VALUE,DATA_VALUE
"A","North East",,,"00CH","Gateshead",,,10320,9390,930,430,4,4540,44,3730,36,1630,16,6200,60,4120,40,130,270,990,1980,6950,4340,42,610,6,670,6,1950,19,540,5,2210,21
"A","North East",,,"00CJ","Newcastle upon Tyne",,,13510,12170,1340,640,5,6250,46,4770,35,1860,14,8040,60,5470,40,150,370,1240,2520,9230,6190,46,760,6,840,6,2350,17,610,5,2760,20
"A","North East",,,"00CK","North Tyneside",,,8400,7540,860,320,4,3640,43,3030,36,1400,17,4870,58,3530,42,120,240,800,1620,5630,3090,37,570,7,590,7,1750,21,420,5,1970,23
"A","North East",,,"00CL","South Tyneside",,,8100,7430,670,320,4,3440,42,3020,37,1310,16,4780,59,3320,41,130,250,820,1580,5310,3170,39,460,6,600,7,1670,21,450,6,1760,22
"A","North East",,,"00CM","Sunderland",,,16770,15220,1550,740,4,7060,42,6250,37,2720,16,9940,59,6830,41,220,420,1380,2990,11760,6650,40,1010,6,1340,8,3670,22,860,5,3230,19
"A","North East",,,"00EB","Hartlepool",,,6010,5460,550,220,4,2690,45,2220,37,880,15,3390,56,2620,44,50,140,570,1080,4180,2320,39,380,6,430,7,1470,24,310,5,1110,18
"A","North East",,,"00EC","Middlesbrough",,,8390,7450,930,440,5,3860,46,3010,36,1070,13,4760,57,3630,43,70,200,810,1530,5770,3630,43,490,6,660,8,1520,18,350,4,1740,21
"A","North East",,,"00EE","Redcar and Cleveland",,,7300,6480,810,360,5,3140,43,2610,36,1180,16,4130,57,3170,43,60,160,630,1330,5130,2920,40,510,7,560,8,1510,21,340,5,1460,20
"A","North East",,,"00EF","Stockton-on-Tees",,,8360,7590,780,410,5,3720,44,3040,36,1180,14,4730,57,3630,43,90,230,850,1720,5480,3370,40,540,6,630,8,1720,21,410,5,1680,20
"A","North East",,,"00EH","Darlington",,,4590,4020,570,190,4,2140,47,1570,34,690,15,2760,60,1830,40,40,130,430,880,3100,2010,44,310,7,320,7,850,19,210,5,890,19
"A","North East",,,"00EJ","Durham",,,29680,26820,2860,1330,4,12240,41,10840,37,5270,18,17290,58,12380,42,320,810,2660,5100,20790,11070,37,1730,6,2160,7,6650,22,1780,6,6290,21
"A","North East",,,"00EM","Northumberland",,,12150,10680,1480,590,5,4960,41,4340,36,2260,19,7190,59,4970,41,140,320,1080,2160,8460,4510,37,790,7,770,6,2490,20,630,5,2970,24
"B","North West",,,"00BL","Bolton",,,14040,13040,1010,720,5,6530,47,4850,35,1940,14,8230,59,5810,41,110,390,1570,3080,8880,6400,46,830,6,1130,8,2340,17,700,5,2640,19
"B","North West",,,"00BM","Bury",,,8300,7540,760,390,5,4000,48,2750,33,1150,14,4860,59,3440,41,60,220,860,1800,5370,4010,48,520,6,560,7,1350,16,410,5,1460,18
"B","North West",,,"00BN","Manchester",,,30050,27820,2240,1460,5,15630,52,9810,33,3140,10,17870,59,12180,41,220,840,3050,6160,19790,15170,50,1530,5,2060,7,4270,14,1190,4,5840,19
"B","North West",,,"00BP","Oldham",,,11230,10350,880,470,4,5300,47,4030,36,1440,13,6440,57,4790,43,90,290,1160,2400,7290,4880,43,700,6,990,9,2230,20,480,4,1950,17
"B","North West",,,"00BQ","Rochdale",,,12370,11440,930,580,5,5990,48,4300,35,1500,12,7050,57,5320,43,90,310,1290,2650,8040,5930,48,670,5,1010,8,2280,18,510,4,1970,16
"B","North West",,,"00BR","Salford",,,14130,13030,1100,650,5,6840,48,4670,33,1980,14,8610,61,5520,39,120,370,1370,2790,9480,6930,49,720,5,1030,7,2270,16,670,5,2510,18
"B","North West",,,"00BS","Stockport",,,10260,9240,1020,510,5,4790,47,3510,34,1450,14,5840,57,4420,43,100,250,1090,2240,6580,4670,46,760,7,800,8,1550,15,500,5,1980,19
"B","North West",,,"00BT","Tameside",,,12210,11230,990,540,4,5690,47,4170,34,1800,15,7120,58,5100,42,90,340,1220,2740,7830,5280,43,660,5,1020,8,2330,19,750,6,2170,18
"B","North West",,,"00BU","Trafford",,,7870,7140,730,360,5,3660,47,2770,35,1080,14,4480,57,3390,43,60,240,840,1600,5140,3440,44,530,7,560,7,1240,16,350,4,1750,22
"B","North West",,,"00BW","Wigan",,,17380,15980,1400,680,4,7660,44,6110,35,2930,17,9810,56,7570,44,170,380,1700,3440,11690,6370,37,860,5,1350,8,3320,19,1020,6,4460,26
"B","North West",,,"00BX","Knowsley",,,10970,9840,1130,420,4,5040,46,4100,37,1420,13,5980,55,5000,46,100,270,1030,2040,7530,4660,42,530,5,960,9,2010,18,430,4,2370,22
"B","North West",,,"00BY","Liverpool",,,32830,29820,3010,1270,4,15260,46,11990,37,4300,13,18720,57,14100,43,270,800,2890,5990,22880,15260,46,1620,5,2760,8,5170,16,1290,4,6740,21
"B","North West",,,"00BZ","St. Helens",,,10630,9550,1070,450,4,4610,43,3750,35,1820,17,6260,59,4360,41,80,250,1060,2140,7100,4400,41,570,5,990,9,2120,20,530,5,2020,19
"B","North West",,,"00CA","Sefton",,,13590,11980,1610,500,4,6140,45,4880,36,2060,15,7730,57,5850,43,100,320,1230,2620,9310,5930,44,860,6,1030,8,2110,16,660,5,2990,22
"B","North West",,,"00CB","Wirral",,,17000,15210,1800,720,4,7880,46,5940,35,2460,14,9810,58,7190,42,120,440,1650,3330,11470,7790,46,990,6,1410,8,2760,16,710,4,3330,20
"B","North West",,,"00EQ","Cheshire East",,,9950,8640,1310,480,5,4470,45,3390,34,1610,16,5610,56,4340,44,70,280,1060,2120,6420,4110,41,920,9,710,7,1710,17,490,5,2020,20
"B","North West",,,"00ET","Halton",,,7530,6690,840,320,4,3290,44,2700,36,1220,16,4240,56,3290,44,50,190,730,1520,5040,2720,36,440,6,650,9,1440,19,370,5,1910,25
"B","North West",,,"00EU","Warrington",,,7320,6400,910,320,4,3310,45,2490,34,1200,16,4190,57,3120,43,80,180,760,1520,4770,2960,40,460,6,590,8,1230,17,350,5,1710,23
"B","North West",,,"00EW","Cheshire West and Chester",,,11670,10240,1430,540,5,5330,46,3970,34,1830,16,6650,57,5020,43,80,330,1190,2370,7700,4790,41,780,7,860,7,2110,18,530,5,2600,22
"B","North West",,,"00EX","Blackburn with Darwen",,,8650,7970,680,440,5,4200,49,2950,34,1060,12,5200,60,3450,40,70,230,960,1960,5420,4080,47,470,5,680,8,1460,17,360,4,1600,18
"B","North West",,,"00EY","Blackpool",,,9620,8800,820,410,4,4730,49,3130,33,1350,14,5950,62,3670,38,140,270,960,2120,6130,4240,44,560,6,750,8,1590,17,470,5,2000,21
"B","North West","16","Cumbria","16UB","Allerdale",,,3950,3500,450,160,4,1710,43,1390,35,690,17,2320,59,1620,41,30,120,400,780,2620,1490,38,280,7,320,8,760,19,260,7,850,22
"B","North West","16","Cumbria","16UC","Barrow-in-Furness",,,4510,4030,480,200,4,2020,45,1530,34,760,17,2600,58,1900,42,30,110,360,820,3180,1900,42,300,7,360,8,890,20,220,5,830,18
"B","North West","16","Cumbria","16UD","Carlisle",,,4370,3880,490,210,5,2050,47,1500,34,610,14,2460,56,1910,44,30,110,470,970,2790,1930,44,320,7,350,8,750,17,210,5,810,19
"B","North West","16","Cumbria","16UE","Copeland",,,3590,3300,290,220,6,1480,41,1300,36,590,16,2120,59,1470,41,40,80,340,700,2430,1420,40,220,6,290,8,740,21,220,6,700,19
"B","North West","16","Cumbria","16UF","Eden",,,1260,1100,160,50,4,500,40,490,39,230,18,710,56,560,44,10,30,120,260,840,440,35,130,10,90,7,220,17,80,6,310,25
"B","North West","16","Cumbria","16UG","South Lakeland",,,2570,2280,290,110,4,1050,41,910,35,490,19,1490,58,1080,42,30,70,280,540,1660,990,39,220,9,200,8,430,17,150,6,590,23
"B","North West","30","Lancashire","30UD","Burnley",,,5550,5160,400,240,4,2590,47,1960,35,760,14,3230,58,2320,42,50,150,510,1140,3700,2480,45,300,5,460,8,1150,21,270,5,880,16
"B","North West","30","Lancashire","30UE","Chorley",,,3920,3410,510,170,4,1710,44,1370,35,670,17,2190,56,1730,44,40,100,380,830,2570,1490,38,270,7,280,7,700,18,220,6,960,24
"B","North West","30","Lancashire","30UF","Fylde",,,2630,2280,350,90,3,1150,44,900,34,490,19,1490,57,1130,43,30,60,250,530,1760,990,38,230,9,190,7,430,16,120,5,670,25
"B","North West","30","Lancashire","30UG","Hyndburn",,,4720,4270,450,220,5,2240,47,1590,34,660,14,2750,58,1960,42,40,160,450,1030,3040,2090,44,270,6,400,8,850,18,250,5,860,18
"B","North West","30","Lancashire","30UH","Lancaster",,,5500,4850,650,260,5,2550,46,1860,34,830,15,3160,57,2340,43,70,140,560,1140,3600,2600,47,390,7,410,7,810,15,190,3,1100,20
"B","North West","30","Lancashire","30UJ","Pendle",,,4720,4390,330,190,4,2210,47,1660,35,650,14,2710,57,2010,43,40,130,480,1030,3040,2040,43,310,7,380,8,910,19,230,5,850,18
"B","North West","30","Lancashire","30UK","Preston",,,6590,5920,660,340,5,3210,49,2210,34,810,12,3820,58,2770,42,90,170,610,1450,4270,2930,44,410,6,470,7,1010,15,310,5,1460,22
"B","North West","30","Lancashire","30UL","Ribble Valley",,,1530,1310,220,100,7,640,42,530,35,260,17,930,61,600,39,20,40,140,330,1000,660,43,100,7,100,7,240,16,80,5,350,23
"B","North West","30","Lancashire","30UM","Rossendale",,,3250,2980,270,140,4,1480,46,1140,35,490,15,1900,58,1350,42,20,80,340,680,2130,1390,43,210,6,260,8,660,20,180,6,540,17
"B","North West","30","Lancashire","30UN","South Ribble",,,3530,3060,470,180,5,1550,44,1210,34,590,17,1940,55,1590,45,50,100,340,740,2300,1360,39,230,7,260,7,620,18,200,6,850,24
"B","North West","30","Lancashire","30UP","West Lancashire",,,4320,3780,540,190,4,1810,42,1600,37,720,17,2400,56,1920,44,40,100,430,840,2910,1530,35,320,7,360,8,900,21,270,6,960,22
"B","North West","30","Lancashire","30UQ","Wyre",,,4160,3690,480,160,4,1720,41,1510,36,780,19,2390,57,1770,43,50,100,420,900,2700,1500,36,330,8,360,9,790,19,200,5,980,24
"D","Yorkshire and The Humber",,,"00CC","Barnsley",,,14110,12920,1180,530,4,5840,41,5210,37,2530,18,8400,60,5710,40,120,300,1210,2590,9880,5390,38,750,5,1210,9,3240,23,860,6,2660,19
"D","Yorkshire and The Humber",,,"00CE","Doncaster",,,14760,13110,1650,710,5,6460,44,5140,35,2450,17,8620,58,6140,42,130,450,1460,2770,9940,5400,37,960,7,1140,8,2750,19,720,5,3790,26
"D","Yorkshire and The Humber",,,"00CF","Rotherham",,,12510,11150,1360,560,4,5490,44,4400,35,2060,16,7480,60,5030,40,80,310,1180,2370,8570,4920,39,770,6,1030,8,2430,19,580,5,2780,22
"D","Yorkshire and The Humber",,,"00CG","Sheffield",,,21800,19500,2300,1140,5,10650,49,6950,32,3050,14,12840,59,8960,41,220,650,2300,4550,14070,9870,45,1420,7,1520,7,3150,14,800,4,5040,23
"D","Yorkshire and The Humber",,,"00CX","Bradford",,,21360,19350,2010,960,4,10130,47,7770,36,2500,12,12420,58,8940,42,150,670,2440,4510,13600,9430,44,1170,5,1600,7,3670,17,990,5,4500,21
"D","Yorkshire and The Humber",,,"00CY","Calderdale",,,7530,6800,730,370,5,3390,45,2670,35,1090,14,4300,57,3230,43,70,220,870,1680,4690,3250,43,630,8,670,9,1180,16,370,5,1420,19
"D","Yorkshire and The Humber",,,"00CZ","Kirklees",,,15130,13610,1520,760,5,7090,47,5280,35,2010,13,8670,57,6460,43,160,470,1630,3420,9450,6150,41,1050,7,1310,9,2820,19,710,5,3090,20
"D","Yorkshire and The Humber",,,"00DA","Leeds",,,26350,23710,2650,1200,5,12640,48,9060,34,3460,13,14840,56,11520,44,200,680,2890,5760,16820,12320,47,1830,7,1950,7,3980,15,1180,4,5090,19
"D","Yorkshire and The Humber",,,"00DB","Wakefield",,,16550,14860,1690,740,4,7000,42,5940,36,2870,17,9800,59,6750,41,120,450,1560,3240,11170,6030,36,950,6,1400,8,3760,23,770,5,3630,22
"D","Yorkshire and The Humber",,,"00FA","Kingston upon Hull, City of",,,12770,11290,1480,590,5,6080,48,4350,34,1760,14,7520,59,5250,41,110,360,1480,2880,7940,5010,39,920,7,1040,8,2390,19,560,4,2860,22
"D","Yorkshire and The Humber",,,"00FB","East Riding of Yorkshire",,,9150,7790,1370,360,4,3620,40,3370,37,1810,20,5320,58,3830,42,80,260,920,1880,6010,2940,32,900,10,690,8,1820,20,430,5,2370,26
"D","Yorkshire and The Humber",,,"00FC","North East Lincolnshire",,,6300,5620,680,480,8,2950,47,2030,32,840,13,3750,60,2550,40,60,220,740,1490,3800,2480,39,490,8,470,7,1040,17,310,5,1510,24
"D","Yorkshire and The Humber",,,"00FD","North Lincolnshire",,,5700,4910,780,290,5,2420,42,2100,37,890,16,3210,56,2490,44,50,170,630,1220,3620,1990,35,500,9,500,9,1130,20,250,4,1330,23
"D","Yorkshire and The Humber",,,"00FF","York",,,4660,4010,650,220,5,2210,47,1540,33,690,15,2690,58,1970,42,50,140,460,930,3090,2110,45,430,9,260,6,610,13,190,4,1060,23
"D","Yorkshire and The Humber","36","North Yorkshire","36UB","Craven",,,1300,1160,140,40,3,550,42,450,35,260,20,770,59,530,41,10,30,140,270,840,500,38,130,10,100,8,200,15,70,5,300,23
"D","Yorkshire and The Humber","36","North Yorkshire","36UC","Hambleton",,,1800,1510,290,80,4,700,39,680,38,340,19,990,55,810,45,20,40,190,370,1180,650,36,190,11,130,7,320,18,110,6,390,22
"D","Yorkshire and The Humber","36","North Yorkshire","36UD","Harrogate",,,3190,2560,630,120,4,1530,48,1040,33,510,16,1760,55,1430,45,20,90,310,560,2200,1290,40,360,11,190,6,410,13,140,4,810,25
"D","Yorkshire and The Humber","36","North Yorkshire","36UE","Richmondshire",,,940,820,120,40,4,400,43,350,37,160,17,510,54,440,47,10,30,110,200,590,290,31,110,12,60,6,200,21,50,5,230,24
"D","Yorkshire and The Humber","36","North Yorkshire","36UF","Ryedale",,,1060,910,150,40,4,440,42,360,34,210,20,610,58,450,42,10,20,110,200,720,340,32,120,11,80,8,210,20,50,5,260,25
"D","Yorkshire and The Humber","36","North Yorkshire","36UG","Scarborough",,,4510,4000,510,220,5,1950,43,1570,35,770,17,2620,58,1890,42,40,130,450,900,3000,1820,40,380,8,340,8,820,18,180,4,970,22
"D","Yorkshire and The Humber","36","North Yorkshire","36UH","Selby",,,1940,1750,190,80,4,760,39,730,38,360,19,1100,57,840,43,20,70,230,370,1260,590,30,180,9,170,9,430,22,120,6,460,24
"E","East Midlands",,,"00FK","Derby",,,10130,8950,1180,510,5,5030,50,3280,32,1310,13,5770,57,4370,43,90,290,1190,2310,6260,4150,41,610,6,610,6,1910,19,460,5,2400,24
"E","East Midlands",,,"00FN","Leicester",,,14280,12750,1540,740,5,6630,46,5310,37,1600,11,7930,56,6350,44,140,410,1650,3470,8610,6470,45,810,6,1080,8,2330,16,500,4,3090,22
"E","East Midlands",,,"00FP","Rutland",,,540,450,90,20,4,250,46,180,33,80,15,300,56,240,44,0,10,60,120,340,210,39,60,11,30,6,70,13,40,7,120,22
"E","East Midlands",,,"00FY","Nottingham",,,15400,13670,1730,760,5,8070,52,4940,32,1630,11,9050,59,6350,41,110,400,1590,3330,9970,7390,48,810,5,930,6,2510,16,700,5,3060,20
"E","East Midlands","17","Derbyshire","17UB","Amber Valley",,,4380,3890,490,140,3,1930,44,1560,36,760,17,2530,58,1850,42,40,120,450,970,2800,1590,36,310,7,290,7,890,20,210,5,1090,25
"E","East Midlands","17","Derbyshire","17UC","Bolsover",,,4390,3920,480,200,5,1830,42,1570,36,790,18,2700,62,1690,38,40,100,390,850,3000,1470,33,230,5,400,9,1060,24,270,6,950,22
"E","East Midlands","17","Derbyshire","17UD","Chesterfield",,,5400,4710,690,220,4,2450,45,1860,34,860,16,3250,60,2150,40,60,150,530,1140,3520,2230,41,310,6,400,7,1040,19,250,5,1170,22
"E","East Midlands","17","Derbyshire","17UF","Derbyshire Dales",,,1630,1420,210,80,5,680,42,560,34,310,19,940,58,690,42,10,60,180,340,1050,590,36,140,9,90,6,330,20,90,6,380,23
"E","East Midlands","17","Derbyshire","17UG","Erewash",,,3760,3300,460,180,5,1680,45,1280,34,620,16,2080,55,1680,45,30,110,410,830,2370,1470,39,250,7,230,6,750,20,180,5,880,23
"E","East Midlands","17","Derbyshire","17UH","High Peak",,,2920,2620,310,160,5,1300,45,1010,35,460,16,1680,58,1240,42,20,80,310,610,1900,1170,40,230,8,210,7,510,17,160,5,650,22
"E","East Midlands","17","Derbyshire","17UJ","North East Derbyshire",,,3890,3420,470,150,4,1630,42,1370,35,740,19,2320,60,1570,40,30,100,390,760,2620,1320,34,290,7,300,8,870,22,240,6,870,22
"E","East Midlands","17","Derbyshire","17UK","South Derbyshire",,,2820,2510,310,140,5,1180,42,1030,37,470,17,1530,54,1280,45,20,80,300,660,1750,940,33,200,7,200,7,640,23,140,5,700,25
"E","East Midlands","31","Leicestershire","31UB","Blaby",,,1900,1640,260,100,5,790,42,710,37,300,16,1020,54,880,46,20,60,210,430,1180,730,38,200,11,120,6,340,18,80,4,420,22
"E","East Midlands","31","Leicestershire","31UC","Charnwood",,,3880,3340,530,220,6,1840,47,1300,34,520,13,2100,54,1780,46,30,130,470,1000,2250,1720,44,320,8,260,7,600,15,160,4,820,21
"E","East Midlands","31","Leicestershire","31UD","Harborough",,,1410,1190,220,80,6,600,43,490,35,240,17,760,54,650,46,10,50,190,290,870,580,41,160,11,90,6,220,16,60,4,300,21
"E","East Midlands","31","Leicestershire","31UE","Hinckley and Bosworth",,,2470,2170,300,140,6,1090,44,850,34,390,16,1320,53,1150,47,20,90,320,600,1450,1030,42,200,8,180,7,430,17,130,5,490,20
"E","East Midlands","31","Leicestershire","31UG","Melton",,,890,740,150,50,6,390,44,300,34,140,16,500,56,390,44,10,30,110,180,560,350,39,70,8,60,7,160,18,40,4,210,24
"E","East Midlands","31","Leicestershire","31UH","North West Leicestershire",,,2750,2420,330,130,5,1240,45,930,34,440,16,1530,56,1220,44,30,80,330,610,1710,1050,38,230,8,190,7,600,22,130,5,540,20
"E","East Midlands","31","Leicestershire","31UJ","Oadby and Wigston",,,1280,1150,140,70,5,560,44,480,38,170,13,660,52,630,49,10,40,180,300,750,540,42,90,7,90,7,220,17,50,4,300,23
"E","East Midlands","32","Lincolnshire","32UB","Boston",,,2430,2120,310,90,4,1080,44,850,35,400,16,1390,57,1040,43,10,70,240,530,1580,820,34,180,7,170,7,580,24,100,4,580,24
"E","East Midlands","32","Lincolnshire","32UC","East Lindsey",,,6840,5940,900,310,5,2660,39,2450,36,1420,21,4090,60,2750,40,50,160,620,1380,4630,2190,32,530,8,630,9,1630,24,340,5,1530,22
"E","East Midlands","32","Lincolnshire","32UD","Lincoln",,,3970,3510,460,220,6,2060,52,1200,30,490,12,2370,60,1600,40,30,130,440,890,2480,1870,47,260,7,260,7,610,15,150,4,810,20
"E","East Midlands","32","Lincolnshire","32UE","North Kesteven",,,2570,2210,360,130,5,1040,40,930,36,470,18,1450,56,1130,44,20,80,260,530,1690,850,33,250,10,190,7,540,21,150,6,590,23
"E","East Midlands","32","Lincolnshire","32UF","South Holland",,,2550,2210,350,90,4,1070,42,930,36,470,18,1370,54,1180,46,10,100,260,580,1600,760,30,230,9,200,8,570,22,150,6,640,25
"E","East Midlands","32","Lincolnshire","32UG","South Kesteven",,,3240,2750,490,140,4,1400,43,1180,36,520,16,1720,53,1520,47,20,70,360,740,2030,1160,36,270,8,250,8,600,19,160,5,800,25
"E","East Midlands","32","Lincolnshire","32UH","West Lindsey",,,2920,2470,450,140,5,1280,44,1000,34,500,17,1680,58,1240,42,30,100,300,600,1910,1080,37,280,10,190,7,560,19,140,5,680,23
"E","East Midlands","34","Northamptonshire","34UB","Corby",,,2480,2230,250,120,5,1200,48,890,36,270,11,1340,54,1140,46,20,80,330,610,1450,960,39,150,6,200,8,440,18,120,5,610,25
"E","East Midlands","34","Northamptonshire","34UC","Daventry",,,1570,1420,150,90,6,750,48,510,32,220,14,800,51,760,48,10,70,230,400,860,590,38,140,9,100,6,260,17,80,5,400,25
"E","East Midlands","34","Northamptonshire","34UD","East Northamptonshire",,,1950,1690,260,100,5,910,47,660,34,290,15,1070,55,880,45,10,60,250,480,1150,710,36,160,8,140,7,340,17,110,6,500,26
"E","East Midlands","34","Northamptonshire","34UE","Kettering",,,2810,2490,330,170,6,1370,49,890,32,380,14,1530,54,1280,46,20,90,350,700,1650,1130,40,230,8,220,8,460,16,130,5,640,23
"E","East Midlands","34","Northamptonshire","34UF","Northampton",,,6850,5900,950,420,6,3450,50,2180,32,790,12,3920,57,2930,43,50,220,860,1610,4120,3180,46,490,7,460,7,840,12,330,5,1550,23
"E","East Midlands","34","Northamptonshire","34UG","South Northamptonshire",,,1280,1150,130,70,5,570,45,440,34,210,16,660,52,630,49,10,40,160,310,760,460,36,120,9,100,8,220,17,90,7,290,23
"E","East Midlands","34","Northamptonshire","34UH","Wellingborough",,,2370,2040,330,130,5,1170,49,750,32,320,14,1310,55,1060,45,10,90,290,540,1440,950,40,210,9,160,7,350,15,100,4,600,25
"E","East Midlands","37","Nottinghamshire","37UB","Ashfield",,,5750,5130,620,290,5,2600,45,1930,34,930,16,3410,59,2350,41,60,130,590,1280,3700,2090,36,410,7,440,8,1290,22,340,6,1190,21
"E","East Midlands","37","Nottinghamshire","37UC","Bassetlaw",,,5320,4710,610,250,5,2380,45,1800,34,890,17,3120,59,2200,41,60,110,480,1080,3590,2140,40,330,6,390,7,1180,22,300,6,990,19
"E","East Midlands","37","Nottinghamshire","37UD","Broxtowe",,,3520,3140,380,170,5,1480,42,1290,37,580,16,1970,56,1550,44,30,110,370,760,2250,1340,38,260,7,260,7,700,20,160,5,790,22
"E","East Midlands","37","Nottinghamshire","37UE","Gedling",,,3740,3280,460,180,5,1630,44,1330,36,600,16,2120,57,1620,43,20,100,360,760,2510,1500,40,270,7,230,6,720,19,180,5,850,23
"E","East Midlands","37","Nottinghamshire","37UF","Mansfield",,,6080,5470,620,290,5,2730,45,2110,35,950,16,3720,61,2360,39,70,120,580,1290,4020,2110,35,360,6,490,8,1410,23,340,6,1370,23
"E","East Midlands","37","Nottinghamshire","37UG","Newark and Sherwood",,,4340,3790,560,190,4,1870,43,1540,35,750,17,2520,58,1820,42,30,110,400,900,2900,1510,35,300,7,350,8,960,22,260,6,970,22
"E","East Midlands","37","Nottinghamshire","37UJ","Rushcliffe",,,2230,1890,350,100,4,950,43,800,36,370,17,1320,59,910,41,20,60,210,470,1470,880,39,240,11,140,6,350,16,110,5,520,23
"F","West Midlands",,,"00CN","Birmingham",,,46340,42090,4250,2350,5,23210,50,15800,34,4970,11,27060,58,19290,42,330,1410,5090,9830,29680,20900,45,2620,6,3310,7,7820,17,2070,4,9630,21
"F","West Midlands",,,"00CQ","Coventry",,,12880,11750,1130,650,5,6150,48,4490,35,1590,12,7370,57,5510,43,90,360,1420,2900,8110,5410,42,880,7,990,8,2330,18,700,5,2570,20
"F","West Midlands",,,"00CR","Dudley",,,11670,10440,1220,510,4,5270,45,4120,35,1760,15,6930,59,4740,41,100,310,1310,2610,7330,4360,37,700,6,930,8,2530,22,520,4,2620,22
"F","West Midlands",,,"00CS","Sandwell",,,14460,13240,1220,640,4,6670,46,5130,35,2020,14,8500,59,5960,41,100,440,1560,3270,9100,5480,38,760,5,1380,10,3250,22,670,5,2920,20
"F","West Midlands",,,"00CT","Solihull",,,5890,5170,720,340,6,2740,47,1930,33,880,15,3290,56,2610,44,50,180,620,1320,3720,2520,43,420,7,420,7,1050,18,310,5,1180,20
"F","West Midlands",,,"00CU","Walsall",,,11680,10510,1180,610,5,5380,46,4010,34,1680,14,6920,59,4760,41,90,330,1290,2650,7330,4610,39,690,6,1110,10,2430,21,480,4,2370,20
"F","West Midlands",,,"00CW","Wolverhampton",,,11590,10490,1100,570,5,5410,47,4130,36,1480,13,6730,58,4870,42,90,340,1210,2640,7320,5040,43,770,7,1000,9,2340,20,430,4,2020,17
"F","West Midlands",,,"00GA","Herefordshire, County of",,,5190,4440,750,300,6,2340,45,1730,33,830,16,3000,58,2190,42,40,140,590,1110,3310,2150,41,450,9,340,7,860,17,280,5,1120,22
"F","West Midlands",,,"00GF","Telford and Wrekin",,,6770,6040,730,360,5,3170,47,2350,35,890,13,3710,55,3060,45,50,180,800,1490,4260,2630,39,480,7,480,7,1370,20,370,5,1420,21
"F","West Midlands",,,"00GG","Shropshire",,,8500,7260,1240,470,6,3630,43,3000,35,1400,16,4820,57,3680,43,50,240,920,1780,5510,3370,40,780,9,580,7,1580,19,460,5,1730,20
"F","West Midlands",,,"00GL","Stoke-on-Trent",,,15900,14380,1520,710,4,7460,47,5460,34,2270,14,9150,58,6750,42,140,370,1350,3150,10890,7280,46,960,6,1230,8,2990,19,740,5,2690,17
"F","West Midlands","41","Staffordshire","41UB","Cannock Chase",,,3930,3500,430,200,5,1690,43,1390,35,650,17,2220,56,1710,44,40,120,450,850,2470,1330,34,280,7,360,9,950,24,240,6,780,20
"F","West Midlands","41","Staffordshire","41UC","East Staffordshire",,,3550,3140,410,230,6,1680,47,1140,32,510,14,2030,57,1530,43,30,130,420,860,2100,1480,42,280,8,250,7,650,18,170,5,730,21
"F","West Midlands","41","Staffordshire","41UD","Lichfield",,,2620,2260,350,160,6,1110,42,890,34,460,18,1510,58,1100,42,20,70,320,580,1630,1010,39,250,10,210,8,490,19,130,5,520,20
"F","West Midlands","41","Staffordshire","41UE","Newcastle-under-Lyme",,,5420,4890,530,220,4,2320,43,1990,37,900,17,3100,57,2330,43,50,110,490,1080,3690,2280,42,330,6,440,8,1080,20,310,6,980,18
"F","West Midlands","41","Staffordshire","41UF","South Staffordshire",,,2490,2170,320,120,5,1060,43,860,35,450,18,1390,56,1100,44,20,70,290,530,1580,870,35,230,9,200,8,550,22,130,5,520,21
"F","West Midlands","41","Staffordshire","41UG","Stafford",,,3610,3160,460,210,6,1590,44,1220,34,590,16,2030,56,1580,44,30,90,370,790,2330,1520,42,350,10,250,7,620,17,190,5,680,19
"F","West Midlands","41","Staffordshire","41UH","Staffordshire Moorlands",,,3690,3210,490,150,4,1520,41,1340,36,690,19,2060,56,1630,44,20,70,340,740,2520,1560,42,260,7,300,8,680,18,200,5,700,19
"F","West Midlands","41","Staffordshire","41UK","Tamworth",,,2530,2280,250,140,6,1120,44,860,34,410,16,1390,55,1140,45,20,70,330,560,1550,950,38,190,8,230,9,480,19,150,6,530,21
"F","West Midlands","44","Warwickshire","44UB","North Warwickshire",,,1850,1600,250,90,5,740,40,660,36,350,19,1070,58,780,42,10,50,220,400,1180,630,34,140,8,150,8,430,23,90,5,410,22
"F","West Midlands","44","Warwickshire","44UC","Nuneaton and Bedworth",,,4680,4180,500,220,5,2020,43,1690,36,760,16,2700,58,1980,42,30,140,530,970,3010,1790,38,340,7,330,7,970,21,280,6,980,21
"F","West Midlands","44","Warwickshire","44UD","Rugby",,,2290,2000,290,90,4,1070,47,790,34,340,15,1260,55,1030,45,20,80,260,550,1380,860,38,240,10,130,6,420,18,150,7,490,21
"F","West Midlands","44","Warwickshire","44UE","Stratford-on-Avon",,,2380,2060,320,130,5,1090,46,820,34,350,15,1310,55,1070,45,20,70,310,520,1460,940,39,250,11,140,6,370,16,130,5,550,23
"F","West Midlands","44","Warwickshire","44UF","Warwick",,,3060,2660,390,140,5,1480,48,1060,35,370,12,1730,57,1330,43,20,100,360,650,1930,1330,43,260,8,200,7,440,14,150,5,670,22
"F","West Midlands","47","Worcestershire","47UB","Bromsgrove",,,1990,1730,260,120,6,870,44,690,35,310,16,1110,56,880,44,10,60,230,420,1270,840,42,180,9,110,6,310,16,120,6,430,22
"F","West Midlands","47","Worcestershire","47UC","Malvern Hills",,,1980,1700,280,110,6,900,45,670,34,300,15,1090,55,880,44,10,60,190,420,1300,820,41,200,10,120,6,310,16,120,6,400,20
"F","West Midlands","47","Worcestershire","47UD","Redditch",,,2700,2430,270,150,6,1250,46,930,34,370,14,1480,55,1220,45,20,80,360,620,1620,1040,39,210,8,200,7,500,19,140,5,600,22
"F","West Midlands","47","Worcestershire","47UE","Worcester",,,3040,2700,340,170,6,1520,50,980,32,370,12,1690,56,1350,44,30,100,350,700,1870,1330,44,230,8,200,7,480,16,170,6,630,21
"F","West Midlands","47","Worcestershire","47UF","Wychavon",,,2720,2350,370,140,5,1240,46,920,34,420,15,1520,56,1200,44,30,80,350,570,1690,1010,37,250,9,180,7,510,19,180,7,590,22
"F","West Midlands","47","Worcestershire","47UG","Wyre Forest",,,3520,3020,500,180,5,1560,44,1170,33,620,18,2050,58,1480,42,30,90,390,790,2230,1480,42,260,7,210,6,680,19,190,5,700,20
"G","East of England",,,"00JA","Peterborough",,,6640,6020,620,430,6,3360,51,2160,33,690,10,3670,55,2970,45,50,230,860,1670,3840,2610,39,460,7,430,6,1120,17,350,5,1670,25
"G","East of England",,,"00KA","Luton",,,6530,5930,600,320,5,3250,50,2250,34,710,11,3820,58,2710,42,40,190,800,1650,3850,2710,42,410,6,460,7,1050,16,270,4,1630,25
"G","East of England",,,"00KB","Bedford",,,4670,4060,610,230,5,2330,50,1580,34,520,11,2670,57,2010,43,20,140,510,1060,2940,2050,44,330,7,270,6,760,16,230,5,1040,22
"G","East of England",,,"00KC","Central Bedfordshire",,,5090,4470,610,270,5,2440,48,1730,34,650,13,2770,54,2320,46,30,160,620,1230,3050,1950,38,480,9,290,6,870,17,270,5,1220,24
"G","East of England",,,"00KF","Southend-on-Sea",,,6530,5860,680,320,5,3350,51,2060,32,800,12,3750,57,2780,43,50,190,770,1540,3980,3080,47,450,7,360,6,890,14,330,5,1440,22
"G","East of England",,,"00KG","Thurrock",,,4500,4070,430,250,6,2120,47,1500,33,630,14,2510,56,1990,44,30,130,550,1020,2770,1870,42,330,7,300,7,940,21,260,6,800,18
"G","East of England","12","Cambridgeshire","12UB","Cambridge",,,3070,2770,310,170,6,1690,55,910,30,300,10,1820,59,1250,41,20,80,350,700,1920,1740,57,210,7,110,4,300,10,120,4,590,19
"G","East of England","12","Cambridgeshire","12UC","East Cambridgeshire",,,1600,1380,220,80,5,700,44,570,36,260,16,860,54,750,47,20,50,160,400,980,560,35,140,9,110,7,290,18,90,6,420,26
"G","East of England","12","Cambridgeshire","12UD","Fenland",,,3570,3210,370,180,5,1630,46,1260,35,500,14,1920,54,1660,46,20,100,410,890,2140,1250,35,260,7,220,6,800,22,210,6,830,23
"G","East of England","12","Cambridgeshire","12UE","Huntingdonshire",,,3480,3070,410,210,6,1720,49,1120,32,420,12,1850,53,1630,47,20,120,410,810,2120,1300,37,340,10,210,6,580,17,190,5,860,25
"G","East of England","12","Cambridgeshire","12UG","South Cambridgeshire",,,2420,2060,370,160,7,1210,50,730,30,320,13,1270,52,1160,48,20,70,280,570,1490,1030,43,240,10,120,5,340,14,110,5,590,24
"G","East of England","22","Essex","22UB","Basildon",,,5930,5340,590,380,6,2890,49,1900,32,760,13,3190,54,2730,46,50,190,680,1340,3670,2420,41,390,7,380,6,1070,18,320,5,1360,23
"G","East of England","22","Essex","22UC","Braintree",,,3690,3080,610,210,6,1720,47,1210,33,550,15,2000,54,1690,46,20,110,410,880,2270,1440,39,390,11,250,7,650,18,190,5,770,21
"G","East of England","22","Essex","22UD","Brentwood",,,1520,1320,200,80,5,700,46,510,34,240,16,820,54,700,46,10,50,140,350,980,620,41,140,9,100,7,240,16,80,5,350,23
"G","East of England","22","Essex","22UE","Castle Point",,,2500,2220,280,140,6,1060,42,850,34,450,18,1380,55,1110,44,20,80,290,630,1480,860,34,210,8,170,7,490,20,180,7,590,24
"G","East of England","22","Essex","22UF","Chelmsford",,,3350,2960,400,220,7,1680,50,1040,31,410,12,1820,54,1540,46,30,110,360,810,2040,1460,44,340,10,170,5,470,14,160,5,760,23
"G","East of England","22","Essex","22UG","Colchester",,,5100,4250,850,320,6,2610,51,1490,29,690,14,2840,56,2260,44,30,140,530,1020,3380,2440,48,470,9,240,5,780,15,240,5,930,18
"G","East of England","22","Essex","22UH","Epping Forest",,,2830,2550,270,130,5,1340,47,940,33,420,15,1560,55,1270,45,20,60,350,630,1760,1220,43,230,8,160,6,500,18,170,6,550,19
"G","East of England","22","Essex","22UJ","Harlow",,,2600,2330,270,120,5,1290,50,900,35,280,11,1360,52,1240,48,20,70,300,650,1560,1160,45,150,6,130,5,480,18,120,5,560,22
"G","East of England","22","Essex","22UK","Maldon",,,1400,1260,140,70,5,650,46,450,32,230,16,780,56,620,44,10,40,180,320,850,500,36,140,10,90,6,280,20,90,6,300,21
"G","East of England","22","Essex","22UL","Rochford",,,1690,1490,200,90,5,720,43,590,35,290,17,920,54,770,46,10,40,190,370,1070,610,36,170,10,110,7,300,18,100,6,400,24
"G","East of England","22","Essex","22UN","Tendring",,,6180,5220,960,270,4,2660,43,2090,34,1170,19,3630,59,2540,41,30,160,630,1270,4090,2440,39,480,8,450,7,1190,19,350,6,1270,21
"G","East of England","22","Essex","22UQ","Uttlesford",,,1160,1010,150,60,5,540,47,400,34,170,15,610,53,550,47,10,40,140,250,720,460,40,140,12,50,4,200,17,70,6,230,20
"G","East of England","26","Hertfordshire","26UB","Broxbourne",,,2250,2020,230,140,6,1080,48,760,34,280,12,1180,52,1070,48,10,70,280,520,1370,980,44,140,6,140,6,390,17,110,5,500,22
"G","East of England","26","Hertfordshire","26UC","Dacorum",,,3210,2840,370,150,5,1560,49,1070,33,420,13,1760,55,1450,45,20,80,420,780,1900,1420,44,280,9,170,5,570,18,140,4,620,19
"G","East of England","26","Hertfordshire","26UD","East Hertfordshire",,,2360,2000,350,180,8,1170,50,700,30,300,13,1220,52,1140,48,10,70,270,550,1460,1080,46,250,11,120,5,350,15,100,4,460,19
"G","East of England","26","Hertfordshire","26UE","Hertsmere",,,2380,2090,290,130,5,1190,50,770,32,280,12,1290,54,1090,46,20,70,290,560,1440,1080,45,210,9,140,6,350,15,90,4,510,21
"G","East of England","26","Hertfordshire","26UF","North Hertfordshire",,,2560,2250,320,170,7,1210,47,890,35,300,12,1380,54,1180,46,20,70,290,580,1600,1150,45,250,10,140,5,390,15,90,4,540,21
"G","East of England","26","Hertfordshire","26UG","St Albans",,,2630,2210,420,160,6,1310,50,840,32,320,12,1460,56,1170,44,20,80,280,570,1680,1240,47,230,9,120,5,380,14,120,5,550,21
"G","East of England","26","Hertfordshire","26UH","Stevenage",,,2410,2120,290,170,7,1280,53,720,30,240,10,1370,57,1050,44,10,60,290,580,1480,1110,46,200,8,130,5,380,16,90,4,500,21
"G","East of England","26","Hertfordshire","26UJ","Three Rivers",,,1730,1540,190,100,6,880,51,510,29,230,13,990,57,740,43,10,40,210,420,1050,750,43,140,8,110,6,300,17,70,4,360,21
"G","East of England","26","Hertfordshire","26UK","Watford",,,2220,2020,200,110,5,1130,51,720,32,260,12,1320,59,910,41,10,70,290,570,1280,1060,48,160,7,130,6,340,15,100,5,430,19
"G","East of England","26","Hertfordshire","26UL","Welwyn Hatfield",,,2630,2320,310,170,6,1380,52,810,31,270,10,1470,56,1160,44,10,90,300,620,1610,1310,50,200,8,120,5,370,14,110,4,510,19
"G","East of England","33","Norfolk","33UB","Breckland",,,3720,3270,450,180,5,1660,45,1300,35,580,16,2050,55,1660,45,30,100,390,880,2310,1460,39,320,9,220,6,730,20,220,6,760,20
"G","East of England","33","Norfolk","33UC","Broadland",,,3150,2580,570,150,5,1450,46,1040,33,510,16,1760,56,1390,44,30,80,330,660,2040,1320,42,340,11,150,5,540,17,160,5,640,20
"G","East of England","33","Norfolk","33UD","Great Yarmouth",,,4550,4070,480,240,5,2110,46,1550,34,660,15,2630,58,1920,42,30,100,490,1000,2920,1840,40,380,8,320,7,930,20,210,5,870,19
"G","East of England","33","Norfolk","33UE","King's Lynn and West Norfolk",,,5260,4610,650,270,5,2380,45,1760,33,840,16,2990,57,2270,43,40,160,540,1130,3380,2070,39,420,8,370,7,1080,21,280,5,1040,20
"G","East of England","33","Norfolk","33UF","North Norfolk",,,3440,2860,580,160,5,1500,44,1180,34,600,17,2000,58,1440,42,20,90,340,660,2330,1430,42,320,9,200,6,600,17,130,4,770,22
"G","East of England","33","Norfolk","33UG","Norwich",,,6170,5540,630,380,6,3320,54,1810,29,660,11,3560,58,2610,42,60,190,680,1380,3850,3500,57,410,7,290,5,850,14,200,3,930,15
"G","East of England","33","Norfolk","33UH","South Norfolk",,,2930,2520,400,170,6,1350,46,940,32,460,16,1560,53,1370,47,20,80,330,650,1840,1230,42,330,11,160,5,520,18,120,4,560,19
"G","East of England","42","Suffolk","42UB","Babergh",,,1890,1580,310,110,6,860,46,600,32,320,17,1060,56,840,44,20,70,240,370,1190,740,39,200,11,130,7,320,17,100,5,420,22
"G","East of England","42","Suffolk","42UC","Forest Heath",,,1220,1050,170,50,4,590,48,400,33,170,14,640,52,580,48,10,40,140,300,720,490,40,90,7,70,6,210,17,80,7,280,23
"G","East of England","42","Suffolk","42UD","Ipswich",,,4460,3920,550,300,7,2180,49,1430,32,550,12,2490,56,1980,44,50,150,550,1020,2700,1990,45,390,9,280,6,780,17,200,4,820,18
"G","East of England","42","Suffolk","42UE","Mid Suffolk",,,1740,1480,260,80,5,740,43,620,36,280,16,930,53,800,46,20,60,200,390,1070,610,35,210,12,130,7,320,18,90,5,370,21
"G","East of England","42","Suffolk","42UF","St Edmundsbury",,,2370,2010,370,120,5,1190,50,720,30,350,15,1280,54,1090,46,20,70,280,540,1470,970,41,200,8,130,5,410,17,140,6,510,22
"G","East of England","42","Suffolk","42UG","Suffolk Coastal",,,2630,2280,350,130,5,1120,43,940,36,440,17,1420,54,1200,46,20,90,310,600,1610,990,38,280,11,170,6,470,18,120,5,600,23
"G","East of England","42","Suffolk","42UH","Waveney",,,4330,3790,540,200,5,1920,44,1550,36,660,15,2410,56,1920,44,40,150,470,910,2760,1640,38,470,11,270,6,840,19,200,5,910,21
"H","London",,,"00AA","City of London",,,190,180,10,10,5,100,53,60,32,30,16,140,74,50,26,0,10,20,40,120,90,47,20,11,10,5,20,11,10,5,50,26
"H","London",,,"00AB","Barking and Dagenham",,,7180,6700,480,350,5,3670,51,2410,34,760,11,4000,56,3180,44,50,230,820,1630,4460,2830,39,400,6,480,7,1390,19,400,6,1690,24
"H","London",,,"00AC","Barnet",,,9250,8360,890,430,5,4770,52,3050,33,1000,11,5110,55,4140,45,90,300,1110,2260,5490,4230,46,600,6,510,6,1340,14,410,4,2160,23
"H","London",,,"00AD","Bexley",,,5870,5310,560,360,6,2720,46,2030,35,770,13,3200,55,2670,45,50,180,710,1330,3600,2300,39,440,7,420,7,1010,17,300,5,1420,24
"H","London",,,"00AE","Brent",,,10800,9910,880,360,3,5500,51,3830,35,1110,10,6270,58,4530,42,140,350,1270,2430,6610,4610,43,490,5,710,7,1830,17,510,5,2640,24
"H","London",,,"00AF","Bromley",,,7300,6550,750,420,6,3710,51,2330,32,840,12,4160,57,3130,43,60,220,840,1680,4510,3300,45,550,8,410,6,1020,14,350,5,1670,23
"H","London",,,"00AG","Camden",,,10060,9430,630,330,3,5630,56,3240,32,850,8,5990,60,4070,40,90,260,860,2140,6710,5610,56,410,4,490,5,1110,11,370,4,2080,21
"H","London",,,"00AH","Croydon",,,10660,9490,1160,520,5,5710,54,3340,31,1090,10,6020,56,4630,43,80,340,1220,2600,6420,4940,46,670,6,590,6,1470,14,420,4,2570,24
"H","London",,,"00AJ","Ealing",,,11140,10260,880,390,4,5620,50,3920,35,1200,11,6390,57,4750,43,110,340,1140,2730,6820,4770,43,570,5,800,7,1770,16,500,4,2730,25
"H","London",,,"00AK","Enfield",,,10500,9670,830,480,5,5590,53,3370,32,1050,10,5840,56,4660,44,90,270,1240,2640,6270,4600,44,620,6,640,6,1730,16,420,4,2490,24
"H","London",,,"00AL","Greenwich",,,9910,9160,750,540,5,5240,53,3240,33,890,9,5590,56,4320,44,100,360,1150,2360,5950,4600,46,550,6,650,7,1530,15,480,5,2090,21
"H","London",,,"00AM","Hackney",,,11270,10760,510,390,3,6170,55,3790,34,910,8,6490,58,4780,42,130,370,1190,2500,7080,5350,47,490,4,720,6,1670,15,450,4,2590,23
"H","London",,,"00AN","Hammersmith and Fulham",,,7180,6710,480,250,3,3900,54,2410,34,630,9,4180,58,3010,42,80,200,770,1600,4540,3440,48,330,5,400,6,950,13,260,4,1800,25
"H","London",,,"00AP","Haringey",,,10460,9780,680,440,4,5790,55,3350,32,880,8,5910,57,4540,43,100,280,1160,2470,6450,5020,48,550,5,630,6,1440,14,350,3,2460,24
"H","London",,,"00AQ","Harrow",,,5930,5310,620,340,6,2890,49,2050,35,650,11,3190,54,2740,46,50,180,770,1440,3480,2530,43,380,6,390,7,970,16,230,4,1430,24
"H","London",,,"00AR","Havering",,,6500,5780,720,290,4,2980,46,2340,36,880,14,3600,55,2900,45,30,200,730,1310,4230,2480,38,510,8,370,6,1220,19,380,6,1530,24
"H","London",,,"00AS","Hillingdon",,,7100,6400,700,330,5,3520,50,2430,34,820,12,3810,54,3280,46,80,250,860,1740,4160,2900,41,490,7,500,7,1220,17,340,5,1640,23
"H","London",,,"00AT","Hounslow",,,7700,7160,530,330,4,3800,49,2760,36,810,11,4230,55,3460,45,70,280,870,1900,4580,3240,42,440,6,500,6,1360,18,360,5,1800,23
"H","London",,,"00AU","Islington",,,10810,10190,610,400,4,6170,57,3390,31,840,8,6180,57,4630,43,80,310,1060,2550,6800,5730,53,500,5,570,5,1380,13,360,3,2260,21
"H","London",,,"00AW","Kensington and Chelsea",,,5550,5220,330,150,3,3050,55,1900,34,460,8,3270,59,2280,41,40,170,510,1260,3580,2880,52,250,5,230,4,710,13,180,3,1310,24
"H","London",,,"00AX","Kingston upon Thames",,,3110,2810,300,190,6,1610,52,960,31,350,11,1760,57,1350,43,30,100,380,780,1810,1610,52,200,6,160,5,370,12,120,4,650,21
"H","London",,,"00AY","Lambeth",,,11710,10860,840,430,4,6390,55,3960,34,920,8,6910,59,4790,41,130,370,1220,2710,7280,5820,50,560,5,590,5,1320,11,430,4,2980,25
"H","London",,,"00AZ","Lewisham",,,10780,9860,920,530,5,5920,55,3400,32,940,9,6170,57,4610,43,120,370,1280,2570,6450,5160,48,550,5,610,6,1530,14,470,4,2470,23
"H","London",,,"00BA","Merton",,,4470,4010,450,210,5,2290,51,1440,32,520,12,2490,56,1980,44,50,150,570,1060,2640,2010,45,280,6,270,6,610,14,180,4,1120,25
"H","London",,,"00BB","Newham",,,11100,10520,590,560,5,5820,52,3750,34,970,9,6410,58,4700,42,120,400,1230,2580,6780,4210,38,580,5,850,8,1980,18,490,4,3000,27
"H","London",,,"00BC","Redbridge",,,7780,7030,750,380,5,3820,49,2700,35,880,11,4360,56,3420,44,40,260,840,1800,4840,3100,40,490,6,540,7,1260,16,320,4,2070,27
"H","London",,,"00BD","Richmond upon Thames",,,3500,3110,390,190,5,1740,50,1170,33,400,11,1990,57,1510,43,40,110,390,800,2170,1790,51,230,7,160,5,400,11,130,4,810,23
"H","London",,,"00BE","Southwark",,,11960,11260,700,450,4,6560,55,3950,33,990,8,6850,57,5120,43,110,380,1290,2930,7260,5760,48,540,5,690,6,1520,13,490,4,2950,25
"H","London",,,"00BF","Sutton",,,4660,4040,620,280,6,2420,52,1400,30,560,12,2560,55,2100,45,60,170,540,1090,2800,2310,50,300,6,230,5,590,13,190,4,1040,22
"H","London",,,"00BG","Tower Hamlets",,,10250,9870,380,470,5,5680,55,3320,32,780,8,6280,61,3970,39,100,380,1260,2430,6080,4600,45,480,5,680,7,1460,14,400,4,2630,26
"H","London",,,"00BH","Waltham Forest",,,8620,7930,700,370,4,4550,53,2840,33,870,10,4790,56,3830,44,50,280,1000,1970,5320,3540,41,470,5,480,6,1310,15,360,4,2480,29
"H","London",,,"00BJ","Wandsworth",,,8370,7570,800,340,4,4500,54,2650,32,880,11,4890,58,3480,42,90,260,880,1900,5240,4180,50,430,5,420,5,980,12,280,3,2070,25
"H","London",,,"00BK","Westminster",,,9660,9120,540,280,3,5690,59,2980,31,710,7,5790,60,3870,40,70,280,1030,2270,6010,5190,54,380,4,470,5,1360,14,360,4,1890,20
"J","South East",,,"00LC","Medway",,,8090,7270,820,470,6,3970,49,2650,33,1000,12,4630,57,3460,43,60,260,1070,2020,4680,3310,41,590,7,580,7,1470,18,490,6,1650,20
"J","South East",,,"00MA","Bracknell Forest",,,2150,1810,340,130,6,1120,52,640,30,250,12,1230,57,910,42,20,60,270,530,1270,990,46,160,7,120,6,260,12,90,4,510,24
"J","South East",,,"00MB","West Berkshire",,,2790,2320,480,180,6,1420,51,830,30,360,13,1550,56,1250,45,20,100,310,700,1660,1330,48,260,9,140,5,320,11,140,5,610,22
"J","South East",,,"00MC","Reading",,,4040,3580,460,260,6,2110,52,1270,31,400,10,2340,58,1700,42,30,130,540,1020,2320,1990,49,260,6,260,6,480,12,200,5,850,21
"J","South East",,,"00MD","Slough",,,4050,3720,330,190,5,1970,49,1470,36,420,10,2300,57,1750,43,40,150,580,1110,2180,1710,42,230,6,320,8,670,17,220,5,900,22
"J","South East",,,"00ME","Windsor and Maidenhead",,,2230,1930,300,140,6,1060,48,740,33,290,13,1220,55,1010,45,20,60,300,560,1290,950,43,190,9,150,7,320,14,110,5,500,22
"J","South East",,,"00MF","Wokingham",,,2070,1620,450,150,7,1040,50,630,30,250,12,1120,54,950,46,10,50,260,450,1290,880,43,170,8,110,5,260,13,110,5,550,27
"J","South East",,,"00MG","Milton Keynes",,,6680,6010,670,390,6,3310,50,2260,34,730,11,3540,53,3150,47,50,200,890,1670,3880,2720,41,500,7,440,7,1160,17,360,5,1510,23
"J","South East",,,"00ML","Brighton and Hove",,,11490,10620,870,580,5,6250,54,3480,30,1170,10,6890,60,4590,40,110,330,1370,2680,7000,6140,53,730,6,520,5,1450,13,490,4,2160,19
"J","South East",,,"00MR","Portsmouth",,,6730,6080,650,310,5,3430,51,2170,32,810,12,4000,59,2730,41,40,220,860,1600,4000,3380,50,480,7,420,6,890,13,320,5,1240,18
"J","South East",,,"00MS","Southampton",,,8280,7410,870,410,5,4100,50,2730,33,1040,13,4910,59,3370,41,70,300,920,1960,5040,4190,51,490,6,510,6,1250,15,400,5,1440,17
"J","South East",,,"00MW","Isle of Wight",,,5350,4720,630,300,6,2370,44,1820,34,860,16,3210,60,2140,40,40,120,510,1120,3560,2360,44,340,6,380,7,970,18,220,4,1080,20
"J","South East","11","Buckinghamshire","11UB","Aylesbury Vale",,,3190,2710,480,200,6,1520,48,1090,34,380,12,1770,55,1420,45,20,110,400,730,1930,1370,43,300,9,200,6,430,13,160,5,720,23
"J","South East","11","Buckinghamshire","11UC","Chiltern",,,1450,1150,290,80,6,710,49,450,31,210,14,810,56,640,44,10,50,170,300,910,570,39,260,18,70,5,160,11,50,3,330,23
"J","South East","11","Buckinghamshire","11UE","South Bucks",,,960,820,130,60,6,450,47,300,31,150,16,520,54,430,45,10,30,120,230,570,390,41,90,9,50,5,130,14,50,5,250,26
"J","South East","11","Buckinghamshire","11UF","Wycombe",,,2900,2540,360,200,7,1440,50,970,33,290,10,1580,54,1310,45,20,80,400,720,1680,1250,43,250,9,170,6,380,13,140,5,710,24
"J","South East","21","East Sussex","21UC","Eastbourne",,,3710,3310,400,190,5,1840,50,1210,33,470,13,2110,57,1600,43,40,90,400,800,2380,1610,43,270,7,190,5,560,15,150,4,930,25
"J","South East","21","East Sussex","21UD","Hastings",,,4950,4480,470,280,6,2420,49,1630,33,610,12,2930,59,2020,41,40,130,510,1100,3170,2240,45,290,6,290,6,790,16,240,5,1080,22
"J","South East","21","East Sussex","21UF","Lewes",,,2650,2360,290,140,5,1220,46,890,34,400,15,1520,57,1140,43,30,70,330,620,1600,1100,42,230,9,150,6,420,16,170,6,590,22
"J","South East","21","East Sussex","21UG","Rother",,,2820,2390,440,120,4,1260,45,940,33,510,18,1570,56,1260,45,20,80,310,540,1870,1070,38,210,7,190,7,490,17,150,5,720,26
"J","South East","21","East Sussex","21UH","Wealden",,,3030,2520,510,190,6,1370,45,970,32,500,17,1620,53,1410,47,20,90,310,630,1970,1110,37,270,9,150,5,480,16,180,6,830,27
"J","South East","24","Hampshire","24UB","Basingstoke and Deane",,,3270,2810,460,220,7,1720,53,930,28,400,12,1690,52,1580,48,30,120,440,800,1880,1560,48,300,9,160,5,470,14,140,4,640,20
"J","South East","24","Hampshire","24UC","East Hampshire",,,2060,1650,400,160,8,1010,49,640,31,250,12,1110,54,950,46,10,80,260,450,1270,840,41,270,13,130,6,260,13,100,5,460,22
"J","South East","24","Hampshire","24UD","Eastleigh",,,2480,2080,400,180,7,1120,45,840,34,340,14,1310,53,1170,47,20,100,270,540,1560,1090,44,250,10,160,6,380,15,110,4,480,19
"J","South East","24","Hampshire","24UE","Fareham",,,1980,1640,340,120,6,910,46,630,32,320,16,1090,55,900,45,20,80,220,430,1240,880,44,200,10,110,6,290,15,80,4,420,21
"J","South East","24","Hampshire","24UF","Gosport",,,2300,2050,250,130,6,1140,50,740,32,290,13,1270,55,1030,45,10,70,250,610,1350,1040,45,190,8,140,6,340,15,110,5,480,21
"J","South East","24","Hampshire","24UG","Hart",,,1050,880,180,70,7,500,48,340,32,140,13,550,52,500,48,10,40,120,250,630,460,44,110,10,50,5,160,15,60,6,220,21
"J","South East","24","Hampshire","24UH","Havant",,,3800,3310,490,220,6,1830,48,1230,32,520,14,2140,56,1660,44,40,140,420,830,2370,1580,42,330,9,260,7,630,17,210,6,790,21
"J","South East","24","Hampshire","24UJ","New Forest",,,3970,3360,600,250,6,1830,46,1270,32,610,15,2250,57,1710,43,30,130,450,870,2480,1700,43,370,9,240,6,640,16,190,5,830,21
"J","South East","24","Hampshire","24UL","Rushmoor",,,2090,1850,250,110,5,1110,53,650,31,220,11,1100,53,990,47,20,70,260,550,1190,1040,50,180,9,120,6,310,15,90,4,360,17
"J","South East","24","Hampshire","24UN","Test Valley",,,2100,1750,350,130,6,1000,48,680,32,300,14,1140,54,970,46,20,70,250,460,1300,870,41,240,11,130,6,320,15,130,6,430,20
"J","South East","24","Hampshire","24UP","Winchester",,,1990,1660,330,120,6,1010,51,620,31,240,12,1160,58,820,41,20,70,270,490,1140,990,50,190,10,100,5,240,12,90,5,380,19
"J","South East","29","Kent","29UB","Ashford",,,2860,2440,420,180,6,1430,50,870,30,380,13,1600,56,1260,44,30,90,310,660,1780,1200,42,240,8,190,7,510,18,150,5,570,20
"J","South East","29","Kent","29UC","Canterbury",,,4330,3670,660,260,6,2000,46,1460,34,610,14,2530,58,1800,42,30,130,480,930,2760,1910,44,380,9,280,6,680,16,180,4,900,21
"J","South East","29","Kent","29UD","Dartford",,,2460,2200,250,160,7,1180,48,760,31,360,15,1400,57,1050,43,20,60,370,610,1400,1030,42,180,7,180,7,440,18,110,4,520,21
"J","South East","29","Kent","29UE","Dover",,,3950,3300,650,180,5,1750,44,1330,34,690,17,2340,59,1610,41,20,110,410,840,2560,1700,43,300,8,250,6,720,18,210,5,770,19
"J","South East","29","Kent","29UG","Gravesham",,,3110,2780,330,160,5,1530,49,1020,33,390,13,1750,56,1360,44,20,80,430,770,1810,1180,38,230,7,240,8,630,20,140,5,690,22
"J","South East","29","Kent","29UH","Maidstone",,,3650,3180,480,240,7,1790,49,1120,31,510,14,2040,56,1610,44,30,140,490,790,2200,1540,42,330,9,210,6,640,18,220,6,710,19
"J","South East","29","Kent","29UK","Sevenoaks",,,2180,1870,310,120,6,1020,47,720,33,320,15,1200,55,980,45,10,70,260,470,1360,870,40,190,9,160,7,330,15,100,5,520,24
"J","South East","29","Kent","29UL","Shepway",,,3940,3210,730,200,5,1900,48,1270,32,570,14,2380,60,1560,40,30,130,380,780,2610,1640,42,320,8,310,8,650,16,180,5,840,21
"J","South East","29","Kent","29UM","Swale",,,4830,4270,560,280,6,2300,48,1580,33,670,14,2850,59,1980,41,40,140,610,1070,2970,1960,41,350,7,330,7,920,19,320,7,960,20
"J","South East","29","Kent","29UN","Thanet",,,6150,5420,730,360,6,2790,45,2080,34,920,15,3630,59,2520,41,40,200,740,1400,3760,2610,42,440,7,450,7,1140,19,320,5,1180,19
"J","South East","29","Kent","29UP","Tonbridge and Malling",,,2410,2070,330,130,5,1160,48,760,32,360,15,1390,58,1010,42,20,80,290,570,1450,930,39,250,10,160,7,400,17,140,6,530,22
"J","South East","29","Kent","29UQ","Tunbridge Wells",,,2470,2110,360,190,8,1220,49,740,30,310,13,1410,57,1060,43,20,70,320,610,1440,1200,49,230,9,120,5,320,13,120,5,500,20
"J","South East","38","Oxfordshire","38UB","Cherwell",,,2910,2570,350,170,6,1490,51,920,32,340,12,1520,52,1390,48,20,120,430,710,1640,1280,44,250,9,150,5,450,15,140,5,650,22
"J","South East","38","Oxfordshire","38UC","Oxford",,,3940,3540,400,210,5,2180,55,1180,30,370,9,2390,61,1550,39,30,110,510,910,2380,2220,56,220,6,160,4,430,11,130,3,770,20
"J","South East","38","Oxfordshire","38UD","South Oxfordshire",,,2020,1680,350,100,5,990,49,630,31,310,15,1160,57,860,43,10,40,230,460,1280,840,42,210,10,120,6,260,13,100,5,500,25
"J","South East","38","Oxfordshire","38UE","Vale of White Horse",,,1970,1690,280,130,7,980,50,630,32,230,12,1070,54,900,46,10,60,250,420,1220,820,42,190,10,100,5,300,15,90,5,460,23
"J","South East","38","Oxfordshire","38UF","West Oxfordshire",,,1650,1420,230,100,6,800,48,530,32,220,13,890,54,760,46,10,60,220,360,1000,690,42,180,11,80,5,230,14,100,6,370,22
"J","South East","43","Surrey","43UB","Elmbridge",,,1920,1690,230,90,5,960,50,620,32,250,13,1080,56,840,44,20,60,230,450,1160,960,50,160,8,100,5,210,11,100,5,400,21
"J","South East","43","Surrey","43UC","Epsom and Ewell",,,1350,1060,280,50,4,620,46,460,34,220,16,740,55,610,45,10,40,130,280,880,670,50,80,6,70,5,180,13,50,4,310,23
"J","South East","43","Surrey","43UD","Guildford",,,2320,2060,260,140,6,1200,52,730,31,250,11,1280,55,1040,45,30,80,300,530,1390,1170,50,200,9,130,6,290,13,110,5,420,18
"J","South East","43","Surrey","43UE","Mole Valley",,,1430,1140,290,70,5,710,50,430,30,220,15,840,59,600,42,20,50,160,300,910,670,47,150,10,80,6,160,11,50,3,320,22
"J","South East","43","Surrey","43UF","Reigate and Banstead",,,2740,2200,540,160,6,1320,48,870,32,400,15,1530,56,1210,44,30,80,300,560,1770,1390,51,220,8,110,4,350,13,100,4,570,21
"J","South East","43","Surrey","43UG","Runnymede",,,1380,1150,230,60,4,620,45,470,34,230,17,770,56,610,44,10,50,180,270,870,630,46,110,8,70,5,200,14,70,5,310,22
"J","South East","43","Surrey","43UH","Spelthorne",,,1880,1670,210,90,5,930,49,620,33,240,13,1070,57,810,43,20,70,270,470,1050,820,44,150,8,110,6,280,15,100,5,420,22
"J","South East","43","Surrey","43UJ","Surrey Heath",,,1150,1000,150,100,9,590,51,340,30,130,11,630,55,520,45,10,40,160,300,650,520,45,100,9,60,5,150,13,60,5,270,23
"J","South East","43","Surrey","43UK","Tandridge",,,1620,1230,390,120,7,720,44,470,29,310,19,900,56,720,44,10,70,160,330,1060,730,45,170,10,80,5,210,13,70,4,370,23
"J","South East","43","Surrey","43UL","Waverley",,,2070,1730,340,110,5,1040,50,630,30,280,14,1130,55,940,45,20,60,210,490,1290,970,47,250,12,90,4,250,12,80,4,430,21
"J","South East","43","Surrey","43UM","Woking",,,1880,1610,270,120,6,970,52,570,30,230,12,1060,56,810,43,20,80,230,480,1080,880,47,160,9,90,5,240,13,80,4,420,22
"J","South East","45","West Sussex","45UB","Adur",,,1830,1670,170,100,5,820,45,640,35,270,15,1010,55,820,45,20,70,230,410,1100,760,42,130,7,120,7,300,16,100,5,420,23
"J","South East","45","West Sussex","45UC","Arun",,,4400,3700,700,200,5,2040,46,1450,33,710,16,2530,58,1880,43,40,130,480,920,2830,1870,43,350,8,250,6,640,15,230,5,1060,24
"J","South East","45","West Sussex","45UD","Chichester",,,2380,2070,310,120,5,1090,46,810,34,360,15,1380,58,1000,42,20,80,280,530,1480,1000,42,220,9,150,6,330,14,130,5,560,24
"J","South East","45","West Sussex","45UE","Crawley",,,2930,2600,340,160,5,1470,50,1010,34,290,10,1550,53,1380,47,20,110,370,710,1720,1210,41,190,6,160,5,450,15,150,5,760,26
"J","South East","45","West Sussex","45UF","Horsham",,,2200,1910,300,150,7,1060,48,690,31,300,14,1210,55,990,45,30,80,260,490,1350,890,40,250,11,120,5,280,13,110,5,550,25
"J","South East","45","West Sussex","45UG","Mid Sussex",,,2420,2080,340,160,7,1240,51,730,30,290,12,1340,55,1090,45,20,90,330,540,1440,1060,44,220,9,150,6,330,14,130,5,530,22
"J","South East","45","West Sussex","45UH","Worthing",,,3510,3040,470,190,5,1750,50,1100,31,460,13,1970,56,1540,44,40,90,360,720,2300,1680,48,270,8,160,5,460,13,150,4,790,23
"K","South West",,,"00HA","Bath and North East Somerset",,,4690,4210,480,280,6,2480,53,1360,29,570,12,2740,58,1950,42,40,140,520,1100,2900,2320,49,370,8,200,4,570,12,290,6,950,20
"K","South West",,,"00HB","Bristol, City of",,,19110,17400,1710,1050,5,10600,55,5470,29,1990,10,11520,60,7590,40,170,520,2290,4530,11610,9750,51,1070,6,960,5,2580,14,1030,5,3730,20
"K","South West",,,"00HC","North Somerset",,,7360,6620,740,390,5,3740,51,2240,30,990,13,4300,58,3060,42,80,210,870,1770,4440,3690,50,560,8,390,5,1150,16,370,5,1200,16
"K","South West",,,"00HD","South Gloucestershire",,,6150,5320,820,350,6,3010,49,1880,31,900,15,3340,54,2800,46,60,160,720,1420,3790,2360,38,520,8,370,6,1050,17,400,7,1440,23
"K","South West",,,"00HE","Cornwall",,,20640,18450,2190,1070,5,9400,46,6990,34,3190,15,12170,59,8470,41,190,630,2200,4680,12960,8170,40,1650,8,1290,6,3810,18,1290,6,4450,22
"K","South West",,,"00HF","Isles of Scilly",,,20,20,0,0,0,0,0,10,50,10,50,10,50,10,50,0,0,0,0,10,0,0,0,0,0,0,0,0,0,0,10,50
"K","South West",,,"00HG","Plymouth",,,12390,11080,1310,720,6,6270,51,3850,31,1550,13,7180,58,5210,42,130,390,1310,2760,7810,5800,47,670,5,730,6,2180,18,600,5,2420,20
"K","South West",,,"00HH","Torbay",,,6850,6120,740,310,5,3320,48,2200,32,1020,15,4060,59,2790,41,50,240,720,1470,4370,3000,44,430,6,400,6,1110,16,330,5,1570,23
"K","South West",,,"00HN","Bournemouth",,,7470,6670,800,310,4,4110,55,2210,30,830,11,4600,62,2870,38,100,230,850,1620,4670,4100,55,450,6,340,5,940,13,360,5,1270,17
"K","South West",,,"00HP","Poole",,,4130,3620,500,210,5,2040,49,1300,31,580,14,2310,56,1820,44,50,120,440,900,2610,1740,42,300,7,270,7,720,17,220,5,880,21
"K","South West",,,"00HX","Swindon",,,5860,5200,660,300,5,3000,51,1910,33,660,11,3160,54,2700,46,110,200,720,1390,3430,2540,43,480,8,350,6,850,15,280,5,1360,23
"K","South West",,,"00HY","Wiltshire",,,10390,8920,1480,590,6,5200,50,3310,32,1300,13,5660,54,4740,46,140,360,1190,2380,6340,4390,42,900,9,520,5,1640,16,550,5,2380,23
"K","South West","18","Devon","18UB","East Devon",,,3360,2860,500,150,4,1500,45,1170,35,540,16,1880,56,1490,44,30,100,370,680,2180,1320,39,290,9,180,5,580,17,190,6,810,24
"K","South West","18","Devon","18UC","Exeter",,,4160,3610,550,270,6,2200,53,1210,29,480,12,2450,59,1710,41,50,110,430,900,2670,1970,47,330,8,200,5,510,12,190,5,960,23
"K","South West","18","Devon","18UD","Mid Devon",,,2120,1780,340,120,6,1010,48,670,32,320,15,1210,57,910,43,10,80,190,480,1350,870,41,180,8,120,6,320,15,110,5,510,24
"K","South West","18","Devon","18UE","North Devon",,,3190,2810,380,160,5,1450,45,1060,33,520,16,1880,59,1310,41,30,100,340,670,2050,1500,47,250,8,220,7,460,14,140,4,630,20
"K","South West","18","Devon","18UG","South Hams",,,2380,2050,330,140,6,1050,44,810,34,380,16,1360,57,1020,43,20,90,240,530,1500,1010,42,210,9,130,5,400,17,120,5,500,21
"K","South West","18","Devon","18UH","Teignbridge",,,3960,3340,620,250,6,1730,44,1270,32,710,18,2270,57,1690,43,30,100,430,840,2560,1610,41,340,9,250,6,640,16,190,5,940,24
"K","South West","18","Devon","18UK","Torridge",,,2270,1940,330,130,6,1010,44,750,33,380,17,1320,58,950,42,20,50,240,480,1480,980,43,200,9,130,6,370,16,130,6,460,20
"K","South West","18","Devon","18UL","West Devon",,,1580,1330,250,100,6,720,46,500,32,270,17,900,57,690,44,10,40,170,360,1000,620,39,150,9,90,6,250,16,80,5,390,25
"K","South West","19","Dorset","19UC","Christchurch",,,1270,1140,130,60,5,590,46,390,31,220,17,720,57,550,43,20,30,120,300,800,500,39,100,8,70,6,240,19,90,7,270,21
"K","South West","19","Dorset","19UD","East Dorset",,,1640,1400,240,110,7,720,44,540,33,270,16,900,55,750,46,20,50,190,370,1020,580,35,190,12,90,5,310,19,120,7,360,22
"K","South West","19","Dorset","19UE","North Dorset",,,1560,1350,210,80,5,690,44,530,34,260,17,870,56,690,44,20,50,170,360,950,570,37,160,10,100,6,290,19,100,6,340,22
"K","South West","19","Dorset","19UG","Purbeck",,,1050,930,120,50,5,450,43,370,35,180,17,580,55,470,45,10,30,110,240,650,390,37,110,10,70,7,190,18,60,6,230,22
"K","South West","19","Dorset","19UH","West Dorset",,,2720,2350,370,140,5,1210,44,960,35,410,15,1540,57,1180,43,30,70,290,580,1760,1120,41,220,8,150,6,540,20,180,7,510,19
"K","South West","19","Dorset","19UJ","Weymouth and Portland",,,2980,2630,360,180,6,1460,49,930,31,410,14,1770,59,1210,41,40,70,340,710,1820,1380,46,170,6,170,6,530,18,160,5,570,19
"K","South West","23","Gloucestershire","23UB","Cheltenham",,,3100,2730,370,210,7,1590,51,950,31,350,11,1770,57,1330,43,40,90,350,680,1950,1520,49,300,10,150,5,420,14,140,5,580,19
"K","South West","23","Gloucestershire","23UC","Cotswold",,,1440,1200,240,80,6,650,45,480,33,230,16,780,54,660,46,20,50,160,350,870,610,42,140,10,90,6,210,15,80,6,310,22
"K","South West","23","Gloucestershire","23UD","Forest of Dean",,,2570,2130,440,130,5,1210,47,850,33,390,15,1430,56,1140,44,40,60,270,580,1630,1070,42,190,7,160,6,470,18,160,6,520,20
"K","South West","23","Gloucestershire","23UE","Gloucester",,,4140,3590,550,240,6,2060,50,1280,31,560,14,2480,60,1660,40,50,120,470,910,2600,1930,47,290,7,240,6,610,15,230,6,850,21
"K","South West","23","Gloucestershire","23UF","Stroud",,,2850,2390,470,170,6,1440,51,870,31,380,13,1570,55,1280,45,40,90,320,650,1760,1280,45,240,8,130,5,400,14,150,5,660,23
"K","South West","23","Gloucestershire","23UG","Tewkesbury",,,1660,1410,240,70,4,810,49,530,32,240,14,920,55,740,45,20,60,190,380,1010,630,38,170,10,120,7,260,16,120,7,360,22
"K","South West","40","Somerset","40UB","Mendip",,,3220,2820,400,210,7,1600,50,1010,31,400,12,1810,56,1410,44,30,90,370,710,2010,1470,46,270,8,150,5,490,15,180,6,670,21
"K","South West","40","Somerset","40UC","Sedgemoor",,,4000,3450,550,230,6,1870,47,1300,33,610,15,2330,58,1680,42,40,120,480,870,2500,1550,39,290,7,230,6,810,20,240,6,870,22
"K","South West","40","Somerset","40UD","South Somerset",,,4420,3860,560,370,8,2070,47,1330,30,640,14,2500,57,1910,43,40,150,530,1070,2620,1860,42,350,8,240,5,740,17,260,6,960,22
"K","South West","40","Somerset","40UE","Taunton Deane",,,3590,3050,550,240,7,1760,49,1120,31,480,13,2100,58,1500,42,30,100,390,760,2310,1640,46,290,8,190,5,530,15,160,4,800,22
"K","South West","40","Somerset","40UF","West Somerset",,,1320,1140,170,80,6,570,43,470,36,200,15,760,58,550,42,10,20,140,290,850,480,36,120,9,80,6,250,19,70,5,320,24
,,,,"00NA","Isle of Anglesey",,,3160,2820,340,130,4,1210,38,1210,38,620,20,1910,60,1250,40,30,70,290,600,2180,1000,32,250,8,260,8,730,23,190,6,740,23
,,,,"00NC","Gwynedd",,,4810,4210,590,220,5,1910,40,1730,36,940,20,2900,60,1910,40,40,120,450,980,3220,1700,35,330,7,370,8,970,20,330,7,1110,23
,,,,"00NE","Conwy",,,5270,4600,670,240,5,2190,42,1900,36,930,18,3070,58,2200,42,50,150,480,1030,3550,2170,41,370,7,380,7,1000,19,260,5,1100,21
,,,,"00NG","Denbighshire",,,5090,4380,710,240,5,2140,42,1790,35,910,18,2950,58,2140,42,40,140,430,1000,3480,2050,40,290,6,420,8,1010,20,250,5,1060,21
,,,,"00NJ","Flintshire",,,5800,5130,670,240,4,2470,43,2040,35,1050,18,3160,54,2650,46,60,130,580,1070,3960,2190,38,350,6,430,7,1070,18,290,5,1470,25
,,,,"00NL","Wrexham",,,6180,5480,700,320,5,2720,44,2130,34,1020,17,3510,57,2670,43,60,150,560,1160,4240,2380,39,430,7,550,9,1230,20,320,5,1270,21
,,,,"00NN","Powys",,,4820,4220,600,200,4,1900,39,1830,38,880,18,2690,56,2120,44,50,130,510,960,3170,1780,37,340,7,310,6,1000,21,300,6,1100,23
,,,,"00NQ","Ceredigion",,,3180,2850,330,130,4,1340,42,1160,36,560,18,1890,59,1290,41,30,80,300,560,2210,1210,38,250,8,250,8,670,21,130,4,680,21
,,,,"00NS","Pembrokeshire",,,5580,4950,640,260,5,2430,44,1920,34,980,18,3170,57,2420,43,40,140,510,1030,3860,2010,36,370,7,390,7,1230,22,310,6,1270,23
,,,,"00NU","Carmarthenshire",,,11150,10110,1040,430,4,4720,42,4110,37,1900,17,6140,55,5010,45,100,320,1020,1990,7710,4000,36,560,5,830,7,2480,22,740,7,2530,23
,,,,"00NX","Swansea",,,13810,12570,1240,630,5,6360,46,4780,35,2030,15,7720,56,6080,44,140,380,1410,2690,9180,5490,40,650,5,890,6,2630,19,770,6,3390,25
,,,,"00NZ","Neath Port Talbot",,,11150,10110,1040,500,4,4920,44,3920,35,1800,16,6020,54,5130,46,120,280,1000,2120,7620,4460,40,550,5,790,7,2320,21,640,6,2400,22
,,,,"00PB","Bridgend",,,9120,8260,860,390,4,4070,45,3170,35,1480,16,4960,54,4160,46,90,230,930,1890,6000,3650,40,500,5,830,9,1820,20,520,6,1800,20
,,,,"00PD","The Vale of Glamorgan",,,4890,4390,500,250,5,2150,44,1740,36,740,15,2720,56,2170,44,60,140,480,1020,3190,2080,43,330,7,340,7,930,19,250,5,960,20
,,,,"00PF","Rhondda, Cynon, Taff",,,18320,17070,1250,820,4,8070,44,6310,34,3130,17,10310,56,8010,44,200,470,1700,3400,12540,7680,42,870,5,1560,9,3350,18,1090,6,3770,21
,,,,"00PH","Merthyr Tydfil",,,4980,4650,330,180,4,2080,42,1880,38,830,17,2810,56,2170,44,40,120,360,810,3650,1980,40,240,5,480,10,1080,22,290,6,900,18
,,,,"00PK","Caerphilly",,,12940,11790,1160,520,4,5480,42,4650,36,2290,18,7250,56,5690,44,130,300,1070,2330,9130,5020,39,670,5,1130,9,2660,21,780,6,2680,21
,,,,"00PL","Blaenau Gwent",,,5750,5300,450,220,4,2470,43,2050,36,1000,17,3270,57,2490,43,50,150,490,1060,4010,2120,37,310,5,510,9,1200,21,320,6,1300,23
,,,,"00PM","Torfaen",,,5450,4930,520,270,5,2340,43,1900,35,940,17,3150,58,2300,42,50,140,490,1140,3620,2170,40,330,6,490,9,1110,20,230,4,1130,21
,,,,"00PP","Monmouthshire",,,2990,2670,330,160,5,1290,43,1060,35,490,16,1690,57,1310,44,20,90,310,630,1950,1220,41,190,6,230,8,580,19,140,5,630,21
,,,,"00PR","Newport",,,7070,6510,560,350,5,3400,48,2350,33,970,14,4070,58,3000,42,70,200,700,1530,4570,3170,45,370,5,540,8,1340,19,290,4,1360,19
,,,,"00PT","Cardiff",,,15170,13790,1380,720,5,7410,49,5150,34,1890,12,8870,58,6300,42,180,460,1540,3130,9860,7270,48,780,5,990,7,2510,17,760,5,2860,19
,,,,"100","Aberdeen City",,,9020,8000,1020,460,5,4630,51,2890,32,1040,12,5200,58,3820,42,110,280,890,1830,5920,4960,55,550,6,480,5,1250,14,300,3,1470,16
,,,,"110","Aberdeenshire",,,7050,6060,1000,390,6,3090,44,2440,35,1120,16,3730,53,3320,47,80,190,730,1430,4630,2830,40,590,8,470,7,1330,19,390,6,1450,21
,,,,"120","Angus",,,4280,3690,590,240,6,1940,45,1440,34,660,15,2310,54,1960,46,40,140,470,950,2680,1830,43,330,8,360,8,670,16,200,5,890,21
,,,,"130","Argyll & Bute",,,3390,3040,360,140,4,1440,42,1280,38,540,16,1880,55,1510,45,40,100,340,720,2200,1410,42,300,9,280,8,480,14,180,5,740,22
,,,,"150","Clackmannanshire",,,2900,2630,270,150,5,1370,47,1010,35,370,13,1500,52,1400,48,40,60,240,600,1950,1320,46,160,6,200,7,540,19,130,4,560,19
,,,,"170","Dumfries & Galloway",,,6290,5500,800,250,4,2650,42,2310,37,1070,17,3590,57,2700,43,60,160,600,1270,4200,2330,37,570,9,470,7,1250,20,360,6,1310,21
,,,,"180","Dundee City",,,9240,8100,1140,450,5,4610,50,3060,33,1110,12,5130,56,4110,44,90,320,940,1840,6050,4640,50,560,6,650,7,1160,13,330,4,1920,21
,,,,"190","East Ayrshire",,,6770,6060,710,300,4,3090,46,2410,36,970,14,3870,57,2900,43,80,210,750,1430,4310,2860,42,450,7,540,8,1070,16,300,4,1550,23
,,,,"200","East Dunbartonshire",,,3200,2830,380,120,4,1450,45,1180,37,450,14,1650,52,1550,48,30,90,290,610,2190,1290,40,260,8,210,7,440,14,130,4,880,28
,,,,"210","East Lothian",,,3720,3300,420,220,6,1640,44,1310,35,550,15,2080,56,1640,44,30,90,340,800,2450,1580,42,260,7,260,7,620,17,170,5,840,23
,,,,"220","East Renfrewshire",,,2740,2410,320,120,4,1250,46,960,35,410,15,1400,51,1330,49,30,80,270,520,1840,1220,45,210,8,160,6,400,15,110,4,640,23
,,,,"230","Edinburgh, City of",,,19050,16740,2310,1000,5,10200,54,5740,30,2110,11,11230,59,7820,41,180,470,1710,4040,12650,9840,52,1250,7,960,5,2170,11,610,3,4230,22
,,,,"235","Eilean Siar",,,1100,970,140,30,3,440,40,400,36,230,21,700,64,410,37,10,20,110,260,700,340,31,100,9,110,10,180,16,70,6,290,26
,,,,"240","Falkirk",,,7430,6640,800,270,4,3320,45,2760,37,1080,15,3950,53,3480,47,90,190,680,1390,5090,2780,37,410,6,590,8,1270,17,370,5,2020,27
,,,,"250","Fife",,,16580,14820,1760,750,5,7610,46,5860,35,2350,14,9050,55,7530,45,160,420,1590,3230,11180,6990,42,1180,7,1190,7,2930,18,710,4,3580,22
,,,,"260","Glasgow City",,,46520,42900,3620,1600,3,23330,50,16360,35,5230,11,26860,58,19660,42,510,1250,4400,8510,31850,24410,52,2180,5,3240,7,5450,12,1560,3,9670,21
,,,,"270","Highland",,,8800,7740,1060,440,5,3920,45,3160,36,1270,14,4940,56,3860,44,100,270,870,1770,5790,3510,40,720,8,560,6,1360,15,400,5,2240,25
,,,,"280","Inverclyde",,,5770,5280,490,240,4,2700,47,2050,36,780,14,3440,60,2330,40,80,150,520,1220,3790,2630,46,360,6,430,7,750,13,220,4,1380,24
,,,,"290","Midlothian",,,3550,3080,470,200,6,1560,44,1230,35,570,16,1960,55,1590,45,30,80,320,720,2400,1440,41,220,6,220,6,560,16,160,5,960,27
,,,,"300","Moray",,,3000,2570,430,170,6,1300,43,1050,35,480,16,1590,53,1410,47,30,90,320,650,1910,1200,40,260,9,210,7,520,17,130,4,690,23
,,,,"310","North Ayrshire",,,7630,6910,730,330,4,3580,47,2690,35,1030,13,4250,56,3390,44,100,210,760,1600,4960,3330,44,520,7,600,8,1120,15,300,4,1770,23
,,,,"320","North Lanarkshire",,,20200,18450,1750,770,4,9110,45,7530,37,2790,14,10670,53,9530,47,260,600,1920,3860,13570,8720,43,1150,6,1590,8,3330,16,990,5,4430,22
,,,,"330","Orkney Islands",,,610,530,90,30,5,230,38,240,39,110,18,350,57,260,43,0,20,60,130,410,200,33,60,10,30,5,130,21,40,7,140,23
,,,,"340","Perth & Kinross",,,4730,4020,720,230,5,2130,45,1650,35,720,15,2600,55,2130,45,30,130,500,970,3100,1960,41,460,10,350,7,660,14,170,4,1130,24
,,,,"350","Renfrewshire",,,9310,8430,880,410,4,4510,48,3180,34,1210,13,5170,56,4140,44,120,260,950,1910,6070,4370,47,600,6,600,6,1170,13,390,4,2170,23
,,,,"355","Scottish Borders",,,3900,3410,490,210,5,1770,45,1360,35,550,14,2200,56,1700,44,40,120,390,860,2480,1680,43,300,8,260,7,590,15,180,5,880,23
,,,,"360","Shetland Islands",,,650,570,80,40,6,280,43,220,34,110,17,360,55,280,43,10,30,70,120,420,250,38,70,11,40,6,100,15,40,6,150,23
,,,,"370","South Ayrshire",,,5360,4650,700,230,4,2460,46,1900,35,760,14,2950,55,2410,45,30,160,540,1100,3520,2430,45,370,7,390,7,750,14,230,4,1190,22
,,,,"380","South Lanarkshire",,,16430,14930,1490,650,4,7450,45,6110,37,2210,13,8810,54,7620,46,200,480,1570,3140,11040,7510,46,1030,6,1290,8,2710,16,640,4,3250,20
,,,,"390","Stirling",,,3370,2980,390,150,4,1610,48,1190,35,430,13,1830,54,1540,46,40,70,310,630,2320,1450,43,280,8,200,6,530,16,190,6,730,22
,,,,"395","West Dunbartonshire",,,5900,5440,460,250,4,2790,47,2120,36,750,13,3350,57,2550,43,80,160,630,1190,3840,2920,49,370,6,470,8,740,13,300,5,1100,19
,,,,"400","West Lothian",,,8130,7300,830,450,6,3850,47,2740,34,1090,13,4230,52,3900,48,90,250,750,1760,5280,3610,44,520,6,530,7,1380,17,360,4,1740,21