DATASET_TITLE,Hours Worked (UV41),,,,,,FROM,Apr-2001,Apr-2001,Apr-2001,Apr-2001,Apr-2001,Apr-2001,Apr-2001,Apr-2001,Apr-2001,Apr-2001,Apr-2001
AREA_TYPE,Local Authority,,,,,,TO,Apr-2001,Apr-2001,Apr-2001,Apr-2001,Apr-2001,Apr-2001,Apr-2001,Apr-2001,Apr-2001,Apr-2001,Apr-2001
GEO_HIERARCHY,NeSS Geography Hierarchy,,,,,,HEADING,All People,Part-time,Part-time: 1 to 2 hours,Part-time: 3 to 5 hours,Part-time: 6 to 15 hours,Part-time: 16 to 30 hours,Full-time,Full-time: 31 to 37 hours,Full-time: 38 to 48 hours,Full-time: 49 to 59 hours,Full-time: 60 hours and over
,,,,,,,MEASUREMENT_UNIT,Count,Count,Count,Count,Count,Count,Count,Count,Count,Count,Count
,,,,,,,STATISTICAL_UNIT,Persons,Persons,Persons,Persons,Persons,Persons,Persons,Persons,Persons,Persons,Persons
GOR_CODE,GOR_NAME,CTY_CODE,CTY_NAME,LA_CODE,LA_NAME,AREA_METADATA,,DATA_VALUE,DATA_VALUE,DATA_VALUE,DATA_VALUE,DATA_VALUE,DATA_VALUE,DATA_VALUE,DATA_VALUE,DATA_VALUE,DATA_VALUE,DATA_VALUE
"B","North West",,,"00BL","Bolton",,,114415,28196,132,823,6877,20364,86219,24335,47564,8851,5469
"B","North West",,,"00BM","Bury",,,83847,19751,105,652,4974,14020,64096,18325,34151,7228,4392
"B","North West",,,"00BN","Manchester",,,142449,36339,303,1350,9919,24767,106110,32907,56212,10438,6553
"B","North West",,,"00BP","Oldham",,,92775,21938,117,691,4814,16316,70837,21678,37778,7200,4181
"B","North West",,,"00BQ","Rochdale",,,86867,21030,96,643,4749,15542,65837,18491,36251,6979,4116
"B","North West",,,"00BR","Salford",,,89920,21239,99,705,5291,15144,68681,19841,37805,6871,4164
"B","North West",,,"00BS","Stockport",,,136059,33349,254,1231,8900,22964,102710,27647,55467,12737,6859
"B","North West",,,"00BT","Tameside",,,96254,21384,90,713,5048,15533,74870,23165,40037,7403,4265
"B","North West",,,"00BU","Trafford",,,99146,23598,147,824,6518,16109,75548,20203,40742,9474,5129
"B","North West",,,"00BW","Wigan",,,135615,31998,128,997,7664,23209,103617,27483,59347,10824,5963
"B","North West",,,"00BX","Knowsley",,,54351,13867,52,393,3381,10041,40484,13971,20778,3446,2289
"B","North West",,,"00BY","Liverpool",,,154817,40680,183,1249,10748,28500,114137,40289,56448,10322,7078
"B","North West",,,"00BZ","St. Helens",,,73076,18396,89,664,4503,13140,54680,15585,30363,5565,3167
"B","North West",,,"00CA","Sefton",,,116315,32181,165,1067,8603,22346,84134,26299,42571,9315,5949
"B","North West",,,"00CB","Wirral",,,126397,34137,215,1351,8991,23580,92260,27856,48790,9573,6041
"B","North West",,,"00ET","Halton",,,50363,12644,53,520,2937,9134,37719,10708,21132,3618,2261
"B","North West",,,"00EU","Warrington",,,91286,22626,155,785,5824,15862,68660,17167,38481,8493,4519
"B","North West",,,"00EX","Blackburn with Darwen",,,53575,13773,69,515,3073,10116,39802,11278,22305,3789,2430
"B","North West",,,"00EY","Blackpool",,,59073,16275,57,479,3732,12007,42798,13029,21338,4281,4150
"B","North West","13","Cheshire","13UB","Chester",,,55383,14418,129,663,4245,9381,40965,9477,22116,5742,3630
"B","North West","13","Cheshire","13UC","Congleton",,,44577,10645,79,521,3308,6737,33932,8279,18051,4685,2917
"B","North West","13","Cheshire","13UD","Crewe and Nantwich",,,51527,13602,97,526,3958,9021,37925,9840,19769,4917,3399
"B","North West","13","Cheshire","13UE","Ellesmere Port & Neston",,,37062,9984,67,319,2843,6755,27078,6986,15495,2817,1780
"B","North West","13","Cheshire","13UG","Macclesfield",,,73039,18262,172,727,5506,11857,54777,12733,28739,8168,5137
"B","North West","13","Cheshire","13UH","Vale Royal",,,56998,14176,109,643,4213,9211,42822,9856,23688,5736,3542
"B","North West","16","Cumbria","16UB","Allerdale",,,41814,11102,84,533,3194,7291,30712,6917,16954,3238,3603
"B","North West","16","Cumbria","16UC","Barrow-in-Furness",,,28849,8419,71,391,2522,5435,20430,7281,9934,1845,1370
"B","North West","16","Cumbria","16UD","Carlisle",,,46858,13185,95,510,3681,8899,33673,7239,18712,4214,3508
"B","North West","16","Cumbria","16UE","Copeland",,,29222,7600,54,410,2093,5043,21622,6596,11724,1623,1679
"B","North West","16","Cumbria","16UF","Eden",,,24752,6648,55,339,2141,4113,18104,2781,8856,2787,3680
"B","North West","16","Cumbria","16UG","South Lakeland",,,48413,13740,147,680,4219,8694,34673,7114,18532,4527,4500
"B","North West","30","Lancashire","30UD","Burnley",,,38098,9491,55,389,1959,7088,28607,8330,16036,2626,1615
"B","North West","30","Lancashire","30UE","Chorley",,,49200,11801,59,432,3193,8117,37399,9595,19704,5071,3029
"B","North West","30","Lancashire","30UF","Fylde",,,32215,8178,59,310,2345,5464,24037,7113,12037,2857,2030
"B","North West","30","Lancashire","30UG","Hyndburn",,,34773,8155,43,298,1819,5995,26618,7179,15199,2643,1597
"B","North West","30","Lancashire","30UH","Lancaster",,,55906,16915,134,828,4778,11175,38991,10233,20123,4831,3804
"B","North West","30","Lancashire","30UJ","Pendle",,,37042,9093,43,336,2102,6612,27949,7374,15682,2899,1994
"B","North West","30","Lancashire","30UK","Preston",,,56203,15207,77,534,4101,10495,40996,13035,20743,4404,2814
"B","North West","30","Lancashire","30UL","Ribble Valley",,,26407,6721,51,275,2018,4377,19686,4223,9935,3029,2499
"B","North West","30","Lancashire","30UM","Rossendale",,,29877,6799,48,287,1594,4870,23078,5285,13257,2793,1743
"B","North West","30","Lancashire","30UN","South Ribble",,,51327,12813,53,430,3426,8904,38514,11064,20300,4572,2578
"B","North West","30","Lancashire","30UP","West Lancashire",,,48842,12706,73,521,3644,8468,36136,9016,19154,4749,3217
"B","North West","30","Lancashire","30UQ","Wyre",,,45036,12586,78,425,3452,8631,32450,9493,15838,3882,3237