DATASET_TITLE,"Dwelling Stock by Council Tax Band, 2004",,,,,,,,,,FROM,Mar-2004,Mar-2004,Mar-2004,Mar-2004,Mar-2004,Mar-2004,Mar-2004,Mar-2004,Mar-2004,Mar-2004,Mar-2004,Mar-2004,Mar-2004,Mar-2004,Mar-2004,Mar-2004,Mar-2004,Mar-2004,Mar-2004
AREA_TYPE,Region,,,,,,,,,,TO,Mar-2004,Mar-2004,Mar-2004,Mar-2004,Mar-2004,Mar-2004,Mar-2004,Mar-2004,Mar-2004,Mar-2004,Mar-2004,Mar-2004,Mar-2004,Mar-2004,Mar-2004,Mar-2004,Mar-2004,Mar-2004,Mar-2004
GEO_HIERARCHY,NeSS Geography Hierarchy,,,,,,,,,,HEADING,Dwelling Stock by Council Tax Band; Total,Dwelling Stock by Council Tax Band; Band A,Dwelling Stock by Council Tax Band; Band A,Dwelling Stock by Council Tax Band; Band B,Dwelling Stock by Council Tax Band; Band B,Dwelling Stock by Council Tax Band; Band C,Dwelling Stock by Council Tax Band; Band C,Dwelling Stock by Council Tax Band; Band D,Dwelling Stock by Council Tax Band; Band D,Dwelling Stock by Council Tax Band; Band E,Dwelling Stock by Council Tax Band; Band E,Dwelling Stock by Council Tax Band; Band F,Dwelling Stock by Council Tax Band; Band F,Dwelling Stock by Council Tax Band; Band G,Dwelling Stock by Council Tax Band; Band G,Dwelling Stock by Council Tax Band; Band H,Dwelling Stock by Council Tax Band; Band H,Dwelling Stock by Council Tax Band; Band X; Unallocated,Dwelling Stock by Council Tax Band; Band X; Unallocated
,,,,,,,,,,,MEASUREMENT_UNIT,Count,Count,Percentage,Count,Percentage,Count,Percentage,Count,Percentage,Count,Percentage,Count,Percentage,Count,Percentage,Count,Percentage,Count,Percentage
,,,,,,,,,,,STATISTICAL_UNIT,Dwellings,Dwellings,Dwellings,Dwellings,Dwellings,Dwellings,Dwellings,Dwellings,Dwellings,Dwellings,Dwellings,Dwellings,Dwellings,Dwellings,Dwellings,Dwellings,Dwellings,Dwellings,Dwellings
UK_CODE,UK_NAME,GB_CODE,GB_NAME,EW_CODE,EW_NAME,CTRY_CODE,CTRY_NAME,GOR_CODE,GOR_NAME,AREA_METADATA,,DATA_VALUE,DATA_VALUE,DATA_VALUE,DATA_VALUE,DATA_VALUE,DATA_VALUE,DATA_VALUE,DATA_VALUE,DATA_VALUE,DATA_VALUE,DATA_VALUE,DATA_VALUE,DATA_VALUE,DATA_VALUE,DATA_VALUE,DATA_VALUE,DATA_VALUE,DATA_VALUE,DATA_VALUE
"213","United Kingdom","078","Great Britain","727","England and Wales","064","England","A","North East",,,1142007,664573,58.19,159502,13.97,160604,14.06,84273,7.38,42510,3.72,18586,1.63,10762,.94,1188,.1,9,0
"213","United Kingdom","078","Great Britain","727","England and Wales","064","England","B","North West",,,3028257,1317674,43.51,571803,18.88,521715,17.23,294841,9.74,173604,5.73,84703,2.8,57973,1.91,5817,.19,127,0
"213","United Kingdom","078","Great Britain","727","England and Wales","064","England","D","Yorkshire and The Humber",,,2209512,1005229,45.5,428883,19.41,357295,16.17,195647,8.85,124797,5.65,59535,2.69,34964,1.58,3006,.14,156,.01
"213","United Kingdom","078","Great Britain","727","England and Wales","064","England","E","East Midlands",,,1848148,712974,38.58,411217,22.25,327844,17.74,192246,10.4,113860,6.16,55055,2.98,32045,1.73,2876,.16,31,0
"213","United Kingdom","078","Great Britain","727","England and Wales","064","England","F","West Midlands",,,2269177,730152,32.18,564900,24.89,432900,19.08,245066,10.8,154864,6.82,84342,3.72,51577,2.27,5046,.22,330,.01
"213","United Kingdom","078","Great Britain","727","England and Wales","064","England","G","East of England",,,2374066,341797,14.4,503067,21.19,625598,26.35,412310,17.37,250377,10.55,136613,5.75,93173,3.92,11013,.46,118,0
"213","United Kingdom","078","Great Britain","727","England and Wales","064","England","H","London",,,3170588,108749,3.43,429681,13.55,844613,26.64,805594,25.41,485266,15.31,242516,7.65,198566,6.26,54138,1.71,1465,.05
"213","United Kingdom","078","Great Britain","727","England and Wales","064","England","J","South East",,,3466887,302038,8.71,569477,16.43,894929,25.81,693595,20.01,466766,13.46,281636,8.12,227372,6.56,30892,.89,182,.01
"213","United Kingdom","078","Great Britain","727","England and Wales","064","England","K","South West",,,2234371,384630,17.21,545654,24.42,516526,23.12,352276,15.77,237333,10.62,120434,5.39,70366,3.15,6735,.3,417,.02