DATASET_TITLE,Economic Activity - Full-time Students (UV29),,,,FROM,Apr-2001,Apr-2001,Apr-2001,Apr-2001,Apr-2001
AREA_TYPE,County,,,,TO,Apr-2001,Apr-2001,Apr-2001,Apr-2001,Apr-2001
GEO_HIERARCHY,NeSS Geography Hierarchy,,,,HEADING,All Full-Time Students,Full-Time Students: Economically active,Full-Time Students: Economically active: In employment,Full-Time Students: Economically active: Unemployed,Full-Time Students: Economically inactive
,,,,,MEASUREMENT_UNIT,Count,Count,Count,Count,Count
,,,,,STATISTICAL_UNIT,Persons,Persons,Persons,Persons,Persons
GOR_CODE,GOR_NAME,CTY_CODE,CTY_NAME,AREA_METADATA,,DATA_VALUE,DATA_VALUE,DATA_VALUE,DATA_VALUE,DATA_VALUE
"J","South East","11","Buckinghamshire",,,20822,8622,7830,792,12200
"J","South East","21","East Sussex",,,18850,8072,7284,788,10778
"J","South East","24","Hampshire",,,46828,23366,21654,1712,23462
"J","South East","29","Kent",,,56769,22260,19822,2438,34509
"J","South East","38","Oxfordshire",,,44028,13167,11838,1329,30861
"J","South East","43","Surrey",,,49332,19817,18323,1494,29515
"J","South East","45","West Sussex",,,27791,13348,12326,1022,14443