DATASET_TITLE,Approximated Social Grade - Workplace Population (UV78),,,,FROM,Apr-2001,Apr-2001,Apr-2001,Apr-2001,Apr-2001,Apr-2001
AREA_TYPE,County,,,,TO,Apr-2001,Apr-2001,Apr-2001,Apr-2001,Apr-2001,Apr-2001
GEO_HIERARCHY,NeSS Geography Hierarchy,,,,HEADING,All People Aged 16 to 74 in Employment in Area,AB:  Higher and intermediate managerial / administrative / professional,"C1:  Supervisory,  clerical,  junior managerial / administrative / professional",C2:  Skilled manual workers,D:   Semi-skilled and unskilled manual workers,"E:   On state benefit, unemployed, lowest grade workers"
,,,,,MEASUREMENT_UNIT,Count,Count,Count,Count,Count,Count
,,,,,STATISTICAL_UNIT,Persons,Persons,Persons,Persons,Persons,Persons
GOR_CODE,GOR_NAME,CTY_CODE,CTY_NAME,AREA_METADATA,,DATA_VALUE,DATA_VALUE,DATA_VALUE,DATA_VALUE,DATA_VALUE,DATA_VALUE
"A","North East","20","Durham",,,172531,30407,54996,32005,54883,240
"A","North East","35","Northumberland",,,107488,18485,34421,20663,33713,206