DATASET_TITLE,Distance Travelled to Work - Workplace Population (UV80),,,,,,FROM,Apr-2001,Apr-2001,Apr-2001,Apr-2001,Apr-2001,Apr-2001,Apr-2001,Apr-2001,Apr-2001,Apr-2001
AREA_TYPE,Local Authority,,,,,,TO,Apr-2001,Apr-2001,Apr-2001,Apr-2001,Apr-2001,Apr-2001,Apr-2001,Apr-2001,Apr-2001,Apr-2001
GEO_HIERARCHY,NeSS Geography Hierarchy,,,,,,HEADING,All People Aged 16 to 74 in Employment in Area,Works mainly at or from home,Distance travelled to work: Less than 2km,Distance travelled to work: 2km to less than 5km,Distance travelled to work: 5km to less than 10km,Distance travelled to work: 10km to less than 20km,Distance travelled to work: 20km to less than 30km,Distance travelled to work: 30km to less than 40km,Distance travelled to work: 40km to less than 60km,Distance travelled to work: 60km and over
,,,,,,,MEASUREMENT_UNIT,Count,Count,Count,Count,Count,Count,Count,Count,Count,Count
,,,,,,,STATISTICAL_UNIT,Persons,Persons,Persons,Persons,Persons,Persons,Persons,Persons,Persons,Persons
GOR_CODE,GOR_NAME,CTY_CODE,CTY_NAME,LA_CODE,LA_NAME,AREA_METADATA,,DATA_VALUE,DATA_VALUE,DATA_VALUE,DATA_VALUE,DATA_VALUE,DATA_VALUE,DATA_VALUE,DATA_VALUE,DATA_VALUE,DATA_VALUE
"B","North West",,,"00BL","Bolton",,,106750,13118,22122,29842,22974,11341,4005,1154,912,1282
"B","North West",,,"00BM","Bury",,,62868,9793,14535,15834,11717,7088,1899,616,576,810
"B","North West",,,"00BN","Manchester",,,267458,14772,27868,50609,73044,60731,16769,8316,8639,6710
"B","North West",,,"00BP","Oldham",,,82969,10501,20646,25507,14787,6917,2060,883,818,850
"B","North West",,,"00BQ","Rochdale",,,76695,9848,19805,20267,14175,7547,2537,849,729,938
"B","North West",,,"00BR","Salford",,,102299,9737,17179,18678,22971,21026,5508,2496,2496,2208
"B","North West",,,"00BS","Stockport",,,118781,17156,23192,30145,23784,13883,4337,2024,2216,2044
"B","North West",,,"00BT","Tameside",,,74944,10776,19668,20716,13221,6813,1518,792,805,635
"B","North West",,,"00BU","Trafford",,,113018,12074,17647,23481,23099,21865,6824,2758,2902,2368
"B","North West",,,"00BW","Wigan",,,106309,14903,26381,27138,19655,10788,3896,1398,718,1432
"B","North West",,,"00BX","Knowsley",,,53126,4948,10271,10454,14140,9468,1933,765,571,576
"B","North West",,,"00BY","Liverpool",,,203717,14382,27781,49970,60447,32465,9933,2382,3121,3236
"B","North West",,,"00BZ","St. Helens",,,58240,7140,13272,16244,11041,6205,2213,989,512,624
"B","North West",,,"00CA","Sefton",,,95200,13251,24550,21936,14441,14423,3839,929,753,1078
"B","North West",,,"00CB","Wirral",,,100574,12816,21847,25879,24459,10139,2704,895,948,887
"B","North West",,,"00ET","Halton",,,52796,4488,11980,12920,8368,8397,3467,1611,753,812
"B","North West",,,"00EU","Warrington",,,102509,10262,16217,24527,17993,15658,8237,4845,2093,2677
"B","North West",,,"00EX","Blackburn with Darwen",,,58954,5871,15117,15972,10283,7324,1988,1112,676,611
"B","North West",,,"00EY","Blackpool",,,59323,8513,17396,17388,9538,3383,1463,637,529,476
"B","North West","13","Cheshire","13UB","Chester",,,66411,7422,10997,12135,9843,14701,6188,2133,1807,1185
"B","North West","13","Cheshire","13UC","Congleton",,,33929,6389,8275,3415,7223,5592,1376,617,545,497
"B","North West","13","Cheshire","13UD","Crewe and Nantwich",,,51092,6774,12403,12184,7737,6228,2050,1137,1208,1371
"B","North West","13","Cheshire","13UE","Ellesmere Port & Neston",,,34443,3594,6741,7343,4744,8318,2103,596,640,364
"B","North West","13","Cheshire","13UG","Macclesfield",,,79436,11289,16621,10431,11681,18370,5712,2115,1654,1563
"B","North West","13","Cheshire","13UH","Vale Royal",,,46339,7753,10254,9142,7192,6147,3133,1346,650,722
"B","North West","16","Cumbria","16UB","Allerdale",,,36022,6572,10684,4936,4858,5563,1610,538,583,678
"B","North West","16","Cumbria","16UC","Barrow-in-Furness",,,28419,2803,10720,8185,3112,1949,372,313,216,749
"B","North West","16","Cumbria","16UD","Carlisle",,,49792,6135,14190,13035,5595,5228,2023,969,1066,1551
"B","North West","16","Cumbria","16UE","Copeland",,,31146,3362,6077,4660,4426,7059,3039,1120,593,810
"B","North West","16","Cumbria","16UF","Eden",,,23960,6066,6551,1789,2686,3136,1523,953,680,576
"B","North West","16","Cumbria","16UG","South Lakeland",,,47339,9459,14239,5622,5253,6981,2695,1292,551,1247
"B","North West","30","Lancashire","30UD","Burnley",,,38249,3875,11259,10848,6149,4011,899,524,405,279
"B","North West","30","Lancashire","30UE","Chorley",,,36579,6449,8774,7215,6077,4526,1668,911,483,476
"B","North West","30","Lancashire","30UF","Fylde",,,40564,4335,8090,6117,8362,9620,1502,864,684,990
"B","North West","30","Lancashire","30UG","Hyndburn",,,31467,3663,8784,7228,5817,3600,1139,428,453,355
"B","North West","30","Lancashire","30UH","Lancaster",,,53005,7649,15298,12723,8836,3559,1894,1295,642,1109
"B","North West","30","Lancashire","30UJ","Pendle",,,32609,4180,10394,7229,5601,2948,991,475,406,385
"B","North West","30","Lancashire","30UK","Preston",,,78544,5798,14838,22615,12055,10269,7256,2773,1667,1273
"B","North West","30","Lancashire","30UL","Ribble Valley",,,24096,4386,5534,2637,4607,4603,1152,628,329,220
"B","North West","30","Lancashire","30UM","Rossendale",,,22911,3840,6008,4806,3746,2933,699,296,219,364
"B","North West","30","Lancashire","30UN","South Ribble",,,41696,5846,9034,8557,8797,4357,2912,1026,633,534
"B","North West","30","Lancashire","30UP","West Lancashire",,,43787,6455,10409,7578,8239,7882,1672,570,463,519
"B","North West","30","Lancashire","30UQ","Wyre",,,34419,6493,9964,7099,5224,3327,1170,349,366,427