DATASET_TITLE,Occupation Groups (UV30),,,,,,FROM,Apr-2001,Apr-2001,Apr-2001,Apr-2001,Apr-2001,Apr-2001,Apr-2001,Apr-2001,Apr-2001,Apr-2001,Apr-2001,Apr-2001,Apr-2001,Apr-2001,Apr-2001,Apr-2001,Apr-2001,Apr-2001,Apr-2001,Apr-2001,Apr-2001,Apr-2001,Apr-2001,Apr-2001,Apr-2001,Apr-2001,Apr-2001,Apr-2001,Apr-2001,Apr-2001,Apr-2001,Apr-2001,Apr-2001,Apr-2001,Apr-2001
AREA_TYPE,Local Authority,,,,,,TO,Apr-2001,Apr-2001,Apr-2001,Apr-2001,Apr-2001,Apr-2001,Apr-2001,Apr-2001,Apr-2001,Apr-2001,Apr-2001,Apr-2001,Apr-2001,Apr-2001,Apr-2001,Apr-2001,Apr-2001,Apr-2001,Apr-2001,Apr-2001,Apr-2001,Apr-2001,Apr-2001,Apr-2001,Apr-2001,Apr-2001,Apr-2001,Apr-2001,Apr-2001,Apr-2001,Apr-2001,Apr-2001,Apr-2001,Apr-2001,Apr-2001
GEO_HIERARCHY,NeSS Geography Hierarchy,,,,,,HEADING,All People,1. Managers and Senior Officials,1. Managers and Senior Officials:  11. Corporate Managers,1. Managers and Senior Officials:  12. Managers and Proprietors in Agriculture and Services,2. Professional Occupations,2. Professional Occupations:  21. Science and Technology Professionals,2. Professional Occupations:  22. Health Professionals,2. Professional Occupations:  23. Teaching and Research Professionals,2. Professional Occupations:  24. Business and Public Service Professionals,3. Associate Professional and Technical Occupations,3. Associate Professional and Technical Occupations:  31. Science and Technology Associate Professionals,3. Associate Professional and Technical Occupations:  32. Health and Social Welfare Associate Professionals,3. Associate Professional and Technical Occupations:  33. Protective Service Occupations,3. Associate Professional and Technical Occupations:  34. Culture; Media and Sports Occupations,3. Associate Professional and Technical Occupations:  35. Business and Public Service Associate Professionals,4. Administrative and Secretarial Occupations,4. Administrative and Secretarial Occupations:  41. Administrative Occupations,4. Administrative and Secretarial Occupations:  42. Secretarial and Related Occupations,5. Skilled Trades Occupations,5. Skilled Trades Occupations:  51. Skilled Agricultural Trades,5. Skilled Trades Occupations:  52. Skilled Metal and Electrical Trades,5. Skilled Trades Occupations:  53. Skilled Construction and Building Trades,5. Skilled Trades Occupations:  54. Textiles; Printing and Other Skilled Trades,6. Personal Service Occupations,6. Personal Service Occupations:  61. Caring Personal Service Occupations,6. Personal Service Occupations:  62. Leisure and Other Personal Service Occupations,7. Sales and Customer Service Occupations,7. Sales and Customer Service Occupations:  71. Sales Occupations,7. Sales and Customer Service Occupations:  72. Customer Service Occupations,8. Process; Plant and Machine Operatives,8. Process; Plant and Machine Operatives:  81. Process; Plant and Machine Operatives,8. Process; Plant and Machine Operatives:  82. Transport and Mobile Machine Drivers and Operatives,9. Elementary Occupations,9. Elementary Occupations:  91. Elementary Trades; Plant and Storage Related Occupations,9. Elementary Occupations:  92. Elementary Administration and Service Occupations
,,,,,,,MEASUREMENT_UNIT,Count,Count,Count,Count,Count,Count,Count,Count,Count,Count,Count,Count,Count,Count,Count,Count,Count,Count,Count,Count,Count,Count,Count,Count,Count,Count,Count,Count,Count,Count,Count,Count,Count,Count,Count
,,,,,,,STATISTICAL_UNIT,Persons,Persons,Persons,Persons,Persons,Persons,Persons,Persons,Persons,Persons,Persons,Persons,Persons,Persons,Persons,Persons,Persons,Persons,Persons,Persons,Persons,Persons,Persons,Persons,Persons,Persons,Persons,Persons,Persons,Persons,Persons,Persons,Persons,Persons,Persons
GOR_CODE,GOR_NAME,CTY_CODE,CTY_NAME,LA_CODE,LA_NAME,AREA_METADATA,,DATA_VALUE,DATA_VALUE,DATA_VALUE,DATA_VALUE,DATA_VALUE,DATA_VALUE,DATA_VALUE,DATA_VALUE,DATA_VALUE,DATA_VALUE,DATA_VALUE,DATA_VALUE,DATA_VALUE,DATA_VALUE,DATA_VALUE,DATA_VALUE,DATA_VALUE,DATA_VALUE,DATA_VALUE,DATA_VALUE,DATA_VALUE,DATA_VALUE,DATA_VALUE,DATA_VALUE,DATA_VALUE,DATA_VALUE,DATA_VALUE,DATA_VALUE,DATA_VALUE,DATA_VALUE,DATA_VALUE,DATA_VALUE,DATA_VALUE,DATA_VALUE,DATA_VALUE
"B","North West",,,"00BL","Bolton",,,114415,15739,11897,3842,11166,2969,909,4836,2452,13936,2088,3905,1392,1267,5284,14624,11093,3531,13568,575,5980,4527,2486,8520,6373,2147,10250,8134,2116,12682,7820,4862,13930,4938,8992
"B","North West",,,"00BM","Bury",,,83847,12725,9723,3002,9073,2147,763,4084,2079,11670,1486,3452,1074,1172,4486,11689,8467,3222,8698,467,3814,2485,1932,6089,4401,1688,7242,5658,1584,7617,4279,3338,9044,3300,5744
"B","North West",,,"00BN","Manchester",,,142449,15339,10878,4461,19602,4551,2158,8200,4693,18946,2708,5513,621,3628,6476,17914,13819,4095,11875,552,4513,3354,3456,10932,7666,3266,12564,9866,2698,11769,5933,5836,23508,5463,18045
"B","North West",,,"00BP","Oldham",,,92775,11629,8726,2903,7458,2103,446,3258,1651,10759,1858,3046,938,985,3932,12604,9344,3260,12440,437,5557,3691,2755,6691,4935,1756,6756,5560,1196,11256,7020,4236,13182,5803,7379
"B","North West",,,"00BQ","Rochdale",,,86867,11265,8598,2667,7364,1970,575,3293,1526,10266,1582,3264,896,988,3536,11199,8487,2712,10455,471,4516,3312,2156,6813,5155,1658,6705,5616,1089,10185,6024,4161,12615,5733,6882
"B","North West",,,"00BR","Salford",,,89920,10951,8294,2657,8203,2319,723,3322,1839,11171,1854,3070,848,1226,4173,13555,10106,3449,9505,408,4118,3091,1888,7247,5201,2046,7752,6152,1600,8878,4806,4072,12658,4344,8314
"B","North West",,,"00BS","Stockport",,,136059,21553,17020,4533,17786,5123,1487,7256,3920,19519,3134,4668,1403,2505,7809,19269,13850,5419,14352,840,6021,4355,3136,10045,6926,3119,11091,8522,2569,9560,5149,4411,12884,3619,9265
"B","North West",,,"00BT","Tameside",,,96254,11466,8653,2813,6677,2153,395,2592,1537,11187,2023,2825,1034,1065,4240,14031,10410,3621,13063,409,6062,3911,2681,7277,5323,1954,8178,6489,1689,12495,8131,4364,11880,4386,7494
"B","North West",,,"00BU","Trafford",,,99146,16400,13052,3348,14083,3930,1391,5095,3667,15122,2428,3700,970,1905,6119,14992,10772,4220,8870,531,4007,2600,1732,6262,4193,2069,8099,6354,1745,6298,3341,2957,9020,2586,6434
"B","North West",,,"00BW","Wigan",,,135615,16111,12345,3766,10807,3417,653,4726,2011,16299,2720,4609,1969,1431,5570,16867,13034,3833,17635,645,8245,6063,2682,10106,7352,2754,11142,9494,1648,17711,10738,6973,18937,8576,10361
"B","North West",,,"00BX","Knowsley",,,54351,5638,4302,1336,3614,1098,262,1521,733,6311,1034,2095,748,437,1997,7812,6126,1686,6409,312,2908,2028,1161,4971,3805,1166,5319,4063,1256,6797,3667,3130,7480,2467,5013
"B","North West",,,"00BY","Liverpool",,,154817,16164,11763,4401,17888,3282,2197,8366,4043,19953,2869,6662,1916,2331,6175,23272,18686,4586,14818,564,5998,4829,3427,13277,10191,3086,14278,11399,2879,13628,6903,6725,21539,5265,16274
"B","North West",,,"00BZ","St. Helens",,,73076,8547,6479,2068,6403,1815,414,2972,1202,9255,1651,3029,1037,715,2823,9379,7102,2277,8739,440,4150,2659,1490,6078,4645,1433,6493,5334,1159,8069,4538,3531,10113,4093,6020
"B","North West",,,"00CA","Sefton",,,116315,16010,12065,3945,12304,2477,1025,5968,2834,16276,2061,5007,2244,1513,5451,18231,14216,4015,12100,791,5010,3965,2334,9873,7526,2347,11099,8712,2387,8399,3890,4509,12023,3096,8927
"B","North West",,,"00CB","Wirral",,,126397,16329,12499,3830,14827,3368,1455,6623,3381,18044,2829,5680,1839,1663,6033,17454,13051,4403,13817,753,6564,3886,2614,10736,8026,2710,10225,8492,1733,11418,7287,4131,13547,3742,9805
"B","North West",,,"00ET","Halton",,,50363,5775,4501,1274,3797,1472,170,1480,675,5624,1194,1425,619,421,1965,6821,5442,1379,5331,252,2779,1438,862,3565,2722,843,5410,3770,1640,6661,4045,2616,7379,3025,4354
"B","North West",,,"00EU","Warrington",,,91286,14750,11985,2765,10339,3718,807,3784,2030,12420,2144,2885,1232,1182,4977,11778,8652,3126,8833,623,4533,2343,1334,5786,4270,1516,8723,6581,2142,7490,3823,3667,11167,4271,6896
"B","North West",,,"00EX","Blackburn with Darwen",,,53575,6668,4868,1800,4593,1184,414,2008,987,5913,992,1932,439,620,1930,6446,4852,1594,6771,310,3121,1643,1697,4465,3479,986,3932,3334,598,7951,5698,2253,6836,2888,3948
"B","North West",,,"00EY","Blackpool",,,59073,9229,4321,4908,3436,1150,316,1212,758,6294,911,1932,478,923,2050,8567,6961,1606,6969,308,2546,2337,1778,5525,3963,1562,5520,4868,652,4840,2327,2513,8693,1977,6716
"B","North West","13","Cheshire","13UB","Chester",,,55383,9506,7193,2313,8426,2233,753,3453,1987,7797,1177,1974,660,872,3114,6372,4619,1753,5569,1030,2215,1313,1011,3284,2164,1120,4637,4080,557,3546,1952,1594,6246,1554,4692
"B","North West","13","Cheshire","13UC","Congleton",,,44577,8421,6696,1725,5922,2085,334,2442,1061,6110,1108,1334,408,712,2548,5242,3639,1603,5002,730,2278,1059,935,2936,2064,872,2720,2391,329,3739,2396,1343,4485,1712,2773
"B","North West","13","Cheshire","13UD","Crewe and Nantwich",,,51527,7637,5829,1808,5088,1607,416,2148,917,6053,959,1693,421,604,2376,5778,4230,1548,6957,1042,3335,1362,1218,3796,2842,954,4137,3635,502,4762,2799,1963,7319,2702,4617
"B","North West","13","Cheshire","13UE","Ellesmere Port & Neston",,,37062,4687,3606,1081,3584,1180,276,1447,681,4694,986,1221,446,380,1661,4600,3431,1169,4195,239,2279,986,691,2607,1912,695,3555,3227,328,4407,2866,1541,4733,1401,3332
"B","North West","13","Cheshire","13UG","Macclesfield",,,73039,15679,12343,3336,11235,3249,1048,3997,2941,11104,1452,2702,541,1661,4748,8621,5626,2995,6721,1331,2209,1828,1353,4822,3191,1631,4403,3686,717,3967,2288,1679,6487,1907,4580
"B","North West","13","Cheshire","13UH","Vale Royal",,,56998,9989,7793,2196,6887,2223,435,2785,1444,7236,1264,1568,575,725,3104,6447,4595,1852,5974,1042,2487,1483,962,3790,2645,1145,4183,3566,617,5262,3190,2072,7230,2953,4277
"B","North West","16","Cumbria","16UB","Allerdale",,,41814,5295,3157,2138,3601,916,361,1632,692,4212,821,1239,454,437,1261,4202,3101,1101,6993,1579,2373,2022,1019,2979,2159,820,3261,3060,201,5391,3648,1743,5880,2319,3561
"B","North West","16","Cumbria","16UC","Barrow-in-Furness",,,28849,2838,1910,928,2600,1362,142,803,293,3614,984,1065,363,317,885,3143,2235,908,5180,220,3164,1212,584,2299,1741,558,2566,2431,135,2607,1666,941,4002,1056,2946
"B","North West","16","Cumbria","16UD","Carlisle",,,46858,5734,3985,1749,3551,743,349,1603,856,5325,798,1602,518,670,1737,5491,4045,1446,6396,1241,2275,1849,1031,3210,2302,908,4236,3895,341,6138,3627,2511,6777,2196,4581
"B","North West","16","Cumbria","16UE","Copeland",,,29222,3112,2095,1017,2470,1008,200,895,367,3830,1127,992,513,265,933,3142,2360,782,4794,645,2277,1167,705,2105,1535,570,1898,1791,107,3687,2765,922,4184,1395,2789
"B","North West","16","Cumbria","16UF","Eden",,,24752,3375,1860,1515,2182,388,199,1080,515,2498,307,679,268,400,844,2394,1659,735,4736,1863,932,1195,746,1666,1099,567,1547,1416,131,2687,1142,1545,3667,1504,2163
"B","North West","16","Cumbria","16UG","South Lakeland",,,48413,8050,4570,3480,5577,1288,471,2626,1192,5616,831,1568,410,897,1910,4640,3036,1604,7725,1758,1952,2383,1632,3627,2441,1186,3730,3405,325,3371,1988,1383,6077,1793,4284
"B","North West","30","Lancashire","30UD","Burnley",,,38098,4565,3425,1140,2954,873,251,1276,554,4360,708,1488,389,350,1425,4101,3086,1015,5157,276,2373,1198,1310,3126,2462,664,3252,2559,693,5619,4220,1399,4964,2167,2797
"B","North West","30","Lancashire","30UE","Chorley",,,49200,7749,6042,1707,5614,1550,406,2488,1170,6351,790,1660,821,643,2437,5988,4468,1520,6146,650,2695,1663,1138,3632,2700,932,3403,2953,450,4545,2430,2115,5772,2191,3581
"B","North West","30","Lancashire","30UF","Fylde",,,32215,5527,3895,1632,4628,1946,368,1480,834,4794,586,1151,755,573,1729,4347,3235,1112,3340,452,1274,951,663,2440,1746,694,2140,1804,336,1841,1123,718,3158,826,2332
"B","North West","30","Lancashire","30UG","Hyndburn",,,34773,4240,3135,1105,2533,703,135,1186,509,3859,616,1205,338,368,1332,3850,2948,902,5303,223,2337,1389,1354,3061,2377,684,2684,2309,375,5058,3396,1662,4185,1915,2270
"B","North West","30","Lancashire","30UH","Lancaster",,,55906,6948,4537,2411,6349,1275,533,3520,1021,7071,1079,2430,730,807,2025,6195,4464,1731,7028,1030,2566,2177,1255,5243,4047,1196,5150,4367,783,4619,2491,2128,7303,2245,5058
"B","North West","30","Lancashire","30UJ","Pendle",,,37042,4965,3604,1361,3211,911,224,1459,617,4043,666,1182,294,486,1415,3829,2730,1099,5182,387,2063,1211,1521,2807,2128,679,2917,2538,379,5598,3971,1627,4490,2180,2310
"B","North West","30","Lancashire","30UK","Preston",,,56203,6959,5231,1728,6280,2046,554,2356,1324,6943,1041,2211,562,704,2425,7496,6034,1462,6174,510,2710,1669,1285,4016,2987,1029,5590,4038,1552,5145,3101,2044,7600,2338,5262
"B","North West","30","Lancashire","30UL","Ribble Valley",,,26407,4735,3445,1290,3565,704,340,1734,787,3388,415,1132,276,400,1165,2885,1966,919,3652,887,1255,859,651,2011,1510,501,1472,1288,184,2190,1358,832,2509,894,1615
"B","North West","30","Lancashire","30UM","Rossendale",,,29877,4489,3432,1057,2967,710,200,1409,648,3957,538,1237,440,397,1345,3237,2297,940,3853,223,1491,1244,895,2486,1858,628,1987,1654,333,3716,2401,1315,3185,1430,1755
"B","North West","30","Lancashire","30UN","South Ribble",,,51327,7092,5495,1597,5204,1900,224,2121,959,6692,1034,1704,1001,578,2375,7643,5903,1740,6676,587,3265,1787,1037,3581,2668,913,4282,3426,856,4661,2664,1997,5496,2098,3398
"B","North West","30","Lancashire","30UP","West Lancashire",,,48842,7131,5398,1733,5677,1269,520,2778,1110,6037,782,1925,708,573,2049,5864,4291,1573,5726,1060,2231,1481,954,3729,2804,925,3390,2770,620,5234,3044,2190,6054,2828,3226
"B","North West","30","Lancashire","30UQ","Wyre",,,45036,6253,4155,2098,4505,1168,379,2012,946,5435,738,1552,612,669,1864,7124,5608,1516,6252,1007,2187,1942,1116,3631,2618,1013,3453,3078,375,3562,1974,1588,4821,1397,3424