DATASET_TITLE,Limiting Long-term Illness (UV22),,,,,,FROM,Apr-2001,Apr-2001,Apr-2001
AREA_TYPE,Local Authority,,,,,,TO,Apr-2001,Apr-2001,Apr-2001
GEO_HIERARCHY,NeSS Geography Hierarchy,,,,,,HEADING,All People,With a Limiting Long-Term Illness,Without a Limiting Long-Term Illness
,,,,,,,MEASUREMENT_UNIT,Count,Count,Count
,,,,,,,STATISTICAL_UNIT,Persons,Persons,Persons
GOR_CODE,GOR_NAME,CTY_CODE,CTY_NAME,LA_CODE,LA_NAME,AREA_METADATA,,DATA_VALUE,DATA_VALUE,DATA_VALUE
"G","East of England",,,"00JA","Peterborough",,,156061,26285,129776
"G","East of England",,,"00KA","Luton",,,184371,28213,156158
"G","East of England",,,"00KF","Southend-on-Sea",,,160257,30680,129577
"G","East of England",,,"00KG","Thurrock",,,143128,23016,120112
"G","East of England","09","Bedfordshire","09UC","Mid Bedfordshire",,,121024,15647,105377
"G","East of England","09","Bedfordshire","09UD","Bedford",,,147911,23054,124857
"G","East of England","09","Bedfordshire","09UE","South Bedfordshire",,,112637,15842,96795
"G","East of England","12","Cambridgeshire","12UB","Cambridge",,,108863,14945,93918
"G","East of England","12","Cambridgeshire","12UC","East Cambridgeshire",,,73214,11110,62104
"G","East of England","12","Cambridgeshire","12UD","Fenland",,,83519,16185,67334
"G","East of England","12","Cambridgeshire","12UE","Huntingdonshire",,,156954,21263,135691
"G","East of England","12","Cambridgeshire","12UG","South Cambridgeshire",,,130108,17268,112840
"G","East of England","22","Essex","22UB","Basildon",,,165668,28024,137644
"G","East of England","22","Essex","22UC","Braintree",,,132179,20437,111742
"G","East of England","22","Essex","22UD","Brentwood",,,68456,10559,57897
"G","East of England","22","Essex","22UE","Castle Point",,,86608,14818,71790
"G","East of England","22","Essex","22UF","Chelmsford",,,157072,21345,135727
"G","East of England","22","Essex","22UG","Colchester",,,155796,24843,130953
"G","East of England","22","Essex","22UH","Epping Forest",,,120896,18731,102165
"G","East of England","22","Essex","22UJ","Harlow",,,78768,12737,66031
"G","East of England","22","Essex","22UK","Maldon",,,59418,9220,50198
"G","East of England","22","Essex","22UL","Rochford",,,78489,12398,66091
"G","East of England","22","Essex","22UN","Tendring",,,138539,33244,105295
"G","East of England","22","Essex","22UQ","Uttlesford",,,68946,9115,59831
"G","East of England","26","Hertfordshire","26UB","Broxbourne",,,87054,12433,74621
"G","East of England","26","Hertfordshire","26UC","Dacorum",,,137799,19038,118761
"G","East of England","26","Hertfordshire","26UD","East Hertfordshire",,,128919,16049,112870
"G","East of England","26","Hertfordshire","26UE","Hertsmere",,,94450,13885,80565
"G","East of England","26","Hertfordshire","26UF","North Hertfordshire",,,116908,17204,99704
"G","East of England","26","Hertfordshire","26UG","St Albans",,,129005,16875,112130
"G","East of England","26","Hertfordshire","26UH","Stevenage",,,79715,12041,67674
"G","East of England","26","Hertfordshire","26UJ","Three Rivers",,,82848,11812,71036
"G","East of England","26","Hertfordshire","26UK","Watford",,,79726,11332,68394
"G","East of England","26","Hertfordshire","26UL","Welwyn Hatfield",,,97553,14949,82604
"G","East of England","33","Norfolk","33UB","Breckland",,,121418,22556,98862
"G","East of England","33","Norfolk","33UC","Broadland",,,118513,20703,97810
"G","East of England","33","Norfolk","33UD","Great Yarmouth",,,90810,19785,71025
"G","East of England","33","Norfolk","33UE","King's Lynn and West Norfolk",,,135345,27621,107724
"G","East of England","33","Norfolk","33UF","North Norfolk",,,98382,21140,77242
"G","East of England","33","Norfolk","33UG","Norwich",,,121550,23635,97915
"G","East of England","33","Norfolk","33UH","South Norfolk",,,110710,18839,91871
"G","East of England","42","Suffolk","42UB","Babergh",,,83461,13422,70039
"G","East of England","42","Suffolk","42UC","Forest Heath",,,55510,8019,47491
"G","East of England","42","Suffolk","42UD","Ipswich",,,117069,21067,96002
"G","East of England","42","Suffolk","42UE","Mid Suffolk",,,86837,13469,73368
"G","East of England","42","Suffolk","42UF","St Edmundsbury",,,98193,15269,82924
"G","East of England","42","Suffolk","42UG","Suffolk Coastal",,,115141,19818,95323
"G","East of England","42","Suffolk","42UH","Waveney",,,112342,23228,89114