DATASET_TITLE,Occupation Groups (UV30),,,,FROM,Apr-2001,Apr-2001,Apr-2001,Apr-2001,Apr-2001,Apr-2001,Apr-2001,Apr-2001,Apr-2001,Apr-2001,Apr-2001,Apr-2001,Apr-2001,Apr-2001,Apr-2001,Apr-2001,Apr-2001,Apr-2001,Apr-2001,Apr-2001,Apr-2001,Apr-2001,Apr-2001,Apr-2001,Apr-2001,Apr-2001,Apr-2001,Apr-2001,Apr-2001,Apr-2001,Apr-2001,Apr-2001,Apr-2001,Apr-2001,Apr-2001
AREA_TYPE,County,,,,TO,Apr-2001,Apr-2001,Apr-2001,Apr-2001,Apr-2001,Apr-2001,Apr-2001,Apr-2001,Apr-2001,Apr-2001,Apr-2001,Apr-2001,Apr-2001,Apr-2001,Apr-2001,Apr-2001,Apr-2001,Apr-2001,Apr-2001,Apr-2001,Apr-2001,Apr-2001,Apr-2001,Apr-2001,Apr-2001,Apr-2001,Apr-2001,Apr-2001,Apr-2001,Apr-2001,Apr-2001,Apr-2001,Apr-2001,Apr-2001,Apr-2001
GEO_HIERARCHY,NeSS Geography Hierarchy,,,,HEADING,All People,1. Managers and Senior Officials,1. Managers and Senior Officials:  11. Corporate Managers,1. Managers and Senior Officials:  12. Managers and Proprietors in Agriculture and Services,2. Professional Occupations,2. Professional Occupations:  21. Science and Technology Professionals,2. Professional Occupations:  22. Health Professionals,2. Professional Occupations:  23. Teaching and Research Professionals,2. Professional Occupations:  24. Business and Public Service Professionals,3. Associate Professional and Technical Occupations,3. Associate Professional and Technical Occupations:  31. Science and Technology Associate Professionals,3. Associate Professional and Technical Occupations:  32. Health and Social Welfare Associate Professionals,3. Associate Professional and Technical Occupations:  33. Protective Service Occupations,3. Associate Professional and Technical Occupations:  34. Culture; Media and Sports Occupations,3. Associate Professional and Technical Occupations:  35. Business and Public Service Associate Professionals,4. Administrative and Secretarial Occupations,4. Administrative and Secretarial Occupations:  41. Administrative Occupations,4. Administrative and Secretarial Occupations:  42. Secretarial and Related Occupations,5. Skilled Trades Occupations,5. Skilled Trades Occupations:  51. Skilled Agricultural Trades,5. Skilled Trades Occupations:  52. Skilled Metal and Electrical Trades,5. Skilled Trades Occupations:  53. Skilled Construction and Building Trades,5. Skilled Trades Occupations:  54. Textiles; Printing and Other Skilled Trades,6. Personal Service Occupations,6. Personal Service Occupations:  61. Caring Personal Service Occupations,6. Personal Service Occupations:  62. Leisure and Other Personal Service Occupations,7. Sales and Customer Service Occupations,7. Sales and Customer Service Occupations:  71. Sales Occupations,7. Sales and Customer Service Occupations:  72. Customer Service Occupations,8. Process; Plant and Machine Operatives,8. Process; Plant and Machine Operatives:  81. Process; Plant and Machine Operatives,8. Process; Plant and Machine Operatives:  82. Transport and Mobile Machine Drivers and Operatives,9. Elementary Occupations,9. Elementary Occupations:  91. Elementary Trades; Plant and Storage Related Occupations,9. Elementary Occupations:  92. Elementary Administration and Service Occupations
,,,,,MEASUREMENT_UNIT,Count,Count,Count,Count,Count,Count,Count,Count,Count,Count,Count,Count,Count,Count,Count,Count,Count,Count,Count,Count,Count,Count,Count,Count,Count,Count,Count,Count,Count,Count,Count,Count,Count,Count,Count
,,,,,STATISTICAL_UNIT,Persons,Persons,Persons,Persons,Persons,Persons,Persons,Persons,Persons,Persons,Persons,Persons,Persons,Persons,Persons,Persons,Persons,Persons,Persons,Persons,Persons,Persons,Persons,Persons,Persons,Persons,Persons,Persons,Persons,Persons,Persons,Persons,Persons,Persons,Persons
GOR_CODE,GOR_NAME,CTY_CODE,CTY_NAME,AREA_METADATA,,DATA_VALUE,DATA_VALUE,DATA_VALUE,DATA_VALUE,DATA_VALUE,DATA_VALUE,DATA_VALUE,DATA_VALUE,DATA_VALUE,DATA_VALUE,DATA_VALUE,DATA_VALUE,DATA_VALUE,DATA_VALUE,DATA_VALUE,DATA_VALUE,DATA_VALUE,DATA_VALUE,DATA_VALUE,DATA_VALUE,DATA_VALUE,DATA_VALUE,DATA_VALUE,DATA_VALUE,DATA_VALUE,DATA_VALUE,DATA_VALUE,DATA_VALUE,DATA_VALUE,DATA_VALUE,DATA_VALUE,DATA_VALUE,DATA_VALUE,DATA_VALUE,DATA_VALUE
"J","South East","11","Buckinghamshire",,,241444,53038,42829,10209,31181,10026,2179,11194,7782,36852,4695,6859,3505,6056,15737,32579,22063,10516,24798,3125,9229,7600,4844,14635,10278,4357,14356,11762,2594,13424,7215,6209,20581,6659,13922
"J","South East","21","East Sussex",,,211242,34618,23719,10899,22142,5018,1923,9873,5328,29296,3066,8728,2242,4780,10480,27604,19171,8433,27809,3868,7969,10033,5939,18244,13370,4874,15786,13693,2093,12644,6293,6351,23099,7106,15993
"J","South East","24","Hampshire",,,625860,106350,81805,24545,73415,28759,4827,24684,15145,94124,15207,17327,15542,10597,35451,88089,63917,24172,72548,7184,31653,21636,12075,41265,29939,11326,44087,37019,7068,40983,23219,17764,64999,21851,43148
"J","South East","29","Kent",,,609288,95535,69842,25693,62375,15991,4558,27439,14387,82299,11215,17558,11287,11163,31076,83577,57647,25930,72561,7433,26936,24264,13928,46875,34406,12469,47178,40371,6807,45958,22799,23159,72930,26540,46390
"J","South East","38","Oxfordshire",,,307372,53368,41107,12261,45996,12554,3251,21149,9042,46575,7626,9398,5594,8575,15382,37738,26437,11301,32073,3926,11638,10595,5914,19172,13574,5598,19332,16252,3080,20118,11212,8906,33000,12082,20918
"J","South East","43","Surrey",,,532819,112542,86805,25737,75232,26124,4720,24542,19846,85116,10279,15076,8905,14369,36487,77469,51795,25674,49606,6263,17879,15872,9592,34204,22146,12058,34693,28918,5775,22398,9247,13151,41559,10550,31009
"J","South East","45","West Sussex",,,357128,60774,44852,15922,38274,13073,2677,13806,8718,49872,7116,10879,3861,6814,21202,50706,36397,14309,40816,5116,14594,13069,8037,29613,18898,10715,28296,23108,5188,21607,10761,10846,37170,11645,25525