DATASET_TITLE,Households by Selected Household Characteristics (UV67),,,,,,FROM,Apr-2001,Apr-2001,Apr-2001,Apr-2001,Apr-2001,Apr-2001
AREA_TYPE,Local Authority,,,,,,TO,Apr-2001,Apr-2001,Apr-2001,Apr-2001,Apr-2001,Apr-2001
GEO_HIERARCHY,NeSS Geography Hierarchy,,,,,,HEADING,All Households,Household has no selected characteristic,Household has selected characteristics in 1 dimension,Household has selected characteristics in 2 dimensions,Household has selected characteristics in 3 dimensions,Household has selected characteristics in 4 dimensions
,,,,,,,MEASUREMENT_UNIT,Count,Count,Count,Count,Count,Count
,,,,,,,STATISTICAL_UNIT,Households,Households,Households,Households,Households,Households
GOR_CODE,GOR_NAME,CTY_CODE,CTY_NAME,LA_CODE,LA_NAME,AREA_METADATA,,DATA_VALUE,DATA_VALUE,DATA_VALUE,DATA_VALUE,DATA_VALUE,DATA_VALUE
"H","London",,,"00AA","City of London",,,4338,1670,1598,773,264,33
"H","London",,,"00AB","Barking and Dagenham",,,67273,13513,24162,20168,8367,1063
"H","London",,,"00AC","Barnet",,,126944,48916,42676,26514,7951,887
"H","London",,,"00AD","Bexley",,,89451,27359,33778,21446,6263,605
"H","London",,,"00AE","Brent",,,99991,29202,35039,24990,9343,1417
"H","London",,,"00AF","Bromley",,,125866,47283,44023,26764,7108,688
"H","London",,,"00AG","Camden",,,91603,30222,30591,19810,9280,1700
"H","London",,,"00AH","Croydon",,,138999,48695,49026,30416,9621,1241
"H","London",,,"00AJ","Ealing",,,118023,40727,38821,26768,10244,1463
"H","London",,,"00AK","Enfield",,,110398,34608,37901,26986,9738,1165
"H","London",,,"00AL","Greenwich",,,92788,26618,31383,23734,9790,1263
"H","London",,,"00AM","Hackney",,,86042,22720,27125,22689,11444,2064
"H","London",,,"00AN","Hammersmith and Fulham",,,75438,26831,23779,16269,7274,1285
"H","London",,,"00AP","Haringey",,,92170,31373,28751,21274,9283,1489
"H","London",,,"00AQ","Harrow",,,79112,29100,27481,17147,4897,487
"H","London",,,"00AR","Havering",,,91722,26468,34596,23301,6767,590
"H","London",,,"00AS","Hillingdon",,,96643,31770,35621,22297,6330,625
"H","London",,,"00AT","Hounslow",,,83994,28236,29229,18944,6764,821
"H","London",,,"00AU","Islington",,,82281,25261,25749,19677,9820,1774
"H","London",,,"00AW","Kensington and Chelsea",,,79146,29563,26316,15374,6643,1250
"H","London",,,"00AX","Kingston upon Thames",,,61426,25844,20511,11548,3181,342
"H","London",,,"00AY","Lambeth",,,118447,42268,37233,26083,11068,1795
"H","London",,,"00AZ","Lewisham",,,107412,34461,35866,25031,10563,1491
"H","London",,,"00BA","Merton",,,78884,30917,25095,16370,5793,709
"H","London",,,"00BB","Newham",,,91821,20068,30614,26116,13025,1998
"H","London",,,"00BC","Redbridge",,,92288,29915,31984,22066,7471,852
"H","London",,,"00BD","Richmond upon Thames",,,76146,36706,22263,12887,3791,499
"H","London",,,"00BE","Southwark",,,105806,31050,35943,25901,11230,1682
"H","London",,,"00BF","Sutton",,,76402,26984,27797,16474,4686,461
"H","London",,,"00BG","Tower Hamlets",,,78530,21273,24171,20733,10478,1875
"H","London",,,"00BH","Waltham Forest",,,89788,26624,29703,22248,9814,1399
"H","London",,,"00BJ","Wandsworth",,,115653,51303,33539,21183,8449,1179
"H","London",,,"00BK","Westminster",,,91172,31474,30928,18914,8343,1513