DATASET_TITLE,"Benefits Data: Working Age Client Group, May 2006",,,,,,FROM,May-2006,May-2006,May-2006,May-2006,May-2006,May-2006,May-2006,May-2006,May-2006,May-2006,May-2006,May-2006,May-2006,May-2006,May-2006,May-2006,May-2006,May-2006,May-2006,May-2006,May-2006,May-2006,May-2006,May-2006,May-2006,May-2006,May-2006
AREA_TYPE,Local Authority,,,,,,TO,May-2006,May-2006,May-2006,May-2006,May-2006,May-2006,May-2006,May-2006,May-2006,May-2006,May-2006,May-2006,May-2006,May-2006,May-2006,May-2006,May-2006,May-2006,May-2006,May-2006,May-2006,May-2006,May-2006,May-2006,May-2006,May-2006,May-2006
GEO_HIERARCHY,NeSS Geography Hierarchy,,,,,,HEADING,Total,Job Seekers,Job Seekers,Incapacity Benefits,Incapacity Benefits,Lone Parent,Lone Parent,Carer,Carer,Others on Income Related Benefits,Others on Income Related Benefits,Disabled,Disabled,Bereaved,Bereaved,Unknown,Unknown,Male,Male,Female,Female,Aged 16-24,Aged 16-24,Aged 25-49,Aged 25-49,Aged 50 and Over,Aged 50 and Over
,,,,,,,MEASUREMENT_UNIT,Count,Count,Percentage,Count,Percentage,Count,Percentage,Count,Percentage,Count,Percentage,Count,Percentage,Count,Percentage,Count,Percentage,Count,Percentage,Count,Percentage,Count,Percentage,Count,Percentage,Count,Percentage
,,,,,,,STATISTICAL_UNIT,Persons,Persons,Persons,Persons,Persons,Persons,Persons,Persons,Persons,Persons,Persons,Persons,Persons,Persons,Persons,Persons,Persons,Persons,Persons,Persons,Persons,Persons,Persons,Persons,Persons,Persons,Persons
GOR_CODE,GOR_NAME,CTY_CODE,CTY_NAME,LA_CODE,LA_NAME,AREA_METADATA,,DATA_VALUE,DATA_VALUE,DATA_VALUE,DATA_VALUE,DATA_VALUE,DATA_VALUE,DATA_VALUE,DATA_VALUE,DATA_VALUE,DATA_VALUE,DATA_VALUE,DATA_VALUE,DATA_VALUE,DATA_VALUE,DATA_VALUE,DATA_VALUE,DATA_VALUE,DATA_VALUE,DATA_VALUE,DATA_VALUE,DATA_VALUE,DATA_VALUE,DATA_VALUE,DATA_VALUE,DATA_VALUE,DATA_VALUE,DATA_VALUE
"A","North East",,,"00CH","Gateshead",,,23455,3525,15,13245,56,2870,12,1590,7,715,3,1090,5,420,2,0,0,12455,53,11000,47,3000,13,11635,50,8820,38
"A","North East",,,"00CJ","Newcastle upon Tyne",,,32320,5575,17,17340,54,4690,15,1970,6,970,3,1305,4,470,1,0,0,17095,53,15225,47,4680,14,16905,52,10725,33
"A","North East",,,"00CK","North Tyneside",,,20475,3575,17,10870,53,2630,13,1215,6,615,3,1100,5,470,2,0,0,10610,52,9865,48,2835,14,9805,48,7835,38
"A","North East",,,"00CL","South Tyneside",,,20630,4205,20,10240,50,2935,14,1320,6,635,3,960,5,335,2,0,0,10855,53,9775,47,2955,14,10140,49,7535,37
"A","North East",,,"00CM","Sunderland",,,37315,5965,16,21170,57,4200,11,2595,7,910,2,1795,5,680,2,0,0,19810,53,17505,47,4925,13,18030,48,14360,38
"A","North East",,,"00EB","Hartlepool",,,13160,2355,18,7300,55,1635,12,835,6,330,3,515,4,190,1,0,0,6815,52,6345,48,1895,14,6525,50,4735,36
"A","North East",,,"00EC","Middlesbrough",,,20985,4045,19,10420,50,3245,15,1555,7,500,2,890,4,330,2,0,0,10620,51,10365,49,3595,17,10885,52,6505,31
"A","North East",,,"00EE","Redcar and Cleveland",,,17490,3065,18,9150,52,2265,13,1485,8,420,2,800,5,305,2,0,0,8940,51,8550,49,2690,15,8350,48,6450,37
"A","North East",,,"00EF","Stockton-on-Tees",,,20230,3770,19,9995,49,2790,14,1625,8,545,3,1060,5,445,2,0,0,10145,50,10085,50,3085,15,9925,49,7220,36
"A","North East",,,"00EH","Darlington",,,10435,1745,17,5455,52,1440,14,730,7,295,3,550,5,220,2,0,0,5400,52,5035,48,1465,14,5195,50,3775,36
"A","North East","20","Durham","20UB","Chester-le-Street",,,5160,630,12,3180,62,460,9,370,7,115,2,295,6,110,2,0,0,2730,53,2430,47,605,12,2355,46,2200,43
"A","North East","20","Durham","20UD","Derwentside",,,10385,1310,13,6140,59,1100,11,790,8,285,3,565,5,195,2,0,0,5465,53,4920,47,1425,14,4730,46,4230,41
"A","North East","20","Durham","20UE","Durham",,,7600,940,12,4635,61,730,10,505,7,160,2,425,6,205,3,0,0,4035,53,3565,47,860,11,3485,46,3255,43
"A","North East","20","Durham","20UF","Easington",,,15605,1370,9,10690,69,1350,9,1020,7,260,2,705,5,210,1,0,0,8150,52,7455,48,1940,12,7370,47,6295,40
"A","North East","20","Durham","20UG","Sedgefield",,,11265,1360,12,6780,60,1265,11,855,8,250,2,575,5,180,2,0,0,5640,50,5625,50,1480,13,5140,46,4645,41
"A","North East","20","Durham","20UH","Teesdale",,,1835,220,12,1100,60,175,10,165,9,45,2,105,6,25,1,0,0,955,52,880,48,165,9,790,43,880,48
"A","North East","20","Durham","20UJ","Wear Valley",,,8370,1130,14,4800,57,1020,12,640,8,210,3,420,5,150,2,0,0,4300,51,4070,49,1175,14,3875,46,3320,40
"A","North East","35","Northumberland","35UB","Alnwick",,,2305,400,17,1170,51,235,10,220,10,55,2,130,6,95,4,0,0,1230,53,1075,47,275,12,1020,44,1010,44
"A","North East","35","Northumberland","35UC","Berwick-upon-Tweed",,,2140,300,14,1115,52,210,10,210,10,75,4,150,7,80,4,0,0,1090,51,1050,49,215,10,940,44,985,46
"A","North East","35","Northumberland","35UD","Blyth Valley",,,9275,1595,17,5090,55,965,10,695,7,240,3,470,5,220,2,0,0,4870,53,4405,47,1285,14,4290,46,3695,40
"A","North East","35","Northumberland","35UE","Castle Morpeth",,,3595,540,15,2085,58,280,8,270,8,85,2,220,6,115,3,0,0,1960,55,1635,45,440,12,1645,46,1510,42
"A","North East","35","Northumberland","35UF","Tynedale",,,3635,525,14,2100,58,330,9,250,7,100,3,230,6,100,3,0,0,1900,52,1735,48,435,12,1590,44,1610,44
"A","North East","35","Northumberland","35UG","Wansbeck",,,8085,1530,19,4405,54,955,12,495,6,220,3,360,4,120,1,0,0,4405,54,3680,46,1235,15,3800,47,3050,38
"B","North West",,,"00BL","Bolton",,,29745,4535,15,16280,55,3690,12,2180,7,680,2,1780,6,600,2,0,0,15060,51,14685,49,4025,14,14950,50,10770,36
"B","North West",,,"00BM","Bury",,,16910,2285,14,9640,57,1910,11,1180,7,325,2,1170,7,400,2,0,0,8700,51,8210,49,2210,13,8530,50,6170,36
"B","North West",,,"00BN","Manchester",,,68040,10930,16,35930,53,12505,18,3345,5,2105,3,2560,4,665,1,0,0,34570,51,33470,49,10205,15,38815,57,19000,28
"B","North West",,,"00BP","Oldham",,,25035,3830,15,13620,54,3450,14,1615,6,635,3,1335,5,550,2,0,0,12405,50,12630,50,3690,15,12625,50,8720,35
"B","North West",,,"00BQ","Rochdale",,,26265,4005,15,14830,56,3360,13,1730,7,580,2,1285,5,475,2,0,0,13265,51,13000,49,3725,14,13625,52,8915,34
"B","North West",,,"00BR","Salford",,,29130,4040,14,16685,57,4265,15,1610,6,645,2,1450,5,435,1,0,0,15315,53,13815,47,4210,14,15180,52,9740,33
"B","North West",,,"00BS","Stockport",,,21535,2775,13,11740,55,2725,13,1595,7,535,2,1555,7,610,3,0,0,10595,49,10940,51,2695,13,10805,50,8035,37
"B","North West",,,"00BT","Tameside",,,24460,3140,13,14270,58,3105,13,1525,6,540,2,1365,6,515,2,0,0,12410,51,12050,49,3205,13,12195,50,9050,37
"B","North West",,,"00BU","Trafford",,,17085,2270,13,9535,56,2155,13,1065,6,400,2,1185,7,475,3,0,0,8490,50,8595,50,2110,12,8750,51,6220,36
"B","North West",,,"00BW","Wigan",,,35630,5015,14,21445,60,3430,10,2510,7,625,2,1920,5,685,2,0,0,18325,51,17305,49,4300,12,16455,46,14875,42
"B","North West",,,"00BX","Knowsley",,,25545,4075,16,13070,51,4135,16,2005,8,570,2,1380,5,310,1,0,0,12295,48,13250,52,3430,13,13635,53,8480,33
"B","North West",,,"00BY","Liverpool",,,77690,15700,20,39650,51,11475,15,4610,6,1890,2,3535,5,830,1,0,0,39730,51,37960,49,10750,14,41750,54,25185,32
"B","North West",,,"00BZ","St. Helens",,,22555,3195,14,12540,56,2865,13,1720,8,630,3,1225,5,380,2,0,0,11580,51,10975,49,3070,14,10660,47,8815,39
"B","North West",,,"00CA","Sefton",,,30825,4780,16,16595,54,3770,12,2225,7,780,3,2035,7,640,2,0,0,15690,51,15135,49,3645,12,15590,51,11590,38
"B","North West",,,"00CB","Wirral",,,39380,6730,17,20005,51,5425,14,2925,7,970,2,2570,7,755,2,0,0,19955,51,19425,49,5430,14,19770,50,14175,36
"B","North West",,,"00ET","Halton",,,16545,2510,15,8770,53,2385,14,1305,8,295,2,970,6,310,2,0,0,8095,49,8450,51,2235,14,8155,49,6155,37
"B","North West",,,"00EU","Warrington",,,15625,2350,15,8575,55,1640,10,1175,8,375,2,1095,7,415,3,0,0,8045,51,7580,49,1850,12,7600,49,6175,40
"B","North West",,,"00EX","Blackburn with Darwen",,,18105,2695,15,9860,54,2330,13,1400,8,460,3,1085,6,275,2,0,0,9365,52,8740,48,2540,14,9475,52,6085,34
"B","North West",,,"00EY","Blackpool",,,19735,2805,14,11200,57,2420,12,1245,6,605,3,1130,6,330,2,0,0,10720,54,9015,46,2540,13,10060,51,7135,36
"B","North West","13","Cheshire","13UB","Chester",,,9015,1165,13,4985,55,1030,11,665,7,210,2,705,8,255,3,0,0,4605,51,4410,49,1095,12,4560,51,3360,37
"B","North West","13","Cheshire","13UC","Congleton",,,5270,680,13,2845,54,515,10,410,8,155,3,430,8,235,4,0,0,2595,49,2675,51,495,9,2445,46,2330,44
"B","North West","13","Cheshire","13UD","Crewe and Nantwich",,,8610,1340,16,4380,51,1205,14,635,7,280,3,505,6,265,3,0,0,4195,49,4415,51,1210,14,4175,48,3225,37
"B","North West","13","Cheshire","13UE","Ellesmere Port & Neston",,,7205,1025,14,3725,52,920,13,655,9,140,2,555,8,185,3,0,0,3500,49,3705,51,920,13,3725,52,2560,36
"B","North West","13","Cheshire","13UG","Macclesfield",,,8000,875,11,4550,57,820,10,565,7,170,2,675,8,345,4,0,0,3980,50,4020,50,810,10,4000,50,3190,40
"B","North West","13","Cheshire","13UH","Vale Royal",,,9555,1390,15,5100,53,1095,11,825,9,200,2,685,7,260,3,0,0,4700,49,4855,51,1215,13,4480,47,3860,40
"B","North West","16","Cumbria","16UB","Allerdale",,,8805,1205,14,4820,55,1005,11,795,9,195,2,560,6,225,3,0,0,4575,52,4230,48,1050,12,4135,47,3620,41
"B","North West","16","Cumbria","16UC","Barrow-in-Furness",,,9615,1170,12,5805,60,910,9,740,8,200,2,635,7,155,2,0,0,5110,53,4505,47,1250,13,4540,47,3825,40
"B","North West","16","Cumbria","16UD","Carlisle",,,9135,1395,15,5080,56,1080,12,590,6,205,2,530,6,255,3,0,0,4645,51,4490,49,1215,13,4520,49,3400,37
"B","North West","16","Cumbria","16UE","Copeland",,,7830,1200,15,4250,54,880,11,695,9,200,3,440,6,165,2,0,0,4125,53,3705,47,1080,14,3640,46,3110,40
"B","North West","16","Cumbria","16UF","Eden",,,2580,210,8,1495,58,210,8,265,10,65,3,210,8,125,5,0,0,1280,50,1300,50,210,8,1175,46,1195,46
"B","North West","16","Cumbria","16UG","South Lakeland",,,5405,455,8,3175,59,480,9,480,9,145,3,425,8,245,5,0,0,2680,50,2725,50,475,9,2415,45,2515,47
"B","North West","30","Lancashire","30UD","Burnley",,,11225,1325,12,6775,60,1490,13,680,6,260,2,515,5,180,2,0,0,5615,50,5610,50,1555,14,5640,50,4030,36
"B","North West","30","Lancashire","30UE","Chorley",,,7880,1010,13,4605,58,735,9,555,7,175,2,560,7,240,3,0,0,4020,51,3860,49,905,11,3710,47,3265,41
"B","North West","30","Lancashire","30UF","Fylde",,,4950,410,8,3050,62,405,8,395,8,125,3,385,8,180,4,0,0,2590,52,2360,48,390,8,2260,46,2300,46
"B","North West","30","Lancashire","30UG","Hyndburn",,,9715,1165,12,5785,60,1175,12,645,7,220,2,520,5,205,2,0,0,5015,52,4700,48,1335,14,4740,49,3640,37
"B","North West","30","Lancashire","30UH","Lancaster",,,12065,1675,14,6785,56,1470,12,820,7,305,3,690,6,320,3,0,0,6145,51,5920,49,1600,13,5920,49,4545,38
"B","North West","30","Lancashire","30UJ","Pendle",,,9495,1160,12,5650,60,1080,11,755,8,210,2,430,5,210,2,0,0,4775,50,4720,50,1265,13,4665,49,3565,38
"B","North West","30","Lancashire","30UK","Preston",,,14225,2270,16,7725,54,1780,13,1015,7,335,2,815,6,285,2,0,0,7335,52,6890,48,2075,15,7340,52,4810,34
"B","North West","30","Lancashire","30UL","Ribble Valley",,,2880,190,7,1845,64,150,5,220,8,55,2,295,10,125,4,0,0,1505,52,1375,48,240,8,1270,44,1370,48
"B","North West","30","Lancashire","30UM","Rossendale",,,6635,775,12,4000,60,690,10,455,7,120,2,440,7,155,2,0,0,3340,50,3295,50,845,13,3165,48,2625,40
"B","North West","30","Lancashire","30UN","South Ribble",,,7355,925,13,4095,56,700,10,575,8,155,2,635,9,270,4,0,0,3600,49,3755,51,875,12,3345,45,3135,43
"B","North West","30","Lancashire","30UP","West Lancashire",,,10700,1825,17,5465,51,1310,12,845,8,230,2,735,7,290,3,0,0,5380,50,5320,50,1325,12,5130,48,4245,40
"B","North West","30","Lancashire","30UQ","Wyre",,,8500,805,9,4970,58,820,10,760,9,215,3,710,8,220,3,0,0,4385,52,4115,48,850,10,3755,44,3895,46
"D","Yorkshire and The Humber",,,"00CC","Barnsley",,,29195,3440,12,17700,61,3125,11,2150,7,570,2,1770,6,440,2,0,0,15335,53,13860,47,3480,12,13675,47,12040,41
"D","Yorkshire and The Humber",,,"00CE","Doncaster",,,33730,5645,17,17450,52,4185,12,2875,9,820,2,2160,6,595,2,0,0,17400,52,16330,48,4810,14,16320,48,12600,37
"D","Yorkshire and The Humber",,,"00CF","Rotherham",,,28080,4155,15,14730,52,3435,12,2630,9,720,3,1845,7,565,2,0,0,14420,51,13660,49,3785,13,13685,49,10605,38
"D","Yorkshire and The Humber",,,"00CG","Sheffield",,,52040,9495,18,25895,50,6985,13,3945,8,1680,3,3110,6,930,2,0,0,27165,52,24875,48,7765,15,27160,52,17115,33
"D","Yorkshire and The Humber",,,"00CX","Bradford",,,51895,9405,18,25110,48,7505,14,4125,8,1700,3,3075,6,975,2,0,0,25725,50,26170,50,7740,15,27435,53,16715,32
"D","Yorkshire and The Humber",,,"00CY","Calderdale",,,18070,3210,18,9010,50,2635,15,1285,7,515,3,1015,6,400,2,0,0,9010,50,9060,50,2590,14,9060,50,6420,36
"D","Yorkshire and The Humber",,,"00CZ","Kirklees",,,36385,6020,17,17990,49,5080,14,2895,8,1020,3,2570,7,810,2,0,0,18050,50,18335,50,5245,14,18470,51,12660,35
"D","Yorkshire and The Humber",,,"00DA","Leeds",,,64835,13340,21,30850,48,9640,15,3910,6,1795,3,3925,6,1375,2,0,0,32675,50,32160,50,9645,15,33855,52,21330,33
"D","Yorkshire and The Humber",,,"00DB","Wakefield",,,35645,5120,14,19770,55,4195,12,2740,8,720,2,2385,7,715,2,0,0,18545,52,17100,48,4725,13,16960,48,13955,39
"D","Yorkshire and The Humber",,,"00FA","Kingston upon Hull, City of",,,34790,8850,25,14385,41,5805,17,2350,7,1230,4,1720,5,450,1,0,0,18005,52,16785,48,6170,18,18240,52,10380,30
"D","Yorkshire and The Humber",,,"00FB","East Riding of Yorkshire",,,21965,3845,18,10670,49,2180,10,2060,9,775,4,1710,8,725,3,0,0,11205,51,10760,49,2460,11,9725,44,9780,45
"D","Yorkshire and The Humber",,,"00FC","North East Lincolnshire",,,17040,3755,22,7015,41,2905,17,1465,9,680,4,890,5,330,2,0,0,8525,50,8515,50,3095,18,8505,50,5440,32
"D","Yorkshire and The Humber",,,"00FD","North Lincolnshire",,,13840,2435,18,6515,47,1860,13,1225,9,415,3,1045,8,345,2,0,0,6735,49,7105,51,2055,15,6690,48,5095,37
"D","Yorkshire and The Humber",,,"00FF","York",,,11170,2050,18,5515,49,1540,14,700,6,275,2,700,6,390,3,0,0,5580,50,5590,50,1485,13,5795,52,3890,35
"D","Yorkshire and The Humber","36","North Yorkshire","36UB","Craven",,,2650,285,11,1500,57,225,8,230,9,80,3,210,8,120,5,0,0,1340,51,1310,49,250,9,1175,44,1225,46
"D","Yorkshire and The Humber","36","North Yorkshire","36UC","Hambleton",,,4135,495,12,2160,52,435,11,375,9,105,3,365,9,200,5,0,0,1960,47,2175,53,450,11,1845,45,1840,44
"D","Yorkshire and The Humber","36","North Yorkshire","36UD","Harrogate",,,7230,1015,14,3805,53,755,10,535,7,205,3,585,8,330,5,0,0,3605,50,3625,50,760,11,3605,50,2865,40
"D","Yorkshire and The Humber","36","North Yorkshire","36UE","Richmondshire",,,2370,330,14,1165,49,240,10,230,10,60,3,215,9,130,5,0,0,1105,47,1265,53,275,12,1140,48,955,40
"D","Yorkshire and The Humber","36","North Yorkshire","36UF","Ryedale",,,2550,325,13,1270,50,280,11,250,10,100,4,200,8,125,5,0,0,1220,48,1330,52,245,10,1125,44,1180,46
"D","Yorkshire and The Humber","36","North Yorkshire","36UG","Scarborough",,,10325,1625,16,5335,52,1230,12,815,8,405,4,650,6,265,3,0,0,5335,52,4990,48,1205,12,4870,47,4250,41
"D","Yorkshire and The Humber","36","North Yorkshire","36UH","Selby",,,4775,925,19,2355,49,515,11,340,7,125,3,345,7,170,4,0,0,2440,51,2335,49,590,12,2220,46,1965,41
"E","East Midlands",,,"00FK","Derby",,,24065,4765,20,11230,47,3670,15,1725,7,640,3,1590,7,445,2,0,0,12010,50,12055,50,3665,15,12880,54,7515,31
"E","East Midlands",,,"00FN","Leicester",,,36520,8805,24,15525,43,6250,17,2505,7,1115,3,1765,5,555,2,0,0,17745,49,18775,51,5645,15,19665,54,11200,31
"E","East Midlands",,,"00FP","Rutland",,,1300,130,10,660,51,135,10,115,9,35,3,150,12,75,6,0,0,630,48,670,52,145,11,620,48,535,41
"E","East Midlands",,,"00FY","Nottingham",,,37355,7745,21,17290,46,6805,18,2230,6,1030,3,1855,5,400,1,0,0,18965,51,18390,49,6365,17,20730,55,10250,27
"E","East Midlands","17","Derbyshire","17UB","Amber Valley",,,9610,1385,14,5050,53,1110,12,825,9,225,2,710,7,305,3,0,0,4810,50,4800,50,1130,12,4485,47,3995,42
"E","East Midlands","17","Derbyshire","17UC","Bolsover",,,9150,1270,14,5080,56,880,10,915,10,175,2,675,7,155,2,0,0,4950,54,4200,46,1045,11,4335,47,3770,41
"E","East Midlands","17","Derbyshire","17UD","Chesterfield",,,11590,2000,17,6155,53,1180,10,980,8,280,2,790,7,205,2,0,0,6190,53,5400,47,1405,12,5710,49,4475,39
"E","East Midlands","17","Derbyshire","17UF","Derbyshire Dales",,,3500,380,11,1870,53,295,8,330,9,95,3,355,10,175,5,0,0,1770,51,1730,49,330,9,1570,45,1600,46
"E","East Midlands","17","Derbyshire","17UG","Erewash",,,8755,1565,18,4265,49,1125,13,680,8,235,3,635,7,250,3,0,0,4300,49,4455,51,1185,14,4220,48,3350,38
"E","East Midlands","17","Derbyshire","17UH","High Peak",,,6345,920,14,3400,54,755,12,460,7,150,2,465,7,195,3,0,0,3145,50,3200,50,740,12,3145,50,2460,39
"E","East Midlands","17","Derbyshire","17UJ","North East Derbyshire",,,8230,1215,15,4425,54,745,9,825,10,195,2,630,8,195,2,0,0,4425,54,3805,46,880,11,3795,46,3555,43
"E","East Midlands","17","Derbyshire","17UK","South Derbyshire",,,6005,705,12,3255,54,655,11,525,9,140,2,525,9,200,3,0,0,2840,47,3165,53,640,11,2780,46,2585,43
"E","East Midlands","31","Leicestershire","31UB","Blaby",,,4485,735,16,2170,48,420,9,390,9,100,2,455,10,215,5,0,0,2105,47,2380,53,500,11,2045,46,1940,43
"E","East Midlands","31","Leicestershire","31UC","Charnwood",,,9070,1635,18,4200,46,1080,12,730,8,290,3,785,9,350,4,0,0,4365,48,4705,52,1255,14,4395,48,3420,38
"E","East Midlands","31","Leicestershire","31UD","Harborough",,,3135,400,13,1570,50,305,10,275,9,100,3,300,10,185,6,0,0,1480,47,1655,53,285,9,1530,49,1320,42
"E","East Midlands","31","Leicestershire","31UE","Hinckley and Bosworth",,,5855,990,17,2820,48,590,10,525,9,150,3,560,10,220,4,0,0,2790,48,3065,52,735,13,2680,46,2440,42
"E","East Midlands","31","Leicestershire","31UG","Melton",,,2300,370,16,985,43,280,12,270,12,60,3,210,9,125,5,0,0,1100,48,1200,52,285,12,1085,47,930,40
"E","East Midlands","31","Leicestershire","31UH","North West Leicestershire",,,6140,825,13,3160,51,735,12,630,10,135,2,455,7,200,3,0,0,2905,47,3235,53,705,11,2920,48,2515,41
"E","East Midlands","31","Leicestershire","31UJ","Oadby and Wigston",,,3080,565,18,1395,45,360,12,275,9,85,3,270,9,130,4,0,0,1445,47,1635,53,405,13,1505,49,1170,38
"E","East Midlands","32","Lincolnshire","32UB","Boston",,,5245,835,16,2775,53,605,12,405,8,155,3,360,7,110,2,0,0,2645,50,2600,50,680,13,2490,47,2075,40
"E","East Midlands","32","Lincolnshire","32UC","East Lindsey",,,13515,1525,11,7710,57,1090,8,1445,11,450,3,975,7,320,2,0,0,7210,53,6305,47,1415,10,5750,43,6350,47
"E","East Midlands","32","Lincolnshire","32UD","Lincoln",,,9310,1755,19,4550,49,1345,14,680,7,245,3,570,6,165,2,0,0,4780,51,4530,49,1565,17,4935,53,2810,30
"E","East Midlands","32","Lincolnshire","32UE","North Kesteven",,,5675,740,13,2900,51,500,9,635,11,175,3,525,9,200,4,0,0,2780,49,2895,51,635,11,2515,44,2520,44
"E","East Midlands","32","Lincolnshire","32UF","South Holland",,,5480,860,16,2855,52,585,11,465,8,150,3,380,7,185,3,0,0,2640,48,2840,52,590,11,2510,46,2380,43
"E","East Midlands","32","Lincolnshire","32UG","South Kesteven",,,7165,1050,15,3580,50,860,12,580,8,215,3,585,8,295,4,0,0,3370,47,3795,53,830,12,3455,48,2880,40
"E","East Midlands","32","Lincolnshire","32UH","West Lindsey",,,6410,1075,17,3270,51,665,10,555,9,195,3,445,7,205,3,0,0,3245,51,3165,49,820,13,3055,48,2535,40
"E","East Midlands","34","Northamptonshire","34UB","Corby",,,5605,985,18,2835,51,820,15,315,6,160,3,355,6,135,2,0,0,2750,49,2855,51,815,15,2895,52,1895,34
"E","East Midlands","34","Northamptonshire","34UC","Daventry",,,3785,625,17,1770,47,505,13,280,7,80,2,365,10,160,4,0,0,1645,43,2140,57,485,13,1920,51,1380,36
"E","East Midlands","34","Northamptonshire","34UD","East Northamptonshire",,,4670,820,18,2135,46,670,14,380,8,125,3,350,7,190,4,0,0,2155,46,2515,54,625,13,2310,49,1735,37
"E","East Midlands","34","Northamptonshire","34UE","Kettering",,,6115,1110,18,2960,48,735,12,475,8,185,3,465,8,185,3,0,0,2935,48,3180,52,830,14,3100,51,2185,36
"E","East Midlands","34","Northamptonshire","34UF","Northampton",,,16395,3195,19,7515,46,2770,17,1100,7,415,3,1005,6,395,2,0,0,7895,48,8500,52,2545,16,8855,54,4990,30
"E","East Midlands","34","Northamptonshire","34UG","South Northamptonshire",,,3145,440,14,1525,48,285,9,290,9,80,3,330,10,195,6,0,0,1470,47,1675,53,320,10,1425,45,1400,45
"E","East Midlands","34","Northamptonshire","34UH","Wellingborough",,,5730,1030,18,2645,46,980,17,395,7,175,3,335,6,170,3,0,0,2645,46,3085,54,900,16,2875,50,1955,34
"E","East Midlands","37","Nottinghamshire","37UB","Ashfield",,,12175,1700,14,6650,55,1505,12,1015,8,285,2,775,6,245,2,0,0,6240,51,5935,49,1565,13,5935,49,4675,38
"E","East Midlands","37","Nottinghamshire","37UC","Bassetlaw",,,11065,1445,13,6320,57,1175,11,865,8,270,2,735,7,255,2,0,0,5705,52,5360,48,1380,12,5270,48,4415,40
"E","East Midlands","37","Nottinghamshire","37UD","Broxtowe",,,7605,1120,15,4040,53,805,11,655,9,165,2,595,8,225,3,0,0,3760,49,3845,51,860,11,3465,46,3280,43
"E","East Midlands","37","Nottinghamshire","37UE","Gedling",,,8170,1220,15,4220,52,990,12,655,8,175,2,680,8,230,3,0,0,4045,50,4125,50,955,12,3935,48,3280,40
"E","East Midlands","37","Nottinghamshire","37UF","Mansfield",,,12290,1645,13,6905,56,1440,12,1045,9,260,2,800,7,195,2,0,0,6455,53,5835,47,1660,14,6055,49,4575,37
"E","East Midlands","37","Nottinghamshire","37UG","Newark and Sherwood",,,8980,1085,12,4855,54,1145,13,830,9,235,3,605,7,225,3,0,0,4500,50,4480,50,1075,12,4330,48,3575,40
"E","East Midlands","37","Nottinghamshire","37UJ","Rushcliffe",,,4975,680,14,2575,52,460,9,410,8,125,3,475,10,250,5,0,0,2500,50,2475,50,500,10,2345,47,2130,43
"F","West Midlands",,,"00CN","Birmingham",,,134190,35745,27,54390,41,22725,17,8790,7,4125,3,6455,5,1960,1,0,0,68830,51,65360,49,22030,16,74655,56,37495,28
"F","West Midlands",,,"00CQ","Coventry",,,32825,6875,21,15115,46,5450,17,1950,6,900,3,1900,6,635,2,0,0,16545,50,16280,50,5085,15,17335,53,10405,32
"F","West Midlands",,,"00CR","Dudley",,,29800,6830,23,13130,44,3815,13,2450,8,930,3,1925,6,720,2,0,0,15825,53,13975,47,4210,14,14650,49,10935,37
"F","West Midlands",,,"00CS","Sandwell",,,37545,8570,23,16290,43,5700,15,2825,8,1325,4,2140,6,695,2,0,0,19355,52,18190,48,5660,15,19150,51,12735,34
"F","West Midlands",,,"00CT","Solihull",,,14725,2565,17,6970,47,2220,15,1085,7,365,2,1045,7,475,3,0,0,7130,48,7595,52,2085,14,7250,49,5385,37
"F","West Midlands",,,"00CU","Walsall",,,29575,6435,22,13295,45,4205,14,2425,8,940,3,1685,6,590,2,0,0,15120,51,14455,49,4790,16,14690,50,10095,34
"F","West Midlands",,,"00CW","Wolverhampton",,,31455,7805,25,13530,43,5070,16,2165,7,930,3,1440,5,515,2,0,0,16105,51,15350,49,5110,16,16425,52,9915,32
"F","West Midlands",,,"00GA","Herefordshire, County of",,,11615,1590,14,5810,50,1420,12,1045,9,385,3,970,8,395,3,0,0,5745,49,5870,51,1465,13,5730,49,4420,38
"F","West Midlands",,,"00GF","Telford and Wrekin",,,16145,2440,15,7765,48,2625,16,1420,9,370,2,1180,7,345,2,0,0,7540,47,8605,53,2435,15,8165,51,5545,34
"F","West Midlands",,,"00GL","Stoke-on-Trent",,,33215,4930,15,19270,58,4020,12,2085,6,760,2,1640,5,510,2,0,0,17050,51,16165,49,4610,14,16715,50,11885,36
"F","West Midlands","39","Shropshire","39UB","Bridgnorth",,,2905,375,13,1580,54,220,8,290,10,85,3,235,8,120,4,0,0,1510,52,1395,48,265,9,1215,42,1425,49
"F","West Midlands","39","Shropshire","39UC","North Shropshire",,,3820,495,13,2030,53,400,10,345,9,110,3,300,8,140,4,0,0,1890,49,1930,51,445,12,1785,47,1590,42
"F","West Midlands","39","Shropshire","39UD","Oswestry",,,3015,460,15,1635,54,290,10,230,8,60,2,225,7,115,4,0,0,1510,50,1505,50,440,15,1420,47,1155,38
"F","West Midlands","39","Shropshire","39UE","Shrewsbury and Atcham",,,6600,925,14,3490,53,710,11,520,8,145,2,590,9,220,3,0,0,3405,52,3195,48,850,13,3230,49,2520,38
"F","West Midlands","39","Shropshire","39UF","South Shropshire",,,2420,275,11,1280,53,245,10,245,10,85,4,210,9,80,3,0,0,1210,50,1210,50,230,10,1070,44,1120,46
"F","West Midlands","41","Staffordshire","41UB","Cannock Chase",,,8590,1310,15,4425,52,920,11,875,10,215,3,650,8,195,2,0,0,4280,50,4310,50,1145,13,4025,47,3420,40
"F","West Midlands","41","Staffordshire","41UC","East Staffordshire",,,7810,1185,15,3855,49,1070,14,665,9,230,3,555,7,250,3,0,0,3820,49,3990,51,1080,14,4020,51,2710,35
"F","West Midlands","41","Staffordshire","41UD","Lichfield",,,6055,835,14,3030,50,655,11,585,10,185,3,540,9,225,4,0,0,3040,50,3015,50,680,11,2805,46,2570,42
"F","West Midlands","41","Staffordshire","41UE","Newcastle-under-Lyme",,,10715,1360,13,6345,59,1030,10,805,8,220,2,660,6,295,3,0,0,5505,51,5210,49,1265,12,5010,47,4440,41
"F","West Midlands","41","Staffordshire","41UF","South Staffordshire",,,6240,1080,17,2940,47,625,10,615,10,160,3,540,9,280,4,0,0,3085,49,3155,51,685,11,2825,45,2730,44
"F","West Midlands","41","Staffordshire","41UG","Stafford",,,7990,1500,19,4135,52,745,9,595,7,150,2,625,8,240,3,0,0,4130,52,3860,48,1120,14,3750,47,3120,39
"F","West Midlands","41","Staffordshire","41UH","Staffordshire Moorlands",,,6885,615,9,4390,64,495,7,575,8,135,2,450,7,225,3,0,0,3505,51,3380,49,605,9,2975,43,3305,48
"F","West Midlands","41","Staffordshire","41UK","Tamworth",,,6575,1080,16,3030,46,915,14,585,9,180,3,580,9,205,3,0,0,3090,47,3485,53,950,14,3090,47,2535,39
"F","West Midlands","44","Warwickshire","44UB","North Warwickshire",,,4470,620,14,2255,50,495,11,445,10,125,3,405,9,125,3,0,0,2190,49,2280,51,495,11,2030,45,1945,44
"F","West Midlands","44","Warwickshire","44UC","Nuneaton and Bedworth",,,11200,1915,17,5505,49,1475,13,910,8,270,2,830,7,295,3,0,0,5555,50,5645,50,1545,14,5405,48,4250,38
"F","West Midlands","44","Warwickshire","44UD","Rugby",,,5755,1045,18,2640,46,780,14,440,8,170,3,460,8,220,4,0,0,2835,49,2920,51,775,13,2870,50,2110,37
"F","West Midlands","44","Warwickshire","44UE","Stratford-on-Avon",,,5485,845,15,2575,47,605,11,485,9,170,3,565,10,240,4,0,0,2615,48,2870,52,540,10,2670,49,2270,41
"F","West Midlands","44","Warwickshire","44UF","Warwick",,,7195,1325,18,3440,48,945,13,455,6,190,3,560,8,280,4,0,0,3615,50,3580,50,895,12,3730,52,2570,36
"F","West Midlands","47","Worcestershire","47UB","Bromsgrove",,,4765,800,17,2315,49,445,9,450,9,160,3,415,9,180,4,0,0,2395,50,2370,50,600,13,2180,46,1985,42
"F","West Midlands","47","Worcestershire","47UC","Malvern Hills",,,4250,475,11,2245,53,465,11,375,9,150,4,350,8,190,4,0,0,2075,49,2175,51,530,12,2025,48,1695,40
"F","West Midlands","47","Worcestershire","47UD","Redditch",,,6915,1265,18,3160,46,980,14,565,8,185,3,580,8,180,3,0,0,3255,47,3660,53,1025,15,3350,48,2540,37
"F","West Midlands","47","Worcestershire","47UE","Worcester",,,7235,1215,17,3485,48,1000,14,550,8,250,3,535,7,200,3,0,0,3580,49,3655,51,1090,15,3745,52,2400,33
"F","West Midlands","47","Worcestershire","47UF","Wychavon",,,6500,995,15,3175,49,750,12,565,9,205,3,560,9,250,4,0,0,3135,48,3365,52,740,11,3155,49,2605,40
"F","West Midlands","47","Worcestershire","47UG","Wyre Forest",,,7985,1235,15,4105,51,970,12,665,8,295,4,530,7,185,2,0,0,4035,51,3950,49,1090,14,3755,47,3140,39
"G","East of England",,,"00JA","Peterborough",,,15370,2765,18,6990,45,2775,18,1150,7,390,3,975,6,325,2,0,0,7125,46,8245,54,2505,16,8290,54,4575,30
"G","East of England",,,"00KA","Luton",,,17745,4000,23,7395,42,3295,19,1240,7,520,3,915,5,380,2,0,0,8565,48,9180,52,2675,15,9965,56,5105,29
"G","East of England",,,"00KF","Southend-on-Sea",,,15145,2855,19,7145,47,2580,17,980,6,515,3,775,5,295,2,0,0,7535,50,7610,50,2050,14,8235,54,4850,32
"G","East of England",,,"00KG","Thurrock",,,12095,2135,18,5210,43,2350,19,980,8,350,3,805,7,265,2,0,0,5430,45,6665,55,1865,15,6380,53,3850,32
"G","East of England","09","Bedfordshire","09UC","Mid Bedfordshire",,,5485,745,14,2595,47,765,14,475,9,145,3,505,9,255,5,0,0,2440,44,3045,56,615,11,2755,50,2115,39
"G","East of England","09","Bedfordshire","09UD","Bedford",,,11410,2195,19,5255,46,1945,17,735,6,295,3,635,6,350,3,0,0,5395,47,6015,53,1545,14,6310,55,3555,31
"G","East of England","09","Bedfordshire","09UE","South Bedfordshire",,,7230,1200,17,3120,43,1385,19,505,7,175,2,595,8,250,3,0,0,3260,45,3970,55,1095,15,3805,53,2330,32
"G","East of England","12","Cambridgeshire","12UB","Cambridge",,,6760,1320,20,3360,50,1030,15,315,5,180,3,420,6,135,2,0,0,3455,51,3305,49,975,14,3925,58,1860,28
"G","East of England","12","Cambridgeshire","12UC","East Cambridgeshire",,,3760,590,16,1785,47,490,13,355,9,105,3,300,8,135,4,0,0,1730,46,2030,54,445,12,1840,49,1475,39
"G","East of England","12","Cambridgeshire","12UD","Fenland",,,7655,1170,15,3830,50,1035,14,700,9,240,3,500,7,180,2,0,0,3555,46,4100,54,1085,14,3670,48,2900,38
"G","East of England","12","Cambridgeshire","12UE","Huntingdonshire",,,8180,1145,14,3815,47,1085,13,760,9,205,3,790,10,380,5,0,0,3735,46,4445,54,1150,14,4115,50,2915,36
"G","East of England","12","Cambridgeshire","12UG","South Cambridgeshire",,,5420,655,12,2595,48,680,13,440,8,135,2,640,12,275,5,0,0,2525,47,2895,53,670,12,2835,52,1915,35
"G","East of England","22","Essex","22UB","Basildon",,,14630,2185,15,6610,45,3015,21,1085,7,420,3,955,7,360,2,0,0,6430,44,8200,56,2140,15,7985,55,4505,31
"G","East of England","22","Essex","22UC","Braintree",,,8405,1305,16,4055,48,1260,15,650,8,235,3,615,7,285,3,0,0,3875,46,4530,54,1065,13,4315,51,3025,36
"G","East of England","22","Essex","22UD","Brentwood",,,3415,380,11,1730,51,545,16,275,8,100,3,245,7,140,4,0,0,1545,45,1870,55,370,11,1775,52,1270,37
"G","East of England","22","Essex","22UE","Castle Point",,,5795,785,14,2710,47,915,16,550,9,215,4,420,7,200,3,0,0,2630,45,3165,55,715,12,2705,47,2375,41
"G","East of England","22","Essex","22UF","Chelmsford",,,8350,1365,16,3780,45,1280,15,660,8,175,2,750,9,340,4,0,0,3815,46,4535,54,1040,12,4470,54,2840,34
"G","East of England","22","Essex","22UG","Colchester",,,11190,1655,15,5570,50,1750,16,805,7,260,2,835,7,315,3,0,0,5265,47,5925,53,1625,15,5940,53,3620,32
"G","East of England","22","Essex","22UH","Epping Forest",,,7365,1175,16,3320,45,1335,18,515,7,215,3,510,7,295,4,0,0,3270,44,4095,56,820,11,3965,54,2570,35
"G","East of England","22","Essex","22UJ","Harlow",,,7000,1395,20,2985,43,1390,20,435,6,200,3,445,6,150,2,0,0,3105,44,3895,56,1040,15,3920,56,2040,29
"G","East of England","22","Essex","22UK","Maldon",,,3430,485,14,1620,47,415,12,335,10,115,3,310,9,150,4,0,0,1615,47,1815,53,400,12,1640,48,1390,41
"G","East of England","22","Essex","22UL","Rochford",,,4030,520,13,1975,49,515,13,370,9,100,2,365,9,185,5,0,0,1860,46,2170,54,450,11,1935,48,1645,41
"G","East of England","22","Essex","22UN","Tendring",,,12665,1925,15,6585,52,1680,13,1035,8,410,3,730,6,300,2,0,0,6505,51,6160,49,1455,11,6000,47,5210,41
"G","East of England","22","Essex","22UQ","Uttlesford",,,2660,365,14,1220,46,330,12,260,10,55,2,280,11,150,6,0,0,1230,46,1430,54,245,9,1320,50,1090,41
"G","East of England","26","Hertfordshire","26UB","Broxbourne",,,6095,940,15,2610,43,1240,20,505,8,180,3,425,7,195,3,0,0,2565,42,3530,58,830,14,3360,55,1905,31
"G","East of England","26","Hertfordshire","26UC","Dacorum",,,7950,1540,19,3430,43,1305,16,580,7,165,2,610,8,320,4,0,0,3695,46,4255,54,1080,14,4270,54,2600,33
"G","East of England","26","Hertfordshire","26UD","East Hertfordshire",,,5430,825,15,2565,47,730,13,435,8,95,2,505,9,275,5,0,0,2435,45,2995,55,675,12,2875,53,1880,35
"G","East of England","26","Hertfordshire","26UE","Hertsmere",,,5525,870,16,2510,45,1070,19,375,7,165,3,350,6,185,3,0,0,2460,45,3065,55,620,11,3050,55,1855,34
"G","East of England","26","Hertfordshire","26UF","North Hertfordshire",,,6225,940,15,2835,46,1005,16,520,8,190,3,485,8,250,4,0,0,2785,45,3440,55,775,12,3300,53,2150,35
"G","East of England","26","Hertfordshire","26UG","St Albans",,,5860,760,13,2860,49,870,15,480,8,150,3,460,8,280,5,0,0,2720,46,3140,54,650,11,3230,55,1980,34
"G","East of England","26","Hertfordshire","26UH","Stevenage",,,6145,1000,16,2560,42,1255,20,495,8,180,3,500,8,155,3,0,0,2830,46,3315,54,995,16,3535,58,1615,26
"G","East of England","26","Hertfordshire","26UJ","Three Rivers",,,4065,545,13,1890,46,680,17,320,8,100,2,355,9,175,4,0,0,1845,45,2220,55,475,12,2205,54,1385,34
"G","East of England","26","Hertfordshire","26UK","Watford",,,5395,970,18,2475,46,885,16,345,6,170,3,375,7,175,3,0,0,2570,48,2825,52,685,13,3020,56,1690,31
"G","East of England","26","Hertfordshire","26UL","Welwyn Hatfield",,,6165,1030,17,2835,46,1085,18,425,7,160,3,415,7,215,3,0,0,2845,46,3320,54,910,15,3430,56,1825,30
"G","East of England","33","Norfolk","33UB","Breckland",,,8495,1410,17,4055,48,1040,12,835,10,255,3,670,8,230,3,0,0,4140,49,4355,51,1065,13,4140,49,3290,39
"G","East of England","33","Norfolk","33UC","Broadland",,,6585,830,13,3565,54,635,10,590,9,140,2,545,8,280,4,0,0,3190,48,3395,52,645,10,3230,49,2710,41
"G","East of England","33","Norfolk","33UD","Great Yarmouth",,,10795,2280,21,5100,47,1290,12,930,9,415,4,585,5,195,2,0,0,5615,52,5180,48,1615,15,5245,49,3935,36
"G","East of England","33","Norfolk","33UE","King's Lynn and West Norfolk",,,11605,1815,16,6025,52,1330,11,1085,9,355,3,750,6,245,2,0,0,5855,50,5750,50,1500,13,5575,48,4530,39
"G","East of England","33","Norfolk","33UF","North Norfolk",,,7075,960,14,3865,55,700,10,580,8,265,4,480,7,225,3,0,0,3710,52,3365,48,825,12,3245,46,3005,42
"G","East of England","33","Norfolk","33UG","Norwich",,,13915,2975,21,6770,49,2080,15,820,6,360,3,715,5,195,1,0,0,7315,53,6600,47,2230,16,7780,56,3905,28
"G","East of England","33","Norfolk","33UH","South Norfolk",,,6100,910,15,3135,51,640,10,565,9,145,2,465,8,240,4,0,0,2985,49,3115,51,650,11,2930,48,2520,41
"G","East of England","42","Suffolk","42UB","Babergh",,,4395,625,14,2075,47,540,12,440,10,150,3,405,9,160,4,0,0,2085,47,2310,53,510,12,2195,50,1690,38
"G","East of England","42","Suffolk","42UC","Forest Heath",,,2760,425,15,1295,47,380,14,235,9,105,4,240,9,80,3,0,0,1280,46,1480,54,345,13,1330,48,1085,39
"G","East of England","42","Suffolk","42UD","Ipswich",,,11425,2365,21,4930,43,1815,16,945,8,410,4,755,7,205,2,0,0,5650,49,5775,51,1890,17,6120,54,3415,30
"G","East of England","42","Suffolk","42UE","Mid Suffolk",,,4245,540,13,2010,47,490,12,480,11,160,4,385,9,180,4,0,0,1960,46,2285,54,510,12,1995,47,1740,41
"G","East of England","42","Suffolk","42UF","St Edmundsbury",,,5760,1005,17,2665,46,740,13,475,8,180,3,500,9,195,3,0,0,2745,48,3015,52,770,13,2945,51,2045,36
"G","East of England","42","Suffolk","42UG","Suffolk Coastal",,,6155,735,12,2930,48,750,12,730,12,235,4,545,9,230,4,0,0,2920,47,3235,53,680,11,2910,47,2565,42
"G","East of England","42","Suffolk","42UH","Waveney",,,10915,2145,20,4950,45,1435,13,1045,10,380,3,730,7,230,2,0,0,5435,50,5480,50,1505,14,5355,49,4055,37
"H","London",,,"00AA","City of London",,,425,115,27,190,45,40,9,20,5,30,7,20,5,10,2,0,0,260,61,165,39,60,14,230,54,135,32
"H","London",,,"00AB","Barking and Dagenham",,,21730,4170,19,8530,39,5735,26,1235,6,675,3,1125,5,260,1,0,0,9375,43,12355,57,3560,16,12650,58,5515,25
"H","London",,,"00AC","Barnet",,,24925,5130,21,10230,41,5350,21,1390,6,900,4,1340,5,585,2,0,0,11175,45,13750,55,3045,12,14755,59,7115,29
"H","London",,,"00AD","Bexley",,,15900,2830,18,6550,41,3300,21,1115,7,505,3,1105,7,495,3,0,0,6990,44,8910,56,2135,13,8535,54,5230,33
"H","London",,,"00AE","Brent",,,30345,7105,23,12845,42,6315,21,1305,4,1180,4,1135,4,460,2,0,0,14800,49,15545,51,3735,12,18450,61,8145,27
"H","London",,,"00AF","Bromley",,,19680,3540,18,8520,43,4090,21,1205,6,560,3,1170,6,595,3,0,0,8900,45,10780,55,2725,14,10925,56,6025,31
"H","London",,,"00AG","Camden",,,24465,5310,22,11605,47,4480,18,1005,4,1020,4,810,3,235,1,0,0,12280,50,12185,50,2655,11,15300,63,6500,27
"H","London",,,"00AH","Croydon",,,30025,5975,20,12015,40,7355,24,1350,4,1085,4,1545,5,700,2,0,0,13345,44,16680,56,4345,14,17765,59,7910,26
"H","London",,,"00AJ","Ealing",,,29245,5995,20,12935,44,5960,20,1400,5,1135,4,1280,4,540,2,0,0,13830,47,15415,53,3505,12,17125,59,8610,29
"H","London",,,"00AK","Enfield",,,30375,6360,21,12340,41,7160,24,1355,4,1325,4,1295,4,540,2,0,0,13490,44,16885,56,4535,15,18045,59,7770,26
"H","London",,,"00AL","Greenwich",,,27665,5780,21,11265,41,6740,24,1395,5,975,4,1135,4,375,1,0,0,12420,45,15245,55,4530,16,16085,58,7045,25
"H","London",,,"00AM","Hackney",,,32680,7565,23,13245,41,7705,24,1250,4,1765,5,950,3,200,1,0,0,15560,48,17120,52,4405,13,20375,62,7895,24
"H","London",,,"00AN","Hammersmith and Fulham",,,18030,3820,21,8160,45,3880,22,640,4,755,4,600,3,175,1,0,0,8720,48,9310,52,2135,12,11045,61,4835,27
"H","London",,,"00AP","Haringey",,,31235,7785,25,12435,40,7270,23,1060,3,1415,5,935,3,335,1,0,0,14705,47,16530,53,4350,14,19725,63,7150,23
"H","London",,,"00AQ","Harrow",,,15835,2905,18,6870,43,2980,19,1040,7,505,3,1020,6,515,3,0,0,7030,44,8805,56,1920,12,9035,57,4875,31
"H","London",,,"00AR","Havering",,,16715,2560,15,7630,46,3020,18,1315,8,470,3,1215,7,505,3,0,0,7445,45,9270,55,2195,13,8715,52,5805,35
"H","London",,,"00AS","Hillingdon",,,19655,3385,17,8300,42,4510,23,1145,6,680,3,1085,6,550,3,0,0,8435,43,11220,57,2895,15,11065,56,5690,29
"H","London",,,"00AT","Hounslow",,,20085,3495,17,8805,44,4375,22,1020,5,855,4,1070,5,465,2,0,0,8810,44,11275,56,2600,13,11480,57,6005,30
"H","London",,,"00AU","Islington",,,27835,6115,22,12310,44,6120,22,970,3,1270,5,875,3,175,1,0,0,13095,47,14740,53,3570,13,17405,63,6845,25
"H","London",,,"00AW","Kensington and Chelsea",,,12635,2545,20,6290,50,2220,18,420,3,550,4,440,3,170,1,0,0,6290,50,6345,50,1130,9,7690,61,3805,30
"H","London",,,"00AX","Kingston upon Thames",,,7975,1385,17,3675,46,1510,19,450,6,245,3,470,6,240,3,0,0,3700,46,4275,54,980,12,4430,56,2565,32
"H","London",,,"00AY","Lambeth",,,35050,8740,25,14165,40,8445,24,955,3,1335,4,1090,3,320,1,0,0,16960,48,18090,52,4845,14,22095,63,8095,23
"H","London",,,"00AZ","Lewisham",,,30600,7220,24,12195,40,7420,24,1165,4,1085,4,1165,4,350,1,0,0,14420,47,16180,53,4680,15,18695,61,7220,24
"H","London",,,"00BA","Merton",,,12665,2985,24,5065,40,2605,21,630,5,440,3,665,5,275,2,0,0,5850,46,6815,54,1785,14,7150,56,3725,29
"H","London",,,"00BB","Newham",,,34930,7820,22,13220,38,8240,24,2000,6,1725,5,1500,4,425,1,0,0,15965,46,18965,54,4955,14,21335,61,8630,25
"H","London",,,"00BC","Redbridge",,,21815,4310,20,9140,42,4370,20,1475,7,780,4,1230,6,510,2,0,0,9690,44,12125,56,3040,14,12235,56,6535,30
"H","London",,,"00BD","Richmond upon Thames",,,8610,1610,19,3895,45,1465,17,445,5,300,3,545,6,350,4,0,0,4030,47,4580,53,945,11,4765,55,2900,34
"H","London",,,"00BE","Southwark",,,33415,7855,24,13855,41,7960,24,1190,4,1155,3,1090,3,310,1,0,0,15880,48,17535,52,4705,14,20605,62,8100,24
"H","London",,,"00BF","Sutton",,,11935,2195,18,5145,43,2350,20,770,6,310,3,775,6,390,3,0,0,5245,44,6690,56,1690,14,6670,56,3570,30
"H","London",,,"00BG","Tower Hamlets",,,30605,8205,27,11470,37,5925,19,1925,6,1805,6,955,3,320,1,0,0,15610,51,14995,49,4630,15,18750,61,7220,24
"H","London",,,"00BH","Waltham Forest",,,25960,6375,25,9975,38,5800,22,1320,5,985,4,1155,4,350,1,0,0,12260,47,13700,53,3720,14,15380,59,6855,26
"H","London",,,"00BJ","Wandsworth",,,22245,4855,22,9710,44,4565,21,900,4,865,4,960,4,390,2,0,0,10675,48,11570,52,2765,12,13335,60,6130,28
"H","London",,,"00BK","Westminster",,,20480,3975,19,10340,50,3370,16,960,5,950,5,695,3,190,1,0,0,10490,51,9990,49,2065,10,12865,63,5540,27
"J","South East",,,"00LC","Medway",,,21300,4185,20,8740,41,3925,18,1710,8,640,3,1500,7,600,3,0,0,9905,47,11395,53,3290,15,11385,53,6625,31
"J","South East",,,"00MA","Bracknell Forest",,,5460,835,15,2530,46,940,17,405,7,155,3,390,7,205,4,0,0,2565,47,2895,53,730,13,3055,56,1675,31
"J","South East",,,"00MB","West Berkshire",,,6655,970,15,3095,47,1035,16,530,8,185,3,540,8,300,5,0,0,3095,47,3560,53,890,13,3530,53,2235,34
"J","South East",,,"00MC","Reading",,,10645,2275,21,4490,42,2175,20,555,5,355,3,530,5,265,2,0,0,5100,48,5545,52,1735,16,6095,57,2815,26
"J","South East",,,"00MD","Slough",,,10370,1960,19,4635,45,2115,20,580,6,330,3,465,4,285,3,0,0,4800,46,5570,54,1330,13,5960,57,3080,30
"J","South East",,,"00ME","Windsor and Maidenhead",,,5805,1020,18,2655,46,875,15,390,7,170,3,410,7,285,5,0,0,2765,48,3040,52,690,12,3045,52,2070,36
"J","South East",,,"00MF","Wokingham",,,5090,760,15,2340,46,660,13,440,9,110,2,470,9,310,6,0,0,2380,47,2710,53,630,12,2695,53,1765,35
"J","South East",,,"00MG","Milton Keynes",,,17235,3315,19,7610,44,3215,19,1025,6,480,3,1190,7,400,2,0,0,7860,46,9375,54,2530,15,9465,55,5240,30
"J","South East",,,"00ML","Brighton and Hove",,,24640,4945,20,12490,51,3605,15,1210,5,635,3,1350,5,405,2,0,0,12945,53,11695,47,2955,12,14475,59,7205,29
"J","South East",,,"00MR","Portsmouth",,,16525,2790,17,7805,47,3115,19,1010,6,625,4,840,5,340,2,0,0,8070,49,8455,51,2460,15,8985,54,5080,31
"J","South East",,,"00MS","Southampton",,,20160,3340,17,9595,48,3660,18,1265,6,640,3,1295,6,365,2,0,0,10015,50,10145,50,3160,16,10885,54,6115,30
"J","South East",,,"00MW","Isle of Wight",,,12140,1785,15,6270,52,1680,14,890,7,435,4,775,6,305,3,0,0,6335,52,5805,48,1510,12,5845,48,4785,39
"J","South East","11","Buckinghamshire","11UB","Aylesbury Vale",,,7665,975,13,3665,48,1130,15,685,9,160,2,705,9,345,5,0,0,3415,45,4250,55,915,12,4110,54,2635,34
"J","South East","11","Buckinghamshire","11UC","Chiltern",,,3660,605,17,1730,47,465,13,270,7,85,2,310,8,195,5,0,0,1765,48,1895,52,405,11,1945,53,1310,36
"J","South East","11","Buckinghamshire","11UE","South Bucks",,,2455,360,15,1120,46,380,15,210,9,80,3,190,8,115,5,0,0,1085,44,1370,56,280,11,1265,52,910,37
"J","South East","11","Buckinghamshire","11UF","Wycombe",,,8140,1520,19,3470,43,1270,16,690,8,235,3,620,8,335,4,0,0,3790,47,4350,53,1090,13,4420,54,2630,32
"J","South East","21","East Sussex","21UC","Eastbourne",,,8180,1480,18,4155,51,1200,15,490,6,260,3,410,5,185,2,0,0,4070,50,4110,50,1115,14,4290,52,2775,34
"J","South East","21","East Sussex","21UD","Hastings",,,10635,1735,16,5615,53,1620,15,640,6,375,4,480,5,170,2,0,0,5600,53,5035,47,1520,14,5565,52,3550,33
"J","South East","21","East Sussex","21UF","Lewes",,,5790,830,14,2845,49,855,15,430,7,190,3,440,8,200,3,0,0,2835,49,2955,51,720,12,2825,49,2245,39
"J","South East","21","East Sussex","21UG","Rother",,,5905,800,14,3055,52,800,14,475,8,175,3,405,7,195,3,0,0,2855,48,3050,52,700,12,2760,47,2440,41
"J","South East","21","East Sussex","21UH","Wealden",,,6545,745,11,3435,52,775,12,600,9,195,3,475,7,320,5,0,0,3055,47,3490,53,715,11,3130,48,2700,41
"J","South East","24","Hampshire","24UB","Basingstoke and Deane",,,7775,1170,15,3595,46,1285,17,555,7,190,2,670,9,310,4,0,0,3320,43,4455,57,1090,14,4230,54,2450,32
"J","South East","24","Hampshire","24UC","East Hampshire",,,4845,630,13,2355,49,645,13,420,9,150,3,420,9,225,5,0,0,2250,46,2595,54,665,14,2525,52,1655,34
"J","South East","24","Hampshire","24UD","Eastleigh",,,6045,840,14,2860,47,835,14,505,8,135,2,610,10,260,4,0,0,2745,45,3300,55,775,13,3065,51,2200,36
"J","South East","24","Hampshire","24UE","Fareham",,,4615,705,15,2185,47,520,11,405,9,115,2,460,10,225,5,0,0,2240,49,2375,51,530,11,2320,50,1765,38
"J","South East","24","Hampshire","24UF","Gosport",,,5365,740,14,2480,46,965,18,440,8,160,3,410,8,170,3,0,0,2425,45,2940,55,860,16,2840,53,1665,31
"J","South East","24","Hampshire","24UG","Hart",,,2745,415,15,1185,43,360,13,260,9,75,3,285,10,165,6,0,0,1205,44,1540,56,315,11,1430,52,1000,36
"J","South East","24","Hampshire","24UH","Havant",,,9430,1475,16,4310,46,1590,17,870,9,295,3,655,7,235,2,0,0,4465,47,4965,53,1350,14,4900,52,3180,34
"J","South East","24","Hampshire","24UJ","New Forest",,,8860,805,9,4530,51,1250,14,845,10,275,3,775,9,380,4,0,0,4140,47,4720,53,1100,12,4310,49,3450,39
"J","South East","24","Hampshire","24UL","Rushmoor",,,4910,765,16,2230,45,895,18,350,7,115,2,405,8,150,3,0,0,2200,45,2710,55,760,15,2790,57,1360,28
"J","South East","24","Hampshire","24UN","Test Valley",,,5155,575,11,2425,47,700,14,530,10,165,3,510,10,250,5,0,0,2295,45,2860,55,680,13,2620,51,1855,36
"J","South East","24","Hampshire","24UP","Winchester",,,4480,605,14,2225,50,510,11,385,9,145,3,385,9,225,5,0,0,2220,50,2260,50,525,12,2390,53,1565,35
"J","South East","29","Kent","29UB","Ashford",,,7095,980,14,3370,47,1170,16,605,9,210,3,555,8,205,3,0,0,3265,46,3830,54,995,14,3715,52,2385,34
"J","South East","29","Kent","29UC","Canterbury",,,9890,1515,15,4880,49,1345,14,840,8,300,3,710,7,300,3,0,0,4910,50,4980,50,1345,14,4915,50,3630,37
"J","South East","29","Kent","29UD","Dartford",,,6105,1080,18,2710,44,1080,18,465,8,155,3,430,7,185,3,0,0,2840,47,3265,53,900,15,3230,53,1975,32
"J","South East","29","Kent","29UE","Dover",,,9520,1790,19,4590,48,1280,13,740,8,285,3,590,6,245,3,0,0,4945,52,4575,48,1255,13,4600,48,3665,38
"J","South East","29","Kent","29UG","Gravesham",,,7885,1615,20,3425,43,1295,16,605,8,245,3,465,6,235,3,0,0,3780,48,4105,52,1170,15,4110,52,2605,33
"J","South East","29","Kent","29UH","Maidstone",,,8750,1315,15,4060,46,1445,17,680,8,280,3,670,8,300,3,0,0,4070,47,4680,53,1200,14,4560,52,2985,34
"J","South East","29","Kent","29UK","Sevenoaks",,,5400,700,13,2555,47,910,17,455,8,110,2,440,8,230,4,0,0,2415,45,2985,55,625,12,2835,53,1940,36
"J","South East","29","Kent","29UL","Shepway",,,9200,1735,19,4430,48,1310,14,660,7,310,3,545,6,210,2,0,0,4785,52,4415,48,1195,13,4760,52,3245,35
"J","South East","29","Kent","29UM","Swale",,,11355,1975,17,5205,46,1890,17,920,8,400,4,720,6,245,2,0,0,5495,48,5860,52,1845,16,5710,50,3800,33
"J","South East","29","Kent","29UN","Thanet",,,14260,2695,19,6770,47,2050,14,1090,8,540,4,870,6,245,2,0,0,7455,52,6805,48,1985,14,7040,49,5235,37
"J","South East","29","Kent","29UP","Tonbridge and Malling",,,5725,860,15,2620,46,890,16,505,9,145,3,465,8,240,4,0,0,2685,47,3040,53,665,12,3020,53,2040,36
"J","South East","29","Kent","29UQ","Tunbridge Wells",,,5435,660,12,2705,50,895,16,415,8,165,3,400,7,195,4,0,0,2600,48,2835,52,700,13,2960,54,1775,33
"J","South East","38","Oxfordshire","38UB","Cherwell",,,6895,1010,15,3310,48,1060,15,500,7,200,3,585,8,230,3,0,0,3095,45,3800,55,1045,15,3665,53,2185,32
"J","South East","38","Oxfordshire","38UC","Oxford",,,9550,1725,18,4500,47,1745,18,475,5,335,4,550,6,220,2,0,0,4780,50,4770,50,1520,16,5520,58,2510,26
"J","South East","38","Oxfordshire","38UD","South Oxfordshire",,,5015,685,14,2355,47,730,15,365,7,130,3,470,9,280,6,0,0,2310,46,2705,54,585,12,2645,53,1785,36
"J","South East","38","Oxfordshire","38UE","Vale of White Horse",,,4715,535,11,2310,49,640,14,405,9,110,2,500,11,215,5,0,0,2165,46,2550,54,565,12,2475,52,1675,36
"J","South East","38","Oxfordshire","38UF","West Oxfordshire",,,3755,400,11,1825,49,475,13,335,9,135,4,380,10,205,5,0,0,1730,46,2025,54,460,12,1920,51,1375,37
"J","South East","43","Surrey","43UB","Elmbridge",,,4800,685,14,2235,47,835,17,340,7,115,2,355,7,235,5,0,0,2175,45,2625,55,570,12,2640,55,1590,33
"J","South East","43","Surrey","43UC","Epsom and Ewell",,,3060,370,12,1530,50,420,14,245,8,70,2,275,9,150,5,0,0,1405,46,1655,54,315,10,1620,53,1125,37
"J","South East","43","Surrey","43UD","Guildford",,,5485,805,15,2660,48,870,16,380,7,120,2,450,8,200,4,0,0,2545,46,2940,54,710,13,2995,55,1780,32
"J","South East","43","Surrey","43UE","Mole Valley",,,3065,320,10,1560,51,360,12,275,9,60,2,320,10,170,6,0,0,1475,48,1590,52,290,9,1525,50,1250,41
"J","South East","43","Surrey","43UF","Reigate and Banstead",,,6000,705,12,3020,50,950,16,425,7,135,2,495,8,270,5,0,0,2750,46,3250,54,775,13,3185,53,2040,34
"J","South East","43","Surrey","43UG","Runnymede",,,3305,500,15,1535,46,545,16,205,6,100,3,295,9,125,4,0,0,1550,47,1755,53,380,11,1710,52,1215,37
"J","South East","43","Surrey","43UH","Spelthorne",,,4725,745,16,2115,45,895,19,320,7,130,3,335,7,185,4,0,0,2175,46,2550,54,550,12,2595,55,1580,33
"J","South East","43","Surrey","43UJ","Surrey Heath",,,2925,420,14,1300,44,470,16,235,8,65,2,265,9,170,6,0,0,1290,44,1635,56,405,14,1550,53,970,33
"J","South East","43","Surrey","43UK","Tandridge",,,3400,355,10,1750,51,485,14,265,8,60,2,305,9,180,5,0,0,1535,45,1865,55,415,12,1695,50,1290,38
"J","South East","43","Surrey","43UL","Waverley",,,4460,515,12,2320,52,595,13,310,7,95,2,385,9,240,5,0,0,2030,46,2430,54,490,11,2360,53,1610,36
"J","South East","43","Surrey","43UM","Woking",,,4340,630,15,2040,47,680,16,345,8,110,3,355,8,180,4,0,0,1980,46,2360,54,595,14,2330,54,1415,33
"J","South East","45","West Sussex","45UB","Adur",,,4125,530,13,2025,49,640,16,340,8,130,3,330,8,130,3,0,0,1885,46,2240,54,515,12,2115,51,1495,36
"J","South East","45","West Sussex","45UC","Arun",,,9400,1260,13,4930,52,1270,14,700,7,315,3,625,7,300,3,0,0,4655,50,4745,50,1010,11,4645,49,3745,40
"J","South East","45","West Sussex","45UD","Chichester",,,5320,800,15,2535,48,745,14,445,8,180,3,370,7,245,5,0,0,2605,49,2715,51,570,11,2650,50,2100,39
"J","South East","45","West Sussex","45UE","Crawley",,,6785,995,15,3180,47,1330,20,410,6,170,3,490,7,210,3,0,0,2930,43,3855,57,985,15,3730,55,2065,30
"J","South East","45","West Sussex","45UF","Horsham",,,5150,785,15,2470,48,695,13,430,8,130,3,420,8,220,4,0,0,2385,46,2765,54,640,12,2655,52,1855,36
"J","South East","45","West Sussex","45UG","Mid Sussex",,,5185,590,11,2675,52,690,13,385,7,140,3,435,8,270,5,0,0,2365,46,2820,54,615,12,2690,52,1880,36
"J","South East","45","West Sussex","45UH","Worthing",,,6930,825,12,3835,55,990,14,430,6,200,3,445,6,205,3,0,0,3450,50,3480,50,855,12,3620,52,2455,35
"K","South West",,,"00HA","Bath and North East Somerset",,,9535,1100,12,5100,53,1425,15,645,7,275,3,695,7,295,3,0,0,4660,49,4875,51,1155,12,5190,54,3190,33
"K","South West",,,"00HB","Bristol, City of",,,39275,6130,16,20535,52,6720,17,2245,6,965,2,2025,5,655,2,0,0,19840,51,19435,49,5600,14,22640,58,11030,28
"K","South West",,,"00HC","North Somerset",,,13495,1335,10,7890,58,1620,12,1005,7,330,2,915,7,400,3,0,0,6815,51,6680,49,1550,11,6930,51,5015,37
"K","South West",,,"00HD","South Gloucestershire",,,13315,1655,12,6745,51,1905,14,1130,8,275,2,1150,9,455,3,0,0,6175,46,7140,54,1675,13,6915,52,4720,35
"K","South West",,,"00HG","Plymouth",,,26425,3950,15,14130,53,3330,13,1980,7,700,3,1850,7,485,2,0,0,13405,51,13020,49,3935,15,13745,52,8745,33
"K","South West",,,"00HH","Torbay",,,14105,1930,14,7575,54,1790,13,1165,8,485,3,890,6,270,2,0,0,7325,52,6780,48,1610,11,7120,50,5375,38
"K","South West",,,"00HN","Bournemouth",,,14765,1955,13,8690,59,1930,13,715,5,480,3,700,5,295,2,0,0,8015,54,6750,46,1570,11,8330,56,4860,33
"K","South West",,,"00HP","Poole",,,9015,935,10,4825,54,1425,16,690,8,300,3,565,6,275,3,0,0,4220,47,4795,53,1110,12,4655,52,3250,36
"K","South West",,,"00HX","Swindon",,,13705,2350,17,6525,48,2205,16,860,6,390,3,1010,7,365,3,0,0,6375,47,7330,53,1980,14,7385,54,4340,32
"K","South West","15","Cornwall and Isles of Scilly","15UB","Caradon",,,5990,680,11,3210,54,610,10,620,10,175,3,520,9,175,3,0,0,2905,48,3085,52,675,11,2715,45,2600,43
"K","South West","15","Cornwall and Isles of Scilly","15UC","Carrick",,,6680,905,14,3580,54,745,11,585,9,210,3,470,7,185,3,0,0,3405,51,3275,49,790,12,3220,48,2670,40
"K","South West","15","Cornwall and Isles of Scilly","15UD","Kerrier",,,8895,890,10,4980,56,980,11,850,10,310,3,665,7,220,2,0,0,4575,51,4320,49,1030,12,4245,48,3620,41
"K","South West","15","Cornwall and Isles of Scilly","15UE","North Cornwall",,,6395,785,12,3385,53,715,11,600,9,220,3,485,8,205,3,0,0,3210,50,3185,50,720,11,3050,48,2625,41
"K","South West","15","Cornwall and Isles of Scilly","15UF","Penwith",,,6445,810,13,3615,56,735,11,555,9,215,3,395,6,120,2,0,0,3400,53,3045,47,665,10,3050,47,2730,42
"K","South West","15","Cornwall and Isles of Scilly","15UG","Restormel",,,8690,1185,14,4610,53,915,11,850,10,275,3,630,7,225,3,0,0,4475,51,4215,49,1060,12,4255,49,3370,39
"K","South West","15","Cornwall and Isles of Scilly","15UH","Isles of Scilly",,,45,5,11,20,44,5,11,5,11,0,0,5,11,5,11,0,0,25,56,20,44,0,0,20,44,25,56
"K","South West","18","Devon","18UB","East Devon",,,6935,675,10,3865,56,700,10,665,10,195,3,520,7,315,5,0,0,3425,49,3510,51,690,10,3245,47,2995,43
"K","South West","18","Devon","18UC","Exeter",,,8750,1180,13,4840,55,1125,13,545,6,250,3,620,7,190,2,0,0,4470,51,4280,49,1300,15,4715,54,2735,31
"K","South West","18","Devon","18UD","Mid Devon",,,4570,565,12,2425,53,480,11,410,9,130,3,365,8,195,4,0,0,2295,50,2275,50,620,14,2210,48,1740,38
"K","South West","18","Devon","18UE","North Devon",,,6870,875,13,3640,53,845,12,645,9,225,3,440,6,200,3,0,0,3480,51,3390,49,770,11,3350,49,2750,40
"K","South West","18","Devon","18UG","South Hams",,,4950,450,9,2710,55,570,12,490,10,150,3,405,8,175,4,0,0,2380,48,2570,52,485,10,2420,49,2045,41
"K","South West","18","Devon","18UH","Teignbridge",,,8175,815,10,4505,55,950,12,750,9,270,3,635,8,250,3,0,0,4100,50,4075,50,865,11,3845,47,3460,42
"K","South West","18","Devon","18UK","Torridge",,,4725,670,14,2465,52,470,10,500,11,165,3,325,7,130,3,0,0,2410,51,2315,49,535,11,2140,45,2050,43
"K","South West","18","Devon","18UL","West Devon",,,3060,295,10,1740,57,315,10,290,9,85,3,230,8,105,3,0,0,1535,50,1525,50,310,10,1415,46,1335,44
"K","South West","19","Dorset","19UC","Christchurch",,,2775,245,9,1445,52,390,14,260,9,115,4,220,8,100,4,0,0,1295,47,1480,53,280,10,1395,50,1100,40
"K","South West","19","Dorset","19UD","East Dorset",,,3810,360,9,1965,52,450,12,370,10,135,4,360,9,170,4,0,0,1795,47,2015,53,425,11,1715,45,1670,44
"K","South West","19","Dorset","19UE","North Dorset",,,3190,335,11,1670,52,390,12,295,9,100,3,270,8,130,4,0,0,1480,46,1710,54,355,11,1570,49,1265,40
"K","South West","19","Dorset","19UG","Purbeck",,,2315,190,8,1255,54,290,13,205,9,70,3,195,8,110,5,0,0,1080,47,1235,53,205,9,1140,49,970,42
"K","South West","19","Dorset","19UH","West Dorset",,,5400,510,9,3055,57,590,11,435,8,160,3,435,8,215,4,0,0,2620,49,2780,51,515,10,2620,49,2265,42
"K","South West","19","Dorset","19UJ","Weymouth and Portland",,,5940,710,12,3385,57,725,12,425,7,170,3,375,6,150,3,0,0,3110,52,2830,48,825,14,2895,49,2220,37
"K","South West","23","Gloucestershire","23UB","Cheltenham",,,7435,1510,20,3585,48,1085,15,455,6,195,3,410,6,195,3,0,0,3780,51,3655,49,1190,16,3895,52,2350,32
"K","South West","23","Gloucestershire","23UC","Cotswold",,,3365,440,13,1730,51,365,11,275,8,95,3,295,9,165,5,0,0,1585,47,1780,53,375,11,1660,49,1330,40
"K","South West","23","Gloucestershire","23UD","Forest of Dean",,,5695,815,14,2960,52,600,11,525,9,185,3,410,7,200,4,0,0,2775,49,2920,51,595,10,2730,48,2370,42
"K","South West","23","Gloucestershire","23UE","Gloucester",,,9390,1555,17,4700,50,1515,16,595,6,220,2,600,6,205,2,0,0,4725,50,4665,50,1460,16,5030,54,2900,31
"K","South West","23","Gloucestershire","23UF","Stroud",,,5955,795,13,3130,53,740,12,450,8,155,3,445,7,240,4,0,0,2875,48,3080,52,740,12,2990,50,2225,37
"K","South West","23","Gloucestershire","23UG","Tewkesbury",,,4035,595,15,1875,46,585,14,335,8,105,3,365,9,175,4,0,0,1900,47,2135,53,515,13,2005,50,1515,38
"K","South West","40","Somerset","40UB","Mendip",,,6720,785,12,3625,54,875,13,500,7,190,3,535,8,210,3,0,0,3250,48,3470,52,805,12,3505,52,2410,36
"K","South West","40","Somerset","40UC","Sedgemoor",,,8125,910,11,4480,55,975,12,670,8,240,3,625,8,225,3,0,0,3995,49,4130,51,1030,13,3945,49,3150,39
"K","South West","40","Somerset","40UD","South Somerset",,,8835,990,11,4830,55,960,11,780,9,235,3,730,8,310,4,0,0,4295,49,4540,51,1110,13,4280,48,3445,39
"K","South West","40","Somerset","40UE","Taunton Deane",,,7050,725,10,3955,56,895,13,525,7,220,3,515,7,215,3,0,0,3485,49,3565,51,915,13,3570,51,2565,36
"K","South West","40","Somerset","40UF","West Somerset",,,2600,280,11,1470,57,290,11,210,8,110,4,180,7,60,2,0,0,1340,52,1260,48,285,11,1180,45,1135,44
"K","South West","46","Wiltshire","46UB","Kennet",,,3575,390,11,1810,51,495,14,310,9,120,3,260,7,190,5,0,0,1595,45,1980,55,420,12,1895,53,1260,35
"K","South West","46","Wiltshire","46UC","North Wiltshire",,,6290,720,11,3180,51,840,13,600,10,180,3,530,8,240,4,0,0,2845,45,3445,55,760,12,3205,51,2325,37
"K","South West","46","Wiltshire","46UD","Salisbury",,,5680,530,9,3120,55,760,13,425,7,160,3,460,8,225,4,0,0,2655,47,3025,53,690,12,2985,53,2005,35
"K","South West","46","Wiltshire","46UF","West Wiltshire",,,7155,895,13,3725,52,995,14,535,7,230,3,500,7,275,4,0,0,3380,47,3775,53,955,13,3690,52,2510,35
,,,,"00NA","Isle of Anglesey",,,7550,1350,18,3985,53,820,11,585,8,185,2,490,6,135,2,0,0,4120,55,3430,45,860,11,3480,46,3210,43
,,,,"00NC","Gwynedd",,,10695,1530,14,5975,56,1140,11,805,8,320,3,660,6,265,2,0,0,5830,55,4865,45,1225,11,4920,46,4550,43
,,,,"00NE","Conwy",,,10945,1395,13,6325,58,1125,10,865,8,280,3,690,6,265,2,0,0,5765,53,5180,47,1245,11,5070,46,4630,42
,,,,"00NG","Denbighshire",,,10065,1175,12,5925,59,1060,11,800,8,240,2,630,6,235,2,0,0,5210,52,4855,48,1185,12,4695,47,4185,42
,,,,"00NJ","Flintshire",,,13200,1690,13,7210,55,1515,11,1145,9,280,2,1015,8,345,3,0,0,6315,48,6885,52,1490,11,6255,47,5455,41
,,,,"00NL","Wrexham",,,13525,1530,11,7875,58,1445,11,1205,9,240,2,935,7,295,2,0,0,6775,50,6750,50,1740,13,6365,47,5420,40
,,,,"00NN","Powys",,,10130,1265,12,5680,56,1000,10,840,8,290,3,750,7,305,3,0,0,5070,50,5060,50,1100,11,4410,44,4620,46
,,,,"00NQ","Ceredigion",,,6335,585,9,3980,63,585,9,510,8,135,2,440,7,100,2,0,0,3310,52,3025,48,655,10,2925,46,2755,43
,,,,"00NS","Pembrokeshire",,,11730,1290,11,6760,58,1355,12,1040,9,325,3,730,6,230,2,0,0,5850,50,5880,50,1400,12,5390,46,4940,42
,,,,"00NU","Carmarthenshire",,,21315,2100,10,13700,64,1800,8,1630,8,430,2,1215,6,440,2,0,0,10770,51,10545,49,2205,10,9615,45,9495,45
,,,,"00NX","Swansea",,,28040,3415,12,16580,59,3355,12,1870,7,680,2,1700,6,440,2,0,0,14140,50,13900,50,3550,13,13810,49,10675,38
,,,,"00NZ","Neath Port Talbot",,,21530,2045,9,13375,62,2225,10,1775,8,505,2,1345,6,260,1,0,0,10560,49,10970,51,2510,12,10250,48,8770,41
,,,,"00PB","Bridgend",,,17555,1950,11,10720,61,1865,11,1250,7,340,2,1160,7,270,2,0,0,8690,50,8865,50,2165,12,8415,48,6975,40
,,,,"00PD","The Vale of Glamorgan",,,11230,1585,14,5985,53,1460,13,800,7,275,2,835,7,290,3,0,0,5540,49,5690,51,1545,14,5420,48,4265,38
,,,,"00PF","Rhondda, Cynon, Taff",,,35740,3860,11,22590,63,4020,11,2210,6,635,2,1955,5,470,1,0,0,17765,50,17975,50,4690,13,16990,48,14060,39
,,,,"00PH","Merthyr Tydfil",,,10060,1180,12,6350,63,1240,12,520,5,145,1,525,5,100,1,0,0,5010,50,5050,50,1270,13,4745,47,4045,40
,,,,"00PK","Caerphilly",,,26115,3095,12,16165,62,2790,11,1805,7,350,1,1520,6,390,1,0,0,13130,50,12985,50,3375,13,12135,46,10605,41
,,,,"00PL","Blaenau Gwent",,,12195,1815,15,7470,61,1245,10,735,6,180,1,600,5,150,1,0,0,6420,53,5775,47,1605,13,5760,47,4830,40
,,,,"00PM","Torfaen",,,11480,1345,12,6595,57,1440,13,915,8,200,2,760,7,225,2,0,0,5790,50,5690,50,1530,13,5395,47,4555,40
,,,,"00PP","Monmouthshire",,,6530,745,11,3695,57,635,10,570,9,165,3,510,8,210,3,0,0,3275,50,3255,50,775,12,3010,46,2745,42
,,,,"00PR","Newport",,,16470,2620,16,8450,51,2580,16,1135,7,425,3,960,6,300,2,0,0,8180,50,8290,50,2410,15,8420,51,5640,34
,,,,"00PT","Cardiff",,,33705,4870,14,18155,54,5195,15,2075,6,785,2,2055,6,570,2,0,0,16945,50,16760,50,4810,14,17940,53,10955,33
,,,,"100","Aberdeen City",,,17825,2115,12,11055,62,2075,12,785,4,315,2,975,5,505,3,0,0,9075,51,8750,49,2280,13,9570,54,5975,34
,,,,"110","Aberdeenshire",,,14240,1435,10,8400,59,1285,9,1180,8,255,2,1065,7,620,4,0,0,6680,47,7560,53,1655,12,6835,48,5750,40
,,,,"120","Angus",,,9395,1795,19,4705,50,1035,11,695,7,260,3,585,6,320,3,0,0,4640,49,4755,51,1340,14,4520,48,3535,38
,,,,"130","Argyll & Bute",,,7360,1225,17,3890,53,710,10,500,7,275,4,470,6,290,4,0,0,3825,52,3535,48,730,10,3410,46,3220,44
,,,,"150","Clackmannanshire",,,6200,975,16,3560,57,725,12,390,6,140,2,275,4,135,2,0,0,2970,48,3230,52,855,14,3135,51,2210,36
,,,,"170","Dumfries & Galloway",,,14030,2250,16,7505,53,1280,9,1255,9,435,3,910,6,395,3,0,0,7265,52,6765,48,1790,13,6370,45,5870,42
,,,,"180","Dundee City",,,19595,3810,19,10670,54,2515,13,975,5,540,3,770,4,315,2,0,0,10200,52,9395,48,3035,15,10245,52,6315,32
,,,,"190","East Ayrshire",,,15285,2860,19,7880,52,1925,13,1190,8,465,3,650,4,315,2,0,0,7735,51,7550,49,2060,13,7570,50,5655,37
,,,,"200","East Dunbartonshire",,,7140,1110,16,3930,55,645,9,450,6,160,2,535,7,310,4,0,0,3450,48,3690,52,780,11,3495,49,2865,40
,,,,"210","East Lothian",,,7325,765,10,4265,58,840,11,575,8,180,2,500,7,200,3,0,0,3600,49,3725,51,920,13,3540,48,2865,39
,,,,"220","East Renfrewshire",,,5885,720,12,3355,57,575,10,430,7,135,2,440,7,230,4,0,0,2785,47,3100,53,620,11,2915,50,2350,40
,,,,"230","Edinburgh, City of",,,39790,6710,17,21865,55,5090,13,2055,5,1050,3,2140,5,880,2,0,0,20845,52,18945,48,5345,13,22155,56,12285,31
,,,,"235","Eilean Siar",,,2455,435,18,1280,52,165,7,190,8,100,4,160,7,125,5,0,0,1435,58,1020,42,175,7,1060,43,1220,50
,,,,"240","Falkirk",,,15800,2485,16,8885,56,1690,11,1100,7,385,2,865,5,390,2,0,0,7775,49,8025,51,1860,12,7840,50,6100,39
,,,,"250","Fife",,,38125,7695,20,19860,52,4435,12,2475,6,865,2,1935,5,860,2,0,0,19370,51,18755,49,5420,14,18995,50,13710,36
,,,,"260","Glasgow City",,,100945,15775,16,58205,58,14025,14,5120,5,2945,3,3710,4,1165,1,0,0,53020,53,47925,47,12185,12,56765,56,31985,32
,,,,"270","Highland",,,18770,2555,14,10275,55,2000,11,1500,8,585,3,1230,7,625,3,0,0,9500,51,9270,49,2165,12,9085,48,7520,40
,,,,"280","Inverclyde",,,12445,2345,19,6880,55,1510,12,645,5,335,3,470,4,260,2,0,0,6875,55,5570,45,1625,13,6325,51,4495,36
,,,,"290","Midlothian",,,7475,1020,14,4140,55,875,12,535,7,155,2,555,7,195,3,0,0,3630,49,3845,51,1025,14,3600,48,2850,38
,,,,"300","Moray",,,6665,1145,17,3515,53,630,9,545,8,175,3,435,7,220,3,0,0,3250,49,3415,51,880,13,3125,47,2660,40
,,,,"310","North Ayrshire",,,18100,3775,21,9095,50,2295,13,1165,6,500,3,845,5,425,2,0,0,9190,51,8910,49,2605,14,8880,49,6615,37
,,,,"320","North Lanarkshire",,,44050,6230,14,25730,58,5170,12,2675,6,1175,3,2165,5,905,2,0,0,21440,49,22610,51,5130,12,22470,51,16450,37
,,,,"330","Orkney Islands",,,1295,170,13,685,53,80,6,130,10,45,3,120,9,65,5,0,0,690,53,605,47,125,10,535,41,635,49
,,,,"340","Perth & Kinross",,,9760,1420,15,5260,54,1035,11,750,8,255,3,690,7,350,4,0,0,4855,50,4905,50,1220,13,4745,49,3795,39
,,,,"350","Renfrewshire",,,20150,3050,15,11295,56,2485,12,1055,5,575,3,1205,6,485,2,0,0,10215,51,9935,49,2585,13,10265,51,7300,36
,,,,"355","Scottish Borders",,,7810,1055,14,4475,57,665,9,545,7,240,3,540,7,290,4,0,0,4005,51,3805,49,965,12,3830,49,3015,39
,,,,"360","Shetland Islands",,,1425,230,16,740,52,175,12,80,6,45,3,90,6,65,5,0,0,755,53,670,47,160,11,695,49,570,40
,,,,"370","South Ayrshire",,,11565,2030,18,6140,53,1195,10,905,8,360,3,600,5,335,3,0,0,6030,52,5535,48,1430,12,5570,48,4565,39
,,,,"380","South Lanarkshire",,,34500,4575,13,20415,59,3590,10,2365,7,875,3,1815,5,865,3,0,0,17030,49,17470,51,3920,11,17120,50,13460,39
,,,,"390","Stirling",,,7120,1015,14,4035,57,760,11,475,7,175,2,440,6,220,3,0,0,3495,49,3625,51,790,11,3625,51,2705,38
,,,,"395","West Dunbartonshire",,,13375,2375,18,7070,53,1815,14,790,6,370,3,680,5,275,2,0,0,6930,52,6445,48,1800,13,6875,51,4700,35
,,,,"400","West Lothian",,,17355,2500,14,9550,55,2175,13,1095,6,375,2,1190,7,470,3,0,0,8150,47,9205,53,2410,14,8920,51,6025,35