DATASET_TITLE,"Notifiable Offences Recorded by the Police, 2008/2009",,,,,,,,,,FROM,Apr-2008,Apr-2008,Apr-2008,Apr-2008,Apr-2008,Apr-2008,Apr-2008,Apr-2008,Apr-2008,Apr-2008,Apr-2008,Apr-2008
AREA_TYPE,Region,,,,,,,,,,TO,Mar-2009,Mar-2009,Mar-2009,Mar-2009,Mar-2009,Mar-2009,Mar-2009,Mar-2009,Mar-2009,Mar-2009,Mar-2009,Mar-2009
GEO_HIERARCHY,NeSS Geography Hierarchy,,,,,,,,,,HEADING,Violence Against the Person,Wounding or Other Act Endangering Life,Other Wounding,Harassment Including Penalty Notices for Disorder,Common Assault,Robbery,Theft from the Person,Criminal Damage Including Arson,Burglary in a Dwelling,Burglary Other than a Dwelling,Theft of a Motor Vehicle,Theft from a Motor Vehicle
,,,,,,,,,,,MEASUREMENT_UNIT,Count,Count,Count,Count,Count,Count,Count,Count,Count,Count,Count,Count
,,,,,,,,,,,STATISTICAL_UNIT,Offences,Offences,Offences,Offences,Offences,Offences,Offences,Offences,Offences,Offences,Offences,Offences
UK_CODE,UK_NAME,GB_CODE,GB_NAME,EW_CODE,EW_NAME,CTRY_CODE,CTRY_NAME,GOR_CODE,GOR_NAME,AREA_METADATA,,DATA_VALUE,DATA_VALUE,DATA_VALUE,DATA_VALUE,DATA_VALUE,DATA_VALUE,DATA_VALUE,DATA_VALUE,DATA_VALUE,DATA_VALUE,DATA_VALUE,DATA_VALUE
"213","United Kingdom","078","Great Britain","727","England and Wales","064","England",,,,,840533,21920,372000,194923,189607,78031,79277,870684,273960,281177,138780,373020
"213","United Kingdom","078","Great Britain","727","England and Wales","220","Wales",,,,,47409,1401,21415,13517,7988,1215,2693,56693,10462,15175,8277,21126
"213","United Kingdom","078","Great Britain","727","England and Wales",,,,,,,887942,23321,393415,208440,197595,79246,81970,927377,284422,296352,147057,394146
"213","United Kingdom","078","Great Britain","727","England and Wales","064","England","A","North East",,,37244,716,18318,7556,7180,1306,1867,53951,10408,13411,5878,13645
"213","United Kingdom","078","Great Britain","727","England and Wales","064","England","B","North West",,,109528,3988,48677,25647,22935,10239,8921,141302,41398,40631,20441,51758
"213","United Kingdom","078","Great Britain","727","England and Wales","064","England","D","Yorkshire and The Humber",,,81411,2035,41693,16718,16043,5140,7575,107134,37958,39302,17875,42811
"213","United Kingdom","078","Great Britain","727","England and Wales","064","England","E","East Midlands",,,70877,1498,35481,15115,14180,5389,6403,83819,25477,28613,11387,33653
"213","United Kingdom","078","Great Britain","727","England and Wales","064","England","F","West Midlands",,,88775,2258,47570,17834,14372,9508,4907,86067,27157,30423,15295,38017
"213","United Kingdom","078","Great Britain","727","England and Wales","064","England","G","East of England",,,69248,1548,29450,15901,16728,4465,5897,84200,23374,26001,11933,34375
"213","United Kingdom","078","Great Britain","727","England and Wales","064","England","H","London",,,175264,6855,64672,47953,40903,32587,28928,95498,59209,34705,28936,79072
"213","United Kingdom","078","Great Britain","727","England and Wales","064","England","J","South East",,,133644,1723,52705,32371,37748,5986,9231,135499,30458,40467,17168,50993
"213","United Kingdom","078","Great Britain","727","England and Wales","064","England","K","South West",,,74542,1299,33434,15828,19518,3411,5548,83214,18521,27624,9867,28696