DATASET_TITLE,Amenities (UV60),,,,,,FROM,Apr-2001,Apr-2001,Apr-2001,Apr-2001,Apr-2001,Apr-2001,Apr-2001
AREA_TYPE,Local Authority,,,,,,TO,Apr-2001,Apr-2001,Apr-2001,Apr-2001,Apr-2001,Apr-2001,Apr-2001
GEO_HIERARCHY,NeSS Geography Hierarchy,,,,,,HEADING,All Occupied Household Spaces,With central heating,With central heating: With sole use of bath / shower and toilet,With central heating: Without sole use of bath / shower and toilet,Without central heating,Without central heating: With sole use of bath / shower and toilet,Without central heating: Without sole use of bath / shower and toilet
,,,,,,,MEASUREMENT_UNIT,Count,Count,Count,Count,Count,Count,Count
,,,,,,,STATISTICAL_UNIT,Households,Households,Households,Households,Households,Households,Households
GOR_CODE,GOR_NAME,CTY_CODE,CTY_NAME,LA_CODE,LA_NAME,AREA_METADATA,,DATA_VALUE,DATA_VALUE,DATA_VALUE,DATA_VALUE,DATA_VALUE,DATA_VALUE,DATA_VALUE
"A","North East",,,"00CH","Gateshead",,,84267,80864,80729,135,3403,3365,38
"A","North East",,,"00CJ","Newcastle upon Tyne",,,111243,106547,106349,198,4696,4664,32
"A","North East",,,"00CK","North Tyneside",,,84861,80812,80707,105,4049,4029,20
"A","North East",,,"00CL","South Tyneside",,,66097,64417,64350,67,1680,1668,12
"A","North East",,,"00CM","Sunderland",,,116356,113329,113119,210,3027,2967,60
"A","North East",,,"00EB","Hartlepool",,,37385,35193,35130,63,2192,2168,24
"A","North East",,,"00EC","Middlesbrough",,,55164,51329,51211,118,3835,3788,47
"A","North East",,,"00EE","Redcar and Cleveland",,,57441,54255,54189,66,3186,3158,28
"A","North East",,,"00EF","Stockton-on-Tees",,,72953,70134,69940,194,2819,2788,31
"A","North East",,,"00EH","Darlington",,,42309,39197,39114,83,3112,3054,58
"A","North East","20","Durham","20UB","Chester-le-Street",,,22851,22461,22438,23,390,382,8
"A","North East","20","Durham","20UD","Derwentside",,,36482,35322,35283,39,1160,1155,5
"A","North East","20","Durham","20UE","Durham",,,34847,34348,34254,94,499,481,18
"A","North East","20","Durham","20UF","Easington",,,38788,38197,38147,50,591,587,4
"A","North East","20","Durham","20UG","Sedgefield",,,37514,36683,36635,48,831,824,7
"A","North East","20","Durham","20UH","Teesdale",,,10463,9878,9854,24,585,578,7
"A","North East","20","Durham","20UJ","Wear Valley",,,26491,25022,24971,51,1469,1446,23
"A","North East","35","Northumberland","35UB","Alnwick",,,13533,12952,12936,16,581,581,0
"A","North East","35","Northumberland","35UC","Berwick-upon-Tweed",,,11652,10599,10583,16,1053,1053,0
"A","North East","35","Northumberland","35UD","Blyth Valley",,,34512,33959,33922,37,553,550,3
"A","North East","35","Northumberland","35UE","Castle Morpeth",,,20030,19594,19579,15,436,436,0
"A","North East","35","Northumberland","35UF","Tynedale",,,24585,23205,23176,29,1380,1363,17
"A","North East","35","Northumberland","35UG","Wansbeck",,,26463,26001,25977,24,462,455,7
"B","North West",,,"00BL","Bolton",,,108085,93398,93223,175,14687,14575,112
"B","North West",,,"00BM","Bury",,,74335,68675,68529,146,5660,5634,26
"B","North West",,,"00BN","Manchester",,,167451,152420,151475,945,15031,14622,409
"B","North West",,,"00BP","Oldham",,,87824,81444,81284,160,6380,6332,48
"B","North West",,,"00BQ","Rochdale",,,83452,76806,76663,143,6646,6593,53
"B","North West",,,"00BR","Salford",,,94238,87585,87390,195,6653,6571,82
"B","North West",,,"00BS","Stockport",,,120456,111078,110895,183,9378,9276,102
"B","North West",,,"00BT","Tameside",,,89981,80824,80609,215,9157,9065,92
"B","North West",,,"00BU","Trafford",,,89313,82320,82086,234,6993,6800,193
"B","North West",,,"00BW","Wigan",,,125096,117119,116840,279,7977,7914,63
"B","North West",,,"00BX","Knowsley",,,60553,46209,46146,63,14344,14315,29
"B","North West",,,"00BY","Liverpool",,,187865,137142,136585,557,50723,50318,405
"B","North West",,,"00BZ","St. Helens",,,72697,63034,62945,89,9663,9610,53
"B","North West",,,"00CA","Sefton",,,116847,101896,101634,262,14951,14612,339
"B","North West",,,"00CB","Wirral",,,133345,115692,115385,307,17653,17507,146
"B","North West",,,"00ET","Halton",,,47948,43090,43035,55,4858,4836,22
"B","North West",,,"00EU","Warrington",,,78030,70708,70626,82,7322,7292,30
"B","North West",,,"00EX","Blackburn with Darwen",,,53407,45559,45441,118,7848,7760,88
"B","North West",,,"00EY","Blackpool",,,63940,51660,51422,238,12280,11922,358
"B","North West","13","Cheshire","13UB","Chester",,,50130,46679,46494,185,3451,3383,68
"B","North West","13","Cheshire","13UC","Congleton",,,37283,35331,35210,121,1952,1933,19
"B","North West","13","Cheshire","13UD","Crewe and Nantwich",,,45699,40001,39899,102,5698,5651,47
"B","North West","13","Cheshire","13UE","Ellesmere Port & Neston",,,33167,31141,31090,51,2026,2013,13
"B","North West","13","Cheshire","13UG","Macclesfield",,,64162,60301,60225,76,3861,3824,37
"B","North West","13","Cheshire","13UH","Vale Royal",,,49590,44303,44229,74,5287,5252,35
"B","North West","16","Cumbria","16UB","Allerdale",,,39781,36356,36292,64,3425,3405,20
"B","North West","16","Cumbria","16UC","Barrow-in-Furness",,,30525,22458,22417,41,8067,8030,37
"B","North West","16","Cumbria","16UD","Carlisle",,,43963,38549,38355,194,5414,5372,42
"B","North West","16","Cumbria","16UE","Copeland",,,29486,26957,26907,50,2529,2506,23
"B","North West","16","Cumbria","16UF","Eden",,,21143,19018,18945,73,2125,2102,23
"B","North West","16","Cumbria","16UG","South Lakeland",,,44129,39749,39646,103,4380,4351,29
"B","North West","30","Lancashire","30UD","Burnley",,,36796,30141,30059,82,6655,6610,45
"B","North West","30","Lancashire","30UE","Chorley",,,41027,37388,37331,57,3639,3617,22
"B","North West","30","Lancashire","30UF","Fylde",,,32369,29926,29889,37,2443,2379,64
"B","North West","30","Lancashire","30UG","Hyndburn",,,32976,27050,27007,43,5926,5876,50
"B","North West","30","Lancashire","30UH","Lancaster",,,55839,47736,47621,115,8103,7954,149
"B","North West","30","Lancashire","30UJ","Pendle",,,35960,28658,28608,50,7302,7255,47
"B","North West","30","Lancashire","30UK","Preston",,,52970,44956,44749,207,8014,7911,103
"B","North West","30","Lancashire","30UL","Ribble Valley",,,22210,20663,20633,30,1547,1533,14
"B","North West","30","Lancashire","30UM","Rossendale",,,27112,24658,24621,37,2454,2428,26
"B","North West","30","Lancashire","30UN","South Ribble",,,42728,38736,38703,33,3992,3974,18
"B","North West","30","Lancashire","30UP","West Lancashire",,,43586,41461,41394,67,2125,2094,31
"B","North West","30","Lancashire","30UQ","Wyre",,,45295,41268,41181,87,4027,3949,78
"D","Yorkshire and The Humber",,,"00CC","Barnsley",,,92165,88896,88676,220,3269,3229,40
"D","Yorkshire and The Humber",,,"00CE","Doncaster",,,118699,111274,111004,270,7425,7306,119
"D","Yorkshire and The Humber",,,"00CF","Rotherham",,,102279,97988,97780,208,4291,4260,31
"D","Yorkshire and The Humber",,,"00CG","Sheffield",,,217622,199725,198890,835,17897,17666,231
"D","Yorkshire and The Humber",,,"00CX","Bradford",,,180246,139009,138465,544,41237,40887,350
"D","Yorkshire and The Humber",,,"00CY","Calderdale",,,80937,65308,65103,205,15629,15510,119
"D","Yorkshire and The Humber",,,"00CZ","Kirklees",,,159031,121824,121434,390,37207,36928,279
"D","Yorkshire and The Humber",,,"00DA","Leeds",,,301614,239143,236786,2357,62471,61869,602
"D","Yorkshire and The Humber",,,"00DB","Wakefield",,,132212,123484,123297,187,8728,8660,68
"D","Yorkshire and The Humber",,,"00FA","Kingston upon Hull, City of",,,104288,82091,81796,295,22197,22082,115
"D","Yorkshire and The Humber",,,"00FB","East Riding of Yorkshire",,,131084,120316,120191,125,10768,10679,89
"D","Yorkshire and The Humber",,,"00FC","North East Lincolnshire",,,66054,57576,57477,99,8478,8429,49
"D","Yorkshire and The Humber",,,"00FD","North Lincolnshire",,,64014,61319,61235,84,2695,2664,31
"D","Yorkshire and The Humber",,,"00FF","York",,,76920,70539,70234,305,6381,6290,91
"D","Yorkshire and The Humber","36","North Yorkshire","36UB","Craven",,,22680,19842,19786,56,2838,2818,20
"D","Yorkshire and The Humber","36","North Yorkshire","36UC","Hambleton",,,34688,32959,32927,32,1729,1700,29
"D","Yorkshire and The Humber","36","North Yorkshire","36UD","Harrogate",,,63077,58254,58100,154,4823,4759,64
"D","Yorkshire and The Humber","36","North Yorkshire","36UE","Richmondshire",,,18125,17318,17275,43,807,795,12
"D","Yorkshire and The Humber","36","North Yorkshire","36UF","Ryedale",,,21451,19286,19253,33,2165,2142,23
"D","Yorkshire and The Humber","36","North Yorkshire","36UG","Scarborough",,,46726,39918,39794,124,6808,6634,174
"D","Yorkshire and The Humber","36","North Yorkshire","36UH","Selby",,,30836,29109,29081,28,1727,1715,12
"E","East Midlands",,,"00FK","Derby",,,92405,81743,81590,153,10662,10555,107
"E","East Midlands",,,"00FN","Leicester",,,111148,101978,101541,437,9170,9040,130
"E","East Midlands",,,"00FP","Rutland",,,13457,12944,12935,9,513,505,8
"E","East Midlands",,,"00FY","Nottingham",,,116112,108084,107612,472,8028,7886,142
"E","East Midlands","17","Derbyshire","17UB","Amber Valley",,,49129,45646,45596,50,3483,3456,27
"E","East Midlands","17","Derbyshire","17UC","Bolsover",,,30248,29145,29121,24,1103,1096,7
"E","East Midlands","17","Derbyshire","17UD","Chesterfield",,,43462,41690,41623,67,1772,1755,17
"E","East Midlands","17","Derbyshire","17UF","Derbyshire Dales",,,29059,27219,27158,61,1840,1802,38
"E","East Midlands","17","Derbyshire","17UG","Erewash",,,46224,41803,41743,60,4421,4402,19
"E","East Midlands","17","Derbyshire","17UH","High Peak",,,37059,34688,34612,76,2371,2335,36
"E","East Midlands","17","Derbyshire","17UJ","North East Derbyshire",,,40693,39530,39472,58,1163,1148,15
"E","East Midlands","17","Derbyshire","17UK","South Derbyshire",,,32995,31108,31055,53,1887,1870,17
"E","East Midlands","31","Leicestershire","31UB","Blaby",,,35908,34813,34785,28,1095,1087,8
"E","East Midlands","31","Leicestershire","31UC","Charnwood",,,60472,57293,57081,212,3179,3139,40
"E","East Midlands","31","Leicestershire","31UD","Harborough",,,30849,29734,29685,49,1115,1088,27
"E","East Midlands","31","Leicestershire","31UE","Hinckley and Bosworth",,,41085,39366,39303,63,1719,1698,21
"E","East Midlands","31","Leicestershire","31UG","Melton",,,19615,18046,17990,56,1569,1558,11
"E","East Midlands","31","Leicestershire","31UH","North West Leicestershire",,,35394,34257,34201,56,1137,1107,30
"E","East Midlands","31","Leicestershire","31UJ","Oadby and Wigston",,,21922,20789,20764,25,1133,1128,5
"E","East Midlands","32","Lincolnshire","32UB","Boston",,,23989,22522,22402,120,1467,1452,15
"E","East Midlands","32","Lincolnshire","32UC","East Lindsey",,,55533,51563,51457,106,3970,3886,84
"E","East Midlands","32","Lincolnshire","32UD","Lincoln",,,36643,33374,33217,157,3269,3235,34
"E","East Midlands","32","Lincolnshire","32UE","North Kesteven",,,38870,37538,37483,55,1332,1317,15
"E","East Midlands","32","Lincolnshire","32UF","South Holland",,,32752,31198,31115,83,1554,1535,19
"E","East Midlands","32","Lincolnshire","32UG","South Kesteven",,,51494,49092,49004,88,2402,2371,31
"E","East Midlands","32","Lincolnshire","32UH","West Lindsey",,,32872,30523,30491,32,2349,2325,24
"E","East Midlands","34","Northamptonshire","34UB","Corby",,,22013,21387,21308,79,626,623,3
"E","East Midlands","34","Northamptonshire","34UC","Daventry",,,28747,27526,27480,46,1221,1203,18
"E","East Midlands","34","Northamptonshire","34UD","East Northamptonshire",,,31244,29281,29237,44,1963,1944,19
"E","East Midlands","34","Northamptonshire","34UE","Kettering",,,34442,31609,31557,52,2833,2811,22
"E","East Midlands","34","Northamptonshire","34UF","Northampton",,,80822,75601,75370,231,5221,5140,81
"E","East Midlands","34","Northamptonshire","34UG","South Northamptonshire",,,31716,29954,29902,52,1762,1747,15
"E","East Midlands","34","Northamptonshire","34UH","Wellingborough",,,30082,28592,28484,108,1490,1476,14
"E","East Midlands","37","Nottinghamshire","37UB","Ashfield",,,46600,44815,44713,102,1785,1772,13
"E","East Midlands","37","Nottinghamshire","37UC","Bassetlaw",,,44690,42715,42638,77,1975,1953,22
"E","East Midlands","37","Nottinghamshire","37UD","Broxtowe",,,45445,43164,43091,73,2281,2264,17
"E","East Midlands","37","Nottinghamshire","37UE","Gedling",,,47556,45445,45375,70,2111,2103,8
"E","East Midlands","37","Nottinghamshire","37UF","Mansfield",,,41601,39753,39688,65,1848,1822,26
"E","East Midlands","37","Nottinghamshire","37UG","Newark and Sherwood",,,44465,42616,42560,56,1849,1834,15
"E","East Midlands","37","Nottinghamshire","37UJ","Rushcliffe",,,43670,42095,42006,89,1575,1515,60
"F","West Midlands",,,"00CN","Birmingham",,,390792,310600,309241,1359,80192,79373,819
"F","West Midlands",,,"00CQ","Coventry",,,122353,107676,107213,463,14677,14489,188
"F","West Midlands",,,"00CR","Dudley",,,124988,106576,106401,175,18412,18309,103
"F","West Midlands",,,"00CS","Sandwell",,,115426,94579,94358,221,20847,20765,82
"F","West Midlands",,,"00CT","Solihull",,,80930,77185,77112,73,3745,3729,16
"F","West Midlands",,,"00CU","Walsall",,,101333,87529,87333,196,13804,13738,66
"F","West Midlands",,,"00CW","Wolverhampton",,,97122,84132,83842,290,12990,12827,163
"F","West Midlands",,,"00GA","Herefordshire, County of",,,74282,67691,67560,131,6591,6463,128
"F","West Midlands",,,"00GF","Telford and Wrekin",,,63768,60650,60576,74,3118,3096,22
"F","West Midlands",,,"00GL","Stoke-on-Trent",,,103196,93605,93417,188,9591,9483,108
"F","West Midlands","39","Shropshire","39UB","Bridgnorth",,,20925,18530,18477,53,2395,2376,19
"F","West Midlands","39","Shropshire","39UC","North Shropshire",,,23149,20713,20661,52,2436,2408,28
"F","West Midlands","39","Shropshire","39UD","Oswestry",,,15657,14167,14126,41,1490,1479,11
"F","West Midlands","39","Shropshire","39UE","Shrewsbury and Atcham",,,40308,37424,37354,70,2884,2827,57
"F","West Midlands","39","Shropshire","39UF","South Shropshire",,,17262,15349,15315,34,1913,1885,28
"F","West Midlands","41","Staffordshire","41UB","Cannock Chase",,,37102,35179,35089,90,1923,1903,20
"F","West Midlands","41","Staffordshire","41UC","East Staffordshire",,,42717,36172,36096,76,6545,6499,46
"F","West Midlands","41","Staffordshire","41UD","Lichfield",,,37500,35726,35690,36,1774,1748,26
"F","West Midlands","41","Staffordshire","41UE","Newcastle-under-Lyme",,,50738,47480,47423,57,3258,3221,37
"F","West Midlands","41","Staffordshire","41UF","South Staffordshire",,,41973,39955,39927,28,2018,2001,17
"F","West Midlands","41","Staffordshire","41UG","Stafford",,,50025,47445,47374,71,2580,2559,21
"F","West Midlands","41","Staffordshire","41UH","Staffordshire Moorlands",,,38799,36032,35988,44,2767,2688,79
"F","West Midlands","41","Staffordshire","41UK","Tamworth",,,29380,27933,27908,25,1447,1434,13
"F","West Midlands","44","Warwickshire","44UB","North Warwickshire",,,25174,23911,23884,27,1263,1254,9
"F","West Midlands","44","Warwickshire","44UC","Nuneaton and Bedworth",,,48683,45346,45223,123,3337,3310,27
"F","West Midlands","44","Warwickshire","44UD","Rugby",,,36483,34808,34751,57,1675,1644,31
"F","West Midlands","44","Warwickshire","44UE","Stratford-on-Avon",,,47202,45026,44974,52,2176,2156,20
"F","West Midlands","44","Warwickshire","44UF","Warwick",,,53356,50945,50778,167,2411,2376,35
"F","West Midlands","47","Worcestershire","47UB","Bromsgrove",,,35168,33629,33608,21,1539,1525,14
"F","West Midlands","47","Worcestershire","47UC","Malvern Hills",,,30069,28323,28278,45,1746,1716,30
"F","West Midlands","47","Worcestershire","47UD","Redditch",,,31652,30256,30182,74,1396,1363,33
"F","West Midlands","47","Worcestershire","47UE","Worcester",,,39060,35894,35784,110,3166,3047,119
"F","West Midlands","47","Worcestershire","47UF","Wychavon",,,46819,44317,44254,63,2502,2469,33
"F","West Midlands","47","Worcestershire","47UG","Wyre Forest",,,40281,36888,36844,44,3393,3347,46
"G","East of England",,,"00JA","Peterborough",,,65380,62107,61953,154,3273,3220,53
"G","East of England",,,"00KA","Luton",,,70755,66332,66034,298,4423,4338,85
"G","East of England",,,"00KF","Southend-on-Sea",,,70978,66538,66176,362,4440,4295,145
"G","East of England",,,"00KG","Thurrock",,,58485,55082,55020,62,3403,3385,18
"G","East of England","09","Bedfordshire","09UC","Mid Bedfordshire",,,48600,46577,46497,80,2023,2003,20
"G","East of England","09","Bedfordshire","09UD","Bedford",,,59597,56778,56547,231,2819,2769,50
"G","East of England","09","Bedfordshire","09UE","South Bedfordshire",,,45665,44140,44039,101,1525,1497,28
"G","East of England","12","Cambridgeshire","12UB","Cambridge",,,42658,40065,39313,752,2593,2454,139
"G","East of England","12","Cambridgeshire","12UC","East Cambridgeshire",,,29780,28469,28412,57,1311,1295,16
"G","East of England","12","Cambridgeshire","12UD","Fenland",,,35192,32627,32552,75,2565,2542,23
"G","East of England","12","Cambridgeshire","12UE","Huntingdonshire",,,63062,60319,60233,86,2743,2724,19
"G","East of England","12","Cambridgeshire","12UG","South Cambridgeshire",,,52181,50497,50420,77,1684,1657,27
"G","East of England","22","Essex","22UB","Basildon",,,69207,67788,67708,80,1419,1410,9
"G","East of England","22","Essex","22UC","Braintree",,,54332,51961,51735,226,2371,2326,45
"G","East of England","22","Essex","22UD","Brentwood",,,28767,27577,27515,62,1190,1175,15
"G","East of England","22","Essex","22UE","Castle Point",,,35279,34140,34076,64,1139,1129,10
"G","East of England","22","Essex","22UF","Chelmsford",,,64564,61174,60996,178,3390,3350,40
"G","East of England","22","Essex","22UG","Colchester",,,63706,61103,60810,293,2603,2540,63
"G","East of England","22","Essex","22UH","Epping Forest",,,50590,48351,48232,119,2239,2219,20
"G","East of England","22","Essex","22UJ","Harlow",,,33185,32501,32408,93,684,675,9
"G","East of England","22","Essex","22UK","Maldon",,,24189,23042,23001,41,1147,1126,21
"G","East of England","22","Essex","22UL","Rochford",,,31952,30868,30791,77,1084,1071,13
"G","East of England","22","Essex","22UN","Tendring",,,61411,57507,57307,200,3904,3808,96
"G","East of England","22","Essex","22UQ","Uttlesford",,,27519,26563,26484,79,956,932,24
"G","East of England","26","Hertfordshire","26UB","Broxbourne",,,34933,33464,33400,64,1469,1452,17
"G","East of England","26","Hertfordshire","26UC","Dacorum",,,55908,54017,53938,79,1891,1883,8
"G","East of England","26","Hertfordshire","26UD","East Hertfordshire",,,52084,50389,50297,92,1695,1677,18
"G","East of England","26","Hertfordshire","26UE","Hertsmere",,,37869,36437,36354,83,1432,1425,7
"G","East of England","26","Hertfordshire","26UF","North Hertfordshire",,,48810,46892,46757,135,1918,1891,27
"G","East of England","26","Hertfordshire","26UG","St Albans",,,52659,51196,51076,120,1463,1431,32
"G","East of England","26","Hertfordshire","26UH","Stevenage",,,32754,32248,32185,63,506,499,7
"G","East of England","26","Hertfordshire","26UJ","Three Rivers",,,33439,31732,31672,60,1707,1694,13
"G","East of England","26","Hertfordshire","26UK","Watford",,,32350,30430,30220,210,1920,1885,35
"G","East of England","26","Hertfordshire","26UL","Welwyn Hatfield",,,39844,38956,38895,61,888,880,8
"G","East of England","33","Norfolk","33UB","Breckland",,,50715,48340,48265,75,2375,2339,36
"G","East of England","33","Norfolk","33UC","Broadland",,,50009,48058,48005,53,1951,1936,15
"G","East of England","33","Norfolk","33UD","Great Yarmouth",,,39380,34722,34638,84,4658,4619,39
"G","East of England","33","Norfolk","33UE","King's Lynn and West Norfolk",,,58338,53782,53697,85,4556,4495,61
"G","East of England","33","Norfolk","33UF","North Norfolk",,,43502,39709,39665,44,3793,3750,43
"G","East of England","33","Norfolk","33UG","Norwich",,,54584,49942,49742,200,4642,4512,130
"G","East of England","33","Norfolk","33UH","South Norfolk",,,46607,44205,44150,55,2402,2380,22
"G","East of England","42","Suffolk","42UB","Babergh",,,34863,33157,33107,50,1706,1688,18
"G","East of England","42","Suffolk","42UC","Forest Heath",,,23018,21987,21917,70,1031,1015,16
"G","East of England","42","Suffolk","42UD","Ipswich",,,49869,42302,42105,197,7567,7500,67
"G","East of England","42","Suffolk","42UE","Mid Suffolk",,,35396,33645,33610,35,1751,1726,25
"G","East of England","42","Suffolk","42UF","St Edmundsbury",,,40560,38972,38845,127,1588,1556,32
"G","East of England","42","Suffolk","42UG","Suffolk Coastal",,,49025,45707,45620,87,3318,3272,46
"G","East of England","42","Suffolk","42UH","Waveney",,,48424,43771,43686,85,4653,4602,51
"H","London",,,"00AA","City of London",,,4338,4139,4122,17,199,199,0
"H","London",,,"00AB","Barking and Dagenham",,,67273,60814,60686,128,6459,6408,51
"H","London",,,"00AC","Barnet",,,126944,120539,119655,884,6405,6062,343
"H","London",,,"00AD","Bexley",,,89451,83063,82866,197,6388,6358,30
"H","London",,,"00AE","Brent",,,99991,92952,91781,1171,7039,6644,395
"H","London",,,"00AF","Bromley",,,125866,119519,119168,351,6347,6165,182
"H","London",,,"00AG","Camden",,,91603,84181,82924,1257,7422,6305,1117
"H","London",,,"00AH","Croydon",,,138999,128177,127438,739,10822,10331,491
"H","London",,,"00AJ","Ealing",,,118023,109005,108181,824,9018,8625,393
"H","London",,,"00AK","Enfield",,,110398,102150,101620,530,8248,8107,141
"H","London",,,"00AL","Greenwich",,,92788,85319,84856,463,7469,7306,163
"H","London",,,"00AM","Hackney",,,86042,77780,76733,1047,8262,7728,534
"H","London",,,"00AN","Hammersmith and Fulham",,,75438,67457,66795,662,7981,7475,506
"H","London",,,"00AP","Haringey",,,92170,84156,82858,1298,8014,7289,725
"H","London",,,"00AQ","Harrow",,,79112,75567,75258,309,3545,3510,35
"H","London",,,"00AR","Havering",,,91722,86761,86504,257,4961,4918,43
"H","London",,,"00AS","Hillingdon",,,96643,92069,91776,293,4574,4542,32
"H","London",,,"00AT","Hounslow",,,83994,79099,78422,677,4895,4719,176
"H","London",,,"00AU","Islington",,,82281,76206,75465,741,6075,5679,396
"H","London",,,"00AW","Kensington and Chelsea",,,79146,70283,69245,1038,8863,7864,999
"H","London",,,"00AX","Kingston upon Thames",,,61426,57029,56522,507,4397,4040,357
"H","London",,,"00AY","Lambeth",,,118447,106269,105254,1015,12178,11279,899
"H","London",,,"00AZ","Lewisham",,,107412,97009,96368,641,10403,10133,270
"H","London",,,"00BA","Merton",,,78884,70823,70425,398,8061,7839,222
"H","London",,,"00BB","Newham",,,91821,83553,82891,662,8268,8045,223
"H","London",,,"00BC","Redbridge",,,92288,86125,85801,324,6163,6008,155
"H","London",,,"00BD","Richmond upon Thames",,,76146,70659,70208,451,5487,5231,256
"H","London",,,"00BE","Southwark",,,105806,98435,97849,586,7371,7141,230
"H","London",,,"00BF","Sutton",,,76402,70973,70577,396,5429,5343,86
"H","London",,,"00BG","Tower Hamlets",,,78530,74548,74199,349,3982,3896,86
"H","London",,,"00BH","Waltham Forest",,,89788,78776,78189,587,11012,10636,376
"H","London",,,"00BJ","Wandsworth",,,115653,106300,105458,842,9353,8627,726
"H","London",,,"00BK","Westminster",,,91172,81618,80740,878,9554,8751,803
"J","South East",,,"00LC","Medway",,,99566,90296,89956,340,9270,9143,127
"J","South East",,,"00MA","Bracknell Forest",,,43392,42516,42407,109,876,865,11
"J","South East",,,"00MB","West Berkshire",,,57360,54978,54845,133,2382,2327,55
"J","South East",,,"00MC","Reading",,,57877,53352,52942,410,4525,4285,240
"J","South East",,,"00MD","Slough",,,44987,42059,41862,197,2928,2898,30
"J","South East",,,"00ME","Windsor and Maidenhead",,,54261,52129,51905,224,2132,2088,44
"J","South East",,,"00MF","Wokingham",,,57272,55932,55862,70,1340,1323,17
"J","South East",,,"00MG","Milton Keynes",,,83359,81314,81110,204,2045,2025,20
"J","South East",,,"00ML","Brighton and Hove",,,114479,102125,101477,648,12354,11368,986
"J","South East",,,"00MR","Portsmouth",,,78719,63451,63116,335,15268,14966,302
"J","South East",,,"00MS","Southampton",,,91217,81164,80672,492,10053,9839,214
"J","South East",,,"00MW","Isle of Wight",,,57519,48857,48702,155,8662,8512,150
"J","South East","11","Buckinghamshire","11UB","Aylesbury Vale",,,64526,62629,62461,168,1897,1864,33
"J","South East","11","Buckinghamshire","11UC","Chiltern",,,35275,34407,34319,88,868,857,11
"J","South East","11","Buckinghamshire","11UE","South Bucks",,,24781,24158,24137,21,623,617,6
"J","South East","11","Buckinghamshire","11UF","Wycombe",,,63504,61762,61609,153,1742,1724,18
"J","South East","21","East Sussex","21UC","Eastbourne",,,40918,37781,37451,330,3137,3009,128
"J","South East","21","East Sussex","21UD","Hastings",,,37604,33488,33379,109,4116,4009,107
"J","South East","21","East Sussex","21UF","Lewes",,,39728,37762,37675,87,1966,1939,27
"J","South East","21","East Sussex","21UG","Rother",,,38114,35580,35526,54,2534,2503,31
"J","South East","21","East Sussex","21UH","Wealden",,,58274,55842,55745,97,2432,2399,33
"J","South East","24","Hampshire","24UB","Basingstoke and Deane",,,61722,60021,59769,252,1701,1679,22
"J","South East","24","Hampshire","24UC","East Hampshire",,,43625,41945,41836,109,1680,1662,18
"J","South East","24","Hampshire","24UD","Eastleigh",,,47001,44715,44639,76,2286,2267,19
"J","South East","24","Hampshire","24UE","Fareham",,,43577,41175,41103,72,2402,2383,19
"J","South East","24","Hampshire","24UF","Gosport",,,31337,28023,27878,145,3314,3300,14
"J","South East","24","Hampshire","24UG","Hart",,,32470,31720,31657,63,750,740,10
"J","South East","24","Hampshire","24UH","Havant",,,48460,42236,42077,159,6224,6208,16
"J","South East","24","Hampshire","24UJ","New Forest",,,71985,68498,68341,157,3487,3447,40
"J","South East","24","Hampshire","24UL","Rushmoor",,,35263,33993,33850,143,1270,1240,30
"J","South East","24","Hampshire","24UN","Test Valley",,,44134,42544,42460,84,1590,1576,14
"J","South East","24","Hampshire","24UP","Winchester",,,43132,41663,41526,137,1469,1416,53
"J","South East","29","Kent","29UB","Ashford",,,41450,39606,39527,79,1844,1819,25
"J","South East","29","Kent","29UC","Canterbury",,,55584,52297,51965,332,3287,3176,111
"J","South East","29","Kent","29UD","Dartford",,,35240,33073,33000,73,2167,2148,19
"J","South East","29","Kent","29UE","Dover",,,44314,40821,40586,235,3493,3432,61
"J","South East","29","Kent","29UG","Gravesham",,,38266,35676,35604,72,2590,2562,28
"J","South East","29","Kent","29UH","Maidstone",,,56454,53243,53012,231,3211,3133,78
"J","South East","29","Kent","29UK","Sevenoaks",,,44364,42539,42448,91,1825,1803,22
"J","South East","29","Kent","29UL","Shepway",,,41155,38097,38005,92,3058,2967,91
"J","South East","29","Kent","29UM","Swale",,,49257,45475,45223,252,3782,3729,53
"J","South East","29","Kent","29UN","Thanet",,,55228,50063,49825,238,5165,5055,110
"J","South East","29","Kent","29UP","Tonbridge and Malling",,,42735,40328,40266,62,2407,2365,42
"J","South East","29","Kent","29UQ","Tunbridge Wells",,,42695,39851,39658,193,2844,2751,93
"J","South East","38","Oxfordshire","38UB","Cherwell",,,53225,49613,49475,138,3612,3580,32
"J","South East","38","Oxfordshire","38UC","Oxford",,,51732,48130,47430,700,3602,3323,279
"J","South East","38","Oxfordshire","38UD","South Oxfordshire",,,52105,49737,49635,102,2368,2332,36
"J","South East","38","Oxfordshire","38UE","Vale of White Horse",,,45759,44042,43957,85,1717,1703,14
"J","South East","38","Oxfordshire","38UF","West Oxfordshire",,,38397,36899,36827,72,1498,1468,30
"J","South East","43","Surrey","43UB","Elmbridge",,,50621,48981,48855,126,1640,1595,45
"J","South East","43","Surrey","43UC","Epsom and Ewell",,,27362,26263,26193,70,1099,1076,23
"J","South East","43","Surrey","43UD","Guildford",,,52350,50458,50196,262,1892,1837,55
"J","South East","43","Surrey","43UE","Mole Valley",,,33622,32203,32148,55,1419,1397,22
"J","South East","43","Surrey","43UF","Reigate and Banstead",,,51694,49859,49659,200,1835,1797,38
"J","South East","43","Surrey","43UG","Runnymede",,,31656,29632,29500,132,2024,2000,24
"J","South East","43","Surrey","43UH","Spelthorne",,,38392,36770,36655,115,1622,1583,39
"J","South East","43","Surrey","43UJ","Surrey Heath",,,31721,30943,30826,117,778,759,19
"J","South East","43","Surrey","43UK","Tandridge",,,31641,30273,30203,70,1368,1325,43
"J","South East","43","Surrey","43UL","Waverley",,,47176,45876,45736,140,1300,1281,19
"J","South East","43","Surrey","43UM","Woking",,,36941,35575,35479,96,1366,1347,19
"J","South East","45","West Sussex","45UB","Adur",,,25870,23235,23177,58,2635,2630,5
"J","South East","45","West Sussex","45UC","Arun",,,62733,58540,58388,152,4193,4060,133
"J","South East","45","West Sussex","45UD","Chichester",,,45796,42401,42267,134,3395,3366,29
"J","South East","45","West Sussex","45UE","Crawley",,,40382,39057,38934,123,1325,1306,19
"J","South East","45","West Sussex","45UF","Horsham",,,50037,48177,48000,177,1860,1843,17
"J","South East","45","West Sussex","45UG","Mid Sussex",,,51969,50329,50262,67,1640,1618,22
"J","South East","45","West Sussex","45UH","Worthing",,,44128,40761,40456,305,3367,3183,184
"K","South West",,,"00HA","Bath and North East Somerset",,,71115,67085,66902,183,4030,3896,134
"K","South West",,,"00HB","Bristol, City of",,,162090,147785,146952,833,14305,13665,640
"K","South West",,,"00HC","North Somerset",,,79985,75856,75687,169,4129,4034,95
"K","South West",,,"00HD","South Gloucestershire",,,99038,95012,94894,118,4026,3972,54
"K","South West",,,"00HG","Plymouth",,,102540,86674,86414,260,15866,15618,248
"K","South West",,,"00HH","Torbay",,,57420,48958,48724,234,8462,8213,249
"K","South West",,,"00HN","Bournemouth",,,72212,65957,65558,399,6255,5631,624
"K","South West",,,"00HP","Poole",,,59047,55415,55264,151,3632,3546,86
"K","South West",,,"00HX","Swindon",,,75154,68933,68623,310,6221,6161,60
"K","South West","15","Cornwall and Isles of Scilly","15UB","Caradon",,,33829,27958,27910,48,5871,5827,44
"K","South West","15","Cornwall and Isles of Scilly","15UC","Carrick",,,38598,31780,31608,172,6818,6682,136
"K","South West","15","Cornwall and Isles of Scilly","15UD","Kerrier",,,39478,32655,32527,128,6823,6652,171
"K","South West","15","Cornwall and Isles of Scilly","15UE","North Cornwall",,,34353,29049,28982,67,5304,5228,76
"K","South West","15","Cornwall and Isles of Scilly","15UF","Penwith",,,28080,21143,21088,55,6937,6807,130
"K","South West","15","Cornwall and Isles of Scilly","15UG","Restormel",,,40476,33033,32887,146,7443,7296,147
"K","South West","15","Cornwall and Isles of Scilly","15UH","Isles of Scilly",,,882,523,520,3,359,356,3
"K","South West","18","Devon","18UB","East Devon",,,55011,50121,50056,65,4890,4843,47
"K","South West","18","Devon","18UC","Exeter",,,46573,37064,36825,239,9509,9232,277
"K","South West","18","Devon","18UD","Mid Devon",,,28930,24636,24596,40,4294,4262,32
"K","South West","18","Devon","18UE","North Devon",,,36776,32250,32141,109,4526,4444,82
"K","South West","18","Devon","18UG","South Hams",,,34810,30995,30953,42,3815,3767,48
"K","South West","18","Devon","18UH","Teignbridge",,,51417,44216,44087,129,7201,7142,59
"K","South West","18","Devon","18UK","Torridge",,,24870,20852,20812,40,4018,3961,57
"K","South West","18","Devon","18UL","West Devon",,,20189,17434,17410,24,2755,2718,37
"K","South West","19","Dorset","19UC","Christchurch",,,20612,19616,19597,19,996,974,22
"K","South West","19","Dorset","19UD","East Dorset",,,35668,34407,34372,35,1261,1253,8
"K","South West","19","Dorset","19UE","North Dorset",,,25248,23608,23558,50,1640,1622,18
"K","South West","19","Dorset","19UG","Purbeck",,,18804,17305,17254,51,1499,1482,17
"K","South West","19","Dorset","19UH","West Dorset",,,40510,36926,36850,76,3584,3560,24
"K","South West","19","Dorset","19UJ","Weymouth and Portland",,,27156,24465,24351,114,2691,2640,51
"K","South West","23","Gloucestershire","23UB","Cheltenham",,,48164,44342,44213,129,3822,3721,101
"K","South West","23","Gloucestershire","23UC","Cotswold",,,34424,32750,32705,45,1674,1652,22
"K","South West","23","Gloucestershire","23UD","Forest of Dean",,,32530,30558,30513,45,1972,1944,28
"K","South West","23","Gloucestershire","23UE","Gloucester",,,45765,40963,40755,208,4802,4742,60
"K","South West","23","Gloucestershire","23UF","Stroud",,,44617,41870,41807,63,2747,2711,36
"K","South West","23","Gloucestershire","23UG","Tewkesbury",,,32372,30002,29945,57,2370,2349,21
"K","South West","40","Somerset","40UB","Mendip",,,42881,39879,39765,114,3002,2931,71
"K","South West","40","Somerset","40UC","Sedgemoor",,,44432,39907,39816,91,4525,4458,67
"K","South West","40","Somerset","40UD","South Somerset",,,63769,57432,57336,96,6337,6293,44
"K","South West","40","Somerset","40UE","Taunton Deane",,,43880,40435,40320,115,3445,3397,48
"K","South West","40","Somerset","40UF","West Somerset",,,15625,13801,13764,37,1824,1802,22
"K","South West","46","Wiltshire","46UB","Kennet",,,29565,28147,28093,54,1418,1411,7
"K","South West","46","Wiltshire","46UC","North Wiltshire",,,50275,47960,47819,141,2315,2287,28
"K","South West","46","Wiltshire","46UD","Salisbury",,,47408,44541,44439,102,2867,2795,72
"K","South West","46","Wiltshire","46UF","West Wiltshire",,,49407,46999,46894,105,2408,2343,65
,,,,"00NA","Isle of Anglesey",,,28356,22939,22849,90,5417,5348,69
,,,,"00NC","Gwynedd",,,49237,38600,38449,151,10637,10409,228
,,,,"00NE","Conwy",,,48062,41043,40926,117,7019,6879,140
,,,,"00NG","Denbighshire",,,39891,35216,35135,81,4675,4572,103
,,,,"00NJ","Flintshire",,,60539,56483,56400,83,4056,4018,38
,,,,"00NL","Wrexham",,,53226,46545,46448,97,6681,6618,63
,,,,"00NN","Powys",,,53865,49284,49224,60,4581,4422,159
,,,,"00NQ","Ceredigion",,,30972,26491,26314,177,4481,4275,206
,,,,"00NS","Pembrokeshire",,,48176,42065,41954,111,6111,6005,106
,,,,"00NU","Carmarthenshire",,,73112,68105,67926,179,5007,4844,163
,,,,"00NX","Swansea",,,94400,90755,90541,214,3645,3567,78
,,,,"00NZ","Neath Port Talbot",,,57609,55321,55137,184,2288,2254,34
,,,,"00PB","Bridgend",,,53342,51079,50962,117,2263,2226,37
,,,,"00PD","The Vale of Glamorgan",,,48753,46255,46182,73,2498,2471,27
,,,,"00PF","Rhondda, Cynon, Taff",,,94553,89293,89081,212,5260,5121,139
,,,,"00PH","Merthyr Tydfil",,,23145,22111,22065,46,1034,1008,26
,,,,"00PK","Caerphilly",,,69341,67551,67445,106,1790,1755,35
,,,,"00PL","Blaenau Gwent",,,29585,28846,28802,44,739,712,27
,,,,"00PM","Torfaen",,,37576,36584,36545,39,992,978,14
,,,,"00PP","Monmouthshire",,,35193,33778,33679,99,1415,1386,29
,,,,"00PR","Newport",,,56535,54492,54338,154,2043,2018,25
,,,,"00PT","Cardiff",,,123580,115423,115059,364,8157,8025,132