DATASET_TITLE,"Resident Population Estimates by Ethnic Group (Percentages), 2009",,,,,,,,FROM,Jun-2009,Jun-2009,Jun-2009,Jun-2009,Jun-2009,Jun-2009,Jun-2009,Jun-2009,Jun-2009,Jun-2009,Jun-2009,Jun-2009,Jun-2009,Jun-2009,Jun-2009,Jun-2009,Jun-2009,Jun-2009,Jun-2009,Jun-2009,Jun-2009,Jun-2009
AREA_TYPE,Former Local Authority,,,,,,,,TO,Jun-2009,Jun-2009,Jun-2009,Jun-2009,Jun-2009,Jun-2009,Jun-2009,Jun-2009,Jun-2009,Jun-2009,Jun-2009,Jun-2009,Jun-2009,Jun-2009,Jun-2009,Jun-2009,Jun-2009,Jun-2009,Jun-2009,Jun-2009,Jun-2009,Jun-2009
GEO_HIERARCHY,NeSS Geography Hierarchy,,,,,,,,HEADING,All Persons,White,White: British,White: Irish,White: Other White,Mixed,Mixed: White and Black Caribbean,Mixed: White and Black African,Mixed: White and Asian,Mixed: Other Mixed,Asian or Asian British,Asian or Asian British: Indian,Asian or Asian British: Pakistani,Asian or Asian British: Bangladeshi,Asian or Asian British: Other Asian,Black or Black British,Black or Black British: Caribbean,Black or Black British: African,Black or Black British: Other Black,Chinese or Other Ethnic Group,Chinese or Other Ethnic Group: Chinese,Chinese or Other Ethnic Group: Other Ethnic Group
,,,,,,,,,MEASUREMENT_UNIT,Count,Percentage,Percentage,Percentage,Percentage,Percentage,Percentage,Percentage,Percentage,Percentage,Percentage,Percentage,Percentage,Percentage,Percentage,Percentage,Percentage,Percentage,Percentage,Percentage,Percentage,Percentage
,,,,,,,,,STATISTICAL_UNIT,Persons,Persons,Persons,Persons,Persons,Persons,Persons,Persons,Persons,Persons,Persons,Persons,Persons,Persons,Persons,Persons,Persons,Persons,Persons,Persons,Persons,Persons
GOR_CODE,GOR_NAME,CTY_CODE,CTY_NAME,LA_CODE,LA_NAME,FLA_CODE,FLA_NAME,AREA_METADATA,,DATA_VALUE,DATA_VALUE,DATA_VALUE,DATA_VALUE,DATA_VALUE,DATA_VALUE,DATA_VALUE,DATA_VALUE,DATA_VALUE,DATA_VALUE,DATA_VALUE,DATA_VALUE,DATA_VALUE,DATA_VALUE,DATA_VALUE,DATA_VALUE,DATA_VALUE,DATA_VALUE,DATA_VALUE,DATA_VALUE,DATA_VALUE,DATA_VALUE
"A","North East",,,"00EJ","Durham","20UB","Chester-le-Street",,,53200,97.3,96.1,.2,1,.6,.2,.1,.2,.1,.9,.4,.3,.1,.1,.4,.1,.3,0,.7,.3,.4
"A","North East",,,"00EJ","Durham","20UD","Derwentside",,,88400,97.7,96.2,.4,1.1,.8,.2,.1,.3,.2,.8,.4,.2,.1,.1,.4,.1,.3,0,.4,.2,.2
"A","North East",,,"00EJ","Durham","20UE","Durham",,,94700,91.1,88.1,.5,2.5,1.2,.3,.2,.4,.3,4.3,3,.6,.2,.5,1,.3,.6,.1,2.4,1.1,1.3
"A","North East",,,"00EJ","Durham","20UF","Easington",,,95600,97.9,96.9,.2,.8,.6,.2,.1,.2,.1,.9,.4,.3,.1,.1,.3,.1,.2,0,.4,.2,.2
"A","North East",,,"00EJ","Durham","20UG","Sedgefield",,,86800,97.7,96.5,.3,.9,.6,.2,.1,.2,.1,.7,.3,.2,.1,.1,.4,.1,.3,0,.4,.2,.2
"A","North East",,,"00EJ","Durham","20UH","Teesdale",,,24600,97,95,.4,1.6,.9,.2,.2,.3,.2,1,.4,.3,.1,.2,.3,.1,.2,0,.7,.2,.5
"A","North East",,,"00EJ","Durham","20UJ","Wear Valley",,,63200,97.5,96,.3,1.2,.6,.2,.1,.2,.1,1,.4,.3,.1,.2,.4,.2,.2,0,.4,.2,.2
"A","North East",,,"00EM","Northumberland","35UB","Alnwick",,,32600,97.5,95.8,.5,1.2,.6,.2,.1,.2,.1,.9,.4,.3,.1,.1,.4,.1,.3,0,.4,.2,.2
"A","North East",,,"00EM","Northumberland","35UC","Berwick-upon-Tweed",,,26100,97.1,95.5,.5,1.1,.6,.2,.1,.2,.1,.9,.4,.3,.1,.1,.6,.3,.3,0,.7,.2,.5
"A","North East",,,"00EM","Northumberland","35UD","Blyth Valley",,,81000,97.6,96.3,.3,1,.6,.2,.1,.2,.1,1.1,.4,.3,.2,.2,.3,.1,.2,0,.4,.2,.2
"A","North East",,,"00EM","Northumberland","35UE","Castle Morpeth",,,50100,96.1,93.8,.5,1.8,.8,.2,.1,.3,.2,1.8,1,.4,.2,.2,.7,.2,.5,0,.7,.3,.4
"A","North East",,,"00EM","Northumberland","35UF","Tynedale",,,59300,96.9,95,.5,1.4,.8,.2,.1,.3,.2,1.1,.4,.4,.1,.2,.8,.2,.6,0,.5,.2,.3
"A","North East",,,"00EM","Northumberland","35UG","Wansbeck",,,62000,97.5,95.8,.3,1.4,.6,.2,.1,.2,.1,1.1,.5,.3,.2,.1,.3,.1,.2,0,.4,.2,.2
"B","North West",,,"00EQ","Cheshire East","13UC","Congleton",,,92100,96.8,94.2,.6,2,.9,.3,.1,.3,.2,1.2,.6,.4,.1,.1,.5,.2,.3,0,.6,.3,.3
"B","North West",,,"00EQ","Cheshire East","13UD","Crewe and Nantwich",,,118300,95.9,92.8,.7,2.4,1,.4,.1,.3,.2,1.5,.6,.4,.3,.2,.8,.3,.4,.1,.7,.4,.3
"B","North West",,,"00EQ","Cheshire East","13UG","Macclesfield",,,152300,95.3,91.7,.9,2.7,1.1,.3,.1,.4,.3,1.9,.9,.7,.1,.2,.9,.3,.5,.1,.8,.4,.4
"B","North West",,,"00EW","Cheshire West and Chester","13UB","Chester",,,118700,95.6,91.3,1,3.3,1.1,.3,.2,.3,.3,1.9,.9,.4,.3,.3,.8,.3,.4,.1,.7,.3,.4
"B","North West",,,"00EW","Cheshire West and Chester","13UE","Ellesmere Port & Neston",,,80600,97.1,94.3,.9,1.9,.9,.2,.2,.3,.2,1.1,.5,.2,.1,.3,.3,.1,.2,0,.5,.3,.2
"B","North West",,,"00EW","Cheshire West and Chester","13UH","Vale Royal",,,127200,96.8,94.1,.6,2.1,.9,.3,.1,.3,.2,1.2,.5,.3,.1,.3,.5,.2,.3,0,.7,.4,.3
"F","West Midlands",,,"00GG","Shropshire","39UB","Bridgnorth",,,52300,96.4,94.2,.6,1.6,.8,.3,.1,.2,.2,1.6,.8,.5,.1,.2,.7,.3,.3,.1,.5,.3,.2
"F","West Midlands",,,"00GG","Shropshire","39UC","North Shropshire",,,60600,96.4,94.4,.6,1.4,1,.4,.1,.3,.2,1.5,.8,.4,.1,.2,.7,.3,.3,.1,.8,.3,.5
"F","West Midlands",,,"00GG","Shropshire","39UD","Oswestry",,,40200,96.4,94.2,.5,1.7,.9,.3,.1,.3,.2,1.5,.9,.3,.2,.1,.5,.2,.3,0,.8,.3,.5
"F","West Midlands",,,"00GG","Shropshire","39UE","Shrewsbury and Atcham",,,96100,96.1,92.9,.6,2.6,1,.3,.1,.3,.3,1.5,.8,.4,.1,.2,.6,.2,.3,.1,.9,.3,.6
"F","West Midlands",,,"00GG","Shropshire","39UF","South Shropshire",,,42600,96.2,94.1,.6,1.5,.9,.3,.1,.3,.2,1.7,1,.4,.1,.2,.7,.3,.3,.1,.7,.3,.4
"G","East of England",,,"00KC","Central Bedfordshire","09UC","Mid Bedfordshire",,,134800,92.3,87.8,1,3.5,1.5,.4,.2,.5,.4,3.3,1.9,.7,.3,.4,1.5,.5,.9,.1,1.4,.8,.6
"G","East of England",,,"00KC","Central Bedfordshire","09UE","South Bedfordshire",,,118100,90.4,85.4,1.5,3.5,1.8,.6,.2,.6,.4,4.5,1.9,1.2,.5,.9,2.4,.5,1.7,.2,1,.5,.5
"K","South West",,,"00HE","Cornwall","15UB","Caradon",,,83600,96.8,94.1,.6,2.1,.9,.3,.1,.3,.2,1.2,.5,.3,.1,.3,.6,.2,.4,0,.5,.2,.3
"K","South West",,,"00HE","Cornwall","15UC","Carrick",,,92900,95.6,92.2,.6,2.8,1.1,.3,.1,.4,.3,1.6,.7,.4,.1,.4,.9,.3,.5,.1,.9,.4,.5
"K","South West",,,"00HE","Cornwall","15UD","Kerrier",,,100000,96.1,93.5,.5,2.1,.9,.3,.1,.3,.2,1.4,.6,.3,.1,.4,.6,.2,.4,0,1,.7,.3
"K","South West",,,"00HE","Cornwall","15UE","North Cornwall",,,87200,95.7,93.1,.6,2,1,.3,.1,.4,.2,1,.5,.3,.1,.1,.8,.3,.4,.1,1.5,1.2,.3
"K","South West",,,"00HE","Cornwall","15UF","Penwith",,,64300,96.1,92.2,.6,3.3,.9,.3,.1,.3,.2,1.6,.9,.3,.2,.2,.8,.3,.4,.1,.6,.3,.3
"K","South West",,,"00HE","Cornwall","15UG","Restormel",,,103100,95.1,92.4,.6,2.1,1.1,.3,.2,.3,.3,1.6,.8,.4,.1,.3,.9,.3,.5,.1,1.2,.9,.3
"K","South West",,,"00HY","Wiltshire","46UB","Kennet",,,79400,94.8,91.1,.8,2.9,1.3,.4,.2,.4,.3,2.1,1.3,.4,.2,.2,1,.4,.5,.1,.9,.4,.5
"K","South West",,,"00HY","Wiltshire","46UC","North Wiltshire",,,133000,95.4,91.3,.8,3.3,1.3,.4,.2,.4,.3,1.6,.8,.4,.2,.2,1,.4,.5,.1,.7,.3,.4
"K","South West",,,"00HY","Wiltshire","46UD","Salisbury",,,116700,95.6,92.3,.7,2.6,1,.3,.1,.3,.3,1.8,1,.3,.2,.3,.9,.3,.5,.1,.7,.3,.4
"K","South West",,,"00HY","Wiltshire","46UF","West Wiltshire",,,127000,95.2,92.3,.6,2.3,1.2,.4,.1,.4,.3,1.6,.8,.4,.1,.3,1,.4,.5,.1,.9,.3,.6