DATASET_TITLE,Occupancy Rating (UV59),,,,,,FROM,Apr-2001,Apr-2001,Apr-2001,Apr-2001,Apr-2001,Apr-2001
AREA_TYPE,Local Authority,,,,,,TO,Apr-2001,Apr-2001,Apr-2001,Apr-2001,Apr-2001,Apr-2001
GEO_HIERARCHY,NeSS Geography Hierarchy,,,,,,HEADING,All Households,Occupancy rating of + 2 or more,Occupancy rating of + 1,Occupancy rating of 0,Occupancy rating of -1,Occupancy rating of  -2 or less
,,,,,,,MEASUREMENT_UNIT,Count,Count,Count,Count,Count,Count
,,,,,,,STATISTICAL_UNIT,Households,Households,Households,Households,Households,Households
GOR_CODE,GOR_NAME,CTY_CODE,CTY_NAME,LA_CODE,LA_NAME,AREA_METADATA,,DATA_VALUE,DATA_VALUE,DATA_VALUE,DATA_VALUE,DATA_VALUE,DATA_VALUE
"G","East of England",,,"00JA","Peterborough",,,65380,32644,16965,12132,2640,999
"G","East of England",,,"00KA","Luton",,,70755,29082,18739,14736,5206,2992
"G","East of England",,,"00KF","Southend-on-Sea",,,70978,32994,18470,14092,4037,1385
"G","East of England",,,"00KG","Thurrock",,,58485,25234,16757,12645,3055,794
"G","East of England","09","Bedfordshire","09UC","Mid Bedfordshire",,,48600,28488,11510,6935,1295,372
"G","East of England","09","Bedfordshire","09UD","Bedford",,,59597,31999,13033,10035,3094,1436
"G","East of England","09","Bedfordshire","09UE","South Bedfordshire",,,45665,24195,11844,7556,1620,450
"G","East of England","12","Cambridgeshire","12UB","Cambridge",,,42658,19231,9711,8567,3425,1724
"G","East of England","12","Cambridgeshire","12UC","East Cambridgeshire",,,29780,17431,7272,3982,860,235
"G","East of England","12","Cambridgeshire","12UD","Fenland",,,35192,18478,9739,5533,1192,250
"G","East of England","12","Cambridgeshire","12UE","Huntingdonshire",,,63062,38468,13882,8422,1793,497
"G","East of England","12","Cambridgeshire","12UG","South Cambridgeshire",,,52181,33242,11604,5796,1190,349
"G","East of England","22","Essex","22UB","Basildon",,,69207,33052,18467,13652,3159,877
"G","East of England","22","Essex","22UC","Braintree",,,54332,29891,13904,8336,1747,454
"G","East of England","22","Essex","22UD","Brentwood",,,28767,16634,6584,4266,1032,251
"G","East of England","22","Essex","22UE","Castle Point",,,35279,18450,9828,5636,1081,284
"G","East of England","22","Essex","22UF","Chelmsford",,,64564,37065,14673,10035,2158,633
"G","East of England","22","Essex","22UG","Colchester",,,63706,33872,15527,10758,2649,900
"G","East of England","22","Essex","22UH","Epping Forest",,,50590,25910,12256,9670,2215,539
"G","East of England","22","Essex","22UJ","Harlow",,,33185,12245,9564,8639,2080,657
"G","East of England","22","Essex","22UK","Maldon",,,24189,14758,5266,3307,694,164
"G","East of England","22","Essex","22UL","Rochford",,,31952,17831,8545,4419,883,274
"G","East of England","22","Essex","22UN","Tendring",,,61411,28972,19596,9785,2402,656
"G","East of England","22","Essex","22UQ","Uttlesford",,,27519,17707,5556,3305,749,202
"G","East of England","26","Hertfordshire","26UB","Broxbourne",,,34933,16227,9246,7088,1854,518
"G","East of England","26","Hertfordshire","26UC","Dacorum",,,55908,30438,12603,10225,2071,571
"G","East of England","26","Hertfordshire","26UD","East Hertfordshire",,,52084,29776,11741,8112,1960,495
"G","East of England","26","Hertfordshire","26UE","Hertsmere",,,37869,18784,9588,7168,1736,593
"G","East of England","26","Hertfordshire","26UF","North Hertfordshire",,,48810,26502,11844,8069,1865,530
"G","East of England","26","Hertfordshire","26UG","St Albans",,,52659,30312,11396,8028,2139,784
"G","East of England","26","Hertfordshire","26UH","Stevenage",,,32754,15573,8057,7040,1625,459
"G","East of England","26","Hertfordshire","26UJ","Three Rivers",,,33439,18159,8007,5519,1344,410
"G","East of England","26","Hertfordshire","26UK","Watford",,,32350,14677,7946,6583,2245,899
"G","East of England","26","Hertfordshire","26UL","Welwyn Hatfield",,,39844,20320,9487,7618,1814,605
"G","East of England","33","Norfolk","33UB","Breckland",,,50715,28676,13651,6707,1365,316
"G","East of England","33","Norfolk","33UC","Broadland",,,50009,30932,12679,5476,759,163
"G","East of England","33","Norfolk","33UD","Great Yarmouth",,,39380,20125,10823,6724,1374,334
"G","East of England","33","Norfolk","33UE","King's Lynn and West Norfolk",,,58338,32637,15970,7612,1673,446
"G","East of England","33","Norfolk","33UF","North Norfolk",,,43502,25518,11285,5482,989,228
"G","East of England","33","Norfolk","33UG","Norwich",,,54584,24391,14455,12223,2657,858
"G","East of England","33","Norfolk","33UH","South Norfolk",,,46607,29586,11062,4896,851,212
"G","East of England","42","Suffolk","42UB","Babergh",,,34863,21411,8265,4199,812,176
"G","East of England","42","Suffolk","42UC","Forest Heath",,,23018,10622,7185,4030,889,292
"G","East of England","42","Suffolk","42UD","Ipswich",,,49869,26175,11874,8704,2321,795
"G","East of England","42","Suffolk","42UE","Mid Suffolk",,,35396,21812,8369,4331,735,149
"G","East of England","42","Suffolk","42UF","St Edmundsbury",,,40560,23669,9887,5580,1103,321
"G","East of England","42","Suffolk","42UG","Suffolk Coastal",,,49025,30439,11409,5625,1253,299
"G","East of England","42","Suffolk","42UH","Waveney",,,48424,26532,13011,7060,1498,323