DATASET_TITLE,Occupancy Rating (UV59),,,,,,FROM,Apr-2001,Apr-2001,Apr-2001,Apr-2001,Apr-2001,Apr-2001
AREA_TYPE,Local Authority,,,,,,TO,Apr-2001,Apr-2001,Apr-2001,Apr-2001,Apr-2001,Apr-2001
GEO_HIERARCHY,NeSS Geography Hierarchy,,,,,,HEADING,All Households,Occupancy rating of + 2 or more,Occupancy rating of + 1,Occupancy rating of 0,Occupancy rating of -1,Occupancy rating of  -2 or less
,,,,,,,MEASUREMENT_UNIT,Count,Count,Count,Count,Count,Count
,,,,,,,STATISTICAL_UNIT,Households,Households,Households,Households,Households,Households
GOR_CODE,GOR_NAME,CTY_CODE,CTY_NAME,LA_CODE,LA_NAME,AREA_METADATA,,DATA_VALUE,DATA_VALUE,DATA_VALUE,DATA_VALUE,DATA_VALUE,DATA_VALUE
"D","Yorkshire and The Humber",,,"00CC","Barnsley",,,92165,42207,29640,16716,2872,730
"D","Yorkshire and The Humber",,,"00CE","Doncaster",,,118699,62659,33603,17853,3619,965
"D","Yorkshire and The Humber",,,"00CF","Rotherham",,,102279,49976,30777,17529,3088,909
"D","Yorkshire and The Humber",,,"00CG","Sheffield",,,217622,99374,61006,43482,10229,3531
"D","Yorkshire and The Humber",,,"00CX","Bradford",,,180246,78820,50199,36321,10285,4621
"D","Yorkshire and The Humber",,,"00CY","Calderdale",,,80937,35545,23061,16670,4408,1253
"D","Yorkshire and The Humber",,,"00CZ","Kirklees",,,159031,69852,43804,33244,9041,3090
"D","Yorkshire and The Humber",,,"00DA","Leeds",,,301614,133066,85370,59738,16375,7065
"D","Yorkshire and The Humber",,,"00DB","Wakefield",,,132212,60015,42856,23567,4475,1299
"D","Yorkshire and The Humber",,,"00FA","Kingston upon Hull, City of",,,104288,37332,35677,24576,5203,1500
"D","Yorkshire and The Humber",,,"00FB","East Riding of Yorkshire",,,131084,77144,34478,15973,2814,675
"D","Yorkshire and The Humber",,,"00FC","North East Lincolnshire",,,66054,37091,16632,9837,1941,553
"D","Yorkshire and The Humber",,,"00FD","North Lincolnshire",,,64014,37284,16471,8484,1400,375
"D","Yorkshire and The Humber",,,"00FF","York",,,76920,38953,21203,12878,2908,978
"D","Yorkshire and The Humber","36","North Yorkshire","36UB","Craven",,,22680,13055,5783,2995,684,163
"D","Yorkshire and The Humber","36","North Yorkshire","36UC","Hambleton",,,34688,22390,7668,3803,662,165
"D","Yorkshire and The Humber","36","North Yorkshire","36UD","Harrogate",,,63077,37614,14744,8481,1655,583
"D","Yorkshire and The Humber","36","North Yorkshire","36UE","Richmondshire",,,18125,10798,4373,2314,461,179
"D","Yorkshire and The Humber","36","North Yorkshire","36UF","Ryedale",,,21451,13025,5340,2489,456,141
"D","Yorkshire and The Humber","36","North Yorkshire","36UG","Scarborough",,,46726,23984,12800,7627,1779,536
"D","Yorkshire and The Humber","36","North Yorkshire","36UH","Selby",,,30836,17966,8049,3905,701,215