DATASET_TITLE,Parish Profile - Work and Qualifications,,,,,,FROM,Apr-2001,Apr-2001,Apr-2001,Apr-2001,Apr-2001,Apr-2001,Apr-2001,Apr-2001,Apr-2001,Apr-2001,Apr-2001,Apr-2001,Apr-2001,Apr-2001,Apr-2001,Apr-2001,Apr-2001,Apr-2001,Apr-2001,Apr-2001,Apr-2001,Apr-2001,Apr-2001,Apr-2001,Apr-2001,Apr-2001,Apr-2001,Apr-2001,Apr-2001,Apr-2001
AREA_TYPE,Region,,,,,,TO,Apr-2001,Apr-2001,Apr-2001,Apr-2001,Apr-2001,Apr-2001,Apr-2001,Apr-2001,Apr-2001,Apr-2001,Apr-2001,Apr-2001,Apr-2001,Apr-2001,Apr-2001,Apr-2001,Apr-2001,Apr-2001,Apr-2001,Apr-2001,Apr-2001,Apr-2001,Apr-2001,Apr-2001,Apr-2001,Apr-2001,Apr-2001,Apr-2001,Apr-2001,Apr-2001
GEO_HIERARCHY,2003 Parish Hierarchy,,,,,,HEADING,All people aged 16 to 74,All people aged 16 to 74: Economically active : Employed,All people aged 16 to 74: Economically active : Unemployed,All people aged 16 to 74 : Economically inactive,All males aged 16 to 74,All males aged 16 to 74: Economically active: Employed,All males aged 16 to 74: Economically active: Unemployed,All males aged 16 to 74: Economically inactive,All males aged 16-74 in employment: Average (mean) hours worked,All females aged 16 to 74,All females aged 16 to 74: Economically active: Employed,All females aged 16 to 74: Economically active: Unemployed,All females aged 16 to 74: Economically inactive,All females aged 16 to 74 in employment: Average (mean) hours worked,All people aged 16 to 74 in employment: Extractive and Manufacturing Industries,All people aged 16 to 74 in employment: Service Industries,All people aged 16 to 74: No qualifications or highest qualification at level 1 or other qualifications / level unknown,All people aged 16 to 74: Highest qualification at level 2,All people aged 16 to 74: Highest qualification at level 3; 4 or 5,All people aged 16 to 74: NS-SeC Managerial and professional occupations,All people aged 16 to 74: NS-SeC Intermediate occupations,All people aged 16 to 74: NS-SeC Small employers and own-account workers,All people aged 16 to 74: NS-SeC Lower supervisory and technical occupations,All people aged 16 to 74: NS-SeC semi-routine and routine occupations,All people aged 16 to 74: NS-SeC never worked and long-term unemployed,All people aged 16 to 74: NS-SeC not classified,All people aged 16 to 74 in employment: Travel to work by public transport,All people aged 16 to 74 in employment: Travel to work by motorcycle; car or van,All people aged 16 to 74 in employment: Travel to work by other means or work at home,All people aged 16 to 74 in employment: Average distance travelled to fixed place of work
,,,,,,,MEASUREMENT_UNIT,Count,Count,Count,Count,Count,Count,Count,Count,Hours,Count,Count,Count,Count,Hours,Count,Count,Count,Count,Count,Count,Count,Count,Count,Count,Count,Count,Count,Count,Count,Kilometres
,,,,,,,STATISTICAL_UNIT,Persons,Persons,Persons,Persons,Persons,Persons,Persons,Persons,Persons,Persons,Persons,Persons,Persons,Persons,Persons,Persons,Persons,Persons,Persons,Persons,Persons,Persons,Persons,Persons,Persons,Persons,Persons,Persons,Persons,Persons
EW_CODE,EW_NAME,CTRY_CODE,CTRY_NAME,GOR_CODE,GOR_NAME,AREA_METADATA,,DATA_VALUE,DATA_VALUE,DATA_VALUE,DATA_VALUE,DATA_VALUE,DATA_VALUE,DATA_VALUE,DATA_VALUE,DATA_VALUE,DATA_VALUE,DATA_VALUE,DATA_VALUE,DATA_VALUE,DATA_VALUE,DATA_VALUE,DATA_VALUE,DATA_VALUE,DATA_VALUE,DATA_VALUE,DATA_VALUE,DATA_VALUE,DATA_VALUE,DATA_VALUE,DATA_VALUE,DATA_VALUE,DATA_VALUE,DATA_VALUE,DATA_VALUE,DATA_VALUE,DATA_VALUE
"727","England and Wales","064","England",,,,,,,,,,,,,,,,,,,,,,,,,,,,,,,,,,
"727","England and Wales","220","Wales",,,,,,,,,,,,,,,,,,,,,,,,,,,,,,,,,,
"727","England and Wales","064","England","A","North East",,,,,,,,,,,,,,,,,,,,,,,,,,,,,,,,
"727","England and Wales","064","England","B","North West",,,,,,,,,,,,,,,,,,,,,,,,,,,,,,,,
"727","England and Wales","064","England","D","Yorkshire and The Humber",,,,,,,,,,,,,,,,,,,,,,,,,,,,,,,,
"727","England and Wales","064","England","E","East Midlands",,,,,,,,,,,,,,,,,,,,,,,,,,,,,,,,
"727","England and Wales","064","England","F","West Midlands",,,,,,,,,,,,,,,,,,,,,,,,,,,,,,,,
"727","England and Wales","064","England","G","East of England",,,,,,,,,,,,,,,,,,,,,,,,,,,,,,,,
"727","England and Wales","064","England","H","London",,,,,,,,,,,,,,,,,,,,,,,,,,,,,,,,
"727","England and Wales","064","England","J","South East",,,,,,,,,,,,,,,,,,,,,,,,,,,,,,,,
"727","England and Wales","064","England","K","South West",,,,,,,,,,,,,,,,,,,,,,,,,,,,,,,,
"727","England and Wales",,,,,,,,,,,,,,,,,,,,,,,,,,,,,,,,,,,,