DATASET_TITLE,"National Curriculum Assessments at Key Stage 1 by Gender in England (Referenced by Location of Educational Institution), 2008",,,,,,FROM,Sep-2007,Sep-2007,Sep-2007,Sep-2007,Sep-2007,Sep-2007,Sep-2007,Sep-2007,Sep-2007,Sep-2007,Sep-2007,Sep-2007,Sep-2007,Sep-2007,Sep-2007,Sep-2007,Sep-2007,Sep-2007
AREA_TYPE,Local Authority,,,,,,TO,Aug-2008,Aug-2008,Aug-2008,Aug-2008,Aug-2008,Aug-2008,Aug-2008,Aug-2008,Aug-2008,Aug-2008,Aug-2008,Aug-2008,Aug-2008,Aug-2008,Aug-2008,Aug-2008,Aug-2008,Aug-2008
GEO_HIERARCHY,NeSS Geography Hierarchy,,,,,,HEADING,Pupils Eligible for KS1 Assessment,Pupils Achieving Level 2+; in Reading,Pupils Achieving Level 2+; in Writing,Pupils Achieving Level 2+; in Mathematics,Pupils Achieving Level 2+; in Science,Average Point Score of Pupils Eligible for KS1 Assessment,Boy Pupils Eligible for KS1 Assessment,Boy Pupils Achieving Level 2+; in Reading,Boy Pupils Achieving Level 2+; in Writing,Boy Pupils Achieving Level 2+; in Mathematics,Boy Pupils Achieving Level 2+; in Science,Average Point Score of Boy Pupils Eligible for KS1 Assessment,Girl Pupils Eligible for KS1 Assessment,Girl Pupils Achieving Level 2+; in Reading,Girl Pupils Achieving Level 2+; in Writing,Girl Pupils Achieving Level 2+; in Mathematics,Girl Pupils Achieving Level 2+; in Science,Average Point Score of Girl Pupils Eligible for KS1 Assessment
,,,,,,,MEASUREMENT_UNIT,Count,Percentage,Percentage,Percentage,Percentage,Score,Count,Percentage,Percentage,Percentage,Percentage,Score,Count,Percentage,Percentage,Percentage,Percentage,Score
,,,,,,,STATISTICAL_UNIT,Persons,Persons,Persons,Persons,Persons,Persons,Persons,Persons,Persons,Persons,Persons,Persons,Persons,Persons,Persons,Persons,Persons,Persons
GOR_CODE,GOR_NAME,CTY_CODE,CTY_NAME,LA_CODE,LA_NAME,AREA_METADATA,,DATA_VALUE,DATA_VALUE,DATA_VALUE,DATA_VALUE,DATA_VALUE,DATA_VALUE,DATA_VALUE,DATA_VALUE,DATA_VALUE,DATA_VALUE,DATA_VALUE,DATA_VALUE,DATA_VALUE,DATA_VALUE,DATA_VALUE,DATA_VALUE,DATA_VALUE,DATA_VALUE
"A","North East",,,"00CH","Gateshead",,,1954,81,76,88,85,14.8,1018,76,70,86,83,14.4,936,86,83,89,88,15.2
"A","North East",,,"00CJ","Newcastle upon Tyne",,,2518,80,76,88,86,14.9,1285,75,70,86,85,14.5,1233,85,81,89,87,15.3
"A","North East",,,"00CK","North Tyneside",,,2035,87,80,92,89,15.4,1048,81,73,90,86,14.9,987,93,88,93,91,16
"A","North East",,,"00CL","South Tyneside",,,1453,82,78,89,88,15,752,77,71,87,86,14.5,701,87,85,90,90,15.5
"A","North East",,,"00CM","Sunderland",,,2897,82,76,89,84,14.8,1518,77,71,86,81,14.4,1379,87,83,91,87,15.2
"A","North East",,,"00EB","Hartlepool",,,1026,82,80,86,88,14.9,535,79,76,85,86,14.5,491,86,85,87,89,15.4
"A","North East",,,"00EC","Middlesbrough",,,1579,81,79,87,85,14.6,810,77,72,84,84,14.1,769,86,86,90,87,15.2
"A","North East",,,"00EE","Redcar and Cleveland",,,1542,80,76,86,87,14.5,774,74,68,84,85,14.1,768,86,84,89,90,15
"A","North East",,,"00EF","Stockton-on-Tees",,,1973,86,81,90,89,15.4,1008,82,77,90,88,15,965,89,86,90,90,15.8
"A","North East",,,"00EH","Darlington",,,1051,82,78,89,89,15.1,522,77,74,87,88,14.7,529,86,83,90,90,15.4
"A","North East",,,"00EJ","Durham",,,.,.,.,.,.,.,.,.,.,.,.,.,.,.,.,.,.,.
"A","North East",,,"00EM","Northumberland",,,.,.,.,.,.,.,.,.,.,.,.,.,.,.,.,.,.,.
"B","North West",,,"00BL","Bolton",,,3188,83,77,88,87,14.9,1665,79,72,87,85,14.6,1523,87,82,89,88,15.3
"B","North West",,,"00BM","Bury",,,2023,86,80,92,89,15.3,1017,83,74,91,86,14.9,1006,89,86,92,91,15.7
"B","North West",,,"00BN","Manchester",,,4889,77,71,85,82,14.3,2448,72,64,83,79,13.8,2441,81,77,87,84,14.7
"B","North West",,,"00BP","Oldham",,,2972,80,75,86,82,14.6,1533,75,69,83,79,14.1,1439,85,82,89,86,15.1
"B","North West",,,"00BQ","Rochdale",,,2494,81,76,87,85,14.6,1306,76,70,85,83,14.1,1188,87,83,89,88,15.1
"B","North West",,,"00BR","Salford",,,2286,83,79,88,86,15,1159,80,73,86,84,14.6,1127,87,84,90,88,15.4
"B","North West",,,"00BS","Stockport",,,2881,86,83,91,91,15.7,1456,82,78,90,90,15.3,1425,90,88,92,92,16.1
"B","North West",,,"00BT","Tameside",,,2416,83,79,90,87,14.9,1203,78,73,89,84,14.5,1213,87,86,91,89,15.3
"B","North West",,,"00BU","Trafford",,,2353,88,85,93,91,16,1173,84,80,91,90,15.6,1180,92,90,94,93,16.3
"B","North West",,,"00BW","Wigan",,,3383,85,80,92,90,15.3,1726,80,74,90,88,14.8,1657,89,87,93,92,15.8
"B","North West",,,"00BX","Knowsley",,,1774,80,75,87,85,14.7,926,75,69,86,84,14.4,848,85,82,89,87,15
"B","North West",,,"00BY","Liverpool",,,4489,82,78,90,86,15,2350,79,72,89,84,14.7,2139,84,83,90,87,15.4
"B","North West",,,"00BZ","St. Helens",,,1848,83,81,91,90,15.4,930,80,76,89,88,15.1,918,87,86,92,92,15.6
"B","North West",,,"00CA","Sefton",,,2769,84,79,90,89,15.3,1397,80,73,88,89,14.9,1372,88,86,91,90,15.6
"B","North West",,,"00CB","Wirral",,,3379,84,79,88,90,15,1762,81,74,88,89,14.7,1617,87,84,89,91,15.3
"B","North West",,,"00EQ","Cheshire East",,,.,.,.,.,.,.,.,.,.,.,.,.,.,.,.,.,.,.
"B","North West",,,"00ET","Halton",,,1411,80,77,87,85,14.9,684,74,70,84,81,14.3,727,86,84,89,89,15.5
"B","North West",,,"00EU","Warrington",,,2162,87,82,93,91,15.7,1121,84,78,92,91,15.3,1041,89,87,93,92,16
"B","North West",,,"00EW","Cheshire West and Chester",,,.,.,.,.,.,.,.,.,.,.,.,.,.,.,.,.,.,.
"B","North West",,,"00EX","Blackburn with Darwen",,,1911,81,77,88,87,14.8,965,77,71,87,85,14.5,946,85,83,89,88,15.1
"B","North West",,,"00EY","Blackpool",,,1478,81,77,91,90,15.2,723,77,72,90,89,14.9,755,85,83,92,91,15.6
"B","North West","16","Cumbria","16UB","Allerdale",,,935,87,84,92,91,15.5,462,81,78,91,91,15.1,473,93,90,93,92,15.9
"B","North West","16","Cumbria","16UC","Barrow-in-Furness",,,776,85,83,91,91,15.4,398,80,78,89,89,15,378,89,88,93,93,15.7
"B","North West","16","Cumbria","16UD","Carlisle",,,1044,83,83,89,88,15.2,512,78,77,87,85,14.6,532,89,89,92,90,15.8
"B","North West","16","Cumbria","16UE","Copeland",,,672,84,81,89,90,15.3,356,81,78,89,88,15.1,316,86,84,90,93,15.6
"B","North West","16","Cumbria","16UF","Eden",,,496,85,83,92,94,15.5,244,82,78,90,94,15.1,252,89,87,93,93,15.8
"B","North West","16","Cumbria","16UG","South Lakeland",,,860,89,86,92,94,15.8,431,86,83,91,93,15.5,429,92,89,93,96,16.1
"B","North West","30","Lancashire","30UD","Burnley",,,989,76,69,83,84,14.1,534,73,64,83,82,13.8,455,80,75,83,86,14.5
"B","North West","30","Lancashire","30UE","Chorley",,,1173,89,86,92,92,15.6,618,84,79,89,90,15.1,555,94,93,94,94,16.2
"B","North West","30","Lancashire","30UF","Fylde",,,661,88,83,93,94,15.9,346,84,76,90,92,15.3,315,92,91,95,96,16.5
"B","North West","30","Lancashire","30UG","Hyndburn",,,989,78,73,85,81,14.4,484,75,67,83,80,14.1,505,81,78,86,81,14.8
"B","North West","30","Lancashire","30UH","Lancaster",,,1331,83,80,91,88,15.5,699,82,76,91,88,15.2,632,85,84,92,88,15.8
"B","North West","30","Lancashire","30UJ","Pendle",,,1066,78,71,85,80,14.3,549,72,63,83,78,13.8,517,83,79,88,82,14.8
"B","North West","30","Lancashire","30UK","Preston",,,1484,82,78,89,85,15.1,759,79,73,89,85,14.8,725,85,83,90,86,15.3
"B","North West","30","Lancashire","30UL","Ribble Valley",,,651,91,87,93,93,16,351,88,83,92,93,15.7,300,94,93,94,94,16.3
"B","North West","30","Lancashire","30UM","Rossendale",,,748,84,80,89,88,15.1,364,77,72,85,85,14.5,384,91,88,93,90,15.7
"B","North West","30","Lancashire","30UN","South Ribble",,,1090,87,83,93,91,15.7,554,83,77,90,90,15.2,536,91,89,95,93,16.1
"B","North West","30","Lancashire","30UP","West Lancashire",,,1169,85,83,92,91,15.8,602,82,79,91,91,15.5,567,88,87,92,91,16
"B","North West","30","Lancashire","30UQ","Wyre",,,953,86,80,91,92,15.5,494,83,74,90,90,15.1,459,91,87,92,93,16
"D","Yorkshire and The Humber",,,"00CC","Barnsley",,,2342,79,76,87,85,14.5,1189,75,70,86,83,14.2,1153,84,81,87,86,14.8
"D","Yorkshire and The Humber",,,"00CE","Doncaster",,,3161,82,77,89,87,15,1626,78,73,87,86,14.7,1535,86,82,91,88,15.3
"D","Yorkshire and The Humber",,,"00CF","Rotherham",,,2834,79,78,87,85,15,1462,75,73,85,84,14.6,1372,84,84,88,87,15.5
"D","Yorkshire and The Humber",,,"00CG","Sheffield",,,5303,80,77,87,84,14.8,2718,77,71,86,83,14.6,2585,84,82,88,86,15.1
"D","Yorkshire and The Humber",,,"00CX","Bradford",,,6558,79,74,84,82,14.4,3321,75,68,82,79,14,3237,84,81,86,85,14.8
"D","Yorkshire and The Humber",,,"00CY","Calderdale",,,2360,84,80,89,89,15.2,1224,79,74,87,87,14.8,1136,89,86,91,92,15.6
"D","Yorkshire and The Humber",,,"00CZ","Kirklees",,,4628,84,80,89,88,15.3,2338,80,75,87,87,15,2290,89,86,91,90,15.7
"D","Yorkshire and The Humber",,,"00DA","Leeds",,,7436,81,75,85,84,14.4,3801,77,70,84,82,14.1,3635,85,80,86,86,14.7
"D","Yorkshire and The Humber",,,"00DB","Wakefield",,,3330,84,78,90,89,15.3,1684,79,72,89,87,14.9,1646,89,85,90,90,15.6
"D","Yorkshire and The Humber",,,"00FA","Kingston upon Hull, City of",,,2570,74,69,83,84,14,1344,68,62,81,81,13.6,1226,81,76,85,86,14.5
"D","Yorkshire and The Humber",,,"00FB","East Riding of Yorkshire",,,3324,86,82,91,91,15.4,1704,82,77,89,90,15,1620,90,88,92,93,15.8
"D","Yorkshire and The Humber",,,"00FC","North East Lincolnshire",,,1645,83,78,86,87,14.7,833,78,70,84,85,14.2,812,88,85,88,90,15.2
"D","Yorkshire and The Humber",,,"00FD","North Lincolnshire",,,1783,83,78,87,87,14.8,900,78,71,85,84,14.3,883,88,84,90,90,15.3
"D","Yorkshire and The Humber",,,"00FF","York",,,1700,86,84,92,93,15.7,891,82,78,90,92,15.3,809,91,90,93,95,16.1
"D","Yorkshire and The Humber","36","North Yorkshire","36UB","Craven",,,571,92,87,95,93,16,293,89,83,94,92,15.8,278,94,92,96,94,16.3
"D","Yorkshire and The Humber","36","North Yorkshire","36UC","Hambleton",,,881,89,86,93,94,15.9,453,85,82,92,93,15.7,428,93,90,93,96,16.1
"D","Yorkshire and The Humber","36","North Yorkshire","36UD","Harrogate",,,1385,87,85,92,94,15.8,707,83,79,90,92,15.4,678,92,91,95,95,16.3
"D","Yorkshire and The Humber","36","North Yorkshire","36UE","Richmondshire",,,515,88,85,92,93,15.6,264,84,80,91,93,15.2,251,92,89,94,93,16
"D","Yorkshire and The Humber","36","North Yorkshire","36UF","Ryedale",,,430,86,83,91,91,15.6,210,82,77,90,91,15.1,220,90,89,92,92,16
"D","Yorkshire and The Humber","36","North Yorkshire","36UG","Scarborough",,,943,81,77,87,92,15,488,78,72,86,90,14.6,455,85,83,89,94,15.4
"D","Yorkshire and The Humber","36","North Yorkshire","36UH","Selby",,,836,85,80,91,92,15.3,421,79,73,87,90,15,415,91,87,94,93,15.7
"E","East Midlands",,,"00FK","Derby",,,2715,81,77,87,86,15,1438,76,70,85,84,14.6,1277,87,84,90,88,15.4
"E","East Midlands",,,"00FN","Leicester",,,3497,79,74,85,81,14.4,1837,76,69,85,79,14.1,1660,82,79,86,83,14.7
"E","East Midlands",,,"00FP","Rutland",,,329,85,84,92,93,15.5,173,80,77,91,92,15.1,156,90,91,94,94,15.8
"E","East Midlands",,,"00FY","Nottingham",,,2768,78,72,85,84,14.4,1417,73,66,83,81,14,1351,83,79,88,86,14.8
"E","East Midlands","17","Derbyshire","17UB","Amber Valley",,,1250,90,86,94,94,16.1,631,87,81,93,92,15.7,619,93,91,96,95,16.5
"E","East Midlands","17","Derbyshire","17UC","Bolsover",,,746,86,82,92,92,15.7,383,83,79,90,91,15.6,363,89,86,93,93,15.9
"E","East Midlands","17","Derbyshire","17UD","Chesterfield",,,914,89,88,94,92,16.1,476,87,85,93,92,15.9,438,91,91,95,93,16.4
"E","East Midlands","17","Derbyshire","17UF","Derbyshire Dales",,,664,89,87,93,95,16.2,332,85,84,92,93,16,332,92,90,93,96,16.4
"E","East Midlands","17","Derbyshire","17UG","Erewash",,,1088,87,83,92,90,15.9,556,83,77,90,88,15.6,532,92,90,94,91,16.2
"E","East Midlands","17","Derbyshire","17UH","High Peak",,,933,88,86,94,94,16.3,456,86,84,93,93,16,477,90,89,94,94,16.5
"E","East Midlands","17","Derbyshire","17UJ","North East Derbyshire",,,1017,91,89,95,95,16.3,520,87,84,94,95,15.9,497,95,94,96,96,16.7
"E","East Midlands","17","Derbyshire","17UK","South Derbyshire",,,968,91,87,96,94,16.4,478,87,82,95,93,16,490,94,92,98,96,16.8
"E","East Midlands","31","Leicestershire","31UB","Blaby",,,1045,89,87,92,93,16,533,86,83,92,93,15.7,512,91,91,93,93,16.3
"E","East Midlands","31","Leicestershire","31UC","Charnwood",,,1586,87,85,93,92,15.8,778,82,79,91,91,15.4,808,92,90,94,94,16.1
"E","East Midlands","31","Leicestershire","31UD","Harborough",,,899,90,87,94,95,16.4,478,87,85,94,95,16.3,421,92,90,94,95,16.5
"E","East Midlands","31","Leicestershire","31UE","Hinckley and Bosworth",,,1083,87,84,90,91,15.8,536,82,79,87,89,15.3,547,92,90,93,93,16.2
"E","East Midlands","31","Leicestershire","31UG","Melton",,,488,87,84,91,93,15.9,269,84,79,89,94,15.7,219,90,89,94,93,16
"E","East Midlands","31","Leicestershire","31UH","North West Leicestershire",,,991,85,80,90,90,15.4,505,82,76,89,89,15.2,486,88,85,91,91,15.6
"E","East Midlands","31","Leicestershire","31UJ","Oadby and Wigston",,,592,88,87,91,90,15.9,319,87,86,91,88,15.7,273,90,89,92,92,16.2
"E","East Midlands","32","Lincolnshire","32UB","Boston",,,574,77,72,83,83,14,285,71,64,81,79,13.5,289,82,80,85,87,14.4
"E","East Midlands","32","Lincolnshire","32UC","East Lindsey",,,1224,80,77,88,86,14.8,632,77,74,89,87,14.5,592,84,81,88,86,15.1
"E","East Midlands","32","Lincolnshire","32UD","Lincoln",,,791,78,76,86,84,14.8,419,74,73,85,82,14.5,372,82,81,88,87,15.2
"E","East Midlands","32","Lincolnshire","32UE","North Kesteven",,,1139,88,85,93,92,15.7,580,83,80,92,91,15.2,559,92,91,93,94,16.1
"E","East Midlands","32","Lincolnshire","32UF","South Holland",,,826,82,80,87,87,14.9,420,79,75,87,86,14.7,406,85,84,88,87,15.2
"E","East Midlands","32","Lincolnshire","32UG","South Kesteven",,,1342,85,83,91,90,15.6,679,80,77,91,89,15.2,663,91,88,92,92,16
"E","East Midlands","32","Lincolnshire","32UH","West Lindsey",,,893,85,82,90,88,15.2,469,80,75,88,85,14.8,424,91,89,93,91,15.8
"E","East Midlands","34","Northamptonshire","34UB","Corby",,,672,86,84,92,90,15.6,324,79,77,90,88,14.9,348,92,91,94,92,16.2
"E","East Midlands","34","Northamptonshire","34UC","Daventry",,,879,90,86,94,91,15.9,464,87,82,93,91,15.8,415,93,89,95,92,16.1
"E","East Midlands","34","Northamptonshire","34UD","East Northamptonshire",,,840,89,86,93,91,16.1,443,85,80,91,89,15.6,397,93,92,95,93,16.6
"E","East Midlands","34","Northamptonshire","34UE","Kettering",,,1053,88,84,92,91,15.5,522,84,79,92,92,15.3,531,91,90,93,91,15.8
"E","East Midlands","34","Northamptonshire","34UF","Northampton",,,2256,79,75,86,86,14.7,1130,75,69,85,85,14.3,1126,84,81,87,86,15
"E","East Midlands","34","Northamptonshire","34UG","South Northamptonshire",,,1084,91,89,94,95,16.3,547,89,86,94,95,16.1,537,93,93,94,95,16.4
"E","East Midlands","34","Northamptonshire","34UH","Wellingborough",,,849,83,77,90,90,15.3,436,80,73,89,91,14.9,413,85,82,90,89,15.8
"E","East Midlands","37","Nottinghamshire","37UB","Ashfield",,,1149,83,76,89,89,15.1,580,76,68,86,87,14.6,569,89,85,91,92,15.6
"E","East Midlands","37","Nottinghamshire","37UC","Bassetlaw",,,1071,83,79,90,88,15.2,533,82,75,90,87,15,538,84,83,90,89,15.5
"E","East Midlands","37","Nottinghamshire","37UD","Broxtowe",,,982,85,83,93,92,16,516,81,78,92,91,15.4,466,90,89,93,93,16.6
"E","East Midlands","37","Nottinghamshire","37UE","Gedling",,,1199,87,83,92,90,15.8,626,83,77,91,90,15.4,573,92,89,94,91,16.2
"E","East Midlands","37","Nottinghamshire","37UF","Mansfield",,,1094,81,77,89,90,14.8,570,76,70,87,89,14.4,524,86,84,91,92,15.3
"E","East Midlands","37","Nottinghamshire","37UG","Newark and Sherwood",,,1119,83,80,92,91,15.6,573,79,75,90,90,15.2,546,88,86,93,92,16
"E","East Midlands","37","Nottinghamshire","37UJ","Rushcliffe",,,1134,92,87,96,96,16.3,565,90,83,96,96,16.1,569,94,92,95,95,16.5
"F","West Midlands",,,"00CN","Birmingham",,,13078,78,74,85,82,14.5,6627,74,69,83,79,14.1,6451,83,80,86,85,15
"F","West Midlands",,,"00CQ","Coventry",,,3473,80,74,86,85,14.6,1751,74,67,83,83,14.1,1722,85,81,89,88,15.1
"F","West Midlands",,,"00CR","Dudley",,,3498,82,79,87,88,15,1814,78,73,86,86,14.7,1684,86,85,88,89,15.4
"F","West Midlands",,,"00CS","Sandwell",,,3606,79,74,87,83,14.5,1784,74,67,85,81,14.1,1822,83,80,88,85,14.8
"F","West Midlands",,,"00CT","Solihull",,,2411,90,85,93,92,16.4,1262,88,81,92,91,16.1,1149,92,89,94,93,16.7
"F","West Midlands",,,"00CU","Walsall",,,3152,84,77,89,85,14.9,1587,79,72,88,83,14.5,1565,88,83,90,87,15.2
"F","West Midlands",,,"00CW","Wolverhampton",,,2684,80,75,87,84,14.7,1378,77,69,85,82,14.3,1306,84,81,88,87,15.1
"F","West Midlands",,,"00GA","Herefordshire, County of",,,1628,85,79,90,89,15.1,792,80,72,87,88,14.7,836,90,85,92,91,15.5
"F","West Midlands",,,"00GF","Telford and Wrekin",,,1822,85,80,90,88,15.4,947,82,76,90,86,15,875,87,84,90,89,15.8
"F","West Midlands",,,"00GG","Shropshire",,,.,.,.,.,.,.,.,.,.,.,.,.,.,.,.,.,.,.
"F","West Midlands",,,"00GL","Stoke-on-Trent",,,2545,75,70,82,81,14.1,1292,69,62,79,78,13.6,1253,80,79,85,84,14.6
"F","West Midlands","41","Staffordshire","41UB","Cannock Chase",,,973,87,83,92,88,15.4,492,82,78,90,85,15,481,91,88,93,91,15.8
"F","West Midlands","41","Staffordshire","41UC","East Staffordshire",,,1221,89,86,93,92,15.8,611,85,82,91,90,15.5,610,92,90,94,93,16
"F","West Midlands","41","Staffordshire","41UD","Lichfield",,,1045,86,82,92,91,15.5,529,82,75,90,89,15.1,516,91,89,94,93,15.9
"F","West Midlands","41","Staffordshire","41UE","Newcastle-under-Lyme",,,1141,86,83,90,91,15.4,555,82,77,89,90,15,586,89,88,91,93,15.8
"F","West Midlands","41","Staffordshire","41UF","South Staffordshire",,,1009,90,86,93,94,16.3,514,86,80,92,92,15.8,495,94,92,95,96,16.7
"F","West Midlands","41","Staffordshire","41UG","Stafford",,,1190,90,87,94,93,16.1,596,86,83,93,93,15.6,594,94,92,95,94,16.6
"F","West Midlands","41","Staffordshire","41UH","Staffordshire Moorlands",,,1001,88,84,93,92,15.8,532,84,78,91,90,15.3,469,93,90,96,95,16.4
"F","West Midlands","41","Staffordshire","41UK","Tamworth",,,857,86,84,92,93,15.5,448,82,79,91,90,15.1,409,91,89,93,95,15.8
"F","West Midlands","44","Warwickshire","44UB","North Warwickshire",,,667,89,87,93,93,15.7,331,88,84,92,93,15.5,336,90,90,94,93,16
"F","West Midlands","44","Warwickshire","44UC","Nuneaton and Bedworth",,,1362,86,82,91,89,15.5,661,82,75,88,86,15,701,90,88,94,92,16
"F","West Midlands","44","Warwickshire","44UD","Rugby",,,1057,87,86,92,89,16,534,83,81,91,87,15.6,523,92,91,94,92,16.5
"F","West Midlands","44","Warwickshire","44UE","Stratford-on-Avon",,,1225,88,85,93,93,15.8,611,85,80,91,93,15.4,614,91,89,94,94,16.3
"F","West Midlands","44","Warwickshire","44UF","Warwick",,,1123,86,84,91,90,15.9,589,82,80,90,89,15.6,534,91,90,92,91,16.2
"F","West Midlands","47","Worcestershire","47UB","Bromsgrove",,,1031,88,88,92,94,16.3,515,86,84,92,93,16.1,516,90,92,91,94,16.5
"F","West Midlands","47","Worcestershire","47UC","Malvern Hills",,,682,87,84,92,92,15.9,356,83,79,90,91,15.5,326,92,91,94,94,16.3
"F","West Midlands","47","Worcestershire","47UD","Redditch",,,867,83,81,90,90,15.5,439,78,74,87,88,15,428,88,87,93,91,15.9
"F","West Midlands","47","Worcestershire","47UE","Worcester",,,975,80,75,85,84,14.7,511,75,69,83,82,14.2,464,86,82,88,86,15.2
"F","West Midlands","47","Worcestershire","47UF","Wychavon",,,1180,89,86,92,92,16.1,621,86,84,91,91,15.8,559,93,90,94,93,16.4
"F","West Midlands","47","Worcestershire","47UG","Wyre Forest",,,893,81,77,86,87,14.8,436,75,70,83,86,14.4,457,86,84,88,88,15.2
"G","East of England",,,"00JA","Peterborough",,,2133,77,72,85,82,14.4,1099,73,66,84,81,14,1034,81,79,87,83,14.7
"G","East of England",,,"00KA","Luton",,,2554,84,81,88,85,15.2,1290,81,77,87,83,14.9,1264,88,86,89,86,15.6
"G","East of England",,,"00KB","Bedford",,,1708,87,86,92,90,15.8,863,84,83,89,89,15.5,845,91,90,94,91,16.1
"G","East of England",,,"00KC","Central Bedfordshire",,,.,.,.,.,.,.,.,.,.,.,.,.,.,.,.,.,.,.
"G","East of England",,,"00KF","Southend-on-Sea",,,1828,84,80,89,89,15.4,921,78,73,86,87,14.9,907,89,87,92,91,15.9
"G","East of England",,,"00KG","Thurrock",,,1731,81,76,87,85,14.8,912,76,69,85,83,14.3,819,87,83,90,89,15.2
"G","East of England","12","Cambridgeshire","12UB","Cambridge",,,881,81,76,88,87,15,469,79,72,86,86,14.8,412,84,81,90,88,15.2
"G","East of England","12","Cambridgeshire","12UC","East Cambridgeshire",,,770,85,82,91,90,15.5,407,80,75,87,87,14.9,363,90,89,94,94,16.2
"G","East of England","12","Cambridgeshire","12UD","Fenland",,,981,80,77,86,85,14.9,483,73,70,83,83,14.4,498,86,84,88,88,15.4
"G","East of England","12","Cambridgeshire","12UE","Huntingdonshire",,,1879,87,84,92,92,15.8,951,83,79,90,91,15.4,928,90,89,94,94,16.2
"G","East of England","12","Cambridgeshire","12UG","South Cambridgeshire",,,1535,87,83,92,91,15.8,779,82,75,90,90,15.4,756,92,91,94,93,16.2
"G","East of England","22","Essex","22UB","Basildon",,,1907,84,77,90,89,15.2,971,79,71,88,87,14.8,936,88,82,92,90,15.5
"G","East of England","22","Essex","22UC","Braintree",,,1571,87,83,90,92,15.7,812,83,78,88,90,15.3,759,91,89,92,94,16.1
"G","East of England","22","Essex","22UD","Brentwood",,,722,91,89,95,94,16.6,367,89,86,94,94,16.3,355,94,92,96,95,16.9
"G","East of England","22","Essex","22UE","Castle Point",,,902,85,80,91,91,15.3,459,80,72,90,88,14.8,443,91,88,93,94,15.8
"G","East of England","22","Essex","22UF","Chelmsford",,,1708,88,86,93,93,16.1,858,85,81,91,91,15.7,850,92,91,95,94,16.5
"G","East of England","22","Essex","22UG","Colchester",,,1731,85,79,90,91,15.4,899,79,72,88,89,14.9,832,91,87,93,93,15.9
"G","East of England","22","Essex","22UH","Epping Forest",,,1109,86,83,92,92,15.6,571,79,75,89,88,15,538,94,91,94,95,16.2
"G","East of England","22","Essex","22UJ","Harlow",,,934,79,74,87,87,14.8,464,74,67,85,85,14.4,470,84,81,90,90,15.2
"G","East of England","22","Essex","22UK","Maldon",,,595,85,80,89,94,15.5,310,78,71,85,91,14.9,285,93,89,93,98,16.2
"G","East of England","22","Essex","22UL","Rochford",,,898,89,85,94,94,16.1,450,85,79,92,91,15.5,448,94,90,97,96,16.7
"G","East of England","22","Essex","22UN","Tendring",,,1307,80,74,89,89,14.9,675,73,67,87,87,14.4,632,88,82,92,90,15.4
"G","East of England","22","Essex","22UQ","Uttlesford",,,833,91,88,94,93,16.2,417,90,86,93,92,16.1,416,92,91,94,94,16.4
"G","East of England","26","Hertfordshire","26UB","Broxbourne",,,1084,86,81,90,88,15.4,587,83,76,89,86,15.1,497,89,86,91,89,15.7
"G","East of England","26","Hertfordshire","26UC","Dacorum",,,1592,86,86,91,91,16.1,793,83,82,91,90,15.7,799,89,89,91,92,16.5
"G","East of England","26","Hertfordshire","26UD","East Hertfordshire",,,1542,90,88,92,93,16.2,753,86,83,91,92,15.9,789,93,92,94,94,16.5
"G","East of England","26","Hertfordshire","26UE","Hertsmere",,,1004,88,84,92,91,16,516,85,80,91,89,15.7,488,91,89,94,93,16.2
"G","East of England","26","Hertfordshire","26UF","North Hertfordshire",,,1437,90,88,94,94,16.3,721,87,84,93,93,15.9,716,94,93,95,96,16.6
"G","East of England","26","Hertfordshire","26UG","St Albans",,,1566,90,87,93,93,16.5,793,88,84,93,93,16.2,773,92,91,93,94,16.8
"G","East of England","26","Hertfordshire","26UH","Stevenage",,,930,86,81,91,90,15.6,486,83,76,91,88,15.2,444,89,85,92,91,16
"G","East of England","26","Hertfordshire","26UJ","Three Rivers",,,910,90,87,93,91,16.1,458,86,82,91,89,15.6,452,94,92,95,92,16.6
"G","East of England","26","Hertfordshire","26UK","Watford",,,911,81,77,88,86,15.2,471,78,70,86,85,15,440,85,84,89,88,15.5
"G","East of England","26","Hertfordshire","26UL","Welwyn Hatfield",,,1102,84,82,89,90,15.5,559,79,75,86,88,15,543,90,89,92,92,16.1
"G","East of England","33","Norfolk","33UB","Breckland",,,1233,84,80,90,90,15.2,601,80,73,89,90,14.9,632,89,86,90,90,15.4
"G","East of England","33","Norfolk","33UC","Broadland",,,1267,91,89,95,96,16.4,653,89,86,95,96,16.3,614,93,93,96,96,16.5
"G","East of England","33","Norfolk","33UD","Great Yarmouth",,,1008,82,80,88,86,14.8,518,77,74,87,83,14.4,490,87,86,89,90,15.3
"G","East of England","33","Norfolk","33UE","King's Lynn and West Norfolk",,,1421,83,78,89,87,14.8,705,79,71,87,86,14.6,716,86,84,91,89,15.1
"G","East of England","33","Norfolk","33UF","North Norfolk",,,775,83,80,89,90,15.3,408,77,72,88,90,15,367,89,88,91,89,15.5
"G","East of England","33","Norfolk","33UG","Norwich",,,1049,77,73,86,87,14.7,546,72,67,83,86,14.4,503,82,79,89,87,15.1
"G","East of England","33","Norfolk","33UH","South Norfolk",,,1166,90,90,94,95,16.2,584,88,87,94,95,15.9,582,92,93,94,95,16.4
"G","East of England","42","Suffolk","42UB","Babergh",,,821,88,86,94,93,16,432,86,82,93,92,15.6,389,91,90,94,95,16.4
"G","East of England","42","Suffolk","42UC","Forest Heath",,,446,83,81,89,91,15.6,215,79,75,87,92,15.3,231,87,87,90,90,15.8
"G","East of England","42","Suffolk","42UD","Ipswich",,,1288,80,76,88,89,14.9,663,74,67,85,87,14.5,625,87,84,90,90,15.5
"G","East of England","42","Suffolk","42UE","Mid Suffolk",,,938,88,85,92,93,15.9,502,85,81,91,91,15.7,436,92,90,93,95,16
"G","East of England","42","Suffolk","42UF","St Edmundsbury",,,1060,84,84,91,91,15.7,562,81,80,90,89,15.4,498,88,88,92,93,16.1
"G","East of England","42","Suffolk","42UG","Suffolk Coastal",,,1165,87,85,92,93,15.8,584,85,82,91,93,15.7,581,90,87,93,92,16
"G","East of England","42","Suffolk","42UH","Waveney",,,1115,84,81,90,90,15.3,551,79,73,88,88,14.7,564,89,88,93,92,15.8
"H","London",,,"00AA","City of London",,,30,90,90,100,x,16.3,11,73,73,100,x,14.6,19,100,100,100,100,17.3
"H","London",,,"00AB","Barking and Dagenham",,,2401,83,81,91,88,15,1204,79,76,88,85,14.6,1197,86,86,93,90,15.4
"H","London",,,"00AC","Barnet",,,3312,85,81,91,90,15.5,1750,82,77,89,89,15.2,1562,89,86,93,91,15.8
"H","London",,,"00AD","Bexley",,,2691,85,80,90,88,15.4,1370,82,75,89,86,15.1,1321,89,86,91,89,15.8
"H","London",,,"00AE","Brent",,,3020,79,74,84,83,14.6,1508,76,70,82,81,14.3,1512,82,78,86,85,14.8
"H","London",,,"00AF","Bromley",,,3226,86,82,91,91,15.6,1646,83,77,90,90,15.3,1580,88,87,92,92,15.8
"H","London",,,"00AG","Camden",,,1517,77,76,86,84,14.5,788,74,70,85,82,14.3,729,81,81,88,87,14.7
"H","London",,,"00AH","Croydon",,,3797,84,80,89,88,15.2,1896,81,76,88,86,14.9,1901,87,84,90,89,15.4
"H","London",,,"00AJ","Ealing",,,3412,81,74,87,81,14.6,1789,78,71,86,80,14.4,1623,84,78,87,83,14.8
"H","London",,,"00AK","Enfield",,,3574,82,79,90,89,15,1876,79,74,88,87,14.7,1698,86,85,91,90,15.4
"H","London",,,"00AL","Greenwich",,,2601,78,75,87,85,14.4,1360,74,70,85,82,14.1,1241,83,81,88,87,14.8
"H","London",,,"00AM","Hackney",,,2224,77,72,85,79,14.2,1137,74,66,84,77,13.8,1087,81,78,86,80,14.6
"H","London",,,"00AN","Hammersmith and Fulham",,,1229,81,74,86,x,14.6,652,78,69,87,x,14.4,577,84,79,85,85,14.9
"H","London",,,"00AP","Haringey",,,2692,81,75,87,87,14.7,1429,78,70,86,86,14.5,1263,86,80,89,87,15
"H","London",,,"00AQ","Harrow",,,2272,86,83,91,88,15.5,1197,84,80,91,86,15.3,1075,89,87,92,91,15.8
"H","London",,,"00AR","Havering",,,2549,87,85,92,92,15.6,1301,84,79,90,90,15.3,1248,91,91,93,94,16
"H","London",,,"00AS","Hillingdon",,,3027,85,80,90,90,15.3,1555,81,75,88,88,14.9,1472,89,85,92,92,15.7
"H","London",,,"00AT","Hounslow",,,2367,84,79,90,90,15.2,1230,81,74,89,89,14.9,1137,87,84,91,91,15.5
"H","London",,,"00AU","Islington",,,1810,79,74,85,80,14.3,887,75,67,82,78,13.8,923,83,81,87,82,14.7
"H","London",,,"00AW","Kensington and Chelsea",,,878,82,79,88,x,15,460,80,75,88,x,14.8,418,84,82,88,90,15.2
"H","London",,,"00AX","Kingston upon Thames",,,1451,88,85,92,92,16,730,85,82,91,91,15.8,721,90,88,93,93,16.3
"H","London",,,"00AY","Lambeth",,,2548,79,74,85,82,14.3,1304,74,67,83,79,13.9,1244,84,81,87,85,14.7
"H","London",,,"00AZ","Lewisham",,,2740,79,74,87,85,14.7,1436,74,67,86,82,14.2,1304,85,82,89,87,15.2
"H","London",,,"00BA","Merton",,,1829,82,75,89,89,15.1,934,78,69,87,87,14.7,895,86,80,92,90,15.4
"H","London",,,"00BB","Newham",,,3811,80,75,85,82,14.5,1979,77,71,85,82,14.2,1832,83,80,86,84,14.8
"H","London",,,"00BC","Redbridge",,,3129,86,84,91,88,15.6,1663,84,80,91,86,15.3,1466,89,88,92,90,15.9
"H","London",,,"00BD","Richmond upon Thames",,,1794,93,91,96,95,16.8,917,93,88,96,95,16.7,877,93,94,96,95,17
"H","London",,,"00BE","Southwark",,,2851,79,74,85,81,14.3,1455,75,68,83,78,13.9,1396,83,80,88,84,14.8
"H","London",,,"00BF","Sutton",,,1935,88,84,93,90,15.9,967,84,79,92,88,15.5,968,91,88,95,92,16.2
"H","London",,,"00BG","Tower Hamlets",,,2822,83,77,89,85,14.6,1442,80,71,87,83,14.3,1380,86,83,90,86,14.9
"H","London",,,"00BH","Waltham Forest",,,2799,80,75,87,84,14.5,1445,75,70,85,82,14.2,1354,85,80,89,87,14.8
"H","London",,,"00BJ","Wandsworth",,,2210,82,78,90,86,15,1129,77,72,88,84,14.6,1081,87,85,91,88,15.3
"H","London",,,"00BK","Westminster",,,1408,83,80,88,86,14.7,722,80,75,85,84,14.3,686,86,85,90,88,15
"J","South East",,,"00LC","Medway",,,2884,82,78,89,89,14.9,1520,76,71,87,86,14.5,1364,89,86,92,91,15.4
"J","South East",,,"00MA","Bracknell Forest",,,1189,86,83,91,91,15.4,619,81,78,88,88,15.1,570,91,89,94,95,15.8
"J","South East",,,"00MB","West Berkshire",,,1628,86,82,92,94,15.9,863,82,77,90,93,15.5,765,91,87,94,95,16.4
"J","South East",,,"00MC","Reading",,,1436,81,75,89,88,14.8,722,77,69,87,87,14.5,714,84,82,91,89,15.2
"J","South East",,,"00MD","Slough",,,1533,85,80,90,88,15.2,811,81,75,87,86,14.8,722,89,86,93,90,15.6
"J","South East",,,"00ME","Windsor and Maidenhead",,,1324,89,85,93,92,16.1,629,86,81,92,92,15.7,695,92,89,94,93,16.4
"J","South East",,,"00MF","Wokingham",,,1664,88,86,94,94,16.1,847,86,83,94,92,15.9,817,91,90,95,95,16.4
"J","South East",,,"00MG","Milton Keynes",,,2904,85,81,91,91,15.4,1454,81,76,89,90,15,1450,89,86,93,92,15.8
"J","South East",,,"00ML","Brighton and Hove",,,2363,84,81,91,89,15.6,1214,80,76,90,87,15.3,1149,88,87,92,90,15.9
"J","South East",,,"00MR","Portsmouth",,,1831,83,78,90,88,15.1,942,78,72,88,86,14.7,889,88,84,93,90,15.5
"J","South East",,,"00MS","Southampton",,,2100,80,76,88,89,15.1,1063,76,70,87,87,14.8,1037,84,81,90,91,15.3
"J","South East",,,"00MW","Isle of Wight",,,1272,90,89,95,95,16.4,681,88,86,95,95,16.2,591,94,94,96,96,16.7
"J","South East","11","Buckinghamshire","11UB","Aylesbury Vale",,,1925,89,86,93,92,16.1,1062,84,81,91,90,15.7,863,94,92,95,95,16.5
"J","South East","11","Buckinghamshire","11UC","Chiltern",,,1021,92,88,95,94,16.4,506,89,85,94,92,16.1,515,94,91,95,95,16.6
"J","South East","11","Buckinghamshire","11UE","South Bucks",,,610,92,87,94,95,16.5,318,88,81,92,92,16,292,96,93,96,97,17
"J","South East","11","Buckinghamshire","11UF","Wycombe",,,1847,87,83,91,91,15.9,950,84,79,91,91,15.6,897,90,87,91,92,16.2
"J","South East","21","East Sussex","21UC","Eastbourne",,,898,80,75,87,88,14.9,452,77,69,84,88,14.6,446,84,81,89,88,15.3
"J","South East","21","East Sussex","21UD","Hastings",,,871,81,70,88,88,14.6,433,76,61,87,88,14.2,438,86,79,89,88,15
"J","South East","21","East Sussex","21UF","Lewes",,,874,86,79,93,90,15.4,457,83,72,92,89,15.1,417,90,86,95,91,15.9
"J","South East","21","East Sussex","21UG","Rother",,,771,82,80,90,91,15.2,371,79,74,89,89,14.9,400,86,85,91,93,15.4
"J","South East","21","East Sussex","21UH","Wealden",,,1342,87,83,92,94,15.6,700,83,78,91,92,15.3,642,90,88,93,95,15.9
"J","South East","24","Hampshire","24UB","Basingstoke and Deane",,,1767,89,87,93,93,16.1,887,85,82,91,92,15.8,880,93,91,95,95,16.5
"J","South East","24","Hampshire","24UC","East Hampshire",,,1131,90,85,93,93,16.1,573,86,80,92,91,15.6,558,94,90,94,95,16.5
"J","South East","24","Hampshire","24UD","Eastleigh",,,1119,88,85,92,94,16,577,83,80,91,93,15.7,542,94,90,94,95,16.4
"J","South East","24","Hampshire","24UE","Fareham",,,1246,90,88,94,94,16.2,666,86,83,92,93,15.7,580,94,93,96,96,16.7
"J","South East","24","Hampshire","24UF","Gosport",,,855,78,73,87,91,15,440,71,65,84,89,14.6,415,86,82,90,94,15.4
"J","South East","24","Hampshire","24UG","Hart",,,1059,91,91,94,98,16.9,559,89,87,94,97,16.6,500,94,94,95,98,17.2
"J","South East","24","Hampshire","24UH","Havant",,,1190,78,74,89,88,14.9,584,73,67,88,86,14.6,606,84,80,91,90,15.2
"J","South East","24","Hampshire","24UJ","New Forest",,,1632,90,87,93,94,16.2,836,87,81,92,93,15.8,796,93,92,94,96,16.6
"J","South East","24","Hampshire","24UL","Rushmoor",,,970,85,81,91,92,15.6,507,81,77,89,89,15.2,463,89,87,93,96,16.1
"J","South East","24","Hampshire","24UN","Test Valley",,,1214,86,85,91,93,15.8,628,82,80,90,92,15.5,586,92,90,93,95,16.1
"J","South East","24","Hampshire","24UP","Winchester",,,1057,88,86,91,93,16.1,544,84,81,91,92,16.1,513,91,90,92,94,16.2
"J","South East","29","Kent","29UB","Ashford",,,1338,85,82,90,91,15.5,701,81,77,89,90,15.2,637,90,88,92,92,16
"J","South East","29","Kent","29UC","Canterbury",,,1333,83,82,91,91,15.6,686,79,75,90,91,15.3,647,87,88,92,92,16
"J","South East","29","Kent","29UD","Dartford",,,1038,87,82,91,89,15.6,547,82,76,89,88,15.2,491,93,88,94,91,16
"J","South East","29","Kent","29UE","Dover",,,1086,79,74,87,88,14.9,555,75,68,86,86,14.6,531,82,81,89,89,15.3
"J","South East","29","Kent","29UG","Gravesham",,,1124,83,79,89,89,15.3,588,79,73,87,87,14.9,536,87,85,91,91,15.7
"J","South East","29","Kent","29UH","Maidstone",,,1536,86,83,90,89,15.9,786,83,77,89,88,15.4,750,90,88,92,91,16.3
"J","South East","29","Kent","29UK","Sevenoaks",,,1181,89,86,92,93,16.2,602,88,84,92,93,16.1,579,90,89,92,93,16.4
"J","South East","29","Kent","29UL","Shepway",,,1050,83,77,90,89,15.1,558,78,70,88,87,14.5,492,89,85,91,92,15.9
"J","South East","29","Kent","29UM","Swale",,,1475,82,76,88,90,15.3,743,77,70,87,88,14.8,732,87,83,90,92,15.8
"J","South East","29","Kent","29UN","Thanet",,,1354,77,72,85,84,14.6,685,71,64,83,82,14.2,669,83,80,87,85,15
"J","South East","29","Kent","29UP","Tonbridge and Malling",,,1333,86,83,93,92,15.9,632,82,77,92,92,15.5,701,89,88,94,93,16.3
"J","South East","29","Kent","29UQ","Tunbridge Wells",,,1077,85,81,91,91,15.6,547,82,76,88,90,15.2,530,89,86,93,92,16.1
"J","South East","38","Oxfordshire","38UB","Cherwell",,,1480,83,75,90,91,15.1,752,78,69,88,89,14.8,728,88,82,92,92,15.5
"J","South East","38","Oxfordshire","38UC","Oxford",,,1166,74,70,83,88,14.5,616,72,67,83,87,14.4,550,76,75,83,88,14.7
"J","South East","38","Oxfordshire","38UD","South Oxfordshire",,,1406,87,81,92,95,15.7,684,84,75,91,94,15.5,722,89,86,93,95,15.9
"J","South East","38","Oxfordshire","38UE","Vale of White Horse",,,1168,87,82,92,92,15.8,584,83,76,90,90,15.3,584,91,88,94,95,16.2
"J","South East","38","Oxfordshire","38UF","West Oxfordshire",,,1085,88,84,93,94,15.9,553,85,80,92,93,15.8,532,91,89,95,95,16.1
"J","South East","43","Surrey","43UB","Elmbridge",,,1132,88,85,94,94,16.7,589,87,83,93,94,16.4,543,89,88,94,94,17
"J","South East","43","Surrey","43UC","Epsom and Ewell",,,763,92,90,95,93,16.6,393,88,86,94,90,16.1,370,96,95,96,96,17.1
"J","South East","43","Surrey","43UD","Guildford",,,1231,89,87,93,95,16.6,643,86,83,92,94,16.3,588,92,91,93,95,16.8
"J","South East","43","Surrey","43UE","Mole Valley",,,766,89,86,94,95,16.4,391,86,82,93,93,16.1,375,93,91,95,97,16.7
"J","South East","43","Surrey","43UF","Reigate and Banstead",,,1249,87,85,92,92,16,622,84,80,91,90,15.6,627,91,90,93,93,16.5
"J","South East","43","Surrey","43UG","Runnymede",,,713,90,89,94,94,16.3,367,89,85,94,93,16,346,92,93,93,95,16.6
"J","South East","43","Surrey","43UH","Spelthorne",,,965,86,83,93,91,15.6,506,82,78,92,90,15.3,459,90,89,94,93,16
"J","South East","43","Surrey","43UJ","Surrey Heath",,,888,95,94,97,96,17.2,446,94,92,96,95,16.8,442,96,97,97,97,17.6
"J","South East","43","Surrey","43UK","Tandridge",,,770,88,84,92,93,15.9,386,82,77,89,91,15.4,384,94,90,94,94,16.5
"J","South East","43","Surrey","43UL","Waverley",,,1160,89,87,94,95,16.6,597,86,82,92,94,16.2,563,93,91,95,96,17
"J","South East","43","Surrey","43UM","Woking",,,984,89,85,92,92,16.2,515,86,81,91,92,15.8,469,92,90,94,91,16.6
"J","South East","45","West Sussex","45UB","Adur",,,513,84,83,90,94,15.7,258,78,75,89,94,15.2,255,89,90,91,93,16.2
"J","South East","45","West Sussex","45UC","Arun",,,1312,84,81,91,91,15.5,639,81,76,91,90,15.2,673,87,86,91,91,15.7
"J","South East","45","West Sussex","45UD","Chichester",,,1002,88,86,93,93,15.9,527,84,81,91,91,15.4,475,94,92,96,96,16.5
"J","South East","45","West Sussex","45UE","Crawley",,,1180,78,76,88,88,14.9,629,73,69,85,85,14.4,551,84,84,92,91,15.5
"J","South East","45","West Sussex","45UF","Horsham",,,1315,91,89,96,96,16.4,705,89,85,95,96,16.1,610,94,93,97,96,16.7
"J","South East","45","West Sussex","45UG","Mid Sussex",,,1336,87,85,93,94,15.8,699,83,80,91,93,15.4,637,92,91,94,95,16.2
"J","South East","45","West Sussex","45UH","Worthing",,,1015,85,82,92,90,15.8,546,81,77,90,88,15.4,469,90,88,94,92,16.3
"K","South West",,,"00HA","Bath and North East Somerset",,,1555,88,85,93,93,15.9,803,85,80,91,92,15.5,752,92,90,95,95,16.3
"K","South West",,,"00HB","Bristol, City of",,,3858,81,77,87,87,15,1963,77,71,85,86,14.6,1895,86,84,89,89,15.5
"K","South West",,,"00HC","North Somerset",,,2014,87,81,92,93,15.7,1020,84,77,91,92,15.4,994,90,86,92,93,16
"K","South West",,,"00HD","South Gloucestershire",,,2834,87,83,91,92,15.4,1491,83,78,90,91,15.1,1343,91,89,93,93,15.8
"K","South West",,,"00HE","Cornwall",,,.,.,.,.,.,.,.,.,.,.,.,.,.,.,.,.,.,.
"K","South West",,,"00HF","Isles of Scilly",,,21,x,x,100,100,17.6,12,x,x,100,100,16,9,100,100,100,100,19.8
"K","South West",,,"00HG","Plymouth",,,2418,81,75,88,89,15,1256,77,69,86,88,14.6,1162,86,82,89,90,15.4
"K","South West",,,"00HH","Torbay",,,1095,80,78,87,87,14.9,556,75,71,85,85,14.5,539,86,85,89,88,15.2
"K","South West",,,"00HN","Bournemouth",,,1386,85,81,91,89,15.7,725,82,77,90,88,15.4,661,87,86,91,91,16
"K","South West",,,"00HP","Poole",,,1244,88,86,93,93,16.3,645,84,80,92,92,15.8,599,93,93,95,94,16.9
"K","South West",,,"00HX","Swindon",,,2253,82,78,89,88,15.4,1131,78,72,87,86,14.9,1122,86,84,91,89,15.8
"K","South West",,,"00HY","Wiltshire",,,.,.,.,.,.,.,.,.,.,.,.,.,.,.,.,.,.,.
"K","South West","18","Devon","18UB","East Devon",,,1165,86,82,90,91,15.4,608,83,77,89,91,15.3,557,89,87,90,91,15.6
"K","South West","18","Devon","18UC","Exeter",,,969,81,79,88,91,15.2,495,76,74,86,89,14.9,474,87,85,91,92,15.6
"K","South West","18","Devon","18UD","Mid Devon",,,753,85,79,91,92,15.1,392,82,71,90,93,14.7,361,89,87,93,91,15.5
"K","South West","18","Devon","18UE","North Devon",,,977,83,82,90,90,15.3,528,78,76,87,88,15,449,88,88,93,92,15.7
"K","South West","18","Devon","18UG","South Hams",,,835,84,82,90,91,15.1,436,80,78,89,91,14.8,399,89,87,91,92,15.5
"K","South West","18","Devon","18UH","Teignbridge",,,1200,87,83,92,90,15.5,597,83,76,91,89,15.3,603,91,89,92,91,15.7
"K","South West","18","Devon","18UK","Torridge",,,590,85,81,91,92,15.4,298,82,75,91,92,15.1,292,89,86,91,92,15.6
"K","South West","18","Devon","18UL","West Devon",,,494,87,79,93,94,15.5,254,84,71,92,93,15,240,90,87,95,95,16
"K","South West","19","Dorset","19UC","Christchurch",,,395,84,83,92,91,16,198,73,72,88,86,15.1,197,94,94,96,95,17
"K","South West","19","Dorset","19UD","East Dorset",,,788,91,89,95,97,16.7,405,88,85,94,96,16.4,383,95,94,96,98,16.9
"K","South West","19","Dorset","19UE","North Dorset",,,597,81,81,89,89,15.2,316,79,77,89,88,15.1,281,84,85,89,91,15.5
"K","South West","19","Dorset","19UG","Purbeck",,,430,91,89,95,95,16.3,242,91,88,95,95,16.2,188,91,89,95,95,16.4
"K","South West","19","Dorset","19UH","West Dorset",,,851,89,87,93,92,16.1,421,86,81,93,90,15.8,430,92,92,93,94,16.4
"K","South West","19","Dorset","19UJ","Weymouth and Portland",,,631,84,78,88,87,15.1,302,80,70,86,85,14.8,329,88,85,91,90,15.5
"K","South West","23","Gloucestershire","23UB","Cheltenham",,,959,86,83,92,90,15.9,491,83,78,90,88,15.6,468,90,88,94,92,16.3
"K","South West","23","Gloucestershire","23UC","Cotswold",,,771,91,90,95,94,16.2,352,87,86,93,92,16,419,94,94,96,95,16.4
"K","South West","23","Gloucestershire","23UD","Forest of Dean",,,825,84,81,91,89,15.1,451,80,76,89,87,14.7,374,89,87,92,92,15.6
"K","South West","23","Gloucestershire","23UE","Gloucester",,,1280,85,82,90,88,15.6,668,82,77,89,85,15.3,612,89,86,92,90,15.9
"K","South West","23","Gloucestershire","23UF","Stroud",,,1260,90,89,94,94,16,655,87,86,92,93,15.8,605,94,92,95,95,16.2
"K","South West","23","Gloucestershire","23UG","Tewkesbury",,,734,86,83,93,91,16,388,80,76,90,88,15.5,346,94,92,97,94,16.6
"K","South West","40","Somerset","40UB","Mendip",,,1080,84,82,91,90,15.4,553,79,75,89,88,14.9,527,90,89,92,92,15.8
"K","South West","40","Somerset","40UC","Sedgemoor",,,1215,86,83,92,90,15.4,616,82,76,90,89,15,599,89,90,93,92,15.9
"K","South West","40","Somerset","40UD","South Somerset",,,1567,85,83,90,90,15.3,774,80,77,88,90,14.9,793,89,88,92,91,15.7
"K","South West","40","Somerset","40UE","Taunton Deane",,,1038,85,81,91,91,15.2,527,81,76,90,91,14.8,511,89,86,92,92,15.5
"K","South West","40","Somerset","40UF","West Somerset",,,255,x,x,93,94,15.2,120,x,x,90,94,14.9,135,91,90,95,94,15.4