DATASET_TITLE,Persons per Room - Household Residents (UV83),,,,FROM,Apr-2001,Apr-2001,Apr-2001,Apr-2001,Apr-2001
AREA_TYPE,County,,,,TO,Apr-2001,Apr-2001,Apr-2001,Apr-2001,Apr-2001
GEO_HIERARCHY,NeSS Geography Hierarchy,,,,HEADING,All Household Residents,Up to 0.5 persons per room,Over 0.5 and up to 1.0 persons per room,Over 1.0 and up to 1.5 persons per room,Over 1.5 persons per room
,,,,,MEASUREMENT_UNIT,Count,Count,Count,Count,Count
,,,,,STATISTICAL_UNIT,Persons,Persons,Persons,Persons,Persons
GOR_CODE,GOR_NAME,CTY_CODE,CTY_NAME,AREA_METADATA,,DATA_VALUE,DATA_VALUE,DATA_VALUE,DATA_VALUE,DATA_VALUE
"B","North West","13","Cheshire",,,664929,402822,247191,12574,2342
"B","North West","16","Cumbria",,,478810,281786,188436,7012,1576
"B","North West","30","Lancashire",,,1111554,619176,456807,28639,6932