DATASET_TITLE,"Dwelling Stock by Council Tax Band, 2004",,,,,,FROM,Mar-2004,Mar-2004,Mar-2004,Mar-2004,Mar-2004,Mar-2004,Mar-2004,Mar-2004,Mar-2004,Mar-2004,Mar-2004,Mar-2004,Mar-2004,Mar-2004,Mar-2004,Mar-2004,Mar-2004,Mar-2004,Mar-2004
AREA_TYPE,Local Authority,,,,,,TO,Mar-2004,Mar-2004,Mar-2004,Mar-2004,Mar-2004,Mar-2004,Mar-2004,Mar-2004,Mar-2004,Mar-2004,Mar-2004,Mar-2004,Mar-2004,Mar-2004,Mar-2004,Mar-2004,Mar-2004,Mar-2004,Mar-2004
GEO_HIERARCHY,NeSS Geography Hierarchy,,,,,,HEADING,Dwelling Stock by Council Tax Band; Total,Dwelling Stock by Council Tax Band; Band A,Dwelling Stock by Council Tax Band; Band A,Dwelling Stock by Council Tax Band; Band B,Dwelling Stock by Council Tax Band; Band B,Dwelling Stock by Council Tax Band; Band C,Dwelling Stock by Council Tax Band; Band C,Dwelling Stock by Council Tax Band; Band D,Dwelling Stock by Council Tax Band; Band D,Dwelling Stock by Council Tax Band; Band E,Dwelling Stock by Council Tax Band; Band E,Dwelling Stock by Council Tax Band; Band F,Dwelling Stock by Council Tax Band; Band F,Dwelling Stock by Council Tax Band; Band G,Dwelling Stock by Council Tax Band; Band G,Dwelling Stock by Council Tax Band; Band H,Dwelling Stock by Council Tax Band; Band H,Dwelling Stock by Council Tax Band; Band X; Unallocated,Dwelling Stock by Council Tax Band; Band X; Unallocated
,,,,,,,MEASUREMENT_UNIT,Count,Count,Percentage,Count,Percentage,Count,Percentage,Count,Percentage,Count,Percentage,Count,Percentage,Count,Percentage,Count,Percentage,Count,Percentage
,,,,,,,STATISTICAL_UNIT,Dwellings,Dwellings,Dwellings,Dwellings,Dwellings,Dwellings,Dwellings,Dwellings,Dwellings,Dwellings,Dwellings,Dwellings,Dwellings,Dwellings,Dwellings,Dwellings,Dwellings,Dwellings,Dwellings
GOR_CODE,GOR_NAME,CTY_CODE,CTY_NAME,LA_CODE,LA_NAME,AREA_METADATA,,DATA_VALUE,DATA_VALUE,DATA_VALUE,DATA_VALUE,DATA_VALUE,DATA_VALUE,DATA_VALUE,DATA_VALUE,DATA_VALUE,DATA_VALUE,DATA_VALUE,DATA_VALUE,DATA_VALUE,DATA_VALUE,DATA_VALUE,DATA_VALUE,DATA_VALUE,DATA_VALUE,DATA_VALUE
"G","East of England",,,"00JA","Peterborough",,,70957,32017,45.12,16398,23.11,11221,15.81,5546,7.82,3415,4.81,1554,2.19,751,1.06,55,.08,0,0
"G","East of England",,,"00KA","Luton",,,73656,14286,19.4,25471,34.58,21765,29.55,7474,10.15,3357,4.56,1019,1.38,257,.35,26,.04,1,0
"G","East of England",,,"00KF","Southend-on-Sea",,,75908,15817,20.84,14679,19.34,21963,28.93,12085,15.92,6343,8.36,3423,4.51,1483,1.95,107,.14,8,.01
"G","East of England",,,"00KG","Thurrock",,,61011,7150,11.72,12119,19.86,24954,40.9,10091,16.54,4026,6.6,1902,3.12,730,1.2,38,.06,1,0
"G","East of England","09","Bedfordshire","09UC","Mid Bedfordshire",,,52280,3721,7.12,10263,19.63,15115,28.91,8522,16.3,7973,15.25,4216,8.06,2287,4.37,182,.35,1,0
"G","East of England","09","Bedfordshire","09UD","Bedford",,,62559,8672,13.86,15594,24.93,15856,25.35,8694,13.9,6843,10.94,4278,6.84,2420,3.87,201,.32,1,0
"G","East of England","09","Bedfordshire","09UE","South Bedfordshire",,,48294,5047,10.45,10036,20.78,14056,29.11,9516,19.7,5252,10.88,2718,5.63,1563,3.24,106,.22,0,0
"G","East of England","12","Cambridgeshire","12UB","Cambridge",,,45159,2565,5.68,8354,18.5,16466,36.46,7712,17.08,4264,9.44,2790,6.18,2603,5.76,403,.89,2,0
"G","East of England","12","Cambridgeshire","12UC","East Cambridgeshire",,,31834,3737,11.74,9544,29.98,6422,20.17,6071,19.07,3753,11.79,1664,5.23,569,1.79,73,.23,1,0
"G","East of England","12","Cambridgeshire","12UD","Fenland",,,38592,14887,38.58,10222,26.49,7693,19.93,3689,9.56,1558,4.04,385,1,139,.36,19,.05,0,0
"G","East of England","12","Cambridgeshire","12UE","Huntingdonshire",,,66984,10388,15.51,17322,25.86,16083,24.01,10516,15.7,7868,11.75,3156,4.71,1524,2.28,127,.19,0,0
"G","East of England","12","Cambridgeshire","12UG","South Cambridgeshire",,,55903,2148,3.84,5704,10.2,17213,30.79,10630,19.02,9812,17.55,6423,11.49,3660,6.55,311,.56,2,0
"G","East of England","22","Essex","22UB","Basildon",,,72379,9075,12.54,14789,20.43,21993,30.39,13334,18.42,6938,9.59,4323,5.97,1818,2.51,109,.15,0,0
"G","East of England","22","Essex","22UC","Braintree",,,58028,5378,9.27,14559,25.09,17592,30.32,8069,13.91,6485,11.18,3691,6.36,2047,3.53,202,.35,5,.01
"G","East of England","22","Essex","22UD","Brentwood",,,30672,553,1.8,2556,8.33,6126,19.97,7777,25.36,5320,17.34,4250,13.86,3634,11.85,454,1.48,2,.01
"G","East of England","22","Essex","22UE","Castle Point",,,35995,1811,5.03,5830,16.2,13469,37.42,8376,23.27,4169,11.58,1710,4.75,559,1.55,63,.18,8,.02
"G","East of England","22","Essex","22UF","Chelmsford",,,67470,4428,6.56,9157,13.57,20745,30.75,15098,22.38,9360,13.87,4994,7.4,3394,5.03,293,.43,1,0
"G","East of England","22","Essex","22UG","Colchester",,,68018,8407,12.36,17745,26.09,17671,25.98,11781,17.32,6816,10.02,3284,4.83,2147,3.16,150,.22,17,.02
"G","East of England","22","Essex","22UH","Epping Forest",,,52222,1646,3.15,4523,8.66,10911,20.89,13270,25.41,8741,16.74,6423,12.3,5685,10.89,1023,1.96,0,0
"G","East of England","22","Essex","22UJ","Harlow",,,34429,2127,6.18,7413,21.53,18086,52.53,3742,10.87,1880,5.46,768,2.23,398,1.16,15,.04,0,0
"G","East of England","22","Essex","22UK","Maldon",,,25789,2132,8.27,3440,13.34,7598,29.46,4773,18.51,4014,15.56,2457,9.53,1230,4.77,142,.55,3,.01
"G","East of England","22","Essex","22UL","Rochford",,,33489,1371,4.09,3075,9.18,11212,33.48,9985,29.82,4648,13.88,2043,6.1,1077,3.22,75,.22,3,.01
"G","East of England","22","Essex","22UN","Tendring",,,65094,11939,18.34,16632,25.55,19978,30.69,9686,14.88,4463,6.86,1531,2.35,771,1.18,85,.13,9,.01
"G","East of England","22","Essex","22UQ","Uttlesford",,,29519,915,3.1,3343,11.32,7174,24.3,5746,19.47,4853,16.44,3476,11.78,3669,12.43,342,1.16,1,0
"G","East of England","26","Hertfordshire","26UB","Broxbourne",,,36360,432,1.19,3218,8.85,7524,20.69,13510,37.16,6991,19.23,2591,7.13,1947,5.35,147,.4,0,0
"G","East of England","26","Hertfordshire","26UC","Dacorum",,,58265,1147,1.97,7649,13.13,17622,30.24,13730,23.56,7942,13.63,5163,8.86,4419,7.58,592,1.02,1,0
"G","East of England","26","Hertfordshire","26UD","East Hertfordshire",,,54677,651,1.19,5115,9.35,13243,24.22,13757,25.16,9829,17.98,6584,12.04,4882,8.93,616,1.13,0,0
"G","East of England","26","Hertfordshire","26UE","Hertsmere",,,39436,525,1.33,2793,7.08,5993,15.2,12986,32.93,8294,21.03,3843,9.74,4220,10.7,782,1.98,0,0
"G","East of England","26","Hertfordshire","26UF","North Hertfordshire",,,51447,3069,5.97,7624,14.82,17791,34.58,8948,17.39,6551,12.73,4247,8.26,2939,5.71,277,.54,1,0
"G","East of England","26","Hertfordshire","26UG","St Albans",,,55326,851,1.54,2763,4.99,8285,14.97,15191,27.46,12187,22.03,8378,15.14,6753,12.21,917,1.66,1,0
"G","East of England","26","Hertfordshire","26UH","Stevenage",,,33717,1364,4.05,5686,16.86,19855,58.89,2985,8.85,2535,7.52,880,2.61,401,1.19,10,.03,1,0
"G","East of England","26","Hertfordshire","26UJ","Three Rivers",,,34823,734,2.11,1934,5.55,6108,17.54,9231,26.51,6900,19.81,3759,10.79,4858,13.95,1298,3.73,1,0
"G","East of England","26","Hertfordshire","26UK","Watford",,,33980,291,.86,3470,10.21,12286,36.16,10845,31.92,3343,9.84,1912,5.63,1765,5.19,68,.2,0,0
"G","East of England","26","Hertfordshire","26UL","Welwyn Hatfield",,,42183,576,1.37,4308,10.21,13726,32.54,10800,25.6,4421,10.48,4235,10.04,3573,8.47,544,1.29,0,0
"G","East of England","33","Norfolk","33UB","Breckland",,,53055,13766,25.95,15538,29.29,12305,23.19,6211,11.71,3350,6.31,1232,2.32,597,1.13,54,.1,2,0
"G","East of England","33","Norfolk","33UC","Broadland",,,52863,4093,7.74,13813,26.13,19542,36.97,8599,16.27,4184,7.91,1819,3.44,727,1.38,86,.16,0,0
"G","East of England","33","Norfolk","33UD","Great Yarmouth",,,43930,18981,43.21,11420,26,7698,17.52,3577,8.14,1502,3.42,487,1.11,234,.53,14,.03,17,.04
"G","East of England","33","Norfolk","33UE","King's Lynn and West Norfolk",,,65014,21938,33.74,15679,24.12,12436,19.13,7975,12.27,4028,6.2,2008,3.09,857,1.32,93,.14,0,0
"G","East of England","33","Norfolk","33UF","North Norfolk",,,50551,10669,21.11,13503,26.71,10843,21.45,8257,16.33,4261,8.43,1925,3.81,1001,1.98,80,.16,12,.02
"G","East of England","33","Norfolk","33UG","Norwich",,,58335,25440,43.61,20271,34.75,6571,11.26,2767,4.74,1900,3.26,688,1.18,625,1.07,72,.12,1,0
"G","East of England","33","Norfolk","33UH","South Norfolk",,,49800,5281,10.6,14466,29.05,12391,24.88,8702,17.47,5287,10.62,2265,4.55,1294,2.6,110,.22,4,.01
"G","East of England","42","Suffolk","42UB","Babergh",,,36898,4162,11.28,10973,29.74,7624,20.66,6636,17.98,3843,10.42,1968,5.33,1520,4.12,169,.46,3,.01
"G","East of England","42","Suffolk","42UC","Forest Heath",,,24926,5933,23.8,8985,36.05,4853,19.47,2972,11.92,1182,4.74,573,2.3,375,1.5,53,.21,0,0
"G","East of England","42","Suffolk","42UD","Ipswich",,,53161,16583,31.19,19787,37.22,10006,18.82,3647,6.86,1943,3.65,862,1.62,320,.6,12,.02,1,0
"G","East of England","42","Suffolk","42UE","Mid Suffolk",,,37952,4873,12.84,10502,27.67,8249,21.74,6054,15.95,4332,11.41,2451,6.46,1386,3.65,104,.27,1,0
"G","East of England","42","Suffolk","42UF","St Edmundsbury",,,43777,4873,11.13,16413,37.49,8571,19.58,6728,15.37,3933,8.98,1732,3.96,1410,3.22,117,.27,0,0
"G","East of England","42","Suffolk","42UG","Suffolk Coastal",,,54303,7212,13.28,13552,24.96,10680,19.67,10133,18.66,6835,12.59,3641,6.7,2090,3.85,159,.29,1,0
"G","East of England","42","Suffolk","42UH","Waveney",,,53046,18136,34.19,14837,27.97,10034,18.92,5886,11.1,2653,5,892,1.68,565,1.07,38,.07,5,.01