DATASET_TITLE,"New Deal Programme: Starts by Ethnic Group, 2007",,,,,,FROM,Jan-2007,Jan-2007,Jan-2007,Jan-2007,Jan-2007,Jan-2007,Jan-2007,Jan-2007,Jan-2007,Jan-2007,Jan-2007,Jan-2007,Jan-2007,Jan-2007,Jan-2007,Jan-2007,Jan-2007,Jan-2007
AREA_TYPE,Local Authority,,,,,,TO,Dec-2007,Dec-2007,Dec-2007,Dec-2007,Dec-2007,Dec-2007,Dec-2007,Dec-2007,Dec-2007,Dec-2007,Dec-2007,Dec-2007,Dec-2007,Dec-2007,Dec-2007,Dec-2007,Dec-2007,Dec-2007
GEO_HIERARCHY,NeSS Geography Hierarchy,,,,,,HEADING,New Deal Young People,New Deal Young People; White,New Deal Young People; Black or Black British,"New Deal Young People; Asian, Asian British or Chinese",New Deal Young People; Mixed or Other,New Deal Young People; Unknown or Prefer Not to Say,New Deal 25plus,New Deal 25plus; White,New Deal 25plus; Black or Black British,"New Deal 25plus; Asian, Asian British or Chinese",New Deal 25plus; Mixed or Other,New Deal 25plus; Unknown or Prefer Not to Say,New Deal Lone Parents,New Deal Lone Parents; White,New Deal Lone Parents; Black or Black British,New Deal Lone Parents; Asian or Asian British or Chinese,New Deal Lone Parents; Mixed or Other,New Deal Lone Parents; Unknown or Prefer Not to Say
,,,,,,,MEASUREMENT_UNIT,Count,Count,Count,Count,Count,Count,Count,Count,Count,Count,Count,Count,Count,Count,Count,Count,Count,Count
,,,,,,,STATISTICAL_UNIT,Cases,Cases,Cases,Cases,Cases,Cases,Cases,Cases,Cases,Cases,Cases,Cases,Cases,Cases,Cases,Cases,Cases,Cases
GOR_CODE,GOR_NAME,CTY_CODE,CTY_NAME,LA_CODE,LA_NAME,AREA_METADATA,,DATA_VALUE,DATA_VALUE,DATA_VALUE,DATA_VALUE,DATA_VALUE,DATA_VALUE,DATA_VALUE,DATA_VALUE,DATA_VALUE,DATA_VALUE,DATA_VALUE,DATA_VALUE,DATA_VALUE,DATA_VALUE,DATA_VALUE,DATA_VALUE,DATA_VALUE,DATA_VALUE
"A","North East",,,"00CH","Gateshead",,,840,690,10,0,10,130,720,600,10,10,10,100,760,680,0,0,10,60
"A","North East",,,"00CJ","Newcastle upon Tyne",,,1550,1170,10,40,30,300,1350,1030,30,30,70,190,1200,1000,20,20,20,140
"A","North East",,,"00CK","North Tyneside",,,790,660,0,0,10,120,600,510,0,0,0,80,910,780,0,10,10,110
"A","North East",,,"00CL","South Tyneside",,,1020,830,0,10,10,180,870,760,0,10,10,90,910,820,0,0,0,80
"A","North East",,,"00CM","Sunderland",,,1590,1280,0,10,20,290,1280,1100,10,10,20,150,1000,890,0,0,10,90
"A","North East",,,"00EB","Hartlepool",,,760,690,0,0,0,60,550,530,0,0,0,20,350,310,0,0,0,30
"A","North East",,,"00EC","Middlesbrough",,,710,570,0,20,30,90,10,10,0,0,0,0,890,820,10,20,10,40
"A","North East",,,"00EE","Redcar and Cleveland",,,510,430,0,0,0,70,10,0,0,0,0,0,470,440,0,0,0,30
"A","North East",,,"00EF","Stockton-on-Tees",,,950,840,0,20,10,80,700,620,0,10,20,50,630,560,10,0,0,60
"A","North East",,,"00EH","Darlington",,,400,360,0,0,0,40,350,310,0,0,0,20,440,400,0,0,0,40
"A","North East",,,"00EJ","Durham",,,2040,1670,0,10,10,360,1390,1170,0,0,10,210,2290,2060,0,0,10,230
"A","North East",,,"00EM","Northumberland",,,1290,1020,0,0,10,260,900,770,0,0,0,130,920,790,0,0,0,130
"B","North West",,,"00BL","Bolton",,,1100,850,30,110,50,60,640,470,30,60,40,50,1460,1240,40,90,20,70
"B","North West",,,"00BM","Bury",,,520,430,10,20,10,50,240,190,0,10,10,20,760,660,10,30,20,40
"B","North West",,,"00BN","Manchester",,,2520,1630,280,170,250,190,1910,1110,300,110,170,220,2800,1870,380,150,220,180
"B","North West",,,"00BP","Oldham",,,830,520,20,190,50,60,570,360,10,120,30,50,870,720,20,80,20,30
"B","North West",,,"00BQ","Rochdale",,,1000,720,10,180,40,60,550,410,20,80,20,30,1240,1070,30,80,20,50
"B","North West",,,"00BR","Salford",,,970,840,20,10,30,60,680,550,40,0,30,50,860,780,20,0,10,40
"B","North West",,,"00BS","Stockport",,,560,520,0,10,10,10,380,340,0,10,10,20,860,790,10,10,20,40
"B","North West",,,"00BT","Tameside",,,820,700,0,50,10,60,410,340,10,20,10,30,1030,940,10,20,10,40
"B","North West",,,"00BU","Trafford",,,350,250,30,20,20,30,310,210,40,10,10,40,710,560,40,30,30,50
"B","North West",,,"00BW","Wigan",,,1090,1010,0,0,10,60,600,560,0,0,0,30,1550,1440,10,0,10,90
"B","North West",,,"00BX","Knowsley",,,1170,1110,0,0,10,50,750,710,0,0,0,30,1090,1030,0,0,10,50
"B","North West",,,"00BY","Liverpool",,,2520,2170,70,10,120,140,120,110,0,0,0,10,2560,2260,80,10,90,120
"B","North West",,,"00BZ","St. Helens",,,870,820,0,0,0,50,570,540,0,0,0,30,690,660,0,0,0,30
"B","North West",,,"00CA","Sefton",,,870,800,0,0,0,60,220,200,0,0,0,20,720,660,0,0,10,50
"B","North West",,,"00CB","Wirral",,,1640,1510,0,0,10,120,1270,1150,10,10,10,110,1620,1540,0,0,20,60
"B","North West",,,"00EQ","Cheshire East",,,490,440,0,0,10,30,290,270,0,0,0,10,560,520,0,0,10,20
"B","North West",,,"00ET","Halton",,,590,560,0,0,0,30,400,380,0,0,0,20,800,760,0,0,0,30
"B","North West",,,"00EU","Warrington",,,460,440,0,0,10,20,270,250,0,0,10,10,510,490,0,0,0,10
"B","North West",,,"00EW","Cheshire West and Chester",,,700,660,0,0,10,30,410,380,0,0,0,30,1070,1030,0,0,10,30
"B","North West",,,"00EX","Blackburn with Darwen",,,670,420,0,170,20,50,460,280,0,110,10,60,660,540,0,80,10,20
"B","North West",,,"00EY","Blackpool",,,640,590,0,0,0,40,560,480,0,0,10,70,520,480,0,0,0,40
"B","North West","16","Cumbria","16UB","Allerdale",,,270,270,0,0,0,10,230,220,0,0,0,10,320,320,0,0,0,0
"B","North West","16","Cumbria","16UC","Barrow-in-Furness",,,340,330,0,0,0,10,170,170,0,0,0,10,260,240,0,0,0,20
"B","North West","16","Cumbria","16UD","Carlisle",,,260,240,0,0,0,10,240,230,0,0,0,10,410,380,0,0,0,20
"B","North West","16","Cumbria","16UE","Copeland",,,280,270,0,0,0,10,230,220,0,0,0,10,300,290,0,0,0,0
"B","North West","16","Cumbria","16UF","Eden",,,40,40,0,0,0,0,30,30,0,0,0,0,40,40,0,0,0,0
"B","North West","16","Cumbria","16UG","South Lakeland",,,70,70,0,0,0,0,40,40,0,0,0,0,60,60,0,0,0,0
"B","North West","30","Lancashire","30UD","Burnley",,,340,270,0,40,0,20,240,200,0,20,0,20,500,450,0,30,10,10
"B","North West","30","Lancashire","30UE","Chorley",,,200,180,0,0,0,10,160,130,0,0,0,10,140,130,0,0,0,10
"B","North West","30","Lancashire","30UF","Fylde",,,70,60,0,0,0,10,50,40,0,0,0,10,200,180,0,0,0,20
"B","North West","30","Lancashire","30UG","Hyndburn",,,280,230,0,30,0,20,160,140,0,10,0,10,480,440,0,30,0,10
"B","North West","30","Lancashire","30UH","Lancaster",,,330,300,0,0,10,20,290,270,0,0,0,20,600,570,0,0,10,20
"B","North West","30","Lancashire","30UJ","Pendle",,,320,190,0,70,0,50,140,90,0,20,0,30,470,370,0,80,10,20
"B","North West","30","Lancashire","30UK","Preston",,,450,340,0,30,20,60,380,280,10,40,10,40,460,380,10,20,20,20
"B","North West","30","Lancashire","30UL","Ribble Valley",,,40,40,0,0,0,0,30,30,0,0,0,0,60,60,0,0,0,0
"B","North West","30","Lancashire","30UM","Rossendale",,,210,180,0,10,0,20,120,110,0,0,0,10,300,280,0,0,0,10
"B","North West","30","Lancashire","30UN","South Ribble",,,170,150,0,0,0,20,90,80,0,0,0,10,270,240,0,0,0,20
"B","North West","30","Lancashire","30UP","West Lancashire",,,280,260,0,0,0,20,260,240,0,0,0,20,380,350,0,0,0,20
"B","North West","30","Lancashire","30UQ","Wyre",,,140,130,0,0,0,10,90,80,0,0,0,10,370,350,0,0,0,20
"D","Yorkshire and The Humber",,,"00CC","Barnsley",,,970,890,0,0,10,70,540,500,0,0,0,40,1180,1130,10,0,10,40
"D","Yorkshire and The Humber",,,"00CE","Doncaster",,,730,650,0,0,10,60,0,0,0,0,0,0,1080,1020,10,10,20,30
"D","Yorkshire and The Humber",,,"00CF","Rotherham",,,980,860,0,40,20,70,610,530,0,20,20,40,1060,970,20,20,10,40
"D","Yorkshire and The Humber",,,"00CG","Sheffield",,,2170,1480,170,190,210,120,1920,1350,190,110,170,100,1660,1370,110,40,100,40
"D","Yorkshire and The Humber",,,"00CX","Bradford",,,2420,1240,30,940,100,110,1870,1090,60,500,80,130,2210,1560,40,290,80,250
"D","Yorkshire and The Humber",,,"00CY","Calderdale",,,720,560,0,120,20,20,610,500,0,60,10,20,730,650,10,30,10,30
"D","Yorkshire and The Humber",,,"00CZ","Kirklees",,,1330,890,40,260,80,50,820,600,30,110,30,40,1340,1050,60,100,60,70
"D","Yorkshire and The Humber",,,"00DA","Leeds",,,2950,2140,210,170,230,190,2550,1770,190,110,180,290,2550,2050,160,60,100,170
"D","Yorkshire and The Humber",,,"00DB","Wakefield",,,1040,950,10,20,10,50,710,650,10,10,10,30,980,930,0,10,10,30
"D","Yorkshire and The Humber",,,"00FA","Kingston upon Hull, City of",,,2100,1910,10,0,60,120,1880,1660,10,10,50,150,1230,1140,10,0,10,70
"D","Yorkshire and The Humber",,,"00FB","East Riding of Yorkshire",,,680,630,0,0,0,50,650,620,0,0,0,30,790,750,0,0,10,30
"D","Yorkshire and The Humber",,,"00FC","North East Lincolnshire",,,840,800,10,0,10,20,690,610,0,0,0,70,690,650,0,0,10,30
"D","Yorkshire and The Humber",,,"00FD","North Lincolnshire",,,510,460,0,10,10,20,360,310,0,10,10,40,500,470,0,10,0,20
"D","Yorkshire and The Humber",,,"00FF","York",,,340,310,0,0,0,20,290,240,0,0,0,40,570,510,0,0,10,50
"D","Yorkshire and The Humber","36","North Yorkshire","36UB","Craven",,,30,30,0,0,0,0,40,30,0,0,0,0,60,60,0,0,0,0
"D","Yorkshire and The Humber","36","North Yorkshire","36UC","Hambleton",,,120,110,0,0,0,10,80,70,0,0,0,10,150,140,0,0,0,10
"D","Yorkshire and The Humber","36","North Yorkshire","36UD","Harrogate",,,120,120,0,0,0,0,150,140,0,0,0,10,250,240,0,0,0,10
"D","Yorkshire and The Humber","36","North Yorkshire","36UE","Richmondshire",,,50,50,0,0,0,0,40,40,0,0,0,0,90,80,0,0,0,0
"D","Yorkshire and The Humber","36","North Yorkshire","36UF","Ryedale",,,40,40,0,0,0,0,50,50,0,0,0,10,110,100,0,0,0,0
"D","Yorkshire and The Humber","36","North Yorkshire","36UG","Scarborough",,,280,270,0,0,0,10,300,270,0,0,0,30,510,490,0,0,0,20
"D","Yorkshire and The Humber","36","North Yorkshire","36UH","Selby",,,130,130,0,0,0,0,120,120,0,0,0,0,290,270,0,0,0,10
"E","East Midlands",,,"00FK","Derby",,,850,590,30,100,70,60,770,510,60,60,60,80,690,550,30,50,30,30
"E","East Midlands",,,"00FN","Leicester",,,1680,910,130,410,120,110,1680,850,190,380,140,130,530,290,70,110,30,40
"E","East Midlands",,,"00FP","Rutland",,,20,20,0,0,0,0,20,10,0,0,0,0,10,10,0,0,0,0
"E","East Midlands",,,"00FY","Nottingham",,,1380,960,120,70,130,110,280,220,20,10,10,20,870,650,90,30,70,30
"E","East Midlands","17","Derbyshire","17UB","Amber Valley",,,270,260,0,0,0,10,260,250,0,0,0,10,250,230,0,0,0,10
"E","East Midlands","17","Derbyshire","17UC","Bolsover",,,310,300,0,0,0,10,210,200,0,0,0,10,190,190,0,0,0,0
"E","East Midlands","17","Derbyshire","17UD","Chesterfield",,,460,420,0,0,10,20,370,350,0,0,0,10,320,290,0,0,10,20
"E","East Midlands","17","Derbyshire","17UF","Derbyshire Dales",,,70,70,0,0,0,0,90,80,0,0,0,10,40,40,0,0,0,0
"E","East Midlands","17","Derbyshire","17UG","Erewash",,,330,290,0,0,10,30,270,240,0,0,0,20,240,220,0,0,0,10
"E","East Midlands","17","Derbyshire","17UH","High Peak",,,180,150,0,0,0,20,110,90,0,0,0,10,160,140,0,0,0,10
"E","East Midlands","17","Derbyshire","17UJ","North East Derbyshire",,,280,260,0,0,0,20,240,220,0,0,0,10,170,170,0,0,0,10
"E","East Midlands","17","Derbyshire","17UK","South Derbyshire",,,110,100,0,0,0,10,100,90,0,0,0,10,100,90,0,0,0,10
"E","East Midlands","31","Leicestershire","31UB","Blaby",,,130,120,0,10,0,0,80,60,0,10,0,10,50,30,0,0,0,10
"E","East Midlands","31","Leicestershire","31UC","Charnwood",,,250,210,0,10,10,10,240,210,0,10,10,10,240,210,0,10,10,10
"E","East Midlands","31","Leicestershire","31UD","Harborough",,,60,50,0,0,0,0,50,50,0,0,0,0,30,30,0,0,0,0
"E","East Midlands","31","Leicestershire","31UE","Hinckley and Bosworth",,,170,160,0,0,0,10,130,120,0,0,0,10,130,120,0,0,0,0
"E","East Midlands","31","Leicestershire","31UG","Melton",,,60,60,0,0,0,0,50,50,0,0,0,0,60,60,0,0,0,0
"E","East Midlands","31","Leicestershire","31UH","North West Leicestershire",,,170,160,0,0,0,10,120,120,0,0,0,10,130,130,0,0,0,0
"E","East Midlands","31","Leicestershire","31UJ","Oadby and Wigston",,,90,70,0,20,0,0,80,60,0,10,10,0,50,40,0,10,0,0
"E","East Midlands","32","Lincolnshire","32UB","Boston",,,160,140,0,0,0,10,100,90,0,0,0,10,180,180,0,0,0,10
"E","East Midlands","32","Lincolnshire","32UC","East Lindsey",,,360,330,0,0,0,20,250,240,0,0,0,10,170,160,0,0,0,10
"E","East Midlands","32","Lincolnshire","32UD","Lincoln",,,440,400,0,0,20,10,330,310,0,0,0,20,310,290,0,0,0,10
"E","East Midlands","32","Lincolnshire","32UE","North Kesteven",,,150,150,0,0,0,0,100,100,0,0,0,0,150,140,0,0,0,0
"E","East Midlands","32","Lincolnshire","32UF","South Holland",,,160,160,0,0,0,0,110,110,0,0,0,0,150,140,0,0,0,10
"E","East Midlands","32","Lincolnshire","32UG","South Kesteven",,,240,230,0,0,0,0,160,150,0,0,0,0,190,190,0,0,0,0
"E","East Midlands","32","Lincolnshire","32UH","West Lindsey",,,260,260,0,0,0,10,190,180,0,0,0,10,70,70,0,0,0,0
"E","East Midlands","34","Northamptonshire","34UB","Corby",,,150,140,0,0,0,0,140,140,0,0,0,0,270,250,0,0,0,20
"E","East Midlands","34","Northamptonshire","34UC","Daventry",,,120,110,0,0,0,0,70,70,0,0,0,0,110,100,0,0,0,0
"E","East Midlands","34","Northamptonshire","34UD","East Northamptonshire",,,190,180,0,0,0,0,140,140,0,0,0,10,100,100,0,0,0,0
"E","East Midlands","34","Northamptonshire","34UE","Kettering",,,240,220,0,0,0,10,220,200,0,10,10,10,180,170,0,0,0,0
"E","East Midlands","34","Northamptonshire","34UF","Northampton",,,710,550,60,20,50,20,640,480,90,20,20,30,420,310,60,10,20,20
"E","East Midlands","34","Northamptonshire","34UG","South Northamptonshire",,,50,50,0,0,0,0,40,40,0,0,0,0,60,50,0,0,0,0
"E","East Midlands","34","Northamptonshire","34UH","Wellingborough",,,260,200,30,0,20,20,160,120,20,0,10,10,180,140,20,10,0,0
"E","East Midlands","37","Nottinghamshire","37UB","Ashfield",,,360,350,0,0,0,10,210,200,0,0,0,10,200,190,0,0,0,10
"E","East Midlands","37","Nottinghamshire","37UC","Bassetlaw",,,290,280,0,0,0,10,160,150,0,0,0,0,180,170,0,0,0,10
"E","East Midlands","37","Nottinghamshire","37UD","Broxtowe",,,240,210,0,0,10,10,200,170,0,0,0,10,100,90,0,0,0,0
"E","East Midlands","37","Nottinghamshire","37UE","Gedling",,,220,200,10,0,0,10,160,150,0,0,0,10,110,100,0,0,0,10
"E","East Midlands","37","Nottinghamshire","37UF","Mansfield",,,380,360,0,0,10,10,210,200,0,0,0,10,70,70,0,0,0,0
"E","East Midlands","37","Nottinghamshire","37UG","Newark and Sherwood",,,230,220,0,0,0,10,160,150,0,0,0,0,40,40,0,0,0,0
"E","East Midlands","37","Nottinghamshire","37UJ","Rushcliffe",,,90,70,0,10,0,10,90,70,0,0,0,10,50,50,0,0,0,0
"F","West Midlands",,,"00CN","Birmingham",,,6490,2860,790,1470,660,710,1990,1330,190,160,120,190,3400,2020,500,340,240,300
"F","West Midlands",,,"00CQ","Coventry",,,1690,1160,100,150,150,130,1420,930,140,130,130,90,760,550,80,30,40,50
"F","West Midlands",,,"00CR","Dudley",,,1370,1080,40,100,60,80,1220,990,40,60,40,80,660,520,30,30,20,50
"F","West Midlands",,,"00CS","Sandwell",,,1940,1160,120,270,110,280,1430,870,120,170,90,180,1120,740,120,80,80,100
"F","West Midlands",,,"00CT","Solihull",,,530,410,20,10,30,60,360,310,10,10,10,20,680,580,20,10,30,40
"F","West Midlands",,,"00CU","Walsall",,,1720,1260,30,250,70,110,1210,930,50,120,40,60,700,560,20,40,20,60
"F","West Midlands",,,"00CW","Wolverhampton",,,1770,1100,160,180,160,180,1440,880,200,160,80,110,990,610,140,80,70,80
"F","West Midlands",,,"00GA","Herefordshire, County of",,,260,240,0,0,0,10,280,270,0,0,0,20,280,250,0,0,0,20
"F","West Midlands",,,"00GF","Telford and Wrekin",,,530,460,10,20,10,30,280,240,10,10,0,20,600,560,10,0,10,20
"F","West Midlands",,,"00GG","Shropshire",,,490,470,0,0,0,20,360,340,0,0,10,10,370,350,0,0,0,10
"F","West Midlands",,,"00GL","Stoke-on-Trent",,,1340,1140,10,50,50,100,690,580,20,20,40,30,770,670,10,20,20,60
"F","West Midlands","41","Staffordshire","41UB","Cannock Chase",,,310,290,0,0,0,20,180,170,0,0,0,10,160,150,0,0,0,0
"F","West Midlands","41","Staffordshire","41UC","East Staffordshire",,,210,160,0,30,10,10,180,130,10,20,10,10,210,200,0,10,0,0
"F","West Midlands","41","Staffordshire","41UD","Lichfield",,,140,120,0,0,0,10,80,80,0,0,0,0,130,130,0,0,0,0
"F","West Midlands","41","Staffordshire","41UE","Newcastle-under-Lyme",,,300,270,0,0,0,30,140,130,0,0,0,10,190,170,0,0,0,10
"F","West Midlands","41","Staffordshire","41UF","South Staffordshire",,,220,190,0,0,0,20,150,130,0,0,0,10,100,90,0,0,0,10
"F","West Midlands","41","Staffordshire","41UG","Stafford",,,230,200,0,0,10,20,230,200,0,10,0,20,170,150,0,0,0,10
"F","West Midlands","41","Staffordshire","41UH","Staffordshire Moorlands",,,110,110,0,0,0,0,70,70,0,0,0,0,90,90,0,0,0,10
"F","West Midlands","41","Staffordshire","41UK","Tamworth",,,220,200,0,0,0,10,140,130,0,0,0,10,190,180,0,0,0,10
"F","West Midlands","44","Warwickshire","44UB","North Warwickshire",,,110,110,0,0,0,10,90,90,0,0,0,0,140,140,0,0,0,0
"F","West Midlands","44","Warwickshire","44UC","Nuneaton and Bedworth",,,470,410,0,20,10,30,350,310,0,20,0,20,430,380,10,10,10,20
"F","West Midlands","44","Warwickshire","44UD","Rugby",,,180,150,0,0,10,10,100,80,0,0,0,10,230,190,10,0,10,20
"F","West Midlands","44","Warwickshire","44UE","Stratford-on-Avon",,,110,100,0,0,0,0,130,130,0,0,0,0,170,160,0,0,0,10
"F","West Midlands","44","Warwickshire","44UF","Warwick",,,240,210,0,10,10,10,250,210,10,10,10,10,220,190,0,10,10,10
"F","West Midlands","47","Worcestershire","47UB","Bromsgrove",,,120,120,0,0,0,10,90,80,0,0,0,0,60,60,0,0,0,0
"F","West Midlands","47","Worcestershire","47UC","Malvern Hills",,,90,90,0,0,0,0,70,60,0,0,0,10,90,90,0,0,0,10
"F","West Midlands","47","Worcestershire","47UD","Redditch",,,210,170,0,10,10,10,130,110,0,10,0,10,110,90,0,0,0,10
"F","West Midlands","47","Worcestershire","47UE","Worcester",,,260,230,0,10,10,10,200,190,0,0,0,10,120,110,0,0,0,10
"F","West Midlands","47","Worcestershire","47UF","Wychavon",,,160,160,0,0,0,0,150,140,0,0,0,10,90,80,0,0,0,0
"F","West Midlands","47","Worcestershire","47UG","Wyre Forest",,,240,220,0,10,0,10,200,170,0,0,0,20,200,190,0,0,0,10
"G","East of England",,,"00JA","Peterborough",,,700,500,20,70,60,40,590,450,20,40,30,40,420,350,10,10,30,10
"G","East of England",,,"00KA","Luton",,,760,310,80,200,60,110,840,360,110,210,50,110,550,310,80,50,50,60
"G","East of England",,,"00KB","Bedford",,,390,240,30,40,30,40,360,240,40,30,30,20,450,280,20,30,30,90
"G","East of England",,,"00KC","Central Bedfordshire",,,280,240,0,0,10,30,190,170,0,10,0,10,260,230,0,0,0,30
"G","East of England",,,"00KF","Southend-on-Sea",,,480,430,10,10,10,20,550,480,10,10,20,30,620,570,10,0,10,20
"G","East of England",,,"00KG","Thurrock",,,470,420,20,10,10,10,360,320,20,10,10,10,920,840,40,10,10,30
"G","East of England","12","Cambridgeshire","12UB","Cambridge",,,200,140,10,0,0,40,220,160,10,0,10,30,190,150,10,0,10,10
"G","East of England","12","Cambridgeshire","12UC","East Cambridgeshire",,,100,100,0,0,0,0,90,80,0,0,0,0,60,50,0,0,0,0
"G","East of England","12","Cambridgeshire","12UD","Fenland",,,260,240,0,0,0,10,170,150,0,0,0,10,140,140,0,0,0,0
"G","East of England","12","Cambridgeshire","12UE","Huntingdonshire",,,220,190,10,0,0,20,140,130,0,10,0,10,90,80,0,0,0,10
"G","East of England","12","Cambridgeshire","12UG","South Cambridgeshire",,,80,70,0,0,0,10,100,80,0,0,0,20,120,100,0,0,0,20
"G","East of England","22","Essex","22UB","Basildon",,,390,350,10,0,10,20,360,310,0,0,10,30,650,610,10,0,0,20
"G","East of England","22","Essex","22UC","Braintree",,,220,190,0,0,10,20,160,130,0,0,0,20,170,160,0,0,0,10
"G","East of England","22","Essex","22UD","Brentwood",,,40,40,0,0,0,0,30,20,0,0,0,0,150,130,10,0,0,0
"G","East of England","22","Essex","22UE","Castle Point",,,130,110,0,0,0,10,90,90,0,0,0,10,180,180,0,0,0,10
"G","East of England","22","Essex","22UF","Chelmsford",,,230,190,0,10,0,20,250,200,10,10,10,20,230,220,0,0,0,10
"G","East of England","22","Essex","22UG","Colchester",,,420,390,0,0,10,20,350,310,10,0,10,20,360,320,10,0,10,20
"G","East of England","22","Essex","22UH","Epping Forest",,,220,200,10,0,10,10,200,170,10,0,0,10,230,200,10,10,10,10
"G","East of England","22","Essex","22UJ","Harlow",,,330,280,10,0,20,30,260,220,10,10,10,20,370,340,10,0,10,10
"G","East of England","22","Essex","22UK","Maldon",,,80,70,0,0,0,10,100,90,0,0,0,0,60,60,0,0,0,0
"G","East of England","22","Essex","22UL","Rochford",,,90,80,0,0,0,0,50,40,0,0,0,0,110,100,0,0,0,10
"G","East of England","22","Essex","22UN","Tendring",,,440,410,0,0,10,20,260,250,0,0,0,20,400,380,0,0,0,20
"G","East of England","22","Essex","22UQ","Uttlesford",,,50,40,0,0,0,10,30,20,0,0,0,0,40,40,0,0,0,0
"G","East of England","26","Hertfordshire","26UB","Broxbourne",,,180,150,10,0,10,10,170,140,10,0,10,10,200,170,10,0,10,10
"G","East of England","26","Hertfordshire","26UC","Dacorum",,,190,170,0,0,10,10,260,230,10,10,10,10,320,290,10,10,10,10
"G","East of England","26","Hertfordshire","26UD","East Hertfordshire",,,110,100,0,0,0,10,120,110,0,0,0,0,110,100,0,0,0,0
"G","East of England","26","Hertfordshire","26UE","Hertsmere",,,160,130,0,0,10,10,130,110,0,0,0,10,170,150,0,0,0,10
"G","East of England","26","Hertfordshire","26UF","North Hertfordshire",,,140,100,10,10,10,20,160,120,10,10,0,10,90,70,10,0,0,10
"G","East of England","26","Hertfordshire","26UG","St Albans",,,110,80,10,10,10,10,110,80,10,10,0,10,70,60,0,0,0,0
"G","East of England","26","Hertfordshire","26UH","Stevenage",,,190,150,0,0,10,30,140,120,10,10,0,10,270,250,10,0,10,10
"G","East of England","26","Hertfordshire","26UJ","Three Rivers",,,80,70,0,0,0,0,40,30,0,0,0,0,70,50,0,0,0,20
"G","East of England","26","Hertfordshire","26UK","Watford",,,130,80,0,30,10,10,100,60,10,0,10,10,80,50,10,0,0,30
"G","East of England","26","Hertfordshire","26UL","Welwyn Hatfield",,,170,150,0,0,10,10,150,130,10,0,0,10,40,30,0,0,0,0
"G","East of England","33","Norfolk","33UB","Breckland",,,270,240,0,0,0,30,190,170,0,0,0,10,170,160,0,0,10,0
"G","East of England","33","Norfolk","33UC","Broadland",,,130,100,0,0,0,30,110,90,0,0,0,20,110,110,0,0,0,0
"G","East of England","33","Norfolk","33UD","Great Yarmouth",,,550,490,0,0,10,50,450,420,0,0,10,20,170,150,0,0,0,20
"G","East of England","33","Norfolk","33UE","King's Lynn and West Norfolk",,,350,320,0,0,0,30,270,250,0,0,0,10,230,210,0,0,0,20
"G","East of England","33","Norfolk","33UF","North Norfolk",,,180,170,0,0,0,10,170,160,0,0,0,10,40,40,0,0,0,0
"G","East of England","33","Norfolk","33UG","Norwich",,,520,410,0,0,10,110,520,430,10,0,10,80,340,310,10,0,10,10
"G","East of England","33","Norfolk","33UH","South Norfolk",,,150,130,0,0,0,20,120,110,0,0,0,10,110,100,0,0,0,0
"G","East of England","42","Suffolk","42UB","Babergh",,,110,90,0,0,0,10,110,110,0,0,0,0,120,110,0,0,0,10
"G","East of England","42","Suffolk","42UC","Forest Heath",,,70,70,0,0,0,0,50,40,0,0,0,0,30,30,0,0,0,0
"G","East of England","42","Suffolk","42UD","Ipswich",,,490,390,20,0,50,30,540,440,30,10,30,40,510,440,30,0,30,10
"G","East of England","42","Suffolk","42UE","Mid Suffolk",,,100,90,0,0,0,10,40,40,0,0,0,10,100,90,0,0,0,0
"G","East of England","42","Suffolk","42UF","St Edmundsbury",,,190,170,0,0,0,20,150,140,0,0,0,10,70,60,0,0,0,0
"G","East of England","42","Suffolk","42UG","Suffolk Coastal",,,130,120,0,0,0,10,110,100,0,0,0,10,110,100,0,0,0,0
"G","East of England","42","Suffolk","42UH","Waveney",,,460,420,0,0,10,30,380,350,0,0,0,20,230,210,0,0,0,20
"H","London",,,"00AA","City of London",,,30,10,10,0,0,10,20,10,0,0,0,0,0,0,0,0,0,0
"H","London",,,"00AB","Barking and Dagenham",,,1020,630,160,60,90,80,840,580,110,60,40,60,800,450,200,30,50,60
"H","London",,,"00AC","Barnet",,,800,350,140,60,190,50,920,440,130,100,200,50,2650,1210,750,150,480,60
"H","London",,,"00AD","Bexley",,,590,480,30,30,30,30,410,310,30,20,30,20,1220,970,120,30,40,60
"H","London",,,"00AE","Brent",,,1150,210,460,120,200,170,70,10,20,20,20,0,500,110,230,60,70,30
"H","London",,,"00AF","Bromley",,,680,510,90,10,50,40,650,480,90,10,30,30,1550,1180,200,10,80,80
"H","London",,,"00AG","Camden",,,720,300,160,90,100,80,1060,550,180,100,100,140,720,300,180,40,120,80
"H","London",,,"00AH","Croydon",,,1150,450,310,40,140,220,1130,390,320,70,120,230,2580,1140,850,80,260,260
"H","London",,,"00AJ","Ealing",,,1000,250,310,170,190,80,1210,360,370,160,200,120,800,240,270,150,100,40
"H","London",,,"00AK","Enfield",,,1340,560,300,50,290,140,1130,480,250,50,220,130,1070,460,320,30,170,90
"H","London",,,"00AL","Greenwich",,,1370,850,240,60,120,90,980,540,210,60,90,70,1750,980,450,50,140,130
"H","London",,,"00AM","Hackney",,,1550,420,590,120,280,140,2010,630,780,120,260,230,750,190,380,30,90,60
"H","London",,,"00AN","Hammersmith and Fulham",,,770,260,270,20,160,60,900,390,280,20,140,70,620,250,210,20,100,50
"H","London",,,"00AP","Haringey",,,1150,360,400,40,230,130,190,100,30,10,20,30,430,160,160,10,80,30
"H","London",,,"00AQ","Harrow",,,510,170,110,60,110,60,440,140,80,60,100,50,950,360,270,110,160,40
"H","London",,,"00AR","Havering",,,600,510,20,10,30,30,420,350,20,10,10,20,680,580,40,10,10,30
"H","London",,,"00AS","Hillingdon",,,690,350,110,80,80,60,500,250,70,50,60,70,1020,590,180,110,100,40
"H","London",,,"00AT","Hounslow",,,580,290,90,90,80,20,460,190,80,80,80,30,1000,580,130,130,100,70
"H","London",,,"00AU","Islington",,,1230,520,290,70,210,150,1370,660,300,50,170,190,1020,450,320,30,140,80
"H","London",,,"00AW","Kensington and Chelsea",,,380,120,100,10,110,40,570,260,130,10,100,80,540,230,150,10,120,30
"H","London",,,"00AX","Kingston upon Thames",,,200,140,20,10,30,10,190,120,10,10,20,20,360,280,30,10,30,10
"H","London",,,"00AY","Lambeth",,,1540,380,780,40,200,130,2070,680,900,60,200,220,1380,290,850,20,150,70
"H","London",,,"00AZ","Lewisham",,,1500,580,560,20,210,130,1480,580,520,30,150,190,2820,960,1260,50,310,240
"H","London",,,"00BA","Merton",,,510,230,130,30,70,50,480,230,90,40,50,70,940,470,270,50,100,60
"H","London",,,"00BB","Newham",,,1470,340,360,440,170,170,680,140,170,220,90,70,250,80,110,30,20,10
"H","London",,,"00BC","Redbridge",,,860,280,160,230,110,80,960,350,180,240,120,70,820,250,250,170,110,40
"H","London",,,"00BD","Richmond upon Thames",,,200,150,10,10,30,10,310,220,20,20,30,20,620,490,40,10,70,20
"H","London",,,"00BE","Southwark",,,920,320,370,40,130,70,100,50,30,0,10,10,90,40,30,0,20,10
"H","London",,,"00BF","Sutton",,,420,320,30,10,30,20,330,230,20,10,30,30,770,620,60,0,40,50
"H","London",,,"00BG","Tower Hamlets",,,1220,250,130,650,80,120,80,30,20,20,10,10,70,40,20,10,0,0
"H","London",,,"00BH","Waltham Forest",,,1340,360,360,190,200,230,1350,500,340,160,180,170,1120,390,400,90,160,80
"H","London",,,"00BJ","Wandsworth",,,730,260,240,70,100,60,1070,460,310,110,100,90,1030,400,420,30,100,70
"H","London",,,"00BK","Westminster",,,650,180,210,60,150,50,760,330,190,30,130,70,920,310,210,40,180,190
"J","South East",,,"00LC","Medway",,,910,780,10,20,40,60,840,740,20,20,20,40,830,760,20,10,20,30
"J","South East",,,"00MA","Bracknell Forest",,,80,70,0,0,0,0,90,80,0,0,0,10,220,200,0,0,0,10
"J","South East",,,"00MB","West Berkshire",,,110,100,0,0,0,10,100,90,0,0,0,10,100,100,0,0,0,0
"J","South East",,,"00MC","Reading",,,350,230,20,20,20,50,390,250,50,20,20,50,200,140,30,10,10,20
"J","South East",,,"00MD","Slough",,,340,140,50,100,30,20,330,150,60,60,30,20,500,260,90,110,40,10
"J","South East",,,"00ME","Windsor and Maidenhead",,,110,100,0,10,0,10,120,100,0,10,0,10,140,120,0,0,0,0
"J","South East",,,"00MF","Wokingham",,,90,70,0,0,0,10,80,70,0,10,0,0,80,70,0,0,0,10
"J","South East",,,"00MG","Milton Keynes",,,510,400,50,20,20,30,320,210,40,10,10,40,680,520,90,10,20,30
"J","South East",,,"00ML","Brighton and Hove",,,590,490,20,10,30,40,10,10,0,0,0,0,380,310,10,0,10,40
"J","South East",,,"00MR","Portsmouth",,,680,580,10,10,30,50,430,360,10,10,40,20,670,620,10,0,10,30
"J","South East",,,"00MS","Southampton",,,640,520,10,20,30,60,450,380,10,10,30,30,420,370,0,10,10,20
"J","South East",,,"00MW","Isle of Wight",,,430,410,0,0,0,20,310,300,0,0,0,20,380,370,0,0,0,10
"J","South East","11","Buckinghamshire","11UB","Aylesbury Vale",,,140,110,10,10,0,10,100,70,10,10,0,10,160,120,10,0,10,10
"J","South East","11","Buckinghamshire","11UC","Chiltern",,,80,60,0,10,0,0,60,50,0,10,0,0,90,90,0,0,0,0
"J","South East","11","Buckinghamshire","11UE","South Bucks",,,30,20,0,0,0,10,50,40,0,0,0,0,60,50,0,0,0,0
"J","South East","11","Buckinghamshire","11UF","Wycombe",,,220,110,20,40,10,30,190,110,20,40,10,20,120,80,20,10,10,10
"J","South East","21","East Sussex","21UC","Eastbourne",,,210,190,0,0,0,10,250,220,0,0,10,20,160,140,0,0,10,10
"J","South East","21","East Sussex","21UD","Hastings",,,340,300,0,0,10,20,310,270,10,0,10,20,280,260,0,0,0,10
"J","South East","21","East Sussex","21UF","Lewes",,,130,110,0,0,0,10,100,90,0,0,0,10,170,160,0,0,0,10
"J","South East","21","East Sussex","21UG","Rother",,,120,110,0,0,0,10,90,80,0,0,0,0,140,140,0,0,0,0
"J","South East","21","East Sussex","21UH","Wealden",,,80,70,0,0,0,10,80,70,0,0,0,10,80,70,0,0,0,10
"J","South East","24","Hampshire","24UB","Basingstoke and Deane",,,200,180,10,0,10,0,200,180,0,0,10,0,160,150,0,0,0,0
"J","South East","24","Hampshire","24UC","East Hampshire",,,100,90,0,0,0,10,80,70,0,0,0,0,120,120,0,0,0,0
"J","South East","24","Hampshire","24UD","Eastleigh",,,130,110,0,0,0,10,90,80,0,0,0,10,110,110,0,0,0,0
"J","South East","24","Hampshire","24UE","Fareham",,,80,80,0,0,0,0,80,70,0,0,0,0,190,190,0,0,0,0
"J","South East","24","Hampshire","24UF","Gosport",,,170,150,0,0,0,10,60,60,0,0,0,0,150,130,0,0,0,20
"J","South East","24","Hampshire","24UG","Hart",,,50,40,0,0,0,0,30,30,0,0,0,0,40,40,0,0,0,0
"J","South East","24","Hampshire","24UH","Havant",,,320,310,0,0,0,10,210,190,0,0,0,10,370,360,0,0,10,10
"J","South East","24","Hampshire","24UJ","New Forest",,,130,110,0,0,0,10,90,80,0,0,0,10,160,150,0,0,0,10
"J","South East","24","Hampshire","24UL","Rushmoor",,,150,140,0,0,10,0,70,70,0,0,0,0,70,60,0,0,0,10
"J","South East","24","Hampshire","24UN","Test Valley",,,70,60,0,0,0,10,50,50,0,0,0,0,130,120,0,0,0,0
"J","South East","24","Hampshire","24UP","Winchester",,,90,80,0,0,0,10,70,60,0,0,0,0,90,90,0,0,0,0
"J","South East","29","Kent","29UB","Ashford",,,190,170,0,0,0,10,110,100,0,0,0,10,80,70,0,0,0,0
"J","South East","29","Kent","29UC","Canterbury",,,270,250,0,0,0,20,200,190,0,0,0,10,270,250,0,0,10,10
"J","South East","29","Kent","29UD","Dartford",,,180,170,0,0,10,10,140,120,0,10,0,0,240,220,0,0,10,10
"J","South East","29","Kent","29UE","Dover",,,260,260,0,0,0,10,310,280,0,0,0,20,350,340,0,0,0,10
"J","South East","29","Kent","29UG","Gravesham",,,320,250,10,20,20,20,290,250,0,20,10,10,380,330,10,20,10,10
"J","South East","29","Kent","29UH","Maidstone",,,240,210,0,0,10,10,190,170,0,0,10,10,300,280,0,0,0,10
"J","South East","29","Kent","29UK","Sevenoaks",,,110,100,0,0,0,0,90,80,0,0,0,0,120,110,0,0,0,0
"J","South East","29","Kent","29UL","Shepway",,,280,260,0,0,10,20,300,280,0,0,0,10,160,150,0,0,0,10
"J","South East","29","Kent","29UM","Swale",,,480,450,0,0,0,20,330,310,0,0,0,20,470,440,0,0,0,20
"J","South East","29","Kent","29UN","Thanet",,,490,450,0,0,10,20,520,460,0,0,10,40,890,840,10,0,10,30
"J","South East","29","Kent","29UP","Tonbridge and Malling",,,110,100,0,0,0,10,90,80,0,0,0,10,180,170,0,0,0,0
"J","South East","29","Kent","29UQ","Tunbridge Wells",,,80,70,0,0,0,10,70,50,0,0,0,10,170,160,0,0,10,0
"J","South East","38","Oxfordshire","38UB","Cherwell",,,130,110,10,0,0,10,120,110,0,0,0,10,130,120,0,0,0,0
"J","South East","38","Oxfordshire","38UC","Oxford",,,260,180,20,20,30,10,160,120,10,10,10,10,160,120,20,0,10,10
"J","South East","38","Oxfordshire","38UD","South Oxfordshire",,,70,60,0,0,0,0,90,70,0,0,0,20,100,90,0,0,0,0
"J","South East","38","Oxfordshire","38UE","Vale of White Horse",,,70,60,0,0,0,10,40,30,0,0,0,0,140,130,0,0,0,0
"J","South East","38","Oxfordshire","38UF","West Oxfordshire",,,50,50,0,0,0,0,40,30,0,0,0,0,70,70,0,0,0,0
"J","South East","43","Surrey","43UB","Elmbridge",,,50,40,0,0,0,0,100,80,0,0,10,0,130,120,0,0,0,10
"J","South East","43","Surrey","43UC","Epsom and Ewell",,,50,40,0,0,0,0,40,40,0,0,0,0,100,90,0,0,0,0
"J","South East","43","Surrey","43UD","Guildford",,,130,110,0,0,0,20,110,80,0,0,10,20,190,160,0,0,10,10
"J","South East","43","Surrey","43UE","Mole Valley",,,30,30,0,0,0,0,30,30,0,0,0,0,50,50,0,0,0,0
"J","South East","43","Surrey","43UF","Reigate and Banstead",,,90,80,0,0,10,10,80,60,0,0,0,10,140,120,0,0,0,10
"J","South East","43","Surrey","43UG","Runnymede",,,50,50,0,0,0,0,60,50,0,0,0,0,90,80,0,0,0,0
"J","South East","43","Surrey","43UH","Spelthorne",,,110,100,0,0,10,0,80,70,0,0,0,10,160,140,10,10,0,0
"J","South East","43","Surrey","43UJ","Surrey Heath",,,50,50,0,0,0,0,40,30,0,0,0,0,70,70,0,0,0,0
"J","South East","43","Surrey","43UK","Tandridge",,,40,30,0,0,0,10,40,30,0,0,0,10,80,70,0,0,0,0
"J","South East","43","Surrey","43UL","Waverley",,,60,50,0,0,0,10,70,50,0,0,0,20,120,110,0,0,0,0
"J","South East","43","Surrey","43UM","Woking",,,100,80,0,20,0,0,80,60,10,10,0,0,160,130,10,10,10,10
"J","South East","45","West Sussex","45UB","Adur",,,70,70,0,0,0,0,50,50,0,0,0,0,110,100,0,0,0,0
"J","South East","45","West Sussex","45UC","Arun",,,130,110,0,0,0,10,260,250,0,0,0,10,300,290,0,0,0,10
"J","South East","45","West Sussex","45UD","Chichester",,,100,90,0,0,0,10,130,110,0,0,0,20,220,210,0,0,0,10
"J","South East","45","West Sussex","45UE","Crawley",,,120,90,0,10,10,10,100,80,10,10,0,0,400,350,10,10,10,20
"J","South East","45","West Sussex","45UF","Horsham",,,60,60,0,0,0,0,110,90,0,0,0,10,120,120,0,0,0,10
"J","South East","45","West Sussex","45UG","Mid Sussex",,,50,40,0,0,0,0,40,40,0,0,0,0,150,140,0,0,0,10
"J","South East","45","West Sussex","45UH","Worthing",,,100,90,0,0,0,10,100,90,0,0,0,10,220,200,10,0,10,10
"K","South West",,,"00HA","Bath and North East Somerset",,,180,160,0,0,0,10,100,80,10,0,0,10,210,170,0,0,10,20
"K","South West",,,"00HB","Bristol, City of",,,1040,710,150,20,90,70,1080,650,260,30,50,90,1440,1170,130,20,80,40
"K","South West",,,"00HC","North Somerset",,,190,190,0,0,0,0,150,140,0,0,0,10,350,340,0,0,0,10
"K","South West",,,"00HD","South Gloucestershire",,,240,220,0,0,0,10,180,170,0,0,0,10,430,400,10,0,10,10
"K","South West",,,"00HE","Cornwall",,,910,860,0,0,10,40,630,600,0,0,10,30,1470,1400,10,0,10,50
"K","South West",,,"00HF","Isles of Scilly",,,0,0,0,0,0,0,0,0,0,0,0,0,0,0,0,0,0,0
"K","South West",,,"00HG","Plymouth",,,450,420,0,0,10,10,30,20,0,0,0,0,960,930,10,0,10,20
"K","South West",,,"00HH","Torbay",,,300,280,0,0,10,20,310,280,0,0,0,30,520,500,0,0,0,20
"K","South West",,,"00HN","Bournemouth",,,290,250,10,0,20,10,350,310,0,0,10,30,570,540,10,0,10,10
"K","South West",,,"00HP","Poole",,,130,120,0,0,0,10,110,100,0,0,0,10,280,280,0,0,0,10
"K","South West",,,"00HX","Swindon",,,450,390,30,10,20,10,300,260,10,10,10,20,520,470,0,10,20,10
"K","South West",,,"00HY","Wiltshire",,,530,500,0,0,10,10,300,280,0,0,0,10,820,790,10,0,10,20
"K","South West","18","Devon","18UB","East Devon",,,60,60,0,0,0,0,60,60,0,0,0,0,320,320,0,0,0,0
"K","South West","18","Devon","18UC","Exeter",,,160,140,0,0,0,10,190,170,0,0,10,10,440,420,0,0,0,10
"K","South West","18","Devon","18UD","Mid Devon",,,80,70,0,0,0,0,80,70,0,0,0,0,210,200,0,0,0,10
"K","South West","18","Devon","18UE","North Devon",,,80,80,0,0,0,0,110,110,0,0,0,10,330,330,0,0,0,0
"K","South West","18","Devon","18UG","South Hams",,,70,70,0,0,0,0,40,40,0,0,0,10,180,170,0,0,0,0
"K","South West","18","Devon","18UH","Teignbridge",,,120,120,0,0,0,0,90,80,0,0,0,10,310,300,0,0,0,0
"K","South West","18","Devon","18UK","Torridge",,,120,110,0,0,0,0,120,110,0,0,0,0,110,110,0,0,0,0
"K","South West","18","Devon","18UL","West Devon",,,40,30,0,0,0,10,20,10,0,0,0,0,60,60,0,0,0,0
"K","South West","19","Dorset","19UC","Christchurch",,,40,40,0,0,0,0,40,30,0,0,0,0,90,90,0,0,0,0
"K","South West","19","Dorset","19UD","East Dorset",,,40,30,0,0,0,0,20,20,0,0,0,0,70,70,0,0,0,0
"K","South West","19","Dorset","19UE","North Dorset",,,40,40,0,0,0,0,20,20,0,0,0,0,100,100,0,0,0,0
"K","South West","19","Dorset","19UG","Purbeck",,,10,10,0,0,0,0,20,10,0,0,0,0,80,80,0,0,0,0
"K","South West","19","Dorset","19UH","West Dorset",,,90,90,0,0,0,0,40,40,0,0,0,0,150,150,0,0,0,10
"K","South West","19","Dorset","19UJ","Weymouth and Portland",,,160,150,0,0,0,10,110,100,0,0,0,0,170,160,0,0,0,0
"K","South West","23","Gloucestershire","23UB","Cheltenham",,,280,270,0,0,0,0,310,280,10,10,0,10,300,260,10,0,10,20
"K","South West","23","Gloucestershire","23UC","Cotswold",,,50,50,0,0,0,0,70,60,0,0,0,0,110,110,0,0,0,0
"K","South West","23","Gloucestershire","23UD","Forest of Dean",,,160,150,0,0,0,10,150,150,0,0,0,0,180,180,0,0,0,0
"K","South West","23","Gloucestershire","23UE","Gloucester",,,290,230,20,10,20,10,210,180,20,0,10,0,440,370,30,0,20,10
"K","South West","23","Gloucestershire","23UF","Stroud",,,120,120,0,0,0,0,120,120,0,0,0,10,240,230,0,0,0,0
"K","South West","23","Gloucestershire","23UG","Tewkesbury",,,90,80,0,0,0,10,80,80,0,0,0,0,140,120,0,0,0,10
"K","South West","40","Somerset","40UB","Mendip",,,140,140,0,0,0,0,70,60,0,0,0,0,270,260,0,0,0,10
"K","South West","40","Somerset","40UC","Sedgemoor",,,200,190,0,0,0,0,90,90,0,0,0,0,320,320,0,0,0,0
"K","South West","40","Somerset","40UD","South Somerset",,,170,160,0,0,0,0,110,100,0,0,0,0,270,270,0,0,0,10
"K","South West","40","Somerset","40UE","Taunton Deane",,,190,180,0,0,0,10,60,60,0,0,0,0,150,140,0,0,0,10
"K","South West","40","Somerset","40UF","West Somerset",,,40,40,0,0,0,0,20,20,0,0,0,0,170,160,0,0,0,0
,,,,"00NA","Isle of Anglesey",,,160,150,0,0,0,10,0,0,0,0,0,0,130,130,0,0,0,0
,,,,"00NC","Gwynedd",,,210,200,0,0,0,10,0,0,0,0,0,0,260,250,0,0,0,10
,,,,"00NE","Conwy",,,220,200,0,0,0,10,0,0,0,0,0,0,420,400,0,0,0,20
,,,,"00NG","Denbighshire",,,220,210,0,0,0,10,10,10,0,0,0,0,460,430,0,0,0,30
,,,,"00NJ","Flintshire",,,390,370,0,0,0,20,270,260,0,0,0,10,730,700,0,0,0,20
,,,,"00NL","Wrexham",,,380,350,0,0,0,20,220,200,0,0,0,20,450,410,0,0,0,30
,,,,"00NN","Powys",,,230,190,0,0,0,30,180,110,0,0,0,60,260,220,0,0,0,40
,,,,"00NQ","Ceredigion",,,160,150,0,0,0,0,120,110,0,0,0,10,110,110,0,0,0,10
,,,,"00NS","Pembrokeshire",,,220,200,0,0,0,20,230,210,0,0,0,20,330,310,0,0,0,20
,,,,"00NU","Carmarthenshire",,,530,490,0,0,0,30,400,370,0,0,0,30,430,400,0,0,10,30
,,,,"00NX","Swansea",,,790,720,10,10,10,30,590,500,0,10,20,60,970,920,0,0,10,30
,,,,"00NZ","Neath Port Talbot",,,600,570,0,0,0,30,250,230,0,0,0,20,540,510,0,0,0,30
,,,,"00PB","Bridgend",,,460,430,0,0,0,30,260,230,0,0,0,20,640,590,0,0,0,50
,,,,"00PD","The Vale of Glamorgan",,,360,340,0,0,10,20,220,190,0,0,0,20,360,320,0,0,0,30
,,,,"00PF","Rhondda, Cynon, Taff",,,940,830,0,0,10,100,520,480,0,0,0,40,1340,1240,0,0,10,90
,,,,"00PH","Merthyr Tydfil",,,210,190,0,0,0,20,0,0,0,0,0,0,190,170,0,0,0,20
,,,,"00PK","Caerphilly",,,480,450,0,0,0,30,10,10,0,0,0,0,610,570,0,0,0,40
,,,,"00PL","Blaenau Gwent",,,300,280,0,0,0,20,0,0,0,0,0,0,320,310,0,0,0,10
,,,,"00PM","Torfaen",,,310,270,0,0,0,30,30,30,0,0,0,0,240,210,0,0,0,20
,,,,"00PP","Monmouthshire",,,130,120,0,0,0,10,70,60,0,0,0,10,180,170,0,0,0,0
,,,,"00PR","Newport",,,670,550,10,20,30,60,350,300,10,10,10,30,440,380,10,10,10,30
,,,,"00PT","Cardiff",,,1240,940,60,20,80,140,760,550,60,20,50,90,1250,1070,30,20,60,70