DATASET_TITLE,Distance Travelled to Work (UV35),,,,,,,,FROM,Apr-2001,Apr-2001,Apr-2001,Apr-2001,Apr-2001,Apr-2001,Apr-2001,Apr-2001,Apr-2001,Apr-2001,Apr-2001,Apr-2001,Apr-2001
AREA_TYPE,Super Output Area Middle Layer,,,,,,,,TO,Apr-2001,Apr-2001,Apr-2001,Apr-2001,Apr-2001,Apr-2001,Apr-2001,Apr-2001,Apr-2001,Apr-2001,Apr-2001,Apr-2001,Apr-2001
GEO_HIERARCHY,NeSS Geography Hierarchy,,,,,,,,HEADING,All People,Works mainly at or from home,Less than 2km,2km to less than 5km,5km to less than 10km,10km to less than 20km,20km to less than 30km,30km to less than 40km,40km to less than 60km,60km and over,No fixed place of work,Working outside the UK,Working at offshore installation
,,,,,,,,,MEASUREMENT_UNIT,Count,Count,Count,Count,Count,Count,Count,Count,Count,Count,Count,Count,Count
,,,,,,,,,STATISTICAL_UNIT,Persons,Persons,Persons,Persons,Persons,Persons,Persons,Persons,Persons,Persons,Persons,Persons,Persons
GOR_CODE,GOR_NAME,CTY_CODE,CTY_NAME,LA_CODE,LA_NAME,MSOA_CODE,MSOA_NAME,AREA_METADATA,,DATA_VALUE,DATA_VALUE,DATA_VALUE,DATA_VALUE,DATA_VALUE,DATA_VALUE,DATA_VALUE,DATA_VALUE,DATA_VALUE,DATA_VALUE,DATA_VALUE,DATA_VALUE,DATA_VALUE
"F","West Midlands",,,"00CN","Birmingham","E02001827","Birmingham 001",,,2771,294,268,333,493,982,108,36,44,111,91,11,0
"F","West Midlands",,,"00CN","Birmingham","E02001828","Birmingham 002",,,2781,297,326,354,467,952,98,37,36,104,106,4,0
"F","West Midlands",,,"00CN","Birmingham","E02001829","Birmingham 003",,,3592,370,466,414,580,1266,137,63,52,108,128,8,0
"F","West Midlands",,,"00CN","Birmingham","E02001830","Birmingham 004",,,4266,503,592,472,787,1352,148,53,55,151,137,13,3
"F","West Midlands",,,"00CN","Birmingham","E02001831","Birmingham 005",,,3845,276,630,663,773,1049,124,39,28,109,150,4,0
"F","West Midlands",,,"00CN","Birmingham","E02001832","Birmingham 006",,,3730,340,605,465,717,1101,141,47,48,131,121,11,3
"F","West Midlands",,,"00CN","Birmingham","E02001833","Birmingham 007",,,2736,248,251,502,1006,434,42,37,21,70,121,4,0
"F","West Midlands",,,"00CN","Birmingham","E02001834","Birmingham 008",,,2243,132,293,433,962,252,24,15,8,40,81,0,3
"F","West Midlands",,,"00CN","Birmingham","E02001835","Birmingham 009",,,3737,390,593,497,932,823,112,74,41,141,126,5,3
"F","West Midlands",,,"00CN","Birmingham","E02001836","Birmingham 010",,,4541,415,451,1011,1449,720,95,51,36,130,171,12,0
"F","West Midlands",,,"00CN","Birmingham","E02001837","Birmingham 011",,,3545,191,528,815,1287,449,34,17,16,57,145,3,3
"F","West Midlands",,,"00CN","Birmingham","E02001838","Birmingham 012",,,4049,400,371,808,935,995,179,37,44,134,141,5,0
"F","West Midlands",,,"00CN","Birmingham","E02001839","Birmingham 013",,,2843,219,392,483,1233,323,27,22,5,48,87,4,0
"F","West Midlands",,,"00CN","Birmingham","E02001840","Birmingham 014",,,2455,143,312,615,884,289,39,18,9,37,101,4,4
"F","West Midlands",,,"00CN","Birmingham","E02001841","Birmingham 015",,,2972,335,341,504,907,492,123,44,26,102,89,9,0
"F","West Midlands",,,"00CN","Birmingham","E02001842","Birmingham 016",,,3700,239,404,579,1722,457,32,54,17,54,138,4,0
"F","West Midlands",,,"00CN","Birmingham","E02001843","Birmingham 017",,,3053,190,421,651,1217,340,33,25,21,50,100,5,0
"F","West Midlands",,,"00CN","Birmingham","E02001844","Birmingham 018",,,4377,348,504,985,1448,624,100,40,38,116,163,11,0
"F","West Midlands",,,"00CN","Birmingham","E02001845","Birmingham 019",,,3069,217,464,551,1271,331,32,24,21,48,107,3,0
"F","West Midlands",,,"00CN","Birmingham","E02001846","Birmingham 020",,,2877,202,441,724,951,308,44,18,22,49,109,6,3
"F","West Midlands",,,"00CN","Birmingham","E02001847","Birmingham 021",,,2767,251,389,521,840,452,87,20,23,81,98,5,0
"F","West Midlands",,,"00CN","Birmingham","E02001848","Birmingham 022",,,2237,140,369,602,718,247,32,12,19,30,68,0,0
"F","West Midlands",,,"00CN","Birmingham","E02001849","Birmingham 023",,,2867,185,439,630,956,338,65,26,17,67,138,6,0
"F","West Midlands",,,"00CN","Birmingham","E02001850","Birmingham 024",,,3414,260,488,816,1238,351,26,36,16,51,127,5,0
"F","West Midlands",,,"00CN","Birmingham","E02001851","Birmingham 025",,,3227,217,518,689,1123,353,68,33,28,77,116,5,0
"F","West Midlands",,,"00CN","Birmingham","E02001852","Birmingham 026",,,2589,172,465,684,806,243,40,18,19,51,88,3,0
"F","West Midlands",,,"00CN","Birmingham","E02001853","Birmingham 027",,,3990,366,360,1343,1150,447,37,57,27,92,102,5,4
"F","West Midlands",,,"00CN","Birmingham","E02001854","Birmingham 028",,,3193,201,633,719,1057,301,45,31,25,56,122,0,3
"F","West Midlands",,,"00CN","Birmingham","E02001855","Birmingham 029",,,3038,172,779,486,1045,323,59,8,10,60,93,3,0
"F","West Midlands",,,"00CN","Birmingham","E02001856","Birmingham 030",,,3293,217,550,1062,829,319,67,24,24,92,109,0,0
"F","West Midlands",,,"00CN","Birmingham","E02001857","Birmingham 031",,,4038,285,667,1048,1273,365,85,32,29,82,161,6,5
"F","West Midlands",,,"00CN","Birmingham","E02001858","Birmingham 032",,,2798,251,347,1191,509,263,27,28,29,79,67,4,3
"F","West Midlands",,,"00CN","Birmingham","E02001859","Birmingham 033",,,2503,252,577,825,388,176,36,27,22,97,92,3,8
"F","West Midlands",,,"00CN","Birmingham","E02001860","Birmingham 034",,,2395,189,416,885,494,220,22,22,10,50,81,3,3
"F","West Midlands",,,"00CN","Birmingham","E02001861","Birmingham 035",,,2220,189,473,789,385,187,17,22,18,61,72,4,3
"F","West Midlands",,,"00CN","Birmingham","E02001862","Birmingham 036",,,2683,232,475,897,660,210,31,31,17,54,71,0,5
"F","West Midlands",,,"00CN","Birmingham","E02001863","Birmingham 037",,,1772,142,454,624,258,124,33,9,10,59,56,0,3
"F","West Midlands",,,"00CN","Birmingham","E02001864","Birmingham 038",,,1891,102,278,475,723,141,42,10,6,38,73,0,3
"F","West Midlands",,,"00CN","Birmingham","E02001865","Birmingham 039",,,3025,280,597,1205,521,207,44,31,11,52,67,4,6
"F","West Midlands",,,"00CN","Birmingham","E02001866","Birmingham 040",,,1773,170,418,560,271,144,34,29,10,69,65,0,3
"F","West Midlands",,,"00CN","Birmingham","E02001867","Birmingham 041",,,1591,140,466,479,225,119,23,20,9,52,52,0,6
"F","West Midlands",,,"00CN","Birmingham","E02001868","Birmingham 042",,,3316,237,448,862,1239,254,85,22,15,55,96,3,0
"F","West Midlands",,,"00CN","Birmingham","E02001869","Birmingham 043",,,1283,98,334,524,168,77,12,3,6,17,40,0,4
"F","West Midlands",,,"00CN","Birmingham","E02001870","Birmingham 044",,,3332,201,625,1089,973,207,78,7,8,44,94,3,3
"F","West Midlands",,,"00CN","Birmingham","E02001871","Birmingham 045",,,2571,171,293,622,1076,207,57,8,6,35,93,3,0
"F","West Midlands",,,"00CN","Birmingham","E02001872","Birmingham 046",,,2139,144,274,468,846,232,45,5,6,32,83,4,0
"F","West Midlands",,,"00CN","Birmingham","E02001873","Birmingham 047",,,2378,183,660,823,353,176,35,30,6,29,77,3,3
"F","West Midlands",,,"00CN","Birmingham","E02001874","Birmingham 048",,,1777,136,373,653,397,98,22,12,7,27,52,0,0
"F","West Midlands",,,"00CN","Birmingham","E02001875","Birmingham 049",,,1622,109,577,399,257,128,29,16,6,39,58,0,4
"F","West Midlands",,,"00CN","Birmingham","E02001876","Birmingham 050",,,1848,128,674,358,267,110,52,13,24,136,83,0,3
"F","West Midlands",,,"00CN","Birmingham","E02001877","Birmingham 051",,,1677,125,410,635,277,87,30,12,8,33,54,3,3
"F","West Midlands",,,"00CN","Birmingham","E02001878","Birmingham 052",,,1946,150,497,705,346,94,29,14,13,45,53,0,0
"F","West Midlands",,,"00CN","Birmingham","E02001879","Birmingham 053",,,2060,147,469,717,329,152,24,22,17,53,124,3,3
"F","West Midlands",,,"00CN","Birmingham","E02001880","Birmingham 054",,,2842,172,399,698,1110,237,67,10,7,51,88,3,0
"F","West Midlands",,,"00CN","Birmingham","E02001881","Birmingham 055",,,2149,131,413,821,494,92,32,11,11,38,106,0,0
"F","West Midlands",,,"00CN","Birmingham","E02001882","Birmingham 056",,,2853,218,367,757,1037,186,71,15,12,60,124,3,3
"F","West Midlands",,,"00CN","Birmingham","E02001883","Birmingham 057",,,2737,155,403,579,1097,277,71,17,5,39,94,0,0
"F","West Midlands",,,"00CN","Birmingham","E02001884","Birmingham 058",,,1838,142,424,703,325,80,45,9,8,23,76,0,3
"F","West Midlands",,,"00CN","Birmingham","E02001885","Birmingham 059",,,3167,184,1453,635,366,233,57,18,28,87,98,4,4
"F","West Midlands",,,"00CN","Birmingham","E02001886","Birmingham 060",,,3031,247,403,1183,592,290,48,47,23,82,108,4,4
"F","West Midlands",,,"00CN","Birmingham","E02001887","Birmingham 061",,,1410,116,364,498,253,54,31,11,9,23,48,3,0
"F","West Midlands",,,"00CN","Birmingham","E02001888","Birmingham 062",,,2275,137,363,604,816,161,70,5,6,30,79,4,0
"F","West Midlands",,,"00CN","Birmingham","E02001889","Birmingham 063",,,1851,148,458,661,343,72,38,13,17,36,59,3,3
"F","West Midlands",,,"00CN","Birmingham","E02001890","Birmingham 064",,,3790,358,634,1478,549,303,64,74,32,148,142,8,0
"F","West Midlands",,,"00CN","Birmingham","E02001891","Birmingham 065",,,1734,162,387,580,359,91,39,4,13,25,68,0,6
"F","West Midlands",,,"00CN","Birmingham","E02001892","Birmingham 066",,,2888,183,578,860,844,151,59,14,16,46,134,3,0
"F","West Midlands",,,"00CN","Birmingham","E02001893","Birmingham 067",,,3331,233,434,954,1205,200,80,16,12,70,124,0,3
"F","West Midlands",,,"00CN","Birmingham","E02001894","Birmingham 068",,,1787,129,776,366,219,123,23,10,16,64,61,0,0
"F","West Midlands",,,"00CN","Birmingham","E02001895","Birmingham 069",,,2668,169,410,644,951,252,71,13,12,44,102,0,0
"F","West Midlands",,,"00CN","Birmingham","E02001896","Birmingham 070",,,2051,231,487,619,418,92,49,11,17,45,73,3,6
"F","West Midlands",,,"00CN","Birmingham","E02001897","Birmingham 071",,,1561,117,455,533,247,68,24,10,10,37,54,3,3
"F","West Midlands",,,"00CN","Birmingham","E02001898","Birmingham 072",,,3126,212,443,828,1116,225,89,27,17,49,113,7,0
"F","West Midlands",,,"00CN","Birmingham","E02001899","Birmingham 073",,,3618,350,380,1100,1079,365,53,72,20,91,96,9,3
"F","West Midlands",,,"00CN","Birmingham","E02001900","Birmingham 074",,,2182,186,526,757,274,145,51,20,19,99,97,5,3
"F","West Midlands",,,"00CN","Birmingham","E02001901","Birmingham 075",,,3726,277,541,1462,691,365,51,76,38,120,100,5,0
"F","West Midlands",,,"00CN","Birmingham","E02001902","Birmingham 076",,,2759,185,412,728,986,180,71,14,14,66,100,3,0
"F","West Midlands",,,"00CN","Birmingham","E02001903","Birmingham 077",,,1437,130,413,419,252,86,37,13,5,22,49,4,7
"F","West Midlands",,,"00CN","Birmingham","E02001904","Birmingham 078",,,2501,147,522,614,824,147,65,14,9,53,103,0,3
"F","West Midlands",,,"00CN","Birmingham","E02001905","Birmingham 079",,,3112,267,710,959,315,211,61,33,45,396,109,6,0
"F","West Midlands",,,"00CN","Birmingham","E02001906","Birmingham 080",,,4114,321,334,798,1807,498,57,48,27,79,135,7,3
"F","West Midlands",,,"00CN","Birmingham","E02001907","Birmingham 081",,,4415,271,654,1277,1358,420,131,20,17,77,182,8,0
"F","West Midlands",,,"00CN","Birmingham","E02001908","Birmingham 082",,,1722,156,475,523,321,98,36,15,6,38,48,3,3
"F","West Midlands",,,"00CN","Birmingham","E02001909","Birmingham 083",,,1613,157,397,565,248,90,34,13,8,31,63,3,4
"F","West Midlands",,,"00CN","Birmingham","E02001910","Birmingham 084",,,1638,123,366,629,234,115,46,10,12,32,67,0,4
"F","West Midlands",,,"00CN","Birmingham","E02001911","Birmingham 085",,,2716,180,317,646,1055,305,31,24,13,56,89,0,0
"F","West Midlands",,,"00CN","Birmingham","E02001912","Birmingham 086",,,2021,145,508,544,542,112,38,4,8,26,88,0,6
"F","West Midlands",,,"00CN","Birmingham","E02001913","Birmingham 087",,,2822,229,662,777,638,249,40,38,21,82,81,5,0
"F","West Midlands",,,"00CN","Birmingham","E02001914","Birmingham 088",,,2077,151,322,864,376,135,49,16,21,65,72,6,0
"F","West Midlands",,,"00CN","Birmingham","E02001915","Birmingham 089",,,4594,338,655,1153,1636,322,150,29,23,96,186,3,3
"F","West Midlands",,,"00CN","Birmingham","E02001916","Birmingham 090",,,2737,184,749,581,833,157,61,6,9,43,107,3,4
"F","West Midlands",,,"00CN","Birmingham","E02001917","Birmingham 091",,,1885,142,439,586,427,95,42,8,11,37,92,3,3
"F","West Midlands",,,"00CN","Birmingham","E02001918","Birmingham 092",,,3801,349,524,1632,650,244,109,31,26,90,139,7,0
"F","West Midlands",,,"00CN","Birmingham","E02001919","Birmingham 093",,,2537,231,363,977,517,163,70,11,23,75,100,3,4
"F","West Midlands",,,"00CN","Birmingham","E02001920","Birmingham 094",,,2974,162,332,609,1237,421,34,29,12,41,94,3,0
"F","West Midlands",,,"00CN","Birmingham","E02001921","Birmingham 095",,,2983,183,387,777,1043,319,35,30,14,71,120,4,0
"F","West Midlands",,,"00CN","Birmingham","E02001922","Birmingham 096",,,2510,136,666,649,478,176,43,34,21,236,62,6,3
"F","West Midlands",,,"00CN","Birmingham","E02001923","Birmingham 097",,,3462,317,555,773,1227,212,89,18,17,74,169,8,3
"F","West Midlands",,,"00CN","Birmingham","E02001924","Birmingham 098",,,2462,189,414,613,822,193,61,14,7,49,97,3,0
"F","West Midlands",,,"00CN","Birmingham","E02001925","Birmingham 099",,,2994,192,640,583,976,313,59,41,23,90,71,6,0
"F","West Midlands",,,"00CN","Birmingham","E02001926","Birmingham 100",,,3100,212,830,752,763,223,75,31,22,77,106,9,0
"F","West Midlands",,,"00CN","Birmingham","E02001927","Birmingham 101",,,2670,149,357,716,924,290,32,31,11,40,117,3,0
"F","West Midlands",,,"00CN","Birmingham","E02001928","Birmingham 102",,,3021,173,347,487,1264,499,45,23,12,65,103,3,0
"F","West Midlands",,,"00CN","Birmingham","E02001929","Birmingham 103",,,3197,180,523,963,1010,229,78,23,11,52,125,3,0
"F","West Midlands",,,"00CN","Birmingham","E02001930","Birmingham 104",,,3544,277,487,971,1120,286,129,35,17,80,139,3,0
"F","West Midlands",,,"00CN","Birmingham","E02001931","Birmingham 105",,,3254,261,343,767,1287,250,112,20,20,63,125,6,0
"F","West Midlands",,,"00CN","Birmingham","E02001932","Birmingham 106",,,2658,145,324,654,882,394,37,33,16,54,116,3,0
"F","West Midlands",,,"00CN","Birmingham","E02001933","Birmingham 107",,,3196,210,659,733,1037,250,71,21,9,66,131,6,3
"F","West Midlands",,,"00CN","Birmingham","E02001934","Birmingham 108",,,2883,249,373,759,979,207,79,21,18,66,127,5,0
"F","West Midlands",,,"00CN","Birmingham","E02001935","Birmingham 109",,,3124,241,440,761,938,437,58,54,16,72,99,5,3
"F","West Midlands",,,"00CN","Birmingham","E02001936","Birmingham 110",,,2801,238,412,585,1011,261,80,15,28,60,107,4,0
"F","West Midlands",,,"00CN","Birmingham","E02001937","Birmingham 111",,,2680,183,361,707,989,196,69,9,7,32,121,3,3
"F","West Midlands",,,"00CN","Birmingham","E02001938","Birmingham 112",,,3586,230,706,710,1209,385,87,49,19,64,123,4,0
"F","West Midlands",,,"00CN","Birmingham","E02001939","Birmingham 113",,,2335,167,477,476,629,243,45,30,18,161,81,5,3
"F","West Midlands",,,"00CN","Birmingham","E02001940","Birmingham 114",,,3669,286,390,905,1292,384,137,26,21,57,165,6,0
"F","West Midlands",,,"00CN","Birmingham","E02001941","Birmingham 115",,,2254,129,246,499,929,222,68,16,9,36,97,3,0
"F","West Midlands",,,"00CN","Birmingham","E02001942","Birmingham 116",,,2867,201,488,582,929,381,82,23,11,59,104,3,4
"F","West Midlands",,,"00CN","Birmingham","E02001943","Birmingham 117",,,2447,157,292,493,1047,240,67,14,6,37,91,3,0
"F","West Midlands",,,"00CN","Birmingham","E02001944","Birmingham 118",,,2637,186,412,538,983,283,65,19,15,42,87,4,3
"F","West Midlands",,,"00CN","Birmingham","E02001945","Birmingham 119",,,2729,160,433,603,687,583,56,24,9,49,121,4,0
"F","West Midlands",,,"00CN","Birmingham","E02001946","Birmingham 120",,,3697,272,576,796,1157,577,79,42,12,61,116,6,3
"F","West Midlands",,,"00CN","Birmingham","E02001947","Birmingham 121",,,2037,133,262,424,783,238,35,14,12,34,98,4,0
"F","West Midlands",,,"00CN","Birmingham","E02001948","Birmingham 122",,,3276,238,334,691,1341,327,101,35,8,53,145,3,0
"F","West Midlands",,,"00CN","Birmingham","E02001949","Birmingham 123",,,2426,158,390,520,834,295,54,23,9,42,95,6,0
"F","West Midlands",,,"00CN","Birmingham","E02001950","Birmingham 124",,,3614,256,646,648,822,903,72,35,16,56,155,5,0
"F","West Midlands",,,"00CN","Birmingham","E02001951","Birmingham 125",,,3229,164,528,506,669,1045,91,33,9,64,120,0,0
"F","West Midlands",,,"00CN","Birmingham","E02001952","Birmingham 126",,,2759,160,468,575,711,596,58,32,8,41,107,0,3
"F","West Midlands",,,"00CN","Birmingham","E02001953","Birmingham 127",,,3204,234,402,724,975,535,78,37,21,62,128,5,3
"F","West Midlands",,,"00CN","Birmingham","E02001954","Birmingham 128",,,2705,155,312,666,819,502,63,22,13,44,105,4,0
"F","West Midlands",,,"00CN","Birmingham","E02001955","Birmingham 129",,,2424,141,439,295,472,822,67,31,24,50,83,0,0
"F","West Midlands",,,"00CN","Birmingham","E02001956","Birmingham 130",,,2686,175,499,242,566,878,93,44,27,55,102,5,0
"F","West Midlands",,,"00CN","Birmingham","E02001957","Birmingham 131",,,3484,195,489,689,734,1039,77,41,15,51,151,3,0
"F","West Midlands",,,"00CQ","Coventry","E02001958","Coventry 001",,,3357,219,424,939,1045,265,188,43,23,96,107,5,3
"F","West Midlands",,,"00CQ","Coventry","E02001959","Coventry 002",,,2816,188,357,936,721,286,107,41,24,56,94,3,3
"F","West Midlands",,,"00CQ","Coventry","E02001960","Coventry 003",,,2938,181,519,1045,651,210,96,38,28,49,118,3,0
"F","West Midlands",,,"00CQ","Coventry","E02001961","Coventry 004",,,2720,130,523,1099,537,157,62,35,22,46,102,4,3
"F","West Midlands",,,"00CQ","Coventry","E02001962","Coventry 005",,,2063,132,433,763,398,148,77,13,10,33,56,0,0
"F","West Midlands",,,"00CQ","Coventry","E02001963","Coventry 006",,,2795,200,428,1056,585,230,111,33,18,42,89,3,0
"F","West Midlands",,,"00CQ","Coventry","E02001964","Coventry 007",,,2538,131,443,920,552,186,73,41,30,71,84,4,3
"F","West Midlands",,,"00CQ","Coventry","E02001965","Coventry 008",,,3925,222,822,1066,921,407,135,102,38,96,111,5,0
"F","West Midlands",,,"00CQ","Coventry","E02001966","Coventry 009",,,1803,142,467,581,268,128,47,31,14,34,91,0,0
"F","West Midlands",,,"00CQ","Coventry","E02001967","Coventry 010",,,2760,295,352,879,577,328,127,32,18,49,99,4,0
"F","West Midlands",,,"00CQ","Coventry","E02001968","Coventry 011",,,2577,155,612,915,429,186,105,24,15,45,88,3,0
"F","West Midlands",,,"00CQ","Coventry","E02001969","Coventry 012",,,2365,129,551,799,426,183,95,22,20,45,92,3,0
"F","West Midlands",,,"00CQ","Coventry","E02001970","Coventry 013",,,2451,173,517,934,360,195,86,40,22,46,73,5,0
"F","West Midlands",,,"00CQ","Coventry","E02001971","Coventry 014",,,2813,187,513,1034,495,251,135,38,18,44,95,3,0
"F","West Midlands",,,"00CQ","Coventry","E02001972","Coventry 015",,,2490,172,818,722,326,139,91,30,22,68,96,3,3
"F","West Midlands",,,"00CQ","Coventry","E02001973","Coventry 016",,,2879,157,674,1071,401,236,105,37,28,53,111,3,3
"F","West Midlands",,,"00CQ","Coventry","E02001974","Coventry 017",,,4356,274,795,1632,680,406,225,59,38,84,151,12,0
"F","West Midlands",,,"00CQ","Coventry","E02001975","Coventry 018",,,3609,203,800,1453,492,286,84,60,31,52,137,11,0
"F","West Midlands",,,"00CQ","Coventry","E02001976","Coventry 019",,,3560,172,847,1183,582,353,114,92,42,71,93,11,0
"F","West Midlands",,,"00CQ","Coventry","E02001977","Coventry 020",,,2994,175,1058,631,505,267,131,21,28,66,104,8,0
"F","West Midlands",,,"00CQ","Coventry","E02001978","Coventry 021",,,2904,170,563,1172,406,247,108,44,35,59,95,5,0
"F","West Midlands",,,"00CQ","Coventry","E02001979","Coventry 022",,,2750,150,383,1123,461,301,157,26,30,50,66,0,3
"F","West Midlands",,,"00CQ","Coventry","E02001980","Coventry 023",,,3295,235,419,1152,613,433,213,38,19,70,100,3,0
"F","West Midlands",,,"00CQ","Coventry","E02001981","Coventry 024",,,2509,188,990,508,322,190,85,26,17,76,104,3,0
"F","West Midlands",,,"00CQ","Coventry","E02001982","Coventry 025",,,2943,208,396,639,844,492,143,30,22,63,100,6,0
"F","West Midlands",,,"00CQ","Coventry","E02001983","Coventry 026",,,3829,234,642,1456,565,380,219,50,42,86,149,6,0
"F","West Midlands",,,"00CQ","Coventry","E02001984","Coventry 027",,,3894,257,793,1539,499,341,132,72,49,90,110,9,3
"F","West Midlands",,,"00CQ","Coventry","E02001985","Coventry 028",,,2210,132,792,525,290,188,84,28,24,69,73,5,0
"F","West Midlands",,,"00CQ","Coventry","E02001986","Coventry 029",,,2961,179,686,748,662,343,146,19,27,65,76,7,3
"F","West Midlands",,,"00CQ","Coventry","E02001987","Coventry 030",,,2718,164,732,860,308,274,149,34,27,74,89,7,0
"F","West Midlands",,,"00CQ","Coventry","E02001988","Coventry 031",,,2257,153,784,507,228,153,99,30,30,179,86,5,3
"F","West Midlands",,,"00CQ","Coventry","E02001989","Coventry 032",,,2879,134,649,892,544,308,122,30,27,68,99,3,3
"F","West Midlands",,,"00CQ","Coventry","E02001990","Coventry 033",,,4505,330,842,1554,759,435,153,147,54,95,128,8,0
"F","West Midlands",,,"00CQ","Coventry","E02001991","Coventry 034",,,4232,365,950,1222,538,452,291,74,44,123,160,10,3
"F","West Midlands",,,"00CQ","Coventry","E02001992","Coventry 035",,,3358,178,645,1222,612,339,115,70,29,49,95,4,0
"F","West Midlands",,,"00CQ","Coventry","E02001993","Coventry 036",,,2449,159,644,427,575,322,133,21,21,71,70,6,0
"F","West Midlands",,,"00CQ","Coventry","E02001994","Coventry 037",,,3597,253,833,1136,543,344,185,41,48,88,118,5,3
"F","West Midlands",,,"00CQ","Coventry","E02001995","Coventry 038",,,2832,175,525,975,525,282,120,59,23,55,89,4,0
"F","West Midlands",,,"00CQ","Coventry","E02001996","Coventry 039",,,2085,107,438,729,419,163,68,31,15,43,69,3,0
"F","West Midlands",,,"00CQ","Coventry","E02001997","Coventry 040",,,3633,268,376,1429,694,349,195,55,57,85,110,12,3
"F","West Midlands",,,"00CQ","Coventry","E02001998","Coventry 041",,,2860,245,276,1094,543,311,172,47,31,55,80,3,3
"F","West Midlands",,,"00CQ","Coventry","E02001999","Coventry 042",,,3232,260,663,764,579,308,174,43,55,267,106,10,3
"F","West Midlands",,,"00CR","Dudley","E02002000","Dudley 001",,,3172,196,663,939,851,263,48,12,22,34,141,0,3
"F","West Midlands",,,"00CR","Dudley","E02002001","Dudley 002",,,2579,174,368,737,800,244,68,12,19,42,115,0,0
"F","West Midlands",,,"00CR","Dudley","E02002002","Dudley 003",,,3541,269,316,942,1211,474,107,22,35,53,103,9,0
"F","West Midlands",,,"00CR","Dudley","E02002003","Dudley 004",,,4242,273,587,1188,1373,441,85,29,29,61,173,3,0
"F","West Midlands",,,"00CR","Dudley","E02002004","Dudley 005",,,2941,169,458,950,848,234,59,15,23,56,122,3,4
"F","West Midlands",,,"00CR","Dudley","E02002005","Dudley 006",,,3047,180,800,896,715,200,50,15,13,40,131,4,3
"F","West Midlands",,,"00CR","Dudley","E02002006","Dudley 007",,,2853,179,406,999,768,227,65,22,22,43,118,4,0
"F","West Midlands",,,"00CR","Dudley","E02002007","Dudley 008",,,4152,265,590,1423,1079,374,90,35,36,79,177,4,0
"F","West Midlands",,,"00CR","Dudley","E02002008","Dudley 009",,,4180,306,549,1132,1189,577,109,41,52,85,135,5,0
"F","West Midlands",,,"00CR","Dudley","E02002009","Dudley 010",,,2136,161,526,656,410,206,27,18,7,36,89,0,0
"F","West Midlands",,,"00CR","Dudley","E02002010","Dudley 011",,,2140,177,567,562,437,202,38,13,13,49,79,3,0
"F","West Midlands",,,"00CR","Dudley","E02002011","Dudley 012",,,3138,265,594,666,809,478,78,42,11,53,139,3,0
"F","West Midlands",,,"00CR","Dudley","E02002012","Dudley 013",,,2638,187,708,874,446,205,38,17,11,36,113,3,0
"F","West Midlands",,,"00CR","Dudley","E02002013","Dudley 014",,,3330,263,487,681,940,597,101,35,25,75,123,3,0
"F","West Midlands",,,"00CR","Dudley","E02002014","Dudley 015",,,2392,213,570,706,463,251,32,24,14,34,81,4,0
"F","West Midlands",,,"00CR","Dudley","E02002015","Dudley 016",,,3025,231,748,952,498,344,60,18,20,45,105,4,0
"F","West Midlands",,,"00CR","Dudley","E02002016","Dudley 017",,,3047,187,920,1023,424,258,48,21,7,53,102,4,0
"F","West Midlands",,,"00CR","Dudley","E02002017","Dudley 018",,,3410,209,838,1246,504,339,57,20,22,50,122,0,3
"F","West Midlands",,,"00CR","Dudley","E02002018","Dudley 019",,,4531,366,805,1296,856,720,150,44,38,83,167,6,0
"F","West Midlands",,,"00CR","Dudley","E02002019","Dudley 020",,,3215,212,1041,1039,423,254,58,19,14,39,110,3,3
"F","West Midlands",,,"00CR","Dudley","E02002020","Dudley 021",,,4876,317,886,1558,843,761,152,35,28,87,205,4,0
"F","West Midlands",,,"00CR","Dudley","E02002021","Dudley 022",,,2833,175,939,901,318,266,59,13,19,44,96,3,0
"F","West Midlands",,,"00CR","Dudley","E02002022","Dudley 023",,,3563,222,939,1088,495,491,92,40,14,58,120,4,0
"F","West Midlands",,,"00CR","Dudley","E02002023","Dudley 024",,,3070,209,541,963,541,515,96,22,18,54,104,7,0
"F","West Midlands",,,"00CR","Dudley","E02002024","Dudley 025",,,3458,250,1114,1021,397,372,48,23,19,55,156,3,0
"F","West Midlands",,,"00CR","Dudley","E02002025","Dudley 026",,,3404,266,732,722,1065,345,48,35,14,57,120,0,0
"F","West Midlands",,,"00CR","Dudley","E02002026","Dudley 027",,,4122,254,1156,1138,627,568,90,26,37,72,147,7,0
"F","West Midlands",,,"00CR","Dudley","E02002027","Dudley 028",,,3603,275,704,917,595,708,142,35,39,75,110,3,0
"F","West Midlands",,,"00CR","Dudley","E02002028","Dudley 029",,,2719,238,544,693,483,426,95,31,18,59,127,5,0
"F","West Midlands",,,"00CR","Dudley","E02002029","Dudley 030",,,2741,239,369,476,1119,287,45,34,13,56,99,4,0
"F","West Midlands",,,"00CR","Dudley","E02002030","Dudley 031",,,2769,196,682,749,431,434,68,15,22,57,110,5,0
"F","West Midlands",,,"00CR","Dudley","E02002031","Dudley 032",,,3054,225,635,1017,398,507,64,28,21,49,107,3,0
"F","West Midlands",,,"00CR","Dudley","E02002032","Dudley 033",,,3789,261,860,1264,566,518,65,23,25,53,151,3,0
"F","West Midlands",,,"00CR","Dudley","E02002033","Dudley 034",,,3605,277,857,682,835,606,82,43,14,67,135,4,3
"F","West Midlands",,,"00CR","Dudley","E02002034","Dudley 035",,,3784,328,837,729,656,766,150,33,41,100,136,8,0
"F","West Midlands",,,"00CR","Dudley","E02002035","Dudley 036",,,2915,285,329,453,1184,402,55,37,13,60,88,6,3
"F","West Midlands",,,"00CR","Dudley","E02002036","Dudley 037",,,2463,202,582,739,365,313,72,15,12,36,123,4,0
"F","West Midlands",,,"00CR","Dudley","E02002037","Dudley 038",,,2767,238,534,482,663,474,133,21,31,66,118,4,3
"F","West Midlands",,,"00CR","Dudley","E02002038","Dudley 039",,,4153,307,972,605,1131,715,91,46,21,93,162,10,0
"F","West Midlands",,,"00CR","Dudley","E02002039","Dudley 040",,,2846,268,495,506,530,641,162,27,30,81,99,7,0
"F","West Midlands",,,"00CR","Dudley","E02002040","Dudley 041",,,2814,291,431,432,699,583,140,40,30,73,92,3,0
"F","West Midlands",,,"00CR","Dudley","E02002041","Dudley 042",,,2892,267,390,691,628,589,108,26,28,62,100,3,0
"F","West Midlands",,,"00CR","Dudley","E02002042","Dudley 043",,,3978,350,415,908,912,938,123,52,23,80,165,9,3
"F","West Midlands",,,"00CS","Sandwell","E02002043","Sandwell 001",,,3162,207,899,838,684,321,35,19,14,39,103,3,0
"F","West Midlands",,,"00CS","Sandwell","E02002044","Sandwell 002",,,2621,172,192,720,926,399,42,33,21,52,61,3,0
"F","West Midlands",,,"00CS","Sandwell","E02002045","Sandwell 003",,,2869,166,648,954,597,315,30,22,15,38,81,3,0
"F","West Midlands",,,"00CS","Sandwell","E02002046","Sandwell 004",,,1945,81,450,765,399,147,16,7,5,11,61,3,0
"F","West Midlands",,,"00CS","Sandwell","E02002047","Sandwell 005",,,2512,183,648,783,451,258,49,20,10,34,70,6,0
"F","West Midlands",,,"00CS","Sandwell","E02002048","Sandwell 006",,,3035,277,245,438,1329,442,56,44,27,64,110,3,0
"F","West Midlands",,,"00CS","Sandwell","E02002049","Sandwell 007",,,2774,156,571,882,717,265,45,12,17,30,76,3,0
"F","West Midlands",,,"00CS","Sandwell","E02002050","Sandwell 008",,,4391,319,474,1647,1239,406,34,41,27,59,140,5,0
"F","West Midlands",,,"00CS","Sandwell","E02002051","Sandwell 009",,,1932,123,553,675,328,151,15,10,7,18,52,0,0
"F","West Midlands",,,"00CS","Sandwell","E02002052","Sandwell 010",,,3468,195,799,1331,689,244,35,22,11,43,96,3,0
"F","West Midlands",,,"00CS","Sandwell","E02002053","Sandwell 011",,,2656,177,306,467,1203,297,24,35,29,38,80,0,0
"F","West Midlands",,,"00CS","Sandwell","E02002054","Sandwell 012",,,2395,150,258,548,992,282,22,25,16,41,58,3,0
"F","West Midlands",,,"00CS","Sandwell","E02002055","Sandwell 013",,,3221,190,844,1123,605,243,44,17,11,52,89,0,3
"F","West Midlands",,,"00CS","Sandwell","E02002056","Sandwell 014",,,2776,145,799,924,536,217,26,15,15,36,60,0,3
"F","West Midlands",,,"00CS","Sandwell","E02002057","Sandwell 015",,,3392,225,759,1027,736,411,66,23,15,47,80,0,3
"F","West Midlands",,,"00CS","Sandwell","E02002058","Sandwell 016",,,3808,252,846,1255,780,412,64,29,25,47,92,3,3
"F","West Midlands",,,"00CS","Sandwell","E02002059","Sandwell 017",,,3608,257,1153,946,755,270,24,27,16,51,99,5,5
"F","West Midlands",,,"00CS","Sandwell","E02002060","Sandwell 018",,,2157,135,776,600,398,135,18,10,9,26,50,0,0
"F","West Midlands",,,"00CS","Sandwell","E02002061","Sandwell 019",,,1954,153,667,455,426,143,23,13,8,28,32,3,3
"F","West Midlands",,,"00CS","Sandwell","E02002062","Sandwell 020",,,2020,151,637,500,460,149,18,18,6,28,46,4,3
"F","West Midlands",,,"00CS","Sandwell","E02002063","Sandwell 021",,,3315,216,657,1031,801,409,43,25,16,46,68,3,0
"F","West Midlands",,,"00CS","Sandwell","E02002064","Sandwell 022",,,4769,300,986,1738,962,483,53,25,21,60,134,4,3
"F","West Midlands",,,"00CS","Sandwell","E02002065","Sandwell 023",,,3368,317,832,914,816,238,27,40,24,63,94,3,0
"F","West Midlands",,,"00CS","Sandwell","E02002066","Sandwell 024",,,2256,165,591,636,558,155,25,23,11,31,57,4,0
"F","West Midlands",,,"00CS","Sandwell","E02002067","Sandwell 025",,,2660,194,430,1076,443,319,41,16,10,52,76,3,0
"F","West Midlands",,,"00CS","Sandwell","E02002068","Sandwell 026",,,2489,207,550,911,452,193,19,14,8,44,84,4,3
"F","West Midlands",,,"00CS","Sandwell","E02002069","Sandwell 027",,,2767,170,581,986,577,245,37,28,15,32,90,3,3
"F","West Midlands",,,"00CS","Sandwell","E02002070","Sandwell 028",,,2787,211,601,959,625,183,39,38,10,35,83,0,3
"F","West Midlands",,,"00CS","Sandwell","E02002071","Sandwell 029",,,2683,169,607,942,519,259,34,20,8,40,85,0,0
"F","West Midlands",,,"00CS","Sandwell","E02002072","Sandwell 030",,,3386,234,668,1004,911,291,59,29,21,56,102,8,3
"F","West Midlands",,,"00CS","Sandwell","E02002073","Sandwell 031",,,2766,202,487,978,699,222,18,27,4,48,75,3,3
"F","West Midlands",,,"00CS","Sandwell","E02002074","Sandwell 032",,,3190,228,472,1132,878,271,36,17,19,50,87,0,0
"F","West Midlands",,,"00CS","Sandwell","E02002075","Sandwell 033",,,2973,222,699,862,650,336,42,24,14,36,88,0,0
"F","West Midlands",,,"00CS","Sandwell","E02002076","Sandwell 034",,,5013,324,578,1786,1387,491,82,90,25,92,152,6,0
"F","West Midlands",,,"00CS","Sandwell","E02002077","Sandwell 035",,,3846,271,1001,984,708,559,66,24,30,76,121,3,3
"F","West Midlands",,,"00CS","Sandwell","E02002078","Sandwell 036",,,2869,220,290,896,975,243,42,30,13,51,103,3,3
"F","West Midlands",,,"00CS","Sandwell","E02002079","Sandwell 037",,,3124,215,351,890,1123,307,37,27,13,53,105,3,0
"F","West Midlands",,,"00CS","Sandwell","E02002080","Sandwell 038",,,2613,192,699,705,455,351,44,21,15,41,84,6,0
"F","West Midlands",,,"00CT","Solihull","E02002081","Solihull 001",,,2943,228,320,545,1174,368,100,17,29,49,110,0,3
"F","West Midlands",,,"00CT","Solihull","E02002082","Solihull 002",,,2384,128,288,505,726,539,76,10,12,28,69,3,0
"F","West Midlands",,,"00CT","Solihull","E02002083","Solihull 003",,,3000,239,333,546,1091,508,104,14,15,41,104,5,0
"F","West Midlands",,,"00CT","Solihull","E02002084","Solihull 004",,,2573,168,320,555,787,514,79,9,7,34,94,3,3
"F","West Midlands",,,"00CT","Solihull","E02002085","Solihull 005",,,2468,161,354,500,825,373,66,23,15,40,105,3,3
"F","West Midlands",,,"00CT","Solihull","E02002086","Solihull 006",,,2155,120,342,465,627,409,56,16,10,34,73,3,0
"F","West Midlands",,,"00CT","Solihull","E02002087","Solihull 007",,,2322,138,461,455,788,289,66,9,7,22,84,3,0
"F","West Midlands",,,"00CT","Solihull","E02002088","Solihull 008",,,3713,204,604,816,1043,737,111,18,14,52,110,4,0
"F","West Midlands",,,"00CT","Solihull","E02002089","Solihull 009",,,3592,322,455,684,1068,719,110,27,18,67,112,7,3
"F","West Midlands",,,"00CT","Solihull","E02002090","Solihull 010",,,2782,216,400,829,794,229,93,19,20,73,106,3,0
"F","West Midlands",,,"00CT","Solihull","E02002091","Solihull 011",,,3239,232,504,980,813,363,128,24,19,48,124,4,0
"F","West Midlands",,,"00CT","Solihull","E02002092","Solihull 012",,,3221,248,529,946,881,277,118,23,19,70,107,3,0
"F","West Midlands",,,"00CT","Solihull","E02002093","Solihull 013",,,2702,199,317,845,805,222,120,26,12,61,90,5,0
"F","West Midlands",,,"00CT","Solihull","E02002094","Solihull 014",,,2684,304,291,692,768,271,140,25,12,83,92,3,3
"F","West Midlands",,,"00CT","Solihull","E02002095","Solihull 015",,,4058,432,702,904,706,818,156,34,39,106,148,13,0
"F","West Midlands",,,"00CT","Solihull","E02002096","Solihull 016",,,4005,415,938,657,792,679,170,36,38,126,127,22,5
"F","West Midlands",,,"00CT","Solihull","E02002097","Solihull 017",,,3230,440,281,249,798,961,179,36,32,111,134,9,0
"F","West Midlands",,,"00CT","Solihull","E02002098","Solihull 018",,,3946,390,609,949,1025,459,172,55,23,106,154,4,0
"F","West Midlands",,,"00CT","Solihull","E02002099","Solihull 019",,,2731,291,515,374,601,560,134,34,24,102,86,10,0
"F","West Midlands",,,"00CT","Solihull","E02002100","Solihull 020",,,2976,246,397,700,849,377,157,30,14,76,122,5,3
"F","West Midlands",,,"00CT","Solihull","E02002101","Solihull 021",,,2830,204,285,601,1067,348,115,24,16,50,116,4,0
"F","West Midlands",,,"00CT","Solihull","E02002102","Solihull 022",,,3850,360,792,724,674,785,181,47,27,109,147,4,0
"F","West Midlands",,,"00CT","Solihull","E02002103","Solihull 023",,,3063,286,457,634,753,555,126,30,20,67,129,3,3
"F","West Midlands",,,"00CT","Solihull","E02002104","Solihull 024",,,3301,314,578,474,512,930,174,47,25,148,94,5,0
"F","West Midlands",,,"00CT","Solihull","E02002105","Solihull 025",,,3734,452,342,226,810,1195,329,47,51,143,126,13,0
"F","West Midlands",,,"00CT","Solihull","E02002106","Solihull 026",,,4446,517,543,705,678,1378,195,63,41,168,135,18,5
"F","West Midlands",,,"00CT","Solihull","E02002107","Solihull 027",,,3232,317,369,619,504,960,145,57,36,118,96,11,0
"F","West Midlands",,,"00CT","Solihull","E02002108","Solihull 028",,,4433,550,413,716,652,1470,207,65,41,195,113,11,0
"F","West Midlands",,,"00CT","Solihull","E02002109","Solihull 029",,,3787,428,326,521,794,1165,181,65,28,127,142,10,0
"F","West Midlands",,,"00CU","Walsall","E02002110","Walsall 001",,,3175,221,623,424,840,660,145,32,30,54,141,5,0
"F","West Midlands",,,"00CU","Walsall","E02002111","Walsall 002",,,2591,176,624,427,610,465,93,31,16,29,120,0,0
"F","West Midlands",,,"00CU","Walsall","E02002112","Walsall 003",,,2709,204,228,715,759,515,91,25,28,48,93,3,0
"F","West Midlands",,,"00CU","Walsall","E02002113","Walsall 004",,,2744,224,496,505,687,511,100,26,24,40,127,4,0
"F","West Midlands",,,"00CU","Walsall","E02002114","Walsall 005",,,2535,170,269,889,465,476,53,32,29,46,103,3,0
"F","West Midlands",,,"00CU","Walsall","E02002115","Walsall 006",,,2418,195,358,849,481,305,51,19,14,26,115,5,0
"F","West Midlands",,,"00CU","Walsall","E02002116","Walsall 007",,,3438,307,500,466,869,922,116,32,31,67,125,3,0
"F","West Midlands",,,"00CU","Walsall","E02002117","Walsall 008",,,2839,221,362,685,851,429,63,31,36,56,102,3,0
"F","West Midlands",,,"00CU","Walsall","E02002118","Walsall 009",,,2716,151,481,882,705,243,60,20,14,33,124,3,0
"F","West Midlands",,,"00CU","Walsall","E02002119","Walsall 010",,,2696,206,371,944,402,512,65,19,17,39,117,4,0
"F","West Midlands",,,"00CU","Walsall","E02002120","Walsall 011",,,3326,224,295,1036,1067,385,94,28,31,58,101,7,0
"F","West Midlands",,,"00CU","Walsall","E02002121","Walsall 012",,,2134,125,509,735,348,246,33,10,9,26,90,3,0
"F","West Midlands",,,"00CU","Walsall","E02002122","Walsall 013",,,1815,115,517,640,247,169,18,11,5,16,74,3,0
"F","West Midlands",,,"00CU","Walsall","E02002123","Walsall 014",,,2772,178,404,1071,662,254,47,8,19,36,85,5,3
"F","West Midlands",,,"00CU","Walsall","E02002124","Walsall 015",,,2546,255,562,305,574,617,50,33,17,35,93,5,0
"F","West Midlands",,,"00CU","Walsall","E02002125","Walsall 016",,,2514,152,473,893,348,406,40,34,15,36,117,0,0
"F","West Midlands",,,"00CU","Walsall","E02002126","Walsall 017",,,2102,111,686,673,320,166,25,11,8,20,75,4,3
"F","West Midlands",,,"00CU","Walsall","E02002127","Walsall 018",,,2429,169,763,740,307,284,20,18,6,33,82,4,3
"F","West Midlands",,,"00CU","Walsall","E02002128","Walsall 019",,,2664,175,498,984,520,272,59,24,13,29,82,5,3
"F","West Midlands",,,"00CU","Walsall","E02002129","Walsall 020",,,2850,186,635,975,603,242,58,13,22,27,86,3,0
"F","West Midlands",,,"00CU","Walsall","E02002130","Walsall 021",,,2415,131,748,632,412,297,39,22,16,29,86,3,0
"F","West Midlands",,,"00CU","Walsall","E02002131","Walsall 022",,,3640,388,546,584,822,934,69,46,32,61,152,6,0
"F","West Midlands",,,"00CU","Walsall","E02002132","Walsall 023",,,2322,130,497,928,402,194,31,18,8,25,83,3,3
"F","West Midlands",,,"00CU","Walsall","E02002133","Walsall 024",,,2522,198,735,511,362,473,41,26,26,45,99,6,0
"F","West Midlands",,,"00CU","Walsall","E02002134","Walsall 025",,,3117,205,976,865,553,287,53,15,21,42,94,3,3
"F","West Midlands",,,"00CU","Walsall","E02002135","Walsall 026",,,2226,188,923,405,363,201,22,14,13,29,62,3,3
"F","West Midlands",,,"00CU","Walsall","E02002136","Walsall 027",,,2698,177,727,844,462,284,46,15,13,43,84,3,0
"F","West Midlands",,,"00CU","Walsall","E02002137","Walsall 028",,,2786,324,201,391,711,872,56,43,22,72,90,4,0
"F","West Midlands",,,"00CU","Walsall","E02002138","Walsall 029",,,2341,202,545,455,408,482,41,39,33,48,81,7,0
"F","West Midlands",,,"00CU","Walsall","E02002139","Walsall 030",,,2726,223,946,436,438,417,52,35,20,58,92,6,3
"F","West Midlands",,,"00CU","Walsall","E02002140","Walsall 031",,,2468,202,812,598,383,279,35,23,11,40,82,0,3
"F","West Midlands",,,"00CU","Walsall","E02002141","Walsall 032",,,3058,269,246,406,1024,786,56,50,33,73,103,12,0
"F","West Midlands",,,"00CU","Walsall","E02002142","Walsall 033",,,2244,171,600,729,370,210,28,20,9,27,73,3,4
"F","West Midlands",,,"00CU","Walsall","E02002143","Walsall 034",,,2721,192,981,503,455,330,55,38,18,48,94,4,3
"F","West Midlands",,,"00CU","Walsall","E02002144","Walsall 035",,,2957,283,249,703,831,603,43,53,29,71,89,3,0
"F","West Midlands",,,"00CU","Walsall","E02002145","Walsall 036",,,2390,142,777,706,391,196,45,19,7,36,68,3,0
"F","West Midlands",,,"00CU","Walsall","E02002146","Walsall 037",,,2222,171,423,614,524,298,37,24,14,43,74,0,0
"F","West Midlands",,,"00CU","Walsall","E02002147","Walsall 038",,,2810,168,870,808,564,203,36,13,16,37,92,3,0
"F","West Midlands",,,"00CU","Walsall","E02002148","Walsall 039",,,4915,411,535,777,2058,685,67,81,17,83,197,4,0
"F","West Midlands",,,"00CW","Wolverhampton","E02002149","Wolverhampton 001",,,4333,290,856,1371,909,416,233,26,38,50,141,0,3
"F","West Midlands",,,"00CW","Wolverhampton","E02002150","Wolverhampton 002",,,2399,166,505,743,371,294,164,26,24,31,72,3,0
"F","West Midlands",,,"00CW","Wolverhampton","E02002151","Wolverhampton 003",,,2589,145,396,898,434,345,195,25,23,38,87,3,0
"F","West Midlands",,,"00CW","Wolverhampton","E02002152","Wolverhampton 004",,,2023,130,300,842,371,164,86,13,10,23,78,3,3
"F","West Midlands",,,"00CW","Wolverhampton","E02002153","Wolverhampton 005",,,3204,177,301,1062,1105,276,81,18,28,39,113,4,0
"F","West Midlands",,,"00CW","Wolverhampton","E02002154","Wolverhampton 006",,,2107,133,362,810,256,229,147,24,27,45,71,3,0
"F","West Midlands",,,"00CW","Wolverhampton","E02002155","Wolverhampton 007",,,1598,120,346,610,211,125,80,8,8,23,64,3,0
"F","West Midlands",,,"00CW","Wolverhampton","E02002156","Wolverhampton 008",,,3461,249,720,1298,464,335,149,16,26,46,155,3,0
"F","West Midlands",,,"00CW","Wolverhampton","E02002157","Wolverhampton 009",,,3517,295,409,1393,422,453,258,37,42,74,116,15,3
"F","West Midlands",,,"00CW","Wolverhampton","E02002158","Wolverhampton 010",,,3279,202,515,1192,753,320,92,10,29,48,111,4,3
"F","West Midlands",,,"00CW","Wolverhampton","E02002159","Wolverhampton 011",,,2098,151,513,719,283,205,103,15,19,26,61,0,3
"F","West Midlands",,,"00CW","Wolverhampton","E02002160","Wolverhampton 012",,,2942,218,601,942,631,280,98,18,20,43,86,5,0
"F","West Midlands",,,"00CW","Wolverhampton","E02002161","Wolverhampton 013",,,2287,138,546,712,233,249,218,20,31,45,90,5,0
"F","West Midlands",,,"00CW","Wolverhampton","E02002162","Wolverhampton 014",,,3070,327,386,899,525,397,199,41,54,108,124,7,3
"F","West Midlands",,,"00CW","Wolverhampton","E02002163","Wolverhampton 015",,,3504,244,1126,1029,370,379,151,18,17,51,111,5,3
"F","West Midlands",,,"00CW","Wolverhampton","E02002164","Wolverhampton 016",,,1812,125,662,329,211,133,158,15,27,66,83,3,0
"F","West Midlands",,,"00CW","Wolverhampton","E02002165","Wolverhampton 017",,,3458,280,1070,736,415,390,312,33,40,66,109,7,0
"F","West Midlands",,,"00CW","Wolverhampton","E02002166","Wolverhampton 018",,,3050,198,872,1094,440,211,74,8,9,40,98,3,3
"F","West Midlands",,,"00CW","Wolverhampton","E02002167","Wolverhampton 019",,,2714,270,314,772,603,364,187,16,21,69,92,3,3
"F","West Midlands",,,"00CW","Wolverhampton","E02002168","Wolverhampton 020",,,3024,230,1090,504,484,332,181,17,31,61,91,3,0
"F","West Midlands",,,"00CW","Wolverhampton","E02002169","Wolverhampton 021",,,3919,381,563,1142,721,463,329,44,54,96,121,5,0
"F","West Midlands",,,"00CW","Wolverhampton","E02002170","Wolverhampton 022",,,2686,164,732,901,476,208,53,11,12,42,84,3,0
"F","West Midlands",,,"00CW","Wolverhampton","E02002171","Wolverhampton 023",,,2805,157,720,997,481,230,62,16,24,41,74,0,3
"F","West Midlands",,,"00CW","Wolverhampton","E02002172","Wolverhampton 024",,,2023,151,655,503,347,189,56,11,13,40,54,4,0
"F","West Midlands",,,"00CW","Wolverhampton","E02002173","Wolverhampton 025",,,1748,173,520,357,276,193,107,6,13,41,59,0,3
"F","West Midlands",,,"00CW","Wolverhampton","E02002174","Wolverhampton 026",,,3414,310,598,968,647,450,185,26,45,67,112,6,0
"F","West Midlands",,,"00CW","Wolverhampton","E02002175","Wolverhampton 027",,,2175,177,559,713,382,181,43,12,19,24,65,0,0
"F","West Midlands",,,"00CW","Wolverhampton","E02002176","Wolverhampton 028",,,3256,233,394,1021,784,394,192,27,26,31,146,5,3
"F","West Midlands",,,"00CW","Wolverhampton","E02002177","Wolverhampton 029",,,2738,191,609,982,488,238,88,12,19,40,71,0,0
"F","West Midlands",,,"00CW","Wolverhampton","E02002178","Wolverhampton 030",,,3131,283,503,947,631,401,143,23,27,74,87,9,3
"F","West Midlands",,,"00CW","Wolverhampton","E02002179","Wolverhampton 031",,,3040,265,276,899,771,422,173,26,32,63,105,8,0
"F","West Midlands",,,"00CW","Wolverhampton","E02002180","Wolverhampton 032",,,2484,164,356,868,660,216,70,13,20,36,78,3,0
"F","West Midlands",,,"00CW","Wolverhampton","E02002181","Wolverhampton 033",,,2392,136,658,651,589,179,34,13,13,33,81,5,0
"F","West Midlands",,,"00CW","Wolverhampton","E02002182","Wolverhampton 034",,,2648,211,395,879,674,245,69,17,19,48,88,0,3
"F","West Midlands",,,"00GA","Herefordshire, County of","E02002905","Herefordshire 001",,,2788,734,216,146,493,418,204,137,125,110,201,4,0
"F","West Midlands",,,"00GA","Herefordshire, County of","E02002906","Herefordshire 002",,,2491,235,916,184,181,564,81,70,47,58,152,3,0
"F","West Midlands",,,"00GA","Herefordshire, County of","E02002907","Herefordshire 003",,,2425,300,1018,98,159,487,83,35,34,49,156,3,3
"F","West Midlands",,,"00GA","Herefordshire, County of","E02002908","Herefordshire 004",,,3965,971,371,319,573,779,339,77,101,133,282,17,3
"F","West Midlands",,,"00GA","Herefordshire, County of","E02002909","Herefordshire 005",,,4814,993,881,271,360,1031,557,111,167,153,273,12,5
"F","West Midlands",,,"00GA","Herefordshire, County of","E02002910","Herefordshire 006",,,3526,875,637,274,310,432,463,53,76,141,260,5,0
"F","West Midlands",,,"00GA","Herefordshire, County of","E02002911","Herefordshire 007",,,4231,663,360,481,1258,694,148,61,88,174,284,15,5
"F","West Midlands",,,"00GA","Herefordshire, County of","E02002912","Herefordshire 008",,,3135,411,170,451,1227,287,113,79,57,145,183,9,3
"F","West Midlands",,,"00GA","Herefordshire, County of","E02002913","Herefordshire 009",,,2545,489,261,317,431,373,226,70,96,104,160,15,3
"F","West Midlands",,,"00GA","Herefordshire, County of","E02002914","Herefordshire 010",,,4534,317,1656,1480,237,206,166,42,66,136,211,13,4
"F","West Midlands",,,"00GA","Herefordshire, County of","E02002915","Herefordshire 011",,,2954,266,1209,748,122,167,74,62,44,116,133,10,3
"F","West Midlands",,,"00GA","Herefordshire, County of","E02002916","Herefordshire 012",,,3984,336,2280,478,137,235,89,67,39,134,181,8,0
"F","West Midlands",,,"00GA","Herefordshire, County of","E02002917","Herefordshire 013",,,3096,215,1344,794,132,139,113,46,34,94,173,12,0
"F","West Midlands",,,"00GA","Herefordshire, County of","E02002918","Herefordshire 014",,,2862,258,922,1029,77,208,53,56,25,95,123,16,0
"F","West Midlands",,,"00GA","Herefordshire, County of","E02002919","Herefordshire 015",,,3287,249,1148,1044,147,157,91,42,33,130,236,7,3
"F","West Midlands",,,"00GA","Herefordshire, County of","E02002920","Herefordshire 016",,,3065,367,353,987,608,185,132,45,59,127,183,16,3
"F","West Midlands",,,"00GA","Herefordshire, County of","E02002921","Herefordshire 017",,,3236,186,746,1567,186,123,103,35,39,88,155,5,3
"F","West Midlands",,,"00GA","Herefordshire, County of","E02002922","Herefordshire 018",,,2804,572,260,202,623,580,150,86,33,117,171,10,0
"F","West Midlands",,,"00GA","Herefordshire, County of","E02002923","Herefordshire 019",,,4256,495,1517,182,170,721,641,92,82,158,192,6,0
"F","West Midlands",,,"00GA","Herefordshire, County of","E02002924","Herefordshire 020",,,2725,822,301,136,160,604,240,63,69,126,200,4,0
"F","West Midlands",,,"00GA","Herefordshire, County of","E02002925","Herefordshire 021",,,4814,975,585,633,923,778,179,108,118,183,307,18,7
"F","West Midlands",,,"00GA","Herefordshire, County of","E02002926","Herefordshire 022",,,4610,504,2073,266,298,596,258,142,98,142,225,5,3
"F","West Midlands",,,"00GA","Herefordshire, County of","E02002927","Herefordshire 023",,,5139,1146,453,634,724,717,490,190,158,274,328,19,6
"F","West Midlands",,,"00GF","Telford and Wrekin","E02002928","Telford and Wrekin 001",,,2738,227,582,85,340,843,260,92,90,103,102,11,3
"F","West Midlands",,,"00GF","Telford and Wrekin","E02002929","Telford and Wrekin 002",,,2768,415,381,231,480,591,212,107,78,133,129,11,0
"F","West Midlands",,,"00GF","Telford and Wrekin","E02002930","Telford and Wrekin 003",,,2659,216,615,125,454,744,209,65,54,81,93,3,0
"F","West Midlands",,,"00GF","Telford and Wrekin","E02002931","Telford and Wrekin 004",,,3033,295,333,601,903,190,300,93,128,108,77,5,0
"F","West Midlands",,,"00GF","Telford and Wrekin","E02002932","Telford and Wrekin 005",,,3091,167,775,987,590,147,177,57,45,66,71,6,3
"F","West Midlands",,,"00GF","Telford and Wrekin","E02002933","Telford and Wrekin 006",,,4388,292,882,885,1191,497,107,166,134,116,112,3,3
"F","West Midlands",,,"00GF","Telford and Wrekin","E02002934","Telford and Wrekin 007",,,2955,193,733,638,690,226,106,102,98,91,75,3,0
"F","West Midlands",,,"00GF","Telford and Wrekin","E02002935","Telford and Wrekin 008",,,3297,199,1134,1062,400,97,130,58,48,80,83,6,0
"F","West Midlands",,,"00GF","Telford and Wrekin","E02002936","Telford and Wrekin 009",,,2969,196,810,934,425,172,114,79,77,67,84,8,3
"F","West Midlands",,,"00GF","Telford and Wrekin","E02002937","Telford and Wrekin 010",,,4663,598,412,631,1288,731,230,228,186,157,191,11,0
"F","West Midlands",,,"00GF","Telford and Wrekin","E02002938","Telford and Wrekin 011",,,2588,202,676,678,536,160,73,67,51,61,77,4,3
"F","West Midlands",,,"00GF","Telford and Wrekin","E02002939","Telford and Wrekin 012",,,2411,189,525,470,667,218,68,74,63,58,74,5,0
"F","West Midlands",,,"00GF","Telford and Wrekin","E02002940","Telford and Wrekin 013",,,2751,177,533,1092,434,88,163,61,49,57,94,3,0
"F","West Midlands",,,"00GF","Telford and Wrekin","E02002941","Telford and Wrekin 014",,,4309,270,922,1838,404,237,220,118,84,86,125,5,0
"F","West Midlands",,,"00GF","Telford and Wrekin","E02002942","Telford and Wrekin 015",,,3299,320,595,751,409,198,469,166,168,144,71,5,3
"F","West Midlands",,,"00GF","Telford and Wrekin","E02002943","Telford and Wrekin 016",,,3983,318,602,1518,581,250,241,145,112,111,98,7,0
"F","West Midlands",,,"00GF","Telford and Wrekin","E02002944","Telford and Wrekin 017",,,2994,185,629,1293,415,113,107,61,42,42,104,3,0
"F","West Midlands",,,"00GF","Telford and Wrekin","E02002945","Telford and Wrekin 018",,,4618,272,1318,1342,892,132,291,80,78,91,111,8,3
"F","West Midlands",,,"00GF","Telford and Wrekin","E02002946","Telford and Wrekin 019",,,3997,241,468,1637,893,148,223,97,72,86,129,3,0
"F","West Midlands",,,"00GF","Telford and Wrekin","E02002947","Telford and Wrekin 020",,,3386,246,545,1259,719,93,220,63,69,71,98,3,0
"F","West Midlands",,,"00GF","Telford and Wrekin","E02002948","Telford and Wrekin 021",,,2627,182,304,882,834,87,117,41,44,54,82,0,0
"F","West Midlands",,,"00GF","Telford and Wrekin","E02002949","Telford and Wrekin 022",,,2440,220,486,472,739,125,138,56,49,53,95,4,3
"F","West Midlands",,,"00GF","Telford and Wrekin","E02002950","Telford and Wrekin 023",,,2418,149,694,327,692,171,151,57,40,52,77,8,0
"F","West Midlands",,,"00GL","Stoke-on-Trent","E02002951","Stoke-on-Trent 001",,,3376,213,317,1060,1112,331,65,37,65,58,114,4,0
"F","West Midlands",,,"00GL","Stoke-on-Trent","E02002952","Stoke-on-Trent 002",,,2424,142,471,800,602,193,41,21,36,36,79,3,0
"F","West Midlands",,,"00GL","Stoke-on-Trent","E02002953","Stoke-on-Trent 003",,,3005,193,535,1044,734,219,80,15,38,47,97,3,0
"F","West Midlands",,,"00GL","Stoke-on-Trent","E02002954","Stoke-on-Trent 004",,,3165,241,333,1186,927,206,58,17,27,39,128,3,0
"F","West Midlands",,,"00GL","Stoke-on-Trent","E02002955","Stoke-on-Trent 005",,,2366,157,692,660,465,171,64,11,44,28,69,5,0
"F","West Midlands",,,"00GL","Stoke-on-Trent","E02002956","Stoke-on-Trent 006",,,3716,226,1073,1125,736,224,86,18,45,50,128,5,0
"F","West Midlands",,,"00GL","Stoke-on-Trent","E02002957","Stoke-on-Trent 007",,,4231,333,509,1301,1417,238,109,24,60,75,158,3,4
"F","West Midlands",,,"00GL","Stoke-on-Trent","E02002958","Stoke-on-Trent 008",,,2959,190,661,1136,549,165,54,9,40,52,98,5,0
"F","West Midlands",,,"00GL","Stoke-on-Trent","E02002959","Stoke-on-Trent 009",,,2946,182,1094,821,397,174,59,12,49,44,104,7,3
"F","West Midlands",,,"00GL","Stoke-on-Trent","E02002960","Stoke-on-Trent 010",,,2946,193,718,1053,504,147,71,12,53,55,135,5,0
"F","West Midlands",,,"00GL","Stoke-on-Trent","E02002961","Stoke-on-Trent 011",,,2301,153,791,725,288,122,54,15,26,42,81,4,0
"F","West Midlands",,,"00GL","Stoke-on-Trent","E02002962","Stoke-on-Trent 012",,,2271,145,407,922,463,123,44,13,26,45,83,0,0
"F","West Midlands",,,"00GL","Stoke-on-Trent","E02002963","Stoke-on-Trent 013",,,3139,192,1017,1076,390,179,64,10,48,51,108,4,0
"F","West Midlands",,,"00GL","Stoke-on-Trent","E02002964","Stoke-on-Trent 014",,,3787,231,752,1551,620,235,109,16,56,68,145,4,0
"F","West Midlands",,,"00GL","Stoke-on-Trent","E02002965","Stoke-on-Trent 015",,,1758,115,675,475,186,97,59,9,34,44,61,0,3
"F","West Midlands",,,"00GL","Stoke-on-Trent","E02002966","Stoke-on-Trent 016",,,3182,183,1224,909,247,149,82,27,105,148,100,4,4
"F","West Midlands",,,"00GL","Stoke-on-Trent","E02002967","Stoke-on-Trent 017",,,2602,137,306,1122,605,195,60,13,30,41,86,3,4
"F","West Midlands",,,"00GL","Stoke-on-Trent","E02002968","Stoke-on-Trent 018",,,4371,276,1689,1250,423,228,133,32,94,96,143,7,0
"F","West Midlands",,,"00GL","Stoke-on-Trent","E02002969","Stoke-on-Trent 019",,,3469,199,1240,1040,398,177,108,18,100,86,97,3,3
"F","West Midlands",,,"00GL","Stoke-on-Trent","E02002970","Stoke-on-Trent 020",,,3214,237,867,1206,370,220,100,15,41,45,103,7,3
"F","West Midlands",,,"00GL","Stoke-on-Trent","E02002971","Stoke-on-Trent 021",,,2861,166,710,974,588,174,80,13,42,34,80,0,0
"F","West Midlands",,,"00GL","Stoke-on-Trent","E02002972","Stoke-on-Trent 022",,,2250,132,631,690,476,123,46,12,38,30,69,3,0
"F","West Midlands",,,"00GL","Stoke-on-Trent","E02002973","Stoke-on-Trent 023",,,3177,214,940,1086,437,176,88,25,53,58,96,0,4
"F","West Midlands",,,"00GL","Stoke-on-Trent","E02002974","Stoke-on-Trent 024",,,2436,149,342,542,867,279,75,15,43,39,80,5,0
"F","West Midlands",,,"00GL","Stoke-on-Trent","E02002975","Stoke-on-Trent 025",,,4277,266,916,1013,1179,438,146,45,76,65,130,3,0
"F","West Midlands",,,"00GL","Stoke-on-Trent","E02002976","Stoke-on-Trent 026",,,2296,152,554,794,418,152,55,16,36,33,83,0,3
"F","West Midlands",,,"00GL","Stoke-on-Trent","E02002977","Stoke-on-Trent 027",,,2277,144,615,651,447,172,83,17,25,27,90,3,3
"F","West Midlands",,,"00GL","Stoke-on-Trent","E02002978","Stoke-on-Trent 028",,,2125,158,355,452,689,290,43,15,29,36,55,0,3
"F","West Midlands",,,"00GL","Stoke-on-Trent","E02002979","Stoke-on-Trent 029",,,2079,168,541,476,488,198,30,19,31,39,89,0,0
"F","West Midlands",,,"00GL","Stoke-on-Trent","E02002980","Stoke-on-Trent 030",,,2705,191,315,868,756,229,85,22,77,57,95,10,0
"F","West Midlands",,,"00GL","Stoke-on-Trent","E02002981","Stoke-on-Trent 031",,,2884,227,486,537,925,418,64,31,62,52,82,0,0
"F","West Midlands",,,"00GL","Stoke-on-Trent","E02002982","Stoke-on-Trent 032",,,1791,133,308,544,491,137,41,14,38,21,64,0,0
"F","West Midlands",,,"00GL","Stoke-on-Trent","E02002983","Stoke-on-Trent 033",,,3156,229,447,480,1054,575,61,58,85,74,90,3,0
"F","West Midlands",,,"00GL","Stoke-on-Trent","E02002984","Stoke-on-Trent 034",,,3273,268,364,790,1061,329,113,42,112,64,121,9,0
"F","West Midlands","39","Shropshire","39UB","Bridgnorth","E02006008","Bridgnorth 001",,,3583,413,561,490,873,498,350,120,57,99,118,4,0
"F","West Midlands","39","Shropshire","39UB","Bridgnorth","E02006009","Bridgnorth 002",,,4924,366,2749,126,231,883,163,146,46,107,103,4,0
"F","West Midlands","39","Shropshire","39UB","Bridgnorth","E02006010","Bridgnorth 003",,,4967,712,738,517,856,953,488,180,141,102,268,9,3
"F","West Midlands","39","Shropshire","39UB","Bridgnorth","E02006011","Bridgnorth 004",,,2913,320,841,325,102,547,449,121,39,59,99,8,3
"F","West Midlands","39","Shropshire","39UB","Bridgnorth","E02006012","Bridgnorth 005",,,3057,316,968,151,115,582,501,163,60,74,118,9,0
"F","West Midlands","39","Shropshire","39UB","Bridgnorth","E02006013","Bridgnorth 006",,,3712,713,384,235,459,1041,408,162,49,90,159,9,3
"F","West Midlands","39","Shropshire","39UB","Bridgnorth","E02006014","Bridgnorth 007",,,3872,735,446,206,528,662,618,243,82,111,230,7,4
"F","West Midlands","39","Shropshire","39UC","North Shropshire","E02006015","North Shropshire 001",,,3985,416,1277,204,375,569,462,251,89,122,209,8,3
"F","West Midlands","39","Shropshire","39UC","North Shropshire","E02006016","North Shropshire 002",,,3391,720,349,342,464,544,398,141,112,128,189,4,0
"F","West Midlands","39","Shropshire","39UC","North Shropshire","E02006017","North Shropshire 003",,,3050,518,566,240,368,685,274,89,73,93,135,6,3
"F","West Midlands","39","Shropshire","39UC","North Shropshire","E02006018","North Shropshire 004",,,4882,429,1940,401,221,441,866,105,113,170,176,17,3
"F","West Midlands","39","Shropshire","39UC","North Shropshire","E02006019","North Shropshire 005",,,2182,205,662,113,165,591,182,52,31,94,78,6,3
"F","West Midlands","39","Shropshire","39UC","North Shropshire","E02006020","North Shropshire 006",,,2980,492,564,251,400,483,323,115,91,100,155,6,0
"F","West Midlands","39","Shropshire","39UC","North Shropshire","E02006021","North Shropshire 007",,,3512,751,453,227,430,808,280,130,97,150,175,8,3
"F","West Midlands","39","Shropshire","39UC","North Shropshire","E02006022","North Shropshire 008",,,2852,457,606,160,393,700,187,56,58,101,126,8,0
"F","West Midlands","39","Shropshire","39UD","Oswestry","E02006023","Oswestry 001",,,4141,468,634,767,942,488,252,154,100,144,185,7,0
"F","West Midlands","39","Shropshire","39UD","Oswestry","E02006024","Oswestry 002",,,4111,254,1890,429,353,258,489,71,89,114,161,3,0
"F","West Midlands","39","Shropshire","39UD","Oswestry","E02006025","Oswestry 003",,,3476,307,1440,479,222,247,345,59,108,126,133,6,4
"F","West Midlands","39","Shropshire","39UD","Oswestry","E02006026","Oswestry 004",,,3051,444,341,452,497,586,216,121,90,141,152,6,5
"F","West Midlands","39","Shropshire","39UD","Oswestry","E02006027","Oswestry 005",,,2440,446,156,418,523,241,219,51,67,144,161,11,3
"F","West Midlands","39","Shropshire","39UE","Shrewsbury and Atcham","E02006028","Shrewsbury and Atcham 001",,,4488,745,488,651,879,725,334,120,90,205,239,9,3
"F","West Midlands","39","Shropshire","39UE","Shrewsbury and Atcham","E02006029","Shrewsbury and Atcham 002",,,3707,212,1285,1132,233,283,224,28,58,105,144,0,3
"F","West Midlands","39","Shropshire","39UE","Shrewsbury and Atcham","E02006030","Shrewsbury and Atcham 003",,,3331,216,1055,856,360,341,194,19,71,86,133,0,0
"F","West Midlands","39","Shropshire","39UE","Shrewsbury and Atcham","E02006031","Shrewsbury and Atcham 004",,,3094,252,1193,623,115,258,271,28,96,123,130,5,0
"F","West Midlands","39","Shropshire","39UE","Shrewsbury and Atcham","E02006032","Shrewsbury and Atcham 005",,,4075,291,1273,1256,216,413,213,26,81,148,154,4,0
"F","West Midlands","39","Shropshire","39UE","Shrewsbury and Atcham","E02006033","Shrewsbury and Atcham 006",,,3189,313,1211,554,105,259,304,33,115,170,116,9,0
"F","West Midlands","39","Shropshire","39UE","Shrewsbury and Atcham","E02006034","Shrewsbury and Atcham 007",,,3854,329,885,1067,368,271,395,63,125,204,127,16,4
"F","West Midlands","39","Shropshire","39UE","Shrewsbury and Atcham","E02006035","Shrewsbury and Atcham 008",,,2706,223,747,796,144,317,141,22,77,120,109,7,3
"F","West Midlands","39","Shropshire","39UE","Shrewsbury and Atcham","E02006036","Shrewsbury and Atcham 009",,,2935,249,977,678,163,309,209,26,95,101,119,6,3
"F","West Midlands","39","Shropshire","39UE","Shrewsbury and Atcham","E02006037","Shrewsbury and Atcham 010",,,4312,356,1244,1127,331,330,408,50,127,185,142,9,3
"F","West Midlands","39","Shropshire","39UE","Shrewsbury and Atcham","E02006038","Shrewsbury and Atcham 011",,,3753,464,349,1106,713,384,289,47,96,133,159,10,3
"F","West Midlands","39","Shropshire","39UE","Shrewsbury and Atcham","E02006039","Shrewsbury and Atcham 012",,,3440,534,431,346,674,658,247,122,76,158,184,7,3
"F","West Midlands","39","Shropshire","39UE","Shrewsbury and Atcham","E02006040","Shrewsbury and Atcham 013",,,3264,697,279,167,552,819,219,107,104,136,170,11,3
"F","West Midlands","39","Shropshire","39UF","South Shropshire","E02006041","South Shropshire 001",,,2570,628,393,135,208,419,271,104,74,126,202,10,0
"F","West Midlands","39","Shropshire","39UF","South Shropshire","E02006042","South Shropshire 002",,,2075,445,493,102,102,322,259,59,80,87,118,8,0
"F","West Midlands","39","Shropshire","39UF","South Shropshire","E02006043","South Shropshire 003",,,2968,682,459,191,331,452,216,202,136,87,203,9,0
"F","West Midlands","39","Shropshire","39UF","South Shropshire","E02006044","South Shropshire 004",,,2550,797,240,189,239,331,168,119,110,121,223,9,4
"F","West Midlands","39","Shropshire","39UF","South Shropshire","E02006045","South Shropshire 005",,,4352,495,1973,176,220,507,148,310,122,116,279,3,3
"F","West Midlands","39","Shropshire","39UF","South Shropshire","E02006046","South Shropshire 006",,,3697,672,643,243,430,533,341,245,174,112,297,4,3
"F","West Midlands","41","Staffordshire","41UB","Cannock Chase","E02006118","Cannock Chase 001",,,3807,365,758,302,439,1010,408,199,63,79,175,9,0
"F","West Midlands","41","Staffordshire","41UB","Cannock Chase","E02006119","Cannock Chase 002",,,3361,217,918,246,378,926,268,134,48,69,153,4,0
"F","West Midlands","41","Staffordshire","41UB","Cannock Chase","E02006120","Cannock Chase 003",,,3744,245,1036,387,472,906,293,117,48,77,159,4,0
"F","West Midlands","41","Staffordshire","41UB","Cannock Chase","E02006121","Cannock Chase 004",,,2855,204,258,721,504,586,264,68,30,58,159,3,0
"F","West Midlands","41","Staffordshire","41UB","Cannock Chase","E02006122","Cannock Chase 005",,,2912,219,361,682,481,612,227,67,34,56,168,5,0
"F","West Midlands","41","Staffordshire","41UB","Cannock Chase","E02006123","Cannock Chase 006",,,3213,284,279,629,615,759,298,90,36,62,153,8,0
"F","West Midlands","41","Staffordshire","41UB","Cannock Chase","E02006124","Cannock Chase 007",,,2854,177,560,758,380,515,186,45,24,38,165,6,0
"F","West Midlands","41","Staffordshire","41UB","Cannock Chase","E02006125","Cannock Chase 008",,,3399,237,757,808,359,680,243,55,33,61,163,3,0
"F","West Midlands","41","Staffordshire","41UB","Cannock Chase","E02006126","Cannock Chase 009",,,4042,324,570,988,418,943,367,83,49,92,199,6,3
"F","West Midlands","41","Staffordshire","41UB","Cannock Chase","E02006127","Cannock Chase 010",,,3764,306,517,728,369,1000,404,112,67,94,159,5,3
"F","West Midlands","41","Staffordshire","41UB","Cannock Chase","E02006128","Cannock Chase 011",,,3827,332,1042,492,302,912,330,64,44,96,204,6,3
"F","West Midlands","41","Staffordshire","41UB","Cannock Chase","E02006129","Cannock Chase 012",,,3015,199,1123,296,342,596,189,48,23,47,145,4,3
"F","West Midlands","41","Staffordshire","41UB","Cannock Chase","E02006130","Cannock Chase 013",,,3211,252,533,744,536,586,229,50,56,52,166,4,3
"F","West Midlands","41","Staffordshire","41UC","East Staffordshire","E02006131","East Staffordshire 001",,,3537,599,485,507,511,488,500,109,96,81,153,8,0
"F","West Midlands","41","Staffordshire","41UC","East Staffordshire","E02006132","East Staffordshire 002",,,2814,194,1085,177,377,445,267,44,48,51,123,3,0
"F","West Midlands","41","Staffordshire","41UC","East Staffordshire","E02006133","East Staffordshire 003",,,2996,269,932,120,318,612,328,69,118,102,125,3,0
"F","West Midlands","41","Staffordshire","41UC","East Staffordshire","E02006134","East Staffordshire 004",,,3984,416,559,1000,798,542,158,134,115,103,156,3,0
"F","West Midlands","41","Staffordshire","41UC","East Staffordshire","E02006135","East Staffordshire 005",,,4029,298,706,1507,349,462,166,142,150,107,137,5,0
"F","West Midlands","41","Staffordshire","41UC","East Staffordshire","E02006136","East Staffordshire 006",,,3838,731,349,257,539,868,376,220,150,128,210,6,4
"F","West Midlands","41","Staffordshire","41UC","East Staffordshire","E02006137","East Staffordshire 007",,,3291,181,1223,944,236,284,81,105,61,41,127,5,3
"F","West Midlands","41","Staffordshire","41UC","East Staffordshire","E02006138","East Staffordshire 008",,,2315,165,1017,398,206,219,72,64,57,26,88,3,0
"F","West Midlands","41","Staffordshire","41UC","East Staffordshire","E02006139","East Staffordshire 009",,,2335,172,1211,262,167,191,70,86,48,47,78,3,0
"F","West Midlands","41","Staffordshire","41UC","East Staffordshire","E02006140","East Staffordshire 010",,,3489,265,691,1394,250,347,111,113,98,82,134,4,0
"F","West Midlands","41","Staffordshire","41UC","East Staffordshire","E02006141","East Staffordshire 011",,,3260,228,1570,525,201,348,95,74,45,62,109,3,0
"F","West Midlands","41","Staffordshire","41UC","East Staffordshire","E02006142","East Staffordshire 012",,,2647,219,612,900,137,317,82,112,103,62,94,6,3
"F","West Midlands","41","Staffordshire","41UC","East Staffordshire","E02006143","East Staffordshire 013",,,3913,304,734,1187,237,580,195,313,117,108,130,5,3
"F","West Midlands","41","Staffordshire","41UC","East Staffordshire","E02006144","East Staffordshire 014",,,3296,211,762,1462,183,307,66,97,41,61,100,6,0
"F","West Midlands","41","Staffordshire","41UC","East Staffordshire","E02006145","East Staffordshire 015",,,2671,377,326,172,745,357,260,182,66,75,106,5,0
"F","West Midlands","41","Staffordshire","41UD","Lichfield","E02006146","Lichfield 001",,,3454,402,355,337,772,700,382,167,90,80,158,8,3
"F","West Midlands","41","Staffordshire","41UD","Lichfield","E02006147","Lichfield 002",,,3148,491,294,225,505,559,531,202,87,117,127,7,3
"F","West Midlands","41","Staffordshire","41UD","Lichfield","E02006148","Lichfield 003",,,3618,443,335,410,883,735,443,79,64,90,131,5,0
"F","West Midlands","41","Staffordshire","41UD","Lichfield","E02006149","Lichfield 004",,,3287,268,1210,328,250,536,386,82,37,63,120,7,0
"F","West Midlands","41","Staffordshire","41UD","Lichfield","E02006150","Lichfield 005",,,6192,597,1753,442,419,1187,1057,206,146,191,176,18,0
"F","West Midlands","41","Staffordshire","41UD","Lichfield","E02006151","Lichfield 006",,,4379,360,707,399,1195,852,408,63,73,86,230,6,0
"F","West Midlands","41","Staffordshire","41UD","Lichfield","E02006152","Lichfield 007",,,3744,365,933,379,299,736,592,109,77,107,142,5,0
"F","West Midlands","41","Staffordshire","41UD","Lichfield","E02006153","Lichfield 008",,,3461,538,369,440,481,614,533,142,70,100,160,14,0
"F","West Midlands","41","Staffordshire","41UD","Lichfield","E02006154","Lichfield 009",,,5525,520,829,454,1566,1066,563,88,85,90,253,11,0
"F","West Midlands","41","Staffordshire","41UD","Lichfield","E02006155","Lichfield 010",,,2648,170,590,226,802,457,177,40,29,46,108,3,0
"F","West Midlands","41","Staffordshire","41UD","Lichfield","E02006156","Lichfield 011",,,3608,535,249,339,734,1217,177,68,54,106,126,3,0
"F","West Midlands","41","Staffordshire","41UD","Lichfield","E02006157","Lichfield 012",,,3095,399,467,627,360,633,302,57,41,71,138,0,0
"F","West Midlands","41","Staffordshire","41UE","Newcastle-under-Lyme","E02006158","Newcastle-under-Lyme 001",,,4669,375,456,1106,1534,654,106,84,80,85,181,5,3
"F","West Midlands","41","Staffordshire","41UE","Newcastle-under-Lyme","E02006159","Newcastle-under-Lyme 002",,,2768,167,484,672,828,318,55,39,52,42,105,3,3
"F","West Midlands","41","Staffordshire","41UE","Newcastle-under-Lyme","E02006160","Newcastle-under-Lyme 003",,,3692,258,1065,613,953,425,91,46,49,54,132,6,0
"F","West Midlands","41","Staffordshire","41UE","Newcastle-under-Lyme","E02006161","Newcastle-under-Lyme 004",,,3574,282,536,997,925,359,119,39,86,101,122,8,0
"F","West Midlands","41","Staffordshire","41UE","Newcastle-under-Lyme","E02006162","Newcastle-under-Lyme 005",,,3830,363,305,782,1421,444,90,52,94,82,190,4,3
"F","West Midlands","41","Staffordshire","41UE","Newcastle-under-Lyme","E02006163","Newcastle-under-Lyme 006",,,3195,184,873,1186,441,183,78,19,56,60,107,5,3
"F","West Midlands","41","Staffordshire","41UE","Newcastle-under-Lyme","E02006164","Newcastle-under-Lyme 007",,,2967,204,849,939,528,186,64,11,28,50,104,4,0
"F","West Midlands","41","Staffordshire","41UE","Newcastle-under-Lyme","E02006165","Newcastle-under-Lyme 008",,,3373,241,735,1436,376,209,97,17,74,55,127,3,3
"F","West Midlands","41","Staffordshire","41UE","Newcastle-under-Lyme","E02006166","Newcastle-under-Lyme 009",,,3756,283,1024,1405,388,239,115,23,85,65,125,4,0
"F","West Midlands","41","Staffordshire","41UE","Newcastle-under-Lyme","E02006167","Newcastle-under-Lyme 010",,,3159,206,925,1065,444,200,82,17,52,69,95,4,0
"F","West Midlands","41","Staffordshire","41UE","Newcastle-under-Lyme","E02006168","Newcastle-under-Lyme 011",,,3432,274,1056,1127,342,181,114,24,76,104,126,8,0
"F","West Midlands","41","Staffordshire","41UE","Newcastle-under-Lyme","E02006169","Newcastle-under-Lyme 012",,,2437,195,579,613,551,159,54,22,66,88,102,8,0
"F","West Midlands","41","Staffordshire","41UE","Newcastle-under-Lyme","E02006170","Newcastle-under-Lyme 013",,,2448,290,239,216,671,676,83,45,71,58,99,0,0
"F","West Midlands","41","Staffordshire","41UE","Newcastle-under-Lyme","E02006171","Newcastle-under-Lyme 014",,,3736,272,923,1210,574,253,138,52,76,95,135,5,3
"F","West Midlands","41","Staffordshire","41UE","Newcastle-under-Lyme","E02006172","Newcastle-under-Lyme 015",,,4760,428,557,1638,1058,357,175,70,159,156,155,4,3
"F","West Midlands","41","Staffordshire","41UE","Newcastle-under-Lyme","E02006173","Newcastle-under-Lyme 016",,,3192,505,178,136,543,1163,247,61,130,99,120,10,0
"F","West Midlands","41","Staffordshire","41UF","South Staffordshire","E02006174","South Staffordshire 001",,,5316,604,740,297,1175,1300,498,245,87,162,197,8,3
"F","West Midlands","41","Staffordshire","41UF","South Staffordshire","E02006175","South Staffordshire 002",,,2714,262,283,605,383,641,278,48,35,49,130,0,0
"F","West Midlands","41","Staffordshire","41UF","South Staffordshire","E02006176","South Staffordshire 003",,,3511,505,324,157,478,1279,314,157,56,77,158,6,0
"F","West Midlands","41","Staffordshire","41UF","South Staffordshire","E02006177","South Staffordshire 004",,,5303,409,861,769,1390,969,394,68,62,93,281,4,3
"F","West Midlands","41","Staffordshire","41UF","South Staffordshire","E02006178","South Staffordshire 005",,,3926,296,531,776,1146,617,232,45,45,62,170,6,0
"F","West Midlands","41","Staffordshire","41UF","South Staffordshire","E02006179","South Staffordshire 006",,,3389,332,324,492,1139,528,235,42,49,58,182,8,0
"F","West Midlands","41","Staffordshire","41UF","South Staffordshire","E02006180","South Staffordshire 007",,,3064,243,295,682,1108,344,142,49,23,46,126,3,3
"F","West Midlands","41","Staffordshire","41UF","South Staffordshire","E02006181","South Staffordshire 008",,,2428,183,417,357,703,381,166,31,39,41,107,3,0
"F","West Midlands","41","Staffordshire","41UF","South Staffordshire","E02006182","South Staffordshire 009",,,3187,331,366,429,978,554,217,64,39,82,113,11,3
"F","West Midlands","41","Staffordshire","41UF","South Staffordshire","E02006183","South Staffordshire 010",,,4238,453,364,470,1351,915,328,69,54,106,123,5,0
"F","West Midlands","41","Staffordshire","41UF","South Staffordshire","E02006184","South Staffordshire 011",,,3012,233,337,632,808,510,221,50,35,66,110,5,5
"F","West Midlands","41","Staffordshire","41UF","South Staffordshire","E02006185","South Staffordshire 012",,,3204,259,547,363,1044,526,195,54,33,53,123,4,3
"F","West Midlands","41","Staffordshire","41UF","South Staffordshire","E02006186","South Staffordshire 013",,,5907,721,735,539,1841,1126,374,102,83,148,230,8,0
"F","West Midlands","41","Staffordshire","41UF","South Staffordshire","E02006187","South Staffordshire 014",,,3233,443,346,265,828,744,276,67,40,91,130,3,0
"F","West Midlands","41","Staffordshire","41UG","Stafford","E02006188","Stafford 001",,,2574,253,302,350,753,565,67,50,72,62,96,4,0
"F","West Midlands","41","Staffordshire","41UG","Stafford","E02006189","Stafford 002",,,3133,410,397,462,840,568,85,61,104,99,101,6,0
"F","West Midlands","41","Staffordshire","41UG","Stafford","E02006190","Stafford 003",,,4038,343,1316,268,460,1058,150,112,97,101,126,4,3
"F","West Midlands","41","Staffordshire","41UG","Stafford","E02006191","Stafford 004",,,4146,510,796,302,760,1019,190,146,142,163,110,5,3
"F","West Midlands","41","Staffordshire","41UG","Stafford","E02006192","Stafford 005",,,3840,628,416,362,466,1200,271,100,114,123,153,7,0
"F","West Midlands","41","Staffordshire","41UG","Stafford","E02006193","Stafford 006",,,3268,300,725,970,413,224,282,89,89,78,88,10,0
"F","West Midlands","41","Staffordshire","41UG","Stafford","E02006194","Stafford 007",,,3271,214,902,1030,346,186,267,68,81,70,103,4,0
"F","West Midlands","41","Staffordshire","41UG","Stafford","E02006195","Stafford 008",,,4212,544,404,349,1204,634,460,217,100,135,150,12,3
"F","West Midlands","41","Staffordshire","41UG","Stafford","E02006196","Stafford 009",,,2664,146,1550,191,153,161,176,53,37,84,103,4,6
"F","West Midlands","41","Staffordshire","41UG","Stafford","E02006197","Stafford 010",,,3546,249,1605,398,230,289,327,125,83,111,120,6,3
"F","West Midlands","41","Staffordshire","41UG","Stafford","E02006198","Stafford 011",,,3651,348,1163,796,237,332,338,161,65,100,95,13,3
"F","West Midlands","41","Staffordshire","41UG","Stafford","E02006199","Stafford 012",,,4042,428,967,943,272,378,504,212,79,115,135,6,3
"F","West Midlands","41","Staffordshire","41UG","Stafford","E02006200","Stafford 013",,,3389,231,759,1379,163,302,251,94,27,71,106,3,3
"F","West Midlands","41","Staffordshire","41UG","Stafford","E02006201","Stafford 014",,,5679,512,766,2095,403,633,540,245,115,175,181,14,0
"F","West Midlands","41","Staffordshire","41UG","Stafford","E02006202","Stafford 015",,,4254,688,369,142,805,1159,486,161,106,127,201,5,5
"F","West Midlands","41","Staffordshire","41UG","Stafford","E02006203","Stafford 016",,,3060,232,553,1141,183,313,286,122,40,74,109,7,0
"F","West Midlands","41","Staffordshire","41UH","Staffordshire Moorlands","E02006204","Staffordshire Moorlands 001",,,3273,425,1090,429,188,705,129,65,54,55,130,3,0
"F","West Midlands","41","Staffordshire","41UH","Staffordshire Moorlands","E02006205","Staffordshire Moorlands 002",,,3755,540,366,277,889,1023,195,103,110,85,160,3,4
"F","West Midlands","41","Staffordshire","41UH","Staffordshire Moorlands","E02006206","Staffordshire Moorlands 003",,,3093,211,472,99,1235,648,117,67,51,63,122,5,3
"F","West Midlands","41","Staffordshire","41UH","Staffordshire Moorlands","E02006207","Staffordshire Moorlands 004",,,3308,308,454,222,1128,762,111,60,68,54,138,0,3
"F","West Midlands","41","Staffordshire","41UH","Staffordshire Moorlands","E02006208","Staffordshire Moorlands 005",,,3630,296,1659,318,97,811,117,64,75,50,143,0,0
"F","West Midlands","41","Staffordshire","41UH","Staffordshire Moorlands","E02006209","Staffordshire Moorlands 006",,,4628,393,1484,734,335,1090,148,90,110,82,155,7,0
"F","West Midlands","41","Staffordshire","41UH","Staffordshire Moorlands","E02006210","Staffordshire Moorlands 007",,,2732,711,280,183,436,531,217,100,65,61,140,8,0
"F","West Midlands","41","Staffordshire","41UH","Staffordshire Moorlands","E02006211","Staffordshire Moorlands 008",,,2966,369,245,225,1397,313,100,45,70,54,145,3,0
"F","West Midlands","41","Staffordshire","41UH","Staffordshire Moorlands","E02006212","Staffordshire Moorlands 009",,,4149,409,326,567,1840,473,129,50,98,90,160,4,3
"F","West Midlands","41","Staffordshire","41UH","Staffordshire Moorlands","E02006213","Staffordshire Moorlands 010",,,3060,431,451,355,497,825,169,61,63,64,141,3,0
"F","West Midlands","41","Staffordshire","41UH","Staffordshire Moorlands","E02006214","Staffordshire Moorlands 011",,,2812,216,752,184,512,792,99,44,56,45,112,0,0
"F","West Midlands","41","Staffordshire","41UH","Staffordshire Moorlands","E02006215","Staffordshire Moorlands 012",,,3905,433,435,537,967,1059,78,63,71,78,180,4,0
"F","West Midlands","41","Staffordshire","41UH","Staffordshire Moorlands","E02006216","Staffordshire Moorlands 013",,,4279,396,621,407,821,1389,182,101,107,87,162,3,3
"F","West Midlands","41","Staffordshire","41UK","Tamworth","E02006217","Tamworth 001",,,4406,352,1241,762,379,659,579,120,54,88,161,8,3
"F","West Midlands","41","Staffordshire","41UK","Tamworth","E02006218","Tamworth 002",,,3071,237,1115,430,188,457,358,67,46,69,97,7,0
"F","West Midlands","41","Staffordshire","41UK","Tamworth","E02006219","Tamworth 003",,,4094,342,551,1215,188,790,634,118,40,78,130,8,0
"F","West Midlands","41","Staffordshire","41UK","Tamworth","E02006220","Tamworth 004",,,3674,235,852,983,167,658,447,88,39,66,132,7,0
"F","West Midlands","41","Staffordshire","41UK","Tamworth","E02006221","Tamworth 005",,,3067,237,680,440,172,685,553,86,42,73,94,5,0
"F","West Midlands","41","Staffordshire","41UK","Tamworth","E02006222","Tamworth 006",,,3330,207,908,796,145,568,420,66,32,62,121,5,0
"F","West Midlands","41","Staffordshire","41UK","Tamworth","E02006223","Tamworth 007",,,2929,174,653,925,219,461,303,62,21,27,84,0,0
"F","West Midlands","41","Staffordshire","41UK","Tamworth","E02006224","Tamworth 008",,,4304,379,549,929,390,852,747,149,44,110,148,7,0
"F","West Midlands","41","Staffordshire","41UK","Tamworth","E02006225","Tamworth 009",,,3932,309,613,854,326,951,505,105,35,77,149,8,0
"F","West Midlands","41","Staffordshire","41UK","Tamworth","E02006226","Tamworth 010",,,4198,293,778,954,408,772,595,122,42,75,153,6,0
"F","West Midlands","44","Warwickshire","44UB","North Warwickshire","E02006468","North Warwickshire 001",,,5487,511,465,627,1445,893,867,254,74,128,209,9,5
"F","West Midlands","44","Warwickshire","44UB","North Warwickshire","E02006469","North Warwickshire 002",,,3816,325,328,629,921,766,445,112,31,80,176,3,0
"F","West Midlands","44","Warwickshire","44UB","North Warwickshire","E02006470","North Warwickshire 003",,,4837,354,1756,202,750,746,516,123,65,100,215,5,5
"F","West Midlands","44","Warwickshire","44UB","North Warwickshire","E02006471","North Warwickshire 004",,,3906,445,325,443,873,1215,242,67,43,100,153,0,0
"F","West Midlands","44","Warwickshire","44UB","North Warwickshire","E02006472","North Warwickshire 005",,,4293,407,355,890,828,937,450,103,43,93,184,3,0
"F","West Midlands","44","Warwickshire","44UB","North Warwickshire","E02006473","North Warwickshire 006",,,5125,449,837,720,1022,1422,211,65,46,128,217,5,3
"F","West Midlands","44","Warwickshire","44UB","North Warwickshire","E02006474","North Warwickshire 007",,,3064,453,257,233,783,812,233,53,27,66,137,10,0
"F","West Midlands","44","Warwickshire","44UC","Nuneaton and Bedworth","E02006475","Nuneaton and Bedworth 001",,,3541,294,785,777,380,662,273,98,48,94,127,3,0
"F","West Midlands","44","Warwickshire","44UC","Nuneaton and Bedworth","E02006476","Nuneaton and Bedworth 002",,,2833,154,331,1015,462,471,164,42,33,47,111,3,0
"F","West Midlands","44","Warwickshire","44UC","Nuneaton and Bedworth","E02006477","Nuneaton and Bedworth 003",,,3679,338,843,664,363,746,319,131,68,73,122,9,3
"F","West Midlands","44","Warwickshire","44UC","Nuneaton and Bedworth","E02006478","Nuneaton and Bedworth 004",,,4202,283,283,1149,724,1044,358,65,39,103,148,6,0
"F","West Midlands","44","Warwickshire","44UC","Nuneaton and Bedworth","E02006479","Nuneaton and Bedworth 005",,,3318,211,1261,435,409,521,254,44,35,49,92,4,3
"F","West Midlands","44","Warwickshire","44UC","Nuneaton and Bedworth","E02006480","Nuneaton and Bedworth 006",,,3522,184,967,731,518,624,246,53,24,56,112,7,0
"F","West Midlands","44","Warwickshire","44UC","Nuneaton and Bedworth","E02006481","Nuneaton and Bedworth 007",,,3229,210,265,1099,605,614,196,46,21,39,125,6,3
"F","West Midlands","44","Warwickshire","44UC","Nuneaton and Bedworth","E02006482","Nuneaton and Bedworth 008",,,2847,174,824,527,466,454,210,39,20,45,83,5,0
"F","West Midlands","44","Warwickshire","44UC","Nuneaton and Bedworth","E02006483","Nuneaton and Bedworth 009",,,2721,127,1048,416,334,421,149,43,37,53,93,0,0
"F","West Midlands","44","Warwickshire","44UC","Nuneaton and Bedworth","E02006484","Nuneaton and Bedworth 010",,,3581,233,788,752,493,696,280,94,49,88,104,4,0
"F","West Midlands","44","Warwickshire","44UC","Nuneaton and Bedworth","E02006485","Nuneaton and Bedworth 011",,,4019,360,436,1107,469,900,306,138,74,100,119,10,0
"F","West Midlands","44","Warwickshire","44UC","Nuneaton and Bedworth","E02006486","Nuneaton and Bedworth 012",,,3663,267,654,682,1067,466,266,62,35,54,107,3,0
"F","West Midlands","44","Warwickshire","44UC","Nuneaton and Bedworth","E02006487","Nuneaton and Bedworth 013",,,2960,172,719,563,807,350,157,33,16,46,92,5,0
"F","West Midlands","44","Warwickshire","44UC","Nuneaton and Bedworth","E02006488","Nuneaton and Bedworth 014",,,2940,250,249,567,1024,455,148,54,39,41,106,7,0
"F","West Midlands","44","Warwickshire","44UC","Nuneaton and Bedworth","E02006489","Nuneaton and Bedworth 015",,,3343,226,663,558,1004,406,197,76,37,71,101,4,0
"F","West Midlands","44","Warwickshire","44UC","Nuneaton and Bedworth","E02006490","Nuneaton and Bedworth 016",,,2871,192,395,678,924,287,169,40,32,54,89,8,3
"F","West Midlands","44","Warwickshire","44UC","Nuneaton and Bedworth","E02006491","Nuneaton and Bedworth 017",,,3338,254,512,616,1161,331,184,70,25,65,113,4,3
"F","West Midlands","44","Warwickshire","44UD","Rugby","E02006492","Rugby 001",,,4410,639,665,663,941,722,291,118,86,106,166,10,3
"F","West Midlands","44","Warwickshire","44UD","Rugby","E02006493","Rugby 002",,,4449,302,1198,1049,376,541,400,133,174,163,105,8,0
"F","West Midlands","44","Warwickshire","44UD","Rugby","E02006494","Rugby 003",,,2710,195,1230,362,202,308,152,62,55,72,67,5,0
"F","West Midlands","44","Warwickshire","44UD","Rugby","E02006495","Rugby 004",,,3818,339,403,536,1126,835,158,140,58,72,141,10,0
"F","West Midlands","44","Warwickshire","44UD","Rugby","E02006496","Rugby 005",,,3264,238,1316,501,239,349,224,98,87,74,135,0,3
"F","West Midlands","44","Warwickshire","44UD","Rugby","E02006497","Rugby 006",,,2753,175,1084,485,218,375,137,54,70,62,86,4,3
"F","West Midlands","44","Warwickshire","44UD","Rugby","E02006498","Rugby 007",,,4236,375,513,1500,307,829,192,126,121,114,150,9,0
"F","West Midlands","44","Warwickshire","44UD","Rugby","E02006499","Rugby 008",,,2716,205,797,670,147,342,239,49,56,79,123,6,3
"F","West Midlands","44","Warwickshire","44UD","Rugby","E02006500","Rugby 009",,,2349,217,704,600,109,304,153,49,68,67,72,6,0
"F","West Midlands","44","Warwickshire","44UD","Rugby","E02006501","Rugby 010",,,4315,341,482,1771,349,487,408,88,99,110,166,11,3
"F","West Midlands","44","Warwickshire","44UD","Rugby","E02006502","Rugby 011",,,4748,361,1044,1559,244,770,265,111,94,133,159,8,0
"F","West Midlands","44","Warwickshire","44UD","Rugby","E02006503","Rugby 012",,,3512,486,305,372,664,917,199,125,108,177,151,8,0
"F","West Midlands","44","Warwickshire","44UE","Stratford-on-Avon","E02006504","Stratford-on-Avon 001",,,2713,483,213,243,394,782,272,54,30,82,151,6,3
"F","West Midlands","44","Warwickshire","44UE","Stratford-on-Avon","E02006505","Stratford-on-Avon 002",,,2984,448,303,127,392,859,472,79,40,100,153,8,3
"F","West Midlands","44","Warwickshire","44UE","Stratford-on-Avon","E02006506","Stratford-on-Avon 003",,,3066,283,564,549,468,516,375,58,43,61,145,4,0
"F","West Midlands","44","Warwickshire","44UE","Stratford-on-Avon","E02006507","Stratford-on-Avon 004",,,4758,454,871,336,330,1771,404,138,144,129,170,11,0
"F","West Midlands","44","Warwickshire","44UE","Stratford-on-Avon","E02006508","Stratford-on-Avon 005",,,4922,726,404,348,818,1327,445,154,207,257,216,17,3
"F","West Midlands","44","Warwickshire","44UE","Stratford-on-Avon","E02006509","Stratford-on-Avon 006",,,3031,292,833,63,342,734,360,107,43,89,162,6,0
"F","West Midlands","44","Warwickshire","44UE","Stratford-on-Avon","E02006510","Stratford-on-Avon 007",,,2965,468,349,346,484,464,378,157,39,120,157,3,0
"F","West Midlands","44","Warwickshire","44UE","Stratford-on-Avon","E02006511","Stratford-on-Avon 008",,,4708,538,654,264,1208,830,463,216,124,207,189,12,3
"F","West Midlands","44","Warwickshire","44UE","Stratford-on-Avon","E02006512","Stratford-on-Avon 009",,,4934,478,2291,347,207,702,308,196,71,132,194,5,3
"F","West Midlands","44","Warwickshire","44UE","Stratford-on-Avon","E02006513","Stratford-on-Avon 010",,,2409,346,575,421,90,384,184,146,52,99,101,8,3
"F","West Midlands","44","Warwickshire","44UE","Stratford-on-Avon","E02006514","Stratford-on-Avon 011",,,3923,446,1621,361,180,478,235,207,64,151,171,9,0
"F","West Midlands","44","Warwickshire","44UE","Stratford-on-Avon","E02006515","Stratford-on-Avon 012",,,4296,594,516,292,686,1023,387,309,100,168,213,8,0
"F","West Midlands","44","Warwickshire","44UE","Stratford-on-Avon","E02006516","Stratford-on-Avon 013",,,4373,693,463,243,441,1297,362,201,238,218,207,10,0
"F","West Midlands","44","Warwickshire","44UE","Stratford-on-Avon","E02006517","Stratford-on-Avon 014",,,3359,575,270,199,759,612,271,175,140,163,187,8,0
"F","West Midlands","44","Warwickshire","44UE","Stratford-on-Avon","E02006518","Stratford-on-Avon 015",,,4105,658,747,144,395,850,464,172,226,184,254,11,0
"F","West Midlands","44","Warwickshire","44UF","Warwick","E02006519","Warwick 001",,,3718,409,588,405,1180,457,280,40,49,162,138,10,0
"F","West Midlands","44","Warwickshire","44UF","Warwick","E02006520","Warwick 002",,,4306,393,634,412,1602,495,315,71,64,170,144,6,0
"F","West Midlands","44","Warwickshire","44UF","Warwick","E02006521","Warwick 003",,,3458,353,631,263,1219,445,231,32,38,114,120,9,3
"F","West Midlands","44","Warwickshire","44UF","Warwick","E02006522","Warwick 004",,,2729,465,207,287,429,744,237,55,33,115,146,11,0
"F","West Midlands","44","Warwickshire","44UF","Warwick","E02006523","Warwick 005",,,5161,616,539,1204,1273,672,220,141,78,199,192,27,0
"F","West Midlands","44","Warwickshire","44UF","Warwick","E02006524","Warwick 006",,,2614,193,609,918,304,279,77,41,24,53,108,5,3
"F","West Midlands","44","Warwickshire","44UF","Warwick","E02006525","Warwick 007",,,5462,580,1242,1289,522,810,288,187,108,222,191,20,3
"F","West Midlands","44","Warwickshire","44UF","Warwick","E02006526","Warwick 008",,,4597,309,1532,1299,225,662,212,80,41,119,112,6,0
"F","West Midlands","44","Warwickshire","44UF","Warwick","E02006527","Warwick 009",,,4207,433,1297,762,216,713,221,179,69,191,117,9,0
"F","West Midlands","44","Warwickshire","44UF","Warwick","E02006528","Warwick 010",,,5424,432,1797,1049,515,790,213,177,89,187,163,12,0
"F","West Midlands","44","Warwickshire","44UF","Warwick","E02006529","Warwick 011",,,4112,326,1353,938,259,585,218,112,51,123,133,11,3
"F","West Midlands","44","Warwickshire","44UF","Warwick","E02006530","Warwick 012",,,4514,450,1241,1003,193,711,299,194,83,196,129,12,3
"F","West Midlands","44","Warwickshire","44UF","Warwick","E02006531","Warwick 013",,,4186,253,2000,606,265,504,133,84,47,143,135,13,3
"F","West Midlands","44","Warwickshire","44UF","Warwick","E02006532","Warwick 014",,,4231,526,287,969,803,758,359,130,72,166,151,10,0
"F","West Midlands","44","Warwickshire","44UF","Warwick","E02006533","Warwick 015",,,3939,286,937,1363,413,400,154,97,45,92,148,4,0
"F","West Midlands","47","Worcestershire","47UB","Bromsgrove","E02006696","Bromsgrove 001",,,2642,368,251,233,547,804,194,46,33,72,82,12,0
"F","West Midlands","47","Worcestershire","47UB","Bromsgrove","E02006697","Bromsgrove 002",,,3433,525,286,316,719,1036,221,46,33,72,173,6,0
"F","West Midlands","47","Worcestershire","47UB","Bromsgrove","E02006698","Bromsgrove 003",,,3185,248,481,384,739,942,119,45,16,57,147,4,3
"F","West Midlands","47","Worcestershire","47UB","Bromsgrove","E02006699","Bromsgrove 004",,,2968,290,261,384,938,679,131,52,27,76,126,4,0
"F","West Midlands","47","Worcestershire","47UB","Bromsgrove","E02006700","Bromsgrove 005",,,2754,318,282,324,849,587,115,51,23,60,135,7,3
"F","West Midlands","47","Worcestershire","47UB","Bromsgrove","E02006701","Bromsgrove 006",,,2864,346,198,267,515,1037,186,79,38,91,99,8,0
"F","West Midlands","47","Worcestershire","47UB","Bromsgrove","E02006702","Bromsgrove 007",,,2871,235,364,546,415,811,180,64,42,62,146,3,3
"F","West Midlands","47","Worcestershire","47UB","Bromsgrove","E02006703","Bromsgrove 008",,,3630,361,373,474,437,1313,287,94,37,105,139,10,0
"F","West Midlands","47","Worcestershire","47UB","Bromsgrove","E02006704","Bromsgrove 009",,,3083,430,274,274,706,888,215,58,18,71,146,3,0
"F","West Midlands","47","Worcestershire","47UB","Bromsgrove","E02006705","Bromsgrove 010",,,3258,260,776,471,402,844,228,60,37,75,99,3,3
"F","West Midlands","47","Worcestershire","47UB","Bromsgrove","E02006706","Bromsgrove 011",,,2968,253,840,311,384,635,273,62,32,64,114,0,0
"F","West Midlands","47","Worcestershire","47UB","Bromsgrove","E02006707","Bromsgrove 012",,,2641,195,609,176,325,786,273,73,50,82,69,3,0
"F","West Midlands","47","Worcestershire","47UB","Bromsgrove","E02006708","Bromsgrove 013",,,3189,234,989,392,442,546,299,53,35,73,126,0,0
"F","West Midlands","47","Worcestershire","47UB","Bromsgrove","E02006709","Bromsgrove 014",,,3868,452,584,551,496,819,518,105,64,110,157,9,3
"F","West Midlands","47","Worcestershire","47UC","Malvern Hills","E02006710","Malvern Hills 001",,,3679,748,596,252,239,657,465,180,180,113,232,17,0
"F","West Midlands","47","Worcestershire","47UC","Malvern Hills","E02006711","Malvern Hills 002",,,3560,652,285,345,638,723,241,276,101,116,177,6,0
"F","West Midlands","47","Worcestershire","47UC","Malvern Hills","E02006712","Malvern Hills 003",,,3238,542,243,544,729,460,154,126,153,99,175,10,3
"F","West Midlands","47","Worcestershire","47UC","Malvern Hills","E02006713","Malvern Hills 004",,,2643,264,789,460,312,389,96,63,79,57,128,6,0
"F","West Midlands","47","Worcestershire","47UC","Malvern Hills","E02006714","Malvern Hills 005",,,2545,405,213,444,682,261,108,92,100,92,140,8,0
"F","West Midlands","47","Worcestershire","47UC","Malvern Hills","E02006715","Malvern Hills 006",,,3780,404,1021,786,266,625,149,76,152,105,184,12,0
"F","West Midlands","47","Worcestershire","47UC","Malvern Hills","E02006716","Malvern Hills 007",,,2550,195,1093,289,215,386,110,34,51,62,112,3,0
"F","West Midlands","47","Worcestershire","47UC","Malvern Hills","E02006717","Malvern Hills 008",,,2648,426,218,229,826,426,138,64,124,82,111,4,0
"F","West Midlands","47","Worcestershire","47UC","Malvern Hills","E02006718","Malvern Hills 009",,,2501,212,880,466,116,419,119,43,58,67,115,6,0
"F","West Midlands","47","Worcestershire","47UC","Malvern Hills","E02006719","Malvern Hills 010",,,3159,405,903,515,221,516,144,52,147,114,135,7,0
"F","West Midlands","47","Worcestershire","47UC","Malvern Hills","E02006720","Malvern Hills 011",,,3106,581,391,196,590,703,211,65,79,100,186,4,0
"F","West Midlands","47","Worcestershire","47UD","Redditch","E02006721","Redditch 001",,,3157,254,544,791,249,758,291,53,33,72,104,8,0
"F","West Midlands","47","Worcestershire","47UD","Redditch","E02006722","Redditch 002",,,2779,140,711,941,155,485,173,29,9,40,93,3,0
"F","West Midlands","47","Worcestershire","47UD","Redditch","E02006723","Redditch 003",,,2867,154,642,684,347,486,290,48,23,73,117,3,0
"F","West Midlands","47","Worcestershire","47UD","Redditch","E02006724","Redditch 004",,,2384,183,844,615,140,252,156,28,12,35,112,4,3
"F","West Midlands","47","Worcestershire","47UD","Redditch","E02006725","Redditch 005",,,3024,205,748,901,162,568,259,26,20,48,84,3,0
"F","West Midlands","47","Worcestershire","47UD","Redditch","E02006726","Redditch 006",,,2977,248,969,746,200,313,300,40,19,45,94,3,0
"F","West Midlands","47","Worcestershire","47UD","Redditch","E02006727","Redditch 007",,,3110,203,974,780,177,463,307,30,16,51,102,7,0
"F","West Midlands","47","Worcestershire","47UD","Redditch","E02006728","Redditch 008",,,3621,373,431,937,498,480,517,75,36,107,152,12,3
"F","West Midlands","47","Worcestershire","47UD","Redditch","E02006729","Redditch 009",,,4065,284,983,1171,239,693,380,67,29,85,130,4,0
"F","West Midlands","47","Worcestershire","47UD","Redditch","E02006730","Redditch 010",,,2588,158,925,829,114,216,182,18,18,31,94,3,0
"F","West Midlands","47","Worcestershire","47UD","Redditch","E02006731","Redditch 011",,,3040,245,551,996,185,438,345,59,21,71,118,8,3
"F","West Midlands","47","Worcestershire","47UD","Redditch","E02006732","Redditch 012",,,3860,339,361,1279,461,478,540,89,37,91,177,8,0
"F","West Midlands","47","Worcestershire","47UD","Redditch","E02006733","Redditch 013",,,2788,314,259,639,454,383,450,61,38,75,111,4,0
"F","West Midlands","47","Worcestershire","47UE","Worcester","E02006734","Worcester 001",,,3869,355,608,1505,292,314,188,241,68,132,161,5,0
"F","West Midlands","47","Worcestershire","47UE","Worcester","E02006735","Worcester 002",,,2229,108,816,761,164,130,68,37,15,38,86,3,3
"F","West Midlands","47","Worcestershire","47UE","Worcester","E02006736","Worcester 003",,,4009,318,779,986,296,398,303,487,176,172,86,8,0
"F","West Midlands","47","Worcestershire","47UE","Worcester","E02006737","Worcester 004",,,3979,281,1426,1121,199,317,165,187,68,78,131,3,3
"F","West Midlands","47","Worcestershire","47UE","Worcester","E02006738","Worcester 005",,,3639,179,1487,1099,194,230,119,94,36,61,135,5,0
"F","West Midlands","47","Worcestershire","47UE","Worcester","E02006739","Worcester 006",,,2582,214,810,679,158,232,100,117,51,110,107,4,0
"F","West Midlands","47","Worcestershire","47UE","Worcester","E02006740","Worcester 007",,,3232,258,1282,617,133,275,175,219,60,94,111,5,3
"F","West Midlands","47","Worcestershire","47UE","Worcester","E02006741","Worcester 008",,,3152,270,506,936,157,292,228,397,130,155,69,9,3
"F","West Midlands","47","Worcestershire","47UE","Worcester","E02006742","Worcester 009",,,3721,238,1336,947,326,311,127,116,46,89,172,13,0
"F","West Midlands","47","Worcestershire","47UE","Worcester","E02006743","Worcester 010",,,2925,178,1090,862,121,253,121,99,38,49,110,4,0
"F","West Midlands","47","Worcestershire","47UE","Worcester","E02006744","Worcester 011",,,3007,289,1158,619,92,248,164,174,59,87,106,8,3
"F","West Midlands","47","Worcestershire","47UE","Worcester","E02006745","Worcester 012",,,3966,317,1163,1030,425,318,182,147,115,90,162,14,3
"F","West Midlands","47","Worcestershire","47UE","Worcester","E02006746","Worcester 013",,,3487,321,1018,1007,154,339,144,200,74,92,128,7,3
"F","West Midlands","47","Worcestershire","47UE","Worcester","E02006747","Worcester 014",,,3213,268,379,1068,319,384,216,222,162,108,78,9,0
"F","West Midlands","47","Worcestershire","47UF","Wychavon","E02006748","Wychavon 001",,,3057,476,333,433,423,537,436,139,57,71,143,6,3
"F","West Midlands","47","Worcestershire","47UF","Wychavon","E02006749","Wychavon 002",,,2416,188,863,205,398,255,206,105,42,62,89,3,0
"F","West Midlands","47","Worcestershire","47UF","Wychavon","E02006750","Wychavon 003",,,2499,235,700,233,443,322,233,109,43,74,98,9,0
"F","West Midlands","47","Worcestershire","47UF","Wychavon","E02006751","Wychavon 004",,,2789,248,907,238,531,314,207,120,43,56,118,7,0
"F","West Midlands","47","Worcestershire","47UF","Wychavon","E02006752","Wychavon 005",,,3576,385,481,449,649,500,403,352,109,124,116,8,0
"F","West Midlands","47","Worcestershire","47UF","Wychavon","E02006753","Wychavon 006",,,2916,455,300,584,537,324,198,220,70,79,142,4,3
"F","West Midlands","47","Worcestershire","47UF","Wychavon","E02006754","Wychavon 007",,,2545,460,167,210,550,398,237,229,53,84,144,13,0
"F","West Midlands","47","Worcestershire","47UF","Wychavon","E02006755","Wychavon 008",,,2635,522,175,153,429,662,260,178,53,81,117,5,0
"F","West Midlands","47","Worcestershire","47UF","Wychavon","E02006756","Wychavon 009",,,2859,331,190,589,516,445,194,175,190,102,114,10,3
"F","West Midlands","47","Worcestershire","47UF","Wychavon","E02006757","Wychavon 010",,,3166,510,301,438,466,624,236,163,130,117,170,8,3
"F","West Midlands","47","Worcestershire","47UF","Wychavon","E02006758","Wychavon 011",,,2691,349,368,293,579,395,265,121,88,87,142,4,0
"F","West Midlands","47","Worcestershire","47UF","Wychavon","E02006759","Wychavon 012",,,3448,342,1017,324,338,793,187,69,123,76,172,7,0
"F","West Midlands","47","Worcestershire","47UF","Wychavon","E02006760","Wychavon 013",,,3959,534,407,939,578,538,394,135,110,120,196,5,3
"F","West Midlands","47","Worcestershire","47UF","Wychavon","E02006761","Wychavon 014",,,2524,224,1004,216,299,266,234,60,52,53,112,4,0
"F","West Midlands","47","Worcestershire","47UF","Wychavon","E02006762","Wychavon 015",,,2948,281,895,262,338,324,379,106,119,104,127,13,0
"F","West Midlands","47","Worcestershire","47UF","Wychavon","E02006763","Wychavon 016",,,3270,273,1209,263,290,436,343,93,119,95,149,0,0
"F","West Midlands","47","Worcestershire","47UF","Wychavon","E02006764","Wychavon 017",,,2717,195,984,292,325,287,315,66,86,52,115,0,0
"F","West Midlands","47","Worcestershire","47UF","Wychavon","E02006765","Wychavon 018",,,2648,446,373,342,474,381,205,80,99,82,162,4,0
"F","West Midlands","47","Worcestershire","47UF","Wychavon","E02006766","Wychavon 019",,,3522,548,289,354,526,943,272,80,146,175,176,10,3
"F","West Midlands","47","Worcestershire","47UG","Wyre Forest","E02006767","Wyre Forest 001",,,4068,588,405,560,747,809,520,63,60,98,206,9,3
"F","West Midlands","47","Worcestershire","47UG","Wyre Forest","E02006768","Wyre Forest 002",,,3741,278,1001,915,404,417,411,59,33,54,158,8,3
"F","West Midlands","47","Worcestershire","47UG","Wyre Forest","E02006769","Wyre Forest 003",,,3977,334,969,742,504,482,568,81,53,70,174,0,0
"F","West Midlands","47","Worcestershire","47UG","Wyre Forest","E02006770","Wyre Forest 004",,,2641,186,901,445,300,307,283,41,21,43,111,3,0
"F","West Midlands","47","Worcestershire","47UG","Wyre Forest","E02006771","Wyre Forest 005",,,2987,353,324,711,397,381,410,135,51,79,142,4,0
"F","West Midlands","47","Worcestershire","47UG","Wyre Forest","E02006772","Wyre Forest 006",,,2985,237,826,706,243,376,362,63,30,44,94,4,0
"F","West Midlands","47","Worcestershire","47UG","Wyre Forest","E02006773","Wyre Forest 007",,,4044,343,1193,713,430,543,498,76,41,72,127,8,0
"F","West Midlands","47","Worcestershire","47UG","Wyre Forest","E02006774","Wyre Forest 008",,,3592,314,1262,570,282,426,381,70,44,75,157,8,3
"F","West Midlands","47","Worcestershire","47UG","Wyre Forest","E02006775","Wyre Forest 009",,,2007,156,712,518,165,197,106,22,17,27,84,3,0
"F","West Midlands","47","Worcestershire","47UG","Wyre Forest","E02006776","Wyre Forest 010",,,3885,324,721,1049,187,684,521,113,57,87,129,13,0
"F","West Midlands","47","Worcestershire","47UG","Wyre Forest","E02006777","Wyre Forest 011",,,3623,538,367,390,804,440,461,289,68,89,167,10,0
"F","West Midlands","47","Worcestershire","47UG","Wyre Forest","E02006778","Wyre Forest 012",,,3477,301,842,934,321,492,249,92,50,68,128,0,0
"F","West Midlands","47","Worcestershire","47UG","Wyre Forest","E02006779","Wyre Forest 013",,,3413,368,767,623,511,478,300,131,44,59,126,6,0
"F","West Midlands","47","Worcestershire","47UG","Wyre Forest","E02006780","Wyre Forest 014",,,2714,228,529,488,662,344,164,98,30,50,121,0,0