DATASET_TITLE,"Dwelling Stock by Council Tax Band, 2011",,,,,,,,FROM,Mar-2011,Mar-2011,Mar-2011,Mar-2011,Mar-2011,Mar-2011,Mar-2011,Mar-2011,Mar-2011,Mar-2011,Mar-2011,Mar-2011,Mar-2011,Mar-2011,Mar-2011,Mar-2011,Mar-2011,Mar-2011,Mar-2011,Mar-2011,Mar-2011
AREA_TYPE,Country,,,,,,,,TO,Mar-2011,Mar-2011,Mar-2011,Mar-2011,Mar-2011,Mar-2011,Mar-2011,Mar-2011,Mar-2011,Mar-2011,Mar-2011,Mar-2011,Mar-2011,Mar-2011,Mar-2011,Mar-2011,Mar-2011,Mar-2011,Mar-2011,Mar-2011,Mar-2011
GEO_HIERARCHY,NeSS Geography Hierarchy,,,,,,,,HEADING,Dwelling Stock by Council Tax Band; Total,Dwelling Stock by Council Tax Band; Band A,Dwelling Stock by Council Tax Band; Band A,Dwelling Stock by Council Tax Band; Band B,Dwelling Stock by Council Tax Band; Band B,Dwelling Stock by Council Tax Band; Band C,Dwelling Stock by Council Tax Band; Band C,Dwelling Stock by Council Tax Band; Band D,Dwelling Stock by Council Tax Band; Band D,Dwelling Stock by Council Tax Band; Band E,Dwelling Stock by Council Tax Band; Band E,Dwelling Stock by Council Tax Band; Band F,Dwelling Stock by Council Tax Band; Band F,Dwelling Stock by Council Tax Band; Band G,Dwelling Stock by Council Tax Band; Band G,Dwelling Stock by Council Tax Band; Band H,Dwelling Stock by Council Tax Band; Band H,Dwelling Stock by Council Tax Band; Band I,Dwelling Stock by Council Tax Band; Band I,Dwelling Stock by Council Tax Band; Band X; Unallocated,Dwelling Stock by Council Tax Band; Band X; Unallocated
,,,,,,,,,MEASUREMENT_UNIT,Count,Count,Percentage,Count,Percentage,Count,Percentage,Count,Percentage,Count,Percentage,Count,Percentage,Count,Percentage,Count,Percentage,Count,Percentage,Count,Percentage
,,,,,,,,,STATISTICAL_UNIT,Dwellings,Dwellings,Dwellings,Dwellings,Dwellings,Dwellings,Dwellings,Dwellings,Dwellings,Dwellings,Dwellings,Dwellings,Dwellings,Dwellings,Dwellings,Dwellings,Dwellings,Dwellings,Dwellings,Dwellings,Dwellings
UK_CODE,UK_NAME,GB_CODE,GB_NAME,EW_CODE,EW_NAME,CTRY_CODE,CTRY_NAME,AREA_METADATA,,DATA_VALUE,DATA_VALUE,DATA_VALUE,DATA_VALUE,DATA_VALUE,DATA_VALUE,DATA_VALUE,DATA_VALUE,DATA_VALUE,DATA_VALUE,DATA_VALUE,DATA_VALUE,DATA_VALUE,DATA_VALUE,DATA_VALUE,DATA_VALUE,DATA_VALUE,DATA_VALUE,DATA_VALUE,DATA_VALUE,DATA_VALUE
"213","United Kingdom","078","Great Britain","727","England and Wales","064","England",,,22947500,5701030,24.84,4494194,19.58,4992524,21.76,3513171,15.31,2166533,9.44,1144117,4.99,805748,3.51,130183,.57,0,0,0,0
"213","United Kingdom","078","Great Britain","727","England and Wales","220","Wales",,,1375592,204890,14.89,293559,21.34,299070,21.74,220218,16.01,180508,13.12,109484,7.96,50461,3.67,12152,.88,5250,.38,0,0