DATASET_TITLE,NS-SeC of Household Reference Person - People Under Pensionable Age (UV32),,,,FROM,Apr-2001,Apr-2001,Apr-2001,Apr-2001,Apr-2001,Apr-2001,Apr-2001,Apr-2001,Apr-2001,Apr-2001,Apr-2001,Apr-2001
AREA_TYPE,County,,,,TO,Apr-2001,Apr-2001,Apr-2001,Apr-2001,Apr-2001,Apr-2001,Apr-2001,Apr-2001,Apr-2001,Apr-2001,Apr-2001,Apr-2001
GEO_HIERARCHY,NeSS Geography Hierarchy,,,,HEADING,All People Under Pensionable Age in Households,1. Higher managerial and professional occupations,1. Higher managerial and professional occupations:  1.1 Large employers and higher managerial occupations,1. Higher managerial and professional occupations:  1.2 Higher professional occupations,2. Lower managerial and professional occupations,3. Intermediate occupations,4. Small employers and own account workers,5. Lower supervisory and technical occupations,6. Semi-routine occupations,7. Routine occupations,8. Never worked and long-term unemployed,Not classified
,,,,,MEASUREMENT_UNIT,Count,Count,Count,Count,Count,Count,Count,Count,Count,Count,Count,Count
,,,,,STATISTICAL_UNIT,Persons,Persons,Persons,Persons,Persons,Persons,Persons,Persons,Persons,Persons,Persons,Persons
GOR_CODE,GOR_NAME,CTY_CODE,CTY_NAME,AREA_METADATA,,DATA_VALUE,DATA_VALUE,DATA_VALUE,DATA_VALUE,DATA_VALUE,DATA_VALUE,DATA_VALUE,DATA_VALUE,DATA_VALUE,DATA_VALUE,DATA_VALUE,DATA_VALUE
"B","North West","13","Cheshire",,,539333,100854,47911,52943,135488,32745,57618,61952,53737,52011,8436,36492
"B","North West","16","Cumbria",,,379271,38741,16905,21836,75784,21703,51607,55034,47176,50240,9152,29834
"B","North West","30","Lancashire",,,904105,110331,49869,60462,196867,66959,107842,103121,106059,111230,22203,79493