DATASET_TITLE,Tenure - People (UV43),,,,,,,,FROM,Apr-2001,Apr-2001,Apr-2001,Apr-2001,Apr-2001,Apr-2001,Apr-2001,Apr-2001,Apr-2001,Apr-2001,Apr-2001,Apr-2001,Apr-2001,Apr-2001
AREA_TYPE,Super Output Area Middle Layer,,,,,,,,TO,Apr-2001,Apr-2001,Apr-2001,Apr-2001,Apr-2001,Apr-2001,Apr-2001,Apr-2001,Apr-2001,Apr-2001,Apr-2001,Apr-2001,Apr-2001,Apr-2001
GEO_HIERARCHY,NeSS Geography Hierarchy,,,,,,,,HEADING,All People in Households,Owned,Owned: Owns outright,Owned: Owns with a mortgage or loan,Owned: Shared ownership,Social rented,Social rented: Rented from Council (Local Authority),Social rented: Other social rented,Private rented,Private rented: Private landlord or letting agency,Private rented: Employer of household member,Private rented: Relative or friend of a household member,Private rented: Other,Living rent free
,,,,,,,,,MEASUREMENT_UNIT,Count,Count,Count,Count,Count,Count,Count,Count,Count,Count,Count,Count,Count,Count
,,,,,,,,,STATISTICAL_UNIT,Persons,Persons,Persons,Persons,Persons,Persons,Persons,Persons,Persons,Persons,Persons,Persons,Persons,Persons
GOR_CODE,GOR_NAME,CTY_CODE,CTY_NAME,LA_CODE,LA_NAME,MSOA_CODE,MSOA_NAME,AREA_METADATA,,DATA_VALUE,DATA_VALUE,DATA_VALUE,DATA_VALUE,DATA_VALUE,DATA_VALUE,DATA_VALUE,DATA_VALUE,DATA_VALUE,DATA_VALUE,DATA_VALUE,DATA_VALUE,DATA_VALUE,DATA_VALUE
"D","Yorkshire and The Humber",,,"00CC","Barnsley","E02001509","Barnsley 001",,,5701,4061,1231,2819,11,1270,1256,14,238,207,6,21,4,132
"D","Yorkshire and The Humber",,,"00CC","Barnsley","E02001510","Barnsley 002",,,5744,4061,1249,2785,27,1251,1126,125,335,288,3,41,3,97
"D","Yorkshire and The Humber",,,"00CC","Barnsley","E02001511","Barnsley 003",,,5480,4091,1456,2620,15,1016,940,76,282,249,3,25,5,91
"D","Yorkshire and The Humber",,,"00CC","Barnsley","E02001512","Barnsley 004",,,7521,5887,2038,3832,17,1196,1064,132,313,281,3,24,5,125
"D","Yorkshire and The Humber",,,"00CC","Barnsley","E02001513","Barnsley 005",,,7809,6437,2165,4268,4,961,921,40,329,278,3,32,16,82
"D","Yorkshire and The Humber",,,"00CC","Barnsley","E02001514","Barnsley 006",,,5878,3460,1443,2001,16,1712,1405,307,576,528,12,32,4,130
"D","Yorkshire and The Humber",,,"00CC","Barnsley","E02001515","Barnsley 007",,,9563,3811,1180,2493,138,4925,4858,67,287,257,5,20,5,540
"D","Yorkshire and The Humber",,,"00CC","Barnsley","E02001516","Barnsley 008",,,5712,3847,1051,2784,12,1387,1360,27,354,330,3,16,5,124
"D","Yorkshire and The Humber",,,"00CC","Barnsley","E02001517","Barnsley 009",,,7429,5854,2052,3791,11,1168,1025,143,257,217,3,33,4,150
"D","Yorkshire and The Humber",,,"00CC","Barnsley","E02001518","Barnsley 010",,,8885,6218,2373,3823,22,2023,1929,94,471,404,17,38,12,173
"D","Yorkshire and The Humber",,,"00CC","Barnsley","E02001519","Barnsley 011",,,5985,3063,1308,1731,24,2488,2284,204,188,161,7,16,4,246
"D","Yorkshire and The Humber",,,"00CC","Barnsley","E02001520","Barnsley 012",,,10312,8748,3430,5297,21,1070,968,102,380,271,47,23,39,114
"D","Yorkshire and The Humber",,,"00CC","Barnsley","E02001521","Barnsley 013",,,10484,7478,2512,4912,54,1129,903,226,1692,1573,18,74,27,185
"D","Yorkshire and The Humber",,,"00CC","Barnsley","E02001522","Barnsley 014",,,9044,5096,2031,3036,29,2984,2212,772,738,672,5,51,10,226
"D","Yorkshire and The Humber",,,"00CC","Barnsley","E02001523","Barnsley 015",,,5737,4646,1765,2847,34,461,409,52,543,484,7,43,9,87
"D","Yorkshire and The Humber",,,"00CC","Barnsley","E02001524","Barnsley 016",,,5555,4712,1808,2893,11,396,357,39,377,336,8,23,10,70
"D","Yorkshire and The Humber",,,"00CC","Barnsley","E02001525","Barnsley 017",,,5847,2805,1076,1693,36,2134,1691,443,663,589,14,45,15,245
"D","Yorkshire and The Humber",,,"00CC","Barnsley","E02001526","Barnsley 018",,,5361,1854,743,1058,53,3001,2977,24,182,168,0,11,3,324
"D","Yorkshire and The Humber",,,"00CC","Barnsley","E02001527","Barnsley 019",,,5681,4255,1325,2902,28,1053,1044,9,247,224,0,17,6,126
"D","Yorkshire and The Humber",,,"00CC","Barnsley","E02001528","Barnsley 020",,,10134,6575,2493,4025,57,2634,2512,122,701,658,16,23,4,224
"D","Yorkshire and The Humber",,,"00CC","Barnsley","E02001529","Barnsley 021",,,9393,5569,2202,3293,74,3180,3026,154,350,298,12,33,7,294
"D","Yorkshire and The Humber",,,"00CC","Barnsley","E02001530","Barnsley 022",,,5936,3581,1354,2201,26,1403,1278,125,802,736,10,52,4,150
"D","Yorkshire and The Humber",,,"00CC","Barnsley","E02001531","Barnsley 023",,,6136,3897,1395,2466,36,1543,1461,82,590,531,12,36,11,106
"D","Yorkshire and The Humber",,,"00CC","Barnsley","E02001532","Barnsley 024",,,8444,6646,2327,4280,39,1282,1018,264,399,315,11,55,18,117
"D","Yorkshire and The Humber",,,"00CC","Barnsley","E02001533","Barnsley 025",,,6936,4703,1682,2976,45,1391,1336,55,701,635,8,58,0,141
"D","Yorkshire and The Humber",,,"00CC","Barnsley","E02001534","Barnsley 026",,,7258,4622,1773,2813,36,2118,2112,6,298,263,3,24,8,220
"D","Yorkshire and The Humber",,,"00CC","Barnsley","E02001535","Barnsley 027",,,5556,4404,1713,2675,16,573,543,30,451,388,34,19,10,128
"D","Yorkshire and The Humber",,,"00CC","Barnsley","E02001536","Barnsley 028",,,7515,5493,2137,3326,30,1480,1410,70,376,342,5,20,9,166
"D","Yorkshire and The Humber",,,"00CC","Barnsley","E02001537","Barnsley 029",,,7013,4557,1658,2875,24,1794,1723,71,536,498,0,20,18,126
"D","Yorkshire and The Humber",,,"00CC","Barnsley","E02001538","Barnsley 030",,,7868,4393,1631,2725,37,2928,2892,36,319,281,9,18,11,228
"D","Yorkshire and The Humber",,,"00CE","Doncaster","E02001539","Doncaster 001",,,5915,3736,1406,2315,15,1745,1705,40,289,230,9,45,5,145
"D","Yorkshire and The Humber",,,"00CE","Doncaster","E02001540","Doncaster 002",,,10899,7672,2927,4720,25,2164,2125,39,781,667,27,72,15,282
"D","Yorkshire and The Humber",,,"00CE","Doncaster","E02001541","Doncaster 003",,,10504,7289,2697,4575,17,2344,2206,138,606,518,13,60,15,265
"D","Yorkshire and The Humber",,,"00CE","Doncaster","E02001542","Doncaster 004",,,7327,3905,1585,2290,30,2687,2562,125,402,338,22,29,13,333
"D","Yorkshire and The Humber",,,"00CE","Doncaster","E02001543","Doncaster 005",,,8316,5314,1817,3479,18,2406,2275,131,396,339,0,53,4,200
"D","Yorkshire and The Humber",,,"00CE","Doncaster","E02001544","Doncaster 006",,,8267,5924,1911,3988,25,1791,1783,8,414,352,15,39,8,138
"D","Yorkshire and The Humber",,,"00CE","Doncaster","E02001545","Doncaster 007",,,8524,7765,2422,5317,26,483,461,22,196,168,7,18,3,80
"D","Yorkshire and The Humber",,,"00CE","Doncaster","E02001546","Doncaster 008",,,6477,5797,2114,3668,15,327,305,22,290,258,11,21,0,63
"D","Yorkshire and The Humber",,,"00CE","Doncaster","E02001547","Doncaster 009",,,10166,6356,2076,4259,21,3055,2842,213,490,405,6,75,4,265
"D","Yorkshire and The Humber",,,"00CE","Doncaster","E02001548","Doncaster 010",,,7279,4061,1252,2788,21,2402,2132,270,573,499,8,63,3,243
"D","Yorkshire and The Humber",,,"00CE","Doncaster","E02001549","Doncaster 011",,,5900,5128,1586,3537,5,510,499,11,183,160,0,20,3,79
"D","Yorkshire and The Humber",,,"00CE","Doncaster","E02001550","Doncaster 012",,,7129,5341,1859,3459,23,1471,1463,8,187,154,6,24,3,130
"D","Yorkshire and The Humber",,,"00CE","Doncaster","E02001551","Doncaster 013",,,6048,4809,1637,3163,9,595,571,24,593,539,5,41,8,51
"D","Yorkshire and The Humber",,,"00CE","Doncaster","E02001552","Doncaster 014",,,5528,3903,1235,2652,16,1205,1106,99,272,239,10,23,0,148
"D","Yorkshire and The Humber",,,"00CE","Doncaster","E02001553","Doncaster 015",,,9385,6373,2122,4243,8,2359,2238,121,370,317,11,38,4,283
"D","Yorkshire and The Humber",,,"00CE","Doncaster","E02001554","Doncaster 016",,,6521,5740,1749,3958,33,406,363,43,309,283,0,26,0,66
"D","Yorkshire and The Humber",,,"00CE","Doncaster","E02001555","Doncaster 017",,,5770,5251,1563,3679,9,308,294,14,168,146,0,22,0,43
"D","Yorkshire and The Humber",,,"00CE","Doncaster","E02001556","Doncaster 018",,,8846,4970,1676,3289,5,3252,3186,66,297,217,41,33,6,327
"D","Yorkshire and The Humber",,,"00CE","Doncaster","E02001557","Doncaster 019",,,8447,6697,2296,4396,5,339,140,199,1252,1128,6,97,21,159
"D","Yorkshire and The Humber",,,"00CE","Doncaster","E02001558","Doncaster 020",,,6192,5079,1992,3049,38,529,442,87,435,378,25,14,18,149
"D","Yorkshire and The Humber",,,"00CE","Doncaster","E02001559","Doncaster 021",,,7554,6897,2358,4534,5,242,226,16,342,299,4,32,7,73
"D","Yorkshire and The Humber",,,"00CE","Doncaster","E02001560","Doncaster 022",,,8460,4993,1849,3120,24,1503,1129,374,1709,1593,12,91,13,255
"D","Yorkshire and The Humber",,,"00CE","Doncaster","E02001561","Doncaster 023",,,5637,3436,991,2418,27,1506,1330,176,515,473,3,39,0,180
"D","Yorkshire and The Humber",,,"00CE","Doncaster","E02001562","Doncaster 024",,,5733,3682,1215,2463,4,1727,1634,93,118,89,0,26,3,206
"D","Yorkshire and The Humber",,,"00CE","Doncaster","E02001563","Doncaster 025",,,7222,6206,2624,3560,22,673,547,126,239,204,3,29,3,104
"D","Yorkshire and The Humber",,,"00CE","Doncaster","E02001564","Doncaster 026",,,7439,6967,2326,4638,3,158,146,12,246,211,5,18,12,68
"D","Yorkshire and The Humber",,,"00CE","Doncaster","E02001565","Doncaster 027",,,6060,5715,1936,3749,30,118,100,18,184,164,0,20,0,43
"D","Yorkshire and The Humber",,,"00CE","Doncaster","E02001566","Doncaster 028",,,5498,3436,915,2517,4,1322,1161,161,596,547,6,33,10,144
"D","Yorkshire and The Humber",,,"00CE","Doncaster","E02001567","Doncaster 029",,,8663,5491,1812,3656,23,2551,2275,276,368,321,6,34,7,253
"D","Yorkshire and The Humber",,,"00CE","Doncaster","E02001568","Doncaster 030",,,5791,3481,1240,2225,16,1873,1841,32,235,200,5,27,3,202
"D","Yorkshire and The Humber",,,"00CE","Doncaster","E02001569","Doncaster 031",,,8666,5620,1889,3722,9,2273,2019,254,583,525,6,45,7,190
"D","Yorkshire and The Humber",,,"00CE","Doncaster","E02001570","Doncaster 032",,,6160,2823,1078,1734,11,2752,2628,124,262,219,3,33,7,323
"D","Yorkshire and The Humber",,,"00CE","Doncaster","E02001571","Doncaster 033",,,5854,5056,2007,3040,9,397,388,9,317,273,11,30,3,84
"D","Yorkshire and The Humber",,,"00CE","Doncaster","E02001572","Doncaster 034",,,7641,4622,1479,3127,16,2303,2208,95,490,424,8,52,6,226
"D","Yorkshire and The Humber",,,"00CE","Doncaster","E02001573","Doncaster 035",,,7893,5257,1732,3507,18,2108,2084,24,332,290,4,35,3,196
"D","Yorkshire and The Humber",,,"00CE","Doncaster","E02001574","Doncaster 036",,,5863,5284,1628,3627,29,315,297,18,184,142,13,20,9,80
"D","Yorkshire and The Humber",,,"00CE","Doncaster","E02001575","Doncaster 037",,,7301,4123,1242,2865,16,2542,2502,40,334,286,5,37,6,302
"D","Yorkshire and The Humber",,,"00CE","Doncaster","E02001576","Doncaster 038",,,5187,4075,1247,2780,48,731,360,371,317,277,0,27,13,64
"D","Yorkshire and The Humber",,,"00CE","Doncaster","E02001577","Doncaster 039",,,6602,5648,2393,3248,7,553,510,43,289,215,23,34,17,112
"D","Yorkshire and The Humber",,,"00CF","Rotherham","E02001578","Rotherham 001",,,7627,5030,1577,3442,11,2139,2097,42,269,234,0,32,3,189
"D","Yorkshire and The Humber",,,"00CF","Rotherham","E02001579","Rotherham 002",,,8944,5669,1978,3669,22,2670,2368,302,401,374,6,21,0,204
"D","Yorkshire and The Humber",,,"00CF","Rotherham","E02001580","Rotherham 003",,,8402,6067,2347,3706,14,1885,1768,117,270,231,5,22,12,180
"D","Yorkshire and The Humber",,,"00CF","Rotherham","E02001581","Rotherham 004",,,5904,3795,1109,2662,24,1842,1823,19,131,100,3,22,6,136
"D","Yorkshire and The Humber",,,"00CF","Rotherham","E02001582","Rotherham 005",,,7289,4510,1409,3088,13,2470,2446,24,129,105,4,11,9,180
"D","Yorkshire and The Humber",,,"00CF","Rotherham","E02001583","Rotherham 006",,,5488,3780,1271,2477,32,1272,1139,133,343,307,0,33,3,93
"D","Yorkshire and The Humber",,,"00CF","Rotherham","E02001584","Rotherham 007",,,6927,5574,1637,3929,8,770,606,164,484,434,6,28,16,99
"D","Yorkshire and The Humber",,,"00CF","Rotherham","E02001585","Rotherham 008",,,5807,3180,827,2317,36,2039,1785,254,434,382,13,17,22,154
"D","Yorkshire and The Humber",,,"00CF","Rotherham","E02001586","Rotherham 009",,,8336,4145,1220,2912,13,3739,3610,129,233,185,5,28,15,219
"D","Yorkshire and The Humber",,,"00CF","Rotherham","E02001587","Rotherham 010",,,6145,3092,987,2069,36,2689,2451,238,158,127,0,28,3,206
"D","Yorkshire and The Humber",,,"00CF","Rotherham","E02001588","Rotherham 011",,,7335,3299,1043,2226,30,3704,3690,14,108,92,4,12,0,224
"D","Yorkshire and The Humber",,,"00CF","Rotherham","E02001589","Rotherham 012",,,5733,4977,1695,3275,7,450,450,0,257,217,0,40,0,49
"D","Yorkshire and The Humber",,,"00CF","Rotherham","E02001590","Rotherham 013",,,7582,2262,587,1658,17,4710,4519,191,225,179,3,30,13,385
"D","Yorkshire and The Humber",,,"00CF","Rotherham","E02001591","Rotherham 014",,,7997,4052,1329,2686,37,3139,2550,589,575,500,20,48,7,231
"D","Yorkshire and The Humber",,,"00CF","Rotherham","E02001592","Rotherham 015",,,9335,7055,2193,4844,18,1915,1826,89,197,167,0,26,4,168
"D","Yorkshire and The Humber",,,"00CF","Rotherham","E02001593","Rotherham 016",,,6370,3585,1285,2280,20,1884,1042,842,710,604,13,86,7,191
"D","Yorkshire and The Humber",,,"00CF","Rotherham","E02001594","Rotherham 017",,,6062,3157,1307,1836,14,1904,1370,534,748,692,0,39,17,253
"D","Yorkshire and The Humber",,,"00CF","Rotherham","E02001595","Rotherham 018",,,9190,7810,1989,5802,19,1041,980,61,258,220,7,28,3,81
"D","Yorkshire and The Humber",,,"00CF","Rotherham","E02001596","Rotherham 019",,,8706,6480,1919,4541,20,1404,1239,165,729,698,3,25,3,93
"D","Yorkshire and The Humber",,,"00CF","Rotherham","E02001597","Rotherham 020",,,9379,5688,1893,3767,28,2574,1705,869,964,913,6,40,5,153
"D","Yorkshire and The Humber",,,"00CF","Rotherham","E02001598","Rotherham 021",,,9389,6756,2600,4144,12,1979,1826,153,456,436,0,16,4,198
"D","Yorkshire and The Humber",,,"00CF","Rotherham","E02001599","Rotherham 022",,,5893,5129,1767,3335,27,546,483,63,164,136,5,23,0,54
"D","Yorkshire and The Humber",,,"00CF","Rotherham","E02001600","Rotherham 023",,,9621,8089,3128,4931,30,980,805,175,404,303,31,60,10,148
"D","Yorkshire and The Humber",,,"00CF","Rotherham","E02001601","Rotherham 024",,,5068,3816,1395,2409,12,1003,895,108,139,116,6,17,0,110
"D","Yorkshire and The Humber",,,"00CF","Rotherham","E02001602","Rotherham 025",,,9025,7073,2389,4656,28,1308,1204,104,529,469,8,37,15,115
"D","Yorkshire and The Humber",,,"00CF","Rotherham","E02001603","Rotherham 026",,,6250,4460,1491,2956,13,1254,1228,26,412,362,0,46,4,124
"D","Yorkshire and The Humber",,,"00CF","Rotherham","E02001604","Rotherham 027",,,7163,5258,1392,3841,25,1388,1350,38,421,385,3,25,8,96
"D","Yorkshire and The Humber",,,"00CF","Rotherham","E02001605","Rotherham 028",,,5964,4804,1511,3276,17,741,663,78,326,284,10,16,16,93
"D","Yorkshire and The Humber",,,"00CF","Rotherham","E02001606","Rotherham 029",,,8131,6173,1871,4278,24,1225,1142,83,628,570,8,50,0,105
"D","Yorkshire and The Humber",,,"00CF","Rotherham","E02001607","Rotherham 030",,,8885,6335,2020,4290,25,2113,1893,220,315,268,11,31,5,122
"D","Yorkshire and The Humber",,,"00CF","Rotherham","E02001608","Rotherham 031",,,5918,4933,1517,3409,7,684,661,23,236,194,0,30,12,65
"D","Yorkshire and The Humber",,,"00CF","Rotherham","E02001609","Rotherham 032",,,8571,7124,2476,4641,7,1101,1088,13,224,181,0,32,11,122
"D","Yorkshire and The Humber",,,"00CF","Rotherham","E02001610","Rotherham 033",,,7576,6061,2164,3884,13,929,861,68,478,433,3,31,11,108
"D","Yorkshire and The Humber",,,"00CG","Sheffield","E02001611","Sheffield 001",,,7624,5830,2074,3732,24,1415,1355,60,332,290,4,29,9,47
"D","Yorkshire and The Humber",,,"00CG","Sheffield","E02001612","Sheffield 002",,,5901,4954,1482,3463,9,704,701,3,199,169,3,17,10,44
"D","Yorkshire and The Humber",,,"00CG","Sheffield","E02001613","Sheffield 003",,,10977,8026,2023,5981,22,2596,2495,101,296,239,10,30,17,59
"D","Yorkshire and The Humber",,,"00CG","Sheffield","E02001614","Sheffield 004",,,10417,9000,2664,6308,28,1074,1022,52,268,218,7,35,8,75
"D","Yorkshire and The Humber",,,"00CG","Sheffield","E02001615","Sheffield 005",,,7203,6502,2600,3892,10,369,346,23,265,202,14,34,15,67
"D","Yorkshire and The Humber",,,"00CG","Sheffield","E02001616","Sheffield 006",,,6981,4388,1448,2918,22,2408,2369,39,153,137,0,10,6,32
"D","Yorkshire and The Humber",,,"00CG","Sheffield","E02001617","Sheffield 007",,,5742,1869,496,1356,17,3724,3676,48,123,103,8,9,3,26
"D","Yorkshire and The Humber",,,"00CG","Sheffield","E02001618","Sheffield 008",,,7243,5768,1933,3815,20,1063,888,175,334,264,11,28,31,78
"D","Yorkshire and The Humber",,,"00CG","Sheffield","E02001619","Sheffield 009",,,9925,3987,1243,2691,53,5659,5611,48,214,180,9,20,5,65
"D","Yorkshire and The Humber",,,"00CG","Sheffield","E02001620","Sheffield 010",,,6062,2223,613,1560,50,3618,3509,109,182,150,6,23,3,39
"D","Yorkshire and The Humber",,,"00CG","Sheffield","E02001621","Sheffield 011",,,5757,2494,856,1613,25,3050,2893,157,166,150,0,13,3,47
"D","Yorkshire and The Humber",,,"00CG","Sheffield","E02001622","Sheffield 012",,,8932,4175,1315,2806,54,4339,4103,236,359,301,16,34,8,59
"D","Yorkshire and The Humber",,,"00CG","Sheffield","E02001623","Sheffield 013",,,7311,2649,778,1825,46,4358,3814,544,234,217,0,13,4,70
"D","Yorkshire and The Humber",,,"00CG","Sheffield","E02001624","Sheffield 014",,,8931,6872,2029,4801,42,1417,799,618,576,510,15,35,16,66
"D","Yorkshire and The Humber",,,"00CG","Sheffield","E02001625","Sheffield 015",,,7642,2973,813,2133,27,4356,4122,234,266,216,21,26,3,47
"D","Yorkshire and The Humber",,,"00CG","Sheffield","E02001626","Sheffield 016",,,5933,4612,1476,3126,10,964,142,822,297,281,0,10,6,60
"D","Yorkshire and The Humber",,,"00CG","Sheffield","E02001627","Sheffield 017",,,6000,4126,1163,2922,41,1095,1006,89,711,656,0,46,9,68
"D","Yorkshire and The Humber",,,"00CG","Sheffield","E02001628","Sheffield 018",,,5707,3274,1453,1778,43,1621,1211,410,676,608,7,41,20,136
"D","Yorkshire and The Humber",,,"00CG","Sheffield","E02001629","Sheffield 019",,,5834,2525,945,1558,22,2922,2779,143,337,311,0,17,9,50
"D","Yorkshire and The Humber",,,"00CG","Sheffield","E02001630","Sheffield 020",,,7402,5027,2296,2695,36,1387,823,564,863,760,6,53,44,125
"D","Yorkshire and The Humber",,,"00CG","Sheffield","E02001631","Sheffield 021",,,7705,5889,1777,4093,19,1464,1419,45,319,278,7,30,4,33
"D","Yorkshire and The Humber",,,"00CG","Sheffield","E02001632","Sheffield 022",,,8804,3931,1794,2055,82,3433,2602,831,1226,1091,9,82,44,214
"D","Yorkshire and The Humber",,,"00CG","Sheffield","E02001633","Sheffield 023",,,7527,6376,2246,4119,11,820,798,22,267,219,6,36,6,64
"D","Yorkshire and The Humber",,,"00CG","Sheffield","E02001634","Sheffield 024",,,9256,6570,2125,4377,68,1109,806,303,1508,1363,13,84,48,69
"D","Yorkshire and The Humber",,,"00CG","Sheffield","E02001635","Sheffield 025",,,6136,4258,1614,2633,11,1725,1709,16,131,103,5,20,3,22
"D","Yorkshire and The Humber",,,"00CG","Sheffield","E02001636","Sheffield 026",,,7501,2776,894,1818,64,3771,3181,590,834,754,9,51,20,120
"D","Yorkshire and The Humber",,,"00CG","Sheffield","E02001637","Sheffield 027",,,6154,2684,1294,1350,40,2399,1615,784,848,783,3,43,19,223
"D","Yorkshire and The Humber",,,"00CG","Sheffield","E02001638","Sheffield 028",,,5874,2652,854,1743,55,336,257,79,2852,2682,13,126,31,34
"D","Yorkshire and The Humber",,,"00CG","Sheffield","E02001639","Sheffield 029",,,5910,3867,1417,2397,53,420,374,46,1566,1435,4,92,35,57
"D","Yorkshire and The Humber",,,"00CG","Sheffield","E02001640","Sheffield 030",,,7170,2622,1066,1495,61,998,442,556,3457,3051,16,66,324,93
"D","Yorkshire and The Humber",,,"00CG","Sheffield","E02001641","Sheffield 031",,,5559,884,297,529,58,2022,750,1272,2528,2222,14,18,274,125
"D","Yorkshire and The Humber",,,"00CG","Sheffield","E02001642","Sheffield 032",,,8954,7305,2552,4700,53,1178,1083,95,386,326,10,45,5,85
"D","Yorkshire and The Humber",,,"00CG","Sheffield","E02001643","Sheffield 033",,,6173,5395,2006,3375,14,516,411,105,216,177,6,25,8,46
"D","Yorkshire and The Humber",,,"00CG","Sheffield","E02001644","Sheffield 034",,,6076,1771,469,1275,27,3974,3399,575,289,244,5,21,19,42
"D","Yorkshire and The Humber",,,"00CG","Sheffield","E02001645","Sheffield 035",,,6080,2392,936,1389,67,2584,2221,363,921,841,14,36,30,183
"D","Yorkshire and The Humber",,,"00CG","Sheffield","E02001646","Sheffield 036",,,6843,2868,1031,1794,43,701,304,397,3202,2764,23,33,382,72
"D","Yorkshire and The Humber",,,"00CG","Sheffield","E02001647","Sheffield 037",,,5931,4401,1503,2840,58,1351,1333,18,144,119,0,19,6,35
"D","Yorkshire and The Humber",,,"00CG","Sheffield","E02001648","Sheffield 038",,,5531,4195,1674,2516,5,368,116,252,895,627,44,42,182,73
"D","Yorkshire and The Humber",,,"00CG","Sheffield","E02001649","Sheffield 039",,,8986,2146,590,1408,148,6571,4501,2070,186,144,11,19,12,83
"D","Yorkshire and The Humber",,,"00CG","Sheffield","E02001650","Sheffield 040",,,5830,1913,730,1123,60,1946,1496,450,1842,1744,14,56,28,129
"D","Yorkshire and The Humber",,,"00CG","Sheffield","E02001651","Sheffield 041",,,7553,7032,2865,4152,15,158,158,0,288,253,3,14,18,75
"D","Yorkshire and The Humber",,,"00CG","Sheffield","E02001652","Sheffield 042",,,6790,3122,1209,1852,61,1083,739,344,2415,2289,10,95,21,170
"D","Yorkshire and The Humber",,,"00CG","Sheffield","E02001653","Sheffield 043",,,5632,1601,460,1089,52,3393,2943,450,595,301,5,14,275,43
"D","Yorkshire and The Humber",,,"00CG","Sheffield","E02001654","Sheffield 044",,,6299,4857,1441,3331,85,1275,1027,248,142,116,6,17,3,25
"D","Yorkshire and The Humber",,,"00CG","Sheffield","E02001655","Sheffield 045",,,7723,4272,1168,3054,50,3236,3212,24,182,147,10,17,8,33
"D","Yorkshire and The Humber",,,"00CG","Sheffield","E02001656","Sheffield 046",,,7578,5002,1864,3091,47,174,88,86,2341,2230,8,72,31,61
"D","Yorkshire and The Humber",,,"00CG","Sheffield","E02001657","Sheffield 047",,,9140,7637,2357,5240,40,174,119,55,1284,1217,0,52,15,45
"D","Yorkshire and The Humber",,,"00CG","Sheffield","E02001658","Sheffield 048",,,5733,1384,358,997,29,4006,3884,122,299,273,6,15,5,44
"D","Yorkshire and The Humber",,,"00CG","Sheffield","E02001659","Sheffield 049",,,6093,3028,817,2168,43,2730,2553,177,272,245,9,15,3,63
"D","Yorkshire and The Humber",,,"00CG","Sheffield","E02001660","Sheffield 050",,,9144,6670,2278,4292,100,453,122,331,1915,1807,10,71,27,106
"D","Yorkshire and The Humber",,,"00CG","Sheffield","E02001661","Sheffield 051",,,7362,3632,1142,2449,41,3114,2740,374,539,490,0,36,13,77
"D","Yorkshire and The Humber",,,"00CG","Sheffield","E02001662","Sheffield 052",,,7358,5322,1831,3468,23,1708,1629,79,276,241,9,21,5,52
"D","Yorkshire and The Humber",,,"00CG","Sheffield","E02001663","Sheffield 053",,,7149,5651,1570,4025,56,421,203,218,1022,937,9,62,14,55
"D","Yorkshire and The Humber",,,"00CG","Sheffield","E02001664","Sheffield 054",,,5889,4503,1718,2765,20,1252,1208,44,94,70,4,16,4,40
"D","Yorkshire and The Humber",,,"00CG","Sheffield","E02001665","Sheffield 055",,,9335,8755,3346,5402,7,204,144,60,308,266,0,27,15,68
"D","Yorkshire and The Humber",,,"00CG","Sheffield","E02001666","Sheffield 056",,,6095,3774,969,2751,54,2021,1783,238,277,248,3,23,3,23
"D","Yorkshire and The Humber",,,"00CG","Sheffield","E02001667","Sheffield 057",,,6215,5351,1429,3907,15,713,699,14,121,98,0,23,0,30
"D","Yorkshire and The Humber",,,"00CG","Sheffield","E02001668","Sheffield 058",,,6272,2497,696,1772,29,3571,3512,59,167,142,0,22,3,37
"D","Yorkshire and The Humber",,,"00CG","Sheffield","E02001669","Sheffield 059",,,7402,6002,1757,4217,28,528,450,78,825,759,3,53,10,47
"D","Yorkshire and The Humber",,,"00CG","Sheffield","E02001670","Sheffield 060",,,5953,2461,809,1627,25,3310,3162,148,132,112,3,13,4,50
"D","Yorkshire and The Humber",,,"00CG","Sheffield","E02001671","Sheffield 061",,,5941,4882,1200,3636,46,932,679,253,99,78,4,13,4,28
"D","Yorkshire and The Humber",,,"00CG","Sheffield","E02001672","Sheffield 062",,,5936,4705,1741,2946,18,1069,1010,59,132,108,8,6,10,30
"D","Yorkshire and The Humber",,,"00CG","Sheffield","E02001673","Sheffield 063",,,5722,5305,818,4453,34,203,133,70,199,182,0,10,7,15
"D","Yorkshire and The Humber",,,"00CG","Sheffield","E02001674","Sheffield 064",,,8803,7816,2830,4950,36,679,487,192,224,179,10,18,17,84
"D","Yorkshire and The Humber",,,"00CG","Sheffield","E02001675","Sheffield 065",,,9015,5962,1344,4565,53,2804,2467,337,193,153,0,35,5,56
"D","Yorkshire and The Humber",,,"00CG","Sheffield","E02001676","Sheffield 066",,,5890,5422,1833,3570,19,267,259,8,173,167,3,3,0,28
"D","Yorkshire and The Humber",,,"00CG","Sheffield","E02001677","Sheffield 067",,,7757,6881,1672,5171,38,625,601,24,203,168,0,26,9,48
"D","Yorkshire and The Humber",,,"00CG","Sheffield","E02001678","Sheffield 068",,,9360,8441,3615,4813,13,564,549,15,261,226,6,25,4,94
"D","Yorkshire and The Humber",,,"00CG","Sheffield","E02001679","Sheffield 069",,,6136,3238,1126,2063,49,2666,2606,60,185,165,5,12,3,47
"D","Yorkshire and The Humber",,,"00CG","Sheffield","E02001680","Sheffield 070",,,5962,2146,602,1507,37,3624,3572,52,151,124,10,13,4,41
"D","Yorkshire and The Humber",,,"00CG","Sheffield","E02001681","Sheffield 071",,,7455,6445,2468,3961,16,737,588,149,223,188,4,25,6,50
"D","Yorkshire and The Humber",,,"00CX","Bradford","E02002183","Bradford 001",,,5091,4383,1874,2499,10,284,255,29,357,316,0,26,15,67
"D","Yorkshire and The Humber",,,"00CX","Bradford","E02002184","Bradford 002",,,11845,10243,4424,5778,41,665,554,111,774,670,16,67,21,163
"D","Yorkshire and The Humber",,,"00CX","Bradford","E02002185","Bradford 003",,,5425,4734,1587,3093,54,377,328,49,244,205,5,25,9,70
"D","Yorkshire and The Humber",,,"00CX","Bradford","E02002186","Bradford 004",,,11955,10434,3685,6715,34,480,439,41,898,744,38,98,18,143
"D","Yorkshire and The Humber",,,"00CX","Bradford","E02002187","Bradford 005",,,5616,5190,2114,3065,11,155,114,41,223,196,0,21,6,48
"D","Yorkshire and The Humber",,,"00CX","Bradford","E02002188","Bradford 006",,,5812,5356,2172,3175,9,151,138,13,270,232,5,33,0,35
"D","Yorkshire and The Humber",,,"00CX","Bradford","E02002189","Bradford 007",,,5779,5067,1868,3168,31,243,200,43,396,333,9,41,13,73
"D","Yorkshire and The Humber",,,"00CX","Bradford","E02002190","Bradford 008",,,11287,8531,3604,4886,41,1114,596,518,1434,1257,10,121,46,208
"D","Yorkshire and The Humber",,,"00CX","Bradford","E02002191","Bradford 009",,,8697,5692,1705,3912,75,1804,1354,450,1028,916,8,91,13,173
"D","Yorkshire and The Humber",,,"00CX","Bradford","E02002192","Bradford 010",,,7970,7230,2597,4612,21,367,350,17,289,246,4,28,11,84
"D","Yorkshire and The Humber",,,"00CX","Bradford","E02002193","Bradford 011",,,5869,3580,1156,2376,48,1519,1343,176,589,499,4,62,24,181
"D","Yorkshire and The Humber",,,"00CX","Bradford","E02002194","Bradford 012",,,7204,5596,1778,3797,21,1166,1126,40,324,289,9,21,5,118
"D","Yorkshire and The Humber",,,"00CX","Bradford","E02002195","Bradford 013",,,6090,5494,1871,3603,20,296,244,52,214,175,0,32,7,86
"D","Yorkshire and The Humber",,,"00CX","Bradford","E02002196","Bradford 014",,,5959,4948,1430,3380,138,588,564,24,351,302,7,32,10,72
"D","Yorkshire and The Humber",,,"00CX","Bradford","E02002197","Bradford 015",,,7218,5611,1607,3966,38,908,786,122,575,493,7,69,6,124
"D","Yorkshire and The Humber",,,"00CX","Bradford","E02002198","Bradford 016",,,7883,6362,2026,4310,26,1028,982,46,341,279,3,40,19,152
"D","Yorkshire and The Humber",,,"00CX","Bradford","E02002199","Bradford 017",,,5761,5124,1591,3480,53,302,183,119,282,229,16,28,9,53
"D","Yorkshire and The Humber",,,"00CX","Bradford","E02002200","Bradford 018",,,8826,7167,2418,4670,79,919,820,99,610,558,4,45,3,130
"D","Yorkshire and The Humber",,,"00CX","Bradford","E02002201","Bradford 019",,,9995,7578,1836,5526,216,1754,1314,440,529,421,8,79,21,134
"D","Yorkshire and The Humber",,,"00CX","Bradford","E02002202","Bradford 020",,,5901,4298,1445,2825,28,981,926,55,475,431,6,25,13,147
"D","Yorkshire and The Humber",,,"00CX","Bradford","E02002203","Bradford 021",,,7387,4671,1384,3223,64,2067,1859,208,470,406,0,55,9,179
"D","Yorkshire and The Humber",,,"00CX","Bradford","E02002204","Bradford 022",,,10696,9290,2948,6305,37,800,661,139,486,411,6,64,5,120
"D","Yorkshire and The Humber",,,"00CX","Bradford","E02002205","Bradford 023",,,9353,7997,2768,5175,54,298,206,92,930,813,8,84,25,128
"D","Yorkshire and The Humber",,,"00CX","Bradford","E02002206","Bradford 024",,,7817,6332,1971,4316,45,982,812,170,398,354,0,39,5,105
"D","Yorkshire and The Humber",,,"00CX","Bradford","E02002207","Bradford 025",,,5980,4996,1760,3206,30,200,121,79,725,654,10,52,9,59
"D","Yorkshire and The Humber",,,"00CX","Bradford","E02002208","Bradford 026",,,7199,5160,1529,3549,82,1317,1028,289,598,515,3,71,9,124
"D","Yorkshire and The Humber",,,"00CX","Bradford","E02002209","Bradford 027",,,5868,2727,668,2050,9,2532,2249,283,462,421,0,33,8,147
"D","Yorkshire and The Humber",,,"00CX","Bradford","E02002210","Bradford 028",,,7404,6516,2112,4330,74,286,168,118,540,462,9,66,3,62
"D","Yorkshire and The Humber",,,"00CX","Bradford","E02002211","Bradford 029",,,5765,4842,1716,3090,36,201,108,93,630,546,7,61,16,92
"D","Yorkshire and The Humber",,,"00CX","Bradford","E02002212","Bradford 030",,,5790,4316,1285,2983,48,895,856,39,479,411,9,54,5,100
"D","Yorkshire and The Humber",,,"00CX","Bradford","E02002213","Bradford 031",,,5980,4836,1587,3220,29,586,420,166,473,384,11,62,16,85
"D","Yorkshire and The Humber",,,"00CX","Bradford","E02002214","Bradford 032",,,5474,4949,1540,3304,105,124,95,29,354,308,5,32,9,47
"D","Yorkshire and The Humber",,,"00CX","Bradford","E02002215","Bradford 033",,,9744,8079,2429,5599,51,422,210,212,1124,965,88,30,41,119
"D","Yorkshire and The Humber",,,"00CX","Bradford","E02002216","Bradford 034",,,8105,5533,2876,2597,60,1324,301,1023,1023,904,15,60,44,225
"D","Yorkshire and The Humber",,,"00CX","Bradford","E02002217","Bradford 035",,,7392,5616,1864,3714,38,600,324,276,1020,925,4,88,3,156
"D","Yorkshire and The Humber",,,"00CX","Bradford","E02002218","Bradford 036",,,8255,5863,1761,4053,49,1703,1347,356,551,499,3,32,17,138
"D","Yorkshire and The Humber",,,"00CX","Bradford","E02002219","Bradford 037",,,6328,4934,1601,3216,117,424,241,183,848,751,11,71,15,122
"D","Yorkshire and The Humber",,,"00CX","Bradford","E02002220","Bradford 038",,,8478,5828,1772,4024,32,1463,1327,136,988,867,20,80,21,199
"D","Yorkshire and The Humber",,,"00CX","Bradford","E02002221","Bradford 039",,,9425,5108,2439,2634,35,2793,1468,1325,1177,1081,6,61,29,347
"D","Yorkshire and The Humber",,,"00CX","Bradford","E02002222","Bradford 040",,,6842,4782,1605,3149,28,1434,954,480,514,457,3,42,12,112
"D","Yorkshire and The Humber",,,"00CX","Bradford","E02002223","Bradford 041",,,6616,4399,1766,2583,50,1000,382,618,1058,974,0,60,24,159
"D","Yorkshire and The Humber",,,"00CX","Bradford","E02002224","Bradford 042",,,8754,6448,2566,3845,37,742,222,520,1341,1195,13,111,22,223
"D","Yorkshire and The Humber",,,"00CX","Bradford","E02002225","Bradford 043",,,6976,5660,1773,3880,7,653,540,113,536,448,12,64,12,127
"D","Yorkshire and The Humber",,,"00CX","Bradford","E02002226","Bradford 044",,,11189,7828,3876,3924,28,291,80,211,2863,2688,12,117,46,207
"D","Yorkshire and The Humber",,,"00CX","Bradford","E02002227","Bradford 045",,,5966,3287,1205,2072,10,1627,939,688,881,806,11,47,17,171
"D","Yorkshire and The Humber",,,"00CX","Bradford","E02002228","Bradford 046",,,5590,3070,1096,1898,76,1809,592,1217,608,540,6,47,15,103
"D","Yorkshire and The Humber",,,"00CX","Bradford","E02002229","Bradford 047",,,6956,5636,1748,3848,40,751,565,186,482,416,0,56,10,87
"D","Yorkshire and The Humber",,,"00CX","Bradford","E02002230","Bradford 048",,,6910,3786,1870,1787,129,1519,683,836,1376,1291,0,58,27,229
"D","Yorkshire and The Humber",,,"00CX","Bradford","E02002231","Bradford 049",,,10050,8053,2583,5430,40,981,745,236,883,789,0,63,31,133
"D","Yorkshire and The Humber",,,"00CX","Bradford","E02002232","Bradford 050",,,5791,4248,1391,2815,42,631,171,460,822,721,13,80,8,90
"D","Yorkshire and The Humber",,,"00CX","Bradford","E02002233","Bradford 051",,,7674,4535,1539,2938,58,2192,1898,294,732,668,6,44,14,215
"D","Yorkshire and The Humber",,,"00CX","Bradford","E02002234","Bradford 052",,,7291,2254,540,1693,21,4338,3730,608,430,385,7,27,11,269
"D","Yorkshire and The Humber",,,"00CX","Bradford","E02002235","Bradford 053",,,5945,4270,1449,2736,85,960,576,384,604,550,6,45,3,111
"D","Yorkshire and The Humber",,,"00CX","Bradford","E02002236","Bradford 054",,,5836,5249,1728,3482,39,126,94,32,390,337,5,48,0,71
"D","Yorkshire and The Humber",,,"00CX","Bradford","E02002237","Bradford 055",,,7371,5436,1710,3700,26,1215,837,378,664,625,3,27,9,56
"D","Yorkshire and The Humber",,,"00CX","Bradford","E02002238","Bradford 056",,,5901,3948,1176,2729,43,1303,1078,225,551,470,7,71,3,99
"D","Yorkshire and The Humber",,,"00CX","Bradford","E02002239","Bradford 057",,,7710,5549,1548,3933,68,1426,961,465,615,504,16,79,16,120
"D","Yorkshire and The Humber",,,"00CX","Bradford","E02002240","Bradford 058",,,10076,8566,2064,6413,89,579,458,121,834,725,4,83,22,97
"D","Yorkshire and The Humber",,,"00CX","Bradford","E02002241","Bradford 059",,,11267,7299,1980,5274,45,3035,2619,416,745,642,5,91,7,188
"D","Yorkshire and The Humber",,,"00CX","Bradford","E02002242","Bradford 060",,,7555,6479,2147,4246,86,528,282,246,454,385,8,43,18,94
"D","Yorkshire and The Humber",,,"00CX","Bradford","E02002243","Bradford 061",,,9067,6752,2021,4701,30,1526,1395,131,620,519,15,70,16,169
"D","Yorkshire and The Humber",,,"00CY","Calderdale","E02002244","Calderdale 001",,,5872,4789,1523,3250,16,667,487,180,322,249,22,39,12,94
"D","Yorkshire and The Humber",,,"00CY","Calderdale","E02002245","Calderdale 002",,,5506,2223,675,1523,25,2612,1896,716,508,456,7,30,15,163
"D","Yorkshire and The Humber",,,"00CY","Calderdale","E02002246","Calderdale 003",,,9004,8131,2870,5242,19,376,193,183,410,335,0,66,9,87
"D","Yorkshire and The Humber",,,"00CY","Calderdale","E02002247","Calderdale 004",,,9011,7080,2568,4418,94,756,427,329,1052,933,12,74,33,123
"D","Yorkshire and The Humber",,,"00CY","Calderdale","E02002248","Calderdale 005",,,7366,4606,1399,3183,24,2125,1302,823,443,378,4,54,7,192
"D","Yorkshire and The Humber",,,"00CY","Calderdale","E02002249","Calderdale 006",,,5730,3145,867,2230,48,1958,1348,610,489,413,7,62,7,138
"D","Yorkshire and The Humber",,,"00CY","Calderdale","E02002250","Calderdale 007",,,7857,6204,2317,3881,6,936,488,448,589,491,6,79,13,128
"D","Yorkshire and The Humber",,,"00CY","Calderdale","E02002251","Calderdale 008",,,7147,4184,1362,2726,96,1940,980,960,811,715,9,50,37,212
"D","Yorkshire and The Humber",,,"00CY","Calderdale","E02002252","Calderdale 009",,,5805,4867,1843,3011,13,645,212,433,211,188,5,15,3,82
"D","Yorkshire and The Humber",,,"00CY","Calderdale","E02002253","Calderdale 010",,,6348,4740,1509,3222,9,845,422,423,624,533,15,59,17,139
"D","Yorkshire and The Humber",,,"00CY","Calderdale","E02002254","Calderdale 011",,,5697,5113,1719,3376,18,190,86,104,341,285,3,44,9,53
"D","Yorkshire and The Humber",,,"00CY","Calderdale","E02002255","Calderdale 012",,,7212,4460,2062,2366,32,1503,431,1072,1014,882,7,96,29,235
"D","Yorkshire and The Humber",,,"00CY","Calderdale","E02002256","Calderdale 013",,,8810,6376,2475,3854,47,1264,772,492,996,855,14,81,46,174
"D","Yorkshire and The Humber",,,"00CY","Calderdale","E02002257","Calderdale 014",,,5842,4532,1770,2746,16,317,93,224,891,783,4,87,17,102
"D","Yorkshire and The Humber",,,"00CY","Calderdale","E02002258","Calderdale 015",,,7639,6130,2074,4032,24,795,474,321,601,502,10,59,30,113
"D","Yorkshire and The Humber",,,"00CY","Calderdale","E02002259","Calderdale 016",,,6030,4983,1671,3293,19,337,75,262,620,502,32,66,20,90
"D","Yorkshire and The Humber",,,"00CY","Calderdale","E02002260","Calderdale 017",,,8426,6225,2023,4060,142,1352,637,715,728,577,17,104,30,121
"D","Yorkshire and The Humber",,,"00CY","Calderdale","E02002261","Calderdale 018",,,7547,5780,1891,3880,9,960,685,275,690,567,11,71,41,117
"D","Yorkshire and The Humber",,,"00CY","Calderdale","E02002262","Calderdale 019",,,7638,5826,2180,3643,3,930,584,346,746,633,14,75,24,136
"D","Yorkshire and The Humber",,,"00CY","Calderdale","E02002263","Calderdale 020",,,6209,4359,1461,2881,17,1313,861,452,409,349,7,38,15,128
"D","Yorkshire and The Humber",,,"00CY","Calderdale","E02002264","Calderdale 021",,,6225,5459,2078,3374,7,296,56,240,425,357,27,23,18,45
"D","Yorkshire and The Humber",,,"00CY","Calderdale","E02002265","Calderdale 022",,,5300,4172,1568,2577,27,527,223,304,517,439,4,67,7,84
"D","Yorkshire and The Humber",,,"00CY","Calderdale","E02002266","Calderdale 023",,,5902,5045,1606,3404,35,364,175,189,449,367,16,53,13,44
"D","Yorkshire and The Humber",,,"00CY","Calderdale","E02002267","Calderdale 024",,,7418,5598,1667,3908,23,1425,982,443,247,209,12,13,13,148
"D","Yorkshire and The Humber",,,"00CY","Calderdale","E02002268","Calderdale 025",,,9099,6490,2214,4238,38,1675,993,682,720,608,24,75,13,214
"D","Yorkshire and The Humber",,,"00CY","Calderdale","E02002269","Calderdale 026",,,8986,7325,2277,4924,124,898,447,451,630,517,13,87,13,133
"D","Yorkshire and The Humber",,,"00CY","Calderdale","E02002270","Calderdale 027",,,7253,6308,2145,4155,8,369,213,156,483,403,13,53,14,93
"D","Yorkshire and The Humber",,,"00CZ","Kirklees","E02002271","Kirklees 001",,,6509,5761,2052,3703,6,324,180,144,356,295,4,39,18,68
"D","Yorkshire and The Humber",,,"00CZ","Kirklees","E02002272","Kirklees 002",,,9302,6713,1847,4829,37,1917,1839,78,429,345,3,68,13,243
"D","Yorkshire and The Humber",,,"00CZ","Kirklees","E02002273","Kirklees 003",,,5735,4710,1527,3180,3,566,536,30,343,300,0,37,6,116
"D","Yorkshire and The Humber",,,"00CZ","Kirklees","E02002274","Kirklees 004",,,5888,4779,1509,3257,13,715,671,44,309,268,3,26,12,85
"D","Yorkshire and The Humber",,,"00CZ","Kirklees","E02002275","Kirklees 005",,,7588,5788,1934,3840,14,954,751,203,690,575,0,105,10,156
"D","Yorkshire and The Humber",,,"00CZ","Kirklees","E02002276","Kirklees 006",,,7165,5401,1676,3708,17,1164,956,208,437,399,0,33,5,163
"D","Yorkshire and The Humber",,,"00CZ","Kirklees","E02002277","Kirklees 007",,,6140,4660,1781,2867,12,870,380,490,489,459,0,27,3,121
"D","Yorkshire and The Humber",,,"00CZ","Kirklees","E02002278","Kirklees 008",,,5985,4051,1060,2979,12,1484,1323,161,313,254,6,40,13,137
"D","Yorkshire and The Humber",,,"00CZ","Kirklees","E02002279","Kirklees 009",,,5763,3641,1018,2611,12,1503,1260,243,431,385,8,28,10,188
"D","Yorkshire and The Humber",,,"00CZ","Kirklees","E02002280","Kirklees 010",,,5689,3020,1401,1592,27,2005,1574,431,427,368,3,36,20,237
"D","Yorkshire and The Humber",,,"00CZ","Kirklees","E02002281","Kirklees 011",,,10301,8218,2376,5768,74,1295,1054,241,572,505,6,50,11,216
"D","Yorkshire and The Humber",,,"00CZ","Kirklees","E02002282","Kirklees 012",,,6133,4540,1385,3138,17,970,923,47,447,376,14,46,11,176
"D","Yorkshire and The Humber",,,"00CZ","Kirklees","E02002283","Kirklees 013",,,7943,5649,3126,2435,88,1384,1075,309,727,630,15,63,19,183
"D","Yorkshire and The Humber",,,"00CZ","Kirklees","E02002284","Kirklees 014",,,5987,5072,1745,3319,8,518,494,24,286,250,5,28,3,111
"D","Yorkshire and The Humber",,,"00CZ","Kirklees","E02002285","Kirklees 015",,,7463,6614,2186,4413,15,339,241,98,415,349,13,41,12,95
"D","Yorkshire and The Humber",,,"00CZ","Kirklees","E02002286","Kirklees 016",,,5457,3534,919,2585,30,1356,1280,76,408,301,42,51,14,159
"D","Yorkshire and The Humber",,,"00CZ","Kirklees","E02002287","Kirklees 017",,,5504,3498,1545,1938,15,1126,783,343,674,567,17,74,16,206
"D","Yorkshire and The Humber",,,"00CZ","Kirklees","E02002288","Kirklees 018",,,8563,5301,1549,3645,107,2541,2359,182,452,400,3,40,9,269
"D","Yorkshire and The Humber",,,"00CZ","Kirklees","E02002289","Kirklees 019",,,5955,3444,1041,2384,19,1917,1574,343,358,329,8,18,3,236
"D","Yorkshire and The Humber",,,"00CZ","Kirklees","E02002290","Kirklees 020",,,6109,5423,2074,3332,17,360,349,11,248,218,6,17,7,78
"D","Yorkshire and The Humber",,,"00CZ","Kirklees","E02002291","Kirklees 021",,,6175,4895,1691,3193,11,872,834,38,292,249,8,9,26,116
"D","Yorkshire and The Humber",,,"00CZ","Kirklees","E02002292","Kirklees 022",,,5482,4576,1377,3181,18,532,517,15,307,254,8,35,10,67
"D","Yorkshire and The Humber",,,"00CZ","Kirklees","E02002293","Kirklees 023",,,6711,4098,1691,2383,24,1627,1112,515,723,643,4,66,10,263
"D","Yorkshire and The Humber",,,"00CZ","Kirklees","E02002294","Kirklees 024",,,9631,7014,3367,3539,108,1578,1345,233,761,657,11,62,31,278
"D","Yorkshire and The Humber",,,"00CZ","Kirklees","E02002295","Kirklees 025",,,5844,2414,902,1453,59,2730,2582,148,390,340,7,33,10,310
"D","Yorkshire and The Humber",,,"00CZ","Kirklees","E02002296","Kirklees 026",,,6083,4886,1742,3121,23,645,569,76,405,342,10,36,17,147
"D","Yorkshire and The Humber",,,"00CZ","Kirklees","E02002297","Kirklees 027",,,6167,5438,2018,3406,14,178,142,36,464,407,7,41,9,87
"D","Yorkshire and The Humber",,,"00CZ","Kirklees","E02002298","Kirklees 028",,,6796,4291,1514,2766,11,2030,1998,32,205,159,9,29,8,270
"D","Yorkshire and The Humber",,,"00CZ","Kirklees","E02002299","Kirklees 029",,,5702,2493,1006,1454,33,1945,1467,478,1018,944,10,53,11,246
"D","Yorkshire and The Humber",,,"00CZ","Kirklees","E02002300","Kirklees 030",,,5939,5311,2036,3250,25,284,231,53,272,230,8,20,14,72
"D","Yorkshire and The Humber",,,"00CZ","Kirklees","E02002301","Kirklees 031",,,6068,4236,1687,2513,36,415,252,163,1318,1216,0,70,32,99
"D","Yorkshire and The Humber",,,"00CZ","Kirklees","E02002302","Kirklees 032",,,5320,4584,1735,2831,18,328,319,9,309,242,9,51,7,99
"D","Yorkshire and The Humber",,,"00CZ","Kirklees","E02002303","Kirklees 033",,,5816,4501,1756,2730,15,597,519,78,631,544,25,50,12,87
"D","Yorkshire and The Humber",,,"00CZ","Kirklees","E02002304","Kirklees 034",,,5732,3800,1654,2135,11,549,113,436,1273,1205,0,57,11,110
"D","Yorkshire and The Humber",,,"00CZ","Kirklees","E02002305","Kirklees 035",,,5858,3325,1228,2073,24,1741,1551,190,572,486,0,71,15,220
"D","Yorkshire and The Humber",,,"00CZ","Kirklees","E02002306","Kirklees 036",,,6077,5465,1716,3736,13,212,180,32,330,290,14,18,8,70
"D","Yorkshire and The Humber",,,"00CZ","Kirklees","E02002307","Kirklees 037",,,5852,4546,1520,2982,44,896,713,183,291,255,0,36,0,119
"D","Yorkshire and The Humber",,,"00CZ","Kirklees","E02002308","Kirklees 038",,,5783,4576,1551,2992,33,614,585,29,495,440,10,18,27,98
"D","Yorkshire and The Humber",,,"00CZ","Kirklees","E02002309","Kirklees 039",,,5747,3856,1560,2269,27,924,673,251,838,761,9,49,19,129
"D","Yorkshire and The Humber",,,"00CZ","Kirklees","E02002310","Kirklees 040",,,5517,3710,1240,2436,34,1148,1034,114,517,474,0,38,5,142
"D","Yorkshire and The Humber",,,"00CZ","Kirklees","E02002311","Kirklees 041",,,6047,4483,1358,3112,13,1080,1016,64,372,330,3,39,0,112
"D","Yorkshire and The Humber",,,"00CZ","Kirklees","E02002312","Kirklees 042",,,5674,2920,1039,1855,26,1577,1289,288,1008,940,3,52,13,169
"D","Yorkshire and The Humber",,,"00CZ","Kirklees","E02002313","Kirklees 043",,,6326,4507,2049,2424,34,448,348,100,1258,1138,8,89,23,113
"D","Yorkshire and The Humber",,,"00CZ","Kirklees","E02002314","Kirklees 044",,,5803,4360,1849,2494,17,1006,937,69,315,279,4,21,11,122
"D","Yorkshire and The Humber",,,"00CZ","Kirklees","E02002315","Kirklees 045",,,6240,4631,1335,3257,39,800,537,263,703,629,5,62,7,106
"D","Yorkshire and The Humber",,,"00CZ","Kirklees","E02002316","Kirklees 046",,,6004,4896,1876,3000,20,752,716,36,242,214,3,22,3,114
"D","Yorkshire and The Humber",,,"00CZ","Kirklees","E02002317","Kirklees 047",,,6285,4322,1703,2600,19,1238,955,283,577,493,4,73,7,148
"D","Yorkshire and The Humber",,,"00CZ","Kirklees","E02002318","Kirklees 048",,,6045,3968,1507,2406,55,1563,1299,264,356,314,3,34,5,158
"D","Yorkshire and The Humber",,,"00CZ","Kirklees","E02002319","Kirklees 049",,,6046,4898,1701,3191,6,424,364,60,601,532,11,49,9,123
"D","Yorkshire and The Humber",,,"00CZ","Kirklees","E02002320","Kirklees 050",,,5982,4977,2032,2942,3,569,533,36,331,289,0,29,13,105
"D","Yorkshire and The Humber",,,"00CZ","Kirklees","E02002321","Kirklees 051",,,5465,4684,1626,3030,28,334,321,13,349,297,10,38,4,98
"D","Yorkshire and The Humber",,,"00CZ","Kirklees","E02002322","Kirklees 052",,,5983,4657,1750,2896,11,602,572,30,583,504,18,46,15,141
"D","Yorkshire and The Humber",,,"00CZ","Kirklees","E02002323","Kirklees 053",,,7882,6655,2490,4161,4,745,707,38,377,312,4,53,8,105
"D","Yorkshire and The Humber",,,"00CZ","Kirklees","E02002324","Kirklees 054",,,5997,5010,1824,3182,4,547,464,83,330,298,0,27,5,110
"D","Yorkshire and The Humber",,,"00CZ","Kirklees","E02002325","Kirklees 055",,,7892,6361,2195,4155,11,1003,906,97,421,357,8,42,14,107
"D","Yorkshire and The Humber",,,"00CZ","Kirklees","E02002326","Kirklees 056",,,5906,5298,1675,3585,38,238,167,71,300,245,12,25,18,70
"D","Yorkshire and The Humber",,,"00CZ","Kirklees","E02002327","Kirklees 057",,,8801,7577,2706,4864,7,478,468,10,599,487,38,51,23,147
"D","Yorkshire and The Humber",,,"00CZ","Kirklees","E02002328","Kirklees 058",,,6327,5353,1883,3461,9,449,409,40,415,369,11,24,11,110
"D","Yorkshire and The Humber",,,"00CZ","Kirklees","E02002329","Kirklees 059",,,10871,9145,3257,5872,16,879,810,69,663,536,30,81,16,184
"D","Yorkshire and The Humber",,,"00DA","Leeds","E02002330","Leeds 001",,,7070,6567,2361,4200,6,298,284,14,166,154,3,9,0,39
"D","Yorkshire and The Humber",,,"00DA","Leeds","E02002331","Leeds 002",,,5117,3678,1283,2376,19,1041,905,136,279,238,13,18,10,119
"D","Yorkshire and The Humber",,,"00DA","Leeds","E02002332","Leeds 003",,,6099,4537,1503,3020,14,1264,1188,76,192,143,18,28,3,106
"D","Yorkshire and The Humber",,,"00DA","Leeds","E02002333","Leeds 004",,,7924,6470,2193,4250,27,786,630,156,537,463,14,46,14,131
"D","Yorkshire and The Humber",,,"00DA","Leeds","E02002334","Leeds 005",,,7069,5750,2133,3605,12,756,712,44,408,344,25,18,21,155
"D","Yorkshire and The Humber",,,"00DA","Leeds","E02002335","Leeds 006",,,7498,6543,2575,3965,3,413,394,19,373,323,17,22,11,169
"D","Yorkshire and The Humber",,,"00DA","Leeds","E02002336","Leeds 007",,,6203,5501,2265,3226,10,327,309,18,301,240,17,39,5,74
"D","Yorkshire and The Humber",,,"00DA","Leeds","E02002337","Leeds 008",,,5830,5404,1902,3495,7,236,189,47,145,115,10,15,5,45
"D","Yorkshire and The Humber",,,"00DA","Leeds","E02002338","Leeds 009",,,6100,5016,1531,3478,7,716,636,80,299,258,4,34,3,69
"D","Yorkshire and The Humber",,,"00DA","Leeds","E02002339","Leeds 010",,,5909,3784,1053,2701,30,1713,1471,242,305,264,0,32,9,107
"D","Yorkshire and The Humber",,,"00DA","Leeds","E02002340","Leeds 011",,,5682,4470,1566,2877,27,848,791,57,285,266,0,19,0,79
"D","Yorkshire and The Humber",,,"00DA","Leeds","E02002341","Leeds 012",,,7456,6988,2751,4232,5,55,38,17,336,319,3,10,4,77
"D","Yorkshire and The Humber",,,"00DA","Leeds","E02002342","Leeds 013",,,6131,5118,1777,3334,7,826,746,80,117,93,4,17,3,70
"D","Yorkshire and The Humber",,,"00DA","Leeds","E02002343","Leeds 014",,,5813,5039,1415,3611,13,416,372,44,285,251,6,17,11,73
"D","Yorkshire and The Humber",,,"00DA","Leeds","E02002344","Leeds 015",,,7524,6509,2370,4116,23,340,221,119,593,541,10,42,0,82
"D","Yorkshire and The Humber",,,"00DA","Leeds","E02002345","Leeds 016",,,6051,5351,1941,3405,5,330,226,104,307,252,22,17,16,63
"D","Yorkshire and The Humber",,,"00DA","Leeds","E02002346","Leeds 017",,,6094,3790,1277,2496,17,1949,1727,222,238,200,0,26,12,117
"D","Yorkshire and The Humber",,,"00DA","Leeds","E02002347","Leeds 018",,,5822,3023,986,2011,26,2366,2233,133,251,210,5,25,11,182
"D","Yorkshire and The Humber",,,"00DA","Leeds","E02002348","Leeds 019",,,6065,4059,1420,2628,11,1547,1426,121,326,272,13,25,16,133
"D","Yorkshire and The Humber",,,"00DA","Leeds","E02002349","Leeds 020",,,5522,4297,1555,2720,22,481,219,262,667,652,0,11,4,77
"D","Yorkshire and The Humber",,,"00DA","Leeds","E02002350","Leeds 021",,,5803,5316,2189,3127,0,143,92,51,290,271,3,10,6,54
"D","Yorkshire and The Humber",,,"00DA","Leeds","E02002351","Leeds 022",,,5471,5000,1976,3024,0,212,187,25,205,178,11,7,9,54
"D","Yorkshire and The Humber",,,"00DA","Leeds","E02002352","Leeds 023",,,7468,6412,2217,4166,29,255,139,116,723,664,0,52,7,78
"D","Yorkshire and The Humber",,,"00DA","Leeds","E02002353","Leeds 024",,,5934,4981,1430,3540,11,489,336,153,416,378,3,28,7,48
"D","Yorkshire and The Humber",,,"00DA","Leeds","E02002354","Leeds 025",,,7754,6154,2064,4060,30,1071,743,328,387,342,0,34,11,142
"D","Yorkshire and The Humber",,,"00DA","Leeds","E02002355","Leeds 026",,,4798,3239,1246,1987,6,354,181,173,1137,516,19,17,585,68
"D","Yorkshire and The Humber",,,"00DA","Leeds","E02002356","Leeds 027",,,7408,6402,2167,4210,25,424,390,34,454,412,15,16,11,128
"D","Yorkshire and The Humber",,,"00DA","Leeds","E02002357","Leeds 028",,,7616,5290,1618,3642,30,1686,1599,87,512,454,5,48,5,128
"D","Yorkshire and The Humber",,,"00DA","Leeds","E02002358","Leeds 029",,,7843,5582,1379,4168,35,1918,1657,261,207,173,0,29,5,136
"D","Yorkshire and The Humber",,,"00DA","Leeds","E02002359","Leeds 030",,,6209,5226,1921,3297,8,603,557,46,286,250,6,23,7,94
"D","Yorkshire and The Humber",,,"00DA","Leeds","E02002360","Leeds 031",,,6056,4175,1211,2940,24,1357,422,935,424,367,3,46,8,100
"D","Yorkshire and The Humber",,,"00DA","Leeds","E02002361","Leeds 032",,,5675,4217,1245,2944,28,925,872,53,445,413,3,23,6,88
"D","Yorkshire and The Humber",,,"00DA","Leeds","E02002362","Leeds 033",,,7501,3721,1139,2563,19,3285,3198,87,325,305,0,14,6,170
"D","Yorkshire and The Humber",,,"00DA","Leeds","E02002363","Leeds 034",,,6166,4792,1462,3306,24,465,271,194,859,789,3,56,11,50
"D","Yorkshire and The Humber",,,"00DA","Leeds","E02002364","Leeds 035",,,5780,2067,526,1508,33,3428,3331,97,108,91,0,17,0,177
"D","Yorkshire and The Humber",,,"00DA","Leeds","E02002365","Leeds 036",,,5917,3796,1340,2445,11,313,181,132,1718,1473,17,75,153,90
"D","Yorkshire and The Humber",,,"00DA","Leeds","E02002366","Leeds 037",,,7198,5801,2127,3657,17,672,229,443,643,581,17,41,4,82
"D","Yorkshire and The Humber",,,"00DA","Leeds","E02002367","Leeds 038",,,5712,2008,558,1418,32,3207,2914,293,359,313,4,32,10,138
"D","Yorkshire and The Humber",,,"00DA","Leeds","E02002368","Leeds 039",,,7301,6373,2206,4156,11,519,499,20,335,304,0,26,5,74
"D","Yorkshire and The Humber",,,"00DA","Leeds","E02002369","Leeds 040",,,7593,3064,846,2187,31,4023,3754,269,286,262,0,16,8,220
"D","Yorkshire and The Humber",,,"00DA","Leeds","E02002370","Leeds 041",,,6450,2570,639,1884,47,3574,3471,103,127,106,0,17,4,179
"D","Yorkshire and The Humber",,,"00DA","Leeds","E02002371","Leeds 042",,,7368,4230,1810,2393,27,2219,1401,818,780,707,6,48,19,139
"D","Yorkshire and The Humber",,,"00DA","Leeds","E02002372","Leeds 043",,,5620,1257,505,730,22,706,121,585,3584,2519,13,75,977,73
"D","Yorkshire and The Humber",,,"00DA","Leeds","E02002373","Leeds 044",,,7731,1886,692,1161,33,482,282,200,5303,5186,4,72,41,60
"D","Yorkshire and The Humber",,,"00DA","Leeds","E02002374","Leeds 045",,,6077,3449,1191,2225,33,1533,1347,186,979,902,0,67,10,116
"D","Yorkshire and The Humber",,,"00DA","Leeds","E02002375","Leeds 046",,,5397,2361,688,1647,26,2747,2591,156,113,92,0,11,10,176
"D","Yorkshire and The Humber",,,"00DA","Leeds","E02002376","Leeds 047",,,5882,2325,682,1627,16,3060,2686,374,358,316,0,29,13,139
"D","Yorkshire and The Humber",,,"00DA","Leeds","E02002377","Leeds 048",,,6100,3105,1328,1741,36,1534,743,791,1256,1154,3,58,41,205
"D","Yorkshire and The Humber",,,"00DA","Leeds","E02002378","Leeds 049",,,6208,1138,485,635,18,816,364,452,4199,3800,7,155,237,55
"D","Yorkshire and The Humber",,,"00DA","Leeds","E02002379","Leeds 050",,,5772,1763,403,1339,21,3691,3439,252,136,107,0,26,3,182
"D","Yorkshire and The Humber",,,"00DA","Leeds","E02002380","Leeds 051",,,5696,4307,1291,3004,12,1109,1063,46,182,161,3,10,8,98
"D","Yorkshire and The Humber",,,"00DA","Leeds","E02002381","Leeds 052",,,5888,4034,1060,2959,15,1464,1199,265,274,242,0,29,3,116
"D","Yorkshire and The Humber",,,"00DA","Leeds","E02002382","Leeds 053",,,5925,3121,1146,1948,27,1252,981,271,1409,1332,0,66,11,143
"D","Yorkshire and The Humber",,,"00DA","Leeds","E02002383","Leeds 054",,,7599,1523,622,873,28,930,465,465,5072,4961,11,83,17,74
"D","Yorkshire and The Humber",,,"00DA","Leeds","E02002384","Leeds 055",,,7752,1222,450,733,39,4387,3120,1267,1886,1273,12,41,560,257
"D","Yorkshire and The Humber",,,"00DA","Leeds","E02002385","Leeds 056",,,7810,2948,918,1956,74,1549,1195,354,3178,3056,3,106,13,135
"D","Yorkshire and The Humber",,,"00DA","Leeds","E02002386","Leeds 057",,,8875,8042,3068,4942,32,404,365,39,351,315,0,28,8,78
"D","Yorkshire and The Humber",,,"00DA","Leeds","E02002387","Leeds 058",,,5620,3007,704,2252,51,2095,1994,101,323,285,0,30,8,195
"D","Yorkshire and The Humber",,,"00DA","Leeds","E02002388","Leeds 059",,,7355,4422,1102,3223,97,2375,1897,478,425,380,6,31,8,133
"D","Yorkshire and The Humber",,,"00DA","Leeds","E02002389","Leeds 060",,,6205,1808,595,1133,80,3942,3449,493,246,197,5,30,14,209
"D","Yorkshire and The Humber",,,"00DA","Leeds","E02002390","Leeds 061",,,6019,3731,1065,2625,41,2018,1146,872,193,175,0,15,3,77
"D","Yorkshire and The Humber",,,"00DA","Leeds","E02002391","Leeds 062",,,7746,6026,1598,4394,34,1283,1243,40,317,257,15,38,7,120
"D","Yorkshire and The Humber",,,"00DA","Leeds","E02002392","Leeds 063",,,5232,719,284,429,6,1607,1061,546,2806,2156,20,38,592,100
"D","Yorkshire and The Humber",,,"00DA","Leeds","E02002393","Leeds 064",,,5925,1064,430,618,16,3739,3021,718,864,767,52,27,18,258
"D","Yorkshire and The Humber",,,"00DA","Leeds","E02002394","Leeds 065",,,6311,2740,702,2019,19,2532,2341,191,922,841,0,65,16,117
"D","Yorkshire and The Humber",,,"00DA","Leeds","E02002395","Leeds 066",,,6202,5576,2020,3552,4,332,283,49,242,208,8,19,7,52
"D","Yorkshire and The Humber",,,"00DA","Leeds","E02002396","Leeds 067",,,8343,6137,1682,4428,27,1323,849,474,770,697,6,59,8,113
"D","Yorkshire and The Humber",,,"00DA","Leeds","E02002397","Leeds 068",,,7239,4685,1440,3217,28,2158,1972,186,260,232,3,20,5,136
"D","Yorkshire and The Humber",,,"00DA","Leeds","E02002398","Leeds 069",,,7595,6826,2493,4293,40,443,386,57,258,232,0,26,0,68
"D","Yorkshire and The Humber",,,"00DA","Leeds","E02002399","Leeds 070",,,5896,3448,1084,2343,21,1955,1891,64,388,318,9,44,17,105
"D","Yorkshire and The Humber",,,"00DA","Leeds","E02002400","Leeds 071",,,7268,3000,841,2109,50,3046,2606,440,994,914,3,68,9,228
"D","Yorkshire and The Humber",,,"00DA","Leeds","E02002401","Leeds 072",,,5713,1539,504,1024,11,3808,2950,858,224,182,4,24,14,142
"D","Yorkshire and The Humber",,,"00DA","Leeds","E02002402","Leeds 073",,,6089,5752,1450,4291,11,123,118,5,170,150,0,16,4,44
"D","Yorkshire and The Humber",,,"00DA","Leeds","E02002403","Leeds 074",,,5964,4922,1707,3191,24,654,603,51,296,251,12,30,3,92
"D","Yorkshire and The Humber",,,"00DA","Leeds","E02002404","Leeds 075",,,6079,2366,619,1688,59,2804,2084,720,735,695,3,37,0,174
"D","Yorkshire and The Humber",,,"00DA","Leeds","E02002405","Leeds 076",,,7640,6073,2094,3969,10,959,891,68,482,407,3,36,36,126
"D","Yorkshire and The Humber",,,"00DA","Leeds","E02002406","Leeds 077",,,7604,7201,2077,5113,11,233,196,37,147,128,0,11,8,23
"D","Yorkshire and The Humber",,,"00DA","Leeds","E02002407","Leeds 078",,,6149,2458,548,1898,12,3210,3182,28,273,250,0,23,0,208
"D","Yorkshire and The Humber",,,"00DA","Leeds","E02002408","Leeds 079",,,7043,5000,1343,3526,131,1538,1476,62,354,313,0,21,20,151
"D","Yorkshire and The Humber",,,"00DA","Leeds","E02002409","Leeds 080",,,6116,3886,1232,2581,73,1991,1885,106,107,99,0,8,0,132
"D","Yorkshire and The Humber",,,"00DA","Leeds","E02002410","Leeds 081",,,5955,4564,1472,3052,40,1022,773,249,273,240,0,25,8,96
"D","Yorkshire and The Humber",,,"00DA","Leeds","E02002411","Leeds 082",,,6024,2460,682,1743,35,2345,1868,477,1002,930,7,47,18,217
"D","Yorkshire and The Humber",,,"00DA","Leeds","E02002412","Leeds 083",,,6161,4970,1458,3487,25,899,743,156,221,199,0,19,3,71
"D","Yorkshire and The Humber",,,"00DA","Leeds","E02002413","Leeds 084",,,5735,2156,479,1653,24,2232,1683,549,1123,724,32,24,343,224
"D","Yorkshire and The Humber",,,"00DA","Leeds","E02002414","Leeds 085",,,5301,1945,535,1340,70,2640,2277,363,507,469,0,21,17,209
"D","Yorkshire and The Humber",,,"00DA","Leeds","E02002415","Leeds 086",,,6036,2686,845,1811,30,1691,701,990,1487,1364,4,53,66,172
"D","Yorkshire and The Humber",,,"00DA","Leeds","E02002416","Leeds 087",,,6313,4667,1852,2800,15,1375,1362,13,152,135,4,13,0,119
"D","Yorkshire and The Humber",,,"00DA","Leeds","E02002417","Leeds 088",,,5798,4489,1404,3077,8,936,903,33,302,275,0,22,5,71
"D","Yorkshire and The Humber",,,"00DA","Leeds","E02002418","Leeds 089",,,7279,5939,1571,4342,26,1129,998,131,147,101,3,37,6,64
"D","Yorkshire and The Humber",,,"00DA","Leeds","E02002419","Leeds 090",,,7450,3736,1096,2613,27,3151,2970,181,391,338,0,27,26,172
"D","Yorkshire and The Humber",,,"00DA","Leeds","E02002420","Leeds 091",,,7460,6189,1997,4135,57,637,564,73,566,482,5,70,9,68
"D","Yorkshire and The Humber",,,"00DA","Leeds","E02002421","Leeds 092",,,6014,1719,561,1095,63,3916,3026,890,184,152,8,18,6,195
"D","Yorkshire and The Humber",,,"00DA","Leeds","E02002422","Leeds 093",,,5703,5038,1468,3560,10,376,328,48,229,180,3,36,10,60
"D","Yorkshire and The Humber",,,"00DA","Leeds","E02002423","Leeds 094",,,5763,3204,787,2397,20,2278,2148,130,156,136,0,15,5,125
"D","Yorkshire and The Humber",,,"00DA","Leeds","E02002424","Leeds 095",,,7491,5943,1478,4436,29,1232,1137,95,205,169,0,30,6,111
"D","Yorkshire and The Humber",,,"00DA","Leeds","E02002425","Leeds 096",,,7740,6364,2097,4238,29,915,888,27,342,294,3,33,12,119
"D","Yorkshire and The Humber",,,"00DA","Leeds","E02002426","Leeds 097",,,7520,6039,1796,4209,34,1072,971,101,310,280,4,15,11,99
"D","Yorkshire and The Humber",,,"00DA","Leeds","E02002427","Leeds 098",,,7275,5210,1721,3469,20,1728,1420,308,190,161,3,13,13,147
"D","Yorkshire and The Humber",,,"00DA","Leeds","E02002428","Leeds 099",,,6074,4096,1176,2739,181,1625,1554,71,231,209,0,16,6,122
"D","Yorkshire and The Humber",,,"00DA","Leeds","E02002429","Leeds 100",,,7489,6000,1656,4338,6,1041,1020,21,320,291,4,17,8,128
"D","Yorkshire and The Humber",,,"00DA","Leeds","E02002430","Leeds 101",,,7293,2506,611,1878,17,4314,3963,351,237,196,0,37,4,236
"D","Yorkshire and The Humber",,,"00DA","Leeds","E02002431","Leeds 102",,,7581,5264,1028,4202,34,1746,1655,91,445,395,3,44,3,126
"D","Yorkshire and The Humber",,,"00DA","Leeds","E02002432","Leeds 103",,,6655,5218,1500,3699,19,1140,1105,35,206,151,15,37,3,91
"D","Yorkshire and The Humber",,,"00DA","Leeds","E02002433","Leeds 104",,,5566,3673,820,2807,46,1191,924,267,579,527,7,42,3,123
"D","Yorkshire and The Humber",,,"00DA","Leeds","E02002434","Leeds 105",,,6083,4478,1065,3406,7,1164,1012,152,304,277,0,15,12,137
"D","Yorkshire and The Humber",,,"00DA","Leeds","E02002435","Leeds 106",,,6832,5733,1834,3887,12,582,531,51,425,376,9,32,8,92
"D","Yorkshire and The Humber",,,"00DA","Leeds","E02002436","Leeds 107",,,6680,4537,1139,3365,33,1651,1453,198,371,325,3,35,8,121
"D","Yorkshire and The Humber",,,"00DA","Leeds","E02002437","Leeds 108",,,6167,5611,1292,4315,4,312,301,11,201,176,0,22,3,43
"D","Yorkshire and The Humber",,,"00DB","Wakefield","E02002438","Wakefield 001",,,7895,3561,1121,2401,39,4090,3847,243,174,147,6,18,3,70
"D","Yorkshire and The Humber",,,"00DB","Wakefield","E02002439","Wakefield 002",,,7697,5915,2212,3660,43,953,887,66,746,629,30,66,21,83
"D","Yorkshire and The Humber",,,"00DB","Wakefield","E02002440","Wakefield 003",,,7791,4802,1524,3210,68,2751,2685,66,164,119,15,20,10,74
"D","Yorkshire and The Humber",,,"00DB","Wakefield","E02002441","Wakefield 004",,,7499,4413,1550,2793,70,2756,2592,164,287,260,3,12,12,43
"D","Yorkshire and The Humber",,,"00DB","Wakefield","E02002442","Wakefield 005",,,5861,5044,1668,3373,3,382,326,56,392,336,17,28,11,43
"D","Yorkshire and The Humber",,,"00DB","Wakefield","E02002443","Wakefield 006",,,5814,5217,1178,4021,18,404,404,0,170,152,0,14,4,23
"D","Yorkshire and The Humber",,,"00DB","Wakefield","E02002444","Wakefield 007",,,5758,4454,1270,3165,19,967,937,30,299,208,57,20,14,38
"D","Yorkshire and The Humber",,,"00DB","Wakefield","E02002445","Wakefield 008",,,7026,5563,1713,3817,33,1096,1047,49,298,242,17,36,3,69
"D","Yorkshire and The Humber",,,"00DB","Wakefield","E02002446","Wakefield 009",,,6122,5213,1577,3604,32,666,629,37,213,180,7,20,6,30
"D","Yorkshire and The Humber",,,"00DB","Wakefield","E02002447","Wakefield 010",,,5857,3818,1258,2545,15,1702,1634,68,283,247,7,26,3,54
"D","Yorkshire and The Humber",,,"00DB","Wakefield","E02002448","Wakefield 011",,,7512,3942,1326,2589,27,3260,3222,38,239,214,3,16,6,71
"D","Yorkshire and The Humber",,,"00DB","Wakefield","E02002449","Wakefield 012",,,7389,6118,1809,4264,45,951,505,446,264,221,10,27,6,56
"D","Yorkshire and The Humber",,,"00DB","Wakefield","E02002450","Wakefield 013",,,5884,4703,1170,3494,39,929,822,107,196,159,7,14,16,56
"D","Yorkshire and The Humber",,,"00DB","Wakefield","E02002451","Wakefield 014",,,7443,6191,1926,4243,22,1021,910,111,161,112,10,34,5,70
"D","Yorkshire and The Humber",,,"00DB","Wakefield","E02002452","Wakefield 015",,,7173,4041,1211,2791,39,2698,2537,161,369,275,46,27,21,65
"D","Yorkshire and The Humber",,,"00DB","Wakefield","E02002453","Wakefield 016",,,8852,5245,1524,3682,39,3193,3131,62,324,278,3,31,12,90
"D","Yorkshire and The Humber",,,"00DB","Wakefield","E02002454","Wakefield 017",,,5864,3319,1194,2076,49,1424,1128,296,1025,943,8,53,21,96
"D","Yorkshire and The Humber",,,"00DB","Wakefield","E02002455","Wakefield 018",,,6065,2936,816,2097,23,2934,2913,21,154,117,18,9,10,41
"D","Yorkshire and The Humber",,,"00DB","Wakefield","E02002456","Wakefield 019",,,5746,3893,1310,2557,26,1252,1220,32,527,455,30,20,22,74
"D","Yorkshire and The Humber",,,"00DB","Wakefield","E02002457","Wakefield 020",,,7487,3374,869,2451,54,3702,3370,332,318,263,19,28,8,93
"D","Yorkshire and The Humber",,,"00DB","Wakefield","E02002458","Wakefield 021",,,8533,6620,1936,4657,27,1361,1304,57,481,446,8,24,3,71
"D","Yorkshire and The Humber",,,"00DB","Wakefield","E02002459","Wakefield 022",,,8776,5432,1382,3975,75,2917,2750,167,363,321,3,29,10,64
"D","Yorkshire and The Humber",,,"00DB","Wakefield","E02002460","Wakefield 023",,,7402,6489,2439,4002,48,644,570,74,199,170,0,22,7,70
"D","Yorkshire and The Humber",,,"00DB","Wakefield","E02002461","Wakefield 024",,,8640,6277,2061,4181,35,2031,1939,92,273,237,0,23,13,59
"D","Yorkshire and The Humber",,,"00DB","Wakefield","E02002462","Wakefield 025",,,7168,5378,1675,3686,17,1412,1047,365,309,257,9,28,15,69
"D","Yorkshire and The Humber",,,"00DB","Wakefield","E02002463","Wakefield 026",,,8955,2547,692,1821,34,6170,5960,210,164,130,4,24,6,74
"D","Yorkshire and The Humber",,,"00DB","Wakefield","E02002464","Wakefield 027",,,8170,4710,1595,3080,35,2912,2800,112,466,424,11,17,14,82
"D","Yorkshire and The Humber",,,"00DB","Wakefield","E02002465","Wakefield 028",,,5734,4670,1916,2745,9,684,651,33,325,284,6,32,3,55
"D","Yorkshire and The Humber",,,"00DB","Wakefield","E02002466","Wakefield 029",,,8928,6323,2005,4277,41,2170,2074,96,357,288,11,39,19,78
"D","Yorkshire and The Humber",,,"00DB","Wakefield","E02002467","Wakefield 030",,,7424,4302,1417,2810,75,2255,1989,266,784,729,7,39,9,83
"D","Yorkshire and The Humber",,,"00DB","Wakefield","E02002468","Wakefield 031",,,5949,4911,1513,3346,52,660,582,78,320,288,9,13,10,58
"D","Yorkshire and The Humber",,,"00DB","Wakefield","E02002469","Wakefield 032",,,6118,4961,1532,3400,29,896,877,19,216,194,6,9,7,45
"D","Yorkshire and The Humber",,,"00DB","Wakefield","E02002470","Wakefield 033",,,6250,5933,2466,3446,21,140,125,15,109,60,18,22,9,68
"D","Yorkshire and The Humber",,,"00DB","Wakefield","E02002471","Wakefield 034",,,9571,8037,3048,4953,36,940,841,99,465,375,22,62,6,129
"D","Yorkshire and The Humber",,,"00DB","Wakefield","E02002472","Wakefield 035",,,5538,4632,1531,3083,18,681,653,28,190,166,10,14,0,35
"D","Yorkshire and The Humber",,,"00DB","Wakefield","E02002473","Wakefield 036",,,6193,5632,1701,3901,30,204,48,156,316,288,5,20,3,41
"D","Yorkshire and The Humber",,,"00DB","Wakefield","E02002474","Wakefield 037",,,6035,3451,1030,2395,26,2359,2325,34,121,99,4,14,4,104
"D","Yorkshire and The Humber",,,"00DB","Wakefield","E02002475","Wakefield 038",,,5237,4417,1658,2720,39,551,508,43,183,143,16,17,7,86
"D","Yorkshire and The Humber",,,"00DB","Wakefield","E02002476","Wakefield 039",,,6056,2855,1025,1798,32,2521,2369,152,560,503,10,44,3,120
"D","Yorkshire and The Humber",,,"00DB","Wakefield","E02002477","Wakefield 040",,,5671,3797,1395,2363,39,1436,1219,217,360,303,5,39,13,78
"D","Yorkshire and The Humber",,,"00DB","Wakefield","E02002478","Wakefield 041",,,5961,4601,1529,3045,27,622,566,56,701,651,3,44,3,37
"D","Yorkshire and The Humber",,,"00DB","Wakefield","E02002479","Wakefield 042",,,7794,5151,1759,3345,47,2102,1978,124,464,393,8,50,13,77
"D","Yorkshire and The Humber",,,"00DB","Wakefield","E02002480","Wakefield 043",,,6134,4200,1454,2721,25,1233,1162,71,648,581,6,52,9,53
"D","Yorkshire and The Humber",,,"00DB","Wakefield","E02002481","Wakefield 044",,,5831,3651,1297,2326,28,1700,1576,124,421,378,3,35,5,59
"D","Yorkshire and The Humber",,,"00DB","Wakefield","E02002482","Wakefield 045",,,6317,3517,1080,2406,31,2488,2211,277,243,214,0,24,5,69
"D","Yorkshire and The Humber",,,"00FA","Kingston upon Hull, City of","E02002652","Kingston upon Hull 001",,,7241,3076,312,2728,36,3635,3552,83,384,364,5,15,0,146
"D","Yorkshire and The Humber",,,"00FA","Kingston upon Hull, City of","E02002653","Kingston upon Hull 002",,,8912,2542,489,2028,25,5642,5451,191,425,388,0,37,0,303
"D","Yorkshire and The Humber",,,"00FA","Kingston upon Hull, City of","E02002654","Kingston upon Hull 003",,,7643,1463,361,1075,27,5695,5115,580,218,185,0,30,3,267
"D","Yorkshire and The Humber",,,"00FA","Kingston upon Hull, City of","E02002655","Kingston upon Hull 004",,,7925,2587,465,2076,46,4829,4772,57,237,214,6,12,5,272
"D","Yorkshire and The Humber",,,"00FA","Kingston upon Hull, City of","E02002656","Kingston upon Hull 005",,,5525,4992,1758,3222,12,144,137,7,350,298,4,45,3,39
"D","Yorkshire and The Humber",,,"00FA","Kingston upon Hull, City of","E02002657","Kingston upon Hull 006",,,7434,6160,1562,4557,41,898,814,84,289,255,5,23,6,87
"D","Yorkshire and The Humber",,,"00FA","Kingston upon Hull, City of","E02002658","Kingston upon Hull 007",,,7142,5847,1131,4678,38,878,730,148,354,315,7,22,10,63
"D","Yorkshire and The Humber",,,"00FA","Kingston upon Hull, City of","E02002659","Kingston upon Hull 008",,,10940,3031,849,2163,19,7105,5789,1316,467,428,0,36,3,337
"D","Yorkshire and The Humber",,,"00FA","Kingston upon Hull, City of","E02002660","Kingston upon Hull 009",,,6958,3734,1229,2481,24,2874,2820,54,149,124,5,14,6,201
"D","Yorkshire and The Humber",,,"00FA","Kingston upon Hull, City of","E02002661","Kingston upon Hull 010",,,7387,3887,1083,2781,23,3121,3070,51,181,151,0,25,5,198
"D","Yorkshire and The Humber",,,"00FA","Kingston upon Hull, City of","E02002662","Kingston upon Hull 011",,,7575,4001,1115,2862,24,3071,2776,295,248,212,3,29,4,255
"D","Yorkshire and The Humber",,,"00FA","Kingston upon Hull, City of","E02002663","Kingston upon Hull 012",,,5706,3541,1072,2460,9,386,214,172,1733,1347,11,20,355,46
"D","Yorkshire and The Humber",,,"00FA","Kingston upon Hull, City of","E02002664","Kingston upon Hull 013",,,7443,6913,1814,5077,22,184,163,21,311,280,3,24,4,35
"D","Yorkshire and The Humber",,,"00FA","Kingston upon Hull, City of","E02002665","Kingston upon Hull 014",,,8034,6487,1815,4648,24,933,748,185,544,501,5,35,3,70
"D","Yorkshire and The Humber",,,"00FA","Kingston upon Hull, City of","E02002666","Kingston upon Hull 015",,,7155,2681,898,1731,52,799,474,325,3499,3390,12,74,23,176
"D","Yorkshire and The Humber",,,"00FA","Kingston upon Hull, City of","E02002667","Kingston upon Hull 016",,,7524,5942,1488,4435,19,543,422,121,935,869,3,58,5,104
"D","Yorkshire and The Humber",,,"00FA","Kingston upon Hull, City of","E02002668","Kingston upon Hull 017",,,9389,1639,489,1089,61,7165,5482,1683,200,179,0,13,8,385
"D","Yorkshire and The Humber",,,"00FA","Kingston upon Hull, City of","E02002669","Kingston upon Hull 018",,,7380,4198,1293,2878,27,391,232,159,2686,2604,9,62,11,105
"D","Yorkshire and The Humber",,,"00FA","Kingston upon Hull, City of","E02002670","Kingston upon Hull 019",,,7488,4195,1125,3031,39,2588,2245,343,502,482,3,17,0,203
"D","Yorkshire and The Humber",,,"00FA","Kingston upon Hull, City of","E02002671","Kingston upon Hull 020",,,7124,4796,1287,3480,29,1629,1550,79,567,491,5,61,10,132
"D","Yorkshire and The Humber",,,"00FA","Kingston upon Hull, City of","E02002672","Kingston upon Hull 021",,,7233,2361,646,1664,51,4346,3814,532,304,285,6,13,0,222
"D","Yorkshire and The Humber",,,"00FA","Kingston upon Hull, City of","E02002673","Kingston upon Hull 022",,,7921,6431,1563,4835,33,596,454,142,817,764,6,43,4,77
"D","Yorkshire and The Humber",,,"00FA","Kingston upon Hull, City of","E02002674","Kingston upon Hull 023",,,7009,5542,1495,4014,33,362,328,34,1027,976,5,43,3,78
"D","Yorkshire and The Humber",,,"00FA","Kingston upon Hull, City of","E02002675","Kingston upon Hull 024",,,6788,1769,537,1210,22,3370,2818,552,1375,1287,23,39,26,274
"D","Yorkshire and The Humber",,,"00FA","Kingston upon Hull, City of","E02002676","Kingston upon Hull 025",,,7406,4976,1294,3641,41,743,658,85,1574,1483,0,79,12,113
"D","Yorkshire and The Humber",,,"00FA","Kingston upon Hull, City of","E02002677","Kingston upon Hull 026",,,7808,4836,936,3872,28,1609,1147,462,1226,1148,5,64,9,137
"D","Yorkshire and The Humber",,,"00FA","Kingston upon Hull, City of","E02002678","Kingston upon Hull 027",,,7626,5932,1562,4339,31,244,145,99,1401,1325,4,62,10,49
"D","Yorkshire and The Humber",,,"00FA","Kingston upon Hull, City of","E02002679","Kingston upon Hull 028",,,7658,5730,1573,4150,7,1382,1215,167,403,364,3,33,3,143
"D","Yorkshire and The Humber",,,"00FA","Kingston upon Hull, City of","E02002680","Kingston upon Hull 029",,,5543,1080,383,645,52,3271,2385,886,868,799,18,14,37,324
"D","Yorkshire and The Humber",,,"00FA","Kingston upon Hull, City of","E02002681","Kingston upon Hull 030",,,6764,3397,1068,2287,42,1459,1135,324,1809,1695,23,80,11,99
"D","Yorkshire and The Humber",,,"00FA","Kingston upon Hull, City of","E02002682","Kingston upon Hull 031",,,8247,4191,984,3178,29,2715,2293,422,1191,1103,0,79,9,150
"D","Yorkshire and The Humber",,,"00FA","Kingston upon Hull, City of","E02002683","Kingston upon Hull 032",,,8032,4904,1445,3349,110,2604,2338,266,331,295,5,27,4,193
"D","Yorkshire and The Humber",,,"00FB","East Riding of Yorkshire","E02002684","East Riding of Yorkshire 001",,,8448,7388,3512,3806,70,389,243,146,583,496,7,70,10,88
"D","Yorkshire and The Humber",,,"00FB","East Riding of Yorkshire","E02002685","East Riding of Yorkshire 002",,,7884,6605,3188,3388,29,593,410,183,596,491,7,93,5,90
"D","Yorkshire and The Humber",,,"00FB","East Riding of Yorkshire","E02002686","East Riding of Yorkshire 003",,,7620,3558,1181,2353,24,3161,2968,193,664,581,9,62,12,237
"D","Yorkshire and The Humber",,,"00FB","East Riding of Yorkshire","E02002687","East Riding of Yorkshire 004",,,5585,3926,1569,2315,42,302,223,79,1284,1191,8,56,29,73
"D","Yorkshire and The Humber",,,"00FB","East Riding of Yorkshire","E02002688","East Riding of Yorkshire 005",,,5403,3416,1510,1871,35,240,70,170,1668,1595,16,54,3,79
"D","Yorkshire and The Humber",,,"00FB","East Riding of Yorkshire","E02002689","East Riding of Yorkshire 006",,,5551,4064,1796,2257,11,576,463,113,720,633,32,44,11,191
"D","Yorkshire and The Humber",,,"00FB","East Riding of Yorkshire","E02002690","East Riding of Yorkshire 007",,,11891,9797,3466,6305,26,850,674,176,1071,963,16,67,25,173
"D","Yorkshire and The Humber",,,"00FB","East Riding of Yorkshire","E02002691","East Riding of Yorkshire 008",,,7176,5654,2149,3492,13,475,440,35,701,581,52,47,21,346
"D","Yorkshire and The Humber",,,"00FB","East Riding of Yorkshire","E02002692","East Riding of Yorkshire 009",,,7749,6996,2160,4836,0,308,283,25,358,297,18,28,15,87
"D","Yorkshire and The Humber",,,"00FB","East Riding of Yorkshire","E02002693","East Riding of Yorkshire 010",,,5964,4768,1980,2777,11,517,445,72,472,368,20,65,19,207
"D","Yorkshire and The Humber",,,"00FB","East Riding of Yorkshire","E02002694","East Riding of Yorkshire 011",,,9881,7584,2524,5025,35,937,763,174,1038,939,23,56,20,322
"D","Yorkshire and The Humber",,,"00FB","East Riding of Yorkshire","E02002695","East Riding of Yorkshire 012",,,7935,6400,2616,3766,18,787,573,214,652,549,22,68,13,96
"D","Yorkshire and The Humber",,,"00FB","East Riding of Yorkshire","E02002696","East Riding of Yorkshire 013",,,5871,4506,1526,2980,0,289,198,91,943,580,164,15,184,133
"D","Yorkshire and The Humber",,,"00FB","East Riding of Yorkshire","E02002697","East Riding of Yorkshire 014",,,6915,5906,2143,3737,26,368,287,81,491,368,29,47,47,150
"D","Yorkshire and The Humber",,,"00FB","East Riding of Yorkshire","E02002698","East Riding of Yorkshire 015",,,6168,5148,1636,3501,11,531,433,98,364,319,6,28,11,125
"D","Yorkshire and The Humber",,,"00FB","East Riding of Yorkshire","E02002699","East Riding of Yorkshire 016",,,9347,8682,2747,5908,27,222,124,98,363,327,7,22,7,80
"D","Yorkshire and The Humber",,,"00FB","East Riding of Yorkshire","E02002700","East Riding of Yorkshire 017",,,6036,3237,988,2187,62,2387,2246,141,256,208,9,26,13,156
"D","Yorkshire and The Humber",,,"00FB","East Riding of Yorkshire","E02002701","East Riding of Yorkshire 018",,,7821,6714,2526,4155,33,494,319,175,434,351,17,50,16,179
"D","Yorkshire and The Humber",,,"00FB","East Riding of Yorkshire","E02002702","East Riding of Yorkshire 019",,,8697,6674,2189,4439,46,944,544,400,958,855,17,47,39,121
"D","Yorkshire and The Humber",,,"00FB","East Riding of Yorkshire","E02002703","East Riding of Yorkshire 020",,,8374,7503,1989,5498,16,392,271,121,365,308,20,33,4,114
"D","Yorkshire and The Humber",,,"00FB","East Riding of Yorkshire","E02002704","East Riding of Yorkshire 021",,,7468,6506,2357,4139,10,417,377,40,393,348,8,30,7,152
"D","Yorkshire and The Humber",,,"00FB","East Riding of Yorkshire","E02002705","East Riding of Yorkshire 022",,,6395,5651,2259,3382,10,481,446,35,188,150,16,7,15,75
"D","Yorkshire and The Humber",,,"00FB","East Riding of Yorkshire","E02002706","East Riding of Yorkshire 023",,,6790,5941,2180,3750,11,442,423,19,363,327,4,32,0,44
"D","Yorkshire and The Humber",,,"00FB","East Riding of Yorkshire","E02002707","East Riding of Yorkshire 024",,,6737,6021,2128,3878,15,307,307,0,296,229,14,40,13,113
"D","Yorkshire and The Humber",,,"00FB","East Riding of Yorkshire","E02002708","East Riding of Yorkshire 025",,,5641,4478,1880,2589,9,747,702,45,316,282,3,25,6,100
"D","Yorkshire and The Humber",,,"00FB","East Riding of Yorkshire","E02002709","East Riding of Yorkshire 026",,,6996,5895,2087,3786,22,506,385,121,486,405,29,44,8,109
"D","Yorkshire and The Humber",,,"00FB","East Riding of Yorkshire","E02002710","East Riding of Yorkshire 027",,,7386,6498,2105,4378,15,505,456,49,303,271,8,24,0,80
"D","Yorkshire and The Humber",,,"00FB","East Riding of Yorkshire","E02002711","East Riding of Yorkshire 028",,,7567,7274,2921,4344,9,57,48,9,169,156,0,10,3,67
"D","Yorkshire and The Humber",,,"00FB","East Riding of Yorkshire","E02002712","East Riding of Yorkshire 029",,,7180,6218,1923,4278,17,378,334,44,491,435,4,42,10,93
"D","Yorkshire and The Humber",,,"00FB","East Riding of Yorkshire","E02002713","East Riding of Yorkshire 030",,,8499,7194,1967,5180,47,728,699,29,519,477,9,33,0,58
"D","Yorkshire and The Humber",,,"00FB","East Riding of Yorkshire","E02002714","East Riding of Yorkshire 031",,,7439,6292,2346,3931,15,401,361,40,576,457,18,50,51,170
"D","Yorkshire and The Humber",,,"00FB","East Riding of Yorkshire","E02002715","East Riding of Yorkshire 032",,,9129,8205,2487,5708,10,407,403,4,408,359,11,29,9,109
"D","Yorkshire and The Humber",,,"00FB","East Riding of Yorkshire","E02002716","East Riding of Yorkshire 033",,,7392,6423,1972,4417,34,581,388,193,327,258,16,38,15,61
"D","Yorkshire and The Humber",,,"00FB","East Riding of Yorkshire","E02002717","East Riding of Yorkshire 034",,,7438,5522,1548,3939,35,1096,1004,92,705,645,6,45,9,115
"D","Yorkshire and The Humber",,,"00FB","East Riding of Yorkshire","E02002718","East Riding of Yorkshire 035",,,7599,6984,2637,4347,0,222,178,44,316,254,18,37,7,77
"D","Yorkshire and The Humber",,,"00FB","East Riding of Yorkshire","E02002719","East Riding of Yorkshire 036",,,5521,4898,1579,3301,18,284,263,21,285,253,5,19,8,54
"D","Yorkshire and The Humber",,,"00FB","East Riding of Yorkshire","E02002720","East Riding of Yorkshire 037",,,5933,5447,1925,3508,14,149,140,9,280,251,6,11,12,57
"D","Yorkshire and The Humber",,,"00FB","East Riding of Yorkshire","E02002721","East Riding of Yorkshire 038",,,5762,4289,1676,2589,24,976,721,255,315,257,23,27,8,182
"D","Yorkshire and The Humber",,,"00FB","East Riding of Yorkshire","E02002722","East Riding of Yorkshire 039",,,8298,5489,2255,3208,26,1431,1322,109,1184,1043,13,94,34,194
"D","Yorkshire and The Humber",,,"00FB","East Riding of Yorkshire","E02002723","East Riding of Yorkshire 040",,,7542,6030,2445,3574,11,536,441,95,882,815,16,43,8,94
"D","Yorkshire and The Humber",,,"00FB","East Riding of Yorkshire","E02002724","East Riding of Yorkshire 041",,,8137,4882,1754,3100,28,2262,2128,134,813,734,18,53,8,180
"D","Yorkshire and The Humber",,,"00FB","East Riding of Yorkshire","E02002725","East Riding of Yorkshire 042",,,5711,4805,1705,3074,26,597,523,74,218,178,14,26,0,91
"D","Yorkshire and The Humber",,,"00FC","North East Lincolnshire","E02002726","North East Lincolnshire 001",,,10527,7567,2366,5179,22,2201,2051,150,606,520,6,75,5,153
"D","Yorkshire and The Humber",,,"00FC","North East Lincolnshire","E02002727","North East Lincolnshire 002",,,5806,1687,500,1155,32,3023,2331,692,831,798,3,21,9,265
"D","Yorkshire and The Humber",,,"00FC","North East Lincolnshire","E02002728","North East Lincolnshire 003",,,7768,5071,1365,3680,26,999,738,261,1596,1512,6,66,12,102
"D","Yorkshire and The Humber",,,"00FC","North East Lincolnshire","E02002729","North East Lincolnshire 004",,,5806,4403,968,3425,10,1052,1049,3,229,185,0,38,6,122
"D","Yorkshire and The Humber",,,"00FC","North East Lincolnshire","E02002730","North East Lincolnshire 005",,,7574,5245,1333,3875,37,357,183,174,1911,1831,11,65,4,61
"D","Yorkshire and The Humber",,,"00FC","North East Lincolnshire","E02002731","North East Lincolnshire 006",,,5800,3891,974,2896,21,629,355,274,1231,1157,4,66,4,49
"D","Yorkshire and The Humber",,,"00FC","North East Lincolnshire","E02002732","North East Lincolnshire 007",,,6747,6101,1935,4144,22,303,250,53,274,240,4,30,0,69
"D","Yorkshire and The Humber",,,"00FC","North East Lincolnshire","E02002733","North East Lincolnshire 008",,,5980,4651,1425,3205,21,486,197,289,778,718,3,54,3,65
"D","Yorkshire and The Humber",,,"00FC","North East Lincolnshire","E02002734","North East Lincolnshire 009",,,5514,3942,1194,2719,29,1132,1093,39,329,306,0,19,4,111
"D","Yorkshire and The Humber",,,"00FC","North East Lincolnshire","E02002735","North East Lincolnshire 010",,,5334,4276,1223,3028,25,260,193,67,752,699,5,48,0,46
"D","Yorkshire and The Humber",,,"00FC","North East Lincolnshire","E02002736","North East Lincolnshire 011",,,5788,3822,976,2807,39,351,157,194,1583,1456,5,122,0,32
"D","Yorkshire and The Humber",,,"00FC","North East Lincolnshire","E02002737","North East Lincolnshire 012",,,6996,6192,2110,4069,13,358,336,22,397,344,3,43,7,49
"D","Yorkshire and The Humber",,,"00FC","North East Lincolnshire","E02002738","North East Lincolnshire 013",,,7660,6299,1586,4696,17,949,922,27,364,328,3,28,5,48
"D","Yorkshire and The Humber",,,"00FC","North East Lincolnshire","E02002739","North East Lincolnshire 014",,,5908,4463,1532,2906,25,720,651,69,608,554,0,51,3,117
"D","Yorkshire and The Humber",,,"00FC","North East Lincolnshire","E02002740","North East Lincolnshire 015",,,5749,3502,1314,2153,35,1828,1438,390,317,286,0,27,4,102
"D","Yorkshire and The Humber",,,"00FC","North East Lincolnshire","E02002741","North East Lincolnshire 016",,,8459,6953,2312,4616,25,377,239,138,1050,880,58,69,43,79
"D","Yorkshire and The Humber",,,"00FC","North East Lincolnshire","E02002742","North East Lincolnshire 017",,,5555,4942,1752,3178,12,74,53,21,516,482,0,30,4,23
"D","Yorkshire and The Humber",,,"00FC","North East Lincolnshire","E02002743","North East Lincolnshire 018",,,5808,4169,1639,2487,43,1308,1116,192,243,221,0,22,0,88
"D","Yorkshire and The Humber",,,"00FC","North East Lincolnshire","E02002744","North East Lincolnshire 019",,,7253,2462,753,1692,17,4159,3732,427,318,285,0,33,0,314
"D","Yorkshire and The Humber",,,"00FC","North East Lincolnshire","E02002745","North East Lincolnshire 020",,,7050,6537,2808,3710,19,207,153,54,254,207,12,32,3,52
"D","Yorkshire and The Humber",,,"00FC","North East Lincolnshire","E02002746","North East Lincolnshire 021",,,7645,6873,2554,4306,13,492,371,121,205,159,3,37,6,75
"D","Yorkshire and The Humber",,,"00FC","North East Lincolnshire","E02002747","North East Lincolnshire 022",,,7372,6920,2634,4279,7,231,207,24,197,168,7,22,0,24
"D","Yorkshire and The Humber",,,"00FC","North East Lincolnshire","E02002748","North East Lincolnshire 023",,,7891,6949,2382,4561,6,418,375,43,412,371,20,21,0,112
"D","Yorkshire and The Humber",,,"00FD","North Lincolnshire","E02002749","North Lincolnshire 001",,,9376,7131,2574,4533,24,1366,1183,183,711,638,9,55,9,168
"D","Yorkshire and The Humber",,,"00FD","North Lincolnshire","E02002750","North Lincolnshire 002",,,5604,4731,1533,3195,3,397,360,37,410,375,5,27,3,66
"D","Yorkshire and The Humber",,,"00FD","North Lincolnshire","E02002751","North Lincolnshire 003",,,6162,4882,1572,3306,4,846,814,32,324,279,4,34,7,110
"D","Yorkshire and The Humber",,,"00FD","North Lincolnshire","E02002752","North Lincolnshire 004",,,6244,4808,1731,3058,19,706,649,57,586,510,33,30,13,144
"D","Yorkshire and The Humber",,,"00FD","North Lincolnshire","E02002753","North Lincolnshire 005",,,8120,6625,2391,4200,34,791,595,196,553,493,4,48,8,151
"D","Yorkshire and The Humber",,,"00FD","North Lincolnshire","E02002754","North Lincolnshire 006",,,7178,5400,1956,3436,8,1110,1037,73,495,409,34,43,9,173
"D","Yorkshire and The Humber",,,"00FD","North Lincolnshire","E02002755","North Lincolnshire 007",,,5821,4068,1272,2782,14,1055,869,186,619,586,7,23,3,79
"D","Yorkshire and The Humber",,,"00FD","North Lincolnshire","E02002756","North Lincolnshire 008",,,7171,3316,1070,2209,37,2442,2168,274,1175,1109,6,45,15,238
"D","Yorkshire and The Humber",,,"00FD","North Lincolnshire","E02002757","North Lincolnshire 009",,,5872,5013,1768,3232,13,470,374,96,319,257,26,33,3,70
"D","Yorkshire and The Humber",,,"00FD","North Lincolnshire","E02002758","North Lincolnshire 010",,,6073,4245,1286,2948,11,1240,987,253,472,429,5,29,9,116
"D","Yorkshire and The Humber",,,"00FD","North Lincolnshire","E02002759","North Lincolnshire 011",,,8476,6455,2349,4065,41,1179,1023,156,679,609,23,33,14,163
"D","Yorkshire and The Humber",,,"00FD","North Lincolnshire","E02002760","North Lincolnshire 012",,,5836,4615,1441,3147,27,982,814,168,144,110,10,9,15,95
"D","Yorkshire and The Humber",,,"00FD","North Lincolnshire","E02002761","North Lincolnshire 013",,,6159,5203,1661,3542,0,375,319,56,461,379,35,34,13,120
"D","Yorkshire and The Humber",,,"00FD","North Lincolnshire","E02002762","North Lincolnshire 014",,,5650,3840,1194,2618,28,1403,1377,26,274,233,6,32,3,133
"D","Yorkshire and The Humber",,,"00FD","North Lincolnshire","E02002763","North Lincolnshire 015",,,6177,3520,1022,2493,5,2106,1980,126,370,343,4,19,4,181
"D","Yorkshire and The Humber",,,"00FD","North Lincolnshire","E02002764","North Lincolnshire 016",,,5749,3000,858,2135,7,2414,2402,12,192,162,0,25,5,143
"D","Yorkshire and The Humber",,,"00FD","North Lincolnshire","E02002765","North Lincolnshire 017",,,6023,4275,1370,2892,13,1291,1256,35,355,321,0,34,0,102
"D","Yorkshire and The Humber",,,"00FD","North Lincolnshire","E02002766","North Lincolnshire 018",,,7713,6380,2304,4066,10,1025,1005,20,212,178,0,34,0,96
"D","Yorkshire and The Humber",,,"00FD","North Lincolnshire","E02002767","North Lincolnshire 019",,,6612,6252,2040,4201,11,130,81,49,199,173,5,16,5,31
"D","Yorkshire and The Humber",,,"00FD","North Lincolnshire","E02002768","North Lincolnshire 020",,,6597,5565,1956,3606,3,595,542,53,339,266,0,56,17,98
"D","Yorkshire and The Humber",,,"00FD","North Lincolnshire","E02002769","North Lincolnshire 021",,,5842,5012,1873,3126,13,350,328,22,362,312,26,15,9,118
"D","Yorkshire and The Humber",,,"00FD","North Lincolnshire","E02002770","North Lincolnshire 022",,,5993,4569,1696,2855,18,712,632,80,586,377,102,30,77,126
"D","Yorkshire and The Humber",,,"00FD","North Lincolnshire","E02002771","North Lincolnshire 023",,,6625,5788,2304,3474,10,497,471,26,233,188,11,28,6,107
"D","Yorkshire and The Humber",,,"00FF","York","E02002772","York 001",,,6444,5366,1465,3893,8,404,49,355,620,180,252,11,177,54
"D","Yorkshire and The Humber",,,"00FF","York","E02002773","York 002",,,5917,5269,2024,3237,8,409,58,351,200,168,0,29,3,39
"D","Yorkshire and The Humber",,,"00FF","York","E02002774","York 003",,,6376,6103,2022,4056,25,56,30,26,182,155,6,21,0,35
"D","Yorkshire and The Humber",,,"00FF","York","E02002775","York 004",,,5669,3550,1539,1826,185,1941,88,1853,111,96,4,6,5,67
"D","Yorkshire and The Humber",,,"00FF","York","E02002776","York 005",,,6294,5500,2251,3167,82,496,49,447,240,200,3,19,18,58
"D","Yorkshire and The Humber",,,"00FF","York","E02002777","York 006",,,7669,6440,1521,4867,52,835,119,716,341,311,3,23,4,53
"D","Yorkshire and The Humber",,,"00FF","York","E02002778","York 007",,,7096,6029,2316,3697,16,283,146,137,696,614,27,42,13,88
"D","Yorkshire and The Humber",,,"00FF","York","E02002779","York 008",,,9176,7692,3370,4288,34,805,635,170,558,494,8,45,11,121
"D","Yorkshire and The Humber",,,"00FF","York","E02002780","York 009",,,7495,3965,1148,2772,45,2480,2159,321,912,810,12,78,12,138
"D","Yorkshire and The Humber",,,"00FF","York","E02002781","York 010",,,7635,4367,1357,2943,67,1689,1614,75,1476,1369,10,82,15,103
"D","Yorkshire and The Humber",,,"00FF","York","E02002782","York 011",,,5704,5061,2170,2864,27,272,227,45,266,212,26,16,12,105
"D","Yorkshire and The Humber",,,"00FF","York","E02002783","York 012",,,9173,7524,2443,5019,62,1230,1058,172,322,288,8,20,6,97
"D","Yorkshire and The Humber",,,"00FF","York","E02002784","York 013",,,7561,2824,1167,1545,112,2041,1571,470,2404,2176,101,60,67,292
"D","Yorkshire and The Humber",,,"00FF","York","E02002785","York 014",,,6060,5406,2332,3056,18,195,92,103,409,377,3,20,9,50
"D","Yorkshire and The Humber",,,"00FF","York","E02002786","York 015",,,8187,4521,1363,3133,25,2175,2121,54,1361,1232,4,89,36,130
"D","Yorkshire and The Humber",,,"00FF","York","E02002787","York 016",,,8646,6282,2180,4009,93,1494,1187,307,769,699,10,53,7,101
"D","Yorkshire and The Humber",,,"00FF","York","E02002788","York 017",,,7464,5758,1828,3878,52,423,238,185,1217,1131,6,67,13,66
"D","Yorkshire and The Humber",,,"00FF","York","E02002789","York 018",,,8795,4886,1298,3528,60,3401,3008,393,268,227,9,27,5,240
"D","Yorkshire and The Humber",,,"00FF","York","E02002790","York 019",,,8937,5499,2083,3342,74,913,674,239,2424,2040,150,60,174,101
"D","Yorkshire and The Humber",,,"00FF","York","E02002791","York 020",,,6145,5510,2115,3376,19,279,201,78,289,243,8,19,19,67
"D","Yorkshire and The Humber",,,"00FF","York","E02002792","York 021",,,6347,5006,1943,3051,12,254,89,165,1021,943,5,67,6,66
"D","Yorkshire and The Humber",,,"00FF","York","E02002793","York 022",,,9250,7598,2362,5155,81,1267,807,460,303,254,6,30,13,82
"D","Yorkshire and The Humber",,,"00FF","York","E02002794","York 023",,,4792,3582,1559,2007,16,404,231,173,672,564,47,29,32,134
"D","Yorkshire and The Humber",,,"00FF","York","E02002795","York 024",,,8057,7457,2680,4749,28,292,216,76,238,195,4,30,9,70
"D","Yorkshire and The Humber","36","North Yorkshire","36UB","Craven","E02005742","Craven 001",,,7146,5729,2717,3005,7,453,296,157,829,689,24,106,10,135
"D","Yorkshire and The Humber","36","North Yorkshire","36UB","Craven","E02005743","Craven 002",,,4891,3808,2097,1688,23,271,119,152,654,536,27,53,38,158
"D","Yorkshire and The Humber","36","North Yorkshire","36UB","Craven","E02005744","Craven 003",,,6878,5198,2621,2564,13,545,364,181,868,765,24,67,12,267
"D","Yorkshire and The Humber","36","North Yorkshire","36UB","Craven","E02005745","Craven 004",,,4975,4074,1838,2222,14,82,69,13,688,591,53,18,26,131
"D","Yorkshire and The Humber","36","North Yorkshire","36UB","Craven","E02005746","Craven 005",,,6309,5124,1803,3305,16,688,511,177,380,310,5,54,11,117
"D","Yorkshire and The Humber","36","North Yorkshire","36UB","Craven","E02005747","Craven 006",,,6345,4524,1708,2738,78,951,663,288,760,675,12,67,6,110
"D","Yorkshire and The Humber","36","North Yorkshire","36UB","Craven","E02005748","Craven 007",,,6759,5421,2124,3253,44,492,338,154,723,626,18,60,19,123
"D","Yorkshire and The Humber","36","North Yorkshire","36UB","Craven","E02005749","Craven 008",,,9038,7745,2871,4828,46,634,417,217,556,482,8,54,12,103
"D","Yorkshire and The Humber","36","North Yorkshire","36UC","Hambleton","E02005750","Hambleton 001",,,7440,5404,2235,3153,16,1307,95,1212,550,479,20,33,18,179
"D","Yorkshire and The Humber","36","North Yorkshire","36UC","Hambleton","E02005751","Hambleton 002",,,8799,7745,3452,4288,5,295,36,259,604,530,14,40,20,155
"D","Yorkshire and The Humber","36","North Yorkshire","36UC","Hambleton","E02005752","Hambleton 003",,,6354,4824,2129,2680,15,455,14,441,857,760,24,52,21,218
"D","Yorkshire and The Humber","36","North Yorkshire","36UC","Hambleton","E02005753","Hambleton 004",,,11670,8063,2616,5413,34,2619,189,2430,818,677,42,58,41,170
"D","Yorkshire and The Humber","36","North Yorkshire","36UC","Hambleton","E02005754","Hambleton 005",,,7321,6354,2533,3818,3,278,23,255,551,327,131,46,47,138
"D","Yorkshire and The Humber","36","North Yorkshire","36UC","Hambleton","E02005755","Hambleton 006",,,6001,4378,1546,2827,5,776,61,715,712,549,62,33,68,135
"D","Yorkshire and The Humber","36","North Yorkshire","36UC","Hambleton","E02005756","Hambleton 007",,,6011,3724,1561,2158,5,541,26,515,1565,690,546,39,290,181
"D","Yorkshire and The Humber","36","North Yorkshire","36UC","Hambleton","E02005757","Hambleton 008",,,7509,5709,2247,3444,18,540,20,520,1072,936,54,67,15,188
"D","Yorkshire and The Humber","36","North Yorkshire","36UC","Hambleton","E02005758","Hambleton 009",,,7657,5071,2162,2896,13,1533,138,1395,875,565,154,31,125,178
"D","Yorkshire and The Humber","36","North Yorkshire","36UC","Hambleton","E02005759","Hambleton 010",,,7866,6127,2582,3529,16,935,92,843,655,553,30,46,26,149
"D","Yorkshire and The Humber","36","North Yorkshire","36UC","Hambleton","E02005760","Hambleton 011",,,5812,4348,1502,2837,9,425,22,403,888,413,70,33,372,151
"D","Yorkshire and The Humber","36","North Yorkshire","36UD","Harrogate","E02005761","Harrogate 001",,,5237,3647,1797,1813,37,404,254,150,918,813,38,38,29,268
"D","Yorkshire and The Humber","36","North Yorkshire","36UD","Harrogate","E02005762","Harrogate 002",,,4939,3492,1379,2055,58,309,121,188,1078,524,278,35,241,60
"D","Yorkshire and The Humber","36","North Yorkshire","36UD","Harrogate","E02005763","Harrogate 003",,,5685,3747,1564,2162,21,553,394,159,1086,634,223,24,205,299
"D","Yorkshire and The Humber","36","North Yorkshire","36UD","Harrogate","E02005764","Harrogate 004",,,9985,7245,2248,4932,65,1523,1172,351,1049,819,94,71,65,168
"D","Yorkshire and The Humber","36","North Yorkshire","36UD","Harrogate","E02005765","Harrogate 005",,,5804,4669,1620,3006,43,430,347,83,529,438,26,35,30,176
"D","Yorkshire and The Humber","36","North Yorkshire","36UD","Harrogate","E02005766","Harrogate 006",,,5814,4313,1964,2315,34,387,300,87,906,795,21,52,38,208
"D","Yorkshire and The Humber","36","North Yorkshire","36UD","Harrogate","E02005767","Harrogate 007",,,6180,5495,2200,3269,26,147,108,39,424,395,7,18,4,114
"D","Yorkshire and The Humber","36","North Yorkshire","36UD","Harrogate","E02005768","Harrogate 008",,,5671,4685,1321,3355,9,139,88,51,708,417,145,35,111,139
"D","Yorkshire and The Humber","36","North Yorkshire","36UD","Harrogate","E02005769","Harrogate 009",,,6479,4670,1562,3084,24,922,759,163,733,667,7,41,18,154
"D","Yorkshire and The Humber","36","North Yorkshire","36UD","Harrogate","E02005770","Harrogate 010",,,9383,8189,2735,5410,44,435,345,90,629,546,21,48,14,130
"D","Yorkshire and The Humber","36","North Yorkshire","36UD","Harrogate","E02005771","Harrogate 011",,,7499,5769,1291,4428,50,1086,662,424,575,500,6,51,18,69
"D","Yorkshire and The Humber","36","North Yorkshire","36UD","Harrogate","E02005772","Harrogate 012",,,6070,5612,2010,3595,7,76,62,14,278,260,6,12,0,104
"D","Yorkshire and The Humber","36","North Yorkshire","36UD","Harrogate","E02005773","Harrogate 013",,,8069,4788,1430,3277,81,2056,1618,438,1021,920,23,67,11,204
"D","Yorkshire and The Humber","36","North Yorkshire","36UD","Harrogate","E02005774","Harrogate 014",,,8609,6853,2291,4520,42,1040,452,588,561,484,25,37,15,155
"D","Yorkshire and The Humber","36","North Yorkshire","36UD","Harrogate","E02005775","Harrogate 015",,,7528,4881,1925,2936,20,466,91,375,2075,1948,35,71,21,106
"D","Yorkshire and The Humber","36","North Yorkshire","36UD","Harrogate","E02005776","Harrogate 016",,,7323,5862,2152,3694,16,562,416,146,682,594,38,33,17,217
"D","Yorkshire and The Humber","36","North Yorkshire","36UD","Harrogate","E02005777","Harrogate 017",,,8341,7434,2541,4812,81,397,188,209,409,349,25,26,9,101
"D","Yorkshire and The Humber","36","North Yorkshire","36UD","Harrogate","E02005778","Harrogate 018",,,5801,4251,2030,2200,21,201,142,59,886,710,94,19,63,463
"D","Yorkshire and The Humber","36","North Yorkshire","36UD","Harrogate","E02005779","Harrogate 019",,,6712,5349,2296,3039,14,112,56,56,1143,1088,4,44,7,108
"D","Yorkshire and The Humber","36","North Yorkshire","36UD","Harrogate","E02005780","Harrogate 020",,,9443,8466,3487,4974,5,244,45,199,608,545,16,40,7,125
"D","Yorkshire and The Humber","36","North Yorkshire","36UD","Harrogate","E02005781","Harrogate 021",,,5612,4840,2011,2803,26,372,263,109,278,235,20,9,14,122
"D","Yorkshire and The Humber","36","North Yorkshire","36UE","Richmondshire","E02005782","Richmondshire 001",,,7442,5556,2329,3215,12,478,443,35,1053,897,48,66,42,355
"D","Yorkshire and The Humber","36","North Yorkshire","36UE","Richmondshire","E02005783","Richmondshire 002",,,8078,6085,2226,3840,19,1102,959,143,757,623,30,69,35,134
"D","Yorkshire and The Humber","36","North Yorkshire","36UE","Richmondshire","E02005784","Richmondshire 003",,,5170,3888,1200,2664,24,659,340,319,571,259,154,39,119,52
"D","Yorkshire and The Humber","36","North Yorkshire","36UE","Richmondshire","E02005785","Richmondshire 004",,,9846,3243,827,2385,31,2265,1411,854,4158,510,2113,26,1509,180
"D","Yorkshire and The Humber","36","North Yorkshire","36UE","Richmondshire","E02005786","Richmondshire 005",,,5892,4391,2607,1761,23,329,197,132,942,737,49,95,61,230
"D","Yorkshire and The Humber","36","North Yorkshire","36UE","Richmondshire","E02005787","Richmondshire 006",,,7114,5234,2611,2584,39,571,429,142,1030,858,57,74,41,279
"D","Yorkshire and The Humber","36","North Yorkshire","36UF","Ryedale","E02005788","Ryedale 001",,,6329,4624,2502,2106,16,583,25,558,884,749,31,81,23,238
"D","Yorkshire and The Humber","36","North Yorkshire","36UF","Ryedale","E02005789","Ryedale 002",,,9969,7623,3775,3805,43,1136,96,1040,984,851,32,53,48,226
"D","Yorkshire and The Humber","36","North Yorkshire","36UF","Ryedale","E02005790","Ryedale 003",,,6203,4161,2250,1882,29,582,42,540,1123,958,91,50,24,337
"D","Yorkshire and The Humber","36","North Yorkshire","36UF","Ryedale","E02005791","Ryedale 004",,,6361,3860,1633,2213,14,964,61,903,1108,964,61,63,20,429
"D","Yorkshire and The Humber","36","North Yorkshire","36UF","Ryedale","E02005792","Ryedale 005",,,4907,3354,1348,1973,33,797,50,747,630,569,26,19,16,126
"D","Yorkshire and The Humber","36","North Yorkshire","36UF","Ryedale","E02005793","Ryedale 006",,,6775,5214,1770,3409,35,981,47,934,469,402,32,25,10,111
"D","Yorkshire and The Humber","36","North Yorkshire","36UF","Ryedale","E02005794","Ryedale 007",,,9026,6336,2856,3458,22,795,68,727,1429,1258,106,49,16,466
"D","Yorkshire and The Humber","36","North Yorkshire","36UG","Scarborough","E02005795","Scarborough 001",,,6836,4610,2142,2405,63,1145,785,360,947,824,44,52,27,134
"D","Yorkshire and The Humber","36","North Yorkshire","36UG","Scarborough","E02005796","Scarborough 002",,,6968,4904,2402,2432,70,558,447,111,1226,1099,33,77,17,280
"D","Yorkshire and The Humber","36","North Yorkshire","36UG","Scarborough","E02005797","Scarborough 003",,,6411,4580,1772,2746,62,1301,957,344,412,357,3,45,7,118
"D","Yorkshire and The Humber","36","North Yorkshire","36UG","Scarborough","E02005798","Scarborough 004",,,8219,6808,3369,3420,19,577,459,118,656,559,17,50,30,178
"D","Yorkshire and The Humber","36","North Yorkshire","36UG","Scarborough","E02005799","Scarborough 005",,,9162,8098,3271,4785,42,666,572,94,315,235,6,52,22,83
"D","Yorkshire and The Humber","36","North Yorkshire","36UG","Scarborough","E02005800","Scarborough 006",,,6977,4234,1546,2673,15,880,449,431,1754,1595,20,109,30,109
"D","Yorkshire and The Humber","36","North Yorkshire","36UG","Scarborough","E02005801","Scarborough 007",,,5577,3026,1119,1900,7,2098,1782,316,309,252,3,47,7,144
"D","Yorkshire and The Humber","36","North Yorkshire","36UG","Scarborough","E02005802","Scarborough 008",,,7585,5898,1676,4197,25,209,37,172,1412,1239,11,141,21,66
"D","Yorkshire and The Humber","36","North Yorkshire","36UG","Scarborough","E02005803","Scarborough 009",,,8093,5997,2204,3725,68,1244,932,312,747,636,44,58,9,105
"D","Yorkshire and The Humber","36","North Yorkshire","36UG","Scarborough","E02005804","Scarborough 010",,,6627,3886,2114,1750,22,283,133,150,2350,2211,14,99,26,108
"D","Yorkshire and The Humber","36","North Yorkshire","36UG","Scarborough","E02005805","Scarborough 011",,,7003,6152,2406,3571,175,379,187,192,410,332,18,45,15,62
"D","Yorkshire and The Humber","36","North Yorkshire","36UG","Scarborough","E02005806","Scarborough 012",,,6920,3928,1130,2753,45,2567,1873,694,230,182,10,38,0,195
"D","Yorkshire and The Humber","36","North Yorkshire","36UG","Scarborough","E02005807","Scarborough 013",,,5988,4938,1985,2934,19,342,243,99,558,480,20,32,26,150
"D","Yorkshire and The Humber","36","North Yorkshire","36UG","Scarborough","E02005808","Scarborough 014",,,11065,8627,4435,4093,99,1324,960,364,895,770,20,80,25,219
"D","Yorkshire and The Humber","36","North Yorkshire","36UH","Selby","E02005809","Selby 001",,,7294,5829,1835,3990,4,869,824,45,447,320,85,22,20,149
"D","Yorkshire and The Humber","36","North Yorkshire","36UH","Selby","E02005810","Selby 002",,,7553,6193,2256,3908,29,565,469,96,654,576,22,28,28,141
"D","Yorkshire and The Humber","36","North Yorkshire","36UH","Selby","E02005811","Selby 003",,,8319,7089,2214,4842,33,607,472,135,464,404,30,22,8,159
"D","Yorkshire and The Humber","36","North Yorkshire","36UH","Selby","E02005812","Selby 004",,,8073,6489,1876,4589,24,1096,978,118,324,280,6,25,13,164
"D","Yorkshire and The Humber","36","North Yorkshire","36UH","Selby","E02005813","Selby 005",,,8727,5038,1471,3514,53,2806,2060,746,663,585,22,42,14,220
"D","Yorkshire and The Humber","36","North Yorkshire","36UH","Selby","E02005814","Selby 006",,,6383,5138,1913,3200,25,1001,629,372,159,132,7,12,8,85
"D","Yorkshire and The Humber","36","North Yorkshire","36UH","Selby","E02005815","Selby 007",,,7828,7372,2282,5069,21,227,137,90,180,148,6,18,8,49
"D","Yorkshire and The Humber","36","North Yorkshire","36UH","Selby","E02005816","Selby 008",,,7580,6656,2082,4562,12,430,361,69,398,312,10,44,32,96
"D","Yorkshire and The Humber","36","North Yorkshire","36UH","Selby","E02005817","Selby 009",,,6687,5613,1854,3749,10,683,605,78,273,198,28,28,19,118
"D","Yorkshire and The Humber","36","North Yorkshire","36UH","Selby","E02005818","Selby 010",,,7046,5979,2190,3780,9,670,627,43,260,205,26,14,15,137