DATASET_TITLE,Population (UV01),,,,FROM,Apr-2001,Apr-2001,Apr-2001,Apr-2001
AREA_TYPE,County,,,,TO,Apr-2001,Apr-2001,Apr-2001,Apr-2001
GEO_HIERARCHY,NeSS Geography Hierarchy,,,,HEADING,All People,People resident in households,People resident in Communal Establishments,"People resident in Communal Establishments, of which People Sleeping Rough"
,,,,,MEASUREMENT_UNIT,Count,Count,Count,Count
,,,,,STATISTICAL_UNIT,Persons,Persons,Persons,Persons
GOR_CODE,GOR_NAME,CTY_CODE,CTY_NAME,AREA_METADATA,,DATA_VALUE,DATA_VALUE,DATA_VALUE,DATA_VALUE
"D","Yorkshire and The Humber","36","North Yorkshire",,,569660,552998,16662,0