DATASET_TITLE,"Fire and Rescue Service: Fires Attended, 2005",,,,,,,,,,FROM,Jan-2005,Jan-2005,Jan-2005,Jan-2005,Jan-2005,Jan-2005,Jan-2005,Jan-2005,Jan-2005,Jan-2005,Jan-2005,Jan-2005,Jan-2005,Jan-2005,Jan-2005,Jan-2005,Jan-2005,Jan-2005
AREA_TYPE,Region,,,,,,,,,,TO,Dec-2005,Dec-2005,Dec-2005,Dec-2005,Dec-2005,Dec-2005,Dec-2005,Dec-2005,Dec-2005,Dec-2005,Dec-2005,Dec-2005,Dec-2005,Dec-2005,Dec-2005,Dec-2005,Dec-2005,Dec-2005
GEO_HIERARCHY,NeSS Geography Hierarchy,,,,,,,,,,HEADING,Total Fires,Total Fires; Accidental,Total Fires; Deliberate,Dwelling Fires,Dwelling Fires; Accidental,Dwelling Fires; Deliberate,Other Building Fires,Other Building Fires; Accidental,Other Building Fires; Deliberate,Road Vehicle Fires,Road Vehicle Fires; Accidental,Road Vehicle Fires; Deliberate,Other Outdoor Location Fires,Other Outdoor Location Fires; Accidental,Other Outdoor Location Fires; Deliberate,Total Casualties,Fatal Casualties,Non Fatal Casualties
,,,,,,,,,,,MEASUREMENT_UNIT,Count,Count,Count,Count,Count,Count,Count,Count,Count,Count,Count,Count,Count,Count,Count,Count,Count,Count
,,,,,,,,,,,STATISTICAL_UNIT,Incidents,Incidents,Incidents,Incidents,Incidents,Incidents,Incidents,Incidents,Incidents,Incidents,Incidents,Incidents,Incidents,Incidents,Incidents,Incidents,Incidents,Incidents
UK_CODE,UK_NAME,GB_CODE,GB_NAME,EW_CODE,EW_NAME,CTRY_CODE,CTRY_NAME,GOR_CODE,GOR_NAME,AREA_METADATA,,DATA_VALUE,DATA_VALUE,DATA_VALUE,DATA_VALUE,DATA_VALUE,DATA_VALUE,DATA_VALUE,DATA_VALUE,DATA_VALUE,DATA_VALUE,DATA_VALUE,DATA_VALUE,DATA_VALUE,DATA_VALUE,DATA_VALUE,DATA_VALUE,DATA_VALUE,DATA_VALUE
"213","United Kingdom","078","Great Britain","727","England and Wales","064","England",,,,,140280,73824,66456,46606,38418,8188,29375,17715,11660,55025,14690,40335,9274,3001,6273,11638,387,11251
"213","United Kingdom","078","Great Britain","727","England and Wales","220","Wales",,,,,9140,4535,4605,2535,2168,367,1756,1105,651,4231,1032,3199,618,230,388,775,31,744
"213","United Kingdom","078","Great Britain","727","England and Wales",,,,,,,149420,78359,71061,49141,40586,8555,31131,18820,12311,59256,15722,43534,9892,3231,6661,12413,418,11995
"213","United Kingdom","078","Great Britain","727","England and Wales","064","England","A","North East",,,9251,4470,4781,3164,2539,625,1942,1069,873,3464,683,2781,681,179,502,641,18,623
"213","United Kingdom","078","Great Britain","727","England and Wales","064","England","B","North West",,,27623,13494,14129,10029,7972,2057,5614,3221,2393,9998,1887,8111,1982,414,1568,3017,76,2941
"213","United Kingdom","078","Great Britain","727","England and Wales","064","England","D","Yorkshire and The Humber",,,16699,6876,9823,4533,3526,1007,3178,1724,1454,7912,1312,6600,1076,314,762,1454,41,1413
"213","United Kingdom","078","Great Britain","727","England and Wales","064","England","E","East Midlands",,,11714,5684,6030,3244,2562,682,2486,1386,1100,4905,1347,3558,1079,389,690,783,22,761
"213","United Kingdom","078","Great Britain","727","England and Wales","064","England","F","West Midlands",,,15099,7707,7392,4975,3963,1012,3121,1855,1266,6069,1600,4469,934,289,645,807,38,769
"213","United Kingdom","078","Great Britain","727","England and Wales","064","England","G","East of England",,,12049,6809,5240,3591,3077,514,2567,1591,976,5061,1813,3248,830,328,502,983,46,937
"213","United Kingdom","078","Great Britain","727","England and Wales","064","England","H","London",,,16056,10069,5987,7225,6117,1108,3520,2386,1134,4841,1417,3424,470,149,321,1706,60,1646
"213","United Kingdom","078","Great Britain","727","England and Wales","064","England","J","South East",,,18910,11047,7863,5906,5151,755,4082,2612,1470,7760,2824,4936,1162,460,702,1353,52,1301
"213","United Kingdom","078","Great Britain","727","England and Wales","064","England","K","South West",,,12879,7668,5211,3939,3511,428,2865,1871,994,5015,1807,3208,1060,479,581,894,34,860