DATASET_TITLE,"Jobseeker's Allowance Claimants by Ethnicity, October 2008 - September 2009",,,,,,,,FROM,Oct-2008,Oct-2008,Oct-2008,Oct-2008,Oct-2008,Oct-2008,Oct-2008
AREA_TYPE,Former Local Authority,,,,,,,,TO,Sep-2009,Sep-2009,Sep-2009,Sep-2009,Sep-2009,Sep-2009,Sep-2009
GEO_HIERARCHY,NeSS Geography Hierarchy,,,,,,,,HEADING,White,Mixed,Black or Black British,Asian or Asian British,Chinese or Other,Unknown,Prefer Not To Say
,,,,,,,,,MEASUREMENT_UNIT,Count,Count,Count,Count,Count,Count,Count
,,,,,,,,,STATISTICAL_UNIT,Persons,Persons,Persons,Persons,Persons,Persons,Persons
GOR_CODE,GOR_NAME,CTY_CODE,CTY_NAME,LA_CODE,LA_NAME,FLA_CODE,FLA_NAME,AREA_METADATA,,DATA_VALUE,DATA_VALUE,DATA_VALUE,DATA_VALUE,DATA_VALUE,DATA_VALUE,DATA_VALUE
"A","North East",,,"00EJ","Durham","20UB","Chester-le-Street",,,1175,0,0,5,5,10,65
"A","North East",,,"00EJ","Durham","20UD","Derwentside",,,2485,5,0,5,0,15,80
"A","North East",,,"00EJ","Durham","20UE","Durham",,,1730,5,5,5,5,10,65
"A","North East",,,"00EJ","Durham","20UF","Easington",,,2895,5,0,5,5,35,180
"A","North East",,,"00EJ","Durham","20UG","Sedgefield",,,2720,0,5,5,5,35,180
"A","North East",,,"00EJ","Durham","20UH","Teesdale",,,370,0,0,0,0,5,5
"A","North East",,,"00EJ","Durham","20UJ","Wear Valley",,,2120,5,0,0,5,20,110
"A","North East",,,"00EM","Northumberland","35UB","Alnwick",,,515,0,0,0,0,5,30
"A","North East",,,"00EM","Northumberland","35UC","Berwick-upon-Tweed",,,330,0,0,0,0,5,15
"A","North East",,,"00EM","Northumberland","35UD","Blyth Valley",,,2190,5,5,5,10,35,220
"A","North East",,,"00EM","Northumberland","35UE","Castle Morpeth",,,780,5,0,5,5,10,75
"A","North East",,,"00EM","Northumberland","35UF","Tynedale",,,835,5,0,5,0,5,45
"A","North East",,,"00EM","Northumberland","35UG","Wansbeck",,,1925,5,0,5,0,30,225
"B","North West",,,"00EQ","Cheshire East","13UC","Congleton",,,1535,5,5,10,5,10,105
"B","North West",,,"00EQ","Cheshire East","13UD","Crewe and Nantwich",,,2580,35,20,15,15,25,160
"B","North West",,,"00EQ","Cheshire East","13UG","Macclesfield",,,2310,20,15,15,25,25,110
"B","North West",,,"00EW","Cheshire West and Chester","13UB","Chester",,,2075,15,15,20,10,15,75
"B","North West",,,"00EW","Cheshire West and Chester","13UE","Ellesmere Port & Neston",,,1845,5,5,5,5,10,100
"B","North West",,,"00EW","Cheshire West and Chester","13UH","Vale Royal",,,2745,10,5,5,10,30,75
"F","West Midlands",,,"00GG","Shropshire","39UB","Bridgnorth",,,750,5,0,5,0,10,40
"F","West Midlands",,,"00GG","Shropshire","39UC","North Shropshire",,,990,5,5,5,0,10,45
"F","West Midlands",,,"00GG","Shropshire","39UD","Oswestry",,,785,5,0,0,0,15,40
"F","West Midlands",,,"00GG","Shropshire","39UE","Shrewsbury and Atcham",,,1510,10,0,5,5,25,85
"F","West Midlands",,,"00GG","Shropshire","39UF","South Shropshire",,,510,5,0,0,0,10,30
"G","East of England",,,"00KC","Central Bedfordshire","09UC","Mid Bedfordshire",,,2010,10,20,25,10,25,90
"G","East of England",,,"00KC","Central Bedfordshire","09UE","South Bedfordshire",,,2250,40,70,45,10,15,220
"K","South West",,,"00HE","Cornwall","15UB","Caradon",,,1065,5,0,0,5,15,35
"K","South West",,,"00HE","Cornwall","15UC","Carrick",,,1350,5,5,5,5,15,45
"K","South West",,,"00HE","Cornwall","15UD","Kerrier",,,1490,10,0,5,0,15,50
"K","South West",,,"00HE","Cornwall","15UE","North Cornwall",,,1005,0,5,0,0,10,25
"K","South West",,,"00HE","Cornwall","15UF","Penwith",,,1000,10,5,5,0,10,30
"K","South West",,,"00HE","Cornwall","15UG","Restormel",,,1710,5,10,0,5,20,100
"K","South West",,,"00HY","Wiltshire","46UB","Kennet",,,1005,5,5,5,0,15,35
"K","South West",,,"00HY","Wiltshire","46UC","North Wiltshire",,,2055,20,20,20,10,25,100
"K","South West",,,"00HY","Wiltshire","46UD","Salisbury",,,1360,10,5,10,5,20,75
"K","South West",,,"00HY","Wiltshire","46UF","West Wiltshire",,,2305,15,35,10,10,35,65