DATASET_TITLE,National Statistics Socio-economic Classification (UV31),,,,,,,,FROM,Apr-2001,Apr-2001,Apr-2001,Apr-2001,Apr-2001,Apr-2001,Apr-2001,Apr-2001,Apr-2001,Apr-2001,Apr-2001,Apr-2001,Apr-2001,Apr-2001,Apr-2001,Apr-2001,Apr-2001,Apr-2001,Apr-2001,Apr-2001,Apr-2001,Apr-2001,Apr-2001,Apr-2001,Apr-2001,Apr-2001,Apr-2001,Apr-2001,Apr-2001,Apr-2001,Apr-2001,Apr-2001,Apr-2001,Apr-2001,Apr-2001,Apr-2001,Apr-2001,Apr-2001,Apr-2001,Apr-2001,Apr-2001,Apr-2001,Apr-2001,Apr-2001,Apr-2001,Apr-2001,Apr-2001,Apr-2001,Apr-2001,Apr-2001,Apr-2001
AREA_TYPE,Super Output Area Middle Layer,,,,,,,,TO,Apr-2001,Apr-2001,Apr-2001,Apr-2001,Apr-2001,Apr-2001,Apr-2001,Apr-2001,Apr-2001,Apr-2001,Apr-2001,Apr-2001,Apr-2001,Apr-2001,Apr-2001,Apr-2001,Apr-2001,Apr-2001,Apr-2001,Apr-2001,Apr-2001,Apr-2001,Apr-2001,Apr-2001,Apr-2001,Apr-2001,Apr-2001,Apr-2001,Apr-2001,Apr-2001,Apr-2001,Apr-2001,Apr-2001,Apr-2001,Apr-2001,Apr-2001,Apr-2001,Apr-2001,Apr-2001,Apr-2001,Apr-2001,Apr-2001,Apr-2001,Apr-2001,Apr-2001,Apr-2001,Apr-2001,Apr-2001,Apr-2001,Apr-2001,Apr-2001
GEO_HIERARCHY,NeSS Geography Hierarchy,,,,,,,,HEADING,All People,1. Higher managerial and professional occupations,1. Higher managerial and professional occupations:  1.1 Large employers and higher managerial occupations,1. Higher managerial and professional occupations:  1.1 Large employers and higher managerial occupations:  L1 Employers in large organisations,1. Higher managerial and professional occupations:  1.1 Large employers and higher managerial occupations:  L2 Higher managerial,1. Higher managerial and professional occupations:  1.2 Higher professional occupations,1. Higher managerial and professional occupations:  1.2 Higher professional occupations:  L3.1 Higher professionals (traditional) - employees,1. Higher managerial and professional occupations:  1.2 Higher professional occupations:  L3.2 Higher professionals (new) - employees,1. Higher managerial and professional occupations:  1.2 Higher professional occupations:  L3.3 Higher professionals (traditional) - self-employed,1. Higher managerial and professional occupations:  1.2 Higher professional occupations:  L3.4 Higher professionals (new) - self-employed,2. Lower managerial and professional occupations,2. Lower managerial and professional occupations:  L4.1 Lower professionals and higher technical (traditional) - employees,2. Lower managerial and professional occupations:  L4.2 Lower professionals and higher technical (new) - employees,2. Lower managerial and professional occupations:  L4.3 Lower professionals and higher technical (traditional) - self-employed,2. Lower managerial and professional occupations:  L4.4 Lower professional and higher technical (new) - self employed,2. Lower managerial and professional occupations:  L5 Lower managerial,2. Lower managerial and professional occupations:  L6 Higher supervisory,3. Intermediate occupations,3. Intermediate occupations:  L7.1 Intermediate clerical and administrative,3. Intermediate occupations:  L7.2 Intermediate sales and service,3. Intermediate occupations:  L7.3 Intermediate technical and auxiliary,3. Intermediate occupations:  L7.4 Intermediate engineering,4. Small employers and own account workers,4. Small employers and own account workers:  L8.1 Employers in small organisations (non-professional),4. Small employers and own account workers:  L8.2 Employers in small organisations (agriculture),4. Small employers and own account workers:  L9.1 Own account workers (non-professional),4. Small employers and own account workers:  L9.2 Own account workers (agriculture),5. Lower supervisory and technical occupations,5. Lower supervisory and technical occupations:  L10 Lower supervisory,5. Lower supervisory and technical occupations:  L11.1 Lower technical craft,5. Lower supervisory and technical occupations:  L11.2 Lower technical process operative,6. Semi-routine occupations,6. Semi-routine occupations:  L12.1 Semi-routine sales,6. Semi-routine occupations:  L12.2 Semi-routine service,6. Semi-routine occupations:  L12.3 Semi-routine technical,6. Semi-routine occupations:  L12.4 Semi-routine operative,6. Semi-routine occupations:  L12.5 Semi-routine agriculture,6. Semi-routine occupations:  L12.6 Semi-routine clerical,6. Semi-routine occupations:  L12.7 Semi-routine childcare,7. Routine occupations,7. Routine occupations:  L13.1 Routine sales and service,7. Routine occupations:  L13.2 Routine production,7. Routine occupations:  L13.3 Routine technical,7. Routine occupations:  L13.4 Routine operative,7. Routine occupations:  L13.5 Routine agricultural,8. Never worked and long-term unemployed,8. Never worked and long-term unemployed:  L14.1 Never worked,8. Never worked and long-term unemployed:  L14.2 Long-term unemployed,Not Classified,Not Classified:  L15 Full-time students,Not Classified:  L17 Not classifiable for other reasons
,,,,,,,,,MEASUREMENT_UNIT,Count,Count,Count,Count,Count,Count,Count,Count,Count,Count,Count,Count,Count,Count,Count,Count,Count,Count,Count,Count,Count,Count,Count,Count,Count,Count,Count,Count,Count,Count,Count,Count,Count,Count,Count,Count,Count,Count,Count,Count,Count,Count,Count,Count,Count,Count,Count,Count,Count,Count,Count
,,,,,,,,,STATISTICAL_UNIT,Persons,Persons,Persons,Persons,Persons,Persons,Persons,Persons,Persons,Persons,Persons,Persons,Persons,Persons,Persons,Persons,Persons,Persons,Persons,Persons,Persons,Persons,Persons,Persons,Persons,Persons,Persons,Persons,Persons,Persons,Persons,Persons,Persons,Persons,Persons,Persons,Persons,Persons,Persons,Persons,Persons,Persons,Persons,Persons,Persons,Persons,Persons,Persons,Persons,Persons,Persons
GOR_CODE,GOR_NAME,CTY_CODE,CTY_NAME,LA_CODE,LA_NAME,MSOA_CODE,MSOA_NAME,AREA_METADATA,,DATA_VALUE,DATA_VALUE,DATA_VALUE,DATA_VALUE,DATA_VALUE,DATA_VALUE,DATA_VALUE,DATA_VALUE,DATA_VALUE,DATA_VALUE,DATA_VALUE,DATA_VALUE,DATA_VALUE,DATA_VALUE,DATA_VALUE,DATA_VALUE,DATA_VALUE,DATA_VALUE,DATA_VALUE,DATA_VALUE,DATA_VALUE,DATA_VALUE,DATA_VALUE,DATA_VALUE,DATA_VALUE,DATA_VALUE,DATA_VALUE,DATA_VALUE,DATA_VALUE,DATA_VALUE,DATA_VALUE,DATA_VALUE,DATA_VALUE,DATA_VALUE,DATA_VALUE,DATA_VALUE,DATA_VALUE,DATA_VALUE,DATA_VALUE,DATA_VALUE,DATA_VALUE,DATA_VALUE,DATA_VALUE,DATA_VALUE,DATA_VALUE,DATA_VALUE,DATA_VALUE,DATA_VALUE,DATA_VALUE,DATA_VALUE,DATA_VALUE
"A","North East",,,"00CH","Gateshead","E02001682","Gateshead 001",,,5619,417,192,14,178,225,147,42,31,5,1063,536,46,37,6,275,163,563,245,230,59,29,282,101,0,178,3,435,297,119,19,693,230,229,66,85,3,63,17,488,73,45,172,198,0,151,83,68,1527,265,1262
"A","North East",,,"00CH","Gateshead","E02001683","Gateshead 002",,,6511,428,171,13,158,257,174,50,25,8,1310,657,65,59,6,334,189,754,334,293,102,25,380,124,4,247,5,546,342,179,25,829,285,277,71,84,4,82,26,623,117,31,246,225,4,128,76,52,1513,314,1199
"A","North East",,,"00CH","Gateshead","E02001684","Gateshead 003",,,4568,133,60,7,53,73,51,17,5,0,516,262,21,13,0,131,89,397,188,167,29,13,172,63,0,106,3,338,222,95,21,535,176,177,46,73,3,38,22,675,80,75,194,323,3,352,271,81,1450,228,1222
"A","North East",,,"00CH","Gateshead","E02001685","Gateshead 004",,,5335,125,71,9,62,54,40,9,5,0,508,195,27,9,3,182,92,398,147,185,56,10,197,76,3,115,3,443,291,131,21,915,327,325,74,112,3,55,19,753,94,74,230,346,9,320,204,116,1676,231,1445
"A","North East",,,"00CH","Gateshead","E02001686","Gateshead 005",,,5472,303,133,8,125,170,101,46,20,3,949,431,63,23,3,262,167,595,271,258,48,18,264,111,0,150,3,515,336,158,21,779,316,226,66,81,0,70,20,568,89,27,235,217,0,126,84,42,1373,275,1098
"A","North East",,,"00CH","Gateshead","E02001687","Gateshead 006",,,7933,284,111,17,94,173,117,35,16,5,980,459,51,26,3,267,174,665,281,306,61,17,258,88,3,167,0,538,344,169,25,1048,328,396,89,136,0,77,22,1020,138,108,290,480,4,640,444,196,2500,720,1780
"A","North East",,,"00CH","Gateshead","E02001688","Gateshead 007",,,4545,99,43,7,36,56,34,17,5,0,431,189,21,10,3,141,67,381,151,178,38,14,145,52,0,93,0,412,270,124,18,681,238,239,69,88,3,34,10,722,94,73,180,375,0,381,266,115,1293,193,1100
"A","North East",,,"00CH","Gateshead","E02001689","Gateshead 008",,,5071,158,57,15,42,101,65,19,13,4,580,312,24,31,3,136,74,338,148,138,41,11,191,60,3,128,0,317,219,80,18,606,203,238,37,71,0,34,23,621,87,73,152,309,0,541,428,113,1719,634,1085
"A","North East",,,"00CH","Gateshead","E02001690","Gateshead 009",,,5221,343,162,13,149,181,110,44,24,3,925,428,53,30,3,256,155,575,227,278,47,23,248,99,3,146,0,385,232,142,11,669,246,210,47,79,4,64,19,499,87,38,144,227,3,209,153,56,1368,288,1080
"A","North East",,,"00CH","Gateshead","E02001691","Gateshead 010",,,5993,272,108,18,90,164,98,42,20,4,818,422,41,21,7,201,126,572,231,278,50,13,268,96,0,172,0,458,319,118,21,851,309,293,70,98,0,62,19,658,103,74,168,313,0,458,346,112,1638,413,1225
"A","North East",,,"00CH","Gateshead","E02001692","Gateshead 011",,,4404,118,46,4,42,72,54,11,4,3,383,160,29,11,0,97,86,341,142,149,38,12,140,37,0,103,0,374,234,116,24,662,228,243,51,88,3,39,10,672,95,82,161,334,0,387,302,85,1327,207,1120
"A","North East",,,"00CH","Gateshead","E02001693","Gateshead 012",,,4137,109,52,7,45,57,38,13,6,0,376,171,12,10,3,103,77,338,138,157,28,15,120,31,0,89,0,330,209,102,19,579,191,194,58,71,3,47,15,627,80,88,157,302,0,235,164,71,1423,212,1211
"A","North East",,,"00CH","Gateshead","E02001694","Gateshead 013",,,4768,207,97,10,87,110,73,25,9,3,694,304,36,11,3,209,131,524,241,226,44,13,183,64,0,119,0,446,289,136,21,706,220,223,81,89,3,75,15,564,70,62,167,262,3,144,95,49,1300,257,1043
"A","North East",,,"00CH","Gateshead","E02001695","Gateshead 014",,,4366,265,128,12,116,137,75,52,10,0,785,360,44,17,0,195,169,629,291,262,59,17,173,69,0,104,0,431,256,146,29,542,182,142,57,82,0,59,20,440,55,63,152,170,0,106,71,35,995,232,763
"A","North East",,,"00CH","Gateshead","E02001696","Gateshead 015",,,6558,155,80,12,68,75,47,21,7,0,558,249,20,13,3,161,112,546,236,244,47,19,190,59,0,131,0,508,307,160,41,958,318,329,100,140,0,62,9,1029,119,146,301,457,6,296,198,98,2318,313,2005
"A","North East",,,"00CH","Gateshead","E02001697","Gateshead 016",,,5442,496,187,16,171,309,190,73,41,5,1157,623,41,40,8,266,179,577,255,262,43,17,277,115,0,162,0,436,264,148,24,569,186,168,53,89,0,61,12,413,56,38,144,172,3,122,85,37,1395,292,1103
"A","North East",,,"00CH","Gateshead","E02001698","Gateshead 017",,,5692,540,232,13,219,308,185,54,57,12,1268,621,60,35,6,308,238,749,361,313,54,21,280,132,0,148,0,326,189,121,16,498,223,139,22,34,0,62,18,257,53,11,93,100,0,82,58,24,1692,356,1336
"A","North East",,,"00CH","Gateshead","E02001699","Gateshead 018",,,5020,173,79,12,67,94,64,22,8,0,600,280,32,9,3,150,126,539,252,225,49,13,169,61,0,108,0,451,262,161,28,727,246,246,85,97,0,42,11,676,76,84,211,302,3,220,162,58,1465,205,1260
"A","North East",,,"00CH","Gateshead","E02001700","Gateshead 019",,,7873,479,241,20,221,238,144,50,38,6,1366,621,61,34,6,413,231,860,372,394,65,29,403,174,5,216,8,678,412,235,31,1105,392,336,107,130,5,106,29,807,126,75,247,359,0,222,126,96,1953,454,1499
"A","North East",,,"00CH","Gateshead","E02001701","Gateshead 020",,,4643,399,168,16,152,231,140,56,27,8,1060,533,43,25,3,272,184,587,290,241,35,21,232,102,3,127,0,323,210,100,13,454,146,134,49,62,3,41,19,325,56,29,137,103,0,78,53,25,1185,268,917
"A","North East",,,"00CH","Gateshead","E02001702","Gateshead 021",,,5830,147,66,14,52,81,59,15,7,0,519,242,36,8,0,135,98,401,169,188,37,7,182,68,3,111,0,448,289,132,27,909,287,351,90,110,3,54,14,886,122,95,216,447,6,445,321,124,1893,247,1646
"A","North East",,,"00CH","Gateshead","E02001703","Gateshead 022",,,4202,344,143,9,134,201,116,44,33,8,841,438,35,26,4,207,131,379,157,173,38,11,216,75,0,134,7,316,198,105,13,473,200,144,26,38,0,50,15,315,54,21,112,125,3,100,61,39,1218,209,1009
"A","North East",,,"00CH","Gateshead","E02001704","Gateshead 023",,,5207,131,68,9,59,63,29,21,10,3,580,255,36,12,0,166,111,441,180,212,35,14,169,53,0,116,0,423,289,113,21,794,293,239,95,91,3,60,13,715,102,82,219,309,3,194,117,77,1760,199,1561
"A","North East",,,"00CH","Gateshead","E02001705","Gateshead 024",,,4993,220,101,10,91,119,80,22,13,4,729,386,25,27,3,192,96,418,185,174,47,12,248,95,3,141,9,391,264,113,14,715,257,267,47,66,9,53,16,605,65,61,203,273,3,231,131,100,1436,220,1216
"A","North East",,,"00CH","Gateshead","E02001706","Gateshead 025",,,4423,166,89,7,82,77,54,15,8,0,510,204,34,18,5,163,86,379,161,187,22,9,220,78,7,123,12,331,217,92,22,621,210,188,63,90,12,43,15,649,107,63,188,287,4,196,137,59,1351,218,1133
"A","North East",,,"00CH","Gateshead","E02001707","Gateshead 026",,,5833,223,107,4,103,116,69,29,14,4,878,375,47,23,4,262,167,618,268,288,41,21,238,94,0,144,0,528,340,144,44,835,259,252,75,134,3,89,23,759,110,79,242,328,0,192,124,68,1562,261,1301
"A","North East",,,"00CJ","Newcastle upon Tyne","E02001708","Newcastle upon Tyne 001",,,7055,557,212,11,201,345,225,89,28,3,1433,720,63,41,8,344,257,887,423,370,59,35,322,112,8,195,7,615,407,169,39,905,347,285,37,107,12,78,39,668,113,52,255,243,5,209,128,81,1459,413,1046
"A","North East",,,"00CJ","Newcastle upon Tyne","E02001709","Newcastle upon Tyne 002",,,5647,857,266,17,249,591,368,91,115,17,1325,721,33,54,8,310,199,532,258,226,40,8,324,153,0,171,0,246,172,63,11,377,138,113,9,33,3,50,31,217,45,19,66,87,0,150,103,47,1619,443,1176
"A","North East",,,"00CJ","Newcastle upon Tyne","E02001710","Newcastle upon Tyne 003",,,6909,225,85,18,67,140,90,29,18,3,857,404,22,24,3,245,159,643,265,298,64,16,241,77,0,164,0,552,346,164,42,976,319,363,55,128,3,73,35,803,136,87,238,342,0,524,376,148,2088,408,1680
"A","North East",,,"00CJ","Newcastle upon Tyne","E02001711","Newcastle upon Tyne 004",,,6686,323,143,27,116,180,110,41,29,0,851,354,43,24,4,261,165,542,224,257,46,15,268,93,7,168,0,554,369,153,32,963,333,375,40,108,5,67,35,779,133,48,230,368,0,370,261,109,2036,306,1730
"A","North East",,,"00CJ","Newcastle upon Tyne","E02001712","Newcastle upon Tyne 005",,,6612,1406,299,9,290,1107,778,136,179,14,1557,983,42,94,0,276,162,511,245,210,46,10,314,142,0,169,3,210,152,49,9,395,139,125,13,31,4,51,32,213,62,11,58,82,0,168,116,52,1838,863,975
"A","North East",,,"00CJ","Newcastle upon Tyne","E02001713","Newcastle upon Tyne 006",,,7325,1601,334,26,308,1267,803,124,320,20,1620,940,43,85,13,354,185,555,266,231,48,10,400,207,3,190,0,260,183,60,17,449,149,157,16,46,0,58,23,324,97,34,81,109,3,296,222,74,1820,609,1211
"A","North East",,,"00CJ","Newcastle upon Tyne","E02001714","Newcastle upon Tyne 007",,,6866,982,285,19,266,697,493,114,79,11,1578,871,43,59,0,368,237,781,367,330,66,18,349,180,0,169,0,368,249,109,10,510,157,181,24,60,0,52,36,309,60,23,113,113,0,149,118,31,1840,822,1018
"A","North East",,,"00CJ","Newcastle upon Tyne","E02001715","Newcastle upon Tyne 008",,,7076,445,142,21,121,303,208,42,53,0,1005,519,32,30,3,269,152,528,227,238,47,16,315,112,0,203,0,470,313,120,37,889,291,355,39,97,3,68,36,812,159,70,238,342,3,552,400,152,2060,438,1622
"A","North East",,,"00CJ","Newcastle upon Tyne","E02001716","Newcastle upon Tyne 009",,,4664,354,162,11,151,192,130,38,17,7,952,449,62,19,8,233,181,673,314,293,42,24,274,103,0,168,3,366,215,135,16,471,188,141,24,37,0,61,20,230,45,15,83,87,0,54,39,15,1290,331,959
"A","North East",,,"00CJ","Newcastle upon Tyne","E02001717","Newcastle upon Tyne 010",,,3713,162,86,12,74,76,49,15,9,3,528,258,19,15,0,140,96,402,177,171,36,18,180,65,3,112,0,307,197,91,19,500,169,184,21,44,0,55,27,374,58,25,150,138,3,100,64,36,1160,167,993
"A","North East",,,"00CJ","Newcastle upon Tyne","E02001718","Newcastle upon Tyne 011",,,4178,137,61,7,54,76,54,16,3,3,444,182,20,4,3,121,114,322,135,154,23,10,167,47,0,120,0,362,237,104,21,619,201,245,25,91,0,38,19,588,88,61,191,248,0,260,194,66,1279,170,1109
"A","North East",,,"00CJ","Newcastle upon Tyne","E02001719","Newcastle upon Tyne 012",,,6903,716,206,19,187,510,348,98,55,9,1268,742,33,43,5,259,186,648,282,302,50,14,314,123,0,191,0,392,252,118,22,666,219,232,31,70,5,76,33,442,80,20,152,187,3,201,141,60,2256,990,1266
"A","North East",,,"00CJ","Newcastle upon Tyne","E02001720","Newcastle upon Tyne 013",,,6258,1331,252,21,231,1079,779,132,160,8,1128,689,29,82,3,214,111,304,126,130,41,7,179,80,0,99,0,95,81,10,4,171,64,44,3,12,3,24,21,120,51,9,20,40,0,134,82,52,2796,2310,486
"A","North East",,,"00CJ","Newcastle upon Tyne","E02001721","Newcastle upon Tyne 014",,,7342,350,164,20,144,186,120,37,25,4,1094,501,50,49,3,275,216,736,314,324,71,27,382,148,3,223,8,614,410,177,27,1033,322,402,73,111,12,73,40,788,126,61,289,305,7,301,181,120,2044,318,1726
"A","North East",,,"00CJ","Newcastle upon Tyne","E02001722","Newcastle upon Tyne 015",,,7076,275,104,9,95,171,117,34,20,0,880,410,33,15,3,250,169,696,282,316,72,26,288,88,0,200,0,549,351,172,26,1019,350,396,43,99,3,77,51,771,150,48,278,292,3,350,237,113,2248,371,1877
"A","North East",,,"00CJ","Newcastle upon Tyne","E02001723","Newcastle upon Tyne 016",,,4146,237,62,7,55,175,109,23,39,4,555,293,20,27,0,134,81,383,151,188,30,14,223,85,0,135,3,274,186,77,11,638,223,247,25,57,3,57,26,464,90,29,131,211,3,291,213,78,1081,289,792
"A","North East",,,"00CJ","Newcastle upon Tyne","E02001724","Newcastle upon Tyne 017",,,5959,1236,223,16,207,1013,724,131,144,14,1109,650,44,80,8,215,112,321,148,126,42,5,230,107,0,120,3,111,82,25,4,230,87,66,3,24,0,27,23,136,53,10,24,49,0,181,111,70,2405,1960,445
"A","North East",,,"00CJ","Newcastle upon Tyne","E02001725","Newcastle upon Tyne 018",,,7386,542,98,8,90,444,302,112,22,8,1188,770,37,61,0,197,123,580,229,277,60,14,185,53,0,129,3,265,192,62,11,561,173,223,22,54,5,45,39,437,94,34,118,191,0,344,236,108,3284,2401,883
"A","North East",,,"00CJ","Newcastle upon Tyne","E02001726","Newcastle upon Tyne 019",,,7956,305,98,10,88,207,143,42,19,3,976,461,40,26,5,243,201,719,328,311,61,19,423,163,0,257,3,538,373,140,25,1056,361,432,29,94,3,90,47,852,153,73,264,359,3,505,377,128,2582,882,1700
"A","North East",,,"00CJ","Newcastle upon Tyne","E02001727","Newcastle upon Tyne 020",,,6220,210,95,10,85,115,69,31,15,0,754,349,32,13,5,201,154,644,272,299,55,18,266,89,0,177,0,505,326,157,22,918,268,364,74,105,3,65,39,809,111,60,294,344,0,353,242,111,1761,298,1463
"A","North East",,,"00CJ","Newcastle upon Tyne","E02001728","Newcastle upon Tyne 021",,,7372,252,106,10,96,146,88,38,15,5,1052,472,49,28,7,279,217,793,327,383,59,24,349,126,0,223,0,667,444,184,39,1182,376,435,86,151,5,93,36,921,145,67,332,372,5,293,193,100,1863,346,1517
"A","North East",,,"00CJ","Newcastle upon Tyne","E02001729","Newcastle upon Tyne 022",,,8232,502,98,14,84,404,285,69,41,9,881,537,29,52,3,171,89,442,161,223,53,5,359,135,0,224,0,255,190,54,11,667,215,317,17,36,7,45,30,491,121,54,132,184,0,853,689,164,3782,2730,1052
"A","North East",,,"00CJ","Newcastle upon Tyne","E02001730","Newcastle upon Tyne 023",,,7161,531,124,13,111,407,287,67,47,6,1049,610,25,79,3,229,103,462,152,239,61,10,210,80,3,124,3,265,188,63,14,536,178,225,23,51,0,45,14,419,97,23,111,183,5,413,272,141,3276,2302,974
"A","North East",,,"00CJ","Newcastle upon Tyne","E02001731","Newcastle upon Tyne 024",,,7738,549,104,15,89,445,325,76,38,6,759,378,36,41,3,196,105,347,133,162,44,8,158,44,3,108,3,241,177,51,13,527,152,246,19,52,3,41,14,464,123,22,93,223,3,612,453,159,4081,3000,1081
"A","North East",,,"00CJ","Newcastle upon Tyne","E02001732","Newcastle upon Tyne 025",,,4549,116,46,5,41,70,38,24,5,3,477,218,24,13,5,139,78,353,135,159,43,16,162,55,3,104,0,345,240,92,13,625,183,271,37,59,3,43,29,628,108,46,176,293,5,507,375,132,1336,253,1083
"A","North East",,,"00CJ","Newcastle upon Tyne","E02001733","Newcastle upon Tyne 026",,,8163,302,99,13,86,203,124,51,24,4,821,385,37,26,3,237,133,605,248,283,58,16,241,78,0,160,3,580,412,150,18,1144,317,515,79,104,6,97,26,1146,166,85,324,567,4,810,579,231,2514,523,1991
"A","North East",,,"00CJ","Newcastle upon Tyne","E02001734","Newcastle upon Tyne 027",,,5104,178,80,10,70,98,58,22,15,3,653,313,22,16,3,181,118,400,179,181,31,9,212,81,0,131,0,370,268,81,21,676,221,292,33,63,0,45,22,699,130,57,185,327,0,481,352,129,1435,322,1113
"A","North East",,,"00CJ","Newcastle upon Tyne","E02001735","Newcastle upon Tyne 028",,,4368,55,23,3,20,32,19,7,3,3,256,113,10,5,0,81,47,228,100,107,16,5,107,33,0,74,0,335,202,117,16,653,201,299,39,71,3,26,14,693,101,60,177,352,3,515,351,164,1526,226,1300
"A","North East",,,"00CJ","Newcastle upon Tyne","E02001736","Newcastle upon Tyne 029",,,8131,327,82,15,67,245,167,54,24,0,745,384,22,38,3,190,108,436,177,204,46,9,283,105,0,178,0,423,322,88,13,981,296,436,46,88,6,74,35,819,184,53,164,415,3,1323,992,331,2794,1032,1762
"A","North East",,,"00CJ","Newcastle upon Tyne","E02001737","Newcastle upon Tyne 030",,,4380,89,31,7,24,58,33,18,7,0,263,118,6,10,0,82,47,239,105,106,25,3,133,43,0,87,3,286,185,78,23,626,193,278,35,66,0,37,17,685,97,40,195,353,0,577,418,159,1482,224,1258
"A","North East",,,"00CK","North Tyneside","E02001738","North Tyneside 001",,,4338,555,235,14,221,320,184,62,67,7,1079,544,39,37,6,293,160,486,251,185,34,16,258,137,6,115,0,134,95,29,10,266,104,71,8,21,0,45,17,114,47,5,34,25,3,55,34,21,1391,323,1068
"A","North East",,,"00CK","North Tyneside","E02001739","North Tyneside 002",,,5583,277,130,17,113,147,91,43,9,4,831,340,48,14,4,246,179,636,288,297,38,13,267,95,3,165,4,553,349,157,47,776,234,258,47,150,3,70,14,701,83,68,236,311,3,194,120,74,1348,244,1104
"A","North East",,,"00CK","North Tyneside","E02001740","North Tyneside 003",,,4117,596,239,13,226,357,212,60,71,14,1189,666,39,67,10,253,154,448,194,211,37,6,281,121,3,157,0,161,115,39,7,273,98,79,6,22,3,35,30,140,41,6,48,45,0,64,37,27,965,292,673
"A","North East",,,"00CK","North Tyneside","E02001741","North Tyneside 004",,,5272,309,130,6,124,179,116,45,14,4,1031,478,46,34,6,239,228,638,286,284,45,23,276,101,5,170,0,395,265,106,24,551,207,156,31,64,4,58,31,376,63,32,141,137,3,89,42,47,1607,219,1388
"A","North East",,,"00CK","North Tyneside","E02001742","North Tyneside 005",,,4287,435,183,12,171,252,163,48,32,9,1173,618,59,44,7,246,199,570,259,263,33,15,206,74,0,129,3,275,196,70,9,368,156,100,22,27,0,43,20,182,44,16,61,58,3,71,40,31,1007,264,743
"A","North East",,,"00CK","North Tyneside","E02001743","North Tyneside 006",,,5425,457,156,11,145,301,190,78,23,10,1293,723,35,57,9,289,180,606,249,291,52,14,372,145,0,221,6,352,253,79,20,522,166,202,25,52,3,48,26,355,88,33,99,132,3,252,189,63,1216,385,831
"A","North East",,,"00CK","North Tyneside","E02001744","North Tyneside 007",,,4402,282,117,13,104,165,97,49,13,6,811,402,28,20,3,212,146,471,198,218,42,13,233,81,7,142,3,358,231,102,25,563,178,212,39,62,5,47,20,425,73,46,145,161,0,124,73,51,1135,209,926
"A","North East",,,"00CK","North Tyneside","E02001745","North Tyneside 008",,,4794,274,106,10,96,168,105,48,12,3,768,335,32,33,3,214,151,595,233,305,38,19,205,71,0,130,4,437,287,122,28,718,251,215,55,122,3,56,16,575,80,67,189,234,5,148,85,63,1074,272,802
"A","North East",,,"00CK","North Tyneside","E02001746","North Tyneside 009",,,5505,417,161,12,149,256,168,59,21,8,1150,602,55,33,4,278,178,576,255,263,43,15,307,131,5,168,3,406,276,111,19,589,211,207,20,52,3,67,29,430,93,30,144,163,0,184,118,66,1446,330,1116
"A","North East",,,"00CK","North Tyneside","E02001747","North Tyneside 010",,,4554,323,129,8,121,194,122,45,27,0,957,495,32,44,7,219,160,517,212,247,41,17,219,73,6,140,0,300,204,85,11,415,130,139,18,44,4,45,35,229,56,15,90,64,4,86,56,30,1508,260,1248
"A","North East",,,"00CK","North Tyneside","E02001748","North Tyneside 011",,,3969,187,87,14,73,100,60,30,10,0,557,246,23,10,5,172,101,416,160,205,36,15,172,69,3,96,4,332,220,93,19,547,163,224,30,71,3,45,11,451,87,42,155,163,4,166,109,57,1141,188,953
"A","North East",,,"00CK","North Tyneside","E02001749","North Tyneside 012",,,4424,348,152,11,141,196,115,48,27,6,823,393,39,19,4,231,137,587,244,292,35,16,193,71,0,122,0,331,223,95,13,582,205,172,40,90,0,65,10,431,58,26,172,172,3,105,66,39,1024,228,796
"A","North East",,,"00CK","North Tyneside","E02001750","North Tyneside 013",,,4536,388,170,14,156,218,145,48,25,0,959,463,38,31,7,244,176,563,227,267,51,18,221,93,4,124,0,303,199,83,21,402,130,133,23,42,0,52,22,274,62,27,88,94,3,99,67,32,1327,274,1053
"A","North East",,,"00CK","North Tyneside","E02001751","North Tyneside 014",,,4231,216,91,7,84,125,82,28,12,3,665,332,19,15,0,161,138,474,207,212,41,14,206,53,3,150,0,323,232,74,17,537,161,181,41,74,3,56,21,406,56,54,142,151,3,138,94,44,1266,178,1088
"A","North East",,,"00CK","North Tyneside","E02001752","North Tyneside 015",,,4383,150,73,7,66,77,48,16,13,0,507,241,29,9,4,135,89,426,152,201,62,11,161,44,3,111,3,354,222,92,40,686,213,237,57,124,3,35,17,596,73,73,222,225,3,221,130,91,1282,188,1094
"A","North East",,,"00CK","North Tyneside","E02001753","North Tyneside 016",,,4339,505,147,8,139,358,227,63,60,8,1029,602,35,50,0,210,132,395,164,194,29,8,253,99,4,145,5,231,165,53,13,368,127,135,20,35,3,33,15,280,55,24,88,109,4,152,80,72,1126,268,858
"A","North East",,,"00CK","North Tyneside","E02001754","North Tyneside 017",,,4428,492,174,12,162,318,193,63,50,12,1083,585,51,42,3,242,160,501,201,241,46,13,228,98,3,124,3,267,167,83,17,414,153,123,25,40,0,45,28,251,54,17,87,93,0,93,45,48,1099,226,873
"A","North East",,,"00CK","North Tyneside","E02001755","North Tyneside 018",,,5138,606,220,11,209,386,243,87,45,11,1155,611,38,31,4,294,177,605,270,272,47,16,270,112,0,155,3,297,197,87,13,466,165,127,34,51,3,55,31,352,63,33,145,111,0,164,114,50,1223,246,977
"A","North East",,,"00CK","North Tyneside","E02001756","North Tyneside 019",,,5185,148,60,10,50,88,56,24,8,0,527,252,13,7,0,162,93,464,219,205,24,16,179,56,3,115,5,381,233,127,21,776,218,280,51,141,4,53,29,768,95,61,245,364,3,295,182,113,1647,225,1422
"A","North East",,,"00CK","North Tyneside","E02001757","North Tyneside 020",,,4474,232,98,4,94,134,86,36,9,3,704,348,25,17,4,182,128,529,216,246,59,8,170,57,3,110,0,379,242,117,20,564,184,200,39,71,0,51,19,454,73,38,152,186,5,153,84,69,1289,187,1102
"A","North East",,,"00CK","North Tyneside","E02001758","North Tyneside 021",,,4489,211,92,8,84,119,73,32,11,3,772,360,45,19,3,197,148,635,299,283,39,14,170,54,3,113,0,435,278,124,33,664,202,204,66,109,0,62,21,503,77,42,200,184,0,133,89,44,966,291,675
"A","North East",,,"00CK","North Tyneside","E02001759","North Tyneside 022",,,4389,326,125,6,119,201,121,55,18,7,876,472,34,31,3,190,146,521,213,240,59,9,200,72,3,125,0,361,233,105,23,509,138,197,45,52,0,50,27,414,92,22,132,168,0,153,91,62,1029,198,831
"A","North East",,,"00CK","North Tyneside","E02001760","North Tyneside 023",,,5030,111,53,8,45,58,35,19,4,0,529,249,21,10,4,149,96,438,171,195,63,9,169,57,3,106,3,409,277,106,26,830,226,317,65,144,8,50,20,745,110,73,216,340,6,390,253,137,1409,211,1198
"A","North East",,,"00CK","North Tyneside","E02001761","North Tyneside 024",,,4334,154,58,13,45,96,69,21,3,3,527,250,30,8,0,140,99,532,225,244,51,12,162,52,0,107,3,371,223,134,14,624,202,198,50,117,0,38,19,541,77,44,208,212,0,186,125,61,1237,291,946
"A","North East",,,"00CK","North Tyneside","E02001762","North Tyneside 025",,,4337,249,118,14,104,131,76,41,11,3,746,349,31,13,5,198,150,573,268,249,42,14,182,76,0,106,0,468,289,143,36,620,204,204,49,77,3,53,30,480,69,36,197,175,3,107,60,47,912,240,672
"A","North East",,,"00CK","North Tyneside","E02001763","North Tyneside 026",,,4413,125,45,12,33,80,56,17,4,3,428,187,22,10,0,112,97,388,157,170,44,17,155,45,0,110,0,398,257,114,27,725,194,270,58,133,0,53,17,634,90,60,210,274,0,227,140,87,1333,201,1132
"A","North East",,,"00CK","North Tyneside","E02001764","North Tyneside 027",,,4968,198,78,14,64,120,85,20,12,3,706,334,38,26,0,199,109,435,167,225,26,17,206,78,6,113,9,431,311,93,27,693,239,271,42,80,0,42,19,630,84,60,170,313,3,354,229,125,1315,205,1110
"A","North East",,,"00CK","North Tyneside","E02001765","North Tyneside 028",,,4183,104,36,7,29,68,50,15,3,0,452,200,16,5,0,133,98,371,121,205,33,12,148,52,0,93,3,402,277,102,23,713,239,251,44,106,3,49,21,571,71,54,215,231,0,278,178,100,1144,222,922
"A","North East",,,"00CK","North Tyneside","E02001766","North Tyneside 029",,,4423,181,71,4,67,110,67,34,9,0,649,287,21,21,0,200,120,464,189,219,42,14,210,77,3,126,4,382,267,98,17,647,214,246,47,85,0,45,10,546,87,39,198,222,0,230,132,98,1114,255,859
"A","North East",,,"00CK","North Tyneside","E02001767","North Tyneside 030",,,5025,192,71,9,62,121,82,24,15,0,721,346,31,18,5,204,117,507,197,251,47,12,190,64,0,126,0,457,313,121,23,740,245,263,51,109,0,53,19,617,93,47,222,251,4,227,145,82,1374,241,1133
"A","North East",,,"00CL","South Tyneside","E02001768","South Tyneside 001",,,5480,199,68,10,58,131,95,19,17,0,719,416,18,26,4,154,101,465,175,221,49,20,299,122,0,177,0,418,250,139,29,710,207,251,48,132,0,51,21,647,121,84,200,239,3,507,344,163,1516,356,1160
"A","North East",,,"00CL","South Tyneside","E02001769","South Tyneside 002",,,5480,153,72,13,59,81,53,17,8,3,555,268,13,17,0,156,101,356,135,183,25,13,178,82,0,96,0,458,273,155,30,794,244,265,73,150,3,42,17,744,114,63,229,338,0,589,362,227,1653,362,1291
"A","North East",,,"00CL","South Tyneside","E02001770","South Tyneside 003",,,5083,283,112,14,98,171,115,32,21,3,953,543,34,26,4,207,139,557,232,269,40,16,216,77,0,139,0,450,289,140,21,626,186,196,46,121,3,55,19,461,69,56,168,165,3,199,119,80,1338,455,883
"A","North East",,,"00CL","South Tyneside","E02001771","South Tyneside 004",,,4520,168,81,13,68,87,59,19,9,0,522,279,15,11,0,133,84,405,171,175,50,9,161,68,0,90,3,336,207,114,15,562,173,194,45,85,3,43,19,561,108,44,184,222,3,328,195,133,1477,237,1240
"A","North East",,,"00CL","South Tyneside","E02001772","South Tyneside 005",,,4162,168,64,9,55,104,71,23,10,0,663,352,21,15,5,150,120,473,179,226,55,13,162,58,3,101,0,352,225,107,20,572,175,165,46,98,3,65,20,410,67,43,139,158,3,194,127,67,1168,254,914
"A","North East",,,"00CL","South Tyneside","E02001773","South Tyneside 006",,,4392,323,127,17,110,196,128,32,32,4,868,505,21,28,0,187,127,485,218,218,36,13,234,106,0,128,0,330,210,101,19,451,125,128,29,88,0,55,26,303,61,23,126,93,0,117,56,61,1281,278,1003
"A","North East",,,"00CL","South Tyneside","E02001774","South Tyneside 007",,,3901,141,61,8,53,80,52,22,6,0,500,264,15,18,3,116,84,321,139,145,30,7,145,47,0,98,0,319,210,87,22,602,151,217,75,101,0,38,20,522,81,50,174,214,3,298,170,128,1053,192,861
"A","North East",,,"00CL","South Tyneside","E02001775","South Tyneside 008",,,3719,98,43,3,40,55,35,11,6,3,387,188,13,8,3,104,71,298,120,140,27,11,112,22,0,90,0,330,201,114,15,557,179,175,50,108,0,29,16,558,82,62,186,228,0,212,131,81,1167,176,991
"A","North East",,,"00CL","South Tyneside","E02001776","South Tyneside 009",,,5984,215,98,14,84,117,72,37,5,3,732,369,28,16,5,172,142,623,244,305,58,16,239,102,0,137,0,514,297,173,44,861,260,282,82,156,0,61,20,803,134,97,273,293,6,362,227,135,1635,382,1253
"A","North East",,,"00CL","South Tyneside","E02001777","South Tyneside 010",,,4733,254,107,18,89,147,91,42,14,0,781,366,34,17,3,218,143,619,270,286,53,10,189,77,0,112,0,417,249,134,34,624,152,192,72,133,0,56,19,528,82,59,193,194,0,199,103,96,1122,230,892
"A","North East",,,"00CL","South Tyneside","E02001778","South Tyneside 011",,,4407,146,46,5,41,100,75,17,8,0,532,268,29,19,3,119,94,404,172,187,37,8,151,63,0,88,0,350,226,116,8,707,225,215,51,151,3,46,16,669,87,80,197,302,3,270,168,102,1178,202,976
"A","North East",,,"00CL","South Tyneside","E02001779","South Tyneside 012",,,4033,98,56,7,49,42,28,8,6,0,394,182,19,8,3,109,73,275,115,129,26,5,138,52,0,86,0,355,203,119,33,633,163,217,52,141,3,43,14,600,100,62,183,255,0,352,219,133,1188,203,985
"A","North East",,,"00CL","South Tyneside","E02001780","South Tyneside 013",,,4453,137,56,6,50,81,55,12,10,4,483,266,17,12,3,127,58,309,130,145,27,7,171,69,0,102,0,288,184,91,13,589,204,207,44,88,3,32,11,536,106,40,164,226,0,412,277,135,1528,279,1249
"A","North East",,,"00CL","South Tyneside","E02001781","South Tyneside 014",,,3828,71,41,9,32,30,22,8,0,0,301,130,11,6,3,88,63,287,107,141,27,12,100,28,0,69,3,280,168,96,16,642,182,201,64,147,0,40,8,591,81,68,179,263,0,262,152,110,1294,165,1129
"A","North East",,,"00CL","South Tyneside","E02001782","South Tyneside 015",,,6380,176,81,7,74,95,57,25,10,3,681,305,34,13,0,191,138,587,241,276,50,20,219,97,0,122,0,507,299,172,36,895,255,299,92,161,7,60,21,805,102,80,291,328,4,353,211,142,2157,301,1856
"A","North East",,,"00CL","South Tyneside","E02001783","South Tyneside 016",,,4832,111,44,8,36,67,47,13,4,3,401,191,15,10,3,120,62,362,136,187,30,9,141,44,0,94,3,379,244,103,32,784,249,249,65,160,0,37,24,713,130,84,211,285,3,450,273,177,1491,213,1278
"A","North East",,,"00CL","South Tyneside","E02001784","South Tyneside 017",,,5033,139,75,10,65,64,43,15,6,0,537,287,13,7,0,135,95,482,191,224,54,13,151,42,0,109,0,402,254,126,22,774,227,260,80,144,0,48,15,658,108,68,236,243,3,277,158,119,1613,258,1355
"A","North East",,,"00CL","South Tyneside","E02001785","South Tyneside 018",,,5898,353,145,22,123,208,136,34,33,5,914,479,31,26,6,229,143,508,205,255,30,18,311,124,9,169,9,502,320,151,31,702,241,234,42,117,5,52,11,548,99,50,197,199,3,235,127,108,1825,279,1546
"A","North East",,,"00CL","South Tyneside","E02001786","South Tyneside 019",,,5375,162,73,10,63,89,56,23,7,3,563,293,26,11,0,132,101,421,182,177,51,11,181,66,3,109,3,454,274,158,22,807,272,258,54,158,0,49,16,709,98,78,242,284,7,291,160,131,1787,284,1503
"A","North East",,,"00CL","South Tyneside","E02001787","South Tyneside 020",,,4368,178,78,10,68,100,65,27,8,0,591,303,20,18,0,138,112,483,204,219,42,18,171,54,3,108,6,392,228,142,22,652,229,181,52,114,3,58,15,554,86,69,180,219,0,209,120,89,1138,253,885
"A","North East",,,"00CL","South Tyneside","E02001788","South Tyneside 021",,,4485,228,103,8,95,125,75,32,15,3,691,331,27,15,4,190,124,467,196,215,33,23,206,106,0,100,0,397,252,116,29,617,219,179,53,106,0,42,18,544,83,54,201,203,3,231,138,93,1104,231,873
"A","North East",,,"00CL","South Tyneside","E02001789","South Tyneside 022",,,4578,557,209,33,176,348,211,34,97,6,1138,635,42,42,6,262,151,467,222,210,23,12,305,185,4,113,3,251,174,70,7,285,122,65,9,33,0,46,10,156,49,20,54,33,0,70,45,25,1349,324,1025
"A","North East",,,"00CL","South Tyneside","E02001790","South Tyneside 023",,,4182,361,136,18,118,225,144,31,41,9,818,465,28,23,7,174,121,402,176,183,29,14,216,107,3,101,5,288,188,86,14,437,147,126,37,65,3,45,14,278,69,19,95,92,3,108,53,55,1274,222,1052
"A","North East",,,"00CM","Sunderland","E02001791","Sunderland 001",,,4313,263,114,9,105,149,99,38,12,0,815,437,23,21,0,192,142,606,240,304,44,18,177,74,0,100,3,336,188,135,13,465,165,114,43,66,0,56,21,322,55,38,126,103,0,69,40,29,1260,229,1031
"A","North East",,,"00CM","Sunderland","E02001792","Sunderland 002",,,5208,329,128,15,113,201,124,45,25,7,1087,606,39,27,6,250,159,607,238,308,43,18,282,126,0,156,0,362,207,140,15,503,184,132,29,72,0,54,32,353,68,46,131,108,0,87,56,31,1598,315,1283
"A","North East",,,"00CM","Sunderland","E02001793","Sunderland 003",,,6512,108,61,9,52,47,28,15,4,0,458,202,20,12,3,146,75,426,138,243,37,8,153,44,3,106,0,488,324,139,25,1050,335,327,114,181,0,60,33,1094,126,208,297,456,7,557,361,196,2178,257,1921
"A","North East",,,"00CM","Sunderland","E02001794","Sunderland 004",,,6474,128,70,13,57,58,36,15,4,3,496,227,23,7,3,143,93,495,160,284,39,12,173,51,0,122,0,535,325,180,30,997,319,324,91,158,0,76,29,1023,132,181,268,439,3,501,336,165,2126,293,1833
"A","North East",,,"00CM","Sunderland","E02001795","Sunderland 005",,,6144,134,50,8,42,84,54,24,3,3,557,262,19,14,3,170,89,454,149,250,43,12,208,68,0,137,3,458,281,162,15,873,326,248,79,107,0,86,27,890,125,154,286,322,3,493,346,147,2077,319,1758
"A","North East",,,"00CM","Sunderland","E02001796","Sunderland 006",,,6778,359,134,14,120,225,148,54,17,6,1079,582,48,22,5,262,160,718,280,369,51,18,333,139,0,190,4,548,336,168,44,784,255,268,68,89,3,67,34,680,111,71,237,258,3,245,135,110,2032,548,1484
"A","North East",,,"00CM","Sunderland","E02001797","Sunderland 007",,,4514,309,144,15,129,165,93,41,28,3,908,439,46,30,4,232,157,561,252,255,36,18,226,110,3,109,4,377,225,123,29,580,167,141,78,108,3,58,25,425,56,63,134,172,0,105,69,36,1023,244,779
"A","North East",,,"00CM","Sunderland","E02001798","Sunderland 008",,,6256,159,75,15,60,84,54,19,8,3,573,246,42,8,0,183,94,511,184,273,48,6,208,79,0,129,0,548,332,171,45,1027,362,268,106,196,5,62,28,976,110,208,256,402,0,382,246,136,1872,264,1608
"A","North East",,,"00CM","Sunderland","E02001799","Sunderland 009",,,7288,173,82,10,72,91,56,22,13,0,712,314,35,12,0,222,129,607,219,334,36,18,244,95,0,146,3,594,405,155,34,1162,332,305,139,262,4,97,23,1301,139,260,323,575,4,471,287,184,2024,290,1734
"A","North East",,,"00CM","Sunderland","E02001800","Sunderland 010",,,5293,227,117,7,110,110,68,32,6,4,868,388,60,24,7,250,139,678,262,373,25,18,194,65,0,129,0,485,316,130,39,860,282,221,93,160,0,73,31,706,89,131,199,287,0,158,96,62,1117,311,806
"A","North East",,,"00CM","Sunderland","E02001801","Sunderland 011",,,5096,137,46,5,41,91,62,21,8,0,529,296,21,9,0,126,77,409,137,226,38,8,162,60,0,102,0,329,212,99,18,621,200,197,47,96,3,50,28,578,73,82,196,227,0,230,163,67,2101,1292,809
"A","North East",,,"00CM","Sunderland","E02001802","Sunderland 012",,,5088,68,37,12,25,31,26,5,0,0,315,153,13,5,0,95,49,325,99,185,37,4,141,41,3,97,0,382,247,109,26,755,235,272,61,121,4,50,12,877,87,136,217,437,0,558,397,161,1667,241,1426
"A","North East",,,"00CM","Sunderland","E02001803","Sunderland 013",,,6247,218,64,4,60,154,93,35,23,3,611,324,16,30,3,171,67,357,121,191,37,8,175,71,0,100,4,261,156,91,14,474,150,176,36,51,3,36,22,458,73,48,144,193,0,414,263,151,3279,2317,962
"A","North East",,,"00CM","Sunderland","E02001804","Sunderland 014",,,4315,127,70,9,61,57,40,9,8,0,476,230,21,8,0,148,69,379,126,190,56,7,172,68,0,104,0,346,218,108,20,631,191,201,63,116,3,42,15,623,82,96,184,258,3,275,181,94,1286,166,1120
"A","North East",,,"00CM","Sunderland","E02001805","Sunderland 015",,,4423,207,84,13,71,123,88,19,13,3,625,342,20,14,3,141,105,486,176,242,55,13,205,79,3,120,3,343,203,126,14,537,186,142,55,77,0,56,21,465,56,61,167,181,0,153,96,57,1402,257,1145
"A","North East",,,"00CM","Sunderland","E02001806","Sunderland 016",,,6181,152,65,10,55,87,58,18,8,3,616,305,20,22,9,175,85,440,111,271,53,5,219,95,0,116,8,365,228,122,15,716,224,282,44,83,4,51,28,812,108,121,209,370,4,709,461,248,2152,565,1587
"A","North East",,,"00CM","Sunderland","E02001807","Sunderland 017",,,5421,214,115,9,106,99,72,23,0,4,840,380,34,13,0,263,150,606,216,336,29,25,239,89,0,147,3,490,309,138,43,788,257,205,73,137,3,85,28,713,96,138,200,274,5,233,148,85,1298,306,992
"A","North East",,,"00CM","Sunderland","E02001808","Sunderland 018",,,4463,192,70,5,65,122,87,27,8,0,769,462,38,10,0,147,112,506,191,258,37,20,215,92,0,123,0,323,195,114,14,491,171,143,36,77,3,39,22,361,42,52,150,117,0,166,130,36,1440,628,812
"A","North East",,,"00CM","Sunderland","E02001809","Sunderland 019",,,5437,275,129,15,114,146,87,33,18,8,913,456,44,21,5,263,124,661,289,320,28,24,222,73,0,149,0,458,286,150,22,790,283,195,69,142,0,72,29,626,61,117,180,265,3,154,100,54,1338,344,994
"A","North East",,,"00CM","Sunderland","E02001810","Sunderland 020",,,7021,326,146,5,141,180,104,56,11,9,1235,571,88,13,4,342,217,912,335,488,59,30,281,113,0,168,0,634,396,196,42,1135,387,262,100,235,0,122,29,927,110,159,289,365,4,225,138,87,1346,412,934
"A","North East",,,"00CM","Sunderland","E02001811","Sunderland 021",,,6780,134,64,18,46,70,44,15,8,3,571,267,29,12,0,158,105,525,187,276,49,13,262,91,0,167,4,502,291,177,34,1056,345,331,94,169,3,75,39,1043,122,167,278,472,4,549,384,165,2138,310,1828
"A","North East",,,"00CM","Sunderland","E02001812","Sunderland 022",,,7748,736,264,22,242,472,302,69,90,11,1731,1022,59,50,6,355,239,832,342,395,74,21,436,230,0,206,0,450,276,158,16,628,242,145,52,66,3,78,42,384,91,40,141,112,0,190,139,51,2361,627,1734
"A","North East",,,"00CM","Sunderland","E02001813","Sunderland 023",,,6990,120,48,15,33,72,51,21,0,0,497,238,21,5,0,149,84,480,156,269,48,7,231,67,0,161,3,507,320,163,24,1064,310,416,92,143,5,62,36,1146,137,189,323,491,6,650,411,239,2295,267,2028
"A","North East",,,"00CM","Sunderland","E02001814","Sunderland 024",,,4257,171,70,13,57,101,71,20,7,3,533,300,18,10,3,120,82,435,148,225,48,14,200,73,0,124,3,313,190,109,14,526,176,167,48,66,0,50,19,511,61,75,173,199,3,239,164,75,1329,232,1097
"A","North East",,,"00CM","Sunderland","E02001815","Sunderland 025",,,7844,653,324,18,306,329,184,70,68,7,1616,777,70,57,8,460,244,865,350,450,44,21,398,183,3,212,0,524,348,156,20,968,320,247,111,137,3,114,36,687,94,118,191,281,3,217,141,76,1916,549,1367
"A","North East",,,"00CM","Sunderland","E02001816","Sunderland 026",,,5240,152,64,13,51,88,47,32,6,3,578,253,29,10,3,171,112,503,176,274,42,11,199,72,0,124,3,408,252,130,26,714,238,245,44,102,0,54,31,647,83,96,200,268,0,302,199,103,1737,193,1544
"A","North East",,,"00CM","Sunderland","E02001817","Sunderland 027",,,5415,162,92,13,79,70,47,16,7,0,582,285,24,9,0,167,97,509,167,272,53,17,180,66,0,114,0,405,254,140,11,798,314,242,53,100,3,57,29,776,112,103,272,286,3,305,200,105,1698,254,1444
"A","North East",,,"00CM","Sunderland","E02001818","Sunderland 028",,,5551,171,65,10,55,106,64,32,7,3,692,353,23,13,4,186,113,544,164,283,88,9,179,65,3,107,4,451,305,123,23,752,229,257,39,128,3,56,40,716,115,83,223,292,3,318,209,109,1728,264,1464
"A","North East",,,"00CM","Sunderland","E02001819","Sunderland 029",,,5592,457,207,28,179,250,148,47,55,0,1228,644,50,34,6,297,197,703,254,377,50,22,319,149,0,170,0,367,229,118,20,530,191,145,29,68,0,55,42,344,58,37,149,100,0,101,66,35,1543,317,1226
"A","North East",,,"00CM","Sunderland","E02001820","Sunderland 030",,,5688,242,116,18,98,126,88,27,8,3,773,397,42,20,0,190,124,543,222,280,33,8,210,88,0,122,0,484,295,164,25,814,266,223,88,138,0,63,36,715,86,119,253,257,0,272,197,75,1635,227,1408
"A","North East",,,"00CM","Sunderland","E02001821","Sunderland 031",,,4597,294,163,12,151,131,80,34,13,4,787,382,30,9,0,225,141,594,189,334,60,11,190,89,0,91,10,418,266,137,15,574,186,158,41,101,3,62,23,482,65,60,173,184,0,137,95,42,1121,241,880
"A","North East",,,"00CM","Sunderland","E02001822","Sunderland 032",,,5782,353,153,14,139,200,128,45,23,4,1019,494,57,14,6,283,165,685,272,343,49,21,340,151,6,178,5,488,305,161,22,690,212,195,64,110,7,71,31,618,79,97,206,233,3,211,149,62,1378,287,1091
"A","North East",,,"00CM","Sunderland","E02001823","Sunderland 033",,,5110,121,57,10,47,64,41,12,11,0,515,233,22,17,4,135,104,447,170,232,35,10,230,80,3,144,3,411,251,127,33,791,216,262,77,168,5,38,25,779,72,161,220,319,7,270,178,92,1546,223,1323
"A","North East",,,"00CM","Sunderland","E02001824","Sunderland 034",,,6569,318,159,16,143,159,99,37,20,3,1046,553,42,16,4,266,165,736,300,372,46,18,298,138,0,157,3,525,332,171,22,814,274,232,65,150,0,63,30,658,99,103,202,251,3,293,212,81,1881,321,1560
"A","North East",,,"00CM","Sunderland","E02001825","Sunderland 035",,,5858,208,104,16,88,104,65,22,11,6,696,345,21,20,9,177,124,547,230,277,29,11,275,123,0,149,3,439,264,146,29,745,218,223,53,149,5,62,35,744,85,92,264,300,3,287,189,98,1917,249,1668
"A","North East",,,"00CM","Sunderland","E02001826","Sunderland 036",,,4724,120,60,7,53,60,49,8,3,0,429,200,12,9,3,130,75,346,129,183,31,3,206,91,3,104,8,406,256,129,21,653,193,185,68,124,5,54,24,692,73,114,211,286,8,308,216,92,1564,208,1356
"A","North East",,,"00EB","Hartlepool","E02002483","Hartlepool 001",,,5386,270,115,13,102,155,118,28,9,0,866,464,24,17,3,229,129,514,198,226,75,15,209,87,8,114,0,580,371,163,46,724,216,224,63,129,0,64,28,664,97,67,222,278,0,181,96,85,1378,278,1100
"A","North East",,,"00EB","Hartlepool","E02002484","Hartlepool 002",,,6708,196,66,17,49,130,102,15,13,0,531,249,13,18,0,151,100,385,118,189,63,15,247,89,11,131,16,544,336,170,38,1011,272,359,74,236,7,36,27,1027,124,160,289,450,4,610,419,191,2157,325,1832
"A","North East",,,"00EB","Hartlepool","E02002485","Hartlepool 003",,,6235,155,78,9,69,77,55,12,6,4,632,325,20,15,0,188,84,429,135,221,58,15,184,47,5,128,4,520,341,139,40,968,273,328,83,193,6,55,30,942,118,122,285,412,5,483,338,145,1922,325,1597
"A","North East",,,"00EB","Hartlepool","E02002486","Hartlepool 004",,,4348,496,234,31,203,262,171,26,62,3,1076,612,31,31,3,243,156,446,197,208,31,10,333,162,24,124,23,303,188,85,30,332,90,79,24,56,8,49,26,237,39,19,100,79,0,76,57,19,1049,262,787
"A","North East",,,"00EB","Hartlepool","E02002487","Hartlepool 005",,,3909,138,55,11,44,83,57,19,3,4,450,221,14,16,3,142,54,286,86,159,32,9,134,47,3,84,0,335,230,81,24,619,203,194,34,133,5,32,18,591,95,67,169,260,0,335,213,122,1021,191,830
"A","North East",,,"00EB","Hartlepool","E02002488","Hartlepool 006",,,4157,341,151,13,138,190,122,18,47,3,865,485,22,43,3,186,126,398,180,176,33,9,231,112,0,116,3,347,233,93,21,379,114,107,29,61,3,37,28,296,57,29,117,93,0,127,80,47,1173,267,906
"A","North East",,,"00EB","Hartlepool","E02002489","Hartlepool 007",,,5204,201,79,3,76,122,87,20,15,0,688,398,21,21,0,165,83,380,130,203,38,9,234,91,0,143,0,404,255,115,34,753,232,240,65,130,0,49,37,652,98,78,202,270,4,406,269,137,1486,362,1124
"A","North East",,,"00EB","Hartlepool","E02002490","Hartlepool 008",,,4685,138,61,10,51,77,59,10,5,3,493,237,24,14,0,138,80,310,113,158,31,8,190,56,0,134,0,453,283,129,41,804,219,217,72,208,3,56,29,722,116,85,227,294,0,283,188,95,1292,247,1045
"A","North East",,,"00EB","Hartlepool","E02002491","Hartlepool 009",,,4400,99,49,8,41,50,37,9,4,0,421,193,13,11,3,128,73,269,100,131,29,9,135,44,3,85,3,370,251,100,19,664,223,201,57,128,3,32,20,592,83,73,166,270,0,257,166,91,1593,242,1351
"A","North East",,,"00EB","Hartlepool","E02002492","Hartlepool 010",,,4325,110,57,11,46,53,38,12,3,0,469,236,12,6,3,130,82,314,119,155,26,14,164,68,3,93,0,433,261,130,42,641,200,188,57,131,8,39,18,525,77,60,179,209,0,275,201,74,1394,206,1188
"A","North East",,,"00EB","Hartlepool","E02002493","Hartlepool 011",,,4399,245,146,11,135,99,70,18,11,0,853,457,32,15,0,199,150,432,189,203,30,10,205,96,0,106,3,402,232,134,36,557,183,151,35,85,4,69,30,415,65,34,175,141,0,111,63,48,1179,219,960
"A","North East",,,"00EB","Hartlepool","E02002494","Hartlepool 012",,,5465,99,48,10,38,51,31,10,7,3,390,202,13,8,3,100,64,294,102,156,33,3,185,67,3,112,3,447,280,129,38,897,260,293,64,208,5,44,23,851,147,84,236,380,4,532,335,197,1770,259,1511
"A","North East",,,"00EB","Hartlepool","E02002495","Hartlepool 013",,,3998,176,91,8,83,85,60,13,12,0,694,389,17,13,0,155,120,372,163,160,46,3,173,57,8,100,8,388,218,140,30,546,169,126,27,126,11,57,30,393,71,30,158,131,3,72,32,40,1184,184,1000
"A","North East",,,"00EC","Middlesbrough","E02002496","Middlesbrough 001",,,7118,116,41,17,24,75,52,18,5,0,458,231,22,13,0,141,51,337,114,179,39,5,323,119,0,201,3,366,246,88,32,704,222,256,37,128,3,39,19,758,106,126,191,329,6,1173,906,267,2883,1694,1189
"A","North East",,,"00EC","Middlesbrough","E02002497","Middlesbrough 002",,,4522,81,40,12,28,41,31,7,3,0,325,131,16,7,0,108,63,231,73,109,34,15,117,38,3,76,0,396,290,80,26,778,200,308,63,138,5,39,25,845,120,92,216,414,3,459,317,142,1290,236,1054
"A","North East",,,"00EC","Middlesbrough","E02002498","Middlesbrough 003",,,6507,121,51,17,34,70,48,15,4,3,548,249,25,14,0,183,77,380,135,180,50,15,171,66,0,105,0,391,284,87,20,839,267,329,38,123,5,47,30,841,134,102,228,374,3,740,511,229,2476,1283,1193
"A","North East",,,"00EC","Middlesbrough","E02002499","Middlesbrough 004",,,4880,57,25,3,22,32,18,8,3,3,292,131,9,3,3,97,49,244,86,106,43,9,106,37,0,69,0,339,237,82,20,764,235,291,41,131,3,40,23,843,114,101,208,417,3,528,368,160,1707,270,1437
"A","North East",,,"00EC","Middlesbrough","E02002500","Middlesbrough 005",,,3969,189,61,9,52,128,94,18,16,0,644,358,26,11,3,157,89,341,145,134,48,14,175,72,3,100,0,250,150,78,22,509,149,193,28,80,3,25,31,407,76,27,161,140,3,286,198,88,1168,421,747
"A","North East",,,"00EC","Middlesbrough","E02002501","Middlesbrough 006",,,3870,98,49,9,40,49,31,8,7,3,425,219,9,11,0,123,63,258,114,96,31,17,118,50,0,68,0,293,187,93,13,565,157,244,28,89,5,24,18,539,96,52,159,225,7,407,289,118,1167,238,929
"A","North East",,,"00EC","Middlesbrough","E02002502","Middlesbrough 007",,,6799,96,47,10,37,49,30,10,6,3,460,216,16,9,3,142,74,350,106,175,54,15,150,63,0,87,0,527,376,115,36,1091,309,445,68,169,7,55,38,1130,146,107,311,566,0,794,537,257,2201,340,1861
"A","North East",,,"00EC","Middlesbrough","E02002503","Middlesbrough 008",,,4625,133,48,12,36,85,58,12,12,3,468,235,19,14,0,136,64,307,117,135,42,13,158,64,3,91,0,382,251,103,28,779,272,290,32,95,6,50,34,687,114,60,201,306,6,389,258,131,1322,315,1007
"A","North East",,,"00EC","Middlesbrough","E02002504","Middlesbrough 009",,,5863,407,135,17,118,272,189,44,30,9,1242,733,27,50,3,233,196,532,233,212,59,28,314,136,0,175,3,392,251,107,34,667,203,230,34,80,0,52,68,466,60,56,177,173,0,272,213,59,1571,569,1002
"A","North East",,,"00EC","Middlesbrough","E02002505","Middlesbrough 010",,,4294,58,27,12,15,31,18,9,4,0,247,113,7,4,0,83,40,188,53,88,41,6,81,29,0,52,0,314,215,76,23,711,238,262,52,106,4,28,21,717,109,72,212,324,0,490,330,160,1488,264,1224
"A","North East",,,"00EC","Middlesbrough","E02002506","Middlesbrough 011",,,3555,152,26,11,15,126,111,11,4,0,274,139,10,5,4,69,47,219,86,81,44,8,89,21,0,68,0,258,174,64,20,523,153,225,17,77,4,26,21,483,92,43,139,206,3,415,297,118,1142,221,921
"A","North East",,,"00EC","Middlesbrough","E02002507","Middlesbrough 012",,,4108,241,86,5,81,155,106,27,19,3,841,459,28,27,3,175,149,425,188,162,56,19,208,76,0,132,0,384,249,108,27,459,149,157,19,50,0,47,37,298,61,14,128,95,0,113,71,42,1139,275,864
"A","North East",,,"00EC","Middlesbrough","E02002508","Middlesbrough 013",,,3729,239,101,13,88,138,93,32,13,0,665,359,16,17,5,144,124,357,149,150,42,16,185,76,0,109,0,317,192,98,27,418,136,144,27,43,0,38,30,267,52,16,115,84,0,101,67,34,1180,232,948
"A","North East",,,"00EC","Middlesbrough","E02002509","Middlesbrough 014",,,4196,195,82,11,71,113,81,18,10,4,588,299,21,8,0,166,94,364,159,139,54,12,153,61,0,89,3,352,256,72,24,615,179,233,39,85,3,49,27,448,73,41,134,197,3,209,135,74,1272,282,990
"A","North East",,,"00EC","Middlesbrough","E02002510","Middlesbrough 015",,,4574,252,109,9,100,143,100,28,11,4,799,396,29,17,3,211,143,521,236,181,68,36,192,74,3,115,0,456,285,125,46,618,225,203,37,76,3,53,21,420,75,21,198,123,3,91,60,31,1225,272,953
"A","North East",,,"00EC","Middlesbrough","E02002511","Middlesbrough 016",,,7157,703,263,24,239,440,297,45,88,10,1629,926,41,47,7,365,243,799,379,297,89,34,352,174,3,172,3,555,350,164,41,661,214,205,32,52,4,82,72,388,70,21,186,111,0,133,83,50,1937,566,1371
"A","North East",,,"00EC","Middlesbrough","E02002512","Middlesbrough 017",,,3803,383,154,16,138,229,168,29,29,3,913,487,40,20,0,209,157,449,211,171,45,22,179,89,3,87,0,319,210,78,31,283,102,79,19,25,4,24,30,174,35,14,64,58,3,86,53,33,1017,219,798
"A","North East",,,"00EC","Middlesbrough","E02002513","Middlesbrough 018",,,6474,286,130,11,119,156,105,29,19,3,852,422,37,30,4,212,147,479,192,205,62,20,247,89,3,152,3,529,357,135,37,990,345,360,59,132,4,58,32,802,130,76,278,308,10,501,316,185,1788,400,1388
"A","North East",,,"00EC","Middlesbrough","E02002514","Middlesbrough 019",,,6074,318,149,13,136,169,129,26,14,0,1185,621,42,27,3,303,189,640,248,281,79,32,244,107,3,134,0,523,338,143,42,780,252,269,39,100,6,68,46,516,86,38,173,214,5,304,204,100,1564,395,1169
"A","North East",,,"00EE","Redcar and Cleveland","E02002515","Redcar and Cleveland 001",,,4795,179,70,3,67,109,81,17,7,4,657,318,21,20,3,198,97,338,130,152,38,18,250,102,3,135,10,477,297,140,40,693,228,259,50,86,5,46,19,582,110,54,197,218,3,366,213,153,1253,238,1015
"A","North East",,,"00EE","Redcar and Cleveland","E02002516","Redcar and Cleveland 002",,,4421,121,59,6,53,62,45,11,3,3,536,279,21,17,3,128,88,293,107,126,52,8,165,46,3,113,3,436,284,126,26,624,222,223,48,70,3,41,17,575,109,46,181,236,3,278,171,107,1393,249,1144
"A","North East",,,"00EE","Redcar and Cleveland","E02002517","Redcar and Cleveland 003",,,3944,94,42,7,35,52,32,13,7,0,444,210,16,6,3,129,80,263,107,126,18,12,154,63,4,84,3,377,255,102,20,546,170,189,41,78,6,40,22,531,78,43,175,231,4,265,170,95,1270,194,1076
"A","North East",,,"00EE","Redcar and Cleveland","E02002518","Redcar and Cleveland 004",,,7699,510,217,12,205,293,194,59,33,7,1677,924,56,49,9,361,278,769,364,318,69,18,352,158,3,188,3,757,476,215,66,859,312,248,65,91,3,82,58,568,124,56,199,184,5,186,111,75,2021,464,1557
"A","North East",,,"00EE","Redcar and Cleveland","E02002519","Redcar and Cleveland 005",,,4918,165,78,4,74,87,61,12,10,4,577,282,19,17,0,161,98,295,133,122,28,12,173,68,3,102,0,413,270,116,27,657,226,226,35,87,0,52,31,541,117,45,168,211,0,412,288,124,1685,280,1405
"A","North East",,,"00EE","Redcar and Cleveland","E02002520","Redcar and Cleveland 006",,,9335,576,253,20,233,323,235,50,32,6,1603,897,47,59,5,318,277,839,369,350,95,25,422,154,5,256,7,938,567,294,77,1043,356,344,78,120,8,94,43,737,133,44,285,268,7,269,161,108,2908,504,2404
"A","North East",,,"00EE","Redcar and Cleveland","E02002521","Redcar and Cleveland 007",,,4208,335,120,14,106,215,136,21,55,3,855,511,22,52,4,171,95,321,137,142,32,10,281,102,0,176,3,295,194,74,27,400,113,149,17,53,3,30,35,291,72,32,87,95,5,207,131,76,1223,220,1003
"A","North East",,,"00EE","Redcar and Cleveland","E02002522","Redcar and Cleveland 008",,,4383,85,37,11,26,48,30,13,5,0,331,166,13,5,3,94,50,236,91,113,26,6,132,63,0,69,0,406,267,92,47,642,210,205,32,132,6,31,26,702,78,81,187,348,8,555,399,156,1294,275,1019
"A","North East",,,"00EE","Redcar and Cleveland","E02002523","Redcar and Cleveland 009",,,4763,47,20,6,14,27,20,7,0,0,302,139,13,3,3,92,52,198,78,92,21,7,95,42,0,53,0,392,269,92,31,717,202,288,44,125,4,33,21,888,116,131,233,405,3,685,494,191,1439,246,1193
"A","North East",,,"00EE","Redcar and Cleveland","E02002524","Redcar and Cleveland 010",,,4037,173,81,9,72,92,62,21,9,0,518,284,16,14,0,114,90,303,134,123,37,9,204,66,6,122,10,508,299,138,71,625,152,221,56,119,8,35,34,563,95,53,181,228,6,158,105,53,985,179,806
"A","North East",,,"00EE","Redcar and Cleveland","E02002525","Redcar and Cleveland 011",,,6407,154,70,5,65,84,54,20,7,3,724,359,28,9,3,198,127,483,195,212,61,15,192,75,3,111,3,733,476,178,79,997,296,365,73,148,3,81,31,879,125,70,329,351,4,268,174,94,1977,314,1663
"A","North East",,,"00EE","Redcar and Cleveland","E02002526","Redcar and Cleveland 012",,,4678,209,97,12,85,112,83,10,16,3,645,346,16,17,0,151,115,358,153,161,31,13,231,80,9,131,11,499,306,140,53,677,201,212,50,127,9,53,25,617,82,105,191,232,7,216,139,77,1226,211,1015
"A","North East",,,"00EE","Redcar and Cleveland","E02002527","Redcar and Cleveland 013",,,4076,71,32,7,25,39,27,3,9,0,337,170,10,14,0,87,56,206,80,100,23,3,172,68,5,91,8,391,241,96,54,689,171,238,68,165,6,22,19,705,94,78,199,326,8,323,236,87,1182,196,986
"A","North East",,,"00EE","Redcar and Cleveland","E02002528","Redcar and Cleveland 014",,,4106,172,83,13,70,89,62,15,12,0,580,296,19,14,0,146,105,362,146,168,37,11,157,61,0,96,0,453,266,144,43,513,170,155,31,70,0,53,34,392,51,37,151,150,3,151,103,48,1326,227,1099
"A","North East",,,"00EE","Redcar and Cleveland","E02002529","Redcar and Cleveland 015",,,4330,185,76,9,67,109,83,19,4,3,618,320,19,6,3,163,107,422,167,185,55,15,159,65,0,94,0,450,299,115,36,656,207,226,53,100,3,48,19,465,78,30,190,164,3,172,104,68,1203,194,1009
"A","North East",,,"00EE","Redcar and Cleveland","E02002530","Redcar and Cleveland 016",,,4695,175,77,13,64,98,56,16,23,3,557,309,15,27,3,127,76,261,130,90,32,9,344,115,23,149,57,475,299,127,49,609,171,203,49,103,21,37,25,641,82,99,162,281,17,237,148,89,1396,189,1207
"A","North East",,,"00EE","Redcar and Cleveland","E02002531","Redcar and Cleveland 017",,,5843,244,118,19,99,126,70,26,27,3,785,418,26,24,5,172,140,452,200,169,69,14,255,108,3,144,0,502,313,150,39,787,206,292,65,119,0,65,40,595,90,38,222,240,5,275,174,101,1948,290,1658
"A","North East",,,"00EE","Redcar and Cleveland","E02002532","Redcar and Cleveland 018",,,4128,162,49,4,45,113,74,26,13,0,467,236,14,17,3,133,64,289,110,124,50,5,241,96,3,131,11,404,249,125,30,575,177,201,23,110,16,29,19,553,90,52,162,244,5,237,131,106,1200,175,1025
"A","North East",,,"00EE","Redcar and Cleveland","E02002533","Redcar and Cleveland 019",,,4440,463,182,6,176,281,189,44,43,5,934,596,17,24,3,182,112,418,197,164,41,16,207,78,0,124,5,360,234,93,33,464,183,124,24,45,3,47,38,319,58,26,119,116,0,83,49,34,1192,295,897
"A","North East",,,"00EE","Redcar and Cleveland","E02002534","Redcar and Cleveland 020",,,4844,484,178,17,161,306,209,48,42,7,1154,686,33,45,6,231,153,447,207,183,43,14,275,104,11,141,19,421,262,127,32,458,145,142,34,47,9,46,35,293,58,32,95,104,4,69,32,37,1243,289,954
"A","North East",,,"00EF","Stockton-on-Tees","E02002535","Stockton-on-Tees 001",,,7356,553,263,17,246,290,191,59,33,7,1735,915,61,35,0,436,288,854,377,373,69,35,325,118,0,201,6,766,476,210,80,816,267,244,42,129,3,80,51,606,110,66,256,169,5,121,66,55,1580,486,1094
"A","North East",,,"00EF","Stockton-on-Tees","E02002536","Stockton-on-Tees 002",,,6720,220,98,10,88,122,82,27,10,3,920,491,36,15,5,234,139,542,224,254,36,28,254,84,0,170,0,622,391,163,68,911,290,293,74,131,4,84,35,786,136,97,279,271,3,267,160,107,2198,330,1868
"A","North East",,,"00EF","Stockton-on-Tees","E02002537","Stockton-on-Tees 003",,,6043,125,64,4,60,61,42,10,6,3,548,260,19,12,0,162,95,368,143,166,31,28,167,51,0,113,3,554,345,150,59,967,300,341,61,175,6,65,19,982,123,112,292,447,8,441,263,178,1891,314,1577
"A","North East",,,"00EF","Stockton-on-Tees","E02002538","Stockton-on-Tees 004",,,4032,153,65,3,62,88,61,17,7,3,601,314,27,10,3,157,90,323,132,145,28,18,199,63,0,133,3,409,258,113,38,568,195,200,30,73,0,39,31,532,83,65,171,209,4,180,106,74,1067,252,815
"A","North East",,,"00EF","Stockton-on-Tees","E02002539","Stockton-on-Tees 005",,,5805,669,306,33,273,363,219,49,84,11,1372,707,43,44,9,365,204,549,275,220,38,16,457,192,37,190,38,410,264,110,36,481,129,136,40,60,12,62,42,357,74,32,132,116,3,109,66,43,1401,335,1066
"A","North East",,,"00EF","Stockton-on-Tees","E02002540","Stockton-on-Tees 006",,,4753,388,150,5,145,238,158,33,44,3,1038,598,26,30,5,210,169,509,242,199,56,12,213,97,3,110,3,365,238,85,42,484,167,146,32,44,0,53,42,333,52,36,140,102,3,65,29,36,1358,298,1060
"A","North East",,,"00EF","Stockton-on-Tees","E02002541","Stockton-on-Tees 007",,,4559,207,90,10,80,117,91,14,9,3,746,373,28,21,0,194,130,428,174,198,41,15,204,80,0,121,3,417,270,111,36,599,187,202,56,76,4,48,26,510,73,60,189,180,8,168,95,73,1280,215,1065
"A","North East",,,"00EF","Stockton-on-Tees","E02002542","Stockton-on-Tees 008",,,5546,119,59,9,50,60,38,13,6,3,531,227,30,13,3,164,94,331,106,156,53,16,183,62,3,115,3,442,276,112,54,950,293,344,65,160,3,49,36,910,120,107,246,437,0,410,256,154,1670,322,1348
"A","North East",,,"00EF","Stockton-on-Tees","E02002543","Stockton-on-Tees 009",,,5163,153,57,7,50,96,73,9,11,3,501,252,8,4,3,153,81,295,118,139,31,7,137,44,3,87,3,389,267,85,37,820,249,291,53,155,3,44,25,794,115,89,216,371,3,488,319,169,1586,278,1308
"A","North East",,,"00EF","Stockton-on-Tees","E02002544","Stockton-on-Tees 010",,,6169,183,86,12,74,97,64,16,12,5,618,273,35,22,3,180,105,378,139,195,29,15,222,72,3,147,0,611,405,156,50,979,304,344,62,162,4,67,36,1022,118,147,275,475,7,629,410,219,1527,277,1250
"A","North East",,,"00EF","Stockton-on-Tees","E02002545","Stockton-on-Tees 011",,,4437,230,117,4,113,113,87,14,12,0,820,423,39,20,3,212,123,493,181,248,51,13,175,75,3,94,3,499,300,148,51,593,210,180,47,74,3,41,38,482,76,53,176,174,3,105,54,51,1040,287,753
"A","North East",,,"00EF","Stockton-on-Tees","E02002546","Stockton-on-Tees 012",,,5139,136,67,12,55,69,42,10,14,3,582,292,30,27,3,133,97,336,122,173,31,10,191,72,0,119,0,464,293,132,39,851,271,288,65,140,3,48,36,723,104,83,213,320,3,439,277,162,1417,309,1108
"A","North East",,,"00EF","Stockton-on-Tees","E02002547","Stockton-on-Tees 013",,,4558,269,143,14,129,126,85,24,17,0,936,484,36,30,4,218,164,431,179,192,46,14,232,105,0,127,0,367,228,110,29,469,166,134,28,47,3,47,44,323,60,32,114,114,3,123,81,42,1408,286,1122
"A","North East",,,"00EF","Stockton-on-Tees","E02002548","Stockton-on-Tees 014",,,6771,172,66,12,54,106,68,28,5,5,558,271,29,21,0,158,79,352,112,197,29,14,283,97,3,183,0,483,321,115,47,971,271,391,52,172,11,50,24,964,137,142,277,404,4,1074,776,298,1914,391,1523
"A","North East",,,"00EF","Stockton-on-Tees","E02002549","Stockton-on-Tees 015",,,6212,444,197,15,182,247,180,38,26,3,1263,680,49,32,5,280,217,721,328,314,61,18,248,77,3,163,5,527,329,146,52,686,247,213,43,74,3,66,40,411,72,42,169,128,0,124,76,48,1788,394,1394
"A","North East",,,"00EF","Stockton-on-Tees","E02002550","Stockton-on-Tees 016",,,4527,352,121,14,107,231,154,31,40,6,869,498,19,30,4,200,118,437,179,213,30,15,254,115,0,139,0,353,225,97,31,460,158,133,26,65,3,42,33,333,55,40,119,115,4,179,115,64,1290,342,948
"A","North East",,,"00EF","Stockton-on-Tees","E02002551","Stockton-on-Tees 017",,,3973,145,53,3,50,92,61,20,8,3,394,192,14,14,3,109,62,237,91,121,15,10,115,39,3,73,0,334,210,86,38,577,189,200,46,88,5,29,20,579,85,71,187,236,0,323,231,92,1269,468,801
"A","North East",,,"00EF","Stockton-on-Tees","E02002552","Stockton-on-Tees 018",,,4558,137,71,9,62,66,44,16,6,0,497,217,23,12,0,145,100,329,128,166,23,12,139,40,0,99,0,462,300,127,35,765,264,240,51,136,3,42,29,628,76,81,187,281,3,260,168,92,1341,265,1076
"A","North East",,,"00EF","Stockton-on-Tees","E02002553","Stockton-on-Tees 019",,,3680,112,54,8,46,58,40,8,10,0,467,237,24,9,3,125,69,259,86,133,27,13,144,60,0,81,3,368,222,117,29,495,162,167,38,70,4,34,20,450,52,48,179,167,4,191,123,68,1194,173,1021
"A","North East",,,"00EF","Stockton-on-Tees","E02002554","Stockton-on-Tees 020",,,4063,110,65,11,54,45,30,12,3,0,432,204,18,9,3,115,83,284,94,155,19,16,118,37,0,78,3,419,266,108,45,685,228,232,46,119,0,40,20,590,82,75,200,230,3,263,164,99,1162,227,935
"A","North East",,,"00EF","Stockton-on-Tees","E02002555","Stockton-on-Tees 021",,,6943,712,313,23,290,399,264,62,65,8,1518,828,62,41,5,376,206,742,337,326,52,27,350,131,3,208,8,568,363,150,55,733,229,234,41,105,3,67,54,498,91,38,175,189,5,129,67,62,1693,415,1278
"A","North East",,,"00EF","Stockton-on-Tees","E02002556","Stockton-on-Tees 022",,,5430,586,289,20,269,297,207,43,36,11,1489,716,81,37,7,382,266,671,285,297,58,31,351,175,6,162,8,457,300,123,34,529,188,136,32,59,4,64,46,284,47,31,127,74,5,101,69,32,962,347,615
"A","North East",,,"00EF","Stockton-on-Tees","E02002557","Stockton-on-Tees 023",,,5440,628,316,10,306,312,203,72,30,7,1735,853,80,29,6,495,272,765,314,366,49,36,287,115,0,169,3,530,336,133,61,502,182,151,27,50,0,66,26,323,61,31,134,97,0,62,41,21,608,249,359
"A","North East",,,"00EF","Stockton-on-Tees","E02002558","Stockton-on-Tees 024",,,7485,1012,415,18,397,597,417,62,104,14,1901,1006,78,83,13,482,239,655,328,251,54,22,410,165,8,224,13,496,344,107,45,665,230,188,26,81,5,63,72,455,110,50,150,138,7,158,99,59,1733,553,1180
"A","North East",,,"00EH","Darlington","E02002559","Darlington 001",,,4792,530,239,29,210,291,166,32,85,8,1137,515,59,35,11,336,181,477,231,192,43,11,563,203,58,203,99,317,204,94,19,406,124,116,34,41,27,43,21,281,61,33,100,83,4,81,57,24,1000,195,805
"A","North East",,,"00EH","Darlington","E02002560","Darlington 002",,,4370,224,104,6,98,120,80,26,11,3,790,348,49,19,4,220,150,473,195,214,44,20,264,107,0,154,3,459,302,133,24,671,248,175,65,95,3,64,21,531,94,55,189,193,0,104,68,36,854,165,689
"A","North East",,,"00EH","Darlington","E02002561","Darlington 003",,,4517,330,170,6,164,160,99,50,11,0,945,411,53,18,3,295,165,565,235,268,35,27,210,72,3,132,3,428,286,114,28,610,214,179,41,82,4,69,21,384,69,36,150,126,3,111,73,38,934,223,711
"A","North East",,,"00EH","Darlington","E02002562","Darlington 004",,,4256,185,93,7,86,92,61,22,9,0,596,245,41,14,4,202,90,405,148,200,42,15,177,72,0,105,0,397,287,93,17,687,258,229,57,73,6,40,24,591,88,66,197,232,8,211,126,85,1007,183,824
"A","North East",,,"00EH","Darlington","E02002563","Darlington 005",,,3921,164,85,11,74,79,52,20,7,0,586,267,23,12,0,193,91,378,140,192,31,15,174,56,0,118,0,334,216,97,21,607,206,206,57,65,4,50,19,490,75,49,181,185,0,186,136,50,1002,181,821
"A","North East",,,"00EH","Darlington","E02002564","Darlington 006",,,6421,241,116,5,111,125,81,36,5,3,892,388,42,22,4,251,185,638,263,290,62,23,292,98,0,191,3,594,373,181,40,921,307,314,97,93,6,72,32,834,138,70,271,348,7,313,205,108,1696,304,1392
"A","North East",,,"00EH","Darlington","E02002565","Darlington 007",,,4081,263,95,5,90,168,114,43,8,3,748,372,36,25,0,203,112,479,168,245,53,13,192,68,0,121,3,352,238,104,10,594,211,190,39,69,5,60,20,477,65,53,160,195,4,159,95,64,817,170,647
"A","North East",,,"00EH","Darlington","E02002566","Darlington 008",,,4691,277,71,4,67,206,156,36,9,5,681,292,30,29,3,223,104,399,145,199,48,7,235,106,3,126,0,364,262,86,16,704,217,253,56,102,6,45,25,571,112,67,160,228,4,402,265,137,1058,217,841
"A","North East",,,"00EH","Darlington","E02002567","Darlington 009",,,4711,145,66,3,63,79,52,19,5,3,518,212,30,9,5,169,93,359,131,178,41,9,198,55,0,140,3,449,313,108,28,760,277,270,72,83,0,46,12,669,111,65,217,271,5,277,192,85,1336,215,1121
"A","North East",,,"00EH","Darlington","E02002568","Darlington 010",,,3703,545,213,6,207,332,198,45,83,6,978,559,24,59,0,224,112,307,143,123,28,13,269,123,3,143,0,127,90,32,5,199,70,49,6,23,0,36,15,110,28,11,37,34,0,98,62,36,1070,255,815
"A","North East",,,"00EH","Darlington","E02002569","Darlington 011",,,6508,774,345,20,325,429,270,61,86,12,1570,817,57,60,12,380,244,742,383,293,50,16,374,169,3,195,7,303,197,94,12,493,190,129,27,41,3,73,30,187,41,11,74,58,3,79,56,23,1986,343,1643
"A","North East",,,"00EH","Darlington","E02002570","Darlington 012",,,5152,170,107,11,96,63,42,15,3,3,613,269,20,9,0,210,105,432,162,227,30,13,259,88,0,168,3,479,318,133,28,932,325,336,70,114,7,51,29,655,97,55,227,271,5,312,209,103,1300,209,1091
"A","North East",,,"00EH","Darlington","E02002571","Darlington 013",,,3550,85,39,0,39,46,32,10,4,0,384,151,22,6,3,123,79,299,114,147,30,8,158,48,0,110,0,336,218,97,21,635,208,223,55,88,7,41,13,520,76,50,160,231,3,220,153,67,913,131,782
"A","North East",,,"00EH","Darlington","E02002572","Darlington 014",,,4205,227,103,7,96,124,92,23,9,0,597,283,25,20,3,178,88,305,96,173,28,8,184,50,0,134,0,348,226,103,19,586,208,227,46,61,4,29,11,547,93,65,175,210,4,295,204,91,1116,210,906
"A","North East",,,"00EH","Darlington","E02002573","Darlington 015",,,5197,565,264,23,241,301,190,44,61,6,1163,554,49,43,13,336,168,508,215,238,40,15,413,162,23,214,14,370,246,104,20,505,144,183,27,51,15,63,22,348,65,31,126,122,4,116,75,41,1209,243,966
"A","North East","20","Durham","20UB","Chester-le-Street","E02004290","Chester-le-Street 001",,,4731,358,177,10,167,181,112,46,23,0,968,424,64,33,0,278,169,657,295,312,34,16,267,104,3,160,0,449,281,136,32,568,187,148,52,96,3,57,25,381,47,53,139,142,0,89,54,35,994,253,741
"A","North East","20","Durham","20UB","Chester-le-Street","E02004291","Chester-le-Street 002",,,5078,217,100,7,93,117,77,23,17,0,713,287,36,24,4,223,139,463,198,231,24,10,203,78,3,114,8,484,327,120,37,737,232,246,60,130,5,49,15,695,75,83,239,295,3,202,140,62,1364,202,1162
"A","North East","20","Durham","20UB","Chester-le-Street","E02004292","Chester-le-Street 003",,,5782,479,228,20,208,251,154,48,40,9,1151,563,56,45,4,273,210,648,263,308,52,25,304,139,3,162,0,427,288,115,24,574,211,155,34,79,4,65,26,435,77,39,151,165,3,98,63,35,1666,289,1377
"A","North East","20","Durham","20UB","Chester-le-Street","E02004293","Chester-le-Street 004",,,6492,261,117,10,107,144,85,42,17,0,801,336,38,18,4,271,134,597,218,305,50,24,273,94,3,176,0,534,365,134,35,898,305,320,56,132,0,62,23,873,122,100,242,401,8,314,215,99,1941,263,1678
"A","North East","20","Durham","20UB","Chester-le-Street","E02004294","Chester-le-Street 005",,,6380,678,346,17,329,332,225,53,46,8,1578,747,76,42,5,409,299,869,377,410,59,23,347,144,3,197,3,476,316,126,34,558,222,148,32,69,4,55,28,372,81,24,153,111,3,92,49,43,1410,322,1088
"A","North East","20","Durham","20UB","Chester-le-Street","E02004295","Chester-le-Street 006",,,5534,408,191,15,176,217,136,44,32,5,1138,573,44,27,3,312,179,592,242,294,36,20,294,137,0,150,7,444,286,132,26,611,223,180,49,77,9,47,26,498,84,62,164,188,0,145,106,39,1404,272,1132
"A","North East","20","Durham","20UB","Chester-le-Street","E02004296","Chester-le-Street 007",,,5791,267,127,13,114,140,100,24,13,3,898,432,45,16,3,249,153,561,211,265,63,22,291,121,8,154,8,502,329,143,30,695,225,251,36,102,11,55,15,812,99,62,269,377,5,262,172,90,1503,247,1256
"A","North East","20","Durham","20UD","Derwentside","E02004297","Derwentside 001",,,5719,424,197,14,183,227,137,55,28,7,1137,584,37,23,7,295,191,597,247,278,52,20,329,139,9,172,9,467,291,161,15,678,225,189,58,106,14,67,19,520,74,68,206,172,0,145,90,55,1422,253,1169
"A","North East","20","Durham","20UD","Derwentside","E02004298","Derwentside 002",,,6807,632,265,7,258,367,233,57,69,8,1502,834,49,42,0,358,219,630,271,277,67,15,417,176,8,216,17,474,300,142,32,653,180,239,57,83,15,60,19,496,64,59,177,188,8,190,131,59,1813,372,1441
"A","North East","20","Durham","20UD","Derwentside","E02004299","Derwentside 003",,,5691,241,127,8,119,114,71,21,22,0,890,385,32,19,3,273,178,550,259,234,41,16,257,106,4,142,5,516,313,166,37,762,285,209,68,124,0,56,20,727,84,125,243,271,4,208,140,68,1540,262,1278
"A","North East","20","Durham","20UD","Derwentside","E02004300","Derwentside 004",,,5447,195,114,13,101,81,55,13,13,0,626,309,19,20,5,180,93,362,163,157,28,14,214,97,0,112,5,431,256,143,32,777,230,233,74,164,9,47,20,858,93,122,283,356,4,309,227,82,1675,247,1428
"A","North East","20","Durham","20UD","Derwentside","E02004301","Derwentside 005",,,5781,118,64,4,60,54,35,10,6,3,489,207,21,17,4,154,86,346,111,172,48,15,222,81,3,135,3,496,324,146,26,909,278,301,82,172,5,54,17,1002,116,185,273,420,8,413,283,130,1786,235,1551
"A","North East","20","Durham","20UD","Derwentside","E02004302","Derwentside 006",,,5507,155,74,10,64,81,52,17,12,0,607,276,19,14,0,196,102,424,174,203,34,13,265,99,5,156,5,543,340,171,32,860,273,267,81,185,0,39,15,939,93,165,316,357,8,257,172,85,1457,234,1223
"A","North East","20","Durham","20UD","Derwentside","E02004303","Derwentside 007",,,6886,325,161,13,148,164,111,33,17,3,1172,607,43,16,3,318,185,627,270,259,75,23,293,101,3,180,9,647,428,170,49,974,279,334,78,176,5,72,30,902,93,111,316,377,5,209,129,80,1737,266,1471
"A","North East","20","Durham","20UD","Derwentside","E02004304","Derwentside 008",,,5462,182,95,12,83,87,60,12,15,0,629,326,26,15,0,173,89,415,164,187,50,14,231,77,4,144,6,463,295,112,56,783,224,275,58,150,7,53,16,837,92,102,250,385,8,271,192,79,1651,227,1424
"A","North East","20","Durham","20UD","Derwentside","E02004305","Derwentside 009",,,5561,232,122,8,114,110,71,21,18,0,794,400,26,21,0,231,116,445,181,200,56,8,304,102,8,175,19,485,322,134,29,784,209,267,55,178,14,37,24,756,98,107,228,313,10,254,166,88,1507,266,1241
"A","North East","20","Durham","20UD","Derwentside","E02004306","Derwentside 010",,,4212,347,138,7,131,209,125,27,53,4,885,499,33,29,5,195,124,347,144,156,37,10,267,90,27,117,33,247,155,74,18,402,107,145,31,55,15,29,20,323,52,35,112,118,6,150,101,49,1244,243,1001
"A","North East","20","Durham","20UD","Derwentside","E02004307","Derwentside 011",,,4805,304,128,18,110,176,112,27,34,3,758,377,34,23,8,209,107,433,168,208,49,8,295,94,25,141,35,374,273,86,15,631,197,255,38,69,19,35,18,608,57,62,215,269,5,180,120,60,1222,242,980
"A","North East","20","Durham","20UE","Durham","E02004308","Durham 001",,,6242,590,260,31,229,330,243,59,23,5,1519,791,49,35,8,323,313,823,291,451,63,18,237,103,3,120,11,363,245,105,13,570,204,170,25,63,4,71,33,521,98,93,117,210,3,246,207,39,1373,431,942
"A","North East","20","Durham","20UE","Durham","E02004309","Durham 002",,,4041,312,109,12,97,203,158,24,16,5,788,408,31,19,4,179,147,461,174,223,53,11,151,57,3,88,3,266,189,67,10,458,155,165,30,54,5,30,19,368,44,21,118,185,0,108,76,32,1129,228,901
"A","North East","20","Durham","20UE","Durham","E02004310","Durham 003",,,5630,323,129,18,111,194,140,29,25,0,935,473,35,27,4,232,164,496,184,250,46,16,256,99,6,139,12,474,332,123,19,660,198,245,33,106,8,53,17,756,96,76,235,343,6,281,213,68,1449,287,1162
"A","North East","20","Durham","20UE","Durham","E02004311","Durham 004",,,6512,405,166,20,146,239,166,33,37,3,1191,607,46,42,3,315,178,603,219,321,51,12,330,124,15,177,14,538,349,157,32,790,186,286,54,168,8,61,27,726,81,81,231,329,4,221,147,74,1708,295,1413
"A","North East","20","Durham","20UE","Durham","E02004312","Durham 005",,,6049,513,221,8,213,292,205,54,29,4,1383,784,54,35,7,269,234,719,291,365,44,19,267,92,3,169,3,407,269,119,19,567,200,146,14,101,4,62,40,420,73,56,126,162,3,107,71,36,1666,386,1280
"A","North East","20","Durham","20UE","Durham","E02004313","Durham 006",,,4605,240,69,10,59,171,130,25,16,0,464,251,14,15,0,122,62,285,117,135,26,7,140,45,3,89,3,311,216,78,17,582,162,195,32,142,5,33,13,655,87,70,161,337,0,266,177,89,1662,654,1008
"A","North East","20","Durham","20UE","Durham","E02004314","Durham 007",,,9202,544,90,18,72,454,384,21,46,3,514,313,6,40,0,105,50,161,73,58,24,6,103,41,0,59,3,109,78,25,6,150,33,63,4,13,4,15,18,159,35,21,37,63,3,127,102,25,7335,6760,575
"A","North East","20","Durham","20UE","Durham","E02004315","Durham 008",,,6318,1026,243,19,224,783,620,53,101,9,1462,905,28,68,4,293,164,420,195,191,28,6,233,93,3,129,8,248,175,57,16,314,83,110,16,49,3,37,16,228,32,17,64,115,0,95,67,28,2292,1425,867
"A","North East","20","Durham","20UE","Durham","E02004316","Durham 009",,,4190,215,80,16,64,135,96,16,23,0,509,240,22,21,5,139,82,330,135,151,39,5,217,83,4,123,7,377,262,98,17,563,165,223,27,90,8,27,23,627,77,59,192,293,6,176,112,64,1176,219,957
"A","North East","20","Durham","20UE","Durham","E02004317","Durham 010",,,5446,294,133,7,126,161,111,22,25,3,790,367,27,18,9,209,160,517,197,276,32,12,248,96,11,131,10,504,343,129,32,695,197,245,54,121,12,44,22,748,91,88,228,338,3,189,132,57,1461,250,1211
"A","North East","20","Durham","20UE","Durham","E02004318","Durham 011",,,4418,466,149,10,139,317,256,23,38,0,869,472,31,35,4,214,113,376,172,165,33,6,209,85,11,107,6,303,206,75,22,429,109,134,31,81,17,33,24,505,40,77,131,254,3,105,72,33,1156,345,811
"A","North East","20","Durham","20UE","Durham","E02004319","Durham 012",,,5113,254,123,8,115,131,94,23,11,3,795,413,28,16,4,201,133,423,157,215,42,9,249,100,18,127,4,458,305,114,39,625,157,157,59,176,9,49,18,744,61,104,203,376,0,140,99,41,1425,194,1231
"A","North East","20","Durham","20UF","Easington","E02004320","Easington 001",,,5646,225,100,8,92,125,86,19,20,0,846,466,24,20,0,185,151,634,200,328,88,18,208,95,7,101,5,499,333,128,38,703,208,230,43,145,3,44,30,643,73,124,210,233,3,135,93,42,1753,286,1467
"A","North East","20","Durham","20UF","Easington","E02004321","Easington 002",,,5929,143,68,6,62,75,43,21,8,3,691,364,28,15,0,173,111,563,166,312,69,16,248,115,0,130,3,506,319,153,34,805,237,270,50,163,5,54,26,784,99,163,228,290,4,339,247,92,1850,288,1562
"A","North East","20","Durham","20UF","Easington","E02004322","Easington 003",,,6118,95,50,4,46,45,36,4,5,0,439,230,12,11,3,118,65,316,105,166,40,5,136,64,3,69,0,431,258,138,35,828,177,297,43,246,5,34,26,982,123,217,267,370,5,524,385,139,2367,229,2138
"A","North East","20","Durham","20UF","Easington","E02004323","Easington 004",,,4845,155,89,18,71,66,44,14,5,3,546,292,17,7,0,127,103,427,150,233,35,9,176,77,5,91,3,443,272,146,25,653,175,192,63,170,5,39,9,716,63,148,220,280,5,189,126,63,1540,215,1325
"A","North East","20","Durham","20UF","Easington","E02004324","Easington 005",,,4379,166,68,5,63,98,64,20,14,0,586,315,18,15,3,138,97,344,100,212,20,12,201,84,11,91,15,357,206,120,31,552,134,172,47,135,6,37,21,504,63,86,132,218,5,214,161,53,1455,217,1238
"A","North East","20","Durham","20UF","Easington","E02004325","Easington 006",,,6209,95,49,8,41,46,30,10,6,0,437,198,10,10,0,142,77,384,109,238,26,11,143,53,0,87,3,470,314,118,38,908,227,271,82,269,4,42,13,1005,102,221,217,462,3,468,362,106,2299,256,2043
"A","North East","20","Durham","20UF","Easington","E02004326","Easington 007",,,4207,114,53,3,50,61,46,6,9,0,389,203,9,7,0,103,67,255,83,150,15,7,208,68,8,115,17,351,223,99,29,552,122,151,64,163,11,27,14,583,61,100,198,221,3,235,187,48,1520,152,1368
"A","North East","20","Durham","20UF","Easington","E02004327","Easington 008",,,4829,107,49,6,43,58,36,12,7,3,407,196,19,5,0,101,86,306,66,202,28,10,135,46,0,86,3,393,248,110,35,705,150,245,48,200,4,39,19,758,70,175,182,328,3,217,164,53,1801,182,1619
"A","North East","20","Durham","20UF","Easington","E02004328","Easington 009",,,5774,161,86,8,78,75,47,19,4,5,617,296,19,13,3,162,124,482,157,283,31,11,188,60,3,122,3,502,351,110,41,847,225,207,88,243,7,43,34,868,78,183,218,389,0,254,173,81,1855,287,1568
"A","North East","20","Durham","20UF","Easington","E02004329","Easington 010",,,5348,333,189,15,174,144,85,26,28,5,984,526,41,25,3,208,181,511,151,313,39,8,220,106,3,111,0,457,295,126,36,600,163,109,58,191,3,56,20,533,68,112,151,202,0,174,119,55,1536,307,1229
"A","North East","20","Durham","20UF","Easington","E02004330","Easington 011",,,4657,141,60,12,48,81,60,14,7,0,475,235,15,8,3,133,81,369,108,208,41,12,185,65,4,105,11,434,276,123,35,653,177,218,56,136,3,44,19,621,63,85,176,297,0,184,136,48,1595,189,1406
"A","North East","20","Durham","20UF","Easington","E02004331","Easington 012",,,5023,111,50,7,43,61,44,11,6,0,407,188,17,10,3,95,94,371,106,199,62,4,223,82,3,129,9,395,245,117,33,695,156,243,64,182,3,33,14,755,61,118,210,362,4,291,229,62,1775,182,1593
"A","North East","20","Durham","20UF","Easington","E02004332","Easington 013",,,4768,213,100,11,89,113,65,17,31,0,654,309,28,17,6,163,131,352,111,205,30,6,273,92,14,136,31,347,210,102,35,595,145,196,51,144,18,28,13,589,62,88,217,219,3,203,155,48,1542,200,1342
"A","North East","20","Durham","20UG","Sedgefield","E02004333","Sedgefield 001",,,5576,324,143,14,129,181,126,30,22,3,976,506,39,24,3,230,174,511,210,249,40,12,254,106,3,140,5,508,300,169,39,735,170,164,90,216,0,66,29,744,69,121,174,376,4,115,75,40,1409,299,1110
"A","North East","20","Durham","20UG","Sedgefield","E02004334","Sedgefield 002",,,5310,172,79,6,73,93,69,14,10,0,727,402,28,11,3,162,121,469,127,200,129,13,236,97,5,129,5,470,320,109,41,720,145,262,72,169,18,33,21,769,74,114,250,325,6,191,141,50,1556,214,1342
"A","North East","20","Durham","20UG","Sedgefield","E02004335","Sedgefield 003",,,4799,126,62,6,56,64,40,12,12,0,477,229,18,17,3,124,86,292,116,154,16,6,156,57,3,89,7,453,310,113,30,798,168,206,113,242,6,47,16,975,73,214,214,470,4,246,171,75,1276,177,1099
"A","North East","20","Durham","20UG","Sedgefield","E02004336","Sedgefield 004",,,4957,129,67,4,63,62,44,11,7,0,485,232,23,12,3,146,69,310,131,129,38,12,199,77,4,109,9,451,285,123,43,713,160,178,77,202,6,48,42,846,59,166,233,385,3,189,134,55,1635,210,1425
"A","North East","20","Durham","20UG","Sedgefield","E02004337","Sedgefield 005",,,6125,265,127,6,121,138,97,19,19,3,815,415,30,17,7,208,138,448,166,220,46,16,338,138,9,182,9,549,356,159,34,930,195,237,101,288,6,67,36,994,66,198,242,481,7,187,136,51,1599,269,1330
"A","North East","20","Durham","20UG","Sedgefield","E02004338","Sedgefield 006",,,4993,161,82,12,70,79,57,12,7,3,539,262,23,11,4,152,87,375,159,171,34,11,241,91,10,130,10,519,350,137,32,755,194,172,93,213,6,52,25,963,81,207,237,435,3,227,164,63,1213,156,1057
"A","North East","20","Durham","20UG","Sedgefield","E02004339","Sedgefield 007",,,4663,472,208,9,199,264,177,37,47,3,1158,692,43,43,4,252,124,423,151,184,80,8,356,125,37,143,51,313,209,84,20,387,128,102,27,44,16,43,27,329,55,35,116,118,5,79,45,34,1146,250,896
"A","North East","20","Durham","20UG","Sedgefield","E02004340","Sedgefield 008",,,7477,182,88,6,82,94,66,14,11,3,718,333,38,16,3,215,113,493,216,209,53,15,338,131,5,198,4,661,393,177,91,1121,302,268,163,276,4,70,38,1255,116,319,325,484,11,421,281,140,2288,266,2022
"A","North East","20","Durham","20UG","Sedgefield","E02004341","Sedgefield 009",,,6102,575,329,16,313,246,149,56,30,11,1448,679,84,56,14,400,215,706,292,339,53,22,313,136,3,170,4,570,371,146,53,684,173,197,77,132,3,73,29,525,68,126,146,182,3,133,82,51,1148,305,843
"A","North East","20","Durham","20UG","Sedgefield","E02004342","Sedgefield 010",,,3854,80,42,5,37,38,23,9,3,3,353,155,16,12,3,106,61,226,84,110,24,8,105,32,3,70,0,403,257,90,56,707,164,219,100,163,5,33,23,692,72,160,187,270,3,290,206,84,998,197,801
"A","North East","20","Durham","20UG","Sedgefield","E02004343","Sedgefield 011",,,4136,142,77,7,70,65,51,10,4,0,525,247,29,12,0,152,85,299,114,153,22,10,141,48,3,85,5,456,272,123,61,593,144,162,81,142,0,50,14,575,68,125,147,232,3,131,79,52,1274,171,1103
"A","North East","20","Durham","20UG","Sedgefield","E02004344","Sedgefield 012",,,5324,224,111,3,108,113,75,18,20,0,699,333,31,15,0,216,104,394,145,205,34,10,229,92,0,137,0,524,307,140,77,701,177,188,99,152,3,55,27,728,76,185,173,290,4,161,105,56,1664,229,1435
"A","North East","20","Durham","20UH","Teesdale","E02004345","Teesdale 001",,,9323,587,277,25,252,310,194,32,77,7,1468,726,57,60,7,398,220,666,283,314,57,12,1056,308,107,415,226,775,429,200,146,1024,257,334,121,138,64,83,27,1074,110,164,420,360,20,279,189,90,2394,319,2075
"A","North East","20","Durham","20UH","Teesdale","E02004346","Teesdale 002",,,3808,332,126,15,111,206,118,22,63,3,635,289,10,48,3,185,100,257,118,107,26,6,755,154,111,222,268,260,154,61,45,331,80,119,21,30,49,18,14,287,44,16,131,91,5,65,38,27,886,161,725
"A","North East","20","Durham","20UH","Teesdale","E02004347","Teesdale 003",,,4808,306,134,9,125,172,97,25,45,5,812,433,22,27,4,211,115,338,117,169,44,8,328,132,8,165,23,503,279,107,117,499,161,178,25,68,18,41,8,558,71,58,155,271,3,242,203,39,1222,263,959
"A","North East","20","Durham","20UJ","Wear Valley","E02004348","Wear Valley 001",,,5847,431,141,11,130,290,187,27,66,10,1022,558,32,59,3,242,128,375,174,145,46,10,649,212,43,270,124,458,250,129,79,589,127,237,51,73,40,36,25,572,78,41,210,232,11,195,127,68,1556,227,1329
"A","North East","20","Durham","20UJ","Wear Valley","E02004349","Wear Valley 002",,,5775,190,86,5,81,104,79,6,19,0,556,275,25,15,0,157,84,316,141,127,45,3,352,114,18,194,26,454,271,138,45,827,208,281,92,135,40,45,26,919,84,171,273,381,10,362,239,123,1799,248,1551
"A","North East","20","Durham","20UJ","Wear Valley","E02004350","Wear Valley 003",,,6398,325,156,13,143,169,112,12,42,3,1013,527,33,29,5,256,163,558,232,264,58,4,427,177,12,225,13,540,338,160,42,803,234,240,77,154,13,59,26,901,88,184,318,301,10,205,136,69,1626,249,1377
"A","North East","20","Durham","20UJ","Wear Valley","E02004351","Wear Valley 004",,,4943,167,83,11,72,84,57,9,18,0,502,244,17,12,0,149,80,272,113,121,30,8,253,94,0,152,7,413,244,130,39,722,219,209,88,144,11,32,19,801,81,186,217,309,8,318,224,94,1495,207,1288
"A","North East","20","Durham","20UJ","Wear Valley","E02004352","Wear Valley 005",,,5063,215,91,14,77,124,87,16,18,3,639,307,31,21,3,187,90,348,133,176,32,7,300,115,7,171,7,474,275,133,66,721,198,213,94,153,6,40,17,781,76,157,218,324,6,266,181,85,1319,210,1109
"A","North East","20","Durham","20UJ","Wear Valley","E02004353","Wear Valley 006",,,5754,398,183,8,175,215,153,27,30,5,1126,583,40,19,3,293,188,605,283,255,60,7,344,155,0,186,3,486,309,136,41,647,225,166,77,96,3,64,16,624,56,113,196,259,0,133,88,45,1391,254,1137
"A","North East","20","Durham","20UJ","Wear Valley","E02004354","Wear Valley 007",,,5315,192,86,9,77,106,74,16,16,0,702,336,33,24,3,198,108,324,147,134,32,11,322,125,11,169,17,500,308,128,64,781,212,230,100,153,15,45,26,826,73,210,208,332,3,248,173,75,1420,226,1194
"A","North East","20","Durham","20UJ","Wear Valley","E02004355","Wear Valley 008",,,5031,119,74,5,69,45,31,9,5,0,431,197,22,12,3,117,80,294,122,119,47,6,198,63,3,129,3,393,248,115,30,770,191,227,105,166,3,43,35,812,78,154,207,370,3,404,288,116,1610,213,1397
"A","North East","35","Northumberland","35UB","Alnwick","E02005702","Alnwick 001",,,4375,411,197,10,187,214,115,27,59,13,948,444,21,46,7,205,225,372,147,189,27,9,486,164,58,207,57,317,230,74,13,401,100,157,5,24,65,31,19,243,71,14,75,76,7,94,58,36,1103,215,888
"A","North East","35","Northumberland","35UB","Alnwick","E02005703","Alnwick 002",,,4624,247,91,0,91,156,96,31,22,7,673,329,20,21,0,199,104,365,166,153,27,19,304,102,0,185,17,412,307,86,19,652,190,291,29,52,22,38,30,618,122,30,172,284,10,201,112,89,1152,213,939
"A","North East","35","Northumberland","35UB","Alnwick","E02005704","Alnwick 003",,,8571,530,218,11,207,312,211,37,56,8,1457,704,41,60,7,351,294,776,317,348,94,17,664,234,78,297,55,647,460,148,39,1054,278,393,39,165,54,68,57,890,150,93,308,317,22,274,154,120,2279,378,1901
"A","North East","35","Northumberland","35UB","Alnwick","E02005705","Alnwick 004",,,5055,449,156,7,149,293,161,34,90,8,926,473,18,75,6,230,124,300,140,131,25,4,766,184,124,273,185,305,214,76,15,615,128,219,7,34,157,39,31,323,68,16,118,105,16,86,52,34,1285,213,1072
"A","North East","35","Northumberland","35UC","Berwick-upon-Tweed","E02005706","Berwick-upon-Tweed 001",,,6562,178,60,10,50,118,72,15,26,5,782,324,30,38,5,277,108,364,173,160,23,8,459,181,9,257,12,656,438,171,47,1330,460,369,49,328,25,59,40,973,151,97,319,400,6,226,130,96,1594,235,1359
"A","North East","35","Northumberland","35UC","Berwick-upon-Tweed","E02005707","Berwick-upon-Tweed 002",,,4988,268,105,12,93,163,95,16,46,6,806,360,22,48,10,235,131,313,154,131,17,11,631,204,84,255,88,399,281,101,17,721,239,206,33,100,67,43,33,476,93,28,172,171,12,74,46,28,1300,205,1095
"A","North East","35","Northumberland","35UC","Berwick-upon-Tweed","E02005708","Berwick-upon-Tweed 003",,,7309,326,135,19,116,191,77,19,89,6,1057,400,43,86,11,348,169,383,213,141,22,7,1123,324,177,474,148,547,403,124,20,990,216,298,32,100,235,71,38,721,160,27,220,286,28,152,92,60,2010,251,1759
"A","North East","35","Northumberland","35UD","Blyth Valley","E02005709","Blyth Valley 001",,,4548,94,47,12,35,47,27,11,3,6,335,137,11,7,3,116,61,237,86,118,23,10,161,54,3,100,4,364,252,79,33,673,165,263,56,145,3,29,12,916,92,256,207,358,3,363,248,115,1405,185,1220
"A","North East","35","Northumberland","35UD","Blyth Valley","E02005710","Blyth Valley 002",,,6041,217,93,15,78,124,79,27,12,6,880,450,40,25,4,213,148,573,249,258,54,12,359,128,8,216,7,544,362,138,44,835,251,281,58,119,4,82,40,797,112,167,206,309,3,284,165,119,1552,299,1253
"A","North East","35","Northumberland","35UD","Blyth Valley","E02005711","Blyth Valley 003",,,5891,139,71,10,61,68,48,12,5,3,548,279,21,10,0,132,106,430,181,200,32,17,213,74,3,133,3,526,353,127,46,895,286,292,56,175,4,54,28,1014,114,242,239,415,4,279,172,107,1847,223,1624
"A","North East","35","Northumberland","35UD","Blyth Valley","E02005712","Blyth Valley 004",,,4592,179,90,7,83,89,53,21,10,5,664,302,25,10,0,202,125,411,178,193,29,11,244,87,4,150,3,482,318,119,45,711,279,179,55,120,3,52,23,637,60,167,179,231,0,185,123,62,1079,197,882
"A","North East","35","Northumberland","35UD","Blyth Valley","E02005713","Blyth Valley 005",,,4815,335,172,9,163,163,112,35,12,4,1097,556,40,16,4,275,206,684,299,319,41,25,245,104,4,137,0,475,297,147,31,588,234,140,45,89,0,47,33,360,53,64,117,123,3,66,34,32,965,245,720
"A","North East","35","Northumberland","35UD","Blyth Valley","E02005714","Blyth Valley 006",,,4207,516,251,10,241,265,166,75,18,6,1285,610,61,24,6,347,237,703,297,349,37,20,176,80,0,93,3,344,218,96,30,366,140,82,22,35,0,60,27,179,47,14,65,53,0,43,21,22,595,282,313
"A","North East","35","Northumberland","35UD","Blyth Valley","E02005715","Blyth Valley 007",,,6274,242,102,10,92,140,96,34,7,3,832,361,35,18,7,253,158,641,265,305,48,23,236,65,8,160,3,589,382,142,65,967,297,347,63,139,10,79,32,895,117,144,242,386,6,354,226,128,1518,331,1187
"A","North East","35","Northumberland","35UD","Blyth Valley","E02005716","Blyth Valley 008",,,6755,332,147,8,139,185,115,56,10,4,1199,531,57,18,3,331,259,873,388,393,63,29,268,93,3,172,0,693,423,203,67,990,316,303,71,150,5,104,41,797,95,109,252,338,3,172,124,48,1431,423,1008
"A","North East","35","Northumberland","35UD","Blyth Valley","E02005717","Blyth Valley 009",,,5764,324,151,13,138,173,106,38,24,5,1082,517,47,45,3,260,210,675,297,322,31,25,348,136,4,196,12,479,290,141,48,669,214,234,34,96,6,53,32,483,71,73,155,181,3,129,76,53,1575,258,1317
"A","North East","35","Northumberland","35UD","Blyth Valley","E02005718","Blyth Valley 010",,,5431,340,148,12,136,192,121,53,14,4,1061,490,49,19,6,263,234,796,369,353,49,25,234,85,0,146,3,508,320,141,47,629,211,194,37,99,0,54,34,498,71,80,156,188,3,76,45,31,1289,304,985
"A","North East","35","Northumberland","35UD","Blyth Valley","E02005719","Blyth Valley 011",,,5407,257,125,8,117,132,77,36,19,0,918,402,38,33,0,284,161,565,240,273,39,13,267,109,0,155,3,534,345,137,52,685,233,216,38,105,6,58,29,607,85,104,192,223,3,161,96,65,1413,235,1178
"A","North East","35","Northumberland","35UE","Castle Morpeth","E02005720","Castle Morpeth 001",,,8086,335,152,14,138,183,108,38,34,3,1116,533,35,26,7,291,224,655,269,285,88,13,440,168,16,232,24,704,479,179,46,1107,259,434,72,193,42,54,53,1022,111,172,346,387,6,552,414,138,2155,337,1818
"A","North East","35","Northumberland","35UE","Castle Morpeth","E02005721","Castle Morpeth 002",,,3697,307,124,4,120,183,119,26,34,4,672,363,23,25,3,149,109,321,113,138,66,4,173,70,8,88,7,302,194,84,24,348,120,136,8,32,10,29,13,281,53,34,87,104,3,141,91,50,1152,320,832
"A","North East","35","Northumberland","35UE","Castle Morpeth","E02005722","Castle Morpeth 003",,,5123,659,233,46,187,426,257,50,107,12,1111,538,27,60,7,299,180,374,201,127,40,6,700,234,108,203,155,243,160,69,14,373,82,126,7,14,82,35,27,230,62,12,67,65,24,286,260,26,1147,280,867
"A","North East","35","Northumberland","35UE","Castle Morpeth","E02005723","Castle Morpeth 004",,,4464,319,115,8,107,204,126,46,29,3,795,425,32,25,0,203,110,358,136,151,64,7,216,66,3,144,3,307,227,61,19,504,146,229,12,41,15,37,24,405,72,31,126,171,5,171,112,59,1389,224,1165
"A","North East","35","Northumberland","35UE","Castle Morpeth","E02005724","Castle Morpeth 005",,,4507,595,232,5,227,363,232,59,64,8,1238,694,41,49,5,285,164,500,237,199,43,21,200,84,0,108,8,225,158,49,18,293,99,89,7,18,3,40,37,139,43,11,39,42,4,60,33,27,1257,296,961
"A","North East","35","Northumberland","35UE","Castle Morpeth","E02005725","Castle Morpeth 006",,,4590,665,255,46,209,410,250,51,99,10,994,449,39,58,12,299,137,363,199,141,14,9,413,158,21,205,29,190,141,39,10,320,91,112,6,37,18,39,17,194,53,18,66,54,3,104,84,20,1347,291,1056
"A","North East","35","Northumberland","35UE","Castle Morpeth","E02005726","Castle Morpeth 007",,,5588,883,353,32,321,530,315,59,143,13,1313,575,48,76,8,368,238,451,203,209,29,10,535,232,45,197,61,211,146,56,9,330,104,92,6,23,21,58,26,136,46,5,42,38,5,73,47,26,1656,348,1308
"A","North East","35","Northumberland","35UF","Tynedale","E02005727","Tynedale 001",,,4601,354,130,14,116,224,131,25,64,4,797,337,28,73,4,226,129,345,148,152,35,10,831,143,124,304,260,357,251,83,23,530,103,201,12,32,109,51,22,362,72,10,111,140,29,76,40,36,949,173,776
"A","North East","35","Northumberland","35UF","Tynedale","E02005728","Tynedale 002",,,5218,255,99,14,85,156,89,19,41,7,724,333,24,44,3,205,115,361,151,159,47,4,667,152,65,292,158,474,277,140,57,627,193,241,31,54,38,51,19,674,96,61,261,240,16,161,94,67,1275,237,1038
"A","North East","35","Northumberland","35UF","Tynedale","E02005729","Tynedale 003",,,4010,546,174,6,168,372,244,36,81,11,1034,581,35,37,6,255,120,334,141,130,53,10,305,117,30,131,27,237,163,62,12,334,94,113,21,22,31,28,25,180,38,11,70,57,4,66,34,32,974,247,727
"A","North East","35","Northumberland","35UF","Tynedale","E02005730","Tynedale 004",,,8902,898,329,23,306,569,357,80,120,12,1881,964,57,101,10,529,220,717,329,257,118,13,637,194,20,384,39,588,432,123,33,1048,379,357,59,88,26,67,72,597,116,28,199,245,9,223,122,101,2313,536,1777
"A","North East","35","Northumberland","35UF","Tynedale","E02005731","Tynedale 005",,,7521,466,197,17,180,269,180,55,30,4,1321,614,64,39,4,382,218,753,279,275,173,26,395,161,0,223,11,687,468,171,48,1135,325,448,127,94,10,76,55,795,117,69,263,341,5,294,212,82,1675,389,1286
"A","North East","35","Northumberland","35UF","Tynedale","E02005732","Tynedale 006",,,6518,958,331,30,301,627,359,65,188,15,1471,724,42,120,19,412,154,457,229,173,49,6,687,228,49,332,78,312,219,75,18,487,161,152,25,31,25,53,40,296,70,15,91,114,6,154,111,43,1696,410,1286
"A","North East","35","Northumberland","35UF","Tynedale","E02005733","Tynedale 007",,,5855,627,225,21,204,402,223,45,125,9,1126,543,34,98,3,304,144,378,178,145,44,11,882,202,117,328,235,340,230,100,10,626,154,245,33,47,53,51,43,391,99,15,135,125,17,107,62,45,1378,304,1074
"A","North East","35","Northumberland","35UG","Wansbeck","E02005734","Wansbeck 001",,,4350,87,27,5,22,60,44,6,7,3,456,236,15,12,0,113,80,290,113,121,43,13,253,91,16,126,20,310,219,70,21,633,185,248,40,93,4,35,28,561,72,79,168,238,4,331,207,124,1429,195,1234
"A","North East","35","Northumberland","35UG","Wansbeck","E02005735","Wansbeck 002",,,5919,135,58,9,49,77,50,15,9,3,639,313,32,7,0,169,118,504,176,197,119,12,201,81,0,117,3,505,309,148,48,1017,288,378,69,198,8,49,27,912,92,170,250,397,3,312,200,112,1694,244,1450
"A","North East","35","Northumberland","35UG","Wansbeck","E02005736","Wansbeck 003",,,4992,158,80,10,70,78,54,14,10,0,615,341,22,14,3,152,83,438,169,179,77,13,157,60,5,88,4,396,259,102,35,742,207,297,52,128,3,32,23,679,95,103,183,294,4,366,261,105,1441,238,1203
"A","North East","35","Northumberland","35UG","Wansbeck","E02005737","Wansbeck 004",,,5188,252,114,7,107,138,101,15,19,3,847,429,27,23,3,206,159,531,196,252,73,10,217,100,3,109,5,440,282,125,33,639,166,252,47,115,3,33,23,581,75,99,161,243,3,199,123,76,1482,277,1205
"A","North East","35","Northumberland","35UG","Wansbeck","E02005738","Wansbeck 005",,,3960,199,89,3,86,110,81,21,8,0,619,298,19,7,0,180,115,450,181,183,64,22,174,61,0,110,3,379,236,104,39,591,165,202,33,117,4,33,37,420,50,71,123,176,0,92,48,44,1036,207,829
"A","North East","35","Northumberland","35UG","Wansbeck","E02005739","Wansbeck 006",,,7169,287,149,16,133,138,90,29,13,6,1092,595,38,20,8,252,179,700,292,292,99,17,321,141,3,174,3,666,384,193,89,935,274,329,64,164,18,57,29,881,103,145,233,393,7,266,173,93,2021,281,1740
"A","North East","35","Northumberland","35UG","Wansbeck","E02005740","Wansbeck 007",,,7250,212,88,12,76,124,85,24,9,6,835,433,25,17,3,213,144,593,230,259,77,27,352,150,5,194,3,718,446,191,81,1111,302,369,107,197,10,69,57,1126,131,221,303,467,4,369,226,143,1934,328,1606
"A","North East","35","Northumberland","35UG","Wansbeck","E02005741","Wansbeck 008",,,5967,433,220,8,212,213,146,36,28,3,1213,643,41,35,5,286,203,668,258,312,80,18,277,126,8,138,5,485,296,140,49,688,199,246,43,102,5,57,36,515,74,92,131,215,3,190,107,83,1498,272,1226