DATASET_TITLE,"National Curriculum Assessments at Key Stage 3 by Free School Meal Eligibility in England (Referenced by Location of Pupil Residence), 2006",,,,,,,,,,FROM,Sep-2005,Sep-2005,Sep-2005,Sep-2005,Sep-2005,Sep-2005,Sep-2005,Sep-2005,Sep-2005,Sep-2005,Sep-2005,Sep-2005,Sep-2005,Sep-2005,Sep-2005,Sep-2005,Sep-2005,Sep-2005,Sep-2005,Sep-2005,Sep-2005
AREA_TYPE,Region,,,,,,,,,,TO,Aug-2006,Aug-2006,Aug-2006,Aug-2006,Aug-2006,Aug-2006,Aug-2006,Aug-2006,Aug-2006,Aug-2006,Aug-2006,Aug-2006,Aug-2006,Aug-2006,Aug-2006,Aug-2006,Aug-2006,Aug-2006,Aug-2006,Aug-2006,Aug-2006
GEO_HIERARCHY,NeSS Geography Hierarchy,,,,,,,,,,HEADING,Pupils Eligible for KS3 Assessment,Pupils Achieving Level 5+; in English,Pupils Achieving Level 5+; in Mathematics,Pupils Achieving Level 5+; in Science,Average Point Score of Pupils Eligible for KS3 Assessment,KS2 - KS3 Value Added Measure of Pupils Eligible for KS3 Assessment,KS2 - KS3 Value Added Coverage of Pupils Eligible for KS3 Assessment,Free School Meals Pupils Eligible for KS3 Assessment,Free School Meals Pupils Achieving Level 5+; in English,Free School Meals Pupils Achieving Level 5+; in Mathematics,Free School Meals Pupils Achieving Level 5+; in Science,Average Point Score of Free School Meals Pupils Eligible for KS3 Assessment,KS2 - KS3 Value Added Measure of Free School Meals Pupils Eligible for KS3 Assessment,KS2 - KS3 Value Added Coverage of Free School Meals Pupils Eligible for KS3 Assessment,Non-Free School Meals Pupils Eligible for KS3 Assessment,Non-Free School Meals Pupils Achieving Level 5+; in English,Non-Free School Meals Pupils Achieving Level 5+; in Mathematics,Non-Free School Meals Pupils Achieving Level 5+; in Science,Average Point Score of Non-Free School Meals Pupils Eligible for KS3 Assessment,KS2 - KS3 Value Added Measure of Non-Free School Meals Pupils Eligible for KS3 Assessment,KS2 - KS3 Value Added Coverage of Non-Free School Meals Pupils Eligible for KS3 Assessment
,,,,,,,,,,,MEASUREMENT_UNIT,Count,Percentage,Percentage,Percentage,Score,Score,Percentage,Count,Percentage,Percentage,Percentage,Score,Score,Percentage,Count,Percentage,Percentage,Percentage,Score,Score,Percentage
,,,,,,,,,,,STATISTICAL_UNIT,Persons,Persons,Persons,Persons,Persons,Persons,Persons,Persons,Persons,Persons,Persons,Persons,Persons,Persons,Persons,Persons,Persons,Persons,Persons,Persons,Persons
UK_CODE,UK_NAME,GB_CODE,GB_NAME,EW_CODE,EW_NAME,CTRY_CODE,CTRY_NAME,GOR_CODE,GOR_NAME,AREA_METADATA,,DATA_VALUE,DATA_VALUE,DATA_VALUE,DATA_VALUE,DATA_VALUE,DATA_VALUE,DATA_VALUE,DATA_VALUE,DATA_VALUE,DATA_VALUE,DATA_VALUE,DATA_VALUE,DATA_VALUE,DATA_VALUE,DATA_VALUE,DATA_VALUE,DATA_VALUE,DATA_VALUE,DATA_VALUE,DATA_VALUE,DATA_VALUE
"213","United Kingdom","078","Great Britain","727","England and Wales","064","England",,,,,620265,73,77,72,35,99.8,95,91270,50,56,48,30.7,98.9,92,514586,77,81,77,35.7,100,96
"213","United Kingdom","078","Great Britain","727","England and Wales","064","England","A","North East",,,32314,70,76,71,34.5,99.4,96,6059,45,56,47,30.4,98.4,93,26255,75,81,76,35.4,99.6,97
"213","United Kingdom","078","Great Britain","727","England and Wales","064","England","B","North West",,,87566,72,76,71,34.8,99.5,96,15984,48,55,46,30.5,98.4,92,71582,77,81,77,35.7,99.7,97
"213","United Kingdom","078","Great Britain","727","England and Wales","064","England","D","Yorkshire and The Humber",,,64237,69,75,70,34.5,99.5,96,10027,44,51,44,29.9,98.5,92,54210,74,79,75,35.3,99.6,96
"213","United Kingdom","078","Great Britain","727","England and Wales","064","England","E","East Midlands",,,53329,74,78,74,35.1,99.9,96,6237,47,54,47,30.4,98.8,92,47092,77,81,78,35.7,100,96
"213","United Kingdom","078","Great Britain","727","England and Wales","064","England","F","West Midlands",,,68641,71,75,70,34.5,99.7,96,11594,49,54,46,30.3,98.8,93,57047,76,79,75,35.3,99.9,97
"213","United Kingdom","078","Great Britain","727","England and Wales","064","England","G","East of England",,,66345,75,79,76,35.5,100.1,96,7036,52,59,53,31.3,99.2,93,59309,78,81,78,36,100.2,96
"213","United Kingdom","078","Great Britain","727","England and Wales","064","England","H","London",,,77013,74,75,69,34.7,99.9,92,19496,58,61,52,31.4,99.4,91,57517,79,80,75,35.8,100.1,93
"213","United Kingdom","078","Great Britain","727","England and Wales","064","England","J","South East",,,94746,75,79,75,35.6,100.1,95,8258,47,54,47,30.5,99.1,93,86488,78,81,78,36.1,100.2,96
"213","United Kingdom","078","Great Britain","727","England and Wales","064","England","K","South West",,,57427,74,79,76,35.4,100.1,95,5484,48,56,50,30.9,99.1,92,51943,77,81,78,35.8,100.2,96