DATASET_TITLE,"Life Expectancy at Birth, 2007-2009",,,,,,,,FROM,Jan-2007,Jan-2007,Jan-2007,Jan-2007,Jan-2007,Jan-2007
AREA_TYPE,Former Local Authority,,,,,,,,TO,Dec-2009,Dec-2009,Dec-2009,Dec-2009,Dec-2009,Dec-2009
GEO_HIERARCHY,NeSS Geography Hierarchy,,,,,,,,HEADING,Life Expectancy at Birth; Males,Life Expectancy at Birth; Males; 95% Confidence Interval (Lower Limit),Life Expectancy at Birth; Males; 95% Confidence Interval (Upper Limit),Life Expectancy at Birth; Females,Life Expectancy at Birth; Females; 95% Confidence Interval (Lower Limit),Life Expectancy at Birth; Females; 95% Confidence Interval (Upper Limit)
,,,,,,,,,MEASUREMENT_UNIT,Years,Years,Years,Years,Years,Years
,,,,,,,,,STATISTICAL_UNIT,Persons,Persons,Persons,Persons,Persons,Persons
GOR_CODE,GOR_NAME,CTY_CODE,CTY_NAME,LA_CODE,LA_NAME,FLA_CODE,FLA_NAME,AREA_METADATA,,DATA_VALUE,DATA_VALUE,DATA_VALUE,DATA_VALUE,DATA_VALUE,DATA_VALUE
"A","North East",,,"00EJ","Durham","20UB","Chester-le-Street",,,77.4,76.5,78.3,81,80.1,81.8
"A","North East",,,"00EJ","Durham","20UD","Derwentside",,,76.9,76.2,77.6,81.3,80.7,81.9
"A","North East",,,"00EJ","Durham","20UE","Durham",,,78.7,78,79.4,81.9,81.3,82.6
"A","North East",,,"00EJ","Durham","20UF","Easington",,,75.7,74.9,76.4,79.7,79,80.3
"A","North East",,,"00EJ","Durham","20UG","Sedgefield",,,76.4,75.6,77.1,80.3,79.6,80.9
"A","North East",,,"00EJ","Durham","20UH","Teesdale",,,78.8,77.6,80,82.8,81.6,84
"A","North East",,,"00EJ","Durham","20UJ","Wear Valley",,,75.7,74.8,76.6,79.8,79,80.5
"A","North East",,,"00EM","Northumberland","35UB","Alnwick",,,79.1,77.9,80.2,82.8,81.8,83.7
"A","North East",,,"00EM","Northumberland","35UC","Berwick-upon-Tweed",,,79.3,77.8,80.9,83.5,82,84.9
"A","North East",,,"00EM","Northumberland","35UD","Blyth Valley",,,77.1,76.4,77.8,80.3,79.5,81
"A","North East",,,"00EM","Northumberland","35UE","Castle Morpeth",,,80.2,79.4,81.1,83,82.2,83.9
"A","North East",,,"00EM","Northumberland","35UF","Tynedale",,,80.1,79.2,80.9,82.8,82,83.5
"A","North East",,,"00EM","Northumberland","35UG","Wansbeck",,,76.6,75.8,77.5,80,79.2,80.8
"B","North West",,,"00EQ","Cheshire East","13UC","Congleton",,,79.5,78.8,80.2,83,82.4,83.5
"B","North West",,,"00EQ","Cheshire East","13UD","Crewe and Nantwich",,,78,77.4,78.6,81.7,81.2,82.3
"B","North West",,,"00EQ","Cheshire East","13UG","Macclesfield",,,79.6,79.1,80.2,83.3,82.8,83.8
"B","North West",,,"00EW","Cheshire West and Chester","13UB","Chester",,,79.2,78.6,79.9,82.2,81.7,82.8
"B","North West",,,"00EW","Cheshire West and Chester","13UE","Ellesmere Port & Neston",,,78.1,77.3,78.9,82.1,81.5,82.8
"B","North West",,,"00EW","Cheshire West and Chester","13UH","Vale Royal",,,78.9,78.3,79.5,81.8,81.3,82.4
"F","West Midlands",,,"00GG","Shropshire","39UB","Bridgnorth",,,79.5,78.6,80.4,83.2,82.5,84
"F","West Midlands",,,"00GG","Shropshire","39UC","North Shropshire",,,78.3,77.3,79.2,82.4,81.6,83.2
"F","West Midlands",,,"00GG","Shropshire","39UD","Oswestry",,,78.8,77.7,79.9,81.9,80.9,82.9
"F","West Midlands",,,"00GG","Shropshire","39UE","Shrewsbury and Atcham",,,78.4,77.7,79.2,82.5,81.8,83.2
"F","West Midlands",,,"00GG","Shropshire","39UF","South Shropshire",,,79.4,78.3,80.4,82.6,81.4,83.8
"G","East of England",,,"00KC","Central Bedfordshire","09UC","Mid Bedfordshire",,,80.1,79.5,80.6,82.9,82.4,83.5
"G","East of England",,,"00KC","Central Bedfordshire","09UE","South Bedfordshire",,,78.3,77.7,78.9,82.1,81.5,82.6
"K","South West",,,"00HE","Cornwall","15UB","Caradon",,,78.7,77.9,79.4,83.4,82.7,84
"K","South West",,,"00HE","Cornwall","15UC","Carrick",,,79.1,78.4,79.8,83.9,83.2,84.6
"K","South West",,,"00HE","Cornwall","15UD","Kerrier",,,78.3,77.6,79,82.4,81.8,83
"K","South West",,,"00HE","Cornwall","15UE","North Cornwall",,,79.8,79.1,80.5,82.8,82.2,83.5
"K","South West",,,"00HE","Cornwall","15UF","Penwith",,,78.2,77.3,79.1,81.4,80.5,82.3
"K","South West",,,"00HE","Cornwall","15UG","Restormel",,,78,77.3,78.7,82.5,81.9,83.1
"K","South West",,,"00HY","Wiltshire","46UB","Kennet",,,79.2,78.4,79.9,83.7,83.1,84.3
"K","South West",,,"00HY","Wiltshire","46UC","North Wiltshire",,,79.8,79.2,80.4,83.6,83.1,84.1
"K","South West",,,"00HY","Wiltshire","46UD","Salisbury",,,79.5,78.9,80.2,83,82.3,83.6
"K","South West",,,"00HY","Wiltshire","46UF","West Wiltshire",,,79.4,78.8,80,83.6,83.1,84.2