DATASET_TITLE,"Social Rented Housing: Demand and Supply, 2004/2005",,,,,,,,,,FROM,Apr-2004,Apr-2004,Apr-2004,Apr-2004,Apr-2004,Apr-2004,Apr-2004,Apr-2004,Apr-2004,Apr-2004,Apr-2004,Apr-2004,Apr-2004,Apr-2004
AREA_TYPE,Region,,,,,,,,,,TO,Mar-2005,Mar-2005,Mar-2005,Mar-2005,Mar-2005,Mar-2005,Mar-2005,Mar-2005,Mar-2005,Mar-2005,Mar-2005,Mar-2005,Mar-2005,Mar-2005
GEO_HIERARCHY,NeSS Geography Hierarchy,,,,,,,,,,HEADING,All Households on the LA Register,Households on the LA Register Requiring up to and Including 2 Bedrooms,Households on the LA Register Requiring up to and Including 2 Bedrooms,Households on the LA Register Requiring 3 Bedrooms,Households on the LA Register Requiring 3 Bedrooms,Households on the LA Register Requiring More than 3 Bedrooms,Households on the LA Register Requiring More than 3 Bedrooms,Households on the LA Register Requiring an Unspecified Number of Bedrooms,Households on the LA Register Requiring an Unspecified Number of Bedrooms,LA Dwellings Let with 2 or More Bedrooms,LA Dwellings Let with 2 or More Bedrooms,RSL Dwellings Let,LA Dwellings Let,RSL and LA Dwellings Let
,,,,,,,,,,,MEASUREMENT_UNIT,Count,Count,Percentage,Count,Percentage,Count,Percentage,Count,Percentage,Count,Percentage,Count,Count,Count
,,,,,,,,,,,STATISTICAL_UNIT,Households,Households,Households,Households,Households,Households,Households,Households,Households,Dwellings,Dwellings,Dwellings,Dwellings,Dwellings
UK_CODE,UK_NAME,GB_CODE,GB_NAME,EW_CODE,EW_NAME,CTRY_CODE,CTRY_NAME,GOR_CODE,GOR_NAME,AREA_METADATA,,DATA_VALUE,DATA_VALUE,DATA_VALUE,DATA_VALUE,DATA_VALUE,DATA_VALUE,DATA_VALUE,DATA_VALUE,DATA_VALUE,DATA_VALUE,DATA_VALUE,DATA_VALUE,DATA_VALUE,DATA_VALUE
"213","United Kingdom","078","Great Britain","727","England and Wales","064","England",,,,,1539335,1140869,74.1,205160,13.3,49093,3.2,35121,2.3,102718,49.5,135429,207507,342936
"213","United Kingdom","078","Great Britain","727","England and Wales","064","England","A","North East",,,101669,65786,64.7,16232,16,3475,3.4,3077,3,8031,42.2,9187,19035,28222
"213","United Kingdom","078","Great Britain","727","England and Wales","064","England","B","North West",,,190067,131682,69.3,25628,13.5,5885,3.1,1289,.7,15639,50.8,26236,30760,56996
"213","United Kingdom","078","Great Britain","727","England and Wales","064","England","D","Yorkshire and The Humber",,,231565,149489,64.6,25916,11.2,3033,1.3,9927,4.3,17432,53.4,14286,32665,46951
"213","United Kingdom","078","Great Britain","727","England and Wales","064","England","E","East Midlands",,,144890,90498,62.5,20336,14,7638,5.3,12464,8.6,14047,51.5,9690,27256,36946
"213","United Kingdom","078","Great Britain","727","England and Wales","064","England","F","West Midlands",,,126543,102071,80.7,19597,15.5,4400,3.5,475,.4,9658,57.7,17456,16726,34182
"213","United Kingdom","078","Great Britain","727","England and Wales","064","England","G","East of England",,,124344,93821,75.5,16542,13.3,2799,2.3,1482,1.2,8867,47.8,12643,18558,31201
"213","United Kingdom","078","Great Britain","727","England and Wales","064","England","H","London",,,314412,257741,82,41781,13.3,14028,4.5,862,.3,15064,47.5,15595,31739,47334
"213","United Kingdom","078","Great Britain","727","England and Wales","064","England","J","South East",,,177835,145416,81.8,23250,13.1,4721,2.7,4448,2.5,6867,38.8,19747,17704,37451
"213","United Kingdom","078","Great Britain","727","England and Wales","064","England","K","South West",,,128010,104365,81.5,15878,12.4,3114,2.4,1097,.9,7113,54.5,10589,13064,23653