DATASET_TITLE,"Dwelling Stock by Council Tax Band, 2010",,,,,,FROM,Mar-2010,Mar-2010,Mar-2010,Mar-2010,Mar-2010,Mar-2010,Mar-2010,Mar-2010,Mar-2010,Mar-2010,Mar-2010,Mar-2010,Mar-2010,Mar-2010,Mar-2010,Mar-2010,Mar-2010,Mar-2010,Mar-2010,Mar-2010,Mar-2010
AREA_TYPE,Local Authority,,,,,,TO,Mar-2010,Mar-2010,Mar-2010,Mar-2010,Mar-2010,Mar-2010,Mar-2010,Mar-2010,Mar-2010,Mar-2010,Mar-2010,Mar-2010,Mar-2010,Mar-2010,Mar-2010,Mar-2010,Mar-2010,Mar-2010,Mar-2010,Mar-2010,Mar-2010
GEO_HIERARCHY,NeSS Geography Hierarchy,,,,,,HEADING,Dwelling Stock by Council Tax Band; Total,Dwelling Stock by Council Tax Band; Band A,Dwelling Stock by Council Tax Band; Band A,Dwelling Stock by Council Tax Band; Band B,Dwelling Stock by Council Tax Band; Band B,Dwelling Stock by Council Tax Band; Band C,Dwelling Stock by Council Tax Band; Band C,Dwelling Stock by Council Tax Band; Band D,Dwelling Stock by Council Tax Band; Band D,Dwelling Stock by Council Tax Band; Band E,Dwelling Stock by Council Tax Band; Band E,Dwelling Stock by Council Tax Band; Band F,Dwelling Stock by Council Tax Band; Band F,Dwelling Stock by Council Tax Band; Band G,Dwelling Stock by Council Tax Band; Band G,Dwelling Stock by Council Tax Band; Band H,Dwelling Stock by Council Tax Band; Band H,Dwelling Stock by Council Tax Band; Band I,Dwelling Stock by Council Tax Band; Band I,Dwelling Stock by Council Tax Band; Band X; Unallocated,Dwelling Stock by Council Tax Band; Band X; Unallocated
,,,,,,,MEASUREMENT_UNIT,Count,Count,Percentage,Count,Percentage,Count,Percentage,Count,Percentage,Count,Percentage,Count,Percentage,Count,Percentage,Count,Percentage,Count,Percentage,Count,Percentage
,,,,,,,STATISTICAL_UNIT,Dwellings,Dwellings,Dwellings,Dwellings,Dwellings,Dwellings,Dwellings,Dwellings,Dwellings,Dwellings,Dwellings,Dwellings,Dwellings,Dwellings,Dwellings,Dwellings,Dwellings,Dwellings,Dwellings,Dwellings,Dwellings
GOR_CODE,GOR_NAME,CTY_CODE,CTY_NAME,LA_CODE,LA_NAME,AREA_METADATA,,DATA_VALUE,DATA_VALUE,DATA_VALUE,DATA_VALUE,DATA_VALUE,DATA_VALUE,DATA_VALUE,DATA_VALUE,DATA_VALUE,DATA_VALUE,DATA_VALUE,DATA_VALUE,DATA_VALUE,DATA_VALUE,DATA_VALUE,DATA_VALUE,DATA_VALUE,DATA_VALUE,DATA_VALUE,DATA_VALUE,DATA_VALUE
"K","South West",,,"00HA","Bath and North East Somerset",,,75834,7389,9.74,17788,23.46,19028,25.09,13027,17.18,8841,11.66,4988,6.58,4390,5.79,383,.51,0,0,0,0
"K","South West",,,"00HB","Bristol, City of",,,186194,46301,24.87,69525,37.34,36693,19.71,16718,8.98,9173,4.93,4659,2.5,2797,1.5,328,.18,0,0,0,0
"K","South West",,,"00HC","North Somerset",,,90411,12371,13.68,19793,21.89,20917,23.14,15993,17.69,11843,13.1,6037,6.68,3206,3.55,251,.28,0,0,0,0
"K","South West",,,"00HD","South Gloucestershire",,,108562,12155,11.2,32861,30.27,25763,23.73,19326,17.8,11063,10.19,5350,4.93,1871,1.72,173,.16,0,0,0,0
"K","South West",,,"00HE","Cornwall",,,250658,58638,23.39,63721,25.42,53215,21.23,39845,15.9,23015,9.18,8154,3.25,3763,1.5,307,.12,0,0,0,0
"K","South West",,,"00HF","Isles of Scilly",,,1164,12,1.03,30,2.58,83,7.13,248,21.31,332,28.52,305,26.2,146,12.54,8,.69,0,0,0,0
"K","South West",,,"00HG","Plymouth",,,113816,46193,40.59,30519,26.81,21550,18.93,8785,7.72,4487,3.94,1662,1.46,559,.49,61,.05,0,0,0,0
"K","South West",,,"00HH","Torbay",,,64227,13053,20.32,16906,26.32,16105,25.08,9671,15.06,4927,7.67,2251,3.5,1197,1.86,117,.18,0,0,0,0
"K","South West",,,"00HN","Bournemouth",,,85350,15846,18.57,18005,21.1,23191,27.17,15521,18.19,7731,9.06,3424,4.01,1508,1.77,124,.15,0,0,0,0
"K","South West",,,"00HP","Poole",,,66404,4556,6.86,11793,17.76,22439,33.79,11982,18.04,7926,11.94,3891,5.86,2978,4.48,839,1.26,0,0,0,0
"K","South West",,,"00HX","Swindon",,,89160,13919,15.61,26012,29.17,22444,25.17,14795,16.59,7780,8.73,2922,3.28,1229,1.38,59,.07,0,0,0,0
"K","South West",,,"00HY","Wiltshire",,,200298,24215,12.09,38864,19.4,49812,24.87,34438,17.19,25955,12.96,15636,7.81,10130,5.06,1248,.62,0,0,0,0
"K","South West","18","Devon","18UB","East Devon",,,63171,5708,9.04,12241,19.38,13979,22.13,11688,18.5,9644,15.27,5854,9.27,3869,6.12,188,.3,0,0,0,0
"K","South West","18","Devon","18UC","Exeter",,,50721,9738,19.2,14102,27.8,13100,25.83,7572,14.93,3703,7.3,1649,3.25,804,1.59,53,.1,0,0,0,0
"K","South West","18","Devon","18UD","Mid Devon",,,33645,5738,17.05,8352,24.82,6185,18.38,5840,17.36,4281,12.72,2243,6.67,948,2.82,58,.17,0,0,0,0
"K","South West","18","Devon","18UE","North Devon",,,43293,9740,22.5,10501,24.26,9204,21.26,7382,17.05,4077,9.42,1731,4,618,1.43,40,.09,0,0,0,0
"K","South West","18","Devon","18UG","South Hams",,,42332,4839,11.43,8428,19.91,8316,19.64,7796,18.42,6279,14.83,3518,8.31,2877,6.8,279,.66,0,0,0,0
"K","South West","18","Devon","18UH","Teignbridge",,,57264,8011,13.99,13009,22.72,12574,21.96,10797,18.85,7229,12.62,3565,6.23,1965,3.43,114,.2,0,0,0,0
"K","South West","18","Devon","18UK","Torridge",,,29961,7677,25.62,6538,21.82,6094,20.34,5196,17.34,3014,10.06,1040,3.47,373,1.24,29,.1,0,0,0,0
"K","South West","18","Devon","18UL","West Devon",,,23970,3191,13.31,6072,25.33,4794,20,4010,16.73,3137,13.09,1688,7.04,995,4.15,83,.35,0,0,0,0
"K","South West","19","Dorset","19UC","Christchurch",,,23082,1632,7.07,2204,9.55,5904,25.58,6128,26.55,4987,21.61,1462,6.33,728,3.15,37,.16,0,0,0,0
"K","South West","19","Dorset","19UD","East Dorset",,,38864,2413,6.21,3195,8.22,7283,18.74,9042,23.27,9360,24.08,4979,12.81,2430,6.25,162,.42,0,0,0,0
"K","South West","19","Dorset","19UE","North Dorset",,,29977,2548,8.5,5905,19.7,7752,25.86,5549,18.51,4199,14.01,2505,8.36,1388,4.63,131,.44,0,0,0,0
"K","South West","19","Dorset","19UG","Purbeck",,,21764,1300,5.97,2784,12.79,6873,31.58,4872,22.39,3049,14.01,1775,8.16,1018,4.68,93,.43,0,0,0,0
"K","South West","19","Dorset","19UH","West Dorset",,,48408,5223,10.79,8353,17.26,11263,23.27,9630,19.89,7186,14.84,4209,8.69,2278,4.71,266,.55,0,0,0,0
"K","South West","19","Dorset","19UJ","Weymouth and Portland",,,30624,7250,23.67,9245,30.19,5953,19.44,4713,15.39,2305,7.53,830,2.71,310,1.01,18,.06,0,0,0,0
"K","South West","23","Gloucestershire","23UB","Cheltenham",,,52854,8998,17.02,12654,23.94,13527,25.59,8591,16.25,4608,8.72,2471,4.68,1924,3.64,81,.15,0,0,0,0
"K","South West","23","Gloucestershire","23UC","Cotswold",,,39109,3341,8.54,4672,11.95,10049,25.69,6431,16.44,5637,14.41,4208,10.76,4126,10.55,645,1.65,0,0,0,0
"K","South West","23","Gloucestershire","23UD","Forest of Dean",,,35844,6483,18.09,9198,25.66,8033,22.41,5362,14.96,3858,10.76,1876,5.23,962,2.68,72,.2,0,0,0,0
"K","South West","23","Gloucestershire","23UE","Gloucester",,,52555,15811,30.08,14644,27.86,12387,23.57,5371,10.22,3331,6.34,822,1.56,182,.35,7,.01,0,0,0,0
"K","South West","23","Gloucestershire","23UF","Stroud",,,49552,7017,14.16,11586,23.38,11234,22.67,7457,15.05,5988,12.08,3595,7.26,2444,4.93,231,.47,0,0,0,0
"K","South West","23","Gloucestershire","23UG","Tewkesbury",,,36158,5880,16.26,5919,16.37,9709,26.85,5316,14.7,4551,12.59,2813,7.78,1781,4.93,189,.52,0,0,0,0
"K","South West","40","Somerset","40UB","Mendip",,,48137,6705,13.93,12610,26.2,11683,24.27,7003,14.55,5398,11.21,2974,6.18,1638,3.4,126,.26,0,0,0,0
"K","South West","40","Somerset","40UC","Sedgemoor",,,50290,12397,24.65,11421,22.71,10473,20.83,7402,14.72,4715,9.38,2467,4.91,1353,2.69,62,.12,0,0,0,0
"K","South West","40","Somerset","40UD","South Somerset",,,72140,9889,13.71,21439,29.72,15207,21.08,10492,14.54,8745,12.12,4466,6.19,1733,2.4,169,.23,0,0,0,0
"K","South West","40","Somerset","40UE","Taunton Deane",,,48744,7125,14.62,15173,31.13,9320,19.12,6918,14.19,5389,11.06,3246,6.66,1478,3.03,95,.19,0,0,0,0
"K","South West","40","Somerset","40UF","West Somerset",,,17385,2719,15.64,3795,21.83,3717,21.38,3366,19.36,1807,10.39,1268,7.29,670,3.85,43,.25,0,0,0,0