DATASET_TITLE,"Prevalence of Underweight, Healthy Weight, Overweight and Obese Children by Gender in England, 2010-2011",,,,,,,,,,FROM,Sep-2010,Sep-2010,Sep-2010,Sep-2010,Sep-2010,Sep-2010,Sep-2010,Sep-2010,Sep-2010,Sep-2010,Sep-2010,Sep-2010,Sep-2010,Sep-2010,Sep-2010,Sep-2010,Sep-2010,Sep-2010,Sep-2010,Sep-2010,Sep-2010,Sep-2010,Sep-2010,Sep-2010,Sep-2010,Sep-2010,Sep-2010,Sep-2010
AREA_TYPE,Region,,,,,,,,,,TO,Aug-2011,Aug-2011,Aug-2011,Aug-2011,Aug-2011,Aug-2011,Aug-2011,Aug-2011,Aug-2011,Aug-2011,Aug-2011,Aug-2011,Aug-2011,Aug-2011,Aug-2011,Aug-2011,Aug-2011,Aug-2011,Aug-2011,Aug-2011,Aug-2011,Aug-2011,Aug-2011,Aug-2011,Aug-2011,Aug-2011,Aug-2011,Aug-2011
GEO_HIERARCHY,NeSS Geography Hierarchy,,,,,,,,,,HEADING,Prevalence of Obese Children; Year 6,Prevalence of Obese Children; Year 6; 95% Confidence Interval,Prevalence of Obese Children; Reception,Prevalence of Obese Children; Reception; 95% Confidence Interval,Prevalence of Overweight Children; Year 6,Prevalence of Overweight Children; Year 6; 95% Confidence Interval,Prevalence of Overweight Children; Reception,Prevalence of Overweight Children; Reception; 95% Confidence Interval,Prevalence of Healthy Weight Children; Year 6,Prevalence of Healthy Weight Children; Year 6; 95% Confidence Interval,Prevalence of Healthy Weight Children; Reception,Prevalence of Healthy Weight Children; Reception; 95% Confidence Interval,Prevalence of Underweight Children; Year 6,Prevalence of Underweight Children; Year 6; 95% Confidence Interval,Prevalence of Underweight Children; Reception,Prevalence of Underweight Children; Reception; 95% Confidence Interval,Prevalence of Obese Children; Year 6; Boys,Prevalence of Obese Children; Year 6; Girls,Prevalence of Obese Children; Reception; Boys,Prevalence of Obese Children; Reception; Girls,Prevalence of Overweight Children; Year 6; Boys,Prevalence of Overweight Children; Year 6; Girls,Prevalence of Overweight Children; Reception; Boys,Prevalence of Overweight Children; Reception; Girls,Prevalence of Healthy Weight or Underweight Children; Year 6; Boys,Prevalence of Healthy Weight or Underweight Children; Year 6; Girls,Prevalence of Healthy Weight or Underweight Children; Reception; Boys,Prevalence of Healthy Weight or Underweight Children; Reception; Girls
,,,,,,,,,,,MEASUREMENT_UNIT,Percentage,Percentage,Percentage,Percentage,Percentage,Percentage,Percentage,Percentage,Percentage,Percentage,Percentage,Percentage,Percentage,Percentage,Percentage,Percentage,Percentage,Percentage,Percentage,Percentage,Percentage,Percentage,Percentage,Percentage,Percentage,Percentage,Percentage,Percentage
,,,,,,,,,,,STATISTICAL_UNIT,Persons,Persons,Persons,Persons,Persons,Persons,Persons,Persons,Persons,Persons,Persons,Persons,Persons,Persons,Persons,Persons,Persons,Persons,Persons,Persons,Persons,Persons,Persons,Persons,Persons,Persons,Persons,Persons
UK_CODE,UK_NAME,GB_CODE,GB_NAME,EW_CODE,EW_NAME,CTRY_CODE,CTRY_NAME,GOR_CODE,GOR_NAME,AREA_METADATA,,DATA_VALUE,DATA_VALUE,DATA_VALUE,DATA_VALUE,DATA_VALUE,DATA_VALUE,DATA_VALUE,DATA_VALUE,DATA_VALUE,DATA_VALUE,DATA_VALUE,DATA_VALUE,DATA_VALUE,DATA_VALUE,DATA_VALUE,DATA_VALUE,DATA_VALUE,DATA_VALUE,DATA_VALUE,DATA_VALUE,DATA_VALUE,DATA_VALUE,DATA_VALUE,DATA_VALUE,DATA_VALUE,DATA_VALUE,DATA_VALUE,DATA_VALUE
"213","United Kingdom","078","Great Britain","727","England and Wales","064","England",,,,,19,.1,9.4,.1,14.4,.1,13.2,.1,65.3,.1,76.4,.1,1.3,0,1,0,20.6,17.4,10.1,8.8,14.3,14.4,13.8,12.6,65.1,68.2,76.1,78.7
"213","United Kingdom","078","Great Britain","727","England and Wales","064","England","A","North East",,,21.4,.5,9.9,.4,14.2,.4,13.7,.4,63.3,.6,75.8,.5,1,.1,.6,.1,22.7,20.1,10.4,9.4,13.9,14.5,14.5,12.9,63.4,65.4,75.1,77.7
"213","United Kingdom","078","Great Britain","727","England and Wales","064","England","B","North West",,,19.7,.3,9.7,.2,14.6,.3,13.6,.2,64.5,.4,75.8,.3,1.2,.1,.9,.1,21.1,18.3,10.1,9.2,14.4,14.8,14,13.2,64.5,67,75.8,77.7
"213","United Kingdom","078","Great Britain","727","England and Wales","064","England","D","Yorkshire and The Humber",,,19.2,.3,9.1,.2,14,.3,13,.3,65.5,.4,76.9,.3,1.4,.1,1,.1,20.5,17.8,9.7,8.5,14.1,13.9,13.5,12.4,65.3,68.4,76.8,79.1
"213","United Kingdom","078","Great Britain","727","England and Wales","064","England","E","East Midlands",,,18.3,.4,8.9,.3,14.2,.3,13.2,.3,66.1,.4,77,.4,1.4,.1,.9,.1,19.6,16.8,9.6,8.3,13.7,14.7,13.9,12.5,66.7,68.5,76.6,79.2
"213","United Kingdom","078","Great Britain","727","England and Wales","064","England","F","West Midlands",,,20.5,.3,10.1,.2,14.6,.3,13.5,.3,63.4,.4,75.3,.3,1.5,.1,1.1,.1,22.1,18.9,10.8,9.3,14.5,14.7,14,13,63.5,66.3,75.2,77.7
"213","United Kingdom","078","Great Britain","727","England and Wales","064","England","G","East of England",,,17.7,.3,9,.2,14.1,.3,13.1,.3,67.1,.4,77.1,.3,1.2,.1,.8,.1,19.2,16.1,9.5,8.4,14,14.1,13.9,12.3,66.8,69.8,76.5,79.4
"213","United Kingdom","078","Great Britain","727","England and Wales","064","England","H","London",,,21.9,.3,11.1,.2,15.1,.3,12.4,.2,61.3,.4,75,.3,1.7,.1,1.5,.1,24.4,19.3,12,10.1,15.2,15,13,11.8,60.4,65.6,75,78
"213","United Kingdom","078","Great Britain","727","England and Wales","064","England","J","South East",,,16.6,.3,8.2,.2,14,.2,12.7,.2,68.2,.3,78.3,.3,1.2,.1,.8,.1,18.1,15,8.8,7.5,14.1,14,13.2,12.1,67.8,71.1,78,80.4
"213","United Kingdom","078","Great Britain","727","England and Wales","064","England","K","South West",,,16.6,.3,8.8,.3,14.2,.3,14.3,.3,68.2,.4,76.4,.4,1,.1,.5,.1,17.9,15.3,9.6,7.9,14.2,14.1,15.1,13.5,67.9,70.6,75.3,78.5