DATASET_TITLE,"Benefits Data Indicators: Working Age Client Group, 2004",,,,,,FROM,Aug-2004,Aug-2004,Aug-2004,Aug-2004,Aug-2004,Aug-2004,Aug-2004,Aug-2004,Aug-2004,Aug-2004,Aug-2004,Aug-2004,Aug-2004,Aug-2004
AREA_TYPE,Local Authority,,,,,,TO,Aug-2004,Aug-2004,Aug-2004,Aug-2004,Aug-2004,Aug-2004,Aug-2004,Aug-2004,Aug-2004,Aug-2004,Aug-2004,Aug-2004,Aug-2004,Aug-2004
GEO_HIERARCHY,NeSS Geography Hierarchy,,,,,,HEADING,All People of Working Age Claiming a Key Benefit,Job Seekers,Incapacity Benefits,Lone Parent,Carer,Others on Income Related Benefits,Disabled,Bereaved,Unknown,Male,Female,Aged 16-24,Aged 25-49,Aged 50 and Over
,,,,,,,MEASUREMENT_UNIT,Percentage,Percentage,Percentage,Percentage,Percentage,Percentage,Percentage,Percentage,Percentage,Percentage,Percentage,Percentage,Percentage,Percentage
,,,,,,,STATISTICAL_UNIT,Persons,Persons,Persons,Persons,Persons,Persons,Persons,Persons,Persons,Persons,Persons,Persons,Persons,Persons
GOR_CODE,GOR_NAME,CTY_CODE,CTY_NAME,LA_CODE,LA_NAME,AREA_METADATA,,DATA_VALUE,DATA_VALUE,DATA_VALUE,DATA_VALUE,DATA_VALUE,DATA_VALUE,DATA_VALUE,DATA_VALUE,DATA_VALUE,DATA_VALUE,DATA_VALUE,DATA_VALUE,DATA_VALUE,DATA_VALUE
"A","North East",,,"00CH","Gateshead",,,21,3,13,3,1,1,1,0,0,11,10,3,11,8
"A","North East",,,"00CJ","Newcastle upon Tyne",,,19,3,11,3,1,1,1,0,0,10,9,3,10,6
"A","North East",,,"00CK","North Tyneside",,,18,3,10,2,1,1,1,0,0,9,9,2,9,7
"A","North East",,,"00CL","South Tyneside",,,23,4,12,4,1,1,1,0,0,12,11,3,11,9
"A","North East",,,"00CM","Sunderland",,,21,3,13,3,1,1,1,0,0,11,10,3,10,8
"A","North East",,,"00EB","Hartlepool",,,25,4,14,3,2,1,1,0,0,13,12,3,12,9
"A","North East",,,"00EC","Middlesbrough",,,24,4,12,4,2,1,1,0,0,12,12,4,13,8
"A","North East",,,"00EE","Redcar and Cleveland",,,21,3,12,3,2,1,1,0,0,11,11,3,10,8
"A","North East",,,"00EF","Stockton-on-Tees",,,18,3,9,3,1,1,1,0,0,9,9,3,9,6
"A","North East",,,"00EH","Darlington",,,18,3,10,3,1,1,1,0,0,9,9,2,9,7
"A","North East",,,"00EJ","Durham",,,..,..,..,..,..,..,..,..,..,..,..,..,..,..
"A","North East",,,"00EM","Northumberland",,,..,..,..,..,..,..,..,..,..,..,..,..,..,..
"B","North West",,,"00BL","Bolton",,,18,2,10,2,1,0,1,0,0,9,9,2,9,7
"B","North West",,,"00BM","Bury",,,15,2,9,2,1,0,1,0,0,7,8,2,8,6
"B","North West",,,"00BN","Manchester",,,24,3,13,5,1,1,1,0,0,12,12,3,14,7
"B","North West",,,"00BP","Oldham",,,19,2,11,3,1,0,1,0,0,9,10,3,9,7
"B","North West",,,"00BQ","Rochdale",,,20,2,12,3,1,0,1,0,0,10,10,3,11,7
"B","North West",,,"00BR","Salford",,,21,2,13,3,1,0,1,0,0,11,10,3,11,7
"B","North West",,,"00BS","Stockport",,,13,1,7,2,1,0,1,0,0,6,7,2,6,5
"B","North West",,,"00BT","Tameside",,,19,2,11,3,1,0,1,0,0,9,9,2,9,7
"B","North West",,,"00BU","Trafford",,,13,2,7,2,1,0,1,0,0,6,7,2,7,5
"B","North West",,,"00BW","Wigan",,,19,2,12,2,1,0,1,0,0,10,9,2,9,8
"B","North West",,,"00BX","Knowsley",,,29,4,15,5,2,1,1,0,0,14,15,4,16,10
"B","North West",,,"00BY","Liverpool",,,28,5,15,4,2,1,1,0,0,14,14,4,15,9
"B","North West",,,"00BZ","St. Helens",,,21,2,12,3,2,1,1,0,0,11,10,3,10,9
"B","North West",,,"00CA","Sefton",,,20,3,11,3,1,1,1,0,0,10,10,2,10,7
"B","North West",,,"00CB","Wirral",,,22,3,12,3,2,1,1,0,0,11,11,3,11,8
"B","North West",,,"00EQ","Cheshire East",,,..,..,..,..,..,..,..,..,..,..,..,..,..,..
"B","North West",,,"00ET","Halton",,,22,2,12,3,2,1,1,0,0,11,11,3,11,9
"B","North West",,,"00EU","Warrington",,,13,1,8,1,1,0,1,0,0,7,7,1,6,5
"B","North West",,,"00EW","Cheshire West and Chester",,,..,..,..,..,..,..,..,..,..,..,..,..,..,..
"B","North West",,,"00EX","Blackburn with Darwen",,,21,3,12,3,2,1,1,0,0,11,10,3,11,7
"B","North West",,,"00EY","Blackpool",,,23,2,14,3,1,1,1,0,0,12,11,3,12,9
"B","North West","16","Cumbria","16UB","Allerdale",,,16,2,9,2,1,0,1,0,0,8,8,2,8,7
"B","North West","16","Cumbria","16UC","Barrow-in-Furness",,,24,3,15,2,2,1,1,0,0,13,11,3,11,10
"B","North West","16","Cumbria","16UD","Carlisle",,,14,2,8,2,1,0,1,0,0,7,7,2,7,5
"B","North West","16","Cumbria","16UE","Copeland",,,19,3,10,2,2,0,1,0,0,10,9,2,9,8
"B","North West","16","Cumbria","16UF","Eden",,,9,1,5,1,1,0,1,0,0,4,4,1,4,4
"B","North West","16","Cumbria","16UG","South Lakeland",,,9,1,6,1,1,0,1,0,0,5,5,1,4,4
"B","North West","30","Lancashire","30UD","Burnley",,,21,2,13,3,1,0,1,0,0,10,11,3,11,8
"B","North West","30","Lancashire","30UE","Chorley",,,12,1,7,1,1,0,1,0,0,6,6,1,6,5
"B","North West","30","Lancashire","30UF","Fylde",,,12,1,7,1,1,0,1,0,0,6,6,1,5,6
"B","North West","30","Lancashire","30UG","Hyndburn",,,20,2,12,2,1,0,1,1,0,10,10,2,10,8
"B","North West","30","Lancashire","30UH","Lancaster",,,15,2,8,2,1,0,1,0,0,7,7,2,7,6
"B","North West","30","Lancashire","30UJ","Pendle",,,18,2,11,2,1,0,1,0,0,9,9,2,9,7
"B","North West","30","Lancashire","30UK","Preston",,,16,2,9,2,1,0,1,0,0,8,8,2,9,6
"B","North West","30","Lancashire","30UL","Ribble Valley",,,9,1,6,1,1,0,1,0,0,5,4,1,4,4
"B","North West","30","Lancashire","30UM","Rossendale",,,17,1,10,2,1,0,1,1,0,8,8,2,8,7
"B","North West","30","Lancashire","30UN","South Ribble",,,11,1,7,1,1,0,1,0,0,5,6,1,5,5
"B","North West","30","Lancashire","30UP","West Lancashire",,,16,2,9,2,1,0,1,0,0,8,8,2,8,7
"B","North West","30","Lancashire","30UQ","Wyre",,,14,1,8,1,1,0,1,0,0,7,7,1,6,7
"D","Yorkshire and The Humber",,,"00CC","Barnsley",,,22,2,14,2,2,0,1,0,0,11,11,2,10,9
"D","Yorkshire and The Humber",,,"00CE","Doncaster",,,19,2,11,3,2,1,1,0,0,10,10,3,9,7
"D","Yorkshire and The Humber",,,"00CF","Rotherham",,,18,2,10,2,2,1,1,0,0,9,9,2,9,7
"D","Yorkshire and The Humber",,,"00CG","Sheffield",,,16,3,8,2,1,1,1,0,0,8,8,2,8,5
"D","Yorkshire and The Humber",,,"00CX","Bradford",,,18,3,9,3,1,1,1,0,0,9,9,3,9,6
"D","Yorkshire and The Humber",,,"00CY","Calderdale",,,15,2,8,2,1,0,1,0,0,7,8,2,7,5
"D","Yorkshire and The Humber",,,"00CZ","Kirklees",,,15,2,8,2,1,0,1,0,0,7,8,2,8,5
"D","Yorkshire and The Humber",,,"00DA","Leeds",,,14,2,7,2,1,0,1,0,0,7,7,2,7,5
"D","Yorkshire and The Humber",,,"00DB","Wakefield",,,18,2,11,2,1,0,1,0,0,9,9,2,9,7
"D","Yorkshire and The Humber",,,"00FA","Kingston upon Hull, City of",,,20,4,9,4,1,1,1,0,0,10,10,3,11,6
"D","Yorkshire and The Humber",,,"00FB","East Riding of Yorkshire",,,11,2,6,1,1,0,1,0,0,6,6,1,5,5
"D","Yorkshire and The Humber",,,"00FC","North East Lincolnshire",,,17,3,8,3,1,1,1,0,0,9,9,3,9,6
"D","Yorkshire and The Humber",,,"00FD","North Lincolnshire",,,14,2,7,2,1,0,1,0,0,7,8,2,7,5
"D","Yorkshire and The Humber",,,"00FF","York",,,9,1,5,1,1,0,1,0,0,4,5,1,5,3
"D","Yorkshire and The Humber","36","North Yorkshire","36UB","Craven",,,9,1,5,1,1,0,1,0,0,4,4,1,4,4
"D","Yorkshire and The Humber","36","North Yorkshire","36UC","Hambleton",,,8,1,5,1,1,0,1,0,0,4,4,1,4,4
"D","Yorkshire and The Humber","36","North Yorkshire","36UD","Harrogate",,,8,1,4,1,1,0,1,0,0,4,4,1,4,3
"D","Yorkshire and The Humber","36","North Yorkshire","36UE","Richmondshire",,,8,1,4,1,1,0,1,0,0,4,4,1,4,3
"D","Yorkshire and The Humber","36","North Yorkshire","36UF","Ryedale",,,9,1,4,1,1,0,1,0,0,4,5,1,4,4
"D","Yorkshire and The Humber","36","North Yorkshire","36UG","Scarborough",,,17,2,9,2,1,1,1,0,0,8,8,2,8,7
"D","Yorkshire and The Humber","36","North Yorkshire","36UH","Selby",,,9,1,5,1,1,0,1,0,0,5,5,1,4,4
"E","East Midlands",,,"00FK","Derby",,,16,3,8,3,1,1,1,0,0,8,8,2,9,5
"E","East Midlands",,,"00FN","Leicester",,,20,4,9,4,1,1,1,0,0,9,10,3,11,6
"E","East Midlands",,,"00FP","Rutland",,,6,0,3,1,1,0,1,0,0,3,3,1,3,3
"E","East Midlands",,,"00FY","Nottingham",,,19,3,9,4,1,1,1,0,0,9,10,3,11,5
"E","East Midlands","17","Derbyshire","17UB","Amber Valley",,,13,2,7,2,1,0,1,0,0,7,7,1,6,6
"E","East Midlands","17","Derbyshire","17UC","Bolsover",,,21,2,12,2,2,0,1,0,0,11,10,2,10,9
"E","East Midlands","17","Derbyshire","17UD","Chesterfield",,,19,3,11,2,2,0,1,0,0,10,9,2,10,8
"E","East Midlands","17","Derbyshire","17UF","Derbyshire Dales",,,9,1,5,1,1,0,1,1,0,4,5,1,4,4
"E","East Midlands","17","Derbyshire","17UG","Erewash",,,13,2,7,2,1,0,1,0,0,6,7,1,6,5
"E","East Midlands","17","Derbyshire","17UH","High Peak",,,12,1,6,2,1,0,1,0,0,6,6,1,6,5
"E","East Midlands","17","Derbyshire","17UJ","North East Derbyshire",,,14,2,8,1,1,0,1,0,0,8,7,1,7,6
"E","East Midlands","17","Derbyshire","17UK","South Derbyshire",,,11,1,6,1,1,0,1,0,0,5,6,1,5,5
"E","East Midlands","31","Leicestershire","31UB","Blaby",,,8,1,4,1,1,0,1,0,0,4,4,1,4,3
"E","East Midlands","31","Leicestershire","31UC","Charnwood",,,9,1,4,1,1,0,1,0,0,4,5,1,4,3
"E","East Midlands","31","Leicestershire","31UD","Harborough",,,7,1,3,1,1,0,1,0,0,3,4,1,3,3
"E","East Midlands","31","Leicestershire","31UE","Hinckley and Bosworth",,,9,1,5,1,1,0,1,0,0,4,5,1,4,4
"E","East Midlands","31","Leicestershire","31UG","Melton",,,8,1,3,1,1,0,1,0,0,4,4,1,4,3
"E","East Midlands","31","Leicestershire","31UH","North West Leicestershire",,,11,1,6,1,1,0,1,0,0,5,6,1,5,5
"E","East Midlands","31","Leicestershire","31UJ","Oadby and Wigston",,,9,2,4,1,1,0,1,0,0,4,5,1,4,3
"E","East Midlands","32","Lincolnshire","32UB","Boston",,,14,1,8,2,1,0,1,0,0,7,7,2,7,6
"E","East Midlands","32","Lincolnshire","32UC","East Lindsey",,,17,1,10,1,2,1,1,0,0,9,8,2,7,8
"E","East Midlands","32","Lincolnshire","32UD","Lincoln",,,16,2,8,3,1,0,1,0,0,8,8,2,9,5
"E","East Midlands","32","Lincolnshire","32UE","North Kesteven",,,10,1,5,1,1,0,1,0,0,5,5,1,4,4
"E","East Midlands","32","Lincolnshire","32UF","South Holland",,,11,1,6,1,1,0,1,0,0,5,6,1,5,5
"E","East Midlands","32","Lincolnshire","32UG","South Kesteven",,,9,1,5,1,1,0,1,0,0,4,5,1,4,4
"E","East Midlands","32","Lincolnshire","32UH","West Lindsey",,,13,2,7,1,1,0,1,0,0,6,6,1,6,5
"E","East Midlands","34","Northamptonshire","34UB","Corby",,,17,2,9,3,1,0,1,1,0,8,9,2,9,6
"E","East Midlands","34","Northamptonshire","34UC","Daventry",,,8,1,4,1,1,0,1,0,0,3,5,1,4,3
"E","East Midlands","34","Northamptonshire","34UD","East Northamptonshire",,,9,1,4,1,1,0,1,0,0,4,5,1,4,3
"E","East Midlands","34","Northamptonshire","34UE","Kettering",,,11,2,6,2,1,0,1,0,0,5,6,1,6,4
"E","East Midlands","34","Northamptonshire","34UF","Northampton",,,12,2,6,2,1,0,1,0,0,6,7,2,7,4
"E","East Midlands","34","Northamptonshire","34UG","South Northamptonshire",,,6,1,3,1,1,0,1,0,0,3,3,1,3,3
"E","East Midlands","34","Northamptonshire","34UH","Wellingborough",,,12,2,6,2,1,0,1,0,0,5,7,2,6,4
"E","East Midlands","37","Nottinghamshire","37UB","Ashfield",,,17,2,10,2,1,0,1,0,0,9,9,2,8,7
"E","East Midlands","37","Nottinghamshire","37UC","Bassetlaw",,,17,2,10,2,1,1,1,0,0,9,8,2,8,7
"E","East Midlands","37","Nottinghamshire","37UD","Broxtowe",,,11,1,6,1,1,0,1,0,0,5,6,1,5,5
"E","East Midlands","37","Nottinghamshire","37UE","Gedling",,,12,2,6,1,1,0,1,0,0,6,6,1,6,5
"E","East Midlands","37","Nottinghamshire","37UF","Mansfield",,,20,2,12,3,2,0,1,0,0,11,10,2,10,8
"E","East Midlands","37","Nottinghamshire","37UG","Newark and Sherwood",,,14,1,8,2,1,0,1,0,0,7,7,2,7,5
"E","East Midlands","37","Nottinghamshire","37UJ","Rushcliffe",,,8,1,4,1,1,0,1,0,0,4,4,1,4,3
"F","West Midlands",,,"00CN","Birmingham",,,21,5,9,4,1,1,1,0,0,11,11,3,12,6
"F","West Midlands",,,"00CQ","Coventry",,,17,3,9,3,1,0,1,0,0,8,9,2,9,6
"F","West Midlands",,,"00CR","Dudley",,,16,3,7,2,1,1,1,0,0,8,8,2,8,6
"F","West Midlands",,,"00CS","Sandwell",,,21,4,10,3,2,1,1,0,0,10,11,3,11,7
"F","West Midlands",,,"00CT","Solihull",,,12,2,6,2,1,0,1,0,0,6,6,2,6,5
"F","West Midlands",,,"00CU","Walsall",,,19,3,9,3,2,1,1,0,0,9,9,3,9,7
"F","West Midlands",,,"00CW","Wolverhampton",,,21,4,10,4,1,1,1,0,0,10,10,3,11,7
"F","West Midlands",,,"00GA","Herefordshire, County of",,,11,1,6,2,1,0,1,0,0,5,6,1,6,4
"F","West Midlands",,,"00GF","Telford and Wrekin",,,16,2,8,3,1,0,1,0,0,7,9,2,8,6
"F","West Midlands",,,"00GG","Shropshire",,,..,..,..,..,..,..,..,..,..,..,..,..,..,..
"F","West Midlands",,,"00GL","Stoke-on-Trent",,,22,2,14,3,1,0,1,0,0,11,11,3,11,8
"F","West Midlands","41","Staffordshire","41UB","Cannock Chase",,,15,2,8,2,2,0,1,0,0,7,8,2,7,6
"F","West Midlands","41","Staffordshire","41UC","East Staffordshire",,,12,1,6,2,1,0,1,0,0,6,6,2,6,4
"F","West Midlands","41","Staffordshire","41UD","Lichfield",,,11,1,5,1,1,0,1,0,0,5,5,1,5,5
"F","West Midlands","41","Staffordshire","41UE","Newcastle-under-Lyme",,,14,1,9,1,1,0,1,0,0,7,7,2,6,6
"F","West Midlands","41","Staffordshire","41UF","South Staffordshire",,,10,1,5,1,1,0,1,0,0,5,5,1,4,4
"F","West Midlands","41","Staffordshire","41UG","Stafford",,,10,2,6,1,1,0,1,0,0,5,5,1,5,4
"F","West Midlands","41","Staffordshire","41UH","Staffordshire Moorlands",,,13,1,8,1,1,0,1,1,0,6,6,1,5,6
"F","West Midlands","41","Staffordshire","41UK","Tamworth",,,13,1,7,2,1,0,1,0,0,6,7,2,6,5
"F","West Midlands","44","Warwickshire","44UB","North Warwickshire",,,12,1,6,1,1,0,1,0,0,6,6,1,5,5
"F","West Midlands","44","Warwickshire","44UC","Nuneaton and Bedworth",,,15,2,8,2,1,0,1,0,0,7,8,2,7,6
"F","West Midlands","44","Warwickshire","44UD","Rugby",,,10,2,5,1,1,0,1,0,0,5,5,1,5,4
"F","West Midlands","44","Warwickshire","44UE","Stratford-on-Avon",,,8,1,4,1,1,0,1,0,0,4,4,1,4,3
"F","West Midlands","44","Warwickshire","44UF","Warwick",,,8,1,4,1,0,0,1,0,0,4,4,1,4,3
"F","West Midlands","47","Worcestershire","47UB","Bromsgrove",,,9,1,4,1,1,0,1,0,0,4,5,1,4,4
"F","West Midlands","47","Worcestershire","47UC","Malvern Hills",,,10,1,6,1,1,0,1,0,0,5,5,1,5,4
"F","West Midlands","47","Worcestershire","47UD","Redditch",,,13,2,6,2,1,0,1,0,0,6,7,2,6,5
"F","West Midlands","47","Worcestershire","47UE","Worcester",,,12,2,6,2,1,0,1,0,0,6,6,2,6,4
"F","West Midlands","47","Worcestershire","47UF","Wychavon",,,9,1,5,1,1,0,1,0,0,4,5,1,4,4
"F","West Midlands","47","Worcestershire","47UG","Wyre Forest",,,13,2,7,2,1,0,1,0,0,6,7,2,6,5
"G","East of England",,,"00JA","Peterborough",,,15,2,7,3,1,1,1,0,0,6,8,2,8,4
"G","East of England",,,"00KA","Luton",,,15,3,7,3,1,1,1,0,0,7,8,2,9,5
"G","East of England",,,"00KB","Bedford",,,12,2,6,2,1,0,1,0,0,5,6,2,7,4
"G","East of England",,,"00KC","Central Bedfordshire",,,..,..,..,..,..,..,..,..,..,..,..,..,..,..
"G","East of England",,,"00KF","Southend-on-Sea",,,16,2,8,3,1,1,1,0,0,8,8,2,9,5
"G","East of England",,,"00KG","Thurrock",,,13,2,6,3,1,0,1,0,0,6,7,2,7,4
"G","East of England","12","Cambridgeshire","12UB","Cambridge",,,9,1,4,1,0,0,1,0,0,4,4,1,5,2
"G","East of England","12","Cambridgeshire","12UC","East Cambridgeshire",,,8,1,4,1,1,0,1,0,0,4,4,1,4,3
"G","East of England","12","Cambridgeshire","12UD","Fenland",,,14,2,7,2,1,0,1,0,0,6,8,2,7,5
"G","East of England","12","Cambridgeshire","12UE","Huntingdonshire",,,8,1,4,1,1,0,1,0,0,3,4,1,4,3
"G","East of England","12","Cambridgeshire","12UG","South Cambridgeshire",,,6,1,3,1,1,0,1,0,0,3,4,1,3,2
"G","East of England","22","Essex","22UB","Basildon",,,14,2,7,3,1,0,1,0,0,6,8,2,8,4
"G","East of England","22","Essex","22UC","Braintree",,,10,1,5,1,1,0,1,0,0,4,5,1,5,4
"G","East of England","22","Essex","22UD","Brentwood",,,9,1,4,1,1,0,1,0,0,4,5,1,4,3
"G","East of England","22","Essex","22UE","Castle Point",,,11,1,5,2,1,0,1,1,0,5,6,1,5,5
"G","East of England","22","Essex","22UF","Chelmsford",,,8,1,4,1,1,0,1,0,0,4,4,1,4,3
"G","East of England","22","Essex","22UG","Colchester",,,11,1,6,2,1,0,1,0,0,5,6,1,6,4
"G","East of England","22","Essex","22UH","Epping Forest",,,10,1,5,2,1,0,1,0,0,4,6,1,5,4
"G","East of England","22","Essex","22UJ","Harlow",,,14,2,6,3,1,0,1,0,0,6,8,2,8,4
"G","East of England","22","Essex","22UK","Maldon",,,9,1,5,1,1,0,1,1,0,4,5,1,4,4
"G","East of England","22","Essex","22UL","Rochford",,,9,1,4,1,1,0,1,0,0,4,5,1,4,4
"G","East of England","22","Essex","22UN","Tendring",,,16,2,9,2,1,0,1,0,0,8,8,2,8,7
"G","East of England","22","Essex","22UQ","Uttlesford",,,6,1,3,1,1,0,1,0,0,3,3,1,3,3
"G","East of England","26","Hertfordshire","26UB","Broxbourne",,,11,2,5,2,1,0,1,0,0,5,7,1,6,4
"G","East of England","26","Hertfordshire","26UC","Dacorum",,,9,2,4,2,1,0,1,0,0,4,5,1,5,3
"G","East of England","26","Hertfordshire","26UD","East Hertfordshire",,,7,1,3,1,1,0,1,0,0,3,4,1,4,2
"G","East of England","26","Hertfordshire","26UE","Hertsmere",,,10,1,4,2,1,0,1,0,0,4,6,1,5,3
"G","East of England","26","Hertfordshire","26UF","North Hertfordshire",,,9,1,4,1,1,0,1,0,0,4,5,1,5,3
"G","East of England","26","Hertfordshire","26UG","St Albans",,,7,1,4,1,1,0,1,0,0,3,4,1,4,3
"G","East of England","26","Hertfordshire","26UH","Stevenage",,,12,2,5,3,1,0,1,0,0,5,7,2,7,3
"G","East of England","26","Hertfordshire","26UJ","Three Rivers",,,8,1,4,1,1,0,1,0,0,3,4,1,4,3
"G","East of England","26","Hertfordshire","26UK","Watford",,,10,2,5,2,1,0,1,0,0,5,6,1,6,3
"G","East of England","26","Hertfordshire","26UL","Welwyn Hatfield",,,9,1,4,2,1,0,1,0,0,4,5,1,5,3
"G","East of England","33","Norfolk","33UB","Breckland",,,11,1,6,1,1,0,1,0,0,5,6,1,5,4
"G","East of England","33","Norfolk","33UC","Broadland",,,9,1,5,1,1,0,1,0,0,4,5,1,4,4
"G","East of England","33","Norfolk","33UD","Great Yarmouth",,,20,4,9,2,2,1,1,0,0,10,9,3,10,7
"G","East of England","33","Norfolk","33UE","King's Lynn and West Norfolk",,,14,2,8,2,1,0,1,0,0,7,7,2,7,6
"G","East of England","33","Norfolk","33UF","North Norfolk",,,13,1,7,1,1,0,1,0,0,7,6,1,6,6
"G","East of England","33","Norfolk","33UG","Norwich",,,16,3,8,3,1,0,1,0,0,8,8,2,9,5
"G","East of England","33","Norfolk","33UH","South Norfolk",,,9,1,5,1,1,0,1,0,0,4,5,1,4,4
"G","East of England","42","Suffolk","42UB","Babergh",,,9,1,4,1,1,0,1,0,0,4,5,1,4,4
"G","East of England","42","Suffolk","42UC","Forest Heath",,,7,1,4,1,1,0,1,0,0,3,4,1,4,3
"G","East of England","42","Suffolk","42UD","Ipswich",,,15,3,6,3,1,0,1,0,0,7,8,2,8,5
"G","East of England","42","Suffolk","42UE","Mid Suffolk",,,8,1,4,1,1,0,1,0,0,4,4,1,4,3
"G","East of England","42","Suffolk","42UF","St Edmundsbury",,,9,1,4,1,1,0,1,0,0,4,5,1,4,3
"G","East of England","42","Suffolk","42UG","Suffolk Coastal",,,9,1,4,1,1,0,1,0,0,4,5,1,4,4
"G","East of England","42","Suffolk","42UH","Waveney",,,17,3,8,2,2,1,1,0,0,8,8,2,8,6
"H","London",,,"00AA","City of London",,,7,2,3,1,0,1,0,0,0,4,3,1,4,2
"H","London",,,"00AB","Barking and Dagenham",,,21,3,9,5,1,1,1,0,0,9,12,3,12,5
"H","London",,,"00AC","Barnet",,,12,2,5,3,1,0,1,0,0,5,7,1,7,3
"H","London",,,"00AD","Bexley",,,11,2,5,3,1,0,1,0,0,5,7,2,6,4
"H","London",,,"00AE","Brent",,,18,4,8,4,1,1,1,0,0,8,9,2,11,5
"H","London",,,"00AF","Bromley",,,11,2,5,2,1,0,1,0,0,5,6,1,6,3
"H","London",,,"00AG","Camden",,,16,3,8,3,1,1,0,0,0,8,8,2,10,4
"H","London",,,"00AH","Croydon",,,14,2,5,4,1,1,1,0,0,6,8,2,8,4
"H","London",,,"00AJ","Ealing",,,14,3,6,3,1,1,1,0,0,7,7,2,8,4
"H","London",,,"00AK","Enfield",,,16,3,7,4,1,1,1,0,0,7,9,2,10,4
"H","London",,,"00AL","Greenwich",,,19,4,8,5,1,1,1,0,0,8,10,3,11,5
"H","London",,,"00AM","Hackney",,,24,5,10,6,1,1,1,0,0,11,13,3,15,6
"H","London",,,"00AN","Hammersmith and Fulham",,,15,3,7,3,0,1,0,0,0,7,8,2,9,4
"H","London",,,"00AP","Haringey",,,20,5,8,5,1,1,1,0,0,9,11,3,13,5
"H","London",,,"00AQ","Harrow",,,12,2,5,2,1,0,1,0,0,5,6,1,6,4
"H","London",,,"00AR","Havering",,,12,2,6,2,1,0,1,0,0,5,7,1,6,4
"H","London",,,"00AS","Hillingdon",,,12,2,5,3,1,0,1,0,0,5,7,2,7,4
"H","London",,,"00AT","Hounslow",,,13,2,6,3,1,1,1,0,0,6,8,2,8,4
"H","London",,,"00AU","Islington",,,21,4,10,5,1,1,1,0,0,10,11,3,13,5
"H","London",,,"00AW","Kensington and Chelsea",,,11,2,6,2,0,0,0,0,0,5,6,1,7,3
"H","London",,,"00AX","Kingston upon Thames",,,8,2,3,1,0,0,0,0,0,4,4,1,4,2
"H","London",,,"00AY","Lambeth",,,18,4,7,5,0,1,0,0,0,9,9,2,12,4
"H","London",,,"00AZ","Lewisham",,,18,4,7,4,1,1,1,0,0,8,9,3,11,4
"H","London",,,"00BA","Merton",,,10,2,4,2,0,0,0,0,0,4,5,1,5,3
"H","London",,,"00BB","Newham",,,21,4,9,5,1,1,1,0,0,10,12,3,13,5
"H","London",,,"00BC","Redbridge",,,13,2,6,3,1,0,1,0,0,6,7,2,7,4
"H","London",,,"00BD","Richmond upon Thames",,,7,1,3,1,0,0,0,0,0,3,4,1,4,2
"H","London",,,"00BE","Southwark",,,19,5,7,5,1,1,1,0,0,9,10,3,12,4
"H","London",,,"00BF","Sutton",,,10,2,4,2,1,0,1,0,0,4,6,1,5,3
"H","London",,,"00BG","Tower Hamlets",,,21,5,8,4,1,1,1,0,0,11,10,3,13,5
"H","London",,,"00BH","Waltham Forest",,,18,4,7,4,1,1,1,0,0,8,9,2,10,5
"H","London",,,"00BJ","Wandsworth",,,11,2,5,2,0,0,0,0,0,5,6,1,7,3
"H","London",,,"00BK","Westminster",,,12,2,6,2,1,1,0,0,0,6,6,1,8,3
"J","South East",,,"00LC","Medway",,,13,2,5,3,1,0,1,0,0,6,7,2,7,4
"J","South East",,,"00MA","Bracknell Forest",,,8,1,4,1,0,0,0,0,0,4,4,1,4,2
"J","South East",,,"00MB","West Berkshire",,,7,1,3,1,1,0,1,0,0,3,4,1,4,2
"J","South East",,,"00MC","Reading",,,11,2,5,2,1,0,1,0,0,5,6,2,6,3
"J","South East",,,"00MD","Slough",,,13,2,6,3,1,0,1,0,0,6,7,2,7,4
"J","South East",,,"00ME","Windsor and Maidenhead",,,7,1,3,1,0,0,0,0,0,3,4,1,4,3
"J","South East",,,"00MF","Wokingham",,,5,1,3,1,0,0,0,0,0,3,3,1,3,2
"J","South East",,,"00MG","Milton Keynes",,,11,2,5,2,1,0,1,0,0,5,7,2,6,4
"J","South East",,,"00ML","Brighton and Hove",,,15,3,8,2,1,0,1,0,0,8,7,2,9,4
"J","South East",,,"00MR","Portsmouth",,,12,2,6,2,1,0,1,0,0,6,6,2,7,4
"J","South East",,,"00MS","Southampton",,,13,2,6,3,1,0,1,0,0,6,7,2,7,4
"J","South East",,,"00MW","Isle of Wight",,,16,2,8,2,1,1,1,1,0,8,8,2,8,6
"J","South East","11","Buckinghamshire","11UB","Aylesbury Vale",,,7,1,4,1,1,0,1,0,0,3,4,1,4,3
"J","South East","11","Buckinghamshire","11UC","Chiltern",,,7,1,3,1,1,0,0,0,0,3,4,1,4,3
"J","South East","11","Buckinghamshire","11UE","South Bucks",,,7,1,3,1,1,0,0,0,0,3,4,1,3,3
"J","South East","11","Buckinghamshire","11UF","Wycombe",,,8,1,4,1,1,0,1,0,0,4,4,1,4,3
"J","South East","21","East Sussex","21UC","Eastbourne",,,15,2,8,2,1,0,1,0,0,7,8,2,8,5
"J","South East","21","East Sussex","21UD","Hastings",,,20,3,11,3,1,1,1,0,0,10,10,3,11,7
"J","South East","21","East Sussex","21UF","Lewes",,,11,1,6,2,1,0,1,0,0,5,6,1,5,4
"J","South East","21","East Sussex","21UG","Rother",,,13,2,7,2,1,0,1,1,0,6,7,1,6,6
"J","South East","21","East Sussex","21UH","Wealden",,,8,1,4,1,1,0,1,0,0,4,4,1,4,3
"J","South East","24","Hampshire","24UB","Basingstoke and Deane",,,8,1,4,1,1,0,1,0,0,3,4,1,4,3
"J","South East","24","Hampshire","24UC","East Hampshire",,,7,1,4,1,1,0,1,0,0,3,4,1,4,3
"J","South East","24","Hampshire","24UD","Eastleigh",,,8,1,4,1,1,0,1,0,0,3,4,1,4,3
"J","South East","24","Hampshire","24UE","Fareham",,,7,1,3,1,1,0,1,0,0,3,4,1,4,3
"J","South East","24","Hampshire","24UF","Gosport",,,11,1,5,2,1,0,1,0,0,5,6,2,6,4
"J","South East","24","Hampshire","24UG","Hart",,,5,1,2,1,0,0,0,0,0,2,3,1,3,2
"J","South East","24","Hampshire","24UH","Havant",,,13,1,6,2,1,0,1,0,0,6,7,2,7,5
"J","South East","24","Hampshire","24UJ","New Forest",,,9,1,5,1,1,0,1,0,0,4,5,1,5,4
"J","South East","24","Hampshire","24UL","Rushmoor",,,8,1,4,2,1,0,1,0,0,4,5,1,5,2
"J","South East","24","Hampshire","24UN","Test Valley",,,7,1,4,1,1,0,1,0,0,3,4,1,4,3
"J","South East","24","Hampshire","24UP","Winchester",,,7,1,3,1,1,0,1,0,0,3,4,1,3,2
"J","South East","29","Kent","29UB","Ashford",,,11,1,5,2,1,0,1,0,0,5,6,1,6,4
"J","South East","29","Kent","29UC","Canterbury",,,11,1,6,2,1,0,1,0,0,5,6,1,6,4
"J","South East","29","Kent","29UD","Dartford",,,11,2,5,2,1,0,1,0,0,5,6,1,6,3
"J","South East","29","Kent","29UE","Dover",,,15,2,8,2,1,0,1,0,0,7,7,2,7,6
"J","South East","29","Kent","29UG","Gravesham",,,13,2,6,2,1,0,1,0,0,6,7,2,7,4
"J","South East","29","Kent","29UH","Maidstone",,,10,1,5,2,1,0,1,0,0,5,5,1,5,3
"J","South East","29","Kent","29UK","Sevenoaks",,,8,1,4,1,1,0,1,0,0,4,5,1,4,3
"J","South East","29","Kent","29UL","Shepway",,,16,2,8,2,1,1,1,0,0,8,8,2,8,6
"J","South East","29","Kent","29UM","Swale",,,14,2,7,2,1,0,1,0,0,7,7,2,7,5
"J","South East","29","Kent","29UN","Thanet",,,19,3,9,3,1,1,1,0,0,9,9,3,9,7
"J","South East","29","Kent","29UP","Tonbridge and Malling",,,8,1,4,1,1,0,1,0,0,4,4,1,4,3
"J","South East","29","Kent","29UQ","Tunbridge Wells",,,9,1,4,2,1,0,1,0,0,4,5,1,5,3
"J","South East","38","Oxfordshire","38UB","Cherwell",,,8,1,4,1,1,0,1,0,0,3,4,1,4,3
"J","South East","38","Oxfordshire","38UC","Oxford",,,9,1,5,2,0,0,0,0,0,4,5,1,5,3
"J","South East","38","Oxfordshire","38UD","South Oxfordshire",,,7,1,3,1,1,0,1,0,0,3,4,1,3,2
"J","South East","38","Oxfordshire","38UE","Vale of White Horse",,,7,1,3,1,1,0,1,0,0,3,4,1,4,2
"J","South East","38","Oxfordshire","38UF","West Oxfordshire",,,6,1,3,1,1,0,1,0,0,3,3,1,3,2
"J","South East","43","Surrey","43UB","Elmbridge",,,6,1,3,1,0,0,0,0,0,3,3,1,4,2
"J","South East","43","Surrey","43UC","Epsom and Ewell",,,7,1,4,1,1,0,1,0,0,3,4,1,4,3
"J","South East","43","Surrey","43UD","Guildford",,,7,1,3,1,0,0,0,0,0,3,4,1,4,2
"J","South East","43","Surrey","43UE","Mole Valley",,,7,1,3,1,1,0,1,0,0,3,4,1,3,3
"J","South East","43","Surrey","43UF","Reigate and Banstead",,,7,1,4,1,1,0,1,0,0,3,4,1,4,3
"J","South East","43","Surrey","43UG","Runnymede",,,6,1,3,1,0,0,1,0,0,3,3,1,3,2
"J","South East","43","Surrey","43UH","Spelthorne",,,9,1,4,2,1,0,1,0,0,4,5,1,5,3
"J","South East","43","Surrey","43UJ","Surrey Heath",,,6,1,2,1,1,0,0,0,0,2,3,1,3,2
"J","South East","43","Surrey","43UK","Tandridge",,,7,1,4,1,1,0,1,0,0,3,4,1,4,3
"J","South East","43","Surrey","43UL","Waverley",,,7,1,3,1,0,0,1,0,0,3,4,1,3,2
"J","South East","43","Surrey","43UM","Woking",,,7,1,3,1,1,0,1,0,0,3,4,1,4,3
"J","South East","45","West Sussex","45UB","Adur",,,12,1,6,2,1,0,1,0,0,5,6,1,6,4
"J","South East","45","West Sussex","45UC","Arun",,,11,1,6,2,1,0,1,0,0,5,6,1,6,5
"J","South East","45","West Sussex","45UD","Chichester",,,8,1,4,1,1,0,1,0,0,4,4,1,4,3
"J","South East","45","West Sussex","45UE","Crawley",,,10,1,5,2,1,0,1,0,0,4,6,1,6,3
"J","South East","45","West Sussex","45UF","Horsham",,,7,1,3,1,1,0,0,0,0,3,4,1,4,2
"J","South East","45","West Sussex","45UG","Mid Sussex",,,7,1,3,1,0,0,1,0,0,3,4,1,3,2
"J","South East","45","West Sussex","45UH","Worthing",,,12,1,7,2,1,0,1,0,0,6,6,1,6,4
"K","South West",,,"00HA","Bath and North East Somerset",,,9,1,5,1,1,0,1,0,0,4,5,1,5,3
"K","South West",,,"00HB","Bristol, City of",,,15,2,8,3,1,0,1,0,0,7,7,2,8,4
"K","South West",,,"00HC","North Somerset",,,11,1,7,1,1,0,1,0,0,6,6,1,6,4
"K","South West",,,"00HD","South Gloucestershire",,,8,1,4,1,1,0,1,0,0,4,4,1,4,3
"K","South West",,,"00HE","Cornwall",,,..,..,..,..,..,..,..,..,..,..,..,..,..,..
"K","South West",,,"00HF","Isles of Scilly",,,4,0,2,0,0,0,0,1,0,1,3,0,1,2
"K","South West",,,"00HG","Plymouth",,,17,2,9,2,1,0,1,0,0,8,8,2,9,6
"K","South West",,,"00HH","Torbay",,,18,2,10,2,2,1,1,0,0,9,9,2,9,7
"K","South West",,,"00HN","Bournemouth",,,15,1,9,2,1,0,1,0,0,8,7,1,8,5
"K","South West",,,"00HP","Poole",,,11,1,6,2,1,0,1,0,0,5,6,1,6,4
"K","South West",,,"00HX","Swindon",,,11,2,5,2,1,0,1,0,0,5,6,1,6,4
"K","South West",,,"00HY","Wiltshire",,,..,..,..,..,..,..,..,..,..,..,..,..,..,..
"K","South West","18","Devon","18UB","East Devon",,,10,1,6,1,1,0,1,0,0,5,5,1,5,4
"K","South West","18","Devon","18UC","Exeter",,,12,1,7,2,1,0,1,0,0,6,6,2,6,4
"K","South West","18","Devon","18UD","Mid Devon",,,10,1,6,1,1,0,1,0,0,5,5,1,5,4
"K","South West","18","Devon","18UE","North Devon",,,14,2,7,2,1,0,1,0,0,7,7,1,7,6
"K","South West","18","Devon","18UG","South Hams",,,11,1,6,1,1,0,1,0,0,5,6,1,5,4
"K","South West","18","Devon","18UH","Teignbridge",,,12,1,7,1,1,0,1,0,0,6,6,1,5,5
"K","South West","18","Devon","18UK","Torridge",,,14,2,7,2,1,0,1,1,0,7,7,1,6,6
"K","South West","18","Devon","18UL","West Devon",,,11,1,6,1,1,0,1,1,0,5,5,1,5,5
"K","South West","19","Dorset","19UC","Christchurch",,,12,1,6,2,1,0,1,1,0,6,6,1,6,5
"K","South West","19","Dorset","19UD","East Dorset",,,8,1,4,1,1,0,1,0,0,4,4,1,4,4
"K","South West","19","Dorset","19UE","North Dorset",,,8,1,4,1,1,0,1,0,0,4,5,1,4,4
"K","South West","19","Dorset","19UG","Purbeck",,,9,1,5,1,1,0,1,0,0,4,5,1,5,4
"K","South West","19","Dorset","19UH","West Dorset",,,10,1,6,1,1,0,1,1,0,5,5,1,5,4
"K","South West","19","Dorset","19UJ","Weymouth and Portland",,,15,1,9,2,1,0,1,0,0,7,7,2,7,6
"K","South West","23","Gloucestershire","23UB","Cheltenham",,,11,2,5,2,1,0,1,0,0,5,5,2,6,3
"K","South West","23","Gloucestershire","23UC","Cotswold",,,7,1,4,1,1,0,1,0,0,3,4,1,3,3
"K","South West","23","Gloucestershire","23UD","Forest of Dean",,,11,1,6,1,1,0,1,0,0,5,6,1,5,5
"K","South West","23","Gloucestershire","23UE","Gloucester",,,13,2,7,2,1,0,1,0,0,7,7,2,7,4
"K","South West","23","Gloucestershire","23UF","Stroud",,,9,1,5,1,1,0,1,0,0,4,5,1,5,3
"K","South West","23","Gloucestershire","23UG","Tewkesbury",,,9,1,4,1,1,0,1,0,0,4,5,1,4,3
"K","South West","40","Somerset","40UB","Mendip",,,10,1,5,1,1,0,1,0,0,5,5,1,5,4
"K","South West","40","Somerset","40UC","Sedgemoor",,,13,1,7,2,1,0,1,0,0,6,6,1,6,5
"K","South West","40","Somerset","40UD","South Somerset",,,10,1,5,1,1,0,1,0,0,5,5,1,5,4
"K","South West","40","Somerset","40UE","Taunton Deane",,,11,1,6,1,1,0,1,0,0,5,6,1,6,4
"K","South West","40","Somerset","40UF","West Somerset",,,14,1,8,2,1,0,1,0,0,7,7,1,6,6
,,,,"00NA","Isle of Anglesey",,,20,3,11,2,2,0,1,0,0,10,9,2,9,9
,,,,"00NC","Gwynedd",,,16,2,9,2,1,0,1,0,0,9,7,2,7,7
,,,,"00NE","Conwy",,,18,2,11,2,1,0,1,1,0,9,8,2,8,8
,,,,"00NG","Denbighshire",,,18,2,11,2,1,0,1,0,0,9,9,2,9,8
,,,,"00NJ","Flintshire",,,15,2,8,2,1,0,1,0,0,7,8,1,7,6
,,,,"00NL","Wrexham",,,17,1,10,2,1,0,1,0,0,8,9,2,8,7
,,,,"00NN","Powys",,,14,2,8,1,1,0,1,1,0,7,7,1,6,6
,,,,"00NQ","Ceredigion",,,14,1,9,1,1,0,1,0,0,8,7,2,7,6
,,,,"00NS","Pembrokeshire",,,20,3,11,2,2,1,1,0,0,10,10,2,9,8
,,,,"00NU","Carmarthenshire",,,22,2,14,2,2,0,1,0,0,11,11,2,10,10
,,,,"00NX","Swansea",,,21,2,13,3,1,0,1,0,0,11,11,3,10,8
,,,,"00NZ","Neath Port Talbot",,,27,2,17,3,2,0,2,0,0,13,14,3,13,11
,,,,"00PB","Bridgend",,,22,2,14,3,2,0,1,0,0,11,11,3,10,9
,,,,"00PD","The Vale of Glamorgan",,,16,2,9,2,1,0,1,0,0,8,8,2,8,6
,,,,"00PF","Rhondda, Cynon, Taff",,,25,2,17,3,2,1,1,0,0,12,13,3,12,10
,,,,"00PH","Merthyr Tydfil",,,31,3,20,4,2,0,2,0,0,16,16,4,15,13
,,,,"00PK","Caerphilly",,,25,3,16,3,2,0,1,0,0,13,13,3,12,10
,,,,"00PL","Blaenau Gwent",,,30,4,19,3,2,0,1,0,0,15,15,4,14,12
,,,,"00PM","Torfaen",,,22,2,13,3,2,0,1,0,0,11,11,3,10,9
,,,,"00PP","Monmouthshire",,,13,1,7,1,1,0,1,0,0,6,7,1,6,6
,,,,"00PR","Newport",,,20,2,11,3,1,1,1,0,0,10,10,3,10,7
,,,,"00PT","Cardiff",,,17,2,9,3,1,0,1,0,0,8,9,2,9,5