DATASET_TITLE,Household Type (UV68),,,,,,FROM,Apr-2001,Apr-2001,Apr-2001,Apr-2001,Apr-2001,Apr-2001,Apr-2001,Apr-2001,Apr-2001,Apr-2001
AREA_TYPE,Local Authority,,,,,,TO,Apr-2001,Apr-2001,Apr-2001,Apr-2001,Apr-2001,Apr-2001,Apr-2001,Apr-2001,Apr-2001,Apr-2001
GEO_HIERARCHY,NeSS Geography Hierarchy,,,,,,HEADING,All Households,Married couple household with dependent child(ren),Married couple household with no dependent child(ren),Cohabiting couple household with dependent child(ren),Cohabiting couple household with no dependent child(ren),Lone parent household with dependent child(ren),Lone parent household with no dependent child(ren),One person household,Multi person household: All student,Multi person household: All other
,,,,,,,MEASUREMENT_UNIT,Count,Count,Count,Count,Count,Count,Count,Count,Count,Count
,,,,,,,STATISTICAL_UNIT,Households,Households,Households,Households,Households,Households,Households,Households,Households,Households
GOR_CODE,GOR_NAME,CTY_CODE,CTY_NAME,LA_CODE,LA_NAME,AREA_METADATA,,DATA_VALUE,DATA_VALUE,DATA_VALUE,DATA_VALUE,DATA_VALUE,DATA_VALUE,DATA_VALUE,DATA_VALUE,DATA_VALUE,DATA_VALUE
"K","South West",,,"00HA","Bath and North East Somerset",,,71115,12525,21728,2020,4204,3898,1974,21698,932,2136
"K","South West",,,"00HB","Bristol, City of",,,162090,24029,38065,5579,11787,13140,5318,54004,2627,7541
"K","South West",,,"00HC","North Somerset",,,79985,15404,26867,2310,4364,4316,2047,23325,50,1302
"K","South West",,,"00HD","South Gloucestershire",,,99038,22044,33351,3081,6291,5361,2670,24374,122,1744
"K","South West",,,"00HG","Plymouth",,,102540,17076,28918,3515,5484,8236,3107,32921,928,2355
"K","South West",,,"00HH","Torbay",,,57420,8261,17601,1827,3238,4163,1733,19340,14,1243
"K","South West",,,"00HN","Bournemouth",,,72212,9942,19201,1977,5017,4695,2192,25481,965,2742
"K","South West",,,"00HP","Poole",,,59047,10540,19443,1685,3420,3553,1882,17042,34,1448
"K","South West",,,"00HX","Swindon",,,75154,15095,21975,2905,5136,4745,2150,21080,69,1999
"K","South West","15","Cornwall and Isles of Scilly","15UB","Caradon",,,33829,6261,12028,1118,1716,1887,899,9398,9,513
"K","South West","15","Cornwall and Isles of Scilly","15UC","Carrick",,,38598,6102,12534,1168,2007,2413,1147,12156,233,838
"K","South West","15","Cornwall and Isles of Scilly","15UD","Kerrier",,,39478,6998,13047,1434,2074,2377,1192,11578,25,753
"K","South West","15","Cornwall and Isles of Scilly","15UE","North Cornwall",,,34353,5947,11891,1266,1770,1925,888,10030,4,632
"K","South West","15","Cornwall and Isles of Scilly","15UF","Penwith",,,28081,4172,8703,1146,1443,1784,909,9379,3,542
"K","South West","15","Cornwall and Isles of Scilly","15UG","Restormel",,,40476,7101,13351,1508,2162,2395,1189,11989,10,771
"K","South West","15","Cornwall and Isles of Scilly","15UH","Isles of Scilly",,,881,175,333,20,55,18,18,239,0,23
"K","South West","18","Devon","18UB","East Devon",,,55011,8539,20885,1430,2698,2550,1446,16334,134,995
"K","South West","18","Devon","18UC","Exeter",,,46573,6996,11933,1539,3545,3181,1511,15489,779,1600
"K","South West","18","Devon","18UD","Mid Devon",,,28928,5591,10108,1043,1553,1526,845,7719,0,543
"K","South West","18","Devon","18UE","North Devon",,,36774,6468,13049,1189,1878,2071,1018,10252,0,849
"K","South West","18","Devon","18UG","South Hams",,,34810,6453,12384,1024,1839,1842,850,9766,26,626
"K","South West","18","Devon","18UH","Teignbridge",,,51417,9040,17705,1701,2797,2883,1386,14940,73,892
"K","South West","18","Devon","18UK","Torridge",,,24870,4312,8934,823,1374,1261,761,6935,3,467
"K","South West","18","Devon","18UL","West Devon",,,20191,3758,7373,550,1078,994,606,5455,3,374
"K","South West","19","Dorset","19UC","Christchurch",,,20613,2928,7779,452,934,984,611,6539,3,383
"K","South West","19","Dorset","19UD","East Dorset",,,35668,6625,15080,766,1563,1410,831,8945,4,444
"K","South West","19","Dorset","19UE","North Dorset",,,25247,4777,9161,749,1312,1119,646,7074,0,409
"K","South West","19","Dorset","19UG","Purbeck",,,18803,3402,6960,537,924,890,576,5179,0,335
"K","South West","19","Dorset","19UH","West Dorset",,,40510,6683,14849,1187,1982,1760,952,12370,10,717
"K","South West","19","Dorset","19UJ","Weymouth and Portland",,,27156,4446,8673,937,1624,1775,851,8281,14,555
"K","South West","23","Gloucestershire","23UB","Cheltenham",,,48164,7635,12780,1397,3304,2768,1426,16562,564,1728
"K","South West","23","Gloucestershire","23UC","Cotswold",,,34424,6554,11918,1008,1894,1405,961,9977,34,673
"K","South West","23","Gloucestershire","23UD","Forest of Dean",,,32530,6643,11415,1214,1659,1633,1069,8358,6,533
"K","South West","23","Gloucestershire","23UE","Gloucester",,,45765,8854,12858,1900,2647,3445,1357,13821,20,863
"K","South West","23","Gloucestershire","23UF","Stroud",,,44617,8983,14990,1651,2477,2276,1290,12189,3,758
"K","South West","23","Gloucestershire","23UG","Tewkesbury",,,32372,6420,11046,975,1904,1646,910,9002,5,464
"K","South West","40","Somerset","40UB","Mendip",,,42881,8196,13813,1576,2541,2605,1258,12141,3,748
"K","South West","40","Somerset","40UC","Sedgemoor",,,44432,8264,15313,1566,2539,2520,1251,12272,5,702
"K","South West","40","Somerset","40UD","South Somerset",,,63769,12055,22302,2024,3462,3075,1715,18032,8,1096
"K","South West","40","Somerset","40UE","Taunton Deane",,,43880,7667,13642,1415,2656,2743,1176,13577,26,978
"K","South West","40","Somerset","40UF","West Somerset",,,15625,2082,5562,504,777,761,443,5158,0,338
"K","South West","46","Wiltshire","46UB","Kennet",,,29566,6546,10172,929,1558,1379,847,7581,3,551
"K","South West","46","Wiltshire","46UC","North Wiltshire",,,50275,11797,16967,1572,2804,2410,1344,12541,8,832
"K","South West","46","Wiltshire","46UD","Salisbury",,,47408,9512,15787,1402,2473,2487,1297,13419,20,1011
"K","South West","46","Wiltshire","46UF","West Wiltshire",,,49407,9875,16265,1678,2797,2784,1337,13868,4,799