DATASET_TITLE,"GCE/Applied GCE A/AS and Equivalent Examination Results (Level 3) for Young People by Gender in England (Referenced by Location of Student Residence), 2008/2009",,,,,,,,FROM,Sep-2008,Sep-2008,Sep-2008,Sep-2008,Sep-2008,Sep-2008,Sep-2008,Sep-2008,Sep-2008,Sep-2008,Sep-2008,Sep-2008
AREA_TYPE,Former Local Authority,,,,,,,,TO,Aug-2009,Aug-2009,Aug-2009,Aug-2009,Aug-2009,Aug-2009,Aug-2009,Aug-2009,Aug-2009,Aug-2009,Aug-2009,Aug-2009
GEO_HIERARCHY,NeSS Geography Hierarchy,,,,,,,,HEADING,16-18 Year Old Students Entered for Level 3 Qualifications; Total,Average Level 3 QCDA Point Score Per Student,Average Level 3 QCDA Point Score Per Entry; All Students,Students Achieving 2 or More Passes of A Level Equivalent Size,16-18 Year Old Students Entered for Level 3 Qualifications; Male,Average Level 3 QCDA Point Score Per Male Student,Average Level 3 QCDA Point Score Per Entry; Male Students,Male Students Achieving 2 or More Passes of A Level Equivalent Size,16-18 Year Old Students Entered for Level 3 Qualifications; Female,Average Level 3 QCDA Point Score Per Female Student,Average Level 3 QCDA Point Score Per Entry; Female Students,Female Students Achieving 2 or More Passes of A Level Equivalent Size
,,,,,,,,,MEASUREMENT_UNIT,Count,Score,Score,Percentage,Count,Score,Score,Percentage,Count,Score,Score,Percentage
,,,,,,,,,STATISTICAL_UNIT,Persons,Persons,Persons,Persons,Persons,Persons,Persons,Persons,Persons,Persons,Persons,Persons
GOR_CODE,GOR_NAME,CTY_CODE,CTY_NAME,LA_CODE,LA_NAME,FLA_CODE,FLA_NAME,AREA_METADATA,,DATA_VALUE,DATA_VALUE,DATA_VALUE,DATA_VALUE,DATA_VALUE,DATA_VALUE,DATA_VALUE,DATA_VALUE,DATA_VALUE,DATA_VALUE,DATA_VALUE,DATA_VALUE
"A","North East",,,"00EJ","Durham","20UB","Chester-le-Street",,,316,681.6,205.2,94.9,138,646.3,198.4,93.5,178,709,210.3,96.1
"A","North East",,,"00EJ","Durham","20UD","Derwentside",,,468,685.7,209.3,92.1,206,645,204.7,87.9,262,717.8,212.7,95.4
"A","North East",,,"00EJ","Durham","20UE","Durham",,,482,716.3,215.7,x,216,711.1,213.8,x,266,720.6,217.3,x
"A","North East",,,"00EJ","Durham","20UF","Easington",,,534,676.9,200.8,93.3,217,664,197.4,92.6,317,685.7,203.1,93.7
"A","North East",,,"00EJ","Durham","20UG","Sedgefield",,,478,687.2,202.3,93.3,228,650.3,197.3,90.8,250,720.8,206.6,95.6
"A","North East",,,"00EJ","Durham","20UH","Teesdale",,,134,724.4,204.5,x,52,684.4,199.5,x,82,749.8,207.5,x
"A","North East",,,"00EJ","Durham","20UJ","Wear Valley",,,331,645.1,201.5,95.2,138,636,199.1,95.7,193,651.7,203.2,94.8
"A","North East",,,"00EM","Northumberland","35UB","Alnwick",,,187,717,205.1,x,85,696.5,199.5,x,102,734.1,209.7,x
"A","North East",,,"00EM","Northumberland","35UC","Berwick-upon-Tweed",,,105,724.3,198.4,x,61,702.8,190.2,100,44,754.1,210.1,x
"A","North East",,,"00EM","Northumberland","35UD","Blyth Valley",,,446,662.3,199.8,91.7,199,619.3,193,88.9,247,696.9,205,93.9
"A","North East",,,"00EM","Northumberland","35UE","Castle Morpeth",,,331,779,211.6,97.3,158,742.3,205.1,x,173,812.6,217.4,x
"A","North East",,,"00EM","Northumberland","35UF","Tynedale",,,426,731.4,205.1,96.2,211,701.4,198.2,x,215,760.9,211.8,x
"A","North East",,,"00EM","Northumberland","35UG","Wansbeck",,,282,665.9,192.7,95.7,112,603.9,182.9,92.9,170,706.8,198.7,97.6
"B","North West",,,"00EQ","Cheshire East","13UC","Congleton",,,670,762.7,213.7,95.5,280,694.9,201.6,92.5,390,811.4,221.9,97.7
"B","North West",,,"00EQ","Cheshire East","13UD","Crewe and Nantwich",,,677,731.4,208.2,97.9,332,689.1,202.2,97.6,345,772.2,213.7,98.3
"B","North West",,,"00EQ","Cheshire East","13UG","Macclesfield",,,1054,767.7,217.2,97.4,484,734.9,211.5,96.9,570,795.6,221.9,97.9
"B","North West",,,"00EW","Cheshire West and Chester","13UB","Chester",,,689,743.5,215.3,95.1,311,711.5,208.8,93.9,378,769.9,220.5,96
"B","North West",,,"00EW","Cheshire West and Chester","13UE","Ellesmere Port & Neston",,,536,669.2,204,93.5,263,642.6,196.1,93.5,273,694.8,211.6,93.4
"B","North West",,,"00EW","Cheshire West and Chester","13UH","Vale Royal",,,855,792.5,211.5,97.3,407,762,206.6,97.3,448,820.1,215.8,97.3
"F","West Midlands",,,"00GG","Shropshire","39UB","Bridgnorth",,,321,693.1,201.8,95.3,150,655.4,196,93.3,171,726.2,206.7,97.1
"F","West Midlands",,,"00GG","Shropshire","39UC","North Shropshire",,,373,733.6,208,97.1,191,705.4,201.9,96.3,182,763.1,214.2,97.8
"F","West Midlands",,,"00GG","Shropshire","39UD","Oswestry",,,177,732.8,214.7,92.1,89,702.7,213.3,89.9,88,763.2,216,94.3
"F","West Midlands",,,"00GG","Shropshire","39UE","Shrewsbury and Atcham",,,661,793,215.1,97.3,322,757.5,207.2,96.9,339,826.8,222.4,97.6
"F","West Midlands",,,"00GG","Shropshire","39UF","South Shropshire",,,277,776.5,219.5,95.3,132,766.6,216.8,93.2,145,785.6,221.9,97.2
"G","East of England",,,"00KC","Central Bedfordshire","09UC","Mid Bedfordshire",,,831,738.1,202.6,95.4,424,708.1,198.9,94.1,407,769.3,206.2,96.8
"G","East of England",,,"00KC","Central Bedfordshire","09UE","South Bedfordshire",,,754,708.6,201.8,94.7,360,694.6,197.6,93.6,394,721.3,205.6,95.7
"K","South West",,,"00HE","Cornwall","15UB","Caradon",,,559,690.2,208.2,94.1,263,653.6,201.2,91.6,296,722.7,214.1,96.3
"K","South West",,,"00HE","Cornwall","15UC","Carrick",,,591,763.2,214.6,97.1,304,732.5,209.1,96.1,287,795.7,220.2,98.3
"K","South West",,,"00HE","Cornwall","15UD","Kerrier",,,619,675,210.9,94.5,300,665.5,208.2,94,319,684,213.4,95
"K","South West",,,"00HE","Cornwall","15UE","North Cornwall",,,490,687,203.6,94.7,226,663.9,198.1,x,264,706.8,208.2,x
"K","South West",,,"00HE","Cornwall","15UF","Penwith",,,387,781.2,224.4,98.2,190,755.5,221,x,197,806.1,227.6,x
"K","South West",,,"00HE","Cornwall","15UG","Restormel",,,624,682.9,210.9,94.7,271,652.7,204.7,94.1,353,706.1,215.6,95.2
"K","South West",,,"00HY","Wiltshire","46UB","Kennet",,,426,735.8,211.8,95.8,191,701.9,205.4,94.8,235,763.3,216.8,96.6
"K","South West",,,"00HY","Wiltshire","46UC","North Wiltshire",,,1021,765.8,204,95.9,506,750.4,202.3,95.1,515,780.8,205.6,96.7
"K","South West",,,"00HY","Wiltshire","46UD","Salisbury",,,689,779.4,215,95.4,340,746.7,212.2,94.7,349,811.2,217.7,96
"K","South West",,,"00HY","Wiltshire","46UF","West Wiltshire",,,780,704.4,209.1,95.8,356,692.6,204.8,94.9,424,714.3,212.7,96.5