DATASET_TITLE,Percentage of Pupils Achieving Key Stage 2 Maths and English Level 4 2003-2004,,,,,,,,,,FROM,Sep-2003,Sep-2003
AREA_TYPE,Region,,,,,,,,,,TO,Aug-2004,Aug-2004
GEO_HIERARCHY,NeSS Geography Hierarchy,,,,,,,,,,HEADING,Pupils Achieving Key Stage 2 Level 4 in Maths,Pupils Achieving Key Stage 2 Level 4 in English
,,,,,,,,,,,MEASUREMENT_UNIT,Percentage,Percentage
,,,,,,,,,,,STATISTICAL_UNIT,Persons,Persons
UK_CODE,UK_NAME,GB_CODE,GB_NAME,EW_CODE,EW_NAME,CTRY_CODE,CTRY_NAME,GOR_CODE,GOR_NAME,AREA_METADATA,,DATA_VALUE,DATA_VALUE
"213","United Kingdom","078","Great Britain","727","England and Wales","064","England",,,,,74,78
"213","United Kingdom","078","Great Britain","727","England and Wales","064","England","A","North East",,,75,77
"213","United Kingdom","078","Great Britain","727","England and Wales","064","England","B","North West",,,75,78
"213","United Kingdom","078","Great Britain","727","England and Wales","064","England","D","Yorkshire and The Humber",,,73,76
"213","United Kingdom","078","Great Britain","727","England and Wales","064","England","E","East Midlands",,,74,77
"213","United Kingdom","078","Great Britain","727","England and Wales","064","England","F","West Midlands",,,72,76
"213","United Kingdom","078","Great Britain","727","England and Wales","064","England","G","East of England",,,74,78
"213","United Kingdom","078","Great Britain","727","England and Wales","064","England","H","London",,,73,77
"213","United Kingdom","078","Great Britain","727","England and Wales","064","England","J","South East",,,74,78
"213","United Kingdom","078","Great Britain","727","England and Wales","064","England","K","South West",,,74,78