DATASET_TITLE,"National Curriculum Assessments at Key Stage 2 by Gender in England (Referenced by Location of Educational Institution), 2010",,,,,,FROM,Sep-2009,Sep-2009,Sep-2009,Sep-2009,Sep-2009,Sep-2009,Sep-2009,Sep-2009,Sep-2009,Sep-2009,Sep-2009,Sep-2009,Sep-2009,Sep-2009,Sep-2009,Sep-2009,Sep-2009,Sep-2009
AREA_TYPE,Local Authority,,,,,,TO,Aug-2010,Aug-2010,Aug-2010,Aug-2010,Aug-2010,Aug-2010,Aug-2010,Aug-2010,Aug-2010,Aug-2010,Aug-2010,Aug-2010,Aug-2010,Aug-2010,Aug-2010,Aug-2010,Aug-2010,Aug-2010
GEO_HIERARCHY,NeSS Geography Hierarchy,,,,,,HEADING,Pupils Eligible for KS2 Assessment,Pupils Achieving Level 4+; in English,Pupils Achieving Level 4+; in Mathematics,Pupils Achieving Level 4+; in both English and Mathematics,"Pupils Achieving Level 4+; in Reading, Writing and Mathematics",Average Point Score of Pupils Eligible for KS2 Assessment,Boy Pupils Eligible for KS2 Assessment,Boy Pupils Achieving Level 4+; in English,Boy Pupils Achieving Level 4+; in Mathematics,Boy Pupils Achieving  Level 4+; in both English and Mathematics,"Boy Pupils Achieving Level 4+; in Reading, Writing and Mathematics",Average Point Score of Boy Pupils Eligible for KS2 Assessment,Girl Pupils Eligible for KS2 Assessment,Girl Pupils Achieving Level 4+; in English,Girl Pupils Achieving Level 4+; in Mathematics,Girl Pupils Achieving Level 4+; in both English and Mathematics,"Girl Pupils Achieving Level 4+; in Reading, Writing and Mathematics",Average Point Score of Girl Pupils Eligible for KS2 Assessment
,,,,,,,MEASUREMENT_UNIT,Count,Percentage,Percentage,Percentage,Percentage,Score,Count,Percentage,Percentage,Percentage,Percentage,Score,Count,Percentage,Percentage,Percentage,Percentage,Score
,,,,,,,STATISTICAL_UNIT,Persons,Persons,Persons,Persons,Persons,Persons,Persons,Persons,Persons,Persons,Persons,Persons,Persons,Persons,Persons,Persons,Persons,Persons
GOR_CODE,GOR_NAME,CTY_CODE,CTY_NAME,LA_CODE,LA_NAME,AREA_METADATA,,DATA_VALUE,DATA_VALUE,DATA_VALUE,DATA_VALUE,DATA_VALUE,DATA_VALUE,DATA_VALUE,DATA_VALUE,DATA_VALUE,DATA_VALUE,DATA_VALUE,DATA_VALUE,DATA_VALUE,DATA_VALUE,DATA_VALUE,DATA_VALUE,DATA_VALUE,DATA_VALUE
"A","North East",,,"00CH","Gateshead",,,1180,84,85,79,70,28.2,610,80,85,76,65,27.9,570,89,85,83,76,28.5
"A","North East",,,"00CJ","Newcastle upon Tyne",,,1168,80,81,74,67,27.7,615,76,81,72,62,27.2,553,85,81,77,72,28.2
"A","North East",,,"00CK","North Tyneside",,,246,..,..,..,..,..,135,..,..,..,..,..,111,..,..,..,..,..
"A","North East",,,"00CL","South Tyneside",,,1400,82,81,76,68,27.6,741,76,80,73,61,27.2,659,89,81,81,74,28
"A","North East",,,"00CM","Sunderland",,,1966,78,77,71,62,27.1,1051,73,77,68,56,26.7,915,84,77,74,69,27.5
"A","North East",,,"00EB","Hartlepool",,,0,..,..,..,..,..,.,..,..,..,..,..,.,..,..,..,..,..
"A","North East",,,"00EC","Middlesbrough",,,399,77,79,72,62,27.2,201,71,79,67,57,26.9,198,82,80,76,68,27.6
"A","North East",,,"00EE","Redcar and Cleveland",,,328,..,..,..,..,..,170,..,..,..,..,..,158,..,..,..,..,..
"A","North East",,,"00EF","Stockton-on-Tees",,,1246,84,87,80,70,28.1,637,79,87,77,65,27.7,609,90,87,83,75,28.4
"A","North East",,,"00EH","Darlington",,,601,84,85,79,70,28.2,290,81,86,78,64,28,311,86,84,81,76,28.5
"A","North East",,,"00EJ","Durham",,,4214,81,83,76,66,27.7,2142,77,83,74,61,27.3,2072,85,84,79,71,28
"A","North East",,,"00EM","Northumberland",,,3313,80,76,71,63,27.3,1677,75,76,68,57,27,1636,85,76,74,69,27.7
"B","North West",,,"00BL","Bolton",,,2934,81,83,76,68,27.8,1457,78,83,74,63,27.6,1477,85,82,79,73,28
"B","North West",,,"00BM","Bury",,,1600,81,82,76,66,27.7,771,79,83,76,62,27.6,829,83,80,75,69,27.8
"B","North West",,,"00BN","Manchester",,,2461,75,78,69,59,26.7,1263,71,78,67,54,26.4,1198,80,78,71,63,27
"B","North West",,,"00BP","Oldham",,,1420,81,81,75,67,27.3,715,79,84,76,65,27.4,705,82,79,74,70,27.3
"B","North West",,,"00BQ","Rochdale",,,2088,82,80,75,67,27.6,1060,78,79,72,62,27.2,1028,86,81,78,73,27.9
"B","North West",,,"00BR","Salford",,,1405,82,84,77,66,27.8,682,78,84,74,60,27.4,723,86,84,79,73,28.1
"B","North West",,,"00BS","Stockport",,,2207,87,86,81,73,28.6,1109,83,85,79,68,28.2,1098,91,87,84,79,28.9
"B","North West",,,"00BT","Tameside",,,2125,81,81,74,65,27.6,1079,76,80,70,58,27.1,1046,87,82,78,72,28
"B","North West",,,"00BU","Trafford",,,2237,87,86,81,74,28.7,1153,83,86,78,69,28.3,1084,91,87,84,79,29.1
"B","North West",,,"00BW","Wigan",,,1963,83,87,79,69,28,1021,79,86,75,61,27.6,942,88,88,84,77,28.5
"B","North West",,,"00BX","Knowsley",,,1826,80,83,75,63,27.4,925,76,83,72,56,27,901,84,83,78,71,27.7
"B","North West",,,"00BY","Liverpool",,,3384,78,79,71,61,27.1,1682,73,79,68,56,26.8,1702,82,78,73,67,27.3
"B","North West",,,"00BZ","St. Helens",,,2080,84,85,78,67,28,1072,80,85,75,62,27.7,1008,88,85,81,73,28.3
"B","North West",,,"00CA","Sefton",,,471,..,..,..,..,..,230,..,..,..,..,..,241,..,..,..,..,..
"B","North West",,,"00CB","Wirral",,,3599,82,82,75,67,27.8,1838,79,83,74,63,27.5,1761,85,81,77,71,28
"B","North West",,,"00EQ","Cheshire East",,,2944,86,85,80,73,28.3,1492,83,86,79,68,28.1,1452,90,84,82,77,28.6
"B","North West",,,"00ET","Halton",,,1422,82,84,77,67,27.7,731,78,83,74,63,27.3,691,87,84,80,71,28
"B","North West",,,"00EU","Warrington",,,2189,85,85,80,72,28.2,1126,82,86,78,67,27.9,1063,89,85,82,78,28.6
"B","North West",,,"00EW","Cheshire West and Chester",,,2612,83,82,77,68,27.8,1347,80,81,74,62,27.5,1265,86,83,80,74,28.2
"B","North West",,,"00EX","Blackburn with Darwen",,,995,79,79,71,62,27.3,506,74,80,69,56,27.1,489,83,78,73,67,27.5
"B","North West",,,"00EY","Blackpool",,,761,78,77,69,58,26.9,383,74,78,66,52,26.5,378,81,77,72,65,27.2
"B","North West","16","Cumbria","16UB","Allerdale",,,540,..,..,..,..,..,261,..,..,..,..,..,279,..,..,..,..,..
"B","North West","16","Cumbria","16UC","Barrow-in-Furness",,,374,82,84,78,70,27.9,198,78,85,76,65,27.7,176,87,84,80,76,28.1
"B","North West","16","Cumbria","16UD","Carlisle",,,784,82,84,77,66,27.9,400,79,85,75,59,27.8,384,85,84,79,72,27.9
"B","North West","16","Cumbria","16UE","Copeland",,,531,85,84,79,67,27.9,257,82,84,76,60,27.5,274,89,83,81,73,28.3
"B","North West","16","Cumbria","16UF","Eden",,,307,82,82,77,67,27.8,158,76,83,74,59,27.3,149,89,81,80,74,28.5
"B","North West","16","Cumbria","16UG","South Lakeland",,,779,83,86,78,70,28,404,80,86,75,64,27.9,375,86,85,81,76,28.2
"B","North West","30","Lancashire","30UD","Burnley",,,515,76,78,70,64,27,269,71,77,65,57,26.6,246,80,80,74,72,27.5
"B","North West","30","Lancashire","30UE","Chorley",,,739,86,88,83,75,28.5,369,82,86,79,70,28.2,370,90,89,86,80,28.9
"B","North West","30","Lancashire","30UF","Fylde",,,480,81,82,75,66,27.9,250,76,84,71,59,27.5,230,88,81,78,74,28.2
"B","North West","30","Lancashire","30UG","Hyndburn",,,861,78,76,69,61,27,424,72,75,66,56,26.6,437,83,77,72,66,27.3
"B","North West","30","Lancashire","30UH","Lancaster",,,402,..,..,..,..,..,209,..,..,..,..,..,193,..,..,..,..,..
"B","North West","30","Lancashire","30UJ","Pendle",,,584,..,..,..,..,..,312,..,..,..,..,..,272,..,..,..,..,..
"B","North West","30","Lancashire","30UK","Preston",,,460,..,..,..,..,..,247,..,..,..,..,..,213,..,..,..,..,..
"B","North West","30","Lancashire","30UL","Ribble Valley",,,554,88,89,84,78,28.9,286,84,87,80,71,28.3,268,93,90,88,85,29.5
"B","North West","30","Lancashire","30UM","Rossendale",,,608,81,83,77,69,27.7,311,77,82,74,63,27.1,297,85,85,80,74,28.2
"B","North West","30","Lancashire","30UN","South Ribble",,,153,..,..,..,..,..,87,..,..,..,..,..,66,..,..,..,..,..
"B","North West","30","Lancashire","30UP","West Lancashire",,,845,..,..,..,..,..,463,..,..,..,..,..,382,..,..,..,..,..
"B","North West","30","Lancashire","30UQ","Wyre",,,499,83,85,78,70,27.9,247,75,82,72,61,27.4,252,90,88,84,78,28.5
"D","Yorkshire and The Humber",,,"00CC","Barnsley",,,1219,76,78,70,60,26.9,615,72,80,68,56,26.7,604,81,77,73,64,27.2
"D","Yorkshire and The Humber",,,"00CE","Doncaster",,,2632,79,80,72,62,27.3,1315,73,79,68,55,26.9,1317,85,80,76,68,27.7
"D","Yorkshire and The Humber",,,"00CF","Rotherham",,,2933,74,76,66,58,26.7,1440,68,78,64,52,26.4,1493,79,74,69,63,27.1
"D","Yorkshire and The Humber",,,"00CG","Sheffield",,,4244,77,79,70,60,27.1,2172,72,79,68,54,26.8,2072,82,78,73,66,27.4
"D","Yorkshire and The Humber",,,"00CX","Bradford",,,2892,78,80,73,62,27.1,1458,75,81,71,57,26.8,1434,81,80,75,68,27.4
"D","Yorkshire and The Humber",,,"00CY","Calderdale",,,1356,81,79,75,67,27.5,710,77,80,74,62,27.4,646,85,78,77,72,27.7
"D","Yorkshire and The Humber",,,"00CZ","Kirklees",,,2607,81,81,75,67,27.6,1353,76,81,71,61,27.3,1254,86,82,79,74,28.1
"D","Yorkshire and The Humber",,,"00DA","Leeds",,,4459,81,80,74,65,27.5,2300,76,81,72,61,27.3,2159,86,79,76,70,27.8
"D","Yorkshire and The Humber",,,"00DB","Wakefield",,,1404,76,79,71,61,27.1,701,71,79,67,54,26.7,703,82,80,75,68,27.5
"D","Yorkshire and The Humber",,,"00FA","Kingston upon Hull, City of",,,1665,77,78,70,59,26.8,877,74,78,68,54,26.7,788,80,77,71,63,27
"D","Yorkshire and The Humber",,,"00FB","East Riding of Yorkshire",,,2087,77,79,72,61,27.1,1073,71,77,67,54,26.6,1014,84,82,77,69,27.7
"D","Yorkshire and The Humber",,,"00FC","North East Lincolnshire",,,1160,77,78,69,60,27,599,69,77,64,53,26.5,561,84,80,75,68,27.6
"D","Yorkshire and The Humber",,,"00FD","North Lincolnshire",,,1052,77,74,68,61,27,569,72,74,66,55,26.7,483,83,75,71,67,27.5
"D","Yorkshire and The Humber",,,"00FF","York",,,1565,84,83,78,69,28,818,79,82,75,65,27.6,747,88,83,81,74,28.3
"D","Yorkshire and The Humber","36","North Yorkshire","36UB","Craven",,,578,86,80,78,68,28.3,300,85,82,79,64,28.1,278,87,78,77,73,28.4
"D","Yorkshire and The Humber","36","North Yorkshire","36UC","Hambleton",,,837,83,82,75,68,27.9,432,77,81,71,61,27.5,405,89,83,80,76,28.4
"D","Yorkshire and The Humber","36","North Yorkshire","36UD","Harrogate",,,884,88,85,81,72,28.5,451,84,85,79,68,28.2,433,91,84,82,76,28.8
"D","Yorkshire and The Humber","36","North Yorkshire","36UE","Richmondshire",,,480,82,83,75,64,27.7,255,75,82,71,56,27.1,225,90,83,80,73,28.4
"D","Yorkshire and The Humber","36","North Yorkshire","36UF","Ryedale",,,333,78,78,72,64,27.3,170,73,76,68,57,26.8,163,83,80,75,71,27.8
"D","Yorkshire and The Humber","36","North Yorkshire","36UG","Scarborough",,,235,..,..,..,..,..,131,..,..,..,..,..,104,..,..,..,..,..
"D","Yorkshire and The Humber","36","North Yorkshire","36UH","Selby",,,562,83,83,76,64,27.8,294,80,85,77,61,27.8,268,86,80,75,68,27.8
"E","East Midlands",,,"00FK","Derby",,,1710,74,74,66,54,26.4,885,67,75,64,47,26.1,825,81,72,68,60,26.8
"E","East Midlands",,,"00FN","Leicester",,,2627,75,76,68,60,26.8,1357,70,76,65,55,26.5,1270,80,77,72,66,27.1
"E","East Midlands",,,"00FP","Rutland",,,49,..,..,..,..,..,20,..,..,..,..,..,29,..,..,..,..,..
"E","East Midlands",,,"00FY","Nottingham",,,2086,72,76,67,56,26.6,1055,67,76,64,50,26.2,1031,77,76,70,61,26.9
"E","East Midlands","17","Derbyshire","17UB","Amber Valley",,,1266,82,81,75,67,27.6,603,78,80,73,61,27.3,663,85,82,77,73,27.9
"E","East Midlands","17","Derbyshire","17UC","Bolsover",,,669,80,84,77,67,27.8,336,76,82,73,60,27.4,333,84,86,80,73,28.2
"E","East Midlands","17","Derbyshire","17UD","Chesterfield",,,794,81,81,74,65,27.8,428,78,81,73,61,27.5,366,84,80,75,70,28.1
"E","East Midlands","17","Derbyshire","17UF","Derbyshire Dales",,,731,85,88,82,75,28.7,377,82,88,79,70,28.6,354,90,88,85,80,28.9
"E","East Midlands","17","Derbyshire","17UG","Erewash",,,902,81,81,75,66,27.6,446,76,82,72,61,27.4,456,85,81,78,71,27.8
"E","East Midlands","17","Derbyshire","17UH","High Peak",,,746,83,83,77,67,28,380,78,84,74,61,27.6,366,88,83,80,74,28.4
"E","East Midlands","17","Derbyshire","17UJ","North East Derbyshire",,,886,83,84,78,69,28.2,447,77,82,74,61,27.6,439,88,86,83,77,28.7
"E","East Midlands","17","Derbyshire","17UK","South Derbyshire",,,974,82,82,75,66,27.7,534,79,84,75,63,27.7,440,85,79,75,70,27.8
"E","East Midlands","31","Leicestershire","31UB","Blaby",,,709,86,86,81,73,28.2,343,81,85,77,66,27.8,366,91,86,85,80,28.6
"E","East Midlands","31","Leicestershire","31UC","Charnwood",,,1175,81,82,75,66,27.8,615,78,83,74,62,27.7,560,84,80,76,71,27.9
"E","East Midlands","31","Leicestershire","31UD","Harborough",,,678,88,89,84,77,29.1,367,84,90,82,72,28.9,311,93,88,87,84,29.4
"E","East Midlands","31","Leicestershire","31UE","Hinckley and Bosworth",,,930,82,81,76,65,27.9,475,78,81,73,60,27.6,455,86,82,79,71,28.2
"E","East Midlands","31","Leicestershire","31UG","Melton",,,513,86,85,79,74,28.6,268,84,86,78,71,28.5,245,89,84,80,77,28.7
"E","East Midlands","31","Leicestershire","31UH","North West Leicestershire",,,906,80,79,73,63,27.4,478,76,79,71,58,27,428,85,78,75,69,27.8
"E","East Midlands","31","Leicestershire","31UJ","Oadby and Wigston",,,945,75,71,64,52,26.6,469,68,72,62,45,26.3,476,81,69,66,59,26.8
"E","East Midlands","32","Lincolnshire","32UB","Boston",,,462,76,76,68,59,26.8,246,71,75,64,52,26.3,216,82,78,73,66,27.3
"E","East Midlands","32","Lincolnshire","32UC","East Lindsey",,,1316,76,78,70,58,27.1,650,71,78,67,51,26.7,666,82,77,72,65,27.5
"E","East Midlands","32","Lincolnshire","32UD","Lincoln",,,766,73,77,68,56,26.7,395,68,77,65,50,26.3,371,80,78,71,62,27.1
"E","East Midlands","32","Lincolnshire","32UE","North Kesteven",,,1269,86,87,80,70,28.4,641,81,89,79,66,28.2,628,90,84,82,75,28.6
"E","East Midlands","32","Lincolnshire","32UF","South Holland",,,849,76,74,68,58,26.7,430,73,77,67,56,26.6,419,79,71,68,61,26.8
"E","East Midlands","32","Lincolnshire","32UG","South Kesteven",,,1448,86,84,80,70,28.2,732,81,84,77,64,27.9,716,91,85,83,77,28.6
"E","East Midlands","32","Lincolnshire","32UH","West Lindsey",,,797,84,83,79,67,28,403,80,82,74,58,27.6,394,89,85,83,76,28.5
"E","East Midlands","34","Northamptonshire","34UB","Corby",,,451,..,..,..,..,..,251,..,..,..,..,..,200,..,..,..,..,..
"E","East Midlands","34","Northamptonshire","34UC","Daventry",,,656,82,80,74,64,27.6,356,78,83,74,61,27.3,300,87,76,74,68,27.9
"E","East Midlands","34","Northamptonshire","34UD","East Northamptonshire",,,718,78,73,67,57,27,347,71,73,64,48,26.6,371,84,74,70,65,27.3
"E","East Midlands","34","Northamptonshire","34UE","Kettering",,,988,80,80,73,64,27.6,514,75,80,68,56,27.2,474,86,81,78,72,28.1
"E","East Midlands","34","Northamptonshire","34UF","Northampton",,,1290,77,74,67,58,26.8,665,72,75,65,52,26.4,625,84,73,70,65,27.2
"E","East Midlands","34","Northamptonshire","34UG","South Northamptonshire",,,981,89,88,83,75,28.8,499,85,89,82,70,28.7,482,92,87,85,80,29
"E","East Midlands","34","Northamptonshire","34UH","Wellingborough",,,869,77,76,70,60,27.2,430,74,79,70,58,27,439,81,73,69,61,27.4
"E","East Midlands","37","Nottinghamshire","37UB","Ashfield",,,937,78,83,73,62,27.4,485,74,82,70,55,27,452,83,84,77,69,27.8
"E","East Midlands","37","Nottinghamshire","37UC","Bassetlaw",,,966,79,82,74,66,27.5,468,75,82,71,60,27.1,498,83,82,77,71,28
"E","East Midlands","37","Nottinghamshire","37UD","Broxtowe",,,589,83,81,77,66,28,289,79,82,76,62,27.7,300,86,81,78,71,28.2
"E","East Midlands","37","Nottinghamshire","37UE","Gedling",,,1158,82,84,77,66,28,596,79,85,74,61,27.6,562,86,83,79,73,28.5
"E","East Midlands","37","Nottinghamshire","37UF","Mansfield",,,678,74,78,68,57,26.8,329,66,82,64,51,26.4,349,81,75,71,63,27.2
"E","East Midlands","37","Nottinghamshire","37UG","Newark and Sherwood",,,1129,81,82,76,66,27.8,562,78,82,73,61,27.5,567,84,83,78,71,28
"E","East Midlands","37","Nottinghamshire","37UJ","Rushcliffe",,,873,90,90,86,78,29.4,452,88,91,86,74,29.1,421,92,90,87,82,29.7
"F","West Midlands",,,"00CN","Birmingham",,,5931,75,76,68,59,26.8,3091,70,75,64,54,26.4,2840,81,76,71,65,27.2
"F","West Midlands",,,"00CQ","Coventry",,,3054,80,79,73,64,27.2,1558,75,78,70,58,26.8,1496,85,80,75,70,27.6
"F","West Midlands",,,"00CR","Dudley",,,1300,..,..,..,..,..,695,..,..,..,..,..,605,..,..,..,..,..
"F","West Midlands",,,"00CS","Sandwell",,,2135,77,77,69,58,26.7,1114,71,79,67,52,26.4,1021,83,75,71,64,27
"F","West Midlands",,,"00CT","Solihull",,,2455,87,85,80,72,28.5,1271,83,85,78,67,28.2,1184,91,84,82,78,28.8
"F","West Midlands",,,"00CU","Walsall",,,2478,81,80,74,65,27.5,1280,78,81,72,61,27.2,1198,84,79,76,69,27.7
"F","West Midlands",,,"00CW","Wolverhampton",,,1985,77,79,72,63,27,988,73,78,69,56,26.5,997,81,80,74,69,27.4
"F","West Midlands",,,"00GA","Herefordshire, County of",,,1734,79,78,72,61,27.2,908,74,78,69,56,26.9,826,85,78,75,68,27.6
"F","West Midlands",,,"00GF","Telford and Wrekin",,,1149,78,78,71,61,27.3,586,74,77,68,53,26.8,563,83,79,75,69,27.8
"F","West Midlands",,,"00GG","Shropshire",,,2720,81,79,74,64,27.6,1366,77,80,72,59,27.2,1354,86,79,76,69,28
"F","West Midlands",,,"00GL","Stoke-on-Trent",,,615,..,..,..,..,..,323,..,..,..,..,..,292,..,..,..,..,..
"F","West Midlands","41","Staffordshire","41UB","Cannock Chase",,,965,79,78,72,63,27.3,500,76,80,71,59,27.1,465,83,76,73,67,27.5
"F","West Midlands","41","Staffordshire","41UC","East Staffordshire",,,627,78,80,70,57,27.2,338,73,82,67,50,26.9,289,84,78,73,65,27.5
"F","West Midlands","41","Staffordshire","41UD","Lichfield",,,1098,82,83,77,67,27.9,587,77,82,74,60,27.4,511,88,85,82,75,28.4
"F","West Midlands","41","Staffordshire","41UE","Newcastle-under-Lyme",,,1129,80,82,74,65,27.5,604,76,81,71,59,27.3,525,85,82,78,73,27.7
"F","West Midlands","41","Staffordshire","41UF","South Staffordshire",,,1101,82,81,75,66,27.8,546,76,79,71,56,27.2,555,88,82,80,75,28.5
"F","West Midlands","41","Staffordshire","41UG","Stafford",,,1208,82,82,76,68,27.9,615,78,81,72,61,27.5,593,87,83,80,75,28.4
"F","West Midlands","41","Staffordshire","41UH","Staffordshire Moorlands",,,930,81,80,72,65,27.4,474,76,80,70,60,27,456,86,79,75,70,27.8
"F","West Midlands","41","Staffordshire","41UK","Tamworth",,,152,..,..,..,..,..,79,..,..,..,..,..,73,..,..,..,..,..
"F","West Midlands","44","Warwickshire","44UB","North Warwickshire",,,438,82,75,72,64,27.2,223,77,75,72,63,27,215,87,75,73,66,27.4
"F","West Midlands","44","Warwickshire","44UC","Nuneaton and Bedworth",,,1085,78,78,71,59,27.1,565,73,77,67,52,26.8,520,83,80,75,67,27.4
"F","West Midlands","44","Warwickshire","44UD","Rugby",,,1088,84,83,78,68,28,530,79,82,74,61,27.5,558,89,84,82,75,28.5
"F","West Midlands","44","Warwickshire","44UE","Stratford-on-Avon",,,1178,85,83,79,71,28.3,598,80,82,76,65,28,580,89,84,81,76,28.7
"F","West Midlands","44","Warwickshire","44UF","Warwick",,,1176,87,85,81,73,28.4,611,83,84,78,67,28.1,565,91,87,85,79,28.8
"F","West Midlands","47","Worcestershire","47UB","Bromsgrove",,,929,85,84,79,71,28.2,480,81,85,78,67,28.1,449,88,83,80,75,28.3
"F","West Midlands","47","Worcestershire","47UC","Malvern Hills",,,751,87,84,80,72,28.4,363,83,82,76,65,27.7,388,90,86,83,78,28.9
"F","West Midlands","47","Worcestershire","47UD","Redditch",,,911,73,71,63,56,26.5,474,68,71,61,49,26.1,437,79,70,66,63,26.9
"F","West Midlands","47","Worcestershire","47UE","Worcester",,,811,76,74,68,59,26.8,408,72,73,66,53,26.2,403,80,74,70,66,27.3
"F","West Midlands","47","Worcestershire","47UF","Wychavon",,,1182,77,74,67,58,27.1,597,70,75,64,52,26.8,585,84,73,69,63,27.4
"F","West Midlands","47","Worcestershire","47UG","Wyre Forest",,,954,78,79,71,62,27.2,498,74,80,70,55,27,456,82,77,72,69,27.3
"G","East of England",,,"00JA","Peterborough",,,2054,75,76,67,57,26.8,1093,72,79,67,55,26.8,961,78,73,68,61,26.8
"G","East of England",,,"00KA","Luton",,,2238,77,76,69,59,26.8,1158,72,75,66,54,26.4,1080,83,77,73,65,27.3
"G","East of England",,,"00KB","Bedford",,,1810,77,77,70,60,26.9,966,76,80,70,58,26.9,844,79,74,70,63,26.9
"G","East of England",,,"00KC","Central Bedfordshire",,,2696,81,79,73,63,27.6,1357,76,81,71,58,27.3,1339,86,77,74,68,28
"G","East of England",,,"00KF","Southend-on-Sea",,,967,..,..,..,..,..,486,..,..,..,..,..,481,..,..,..,..,..
"G","East of England",,,"00KG","Thurrock",,,1918,75,76,68,58,26.7,983,69,76,64,51,26.2,935,81,76,72,65,27.2
"G","East of England","12","Cambridgeshire","12UB","Cambridge",,,775,80,78,73,65,27.6,408,77,81,73,61,27.4,367,83,75,73,68,27.8
"G","East of England","12","Cambridgeshire","12UC","East Cambridgeshire",,,867,79,77,70,61,27.3,477,72,78,67,55,26.8,390,87,76,74,68,27.9
"G","East of England","12","Cambridgeshire","12UD","Fenland",,,1006,74,76,67,58,26.7,519,69,75,63,51,26.2,487,80,76,72,66,27.1
"G","East of England","12","Cambridgeshire","12UE","Huntingdonshire",,,1825,80,80,73,65,27.6,955,75,79,70,60,27.2,870,86,80,77,70,28.1
"G","East of England","12","Cambridgeshire","12UG","South Cambridgeshire",,,1393,84,83,78,69,28.2,732,79,82,74,60,27.7,661,91,85,82,78,28.7
"G","East of England","22","Essex","22UB","Basildon",,,1763,77,80,72,61,27.2,892,73,80,68,55,26.9,871,83,80,75,68,27.4
"G","East of England","22","Essex","22UC","Braintree",,,1464,81,80,74,61,27.6,766,76,82,72,56,27.5,698,86,79,76,67,27.7
"G","East of England","22","Essex","22UD","Brentwood",,,723,87,88,83,76,28.6,368,84,88,81,71,28.3,355,91,88,85,82,29
"G","East of England","22","Essex","22UE","Castle Point",,,949,79,83,74,62,27.5,477,70,82,67,51,26.9,472,88,84,81,74,28
"G","East of England","22","Essex","22UF","Chelmsford",,,1781,83,83,78,70,28,916,80,83,76,64,27.7,865,87,84,81,76,28.3
"G","East of England","22","Essex","22UG","Colchester",,,1762,83,81,75,67,27.8,926,80,83,75,64,27.7,836,86,78,76,71,28.1
"G","East of England","22","Essex","22UH","Epping Forest",,,735,82,81,75,65,27.7,377,77,82,73,59,27.2,358,86,80,77,71,28.2
"G","East of England","22","Essex","22UJ","Harlow",,,862,72,73,63,53,26.5,457,65,74,59,48,26.1,405,80,71,68,60,26.9
"G","East of England","22","Essex","22UK","Maldon",,,600,82,79,73,64,27.4,303,76,79,69,58,27.1,297,88,78,76,71,27.6
"G","East of England","22","Essex","22UL","Rochford",,,944,82,82,76,64,27.7,482,77,84,74,57,27.7,462,88,81,78,72,27.6
"G","East of England","22","Essex","22UN","Tendring",,,1494,71,72,62,52,26.3,745,66,73,60,46,26,749,76,71,65,58,26.6
"G","East of England","22","Essex","22UQ","Uttlesford",,,630,91,89,86,77,29.1,346,91,90,86,75,29.2,284,91,88,85,79,28.9
"G","East of England","26","Hertfordshire","26UB","Broxbourne",,,896,82,84,76,69,27.9,464,77,83,72,64,27.6,432,87,84,80,75,28.2
"G","East of England","26","Hertfordshire","26UC","Dacorum",,,1210,80,81,74,65,27.7,604,74,82,70,59,27.3,606,87,81,77,71,28.1
"G","East of England","26","Hertfordshire","26UD","East Hertfordshire",,,1158,85,86,80,70,28.4,576,80,85,76,64,27.9,582,90,86,84,77,28.8
"G","East of England","26","Hertfordshire","26UE","Hertsmere",,,720,87,84,79,72,28.6,360,82,85,78,69,28.4,360,92,83,81,75,28.8
"G","East of England","26","Hertfordshire","26UF","North Hertfordshire",,,1006,83,82,76,66,27.9,512,81,83,76,60,27.5,494,86,80,77,72,28.2
"G","East of England","26","Hertfordshire","26UG","St Albans",,,1377,90,88,86,79,29.4,677,87,89,85,76,29.1,700,93,88,86,82,29.7
"G","East of England","26","Hertfordshire","26UH","Stevenage",,,447,..,..,..,..,..,235,..,..,..,..,..,212,..,..,..,..,..
"G","East of England","26","Hertfordshire","26UJ","Three Rivers",,,883,85,83,80,73,28.4,447,83,83,79,70,28.2,436,87,83,80,77,28.6
"G","East of England","26","Hertfordshire","26UK","Watford",,,869,84,82,77,70,28.1,461,81,81,75,66,27.8,408,88,83,79,75,28.5
"G","East of England","26","Hertfordshire","26UL","Welwyn Hatfield",,,1098,84,82,78,71,28,582,79,82,76,66,27.7,516,89,83,80,75,28.3
"G","East of England","33","Norfolk","33UB","Breckland",,,960,72,73,65,54,26.5,487,69,76,64,51,26.4,473,75,70,66,57,26.5
"G","East of England","33","Norfolk","33UC","Broadland",,,1042,78,78,71,59,27.3,534,72,77,66,52,26.9,508,85,80,76,67,27.8
"G","East of England","33","Norfolk","33UD","Great Yarmouth",,,959,66,67,57,49,25.7,474,54,65,50,40,24.8,485,78,70,65,58,26.6
"G","East of England","33","Norfolk","33UE","King's Lynn and West Norfolk",,,1089,76,77,69,59,27.2,530,71,78,67,57,27,559,81,75,71,61,27.4
"G","East of England","33","Norfolk","33UF","North Norfolk",,,479,..,..,..,..,..,249,..,..,..,..,..,230,..,..,..,..,..
"G","East of England","33","Norfolk","33UG","Norwich",,,543,..,..,..,..,..,300,..,..,..,..,..,243,..,..,..,..,..
"G","East of England","33","Norfolk","33UH","South Norfolk",,,1051,86,86,80,71,28.3,551,83,88,80,68,28.2,500,88,83,80,73,28.4
"G","East of England","42","Suffolk","42UB","Babergh",,,750,79,79,72,60,27.2,403,73,79,69,53,26.8,347,85,78,75,68,27.5
"G","East of England","42","Suffolk","42UC","Forest Heath",,,318,..,..,..,..,..,144,..,..,..,..,..,174,..,..,..,..,..
"G","East of England","42","Suffolk","42UD","Ipswich",,,1331,77,76,69,59,26.9,676,70,75,65,53,26.5,655,83,77,73,66,27.4
"G","East of England","42","Suffolk","42UE","Mid Suffolk",,,1017,81,82,74,65,27.6,499,76,83,72,59,27.2,518,86,81,76,71,27.9
"G","East of England","42","Suffolk","42UF","St Edmundsbury",,,1153,74,70,63,55,26.4,584,66,71,60,48,25.9,569,82,70,66,61,26.9
"G","East of England","42","Suffolk","42UG","Suffolk Coastal",,,1297,77,79,69,60,27.5,655,73,79,67,55,27.2,642,82,78,72,65,27.7
"G","East of England","42","Suffolk","42UH","Waveney",,,1195,73,72,64,52,26.2,615,67,71,60,45,25.8,580,79,73,68,59,26.6
"H","London",,,"00AA","City of London",,,0,..,..,..,..,..,.,..,..,..,..,..,.,..,..,..,..,..
"H","London",,,"00AB","Barking and Dagenham",,,1218,79,76,70,63,27,597,71,73,65,55,26.3,621,86,79,75,70,27.6
"H","London",,,"00AC","Barnet",,,1637,85,84,78,70,28.3,853,82,84,77,67,28,784,88,83,80,74,28.6
"H","London",,,"00AD","Bexley",,,2416,83,79,76,68,28,1241,80,79,74,63,27.7,1175,87,80,78,73,28.2
"H","London",,,"00AE","Brent",,,2887,83,82,77,69,27.8,1483,79,82,74,64,27.6,1404,87,82,79,74,28.1
"H","London",,,"00AF","Bromley",,,2681,84,83,77,69,28.1,1368,79,82,75,64,27.8,1313,89,83,80,74,28.4
"H","London",,,"00AG","Camden",,,1248,81,81,74,65,27.5,645,77,80,71,60,27.2,603,86,81,77,70,27.8
"H","London",,,"00AH","Croydon",,,2325,82,79,74,67,27.6,1138,78,79,72,62,27.3,1187,86,80,76,71,28
"H","London",,,"00AJ","Ealing",,,2531,81,79,74,66,27.6,1327,78,79,72,62,27.3,1204,84,80,76,71,27.9
"H","London",,,"00AK","Enfield",,,2360,..,..,..,..,..,1205,..,..,..,..,..,1155,..,..,..,..,..
"H","London",,,"00AL","Greenwich",,,1199,81,82,75,65,27.4,604,76,80,72,59,26.9,595,86,84,79,72,27.9
"H","London",,,"00AM","Hackney",,,1815,78,78,71,61,27,906,73,78,68,55,26.7,909,83,78,74,68,27.3
"H","London",,,"00AN","Hammersmith and Fulham",,,800,82,82,76,66,27.7,400,76,80,70,58,27.3,400,89,84,81,74,28
"H","London",,,"00AP","Haringey",,,864,83,79,75,67,27.7,468,80,80,73,63,27.4,396,88,79,77,71,28.2
"H","London",,,"00AQ","Harrow",,,2318,85,82,77,70,28.1,1185,82,83,76,66,28,1133,88,81,78,73,28.3
"H","London",,,"00AR","Havering",,,1416,81,82,75,66,27.7,732,76,82,72,59,27.4,684,87,83,79,72,28.1
"H","London",,,"00AS","Hillingdon",,,2843,83,82,77,69,27.9,1407,80,83,75,64,27.6,1436,87,82,79,73,28.1
"H","London",,,"00AT","Hounslow",,,1197,83,80,75,68,27.8,620,81,83,76,67,27.7,577,86,77,74,69,27.9
"H","London",,,"00AU","Islington",,,1728,79,80,72,63,27.2,910,74,80,69,57,26.9,818,85,79,75,69,27.6
"H","London",,,"00AW","Kensington and Chelsea",,,341,..,..,..,..,..,164,..,..,..,..,..,177,..,..,..,..,..
"H","London",,,"00AX","Kingston upon Thames",,,1448,86,86,79,72,28.7,722,81,85,76,66,28.1,726,91,86,83,78,29.2
"H","London",,,"00AY","Lambeth",,,1815,82,81,76,67,27.5,904,76,81,72,62,27.1,911,87,81,79,71,27.9
"H","London",,,"00AZ","Lewisham",,,1688,81,83,75,66,27.5,854,77,84,73,61,27.4,834,85,82,78,70,27.7
"H","London",,,"00BA","Merton",,,1367,84,82,77,69,28,699,81,83,76,65,27.9,668,88,80,77,73,28.1
"H","London",,,"00BB","Newham",,,2375,80,82,75,67,27.3,1227,75,81,71,60,26.9,1148,86,83,79,73,27.8
"H","London",,,"00BC","Redbridge",,,1332,85,84,78,71,28.2,653,80,83,74,64,27.9,679,89,85,82,78,28.5
"H","London",,,"00BD","Richmond upon Thames",,,1214,89,88,85,79,29.3,621,87,89,84,76,29.1,593,92,88,86,82,29.5
"H","London",,,"00BE","Southwark",,,2489,80,80,74,65,27.4,1236,75,80,70,58,26.9,1253,85,81,77,71,27.9
"H","London",,,"00BF","Sutton",,,1953,85,86,80,69,28.4,1012,83,89,80,65,28.2,941,88,84,81,73,28.5
"H","London",,,"00BG","Tower Hamlets",,,1434,81,82,76,66,27.5,729,76,82,73,61,27,705,86,83,78,72,27.9
"H","London",,,"00BH","Waltham Forest",,,1287,81,82,75,69,27.6,649,78,82,73,66,27.4,638,84,82,77,72,27.8
"H","London",,,"00BJ","Wandsworth",,,2045,84,85,78,71,28.1,1033,80,85,77,68,27.9,1012,87,84,79,74,28.3
"H","London",,,"00BK","Westminster",,,1162,84,80,77,70,27.7,580,79,79,75,65,27.4,582,88,81,80,74,28.1
"J","South East",,,"00LC","Medway",,,3067,76,74,67,59,26.8,1524,70,74,64,53,26.3,1543,82,75,70,65,27.3
"J","South East",,,"00MA","Bracknell Forest",,,1135,81,79,73,66,27.5,616,76,80,71,61,27.1,519,88,77,75,71,27.9
"J","South East",,,"00MB","West Berkshire",,,1207,82,80,74,67,27.9,614,78,81,73,63,27.7,593,86,78,75,71,28.2
"J","South East",,,"00MC","Reading",,,1182,79,80,72,63,27.5,574,72,80,69,58,27,608,85,79,75,66,27.9
"J","South East",,,"00MD","Slough",,,1315,80,79,72,65,27.4,680,76,79,71,62,27.2,635,84,78,73,68,27.7
"J","South East",,,"00ME","Windsor and Maidenhead",,,1355,85,81,77,68,28,710,84,84,78,67,28,645,87,79,75,70,28
"J","South East",,,"00MF","Wokingham",,,1205,87,84,80,71,28.4,643,83,84,78,66,28.2,562,91,85,83,77,28.7
"J","South East",,,"00MG","Milton Keynes",,,2135,82,81,74,66,27.7,1092,78,82,72,61,27.4,1043,86,80,77,72,28.1
"J","South East",,,"00ML","Brighton and Hove",,,709,..,..,..,..,..,368,..,..,..,..,..,341,..,..,..,..,..
"J","South East",,,"00MR","Portsmouth",,,1444,79,76,68,60,27.1,729,73,78,67,54,26.8,715,84,73,70,66,27.5
"J","South East",,,"00MS","Southampton",,,1936,77,78,71,60,27,989,74,78,68,54,26.8,947,81,79,73,65,27.3
"J","South East",,,"00MW","Isle of Wight",,,1428,80,75,69,58,26.9,717,74,76,66,51,26.6,711,86,75,71,65,27.2
"J","South East","11","Buckinghamshire","11UB","Aylesbury Vale",,,1763,82,81,76,69,27.9,917,77,81,73,64,27.5,846,88,81,79,74,28.3
"J","South East","11","Buckinghamshire","11UC","Chiltern",,,966,89,87,84,78,29.2,467,85,86,80,73,28.8,499,93,88,87,83,29.5
"J","South East","11","Buckinghamshire","11UE","South Bucks",,,520,..,..,..,..,..,253,..,..,..,..,..,267,..,..,..,..,..
"J","South East","11","Buckinghamshire","11UF","Wycombe",,,1414,83,81,76,69,28.1,767,78,80,72,63,27.7,647,88,82,80,76,28.5
"J","South East","21","East Sussex","21UC","Eastbourne",,,380,..,..,..,..,..,200,..,..,..,..,..,180,..,..,..,..,..
"J","South East","21","East Sussex","21UD","Hastings",,,804,74,72,66,53,26.3,421,68,71,62,45,25.8,383,80,73,70,62,26.8
"J","South East","21","East Sussex","21UF","Lewes",,,671,79,76,70,62,27.1,344,74,77,67,55,26.6,327,85,76,74,69,27.5
"J","South East","21","East Sussex","21UG","Rother",,,556,80,78,73,64,27.4,291,77,79,72,61,27.2,265,83,77,74,67,27.6
"J","South East","21","East Sussex","21UH","Wealden",,,1395,84,81,76,66,27.9,724,79,81,74,61,27.5,671,88,81,77,72,28.4
"J","South East","24","Hampshire","24UB","Basingstoke and Deane",,,1970,82,82,76,68,27.9,1055,78,82,73,63,27.5,915,87,82,78,74,28.4
"J","South East","24","Hampshire","24UC","East Hampshire",,,1049,83,82,76,67,27.8,534,76,81,71,59,27.4,515,90,83,82,77,28.2
"J","South East","24","Hampshire","24UD","Eastleigh",,,1231,83,82,77,68,27.9,617,81,84,77,65,27.8,614,85,80,77,72,28
"J","South East","24","Hampshire","24UE","Fareham",,,1226,85,84,79,71,28.2,630,81,84,77,65,27.8,596,90,84,82,78,28.6
"J","South East","24","Hampshire","24UF","Gosport",,,805,75,74,66,52,26.6,428,69,75,62,44,26.5,377,82,72,69,61,26.8
"J","South East","24","Hampshire","24UG","Hart",,,972,89,87,82,74,29,501,84,88,80,68,28.8,471,93,87,85,81,29.3
"J","South East","24","Hampshire","24UH","Havant",,,886,74,76,67,57,26.8,469,68,75,64,52,26.2,417,82,76,71,63,27.5
"J","South East","24","Hampshire","24UJ","New Forest",,,1037,82,83,77,66,28.1,538,79,84,75,61,27.9,499,86,83,78,72,28.4
"J","South East","24","Hampshire","24UL","Rushmoor",,,963,79,80,73,62,27.5,478,73,80,69,56,27.2,485,85,79,76,67,27.8
"J","South East","24","Hampshire","24UN","Test Valley",,,1193,82,82,76,68,27.9,597,76,80,71,60,27.3,596,88,84,81,75,28.5
"J","South East","24","Hampshire","24UP","Winchester",,,974,86,85,80,73,28.6,507,81,84,77,67,28.2,467,92,87,84,81,29.1
"J","South East","29","Kent","29UB","Ashford",,,1413,77,76,69,61,27.1,733,73,79,68,56,26.8,680,82,74,70,65,27.4
"J","South East","29","Kent","29UC","Canterbury",,,1399,77,74,67,59,27.1,736,71,73,64,51,26.6,663,84,74,71,67,27.6
"J","South East","29","Kent","29UD","Dartford",,,969,76,78,69,57,27,518,71,77,65,50,26.5,451,83,79,74,65,27.6
"J","South East","29","Kent","29UE","Dover",,,987,79,79,72,60,27.1,488,74,81,70,55,26.8,499,84,77,73,66,27.4
"J","South East","29","Kent","29UG","Gravesham",,,1127,79,76,71,62,27.2,555,75,78,69,59,26.9,572,82,75,73,66,27.4
"J","South East","29","Kent","29UH","Maidstone",,,1600,79,77,71,62,27.6,857,72,78,68,55,27,743,87,77,75,70,28.2
"J","South East","29","Kent","29UK","Sevenoaks",,,1184,86,83,79,71,28.3,606,82,83,77,66,28,578,89,84,81,76,28.7
"J","South East","29","Kent","29UL","Shepway",,,1175,77,76,68,58,27,586,72,78,67,53,26.8,589,82,75,70,63,27.2
"J","South East","29","Kent","29UM","Swale",,,1425,74,73,66,55,26.7,704,70,75,65,50,26.4,721,78,72,67,60,27
"J","South East","29","Kent","29UN","Thanet",,,1334,72,71,63,54,26.6,682,68,74,62,49,26.3,652,77,68,64,59,26.8
"J","South East","29","Kent","29UP","Tonbridge and Malling",,,1339,84,82,76,68,28.2,700,78,82,74,62,27.7,639,90,82,79,75,28.8
"J","South East","29","Kent","29UQ","Tunbridge Wells",,,955,81,78,73,63,27.6,479,76,78,70,57,27.3,476,85,78,75,69,28
"J","South East","38","Oxfordshire","38UB","Cherwell",,,1290,81,81,75,65,27.7,667,76,80,71,57,27.2,623,87,83,79,73,28.2
"J","South East","38","Oxfordshire","38UC","Oxford",,,815,75,75,68,60,27,421,70,76,65,54,26.7,394,80,74,71,66,27.4
"J","South East","38","Oxfordshire","38UD","South Oxfordshire",,,1070,82,83,77,69,28.1,541,78,83,74,64,27.8,529,87,84,79,74,28.4
"J","South East","38","Oxfordshire","38UE","Vale of White Horse",,,878,84,85,79,71,28.2,433,80,85,75,64,27.9,445,89,85,83,77,28.6
"J","South East","38","Oxfordshire","38UF","West Oxfordshire",,,923,83,82,77,69,27.9,475,79,84,76,65,27.6,448,87,81,78,72,28.1
"J","South East","43","Surrey","43UB","Elmbridge",,,917,86,85,80,74,28.7,487,82,85,78,69,28.3,430,91,83,82,79,29.1
"J","South East","43","Surrey","43UC","Epsom and Ewell",,,310,..,..,..,..,..,147,..,..,..,..,..,163,..,..,..,..,..
"J","South East","43","Surrey","43UD","Guildford",,,629,..,..,..,..,..,349,..,..,..,..,..,280,..,..,..,..,..
"J","South East","43","Surrey","43UE","Mole Valley",,,775,84,82,77,70,28.2,411,78,82,74,64,27.7,364,90,82,80,76,28.7
"J","South East","43","Surrey","43UF","Reigate and Banstead",,,1230,83,81,76,68,27.8,628,80,82,73,63,27.6,602,87,80,78,72,28
"J","South East","43","Surrey","43UG","Runnymede",,,378,84,84,78,70,28.1,189,77,84,74,65,27.6,189,90,84,81,76,28.6
"J","South East","43","Surrey","43UH","Spelthorne",,,1012,81,80,74,64,27.7,496,79,80,73,60,27.5,516,84,79,74,67,27.8
"J","South East","43","Surrey","43UJ","Surrey Heath",,,239,..,..,..,..,..,127,..,..,..,..,..,112,..,..,..,..,..
"J","South East","43","Surrey","43UK","Tandridge",,,796,82,78,74,61,27.5,412,80,78,72,55,27.3,384,85,78,76,68,27.8
"J","South East","43","Surrey","43UL","Waverley",,,881,87,85,82,72,28.6,437,82,84,80,66,28.1,444,92,87,85,79,29.1
"J","South East","43","Surrey","43UM","Woking",,,942,84,80,75,68,27.9,460,80,83,75,65,27.7,482,87,77,75,71,28.2
"J","South East","45","West Sussex","45UB","Adur",,,94,..,..,..,..,..,48,..,..,..,..,..,46,..,..,..,..,..
"J","South East","45","West Sussex","45UC","Arun",,,904,79,79,70,60,27.3,466,75,83,70,55,27.1,438,84,74,70,66,27.4
"J","South East","45","West Sussex","45UD","Chichester",,,846,80,78,72,63,27.4,430,78,78,70,59,27.2,416,82,77,74,67,27.6
"J","South East","45","West Sussex","45UE","Crawley",,,807,72,69,61,53,26,416,66,70,59,49,25.7,391,78,67,63,57,26.3
"J","South East","45","West Sussex","45UF","Horsham",,,810,88,83,79,71,28.4,395,83,83,77,64,28,415,92,83,81,77,28.8
"J","South East","45","West Sussex","45UG","Mid Sussex",,,759,83,82,78,67,27.9,414,81,83,77,64,27.6,345,86,81,79,71,28.2
"J","South East","45","West Sussex","45UH","Worthing",,,1021,81,79,72,64,27.5,519,74,77,68,58,26.8,502,88,80,77,71,28.1
"K","South West",,,"00HA","Bath and North East Somerset",,,947,85,85,80,70,28.3,508,82,85,78,65,28,439,89,85,81,75,28.6
"K","South West",,,"00HB","Bristol, City of",,,2943,79,80,72,64,27.5,1449,74,81,70,58,27.4,1494,83,78,74,69,27.7
"K","South West",,,"00HC","North Somerset",,,1947,80,79,73,65,27.5,971,75,80,70,58,27.2,976,85,79,76,71,27.8
"K","South West",,,"00HD","South Gloucestershire",,,1225,80,80,73,64,27.4,652,76,81,71,59,27.2,573,86,79,75,69,27.6
"K","South West",,,"00HE","Cornwall",,,2937,78,78,71,60,27.1,1520,73,79,68,54,26.7,1417,83,78,74,67,27.6
"K","South West",,,"00HF","Isles of Scilly",,,21,x,81,76,48,27.3,7,x,100,x,43,28.7,14,x,71,x,50,26.6
"K","South West",,,"00HG","Plymouth",,,1851,77,79,71,60,27.2,932,71,79,68,53,26.7,919,83,79,75,67,27.7
"K","South West",,,"00HH","Torbay",,,427,..,..,..,..,..,226,..,..,..,..,..,201,..,..,..,..,..
"K","South West",,,"00HN","Bournemouth",,,1490,81,77,71,64,27.5,770,76,78,70,60,27.2,720,85,76,73,69,27.7
"K","South West",,,"00HP","Poole",,,1265,81,80,73,63,27.7,619,74,79,70,54,27.1,646,87,81,77,71,28.2
"K","South West",,,"00HX","Swindon",,,2244,80,80,73,63,27.4,1092,74,80,70,58,27.1,1152,85,79,75,68,27.8
"K","South West",,,"00HY","Wiltshire",,,4724,82,80,75,66,27.7,2460,77,79,71,60,27.3,2264,88,81,78,72,28.1
"K","South West","18","Devon","18UB","East Devon",,,1199,85,88,81,68,28.4,626,82,88,79,63,28.2,573,90,87,83,74,28.7
"K","South West","18","Devon","18UC","Exeter",,,911,78,79,71,59,27.3,453,73,82,69,53,27,458,83,77,72,64,27.6
"K","South West","18","Devon","18UD","Mid Devon",,,765,82,82,75,65,27.7,378,77,82,72,60,27.3,387,88,82,78,70,28
"K","South West","18","Devon","18UE","North Devon",,,990,83,85,77,67,28.1,489,79,86,76,63,27.9,501,87,84,79,71,28.3
"K","South West","18","Devon","18UG","South Hams",,,899,83,82,75,65,27.8,458,80,83,75,61,27.7,441,85,80,76,69,27.9
"K","South West","18","Devon","18UH","Teignbridge",,,980,82,82,76,64,27.8,528,77,82,74,59,27.6,452,87,82,77,69,28.1
"K","South West","18","Devon","18UK","Torridge",,,632,78,77,70,60,27.4,317,74,77,67,54,27,315,83,77,73,67,27.8
"K","South West","18","Devon","18UL","West Devon",,,535,85,82,76,65,27.8,274,81,84,74,59,27.5,261,89,80,77,71,28.2
"K","South West","19","Dorset","19UC","Christchurch",,,428,85,83,78,71,28.2,236,82,84,77,69,27.8,192,89,82,79,74,28.6
"K","South West","19","Dorset","19UD","East Dorset",,,897,84,78,74,65,27.8,459,79,77,71,59,27.3,438,88,79,77,72,28.2
"K","South West","19","Dorset","19UE","North Dorset",,,533,85,80,75,68,27.7,278,82,81,74,64,27.3,255,88,79,77,72,28.1
"K","South West","19","Dorset","19UG","Purbeck",,,401,..,..,..,..,..,185,..,..,..,..,..,216,..,..,..,..,..
"K","South West","19","Dorset","19UH","West Dorset",,,891,82,82,75,69,28,462,77,82,72,63,27.6,429,88,82,79,76,28.5
"K","South West","19","Dorset","19UJ","Weymouth and Portland",,,232,..,..,..,..,..,112,..,..,..,..,..,120,..,..,..,..,..
"K","South West","23","Gloucestershire","23UB","Cheltenham",,,979,83,81,77,69,28,502,79,80,74,62,27.7,477,88,82,80,75,28.4
"K","South West","23","Gloucestershire","23UC","Cotswold",,,802,87,84,81,73,28.5,415,83,83,79,70,28.2,387,91,85,83,77,28.8
"K","South West","23","Gloucestershire","23UD","Forest of Dean",,,491,79,74,70,60,27.1,230,74,75,67,50,26.9,261,83,74,72,68,27.4
"K","South West","23","Gloucestershire","23UE","Gloucester",,,1266,84,82,77,65,27.7,657,80,83,76,62,27.6,609,88,80,78,68,27.8
"K","South West","23","Gloucestershire","23UF","Stroud",,,977,84,82,77,70,28,507,79,83,75,65,27.6,470,91,82,80,75,28.4
"K","South West","23","Gloucestershire","23UG","Tewkesbury",,,662,88,87,83,77,28.8,323,84,88,81,72,28.6,339,91,86,85,81,28.9
"K","South West","40","Somerset","40UB","Mendip",,,902,82,84,76,66,27.9,472,76,83,72,57,27.4,430,88,85,81,76,28.4
"K","South West","40","Somerset","40UC","Sedgemoor",,,1200,81,79,73,62,27.5,615,75,79,70,57,27.1,585,87,80,76,68,27.9
"K","South West","40","Somerset","40UD","South Somerset",,,1422,82,82,76,65,27.7,741,79,83,74,61,27.5,681,87,81,77,69,27.9
"K","South West","40","Somerset","40UE","Taunton Deane",,,1064,83,82,76,66,27.8,535,81,84,75,61,27.7,529,86,81,78,71,28.1
"K","South West","40","Somerset","40UF","West Somerset",,,150,..,..,..,..,..,83,..,..,..,..,..,67,..,..,..,..,..