DATASET_TITLE,"National Curriculum Assessments at Key Stage 2 by Gender in England (Referenced by Location of Educational Institution), 2010",,,,,,,,,,FROM,Sep-2009,Sep-2009,Sep-2009,Sep-2009,Sep-2009,Sep-2009,Sep-2009,Sep-2009,Sep-2009,Sep-2009,Sep-2009,Sep-2009,Sep-2009,Sep-2009,Sep-2009,Sep-2009,Sep-2009,Sep-2009
AREA_TYPE,Region,,,,,,,,,,TO,Aug-2010,Aug-2010,Aug-2010,Aug-2010,Aug-2010,Aug-2010,Aug-2010,Aug-2010,Aug-2010,Aug-2010,Aug-2010,Aug-2010,Aug-2010,Aug-2010,Aug-2010,Aug-2010,Aug-2010,Aug-2010
GEO_HIERARCHY,NeSS Geography Hierarchy,,,,,,,,,,HEADING,Pupils Eligible for KS2 Assessment,Pupils Achieving Level 4+; in English,Pupils Achieving Level 4+; in Mathematics,Pupils Achieving Level 4+; in both English and Mathematics,"Pupils Achieving Level 4+; in Reading, Writing and Mathematics",Average Point Score of Pupils Eligible for KS2 Assessment,Boy Pupils Eligible for KS2 Assessment,Boy Pupils Achieving Level 4+; in English,Boy Pupils Achieving Level 4+; in Mathematics,Boy Pupils Achieving  Level 4+; in both English and Mathematics,"Boy Pupils Achieving Level 4+; in Reading, Writing and Mathematics",Average Point Score of Boy Pupils Eligible for KS2 Assessment,Girl Pupils Eligible for KS2 Assessment,Girl Pupils Achieving Level 4+; in English,Girl Pupils Achieving Level 4+; in Mathematics,Girl Pupils Achieving Level 4+; in both English and Mathematics,"Girl Pupils Achieving Level 4+; in Reading, Writing and Mathematics",Average Point Score of Girl Pupils Eligible for KS2 Assessment
,,,,,,,,,,,MEASUREMENT_UNIT,Count,Percentage,Percentage,Percentage,Percentage,Score,Count,Percentage,Percentage,Percentage,Percentage,Score,Count,Percentage,Percentage,Percentage,Percentage,Score
,,,,,,,,,,,STATISTICAL_UNIT,Persons,Persons,Persons,Persons,Persons,Persons,Persons,Persons,Persons,Persons,Persons,Persons,Persons,Persons,Persons,Persons,Persons,Persons
UK_CODE,UK_NAME,GB_CODE,GB_NAME,EW_CODE,EW_NAME,CTRY_CODE,CTRY_NAME,GOR_CODE,GOR_NAME,AREA_METADATA,,DATA_VALUE,DATA_VALUE,DATA_VALUE,DATA_VALUE,DATA_VALUE,DATA_VALUE,DATA_VALUE,DATA_VALUE,DATA_VALUE,DATA_VALUE,DATA_VALUE,DATA_VALUE,DATA_VALUE,DATA_VALUE,DATA_VALUE,DATA_VALUE,DATA_VALUE,DATA_VALUE
"213","United Kingdom","078","Great Britain","727","England and Wales","064","England",,,,,415900,80,79,73,64,27.4,213350,75,79,70,59,27.1,202550,84,79,76,70,27.8
"213","United Kingdom","078","Great Britain","727","England and Wales","064","England","A","North East",,,16061,81,81,75,65,27.5,8269,76,80,72,60,27.2,7792,86,81,78,71,27.9
"213","United Kingdom","078","Great Britain","727","England and Wales","064","England","B","North West",,,52738,82,83,76,67,27.8,26794,78,83,74,62,27.5,25944,86,82,79,73,28.1
"213","United Kingdom","078","Great Britain","727","England and Wales","064","England","D","Yorkshire and The Humber",,,35184,79,79,72,63,27.3,18033,74,80,69,57,27,17151,84,79,75,69,27.6
"213","United Kingdom","078","Great Britain","727","England and Wales","064","England","E","East Midlands",,,38486,80,80,74,64,27.5,19623,75,81,71,58,27.2,18863,85,80,76,70,27.9
"213","United Kingdom","078","Great Britain","727","England and Wales","064","England","F","West Midlands",,,43269,80,79,72,63,27.4,22270,75,79,70,57,27,20999,85,79,75,70,27.8
"213","United Kingdom","078","Great Britain","727","England and Wales","064","England","G","East of England",,,54104,79,79,72,63,27.4,27808,74,79,70,57,27.1,26296,84,78,75,68,27.7
"213","United Kingdom","078","Great Britain","727","England and Wales","064","England","H","London",,,55433,82,82,76,68,27.8,28172,78,82,74,63,27.5,27261,87,82,78,73,28.1
"213","United Kingdom","078","Great Britain","727","England and Wales","064","England","J","South East",,,72126,81,79,73,65,27.6,37006,76,80,71,59,27.3,35120,86,79,76,70,28
"213","United Kingdom","078","Great Britain","727","England and Wales","064","England","K","South West",,,42229,81,80,74,65,27.6,21541,77,81,72,59,27.3,20688,86,80,77,70,28