DATASET_TITLE,Dependent Children (UV06),,,,,,,,,,FROM,Apr-2001,Apr-2001,Apr-2001,Apr-2001,Apr-2001,Apr-2001,Apr-2001,Apr-2001,Apr-2001
AREA_TYPE,Region,,,,,,,,,,TO,Apr-2001,Apr-2001,Apr-2001,Apr-2001,Apr-2001,Apr-2001,Apr-2001,Apr-2001,Apr-2001
GEO_HIERARCHY,NeSS Geography Hierarchy,,,,,,,,,,HEADING,All Families in Households,No Dependent Children,One Dependent Child: Aged 0 to 4 years,One Dependent Child: Aged 5 to 11 years,One Dependent Child: Aged 12 to 18 years,Two or more Dependent Children: Aged 0 to 4 years,Two or more Dependent Children: Aged 5 to 11 years,Two or more Dependent Children: Aged 12 to 18 years,Total Dependent Children
,,,,,,,,,,,MEASUREMENT_UNIT,Count,Count,Count,Count,Count,Count,Count,Count,Count
,,,,,,,,,,,STATISTICAL_UNIT,Families,Families,Families,Families,Families,Families,Families,Families,Persons
UK_CODE,UK_NAME,GB_CODE,GB_NAME,EW_CODE,EW_NAME,CTRY_CODE,CTRY_NAME,GOR_CODE,GOR_NAME,AREA_METADATA,,DATA_VALUE,DATA_VALUE,DATA_VALUE,DATA_VALUE,DATA_VALUE,DATA_VALUE,DATA_VALUE,DATA_VALUE,DATA_VALUE
"213","United Kingdom","078","Great Britain","727","England and Wales","064","England","A","North East",,,721870,404672,47180,40435,59539,66100,76574,27370,555664
"213","United Kingdom","078","Great Britain","727","England and Wales","064","England","B","North West",,,1898993,1043792,124593,99458,151414,192538,212111,75087,1554641
"213","United Kingdom","078","Great Britain","727","England and Wales","064","England","D","Yorkshire and The Humber",,,1420770,803356,91073,70043,105040,140907,154907,55444,1125697
"213","United Kingdom","078","Great Britain","727","England and Wales","064","England","E","East Midlands",,,1213756,701133,73869,55412,87570,116260,132003,47509,929586
"213","United Kingdom","078","Great Britain","727","England and Wales","064","England","F","West Midlands",,,1505159,843531,97751,73190,112920,155026,164290,58451,1218723
"213","United Kingdom","078","Great Britain","727","England and Wales","064","England","G","East of England",,,1565144,912047,95708,61933,105964,157070,170112,62310,1202488
"213","United Kingdom","078","Great Britain","727","England and Wales","064","England","H","London",,,1815534,946731,147079,96474,136916,224279,195567,68488,1618983
"213","United Kingdom","078","Great Britain","727","England and Wales","064","England","J","South East",,,2279275,1321434,141540,92183,154199,229827,248174,91918,1762412
"213","United Kingdom","078","Great Britain","727","England and Wales","064","England","K","South West",,,1425614,857397,81055,57121,95666,131599,147158,55618,1038508