DATASET_TITLE,Dependent Children (UV06),,,,FROM,Apr-2001,Apr-2001,Apr-2001,Apr-2001,Apr-2001,Apr-2001,Apr-2001,Apr-2001,Apr-2001
AREA_TYPE,England Scotland Wales,,,,TO,Apr-2001,Apr-2001,Apr-2001,Apr-2001,Apr-2001,Apr-2001,Apr-2001,Apr-2001,Apr-2001
GEO_HIERARCHY,NeSS Geography Hierarchy,,,,HEADING,All Families in Households,No Dependent Children,One Dependent Child: Aged 0 to 4 years,One Dependent Child: Aged 5 to 11 years,One Dependent Child: Aged 12 to 18 years,Two or more Dependent Children: Aged 0 to 4 years,Two or more Dependent Children: Aged 5 to 11 years,Two or more Dependent Children: Aged 12 to 18 years,Total Dependent Children
,,,,,MEASUREMENT_UNIT,Count,Count,Count,Count,Count,Count,Count,Count,Count
,,,,,STATISTICAL_UNIT,Families,Families,Families,Families,Families,Families,Families,Families,Persons
UK_CODE,UK_NAME,GB_CODE,GB_NAME,AREA_METADATA,,DATA_VALUE,DATA_VALUE,DATA_VALUE,DATA_VALUE,DATA_VALUE,DATA_VALUE,DATA_VALUE,DATA_VALUE,DATA_VALUE
"213","United Kingdom","078","Great Britain",,,,,,,,,,,