DATASET_TITLE,"Life Expectancy at Birth, 2002-2004",,,,,,FROM,Jan-2002,Jan-2002,Jan-2002,Jan-2002,Jan-2002,Jan-2002
AREA_TYPE,Local Authority,,,,,,TO,Dec-2004,Dec-2004,Dec-2004,Dec-2004,Dec-2004,Dec-2004
GEO_HIERARCHY,NeSS Geography Hierarchy,,,,,,HEADING,Life Expectancy at Birth; Males,Life Expectancy at Birth; Males; 95% Confidence Interval (Lower Limit),Life Expectancy at Birth; Males; 95% Confidence Interval (Upper Limit),Life Expectancy at Birth; Females,Life Expectancy at Birth; Females; 95% Confidence Interval (Lower Limit),Life Expectancy at Birth; Females; 95% Confidence Interval (Upper Limit)
,,,,,,,MEASUREMENT_UNIT,Years,Years,Years,Years,Years,Years
,,,,,,,STATISTICAL_UNIT,Persons,Persons,Persons,Persons,Persons,Persons
GOR_CODE,GOR_NAME,CTY_CODE,CTY_NAME,LA_CODE,LA_NAME,AREA_METADATA,,DATA_VALUE,DATA_VALUE,DATA_VALUE,DATA_VALUE,DATA_VALUE,DATA_VALUE
"A","North East",,,"00CH","Gateshead",,,74.5,74,75,79.4,79,79.9
"A","North East",,,"00CJ","Newcastle upon Tyne",,,74.4,73.9,74.8,79.8,79.4,80.2
"A","North East",,,"00CK","North Tyneside",,,75,74.5,75.5,79.9,79.5,80.3
"A","North East",,,"00CL","South Tyneside",,,74.6,74.1,75.2,79.4,78.9,79.9
"A","North East",,,"00CM","Sunderland",,,74.6,74.2,75,79,78.6,79.4
"A","North East",,,"00EB","Hartlepool",,,73.4,72.6,74.1,78.2,77.6,78.9
"A","North East",,,"00EC","Middlesbrough",,,74,73.4,74.6,78,77.4,78.6
"A","North East",,,"00EE","Redcar and Cleveland",,,74.9,74.3,75.5,80.1,79.5,80.6
"A","North East",,,"00EF","Stockton-on-Tees",,,75.5,75,76,79.9,79.5,80.4
"A","North East",,,"00EH","Darlington",,,74.7,74,75.4,79.9,79.2,80.5
"A","North East",,,"00EJ","Durham",,,75.2,74.9,75.5,79.3,79.1,79.6
"A","North East",,,"00EM","Northumberland",,,76,75.7,76.4,80.8,80.5,81.1
"B","North West",,,"00BL","Bolton",,,74.4,74,74.9,79,78.6,79.4
"B","North West",,,"00BM","Bury",,,75.4,74.9,75.9,80,79.5,80.4
"B","North West",,,"00BN","Manchester",,,72.3,71.9,72.6,77.9,77.5,78.2
"B","North West",,,"00BP","Oldham",,,73.8,73.3,74.3,78.8,78.4,79.2
"B","North West",,,"00BQ","Rochdale",,,74,73.5,74.5,78.9,78.5,79.4
"B","North West",,,"00BR","Salford",,,73.4,73,73.9,78.3,77.9,78.7
"B","North West",,,"00BS","Stockport",,,76.5,76.1,76.9,81.3,80.9,81.7
"B","North West",,,"00BT","Tameside",,,74.1,73.6,74.6,79.4,79,79.8
"B","North West",,,"00BU","Trafford",,,77.3,76.8,77.7,80.8,80.3,81.2
"B","North West",,,"00BW","Wigan",,,74.7,74.3,75,79.2,78.8,79.5
"B","North West",,,"00BX","Knowsley",,,73.6,73.1,74.2,78.2,77.7,78.7
"B","North West",,,"00BY","Liverpool",,,73.1,72.8,73.4,77.9,77.6,78.2
"B","North West",,,"00BZ","St. Helens",,,75.1,74.6,75.6,79.5,79,80
"B","North West",,,"00CA","Sefton",,,75.6,75.1,76,80.1,79.8,80.5
"B","North West",,,"00CB","Wirral",,,75.4,75,75.8,80.2,79.8,80.5
"B","North West",,,"00EQ","Cheshire East",,,77.3,76.9,77.6,81.2,80.9,81.5
"B","North West",,,"00ET","Halton",,,74.1,73.4,74.7,78.1,77.5,78.7
"B","North West",,,"00EU","Warrington",,,75.8,75.3,76.3,80.5,80,80.9
"B","North West",,,"00EW","Cheshire West and Chester",,,76.6,76.2,76.9,81,80.7,81.4
"B","North West",,,"00EX","Blackburn with Darwen",,,73.9,73.3,74.5,78.2,77.6,78.8
"B","North West",,,"00EY","Blackpool",,,72.8,72.2,73.5,78.4,77.8,78.9
"B","North West","16","Cumbria","16UB","Allerdale",,,76.5,75.8,77.2,80.2,79.6,80.8
"B","North West","16","Cumbria","16UC","Barrow-in-Furness",,,74,73.2,74.9,80.2,79.4,81
"B","North West","16","Cumbria","16UD","Carlisle",,,75.7,75,76.4,80.8,80.2,81.3
"B","North West","16","Cumbria","16UE","Copeland",,,75.8,75,76.6,79.5,78.7,80.3
"B","North West","16","Cumbria","16UF","Eden",,,78.4,77.6,79.2,81.5,80.7,82.4
"B","North West","16","Cumbria","16UG","South Lakeland",,,78.1,77.5,78.8,82.1,81.4,82.7
"B","North West","30","Lancashire","30UD","Burnley",,,74.1,73.4,74.8,78.2,77.4,78.9
"B","North West","30","Lancashire","30UE","Chorley",,,76.1,75.5,76.7,80,79.4,80.6
"B","North West","30","Lancashire","30UF","Fylde",,,77.1,76.3,77.9,80.7,80,81.5
"B","North West","30","Lancashire","30UG","Hyndburn",,,74.9,74.1,75.7,79.3,78.6,80.1
"B","North West","30","Lancashire","30UH","Lancaster",,,75.7,75.1,76.3,80.3,79.8,80.9
"B","North West","30","Lancashire","30UJ","Pendle",,,75.3,74.6,76.1,80,79.2,80.7
"B","North West","30","Lancashire","30UK","Preston",,,74.7,74.1,75.3,78.9,78.3,79.4
"B","North West","30","Lancashire","30UL","Ribble Valley",,,76.4,75.4,77.4,81.6,80.7,82.5
"B","North West","30","Lancashire","30UM","Rossendale",,,74.6,73.7,75.4,79.5,78.7,80.2
"B","North West","30","Lancashire","30UN","South Ribble",,,77.2,76.5,77.8,81.1,80.5,81.7
"B","North West","30","Lancashire","30UP","West Lancashire",,,75.7,75.1,76.4,79.7,79.2,80.3
"B","North West","30","Lancashire","30UQ","Wyre",,,75.9,75.2,76.6,81.2,80.7,81.8
"D","Yorkshire and The Humber",,,"00CC","Barnsley",,,75,74.5,75.4,79.5,79,79.9
"D","Yorkshire and The Humber",,,"00CE","Doncaster",,,75.1,74.7,75.5,79.8,79.4,80.2
"D","Yorkshire and The Humber",,,"00CF","Rotherham",,,75,74.6,75.5,79.5,79.1,79.9
"D","Yorkshire and The Humber",,,"00CG","Sheffield",,,76.1,75.8,76.4,80.5,80.2,80.8
"D","Yorkshire and The Humber",,,"00CX","Bradford",,,74.9,74.6,75.2,79.5,79.1,79.8
"D","Yorkshire and The Humber",,,"00CY","Calderdale",,,75.3,74.8,75.8,80.7,80.3,81.2
"D","Yorkshire and The Humber",,,"00CZ","Kirklees",,,75.3,75,75.7,79.5,79.2,79.9
"D","Yorkshire and The Humber",,,"00DA","Leeds",,,75.8,75.6,76.1,81,80.7,81.2
"D","Yorkshire and The Humber",,,"00DB","Wakefield",,,75.4,75.1,75.8,79.8,79.5,80.2
"D","Yorkshire and The Humber",,,"00FA","Kingston upon Hull, City of",,,74.3,73.9,74.7,79.1,78.7,79.5
"D","Yorkshire and The Humber",,,"00FB","East Riding of Yorkshire",,,77.4,77,77.8,81.1,80.8,81.5
"D","Yorkshire and The Humber",,,"00FC","North East Lincolnshire",,,75,74.4,75.6,80.5,80,81
"D","Yorkshire and The Humber",,,"00FD","North Lincolnshire",,,75.9,75.3,76.5,81.1,80.6,81.6
"D","Yorkshire and The Humber",,,"00FF","York",,,77.3,76.8,77.8,82.1,81.6,82.5
"D","Yorkshire and The Humber","36","North Yorkshire","36UB","Craven",,,78.7,77.8,79.7,82.9,82.1,83.7
"D","Yorkshire and The Humber","36","North Yorkshire","36UC","Hambleton",,,78.4,77.7,79.2,82.1,81.4,82.8
"D","Yorkshire and The Humber","36","North Yorkshire","36UD","Harrogate",,,77.7,77.2,78.3,82,81.5,82.5
"D","Yorkshire and The Humber","36","North Yorkshire","36UE","Richmondshire",,,77.7,76.8,78.6,82.4,81.5,83.3
"D","Yorkshire and The Humber","36","North Yorkshire","36UF","Ryedale",,,77.8,76.8,78.9,82,81.1,82.9
"D","Yorkshire and The Humber","36","North Yorkshire","36UG","Scarborough",,,75.9,75.2,76.6,80.9,80.2,81.5
"D","Yorkshire and The Humber","36","North Yorkshire","36UH","Selby",,,77.1,76.4,77.9,81.6,80.9,82.2
"E","East Midlands",,,"00FK","Derby",,,76.1,75.7,76.6,80.7,80.2,81.1
"E","East Midlands",,,"00FN","Leicester",,,74.5,74,74.9,79,78.6,79.4
"E","East Midlands",,,"00FP","Rutland",,,79.5,78.4,80.6,84,83.2,84.9
"E","East Midlands",,,"00FY","Nottingham",,,73.3,72.8,73.7,79,78.5,79.4
"E","East Midlands","17","Derbyshire","17UB","Amber Valley",,,76.8,76.2,77.4,80.4,79.8,81
"E","East Midlands","17","Derbyshire","17UC","Bolsover",,,74.6,73.8,75.4,78.9,78.1,79.7
"E","East Midlands","17","Derbyshire","17UD","Chesterfield",,,75.5,74.9,76.2,80.5,80,81.1
"E","East Midlands","17","Derbyshire","17UF","Derbyshire Dales",,,77.7,76.8,78.5,82,81.2,82.7
"E","East Midlands","17","Derbyshire","17UG","Erewash",,,76.6,75.9,77.2,80.5,79.9,81.1
"E","East Midlands","17","Derbyshire","17UH","High Peak",,,77.3,76.5,78.1,80.2,79.4,80.9
"E","East Midlands","17","Derbyshire","17UJ","North East Derbyshire",,,76.8,76.1,77.5,80.4,79.8,81
"E","East Midlands","17","Derbyshire","17UK","South Derbyshire",,,76.9,76.2,77.6,80.6,79.9,81.2
"E","East Midlands","31","Leicestershire","31UB","Blaby",,,78.5,77.8,79.2,83,82.4,83.6
"E","East Midlands","31","Leicestershire","31UC","Charnwood",,,77.3,76.8,77.9,81.6,81.2,82.1
"E","East Midlands","31","Leicestershire","31UD","Harborough",,,78.8,78,79.5,82,81.4,82.6
"E","East Midlands","31","Leicestershire","31UE","Hinckley and Bosworth",,,78.1,77.4,78.7,81.4,80.8,82.1
"E","East Midlands","31","Leicestershire","31UG","Melton",,,78,77,78.9,82.4,81.5,83.3
"E","East Midlands","31","Leicestershire","31UH","North West Leicestershire",,,77,76.3,77.7,80.6,80,81.3
"E","East Midlands","31","Leicestershire","31UJ","Oadby and Wigston",,,78.2,77.3,79.1,81.3,80.4,82.2
"E","East Midlands","32","Lincolnshire","32UB","Boston",,,75.4,74.4,76.5,80.2,79.3,81.2
"E","East Midlands","32","Lincolnshire","32UC","East Lindsey",,,76.5,75.9,77.1,80.7,80.1,81.3
"E","East Midlands","32","Lincolnshire","32UD","Lincoln",,,75.7,75,76.5,79,78.1,79.8
"E","East Midlands","32","Lincolnshire","32UE","North Kesteven",,,77.1,76.4,77.9,81,80.4,81.7
"E","East Midlands","32","Lincolnshire","32UF","South Holland",,,76.7,75.9,77.5,80.9,80.2,81.6
"E","East Midlands","32","Lincolnshire","32UG","South Kesteven",,,77.8,77.2,78.5,82.2,81.6,82.7
"E","East Midlands","32","Lincolnshire","32UH","West Lindsey",,,76.2,75.4,77.1,81.2,80.5,81.8
"E","East Midlands","34","Northamptonshire","34UB","Corby",,,74.3,73.3,75.3,79.2,78.3,80.1
"E","East Midlands","34","Northamptonshire","34UC","Daventry",,,77.6,76.8,78.3,81.3,80.5,82.1
"E","East Midlands","34","Northamptonshire","34UD","East Northamptonshire",,,77.4,76.6,78.2,81.3,80.6,81.9
"E","East Midlands","34","Northamptonshire","34UE","Kettering",,,76.6,75.9,77.3,80.8,80.2,81.5
"E","East Midlands","34","Northamptonshire","34UF","Northampton",,,76.1,75.6,76.6,80.5,80.1,81
"E","East Midlands","34","Northamptonshire","34UG","South Northamptonshire",,,78.4,77.6,79.2,82,81.3,82.7
"E","East Midlands","34","Northamptonshire","34UH","Wellingborough",,,75.7,74.8,76.6,81.3,80.6,82.1
"E","East Midlands","37","Nottinghamshire","37UB","Ashfield",,,74.8,74.2,75.5,79.3,78.7,79.9
"E","East Midlands","37","Nottinghamshire","37UC","Bassetlaw",,,75.8,75.2,76.5,79.9,79.3,80.5
"E","East Midlands","37","Nottinghamshire","37UD","Broxtowe",,,77.4,76.8,78,81.8,81.2,82.4
"E","East Midlands","37","Nottinghamshire","37UE","Gedling",,,77.8,77.2,78.5,81.2,80.6,81.7
"E","East Midlands","37","Nottinghamshire","37UF","Mansfield",,,75.5,74.8,76.1,79.8,79.1,80.5
"E","East Midlands","37","Nottinghamshire","37UG","Newark and Sherwood",,,76.6,76,77.3,81,80.4,81.6
"E","East Midlands","37","Nottinghamshire","37UJ","Rushcliffe",,,78.8,78.2,79.4,82,81.5,82.6
"F","West Midlands",,,"00CN","Birmingham",,,74.3,74.1,74.5,79.9,79.6,80.1
"F","West Midlands",,,"00CQ","Coventry",,,75.5,75.1,75.9,80.3,80,80.7
"F","West Midlands",,,"00CR","Dudley",,,76,75.6,76.4,80.5,80.2,80.9
"F","West Midlands",,,"00CS","Sandwell",,,74.1,73.7,74.5,79.2,78.8,79.6
"F","West Midlands",,,"00CT","Solihull",,,78.2,77.7,78.7,82.1,81.7,82.5
"F","West Midlands",,,"00CU","Walsall",,,75.6,75.2,76.1,80.4,80,80.8
"F","West Midlands",,,"00CW","Wolverhampton",,,74.5,74.1,75,80,79.6,80.4
"F","West Midlands",,,"00GA","Herefordshire, County of",,,77.4,76.9,78,82.5,82.1,83
"F","West Midlands",,,"00GF","Telford and Wrekin",,,76.4,75.9,76.9,80.2,79.7,80.7
"F","West Midlands",,,"00GG","Shropshire",,,77.1,76.7,77.5,81.3,81,81.7
"F","West Midlands",,,"00GL","Stoke-on-Trent",,,73.2,72.7,73.6,78.7,78.3,79.1
"F","West Midlands","41","Staffordshire","41UB","Cannock Chase",,,75.5,74.9,76.2,80.3,79.6,81
"F","West Midlands","41","Staffordshire","41UC","East Staffordshire",,,76,75.3,76.6,80.6,80,81.2
"F","West Midlands","41","Staffordshire","41UD","Lichfield",,,76.3,75.6,77,80,79.3,80.6
"F","West Midlands","41","Staffordshire","41UE","Newcastle-under-Lyme",,,76,75.3,76.6,81.1,80.6,81.7
"F","West Midlands","41","Staffordshire","41UF","South Staffordshire",,,77.4,76.8,78.1,81.1,80.5,81.6
"F","West Midlands","41","Staffordshire","41UG","Stafford",,,76.9,76.2,77.5,81.9,81.4,82.5
"F","West Midlands","41","Staffordshire","41UH","Staffordshire Moorlands",,,76.8,76.2,77.5,81,80.4,81.6
"F","West Midlands","41","Staffordshire","41UK","Tamworth",,,76.3,75.5,77.1,80.3,79.5,81
"F","West Midlands","44","Warwickshire","44UB","North Warwickshire",,,76.3,75.4,77.2,80.3,79.5,81.1
"F","West Midlands","44","Warwickshire","44UC","Nuneaton and Bedworth",,,76.1,75.5,76.7,79.8,79.2,80.4
"F","West Midlands","44","Warwickshire","44UD","Rugby",,,77.1,76.4,77.8,80.2,79.6,80.9
"F","West Midlands","44","Warwickshire","44UE","Stratford-on-Avon",,,77.8,77.1,78.5,82.2,81.7,82.8
"F","West Midlands","44","Warwickshire","44UF","Warwick",,,77.7,77.1,78.3,82.5,82,83.1
"F","West Midlands","47","Worcestershire","47UB","Bromsgrove",,,77.7,77,78.4,81,80.4,81.7
"F","West Midlands","47","Worcestershire","47UC","Malvern Hills",,,77.7,76.8,78.5,81.3,80.6,82.1
"F","West Midlands","47","Worcestershire","47UD","Redditch",,,77,76.2,77.8,81.1,80.4,81.8
"F","West Midlands","47","Worcestershire","47UE","Worcester",,,76.8,76.1,77.6,80.8,80.1,81.5
"F","West Midlands","47","Worcestershire","47UF","Wychavon",,,78.8,78.2,79.4,82.6,82,83.1
"F","West Midlands","47","Worcestershire","47UG","Wyre Forest",,,76.3,75.6,77,81.3,80.6,81.9
"G","East of England",,,"00JA","Peterborough",,,75.8,75.3,76.4,80.3,79.8,80.8
"G","East of England",,,"00KA","Luton",,,75.4,74.9,75.9,79.6,79.1,80.1
"G","East of England",,,"00KB","Bedford",,,76.9,76.3,77.5,81.3,80.8,81.9
"G","East of England",,,"00KC","Central Bedfordshire",,,77.5,77.1,78,81.7,81.3,82.1
"G","East of England",,,"00KF","Southend-on-Sea",,,76.3,75.7,76.8,80.5,80,81
"G","East of England",,,"00KG","Thurrock",,,76.3,75.7,76.8,80.8,80.2,81.3
"G","East of England","12","Cambridgeshire","12UB","Cambridge",,,77.3,76.5,78,81.7,81,82.3
"G","East of England","12","Cambridgeshire","12UC","East Cambridgeshire",,,77.7,76.9,78.5,82.3,81.6,83
"G","East of England","12","Cambridgeshire","12UD","Fenland",,,76.2,75.4,76.9,81,80.4,81.6
"G","East of England","12","Cambridgeshire","12UE","Huntingdonshire",,,77.9,77.3,78.4,81.8,81.2,82.3
"G","East of England","12","Cambridgeshire","12UG","South Cambridgeshire",,,79.1,78.5,79.7,83.4,82.8,83.9
"G","East of England","22","Essex","22UB","Basildon",,,76.8,76.3,77.3,80.4,79.9,80.9
"G","East of England","22","Essex","22UC","Braintree",,,77.2,76.6,77.7,81.6,81.1,82.1
"G","East of England","22","Essex","22UD","Brentwood",,,79.5,78.7,80.2,81.9,81.2,82.7
"G","East of England","22","Essex","22UE","Castle Point",,,77.8,77.1,78.5,81.1,80.5,81.8
"G","East of England","22","Essex","22UF","Chelmsford",,,78.7,78.2,79.3,82.8,82.3,83.3
"G","East of England","22","Essex","22UG","Colchester",,,77.8,77.3,78.4,82.2,81.7,82.7
"G","East of England","22","Essex","22UH","Epping Forest",,,77.9,77.3,78.5,81.3,80.8,81.8
"G","East of England","22","Essex","22UJ","Harlow",,,76.3,75.5,77.1,83,82.2,83.7
"G","East of England","22","Essex","22UK","Maldon",,,77.4,76.5,78.3,81.7,80.9,82.4
"G","East of England","22","Essex","22UL","Rochford",,,79,78.3,79.7,82.7,82.1,83.3
"G","East of England","22","Essex","22UN","Tendring",,,76.5,75.9,77.1,81.2,80.7,81.8
"G","East of England","22","Essex","22UQ","Uttlesford",,,79.9,79.2,80.6,81.9,81.2,82.7
"G","East of England","26","Hertfordshire","26UB","Broxbourne",,,77.5,76.8,78.2,82,81.3,82.6
"G","East of England","26","Hertfordshire","26UC","Dacorum",,,78.7,78.2,79.2,81.7,81.2,82.3
"G","East of England","26","Hertfordshire","26UD","East Hertfordshire",,,78.7,78.2,79.3,82.2,81.7,82.7
"G","East of England","26","Hertfordshire","26UE","Hertsmere",,,77.2,76.5,77.9,81.4,80.8,82
"G","East of England","26","Hertfordshire","26UF","North Hertfordshire",,,77.8,77.2,78.4,81.4,80.8,81.9
"G","East of England","26","Hertfordshire","26UG","St Albans",,,78.1,77.4,78.7,82,81.5,82.5
"G","East of England","26","Hertfordshire","26UH","Stevenage",,,76.6,75.9,77.4,80.6,79.8,81.3
"G","East of England","26","Hertfordshire","26UJ","Three Rivers",,,78.3,77.6,79,82.5,81.8,83.1
"G","East of England","26","Hertfordshire","26UK","Watford",,,76.7,75.9,77.4,80.8,80.1,81.5
"G","East of England","26","Hertfordshire","26UL","Welwyn Hatfield",,,77.9,77.2,78.6,82.1,81.5,82.8
"G","East of England","33","Norfolk","33UB","Breckland",,,77.5,76.9,78.1,81.3,80.7,81.8
"G","East of England","33","Norfolk","33UC","Broadland",,,78.6,78,79.2,81.7,81.1,82.2
"G","East of England","33","Norfolk","33UD","Great Yarmouth",,,76.3,75.6,77,81.1,80.5,81.8
"G","East of England","33","Norfolk","33UE","King's Lynn and West Norfolk",,,77.2,76.6,77.8,81.7,81.2,82.2
"G","East of England","33","Norfolk","33UF","North Norfolk",,,78.5,77.9,79.2,82.1,81.5,82.8
"G","East of England","33","Norfolk","33UG","Norwich",,,76.8,76.2,77.5,82,81.4,82.6
"G","East of England","33","Norfolk","33UH","South Norfolk",,,79.7,79.1,80.3,82.5,81.9,83.1
"G","East of England","42","Suffolk","42UB","Babergh",,,78.6,77.9,79.3,82.5,81.8,83.1
"G","East of England","42","Suffolk","42UC","Forest Heath",,,77.5,76.6,78.3,80.8,79.9,81.7
"G","East of England","42","Suffolk","42UD","Ipswich",,,76.4,75.8,77.1,81.6,81.1,82.2
"G","East of England","42","Suffolk","42UE","Mid Suffolk",,,78.8,78.2,79.5,82.5,81.9,83.1
"G","East of England","42","Suffolk","42UF","St Edmundsbury",,,77.4,76.7,78.2,81.9,81.3,82.5
"G","East of England","42","Suffolk","42UG","Suffolk Coastal",,,78.9,78.3,79.5,82.5,81.9,83
"G","East of England","42","Suffolk","42UH","Waveney",,,77.5,76.9,78.1,81.6,81,82.2
"H","London",,,"00AA","City of London",,,..,..,..,..,..,..
"H","London",,,"00AB","Barking and Dagenham",,,74.9,74.3,75.4,79.2,78.7,79.7
"H","London",,,"00AC","Barnet",,,78.3,77.9,78.7,82.6,82.3,83
"H","London",,,"00AD","Bexley",,,77.6,77.2,78.1,81.5,81.1,81.9
"H","London",,,"00AE","Brent",,,76.5,76,77,82.3,81.9,82.7
"H","London",,,"00AF","Bromley",,,78.2,77.8,78.6,82.3,82,82.7
"H","London",,,"00AG","Camden",,,75.4,74.8,75.9,81.1,80.6,81.6
"H","London",,,"00AH","Croydon",,,77,76.6,77.4,80.7,80.4,81.1
"H","London",,,"00AJ","Ealing",,,76.4,76,76.9,81.3,80.9,81.7
"H","London",,,"00AK","Enfield",,,76.9,76.5,77.3,81.1,80.7,81.5
"H","London",,,"00AL","Greenwich",,,74.5,74,75,80.2,79.7,80.6
"H","London",,,"00AM","Hackney",,,74.6,74,75.1,80.8,80.3,81.4
"H","London",,,"00AN","Hammersmith and Fulham",,,76.1,75.5,76.6,81.9,81.3,82.5
"H","London",,,"00AP","Haringey",,,74.7,74.2,75.2,80.2,79.7,80.7
"H","London",,,"00AQ","Harrow",,,78.5,78,79,82.9,82.5,83.4
"H","London",,,"00AR","Havering",,,77.1,76.6,77.5,81.1,80.7,81.5
"H","London",,,"00AS","Hillingdon",,,76.7,76.3,77.2,81.4,81,81.8
"H","London",,,"00AT","Hounslow",,,75.7,75.2,76.2,79.9,79.5,80.4
"H","London",,,"00AU","Islington",,,73.9,73.3,74.5,79.4,78.8,79.9
"H","London",,,"00AW","Kensington and Chelsea",,,80.5,79.9,81.1,85.8,85.3,86.4
"H","London",,,"00AX","Kingston upon Thames",,,78.3,77.8,78.9,81.6,81,82.1
"H","London",,,"00AY","Lambeth",,,74.1,73.6,74.6,80,79.5,80.5
"H","London",,,"00AZ","Lewisham",,,75.1,74.7,75.6,79.5,79.1,80
"H","London",,,"00BA","Merton",,,77.7,77.1,78.2,82.2,81.8,82.7
"H","London",,,"00BB","Newham",,,74.3,73.8,74.8,78.8,78.3,79.3
"H","London",,,"00BC","Redbridge",,,77.3,76.9,77.8,81.2,80.8,81.7
"H","London",,,"00BD","Richmond upon Thames",,,78.7,78.2,79.2,82.4,82,82.9
"H","London",,,"00BE","Southwark",,,74.9,74.4,75.3,80.4,79.9,80.9
"H","London",,,"00BF","Sutton",,,78.1,77.6,78.6,81.2,80.7,81.7
"H","London",,,"00BG","Tower Hamlets",,,73.8,73.2,74.3,79.2,78.7,79.8
"H","London",,,"00BH","Waltham Forest",,,74.9,74.4,75.4,79.9,79.4,80.3
"H","London",,,"00BJ","Wandsworth",,,76.2,75.7,76.6,80.5,80,80.9
"H","London",,,"00BK","Westminster",,,78,77.5,78.5,83,82.5,83.5
"J","South East",,,"00LC","Medway",,,75.8,75.4,76.3,80.2,79.8,80.6
"J","South East",,,"00MA","Bracknell Forest",,,78,77.3,78.7,81.8,81.2,82.4
"J","South East",,,"00MB","West Berkshire",,,78.2,77.7,78.8,82.1,81.6,82.6
"J","South East",,,"00MC","Reading",,,75.9,75.2,76.5,81.1,80.5,81.7
"J","South East",,,"00MD","Slough",,,76.2,75.5,76.9,80.5,79.8,81.1
"J","South East",,,"00ME","Windsor and Maidenhead",,,77.9,77.4,78.5,82.2,81.7,82.7
"J","South East",,,"00MF","Wokingham",,,79.6,79,80.1,82.7,82.2,83.2
"J","South East",,,"00MG","Milton Keynes",,,76.2,75.7,76.7,80.2,79.8,80.7
"J","South East",,,"00ML","Brighton and Hove",,,75.6,75.1,76,81.1,80.7,81.6
"J","South East",,,"00MR","Portsmouth",,,75.4,74.9,76,80.4,79.9,80.9
"J","South East",,,"00MS","Southampton",,,76.2,75.7,76.7,80.9,80.5,81.4
"J","South East",,,"00MW","Isle of Wight",,,77.3,76.7,77.9,81.8,81.3,82.3
"J","South East","11","Buckinghamshire","11UB","Aylesbury Vale",,,78.1,77.5,78.6,81.5,81,82
"J","South East","11","Buckinghamshire","11UC","Chiltern",,,79,78.3,79.7,82.9,82.3,83.5
"J","South East","11","Buckinghamshire","11UE","South Bucks",,,79.2,78.5,80,81.9,81.2,82.7
"J","South East","11","Buckinghamshire","11UF","Wycombe",,,78.8,78.3,79.3,82.2,81.7,82.7
"J","South East","21","East Sussex","21UC","Eastbourne",,,76.5,75.8,77.3,81.9,81.3,82.5
"J","South East","21","East Sussex","21UD","Hastings",,,75.3,74.5,76.1,79.7,79,80.5
"J","South East","21","East Sussex","21UF","Lewes",,,78.4,77.7,79.2,83,82.4,83.7
"J","South East","21","East Sussex","21UG","Rother",,,77.6,76.8,78.4,81.3,80.6,82
"J","South East","21","East Sussex","21UH","Wealden",,,78.9,78.3,79.5,82.8,82.3,83.4
"J","South East","24","Hampshire","24UB","Basingstoke and Deane",,,77.4,76.9,77.9,81.8,81.3,82.3
"J","South East","24","Hampshire","24UC","East Hampshire",,,78.5,77.9,79.1,81.8,81.2,82.4
"J","South East","24","Hampshire","24UD","Eastleigh",,,78,77.4,78.6,81.5,80.9,82
"J","South East","24","Hampshire","24UE","Fareham",,,79,78.4,79.7,82.8,82.3,83.4
"J","South East","24","Hampshire","24UF","Gosport",,,76.9,76.1,77.7,80.8,80,81.5
"J","South East","24","Hampshire","24UG","Hart",,,80.1,79.4,80.8,83.2,82.6,83.8
"J","South East","24","Hampshire","24UH","Havant",,,77.4,76.8,78.1,81.7,81.2,82.3
"J","South East","24","Hampshire","24UJ","New Forest",,,79.3,78.7,79.8,83.4,82.9,83.8
"J","South East","24","Hampshire","24UL","Rushmoor",,,77.2,76.5,78,80.3,79.6,81
"J","South East","24","Hampshire","24UN","Test Valley",,,78.4,77.7,79,82.1,81.6,82.7
"J","South East","24","Hampshire","24UP","Winchester",,,79.3,78.7,79.9,82.3,81.7,82.8
"J","South East","29","Kent","29UB","Ashford",,,78.7,78,79.3,81.6,81,82.2
"J","South East","29","Kent","29UC","Canterbury",,,76.7,76.1,77.3,81.6,81.1,82.1
"J","South East","29","Kent","29UD","Dartford",,,77,76.4,77.7,80.3,79.6,80.9
"J","South East","29","Kent","29UE","Dover",,,76.6,75.9,77.2,81.3,80.7,81.9
"J","South East","29","Kent","29UG","Gravesham",,,76.8,76.1,77.5,81.1,80.4,81.7
"J","South East","29","Kent","29UH","Maidstone",,,77.4,76.9,78,81.7,81.2,82.2
"J","South East","29","Kent","29UK","Sevenoaks",,,79,78.4,79.6,83.1,82.6,83.7
"J","South East","29","Kent","29UL","Shepway",,,76.2,75.5,76.9,81.1,80.5,81.8
"J","South East","29","Kent","29UM","Swale",,,75.9,75.3,76.5,80.4,79.8,81
"J","South East","29","Kent","29UN","Thanet",,,75.1,74.5,75.8,80.2,79.6,80.7
"J","South East","29","Kent","29UP","Tonbridge and Malling",,,78.1,77.5,78.7,82.5,81.9,83.1
"J","South East","29","Kent","29UQ","Tunbridge Wells",,,77.8,77.2,78.5,81.2,80.6,81.8
"J","South East","38","Oxfordshire","38UB","Cherwell",,,77.9,77.3,78.4,82.1,81.5,82.6
"J","South East","38","Oxfordshire","38UC","Oxford",,,76.6,76,77.3,81.6,81,82.2
"J","South East","38","Oxfordshire","38UD","South Oxfordshire",,,78.7,78.1,79.3,82.4,81.8,82.9
"J","South East","38","Oxfordshire","38UE","Vale of White Horse",,,78.5,77.8,79.1,82.4,81.8,83
"J","South East","38","Oxfordshire","38UF","West Oxfordshire",,,79.1,78.4,79.7,81.9,81.3,82.5
"J","South East","43","Surrey","43UB","Elmbridge",,,79.1,78.5,79.6,83.3,82.8,83.8
"J","South East","43","Surrey","43UC","Epsom and Ewell",,,78.9,78.2,79.7,84.3,83.6,84.9
"J","South East","43","Surrey","43UD","Guildford",,,79.1,78.5,79.6,83.9,83.3,84.5
"J","South East","43","Surrey","43UE","Mole Valley",,,78.8,78.1,79.5,83.1,82.5,83.8
"J","South East","43","Surrey","43UF","Reigate and Banstead",,,77.9,77.3,78.5,81.5,80.9,82
"J","South East","43","Surrey","43UG","Runnymede",,,78.2,77.5,79,82.4,81.7,83.1
"J","South East","43","Surrey","43UH","Spelthorne",,,78.5,77.9,79.2,81.9,81.2,82.6
"J","South East","43","Surrey","43UJ","Surrey Heath",,,78.2,77.5,78.9,81.9,81.2,82.5
"J","South East","43","Surrey","43UK","Tandridge",,,78.9,78.1,79.7,82.6,81.9,83.2
"J","South East","43","Surrey","43UL","Waverley",,,78.4,77.7,79,82.6,82,83.1
"J","South East","43","Surrey","43UM","Woking",,,78.2,77.5,78.9,82.3,81.6,83
"J","South East","45","West Sussex","45UB","Adur",,,77.1,76.2,78,82,81.2,82.8
"J","South East","45","West Sussex","45UC","Arun",,,77.7,77.1,78.3,82,81.5,82.5
"J","South East","45","West Sussex","45UD","Chichester",,,78.2,77.5,78.9,82.5,82,83.1
"J","South East","45","West Sussex","45UE","Crawley",,,79.1,78.4,79.9,81.4,80.7,82
"J","South East","45","West Sussex","45UF","Horsham",,,79.2,78.7,79.8,83,82.4,83.5
"J","South East","45","West Sussex","45UG","Mid Sussex",,,78,77.4,78.6,81.8,81.2,82.3
"J","South East","45","West Sussex","45UH","Worthing",,,76.5,75.8,77.2,81.3,80.7,81.9
"K","South West",,,"00HA","Bath and North East Somerset",,,78.4,77.8,78.9,82.8,82.3,83.2
"K","South West",,,"00HB","Bristol, City of",,,75.8,75.5,76.2,80.6,80.3,81
"K","South West",,,"00HC","North Somerset",,,77.8,77.3,78.3,82,81.6,82.5
"K","South West",,,"00HD","South Gloucestershire",,,79.1,78.7,79.5,82.3,81.9,82.7
"K","South West",,,"00HE","Cornwall",,,77.5,77.2,77.8,81.5,81.3,81.8
"K","South West",,,"00HF","Isles of Scilly",,,..,..,..,..,..,..
"K","South West",,,"00HG","Plymouth",,,75.8,75.4,76.3,80.6,80.2,81
"K","South West",,,"00HH","Torbay",,,76.4,75.8,77,81.7,81.1,82.2
"K","South West",,,"00HN","Bournemouth",,,76.5,76,77.1,81.9,81.4,82.4
"K","South West",,,"00HP","Poole",,,78,77.4,78.6,82.2,81.7,82.7
"K","South West",,,"00HX","Swindon",,,77.1,76.6,77.6,80.3,79.9,80.8
"K","South West",,,"00HY","Wiltshire",,,78.4,78,78.7,82.1,81.8,82.4
"K","South West","18","Devon","18UB","East Devon",,,79.3,78.7,79.9,82.8,82.3,83.3
"K","South West","18","Devon","18UC","Exeter",,,76.7,76.1,77.4,82.2,81.6,82.8
"K","South West","18","Devon","18UD","Mid Devon",,,78.4,77.6,79.2,82.7,82,83.4
"K","South West","18","Devon","18UE","North Devon",,,76.9,76.2,77.6,82.1,81.5,82.8
"K","South West","18","Devon","18UG","South Hams",,,78.5,77.7,79.3,83,82.4,83.6
"K","South West","18","Devon","18UH","Teignbridge",,,78.7,78.1,79.3,82.7,82.2,83.3
"K","South West","18","Devon","18UK","Torridge",,,76.9,76.1,77.8,81.9,81.2,82.7
"K","South West","18","Devon","18UL","West Devon",,,78.3,77.4,79.3,82.6,81.6,83.7
"K","South West","19","Dorset","19UC","Christchurch",,,78.6,77.6,79.7,83.3,82.3,84.2
"K","South West","19","Dorset","19UD","East Dorset",,,80.8,80,81.5,83.9,83.3,84.5
"K","South West","19","Dorset","19UE","North Dorset",,,79.2,78.3,80.1,82.9,82.1,83.7
"K","South West","19","Dorset","19UG","Purbeck",,,79.3,78.4,80.3,82.9,81.9,83.8
"K","South West","19","Dorset","19UH","West Dorset",,,78.5,77.7,79.2,82.1,81.4,82.8
"K","South West","19","Dorset","19UJ","Weymouth and Portland",,,76.4,75.5,77.3,81.7,80.9,82.4
"K","South West","23","Gloucestershire","23UB","Cheltenham",,,78.5,77.8,79.1,81.9,81.2,82.5
"K","South West","23","Gloucestershire","23UC","Cotswold",,,78.7,78,79.5,83.3,82.7,83.9
"K","South West","23","Gloucestershire","23UD","Forest of Dean",,,76.6,75.9,77.3,81.3,80.6,82
"K","South West","23","Gloucestershire","23UE","Gloucester",,,75.8,75.1,76.4,80.8,80.1,81.4
"K","South West","23","Gloucestershire","23UF","Stroud",,,78.3,77.6,78.9,81.9,81.4,82.5
"K","South West","23","Gloucestershire","23UG","Tewkesbury",,,78.2,77.4,79,82.3,81.7,83
"K","South West","40","Somerset","40UB","Mendip",,,77.3,76.6,78,81.8,81.2,82.4
"K","South West","40","Somerset","40UC","Sedgemoor",,,77.6,77,78.3,82.2,81.6,82.8
"K","South West","40","Somerset","40UD","South Somerset",,,78.4,77.9,78.9,82.2,81.7,82.7
"K","South West","40","Somerset","40UE","Taunton Deane",,,77.5,76.8,78.2,82.5,81.9,83.1
"K","South West","40","Somerset","40UF","West Somerset",,,78.7,77.4,79.9,82.2,81,83.4
,,,,"00NA","Isle of Anglesey",,,76.7,75.8,77.6,81.1,80.4,81.9
,,,,"00NC","Gwynedd",,,76.8,76.2,77.4,80.7,80.1,81.3
,,,,"00NE","Conwy",,,75.8,75,76.5,80.8,80.2,81.4
,,,,"00NG","Denbighshire",,,76.5,75.8,77.2,80.4,79.7,81.1
,,,,"00NJ","Flintshire",,,76.1,75.5,76.7,80.9,80.4,81.4
,,,,"00NL","Wrexham",,,75.8,75.2,76.4,80,79.4,80.5
,,,,"00NN","Powys",,,77.4,76.8,78,81,80.4,81.6
,,,,"00NQ","Ceredigion",,,77.6,76.8,78.5,81.6,80.8,82.4
,,,,"00NS","Pembrokeshire",,,75.9,75.3,76.6,80.5,79.8,81.1
,,,,"00NU","Carmarthenshire",,,75.4,74.9,75.9,80.2,79.7,80.6
,,,,"00NX","Swansea",,,75.7,75.3,76.2,80.5,80.1,80.9
,,,,"00NZ","Neath Port Talbot",,,74.5,73.9,75.1,80.1,79.6,80.7
,,,,"00PB","Bridgend",,,75.5,74.9,76.1,79.6,79.1,80.1
,,,,"00PD","The Vale of Glamorgan",,,76,75.3,76.7,80.9,80.4,81.5
,,,,"00PF","Rhondda, Cynon, Taff",,,74.9,74.4,75.3,79.3,78.8,79.7
,,,,"00PH","Merthyr Tydfil",,,73.8,72.9,74.8,78.2,77.4,79
,,,,"00PK","Caerphilly",,,74.8,74.3,75.3,79.4,78.9,79.9
,,,,"00PL","Blaenau Gwent",,,73.8,73,74.7,78.4,77.7,79.1
,,,,"00PM","Torfaen",,,76,75.2,76.7,80.6,80,81.2
,,,,"00PP","Monmouthshire",,,78,77.3,78.7,81.3,80.6,82
,,,,"00PR","Newport",,,75.2,74.6,75.8,80.6,80.1,81.2
,,,,"00PT","Cardiff",,,75.8,75.4,76.2,80.4,80.1,80.8