DATASET_TITLE,"Benefits Data: Working Age Client Group, February 2009",,,,,,,,FROM,Feb-2009,Feb-2009,Feb-2009,Feb-2009,Feb-2009,Feb-2009,Feb-2009,Feb-2009,Feb-2009,Feb-2009,Feb-2009,Feb-2009,Feb-2009,Feb-2009,Feb-2009,Feb-2009,Feb-2009,Feb-2009,Feb-2009,Feb-2009,Feb-2009,Feb-2009,Feb-2009,Feb-2009,Feb-2009,Feb-2009,Feb-2009
AREA_TYPE,Former Local Authority,,,,,,,,TO,Feb-2009,Feb-2009,Feb-2009,Feb-2009,Feb-2009,Feb-2009,Feb-2009,Feb-2009,Feb-2009,Feb-2009,Feb-2009,Feb-2009,Feb-2009,Feb-2009,Feb-2009,Feb-2009,Feb-2009,Feb-2009,Feb-2009,Feb-2009,Feb-2009,Feb-2009,Feb-2009,Feb-2009,Feb-2009,Feb-2009,Feb-2009
GEO_HIERARCHY,NeSS Geography Hierarchy,,,,,,,,HEADING,Total,Job Seekers,Job Seekers,Employment and Support Allowance and Incapacity Benefits,Employment and Support Allowance and Incapacity Benefits,Lone Parent,Lone Parent,Carer,Carer,Others on Income Related Benefits,Others on Income Related Benefits,Disabled,Disabled,Bereaved,Bereaved,Unknown,Unknown,Male,Male,Female,Female,Aged 16-24,Aged 16-24,Aged 25-49,Aged 25-49,Aged 50 and Over,Aged 50 and Over
,,,,,,,,,MEASUREMENT_UNIT,Count,Count,Percentage,Count,Percentage,Count,Percentage,Count,Percentage,Count,Percentage,Count,Percentage,Count,Percentage,Count,Percentage,Count,Percentage,Count,Percentage,Count,Percentage,Count,Percentage,Count,Percentage
,,,,,,,,,STATISTICAL_UNIT,Persons,Persons,Persons,Persons,Persons,Persons,Persons,Persons,Persons,Persons,Persons,Persons,Persons,Persons,Persons,Persons,Persons,Persons,Persons,Persons,Persons,Persons,Persons,Persons,Persons,Persons,Persons
GOR_CODE,GOR_NAME,CTY_CODE,CTY_NAME,LA_CODE,LA_NAME,FLA_CODE,FLA_NAME,AREA_METADATA,,DATA_VALUE,DATA_VALUE,DATA_VALUE,DATA_VALUE,DATA_VALUE,DATA_VALUE,DATA_VALUE,DATA_VALUE,DATA_VALUE,DATA_VALUE,DATA_VALUE,DATA_VALUE,DATA_VALUE,DATA_VALUE,DATA_VALUE,DATA_VALUE,DATA_VALUE,DATA_VALUE,DATA_VALUE,DATA_VALUE,DATA_VALUE,DATA_VALUE,DATA_VALUE,DATA_VALUE,DATA_VALUE,DATA_VALUE,DATA_VALUE
"A","North East",,,"00EJ","Durham","20UB","Chester-le-Street",,,5710,1300,23,2880,50,500,9,410,7,190,3,340,6,90,2,0,0,3170,56,2530,44,870,15,2660,47,2170,38
"A","North East",,,"00EJ","Durham","20UD","Derwentside",,,11450,2560,22,5750,50,1160,10,840,7,350,3,660,6,140,1,0,0,6420,56,5040,44,1910,17,5360,47,4180,37
"A","North East",,,"00EJ","Durham","20UE","Durham",,,8110,1740,21,4260,53,690,9,560,7,230,3,500,6,130,2,0,0,4580,56,3540,44,1200,15,3820,47,3100,38
"A","North East",,,"00EJ","Durham","20UF","Easington",,,16410,3070,19,9430,57,1430,9,1120,7,390,2,800,5,170,1,0,0,9150,56,7260,44,2540,15,7860,48,6010,37
"A","North East",,,"00EJ","Durham","20UG","Sedgefield",,,12500,2950,24,6340,51,1180,9,910,7,330,3,650,5,140,1,0,0,6880,55,5630,45,1920,15,5890,47,4690,38
"A","North East",,,"00EJ","Durham","20UH","Teesdale",,,2010,420,21,1040,52,140,7,190,9,50,2,150,7,40,2,0,0,1130,56,890,44,260,13,870,43,890,44
"A","North East",,,"00EJ","Durham","20UJ","Wear Valley",,,9500,2330,25,4570,48,1010,11,740,8,290,3,480,5,90,1,0,0,5270,55,4230,45,1600,17,4520,48,3390,36
"A","North East",,,"00EM","Northumberland","35UB","Alnwick",,,2420,610,25,1010,42,220,9,250,10,100,4,180,7,60,2,0,0,1300,54,1120,46,390,16,1050,43,980,40
"A","North East",,,"00EM","Northumberland","35UC","Berwick-upon-Tweed",,,2230,500,22,990,44,200,9,230,10,90,4,160,7,60,3,0,0,1160,52,1060,48,330,15,1000,45,890,40
"A","North East",,,"00EM","Northumberland","35UD","Blyth Valley",,,9760,2520,26,4440,45,970,10,780,8,320,3,570,6,160,2,0,0,5370,55,4380,45,1570,16,4690,48,3500,36
"A","North East",,,"00EM","Northumberland","35UE","Castle Morpeth",,,3720,830,22,1790,48,290,8,330,9,120,3,270,7,90,2,0,0,2100,56,1610,43,550,15,1740,47,1430,38
"A","North East",,,"00EM","Northumberland","35UF","Tynedale",,,3730,830,22,1810,49,310,8,270,7,140,4,270,7,100,3,0,0,2080,56,1650,44,550,15,1690,45,1490,40
"A","North East",,,"00EM","Northumberland","35UG","Wansbeck",,,8540,2340,27,3840,45,980,11,550,6,310,4,430,5,100,1,0,0,4840,57,3700,43,1540,18,4110,48,2890,34
"B","North West",,,"00EQ","Cheshire East","13UC","Congleton",,,6120,1560,25,2790,46,490,8,470,8,160,3,490,8,170,3,0,0,3280,54,2840,46,830,14,2940,48,2360,39
"B","North West",,,"00EQ","Cheshire East","13UD","Crewe and Nantwich",,,9540,2510,26,4060,43,1200,13,740,8,270,3,570,6,200,2,0,0,4960,52,4580,48,1680,18,4730,50,3130,33
"B","North West",,,"00EQ","Cheshire East","13UG","Macclesfield",,,9240,2290,25,4340,47,800,9,600,6,220,2,760,8,230,2,0,0,4990,54,4250,46,1280,14,4820,52,3150,34
"B","North West",,,"00EW","Cheshire West and Chester","13UB","Chester",,,9700,2160,22,4610,48,940,10,750,8,280,3,790,8,170,2,0,0,5300,55,4400,45,1380,14,4990,51,3330,34
"B","North West",,,"00EW","Cheshire West and Chester","13UE","Ellesmere Port & Neston",,,8190,2010,25,3590,44,930,11,690,8,190,2,630,8,150,2,0,0,4320,53,3870,47,1300,16,4270,52,2610,32
"B","North West",,,"00EW","Cheshire West and Chester","13UH","Vale Royal",,,10750,2740,25,4750,44,1190,11,840,8,240,2,760,7,230,2,0,0,5670,53,5080,47,1760,16,5190,48,3800,35
"F","West Midlands",,,"00GG","Shropshire","39UB","Bridgnorth",,,3340,850,25,1470,44,230,7,300,9,120,4,270,8,90,3,0,0,1810,54,1530,46,460,14,1520,46,1360,41
"F","West Midlands",,,"00GG","Shropshire","39UC","North Shropshire",,,4410,1030,23,2060,47,390,9,380,9,130,3,330,7,100,2,0,0,2330,53,2080,47,650,15,2070,47,1680,38
"F","West Midlands",,,"00GG","Shropshire","39UD","Oswestry",,,3400,890,26,1540,45,290,9,240,7,110,3,250,7,70,2,0,0,1850,54,1550,46,560,16,1630,48,1210,36
"F","West Midlands",,,"00GG","Shropshire","39UE","Shrewsbury and Atcham",,,7310,1690,23,3330,46,740,10,560,8,190,3,630,9,170,2,0,0,3990,55,3320,45,1200,16,3630,50,2480,34
"F","West Midlands",,,"00GG","Shropshire","39UF","South Shropshire",,,2690,530,20,1300,48,240,9,260,10,110,4,180,7,70,3,0,0,1410,52,1280,48,350,13,1210,45,1130,42
"G","East of England",,,"00KC","Central Bedfordshire","09UC","Mid Bedfordshire",,,6920,2080,30,2670,39,720,10,550,8,180,3,560,8,170,2,0,0,3550,51,3380,49,1050,15,3500,51,2370,34
"G","East of England",,,"00KC","Central Bedfordshire","09UE","South Bedfordshire",,,8660,2430,28,3200,37,1390,16,570,7,230,3,620,7,220,3,0,0,4310,50,4350,50,1540,18,4610,53,2510,29
"K","South West",,,"00HE","Cornwall","15UB","Caradon",,,6660,1250,19,3240,49,570,9,630,9,210,3,620,9,140,2,0,0,3470,52,3180,48,950,14,3140,47,2570,39
"K","South West",,,"00HE","Cornwall","15UC","Carrick",,,7300,1570,22,3500,48,690,9,590,8,260,4,540,7,150,2,0,0,3870,53,3430,47,1070,15,3600,49,2630,36
"K","South West",,,"00HE","Cornwall","15UD","Kerrier",,,9790,1710,17,5020,51,940,10,880,9,340,3,740,8,160,2,0,0,5260,54,4530,46,1480,15,4670,48,3640,37
"K","South West",,,"00HE","Cornwall","15UE","North Cornwall",,,7110,1390,20,3440,48,700,10,650,9,240,3,540,8,140,2,0,0,3720,52,3390,48,960,14,3460,49,2690,38
"K","South West",,,"00HE","Cornwall","15UF","Penwith",,,7070,1430,20,3480,49,670,9,560,8,330,5,490,7,110,2,0,0,3860,55,3210,45,980,14,3390,48,2700,38
"K","South West",,,"00HE","Cornwall","15UG","Restormel",,,10100,2330,23,4720,47,960,10,850,8,350,3,730,7,150,1,0,0,5490,54,4610,46,1630,16,4990,49,3480,34
"K","South West",,,"00HY","Wiltshire","46UB","Kennet",,,4300,990,23,1890,44,500,12,310,7,140,3,350,8,120,3,0,0,2190,51,2110,49,630,15,2260,53,1410,33
"K","South West",,,"00HY","Wiltshire","46UC","North Wiltshire",,,7840,1980,25,3220,41,860,11,680,9,250,3,670,9,180,2,0,0,3920,50,3920,50,1260,16,4110,52,2480,32
"K","South West",,,"00HY","Wiltshire","46UD","Salisbury",,,6430,1370,21,3060,48,670,10,440,7,190,3,530,8,180,3,0,0,3240,50,3190,50,960,15,3320,52,2140,33
"K","South West",,,"00HY","Wiltshire","46UF","West Wiltshire",,,8790,2140,24,3750,43,1110,13,630,7,290,3,660,8,200,2,0,0,4460,51,4320,49,1430,16,4640,53,2720,31