DATASET_TITLE,"Dwelling Stock by Council Tax Band, 2010",,,,,,FROM,Mar-2010,Mar-2010,Mar-2010,Mar-2010,Mar-2010,Mar-2010,Mar-2010,Mar-2010,Mar-2010,Mar-2010,Mar-2010,Mar-2010,Mar-2010,Mar-2010,Mar-2010,Mar-2010,Mar-2010,Mar-2010,Mar-2010,Mar-2010,Mar-2010
AREA_TYPE,Local Authority,,,,,,TO,Mar-2010,Mar-2010,Mar-2010,Mar-2010,Mar-2010,Mar-2010,Mar-2010,Mar-2010,Mar-2010,Mar-2010,Mar-2010,Mar-2010,Mar-2010,Mar-2010,Mar-2010,Mar-2010,Mar-2010,Mar-2010,Mar-2010,Mar-2010,Mar-2010
GEO_HIERARCHY,NeSS Geography Hierarchy,,,,,,HEADING,Dwelling Stock by Council Tax Band; Total,Dwelling Stock by Council Tax Band; Band A,Dwelling Stock by Council Tax Band; Band A,Dwelling Stock by Council Tax Band; Band B,Dwelling Stock by Council Tax Band; Band B,Dwelling Stock by Council Tax Band; Band C,Dwelling Stock by Council Tax Band; Band C,Dwelling Stock by Council Tax Band; Band D,Dwelling Stock by Council Tax Band; Band D,Dwelling Stock by Council Tax Band; Band E,Dwelling Stock by Council Tax Band; Band E,Dwelling Stock by Council Tax Band; Band F,Dwelling Stock by Council Tax Band; Band F,Dwelling Stock by Council Tax Band; Band G,Dwelling Stock by Council Tax Band; Band G,Dwelling Stock by Council Tax Band; Band H,Dwelling Stock by Council Tax Band; Band H,Dwelling Stock by Council Tax Band; Band I,Dwelling Stock by Council Tax Band; Band I,Dwelling Stock by Council Tax Band; Band X; Unallocated,Dwelling Stock by Council Tax Band; Band X; Unallocated
,,,,,,,MEASUREMENT_UNIT,Count,Count,Percentage,Count,Percentage,Count,Percentage,Count,Percentage,Count,Percentage,Count,Percentage,Count,Percentage,Count,Percentage,Count,Percentage,Count,Percentage
,,,,,,,STATISTICAL_UNIT,Dwellings,Dwellings,Dwellings,Dwellings,Dwellings,Dwellings,Dwellings,Dwellings,Dwellings,Dwellings,Dwellings,Dwellings,Dwellings,Dwellings,Dwellings,Dwellings,Dwellings,Dwellings,Dwellings,Dwellings,Dwellings
GOR_CODE,GOR_NAME,CTY_CODE,CTY_NAME,LA_CODE,LA_NAME,AREA_METADATA,,DATA_VALUE,DATA_VALUE,DATA_VALUE,DATA_VALUE,DATA_VALUE,DATA_VALUE,DATA_VALUE,DATA_VALUE,DATA_VALUE,DATA_VALUE,DATA_VALUE,DATA_VALUE,DATA_VALUE,DATA_VALUE,DATA_VALUE,DATA_VALUE,DATA_VALUE,DATA_VALUE,DATA_VALUE,DATA_VALUE,DATA_VALUE
"E","East Midlands",,,"00FK","Derby",,,105704,54957,51.99,19939,18.86,15726,14.88,8138,7.7,4119,3.9,2169,2.05,619,.59,37,.04,0,0,0,0
"E","East Midlands",,,"00FN","Leicester",,,126158,75502,59.85,24260,19.23,14963,11.86,6430,5.1,3005,2.38,1359,1.08,585,.46,54,.04,0,0,0,0
"E","East Midlands",,,"00FP","Rutland",,,15888,1546,9.73,4190,26.37,2824,17.77,2283,14.37,2184,13.75,1516,9.54,1203,7.57,142,.89,0,0,0,0
"E","East Midlands",,,"00FY","Nottingham",,,131416,85120,64.77,21090,16.05,14827,11.28,6306,4.8,2287,1.74,988,.75,691,.53,107,.08,0,0,0,0
"E","East Midlands","17","Derbyshire","17UB","Amber Valley",,,54360,21496,39.54,11373,20.92,9843,18.11,5845,10.75,2874,5.29,1486,2.73,1329,2.44,114,.21,0,0,0,0
"E","East Midlands","17","Derbyshire","17UC","Bolsover",,,34057,21364,62.73,5291,15.54,3825,11.23,2140,6.28,1003,2.95,293,.86,123,.36,18,.05,0,0,0,0
"E","East Midlands","17","Derbyshire","17UD","Chesterfield",,,48341,26349,54.51,9870,20.42,6030,12.47,3591,7.43,1764,3.65,501,1.04,215,.44,21,.04,0,0,0,0
"E","East Midlands","17","Derbyshire","17UF","Derbyshire Dales",,,32584,3415,10.48,6804,20.88,7152,21.95,5438,16.69,4696,14.41,2879,8.84,2071,6.36,129,.4,0,0,0,0
"E","East Midlands","17","Derbyshire","17UG","Erewash",,,49834,20842,41.82,13247,26.58,7474,15,4925,9.88,2070,4.15,767,1.54,472,.95,37,.07,0,0,0,0
"E","East Midlands","17","Derbyshire","17UH","High Peak",,,40417,8271,20.46,12532,31.01,8565,21.19,4591,11.36,3567,8.83,2020,5,825,2.04,46,.11,0,0,0,0
"E","East Midlands","17","Derbyshire","17UJ","North East Derbyshire",,,43938,18477,42.05,8541,19.44,7278,16.56,4597,10.46,2783,6.33,1378,3.14,817,1.86,67,.15,0,0,0,0
"E","East Midlands","17","Derbyshire","17UK","South Derbyshire",,,39124,10906,27.88,9086,23.22,6708,17.15,6186,15.81,3465,8.86,1802,4.61,892,2.28,79,.2,0,0,0,0
"E","East Midlands","31","Leicestershire","31UB","Blaby",,,38900,4526,11.63,13930,35.81,9097,23.39,5994,15.41,3660,9.41,1179,3.03,483,1.24,31,.08,0,0,0,0
"E","East Midlands","31","Leicestershire","31UC","Charnwood",,,68251,11928,17.48,19353,28.36,17108,25.07,9272,13.59,5817,8.52,2796,4.1,1789,2.62,188,.28,0,0,0,0
"E","East Midlands","31","Leicestershire","31UD","Harborough",,,35531,4148,11.67,7594,21.37,7200,20.26,5523,15.54,5385,15.16,3146,8.85,2312,6.51,223,.63,0,0,0,0
"E","East Midlands","31","Leicestershire","31UE","Hinckley and Bosworth",,,46175,8039,17.41,14479,31.36,10333,22.38,6680,14.47,3718,8.05,1905,4.13,952,2.06,69,.15,0,0,0,0
"E","East Midlands","31","Leicestershire","31UG","Melton",,,21849,3452,15.8,6772,30.99,3709,16.98,3338,15.28,2267,10.38,1307,5.98,914,4.18,90,.41,0,0,0,0
"E","East Midlands","31","Leicestershire","31UH","North West Leicestershire",,,39895,9726,24.38,12438,31.18,6723,16.85,5469,13.71,3325,8.33,1316,3.3,851,2.13,47,.12,0,0,0,0
"E","East Midlands","31","Leicestershire","31UJ","Oadby and Wigston",,,22583,3770,16.69,5792,25.65,7129,31.57,3014,13.35,1816,8.04,532,2.36,452,2,78,.35,0,0,0,0
"E","East Midlands","32","Lincolnshire","32UB","Boston",,,28095,13714,48.81,5638,20.07,5820,20.72,1883,6.7,749,2.67,199,.71,79,.28,13,.05,0,0,0,0
"E","East Midlands","32","Lincolnshire","32UC","East Lindsey",,,65556,25741,39.27,13382,20.41,15727,23.99,6007,9.16,3068,4.68,1067,1.63,510,.78,54,.08,0,0,0,0
"E","East Midlands","32","Lincolnshire","32UD","Lincoln",,,42298,25449,60.17,8245,19.49,4551,10.76,2364,5.59,1164,2.75,350,.83,123,.29,52,.12,0,0,0,0
"E","East Midlands","32","Lincolnshire","32UE","North Kesteven",,,46937,12476,26.58,11771,25.08,12116,25.81,5801,12.36,2932,6.25,1365,2.91,417,.89,59,.13,0,0,0,0
"E","East Midlands","32","Lincolnshire","32UF","South Holland",,,38173,14523,38.05,8118,21.27,9444,24.74,3940,10.32,1689,4.42,351,.92,95,.25,13,.03,0,0,0,0
"E","East Midlands","32","Lincolnshire","32UG","South Kesteven",,,58973,17853,30.27,13305,22.56,10467,17.75,8513,14.44,5138,8.71,2581,4.38,1024,1.74,92,.16,0,0,0,0
"E","East Midlands","32","Lincolnshire","32UH","West Lindsey",,,40336,15059,37.33,7558,18.74,7197,17.84,5391,13.37,3231,8.01,1345,3.33,498,1.23,57,.14,0,0,0,0
"E","East Midlands","34","Northamptonshire","34UB","Corby",,,25702,13653,53.12,5480,21.32,2875,11.19,2272,8.84,1013,3.94,248,.96,142,.55,19,.07,0,0,0,0
"E","East Midlands","34","Northamptonshire","34UC","Daventry",,,32540,3566,10.96,8147,25.04,7148,21.97,4950,15.21,3989,12.26,2502,7.69,2108,6.48,130,.4,0,0,0,0
"E","East Midlands","34","Northamptonshire","34UD","East Northamptonshire",,,37010,9141,24.7,10056,27.17,5888,15.91,4768,12.88,3525,9.52,2191,5.92,1311,3.54,130,.35,0,0,0,0
"E","East Midlands","34","Northamptonshire","34UE","Kettering",,,41137,12859,31.26,11377,27.66,7704,18.73,4568,11.1,2727,6.63,1224,2.98,627,1.52,51,.12,0,0,0,0
"E","East Midlands","34","Northamptonshire","34UF","Northampton",,,91536,30018,32.79,20892,22.82,21798,23.81,10061,10.99,5254,5.74,2273,2.48,1164,1.27,76,.08,0,0,0,0
"E","East Midlands","34","Northamptonshire","34UG","South Northamptonshire",,,35842,1936,5.4,8243,23,8924,24.9,5677,15.84,5293,14.77,3528,9.84,2069,5.77,172,.48,0,0,0,0
"E","East Midlands","34","Northamptonshire","34UH","Wellingborough",,,33089,10359,31.31,9415,28.45,6470,19.55,3571,10.79,2070,6.26,758,2.29,411,1.24,35,.11,0,0,0,0
"E","East Midlands","37","Nottinghamshire","37UB","Ashfield",,,52033,28685,55.13,10448,20.08,7899,15.18,3441,6.61,1041,2,377,.72,121,.23,21,.04,0,0,0,0
"E","East Midlands","37","Nottinghamshire","37UC","Bassetlaw",,,49729,25919,52.12,7302,14.68,5936,11.94,5692,11.45,2854,5.74,1315,2.64,656,1.32,55,.11,0,0,0,0
"E","East Midlands","37","Nottinghamshire","37UD","Broxtowe",,,49012,15837,32.31,12731,25.98,10795,22.03,5904,12.05,2560,5.22,727,1.48,437,.89,21,.04,0,0,0,0
"E","East Midlands","37","Nottinghamshire","37UE","Gedling",,,50453,14232,28.21,14532,28.8,9732,19.29,6336,12.56,3492,6.92,1260,2.5,790,1.57,79,.16,0,0,0,0
"E","East Midlands","37","Nottinghamshire","37UF","Mansfield",,,47075,26336,55.94,9168,19.48,6169,13.1,3497,7.43,1360,2.89,350,.74,177,.38,18,.04,0,0,0,0
"E","East Midlands","37","Nottinghamshire","37UG","Newark and Sherwood",,,50690,21642,42.69,7703,15.2,8141,16.06,5481,10.81,3819,7.53,2432,4.8,1350,2.66,122,.24,0,0,0,0
"E","East Midlands","37","Nottinghamshire","37UJ","Rushcliffe",,,47028,6027,12.82,9588,20.39,10358,22.03,8836,18.79,6138,13.05,3740,7.95,2225,4.73,116,.25,0,0,0,0