DATASET_TITLE,"New Deal Programme: Starts by Ethnic Group, 2006",,,,,,,,,,FROM,Jan-2006,Jan-2006,Jan-2006,Jan-2006,Jan-2006,Jan-2006,Jan-2006,Jan-2006,Jan-2006,Jan-2006,Jan-2006,Jan-2006,Jan-2006,Jan-2006,Jan-2006,Jan-2006,Jan-2006,Jan-2006
AREA_TYPE,Region,,,,,,,,,,TO,Dec-2006,Dec-2006,Dec-2006,Dec-2006,Dec-2006,Dec-2006,Dec-2006,Dec-2006,Dec-2006,Dec-2006,Dec-2006,Dec-2006,Dec-2006,Dec-2006,Dec-2006,Dec-2006,Dec-2006,Dec-2006
GEO_HIERARCHY,NeSS Geography Hierarchy,,,,,,,,,,HEADING,New Deal Young People,New Deal Young People; White,New Deal Young People; Black or Black British,"New Deal Young People; Asian, Asian British or Chinese",New Deal Young People; Mixed or Other,New Deal Young People; Unknown or Prefer Not to Say,New Deal 25plus,New Deal 25plus; White,New Deal 25plus; Black or Black British,"New Deal 25plus; Asian, Asian British or Chinese",New Deal 25plus; Mixed or Other,New Deal 25plus; Unknown or Prefer Not to Say,New Deal Lone Parents,New Deal Lone Parents; White,New Deal Lone Parents; Black or Black British,New Deal Lone Parents; Asian or Asian British or Chinese,New Deal Lone Parents; Mixed or Other,New Deal Lone Parents; Unknown or Prefer Not to Say
,,,,,,,,,,,MEASUREMENT_UNIT,Count,Count,Count,Count,Count,Count,Count,Count,Count,Count,Count,Count,Count,Count,Count,Count,Count,Count
,,,,,,,,,,,STATISTICAL_UNIT,Cases,Cases,Cases,Cases,Cases,Cases,Cases,Cases,Cases,Cases,Cases,Cases,Cases,Cases,Cases,Cases,Cases,Cases
UK_CODE,UK_NAME,GB_CODE,GB_NAME,EW_CODE,EW_NAME,CTRY_CODE,CTRY_NAME,GOR_CODE,GOR_NAME,AREA_METADATA,,DATA_VALUE,DATA_VALUE,DATA_VALUE,DATA_VALUE,DATA_VALUE,DATA_VALUE,DATA_VALUE,DATA_VALUE,DATA_VALUE,DATA_VALUE,DATA_VALUE,DATA_VALUE,DATA_VALUE,DATA_VALUE,DATA_VALUE,DATA_VALUE,DATA_VALUE,DATA_VALUE
"213","United Kingdom","078","Great Britain","727","England and Wales","064","England",,,,,154940,110665,11935,10295,8890,13155,81770,60390,7225,4170,4270,5715,102740,80480,8065,2610,3920,7665
"213","United Kingdom","078","Great Britain","727","England and Wales","220","Wales",,,,,9785,8710,65,65,140,805,3675,3260,55,35,70,255,8535,7755,50,30,90,610
"213","United Kingdom","078","Great Britain","727","England and Wales",,,,,,,164725,119375,12000,10360,9030,13960,85445,63650,7280,4205,4340,5970,111275,88235,8115,2640,4010,8275
"213","United Kingdom","078","Great Britain","727","England and Wales","064","England","A","North East",,,12085,9995,50,115,120,1805,6360,5745,55,45,100,415,7905,7060,25,45,45,730
"213","United Kingdom","078","Great Britain","727","England and Wales","064","England","B","North West",,,24475,20475,510,1130,675,1685,10525,8770,260,500,260,735,17095,14990,395,350,360,1000
"213","United Kingdom","078","Great Britain","727","England and Wales","064","England","D","Yorkshire and The Humber",,,19365,14700,490,1725,790,1660,10475,8430,400,550,415,680,13140,11025,330,415,295,1075
"213","United Kingdom","078","Great Britain","727","England and Wales","064","England","E","East Midlands",,,11910,9675,425,610,505,695,6450,5095,340,490,215,310,5650,4810,205,130,165,340
"213","United Kingdom","078","Great Britain","727","England and Wales","064","England","F","West Midlands",,,21960,14850,1355,2620,1305,1830,9150,7035,575,635,400,505,9545,7330,630,475,365,745
"213","United Kingdom","078","Great Britain","727","England and Wales","064","England","G","East of England",,,11475,9430,270,360,390,1025,6345,5385,190,160,175,435,8805,7285,235,125,230,930
"213","United Kingdom","078","Great Britain","727","England and Wales","064","England","H","London",,,31865,12820,8220,3275,4410,3140,20255,9450,4950,1550,2360,1945,19645,8855,5895,945,2115,1835
"213","United Kingdom","078","Great Britain","727","England and Wales","064","England","J","South East",,,13655,11440,350,400,510,955,7390,6215,260,195,250,470,10350,9245,195,100,195,615
"213","United Kingdom","078","Great Britain","727","England and Wales","064","England","K","South West",,,8155,7285,265,55,195,355,4815,4265,200,30,95,225,10600,9870,150,30,160,390