DATASET_TITLE,"Resident Population Estimates, All Persons, Mid 2007",,,,,,,,,,FROM,Jun-2007,Jun-2007,Jun-2007,Jun-2007,Jun-2007,Jun-2007,Jun-2007,Jun-2007,Jun-2007,Jun-2007,Jun-2007,Jun-2007,Jun-2007,Jun-2007,Jun-2007,Jun-2007,Jun-2007,Jun-2007,Jun-2007
AREA_TYPE,Region,,,,,,,,,,TO,Jun-2007,Jun-2007,Jun-2007,Jun-2007,Jun-2007,Jun-2007,Jun-2007,Jun-2007,Jun-2007,Jun-2007,Jun-2007,Jun-2007,Jun-2007,Jun-2007,Jun-2007,Jun-2007,Jun-2007,Jun-2007,Jun-2007
GEO_HIERARCHY,NeSS Geography Hierarchy,,,,,,,,,,HEADING,All Persons; All Ages,All Persons; Aged 0-4,All Persons; Aged 5-9,All Persons; Aged 10-14,All Persons; Aged 15-19,All Persons; Aged 20-24,All Persons; Aged 25-29,All Persons; Aged 30-34,All Persons; Aged 35-39,All Persons; Aged 40-44,All Persons; Aged 45-49,All Persons; Aged 50-54,All Persons; Aged 55-59,All Persons; Aged 60-64,All Persons; Aged 65-69,All Persons; Aged 70-74,All Persons; Aged 75-79,All Persons; Aged 80-84,All Persons; Aged 85 and Over
,,,,,,,,,,,MEASUREMENT_UNIT,Count,Count,Count,Count,Count,Count,Count,Count,Count,Count,Count,Count,Count,Count,Count,Count,Count,Count,Count
,,,,,,,,,,,STATISTICAL_UNIT,Persons,Persons,Persons,Persons,Persons,Persons,Persons,Persons,Persons,Persons,Persons,Persons,Persons,Persons,Persons,Persons,Persons,Persons,Persons
UK_CODE,UK_NAME,GB_CODE,GB_NAME,EW_CODE,EW_NAME,CTRY_CODE,CTRY_NAME,GOR_CODE,GOR_NAME,AREA_METADATA,,DATA_VALUE,DATA_VALUE,DATA_VALUE,DATA_VALUE,DATA_VALUE,DATA_VALUE,DATA_VALUE,DATA_VALUE,DATA_VALUE,DATA_VALUE,DATA_VALUE,DATA_VALUE,DATA_VALUE,DATA_VALUE,DATA_VALUE,DATA_VALUE,DATA_VALUE,DATA_VALUE,DATA_VALUE
"213","United Kingdom","078","Great Britain","727","England and Wales","064","England",,,,,51106200,3039300,2867900,3090500,3354100,3465300,3361200,3312900,3829700,3959300,3541800,3095500,3122200,2905900,2232900,1960000,1647600,1218000,1102100
"213","United Kingdom","078","Great Britain",,,,,,,,,59226500,3478200,3307900,3579200,3887500,4013000,3852600,3779800,4405700,4581600,4130000,3626100,3652700,3395300,2625900,2300400,1923500,1416600,1270500
"213","United Kingdom",,,,,"152","Northern Ireland",,,,,1759100,115300,114900,123900,128200,132300,116400,114900,127800,130900,120200,104700,96300,90100,71200,60700,48900,35300,27300
"213","United Kingdom","078","Great Britain",,,"179","Scotland",,,,,5144200,275200,273400,302700,329600,346800,324000,305300,375300,405500,385500,343300,331000,301000,244300,213100,171400,118600,98300
"213","United Kingdom","078","Great Britain","727","England and Wales","220","Wales",,,,,2976100,163800,166500,186000,203800,200900,167500,161600,200700,216800,202800,187300,199400,188400,148700,127300,104500,80100,70200
"213","United Kingdom","078","Great Britain","727","England and Wales",,,,,,,54082300,3203000,3034400,3276500,3557900,3666200,3528700,3474500,4030400,4176100,3744500,3282800,3321700,3094300,2381600,2087300,1752100,1298100,1172300
"213","United Kingdom","078","Great Britain","727","England and Wales","064","England","A","North East",,,2560400,140600,136500,153600,174400,186200,153900,141100,176500,194800,186300,167900,166500,149200,120600,108300,89300,63600,51200
"213","United Kingdom","078","Great Britain","727","England and Wales","064","England","B","North West",,,6863700,402400,385100,427000,476200,485500,416200,402500,495700,524000,481500,424600,433200,395500,315300,273900,224500,161200,139700
"213","United Kingdom","078","Great Britain","727","England and Wales","064","England","D","Yorkshire and The Humber",,,5181800,301100,287000,317200,358100,400900,334300,305000,373000,387400,357700,315200,319900,295200,229700,204000,166100,122000,107900
"213","United Kingdom","078","Great Britain","727","England and Wales","064","England","E","East Midlands",,,4397000,247900,242700,268000,298100,303400,260800,259100,325300,342100,308000,272100,283100,269100,201100,172300,144600,106300,93100
"213","United Kingdom","078","Great Britain","727","England and Wales","064","England","F","West Midlands",,,5378400,327300,312900,338500,368400,360700,327500,316900,392800,404300,366400,327500,333300,316700,248200,213900,178900,129900,114000
"213","United Kingdom","078","Great Britain","727","England and Wales","064","England","G","East of England",,,5648700,331900,325700,349500,357700,332500,339500,351000,420500,441000,394700,348700,359800,345400,256900,228500,193200,143000,129200
"213","United Kingdom","078","Great Britain","727","England and Wales","064","England","H","London",,,7602200,531900,425500,414400,439700,572700,743000,738600,675100,615600,500000,399400,362500,303700,237600,211500,178000,131600,121600
"213","United Kingdom","078","Great Britain","727","England and Wales","064","England","J","South East",,,8295500,484300,475900,514500,543100,498500,496900,511100,613500,660400,591600,515900,520400,492300,365700,322900,277000,208900,202500
"213","United Kingdom","078","Great Britain","727","England and Wales","064","England","K","South West",,,5178500,271700,276600,307700,338600,324900,289200,287600,357500,389700,355800,324100,343600,338800,257800,224700,196000,151600,142800
"213","United Kingdom",,,,,,,,,,,60985700,3593500,3422800,3703100,4015600,4145300,3969100,3894700,4533500,4712500,4250200,3730800,3749000,3485400,2697100,2361000,1972400,1451900,1297800