DATASET_TITLE,"Benefits Data: Working Age Client Group, February 2002",,,,,,FROM,Feb-2002,Feb-2002,Feb-2002,Feb-2002,Feb-2002,Feb-2002,Feb-2002,Feb-2002,Feb-2002,Feb-2002,Feb-2002,Feb-2002,Feb-2002,Feb-2002,Feb-2002,Feb-2002,Feb-2002,Feb-2002,Feb-2002,Feb-2002,Feb-2002,Feb-2002,Feb-2002,Feb-2002,Feb-2002,Feb-2002,Feb-2002
AREA_TYPE,Local Authority,,,,,,TO,Feb-2002,Feb-2002,Feb-2002,Feb-2002,Feb-2002,Feb-2002,Feb-2002,Feb-2002,Feb-2002,Feb-2002,Feb-2002,Feb-2002,Feb-2002,Feb-2002,Feb-2002,Feb-2002,Feb-2002,Feb-2002,Feb-2002,Feb-2002,Feb-2002,Feb-2002,Feb-2002,Feb-2002,Feb-2002,Feb-2002,Feb-2002
GEO_HIERARCHY,NeSS Geography Hierarchy,,,,,,HEADING,Total,Job Seekers,Job Seekers,Incapacity Benefits,Incapacity Benefits,Lone Parent,Lone Parent,Carer,Carer,Others on Income Related Benefits,Others on Income Related Benefits,Disabled,Disabled,Bereaved,Bereaved,Unknown,Unknown,Male,Male,Female,Female,Aged 16-24,Aged 16-24,Aged 25-49,Aged 25-49,Aged 50 and Over,Aged 50 and Over
,,,,,,,MEASUREMENT_UNIT,Count,Count,Percentage,Count,Percentage,Count,Percentage,Count,Percentage,Count,Percentage,Count,Percentage,Count,Percentage,Count,Percentage,Count,Percentage,Count,Percentage,Count,Percentage,Count,Percentage,Count,Percentage
,,,,,,,STATISTICAL_UNIT,Persons,Persons,Persons,Persons,Persons,Persons,Persons,Persons,Persons,Persons,Persons,Persons,Persons,Persons,Persons,Persons,Persons,Persons,Persons,Persons,Persons,Persons,Persons,Persons,Persons,Persons,Persons
GOR_CODE,GOR_NAME,CTY_CODE,CTY_NAME,LA_CODE,LA_NAME,AREA_METADATA,,DATA_VALUE,DATA_VALUE,DATA_VALUE,DATA_VALUE,DATA_VALUE,DATA_VALUE,DATA_VALUE,DATA_VALUE,DATA_VALUE,DATA_VALUE,DATA_VALUE,DATA_VALUE,DATA_VALUE,DATA_VALUE,DATA_VALUE,DATA_VALUE,DATA_VALUE,DATA_VALUE,DATA_VALUE,DATA_VALUE,DATA_VALUE,DATA_VALUE,DATA_VALUE,DATA_VALUE,DATA_VALUE,DATA_VALUE,DATA_VALUE
"A","North East",,,"00CH","Gateshead",,,26670,4625,17,15575,58,3450,13,1535,6,895,3,0,0,0,0,590,2,14885,56,11785,44,3495,13,13290,50,9865,37
"A","North East",,,"00CJ","Newcastle upon Tyne",,,36240,7135,20,19855,55,5550,15,1870,5,1180,3,0,0,0,0,650,2,19930,55,16310,45,5115,14,19625,54,11490,32
"A","North East",,,"00CK","North Tyneside",,,22765,4585,20,12430,55,3150,14,1195,5,800,4,0,0,0,0,605,3,12290,54,10475,46,3030,13,11100,49,8625,38
"A","North East",,,"00CL","South Tyneside",,,22800,5360,24,11530,51,3595,16,1125,5,710,3,0,0,0,0,480,2,12760,56,10040,44,2890,13,11735,51,8165,36
"A","North East",,,"00CM","Sunderland",,,40470,7600,19,23175,57,5115,13,2545,6,1140,3,0,0,0,0,895,2,22320,55,18150,45,5200,13,19955,49,15300,38
"A","North East",,,"00EB","Hartlepool",,,14410,2880,20,7955,55,1950,14,890,6,430,3,0,0,0,0,305,2,7875,55,6535,45,1980,14,7300,51,5120,36
"A","North East",,,"00EC","Middlesbrough",,,22285,5070,23,10665,48,3915,18,1565,7,670,3,0,0,0,0,400,2,11815,53,10470,47,3570,16,12020,54,6675,30
"A","North East",,,"00EE","Redcar and Cleveland",,,19250,4075,21,9910,51,2865,15,1455,8,500,3,0,0,0,0,445,2,10385,54,8865,46,2630,14,9415,49,7185,37
"A","North East",,,"00EF","Stockton-on-Tees",,,21405,4950,23,10210,48,3425,16,1545,7,695,3,0,0,0,0,580,3,11360,53,10045,47,3110,15,10815,51,7475,35
"A","North East",,,"00EH","Darlington",,,10715,2205,21,5530,52,1670,16,685,6,350,3,0,0,0,0,275,3,5655,53,5060,47,1515,14,5235,49,3965,37
"A","North East","20","Durham","20UB","Chester-le-Street",,,5810,810,14,3635,63,650,11,370,6,160,3,0,0,0,0,185,3,3135,54,2675,46,645,11,2695,46,2470,43
"A","North East","20","Durham","20UD","Derwentside",,,10985,1600,15,6695,61,1320,12,770,7,315,3,0,0,0,0,285,3,6005,55,4980,45,1380,13,5055,46,4550,41
"A","North East","20","Durham","20UE","Durham",,,8205,1355,17,5110,62,805,10,500,6,200,2,0,0,0,0,235,3,4525,55,3680,45,940,11,3735,46,3525,43
"A","North East","20","Durham","20UF","Easington",,,17045,1680,10,12055,71,1655,10,1025,6,340,2,0,0,0,0,290,2,9150,54,7895,46,1955,11,8340,49,6745,40
"A","North East","20","Durham","20UG","Sedgefield",,,11810,1740,15,7240,61,1450,12,790,7,280,2,0,0,0,0,310,3,6085,52,5725,48,1430,12,5470,46,4900,41
"A","North East","20","Durham","20UH","Teesdale",,,1915,260,14,1135,59,210,11,185,10,45,2,0,0,0,0,80,4,1030,54,885,46,185,10,850,44,880,46
"A","North East","20","Durham","20UJ","Wear Valley",,,8475,1430,17,4725,56,1205,14,625,7,250,3,0,0,0,0,240,3,4460,53,4015,47,1080,13,4010,47,3385,40
"A","North East","35","Northumberland","35UB","Alnwick",,,2485,555,22,1285,52,260,10,195,8,75,3,0,0,0,0,115,5,1350,54,1135,46,305,12,1120,45,1060,43
"A","North East","35","Northumberland","35UC","Berwick-upon-Tweed",,,2260,515,23,1150,51,220,10,210,9,60,3,0,0,0,0,105,5,1190,53,1070,47,275,12,1015,45,970,43
"A","North East","35","Northumberland","35UD","Blyth Valley",,,10015,1895,19,5870,59,1075,11,640,6,235,2,0,0,0,0,300,3,5435,54,4580,46,1290,13,4775,48,3950,39
"A","North East","35","Northumberland","35UE","Castle Morpeth",,,3930,705,18,2305,59,365,9,290,7,85,2,0,0,0,0,180,5,2200,56,1730,44,475,12,1765,45,1685,43
"A","North East","35","Northumberland","35UF","Tynedale",,,3915,715,18,2310,59,390,10,225,6,90,2,0,0,0,0,185,5,2105,54,1810,46,520,13,1700,43,1695,43
"A","North East","35","Northumberland","35UG","Wansbeck",,,8395,1560,19,4900,58,1035,12,505,6,180,2,0,0,0,0,215,3,4690,56,3705,44,1155,14,3925,47,3315,39
"B","North West",,,"00BL","Bolton",,,28980,4575,16,16200,56,4485,15,2030,7,875,3,0,0,0,0,815,3,14815,51,14165,49,3605,12,14810,51,10550,36
"B","North West",,,"00BM","Bury",,,16720,2200,13,9855,59,2485,15,1105,7,525,3,0,0,0,0,550,3,8315,50,8405,50,2005,12,8465,51,6235,37
"B","North West",,,"00BN","Manchester",,,70390,12785,18,36755,52,14325,20,3070,4,2470,4,0,0,0,0,985,1,36415,52,33975,48,10040,14,40870,58,19375,28
"B","North West",,,"00BP","Oldham",,,24605,3990,16,13640,55,3955,16,1455,6,845,3,0,0,0,0,720,3,12400,50,12205,50,3395,14,12385,50,8790,36
"B","North West",,,"00BQ","Rochdale",,,25470,3885,15,14575,57,4045,16,1550,6,780,3,0,0,0,0,635,2,12750,50,12720,50,3390,13,13500,53,8550,34
"B","North West",,,"00BR","Salford",,,29345,3860,13,17315,59,5045,17,1610,5,855,3,0,0,0,0,660,2,15295,52,14050,48,3710,13,15360,52,10250,35
"B","North West",,,"00BS","Stockport",,,21525,3110,14,12020,56,3475,16,1445,7,670,3,0,0,0,0,805,4,10465,49,11060,51,2320,11,10975,51,8210,38
"B","North West",,,"00BT","Tameside",,,24500,3305,13,14635,60,3730,15,1460,6,600,2,0,0,0,0,770,3,12390,51,12110,49,2975,12,12140,50,9370,38
"B","North West",,,"00BU","Trafford",,,17340,2835,16,9770,56,2615,15,1040,6,445,3,0,0,0,0,635,4,8795,51,8545,49,1975,11,8905,51,6455,37
"B","North West",,,"00BW","Wigan",,,37065,4920,13,23770,64,4085,11,2535,7,805,2,0,0,0,0,950,3,19350,52,17715,48,3905,11,16860,45,16280,44
"B","North West",,,"00BX","Knowsley",,,27940,4850,17,14710,53,5195,19,2010,7,780,3,0,0,0,0,395,1,13865,50,14075,50,3615,13,15515,56,8785,31
"B","North West",,,"00BY","Liverpool",,,83770,15570,19,45415,54,14115,17,4855,6,2635,3,0,0,0,0,1180,1,43480,52,40290,48,10570,13,46910,56,26200,31
"B","North West",,,"00BZ","St. Helens",,,24085,3885,16,14070,58,3255,14,1700,7,645,3,0,0,0,0,530,2,12750,53,11335,47,2970,12,11305,47,9805,41
"B","North West",,,"00CA","Sefton",,,32655,5805,18,17885,55,4845,15,2085,6,1105,3,0,0,0,0,930,3,16880,52,15775,48,3550,11,16965,52,12080,37
"B","North West",,,"00CB","Wirral",,,41665,7270,17,22590,54,7050,17,2690,6,1035,2,0,0,0,0,1030,2,21255,51,20410,49,5110,12,21755,52,14755,35
"B","North West",,,"00ET","Halton",,,17400,2690,15,9635,55,2915,17,1275,7,465,3,0,0,0,0,420,2,8725,50,8675,50,2195,13,8775,50,6425,37
"B","North West",,,"00EU","Warrington",,,16450,2525,15,9565,58,2115,13,1180,7,465,3,0,0,0,0,600,4,8460,51,7990,49,1820,11,7835,48,6790,41
"B","North West",,,"00EX","Blackburn with Darwen",,,17330,2710,16,9740,56,2745,16,1170,7,560,3,0,0,0,0,405,2,8980,52,8350,48,2355,14,9240,53,5715,33
"B","North West",,,"00EY","Blackpool",,,19920,3450,17,11250,56,2895,15,1110,6,715,4,0,0,0,0,500,3,10885,55,9035,45,2260,11,10220,51,7420,37
"B","North West","13","Cheshire","13UB","Chester",,,9060,1220,13,5330,59,1250,14,665,7,250,3,0,0,0,0,345,4,4630,51,4430,49,875,10,4640,51,3540,39
"B","North West","13","Cheshire","13UC","Congleton",,,5295,875,17,2950,56,580,11,425,8,150,3,0,0,0,0,315,6,2620,49,2675,51,500,9,2370,45,2425,46
"B","North West","13","Cheshire","13UD","Crewe and Nantwich",,,8530,1355,16,4615,54,1365,16,640,8,210,2,0,0,0,0,345,4,4220,49,4310,51,1050,12,4085,48,3395,40
"B","North West","13","Cheshire","13UE","Ellesmere Port & Neston",,,7220,1030,14,4060,56,1065,15,630,9,180,2,0,0,0,0,255,4,3600,50,3620,50,780,11,3605,50,2825,39
"B","North West","13","Cheshire","13UG","Macclesfield",,,8080,1180,15,4645,57,1070,13,540,7,205,3,0,0,0,0,440,5,3975,49,4105,51,735,9,4060,50,3275,41
"B","North West","13","Cheshire","13UH","Vale Royal",,,9585,1510,16,5520,58,1160,12,795,8,200,2,0,0,0,0,400,4,4865,51,4720,49,1005,10,4545,47,4030,42
"B","North West","16","Cumbria","16UB","Allerdale",,,9435,1915,20,4975,53,1280,14,680,7,275,3,0,0,0,0,310,3,5015,53,4420,47,1105,12,4550,48,3765,40
"B","North West","16","Cumbria","16UC","Barrow-in-Furness",,,10035,1420,14,6365,63,1105,11,715,7,200,2,0,0,0,0,230,2,5435,54,4600,46,1120,11,4875,49,4030,40
"B","North West","16","Cumbria","16UD","Carlisle",,,9350,1740,19,5310,57,1215,13,520,6,200,2,0,0,0,0,365,4,4845,52,4505,48,1260,13,4675,50,3415,37
"B","North West","16","Cumbria","16UE","Copeland",,,8245,1865,23,4225,51,1125,14,590,7,205,2,0,0,0,0,235,3,4555,55,3690,45,1105,13,4010,49,3130,38
"B","North West","16","Cumbria","16UF","Eden",,,2700,360,13,1630,60,280,10,210,8,55,2,0,0,0,0,165,6,1315,49,1385,51,215,8,1245,46,1240,46
"B","North West","16","Cumbria","16UG","South Lakeland",,,5645,695,12,3495,62,580,10,375,7,140,2,0,0,0,0,360,6,2850,50,2795,50,465,8,2490,44,2690,48
"B","North West","30","Lancashire","30UD","Burnley",,,10895,1145,11,6840,63,1805,17,565,5,270,2,0,0,0,0,270,2,5395,50,5500,50,1200,11,5615,52,4050,37
"B","North West","30","Lancashire","30UE","Chorley",,,8045,1115,14,4900,61,970,12,550,7,185,2,0,0,0,0,325,4,4090,51,3955,49,845,11,3720,46,3480,43
"B","North West","30","Lancashire","30UF","Fylde",,,5030,650,13,3105,62,545,11,380,8,115,2,0,0,0,0,235,5,2585,51,2445,49,435,9,2275,45,2315,46
"B","North West","30","Lancashire","30UG","Hyndburn",,,9415,1025,11,6010,64,1310,14,545,6,260,3,0,0,0,0,265,3,4755,51,4660,49,1180,13,4650,49,3570,38
"B","North West","30","Lancashire","30UH","Lancaster",,,12535,2360,19,6665,53,2030,16,735,6,365,3,0,0,0,0,380,3,6505,52,6030,48,1620,13,6330,50,4575,36
"B","North West","30","Lancashire","30UJ","Pendle",,,9395,1210,13,5640,60,1425,15,630,7,235,3,0,0,0,0,255,3,4675,50,4720,50,1140,12,4685,50,3565,38
"B","North West","30","Lancashire","30UK","Preston",,,14420,2450,17,8080,56,2210,15,865,6,420,3,0,0,0,0,395,3,7595,53,6825,47,1970,14,7585,53,4865,34
"B","North West","30","Lancashire","30UL","Ribble Valley",,,2930,255,9,2020,69,275,9,165,6,65,2,0,0,0,0,150,5,1535,52,1395,48,240,8,1320,45,1370,47
"B","North West","30","Lancashire","30UM","Rossendale",,,6810,825,12,4290,63,925,14,385,6,155,2,0,0,0,0,230,3,3425,50,3385,50,800,12,3285,48,2725,40
"B","North West","30","Lancashire","30UN","South Ribble",,,7240,925,13,4415,61,825,11,550,8,165,2,0,0,0,0,360,5,3530,49,3710,51,670,9,3305,46,3260,45
"B","North West","30","Lancashire","30UP","West Lancashire",,,11045,1980,18,5935,54,1630,15,840,8,275,2,0,0,0,0,385,3,5570,50,5475,50,1240,11,5340,48,4445,40
"B","North West","30","Lancashire","30UQ","Wyre",,,8640,1250,14,5070,59,1070,12,665,8,270,3,0,0,0,0,315,4,4600,53,4040,47,830,10,3810,44,3990,46
"D","Yorkshire and The Humber",,,"00CC","Barnsley",,,30595,3900,13,19415,63,3695,12,2200,7,750,2,0,0,0,0,635,2,16495,54,14100,46,3575,12,14730,48,12280,40
"D","Yorkshire and The Humber",,,"00CE","Doncaster",,,34675,5705,16,19145,55,5130,15,2790,8,1090,3,0,0,0,0,815,2,18330,53,16345,47,4485,13,17085,49,13090,38
"D","Yorkshire and The Humber",,,"00CF","Rotherham",,,28610,5040,18,14985,52,4240,15,2605,9,910,3,0,0,0,0,830,3,15325,54,13285,46,3705,13,13945,49,10940,38
"D","Yorkshire and The Humber",,,"00CG","Sheffield",,,53150,11675,22,25910,49,8230,15,3685,7,2285,4,0,0,0,0,1365,3,28845,54,24305,46,7110,13,27805,52,18165,34
"D","Yorkshire and The Humber",,,"00CX","Bradford",,,50820,10795,21,24635,48,8865,17,3525,7,1740,3,0,0,0,0,1260,2,25985,51,24835,49,7830,15,27115,53,15795,31
"D","Yorkshire and The Humber",,,"00CY","Calderdale",,,18075,3505,19,9065,50,3240,18,1065,6,590,3,0,0,0,0,610,3,8955,50,9120,50,2385,13,9305,51,6360,35
"D","Yorkshire and The Humber",,,"00CZ","Kirklees",,,35400,6310,18,18385,52,5865,17,2595,7,1110,3,0,0,0,0,1135,3,17705,50,17695,50,4670,13,18340,52,12380,35
"D","Yorkshire and The Humber",,,"00DA","Leeds",,,63790,12485,20,31875,50,11710,18,3585,6,2230,3,0,0,0,0,1905,3,32035,50,31755,50,8630,14,33720,53,21375,34
"D","Yorkshire and The Humber",,,"00DB","Wakefield",,,36630,5500,15,21365,58,5100,14,2670,7,995,3,0,0,0,0,1000,3,19335,53,17295,47,4500,12,17530,48,14590,40
"D","Yorkshire and The Humber",,,"00FA","Kingston upon Hull, City of",,,33640,8480,25,14310,43,6660,20,2185,6,1370,4,0,0,0,0,635,2,17525,52,16115,48,5355,16,18215,54,10030,30
"D","Yorkshire and The Humber",,,"00FB","East Riding of Yorkshire",,,22100,4910,22,10735,49,2825,13,1850,8,785,4,0,0,0,0,995,5,11510,52,10590,48,2520,11,9955,45,9615,44
"D","Yorkshire and The Humber",,,"00FC","North East Lincolnshire",,,17025,4405,26,6945,41,3295,19,1235,7,670,4,0,0,0,0,475,3,8775,52,8250,48,2845,17,8745,51,5430,32
"D","Yorkshire and The Humber",,,"00FD","North Lincolnshire",,,13415,2555,19,6520,49,2265,17,1080,8,525,4,0,0,0,0,470,4,6485,48,6930,52,1755,13,6670,50,4985,37
"D","Yorkshire and The Humber",,,"00FF","York",,,11480,2050,18,6060,53,1950,17,650,6,285,2,0,0,0,0,485,4,5720,50,5760,50,1450,13,5995,52,4025,35
"D","Yorkshire and The Humber","36","North Yorkshire","36UB","Craven",,,2680,385,14,1565,58,290,11,190,7,70,3,0,0,0,0,180,7,1325,49,1355,51,205,8,1195,45,1280,48
"D","Yorkshire and The Humber","36","North Yorkshire","36UC","Hambleton",,,4265,720,17,2345,55,495,12,330,8,115,3,0,0,0,0,260,6,2120,50,2145,50,375,9,1915,45,1965,46
"D","Yorkshire and The Humber","36","North Yorkshire","36UD","Harrogate",,,7290,995,14,4135,57,1020,14,510,7,205,3,0,0,0,0,425,6,3515,48,3775,52,785,11,3605,49,2895,40
"D","Yorkshire and The Humber","36","North Yorkshire","36UE","Richmondshire",,,2180,375,17,1130,52,300,14,185,8,50,2,0,0,0,0,140,6,985,45,1195,55,245,11,1015,47,920,42
"D","Yorkshire and The Humber","36","North Yorkshire","36UF","Ryedale",,,2495,435,17,1275,51,310,12,240,10,90,4,0,0,0,0,145,6,1265,51,1230,49,240,10,1125,45,1130,45
"D","Yorkshire and The Humber","36","North Yorkshire","36UG","Scarborough",,,10925,2350,22,5405,49,1520,14,810,7,485,4,0,0,0,0,355,3,5895,54,5030,46,1255,11,5400,49,4270,39
"D","Yorkshire and The Humber","36","North Yorkshire","36UH","Selby",,,4740,900,19,2520,53,610,13,355,7,125,3,0,0,0,0,230,5,2445,52,2295,48,505,11,2170,46,2065,44
"E","East Midlands",,,"00FK","Derby",,,23425,4855,21,11365,49,4280,18,1470,6,805,3,0,0,0,0,650,3,11755,50,11670,50,3270,14,12745,54,7400,32
"E","East Midlands",,,"00FN","Leicester",,,34635,7935,23,15795,46,6535,19,2175,6,1415,4,0,0,0,0,780,2,16965,49,17670,51,5125,15,19240,56,10225,30
"E","East Midlands",,,"00FP","Rutland",,,1180,125,11,620,53,170,14,110,9,45,4,0,0,0,0,110,9,525,44,655,56,115,10,565,48,500,42
"E","East Midlands",,,"00FY","Nottingham",,,37105,7520,20,17630,48,8040,22,2100,6,1250,3,0,0,0,0,565,2,18740,51,18365,49,5730,15,21190,57,10150,27
"E","East Midlands","17","Derbyshire","17UB","Amber Valley",,,9590,1550,16,5290,55,1215,13,870,9,250,3,0,0,0,0,415,4,4915,51,4675,49,1075,11,4420,46,4090,43
"E","East Midlands","17","Derbyshire","17UC","Bolsover",,,9335,1295,14,5710,61,1035,11,865,9,200,2,0,0,0,0,230,2,5185,56,4150,44,1000,11,4505,48,3820,41
"E","East Midlands","17","Derbyshire","17UD","Chesterfield",,,11715,2530,22,6290,54,1460,12,830,7,310,3,0,0,0,0,295,3,6515,56,5200,44,1435,12,5740,49,4530,39
"E","East Midlands","17","Derbyshire","17UF","Derbyshire Dales",,,3615,575,16,2045,57,360,10,290,8,95,3,0,0,0,0,250,7,1855,51,1760,49,285,8,1665,46,1665,46
"E","East Midlands","17","Derbyshire","17UG","Erewash",,,8985,1595,18,4710,52,1355,15,730,8,270,3,0,0,0,0,325,4,4440,49,4545,51,1020,11,4450,50,3505,39
"E","East Midlands","17","Derbyshire","17UH","High Peak",,,6130,875,14,3460,56,900,15,435,7,170,3,0,0,0,0,290,5,2935,48,3195,52,655,11,3005,49,2465,40
"E","East Midlands","17","Derbyshire","17UJ","North East Derbyshire",,,8635,1680,19,4805,56,865,10,765,9,220,3,0,0,0,0,300,3,4855,56,3780,44,940,11,4000,46,3695,43
"E","East Midlands","17","Derbyshire","17UK","South Derbyshire",,,5775,800,14,3440,60,730,13,430,7,125,2,0,0,0,0,250,4,2830,49,2945,51,585,10,2765,48,2420,42
"E","East Midlands","31","Leicestershire","31UB","Blaby",,,4290,760,18,2330,54,475,11,350,8,100,2,0,0,0,0,275,6,1980,46,2310,54,410,10,2020,47,1860,43
"E","East Midlands","31","Leicestershire","31UC","Charnwood",,,8680,1940,22,4140,48,1245,14,640,7,275,3,0,0,0,0,440,5,4150,48,4530,52,1090,13,4270,49,3315,38
"E","East Midlands","31","Leicestershire","31UD","Harborough",,,3040,525,17,1580,52,425,14,210,7,85,3,0,0,0,0,215,7,1355,45,1685,55,300,10,1490,49,1240,41
"E","East Midlands","31","Leicestershire","31UE","Hinckley and Bosworth",,,5435,990,18,2835,52,715,13,460,8,145,3,0,0,0,0,290,5,2500,46,2935,54,610,11,2505,46,2320,43
"E","East Midlands","31","Leicestershire","31UG","Melton",,,2270,395,17,1075,47,360,16,225,10,75,3,0,0,0,0,140,6,1055,46,1215,54,265,12,1110,49,895,39
"E","East Midlands","31","Leicestershire","31UH","North West Leicestershire",,,5995,915,15,3290,55,760,13,605,10,155,3,0,0,0,0,270,5,2865,48,3130,52,610,10,2835,47,2550,43
"E","East Midlands","31","Leicestershire","31UJ","Oadby and Wigston",,,2905,605,21,1415,49,410,14,230,8,85,3,0,0,0,0,160,6,1350,46,1555,54,315,11,1435,49,1150,40
"E","East Midlands","32","Lincolnshire","32UB","Boston",,,4660,630,14,2655,57,670,14,340,7,165,4,0,0,0,0,200,4,2335,50,2325,50,525,11,2190,47,1935,42
"E","East Midlands","32","Lincolnshire","32UC","East Lindsey",,,12830,2025,16,7470,58,1250,10,1180,9,475,4,0,0,0,0,430,3,7015,55,5815,45,1425,11,5415,42,5980,47
"E","East Midlands","32","Lincolnshire","32UD","Lincoln",,,9005,1610,18,4685,52,1665,18,530,6,300,3,0,0,0,0,215,2,4575,51,4430,49,1355,15,4920,55,2730,30
"E","East Midlands","32","Lincolnshire","32UE","North Kesteven",,,5485,770,14,3155,58,605,11,535,10,140,3,0,0,0,0,280,5,2665,49,2820,51,495,9,2465,45,2525,46
"E","East Midlands","32","Lincolnshire","32UF","South Holland",,,4870,625,13,2895,59,590,12,410,8,110,2,0,0,0,0,240,5,2275,47,2595,53,405,8,2195,45,2270,47
"E","East Midlands","32","Lincolnshire","32UG","South Kesteven",,,6850,1060,15,3580,52,1125,16,545,8,180,3,0,0,0,0,360,5,3140,46,3710,54,810,12,3345,49,2690,39
"E","East Midlands","32","Lincolnshire","32UH","West Lindsey",,,6225,1180,19,3320,53,715,11,510,8,210,3,0,0,0,0,290,5,3270,53,2955,47,695,11,2945,47,2585,42
"E","East Midlands","34","Northamptonshire","34UB","Corby",,,5670,1015,18,2985,53,1000,18,315,6,160,3,0,0,0,0,195,3,2725,48,2945,52,815,14,2965,52,1875,33
"E","East Midlands","34","Northamptonshire","34UC","Daventry",,,3430,650,19,1740,51,550,16,235,7,65,2,0,0,0,0,190,6,1455,42,1975,58,360,10,1710,50,1360,40
"E","East Midlands","34","Northamptonshire","34UD","East Northamptonshire",,,4090,710,17,2065,50,675,17,315,8,90,2,0,0,0,0,235,6,1840,45,2250,55,495,12,2070,51,1525,37
"E","East Midlands","34","Northamptonshire","34UE","Kettering",,,5380,855,16,2890,54,930,17,355,7,120,2,0,0,0,0,230,4,2450,46,2930,54,685,13,2730,51,1965,37
"E","East Midlands","34","Northamptonshire","34UF","Northampton",,,15080,2975,20,7150,47,3100,21,965,6,385,3,0,0,0,0,505,3,7070,47,8010,53,2080,14,8315,55,4675,31
"E","East Midlands","34","Northamptonshire","34UG","South Northamptonshire",,,2820,445,16,1460,52,345,12,270,10,75,3,0,0,0,0,225,8,1265,45,1555,55,230,8,1345,48,1245,44
"E","East Midlands","34","Northamptonshire","34UH","Wellingborough",,,5445,935,17,2740,50,1090,20,305,6,155,3,0,0,0,0,220,4,2495,46,2950,54,740,14,2855,52,1845,34
"E","East Midlands","37","Nottinghamshire","37UB","Ashfield",,,12525,2130,17,7000,56,1730,14,960,8,325,3,0,0,0,0,380,3,6580,53,5945,47,1590,13,6065,48,4870,39
"E","East Midlands","37","Nottinghamshire","37UC","Bassetlaw",,,11955,2145,18,6790,57,1470,12,845,7,355,3,0,0,0,0,350,3,6400,54,5555,46,1395,12,5925,50,4620,39
"E","East Midlands","37","Nottinghamshire","37UD","Broxtowe",,,7805,1325,17,4260,55,1005,13,650,8,215,3,0,0,0,0,350,4,3880,50,3925,50,840,11,3625,46,3340,43
"E","East Midlands","37","Nottinghamshire","37UE","Gedling",,,8035,1395,17,4395,55,1115,14,590,7,200,2,0,0,0,0,340,4,4085,51,3950,49,870,11,3940,49,3220,40
"E","East Midlands","37","Nottinghamshire","37UF","Mansfield",,,12395,1775,14,7355,59,1750,14,930,8,285,2,0,0,0,0,300,2,6635,54,5760,46,1515,12,6170,50,4695,38
"E","East Midlands","37","Nottinghamshire","37UG","Newark and Sherwood",,,8945,1215,14,5100,57,1330,15,670,7,260,3,0,0,0,0,370,4,4545,51,4400,49,985,11,4355,49,3590,40
"E","East Midlands","37","Nottinghamshire","37UJ","Rushcliffe",,,4995,860,17,2740,55,560,11,385,8,125,3,0,0,0,0,325,7,2475,50,2520,50,470,9,2315,46,2205,44
"F","West Midlands",,,"00CN","Birmingham",,,126605,30085,24,56320,44,24620,19,7905,6,5120,4,0,0,0,0,2555,2,65025,51,61580,49,18505,15,71500,56,36405,29
"F","West Midlands",,,"00CQ","Coventry",,,31240,5910,19,16035,51,5670,18,1710,5,1055,3,0,0,0,0,860,3,15580,50,15660,50,4085,13,16775,54,10350,33
"F","West Midlands",,,"00CR","Dudley",,,27675,6190,22,13195,48,4055,15,2305,8,950,3,0,0,0,0,980,4,14675,53,13000,47,3310,12,13590,49,10765,39
"F","West Midlands",,,"00CS","Sandwell",,,35510,7770,22,16220,46,6490,18,2610,7,1490,4,0,0,0,0,930,3,18185,51,17325,49,4665,13,18335,52,12460,35
"F","West Midlands",,,"00CT","Solihull",,,14060,2395,17,7220,51,2350,17,1005,7,425,3,0,0,0,0,665,5,6720,48,7340,52,1600,11,6815,48,5640,40
"F","West Midlands",,,"00CU","Walsall",,,27980,5695,20,13890,50,4335,15,2215,8,1010,4,0,0,0,0,835,3,14640,52,13340,48,4080,15,13960,50,9910,35
"F","West Midlands",,,"00CW","Wolverhampton",,,29390,6390,22,13970,48,5165,18,1995,7,1115,4,0,0,0,0,755,3,14965,51,14425,49,4245,14,15465,53,9640,33
"F","West Midlands",,,"00GA","Herefordshire, County of",,,11065,1700,15,5830,53,1725,16,930,8,360,3,0,0,0,0,520,5,5415,49,5650,51,1320,12,5475,49,4265,39
"F","West Midlands",,,"00GF","Telford and Wrekin",,,15345,2270,15,7860,51,3065,20,1225,8,435,3,0,0,0,0,490,3,7075,46,8270,54,2155,14,7910,52,5265,34
"F","West Midlands",,,"00GL","Stoke-on-Trent",,,33275,5180,16,20070,60,4535,14,1940,6,840,3,0,0,0,0,710,2,17290,52,15985,48,4510,14,17030,51,11720,35
"F","West Midlands","39","Shropshire","39UB","Bridgnorth",,,2855,440,15,1590,56,290,10,280,10,90,3,0,0,0,0,165,6,1450,51,1405,49,245,9,1220,43,1390,49
"F","West Midlands","39","Shropshire","39UC","North Shropshire",,,3760,590,16,2110,56,475,13,310,8,95,3,0,0,0,0,180,5,1885,50,1875,50,415,11,1820,48,1525,41
"F","West Midlands","39","Shropshire","39UD","Oswestry",,,2830,455,16,1590,56,345,12,225,8,80,3,0,0,0,0,135,5,1390,49,1440,51,395,14,1315,46,1120,40
"F","West Midlands","39","Shropshire","39UE","Shrewsbury and Atcham",,,6305,865,14,3665,58,870,14,465,7,165,3,0,0,0,0,275,4,3220,51,3085,49,660,10,3095,49,2550,40
"F","West Midlands","39","Shropshire","39UF","South Shropshire",,,2425,385,16,1355,56,290,12,245,10,60,2,0,0,0,0,90,4,1225,51,1200,49,215,9,1115,46,1095,45
"F","West Midlands","41","Staffordshire","41UB","Cannock Chase",,,8405,1260,15,4725,56,1055,13,840,10,250,3,0,0,0,0,275,3,4295,51,4110,49,1025,12,3905,46,3470,41
"F","West Midlands","41","Staffordshire","41UC","East Staffordshire",,,7705,1330,17,3945,51,1235,16,605,8,240,3,0,0,0,0,350,5,3770,49,3935,51,1005,13,3895,51,2805,36
"F","West Midlands","41","Staffordshire","41UD","Lichfield",,,5775,935,16,3110,54,730,13,540,9,155,3,0,0,0,0,305,5,2885,50,2890,50,600,10,2570,45,2605,45
"F","West Midlands","41","Staffordshire","41UE","Newcastle-under-Lyme",,,11015,1695,15,6715,61,1205,11,805,7,235,2,0,0,0,0,360,3,5805,53,5210,47,1255,11,5175,47,4580,42
"F","West Midlands","41","Staffordshire","41UF","South Staffordshire",,,6175,1110,18,3165,51,745,12,605,10,195,3,0,0,0,0,355,6,3070,50,3105,50,565,9,2715,44,2895,47
"F","West Midlands","41","Staffordshire","41UG","Stafford",,,7785,1550,20,4260,55,870,11,590,8,160,2,0,0,0,0,355,5,4010,52,3775,48,895,11,3625,47,3265,42
"F","West Midlands","41","Staffordshire","41UH","Staffordshire Moorlands",,,7510,1090,15,4835,64,615,8,500,7,155,2,0,0,0,0,315,4,3865,51,3645,49,695,9,3290,44,3515,47
"F","West Midlands","41","Staffordshire","41UK","Tamworth",,,6310,1190,19,3055,48,1095,17,535,8,190,3,0,0,0,0,245,4,2950,47,3360,53,805,13,3115,49,2385,38
"F","West Midlands","44","Warwickshire","44UB","North Warwickshire",,,4415,595,13,2500,57,580,13,430,10,130,3,0,0,0,0,180,4,2175,49,2240,51,430,10,1915,43,2070,47
"F","West Midlands","44","Warwickshire","44UC","Nuneaton and Bedworth",,,10540,1420,13,5860,56,1675,16,920,9,250,2,0,0,0,0,415,4,5090,48,5450,52,1195,11,5135,49,4205,40
"F","West Midlands","44","Warwickshire","44UD","Rugby",,,5225,1005,19,2590,50,860,16,390,7,140,3,0,0,0,0,240,5,2490,48,2735,52,625,12,2590,50,2005,38
"F","West Midlands","44","Warwickshire","44UE","Stratford-on-Avon",,,4870,780,16,2510,52,635,13,405,8,170,3,0,0,0,0,370,8,2285,47,2585,53,430,9,2300,47,2135,44
"F","West Midlands","44","Warwickshire","44UF","Warwick",,,6785,1235,18,3545,52,1020,15,420,6,205,3,0,0,0,0,360,5,3310,49,3475,51,690,10,3500,52,2590,38
"F","West Midlands","47","Worcestershire","47UB","Bromsgrove",,,4325,695,16,2445,57,470,11,365,8,125,3,0,0,0,0,225,5,2120,49,2205,51,425,10,1995,46,1905,44
"F","West Midlands","47","Worcestershire","47UC","Malvern Hills",,,3965,500,13,2250,57,540,14,325,8,115,3,0,0,0,0,235,6,1905,48,2060,52,400,10,1890,48,1675,42
"F","West Midlands","47","Worcestershire","47UD","Redditch",,,6055,1100,18,2915,48,1065,18,540,9,195,3,0,0,0,0,240,4,2730,45,3325,55,855,14,3060,51,2135,35
"F","West Midlands","47","Worcestershire","47UE","Worcester",,,6695,1140,17,3465,52,1130,17,500,7,170,3,0,0,0,0,290,4,3195,48,3500,52,925,14,3525,53,2245,34
"F","West Midlands","47","Worcestershire","47UF","Wychavon",,,5925,975,16,3200,54,790,13,490,8,170,3,0,0,0,0,300,5,2845,48,3080,52,675,11,2860,48,2390,40
"F","West Midlands","47","Worcestershire","47UG","Wyre Forest",,,7355,1195,16,3950,54,1120,15,545,7,245,3,0,0,0,0,300,4,3665,50,3690,50,830,11,3550,48,2970,40
"G","East of England",,,"00JA","Peterborough",,,13835,2075,15,6665,48,3110,22,975,7,590,4,0,0,0,0,420,3,6295,46,7540,54,1850,13,7795,56,4180,30
"G","East of England",,,"00KA","Luton",,,16190,3210,20,7315,45,3475,21,1020,6,665,4,0,0,0,0,505,3,7775,48,8415,52,2095,13,9120,56,4940,31
"G","East of England",,,"00KF","Southend-on-Sea",,,14510,2975,21,6805,47,2995,21,885,6,460,3,0,0,0,0,390,3,7055,49,7455,51,1755,12,8100,56,4645,32
"G","East of England",,,"00KG","Thurrock",,,11195,2155,19,5070,45,2385,21,845,8,365,3,0,0,0,0,375,3,5060,45,6135,55,1440,13,6025,54,3720,33
"G","East of England","09","Bedfordshire","09UC","Mid Bedfordshire",,,4920,910,18,2370,48,780,16,395,8,130,3,0,0,0,0,335,7,2160,44,2760,56,520,11,2530,51,1865,38
"G","East of England","09","Bedfordshire","09UD","Bedford",,,10560,2095,20,4850,46,2055,19,690,7,420,4,0,0,0,0,450,4,5030,48,5530,52,1365,13,6005,57,3175,30
"G","East of England","09","Bedfordshire","09UE","South Bedfordshire",,,6300,1070,17,2945,47,1385,22,435,7,170,3,0,0,0,0,295,5,2745,44,3555,56,820,13,3370,53,2105,33
"G","East of England","12","Cambridgeshire","12UB","Cambridge",,,6005,1255,21,3025,50,1080,18,255,4,200,3,0,0,0,0,190,3,3055,51,2950,49,755,13,3530,59,1715,29
"G","East of England","12","Cambridgeshire","12UC","East Cambridgeshire",,,3320,575,17,1625,49,560,17,295,9,105,3,0,0,0,0,160,5,1475,44,1845,56,315,9,1720,52,1280,39
"G","East of England","12","Cambridgeshire","12UD","Fenland",,,6315,800,13,3360,53,1075,17,555,9,270,4,0,0,0,0,255,4,2895,46,3420,54,725,11,3075,49,2515,40
"G","East of England","12","Cambridgeshire","12UE","Huntingdonshire",,,7210,1015,14,3645,51,1270,18,605,8,215,3,0,0,0,0,460,6,3110,43,4100,57,790,11,3730,52,2690,37
"G","East of England","12","Cambridgeshire","12UG","South Cambridgeshire",,,4560,730,16,2390,52,610,13,380,8,105,2,0,0,0,0,345,8,2095,46,2465,54,465,10,2320,51,1770,39
"G","East of England","22","Essex","22UB","Basildon",,,14030,2245,16,6390,46,3370,24,1015,7,490,3,0,0,0,0,520,4,6015,43,8015,57,1850,13,7835,56,4335,31
"G","East of England","22","Essex","22UC","Braintree",,,7570,1210,16,3900,52,1325,18,585,8,215,3,0,0,0,0,335,4,3425,45,4145,55,770,10,4025,53,2770,37
"G","East of England","22","Essex","22UD","Brentwood",,,3225,410,13,1740,54,535,17,235,7,110,3,0,0,0,0,195,6,1445,45,1780,55,285,9,1665,52,1275,40
"G","East of England","22","Essex","22UE","Castle Point",,,5605,860,15,2745,49,955,17,525,9,210,4,0,0,0,0,310,6,2540,45,3065,55,535,10,2690,48,2380,42
"G","East of England","22","Essex","22UF","Chelmsford",,,7385,1335,18,3500,47,1370,19,595,8,150,2,0,0,0,0,435,6,3175,43,4210,57,790,11,4015,54,2575,35
"G","East of England","22","Essex","22UG","Colchester",,,10020,1415,14,5520,55,1800,18,635,6,250,2,0,0,0,0,400,4,4695,47,5325,53,1205,12,5360,53,3450,34
"G","East of England","22","Essex","22UH","Epping Forest",,,6905,1155,17,3295,48,1385,20,485,7,220,3,0,0,0,0,365,5,3095,45,3810,55,660,10,3625,52,2620,38
"G","East of England","22","Essex","22UJ","Harlow",,,6135,1125,18,2785,45,1430,23,380,6,190,3,0,0,0,0,225,4,2635,43,3500,57,800,13,3605,59,1720,28
"G","East of England","22","Essex","22UK","Maldon",,,3185,465,15,1630,51,515,16,275,9,95,3,0,0,0,0,205,6,1465,46,1720,54,320,10,1530,48,1330,42
"G","East of England","22","Essex","22UL","Rochford",,,3995,680,17,1980,50,605,15,345,9,125,3,0,0,0,0,260,7,1825,46,2170,54,375,9,2010,50,1605,40
"G","East of England","22","Essex","22UN","Tendring",,,11970,1875,16,6690,56,1790,15,880,7,355,3,0,0,0,0,380,3,6305,53,5665,47,1235,10,5685,47,5030,42
"G","East of England","22","Essex","22UQ","Uttlesford",,,2415,365,15,1210,50,370,15,230,10,50,2,0,0,0,0,190,8,1075,45,1340,55,155,6,1255,52,1000,41
"G","East of England","26","Hertfordshire","26UB","Broxbourne",,,5425,895,16,2510,46,1200,22,395,7,160,3,0,0,0,0,265,5,2285,42,3140,58,600,11,3035,56,1790,33
"G","East of England","26","Hertfordshire","26UC","Dacorum",,,6715,1235,18,3120,46,1365,20,450,7,180,3,0,0,0,0,365,5,2955,44,3760,56,850,13,3725,55,2140,32
"G","East of England","26","Hertfordshire","26UD","East Hertfordshire",,,4775,740,15,2400,50,750,16,415,9,140,3,0,0,0,0,330,7,2110,44,2665,56,465,10,2570,54,1740,36
"G","East of England","26","Hertfordshire","26UE","Hertsmere",,,5080,840,17,2370,47,1125,22,320,6,175,3,0,0,0,0,250,5,2200,43,2880,57,540,11,2855,56,1670,33
"G","East of England","26","Hertfordshire","26UF","North Hertfordshire",,,5665,955,17,2745,48,1055,19,400,7,175,3,0,0,0,0,335,6,2540,45,3125,55,625,11,3040,54,2000,35
"G","East of England","26","Hertfordshire","26UG","St Albans",,,5420,760,14,2865,53,925,17,370,7,155,3,0,0,0,0,345,6,2450,45,2970,55,510,9,2940,54,1965,36
"G","East of England","26","Hertfordshire","26UH","Stevenage",,,5510,925,17,2450,44,1330,24,445,8,160,3,0,0,0,0,200,4,2405,44,3105,56,760,14,3165,57,1585,29
"G","East of England","26","Hertfordshire","26UJ","Three Rivers",,,3720,660,18,1710,46,745,20,255,7,120,3,0,0,0,0,230,6,1635,44,2085,56,345,9,2025,54,1350,36
"G","East of England","26","Hertfordshire","26UK","Watford",,,4725,920,19,2185,46,945,20,305,6,160,3,0,0,0,0,210,4,2205,47,2520,53,505,11,2680,57,1535,32
"G","East of England","26","Hertfordshire","26UL","Welwyn Hatfield",,,5265,810,15,2690,51,1065,20,325,6,140,3,0,0,0,0,235,4,2355,45,2910,55,620,12,3010,57,1635,31
"G","East of England","33","Norfolk","33UB","Breckland",,,7240,1005,14,3845,53,1095,15,665,9,310,4,0,0,0,0,320,4,3475,48,3765,52,865,12,3390,47,2980,41
"G","East of England","33","Norfolk","33UC","Broadland",,,6245,855,14,3635,58,750,12,505,8,195,3,0,0,0,0,305,5,3020,48,3225,52,585,9,2970,48,2690,43
"G","East of England","33","Norfolk","33UD","Great Yarmouth",,,10870,2900,27,4950,46,1525,14,800,7,435,4,0,0,0,0,260,2,5780,53,5090,47,1550,14,5440,50,3875,36
"G","East of England","33","Norfolk","33UE","King's Lynn and West Norfolk",,,10150,1370,13,5645,56,1520,15,885,9,350,3,0,0,0,0,380,4,5025,50,5125,50,1115,11,4950,49,4070,40
"G","East of England","33","Norfolk","33UF","North Norfolk",,,6780,1035,15,3785,56,845,12,535,8,270,4,0,0,0,0,310,5,3560,53,3220,47,680,10,3175,47,2920,43
"G","East of England","33","Norfolk","33UG","Norwich",,,12910,2645,20,6485,50,2355,18,645,5,500,4,0,0,0,0,280,2,6720,52,6190,48,1875,15,7375,57,3655,28
"G","East of England","33","Norfolk","33UH","South Norfolk",,,5630,835,15,3120,55,665,12,460,8,215,4,0,0,0,0,335,6,2730,48,2900,52,560,10,2610,46,2455,44
"G","East of England","42","Suffolk","42UB","Babergh",,,4245,710,17,2110,50,635,15,415,10,150,4,0,0,0,0,225,5,1955,46,2290,54,440,10,2080,49,1725,41
"G","East of England","42","Suffolk","42UC","Forest Heath",,,2460,390,16,1220,50,385,16,220,9,105,4,0,0,0,0,140,6,1180,48,1280,52,260,11,1220,50,980,40
"G","East of England","42","Suffolk","42UD","Ipswich",,,10405,2320,22,4665,45,1980,19,805,8,405,4,0,0,0,0,230,2,5180,50,5225,50,1610,15,5680,55,3100,30
"G","East of England","42","Suffolk","42UE","Mid Suffolk",,,3835,580,15,1915,50,530,14,435,11,135,4,0,0,0,0,240,6,1790,47,2045,53,405,11,1825,48,1605,42
"G","East of England","42","Suffolk","42UF","St Edmundsbury",,,5065,845,17,2530,50,760,15,445,9,185,4,0,0,0,0,300,6,2300,45,2765,55,615,12,2510,50,1940,38
"G","East of England","42","Suffolk","42UG","Suffolk Coastal",,,5940,1020,17,2945,50,860,14,595,10,210,4,0,0,0,0,310,5,2795,47,3145,53,585,10,2890,49,2465,41
"G","East of England","42","Suffolk","42UH","Waveney",,,10470,2205,21,5040,48,1630,16,855,8,415,4,0,0,0,0,325,3,5260,50,5210,50,1295,12,5360,51,3815,36
"H","London",,,"00AA","City of London",,,430,125,29,205,48,45,10,15,3,25,6,0,0,0,0,15,3,250,58,180,42,55,13,235,55,135,31
"H","London",,,"00AB","Barking and Dagenham",,,19255,3195,17,8570,45,5225,27,1170,6,730,4,0,0,0,0,365,2,8400,44,10855,56,2665,14,11425,59,5155,27
"H","London",,,"00AC","Barnet",,,22735,5040,22,9600,42,5000,22,1235,5,1075,5,0,0,0,0,785,3,10430,46,12305,54,2335,10,13805,61,6585,29
"H","London",,,"00AD","Bexley",,,14575,2625,18,6240,43,3620,25,970,7,440,3,0,0,0,0,680,5,6205,43,8370,57,1595,11,8085,55,4890,34
"H","London",,,"00AE","Brent",,,29065,7090,24,12230,42,6490,22,1050,4,1570,5,0,0,0,0,635,2,14360,49,14705,51,2940,10,18140,62,7925,27
"H","London",,,"00AF","Bromley",,,18235,3700,20,7950,44,4120,23,980,5,665,4,0,0,0,0,820,4,8160,45,10075,55,2005,11,10445,57,5780,32
"H","London",,,"00AG","Camden",,,24570,5680,23,11780,48,4730,19,720,3,1385,6,0,0,0,0,275,1,12705,52,11865,48,2450,10,15930,65,6135,25
"H","London",,,"00AH","Croydon",,,27400,6130,22,10415,38,7440,27,1190,4,1320,5,0,0,0,0,905,3,12125,44,15275,56,3440,13,16545,60,7400,27
"H","London",,,"00AJ","Ealing",,,28675,5815,20,13190,46,6015,21,1145,4,1705,6,0,0,0,0,805,3,13895,48,14780,52,3060,11,17040,59,8515,30
"H","London",,,"00AK","Enfield",,,26255,5485,21,11080,42,6275,24,1130,4,1540,6,0,0,0,0,745,3,12125,46,14130,54,3085,12,15565,59,7570,29
"H","London",,,"00AL","Greenwich",,,25560,5685,22,10080,39,7095,28,1155,5,1045,4,0,0,0,0,500,2,11295,44,14265,56,3615,14,15285,60,6640,26
"H","London",,,"00AM","Hackney",,,33360,7425,22,14020,42,8290,25,1015,3,2330,7,0,0,0,0,280,1,16210,49,17150,51,4030,12,21665,65,7605,23
"H","London",,,"00AN","Hammersmith and Fulham",,,17945,4305,24,7700,43,4135,23,480,3,1035,6,0,0,0,0,290,2,8830,49,9115,51,1860,10,11500,64,4570,25
"H","London",,,"00AP","Haringey",,,30350,7440,25,11790,39,7705,25,855,3,2130,7,0,0,0,0,430,1,14720,49,15630,51,3770,12,19585,65,6935,23
"H","London",,,"00AQ","Harrow",,,14115,2705,19,6430,46,2830,20,825,6,710,5,0,0,0,0,615,4,6435,46,7680,54,1435,10,8160,58,4515,32
"H","London",,,"00AR","Havering",,,15250,2345,15,7555,50,3005,20,1160,8,470,3,0,0,0,0,715,5,6835,45,8415,55,1520,10,8080,53,5630,37
"H","London",,,"00AS","Hillingdon",,,18040,2920,16,8060,45,4455,25,935,5,945,5,0,0,0,0,725,4,7820,43,10220,57,2405,13,10195,57,5420,30
"H","London",,,"00AT","Hounslow",,,19180,2800,15,9220,48,4545,24,835,4,1150,6,0,0,0,0,630,3,8575,45,10605,55,2195,11,11125,58,5835,30
"H","London",,,"00AU","Islington",,,27490,6225,23,12400,45,6405,23,755,3,1405,5,0,0,0,0,300,1,13115,48,14375,52,2915,11,17905,65,6635,24
"H","London",,,"00AW","Kensington and Chelsea",,,12595,2945,23,5990,48,2350,19,335,3,745,6,0,0,0,0,230,2,6410,51,6185,49,1125,9,7845,62,3590,29
"H","London",,,"00AX","Kingston upon Thames",,,7240,1525,21,3275,45,1480,20,340,5,290,4,0,0,0,0,330,5,3390,47,3850,53,760,10,4085,56,2395,33
"H","London",,,"00AY","Lambeth",,,35325,10250,29,12665,36,9345,26,740,2,1850,5,0,0,0,0,475,1,17185,49,18140,51,4240,12,23320,66,7710,22
"H","London",,,"00AZ","Lewisham",,,29560,7825,26,10875,37,8005,27,975,3,1370,5,0,0,0,0,510,2,13970,47,15590,53,3890,13,18580,63,7055,24
"H","London",,,"00BA","Merton",,,11805,2710,23,4865,41,2735,23,515,4,585,5,0,0,0,0,395,3,5460,46,6345,54,1360,12,6810,58,3630,31
"H","London",,,"00BB","Newham",,,34440,7185,21,14015,41,9260,27,1760,5,1675,5,0,0,0,0,545,2,15920,46,18520,54,4355,13,21655,63,8375,24
"H","London",,,"00BC","Redbridge",,,19000,3720,20,8795,46,3715,20,1255,7,815,4,0,0,0,0,700,4,8890,47,10110,53,1945,10,10880,57,6150,32
"H","London",,,"00BD","Richmond upon Thames",,,8155,1785,22,3910,48,1415,17,355,4,310,4,0,0,0,0,380,5,3875,48,4280,52,720,9,4630,57,2800,34
"H","London",,,"00BE","Southwark",,,33465,8790,26,12440,37,9320,28,945,3,1545,5,0,0,0,0,425,1,15620,47,17845,53,4255,13,21415,64,7735,23
"H","London",,,"00BF","Sutton",,,10710,1850,17,4880,46,2425,23,645,6,385,4,0,0,0,0,525,5,4645,43,6065,57,1155,11,6060,57,3490,33
"H","London",,,"00BG","Tower Hamlets",,,29010,7515,26,11770,41,6000,21,1560,5,1890,7,0,0,0,0,275,1,15355,53,13655,47,3620,12,18180,63,7095,24
"H","London",,,"00BH","Waltham Forest",,,24160,5705,24,10015,41,5470,23,1230,5,1230,5,0,0,0,0,510,2,11785,49,12375,51,2865,12,14635,61,6625,27
"H","London",,,"00BJ","Wandsworth",,,22390,5810,26,8975,40,4885,22,855,4,1320,6,0,0,0,0,545,2,10815,48,11575,52,2575,12,13550,61,6235,28
"H","London",,,"00BK","Westminster",,,18870,4295,23,9245,49,3360,18,645,3,1045,6,0,0,0,0,280,1,9810,52,9060,48,1675,9,12140,64,5030,27
"J","South East",,,"00LC","Medway",,,18900,3595,19,8220,43,4305,23,1380,7,635,3,0,0,0,0,765,4,8570,45,10330,55,2540,13,10390,55,5960,32
"J","South East",,,"00MA","Bracknell Forest",,,4840,800,17,2360,49,955,20,290,6,160,3,0,0,0,0,275,6,2265,47,2575,53,545,11,2810,58,1485,31
"J","South East",,,"00MB","West Berkshire",,,5600,865,15,2725,49,1060,19,395,7,160,3,0,0,0,0,395,7,2505,45,3095,55,605,11,3045,54,1950,35
"J","South East",,,"00MC","Reading",,,9210,1785,19,4035,44,2275,25,450,5,365,4,0,0,0,0,300,3,4225,46,4985,54,1345,15,5315,58,2540,28
"J","South East",,,"00MD","Slough",,,9100,1835,20,3995,44,2110,23,465,5,375,4,0,0,0,0,320,4,4245,47,4855,53,1075,12,5305,58,2700,30
"J","South East",,,"00ME","Windsor and Maidenhead",,,5300,1095,21,2260,43,985,19,350,7,185,3,0,0,0,0,425,8,2350,44,2950,56,570,11,2770,52,1960,37
"J","South East",,,"00MF","Wokingham",,,4565,865,19,2220,49,640,14,350,8,115,3,0,0,0,0,375,8,2045,45,2520,55,430,9,2430,53,1700,37
"J","South East",,,"00MG","Milton Keynes",,,14790,2405,16,7160,48,3315,22,955,6,430,3,0,0,0,0,525,4,6350,43,8440,57,1925,13,8330,56,4525,31
"J","South East",,,"00ML","Brighton and Hove",,,23645,4990,21,12285,52,4045,17,1025,4,710,3,0,0,0,0,590,2,12410,52,11235,48,2265,10,14275,60,7085,30
"J","South East",,,"00MR","Portsmouth",,,15125,2705,18,7165,47,3305,22,860,6,630,4,0,0,0,0,460,3,7445,49,7680,51,1905,13,8245,55,4955,33
"J","South East",,,"00MS","Southampton",,,19205,3240,17,9320,49,4240,22,1125,6,755,4,0,0,0,0,525,3,9385,49,9820,51,2600,14,10615,55,5960,31
"J","South East",,,"00MW","Isle of Wight",,,12335,2665,22,6000,49,1930,16,885,7,380,3,0,0,0,0,475,4,6375,52,5960,48,1440,12,6015,49,4880,40
"J","South East","11","Buckinghamshire","11UB","Aylesbury Vale",,,7050,1015,14,3570,51,1260,18,580,8,195,3,0,0,0,0,430,6,3115,44,3935,56,760,11,3805,54,2485,35
"J","South East","11","Buckinghamshire","11UC","Chiltern",,,3365,560,17,1725,51,490,15,245,7,95,3,0,0,0,0,250,7,1570,47,1795,53,340,10,1750,52,1275,38
"J","South East","11","Buckinghamshire","11UE","South Bucks",,,2315,345,15,1080,47,430,19,190,8,80,3,0,0,0,0,190,8,960,41,1355,59,240,10,1180,51,895,39
"J","South East","11","Buckinghamshire","11UF","Wycombe",,,7455,1585,21,3155,42,1460,20,590,8,230,3,0,0,0,0,435,6,3375,45,4080,55,935,13,4075,55,2435,33
"J","South East","21","East Sussex","21UC","Eastbourne",,,7155,1290,18,3640,51,1335,19,400,6,250,3,0,0,0,0,240,3,3470,48,3685,52,755,11,3955,55,2425,34
"J","South East","21","East Sussex","21UD","Hastings",,,10115,1900,19,5125,51,1975,20,515,5,375,4,0,0,0,0,225,2,5220,52,4895,48,1345,13,5505,54,3255,32
"J","South East","21","East Sussex","21UF","Lewes",,,5270,895,17,2750,52,825,16,395,7,135,3,0,0,0,0,270,5,2530,48,2740,52,545,10,2630,50,2090,40
"J","South East","21","East Sussex","21UG","Rother",,,5310,755,14,2850,54,895,17,390,7,170,3,0,0,0,0,250,5,2535,48,2775,52,460,9,2585,49,2255,42
"J","South East","21","East Sussex","21UH","Wealden",,,5930,730,12,3235,55,855,14,505,9,170,3,0,0,0,0,435,7,2635,44,3295,56,510,9,2895,49,2525,43
"J","South East","24","Hampshire","24UB","Basingstoke and Deane",,,7010,1030,15,3485,50,1430,20,460,7,200,3,0,0,0,0,405,6,2895,41,4115,59,785,11,3765,54,2455,35
"J","South East","24","Hampshire","24UC","East Hampshire",,,4450,680,15,2190,49,775,17,310,7,170,4,0,0,0,0,325,7,1935,43,2515,57,525,12,2345,53,1580,36
"J","South East","24","Hampshire","24UD","Eastleigh",,,5395,700,13,2830,52,945,18,465,9,115,2,0,0,0,0,340,6,2375,44,3020,56,510,9,2795,52,2085,39
"J","South East","24","Hampshire","24UE","Fareham",,,4345,660,15,2195,51,680,16,380,9,115,3,0,0,0,0,315,7,1920,44,2425,56,435,10,2120,49,1790,41
"J","South East","24","Hampshire","24UF","Gosport",,,4640,680,15,2135,46,1070,23,380,8,160,3,0,0,0,0,215,5,1990,43,2650,57,610,13,2520,54,1505,32
"J","South East","24","Hampshire","24UG","Hart",,,2320,395,17,1105,48,340,15,210,9,55,2,0,0,0,0,215,9,980,42,1340,58,210,9,1185,51,925,40
"J","South East","24","Hampshire","24UH","Havant",,,8705,1360,16,4125,47,1860,21,700,8,330,4,0,0,0,0,330,4,4020,46,4685,54,1090,13,4485,52,3115,36
"J","South East","24","Hampshire","24UJ","New Forest",,,8670,1185,14,4540,52,1450,17,730,8,280,3,0,0,0,0,485,6,4060,47,4610,53,875,10,4330,50,3460,40
"J","South East","24","Hampshire","24UL","Rushmoor",,,4160,655,16,2050,49,870,21,285,7,115,3,0,0,0,0,185,4,1795,43,2365,57,510,12,2355,57,1290,31
"J","South East","24","Hampshire","24UN","Test Valley",,,4580,560,12,2420,53,760,17,410,9,105,2,0,0,0,0,325,7,1955,43,2625,57,470,10,2350,51,1755,38
"J","South East","24","Hampshire","24UP","Winchester",,,4005,585,15,2150,54,585,15,270,7,120,3,0,0,0,0,295,7,1935,48,2070,52,450,11,2040,51,1515,38
"J","South East","29","Kent","29UB","Ashford",,,6435,960,15,3135,49,1320,21,480,7,245,4,0,0,0,0,295,5,2915,45,3520,55,795,12,3310,51,2320,36
"J","South East","29","Kent","29UC","Canterbury",,,9220,1410,15,4735,51,1670,18,710,8,330,4,0,0,0,0,365,4,4435,48,4785,52,1080,12,4655,50,3465,38
"J","South East","29","Kent","29UD","Dartford",,,5440,950,17,2565,47,1125,21,390,7,155,3,0,0,0,0,255,5,2435,45,3005,55,640,12,2910,53,1890,35
"J","South East","29","Kent","29UE","Dover",,,9130,1465,16,4615,51,1745,19,600,7,345,4,0,0,0,0,360,4,4580,50,4550,50,1185,13,4545,50,3400,37
"J","South East","29","Kent","29UG","Gravesham",,,7250,1545,21,3225,44,1405,19,480,7,270,4,0,0,0,0,325,4,3475,48,3775,52,895,12,3915,54,2435,34
"J","South East","29","Kent","29UH","Maidstone",,,7980,1165,15,4095,51,1495,19,570,7,250,3,0,0,0,0,405,5,3710,46,4270,54,960,12,4225,53,2795,35
"J","South East","29","Kent","29UK","Sevenoaks",,,5070,725,14,2505,49,960,19,360,7,180,4,0,0,0,0,340,7,2220,44,2850,56,560,11,2580,51,1930,38
"J","South East","29","Kent","29UL","Shepway",,,8505,1395,16,4370,51,1505,18,515,6,410,5,0,0,0,0,310,4,4275,50,4230,50,1035,12,4450,52,3010,35
"J","South East","29","Kent","29UM","Swale",,,10235,1735,17,5050,49,1970,19,800,8,320,3,0,0,0,0,360,4,4970,49,5265,51,1365,13,5275,52,3580,35
"J","South East","29","Kent","29UN","Thanet",,,13455,2855,21,6320,47,2475,18,870,6,535,4,0,0,0,0,400,3,6885,51,6570,49,1735,13,6840,51,4865,36
"J","South East","29","Kent","29UP","Tonbridge and Malling",,,5095,715,14,2520,49,1020,20,385,8,165,3,0,0,0,0,290,6,2240,44,2855,56,550,11,2690,53,1855,36
"J","South East","29","Kent","29UQ","Tunbridge Wells",,,4970,675,14,2590,52,975,20,310,6,120,2,0,0,0,0,300,6,2310,46,2660,54,600,12,2690,54,1680,34
"J","South East","38","Oxfordshire","38UB","Cherwell",,,5850,695,12,3050,52,1175,20,435,7,180,3,0,0,0,0,315,5,2535,43,3315,57,715,12,3115,53,2010,34
"J","South East","38","Oxfordshire","38UC","Oxford",,,8555,1415,17,4235,50,1920,22,375,4,355,4,0,0,0,0,255,3,4220,49,4335,51,1135,13,5050,59,2365,28
"J","South East","38","Oxfordshire","38UD","South Oxfordshire",,,4600,605,13,2270,49,845,18,370,8,125,3,0,0,0,0,385,8,2040,44,2560,56,465,10,2385,52,1745,38
"J","South East","38","Oxfordshire","38UE","Vale of White Horse",,,4015,555,14,2020,50,730,18,340,8,90,2,0,0,0,0,280,7,1755,44,2260,56,450,11,2110,53,1455,36
"J","South East","38","Oxfordshire","38UF","West Oxfordshire",,,3275,390,12,1705,52,540,16,275,8,115,4,0,0,0,0,250,8,1445,44,1830,56,340,10,1655,51,1275,39
"J","South East","43","Surrey","43UB","Elmbridge",,,4360,720,17,2015,46,915,21,270,6,125,3,0,0,0,0,315,7,1920,44,2440,56,430,10,2470,57,1460,33
"J","South East","43","Surrey","43UC","Epsom and Ewell",,,2820,420,15,1490,53,495,18,160,6,90,3,0,0,0,0,165,6,1295,46,1525,54,255,9,1515,54,1045,37
"J","South East","43","Surrey","43UD","Guildford",,,4970,780,16,2475,50,900,18,330,7,165,3,0,0,0,0,320,6,2230,45,2740,55,560,11,2760,56,1650,33
"J","South East","43","Surrey","43UE","Mole Valley",,,2810,355,13,1505,54,390,14,230,8,120,4,0,0,0,0,210,7,1345,48,1465,52,210,7,1525,54,1075,38
"J","South East","43","Surrey","43UF","Reigate and Banstead",,,5280,605,11,2845,54,975,18,340,6,165,3,0,0,0,0,350,7,2365,45,2915,55,565,11,2845,54,1870,35
"J","South East","43","Surrey","43UG","Runnymede",,,2930,440,15,1495,51,530,18,185,6,105,4,0,0,0,0,175,6,1310,45,1620,55,275,9,1525,52,1130,39
"J","South East","43","Surrey","43UH","Spelthorne",,,4400,615,14,2200,50,870,20,280,6,170,4,0,0,0,0,265,6,1980,45,2420,55,405,9,2425,55,1565,36
"J","South East","43","Surrey","43UJ","Surrey Heath",,,2555,450,18,1140,45,435,17,240,9,60,2,0,0,0,0,230,9,1075,42,1480,58,250,10,1395,55,905,35
"J","South East","43","Surrey","43UK","Tandridge",,,3150,370,12,1645,52,530,17,245,8,115,4,0,0,0,0,245,8,1410,45,1740,55,325,10,1615,51,1210,38
"J","South East","43","Surrey","43UL","Waverley",,,4110,620,15,2120,52,675,16,270,7,120,3,0,0,0,0,305,7,1830,45,2280,55,380,9,2165,53,1565,38
"J","South East","43","Surrey","43UM","Woking",,,3640,510,14,1780,49,685,19,275,8,160,4,0,0,0,0,230,6,1605,44,2035,56,395,11,2005,55,1240,34
"J","South East","45","West Sussex","45UB","Adur",,,3755,440,12,1950,52,770,21,290,8,125,3,0,0,0,0,180,5,1630,43,2125,57,395,11,1935,52,1425,38
"J","South East","45","West Sussex","45UC","Arun",,,8500,990,12,4755,56,1460,17,565,7,285,3,0,0,0,0,445,5,4080,48,4420,52,720,8,4220,50,3545,42
"J","South East","45","West Sussex","45UD","Chichester",,,4900,720,15,2505,51,850,17,335,7,180,4,0,0,0,0,310,6,2325,47,2575,53,465,9,2445,50,1990,41
"J","South East","45","West Sussex","45UE","Crawley",,,5980,950,16,2870,48,1415,24,310,5,175,3,0,0,0,0,260,4,2555,43,3425,57,840,14,3380,57,1760,29
"J","South East","45","West Sussex","45UF","Horsham",,,4420,720,16,2165,49,795,18,305,7,125,3,0,0,0,0,310,7,2015,46,2405,54,480,11,2330,53,1610,36
"J","South East","45","West Sussex","45UG","Mid Sussex",,,4790,705,15,2485,52,825,17,305,6,125,3,0,0,0,0,345,7,2100,44,2690,56,530,11,2545,53,1715,36
"J","South East","45","West Sussex","45UH","Worthing",,,6265,665,11,3625,58,1085,17,370,6,235,4,0,0,0,0,285,5,3035,48,3230,52,620,10,3305,53,2330,37
"K","South West",,,"00HA","Bath and North East Somerset",,,9050,1225,14,4845,54,1695,19,575,6,290,3,0,0,0,0,420,5,4370,48,4680,52,1005,11,4965,55,3070,34
"K","South West",,,"00HB","Bristol, City of",,,37210,6365,17,19135,51,7455,20,2105,6,1240,3,0,0,0,0,910,2,18690,50,18520,50,4815,13,21615,58,10740,29
"K","South West",,,"00HC","North Somerset",,,12440,1505,12,7440,60,1690,14,880,7,375,3,0,0,0,0,550,4,6305,51,6135,49,1305,10,6340,51,4795,39
"K","South West",,,"00HD","South Gloucestershire",,,12410,1685,14,6480,52,2240,18,1085,9,280,2,0,0,0,0,640,5,5695,46,6715,54,1240,10,6395,52,4775,38
"K","South West",,,"00HG","Plymouth",,,25625,4385,17,13885,54,3995,16,1910,7,810,3,0,0,0,0,640,2,13080,51,12545,49,3495,14,13585,53,8540,33
"K","South West",,,"00HH","Torbay",,,13820,2860,21,7100,51,2045,15,995,7,450,3,0,0,0,0,370,3,7275,53,6545,47,1480,11,7130,52,5210,38
"K","South West",,,"00HN","Bournemouth",,,14170,2245,16,8120,57,2260,16,685,5,490,3,0,0,0,0,370,3,7560,53,6610,47,1385,10,8050,57,4725,33
"K","South West",,,"00HP","Poole",,,8690,1135,13,4660,54,1625,19,620,7,260,3,0,0,0,0,390,4,3995,46,4695,54,875,10,4505,52,3305,38
"K","South West",,,"00HX","Swindon",,,11795,2095,18,5915,50,2245,19,735,6,330,3,0,0,0,0,475,4,5400,46,6395,54,1485,13,6390,54,3915,33
"K","South West","15","Cornwall and Isles of Scilly","15UB","Caradon",,,5740,955,17,3070,53,725,13,540,9,210,4,0,0,0,0,240,4,2820,49,2920,51,585,10,2665,46,2480,43
"K","South West","15","Cornwall and Isles of Scilly","15UC","Carrick",,,6870,1310,19,3625,53,900,13,565,8,200,3,0,0,0,0,270,4,3475,51,3395,49,795,12,3380,49,2695,39
"K","South West","15","Cornwall and Isles of Scilly","15UD","Kerrier",,,9145,1635,18,4880,53,1215,13,770,8,315,3,0,0,0,0,330,4,4850,53,4295,47,1010,11,4380,48,3750,41
"K","South West","15","Cornwall and Isles of Scilly","15UE","North Cornwall",,,6220,1085,17,3355,54,770,12,555,9,210,3,0,0,0,0,245,4,3145,51,3075,49,630,10,2940,47,2645,43
"K","South West","15","Cornwall and Isles of Scilly","15UF","Penwith",,,6785,1370,20,3610,53,860,13,510,8,235,3,0,0,0,0,200,3,3605,53,3180,47,765,11,3210,47,2810,41
"K","South West","15","Cornwall and Isles of Scilly","15UG","Restormel",,,8695,1630,19,4505,52,1130,13,810,9,305,4,0,0,0,0,315,4,4480,52,4215,48,1070,12,4275,49,3345,38
"K","South West","15","Cornwall and Isles of Scilly","15UH","Isles of Scilly",,,60,20,33,25,42,0,0,10,17,0,0,0,0,0,0,5,8,25,42,35,58,10,17,25,42,25,42
"K","South West","18","Devon","18UB","East Devon",,,6950,995,14,3880,56,935,13,565,8,200,3,0,0,0,0,375,5,3430,49,3520,51,650,9,3300,47,3000,43
"K","South West","18","Devon","18UC","Exeter",,,8670,1475,17,4695,54,1425,16,555,6,245,3,0,0,0,0,275,3,4375,50,4295,50,1190,14,4685,54,2790,32
"K","South West","18","Devon","18UD","Mid Devon",,,4380,635,14,2365,54,655,15,350,8,140,3,0,0,0,0,235,5,2130,49,2250,51,480,11,2170,50,1730,39
"K","South West","18","Devon","18UE","North Devon",,,7190,1430,20,3610,50,1055,15,550,8,260,4,0,0,0,0,285,4,3635,51,3555,49,785,11,3575,50,2820,39
"K","South West","18","Devon","18UG","South Hams",,,5130,775,15,2805,55,680,13,455,9,185,4,0,0,0,0,230,4,2495,49,2635,51,470,9,2470,48,2190,43
"K","South West","18","Devon","18UH","Teignbridge",,,8455,1375,16,4605,54,1150,14,670,8,255,3,0,0,0,0,400,5,4320,51,4135,49,840,10,4050,48,3555,42
"K","South West","18","Devon","18UK","Torridge",,,4865,1010,21,2520,52,560,12,450,9,145,3,0,0,0,0,180,4,2545,52,2320,48,525,11,2220,46,2120,44
"K","South West","18","Devon","18UL","West Devon",,,2975,395,13,1685,57,380,13,285,10,75,3,0,0,0,0,155,5,1485,50,1490,50,295,10,1425,48,1255,42
"K","South West","19","Dorset","19UC","Christchurch",,,2580,320,12,1370,53,400,16,240,9,95,4,0,0,0,0,155,6,1180,46,1400,54,200,8,1270,49,1105,43
"K","South West","19","Dorset","19UD","East Dorset",,,3575,430,12,1930,54,515,14,350,10,100,3,0,0,0,0,250,7,1625,45,1950,55,335,9,1635,46,1605,45
"K","South West","19","Dorset","19UE","North Dorset",,,2755,310,11,1495,54,445,16,265,10,75,3,0,0,0,0,165,6,1200,44,1555,56,255,9,1395,51,1105,40
"K","South West","19","Dorset","19UG","Purbeck",,,2330,275,12,1260,54,390,17,195,8,80,3,0,0,0,0,130,6,1105,47,1225,53,200,9,1125,48,1005,43
"K","South West","19","Dorset","19UH","West Dorset",,,4920,545,11,2925,59,625,13,365,7,180,4,0,0,0,0,280,6,2415,49,2505,51,440,9,2430,49,2050,42
"K","South West","19","Dorset","19UJ","Weymouth and Portland",,,5665,835,15,3220,57,845,15,400,7,175,3,0,0,0,0,190,3,2935,52,2730,48,735,13,2765,49,2160,38
"K","South West","23","Gloucestershire","23UB","Cheltenham",,,6745,1445,21,3240,48,1215,18,375,6,205,3,0,0,0,0,265,4,3345,50,3400,50,935,14,3670,54,2135,32
"K","South West","23","Gloucestershire","23UC","Cotswold",,,3070,480,16,1575,51,445,14,255,8,120,4,0,0,0,0,195,6,1390,45,1680,55,340,11,1495,49,1235,40
"K","South West","23","Gloucestershire","23UD","Forest of Dean",,,5665,1120,20,2975,53,680,12,425,8,250,4,0,0,0,0,215,4,2930,52,2735,48,640,11,2660,47,2365,42
"K","South West","23","Gloucestershire","23UE","Gloucester",,,8890,1815,20,4325,49,1640,18,500,6,340,4,0,0,0,0,270,3,4525,51,4365,49,1310,15,4650,52,2930,33
"K","South West","23","Gloucestershire","23UF","Stroud",,,5690,1080,19,2935,52,780,14,435,8,160,3,0,0,0,0,300,5,2805,49,2885,51,655,12,2870,50,2160,38
"K","South West","23","Gloucestershire","23UG","Tewkesbury",,,3730,710,19,1770,47,625,17,300,8,105,3,0,0,0,0,220,6,1675,45,2055,55,455,12,1825,49,1445,39
"K","South West","40","Somerset","40UB","Mendip",,,6225,975,16,3370,54,1015,16,415,7,165,3,0,0,0,0,285,5,3020,49,3205,51,620,10,3345,54,2260,36
"K","South West","40","Somerset","40UC","Sedgemoor",,,7640,1115,15,4215,55,1180,15,580,8,225,3,0,0,0,0,325,4,3780,49,3860,51,905,12,3690,48,3045,40
"K","South West","40","Somerset","40UD","South Somerset",,,8155,1095,13,4615,57,1145,14,695,9,210,3,0,0,0,0,395,5,3935,48,4220,52,1020,13,3955,48,3180,39
"K","South West","40","Somerset","40UE","Taunton Deane",,,6760,820,12,3915,58,1025,15,490,7,185,3,0,0,0,0,325,5,3325,49,3435,51,720,11,3465,51,2570,38
"K","South West","40","Somerset","40UF","West Somerset",,,2480,410,17,1405,57,315,13,170,7,85,3,0,0,0,0,95,4,1265,51,1215,49,250,10,1170,47,1060,43
"K","South West","46","Wiltshire","46UB","Kennet",,,3285,520,16,1610,49,570,17,250,8,110,3,0,0,0,0,225,7,1520,46,1765,54,375,11,1710,52,1200,37
"K","South West","46","Wiltshire","46UC","North Wiltshire",,,5610,845,15,2840,51,980,17,475,8,155,3,0,0,0,0,315,6,2525,45,3085,55,560,10,2960,53,2090,37
"K","South West","46","Wiltshire","46UD","Salisbury",,,5200,550,11,2990,58,855,16,350,7,155,3,0,0,0,0,300,6,2370,46,2830,54,525,10,2700,52,1970,38
"K","South West","46","Wiltshire","46UF","West Wiltshire",,,6425,925,14,3385,53,1180,18,445,7,150,2,0,0,0,0,340,5,2940,46,3485,54,760,12,3380,53,2285,36
,,,,"00NA","Isle of Anglesey",,,8155,1810,22,4350,53,950,12,635,8,190,2,0,0,0,0,220,3,4550,56,3605,44,830,10,3740,46,3585,44
,,,,"00NC","Gwynedd",,,11965,2685,22,6350,53,1410,12,815,7,345,3,0,0,0,0,360,3,6670,56,5295,44,1285,11,5580,47,5095,43
,,,,"00NE","Conwy",,,11445,1990,17,6595,58,1375,12,840,7,270,2,0,0,0,0,375,3,6155,54,5290,46,1210,11,5565,49,4670,41
,,,,"00NG","Denbighshire",,,10085,1420,14,6130,61,1250,12,750,7,245,2,0,0,0,0,290,3,5300,53,4785,47,1080,11,4805,48,4200,42
,,,,"00NJ","Flintshire",,,13690,1965,14,8040,59,1765,13,1190,9,250,2,0,0,0,0,480,4,6795,50,6895,50,1330,10,6500,47,5850,43
,,,,"00NL","Wrexham",,,13810,1750,13,8560,62,1700,12,1080,8,325,2,0,0,0,0,395,3,6975,51,6835,49,1645,12,6520,47,5630,41
,,,,"00NN","Powys",,,10215,1530,15,6125,60,1145,11,740,7,245,2,0,0,0,0,430,4,5280,52,4935,48,970,9,4670,46,4570,45
,,,,"00NQ","Ceredigion",,,6675,940,14,4315,65,590,9,480,7,130,2,0,0,0,0,220,3,3645,55,3030,45,645,10,3080,46,2945,44
,,,,"00NS","Pembrokeshire",,,13155,2480,19,7280,55,1610,12,995,8,380,3,0,0,0,0,410,3,7090,54,6065,46,1595,12,6145,47,5400,41
,,,,"00NU","Carmarthenshire",,,22750,2850,13,15035,66,2210,10,1520,7,545,2,0,0,0,0,590,3,11930,52,10820,48,2470,11,10350,45,9920,44
,,,,"00NX","Swansea",,,29585,4310,15,18090,61,4140,14,1825,6,580,2,0,0,0,0,640,2,15310,52,14275,48,3670,12,14525,49,11365,38
,,,,"00NZ","Neath Port Talbot",,,22150,2635,12,14595,66,2475,11,1595,7,405,2,0,0,0,0,445,2,11195,51,10955,49,2500,11,10665,48,8980,41
,,,,"00PB","Bridgend",,,17645,2010,11,11455,65,2160,12,1200,7,435,2,0,0,0,0,385,2,8870,50,8775,50,2065,12,8335,47,7230,41
,,,,"00PD","The Vale of Glamorgan",,,11100,1910,17,6105,55,1730,16,715,6,290,3,0,0,0,0,350,3,5685,51,5415,49,1360,12,5430,49,4300,39
,,,,"00PF","Rhondda, Cynon, Taff",,,37040,3700,10,25195,68,4625,12,2035,5,770,2,0,0,0,0,715,2,18855,51,18185,49,4480,12,17860,48,14670,40
,,,,"00PH","Merthyr Tydfil",,,10845,1230,11,7320,67,1450,13,510,5,170,2,0,0,0,0,165,2,5605,52,5240,48,1285,12,5200,48,4355,40
,,,,"00PK","Caerphilly",,,26725,3175,12,17445,65,3265,12,1745,7,520,2,0,0,0,0,575,2,13625,51,13100,49,3280,12,12730,48,10700,40
,,,,"00PL","Blaenau Gwent",,,12655,1855,15,8110,64,1530,12,685,5,265,2,0,0,0,0,210,2,6695,53,5960,47,1520,12,5940,47,5195,41
,,,,"00PM","Torfaen",,,12040,1585,13,7370,61,1780,15,795,7,255,2,0,0,0,0,255,2,6250,52,5790,48,1390,12,5795,48,4850,40
,,,,"00PP","Monmouthshire",,,6530,985,15,3865,59,745,11,505,8,150,2,0,0,0,0,280,4,3360,51,3170,49,680,10,2975,46,2870,44
,,,,"00PR","Newport",,,17115,3130,18,8960,52,3145,18,1020,6,455,3,0,0,0,0,405,2,8660,51,8455,49,2290,13,8780,51,6025,35
,,,,"00PT","Cardiff",,,33165,5175,16,18265,55,5980,18,1935,6,1040,3,0,0,0,0,770,2,16845,51,16320,49,4260,13,18205,55,10675,32
,,,,"100","Aberdeen City",,,17990,2510,14,10835,60,2750,15,690,4,535,3,0,0,0,0,670,4,9035,50,8955,50,2600,14,9515,53,5870,33
,,,,"110","Aberdeenshire",,,13690,1925,14,8075,59,1580,12,990,7,350,3,0,0,0,0,770,6,6615,48,7075,52,1550,11,6630,48,5505,40
,,,,"120","Angus",,,9330,2160,23,4650,50,1235,13,575,6,305,3,0,0,0,0,405,4,4595,49,4735,51,1310,14,4515,48,3490,37
,,,,"130","Argyll & Bute",,,8360,1995,24,4370,52,895,11,435,5,275,3,0,0,0,0,390,5,4445,53,3915,47,915,11,4025,48,3415,41
,,,,"150","Clackmannanshire",,,6570,1220,19,3825,58,815,12,385,6,140,2,0,0,0,0,185,3,3295,50,3275,50,850,13,3345,51,2375,36
,,,,"170","Dumfries & Galloway",,,14470,3160,22,7540,52,1620,11,1130,8,495,3,0,0,0,0,525,4,7705,53,6765,47,1815,13,6685,46,5960,41
,,,,"180","Dundee City",,,20815,4925,24,10740,52,3095,15,950,5,635,3,0,0,0,0,470,2,11025,53,9790,47,2940,14,11200,54,6640,32
,,,,"190","East Ayrshire",,,16390,3935,24,8120,50,2310,14,1100,7,525,3,0,0,0,0,400,2,8580,52,7810,48,2180,13,8220,50,5980,36
,,,,"200","East Dunbartonshire",,,8095,1445,18,4770,59,795,10,485,6,170,2,0,0,0,0,430,5,4000,49,4095,51,805,10,3940,49,3345,41
,,,,"210","East Lothian",,,7330,970,13,4390,60,960,13,525,7,195,3,0,0,0,0,290,4,3670,50,3660,50,830,11,3620,49,2875,39
,,,,"220","East Renfrewshire",,,6345,1080,17,3750,59,675,11,385,6,150,2,0,0,0,0,305,5,3180,50,3165,50,645,10,3215,51,2480,39
,,,,"230","Edinburgh, City of",,,39880,6980,18,22490,56,6050,15,1915,5,1210,3,0,0,0,0,1235,3,20895,52,18985,48,4960,12,22550,57,12345,31
,,,,"235","Eilean Siar",,,2760,825,30,1230,45,205,7,225,8,110,4,0,0,0,0,165,6,1690,61,1070,39,240,9,1215,44,1305,47
,,,,"240","Falkirk",,,17070,3495,20,9600,56,2020,12,1005,6,435,3,0,0,0,0,515,3,8855,52,8215,48,2010,12,8550,50,6495,38
,,,,"250","Fife",,,37880,9310,25,19240,51,4840,13,2240,6,1000,3,0,0,0,0,1250,3,19540,52,18340,48,5265,14,18950,50,13630,36
,,,,"260","Glasgow City",,,112830,18455,16,66370,59,17225,15,4645,4,4275,4,0,0,0,0,1860,2,60420,54,52410,46,13350,12,64715,57,34580,31
,,,,"270","Highland",,,20075,4805,24,9990,50,2375,12,1375,7,640,3,0,0,0,0,890,4,10805,54,9270,46,2220,11,10010,50,7835,39
,,,,"280","Inverclyde",,,13475,2535,19,7830,58,1735,13,555,4,465,3,0,0,0,0,355,3,7475,55,6000,45,1805,13,6920,51,4745,35
,,,,"290","Midlothian",,,7540,965,13,4445,59,1145,15,520,7,190,3,0,0,0,0,275,4,3650,48,3890,52,935,12,3750,50,2845,38
,,,,"300","Moray",,,6805,1405,21,3525,52,815,12,520,8,215,3,0,0,0,0,325,5,3435,50,3370,50,880,13,3320,49,2605,38
,,,,"310","North Ayrshire",,,19650,4600,23,9890,50,2910,15,1105,6,595,3,0,0,0,0,550,3,10180,52,9470,48,2820,14,9870,50,6950,35
,,,,"320","North Lanarkshire",,,50040,8475,17,29940,60,6205,12,2705,5,1510,3,0,0,0,0,1205,2,24930,50,25110,50,6145,12,25325,51,18535,37
,,,,"330","Orkney Islands",,,1340,285,21,705,53,100,7,90,7,60,4,0,0,0,0,100,7,720,54,620,46,105,8,610,46,625,47
,,,,"340","Perth & Kinross",,,9545,1810,19,5160,54,1205,13,650,7,270,3,0,0,0,0,450,5,4855,51,4690,49,1070,11,4695,49,3780,40
,,,,"350","Renfrewshire",,,22730,4170,18,13060,57,3215,14,980,4,615,3,0,0,0,0,690,3,11865,52,10865,48,2830,12,11655,51,8225,36
,,,,"355","Scottish Borders",,,7895,1685,21,4245,54,875,11,460,6,275,3,0,0,0,0,355,4,4260,54,3635,46,1090,14,3880,49,2920,37
,,,,"360","Shetland Islands",,,1260,240,19,665,53,140,11,75,6,35,3,0,0,0,0,105,8,620,49,640,51,150,12,575,46,535,42
,,,,"370","South Ayrshire",,,12335,2860,23,6425,52,1430,12,800,6,380,3,0,0,0,0,440,4,6645,54,5690,46,1560,13,5875,48,4900,40
,,,,"380","South Lanarkshire",,,38570,6380,17,23120,60,4550,12,2155,6,1240,3,0,0,0,0,1125,3,19385,50,19185,50,4380,11,19525,51,14650,38
,,,,"390","Stirling",,,7825,1455,19,4475,57,860,11,515,7,215,3,0,0,0,0,305,4,4060,52,3765,48,960,12,3940,50,2920,37
,,,,"395","West Dunbartonshire",,,14720,3185,22,7830,53,2205,15,710,5,435,3,0,0,0,0,355,2,7825,53,6895,47,1825,12,7835,53,5055,34
,,,,"400","West Lothian",,,17885,3525,20,9740,54,2530,14,1060,6,440,2,0,0,0,0,590,3,8670,48,9215,52,2495,14,9080,51,6295,35