DATASET_TITLE,Tenure - Households (UV63),,,,FROM,Apr-2001,Apr-2001,Apr-2001,Apr-2001,Apr-2001,Apr-2001,Apr-2001,Apr-2001,Apr-2001,Apr-2001,Apr-2001,Apr-2001,Apr-2001,Apr-2001
AREA_TYPE,County,,,,TO,Apr-2001,Apr-2001,Apr-2001,Apr-2001,Apr-2001,Apr-2001,Apr-2001,Apr-2001,Apr-2001,Apr-2001,Apr-2001,Apr-2001,Apr-2001,Apr-2001
GEO_HIERARCHY,NeSS Geography Hierarchy,,,,HEADING,All Households,Owned,Owned: Owns outright,Owned: Owns with a mortgage or loan,Owned: Shared ownership,Social rented,Social rented: Rented from Council (Local Authority),Social rented: Other social rented,Private rented,Private rented: Private landlord or letting agency,Private rented: Employer of a household member,Private rented: Relative or friend of a household member,Private rented: Other,Living rent free
,,,,,MEASUREMENT_UNIT,Count,Count,Count,Count,Count,Count,Count,Count,Count,Count,Count,Count,Count,Count
,,,,,STATISTICAL_UNIT,Households,Households,Households,Households,Households,Households,Households,Households,Households,Households,Households,Households,Households,Households
GOR_CODE,GOR_NAME,CTY_CODE,CTY_NAME,AREA_METADATA,,DATA_VALUE,DATA_VALUE,DATA_VALUE,DATA_VALUE,DATA_VALUE,DATA_VALUE,DATA_VALUE,DATA_VALUE,DATA_VALUE,DATA_VALUE,DATA_VALUE,DATA_VALUE,DATA_VALUE,DATA_VALUE
"E","East Midlands","17","Derbyshire",,,308869,229952,101976,126585,1391,52728,46234,6494,20644,17787,400,1898,559,5545
"E","East Midlands","31","Leicestershire",,,245245,199020,82848,114942,1230,26982,21371,5611,15483,13463,363,1243,414,3760
"E","East Midlands","32","Lincolnshire",,,272153,198917,93409,103472,2036,40049,28146,11903,26639,22094,1515,1866,1164,6548
"E","East Midlands","34","Northamptonshire",,,259066,190984,69654,119936,1394,44398,34552,9846,17795,15668,459,1305,363,5889
"E","East Midlands","37","Nottinghamshire",,,314027,235477,103677,130406,1394,48726,40569,8157,24122,21244,518,1779,581,5702