DATASET_TITLE,"National Curriculum Assessments of 11 Year Olds by Gender in England (Referenced by Location of Educational Institution), 2003",,,,,,,,,,FROM,Sep-2002,Sep-2002,Sep-2002,Sep-2002,Sep-2002,Sep-2002,Sep-2002,Sep-2002,Sep-2002,Sep-2002,Sep-2002,Sep-2002,Sep-2002,Sep-2002,Sep-2002,Sep-2002,Sep-2002,Sep-2002
AREA_TYPE,Region,,,,,,,,,,TO,Aug-2003,Aug-2003,Aug-2003,Aug-2003,Aug-2003,Aug-2003,Aug-2003,Aug-2003,Aug-2003,Aug-2003,Aug-2003,Aug-2003,Aug-2003,Aug-2003,Aug-2003,Aug-2003,Aug-2003,Aug-2003
GEO_HIERARCHY,NeSS Geography Hierarchy,,,,,,,,,,HEADING,Eligible Pupils; in English,Pupils Achieving Level 4+; in English,Eligible Pupils; in Mathematics,Pupils Achieving Level 4+; in Mathematics,Eligible Pupils; in Science,Pupils Achieving Level 4+; in Science,Eligible Boy Pupils; in English,Boy Pupils Achieving Level 4+; in English,Eligible Boy Pupils; in Mathematics,Boy Pupils Achieving Level 4+; in Mathematics,Eligible Boy Pupils; in Science,Boy Pupils Achieving Level 4+; in Science,Eligible Girl Pupils; in English,Girl Pupils Achieving Level 4+; in English,Eligible Girl Pupils; in Mathematics,Girl Pupils Achieving Level 4+; in Mathematics,Eligible Girl Pupils; in Science,Girl Pupils Achieving Level 4+; in Science
,,,,,,,,,,,MEASUREMENT_UNIT,Count,Percentage,Count,Percentage,Count,Percentage,Count,Percentage,Count,Percentage,Count,Percentage,Count,Percentage,Count,Percentage,Count,Percentage
,,,,,,,,,,,STATISTICAL_UNIT,Persons,Persons,Persons,Persons,Persons,Persons,Persons,Persons,Persons,Persons,Persons,Persons,Persons,Persons,Persons,Persons,Persons,Persons
UK_CODE,UK_NAME,GB_CODE,GB_NAME,EW_CODE,EW_NAME,CTRY_CODE,CTRY_NAME,GOR_CODE,GOR_NAME,AREA_METADATA,,DATA_VALUE,DATA_VALUE,DATA_VALUE,DATA_VALUE,DATA_VALUE,DATA_VALUE,DATA_VALUE,DATA_VALUE,DATA_VALUE,DATA_VALUE,DATA_VALUE,DATA_VALUE,DATA_VALUE,DATA_VALUE,DATA_VALUE,DATA_VALUE,DATA_VALUE,DATA_VALUE
"213","United Kingdom","078","Great Britain","727","England and Wales","064","England",,,,,637143,75,637204,73,637029,87,326055,70,326096,73,325960,86,311088,81,311108,72,311069,87
"213","United Kingdom","078","Great Britain","727","England and Wales","064","England","A","North East",,,33101,73,33102,73,33100,86,16980,68,16982,72,16979,85,16121,79,16120,73,16121,87
"213","United Kingdom","078","Great Britain","727","England and Wales","064","England","B","North West",,,90894,75,90901,74,90895,87,46782,70,46788,74,46786,86,44112,80,44113,73,44109,87
"213","United Kingdom","078","Great Britain","727","England and Wales","064","England","D","Yorkshire and The Humber",,,65671,73,65673,71,65672,85,33477,67,33480,72,33479,85,32194,78,32193,71,32193,86
"213","United Kingdom","078","Great Britain","727","England and Wales","064","England","E","East Midlands",,,54485,75,54490,72,54487,87,28051,70,28057,72,28054,86,26434,81,26433,71,26433,87
"213","United Kingdom","078","Great Britain","727","England and Wales","064","England","F","West Midlands",,,70042,73,70047,70,70048,85,35848,67,35850,70,35850,84,34194,79,34197,69,34198,86
"213","United Kingdom","078","Great Britain","727","England and Wales","064","England","G","East of England",,,66878,77,66879,72,66879,88,34228,72,34228,73,34230,87,32650,82,32651,72,32649,88
"213","United Kingdom","078","Great Britain","727","England and Wales","064","England","H","London",,,81163,75,81237,71,81293,84,41308,70,41362,71,41383,83,39855,80,39875,70,39910,85
"213","United Kingdom","078","Great Britain","727","England and Wales","064","England","J","South East",,,94477,76,94482,73,94483,88,48355,71,48358,74,48358,87,46122,81,46124,71,46125,88
"213","United Kingdom","078","Great Britain","727","England and Wales","064","England","K","South West",,,57957,75,57959,73,57957,88,29662,69,29663,73,29663,87,28295,81,28296,72,28294,88