DATASET_TITLE,Household Composition - Households - Alternative Classification (UV66),,,,,,,,,,FROM,Apr-2001,Apr-2001,Apr-2001,Apr-2001,Apr-2001,Apr-2001,Apr-2001,Apr-2001,Apr-2001,Apr-2001,Apr-2001
AREA_TYPE,Region,,,,,,,,,,TO,Apr-2001,Apr-2001,Apr-2001,Apr-2001,Apr-2001,Apr-2001,Apr-2001,Apr-2001,Apr-2001,Apr-2001,Apr-2001
GEO_HIERARCHY,2003 Administrative Hierarchy,,,,,,,,,,HEADING,All Households,One Person Households,One Person Households: 1 adult of pensionable age and no children,One Person Households: 1 adult of non-pensionable age and no children,Other Households,Other Households: 1 adult of any age and 1 or more children,"Other Households: 1 adult of non-pensionable age and 1 of pensionable age and no children, or 2 adults of pensionable age and no children",Other Households: 2 adults and 1 or 2 children,Other Households: 2 adults of non-pensionable age and no children,"Other Households: 2 adults and 3 or more children, or 3 or more adults and 1 or more children",Other Households: 3 or more adults and no children
,,,,,,,,,,,MEASUREMENT_UNIT,Count,Count,Count,Count,Count,Count,Count,Count,Count,Count,Count
,,,,,,,,,,,STATISTICAL_UNIT,Households,Households,Households,Households,Households,Households,Households,Households,Households,Households,Households
UK_CODE,UK_NAME,GB_CODE,GB_NAME,EW_CODE,EW_NAME,CTRY_CODE,CTRY_NAME,GOR_CODE,GOR_NAME,AREA_METADATA,,DATA_VALUE,DATA_VALUE,DATA_VALUE,DATA_VALUE,DATA_VALUE,DATA_VALUE,DATA_VALUE,DATA_VALUE,DATA_VALUE,DATA_VALUE,DATA_VALUE
"213","United Kingdom","078","Great Britain","727","England and Wales","064","England",,,,,20451427,6150264,2939465,3210799,14301163,1039358,2809038,2812598,3646144,1672929,2321096
"213","United Kingdom","078","Great Britain","727","England and Wales","220","Wales",,,,,1209048,352348,186875,165473,856700,70703,181064,163704,198878,98524,143827
"213","United Kingdom","078","Great Britain","727","England and Wales",,,,,,,21660475,6502612,3126340,3376272,15157863,1110061,2990102,2976302,3845022,1771453,2464923
"213","United Kingdom","078","Great Britain","727","England and Wales","064","England","A","North East",,,1066292,327734,166717,161017,738558,63250,148781,148054,176039,79380,123054
"213","United Kingdom","078","Great Britain","727","England and Wales","064","England","B","North West",,,2812789,870234,423623,446611,1942555,171767,379946,379685,457868,233440,319849
"213","United Kingdom","078","Great Britain","727","England and Wales","064","England","D","Yorkshire and The Humber",,,2064748,609134,305925,303209,1455614,110502,291651,292193,369431,165879,225958
"213","United Kingdom","078","Great Britain","727","England and Wales","064","England","E","East Midlands",,,1732482,489098,241226,247872,1243384,84899,251832,249962,329457,136092,191142
"213","United Kingdom","078","Great Britain","727","England and Wales","064","England","F","West Midlands",,,2153672,620770,308744,312026,1532902,115214,305088,302080,367166,191107,252247
"213","United Kingdom","078","Great Britain","727","England and Wales","064","England","G","East of England",,,2231974,631128,315565,315563,1600846,92419,335258,325293,421125,181480,245271
"213","United Kingdom","078","Great Britain","727","England and Wales","064","England","H","London",,,3015997,1046888,382086,664802,1969109,178888,276261,360517,514283,263883,375277
"213","United Kingdom","078","Great Britain","727","England and Wales","064","England","J","South East",,,3287489,937468,473161,464307,2350021,133428,479585,476078,622570,268369,369991
"213","United Kingdom","078","Great Britain","727","England and Wales","064","England","K","South West",,,2085984,617810,322418,295392,1468174,88991,340636,278736,388205,153299,218307