DATASET_TITLE,NS-SeC of Household Reference Person (UV33),,,,,,FROM,Apr-2001,Apr-2001,Apr-2001,Apr-2001,Apr-2001,Apr-2001,Apr-2001,Apr-2001,Apr-2001,Apr-2001,Apr-2001,Apr-2001
AREA_TYPE,Local Authority,,,,,,TO,Apr-2001,Apr-2001,Apr-2001,Apr-2001,Apr-2001,Apr-2001,Apr-2001,Apr-2001,Apr-2001,Apr-2001,Apr-2001,Apr-2001
GEO_HIERARCHY,NeSS Geography Hierarchy,,,,,,HEADING,All People in Households,1. Higher managerial and professional occupations,1. Higher managerial and professional occupations:  1.1 Large employers and higher managerial occupations,1. Higher managerial and professional occupations:  1.2 Higher professional occupations,2. Lower managerial and professional occupations,3. Intermediate occupations,4. Small employers and own account workers,5. Lower supervisory and technical occupations,6. Semi-routine occupations,7. Routine occupations,8. Never worked and long-term unemployed,Not classified
,,,,,,,MEASUREMENT_UNIT,Count,Count,Count,Count,Count,Count,Count,Count,Count,Count,Count,Count
,,,,,,,STATISTICAL_UNIT,Persons,Persons,Persons,Persons,Persons,Persons,Persons,Persons,Persons,Persons,Persons,Persons
GOR_CODE,GOR_NAME,CTY_CODE,CTY_NAME,LA_CODE,LA_NAME,AREA_METADATA,,DATA_VALUE,DATA_VALUE,DATA_VALUE,DATA_VALUE,DATA_VALUE,DATA_VALUE,DATA_VALUE,DATA_VALUE,DATA_VALUE,DATA_VALUE,DATA_VALUE,DATA_VALUE
"A","North East",,,"00CH","Gateshead",,,188703,12430,5779,6651,29803,13063,11283,19037,21956,24047,7181,49903
"A","North East",,,"00CJ","Newcastle upon Tyne",,,253748,25934,7689,18245,38825,15655,15964,19734,25905,25240,13379,73112
"A","North East",,,"00CK","North Tyneside",,,189692,16733,7182,9551,36036,15227,12116,18587,19862,19823,5212,46096
"A","North East",,,"00CL","South Tyneside",,,151122,8979,4046,4933,22035,9796,8677,15652,18275,19089,7599,41020
"A","North East",,,"00CM","Sunderland",,,275590,16057,7780,8277,41021,18877,16621,28090,33256,38380,11843,71445
"A","North East",,,"00EB","Hartlepool",,,87748,5114,2491,2623,12771,4691,5082,10352,10796,12204,4432,22306
"A","North East",,,"00EC","Middlesbrough",,,132949,7813,3372,4441,19337,7660,7803,13690,16004,17765,8742,34135
"A","North East",,,"00EE","Redcar and Cleveland",,,137707,8946,4082,4864,21520,7142,8581,18043,14938,17509,5912,35116
"A","North East",,,"00EF","Stockton-on-Tees",,,175783,15496,7419,8077,33412,10766,11144,20911,18199,20348,6720,38787
"A","North East",,,"00EH","Darlington",,,96154,8791,4175,4616,17655,6611,7153,9844,10785,10818,2831,21666
"A","North East","20","Durham","20UB","Chester-le-Street",,,53191,5112,2620,2492,10679,4075,3645,5899,5001,5830,1082,11868
"A","North East","20","Durham","20UD","Derwentside",,,83906,5776,2947,2829,13578,5062,5814,8998,9428,11708,2508,21034
"A","North East","20","Durham","20UE","Durham",,,80762,9244,3446,5798,16012,5745,4463,7136,6885,8445,1742,21090
"A","North East","20","Durham","20UF","Easington",,,93025,3873,1953,1920,10999,5295,4884,10493,11724,13965,3709,28083
"A","North East","20","Durham","20UG","Sedgefield",,,86614,5475,2969,2506,13197,4585,5327,10358,10507,13441,2428,21296
"A","North East","20","Durham","20UH","Teesdale",,,23660,2262,1046,1216,3964,1045,3753,2304,1776,2422,355,5779
"A","North East","20","Durham","20UJ","Wear Valley",,,60571,3855,1832,2023,8545,2825,5302,6547,6724,8932,2199,15642
"A","North East","35","Northumberland","35UB","Alnwick",,,30537,3005,1305,1700,5670,1795,4018,2859,2680,2816,496,7198
"A","North East","35","Northumberland","35UC","Berwick-upon-Tweed",,,25526,1439,545,894,3673,972,3924,2505,3272,2954,371,6416
"A","North East","35","Northumberland","35UD","Blyth Valley",,,80454,5663,2921,2742,14951,6299,5114,10286,8915,10300,2143,16783
"A","North East","35","Northumberland","35UE","Castle Morpeth",,,47052,7433,3070,4363,10298,2784,4754,3369,3211,3115,833,11255
"A","North East","35","Northumberland","35UF","Tynedale",,,57715,8208,3188,5020,11762,3047,8072,4792,4606,4353,754,12121
"A","North East","35","Northumberland","35UG","Wansbeck",,,60675,3349,1706,1643,9305,4384,3642,6801,7424,7903,2257,15610