DATASET_TITLE,NS-SeC of Household Reference Person - People Under Pensionable Age (UV32),,,,FROM,Apr-2001,Apr-2001,Apr-2001,Apr-2001,Apr-2001,Apr-2001,Apr-2001,Apr-2001,Apr-2001,Apr-2001,Apr-2001,Apr-2001
AREA_TYPE,County,,,,TO,Apr-2001,Apr-2001,Apr-2001,Apr-2001,Apr-2001,Apr-2001,Apr-2001,Apr-2001,Apr-2001,Apr-2001,Apr-2001,Apr-2001
GEO_HIERARCHY,NeSS Geography Hierarchy,,,,HEADING,All People Under Pensionable Age in Households,1. Higher managerial and professional occupations,1. Higher managerial and professional occupations:  1.1 Large employers and higher managerial occupations,1. Higher managerial and professional occupations:  1.2 Higher professional occupations,2. Lower managerial and professional occupations,3. Intermediate occupations,4. Small employers and own account workers,5. Lower supervisory and technical occupations,6. Semi-routine occupations,7. Routine occupations,8. Never worked and long-term unemployed,Not classified
,,,,,MEASUREMENT_UNIT,Count,Count,Count,Count,Count,Count,Count,Count,Count,Count,Count,Count
,,,,,STATISTICAL_UNIT,Persons,Persons,Persons,Persons,Persons,Persons,Persons,Persons,Persons,Persons,Persons,Persons
GOR_CODE,GOR_NAME,CTY_CODE,CTY_NAME,AREA_METADATA,,DATA_VALUE,DATA_VALUE,DATA_VALUE,DATA_VALUE,DATA_VALUE,DATA_VALUE,DATA_VALUE,DATA_VALUE,DATA_VALUE,DATA_VALUE,DATA_VALUE,DATA_VALUE
"K","South West","15","Cornwall and Isles of Scilly",,,381945,32301,12840,19461,82025,22394,68554,48045,44112,44078,7671,32765
"K","South West","18","Devon",,,524402,58993,21977,37016,123098,34172,94139,55756,56000,55678,7130,39436
"K","South West","19","Dorset",,,280077,37781,16088,21693,73116,18950,45869,30694,27183,25966,2949,17569
"K","South West","23","Gloucestershire",,,446015,68275,30537,37738,114628,31703,56472,48529,48999,43771,6840,26798
"K","South West","40","Somerset",,,379928,48673,21248,27425,89342,22399,58238,46936,42429,44406,5610,21895
"K","South West","46","Wiltshire",,,341339,60264,29244,31020,92466,23870,44343,36781,32148,33527,3047,14893