DATASET_TITLE,Household Composition - People (UV46),,,,FROM,Apr-2001,Apr-2001,Apr-2001,Apr-2001,Apr-2001,Apr-2001,Apr-2001,Apr-2001,Apr-2001,Apr-2001,Apr-2001,Apr-2001,Apr-2001,Apr-2001,Apr-2001,Apr-2001,Apr-2001,Apr-2001,Apr-2001,Apr-2001,Apr-2001,Apr-2001,Apr-2001,Apr-2001,Apr-2001,Apr-2001
AREA_TYPE,County,,,,TO,Apr-2001,Apr-2001,Apr-2001,Apr-2001,Apr-2001,Apr-2001,Apr-2001,Apr-2001,Apr-2001,Apr-2001,Apr-2001,Apr-2001,Apr-2001,Apr-2001,Apr-2001,Apr-2001,Apr-2001,Apr-2001,Apr-2001,Apr-2001,Apr-2001,Apr-2001,Apr-2001,Apr-2001,Apr-2001,Apr-2001
GEO_HIERARCHY,NeSS Geography Hierarchy,,,,HEADING,All People in Households,One person,One person: Pensioner,One person: Other,One family and no others,One family and no others: All pensioner,One family and no others: Married Couple Households,One family and no others: Married Couple Households: No children,One family and no others: Married Couple Households: With one dependent child,One family and no others: Married Couple Households: With two or more dependent children,One family and no others: Married Couple Households: All children non-dependent,One family and no others: Cohabiting Couple Family Households,One family and no others: Cohabiting Couple Family Households: No children,One family and no others: Cohabiting Couple Family Households: With one dependent child,One family and no others: Cohabiting Couple Family Households: Two or more dependent children,One family and no others: Cohabiting Couple Family Households: All children non-dependent,One family and no others: Lone Parent Households,One family and no others: Lone Parent Households: With one dependent child,One family and no others: Lone Parent Households: With two or more dependent children,One family and no others: Lone Parent Households: All children non-dependent,Other households,Other households: With one dependent child,Other households: With two or more dependent children,Other households: All student,Other households: All pensioner,Other households: Other
,,,,,MEASUREMENT_UNIT,Count,Count,Count,Count,Count,Count,Count,Count,Count,Count,Count,Count,Count,Count,Count,Count,Count,Count,Count,Count,Count,Count,Count,Count,Count,Count
,,,,,STATISTICAL_UNIT,Persons,Persons,Persons,Persons,Persons,Persons,Persons,Persons,Persons,Persons,Persons,Persons,Persons,Persons,Persons,Persons,Persons,Persons,Persons,Persons,Persons,Persons,Persons,Persons,Persons,Persons
GOR_CODE,GOR_NAME,CTY_CODE,CTY_NAME,AREA_METADATA,,DATA_VALUE,DATA_VALUE,DATA_VALUE,DATA_VALUE,DATA_VALUE,DATA_VALUE,DATA_VALUE,DATA_VALUE,DATA_VALUE,DATA_VALUE,DATA_VALUE,DATA_VALUE,DATA_VALUE,DATA_VALUE,DATA_VALUE,DATA_VALUE,DATA_VALUE,DATA_VALUE,DATA_VALUE,DATA_VALUE,DATA_VALUE,DATA_VALUE,DATA_VALUE,DATA_VALUE,DATA_VALUE,DATA_VALUE
"F","West Midlands","39","Shropshire",,,274747,32578,17566,15012,223924,25615,150197,37174,26225,62055,24743,25622,10842,5657,7914,1209,22490,6241,8938,7311,18245,3492,4608,77,1289,8779
"F","West Midlands","41","Staffordshire",,,793470,83368,43494,39874,660152,63283,450629,106804,84852,179424,79549,77148,30182,18450,24956,3560,69092,19834,28057,21201,49950,11147,13515,1338,2436,21514
"F","West Midlands","44","Warwickshire",,,499596,58698,29351,29347,402279,40826,271892,65050,48568,113023,45251,47637,20980,10013,14536,2108,41924,11879,17441,12604,38619,7182,9606,2838,1652,17341
"F","West Midlands","47","Worcestershire",,,532823,59146,30557,28589,435274,45212,290970,69368,52854,119413,49335,54783,23534,11736,16699,2814,44309,12270,18200,13839,38403,8024,10300,785,1893,17401