DATASET_TITLE,"Dwelling Stock by Council Tax Band, 2001",,,,,,,,FROM,Mar-2001,Mar-2001,Mar-2001,Mar-2001,Mar-2001,Mar-2001,Mar-2001,Mar-2001,Mar-2001,Mar-2001,Mar-2001,Mar-2001,Mar-2001,Mar-2001,Mar-2001,Mar-2001,Mar-2001,Mar-2001,Mar-2001
AREA_TYPE,Super Output Area Middle Layer,,,,,,,,TO,Mar-2001,Mar-2001,Mar-2001,Mar-2001,Mar-2001,Mar-2001,Mar-2001,Mar-2001,Mar-2001,Mar-2001,Mar-2001,Mar-2001,Mar-2001,Mar-2001,Mar-2001,Mar-2001,Mar-2001,Mar-2001,Mar-2001
GEO_HIERARCHY,NeSS Geography Hierarchy,,,,,,,,HEADING,Dwelling Stock by Council Tax Band; Total,Dwelling Stock by Council Tax Band; Band A,Dwelling Stock by Council Tax Band; Band A,Dwelling Stock by Council Tax Band; Band B,Dwelling Stock by Council Tax Band; Band B,Dwelling Stock by Council Tax Band; Band C,Dwelling Stock by Council Tax Band; Band C,Dwelling Stock by Council Tax Band; Band D,Dwelling Stock by Council Tax Band; Band D,Dwelling Stock by Council Tax Band; Band E,Dwelling Stock by Council Tax Band; Band E,Dwelling Stock by Council Tax Band; Band F,Dwelling Stock by Council Tax Band; Band F,Dwelling Stock by Council Tax Band; Band G,Dwelling Stock by Council Tax Band; Band G,Dwelling Stock by Council Tax Band; Band H,Dwelling Stock by Council Tax Band; Band H,Dwelling Stock by Council Tax Band; Band X; Unallocated,Dwelling Stock by Council Tax Band; Band X; Unallocated
,,,,,,,,,MEASUREMENT_UNIT,Count,Count,Percentage,Count,Percentage,Count,Percentage,Count,Percentage,Count,Percentage,Count,Percentage,Count,Percentage,Count,Percentage,Count,Percentage
,,,,,,,,,STATISTICAL_UNIT,Dwellings,Dwellings,Dwellings,Dwellings,Dwellings,Dwellings,Dwellings,Dwellings,Dwellings,Dwellings,Dwellings,Dwellings,Dwellings,Dwellings,Dwellings,Dwellings,Dwellings,Dwellings,Dwellings
GOR_CODE,GOR_NAME,CTY_CODE,CTY_NAME,LA_CODE,LA_NAME,MSOA_CODE,MSOA_NAME,AREA_METADATA,,DATA_VALUE,DATA_VALUE,DATA_VALUE,DATA_VALUE,DATA_VALUE,DATA_VALUE,DATA_VALUE,DATA_VALUE,DATA_VALUE,DATA_VALUE,DATA_VALUE,DATA_VALUE,DATA_VALUE,DATA_VALUE,DATA_VALUE,DATA_VALUE,DATA_VALUE,DATA_VALUE,DATA_VALUE
"E","East Midlands",,,"00FK","Derby","E02002796","Derby 001",,,2576,79,3.07,404,15.68,736,28.57,746,28.96,319,12.38,178,6.91,114,4.43,0,0,0,0
"E","East Midlands",,,"00FK","Derby","E02002797","Derby 002",,,3304,176,5.33,135,4.09,1450,43.89,1039,31.45,369,11.17,124,3.75,11,.33,0,0,0,0
"E","East Midlands",,,"00FK","Derby","E02002798","Derby 003",,,4322,733,16.96,1091,25.24,912,21.1,851,19.69,568,13.14,140,3.24,27,.62,0,0,0,0
"E","East Midlands",,,"00FK","Derby","E02002799","Derby 004",,,2500,1900,76,438,17.52,131,5.24,26,1.04,4,.16,0,0,1,.04,0,0,0,0
"E","East Midlands",,,"00FK","Derby","E02002800","Derby 005",,,2922,794,27.17,408,13.96,636,21.77,460,15.74,256,8.76,259,8.86,99,3.39,10,.34,0,0
"E","East Midlands",,,"00FK","Derby","E02002801","Derby 006",,,3155,2121,67.23,645,20.44,286,9.06,70,2.22,30,.95,1,.03,2,.06,0,0,0,0
"E","East Midlands",,,"00FK","Derby","E02002802","Derby 007",,,3414,2945,86.26,329,9.64,115,3.37,21,.62,2,.06,1,.03,0,0,1,.03,0,0
"E","East Midlands",,,"00FK","Derby","E02002803","Derby 008",,,3021,2188,72.43,542,17.94,176,5.83,76,2.52,24,.79,9,.3,3,.1,3,.1,0,0
"E","East Midlands",,,"00FK","Derby","E02002804","Derby 009",,,3290,2711,82.4,203,6.17,193,5.87,139,4.22,39,1.19,3,.09,1,.03,1,.03,0,0
"E","East Midlands",,,"00FK","Derby","E02002805","Derby 010",,,2602,555,21.33,1007,38.7,678,26.06,287,11.03,57,2.19,13,.5,5,.19,0,0,0,0
"E","East Midlands",,,"00FK","Derby","E02002806","Derby 011",,,2729,2486,91.1,168,6.16,36,1.32,28,1.03,6,.22,2,.07,2,.07,1,.04,0,0
"E","East Midlands",,,"00FK","Derby","E02002807","Derby 012",,,3851,2349,61,920,23.89,493,12.8,77,2,11,.29,0,0,0,0,1,.03,0,0
"E","East Midlands",,,"00FK","Derby","E02002808","Derby 013",,,5045,4397,87.16,462,9.16,101,2,38,.75,21,.42,12,.24,5,.1,9,.18,0,0
"E","East Midlands",,,"00FK","Derby","E02002809","Derby 014",,,2666,1500,56.26,726,27.23,405,15.19,19,.71,13,.49,0,0,2,.08,1,.04,0,0
"E","East Midlands",,,"00FK","Derby","E02002810","Derby 015",,,3074,56,1.82,1018,33.12,1286,41.83,504,16.4,128,4.16,69,2.24,11,.36,2,.07,0,0
"E","East Midlands",,,"00FK","Derby","E02002811","Derby 016",,,3753,3104,82.71,350,9.33,226,6.02,48,1.28,14,.37,6,.16,5,.13,0,0,0,0
"E","East Midlands",,,"00FK","Derby","E02002812","Derby 017",,,2517,603,23.96,416,16.53,776,30.83,372,14.78,173,6.87,109,4.33,63,2.5,4,.16,1,.04
"E","East Midlands",,,"00FK","Derby","E02002813","Derby 018",,,3852,3490,90.6,274,7.11,58,1.51,19,.49,1,.03,1,.03,4,.1,5,.13,0,0
"E","East Midlands",,,"00FK","Derby","E02002814","Derby 019",,,3240,396,12.22,914,28.21,1155,35.65,463,14.29,235,7.25,63,1.94,13,.4,1,.03,0,0
"E","East Midlands",,,"00FK","Derby","E02002815","Derby 020",,,2643,2032,76.88,432,16.35,139,5.26,28,1.06,10,.38,2,.08,0,0,0,0,0,0
"E","East Midlands",,,"00FK","Derby","E02002816","Derby 021",,,2920,263,9.01,346,11.85,787,26.95,389,13.32,638,21.85,428,14.66,68,2.33,1,.03,0,0
"E","East Midlands",,,"00FK","Derby","E02002817","Derby 022",,,2454,150,6.11,907,36.96,724,29.5,357,14.55,216,8.8,74,3.02,25,1.02,1,.04,0,0
"E","East Midlands",,,"00FK","Derby","E02002818","Derby 023",,,2942,2304,78.31,495,16.83,97,3.3,32,1.09,8,.27,0,0,6,.2,0,0,0,0
"E","East Midlands",,,"00FK","Derby","E02002819","Derby 024",,,3102,2198,70.86,384,12.38,358,11.54,135,4.35,25,.81,0,0,2,.06,0,0,0,0
"E","East Midlands",,,"00FK","Derby","E02002820","Derby 025",,,4101,3092,75.4,831,20.26,141,3.44,25,.61,10,.24,1,.02,1,.02,0,0,0,0
"E","East Midlands",,,"00FK","Derby","E02002821","Derby 026",,,4401,3824,86.89,472,10.72,79,1.8,20,.45,3,.07,0,0,2,.05,1,.02,0,0
"E","East Midlands",,,"00FK","Derby","E02002822","Derby 027",,,2767,915,33.07,1007,36.39,626,22.62,144,5.2,53,1.92,11,.4,11,.4,0,0,0,0
"E","East Midlands",,,"00FK","Derby","E02002823","Derby 028",,,3390,2081,61.39,769,22.68,408,12.04,92,2.71,32,.94,6,.18,2,.06,0,0,0,0
"E","East Midlands",,,"00FK","Derby","E02002824","Derby 029",,,3824,2190,57.27,1207,31.56,331,8.66,89,2.33,5,.13,0,0,1,.03,1,.03,0,0
"E","East Midlands",,,"00FK","Derby","E02002825","Derby 030",,,2703,1103,40.81,522,19.31,698,25.82,285,10.54,71,2.63,20,.74,3,.11,1,.04,0,0
"E","East Midlands",,,"00FK","Derby","E02002826","Derby 031",,,2592,687,26.5,492,18.98,560,21.6,535,20.64,263,10.15,50,1.93,5,.19,0,0,0,0
"E","East Midlands",,,"00FN","Leicester","E02002827","Leicester 001",,,2571,1378,53.6,513,19.95,379,14.74,178,6.92,82,3.19,40,1.56,0,0,1,.04,0,0
"E","East Midlands",,,"00FN","Leicester","E02002828","Leicester 002",,,2732,378,13.84,1193,43.67,935,34.22,165,6.04,58,2.12,2,.07,1,.04,0,0,0,0
"E","East Midlands",,,"00FN","Leicester","E02002829","Leicester 003",,,4365,3806,87.19,410,9.39,122,2.79,17,.39,4,.09,4,.09,1,.02,1,.02,0,0
"E","East Midlands",,,"00FN","Leicester","E02002830","Leicester 004",,,3524,2710,76.9,438,12.43,265,7.52,30,.85,44,1.25,30,.85,3,.09,4,.11,0,0
"E","East Midlands",,,"00FN","Leicester","E02002831","Leicester 005",,,2396,868,36.23,928,38.73,529,22.08,47,1.96,21,.88,1,.04,0,0,2,.08,0,0
"E","East Midlands",,,"00FN","Leicester","E02002832","Leicester 006",,,2873,2066,71.91,436,15.18,320,11.14,34,1.18,14,.49,0,0,2,.07,1,.03,0,0
"E","East Midlands",,,"00FN","Leicester","E02002833","Leicester 007",,,2588,1720,66.46,797,30.8,61,2.36,9,.35,1,.04,0,0,0,0,0,0,0,0
"E","East Midlands",,,"00FN","Leicester","E02002834","Leicester 008",,,3190,498,15.61,1879,58.9,738,23.13,70,2.19,5,.16,0,0,0,0,0,0,0,0
"E","East Midlands",,,"00FN","Leicester","E02002835","Leicester 009",,,2264,522,23.06,514,22.7,506,22.35,307,13.56,341,15.06,65,2.87,5,.22,4,.18,0,0
"E","East Midlands",,,"00FN","Leicester","E02002836","Leicester 010",,,3206,2379,74.2,731,22.8,81,2.53,11,.34,3,.09,0,0,0,0,1,.03,0,0
"E","East Midlands",,,"00FN","Leicester","E02002837","Leicester 011",,,2623,2523,96.19,56,2.13,30,1.14,5,.19,5,.19,3,.11,0,0,1,.04,0,0
"E","East Midlands",,,"00FN","Leicester","E02002838","Leicester 012",,,3178,2762,86.91,154,4.85,209,6.58,47,1.48,3,.09,1,.03,2,.06,0,0,0,0
"E","East Midlands",,,"00FN","Leicester","E02002839","Leicester 013",,,2944,1200,40.76,948,32.2,511,17.36,177,6.01,80,2.72,15,.51,12,.41,1,.03,0,0
"E","East Midlands",,,"00FN","Leicester","E02002840","Leicester 014",,,3740,2845,76.07,265,7.09,388,10.37,163,4.36,68,1.82,8,.21,2,.05,1,.03,0,0
"E","East Midlands",,,"00FN","Leicester","E02002841","Leicester 015",,,3219,2610,81.08,412,12.8,146,4.54,25,.78,15,.47,11,.34,0,0,0,0,0,0
"E","East Midlands",,,"00FN","Leicester","E02002842","Leicester 016",,,3231,2999,92.82,188,5.82,35,1.08,3,.09,4,.12,1,.03,0,0,1,.03,0,0
"E","East Midlands",,,"00FN","Leicester","E02002843","Leicester 017",,,3798,3456,91,198,5.21,133,3.5,5,.13,2,.05,3,.08,0,0,1,.03,0,0
"E","East Midlands",,,"00FN","Leicester","E02002844","Leicester 018",,,3996,3742,93.64,209,5.23,40,1,2,.05,0,0,1,.03,1,.03,1,.03,0,0
"E","East Midlands",,,"00FN","Leicester","E02002845","Leicester 019",,,3914,2879,73.56,757,19.34,158,4.04,70,1.79,20,.51,17,.43,10,.26,3,.08,0,0
"E","East Midlands",,,"00FN","Leicester","E02002846","Leicester 020",,,3070,698,22.74,1019,33.19,848,27.62,314,10.23,111,3.62,61,1.99,17,.55,2,.07,0,0
"E","East Midlands",,,"00FN","Leicester","E02002847","Leicester 021",,,2839,1042,36.7,1482,52.2,254,8.95,50,1.76,8,.28,2,.07,0,0,1,.04,0,0
"E","East Midlands",,,"00FN","Leicester","E02002848","Leicester 022",,,3369,2693,79.93,369,10.95,266,7.9,31,.92,9,.27,0,0,1,.03,0,0,0,0
"E","East Midlands",,,"00FN","Leicester","E02002849","Leicester 023",,,4838,3292,68.04,949,19.62,392,8.1,144,2.98,36,.74,13,.27,9,.19,3,.06,0,0
"E","East Midlands",,,"00FN","Leicester","E02002850","Leicester 024",,,3825,3056,79.9,407,10.64,232,6.07,66,1.73,40,1.05,3,.08,13,.34,8,.21,0,0
"E","East Midlands",,,"00FN","Leicester","E02002851","Leicester 025",,,2839,555,19.55,320,11.27,813,28.64,685,24.13,280,9.86,121,4.26,64,2.25,1,.04,0,0
"E","East Midlands",,,"00FN","Leicester","E02002852","Leicester 026",,,2660,2576,96.84,69,2.59,14,.53,1,.04,0,0,0,0,0,0,0,0,0,0
"E","East Midlands",,,"00FN","Leicester","E02002853","Leicester 027",,,4011,1615,40.26,719,17.93,818,20.39,561,13.99,197,4.91,66,1.65,31,.77,4,.1,0,0
"E","East Midlands",,,"00FN","Leicester","E02002854","Leicester 028",,,3172,2702,85.18,355,11.19,100,3.15,9,.28,3,.09,1,.03,0,0,2,.06,0,0
"E","East Midlands",,,"00FN","Leicester","E02002855","Leicester 029",,,2539,1508,59.39,481,18.94,342,13.47,149,5.87,41,1.61,13,.51,4,.16,1,.04,0,0
"E","East Midlands",,,"00FN","Leicester","E02002856","Leicester 030",,,4848,1347,27.78,2062,42.53,548,11.3,388,8,181,3.73,167,3.44,149,3.07,6,.12,0,0
"E","East Midlands",,,"00FN","Leicester","E02002857","Leicester 031",,,2788,2310,82.86,338,12.12,121,4.34,11,.39,3,.11,3,.11,1,.04,1,.04,0,0
"E","East Midlands",,,"00FN","Leicester","E02002858","Leicester 032",,,2913,210,7.21,533,18.3,707,24.27,530,18.19,452,15.52,291,9.99,175,6.01,15,.51,0,0
"E","East Midlands",,,"00FN","Leicester","E02002859","Leicester 033",,,3070,1279,41.66,452,14.72,1070,34.85,193,6.29,33,1.07,32,1.04,9,.29,2,.07,0,0
"E","East Midlands",,,"00FN","Leicester","E02002860","Leicester 034",,,3411,1452,42.57,1036,30.37,527,15.45,256,7.51,80,2.35,41,1.2,18,.53,1,.03,0,0
"E","East Midlands",,,"00FN","Leicester","E02002861","Leicester 035",,,2862,2569,89.76,125,4.37,146,5.1,20,.7,2,.07,0,0,0,0,0,0,0,0
"E","East Midlands",,,"00FN","Leicester","E02002862","Leicester 036",,,3483,3365,96.61,98,2.81,5,.14,5,.14,7,.2,1,.03,2,.06,0,0,0,0
"E","East Midlands",,,"00FP","Rutland","E02002863","Rutland 001",,,2801,149,5.32,928,33.13,524,18.71,334,11.92,302,10.78,264,9.43,253,9.03,47,1.68,0,0
"E","East Midlands",,,"00FP","Rutland","E02002864","Rutland 002",,,2234,305,13.65,589,26.37,557,24.93,297,13.29,229,10.25,149,6.67,104,4.66,4,.18,0,0
"E","East Midlands",,,"00FP","Rutland","E02002865","Rutland 003",,,3017,407,13.49,795,26.35,480,15.91,509,16.87,453,15.01,282,9.35,89,2.95,2,.07,0,0
"E","East Midlands",,,"00FP","Rutland","E02002866","Rutland 004",,,2938,179,6.09,783,26.65,520,17.7,489,16.64,535,18.21,252,8.58,161,5.48,19,.65,0,0
"E","East Midlands",,,"00FP","Rutland","E02002867","Rutland 005",,,3179,336,10.57,615,19.35,513,16.14,401,12.61,517,16.26,350,11.01,399,12.55,48,1.51,0,0
"E","East Midlands",,,"00FY","Nottingham","E02002868","Nottingham 001",,,2572,637,24.77,357,13.88,1290,50.16,282,10.96,6,.23,0,0,0,0,0,0,0,0
"E","East Midlands",,,"00FY","Nottingham","E02002869","Nottingham 002",,,3348,3046,90.98,272,8.12,24,.72,1,.03,3,.09,0,0,2,.06,0,0,0,0
"E","East Midlands",,,"00FY","Nottingham","E02002870","Nottingham 003",,,3730,3505,93.97,146,3.91,32,.86,29,.78,14,.38,2,.05,2,.05,0,0,0,0
"E","East Midlands",,,"00FY","Nottingham","E02002871","Nottingham 004",,,3542,1888,53.3,1135,32.04,468,13.21,41,1.16,5,.14,2,.06,0,0,3,.08,0,0
"E","East Midlands",,,"00FY","Nottingham","E02002872","Nottingham 005",,,3693,2603,70.48,945,25.59,100,2.71,35,.95,5,.14,1,.03,2,.05,2,.05,0,0
"E","East Midlands",,,"00FY","Nottingham","E02002873","Nottingham 006",,,3501,3436,98.14,27,.77,22,.63,6,.17,9,.26,0,0,1,.03,0,0,0,0
"E","East Midlands",,,"00FY","Nottingham","E02002874","Nottingham 007",,,3095,2027,65.49,427,13.8,256,8.27,248,8.01,97,3.13,26,.84,8,.26,6,.19,0,0
"E","East Midlands",,,"00FY","Nottingham","E02002875","Nottingham 008",,,3543,2653,74.88,762,21.51,119,3.36,7,.2,1,.03,0,0,1,.03,0,0,0,0
"E","East Midlands",,,"00FY","Nottingham","E02002876","Nottingham 009",,,3412,1528,44.78,1305,38.25,422,12.37,119,3.49,38,1.11,0,0,0,0,0,0,0,0
"E","East Midlands",,,"00FY","Nottingham","E02002877","Nottingham 010",,,3649,1670,45.77,939,25.73,611,16.74,270,7.4,67,1.84,34,.93,55,1.51,3,.08,0,0
"E","East Midlands",,,"00FY","Nottingham","E02002878","Nottingham 011",,,3338,3240,97.06,35,1.05,44,1.32,17,.51,2,.06,0,0,0,0,0,0,0,0
"E","East Midlands",,,"00FY","Nottingham","E02002879","Nottingham 012",,,3321,1710,51.49,1182,35.59,342,10.3,53,1.6,31,.93,0,0,1,.03,2,.06,0,0
"E","East Midlands",,,"00FY","Nottingham","E02002880","Nottingham 013",,,3381,3258,96.36,94,2.78,19,.56,9,.27,0,0,1,.03,0,0,0,0,0,0
"E","East Midlands",,,"00FY","Nottingham","E02002881","Nottingham 014",,,2707,2485,91.8,135,4.99,76,2.81,5,.18,3,.11,1,.04,2,.07,0,0,0,0
"E","East Midlands",,,"00FY","Nottingham","E02002882","Nottingham 015",,,3729,1716,46.02,635,17.03,385,10.32,276,7.4,268,7.19,230,6.17,190,5.1,29,.78,0,0
"E","East Midlands",,,"00FY","Nottingham","E02002883","Nottingham 016",,,3288,2219,67.49,551,16.76,385,11.71,118,3.59,11,.33,1,.03,0,0,3,.09,0,0
"E","East Midlands",,,"00FY","Nottingham","E02002884","Nottingham 017",,,2302,1673,72.68,357,15.51,177,7.69,56,2.43,22,.96,3,.13,8,.35,6,.26,0,0
"E","East Midlands",,,"00FY","Nottingham","E02002885","Nottingham 018",,,3195,2856,89.39,285,8.92,43,1.35,8,.25,1,.03,0,0,0,0,2,.06,0,0
"E","East Midlands",,,"00FY","Nottingham","E02002886","Nottingham 019",,,3379,1632,48.3,516,15.27,843,24.95,283,8.38,96,2.84,6,.18,3,.09,0,0,0,0
"E","East Midlands",,,"00FY","Nottingham","E02002887","Nottingham 020",,,2787,1588,56.98,905,32.47,161,5.78,117,4.2,11,.39,1,.04,2,.07,2,.07,0,0
"E","East Midlands",,,"00FY","Nottingham","E02002888","Nottingham 021",,,3469,3320,95.7,109,3.14,35,1.01,1,.03,0,0,0,0,3,.09,1,.03,0,0
"E","East Midlands",,,"00FY","Nottingham","E02002889","Nottingham 022",,,2509,2005,79.91,239,9.53,172,6.86,53,2.11,25,1,4,.16,4,.16,7,.28,0,0
"E","East Midlands",,,"00FY","Nottingham","E02002890","Nottingham 023",,,3599,3415,94.89,78,2.17,92,2.56,8,.22,1,.03,2,.06,1,.03,2,.06,0,0
"E","East Midlands",,,"00FY","Nottingham","E02002891","Nottingham 024",,,3380,1834,54.26,527,15.59,796,23.55,197,5.83,25,.74,1,.03,0,0,0,0,0,0
"E","East Midlands",,,"00FY","Nottingham","E02002892","Nottingham 025",,,2560,1694,66.17,680,26.56,87,3.4,70,2.73,19,.74,8,.31,2,.08,0,0,0,0
"E","East Midlands",,,"00FY","Nottingham","E02002893","Nottingham 026",,,3984,2980,74.8,792,19.88,201,5.05,2,.05,7,.18,1,.03,0,0,1,.03,0,0
"E","East Midlands",,,"00FY","Nottingham","E02002894","Nottingham 027",,,2634,203,7.71,560,21.26,926,35.16,524,19.89,265,10.06,91,3.45,64,2.43,1,.04,0,0
"E","East Midlands",,,"00FY","Nottingham","E02002895","Nottingham 028",,,2621,731,27.89,640,24.42,344,13.12,277,10.57,269,10.26,180,6.87,152,5.8,28,1.07,0,0
"E","East Midlands",,,"00FY","Nottingham","E02002896","Nottingham 029",,,4247,3896,91.74,270,6.36,63,1.48,8,.19,5,.12,3,.07,0,0,2,.05,0,0
"E","East Midlands",,,"00FY","Nottingham","E02002897","Nottingham 030",,,3365,405,12.04,691,20.53,463,13.76,1108,32.93,452,13.43,190,5.65,55,1.63,1,.03,0,0
"E","East Midlands",,,"00FY","Nottingham","E02002898","Nottingham 031",,,3730,1976,52.98,846,22.68,619,16.6,175,4.69,73,1.96,17,.46,15,.4,9,.24,0,0
"E","East Midlands",,,"00FY","Nottingham","E02002899","Nottingham 032",,,2299,1101,47.89,641,27.88,284,12.35,83,3.61,37,1.61,47,2.04,88,3.83,18,.78,0,0
"E","East Midlands",,,"00FY","Nottingham","E02002900","Nottingham 033",,,5004,4274,85.41,385,7.69,211,4.22,76,1.52,42,.84,12,.24,1,.02,3,.06,0,0
"E","East Midlands",,,"00FY","Nottingham","E02002901","Nottingham 034",,,2460,675,27.44,386,15.69,1232,50.08,110,4.47,42,1.71,10,.41,2,.08,3,.12,0,0
"E","East Midlands",,,"00FY","Nottingham","E02002902","Nottingham 035",,,3551,3280,92.37,5,.14,116,3.27,145,4.08,1,.03,1,.03,2,.06,1,.03,0,0
"E","East Midlands",,,"00FY","Nottingham","E02002903","Nottingham 036",,,2600,2018,77.62,251,9.65,174,6.69,37,1.42,61,2.35,53,2.04,5,.19,1,.04,0,0
"E","East Midlands",,,"00FY","Nottingham","E02002904","Nottingham 037",,,2716,2707,99.67,5,.18,1,.04,3,.11,0,0,0,0,0,0,0,0,0,0
"E","East Midlands","17","Derbyshire","17UB","Amber Valley","E02004029","Amber Valley 001",,,2895,1999,69.05,435,15.03,269,9.29,131,4.53,30,1.04,19,.66,9,.31,3,.1,0,0
"E","East Midlands","17","Derbyshire","17UB","Amber Valley","E02004030","Amber Valley 002",,,2545,330,12.97,590,23.18,403,15.83,383,15.05,403,15.83,245,9.63,183,7.19,8,.31,0,0
"E","East Midlands","17","Derbyshire","17UB","Amber Valley","E02004031","Amber Valley 003",,,3304,2632,79.66,390,11.8,167,5.05,72,2.18,24,.73,11,.33,7,.21,1,.03,0,0
"E","East Midlands","17","Derbyshire","17UB","Amber Valley","E02004032","Amber Valley 004",,,3503,1164,33.23,822,23.47,865,24.69,493,14.07,112,3.2,37,1.06,10,.29,0,0,0,0
"E","East Midlands","17","Derbyshire","17UB","Amber Valley","E02004033","Amber Valley 005",,,3673,1931,52.57,819,22.3,485,13.2,284,7.73,98,2.67,29,.79,24,.65,3,.08,0,0
"E","East Midlands","17","Derbyshire","17UB","Amber Valley","E02004034","Amber Valley 006",,,3115,749,24.04,813,26.1,821,26.36,536,17.21,144,4.62,38,1.22,12,.39,2,.06,0,0
"E","East Midlands","17","Derbyshire","17UB","Amber Valley","E02004035","Amber Valley 007",,,2664,252,9.46,687,25.79,555,20.83,403,15.13,294,11.04,214,8.03,247,9.27,12,.45,0,0
"E","East Midlands","17","Derbyshire","17UB","Amber Valley","E02004036","Amber Valley 008",,,4262,2092,49.08,1151,27.01,714,16.75,254,5.96,36,.84,14,.33,1,.02,0,0,0,0
"E","East Midlands","17","Derbyshire","17UB","Amber Valley","E02004037","Amber Valley 009",,,3138,615,19.6,575,18.32,1149,36.62,634,20.2,135,4.3,21,.67,8,.25,1,.03,0,0
"E","East Midlands","17","Derbyshire","17UB","Amber Valley","E02004038","Amber Valley 010",,,3382,1386,40.98,1100,32.53,545,16.11,165,4.88,91,2.69,37,1.09,54,1.6,4,.12,0,0
"E","East Midlands","17","Derbyshire","17UB","Amber Valley","E02004039","Amber Valley 011",,,3308,745,22.52,1117,33.77,601,18.17,556,16.81,200,6.05,55,1.66,28,.85,6,.18,0,0
"E","East Midlands","17","Derbyshire","17UB","Amber Valley","E02004040","Amber Valley 012",,,3364,1627,48.37,580,17.24,637,18.94,303,9.01,138,4.1,35,1.04,41,1.22,3,.09,0,0
"E","East Midlands","17","Derbyshire","17UB","Amber Valley","E02004041","Amber Valley 013",,,2675,1106,41.35,571,21.35,789,29.5,153,5.72,43,1.61,7,.26,4,.15,2,.07,0,0
"E","East Midlands","17","Derbyshire","17UB","Amber Valley","E02004042","Amber Valley 014",,,3374,2660,78.84,294,8.71,173,5.13,139,4.12,59,1.75,30,.89,18,.53,1,.03,0,0
"E","East Midlands","17","Derbyshire","17UB","Amber Valley","E02004043","Amber Valley 015",,,3013,1158,38.43,709,23.53,418,13.87,357,11.85,194,6.44,102,3.39,71,2.36,4,.13,0,0
"E","East Midlands","17","Derbyshire","17UB","Amber Valley","E02004044","Amber Valley 016",,,3053,197,6.45,357,11.69,392,12.84,462,15.13,563,18.44,448,14.67,578,18.93,56,1.83,0,0
"E","East Midlands","17","Derbyshire","17UC","Bolsover","E02004045","Bolsover 001",,,3846,1621,42.15,807,20.98,570,14.82,440,11.44,221,5.75,167,4.34,19,.49,1,.03,0,0
"E","East Midlands","17","Derbyshire","17UC","Bolsover","E02004046","Bolsover 002",,,2679,1704,63.61,417,15.57,272,10.15,138,5.15,83,3.1,41,1.53,18,.67,6,.22,0,0
"E","East Midlands","17","Derbyshire","17UC","Bolsover","E02004047","Bolsover 003",,,2454,2010,81.91,258,10.51,123,5.01,36,1.47,17,.69,4,.16,4,.16,2,.08,0,0
"E","East Midlands","17","Derbyshire","17UC","Bolsover","E02004048","Bolsover 004",,,2962,2264,76.43,304,10.26,231,7.8,95,3.21,42,1.42,18,.61,6,.2,2,.07,0,0
"E","East Midlands","17","Derbyshire","17UC","Bolsover","E02004049","Bolsover 005",,,3395,1936,57.03,700,20.62,466,13.73,205,6.04,55,1.62,22,.65,9,.27,2,.06,0,0
"E","East Midlands","17","Derbyshire","17UC","Bolsover","E02004050","Bolsover 006",,,2899,2471,85.24,255,8.8,134,4.62,30,1.03,6,.21,1,.03,1,.03,1,.03,0,0
"E","East Midlands","17","Derbyshire","17UC","Bolsover","E02004051","Bolsover 007",,,3935,3044,77.36,438,11.13,252,6.4,107,2.72,52,1.32,30,.76,10,.25,2,.05,0,0
"E","East Midlands","17","Derbyshire","17UC","Bolsover","E02004052","Bolsover 008",,,3288,1948,59.25,469,14.26,445,13.53,244,7.42,92,2.8,59,1.79,28,.85,3,.09,0,0
"E","East Midlands","17","Derbyshire","17UC","Bolsover","E02004053","Bolsover 009",,,3116,2294,73.62,390,12.52,258,8.28,145,4.65,22,.71,5,.16,2,.06,0,0,0,0
"E","East Midlands","17","Derbyshire","17UC","Bolsover","E02004054","Bolsover 010",,,3607,1745,48.38,698,19.35,592,16.41,380,10.54,151,4.19,31,.86,8,.22,2,.06,0,0
"E","East Midlands","17","Derbyshire","17UD","Chesterfield","E02004055","Chesterfield 001",,,3310,1989,60.09,743,22.45,355,10.73,128,3.87,53,1.6,29,.88,11,.33,2,.06,0,0
"E","East Midlands","17","Derbyshire","17UD","Chesterfield","E02004056","Chesterfield 002",,,3177,2674,84.17,219,6.89,222,6.99,39,1.23,15,.47,3,.09,4,.13,1,.03,0,0
"E","East Midlands","17","Derbyshire","17UD","Chesterfield","E02004057","Chesterfield 003",,,3361,2763,82.21,389,11.57,146,4.34,38,1.13,19,.57,1,.03,3,.09,2,.06,0,0
"E","East Midlands","17","Derbyshire","17UD","Chesterfield","E02004058","Chesterfield 004",,,3685,2381,64.61,1010,27.41,188,5.1,55,1.49,33,.9,10,.27,5,.14,3,.08,0,0
"E","East Midlands","17","Derbyshire","17UD","Chesterfield","E02004059","Chesterfield 005",,,3201,1364,42.61,937,29.27,548,17.12,302,9.43,33,1.03,6,.19,9,.28,2,.06,0,0
"E","East Midlands","17","Derbyshire","17UD","Chesterfield","E02004060","Chesterfield 006",,,3013,1894,62.86,541,17.96,415,13.77,123,4.08,26,.86,6,.2,6,.2,1,.03,1,.03
"E","East Midlands","17","Derbyshire","17UD","Chesterfield","E02004061","Chesterfield 007",,,3458,2108,60.96,670,19.38,331,9.57,255,7.37,72,2.08,18,.52,4,.12,0,0,0,0
"E","East Midlands","17","Derbyshire","17UD","Chesterfield","E02004062","Chesterfield 008",,,3630,1463,40.3,908,25.01,505,13.91,465,12.81,243,6.69,33,.91,12,.33,1,.03,0,0
"E","East Midlands","17","Derbyshire","17UD","Chesterfield","E02004063","Chesterfield 009",,,3686,1189,32.26,1239,33.61,618,16.77,363,9.85,214,5.81,51,1.38,11,.3,1,.03,0,0
"E","East Midlands","17","Derbyshire","17UD","Chesterfield","E02004064","Chesterfield 010",,,3657,3176,86.85,281,7.68,122,3.34,43,1.18,19,.52,6,.16,7,.19,3,.08,0,0
"E","East Midlands","17","Derbyshire","17UD","Chesterfield","E02004065","Chesterfield 011",,,3684,192,5.21,727,19.73,1136,30.84,792,21.5,503,13.65,224,6.08,106,2.88,4,.11,0,0
"E","East Midlands","17","Derbyshire","17UD","Chesterfield","E02004066","Chesterfield 012",,,4600,2266,49.26,1139,24.76,645,14.02,411,8.93,104,2.26,25,.54,8,.17,2,.04,0,0
"E","East Midlands","17","Derbyshire","17UD","Chesterfield","E02004067","Chesterfield 013",,,3001,2438,81.24,180,6,151,5.03,133,4.43,62,2.07,35,1.17,2,.07,0,0,0,0
"E","East Midlands","17","Derbyshire","17UF","Derbyshire Dales","E02004068","Derbyshire Dales 001",,,3447,160,4.64,583,16.91,1098,31.85,470,13.64,472,13.69,312,9.05,337,9.78,15,.44,0,0
"E","East Midlands","17","Derbyshire","17UF","Derbyshire Dales","E02004069","Derbyshire Dales 002",,,3263,154,4.72,284,8.7,784,24.03,469,14.37,555,17.01,449,13.76,540,16.55,28,.86,0,0
"E","East Midlands","17","Derbyshire","17UF","Derbyshire Dales","E02004070","Derbyshire Dales 003",,,2909,143,4.92,606,20.83,585,20.11,449,15.43,594,20.42,285,9.8,235,8.08,12,.41,0,0
"E","East Midlands","17","Derbyshire","17UF","Derbyshire Dales","E02004071","Derbyshire Dales 004",,,2311,298,12.89,716,30.98,391,16.92,418,18.09,271,11.73,127,5.5,84,3.63,6,.26,0,0
"E","East Midlands","17","Derbyshire","17UF","Derbyshire Dales","E02004072","Derbyshire Dales 005",,,3603,424,11.77,680,18.87,931,25.84,761,21.12,404,11.21,283,7.85,108,3,12,.33,0,0
"E","East Midlands","17","Derbyshire","17UF","Derbyshire Dales","E02004073","Derbyshire Dales 006",,,4243,1022,24.09,1011,23.83,835,19.68,664,15.65,378,8.91,221,5.21,109,2.57,3,.07,0,0
"E","East Midlands","17","Derbyshire","17UF","Derbyshire Dales","E02004074","Derbyshire Dales 007",,,2561,303,11.83,969,37.84,447,17.45,468,18.27,285,11.13,72,2.81,17,.66,0,0,0,0
"E","East Midlands","17","Derbyshire","17UF","Derbyshire Dales","E02004075","Derbyshire Dales 008",,,3087,226,7.32,406,13.15,586,18.98,545,17.65,579,18.76,422,13.67,299,9.69,24,.78,0,0
"E","East Midlands","17","Derbyshire","17UF","Derbyshire Dales","E02004076","Derbyshire Dales 009",,,2461,320,13,838,34.05,576,23.41,319,12.96,263,10.69,122,4.96,21,.85,2,.08,0,0
"E","East Midlands","17","Derbyshire","17UF","Derbyshire Dales","E02004077","Derbyshire Dales 010",,,2905,125,4.3,404,13.91,447,15.39,512,17.62,620,21.34,479,16.49,289,9.95,29,1,0,0
"E","East Midlands","17","Derbyshire","17UG","Erewash","E02004078","Erewash 001",,,3299,2648,80.27,371,11.25,201,6.09,52,1.58,13,.39,12,.36,1,.03,1,.03,0,0
"E","East Midlands","17","Derbyshire","17UG","Erewash","E02004079","Erewash 002",,,2733,627,22.94,984,36,490,17.93,500,18.29,123,4.5,5,.18,3,.11,1,.04,0,0
"E","East Midlands","17","Derbyshire","17UG","Erewash","E02004080","Erewash 003",,,4120,2891,70.17,653,15.85,440,10.68,88,2.14,27,.66,11,.27,6,.15,4,.1,0,0
"E","East Midlands","17","Derbyshire","17UG","Erewash","E02004081","Erewash 004",,,2481,440,17.73,653,26.32,367,14.79,461,18.58,269,10.84,156,6.29,126,5.08,9,.36,0,0
"E","East Midlands","17","Derbyshire","17UG","Erewash","E02004082","Erewash 005",,,2566,242,9.43,566,22.06,747,29.11,623,24.28,244,9.51,79,3.08,60,2.34,5,.19,0,0
"E","East Midlands","17","Derbyshire","17UG","Erewash","E02004083","Erewash 006",,,3141,1624,51.7,696,22.16,524,16.68,203,6.46,65,2.07,20,.64,9,.29,0,0,0,0
"E","East Midlands","17","Derbyshire","17UG","Erewash","E02004084","Erewash 007",,,2668,2095,78.52,429,16.08,101,3.79,33,1.24,5,.19,1,.04,1,.04,3,.11,0,0
"E","East Midlands","17","Derbyshire","17UG","Erewash","E02004085","Erewash 008",,,3613,1379,38.17,635,17.58,700,19.37,533,14.75,219,6.06,84,2.32,58,1.61,5,.14,0,0
"E","East Midlands","17","Derbyshire","17UG","Erewash","E02004086","Erewash 009",,,3061,859,28.06,625,20.42,649,21.2,406,13.26,334,10.91,117,3.82,70,2.29,1,.03,0,0
"E","East Midlands","17","Derbyshire","17UG","Erewash","E02004087","Erewash 010",,,3447,1608,46.65,1269,36.81,386,11.2,142,4.12,34,.99,5,.15,2,.06,1,.03,0,0
"E","East Midlands","17","Derbyshire","17UG","Erewash","E02004088","Erewash 011",,,2998,365,12.17,861,28.72,582,19.41,612,20.41,373,12.44,121,4.04,79,2.64,5,.17,0,0
"E","East Midlands","17","Derbyshire","17UG","Erewash","E02004089","Erewash 012",,,3161,2508,79.34,487,15.41,117,3.7,36,1.14,9,.28,2,.06,0,0,2,.06,0,0
"E","East Midlands","17","Derbyshire","17UG","Erewash","E02004090","Erewash 013",,,2518,666,26.45,859,34.11,379,15.05,312,12.39,185,7.35,81,3.22,34,1.35,2,.08,0,0
"E","East Midlands","17","Derbyshire","17UG","Erewash","E02004091","Erewash 014",,,3839,1048,27.3,1627,42.38,740,19.28,379,9.87,35,.91,6,.16,4,.1,0,0,0,0
"E","East Midlands","17","Derbyshire","17UG","Erewash","E02004092","Erewash 015",,,3971,1280,32.23,1729,43.54,659,16.6,261,6.57,29,.73,13,.33,0,0,0,0,0,0
"E","East Midlands","17","Derbyshire","17UH","High Peak","E02004093","High Peak 001",,,2691,670,24.9,1096,40.73,480,17.84,214,7.95,165,6.13,40,1.49,25,.93,0,0,1,.04
"E","East Midlands","17","Derbyshire","17UH","High Peak","E02004094","High Peak 002",,,2975,1523,51.19,548,18.42,513,17.24,218,7.33,142,4.77,22,.74,8,.27,1,.03,0,0
"E","East Midlands","17","Derbyshire","17UH","High Peak","E02004095","High Peak 003",,,4072,1359,33.37,1648,40.47,565,13.88,179,4.4,198,4.86,96,2.36,23,.56,4,.1,0,0
"E","East Midlands","17","Derbyshire","17UH","High Peak","E02004096","High Peak 004",,,3589,166,4.63,448,12.48,1019,28.39,586,16.33,786,21.9,422,11.76,159,4.43,3,.08,0,0
"E","East Midlands","17","Derbyshire","17UH","High Peak","E02004097","High Peak 005",,,3251,397,12.21,1067,32.82,858,26.39,451,13.87,248,7.63,171,5.26,53,1.63,4,.12,2,.06
"E","East Midlands","17","Derbyshire","17UH","High Peak","E02004098","High Peak 006",,,3286,453,13.79,1567,47.69,706,21.49,216,6.57,176,5.36,114,3.47,51,1.55,3,.09,0,0
"E","East Midlands","17","Derbyshire","17UH","High Peak","E02004099","High Peak 007",,,2184,257,11.77,372,17.03,506,23.17,369,16.9,306,14.01,206,9.43,156,7.14,11,.5,1,.05
"E","East Midlands","17","Derbyshire","17UH","High Peak","E02004100","High Peak 008",,,3084,234,7.59,898,29.12,700,22.7,373,12.09,424,13.75,278,9.01,165,5.35,12,.39,0,0
"E","East Midlands","17","Derbyshire","17UH","High Peak","E02004101","High Peak 009",,,3095,297,9.6,1024,33.09,985,31.83,447,14.44,191,6.17,89,2.88,57,1.84,4,.13,1,.03
"E","East Midlands","17","Derbyshire","17UH","High Peak","E02004102","High Peak 010",,,3902,1361,34.88,1092,27.99,635,16.27,371,9.51,201,5.15,166,4.25,64,1.64,11,.28,1,.03
"E","East Midlands","17","Derbyshire","17UH","High Peak","E02004103","High Peak 011",,,2913,543,18.64,1554,53.35,603,20.7,167,5.73,43,1.48,3,.1,0,0,0,0,0,0
"E","East Midlands","17","Derbyshire","17UH","High Peak","E02004104","High Peak 012",,,2688,170,6.32,772,28.72,675,25.11,507,18.86,303,11.27,183,6.81,76,2.83,2,.07,0,0
"E","East Midlands","17","Derbyshire","17UJ","North East Derbyshire","E02004105","North East Derbyshire 001",,,3811,1791,47,897,23.54,634,16.64,406,10.65,61,1.6,14,.37,7,.18,1,.03,0,0
"E","East Midlands","17","Derbyshire","17UJ","North East Derbyshire","E02004106","North East Derbyshire 002",,,3100,712,22.97,523,16.87,1074,34.65,432,13.94,195,6.29,126,4.06,36,1.16,2,.06,0,0
"E","East Midlands","17","Derbyshire","17UJ","North East Derbyshire","E02004107","North East Derbyshire 003",,,3141,2298,73.16,320,10.19,227,7.23,142,4.52,85,2.71,48,1.53,16,.51,5,.16,0,0
"E","East Midlands","17","Derbyshire","17UJ","North East Derbyshire","E02004108","North East Derbyshire 004",,,3339,1622,48.58,810,24.26,433,12.97,235,7.04,114,3.41,90,2.7,33,.99,2,.06,0,0
"E","East Midlands","17","Derbyshire","17UJ","North East Derbyshire","E02004109","North East Derbyshire 005",,,2920,406,13.9,436,14.93,472,16.16,636,21.78,551,18.87,229,7.84,167,5.72,23,.79,0,0
"E","East Midlands","17","Derbyshire","17UJ","North East Derbyshire","E02004110","North East Derbyshire 006",,,3078,298,9.68,1097,35.64,888,28.85,481,15.63,239,7.76,65,2.11,9,.29,1,.03,0,0
"E","East Midlands","17","Derbyshire","17UJ","North East Derbyshire","E02004111","North East Derbyshire 007",,,2365,824,34.84,821,34.71,368,15.56,179,7.57,94,3.97,53,2.24,24,1.01,2,.08,0,0
"E","East Midlands","17","Derbyshire","17UJ","North East Derbyshire","E02004112","North East Derbyshire 008",,,2860,207,7.24,580,20.28,506,17.69,564,19.72,499,17.45,299,10.45,195,6.82,10,.35,0,0
"E","East Midlands","17","Derbyshire","17UJ","North East Derbyshire","E02004113","North East Derbyshire 009",,,4043,3253,80.46,458,11.33,168,4.16,81,2,27,.67,23,.57,31,.77,2,.05,0,0
"E","East Midlands","17","Derbyshire","17UJ","North East Derbyshire","E02004114","North East Derbyshire 010",,,3163,651,20.58,521,16.47,737,23.3,469,14.83,356,11.26,206,6.51,212,6.7,11,.35,0,0
"E","East Midlands","17","Derbyshire","17UJ","North East Derbyshire","E02004115","North East Derbyshire 011",,,3691,1797,48.69,777,21.05,656,17.77,343,9.29,89,2.41,25,.68,3,.08,1,.03,0,0
"E","East Midlands","17","Derbyshire","17UJ","North East Derbyshire","E02004116","North East Derbyshire 012",,,3375,2648,78.46,316,9.36,225,6.67,132,3.91,35,1.04,12,.36,7,.21,0,0,0,0
"E","East Midlands","17","Derbyshire","17UJ","North East Derbyshire","E02004117","North East Derbyshire 013",,,3156,1696,53.74,563,17.84,301,9.54,235,7.45,201,6.37,92,2.92,62,1.96,6,.19,0,0
"E","East Midlands","17","Derbyshire","17UK","South Derbyshire","E02004118","South Derbyshire 001",,,2435,340,13.96,524,21.52,408,16.76,318,13.06,372,15.28,331,13.59,130,5.34,12,.49,0,0
"E","East Midlands","17","Derbyshire","17UK","South Derbyshire","E02004119","South Derbyshire 002",,,2712,248,9.14,538,19.84,540,19.91,576,21.24,584,21.53,153,5.64,68,2.51,5,.18,0,0
"E","East Midlands","17","Derbyshire","17UK","South Derbyshire","E02004120","South Derbyshire 003",,,2786,464,16.65,958,34.39,610,21.9,529,18.99,135,4.85,58,2.08,31,1.11,1,.04,0,0
"E","East Midlands","17","Derbyshire","17UK","South Derbyshire","E02004121","South Derbyshire 004",,,2623,199,7.59,359,13.69,436,16.62,772,29.43,489,18.64,270,10.29,92,3.51,6,.23,0,0
"E","East Midlands","17","Derbyshire","17UK","South Derbyshire","E02004122","South Derbyshire 005",,,2335,141,6.04,487,20.86,427,18.29,423,18.12,299,12.81,288,12.33,250,10.71,20,.86,0,0
"E","East Midlands","17","Derbyshire","17UK","South Derbyshire","E02004123","South Derbyshire 006",,,2770,298,10.76,663,23.94,622,22.45,489,17.65,356,12.85,220,7.94,114,4.12,8,.29,0,0
"E","East Midlands","17","Derbyshire","17UK","South Derbyshire","E02004124","South Derbyshire 007",,,3041,1265,41.6,889,29.23,463,15.23,321,10.56,68,2.24,24,.79,10,.33,1,.03,0,0
"E","East Midlands","17","Derbyshire","17UK","South Derbyshire","E02004125","South Derbyshire 008",,,3582,1659,46.31,1012,28.25,480,13.4,374,10.44,51,1.42,3,.08,3,.08,0,0,0,0
"E","East Midlands","17","Derbyshire","17UK","South Derbyshire","E02004126","South Derbyshire 009",,,2831,1329,46.94,834,29.46,313,11.06,309,10.91,38,1.34,6,.21,1,.04,1,.04,0,0
"E","East Midlands","17","Derbyshire","17UK","South Derbyshire","E02004127","South Derbyshire 010",,,4869,2829,58.1,875,17.97,665,13.66,383,7.87,77,1.58,33,.68,6,.12,1,.02,0,0
"E","East Midlands","17","Derbyshire","17UK","South Derbyshire","E02004128","South Derbyshire 011",,,4047,1422,35.14,967,23.89,573,14.16,516,12.75,270,6.67,178,4.4,96,2.37,25,.62,0,0
"E","East Midlands","31","Leicestershire","31UB","Blaby","E02005333","Blaby 001",,,4066,290,7.13,710,17.46,1316,32.37,1011,24.86,565,13.9,138,3.39,35,.86,1,.02,0,0
"E","East Midlands","31","Leicestershire","31UB","Blaby","E02005334","Blaby 002",,,2108,69,3.27,1080,51.23,420,19.92,196,9.3,194,9.2,142,6.74,6,.28,1,.05,0,0
"E","East Midlands","31","Leicestershire","31UB","Blaby","E02005335","Blaby 003",,,2726,201,7.37,430,15.77,550,20.18,425,15.59,568,20.84,354,12.99,181,6.64,17,.62,0,0
"E","East Midlands","31","Leicestershire","31UB","Blaby","E02005336","Blaby 004",,,2312,379,16.39,1073,46.41,471,20.37,300,12.98,88,3.81,0,0,1,.04,0,0,0,0
"E","East Midlands","31","Leicestershire","31UB","Blaby","E02005337","Blaby 005",,,3835,410,10.69,2386,62.22,839,21.88,185,4.82,13,.34,2,.05,0,0,0,0,0,0
"E","East Midlands","31","Leicestershire","31UB","Blaby","E02005338","Blaby 006",,,3785,677,17.89,1611,42.56,766,20.24,450,11.89,215,5.68,44,1.16,20,.53,2,.05,0,0
"E","East Midlands","31","Leicestershire","31UB","Blaby","E02005339","Blaby 007",,,3435,333,9.69,1332,38.78,390,11.35,743,21.63,521,15.17,99,2.88,14,.41,3,.09,0,0
"E","East Midlands","31","Leicestershire","31UB","Blaby","E02005340","Blaby 008",,,3437,555,16.15,906,26.36,1386,40.33,399,11.61,135,3.93,38,1.11,14,.41,4,.12,0,0
"E","East Midlands","31","Leicestershire","31UB","Blaby","E02005341","Blaby 009",,,2561,302,11.79,804,31.39,622,24.29,478,18.66,318,12.42,31,1.21,6,.23,0,0,0,0
"E","East Midlands","31","Leicestershire","31UB","Blaby","E02005342","Blaby 010",,,2744,336,12.24,1266,46.14,439,16,392,14.29,187,6.81,68,2.48,56,2.04,0,0,0,0
"E","East Midlands","31","Leicestershire","31UB","Blaby","E02005343","Blaby 011",,,2754,291,10.57,834,30.28,819,29.74,449,16.3,262,9.51,64,2.32,34,1.23,1,.04,0,0
"E","East Midlands","31","Leicestershire","31UB","Blaby","E02005344","Blaby 012",,,2937,398,13.55,863,29.38,691,23.53,565,19.24,295,10.04,68,2.32,57,1.94,0,0,0,0
"E","East Midlands","31","Leicestershire","31UC","Charnwood","E02005345","Charnwood 001",,,2306,287,12.45,558,24.2,899,38.99,411,17.82,100,4.34,41,1.78,10,.43,0,0,0,0
"E","East Midlands","31","Leicestershire","31UC","Charnwood","E02005346","Charnwood 002",,,4384,2395,54.63,1601,36.52,265,6.04,80,1.82,34,.78,2,.05,5,.11,2,.05,0,0
"E","East Midlands","31","Leicestershire","31UC","Charnwood","E02005347","Charnwood 003",,,3235,1198,37.03,1169,36.14,391,12.09,279,8.62,122,3.77,44,1.36,28,.87,4,.12,0,0
"E","East Midlands","31","Leicestershire","31UC","Charnwood","E02005348","Charnwood 004",,,2620,436,16.64,730,27.86,677,25.84,450,17.18,262,10,62,2.37,3,.11,0,0,0,0
"E","East Midlands","31","Leicestershire","31UC","Charnwood","E02005349","Charnwood 005",,,2722,514,18.88,796,29.24,939,34.5,321,11.79,105,3.86,33,1.21,12,.44,2,.07,0,0
"E","East Midlands","31","Leicestershire","31UC","Charnwood","E02005350","Charnwood 006",,,2757,925,33.55,637,23.1,551,19.99,424,15.38,189,6.86,24,.87,6,.22,1,.04,0,0
"E","East Midlands","31","Leicestershire","31UC","Charnwood","E02005351","Charnwood 007",,,2381,221,9.28,1033,43.39,552,23.18,324,13.61,158,6.64,63,2.65,16,.67,14,.59,0,0
"E","East Midlands","31","Leicestershire","31UC","Charnwood","E02005352","Charnwood 008",,,2207,70,3.17,182,8.25,334,15.13,519,23.52,474,21.48,316,14.32,291,13.19,21,.95,0,0
"E","East Midlands","31","Leicestershire","31UC","Charnwood","E02005353","Charnwood 009",,,3533,741,20.97,1525,43.16,760,21.51,332,9.4,98,2.77,50,1.42,26,.74,1,.03,0,0
"E","East Midlands","31","Leicestershire","31UC","Charnwood","E02005354","Charnwood 010",,,3390,21,.62,170,5.01,1179,34.78,673,19.85,799,23.57,391,11.53,154,4.54,3,.09,0,0
"E","East Midlands","31","Leicestershire","31UC","Charnwood","E02005355","Charnwood 011",,,2411,382,15.84,533,22.11,648,26.88,488,20.24,238,9.87,70,2.9,48,1.99,4,.17,0,0
"E","East Midlands","31","Leicestershire","31UC","Charnwood","E02005356","Charnwood 012",,,2678,329,12.29,531,19.83,522,19.49,428,15.98,475,17.74,247,9.22,140,5.23,6,.22,0,0
"E","East Midlands","31","Leicestershire","31UC","Charnwood","E02005357","Charnwood 013",,,2611,350,13.4,1280,49.02,622,23.82,255,9.77,70,2.68,24,.92,10,.38,0,0,0,0
"E","East Midlands","31","Leicestershire","31UC","Charnwood","E02005358","Charnwood 014",,,4089,680,16.63,1102,26.95,876,21.42,523,12.79,591,14.45,268,6.55,46,1.12,3,.07,0,0
"E","East Midlands","31","Leicestershire","31UC","Charnwood","E02005359","Charnwood 015",,,2285,52,2.28,475,20.79,836,36.59,495,21.66,183,8.01,113,4.95,123,5.38,8,.35,0,0
"E","East Midlands","31","Leicestershire","31UC","Charnwood","E02005360","Charnwood 016",,,2564,62,2.42,115,4.49,462,18.02,406,15.83,517,20.16,412,16.07,500,19.5,90,3.51,0,0
"E","East Midlands","31","Leicestershire","31UC","Charnwood","E02005361","Charnwood 017",,,2459,475,19.32,797,32.41,481,19.56,324,13.18,248,10.09,105,4.27,28,1.14,1,.04,0,0
"E","East Midlands","31","Leicestershire","31UC","Charnwood","E02005362","Charnwood 018",,,2403,458,19.06,838,34.87,803,33.42,194,8.07,96,4,12,.5,2,.08,0,0,0,0
"E","East Midlands","31","Leicestershire","31UC","Charnwood","E02005363","Charnwood 019",,,2693,109,4.05,116,4.31,1567,58.19,575,21.35,174,6.46,97,3.6,54,2.01,1,.04,0,0
"E","East Midlands","31","Leicestershire","31UC","Charnwood","E02005364","Charnwood 020",,,2135,162,7.59,729,34.15,958,44.87,161,7.54,68,3.19,32,1.5,25,1.17,0,0,0,0
"E","East Midlands","31","Leicestershire","31UC","Charnwood","E02005365","Charnwood 021",,,3681,728,19.78,1505,40.89,978,26.57,363,9.86,85,2.31,15,.41,6,.16,1,.03,0,0
"E","East Midlands","31","Leicestershire","31UC","Charnwood","E02005366","Charnwood 022",,,2482,363,14.63,814,32.8,915,36.87,266,10.72,80,3.22,27,1.09,17,.68,0,0,0,0
"E","East Midlands","31","Leicestershire","31UD","Harborough","E02005367","Harborough 001",,,2600,266,10.23,133,5.12,582,22.38,594,22.85,566,21.77,252,9.69,190,7.31,17,.65,0,0
"E","East Midlands","31","Leicestershire","31UD","Harborough","E02005368","Harborough 002",,,2343,154,6.57,251,10.71,336,14.34,305,13.02,445,18.99,372,15.88,409,17.46,70,2.99,1,.04
"E","East Midlands","31","Leicestershire","31UD","Harborough","E02005369","Harborough 003",,,3653,342,9.36,596,16.32,638,17.47,675,18.48,778,21.3,354,9.69,245,6.71,25,.68,0,0
"E","East Midlands","31","Leicestershire","31UD","Harborough","E02005370","Harborough 004",,,3221,439,13.63,996,30.92,604,18.75,510,15.83,486,15.09,136,4.22,48,1.49,2,.06,0,0
"E","East Midlands","31","Leicestershire","31UD","Harborough","E02005371","Harborough 005",,,3674,419,11.4,656,17.86,1046,28.47,529,14.4,465,12.66,256,6.97,268,7.29,35,.95,0,0
"E","East Midlands","31","Leicestershire","31UD","Harborough","E02005372","Harborough 006",,,3459,161,4.65,483,13.96,622,17.98,477,13.79,677,19.57,574,16.59,438,12.66,27,.78,0,0
"E","East Midlands","31","Leicestershire","31UD","Harborough","E02005373","Harborough 007",,,3586,230,6.41,708,19.74,1042,29.06,626,17.46,487,13.58,355,9.9,129,3.6,9,.25,0,0
"E","East Midlands","31","Leicestershire","31UD","Harborough","E02005374","Harborough 008",,,2895,1063,36.72,1175,40.59,409,14.13,152,5.25,64,2.21,23,.79,9,.31,0,0,0,0
"E","East Midlands","31","Leicestershire","31UD","Harborough","E02005375","Harborough 009",,,2674,229,8.56,914,34.18,631,23.6,401,15,385,14.4,90,3.37,21,.79,3,.11,0,0
"E","East Midlands","31","Leicestershire","31UD","Harborough","E02005376","Harborough 010",,,3428,478,13.94,838,24.45,970,28.3,587,17.12,332,9.68,190,5.54,32,.93,1,.03,0,0
"E","East Midlands","31","Leicestershire","31UE","Hinckley and Bosworth","E02005377","Hinckley and Bosworth 001",,,3274,388,11.85,1008,30.79,942,28.77,474,14.48,302,9.22,121,3.7,37,1.13,2,.06,0,0
"E","East Midlands","31","Leicestershire","31UE","Hinckley and Bosworth","E02005378","Hinckley and Bosworth 002",,,2073,89,4.29,608,29.33,835,40.28,244,11.77,209,10.08,68,3.28,17,.82,3,.14,0,0
"E","East Midlands","31","Leicestershire","31UE","Hinckley and Bosworth","E02005379","Hinckley and Bosworth 003",,,2294,248,10.81,743,32.39,701,30.56,276,12.03,253,11.03,52,2.27,18,.78,3,.13,0,0
"E","East Midlands","31","Leicestershire","31UE","Hinckley and Bosworth","E02005380","Hinckley and Bosworth 004",,,3339,262,7.85,849,25.43,600,17.97,565,16.92,473,14.17,328,9.82,248,7.43,14,.42,0,0
"E","East Midlands","31","Leicestershire","31UE","Hinckley and Bosworth","E02005381","Hinckley and Bosworth 005",,,3199,309,9.66,1046,32.7,762,23.82,489,15.29,265,8.28,224,7,95,2.97,9,.28,0,0
"E","East Midlands","31","Leicestershire","31UE","Hinckley and Bosworth","E02005382","Hinckley and Bosworth 006",,,3813,1419,37.21,1269,33.28,566,14.84,377,9.89,109,2.86,53,1.39,18,.47,2,.05,0,0
"E","East Midlands","31","Leicestershire","31UE","Hinckley and Bosworth","E02005383","Hinckley and Bosworth 007",,,3689,1078,29.22,1515,41.07,689,18.68,278,7.54,93,2.52,23,.62,12,.33,1,.03,0,0
"E","East Midlands","31","Leicestershire","31UE","Hinckley and Bosworth","E02005384","Hinckley and Bosworth 008",,,2609,143,5.48,516,19.78,646,24.76,635,24.34,316,12.11,196,7.51,140,5.37,17,.65,0,0
"E","East Midlands","31","Leicestershire","31UE","Hinckley and Bosworth","E02005385","Hinckley and Bosworth 009",,,2382,78,3.27,507,21.28,569,23.89,770,32.33,303,12.72,98,4.11,54,2.27,3,.13,0,0
"E","East Midlands","31","Leicestershire","31UE","Hinckley and Bosworth","E02005386","Hinckley and Bosworth 010",,,3609,1524,42.23,1315,36.44,441,12.22,220,6.1,67,1.86,26,.72,14,.39,2,.06,0,0
"E","East Midlands","31","Leicestershire","31UE","Hinckley and Bosworth","E02005387","Hinckley and Bosworth 011",,,3120,402,12.88,1437,46.06,978,31.35,248,7.95,43,1.38,9,.29,3,.1,0,0,0,0
"E","East Midlands","31","Leicestershire","31UE","Hinckley and Bosworth","E02005388","Hinckley and Bosworth 012",,,2451,492,20.07,1224,49.94,468,19.09,138,5.63,86,3.51,33,1.35,8,.33,2,.08,0,0
"E","East Midlands","31","Leicestershire","31UE","Hinckley and Bosworth","E02005389","Hinckley and Bosworth 013",,,2612,513,19.64,875,33.5,388,14.85,413,15.81,201,7.7,166,6.36,54,2.07,2,.08,0,0
"E","East Midlands","31","Leicestershire","31UE","Hinckley and Bosworth","E02005390","Hinckley and Bosworth 014",,,3559,372,10.45,518,14.55,1157,32.51,802,22.53,500,14.05,171,4.8,37,1.04,2,.06,0,0
"E","East Midlands","31","Leicestershire","31UG","Melton","E02005391","Melton 001",,,3884,222,5.72,863,22.22,695,17.89,780,20.08,682,17.56,390,10.04,226,5.82,25,.64,1,.03
"E","East Midlands","31","Leicestershire","31UG","Melton","E02005392","Melton 002",,,3492,523,14.98,838,24,956,27.38,740,21.19,314,8.99,107,3.06,13,.37,1,.03,0,0
"E","East Midlands","31","Leicestershire","31UG","Melton","E02005393","Melton 003",,,2881,598,20.76,807,28.01,451,15.65,360,12.5,296,10.27,204,7.08,149,5.17,16,.56,0,0
"E","East Midlands","31","Leicestershire","31UG","Melton","E02005394","Melton 004",,,3487,780,22.37,1691,48.49,555,15.92,362,10.38,78,2.24,16,.46,4,.11,1,.03,0,0
"E","East Midlands","31","Leicestershire","31UG","Melton","E02005395","Melton 005",,,3783,987,26.09,1581,41.79,456,12.05,431,11.39,210,5.55,74,1.96,42,1.11,2,.05,0,0
"E","East Midlands","31","Leicestershire","31UG","Melton","E02005396","Melton 006",,,2720,173,6.36,339,12.46,498,18.31,403,14.82,555,20.4,408,15,312,11.47,32,1.18,0,0
"E","East Midlands","31","Leicestershire","31UH","North West Leicestershire","E02005397","North West Leicestershire 001",,,3382,449,13.28,1138,33.65,744,22,463,13.69,342,10.11,141,4.17,101,2.99,4,.12,0,0
"E","East Midlands","31","Leicestershire","31UH","North West Leicestershire","E02005398","North West Leicestershire 002",,,2496,425,17.03,650,26.04,522,20.91,358,14.34,289,11.58,133,5.33,111,4.45,8,.32,0,0
"E","East Midlands","31","Leicestershire","31UH","North West Leicestershire","E02005399","North West Leicestershire 003",,,2553,377,14.77,935,36.62,395,15.47,413,16.18,269,10.54,129,5.05,35,1.37,0,0,0,0
"E","East Midlands","31","Leicestershire","31UH","North West Leicestershire","E02005400","North West Leicestershire 004",,,2041,517,25.33,661,32.39,373,18.28,291,14.26,128,6.27,42,2.06,28,1.37,1,.05,0,0
"E","East Midlands","31","Leicestershire","31UH","North West Leicestershire","E02005401","North West Leicestershire 005",,,2283,266,11.65,516,22.6,341,14.94,302,13.23,378,16.56,253,11.08,219,9.59,8,.35,0,0
"E","East Midlands","31","Leicestershire","31UH","North West Leicestershire","E02005402","North West Leicestershire 006",,,2423,235,9.7,725,29.92,411,16.96,490,20.22,365,15.06,158,6.52,36,1.49,3,.12,0,0
"E","East Midlands","31","Leicestershire","31UH","North West Leicestershire","E02005403","North West Leicestershire 007",,,2819,499,17.7,1335,47.36,655,23.24,259,9.19,54,1.92,11,.39,6,.21,0,0,0,0
"E","East Midlands","31","Leicestershire","31UH","North West Leicestershire","E02005404","North West Leicestershire 008",,,3020,933,30.89,838,27.75,541,17.91,432,14.3,209,6.92,53,1.75,14,.46,0,0,0,0
"E","East Midlands","31","Leicestershire","31UH","North West Leicestershire","E02005405","North West Leicestershire 009",,,3250,866,26.65,1241,38.18,434,13.35,465,14.31,162,4.98,48,1.48,31,.95,3,.09,0,0
"E","East Midlands","31","Leicestershire","31UH","North West Leicestershire","E02005406","North West Leicestershire 010",,,2692,1715,63.71,722,26.82,151,5.61,62,2.3,29,1.08,4,.15,6,.22,3,.11,0,0
"E","East Midlands","31","Leicestershire","31UH","North West Leicestershire","E02005407","North West Leicestershire 011",,,3066,736,24.01,1034,33.72,534,17.42,478,15.59,184,6,84,2.74,16,.52,0,0,0,0
"E","East Midlands","31","Leicestershire","31UH","North West Leicestershire","E02005408","North West Leicestershire 012",,,2920,941,32.23,678,23.22,517,17.71,374,12.81,229,7.84,99,3.39,77,2.64,5,.17,0,0
"E","East Midlands","31","Leicestershire","31UH","North West Leicestershire","E02005409","North West Leicestershire 013",,,4058,1585,39.06,1221,30.09,706,17.4,389,9.59,98,2.41,39,.96,20,.49,0,0,0,0
"E","East Midlands","31","Leicestershire","31UJ","Oadby and Wigston","E02005410","Oadby and Wigston 001",,,2177,254,11.67,189,8.68,210,9.65,306,14.06,519,23.84,239,10.98,396,18.19,64,2.94,0,0
"E","East Midlands","31","Leicestershire","31UJ","Oadby and Wigston","E02005411","Oadby and Wigston 002",,,2620,55,2.1,455,17.37,799,30.5,643,24.54,569,21.72,95,3.63,4,.15,0,0,0,0
"E","East Midlands","31","Leicestershire","31UJ","Oadby and Wigston","E02005412","Oadby and Wigston 003",,,3363,438,13.02,607,18.05,1376,40.92,653,19.42,239,7.11,36,1.07,13,.39,1,.03,0,0
"E","East Midlands","31","Leicestershire","31UJ","Oadby and Wigston","E02005413","Oadby and Wigston 004",,,3285,160,4.87,843,25.66,1799,54.76,373,11.35,65,1.98,32,.97,13,.4,0,0,0,0
"E","East Midlands","31","Leicestershire","31UJ","Oadby and Wigston","E02005414","Oadby and Wigston 005",,,3350,1174,35.04,1223,36.51,756,22.57,149,4.45,28,.84,6,.18,11,.33,3,.09,0,0
"E","East Midlands","31","Leicestershire","31UJ","Oadby and Wigston","E02005415","Oadby and Wigston 006",,,3274,1332,40.68,1080,32.99,731,22.33,102,3.12,22,.67,1,.03,4,.12,2,.06,0,0
"E","East Midlands","31","Leicestershire","31UJ","Oadby and Wigston","E02005416","Oadby and Wigston 007",,,3700,163,4.41,1059,28.62,1489,40.24,667,18.03,290,7.84,28,.76,4,.11,0,0,0,0
"E","East Midlands","32","Lincolnshire","32UB","Boston","E02005417","Boston 001",,,2912,1034,35.51,726,24.93,849,29.16,200,6.87,66,2.27,21,.72,13,.45,3,.1,0,0
"E","East Midlands","32","Lincolnshire","32UB","Boston","E02005418","Boston 002",,,3987,3261,81.79,493,12.37,182,4.56,36,.9,7,.18,6,.15,2,.05,0,0,0,0
"E","East Midlands","32","Lincolnshire","32UB","Boston","E02005419","Boston 003",,,3567,2317,64.96,672,18.84,362,10.15,123,3.45,73,2.05,14,.39,3,.08,3,.08,0,0
"E","East Midlands","32","Lincolnshire","32UB","Boston","E02005420","Boston 004",,,3430,2262,65.95,661,19.27,450,13.12,47,1.37,7,.2,0,0,1,.03,2,.06,0,0
"E","East Midlands","32","Lincolnshire","32UB","Boston","E02005421","Boston 005",,,5592,1045,18.69,1695,30.31,2049,36.64,490,8.76,199,3.56,72,1.29,38,.68,4,.07,0,0
"E","East Midlands","32","Lincolnshire","32UB","Boston","E02005422","Boston 006",,,2226,891,40.03,448,20.13,598,26.86,215,9.66,50,2.25,18,.81,5,.22,0,0,1,.04
"E","East Midlands","32","Lincolnshire","32UB","Boston","E02005423","Boston 007",,,3469,1847,53.24,479,13.81,715,20.61,294,8.48,81,2.33,39,1.12,12,.35,2,.06,0,0
"E","East Midlands","32","Lincolnshire","32UC","East Lindsey","E02005424","East Lindsey 001",,,4262,856,20.08,939,22.03,1391,32.64,592,13.89,322,7.56,94,2.21,63,1.48,4,.09,1,.02
"E","East Midlands","32","Lincolnshire","32UC","East Lindsey","E02005425","East Lindsey 002",,,2611,621,23.78,493,18.88,1009,38.64,268,10.26,137,5.25,56,2.14,27,1.03,0,0,0,0
"E","East Midlands","32","Lincolnshire","32UC","East Lindsey","E02005426","East Lindsey 003",,,3916,1844,47.09,1150,29.37,519,13.25,210,5.36,136,3.47,43,1.1,12,.31,2,.05,0,0
"E","East Midlands","32","Lincolnshire","32UC","East Lindsey","E02005427","East Lindsey 004",,,3211,1711,53.29,624,19.43,459,14.29,201,6.26,128,3.99,67,2.09,18,.56,3,.09,0,0
"E","East Midlands","32","Lincolnshire","32UC","East Lindsey","E02005428","East Lindsey 005",,,4117,2091,50.79,1002,24.34,827,20.09,126,3.06,40,.97,19,.46,8,.19,2,.05,2,.05
"E","East Midlands","32","Lincolnshire","32UC","East Lindsey","E02005429","East Lindsey 006",,,3051,927,30.38,641,21.01,1169,38.32,217,7.11,79,2.59,7,.23,8,.26,2,.07,1,.03
"E","East Midlands","32","Lincolnshire","32UC","East Lindsey","E02005430","East Lindsey 007",,,2746,673,24.51,523,19.05,612,22.29,537,19.56,243,8.85,89,3.24,61,2.22,7,.25,1,.04
"E","East Midlands","32","Lincolnshire","32UC","East Lindsey","E02005431","East Lindsey 008",,,3561,1278,35.89,586,16.46,1211,34.01,270,7.58,143,4.02,54,1.52,19,.53,0,0,0,0
"E","East Midlands","32","Lincolnshire","32UC","East Lindsey","E02005432","East Lindsey 009",,,3306,766,23.17,509,15.4,866,26.19,528,15.97,341,10.31,172,5.2,111,3.36,13,.39,0,0
"E","East Midlands","32","Lincolnshire","32UC","East Lindsey","E02005433","East Lindsey 010",,,3740,1993,53.29,865,23.13,680,18.18,119,3.18,45,1.2,24,.64,12,.32,2,.05,0,0
"E","East Midlands","32","Lincolnshire","32UC","East Lindsey","E02005434","East Lindsey 011",,,3067,1238,40.37,584,19.04,806,26.28,293,9.55,119,3.88,20,.65,5,.16,1,.03,1,.03
"E","East Midlands","32","Lincolnshire","32UC","East Lindsey","E02005435","East Lindsey 012",,,2943,1431,48.62,461,15.66,788,26.78,191,6.49,50,1.7,12,.41,10,.34,0,0,0,0
"E","East Midlands","32","Lincolnshire","32UC","East Lindsey","E02005436","East Lindsey 013",,,3100,1107,35.71,670,21.61,1058,34.13,146,4.71,75,2.42,32,1.03,12,.39,0,0,0,0
"E","East Midlands","32","Lincolnshire","32UC","East Lindsey","E02005437","East Lindsey 014",,,3065,2116,69.04,384,12.53,378,12.33,138,4.5,25,.82,8,.26,14,.46,2,.07,0,0
"E","East Midlands","32","Lincolnshire","32UC","East Lindsey","E02005438","East Lindsey 015",,,2884,1372,47.57,627,21.74,592,20.53,164,5.69,76,2.64,31,1.07,21,.73,1,.03,0,0
"E","East Midlands","32","Lincolnshire","32UC","East Lindsey","E02005439","East Lindsey 016",,,4030,1525,37.84,646,16.03,866,21.49,525,13.03,317,7.87,122,3.03,25,.62,4,.1,0,0
"E","East Midlands","32","Lincolnshire","32UC","East Lindsey","E02005440","East Lindsey 017",,,2211,897,40.57,358,16.19,595,26.91,224,10.13,84,3.8,26,1.18,27,1.22,0,0,0,0
"E","East Midlands","32","Lincolnshire","32UC","East Lindsey","E02005441","East Lindsey 018",,,3465,996,28.74,624,18.01,1084,31.28,487,14.05,209,6.03,35,1.01,26,.75,3,.09,1,.03
"E","East Midlands","32","Lincolnshire","32UD","Lincoln","E02005442","Lincoln 001",,,2698,2482,91.99,86,3.19,66,2.45,51,1.89,7,.26,2,.07,2,.07,2,.07,0,0
"E","East Midlands","32","Lincolnshire","32UD","Lincoln","E02005443","Lincoln 002",,,2642,1355,51.29,589,22.29,498,18.85,170,6.43,22,.83,8,.3,0,0,0,0,0,0
"E","East Midlands","32","Lincolnshire","32UD","Lincoln","E02005444","Lincoln 003",,,4877,2338,47.94,759,15.56,785,16.1,508,10.42,264,5.41,122,2.5,88,1.8,13,.27,0,0
"E","East Midlands","32","Lincolnshire","32UD","Lincoln","E02005445","Lincoln 004",,,4562,3945,86.48,413,9.05,75,1.64,31,.68,41,.9,33,.72,19,.42,5,.11,0,0
"E","East Midlands","32","Lincolnshire","32UD","Lincoln","E02005446","Lincoln 005",,,2679,1795,67,504,18.81,234,8.73,85,3.17,25,.93,15,.56,3,.11,18,.67,0,0
"E","East Midlands","32","Lincolnshire","32UD","Lincoln","E02005447","Lincoln 006",,,3329,3102,93.18,118,3.54,54,1.62,40,1.2,6,.18,2,.06,3,.09,4,.12,0,0
"E","East Midlands","32","Lincolnshire","32UD","Lincoln","E02005448","Lincoln 007",,,2732,1979,72.44,393,14.39,306,11.2,49,1.79,5,.18,0,0,0,0,0,0,0,0
"E","East Midlands","32","Lincolnshire","32UD","Lincoln","E02005449","Lincoln 008",,,2857,1249,43.72,1125,39.38,331,11.59,88,3.08,43,1.51,18,.63,2,.07,1,.04,0,0
"E","East Midlands","32","Lincolnshire","32UD","Lincoln","E02005450","Lincoln 009",,,3805,1367,35.93,947,24.89,683,17.95,488,12.83,241,6.33,75,1.97,3,.08,1,.03,0,0
"E","East Midlands","32","Lincolnshire","32UD","Lincoln","E02005451","Lincoln 010",,,3400,2911,85.62,342,10.06,99,2.91,21,.62,17,.5,4,.12,2,.06,4,.12,0,0
"E","East Midlands","32","Lincolnshire","32UD","Lincoln","E02005452","Lincoln 011",,,4557,1329,29.16,2015,44.22,820,17.99,278,6.1,97,2.13,14,.31,2,.04,2,.04,0,0
"E","East Midlands","32","Lincolnshire","32UE","North Kesteven","E02005453","North Kesteven 001",,,4267,325,7.62,1115,26.13,1720,40.31,644,15.09,331,7.76,104,2.44,26,.61,1,.02,1,.02
"E","East Midlands","32","Lincolnshire","32UE","North Kesteven","E02005454","North Kesteven 002",,,5059,871,17.22,1921,37.97,1828,36.13,365,7.21,56,1.11,13,.26,2,.04,3,.06,0,0
"E","East Midlands","32","Lincolnshire","32UE","North Kesteven","E02005455","North Kesteven 003",,,3959,855,21.6,833,21.04,1268,32.03,510,12.88,253,6.39,173,4.37,58,1.47,9,.23,0,0
"E","East Midlands","32","Lincolnshire","32UE","North Kesteven","E02005456","North Kesteven 004",,,3759,1217,32.38,1330,35.38,790,21.02,266,7.08,95,2.53,44,1.17,13,.35,4,.11,0,0
"E","East Midlands","32","Lincolnshire","32UE","North Kesteven","E02005457","North Kesteven 005",,,3318,957,28.84,700,21.1,980,29.54,401,12.09,185,5.58,69,2.08,21,.63,5,.15,0,0
"E","East Midlands","32","Lincolnshire","32UE","North Kesteven","E02005458","North Kesteven 006",,,2448,547,22.34,359,14.67,639,26.1,386,15.77,223,9.11,193,7.88,93,3.8,8,.33,0,0
"E","East Midlands","32","Lincolnshire","32UE","North Kesteven","E02005459","North Kesteven 007",,,3097,1392,44.95,530,17.11,632,20.41,350,11.3,122,3.94,42,1.36,24,.77,5,.16,0,0
"E","East Midlands","32","Lincolnshire","32UE","North Kesteven","E02005460","North Kesteven 008",,,2465,854,34.65,769,31.2,483,19.59,201,8.15,92,3.73,38,1.54,16,.65,12,.49,0,0
"E","East Midlands","32","Lincolnshire","32UE","North Kesteven","E02005461","North Kesteven 009",,,2672,806,30.16,695,26.01,518,19.39,270,10.1,225,8.42,91,3.41,60,2.25,7,.26,0,0
"E","East Midlands","32","Lincolnshire","32UE","North Kesteven","E02005462","North Kesteven 010",,,3836,2131,55.55,1000,26.07,463,12.07,178,4.64,43,1.12,16,.42,4,.1,1,.03,0,0
"E","East Midlands","32","Lincolnshire","32UE","North Kesteven","E02005463","North Kesteven 011",,,2572,584,22.71,591,22.98,688,26.75,470,18.27,178,6.92,55,2.14,5,.19,1,.04,0,0
"E","East Midlands","32","Lincolnshire","32UE","North Kesteven","E02005464","North Kesteven 012",,,3068,929,30.28,799,26.04,563,18.35,400,13.04,259,8.44,72,2.35,42,1.37,4,.13,0,0
"E","East Midlands","32","Lincolnshire","32UF","South Holland","E02005465","South Holland 001",,,3409,1154,33.85,866,25.4,948,27.81,293,8.59,123,3.61,17,.5,6,.18,2,.06,0,0
"E","East Midlands","32","Lincolnshire","32UF","South Holland","E02005466","South Holland 002",,,2541,953,37.5,563,22.16,660,25.97,230,9.05,92,3.62,30,1.18,12,.47,1,.04,0,0
"E","East Midlands","32","Lincolnshire","32UF","South Holland","E02005467","South Holland 003",,,3080,1462,47.47,578,18.77,781,25.36,196,6.36,53,1.72,5,.16,4,.13,1,.03,0,0
"E","East Midlands","32","Lincolnshire","32UF","South Holland","E02005468","South Holland 004",,,2939,874,29.74,750,25.52,734,24.97,350,11.91,187,6.36,34,1.16,10,.34,0,0,0,0
"E","East Midlands","32","Lincolnshire","32UF","South Holland","E02005469","South Holland 005",,,2770,1088,39.28,566,20.43,661,23.86,285,10.29,125,4.51,35,1.26,10,.36,0,0,0,0
"E","East Midlands","32","Lincolnshire","32UF","South Holland","E02005470","South Holland 006",,,3661,1270,34.69,769,21.01,1017,27.78,350,9.56,194,5.3,48,1.31,13,.36,0,0,0,0
"E","East Midlands","32","Lincolnshire","32UF","South Holland","E02005471","South Holland 007",,,3496,1948,55.72,564,16.13,639,18.28,210,6.01,96,2.75,28,.8,9,.26,2,.06,0,0
"E","East Midlands","32","Lincolnshire","32UF","South Holland","E02005472","South Holland 008",,,4007,2054,51.26,824,20.56,758,18.92,260,6.49,90,2.25,10,.25,9,.22,2,.05,0,0
"E","East Midlands","32","Lincolnshire","32UF","South Holland","E02005473","South Holland 009",,,3112,1133,36.41,745,23.94,936,30.08,216,6.94,63,2.02,12,.39,5,.16,2,.06,0,0
"E","East Midlands","32","Lincolnshire","32UF","South Holland","E02005474","South Holland 010",,,2521,725,28.76,695,27.57,766,30.38,254,10.08,59,2.34,12,.48,8,.32,2,.08,0,0
"E","East Midlands","32","Lincolnshire","32UF","South Holland","E02005475","South Holland 011",,,2139,828,38.71,291,13.6,612,28.61,280,13.09,113,5.28,14,.65,1,.05,0,0,0,0
"E","East Midlands","32","Lincolnshire","32UG","South Kesteven","E02005476","South Kesteven 001",,,2765,591,21.37,386,13.96,548,19.82,551,19.93,358,12.95,219,7.92,91,3.29,21,.76,0,0
"E","East Midlands","32","Lincolnshire","32UG","South Kesteven","E02005477","South Kesteven 002",,,3486,721,20.68,514,14.74,769,22.06,651,18.67,447,12.82,281,8.06,92,2.64,11,.32,0,0
"E","East Midlands","32","Lincolnshire","32UG","South Kesteven","E02005478","South Kesteven 003",,,4419,2331,52.75,796,18.01,602,13.62,422,9.55,157,3.55,69,1.56,33,.75,9,.2,0,0
"E","East Midlands","32","Lincolnshire","32UG","South Kesteven","E02005479","South Kesteven 004",,,3339,936,28.03,801,23.99,701,20.99,518,15.51,318,9.52,56,1.68,5,.15,4,.12,0,0
"E","East Midlands","32","Lincolnshire","32UG","South Kesteven","E02005480","South Kesteven 005",,,2780,2199,79.1,477,17.16,94,3.38,5,.18,2,.07,0,0,3,.11,0,0,0,0
"E","East Midlands","32","Lincolnshire","32UG","South Kesteven","E02005481","South Kesteven 006",,,4164,2640,63.4,804,19.31,449,10.78,165,3.96,73,1.75,23,.55,7,.17,3,.07,0,0
"E","East Midlands","32","Lincolnshire","32UG","South Kesteven","E02005482","South Kesteven 007",,,3668,784,21.37,1017,27.73,616,16.79,476,12.98,388,10.58,249,6.79,126,3.44,12,.33,0,0
"E","East Midlands","32","Lincolnshire","32UG","South Kesteven","E02005483","South Kesteven 008",,,2912,847,29.09,544,18.68,562,19.3,475,16.31,291,9.99,131,4.5,55,1.89,7,.24,0,0
"E","East Midlands","32","Lincolnshire","32UG","South Kesteven","E02005484","South Kesteven 009",,,2916,998,34.22,530,18.18,425,14.57,422,14.47,266,9.12,170,5.83,98,3.36,7,.24,0,0
"E","East Midlands","32","Lincolnshire","32UG","South Kesteven","E02005485","South Kesteven 010",,,2457,325,13.23,634,25.8,770,31.34,536,21.82,138,5.62,41,1.67,11,.45,2,.08,0,0
"E","East Midlands","32","Lincolnshire","32UG","South Kesteven","E02005486","South Kesteven 011",,,2584,977,37.81,549,21.25,362,14.01,453,17.53,180,6.97,44,1.7,17,.66,2,.08,0,0
"E","East Midlands","32","Lincolnshire","32UG","South Kesteven","E02005487","South Kesteven 012",,,3403,355,10.43,610,17.93,539,15.84,719,21.13,666,19.57,351,10.31,152,4.47,11,.32,0,0
"E","East Midlands","32","Lincolnshire","32UG","South Kesteven","E02005488","South Kesteven 013",,,2585,689,26.65,451,17.45,493,19.07,568,21.97,274,10.6,64,2.48,38,1.47,7,.27,1,.04
"E","East Midlands","32","Lincolnshire","32UG","South Kesteven","E02005489","South Kesteven 014",,,2766,565,20.43,589,21.29,770,27.84,573,20.72,181,6.54,75,2.71,13,.47,0,0,0,0
"E","East Midlands","32","Lincolnshire","32UG","South Kesteven","E02005490","South Kesteven 015",,,3649,808,22.14,1994,54.65,534,14.63,225,6.17,60,1.64,20,.55,7,.19,1,.03,0,0
"E","East Midlands","32","Lincolnshire","32UG","South Kesteven","E02005491","South Kesteven 016",,,4922,674,13.69,1516,30.8,1217,24.73,791,16.07,375,7.62,231,4.69,113,2.3,5,.1,0,0
"E","East Midlands","32","Lincolnshire","32UH","West Lindsey","E02005492","West Lindsey 001",,,3945,1128,28.59,923,23.4,790,20.03,531,13.46,308,7.81,174,4.41,84,2.13,7,.18,0,0
"E","East Midlands","32","Lincolnshire","32UH","West Lindsey","E02005493","West Lindsey 002",,,3283,871,26.53,587,17.88,943,28.72,542,16.51,207,6.31,104,3.17,27,.82,2,.06,0,0
"E","East Midlands","32","Lincolnshire","32UH","West Lindsey","E02005494","West Lindsey 003",,,3670,1430,38.96,674,18.37,579,15.78,451,12.29,257,7,186,5.07,86,2.34,7,.19,0,0
"E","East Midlands","32","Lincolnshire","32UH","West Lindsey","E02005495","West Lindsey 004",,,4634,3976,85.8,440,9.5,163,3.52,31,.67,14,.3,4,.09,4,.09,2,.04,0,0
"E","East Midlands","32","Lincolnshire","32UH","West Lindsey","E02005496","West Lindsey 005",,,2512,812,32.32,468,18.63,478,19.03,384,15.29,190,7.56,110,4.38,62,2.47,8,.32,0,0
"E","East Midlands","32","Lincolnshire","32UH","West Lindsey","E02005497","West Lindsey 006",,,2637,2221,84.22,340,12.89,56,2.12,10,.38,2,.08,3,.11,4,.15,1,.04,0,0
"E","East Midlands","32","Lincolnshire","32UH","West Lindsey","E02005498","West Lindsey 007",,,2875,783,27.23,641,22.3,521,18.12,514,17.88,263,9.15,110,3.83,39,1.36,4,.14,0,0
"E","East Midlands","32","Lincolnshire","32UH","West Lindsey","E02005499","West Lindsey 008",,,2890,667,23.08,616,21.31,649,22.46,444,15.36,367,12.7,99,3.43,43,1.49,4,.14,1,.03
"E","East Midlands","32","Lincolnshire","32UH","West Lindsey","E02005500","West Lindsey 009",,,2436,780,32.02,610,25.04,412,16.91,326,13.38,168,6.9,81,3.33,47,1.93,12,.49,0,0
"E","East Midlands","32","Lincolnshire","32UH","West Lindsey","E02005501","West Lindsey 010",,,2953,359,12.16,469,15.88,844,28.58,703,23.81,391,13.24,128,4.33,51,1.73,8,.27,0,0
"E","East Midlands","32","Lincolnshire","32UH","West Lindsey","E02005502","West Lindsey 011",,,3257,713,21.89,991,30.43,909,27.91,383,11.76,170,5.22,62,1.9,28,.86,1,.03,0,0
"E","East Midlands","34","Northamptonshire","34UB","Corby","E02005612","Corby 001",,,2518,869,34.51,613,24.34,350,13.9,355,14.1,182,7.23,74,2.94,67,2.66,8,.32,0,0
"E","East Midlands","34","Northamptonshire","34UB","Corby","E02005613","Corby 002",,,3777,2812,74.45,831,22,90,2.38,28,.74,15,.4,0,0,1,.03,0,0,0,0
"E","East Midlands","34","Northamptonshire","34UB","Corby","E02005614","Corby 003",,,2639,1245,47.18,671,25.43,214,8.11,312,11.82,134,5.08,32,1.21,26,.99,5,.19,0,0
"E","East Midlands","34","Northamptonshire","34UB","Corby","E02005615","Corby 004",,,3752,2627,70.02,835,22.25,139,3.7,117,3.12,28,.75,5,.13,1,.03,0,0,0,0
"E","East Midlands","34","Northamptonshire","34UB","Corby","E02005616","Corby 005",,,2281,1734,76.02,312,13.68,147,6.44,77,3.38,10,.44,0,0,0,0,1,.04,0,0
"E","East Midlands","34","Northamptonshire","34UB","Corby","E02005617","Corby 006",,,4303,3614,83.99,379,8.81,94,2.18,174,4.04,33,.77,8,.19,0,0,1,.02,0,0
"E","East Midlands","34","Northamptonshire","34UB","Corby","E02005618","Corby 007",,,3272,800,24.45,1301,39.76,459,14.03,505,15.43,180,5.5,20,.61,6,.18,1,.03,0,0
"E","East Midlands","34","Northamptonshire","34UC","Daventry","E02005619","Daventry 001",,,2266,112,4.94,264,11.65,587,25.9,401,17.7,363,16.02,257,11.34,253,11.17,29,1.28,0,0
"E","East Midlands","34","Northamptonshire","34UC","Daventry","E02005620","Daventry 002",,,3010,105,3.49,586,19.47,853,28.34,541,17.97,391,12.99,304,10.1,223,7.41,7,.23,0,0
"E","East Midlands","34","Northamptonshire","34UC","Daventry","E02005621","Daventry 003",,,2747,119,4.33,584,21.26,719,26.17,455,16.56,400,14.56,291,10.59,170,6.19,9,.33,0,0
"E","East Midlands","34","Northamptonshire","34UC","Daventry","E02005622","Daventry 004",,,3408,128,3.76,381,11.18,795,23.33,626,18.37,635,18.63,378,11.09,448,13.15,17,.5,0,0
"E","East Midlands","34","Northamptonshire","34UC","Daventry","E02005623","Daventry 005",,,3244,89,2.74,565,17.42,879,27.1,588,18.13,456,14.06,312,9.62,340,10.48,15,.46,0,0
"E","East Midlands","34","Northamptonshire","34UC","Daventry","E02005624","Daventry 006",,,2782,453,16.28,724,26.02,538,19.34,535,19.23,363,13.05,120,4.31,49,1.76,0,0,0,0
"E","East Midlands","34","Northamptonshire","34UC","Daventry","E02005625","Daventry 007",,,3370,828,24.57,1163,34.51,830,24.63,302,8.96,204,6.05,37,1.1,4,.12,2,.06,0,0
"E","East Midlands","34","Northamptonshire","34UC","Daventry","E02005626","Daventry 008",,,2853,969,33.96,1334,46.76,296,10.38,172,6.03,55,1.93,24,.84,2,.07,1,.04,0,0
"E","East Midlands","34","Northamptonshire","34UC","Daventry","E02005627","Daventry 009",,,2721,223,8.2,815,29.95,653,24,475,17.46,219,8.05,156,5.73,171,6.28,9,.33,0,0
"E","East Midlands","34","Northamptonshire","34UC","Daventry","E02005628","Daventry 010",,,3152,348,11.04,894,28.36,521,16.53,468,14.85,380,12.06,280,8.88,253,8.03,8,.25,0,0
"E","East Midlands","34","Northamptonshire","34UD","East Northamptonshire","E02005629","East Northamptonshire 001",,,2363,162,6.86,580,24.55,246,10.41,370,15.66,359,15.19,335,14.18,284,12.02,27,1.14,0,0
"E","East Midlands","34","Northamptonshire","34UD","East Northamptonshire","E02005630","East Northamptonshire 002",,,3655,242,6.62,705,19.29,586,16.03,599,16.39,635,17.37,453,12.39,399,10.92,36,.98,0,0
"E","East Midlands","34","Northamptonshire","34UD","East Northamptonshire","E02005631","East Northamptonshire 003",,,3593,672,18.7,956,26.61,526,14.64,616,17.14,420,11.69,216,6.01,167,4.65,20,.56,0,0
"E","East Midlands","34","Northamptonshire","34UD","East Northamptonshire","E02005632","East Northamptonshire 004",,,2364,359,15.19,746,31.56,303,12.82,288,12.18,381,16.12,185,7.83,92,3.89,10,.42,0,0
"E","East Midlands","34","Northamptonshire","34UD","East Northamptonshire","E02005633","East Northamptonshire 005",,,3414,859,25.16,1193,34.94,653,19.13,439,12.86,191,5.59,40,1.17,34,1,5,.15,0,0
"E","East Midlands","34","Northamptonshire","34UD","East Northamptonshire","E02005634","East Northamptonshire 006",,,3010,1157,38.44,910,30.23,451,14.98,297,9.87,122,4.05,54,1.79,19,.63,0,0,0,0
"E","East Midlands","34","Northamptonshire","34UD","East Northamptonshire","E02005635","East Northamptonshire 007",,,2816,834,29.62,894,31.75,446,15.84,328,11.65,202,7.17,76,2.7,36,1.28,0,0,0,0
"E","East Midlands","34","Northamptonshire","34UD","East Northamptonshire","E02005636","East Northamptonshire 008",,,4083,1473,36.08,1247,30.54,782,19.15,302,7.4,170,4.16,60,1.47,48,1.18,1,.02,0,0
"E","East Midlands","34","Northamptonshire","34UD","East Northamptonshire","E02005637","East Northamptonshire 009",,,3858,2701,70.01,689,17.86,213,5.52,140,3.63,78,2.02,30,.78,6,.16,1,.03,0,0
"E","East Midlands","34","Northamptonshire","34UD","East Northamptonshire","E02005638","East Northamptonshire 010",,,3303,325,9.84,1286,38.93,692,20.95,539,16.32,314,9.51,130,3.94,17,.51,0,0,0,0
"E","East Midlands","34","Northamptonshire","34UE","Kettering","E02005639","Kettering 001",,,2195,75,3.42,507,23.1,380,17.31,373,16.99,387,17.63,265,12.07,187,8.52,21,.96,0,0
"E","East Midlands","34","Northamptonshire","34UE","Kettering","E02005640","Kettering 002",,,3402,991,29.13,939,27.6,751,22.08,497,14.61,163,4.79,49,1.44,11,.32,1,.03,0,0
"E","East Midlands","34","Northamptonshire","34UE","Kettering","E02005641","Kettering 003",,,3100,1042,33.61,955,30.81,521,16.81,410,13.23,137,4.42,26,.84,9,.29,0,0,0,0
"E","East Midlands","34","Northamptonshire","34UE","Kettering","E02005642","Kettering 004",,,3098,209,6.75,1040,33.57,882,28.47,633,20.43,244,7.88,81,2.61,8,.26,1,.03,0,0
"E","East Midlands","34","Northamptonshire","34UE","Kettering","E02005643","Kettering 005",,,3465,2613,75.41,662,19.11,119,3.43,49,1.41,19,.55,3,.09,0,0,0,0,0,0
"E","East Midlands","34","Northamptonshire","34UE","Kettering","E02005644","Kettering 006",,,3363,2834,84.27,317,9.43,145,4.31,48,1.43,12,.36,3,.09,4,.12,0,0,0,0
"E","East Midlands","34","Northamptonshire","34UE","Kettering","E02005645","Kettering 007",,,4530,1980,43.71,692,15.28,891,19.67,457,10.09,371,8.19,108,2.38,26,.57,5,.11,0,0
"E","East Midlands","34","Northamptonshire","34UE","Kettering","E02005646","Kettering 008",,,2738,53,1.94,1500,54.78,951,34.73,184,6.72,48,1.75,1,.04,0,0,1,.04,0,0
"E","East Midlands","34","Northamptonshire","34UE","Kettering","E02005647","Kettering 009",,,3009,1001,33.27,1311,43.57,286,9.5,170,5.65,199,6.61,32,1.06,6,.2,4,.13,0,0
"E","East Midlands","34","Northamptonshire","34UE","Kettering","E02005648","Kettering 010",,,2842,241,8.48,510,17.95,1017,35.78,584,20.55,315,11.08,117,4.12,56,1.97,2,.07,0,0
"E","East Midlands","34","Northamptonshire","34UE","Kettering","E02005649","Kettering 011",,,4424,869,19.64,1772,40.05,732,16.55,439,9.92,299,6.76,187,4.23,115,2.6,11,.25,0,0
"E","East Midlands","34","Northamptonshire","34UF","Northampton","E02005650","Northampton 001",,,2423,318,13.12,464,19.15,1260,52,306,12.63,43,1.77,21,.87,2,.08,9,.37,0,0
"E","East Midlands","34","Northamptonshire","34UF","Northampton","E02005651","Northampton 002",,,2680,55,2.05,570,21.27,1464,54.63,502,18.73,75,2.8,13,.49,1,.04,0,0,0,0
"E","East Midlands","34","Northamptonshire","34UF","Northampton","E02005652","Northampton 003",,,2636,208,7.89,736,27.92,1241,47.08,377,14.3,63,2.39,10,.38,1,.04,0,0,0,0
"E","East Midlands","34","Northamptonshire","34UF","Northampton","E02005653","Northampton 004",,,3321,2254,67.87,536,16.14,227,6.84,245,7.38,54,1.63,2,.06,1,.03,2,.06,0,0
"E","East Midlands","34","Northamptonshire","34UF","Northampton","E02005654","Northampton 005",,,3028,1495,49.37,920,30.38,198,6.54,118,3.9,215,7.1,76,2.51,6,.2,0,0,0,0
"E","East Midlands","34","Northamptonshire","34UF","Northampton","E02005655","Northampton 006",,,2632,504,19.15,251,9.54,1130,42.93,500,19,180,6.84,61,2.32,5,.19,1,.04,0,0
"E","East Midlands","34","Northamptonshire","34UF","Northampton","E02005656","Northampton 007",,,2351,1706,72.56,389,16.55,71,3.02,138,5.87,46,1.96,1,.04,0,0,0,0,0,0
"E","East Midlands","34","Northamptonshire","34UF","Northampton","E02005657","Northampton 008",,,2629,309,11.75,938,35.68,797,30.32,321,12.21,216,8.22,39,1.48,9,.34,0,0,0,0
"E","East Midlands","34","Northamptonshire","34UF","Northampton","E02005658","Northampton 009",,,2674,1299,48.58,1245,46.56,75,2.8,46,1.72,7,.26,1,.04,1,.04,0,0,0,0
"E","East Midlands","34","Northamptonshire","34UF","Northampton","E02005659","Northampton 010",,,2326,385,16.55,473,20.34,1076,46.26,336,14.45,32,1.38,17,.73,5,.21,2,.09,0,0
"E","East Midlands","34","Northamptonshire","34UF","Northampton","E02005660","Northampton 011",,,2289,1239,54.13,475,20.75,250,10.92,216,9.44,65,2.84,28,1.22,15,.66,1,.04,0,0
"E","East Midlands","34","Northamptonshire","34UF","Northampton","E02005661","Northampton 012",,,2503,1491,59.57,392,15.66,452,18.06,59,2.36,76,3.04,31,1.24,2,.08,0,0,0,0
"E","East Midlands","34","Northamptonshire","34UF","Northampton","E02005662","Northampton 013",,,2724,688,25.26,606,22.25,1158,42.51,167,6.13,69,2.53,29,1.06,7,.26,0,0,0,0
"E","East Midlands","34","Northamptonshire","34UF","Northampton","E02005663","Northampton 014",,,2374,207,8.72,616,25.95,807,33.99,371,15.63,337,14.2,36,1.52,0,0,0,0,0,0
"E","East Midlands","34","Northamptonshire","34UF","Northampton","E02005664","Northampton 015",,,2416,762,31.54,1016,42.05,342,14.16,94,3.89,114,4.72,67,2.77,19,.79,2,.08,0,0
"E","East Midlands","34","Northamptonshire","34UF","Northampton","E02005665","Northampton 016",,,3070,923,30.07,683,22.25,483,15.73,467,15.21,329,10.72,59,1.92,126,4.1,0,0,0,0
"E","East Midlands","34","Northamptonshire","34UF","Northampton","E02005666","Northampton 017",,,3172,2720,85.75,353,11.13,55,1.73,27,.85,4,.13,8,.25,4,.13,1,.03,0,0
"E","East Midlands","34","Northamptonshire","34UF","Northampton","E02005667","Northampton 018",,,2652,961,36.24,616,23.23,685,25.83,249,9.39,79,2.98,16,.6,44,1.66,2,.08,0,0
"E","East Midlands","34","Northamptonshire","34UF","Northampton","E02005668","Northampton 019",,,2484,183,7.37,694,27.94,1201,48.35,249,10.02,107,4.31,37,1.49,12,.48,1,.04,0,0
"E","East Midlands","34","Northamptonshire","34UF","Northampton","E02005669","Northampton 020",,,2247,35,1.56,185,8.23,380,16.91,599,26.66,445,19.8,318,14.15,283,12.59,2,.09,0,0
"E","East Midlands","34","Northamptonshire","34UF","Northampton","E02005670","Northampton 021",,,3513,3083,87.76,242,6.89,93,2.65,60,1.71,16,.46,4,.11,14,.4,1,.03,0,0
"E","East Midlands","34","Northamptonshire","34UF","Northampton","E02005671","Northampton 022",,,3129,576,18.41,1467,46.88,864,27.61,102,3.26,63,2.01,35,1.12,20,.64,2,.06,0,0
"E","East Midlands","34","Northamptonshire","34UF","Northampton","E02005672","Northampton 023",,,2808,2449,87.22,184,6.55,64,2.28,92,3.28,17,.61,0,0,2,.07,0,0,0,0
"E","East Midlands","34","Northamptonshire","34UF","Northampton","E02005673","Northampton 024",,,2874,1296,45.09,925,32.19,482,16.77,63,2.19,23,.8,42,1.46,42,1.46,1,.03,0,0
"E","East Midlands","34","Northamptonshire","34UF","Northampton","E02005674","Northampton 025",,,2608,1497,57.4,309,11.85,244,9.36,306,11.73,215,8.24,30,1.15,4,.15,3,.12,0,0
"E","East Midlands","34","Northamptonshire","34UF","Northampton","E02005675","Northampton 026",,,2302,666,28.93,963,41.83,403,17.51,134,5.82,110,4.78,23,1,3,.13,0,0,0,0
"E","East Midlands","34","Northamptonshire","34UF","Northampton","E02005676","Northampton 027",,,2336,371,15.88,1101,47.13,599,25.64,186,7.96,70,3,7,.3,0,0,2,.09,0,0
"E","East Midlands","34","Northamptonshire","34UF","Northampton","E02005677","Northampton 028",,,2608,810,31.06,653,25.04,545,20.9,208,7.98,238,9.13,122,4.68,32,1.23,0,0,0,0
"E","East Midlands","34","Northamptonshire","34UF","Northampton","E02005678","Northampton 029",,,2305,120,5.21,230,9.98,456,19.78,498,21.61,505,21.91,403,17.48,86,3.73,7,.3,0,0
"E","East Midlands","34","Northamptonshire","34UF","Northampton","E02005679","Northampton 030",,,3595,164,4.56,795,22.11,1083,30.13,1003,27.9,408,11.35,69,1.92,70,1.95,3,.08,0,0
"E","East Midlands","34","Northamptonshire","34UF","Northampton","E02005680","Northampton 031",,,2104,40,1.9,341,16.21,416,19.77,428,20.34,423,20.1,317,15.07,120,5.7,19,.9,0,0
"E","East Midlands","34","Northamptonshire","34UG","South Northamptonshire","E02005681","South Northamptonshire 001",,,3271,66,2.02,740,22.62,1153,35.25,344,10.52,442,13.51,348,10.64,171,5.23,6,.18,1,.03
"E","East Midlands","34","Northamptonshire","34UG","South Northamptonshire","E02005682","South Northamptonshire 002",,,2671,65,2.43,690,25.83,490,18.35,447,16.74,514,19.24,277,10.37,172,6.44,16,.6,0,0
"E","East Midlands","34","Northamptonshire","34UG","South Northamptonshire","E02005683","South Northamptonshire 003",,,3686,196,5.32,880,23.87,1289,34.97,486,13.19,406,11.01,259,7.03,152,4.12,18,.49,0,0
"E","East Midlands","34","Northamptonshire","34UG","South Northamptonshire","E02005684","South Northamptonshire 004",,,3209,147,4.58,617,19.23,558,17.39,495,15.43,642,20.01,447,13.93,272,8.48,31,.97,0,0
"E","East Midlands","34","Northamptonshire","34UG","South Northamptonshire","E02005685","South Northamptonshire 005",,,3117,276,8.85,1205,38.66,667,21.4,366,11.74,306,9.82,174,5.58,114,3.66,9,.29,0,0
"E","East Midlands","34","Northamptonshire","34UG","South Northamptonshire","E02005686","South Northamptonshire 006",,,3027,85,2.81,505,16.68,957,31.62,508,16.78,394,13.02,287,9.48,272,8.99,19,.63,0,0
"E","East Midlands","34","Northamptonshire","34UG","South Northamptonshire","E02005687","South Northamptonshire 007",,,2268,71,3.13,400,17.64,323,14.24,332,14.64,467,20.59,374,16.49,278,12.26,23,1.01,0,0
"E","East Midlands","34","Northamptonshire","34UG","South Northamptonshire","E02005688","South Northamptonshire 008",,,2890,126,4.36,523,18.1,1197,41.42,385,13.32,255,8.82,242,8.37,147,5.09,15,.52,0,0
"E","East Midlands","34","Northamptonshire","34UG","South Northamptonshire","E02005689","South Northamptonshire 009",,,2912,56,1.92,709,24.35,682,23.42,693,23.8,554,19.02,176,6.04,41,1.41,1,.03,0,0
"E","East Midlands","34","Northamptonshire","34UG","South Northamptonshire","E02005690","South Northamptonshire 010",,,2260,481,21.28,884,39.12,317,14.03,350,15.49,165,7.3,46,2.04,14,.62,3,.13,0,0
"E","East Midlands","34","Northamptonshire","34UG","South Northamptonshire","E02005691","South Northamptonshire 011",,,2620,203,7.75,501,19.12,609,23.24,409,15.61,322,12.29,359,13.7,195,7.44,22,.84,0,0
"E","East Midlands","34","Northamptonshire","34UH","Wellingborough","E02005692","Wellingborough 001",,,2817,537,19.06,1099,39.01,428,15.19,286,10.15,262,9.3,116,4.12,83,2.95,6,.21,0,0
"E","East Midlands","34","Northamptonshire","34UH","Wellingborough","E02005693","Wellingborough 002",,,2702,1181,43.71,350,12.95,647,23.95,293,10.84,188,6.96,25,.93,17,.63,1,.04,0,0
"E","East Midlands","34","Northamptonshire","34UH","Wellingborough","E02005694","Wellingborough 003",,,3102,139,4.48,457,14.73,1079,34.78,913,29.43,342,11.03,127,4.09,45,1.45,0,0,0,0
"E","East Midlands","34","Northamptonshire","34UH","Wellingborough","E02005695","Wellingborough 004",,,2954,1464,49.56,1146,38.79,271,9.17,41,1.39,23,.78,4,.14,3,.1,2,.07,0,0
"E","East Midlands","34","Northamptonshire","34UH","Wellingborough","E02005696","Wellingborough 005",,,2450,1764,72,516,21.06,152,6.2,12,.49,3,.12,3,.12,0,0,0,0,0,0
"E","East Midlands","34","Northamptonshire","34UH","Wellingborough","E02005697","Wellingborough 006",,,2824,1352,47.88,920,32.58,285,10.09,153,5.42,92,3.26,14,.5,5,.18,3,.11,0,0
"E","East Midlands","34","Northamptonshire","34UH","Wellingborough","E02005698","Wellingborough 007",,,2372,906,38.2,448,18.89,734,30.94,186,7.84,88,3.71,5,.21,3,.13,2,.08,0,0
"E","East Midlands","34","Northamptonshire","34UH","Wellingborough","E02005699","Wellingborough 008",,,2845,813,28.58,1337,46.99,346,12.16,153,5.38,179,6.29,16,.56,0,0,1,.04,0,0
"E","East Midlands","34","Northamptonshire","34UH","Wellingborough","E02005700","Wellingborough 009",,,3797,522,13.75,905,23.83,1048,27.6,644,16.96,323,8.51,242,6.37,110,2.9,3,.08,0,0
"E","East Midlands","34","Northamptonshire","34UH","Wellingborough","E02005701","Wellingborough 010",,,4480,825,18.42,1737,38.77,917,20.47,472,10.54,309,6.9,146,3.26,66,1.47,8,.18,0,0
"E","East Midlands","37","Nottinghamshire","37UB","Ashfield","E02005819","Ashfield 001",,,2708,1663,61.41,456,16.84,298,11,143,5.28,93,3.43,35,1.29,20,.74,0,0,0,0
"E","East Midlands","37","Nottinghamshire","37UB","Ashfield","E02005820","Ashfield 002",,,2513,967,38.48,849,33.78,509,20.25,167,6.65,14,.56,6,.24,1,.04,0,0,0,0
"E","East Midlands","37","Nottinghamshire","37UB","Ashfield","E02005821","Ashfield 003",,,2602,1938,74.48,352,13.53,207,7.96,81,3.11,16,.61,4,.15,4,.15,0,0,0,0
"E","East Midlands","37","Nottinghamshire","37UB","Ashfield","E02005822","Ashfield 004",,,3655,2716,74.31,532,14.56,245,6.7,128,3.5,23,.63,2,.05,7,.19,2,.05,0,0
"E","East Midlands","37","Nottinghamshire","37UB","Ashfield","E02005823","Ashfield 005",,,3155,2828,89.64,165,5.23,88,2.79,30,.95,18,.57,12,.38,11,.35,3,.1,0,0
"E","East Midlands","37","Nottinghamshire","37UB","Ashfield","E02005824","Ashfield 006",,,3586,1639,45.71,763,21.28,795,22.17,300,8.37,75,2.09,11,.31,0,0,3,.08,0,0
"E","East Midlands","37","Nottinghamshire","37UB","Ashfield","E02005825","Ashfield 007",,,3189,1935,60.68,623,19.54,341,10.69,152,4.77,57,1.79,51,1.6,28,.88,2,.06,0,0
"E","East Midlands","37","Nottinghamshire","37UB","Ashfield","E02005826","Ashfield 008",,,2544,2231,87.7,211,8.29,77,3.03,21,.83,1,.04,0,0,1,.04,2,.08,0,0
"E","East Midlands","37","Nottinghamshire","37UB","Ashfield","E02005827","Ashfield 009",,,3169,1248,39.38,796,25.12,720,22.72,336,10.6,49,1.55,12,.38,5,.16,3,.09,0,0
"E","East Midlands","37","Nottinghamshire","37UB","Ashfield","E02005828","Ashfield 010",,,2892,1480,51.18,637,22.03,550,19.02,159,5.5,38,1.31,17,.59,9,.31,2,.07,0,0
"E","East Midlands","37","Nottinghamshire","37UB","Ashfield","E02005829","Ashfield 011",,,2711,1281,47.25,621,22.91,462,17.04,224,8.26,83,3.06,32,1.18,7,.26,1,.04,0,0
"E","East Midlands","37","Nottinghamshire","37UB","Ashfield","E02005830","Ashfield 012",,,2687,1116,41.53,620,23.07,434,16.15,303,11.28,125,4.65,72,2.68,15,.56,2,.07,0,0
"E","East Midlands","37","Nottinghamshire","37UB","Ashfield","E02005831","Ashfield 013",,,3129,1241,39.66,645,20.61,795,25.41,291,9.3,135,4.31,17,.54,2,.06,3,.1,0,0
"E","East Midlands","37","Nottinghamshire","37UB","Ashfield","E02005832","Ashfield 014",,,3549,2649,74.64,530,14.93,258,7.27,83,2.34,23,.65,3,.08,3,.08,0,0,0,0
"E","East Midlands","37","Nottinghamshire","37UB","Ashfield","E02005833","Ashfield 015",,,2948,830,28.15,767,26.02,950,32.23,316,10.72,55,1.87,28,.95,2,.07,0,0,0,0
"E","East Midlands","37","Nottinghamshire","37UB","Ashfield","E02005834","Ashfield 016",,,3006,1969,65.5,792,26.35,170,5.66,57,1.9,16,.53,1,.03,1,.03,0,0,0,0
"E","East Midlands","37","Nottinghamshire","37UC","Bassetlaw","E02005835","Bassetlaw 001",,,4176,2765,66.21,543,13,336,8.05,205,4.91,176,4.21,89,2.13,58,1.39,4,.1,0,0
"E","East Midlands","37","Nottinghamshire","37UC","Bassetlaw","E02005836","Bassetlaw 002",,,3716,1235,33.23,463,12.46,686,18.46,627,16.87,401,10.79,214,5.76,81,2.18,8,.22,1,.03
"E","East Midlands","37","Nottinghamshire","37UC","Bassetlaw","E02005837","Bassetlaw 003",,,2676,720,26.91,368,13.75,434,16.22,475,17.75,348,13,179,6.69,139,5.19,12,.45,1,.04
"E","East Midlands","37","Nottinghamshire","37UC","Bassetlaw","E02005838","Bassetlaw 004",,,3605,2184,60.58,590,16.37,371,10.29,286,7.93,99,2.75,46,1.28,24,.67,5,.14,0,0
"E","East Midlands","37","Nottinghamshire","37UC","Bassetlaw","E02005839","Bassetlaw 005",,,2694,1549,57.5,586,21.75,350,12.99,115,4.27,57,2.12,22,.82,13,.48,2,.07,0,0
"E","East Midlands","37","Nottinghamshire","37UC","Bassetlaw","E02005840","Bassetlaw 006",,,3019,1510,50.02,660,21.86,308,10.2,369,12.22,141,4.67,27,.89,4,.13,0,0,0,0
"E","East Midlands","37","Nottinghamshire","37UC","Bassetlaw","E02005841","Bassetlaw 007",,,2913,1166,40.03,797,27.36,466,16,365,12.53,103,3.54,12,.41,2,.07,2,.07,0,0
"E","East Midlands","37","Nottinghamshire","37UC","Bassetlaw","E02005842","Bassetlaw 008",,,3607,1937,53.7,491,13.61,550,15.25,397,11.01,140,3.88,62,1.72,27,.75,3,.08,0,0
"E","East Midlands","37","Nottinghamshire","37UC","Bassetlaw","E02005843","Bassetlaw 009",,,2489,1502,60.35,196,7.87,312,12.54,407,16.35,58,2.33,11,.44,3,.12,0,0,0,0
"E","East Midlands","37","Nottinghamshire","37UC","Bassetlaw","E02005844","Bassetlaw 010",,,3267,2058,62.99,533,16.31,359,10.99,202,6.18,56,1.71,46,1.41,11,.34,2,.06,0,0
"E","East Midlands","37","Nottinghamshire","37UC","Bassetlaw","E02005845","Bassetlaw 011",,,2318,1796,77.48,319,13.76,101,4.36,60,2.59,28,1.21,11,.47,3,.13,0,0,0,0
"E","East Midlands","37","Nottinghamshire","37UC","Bassetlaw","E02005846","Bassetlaw 012",,,2865,2653,92.6,126,4.4,57,1.99,24,.84,3,.1,0,0,1,.03,1,.03,0,0
"E","East Midlands","37","Nottinghamshire","37UC","Bassetlaw","E02005847","Bassetlaw 013",,,2802,1555,55.5,236,8.42,259,9.24,561,20.02,145,5.17,29,1.03,16,.57,1,.04,0,0
"E","East Midlands","37","Nottinghamshire","37UC","Bassetlaw","E02005848","Bassetlaw 014",,,2769,1171,42.29,559,20.19,362,13.07,439,15.85,158,5.71,36,1.3,36,1.3,8,.29,0,0
"E","East Midlands","37","Nottinghamshire","37UC","Bassetlaw","E02005849","Bassetlaw 015",,,3592,1341,37.33,323,8.99,497,13.84,569,15.84,440,12.25,258,7.18,156,4.34,8,.22,0,0
"E","East Midlands","37","Nottinghamshire","37UD","Broxtowe","E02005850","Broxtowe 001",,,2992,974,32.55,1017,33.99,835,27.91,100,3.34,42,1.4,15,.5,7,.23,2,.07,0,0
"E","East Midlands","37","Nottinghamshire","37UD","Broxtowe","E02005851","Broxtowe 002",,,2659,1906,71.68,318,11.96,331,12.45,80,3.01,12,.45,8,.3,4,.15,0,0,0,0
"E","East Midlands","37","Nottinghamshire","37UD","Broxtowe","E02005852","Broxtowe 003",,,3385,572,16.9,783,23.13,1560,46.09,360,10.64,79,2.33,25,.74,6,.18,0,0,0,0
"E","East Midlands","37","Nottinghamshire","37UD","Broxtowe","E02005853","Broxtowe 004",,,3733,1140,30.54,995,26.65,593,15.89,586,15.7,317,8.49,76,2.04,26,.7,0,0,0,0
"E","East Midlands","37","Nottinghamshire","37UD","Broxtowe","E02005854","Broxtowe 005",,,2160,1035,47.92,522,24.17,314,14.54,199,9.21,54,2.5,21,.97,14,.65,1,.05,0,0
"E","East Midlands","37","Nottinghamshire","37UD","Broxtowe","E02005855","Broxtowe 006",,,2903,251,8.65,387,13.33,899,30.97,849,29.25,404,13.92,92,3.17,21,.72,0,0,0,0
"E","East Midlands","37","Nottinghamshire","37UD","Broxtowe","E02005856","Broxtowe 007",,,3135,225,7.18,267,8.52,606,19.33,1069,34.1,597,19.04,162,5.17,202,6.44,7,.22,0,0
"E","East Midlands","37","Nottinghamshire","37UD","Broxtowe","E02005857","Broxtowe 008",,,2691,1717,63.81,670,24.9,267,9.92,32,1.19,4,.15,0,0,1,.04,0,0,0,0
"E","East Midlands","37","Nottinghamshire","37UD","Broxtowe","E02005858","Broxtowe 009",,,3261,544,16.68,1357,41.61,605,18.55,509,15.61,176,5.4,55,1.69,15,.46,0,0,0,0
"E","East Midlands","37","Nottinghamshire","37UD","Broxtowe","E02005859","Broxtowe 010",,,4031,2138,53.04,1011,25.08,478,11.86,276,6.85,93,2.31,30,.74,5,.12,0,0,0,0
"E","East Midlands","37","Nottinghamshire","37UD","Broxtowe","E02005860","Broxtowe 011",,,3834,1565,40.82,1367,35.65,478,12.47,207,5.4,99,2.58,76,1.98,38,.99,4,.1,0,0
"E","East Midlands","37","Nottinghamshire","37UD","Broxtowe","E02005861","Broxtowe 012",,,2447,767,31.34,1457,59.54,164,6.7,46,1.88,9,.37,1,.04,3,.12,0,0,0,0
"E","East Midlands","37","Nottinghamshire","37UD","Broxtowe","E02005862","Broxtowe 013",,,3557,1646,46.27,888,24.96,773,21.73,214,6.02,22,.62,10,.28,4,.11,0,0,0,0
"E","East Midlands","37","Nottinghamshire","37UD","Broxtowe","E02005863","Broxtowe 014",,,3134,443,14.14,707,22.56,1110,35.42,442,14.1,228,7.28,139,4.44,62,1.98,3,.1,0,0
"E","East Midlands","37","Nottinghamshire","37UD","Broxtowe","E02005864","Broxtowe 015",,,2957,215,7.27,614,20.76,1187,40.14,697,23.57,216,7.3,22,.74,6,.2,0,0,0,0
"E","East Midlands","37","Nottinghamshire","37UE","Gedling","E02005865","Gedling 001",,,3276,475,14.5,160,4.88,340,10.38,780,23.81,847,25.85,315,9.62,305,9.31,54,1.65,0,0
"E","East Midlands","37","Nottinghamshire","37UE","Gedling","E02005866","Gedling 002",,,3696,1267,34.28,607,16.42,763,20.64,402,10.88,367,9.93,182,4.92,100,2.71,8,.22,0,0
"E","East Midlands","37","Nottinghamshire","37UE","Gedling","E02005867","Gedling 003",,,2355,912,38.73,637,27.05,371,15.75,256,10.87,104,4.42,45,1.91,28,1.19,2,.08,0,0
"E","East Midlands","37","Nottinghamshire","37UE","Gedling","E02005868","Gedling 004",,,2855,598,20.95,1081,37.86,619,21.68,396,13.87,131,4.59,23,.81,7,.25,0,0,0,0
"E","East Midlands","37","Nottinghamshire","37UE","Gedling","E02005869","Gedling 005",,,2426,963,39.69,1087,44.81,204,8.41,153,6.31,12,.49,4,.16,2,.08,1,.04,0,0
"E","East Midlands","37","Nottinghamshire","37UE","Gedling","E02005870","Gedling 006",,,2864,1791,62.53,768,26.82,187,6.53,83,2.9,24,.84,7,.24,3,.1,0,0,1,.03
"E","East Midlands","37","Nottinghamshire","37UE","Gedling","E02005871","Gedling 007",,,2893,157,5.43,1661,57.41,503,17.39,303,10.47,198,6.84,49,1.69,20,.69,2,.07,0,0
"E","East Midlands","37","Nottinghamshire","37UE","Gedling","E02005872","Gedling 008",,,2463,180,7.31,278,11.29,553,22.45,625,25.38,434,17.62,249,10.11,140,5.68,4,.16,0,0
"E","East Midlands","37","Nottinghamshire","37UE","Gedling","E02005873","Gedling 009",,,4161,227,5.46,739,17.76,950,22.83,1461,35.11,594,14.28,127,3.05,62,1.49,1,.02,0,0
"E","East Midlands","37","Nottinghamshire","37UE","Gedling","E02005874","Gedling 010",,,3567,397,11.13,1191,33.39,1260,35.32,502,14.07,167,4.68,42,1.18,7,.2,1,.03,0,0
"E","East Midlands","37","Nottinghamshire","37UE","Gedling","E02005875","Gedling 011",,,2948,607,20.59,1404,47.63,658,22.32,231,7.84,39,1.32,6,.2,2,.07,0,0,1,.03
"E","East Midlands","37","Nottinghamshire","37UE","Gedling","E02005876","Gedling 012",,,3622,1276,35.23,1000,27.61,651,17.97,374,10.33,218,6.02,82,2.26,17,.47,4,.11,0,0
"E","East Midlands","37","Nottinghamshire","37UE","Gedling","E02005877","Gedling 013",,,3113,1136,36.49,1033,33.18,777,24.96,140,4.5,21,.67,3,.1,3,.1,0,0,0,0
"E","East Midlands","37","Nottinghamshire","37UE","Gedling","E02005878","Gedling 014",,,4402,1834,41.66,1213,27.56,1028,23.35,272,6.18,52,1.18,1,.02,2,.05,0,0,0,0
"E","East Midlands","37","Nottinghamshire","37UE","Gedling","E02005879","Gedling 015",,,3366,1968,58.47,929,27.6,267,7.93,88,2.61,86,2.55,18,.53,10,.3,0,0,0,0
"E","East Midlands","37","Nottinghamshire","37UF","Mansfield","E02005880","Mansfield 001",,,2596,1972,75.96,123,4.74,366,14.1,112,4.31,20,.77,3,.12,0,0,0,0,0,0
"E","East Midlands","37","Nottinghamshire","37UF","Mansfield","E02005881","Mansfield 002",,,2680,1932,72.09,343,12.8,321,11.98,62,2.31,14,.52,4,.15,3,.11,1,.04,0,0
"E","East Midlands","37","Nottinghamshire","37UF","Mansfield","E02005882","Mansfield 003",,,3169,842,26.57,1224,38.62,819,25.84,229,7.23,52,1.64,2,.06,1,.03,0,0,0,0
"E","East Midlands","37","Nottinghamshire","37UF","Mansfield","E02005883","Mansfield 004",,,3219,2570,79.84,361,11.21,158,4.91,102,3.17,21,.65,4,.12,3,.09,0,0,0,0
"E","East Midlands","37","Nottinghamshire","37UF","Mansfield","E02005884","Mansfield 005",,,2716,1440,53.02,621,22.86,420,15.46,142,5.23,89,3.28,2,.07,2,.07,0,0,0,0
"E","East Midlands","37","Nottinghamshire","37UF","Mansfield","E02005885","Mansfield 006",,,3732,2256,60.45,955,25.59,363,9.73,117,3.14,29,.78,7,.19,4,.11,1,.03,0,0
"E","East Midlands","37","Nottinghamshire","37UF","Mansfield","E02005886","Mansfield 007",,,3926,1789,45.57,1091,27.79,559,14.24,371,9.45,99,2.52,14,.36,2,.05,1,.03,0,0
"E","East Midlands","37","Nottinghamshire","37UF","Mansfield","E02005887","Mansfield 008",,,4321,3758,86.97,319,7.38,103,2.38,67,1.55,33,.76,27,.62,11,.25,3,.07,0,0
"E","East Midlands","37","Nottinghamshire","37UF","Mansfield","E02005888","Mansfield 009",,,3710,3205,86.39,300,8.09,127,3.42,48,1.29,22,.59,4,.11,4,.11,0,0,0,0
"E","East Midlands","37","Nottinghamshire","37UF","Mansfield","E02005889","Mansfield 010",,,4415,3020,68.4,690,15.63,516,11.69,136,3.08,31,.7,13,.29,6,.14,2,.05,1,.02
"E","East Midlands","37","Nottinghamshire","37UF","Mansfield","E02005890","Mansfield 011",,,2833,500,17.65,1496,52.81,488,17.23,227,8.01,114,4.02,7,.25,1,.04,0,0,0,0
"E","East Midlands","37","Nottinghamshire","37UF","Mansfield","E02005891","Mansfield 012",,,2995,2310,77.13,327,10.92,167,5.58,99,3.31,71,2.37,15,.5,5,.17,1,.03,0,0
"E","East Midlands","37","Nottinghamshire","37UF","Mansfield","E02005892","Mansfield 013",,,3892,539,13.85,568,14.59,909,23.36,979,25.15,605,15.54,201,5.16,87,2.24,4,.1,0,0
"E","East Midlands","37","Nottinghamshire","37UG","Newark and Sherwood","E02005893","Newark and Sherwood 001",,,4254,3342,78.56,282,6.63,428,10.06,149,3.5,26,.61,14,.33,10,.24,3,.07,0,0
"E","East Midlands","37","Nottinghamshire","37UG","Newark and Sherwood","E02005894","Newark and Sherwood 002",,,3523,2059,58.44,516,14.65,369,10.47,324,9.2,172,4.88,66,1.87,14,.4,3,.09,0,0
"E","East Midlands","37","Nottinghamshire","37UG","Newark and Sherwood","E02005895","Newark and Sherwood 003",,,3250,302,9.29,793,24.4,589,18.12,633,19.48,509,15.66,289,8.89,122,3.75,13,.4,0,0
"E","East Midlands","37","Nottinghamshire","37UG","Newark and Sherwood","E02005896","Newark and Sherwood 004",,,3018,730,24.19,355,11.76,614,20.34,642,21.27,394,13.06,188,6.23,90,2.98,5,.17,0,0
"E","East Midlands","37","Nottinghamshire","37UG","Newark and Sherwood","E02005897","Newark and Sherwood 005",,,3487,1035,29.68,552,15.83,578,16.58,467,13.39,309,8.86,290,8.32,238,6.83,18,.52,0,0
"E","East Midlands","37","Nottinghamshire","37UG","Newark and Sherwood","E02005898","Newark and Sherwood 006",,,4584,3260,71.12,590,12.87,459,10.01,187,4.08,50,1.09,21,.46,12,.26,5,.11,0,0
"E","East Midlands","37","Nottinghamshire","37UG","Newark and Sherwood","E02005899","Newark and Sherwood 007",,,4850,3404,70.19,875,18.04,363,7.48,138,2.85,38,.78,17,.35,14,.29,1,.02,0,0
"E","East Midlands","37","Nottinghamshire","37UG","Newark and Sherwood","E02005900","Newark and Sherwood 008",,,2879,280,9.73,610,21.19,485,16.85,483,16.78,558,19.38,306,10.63,141,4.9,16,.56,0,0
"E","East Midlands","37","Nottinghamshire","37UG","Newark and Sherwood","E02005901","Newark and Sherwood 009",,,3407,1838,53.95,534,15.67,582,17.08,249,7.31,138,4.05,36,1.06,28,.82,2,.06,0,0
"E","East Midlands","37","Nottinghamshire","37UG","Newark and Sherwood","E02005902","Newark and Sherwood 010",,,3426,2111,61.62,317,9.25,691,20.17,227,6.63,56,1.63,14,.41,9,.26,1,.03,0,0
"E","East Midlands","37","Nottinghamshire","37UG","Newark and Sherwood","E02005903","Newark and Sherwood 011",,,4355,1633,37.5,973,22.34,1388,31.87,257,5.9,53,1.22,8,.18,41,.94,2,.05,0,0
"E","East Midlands","37","Nottinghamshire","37UG","Newark and Sherwood","E02005904","Newark and Sherwood 012",,,2614,520,19.89,455,17.41,498,19.05,369,14.12,318,12.17,269,10.29,170,6.5,15,.57,0,0
"E","East Midlands","37","Nottinghamshire","37UG","Newark and Sherwood","E02005905","Newark and Sherwood 013",,,2338,122,5.22,323,13.82,281,12.02,441,18.86,414,17.71,448,19.16,291,12.45,18,.77,0,0
"E","East Midlands","37","Nottinghamshire","37UJ","Rushcliffe","E02005906","Rushcliffe 001",,,2561,223,8.71,411,16.05,423,16.52,353,13.78,448,17.49,404,15.78,282,11.01,17,.66,0,0
"E","East Midlands","37","Nottinghamshire","37UJ","Rushcliffe","E02005907","Rushcliffe 002",,,3653,382,10.46,837,22.91,1139,31.18,622,17.03,399,10.92,240,6.57,31,.85,3,.08,0,0
"E","East Midlands","37","Nottinghamshire","37UJ","Rushcliffe","E02005908","Rushcliffe 003",,,3773,495,13.12,615,16.3,1038,27.51,589,15.61,481,12.75,268,7.1,276,7.32,11,.29,0,0
"E","East Midlands","37","Nottinghamshire","37UJ","Rushcliffe","E02005909","Rushcliffe 004",,,3191,281,8.81,364,11.41,1642,51.46,585,18.33,238,7.46,65,2.04,16,.5,0,0,0,0
"E","East Midlands","37","Nottinghamshire","37UJ","Rushcliffe","E02005910","Rushcliffe 005",,,3653,858,23.49,1076,29.46,732,20.04,650,17.79,235,6.43,65,1.78,33,.9,4,.11,0,0
"E","East Midlands","37","Nottinghamshire","37UJ","Rushcliffe","E02005911","Rushcliffe 006",,,3188,218,6.84,301,9.44,766,24.03,596,18.7,673,21.11,485,15.21,144,4.52,4,.13,1,.03
"E","East Midlands","37","Nottinghamshire","37UJ","Rushcliffe","E02005912","Rushcliffe 007",,,3582,415,11.59,419,11.7,518,14.46,1282,35.79,645,18.01,262,7.31,39,1.09,1,.03,1,.03
"E","East Midlands","37","Nottinghamshire","37UJ","Rushcliffe","E02005913","Rushcliffe 008",,,2739,255,9.31,513,18.73,271,9.89,481,17.56,521,19.02,455,16.61,238,8.69,5,.18,0,0
"E","East Midlands","37","Nottinghamshire","37UJ","Rushcliffe","E02005914","Rushcliffe 009",,,2921,789,27.01,1325,45.36,451,15.44,216,7.39,59,2.02,47,1.61,33,1.13,1,.03,0,0
"E","East Midlands","37","Nottinghamshire","37UJ","Rushcliffe","E02005915","Rushcliffe 010",,,2336,199,8.52,549,23.5,354,15.15,330,14.13,457,19.56,225,9.63,208,8.9,14,.6,0,0
"E","East Midlands","37","Nottinghamshire","37UJ","Rushcliffe","E02005916","Rushcliffe 011",,,2839,297,10.46,1238,43.61,419,14.76,405,14.27,231,8.14,108,3.8,132,4.65,9,.32,0,0
"E","East Midlands","37","Nottinghamshire","37UJ","Rushcliffe","E02005917","Rushcliffe 012",,,2384,75,3.15,67,2.81,327,13.72,638,26.76,586,24.58,343,14.39,334,14.01,14,.59,0,0
"E","East Midlands","37","Nottinghamshire","37UJ","Rushcliffe","E02005918","Rushcliffe 013",,,2296,167,7.27,762,33.19,597,26,481,20.95,184,8.01,55,2.4,50,2.18,0,0,0,0
"E","East Midlands","37","Nottinghamshire","37UJ","Rushcliffe","E02005919","Rushcliffe 014",,,2287,264,11.54,631,27.59,412,18.01,452,19.76,258,11.28,152,6.65,100,4.37,18,.79,0,0
"E","East Midlands","37","Nottinghamshire","37UJ","Rushcliffe","E02005920","Rushcliffe 015",,,2870,87,3.03,380,13.24,617,21.5,695,24.22,544,18.95,320,11.15,215,7.49,12,.42,0,0