DATASET_TITLE,"Tax Credit Claimants, 2006",,,,,,,,,,FROM,Aug-2006,Aug-2006,Aug-2006,Aug-2006,Aug-2006,Aug-2006,Aug-2006,Aug-2006,Aug-2006,Aug-2006,Aug-2006,Aug-2006,Aug-2006,Aug-2006,Aug-2006,Aug-2006,Aug-2006,Aug-2006,Aug-2006,Aug-2006,Aug-2006,Aug-2006,Aug-2006,Aug-2006,Aug-2006,Aug-2006,Aug-2006,Aug-2006,Aug-2006,Aug-2006,Aug-2006
AREA_TYPE,Region,,,,,,,,,,TO,Aug-2006,Aug-2006,Aug-2006,Aug-2006,Aug-2006,Aug-2006,Aug-2006,Aug-2006,Aug-2006,Aug-2006,Aug-2006,Aug-2006,Aug-2006,Aug-2006,Aug-2006,Aug-2006,Aug-2006,Aug-2006,Aug-2006,Aug-2006,Aug-2006,Aug-2006,Aug-2006,Aug-2006,Aug-2006,Aug-2006,Aug-2006,Aug-2006,Aug-2006,Aug-2006,Aug-2006
GEO_HIERARCHY,NeSS Geography Hierarchy,,,,,,,,,,HEADING,Families Receiving; Tax Credit,Children in families receiving; Tax Credit,Families in work receiving; Tax Credit,Families in work receiving; Tax Credit,Children in families in work receiving; Tax Credit,Lone-parent families in work receiving; Tax Credit,Lone-parent families in work receiving; Tax Credit,Children of lone-parent families in work receiving; Tax Credit,Families in work receiving; Child Tax Credit and Working Tax Credit,Families in work receiving; Child Tax Credit and Working Tax Credit,Children in families in work receiving; Child Tax Credit and Working Tax Credit,Families in work receiving; Child Tax Credit above the family element,Families in work receiving; Child Tax Credit above the family element,Children in families in work receiving; Child Tax Credit above the family element,Families in work receiving; Child Tax Credit family element and below,Families in work receiving; Child Tax Credit family element and below,Children in families in work receiving; Child Tax Credit family element and below,Families in work receiving; Working Tax Credit only,Families in work receiving; Working Tax Credit only,Families in work receiving; Childcare element of Working Tax Credit,Families in work; National Childcare Indicator,Lone-parent families in work receiving; Childcare element of Working Tax Credit,Families out of work receiving; Child Tax Credit,Families out of work receiving; Child Tax Credit,Children in families out of work receiving; Child Tax Credit,Lone-parent families out of work receiving; Child Tax Credit,Lone-parent families out of work receiving; Child Tax Credit,Children of lone-parent families out of work receiving; Child Tax Credit,Couple families out of work receiving; Child Tax Credit,Couple families out of work receiving; Child Tax Credit,Children of couple families out of work receiving; Child Tax Credit
,,,,,,,,,,,MEASUREMENT_UNIT,Count,Count,Count,Percentage,Count,Count,Percentage,Count,Count,Percentage,Count,Count,Percentage,Count,Count,Percentage,Count,Count,Percentage,Count,Ratio,Count,Count,Percentage,Count,Count,Percentage,Count,Count,Percentage,Count
,,,,,,,,,,,STATISTICAL_UNIT,Families,Persons,Families,Families,Persons,Persons,Families,Persons,Families,Families,Persons,Families,Families,Persons,Families,Families,Persons,Families,Families,Families,Families,Families,Families,Families,Persons,Families,Families,Persons,Families,Families,Persons
UK_CODE,UK_NAME,GB_CODE,GB_NAME,EW_CODE,EW_NAME,CTRY_CODE,CTRY_NAME,GOR_CODE,GOR_NAME,AREA_METADATA,,DATA_VALUE,DATA_VALUE,DATA_VALUE,DATA_VALUE,DATA_VALUE,DATA_VALUE,DATA_VALUE,DATA_VALUE,DATA_VALUE,DATA_VALUE,DATA_VALUE,DATA_VALUE,DATA_VALUE,DATA_VALUE,DATA_VALUE,DATA_VALUE,DATA_VALUE,DATA_VALUE,DATA_VALUE,DATA_VALUE,DATA_VALUE,DATA_VALUE,DATA_VALUE,DATA_VALUE,DATA_VALUE,DATA_VALUE,DATA_VALUE,DATA_VALUE,DATA_VALUE,DATA_VALUE,DATA_VALUE
"213","United Kingdom","078","Great Britain","727","England and Wales","064","England",,,,,4927560,8401650,3768280,76.5,6223950,870870,24.6,1347835,1319325,35,2396755,556570,14.8,1182575,1668105,44.3,2644620,224275,6,310880,.17,203595,1159280,23.5,2177700,868460,74.9,1569980,290825,25.1,607720
"213","United Kingdom","078","Great Britain",,,,,,,,,5766425,9737065,4420065,76.7,7232500,1036260,25,1596035,1548985,35,2787310,646830,14.6,1368930,1944300,44,3076265,279950,6.3,363875,.17,239225,1346360,23.3,2504560,1013075,75.2,1813980,333290,24.8,690580
"213","United Kingdom","078","Great Britain",,,"179","Scotland",,,,,518195,809345,404965,78.1,616465,108905,29.5,161445,139955,34.6,231835,53105,13.1,108610,176565,43.6,276025,35340,8.7,35915,.19,25375,113230,21.9,192875,90225,79.7,148850,23005,20.3,44025
"213","United Kingdom","078","Great Britain","727","England and Wales","220","Wales",,,,,320675,526070,246825,77,392085,56490,24.9,86755,89705,36.3,158720,37155,15.1,77745,99630,40.4,155620,20335,8.2,17085,.13,10260,73850,23,133985,54390,73.7,95150,19460,26.3,38835
"213","United Kingdom","078","Great Britain","727","England and Wales","064","England","A","North East",,,286485,451295,219325,76.6,331070,53405,26.9,79970,80690,36.8,138695,29400,13.4,58920,88715,40.4,133455,20520,9.4,16290,.15,10750,67160,23.4,120225,49850,74.2,85660,17310,25.8,34565
"213","United Kingdom","078","Great Britain","727","England and Wales","064","England","B","North West",,,743070,1232265,567925,76.4,909910,142540,27.1,217275,216165,38.1,388120,78630,13.8,163510,230885,40.7,358280,42245,7.4,57155,.19,36445,175145,23.6,322355,133150,76,235145,41995,24,87210
"213","United Kingdom","078","Great Britain","727","England and Wales","064","England","D","Yorkshire and The Humber",,,546490,913095,430805,78.8,696860,96505,24.1,148605,160925,37.4,294545,62710,14.6,130290,176080,40.9,272030,31090,7.2,35825,.16,22400,115685,21.2,216230,84040,72.6,150210,31645,27.4,66020
"213","United Kingdom","078","Great Britain","727","England and Wales","064","England","E","East Midlands",,,446360,750290,361090,80.9,590775,76420,22.6,118835,122950,34,221050,55795,15.5,117970,159505,44.2,251755,22840,6.3,29895,.17,18270,85265,19.1,159515,61800,72.5,111325,23465,27.5,48185
"213","United Kingdom","078","Great Britain","727","England and Wales","064","England","F","West Midlands",,,569335,986760,435255,76.5,726085,96450,23.5,149780,159000,36.5,296845,66435,15.3,141290,184280,42.3,287950,25540,5.9,37660,.17,24280,134080,23.5,260675,96065,71.6,177070,38015,28.4,83605
"213","United Kingdom","078","Great Britain","727","England and Wales","064","England","G","East of England",,,507100,877635,405960,80.1,689180,82820,21.4,129640,122710,30.2,223120,62520,15.4,136045,202275,49.8,330015,18455,4.5,26080,.14,17155,101140,19.9,188455,75400,74.5,135245,25740,25.5,53210
"213","United Kingdom","078","Great Britain","727","England and Wales","064","England","H","London",,,658910,1183860,400105,60.7,683260,124510,32.4,194665,164255,41.1,307300,55485,13.9,117230,164025,41,258730,16340,4.1,39175,.18,31750,258800,39.3,500600,200990,77.7,376850,57815,22.3,123750
"213","United Kingdom","078","Great Britain","727","England and Wales","064","England","J","South East",,,686640,1190125,550175,80.1,937530,119320,22.6,186555,165730,30.1,299540,81145,14.7,177770,281340,51.1,460215,21960,4,38290,.16,25020,136465,19.9,252595,103390,75.8,185415,33075,24.2,67185
"213","United Kingdom","078","Great Britain","727","England and Wales","064","England","K","South West",,,483170,816325,397635,82.3,659275,78900,21.2,122500,126905,31.9,227540,64445,16.2,139545,181000,45.5,292190,25280,6.4,30510,.16,17520,85540,17.7,157050,63770,74.6,113060,21765,25.4,43990