DATASET_TITLE,"Business Demography: Enterprise Births & Deaths, 2009",,,,,,,,,,FROM,May-2010,May-2010,May-2010,May-2010,May-2010
AREA_TYPE,Region,,,,,,,,,,TO,May-2010,May-2010,May-2010,May-2010,May-2010
GEO_HIERARCHY,NeSS Geography Hierarchy,,,,,,,,,,HEADING,All Active Enterprises,Births,Births,Deaths,Deaths
,,,,,,,,,,,MEASUREMENT_UNIT,Count,Count,Percentage,Count,Percentage
,,,,,,,,,,,STATISTICAL_UNIT,Enterprises,Enterprises,Enterprises,Enterprises,Enterprises
UK_CODE,UK_NAME,GB_CODE,GB_NAME,EW_CODE,EW_NAME,CTRY_CODE,CTRY_NAME,GOR_CODE,GOR_NAME,AREA_METADATA,,DATA_VALUE,DATA_VALUE,DATA_VALUE,DATA_VALUE,DATA_VALUE
"213","United Kingdom","078","Great Britain","727","England and Wales","064","England",,,,,2040150,209030,10.2,248110,12.2
"213","United Kingdom","078","Great Britain","727","England and Wales","220","Wales",,,,,91125,8325,9.1,10160,11.1
"213","United Kingdom","078","Great Britain","727","England and Wales",,,,,,,2131275,217355,10.2,258270,12.1
"213","United Kingdom","078","Great Britain","727","England and Wales","064","England","A","North East",,,63660,6625,10.4,7415,11.6
"213","United Kingdom","078","Great Britain","727","England and Wales","064","England","B","North West",,,236095,23920,10.1,30180,12.8
"213","United Kingdom","078","Great Britain","727","England and Wales","064","England","D","Yorkshire and The Humber",,,166825,17005,10.2,20360,12.2
"213","United Kingdom","078","Great Britain","727","England and Wales","064","England","E","East Midlands",,,158120,14860,9.4,18615,11.8
"213","United Kingdom","078","Great Britain","727","England and Wales","064","England","F","West Midlands",,,191550,18245,9.5,23085,12.1
"213","United Kingdom","078","Great Britain","727","England and Wales","064","England","G","East of England",,,238930,23535,9.9,28275,11.8
"213","United Kingdom","078","Great Britain","727","England and Wales","064","England","H","London",,,402315,50575,12.6,55100,13.7
"213","United Kingdom","078","Great Britain","727","England and Wales","064","England","J","South East",,,375595,36320,9.7,42550,11.3
"213","United Kingdom","078","Great Britain","727","England and Wales","064","England","K","South West",,,207060,17945,8.7,22530,10.9