DATASET_TITLE,"Incapacity Benefit/Severe Disablement Allowance Claimants, November 2002",,,,,,,,,,FROM,Nov-2002,Nov-2002,Nov-2002,Nov-2002,Nov-2002,Nov-2002,Nov-2002,Nov-2002,Nov-2002,Nov-2002,Nov-2002,Nov-2002,Nov-2002,Nov-2002,Nov-2002,Nov-2002,Nov-2002,Nov-2002,Nov-2002,Nov-2002,Nov-2002,Nov-2002,Nov-2002,Nov-2002,Nov-2002,Nov-2002,Nov-2002,Nov-2002,Nov-2002,Nov-2002,Nov-2002,Nov-2002
AREA_TYPE,Region,,,,,,,,,,TO,Nov-2002,Nov-2002,Nov-2002,Nov-2002,Nov-2002,Nov-2002,Nov-2002,Nov-2002,Nov-2002,Nov-2002,Nov-2002,Nov-2002,Nov-2002,Nov-2002,Nov-2002,Nov-2002,Nov-2002,Nov-2002,Nov-2002,Nov-2002,Nov-2002,Nov-2002,Nov-2002,Nov-2002,Nov-2002,Nov-2002,Nov-2002,Nov-2002,Nov-2002,Nov-2002,Nov-2002,Nov-2002
GEO_HIERARCHY,NeSS Geography Hierarchy,,,,,,,,,,HEADING,Total,Total Incapacity Benefit Claimants,Total Severe Disablement Allowance Claimants,Claimants Aged 16-24,Claimants Aged 16-24,Claimants Aged 25-49,Claimants Aged 25-49,Claimants Aged 50-59,Claimants Aged 50-59,Claimants Aged 60 and Over,Claimants Aged 60 and Over,Male,Male,Female,Female,Claim Duration Less Than 6 Months,Claim Duration 6 Months-1 Year,Claim Duration 1-2 Years,Claim Duration 2-5 Years,Claim Duration 5 Years and Over,Medical Reason for Claiming; Mental Disorders,Medical Reason for Claiming; Mental Disorders,Medical Reason for Claiming; Diseases of the Nervous System,Medical Reason for Claiming; Diseases of the Nervous System,Medical Reason for Claiming; Diseases of the Respiratory or Circulatory System,Medical Reason for Claiming; Diseases of the Respiratory or Circulatory System,Medical Reason for Claiming; Musculoskeletal Diseases,Medical Reason for Claiming; Musculoskeletal Diseases,Medical Reason for Claiming; Injury or Poisoning,Medical Reason for Claiming; Injury or Poisoning,Medical Reason for Claiming; Other,Medical Reason for Claiming; Other
,,,,,,,,,,,MEASUREMENT_UNIT,Count,Count,Count,Count,Percentage,Count,Percentage,Count,Percentage,Count,Percentage,Count,Percentage,Count,Percentage,Count,Count,Count,Count,Count,Count,Percentage,Count,Percentage,Count,Percentage,Count,Percentage,Count,Percentage,Count,Percentage
,,,,,,,,,,,STATISTICAL_UNIT,Persons,Persons,Persons,Persons,Persons,Persons,Persons,Persons,Persons,Persons,Persons,Persons,Persons,Persons,Persons,Persons,Persons,Persons,Persons,Persons,Persons,Persons,Persons,Persons,Persons,Persons,Persons,Persons,Persons,Persons,Persons,Persons
UK_CODE,UK_NAME,GB_CODE,GB_NAME,EW_CODE,EW_NAME,CTRY_CODE,CTRY_NAME,GOR_CODE,GOR_NAME,AREA_METADATA,,DATA_VALUE,DATA_VALUE,DATA_VALUE,DATA_VALUE,DATA_VALUE,DATA_VALUE,DATA_VALUE,DATA_VALUE,DATA_VALUE,DATA_VALUE,DATA_VALUE,DATA_VALUE,DATA_VALUE,DATA_VALUE,DATA_VALUE,DATA_VALUE,DATA_VALUE,DATA_VALUE,DATA_VALUE,DATA_VALUE,DATA_VALUE,DATA_VALUE,DATA_VALUE,DATA_VALUE,DATA_VALUE,DATA_VALUE,DATA_VALUE,DATA_VALUE,DATA_VALUE,DATA_VALUE,DATA_VALUE,DATA_VALUE
"213","United Kingdom","078","Great Britain","727","England and Wales","064","England",,,,,2246080,1976080,270010,139500,6,1040800,46,762120,34,303670,14,1335940,59,910140,41,233200,163960,232090,517820,1099010,799120,36,134030,6,213640,10,458760,20,133840,6,506690,23
"213","United Kingdom","078","Great Britain",,,,,,,,,2807050,2479080,327990,174270,6,1295420,46,955120,34,382250,14,1660270,59,1146780,41,288050,202440,286510,644500,1385560,1002860,36,162630,6,271300,10,570130,20,165410,6,634720,23
"213","United Kingdom","078","Great Britain",,,"179","Scotland",,,,,337920,301650,36280,21920,6,159700,47,112370,33,43930,13,193710,57,144210,43,34650,24560,33840,76280,168600,130920,39,18450,5,33320,10,60380,18,17160,5,77690,23
"213","United Kingdom","078","Great Britain","727","England and Wales","220","Wales",,,,,223050,201350,21700,12850,6,94920,43,80630,36,34650,16,130620,59,92430,41,20200,13920,20580,50400,117950,72820,33,10150,5,24340,11,50990,23,14410,6,50340,23
"213","United Kingdom","078","Great Britain","727","England and Wales",,,,,,,2469130,2177430,291710,152350,6,1135720,46,842750,34,338320,14,1466560,59,1002570,41,253400,177880,252670,568220,1216960,871940,35,144180,6,237980,10,509750,21,148250,6,557030,23
"213","United Kingdom","078","Great Britain","727","England and Wales","064","England","A","North East",,,188900,170750,18150,12240,6,83050,44,66170,35,27440,15,114730,61,74170,39,18950,12460,18380,42090,97020,63710,34,9060,5,18170,10,46680,25,11300,6,39970,21
"213","United Kingdom","078","Great Britain","727","England and Wales","064","England","B","North West",,,447350,402070,45280,25690,6,203900,46,155030,35,62730,14,266050,59,181300,41,42760,29580,43900,100590,230520,161390,36,22690,5,48490,11,93270,21,25320,6,96200,22
"213","United Kingdom","078","Great Britain","727","England and Wales","064","England","D","Yorkshire and The Humber",,,255240,225300,29950,16150,6,113010,44,88360,35,37730,15,154430,61,100810,39,27650,18770,26400,58270,124150,84670,33,15330,6,27620,11,54540,21,15120,6,57960,23
"213","United Kingdom","078","Great Britain","727","England and Wales","064","England","E","East Midlands",,,188400,161680,26720,11560,6,83390,44,66290,35,27170,14,111230,59,77180,41,19250,13610,18940,44310,92290,60820,32,11930,6,18380,10,42650,23,11480,6,43160,23
"213","United Kingdom","078","Great Britain","727","England and Wales","064","England","F","West Midlands",,,256880,227020,29860,16830,7,115720,45,88410,34,35930,14,153500,60,103380,40,26930,19770,27110,59580,123490,86890,34,15220,6,26670,10,57600,22,15710,6,54790,21
"213","United Kingdom","078","Great Britain","727","England and Wales","064","England","G","East of England",,,174590,148720,25860,11320,6,80530,46,59480,34,23260,13,100840,58,73750,42,18990,13300,18070,39650,84580,61610,35,13720,8,14100,8,34790,20,10570,6,39800,23
"213","United Kingdom","078","Great Britain","727","England and Wales","064","England","H","London",,,309640,280210,29440,17410,6,163480,53,96280,31,32470,10,183620,59,126020,41,32570,23840,35110,77990,140130,120810,39,15660,5,25850,8,52890,17,17230,6,77210,25
"213","United Kingdom","078","Great Britain","727","England and Wales","064","England","J","South East",,,233520,196440,37080,15430,7,109260,47,77800,33,31040,13,136940,59,96580,41,25450,18320,24120,51500,114130,86830,37,17320,7,18890,8,40670,17,14920,6,54900,24
"213","United Kingdom","078","Great Britain","727","England and Wales","064","England","K","South West",,,191550,163890,27660,12880,7,88460,46,64310,34,25900,14,114600,60,76950,40,20660,14320,20070,43820,92690,72390,38,13100,7,15460,8,35680,19,12210,6,42700,22