DATASET_TITLE,"Land Use Statistics (Previously-Developed Land), 2004",,,,,,,,,,FROM,Mar-2004,Mar-2004,Mar-2004,Mar-2004,Mar-2004,Mar-2004,Mar-2004,Mar-2004,Mar-2004,Mar-2004,Mar-2004,Mar-2004,Mar-2004,Mar-2004,Mar-2004,Mar-2004,Mar-2004
AREA_TYPE,Region,,,,,,,,,,TO,Mar-2004,Mar-2004,Mar-2004,Mar-2004,Mar-2004,Mar-2004,Mar-2004,Mar-2004,Mar-2004,Mar-2004,Mar-2004,Mar-2004,Mar-2004,Mar-2004,Mar-2004,Mar-2004,Mar-2004
GEO_HIERARCHY,NeSS Geography Hierarchy,,,,,,,,,,HEADING,Vacant Land,Vacant Land; Suitable for Housing,Vacant Land; Estimated Dwellings,Vacant Buildings,Vacant Buildings; Suitable for Housing,Vacant Buildings; Estimated Dwellings,Derelict Land and Buildings,Derelict Land and Buildings; Suitable for Housing,Derelict Land and Buildings; Estimated Dwellings,Land Currently in Use and Allocated in a Local Plan or With Planning Permission for any Use,Land Currently in Use and Allocated in a Local Plan or With Planning Permission for any Use; Suitable for Housing,Land Currently in Use and Allocated in a Local Plan or With Planning Permission for any Use; Estimated Dwellings,Land Currently in Use with Known Redevelopment Potential but No Planning Allocation or Permission; Suitable for Housing,Land Currently in Use with Known Redevelopment Potential but No Planning Allocation or Permission; Estimated Dwellings,Land that is Unused or May be Available for Redevelopment,Land that is Unused or May be Available for Redevelopment; Suitable for Housing,Land that is Unused or May be Available for Redevelopment; Estimated Dwellings
,,,,,,,,,,,MEASUREMENT_UNIT,Hectares,Hectares,Count,Hectares,Hectares,Count,Hectares,Hectares,Count,Hectares,Hectares,Count,Hectares,Count,Hectares,Hectares,Count
,,,,,,,,,,,STATISTICAL_UNIT,Sites,Sites,Dwellings,Sites,Sites,Dwellings,Sites,Sites,Dwellings,Sites,Sites,Dwellings,Sites,Dwellings,Sites,Sites,Dwellings
UK_CODE,UK_NAME,GB_CODE,GB_NAME,EW_CODE,EW_NAME,CTRY_CODE,CTRY_NAME,GOR_CODE,GOR_NAME,AREA_METADATA,,DATA_VALUE,DATA_VALUE,DATA_VALUE,DATA_VALUE,DATA_VALUE,DATA_VALUE,DATA_VALUE,DATA_VALUE,DATA_VALUE,DATA_VALUE,DATA_VALUE,DATA_VALUE,DATA_VALUE,DATA_VALUE,DATA_VALUE,DATA_VALUE,DATA_VALUE
"213","United Kingdom","078","Great Britain","727","England and Wales","064","England",,,,,14100,5090,178080,4200,2300,107680,19870,6450,158270,18120,10040,357490,4770,184530,64130,28650,986050
"213","United Kingdom","078","Great Britain","727","England and Wales","064","England","A","North East",,,1630,470,14270,180,90,3240,1430,380,6440,690,450,12530,380,13160,4540,1770,49650
"213","United Kingdom","078","Great Britain","727","England and Wales","064","England","B","North West",,,2730,930,37460,550,360,20180,5690,1110,37410,1990,920,36310,500,20770,11830,3820,152130
"213","United Kingdom","078","Great Britain","727","England and Wales","064","England","D","Yorkshire and The Humber",,,2380,730,28060,790,330,16390,2960,680,24260,1050,510,17930,430,22100,8230,2670,108740
"213","United Kingdom","078","Great Britain","727","England and Wales","064","England","E","East Midlands",,,990,330,9160,580,260,10160,2040,400,10530,1140,640,20490,600,19690,5660,2240,70030
"213","United Kingdom","078","Great Britain","727","England and Wales","064","England","F","West Midlands",,,1580,680,21040,420,200,8690,1840,790,14720,1860,820,23750,280,8920,6250,2770,77120
"213","United Kingdom","078","Great Britain","727","England and Wales","064","England","G","East of England",,,1210,440,10930,440,320,8230,2310,1680,22550,2250,1750,52130,690,23590,7360,4880,117440
"213","United Kingdom","078","Great Britain","727","England and Wales","064","England","H","London",,,410,210,18200,260,110,6630,290,180,11890,2090,1290,83300,160,12040,3290,1950,132060
"213","United Kingdom","078","Great Britain","727","England and Wales","064","England","J","South East",,,2030,920,26320,530,370,16140,1410,740,15350,5110,2360,67840,1010,34550,10370,5390,160190
"213","United Kingdom","078","Great Britain","727","England and Wales","064","England","K","South West",,,1140,390,12630,450,260,18020,1900,490,15120,1950,1290,43210,730,29710,6570,3160,118690