DATASET_TITLE,Population Density (UV02),,,,,,FROM,Apr-2001,Apr-2001,Apr-2001
AREA_TYPE,Local Authority,,,,,,TO,Apr-2001,Apr-2001,Apr-2001
GEO_HIERARCHY,NeSS Geography Hierarchy,,,,,,HEADING,All People,Area (Hectares),Density (Number of Persons per Hectare)
,,,,,,,MEASUREMENT_UNIT,Count,Hectares,Rate
,,,,,,,STATISTICAL_UNIT,Persons,Areas,Persons
GOR_CODE,GOR_NAME,CTY_CODE,CTY_NAME,LA_CODE,LA_NAME,AREA_METADATA,,DATA_VALUE,DATA_VALUE,DATA_VALUE
"H","London",,,"00AA","City of London",,,7185,290,24.79
"H","London",,,"00AB","Barking and Dagenham",,,163944,3609,45.43
"H","London",,,"00AC","Barnet",,,314564,8674,36.27
"H","London",,,"00AD","Bexley",,,218307,6056,36.05
"H","London",,,"00AE","Brent",,,263464,4323,60.94
"H","London",,,"00AF","Bromley",,,295532,15015,19.68
"H","London",,,"00AG","Camden",,,198020,2180,90.85
"H","London",,,"00AH","Croydon",,,330587,8652,38.21
"H","London",,,"00AJ","Ealing",,,300948,5553,54.2
"H","London",,,"00AK","Enfield",,,273559,8083,33.84
"H","London",,,"00AL","Greenwich",,,214403,4735,45.28
"H","London",,,"00AM","Hackney",,,202824,1906,106.39
"H","London",,,"00AN","Hammersmith and Fulham",,,165242,1640,100.73
"H","London",,,"00AP","Haringey",,,216507,2959,73.18
"H","London",,,"00AQ","Harrow",,,206814,5047,40.98
"H","London",,,"00AR","Havering",,,224248,11227,19.97
"H","London",,,"00AS","Hillingdon",,,243006,11570,21
"H","London",,,"00AT","Hounslow",,,212341,5598,37.93
"H","London",,,"00AU","Islington",,,175797,1486,118.3
"H","London",,,"00AW","Kensington and Chelsea",,,158919,1213,131.02
"H","London",,,"00AX","Kingston upon Thames",,,147273,3725,39.54
"H","London",,,"00AY","Lambeth",,,266169,2682,99.24
"H","London",,,"00AZ","Lewisham",,,248922,3515,70.81
"H","London",,,"00BA","Merton",,,187908,3761,49.96
"H","London",,,"00BB","Newham",,,243891,3622,67.34
"H","London",,,"00BC","Redbridge",,,238635,5641,42.3
"H","London",,,"00BD","Richmond upon Thames",,,172335,5742,30.02
"H","London",,,"00BE","Southwark",,,244866,2885,84.86
"H","London",,,"00BF","Sutton",,,179768,4385,41
"H","London",,,"00BG","Tower Hamlets",,,196106,1977,99.2
"H","London",,,"00BH","Waltham Forest",,,218341,3881,56.25
"H","London",,,"00BJ","Wandsworth",,,260380,3426,76
"H","London",,,"00BK","Westminster",,,181286,2148,84.41