DATASET_TITLE,NS-SeC of Household Reference Person - People Under Pensionable Age (UV32),,,,FROM,Apr-2001,Apr-2001,Apr-2001,Apr-2001,Apr-2001,Apr-2001,Apr-2001,Apr-2001,Apr-2001,Apr-2001,Apr-2001,Apr-2001
AREA_TYPE,County,,,,TO,Apr-2001,Apr-2001,Apr-2001,Apr-2001,Apr-2001,Apr-2001,Apr-2001,Apr-2001,Apr-2001,Apr-2001,Apr-2001,Apr-2001
GEO_HIERARCHY,2003 Administrative Hierarchy,,,,HEADING,All People Under Pensionable Age in Households,1. Higher managerial and professional occupations,1. Higher managerial and professional occupations:  1.1 Large employers and higher managerial occupations,1. Higher managerial and professional occupations:  1.2 Higher professional occupations,2. Lower managerial and professional occupations,3. Intermediate occupations,4. Small employers and own account workers,5. Lower supervisory and technical occupations,6. Semi-routine occupations,7. Routine occupations,8. Never worked and long-term unemployed,Not classified
,,,,,MEASUREMENT_UNIT,Count,Count,Count,Count,Count,Count,Count,Count,Count,Count,Count,Count
,,,,,STATISTICAL_UNIT,Persons,Persons,Persons,Persons,Persons,Persons,Persons,Persons,Persons,Persons,Persons,Persons
GOR_CODE,GOR_NAME,CTY_CODE,CTY_NAME,AREA_METADATA,,DATA_VALUE,DATA_VALUE,DATA_VALUE,DATA_VALUE,DATA_VALUE,DATA_VALUE,DATA_VALUE,DATA_VALUE,DATA_VALUE,DATA_VALUE,DATA_VALUE,DATA_VALUE
"A","North East","2D","Tyne and Wear",,,859185,78230,31840,46390,162797,69772,62148,98636,114376,121664,43865,107697
"A","North East","20","Durham",,,390662,34690,16480,18210,74606,27603,31413,50675,50064,62501,13399,45711
"A","North East","35","Northumberland",,,241907,28152,12408,15744,53682,18456,27667,29849,28640,30140,6595,18726
"B","North West","2A","Greater Manchester",,,2031135,224579,96197,128382,421066,164760,203169,215245,252534,258123,80338,211321
"B","North West","2B","Merseyside",,,1085213,101618,43090,58528,215966,89549,89394,108952,134644,118398,67997,158695
"B","North West","13","Cheshire",,,539333,100854,47911,52943,135488,32745,57618,61952,53737,52011,8436,36492
"B","North West","16","Cumbria",,,379271,38741,16905,21836,75784,21703,51607,55034,47176,50240,9152,29834
"B","North West","30","Lancashire",,,904105,110331,49869,60462,196867,66959,107842,103121,106059,111230,22203,79493
"D","Yorkshire and The Humber","2C","South Yorkshire",,,1020175,96695,43086,53609,191282,66071,96828,122399,136103,151557,43290,115950
"D","Yorkshire and The Humber","2F","West Yorkshire",,,1702175,190935,87966,102969,355686,126337,173922,183863,206684,239222,64700,160826
"D","Yorkshire and The Humber","36","North Yorkshire",,,439126,65116,31212,33904,109327,27179,71874,48494,44516,43160,5483,23977
"E","East Midlands","17","Derbyshire",,,589454,74445,36725,37720,126751,35485,67360,77431,70473,82627,11975,42907
"E","East Midlands","31","Leicestershire",,,489159,75489,37011,38478,122575,33849,61333,57724,48939,58089,5120,26041
"E","East Midlands","32","Lincolnshire",,,500358,53394,27202,26192,113464,29958,65540,62564,64332,66353,8843,35910
"E","East Midlands","34","Northamptonshire",,,520378,73706,38987,34719,126047,35782,55944,60843,57377,74180,8906,27593
"E","East Midlands","37","Nottinghamshire",,,601558,77911,35846,42065,135902,40014,63072,73938,68124,80374,13890,48333
"F","West Midlands","2E","West Midlands",,,2072044,203223,91236,111987,380316,140737,189296,227955,312478,272899,121628,223512
"F","West Midlands","39","Shropshire",,,217924,30282,14113,16169,51509,12375,35382,23853,24540,23558,3377,13048
"F","West Midlands","41","Staffordshire",,,652042,84527,43918,40609,153225,42111,79325,81065,75805,82874,11095,42015
"F","West Midlands","44","Warwickshire",,,407597,70096,33012,37084,96734,26271,44590,46096,45458,47169,5648,25535
"F","West Midlands","47","Worcestershire",,,433764,69409,34893,34516,109305,27185,54401,47469,48016,47863,6380,23736
"G","East of England","09","Bedfordshire",,,316281,54915,26562,28353,85498,23572,38322,33943,29250,29094,5127,16560
"G","East of England","12","Cambridgeshire",,,441246,90125,36827,53298,113021,28987,51557,45206,40851,41617,5206,24676
"G","East of England","22","Essex",,,1048776,160217,74265,85952,280350,83310,149022,107749,95727,91339,16053,65009
"G","East of England","26","Hertfordshire",,,844912,173049,80677,92372,239496,65644,106754,73475,67834,63467,10115,45078
"G","East of England","33","Norfolk",,,604225,66121,28799,37322,138294,38882,83810,73197,72433,76705,10990,43793
"G","East of England","42","Suffolk",,,520906,70569,32889,37680,125018,33735,67384,62794,58282,64875,8162,30087
"H","London","1B","Inner London",,,2393822,410364,151922,258442,600192,187835,185539,132195,234261,164083,184548,294805
"H","London","1C","Outer London",,,3679149,591064,239748,351316,967101,350146,436837,288317,326635,258557,147619,312873
"J","South East","11","Buckinghamshire",,,391258,91742,48556,43186,112734,25723,52802,31011,28523,26047,4464,18212
"J","South East","21","East Sussex",,,360495,49443,20695,28748,93793,26580,59742,33806,34070,29654,6776,26631
"J","South East","24","Hampshire",,,991236,193242,90951,102291,276915,74223,116194,107896,83672,82577,9318,47199
"J","South East","29","Kent",,,1050915,146360,66542,79818,267624,78619,136913,118006,102918,104505,22274,73696
"J","South East","38","Oxfordshire",,,482710,103191,44327,58864,127346,31485,53683,45609,40243,44730,5436,30987
"J","South East","43","Surrey",,,842513,208296,96327,111969,254258,64100,108472,63413,53364,42890,6675,41045
"J","South East","45","West Sussex",,,572954,98911,44158,54753,160784,45803,77597,58785,50644,43305,5558,31567
"K","South West","15","Cornwall and Isles of Scilly",,,381945,32301,12840,19461,82025,22394,68554,48045,44112,44078,7671,32765
"K","South West","18","Devon",,,524402,58993,21977,37016,123098,34172,94139,55756,56000,55678,7130,39436
"K","South West","19","Dorset",,,280077,37781,16088,21693,73116,18950,45869,30694,27183,25966,2949,17569
"K","South West","23","Gloucestershire",,,446015,68275,30537,37738,114628,31703,56472,48529,48999,43771,6840,26798
"K","South West","40","Somerset",,,379928,48673,21248,27425,89342,22399,58238,46936,42429,44406,5610,21895
"K","South West","46","Wiltshire",,,341339,60264,29244,31020,92466,23870,44343,36781,32148,33527,3047,14893