DATASET_TITLE,Living Arrangements (UV82),,,,,,FROM,Apr-2001,Apr-2001,Apr-2001,Apr-2001,Apr-2001,Apr-2001,Apr-2001,Apr-2001,Apr-2001,Apr-2001,Apr-2001,Apr-2001
AREA_TYPE,Local Authority,,,,,,TO,Apr-2001,Apr-2001,Apr-2001,Apr-2001,Apr-2001,Apr-2001,Apr-2001,Apr-2001,Apr-2001,Apr-2001,Apr-2001,Apr-2001
GEO_HIERARCHY,NeSS Geography Hierarchy,,,,,,HEADING,All People Aged 16 and Over in Households,Living in a couple,Living in a couple: Married (including separated),Living in a couple: Re-married,Living in a couple: Cohabiting,Not living in a couple,Not living in a couple: Single (never married),Not living in a couple: Married (first marriage),Not living in a couple: Re-married,Not living in a couple: Separated (but still legally married),Not living in a couple: Divorced,Not living in a couple: Widowed
,,,,,,,MEASUREMENT_UNIT,Count,Count,Count,Count,Count,Count,Count,Count,Count,Count,Count,Count
,,,,,,,STATISTICAL_UNIT,Persons,Persons,Persons,Persons,Persons,Persons,Persons,Persons,Persons,Persons,Persons,Persons
GOR_CODE,GOR_NAME,CTY_CODE,CTY_NAME,LA_CODE,LA_NAME,AREA_METADATA,,DATA_VALUE,DATA_VALUE,DATA_VALUE,DATA_VALUE,DATA_VALUE,DATA_VALUE,DATA_VALUE,DATA_VALUE,DATA_VALUE,DATA_VALUE,DATA_VALUE,DATA_VALUE
"A","North East",,,"00CH","Gateshead",,,151798,88894,65643,9507,13744,62904,34845,724,141,3320,9990,13884
"A","North East",,,"00CJ","Newcastle upon Tyne",,,205098,105099,74930,10041,20128,99999,62631,2091,264,4767,12859,17387
"A","North East",,,"00CK","North Tyneside",,,152922,92736,67217,11223,14296,60186,32028,626,120,3374,10143,13895
"A","North East",,,"00CL","South Tyneside",,,120091,68214,50687,7548,9979,51877,28217,779,122,2758,8569,11432
"A","North East",,,"00CM","Sunderland",,,219452,130039,96553,13039,20447,89413,52212,1312,167,4007,13476,18239
"A","North East",,,"00EB","Hartlepool",,,68481,41259,30000,4716,6543,27222,15043,313,61,1360,4488,5957
"A","North East",,,"00EC","Middlesbrough",,,102951,56814,42043,5845,8926,46137,27666,741,97,2283,6738,8612
"A","North East",,,"00EE","Redcar and Cleveland",,,109194,67654,48918,7862,10874,41540,23193,751,138,1861,6433,9164
"A","North East",,,"00EF","Stockton-on-Tees",,,138098,85857,63128,10212,12517,52241,30175,694,128,2519,8437,10288
"A","North East",,,"00EH","Darlington",,,76389,47108,33540,6316,7252,29281,15520,327,64,1725,5196,6449
"A","North East","20","Durham","20UB","Chester-le-Street",,,42861,27936,21003,3245,3688,14925,8081,150,33,827,2506,3328
"A","North East","20","Durham","20UD","Derwentside",,,67613,42006,30615,4963,6428,25607,13752,264,50,1253,4293,5995
"A","North East","20","Durham","20UE","Durham",,,66471,40373,30496,4585,5292,26098,15927,348,48,1098,3640,5037
"A","North East","20","Durham","20UF","Easington",,,73531,45546,32907,5055,7584,27985,15089,431,84,1310,4677,6394
"A","North East","20","Durham","20UG","Sedgefield",,,69107,43469,31198,5858,6413,25638,13185,241,54,1374,4689,6095
"A","North East","20","Durham","20UH","Teesdale",,,19469,12790,9673,1557,1560,6679,3438,94,20,321,979,1827
"A","North East","20","Durham","20UJ","Wear Valley",,,48504,29778,21587,3659,4532,18726,9858,215,38,960,2975,4680
"A","North East","35","Northumberland","35UB","Alnwick",,,24924,16738,12732,2006,2000,8186,4277,93,24,472,1177,2143
"A","North East","35","Northumberland","35UC","Berwick-upon-Tweed",,,21101,13590,10280,1744,1566,7511,3737,115,15,397,1168,2079
"A","North East","35","Northumberland","35UD","Blyth Valley",,,64148,40882,29584,5306,5992,23266,12691,193,42,1475,4050,4815
"A","North East","35","Northumberland","35UE","Castle Morpeth",,,38346,26099,20532,3078,2489,12247,6622,155,21,589,1664,3196
"A","North East","35","Northumberland","35UF","Tynedale",,,46681,31041,23627,3637,3777,15640,8558,176,28,718,2307,3853
"A","North East","35","Northumberland","35UG","Wansbeck",,,49038,30453,21800,3900,4753,18585,9712,308,46,1043,2913,4563
"B","North West",,,"00BL","Bolton",,,201918,122150,87212,15146,19792,79768,44430,1521,183,4114,12914,16606
"B","North West",,,"00BM","Bury",,,139286,86312,61868,10536,13908,52974,30134,830,110,2947,8425,10528
"B","North West",,,"00BN","Manchester",,,294808,124984,82404,11465,31115,169824,111910,4040,391,9110,20991,23382
"B","North West",,,"00BP","Oldham",,,165509,99557,70444,12005,17108,65952,36030,2130,190,3878,10220,13504
"B","North West",,,"00BQ","Rochdale",,,156216,93207,64820,11656,16731,63009,35155,1573,179,3868,9996,12238
"B","North West",,,"00BR","Salford",,,166321,89008,61560,10001,17447,77313,44639,1048,134,4088,11967,15437
"B","North West",,,"00BS","Stockport",,,224523,139155,102062,15495,21598,85368,48237,1330,226,4205,13133,18237
"B","North West",,,"00BT","Tameside",,,165621,98895,68533,12167,18195,66726,36947,974,150,3692,10940,14023
"B","North West",,,"00BU","Trafford",,,165995,99280,73603,10543,15134,66715,39406,945,150,3162,9874,13178
"B","North West",,,"00BW","Wigan",,,237391,150265,108975,17107,24183,87126,49291,833,139,3964,14154,18745
"B","North West",,,"00BX","Knowsley",,,114806,60428,45948,4864,9616,54378,32639,871,91,3175,7489,10113
"B","North West",,,"00BY","Liverpool",,,337972,154070,115821,12137,26112,183902,117172,2866,340,9403,24823,29298
"B","North West",,,"00BZ","St. Helens",,,138868,84221,64030,8428,11763,54647,31328,649,85,2453,8439,11693
"B","North West",,,"00CA","Sefton",,,221044,128088,98512,13408,16168,92956,52555,1268,199,4099,14396,20439
"B","North West",,,"00CB","Wirral",,,243957,139875,105107,16551,18217,104082,57472,1253,235,5109,17821,22192
"B","North West",,,"00ET","Halton",,,91557,54289,39958,6037,8294,37268,22083,364,69,1759,6069,6924
"B","North West",,,"00EU","Warrington",,,148219,95832,70142,11520,14170,52387,29893,628,93,2499,8549,10725
"B","North West",,,"00EX","Blackburn with Darwen",,,101299,60295,44160,7208,8927,41004,23341,1185,109,2479,6337,7553
"B","North West",,,"00EY","Blackpool",,,111002,61964,39468,10528,11968,49038,24510,597,143,2786,10146,10856
"B","North West","13","Cheshire","13UB","Chester",,,94553,58250,43268,6550,8432,36303,21296,538,99,1349,5530,7491
"B","North West","13","Cheshire","13UC","Congleton",,,72181,49146,36846,5914,6386,23035,13076,268,59,1034,3277,5321
"B","North West","13","Cheshire","13UD","Crewe and Nantwich",,,86629,56423,40133,7541,8749,30206,16811,465,88,1355,4727,6760
"B","North West","13","Cheshire","13UE","Ellesmere Port & Neston",,,63890,41126,30474,5038,5614,22764,12500,358,63,841,3972,5030
"B","North West","13","Cheshire","13UG","Macclesfield",,,119403,78359,58378,9646,10335,41044,22494,572,93,1906,6674,9305
"B","North West","13","Cheshire","13UH","Vale Royal",,,95700,64254,47206,7772,9276,31446,17545,391,81,1340,4877,7212
"B","North West","16","Cumbria","16UB","Allerdale",,,74546,47835,36631,5499,5705,26711,14515,303,46,1062,4145,6640
"B","North West","16","Cumbria","16UC","Barrow-in-Furness",,,56365,35230,24269,4975,5986,21135,11114,389,82,927,3667,4956
"B","North West","16","Cumbria","16UD","Carlisle",,,80376,49379,36236,5930,7213,30997,17156,318,66,1554,4933,6970
"B","North West","16","Cumbria","16UE","Copeland",,,54518,34022,25920,3710,4392,20496,11351,249,51,824,3420,4601
"B","North West","16","Cumbria","16UF","Eden",,,40027,26804,20275,3111,3418,13223,7330,161,33,529,1886,3284
"B","North West","16","Cumbria","16UG","South Lakeland",,,81897,54025,39799,6911,7315,27872,14601,450,84,1100,4362,7275
"B","North West","30","Lancashire","30UD","Burnley",,,68090,41127,27869,5983,7275,26963,14462,595,74,1623,4746,5463
"B","North West","30","Lancashire","30UE","Chorley",,,78235,51028,36643,6749,7636,27207,15504,280,58,1353,4589,5423
"B","North West","30","Lancashire","30UF","Fylde",,,58279,37342,27157,5633,4552,20937,10310,302,65,1039,3566,5655
"B","North West","30","Lancashire","30UG","Hyndburn",,,61972,38629,26057,5297,7275,23343,12443,638,71,1281,3891,5019
"B","North West","30","Lancashire","30UH","Lancaster",,,102142,60017,41272,9006,9739,42125,24080,477,131,2003,6734,8700
"B","North West","30","Lancashire","30UJ","Pendle",,,68204,42121,28542,6147,7432,26083,13750,1020,138,1449,4304,5422
"B","North West","30","Lancashire","30UK","Preston",,,100045,57012,40966,6668,9378,43033,26493,827,98,1889,6281,7445
"B","North West","30","Lancashire","30UL","Ribble Valley",,,42327,28433,21537,3513,3383,13894,7636,177,33,699,2040,3309
"B","North West","30","Lancashire","30UM","Rossendale",,,50207,31659,21351,4657,5651,18548,10304,273,40,1096,3163,3672
"B","North West","30","Lancashire","30UN","South Ribble",,,82090,53831,39677,7079,7075,28259,15868,262,50,1302,4614,6163
"B","North West","30","Lancashire","30UP","West Lancashire",,,84631,53065,40492,6228,6345,31566,18242,366,56,1502,5046,6354
"B","North West","30","Lancashire","30UQ","Wyre",,,83957,54113,38889,8325,6899,29844,14631,389,86,1405,4927,8406
"D","Yorkshire and The Humber",,,"00CC","Barnsley",,,171623,109576,78239,13535,17802,62047,33165,710,90,2649,11038,14395
"D","Yorkshire and The Humber",,,"00CE","Doncaster",,,222750,142721,99785,19864,23072,80029,42279,1244,224,3996,14216,18070
"D","Yorkshire and The Humber",,,"00CF","Rotherham",,,193810,125225,91404,14854,18967,68585,37584,978,150,2874,11376,15623
"D","Yorkshire and The Humber",,,"00CG","Sheffield",,,406307,235220,168529,24058,42633,171087,104561,3277,353,7027,22013,33856
"D","Yorkshire and The Humber",,,"00CX","Bradford",,,350994,210126,151090,24924,34112,140868,79284,5977,521,7738,20620,26728
"D","Yorkshire and The Humber",,,"00CY","Calderdale",,,149957,93440,62825,12901,17714,56517,30028,1629,222,3095,9617,11926
"D","Yorkshire and The Humber",,,"00CZ","Kirklees",,,299224,185477,132375,23729,29373,113747,64350,2626,336,5861,17919,22655
"D","Yorkshire and The Humber",,,"00DA","Leeds",,,562332,322575,223888,37876,60811,239757,148144,4775,703,11185,32563,42387
"D","Yorkshire and The Humber",,,"00DB","Wakefield",,,246421,158098,110125,21377,26596,88323,47030,1192,199,4313,15850,19739
"D","Yorkshire and The Humber",,,"00FA","Kingston upon Hull, City of",,,187300,104408,69424,12762,22222,82892,48314,1061,214,4436,13534,15333
"D","Yorkshire and The Humber",,,"00FB","East Riding of Yorkshire",,,247968,167804,122800,23447,21557,80164,42460,1013,197,4016,12550,19928
"D","Yorkshire and The Humber",,,"00FC","North East Lincolnshire",,,121145,75623,51263,11567,12793,45522,24128,532,82,1991,9005,9784
"D","Yorkshire and The Humber",,,"00FD","North Lincolnshire",,,120158,79154,55575,11825,11754,41004,21414,567,161,1999,7165,9698
"D","Yorkshire and The Humber",,,"00FF","York",,,143281,87345,61482,10923,14940,55936,33516,748,155,2350,8314,10853
"D","Yorkshire and The Humber","36","North Yorkshire","36UB","Craven",,,42456,28454,20655,3729,4070,14002,7243,228,41,586,2212,3692
"D","Yorkshire and The Humber","36","North Yorkshire","36UC","Hambleton",,,66298,45972,35145,5825,5002,20326,10868,284,57,979,3033,5105
"D","Yorkshire and The Humber","36","North Yorkshire","36UD","Harrogate",,,117336,77695,56200,10692,10803,39641,21539,557,106,1967,6632,8840
"D","Yorkshire and The Humber","36","North Yorkshire","36UE","Richmondshire",,,34431,24062,18208,3156,2698,10369,5409,192,46,623,1630,2469
"D","Yorkshire and The Humber","36","North Yorkshire","36UF","Ryedale",,,40512,27692,20465,3507,3720,12820,6840,235,36,604,1747,3358
"D","Yorkshire and The Humber","36","North Yorkshire","36UG","Scarborough",,,84299,52928,36959,8193,7776,31371,15683,451,111,1569,5523,8034
"D","Yorkshire and The Humber","36","North Yorkshire","36UH","Selby",,,59689,41456,30056,5710,5690,18233,10043,211,41,958,2866,4114
"E","East Midlands",,,"00FK","Derby",,,170796,102241,72714,12266,17261,68555,39413,1470,178,3617,10245,13632
"E","East Midlands",,,"00FN","Leicester",,,211048,113352,83201,10251,19900,97696,61067,2740,274,4675,12443,16497
"E","East Midlands",,,"00FP","Rutland",,,25629,17928,13465,2465,1998,7701,4056,103,26,484,1153,1879
"E","East Midlands",,,"00FY","Nottingham",,,205227,97369,63631,11385,22353,107858,71384,1708,270,4664,14343,15489
"E","East Midlands","17","Derbyshire","17UB","Amber Valley",,,92650,61740,43672,7956,10112,30910,16652,312,82,1551,4798,7515
"E","East Midlands","17","Derbyshire","17UC","Bolsover",,,56710,37610,26306,4906,6398,19100,10048,208,31,978,2967,4868
"E","East Midlands","17","Derbyshire","17UD","Chesterfield",,,78695,49548,34997,6479,8072,29147,15463,238,48,1437,5125,6836
"E","East Midlands","17","Derbyshire","17UF","Derbyshire Dales",,,55376,37177,27803,4739,4635,18199,9850,283,51,794,2523,4698
"E","East Midlands","17","Derbyshire","17UG","Erewash",,,86536,56732,38893,7789,10050,29804,16072,402,98,1493,5051,6688
"E","East Midlands","17","Derbyshire","17UH","High Peak",,,70175,46006,32454,5976,7576,24169,13291,361,70,1259,3838,5350
"E","East Midlands","17","Derbyshire","17UJ","North East Derbyshire",,,78223,52656,39283,6457,6916,25567,13799,252,69,1131,3821,6495
"E","East Midlands","17","Derbyshire","17UK","South Derbyshire",,,63664,43877,31395,5655,6827,19787,10960,291,40,1049,2865,4582
"E","East Midlands","31","Leicestershire","31UB","Blaby",,,70917,49326,36128,5748,7450,21591,12329,387,59,1155,3105,4556
"E","East Midlands","31","Leicestershire","31UC","Charnwood",,,117222,75548,55818,8752,10978,41674,25328,619,88,2007,5613,8019
"E","East Midlands","31","Leicestershire","31UD","Harborough",,,59889,42001,30678,5406,5917,17888,10104,256,52,984,2529,3963
"E","East Midlands","31","Leicestershire","31UE","Hinckley and Bosworth",,,80424,54724,38950,7156,8618,25700,14533,401,69,1247,3758,5692
"E","East Midlands","31","Leicestershire","31UG","Melton",,,37910,25960,18621,3525,3814,11950,6585,188,18,617,1743,2799
"E","East Midlands","31","Leicestershire","31UH","North West Leicestershire",,,67983,45961,32765,5941,7255,22022,12192,234,44,1127,3242,5183
"E","East Midlands","31","Leicestershire","31UJ","Oadby and Wigston",,,42703,28280,21928,2838,3514,14423,7933,329,46,663,2178,3274
"E","East Midlands","32","Lincolnshire","32UB","Boston",,,44350,29454,20305,4389,4760,14896,7643,217,38,672,2491,3835
"E","East Midlands","32","Lincolnshire","32UC","East Lindsey",,,104481,71534,49169,12310,10055,32947,16294,462,103,1405,5473,9210
"E","East Midlands","32","Lincolnshire","32UD","Lincoln",,,66540,37935,24309,5369,8257,28605,16902,336,67,1221,4999,5080
"E","East Midlands","32","Lincolnshire","32UE","North Kesteven",,,73749,52216,37927,8035,6254,21533,11030,260,71,1133,3435,5604
"E","East Midlands","32","Lincolnshire","32UF","South Holland",,,61945,43094,30438,6489,6167,18851,9318,258,67,905,3014,5289
"E","East Midlands","32","Lincolnshire","32UG","South Kesteven",,,97733,66390,47506,9266,9618,31343,16761,462,78,1729,5086,7227
"E","East Midlands","32","Lincolnshire","32UH","West Lindsey",,,62643,43180,31384,6294,5502,19463,10358,233,46,877,3076,4873
"E","East Midlands","34","Northamptonshire","34UB","Corby",,,40788,24503,16691,3469,4343,16285,8688,208,43,1147,2990,3209
"E","East Midlands","34","Northamptonshire","34UC","Daventry",,,55094,38595,27471,5393,5731,16499,9133,214,49,970,2728,3405
"E","East Midlands","34","Northamptonshire","34UD","East Northamptonshire",,,59062,40409,28229,5809,6371,18653,10282,231,50,1168,2987,3935
"E","East Midlands","34","Northamptonshire","34UE","Kettering",,,64183,42175,29322,5748,7105,22008,12094,299,52,1330,3548,4685
"E","East Midlands","34","Northamptonshire","34UF","Northampton",,,150185,91005,60964,11756,18285,59180,35402,1098,158,3491,9135,9896
"E","East Midlands","34","Northamptonshire","34UG","South Northamptonshire",,,61901,43370,31399,6049,5922,18531,10369,303,80,921,2876,3982
"E","East Midlands","34","Northamptonshire","34UH","Wellingborough",,,56199,35793,24783,5141,5869,20406,11125,342,65,1296,3429,4149
"E","East Midlands","37","Nottinghamshire","37UB","Ashfield",,,87493,57255,40075,7367,9813,30238,16251,323,65,1658,4989,6952
"E","East Midlands","37","Nottinghamshire","37UC","Bassetlaw",,,83552,55650,39409,7851,8390,27902,14666,318,64,1382,4830,6642
"E","East Midlands","37","Nottinghamshire","37UD","Broxtowe",,,86421,55591,40465,6891,8235,30830,18050,399,55,1393,4491,6442
"E","East Midlands","37","Nottinghamshire","37UE","Gedling",,,89591,57947,41419,7140,9388,31644,17594,415,81,1535,5164,6855
"E","East Midlands","37","Nottinghamshire","37UF","Mansfield",,,77052,49285,34390,6758,8137,27767,14879,249,61,1678,4740,6160
"E","East Midlands","37","Nottinghamshire","37UG","Newark and Sherwood",,,83525,55757,39898,7458,8401,27768,14426,370,83,1449,4585,6855
"E","East Midlands","37","Nottinghamshire","37UJ","Rushcliffe",,,83336,55005,40479,6582,7944,28331,16749,403,84,1270,4020,5805
"F","West Midlands",,,"00CN","Birmingham",,,731851,383503,288899,34233,60371,348348,216032,11593,838,18605,42034,59246
"F","West Midlands",,,"00CQ","Coventry",,,229780,127993,93072,13426,21495,101787,61175,2401,232,4423,14645,18911
"F","West Midlands",,,"00CR","Dudley",,,241760,155355,118670,15451,21234,86405,49155,1250,125,3776,12072,20027
"F","West Midlands",,,"00CS","Sandwell",,,219220,127287,96441,11642,19204,91933,51802,2224,244,5012,11847,20804
"F","West Midlands",,,"00CT","Solihull",,,156376,101274,78338,10873,12063,55102,31581,748,107,2551,7855,12260
"F","West Midlands",,,"00CU","Walsall",,,196286,121994,92266,12219,17509,74292,41978,1524,126,3426,10343,16895
"F","West Midlands",,,"00CW","Wolverhampton",,,183692,104751,78927,10237,15587,78941,46159,1741,165,3693,10854,16329
"F","West Midlands",,,"00GA","Herefordshire, County of",,,138703,90387,65054,12319,13014,48316,25707,707,164,2111,8296,11331
"F","West Midlands",,,"00GF","Telford and Wrekin",,,121051,77054,52440,11439,13175,43997,24794,682,128,2393,7896,8104
"F","West Midlands",,,"00GL","Stoke-on-Trent",,,189102,111677,78564,13780,19333,77425,43241,1200,138,3899,11952,16995
"F","West Midlands","39","Shropshire","39UB","Bridgnorth",,,40809,27714,20576,3616,3522,13095,7337,158,38,486,1931,3145
"F","West Midlands","39","Shropshire","39UC","North Shropshire",,,44387,30180,22243,3781,4156,14207,7705,216,49,553,2152,3532
"F","West Midlands","39","Shropshire","39UD","Oswestry",,,29016,18482,13434,2306,2742,10534,5783,157,26,402,1794,2372
"F","West Midlands","39","Shropshire","39UE","Shrewsbury and Atcham",,,74982,48348,34948,5890,7510,26634,14821,293,68,1147,4517,5788
"F","West Midlands","39","Shropshire","39UF","South Shropshire",,,32552,21982,16498,2696,2788,10570,5629,184,38,396,1544,2779
"F","West Midlands","41","Staffordshire","41UB","Cannock Chase",,,71968,48364,33907,6089,8368,23604,13413,253,49,1008,3867,5014
"F","West Midlands","41","Staffordshire","41UC","East Staffordshire",,,80655,52917,37955,6845,8117,27738,14981,574,72,1553,4259,6299
"F","West Midlands","41","Staffordshire","41UD","Lichfield",,,73588,50474,37748,6490,6236,23114,12872,297,49,1167,3529,5200
"F","West Midlands","41","Staffordshire","41UE","Newcastle-under-Lyme",,,95466,61355,44473,7660,9222,34111,18910,349,46,1501,5132,8173
"F","West Midlands","41","Staffordshire","41UF","South Staffordshire",,,83790,57904,44329,6789,6786,25886,14869,288,58,1128,3644,5899
"F","West Midlands","41","Staffordshire","41UG","Stafford",,,95893,63794,46558,8586,8650,32099,18149,353,68,1550,4907,7072
"F","West Midlands","41","Staffordshire","41UH","Staffordshire Moorlands",,,75997,51510,38727,6267,6516,24487,13790,269,65,1019,3423,5921
"F","West Midlands","41","Staffordshire","41UK","Tamworth",,,57449,37562,26232,4944,6386,19887,11605,186,33,960,3531,3572
"F","West Midlands","44","Warwickshire","44UB","North Warwickshire",,,49160,32938,23825,3953,5160,16222,9198,198,24,817,2440,3545
"F","West Midlands","44","Warwickshire","44UC","Nuneaton and Bedworth",,,93253,60726,44062,7750,8914,32527,18077,428,70,1595,5271,7086
"F","West Midlands","44","Warwickshire","44UD","Rugby",,,68484,45109,32495,5870,6744,23375,13043,272,40,1140,3699,5181
"F","West Midlands","44","Warwickshire","44UE","Stratford-on-Avon",,,89747,60806,44422,8346,8038,28941,15636,401,82,1328,4468,7026
"F","West Midlands","44","Warwickshire","44UF","Warwick",,,100859,61672,44409,7479,9784,39187,23773,652,82,1506,5656,7518
"F","West Midlands","47","Worcestershire","47UB","Bromsgrove",,,68900,47092,35727,5521,5844,21808,12101,306,37,1058,3279,5027
"F","West Midlands","47","Worcestershire","47UC","Malvern Hills",,,57047,38278,27816,5346,5116,18769,10056,227,55,739,3044,4648
"F","West Midlands","47","Worcestershire","47UD","Redditch",,,61343,39821,27318,5524,6979,21522,12560,295,42,1192,3736,3697
"F","West Midlands","47","Worcestershire","47UE","Worcester",,,73205,46167,31608,5644,8915,27038,15585,417,53,1272,4544,5167
"F","West Midlands","47","Worcestershire","47UF","Wychavon",,,90125,62040,44610,8580,8850,28085,15266,359,81,1286,4428,6665
"F","West Midlands","47","Worcestershire","47UG","Wyre Forest",,,77448,50424,35214,6870,8340,27024,14668,329,77,1213,4682,6055
"G","East of England",,,"00JA","Peterborough",,,120388,74234,51514,9926,12794,46154,26007,966,121,2925,7825,8310
"G","East of England",,,"00KA","Luton",,,139982,79979,58589,7594,13796,60003,37602,2707,206,3089,7727,8672
"G","East of England",,,"00KF","Southend-on-Sea",,,125808,74013,49819,10561,13633,51795,27492,746,139,2821,9243,11354
"G","East of England",,,"00KG","Thurrock",,,111168,70484,48917,8037,13530,40684,23028,849,127,2362,6311,8007
"G","East of England","09","Bedfordshire","09UC","Mid Bedfordshire",,,93510,64942,46514,8498,9930,28568,16395,433,86,1499,4355,5800
"G","East of England","09","Bedfordshire","09UD","Bedford",,,114948,70932,50953,8175,11804,44016,25909,1662,167,2168,6242,7868
"G","East of England","09","Bedfordshire","09UE","South Bedfordshire",,,87575,58019,41554,7110,9355,29556,16976,408,94,1682,4636,5760
"G","East of England","12","Cambridgeshire","12UB","Cambridge",,,79260,41002,27980,4083,8939,38258,26151,894,109,1295,4763,5046
"G","East of England","12","Cambridgeshire","12UC","East Cambridgeshire",,,57830,40229,28602,4932,6695,17601,9623,438,77,836,2522,4105
"G","East of England","12","Cambridgeshire","12UD","Fenland",,,65910,44548,30995,6301,7252,21362,10853,299,59,1250,3418,5483
"G","East of England","12","Cambridgeshire","12UE","Huntingdonshire",,,121243,84067,59562,11172,13333,37176,20977,676,139,2163,5839,7382
"G","East of England","12","Cambridgeshire","12UG","South Cambridgeshire",,,101628,70520,52108,8460,9952,31108,18227,497,69,1503,4490,6322
"G","East of England","22","Essex","22UB","Basildon",,,129561,81809,58569,9689,13551,47752,26734,515,113,2610,8042,9738
"G","East of England","22","Essex","22UC","Braintree",,,103196,69112,48504,9540,11068,34084,19107,360,81,1761,5671,7104
"G","East of England","22","Essex","22UD","Brentwood",,,54436,35621,27231,3807,4583,18815,10721,260,39,800,2714,4281
"G","East of England","22","Essex","22UE","Castle Point",,,69338,46002,34145,5939,5918,23336,13071,268,47,1057,3361,5532
"G","East of England","22","Essex","22UF","Chelmsford",,,123755,80800,59622,9390,11788,42955,25772,495,83,2019,6476,8110
"G","East of England","22","Essex","22UG","Colchester",,,120013,76586,53579,9967,13040,43427,25131,581,110,2042,7374,8189
"G","East of England","22","Essex","22UH","Epping Forest",,,96334,61153,45583,6485,9085,35181,20051,629,105,1592,5075,7729
"G","East of England","22","Essex","22UJ","Harlow",,,61398,37818,25937,4695,7186,23580,13328,304,50,1223,4188,4487
"G","East of England","22","Essex","22UK","Maldon",,,46826,31948,22780,4656,4512,14878,8190,220,37,774,2391,3266
"G","East of England","22","Essex","22UL","Rochford",,,62511,42562,31532,5684,5346,19949,10941,209,33,993,2946,4827
"G","East of England","22","Essex","22UN","Tendring",,,111718,71333,50164,11112,10057,40385,18654,628,141,1902,6637,12423
"G","East of England","22","Essex","22UQ","Uttlesford",,,53676,36778,27246,4740,4792,16898,9628,295,55,843,2437,3640
"G","East of England","26","Hertfordshire","26UB","Broxbourne",,,68636,44275,33225,4219,6831,24361,14430,361,75,1180,3555,4760
"G","East of England","26","Hertfordshire","26UC","Dacorum",,,107059,69841,50659,8287,10895,37218,21430,572,105,1845,5847,7419
"G","East of England","26","Hertfordshire","26UD","East Hertfordshire",,,100134,67520,49363,7469,10688,32614,19641,510,76,1642,4602,6143
"G","East of England","26","Hertfordshire","26UE","Hertsmere",,,73012,45986,34663,4657,6666,27026,15524,534,69,1202,4176,5521
"G","East of England","26","Hertfordshire","26UF","North Hertfordshire",,,91463,59404,43192,6906,9306,32059,18314,498,76,1654,4867,6650
"G","East of England","26","Hertfordshire","26UG","St Albans",,,100972,65951,49709,6285,9957,35021,21556,659,93,1600,4783,6330
"G","East of England","26","Hertfordshire","26UH","Stevenage",,,61081,38196,26412,4846,6938,22885,12996,265,56,1241,4170,4157
"G","East of England","26","Hertfordshire","26UJ","Three Rivers",,,64879,42061,31846,4222,5993,22818,13098,432,56,1065,3187,4980
"G","East of England","26","Hertfordshire","26UK","Watford",,,62145,37154,26311,3318,7525,24991,15751,659,59,1166,3377,3979
"G","East of England","26","Hertfordshire","26UL","Welwyn Hatfield",,,76254,46688,33995,5505,7188,29566,17655,488,62,1245,4237,5879
"G","East of England","33","Norfolk","33UB","Breckland",,,95638,65033,45144,10060,9829,30605,15510,503,111,1565,5227,7689
"G","East of England","33","Norfolk","33UC","Broadland",,,95241,66951,48803,9231,8917,28290,14863,300,85,1335,4688,7019
"G","East of England","33","Norfolk","33UD","Great Yarmouth",,,72102,45458,30334,7150,7974,26644,13319,385,103,1301,4918,6618
"G","East of England","33","Norfolk","33UE","King's Lynn and West Norfolk",,,108586,73340,52283,10857,10200,35246,17872,514,111,1576,5895,9278
"G","East of England","33","Norfolk","33UF","North Norfolk",,,79893,53805,37928,8632,7245,26088,12469,424,94,1153,4385,7563
"G","East of England","33","Norfolk","33UG","Norwich",,,96016,51406,31336,6570,13500,44610,26967,710,126,1913,7543,7351
"G","East of England","33","Norfolk","33UH","South Norfolk",,,88649,62050,45086,8586,8378,26599,14037,355,73,1224,4280,6630
"G","East of England","42","Suffolk","42UB","Babergh",,,66077,44834,32333,6279,6222,21243,11488,280,64,977,3388,5046
"G","East of England","42","Suffolk","42UC","Forest Heath",,,42364,28144,19813,4149,4182,14220,7614,259,69,763,2504,3011
"G","East of England","42","Suffolk","42UD","Ipswich",,,91004,54851,38171,6269,10411,36153,21267,527,84,1714,5496,7065
"G","East of England","42","Suffolk","42UE","Mid Suffolk",,,68377,47956,35051,6541,6364,20421,11402,236,68,966,2979,4770
"G","East of England","42","Suffolk","42UF","St Edmundsbury",,,76608,51852,37094,7176,7582,24756,13619,270,65,1295,4107,5400
"G","East of England","42","Suffolk","42UG","Suffolk Coastal",,,91196,61447,44970,8766,7711,29749,15442,471,110,1604,4621,7501
"G","East of England","42","Suffolk","42UH","Waveney",,,88954,57540,39733,8689,9118,31414,15671,538,111,1576,5410,8108
"H","London",,,"00AA","City of London",,,6230,2436,1321,317,798,3794,2512,281,46,178,456,321
"H","London",,,"00AB","Barking and Dagenham",,,124390,67401,48095,7016,12290,56989,33017,1555,177,3140,8262,10838
"H","London",,,"00AC","Barnet",,,246599,134362,105042,10562,18758,112237,74033,3342,313,4802,12923,16824
"H","London",,,"00AD","Bexley",,,171360,105968,79218,10498,16252,65392,38027,1114,140,3451,9102,13558
"H","London",,,"00AE","Brent",,,209121,99346,76746,5793,16807,109775,76239,5881,423,5052,10049,12131
"H","London",,,"00AF","Bromley",,,233991,142657,105203,14701,22753,91334,54103,1641,209,4480,12928,17973
"H","London",,,"00AG","Camden",,,156036,61861,37264,4938,19659,94175,66286,4347,385,4166,11223,7768
"H","London",,,"00AH","Croydon",,,255188,139450,102853,13182,23415,115738,73775,2905,345,6322,15845,16546
"H","London",,,"00AJ","Ealing",,,238651,121753,90389,8381,22983,116898,78839,5445,396,4836,12594,14788
"H","London",,,"00AK","Enfield",,,212531,117302,90598,9533,17171,95229,60287,2562,248,4676,12419,15037
"H","London",,,"00AL","Greenwich",,,165179,79964,54982,7655,17327,85215,51859,3232,368,5376,11970,12410
"H","London",,,"00AM","Hackney",,,153787,61299,38451,3864,18984,92488,62503,4644,428,5518,10926,8469
"H","London",,,"00AN","Hammersmith and Fulham",,,136066,53347,31757,3801,17789,82719,59323,3557,294,3153,8997,7395
"H","London",,,"00AP","Haringey",,,169817,74801,50400,5270,19131,95016,67627,3035,298,5034,10535,8487
"H","London",,,"00AQ","Harrow",,,163444,95308,78691,6428,10189,68136,43519,2748,182,2718,6980,11989
"H","London",,,"00AR","Havering",,,178118,111503,86184,10806,14513,66615,38521,954,128,2925,9155,14932
"H","London",,,"00AS","Hillingdon",,,187364,110586,82580,10626,17380,76778,46564,2516,245,3673,10248,13532
"H","London",,,"00AT","Hounslow",,,166863,88766,65107,7815,15844,78097,50937,2992,307,3710,9836,10315
"H","London",,,"00AU","Islington",,,140058,54784,32450,3730,18604,85274,59776,2674,265,4681,10255,7623
"H","London",,,"00AW","Kensington and Chelsea",,,130702,51924,31766,4725,15433,78778,51657,6051,719,3086,10415,6850
"H","London",,,"00AX","Kingston upon Thames",,,116134,66440,48010,5818,12612,49694,32973,1201,138,1996,5988,7398
"H","London",,,"00AY","Lambeth",,,212110,82750,49234,5850,27666,129360,95319,4318,541,6436,12997,9749
"H","London",,,"00AZ","Lewisham",,,194011,91196,58658,7747,24791,102815,69441,2934,372,6050,12612,11406
"H","London",,,"00BA","Merton",,,150294,81476,58672,6457,16347,68818,46347,2093,209,2905,7617,9647
"H","London",,,"00BB","Newham",,,178396,78759,60313,5233,13213,99637,64504,6505,477,6252,10876,11023
"H","London",,,"00BC","Redbridge",,,185231,105780,84209,7858,13713,79451,49895,3051,250,3694,9264,13297
"H","London",,,"00BD","Richmond upon Thames",,,137383,79158,55629,7883,15646,58225,37372,1284,191,2445,8206,8727
"H","London",,,"00BE","Southwark",,,189890,79850,48369,6655,24826,110040,74094,4712,693,6835,12781,10925
"H","London",,,"00BF","Sutton",,,140364,83546,60082,8383,15081,56818,34725,970,149,2772,8142,10060
"H","London",,,"00BG","Tower Hamlets",,,149108,64236,44676,3388,16172,84872,57805,5682,370,4087,8155,8773
"H","London",,,"00BH","Waltham Forest",,,169778,84954,60026,6806,18122,84824,56256,2890,285,4449,10012,10932
"H","London",,,"00BJ","Wandsworth",,,213559,94202,58908,6868,28426,119357,89366,3097,311,4290,11323,10970
"H","London",,,"00BK","Westminster",,,150738,59920,37534,5398,16988,90818,62058,5529,606,3850,10717,8058
"J","South East",,,"00LC","Medway",,,190710,121050,83895,15468,21687,69660,40273,984,198,4134,11472,12599
"J","South East",,,"00MA","Bracknell Forest",,,82944,54170,37662,6848,9660,28774,17503,463,79,1542,4682,4505
"J","South East",,,"00MB","West Berkshire",,,112098,75562,53946,9620,11996,36536,21617,527,101,1797,5619,6875
"J","South East",,,"00MC","Reading",,,111594,61788,41316,5970,14502,49806,33319,1368,155,2004,6073,6887
"J","South East",,,"00MD","Slough",,,91944,52582,37008,4548,11026,39362,23942,2301,212,1851,4986,6070
"J","South East",,,"00ME","Windsor and Maidenhead",,,104388,67047,49541,7698,9808,37341,22189,872,133,1714,5282,7151
"J","South East",,,"00MF","Wokingham",,,114625,79025,59455,8989,10581,35600,22336,603,107,1620,5009,5925
"J","South East",,,"00MG","Milton Keynes",,,157840,100196,66713,14213,19270,57644,34448,1195,218,3584,9752,8447
"J","South East",,,"00ML","Brighton and Hove",,,198643,102762,61302,11966,29494,95881,61033,1231,268,4072,14403,14874
"J","South East",,,"00MR","Portsmouth",,,145015,79387,50740,11252,17395,65628,39028,1025,196,3125,10847,11407
"J","South East",,,"00MS","Southampton",,,170736,87666,57743,11405,18518,83070,53483,1141,201,3464,12039,12742
"J","South East",,,"00MW","Isle of Wight",,,104640,65646,44504,11313,9829,38994,18775,570,165,1934,7209,10341
"J","South East","11","Buckinghamshire","11UB","Aylesbury Vale",,,126482,85304,60843,10769,13692,41178,24061,979,140,2196,6194,7608
"J","South East","11","Buckinghamshire","11UC","Chiltern",,,69337,47712,37493,5185,5034,21625,12507,402,64,919,2968,4765
"J","South East","11","Buckinghamshire","11UE","South Bucks",,,48609,32589,24866,3910,3813,16020,9064,347,59,639,2238,3673
"J","South East","11","Buckinghamshire","11UF","Wycombe",,,126194,81360,61022,8938,11400,44834,27522,1112,142,1994,5898,8166
"J","South East","21","East Sussex","21UC","Eastbourne",,,70956,40694,26923,6373,7398,30262,15231,474,119,1464,5652,7322
"J","South East","21","East Sussex","21UD","Hastings",,,65144,37654,23754,6142,7758,27490,14395,336,79,1732,5585,5363
"J","South East","21","East Sussex","21UF","Lewes",,,73089,47136,33004,7274,6858,25953,13223,363,82,1241,4251,6793
"J","South East","21","East Sussex","21UG","Rother",,,68346,44147,31278,7426,5443,24199,11191,365,110,1128,3934,7471
"J","South East","21","East Sussex","21UH","Wealden",,,110378,75480,54543,11519,9418,34898,17763,549,165,1627,5526,9268
"J","South East","24","Hampshire","24UB","Basingstoke and Deane",,,119260,78884,55431,10347,13106,40376,23878,537,101,2040,6640,7180
"J","South East","24","Hampshire","24UC","East Hampshire",,,84315,57618,42377,8015,7226,26697,14763,384,80,1359,4268,5843
"J","South East","24","Hampshire","24UD","Eastleigh",,,90876,60644,43440,8190,9014,30232,17131,388,88,1519,4993,6113
"J","South East","24","Hampshire","24UE","Fareham",,,84618,58732,42943,8587,7202,25886,13874,330,72,1232,4318,6060
"J","South East","24","Hampshire","24UF","Gosport",,,58310,37449,25383,5931,6135,20861,10920,202,68,1176,4108,4387
"J","South East","24","Hampshire","24UG","Hart",,,64579,45030,33859,5665,5506,19549,11842,270,72,908,2827,3630
"J","South East","24","Hampshire","24UH","Havant",,,92358,59936,41519,9613,8804,32422,16983,355,88,1615,5973,7408
"J","South East","24","Hampshire","24UJ","New Forest",,,135906,91284,65953,13774,11557,44622,22288,662,180,2071,7330,12091
"J","South East","24","Hampshire","24UL","Rushmoor",,,69060,43796,29920,5420,8456,25264,14956,552,57,1233,4101,4365
"J","South East","24","Hampshire","24UN","Test Valley",,,85450,58468,42035,8105,8328,26982,14836,355,95,1519,4419,5758
"J","South East","24","Hampshire","24UP","Winchester",,,82107,54006,39677,7155,7174,28101,16085,416,85,1219,4087,6209
"J","South East","29","Kent","29UB","Ashford",,,79657,53316,37235,7173,8908,26341,14261,609,116,1400,4061,5894
"J","South East","29","Kent","29UC","Canterbury",,,105160,62912,43625,9078,10209,42248,24895,628,127,1829,6032,8737
"J","South East","29","Kent","29UD","Dartford",,,66345,42976,30088,4714,8174,23369,13681,315,61,1392,3536,4384
"J","South East","29","Kent","29UE","Dover",,,81008,51048,35401,7753,7894,29960,15283,514,99,1566,5301,7197
"J","South East","29","Kent","29UG","Gravesham",,,74347,47403,34652,5276,7475,26944,15107,658,88,1482,3901,5708
"J","South East","29","Kent","29UH","Maidstone",,,109628,72407,52113,9318,10976,37221,21557,529,82,1920,5463,7670
"J","South East","29","Kent","29UK","Sevenoaks",,,85913,57419,43046,6998,7375,28494,15926,423,77,1397,4120,6551
"J","South East","29","Kent","29UL","Shepway",,,75289,47242,31879,7651,7712,28047,14321,470,97,1498,4864,6797
"J","South East","29","Kent","29UM","Swale",,,93920,61694,42309,8381,11004,32226,17819,354,63,1918,5170,6902
"J","South East","29","Kent","29UN","Thanet",,,98313,58328,38438,9923,9967,39985,19591,607,145,2253,7491,9898
"J","South East","29","Kent","29UP","Tonbridge and Malling",,,83239,56870,41399,7207,8264,26369,14821,285,57,1409,4044,5753
"J","South East","29","Kent","29UQ","Tunbridge Wells",,,80343,52092,37271,6313,8508,28251,16168,527,115,1387,4316,5738
"J","South East","38","Oxfordshire","38UB","Cherwell",,,101901,68353,47859,8917,11577,33548,19571,508,72,1628,5460,6309
"J","South East","38","Oxfordshire","38UC","Oxford",,,99644,47693,33250,4724,9719,51951,36823,1082,148,1600,5766,6532
"J","South East","38","Oxfordshire","38UD","South Oxfordshire",,,99892,67784,49618,8452,9714,32108,18183,491,111,1488,4945,6890
"J","South East","38","Oxfordshire","38UE","Vale of White Horse",,,89428,60938,45704,7134,8100,28490,16721,422,68,1122,4144,6013
"J","South East","38","Oxfordshire","38UF","West Oxfordshire",,,74365,50970,37401,6341,7228,23395,13113,326,63,1022,3811,5060
"J","South East","43","Surrey","43UB","Elmbridge",,,95261,61578,45516,7276,8786,33683,19139,733,108,1620,5113,6970
"J","South East","43","Surrey","43UC","Epsom and Ewell",,,53072,34306,26109,3595,4602,18766,11174,358,51,798,2448,3937
"J","South East","43","Surrey","43UD","Guildford",,,100968,63057,45898,7366,9793,37911,23563,707,123,1555,5069,6894
"J","South East","43","Surrey","43UE","Mole Valley",,,63689,42393,31714,5034,5645,21296,11636,429,77,1020,3153,4981
"J","South East","43","Surrey","43UF","Reigate and Banstead",,,98521,63942,46007,7587,10348,34579,19878,685,114,1567,4991,7344
"J","South East","43","Surrey","43UG","Runnymede",,,60401,37419,26290,4632,6497,22982,13569,500,97,956,3268,4592
"J","South East","43","Surrey","43UH","Spelthorne",,,72644,45726,33111,5231,7384,26918,15477,549,97,1278,4097,5420
"J","South East","43","Surrey","43UJ","Surrey Heath",,,62414,42726,32003,5205,5518,19688,11757,404,67,900,2861,3699
"J","South East","43","Surrey","43UK","Tandridge",,,61489,40950,29529,5011,6410,20539,11563,450,104,920,2922,4580
"J","South East","43","Surrey","43UL","Waverley",,,89924,58982,44019,7241,7722,30942,17293,547,119,1434,4596,6953
"J","South East","43","Surrey","43UM","Woking",,,70576,45482,33910,4800,6772,25094,14910,592,70,1233,3668,4621
"J","South East","45","West Sussex","45UB","Adur",,,47485,30106,20591,4701,4814,17379,8628,211,54,814,3033,4639
"J","South East","45","West Sussex","45UC","Arun",,,112838,72191,50131,11913,10147,40647,19151,613,136,1946,6969,11832
"J","South East","45","West Sussex","45UD","Chichester",,,84991,54995,39875,8133,6987,29996,15653,510,118,1292,4799,7624
"J","South East","45","West Sussex","45UE","Crawley",,,77918,47826,33371,5907,8548,30092,17452,894,100,1519,4726,5401
"J","South East","45","West Sussex","45UF","Horsham",,,95006,64976,46993,9209,8774,30030,16681,512,104,1567,4582,6584
"J","South East","45","West Sussex","45UG","Mid Sussex",,,99367,66606,49175,8527,8904,32761,18535,483,95,1742,4927,6979
"J","South East","45","West Sussex","45UH","Worthing",,,77292,46653,31397,7223,8033,30639,15617,414,100,1481,5381,7646
"K","South West",,,"00HA","Bath and North East Somerset",,,133723,81357,58978,9704,12675,52366,31781,761,146,1993,7534,10151
"K","South West",,,"00HB","Bristol, City of",,,298122,159891,107436,17214,35241,138231,89755,2066,308,5733,18818,21551
"K","South West",,,"00HC","North Somerset",,,149112,98374,70308,14512,13554,50738,26455,685,154,2444,9012,11988
"K","South West",,,"00HD","South Gloucestershire",,,191566,130147,95798,15293,19056,61419,35795,766,130,2974,9769,11985
"K","South West",,,"00HG","Plymouth",,,187417,110528,75951,16297,18280,76889,43121,757,160,4200,13946,14705
"K","South West",,,"00HH","Torbay",,,102933,62399,41499,10503,10397,40534,19750,505,115,2255,7885,10024
"K","South West",,,"00HN","Bournemouth",,,130904,72836,47601,10963,14272,58068,33737,704,182,2492,9745,11208
"K","South West",,,"00HP","Poole",,,110176,70633,49682,10506,10445,39543,20692,541,135,1831,7033,9311
"K","South West",,,"00HX","Swindon",,,140903,90689,62331,12025,16333,50214,29407,743,105,2518,8341,9100
"K","South West","15","Cornwall and Isles of Scilly","15UB","Caradon",,,63703,42538,29720,7004,5814,21165,10684,238,64,1161,3900,5118
"K","South West","15","Cornwall and Isles of Scilly","15UC","Carrick",,,70766,43970,30527,6943,6500,26796,13820,345,77,1132,4918,6504
"K","South West","15","Cornwall and Isles of Scilly","15UD","Kerrier",,,73679,47454,32367,7919,7168,26225,13152,283,70,1132,5252,6336
"K","South West","15","Cornwall and Isles of Scilly","15UE","North Cornwall",,,64022,42091,29280,6586,6225,21931,11056,299,88,1106,3924,5458
"K","South West","15","Cornwall and Isles of Scilly","15UF","Penwith",,,50728,31158,20661,5201,5296,19570,9659,266,61,889,3951,4744
"K","South West","15","Cornwall and Isles of Scilly","15UG","Restormel",,,75925,48685,33058,8080,7547,27240,13807,399,77,1124,5050,6783
"K","South West","15","Cornwall and Isles of Scilly","15UH","Isles of Scilly",,,1659,1178,826,198,154,481,255,15,5,22,66,118
"K","South West","18","Devon","18UB","East Devon",,,101528,67529,48442,10620,8467,33999,16276,521,111,1489,5507,10095
"K","South West","18","Devon","18UC","Exeter",,,86587,48316,31544,6422,10350,38271,23063,625,119,1578,6264,6622
"K","South West","18","Devon","18UD","Mid Devon",,,55141,36864,26199,5369,5296,18277,9666,209,57,915,3002,4428
"K","South West","18","Devon","18UE","North Devon",,,69182,45564,32103,7161,6300,23618,12333,282,71,1027,4023,5882
"K","South West","18","Devon","18UG","South Hams",,,64826,43649,31004,6816,5829,21177,10550,266,64,1077,3801,5419
"K","South West","18","Devon","18UH","Teignbridge",,,95298,62870,43361,10357,9152,32428,15783,401,126,1646,6023,8449
"K","South West","18","Devon","18UK","Torridge",,,47021,31210,21772,4890,4548,15811,8026,270,60,740,2715,4000
"K","South West","18","Devon","18UL","West Devon",,,38400,25759,18502,3883,3374,12641,6398,218,38,592,2112,3283
"K","South West","19","Dorset","19UC","Christchurch",,,37348,24291,17533,3931,2827,13057,5883,183,57,621,2181,4132
"K","South West","19","Dorset","19UD","East Dorset",,,68643,48370,36086,7486,4798,20273,9822,277,67,889,3146,6072
"K","South West","19","Dorset","19UE","North Dorset",,,46937,32172,22914,5052,4206,14765,7301,213,72,768,2420,3991
"K","South West","19","Dorset","19UG","Purbeck",,,35528,23812,17163,3653,2996,11716,5827,156,54,532,2056,3091
"K","South West","19","Dorset","19UH","West Dorset",,,73809,49646,35703,7493,6450,24163,11575,381,99,1100,4150,6858
"K","South West","19","Dorset","19UJ","Weymouth and Portland",,,49721,31552,21053,5281,5218,18169,9102,250,73,906,3591,4247
"K","South West","23","Gloucestershire","23UB","Cheltenham",,,87058,50428,34687,6233,9508,36630,22068,552,98,1477,5689,6746
"K","South West","23","Gloucestershire","23UC","Cotswold",,,64064,42966,31248,5788,5930,21098,10885,391,83,1052,3249,5438
"K","South West","23","Gloucestershire","23UD","Forest of Dean",,,62831,42118,30381,5873,5864,20713,11086,269,48,887,3253,5170
"K","South West","23","Gloucestershire","23UE","Gloucester",,,84238,52795,36574,7016,9205,31443,17901,488,79,1585,5454,5936
"K","South West","23","Gloucestershire","23UF","Stroud",,,84606,56481,40490,7588,8403,28125,15331,379,89,1333,4433,6560
"K","South West","23","Gloucestershire","23UG","Tewkesbury",,,60780,40872,29476,5546,5850,19908,10616,284,55,955,3259,4739
"K","South West","40","Somerset","40UB","Mendip",,,80206,52517,36841,7321,8355,27689,14916,455,87,1392,4904,5935
"K","South West","40","Somerset","40UC","Sedgemoor",,,83553,55718,38646,8712,8360,27835,14341,424,73,1385,4718,6894
"K","South West","40","Somerset","40UD","South Somerset",,,118805,79993,57085,11797,11111,38812,19929,563,138,1831,6681,9670
"K","South West","40","Somerset","40UE","Taunton Deane",,,80117,51005,35361,7375,8269,29112,15137,440,102,1517,5169,6747
"K","South West","40","Somerset","40UF","West Somerset",,,28172,17968,12291,3059,2618,10204,4672,231,53,445,1814,2989
"K","South West","46","Wiltshire","46UB","Kennet",,,56072,38606,28163,5379,5064,17466,9419,215,67,888,2861,4016
"K","South West","46","Wiltshire","46UC","North Wiltshire",,,96244,66566,48926,8762,8878,29678,16740,368,84,1424,4796,6266
"K","South West","46","Wiltshire","46UD","Salisbury",,,88745,58700,42466,8282,7952,30045,16186,395,81,1505,5079,6799
"K","South West","46","Wiltshire","46UF","West Wiltshire",,,92185,61493,43454,8954,9085,30692,16405,394,81,1537,5515,6760
,,,,"00NA","Isle of Anglesey",,,53150,32754,24084,4236,4434,20396,11011,356,70,773,3403,4783
,,,,"00NC","Gwynedd",,,91249,53776,39309,6093,8374,37473,21415,739,152,1188,5515,8464
,,,,"00NE","Conwy",,,87201,53780,37802,8272,7706,33421,16714,478,140,1510,5836,8743
,,,,"00NG","Denbighshire",,,72997,44462,31367,6357,6738,28535,14715,446,95,1192,5075,7012
,,,,"00NJ","Flintshire",,,117012,74738,54344,9536,10858,42274,24137,528,112,1632,7050,8815
,,,,"00NL","Wrexham",,,101515,62703,45067,7429,10207,38812,22023,592,109,1303,6337,8448
,,,,"00NN","Powys",,,100362,63973,47159,7852,8962,36389,19594,569,121,1529,5498,9078
,,,,"00NQ","Ceredigion",,,59429,34493,24675,4138,5680,24936,15195,483,83,806,3241,5128
,,,,"00NS","Pembrokeshire",,,89396,56730,42008,7526,7196,32666,17061,500,103,1422,5630,7950
,,,,"00NU","Carmarthenshire",,,136713,83636,62787,10661,10188,53077,27817,863,159,2046,8850,13342
,,,,"00NX","Swansea",,,177430,102348,77007,11621,13720,75082,42972,1097,196,2973,12168,15676
,,,,"00NZ","Neath Port Talbot",,,106951,64113,48669,7683,7761,42838,22483,464,83,1712,7721,10375
,,,,"00PB","Bridgend",,,100824,63777,47131,8157,8489,37047,19900,371,70,1411,6812,8483
,,,,"00PD","The Vale of Glamorgan",,,91787,58868,42674,8220,7974,32919,17879,548,122,1502,5867,7001
,,,,"00PF","Rhondda, Cynon, Taff",,,180987,109270,80478,12102,16690,71717,40104,1097,198,2839,11367,16112
,,,,"00PH","Merthyr Tydfil",,,43609,25247,19321,2635,3291,18362,10164,260,53,947,2870,4068
,,,,"00PK","Caerphilly",,,131829,82617,60474,9730,12413,49212,27584,532,95,1723,8374,10904
,,,,"00PL","Blaenau Gwent",,,54440,32340,24096,3592,4652,22100,11662,246,27,983,3938,5244
,,,,"00PM","Torfaen",,,70770,44637,31713,5768,7156,26133,13668,457,74,1072,4694,6168
,,,,"00PP","Monmouthshire",,,66699,44335,32945,6105,5285,22364,11901,277,73,958,3636,5519
,,,,"00PR","Newport",,,104612,63633,46315,7701,9617,40979,22411,670,103,2076,7109,8610
,,,,"00PT","Cardiff",,,234280,127196,91824,13308,22064,107084,69118,1871,233,3972,14837,17053