DATASET_TITLE,"Incapacity Benefit/Severe Disablement Allowance Claimants, November 2008",,,,,,FROM,Nov-2008,Nov-2008,Nov-2008,Nov-2008,Nov-2008,Nov-2008,Nov-2008,Nov-2008,Nov-2008,Nov-2008,Nov-2008,Nov-2008,Nov-2008,Nov-2008,Nov-2008,Nov-2008,Nov-2008,Nov-2008,Nov-2008,Nov-2008,Nov-2008,Nov-2008,Nov-2008,Nov-2008,Nov-2008,Nov-2008,Nov-2008,Nov-2008,Nov-2008,Nov-2008,Nov-2008,Nov-2008
AREA_TYPE,Local Authority,,,,,,TO,Nov-2008,Nov-2008,Nov-2008,Nov-2008,Nov-2008,Nov-2008,Nov-2008,Nov-2008,Nov-2008,Nov-2008,Nov-2008,Nov-2008,Nov-2008,Nov-2008,Nov-2008,Nov-2008,Nov-2008,Nov-2008,Nov-2008,Nov-2008,Nov-2008,Nov-2008,Nov-2008,Nov-2008,Nov-2008,Nov-2008,Nov-2008,Nov-2008,Nov-2008,Nov-2008,Nov-2008,Nov-2008
GEO_HIERARCHY,NeSS Geography Hierarchy,,,,,,HEADING,Total,Total Incapacity Benefit Claimants,Total Severe Disablement Allowance Claimants,Claimants Aged 16-24,Claimants Aged 16-24,Claimants Aged 25-49,Claimants Aged 25-49,Claimants Aged 50-59,Claimants Aged 50-59,Claimants Aged 60 and Over,Claimants Aged 60 and Over,Male,Male,Female,Female,Claim Duration Less Than 6 Months,Claim Duration 6 Months-1 Year,Claim Duration 1-2 Years,Claim Duration 2-5 Years,Claim Duration 5 Years and Over,Medical Reason for Claiming; Mental Disorders,Medical Reason for Claiming; Mental Disorders,Medical Reason for Claiming; Diseases of the Nervous System,Medical Reason for Claiming; Diseases of the Nervous System,Medical Reason for Claiming; Diseases of the Respiratory or Circulatory System,Medical Reason for Claiming; Diseases of the Respiratory or Circulatory System,Medical Reason for Claiming; Musculoskeletal Diseases,Medical Reason for Claiming; Musculoskeletal Diseases,Medical Reason for Claiming; Injury or Poisoning,Medical Reason for Claiming; Injury or Poisoning,Medical Reason for Claiming; Other,Medical Reason for Claiming; Other
,,,,,,,MEASUREMENT_UNIT,Count,Count,Count,Count,Percentage,Count,Percentage,Count,Percentage,Count,Percentage,Count,Percentage,Count,Percentage,Count,Count,Count,Count,Count,Count,Percentage,Count,Percentage,Count,Percentage,Count,Percentage,Count,Percentage,Count,Percentage
,,,,,,,STATISTICAL_UNIT,Persons,Persons,Persons,Persons,Persons,Persons,Persons,Persons,Persons,Persons,Persons,Persons,Persons,Persons,Persons,Persons,Persons,Persons,Persons,Persons,Persons,Persons,Persons,Persons,Persons,Persons,Persons,Persons,Persons,Persons,Persons,Persons
GOR_CODE,GOR_NAME,CTY_CODE,CTY_NAME,LA_CODE,LA_NAME,AREA_METADATA,,DATA_VALUE,DATA_VALUE,DATA_VALUE,DATA_VALUE,DATA_VALUE,DATA_VALUE,DATA_VALUE,DATA_VALUE,DATA_VALUE,DATA_VALUE,DATA_VALUE,DATA_VALUE,DATA_VALUE,DATA_VALUE,DATA_VALUE,DATA_VALUE,DATA_VALUE,DATA_VALUE,DATA_VALUE,DATA_VALUE,DATA_VALUE,DATA_VALUE,DATA_VALUE,DATA_VALUE,DATA_VALUE,DATA_VALUE,DATA_VALUE,DATA_VALUE,DATA_VALUE,DATA_VALUE,DATA_VALUE,DATA_VALUE
"A","North East",,,"00CH","Gateshead",,,11830,10860,980,660,6,5350,45,4060,34,1760,15,7080,60,4760,40,1030,600,990,1970,7240,4970,42,650,5,770,7,2240,19,700,6,2500,21
"A","North East",,,"00CJ","Newcastle upon Tyne",,,15560,14150,1410,1010,6,7320,47,5250,34,1980,13,9290,60,6270,40,1330,790,1230,2680,9540,7090,46,820,5,990,6,2640,17,810,5,3210,21
"A","North East",,,"00CK","North Tyneside",,,9640,8760,880,520,5,4220,44,3420,35,1480,15,5550,58,4090,42,870,490,800,1670,5820,3530,37,600,6,680,7,2020,21,560,6,2240,23
"A","North East",,,"00CL","South Tyneside",,,9320,8630,690,550,6,4030,43,3350,36,1390,15,5500,59,3820,41,940,520,830,1600,5450,3600,39,500,5,700,8,1890,20,570,6,2060,22
"A","North East",,,"00CM","Sunderland",,,18910,17340,1580,1070,6,8060,43,6890,36,2890,15,11270,60,7640,40,1440,890,1430,3110,12030,7400,39,1070,6,1550,8,4120,22,1100,6,3670,19
"A","North East",,,"00EB","Hartlepool",,,6840,6270,560,370,5,3130,46,2410,35,920,13,3850,56,2990,44,460,360,600,1090,4320,2620,38,390,6,480,7,1650,24,370,5,1320,19
"A","North East",,,"00EC","Middlesbrough",,,9480,8510,960,650,7,4470,47,3230,34,1120,12,5360,57,4120,43,740,500,730,1570,5940,4120,43,510,5,760,8,1690,18,440,5,1970,21
"A","North East",,,"00EE","Redcar and Cleveland",,,8240,7400,840,520,6,3610,44,2820,34,1280,16,4640,56,3590,44,570,360,620,1360,5320,3290,40,540,7,640,8,1690,21,420,5,1660,20
"A","North East",,,"00EF","Stockton-on-Tees",,,9520,8720,800,630,7,4250,45,3320,35,1330,14,5420,57,4100,43,810,530,870,1720,5600,3810,40,560,6,750,8,1940,20,530,6,1940,20
"A","North East",,,"00EH","Darlington",,,5200,4600,600,290,6,2430,47,1730,33,750,14,3090,59,2110,41,420,270,440,920,3150,2250,43,330,6,380,7,960,18,260,5,1020,20
"A","North East",,,"00EJ","Durham",,,33960,30980,2970,1990,6,14250,42,11950,35,5760,17,19850,58,14110,42,2890,1630,2530,5460,21450,12610,37,1840,5,2520,7,7520,22,2230,7,7250,21
"A","North East",,,"00EM","Northumberland",,,13970,12440,1520,860,6,5780,41,4850,35,2470,18,8310,59,5660,41,1180,700,1100,2240,8750,5120,37,860,6,930,7,2840,20,800,6,3420,24
"B","North West",,,"00BL","Bolton",,,15770,14720,1050,990,6,7380,47,5290,34,2100,13,9300,59,6470,41,1300,970,1430,3160,8910,7070,45,880,6,1290,8,2640,17,880,6,3000,19
"B","North West",,,"00BM","Bury",,,9260,8490,770,560,6,4480,48,2990,32,1230,13,5430,59,3830,41,700,530,850,1790,5400,4380,47,550,6,640,7,1510,16,500,5,1680,18
"B","North West",,,"00BN","Manchester",,,33550,31250,2310,2080,6,17760,53,10410,31,3300,10,19900,59,13650,41,2570,1830,2950,6210,19990,16730,50,1620,5,2300,7,4770,14,1490,4,6630,20
"B","North West",,,"00BP","Oldham",,,12630,11720,900,660,5,6040,48,4390,35,1540,12,7200,57,5430,43,960,730,1140,2450,7340,5360,42,740,6,1130,9,2500,20,640,5,2260,18
"B","North West",,,"00BQ","Rochdale",,,13970,13000,970,820,6,6840,49,4700,34,1600,11,8000,57,5970,43,1080,780,1300,2680,8130,6600,47,720,5,1170,8,2540,18,670,5,2270,16
"B","North West",,,"00BR","Salford",,,15690,14560,1130,930,6,7650,49,5040,32,2060,13,9590,61,6100,39,1170,800,1350,2810,9550,7580,48,750,5,1160,7,2550,16,820,5,2830,18
"B","North West",,,"00BS","Stockport",,,11450,10390,1060,690,6,5350,47,3840,34,1570,14,6510,57,4940,43,900,640,1020,2230,6650,5150,45,820,7,900,8,1700,15,620,5,2250,20
"B","North West",,,"00BT","Tameside",,,13690,12680,1010,790,6,6400,47,4530,33,1970,14,8000,58,5690,42,1040,780,1200,2730,7940,5810,42,700,5,1160,8,2610,19,890,7,2510,18
"B","North West",,,"00BU","Trafford",,,8840,8090,750,520,6,4110,46,3040,34,1160,13,5010,57,3830,43,710,510,770,1690,5170,3770,43,570,6,640,7,1400,16,440,5,2020,23
"B","North West",,,"00BW","Wigan",,,19630,18190,1440,950,5,8650,44,6790,35,3240,17,11120,57,8510,43,1430,1030,1660,3430,12080,7020,36,920,5,1580,8,3790,19,1220,6,5090,26
"B","North West",,,"00BX","Knowsley",,,12320,11150,1170,640,5,5790,47,4390,36,1500,12,6770,55,5560,45,940,630,980,2090,7680,5190,42,570,5,1110,9,2240,18,540,4,2670,22
"B","North West",,,"00BY","Liverpool",,,36650,33520,3130,1820,5,17490,48,12840,35,4500,12,20850,57,15800,43,2570,1770,2770,6110,23430,16740,46,1720,5,3110,8,5780,16,1590,4,7720,21
"B","North West",,,"00BZ","St. Helens",,,11880,10790,1090,630,5,5200,44,4100,35,1960,16,7000,59,4880,41,850,630,980,2240,7180,4860,41,610,5,1120,9,2360,20,640,5,2290,19
"B","North West",,,"00CA","Sefton",,,15150,13490,1660,710,5,6920,46,5340,35,2170,14,8630,57,6520,43,1030,770,1240,2680,9420,6460,43,920,6,1160,8,2400,16,800,5,3420,23
"B","North West",,,"00CB","Wirral",,,18920,17060,1870,1030,5,8800,47,6470,34,2630,14,10880,58,8040,42,1410,1040,1580,3210,11690,8450,45,1040,5,1610,9,3120,16,900,5,3790,20
"B","North West",,,"00EQ","Cheshire East",,,11240,9880,1350,650,6,5070,45,3780,34,1740,15,6330,56,4900,44,960,680,1020,2020,6550,4510,40,990,9,860,8,1930,17,600,5,2350,21
"B","North West",,,"00ET","Halton",,,8310,7440,870,460,6,3640,44,2940,35,1260,15,4680,56,3630,44,610,390,750,1500,5060,2990,36,460,6,730,9,1570,19,440,5,2120,26
"B","North West",,,"00EU","Warrington",,,8230,7280,950,430,5,3740,45,2730,33,1320,16,4750,58,3480,42,630,460,760,1490,4890,3260,40,490,6,690,8,1390,17,440,5,1960,24
"B","North West",,,"00EW","Cheshire West and Chester",,,12990,11530,1460,730,6,5960,46,4340,33,1950,15,7450,57,5540,43,1030,680,1150,2350,7780,5250,40,820,6,1000,8,2350,18,670,5,2890,22
"B","North West",,,"00EX","Blackburn with Darwen",,,9750,9050,700,630,6,4800,49,3220,33,1100,11,5850,60,3900,40,820,580,890,2020,5440,4570,47,500,5,770,8,1670,17,430,4,1810,19
"B","North West",,,"00EY","Blackpool",,,10800,9950,860,590,5,5350,50,3430,32,1440,13,6680,62,4130,38,890,580,1000,2150,6180,4740,44,590,5,870,8,1790,17,570,5,2240,21
"B","North West","16","Cumbria","16UB","Allerdale",,,4450,3980,470,220,5,1910,43,1560,35,740,17,2630,59,1820,41,360,220,400,800,2650,1630,37,300,7,380,9,850,19,320,7,970,22
"B","North West","16","Cumbria","16UC","Barrow-in-Furness",,,5030,4540,490,270,5,2260,45,1690,34,820,16,2900,58,2130,42,320,220,360,850,3290,2090,42,310,6,420,8,1000,20,270,5,940,19
"B","North West","16","Cumbria","16UD","Carlisle",,,4860,4350,510,280,6,2300,47,1610,33,670,14,2760,57,2100,43,380,270,480,950,2780,2120,44,330,7,400,8,830,17,270,6,910,19
"B","North West","16","Cumbria","16UE","Copeland",,,4030,3720,310,290,7,1660,41,1430,35,650,16,2390,59,1640,41,290,200,340,730,2470,1570,39,240,6,320,8,850,21,260,6,790,20
"B","North West","16","Cumbria","16UF","Eden",,,1430,1260,170,60,4,580,41,540,38,240,17,810,57,620,43,110,70,130,250,880,490,34,140,10,100,7,250,17,100,7,350,24
"B","North West","16","Cumbria","16UG","South Lakeland",,,2930,2620,310,160,5,1210,41,1020,35,530,18,1680,57,1240,42,240,150,290,530,1710,1080,37,250,9,240,8,500,17,180,6,690,24
"B","North West","30","Lancashire","30UD","Burnley",,,6280,5880,400,340,5,2970,47,2170,35,800,13,3640,58,2650,42,440,340,580,1170,3750,2770,44,320,5,530,8,1290,21,340,5,1040,17
"B","North West","30","Lancashire","30UE","Chorley",,,4490,3970,520,250,6,1960,44,1540,34,750,17,2540,57,1950,43,380,250,400,840,2610,1670,37,280,6,330,7,800,18,300,7,1110,25
"B","North West","30","Lancashire","30UF","Fylde",,,2950,2590,350,120,4,1300,44,1010,34,520,18,1680,57,1270,43,200,160,270,550,1760,1090,37,240,8,220,7,490,17,140,5,760,26
"B","North West","30","Lancashire","30UG","Hyndburn",,,5330,4870,460,310,6,2560,48,1740,33,720,14,3130,59,2210,41,450,270,460,1090,3050,2310,43,310,6,450,8,960,18,300,6,1000,19
"B","North West","30","Lancashire","30UH","Lancaster",,,6250,5580,670,370,6,2910,47,2060,33,900,14,3610,58,2640,42,500,330,560,1170,3690,2890,46,410,7,500,8,940,15,250,4,1260,20
"B","North West","30","Lancashire","30UJ","Pendle",,,5300,4960,340,300,6,2490,47,1830,35,680,13,3030,57,2270,43,410,300,490,1000,3110,2250,42,340,6,430,8,1020,19,280,5,980,18
"B","North West","30","Lancashire","30UK","Preston",,,7440,6760,690,500,7,3640,49,2440,33,870,12,4320,58,3120,42,610,350,650,1500,4330,3300,44,440,6,540,7,1130,15,420,6,1620,22
"B","North West","30","Lancashire","30UL","Ribble Valley",,,1700,1470,230,110,6,710,42,610,36,270,16,1020,60,680,40,110,100,150,310,1030,730,43,100,6,110,6,270,16,110,6,380,22
"B","North West","30","Lancashire","30UM","Rossendale",,,3620,3340,280,190,5,1670,46,1250,35,510,14,2110,58,1520,42,270,190,330,670,2160,1520,42,220,6,310,9,740,20,220,6,610,17
"B","North West","30","Lancashire","30UN","South Ribble",,,3990,3500,490,220,6,1750,44,1380,35,640,16,2180,55,1810,45,340,230,360,760,2300,1490,37,250,6,310,8,700,18,260,7,970,24
"B","North West","30","Lancashire","30UP","West Lancashire",,,5000,4430,560,290,6,2130,43,1780,36,800,16,2780,56,2220,44,420,290,410,910,2970,1750,35,340,7,430,9,1020,20,330,7,1120,22
"B","North West","30","Lancashire","30UQ","Wyre",,,4710,4220,490,230,5,1970,42,1680,36,830,18,2730,58,1980,42,360,260,420,880,2780,1720,37,360,8,410,9,870,18,270,6,1070,23
"D","Yorkshire and The Humber",,,"00CC","Barnsley",,,15960,14750,1220,770,5,6720,42,5670,36,2810,18,9540,60,6420,40,1070,770,1200,2760,10160,6040,38,790,5,1400,9,3640,23,1030,6,3070,19
"D","Yorkshire and The Humber",,,"00CE","Doncaster",,,16720,15030,1690,1010,6,7390,44,5640,34,2680,16,9780,58,6940,42,1420,930,1390,2800,10170,6000,36,1010,6,1350,8,3120,19,910,5,4330,26
"D","Yorkshire and The Humber",,,"00CF","Rotherham",,,14200,12780,1430,830,6,6240,44,4840,34,2290,16,8500,60,5700,40,1120,760,1070,2580,8670,5460,38,820,6,1190,8,2740,19,740,5,3240,23
"D","Yorkshire and The Humber",,,"00CG","Sheffield",,,24460,22090,2370,1570,6,12080,49,7510,31,3300,13,14450,59,10010,41,2030,1400,2220,4730,14070,10860,44,1510,6,1720,7,3560,15,1080,4,5730,23
"D","Yorkshire and The Humber",,,"00CX","Bradford",,,24110,22040,2070,1370,6,11650,48,8380,35,2710,11,14070,58,10030,42,2080,1470,2470,4430,13660,10380,43,1270,5,1850,8,4180,17,1280,5,5150,21
"D","Yorkshire and The Humber",,,"00CY","Calderdale",,,8470,7710,760,520,6,3810,45,2950,35,1180,14,4820,57,3650,43,670,530,820,1670,4780,3570,42,660,8,790,9,1340,16,480,6,1630,19
"D","Yorkshire and The Humber",,,"00CZ","Kirklees",,,17080,15510,1570,1080,6,8040,47,5780,34,2180,13,9830,58,7250,42,1610,920,1690,3230,9620,6790,40,1110,6,1520,9,3160,19,930,5,3560,21
"D","Yorkshire and The Humber",,,"00DA","Leeds",,,30120,27350,2770,1850,6,14610,49,9960,33,3710,12,17030,57,13090,43,2810,1780,2920,5630,16980,13710,46,1950,6,2280,8,4560,15,1570,5,6050,20
"D","Yorkshire and The Humber",,,"00DB","Wakefield",,,18540,16780,1760,1000,5,7970,43,6450,35,3120,17,11010,59,7530,41,1370,940,1570,3310,11350,6610,36,1000,5,1620,9,4180,23,980,5,4160,22
"D","Yorkshire and The Humber",,,"00FA","Kingston upon Hull, City of",,,14540,13000,1540,900,6,7040,48,4770,33,1830,13,8530,59,6010,41,1410,930,1440,2810,7950,5570,38,970,7,1200,8,2670,18,760,5,3370,23
"D","Yorkshire and The Humber",,,"00FB","East Riding of Yorkshire",,,10310,8900,1410,510,5,4050,39,3790,37,1960,19,5980,58,4330,42,870,570,950,1850,6070,3200,31,970,9,820,8,2020,20,570,6,2730,26
"D","Yorkshire and The Humber",,,"00FC","North East Lincolnshire",,,7060,6350,700,650,9,3280,46,2220,31,910,13,4190,59,2870,41,700,430,660,1480,3780,2710,38,530,8,540,8,1170,17,400,6,1710,24
"D","Yorkshire and The Humber",,,"00FD","North Lincolnshire",,,6460,5650,810,420,7,2780,43,2300,36,950,15,3600,56,2860,44,610,390,550,1270,3630,2220,34,530,8,580,9,1270,20,330,5,1530,24
"D","Yorkshire and The Humber",,,"00FF","York",,,5210,4540,670,320,6,2490,48,1650,32,750,14,3030,58,2180,42,470,290,430,970,3060,2280,44,450,9,300,6,700,13,260,5,1220,23
"D","Yorkshire and The Humber","36","North Yorkshire","36UB","Craven",,,1450,1310,140,50,3,610,42,510,35,270,19,850,59,600,41,130,90,120,270,840,560,39,140,10,110,8,220,15,90,6,340,23
"D","Yorkshire and The Humber","36","North Yorkshire","36UC","Hambleton",,,2010,1700,310,100,5,790,39,740,37,380,19,1110,55,900,45,140,110,180,360,1210,690,34,200,10,150,7,370,18,150,7,450,22
"D","Yorkshire and The Humber","36","North Yorkshire","36UD","Harrogate",,,3590,2940,650,170,5,1690,47,1170,33,570,16,2000,56,1600,45,260,190,310,580,2250,1430,40,380,11,220,6,480,13,180,5,900,25
"D","Yorkshire and The Humber","36","North Yorkshire","36UE","Richmondshire",,,1080,950,130,60,6,460,43,380,35,180,17,580,54,490,45,110,60,100,210,590,310,29,120,11,70,6,230,21,80,7,270,25
"D","Yorkshire and The Humber","36","North Yorkshire","36UF","Ryedale",,,1220,1050,160,60,5,490,40,420,34,240,20,700,57,520,43,90,70,110,210,730,370,30,130,11,100,8,230,19,80,7,300,25
"D","Yorkshire and The Humber","36","North Yorkshire","36UG","Scarborough",,,5020,4510,520,280,6,2180,43,1760,35,800,16,2930,58,2100,42,420,260,450,880,3010,1970,39,400,8,390,8,930,19,230,5,1110,22
"D","Yorkshire and The Humber","36","North Yorkshire","36UH","Selby",,,2230,2030,200,120,5,890,40,820,37,390,17,1270,57,960,43,230,140,190,380,1280,670,30,200,9,210,9,460,21,160,7,530,24
"E","East Midlands",,,"00FK","Derby",,,11290,10060,1230,670,6,5670,50,3550,31,1400,12,6420,57,4870,43,930,700,1160,2230,6260,4550,40,650,6,710,6,2140,19,580,5,2660,24
"E","East Midlands",,,"00FN","Leicester",,,15940,14350,1590,970,6,7610,48,5750,36,1610,10,8830,55,7110,45,1290,1020,1690,3420,8520,6990,44,860,5,1230,8,2620,16,680,4,3570,22
"E","East Midlands",,,"00FP","Rutland",,,630,540,90,30,5,300,48,200,32,90,14,350,56,280,44,60,50,60,120,330,240,38,60,10,40,6,100,16,40,6,140,22
"E","East Midlands",,,"00FY","Nottingham",,,17290,15490,1800,1080,6,9170,53,5280,31,1760,10,10190,59,7100,41,1290,980,1610,3440,9970,8250,48,850,5,1070,6,2810,16,860,5,3440,20
"E","East Midlands","17","Derbyshire","17UB","Amber Valley",,,4890,4370,520,200,4,2120,43,1730,35,850,17,2840,58,2050,42,350,290,490,910,2860,1690,35,330,7,370,8,1000,20,240,5,1270,26
"E","East Midlands","17","Derbyshire","17UC","Bolsover",,,4860,4370,490,260,5,2100,43,1640,34,860,18,2990,62,1870,38,320,230,380,860,3070,1610,33,260,5,430,9,1160,24,310,6,1090,22
"E","East Midlands","17","Derbyshire","17UD","Chesterfield",,,5950,5240,700,300,5,2710,46,2020,34,920,15,3570,60,2380,40,420,320,550,1060,3600,2420,41,330,6,430,7,1160,19,290,5,1310,22
"E","East Midlands","17","Derbyshire","17UF","Derbyshire Dales",,,1830,1620,210,100,5,780,43,600,33,360,20,1080,59,750,41,160,110,170,320,1070,650,36,150,8,120,7,370,20,120,7,430,23
"E","East Midlands","17","Derbyshire","17UG","Erewash",,,4170,3700,470,270,6,1850,44,1380,33,670,16,2330,56,1840,44,350,220,420,820,2360,1600,38,260,6,260,6,820,20,230,6,990,24
"E","East Midlands","17","Derbyshire","17UH","High Peak",,,3290,2970,320,200,6,1460,44,1120,34,510,16,1890,57,1400,43,290,180,280,610,1930,1280,39,240,7,240,7,590,18,190,6,750,23
"E","East Midlands","17","Derbyshire","17UJ","North East Derbyshire",,,4310,3820,490,210,5,1810,42,1480,34,810,19,2590,60,1720,40,310,240,360,730,2670,1440,33,320,7,350,8,970,23,270,6,960,22
"E","East Midlands","17","Derbyshire","17UK","South Derbyshire",,,3150,2830,320,190,6,1290,41,1140,36,530,17,1720,55,1430,45,260,180,320,620,1770,1020,32,210,7,230,7,730,23,170,5,780,25
"E","East Midlands","31","Leicestershire","31UB","Blaby",,,2180,1910,270,140,6,920,42,770,35,350,16,1190,55,990,45,190,130,240,430,1190,820,38,220,10,150,7,390,18,110,5,500,23
"E","East Midlands","31","Leicestershire","31UC","Charnwood",,,4410,3860,550,300,7,2030,46,1500,34,570,13,2400,54,2010,46,400,290,500,960,2250,1890,43,350,8,310,7,690,16,210,5,950,22
"E","East Midlands","31","Leicestershire","31UD","Harborough",,,1590,1370,230,100,6,680,43,550,35,270,17,870,55,720,45,150,110,140,310,890,630,40,170,11,120,8,270,17,80,5,340,21
"E","East Midlands","31","Leicestershire","31UE","Hinckley and Bosworth",,,2830,2530,300,200,7,1250,44,950,34,440,16,1510,53,1320,47,280,200,320,570,1450,1160,41,220,8,200,7,490,17,170,6,600,21
"E","East Midlands","31","Leicestershire","31UG","Melton",,,1010,860,150,70,7,450,45,330,33,170,17,560,55,450,45,100,70,100,170,570,370,37,80,8,70,7,190,19,60,6,240,24
"E","East Midlands","31","Leicestershire","31UH","North West Leicestershire",,,3090,2760,340,170,6,1380,45,1050,34,490,16,1720,56,1370,44,240,220,310,590,1730,1150,37,240,8,230,7,680,22,170,6,620,20
"E","East Midlands","31","Leicestershire","31UJ","Oadby and Wigston",,,1460,1320,140,100,7,620,42,540,37,200,14,740,51,710,49,140,110,160,300,750,590,40,100,7,100,7,250,17,80,5,350,24
"E","East Midlands","32","Lincolnshire","32UB","Boston",,,2770,2450,320,140,5,1230,44,960,35,440,16,1590,57,1190,43,240,170,250,520,1610,900,32,190,7,200,7,650,23,140,5,690,25
"E","East Midlands","32","Lincolnshire","32UC","East Lindsey",,,7500,6580,920,410,5,2930,39,2670,36,1490,20,4480,60,3020,40,530,330,620,1380,4640,2340,31,560,7,700,9,1790,24,430,6,1690,23
"E","East Midlands","32","Lincolnshire","32UD","Lincoln",,,4520,4040,480,350,8,2340,52,1310,29,520,12,2690,60,1830,40,400,270,440,870,2530,2090,46,270,6,310,7,700,15,190,4,950,21
"E","East Midlands","32","Lincolnshire","32UE","North Kesteven",,,2900,2530,370,180,6,1190,41,1010,35,520,18,1630,56,1260,43,240,170,280,520,1690,920,32,260,9,240,8,610,21,180,6,680,23
"E","East Midlands","32","Lincolnshire","32UF","South Holland",,,2880,2510,360,130,5,1200,42,1030,36,510,18,1560,54,1310,45,270,160,290,530,1620,830,29,240,8,220,8,630,22,210,7,750,26
"E","East Midlands","32","Lincolnshire","32UG","South Kesteven",,,3640,3150,490,200,5,1610,44,1260,35,560,15,1950,54,1690,46,300,240,340,750,2010,1270,35,290,8,270,7,680,19,210,6,910,25
"E","East Midlands","32","Lincolnshire","32UH","West Lindsey",,,3320,2830,490,180,5,1490,45,1110,33,540,16,1900,57,1410,42,290,180,300,600,1940,1200,36,310,9,230,7,620,19,180,5,790,24
"E","East Midlands","34","Northamptonshire","34UB","Corby",,,2820,2560,260,170,6,1400,50,950,34,310,11,1540,55,1290,46,280,200,300,590,1460,1070,38,170,6,230,8,510,18,170,6,680,24
"E","East Midlands","34","Northamptonshire","34UC","Daventry",,,1810,1640,170,120,7,860,48,590,33,230,13,930,51,880,49,200,160,210,370,870,670,37,150,8,120,7,280,15,120,7,470,26
"E","East Midlands","34","Northamptonshire","34UD","East Northamptonshire",,,2210,1930,280,130,6,1040,47,740,33,310,14,1220,55,1000,45,220,150,250,460,1140,760,34,180,8,160,7,390,18,150,7,580,26
"E","East Midlands","34","Northamptonshire","34UE","Kettering",,,3130,2790,340,220,7,1530,49,960,31,420,13,1700,54,1440,46,310,210,360,630,1630,1200,38,240,8,230,7,530,17,180,6,750,24
"E","East Midlands","34","Northamptonshire","34UF","Northampton",,,7670,6690,990,570,7,3870,50,2380,31,850,11,4370,57,3300,43,700,540,770,1590,4070,3440,45,520,7,520,7,960,13,440,6,1780,23
"E","East Midlands","34","Northamptonshire","34UG","South Northamptonshire",,,1490,1360,130,100,7,650,44,520,35,220,15,780,52,710,48,160,90,160,310,760,520,35,140,9,120,8,250,17,130,9,340,23
"E","East Midlands","34","Northamptonshire","34UH","Wellingborough",,,2660,2320,340,190,7,1290,48,820,31,360,14,1460,55,1200,45,250,170,270,510,1450,1020,38,230,9,180,7,400,15,150,6,670,25
"E","East Midlands","37","Nottinghamshire","37UB","Ashfield",,,6500,5870,630,410,6,2950,45,2110,32,1030,16,3840,59,2660,41,470,350,630,1300,3760,2320,36,440,7,520,8,1430,22,420,6,1370,21
"E","East Midlands","37","Nottinghamshire","37UC","Bassetlaw",,,6140,5500,640,360,6,2780,45,2020,33,980,16,3580,58,2570,42,410,330,500,1180,3720,2450,40,360,6,470,8,1340,22,380,6,1150,19
"E","East Midlands","37","Nottinghamshire","37UD","Broxtowe",,,3930,3530,410,240,6,1630,41,1410,36,650,17,2220,56,1710,44,320,230,340,750,2280,1470,37,280,7,310,8,760,19,200,5,920,23
"E","East Midlands","37","Nottinghamshire","37UE","Gedling",,,4120,3650,470,220,5,1790,43,1460,35,640,16,2350,57,1770,43,300,230,360,770,2460,1580,38,290,7,270,7,810,20,230,6,940,23
"E","East Midlands","37","Nottinghamshire","37UF","Mansfield",,,6920,6270,640,450,7,3150,46,2290,33,1020,15,4210,61,2710,39,470,400,630,1310,4110,2380,34,380,5,550,8,1590,23,440,6,1570,23
"E","East Midlands","37","Nottinghamshire","37UG","Newark and Sherwood",,,4880,4300,580,260,5,2110,43,1720,35,800,16,2830,58,2060,42,330,280,400,950,2930,1650,34,330,7,410,8,1060,22,310,6,1130,23
"E","East Midlands","37","Nottinghamshire","37UJ","Rushcliffe",,,2460,2110,350,120,5,1050,43,890,36,400,16,1430,58,1030,42,170,140,250,440,1460,930,38,250,10,160,7,390,16,150,6,580,24
"F","West Midlands",,,"00CN","Birmingham",,,52400,48010,4390,3430,7,26580,51,17040,33,5350,10,30570,58,21830,42,4580,3250,4890,9710,29970,22980,44,2840,5,3790,7,8810,17,2770,5,11200,21
"F","West Midlands",,,"00CQ","Coventry",,,14550,13390,1160,930,6,7110,49,4790,33,1720,12,8330,57,6220,43,1220,860,1430,2860,8170,5980,41,950,7,1140,8,2610,18,910,6,2960,20
"F","West Midlands",,,"00CR","Dudley",,,13060,11810,1250,720,6,5930,45,4500,34,1900,15,7770,59,5280,40,1070,800,1340,2550,7300,4710,36,730,6,1050,8,2830,22,690,5,3040,23
"F","West Midlands",,,"00CS","Sandwell",,,16080,14820,1260,870,5,7470,46,5590,35,2150,13,9470,59,6610,41,1250,940,1670,3150,9070,5920,37,810,5,1520,9,3620,23,870,5,3340,21
"F","West Midlands",,,"00CT","Solihull",,,6670,5910,760,470,7,3090,46,2140,32,970,15,3740,56,2940,44,580,380,660,1270,3790,2730,41,450,7,500,7,1190,18,390,6,1410,21
"F","West Midlands",,,"00CU","Walsall",,,13150,11920,1220,870,7,6060,46,4420,34,1800,14,7770,59,5380,41,1110,800,1350,2610,7270,5070,39,710,5,1230,9,2730,21,650,5,2750,21
"F","West Midlands",,,"00CW","Wolverhampton",,,13090,11950,1140,800,6,6180,47,4540,35,1560,12,7620,58,5470,42,1090,780,1230,2730,7260,5590,43,800,6,1120,9,2630,20,610,5,2350,18
"F","West Midlands",,,"00GA","Herefordshire, County of",,,5800,5030,770,380,7,2640,46,1920,33,850,15,3350,58,2450,42,520,350,550,1080,3310,2340,40,480,8,390,7,950,16,380,7,1260,22
"F","West Midlands",,,"00GF","Telford and Wrekin",,,7710,6970,750,510,7,3680,48,2550,33,970,13,4240,55,3470,45,650,510,750,1490,4320,2980,39,520,7,560,7,1560,20,470,6,1630,21
"F","West Midlands",,,"00GG","Shropshire",,,9780,8510,1280,670,7,4220,43,3320,34,1570,16,5590,57,4200,43,880,590,940,1810,5570,3810,39,810,8,680,7,1820,19,630,6,2020,21
"F","West Midlands",,,"00GL","Stoke-on-Trent",,,17940,16370,1570,1020,6,8500,47,5960,33,2450,14,10320,58,7610,42,1280,850,1410,3340,11060,8100,45,1030,6,1430,8,3370,19,900,5,3100,17
"F","West Midlands","41","Staffordshire","41UB","Cannock Chase",,,4470,4030,450,280,6,1970,44,1530,34,700,16,2570,57,1900,43,410,290,420,870,2490,1500,34,290,6,410,9,1070,24,290,6,910,20
"F","West Midlands","41","Staffordshire","41UC","East Staffordshire",,,4000,3580,420,310,8,1900,48,1240,31,560,14,2310,58,1690,42,400,270,400,810,2130,1630,41,290,7,290,7,730,18,240,6,830,21
"F","West Midlands","41","Staffordshire","41UD","Lichfield",,,2990,2630,370,210,7,1270,42,990,33,520,17,1750,59,1240,41,280,200,280,590,1640,1130,38,260,9,250,8,590,20,180,6,580,19
"F","West Midlands","41","Staffordshire","41UE","Newcastle-under-Lyme",,,6110,5560,550,320,5,2610,43,2220,36,960,16,3500,57,2610,43,450,300,460,1180,3720,2510,41,360,6,510,8,1240,20,360,6,1130,18
"F","West Midlands","41","Staffordshire","41UF","South Staffordshire",,,2890,2560,330,170,6,1210,42,1000,35,510,18,1620,56,1270,44,260,210,240,560,1620,990,34,250,9,240,8,630,22,170,6,620,21
"F","West Midlands","41","Staffordshire","41UG","Stafford",,,4110,3640,470,300,7,1830,45,1340,33,640,16,2320,56,1790,44,350,230,390,810,2340,1710,42,370,9,300,7,720,18,230,6,780,19
"F","West Midlands","41","Staffordshire","41UH","Staffordshire Moorlands",,,4140,3640,500,200,5,1700,41,1490,36,760,18,2320,56,1820,44,250,220,320,780,2570,1700,41,280,7,340,8,780,19,240,6,800,19
"F","West Midlands","41","Staffordshire","41UK","Tamworth",,,2890,2630,260,200,7,1270,44,990,34,430,15,1600,55,1290,45,270,200,290,590,1530,1070,37,210,7,270,9,550,19,190,7,600,21
"F","West Midlands","44","Warwickshire","44UB","North Warwickshire",,,2090,1840,260,120,6,830,40,750,36,390,19,1220,58,880,42,180,130,190,390,1200,710,34,150,7,160,8,490,23,120,6,460,22
"F","West Midlands","44","Warwickshire","44UC","Nuneaton and Bedworth",,,5270,4760,510,300,6,2300,44,1860,35,810,15,3040,58,2230,42,430,330,500,970,3040,1990,38,340,6,380,7,1080,20,340,6,1130,21
"F","West Midlands","44","Warwickshire","44UD","Rugby",,,2610,2310,300,140,5,1230,47,870,33,370,14,1440,55,1170,45,250,170,270,550,1370,960,37,260,10,160,6,490,19,200,8,550,21
"F","West Midlands","44","Warwickshire","44UE","Stratford-on-Avon",,,2690,2350,340,160,6,1210,45,950,35,370,14,1470,55,1220,45,280,180,260,500,1470,1020,38,280,10,170,6,430,16,160,6,630,23
"F","West Midlands","44","Warwickshire","44UF","Warwick",,,3450,3060,390,190,6,1710,50,1150,33,400,12,1950,57,1510,44,330,220,360,650,1890,1470,43,280,8,220,6,510,15,200,6,770,22
"F","West Midlands","47","Worcestershire","47UB","Bromsgrove",,,2240,1980,260,150,7,980,44,760,34,340,15,1250,56,990,44,190,150,220,420,1260,920,41,180,8,140,6,360,16,150,7,490,22
"F","West Midlands","47","Worcestershire","47UC","Malvern Hills",,,2220,1940,290,150,7,1010,45,740,33,320,14,1210,55,1020,46,180,120,200,410,1310,900,41,210,9,140,6,360,16,150,7,470,21
"F","West Midlands","47","Worcestershire","47UD","Redditch",,,3090,2800,290,210,7,1410,46,1080,35,390,13,1700,55,1390,45,290,210,340,610,1630,1160,38,230,7,240,8,570,18,200,6,690,22
"F","West Midlands","47","Worcestershire","47UE","Worcester",,,3450,3110,340,260,8,1700,49,1110,32,380,11,1910,55,1540,45,340,230,330,690,1860,1470,43,240,7,230,7,550,16,230,7,740,21
"F","West Midlands","47","Worcestershire","47UF","Wychavon",,,3110,2730,370,210,7,1380,44,1040,33,470,15,1740,56,1370,44,290,230,280,620,1690,1120,36,290,9,200,6,570,18,240,8,690,22
"F","West Midlands","47","Worcestershire","47UG","Wyre Forest",,,4040,3520,520,260,6,1810,45,1310,32,660,16,2330,58,1710,42,320,250,400,780,2300,1690,42,280,7,270,7,760,19,250,6,790,20
"G","East of England",,,"00JA","Peterborough",,,7370,6740,630,570,8,3810,52,2270,31,720,10,4080,55,3280,45,660,540,810,1580,3780,2840,39,480,7,470,6,1220,17,420,6,1930,26
"G","East of England",,,"00KA","Luton",,,7580,6950,630,480,6,3840,51,2460,32,790,10,4460,59,3110,41,680,530,850,1620,3900,3050,40,440,6,550,7,1230,16,390,5,1920,25
"G","East of England",,,"00KB","Bedford",,,5280,4650,640,340,6,2660,50,1730,33,550,10,3020,57,2270,43,440,340,460,1120,2930,2230,42,360,7,310,6,860,16,300,6,1220,23
"G","East of England",,,"00KC","Central Bedfordshire",,,5830,5190,640,380,7,2840,49,1910,33,710,12,3170,54,2660,46,540,430,640,1190,3040,2150,37,510,9,350,6,980,17,370,6,1460,25
"G","East of England",,,"00KF","Southend-on-Sea",,,7470,6780,690,480,6,3890,52,2260,30,850,11,4320,58,3150,42,670,490,850,1480,3990,3430,46,480,6,420,6,1040,14,470,6,1640,22
"G","East of England",,,"00KG","Thurrock",,,5170,4710,460,350,7,2470,48,1680,32,670,13,2900,56,2270,44,500,340,510,1050,2770,2100,41,360,7,350,7,1060,21,350,7,950,18
"G","East of England","12","Cambridgeshire","12UB","Cambridge",,,3430,3110,320,220,6,1950,57,960,28,300,9,2010,59,1410,41,270,230,310,720,1890,1880,55,230,7,120,3,340,10,130,4,710,21
"G","East of England","12","Cambridgeshire","12UC","East Cambridgeshire",,,1810,1580,230,100,6,810,45,620,34,280,15,970,54,840,46,160,110,180,380,970,600,33,150,8,130,7,320,18,130,7,490,27
"G","East of England","12","Cambridgeshire","12UD","Fenland",,,4010,3630,380,260,6,1830,46,1380,34,540,13,2160,54,1850,46,300,270,400,890,2150,1380,34,280,7,250,6,870,22,250,6,980,24
"G","East of England","12","Cambridgeshire","12UE","Huntingdonshire",,,3840,3420,420,270,7,1850,48,1250,33,470,12,2060,54,1790,47,350,240,410,760,2090,1360,35,360,9,240,6,650,17,220,6,1020,27
"G","East of England","12","Cambridgeshire","12UG","South Cambridgeshire",,,2670,2290,380,210,8,1310,49,800,30,340,13,1390,52,1270,48,230,160,290,540,1450,1110,42,250,9,140,5,370,14,130,5,680,25
"G","East of England","22","Essex","22UB","Basildon",,,6770,6160,610,510,8,3370,50,2070,31,820,12,3690,55,3080,45,620,450,650,1360,3690,2700,40,430,6,440,6,1190,18,440,6,1570,23
"G","East of England","22","Essex","22UC","Braintree",,,4160,3540,620,290,7,1960,47,1330,32,580,14,2250,54,1910,46,360,270,430,840,2260,1580,38,420,10,290,7,730,18,270,6,870,21
"G","East of England","22","Essex","22UD","Brentwood",,,1750,1540,210,110,6,820,47,580,33,250,14,960,55,790,45,150,100,170,350,980,690,39,160,9,110,6,260,15,130,7,410,23
"G","East of England","22","Essex","22UE","Castle Point",,,2830,2550,280,190,7,1210,43,940,33,480,17,1590,56,1240,44,250,190,300,600,1490,940,33,220,8,200,7,560,20,240,8,670,24
"G","East of England","22","Essex","22UF","Chelmsford",,,3840,3420,410,300,8,1920,50,1160,30,450,12,2080,54,1760,46,360,230,430,780,2030,1610,42,360,9,210,5,550,14,230,6,870,23
"G","East of England","22","Essex","22UG","Colchester",,,5740,4850,900,440,8,2940,51,1630,28,740,13,3220,56,2520,44,470,320,550,1000,3410,2690,47,480,8,300,5,890,16,320,6,1070,19
"G","East of England","22","Essex","22UH","Epping Forest",,,3280,3000,280,190,6,1590,48,1060,32,440,13,1810,55,1470,45,280,200,360,660,1780,1370,42,240,7,180,5,600,18,240,7,650,20
"G","East of England","22","Essex","22UJ","Harlow",,,3020,2730,290,200,7,1520,50,990,33,310,10,1590,53,1430,47,280,220,310,660,1560,1290,43,160,5,160,5,560,19,190,6,650,22
"G","East of England","22","Essex","22UK","Maldon",,,1630,1490,140,110,7,760,47,510,31,240,15,920,56,720,44,160,130,160,330,860,570,35,160,10,100,6,310,19,130,8,360,22
"G","East of England","22","Essex","22UL","Rochford",,,1940,1730,210,120,6,840,43,660,34,320,16,1070,55,870,45,170,130,170,380,1090,690,36,180,9,140,7,340,18,140,7,440,23
"G","East of England","22","Essex","22UN","Tendring",,,6900,5890,1010,390,6,2960,43,2290,33,1260,18,4050,59,2850,41,510,370,670,1230,4120,2660,39,520,8,510,7,1300,19,460,7,1450,21
"G","East of England","22","Essex","22UQ","Uttlesford",,,1320,1180,150,90,7,600,45,450,34,190,14,710,54,620,47,140,90,140,250,710,500,38,150,11,70,5,230,17,100,8,280,21
"G","East of England","26","Hertfordshire","26UB","Broxbourne",,,2630,2400,230,180,7,1300,49,840,32,320,12,1400,53,1230,47,260,200,260,530,1380,1090,41,150,6,170,6,480,18,160,6,580,22
"G","East of England","26","Hertfordshire","26UC","Dacorum",,,3610,3230,380,210,6,1770,49,1180,33,450,12,1970,55,1640,45,290,260,400,750,1910,1540,43,300,8,210,6,650,18,190,5,730,20
"G","East of England","26","Hertfordshire","26UD","East Hertfordshire",,,2670,2290,370,230,9,1330,50,790,30,320,12,1380,52,1290,48,230,190,270,520,1450,1180,44,270,10,150,6,400,15,140,5,520,19
"G","East of England","26","Hertfordshire","26UE","Hertsmere",,,2660,2350,300,170,6,1330,50,850,32,300,11,1430,54,1220,46,260,200,230,540,1430,1160,44,230,9,160,6,400,15,130,5,580,22
"G","East of England","26","Hertfordshire","26UF","North Hertfordshire",,,2890,2550,340,220,8,1380,48,950,33,330,11,1570,54,1320,46,250,210,280,540,1610,1260,44,260,9,170,6,440,15,140,5,620,21
"G","East of England","26","Hertfordshire","26UG","St Albans",,,2970,2540,430,210,7,1490,50,920,31,340,11,1620,55,1350,45,250,190,290,540,1700,1350,45,240,8,160,5,420,14,140,5,660,22
"G","East of England","26","Hertfordshire","26UH","Stevenage",,,2710,2400,310,240,9,1460,54,750,28,250,9,1550,57,1160,43,240,190,310,540,1440,1200,44,210,8,150,6,430,16,130,5,590,22
"G","East of England","26","Hertfordshire","26UJ","Three Rivers",,,1910,1720,190,120,6,990,52,570,30,240,13,1090,57,820,43,150,150,180,420,1010,790,41,150,8,120,6,330,17,90,5,420,22
"G","East of England","26","Hertfordshire","26UK","Watford",,,2530,2310,220,140,6,1320,52,780,31,280,11,1520,60,1010,40,240,200,270,550,1260,1190,47,170,7,150,6,390,15,130,5,480,19
"G","East of England","26","Hertfordshire","26UL","Welwyn Hatfield",,,2950,2640,310,230,8,1550,53,870,29,300,10,1650,56,1300,44,250,180,310,630,1580,1440,49,210,7,150,5,420,14,150,5,590,20
"G","East of England","33","Norfolk","33UB","Breckland",,,4180,3720,460,250,6,1880,45,1420,34,640,15,2330,56,1860,44,360,240,410,840,2330,1600,38,360,9,270,6,830,20,250,6,870,21
"G","East of England","33","Norfolk","33UC","Broadland",,,3510,2940,580,190,5,1600,46,1170,33,560,16,1960,56,1550,44,280,210,320,660,2050,1440,41,370,11,180,5,600,17,190,5,750,21
"G","East of England","33","Norfolk","33UD","Great Yarmouth",,,5080,4580,490,320,6,2380,47,1680,33,710,14,2930,58,2150,42,380,270,490,1010,2930,2010,40,420,8,360,7,1040,20,260,5,990,19
"G","East of England","33","Norfolk","33UE","King's Lynn and West Norfolk",,,5930,5250,680,370,6,2660,45,1960,33,950,16,3380,57,2550,43,500,320,510,1160,3450,2240,38,470,8,440,7,1210,20,340,6,1220,21
"G","East of England","33","Norfolk","33UF","North Norfolk",,,3850,3260,590,210,5,1680,44,1320,34,640,17,2240,58,1600,42,310,200,330,690,2320,1590,41,340,9,230,6,670,17,170,4,850,22
"G","East of England","33","Norfolk","33UG","Norwich",,,6970,6310,660,530,8,3790,54,1970,28,680,10,4020,58,2950,42,610,420,690,1400,3850,3880,56,440,6,330,5,940,13,270,4,1110,16
"G","East of England","33","Norfolk","33UH","South Norfolk",,,3300,2900,400,220,7,1500,45,1070,32,520,16,1780,54,1530,46,300,200,340,640,1820,1310,40,360,11,210,6,600,18,160,5,660,20
"G","East of England","42","Suffolk","42UB","Babergh",,,2130,1800,330,150,7,980,46,660,31,350,16,1190,56,950,45,200,170,200,390,1180,800,38,220,10,150,7,360,17,130,6,470,22
"G","East of England","42","Suffolk","42UC","Forest Heath",,,1360,1190,160,80,6,650,48,440,32,180,13,720,53,630,46,140,100,140,300,680,540,40,90,7,80,6,230,17,100,7,310,23
"G","East of England","42","Suffolk","42UD","Ipswich",,,5080,4510,560,420,8,2540,50,1550,31,570,11,2840,56,2230,44,500,370,520,1020,2670,2250,44,420,8,320,6,870,17,260,5,960,19
"G","East of England","42","Suffolk","42UE","Mid Suffolk",,,2020,1750,270,130,6,870,43,690,34,330,16,1100,54,920,46,170,160,200,400,1090,700,35,210,10,170,8,370,18,130,6,440,22
"G","East of England","42","Suffolk","42UF","St Edmundsbury",,,2720,2340,380,160,6,1370,50,800,29,380,14,1470,54,1250,46,260,200,280,530,1450,1080,40,220,8,160,6,470,17,190,7,600,22
"G","East of England","42","Suffolk","42UG","Suffolk Coastal",,,2990,2630,360,180,6,1290,43,1050,35,470,16,1620,54,1370,46,260,220,300,620,1590,1110,37,300,10,190,6,530,18,160,5,700,23
"G","East of England","42","Suffolk","42UH","Waveney",,,4830,4290,550,290,6,2170,45,1670,35,700,14,2690,56,2140,44,400,300,480,900,2750,1790,37,500,10,320,7,940,19,260,5,1030,21
"H","London",,,"00AA","City of London",,,210,190,10,10,5,100,48,70,33,30,14,150,71,60,29,20,10,30,40,110,100,48,10,5,10,5,20,10,10,5,50,24
"H","London",,,"00AB","Barking and Dagenham",,,8130,7620,510,510,6,4170,51,2640,32,820,10,4540,56,3590,44,720,530,770,1610,4500,3070,38,430,5,570,7,1590,20,520,6,1960,24
"H","London",,,"00AC","Barnet",,,10210,9290,920,580,6,5340,52,3270,32,1020,10,5640,55,4580,45,870,710,1070,2180,5390,4560,45,630,6,580,6,1500,15,500,5,2440,24
"H","London",,,"00AD","Bexley",,,6600,6020,580,480,7,3080,47,2190,33,850,13,3630,55,2970,45,570,470,670,1330,3560,2510,38,460,7,470,7,1130,17,420,6,1600,24
"H","London",,,"00AE","Brent",,,12130,11200,930,530,4,6370,53,4110,34,1120,9,6990,58,5140,42,1120,820,1160,2410,6610,5020,41,530,4,790,7,2100,17,620,5,3060,25
"H","London",,,"00AF","Bromley",,,8220,7450,770,560,7,4200,51,2530,31,920,11,4700,57,3520,43,710,520,800,1710,4470,3610,44,590,7,490,6,1140,14,470,6,1920,23
"H","London",,,"00AG","Camden",,,10960,10310,650,480,4,6240,57,3350,31,880,8,6490,59,4470,41,700,520,950,2120,6660,6040,55,430,4,540,5,1220,11,430,4,2290,21
"H","London",,,"00AH","Croydon",,,11910,10690,1220,740,6,6420,54,3630,30,1120,9,6720,56,5190,44,1050,770,1220,2560,6310,5350,45,720,6,690,6,1640,14,550,5,2970,25
"H","London",,,"00AJ","Ealing",,,12410,11500,910,590,5,6350,51,4240,34,1220,10,7070,57,5340,43,1070,640,1190,2700,6810,5170,42,610,5,890,7,1990,16,630,5,3120,25
"H","London",,,"00AK","Enfield",,,11870,11020,860,690,6,6450,54,3630,31,1100,9,6560,55,5320,45,990,790,1240,2790,6060,5060,43,680,6,740,6,1980,17,550,5,2870,24
"H","London",,,"00AL","Greenwich",,,11080,10290,790,790,7,5870,53,3480,31,930,8,6200,56,4880,44,1020,670,1140,2340,5910,5020,45,590,5,740,7,1750,16,610,6,2370,21
"H","London",,,"00AM","Hackney",,,12830,12290,540,600,5,7170,56,4100,32,950,7,7370,57,5460,43,1100,780,1210,2570,7160,5900,46,540,4,840,7,1880,15,610,5,3070,24
"H","London",,,"00AN","Hammersmith and Fulham",,,7940,7450,490,370,5,4370,55,2580,32,630,8,4620,58,3330,42,620,450,660,1710,4500,3760,47,360,5,470,6,1050,13,330,4,1970,25
"H","London",,,"00AP","Haringey",,,11720,11030,700,610,5,6670,57,3560,30,890,8,6590,56,5140,44,920,700,1150,2580,6370,5480,47,580,5,700,6,1640,14,470,4,2860,24
"H","London",,,"00AQ","Harrow",,,6690,6050,650,460,7,3300,49,2230,33,700,10,3610,54,3080,46,590,520,680,1460,3440,2790,42,380,6,480,7,1120,17,310,5,1620,24
"H","London",,,"00AR","Havering",,,7290,6560,730,410,6,3370,46,2530,35,980,13,4030,55,3260,45,640,410,690,1320,4230,2700,37,540,7,460,6,1340,18,490,7,1760,24
"H","London",,,"00AS","Hillingdon",,,8030,7310,730,450,6,4070,51,2630,33,880,11,4390,55,3650,45,770,580,810,1720,4150,3190,40,520,6,570,7,1400,17,450,6,1900,24
"H","London",,,"00AT","Hounslow",,,8570,8010,550,440,5,4290,50,3000,35,830,10,4690,55,3870,45,810,550,820,1930,4450,3490,41,460,5,580,7,1520,18,450,5,2070,24
"H","London",,,"00AU","Islington",,,11860,11210,640,570,5,6890,58,3540,30,860,7,6730,57,5130,43,890,580,1030,2550,6790,6160,52,530,4,620,5,1540,13,470,4,2550,22
"H","London",,,"00AW","Kensington and Chelsea",,,6030,5680,350,220,4,3340,55,1980,33,490,8,3540,59,2490,41,420,280,490,1250,3580,3120,52,260,4,250,4,760,13,220,4,1420,24
"H","London",,,"00AX","Kingston upon Thames",,,3540,3220,310,250,7,1820,51,1100,31,370,10,1990,56,1540,44,330,280,330,810,1780,1750,49,220,6,200,6,430,12,160,5,780,22
"H","London",,,"00AY","Lambeth",,,13290,12420,870,630,5,7480,56,4180,31,1000,8,7800,59,5490,41,1140,780,1210,2930,7240,6390,48,620,5,690,5,1520,11,580,4,3510,26
"H","London",,,"00AZ","Lewisham",,,12120,11180,940,720,6,6810,56,3640,30,950,8,6910,57,5220,43,1150,850,1200,2590,6340,5600,46,590,5,690,6,1770,15,650,5,2840,23
"H","London",,,"00BA","Merton",,,5020,4560,450,300,6,2580,51,1580,31,550,11,2790,56,2230,44,480,380,510,1030,2610,2200,44,300,6,320,6,680,14,240,5,1270,25
"H","London",,,"00BB","Newham",,,12610,12010,600,770,6,6730,53,4080,32,1040,8,7280,58,5340,42,1100,800,1310,2530,6870,4560,36,610,5,1000,8,2250,18,620,5,3580,28
"H","London",,,"00BC","Redbridge",,,8820,8040,780,550,6,4390,50,2940,33,950,11,4960,56,3870,44,790,540,810,1890,4790,3400,39,530,6,620,7,1450,16,420,5,2390,27
"H","London",,,"00BD","Richmond upon Thames",,,3940,3530,410,250,6,1970,50,1260,32,450,11,2240,57,1700,43,350,220,400,800,2170,1960,50,250,6,190,5,450,11,170,4,920,23
"H","London",,,"00BE","Southwark",,,13270,12530,740,680,5,7410,56,4160,31,1010,8,7580,57,5690,43,1090,780,1270,2940,7200,6200,47,580,4,780,6,1670,13,610,5,3430,26
"H","London",,,"00BF","Sutton",,,5260,4610,650,390,7,2750,52,1510,29,600,11,2920,56,2340,44,490,360,550,1050,2810,2520,48,340,6,270,5,680,13,240,5,1220,23
"H","London",,,"00BG","Tower Hamlets",,,11520,11110,410,690,6,6530,57,3480,30,820,7,7040,61,4480,39,1090,760,1190,2380,6100,5020,44,510,4,780,7,1650,14,510,4,3060,27
"H","London",,,"00BH","Waltham Forest",,,9820,9090,740,550,6,5250,53,3100,32,920,9,5420,55,4400,45,890,680,960,1950,5340,3930,40,490,5,590,6,1470,15,470,5,2870,29
"H","London",,,"00BJ","Wandsworth",,,9360,8550,810,490,5,5090,54,2900,31,880,9,5430,58,3930,42,790,560,830,1970,5230,4530,48,470,5,490,5,1110,12,350,4,2410,26
"H","London",,,"00BK","Westminster",,,10370,9800,570,390,4,6170,59,3080,30,720,7,6190,60,4180,40,740,570,990,2220,5840,5510,53,400,4,530,5,1420,14,430,4,2070,20
"J","South East",,,"00LC","Medway",,,9280,8430,850,670,7,4590,49,2950,32,1070,12,5330,57,3950,43,920,660,1070,1980,4650,3640,39,640,7,680,7,1670,18,700,8,1940,21
"J","South East",,,"00MA","Bracknell Forest",,,2460,2100,360,180,7,1290,52,710,29,280,11,1440,59,1020,41,200,200,260,560,1250,1110,45,170,7,140,6,310,13,150,6,590,24
"J","South East",,,"00MB","West Berkshire",,,3140,2650,490,240,8,1580,50,900,29,410,13,1740,55,1400,45,270,220,320,670,1650,1450,46,260,8,170,5,370,12,200,6,700,22
"J","South East",,,"00MC","Reading",,,4560,4100,460,370,8,2440,54,1330,29,420,9,2630,58,1930,42,440,360,510,1000,2250,2160,47,290,6,300,7,560,12,260,6,1000,22
"J","South East",,,"00MD","Slough",,,4570,4220,350,270,6,2260,49,1620,35,430,9,2620,57,1950,43,460,340,570,1080,2130,1870,41,240,5,370,8,750,16,300,7,1030,23
"J","South East",,,"00ME","Windsor and Maidenhead",,,2560,2250,310,180,7,1240,48,810,32,330,13,1420,55,1140,45,240,190,280,560,1300,1040,41,200,8,180,7,370,14,170,7,590,23
"J","South East",,,"00MF","Wokingham",,,2350,1880,470,190,8,1190,51,690,29,280,12,1290,55,1060,45,220,160,250,440,1280,970,41,200,9,130,6,280,12,160,7,610,26
"J","South East",,,"00MG","Milton Keynes",,,7620,6930,690,570,7,3820,50,2460,32,780,10,4050,53,3570,47,740,580,880,1600,3830,3000,39,530,7,520,7,1340,18,470,6,1770,23
"J","South East",,,"00ML","Brighton and Hove",,,13040,12110,920,840,6,7240,56,3720,29,1240,10,7790,60,5250,40,1110,980,1280,2670,7000,6850,53,790,6,620,5,1620,12,640,5,2530,19
"J","South East",,,"00MR","Portsmouth",,,7770,7100,660,480,6,4050,52,2370,31,880,11,4610,59,3160,41,790,570,800,1690,3920,3790,49,530,7,500,6,1020,13,440,6,1490,19
"J","South East",,,"00MS","Southampton",,,9490,8570,910,620,7,4770,50,2990,32,1110,12,5630,59,3850,41,920,630,950,2030,4960,4630,49,520,5,600,6,1400,15,590,6,1740,18
"J","South East",,,"00MW","Isle of Wight",,,6190,5530,660,440,7,2770,45,2060,33,920,15,3700,60,2490,40,470,350,580,1180,3600,2660,43,380,6,450,7,1120,18,330,5,1250,20
"J","South East","11","Buckinghamshire","11UB","Aylesbury Vale",,,3680,3200,490,270,7,1770,48,1220,33,420,11,2050,56,1640,45,360,280,410,700,1930,1520,41,320,9,250,7,510,14,240,7,850,23
"J","South East","11","Buckinghamshire","11UC","Chiltern",,,1660,1350,310,100,6,810,49,530,32,220,13,930,56,720,43,160,100,170,290,930,640,39,300,18,80,5,190,11,80,5,370,22
"J","South East","11","Buckinghamshire","11UE","South Bucks",,,1120,980,140,80,7,550,49,350,31,140,13,600,54,520,46,110,80,110,240,580,450,40,90,8,60,5,150,13,70,6,300,27
"J","South East","11","Buckinghamshire","11UF","Wycombe",,,3380,3010,360,290,9,1680,50,1090,32,310,9,1850,55,1520,45,340,260,360,740,1660,1400,41,270,8,200,6,450,13,200,6,850,25
"J","South East","21","East Sussex","21UC","Eastbourne",,,4200,3790,410,270,6,2100,50,1330,32,500,12,2370,56,1830,44,320,240,420,820,2390,1820,43,300,7,220,5,610,15,180,4,1070,25
"J","South East","21","East Sussex","21UD","Hastings",,,5570,5080,490,380,7,2800,50,1750,31,640,11,3310,59,2260,41,400,330,570,1110,3150,2510,45,320,6,320,6,870,16,300,5,1240,22
"J","South East","21","East Sussex","21UF","Lewes",,,2990,2690,300,190,6,1370,46,990,33,440,15,1710,57,1280,43,250,200,320,610,1600,1190,40,250,8,180,6,490,16,210,7,670,22
"J","South East","21","East Sussex","21UG","Rother",,,3170,2710,460,170,5,1430,45,1040,33,530,17,1760,56,1410,44,260,180,290,530,1910,1180,37,230,7,220,7,550,17,180,6,810,26
"J","South East","21","East Sussex","21UH","Wealden",,,3400,2880,520,220,6,1570,46,1070,31,530,16,1840,54,1560,46,290,210,320,650,1940,1200,35,300,9,190,6,540,16,240,7,930,27
"J","South East","24","Hampshire","24UB","Basingstoke and Deane",,,3780,3300,480,310,8,1960,52,1070,28,440,12,1940,51,1840,49,430,280,410,770,1880,1740,46,330,9,190,5,550,15,210,6,760,20
"J","South East","24","Hampshire","24UC","East Hampshire",,,2320,1910,410,210,9,1140,49,690,30,280,12,1250,54,1080,47,230,160,230,450,1260,920,40,280,12,150,6,300,13,150,6,520,22
"J","South East","24","Hampshire","24UD","Eastleigh",,,2870,2460,410,250,9,1300,45,920,32,400,14,1540,54,1330,46,300,210,280,510,1570,1200,42,270,9,190,7,450,16,180,6,580,20
"J","South East","24","Hampshire","24UE","Fareham",,,2260,1910,350,160,7,1060,47,700,31,340,15,1250,55,1010,45,240,150,220,410,1230,960,42,220,10,140,6,320,14,130,6,490,22
"J","South East","24","Hampshire","24UF","Gosport",,,2660,2400,260,210,8,1340,50,800,30,310,12,1450,55,1210,45,260,190,290,590,1320,1140,43,200,8,170,6,400,15,170,6,590,22
"J","South East","24","Hampshire","24UG","Hart",,,1230,1050,180,90,7,610,50,370,30,160,13,640,52,580,47,120,90,150,240,640,500,41,120,10,70,6,190,15,80,7,270,22
"J","South East","24","Hampshire","24UH","Havant",,,4320,3810,510,300,7,2090,48,1380,32,550,13,2420,56,1900,44,410,270,450,810,2390,1760,41,350,8,290,7,710,16,300,7,910,21
"J","South East","24","Hampshire","24UJ","New Forest",,,4530,3910,620,360,8,2100,46,1420,31,660,15,2590,57,1940,43,470,300,460,840,2460,1870,41,390,9,280,6,720,16,290,6,990,22
"J","South East","24","Hampshire","24UL","Rushmoor",,,2430,2160,270,180,7,1300,53,720,30,240,10,1280,53,1150,47,260,160,300,520,1190,1140,47,200,8,150,6,350,14,140,6,450,19
"J","South East","24","Hampshire","24UN","Test Valley",,,2470,2100,370,190,8,1190,48,770,31,310,13,1310,53,1150,47,270,190,220,460,1330,1010,41,240,10,150,6,370,15,190,8,510,21
"J","South East","24","Hampshire","24UP","Winchester",,,2310,1970,340,180,8,1180,51,690,30,260,11,1330,58,980,42,240,150,290,480,1140,1110,48,200,9,110,5,280,12,130,6,470,20
"J","South East","29","Kent","29UB","Ashford",,,3240,2810,430,270,8,1570,48,990,31,420,13,1800,56,1440,44,280,230,330,670,1740,1310,40,250,8,220,7,580,18,200,6,670,21
"J","South East","29","Kent","29UC","Canterbury",,,4950,4250,690,370,7,2310,47,1630,33,640,13,2870,58,2080,42,440,300,470,970,2770,2130,43,420,8,340,7,760,15,250,5,1050,21
"J","South East","29","Kent","29UD","Dartford",,,2790,2520,270,210,8,1340,48,850,30,380,14,1600,57,1180,42,240,240,340,570,1410,1120,40,190,7,200,7,510,18,150,5,620,22
"J","South East","29","Kent","29UE","Dover",,,4480,3820,660,260,6,2000,45,1490,33,730,16,2640,59,1840,41,380,270,400,810,2630,1870,42,320,7,300,7,810,18,290,6,890,20
"J","South East","29","Kent","29UG","Gravesham",,,3520,3180,330,250,7,1740,49,1120,32,410,12,1990,57,1530,43,280,280,430,740,1780,1280,36,250,7,270,8,690,20,210,6,810,23
"J","South East","29","Kent","29UH","Maidstone",,,4170,3670,500,300,7,2080,50,1260,30,530,13,2330,56,1840,44,390,330,420,820,2210,1700,41,350,8,260,6,730,18,290,7,850,20
"J","South East","29","Kent","29UK","Sevenoaks",,,2480,2150,330,180,7,1170,47,780,31,350,14,1360,55,1120,45,220,180,240,500,1360,980,40,210,8,190,8,380,15,130,5,590,24
"J","South East","29","Kent","29UL","Shepway",,,4370,3630,740,250,6,2130,49,1370,31,630,14,2620,60,1760,40,340,250,370,780,2630,1750,40,340,8,340,8,740,17,230,5,960,22
"J","South East","29","Kent","29UM","Swale",,,5440,4870,570,420,8,2580,47,1720,32,720,13,3200,59,2240,41,480,390,560,1060,2950,2120,39,360,7,370,7,1040,19,430,8,1120,21
"J","South East","29","Kent","29UN","Thanet",,,6870,6130,740,470,7,3150,46,2290,33,960,14,4060,59,2810,41,590,450,760,1330,3740,2870,42,450,7,530,8,1280,19,410,6,1340,20
"J","South East","29","Kent","29UP","Tonbridge and Malling",,,2720,2380,340,190,7,1290,47,870,32,370,14,1570,58,1150,42,250,210,290,550,1430,1010,37,260,10,180,7,460,17,210,8,600,22
"J","South East","29","Kent","29UQ","Tunbridge Wells",,,2830,2470,370,250,9,1420,50,820,29,340,12,1630,58,1210,43,270,200,330,590,1440,1330,47,240,8,150,5,370,13,170,6,580,20
"J","South East","38","Oxfordshire","38UB","Cherwell",,,3300,2940,360,220,7,1700,52,1010,31,370,11,1740,53,1560,47,340,240,390,700,1620,1410,43,250,8,170,5,500,15,190,6,770,23
"J","South East","38","Oxfordshire","38UC","Oxford",,,4530,4120,410,310,7,2550,56,1280,28,390,9,2720,60,1810,40,420,340,500,890,2370,2510,55,230,5,200,4,500,11,190,4,900,20
"J","South East","38","Oxfordshire","38UD","South Oxfordshire",,,2300,1940,360,140,6,1120,49,700,30,340,15,1320,57,970,42,180,160,230,420,1290,900,39,210,9,140,6,330,14,140,6,580,25
"J","South East","38","Oxfordshire","38UE","Vale of White Horse",,,2260,1960,300,170,8,1130,50,700,31,260,12,1240,55,1020,45,220,180,210,440,1210,920,41,200,9,130,6,340,15,130,6,540,24
"J","South East","38","Oxfordshire","38UF","West Oxfordshire",,,1850,1610,240,130,7,910,49,570,31,240,13,990,54,850,46,190,140,190,340,980,750,41,190,10,100,5,250,14,130,7,430,23
"J","South East","43","Surrey","43UB","Elmbridge",,,2180,1930,250,130,6,1110,51,670,31,270,12,1220,56,960,44,190,160,220,470,1140,1070,49,170,8,110,5,240,11,120,6,470,22
"J","South East","43","Surrey","43UC","Epsom and Ewell",,,1520,1230,290,80,5,710,47,510,34,230,15,840,55,690,45,130,90,140,260,900,730,48,90,6,80,5,190,13,80,5,350,23
"J","South East","43","Surrey","43UD","Guildford",,,2660,2390,270,200,8,1400,53,790,30,270,10,1490,56,1170,44,270,190,260,540,1400,1300,49,230,9,150,6,340,13,150,6,500,19
"J","South East","43","Surrey","43UE","Mole Valley",,,1610,1310,300,90,6,790,49,490,30,240,15,950,59,660,41,150,100,160,280,930,730,45,160,10,90,6,180,11,80,5,370,23
"J","South East","43","Surrey","43UF","Reigate and Banstead",,,3080,2510,570,230,7,1490,48,910,30,450,15,1730,56,1350,44,270,190,280,590,1750,1490,48,240,8,130,4,390,13,150,5,690,22
"J","South East","43","Surrey","43UG","Runnymede",,,1560,1320,240,90,6,720,46,520,33,230,15,860,55,700,45,140,110,160,290,860,700,45,120,8,80,5,210,13,80,5,360,23
"J","South East","43","Surrey","43UH","Spelthorne",,,2140,1930,210,120,6,1070,50,690,32,260,12,1210,57,920,43,220,170,260,450,1040,920,43,160,7,130,6,320,15,130,6,500,23
"J","South East","43","Surrey","43UJ","Surrey Heath",,,1300,1140,160,120,9,670,52,360,28,150,12,700,54,600,46,110,90,170,290,640,580,45,110,8,80,6,160,12,70,5,300,23
"J","South East","43","Surrey","43UK","Tandridge",,,1810,1410,400,170,9,820,45,520,29,310,17,1020,56,790,44,160,110,150,340,1040,780,43,180,10,90,5,240,13,100,6,420,23
"J","South East","43","Surrey","43UL","Waverley",,,2290,1940,350,150,7,1150,50,710,31,280,12,1240,54,1040,45,190,130,200,480,1290,1040,45,260,11,110,5,280,12,110,5,490,21
"J","South East","43","Surrey","43UM","Woking",,,2070,1800,270,160,8,1080,52,590,29,230,11,1160,56,910,44,200,160,230,440,1040,960,46,160,8,100,5,260,13,130,6,460,22
"J","South East","45","West Sussex","45UB","Adur",,,2090,1920,170,150,7,960,46,690,33,290,14,1160,56,920,44,230,160,200,420,1090,840,40,150,7,130,6,340,16,150,7,480,23
"J","South East","45","West Sussex","45UC","Arun",,,4980,4270,720,310,6,2310,46,1590,32,780,16,2860,57,2120,43,470,310,460,900,2850,2090,42,370,7,300,6,710,14,300,6,1210,24
"J","South East","45","West Sussex","45UD","Chichester",,,2650,2340,310,170,6,1210,46,870,33,400,15,1540,58,1110,42,250,200,230,540,1430,1050,40,230,9,190,7,380,14,170,6,640,24
"J","South East","45","West Sussex","45UE","Crawley",,,3340,2990,350,240,7,1680,50,1130,34,290,9,1760,53,1580,47,340,280,330,700,1690,1340,40,210,6,200,6,520,16,200,6,870,26
"J","South East","45","West Sussex","45UF","Horsham",,,2530,2240,290,200,8,1220,48,790,31,320,13,1390,55,1140,45,260,200,240,500,1330,970,38,270,11,140,6,340,13,170,7,640,25
"J","South East","45","West Sussex","45UG","Mid Sussex",,,2740,2390,350,220,8,1380,50,820,30,320,12,1510,55,1230,45,310,210,250,570,1410,1160,42,230,8,170,6,370,14,180,7,630,23
"J","South East","45","West Sussex","45UH","Worthing",,,3980,3500,480,250,6,2020,51,1210,30,500,13,2290,58,1680,42,330,270,350,720,2310,1850,46,290,7,210,5,520,13,230,6,880,22
"K","South West",,,"00HA","Bath and North East Somerset",,,5300,4820,490,390,7,2800,53,1490,28,630,12,3100,58,2210,42,420,360,480,1190,2850,2560,48,410,8,230,4,640,12,380,7,1090,21
"K","South West",,,"00HB","Bristol, City of",,,21610,19830,1770,1530,7,12070,56,5910,27,2100,10,13070,60,8540,40,1700,1500,2290,4640,11480,10890,50,1150,5,1110,5,2890,13,1310,6,4250,20
"K","South West",,,"00HC","North Somerset",,,8360,7600,770,550,7,4280,51,2440,29,1100,13,4880,58,3490,42,660,590,860,1780,4470,4180,50,610,7,430,5,1290,15,480,6,1380,17
"K","South West",,,"00HD","South Gloucestershire",,,6910,6070,840,490,7,3390,49,2040,30,1000,14,3810,55,3100,45,520,500,700,1450,3730,2610,38,560,8,420,6,1200,17,520,8,1610,23
"K","South West",,,"00HE","Cornwall",,,23400,21140,2260,1500,6,10710,46,7710,33,3480,15,13750,59,9640,41,2020,1380,2230,4740,13020,9140,39,1760,8,1510,6,4290,18,1620,7,5080,22
"K","South West",,,"00HF","Isles of Scilly",,,20,20,0,0,0,10,50,10,50,10,50,10,50,10,50,0,0,10,10,10,10,50,0,0,0,0,0,0,0,0,10,50
"K","South West",,,"00HG","Plymouth",,,13780,12420,1360,970,7,7000,51,4160,30,1650,12,8010,58,5770,42,1090,770,1340,2760,7830,6310,46,720,5,820,6,2430,18,760,6,2740,20
"K","South West",,,"00HH","Torbay",,,7630,6860,770,440,6,3680,48,2410,32,1100,14,4520,59,3110,41,650,430,700,1470,4390,3230,42,460,6,460,6,1250,16,450,6,1790,23
"K","South West",,,"00HN","Bournemouth",,,8430,7620,810,470,6,4680,56,2400,28,880,10,5220,62,3210,38,750,520,820,1690,4650,4560,54,480,6,390,5,1050,12,500,6,1460,17
"K","South West",,,"00HP","Poole",,,4650,4130,520,290,6,2300,49,1410,30,650,14,2600,56,2050,44,410,280,430,900,2630,1940,42,320,7,310,7,800,17,280,6,990,21
"K","South West",,,"00HX","Swindon",,,6630,5950,680,420,6,3420,52,2070,31,720,11,3570,54,3060,46,670,470,680,1430,3370,2800,42,510,8,400,6,960,14,370,6,1600,24
"K","South West",,,"00HY","Wiltshire",,,11810,10300,1510,850,7,5910,50,3670,31,1390,12,6410,54,5400,46,1210,790,1110,2420,6280,4850,41,970,8,620,5,1830,15,710,6,2830,24
"K","South West","18","Devon","18UB","East Devon",,,3780,3270,510,210,6,1670,44,1300,34,590,16,2110,56,1670,44,320,250,350,680,2180,1430,38,310,8,230,6,640,17,220,6,950,25
"K","South West","18","Devon","18UC","Exeter",,,4660,4080,570,370,8,2430,52,1340,29,510,11,2730,59,1930,41,370,270,430,870,2720,2190,47,350,8,230,5,560,12,250,5,1090,23
"K","South West","18","Devon","18UD","Mid Devon",,,2420,2060,360,180,7,1110,46,770,32,350,14,1400,58,1020,42,220,130,240,460,1370,960,40,190,8,150,6,360,15,150,6,610,25
"K","South West","18","Devon","18UE","North Devon",,,3600,3190,410,240,7,1640,46,1170,33,540,15,2130,59,1460,41,300,210,380,660,2050,1660,46,270,8,240,7,510,14,190,5,740,21
"K","South West","18","Devon","18UG","South Hams",,,2650,2320,330,180,7,1180,45,900,34,400,15,1550,58,1110,42,220,180,240,530,1490,1070,40,220,8,150,6,450,17,170,6,590,22
"K","South West","18","Devon","18UH","Teignbridge",,,4490,3840,650,320,7,1960,44,1450,32,750,17,2570,57,1920,43,380,280,430,830,2570,1770,39,370,8,280,6,700,16,260,6,1100,24
"K","South West","18","Devon","18UK","Torridge",,,2520,2190,340,160,6,1110,44,860,34,400,16,1470,58,1050,42,210,140,240,450,1480,1060,42,200,8,150,6,430,17,160,6,530,21
"K","South West","18","Devon","18UL","West Devon",,,1780,1520,260,120,7,820,46,560,31,290,16,1010,57,770,43,140,110,180,330,1020,690,39,160,9,100,6,280,16,100,6,460,26
"K","South West","19","Dorset","19UC","Christchurch",,,1400,1260,140,80,6,650,46,450,32,220,16,780,56,620,44,100,90,120,320,780,540,39,100,7,80,6,260,19,110,8,310,22
"K","South West","19","Dorset","19UD","East Dorset",,,1870,1620,260,140,7,840,45,600,32,290,16,1020,55,850,45,180,110,180,380,1020,640,34,210,11,110,6,350,19,150,8,420,22
"K","South West","19","Dorset","19UE","North Dorset",,,1730,1520,210,110,6,750,43,590,34,270,16,950,55,770,45,150,100,180,350,940,610,35,170,10,110,6,320,18,130,8,390,23
"K","South West","19","Dorset","19UG","Purbeck",,,1200,1080,120,70,6,510,43,430,36,200,17,670,56,530,44,110,70,110,260,650,430,36,120,10,80,7,220,18,80,7,270,23
"K","South West","19","Dorset","19UH","West Dorset",,,3010,2640,370,180,6,1370,46,1030,34,430,14,1710,57,1300,43,230,170,280,590,1740,1230,41,230,8,170,6,580,19,220,7,580,19
"K","South West","19","Dorset","19UJ","Weymouth and Portland",,,3320,2960,360,240,7,1640,49,1010,30,440,13,1990,60,1330,40,250,230,340,680,1820,1530,46,170,5,180,5,590,18,190,6,660,20
"K","South West","23","Gloucestershire","23UB","Cheltenham",,,3510,3130,380,300,9,1790,51,1060,30,360,10,2020,58,1490,42,330,220,330,700,1930,1700,48,310,9,170,5,450,13,190,5,680,19
"K","South West","23","Gloucestershire","23UC","Cotswold",,,1650,1400,250,100,6,750,45,560,34,250,15,900,55,760,46,160,90,160,350,890,690,42,150,9,110,7,240,15,110,7,360,22
"K","South West","23","Gloucestershire","23UD","Forest of Dean",,,2880,2440,440,180,6,1330,46,940,33,440,15,1630,57,1250,43,230,190,250,590,1620,1140,40,200,7,190,7,530,18,200,7,610,21
"K","South West","23","Gloucestershire","23UE","Gloucester",,,4650,4090,560,350,8,2310,50,1400,30,580,12,2790,60,1860,40,390,300,440,930,2590,2120,46,300,6,280,6,680,15,280,6,990,21
"K","South West","23","Gloucestershire","23UF","Stroud",,,3150,2680,470,230,7,1590,50,940,30,390,12,1740,55,1410,45,290,220,290,660,1680,1370,43,240,8,150,5,450,14,200,6,750,24
"K","South West","23","Gloucestershire","23UG","Tewkesbury",,,1890,1630,260,100,5,920,49,580,31,280,15,1060,56,830,44,170,140,200,370,1020,690,37,180,10,150,8,310,16,140,7,430,23
"K","South West","40","Somerset","40UB","Mendip",,,3570,3150,410,270,8,1770,50,1120,31,410,11,2010,56,1560,44,290,250,350,710,1970,1580,44,290,8,180,5,550,15,210,6,760,21
"K","South West","40","Somerset","40UC","Sedgemoor",,,4480,3910,570,310,7,2080,46,1450,32,640,14,2610,58,1870,42,400,310,420,870,2490,1660,37,300,7,270,6,920,21,310,7,1020,23
"K","South West","40","Somerset","40UD","South Somerset",,,4950,4370,580,450,9,2310,47,1500,30,690,14,2830,57,2120,43,440,350,560,1000,2600,2020,41,380,8,270,5,840,17,340,7,1100,22
"K","South West","40","Somerset","40UE","Taunton Deane",,,4000,3450,550,310,8,1950,49,1220,31,510,13,2340,59,1660,42,340,250,350,770,2300,1750,44,300,8,210,5,610,15,230,6,900,23
"K","South West","40","Somerset","40UF","West Somerset",,,1440,1260,180,100,7,620,43,500,35,210,15,840,58,600,42,110,80,150,280,820,510,35,120,8,90,6,270,19,80,6,360,25
,,,,"00NA","Isle of Anglesey",,,3600,3260,340,180,5,1380,38,1340,37,690,19,2180,61,1420,39,250,180,300,610,2250,1110,31,250,7,310,9,830,23,250,7,850,24
,,,,"00NC","Gwynedd",,,5480,4870,620,300,5,2180,40,1950,36,1050,19,3330,61,2160,39,400,260,470,1000,3360,1840,34,360,7,430,8,1120,20,420,8,1320,24
,,,,"00NE","Conwy",,,5880,5190,700,330,6,2480,42,2100,36,990,17,3430,58,2450,42,440,320,450,1050,3620,2360,40,400,7,410,7,1100,19,330,6,1280,22
,,,,"00NG","Denbighshire",,,5650,4920,730,320,6,2390,42,1990,35,950,17,3270,58,2380,42,410,280,430,1040,3490,2210,39,310,5,470,8,1130,20,320,6,1220,22
,,,,"00NJ","Flintshire",,,6610,5910,690,340,5,2860,43,2280,34,1130,17,3610,55,2990,45,510,370,550,1150,4030,2450,37,370,6,520,8,1200,18,370,6,1690,26
,,,,"00NL","Wrexham",,,7090,6360,730,460,6,3110,44,2410,34,1110,16,4000,56,3080,43,560,360,540,1240,4380,2690,38,470,7,630,9,1390,20,400,6,1510,21
,,,,"00NN","Powys",,,5510,4890,630,280,5,2190,40,2060,37,980,18,3110,56,2400,44,460,350,520,930,3260,1970,36,380,7,360,7,1130,21,390,7,1290,23
,,,,"00NQ","Ceredigion",,,3570,3230,340,180,5,1520,43,1260,35,610,17,2120,59,1460,41,250,190,260,610,2260,1310,37,270,8,290,8,740,21,180,5,770,22
,,,,"00NS","Pembrokeshire",,,6260,5600,660,370,6,2730,44,2130,34,1030,16,3570,57,2690,43,490,340,470,1060,3900,2190,35,390,6,460,7,1340,21,390,6,1480,24
,,,,"00NU","Carmarthenshire",,,12450,11380,1070,600,5,5260,42,4520,36,2070,17,6880,55,5560,45,870,670,960,2040,7910,4370,35,610,5,950,8,2750,22,880,7,2880,23
,,,,"00NX","Swansea",,,15690,14400,1290,960,6,7330,47,5220,33,2180,14,8790,56,6910,44,1300,900,1440,2680,9370,6170,39,700,4,1030,7,2960,19,980,6,3860,25
,,,,"00NZ","Neath Port Talbot",,,12440,11360,1080,710,6,5570,45,4220,34,1940,16,6730,54,5710,46,930,630,1010,2070,7790,4920,40,590,5,890,7,2550,20,750,6,2750,22
,,,,"00PB","Bridgend",,,10110,9230,880,580,6,4500,45,3440,34,1600,16,5540,55,4580,45,770,590,880,1860,6010,3970,39,540,5,930,9,2030,20,640,6,2010,20
,,,,"00PD","The Vale of Glamorgan",,,5730,5210,510,380,7,2580,45,1980,35,800,14,3230,56,2500,44,480,360,540,1100,3240,2400,42,350,6,410,7,1070,19,360,6,1140,20
,,,,"00PF","Rhondda, Cynon, Taff",,,20680,19380,1300,1220,6,9180,44,6930,34,3360,16,11670,56,9010,44,1560,1060,1800,3370,12890,8530,41,910,4,1780,9,3780,18,1380,7,4310,21
,,,,"00PH","Merthyr Tydfil",,,5550,5210,340,240,4,2370,43,2050,37,890,16,3120,56,2430,44,320,230,380,810,3810,2190,39,260,5,560,10,1200,22,350,6,1000,18
,,,,"00PK","Caerphilly",,,14390,13200,1190,730,5,6160,43,5060,35,2430,17,8070,56,6320,44,930,660,1040,2450,9310,5460,38,680,5,1260,9,2970,21,950,7,3060,21
,,,,"00PL","Blaenau Gwent",,,6470,6010,460,340,5,2810,43,2240,35,1080,17,3700,57,2770,43,470,310,460,1110,4120,2380,37,320,5,570,9,1340,21,400,6,1470,23
,,,,"00PM","Torfaen",,,6280,5740,550,430,7,2720,43,2140,34,980,16,3600,57,2680,43,490,360,600,1110,3710,2430,39,360,6,560,9,1280,20,320,5,1330,21
,,,,"00PP","Monmouthshire",,,3480,3140,340,240,7,1540,44,1180,34,530,15,1970,57,1520,44,280,240,320,660,1980,1390,40,220,6,270,8,650,19,190,5,770,22
,,,,"00PR","Newport",,,8190,7610,580,560,7,3950,48,2630,32,1040,13,4720,58,3470,42,710,500,790,1560,4630,3600,44,390,5,650,8,1530,19,420,5,1590,19
,,,,"00PT","Cardiff",,,17580,16160,1430,1200,7,8670,49,5680,32,2030,12,10260,58,7320,42,1510,1160,1580,3290,10050,8250,47,860,5,1130,6,2910,17,1030,6,3410,19
,,,,"100","Aberdeen City",,,10010,8960,1050,610,6,5190,52,3130,31,1080,11,5720,57,4290,43,750,570,830,1930,5920,5380,54,600,6,550,5,1380,14,370,4,1730,17
,,,,"110","Aberdeenshire",,,7890,6850,1040,520,7,3510,44,2660,34,1200,15,4190,53,3700,47,620,460,680,1480,4660,3090,39,630,8,530,7,1490,19,470,6,1690,21
,,,,"120","Angus",,,4660,4050,600,320,7,2130,46,1550,33,660,14,2510,54,2150,46,370,270,430,890,2690,1940,42,350,8,400,9,740,16,250,5,980,21
,,,,"130","Argyll & Bute",,,3810,3440,370,190,5,1620,43,1420,37,580,15,2110,55,1700,45,310,200,380,680,2230,1560,41,340,9,310,8,530,14,230,6,840,22
,,,,"150","Clackmannanshire",,,3310,3030,270,210,6,1580,48,1100,33,420,13,1710,52,1590,48,240,170,260,640,2000,1480,45,170,5,220,7,630,19,160,5,650,20
,,,,"170","Dumfries & Galloway",,,6990,6170,820,350,5,2970,42,2510,36,1160,17,4000,57,2990,43,490,370,590,1290,4250,2550,36,590,8,540,8,1400,20,430,6,1470,21
,,,,"180","Dundee City",,,10120,8920,1200,630,6,5050,50,3310,33,1130,11,5580,55,4540,45,830,530,850,1840,6070,4980,49,590,6,740,7,1250,12,410,4,2150,21
,,,,"190","East Ayrshire",,,7470,6730,750,410,5,3420,46,2620,35,1010,14,4260,57,3210,43,620,470,670,1400,4310,3110,42,480,6,620,8,1190,16,360,5,1710,23
,,,,"200","East Dunbartonshire",,,3690,3310,380,190,5,1680,46,1320,36,510,14,1910,52,1790,49,350,190,300,630,2220,1450,39,300,8,250,7,510,14,170,5,1020,28
,,,,"210","East Lothian",,,4260,3830,430,310,7,1940,46,1430,34,580,14,2370,56,1900,45,370,260,360,810,2460,1830,43,280,7,290,7,710,17,220,5,940,22
,,,,"220","East Renfrewshire",,,3060,2720,340,170,6,1400,46,1020,33,470,15,1600,52,1460,48,240,190,220,560,1850,1330,43,230,8,190,6,450,15,140,5,720,24
,,,,"230","Edinburgh, City of",,,21970,19570,2400,1500,7,11890,54,6360,29,2230,10,12900,59,9080,41,1730,1210,1940,4280,12810,11200,51,1330,6,1130,5,2540,12,860,4,4920,22
,,,,"235","Eilean Siar",,,1230,1090,140,50,4,490,40,440,36,250,20,770,63,460,37,90,60,100,270,710,370,30,100,8,120,10,200,16,80,7,350,28
,,,,"240","Falkirk",,,8420,7600,830,420,5,3830,45,3040,36,1130,13,4450,53,3970,47,660,460,680,1520,5100,3090,37,440,5,670,8,1440,17,440,5,2340,28
,,,,"250","Fife",,,18720,16900,1820,1060,6,8680,46,6480,35,2490,13,10190,54,8530,46,1510,990,1480,3460,11280,7760,41,1250,7,1350,7,3280,18,880,5,4210,22
,,,,"260","Glasgow City",,,52490,48750,3740,2450,5,27100,52,17470,33,5460,10,30370,58,22120,42,4180,2860,4070,8970,32410,27350,52,2300,4,3660,7,6210,12,1920,4,11060,21
,,,,"270","Highland",,,9760,8670,1090,600,6,4400,45,3410,35,1350,14,5470,56,4290,44,800,510,820,1830,5800,3800,39,760,8,640,7,1520,16,500,5,2530,26
,,,,"280","Inverclyde",,,6440,5930,500,340,5,3060,48,2220,34,820,13,3850,60,2590,40,460,330,550,1280,3820,2890,45,390,6,480,7,840,13,280,4,1560,24
,,,,"290","Midlothian",,,4050,3570,490,290,7,1810,45,1370,34,590,15,2230,55,1830,45,340,210,330,760,2420,1640,40,250,6,240,6,610,15,210,5,1090,27
,,,,"300","Moray",,,3380,2930,450,230,7,1480,44,1150,34,510,15,1800,53,1570,46,280,200,320,640,1920,1330,39,280,8,220,7,580,17,160,5,800,24
,,,,"310","North Ayrshire",,,8500,7760,750,510,6,3980,47,2930,34,1090,13,4740,56,3760,44,750,440,740,1600,4980,3670,43,560,7,690,8,1280,15,370,4,1940,23
,,,,"320","North Lanarkshire",,,23160,21330,1820,1180,5,10610,46,8400,36,2970,13,12240,53,10920,47,2030,1260,1870,4070,13930,9950,43,1220,5,1850,8,3840,17,1270,5,5030,22
,,,,"330","Orkney Islands",,,700,600,90,40,6,270,39,270,39,120,17,400,57,290,41,70,30,60,130,410,220,31,70,10,50,7,160,23,50,7,160,23
,,,,"340","Perth & Kinross",,,5320,4590,730,320,6,2410,45,1830,34,770,14,2930,55,2390,45,460,300,470,990,3100,2150,40,500,9,410,8,740,14,220,4,1290,24
,,,,"350","Renfrewshire",,,10440,9550,890,630,6,5030,48,3520,34,1260,12,5820,56,4620,44,910,620,900,1940,6070,4790,46,630,6,690,7,1340,13,510,5,2480,24
,,,,"355","Scottish Borders",,,4450,3930,520,300,7,2050,46,1490,33,600,13,2520,57,1920,43,370,260,410,890,2520,1860,42,320,7,310,7,680,15,230,5,1050,24
,,,,"360","Shetland Islands",,,730,650,80,50,7,310,42,250,34,120,16,420,58,320,44,80,40,60,150,410,260,36,70,10,40,5,120,16,60,8,180,25
,,,,"370","South Ayrshire",,,6040,5320,720,340,6,2750,46,2100,35,860,14,3350,55,2690,45,540,340,500,1090,3580,2690,45,390,6,470,8,870,14,280,5,1340,22
,,,,"380","South Lanarkshire",,,18630,17100,1530,970,5,8540,46,6710,36,2410,13,10060,54,8570,46,1590,1010,1550,3230,11250,8450,45,1090,6,1500,8,3070,16,820,4,3710,20
,,,,"390","Stirling",,,3850,3450,400,220,6,1860,48,1300,34,470,12,2090,54,1760,46,310,210,300,680,2350,1630,42,300,8,240,6,610,16,230,6,850,22
,,,,"395","West Dunbartonshire",,,6580,6110,470,360,5,3160,48,2250,34,800,12,3730,57,2850,43,520,400,540,1250,3870,3230,49,390,6,520,8,840,13,360,5,1240,19
,,,,"400","West Lothian",,,9360,8500,860,680,7,4490,48,3010,32,1180,13,4920,53,4430,47,840,540,800,1840,5340,4060,43,560,6,620,7,1570,17,470,5,2070,22