DATASET_TITLE,Amenities (UV60),,,,FROM,Apr-2001,Apr-2001,Apr-2001,Apr-2001,Apr-2001,Apr-2001,Apr-2001
AREA_TYPE,County,,,,TO,Apr-2001,Apr-2001,Apr-2001,Apr-2001,Apr-2001,Apr-2001,Apr-2001
GEO_HIERARCHY,NeSS Geography Hierarchy,,,,HEADING,All Occupied Household Spaces,With central heating,With central heating: With sole use of bath / shower and toilet,With central heating: Without sole use of bath / shower and toilet,Without central heating,Without central heating: With sole use of bath / shower and toilet,Without central heating: Without sole use of bath / shower and toilet
,,,,,MEASUREMENT_UNIT,Count,Count,Count,Count,Count,Count,Count
,,,,,STATISTICAL_UNIT,Households,Households,Households,Households,Households,Households,Households
GOR_CODE,GOR_NAME,CTY_CODE,CTY_NAME,AREA_METADATA,,DATA_VALUE,DATA_VALUE,DATA_VALUE,DATA_VALUE,DATA_VALUE,DATA_VALUE,DATA_VALUE
"B","North West","13","Cheshire",,,280031,257756,257147,609,22275,22056,219
"B","North West","16","Cumbria",,,209027,183087,182562,525,25940,25766,174
"B","North West","30","Lancashire",,,468868,412641,411796,845,56227,55580,647