,,,,,,,,,,Lived at the same address,No usual address one year ago,Lived elsewhere one year ago within same area,Lived elsewhere outside the area but within the 'associated area',Lived elsewhere outside the 'associated area' but within the UK,Lived elsewhere outside the UK,Moved out of area but within the 'associated area',Moved outside the 'associated area' but within UK
78,United Kingdom,213,Great Britain,727,England & Wales,64,England,A,North East,2230952,17306,222304,30977,4135,9768,33105,4087
78,United Kingdom,213,Great Britain,727,England & Wales,64,England,B,North West,5976989,50452,586083,81891,8068,26281,89253,7258
78,United Kingdom,213,Great Britain,727,England & Wales,64,England,D,Yorkshire and The Humber,4352801,36900,460527,84728,5280,24597,78351,5990
78,United Kingdom,213,Great Britain,727,England & Wales,64,England,E,East Midlands,3669592,28844,352959,98522,3587,18670,82643,3408
78,United Kingdom,213,Great Britain,727,England & Wales,64,England,F,West Midlands,4700800,37262,421603,80384,3753,23506,86893,3905
78,United Kingdom,213,Great Britain,727,England & Wales,64,England,G,East of England,4764140,35641,423069,123579,5134,36577,112291,5507
78,United Kingdom,213,Great Britain,727,England & Wales,64,England,H,London,6153759,99685,641804,147093,8757,120993,200457,8115
78,United Kingdom,213,Great Britain,727,England & Wales,64,England,J,South East,6984762,57953,682949,194339,9357,71285,188143,9127
78,United Kingdom,213,Great Britain,727,England & Wales,64,England,K,South West,4291128,36331,446562,120530,5049,28834,96196,4826
