DATASET_TITLE,Hours Worked (UV41),,,,FROM,Apr-2001,Apr-2001,Apr-2001,Apr-2001,Apr-2001,Apr-2001,Apr-2001,Apr-2001,Apr-2001,Apr-2001,Apr-2001
AREA_TYPE,County,,,,TO,Apr-2001,Apr-2001,Apr-2001,Apr-2001,Apr-2001,Apr-2001,Apr-2001,Apr-2001,Apr-2001,Apr-2001,Apr-2001
GEO_HIERARCHY,NeSS Geography Hierarchy,,,,HEADING,All People,Part-time,Part-time: 1 to 2 hours,Part-time: 3 to 5 hours,Part-time: 6 to 15 hours,Part-time: 16 to 30 hours,Full-time,Full-time: 31 to 37 hours,Full-time: 38 to 48 hours,Full-time: 49 to 59 hours,Full-time: 60 hours and over
,,,,,MEASUREMENT_UNIT,Count,Count,Count,Count,Count,Count,Count,Count,Count,Count,Count
,,,,,STATISTICAL_UNIT,Persons,Persons,Persons,Persons,Persons,Persons,Persons,Persons,Persons,Persons,Persons
GOR_CODE,GOR_NAME,CTY_CODE,CTY_NAME,AREA_METADATA,,DATA_VALUE,DATA_VALUE,DATA_VALUE,DATA_VALUE,DATA_VALUE,DATA_VALUE,DATA_VALUE,DATA_VALUE,DATA_VALUE,DATA_VALUE,DATA_VALUE
"G","East of England","09","Bedfordshire",,,191545,43560,382,1851,13505,27822,147985,32113,81387,22189,12296
"G","East of England","12","Cambridgeshire",,,275685,65238,606,3068,19883,41681,210447,43629,116858,31338,18622
"G","East of England","22","Essex",,,625189,153359,1216,6575,49556,96012,471830,104528,253890,72840,40572
"G","East of England","26","Hertfordshire",,,518768,122208,1071,4925,38197,78015,396560,85190,218648,61515,31207
"G","East of England","33","Norfolk",,,359000,97638,791,4161,29522,63164,261362,50620,145598,39148,25996
"G","East of England","42","Suffolk",,,313823,84116,720,3983,27108,52305,229707,43884,129174,35147,21502