DATASET_TITLE,"GCSE and Equivalent Results for Young People by Free School Meal Eligibility in England (Referenced by Location of Pupil Residence), 2007/2008",,,,,,FROM,Sep-2007,Sep-2007,Sep-2007,Sep-2007,Sep-2007,Sep-2007,Sep-2007,Sep-2007,Sep-2007,Sep-2007,Sep-2007,Sep-2007,Sep-2007,Sep-2007,Sep-2007,Sep-2007,Sep-2007,Sep-2007,Sep-2007,Sep-2007,Sep-2007,Sep-2007,Sep-2007,Sep-2007,Sep-2007,Sep-2007,Sep-2007
AREA_TYPE,Local Authority,,,,,,TO,Aug-2008,Aug-2008,Aug-2008,Aug-2008,Aug-2008,Aug-2008,Aug-2008,Aug-2008,Aug-2008,Aug-2008,Aug-2008,Aug-2008,Aug-2008,Aug-2008,Aug-2008,Aug-2008,Aug-2008,Aug-2008,Aug-2008,Aug-2008,Aug-2008,Aug-2008,Aug-2008,Aug-2008,Aug-2008,Aug-2008,Aug-2008
GEO_HIERARCHY,NeSS Geography Hierarchy,,,,,,HEADING,All Pupils at the End of KS4,All Pupils at the End of KS4 Achieving 5+ A* - C,All Pupils at the End of KS4 Achieving 5+ A* - G,All Pupils at the End of KS4 Achieving 5+ A* - C Including English and Mathematics,All Pupils at the End of KS4 Achieving 5+ A* - G Including English and Mathematics,All Pupils at the End of KS4 With Any Passes,All Pupils at the End of KS4 With No Passes,Average GCSE and Equivalent Point Score Per Pupil at the End of KS4,Average Capped GCSE and Equivalent Point Score Per Pupil at the End of KS4,All Free School Meals Pupils at the End of KS4,Free School Meals Pupils at the End of KS4 Achieving 5+ A* - C,Free School Meals Pupils at the End of KS4 Achieving 5+ A* - G,Free School Meals Pupils at the End of KS4 Achieving 5+ A*-C Including English and Mathematics,Free School Meals Pupils at the End of KS4 Achieving 5+ A* - G Including English and Mathematics,Free School Meals Pupils at the End of KS4 With Any Passes,Free School Meals Pupils at the End of KS4 With No Passes,Average GCSE and Equivalent Point Score Per Free School Meals Pupil at the End of KS4,Average Capped GCSE and Equivalent Point Score Per Free School Meals Pupil at the End of KS4,All Non-Free School Meals Pupils at the End of KS4,Non-Free School Meals Pupils at the End of KS4 Achieving 5+ A* - C,Non-Free School Meals Pupils at the End of KS4 Achieving 5+ A* - G,Non-Free School Meals Pupils at the End of KS4 Achieving 5+ A*-C Including English and Mathematics,Non-Free School Meals Pupils at the End of KS4 Achieving 5+ A* - G Including English and Mathematics,Non-Free School Meals Pupils at the End of KS4 With Any Passes,Non-Free School Meals Pupils at the End of KS4 With No Passes,Average GCSE and Equivalent Point Score Per Non-Free School Meals Pupil at the End of KS4,Average Capped GCSE and Equivalent Point Score Per Non-Free School Meals Pupil at the End of KS4
,,,,,,,MEASUREMENT_UNIT,Count,Percentage,Percentage,Percentage,Percentage,Percentage,Percentage,Score,Score,Count,Percentage,Percentage,Percentage,Percentage,Percentage,Percentage,Score,Score,Count,Percentage,Percentage,Percentage,Percentage,Percentage,Percentage,Score,Score
,,,,,,,STATISTICAL_UNIT,Persons,Persons,Persons,Persons,Persons,Persons,Persons,Persons,Persons,Persons,Persons,Persons,Persons,Persons,Persons,Persons,Persons,Persons,Persons,Persons,Persons,Persons,Persons,Persons,Persons,Persons,Persons
GOR_CODE,GOR_NAME,CTY_CODE,CTY_NAME,LA_CODE,LA_NAME,AREA_METADATA,,DATA_VALUE,DATA_VALUE,DATA_VALUE,DATA_VALUE,DATA_VALUE,DATA_VALUE,DATA_VALUE,DATA_VALUE,DATA_VALUE,DATA_VALUE,DATA_VALUE,DATA_VALUE,DATA_VALUE,DATA_VALUE,DATA_VALUE,DATA_VALUE,DATA_VALUE,DATA_VALUE,DATA_VALUE,DATA_VALUE,DATA_VALUE,DATA_VALUE,DATA_VALUE,DATA_VALUE,DATA_VALUE,DATA_VALUE,DATA_VALUE
"A","North East",,,"00CH","Gateshead",,,2246,74.2,91.4,46.3,89.5,97.1,2.9,418.1,310.4,350,48.3,78.3,20.9,75.1,92.6,7.4,305.4,241.5,1896,79,93.8,51.1,92.2,97.9,2.1,438.9,323.2
"A","North East",,,"00CJ","Newcastle upon Tyne",,,2738,67.2,87.1,39.9,84.1,95.9,4.1,402.8,294,475,45.9,77.5,19.6,71.8,94.1,5.9,311,239.6,2263,71.7,89.2,44.2,86.7,96.3,3.7,422.1,305.4
"A","North East",,,"00CK","North Tyneside",,,2424,68.3,93.4,50.5,91.4,98.9,1.1,403,313.2,205,41,87.8,27.3,84.4,98.5,1.5,323.2,258.2,2219,70.8,93.9,52.6,92.1,99,1,410.4,318.3
"A","North East",,,"00CL","South Tyneside",,,1877,64.9,90.8,42.5,89.7,97.6,2.4,401.8,299.8,261,36.8,79.3,15.3,77.4,95.8,4.2,301.9,236.5,1616,69.4,92.6,46.9,91.7,97.9,2.1,418,310
"A","North East",,,"00CM","Sunderland",,,3708,63.7,91.9,42.3,89.1,98.5,1.5,396.1,301.1,512,39.1,84,18.4,76.2,97.1,2.9,308.5,246.6,3196,67.6,93.1,46.2,91.1,98.7,1.3,410.2,309.8
"A","North East",,,"00EB","Hartlepool",,,1282,66.7,91.6,39.2,89.9,98.2,1.8,395.3,303,245,49,78.4,22.9,75.5,95.1,4.9,317.4,249.6,1037,70.9,94.7,43,93.3,98.9,1.1,413.7,315.6
"A","North East",,,"00EC","Middlesbrough",,,1903,62.2,88.8,38.3,85,97.5,2.5,383.7,292.5,448,43.3,77.7,20.3,71,96.2,3.8,311,243.7,1455,68,92.2,43.8,89.3,97.9,2.1,406.1,307.6
"A","North East",,,"00EE","Redcar and Cleveland",,,1898,58.7,90.6,42.6,89.1,97,3,391.3,293.6,321,28,75.1,16.2,73.2,93.8,6.2,275.1,219,1577,65,93.7,48,92.3,97.7,2.3,415,308.8
"A","North East",,,"00EF","Stockton-on-Tees",,,2534,65,92.7,48.7,91.2,98.2,1.8,399.1,306,406,33.5,78.8,19.2,75.9,94.8,5.2,275.2,224.5,2128,71,95.3,54.3,94.1,98.8,1.2,422.8,321.5
"A","North East",,,"00EH","Darlington",,,1257,69.1,92,47.7,88.1,98.2,1.8,391.6,312.2,165,40,80.6,12.1,70.3,95.2,4.8,277,235,1092,73.4,93.7,53.1,90.8,98.6,1.4,408.9,323.9
"A","North East",,,"00EJ","Durham",,,.,.,.,.,.,.,.,.,.,.,.,.,.,.,.,.,.,.,.,.,.,.,.,.,.,.,.
"A","North East",,,"00EM","Northumberland",,,.,.,.,.,.,.,.,.,.,.,.,.,.,.,.,.,.,.,.,.,.,.,.,.,.,.,.
"B","North West",,,"00BL","Bolton",,,3489,66.2,92.2,43.1,90.3,98.6,1.4,394.6,306.3,571,43.3,80.2,22.2,77.4,95.3,4.7,304.8,247.1,2918,70.6,94.6,47.2,92.8,99.2,.8,412.2,317.8
"B","North West",,,"00BM","Bury",,,2342,69.5,96.7,57.4,95.9,99.4,.6,395.8,323.2,236,39,92.4,24.6,90.7,98.3,1.7,312.6,261.1,2106,72.9,97.2,61.1,96.5,99.5,.5,405.1,330.1
"B","North West",,,"00BN","Manchester",,,5155,56.8,85.9,36.5,83.7,95.8,4.2,359.3,276.8,1902,43.7,78.9,25.2,76,93.8,6.2,306.6,241.8,3253,64.5,90,43,88.3,96.9,3.1,390.1,297.3
"B","North West",,,"00BP","Oldham",,,3032,63.3,91.7,41.4,90,98,2,391.3,299.7,615,50.1,84.6,25.7,82,96.6,3.4,337.8,261.2,2417,66.6,93.5,45.3,92,98.3,1.7,405,309.5
"B","North West",,,"00BQ","Rochdale",,,2871,60.7,91.4,45.6,89.9,97.7,2.3,375.6,296.2,649,38.2,81.8,22.8,79.4,94.6,5.4,292.9,239.9,2222,67.3,94.2,52.2,93,98.6,1.4,399.7,312.6
"B","North West",,,"00BR","Salford",,,2614,67.2,92.8,41.7,91.2,98.4,1.6,407.4,305.6,525,43.4,84,17.9,80,96.2,3.8,318.4,247,2089,73.1,95,47.7,94,99,1,429.8,320.4
"B","North West",,,"00BS","Stockport",,,3458,66.8,92.8,53.7,91.9,98,2,381.8,311.6,382,34.8,77.5,24.6,74.9,93.5,6.5,263.3,226.1,3076,70.7,94.7,57.3,94,98.5,1.5,396.5,322.2
"B","North West",,,"00BT","Tameside",,,3014,60.8,91.5,42.7,90.5,97.7,2.3,385.5,297.9,404,37.6,80.4,23.3,79.2,95.5,4.5,294.3,240,2610,64.4,93.2,45.7,92.3,98.1,1.9,399.6,306.9
"B","North West",,,"00BU","Trafford",,,2756,77.7,96.1,62.3,95.5,99.2,.8,438.2,339.5,245,50.6,84.9,27.8,83.3,98.4,1.6,335.3,264.3,2511,80.3,97.2,65.7,96.7,99.3,.7,448.2,346.8
"B","North West",,,"00BW","Wigan",,,4174,66,93.4,45.6,91.9,98.6,1.4,406.1,311.3,528,33.9,78,16.9,75.4,95.1,4.9,281.7,228.5,3646,70.7,95.6,49.8,94.3,99.1,.9,424.1,323.3
"B","North West",,,"00BX","Knowsley",,,2285,61.7,86,35.4,84,96.1,3.9,367.8,281,588,39.3,70.9,14.8,68.9,91,9,274.5,218,1697,69.5,91.2,42.6,89.3,97.8,2.2,400.1,302.9
"B","North West",,,"00BY","Liverpool",,,5417,65.2,88.3,40.1,86.1,95.6,4.4,385.9,293.8,1659,46.8,78.4,20.6,74.7,91.2,8.8,307.1,240.2,3758,73.3,92.6,48.7,91.1,97.5,2.5,420.6,317.5
"B","North West",,,"00BZ","St. Helens",,,2341,68,91.9,44.6,89.1,98.1,1.9,405.2,308.1,354,47.7,77.4,17.8,72.6,94.4,5.6,305.6,237.5,1987,71.7,94.5,49.3,92,98.7,1.3,423,320.6
"B","North West",,,"00CA","Sefton",,,3391,71.5,93,51.7,92.1,98.1,1.9,392.2,315,498,47.2,82.9,22.3,80.7,94.8,5.2,309.4,254.2,2893,75.7,94.8,56.8,94.1,98.7,1.3,406.4,325.5
"B","North West",,,"00CB","Wirral",,,4141,65.5,93.8,49.7,92.9,98.6,1.4,387,314,1029,40.5,85.6,21.9,83.1,96.5,3.5,303.2,254.5,3112,73.8,96.6,58.9,96.1,99.4,.6,414.7,333.7
"B","North West",,,"00EQ","Cheshire East",,,.,.,.,.,.,.,.,.,.,.,.,.,.,.,.,.,.,.,.,.,.,.,.,.,.,.,.
"B","North West",,,"00ET","Halton",,,1748,71.7,94.2,50.9,92.7,98.5,1.5,437.4,315.3,292,46.6,87,25.3,83.2,95.5,4.5,338.1,258.4,1456,76.8,95.6,56,94.6,99,1,457.2,326.7
"B","North West",,,"00EU","Warrington",,,2522,71.4,93.1,53.3,92.3,99,1,404.4,318.6,177,37.9,79.7,22,78.5,96.6,3.4,289.9,239.7,2345,73.9,94.2,55.7,93.3,99.2,.8,413,324.5
"B","North West",,,"00EW","Cheshire West and Chester",,,.,.,.,.,.,.,.,.,.,.,.,.,.,.,.,.,.,.,.,.,.,.,.,.,.,.,.
"B","North West",,,"00EX","Blackburn with Darwen",,,1938,66.9,92.6,46.5,91.1,98.3,1.7,384,306.7,429,50.6,87.2,27.7,83.7,97,3,326.6,266.6,1509,71.5,94.2,51.8,93.2,98.7,1.3,400.3,318.1
"B","North West",,,"00EY","Blackpool",,,1690,55.2,91.7,36.8,89.8,99,1,361.8,287.6,336,28.9,83.6,16.1,80.7,x,x,267.2,225.8,1354,61.7,93.6,41.9,92.1,x,x,385.2,302.9
"B","North West","16","Cumbria","16UB","Allerdale",,,1307,65,92.4,49,90.9,97.9,2.1,381.4,305.2,130,34.6,79.2,25.4,75.4,94.6,5.4,269.7,225.5,1177,68.4,93.9,51.6,92.6,98.2,1.8,393.8,314
"B","North West","16","Cumbria","16UC","Barrow-in-Furness",,,969,62.4,93.3,45.3,91.8,98.1,1.9,404.3,309.3,120,34.2,85,15,79.2,96.7,3.3,298.3,244.3,849,66.4,94.5,49.6,93.6,98.4,1.6,419.3,318.5
"B","North West","16","Cumbria","16UD","Carlisle",,,1262,55.8,89.4,41.4,87.9,97.7,2.3,360.9,287.9,104,30.8,68.3,19.2,66.3,92.3,7.7,244.8,205.5,1158,58,91.3,43.4,89.8,98.2,1.8,371.3,295.3
"B","North West","16","Cumbria","16UE","Copeland",,,914,56.5,89.4,38.7,87.2,97,3,364.2,284,97,29.9,74.2,12.4,72.2,89.7,10.3,244.9,204,817,59.6,91.2,41.9,89,97.9,2.1,378.4,293.5
"B","North West","16","Cumbria","16UF","Eden",,,644,70.8,95,59.2,95,98.8,1.2,386.5,321.5,15,40,80,33.3,80,x,x,264.4,231.1,629,71.5,95.4,59.8,95.4,x,x,389.4,323.6
"B","North West","16","Cumbria","16UG","South Lakeland",,,1138,69,94.1,57.9,93,98.9,1.1,413.1,322.1,40,37.5,77.5,30,75,x,x,311.9,250.5,1098,70.1,94.7,58.9,93.6,x,x,416.8,324.7
"B","North West","30","Lancashire","30UD","Burnley",,,1237,49.5,89.7,34.4,87.3,97.2,2.8,324.6,276.9,191,25.7,78,14.1,73.8,94.8,5.2,241.2,214.2,1046,53.8,91.8,38,89.8,97.6,2.4,339.8,288.4
"B","North West","30","Lancashire","30UE","Chorley",,,1262,71.3,96,57.8,95.6,99.2,.8,410.1,326.4,85,47.1,88.2,31.8,87.1,x,x,302.3,256.6,1177,73.1,96.5,59.7,96.3,x,x,417.9,331.4
"B","North West","30","Lancashire","30UF","Fylde",,,731,68.5,94.4,55.1,93.7,98.4,1.6,435.2,323.8,43,30.2,93,27.9,90.7,x,x,335.6,268.7,688,70.9,94.5,56.8,93.9,x,x,441.5,327.3
"B","North West","30","Lancashire","30UG","Hyndburn",,,1089,66.1,93.5,43.2,90.8,98.3,1.7,400.2,309,159,42.1,80.5,22,74.8,95.6,4.4,316.8,246.3,930,70.2,95.7,46.8,93.5,98.7,1.3,414.4,319.8
"B","North West","30","Lancashire","30UH","Lancaster",,,1609,67.9,92.9,53.5,92.4,98.2,1.8,398.9,317,144,41.7,75.7,23.6,75.7,95.8,4.2,298.8,238.1,1465,70.5,94.6,56.5,94.1,98.4,1.6,408.8,324.8
"B","North West","30","Lancashire","30UJ","Pendle",,,1150,55.2,91.2,42.5,89,97.4,2.6,346.7,289.4,143,36.4,81.1,26.6,79,95.1,4.9,275.7,242.2,1007,57.9,92.7,44.8,90.4,97.7,2.3,356.8,296.1
"B","North West","30","Lancashire","30UK","Preston",,,1646,63.2,90.8,49.2,89.1,96.8,3.2,380.9,302.6,228,31.6,74.6,16.7,71.9,92.1,7.9,263,218.7,1418,68.3,93.4,54.4,91.8,97.5,2.5,399.9,316.1
"B","North West","30","Lancashire","30UL","Ribble Valley",,,633,79.9,96.2,71.1,95.6,99.2,.8,421.5,346.4,24,45.8,87.5,37.5,79.2,x,x,300,263.8,609,81.3,96.6,72.4,96.2,x,x,426.3,349.6
"B","North West","30","Lancashire","30UM","Rossendale",,,905,68.4,93.8,55.1,92.6,97.9,2.1,450.7,317.8,86,41.9,79.1,31.4,77.9,94.2,5.8,317.8,240.2,819,71.2,95.4,57.6,94.1,98.3,1.7,464.7,325.9
"B","North West","30","Lancashire","30UN","South Ribble",,,1378,71.4,96,58.9,94.4,99.4,.6,400.4,327.3,57,43.9,80.7,29.8,77.2,100,0,301.5,255.7,1321,72.6,96.7,60.1,95.2,99.4,.6,404.7,330.4
"B","North West","30","Lancashire","30UP","West Lancashire",,,1430,63.4,93.9,48.5,91.7,99.3,.7,391.8,311.6,151,36.4,83.4,17.2,80.1,x,x,301.2,243.8,1279,66.5,95.2,52.2,93,x,x,402.5,319.6
"B","North West","30","Lancashire","30UQ","Wyre",,,1312,70.3,93.1,52.7,89.9,98.2,1.8,399.3,316.9,98,41.8,78.6,21.4,70.4,95.9,4.1,275.7,235.1,1214,72.6,94.2,55.2,91.5,98.4,1.6,409.2,323.5
"D","Yorkshire and The Humber",,,"00CC","Barnsley",,,3033,56.3,90.1,34,87.6,98.5,1.5,388.2,283.6,450,32.7,73.1,13.1,68.2,95.8,4.2,273.8,214.4,2583,60.4,93.1,37.6,90.9,98.9,1.1,408.2,295.7
"D","Yorkshire and The Humber",,,"00CE","Doncaster",,,3841,63.1,90.2,39.1,87.8,97.8,2.2,402.9,294.8,455,39.6,79.1,16.9,74.1,95.6,4.4,293.6,231.6,3386,66.3,91.7,42.1,89.7,98.1,1.9,417.6,303.2
"D","Yorkshire and The Humber",,,"00CF","Rotherham",,,3572,58.5,91.5,40.7,90.1,98.1,1.9,374,292.6,562,28.1,77.2,14.8,73.8,95.2,4.8,255.8,213.7,3010,64.2,94.2,45.5,93.1,98.6,1.4,396.1,307.3
"D","Yorkshire and The Humber",,,"00CG","Sheffield",,,6008,57.9,89.4,41.3,87.6,97,3,378.8,290.8,835,33.7,75.7,16.9,72.7,93.8,6.2,278.6,223.4,5173,61.8,91.6,45.2,90,97.5,2.5,395,301.7
"D","Yorkshire and The Humber",,,"00CX","Bradford",,,6527,58.3,88.9,38.8,86.9,96.8,3.2,367.8,287.7,1426,39.7,78.3,20.7,74.8,93.5,6.5,289.9,233,5101,63.5,91.9,43.9,90.3,97.7,2.3,389.5,303
"D","Yorkshire and The Humber",,,"00CY","Calderdale",,,2578,65.6,93.5,48.9,91.8,98.7,1.3,397.9,307.6,324,38.3,82.1,21.6,79,96.9,3.1,295.3,237.1,2254,69.5,95.2,52.8,93.7,98.9,1.1,412.6,317.7
"D","Yorkshire and The Humber",,,"00CZ","Kirklees",,,4997,61.4,92.7,45.4,91.5,98.6,1.4,388.2,302.1,739,34.5,79.7,20.4,77.4,96.1,3.9,287,235.4,4258,66.1,94.9,49.8,93.9,99,1,405.8,313.7
"D","Yorkshire and The Humber",,,"00DA","Leeds",,,8403,63.2,90.7,47.1,89,97.8,2.2,384.3,300,1344,35.6,75.9,19.4,72.6,94,6,272.5,223.6,7059,68.4,93.5,52.4,92.2,98.5,1.5,405.6,314.5
"D","Yorkshire and The Humber",,,"00DB","Wakefield",,,4077,70.3,93.6,50.6,92.2,98.7,1.3,416,309.4,448,42,84.6,23.9,81,96.9,3.1,310.4,245.4,3629,73.8,94.7,53.9,93.6,99,1,429.1,317.3
"D","Yorkshire and The Humber",,,"00FA","Kingston upon Hull, City of",,,3322,51.1,84.3,30.2,82,95,5,343.1,260.7,617,29,70.8,13.9,66.9,90.9,9.1,250.8,202,2705,56.2,87.4,33.9,85.5,96,4,364.2,274.1
"D","Yorkshire and The Humber",,,"00FB","East Riding of Yorkshire",,,3948,66.9,94.7,53.3,93.8,98.6,1.4,407.6,316,254,36.6,81.1,17.7,78.7,92.9,7.1,290.2,238.9,3694,68.9,95.7,55.8,94.9,99,1,415.6,321.3
"D","Yorkshire and The Humber",,,"00FC","North East Lincolnshire",,,2219,59.2,89.3,40.4,87.7,97.2,2.8,379.6,286.4,305,36.4,76.7,19,73.8,94.8,5.2,284.3,226.1,1914,62.8,91.3,43.8,90,97.5,2.5,394.7,296
"D","Yorkshire and The Humber",,,"00FD","North Lincolnshire",,,2156,61.6,91.8,42.1,90.1,98,2,383.2,296.2,190,36.3,78.9,18.9,75.8,95.8,4.2,272.2,222.3,1966,64,93.1,44.4,91.5,98.2,1.8,393.9,303.4
"D","Yorkshire and The Humber",,,"00FF","York",,,1882,69.2,93.6,54.7,92.4,98.8,1.2,395.4,321.7,115,31.3,72.2,21.7,69.6,92.2,7.8,251.8,213.4,1767,71.7,95,56.9,93.9,99.3,.7,404.7,328.7
"D","Yorkshire and The Humber","36","North Yorkshire","36UB","Craven",,,645,75.7,97.4,60.2,95.7,99.1,.9,431.8,339.8,14,28.6,100,x,100,100,0,317.9,269.9,631,76.7,97.3,x,95.6,99,1,434.3,341.3
"D","Yorkshire and The Humber","36","North Yorkshire","36UC","Hambleton",,,1013,67.9,96.2,56.2,95.7,99,1,421,328.2,27,37,85.2,25.9,85.2,x,x,283.6,242.5,986,68.8,96.6,57,95.9,x,x,424.7,330.5
"D","Yorkshire and The Humber","36","North Yorkshire","36UD","Harrogate",,,1707,79.3,95.8,62.6,94.6,99.2,.8,451.4,342.3,60,43.3,81.7,16.7,76.7,x,x,289.8,239.2,1647,80.6,96.4,64.3,95.2,x,x,457.3,346.1
"D","Yorkshire and The Humber","36","North Yorkshire","36UE","Richmondshire",,,540,57.4,92.4,48.5,91.7,98.9,1.1,371.2,302.9,19,21.1,x,x,x,100,0,219.2,196.4,521,58.7,x,x,x,98.8,1.2,376.7,306.8
"D","Yorkshire and The Humber","36","North Yorkshire","36UF","Ryedale",,,566,73.5,97.2,58.5,96.3,99.3,.7,436.3,333.7,40,40,x,22.5,x,x,x,311.4,253.7,526,76,x,61.2,x,x,x,445.8,339.8
"D","Yorkshire and The Humber","36","North Yorkshire","36UG","Scarborough",,,1325,58.9,88.2,44.3,86.9,97.4,2.6,358.7,289.5,153,25.5,71.2,17,69.9,94.1,5.9,234,202.7,1172,63.3,90.4,47.9,89.1,97.9,2.1,374.9,300.8
"D","Yorkshire and The Humber","36","North Yorkshire","36UH","Selby",,,1023,65.3,94.6,46.6,91.5,98.7,1.3,395.1,315.9,36,22.2,80.6,11.1,75,x,x,254.8,221.6,987,66.9,95.1,47.9,92.1,x,x,400.2,319.3
"E","East Midlands",,,"00FK","Derby",,,2976,63.6,93.4,49.2,91.9,98.7,1.3,388.1,305.5,418,39.5,85.6,22.5,82.1,97.1,2.9,297,243.2,2558,67.5,94.7,53.6,93.5,99,1,403,315.7
"E","East Midlands",,,"00FN","Leicester",,,3735,54.5,88.4,38.9,86.2,97.5,2.5,353.3,281.5,646,39.2,82.2,23.8,79.4,96.4,3.6,289.5,240.1,3089,57.7,89.7,42.1,87.6,97.7,2.3,366.7,290.1
"E","East Midlands",,,"00FP","Rutland",,,311,68.5,97.4,57.9,96.5,x,x,434.4,330.2,9,33.3,x,x,x,100,0,309.5,259.7,302,69.5,x,x,x,x,x,438.2,332.3
"E","East Midlands",,,"00FY","Nottingham",,,3169,56.3,84.9,33.1,81.6,95.5,4.5,364.2,277.1,821,40.3,74.5,18.6,69.1,92.6,7.4,295.1,231.6,2348,61.8,88.5,38.1,86,96.5,3.5,388.3,292.9
"E","East Midlands","17","Derbyshire","17UB","Amber Valley",,,1509,61,93.7,46.6,91.8,98.3,1.7,377.9,303.5,133,36.1,82.7,22.6,75.9,94.7,5.3,271.8,229.5,1376,63.4,94.8,48.9,93.3,98.6,1.4,388.1,310.7
"E","East Midlands","17","Derbyshire","17UC","Bolsover",,,927,54.5,93.4,39.7,92,98.8,1.2,350.5,289.1,123,22,84.6,13,81.3,95.9,4.1,247.5,219.3,804,59.5,94.8,43.8,93.7,99.3,.7,366.3,299.7
"E","East Midlands","17","Derbyshire","17UD","Chesterfield",,,1300,59.4,92.8,44.8,91.7,98.7,1.3,358.2,300.1,148,30.4,80.4,18.9,79.7,95.9,4.1,279.4,235.6,1152,63.1,94.4,48.1,93.2,99,1,368.4,308.4
"E","East Midlands","17","Derbyshire","17UF","Derbyshire Dales",,,850,71.4,94.6,61.4,93.3,98.8,1.2,413.7,331.1,30,33.3,83.3,26.7,80,x,x,261.8,228.7,820,72.8,95,62.7,93.8,x,x,419.3,334.8
"E","East Midlands","17","Derbyshire","17UG","Erewash",,,1351,70.2,94.1,47.5,92.3,98.6,1.4,427,315.5,111,46.8,83.8,28.8,78.4,x,x,331.3,257.6,1240,72.3,95,49.2,93.5,x,x,435.6,320.7
"E","East Midlands","17","Derbyshire","17UH","High Peak",,,1184,65.5,95.2,50.1,93.7,99.3,.7,382.9,314.2,71,21.1,84.5,11.3,77.5,x,x,249.3,222.1,1113,68.3,95.9,52.6,94.7,x,x,391.4,320.1
"E","East Midlands","17","Derbyshire","17UJ","North East Derbyshire",,,1249,60.4,94.5,46.4,92.6,98.5,1.5,368.1,301.6,107,33.6,82.2,17.8,74.8,x,x,263.1,226.3,1142,62.9,95.6,49.1,94.3,x,x,377.9,308.6
"E","East Midlands","17","Derbyshire","17UK","South Derbyshire",,,1099,64.5,95.5,54.5,94.2,98.7,1.3,382.8,312.6,61,29.5,83.6,27.9,82,x,x,281.8,237.1,1038,66.6,96.1,56.1,94.9,x,x,388.8,317
"E","East Midlands","31","Leicestershire","31UB","Blaby",,,1192,67.4,95.4,54.5,94.5,99.2,.8,391.7,317.2,37,40.5,x,29.7,86.5,x,x,334.9,274.9,1155,68.3,x,55.3,94.7,x,x,393.6,318.5
"E","East Midlands","31","Leicestershire","31UC","Charnwood",,,1787,64.6,94.2,51.2,92.1,98.4,1.6,403.5,314.7,100,31,85,25,81,96,4,282.8,238.7,1687,66.6,94.7,52.8,92.8,98.5,1.5,410.6,319.2
"E","East Midlands","31","Leicestershire","31UD","Harborough",,,941,70.2,96.2,58,95.4,98.8,1.2,405.6,327,17,23.5,70.6,17.6,70.6,x,x,225.2,200.8,924,71.1,96.6,58.8,95.9,x,x,408.9,329.3
"E","East Midlands","31","Leicestershire","31UE","Hinckley and Bosworth",,,1196,64,92.9,51.4,92.2,98.6,1.4,379.8,305.5,48,25,81.3,12.5,79.2,x,x,249,210.3,1148,65.7,93.4,53,92.8,x,x,385.2,309.5
"E","East Midlands","31","Leicestershire","31UG","Melton",,,588,61.9,91,50.2,90.6,x,x,375.1,298.6,20,25,x,x,x,x,x,225.1,195.4,568,63.2,x,x,x,x,x,380.4,302.2
"E","East Midlands","31","Leicestershire","31UH","North West Leicestershire",,,1103,63.3,93.2,52,92.5,98.1,1.9,384.2,306.3,59,27.1,72.9,20.3,69.5,93.2,6.8,236.8,205.1,1044,65.3,94.3,53.8,93.8,98.4,1.6,392.5,312.1
"E","East Midlands","31","Leicestershire","31UJ","Oadby and Wigston",,,753,71.7,96.5,58.4,95.5,98.8,1.2,411.2,331.2,33,45.5,x,33.3,87.9,x,x,349.8,290.7,720,72.9,x,59.6,95.8,x,x,414,333
"E","East Midlands","32","Lincolnshire","32UB","Boston",,,746,64.6,93.3,46.6,91.6,98.4,1.6,415,306,65,41.5,86.2,24.6,84.6,x,x,335.3,256.7,681,66.8,94,48.8,92.2,x,x,422.6,310.7
"E","East Midlands","32","Lincolnshire","32UC","East Lindsey",,,1587,65.8,94.5,48.2,92.5,98.9,1.1,409.1,314.3,146,34.9,83.6,17.1,79.5,95.9,4.1,301.2,244.1,1441,69,95.6,51.4,93.8,99.2,.8,420,321.4
"E","East Midlands","32","Lincolnshire","32UD","Lincoln",,,929,78.1,94.9,49.5,93.9,98.8,1.2,479.8,325.8,79,50.6,82.3,20.3,81,94.9,5.1,357.5,255.4,850,80.7,96.1,52.2,95.1,99.2,.8,491.2,332.4
"E","East Midlands","32","Lincolnshire","32UE","North Kesteven",,,1285,76.4,97.4,58.1,96.7,99.1,.9,468.8,337.4,44,43.2,x,22.7,x,100,0,336.1,269.8,1241,77.6,x,59.4,x,99.1,.9,473.5,339.8
"E","East Midlands","32","Lincolnshire","32UF","South Holland",,,957,67.9,95.3,49.8,93.8,99.2,.8,406.5,317.1,45,44.4,86.7,17.8,86.7,100,0,324.3,256.1,912,69.1,95.7,51.4,94.2,99.1,.9,410.5,320.1
"E","East Midlands","32","Lincolnshire","32UG","South Kesteven",,,1585,72,95.5,52.7,93.6,99.1,.9,440.4,330.5,59,32.2,83.1,18.6,74.6,93.2,6.8,293.4,235.2,1526,73.5,95.9,54,94.3,99.3,.7,446.1,334.2
"E","East Midlands","32","Lincolnshire","32UH","West Lindsey",,,1176,69.4,95.7,55.2,95.2,99.2,.8,418.7,324.4,68,36.8,80.9,23.5,77.9,x,x,289.4,237.3,1108,71.4,96.7,57.1,96.3,x,x,426.6,329.7
"E","East Midlands","34","Northamptonshire","34UB","Corby",,,844,61.1,88.5,37.6,84,97.2,2.8,394.6,287.4,57,31.6,70.2,19.3,66.7,91.2,8.8,272.2,211,787,63.3,89.8,38.9,85.3,97.6,2.4,403.5,292.9
"E","East Midlands","34","Northamptonshire","34UC","Daventry",,,967,69.6,94.5,57.1,93.4,99.6,.4,424,324,37,54.1,89.2,37.8,86.5,x,x,357.9,278.1,930,70.2,94.7,57.8,93.7,x,x,426.7,325.9
"E","East Midlands","34","Northamptonshire","34UD","East Northamptonshire",,,1022,63.2,95.6,50.3,94.2,99.5,.5,397.3,311.3,64,32.8,87.5,20.3,87.5,100,0,297.8,246.9,958,65.2,96.1,52.3,94.7,99.5,.5,404,315.6
"E","East Midlands","34","Northamptonshire","34UE","Kettering",,,1167,60.8,93,51.9,91.7,98.4,1.6,392.2,307.5,49,20.4,77.6,16.3,77.6,x,x,254.4,216.8,1118,62.6,93.6,53.5,92.3,x,x,398.2,311.5
"E","East Midlands","34","Northamptonshire","34UF","Northampton",,,2381,51.4,89.3,39.2,85.8,98.2,1.8,334.6,279.9,215,21.4,72.6,13,66.5,94.4,5.6,222.5,199.2,2166,54.4,91,41.8,87.7,98.6,1.4,345.7,287.9
"E","East Midlands","34","Northamptonshire","34UG","South Northamptonshire",,,1066,71.8,95.2,56,94.3,99.4,.6,408.3,327.2,28,25,82.1,10.7,82.1,x,x,266.4,235.8,1038,73,95.6,57.2,94.6,x,x,412.2,329.7
"E","East Midlands","34","Northamptonshire","34UH","Wellingborough",,,985,52.8,87.5,36.1,83.8,98.5,1.5,362.7,281.9,85,31.8,70.6,23.5,68.2,94.1,5.9,273.5,222.8,900,54.8,89.1,37.3,85.2,98.9,1.1,371.2,287.5
"E","East Midlands","37","Nottinghamshire","37UB","Ashfield",,,1506,59.1,94,37.1,92.2,99,1,391,297,159,27,81.8,11.3,80.5,x,x,274.4,224.6,1347,62.9,95.4,40.2,93.5,x,x,404.8,305.5
"E","East Midlands","37","Nottinghamshire","37UC","Bassetlaw",,,1436,57,90.2,39.8,84.5,97.8,2.2,390.2,289.4,148,25,71.6,12.2,62.8,93.9,6.1,240,196.9,1288,60.7,92.3,42.9,87,98.3,1.7,407.4,300
"E","East Midlands","37","Nottinghamshire","37UD","Broxtowe",,,1194,67.8,94.1,47,92.4,98.2,1.8,414.7,316.5,100,30,80,17,79,x,x,284.9,232,1094,71.3,95.4,49.7,93.6,x,x,426.6,324.2
"E","East Midlands","37","Nottinghamshire","37UE","Gedling",,,1310,66.8,92.1,49.2,90.5,97.9,2.1,400.9,307,107,40.2,84.1,23.4,81.3,x,x,313.1,249.1,1203,69.2,92.9,51.5,91.4,x,x,408.7,312.2
"E","East Midlands","37","Nottinghamshire","37UF","Mansfield",,,1368,50.4,85.5,35.5,83.3,97.7,2.3,337.3,269.2,184,12.5,62.5,8.7,59.2,92.9,7.1,198.9,172.4,1184,56.3,89,39.6,87,98.5,1.5,358.8,284.2
"E","East Midlands","37","Nottinghamshire","37UG","Newark and Sherwood",,,1410,63.1,91.4,41.8,89,97.8,2.2,386.7,300.4,129,29.5,76.7,14,72.1,93.8,6.2,263.7,217.2,1281,66.5,92.9,44.7,90.7,98.2,1.8,399.1,308.8
"E","East Midlands","37","Nottinghamshire","37UJ","Rushcliffe",,,1171,78.6,95.7,67.6,95.1,99.2,.8,446.5,340.8,51,39.2,78.4,33.3,76.5,x,x,301.3,242.5,1120,80.4,96.5,69.2,96,x,x,453.1,345.2
"F","West Midlands",,,"00CN","Birmingham",,,12847,65.4,92,43.8,89.8,98.3,1.7,403.4,305.3,3965,54,87.9,28.6,84.8,97.5,2.5,355,275,8882,70.5,93.8,50.6,92.1,98.7,1.3,425.1,318.8
"F","West Midlands",,,"00CQ","Coventry",,,3596,60.3,91.4,41.8,89,98.4,1.6,382.2,298,612,34.6,79.7,18.6,72.4,95.6,4.4,286.5,234.3,2984,65.5,93.8,46.5,92.4,99,1,401.8,311
"F","West Midlands",,,"00CR","Dudley",,,4009,62,92.6,47.4,91.7,98.9,1.1,389.4,303.9,564,33.5,77.5,21.1,75.7,96.1,3.9,276.9,230.1,3445,66.6,95.1,51.7,94.3,99.3,.7,407.8,316
"F","West Midlands",,,"00CS","Sandwell",,,4153,58,88.1,35.7,85.9,97,3,379.1,283.5,618,41.1,78.8,18.6,74.8,96.4,3.6,297.5,234.9,3535,61,89.7,38.7,87.9,97.1,2.9,393.4,292
"F","West Midlands",,,"00CT","Solihull",,,2688,76.2,94.9,57.7,93.5,99,1,440.2,331.7,259,45.2,81.9,22.8,77.6,96.9,3.1,313,251.6,2429,79.5,96.3,61.4,95.1,99.2,.8,453.8,340.3
"F","West Midlands",,,"00CU","Walsall",,,3529,59.1,89.9,40,88.1,98.1,1.9,382,289.9,629,32.3,76,15.6,72.2,94.1,5.9,262.2,215.9,2900,64.9,93,45.3,91.6,99,1,408,305.9
"F","West Midlands",,,"00CW","Wolverhampton",,,3170,64.1,91.8,40.8,89.6,97.9,2.1,417.6,301.5,556,52.2,82.6,23,77.5,96.4,3.6,352.9,260.4,2614,66.6,93.8,44.6,92.2,98.2,1.8,431.4,310.2
"F","West Midlands",,,"00GA","Herefordshire, County of",,,2057,68.4,94,52.6,93,99.2,.8,405.9,316.2,102,35.3,76.5,18.6,73.5,x,x,263.6,223.7,1955,70.1,94.9,54.3,94.1,x,x,413.3,321
"F","West Midlands",,,"00GF","Telford and Wrekin",,,2093,58.5,93.5,42.1,92.1,99,1,399.7,299.8,326,33.1,84.4,18.4,80.7,98.2,1.8,300.4,237.2,1767,63.2,95.2,46.5,94.2,99.2,.8,418.1,311.4
"F","West Midlands",,,"00GG","Shropshire",,,.,.,.,.,.,.,.,.,.,.,.,.,.,.,.,.,.,.,.,.,.,.,.,.,.,.,.
"F","West Midlands",,,"00GL","Stoke-on-Trent",,,3011,60.9,90.2,36.8,88.3,97.8,2.2,394,291.8,482,42.3,81.3,19.5,77.2,95,5,317.9,244.6,2529,64.5,91.9,40.1,90.4,98.3,1.7,408.5,300.8
"F","West Midlands","41","Staffordshire","41UB","Cannock Chase",,,1236,59.5,92.2,41.1,90.1,98.8,1.2,384.9,296.1,96,28.1,74,13.5,70.8,x,x,265.8,217.1,1140,62.2,93.8,43.4,91.8,x,x,394.9,302.7
"F","West Midlands","41","Staffordshire","41UC","East Staffordshire",,,1446,64.1,94.6,49.7,93.4,99,1,401.9,309.9,99,38.4,87.9,21.2,83.8,x,x,307.4,249.4,1347,66,95.1,51.7,94.1,x,x,408.9,314.4
"F","West Midlands","41","Staffordshire","41UD","Lichfield",,,1244,70.6,94.9,55,94.3,99,1,407.9,322.3,68,32.4,72.1,16.2,72.1,95.6,4.4,265.5,219.3,1176,72.8,96.3,57.2,95.6,99.2,.8,416.1,328.2
"F","West Midlands","41","Staffordshire","41UE","Newcastle-under-Lyme",,,1429,63.5,93.9,50,93.2,98.6,1.4,384.9,304.8,99,36.4,85.9,24.2,84.8,96,4,275.9,234.7,1330,65.5,94.5,51.9,93.8,98.8,1.2,393,310
"F","West Midlands","41","Staffordshire","41UF","South Staffordshire",,,1341,68.8,95,57.8,94.5,99.3,.7,412.4,319.8,64,26.6,79.7,14.1,76.6,x,x,268.8,222,1277,70.9,95.8,60,95.4,x,x,419.6,324.7
"F","West Midlands","41","Staffordshire","41UG","Stafford",,,1443,65.2,94.9,54.6,93.3,98.8,1.2,396.2,316.3,75,18.7,89.3,14.7,84,100,0,271.6,237.6,1368,67.8,95.2,56.8,93.9,98.8,1.2,403.1,320.6
"F","West Midlands","41","Staffordshire","41UH","Staffordshire Moorlands",,,1151,72.3,94.4,55.8,93.7,98.8,1.2,430.2,325.9,64,53.1,87.5,28.1,87.5,x,x,331.6,269,1087,73.4,94.8,57.4,94.1,x,x,436.1,329.3
"F","West Midlands","41","Staffordshire","41UK","Tamworth",,,991,61.5,90.4,37.2,87.9,97.9,2.1,359.4,292.7,78,33.3,75.6,12.8,70.5,94.9,5.1,259.4,222.1,913,63.9,91.7,39.3,89.4,98.1,1.9,368,298.8
"F","West Midlands","44","Warwickshire","44UB","North Warwickshire",,,783,58.6,95,41.9,93.5,98.2,1.8,380.8,301.3,57,28.1,84.2,19.3,80.7,93,7,290.1,237.8,726,61,95.9,43.7,94.5,98.6,1.4,387.9,306.2
"F","West Midlands","44","Warwickshire","44UC","Nuneaton and Bedworth",,,1594,57.8,91.2,41.7,89.6,98.1,1.9,394.9,293,135,31.9,76.3,17,74.1,94.1,5.9,276.9,217.5,1459,60.2,92.6,44,91.1,98.4,1.6,405.8,299.9
"F","West Midlands","44","Warwickshire","44UD","Rugby",,,1137,65.3,94.4,53,93.3,98.7,1.3,418.7,314.2,61,29.5,86.9,16.4,83.6,x,x,269.7,228.4,1076,67.4,94.8,55.1,93.9,x,x,427.1,319
"F","West Midlands","44","Warwickshire","44UE","Stratford-on-Avon",,,1216,71.2,95.1,60.7,93.9,97.9,2.1,429,330,43,44.2,83.7,37.2,81.4,x,x,339,266.4,1173,72.2,95.5,61.6,94.4,x,x,432.3,332.4
"F","West Midlands","44","Warwickshire","44UF","Warwick",,,1242,71.5,96.2,57.3,95.7,99.3,.7,423.2,331.2,68,36.8,88.2,22.1,86.8,100,0,326.4,266.8,1174,73.5,96.7,59.4,96.3,99.2,.8,428.8,335
"F","West Midlands","47","Worcestershire","47UB","Bromsgrove",,,1135,71.6,94.1,54.9,93,99.4,.6,430.3,323.7,45,33.3,82.2,26.7,77.8,100,0,295.9,242.5,1090,73.2,94.6,56.1,93.6,99.4,.6,435.9,327.1
"F","West Midlands","47","Worcestershire","47UC","Malvern Hills",,,795,65.8,93.6,52.1,92.3,98.9,1.1,402.5,315.4,45,35.6,86.7,24.4,82.2,x,x,294.5,245,750,67.6,94,53.7,92.9,x,x,408.9,319.6
"F","West Midlands","47","Worcestershire","47UD","Redditch",,,1026,54.4,92.4,41,91.7,97.8,2.2,345.7,286.9,115,35.7,84.3,19.1,82.6,95.7,4.3,279.6,235.8,911,56.8,93.4,43.8,92.9,98,2,354.1,293.3
"F","West Midlands","47","Worcestershire","47UE","Worcester",,,1037,64,93.1,48.1,91.6,98.8,1.2,390.8,309.4,102,31.4,79.4,16.7,75.5,97.1,2.9,269.6,225.4,935,67.6,94.5,51.6,93.4,99,1,404,318.5
"F","West Midlands","47","Worcestershire","47UF","Wychavon",,,1355,69.2,93.9,52.9,91.8,98.4,1.6,407,318.8,64,21.9,78.1,14.1,67.2,92.2,7.8,221.1,195.6,1291,71.5,94.7,54.8,93,98.7,1.3,416.2,324.9
"F","West Midlands","47","Worcestershire","47UG","Wyre Forest",,,1116,57.3,91.5,40.5,89.9,98.4,1.6,360.4,291.7,90,24.4,71.1,13.3,70,93.3,6.7,221.1,194.5,1026,60.1,93.3,42.9,91.6,98.8,1.2,372.7,300.2
"G","East of England",,,"00JA","Peterborough",,,2057,58.6,89.2,36.8,84.8,97.3,2.7,381,290.7,321,38,78.5,18.7,75.7,96,4,304.1,237.2,1736,62.4,91.1,40.2,86.5,97.5,2.5,395.2,300.6
"G","East of England",,,"00KA","Luton",,,2470,62.2,92.4,45.4,91.2,98.4,1.6,378.3,300.2,462,49.6,87,32.5,84.8,97.4,2.6,337.6,269.2,2008,65.1,93.7,48.4,92.7,98.6,1.4,387.7,307.4
"G","East of England",,,"00KB","Bedford",,,1728,60.1,92.8,45,91.1,98.7,1.3,390,302.7,195,34.4,84.1,20,83.1,96.9,3.1,305.2,243.2,1533,63.3,93.9,48.1,92.1,99,1,400.8,310.3
"G","East of England",,,"00KC","Central Bedfordshire",,,.,.,.,.,.,.,.,.,.,.,.,.,.,.,.,.,.,.,.,.,.,.,.,.,.,.,.
"G","East of England",,,"00KF","Southend-on-Sea",,,2022,64,89.3,49.2,88.3,97.7,2.3,384.3,300.6,211,28.9,70.6,17.1,70.1,93.4,6.6,244.7,207,1811,68.1,91.4,53,90.4,98.2,1.8,400.5,311.6
"G","East of England",,,"00KG","Thurrock",,,1904,67.4,91.5,44,90.3,98.1,1.9,407.4,302.6,217,43.8,73.7,19.8,70.5,94.5,5.5,287.2,224.8,1687,70.4,93.8,47.1,92.9,98.5,1.5,422.9,312.6
"G","East of England","12","Cambridgeshire","12UB","Cambridge",,,774,61.5,92.5,52.7,92.2,97.4,2.6,378.4,311.4,95,29.5,77.9,21.1,76.8,93.7,6.3,256.4,226.2,679,66,94.6,57.1,94.4,97.9,2.1,395.4,323.3
"G","East of England","12","Cambridgeshire","12UC","East Cambridgeshire",,,791,61.7,92.3,50.3,91.8,98,2,376.3,307.4,44,31.8,75,22.7,72.7,x,x,257.3,220.8,747,63.5,93.3,51.9,92.9,x,x,383.3,312.5
"G","East of England","12","Cambridgeshire","12UD","Fenland",,,1069,54.2,89.3,41.2,88.5,98.3,1.7,340.7,283.6,79,27.8,77.2,16.5,74.7,96.2,3.8,243.3,213.4,990,56.3,90.3,43.1,89.6,98.5,1.5,348.5,289.2
"G","East of England","12","Cambridgeshire","12UE","Huntingdonshire",,,2016,65,94.3,51.5,92.9,99.4,.6,386.6,313.3,117,29.1,82.9,19.7,79.5,x,x,275.6,238.1,1899,67.2,95.1,53.4,93.7,x,x,393.5,317.9
"G","East of England","12","Cambridgeshire","12UG","South Cambridgeshire",,,1530,77.7,96.3,66.9,95.6,99.4,.6,440.4,343.9,53,43.4,94.3,35.8,90.6,100,0,322.9,277.6,1477,78.9,96.4,68,95.7,99.4,.6,444.6,346.3
"G","East of England","22","Essex","22UB","Basildon",,,2200,64.1,90.7,46,89.7,97.5,2.5,384.9,300.9,201,39.3,79.1,18.4,76.6,96.5,3.5,284.9,234.7,1999,66.6,91.9,48.8,91,97.6,2.4,395,307.6
"G","East of England","22","Essex","22UC","Braintree",,,1795,59.3,91.5,44.7,89.7,97.9,2.1,379.4,296.3,88,29.5,80.7,18.2,73.9,94.3,5.7,273.3,226.3,1707,60.8,92.1,46.1,90.5,98.1,1.9,384.8,299.9
"G","East of England","22","Essex","22UD","Brentwood",,,916,71.2,94.2,60.6,93.2,98.8,1.2,421.8,329.2,20,55,x,45,x,100,0,335.2,272.4,896,71.5,x,60.9,x,98.8,1.2,423.7,330.5
"G","East of England","22","Essex","22UE","Castle Point",,,1186,61,93.7,50.7,93.3,98.8,1.2,385.3,306.2,75,32,81.3,25.3,78.7,94.7,5.3,278.2,235.6,1111,63,94.5,52.4,94.3,99.1,.9,392.5,311
"G","East of England","22","Essex","22UF","Chelmsford",,,2006,68.8,92.9,58.1,91.9,98.1,1.9,401.7,320.6,99,36.4,78.8,24.2,75.8,92.9,7.1,267.1,228.8,1907,70.5,93.6,59.9,92.7,98.3,1.7,408.7,325.4
"G","East of England","22","Essex","22UG","Colchester",,,1901,61.9,94.3,51.1,93.4,98.7,1.3,402.4,311,119,33.6,85.7,21.8,84,96.6,3.4,291.4,245.2,1782,63.8,94.9,53,94.1,98.8,1.2,409.8,315.4
"G","East of England","22","Essex","22UH","Epping Forest",,,1336,61.2,92.6,48.7,91.5,98.6,1.4,369.5,304.7,73,28.8,78.1,20.5,78.1,94.5,5.5,253.3,223.3,1263,63,93.4,50.4,92.2,98.8,1.2,376.2,309.5
"G","East of England","22","Essex","22UJ","Harlow",,,1010,60.2,91.3,40.9,89.4,98.8,1.2,392.3,292.3,107,38.3,81.3,21.5,75.7,x,x,295,237.6,903,62.8,92.5,43.2,91,x,x,403.8,298.8
"G","East of England","22","Essex","22UK","Maldon",,,750,64.5,91.9,48.3,90.7,98,2,385.8,307.7,40,25,75,15,70,x,x,251.1,213.6,710,66.8,92.8,50.1,91.8,x,x,393.4,313
"G","East of England","22","Essex","22UL","Rochford",,,1095,74.7,95,58,94.5,99.4,.6,409.3,325.5,58,39.7,84.5,20.7,81,x,x,279.5,247.8,1037,76.7,95.6,60.1,95.3,x,x,416.5,329.8
"G","East of England","22","Essex","22UN","Tendring",,,1700,61.1,88.8,40.3,86.9,96.8,3.2,377.5,292.6,162,43.2,79.6,22.8,76.5,93.8,6.2,299.3,244.1,1538,63,89.8,42.1,88,97.1,2.9,385.7,297.7
"G","East of England","22","Essex","22UQ","Uttlesford",,,891,73.6,96.1,64.5,95.3,99.1,.9,421.1,333.4,34,50,x,44.1,x,100,0,331.5,276,857,74.6,x,65.3,x,99.1,.9,424.6,335.7
"G","East of England","26","Hertfordshire","26UB","Broxbourne",,,1157,62.8,94,47.4,93,99.4,.6,392.3,306.1,89,42.7,82,24.7,78.7,96.6,3.4,294.3,243.4,1068,64.5,95,49.3,94.2,99.6,.4,400.4,311.4
"G","East of England","26","Hertfordshire","26UC","Dacorum",,,1694,70.8,94.5,55.7,93.4,99.1,.9,410.9,324.8,94,50,88.3,27.7,87.2,96.8,3.2,335.2,271.7,1600,72,94.8,57.4,93.8,99.2,.8,415.3,327.9
"G","East of England","26","Hertfordshire","26UD","East Hertfordshire",,,1567,78.7,96.7,66.9,96.2,99.3,.7,438,343,65,55.4,x,33.8,x,100,0,353.4,290,1502,79.8,x,68.4,x,99.3,.7,441.7,345.3
"G","East of England","26","Hertfordshire","26UE","Hertsmere",,,1042,74.4,96,60.1,94.7,99,1,417.5,332.1,66,59.1,92.4,40.9,90.9,x,x,379,298.9,976,75.4,96.2,61.4,95,x,x,420.1,334.3
"G","East of England","26","Hertfordshire","26UF","North Hertfordshire",,,1474,67.4,93.8,57.9,93.4,98.2,1.8,401.5,319.5,75,37.3,86.7,21.3,84,x,x,293.1,247.9,1399,69,94.1,59.8,93.9,x,x,407.4,323.4
"G","East of England","26","Hertfordshire","26UG","St Albans",,,1463,80.3,95.9,70.1,95.3,99.3,.7,452.3,350,64,46.9,84.4,34.4,82.8,x,x,329.1,268.7,1399,81.8,96.4,71.8,95.9,x,x,458,353.7
"G","East of England","26","Hertfordshire","26UH","Stevenage",,,1168,55.9,90.3,40,89.6,97.4,2.6,358.8,288.5,82,31.7,81.7,14.6,80.5,92.7,7.3,264.3,224.8,1086,57.7,91,41.9,90.2,97.8,2.2,365.9,293.3
"G","East of England","26","Hertfordshire","26UJ","Three Rivers",,,939,72.9,93.8,59.5,92.7,99,1,406.4,326.9,53,39.6,83,26.4,79.2,x,x,307.4,254,886,74.9,94.5,61.5,93.5,x,x,412.3,331.3
"G","East of England","26","Hertfordshire","26UK","Watford",,,994,70.1,92.5,54.4,91.1,98.1,1.9,390.8,317.2,69,37.7,88.4,23.2,84.1,95.7,4.3,286.6,252.4,925,72.5,92.8,56.8,91.7,98.3,1.7,398.5,322
"G","East of England","26","Hertfordshire","26UL","Welwyn Hatfield",,,1124,61,92,49.9,91.4,98.4,1.6,375.9,306.3,76,34.2,84.2,25,82.9,94.7,5.3,280.2,244,1048,63,92.6,51.7,92,98.7,1.3,382.8,310.8
"G","East of England","33","Norfolk","33UB","Breckland",,,1398,60.7,93.8,49.7,92.3,98.7,1.3,374.8,306.3,117,34.2,76.1,22.2,74.4,94.9,5.1,270.4,231.3,1281,63.1,95.4,52.2,93.9,99.1,.9,384.3,313.1
"G","East of England","33","Norfolk","33UC","Broadland",,,1420,69.9,95.5,58,93.7,98.5,1.5,407.5,320,51,41.2,88.2,27.5,82.4,x,x,304.8,251,1369,70.9,95.8,59.2,94.2,x,x,411.4,322.6
"G","East of England","33","Norfolk","33UD","Great Yarmouth",,,1167,58.1,93,44.5,92.3,97.3,2.7,383.7,294.8,138,26.8,83.3,21,82.6,93.5,6.5,278.1,229.4,1029,62.3,94.3,47.6,93.6,97.8,2.2,397.9,303.6
"G","East of England","33","Norfolk","33UE","King's Lynn and West Norfolk",,,1490,52.4,92.8,38.5,91.8,98.7,1.3,348.5,290.3,137,24.8,83.2,20.4,81,96.4,3.6,264,228.8,1353,55.2,93.8,40.4,92.9,99,1,357,296.5
"G","East of England","33","Norfolk","33UF","North Norfolk",,,1014,60.1,93.4,47.6,92,99,1,367.3,300.9,83,41,88,32.5,86.7,x,x,301.9,257.5,931,61.8,93.9,49,92.5,x,x,373.1,304.7
"G","East of England","33","Norfolk","33UG","Norwich",,,1175,52.9,87.7,39.5,85.3,96.6,3.4,351.7,279.7,183,35,76,20.8,71,92.9,7.1,258.4,214.7,992,56.3,89.9,42.9,87.9,97.3,2.7,368.9,291.7
"G","East of England","33","Norfolk","33UH","South Norfolk",,,1327,67.2,95.8,56.8,95.2,99.2,.8,406.4,324.7,71,40.8,81.7,25.4,81.7,x,x,297.2,250.1,1256,68.7,96.6,58.6,95.9,x,x,412.6,328.9
"G","East of England","42","Suffolk","42UB","Babergh",,,921,65.1,93.6,49.6,92,98.6,1.4,390.8,316.1,62,30.6,72.6,14.5,67.7,x,x,257.1,221.3,859,67.6,95.1,52.2,93.7,x,x,400.5,322.9
"G","East of England","42","Suffolk","42UC","Forest Heath",,,482,60.6,90.7,37.6,90,98.3,1.7,408.6,297.1,31,35.5,80.6,9.7,80.6,x,x,302.3,229.6,451,62.3,91.4,39.5,90.7,x,x,415.9,301.7
"G","East of England","42","Suffolk","42UD","Ipswich",,,1454,55.4,90.2,38,88.2,98.3,1.7,349,288.5,167,30.5,82,14.4,77.8,97,3,263.4,229.4,1287,58.7,91.2,41,89.6,98.4,1.6,360.1,296.2
"G","East of England","42","Suffolk","42UE","Mid Suffolk",,,1078,68,96.3,56.8,94.1,99.6,.4,387.5,325.2,41,29.3,85.4,24.4,78,x,x,270.8,235.7,1037,69.5,96.7,58.1,94.7,x,x,392.2,328.8
"G","East of England","42","Suffolk","42UF","St Edmundsbury",,,1180,71.6,96.7,51.9,96,99.4,.6,381,321,68,39.7,83.8,25,82.4,95.6,4.4,273.9,242,1112,73.6,97.5,53.6,96.9,99.6,.4,387.6,325.8
"G","East of England","42","Suffolk","42UG","Suffolk Coastal",,,1350,68.1,95.6,55.2,94.3,99.2,.8,403.5,325.7,72,43.1,79.2,27.8,77.8,x,x,294.8,246.7,1278,69.5,96.5,56.7,95.2,x,x,409.6,330.1
"G","East of England","42","Suffolk","42UH","Waveney",,,1451,56.6,91.2,37.2,89,98.3,1.7,387.4,294.4,124,26.6,75,13.7,71,96,4,280.9,225.2,1327,59.4,92.8,39.4,90.7,98.6,1.4,397.4,300.9
"H","London",,,"00AA","City of London",,,20,75,100,60,100,100,0,417.4,339.5,6,x,100,x,100,x,x,466,358.5,14,x,100,x,100,x,x,396.5,331.4
"H","London",,,"00AB","Barking and Dagenham",,,2229,59.3,94.3,41.4,93.2,98.7,1.3,371.9,299.3,561,46.3,92.2,27.6,90.2,98.2,1.8,331.5,274.6,1668,63.7,95,46,94.2,98.8,1.2,385.5,307.6
"H","London",,,"00AC","Barnet",,,3130,73.1,94.6,61.7,93.9,98.9,1.1,418.6,336.6,502,54.8,91,38.8,89.4,98,2,359.2,290.7,2628,76.6,95.3,66.1,94.7,99,1,430,345.4
"H","London",,,"00AD","Bexley",,,2935,64.2,93.5,51,93.2,98.9,1.1,391,311.8,199,35.2,84.9,25.1,84.4,96,4,295.3,247,2736,66.3,94.1,52.9,93.9,99.2,.8,398,316.6
"H","London",,,"00AE","Brent",,,2868,67.6,94.1,53.6,93.1,98.6,1.4,399,318,612,57.5,92.5,43.1,91.3,98.9,1.1,359.3,291.1,2256,70.4,94.6,56.4,93.6,98.5,1.5,409.7,325.3
"H","London",,,"00AF","Bromley",,,3287,75.2,94.4,62.7,93.6,98.6,1.4,424.9,330.4,307,48.2,82.4,33.2,80.5,96.7,3.3,311.5,255.3,2980,78,95.6,65.7,95,98.8,1.2,436.6,338.1
"H","London",,,"00AG","Camden",,,1183,60.9,93,43.8,91.5,98,2,365.7,302.2,466,53.6,92.1,36.5,90.3,97.6,2.4,344.4,286.9,717,65.6,93.6,48.5,92.2,98.2,1.8,379.6,312.1
"H","London",,,"00AH","Croydon",,,3980,64.8,92.2,49.5,91.2,98.4,1.6,397.1,310.4,651,45.5,84,28.1,82.2,97.2,2.8,325,262.1,3329,68.5,93.8,53.7,92.9,98.6,1.4,411.2,319.8
"H","London",,,"00AJ","Ealing",,,3004,69.3,96,54,95.1,99.4,.6,426.9,327.9,724,52.3,92.5,35.2,91.3,98.8,1.2,366.7,290.6,2280,74.6,97.1,59.9,96.4,99.6,.4,446,339.7
"H","London",,,"00AK","Enfield",,,3670,60.3,92.2,48.9,90.8,97.4,2.6,365.7,302.5,662,41.2,84.9,29.6,81.6,94.6,5.4,300.4,252.6,3008,64.5,93.8,53.2,92.9,98,2,380,313.5
"H","London",,,"00AL","Greenwich",,,2557,60.3,92.8,44.8,91.1,98.8,1.2,383.4,301.3,596,44.1,87.6,28.2,85.1,97.8,2.2,319.2,259.1,1961,65.2,94.4,49.8,93,99.1,.9,403,314.1
"H","London",,,"00AM","Hackney",,,1941,57.7,91.7,41.5,90.2,98.3,1.7,357.1,294,740,53.8,89.6,35.8,88.8,97.6,2.4,338.7,280.9,1201,60.1,92.9,45,91.1,98.8,1.2,368.4,302.1
"H","London",,,"00AN","Hammersmith and Fulham",,,991,63.2,91.9,43.5,90.7,98.7,1.3,377.7,304.5,339,61.4,90,40.1,88.2,x,x,362.1,292,652,64.1,92.9,45.2,92,x,x,385.8,311
"H","London",,,"00AP","Haringey",,,2313,60.8,90.5,44.2,88.6,96.6,3.4,361.1,296.7,726,50.3,87.5,29.5,84.6,95.5,4.5,319.2,268.5,1587,65.6,91.9,50.9,90.4,97.1,2.9,380.3,309.6
"H","London",,,"00AQ","Harrow",,,2477,74.1,95.5,62.9,94.7,98.7,1.3,417.8,335.1,393,52.9,90.3,36.6,88.3,98,2,342.2,281.1,2084,78.1,96.5,67.8,95.9,98.8,1.2,432.1,345.2
"H","London",,,"00AR","Havering",,,2997,66.2,94.7,53.9,93.4,98.8,1.2,405,314.9,247,34.4,85.8,23.9,82.2,97.2,2.8,289.8,243.1,2750,69,95.5,56.5,94.4,98.9,1.1,415.4,321.3
"H","London",,,"00AS","Hillingdon",,,3101,65.6,92.6,49.3,91.2,98.7,1.3,397,310.1,469,43.1,81.4,27.1,79.3,96.8,3.2,306,251.5,2632,69.6,94.5,53.2,93.4,99.1,.9,413.2,320.5
"H","London",,,"00AT","Hounslow",,,2473,66.3,92.8,49.9,91.6,98.8,1.2,400.6,314.1,442,50.5,89.4,30.3,88.2,97.7,2.3,344.3,279,2031,69.7,93.5,54.1,92.3,99,1,412.9,321.7
"H","London",,,"00AU","Islington",,,1417,57.6,90.2,41.4,89,97.4,2.6,356,292.5,427,50.1,89,32.1,86.7,97.4,2.6,337.3,276.1,990,60.8,90.7,45.5,90,97.4,2.6,364,299.6
"H","London",,,"00AW","Kensington and Chelsea",,,518,67.6,94.4,51,93.6,98.5,1.5,390.7,315.9,126,x,92.9,x,92.9,x,x,380,312.3,392,x,94.9,x,93.9,x,x,394.1,317
"H","London",,,"00AX","Kingston upon Thames",,,1424,72.3,93.4,60.4,92.6,98.4,1.6,424.6,331.6,117,43.6,84.6,24.8,84.6,x,x,326.6,264.4,1307,74.8,94.2,63.6,93.3,x,x,433.4,337.7
"H","London",,,"00AY","Lambeth",,,2203,62.3,90.9,45.6,89.7,98.9,1.1,382.3,300,714,51.8,86.6,36.1,84.7,99,1,347.3,274.7,1489,67.3,93,50.2,92.1,98.8,1.2,399,312.2
"H","London",,,"00AZ","Lewisham",,,2665,61.1,91.7,45.9,90.4,98.4,1.6,376,301.3,594,48.5,86.9,31.5,84.7,97.1,2.9,330.3,270.5,2071,64.7,93.1,50,92.1,98.7,1.3,389.1,310.2
"H","London",,,"00BA","Merton",,,1732,67.4,90.8,53.3,89.9,97.7,2.3,386.1,309.7,186,50,81.7,32.8,81.2,94.6,5.4,311.9,254.7,1546,69.5,91.9,55.8,90.9,98.1,1.9,395,316.3
"H","London",,,"00BB","Newham",,,3243,58,94,45.7,92.1,99,1,363.4,300.7,1107,52.3,93,40.7,90.5,99,1,339.9,286.9,2136,60.9,94.6,48.3,92.9,99.1,.9,375.6,307.9
"H","London",,,"00BC","Redbridge",,,3196,72.7,95.7,62.7,94.8,98.5,1.5,418.4,330.8,510,50.8,90.8,38.6,88.4,97.3,2.7,343.8,280.5,2686,76.9,96.6,67.2,96.1,98.7,1.3,432.5,340.4
"H","London",,,"00BD","Richmond upon Thames",,,1169,73.1,92.5,64.5,91.8,98.5,1.5,426.2,332.3,139,43.2,77,36.7,75.5,96.4,3.6,302.6,251.9,1030,77.2,94.6,68.3,94,98.7,1.3,442.9,343.1
"H","London",,,"00BE","Southwark",,,2287,59.3,88.8,45.5,87.7,97.6,2.4,363.6,291.5,727,50.3,83.8,36,82.9,97.5,2.5,330.6,267.5,1560,63.5,91.2,49.9,89.9,97.6,2.4,378.9,302.7
"H","London",,,"00BF","Sutton",,,2209,72.6,95.3,57.5,94.1,99.1,.9,417.9,329.9,184,46.2,85.9,32.6,83.7,97.8,2.2,330.8,265.4,2025,75,96.1,59.8,95,99.3,.7,425.8,335.8
"H","London",,,"00BG","Tower Hamlets",,,2057,59.9,94.5,42.5,93.4,98.8,1.2,382.1,303.2,1320,57.3,94.5,40,93.3,98.4,1.6,373.4,298,737,64.5,94.4,46.9,93.6,99.5,.5,397.5,312.3
"H","London",,,"00BH","Waltham Forest",,,2693,62.3,94.6,47.6,93.9,98.4,1.6,377.4,306.5,543,44.6,92.8,30,91.5,97.6,2.4,327.5,274.2,2150,66.7,95.1,52,94.5,98.6,1.4,389.9,314.7
"H","London",,,"00BJ","Wandsworth",,,1622,62.9,90.7,48.3,89.3,98,2,377.7,304.2,347,52.7,89,35.4,86.7,97.7,2.3,343.7,281.1,1275,65.7,91.1,51.8,90,98.1,1.9,387,310.5
"H","London",,,"00BK","Westminster",,,944,63.7,91.1,46.5,90.4,98.1,1.9,370.2,303.6,365,59.7,88.2,41.4,86.6,97.5,2.5,353.4,292.4,579,66.1,92.9,49.7,92.7,98.4,1.6,380.8,310.6
"J","South East",,,"00LC","Medway",,,3447,65.7,93.1,46.4,92.4,98.5,1.5,395.5,306.3,310,35.2,81.3,16.5,78.4,94.5,5.5,279.5,231.1,3137,68.8,94.3,49.3,93.8,98.9,1.1,407,313.8
"J","South East",,,"00MA","Bracknell Forest",,,1187,61.8,96.8,51.1,95.7,99.6,.4,383.3,314.3,57,35.1,93,24.6,93,x,x,302.4,256.5,1130,63.1,97,52.4,95.8,x,x,387.4,317.2
"J","South East",,,"00MB","West Berkshire",,,1729,64.6,94.2,53.5,93.1,99.1,.9,395.4,319,70,25.7,80,14.3,77.1,x,x,256.3,224.7,1659,66.2,94.8,55.2,93.8,x,x,401.2,323
"J","South East",,,"00MC","Reading",,,1476,59.3,93.5,45,92.4,99.1,.9,378.5,304.3,186,30.1,80.6,18.8,76.9,97.3,2.7,268.5,228.3,1290,63.6,95.3,48.8,94.7,99.3,.7,394.4,315.3
"J","South East",,,"00MD","Slough",,,1632,63.1,95.2,51.3,93.6,99.1,.9,387.7,312.8,216,41.7,92.1,27.3,89.4,100,0,326.4,272.2,1416,66.4,95.7,54.9,94.2,99,1,397.1,319
"J","South East",,,"00ME","Windsor and Maidenhead",,,1355,73.3,95.4,62.7,94.8,99,1,415.7,331.6,59,32.2,76.3,25.4,72.9,x,x,265,229.2,1296,75.2,96.3,64.4,95.8,x,x,422.6,336.3
"J","South East",,,"00MF","Wokingham",,,1810,75.7,96.5,66.6,95.9,99,1,415.9,340,76,43.4,89.5,34.2,88.2,94.7,5.3,304.7,260.4,1734,77.2,96.8,68,96.2,99.2,.8,420.8,343.5
"J","South East",,,"00MG","Milton Keynes",,,2884,63.2,92.3,44,90.7,99.1,.9,394.5,305.6,279,34.1,77.8,16.8,74.9,98.2,1.8,271.5,227.4,2605,66.4,93.8,46.9,92.4,99.2,.8,407.7,314
"J","South East",,,"00ML","Brighton and Hove",,,2264,59.5,90.2,45,89.1,97.8,2.2,406.8,299.1,327,28.7,76.1,18.3,73.1,94.8,5.2,269.9,220.4,1937,64.7,92.6,49.5,91.8,98.3,1.7,430,312.4
"J","South East",,,"00MR","Portsmouth",,,2101,57.4,88.4,39,86.7,97,3,374,282.4,261,42.5,80.8,21.1,77,94.6,5.4,313.6,239.8,1840,59.5,89.5,41.5,88.1,97.3,2.7,382.6,288.4
"J","South East",,,"00MS","Southampton",,,2332,54.8,87.5,40.9,86,97.6,2.4,361.5,278.9,263,31.6,80.6,20.9,77.6,96.6,3.4,281.8,228.2,2069,57.7,88.4,43.5,87,97.7,2.3,371.6,285.3
"J","South East",,,"00MW","Isle of Wight",,,1557,56.3,89.9,41.6,88.6,97.4,2.6,366.3,287.3,260,35.4,80,23.8,78.8,94.6,5.4,279.6,231.2,1297,60.5,91.9,45.1,90.5,98,2,383.7,298.5
"J","South East","11","Buckinghamshire","11UB","Aylesbury Vale",,,1967,65.9,95.3,54.3,94.2,99.6,.4,409.3,322.6,114,27.2,88.6,19.3,86,100,0,289.9,242.1,1853,68.3,95.7,56.5,94.7,99.6,.4,416.7,327.6
"J","South East","11","Buckinghamshire","11UC","Chiltern",,,1094,78.2,96.1,71.5,95.8,99.4,.6,442.1,355.4,45,40,84.4,35.6,84.4,100,0,285.9,253.8,1049,79.9,96.6,73,96.3,99.3,.7,448.8,359.8
"J","South East","11","Buckinghamshire","11UE","South Bucks",,,725,76.4,95.6,68.7,95.2,x,x,438.4,344,33,42.4,84.8,27.3,84.8,x,x,331.2,263.6,692,78,96.1,70.7,95.7,99.6,.4,443.5,347.9
"J","South East","11","Buckinghamshire","11UF","Wycombe",,,1959,72.1,96.5,62,95.5,99.6,.4,427.8,337.4,175,34.9,90.9,28.6,88.6,x,x,311.7,257.6,1784,75.7,97.1,65.2,96.2,x,x,439.2,345.2
"J","South East","21","East Sussex","21UC","Eastbourne",,,1048,67.5,91.7,44.8,89.7,99.1,.9,383.3,303.1,126,50,81.7,28.6,80.2,x,x,322.6,255.6,922,69.8,93.1,47,91,x,x,391.6,309.6
"J","South East","21","East Sussex","21UD","Hastings",,,1090,49.1,85.6,31.4,82.5,96.8,3.2,322.2,269.2,162,22.2,67.3,8.6,63,93.2,6.8,218.6,194.8,928,53.8,88.8,35.3,85.9,97.4,2.6,340.3,282.2
"J","South East","21","East Sussex","21UF","Lewes",,,1004,61.6,92.5,49.4,91.5,98.8,1.2,381.7,306.1,66,19.7,84.8,12.1,81.8,93.9,6.1,255.6,220.5,938,64.5,93.1,52,92.2,99.1,.9,390.6,312.2
"J","South East","21","East Sussex","21UG","Rother",,,958,67.4,90,52.2,88.6,98.3,1.7,379.3,306.2,81,34.6,76.5,19.8,74.1,95.1,4.9,269.8,228.9,877,70.5,91.2,55.2,90,98.6,1.4,389.4,313.3
"J","South East","21","East Sussex","21UH","Wealden",,,1562,73.4,95,58.1,93.8,99.4,.6,433.5,330.7,56,30.4,87.5,17.9,80.4,100,0,291.3,242.4,1506,75,95.3,59.6,94.3,99.3,.7,438.8,334
"J","South East","24","Hampshire","24UB","Basingstoke and Deane",,,1826,64.2,94.1,49.6,93.1,98.5,1.5,389,308.5,98,33.7,85.7,29.6,82.7,96.9,3.1,273.1,236.8,1728,65.9,94.6,50.7,93.7,98.6,1.4,395.6,312.6
"J","South East","24","Hampshire","24UC","East Hampshire",,,1245,74.2,96.1,59.8,95.4,99.2,.8,421.8,327.6,48,39.6,87.5,22.9,87.5,x,x,305.8,255.7,1197,75.6,96.4,61.3,95.7,x,x,426.5,330.5
"J","South East","24","Hampshire","24UD","Eastleigh",,,1482,70.6,94.7,59.9,94.1,99.3,.7,428.4,322.6,92,38,83.7,29.3,82.6,x,x,298.3,246.4,1390,72.7,95.4,61.9,94.9,x,x,437,327.7
"J","South East","24","Hampshire","24UE","Fareham",,,1270,71.7,96.3,58.1,95.6,99.3,.7,418.3,326.6,38,28.9,76.3,13.2,73.7,x,x,272,219.3,1232,73,96.9,59.5,96.3,x,x,422.9,329.9
"J","South East","24","Hampshire","24UF","Gosport",,,990,53.7,90.6,43.5,89.1,97.5,2.5,363.7,287.4,68,30.9,80.9,23.5,76.5,x,x,282.6,232.6,922,55.4,91.3,45,90,x,x,369.6,291.5
"J","South East","24","Hampshire","24UG","Hart",,,961,75.1,96.9,63.9,96,99.3,.7,411.1,336.7,30,60,x,46.7,90,100,0,303.8,267.9,931,75.6,x,64.4,96.2,99.2,.8,414.5,338.9
"J","South East","24","Hampshire","24UH","Havant",,,1430,61,91.7,42.4,91.1,98.5,1.5,372,296.4,117,39.3,80.3,17.1,76.9,97.4,2.6,287.8,239.3,1313,62.9,92.7,44.6,92.4,98.6,1.4,379.5,301.5
"J","South East","24","Hampshire","24UJ","New Forest",,,1906,69.1,93.8,57.1,93.4,98.9,1.1,409.5,319.1,105,43.8,81,30.5,80,100,0,299.3,252.9,1801,70.6,94.5,58.6,94.2,98.8,1.2,415.9,323
"J","South East","24","Hampshire","24UL","Rushmoor",,,1066,61.4,94.6,44.6,93.5,98.4,1.6,370.2,306.1,117,37.6,82.9,19.7,82.1,94.9,5.1,274.1,239.1,949,64.3,96,47.6,94.9,98.8,1.2,382,314.4
"J","South East","24","Hampshire","24UN","Test Valley",,,1378,65.6,93.9,53.7,93.3,99,1,407.5,315.9,56,32.1,82.1,26.8,78.6,92.9,7.1,283.8,231.7,1322,67,94.4,54.8,93.9,99.2,.8,412.8,319.5
"J","South East","24","Hampshire","24UP","Winchester",,,1083,78.9,95.3,66.9,94.7,99,1,447.2,342.4,48,39.6,70.8,29.2,70.8,93.8,6.2,286.1,227.6,1035,80.7,96.4,68.7,95.8,99.2,.8,454.7,347.8
"J","South East","29","Kent","29UB","Ashford",,,1418,62.1,93.3,44.4,92,98.6,1.4,388,302.1,101,33.7,82.2,15.8,81.2,x,x,288.3,238.7,1317,64.2,94.2,46.6,92.8,x,x,395.6,307
"J","South East","29","Kent","29UC","Canterbury",,,1512,68,93.3,49.3,91.7,98.1,1.9,421.8,317.1,109,52.3,80.7,31.2,78.9,97.2,2.8,344.9,260.5,1403,69.2,94.3,50.7,92.7,98.1,1.9,427.8,321.5
"J","South East","29","Kent","29UD","Dartford",,,1116,67.2,94.4,46.8,92.7,98.7,1.3,418.4,313.7,61,34.4,88.5,19.7,85.2,x,x,293.1,237.7,1055,69.1,94.7,48.3,93.1,x,x,425.7,318.1
"J","South East","29","Kent","29UE","Dover",,,1354,65.5,94.5,47,93.4,98.9,1.1,395,310.6,123,37.4,84.6,24.4,83.7,x,x,293.9,247.4,1231,68.3,95.5,49.2,94.3,x,x,405.1,316.9
"J","South East","29","Kent","29UG","Gravesham",,,1318,62.5,93.7,48,92.4,99.2,.8,388.3,304.8,129,33.3,86.8,17.8,84.5,96.9,3.1,284.2,235.1,1189,65.7,94.4,51.3,93.3,99.4,.6,399.6,312.4
"J","South East","29","Kent","29UH","Maidstone",,,1780,70.1,90.8,52.8,90,97.6,2.4,448.8,316.9,113,35.4,66.4,21.2,64.6,92.9,7.1,252.9,203.6,1667,72.5,92.5,54.9,91.7,98,2,462,324.6
"J","South East","29","Kent","29UK","Sevenoaks",,,1242,71.2,96,59.7,94.9,99.1,.9,427.4,333.2,71,33.8,85.9,21.1,85.9,x,x,311.9,254.2,1171,73.4,96.6,62.1,95.5,x,x,434.4,338
"J","South East","29","Kent","29UL","Shepway",,,1246,65.5,91.7,43.7,90.9,98.6,1.4,389.6,300.5,122,45.1,86.9,24.6,85.2,x,x,312.2,249.7,1124,67.7,92.2,45.8,91.5,x,x,398,306
"J","South East","29","Kent","29UM","Swale",,,1677,60.5,88.8,42.9,87.4,97.4,2.6,371.5,289.4,196,30.6,70.4,14.8,68.9,94.4,5.6,242.9,202.9,1481,64.5,91.3,46.7,89.9,97.8,2.2,388.5,300.8
"J","South East","29","Kent","29UN","Thanet",,,1685,63.3,91.6,40.3,88.2,98.3,1.7,379.7,297.4,188,39.4,81.9,13.8,75.5,96.3,3.7,293.6,239.4,1497,66.3,92.8,43.6,89.8,98.6,1.4,390.5,304.7
"J","South East","29","Kent","29UP","Tonbridge and Malling",,,1428,73.2,93.7,57.4,92.5,98.3,1.7,427.8,325.5,57,42.1,82.5,26.3,80.7,x,x,284.3,239,1371,74.5,94.2,58.6,93,x,x,433.8,329.1
"J","South East","29","Kent","29UQ","Tunbridge Wells",,,1165,79.6,95.5,64.3,94.4,98.7,1.3,448.1,345.4,55,47.3,76.4,27.3,72.7,92.7,7.3,303.8,236.8,1110,81.2,96.5,66.1,95.5,99,1,455.2,350.8
"J","South East","38","Oxfordshire","38UB","Cherwell",,,1506,63.6,93.6,47,91.8,98.3,1.7,389.2,307.5,98,33.7,82.7,14.3,78.6,95.9,4.1,273,229.2,1408,65.7,94.3,49.3,92.8,98.5,1.5,397.3,312.9
"J","South East","38","Oxfordshire","38UC","Oxford",,,1117,50.9,89.8,39.4,88.3,97,3,348.2,286.8,136,22.8,76.5,14,75.7,x,x,253.4,218.2,981,54.7,91.6,42.9,90,x,x,361.4,296.3
"J","South East","38","Oxfordshire","38UD","South Oxfordshire",,,1406,66.8,93.2,56.6,91.5,97.4,2.6,399.1,319.3,95,33.7,77.9,23.2,75.8,93.7,6.3,270,229.3,1311,69.2,94.3,59,92.7,97.7,2.3,408.5,325.8
"J","South East","38","Oxfordshire","38UE","Vale of White Horse",,,1213,66.7,94.3,52.3,93.3,97.6,2.4,409.5,318.9,62,35.5,75.8,19.4,75.8,88.7,11.3,278.1,227.4,1151,68.4,95.3,54,94.3,98.1,1.9,416.6,323.8
"J","South East","38","Oxfordshire","38UF","West Oxfordshire",,,1198,66,94.4,57.8,93.2,98.3,1.7,407.1,323.2,35,42.9,77.1,31.4,74.3,x,x,285.8,235.4,1163,66.7,94.9,58.6,93.8,x,x,410.8,325.9
"J","South East","43","Surrey","43UB","Elmbridge",,,888,72.2,93.7,62.3,93.6,98.6,1.4,414.3,329.3,55,36.4,81.8,20,81.8,94.5,5.5,286.1,244,833,74.5,94.5,65.1,94.4,98.9,1.1,422.7,334.9
"J","South East","43","Surrey","43UC","Epsom and Ewell",,,784,74,94.8,62,94.4,99.1,.9,416.5,336.2,20,55,x,40,x,100,0,348.6,288.7,764,74.5,x,62.6,x,99.1,.9,418.3,337.5
"J","South East","43","Surrey","43UD","Guildford",,,1217,70.4,93.8,54.6,93.2,99.3,.7,426.6,321.7,58,36.2,70.7,10.3,70.7,100,0,265.8,213.1,1159,72.1,95,56.9,94.3,99.3,.7,434.7,327.1
"J","South East","43","Surrey","43UE","Mole Valley",,,828,72.2,95,61,94.3,98.8,1.2,415.2,328.8,17,41.2,82.4,29.4,82.4,x,x,281,240.2,811,72.9,95.3,61.7,94.6,x,x,418,330.6
"J","South East","43","Surrey","43UF","Reigate and Banstead",,,1313,64.8,92.1,55.2,91.1,97.6,2.4,389.2,313.2,55,43.6,83.6,34.5,83.6,94.5,5.5,298.2,247.6,1258,65.7,92.4,56.1,91.4,97.8,2.2,393.1,316.1
"J","South East","43","Surrey","43UG","Runnymede",,,684,65.2,94.4,55,93.6,x,x,394,317.5,36,33.3,80.6,22.2,x,x,x,263.8,233,648,67,95.2,56.8,x,x,x,401.2,322.2
"J","South East","43","Surrey","43UH","Spelthorne",,,1020,68.8,93.8,54.8,91.4,98.4,1.6,404.9,314.9,47,34,78.7,23.4,74.5,x,x,265.5,223.8,973,70.5,94.6,56.3,92.2,x,x,411.7,319.3
"J","South East","43","Surrey","43UJ","Surrey Heath",,,986,72.3,95,63.7,94.3,99.1,.9,411.7,334.1,31,38.7,77.4,38.7,77.4,x,x,326.1,263.8,955,73.4,95.6,64.5,94.9,x,x,414.5,336.4
"J","South East","43","Surrey","43UK","Tandridge",,,779,67.4,92.8,55.8,91.9,99,1,398.7,314,30,46.7,56.7,26.7,53.3,100,0,256.8,216.2,749,68.2,94.3,57,93.5,98.9,1.1,404.4,318
"J","South East","43","Surrey","43UL","Waverley",,,1005,74.7,95.3,61.7,94.8,98.7,1.3,426.9,334.6,36,41.7,83.3,27.8,80.6,x,x,299.8,248.9,969,76,95.8,63,95.4,x,x,431.7,337.8
"J","South East","43","Surrey","43UM","Woking",,,951,72.9,95.7,60.1,95.3,98.7,1.3,417.4,334.5,57,47.4,84.2,24.6,84.2,x,x,311.3,261.8,894,74.5,96.4,62.4,96,x,x,424.1,339.1
"J","South East","45","West Sussex","45UB","Adur",,,654,55.4,91.6,35.8,89.9,98.5,1.5,352.7,288.3,54,27.8,79.6,13,79.6,x,x,236,210.8,600,57.8,92.7,37.8,90.8,x,x,363.2,295.3
"J","South East","45","West Sussex","45UC","Arun",,,1542,53.5,90.5,40.7,88.9,97.8,2.2,341.7,285.6,106,20.8,71.7,11.3,68.9,96.2,3.8,224.1,199.1,1436,55.9,91.9,42.9,90.4,97.9,2.1,350.4,292
"J","South East","45","West Sussex","45UD","Chichester",,,1051,66.3,93.6,52.7,92.6,99.1,.9,401.2,317.7,54,50,87,37,87,x,x,334.7,268.6,997,67.2,94,53.6,92.9,x,x,404.8,320.4
"J","South East","45","West Sussex","45UE","Crawley",,,1247,63.8,93.7,46.4,92.8,97.7,2.3,376.3,304.2,87,42.5,86.2,21.8,85.1,92,8,300.3,246.5,1160,65.3,94.2,48.3,93.4,98.1,1.9,382,308.6
"J","South East","45","West Sussex","45UF","Horsham",,,1453,74.9,95.8,63.6,94.1,99,1,438.4,336.8,38,34.2,81.6,23.7,78.9,x,x,297.2,246.3,1415,76,96.2,64.7,94.5,x,x,442.2,339.3
"J","South East","45","West Sussex","45UG","Mid Sussex",,,1444,71.7,95.2,59.3,94.8,98.6,1.4,393.4,327.2,50,18,78,10,76,x,x,230.8,210.9,1394,73.6,95.8,61,95.5,x,x,399.2,331.4
"J","South East","45","West Sussex","45UH","Worthing",,,1069,64.6,93.6,51,93,98.2,1.8,390.7,309.4,57,26.3,82.5,17.5,80.7,x,x,261.6,223.4,1012,66.8,94.3,52.9,93.7,x,x,398,314.2
"K","South West",,,"00HA","Bath and North East Somerset",,,1723,68.3,93.9,56.6,92.4,98.5,1.5,406.6,321.6,108,33.3,79.6,21.3,77.8,96.3,3.7,285.5,240.5,1615,70.6,94.9,58.9,93.4,98.6,1.4,414.7,327.1
"K","South West",,,"00HB","Bristol, City of",,,3603,55.6,89.6,36.5,85.5,97.4,2.6,356.8,283.8,607,33.6,80.9,14.7,73.3,94.9,5.1,280.3,229.6,2996,60.1,91.4,41,87.9,97.9,2.1,372.3,294.8
"K","South West",,,"00HC","North Somerset",,,2220,63.3,94.6,51,92.5,98.9,1.1,388.6,313.5,158,31.6,88,15.8,78.5,98.1,1.9,277.9,239.2,2062,65.8,95.2,53.7,93.5,99,1,397.1,319.2
"K","South West",,,"00HD","South Gloucestershire",,,3207,66.2,93.6,51.2,91.6,98.3,1.7,399.3,311,135,21.5,81.5,14.1,75.6,96.3,3.7,261.1,223.4,3072,68.2,94.1,52.8,92.3,98.4,1.6,405.4,314.8
"K","South West",,,"00HE","Cornwall",,,.,.,.,.,.,.,.,.,.,.,.,.,.,.,.,.,.,.,.,.,.,.,.,.,.,.,.
"K","South West",,,"00HF","Isles of Scilly",,,23,87,100,69.6,100,100,0,445.4,357.1,0,.,.,.,.,.,.,.,.,23,87,100,69.6,100,100,0,445.4,357.1
"K","South West",,,"00HG","Plymouth",,,2919,65.6,92.2,44.1,90.3,98.3,1.7,373.6,302.2,295,50.5,84.4,22.7,79.3,98.3,1.7,317.2,257.6,2624,67.3,93.1,46.5,91.6,98.2,1.8,380,307.2
"K","South West",,,"00HH","Torbay",,,1524,59.1,90.7,43.2,89.8,98.2,1.8,373.5,299.3,187,35.8,77,25.7,77,96.3,3.7,286.8,234.3,1337,62.3,92.7,45.6,91.6,98.4,1.6,385.6,308.3
"K","South West",,,"00HN","Bournemouth",,,1620,63.6,91.9,47.2,91,98.5,1.5,379.2,306.7,159,38.4,81.8,25.8,80.5,98.1,1.9,288,247.6,1461,66.4,93,49.6,92.2,98.6,1.4,389.1,313.2
"K","South West",,,"00HP","Poole",,,1564,63.6,93.2,52.4,92.1,98.2,1.8,390,312,102,40.2,82.4,32.4,79.4,96.1,3.9,303.2,250.1,1462,65.2,94,53.8,93,98.4,1.6,396.1,316.4
"K","South West",,,"00HX","Swindon",,,2411,56.2,90.4,41.6,88.5,98.5,1.5,354.8,291,276,25,72.8,15.6,68.8,94.6,5.4,242.1,212.8,2135,60.2,92.6,45,91,99,1,369.3,301.2
"K","South West",,,"00HY","Wiltshire",,,.,.,.,.,.,.,.,.,.,.,.,.,.,.,.,.,.,.,.,.,.,.,.,.,.,.,.
"K","South West","18","Devon","18UB","East Devon",,,1375,68.1,93.2,57.4,91.3,98,2,404.3,318.5,74,40.5,77,31.1,74.3,94.6,5.4,297.5,244.6,1301,69.6,94.1,58.9,92.3,98.2,1.8,410.4,322.7
"K","South West","18","Devon","18UC","Exeter",,,1063,60.6,91.3,44.8,88.2,98.5,1.5,395,300.7,118,44.1,83.1,26.3,81.4,x,x,319.7,255.5,945,62.6,92.4,47.1,89.1,x,x,404.4,306.4
"K","South West","18","Devon","18UD","Mid Devon",,,806,63.8,93.9,52.7,92.8,98.8,1.2,406.7,310.8,43,30.2,81.4,16.3,79.1,x,x,298,236,763,65.7,94.6,54.8,93.6,x,x,412.9,315
"K","South West","18","Devon","18UE","North Devon",,,1080,58,95.1,41.2,93.6,98.8,1.2,381.6,304.3,101,28.7,86.1,13.9,84.2,96,4,286.4,241,979,61,96,44,94.6,99.1,.9,391.4,310.8
"K","South West","18","Devon","18UG","South Hams",,,1005,75.2,95.8,56.8,94.7,99.1,.9,427.8,333.9,48,47.9,87.5,31.3,85.4,93.8,6.2,304,257.4,957,76.6,96.2,58.1,95.2,99.4,.6,434.1,337.8
"K","South West","18","Devon","18UH","Teignbridge",,,1385,63.5,92.4,50.7,91.6,98.6,1.4,382,307.3,106,34,77.4,23.6,76.4,97.2,2.8,279.3,236,1279,65.9,93.7,52.9,92.8,98.7,1.3,390.5,313.3
"K","South West","18","Devon","18UK","Torridge",,,679,57.4,94.6,44,92.5,99.4,.6,368.9,300.5,51,27.5,86.3,19.6,84.3,x,x,291.3,248,628,59.9,95.2,46,93.2,x,x,375.2,304.7
"K","South West","18","Devon","18UL","West Devon",,,563,72.1,94.7,62.7,93.3,98.8,1.2,402.4,328.8,31,54.8,90.3,41.9,87.1,x,x,317.5,271.8,532,73.1,94.9,63.9,93.6,x,x,407.3,332.1
"K","South West","19","Dorset","19UC","Christchurch",,,496,68.5,96.8,55.2,96.2,x,x,392.4,321.7,32,56.3,100,40.6,x,100,0,334.9,286.8,464,69.4,96.6,56.3,x,x,x,396.4,324.1
"K","South West","19","Dorset","19UD","East Dorset",,,952,68.7,94.5,55.1,93.2,98.8,1.2,404.8,324.7,35,42.9,77.1,28.6,74.3,x,x,289.4,246.5,917,69.7,95.2,56.2,93.9,x,x,409.2,327.7
"K","South West","19","Dorset","19UE","North Dorset",,,691,64.7,93.5,52.4,91.5,99.3,.7,384.2,312.9,43,34.9,83.7,23.3,83.7,100,0,280.3,241.8,648,66.7,94.1,54.3,92,99.2,.8,391.1,317.6
"K","South West","19","Dorset","19UG","Purbeck",,,541,67.5,95.4,57.7,95,98.7,1.3,384.1,318,24,29.2,x,25,x,100,0,280.8,251.9,517,69.2,x,59.2,x,98.6,1.4,388.9,321.1
"K","South West","19","Dorset","19UH","West Dorset",,,1051,74.4,96.1,62.5,94.6,x,x,468.8,337.6,62,48.4,93.5,35.5,87.1,x,x,362.9,283.3,989,76,96.3,64.2,95,99.7,.3,475.4,341
"K","South West","19","Dorset","19UJ","Weymouth and Portland",,,727,60.9,93.7,42.6,91.6,98.8,1.2,380.7,302,54,38.9,83.3,22.2,83.3,x,x,321.8,255.9,673,62.7,94.5,44.3,92.3,x,x,385.5,305.7
"K","South West","23","Gloucestershire","23UB","Cheltenham",,,1083,70.6,92.3,59.3,91.3,98.7,1.3,405,322.1,81,30.9,80.2,22.2,74.1,96.3,3.7,270.5,229.1,1002,73.9,93.3,62.3,92.7,98.9,1.1,415.9,329.6
"K","South West","23","Gloucestershire","23UC","Cotswold",,,841,69.4,97.3,57.8,96.7,x,x,407.9,331.3,24,45.8,x,37.5,x,x,x,354.6,293.4,817,70.1,x,58.4,x,x,x,409.4,332.5
"K","South West","23","Gloucestershire","23UD","Forest of Dean",,,926,62.5,92.1,51.7,91.3,97.9,2.1,382.8,305.5,71,29.6,81.7,21.1,81.7,x,x,271.8,233.8,855,65.3,93,54.3,92,x,x,392,311.4
"K","South West","23","Gloucestershire","23UE","Gloucester",,,1498,61.1,91.1,50.7,87.5,98.3,1.7,360.8,300,129,30.2,79.1,19.4,71.3,96.1,3.9,253.2,220.5,1369,64.1,92.2,53.7,89,98.5,1.5,370.9,307.5
"K","South West","23","Gloucestershire","23UF","Stroud",,,1335,67.1,94.3,57.7,93.2,98.7,1.3,400,319.7,45,26.7,84.4,22.2,82.2,100,0,278.7,237.2,1290,68.5,94.7,58.9,93.6,98.7,1.3,404.2,322.6
"K","South West","23","Gloucestershire","23UG","Tewkesbury",,,906,73.5,93.2,61.5,90.9,99.1,.9,394.5,328.7,35,34.3,68.6,20,54.3,x,x,251.3,220.1,871,75.1,94.1,63.1,92.4,x,x,400.3,333.1
"K","South West","40","Somerset","40UB","Mendip",,,1248,63.5,93.7,49.4,91.3,98.7,1.3,376,309,72,41.7,87.5,27.8,83.3,x,x,299,255.9,1176,64.9,94,50.8,91.8,x,x,380.7,312.2
"K","South West","40","Somerset","40UC","Sedgemoor",,,1352,54.4,93,40.8,91,98.4,1.6,367.8,296.4,84,13.1,73.8,9.5,67.9,x,x,222.8,194.4,1268,57.1,94.2,42.8,92.5,x,x,377.4,303.1
"K","South West","40","Somerset","40UD","South Somerset",,,1782,62.5,94.2,48.6,92,99,1,383.1,307.6,80,26.3,78.8,18.8,71.3,96.3,3.7,259,217.5,1702,64.2,94.9,50,92.9,99.2,.8,388.9,311.8
"K","South West","40","Somerset","40UE","Taunton Deane",,,1242,65.4,92.3,51.5,89.4,98.5,1.5,395.8,307.6,90,41.1,82.2,31.1,75.6,x,x,301.6,251.3,1152,67.3,93.1,53.1,90.5,x,x,403.2,312
"K","South West","40","Somerset","40UF","West Somerset",,,350,55.7,94,40.6,91.1,98.9,1.1,359.3,298.3,32,28.1,x,12.5,x,x,x,270.7,231.5,318,58.5,x,43.4,x,x,x,368.2,305