DATASET_TITLE,Household Composition - Households (UV65),,,,FROM,Apr-2001,Apr-2001,Apr-2001,Apr-2001,Apr-2001,Apr-2001,Apr-2001,Apr-2001,Apr-2001,Apr-2001,Apr-2001,Apr-2001,Apr-2001,Apr-2001,Apr-2001,Apr-2001,Apr-2001,Apr-2001,Apr-2001,Apr-2001,Apr-2001,Apr-2001,Apr-2001,Apr-2001,Apr-2001,Apr-2001
AREA_TYPE,County,,,,TO,Apr-2001,Apr-2001,Apr-2001,Apr-2001,Apr-2001,Apr-2001,Apr-2001,Apr-2001,Apr-2001,Apr-2001,Apr-2001,Apr-2001,Apr-2001,Apr-2001,Apr-2001,Apr-2001,Apr-2001,Apr-2001,Apr-2001,Apr-2001,Apr-2001,Apr-2001,Apr-2001,Apr-2001,Apr-2001,Apr-2001
GEO_HIERARCHY,NeSS Geography Hierarchy,,,,HEADING,All Households,One person,One person: Pensioner,One person: Other,One family and no others,One family and no others: All pensioners,One family and no others: Married couple households,One family and no others: Married couple households: No children,One family and no others: Married couple households: With one dependent child,One family and no others: Married couple households: With two or more dependent children,One family and no others: Married couple households: All children non-dependent,One family and no others: Cohabiting couple family households,One family and no others: Cohabiting couple family households: No children,One family and no others: Cohabiting couple family households: With one dependent child,One family and no others: Cohabiting couple family households: With two or more dependent children,One family and no others: Cohabiting couple family households: All children non-dependent,One family and no others: Lone parent households,One family and no others: Lone parent households: With one dependent child,One family and no others: Lone parent households: With two or more dependent children,One family and no others: Lone parent households: All children non-dependent,Other households,Other households: With one dependent child,Other households: With two or more dependent children,Other households: All student,Other households: All pensioner,Other households: Other
,,,,,MEASUREMENT_UNIT,Count,Count,Count,Count,Count,Count,Count,Count,Count,Count,Count,Count,Count,Count,Count,Count,Count,Count,Count,Count,Count,Count,Count,Count,Count,Count
,,,,,STATISTICAL_UNIT,Households,Households,Households,Households,Households,Households,Households,Households,Households,Households,Households,Households,Households,Households,Households,Households,Households,Households,Households,Households,Households,Households,Households,Households,Households,Households
GOR_CODE,GOR_NAME,CTY_CODE,CTY_NAME,AREA_METADATA,,DATA_VALUE,DATA_VALUE,DATA_VALUE,DATA_VALUE,DATA_VALUE,DATA_VALUE,DATA_VALUE,DATA_VALUE,DATA_VALUE,DATA_VALUE,DATA_VALUE,DATA_VALUE,DATA_VALUE,DATA_VALUE,DATA_VALUE,DATA_VALUE,DATA_VALUE,DATA_VALUE,DATA_VALUE,DATA_VALUE,DATA_VALUE,DATA_VALUE,DATA_VALUE,DATA_VALUE,DATA_VALUE,DATA_VALUE
"E","East Midlands","17","Derbyshire",,,308869,85400,45175,40225,211757,30232,127884,48338,21894,36038,21614,28150,15252,5901,5821,1176,25491,8657,7851,8983,11712,2242,1984,25,1052,6409
"E","East Midlands","31","Leicestershire",,,245245,61561,31714,29847,172240,25264,107249,39333,17848,32475,17593,21905,12637,4226,4148,894,17822,5942,5433,6447,11444,1934,2230,835,859,5586
"E","East Midlands","32","Lincolnshire",,,272153,73440,40453,32987,185991,32816,109907,45917,17518,31010,15462,22871,12688,4569,4738,876,20397,7162,6765,6470,12722,2047,2075,662,1190,6748
"E","East Midlands","34","Northamptonshire",,,259066,70646,32572,38074,174786,22354,104578,39179,17768,32368,15263,24720,14048,4801,4922,949,23134,8198,8073,6863,13634,2363,2433,548,767,7523
"E","East Midlands","37","Nottinghamshire",,,314027,86078,44121,41957,214039,31197,127490,48926,21615,36342,20607,27821,15587,5491,5678,1065,27531,10073,8731,8727,13910,2396,2379,679,990,7466