DATASET_TITLE,Household Composition - People - Alternative Classification (UV47),,,,FROM,Apr-2001,Apr-2001,Apr-2001,Apr-2001,Apr-2001,Apr-2001,Apr-2001,Apr-2001,Apr-2001,Apr-2001,Apr-2001
AREA_TYPE,County,,,,TO,Apr-2001,Apr-2001,Apr-2001,Apr-2001,Apr-2001,Apr-2001,Apr-2001,Apr-2001,Apr-2001,Apr-2001,Apr-2001
GEO_HIERARCHY,NeSS Geography Hierarchy,,,,HEADING,All People in Households,One Person Households,One Person Households: 1 adult of pensionable age and no children,One Person Households: 1 adult of non-pensionable age and no children,Other Households,Other Households: 1 adult of any age and 1 or more children,"Other Households: 1 adult of non-pensionable age and 1 of pensionable age and no children, or 2 adults of pensionable age and no children",Other Households:  2 adults and 1 or 2 children,Other Households:  2 adults of non-pensionable age and no children,"Other Households:  2 adults and 3 or more children, or 3 or more adults and 1 or more children",Other Households:  3 or more adults and no children
,,,,,MEASUREMENT_UNIT,Count,Count,Count,Count,Count,Count,Count,Count,Count,Count,Count
,,,,,STATISTICAL_UNIT,Persons,Persons,Persons,Persons,Persons,Persons,Persons,Persons,Persons,Persons,Persons
GOR_CODE,GOR_NAME,CTY_CODE,CTY_NAME,AREA_METADATA,,DATA_VALUE,DATA_VALUE,DATA_VALUE,DATA_VALUE,DATA_VALUE,DATA_VALUE,DATA_VALUE,DATA_VALUE,DATA_VALUE,DATA_VALUE,DATA_VALUE
"E","East Midlands","17","Derbyshire",,,725667,85400,45175,40225,640267,35654,91698,166089,120238,110707,115881
"E","East Midlands","31","Leicestershire",,,596120,61561,31714,29847,534559,23573,74650,138907,98128,99281,100020
"E","East Midlands","32","Lincolnshire",,,635026,73440,40453,32987,561586,29876,96746,136044,106756,99707,92457
"E","East Midlands","34","Northamptonshire",,,619987,70646,32572,38074,549341,35220,67798,143289,104960,106001,92073
"E","East Midlands","37","Nottinghamshire",,,738168,86078,44121,41957,652090,40416,94042,165288,123084,112662,116598