<ns1:getDataCubeElement>	<DataCubeQueryMessage xmlns:xsi="http://www.w3.org/2001/XMLSchema-instance" xmlns="http://neighbourhood.statistics.gov.uk/dissemination/resources/schemas/datacubequery" xsi:schemaLocation="http://neighbourhood.statistics.gov.uk/dissemination/resources/schemas/datacubequery NeSSDataCubeQueryMessage-v0-4.xsd" version="0.5">		<Query repository="NeSS" type="custom">			<Dimension name="variablefamily" isMeasuredDimension="true">				<Group dimension="dataset" code="161" type="all"/>			</Dimension>			<Dimension name="area" isSpatialDimension="true">				<Item><HierarchyArea><AreaId>299669</AreaId></HierarchyArea></Item><Item><HierarchyArea><AreaId>299671</AreaId></HierarchyArea></Item><Item><HierarchyArea><AreaId>299673</AreaId></HierarchyArea></Item><Item><HierarchyArea><AreaId>299674</AreaId></HierarchyArea></Item><Item><HierarchyArea><AreaId>299670</AreaId></HierarchyArea></Item><Item><HierarchyArea><AreaId>299672</AreaId></HierarchyArea></Item><Item><HierarchyArea><AreaId>299676</AreaId></HierarchyArea></Item><Item><HierarchyArea><AreaId>299679</AreaId></HierarchyArea></Item><Item><HierarchyArea><AreaId>299700</AreaId></HierarchyArea></Item><Item><HierarchyArea><AreaId>299701</AreaId></HierarchyArea></Item><Item><HierarchyArea><AreaId>299702</AreaId></HierarchyArea></Item><Item><HierarchyArea><AreaId>299703</AreaId></HierarchyArea></Item><Item><HierarchyArea><AreaId>299705</AreaId></HierarchyArea></Item><Item><HierarchyArea><AreaId>299711</AreaId></HierarchyArea></Item><Item><HierarchyArea><AreaId>299717</AreaId></HierarchyArea></Item><Item><HierarchyArea><AreaId>299719</AreaId></HierarchyArea></Item><Item><HierarchyArea><AreaId>299720</AreaId></HierarchyArea></Item><Item><HierarchyArea><AreaId>299721</AreaId></HierarchyArea></Item><Item><HierarchyArea><AreaId>299722</AreaId></HierarchyArea></Item><Item><HierarchyArea><AreaId>299675</AreaId></HierarchyArea></Item><Item><HierarchyArea><AreaId>299677</AreaId></HierarchyArea></Item><Item><HierarchyArea><AreaId>299680</AreaId></HierarchyArea></Item><Item><HierarchyArea><AreaId>299681</AreaId></HierarchyArea></Item><Item><HierarchyArea><AreaId>299727</AreaId></HierarchyArea></Item><Item><HierarchyArea><AreaId>299688</AreaId></HierarchyArea></Item><Item><HierarchyArea><AreaId>299691</AreaId></HierarchyArea></Item><Item><HierarchyArea><AreaId>299692</AreaId></HierarchyArea></Item><Item><HierarchyArea><AreaId>299693</AreaId></HierarchyArea></Item><Item><HierarchyArea><AreaId>299718</AreaId></HierarchyArea></Item><Item><HierarchyArea><AreaId>299678</AreaId></HierarchyArea></Item><Item><HierarchyArea><AreaId>299704</AreaId></HierarchyArea></Item><Item><HierarchyArea><AreaId>299723</AreaId></HierarchyArea></Item><Item><HierarchyArea><AreaId>299725</AreaId></HierarchyArea></Item><Item><HierarchyArea><AreaId>299726</AreaId></HierarchyArea></Item><Item><HierarchyArea><AreaId>299706</AreaId></HierarchyArea></Item><Item><HierarchyArea><AreaId>299707</AreaId></HierarchyArea></Item><Item><HierarchyArea><AreaId>299708</AreaId></HierarchyArea></Item><Item><HierarchyArea><AreaId>299709</AreaId></HierarchyArea></Item><Item><HierarchyArea><AreaId>299689</AreaId></HierarchyArea></Item><Item><HierarchyArea><AreaId>299724</AreaId></HierarchyArea></Item><Item><HierarchyArea><AreaId>299742</AreaId></HierarchyArea></Item><Item><HierarchyArea><AreaId>299743</AreaId></HierarchyArea></Item><Item><HierarchyArea><AreaId>299745</AreaId></HierarchyArea></Item><Item><HierarchyArea><AreaId>299690</AreaId></HierarchyArea></Item><Item><HierarchyArea><AreaId>299698</AreaId></HierarchyArea></Item><Item><HierarchyArea><AreaId>299710</AreaId></HierarchyArea></Item><Item><HierarchyArea><AreaId>299741</AreaId></HierarchyArea></Item><Item><HierarchyArea><AreaId>299746</AreaId></HierarchyArea></Item><Item><HierarchyArea><AreaId>299682</AreaId></HierarchyArea></Item><Item><HierarchyArea><AreaId>299683</AreaId></HierarchyArea></Item><Item><HierarchyArea><AreaId>299686</AreaId></HierarchyArea></Item><Item><HierarchyArea><AreaId>299687</AreaId></HierarchyArea></Item><Item><HierarchyArea><AreaId>299712</AreaId></HierarchyArea></Item><Item><HierarchyArea><AreaId>299714</AreaId></HierarchyArea></Item><Item><HierarchyArea><AreaId>299716</AreaId></HierarchyArea></Item><Item><HierarchyArea><AreaId>299728</AreaId></HierarchyArea></Item><Item><HierarchyArea><AreaId>299694</AreaId></HierarchyArea></Item><Item><HierarchyArea><AreaId>299699</AreaId></HierarchyArea></Item><Item><HierarchyArea><AreaId>299713</AreaId></HierarchyArea></Item><Item><HierarchyArea><AreaId>299744</AreaId></HierarchyArea></Item><Item><HierarchyArea><AreaId>299684</AreaId></HierarchyArea></Item><Item><HierarchyArea><AreaId>299685</AreaId></HierarchyArea></Item><Item><HierarchyArea><AreaId>299729</AreaId></HierarchyArea></Item><Item><HierarchyArea><AreaId>299730</AreaId></HierarchyArea></Item><Item><HierarchyArea><AreaId>299731</AreaId></HierarchyArea></Item><Item><HierarchyArea><AreaId>299660</AreaId></HierarchyArea></Item><Item><HierarchyArea><AreaId>299661</AreaId></HierarchyArea></Item><Item><HierarchyArea><AreaId>299662</AreaId></HierarchyArea></Item><Item><HierarchyArea><AreaId>299695</AreaId></HierarchyArea></Item><Item><HierarchyArea><AreaId>299697</AreaId></HierarchyArea></Item><Item><HierarchyArea><AreaId>299640</AreaId></HierarchyArea></Item><Item><HierarchyArea><AreaId>299641</AreaId></HierarchyArea></Item><Item><HierarchyArea><AreaId>299643</AreaId></HierarchyArea></Item><Item><HierarchyArea><AreaId>299644</AreaId></HierarchyArea></Item><Item><HierarchyArea><AreaId>299645</AreaId></HierarchyArea></Item><Item><HierarchyArea><AreaId>299651</AreaId></HierarchyArea></Item><Item><HierarchyArea><AreaId>299652</AreaId></HierarchyArea></Item><Item><HierarchyArea><AreaId>299654</AreaId></HierarchyArea></Item><Item><HierarchyArea><AreaId>299655</AreaId></HierarchyArea></Item><Item><HierarchyArea><AreaId>299696</AreaId></HierarchyArea></Item><Item><HierarchyArea><AreaId>299642</AreaId></HierarchyArea></Item><Item><HierarchyArea><AreaId>299665</AreaId></HierarchyArea></Item><Item><HierarchyArea><AreaId>299732</AreaId></HierarchyArea></Item><Item><HierarchyArea><AreaId>299733</AreaId></HierarchyArea></Item><Item><HierarchyArea><AreaId>299734</AreaId></HierarchyArea></Item><Item><HierarchyArea><AreaId>299646</AreaId></HierarchyArea></Item><Item><HierarchyArea><AreaId>299647</AreaId></HierarchyArea></Item><Item><HierarchyArea><AreaId>299648</AreaId></HierarchyArea></Item><Item><HierarchyArea><AreaId>299649</AreaId></HierarchyArea></Item><Item><HierarchyArea><AreaId>299650</AreaId></HierarchyArea></Item><Item><HierarchyArea><AreaId>299663</AreaId></HierarchyArea></Item><Item><HierarchyArea><AreaId>299664</AreaId></HierarchyArea></Item><Item><HierarchyArea><AreaId>299666</AreaId></HierarchyArea></Item><Item><HierarchyArea><AreaId>299667</AreaId></HierarchyArea></Item><Item><HierarchyArea><AreaId>299668</AreaId></HierarchyArea></Item><Item><HierarchyArea><AreaId>299653</AreaId></HierarchyArea></Item><Item><HierarchyArea><AreaId>299656</AreaId></HierarchyArea></Item><Item><HierarchyArea><AreaId>299657</AreaId></HierarchyArea></Item><Item><HierarchyArea><AreaId>299658</AreaId></HierarchyArea></Item><Item><HierarchyArea><AreaId>299659</AreaId></HierarchyArea></Item><Item><HierarchyArea><AreaId>299715</AreaId></HierarchyArea></Item><Item><HierarchyArea><AreaId>299735</AreaId></HierarchyArea></Item><Item><HierarchyArea><AreaId>299736</AreaId></HierarchyArea></Item><Item><HierarchyArea><AreaId>299737</AreaId></HierarchyArea></Item><Item><HierarchyArea><AreaId>299738</AreaId></HierarchyArea></Item><Item><HierarchyArea><AreaId>299739</AreaId></HierarchyArea></Item><Item><HierarchyArea><AreaId>299740</AreaId></HierarchyArea></Item>			</Dimension>			<Dimension name="time" isTimeDimension="true">				<Item>					<Period>						<Start>2001-04-29</Start>						<End>2001-04-29</End>					</Period>				</Item>			</Dimension>			<SeriesGrouping>				<SeriesGroup dimension="dataset"/>			</SeriesGrouping>		</Query>	</DataCubeQueryMessage></ns1:getDataCubeElement>