DATASET_TITLE,"Homelessness (Statutory), 2008/09",,,,,,,,,,FROM,Apr-2008,Apr-2008,Apr-2008,Apr-2008,Apr-2008,Apr-2008,Apr-2008,Apr-2008,Apr-2008,Apr-2008,Apr-2008,Apr-2008,Apr-2008,Apr-2008,Apr-2008
AREA_TYPE,Region,,,,,,,,,,TO,Mar-2009,Mar-2009,Mar-2009,Mar-2009,Mar-2009,Mar-2009,Mar-2009,Mar-2009,Mar-2009,Mar-2009,Mar-2009,Mar-2009,Mar-2009,Mar-2009,Mar-2009
GEO_HIERARCHY,NeSS Geography Hierarchy,,,,,,,,,,HEADING,Statutory Homeless; Decisions Made; Total,Statutory Homeless; Applicants Accepted as Owed a Main Homelessness Duty; Total,Statutory Homeless; Applicants Accepted as Owed a Main Homelessness Duty; Proportion,Statutory Homeless; Applicants Accepted as Owed a Main Homelessness Duty; White/White British Origin,Statutory Homeless; Applicants Accepted as Owed a Main Homelessness Duty; Mixed Origin,Statutory Homeless; Applicants Accepted as Owed a Main Homelessness Duty; Asian/Asian British Origin,Statutory Homeless; Applicants Accepted as Owed a Main Homelessness Duty; Black/Black British Origin,Statutory Homeless; Applicants Accepted as Owed a Main Homelessness Duty; Chinese Origin or Other,Statutory Homeless; Applicants Accepted as Owed a Main Homelessness Duty; Ethnic Origin Not Known,Households in Temporary Accommodation at 31 March; Total,Households in Temporary Accommodation at 31 March; Bed & Breakfast Style Accommodation,Households in Temporary Accommodation at 31 March; Hostel Style Accommodation,Households in Temporary Accommodation at 31 March; LA or RSL Owned Accommodation,Households in Temporary Accommodation at 31 March; Private Sector Housing Leased to LA or RSL,Households in Temporary Accommodation at 31 March; Other Types of Accommodation
,,,,,,,,,,,MEASUREMENT_UNIT,Count,Count,Percentage,Count,Count,Count,Count,Count,Count,Count,Count,Count,Count,Count,Count
,,,,,,,,,,,STATISTICAL_UNIT,Households,Households,Households,Households,Households,Households,Households,Households,Households,Households,Households,Households,Households,Households,Households
UK_CODE,UK_NAME,GB_CODE,GB_NAME,EW_CODE,EW_NAME,CTRY_CODE,CTRY_NAME,GOR_CODE,GOR_NAME,AREA_METADATA,,DATA_VALUE,DATA_VALUE,DATA_VALUE,DATA_VALUE,DATA_VALUE,DATA_VALUE,DATA_VALUE,DATA_VALUE,DATA_VALUE,DATA_VALUE,DATA_VALUE,DATA_VALUE,DATA_VALUE,DATA_VALUE,DATA_VALUE
"213","United Kingdom","078","Great Britain","727","England and Wales","064","England",,,,,112900,53430,47.3,37310,1430,3310,6630,1930,2820,64000,2450,5170,10480,37450,8460
"213","United Kingdom","078","Great Britain","727","England and Wales","064","England","A","North East",,,5450,3140,57.6,2870,20,70,80,40,60,300,50,30,200,10,0
"213","United Kingdom","078","Great Britain","727","England and Wales","064","England","B","North West",,,13750,5490,39.9,4640,100,180,260,150,170,1360,80,480,510,40,260
"213","United Kingdom","078","Great Britain","727","England and Wales","064","England","D","Yorkshire and The Humber",,,16850,6260,37.2,4730,160,320,440,190,430,1430,200,190,670,330,40
"213","United Kingdom","078","Great Britain","727","England and Wales","064","England","E","East Midlands",,,6410,3670,57.3,3140,80,120,220,40,80,930,70,240,490,110,30
"213","United Kingdom","078","Great Britain","727","England and Wales","064","England","F","West Midlands",,,16090,8670,53.9,5570,300,840,1090,340,530,1160,180,130,410,360,90
"213","United Kingdom","078","Great Britain","727","England and Wales","064","England","G","East of England",,,9700,5050,52.1,4330,100,180,180,60,200,3470,170,670,1260,1080,280
"213","United Kingdom","078","Great Britain","727","England and Wales","064","England","H","London",,,27290,12780,46.8,4780,550,1410,4020,1010,1000,47780,1160,2490,4690,32670,6760
"213","United Kingdom","078","Great Britain","727","England and Wales","064","England","J","South East",,,10450,4730,45.3,4000,100,150,200,80,190,4610,320,570,1420,1810,480
"213","United Kingdom","078","Great Britain","727","England and Wales","064","England","K","South West",,,6910,3650,52.8,3250,50,30,130,30,160,2980,230,370,830,1030,520