DATASET_TITLE,"Low Birthweight Live Births, 2005",,,,,,,,,,FROM,Jan-2005,Jan-2005
AREA_TYPE,Region,,,,,,,,,,TO,Dec-2005,Dec-2005
GEO_HIERARCHY,2003 Administrative Hierarchy,,,,,,,,,,HEADING,Low Birthweight Live Births,Low Birthweight Live Births
,,,,,,,,,,,MEASUREMENT_UNIT,Count,Percentage
,,,,,,,,,,,STATISTICAL_UNIT,Live Births,Live Births
UK_CODE,UK_NAME,GB_CODE,GB_NAME,EW_CODE,EW_NAME,CTRY_CODE,CTRY_NAME,GOR_CODE,GOR_NAME,AREA_METADATA,,DATA_VALUE,DATA_VALUE
"213","United Kingdom","078","Great Britain","727","England and Wales","064","England",,,,,46049,7.5
"213","United Kingdom","078","Great Britain","727","England and Wales","220","Wales",,,,,2229,6.8
"213","United Kingdom","078","Great Britain","727","England and Wales",,,,,,,48335,7.5
"213","United Kingdom","078","Great Britain","727","England and Wales","064","England","A","North East",,,2211,7.8
"213","United Kingdom","078","Great Britain","727","England and Wales","064","England","B","North West",,,6351,7.8
"213","United Kingdom","078","Great Britain","727","England and Wales","064","England","D","Yorkshire and The Humber",,,4784,7.9
"213","United Kingdom","078","Great Britain","727","England and Wales","064","England","E","East Midlands",,,3708,7.6
"213","United Kingdom","078","Great Britain","727","England and Wales","064","England","F","West Midlands",,,5571,8.5
"213","United Kingdom","078","Great Britain","727","England and Wales","064","England","G","East of England",,,4350,6.7
"213","United Kingdom","078","Great Britain","727","England and Wales","064","England","H","London",,,9107,8
"213","United Kingdom","078","Great Britain","727","England and Wales","064","England","J","South East",,,6449,6.9
"213","United Kingdom","078","Great Britain","727","England and Wales","064","England","K","South West",,,3518,6.7