DATASET_TITLE,Accommodation Type - Household Spaces (UV56),,,,,,FROM,Apr-2001,Apr-2001,Apr-2001,Apr-2001,Apr-2001,Apr-2001,Apr-2001,Apr-2001,Apr-2001,Apr-2001,Apr-2001,Apr-2001
AREA_TYPE,Local Authority,,,,,,TO,Apr-2001,Apr-2001,Apr-2001,Apr-2001,Apr-2001,Apr-2001,Apr-2001,Apr-2001,Apr-2001,Apr-2001,Apr-2001,Apr-2001
GEO_HIERARCHY,2003 Administrative Hierarchy,,,,,,HEADING,All Household Spaces,In an Unshared Dwelling,In an Unshared Dwelling: House or Bungalow,In an Unshared Dwelling: House or Bungalow: Detached,In an Unshared Dwelling: House or Bungalow: Semi-detached,In an Unshared Dwelling: House or Bungalow: Terraced (including end-terrace),"In an Unshared Dwelling: Flat, Maisonette or Apartment","In an Unshared Dwelling: Flat, Maisonette or Apartment: In a Purpose-Built Block of Flats","In an Unshared Dwelling: Flat, Maisonette or Apartment: Part of a Converted or Shared House","In an Unshared Dwelling: Flat, Maisonette or Apartment: In a Commercial Building",In an Unshared Dwelling: Caravan or Other Mobile or Temporary Structure,In a Shared Dwelling
,,,,,,,MEASUREMENT_UNIT,Count,Count,Count,Count,Count,Count,Count,Count,Count,Count,Count,Count
,,,,,,,STATISTICAL_UNIT,Households,Households,Households,Households,Households,Households,Households,Households,Households,Households,Households,Households
GOR_CODE,GOR_NAME,CTY_CODE,CTY_NAME,LA_CODE,LA_NAME,AREA_METADATA,,DATA_VALUE,DATA_VALUE,DATA_VALUE,DATA_VALUE,DATA_VALUE,DATA_VALUE,DATA_VALUE,DATA_VALUE,DATA_VALUE,DATA_VALUE,DATA_VALUE,DATA_VALUE
"A","North East","2D","Tyne and Wear","00CH","Gateshead",,,87659,87535,71057,8866,37277,24914,16351,13643,2123,585,127,124
"A","North East","2D","Tyne and Wear","00CJ","Newcastle upon Tyne",,,117695,117540,82059,8879,40901,32279,35442,28323,6242,877,39,155
"A","North East","2D","Tyne and Wear","00CK","North Tyneside",,,88375,88272,69533,8872,37830,22831,18722,14875,3079,768,17,103
"A","North East","2D","Tyne and Wear","00CL","South Tyneside",,,67992,67972,54431,5184,28605,20642,13490,10828,2109,553,51,20
"A","North East","2D","Tyne and Wear","00CM","Sunderland",,,120072,119860,105270,12496,53461,39313,14440,11125,2366,949,150,212
"A","North East",,,"00EB","Hartlepool",,,39340,39296,34713,5574,12973,16166,4410,3654,411,345,173,44
"A","North East",,,"00EC","Middlesbrough",,,58849,58756,52077,7318,22658,22101,6644,5646,598,400,35,93
"A","North East",,,"00EE","Redcar and Cleveland",,,59915,59834,54290,9558,26840,17892,5453,3931,939,583,91,81
"A","North East",,,"00EF","Stockton-on-Tees",,,76218,76012,68159,16728,32233,19198,7758,6210,994,554,95,206
"A","North East",,,"00EH","Darlington",,,44348,44294,38954,7342,17440,14172,5278,4011,929,338,62,54
"A","North East","20","Durham","20UB","Chester-le-Street",,,23796,23792,22276,4468,9567,8241,1496,1269,112,115,20,4
"A","North East","20","Durham","20UD","Derwentside",,,38371,38371,36830,5533,12630,18667,1511,1017,222,272,30,0
"A","North East","20","Durham","20UE","Durham",,,36379,36289,33812,6753,17740,9319,2401,1788,329,284,76,90
"A","North East","20","Durham","20UF","Easington",,,40460,40456,38363,5059,15364,17940,2070,1560,183,327,23,4
"A","North East","20","Durham","20UG","Sedgefield",,,38931,38925,36914,6587,13381,16946,1990,1594,144,252,21,6
"A","North East","20","Durham","20UH","Teesdale",,,11349,11335,10621,3569,3123,3929,682,405,130,147,32,14
"A","North East","20","Durham","20UJ","Wear Valley",,,28008,27955,26382,5035,7643,13704,1509,1026,193,290,64,53
"A","North East","35","Northumberland","35UB","Alnwick",,,14923,14919,13464,4569,4805,4090,1432,877,335,220,23,4
"A","North East","35","Northumberland","35UC","Berwick-upon-Tweed",,,13459,13455,11876,3338,4639,3899,1543,955,347,241,36,4
"A","North East","35","Northumberland","35UD","Blyth Valley",,,35527,35519,30837,5373,15877,9587,4673,4081,420,172,9,8
"A","North East","35","Northumberland","35UE","Castle Morpeth",,,21095,21095,19595,8038,6919,4638,1478,1123,205,150,22,0
"A","North East","35","Northumberland","35UF","Tynedale",,,25733,25713,23493,8619,8049,6825,2150,1440,405,305,70,20
"A","North East","35","Northumberland","35UG","Wansbeck",,,27325,27321,24114,4003,9207,10904,3171,2503,425,243,36,4
"B","North West","2A","Greater Manchester","00BL","Bolton",,,113365,113262,100202,18117,40020,42065,12933,10895,1187,851,127,103
"B","North West","2A","Greater Manchester","00BM","Bury",,,76838,76753,67697,13991,29881,23825,9016,7431,932,653,40,85
"B","North West","2A","Greater Manchester","00BN","Manchester",,,186285,184714,135059,7932,60046,67081,49475,37975,9516,1984,180,1571
"B","North West","2A","Greater Manchester","00BP","Oldham",,,91435,91340,79592,10546,30720,38326,11694,10319,598,777,54,95
"B","North West","2A","Greater Manchester","00BQ","Rochdale",,,86897,86812,75390,12971,28912,33507,11310,9711,848,751,112,85
"B","North West","2A","Greater Manchester","00BR","Salford",,,98791,98603,77185,8511,36549,32125,21283,18789,1642,852,135,188
"B","North West","2A","Greater Manchester","00BS","Stockport",,,123624,123480,106106,26433,52231,27442,17278,14066,1967,1245,96,144
"B","North West","2A","Greater Manchester","00BT","Tameside",,,94038,93834,81683,10455,36311,34917,12049,10310,914,825,102,204
"B","North West","2A","Greater Manchester","00BU","Trafford",,,92013,91726,75913,14141,41253,20519,15771,12163,2617,991,42,287
"B","North West","2A","Greater Manchester","00BW","Wigan",,,129133,128926,119084,21394,59981,37709,9746,7891,935,920,96,207
"B","North West","2B","Merseyside","00BX","Knowsley",,,62188,62157,54711,7221,24444,23046,7230,6675,280,275,216,31
"B","North West","2B","Merseyside","00BY","Liverpool",,,197824,197059,160671,13648,56322,90701,36302,24380,9469,2453,86,765
"B","North West","2B","Merseyside","00BZ","St. Helens",,,75446,75413,69555,10005,35878,23672,5790,4839,420,531,68,33
"B","North West","2B","Merseyside","00CA","Sefton",,,120857,120333,98568,18868,55966,23734,21685,14665,5542,1478,80,524
"B","North West","2B","Merseyside","00CB","Wirral",,,139221,138842,117235,23455,58049,35731,21429,13884,5707,1838,178,379
"B","North West",,,"00ET","Halton",,,50168,50148,45086,9652,16618,18816,4951,4340,326,285,111,20
"B","North West",,,"00EU","Warrington",,,79980,79952,73133,19465,34172,19496,6677,5366,887,424,142,28
"B","North West",,,"00EX","Blackburn with Darwen",,,56698,56615,50194,7465,15555,27174,6365,5159,693,513,56,83
"B","North West",,,"00EY","Blackpool",,,67297,66862,51497,5526,25187,20784,15187,7982,5381,1824,178,435
"B","North West","13","Cheshire","13UB","Chester",,,52434,52233,45288,15047,17987,12254,6702,5038,1178,486,243,201
"B","North West","13","Cheshire","13UC","Congleton",,,38337,38251,36082,16263,13764,6055,2065,1468,293,304,104,86
"B","North West","13","Cheshire","13UD","Crewe and Nantwich",,,47510,47431,43730,14426,18631,10673,3558,2547,605,406,143,79
"B","North West","13","Cheshire","13UE","Ellesmere Port & Neston",,,34093,34054,30736,9358,13483,7895,3279,2759,205,315,39,39
"B","North West","13","Cheshire","13UG","Macclesfield",,,67339,67303,58998,24923,17892,16183,7976,6483,896,597,329,36
"B","North West","13","Cheshire","13UH","Vale Royal",,,51120,51090,47171,17843,19083,10245,3223,2430,429,364,696,30
"B","North West","16","Cumbria","16UB","Allerdale",,,42818,42787,38659,11155,13734,13770,3947,2636,764,547,181,31
"B","North West","16","Cumbria","16UC","Barrow-in-Furness",,,32460,32414,28650,3605,9090,15955,3477,2785,375,317,287,46
"B","North West","16","Cumbria","16UD","Carlisle",,,46124,45919,40615,10691,16309,13615,5168,3968,798,402,136,205
"B","North West","16","Cumbria","16UE","Copeland",,,31398,31388,28623,6766,11785,10072,2568,1757,487,324,197,10
"B","North West","16","Cumbria","16UF","Eden",,,23369,23320,21057,9132,6767,5158,2140,1305,513,322,123,49
"B","North West","16","Cumbria","16UG","South Lakeland",,,49675,49584,42486,15888,14161,12437,6945,3918,2206,821,153,91
"B","North West","30","Lancashire","30UD","Burnley",,,39802,39692,36683,4952,11077,20654,2921,2276,315,330,88,110
"B","North West","30","Lancashire","30UE","Chorley",,,42309,42290,38667,12203,14682,11782,3425,2826,290,309,198,19
"B","North West","30","Lancashire","30UF","Fylde",,,34176,34045,26468,9181,11283,6004,6973,3856,2498,619,604,131
"B","North West","30","Lancashire","30UG","Hyndburn",,,35170,35149,32111,3730,9271,19110,2937,2345,281,311,101,21
"B","North West","30","Lancashire","30UH","Lancaster",,,58857,58519,48616,10603,22198,15815,9473,5540,3062,871,430,338
"B","North West","30","Lancashire","30UJ","Pendle",,,38456,38441,35860,4776,8534,22550,2498,1832,324,342,83,15
"B","North West","30","Lancashire","30UK","Preston",,,54978,54760,46432,9531,18655,18246,8306,6742,1090,474,22,218
"B","North West","30","Lancashire","30UL","Ribble Valley",,,23214,23191,21374,7347,6687,7340,1656,1126,232,298,161,23
"B","North West","30","Lancashire","30UM","Rossendale",,,28583,28573,25713,5368,7432,12913,2728,2147,249,332,132,10
"B","North West","30","Lancashire","30UN","South Ribble",,,43748,43732,40249,11915,20653,7681,3250,2729,202,319,233,16
"B","North West","30","Lancashire","30UP","West Lancashire",,,45275,45238,40495,12829,17065,10601,4038,3434,344,260,705,37
"B","North West","30","Lancashire","30UQ","Wyre",,,46898,46797,41369,12797,19983,8589,4697,3144,955,598,731,101
"D","Yorkshire and The Humber","2C","South Yorkshire","00CC","Barnsley",,,95850,95712,89495,20072,45025,24398,6147,4705,727,715,70,138
"D","Yorkshire and The Humber","2C","South Yorkshire","00CE","Doncaster",,,123351,123096,114417,28298,55373,30746,7904,5982,1036,886,775,255
"D","Yorkshire and The Humber","2C","South Yorkshire","00CF","Rotherham",,,105942,105621,94830,21470,51948,21412,10739,9335,686,718,52,321
"D","Yorkshire and The Humber","2C","South Yorkshire","00CG","Sheffield",,,225218,224484,183146,31690,84075,67381,41199,34563,4391,2245,139,734
"D","Yorkshire and The Humber","2F","West Yorkshire","00CX","Bradford",,,192335,191606,164765,25933,69943,68889,26363,20502,3875,1986,478,729
"D","Yorkshire and The Humber","2F","West Yorkshire","00CY","Calderdale",,,84889,84677,73309,11791,23656,37862,11222,9061,1332,829,146,212
"D","Yorkshire and The Humber","2F","West Yorkshire","00CZ","Kirklees",,,166470,166044,147632,33041,55661,58930,18219,14577,2412,1230,193,426
"D","Yorkshire and The Humber","2F","West Yorkshire","00DA","Leeds",,,312541,309398,254816,46082,121398,87336,54195,44196,7464,2535,387,3143
"D","Yorkshire and The Humber","2F","West Yorkshire","00DB","Wakefield",,,136489,136380,122205,27427,61364,33414,13909,11580,1299,1030,266,109
"D","Yorkshire and The Humber",,,"00FA","Kingston upon Hull, City of",,,111842,111600,95166,6528,28863,59775,16331,11737,3314,1280,103,242
"D","Yorkshire and The Humber",,,"00FB","East Riding of Yorkshire",,,136633,136495,123978,45661,51143,27174,12014,7898,2611,1505,503,138
"D","Yorkshire and The Humber",,,"00FC","North East Lincolnshire",,,69206,69151,60350,13585,22981,23784,8722,6269,1624,829,79,55
"D","Yorkshire and The Humber",,,"00FD","North Lincolnshire",,,66593,66522,59640,21445,28174,10021,6312,4914,768,630,570,71
"D","Yorkshire and The Humber",,,"00FF","York",,,79399,79143,68450,18350,29593,20507,10502,7822,1856,824,191,256
"D","Yorkshire and The Humber","36","North Yorkshire","36UB","Craven",,,24368,24313,22244,6283,6848,9113,1838,1024,445,369,231,55
"D","Yorkshire and The Humber","36","North Yorkshire","36UC","Hambleton",,,36315,36307,34172,15763,10961,7448,1966,1256,361,349,169,8
"D","Yorkshire and The Humber","36","North Yorkshire","36UD","Harrogate",,,66084,65887,54855,21374,20198,13283,10480,5924,3607,949,552,197
"D","Yorkshire and The Humber","36","North Yorkshire","36UE","Richmondshire",,,20486,20459,18927,7241,7129,4557,1426,844,360,222,106,27
"D","Yorkshire and The Humber","36","North Yorkshire","36UF","Ryedale",,,22765,22752,21063,9360,7330,4373,1593,954,331,308,96,13
"D","Yorkshire and The Humber","36","North Yorkshire","36UG","Scarborough",,,51868,51605,40226,11892,16260,12074,11309,5788,4225,1296,70,263
"D","Yorkshire and The Humber","36","North Yorkshire","36UH","Selby",,,31968,31959,29950,12866,11671,5413,1907,1422,246,239,102,9
"E","East Midlands",,,"00FK","Derby",,,98588,98445,86098,22776,39316,24006,12110,9588,1701,821,237,143
"E","East Midlands",,,"00FN","Leicester",,,115751,115374,95708,11767,42942,40999,19578,14476,3722,1380,88,377
"E","East Midlands",,,"00FP","Rutland",,,14215,14208,13158,6733,3997,2428,976,623,213,140,74,7
"E","East Midlands",,,"00FY","Nottingham",,,120346,119927,94947,18478,38924,37545,24909,18534,5006,1369,71,419
"E","East Midlands","17","Derbyshire","17UB","Amber Valley",,,51022,51015,47893,18373,18988,10532,3024,2046,441,537,98,7
"E","East Midlands","17","Derbyshire","17UC","Bolsover",,,31695,31695,29945,8666,13995,7284,1708,1288,164,256,42,0
"E","East Midlands","17","Derbyshire","17UD","Chesterfield",,,45260,45212,40059,10652,21196,8211,5044,4248,481,315,109,48
"E","East Midlands","17","Derbyshire","17UF","Derbyshire Dales",,,30737,30708,28116,12808,9359,5949,2544,1601,526,417,48,29
"E","East Midlands","17","Derbyshire","17UG","Erewash",,,47496,47450,44433,13941,21589,8903,2887,2039,432,416,130,46
"E","East Midlands","17","Derbyshire","17UH","High Peak",,,38187,38147,34130,8988,11504,13638,3908,2426,976,506,109,40
"E","East Midlands","17","Derbyshire","17UJ","North East Derbyshire",,,41652,41628,39071,15068,18485,5518,2346,1849,193,304,211,24
"E","East Midlands","17","Derbyshire","17UK","South Derbyshire",,,33766,33731,32020,13607,12543,5870,1592,1171,216,205,119,35
"E","East Midlands","31","Leicestershire","31UB","Blaby",,,36639,36636,34778,13486,17745,3547,1772,1380,156,236,86,3
"E","East Midlands","31","Leicestershire","31UC","Charnwood",,,62227,62033,55971,19217,25028,11726,5752,4411,787,554,310,194
"E","East Midlands","31","Leicestershire","31UD","Harborough",,,32241,32212,30341,15916,9632,4793,1730,1200,269,261,141,29
"E","East Midlands","31","Leicestershire","31UE","Hinckley and Bosworth",,,42105,42060,39123,16124,16474,6525,2734,2128,248,358,203,45
"E","East Midlands","31","Leicestershire","31UG","Melton",,,20217,20171,18788,8280,7542,2966,1338,898,293,147,45,46
"E","East Midlands","31","Leicestershire","31UH","North West Leicestershire",,,36838,36814,34396,14591,13189,6616,2206,1598,333,275,212,24
"E","East Midlands","31","Leicestershire","31UJ","Oadby and Wigston",,,22393,22393,20796,6515,10868,3413,1588,1227,169,192,9,0
"E","East Midlands","32","Lincolnshire","32UB","Boston",,,24936,24816,22365,10848,7743,3774,2328,1692,415,221,123,120
"E","East Midlands","32","Lincolnshire","32UC","East Lindsey",,,58863,58770,52348,30654,15197,6497,5464,3121,1418,925,958,93
"E","East Midlands","32","Lincolnshire","32UD","Lincoln",,,38438,38246,31854,7359,11361,13134,6294,5101,827,366,98,192
"E","East Midlands","32","Lincolnshire","32UE","North Kesteven",,,40377,40349,38556,21877,12981,3698,1352,933,187,232,441,28
"E","East Midlands","32","Lincolnshire","32UF","South Holland",,,33768,33714,32437,19189,10161,3087,1156,680,256,220,121,54
"E","East Midlands","32","Lincolnshire","32UG","South Kesteven",,,53151,53075,48961,22579,16949,9433,3867,2762,643,462,247,76
"E","East Midlands","32","Lincolnshire","32UH","West Lindsey",,,34942,34932,32702,17217,9629,5856,1713,1188,249,276,517,10
"E","East Midlands","34","Northamptonshire","34UB","Corby",,,22710,22653,19815,3958,8362,7495,2796,2507,154,135,42,57
"E","East Midlands","34","Northamptonshire","34UC","Daventry",,,29925,29900,28017,12848,9494,5675,1748,1233,289,226,135,25
"E","East Midlands","34","Northamptonshire","34UD","East Northamptonshire",,,32609,32575,30085,11546,11162,7377,2352,1819,240,293,138,34
"E","East Midlands","34","Northamptonshire","34UE","Kettering",,,35672,35638,32199,10424,12697,9078,3380,2676,434,270,59,34
"E","East Midlands","34","Northamptonshire","34UF","Northampton",,,83528,83339,71923,18841,24347,28735,11344,9203,1461,680,72,189
"E","East Midlands","34","Northamptonshire","34UG","South Northamptonshire",,,32668,32631,30892,14057,11905,4930,1570,1058,269,243,169,37
"E","East Midlands","34","Northamptonshire","34UH","Wellingborough",,,31018,30889,27877,8108,10715,9054,2834,2304,328,202,178,129
"E","East Midlands","37","Nottinghamshire","37UB","Ashfield",,,48231,48142,44255,13541,21092,9622,3846,2974,441,431,41,89
"E","East Midlands","37","Nottinghamshire","37UC","Bassetlaw",,,46516,46447,43177,15339,20037,7801,3019,2241,394,384,251,69
"E","East Midlands","37","Nottinghamshire","37UD","Broxtowe",,,46700,46686,41729,17021,16939,7769,4854,3926,461,467,103,14
"E","East Midlands","37","Nottinghamshire","37UE","Gedling",,,48571,48541,43623,18880,17296,7447,4675,3948,382,345,243,30
"E","East Midlands","37","Nottinghamshire","37UF","Mansfield",,,43953,43906,40081,11918,18913,9250,3701,2986,441,274,124,47
"E","East Midlands","37","Nottinghamshire","37UG","Newark and Sherwood",,,46050,46003,42313,16858,18030,7425,3387,2505,484,398,303,47
"E","East Midlands","37","Nottinghamshire","37UJ","Rushcliffe",,,44877,44745,39956,20910,13956,5090,4384,2715,1319,350,405,132
"F","West Midlands","2E","West Midlands","00CN","Birmingham",,,404302,402660,311969,44444,141142,126383,90531,72227,13990,4314,160,1642
"F","West Midlands","2E","West Midlands","00CQ","Coventry",,,126771,126334,105819,11967,33980,59872,20264,17095,1931,1238,251,437
"F","West Midlands","2E","West Midlands","00CR","Dudley",,,128343,128191,112550,28245,63522,20783,15570,12860,1570,1140,71,152
"F","West Midlands","2E","West Midlands","00CS","Sandwell",,,119626,119475,98421,12412,53857,32152,20958,18487,1285,1186,96,151
"F","West Midlands","2E","West Midlands","00CT","Solihull",,,83440,83393,70132,24325,32423,13384,13073,11854,553,666,188,47
"F","West Midlands","2E","West Midlands","00CU","Walsall",,,105777,105590,89253,19045,45978,24230,16077,13980,1013,1084,260,187
"F","West Midlands","2E","West Midlands","00CW","Wolverhampton",,,101101,100747,81458,16528,46338,18592,19174,15898,2310,966,115,354
"F","West Midlands",,,"00GA","Herefordshire, County of",,,76987,76907,67745,33134,21041,13570,8369,5741,1712,916,793,80
"F","West Midlands",,,"00GF","Telford and Wrekin",,,65549,65509,58610,20012,23989,14609,6668,5747,485,436,231,40
"F","West Midlands",,,"00GL","Stoke-on-Trent",,,108121,107960,98076,14323,48941,34812,9790,7875,1109,806,94,161
"F","West Midlands","39","Shropshire","39UB","Bridgnorth",,,21711,21671,20049,9143,7427,3479,1432,814,328,290,190,40
"F","West Midlands","39","Shropshire","39UC","North Shropshire",,,24068,24048,22166,11104,8070,2992,1750,1017,427,306,132,20
"F","West Midlands","39","Shropshire","39UD","Oswestry",,,16321,16255,14634,6491,5410,2733,1566,1091,250,225,55,66
"F","West Midlands","39","Shropshire","39UE","Shrewsbury and Atcham",,,41615,41543,37312,13468,16007,7837,4106,2816,894,396,125,72
"F","West Midlands","39","Shropshire","39UF","South Shropshire",,,18611,18590,17167,9525,4663,2979,1205,560,367,278,218,21
"F","West Midlands","41","Staffordshire","41UB","Cannock Chase",,,37904,37835,34299,11262,18479,4558,3478,2884,266,328,58,69
"F","West Midlands","41","Staffordshire","41UC","East Staffordshire",,,44420,44333,40060,14088,14566,11406,4077,3200,451,426,196,87
"F","West Midlands","41","Staffordshire","41UD","Lichfield",,,38748,38712,34589,15179,14112,5298,3904,3213,360,331,219,36
"F","West Midlands","41","Staffordshire","41UE","Newcastle-under-Lyme",,,52134,52092,46984,12641,23386,10957,5035,4161,485,389,73,42
"F","West Midlands","41","Staffordshire","41UF","South Staffordshire",,,42869,42863,38761,17015,17278,4468,3337,2651,309,377,765,6
"F","West Midlands","41","Staffordshire","41UG","Stafford",,,51602,51560,46083,19838,17481,8764,5169,4080,666,423,308,42
"F","West Midlands","41","Staffordshire","41UH","Staffordshire Moorlands",,,40588,40574,38774,16549,15454,6771,1706,923,338,445,94,14
"F","West Midlands","41","Staffordshire","41UK","Tamworth",,,29740,29723,26108,7959,11637,6512,3387,2876,330,181,228,17
"F","West Midlands","44","Warwickshire","44UB","North Warwickshire",,,25795,25789,23715,7415,10192,6108,1968,1491,236,241,106,6
"F","West Midlands","44","Warwickshire","44UC","Nuneaton and Bedworth",,,49500,49430,44391,11789,18976,13626,4812,3970,501,341,227,70
"F","West Midlands","44","Warwickshire","44UD","Rugby",,,37768,37701,33623,10533,13190,9900,3951,3009,597,345,127,67
"F","West Midlands","44","Warwickshire","44UE","Stratford-on-Avon",,,49382,49360,43783,18900,15379,9504,4854,3604,795,455,723,22
"F","West Midlands","44","Warwickshire","44UF","Warwick",,,55138,55022,44124,13981,17823,12320,10793,7792,2335,666,105,116
"F","West Midlands","47","Worcestershire","47UB","Bromsgrove",,,35983,35972,32447,13656,13707,5084,3123,2433,350,340,402,11
"F","West Midlands","47","Worcestershire","47UC","Malvern Hills",,,31350,31315,27279,14300,9593,3386,3724,2244,1070,410,312,35
"F","West Midlands","47","Worcestershire","47UD","Redditch",,,32750,32628,28204,9279,10019,8906,4392,3741,489,162,32,122
"F","West Midlands","47","Worcestershire","47UE","Worcester",,,40120,39942,33557,9614,14328,9615,6307,4798,1048,461,78,178
"F","West Midlands","47","Worcestershire","47UF","Wychavon",,,48286,48249,43062,20178,14516,8368,4691,3519,731,441,496,37
"F","West Midlands","47","Worcestershire","47UG","Wyre Forest",,,41420,41370,36577,12840,16037,7700,4374,3334,619,421,419,50
"G","East of England",,,"00JA","Peterborough",,,68442,68297,58687,18565,21459,18663,9137,7744,989,404,473,145
"G","East of England",,,"00KA","Luton",,,72273,72031,59265,9715,29118,20432,12596,10266,1672,658,170,242
"G","East of England",,,"00KF","Southend-on-Sea",,,74310,73708,50284,12343,23904,14037,23393,11567,10324,1502,31,602
"G","East of England",,,"00KG","Thurrock",,,59416,59396,48253,7283,20369,20601,11009,9873,478,658,134,20
"G","East of England","09","Bedfordshire","09UC","Mid Bedfordshire",,,50067,50010,45771,16709,17066,11996,3823,3035,408,380,416,57
"G","East of England","09","Bedfordshire","09UD","Bedford",,,61440,61194,50955,16996,20063,13896,9667,6348,2806,513,572,246
"G","East of England","09","Bedfordshire","09UE","South Bedfordshire",,,46908,46842,40721,11304,16916,12501,5433,4584,496,353,688,66
"G","East of England","12","Cambridgeshire","12UB","Cambridge",,,44024,43276,31162,4992,12176,13994,12044,9764,1770,510,70,748
"G","East of England","12","Cambridgeshire","12UC","East Cambridgeshire",,,30585,30556,28383,13579,9935,4869,1870,1254,367,249,303,29
"G","East of England","12","Cambridgeshire","12UD","Fenland",,,36372,36323,33151,16251,10937,5963,2851,2211,343,297,321,49
"G","East of England","12","Cambridgeshire","12UE","Huntingdonshire",,,65124,65023,58768,27008,19743,12017,5821,4711,640,470,434,101
"G","East of England","12","Cambridgeshire","12UG","South Cambridgeshire",,,53584,53547,50631,23110,18453,9068,2257,1627,396,234,659,37
"G","East of England","22","Essex","22UB","Basildon",,,70843,70813,59550,15762,18105,25683,10981,10212,479,290,282,30
"G","East of England","22","Essex","22UC","Braintree",,,55927,55729,49804,17045,19681,13078,5743,4717,623,403,182,198
"G","East of England","22","Essex","22UD","Brentwood",,,29773,29719,24495,9694,9901,4900,5154,4234,629,291,70,54
"G","East of England","22","Essex","22UE","Castle Point",,,35810,35769,32899,15417,14448,3034,2438,1885,280,273,432,41
"G","East of England","22","Essex","22UF","Chelmsford",,,66013,65891,55797,20418,21362,14017,9675,8663,644,368,419,122
"G","East of England","22","Essex","22UG","Colchester",,,65589,65277,54999,21815,20775,12409,10165,8722,1037,406,113,312
"G","East of England","22","Essex","22UH","Epping Forest",,,51893,51795,40854,12140,16505,12209,10234,9081,592,561,707,98
"G","East of England","22","Essex","22UJ","Harlow",,,33803,33764,25863,3332,4989,17542,7828,7385,309,134,73,39
"G","East of England","22","Essex","22UK","Maldon",,,25198,25179,22819,11181,7598,4040,2073,1576,230,267,287,19
"G","East of England","22","Essex","22UL","Rochford",,,32773,32689,29338,10772,15915,2651,2874,2405,214,255,477,84
"G","East of England","22","Essex","22UN","Tendring",,,64907,64676,54617,26046,20754,7817,9491,7149,1412,930,568,231
"G","East of England","22","Essex","22UQ","Uttlesford",,,28584,28520,25612,12226,8881,4505,2713,2084,401,228,195,64
"G","East of England","26","Hertfordshire","26UB","Broxbourne",,,35948,35885,28321,5741,10582,11998,7432,6592,407,433,132,63
"G","East of England","26","Hertfordshire","26UC","Dacorum",,,57023,56987,46598,13328,14281,18989,10097,8835,724,538,292,36
"G","East of England","26","Hertfordshire","26UD","East Hertfordshire",,,53368,53301,45060,15708,16731,12621,8099,6753,823,523,142,67
"G","East of England","26","Hertfordshire","26UE","Hertsmere",,,38746,38709,30039,8202,13056,8781,8386,7375,485,526,284,37
"G","East of England","26","Hertfordshire","26UF","North Hertfordshire",,,49937,49852,41308,12629,15332,13347,8186,6952,726,508,358,85
"G","East of England","26","Hertfordshire","26UG","St Albans",,,53802,53721,43014,14690,16716,11608,10392,8550,1229,613,315,81
"G","East of England","26","Hertfordshire","26UH","Stevenage",,,33252,33214,27381,4115,5941,17325,5801,5280,302,219,32,38
"G","East of England","26","Hertfordshire","26UJ","Three Rivers",,,34171,34149,28388,9512,12415,6461,5466,4767,380,319,295,22
"G","East of England","26","Hertfordshire","26UK","Watford",,,33352,33163,24399,3875,10249,10275,8716,6583,1641,492,48,189
"G","East of England","26","Hertfordshire","26UL","Welwyn Hatfield",,,40705,40673,33406,8718,9561,15127,7125,6438,359,328,142,32
"G","East of England","33","Norfolk","33UB","Breckland",,,52620,52596,49115,24750,15081,9284,3170,2356,463,351,311,24
"G","East of England","33","Norfolk","33UC","Broadland",,,51417,51398,48875,24294,19317,5264,2189,1615,295,279,334,19
"G","East of England","33","Norfolk","33UD","Great Yarmouth",,,41161,41091,35286,12015,10049,13222,5380,3946,877,557,425,70
"G","East of England","33","Norfolk","33UE","King's Lynn and West Norfolk",,,63264,63230,57217,27934,19371,9912,5273,3889,891,493,740,34
"G","East of England","33","Norfolk","33UF","North Norfolk",,,48354,48343,43735,21959,14109,7667,4349,2644,1099,606,259,11
"G","East of England","33","Norfolk","33UG","Norwich",,,57179,56872,39066,5928,12485,20653,17704,15169,1889,646,102,307
"G","East of England","33","Norfolk","33UH","South Norfolk",,,48400,48379,45673,25706,14848,5119,2518,1809,439,270,188,21
"G","East of England","42","Suffolk","42UB","Babergh",,,36070,36046,33591,15309,10539,7743,2345,1706,334,305,110,24
"G","East of England","42","Suffolk","42UC","Forest Heath",,,24372,24297,21212,8793,7110,5309,2797,2196,363,238,288,75
"G","East of England","42","Suffolk","42UD","Ipswich",,,51924,51605,42040,7566,21301,13173,9441,7226,1596,619,124,319
"G","East of England","42","Suffolk","42UE","Mid Suffolk",,,36763,36755,34702,17611,12296,4795,1772,1334,242,196,281,8
"G","East of England","42","Suffolk","42UF","St Edmundsbury",,,42200,42083,37882,15351,11290,11241,3914,3112,438,364,287,117
"G","East of England","42","Suffolk","42UG","Suffolk Coastal",,,52697,52646,47519,23067,15823,8629,4828,3219,1086,523,299,51
"G","East of England","42","Suffolk","42UH","Waveney",,,51606,51538,45927,17080,14007,14840,5310,3266,1443,601,301,68
"H","London","1B","Inner London","00AA","City of London",,,5023,5001,102,15,13,74,4899,4496,125,278,0,22
"H","London","1C","Outer London","00AB","Barking and Dagenham",,,68378,68243,50637,1555,12051,37031,17576,15275,1520,781,30,135
"H","London","1C","Outer London","00AC","Barnet",,,131143,130266,79554,14914,40893,23747,50524,37158,10864,2502,188,877
"H","London","1C","Outer London","00AD","Bexley",,,91729,91558,71232,6504,40816,23912,20266,17295,1610,1361,60,171
"H","London","1C","Outer London","00AE","Brent",,,102225,101008,54205,6617,28303,19285,46680,27493,17207,1980,123,1217
"H","London","1C","Outer London","00AF","Bromley",,,128996,128602,92142,24214,38957,28971,36251,25855,8530,1866,209,394
"H","London","1B","Inner London","00AG","Camden",,,94829,92415,13455,1716,3380,8359,78875,44989,31274,2612,85,2414
"H","London","1C","Outer London","00AH","Croydon",,,141877,141047,95926,17649,35790,42487,45041,29388,13155,2498,80,830
"H","London","1C","Outer London","00AJ","Ealing",,,120887,120009,69427,5280,28349,35798,50469,34120,14402,1947,113,878
"H","London","1C","Outer London","00AK","Enfield",,,113231,112771,73588,6577,27049,39962,39067,30387,6814,1866,116,460
"H","London","1C","Outer London","00AL","Greenwich",,,95835,95209,55027,3617,17197,34213,40118,31317,7632,1169,64,626
"H","London","1B","Inner London","00AM","Hackney",,,88466,86656,21443,1367,3455,16621,65075,45698,17469,1908,138,1810
"H","London","1B","Inner London","00AN","Hammersmith and Fulham",,,77742,76735,22609,919,3742,17948,54067,29410,22943,1714,59,1007
"H","London","1B","Inner London","00AP","Haringey",,,94616,93070,42015,2963,8975,30077,50952,25935,22993,2024,103,1546
"H","London","1C","Outer London","00AQ","Harrow",,,80904,80675,58583,9877,32309,16397,22059,16159,4505,1395,33,229
"H","London","1C","Outer London","00AR","Havering",,,93980,93747,76220,10458,39475,26287,17295,14777,1280,1238,232,233
"H","London","1C","Outer London","00AS","Hillingdon",,,99130,99026,74814,14501,35919,24394,24008,20124,2257,1627,204,104
"H","London","1C","Outer London","00AT","Hounslow",,,86217,85635,53330,3531,26683,23116,32172,25367,5670,1135,133,582
"H","London","1B","Inner London","00AU","Islington",,,83981,82869,16524,828,2251,13445,66269,41278,22889,2102,76,1112
"H","London","1B","Inner London","00AW","Kensington and Chelsea",,,85469,83172,14449,1069,2482,10898,68608,38326,28242,2040,115,2297
"H","London","1C","Outer London","00AX","Kingston upon Thames",,,62987,62302,40216,8211,20208,11797,22011,16124,4692,1195,75,685
"H","London","1B","Inner London","00AY","Lambeth",,,121743,119799,34880,2452,9413,23015,84826,54766,28146,1914,93,1944
"H","London","1B","Inner London","00AZ","Lewisham",,,109448,108660,51721,3212,14073,34436,56842,35559,19591,1692,97,788
"H","London","1C","Outer London","00BA","Merton",,,81064,80661,52350,4807,14661,32882,28268,18669,8136,1463,43,403
"H","London","1B","Inner London","00BB","Newham",,,93782,93156,54729,4000,8044,42685,38321,29205,7754,1362,106,626
"H","London","1C","Outer London","00BC","Redbridge",,,94174,93891,68455,5252,25206,37997,25369,17935,6130,1304,67,283
"H","London","1C","Outer London","00BD","Richmond upon Thames",,,78788,78273,48324,6981,19455,21888,29744,19644,8272,1828,205,515
"H","London","1B","Inner London","00BE","Southwark",,,107663,106769,27599,2120,6512,18967,79036,64896,12544,1596,134,894
"H","London","1C","Outer London","00BF","Sutton",,,77998,77609,51125,8660,21817,20648,26433,21783,3296,1354,51,389
"H","London","1B","Inner London","00BG","Tower Hamlets",,,80781,79913,13133,834,1814,10485,66685,61468,3979,1238,95,868
"H","London","1C","Outer London","00BH","Waltham Forest",,,92411,91782,56586,3156,15036,38394,35114,22861,10658,1595,82,629
"H","London","1B","Inner London","00BJ","Wandsworth",,,121566,120372,43359,2840,8603,31916,76914,48869,25444,2601,99,1194
"H","London","1B","Inner London","00BK","Westminster",,,102593,100649,11163,1068,1918,8177,89434,60760,25232,3442,52,1944
"J","South East",,,"00LC","Medway",,,102892,102500,88576,14308,31003,43265,12924,9840,2083,1001,1000,392
"J","South East",,,"00MA","Bracknell Forest",,,44482,44339,36358,12836,8939,14583,7163,6454,438,271,818,143
"J","South East",,,"00MB","West Berkshire",,,58727,58594,50896,20648,19777,10471,6871,5319,1137,415,827,133
"J","South East",,,"00MC","Reading",,,59818,59300,44133,8078,16100,19955,14978,10809,3466,703,189,518
"J","South East",,,"00MD","Slough",,,45790,45625,33146,4739,13656,14751,12400,10636,1376,388,79,165
"J","South East",,,"00ME","Windsor and Maidenhead",,,56557,56403,44302,18435,14957,10910,11397,8724,1915,758,704,154
"J","South East",,,"00MF","Wokingham",,,58356,58342,52465,27093,17182,8190,5395,4407,617,371,482,14
"J","South East",,,"00MG","Milton Keynes",,,86584,86437,76235,25284,24650,26301,10138,9040,700,398,64,147
"J","South East",,,"00ML","Brighton and Hove",,,118953,117374,62475,13020,23879,25576,54809,26083,26419,2307,90,1579
"J","South East",,,"00MR","Portsmouth",,,81698,81076,55998,3639,13191,39168,24915,17442,6037,1436,163,622
"J","South East",,,"00MS","Southampton",,,93513,92838,60625,13147,25988,21490,32138,25879,5109,1150,75,675
"J","South East",,,"00MW","Isle of Wight",,,61609,61389,49448,22320,17910,9218,11554,6394,3972,1188,387,220
"J","South East","11","Buckinghamshire","11UB","Aylesbury Vale",,,66143,66008,59900,21989,21961,15950,5989,4657,884,448,119,135
"J","South East","11","Buckinghamshire","11UC","Chiltern",,,36401,36296,31313,16283,8977,6053,4711,3663,603,445,272,105
"J","South East","11","Buckinghamshire","11UE","South Bucks",,,25906,25895,21199,11121,6559,3519,4271,3472,414,385,425,11
"J","South East","11","Buckinghamshire","11UF","Wycombe",,,65075,64985,54703,21701,22064,10938,10011,7968,1388,655,271,90
"J","South East","21","East Sussex","21UC","Eastbourne",,,43087,42582,28141,7571,9462,11108,14408,9616,3984,808,33,505
"J","South East","21","East Sussex","21UD","Hastings",,,39766,39481,25665,7456,8341,9868,13792,6622,6405,765,24,285
"J","South East","21","East Sussex","21UF","Lewes",,,41055,41003,33881,15015,10896,7970,6934,5200,1172,562,188,52
"J","South East","21","East Sussex","21UG","Rother",,,40952,40886,31990,17665,8895,5430,8739,5220,2716,803,157,66
"J","South East","21","East Sussex","21UH","Wealden",,,60608,60564,53543,27704,18328,7511,6369,4669,1069,631,652,44
"J","South East","24","Hampshire","24UB","Basingstoke and Deane",,,63045,62735,55308,20787,15675,18846,7150,6101,686,363,277,310
"J","South East","24","Hampshire","24UC","East Hampshire",,,44988,44931,38692,19755,11111,7826,5771,4505,811,455,468,57
"J","South East","24","Hampshire","24UD","Eastleigh",,,47851,47794,41673,17254,13843,10576,5732,4784,630,318,389,57
"J","South East","24","Hampshire","24UE","Fareham",,,44403,44353,39829,16596,14613,8620,4321,3682,319,320,203,50
"J","South East","24","Hampshire","24UF","Gosport",,,32674,32544,25551,4007,8963,12581,6829,5868,537,424,164,130
"J","South East","24","Hampshire","24UG","Hart",,,33325,33282,29856,15222,8402,6232,3132,2538,313,281,294,43
"J","South East","24","Hampshire","24UH","Havant",,,50324,50168,41504,14781,14538,12185,8372,7131,624,617,292,156
"J","South East","24","Hampshire","24UJ","New Forest",,,74835,74724,64578,35621,17324,11633,8867,6840,1082,945,1279,111
"J","South East","24","Hampshire","24UL","Rushmoor",,,36232,36098,28635,7062,12166,9407,7199,5685,1095,419,264,134
"J","South East","24","Hampshire","24UN","Test Valley",,,45204,45146,39897,17975,11612,10310,4888,3974,611,303,361,58
"J","South East","24","Hampshire","24UP","Winchester",,,44420,44309,37616,17268,11304,9044,6126,4473,1172,481,567,111
"J","South East","29","Kent","29UB","Ashford",,,42969,42894,38181,14468,13426,10287,4256,3249,679,328,457,75
"J","South East","29","Kent","29UC","Canterbury",,,58068,57764,47971,18563,18118,11290,9280,5920,2469,891,513,304
"J","South East","29","Kent","29UD","Dartford",,,36028,35985,29478,4750,12063,12665,6378,5248,851,279,129,43
"J","South East","29","Kent","29UE","Dover",,,46458,46230,39242,10815,13989,14438,6836,4739,1531,566,152,228
"J","South East","29","Kent","29UG","Gravesham",,,39137,39095,32686,6453,12903,13330,6260,4759,1066,435,149,42
"J","South East","29","Kent","29UH","Maidstone",,,58322,57949,50528,16000,20658,13870,6995,5497,1063,435,426,373
"J","South East","29","Kent","29UK","Sevenoaks",,,45648,45558,39472,15587,13198,10687,5535,4114,965,456,551,90
"J","South East","29","Kent","29UL","Shepway",,,44492,44261,34103,12628,11159,10316,10051,5353,3811,887,107,231
"J","South East","29","Kent","29UM","Swale",,,51316,51042,45776,11821,17061,16894,4974,3485,1020,469,292,274
"J","South East","29","Kent","29UN","Thanet",,,59300,58939,44658,12548,17840,14270,14132,8039,4822,1271,149,361
"J","South East","29","Kent","29UP","Tonbridge and Malling",,,43899,43839,39500,12342,17471,9687,4105,3124,569,412,234,60
"J","South East","29","Kent","29UQ","Tunbridge Wells",,,43994,43727,34290,12498,13583,8209,9297,5178,3511,608,140,267
"J","South East","38","Oxfordshire","38UB","Cherwell",,,54841,54741,49756,17005,19485,13266,4780,3518,899,363,205,100
"J","South East","38","Oxfordshire","38UC","Oxford",,,53439,52638,38228,5224,16899,16105,14257,10908,2608,741,153,801
"J","South East","38","Oxfordshire","38UD","South Oxfordshire",,,53918,53865,47408,19737,17514,10157,5491,4124,823,544,966,53
"J","South East","38","Oxfordshire","38UE","Vale of White Horse",,,46919,46881,41582,18162,14738,8682,4691,3532,716,443,608,38
"J","South East","38","Oxfordshire","38UF","West Oxfordshire",,,40094,40058,36631,14587,13192,8852,3075,2127,506,442,352,36
"J","South East","43","Surrey","43UB","Elmbridge",,,52619,52515,41306,18389,13841,9076,11146,8807,1576,763,63,104
"J","South East","43","Surrey","43UC","Epsom and Ewell",,,28029,27967,22210,8002,10437,3771,5728,4661,627,440,29,62
"J","South East","43","Surrey","43UD","Guildford",,,53573,53342,43599,18642,17491,7466,9206,6588,2093,525,537,231
"J","South East","43","Surrey","43UE","Mole Valley",,,34502,34456,27800,13725,9932,4143,5868,4386,1082,400,788,46
"J","South East","43","Surrey","43UF","Reigate and Banstead",,,52895,52682,41064,15952,16514,8598,11215,8796,1725,694,403,213
"J","South East","43","Surrey","43UG","Runnymede",,,32673,32567,25792,9401,10990,5401,5473,4319,734,420,1302,106
"J","South East","43","Surrey","43UH","Spelthorne",,,39305,39210,30436,8070,13954,8412,8404,6971,896,537,370,95
"J","South East","43","Surrey","43UJ","Surrey Heath",,,32825,32719,28069,15385,8353,4331,4417,3362,676,379,233,106
"J","South East","43","Surrey","43UK","Tandridge",,,32405,32334,26116,12472,9207,4437,5927,4577,875,475,291,71
"J","South East","43","Surrey","43UL","Waverley",,,48570,48457,40777,20554,13266,6957,7483,5409,1533,541,197,113
"J","South East","43","Surrey","43UM","Woking",,,37943,37871,29769,12618,9443,7708,7967,6580,971,416,135,72
"J","South East","45","West Sussex","45UB","Adur",,,26430,26386,20867,5023,10099,5745,5247,4355,559,333,272,44
"J","South East","45","West Sussex","45UC","Arun",,,65603,65359,51079,22646,15282,13151,13473,9528,3064,881,807,244
"J","South East","45","West Sussex","45UD","Chichester",,,48852,48702,41442,18944,13748,8750,6876,5222,1041,613,384,150
"J","South East","45","West Sussex","45UE","Crawley",,,40935,40830,33518,6185,8577,18756,7284,6730,352,202,28,105
"J","South East","45","West Sussex","45UF","Horsham",,,51341,51172,43425,20633,13950,8842,7398,6164,763,471,349,169
"J","South East","45","West Sussex","45UG","Mid Sussex",,,53437,53350,44673,19648,16371,8654,8409,6328,1454,627,268,87
"J","South East","45","West Sussex","45UH","Worthing",,,45768,45289,30900,10283,10832,9785,14374,9600,4021,753,15,479
"K","South West",,,"00HA","Bath and North East Somerset",,,73252,72952,57906,16286,20771,20849,14779,7636,6211,932,267,300
"K","South West",,,"00HB","Bristol, City of",,,167123,166029,120270,10655,48470,61145,45550,24456,18344,2750,209,1094
"K","South West",,,"00HC","North Somerset",,,82802,82581,66883,28761,25543,12579,14815,7663,6209,943,883,221
"K","South West",,,"00HD","South Gloucestershire",,,100896,100854,91215,27722,35350,28143,8952,7219,969,764,687,42
"K","South West",,,"00HG","Plymouth",,,106583,106109,81239,11557,32167,37515,24533,15130,8346,1057,337,474
"K","South West",,,"00HH","Torbay",,,60479,60088,43137,13559,14412,15166,16706,8962,6306,1438,245,391
"K","South West",,,"00HN","Bournemouth",,,76825,75662,43253,27132,10987,5134,31921,17476,12280,2165,488,1163
"K","South West",,,"00HP","Poole",,,61623,61472,47166,26214,13036,7916,14268,11265,2241,762,38,151
"K","South West",,,"00HX","Swindon",,,77512,77229,67135,17311,23741,26083,9792,7902,1317,573,302,283
"K","South West","15","Cornwall and Isles of Scilly","15UB","Caradon",,,36150,36113,32227,13947,9323,8957,3549,2139,914,496,337,37
"K","South West","15","Cornwall and Isles of Scilly","15UC","Carrick",,,41091,40904,34493,14828,10318,9347,5929,3689,1711,529,482,187
"K","South West","15","Cornwall and Isles of Scilly","15UD","Kerrier",,,41626,41446,37111,16585,9577,10949,3488,2206,831,451,847,180
"K","South West","15","Cornwall and Isles of Scilly","15UE","North Cornwall",,,38628,38524,33848,18170,9162,6516,4170,2264,1175,731,506,104
"K","South West","15","Cornwall and Isles of Scilly","15UF","Penwith",,,31118,31001,26153,9548,6173,10432,4500,2548,1479,473,348,117
"K","South West","15","Cornwall and Isles of Scilly","15UG","Restormel",,,42628,42405,36102,16420,11687,7995,5038,2795,1527,716,1265,223
"K","South West","15","Cornwall and Isles of Scilly","15UH","Isles of Scilly",,,1199,1196,828,390,225,213,364,121,183,60,4,3
"K","South West","18","Devon","18UB","East Devon",,,59178,59144,50233,23252,15411,11570,8552,4825,2789,938,359,34
"K","South West","18","Devon","18UC","Exeter",,,47888,47493,36056,7100,12696,16260,10976,7646,2738,592,461,395
"K","South West","18","Devon","18UD","Mid Devon",,,30084,30041,27318,11989,8386,6943,2544,1463,649,432,179,43
"K","South West","18","Devon","18UE","North Devon",,,40381,40172,34233,16207,8660,9366,5609,2786,1952,871,330,209
"K","South West","18","Devon","18UG","South Hams",,,40565,40530,35076,15888,10210,8978,5202,2667,1817,718,252,35
"K","South West","18","Devon","18UH","Teignbridge",,,53613,53526,45394,20201,12985,12208,7045,3692,2536,817,1087,87
"K","South West","18","Devon","18UK","Torridge",,,26596,26561,23888,11477,5700,6711,2520,1289,820,411,153,35
"K","South West","18","Devon","18UL","West Devon",,,21296,21287,19357,9682,5374,4301,1763,903,520,340,167,9
"K","South West","19","Dorset","19UC","Christchurch",,,21769,21757,17229,9215,4111,3903,4396,3482,547,367,132,12
"K","South West","19","Dorset","19UD","East Dorset",,,36616,36607,32144,22832,5809,3503,3586,2954,361,271,877,9
"K","South West","19","Dorset","19UE","North Dorset",,,26455,26427,23633,11253,7616,4764,2604,1802,478,324,190,28
"K","South West","19","Dorset","19UG","Purbeck",,,20625,20584,16993,8229,4908,3856,3193,2026,833,334,398,41
"K","South West","19","Dorset","19UH","West Dorset",,,44030,43958,37673,17014,10623,10036,5849,4130,1134,585,436,72
"K","South West","19","Dorset","19UJ","Weymouth and Portland",,,28570,28426,22352,6969,6246,9137,5999,3641,1804,554,75,144
"K","South West","23","Gloucestershire","23UB","Cheltenham",,,49959,49735,37066,9103,16806,11157,12277,7799,3912,566,392,224
"K","South West","23","Gloucestershire","23UC","Cotswold",,,36833,36796,32738,13885,11032,7821,3718,2482,737,499,340,37
"K","South West","23","Gloucestershire","23UD","Forest of Dean",,,33645,33628,31340,15379,11597,4364,1955,1158,455,342,333,17
"K","South West","23","Gloucestershire","23UE","Gloucester",,,46992,46716,39878,9478,19452,10948,6583,4820,1315,448,255,276
"K","South West","23","Gloucestershire","23UF","Stroud",,,45975,45948,41166,17312,15277,8577,4489,3249,805,435,293,27
"K","South West","23","Gloucestershire","23UG","Tewkesbury",,,33428,33406,29359,11630,11771,5958,3278,2627,356,295,769,22
"K","South West","40","Somerset","40UB","Mendip",,,44117,44046,39308,14431,14067,10810,4544,2879,1113,552,194,71
"K","South West","40","Somerset","40UC","Sedgemoor",,,45844,45742,40532,15475,14654,10403,4828,3278,1101,449,382,102
"K","South West","40","Somerset","40UD","South Somerset",,,66146,66091,59167,22710,20692,15765,6342,4334,1281,727,582,55
"K","South West","40","Somerset","40UE","Taunton Deane",,,45230,45114,38497,13800,13247,11450,6234,4512,1277,445,383,116
"K","South West","40","Somerset","40UF","West Somerset",,,16844,16808,14567,6389,5113,3065,2121,1086,721,314,120,36
"K","South West","46","Wiltshire","46UB","Kennet",,,31305,31268,27749,11604,9598,6547,3338,2467,495,376,181,37
"K","South West","46","Wiltshire","46UC","North Wiltshire",,,52082,52005,47214,19598,16339,11277,4289,3180,656,453,502,77
"K","South West","46","Wiltshire","46UD","Salisbury",,,49216,49127,42666,17669,14428,10569,5896,4217,1179,500,565,89
"K","South West","46","Wiltshire","46UF","West Wiltshire",,,51150,51045,45897,16934,16911,12052,4874,3382,971,521,274,105
,,,,"00NA","Isle of Anglesey",,,31043,31029,28788,15069,6231,7488,2087,1269,497,321,154,14
,,,,"00NC","Gwynedd",,,56786,56725,50976,20057,12606,18313,5416,3176,1234,1006,333,61
,,,,"00NE","Conwy",,,51496,51333,42158,18164,16276,7718,9012,4965,3066,981,163,163
,,,,"00NG","Denbighshire",,,41669,41567,37039,18467,13068,5504,4451,2517,1307,627,77,102
,,,,"00NJ","Flintshire",,,62420,62364,58301,23378,25804,9119,3733,2733,542,458,330,56
,,,,"00NL","Wrexham",,,55045,54992,49257,17115,20262,11880,5594,4783,439,372,141,53
,,,,"00NN","Powys",,,57399,57376,51816,27008,14059,10749,5017,2856,1147,1014,543,23
,,,,"00NQ","Ceredigion",,,33086,32925,28777,16395,7021,5361,3776,1886,1277,613,372,161
,,,,"00NS","Pembrokeshire",,,54286,54185,47567,22521,13900,11146,6056,3766,1353,937,562,101
,,,,"00NU","Carmarthenshire",,,77196,77128,71015,28538,26457,16020,5659,3640,1202,817,454,68
,,,,"00NX","Swansea",,,99550,99407,85597,22482,34795,28320,13489,10490,2078,921,321,143
,,,,"00NZ","Neath Port Talbot",,,60606,60479,54415,11266,26368,16781,5949,4788,645,516,115,127
,,,,"00PB","Bridgend",,,55300,55241,49724,11914,22045,15765,5391,4142,763,486,126,59
,,,,"00PD","The Vale of Glamorgan",,,51009,50961,43772,13422,16140,14210,6829,4799,1428,602,360,48
,,,,"00PF","Rhondda, Cynon, Taff",,,99312,99159,90559,12089,26065,52405,8404,6741,837,826,196,153
,,,,"00PH","Merthyr Tydfil",,,24584,24560,22848,3211,6714,12923,1666,1278,183,205,46,24
,,,,"00PK","Caerphilly",,,72020,72005,66183,10363,28395,27425,5748,4522,564,662,74,15
,,,,"00PL","Blaenau Gwent",,,31385,31385,27990,2952,7689,17349,3354,2673,322,359,41,0
,,,,"00PM","Torfaen",,,38730,38722,34034,6566,10537,16931,4609,4100,247,262,79,8
,,,,"00PP","Monmouthshire",,,36795,36725,32869,16034,10512,6323,3735,2725,559,451,121,70
,,,,"00PR","Newport",,,58621,58515,49389,10151,19027,20211,8946,6995,1472,479,180,106
,,,,"00PT","Cardiff",,,127476,127157,102615,18203,40508,43904,24404,16932,6263,1209,138,319