DATASET_TITLE,Communal Establishments - People (UV73),,,,,,FROM,Apr-2001,Apr-2001,Apr-2001,Apr-2001,Apr-2001,Apr-2001,Apr-2001,Apr-2001,Apr-2001,Apr-2001,Apr-2001,Apr-2001,Apr-2001,Apr-2001,Apr-2001,Apr-2001,Apr-2001,Apr-2001,Apr-2001,Apr-2001,Apr-2001,Apr-2001,Apr-2001,Apr-2001,Apr-2001,Apr-2001,Apr-2001,Apr-2001
AREA_TYPE,Local Authority,,,,,,TO,Apr-2001,Apr-2001,Apr-2001,Apr-2001,Apr-2001,Apr-2001,Apr-2001,Apr-2001,Apr-2001,Apr-2001,Apr-2001,Apr-2001,Apr-2001,Apr-2001,Apr-2001,Apr-2001,Apr-2001,Apr-2001,Apr-2001,Apr-2001,Apr-2001,Apr-2001,Apr-2001,Apr-2001,Apr-2001,Apr-2001,Apr-2001,Apr-2001
GEO_HIERARCHY,NeSS Geography Hierarchy,,,,,,HEADING,All People in Communal Establishments,Medical and care establishments,Medical and care establishments:  NHS,Medical and care establishments:  NHS:  Psychiatric hospital / home,Medical and care establishments:  NHS:  Other hospital home,Medical and care establishments:  Local Authority,Medical and care establishments:  Local Authority:  Children's home,Medical and care establishments:  Local Authority:  Nursing home,Medical and care establishments:  Local Authority:  Residential care home,Medical and care establishments:  Local Authority:  Other home,Medical and care establishments:  Housing association,Medical and care establishments:  Housing association:  Home or hostel,Medical and care establishments:  Other,Medical and care establishments:  Other:  Nursing home,Medical and care establishments:  Other:  Residential care home,Medical and care establishments:  Other:  Children's home,Medical and care establishments:  Other:  Psychiatric hospital / home,Medical and care establishments:  Other:  Other hospital,Medical and care establishments:  Other:  Other medical and care home,Other establishments,Other establishments:  Defence establishments (including ships),Other establishments:  Prison service establishments,Other establishments:  Probation / Bail hostel,Other establishments:  Educational establishment (including Halls of residence),"Other establishments:  Hotel,  Boarding House or Guest House","Other establishments:  Hostel (including youth hostels, hostels for the homeless and people sleeping rough)","Other establishments:  Civilian Ship, Boat or Barge",Other establishments:  Other
,,,,,,,MEASUREMENT_UNIT,Count,Count,Count,Count,Count,Count,Count,Count,Count,Count,Count,Count,Count,Count,Count,Count,Count,Count,Count,Count,Count,Count,Count,Count,Count,Count,Count,Count
,,,,,,,STATISTICAL_UNIT,Persons,Persons,Persons,Persons,Persons,Persons,Persons,Persons,Persons,Persons,Persons,Persons,Persons,Persons,Persons,Persons,Persons,Persons,Persons,Persons,Persons,Persons,Persons,Persons,Persons,Persons,Persons,Persons
GOR_CODE,GOR_NAME,CTY_CODE,CTY_NAME,LA_CODE,LA_NAME,AREA_METADATA,,DATA_VALUE,DATA_VALUE,DATA_VALUE,DATA_VALUE,DATA_VALUE,DATA_VALUE,DATA_VALUE,DATA_VALUE,DATA_VALUE,DATA_VALUE,DATA_VALUE,DATA_VALUE,DATA_VALUE,DATA_VALUE,DATA_VALUE,DATA_VALUE,DATA_VALUE,DATA_VALUE,DATA_VALUE,DATA_VALUE,DATA_VALUE,DATA_VALUE,DATA_VALUE,DATA_VALUE,DATA_VALUE,DATA_VALUE,DATA_VALUE,DATA_VALUE
"B","North West",,,"00BL","Bolton",,,2397,1620,88,26,62,298,3,0,290,5,6,6,1228,624,582,0,12,0,10,777,0,0,0,266,37,131,0,343
"B","North West",,,"00BM","Bury",,,2510,2029,206,139,67,287,0,0,287,0,0,0,1536,559,927,3,0,0,47,481,0,0,23,352,13,64,0,29
"B","North West",,,"00BN","Manchester",,,15436,2988,213,69,144,171,23,0,142,6,116,116,2488,960,1405,18,74,0,31,12448,0,403,17,9803,84,593,0,1548
"B","North West",,,"00BP","Oldham",,,1787,1682,54,0,54,133,13,0,115,5,76,76,1419,614,800,5,0,0,0,105,0,0,0,0,0,29,0,76
"B","North West",,,"00BQ","Rochdale",,,2271,1702,90,20,70,211,9,0,199,3,6,6,1395,578,770,0,47,0,0,569,0,342,12,0,4,137,0,74
"B","North West",,,"00BR","Salford",,,5688,1871,214,56,158,280,23,87,147,23,29,29,1348,700,582,4,22,0,40,3817,0,412,20,2817,9,67,0,492
"B","North West",,,"00BS","Stockport",,,2272,2102,176,67,109,61,3,0,39,19,0,0,1865,570,1161,29,105,0,0,170,0,0,11,22,24,37,0,76
"B","North West",,,"00BT","Tameside",,,1865,1693,151,28,123,146,3,27,91,25,33,33,1363,594,748,4,17,0,0,172,0,0,0,0,5,40,0,127
"B","North West",,,"00BU","Trafford",,,1690,1554,117,21,96,330,12,28,287,3,20,20,1087,443,636,0,8,0,0,136,0,0,0,0,19,32,0,85
"B","North West",,,"00BW","Wigan",,,2246,1781,33,0,33,132,17,0,115,0,54,54,1562,705,771,0,34,0,52,465,0,314,0,0,5,53,0,93
"B","North West",,,"00BX","Knowsley",,,1143,1061,83,0,83,24,6,0,0,18,0,0,954,499,290,3,101,0,61,82,0,0,0,0,0,67,0,15
"B","North West",,,"00BY","Liverpool",,,13166,3830,345,77,268,270,41,86,143,0,39,39,3176,1968,1082,27,51,0,48,9336,0,1184,44,6316,20,476,0,1296
"B","North West",,,"00BZ","St. Helens",,,1454,1226,30,30,0,271,36,0,235,0,151,151,774,405,279,16,36,7,31,228,0,37,0,0,13,90,0,88
"B","North West",,,"00CA","Sefton",,,4899,4466,472,407,65,219,10,76,133,0,14,14,3761,1476,1930,62,213,0,80,433,4,0,0,20,197,14,0,198
"B","North West",,,"00CB","Wirral",,,3841,3337,73,9,64,258,8,88,143,19,67,67,2939,1256,1379,0,84,187,33,504,0,0,0,30,30,59,0,385
"B","North West",,,"00ET","Halton",,,1013,811,6,0,6,78,0,0,78,0,37,37,690,238,326,4,114,0,8,202,0,0,0,0,18,80,0,104
"B","North West",,,"00EU","Warrington",,,3083,1624,144,95,49,80,7,27,34,12,0,0,1400,735,517,16,132,0,0,1459,0,987,0,315,28,52,0,77
"B","North West",,,"00EX","Blackburn with Darwen",,,1598,1220,25,7,18,230,19,0,207,4,0,0,965,357,534,30,7,0,37,378,0,0,21,102,6,161,0,88
"B","North West",,,"00EY","Blackpool",,,4656,2028,212,15,197,128,11,0,107,10,34,34,1654,470,1129,0,46,0,9,2628,0,0,0,0,2115,212,0,301
"B","North West","13","Cheshire","13UB","Chester",,,1858,982,44,44,0,3,0,0,3,0,0,0,935,595,318,3,12,7,0,876,91,0,0,48,81,57,0,599
"B","North West","13","Cheshire","13UC","Congleton",,,1165,716,11,0,11,41,4,0,34,3,23,23,641,212,429,0,0,0,0,449,0,0,14,415,8,6,0,6
"B","North West","13","Cheshire","13UD","Crewe and Nantwich",,,1580,991,145,19,126,32,21,8,3,0,0,0,814,472,310,0,32,0,0,589,0,0,0,497,29,53,0,10
"B","North West","13","Cheshire","13UE","Ellesmere Port & Neston",,,701,631,0,0,0,40,6,0,34,0,22,22,569,270,299,0,0,0,0,70,0,0,19,40,3,0,0,8
"B","North West","13","Cheshire","13UG","Macclesfield",,,2403,2018,99,58,41,43,8,0,35,0,26,26,1850,956,654,0,8,0,232,385,0,260,0,12,40,50,0,23
"B","North West","13","Cheshire","13UH","Vale Royal",,,1155,938,9,0,9,13,3,0,10,0,0,0,916,521,388,0,0,0,7,217,0,0,0,117,36,7,0,57
"B","North West","16","Cumbria","16UB","Allerdale",,,1435,801,84,0,84,147,0,0,147,0,0,0,570,137,433,0,0,0,0,634,0,0,0,52,521,9,0,52
"B","North West","16","Cumbria","16UC","Barrow-in-Furness",,,623,593,66,14,52,143,0,0,143,0,0,0,384,157,227,0,0,0,0,30,0,0,0,0,18,0,0,12
"B","North West","16","Cumbria","16UD","Carlisle",,,1426,950,69,60,9,157,5,0,152,0,5,5,719,257,462,0,0,0,0,476,10,0,16,320,51,48,0,31
"B","North West","16","Cumbria","16UE","Copeland",,,1157,524,59,12,47,140,0,0,140,0,8,8,317,97,220,0,0,0,0,633,0,521,0,39,45,5,0,23
"B","North West","16","Cumbria","16UF","Eden",,,780,394,3,0,3,71,0,0,71,0,0,0,320,146,174,0,0,0,0,386,0,0,0,178,136,14,0,58
"B","North West","16","Cumbria","16UG","South Lakeland",,,3376,1168,80,27,53,246,0,0,246,0,3,3,839,332,494,0,0,0,13,2208,0,0,0,994,963,36,0,215
"B","North West","30","Lancashire","30UD","Burnley",,,1088,973,63,0,63,132,13,0,119,0,0,0,778,297,476,0,0,0,5,115,0,0,0,0,13,3,0,99
"B","North West","30","Lancashire","30UE","Chorley",,,2343,1079,15,0,15,95,12,27,45,11,0,0,969,511,458,0,0,0,0,1264,0,1200,0,15,20,9,0,20
"B","North West","30","Lancashire","30UF","Fylde",,,2164,1314,47,0,47,64,0,0,64,0,0,0,1203,486,657,0,24,0,36,850,305,300,0,68,75,0,0,102
"B","North West","30","Lancashire","30UG","Hyndburn",,,911,862,14,8,6,167,4,43,120,0,0,0,681,240,429,4,0,0,8,49,0,0,18,0,7,0,0,24
"B","North West","30","Lancashire","30UH","Lancaster",,,7010,1719,174,84,90,211,5,0,175,31,4,4,1330,567,728,0,3,0,32,5291,0,628,0,4399,80,17,0,167
"B","North West","30","Lancashire","30UJ","Pendle",,,768,727,11,0,11,142,0,0,142,0,0,0,574,232,320,0,0,0,22,41,0,0,0,7,3,0,0,31
"B","North West","30","Lancashire","30UK","Preston",,,2579,1388,264,88,176,80,9,0,71,0,0,0,1044,505,474,0,39,0,26,1191,112,252,0,0,3,49,0,775
"B","North West","30","Lancashire","30UL","Ribble Valley",,,1167,741,190,0,190,89,4,0,82,3,4,4,458,143,206,5,62,0,42,426,0,0,0,352,36,0,0,38
"B","North West","30","Lancashire","30UM","Rossendale",,,799,767,36,0,36,100,0,0,100,0,0,0,631,215,327,11,78,0,0,32,0,0,0,0,21,6,0,5
"B","North West","30","Lancashire","30UN","South Ribble",,,823,682,0,0,0,145,7,0,138,0,4,4,533,206,248,0,75,0,4,141,0,0,0,0,3,20,0,118
"B","North West","30","Lancashire","30UP","West Lancashire",,,1735,1024,31,0,31,102,10,0,89,3,5,5,886,449,399,0,0,0,38,711,0,0,0,621,0,0,0,90
"B","North West","30","Lancashire","30UQ","Wyre",,,2036,1099,20,0,20,111,0,0,111,0,0,0,968,440,502,0,18,0,8,937,0,0,0,760,15,25,0,137