DATASET_TITLE,Economic Activity (UV28),,,,,,FROM,Apr-2001,Apr-2001,Apr-2001,Apr-2001,Apr-2001,Apr-2001,Apr-2001,Apr-2001,Apr-2001,Apr-2001,Apr-2001,Apr-2001,Apr-2001,Apr-2001,Apr-2001,Apr-2001,Apr-2001,Apr-2001,Apr-2001
AREA_TYPE,Local Authority,,,,,,TO,Apr-2001,Apr-2001,Apr-2001,Apr-2001,Apr-2001,Apr-2001,Apr-2001,Apr-2001,Apr-2001,Apr-2001,Apr-2001,Apr-2001,Apr-2001,Apr-2001,Apr-2001,Apr-2001,Apr-2001,Apr-2001,Apr-2001
GEO_HIERARCHY,NeSS Geography Hierarchy,,,,,,HEADING,All People,Economically active,Economically active: Employee,Economically active: Employee: Part-time,Economically active: Employee: Full-time,Economically active: Self-employed with employees,Economically active: Self-employed with employees: Part-time,Economically active: Self-employed with employees: Full-time,Economically active: Self-employed without employees,Economically active: Self-employed without employees: Part-time,Economically active: Self-employed without employees: Full-time,Economically active: Unemployed,Economically active: Full-time Students,Economically inactive,Economically inactive: Retired,Economically inactive: Student,Economically inactive: Looking after home / family,Economically inactive: Permanently sick / disabled,Economically inactive: Other
,,,,,,,MEASUREMENT_UNIT,Count,Count,Count,Count,Count,Count,Count,Count,Count,Count,Count,Count,Count,Count,Count,Count,Count,Count,Count
,,,,,,,STATISTICAL_UNIT,Persons,Persons,Persons,Persons,Persons,Persons,Persons,Persons,Persons,Persons,Persons,Persons,Persons,Persons,Persons,Persons,Persons,Persons,Persons
GOR_CODE,GOR_NAME,CTY_CODE,CTY_NAME,LA_CODE,LA_NAME,AREA_METADATA,,DATA_VALUE,DATA_VALUE,DATA_VALUE,DATA_VALUE,DATA_VALUE,DATA_VALUE,DATA_VALUE,DATA_VALUE,DATA_VALUE,DATA_VALUE,DATA_VALUE,DATA_VALUE,DATA_VALUE,DATA_VALUE,DATA_VALUE,DATA_VALUE,DATA_VALUE,DATA_VALUE,DATA_VALUE
"H","London",,,"00AA","City of London",,,6067,4535,3315,276,3039,344,22,322,543,152,391,216,117,1532,546,364,232,180,210
"H","London",,,"00AB","Barking and Dagenham",,,113579,71537,57230,11509,45721,2045,247,1798,4453,764,3689,5121,2688,42042,13433,5078,10799,7924,4808
"H","London",,,"00AC","Barnet",,,228123,154748,112635,21146,91489,10281,1561,8720,17626,5763,11863,7758,6448,73375,23035,16882,17069,7866,8523
"H","London",,,"00AD","Bexley",,,156172,108636,87260,18157,69103,4284,571,3713,8912,1940,6972,4530,3650,47536,22180,4875,10909,5659,3913
"H","London",,,"00AE","Brent",,,198712,130146,95030,15628,79402,6351,852,5499,11616,3092,8524,9901,7248,68566,18997,16440,13601,9372,10156
"H","London",,,"00AF","Bromley",,,212368,147643,115801,23487,92314,7162,927,6235,14260,4186,10074,5672,4748,64725,30041,7182,15232,6805,5465
"H","London",,,"00AG","Camden",,,155165,100582,70076,9710,60366,5275,813,4462,12568,4501,8067,7665,4998,54583,10828,16968,9857,8944,7986
"H","London",,,"00AH","Croydon",,,238077,166951,130988,24240,106748,6780,869,5911,13626,3540,10086,9163,6394,71126,26395,10535,16824,9063,8309
"H","London",,,"00AJ","Ealing",,,224780,153781,120001,17146,102855,5919,786,5133,12389,3426,8963,8844,6628,70999,20474,14704,15365,10414,10042
"H","London",,,"00AK","Enfield",,,197706,130425,98696,19128,79568,6243,844,5399,11471,3034,8437,8177,5838,67281,22202,12612,14712,9082,8673
"H","London",,,"00AL","Greenwich",,,153795,101036,76559,13752,62807,3529,457,3072,7420,1921,5499,8354,5174,52759,15903,9400,11898,8845,6713
"H","London",,,"00AM","Hackney",,,146865,90779,63401,12013,51388,3451,597,2854,8636,2665,5971,10143,5148,56086,11069,13448,11650,10340,9579
"H","London",,,"00AN","Hammersmith and Fulham",,,129792,90115,67370,7809,59561,3977,529,3448,9406,2902,6504,6447,2915,39677,10038,9330,8181,6134,5994
"H","London",,,"00AP","Haringey",,,162700,106526,76685,12367,64318,4164,670,3494,10469,3573,6896,9468,5740,56174,13127,13350,11689,8530,9478
"H","London",,,"00AQ","Harrow",,,150514,103049,79016,15294,63722,5612,723,4889,9228,2619,6609,4602,4591,47465,16913,9474,10334,5119,5625
"H","London",,,"00AR","Havering",,,161323,109098,87564,19368,68196,4644,659,3985,9397,1961,7436,4191,3302,52225,25063,4626,11715,6647,4174
"H","London",,,"00AS","Hillingdon",,,175645,122590,98320,18140,80180,4442,565,3877,9363,2432,6931,4800,5665,53055,20648,8717,11998,6579,5113
"H","London",,,"00AT","Hounslow",,,157406,109494,87414,13267,74147,3965,513,3452,8100,2219,5881,5137,4878,47912,14855,8765,10931,7065,6296
"H","London",,,"00AU","Islington",,,135661,88592,63867,9209,54658,3576,506,3070,9274,2791,6483,7873,4002,47069,10639,11033,8763,9380,7254
"H","London",,,"00AW","Kensington and Chelsea",,,124869,81944,56799,6888,49911,5887,923,4964,11056,4054,7002,5844,2358,42925,10356,10390,10065,5043,7071
"H","London",,,"00AX","Kingston upon Thames",,,109058,78210,60420,10495,49925,3210,479,2731,7369,2231,5138,2696,4515,30848,10717,7478,7034,2780,2839
"H","London",,,"00AY","Lambeth",,,203976,144695,108196,14784,93412,4994,707,4287,12610,3745,8865,12368,6527,59281,14714,13729,11602,9349,9887
"H","London",,,"00AZ","Lewisham",,,183135,126225,95444,15785,79659,4115,629,3486,10092,2835,7257,10301,6273,56910,15908,11938,11983,8847,8234
"H","London",,,"00BA","Merton",,,139476,99972,79041,12361,66680,3955,510,3445,8816,2520,6296,4541,3619,39504,13860,7210,9291,4361,4782
"H","London",,,"00BB","Newham",,,170268,99911,72748,13163,59585,3255,477,2778,5193,1170,4023,11437,7278,70357,13262,15944,17641,11614,11896
"H","London",,,"00BC","Redbridge",,,171300,113293,85880,16486,69394,5926,753,5173,10446,2660,7786,6236,4805,58007,19389,11009,13419,7529,6661
"H","London",,,"00BD","Richmond upon Thames",,,127541,93051,70888,11127,59761,4818,676,4142,11052,3942,7110,3312,2981,34490,12756,6155,8897,3195,3487
"H","London",,,"00BE","Southwark",,,183489,120837,89094,13707,75387,4015,551,3464,9748,2725,7023,11307,6673,62652,14598,17714,11436,9741,9163
"H","London",,,"00BF","Sutton",,,129176,93911,75051,14583,60468,3966,501,3465,8632,2178,6454,3301,2961,35265,15226,4117,8350,4306,3266
"H","London",,,"00BG","Tower Hamlets",,,143429,84737,61754,10087,51667,2720,397,2323,5924,1417,4507,9456,4883,58692,11021,12783,14753,9254,10881
"H","London",,,"00BH","Waltham Forest",,,159041,106652,82023,14577,67446,3391,511,2880,8311,2106,6205,7823,5104,52389,14990,9583,12162,7986,7668
"H","London",,,"00BJ","Wandsworth",,,204647,150028,117837,12952,104885,5651,741,4910,13226,3992,9234,7871,5443,54619,15141,12205,11725,7554,7994
"H","London",,,"00BK","Westminster",,,146477,96657,70516,8101,62415,5817,872,4945,10413,3371,7042,6497,3414,49820,11541,13985,9729,6901,7664