DATASET_TITLE,"Worklessness: Economic Activity, July 2010 - June 2011",,,,,,FROM,Jul-2010,Jul-2010,Jul-2010,Jul-2010,Jul-2010,Jul-2010,Jul-2010,Jul-2010,Jul-2010,Jul-2010,Jul-2010,Jul-2010
AREA_TYPE,Local Authority,,,,,,TO,Jun-2011,Jun-2011,Jun-2011,Jun-2011,Jun-2011,Jun-2011,Jun-2011,Jun-2011,Jun-2011,Jun-2011,Jun-2011,Jun-2011
GEO_HIERARCHY,NeSS Geography Hierarchy,,,,,,HEADING,Economically Active; Aged 16-64,Economic Activity Rate; Aged 16-64,Economic Activity Rate Confidence Interval; Aged 16-64,In Employment; Aged 16-64,Employment Rate; Aged 16-64,Employment Rate Confidence Interval; Aged 16-64,Unemployed; Aged 16-64,Unemployment Rate; Aged 16-64,Unemployment Rate Confidence Interval; Aged 16-64,Economically Inactive; Aged 16-64,Economic Inactivity Rate,Economic Inactivity Rate Confidence Interval; Aged 16-64
,,,,,,,MEASUREMENT_UNIT,Count,Percentage,Percentage Points,Count,Percentage,Percentage Points,Count,Percentage,Percentage Points,Count,Percentage,Percentage Points
,,,,,,,STATISTICAL_UNIT,Persons,Persons,Persons,Persons,Persons,Persons,Persons,Persons,Persons,Persons,Persons,Persons
GOR_CODE,GOR_NAME,CTY_CODE,CTY_NAME,LA_CODE,LA_NAME,AREA_METADATA,,DATA_VALUE,DATA_VALUE,DATA_VALUE,DATA_VALUE,DATA_VALUE,DATA_VALUE,DATA_VALUE,DATA_VALUE,DATA_VALUE,DATA_VALUE,DATA_VALUE,DATA_VALUE
"A","North East",,,"00CH","Gateshead",,,93100,75.2,2.6,82300,66.4,2.9,10900,11.7,2.3,30700,24.8,2.6
"A","North East",,,"00CJ","Newcastle upon Tyne",,,139000,70.1,2.8,124800,63,3,14200,10.2,2.2,59200,29.9,2.8
"A","North East",,,"00CK","North Tyneside",,,102200,80.7,2.3,92000,72.6,2.6,10200,10,2,24500,19.3,2.3
"A","North East",,,"00CL","South Tyneside",,,74300,75,2.6,66200,66.9,2.8,8100,10.9,2.2,24700,25,2.6
"A","North East",,,"00CM","Sunderland",,,131100,70.6,2.7,117300,63.2,2.8,13700,10.5,2.2,54500,29.4,2.7
"A","North East",,,"00EB","Hartlepool",,,39900,68.6,2.8,34900,60.1,3,4900,12.4,2.5,18200,31.4,2.8
"A","North East",,,"00EC","Middlesbrough",,,61500,66.8,2.7,51800,56.3,2.9,9600,15.7,2.6,30600,33.2,2.7
"A","North East",,,"00EE","Redcar and Cleveland",,,59400,69.5,2.7,51600,60.4,2.9,7800,13.1,2.4,26100,30.5,2.7
"A","North East",,,"00EF","Stockton-on-Tees",,,94500,77.2,2.6,85800,70.1,2.8,8600,9.2,2,27900,22.8,2.6
"A","North East",,,"00EH","Darlington",,,47700,75.5,2.7,44300,70.2,2.9,3300,7,1.9,15500,24.5,2.7
"A","North East",,,"00EJ","Durham",,,241700,73.4,2.8,221100,67.2,3,20600,8.5,2.1,87500,26.6,2.8
"A","North East",,,"00EM","Northumberland",,,140400,72.8,2.9,130500,67.7,3.1,9900,7.1,2,52300,27.2,2.9
"B","North West",,,"00BL","Bolton",,,119100,70.8,2.9,110100,65.4,3.1,9000,7.6,2,49200,29.2,2.9
"B","North West",,,"00BM","Bury",,,88800,76,2.7,81700,69.9,2.9,7100,8,2,28100,24,2.7
"B","North West",,,"00BN","Manchester",,,236800,66.4,2.5,209000,58.6,2.6,27800,11.7,2.1,119700,33.6,2.5
"B","North West",,,"00BP","Oldham",,,100600,72.4,2.6,90300,65,2.8,10300,10.2,2.1,38400,27.6,2.6
"B","North West",,,"00BQ","Rochdale",,,95600,72.7,2.5,86800,66,2.7,8900,9.3,2,35900,27.3,2.5
"B","North West",,,"00BR","Salford",,,111800,74.2,2.5,99400,66.1,2.7,12300,11,2.1,38800,25.8,2.5
"B","North West",,,"00BS","Stockport",,,141700,79.1,2.6,131300,73.4,2.8,10400,7.3,1.9,37300,20.9,2.6
"B","North West",,,"00BT","Tameside",,,103000,73.9,2.8,91700,65.7,3.1,11300,11,2.4,36400,26.1,2.8
"B","North West",,,"00BU","Trafford",,,107400,77.8,2.5,100500,72.8,2.7,6900,6.4,1.7,30700,22.2,2.5
"B","North West",,,"00BW","Wigan",,,151000,76.4,2.6,139900,70.8,2.8,11000,7.3,1.8,46800,23.6,2.6
"B","North West",,,"00BX","Knowsley",,,68200,72.1,2.7,59900,63.2,2.9,8400,12.3,2.4,26400,27.9,2.7
"B","North West",,,"00BY","Liverpool",,,204000,67.7,2.7,177600,58.9,2.8,26400,12.9,2.3,97400,32.3,2.7
"B","North West",,,"00BZ","St. Helens",,,83500,73.6,2.8,76400,67.4,3,7000,8.4,2.1,29900,26.4,2.8
"B","North West",,,"00CA","Sefton",,,132600,79,2.6,118800,70.8,2.9,13800,10.4,2.2,35200,21,2.6
"B","North West",,,"00CB","Wirral",,,138700,73.4,2.6,127400,67.5,2.8,11300,8.2,1.9,50100,26.6,2.6
"B","North West",,,"00EQ","Cheshire East",,,179200,79.4,3.1,167100,74.1,3.3,12100,6.8,2.1,46400,20.6,3.1
"B","North West",,,"00ET","Halton",,,57900,74.8,2.7,52500,67.9,2.9,5300,9.2,2.1,19500,25.2,2.7
"B","North West",,,"00EU","Warrington",,,101300,79.4,2.6,96400,75.5,2.7,4900,4.9,1.6,26400,20.6,2.6
"B","North West",,,"00EW","Cheshire West and Chester",,,161200,77.5,3.4,150100,72.2,3.7,11100,6.9,2.4,46700,22.5,3.4
"B","North West",,,"00EX","Blackburn with Darwen",,,59500,67.7,2.9,53800,61.2,3,5700,9.6,2.2,28400,32.3,2.9
"B","North West",,,"00EY","Blackpool",,,61600,73.7,2.5,55700,66.6,2.7,5900,9.6,2,22000,26.3,2.5
"B","North West","16","Cumbria","16UB","Allerdale",,,47700,83.2,5.2,43400,75.8,6,4200,8.9,4.4,9700,16.8,5.2
"B","North West","16","Cumbria","16UC","Barrow-in-Furness",,,32600,72.1,7.5,29800,66,7.9,2800,8.5,..,12600,27.9,7.5
"B","North West","16","Cumbria","16UD","Carlisle",,,54800,81.5,5.2,50900,75.7,5.8,3900,7.1,3.9,12400,18.5,5.2
"B","North West","16","Cumbria","16UE","Copeland",,,33400,75.8,7.2,31300,71.1,7.6,2100,6.3,..,10600,24.2,7.2
"B","North West","16","Cumbria","16UF","Eden",,,24400,78.3,8.3,23000,74,8.8,1300,5.5,..,6800,21.7,8.3
"B","North West","16","Cumbria","16UG","South Lakeland",,,49900,81.9,5.3,48000,78.7,5.7,1900,3.8,..,11100,18.1,5.3
"B","North West","30","Lancashire","30UD","Burnley",,,39700,77,6.9,38700,74.9,7.1,1100,2.7,..,11900,23,6.9
"B","North West","30","Lancashire","30UE","Chorley",,,53600,79.7,5.4,51500,76.6,5.7,2100,4,..,13600,20.3,5.4
"B","North West","30","Lancashire","30UF","Fylde",,,37500,81.3,7,35000,75.9,7.6,2500,6.6,..,8600,18.7,7
"B","North West","30","Lancashire","30UG","Hyndburn",,,34800,70,7.2,33800,67.9,7.3,1000,3,..,14900,30,7.2
"B","North West","30","Lancashire","30UH","Lancaster",,,68200,76.7,5.9,64600,72.7,6.2,3600,5.3,..,20700,23.3,5.9
"B","North West","30","Lancashire","30UJ","Pendle",,,41800,74.4,7.1,38300,68.1,7.5,3600,8.5,..,14400,25.6,7.1
"B","North West","30","Lancashire","30UK","Preston",,,61800,70.4,5.4,57200,65.2,5.7,4600,7.4,3.7,26000,29.6,5.4
"B","North West","30","Lancashire","30UL","Ribble Valley",,,29400,82.9,7.1,27900,78.8,7.7,1400,4.9,..,6000,17.1,7.1
"B","North West","30","Lancashire","30UM","Rossendale",,,31500,71.3,8.7,27800,63,9.3,3700,11.7,..,12700,28.7,8.7
"B","North West","30","Lancashire","30UN","South Ribble",,,57700,79.4,5.3,55400,76.2,5.6,2300,4,..,15000,20.6,5.3
"B","North West","30","Lancashire","30UP","West Lancashire",,,54200,78.3,6.2,52500,75.9,6.4,1700,3.1,..,15000,21.7,6.2
"B","North West","30","Lancashire","30UQ","Wyre",,,50800,76.1,6.5,47400,70.9,6.9,3500,6.8,..,16000,23.9,6.5
"D","Yorkshire and The Humber",,,"00CC","Barnsley",,,102500,70.9,2.8,92100,63.7,2.9,10500,10.2,2.2,42100,29.1,2.8
"D","Yorkshire and The Humber",,,"00CE","Doncaster",,,137400,75.1,2.6,122000,66.7,2.8,15400,11.2,2.2,45700,24.9,2.6
"D","Yorkshire and The Humber",,,"00CF","Rotherham",,,119100,73.5,2.5,107300,66.3,2.7,11800,9.9,2,42900,26.5,2.5
"D","Yorkshire and The Humber",,,"00CG","Sheffield",,,268700,72,2.7,245300,65.7,2.9,23400,8.7,2,104600,28,2.7
"D","Yorkshire and The Humber",,,"00CX","Bradford",,,221400,68,2.8,200300,61.5,2.9,21100,9.5,2.1,104400,32,2.8
"D","Yorkshire and The Humber",,,"00CY","Calderdale",,,97100,74.5,2.7,87900,67.5,2.9,9100,9.4,2.1,33300,25.5,2.7
"D","Yorkshire and The Humber",,,"00CZ","Kirklees",,,196400,74.2,2.8,179000,67.7,3,17400,8.9,2.1,68200,25.8,2.8
"D","Yorkshire and The Humber",,,"00DA","Leeds",,,413700,75.5,2.3,375700,68.6,2.5,38000,9.2,1.8,134000,24.5,2.3
"D","Yorkshire and The Humber",,,"00DB","Wakefield",,,158200,76.2,2.6,143500,69.1,2.8,14700,9.3,2,49500,23.8,2.6
"D","Yorkshire and The Humber",,,"00FA","Kingston upon Hull, City of",,,131200,73.3,2.5,112600,62.9,2.7,18600,14.2,2.3,47900,26.7,2.5
"D","Yorkshire and The Humber",,,"00FB","East Riding of Yorkshire",,,164300,79,2.6,153800,73.9,2.8,10500,6.4,1.8,43800,21,2.6
"D","Yorkshire and The Humber",,,"00FC","North East Lincolnshire",,,76800,78.5,2.6,67900,69.4,2.9,8900,11.6,2.3,21100,21.5,2.6
"D","Yorkshire and The Humber",,,"00FD","North Lincolnshire",,,77900,77,2.7,73300,72.5,2.8,4600,5.9,1.7,23200,23,2.7
"D","Yorkshire and The Humber",,,"00FF","York",,,107400,78.5,2.7,99800,72.9,2.9,7600,7,1.9,29500,21.5,2.7
"D","Yorkshire and The Humber","36","North Yorkshire","36UB","Craven",,,26500,82,7.9,24800,76.6,8.7,1800,6.6,..,5800,18,7.9
"D","Yorkshire and The Humber","36","North Yorkshire","36UC","Hambleton",,,43700,82.7,6.6,39900,75.4,7.5,3800,8.8,..,9200,17.3,6.6
"D","Yorkshire and The Humber","36","North Yorkshire","36UD","Harrogate",,,75400,75.8,5.2,70000,70.3,5.6,5400,7.2,3.7,24100,24.2,5.2
"D","Yorkshire and The Humber","36","North Yorkshire","36UE","Richmondshire",,,22600,72.7,9,21300,68.7,9.4,1200,5.4,..,8500,27.3,9
"D","Yorkshire and The Humber","36","North Yorkshire","36UF","Ryedale",,,27300,82.3,8.1,26000,78.4,8.7,1300,4.8,..,5900,17.7,8.1
"D","Yorkshire and The Humber","36","North Yorkshire","36UG","Scarborough",,,47600,75.6,6.7,43300,68.8,7.2,4300,9,5.2,15400,24.4,6.7
"D","Yorkshire and The Humber","36","North Yorkshire","36UH","Selby",,,43200,78.9,5.9,41500,75.7,6.2,1700,4,..,11600,21.1,5.9
"E","East Midlands",,,"00FK","Derby",,,117900,75.3,2.6,105900,67.6,2.8,12000,10.2,2.1,38700,24.7,2.6
"E","East Midlands",,,"00FN","Leicester",,,145100,70.3,2.7,128600,62.3,2.8,16500,11.4,2.2,61400,29.7,2.7
"E","East Midlands",,,"00FP","Rutland",,,17500,82.1,4.3,16500,77.4,4.7,1000,5.7,2.9,3800,17.9,4.3
"E","East Midlands",,,"00FY","Nottingham",,,140600,64.1,2.8,121600,55.5,2.9,18900,13.5,2.4,78600,35.9,2.8
"E","East Midlands","17","Derbyshire","17UB","Amber Valley",,,58900,75,6.5,55900,71.2,6.8,3000,5.1,..,19600,25,6.5
"E","East Midlands","17","Derbyshire","17UC","Bolsover",,,37400,79.7,7.2,32200,68.7,8.3,5200,13.9,6.9,9500,20.3,7.2
"E","East Midlands","17","Derbyshire","17UD","Chesterfield",,,50600,79,6.2,46300,72.2,6.8,4400,8.6,4.8,13400,21,6.2
"E","East Midlands","17","Derbyshire","17UF","Derbyshire Dales",,,35300,86.1,7.1,32700,79.6,8.3,2700,7.5,..,5700,13.9,7.1
"E","East Midlands","17","Derbyshire","17UG","Erewash",,,57600,81.3,6,49800,70.3,7.1,7800,13.5,5.9,13300,18.7,6
"E","East Midlands","17","Derbyshire","17UH","High Peak",,,46800,78.7,5.8,42800,71.9,6.4,4000,8.6,4.5,12700,21.3,5.8
"E","East Midlands","17","Derbyshire","17UJ","North East Derbyshire",,,45300,73.1,6.5,40000,64.4,7,5400,11.9,5.6,16700,26.9,6.5
"E","East Midlands","17","Derbyshire","17UK","South Derbyshire",,,51100,84.2,5.8,49800,82.1,6.1,1300,2.5,..,9600,15.8,5.8
"E","East Midlands","31","Leicestershire","31UB","Blaby",,,48200,79.2,6.2,47500,78.1,6.3,x,x,x,12700,20.8,6.2
"E","East Midlands","31","Leicestershire","31UC","Charnwood",,,83700,74.5,4.8,78500,69.8,5.1,5300,6.3,3.1,28600,25.5,4.8
"E","East Midlands","31","Leicestershire","31UD","Harborough",,,41100,80.4,6.6,38300,74.9,7.2,2800,6.8,..,10000,19.6,6.6
"E","East Midlands","31","Leicestershire","31UE","Hinckley and Bosworth",,,51800,76.2,6.6,46100,67.8,7.2,5700,10.9,5.5,16200,23.8,6.6
"E","East Midlands","31","Leicestershire","31UG","Melton",,,23100,73.8,8.3,23100,73.8,8.3,x,x,x,8200,26.2,8.3
"E","East Midlands","31","Leicestershire","31UH","North West Leicestershire",,,46900,82.8,5.6,45300,80,6,1600,3.4,..,9700,17.2,5.6
"E","East Midlands","31","Leicestershire","31UJ","Oadby and Wigston",,,28900,76.1,8.8,26700,70.2,9.4,2200,7.7,..,9100,23.9,8.8
"E","East Midlands","32","Lincolnshire","32UB","Boston",,,27300,73.7,8.4,24600,66.4,9,2700,9.8,..,9800,26.3,8.4
"E","East Midlands","32","Lincolnshire","32UC","East Lindsey",,,67100,82.3,5.5,62000,76,6.2,5200,7.7,4.3,14400,17.7,5.5
"E","East Midlands","32","Lincolnshire","32UD","Lincoln",,,47600,80.4,6.3,43900,74.2,7,3700,7.8,..,11600,19.6,6.3
"E","East Midlands","32","Lincolnshire","32UE","North Kesteven",,,49700,77.5,6,48300,75.4,6.2,1400,2.8,..,14400,22.5,6
"E","East Midlands","32","Lincolnshire","32UF","South Holland",,,42900,86.9,5.6,40000,81.1,6.5,2900,6.8,..,6400,13.1,5.6
"E","East Midlands","32","Lincolnshire","32UG","South Kesteven",,,65400,78.7,5,62000,74.6,5.3,3400,5.2,3.1,17700,21.3,5
"E","East Midlands","32","Lincolnshire","32UH","West Lindsey",,,39900,72.8,6.6,37300,68.2,6.9,2500,6.3,..,14900,27.2,6.6
"E","East Midlands","34","Northamptonshire","34UB","Corby",,,29800,84.3,6.8,27100,76.8,7.9,2700,8.9,..,5500,15.7,6.8
"E","East Midlands","34","Northamptonshire","34UC","Daventry",,,37600,74.5,7.4,35400,70.1,7.8,2200,5.8,..,12900,25.5,7.4
"E","East Midlands","34","Northamptonshire","34UD","East Northamptonshire",,,44700,84.1,6,44000,82.8,6.2,x,x,x,8500,15.9,6
"E","East Midlands","34","Northamptonshire","34UE","Kettering",,,49800,85.6,6.2,45000,77.4,7.4,4800,9.7,5.7,8300,14.4,6.2
"E","East Midlands","34","Northamptonshire","34UF","Northampton",,,113400,80.4,4,106000,75.1,4.3,7400,6.5,2.7,27700,19.6,4
"E","East Midlands","34","Northamptonshire","34UG","South Northamptonshire",,,46700,83.2,5.7,43600,77.6,6.3,3100,6.7,..,9500,16.8,5.7
"E","East Midlands","34","Northamptonshire","34UH","Wellingborough",,,40000,83.9,6.1,38000,79.8,6.6,2000,4.9,..,7700,16.1,6.1
"E","East Midlands","37","Nottinghamshire","37UB","Ashfield",,,55300,75.1,6.1,49600,67.3,6.6,5700,10.4,5,18300,24.9,6.1
"E","East Midlands","37","Nottinghamshire","37UC","Bassetlaw",,,52600,75,6.2,50700,72.2,6.4,2000,3.7,..,17500,25,6.2
"E","East Midlands","37","Nottinghamshire","37UD","Broxtowe",,,58100,80.6,6.1,54300,75.3,6.6,3800,6.6,..,14000,19.4,6.1
"E","East Midlands","37","Nottinghamshire","37UE","Gedling",,,56700,77.9,6.3,53800,74,6.7,2900,5.1,..,16000,22.1,6.3
"E","East Midlands","37","Nottinghamshire","37UF","Mansfield",,,45000,69.9,6.9,39600,61.5,7.3,5400,12,5.9,19400,30.1,6.9
"E","East Midlands","37","Nottinghamshire","37UG","Newark and Sherwood",,,53600,77.2,5.7,49200,70.9,6.2,4400,8.2,4.3,15800,22.8,5.7
"E","East Midlands","37","Nottinghamshire","37UJ","Rushcliffe",,,57300,78.2,5.7,54500,74.5,6,2800,4.8,..,15900,21.8,5.7
"F","West Midlands",,,"00CN","Birmingham",,,447200,66.8,2.3,390500,58.3,2.4,56700,12.7,2,222400,33.2,2.3
"F","West Midlands",,,"00CQ","Coventry",,,151500,72.6,2.7,138500,66.4,2.8,13000,8.6,2,57300,27.4,2.7
"F","West Midlands",,,"00CR","Dudley",,,143600,75.4,2.8,128200,67.3,3,15400,10.7,2.3,46900,24.6,2.8
"F","West Midlands",,,"00CS","Sandwell",,,126500,68.8,2.6,112900,61.4,2.7,13600,10.8,2.1,57300,31.2,2.6
"F","West Midlands",,,"00CT","Solihull",,,95100,75.3,2.8,87100,69,3,8000,8.4,2.1,31100,24.7,2.8
"F","West Midlands",,,"00CU","Walsall",,,112800,71.7,2.8,99800,63.4,3,13000,11.5,2.4,44600,28.3,2.8
"F","West Midlands",,,"00CW","Wolverhampton",,,105400,70.6,2.7,91100,61,2.9,14300,13.6,2.4,43800,29.4,2.7
"F","West Midlands",,,"00GA","Herefordshire, County of",,,81200,76.5,2.8,77900,73.4,2.9,3300,4.1,1.5,25000,23.5,2.8
"F","West Midlands",,,"00GF","Telford and Wrekin",,,78300,74.5,2.7,70800,67.4,2.9,7400,9.5,2.1,26800,25.5,2.7
"F","West Midlands",,,"00GG","Shropshire",,,140600,80.3,2.5,132600,75.7,2.7,8000,5.7,1.6,34500,19.7,2.5
"F","West Midlands",,,"00GL","Stoke-on-Trent",,,112600,73.5,2.6,101000,65.9,2.8,11600,10.3,2.1,40700,26.5,2.6
"F","West Midlands","41","Staffordshire","41UB","Cannock Chase",,,48800,80.1,5.7,44300,72.7,6.3,4500,9.3,4.6,12100,19.9,5.7
"F","West Midlands","41","Staffordshire","41UC","East Staffordshire",,,54000,77.6,5.7,52300,75.2,5.9,1700,3.1,..,15600,22.4,5.7
"F","West Midlands","41","Staffordshire","41UD","Lichfield",,,47400,78.7,6.4,45700,75.9,6.7,1700,3.5,..,12800,21.3,6.4
"F","West Midlands","41","Staffordshire","41UE","Newcastle-under-Lyme",,,57800,75.5,6.2,50700,66.3,6.8,7000,12.2,5.4,18700,24.5,6.2
"F","West Midlands","41","Staffordshire","41UF","South Staffordshire",,,51200,77.8,5.8,47300,71.8,6.3,3900,7.7,4.2,14600,22.2,5.8
"F","West Midlands","41","Staffordshire","41UG","Stafford",,,62700,77.9,5.4,59600,74.1,5.7,3000,4.9,..,17800,22.1,5.4
"F","West Midlands","41","Staffordshire","41UH","Staffordshire Moorlands",,,48200,79.4,6.3,46300,76.2,6.7,1900,4,..,12500,20.6,6.3
"F","West Midlands","41","Staffordshire","41UK","Tamworth",,,33800,68.5,9.1,29000,58.8,9.6,4800,14.1,..,15600,31.5,9.1
"F","West Midlands","44","Warwickshire","44UB","North Warwickshire",,,32700,82.9,7.8,30700,78,8.6,1900,5.9,..,6700,17.1,7.8
"F","West Midlands","44","Warwickshire","44UC","Nuneaton and Bedworth",,,60500,79.3,5.4,56300,73.7,5.9,4300,7,3.9,15800,20.7,5.4
"F","West Midlands","44","Warwickshire","44UD","Rugby",,,46000,80.2,6.1,39800,69.3,7.1,6300,13.6,5.9,11400,19.8,6.1
"F","West Midlands","44","Warwickshire","44UE","Stratford-on-Avon",,,57100,80.6,5.2,54800,77.4,5.5,2300,4,..,13700,19.4,5.2
"F","West Midlands","44","Warwickshire","44UF","Warwick",,,75500,79.6,4.9,72000,75.9,5.2,3500,4.6,..,19400,20.4,4.9
"F","West Midlands","47","Worcestershire","47UB","Bromsgrove",,,44500,76.6,6.8,41000,70.6,7.3,3500,7.9,..,13600,23.4,6.8
"F","West Midlands","47","Worcestershire","47UC","Malvern Hills",,,33400,74.4,8.1,31400,69.9,8.5,2000,6.1,..,11500,25.6,8.1
"F","West Midlands","47","Worcestershire","47UD","Redditch",,,40000,75.6,7.2,36600,69.1,7.7,3400,8.6,..,12900,24.4,7.2
"F","West Midlands","47","Worcestershire","47UE","Worcester",,,44200,68.9,7.7,42000,65.4,7.9,2200,5.1,..,19900,31.1,7.7
"F","West Midlands","47","Worcestershire","47UF","Wychavon",,,60500,84.4,4.9,59300,82.7,5.1,1200,2,..,11200,15.6,4.9
"F","West Midlands","47","Worcestershire","47UG","Wyre Forest",,,46700,76.3,6.5,44300,72.5,6.9,2300,5,..,14500,23.7,6.5
"G","East of England",,,"00JA","Peterborough",,,86400,77.2,2.6,76800,68.6,2.9,9500,11.1,2.3,25500,22.8,2.6
"G","East of England",,,"00KA","Luton",,,92300,72.1,2.9,84500,66,3.1,7800,8.5,2.2,35700,27.9,2.9
"G","East of England",,,"00KB","Bedford",,,84100,81.8,3.9,78700,76.6,4.3,5400,6.4,2.8,18700,18.2,3.9
"G","East of England",,,"00KC","Central Bedfordshire",,,133000,81,3,125100,76.2,3.3,8000,6,2.1,31100,19,3
"G","East of England",,,"00KF","Southend-on-Sea",,,78500,76.6,2.6,73000,71.2,2.8,5500,7,1.8,24000,23.4,2.6
"G","East of England",,,"00KG","Thurrock",,,83400,79.1,2.7,75100,71.2,3,8300,10,2.3,22100,20.9,2.7
"G","East of England","12","Cambridgeshire","12UB","Cambridge",,,70400,80.9,5.5,66300,76.1,6,4100,5.9,..,16700,19.1,5.5
"G","East of England","12","Cambridgeshire","12UC","East Cambridgeshire",,,45600,87.9,5.5,42400,81.8,6.5,3200,6.9,..,6300,12.1,5.5
"G","East of England","12","Cambridgeshire","12UD","Fenland",,,38600,67.6,7.6,36600,64,7.8,2000,5.3,..,18500,32.4,7.6
"G","East of England","12","Cambridgeshire","12UE","Huntingdonshire",,,85500,79.7,4.4,79600,74.2,4.8,5900,6.9,3.1,21800,20.3,4.4
"G","East of England","12","Cambridgeshire","12UG","South Cambridgeshire",,,77000,84.7,4.1,72800,80.2,4.6,4100,5.4,2.8,13900,15.3,4.1
"G","East of England","22","Essex","22UB","Basildon",,,89700,78.5,4.7,83600,73.1,5.1,6100,6.9,3.3,24500,21.5,4.7
"G","East of England","22","Essex","22UC","Braintree",,,74400,82.1,4.9,70100,77.4,5.3,4300,5.8,3.3,16200,17.9,4.9
"G","East of England","22","Essex","22UD","Brentwood",,,38400,82.3,6.6,37600,80.6,6.8,x,x,x,8300,17.7,6.6
"G","East of England","22","Essex","22UE","Castle Point",,,40100,75.6,7,38600,72.7,7.2,1500,3.8,..,12900,24.4,7
"G","East of England","22","Essex","22UF","Chelmsford",,,85700,77.5,4.6,79900,72.2,4.9,5800,6.8,3.2,24900,22.5,4.6
"G","East of England","22","Essex","22UG","Colchester",,,94000,79,4.9,89600,75.3,5.2,4400,4.7,..,25000,21,4.9
"G","East of England","22","Essex","22UH","Epping Forest",,,60200,76.3,6.2,55500,70.4,6.7,4700,7.8,4.5,18700,23.7,6.2
"G","East of England","22","Essex","22UJ","Harlow",,,43100,83.3,6.9,37700,72.8,8.2,5400,12.6,6.7,8700,16.7,6.9
"G","East of England","22","Essex","22UK","Maldon",,,28300,73,8.5,26100,67.5,9,2200,7.6,..,10500,27,8.5
"G","East of England","22","Essex","22UL","Rochford",,,40300,78.3,7.7,38500,74.7,8.1,1800,4.6,..,11200,21.7,7.7
"G","East of England","22","Essex","22UN","Tendring",,,64500,75.4,6.7,57000,66.7,7.3,7500,11.6,5.7,21000,24.6,6.7
"G","East of England","22","Essex","22UQ","Uttlesford",,,37900,83.6,6.4,36800,81.3,6.8,1100,2.8,..,7400,16.4,6.4
"G","East of England","26","Hertfordshire","26UB","Broxbourne",,,47100,82.2,6.6,43000,75,7.5,4100,8.8,..,10200,17.8,6.6
"G","East of England","26","Hertfordshire","26UC","Dacorum",,,71900,78.9,5.6,69500,76.3,5.8,2400,3.3,..,19200,21.1,5.6
"G","East of England","26","Hertfordshire","26UD","East Hertfordshire",,,70100,77.6,5.3,68300,75.6,5.4,1800,2.6,..,20200,22.4,5.3
"G","East of England","26","Hertfordshire","26UE","Hertsmere",,,51100,81.3,6.2,48700,77.5,6.7,2400,4.6,..,11800,18.7,6.2
"G","East of England","26","Hertfordshire","26UF","North Hertfordshire",,,66400,84.4,4.6,60400,76.8,5.3,5900,8.9,3.9,12300,15.6,4.6
"G","East of England","26","Hertfordshire","26UG","St Albans",,,72300,82.2,4.7,68600,78,5.1,3700,5.2,3,15600,17.8,4.7
"G","East of England","26","Hertfordshire","26UH","Stevenage",,,41500,79.9,7,39400,75.9,7.5,2000,4.9,..,10500,20.1,7
"G","East of England","26","Hertfordshire","26UJ","Three Rivers",,,39400,71.2,7.4,35700,64.5,7.8,3700,9.5,..,15900,28.8,7.4
"G","East of England","26","Hertfordshire","26UK","Watford",,,46700,82.1,6.3,41000,72.1,7.4,5700,12.3,6,10200,17.9,6.3
"G","East of England","26","Hertfordshire","26UL","Welwyn Hatfield",,,54600,72.9,6.9,50100,66.9,7.3,4500,8.3,5,20300,27.1,6.9
"G","East of England","33","Norfolk","33UB","Breckland",,,62300,78.2,5.9,58300,73.1,6.3,4000,6.5,4,17400,21.8,5.9
"G","East of England","33","Norfolk","33UC","Broadland",,,59600,78.6,5.9,57400,75.7,6.2,2200,3.6,..,16200,21.4,5.9
"G","East of England","33","Norfolk","33UD","Great Yarmouth",,,44000,73.9,8,39000,65.5,8.6,5000,11.4,6.8,15500,26.1,8
"G","East of England","33","Norfolk","33UE","King's Lynn and West Norfolk",,,66700,79.2,5.2,59600,70.8,5.9,7100,10.7,4.6,17500,20.8,5.2
"G","East of England","33","Norfolk","33UF","North Norfolk",,,42700,77.5,6.3,41200,74.7,6.6,1500,3.6,..,12400,22.5,6.3
"G","East of England","33","Norfolk","33UG","Norwich",,,78800,78.7,5.6,72800,72.7,6.1,6000,7.6,4.1,21300,21.3,5.6
"G","East of England","33","Norfolk","33UH","South Norfolk",,,62100,85.7,4.6,56500,78,5.5,5600,9,4.1,10400,14.3,4.6
"G","East of England","42","Suffolk","42UB","Babergh",,,38200,75.1,6.9,37000,72.8,7.1,1200,3.1,..,12700,24.9,6.9
"G","East of England","42","Suffolk","42UC","Forest Heath",,,31500,81.4,8,29800,76.9,8.7,1700,5.5,..,7200,18.6,8
"G","East of England","42","Suffolk","42UD","Ipswich",,,63900,77.3,5.4,59200,71.6,5.8,4700,7.3,3.8,18800,22.7,5.4
"G","East of England","42","Suffolk","42UE","Mid Suffolk",,,47700,82.3,5.1,45400,78.4,5.5,2300,4.8,..,10200,17.7,5.1
"G","East of England","42","Suffolk","42UF","St Edmundsbury",,,50800,81.4,5.4,47100,75.5,5.9,3700,7.2,4,11600,18.6,5.4
"G","East of England","42","Suffolk","42UG","Suffolk Coastal",,,59500,81,5.6,56300,76.6,6,3200,5.4,..,13900,19,5.6
"G","East of England","42","Suffolk","42UH","Waveney",,,52100,74.1,5.8,48600,69.1,6.1,3500,6.7,3.9,18200,25.9,5.8
"H","London",,,"00AA","City of London",,,4000,72,..,2200,40.3,..,x,x,x,x,x,x
"H","London",,,"00AB","Barking and Dagenham",,,82000,70.8,3.6,70600,61,3.8,11400,13.9,3.3,33800,29.2,3.6
"H","London",,,"00AC","Barnet",,,174200,75.2,3.6,159500,68.9,3.9,14700,8.4,2.8,57300,24.8,3.6
"H","London",,,"00AD","Bexley",,,112800,76.8,3.5,104200,70.9,3.8,8600,7.6,2.6,34100,23.2,3.5
"H","London",,,"00AE","Brent",,,124600,70.6,4.3,113300,64.2,4.6,11300,9.1,3.3,51900,29.4,4.3
"H","London",,,"00AF","Bromley",,,160500,79.1,3.7,152300,75.1,4,8200,5.1,2.3,42300,20.9,3.7
"H","London",,,"00AG","Camden",,,130400,73.9,3.8,118300,67,4,12100,9.3,3,46200,26.1,3.8
"H","London",,,"00AH","Croydon",,,178800,77.3,3.7,164500,71.1,4,14400,8,2.8,52500,22.7,3.7
"H","London",,,"00AJ","Ealing",,,168500,75.4,3.7,154700,69.2,4,13800,8.2,2.8,55100,24.6,3.7
"H","London",,,"00AK","Enfield",,,135600,71.3,3.5,121300,63.8,3.7,14300,10.6,2.9,54500,28.7,3.5
"H","London",,,"00AL","Greenwich",,,115800,75.3,3.3,105400,68.5,3.5,10400,9,2.5,38000,24.7,3.3
"H","London",,,"00AM","Hackney",,,116900,74.8,3.5,104700,67,3.7,12200,10.4,2.8,39300,25.2,3.5
"H","London",,,"00AN","Hammersmith and Fulham",,,92100,73,3.5,86100,68.2,3.7,6000,6.5,2.4,34000,27,3.5
"H","London",,,"00AP","Haringey",,,112800,70,3.9,99400,61.6,4.1,13500,11.9,3.3,48500,30,3.9
"H","London",,,"00AQ","Harrow",,,122200,78.2,3.5,112500,72,3.8,9700,7.9,2.6,34100,21.8,3.5
"H","London",,,"00AR","Havering",,,118800,77.9,3.7,109700,71.9,4,9200,7.7,2.7,33800,22.1,3.7
"H","London",,,"00AS","Hillingdon",,,136900,76.5,3.6,124200,69.4,3.9,12700,9.3,2.8,42100,23.5,3.6
"H","London",,,"00AT","Hounslow",,,131200,77.6,3.4,121200,71.7,3.7,10000,7.6,2.5,37900,22.4,3.4
"H","London",,,"00AU","Islington",,,107500,73,3.5,99800,67.7,3.7,7800,7.2,2.4,39900,27,3.5
"H","London",,,"00AW","Kensington and Chelsea",,,81300,68.7,3.9,77300,65.2,4,4100,5,2.3,37100,31.3,3.9
"H","London",,,"00AX","Kingston upon Thames",,,92600,76.2,3.7,84800,69.8,4,7800,8.4,2.8,28900,23.8,3.7
"H","London",,,"00AY","Lambeth",,,176600,82.1,3.3,154100,71.7,3.9,22500,12.7,3.2,38400,17.9,3.3
"H","London",,,"00AZ","Lewisham",,,144800,75,3.8,130200,67.5,4.1,14600,10.1,3.1,48200,25,3.8
"H","London",,,"00BA","Merton",,,115700,77.5,3.3,105800,70.9,3.6,9900,8.5,2.6,33700,22.5,3.3
"H","London",,,"00BB","Newham",,,103400,63.3,3.5,89000,54.5,3.6,14400,13.9,3.2,60000,36.7,3.5
"H","London",,,"00BC","Redbridge",,,130600,71.3,3.5,118200,64.5,3.7,12400,9.5,2.7,52600,28.7,3.5
"H","London",,,"00BD","Richmond upon Thames",,,101400,78.8,3.6,96900,75.3,3.8,4500,4.5,2,27300,21.2,3.6
"H","London",,,"00BE","Southwark",,,165600,76.4,3.7,145700,67.2,4,19900,12,3.2,51200,23.6,3.7
"H","London",,,"00BF","Sutton",,,108400,82.9,3.2,100300,76.7,3.5,8100,7.5,2.4,22400,17.1,3.2
"H","London",,,"00BG","Tower Hamlets",,,125600,69,3.5,107400,59,3.7,18200,14.5,3.2,56400,31,3.5
"H","London",,,"00BH","Waltham Forest",,,121800,77.8,3.3,108600,69.3,3.7,13200,10.8,2.8,34800,22.2,3.3
"H","London",,,"00BJ","Wandsworth",,,171400,79.6,3.6,158300,73.5,3.9,13100,7.7,2.7,43900,20.4,3.6
"H","London",,,"00BK","Westminster",,,139000,70.9,3.8,126500,64.5,4,12500,9,3,57100,29.1,3.8
"J","South East",,,"00LC","Medway",,,127000,76.1,3.1,116300,69.7,3.3,10700,8.4,2.3,40000,23.9,3.1
"J","South East",,,"00MA","Bracknell Forest",,,64900,84.1,2.5,62200,80.6,2.7,2700,4.2,1.5,12300,15.9,2.5
"J","South East",,,"00MB","West Berkshire",,,80300,81.4,2.5,76500,77.6,2.7,3800,4.7,1.5,18400,18.6,2.5
"J","South East",,,"00MC","Reading",,,83900,77.3,2.8,78400,72.3,2.9,5500,6.5,1.9,24600,22.7,2.8
"J","South East",,,"00MD","Slough",,,67600,76.4,2.6,62100,70.1,2.8,5600,8.2,1.9,20900,23.6,2.6
"J","South East",,,"00ME","Windsor and Maidenhead",,,74200,79.9,2.7,69400,74.7,2.9,4800,6.4,1.8,18700,20.1,2.7
"J","South East",,,"00MF","Wokingham",,,88900,81.8,2.7,84600,77.8,2.9,4300,4.8,1.6,19800,18.2,2.7
"J","South East",,,"00MG","Milton Keynes",,,132100,80.8,2.6,121700,74.5,2.9,10400,7.9,2,31400,19.2,2.6
"J","South East",,,"00ML","Brighton and Hove",,,133600,75,2.7,124700,70,2.9,8900,6.7,1.8,44500,25,2.7
"J","South East",,,"00MR","Portsmouth",,,108600,76.9,2.8,99500,70.4,3,9200,8.4,2.1,32700,23.1,2.8
"J","South East",,,"00MS","Southampton",,,127400,75.8,2.7,120600,71.7,2.9,6800,5.3,1.7,40700,24.2,2.7
"J","South East",,,"00MW","Isle of Wight",,,57000,70.9,2.8,51600,64.2,3,5400,9.5,2.2,23400,29.1,2.8
"J","South East","11","Buckinghamshire","11UB","Aylesbury Vale",,,87600,81,4.5,82800,76.6,4.8,4800,5.4,2.9,20600,19,4.5
"J","South East","11","Buckinghamshire","11UC","Chiltern",,,45600,82.4,5.6,43500,78.6,6,2100,4.6,..,9700,17.6,5.6
"J","South East","11","Buckinghamshire","11UE","South Bucks",,,34300,84.1,8,32600,80,8.7,1700,4.9,..,6500,15.9,8
"J","South East","11","Buckinghamshire","11UF","Wycombe",,,84900,82,4.4,79400,76.7,4.8,5500,6.5,3.1,18600,18,4.4
"J","South East","21","East Sussex","21UC","Eastbourne",,,46900,80.5,6.4,43700,75.1,6.9,3200,6.8,..,11300,19.5,6.4
"J","South East","21","East Sussex","21UD","Hastings",,,39600,72.8,7.1,35500,65.2,7.5,4100,10.4,5.7,14800,27.2,7.1
"J","South East","21","East Sussex","21UF","Lewes",,,46900,80.7,5.6,45700,78.6,5.8,1200,2.5,..,11200,19.3,5.6
"J","South East","21","East Sussex","21UG","Rother",,,35900,75.5,6.9,32700,68.6,7.5,3300,9.1,5.4,11700,24.5,6.9
"J","South East","21","East Sussex","21UH","Wealden",,,60900,74,5.2,58100,70.7,5.4,2800,4.5,..,21400,26,5.2
"J","South East","24","Hampshire","24UB","Basingstoke and Deane",,,91100,81.8,4.5,85600,76.8,5,5500,6.1,3.1,20300,18.2,4.5
"J","South East","24","Hampshire","24UC","East Hampshire",,,54200,80.9,5.7,52500,78.3,5.9,1700,3.1,..,12800,19.1,5.7
"J","South East","24","Hampshire","24UD","Eastleigh",,,62200,79.8,5.2,58800,75.5,5.6,3400,5.4,3.3,15700,20.2,5.2
"J","South East","24","Hampshire","24UE","Fareham",,,59900,84.3,6,55900,78.7,6.8,4000,6.6,..,11100,15.7,6
"J","South East","24","Hampshire","24UF","Gosport",,,37200,74.9,7.8,36000,72.6,8,1100,3,..,12500,25.1,7.8
"J","South East","24","Hampshire","24UG","Hart",,,44500,77.6,6.4,42300,73.8,6.8,2200,4.9,..,12900,22.4,6.4
"J","South East","24","Hampshire","24UH","Havant",,,57300,81.8,5.9,53400,76.2,6.5,3900,6.8,..,12700,18.2,5.9
"J","South East","24","Hampshire","24UJ","New Forest",,,79600,78,5,75600,74.1,5.3,4000,5,3,22500,22,5
"J","South East","24","Hampshire","24UL","Rushmoor",,,49600,82.7,6.1,46400,77.4,6.8,3200,6.4,..,10400,17.3,6.1
"J","South East","24","Hampshire","24UN","Test Valley",,,58700,81.5,5.5,57200,79.5,5.8,1500,2.5,..,13300,18.5,5.5
"J","South East","24","Hampshire","24UP","Winchester",,,58800,83.5,5.6,55000,78,6.3,3900,6.6,..,11600,16.5,5.6
"J","South East","29","Kent","29UB","Ashford",,,56500,80.1,5.4,53500,75.9,5.8,3000,5.2,..,14100,19.9,5.4
"J","South East","29","Kent","29UC","Canterbury",,,69500,71.4,5.8,63200,64.9,6.1,6300,9.1,4.4,27900,28.6,5.8
"J","South East","29","Kent","29UD","Dartford",,,50700,78.5,7.7,43500,67.3,8.8,7200,14.2,7.5,13900,21.5,7.7
"J","South East","29","Kent","29UE","Dover",,,47200,74.8,6.5,42600,67.5,7.1,4600,9.8,5.2,15900,25.2,6.5
"J","South East","29","Kent","29UG","Gravesham",,,50800,80.8,6.6,46100,73.2,7.4,4800,9.4,5.4,12100,19.2,6.6
"J","South East","29","Kent","29UH","Maidstone",,,78800,84.9,4.8,76500,82.3,5.2,2400,3,..,14100,15.1,4.8
"J","South East","29","Kent","29UK","Sevenoaks",,,56900,78.9,6.4,53300,73.8,6.9,3600,6.4,..,15200,21.1,6.4
"J","South East","29","Kent","29UL","Shepway",,,47400,81.1,5.9,43100,73.8,6.6,4300,9,4.8,11000,18.9,5.9
"J","South East","29","Kent","29UM","Swale",,,65400,80.7,5.2,59600,73.5,5.8,5800,8.9,4.2,15600,19.3,5.2
"J","South East","29","Kent","29UN","Thanet",,,59400,77.9,5.6,49600,65.2,6.5,9700,16.4,5.7,16800,22.1,5.6
"J","South East","29","Kent","29UP","Tonbridge and Malling",,,59400,78.6,6.4,54200,71.6,7,5200,8.8,5,16200,21.4,6.4
"J","South East","29","Kent","29UQ","Tunbridge Wells",,,54200,81.5,5.3,50000,75.2,5.9,4200,7.7,4.1,12300,18.5,5.3
"J","South East","38","Oxfordshire","38UB","Cherwell",,,72100,81.7,5.1,68200,77.3,5.5,3900,5.4,..,16200,18.3,5.1
"J","South East","38","Oxfordshire","38UC","Oxford",,,84700,78.6,5.9,78400,72.8,6.4,6300,7.5,4.3,23000,21.4,5.9
"J","South East","38","Oxfordshire","38UD","South Oxfordshire",,,66300,83.2,5,63600,79.7,5.4,2700,4.1,..,13400,16.8,5
"J","South East","38","Oxfordshire","38UE","Vale of White Horse",,,57600,79.4,5.7,56400,77.7,5.9,1200,2.1,..,15000,20.6,5.7
"J","South East","38","Oxfordshire","38UF","West Oxfordshire",,,53900,82.3,5.5,51900,79.3,5.9,2000,3.7,..,11600,17.7,5.5
"J","South East","43","Surrey","43UB","Elmbridge",,,63500,76.4,5.6,61500,74,5.8,1900,3,..,19700,23.6,5.6
"J","South East","43","Surrey","43UC","Epsom and Ewell",,,38300,86,7.9,36400,81.8,8.8,1900,5,..,6200,14,7.9
"J","South East","43","Surrey","43UD","Guildford",,,72900,82.7,5,71500,81.1,5.1,1400,1.9,..,15200,17.3,5
"J","South East","43","Surrey","43UE","Mole Valley",,,38100,75.2,6.7,37400,73.8,6.9,x,x,x,12500,24.8,6.7
"J","South East","43","Surrey","43UF","Reigate and Banstead",,,72000,82.5,5.7,71300,81.6,5.8,x,x,x,15300,17.5,5.7
"J","South East","43","Surrey","43UG","Runnymede",,,44900,76.1,7.4,41300,70,7.9,3600,8,..,14100,23.9,7.4
"J","South East","43","Surrey","43UH","Spelthorne",,,49400,79.6,6.7,47600,76.6,7,1900,3.8,..,12700,20.4,6.7
"J","South East","43","Surrey","43UJ","Surrey Heath",,,41100,77.2,7,41100,77.2,7,x,x,x,12200,22.8,7
"J","South East","43","Surrey","43UK","Tandridge",,,41100,83.8,6.5,38900,79.3,7.1,2200,5.4,..,8000,16.2,6.5
"J","South East","43","Surrey","43UL","Waverley",,,61000,83.4,5.8,60200,82.3,6,x,x,x,12100,16.6,5.8
"J","South East","43","Surrey","43UM","Woking",,,49300,80.9,6.2,47000,77,6.7,2400,4.9,..,11700,19.1,6.2
"J","South East","45","West Sussex","45UB","Adur",,,28100,75.3,8.8,26700,71.5,9.2,1400,5.1,..,9200,24.7,8.8
"J","South East","45","West Sussex","45UC","Arun",,,67000,77.9,6.1,63700,74.1,6.5,3300,5,..,19000,22.1,6.1
"J","South East","45","West Sussex","45UD","Chichester",,,51700,76.4,6.5,50600,74.9,6.6,1000,2,..,15900,23.6,6.5
"J","South East","45","West Sussex","45UE","Crawley",,,61800,86.7,5.3,58800,82.5,5.9,3000,4.9,..,9500,13.3,5.3
"J","South East","45","West Sussex","45UF","Horsham",,,64800,81.6,4.9,59900,75.4,5.5,4900,7.6,3.7,14600,18.4,4.9
"J","South East","45","West Sussex","45UG","Mid Sussex",,,66600,83.9,5,64100,80.8,5.3,2500,3.8,..,12800,16.1,5
"J","South East","45","West Sussex","45UH","Worthing",,,51400,81.9,6.3,47500,75.7,7,3900,7.6,..,11300,18.1,6.3
"K","South West",,,"00HA","Bath and North East Somerset",,,84700,72.6,3.1,80600,69.1,3.2,4100,4.8,1.7,32000,27.4,3.1
"K","South West",,,"00HB","Bristol, City of",,,249500,80.2,2.5,231100,74.3,2.7,18400,7.4,1.8,61500,19.8,2.5
"K","South West",,,"00HC","North Somerset",,,106200,82.3,2.5,98800,76.6,2.8,7300,6.9,1.9,22800,17.7,2.5
"K","South West",,,"00HD","South Gloucestershire",,,139100,82,2.6,132600,78.1,2.8,6500,4.7,1.6,30600,18,2.6
"K","South West",,,"00HE","Cornwall",,,249000,76.3,2.7,230200,70.6,2.9,18800,7.5,2,77200,23.7,2.7
"K","South West",,,"00HF","Isles of Scilly",,,..,..,..,..,..,..,..,..,..,..,..,..
"K","South West",,,"00HG","Plymouth",,,125700,73.3,2.9,118800,69.3,3,6900,5.5,1.7,45700,26.7,2.9
"K","South West",,,"00HH","Torbay",,,60100,77.5,2.7,55200,71.2,2.9,4900,8.1,2,17400,22.5,2.7
"K","South West",,,"00HN","Bournemouth",,,78700,74.6,2.6,72900,69.1,2.8,5900,7.5,1.8,26800,25.4,2.6
"K","South West",,,"00HP","Poole",,,69600,80.8,2.5,66200,76.9,2.7,3300,4.8,1.5,16500,19.2,2.5
"K","South West",,,"00HX","Swindon",,,107600,81.1,2.6,99800,75.3,2.8,7700,7.2,1.9,25100,18.9,2.6
"K","South West",,,"00HY","Wiltshire",,,225800,80.9,2.7,214000,76.7,2.9,11800,5.2,1.7,53200,19.1,2.7
"K","South West","18","Devon","18UB","East Devon",,,52600,71.1,6.1,48600,65.8,6.4,3900,7.5,..,21300,28.9,6.1
"K","South West","18","Devon","18UC","Exeter",,,61900,79.6,6.4,58700,75.5,6.8,3200,5.2,..,15800,20.4,6.4
"K","South West","18","Devon","18UD","Mid Devon",,,37000,77.7,7,34700,72.7,7.5,2400,6.4,..,10600,22.3,7
"K","South West","18","Devon","18UE","North Devon",,,43200,81.2,6.4,41200,77.3,6.8,2100,4.8,..,10000,18.8,6.4
"K","South West","18","Devon","18UG","South Hams",,,39500,77.4,7.2,38100,74.7,7.4,1400,3.5,..,11500,22.6,7.2
"K","South West","18","Devon","18UH","Teignbridge",,,58500,76.9,5.5,55200,72.5,5.8,3300,5.7,..,17600,23.1,5.5
"K","South West","18","Devon","18UK","Torridge",,,29000,72.1,8.3,26000,64.8,8.8,3000,10.2,6.5,11200,27.9,8.3
"K","South West","18","Devon","18UL","West Devon",,,21400,69.3,9,21000,67.7,9.1,x,x,x,9500,30.7,9
"K","South West","19","Dorset","19UC","Christchurch",,,19700,77.5,7.8,18600,73.2,8.3,1100,5.5,..,5700,22.5,7.8
"K","South West","19","Dorset","19UD","East Dorset",,,38900,79.6,5.1,36700,75.2,5.5,2100,5.5,3.3,9900,20.4,5.1
"K","South West","19","Dorset","19UE","North Dorset",,,29800,81.5,5.9,27800,76.2,6.5,1900,6.5,..,6800,18.5,5.9
"K","South West","19","Dorset","19UG","Purbeck",,,21300,78.7,7.5,19700,72.7,8.2,1600,7.6,..,5800,21.3,7.5
"K","South West","19","Dorset","19UH","West Dorset",,,41200,76.6,5,39300,73,5.3,1900,4.7,2.8,12600,23.4,5
"K","South West","19","Dorset","19UJ","Weymouth and Portland",,,27700,74.7,6.5,25700,69.3,6.9,2000,7.3,4.5,9400,25.3,6.5
"K","South West","23","Gloucestershire","23UB","Cheltenham",,,59300,80.1,6.1,56600,76.4,6.5,2700,4.6,..,14700,19.9,6.1
"K","South West","23","Gloucestershire","23UC","Cotswold",,,39100,79.2,7.1,37300,75.4,7.5,1900,4.8,..,10300,20.8,7.1
"K","South West","23","Gloucestershire","23UD","Forest of Dean",,,41400,82.3,6.3,38900,77.2,6.9,2500,6.1,..,8900,17.7,6.3
"K","South West","23","Gloucestershire","23UE","Gloucester",,,60700,79.7,6,57600,75.7,6.4,3100,5.1,..,15500,20.3,6
"K","South West","23","Gloucestershire","23UF","Stroud",,,58000,83.2,5.1,53400,76.6,5.8,4600,7.9,4.1,11700,16.8,5.1
"K","South West","23","Gloucestershire","23UG","Tewkesbury",,,40100,80.1,6.7,38300,76.5,7.2,1800,4.6,..,10000,19.9,6.7
"K","South West","40","Somerset","40UB","Mendip",,,52800,80.2,5.5,49700,75.5,6,3100,5.9,..,13000,19.8,5.5
"K","South West","40","Somerset","40UC","Sedgemoor",,,50100,72.3,5.7,46700,67.3,6,3400,6.8,..,19200,27.7,5.7
"K","South West","40","Somerset","40UD","South Somerset",,,74900,78.9,4.7,70600,74.3,5,4300,5.7,3,20100,21.1,4.7
"K","South West","40","Somerset","40UE","Taunton Deane",,,51000,78.8,6.1,47500,73.5,6.6,3400,6.7,..,13700,21.2,6.1
"K","South West","40","Somerset","40UF","West Somerset",,,15600,81,10.2,15300,79.3,10.5,x,x,x,3700,19,10.2
,,,,"00NA","Isle of Anglesey",,,30400,73,3.3,28600,68.8,3.4,1700,5.7,2,11200,27,3.3
,,,,"00NC","Gwynedd",,,52600,71.8,2.8,49400,67.5,3,3200,6,1.8,20600,28.2,2.8
,,,,"00NE","Conwy",,,47400,73.4,2.8,44100,68.3,3,3300,7,1.9,17200,26.6,2.8
,,,,"00NG","Denbighshire",,,43700,74.8,2.7,40600,69.5,2.9,3100,7.1,1.9,14700,25.2,2.7
,,,,"00NJ","Flintshire",,,74100,77.4,2.7,69700,72.8,2.9,4400,6,1.8,21600,22.6,2.7
,,,,"00NL","Wrexham",,,66000,77.3,2.8,61700,72.2,3,4400,6.6,1.9,19400,22.7,2.8
,,,,"00NN","Powys",,,60500,76.4,2.6,56400,71.3,2.8,4100,6.8,1.8,18600,23.6,2.6
,,,,"00NQ","Ceredigion",,,33500,69,3.3,31600,65.2,3.4,1900,5.6,2,15000,31,3.3
,,,,"00NS","Pembrokeshire",,,50900,72,2.8,46900,66.4,2.9,4000,7.8,2,19800,28,2.8
,,,,"00NU","Carmarthenshire",,,79600,72.4,2.8,73300,66.7,2.9,6300,7.9,2,30400,27.6,2.8
,,,,"00NX","Swansea",,,100000,67,2.8,90200,60.4,2.9,9900,9.9,2.2,49300,33,2.8
,,,,"00NZ","Neath Port Talbot",,,59300,68.7,2.9,53200,61.6,3,6100,10.3,2.3,27100,31.3,2.9
,,,,"00PB","Bridgend",,,63500,75.1,2.7,59200,69.9,2.9,4400,6.9,1.9,21100,24.9,2.7
,,,,"00PD","The Vale of Glamorgan",,,58500,75.3,2.6,53100,68.2,2.8,5500,9.3,2.1,19200,24.7,2.6
,,,,"00PF","Rhondda, Cynon, Taff",,,105900,71.2,2.8,94100,63.2,3,11900,11.2,2.3,42900,28.8,2.8
,,,,"00PH","Merthyr Tydfil",,,25100,71.6,3.4,22000,62.6,3.7,3100,12.5,3,10000,28.4,3.4
,,,,"00PK","Caerphilly",,,76500,70.2,2.9,68100,62.5,3,8400,11,2.3,32500,29.8,2.9
,,,,"00PL","Blaenau Gwent",,,29100,67.3,3.6,25200,58.1,3.8,4000,13.6,3.3,14200,32.7,3.6
,,,,"00PM","Torfaen",,,41000,71.5,2.7,36900,64.3,2.9,4100,10.1,2.2,16300,28.5,2.7
,,,,"00PP","Monmouthshire",,,40200,75.2,2.7,37900,70.8,2.8,2400,5.8,1.7,13200,24.8,2.7
,,,,"00PR","Newport",,,65900,74.8,2.7,58600,66.5,2.9,7300,11.1,2.3,22200,25.2,2.7
,,,,"00PT","Cardiff",,,172600,73.4,2.8,155500,66.2,3,17100,9.9,2.2,62400,26.6,2.8