DATASET_TITLE,"Infant Mortality, 2006-2008",,,,,,,,,,FROM,Jan-2006,Jan-2006,Jan-2006,Jan-2006
AREA_TYPE,Region,,,,,,,,,,TO,Dec-2008,Dec-2008,Dec-2008,Dec-2008
GEO_HIERARCHY,NeSS Geography Hierarchy,,,,,,,,,,HEADING,Infant Mortality,Infant Mortality,"Infant Mortality, 95% Confidence Interval, Lower Limit","Infant Mortality, 95% Confidence Interval, Upper Limit"
,,,,,,,,,,,MEASUREMENT_UNIT,Count,Rate per 1000,Rate per 1000,Rate per 1000
,,,,,,,,,,,STATISTICAL_UNIT,Persons,Live Births,Live Births,Live Births
UK_CODE,UK_NAME,GB_CODE,GB_NAME,EW_CODE,EW_NAME,CTRY_CODE,CTRY_NAME,GOR_CODE,GOR_NAME,AREA_METADATA,,DATA_VALUE,DATA_VALUE,DATA_VALUE,DATA_VALUE
"213","United Kingdom","078","Great Britain","727","England and Wales","064","England",,,,,9309,4.7,4.6,4.8
"213","United Kingdom","078","Great Britain","727","England and Wales","220","Wales",,,,,447,4.3,3.9,4.7
"213","United Kingdom","078","Great Britain","727","England and Wales",,,,,,,9869,4.8,4.7,4.9
"213","United Kingdom","078","Great Britain","727","England and Wales","064","England","A","North East",,,415,4.7,4.2,5.1
"213","United Kingdom","078","Great Britain","727","England and Wales","064","England","B","North West",,,1334,5.2,4.9,5.5
"213","United Kingdom","078","Great Britain","727","England and Wales","064","England","D","Yorkshire and The Humber",,,1070,5.5,5.2,5.9
"213","United Kingdom","078","Great Britain","727","England and Wales","064","England","E","East Midlands",,,805,5.1,4.8,5.5
"213","United Kingdom","078","Great Britain","727","England and Wales","064","England","F","West Midlands",,,1283,6.1,5.8,6.5
"213","United Kingdom","078","Great Britain","727","England and Wales","064","England","G","East of England",,,870,4.2,3.9,4.5
"213","United Kingdom","078","Great Britain","727","England and Wales","064","England","H","London",,,1668,4.5,4.3,4.7
"213","United Kingdom","078","Great Britain","727","England and Wales","064","England","J","South East",,,1192,3.9,3.7,4.2
"213","United Kingdom","078","Great Britain","727","England and Wales","064","England","K","South West",,,672,3.9,3.7,4.3