DATASET_TITLE,Tenure - People (UV43),,,,,,,,,,FROM,Apr-2001,Apr-2001,Apr-2001,Apr-2001,Apr-2001,Apr-2001,Apr-2001,Apr-2001,Apr-2001,Apr-2001,Apr-2001,Apr-2001,Apr-2001,Apr-2001
AREA_TYPE,Region,,,,,,,,,,TO,Apr-2001,Apr-2001,Apr-2001,Apr-2001,Apr-2001,Apr-2001,Apr-2001,Apr-2001,Apr-2001,Apr-2001,Apr-2001,Apr-2001,Apr-2001,Apr-2001
GEO_HIERARCHY,NeSS Geography Hierarchy,,,,,,,,,,HEADING,All People in Households,Owned,Owned: Owns outright,Owned: Owns with a mortgage or loan,Owned: Shared ownership,Social rented,Social rented: Rented from Council (Local Authority),Social rented: Other social rented,Private rented,Private rented: Private landlord or letting agency,Private rented: Employer of household member,Private rented: Relative or friend of a household member,Private rented: Other,Living rent free
,,,,,,,,,,,MEASUREMENT_UNIT,Count,Count,Count,Count,Count,Count,Count,Count,Count,Count,Count,Count,Count,Count
,,,,,,,,,,,STATISTICAL_UNIT,Persons,Persons,Persons,Persons,Persons,Persons,Persons,Persons,Persons,Persons,Persons,Persons,Persons,Persons
UK_CODE,UK_NAME,GB_CODE,GB_NAME,EW_CODE,EW_NAME,CTRY_CODE,CTRY_NAME,GOR_CODE,GOR_NAME,AREA_METADATA,,DATA_VALUE,DATA_VALUE,DATA_VALUE,DATA_VALUE,DATA_VALUE,DATA_VALUE,DATA_VALUE,DATA_VALUE,DATA_VALUE,DATA_VALUE,DATA_VALUE,DATA_VALUE,DATA_VALUE,DATA_VALUE
"213","United Kingdom","078","Great Britain","727","England and Wales","064","England","A","North East",,,2472884,1662216,524743,1127613,9860,610054,506142,103912,169564,147106,3442,13445,5571,31050
"213","United Kingdom","078","Great Britain","727","England and Wales","064","England","B","North West",,,6615672,4798650,1664884,3098278,35488,1194586,827159,367427,512136,457449,7473,35718,11496,110300
"213","United Kingdom","078","Great Britain","727","England and Wales","064","England","D","Yorkshire and The Humber",,,4880728,3455638,1182117,2251888,21633,921644,768140,153504,415372,359292,11732,27515,16833,88074
"213","United Kingdom","078","Great Britain","727","England and Wales","064","England","E","East Midlands",,,4095557,3065190,1059145,1985180,20865,652501,519012,133489,313633,271575,10213,21537,10308,64233
"213","United Kingdom","078","Great Britain","727","England and Wales","064","England","F","West Midlands",,,5186248,3758370,1330418,2395267,32685,978354,688088,290266,345713,298429,10300,23370,13614,103811
"213","United Kingdom","078","Great Britain","727","England and Wales","064","England","G","East of England",,,5296534,3975174,1337214,2610401,27559,815572,571068,244504,419621,353946,21366,26036,18273,86167
"213","United Kingdom","078","Great Britain","727","England and Wales","064","England","H","London",,,7078632,4131522,1359583,2705398,66541,1801750,1178945,622805,1021605,945407,14971,42534,18693,123755
"213","United Kingdom","078","Great Britain","727","England and Wales","064","England","J","South East",,,7809823,5914545,1985308,3865858,63379,1045926,549813,496113,726148,613753,40667,39864,31864,123204
"213","United Kingdom","078","Great Britain","727","England and Wales","064","England","K","South West",,,4812072,3601622,1352548,2217713,31361,628331,362478,265853,495528,415934,24240,34365,20989,86591