DATASET_TITLE,"Benefits Data: Working Age Client Group, February 2008",,,,,,,,FROM,Feb-2008,Feb-2008,Feb-2008,Feb-2008,Feb-2008,Feb-2008,Feb-2008,Feb-2008,Feb-2008,Feb-2008,Feb-2008,Feb-2008,Feb-2008,Feb-2008,Feb-2008,Feb-2008,Feb-2008,Feb-2008,Feb-2008,Feb-2008,Feb-2008,Feb-2008,Feb-2008,Feb-2008,Feb-2008,Feb-2008,Feb-2008
AREA_TYPE,Former Local Authority,,,,,,,,TO,Feb-2008,Feb-2008,Feb-2008,Feb-2008,Feb-2008,Feb-2008,Feb-2008,Feb-2008,Feb-2008,Feb-2008,Feb-2008,Feb-2008,Feb-2008,Feb-2008,Feb-2008,Feb-2008,Feb-2008,Feb-2008,Feb-2008,Feb-2008,Feb-2008,Feb-2008,Feb-2008,Feb-2008,Feb-2008,Feb-2008,Feb-2008
GEO_HIERARCHY,NeSS Geography Hierarchy,,,,,,,,HEADING,Total,Job Seekers,Job Seekers,Incapacity Benefits,Incapacity Benefits,Lone Parent,Lone Parent,Carer,Carer,Others on Income Related Benefits,Others on Income Related Benefits,Disabled,Disabled,Bereaved,Bereaved,Unknown,Unknown,Male,Male,Female,Female,Aged 16-24,Aged 16-24,Aged 25-49,Aged 25-49,Aged 50 and Over,Aged 50 and Over
,,,,,,,,,MEASUREMENT_UNIT,Count,Count,Percentage,Count,Percentage,Count,Percentage,Count,Percentage,Count,Percentage,Count,Percentage,Count,Percentage,Count,Percentage,Count,Percentage,Count,Percentage,Count,Percentage,Count,Percentage,Count,Percentage
,,,,,,,,,STATISTICAL_UNIT,Persons,Persons,Persons,Persons,Persons,Persons,Persons,Persons,Persons,Persons,Persons,Persons,Persons,Persons,Persons,Persons,Persons,Persons,Persons,Persons,Persons,Persons,Persons,Persons,Persons,Persons,Persons
GOR_CODE,GOR_NAME,CTY_CODE,CTY_NAME,LA_CODE,LA_NAME,FLA_CODE,FLA_NAME,AREA_METADATA,,DATA_VALUE,DATA_VALUE,DATA_VALUE,DATA_VALUE,DATA_VALUE,DATA_VALUE,DATA_VALUE,DATA_VALUE,DATA_VALUE,DATA_VALUE,DATA_VALUE,DATA_VALUE,DATA_VALUE,DATA_VALUE,DATA_VALUE,DATA_VALUE,DATA_VALUE,DATA_VALUE,DATA_VALUE,DATA_VALUE,DATA_VALUE,DATA_VALUE,DATA_VALUE,DATA_VALUE,DATA_VALUE,DATA_VALUE,DATA_VALUE
"A","North East",,,"00EJ","Durham","20UB","Chester-le-Street",,,5010,650,13,2960,59,460,9,390,8,150,3,310,6,80,2,0,0,2680,53,2330,47,640,13,2330,47,2040,41
"A","North East",,,"00EJ","Durham","20UD","Derwentside",,,10230,1340,13,5860,57,1110,11,820,8,290,3,650,6,160,2,0,0,5430,53,4810,47,1520,15,4690,46,4020,39
"A","North East",,,"00EJ","Durham","20UE","Durham",,,7340,960,13,4350,59,690,9,530,7,190,3,480,7,160,2,0,0,3920,53,3420,47,920,13,3410,46,3000,41
"A","North East",,,"00EJ","Durham","20UF","Easington",,,14850,1460,10,9690,65,1330,9,1070,7,310,2,790,5,200,1,0,0,7850,53,7000,47,1900,13,7020,47,5930,40
"A","North East",,,"00EJ","Durham","20UG","Sedgefield",,,10960,1350,12,6420,59,1170,11,900,8,290,3,680,6,160,1,0,0,5510,50,5450,50,1560,14,5010,46,4390,40
"A","North East",,,"00EJ","Durham","20UH","Teesdale",,,1800,180,10,1070,59,150,8,170,9,50,3,130,7,40,2,0,0,950,53,850,47,200,11,740,41,870,48
"A","North East",,,"00EJ","Durham","20UJ","Wear Valley",,,8210,1080,13,4630,56,980,12,700,9,240,3,460,6,130,2,0,0,4200,51,4010,49,1160,14,3890,47,3160,38
"A","North East",,,"00EM","Northumberland","35UB","Alnwick",,,2180,360,17,1060,49,210,10,230,11,90,4,170,8,70,3,0,0,1140,52,1050,48,270,12,930,43,980,45
"A","North East",,,"00EM","Northumberland","35UC","Berwick-upon-Tweed",,,1990,260,13,1010,51,200,10,210,11,90,5,140,7,70,4,0,0,990,50,1000,50,240,12,850,43,900,45
"A","North East",,,"00EM","Northumberland","35UD","Blyth Valley",,,8870,1630,18,4550,51,960,11,720,8,280,3,540,6,180,2,0,0,4670,53,4200,47,1310,15,4220,48,3340,38
"A","North East",,,"00EM","Northumberland","35UE","Castle Morpeth",,,3550,600,17,1900,54,270,8,330,9,110,3,250,7,90,3,0,0,1950,55,1600,45,480,14,1610,45,1460,41
"A","North East",,,"00EM","Northumberland","35UF","Tynedale",,,3430,500,15,1880,55,320,9,250,7,110,3,250,7,120,3,0,0,1820,53,1610,47,450,13,1540,45,1440,42
"A","North East",,,"00EM","Northumberland","35UG","Wansbeck",,,7880,1670,21,3970,50,970,12,520,7,230,3,410,5,110,1,0,0,4270,54,3600,46,1350,17,3690,47,2840,36
"B","North West",,,"00EQ","Cheshire East","13UC","Congleton",,,5060,650,13,2730,54,470,9,440,9,140,3,460,9,180,4,0,0,2520,50,2540,50,560,11,2360,47,2150,42
"B","North West",,,"00EQ","Cheshire East","13UD","Crewe and Nantwich",,,8350,1320,16,4160,50,1160,14,700,8,250,3,560,7,200,2,0,0,4070,49,4270,51,1220,15,4090,49,3030,36
"B","North West",,,"00EQ","Cheshire East","13UG","Macclesfield",,,7870,960,12,4350,55,800,10,580,7,170,2,740,9,280,4,0,0,3990,51,3880,49,920,12,4010,51,2940,37
"B","North West",,,"00EW","Cheshire West and Chester","13UB","Chester",,,8770,1130,13,4740,54,990,11,700,8,240,3,770,9,190,2,0,0,4540,52,4230,48,1140,13,4480,51,3140,36
"B","North West",,,"00EW","Cheshire West and Chester","13UE","Ellesmere Port & Neston",,,7250,1130,16,3590,50,930,13,670,9,150,2,630,9,150,2,0,0,3600,50,3650,50,1010,14,3790,52,2440,34
"B","North West",,,"00EW","Cheshire West and Chester","13UH","Vale Royal",,,9370,1410,15,4830,52,1100,12,820,9,250,3,730,8,240,3,0,0,4650,50,4730,50,1310,14,4460,48,3610,39
"F","West Midlands",,,"00GG","Shropshire","39UB","Bridgnorth",,,2950,410,14,1520,52,240,8,290,10,120,4,270,9,100,3,0,0,1520,52,1430,48,320,11,1290,44,1330,45
"F","West Midlands",,,"00GG","Shropshire","39UC","North Shropshire",,,3840,540,14,2030,53,370,10,360,9,130,3,300,8,120,3,0,0,1960,51,1880,49,480,13,1810,47,1550,40
"F","West Midlands",,,"00GG","Shropshire","39UD","Oswestry",,,2900,450,16,1520,52,300,10,220,8,90,3,250,9,70,2,0,0,1480,51,1420,49,410,14,1390,48,1100,38
"F","West Midlands",,,"00GG","Shropshire","39UE","Shrewsbury and Atcham",,,6350,770,12,3360,53,700,11,540,9,160,3,630,10,180,3,0,0,3220,51,3130,49,850,13,3150,50,2350,37
"F","West Midlands",,,"00GG","Shropshire","39UF","South Shropshire",,,2390,250,10,1270,53,250,10,240,10,110,5,200,8,70,3,0,0,1180,49,1210,51,260,11,1070,45,1070,45
"G","East of England",,,"00KC","Central Bedfordshire","09UC","Mid Bedfordshire",,,5490,790,14,2600,47,700,13,510,9,160,3,560,10,180,3,0,0,2470,45,3020,55,670,12,2830,52,2000,36
"G","East of England",,,"00KC","Central Bedfordshire","09UE","South Bedfordshire",,,7140,990,14,3200,45,1380,19,540,8,210,3,610,9,210,3,0,0,3180,45,3970,56,1100,15,3810,53,2240,31
"K","South West",,,"00HE","Cornwall","15UB","Caradon",,,5940,600,10,3230,54,590,10,620,10,200,3,540,9,160,3,0,0,2950,50,2990,50,720,12,2760,46,2470,42
"K","South West",,,"00HE","Cornwall","15UC","Carrick",,,6650,880,13,3570,54,690,10,580,9,260,4,500,8,150,2,0,0,3400,51,3250,49,860,13,3230,49,2560,38
"K","South West",,,"00HE","Cornwall","15UD","Kerrier",,,9000,910,10,4980,55,990,11,870,10,340,4,720,8,180,2,0,0,4600,51,4400,49,1210,13,4270,47,3520,39
"K","South West",,,"00HE","Cornwall","15UE","North Cornwall",,,6310,650,10,3480,55,670,11,620,10,220,3,530,8,140,2,0,0,3130,50,3170,50,750,12,3010,48,2550,40
"K","South West",,,"00HE","Cornwall","15UF","Penwith",,,6440,800,12,3540,55,660,10,570,9,290,5,460,7,120,2,0,0,3420,53,3010,47,760,12,3040,47,2640,41
"K","South West",,,"00HE","Cornwall","15UG","Restormel",,,8840,1150,13,4720,53,910,10,830,9,360,4,700,8,170,2,0,0,4580,52,4260,48,1200,14,4350,49,3290,37
"K","South West",,,"00HY","Wiltshire","46UB","Kennet",,,3590,330,9,1860,52,510,14,300,8,130,4,330,9,120,3,0,0,1610,45,1980,55,440,12,1920,53,1240,35
"K","South West",,,"00HY","Wiltshire","46UC","North Wiltshire",,,6420,700,11,3200,50,860,13,620,10,210,3,630,10,190,3,0,0,2910,45,3510,55,860,13,3380,53,2170,34
"K","South West",,,"00HY","Wiltshire","46UD","Salisbury",,,5590,520,9,3090,55,690,12,420,8,200,4,480,9,190,3,0,0,2600,47,2990,53,710,13,2920,52,1960,35
"K","South West",,,"00HY","Wiltshire","46UF","West Wiltshire",,,7360,980,13,3660,50,1050,14,620,8,230,3,620,8,220,3,0,0,3490,47,3870,53,1070,15,3830,52,2460,33