DATASET_TITLE,"Dwelling Stock by Council Tax Band, 2004",,,,,,FROM,Mar-2004,Mar-2004,Mar-2004,Mar-2004,Mar-2004,Mar-2004,Mar-2004,Mar-2004,Mar-2004,Mar-2004,Mar-2004,Mar-2004,Mar-2004,Mar-2004,Mar-2004,Mar-2004,Mar-2004,Mar-2004,Mar-2004
AREA_TYPE,Local Authority,,,,,,TO,Mar-2004,Mar-2004,Mar-2004,Mar-2004,Mar-2004,Mar-2004,Mar-2004,Mar-2004,Mar-2004,Mar-2004,Mar-2004,Mar-2004,Mar-2004,Mar-2004,Mar-2004,Mar-2004,Mar-2004,Mar-2004,Mar-2004
GEO_HIERARCHY,NeSS Geography Hierarchy,,,,,,HEADING,Dwelling Stock by Council Tax Band; Total,Dwelling Stock by Council Tax Band; Band A,Dwelling Stock by Council Tax Band; Band A,Dwelling Stock by Council Tax Band; Band B,Dwelling Stock by Council Tax Band; Band B,Dwelling Stock by Council Tax Band; Band C,Dwelling Stock by Council Tax Band; Band C,Dwelling Stock by Council Tax Band; Band D,Dwelling Stock by Council Tax Band; Band D,Dwelling Stock by Council Tax Band; Band E,Dwelling Stock by Council Tax Band; Band E,Dwelling Stock by Council Tax Band; Band F,Dwelling Stock by Council Tax Band; Band F,Dwelling Stock by Council Tax Band; Band G,Dwelling Stock by Council Tax Band; Band G,Dwelling Stock by Council Tax Band; Band H,Dwelling Stock by Council Tax Band; Band H,Dwelling Stock by Council Tax Band; Band X; Unallocated,Dwelling Stock by Council Tax Band; Band X; Unallocated
,,,,,,,MEASUREMENT_UNIT,Count,Count,Percentage,Count,Percentage,Count,Percentage,Count,Percentage,Count,Percentage,Count,Percentage,Count,Percentage,Count,Percentage,Count,Percentage
,,,,,,,STATISTICAL_UNIT,Dwellings,Dwellings,Dwellings,Dwellings,Dwellings,Dwellings,Dwellings,Dwellings,Dwellings,Dwellings,Dwellings,Dwellings,Dwellings,Dwellings,Dwellings,Dwellings,Dwellings,Dwellings,Dwellings
GOR_CODE,GOR_NAME,CTY_CODE,CTY_NAME,LA_CODE,LA_NAME,AREA_METADATA,,DATA_VALUE,DATA_VALUE,DATA_VALUE,DATA_VALUE,DATA_VALUE,DATA_VALUE,DATA_VALUE,DATA_VALUE,DATA_VALUE,DATA_VALUE,DATA_VALUE,DATA_VALUE,DATA_VALUE,DATA_VALUE,DATA_VALUE,DATA_VALUE,DATA_VALUE,DATA_VALUE,DATA_VALUE
"F","West Midlands",,,"00CN","Birmingham",,,409525,157765,38.52,118937,29.04,68479,16.72,31592,7.71,18177,4.44,8028,1.96,5530,1.35,807,.2,210,.05
"F","West Midlands",,,"00CQ","Coventry",,,128344,53793,41.91,38244,29.8,20715,16.14,8097,6.31,4024,3.14,2085,1.62,1215,.95,163,.13,8,.01
"F","West Midlands",,,"00CR","Dudley",,,129282,40557,31.37,36057,27.89,28028,21.68,15254,11.8,6123,4.74,2203,1.7,946,.73,112,.09,2,0
"F","West Midlands",,,"00CS","Sandwell",,,122519,56199,45.87,40225,32.83,17430,14.23,5716,4.67,2379,1.94,472,.39,53,.04,33,.03,12,.01
"F","West Midlands",,,"00CT","Solihull",,,85201,14035,16.47,10633,12.48,20402,23.95,15408,18.08,10994,12.9,8538,10.02,4911,5.76,279,.33,1,0
"F","West Midlands",,,"00CU","Walsall",,,107454,49831,46.37,23925,22.27,16251,15.12,9281,8.64,5209,4.85,2197,2.04,703,.65,54,.05,3,0
"F","West Midlands",,,"00CW","Wolverhampton",,,103178,54965,53.27,21625,20.96,15110,14.64,5967,5.78,2851,2.76,1666,1.61,888,.86,103,.1,3,0
"F","West Midlands",,,"00GA","Herefordshire, County of",,,77052,11598,15.05,17974,23.33,15418,20.01,12275,15.93,10454,13.57,5856,7.6,3290,4.27,182,.24,5,.01
"F","West Midlands",,,"00GF","Telford and Wrekin",,,65693,25523,38.85,17098,26.03,9276,14.12,7042,10.72,4024,6.13,1821,2.77,864,1.32,45,.07,0,0
"F","West Midlands",,,"00GL","Stoke-on-Trent",,,109524,68934,62.94,21071,19.24,13291,12.14,4051,3.7,1564,1.43,441,.4,121,.11,46,.04,5,0
"F","West Midlands","39","Shropshire","39UB","Bridgnorth",,,22439,3392,15.12,4815,21.46,5415,24.13,2892,12.89,2315,10.32,2115,9.43,1367,6.09,126,.56,2,.01
"F","West Midlands","39","Shropshire","39UC","North Shropshire",,,24874,4725,19,6164,24.78,4572,18.38,3790,15.24,3197,12.85,1630,6.55,747,3,49,.2,0,0
"F","West Midlands","39","Shropshire","39UD","Oswestry",,,16390,5028,30.68,4274,26.08,2759,16.83,2457,14.99,1439,8.78,305,1.86,113,.69,15,.09,0,0
"F","West Midlands","39","Shropshire","39UE","Shrewsbury and Atcham",,,42240,7240,17.14,13118,31.06,9801,23.2,5610,13.28,3543,8.39,1643,3.89,1204,2.85,77,.18,4,.01
"F","West Midlands","39","Shropshire","39UF","South Shropshire",,,19266,3221,16.72,3956,20.53,3834,19.9,3429,17.8,2829,14.68,1359,7.05,594,3.08,43,.22,1,.01
"F","West Midlands","41","Staffordshire","41UB","Cannock Chase",,,39453,13589,34.44,12256,31.06,6931,17.57,4142,10.5,1713,4.34,547,1.39,258,.65,16,.04,1,0
"F","West Midlands","41","Staffordshire","41UC","East Staffordshire",,,45448,16904,37.19,9246,20.34,7296,16.05,5282,11.62,3659,8.05,1921,4.23,1045,2.3,87,.19,8,.02
"F","West Midlands","41","Staffordshire","41UD","Lichfield",,,40148,5473,13.63,9413,23.45,9432,23.49,5697,14.19,4393,10.94,2946,7.34,2411,6.01,375,.93,8,.02
"F","West Midlands","41","Staffordshire","41UE","Newcastle-under-Lyme",,,52479,23702,45.16,9445,18,10403,19.82,3942,7.51,2448,4.66,1640,3.13,853,1.63,43,.08,3,.01
"F","West Midlands","41","Staffordshire","41UF","South Staffordshire",,,43743,6474,14.8,9890,22.61,10427,23.84,6685,15.28,4816,11.01,3018,6.9,2241,5.12,187,.43,5,.01
"F","West Midlands","41","Staffordshire","41UG","Stafford",,,53531,11393,21.28,12262,22.91,12046,22.5,8123,15.17,5238,9.78,2942,5.5,1404,2.62,111,.21,12,.02
"F","West Midlands","41","Staffordshire","41UH","Staffordshire Moorlands",,,41271,9148,22.17,9788,23.72,10127,24.54,5797,14.05,3873,9.38,1758,4.26,733,1.78,36,.09,11,.03
"F","West Midlands","41","Staffordshire","41UK","Tamworth",,,30149,9103,30.19,10802,35.83,4911,16.29,3317,11,1538,5.1,387,1.28,87,.29,2,.01,2,.01
"F","West Midlands","44","Warwickshire","44UB","North Warwickshire",,,25978,6188,23.82,6681,25.72,5579,21.48,3560,13.7,2073,7.98,1154,4.44,673,2.59,65,.25,5,.02
"F","West Midlands","44","Warwickshire","44UC","Nuneaton and Bedworth",,,51477,19175,37.25,11857,23.03,11440,22.22,6302,12.24,2000,3.89,549,1.07,137,.27,15,.03,2,0
"F","West Midlands","44","Warwickshire","44UD","Rugby",,,39077,7642,19.56,9872,25.26,9598,24.56,4810,12.31,3556,9.1,2226,5.7,1281,3.28,88,.23,4,.01
"F","West Midlands","44","Warwickshire","44UE","Stratford-on-Avon",,,50878,3123,6.14,6928,13.62,14339,28.18,8651,17,7980,15.68,4777,9.39,4352,8.55,724,1.42,4,.01
"F","West Midlands","44","Warwickshire","44UF","Warwick",,,56543,4479,7.92,10375,18.35,15317,27.09,11516,20.37,6220,11,4641,8.21,3599,6.37,393,.7,3,.01
"F","West Midlands","47","Worcestershire","47UB","Bromsgrove",,,37324,3093,8.29,6603,17.69,8172,21.89,7146,19.15,6290,16.85,3253,8.72,2470,6.62,292,.78,5,.01
"F","West Midlands","47","Worcestershire","47UC","Malvern Hills",,,32002,3498,10.93,6597,20.61,6920,21.62,5193,16.23,4451,13.91,3147,9.83,2072,6.47,124,.39,0,0
"F","West Midlands","47","Worcestershire","47UD","Redditch",,,33553,7187,21.42,10970,32.69,7002,20.87,3959,11.8,2915,8.69,1118,3.33,382,1.14,20,.06,0,0
"F","West Midlands","47","Worcestershire","47UE","Worcester",,,40851,7556,18.5,13256,32.45,10528,25.77,4819,11.8,3070,7.52,1237,3.03,374,.92,10,.02,1,0
"F","West Midlands","47","Worcestershire","47UF","Wychavon",,,49596,5602,11.3,10140,20.45,11008,22.2,7529,15.18,6426,12.96,5130,10.34,3560,7.18,201,.41,0,0
"F","West Midlands","47","Worcestershire","47UG","Wyre Forest",,,42695,10017,23.46,10403,24.37,10643,24.93,5735,13.43,3083,7.22,1592,3.73,1099,2.57,123,.29,0,0