DATASET_TITLE,Household Composition - People - Alternative Classification (UV47),,,,,,FROM,Apr-2001,Apr-2001,Apr-2001,Apr-2001,Apr-2001,Apr-2001,Apr-2001,Apr-2001,Apr-2001,Apr-2001,Apr-2001
AREA_TYPE,Local Authority,,,,,,TO,Apr-2001,Apr-2001,Apr-2001,Apr-2001,Apr-2001,Apr-2001,Apr-2001,Apr-2001,Apr-2001,Apr-2001,Apr-2001
GEO_HIERARCHY,NeSS Geography Hierarchy,,,,,,HEADING,All People in Households,One Person Households,One Person Households: 1 adult of pensionable age and no children,One Person Households: 1 adult of non-pensionable age and no children,Other Households,Other Households: 1 adult of any age and 1 or more children,"Other Households: 1 adult of non-pensionable age and 1 of pensionable age and no children, or 2 adults of pensionable age and no children",Other Households:  2 adults and 1 or 2 children,Other Households:  2 adults of non-pensionable age and no children,"Other Households:  2 adults and 3 or more children, or 3 or more adults and 1 or more children",Other Households:  3 or more adults and no children
,,,,,,,MEASUREMENT_UNIT,Count,Count,Count,Count,Count,Count,Count,Count,Count,Count,Count
,,,,,,,STATISTICAL_UNIT,Persons,Persons,Persons,Persons,Persons,Persons,Persons,Persons,Persons,Persons,Persons
GOR_CODE,GOR_NAME,CTY_CODE,CTY_NAME,LA_CODE,LA_NAME,AREA_METADATA,,DATA_VALUE,DATA_VALUE,DATA_VALUE,DATA_VALUE,DATA_VALUE,DATA_VALUE,DATA_VALUE,DATA_VALUE,DATA_VALUE,DATA_VALUE,DATA_VALUE
,,,,"00NA","Isle of Anglesey",,,66167,8289,4580,3709,57878,4041,9454,12695,9442,11244,11002
,,,,"00NC","Gwynedd",,,113837,15897,8593,7304,97940,6571,15380,20894,15052,20439,19604
,,,,"00NE","Conwy",,,107233,15739,9222,6517,91494,6004,17816,19706,14900,17247,15821
,,,,"00NG","Denbighshire",,,91211,12866,7177,5689,78345,5333,12958,18113,12418,15535,13988
,,,,"00NJ","Flintshire",,,147534,16068,8183,7885,131466,7975,16810,32312,22062,25901,26406
,,,,"00NL","Wrexham",,,126832,15227,7943,7284,111605,6483,14646,26785,18990,21783,22918
,,,,"00NN","Powys",,,124773,16234,8961,7273,108539,5551,18490,24377,18388,22268,19465
,,,,"00NQ","Ceredigion",,,72126,9365,5080,4285,62761,3085,10238,12466,11414,11560,13998
,,,,"00NS","Pembrokeshire",,,112758,13712,7541,6171,99046,7802,16608,22158,16058,19416,17004
,,,,"00NU","Carmarthenshire",,,170245,21903,12541,9362,148342,10485,23368,33757,23226,28340,29166
,,,,"00NX","Swansea",,,219695,29046,14923,14123,190649,15181,28864,42412,28844,34079,41269
,,,,"00NZ","Neath Port Talbot",,,133331,17436,9421,8015,115895,9762,17038,27361,17704,20453,23577
,,,,"00PB","Bridgend",,,127108,14480,7690,6790,112628,8389,15842,28294,18426,20932,20745
,,,,"00PD","The Vale of Glamorgan",,,117403,12987,6723,6264,104416,8227,14924,25452,16994,20936,17883
,,,,"00PF","Rhondda, Cynon, Taff",,,229353,25899,14216,11683,203454,16018,26786,49612,29600,39518,41920
,,,,"00PH","Merthyr Tydfil",,,55640,6685,3584,3101,48955,4874,6344,11406,6554,9898,9879
,,,,"00PK","Caerphilly",,,168432,18393,9796,8597,150039,12447,19100,37198,23262,29528,28504
,,,,"00PL","Blaenau Gwent",,,69367,8910,4855,4055,60457,5955,8118,14593,8948,11313,11530
,,,,"00PM","Torfaen",,,90174,10317,5656,4661,79857,6068,11214,19606,12746,16189,14034
,,,,"00PP","Monmouthshire",,,83488,9520,5316,4204,73968,3840,11584,18214,13096,14185,13049
,,,,"00PR","Newport",,,135367,16074,8129,7945,119293,11870,16006,27767,18706,25039,19905
,,,,"00PT","Cardiff",,,297415,37301,16745,20556,260114,24521,30540,55047,40926,52956,56124