DATASET_TITLE,Tenure - Pensioners (UV45),,,,,,,,,,FROM,Apr-2001,Apr-2001,Apr-2001,Apr-2001,Apr-2001
AREA_TYPE,Region,,,,,,,,,,TO,Apr-2001,Apr-2001,Apr-2001,Apr-2001,Apr-2001
GEO_HIERARCHY,2003 Administrative Hierarchy,,,,,,,,,,HEADING,All Households where HRP is of Pensionable Age,Owned,Rented from council,Other social rented,Private rented or Living rent free
,,,,,,,,,,,MEASUREMENT_UNIT,Count,Count,Count,Count,Count
,,,,,,,,,,,STATISTICAL_UNIT,Households,Households,Households,Households,Households
UK_CODE,UK_NAME,GB_CODE,GB_NAME,EW_CODE,EW_NAME,CTRY_CODE,CTRY_NAME,GOR_CODE,GOR_NAME,AREA_METADATA,,DATA_VALUE,DATA_VALUE,DATA_VALUE,DATA_VALUE,DATA_VALUE
"213","United Kingdom","078","Great Britain","727","England and Wales","064","England",,,,,5776660,3939809,974654,424115,438082
"213","United Kingdom","078","Great Britain","727","England and Wales","220","Wales",,,,,375702,272775,62807,13034,27086
"213","United Kingdom","078","Great Britain","727","England and Wales",,,,,,,6152362,4212584,1037461,437149,465168
"213","United Kingdom","078","Great Britain","727","England and Wales","064","England","A","North East",,,320344,187835,90984,23940,17585
"213","United Kingdom","078","Great Britain","727","England and Wales","064","England","B","North West",,,815784,557072,129949,67367,61396
"213","United Kingdom","078","Great Britain","727","England and Wales","064","England","D","Yorkshire and The Humber",,,596041,379761,138718,30756,46806
"213","United Kingdom","078","Great Britain","727","England and Wales","064","England","E","East Midlands",,,489467,339065,94485,20463,35454
"213","United Kingdom","078","Great Britain","727","England and Wales","064","England","F","West Midlands",,,620909,421315,105311,47218,47065
"213","United Kingdom","078","Great Britain","727","England and Wales","064","England","G","East of England",,,643299,454852,105451,37779,45217
"213","United Kingdom","078","Great Britain","727","England and Wales","064","England","H","London",,,693071,406601,152502,68857,65111
"213","United Kingdom","078","Great Britain","727","England and Wales","064","England","J","South East",,,942573,700147,94444,81090,66892
"213","United Kingdom","078","Great Britain","727","England and Wales","064","England","K","South West",,,655172,493161,62810,46645,52556