DATASET_TITLE,"Benefits Data: Working Age Client Group, February 2005",,,,,,,,,,FROM,Feb-2005,Feb-2005,Feb-2005,Feb-2005,Feb-2005,Feb-2005,Feb-2005,Feb-2005,Feb-2005,Feb-2005,Feb-2005,Feb-2005,Feb-2005,Feb-2005,Feb-2005,Feb-2005,Feb-2005,Feb-2005,Feb-2005,Feb-2005,Feb-2005,Feb-2005,Feb-2005,Feb-2005,Feb-2005,Feb-2005,Feb-2005
AREA_TYPE,Region,,,,,,,,,,TO,Feb-2005,Feb-2005,Feb-2005,Feb-2005,Feb-2005,Feb-2005,Feb-2005,Feb-2005,Feb-2005,Feb-2005,Feb-2005,Feb-2005,Feb-2005,Feb-2005,Feb-2005,Feb-2005,Feb-2005,Feb-2005,Feb-2005,Feb-2005,Feb-2005,Feb-2005,Feb-2005,Feb-2005,Feb-2005,Feb-2005,Feb-2005
GEO_HIERARCHY,NeSS Geography Hierarchy,,,,,,,,,,HEADING,Total,Job Seekers,Job Seekers,Incapacity Benefits,Incapacity Benefits,Lone Parent,Lone Parent,Carer,Carer,Others on Income Related Benefits,Others on Income Related Benefits,Disabled,Disabled,Bereaved,Bereaved,Unknown,Unknown,Male,Male,Female,Female,Aged 16-24,Aged 16-24,Aged 25-49,Aged 25-49,Aged 50 and Over,Aged 50 and Over
,,,,,,,,,,,MEASUREMENT_UNIT,Count,Count,Percentage,Count,Percentage,Count,Percentage,Count,Percentage,Count,Percentage,Count,Percentage,Count,Percentage,Count,Percentage,Count,Percentage,Count,Percentage,Count,Percentage,Count,Percentage,Count,Percentage
,,,,,,,,,,,STATISTICAL_UNIT,Persons,Persons,Persons,Persons,Persons,Persons,Persons,Persons,Persons,Persons,Persons,Persons,Persons,Persons,Persons,Persons,Persons,Persons,Persons,Persons,Persons,Persons,Persons,Persons,Persons,Persons,Persons
UK_CODE,UK_NAME,GB_CODE,GB_NAME,EW_CODE,EW_NAME,CTRY_CODE,CTRY_NAME,GOR_CODE,GOR_NAME,AREA_METADATA,,DATA_VALUE,DATA_VALUE,DATA_VALUE,DATA_VALUE,DATA_VALUE,DATA_VALUE,DATA_VALUE,DATA_VALUE,DATA_VALUE,DATA_VALUE,DATA_VALUE,DATA_VALUE,DATA_VALUE,DATA_VALUE,DATA_VALUE,DATA_VALUE,DATA_VALUE,DATA_VALUE,DATA_VALUE,DATA_VALUE,DATA_VALUE,DATA_VALUE,DATA_VALUE,DATA_VALUE,DATA_VALUE,DATA_VALUE,DATA_VALUE
"213","United Kingdom","078","Great Britain","727","England and Wales","064","England",,,,,4378385,685575,16,2212350,51,683390,16,302575,7,131445,3,249325,6,113725,3,0,0,2145285,49,2233100,51,574265,13,2292910,52,1510765,35
"213","United Kingdom","078","Great Britain",,,,,,,,,5305955,819625,15,2745305,52,792985,15,362105,7,153975,3,296830,6,135130,3,0,0,2616710,49,2689245,51,690375,13,2756645,52,1858455,35
"213","United Kingdom","078","Great Britain",,,"179","Scotland",,,,,575300,92880,16,322775,56,68710,12,34405,6,15280,3,26910,5,14340,2,0,0,294160,51,281140,49,73290,13,296005,51,205990,36
"213","United Kingdom","078","Great Britain","727","England and Wales","220","Wales",,,,,352270,41170,12,210180,60,40885,12,25125,7,7250,2,20595,6,7065,2,0,0,177265,50,175005,50,42820,12,167730,48,141700,40
"213","United Kingdom","078","Great Britain","727","England and Wales",,,,,,,4730655,726745,15,2422530,51,724275,15,327700,7,138695,3,269920,6,120790,3,0,0,2322550,49,2408105,51,617085,13,2460640,52,1652465,35
"213","United Kingdom","078","Great Britain","727","England and Wales","064","England","A","North East",,,313675,46890,15,177375,57,38930,12,21370,7,8455,3,14195,5,6460,2,0,0,164065,52,149610,48,42435,14,152475,49,118750,38
"213","United Kingdom","078","Great Britain","727","England and Wales","064","England","B","North West",,,759590,97895,13,431170,57,103315,14,51605,7,18170,2,40705,5,16730,2,0,0,382365,50,377225,50,95285,13,385740,51,278505,37
"213","United Kingdom","078","Great Britain","727","England and Wales","064","England","D","Yorkshire and The Humber",,,480565,74135,15,248940,52,66655,14,36750,8,13580,3,28965,6,11540,2,0,0,242135,50,238430,50,65705,14,240060,50,174785,36
"213","United Kingdom","078","Great Britain","727","England and Wales","064","England","E","East Midlands",,,356790,54800,15,182375,51,48460,14,27930,8,10005,3,23180,6,10040,3,0,0,175860,49,180930,51,46040,13,177710,50,133010,37
"213","United Kingdom","078","Great Britain","727","England and Wales","064","England","F","West Midlands",,,508630,86395,17,249305,49,75500,15,38420,8,15615,3,30540,6,12855,3,0,0,252730,50,255900,50,70395,14,259500,51,178715,35
"213","United Kingdom","078","Great Britain","727","England and Wales","064","England","G","East of England",,,371560,58015,16,177390,48,58655,16,29135,8,10690,3,25045,7,12630,3,0,0,174525,47,197035,53,48300,13,193900,52,129315,35
"213","United Kingdom","078","Great Britain","727","England and Wales","064","England","H","London",,,738180,149940,20,315650,43,163515,22,34350,5,30555,4,30785,4,13385,2,0,0,344040,47,394140,53,98130,13,441490,60,198345,27
"213","United Kingdom","078","Great Britain","727","England and Wales","064","England","J","South East",,,491520,72355,15,238235,48,80100,16,35475,7,14115,3,32760,7,18480,4,0,0,232825,47,258695,53,64045,13,259715,53,167730,34
"213","United Kingdom","078","Great Britain","727","England and Wales","064","England","K","South West",,,357875,45150,13,191910,54,48260,13,27540,8,10260,3,23150,6,11605,3,0,0,176740,49,181135,51,43930,12,182320,51,131610,37