DATASET_TITLE,"Fire and Rescue Service: Fires Attended, 2007/2008",,,,,,FROM,Apr-2007,Apr-2007,Apr-2007,Apr-2007,Apr-2007,Apr-2007,Apr-2007,Apr-2007,Apr-2007,Apr-2007,Apr-2007,Apr-2007,Apr-2007,Apr-2007,Apr-2007,Apr-2007,Apr-2007,Apr-2007
AREA_TYPE,Local Authority,,,,,,TO,Mar-2008,Mar-2008,Mar-2008,Mar-2008,Mar-2008,Mar-2008,Mar-2008,Mar-2008,Mar-2008,Mar-2008,Mar-2008,Mar-2008,Mar-2008,Mar-2008,Mar-2008,Mar-2008,Mar-2008,Mar-2008
GEO_HIERARCHY,NeSS Geography Hierarchy,,,,,,HEADING,Total Fires,Total Fires; Accidental,Total Fires; Deliberate,Dwelling Fires,Dwelling Fires; Accidental,Dwelling Fires; Deliberate,Other Building Fires,Other Building Fires; Accidental,Other Building Fires; Deliberate,Road Vehicle Fires,Road Vehicle Fires; Accidental,Road Vehicle Fires; Deliberate,Other Outdoor Location Fires,Other Outdoor Location Fires; Accidental,Other Outdoor Location Fires; Deliberate,Total Casualties,Fatal Casualties,Non Fatal Casualties
,,,,,,,MEASUREMENT_UNIT,Count,Count,Count,Count,Count,Count,Count,Count,Count,Count,Count,Count,Count,Count,Count,Count,Count,Count
,,,,,,,STATISTICAL_UNIT,Incidents,Incidents,Incidents,Incidents,Incidents,Incidents,Incidents,Incidents,Incidents,Incidents,Incidents,Incidents,Incidents,Incidents,Incidents,Incidents,Incidents,Incidents
GOR_CODE,GOR_NAME,CTY_CODE,CTY_NAME,LA_CODE,LA_NAME,AREA_METADATA,,DATA_VALUE,DATA_VALUE,DATA_VALUE,DATA_VALUE,DATA_VALUE,DATA_VALUE,DATA_VALUE,DATA_VALUE,DATA_VALUE,DATA_VALUE,DATA_VALUE,DATA_VALUE,DATA_VALUE,DATA_VALUE,DATA_VALUE,DATA_VALUE,DATA_VALUE,DATA_VALUE
"A","North East",,,"00CH","Gateshead",,,662,389,273,272,233,39,139,72,67,193,69,124,58,15,43,72,x,x
"A","North East",,,"00CJ","Newcastle upon Tyne",,,1268,763,505,573,482,91,289,197,92,362,68,294,44,16,28,84,x,x
"A","North East",,,"00CK","North Tyneside",,,490,254,236,200,152,48,89,47,42,167,44,123,34,11,23,46,0,46
"A","North East",,,"00CL","South Tyneside",,,446,228,218,173,150,23,71,40,31,176,31,145,26,7,19,45,4,41
"A","North East",,,"00CM","Sunderland",,,883,436,447,287,224,63,192,124,68,351,77,274,53,11,42,104,0,104
"A","North East",,,"00EB","Hartlepool",,,218,89,129,58,43,15,36,13,23,106,29,77,18,4,14,32,x,x
"A","North East",,,"00EC","Middlesbrough",,,427,112,315,133,70,63,66,21,45,200,19,181,28,2,26,29,x,x
"A","North East",,,"00EE","Redcar and Cleveland",,,390,111,279,108,62,46,73,22,51,181,18,163,28,9,19,17,0,17
"A","North East",,,"00EF","Stockton-on-Tees",,,399,168,231,123,95,28,79,34,45,176,32,144,21,7,14,41,0,41
"A","North East",,,"00EH","Darlington",,,318,181,137,119,101,18,58,33,25,104,34,70,37,13,24,37,x,x
"A","North East",,,"00EJ","Durham",,,.,.,.,.,.,.,.,.,.,.,.,.,.,.,.,.,.,.
"A","North East",,,"00EM","Northumberland",,,.,.,.,.,.,.,.,.,.,.,.,.,.,.,.,.,.,.
"B","North West",,,"00BL","Bolton",,,839,450,389,325,272,53,160,105,55,283,55,228,71,18,53,161,x,x
"B","North West",,,"00BM","Bury",,,460,270,190,214,185,29,89,47,42,134,35,99,23,3,20,72,x,x
"B","North West",,,"00BN","Manchester",,,2081,1067,1014,821,662,159,473,275,198,669,110,559,118,20,98,313,5,308
"B","North West",,,"00BP","Oldham",,,768,291,477,241,187,54,135,52,83,331,45,286,61,7,54,169,5,164
"B","North West",,,"00BQ","Rochdale",,,871,343,528,250,192,58,174,73,101,398,68,330,49,10,39,120,x,x
"B","North West",,,"00BR","Salford",,,1027,473,554,397,308,89,223,107,116,360,52,308,47,6,41,155,x,x
"B","North West",,,"00BS","Stockport",,,604,344,260,258,226,32,137,70,67,166,44,122,43,4,39,115,x,x
"B","North West",,,"00BT","Tameside",,,592,280,312,205,166,39,128,64,64,219,44,175,40,6,34,96,3,93
"B","North West",,,"00BU","Trafford",,,558,374,184,251,227,24,120,86,34,148,54,94,39,7,32,104,0,104
"B","North West",,,"00BW","Wigan",,,824,373,451,294,216,78,171,82,89,308,63,245,51,12,39,100,x,x
"B","North West",,,"00BX","Knowsley",,,546,165,381,148,98,50,96,41,55,260,25,235,42,x,x,26,x,x
"B","North West",,,"00BY","Liverpool",,,1970,786,1184,797,525,272,365,186,179,698,64,634,110,11,99,215,7,208
"B","North West",,,"00BZ","St. Helens",,,458,234,224,180,156,24,90,40,50,141,33,108,47,5,42,51,x,x
"B","North West",,,"00CA","Sefton",,,682,354,328,317,243,74,145,79,66,171,26,145,49,6,43,83,x,x
"B","North West",,,"00CB","Wirral",,,683,372,311,308,245,63,131,57,74,197,53,144,47,17,30,70,x,x
"B","North West",,,"00EQ","Cheshire East",,,.,.,.,.,.,.,.,.,.,.,.,.,.,.,.,.,.,.
"B","North West",,,"00ET","Halton",,,344,130,214,108,80,28,58,27,31,161,18,143,17,5,12,22,x,x
"B","North West",,,"00EU","Warrington",,,370,218,152,130,116,14,84,56,28,138,43,95,18,4,14,35,0,35
"B","North West",,,"00EW","Cheshire West and Chester",,,.,.,.,.,.,.,.,.,.,.,.,.,.,.,.,.,.,.
"B","North West",,,"00EX","Blackburn with Darwen",,,340,201,139,178,139,39,83,48,35,65,11,54,14,3,11,37,x,x
"B","North West",,,"00EY","Blackpool",,,408,278,130,257,204,53,90,53,37,53,17,36,8,4,4,38,3,35
"B","North West","16","Cumbria","16UB","Allerdale",,,217,148,69,91,82,9,63,44,19,53,16,37,10,6,4,25,x,x
"B","North West","16","Cumbria","16UC","Barrow-in-Furness",,,176,134,42,90,77,13,57,48,9,26,9,17,3,.,3,25,x,x
"B","North West","16","Cumbria","16UD","Carlisle",,,270,185,85,120,110,10,55,42,13,78,23,55,17,10,7,29,0,29
"B","North West","16","Cumbria","16UE","Copeland",,,146,84,62,56,51,5,55,19,36,25,10,15,10,4,6,18,3,15
"B","North West","16","Cumbria","16UF","Eden",,,97,87,10,35,x,x,29,27,2,23,18,5,10,8,2,9,0,9
"B","North West","16","Cumbria","16UG","South Lakeland",,,169,146,23,75,71,4,60,49,11,25,17,8,9,9,.,25,x,x
"B","North West","30","Lancashire","30UD","Burnley",,,269,140,129,152,98,54,62,32,30,40,9,31,15,x,x,13,x,x
"B","North West","30","Lancashire","30UE","Chorley",,,151,111,40,81,72,9,43,27,16,21,9,12,6,3,3,18,0,18
"B","North West","30","Lancashire","30UF","Fylde",,,99,86,13,60,57,3,23,19,4,16,10,6,.,.,.,15,0,15
"B","North West","30","Lancashire","30UG","Hyndburn",,,213,123,90,119,85,34,36,21,15,47,13,34,11,4,7,24,x,x
"B","North West","30","Lancashire","30UH","Lancaster",,,308,221,87,157,129,28,89,69,20,36,14,22,26,9,17,37,0,37
"B","North West","30","Lancashire","30UJ","Pendle",,,160,101,59,95,73,22,27,17,10,31,10,21,7,x,x,15,0,15
"B","North West","30","Lancashire","30UK","Preston",,,326,225,101,182,153,29,82,56,26,50,8,42,12,8,4,41,x,x
"B","North West","30","Lancashire","30UL","Ribble Valley",,,67,59,8,33,31,2,18,16,2,12,9,3,4,x,x,3,0,3
"B","North West","30","Lancashire","30UM","Rossendale",,,137,97,40,75,68,7,30,17,13,22,10,12,10,2,8,7,0,7
"B","North West","30","Lancashire","30UN","South Ribble",,,117,90,27,53,50,3,24,19,5,33,15,18,7,x,x,17,x,x
"B","North West","30","Lancashire","30UP","West Lancashire",,,234,154,80,125,100,25,42,32,10,47,11,36,20,11,9,21,x,x
"B","North West","30","Lancashire","30UQ","Wyre",,,154,114,40,86,78,8,38,24,14,26,11,15,4,x,x,18,0,18
"D","Yorkshire and The Humber",,,"00CC","Barnsley",,,686,275,411,168,130,38,120,60,60,350,71,279,48,14,34,49,3,46
"D","Yorkshire and The Humber",,,"00CE","Doncaster",,,1057,463,594,314,261,53,214,95,119,453,81,372,76,26,50,64,3,61
"D","Yorkshire and The Humber",,,"00CF","Rotherham",,,704,313,391,189,149,40,136,69,67,297,80,217,82,15,67,40,0,40
"D","Yorkshire and The Humber",,,"00CG","Sheffield",,,1840,694,1146,557,371,186,330,173,157,848,132,716,105,18,87,114,5,109
"D","Yorkshire and The Humber",,,"00CX","Bradford",,,1374,549,825,464,355,109,221,112,109,641,73,568,48,9,39,118,7,111
"D","Yorkshire and The Humber",,,"00CY","Calderdale",,,274,147,127,94,79,15,64,37,27,102,26,76,14,5,9,24,x,x
"D","Yorkshire and The Humber",,,"00CZ","Kirklees",,,821,368,453,273,210,63,163,72,91,349,71,278,36,15,21,74,4,70
"D","Yorkshire and The Humber",,,"00DA","Leeds",,,1951,849,1102,697,527,170,306,167,139,863,130,733,85,25,60,156,x,x
"D","Yorkshire and The Humber",,,"00DB","Wakefield",,,719,314,405,192,146,46,162,74,88,327,82,245,38,12,26,53,x,x
"D","Yorkshire and The Humber",,,"00FA","Kingston upon Hull, City of",,,938,414,524,359,244,115,223,110,113,305,48,257,51,12,39,135,4,131
"D","Yorkshire and The Humber",,,"00FB","East Riding of Yorkshire",,,662,423,239,191,170,21,153,108,45,241,104,137,77,41,36,59,x,x
"D","Yorkshire and The Humber",,,"00FC","North East Lincolnshire",,,636,225,411,168,125,43,115,54,61,289,37,252,64,9,55,55,3,52
"D","Yorkshire and The Humber",,,"00FD","North Lincolnshire",,,565,282,283,164,104,60,165,97,68,184,61,123,52,20,32,41,0,41
"D","Yorkshire and The Humber",,,"00FF","York",,,348,222,126,120,108,12,101,78,23,99,22,77,28,14,14,26,0,26
"D","Yorkshire and The Humber","36","North Yorkshire","36UB","Craven",,,75,65,10,26,26,.,18,16,2,19,16,3,12,7,5,6,0,6
"D","Yorkshire and The Humber","36","North Yorkshire","36UC","Hambleton",,,137,100,37,34,x,x,38,30,8,40,20,20,25,17,8,3,x,x
"D","Yorkshire and The Humber","36","North Yorkshire","36UD","Harrogate",,,251,198,53,81,75,6,74,61,13,73,44,29,23,18,5,13,x,x
"D","Yorkshire and The Humber","36","North Yorkshire","36UE","Richmondshire",,,63,50,13,23,23,.,10,x,x,24,12,12,6,6,.,3,0,3
"D","Yorkshire and The Humber","36","North Yorkshire","36UF","Ryedale",,,73,49,24,21,19,2,19,13,6,18,9,9,15,8,7,x,x,x
"D","Yorkshire and The Humber","36","North Yorkshire","36UG","Scarborough",,,194,125,69,80,67,13,55,29,26,45,21,24,14,8,6,19,0,19
"D","Yorkshire and The Humber","36","North Yorkshire","36UH","Selby",,,220,140,80,47,41,6,75,60,15,78,27,51,20,12,8,4,0,4
"E","East Midlands",,,"00FK","Derby",,,352,264,88,192,167,25,90,60,30,43,24,19,27,13,14,18,x,x
"E","East Midlands",,,"00FN","Leicester",,,788,403,385,298,234,64,191,108,83,266,54,212,33,7,26,78,x,x
"E","East Midlands",,,"00FP","Rutland",,,55,38,17,17,x,x,15,8,7,11,6,5,12,8,4,4,0,4
"E","East Midlands",,,"00FY","Nottingham",,,1214,518,696,407,303,104,248,119,129,489,88,401,70,8,62,124,x,x
"E","East Midlands","17","Derbyshire","17UB","Amber Valley",,,160,105,55,62,51,11,28,24,4,44,13,31,26,17,9,16,0,16
"E","East Midlands","17","Derbyshire","17UC","Bolsover",,,96,58,38,33,27,6,20,15,5,26,9,17,17,7,10,5,0,5
"E","East Midlands","17","Derbyshire","17UD","Chesterfield",,,127,99,28,63,54,9,36,29,7,22,13,9,6,3,3,44,x,x
"E","East Midlands","17","Derbyshire","17UF","Derbyshire Dales",,,83,69,14,31,x,x,25,19,6,19,13,6,8,x,x,8,0,8
"E","East Midlands","17","Derbyshire","17UG","Erewash",,,144,102,42,65,56,9,27,16,11,43,28,15,9,2,7,14,0,14
"E","East Midlands","17","Derbyshire","17UH","High Peak",,,111,81,30,48,42,6,29,19,10,17,6,11,17,14,3,12,0,12
"E","East Midlands","17","Derbyshire","17UJ","North East Derbyshire",,,130,93,37,52,43,9,25,21,4,33,18,15,20,11,9,9,0,9
"E","East Midlands","17","Derbyshire","17UK","South Derbyshire",,,89,62,27,29,24,5,27,17,10,19,12,7,14,9,5,22,0,22
"E","East Midlands","31","Leicestershire","31UB","Blaby",,,137,69,68,26,22,4,28,14,14,61,24,37,22,9,13,9,0,9
"E","East Midlands","31","Leicestershire","31UC","Charnwood",,,218,133,85,73,62,11,41,28,13,90,38,52,14,5,9,19,x,x
"E","East Midlands","31","Leicestershire","31UD","Harborough",,,127,84,43,22,22,.,33,24,9,57,30,27,15,8,7,3,x,x
"E","East Midlands","31","Leicestershire","31UE","Hinckley and Bosworth",,,145,66,79,31,x,x,33,13,20,67,17,50,14,6,8,21,3,18
"E","East Midlands","31","Leicestershire","31UG","Melton",,,81,47,34,23,19,4,16,10,6,27,10,17,15,8,7,2,0,2
"E","East Midlands","31","Leicestershire","31UH","North West Leicestershire",,,142,93,49,35,31,4,30,19,11,64,38,26,13,5,8,8,x,x
"E","East Midlands","31","Leicestershire","31UJ","Oadby and Wigston",,,62,42,20,21,18,3,22,16,6,13,7,6,6,x,x,4,x,x
"E","East Midlands","32","Lincolnshire","32UB","Boston",,,143,86,57,40,38,2,43,30,13,32,15,17,28,3,25,11,0,11
"E","East Midlands","32","Lincolnshire","32UC","East Lindsey",,,362,225,137,76,68,8,90,64,26,127,62,65,69,31,38,26,x,x
"E","East Midlands","32","Lincolnshire","32UD","Lincoln",,,231,121,110,78,54,24,79,42,37,62,21,41,12,4,8,24,0,24
"E","East Midlands","32","Lincolnshire","32UE","North Kesteven",,,164,107,57,44,40,4,39,31,8,54,25,29,27,11,16,9,0,9
"E","East Midlands","32","Lincolnshire","32UF","South Holland",,,167,103,64,40,31,9,41,27,14,56,28,28,30,16,14,8,x,x
"E","East Midlands","32","Lincolnshire","32UG","South Kesteven",,,213,143,70,71,66,5,54,43,11,58,23,35,30,11,19,14,0,14
"E","East Midlands","32","Lincolnshire","32UH","West Lindsey",,,168,101,67,56,48,8,23,16,7,61,23,38,28,14,14,5,0,5
"E","East Midlands","34","Northamptonshire","34UB","Corby",,,251,107,144,68,49,19,67,48,19,102,9,93,14,x,x,11,x,x
"E","East Midlands","34","Northamptonshire","34UC","Daventry",,,154,96,58,45,40,5,31,14,17,69,36,33,10,7,3,3,x,x
"E","East Midlands","34","Northamptonshire","34UD","East Northamptonshire",,,172,84,88,35,29,6,32,22,10,85,25,60,20,8,12,7,0,7
"E","East Midlands","34","Northamptonshire","34UE","Kettering",,,209,124,85,79,67,12,42,29,13,73,25,48,15,3,12,10,0,10
"E","East Midlands","34","Northamptonshire","34UF","Northampton",,,566,292,274,198,155,43,118,80,38,232,46,186,18,11,7,24,x,x
"E","East Midlands","34","Northamptonshire","34UG","South Northamptonshire",,,141,100,41,42,39,3,28,16,12,59,36,23,12,9,3,9,0,9
"E","East Midlands","34","Northamptonshire","34UH","Wellingborough",,,230,83,147,50,38,12,59,25,34,114,18,96,7,2,5,4,x,x
"E","East Midlands","37","Nottinghamshire","37UB","Ashfield",,,297,118,179,63,42,21,78,40,38,110,29,81,46,7,39,13,0,13
"E","East Midlands","37","Nottinghamshire","37UC","Bassetlaw",,,417,172,245,84,63,21,64,35,29,216,58,158,53,16,37,18,0,18
"E","East Midlands","37","Nottinghamshire","37UD","Broxtowe",,,178,102,76,64,53,11,33,18,15,70,28,42,11,3,8,20,0,20
"E","East Midlands","37","Nottinghamshire","37UE","Gedling",,,231,100,131,63,54,9,49,19,30,92,21,71,27,6,21,28,0,28
"E","East Midlands","37","Nottinghamshire","37UF","Mansfield",,,221,100,121,62,44,18,46,27,19,86,25,61,27,4,23,19,x,x
"E","East Midlands","37","Nottinghamshire","37UG","Newark and Sherwood",,,240,138,102,64,51,13,57,31,26,78,41,37,41,15,26,14,0,14
"E","East Midlands","37","Nottinghamshire","37UJ","Rushcliffe",,,137,89,48,37,35,2,26,15,11,52,27,25,22,12,10,12,0,12
"F","West Midlands",,,"00CN","Birmingham",,,2520,1334,1186,1038,798,240,500,321,179,823,185,638,159,30,129,142,5,137
"F","West Midlands",,,"00CQ","Coventry",,,837,422,415,340,254,86,156,94,62,297,67,230,44,7,37,48,7,41
"F","West Midlands",,,"00CR","Dudley",,,558,324,234,241,194,47,100,61,39,164,54,110,53,15,38,37,x,x
"F","West Midlands",,,"00CS","Sandwell",,,693,377,316,254,199,55,140,87,53,250,78,172,49,13,36,35,x,x
"F","West Midlands",,,"00CT","Solihull",,,362,226,136,168,140,28,50,34,16,119,44,75,25,8,17,21,x,x
"F","West Midlands",,,"00CU","Walsall",,,455,284,171,200,166,34,122,78,44,109,34,75,24,6,18,40,0,40
"F","West Midlands",,,"00CW","Wolverhampton",,,553,323,230,237,191,46,129,80,49,160,43,117,27,9,18,30,5,25
"F","West Midlands",,,"00GA","Herefordshire, County of",,,302,232,70,95,91,4,82,57,25,100,66,34,25,18,7,11,0,11
"F","West Midlands",,,"00GF","Telford and Wrekin",,,427,199,228,106,77,29,104,70,34,179,45,134,38,7,31,24,0,24
"F","West Midlands",,,"00GG","Shropshire",,,.,.,.,.,.,.,.,.,.,.,.,.,.,.,.,.,.,.
"F","West Midlands",,,"00GL","Stoke-on-Trent",,,653,282,371,211,149,62,147,65,82,276,64,212,19,4,15,55,3,52
"F","West Midlands","41","Staffordshire","41UB","Cannock Chase",,,181,115,66,67,63,4,44,30,14,63,20,43,7,2,5,8,x,x
"F","West Midlands","41","Staffordshire","41UC","East Staffordshire",,,228,143,85,75,64,11,68,39,29,68,31,37,17,9,8,8,x,x
"F","West Midlands","41","Staffordshire","41UD","Lichfield",,,159,115,44,68,65,3,33,22,11,44,22,22,14,6,8,10,x,x
"F","West Midlands","41","Staffordshire","41UE","Newcastle-under-Lyme",,,223,105,118,83,64,19,30,12,18,90,27,63,20,2,18,18,x,x
"F","West Midlands","41","Staffordshire","41UF","South Staffordshire",,,237,131,106,47,43,4,54,29,25,115,47,68,21,12,9,22,0,22
"F","West Midlands","41","Staffordshire","41UG","Stafford",,,220,148,72,72,62,10,56,27,29,77,47,30,15,12,3,16,0,16
"F","West Midlands","41","Staffordshire","41UH","Staffordshire Moorlands",,,198,118,80,59,49,10,48,37,11,80,25,55,11,7,4,19,0,19
"F","West Midlands","41","Staffordshire","41UK","Tamworth",,,173,72,101,69,53,16,23,12,11,69,6,63,12,x,x,13,0,13
"F","West Midlands","44","Warwickshire","44UB","North Warwickshire",,,207,118,89,33,29,4,27,20,7,132,64,68,15,5,10,13,x,x
"F","West Midlands","44","Warwickshire","44UC","Nuneaton and Bedworth",,,311,130,181,85,63,22,64,31,33,133,35,98,29,x,x,10,x,x
"F","West Midlands","44","Warwickshire","44UD","Rugby",,,232,108,124,53,42,11,42,26,16,117,37,80,20,3,17,3,0,3
"F","West Midlands","44","Warwickshire","44UE","Stratford-on-Avon",,,245,188,57,54,49,5,73,62,11,94,61,33,24,16,8,15,4,11
"F","West Midlands","44","Warwickshire","44UF","Warwick",,,231,171,60,86,83,3,54,43,11,75,39,36,16,6,10,9,x,x
"F","West Midlands","47","Worcestershire","47UB","Bromsgrove",,,165,99,66,50,44,6,25,13,12,81,37,44,9,5,4,7,0,7
"F","West Midlands","47","Worcestershire","47UC","Malvern Hills",,,123,96,27,36,x,x,32,28,4,46,24,22,9,9,.,8,0,8
"F","West Midlands","47","Worcestershire","47UD","Redditch",,,158,92,66,66,52,14,24,17,7,62,19,43,6,4,2,9,x,x
"F","West Midlands","47","Worcestershire","47UE","Worcester",,,171,124,47,78,67,11,40,30,10,48,24,24,5,3,2,13,0,13
"F","West Midlands","47","Worcestershire","47UF","Wychavon",,,179,134,45,60,55,5,52,33,19,56,35,21,11,11,.,5,x,x
"F","West Midlands","47","Worcestershire","47UG","Wyre Forest",,,175,95,80,49,43,6,42,23,19,76,23,53,8,6,2,5,0,5
"G","East of England",,,"00JA","Peterborough",,,602,295,307,195,154,41,151,81,70,228,48,180,28,12,16,52,x,x
"G","East of England",,,"00KA","Luton",,,551,287,264,235,176,59,102,58,44,190,47,143,24,6,18,24,0,24
"G","East of England",,,"00KB","Bedford",,,341,232,109,119,105,14,96,71,25,92,38,54,34,18,16,17,0,17
"G","East of England",,,"00KC","Central Bedfordshire",,,.,.,.,.,.,.,.,.,.,.,.,.,.,.,.,.,.,.
"G","East of England",,,"00KF","Southend-on-Sea",,,242,183,59,149,128,21,43,30,13,41,21,20,9,4,5,42,3,39
"G","East of England",,,"00KG","Thurrock",,,240,130,110,92,76,16,46,24,22,93,28,65,9,2,7,27,0,27
"G","East of England","12","Cambridgeshire","12UB","Cambridge",,,256,189,67,106,91,15,87,70,17,58,27,31,5,x,x,31,0,31
"G","East of England","12","Cambridgeshire","12UC","East Cambridgeshire",,,140,81,59,39,34,5,27,20,7,53,24,29,21,3,18,13,0,13
"G","East of England","12","Cambridgeshire","12UD","Fenland",,,262,135,127,69,57,12,57,36,21,99,31,68,36,11,25,14,3,11
"G","East of England","12","Cambridgeshire","12UE","Huntingdonshire",,,296,181,115,77,71,6,69,49,20,120,50,70,30,11,19,24,0,24
"G","East of England","12","Cambridgeshire","12UG","South Cambridgeshire",,,268,155,113,61,52,9,59,38,21,121,53,68,27,12,15,31,x,x
"G","East of England","22","Essex","22UB","Basildon",,,215,120,95,82,66,16,47,30,17,79,22,57,7,2,5,19,0,19
"G","East of England","22","Essex","22UC","Braintree",,,116,91,25,54,50,4,32,22,10,24,13,11,6,6,.,18,x,x
"G","East of England","22","Essex","22UD","Brentwood",,,51,39,12,18,18,.,13,7,6,19,13,6,x,x,x,19,0,19
"G","East of England","22","Essex","22UE","Castle Point",,,83,49,34,38,33,5,15,8,7,28,7,21,x,x,x,11,x,x
"G","East of England","22","Essex","22UF","Chelmsford",,,185,124,61,75,69,6,49,28,21,46,22,24,15,5,10,23,x,x
"G","East of England","22","Essex","22UG","Colchester",,,152,93,59,62,55,7,44,23,21,40,14,26,6,x,x,10,0,10
"G","East of England","22","Essex","22UH","Epping Forest",,,111,79,32,54,49,5,22,12,10,29,16,13,6,2,4,19,x,x
"G","East of England","22","Essex","22UJ","Harlow",,,117,76,41,50,46,4,26,21,5,39,8,31,x,x,x,7,0,7
"G","East of England","22","Essex","22UK","Maldon",,,53,45,8,27,x,x,15,13,2,9,5,4,x,x,x,x,0,x
"G","East of England","22","Essex","22UL","Rochford",,,51,43,8,27,25,2,14,12,2,8,4,4,2,2,.,8,0,8
"G","East of England","22","Essex","22UN","Tendring",,,154,100,54,83,68,15,33,22,11,29,6,23,9,4,5,28,x,x
"G","East of England","22","Essex","22UQ","Uttlesford",,,87,78,9,38,x,x,40,35,5,7,4,3,2,2,.,12,0,12
"G","East of England","26","Hertfordshire","26UB","Broxbourne",,,141,77,64,43,35,8,27,14,13,60,25,35,11,3,8,6,0,6
"G","East of England","26","Hertfordshire","26UC","Dacorum",,,212,137,75,82,73,9,45,28,17,81,35,46,4,x,x,26,0,26
"G","East of England","26","Hertfordshire","26UD","East Hertfordshire",,,175,126,49,63,60,3,34,28,6,68,32,36,10,6,4,17,x,x
"G","East of England","26","Hertfordshire","26UE","Hertsmere",,,167,122,45,61,52,9,32,25,7,67,41,26,7,4,3,9,0,9
"G","East of England","26","Hertfordshire","26UF","North Hertfordshire",,,210,141,69,80,69,11,48,36,12,68,28,40,14,8,6,18,0,18
"G","East of England","26","Hertfordshire","26UG","St Albans",,,196,122,74,67,61,6,45,17,28,78,39,39,6,4,2,10,0,10
"G","East of England","26","Hertfordshire","26UH","Stevenage",,,155,91,64,68,51,17,26,20,6,53,18,35,8,2,6,30,x,x
"G","East of England","26","Hertfordshire","26UJ","Three Rivers",,,125,83,42,38,34,4,28,22,6,51,22,29,8,5,3,12,0,12
"G","East of England","26","Hertfordshire","26UK","Watford",,,168,129,39,75,71,4,47,34,13,41,22,19,5,2,3,25,0,25
"G","East of England","26","Hertfordshire","26UL","Welwyn Hatfield",,,182,120,62,67,57,10,40,27,13,69,33,36,6,3,3,19,0,19
"G","East of England","33","Norfolk","33UB","Breckland",,,131,94,37,44,42,2,39,29,10,30,15,15,18,8,10,7,0,7
"G","East of England","33","Norfolk","33UC","Broadland",,,100,62,38,30,x,x,17,12,5,38,17,21,15,4,11,10,x,x
"G","East of England","33","Norfolk","33UD","Great Yarmouth",,,153,111,42,67,60,7,58,39,19,20,7,13,8,5,3,26,x,x
"G","East of England","33","Norfolk","33UE","King's Lynn and West Norfolk",,,180,114,66,71,60,11,37,27,10,53,17,36,19,10,9,21,x,x
"G","East of England","33","Norfolk","33UF","North Norfolk",,,105,85,20,48,x,x,21,17,4,20,15,5,16,6,10,13,0,13
"G","East of England","33","Norfolk","33UG","Norwich",,,212,100,112,87,66,21,47,21,26,64,13,51,14,.,14,10,0,10
"G","East of England","33","Norfolk","33UH","South Norfolk",,,120,79,41,37,33,4,25,22,3,26,13,13,32,11,21,3,0,3
"G","East of England","42","Suffolk","42UB","Babergh",,,152,82,70,40,38,2,36,21,15,60,19,41,16,4,12,7,x,x
"G","East of England","42","Suffolk","42UC","Forest Heath",,,104,78,26,33,x,x,20,15,5,43,27,16,8,4,4,14,0,14
"G","East of England","42","Suffolk","42UD","Ipswich",,,337,157,180,97,74,23,84,46,38,139,32,107,17,5,12,18,x,x
"G","East of England","42","Suffolk","42UE","Mid Suffolk",,,142,96,46,40,40,.,33,24,9,52,27,25,17,5,12,12,x,x
"G","East of England","42","Suffolk","42UF","St Edmundsbury",,,149,106,43,61,53,8,36,23,13,41,26,15,11,4,7,15,0,15
"G","East of England","42","Suffolk","42UG","Suffolk Coastal",,,200,148,52,63,59,4,51,40,11,62,37,25,24,12,12,21,0,21
"G","East of England","42","Suffolk","42UH","Waveney",,,171,119,52,78,64,14,43,31,12,41,16,25,9,x,x,40,3,37
"H","London",,,"00AA","City of London",,,76,60,16,6,6,.,58,48,10,7,4,3,5,2,3,x,0,x
"H","London",,,"00AB","Barking and Dagenham",,,427,211,216,170,127,43,67,34,33,176,43,133,14,7,7,62,x,x
"H","London",,,"00AC","Barnet",,,449,344,105,249,223,26,83,69,14,108,49,59,9,3,6,52,x,x
"H","London",,,"00AD","Bexley",,,312,186,126,137,119,18,48,31,17,114,33,81,13,3,10,38,x,x
"H","London",,,"00AE","Brent",,,478,336,142,223,205,18,95,77,18,130,49,81,30,5,25,43,4,39
"H","London",,,"00AF","Bromley",,,449,205,244,140,114,26,95,45,50,199,42,157,15,4,11,34,x,x
"H","London",,,"00AG","Camden",,,454,375,79,217,191,26,159,139,20,70,42,28,8,3,5,60,0,60
"H","London",,,"00AH","Croydon",,,565,372,193,281,245,36,114,73,41,157,48,109,13,6,7,84,3,81
"H","London",,,"00AJ","Ealing",,,544,392,152,253,225,28,117,92,25,157,64,93,17,11,6,91,x,x
"H","London",,,"00AK","Enfield",,,476,317,159,208,179,29,89,66,23,168,66,102,11,6,5,74,x,x
"H","London",,,"00AL","Greenwich",,,523,302,221,228,187,41,87,51,36,197,57,140,11,7,4,68,x,x
"H","London",,,"00AM","Hackney",,,445,332,113,282,254,28,74,57,17,87,21,66,2,.,2,57,x,x
"H","London",,,"00AN","Hammersmith and Fulham",,,324,254,70,210,184,26,71,46,25,35,16,19,8,8,.,55,x,x
"H","London",,,"00AP","Haringey",,,472,322,150,284,243,41,77,43,34,103,36,67,8,.,8,87,x,x
"H","London",,,"00AQ","Harrow",,,242,166,76,122,110,12,49,27,22,62,26,36,9,3,6,33,0,33
"H","London",,,"00AR","Havering",,,272,151,121,96,85,11,53,33,20,107,26,81,16,7,9,38,x,x
"H","London",,,"00AS","Hillingdon",,,508,321,187,149,130,19,153,106,47,178,69,109,28,16,12,44,x,x
"H","London",,,"00AT","Hounslow",,,455,248,207,173,138,35,107,48,59,165,61,104,10,x,x,74,x,x
"H","London",,,"00AU","Islington",,,406,279,127,212,180,32,106,69,37,85,29,56,3,x,x,56,4,52
"H","London",,,"00AW","Kensington and Chelsea",,,283,246,37,170,160,10,73,64,9,38,21,17,x,x,x,41,x,x
"H","London",,,"00AX","Kingston upon Thames",,,215,167,48,97,90,7,64,52,12,51,24,27,3,.,3,32,x,x
"H","London",,,"00AY","Lambeth",,,557,407,150,348,301,47,102,67,35,98,35,63,9,4,5,99,x,x
"H","London",,,"00AZ","Lewisham",,,478,335,143,286,243,43,74,44,30,103,45,58,15,3,12,90,x,x
"H","London",,,"00BA","Merton",,,268,186,82,134,123,11,54,36,18,77,26,51,3,x,x,35,x,x
"H","London",,,"00BB","Newham",,,583,340,243,287,216,71,113,78,35,163,39,124,20,7,13,121,x,x
"H","London",,,"00BC","Redbridge",,,339,223,116,161,141,20,65,40,25,109,42,67,4,.,4,45,x,x
"H","London",,,"00BD","Richmond upon Thames",,,156,123,33,81,78,3,33,27,6,34,15,19,8,3,5,15,0,15
"H","London",,,"00BE","Southwark",,,527,373,154,286,243,43,99,70,29,126,52,74,16,8,8,78,5,73
"H","London",,,"00BF","Sutton",,,277,179,98,134,124,10,47,27,20,87,26,61,9,2,7,34,0,34
"H","London",,,"00BG","Tower Hamlets",,,564,293,271,279,183,96,102,61,41,169,41,128,14,8,6,66,x,x
"H","London",,,"00BH","Waltham Forest",,,389,262,127,206,176,30,58,43,15,116,40,76,9,3,6,48,x,x
"H","London",,,"00BJ","Wandsworth",,,429,325,104,231,214,17,95,69,26,89,37,52,14,5,9,42,x,x
"H","London",,,"00BK","Westminster",,,559,490,69,238,215,23,260,237,23,52,32,20,9,6,3,66,x,x
"J","South East",,,"00LC","Medway",,,483,248,235,137,118,19,102,63,39,226,62,164,18,5,13,22,x,x
"J","South East",,,"00MA","Bracknell Forest",,,186,126,60,66,60,6,46,34,12,70,30,40,4,2,2,10,x,x
"J","South East",,,"00MB","West Berkshire",,,295,201,94,74,67,7,63,53,10,135,70,65,23,11,12,13,x,x
"J","South East",,,"00MC","Reading",,,363,226,137,124,110,14,92,62,30,137,51,86,10,3,7,15,0,15
"J","South East",,,"00MD","Slough",,,281,173,108,100,84,16,57,38,19,115,44,71,9,7,2,27,x,x
"J","South East",,,"00ME","Windsor and Maidenhead",,,238,175,63,91,88,3,49,40,9,83,36,47,15,11,4,19,0,19
"J","South East",,,"00MF","Wokingham",,,196,127,69,52,49,3,43,36,7,90,36,54,11,6,5,7,x,x
"J","South East",,,"00MG","Milton Keynes",,,590,297,293,198,155,43,122,79,43,243,57,186,27,6,21,47,0,47
"J","South East",,,"00ML","Brighton and Hove",,,572,438,134,336,291,45,126,97,29,84,37,47,26,13,13,58,x,x
"J","South East",,,"00MR","Portsmouth",,,405,270,135,179,157,22,82,62,20,132,46,86,12,5,7,61,x,x
"J","South East",,,"00MS","Southampton",,,456,311,145,208,176,32,86,68,18,146,63,83,16,4,12,42,0,42
"J","South East",,,"00MW","Isle of Wight",,,259,178,81,83,76,7,86,49,37,72,39,33,18,14,4,23,x,x
"J","South East","11","Buckinghamshire","11UB","Aylesbury Vale",,,255,173,82,81,78,3,79,48,31,76,37,39,19,10,9,35,x,x
"J","South East","11","Buckinghamshire","11UC","Chiltern",,,133,89,44,46,43,3,30,20,10,52,24,28,5,2,3,11,x,x
"J","South East","11","Buckinghamshire","11UE","South Bucks",,,178,98,80,43,40,3,32,19,13,85,32,53,18,7,11,9,0,9
"J","South East","11","Buckinghamshire","11UF","Wycombe",,,364,228,136,108,96,12,79,49,30,154,73,81,23,10,13,17,0,17
"J","South East","21","East Sussex","21UC","Eastbourne",,,162,113,49,96,79,17,33,22,11,23,8,15,10,4,6,22,x,x
"J","South East","21","East Sussex","21UD","Hastings",,,184,103,81,104,71,33,33,18,15,35,10,25,12,4,8,37,x,x
"J","South East","21","East Sussex","21UF","Lewes",,,123,83,40,62,55,7,27,14,13,28,10,18,6,4,2,17,x,x
"J","South East","21","East Sussex","21UG","Rother",,,140,102,38,70,63,7,27,16,11,28,14,14,15,9,6,20,0,20
"J","South East","21","East Sussex","21UH","Wealden",,,223,176,47,108,104,4,44,30,14,51,30,21,20,11,9,29,0,29
"J","South East","24","Hampshire","24UB","Basingstoke and Deane",,,243,168,75,85,74,11,54,38,16,92,50,42,12,6,6,11,0,11
"J","South East","24","Hampshire","24UC","East Hampshire",,,148,112,36,65,58,7,22,18,4,55,32,23,6,4,2,11,3,8
"J","South East","24","Hampshire","24UD","Eastleigh",,,195,127,68,64,55,9,40,28,12,76,38,38,15,6,9,11,x,x
"J","South East","24","Hampshire","24UE","Fareham",,,124,89,35,46,43,3,23,15,8,47,29,18,8,2,6,9,0,9
"J","South East","24","Hampshire","24UF","Gosport",,,101,69,32,41,37,4,25,18,7,32,13,19,3,x,x,11,0,11
"J","South East","24","Hampshire","24UG","Hart",,,91,73,18,25,x,x,16,13,3,42,29,13,8,x,x,6,0,6
"J","South East","24","Hampshire","24UH","Havant",,,238,133,105,80,63,17,38,26,12,108,39,69,12,5,7,32,0,32
"J","South East","24","Hampshire","24UJ","New Forest",,,255,197,58,92,87,5,44,35,9,96,63,33,23,12,11,10,0,10
"J","South East","24","Hampshire","24UL","Rushmoor",,,104,75,29,41,38,3,24,17,7,34,18,16,5,2,3,11,0,11
"J","South East","24","Hampshire","24UN","Test Valley",,,214,142,72,68,60,8,40,32,8,94,46,48,12,4,8,12,x,x
"J","South East","24","Hampshire","24UP","Winchester",,,191,145,46,55,x,x,64,43,21,55,34,21,17,14,3,21,0,21
"J","South East","29","Kent","29UB","Ashford",,,231,143,88,59,50,9,65,48,17,91,38,53,16,7,9,5,0,5
"J","South East","29","Kent","29UC","Canterbury",,,215,132,83,77,67,10,52,30,22,79,31,48,7,4,3,12,0,12
"J","South East","29","Kent","29UD","Dartford",,,215,110,105,45,39,6,56,33,23,99,34,65,15,4,11,5,x,x
"J","South East","29","Kent","29UE","Dover",,,205,137,68,87,82,5,31,15,16,71,33,38,16,7,9,16,3,13
"J","South East","29","Kent","29UG","Gravesham",,,254,88,166,68,54,14,35,15,20,143,18,125,8,x,x,8,0,8
"J","South East","29","Kent","29UH","Maidstone",,,250,124,126,64,56,8,58,30,28,112,33,79,16,5,11,16,x,x
"J","South East","29","Kent","29UK","Sevenoaks",,,205,124,81,73,65,8,36,25,11,81,30,51,15,4,11,13,x,x
"J","South East","29","Kent","29UL","Shepway",,,157,103,54,55,51,4,41,28,13,54,21,33,7,3,4,12,x,x
"J","South East","29","Kent","29UM","Swale",,,273,138,135,75,61,14,83,41,42,101,33,68,14,3,11,20,0,20
"J","South East","29","Kent","29UN","Thanet",,,272,152,120,105,81,24,61,36,25,88,33,55,18,2,16,27,0,27
"J","South East","29","Kent","29UP","Tonbridge and Malling",,,214,136,78,49,46,3,64,49,15,88,34,54,13,7,6,11,0,11
"J","South East","29","Kent","29UQ","Tunbridge Wells",,,182,118,64,64,58,6,40,28,12,69,31,38,9,x,x,22,3,19
"J","South East","38","Oxfordshire","38UB","Cherwell",,,218,142,76,68,61,7,56,29,27,76,43,33,18,9,9,22,0,22
"J","South East","38","Oxfordshire","38UC","Oxford",,,341,205,136,140,123,17,90,62,28,107,18,89,4,2,2,29,0,29
"J","South East","38","Oxfordshire","38UD","South Oxfordshire",,,234,141,93,65,61,4,42,31,11,112,40,72,15,9,6,11,x,x
"J","South East","38","Oxfordshire","38UE","Vale of White Horse",,,152,112,40,52,48,4,42,28,14,48,29,19,10,7,3,13,x,x
"J","South East","38","Oxfordshire","38UF","West Oxfordshire",,,135,101,34,47,x,x,31,21,10,50,30,20,7,4,3,11,0,11
"J","South East","43","Surrey","43UB","Elmbridge",,,178,121,57,65,62,3,54,33,21,52,22,30,7,4,3,9,0,9
"J","South East","43","Surrey","43UC","Epsom and Ewell",,,111,71,40,39,33,6,35,21,14,30,14,16,7,3,4,7,3,4
"J","South East","43","Surrey","43UD","Guildford",,,224,153,71,71,64,7,51,35,16,92,50,42,10,4,6,17,0,17
"J","South East","43","Surrey","43UE","Mole Valley",,,118,82,36,34,30,4,33,27,6,46,23,23,5,2,3,10,0,10
"J","South East","43","Surrey","43UF","Reigate and Banstead",,,199,132,67,73,63,10,42,25,17,71,40,31,13,4,9,18,0,18
"J","South East","43","Surrey","43UG","Runnymede",,,120,87,33,36,31,5,28,25,3,48,26,22,8,5,3,10,x,x
"J","South East","43","Surrey","43UH","Spelthorne",,,134,65,69,41,31,10,36,19,17,53,13,40,4,2,2,7,x,x
"J","South East","43","Surrey","43UJ","Surrey Heath",,,137,80,57,30,27,3,34,19,15,47,28,19,26,6,20,7,0,7
"J","South East","43","Surrey","43UK","Tandridge",,,183,108,75,40,38,2,32,15,17,103,53,50,8,2,6,3,0,3
"J","South East","43","Surrey","43UL","Waverley",,,155,122,33,65,59,6,27,24,3,56,33,23,7,x,x,12,0,12
"J","South East","43","Surrey","43UM","Woking",,,136,93,43,51,45,6,37,23,14,38,20,18,10,5,5,11,x,x
"J","South East","45","West Sussex","45UB","Adur",,,114,74,40,46,34,12,25,19,6,34,16,18,9,5,4,24,x,x
"J","South East","45","West Sussex","45UC","Arun",,,298,166,132,99,87,12,64,32,32,97,33,64,38,14,24,42,0,42
"J","South East","45","West Sussex","45UD","Chichester",,,209,146,63,66,63,3,50,37,13,76,36,40,17,10,7,14,0,14
"J","South East","45","West Sussex","45UE","Crawley",,,166,109,57,60,51,9,50,30,20,47,27,20,9,x,x,16,0,16
"J","South East","45","West Sussex","45UF","Horsham",,,212,163,49,78,76,2,48,39,9,67,39,28,19,9,10,20,0,20
"J","South East","45","West Sussex","45UG","Mid Sussex",,,212,160,52,105,95,10,42,29,13,54,32,22,11,4,7,11,0,11
"J","South East","45","West Sussex","45UH","Worthing",,,204,139,65,95,83,12,43,28,15,54,24,30,12,4,8,36,x,x
"K","South West",,,"00HA","Bath and North East Somerset",,,269,160,109,103,87,16,57,41,16,86,26,60,23,6,17,18,0,18
"K","South West",,,"00HB","Bristol, City of",,,1221,533,688,424,341,83,220,111,109,527,65,462,50,16,34,106,4,102
"K","South West",,,"00HC","North Somerset",,,279,174,105,105,94,11,53,37,16,99,35,64,22,8,14,24,3,21
"K","South West",,,"00HD","South Gloucestershire",,,345,189,156,112,99,13,67,45,22,137,34,103,29,11,18,8,0,8
"K","South West",,,"00HE","Cornwall",,,.,.,.,.,.,.,.,.,.,.,.,.,.,.,.,.,.,.
"K","South West",,,"00HF","Isles of Scilly",,,..,..,..,..,..,..,..,..,..,..,..,..,..,..,..,0,..,..
"K","South West",,,"00HG","Plymouth",,,676,373,303,269,225,44,127,70,57,233,63,170,47,15,32,93,x,x
"K","South West",,,"00HH","Torbay",,,254,181,73,132,117,15,47,31,16,59,28,31,16,5,11,37,x,x
"K","South West",,,"00HN","Bournemouth",,,278,189,89,137,121,16,54,45,9,70,18,52,17,5,12,15,4,11
"K","South West",,,"00HP","Poole",,,189,135,54,73,67,6,51,35,16,53,25,28,12,8,4,13,x,x
"K","South West",,,"00HX","Swindon",,,415,254,161,162,138,24,91,53,38,125,53,72,37,10,27,46,x,x
"K","South West",,,"00HY","Wiltshire",,,.,.,.,.,.,.,.,.,.,.,.,.,.,.,.,.,.,.
"K","South West","18","Devon","18UB","East Devon",,,168,133,35,68,64,4,45,33,12,41,27,14,14,9,5,14,0,14
"K","South West","18","Devon","18UC","Exeter",,,240,162,78,104,90,14,62,45,17,60,24,36,14,3,11,37,0,37
"K","South West","18","Devon","18UD","Mid Devon",,,118,93,25,44,41,3,27,20,7,27,17,10,20,15,5,15,0,15
"K","South West","18","Devon","18UE","North Devon",,,199,140,59,72,64,8,65,40,25,36,24,12,26,12,14,24,x,x
"K","South West","18","Devon","18UG","South Hams",,,138,110,28,58,x,x,28,x,x,38,19,19,14,7,7,13,x,x
"K","South West","18","Devon","18UH","Teignbridge",,,231,181,50,88,81,7,40,27,13,82,59,23,21,14,7,23,0,23
"K","South West","18","Devon","18UK","Torridge",,,122,89,33,46,39,7,24,19,5,33,21,12,19,10,9,23,0,23
"K","South West","18","Devon","18UL","West Devon",,,94,67,27,23,x,x,34,26,8,26,14,12,11,5,6,7,3,4
"K","South West","19","Dorset","19UC","Christchurch",,,50,37,13,21,18,3,14,x,x,7,3,4,8,3,5,x,0,x
"K","South West","19","Dorset","19UD","East Dorset",,,86,67,19,30,x,x,22,x,x,26,13,13,8,4,4,4,x,x
"K","South West","19","Dorset","19UE","North Dorset",,,74,64,10,35,33,2,18,15,3,17,13,4,4,x,x,4,0,4
"K","South West","19","Dorset","19UG","Purbeck",,,58,46,12,22,22,.,15,12,3,12,7,5,9,5,4,9,0,9
"K","South West","19","Dorset","19UH","West Dorset",,,141,113,28,54,49,5,43,33,10,27,19,8,17,12,5,2,0,x
"K","South West","19","Dorset","19UJ","Weymouth and Portland",,,77,46,31,37,30,7,25,10,15,9,4,5,6,2,4,3,0,3
"K","South West","23","Gloucestershire","23UB","Cheltenham",,,212,143,69,84,74,10,57,48,9,59,20,39,12,x,x,15,0,15
"K","South West","23","Gloucestershire","23UC","Cotswold",,,193,145,48,60,x,x,44,32,12,70,43,27,19,11,8,8,x,x
"K","South West","23","Gloucestershire","23UD","Forest of Dean",,,178,111,67,48,48,.,35,30,5,80,28,52,15,5,10,x,0,x
"K","South West","23","Gloucestershire","23UE","Gloucester",,,278,141,137,88,76,12,74,41,33,102,23,79,14,x,x,19,3,16
"K","South West","23","Gloucestershire","23UF","Stroud",,,234,167,67,80,77,3,38,28,10,99,57,42,17,5,12,5,0,5
"K","South West","23","Gloucestershire","23UG","Tewkesbury",,,155,111,44,40,32,8,30,30,.,72,43,29,13,6,7,6,x,x
"K","South West","40","Somerset","40UB","Mendip",,,207,133,74,73,61,12,34,22,12,76,37,39,24,14,10,13,x,x
"K","South West","40","Somerset","40UC","Sedgemoor",,,235,155,80,69,58,11,54,36,18,88,43,45,24,18,6,25,x,x
"K","South West","40","Somerset","40UD","South Somerset",,,298,188,110,84,78,6,62,41,21,124,56,68,28,13,15,9,x,x
"K","South West","40","Somerset","40UE","Taunton Deane",,,225,143,82,77,58,19,55,35,20,75,43,32,18,7,11,16,x,x
"K","South West","40","Somerset","40UF","West Somerset",,,62,47,15,25,x,x,14,9,5,15,8,7,8,6,2,9,0,9
,,,,"00NA","Isle of Anglesey",,,167,111,56,64,56,8,22,17,5,48,27,21,33,11,22,12,x,x
,,,,"00NC","Gwynedd",,,245,178,67,92,86,6,62,44,18,52,28,24,39,20,19,26,x,x
,,,,"00NE","Conwy",,,285,185,100,129,116,13,52,30,22,69,29,40,35,10,25,53,3,50
,,,,"00NG","Denbighshire",,,205,148,57,94,82,12,47,29,18,45,26,19,19,11,8,31,x,x
,,,,"00NJ","Flintshire",,,301,194,107,107,94,13,60,42,18,109,44,63,25,14,11,39,x,x
,,,,"00NL","Wrexham",,,350,193,157,118,98,20,69,38,31,136,45,91,27,12,15,57,x,x
,,,,"00NN","Powys",,,257,222,35,103,100,3,51,41,10,70,54,16,33,27,6,24,x,x
,,,,"00NQ","Ceredigion",,,182,166,16,70,67,3,73,71,2,20,16,4,19,12,7,10,x,x
,,,,"00NS","Pembrokeshire",,,232,178,54,80,72,8,51,39,12,66,46,20,35,21,14,19,x,x
,,,,"00NU","Carmarthenshire",,,359,292,67,126,116,10,96,79,17,104,73,31,33,24,9,38,3,35
,,,,"00NX","Swansea",,,710,386,324,235,198,37,134,92,42,305,76,229,36,20,16,57,3,54
,,,,"00NZ","Neath Port Talbot",,,460,209,251,112,97,15,88,47,41,219,53,166,41,12,29,39,0,39
,,,,"00PB","Bridgend",,,336,162,174,83,71,12,77,47,30,160,42,118,16,2,14,26,x,x
,,,,"00PD","The Vale of Glamorgan",,,270,162,108,93,77,16,49,34,15,106,40,66,22,11,11,30,0,30
,,,,"00PF","Rhondda, Cynon, Taff",,,628,252,376,168,134,34,112,48,64,302,63,239,46,7,39,41,4,37
,,,,"00PH","Merthyr Tydfil",,,249,73,176,42,25,17,43,23,20,157,24,133,7,x,x,12,0,12
,,,,"00PK","Caerphilly",,,423,176,247,92,73,19,82,38,44,223,61,162,26,4,22,28,x,x
,,,,"00PL","Blaenau Gwent",,,185,80,105,47,39,8,35,16,19,95,24,71,8,x,x,18,x,x
,,,,"00PM","Torfaen",,,216,89,127,55,45,10,35,17,18,108,25,83,18,2,16,6,x,x
,,,,"00PP","Monmouthshire",,,162,106,56,51,42,9,38,27,11,54,30,24,19,7,12,x,0,x
,,,,"00PR","Newport",,,373,182,191,122,96,26,76,38,38,158,44,114,17,4,13,26,0,26
,,,,"00PT","Cardiff",,,858,387,471,273,207,66,174,92,82,383,76,307,28,12,16,64,3,61