DATASET_TITLE,"Deaths, 2010",,,,,,,,FROM,Jan-2010,Jan-2010,Jan-2010,Jan-2010,Jan-2010,Jan-2010,Jan-2010,Jan-2010,Jan-2010
AREA_TYPE,Former Local Authority,,,,,,,,TO,Dec-2010,Dec-2010,Dec-2010,Dec-2010,Dec-2010,Dec-2010,Dec-2010,Dec-2010,Dec-2010
GEO_HIERARCHY,NeSS Geography Hierarchy,,,,,,,,HEADING,All Deaths,Males; All Causes,Males; Coronary Heart Disease,Males; Cerebrovascular Disease (including Stroke),Males; Cancer,Females; All Causes,Females; Coronary Heart Disease,Females; Cerebrovascular Disease (including Stroke),Females; Cancer
,,,,,,,,,MEASUREMENT_UNIT,Count,Count,Count,Count,Count,Count,Count,Count,Count
,,,,,,,,,STATISTICAL_UNIT,Persons,Persons,Persons,Persons,Persons,Persons,Persons,Persons,Persons
GOR_CODE,GOR_NAME,CTY_CODE,CTY_NAME,LA_CODE,LA_NAME,FLA_CODE,FLA_NAME,AREA_METADATA,,DATA_VALUE,DATA_VALUE,DATA_VALUE,DATA_VALUE,DATA_VALUE,DATA_VALUE,DATA_VALUE,DATA_VALUE,DATA_VALUE
"A","North East",,,"00EJ","Durham","20UB","Chester-le-Street",,,520,260,45,17,77,260,34,35,73
"A","North East",,,"00EJ","Durham","20UD","Derwentside",,,916,419,70,34,121,497,52,63,124
"A","North East",,,"00EJ","Durham","20UE","Durham",,,780,389,75,31,118,391,40,45,102
"A","North East",,,"00EJ","Durham","20UF","Easington",,,950,451,75,24,144,499,50,36,143
"A","North East",,,"00EJ","Durham","20UG","Sedgefield",,,932,462,82,29,131,470,43,44,128
"A","North East",,,"00EJ","Durham","20UH","Teesdale",,,290,133,26,12,32,157,24,16,35
"A","North East",,,"00EJ","Durham","20UJ","Wear Valley",,,721,355,63,17,116,366,45,31,105
"A","North East",,,"00EM","Northumberland","35UB","Alnwick",,,357,190,42,15,61,167,18,11,46
"A","North East",,,"00EM","Northumberland","35UC","Berwick-upon-Tweed",,,325,152,25,10,44,173,19,19,43
"A","North East",,,"00EM","Northumberland","35UD","Blyth Valley",,,788,383,58,25,129,405,39,39,104
"A","North East",,,"00EM","Northumberland","35UE","Castle Morpeth",,,513,253,49,20,74,260,41,28,69
"A","North East",,,"00EM","Northumberland","35UF","Tynedale",,,644,292,46,19,96,352,54,47,81
"A","North East",,,"00EM","Northumberland","35UG","Wansbeck",,,684,338,62,26,96,346,51,27,89
"B","North West",,,"00EQ","Cheshire East","13UC","Congleton",,,916,433,74,34,149,483,63,60,123
"B","North West",,,"00EQ","Cheshire East","13UD","Crewe and Nantwich",,,1125,516,91,44,160,609,76,62,161
"B","North West",,,"00EQ","Cheshire East","13UG","Macclesfield",,,1532,720,132,65,215,812,100,124,187
"B","North West",,,"00EW","Cheshire West and Chester","13UB","Chester",,,1168,553,83,47,177,615,82,85,153
"B","North West",,,"00EW","Cheshire West and Chester","13UE","Ellesmere Port & Neston",,,750,348,55,21,118,402,38,30,126
"B","North West",,,"00EW","Cheshire West and Chester","13UH","Vale Royal",,,1197,565,92,43,173,632,72,57,170
"F","West Midlands",,,"00GG","Shropshire","39UB","Bridgnorth",,,625,316,54,29,100,309,25,35,75
"F","West Midlands",,,"00GG","Shropshire","39UC","North Shropshire",,,625,328,55,25,104,297,34,35,73
"F","West Midlands",,,"00GG","Shropshire","39UD","Oswestry",,,429,201,20,13,58,228,25,31,47
"F","West Midlands",,,"00GG","Shropshire","39UE","Shrewsbury and Atcham",,,963,459,75,47,129,504,75,68,122
"F","West Midlands",,,"00GG","Shropshire","39UF","South Shropshire",,,493,242,34,21,82,251,37,40,57
"G","East of England",,,"00KC","Central Bedfordshire","09UC","Mid Bedfordshire",,,951,467,86,24,155,484,55,44,120
"G","East of England",,,"00KC","Central Bedfordshire","09UE","South Bedfordshire",,,948,463,88,20,135,485,67,51,117
"K","South West",,,"00HE","Cornwall","15UB","Caradon",,,878,415,52,35,154,463,46,45,135
"K","South West",,,"00HE","Cornwall","15UC","Carrick",,,1110,507,84,37,164,603,71,94,133
"K","South West",,,"00HE","Cornwall","15UD","Kerrier",,,996,454,83,44,140,542,64,73,137
"K","South West",,,"00HE","Cornwall","15UE","North Cornwall",,,921,438,86,41,131,483,52,75,125
"K","South West",,,"00HE","Cornwall","15UF","Penwith",,,753,332,60,29,103,421,39,44,106
"K","South West",,,"00HE","Cornwall","15UG","Restormel",,,1032,494,90,35,158,538,67,85,136
"K","South West",,,"00HY","Wiltshire","46UB","Kennet",,,708,328,55,34,100,380,38,35,96
"K","South West",,,"00HY","Wiltshire","46UC","North Wiltshire",,,1065,532,85,23,184,533,57,58,144
"K","South West",,,"00HY","Wiltshire","46UD","Salisbury",,,1150,538,92,34,174,612,76,70,145
"K","South West",,,"00HY","Wiltshire","46UF","West Wiltshire",,,1201,582,88,41,174,619,63,68,175