DATASET_TITLE,"National Curriculum Assessments at Key Stage 2 by Ethnic Group in England (Referenced by Location of Pupil Residence), 2010",,,,,,,,FROM,Sep-2009,Sep-2009,Sep-2009,Sep-2009,Sep-2009,Sep-2009,Sep-2009,Sep-2009,Sep-2009,Sep-2009,Sep-2009,Sep-2009,Sep-2009,Sep-2009,Sep-2009,Sep-2009,Sep-2009,Sep-2009,Sep-2009,Sep-2009,Sep-2009,Sep-2009,Sep-2009,Sep-2009,Sep-2009,Sep-2009,Sep-2009,Sep-2009,Sep-2009,Sep-2009,Sep-2009,Sep-2009,Sep-2009,Sep-2009,Sep-2009,Sep-2009,Sep-2009,Sep-2009,Sep-2009,Sep-2009,Sep-2009,Sep-2009,Sep-2009,Sep-2009,Sep-2009,Sep-2009,Sep-2009,Sep-2009
AREA_TYPE,Former Local Authority,,,,,,,,TO,Aug-2010,Aug-2010,Aug-2010,Aug-2010,Aug-2010,Aug-2010,Aug-2010,Aug-2010,Aug-2010,Aug-2010,Aug-2010,Aug-2010,Aug-2010,Aug-2010,Aug-2010,Aug-2010,Aug-2010,Aug-2010,Aug-2010,Aug-2010,Aug-2010,Aug-2010,Aug-2010,Aug-2010,Aug-2010,Aug-2010,Aug-2010,Aug-2010,Aug-2010,Aug-2010,Aug-2010,Aug-2010,Aug-2010,Aug-2010,Aug-2010,Aug-2010,Aug-2010,Aug-2010,Aug-2010,Aug-2010,Aug-2010,Aug-2010,Aug-2010,Aug-2010,Aug-2010,Aug-2010,Aug-2010,Aug-2010
GEO_HIERARCHY,NeSS Geography Hierarchy,,,,,,,,HEADING,Pupils Eligible for KS2 Assessment,Pupils Achieving Level 4+; in English,Pupils Achieving Level 4+; in Mathematics,Pupils Achieving Level 4+; in both English and Mathematics,"Pupils Achieving Level 4+; in Reading, Writing and Mathematics",Average Point Score of Pupils Eligible for KS2 Assessment,Pupils of White Origin Eligible for KS2 Assessment,Pupils of White Origin Achieving Level 4+; in English,Pupils of White Origin Achieving Level 4+; in Mathematics,Pupils of White Origin Achieving Level 4+; in both English and Mathematics,"Pupils of White Origin Achieving Level 4+; in Reading, Writing and Mathematics",Average Point Score of Pupils of White Origin Eligible for KS2 Assessment,Pupils of Mixed Origin Eligible for KS2 Assessment,Pupils of Mixed Origin Achieving Level 4+; in English,Pupils of Mixed Origin Achieving Level 4+; in Mathematics,Pupils of Mixed Origin Achieving Level 4+; in both English and Mathematics,"Pupils of Mixed Origin Achieving Level 4+; in Reading, Writing and Mathematics",Average Point Score of Pupils of Mixed Origin Eligible for KS2 Assessment,Pupils of Asian Origin Eligible for KS2 Assessment,Pupils of Asian Origin Achieving Level 4+; in English,Pupils of Asian Origin Achieving Level 4+; in Mathematics,Pupils of Asian Origin Achieving Level 4+; in both English and Mathematics,"Pupils of Asian Origin Achieving Level 4+; in Reading, Writing and Mathematics",Average Point Score of Pupils of Asian Origin Eligible for KS2 Assessment,Pupils of Black Origin Eligible for KS2 Assessment,Pupils of Black Origin Achieving Level 4+; in English,Pupils of Black Origin Achieving Level 4+; in Mathematics,Pupils of Black Origin Achieving Level 4+; in both English and Mathematics,"Pupils of Black Origin Achieving Level 4+; in Reading, Writing and Mathematics",Average Point Score of Pupils of Black Origin Eligible for KS2 Assessment,Pupils of Chinese Origin Eligible for KS2 Assessment,Pupils of Chinese Origin Achieving Level 4+; in English,Pupils of Chinese Origin Achieving Level 4+; in Mathematics,Pupils of Chinese Origin Achieving Level 4+; in both English and Mathematics,"Pupils of Chinese Origin Achieving Level 4+; in Reading, Writing and Mathematics",Average Point Score of Pupils of Chinese Origin Eligible for KS2 Assessment,Pupils of Other Ethnic Origin Eligible for KS2 Assessment,Pupils of Other Ethnic Origin Achieving Level 4+; in English,Pupils of Other Ethnic Origin Achieving Level 4+; in Mathematics,Pupils of Other Ethnic Origin Achieving Level 4+; in both English and Mathematics,"Pupils of Other Ethnic Origin Achieving Level 4+; in Reading, Writing and Mathematics",Average Point Score of Pupils of Other Ethnic Origin Eligible for KS2 Assessment,Pupils of Unclassified Origin Eligible for KS2 Assessment,Pupils of Unclassified Origin Achieving Level 4+; in English,Pupils of Unclassified Origin Achieving Level 4+; in Mathematics,Pupils of Unclassified Origin Achieving Level 4+; in both English and Mathematics,"Pupils of Unclassified Origin Achieving Level 4+; in Reading, Writing and Mathematics",Average Point Score of Pupils of Unclassified Origin Eligible for KS2 Assessment
,,,,,,,,,MEASUREMENT_UNIT,Count,Percentage,Percentage,Percentage,Percentage,Score,Count,Percentage,Percentage,Percentage,Percentage,Score,Count,Percentage,Percentage,Percentage,Percentage,Score,Count,Percentage,Percentage,Percentage,Percentage,Score,Count,Percentage,Percentage,Percentage,Percentage,Score,Count,Percentage,Percentage,Percentage,Percentage,Score,Count,Percentage,Percentage,Percentage,Percentage,Score,Count,Percentage,Percentage,Percentage,Percentage,Score
,,,,,,,,,STATISTICAL_UNIT,Persons,Persons,Persons,Persons,Persons,Persons,Persons,Persons,Persons,Persons,Persons,Persons,Persons,Persons,Persons,Persons,Persons,Persons,Persons,Persons,Persons,Persons,Persons,Persons,Persons,Persons,Persons,Persons,Persons,Persons,Persons,Persons,Persons,Persons,Persons,Persons,Persons,Persons,Persons,Persons,Persons,Persons,Persons,Persons,Persons,Persons,Persons,Persons
GOR_CODE,GOR_NAME,CTY_CODE,CTY_NAME,LA_CODE,LA_NAME,FLA_CODE,FLA_NAME,AREA_METADATA,,DATA_VALUE,DATA_VALUE,DATA_VALUE,DATA_VALUE,DATA_VALUE,DATA_VALUE,DATA_VALUE,DATA_VALUE,DATA_VALUE,DATA_VALUE,DATA_VALUE,DATA_VALUE,DATA_VALUE,DATA_VALUE,DATA_VALUE,DATA_VALUE,DATA_VALUE,DATA_VALUE,DATA_VALUE,DATA_VALUE,DATA_VALUE,DATA_VALUE,DATA_VALUE,DATA_VALUE,DATA_VALUE,DATA_VALUE,DATA_VALUE,DATA_VALUE,DATA_VALUE,DATA_VALUE,DATA_VALUE,DATA_VALUE,DATA_VALUE,DATA_VALUE,DATA_VALUE,DATA_VALUE,DATA_VALUE,DATA_VALUE,DATA_VALUE,DATA_VALUE,DATA_VALUE,DATA_VALUE,DATA_VALUE,DATA_VALUE,DATA_VALUE,DATA_VALUE,DATA_VALUE,DATA_VALUE
"A","North East",,,"00EJ","Durham","20UB","Chester-le-Street",,,582,87,86,81,74,28.3,x,x,x,x,x,28.4,8,x,x,x,x,27.4,x,x,x,x,x,26.3,x,x,x,x,x,33,0,.,.,.,.,.,x,x,x,x,x,27,x,x,x,x,x,33
"A","North East",,,"00EJ","Durham","20UD","Derwentside",,,843,82,84,77,63,27.5,833,82,84,77,64,27.5,5,x,x,x,x,29.4,x,x,x,x,x,33,0,.,.,.,.,.,x,x,x,x,x,30,x,x,x,x,x,24,0,.,.,.,.,.
"A","North East",,,"00EJ","Durham","20UE","Durham",,,661,86,84,79,70,28.3,637,86,84,79,70,28.2,4,x,x,x,x,29.3,11,x,x,x,x,29.6,x,x,x,x,x,31,x,x,x,x,x,33,5,x,x,x,x,23.4,0,.,.,.,.,.
"A","North East",,,"00EJ","Durham","20UF","Easington",,,667,79,82,74,63,27.3,656,79,82,74,63,27.3,5,x,x,x,x,28.2,x,x,x,x,x,22.5,0,.,.,.,.,.,x,x,x,x,x,30,x,x,x,x,x,27,0,.,.,.,.,.
"A","North East",,,"00EJ","Durham","20UG","Sedgefield",,,742,75,82,72,62,27.1,729,75,81,72,62,27.1,x,x,x,x,x,26.1,0,.,.,.,.,.,x,x,x,x,x,30,0,.,.,.,.,.,x,x,x,x,x,27,0,.,.,.,.,.
"A","North East",,,"00EJ","Durham","20UH","Teesdale",,,146,..,..,..,..,..,x,..,..,..,..,..,x,..,..,..,..,..,0,..,..,..,..,..,0,..,..,..,..,..,0,..,..,..,..,..,0,..,..,..,..,..,0,..,..,..,..,..
"A","North East",,,"00EJ","Durham","20UJ","Wear Valley",,,624,80,83,75,66,27.8,617,80,83,75,66,27.8,x,x,x,x,x,30,x,x,x,x,x,33,0,.,.,.,.,.,0,.,.,.,.,.,0,.,.,.,.,.,x,x,x,x,x,33
"A","North East",,,"00EM","Northumberland","35UB","Alnwick",,,380,80,78,71,64,27.4,373,80,77,71,64,27.4,x,x,x,x,x,25.5,x,x,x,x,x,33,0,.,.,.,.,.,0,.,.,.,.,.,x,x,x,x,x,30,x,x,x,x,x,33
"A","North East",,,"00EM","Northumberland","35UC","Berwick-upon-Tweed",,,244,84,79,73,63,27.3,236,84,79,73,62,27.3,x,x,x,x,x,30,x,x,x,x,x,24,0,.,.,.,.,.,0,.,.,.,.,.,0,.,.,.,.,.,x,x,x,x,x,33
"A","North East",,,"00EM","Northumberland","35UD","Blyth Valley",,,849,75,70,63,55,26.6,830,74,70,63,55,26.5,6,100,x,x,x,29,5,100,100,100,100,30.6,0,.,.,.,.,.,0,.,.,.,.,.,0,.,.,.,.,.,8,63,x,x,x,24.4
"A","North East",,,"00EM","Northumberland","35UE","Castle Morpeth",,,491,86,83,79,73,28.4,481,86,83,80,73,28.4,x,x,x,x,x,25,5,x,x,x,x,27.6,0,.,.,.,.,.,x,x,x,x,x,27,0,.,.,.,.,.,0,.,.,.,.,.
"A","North East",,,"00EM","Northumberland","35UF","Tynedale",,,610,85,80,77,68,27.9,604,85,80,77,68,27.9,x,x,x,x,x,30.8,x,x,x,x,x,21,x,x,x,x,x,30,0,.,.,.,.,.,0,.,.,.,.,.,0,.,.,.,.,.
"A","North East",,,"00EM","Northumberland","35UG","Wansbeck",,,572,76,72,66,58,26.5,552,76,72,66,57,26.5,5,100,x,x,x,27,10,x,60,60,60,26.7,x,x,x,x,x,30,x,x,x,x,x,30,0,.,.,.,.,.,x,x,x,x,x,25
"B","North West",,,"00EQ","Cheshire East","13UC","Congleton",,,702,88,85,82,73,28.5,670,88,85,81,73,28.5,13,x,x,x,x,29.8,x,x,x,x,x,28.5,x,x,x,x,x,33,x,x,x,x,x,27,x,x,x,x,x,30,12,x,x,x,75,28.8
"B","North West",,,"00EQ","Cheshire East","13UD","Crewe and Nantwich",,,949,82,82,76,69,28,905,82,82,76,69,27.9,22,86,86,82,73,28.6,x,x,x,x,x,29.6,x,x,x,x,x,27.8,x,x,x,x,x,32,x,x,x,x,x,21,6,x,50,50,33,25.5
"B","North West",,,"00EQ","Cheshire East","13UG","Macclesfield",,,1223,87,86,82,75,28.5,1164,88,86,82,75,28.5,24,x,x,x,x,30.1,14,64,64,64,64,26.3,4,x,x,x,x,26.3,4,x,100,x,x,28.5,6,100,x,x,x,29.5,7,x,x,x,57,25.3
"B","North West",,,"00EW","Cheshire West and Chester","13UB","Chester",,,826,83,81,76,69,27.8,796,83,82,76,69,27.9,18,83,78,78,78,28,7,43,57,43,43,24.9,x,x,x,x,x,22,x,x,x,x,x,30,x,x,x,x,x,33,0,.,.,.,.,.
"B","North West",,,"00EW","Cheshire West and Chester","13UE","Ellesmere Port & Neston",,,538,81,81,76,68,27.7,522,82,81,76,68,27.7,5,x,100,x,x,28.2,4,100,x,x,x,30,x,x,x,x,x,21,x,x,x,x,x,33,x,x,x,x,x,24,x,x,x,x,x,27
"B","North West",,,"00EW","Cheshire West and Chester","13UH","Vale Royal",,,1219,84,84,79,68,28,1175,84,84,79,67,27.9,14,x,100,x,x,29.1,5,100,x,x,x,30.6,x,x,x,x,x,18,6,x,100,x,x,28.5,3,100,100,100,100,31,x,x,x,x,x,28.4
"F","West Midlands",,,"00GG","Shropshire","39UB","Bridgnorth",,,433,80,78,73,64,27.5,422,81,78,73,65,27.5,x,x,x,x,x,28.5,x,x,x,x,x,27,0,.,.,.,.,.,0,.,.,.,.,.,0,.,.,.,.,.,6,50,50,50,50,25
"F","West Midlands",,,"00GG","Shropshire","39UC","North Shropshire",,,604,80,79,73,65,27.6,586,79,79,73,64,27.5,9,100,x,x,67,29.3,x,x,x,x,x,27,0,.,.,.,.,.,x,x,x,x,x,28,x,x,x,x,x,33,3,100,100,100,67,31
"F","West Midlands",,,"00GG","Shropshire","39UD","Oswestry",,,376,83,80,75,67,27.6,366,83,80,76,67,27.5,6,x,x,x,x,29,x,x,x,x,x,24,0,.,.,.,.,.,0,.,.,.,.,.,0,.,.,.,.,.,x,x,x,x,x,30
"F","West Midlands",,,"00GG","Shropshire","39UE","Shrewsbury and Atcham",,,872,81,79,73,61,27.6,848,81,78,72,61,27.5,13,x,x,x,77,28.8,4,100,100,100,100,30.8,x,x,x,x,x,28.5,x,x,x,x,x,33,0,.,.,.,.,.,x,x,x,x,x,27
"F","West Midlands",,,"00GG","Shropshire","39UF","South Shropshire",,,389,83,80,74,63,27.6,384,83,80,74,63,27.6,x,x,x,x,x,28.5,x,x,x,x,x,33,0,.,.,.,.,.,0,.,.,.,.,.,0,.,.,.,.,.,x,x,x,x,x,30
"G","East of England",,,"00KC","Central Bedfordshire","09UC","Mid Bedfordshire",,,1497,83,80,74,67,27.8,1410,83,80,74,66,27.8,45,87,78,78,76,28.1,23,83,x,78,78,27.9,6,x,100,x,x,27,6,x,100,x,x,31,x,x,x,x,x,27,x,x,x,x,x,33
"G","East of England",,,"00KC","Central Bedfordshire","09UE","South Bedfordshire",,,1173,78,78,70,58,27.3,1083,78,78,71,59,27.3,41,73,71,61,54,26.8,15,80,x,73,67,26.2,23,x,57,x,x,25.6,5,x,100,x,x,30,x,x,x,x,x,27,x,x,x,x,x,26
"K","South West",,,"00HE","Cornwall","15UB","Caradon",,,340,78,78,71,61,27.7,325,78,78,71,62,27.7,x,x,x,x,x,30.8,x,x,x,x,x,15,0,.,.,.,.,.,x,x,x,x,x,21,x,x,x,x,x,21,7,x,100,x,57,28.7
"K","South West",,,"00HE","Cornwall","15UC","Carrick",,,448,..,..,..,..,..,436,..,..,..,..,..,9,..,..,..,..,..,0,..,..,..,..,..,0,..,..,..,..,..,0,..,..,..,..,..,0,..,..,..,..,..,3,..,..,..,..,..
"K","South West",,,"00HE","Cornwall","15UD","Kerrier",,,670,78,81,72,60,27.2,645,79,81,73,60,27.3,16,x,x,81,56,27.8,x,x,x,x,x,24,0,.,.,.,.,.,x,x,x,x,x,25.5,x,x,x,x,x,27,x,x,x,x,x,19.2
"K","South West",,,"00HE","Cornwall","15UE","North Cornwall",,,488,77,76,68,57,26.9,470,77,76,68,56,26.9,4,x,100,x,x,27.8,x,x,x,x,x,24,0,.,.,.,.,.,0,.,.,.,.,.,x,x,x,x,x,21,10,x,x,x,60,28.5
"K","South West",,,"00HE","Cornwall","15UF","Penwith",,,238,..,..,..,..,..,227,..,..,..,..,..,x,..,..,..,..,..,0,..,..,..,..,..,0,..,..,..,..,..,0,..,..,..,..,..,x,..,..,..,..,..,x,..,..,..,..,..
"K","South West",,,"00HE","Cornwall","15UG","Restormel",,,741,76,78,69,58,26.9,727,76,77,69,58,26.9,6,100,100,100,100,31.5,3,x,x,x,x,24,x,x,x,x,x,24,0,.,.,.,.,.,x,x,x,x,x,30,x,x,x,x,x,29
"K","South West",,,"00HY","Wiltshire","46UB","Kennet",,,878,84,83,78,68,28,857,84,83,78,68,28,8,100,x,x,x,28.1,3,100,100,100,100,29,x,x,x,x,x,26,x,x,x,x,x,33,x,x,x,x,x,24,3,x,100,x,33,27
"K","South West",,,"00HY","Wiltshire","46UC","North Wiltshire",,,1535,82,80,75,66,27.7,1454,82,80,75,66,27.7,38,82,82,76,58,27.7,14,x,x,x,x,28.9,7,43,43,x,x,22.7,x,x,x,x,x,22.5,x,x,x,x,x,24.8,14,x,x,x,86,29.6
"K","South West",,,"00HY","Wiltshire","46UD","Salisbury",,,1115,82,78,73,63,27.6,1052,82,79,74,64,27.7,23,87,x,x,x,28,11,x,73,64,x,27.3,x,x,x,x,x,24.9,x,x,x,x,x,27,11,x,73,73,55,26.7,10,x,60,x,50,28.3
"K","South West",,,"00HY","Wiltshire","46UF","West Wiltshire",,,1205,80,78,73,64,27.4,1151,80,78,73,64,27.4,28,79,86,79,68,27.8,6,100,x,x,x,27,8,x,50,50,50,25.9,x,x,x,x,x,33,x,x,x,x,x,28.2,6,x,x,x,67,26.5