DATASET_TITLE,National Statistics Socio-economic Classification - Workplace Population (UV76),,,,,,,,,,FROM,Apr-2001,Apr-2001,Apr-2001,Apr-2001,Apr-2001,Apr-2001,Apr-2001,Apr-2001,Apr-2001,Apr-2001,Apr-2001,Apr-2001
AREA_TYPE,Region,,,,,,,,,,TO,Apr-2001,Apr-2001,Apr-2001,Apr-2001,Apr-2001,Apr-2001,Apr-2001,Apr-2001,Apr-2001,Apr-2001,Apr-2001,Apr-2001
GEO_HIERARCHY,2003 Administrative Hierarchy,,,,,,,,,,HEADING,All People,1. Higher managerial and professional occupations,1.1 Large employers and higher managerial occupations,1.2 Higher professional occupations,2. Lower managerial and professional occupations,3. Intermediate occupations,4. Small employers and own account workers,5. Lower supervisory and technical occupations,6. Semi-routine occupations,7. Routine occupations,8. Never worked and long-term unemployed,Not classified
,,,,,,,,,,,MEASUREMENT_UNIT,Count,Count,Count,Count,Count,Count,Count,Count,Count,Count,Count,Count
,,,,,,,,,,,STATISTICAL_UNIT,Persons,Persons,Persons,Persons,Persons,Persons,Persons,Persons,Persons,Persons,Persons,Persons
UK_CODE,UK_NAME,GB_CODE,GB_NAME,EW_CODE,EW_NAME,CTRY_CODE,CTRY_NAME,GOR_CODE,GOR_NAME,AREA_METADATA,,DATA_VALUE,DATA_VALUE,DATA_VALUE,DATA_VALUE,DATA_VALUE,DATA_VALUE,DATA_VALUE,DATA_VALUE,DATA_VALUE,DATA_VALUE,DATA_VALUE,DATA_VALUE
"213","United Kingdom","078","Great Britain","727","England and Wales","064","England",,,,,22376120,2788503,1119147,1669356,5894858,2883867,2182121,2150772,3252341,2433321,0,790337
"213","United Kingdom","078","Great Britain","727","England and Wales","220","Wales",,,,,1152932,104314,37632,66682,277498,136890,125563,130773,190839,147770,0,39285
"213","United Kingdom","078","Great Britain","727","England and Wales",,,,,,,23529052,2892817,1156779,1736038,6172356,3020757,2307684,2281545,3443180,2581091,0,829622
"213","United Kingdom","078","Great Britain","727","England and Wales","064","England","A","North East",,,1010676,91430,36182,55248,239171,138956,74354,114202,175310,143692,0,33561
"213","United Kingdom","078","Great Britain","727","England and Wales","064","England","B","North West",,,2902784,309473,122842,186631,720836,389073,265457,302857,459253,350399,0,105436
"213","United Kingdom","078","Great Britain","727","England and Wales","064","England","D","Yorkshire and The Humber",,,2171694,213088,88383,124705,517700,271185,203576,233848,359401,297206,0,75690
"213","United Kingdom","078","Great Britain","727","England and Wales","064","England","E","East Midlands",,,1825196,180975,77526,103449,427162,210992,181353,202735,294054,265864,0,62061
"213","United Kingdom","078","Great Britain","727","England and Wales","064","England","F","West Midlands",,,2323503,246334,105017,141317,563635,283134,217470,246542,388054,299275,0,79059
"213","United Kingdom","078","Great Britain","727","England and Wales","064","England","G","East of England",,,2383212,277352,111952,165400,607256,299977,266234,233594,357692,258499,0,82608
"213","United Kingdom","078","Great Britain","727","England and Wales","064","England","H","London",,,3805655,722771,283071,439700,1244842,535533,306742,251494,380810,236026,0,127437
"213","United Kingdom","078","Great Britain","727","England and Wales","064","England","J","South East",,,3696580,510659,204144,306515,1004829,480969,393609,335824,490423,336936,0,143331
"213","United Kingdom","078","Great Britain","727","England and Wales","064","England","K","South West",,,2256820,236421,90030,146391,569427,274048,273326,229676,347344,245424,0,81154