DATASET_TITLE,Sex (UV03),,,,,,FROM,Apr-2001,Apr-2001,Apr-2001
AREA_TYPE,Local Authority,,,,,,TO,Apr-2001,Apr-2001,Apr-2001
GEO_HIERARCHY,NeSS Geography Hierarchy,,,,,,HEADING,All People,Males,Females
,,,,,,,MEASUREMENT_UNIT,Count,Count,Count
,,,,,,,STATISTICAL_UNIT,Persons,Persons,Persons
GOR_CODE,GOR_NAME,CTY_CODE,CTY_NAME,LA_CODE,LA_NAME,AREA_METADATA,,DATA_VALUE,DATA_VALUE,DATA_VALUE
"K","South West",,,"00HA","Bath and North East Somerset",,,169040,82143,86897
"K","South West",,,"00HB","Bristol, City of",,,380615,185660,194955
"K","South West",,,"00HC","North Somerset",,,188564,91632,96932
"K","South West",,,"00HD","South Gloucestershire",,,245641,121441,124200
"K","South West",,,"00HG","Plymouth",,,240720,117571,123149
"K","South West",,,"00HH","Torbay",,,129706,61773,67933
"K","South West",,,"00HN","Bournemouth",,,163444,78434,85010
"K","South West",,,"00HP","Poole",,,138288,66055,72233
"K","South West",,,"00HX","Swindon",,,180051,89560,90491
"K","South West","15","Cornwall and Isles of Scilly","15UB","Caradon",,,79649,38576,41073
"K","South West","15","Cornwall and Isles of Scilly","15UC","Carrick",,,87865,41909,45956
"K","South West","15","Cornwall and Isles of Scilly","15UD","Kerrier",,,92517,45081,47436
"K","South West","15","Cornwall and Isles of Scilly","15UE","North Cornwall",,,80509,39059,41450
"K","South West","15","Cornwall and Isles of Scilly","15UF","Penwith",,,63012,30200,32812
"K","South West","15","Cornwall and Isles of Scilly","15UG","Restormel",,,95562,46590,48972
"K","South West","15","Cornwall and Isles of Scilly","15UH","Isles of Scilly",,,2153,1072,1081
"K","South West","18","Devon","18UB","East Devon",,,125520,59203,66317
"K","South West","18","Devon","18UC","Exeter",,,111076,53944,57132
"K","South West","18","Devon","18UD","Mid Devon",,,69774,34097,35677
"K","South West","18","Devon","18UE","North Devon",,,87508,42489,45019
"K","South West","18","Devon","18UG","South Hams",,,81849,39587,42262
"K","South West","18","Devon","18UH","Teignbridge",,,120958,57923,63035
"K","South West","18","Devon","18UK","Torridge",,,58965,28820,30145
"K","South West","18","Devon","18UL","West Devon",,,48843,23950,24893
"K","South West","19","Dorset","19UC","Christchurch",,,44865,21130,23735
"K","South West","19","Dorset","19UD","East Dorset",,,83786,39974,43812
"K","South West","19","Dorset","19UE","North Dorset",,,61905,30820,31085
"K","South West","19","Dorset","19UG","Purbeck",,,44416,21521,22895
"K","South West","19","Dorset","19UH","West Dorset",,,92360,44075,48285
"K","South West","19","Dorset","19UJ","Weymouth and Portland",,,63648,31260,32388
"K","South West","23","Gloucestershire","23UB","Cheltenham",,,110013,53379,56634
"K","South West","23","Gloucestershire","23UC","Cotswold",,,80376,39063,41313
"K","South West","23","Gloucestershire","23UD","Forest of Dean",,,79982,39010,40972
"K","South West","23","Gloucestershire","23UE","Gloucester",,,109885,54003,55882
"K","South West","23","Gloucestershire","23UF","Stroud",,,107898,52908,54990
"K","South West","23","Gloucestershire","23UG","Tewkesbury",,,76405,37150,39255
"K","South West","40","Somerset","40UB","Mendip",,,103869,50725,53144
"K","South West","40","Somerset","40UC","Sedgemoor",,,105881,51589,54292
"K","South West","40","Somerset","40UD","South Somerset",,,150969,73805,77164
"K","South West","40","Somerset","40UE","Taunton Deane",,,102299,49204,53095
"K","South West","40","Somerset","40UF","West Somerset",,,35075,16637,18438
"K","South West","46","Wiltshire","46UB","Kennet",,,74838,37550,37288
"K","South West","46","Wiltshire","46UC","North Wiltshire",,,125372,62027,63345
"K","South West","46","Wiltshire","46UD","Salisbury",,,114613,56120,58493
"K","South West","46","Wiltshire","46UF","West Wiltshire",,,118150,57696,60454