DATASET_TITLE,Household Composition - Households (UV65),,,,,,,,FROM,Apr-2001,Apr-2001,Apr-2001,Apr-2001,Apr-2001,Apr-2001,Apr-2001,Apr-2001,Apr-2001,Apr-2001,Apr-2001,Apr-2001,Apr-2001,Apr-2001,Apr-2001,Apr-2001,Apr-2001,Apr-2001,Apr-2001,Apr-2001,Apr-2001,Apr-2001,Apr-2001,Apr-2001,Apr-2001,Apr-2001
AREA_TYPE,Super Output Area Middle Layer,,,,,,,,TO,Apr-2001,Apr-2001,Apr-2001,Apr-2001,Apr-2001,Apr-2001,Apr-2001,Apr-2001,Apr-2001,Apr-2001,Apr-2001,Apr-2001,Apr-2001,Apr-2001,Apr-2001,Apr-2001,Apr-2001,Apr-2001,Apr-2001,Apr-2001,Apr-2001,Apr-2001,Apr-2001,Apr-2001,Apr-2001,Apr-2001
GEO_HIERARCHY,NeSS Geography Hierarchy,,,,,,,,HEADING,All Households,One person,One person: Pensioner,One person: Other,One family and no others,One family and no others: All pensioners,One family and no others: Married couple households,One family and no others: Married couple households: No children,One family and no others: Married couple households: With one dependent child,One family and no others: Married couple households: With two or more dependent children,One family and no others: Married couple households: All children non-dependent,One family and no others: Cohabiting couple family households,One family and no others: Cohabiting couple family households: No children,One family and no others: Cohabiting couple family households: With one dependent child,One family and no others: Cohabiting couple family households: With two or more dependent children,One family and no others: Cohabiting couple family households: All children non-dependent,One family and no others: Lone parent households,One family and no others: Lone parent households: With one dependent child,One family and no others: Lone parent households: With two or more dependent children,One family and no others: Lone parent households: All children non-dependent,Other households,Other households: With one dependent child,Other households: With two or more dependent children,Other households: All student,Other households: All pensioner,Other households: Other
,,,,,,,,,MEASUREMENT_UNIT,Count,Count,Count,Count,Count,Count,Count,Count,Count,Count,Count,Count,Count,Count,Count,Count,Count,Count,Count,Count,Count,Count,Count,Count,Count,Count
,,,,,,,,,STATISTICAL_UNIT,Households,Households,Households,Households,Households,Households,Households,Households,Households,Households,Households,Households,Households,Households,Households,Households,Households,Households,Households,Households,Households,Households,Households,Households,Households,Households
GOR_CODE,GOR_NAME,CTY_CODE,CTY_NAME,LA_CODE,LA_NAME,MSOA_CODE,MSOA_NAME,AREA_METADATA,,DATA_VALUE,DATA_VALUE,DATA_VALUE,DATA_VALUE,DATA_VALUE,DATA_VALUE,DATA_VALUE,DATA_VALUE,DATA_VALUE,DATA_VALUE,DATA_VALUE,DATA_VALUE,DATA_VALUE,DATA_VALUE,DATA_VALUE,DATA_VALUE,DATA_VALUE,DATA_VALUE,DATA_VALUE,DATA_VALUE,DATA_VALUE,DATA_VALUE,DATA_VALUE,DATA_VALUE,DATA_VALUE,DATA_VALUE
,,,,"00NA","Isle of Anglesey","W02000001","Isle of Anglesey 001",,,3052,834,484,350,2046,339,1176,444,184,345,203,222,103,58,52,9,309,104,93,112,172,36,23,0,26,87
,,,,"00NA","Isle of Anglesey","W02000002","Isle of Anglesey 002",,,2727,708,465,243,1856,376,1112,457,180,285,190,163,77,36,41,9,205,63,61,81,163,30,27,3,10,93
,,,,"00NA","Isle of Anglesey","W02000003","Isle of Anglesey 003",,,4455,1569,735,834,2660,309,1303,456,235,364,248,358,167,84,95,12,690,273,228,189,226,50,41,0,24,111
,,,,"00NA","Isle of Anglesey","W02000004","Isle of Anglesey 004",,,3158,843,460,383,2139,351,1305,557,200,317,231,197,99,52,39,7,286,93,76,117,176,41,37,0,19,79
,,,,"00NA","Isle of Anglesey","W02000005","Isle of Anglesey 005",,,3895,1140,708,432,2537,534,1404,605,193,377,229,252,136,53,51,12,347,116,103,128,218,34,40,3,34,107
,,,,"00NA","Isle of Anglesey","W02000006","Isle of Anglesey 006",,,2593,741,423,318,1722,257,930,303,139,289,199,220,93,60,51,16,315,111,84,120,130,27,24,0,13,66
,,,,"00NA","Isle of Anglesey","W02000007","Isle of Anglesey 007",,,2780,831,436,395,1789,237,1098,405,166,339,188,166,73,41,47,5,288,94,93,101,160,30,32,0,12,86
,,,,"00NA","Isle of Anglesey","W02000008","Isle of Anglesey 008",,,2628,803,446,357,1706,262,1026,354,180,335,157,175,100,44,26,5,243,92,72,79,119,17,10,10,8,74
,,,,"00NA","Isle of Anglesey","W02000009","Isle of Anglesey 009",,,3069,820,423,397,2083,307,1235,453,175,374,233,226,127,43,52,4,315,110,86,119,166,37,30,0,13,86
,,,,"00NC","Gwynedd","W02000010","Gwynedd 001",,,2732,1102,434,668,1149,139,534,200,84,163,87,220,149,33,33,5,256,103,70,83,481,28,15,256,12,170
,,,,"00NC","Gwynedd","W02000011","Gwynedd 002",,,2861,768,442,326,1871,252,996,291,181,340,184,214,76,59,66,13,409,152,138,119,222,38,24,64,10,86
,,,,"00NC","Gwynedd","W02000012","Gwynedd 003",,,3314,972,462,510,2145,245,1229,358,222,420,229,316,164,66,79,7,355,138,110,107,197,35,41,14,18,89
,,,,"00NC","Gwynedd","W02000013","Gwynedd 004",,,2527,739,348,391,1657,174,1028,321,182,335,190,227,126,48,50,3,228,72,69,87,131,24,24,3,10,70
,,,,"00NC","Gwynedd","W02000014","Gwynedd 005",,,2828,884,404,480,1799,197,993,326,152,313,202,271,135,57,69,10,338,105,99,134,145,19,30,3,9,84
,,,,"00NC","Gwynedd","W02000015","Gwynedd 006",,,3359,1055,544,511,2120,309,1080,315,195,354,216,265,96,68,87,14,466,174,151,141,184,37,41,5,17,84
,,,,"00NC","Gwynedd","W02000016","Gwynedd 007",,,2582,815,469,346,1637,242,953,294,152,315,192,220,117,47,50,6,222,72,68,82,130,26,28,0,12,64
,,,,"00NC","Gwynedd","W02000017","Gwynedd 008",,,3078,929,529,400,1993,280,1169,438,163,348,220,230,116,48,57,9,314,107,100,107,156,24,28,3,23,78
,,,,"00NC","Gwynedd","W02000018","Gwynedd 009",,,2759,983,543,440,1660,245,901,295,120,311,175,210,96,47,59,8,304,103,102,99,116,14,19,0,15,68
,,,,"00NC","Gwynedd","W02000019","Gwynedd 010",,,3128,1057,579,478,1918,365,1039,372,158,322,187,231,103,64,59,5,283,104,68,111,153,22,29,3,21,78
,,,,"00NC","Gwynedd","W02000020","Gwynedd 011",,,2799,837,496,341,1808,347,1029,350,139,353,187,180,94,35,44,7,252,72,68,112,154,30,35,0,17,72
,,,,"00NC","Gwynedd","W02000021","Gwynedd 012",,,3419,1215,707,508,2041,373,1142,398,183,346,215,240,115,46,70,9,286,83,64,139,163,32,28,0,18,85
,,,,"00NC","Gwynedd","W02000022","Gwynedd 013",,,2730,936,576,360,1667,347,952,439,120,255,138,179,93,41,38,7,189,65,61,63,127,27,22,0,20,58
,,,,"00NC","Gwynedd","W02000023","Gwynedd 014",,,2472,731,437,294,1592,327,916,397,107,241,171,154,98,22,27,7,195,54,57,84,149,26,32,0,16,75
,,,,"00NC","Gwynedd","W02000024","Gwynedd 015",,,2359,742,398,344,1501,254,873,295,131,280,167,157,87,29,36,5,217,83,46,88,116,13,10,0,21,72
,,,,"00NC","Gwynedd","W02000025","Gwynedd 016",,,2885,998,544,454,1757,284,972,387,148,261,176,234,101,68,55,10,267,101,87,79,130,20,17,0,22,71
,,,,"00NC","Gwynedd","W02000026","Gwynedd 017",,,3404,1134,681,453,2104,547,1070,517,142,260,151,230,107,51,65,7,257,82,77,98,166,22,30,0,24,90
,,,,"00NE","Conwy","W02000027","Conwy 001",,,4168,1926,1021,905,1980,425,928,407,161,218,142,294,188,61,34,11,333,125,86,122,262,34,45,0,29,154
,,,,"00NE","Conwy","W02000028","Conwy 002",,,2978,936,543,393,1878,416,906,361,134,263,148,216,86,53,67,10,340,123,124,93,164,35,37,0,25,67
,,,,"00NE","Conwy","W02000029","Conwy 003",,,2778,877,597,280,1794,485,951,405,182,255,109,187,128,37,19,3,171,69,46,56,107,17,10,3,22,55
,,,,"00NE","Conwy","W02000030","Conwy 004",,,2788,1160,867,293,1517,467,744,322,110,203,109,122,75,20,22,5,184,61,60,63,111,16,17,0,23,55
,,,,"00NE","Conwy","W02000031","Conwy 005",,,3387,938,536,402,2242,437,1181,523,196,292,170,293,136,77,64,16,331,120,115,96,207,34,48,0,28,97
,,,,"00NE","Conwy","W02000032","Conwy 006",,,3327,1027,697,330,2136,562,1131,468,195,287,181,200,112,45,34,9,243,86,70,87,164,25,32,0,22,85
,,,,"00NE","Conwy","W02000033","Conwy 007",,,2572,1011,503,508,1406,225,761,271,126,241,123,178,79,32,64,3,242,104,78,60,155,24,35,0,14,82
,,,,"00NE","Conwy","W02000034","Conwy 008",,,2893,859,489,370,1913,314,1132,392,222,366,152,212,87,64,54,7,255,95,94,66,121,29,27,0,11,54
,,,,"00NE","Conwy","W02000035","Conwy 009",,,3440,884,472,412,2371,339,1284,461,237,376,210,301,135,73,89,4,447,164,159,124,185,31,44,3,15,92
,,,,"00NE","Conwy","W02000036","Conwy 010",,,4753,1660,1077,583,2891,846,1394,647,201,352,194,247,152,46,41,8,404,145,122,137,202,29,43,0,41,89
,,,,"00NE","Conwy","W02000037","Conwy 011",,,2926,837,493,344,1945,324,1082,418,174,324,166,250,112,67,60,11,289,100,85,104,144,25,27,0,13,79
,,,,"00NE","Conwy","W02000038","Conwy 012",,,2647,861,489,372,1657,299,907,348,170,242,147,203,106,41,46,10,248,98,68,82,129,19,20,0,10,80
,,,,"00NE","Conwy","W02000039","Conwy 013",,,3246,1064,549,515,1998,314,1122,443,209,316,154,280,137,69,60,14,282,93,95,94,184,22,38,0,12,112
,,,,"00NE","Conwy","W02000040","Conwy 014",,,2534,615,323,292,1798,249,1195,411,159,389,236,165,92,30,39,4,189,53,54,82,121,22,26,0,19,54
,,,,"00NE","Conwy","W02000041","Conwy 015",,,3622,1084,566,518,2344,396,1357,516,223,376,242,297,159,65,64,9,294,83,94,117,194,38,25,0,23,108
,,,,"00NG","Denbighshire","W02000042","Denbighshire 001",,,2396,859,580,279,1433,411,688,282,108,179,119,141,65,23,47,6,193,62,55,76,104,19,17,0,17,51
,,,,"00NG","Denbighshire","W02000043","Denbighshire 002",,,2343,711,430,281,1499,259,777,241,141,269,126,187,95,33,53,6,276,98,103,75,133,28,40,3,14,48
,,,,"00NG","Denbighshire","W02000044","Denbighshire 003",,,2487,829,510,319,1552,384,818,315,143,212,148,159,80,35,30,14,191,62,58,71,106,25,19,0,13,49
,,,,"00NG","Denbighshire","W02000045","Denbighshire 004",,,4069,1801,818,983,2021,364,983,401,148,261,173,289,163,45,66,15,385,149,116,120,247,51,60,0,16,120
,,,,"00NG","Denbighshire","W02000046","Denbighshire 005",,,2408,667,375,292,1648,259,908,308,158,317,125,207,90,58,55,4,274,118,78,78,93,23,9,0,15,46
,,,,"00NG","Denbighshire","W02000047","Denbighshire 006",,,2055,609,336,273,1306,132,587,177,114,207,89,200,59,55,74,12,387,138,157,92,140,38,42,0,14,46
,,,,"00NG","Denbighshire","W02000048","Denbighshire 007",,,2264,657,396,261,1494,312,741,290,124,212,115,179,69,54,46,10,262,114,87,61,113,24,20,0,13,56
,,,,"00NG","Denbighshire","W02000049","Denbighshire 008",,,2599,716,396,320,1758,258,1048,396,167,320,165,202,91,46,54,11,250,84,85,81,125,38,25,0,13,49
,,,,"00NG","Denbighshire","W02000050","Denbighshire 009",,,2758,822,430,392,1830,298,1019,404,173,266,176,252,137,51,53,11,261,108,78,75,106,24,22,0,7,53
,,,,"00NG","Denbighshire","W02000051","Denbighshire 010",,,2285,770,468,302,1420,241,862,317,138,251,156,147,81,29,28,9,170,47,49,74,95,20,17,0,13,45
,,,,"00NG","Denbighshire","W02000052","Denbighshire 011",,,2227,784,372,412,1331,146,682,239,116,192,135,206,106,44,48,8,297,111,86,100,112,26,28,0,9,49
,,,,"00NG","Denbighshire","W02000053","Denbighshire 012",,,2538,732,438,294,1709,255,1058,330,174,355,199,195,100,42,47,6,201,67,58,76,97,23,23,0,10,41
,,,,"00NG","Denbighshire","W02000054","Denbighshire 013",,,2397,648,362,286,1655,271,1066,399,187,307,173,169,116,22,28,3,149,46,37,66,94,19,17,0,10,48
,,,,"00NG","Denbighshire","W02000055","Denbighshire 014",,,2350,870,543,327,1389,264,765,279,107,251,128,158,78,33,37,10,202,78,53,71,91,12,12,0,12,55
,,,,"00NG","Denbighshire","W02000056","Denbighshire 015",,,2112,565,267,298,1428,211,888,305,152,276,155,180,94,38,42,6,149,53,37,59,119,18,21,0,7,73
,,,,"00NG","Denbighshire","W02000057","Denbighshire 016",,,2604,826,456,370,1632,286,959,346,171,262,180,198,117,35,40,6,189,59,60,70,146,23,17,0,16,90
,,,,"00NJ","Flintshire","W02000058","Flintshire 001",,,2450,708,365,343,1605,247,945,408,125,280,132,188,94,44,42,8,225,65,63,97,137,25,27,3,12,70
,,,,"00NJ","Flintshire","W02000059","Flintshire 002",,,2623,635,338,297,1844,246,1122,406,184,332,200,189,102,39,40,8,287,94,76,117,144,26,41,0,18,59
,,,,"00NJ","Flintshire","W02000060","Flintshire 003",,,4309,1335,673,662,2766,322,1507,478,246,476,307,405,207,104,76,18,532,164,176,192,208,36,44,0,17,111
,,,,"00NJ","Flintshire","W02000061","Flintshire 004",,,2796,1038,615,423,1623,254,799,235,144,234,186,189,82,44,52,11,381,116,136,129,135,30,27,0,12,66
,,,,"00NJ","Flintshire","W02000062","Flintshire 005",,,2363,428,177,251,1822,158,1208,349,227,386,246,227,122,47,47,11,229,75,78,76,113,33,28,0,7,45
,,,,"00NJ","Flintshire","W02000063","Flintshire 006",,,3355,815,471,344,2367,302,1584,602,241,474,267,262,178,35,40,9,219,66,52,101,173,29,35,0,11,98
,,,,"00NJ","Flintshire","W02000064","Flintshire 007",,,2605,860,427,433,1608,179,908,309,162,242,195,204,99,46,47,12,317,117,114,86,137,28,30,0,6,73
,,,,"00NJ","Flintshire","W02000065","Flintshire 008",,,2902,620,237,383,2160,243,1303,423,235,389,256,321,191,67,56,7,293,97,97,99,122,26,18,0,6,72
,,,,"00NJ","Flintshire","W02000066","Flintshire 009",,,3739,1222,608,614,2297,268,1235,422,201,363,249,329,140,85,86,18,465,145,164,156,220,43,59,0,13,105
,,,,"00NJ","Flintshire","W02000067","Flintshire 010",,,2448,442,206,236,1900,220,1317,469,233,391,224,199,118,38,38,5,164,50,62,52,106,28,26,0,5,47
,,,,"00NJ","Flintshire","W02000068","Flintshire 011",,,2314,745,321,424,1463,207,806,281,132,254,139,181,87,34,53,7,269,94,83,92,106,21,23,0,14,48
,,,,"00NJ","Flintshire","W02000069","Flintshire 012",,,2226,496,226,270,1652,216,1079,405,179,311,184,189,114,36,32,7,168,51,58,59,78,23,15,0,4,36
,,,,"00NJ","Flintshire","W02000070","Flintshire 013",,,3833,815,452,363,2869,367,1926,671,366,597,292,292,180,47,52,13,284,98,84,102,149,29,29,0,11,80
,,,,"00NJ","Flintshire","W02000071","Flintshire 014",,,2940,611,321,290,2217,272,1468,547,247,385,289,249,158,55,29,7,228,69,75,84,112,30,23,0,7,52
,,,,"00NJ","Flintshire","W02000072","Flintshire 015",,,4332,1138,563,575,2976,317,1777,608,313,560,296,428,244,91,68,25,454,154,161,139,218,39,45,3,16,115
,,,,"00NJ","Flintshire","W02000073","Flintshire 016",,,4011,1214,678,536,2615,395,1557,481,280,469,327,269,127,57,65,20,394,120,120,154,182,41,33,0,15,93
,,,,"00NJ","Flintshire","W02000074","Flintshire 017",,,3796,1160,560,600,2460,311,1437,516,242,367,312,336,178,70,71,17,376,142,119,115,176,35,41,0,9,91
,,,,"00NJ","Flintshire","W02000075","Flintshire 018",,,2078,425,196,229,1581,175,1092,375,196,352,169,166,102,27,32,5,148,34,55,59,72,18,9,0,4,41
,,,,"00NJ","Flintshire","W02000076","Flintshire 019",,,3012,749,402,347,2138,287,1401,537,248,373,243,225,126,45,46,8,225,62,64,99,125,26,29,0,14,56
,,,,"00NJ","Flintshire","W02000077","Flintshire 020",,,2408,612,347,265,1680,223,1076,379,174,303,220,179,105,32,36,6,202,65,55,82,116,21,16,0,13,66
,,,,"00NL","Wrexham","W02000078","Wrexham 001",,,3122,735,371,364,2216,288,1484,564,247,417,256,242,139,44,52,7,202,55,45,102,171,36,28,3,15,89
,,,,"00NL","Wrexham","W02000079","Wrexham 002",,,2162,545,301,244,1547,241,1034,360,158,309,207,110,64,28,14,4,162,49,36,77,70,13,14,0,12,31
,,,,"00NL","Wrexham","W02000080","Wrexham 003",,,3045,762,414,348,2154,207,1302,407,243,382,270,315,146,63,85,21,330,118,89,123,129,30,33,0,11,55
,,,,"00NL","Wrexham","W02000081","Wrexham 004",,,2206,539,237,302,1564,116,926,301,184,259,182,258,141,66,51,0,264,88,78,98,103,24,21,3,3,52
,,,,"00NL","Wrexham","W02000082","Wrexham 005",,,2910,858,436,422,1923,216,1083,331,215,299,238,323,166,75,69,13,301,125,77,99,129,21,32,3,10,63
,,,,"00NL","Wrexham","W02000083","Wrexham 006",,,2972,818,423,395,1994,230,1178,361,225,356,236,287,137,69,71,10,299,100,78,121,160,46,37,3,10,64
,,,,"00NL","Wrexham","W02000084","Wrexham 007",,,2261,514,309,205,1681,273,1150,390,194,327,239,136,90,21,15,10,122,30,25,67,66,10,12,0,11,33
,,,,"00NL","Wrexham","W02000085","Wrexham 008",,,3791,1168,695,473,2463,440,1485,553,269,402,261,293,175,56,50,12,245,90,65,90,160,16,16,21,19,88
,,,,"00NL","Wrexham","W02000086","Wrexham 009",,,2174,701,485,216,1381,283,770,258,121,211,180,123,43,29,41,10,205,63,50,92,92,22,19,4,14,33
,,,,"00NL","Wrexham","W02000087","Wrexham 010",,,2803,874,399,475,1734,155,758,225,121,249,163,265,91,67,97,10,556,216,205,135,195,46,62,4,13,70
,,,,"00NL","Wrexham","W02000088","Wrexham 011",,,3187,1040,404,636,1879,197,1087,372,208,312,195,290,182,41,55,12,305,125,74,106,268,28,17,68,11,144
,,,,"00NL","Wrexham","W02000089","Wrexham 012",,,3323,1297,540,757,1829,181,994,387,179,249,179,309,193,66,42,8,345,138,96,111,197,33,29,15,14,106
,,,,"00NL","Wrexham","W02000090","Wrexham 013",,,2361,582,276,306,1664,189,1019,334,184,294,207,229,122,38,60,9,227,81,60,86,115,28,29,0,5,53
,,,,"00NL","Wrexham","W02000091","Wrexham 014",,,2522,681,362,319,1749,229,1097,341,219,346,191,243,154,40,40,9,180,56,42,82,92,20,16,0,12,44
,,,,"00NL","Wrexham","W02000092","Wrexham 015",,,2894,960,549,411,1760,211,924,305,168,280,171,300,144,79,65,12,325,127,71,127,174,34,37,3,16,84
,,,,"00NL","Wrexham","W02000093","Wrexham 016",,,2540,752,351,401,1693,238,1050,394,178,287,191,196,113,32,41,10,209,67,64,78,95,16,20,0,6,53
,,,,"00NL","Wrexham","W02000094","Wrexham 017",,,3603,1065,590,475,2364,296,1266,422,217,384,243,355,148,96,101,10,447,157,125,165,174,39,32,0,19,84
,,,,"00NL","Wrexham","W02000095","Wrexham 018",,,2573,559,352,207,1875,240,1236,503,183,344,206,193,126,35,23,9,206,52,45,109,139,24,21,3,12,79
,,,,"00NL","Wrexham","W02000096","Wrexham 019",,,2781,777,449,328,1875,287,1123,429,177,346,171,224,114,47,57,6,241,87,60,94,129,22,34,0,9,64
,,,,"00NN","Powys","W02000097","Powys 001",,,3596,992,580,412,2368,417,1446,538,223,447,238,264,128,57,71,8,241,79,73,89,236,43,37,0,38,118
,,,,"00NN","Powys","W02000098","Powys 002",,,2284,564,329,235,1625,316,983,383,166,295,139,187,104,34,46,3,139,49,33,57,95,19,12,0,13,51
,,,,"00NN","Powys","W02000099","Powys 003",,,2762,1005,543,462,1641,256,884,332,138,282,132,223,103,57,60,3,278,102,93,83,116,20,15,3,16,62
,,,,"00NN","Powys","W02000100","Powys 004",,,2586,795,481,314,1639,291,956,362,166,281,147,207,107,34,60,6,185,57,45,83,152,23,14,0,29,86
,,,,"00NN","Powys","W02000101","Powys 005",,,2114,553,308,245,1451,258,910,358,112,283,157,148,87,24,32,5,135,38,33,64,110,9,26,0,18,57
,,,,"00NN","Powys","W02000102","Powys 006",,,2293,616,325,291,1566,232,1005,391,153,302,159,181,85,32,53,11,148,42,39,67,111,17,24,0,18,52
,,,,"00NN","Powys","W02000103","Powys 007",,,2043,474,267,207,1462,249,917,339,117,315,146,162,101,22,32,7,134,40,38,56,107,10,19,0,17,61
,,,,"00NN","Powys","W02000104","Powys 008",,,2583,930,454,476,1550,257,834,305,135,256,138,227,133,38,48,8,232,100,56,76,103,16,15,0,11,61
,,,,"00NN","Powys","W02000105","Powys 009",,,2107,646,207,439,1342,122,644,219,95,244,86,257,100,70,76,11,319,122,124,73,119,18,36,0,7,58
,,,,"00NN","Powys","W02000106","Powys 010",,,2739,812,452,360,1780,333,1045,405,143,342,155,195,113,33,44,5,207,63,57,87,147,18,27,0,16,86
,,,,"00NN","Powys","W02000107","Powys 011",,,4206,1279,737,542,2733,516,1601,626,204,500,271,316,164,73,69,10,300,93,95,112,194,41,28,0,32,93
,,,,"00NN","Powys","W02000108","Powys 012",,,2943,861,482,379,1919,380,1132,485,140,337,170,189,101,37,45,6,218,60,69,89,163,21,20,0,23,99
,,,,"00NN","Powys","W02000109","Powys 013",,,2400,977,489,488,1321,233,669,288,101,194,86,194,111,33,40,10,225,102,82,41,102,20,15,0,15,52
,,,,"00NN","Powys","W02000110","Powys 014",,,2809,814,468,346,1815,319,1093,438,179,310,166,194,96,40,50,8,209,60,50,99,180,36,30,0,18,96
,,,,"00NN","Powys","W02000111","Powys 015",,,3361,1019,583,436,2140,362,1225,473,187,360,205,279,144,46,76,13,274,84,71,119,202,31,26,0,26,119
,,,,"00NN","Powys","W02000112","Powys 016",,,2474,652,342,310,1674,277,1047,404,161,329,153,180,108,30,34,8,170,39,39,92,148,36,14,0,18,80
,,,,"00NN","Powys","W02000113","Powys 017",,,3399,1172,644,528,2060,317,1166,445,210,374,137,224,105,48,64,7,353,150,103,100,167,30,27,0,27,83
,,,,"00NN","Powys","W02000114","Powys 018",,,2828,733,436,297,1934,366,1206,478,219,329,180,168,99,32,30,7,194,58,53,83,161,33,23,0,26,79
,,,,"00NN","Powys","W02000115","Powys 019",,,4336,1340,834,506,2799,476,1639,559,277,463,340,260,131,58,61,10,424,132,124,168,197,39,31,0,27,100
,,,,"00NQ","Ceredigion","W02000116","Ceredigion 001",,,3190,872,452,420,2116,290,1241,470,185,418,168,325,168,69,83,5,260,86,80,94,202,26,31,7,21,117
,,,,"00NQ","Ceredigion","W02000117","Ceredigion 002",,,3240,1270,521,749,1136,213,475,195,72,140,68,262,209,25,24,4,186,79,44,63,834,31,16,489,19,279
,,,,"00NQ","Ceredigion","W02000118","Ceredigion 003",,,2675,854,436,418,1506,207,735,290,96,244,105,255,142,47,59,7,309,114,85,110,315,25,36,77,10,167
,,,,"00NQ","Ceredigion","W02000119","Ceredigion 004",,,2816,721,399,322,1921,307,1162,462,200,348,152,225,134,38,47,6,227,47,59,121,174,28,27,16,17,86
,,,,"00NQ","Ceredigion","W02000120","Ceredigion 005",,,3206,948,565,383,2063,372,1232,510,152,371,199,219,118,38,56,7,240,73,68,99,195,24,26,3,26,116
,,,,"00NQ","Ceredigion","W02000121","Ceredigion 006",,,2124,598,329,269,1363,188,809,343,119,218,129,177,84,37,47,9,189,59,60,70,163,24,22,0,17,100
,,,,"00NQ","Ceredigion","W02000122","Ceredigion 007",,,2856,745,444,301,1903,354,1087,511,159,278,139,215,124,40,44,7,247,74,61,112,208,30,48,0,28,102
,,,,"00NQ","Ceredigion","W02000123","Ceredigion 008",,,3500,1014,547,467,2155,367,1268,550,163,345,210,246,130,50,59,7,274,68,79,127,331,34,35,62,30,170
,,,,"00NQ","Ceredigion","W02000124","Ceredigion 009",,,4075,1416,839,577,2382,511,1255,507,201,347,200,274,145,61,64,4,342,134,104,104,277,47,45,4,27,154
,,,,"00NQ","Ceredigion","W02000125","Ceredigion 010",,,3292,927,548,379,2150,363,1263,525,181,348,209,238,125,47,58,8,286,67,81,138,215,43,22,3,30,117
,,,,"00NS","Pembrokeshire","W02000126","Pembrokeshire 001",,,3260,885,475,410,2157,363,1265,509,204,351,201,231,122,46,56,7,298,111,94,93,218,51,45,0,24,98
,,,,"00NS","Pembrokeshire","W02000127","Pembrokeshire 002",,,3987,1252,775,477,2500,510,1362,558,203,384,217,253,124,48,66,15,375,135,112,128,235,44,37,0,36,118
,,,,"00NS","Pembrokeshire","W02000128","Pembrokeshire 003",,,2829,799,487,312,1869,325,1121,473,174,300,174,183,99,43,36,5,240,66,81,93,161,36,28,0,17,80
,,,,"00NS","Pembrokeshire","W02000129","Pembrokeshire 004",,,2484,561,334,227,1782,274,1148,450,179,340,179,141,74,18,39,10,219,68,67,84,141,27,28,3,12,71
,,,,"00NS","Pembrokeshire","W02000130","Pembrokeshire 005",,,2856,1010,407,603,1638,203,868,290,177,310,91,216,86,65,53,12,351,140,123,88,208,30,28,7,9,134
,,,,"00NS","Pembrokeshire","W02000131","Pembrokeshire 006",,,2747,792,450,342,1819,277,1037,398,155,344,140,214,118,40,47,9,291,97,106,88,136,22,26,4,11,73
,,,,"00NS","Pembrokeshire","W02000132","Pembrokeshire 007",,,2483,757,408,349,1600,247,977,383,126,326,142,131,64,26,38,3,245,89,72,84,126,24,21,0,17,64
,,,,"00NS","Pembrokeshire","W02000133","Pembrokeshire 008",,,2926,667,395,272,2072,370,1273,543,187,353,190,181,97,31,42,11,248,84,81,83,187,38,30,0,20,99
,,,,"00NS","Pembrokeshire","W02000134","Pembrokeshire 009",,,3163,781,411,370,2236,329,1353,545,205,372,231,235,105,55,64,11,319,134,100,85,146,22,26,0,12,86
,,,,"00NS","Pembrokeshire","W02000135","Pembrokeshire 010",,,2653,786,414,372,1760,280,1012,391,152,318,151,178,79,53,42,4,290,133,98,59,107,23,27,0,12,45
,,,,"00NS","Pembrokeshire","W02000136","Pembrokeshire 011",,,3562,951,556,395,2385,542,1372,608,217,340,207,199,88,46,60,5,272,98,79,95,226,47,40,0,23,116
,,,,"00NS","Pembrokeshire","W02000137","Pembrokeshire 012",,,2919,839,467,372,1936,351,1006,371,180,303,152,203,74,50,70,9,376,157,124,95,144,30,29,0,16,69
,,,,"00NS","Pembrokeshire","W02000138","Pembrokeshire 013",,,3696,1136,542,594,2363,278,1317,524,212,412,169,278,130,60,76,12,490,209,186,95,197,48,42,3,23,81
,,,,"00NS","Pembrokeshire","W02000139","Pembrokeshire 014",,,2921,666,420,246,2106,401,1296,566,198,337,195,194,96,37,57,4,215,72,80,63,149,25,30,0,16,78
,,,,"00NS","Pembrokeshire","W02000140","Pembrokeshire 015",,,2734,773,401,372,1833,235,975,359,164,295,157,186,81,44,55,6,437,175,176,86,128,19,34,0,13,62
,,,,"00NS","Pembrokeshire","W02000141","Pembrokeshire 016",,,2956,1057,599,458,1710,356,889,382,141,259,107,189,84,50,52,3,276,118,73,85,189,38,30,0,17,104
,,,,"00NU","Carmarthenshire","W02000142","Carmarthenshire 001",,,2206,663,360,303,1412,194,863,333,123,250,157,147,83,29,29,6,208,63,69,76,131,23,28,6,14,60
,,,,"00NU","Carmarthenshire","W02000143","Carmarthenshire 002",,,2421,703,411,292,1593,278,952,370,155,255,172,137,67,31,36,3,226,65,68,93,125,21,22,0,18,64
,,,,"00NU","Carmarthenshire","W02000144","Carmarthenshire 003",,,3054,827,470,357,2030,321,1201,495,174,343,189,210,111,38,48,13,298,103,76,119,197,36,39,0,27,95
,,,,"00NU","Carmarthenshire","W02000145","Carmarthenshire 004",,,2943,857,488,369,1914,320,1159,428,191,337,203,188,99,33,48,8,247,84,65,98,172,30,26,3,30,83
,,,,"00NU","Carmarthenshire","W02000146","Carmarthenshire 005",,,2573,619,357,262,1785,277,1165,443,190,345,187,152,77,27,39,9,191,50,60,81,169,31,34,0,20,84
,,,,"00NU","Carmarthenshire","W02000147","Carmarthenshire 006",,,2864,881,439,442,1764,294,1015,378,175,292,170,175,106,31,28,10,280,96,101,83,219,29,19,25,16,130
,,,,"00NU","Carmarthenshire","W02000148","Carmarthenshire 007",,,2274,743,408,335,1407,221,716,234,122,230,130,175,74,49,44,8,295,118,94,83,124,22,15,0,12,75
,,,,"00NU","Carmarthenshire","W02000149","Carmarthenshire 008",,,2719,1054,575,479,1516,296,828,322,130,223,153,178,106,32,31,9,214,82,53,79,149,19,14,15,11,90
,,,,"00NU","Carmarthenshire","W02000150","Carmarthenshire 009",,,2845,851,470,381,1821,292,1099,388,187,350,174,179,76,39,56,8,251,91,82,78,173,28,23,0,16,106
,,,,"00NU","Carmarthenshire","W02000151","Carmarthenshire 010",,,3037,936,556,380,1930,297,1098,352,183,330,233,215,110,42,53,10,320,115,94,111,171,37,34,3,21,76
,,,,"00NU","Carmarthenshire","W02000152","Carmarthenshire 011",,,3024,859,499,360,2020,316,1224,448,229,307,240,177,98,42,31,6,303,108,93,102,145,31,18,0,20,76
,,,,"00NU","Carmarthenshire","W02000153","Carmarthenshire 012",,,3046,791,485,306,2079,354,1272,477,196,364,235,203,99,39,54,11,250,66,73,111,176,33,37,0,26,80
,,,,"00NU","Carmarthenshire","W02000154","Carmarthenshire 013",,,3082,985,584,401,1906,337,1053,361,210,300,182,175,82,41,48,4,341,129,102,110,191,40,34,0,18,99
,,,,"00NU","Carmarthenshire","W02000155","Carmarthenshire 014",,,2081,538,301,237,1388,234,857,301,137,261,158,115,58,23,26,8,182,48,63,71,155,28,33,3,14,77
,,,,"00NU","Carmarthenshire","W02000156","Carmarthenshire 015",,,2979,746,455,291,2047,280,1260,447,190,392,231,197,94,40,55,8,310,93,101,116,186,50,27,0,24,85
,,,,"00NU","Carmarthenshire","W02000157","Carmarthenshire 016",,,3552,982,640,342,2383,402,1482,464,266,453,299,188,83,46,46,13,311,96,95,120,187,42,33,3,23,86
,,,,"00NU","Carmarthenshire","W02000158","Carmarthenshire 017",,,2159,596,310,286,1460,191,937,321,194,271,151,128,63,32,26,7,204,66,74,64,103,24,18,0,12,49
,,,,"00NU","Carmarthenshire","W02000159","Carmarthenshire 018",,,2414,699,436,263,1532,197,929,325,163,275,166,145,63,28,49,5,261,79,75,107,183,36,27,0,16,104
,,,,"00NU","Carmarthenshire","W02000160","Carmarthenshire 019",,,2921,748,454,294,2050,341,1280,509,236,327,208,177,94,45,30,8,252,107,74,71,123,27,20,0,11,65
,,,,"00NU","Carmarthenshire","W02000161","Carmarthenshire 020",,,2238,656,354,302,1452,225,788,270,136,246,136,138,59,36,33,10,301,127,104,70,130,33,27,0,10,60
,,,,"00NU","Carmarthenshire","W02000162","Carmarthenshire 021",,,3493,1063,651,412,2261,431,1257,479,227,334,217,200,90,54,47,9,373,127,110,136,169,46,27,0,14,82
,,,,"00NU","Carmarthenshire","W02000163","Carmarthenshire 022",,,2238,743,472,271,1361,264,686,250,113,185,138,141,56,36,44,5,270,110,69,91,134,24,19,0,21,70
,,,,"00NU","Carmarthenshire","W02000164","Carmarthenshire 023",,,3011,925,518,407,1912,384,1056,380,187,304,185,178,100,43,30,5,294,108,85,101,174,26,34,0,21,93
,,,,"00NU","Carmarthenshire","W02000165","Carmarthenshire 024",,,2711,832,470,362,1725,264,955,322,181,286,166,155,79,36,37,3,351,149,101,101,154,30,22,5,16,81
,,,,"00NU","Carmarthenshire","W02000166","Carmarthenshire 025",,,3110,951,530,421,1981,287,1063,358,181,323,201,208,77,65,56,10,423,168,128,127,178,32,49,0,23,74
,,,,"00NU","Carmarthenshire","W02000167","Carmarthenshire 026",,,4120,1655,848,807,2247,290,1105,361,201,336,207,289,145,63,73,8,563,230,181,152,218,35,35,0,28,120
,,,,"00NX","Swansea","W02000168","Swansea 001",,,2223,657,369,288,1456,230,844,270,157,262,155,143,72,35,25,11,239,73,75,91,110,20,27,0,18,45
,,,,"00NX","Swansea","W02000169","Swansea 002",,,3843,1077,581,496,2555,380,1450,513,257,393,287,269,122,67,67,13,456,149,137,170,211,35,41,0,21,114
,,,,"00NX","Swansea","W02000170","Swansea 003",,,3683,942,484,458,2547,318,1648,531,308,484,325,225,105,50,53,17,356,121,121,114,194,49,40,0,14,91
,,,,"00NX","Swansea","W02000171","Swansea 004",,,2804,690,263,427,1979,231,1257,430,259,383,185,262,147,63,41,11,229,92,66,71,135,37,16,0,15,67
,,,,"00NX","Swansea","W02000172","Swansea 005",,,3641,1038,578,460,2390,316,1382,380,265,430,307,250,116,53,68,13,442,157,143,142,213,55,42,3,22,91
,,,,"00NX","Swansea","W02000173","Swansea 006",,,2304,560,231,329,1643,165,1032,326,223,300,183,206,101,51,45,9,240,78,88,74,101,22,29,0,12,38
,,,,"00NX","Swansea","W02000174","Swansea 007",,,3702,967,520,447,2538,378,1609,511,305,482,311,221,116,42,56,7,330,105,92,133,197,45,39,0,25,88
,,,,"00NX","Swansea","W02000175","Swansea 008",,,3195,1002,453,549,2029,267,1060,335,205,344,176,236,138,49,39,10,466,186,166,114,164,30,32,0,9,93
,,,,"00NX","Swansea","W02000176","Swansea 009",,,3825,1139,615,524,2479,437,1407,542,233,322,310,215,111,56,36,12,420,146,126,148,207,46,37,0,19,105
,,,,"00NX","Swansea","W02000177","Swansea 010",,,2535,624,277,347,1784,197,1028,373,189,295,171,218,107,49,52,10,341,145,124,72,127,30,29,0,9,59
,,,,"00NX","Swansea","W02000178","Swansea 011",,,3302,1089,419,670,1980,210,791,250,146,228,167,250,92,62,82,14,729,282,310,137,233,56,77,0,11,89
,,,,"00NX","Swansea","W02000179","Swansea 012",,,2587,636,339,297,1810,269,1169,372,231,377,189,187,108,34,37,8,185,86,49,50,141,28,31,0,16,66
,,,,"00NX","Swansea","W02000180","Swansea 013",,,3293,1029,516,513,2089,301,1021,325,170,269,257,262,114,54,79,15,505,173,174,158,175,41,44,0,16,74
,,,,"00NX","Swansea","W02000181","Swansea 014",,,2593,688,372,316,1760,240,955,353,160,245,197,180,75,37,65,3,385,137,138,110,145,33,35,0,11,66
,,,,"00NX","Swansea","W02000182","Swansea 015",,,3376,979,554,425,2206,327,1246,329,255,404,258,244,116,62,55,11,389,123,150,116,191,41,35,0,11,104
,,,,"00NX","Swansea","W02000183","Swansea 016",,,4081,1446,623,823,2334,261,1165,362,217,345,241,291,148,68,59,16,617,282,161,174,301,44,38,15,26,178
,,,,"00NX","Swansea","W02000184","Swansea 017",,,2800,900,510,390,1754,305,935,325,154,253,203,193,84,53,45,11,321,118,103,100,146,39,37,0,10,60
,,,,"00NX","Swansea","W02000185","Swansea 018",,,2081,507,313,194,1444,250,905,298,147,284,176,109,57,23,23,6,180,50,51,79,130,29,23,0,15,63
,,,,"00NX","Swansea","W02000186","Swansea 019",,,3689,1266,572,694,2153,212,849,277,144,221,207,226,84,60,75,7,866,335,337,194,270,50,70,11,22,117
,,,,"00NX","Swansea","W02000187","Swansea 020",,,2367,508,270,238,1752,303,1103,383,174,315,231,135,67,29,28,11,211,62,78,71,107,18,27,0,6,56
,,,,"00NX","Swansea","W02000188","Swansea 021",,,2697,828,475,353,1699,234,914,280,158,278,198,175,91,33,45,6,376,136,122,118,170,31,36,3,13,87
,,,,"00NX","Swansea","W02000189","Swansea 022",,,3539,1394,831,563,2008,448,1129,377,221,331,200,167,90,34,37,6,264,94,78,92,137,25,27,8,19,58
,,,,"00NX","Swansea","W02000190","Swansea 023",,,2254,595,341,254,1410,331,827,301,170,238,118,110,68,22,17,3,142,50,34,58,249,16,18,161,6,48
,,,,"00NX","Swansea","W02000191","Swansea 024",,,3738,1311,548,763,1880,306,1032,363,191,305,173,258,174,45,34,5,284,109,77,98,547,33,38,205,21,250
,,,,"00NX","Swansea","W02000192","Swansea 025",,,3325,1892,731,1161,1116,210,449,211,63,89,86,236,186,18,25,7,221,88,44,89,317,22,16,103,14,162
,,,,"00NX","Swansea","W02000193","Swansea 026",,,3053,1174,541,633,1179,203,534,181,88,146,119,214,169,17,18,10,228,79,63,86,700,42,32,334,30,262
,,,,"00NX","Swansea","W02000194","Swansea 027",,,2344,634,422,212,1566,413,929,357,166,251,155,104,55,26,20,3,120,45,29,46,144,21,18,16,24,65
,,,,"00NX","Swansea","W02000195","Swansea 028",,,2562,687,470,217,1764,460,1066,410,187,263,206,101,58,27,13,3,137,39,39,59,111,21,23,3,15,49
,,,,"00NX","Swansea","W02000196","Swansea 029",,,3014,1064,708,356,1812,455,908,342,147,238,181,148,79,27,36,6,301,95,75,131,138,21,17,4,24,72
,,,,"00NX","Swansea","W02000197","Swansea 030",,,2597,643,407,236,1799,374,1128,454,198,294,182,133,77,20,28,8,164,46,38,80,155,29,36,0,15,75
,,,,"00NX","Swansea","W02000198","Swansea 031",,,3358,1080,590,490,2052,513,1110,442,193,294,181,185,133,29,18,5,244,77,60,107,226,24,23,29,25,125
,,,,"00NZ","Neath Port Talbot","W02000199","Neath Port Talbot 001",,,4265,1426,742,684,2621,358,1502,512,279,425,286,300,137,73,84,6,461,171,146,144,218,57,36,0,33,92
,,,,"00NZ","Neath Port Talbot","W02000200","Neath Port Talbot 002",,,2129,615,385,230,1421,192,871,278,137,255,201,119,53,35,24,7,239,77,78,84,93,29,14,0,15,35
,,,,"00NZ","Neath Port Talbot","W02000201","Neath Port Talbot 003",,,2312,667,397,270,1545,242,920,305,169,252,194,123,53,26,33,11,260,96,78,86,100,19,23,0,9,49
,,,,"00NZ","Neath Port Talbot","W02000202","Neath Port Talbot 004",,,4696,1398,747,651,3065,426,1859,619,345,551,344,339,154,89,87,9,441,157,148,136,233,40,49,0,29,115
,,,,"00NZ","Neath Port Talbot","W02000203","Neath Port Talbot 005",,,2629,769,440,329,1746,237,1039,354,188,309,188,174,81,50,33,10,296,91,92,113,114,26,15,0,14,59
,,,,"00NZ","Neath Port Talbot","W02000204","Neath Port Talbot 006",,,2748,649,317,332,2007,313,1289,481,238,352,218,194,123,37,28,6,211,85,47,79,92,18,15,0,6,53
,,,,"00NZ","Neath Port Talbot","W02000205","Neath Port Talbot 007",,,2463,721,375,346,1614,243,935,320,190,245,180,158,70,39,36,13,278,99,95,84,128,24,28,3,11,62
,,,,"00NZ","Neath Port Talbot","W02000206","Neath Port Talbot 008",,,3221,1304,726,578,1763,313,920,335,169,215,201,159,85,38,29,7,371,118,110,143,154,24,15,0,21,94
,,,,"00NZ","Neath Port Talbot","W02000207","Neath Port Talbot 009",,,2119,431,196,235,1599,156,1111,381,238,293,199,156,74,45,29,8,176,58,54,64,89,23,11,0,5,50
,,,,"00NZ","Neath Port Talbot","W02000208","Neath Port Talbot 010",,,3536,1075,600,475,2265,347,1305,425,275,353,252,208,106,54,39,9,405,138,135,132,196,43,25,0,18,110
,,,,"00NZ","Neath Port Talbot","W02000209","Neath Port Talbot 011",,,2345,701,414,287,1527,194,849,308,121,200,220,145,59,33,45,8,339,128,122,89,117,30,23,0,11,53
,,,,"00NZ","Neath Port Talbot","W02000210","Neath Port Talbot 012",,,2581,749,375,374,1686,217,910,284,168,288,170,165,66,56,38,5,394,161,131,102,146,30,30,0,15,71
,,,,"00NZ","Neath Port Talbot","W02000211","Neath Port Talbot 013",,,3309,1164,609,555,1958,310,1042,345,193,274,230,220,102,67,42,9,386,134,125,127,187,30,16,0,18,123
,,,,"00NZ","Neath Port Talbot","W02000212","Neath Port Talbot 014",,,3272,958,526,432,2142,288,1271,435,257,342,237,197,85,56,47,9,386,163,98,125,172,37,28,0,18,89
,,,,"00NZ","Neath Port Talbot","W02000213","Neath Port Talbot 015",,,2800,717,391,326,1975,378,1218,439,215,303,261,156,76,43,28,9,223,72,68,83,108,24,19,0,13,52
,,,,"00NZ","Neath Port Talbot","W02000214","Neath Port Talbot 016",,,4074,1143,652,491,2697,461,1306,412,237,333,324,233,95,59,63,16,697,260,247,190,234,68,52,0,24,90
,,,,"00NZ","Neath Port Talbot","W02000215","Neath Port Talbot 017",,,3908,1452,758,694,2246,350,1148,378,210,318,242,218,98,56,53,11,530,216,155,159,210,49,34,0,16,111
,,,,"00NZ","Neath Port Talbot","W02000216","Neath Port Talbot 018",,,2894,894,442,452,1856,272,1098,361,231,301,205,171,87,42,36,6,315,104,95,116,144,16,24,3,16,85
,,,,"00NZ","Neath Port Talbot","W02000217","Neath Port Talbot 019",,,2309,603,329,274,1584,212,922,318,170,239,195,152,70,34,37,11,298,108,89,101,122,11,21,0,5,85
,,,,"00PB","Bridgend","W02000218","Bridgend 001",,,2868,752,389,363,1911,201,1082,371,198,271,242,192,75,55,55,7,436,152,152,132,205,45,46,0,19,95
,,,,"00PB","Bridgend","W02000219","Bridgend 002",,,3239,1011,580,431,2061,260,1214,403,239,321,251,239,102,77,49,11,348,132,95,121,167,48,32,0,14,73
,,,,"00PB","Bridgend","W02000220","Bridgend 003",,,3209,891,516,375,2158,286,1277,444,224,358,251,248,93,73,69,13,347,137,118,92,160,50,29,0,12,69
,,,,"00PB","Bridgend","W02000221","Bridgend 004",,,3100,790,455,335,2107,234,1174,396,220,324,234,254,109,66,68,11,445,144,163,138,203,40,24,0,16,123
,,,,"00PB","Bridgend","W02000222","Bridgend 005",,,2467,525,307,218,1792,232,1193,452,220,288,233,151,68,36,42,5,216,70,57,89,150,50,22,0,12,66
,,,,"00PB","Bridgend","W02000223","Bridgend 006",,,2115,615,306,309,1400,181,812,286,165,213,148,181,103,38,33,7,226,98,55,73,100,20,17,0,12,51
,,,,"00PB","Bridgend","W02000224","Bridgend 007",,,2284,633,276,357,1512,167,918,308,183,251,176,176,80,42,43,11,251,79,89,83,139,26,32,0,7,74
,,,,"00PB","Bridgend","W02000225","Bridgend 008",,,3576,936,516,420,2437,329,1399,476,258,423,242,288,141,69,61,17,421,132,151,138,203,56,39,0,15,93
,,,,"00PB","Bridgend","W02000226","Bridgend 009",,,3772,842,440,402,2750,320,1803,651,324,484,344,281,137,67,58,19,346,110,107,129,180,51,27,0,20,82
,,,,"00PB","Bridgend","W02000227","Bridgend 010",,,2463,678,342,336,1641,245,889,336,162,238,153,183,78,37,58,10,324,115,108,101,144,36,37,3,10,58
,,,,"00PB","Bridgend","W02000228","Bridgend 011",,,2182,493,261,232,1588,277,1005,365,184,300,156,153,99,33,17,4,153,58,47,48,101,24,14,0,7,56
,,,,"00PB","Bridgend","W02000229","Bridgend 012",,,2585,745,396,349,1740,261,966,319,192,289,166,184,82,37,56,9,329,120,117,92,100,22,23,0,12,43
,,,,"00PB","Bridgend","W02000230","Bridgend 013",,,2025,404,257,147,1525,256,1057,387,201,322,147,109,66,22,21,0,103,23,30,50,96,16,12,0,12,56
,,,,"00PB","Bridgend","W02000231","Bridgend 014",,,3475,1266,597,669,1971,307,1049,435,176,270,168,261,144,55,50,12,354,115,116,123,238,49,31,3,14,141
,,,,"00PB","Bridgend","W02000232","Bridgend 015",,,2252,524,110,414,1635,137,1079,364,241,358,116,217,124,52,36,5,202,85,74,43,93,17,13,0,3,60
,,,,"00PB","Bridgend","W02000233","Bridgend 016",,,2252,578,182,396,1558,105,909,266,203,335,105,199,93,55,47,4,345,160,143,42,116,24,20,3,0,69
,,,,"00PB","Bridgend","W02000234","Bridgend 017",,,2514,656,387,269,1732,286,1054,388,213,316,137,225,136,44,38,7,167,58,46,63,126,24,21,0,9,72
,,,,"00PB","Bridgend","W02000235","Bridgend 018",,,3958,1212,815,397,2517,631,1437,556,256,416,209,151,94,30,21,6,298,122,82,94,229,37,34,3,30,125
,,,,"00PB","Bridgend","W02000236","Bridgend 019",,,3006,929,558,371,1869,360,1029,425,185,252,167,200,115,40,36,9,280,96,91,93,208,37,42,0,30,99
,,,,"00PD","The Vale of Glamorgan","W02000237","The Vale of Glamorgan 001",,,2031,329,196,133,1581,291,1081,425,192,318,146,94,52,19,20,3,115,31,35,49,121,27,18,0,9,67
,,,,"00PD","The Vale of Glamorgan","W02000238","The Vale of Glamorgan 002",,,2628,618,369,249,1910,360,1254,527,187,350,190,107,64,21,17,5,189,57,50,82,100,22,15,0,11,52
,,,,"00PD","The Vale of Glamorgan","W02000239","The Vale of Glamorgan 003",,,2495,471,240,231,1891,324,1273,521,208,348,196,147,93,21,26,7,147,46,42,59,133,21,22,0,16,74
,,,,"00PD","The Vale of Glamorgan","W02000240","The Vale of Glamorgan 004",,,3570,921,545,376,2458,368,1494,502,284,432,276,218,101,45,61,11,378,99,148,131,191,37,37,0,18,99
,,,,"00PD","The Vale of Glamorgan","W02000241","The Vale of Glamorgan 005",,,4023,1572,671,901,2227,323,1235,442,224,410,159,351,237,54,47,13,318,113,101,104,224,36,35,0,20,133
,,,,"00PD","The Vale of Glamorgan","W02000242","The Vale of Glamorgan 006",,,3232,750,453,297,2360,432,1462,543,224,435,260,174,74,48,39,13,292,95,101,96,122,22,18,0,13,69
,,,,"00PD","The Vale of Glamorgan","W02000243","The Vale of Glamorgan 007",,,3522,878,474,404,2429,339,1132,352,181,378,221,298,93,83,112,10,660,260,296,104,215,47,63,0,11,94
,,,,"00PD","The Vale of Glamorgan","W02000244","The Vale of Glamorgan 008",,,3707,1002,616,386,2560,537,1511,523,251,499,238,175,94,42,34,5,337,125,107,105,145,30,31,0,19,65
,,,,"00PD","The Vale of Glamorgan","W02000245","The Vale of Glamorgan 009",,,2854,779,270,509,1936,174,1001,351,197,293,160,320,153,75,82,10,441,196,169,76,139,42,36,0,3,58
,,,,"00PD","The Vale of Glamorgan","W02000246","The Vale of Glamorgan 010",,,2301,497,296,201,1715,273,1129,425,204,361,139,161,95,30,30,6,152,49,40,63,89,22,19,0,7,41
,,,,"00PD","The Vale of Glamorgan","W02000247","The Vale of Glamorgan 011",,,3590,793,446,347,2624,361,1695,661,263,531,240,248,123,46,64,15,320,108,106,106,173,38,37,0,9,89
,,,,"00PD","The Vale of Glamorgan","W02000248","The Vale of Glamorgan 012",,,4140,1223,546,677,2648,272,1363,418,244,469,232,405,189,92,108,16,608,265,210,133,269,46,65,0,15,143
,,,,"00PD","The Vale of Glamorgan","W02000249","The Vale of Glamorgan 013",,,3798,1253,649,604,2335,351,1095,349,216,342,188,342,167,80,81,14,547,245,180,122,210,32,54,0,15,109
,,,,"00PD","The Vale of Glamorgan","W02000250","The Vale of Glamorgan 014",,,3700,823,384,439,2715,307,1751,627,347,595,182,318,168,83,60,7,339,125,133,81,162,38,29,0,12,83
,,,,"00PD","The Vale of Glamorgan","W02000251","The Vale of Glamorgan 015",,,3161,1078,568,510,1895,291,992,355,171,303,163,257,127,47,68,15,355,137,116,102,188,34,43,0,13,98
,,,,"00PF","Rhondda, Cynon, Taff","W02000252","Rhondda, Cynon, Taff 001",,,3647,973,559,414,2468,297,1386,448,258,398,282,262,102,66,83,11,523,176,195,152,206,53,52,0,22,79
,,,,"00PF","Rhondda, Cynon, Taff","W02000253","Rhondda, Cynon, Taff 002",,,2732,843,474,369,1751,239,1006,321,202,286,197,203,100,44,48,11,303,118,92,93,138,31,32,0,20,55
,,,,"00PF","Rhondda, Cynon, Taff","W02000254","Rhondda, Cynon, Taff 003",,,3240,979,547,432,2124,307,1285,447,241,380,217,254,117,70,54,13,278,97,78,103,137,28,28,0,14,67
,,,,"00PF","Rhondda, Cynon, Taff","W02000255","Rhondda, Cynon, Taff 004",,,2495,679,376,303,1681,266,1004,336,200,275,193,162,68,45,44,5,249,88,82,79,135,27,16,0,20,72
,,,,"00PF","Rhondda, Cynon, Taff","W02000256","Rhondda, Cynon, Taff 005",,,4112,1274,721,553,2615,338,1459,461,252,430,316,300,119,81,89,11,518,191,185,142,223,57,42,0,29,95
,,,,"00PF","Rhondda, Cynon, Taff","W02000257","Rhondda, Cynon, Taff 006",,,3035,904,510,394,1977,292,1107,416,175,291,225,196,91,46,49,10,382,133,120,129,154,41,26,0,18,69
,,,,"00PF","Rhondda, Cynon, Taff","W02000258","Rhondda, Cynon, Taff 007",,,2545,797,468,329,1591,273,834,252,144,252,186,170,65,36,58,11,314,117,102,95,157,30,36,0,22,69
,,,,"00PF","Rhondda, Cynon, Taff","W02000259","Rhondda, Cynon, Taff 008",,,2466,631,347,284,1699,218,905,289,171,238,207,159,46,52,50,11,417,142,162,113,136,35,39,0,8,54
,,,,"00PF","Rhondda, Cynon, Taff","W02000260","Rhondda, Cynon, Taff 009",,,2679,820,477,343,1701,233,923,286,177,230,230,181,65,43,55,18,364,138,110,116,158,47,30,0,23,58
,,,,"00PF","Rhondda, Cynon, Taff","W02000261","Rhondda, Cynon, Taff 010",,,3379,1001,593,408,2156,327,1224,404,218,373,229,230,98,62,60,10,375,149,97,129,222,48,43,3,40,88
,,,,"00PF","Rhondda, Cynon, Taff","W02000262","Rhondda, Cynon, Taff 011",,,2302,674,413,261,1505,221,874,256,173,246,199,168,84,43,37,4,242,90,70,82,123,33,23,0,22,45
,,,,"00PF","Rhondda, Cynon, Taff","W02000263","Rhondda, Cynon, Taff 012",,,2585,673,391,282,1745,224,954,277,173,287,217,179,71,40,56,12,388,135,108,145,167,40,41,3,15,68
,,,,"00PF","Rhondda, Cynon, Taff","W02000264","Rhondda, Cynon, Taff 013",,,2609,781,421,360,1686,226,863,287,142,223,211,201,73,55,66,7,396,161,135,100,142,32,33,0,18,59
,,,,"00PF","Rhondda, Cynon, Taff","W02000265","Rhondda, Cynon, Taff 014",,,3907,1093,642,451,2523,352,1374,429,241,400,304,293,99,84,97,13,504,198,141,165,291,67,71,0,32,121
,,,,"00PF","Rhondda, Cynon, Taff","W02000266","Rhondda, Cynon, Taff 015",,,3136,897,473,424,2076,238,1214,368,227,388,231,266,113,71,66,16,358,121,134,103,163,50,38,5,10,60
,,,,"00PF","Rhondda, Cynon, Taff","W02000267","Rhondda, Cynon, Taff 016",,,2689,691,415,276,1817,266,1024,347,183,292,202,211,67,67,64,13,316,117,99,100,181,54,29,0,25,73
,,,,"00PF","Rhondda, Cynon, Taff","W02000268","Rhondda, Cynon, Taff 017",,,3941,1124,647,477,2589,394,1439,439,264,455,281,279,117,71,77,14,477,168,141,168,228,43,28,0,29,128
,,,,"00PF","Rhondda, Cynon, Taff","W02000269","Rhondda, Cynon, Taff 018",,,3537,992,622,370,2350,289,1330,405,259,387,279,306,114,81,89,22,425,162,134,129,195,46,46,0,29,74
,,,,"00PF","Rhondda, Cynon, Taff","W02000270","Rhondda, Cynon, Taff 019",,,2854,826,439,387,1872,260,1056,344,195,315,202,267,145,60,46,16,289,94,94,101,156,32,23,4,17,80
,,,,"00PF","Rhondda, Cynon, Taff","W02000271","Rhondda, Cynon, Taff 020",,,2462,724,392,332,1574,176,861,272,151,254,184,202,74,60,58,10,335,127,102,106,164,34,35,3,19,73
,,,,"00PF","Rhondda, Cynon, Taff","W02000272","Rhondda, Cynon, Taff 021",,,4191,1170,641,529,2716,400,1589,555,272,446,316,343,193,80,58,12,384,139,104,141,305,57,32,43,39,134
,,,,"00PF","Rhondda, Cynon, Taff","W02000273","Rhondda, Cynon, Taff 022",,,3544,1007,523,484,1864,264,926,308,169,227,222,212,109,53,44,6,462,143,173,146,673,55,51,364,26,177
,,,,"00PF","Rhondda, Cynon, Taff","W02000274","Rhondda, Cynon, Taff 023",,,3347,790,442,348,2341,259,1323,391,244,420,268,329,116,98,90,25,430,155,143,132,216,65,43,3,24,81
,,,,"00PF","Rhondda, Cynon, Taff","W02000275","Rhondda, Cynon, Taff 024",,,2307,554,306,248,1617,172,1001,322,195,280,204,193,71,64,46,12,251,86,79,86,136,33,36,0,16,51
,,,,"00PF","Rhondda, Cynon, Taff","W02000276","Rhondda, Cynon, Taff 025",,,2487,569,318,251,1780,307,1104,433,163,257,251,140,52,38,43,7,229,67,55,107,138,31,29,5,15,58
,,,,"00PF","Rhondda, Cynon, Taff","W02000277","Rhondda, Cynon, Taff 026",,,2971,912,481,431,1858,254,1041,347,183,305,206,252,137,54,48,13,311,105,103,103,201,56,34,10,14,87
,,,,"00PF","Rhondda, Cynon, Taff","W02000278","Rhondda, Cynon, Taff 027",,,2975,554,192,362,2292,187,1579,487,349,506,237,334,208,59,54,13,192,74,54,64,129,28,30,4,5,62
,,,,"00PF","Rhondda, Cynon, Taff","W02000279","Rhondda, Cynon, Taff 028",,,3207,690,287,403,2322,216,1401,442,267,461,231,374,201,95,63,15,331,115,113,103,195,40,46,15,11,83
,,,,"00PF","Rhondda, Cynon, Taff","W02000280","Rhondda, Cynon, Taff 029",,,2781,656,293,363,1988,199,1223,397,220,385,221,290,128,67,81,14,276,108,80,88,137,32,35,0,10,60
,,,,"00PF","Rhondda, Cynon, Taff","W02000281","Rhondda, Cynon, Taff 030",,,2808,767,381,386,1918,295,1133,414,190,331,198,231,128,44,52,7,259,88,69,102,123,25,21,0,11,66
,,,,"00PF","Rhondda, Cynon, Taff","W02000282","Rhondda, Cynon, Taff 031",,,3586,854,425,429,2575,317,1595,591,304,448,252,371,210,90,60,11,292,109,79,104,157,29,34,3,16,75
,,,,"00PH","Merthyr Tydfil","W02000283","Merthyr Tydfil 001",,,3635,1008,514,494,2329,264,1119,363,219,292,245,212,63,60,70,19,734,279,274,181,298,73,83,3,25,114
,,,,"00PH","Merthyr Tydfil","W02000284","Merthyr Tydfil 002",,,3940,1197,626,571,2509,307,1415,430,322,384,279,244,109,60,60,15,543,204,189,150,234,56,54,0,29,95
,,,,"00PH","Merthyr Tydfil","W02000285","Merthyr Tydfil 003",,,3182,792,398,394,2225,285,1422,484,300,384,254,215,119,47,45,4,303,127,98,78,165,40,31,3,19,72
,,,,"00PH","Merthyr Tydfil","W02000286","Merthyr Tydfil 004",,,2807,1128,645,483,1515,251,736,232,133,195,176,148,63,42,35,8,380,141,115,124,164,41,42,0,14,67
,,,,"00PH","Merthyr Tydfil","W02000287","Merthyr Tydfil 005",,,2865,739,407,332,1965,276,1157,376,222,319,240,192,94,49,40,9,340,106,102,132,161,39,35,0,19,68
,,,,"00PH","Merthyr Tydfil","W02000288","Merthyr Tydfil 006",,,3455,1013,587,426,2255,283,1285,394,240,389,262,210,83,49,73,5,477,183,162,132,187,42,46,0,21,78
,,,,"00PH","Merthyr Tydfil","W02000289","Merthyr Tydfil 007",,,3261,808,407,401,2268,256,1375,421,258,437,259,267,119,74,59,15,370,123,128,119,185,37,48,0,19,81
,,,,"00PK","Caerphilly","W02000290","Caerphilly 001",,,3736,1164,643,521,2382,276,1298,435,221,345,297,266,97,76,82,11,542,217,163,162,190,36,50,0,22,82
,,,,"00PK","Caerphilly","W02000291","Caerphilly 002",,,3059,834,481,353,2056,260,1133,383,206,318,226,231,82,67,74,8,432,160,140,132,169,36,34,0,15,84
,,,,"00PK","Caerphilly","W02000292","Caerphilly 003",,,2357,697,388,309,1545,224,852,292,153,225,182,156,51,57,36,12,313,116,98,99,115,28,26,0,8,53
,,,,"00PK","Caerphilly","W02000293","Caerphilly 004",,,2601,771,393,378,1704,209,919,297,183,273,166,204,63,58,71,12,372,144,124,104,126,28,26,0,9,63
,,,,"00PK","Caerphilly","W02000294","Caerphilly 005",,,2281,580,310,270,1578,191,963,346,163,255,199,200,88,59,43,10,224,83,72,69,123,28,27,0,8,60
,,,,"00PK","Caerphilly","W02000295","Caerphilly 006",,,3418,787,448,339,2472,295,1570,526,298,449,297,248,101,72,66,9,359,129,124,106,159,37,34,0,16,72
,,,,"00PK","Caerphilly","W02000296","Caerphilly 007",,,3047,832,446,386,2064,224,1196,399,208,331,258,236,98,67,59,12,408,158,131,119,151,34,34,0,15,68
,,,,"00PK","Caerphilly","W02000297","Caerphilly 008",,,2975,734,364,370,2102,213,1280,429,254,387,210,268,119,66,77,6,341,140,116,85,139,31,33,0,13,62
,,,,"00PK","Caerphilly","W02000298","Caerphilly 009",,,2640,629,350,279,1899,202,1165,393,252,325,195,236,114,59,51,12,296,107,100,89,112,34,25,0,8,45
,,,,"00PK","Caerphilly","W02000299","Caerphilly 010",,,2517,708,466,242,1689,281,963,344,156,251,212,166,58,57,44,7,279,100,75,104,120,34,33,0,7,46
,,,,"00PK","Caerphilly","W02000300","Caerphilly 011",,,3255,899,564,335,2211,345,1258,460,219,340,239,231,104,59,57,11,377,133,111,133,145,30,30,0,9,76
,,,,"00PK","Caerphilly","W02000301","Caerphilly 012",,,2718,596,315,281,1970,205,1176,381,204,358,233,244,88,69,76,11,345,116,133,96,152,30,41,0,10,71
,,,,"00PK","Caerphilly","W02000302","Caerphilly 013",,,3629,948,541,407,2540,366,1539,540,327,402,270,295,162,72,54,7,340,123,101,116,141,22,33,0,20,66
,,,,"00PK","Caerphilly","W02000303","Caerphilly 014",,,2676,761,422,339,1797,252,1042,343,201,303,195,238,120,57,54,7,265,94,82,89,118,34,21,0,5,58
,,,,"00PK","Caerphilly","W02000304","Caerphilly 015",,,2215,678,398,280,1444,215,799,256,155,234,154,194,85,53,51,5,236,73,68,95,93,21,12,0,12,48
,,,,"00PK","Caerphilly","W02000305","Caerphilly 016",,,2568,613,255,358,1863,219,1072,372,189,302,209,231,112,41,68,10,341,130,115,96,92,20,26,0,6,40
,,,,"00PK","Caerphilly","W02000306","Caerphilly 017",,,2255,758,440,318,1407,226,786,274,115,237,160,165,84,41,28,12,230,79,77,74,90,23,14,0,15,38
,,,,"00PK","Caerphilly","W02000307","Caerphilly 018",,,2638,690,294,396,1798,167,997,314,187,314,182,280,114,73,83,10,354,127,133,94,150,26,41,0,16,67
,,,,"00PK","Caerphilly","W02000308","Caerphilly 019",,,3510,797,373,424,2511,259,1463,449,265,467,282,350,167,77,84,22,439,155,178,106,202,51,55,0,13,83
,,,,"00PK","Caerphilly","W02000309","Caerphilly 020",,,2699,705,424,281,1860,276,1162,392,221,323,226,178,79,47,36,16,244,74,76,94,134,29,25,0,9,71
,,,,"00PK","Caerphilly","W02000310","Caerphilly 021",,,2095,493,218,275,1500,176,851,333,147,240,131,189,93,40,51,5,284,99,114,71,102,25,28,0,6,43
,,,,"00PK","Caerphilly","W02000311","Caerphilly 022",,,3921,1092,422,670,2642,279,1469,559,262,395,253,361,169,81,91,20,533,211,200,122,187,43,46,0,11,87
,,,,"00PK","Caerphilly","W02000312","Caerphilly 023",,,2985,790,454,336,2049,259,1226,407,248,350,221,234,115,57,54,8,330,111,103,116,146,40,31,0,10,65
,,,,"00PK","Caerphilly","W02000313","Caerphilly 024",,,3544,837,387,450,2585,306,1675,577,348,488,262,360,234,67,42,17,244,80,58,106,122,23,22,0,14,63
,,,,"00PL","Blaenau Gwent","W02000314","Blaenau Gwent 001",,,2936,762,385,377,2002,278,1155,409,204,307,235,200,79,52,58,11,369,146,119,104,172,38,45,0,12,77
,,,,"00PL","Blaenau Gwent","W02000315","Blaenau Gwent 002",,,2438,824,441,383,1521,219,835,294,150,240,151,193,84,60,41,8,274,116,86,72,93,24,21,0,11,37
,,,,"00PL","Blaenau Gwent","W02000316","Blaenau Gwent 003",,,2934,796,445,351,1989,259,1115,403,193,267,252,170,66,47,48,9,445,157,131,157,149,37,34,0,9,69
,,,,"00PL","Blaenau Gwent","W02000317","Blaenau Gwent 004",,,3293,974,578,396,2151,268,1255,412,241,359,243,208,77,51,72,8,420,152,119,149,168,35,36,0,18,79
,,,,"00PL","Blaenau Gwent","W02000318","Blaenau Gwent 005",,,3762,1073,570,503,2506,283,1374,469,224,416,265,306,127,78,83,18,543,203,182,158,183,36,41,3,17,86
,,,,"00PL","Blaenau Gwent","W02000319","Blaenau Gwent 006",,,3488,1141,609,532,2210,297,1246,406,241,341,258,218,99,66,46,7,449,163,152,134,137,39,30,0,11,57
,,,,"00PL","Blaenau Gwent","W02000320","Blaenau Gwent 007",,,3555,1060,555,505,2346,255,1395,452,255,423,265,298,139,81,70,8,398,139,139,120,149,33,31,0,11,74
,,,,"00PL","Blaenau Gwent","W02000321","Blaenau Gwent 008",,,3913,1221,703,518,2509,330,1417,452,274,401,290,259,115,79,56,9,503,173,178,152,183,37,46,0,23,77
,,,,"00PL","Blaenau Gwent","W02000322","Blaenau Gwent 009",,,3267,1059,569,490,2074,283,1108,380,212,289,227,259,94,70,82,13,424,155,141,128,134,29,27,0,13,65
,,,,"00PM","Torfaen","W02000323","Torfaen 001",,,2552,851,483,368,1599,211,912,327,142,252,191,192,95,46,41,10,284,111,66,107,102,21,25,0,11,45
,,,,"00PM","Torfaen","W02000324","Torfaen 002",,,2761,716,397,319,1902,239,1084,358,187,330,209,256,107,72,63,14,323,123,87,113,143,33,41,0,13,56
,,,,"00PM","Torfaen","W02000325","Torfaen 003",,,2916,813,407,406,1945,215,1039,361,186,312,180,287,116,72,82,17,404,156,136,112,158,37,47,0,11,63
,,,,"00PM","Torfaen","W02000326","Torfaen 004",,,3717,1119,608,511,2422,300,1409,461,266,408,274,329,171,67,75,16,384,157,97,130,176,36,36,3,22,79
,,,,"00PM","Torfaen","W02000327","Torfaen 005",,,2658,676,415,261,1868,289,1221,480,195,354,192,177,100,35,32,10,181,77,45,59,114,29,25,0,15,45
,,,,"00PM","Torfaen","W02000328","Torfaen 006",,,2851,773,417,356,1954,286,1172,423,201,349,199,257,151,52,46,8,239,76,52,111,124,24,22,0,9,69
,,,,"00PM","Torfaen","W02000329","Torfaen 007",,,3159,961,569,392,2034,315,1107,369,201,351,186,269,131,66,57,15,343,131,109,103,164,36,28,0,20,80
,,,,"00PM","Torfaen","W02000330","Torfaen 008",,,3246,993,670,323,2136,555,1134,425,193,325,191,170,79,44,38,9,277,96,74,107,117,27,21,0,25,44
,,,,"00PM","Torfaen","W02000331","Torfaen 009",,,2784,613,262,351,1990,197,981,304,185,341,151,319,114,80,105,20,493,177,215,101,181,43,52,3,5,78
,,,,"00PM","Torfaen","W02000332","Torfaen 010",,,3170,1117,574,543,1894,315,965,363,174,253,175,249,128,64,50,7,365,139,106,120,159,28,35,0,12,84
,,,,"00PM","Torfaen","W02000333","Torfaen 011",,,2624,548,224,324,1963,168,1200,409,213,388,190,294,160,58,70,6,301,115,123,63,113,31,29,0,7,46
,,,,"00PM","Torfaen","W02000334","Torfaen 012",,,2714,523,219,304,2065,173,1372,463,274,427,208,243,122,54,54,13,277,109,87,81,126,40,23,0,3,60
,,,,"00PM","Torfaen","W02000335","Torfaen 013",,,2429,614,411,203,1701,383,1017,343,173,340,161,120,63,21,30,6,181,57,54,70,114,27,17,0,19,51
,,,,"00PP","Monmouthshire","W02000336","Monmouthshire 001",,,3426,1096,620,476,2163,421,1294,531,221,349,193,206,121,42,40,3,242,88,58,96,167,32,19,0,23,93
,,,,"00PP","Monmouthshire","W02000337","Monmouthshire 002",,,3135,1031,609,422,1952,307,996,358,169,309,160,216,97,44,60,15,433,162,155,116,152,37,32,0,11,72
,,,,"00PP","Monmouthshire","W02000338","Monmouthshire 003",,,3054,770,473,297,2152,418,1292,505,210,365,212,187,89,45,46,7,255,85,61,109,132,25,19,0,20,68
,,,,"00PP","Monmouthshire","W02000339","Monmouthshire 004",,,3898,1300,751,549,2445,486,1374,563,230,416,165,264,147,59,55,3,321,129,97,95,153,30,21,0,16,86
,,,,"00PP","Monmouthshire","W02000340","Monmouthshire 005",,,2714,630,393,237,1911,322,1267,518,184,342,223,166,82,37,37,10,156,51,31,74,173,29,31,0,19,94
,,,,"00PP","Monmouthshire","W02000341","Monmouthshire 006",,,3103,815,507,308,2124,377,1395,523,246,395,231,173,95,34,36,8,179,63,46,70,164,42,24,0,16,82
,,,,"00PP","Monmouthshire","W02000342","Monmouthshire 007",,,3115,664,358,306,2302,367,1610,706,233,462,209,182,112,31,34,5,143,56,38,49,149,31,25,0,18,75
,,,,"00PP","Monmouthshire","W02000343","Monmouthshire 008",,,3589,1153,517,636,2257,293,1236,439,228,423,146,346,191,65,76,14,382,139,127,116,179,33,26,0,11,109
,,,,"00PP","Monmouthshire","W02000344","Monmouthshire 009",,,2757,549,316,233,2061,274,1501,574,232,505,190,141,77,29,29,6,145,57,36,52,147,34,22,0,13,78
,,,,"00PP","Monmouthshire","W02000345","Monmouthshire 010",,,3468,942,525,417,2366,384,1366,482,213,422,249,244,115,55,69,5,372,154,100,118,160,29,33,0,18,80
,,,,"00PP","Monmouthshire","W02000346","Monmouthshire 011",,,2932,570,247,323,2282,219,1617,530,314,590,183,279,188,40,46,5,167,59,66,42,80,14,17,0,7,42
,,,,"00PR","Newport","W02000347","Newport 001",,,3409,915,532,383,2344,334,1522,515,298,469,240,213,122,38,47,6,275,121,60,94,150,21,21,7,21,80
,,,,"00PR","Newport","W02000348","Newport 002",,,3300,807,451,356,2352,354,1412,493,267,397,255,241,120,65,50,6,345,107,125,113,141,43,24,0,7,67
,,,,"00PR","Newport","W02000349","Newport 003",,,3402,941,329,612,2234,177,1130,475,159,295,201,305,140,66,88,11,622,229,271,122,227,45,54,0,3,125
,,,,"00PR","Newport","W02000350","Newport 004",,,2748,540,296,244,2060,295,1339,556,205,394,184,195,105,35,46,9,231,79,79,73,148,32,30,0,14,72
,,,,"00PR","Newport","W02000351","Newport 005",,,2678,876,493,383,1675,305,883,293,168,260,162,162,81,31,42,8,325,114,111,100,127,25,23,0,17,62
,,,,"00PR","Newport","W02000352","Newport 006",,,3034,990,463,527,1859,214,866,280,161,282,143,328,172,80,65,11,451,179,173,99,185,22,35,7,15,106
,,,,"00PR","Newport","W02000353","Newport 007",,,2916,830,396,434,1883,217,1143,347,238,382,176,226,127,48,44,7,297,99,110,88,203,25,34,16,31,97
,,,,"00PR","Newport","W02000354","Newport 008",,,2421,641,405,236,1678,349,915,331,166,269,149,150,67,38,38,7,264,82,94,88,102,17,26,0,14,45
,,,,"00PR","Newport","W02000355","Newport 009",,,2896,638,418,220,2160,345,1409,496,260,436,217,181,107,38,30,6,225,78,67,80,98,13,18,0,13,54
,,,,"00PR","Newport","W02000356","Newport 010",,,2250,614,325,289,1499,244,655,232,107,150,166,193,72,45,67,9,407,149,163,95,137,28,50,3,6,50
,,,,"00PR","Newport","W02000357","Newport 011",,,3108,943,420,523,1946,211,1113,361,211,372,169,287,154,63,58,12,335,130,108,97,219,41,49,6,14,109
,,,,"00PR","Newport","W02000358","Newport 012",,,2424,671,422,249,1612,345,1021,382,175,314,150,114,79,13,22,0,132,45,39,48,141,18,30,3,16,74
,,,,"00PR","Newport","W02000359","Newport 013",,,3222,930,357,573,2051,170,1109,382,195,373,159,285,147,65,65,8,487,215,178,94,241,52,60,7,9,113
,,,,"00PR","Newport","W02000360","Newport 014",,,2640,1094,363,731,1292,134,648,274,95,195,84,261,188,36,31,6,249,103,85,61,254,38,35,18,11,152
,,,,"00PR","Newport","W02000361","Newport 015",,,4019,886,535,351,2931,355,1519,508,272,450,289,305,117,72,110,6,752,260,344,148,202,54,61,0,11,76
,,,,"00PR","Newport","W02000362","Newport 016",,,2463,683,371,312,1675,251,1053,377,205,330,141,158,84,43,28,3,213,82,55,76,105,21,26,0,13,45
,,,,"00PR","Newport","W02000363","Newport 017",,,2572,926,597,329,1551,308,811,291,146,223,151,171,87,38,41,5,261,86,69,106,95,28,14,0,17,36
,,,,"00PR","Newport","W02000364","Newport 018",,,2293,949,388,561,1144,111,550,203,72,195,80,113,46,28,35,4,370,119,173,78,200,34,63,5,17,81
,,,,"00PR","Newport","W02000365","Newport 019",,,2660,826,421,405,1686,149,666,218,139,206,103,261,117,58,77,9,610,240,292,78,148,40,45,3,12,48
,,,,"00PR","Newport","W02000366","Newport 020",,,2082,374,147,227,1602,163,1087,375,232,364,116,224,149,37,29,9,128,62,32,34,106,15,29,0,10,52
,,,,"00PT","Cardiff","W02000367","Cardiff 001",,,2364,550,267,283,1739,328,1159,387,191,414,167,119,88,15,16,0,133,48,41,44,75,14,20,0,3,38
,,,,"00PT","Cardiff","W02000368","Cardiff 002",,,2346,592,155,437,1657,127,1051,287,229,421,114,242,159,43,37,3,237,96,86,55,97,18,14,3,4,58
,,,,"00PT","Cardiff","W02000369","Cardiff 003",,,2509,541,86,455,1856,78,1174,406,286,398,84,376,269,69,32,6,228,106,85,37,112,18,29,0,0,65
,,,,"00PT","Cardiff","W02000370","Cardiff 004",,,2848,861,630,231,1900,611,1027,371,151,316,189,103,66,17,16,4,159,60,24,75,87,15,18,3,15,36
,,,,"00PT","Cardiff","W02000371","Cardiff 005",,,3096,1000,637,363,1933,336,1057,302,189,352,214,183,94,36,42,11,357,139,110,108,163,37,49,0,7,70
,,,,"00PT","Cardiff","W02000372","Cardiff 006",,,2262,495,263,232,1684,236,1164,402,192,391,179,115,61,26,28,0,169,68,56,45,83,23,14,0,9,37
,,,,"00PT","Cardiff","W02000373","Cardiff 007",,,2594,642,344,298,1775,249,857,242,166,282,167,183,88,43,47,5,486,164,198,124,177,32,46,4,18,77
,,,,"00PT","Cardiff","W02000374","Cardiff 008",,,2263,490,343,147,1652,330,1078,334,200,340,204,84,47,12,21,4,160,48,55,57,121,26,25,0,11,59
,,,,"00PT","Cardiff","W02000375","Cardiff 009",,,2242,489,114,375,1589,82,846,245,172,278,151,215,96,54,59,6,446,155,213,78,164,34,34,7,3,86
,,,,"00PT","Cardiff","W02000376","Cardiff 010",,,2772,957,531,426,1694,279,902,278,177,287,160,199,125,26,40,8,314,122,88,104,121,26,26,0,11,58
,,,,"00PT","Cardiff","W02000377","Cardiff 011",,,2456,632,129,503,1694,102,974,355,199,324,96,346,222,64,47,13,272,107,107,58,130,25,22,8,4,71
,,,,"00PT","Cardiff","W02000378","Cardiff 012",,,2701,717,455,262,1868,401,1147,356,218,372,201,160,93,29,30,8,160,37,43,80,116,22,21,0,15,58
,,,,"00PT","Cardiff","W02000379","Cardiff 013",,,2335,580,209,371,1605,90,621,182,117,219,103,216,83,66,58,9,678,284,334,60,150,30,40,14,4,62
,,,,"00PT","Cardiff","W02000380","Cardiff 014",,,2493,471,202,269,1919,206,1360,460,232,469,199,146,91,26,23,6,207,74,69,64,103,27,25,0,3,48
,,,,"00PT","Cardiff","W02000381","Cardiff 015",,,2796,899,520,379,1737,360,773,256,121,246,150,198,89,49,49,11,406,150,127,129,160,28,37,6,12,77
,,,,"00PT","Cardiff","W02000382","Cardiff 016",,,2224,623,330,293,1440,181,683,213,90,228,152,148,45,36,60,7,428,119,200,109,161,35,49,0,12,65
,,,,"00PT","Cardiff","W02000383","Cardiff 017",,,2813,744,262,482,1885,136,1091,336,173,319,263,235,110,58,59,8,423,167,155,101,184,50,35,4,6,89
,,,,"00PT","Cardiff","W02000384","Cardiff 018",,,2217,553,382,171,1551,289,1028,302,179,368,179,108,68,18,17,5,126,30,30,66,113,14,14,3,19,63
,,,,"00PT","Cardiff","W02000385","Cardiff 019",,,2440,698,460,238,1620,375,997,317,166,364,150,100,70,13,14,3,148,56,37,55,122,22,20,10,16,54
,,,,"00PT","Cardiff","W02000386","Cardiff 020",,,3360,1024,697,327,2182,451,1341,418,205,482,236,142,82,33,23,4,248,77,54,117,154,20,16,3,27,88
,,,,"00PT","Cardiff","W02000387","Cardiff 021",,,2350,608,347,261,1583,259,979,310,173,312,184,150,90,28,27,5,195,55,60,80,159,26,20,7,19,87
,,,,"00PT","Cardiff","W02000388","Cardiff 022",,,2343,568,353,215,1623,258,968,308,179,289,192,143,57,34,45,7,254,81,101,72,152,30,32,3,10,77
,,,,"00PT","Cardiff","W02000389","Cardiff 023",,,3370,1027,574,453,2085,227,1063,311,185,362,205,268,132,48,70,18,527,156,232,139,258,47,57,3,16,135
,,,,"00PT","Cardiff","W02000390","Cardiff 024",,,2208,588,406,182,1497,336,919,313,147,290,169,93,61,16,13,3,149,37,39,73,123,17,17,10,15,64
,,,,"00PT","Cardiff","W02000391","Cardiff 025",,,2138,579,249,330,1058,129,545,175,109,168,93,171,118,26,21,6,213,67,68,78,501,19,38,178,21,245
,,,,"00PT","Cardiff","W02000392","Cardiff 026",,,3674,1090,495,595,2398,330,1525,451,296,556,222,263,186,39,34,4,280,99,89,92,186,27,33,5,21,100
,,,,"00PT","Cardiff","W02000393","Cardiff 027",,,2682,940,406,534,1590,239,727,230,115,238,144,227,127,49,42,9,397,164,122,111,152,38,31,0,9,74
,,,,"00PT","Cardiff","W02000394","Cardiff 028",,,2499,595,221,374,904,135,429,145,83,125,76,193,147,23,15,8,147,39,42,66,1000,32,19,550,11,388
,,,,"00PT","Cardiff","W02000395","Cardiff 029",,,2378,795,306,489,1307,145,776,225,164,260,127,216,170,22,21,3,170,64,49,57,276,36,27,39,18,156
,,,,"00PT","Cardiff","W02000396","Cardiff 030",,,2733,795,252,543,1078,79,580,169,107,211,93,256,193,28,28,7,163,67,38,58,860,51,37,360,15,397
,,,,"00PT","Cardiff","W02000397","Cardiff 031",,,2759,931,519,412,1664,275,850,287,145,259,159,161,82,32,42,5,378,126,153,99,164,36,36,3,11,78
,,,,"00PT","Cardiff","W02000398","Cardiff 032",,,2019,540,198,342,514,69,219,92,39,43,45,143,124,13,3,3,83,32,14,37,965,24,9,657,9,266
,,,,"00PT","Cardiff","W02000399","Cardiff 033",,,3967,1684,427,1257,1401,134,571,224,110,159,78,443,380,30,24,9,253,109,59,85,882,44,31,319,18,470
,,,,"00PT","Cardiff","W02000400","Cardiff 034",,,2754,1114,310,804,1283,93,618,241,124,174,79,370,291,42,34,3,202,87,54,61,357,18,32,31,21,255
,,,,"00PT","Cardiff","W02000401","Cardiff 035",,,2551,838,396,442,1489,200,805,250,151,275,129,242,149,47,37,9,242,79,80,83,224,29,15,7,14,159
,,,,"00PT","Cardiff","W02000402","Cardiff 036",,,2901,1173,333,840,1310,98,498,176,89,153,80,324,232,39,38,15,390,157,145,88,418,38,36,67,13,264
,,,,"00PT","Cardiff","W02000403","Cardiff 037",,,2534,751,344,407,1578,151,677,191,135,239,112,252,125,52,68,7,498,189,217,92,205,21,43,12,11,118
,,,,"00PT","Cardiff","W02000404","Cardiff 038",,,2567,922,379,543,1367,114,615,187,120,214,94,248,140,54,51,3,390,157,165,68,278,47,35,12,14,170
,,,,"00PT","Cardiff","W02000405","Cardiff 039",,,2880,783,395,388,1890,157,693,196,112,248,137,231,67,56,96,12,809,298,367,144,207,47,67,6,14,73
,,,,"00PT","Cardiff","W02000406","Cardiff 040",,,3079,996,377,619,1722,222,878,290,170,266,152,292,199,35,49,9,330,124,96,110,361,42,50,18,24,227
,,,,"00PT","Cardiff","W02000407","Cardiff 041",,,2402,772,402,370,1468,157,667,231,99,207,130,202,80,58,60,4,442,160,174,108,162,32,29,3,7,91
,,,,"00PT","Cardiff","W02000408","Cardiff 042",,,2597,1118,343,775,1112,91,538,137,85,242,74,176,131,20,18,7,307,103,131,73,367,38,77,30,14,208
,,,,"00PT","Cardiff","W02000409","Cardiff 043",,,2450,706,369,337,1626,196,847,278,142,275,152,190,78,46,62,4,393,149,148,96,118,23,20,0,13,62
,,,,"00PT","Cardiff","W02000410","Cardiff 044",,,2753,836,313,523,1530,134,783,201,146,314,122,205,120,42,37,6,408,143,182,83,387,54,85,22,20,206
,,,,"00PT","Cardiff","W02000411","Cardiff 045",,,2422,759,318,441,1493,145,730,244,126,236,124,199,88,48,54,9,419,127,195,97,170,37,39,3,7,84
,,,,"00PT","Cardiff","W02000412","Cardiff 046",,,2485,850,344,506,1421,145,739,255,134,244,106,220,143,36,41,0,317,129,124,64,214,37,51,0,13,113
,,,,"00PT","Cardiff","W02000413","Cardiff 047",,,2957,1385,353,1032,1241,67,455,213,76,121,45,292,236,24,26,6,427,183,146,98,331,39,51,13,21,207