DATASET_TITLE,"Life Expectancy at Birth, 2005-2007",,,,,,FROM,Jan-2005,Jan-2005,Jan-2005,Jan-2005,Jan-2005,Jan-2005
AREA_TYPE,Local Authority,,,,,,TO,Dec-2007,Dec-2007,Dec-2007,Dec-2007,Dec-2007,Dec-2007
GEO_HIERARCHY,NeSS Geography Hierarchy,,,,,,HEADING,Life Expectancy at Birth; Males,Life Expectancy at Birth; Males; 95% Confidence Interval (Lower Limit),Life Expectancy at Birth; Males; 95% Confidence Interval (Upper Limit),Life Expectancy at Birth; Females,Life Expectancy at Birth; Females; 95% Confidence Interval (Lower Limit),Life Expectancy at Birth; Females; 95% Confidence Interval (Upper Limit)
,,,,,,,MEASUREMENT_UNIT,Years,Years,Years,Years,Years,Years
,,,,,,,STATISTICAL_UNIT,Persons,Persons,Persons,Persons,Persons,Persons
GOR_CODE,GOR_NAME,CTY_CODE,CTY_NAME,LA_CODE,LA_NAME,AREA_METADATA,,DATA_VALUE,DATA_VALUE,DATA_VALUE,DATA_VALUE,DATA_VALUE,DATA_VALUE
"A","North East",,,"00CH","Gateshead",,,75.8,75.2,76.3,80.4,79.9,80.8
"A","North East",,,"00CJ","Newcastle upon Tyne",,,75.7,75.3,76.1,80.5,80.1,80.9
"A","North East",,,"00CK","North Tyneside",,,76.7,76.2,77.2,80.9,80.4,81.3
"A","North East",,,"00CL","South Tyneside",,,75.6,75.1,76.2,80.5,79.9,81
"A","North East",,,"00CM","Sunderland",,,75.6,75.2,76,80.2,79.8,80.6
"A","North East",,,"00EB","Hartlepool",,,75,74.3,75.7,78.1,77.4,78.9
"A","North East",,,"00EC","Middlesbrough",,,75,74.4,75.6,79.6,79.1,80.2
"A","North East",,,"00EE","Redcar and Cleveland",,,76.7,76.1,77.3,80.8,80.2,81.3
"A","North East",,,"00EF","Stockton-on-Tees",,,76.4,75.9,76.9,80.8,80.3,81.2
"A","North East",,,"00EH","Darlington",,,76.3,75.6,77,80.4,79.7,81
"A","North East",,,"00EJ","Durham",,,76.5,76.2,76.8,80.2,80,80.5
"A","North East",,,"00EM","Northumberland",,,77.7,77.3,78,81.3,80.9,81.6
"B","North West",,,"00BL","Bolton",,,75.2,74.7,75.6,79.6,79.2,80.1
"B","North West",,,"00BM","Bury",,,76.5,76,77,80.5,80.1,81
"B","North West",,,"00BN","Manchester",,,73.4,73,73.7,78.9,78.5,79.2
"B","North West",,,"00BP","Oldham",,,75.3,74.8,75.7,79.2,78.7,79.6
"B","North West",,,"00BQ","Rochdale",,,75.1,74.6,75.6,79.5,79.1,80
"B","North West",,,"00BR","Salford",,,74.7,74.2,75.1,79,78.6,79.5
"B","North West",,,"00BS","Stockport",,,77.5,77.1,77.9,82.2,81.8,82.6
"B","North West",,,"00BT","Tameside",,,75.3,74.8,75.8,79.6,79.2,80
"B","North West",,,"00BU","Trafford",,,77.7,77.3,78.2,82,81.6,82.4
"B","North West",,,"00BW","Wigan",,,75.4,75,75.8,79.6,79.2,79.9
"B","North West",,,"00BX","Knowsley",,,74.8,74.3,75.4,79.2,78.6,79.7
"B","North West",,,"00BY","Liverpool",,,73.9,73.6,74.3,78.7,78.4,79
"B","North West",,,"00BZ","St. Helens",,,75.4,74.8,75.9,80,79.5,80.5
"B","North West",,,"00CA","Sefton",,,76.5,76.1,77,81.4,81,81.7
"B","North West",,,"00CB","Wirral",,,75.7,75.3,76.1,80.9,80.5,81.3
"B","North West",,,"00EQ","Cheshire East",,,78.4,78,78.7,82.4,82,82.7
"B","North West",,,"00ET","Halton",,,74.4,73.8,75.1,78.6,78,79.2
"B","North West",,,"00EU","Warrington",,,76.4,75.9,76.9,80.8,80.3,81.2
"B","North West",,,"00EW","Cheshire West and Chester",,,77.9,77.5,78.3,81.7,81.3,82
"B","North West",,,"00EX","Blackburn with Darwen",,,74.1,73.5,74.7,79.2,78.6,79.7
"B","North West",,,"00EY","Blackpool",,,73.2,72.5,73.8,79,78.5,79.6
"B","North West","16","Cumbria","16UB","Allerdale",,,76.9,76.2,77.5,80.7,80.1,81.4
"B","North West","16","Cumbria","16UC","Barrow-in-Furness",,,75.9,75.1,76.7,80.9,80.1,81.7
"B","North West","16","Cumbria","16UD","Carlisle",,,76.8,76.1,77.4,81.1,80.5,81.8
"B","North West","16","Cumbria","16UE","Copeland",,,76.6,75.8,77.4,80.7,79.9,81.4
"B","North West","16","Cumbria","16UF","Eden",,,78.2,77.1,79.2,83,82.1,83.9
"B","North West","16","Cumbria","16UG","South Lakeland",,,79.3,78.7,80,83.1,82.4,83.7
"B","North West","30","Lancashire","30UD","Burnley",,,75.3,74.5,76.1,79,78.3,79.7
"B","North West","30","Lancashire","30UE","Chorley",,,77.4,76.8,78,81.4,80.8,82
"B","North West","30","Lancashire","30UF","Fylde",,,78.8,78,79.5,81.7,81,82.4
"B","North West","30","Lancashire","30UG","Hyndburn",,,75.4,74.6,76.2,79.9,79.2,80.7
"B","North West","30","Lancashire","30UH","Lancaster",,,76.7,76.1,77.3,81.3,80.8,81.9
"B","North West","30","Lancashire","30UJ","Pendle",,,76,75.2,76.8,80.5,79.7,81.2
"B","North West","30","Lancashire","30UK","Preston",,,75.1,74.5,75.7,79.9,79.4,80.5
"B","North West","30","Lancashire","30UL","Ribble Valley",,,78.7,77.9,79.6,82.8,82.1,83.5
"B","North West","30","Lancashire","30UM","Rossendale",,,75.4,74.5,76.2,80.2,79.5,81
"B","North West","30","Lancashire","30UN","South Ribble",,,77.5,76.9,78.2,81.6,81.1,82.2
"B","North West","30","Lancashire","30UP","West Lancashire",,,77.7,77.1,78.3,80.6,80,81.2
"B","North West","30","Lancashire","30UQ","Wyre",,,77.1,76.4,77.8,81.3,80.7,81.8
"D","Yorkshire and The Humber",,,"00CC","Barnsley",,,75.4,75,75.9,79.8,79.4,80.2
"D","Yorkshire and The Humber",,,"00CE","Doncaster",,,75.9,75.5,76.4,80.6,80.3,81
"D","Yorkshire and The Humber",,,"00CF","Rotherham",,,76.2,75.8,76.6,80.6,80.2,81
"D","Yorkshire and The Humber",,,"00CG","Sheffield",,,77.2,76.9,77.5,81.2,80.9,81.5
"D","Yorkshire and The Humber",,,"00CX","Bradford",,,75.9,75.6,76.2,79.8,79.5,80.1
"D","Yorkshire and The Humber",,,"00CY","Calderdale",,,76.7,76.2,77.2,81.3,80.9,81.8
"D","Yorkshire and The Humber",,,"00CZ","Kirklees",,,76.5,76.1,76.8,80.6,80.2,80.9
"D","Yorkshire and The Humber",,,"00DA","Leeds",,,77,76.7,77.2,81.8,81.5,82
"D","Yorkshire and The Humber",,,"00DB","Wakefield",,,76.3,75.9,76.7,80.6,80.2,80.9
"D","Yorkshire and The Humber",,,"00FA","Kingston upon Hull, City of",,,74.8,74.4,75.3,79.1,78.6,79.5
"D","Yorkshire and The Humber",,,"00FB","East Riding of Yorkshire",,,78.6,78.2,79,81.9,81.6,82.3
"D","Yorkshire and The Humber",,,"00FC","North East Lincolnshire",,,75.9,75.4,76.5,80.7,80.2,81.3
"D","Yorkshire and The Humber",,,"00FD","North Lincolnshire",,,77.1,76.6,77.7,81.1,80.6,81.6
"D","Yorkshire and The Humber",,,"00FF","York",,,78.5,78,79.1,83.4,82.9,83.8
"D","Yorkshire and The Humber","36","North Yorkshire","36UB","Craven",,,79.6,78.7,80.6,83.3,82.5,84
"D","Yorkshire and The Humber","36","North Yorkshire","36UC","Hambleton",,,79.2,78.5,79.9,83.4,82.7,84.1
"D","Yorkshire and The Humber","36","North Yorkshire","36UD","Harrogate",,,79.5,79,80,82.6,82.1,83.1
"D","Yorkshire and The Humber","36","North Yorkshire","36UE","Richmondshire",,,79.2,78.3,80.1,81.6,80.7,82.6
"D","Yorkshire and The Humber","36","North Yorkshire","36UF","Ryedale",,,78.3,77.3,79.4,82.3,81.2,83.3
"D","Yorkshire and The Humber","36","North Yorkshire","36UG","Scarborough",,,76.8,76.1,77.4,81.6,80.9,82.2
"D","Yorkshire and The Humber","36","North Yorkshire","36UH","Selby",,,78.1,77.4,78.9,82.5,81.8,83.1
"E","East Midlands",,,"00FK","Derby",,,77.1,76.6,77.5,81.9,81.5,82.3
"E","East Midlands",,,"00FN","Leicester",,,75.4,75,75.8,79.9,79.5,80.3
"E","East Midlands",,,"00FP","Rutland",,,79.8,78.6,81.1,84.5,83.3,85.8
"E","East Midlands",,,"00FY","Nottingham",,,74.6,74.1,75,80.1,79.7,80.6
"E","East Midlands","17","Derbyshire","17UB","Amber Valley",,,78.1,77.5,78.7,82.2,81.6,82.8
"E","East Midlands","17","Derbyshire","17UC","Bolsover",,,76.4,75.7,77.1,80.7,80,81.3
"E","East Midlands","17","Derbyshire","17UD","Chesterfield",,,76.8,76.2,77.5,81.2,80.6,81.8
"E","East Midlands","17","Derbyshire","17UF","Derbyshire Dales",,,79.2,78.3,80,82.8,82.1,83.5
"E","East Midlands","17","Derbyshire","17UG","Erewash",,,77.3,76.6,78,81.3,80.7,81.9
"E","East Midlands","17","Derbyshire","17UH","High Peak",,,78.4,77.7,79.1,81.5,80.7,82.2
"E","East Midlands","17","Derbyshire","17UJ","North East Derbyshire",,,78,77.4,78.7,81,80.4,81.6
"E","East Midlands","17","Derbyshire","17UK","South Derbyshire",,,77.9,77.2,78.6,82,81.3,82.6
"E","East Midlands","31","Leicestershire","31UB","Blaby",,,80.1,79.3,80.8,83.2,82.5,83.8
"E","East Midlands","31","Leicestershire","31UC","Charnwood",,,78.4,77.8,78.9,82.7,82.1,83.2
"E","East Midlands","31","Leicestershire","31UD","Harborough",,,79.5,78.8,80.3,82.6,81.9,83.3
"E","East Midlands","31","Leicestershire","31UE","Hinckley and Bosworth",,,79.5,78.9,80.2,82,81.4,82.6
"E","East Midlands","31","Leicestershire","31UG","Melton",,,79.2,78.3,80.1,82.4,81.5,83.4
"E","East Midlands","31","Leicestershire","31UH","North West Leicestershire",,,77.8,77.1,78.5,81.3,80.6,82
"E","East Midlands","31","Leicestershire","31UJ","Oadby and Wigston",,,79.3,78.4,80.3,82.3,81.4,83.1
"E","East Midlands","32","Lincolnshire","32UB","Boston",,,76.4,75.5,77.3,81.2,80.4,82
"E","East Midlands","32","Lincolnshire","32UC","East Lindsey",,,77.5,76.9,78.2,81.9,81.3,82.4
"E","East Midlands","32","Lincolnshire","32UD","Lincoln",,,76.5,75.7,77.2,80.4,79.6,81.1
"E","East Midlands","32","Lincolnshire","32UE","North Kesteven",,,79.3,78.6,79.9,83,82.4,83.6
"E","East Midlands","32","Lincolnshire","32UF","South Holland",,,78.1,77.4,78.9,81.7,81,82.5
"E","East Midlands","32","Lincolnshire","32UG","South Kesteven",,,77.8,77.1,78.5,82.1,81.6,82.7
"E","East Midlands","32","Lincolnshire","32UH","West Lindsey",,,78.5,77.7,79.2,80.7,79.9,81.5
"E","East Midlands","34","Northamptonshire","34UB","Corby",,,74.3,73.3,75.4,80.1,79.3,81
"E","East Midlands","34","Northamptonshire","34UC","Daventry",,,78.4,77.6,79.2,82.1,81.3,82.8
"E","East Midlands","34","Northamptonshire","34UD","East Northamptonshire",,,78.8,78.1,79.5,80.9,80.2,81.6
"E","East Midlands","34","Northamptonshire","34UE","Kettering",,,77.8,77,78.5,81.3,80.6,82
"E","East Midlands","34","Northamptonshire","34UF","Northampton",,,77.2,76.7,77.7,81.5,81,82
"E","East Midlands","34","Northamptonshire","34UG","South Northamptonshire",,,80,79.3,80.7,83.2,82.5,83.9
"E","East Midlands","34","Northamptonshire","34UH","Wellingborough",,,77.7,76.9,78.5,82.6,81.9,83.3
"E","East Midlands","37","Nottinghamshire","37UB","Ashfield",,,76,75.4,76.7,80.6,80,81.2
"E","East Midlands","37","Nottinghamshire","37UC","Bassetlaw",,,76.9,76.2,77.5,81.1,80.5,81.6
"E","East Midlands","37","Nottinghamshire","37UD","Broxtowe",,,78.7,78.1,79.2,82.2,81.6,82.8
"E","East Midlands","37","Nottinghamshire","37UE","Gedling",,,78.7,78.1,79.2,82.2,81.6,82.8
"E","East Midlands","37","Nottinghamshire","37UF","Mansfield",,,75.5,74.8,76.2,80.4,79.8,81.1
"E","East Midlands","37","Nottinghamshire","37UG","Newark and Sherwood",,,77.7,77.1,78.4,81.1,80.5,81.7
"E","East Midlands","37","Nottinghamshire","37UJ","Rushcliffe",,,79.8,79.1,80.4,83.6,83.1,84.2
"F","West Midlands",,,"00CN","Birmingham",,,75.5,75.3,75.8,80.7,80.5,81
"F","West Midlands",,,"00CQ","Coventry",,,76.1,75.7,76.5,80.9,80.5,81.2
"F","West Midlands",,,"00CR","Dudley",,,77.1,76.7,77.5,81.6,81.2,81.9
"F","West Midlands",,,"00CS","Sandwell",,,74.2,73.8,74.7,80,79.6,80.4
"F","West Midlands",,,"00CT","Solihull",,,78.4,77.9,78.9,83.8,83.4,84.2
"F","West Midlands",,,"00CU","Walsall",,,75.7,75.3,76.2,81.3,80.9,81.7
"F","West Midlands",,,"00CW","Wolverhampton",,,75.7,75.2,76.1,80.3,79.9,80.8
"F","West Midlands",,,"00GA","Herefordshire, County of",,,78.1,77.6,78.6,83,82.6,83.5
"F","West Midlands",,,"00GF","Telford and Wrekin",,,76.9,76.4,77.5,81.4,80.9,82
"F","West Midlands",,,"00GG","Shropshire",,,78.3,77.9,78.7,82.7,82.3,83.1
"F","West Midlands",,,"00GL","Stoke-on-Trent",,,74.9,74.5,75.4,80,79.5,80.4
"F","West Midlands","41","Staffordshire","41UB","Cannock Chase",,,76.3,75.6,77,80.3,79.6,80.9
"F","West Midlands","41","Staffordshire","41UC","East Staffordshire",,,76.8,76.2,77.5,80.8,80.1,81.4
"F","West Midlands","41","Staffordshire","41UD","Lichfield",,,78.5,77.8,79.1,81.6,81,82.2
"F","West Midlands","41","Staffordshire","41UE","Newcastle-under-Lyme",,,76.6,75.9,77.2,81.5,80.9,82.1
"F","West Midlands","41","Staffordshire","41UF","South Staffordshire",,,78.2,77.6,78.8,81.8,81.2,82.3
"F","West Midlands","41","Staffordshire","41UG","Stafford",,,78,77.4,78.6,81.9,81.4,82.5
"F","West Midlands","41","Staffordshire","41UH","Staffordshire Moorlands",,,78,77.3,78.7,81.8,81.2,82.4
"F","West Midlands","41","Staffordshire","41UK","Tamworth",,,78.3,77.5,79.1,80.7,80,81.5
"F","West Midlands","44","Warwickshire","44UB","North Warwickshire",,,77.4,76.5,78.2,81.3,80.6,82
"F","West Midlands","44","Warwickshire","44UC","Nuneaton and Bedworth",,,76.5,75.9,77.1,80.4,79.8,80.9
"F","West Midlands","44","Warwickshire","44UD","Rugby",,,78,77.3,78.8,81.4,80.7,82.1
"F","West Midlands","44","Warwickshire","44UE","Stratford-on-Avon",,,79,78.4,79.6,82.1,81.5,82.7
"F","West Midlands","44","Warwickshire","44UF","Warwick",,,79.1,78.5,79.7,83.2,82.7,83.7
"F","West Midlands","47","Worcestershire","47UB","Bromsgrove",,,79.1,78.5,79.8,81.7,81,82.4
"F","West Midlands","47","Worcestershire","47UC","Malvern Hills",,,78.6,77.8,79.4,82.4,81.7,83.2
"F","West Midlands","47","Worcestershire","47UD","Redditch",,,77.2,76.4,78,80.5,79.7,81.4
"F","West Midlands","47","Worcestershire","47UE","Worcester",,,77.3,76.5,78,81.9,81.3,82.6
"F","West Midlands","47","Worcestershire","47UF","Wychavon",,,78.9,78.3,79.6,83.6,83.1,84.1
"F","West Midlands","47","Worcestershire","47UG","Wyre Forest",,,77.9,77.2,78.7,82,81.3,82.6
"G","East of England",,,"00JA","Peterborough",,,76.5,75.9,77,80.6,80.1,81.1
"G","East of England",,,"00KA","Luton",,,76.5,75.9,77,80.2,79.7,80.7
"G","East of England",,,"00KB","Bedford",,,78.3,77.8,78.9,82,81.5,82.5
"G","East of England",,,"00KC","Central Bedfordshire",,,78.4,78,78.9,82.1,81.7,82.5
"G","East of England",,,"00KF","Southend-on-Sea",,,77,76.5,77.6,81.5,81,82
"G","East of England",,,"00KG","Thurrock",,,78,77.4,78.5,81.6,81,82.1
"G","East of England","12","Cambridgeshire","12UB","Cambridge",,,77.7,77,78.4,82.6,81.9,83.2
"G","East of England","12","Cambridgeshire","12UC","East Cambridgeshire",,,80.1,79.4,80.9,84,83.4,84.7
"G","East of England","12","Cambridgeshire","12UD","Fenland",,,77.4,76.7,78.1,80.9,80.2,81.6
"G","East of England","12","Cambridgeshire","12UE","Huntingdonshire",,,78.7,78.1,79.2,82.6,82.1,83.1
"G","East of England","12","Cambridgeshire","12UG","South Cambridgeshire",,,80.6,80,81.2,84.5,84,85
"G","East of England","22","Essex","22UB","Basildon",,,77.9,77.3,78.4,81.7,81.2,82.1
"G","East of England","22","Essex","22UC","Braintree",,,78.6,78,79.2,82.6,82.1,83.1
"G","East of England","22","Essex","22UD","Brentwood",,,80.3,79.6,81,83.6,82.9,84.3
"G","East of England","22","Essex","22UE","Castle Point",,,79.7,79.1,80.4,82.2,81.5,82.8
"G","East of England","22","Essex","22UF","Chelmsford",,,79.8,79.3,80.4,83.9,83.4,84.4
"G","East of England","22","Essex","22UG","Colchester",,,78.3,77.8,78.8,83.1,82.6,83.6
"G","East of England","22","Essex","22UH","Epping Forest",,,78.3,77.8,78.9,82.2,81.7,82.7
"G","East of England","22","Essex","22UJ","Harlow",,,77.7,76.8,78.5,82.7,81.9,83.4
"G","East of England","22","Essex","22UK","Maldon",,,78.4,77.5,79.2,82.6,81.8,83.4
"G","East of England","22","Essex","22UL","Rochford",,,79.7,79,80.3,84.4,83.7,85
"G","East of England","22","Essex","22UN","Tendring",,,77.7,77.1,78.3,81.8,81.3,82.4
"G","East of England","22","Essex","22UQ","Uttlesford",,,79.5,78.8,80.3,83.2,82.5,83.8
"G","East of England","26","Hertfordshire","26UB","Broxbourne",,,79.6,78.9,80.3,82.5,81.9,83.2
"G","East of England","26","Hertfordshire","26UC","Dacorum",,,79.2,78.6,79.7,82.9,82.4,83.4
"G","East of England","26","Hertfordshire","26UD","East Hertfordshire",,,80,79.4,80.6,83,82.5,83.6
"G","East of England","26","Hertfordshire","26UE","Hertsmere",,,78.7,78,79.4,82.2,81.7,82.8
"G","East of England","26","Hertfordshire","26UF","North Hertfordshire",,,78.5,77.9,79.1,82.7,82.2,83.2
"G","East of England","26","Hertfordshire","26UG","St Albans",,,80,79.4,80.5,83.3,82.8,83.8
"G","East of England","26","Hertfordshire","26UH","Stevenage",,,77.6,76.8,78.4,81.8,81.1,82.6
"G","East of England","26","Hertfordshire","26UJ","Three Rivers",,,80.6,79.9,81.3,82.9,82.2,83.5
"G","East of England","26","Hertfordshire","26UK","Watford",,,77.4,76.7,78.2,81.1,80.3,81.8
"G","East of England","26","Hertfordshire","26UL","Welwyn Hatfield",,,78.9,78.2,79.5,82.8,82.2,83.4
"G","East of England","33","Norfolk","33UB","Breckland",,,79,78.5,79.6,82.6,82.1,83.1
"G","East of England","33","Norfolk","33UC","Broadland",,,79.1,78.5,79.7,82.9,82.4,83.4
"G","East of England","33","Norfolk","33UD","Great Yarmouth",,,77.1,76.4,77.8,81.9,81.3,82.5
"G","East of England","33","Norfolk","33UE","King's Lynn and West Norfolk",,,78.3,77.7,78.9,82.1,81.5,82.6
"G","East of England","33","Norfolk","33UF","North Norfolk",,,78.4,77.6,79.2,84.3,83.7,84.8
"G","East of England","33","Norfolk","33UG","Norwich",,,77.1,76.4,77.8,83.1,82.4,83.7
"G","East of England","33","Norfolk","33UH","South Norfolk",,,80,79.3,80.6,83.4,82.8,84
"G","East of England","42","Suffolk","42UB","Babergh",,,79.3,78.6,80,83.5,82.9,84.1
"G","East of England","42","Suffolk","42UC","Forest Heath",,,78.9,78.1,79.8,83.3,82.5,84.1
"G","East of England","42","Suffolk","42UD","Ipswich",,,78,77.4,78.7,82.7,82.2,83.3
"G","East of England","42","Suffolk","42UE","Mid Suffolk",,,80.2,79.5,80.8,83.8,83.1,84.4
"G","East of England","42","Suffolk","42UF","St Edmundsbury",,,79.1,78.4,79.8,83,82.4,83.6
"G","East of England","42","Suffolk","42UG","Suffolk Coastal",,,80.3,79.7,80.9,83.4,82.8,83.9
"G","East of England","42","Suffolk","42UH","Waveney",,,78.8,78.1,79.4,82.5,81.9,83
"H","London",,,"00AA","City of London",,,..,..,..,..,..,..
"H","London",,,"00AB","Barking and Dagenham",,,76.3,75.8,76.9,80.3,79.8,80.9
"H","London",,,"00AC","Barnet",,,79.5,79.1,79.9,83.6,83.3,83.9
"H","London",,,"00AD","Bexley",,,78.8,78.3,79.2,82.8,82.4,83.2
"H","London",,,"00AE","Brent",,,78.3,77.8,78.8,83.7,83.2,84.1
"H","London",,,"00AF","Bromley",,,79.6,79.2,80,83.5,83.2,83.9
"H","London",,,"00AG","Camden",,,76.7,76.1,77.2,82.1,81.6,82.6
"H","London",,,"00AH","Croydon",,,78.3,77.9,78.7,82,81.6,82.3
"H","London",,,"00AJ","Ealing",,,78.1,77.7,78.6,83,82.6,83.4
"H","London",,,"00AK","Enfield",,,78.5,78.1,79,82.4,82,82.8
"H","London",,,"00AL","Greenwich",,,74.8,74.4,75.3,81.4,80.9,81.8
"H","London",,,"00AM","Hackney",,,75.6,75.1,76.2,82.1,81.5,82.7
"H","London",,,"00AN","Hammersmith and Fulham",,,77.8,77.1,78.4,83.9,83.4,84.5
"H","London",,,"00AP","Haringey",,,76.1,75.6,76.6,82.8,82.3,83.3
"H","London",,,"00AQ","Harrow",,,79.7,79.3,80.2,83.7,83.2,84.1
"H","London",,,"00AR","Havering",,,78.3,77.9,78.7,82.1,81.7,82.5
"H","London",,,"00AS","Hillingdon",,,78,77.6,78.4,82.7,82.3,83.2
"H","London",,,"00AT","Hounslow",,,77,76.5,77.5,81.2,80.8,81.7
"H","London",,,"00AU","Islington",,,75,74.4,75.6,80.7,80.2,81.3
"H","London",,,"00AW","Kensington and Chelsea",,,83.6,82.9,84.2,87.6,87,88.2
"H","London",,,"00AX","Kingston upon Thames",,,79.3,78.8,79.9,83.1,82.6,83.6
"H","London",,,"00AY","Lambeth",,,75.8,75.3,76.3,80.6,80.1,81.1
"H","London",,,"00AZ","Lewisham",,,76,75.6,76.5,80.8,80.4,81.2
"H","London",,,"00BA","Merton",,,79.7,79.2,80.2,83,82.5,83.5
"H","London",,,"00BB","Newham",,,75.5,75,76,79.7,79.2,80.2
"H","London",,,"00BC","Redbridge",,,78.4,77.9,78.8,82.4,82,82.8
"H","London",,,"00BD","Richmond upon Thames",,,80.1,79.6,80.6,83.9,83.4,84.4
"H","London",,,"00BE","Southwark",,,77,76.5,77.5,82,81.5,82.5
"H","London",,,"00BF","Sutton",,,78.8,78.3,79.3,82.6,82.1,83
"H","London",,,"00BG","Tower Hamlets",,,75.3,74.7,75.8,80.4,79.9,80.9
"H","London",,,"00BH","Waltham Forest",,,75.8,75.4,76.3,81,80.5,81.4
"H","London",,,"00BJ","Wandsworth",,,76.8,76.4,77.3,81.4,80.9,81.8
"H","London",,,"00BK","Westminster",,,81.6,81,82.1,84.6,84.1,85.1
"J","South East",,,"00LC","Medway",,,76.5,76.1,77,81,80.6,81.4
"J","South East",,,"00MA","Bracknell Forest",,,78.9,78.2,79.5,83,82.3,83.6
"J","South East",,,"00MB","West Berkshire",,,79.2,78.6,79.8,82.9,82.3,83.4
"J","South East",,,"00MC","Reading",,,77.5,76.9,78.1,81.9,81.3,82.5
"J","South East",,,"00MD","Slough",,,78,77.2,78.7,82.4,81.7,83
"J","South East",,,"00ME","Windsor and Maidenhead",,,79.1,78.5,79.6,82.8,82.2,83.3
"J","South East",,,"00MF","Wokingham",,,81,80.4,81.5,83.6,83.1,84.1
"J","South East",,,"00MG","Milton Keynes",,,78,77.5,78.5,81.5,81,81.9
"J","South East",,,"00ML","Brighton and Hove",,,76.3,75.8,76.8,81.7,81.3,82.1
"J","South East",,,"00MR","Portsmouth",,,76.6,76.1,77.1,81.9,81.4,82.4
"J","South East",,,"00MS","Southampton",,,77.1,76.6,77.6,82,81.5,82.5
"J","South East",,,"00MW","Isle of Wight",,,78.8,78.2,79.4,83.1,82.6,83.6
"J","South East","11","Buckinghamshire","11UB","Aylesbury Vale",,,79.2,78.7,79.7,82,81.5,82.5
"J","South East","11","Buckinghamshire","11UC","Chiltern",,,79.5,78.8,80.3,84.4,83.8,85
"J","South East","11","Buckinghamshire","11UE","South Bucks",,,80.5,79.7,81.4,83.1,82.3,83.8
"J","South East","11","Buckinghamshire","11UF","Wycombe",,,79.5,78.9,80,83.6,83,84.1
"J","South East","21","East Sussex","21UC","Eastbourne",,,77.8,77.1,78.6,82.1,81.5,82.8
"J","South East","21","East Sussex","21UD","Hastings",,,75.9,75.2,76.7,80.4,79.6,81.1
"J","South East","21","East Sussex","21UF","Lewes",,,80,79.2,80.7,84.2,83.5,84.8
"J","South East","21","East Sussex","21UG","Rother",,,79,78.2,79.8,82.8,82.1,83.4
"J","South East","21","East Sussex","21UH","Wealden",,,80.4,79.9,81,83.8,83.3,84.3
"J","South East","24","Hampshire","24UB","Basingstoke and Deane",,,79.3,78.8,79.9,82.7,82.2,83.3
"J","South East","24","Hampshire","24UC","East Hampshire",,,79.2,78.5,79.9,82.3,81.7,82.9
"J","South East","24","Hampshire","24UD","Eastleigh",,,79.7,79.1,80.3,83,82.4,83.5
"J","South East","24","Hampshire","24UE","Fareham",,,80.9,80.3,81.5,83.9,83.4,84.5
"J","South East","24","Hampshire","24UF","Gosport",,,77.3,76.6,78.1,81.2,80.5,81.9
"J","South East","24","Hampshire","24UG","Hart",,,81,80.3,81.6,84.7,84,85.3
"J","South East","24","Hampshire","24UH","Havant",,,78.8,78.2,79.5,82.8,82.2,83.3
"J","South East","24","Hampshire","24UJ","New Forest",,,80.5,80,81,84.1,83.6,84.6
"J","South East","24","Hampshire","24UL","Rushmoor",,,79.2,78.5,80,82.6,81.9,83.2
"J","South East","24","Hampshire","24UN","Test Valley",,,79,78.4,79.6,83.2,82.6,83.8
"J","South East","24","Hampshire","24UP","Winchester",,,79.9,79.3,80.6,83.4,82.8,84
"J","South East","29","Kent","29UB","Ashford",,,79.7,79,80.4,82.2,81.6,82.8
"J","South East","29","Kent","29UC","Canterbury",,,78.5,78,79.1,81.8,81.3,82.4
"J","South East","29","Kent","29UD","Dartford",,,78.1,77.5,78.8,81.6,81.1,82.2
"J","South East","29","Kent","29UE","Dover",,,77.4,76.7,78.1,81.6,81,82.2
"J","South East","29","Kent","29UG","Gravesham",,,78.6,77.9,79.2,81.9,81.3,82.5
"J","South East","29","Kent","29UH","Maidstone",,,78.2,77.6,78.7,82.2,81.7,82.7
"J","South East","29","Kent","29UK","Sevenoaks",,,80.7,80.1,81.3,83.8,83.2,84.4
"J","South East","29","Kent","29UL","Shepway",,,77.6,76.9,78.3,81.5,80.9,82.1
"J","South East","29","Kent","29UM","Swale",,,77.1,76.5,77.7,80.9,80.3,81.5
"J","South East","29","Kent","29UN","Thanet",,,76.3,75.7,76.9,80.9,80.3,81.4
"J","South East","29","Kent","29UP","Tonbridge and Malling",,,79.5,78.9,80.1,83.4,82.8,83.9
"J","South East","29","Kent","29UQ","Tunbridge Wells",,,79.2,78.5,79.9,82.8,82.2,83.4
"J","South East","38","Oxfordshire","38UB","Cherwell",,,78.9,78.3,79.5,83.3,82.8,83.9
"J","South East","38","Oxfordshire","38UC","Oxford",,,77.9,77.2,78.6,82.4,81.8,83
"J","South East","38","Oxfordshire","38UD","South Oxfordshire",,,79.3,78.7,79.9,83.1,82.6,83.7
"J","South East","38","Oxfordshire","38UE","Vale of White Horse",,,80,79.3,80.6,83.7,83.2,84.3
"J","South East","38","Oxfordshire","38UF","West Oxfordshire",,,79.7,79,80.3,83.4,82.8,84
"J","South East","43","Surrey","43UB","Elmbridge",,,81,80.5,81.6,83.2,82.7,83.7
"J","South East","43","Surrey","43UC","Epsom and Ewell",,,79.9,79.1,80.7,84.4,83.7,85
"J","South East","43","Surrey","43UD","Guildford",,,80.2,79.6,80.8,84.3,83.8,84.8
"J","South East","43","Surrey","43UE","Mole Valley",,,79.9,79.2,80.6,84,83.4,84.6
"J","South East","43","Surrey","43UF","Reigate and Banstead",,,78.7,78.2,79.3,82.5,81.9,83
"J","South East","43","Surrey","43UG","Runnymede",,,79.1,78.3,79.9,83,82.3,83.7
"J","South East","43","Surrey","43UH","Spelthorne",,,79,78.4,79.7,82.6,82,83.3
"J","South East","43","Surrey","43UJ","Surrey Heath",,,80,79.3,80.7,83,82.3,83.6
"J","South East","43","Surrey","43UK","Tandridge",,,79.7,78.9,80.5,83.3,82.7,84
"J","South East","43","Surrey","43UL","Waverley",,,80.2,79.5,80.8,83.6,83.1,84.2
"J","South East","43","Surrey","43UM","Woking",,,79.1,78.3,79.8,83,82.3,83.6
"J","South East","45","West Sussex","45UB","Adur",,,78.4,77.6,79.2,81.2,80.4,82.1
"J","South East","45","West Sussex","45UC","Arun",,,78.2,77.6,78.8,82.3,81.8,82.9
"J","South East","45","West Sussex","45UD","Chichester",,,79.1,78.4,79.8,82.6,82,83.2
"J","South East","45","West Sussex","45UE","Crawley",,,80,79.1,80.8,83,82.4,83.7
"J","South East","45","West Sussex","45UF","Horsham",,,80.1,79.5,80.7,83.3,82.7,83.9
"J","South East","45","West Sussex","45UG","Mid Sussex",,,79.9,79.3,80.5,82.6,82.1,83.1
"J","South East","45","West Sussex","45UH","Worthing",,,78.2,77.5,78.9,81.3,80.6,81.9
"K","South West",,,"00HA","Bath and North East Somerset",,,79.7,79.2,80.2,83.1,82.7,83.6
"K","South West",,,"00HB","Bristol, City of",,,77,76.6,77.3,81.4,81.1,81.8
"K","South West",,,"00HC","North Somerset",,,79.3,78.8,79.8,82.9,82.4,83.3
"K","South West",,,"00HD","South Gloucestershire",,,79.5,79.1,79.9,83.6,83.2,84
"K","South West",,,"00HE","Cornwall",,,78.3,78,78.6,82.6,82.4,82.9
"K","South West",,,"00HF","Isles of Scilly",,,..,..,..,..,..,..
"K","South West",,,"00HG","Plymouth",,,76.7,76.3,77.2,81.9,81.5,82.3
"K","South West",,,"00HH","Torbay",,,77.4,76.7,78,82.3,81.8,82.9
"K","South West",,,"00HN","Bournemouth",,,77.9,77.3,78.5,82.1,81.6,82.6
"K","South West",,,"00HP","Poole",,,79,78.5,79.6,83.4,82.8,83.9
"K","South West",,,"00HX","Swindon",,,77.7,77.2,78.1,81.5,81,81.9
"K","South West",,,"00HY","Wiltshire",,,79.3,78.9,79.6,83.1,82.8,83.4
"K","South West","18","Devon","18UB","East Devon",,,79.5,78.9,80.1,83.5,82.9,84
"K","South West","18","Devon","18UC","Exeter",,,78,77.4,78.6,83.1,82.5,83.7
"K","South West","18","Devon","18UD","Mid Devon",,,79.7,78.9,80.4,83.2,82.5,83.9
"K","South West","18","Devon","18UE","North Devon",,,78.2,77.4,79,82.7,82.1,83.3
"K","South West","18","Devon","18UG","South Hams",,,79.1,78.3,79.8,83.3,82.6,84
"K","South West","18","Devon","18UH","Teignbridge",,,79.7,79.2,80.3,84,83.4,84.5
"K","South West","18","Devon","18UK","Torridge",,,78.4,77.5,79.3,83.3,82.6,84.1
"K","South West","18","Devon","18UL","West Devon",,,79.3,78.4,80.3,84.1,83.2,85.1
"K","South West","19","Dorset","19UC","Christchurch",,,80.3,79.2,81.3,84.5,83.7,85.3
"K","South West","19","Dorset","19UD","East Dorset",,,81.4,80.7,82.1,85.1,84.4,85.8
"K","South West","19","Dorset","19UE","North Dorset",,,79.7,78.8,80.6,84,83.2,84.7
"K","South West","19","Dorset","19UG","Purbeck",,,79.5,78.4,80.6,84,83.1,85
"K","South West","19","Dorset","19UH","West Dorset",,,79.4,78.7,80.2,83.4,82.8,84.1
"K","South West","19","Dorset","19UJ","Weymouth and Portland",,,78.4,77.6,79.3,81.8,80.9,82.7
"K","South West","23","Gloucestershire","23UB","Cheltenham",,,79,78.4,79.7,82.9,82.3,83.5
"K","South West","23","Gloucestershire","23UC","Cotswold",,,80.6,79.9,81.3,83.3,82.6,84
"K","South West","23","Gloucestershire","23UD","Forest of Dean",,,77.4,76.6,78.3,82.4,81.7,83.2
"K","South West","23","Gloucestershire","23UE","Gloucester",,,77.9,77.3,78.6,81.8,81.3,82.4
"K","South West","23","Gloucestershire","23UF","Stroud",,,78.3,77.7,79,82.7,82.1,83.3
"K","South West","23","Gloucestershire","23UG","Tewkesbury",,,79.4,78.6,80.1,83.2,82.5,83.9
"K","South West","40","Somerset","40UB","Mendip",,,78.5,77.8,79.2,82.7,82.1,83.3
"K","South West","40","Somerset","40UC","Sedgemoor",,,78.7,78,79.3,82.9,82.3,83.4
"K","South West","40","Somerset","40UD","South Somerset",,,79.5,78.9,80,83.3,82.8,83.8
"K","South West","40","Somerset","40UE","Taunton Deane",,,78.4,77.8,79.1,82.8,82.3,83.4
"K","South West","40","Somerset","40UF","West Somerset",,,79.3,78,80.6,84,82.9,85.1
,,,,"00NA","Isle of Anglesey",,,76.9,76,77.8,82.1,81.4,82.8
,,,,"00NC","Gwynedd",,,77,76.3,77.7,81.9,81.4,82.5
,,,,"00NE","Conwy",,,76.8,76.1,77.5,81.2,80.5,81.8
,,,,"00NG","Denbighshire",,,77.2,76.5,77.9,81.3,80.6,82
,,,,"00NJ","Flintshire",,,77.5,76.9,78,81.4,80.9,81.9
,,,,"00NL","Wrexham",,,77.2,76.6,77.8,80.7,80.2,81.3
,,,,"00NN","Powys",,,78.6,78,79.2,82.2,81.6,82.8
,,,,"00NQ","Ceredigion",,,79.6,78.8,80.4,84,83.3,84.6
,,,,"00NS","Pembrokeshire",,,76.6,75.9,77.3,81.7,81.1,82.2
,,,,"00NU","Carmarthenshire",,,76.2,75.7,76.8,81.4,80.9,81.8
,,,,"00NX","Swansea",,,76.4,76,76.9,81,80.6,81.4
,,,,"00NZ","Neath Port Talbot",,,76.4,75.8,77,80.6,80.1,81.2
,,,,"00PB","Bridgend",,,75.9,75.3,76.4,80.2,79.6,80.7
,,,,"00PD","The Vale of Glamorgan",,,77.8,77.1,78.4,81.7,81.2,82.3
,,,,"00PF","Rhondda, Cynon, Taff",,,75,74.6,75.5,80,79.6,80.4
,,,,"00PH","Merthyr Tydfil",,,75.5,74.5,76.4,79.4,78.6,80.3
,,,,"00PK","Caerphilly",,,75.8,75.3,76.4,80.4,79.9,80.8
,,,,"00PL","Blaenau Gwent",,,75.2,74.4,76,78.6,77.9,79.4
,,,,"00PM","Torfaen",,,77.2,76.5,77.9,81.1,80.4,81.7
,,,,"00PP","Monmouthshire",,,78.6,77.9,79.4,83.6,83,84.3
,,,,"00PR","Newport",,,77,76.4,77.6,80.8,80.3,81.4
,,,,"00PT","Cardiff",,,76.5,76.1,76.9,81.5,81.1,81.9