DATASET_TITLE,Distance Travelled to Work - Workplace Population (UV80),,,,,,FROM,Apr-2001,Apr-2001,Apr-2001,Apr-2001,Apr-2001,Apr-2001,Apr-2001,Apr-2001,Apr-2001,Apr-2001
AREA_TYPE,Local Authority,,,,,,TO,Apr-2001,Apr-2001,Apr-2001,Apr-2001,Apr-2001,Apr-2001,Apr-2001,Apr-2001,Apr-2001,Apr-2001
GEO_HIERARCHY,NeSS Geography Hierarchy,,,,,,HEADING,All People Aged 16 to 74 in Employment in Area,Works mainly at or from home,Distance travelled to work: Less than 2km,Distance travelled to work: 2km to less than 5km,Distance travelled to work: 5km to less than 10km,Distance travelled to work: 10km to less than 20km,Distance travelled to work: 20km to less than 30km,Distance travelled to work: 30km to less than 40km,Distance travelled to work: 40km to less than 60km,Distance travelled to work: 60km and over
,,,,,,,MEASUREMENT_UNIT,Count,Count,Count,Count,Count,Count,Count,Count,Count,Count
,,,,,,,STATISTICAL_UNIT,Persons,Persons,Persons,Persons,Persons,Persons,Persons,Persons,Persons,Persons
GOR_CODE,GOR_NAME,CTY_CODE,CTY_NAME,LA_CODE,LA_NAME,AREA_METADATA,,DATA_VALUE,DATA_VALUE,DATA_VALUE,DATA_VALUE,DATA_VALUE,DATA_VALUE,DATA_VALUE,DATA_VALUE,DATA_VALUE,DATA_VALUE
"F","West Midlands",,,"00CN","Birmingham",,,450717,40842,61980,94713,123024,76453,25928,9126,7187,11464
"F","West Midlands",,,"00CQ","Coventry",,,141971,12344,25968,41385,26345,19098,6898,3681,2704,3548
"F","West Midlands",,,"00CR","Dudley",,,123179,15737,27771,35791,24128,12103,3551,1557,914,1627
"F","West Midlands",,,"00CS","Sandwell",,,120276,10995,23966,32918,27469,16307,3625,1773,1118,2105
"F","West Midlands",,,"00CT","Solihull",,,92514,11798,12660,18403,18623,16620,6959,2503,1902,3046
"F","West Midlands",,,"00CU","Walsall",,,104685,11787,22489,28218,22256,13247,2717,1275,921,1775
"F","West Midlands",,,"00CW","Wolverhampton",,,104433,10262,19030,31523,22374,11583,5296,1085,1546,1734
"F","West Midlands",,,"00GA","Herefordshire, County of",,,77293,17148,19634,12564,9298,10006,4295,1633,1082,1633
"F","West Midlands",,,"00GF","Telford and Wrekin",,,79840,8021,15031,20235,15782,8474,6707,2342,1511,1737
"F","West Midlands",,,"00GL","Stoke-on-Trent",,,111803,9876,23389,34244,26173,11604,2913,726,1450,1428
"F","West Midlands","39","Shropshire","39UB","Bridgnorth",,,21693,4670,6600,1527,2590,3694,1061,430,256,865
"F","West Midlands","39","Shropshire","39UC","North Shropshire",,,23150,5231,6420,1919,2904,3470,1679,546,355,626
"F","West Midlands","39","Shropshire","39UD","Oswestry",,,15704,2711,4429,2421,2538,1784,955,257,255,354
"F","West Midlands","39","Shropshire","39UE","Shrewsbury and Atcham",,,46396,6807,11426,10452,5032,5891,3878,1062,981,867
"F","West Midlands","39","Shropshire","39UF","South Shropshire",,,16207,5041,4239,1021,1508,2080,727,407,265,919
"F","West Midlands","41","Staffordshire","41UB","Cannock Chase",,,34922,5529,8891,8475,5265,4058,1322,584,380,418
"F","West Midlands","41","Staffordshire","41UC","East Staffordshire",,,51101,6499,12106,10900,8389,6547,3192,1282,1001,1185
"F","West Midlands","41","Staffordshire","41UD","Lichfield",,,39624,6957,8448,4923,7871,7366,1809,763,654,833
"F","West Midlands","41","Staffordshire","41UE","Newcastle-under-Lyme",,,46599,6552,10186,11450,10202,5390,972,430,649,768
"F","West Midlands","41","Staffordshire","41UF","South Staffordshire",,,30977,7454,6231,4486,6266,4243,1199,402,288,408
"F","West Midlands","41","Staffordshire","41UG","Stafford",,,58488,8013,13122,11196,8055,10555,3967,1597,789,1194
"F","West Midlands","41","Staffordshire","41UH","Staffordshire Moorlands",,,31646,7026,8567,4029,4768,5433,894,325,323,281
"F","West Midlands","41","Staffordshire","41UK","Tamworth",,,28837,4034,7763,8044,2469,3311,1595,588,479,554
"F","West Midlands","44","Warwickshire","44UB","North Warwickshire",,,29391,4235,4550,4137,6351,5790,2037,827,518,946
"F","West Midlands","44","Warwickshire","44UC","Nuneaton and Bedworth",,,41905,5773,10981,11467,6698,3705,1679,589,493,520
"F","West Midlands","44","Warwickshire","44UD","Rugby",,,43651,5394,9732,10445,5544,6302,2523,1142,941,1628
"F","West Midlands","44","Warwickshire","44UE","Stratford-on-Avon",,,52701,10152,10664,4544,7176,10684,4198,2061,1388,1834
"F","West Midlands","44","Warwickshire","44UF","Warwick",,,69102,8151,14853,12642,9448,11901,5834,2283,1737,2253
"F","West Midlands","47","Worcestershire","47UB","Bromsgrove",,,33175,6273,6823,5330,5833,5648,1702,516,361,689
"F","West Midlands","47","Worcestershire","47UC","Malvern Hills",,,28123,6529,6740,4338,3685,4132,1186,572,414,527
"F","West Midlands","47","Worcestershire","47UD","Redditch",,,36542,4588,8837,10861,2913,4708,2749,658,418,810
"F","West Midlands","47","Worcestershire","47UE","Worcester",,,51127,5236,13835,13997,5107,5872,3726,1466,780,1108
"F","West Midlands","47","Worcestershire","47UF","Wychavon",,,48546,9604,10900,6758,8129,7488,3007,1026,766,868
"F","West Midlands","47","Worcestershire","47UG","Wyre Forest",,,37185,6472,10768,8804,4851,3499,1646,492,296,357