DATASET_TITLE,"Resident Population Estimates, Females, Mid 2008",,,,,,,,,,FROM,Jun-2008,Jun-2008,Jun-2008,Jun-2008,Jun-2008,Jun-2008,Jun-2008,Jun-2008,Jun-2008,Jun-2008,Jun-2008,Jun-2008,Jun-2008,Jun-2008,Jun-2008,Jun-2008,Jun-2008,Jun-2008,Jun-2008
AREA_TYPE,Region,,,,,,,,,,TO,Jun-2008,Jun-2008,Jun-2008,Jun-2008,Jun-2008,Jun-2008,Jun-2008,Jun-2008,Jun-2008,Jun-2008,Jun-2008,Jun-2008,Jun-2008,Jun-2008,Jun-2008,Jun-2008,Jun-2008,Jun-2008,Jun-2008
GEO_HIERARCHY,NeSS Geography Hierarchy,,,,,,,,,,HEADING,Females; All Ages,Females; Aged 0-4,Females; Aged 5-9,Females; Aged 10-14,Females; Aged 15-19,Females; Aged 20-24,Females; Aged 25-29,Females; Aged 30-34,Females; Aged 35-39,Females; Aged 40-44,Females; Aged 45-49,Females; Aged 50-54,Females; Aged 55-59,Females; Aged 60-64,Females; Aged 65-69,Females; Aged 70-74,Females; Aged 75-79,Females; Aged 80-84,Females; Aged 85 and Over
,,,,,,,,,,,MEASUREMENT_UNIT,Count,Count,Count,Count,Count,Count,Count,Count,Count,Count,Count,Count,Count,Count,Count,Count,Count,Count,Count
,,,,,,,,,,,STATISTICAL_UNIT,Persons,Persons,Persons,Persons,Persons,Persons,Persons,Persons,Persons,Persons,Persons,Persons,Persons,Persons,Persons,Persons,Persons,Persons,Persons
UK_CODE,UK_NAME,GB_CODE,GB_NAME,EW_CODE,EW_NAME,CTRY_CODE,CTRY_NAME,GOR_CODE,GOR_NAME,AREA_METADATA,,DATA_VALUE,DATA_VALUE,DATA_VALUE,DATA_VALUE,DATA_VALUE,DATA_VALUE,DATA_VALUE,DATA_VALUE,DATA_VALUE,DATA_VALUE,DATA_VALUE,DATA_VALUE,DATA_VALUE,DATA_VALUE,DATA_VALUE,DATA_VALUE,DATA_VALUE,DATA_VALUE,DATA_VALUE
"213","United Kingdom","078","Great Britain","727","England and Wales","064","England",,,,,26141200,1527100,1392100,1491100,1618300,1725300,1698600,1621700,1888100,1987700,1838100,1596700,1533700,1553800,1183600,1055800,924500,731200,773800
"213","United Kingdom","078","Great Britain",,,,,,,,,30340300,1746900,1603100,1725600,1876300,2000700,1949700,1853400,2177700,2307600,2146900,1872900,1797700,1814100,1393900,1242400,1084000,853200,894200
"213","United Kingdom",,,,,"152","Northern Ireland",,,,,904100,58100,55200,59900,61900,65000,60900,57100,63800,67000,62700,54100,48600,47000,38800,33300,28700,22400,19600
"213","United Kingdom","078","Great Britain",,,"179","Scotland",,,,,2668300,137800,131800,145400,159600,174200,164900,152100,188700,209600,202700,179700,165900,160400,131700,118300,100800,74200,70800
"213","United Kingdom","078","Great Britain","727","England and Wales","220","Wales",,,,,1530800,82000,79200,89100,98500,101200,86200,79700,100800,110300,106100,96500,98100,99900,78700,68200,58700,47800,49600
"213","United Kingdom","078","Great Britain","727","England and Wales",,,,,,,27672000,1609000,1471300,1580200,1716700,1826500,1784800,1701400,1989000,2098000,1944200,1693200,1631900,1653700,1262200,1124000,983200,779000,823400
"213","United Kingdom","078","Great Britain","727","England and Wales","064","England","A","North East",,,1314600,70800,65300,73400,84000,92500,79600,70200,88000,98100,96400,86800,81900,80200,62300,58900,51100,38500,36500
"213","United Kingdom","078","Great Britain","727","England and Wales","064","England","B","North West",,,3498500,200900,185400,202700,228800,241500,210000,193600,244300,262900,249900,218200,210100,211000,165600,148600,127400,98200,99400
"213","United Kingdom","078","Great Britain","727","England and Wales","064","England","D","Yorkshire and The Humber",,,2648200,151300,138700,152800,173400,196900,171100,149700,185600,194700,184200,162000,155800,157200,120100,110700,94200,73700,76100
"213","United Kingdom","078","Great Britain","727","England and Wales","064","England","E","East Midlands",,,2241400,124500,117200,128400,143600,151300,133300,126300,160500,172100,159200,139000,137700,142300,105800,92000,80100,63000,65000
"213","United Kingdom","078","Great Britain","727","England and Wales","064","England","F","West Midlands",,,2747100,164600,151700,163800,177500,179400,169700,154800,192000,203800,188900,167000,162900,165700,130900,115400,100200,77900,80700
"213","United Kingdom","078","Great Britain","727","England and Wales","064","England","G","East of England",,,2904000,166600,158400,170500,173900,167400,171100,174400,209500,223200,204500,179700,176700,185900,137200,122000,107500,85000,90500
"213","United Kingdom","078","Great Britain","727","England and Wales","064","England","H","London",,,3865700,269500,211200,201800,211200,288400,379100,358000,320400,302100,261000,210000,182600,166500,128300,113800,99400,79200,83100
"213","United Kingdom","078","Great Britain","727","England and Wales","064","England","J","South East",,,4266700,242400,230900,248300,263700,249900,246000,254700,309500,333600,307800,265800,255900,264500,196200,174200,155900,125200,142300
"213","United Kingdom","078","Great Britain","727","England and Wales","064","England","K","South West",,,2655000,136400,133300,149600,162200,158000,138600,139900,178200,197100,186300,168200,170300,180400,137100,120300,108700,90400,100100
"213","United Kingdom",,,,,,,,,,,31244400,1805000,1658300,1785500,1938200,2065700,2010600,1910500,2241500,2374700,2209600,1927000,1846300,1861200,1432700,1275700,1112600,875600,913800