DATASET_TITLE,"Resident Population Estimates, Females, Mid 2008",,,,,,,,FROM,Jun-2008,Jun-2008,Jun-2008,Jun-2008,Jun-2008,Jun-2008,Jun-2008,Jun-2008,Jun-2008,Jun-2008,Jun-2008,Jun-2008,Jun-2008,Jun-2008,Jun-2008,Jun-2008,Jun-2008,Jun-2008,Jun-2008
AREA_TYPE,Former Local Authority,,,,,,,,TO,Jun-2008,Jun-2008,Jun-2008,Jun-2008,Jun-2008,Jun-2008,Jun-2008,Jun-2008,Jun-2008,Jun-2008,Jun-2008,Jun-2008,Jun-2008,Jun-2008,Jun-2008,Jun-2008,Jun-2008,Jun-2008,Jun-2008
GEO_HIERARCHY,NeSS Geography Hierarchy,,,,,,,,HEADING,Females; All Ages,Females; Aged 0-4,Females; Aged 5-9,Females; Aged 10-14,Females; Aged 15-19,Females; Aged 20-24,Females; Aged 25-29,Females; Aged 30-34,Females; Aged 35-39,Females; Aged 40-44,Females; Aged 45-49,Females; Aged 50-54,Females; Aged 55-59,Females; Aged 60-64,Females; Aged 65-69,Females; Aged 70-74,Females; Aged 75-79,Females; Aged 80-84,Females; Aged 85 and Over
,,,,,,,,,MEASUREMENT_UNIT,Count,Count,Count,Count,Count,Count,Count,Count,Count,Count,Count,Count,Count,Count,Count,Count,Count,Count,Count
,,,,,,,,,STATISTICAL_UNIT,Persons,Persons,Persons,Persons,Persons,Persons,Persons,Persons,Persons,Persons,Persons,Persons,Persons,Persons,Persons,Persons,Persons,Persons,Persons
GOR_CODE,GOR_NAME,CTY_CODE,CTY_NAME,LA_CODE,LA_NAME,FLA_CODE,FLA_NAME,AREA_METADATA,,DATA_VALUE,DATA_VALUE,DATA_VALUE,DATA_VALUE,DATA_VALUE,DATA_VALUE,DATA_VALUE,DATA_VALUE,DATA_VALUE,DATA_VALUE,DATA_VALUE,DATA_VALUE,DATA_VALUE,DATA_VALUE,DATA_VALUE,DATA_VALUE,DATA_VALUE,DATA_VALUE,DATA_VALUE
"A","North East",,,"00EJ","Durham","20UB","Chester-le-Street",,,27100,1400,1400,1600,1500,1300,1300,1400,2100,2300,2100,1800,1800,1900,1400,1300,1100,700,700
"A","North East",,,"00EJ","Durham","20UD","Derwentside",,,45300,2400,2300,2500,2700,2400,2600,2600,3300,3500,3300,3000,3000,2900,2300,2100,1700,1400,1400
"A","North East",,,"00EJ","Durham","20UE","Durham",,,46800,2100,1900,2100,3800,6200,3000,2300,2900,3100,3000,2900,2800,2900,2100,2000,1500,1200,1000
"A","North East",,,"00EJ","Durham","20UF","Easington",,,49100,2700,2400,2900,3100,3000,3000,2600,3400,3700,3700,3100,3000,3000,2500,2300,2000,1400,1300
"A","North East",,,"00EJ","Durham","20UG","Sedgefield",,,44700,2600,2200,2500,2700,2300,2400,2400,3000,3500,3300,3100,3100,3000,2300,2100,1800,1400,1200
"A","North East",,,"00EJ","Durham","20UH","Teesdale",,,12200,500,600,700,700,400,500,400,800,1000,1000,900,1000,1000,800,600,600,400,400
"A","North East",,,"00EJ","Durham","20UJ","Wear Valley",,,32700,1900,1700,1900,2000,1600,1600,1700,2300,2600,2400,2300,2200,2200,1600,1500,1300,1000,1100
"A","North East",,,"00EM","Northumberland","35UB","Alnwick",,,16600,700,800,900,900,600,600,700,1000,1300,1300,1300,1300,1300,1100,900,800,600,600
"A","North East",,,"00EM","Northumberland","35UC","Berwick-upon-Tweed",,,13600,500,500,600,700,600,600,500,700,900,1000,1000,1100,1200,900,800,700,600,600
"A","North East",,,"00EM","Northumberland","35UD","Blyth Valley",,,41500,2300,2100,2400,2500,2400,2400,2400,2900,3100,2900,2900,3000,3000,2000,1700,1400,1100,1000
"A","North East",,,"00EM","Northumberland","35UE","Castle Morpeth",,,25000,1100,1300,1400,1400,1100,1000,1000,1500,2000,2100,1900,1800,1900,1500,1400,1100,900,800
"A","North East",,,"00EM","Northumberland","35UF","Tynedale",,,30400,1400,1600,1700,1700,1100,1100,1200,2000,2400,2600,2400,2400,2300,1800,1500,1300,1000,1100
"A","North East",,,"00EM","Northumberland","35UG","Wansbeck",,,31600,1600,1700,1700,1900,1700,1800,1700,2200,2500,2300,2100,2100,2200,1600,1500,1300,1000,900
"B","North West",,,"00EQ","Cheshire East","13UC","Congleton",,,46800,2200,2500,2800,2700,2000,2000,2300,3500,3900,3400,3100,3300,3600,2700,2100,1800,1400,1600
"B","North West",,,"00EQ","Cheshire East","13UD","Crewe and Nantwich",,,59700,3400,3300,3600,3800,3700,3000,3200,4400,4700,4300,3800,3700,3700,2900,2600,2200,1800,1700
"B","North West",,,"00EQ","Cheshire East","13UG","Macclesfield",,,77900,3900,4000,4300,4200,3100,3700,4100,5400,6400,6200,5200,5200,5600,4100,3800,3200,2600,2900
"B","North West",,,"00EW","Cheshire West and Chester","13UB","Chester",,,60900,3100,2900,3100,3900,5100,3200,3100,4100,4400,4300,3700,3800,3900,3100,2900,2500,1900,2000
"B","North West",,,"00EW","Cheshire West and Chester","13UE","Ellesmere Port & Neston",,,41300,2200,2200,2400,2600,2200,2100,2100,2900,3200,3100,2600,2700,2600,2200,2100,1700,1200,1100
"B","North West",,,"00EW","Cheshire West and Chester","13UH","Vale Royal",,,64600,3600,3500,4000,3900,3000,3000,3500,4800,5400,4900,4300,4200,4500,3200,2700,2300,1800,1800
"F","West Midlands",,,"00GG","Shropshire","39UB","Bridgnorth",,,26000,1200,1300,1500,1400,1000,1000,1100,1700,2000,1900,1800,2000,2200,1600,1300,1100,900,900
"F","West Midlands",,,"00GG","Shropshire","39UC","North Shropshire",,,30200,1600,1700,1800,1900,1200,1300,1400,2000,2400,2200,2000,2000,2300,1600,1400,1300,1000,1100
"F","West Midlands",,,"00GG","Shropshire","39UD","Oswestry",,,20700,1100,1100,1400,1400,900,900,1000,1600,1500,1400,1300,1400,1400,1200,1000,800,700,700
"F","West Midlands",,,"00GG","Shropshire","39UE","Shrewsbury and Atcham",,,48600,2500,2600,2800,3000,2000,2300,2500,3300,3800,3600,3200,3200,3400,2700,2300,1900,1700,1800
"F","West Midlands",,,"00GG","Shropshire","39UF","South Shropshire",,,21800,900,1100,1200,1100,700,600,800,1300,1600,1600,1600,1700,2000,1500,1300,1200,800,900
"G","East of England",,,"00KC","Central Bedfordshire","09UC","Mid Bedfordshire",,,67200,3900,4000,4100,3900,3000,3800,4400,5800,5900,5200,4600,4100,4200,2900,2400,2000,1500,1400
"G","East of England",,,"00KC","Central Bedfordshire","09UE","South Bedfordshire",,,59800,3800,3400,3500,3600,3200,3400,3600,4300,4800,4800,3800,3800,3600,2700,2400,1900,1400,1400
"K","South West",,,"00HE","Cornwall","15UB","Caradon",,,42900,1900,2000,2500,2500,1600,1700,1800,2700,3200,3200,3200,3400,3700,2500,2100,1800,1400,1700
"K","South West",,,"00HE","Cornwall","15UC","Carrick",,,48500,2100,2300,2500,2900,3300,2300,2400,3000,3400,3300,3100,3300,3500,2700,2200,2100,1900,2300
"K","South West",,,"00HE","Cornwall","15UD","Kerrier",,,50400,2500,2500,2800,3000,2500,2400,2600,3500,3700,3400,3400,3500,3900,2900,2400,2100,1700,1800
"K","South West",,,"00HE","Cornwall","15UE","North Cornwall",,,44500,2200,2200,2600,2500,1900,1700,2100,2900,3300,3100,3000,3300,3700,2600,2300,1900,1600,1800
"K","South West",,,"00HE","Cornwall","15UF","Penwith",,,33300,1400,1600,1800,1700,1400,1300,1500,2200,2300,2300,2300,2600,2800,2000,1800,1500,1300,1600
"K","South West",,,"00HE","Cornwall","15UG","Restormel",,,52300,2600,2600,2900,3000,2500,2600,2800,3500,3800,3600,3300,3600,4000,2900,2600,2100,1800,1900
"K","South West",,,"00HY","Wiltshire","46UB","Kennet",,,39100,2400,2300,2500,2800,1300,1500,1900,2900,3100,3100,2600,2600,2700,1900,1600,1500,1100,1300
"K","South West",,,"00HY","Wiltshire","46UC","North Wiltshire",,,67100,3900,4100,4500,4200,2600,2900,3700,5400,6000,5300,4400,4300,4300,3200,2600,2200,1800,1900
"K","South West",,,"00HY","Wiltshire","46UD","Salisbury",,,59500,3200,3200,3700,3600,2300,2700,3100,4000,4800,4400,3800,3900,3900,3100,2800,2500,2000,2300
"K","South West",,,"00HY","Wiltshire","46UF","West Wiltshire",,,64800,3500,3700,4000,3900,2800,2900,3600,4600,5100,4600,4300,4300,4500,3400,2800,2500,2000,2400