DATASET_TITLE,"Dwelling Stock by Council Tax Band, 2004",,,,,,,,FROM,Mar-2004,Mar-2004,Mar-2004,Mar-2004,Mar-2004,Mar-2004,Mar-2004,Mar-2004,Mar-2004,Mar-2004,Mar-2004,Mar-2004,Mar-2004,Mar-2004,Mar-2004,Mar-2004,Mar-2004,Mar-2004,Mar-2004
AREA_TYPE,Super Output Area Middle Layer,,,,,,,,TO,Mar-2004,Mar-2004,Mar-2004,Mar-2004,Mar-2004,Mar-2004,Mar-2004,Mar-2004,Mar-2004,Mar-2004,Mar-2004,Mar-2004,Mar-2004,Mar-2004,Mar-2004,Mar-2004,Mar-2004,Mar-2004,Mar-2004
GEO_HIERARCHY,NeSS Geography Hierarchy,,,,,,,,HEADING,Dwelling Stock by Council Tax Band; Total,Dwelling Stock by Council Tax Band; Band A,Dwelling Stock by Council Tax Band; Band A,Dwelling Stock by Council Tax Band; Band B,Dwelling Stock by Council Tax Band; Band B,Dwelling Stock by Council Tax Band; Band C,Dwelling Stock by Council Tax Band; Band C,Dwelling Stock by Council Tax Band; Band D,Dwelling Stock by Council Tax Band; Band D,Dwelling Stock by Council Tax Band; Band E,Dwelling Stock by Council Tax Band; Band E,Dwelling Stock by Council Tax Band; Band F,Dwelling Stock by Council Tax Band; Band F,Dwelling Stock by Council Tax Band; Band G,Dwelling Stock by Council Tax Band; Band G,Dwelling Stock by Council Tax Band; Band H,Dwelling Stock by Council Tax Band; Band H,Dwelling Stock by Council Tax Band; Band X; Unallocated,Dwelling Stock by Council Tax Band; Band X; Unallocated
,,,,,,,,,MEASUREMENT_UNIT,Count,Count,Percentage,Count,Percentage,Count,Percentage,Count,Percentage,Count,Percentage,Count,Percentage,Count,Percentage,Count,Percentage,Count,Percentage
,,,,,,,,,STATISTICAL_UNIT,Dwellings,Dwellings,Dwellings,Dwellings,Dwellings,Dwellings,Dwellings,Dwellings,Dwellings,Dwellings,Dwellings,Dwellings,Dwellings,Dwellings,Dwellings,Dwellings,Dwellings,Dwellings,Dwellings
GOR_CODE,GOR_NAME,CTY_CODE,CTY_NAME,LA_CODE,LA_NAME,MSOA_CODE,MSOA_NAME,AREA_METADATA,,DATA_VALUE,DATA_VALUE,DATA_VALUE,DATA_VALUE,DATA_VALUE,DATA_VALUE,DATA_VALUE,DATA_VALUE,DATA_VALUE,DATA_VALUE,DATA_VALUE,DATA_VALUE,DATA_VALUE,DATA_VALUE,DATA_VALUE,DATA_VALUE,DATA_VALUE,DATA_VALUE,DATA_VALUE
"A","North East",,,"00CH","Gateshead","E02001682","Gateshead 001",,,3408,1643,48.21,342,10.04,750,22.01,409,12,198,5.81,52,1.53,12,.35,2,.06,0,0
"A","North East",,,"00CH","Gateshead","E02001683","Gateshead 002",,,4034,1953,48.41,842,20.87,605,15,374,9.27,168,4.16,64,1.59,25,.62,3,.07,0,0
"A","North East",,,"00CH","Gateshead","E02001684","Gateshead 003",,,3108,2655,85.42,177,5.69,266,8.56,6,.19,2,.06,0,0,0,0,2,.06,0,0
"A","North East",,,"00CH","Gateshead","E02001685","Gateshead 004",,,3560,3093,86.88,158,4.44,220,6.18,70,1.97,17,.48,0,0,2,.06,0,0,0,0
"A","North East",,,"00CH","Gateshead","E02001686","Gateshead 005",,,3212,1538,47.88,527,16.41,817,25.44,150,4.67,107,3.33,53,1.65,19,.59,1,.03,0,0
"A","North East",,,"00CH","Gateshead","E02001687","Gateshead 006",,,6016,4739,78.77,573,9.52,332,5.52,303,5.04,47,.78,9,.15,10,.17,3,.05,0,0
"A","North East",,,"00CH","Gateshead","E02001688","Gateshead 007",,,3501,3144,89.8,182,5.2,122,3.48,36,1.03,14,.4,1,.03,0,0,2,.06,0,0
"A","North East",,,"00CH","Gateshead","E02001689","Gateshead 008",,,3468,2849,82.15,343,9.89,223,6.43,45,1.3,3,.09,0,0,3,.09,2,.06,0,0
"A","North East",,,"00CH","Gateshead","E02001690","Gateshead 009",,,3371,1752,51.97,273,8.1,857,25.42,268,7.95,172,5.1,28,.83,20,.59,1,.03,0,0
"A","North East",,,"00CH","Gateshead","E02001691","Gateshead 010",,,4342,3595,82.8,475,10.94,134,3.09,38,.88,52,1.2,21,.48,25,.58,2,.05,0,0
"A","North East",,,"00CH","Gateshead","E02001692","Gateshead 011",,,2783,2397,86.13,268,9.63,96,3.45,19,.68,2,.07,0,0,0,0,1,.04,0,0
"A","North East",,,"00CH","Gateshead","E02001693","Gateshead 012",,,2738,2424,88.53,135,4.93,165,6.03,7,.26,5,.18,1,.04,0,0,1,.04,0,0
"A","North East",,,"00CH","Gateshead","E02001694","Gateshead 013",,,2803,1599,57.05,632,22.55,397,14.16,114,4.07,50,1.78,7,.25,3,.11,1,.04,0,0
"A","North East",,,"00CH","Gateshead","E02001695","Gateshead 014",,,2657,1013,38.13,629,23.67,765,28.79,240,9.03,7,.26,3,.11,0,0,0,0,0,0
"A","North East",,,"00CH","Gateshead","E02001696","Gateshead 015",,,4099,3686,89.92,112,2.73,214,5.22,79,1.93,7,.17,0,0,1,.02,0,0,0,0
"A","North East",,,"00CH","Gateshead","E02001697","Gateshead 016",,,3428,1202,35.06,672,19.6,1026,29.93,385,11.23,86,2.51,39,1.14,13,.38,5,.15,0,0
"A","North East",,,"00CH","Gateshead","E02001698","Gateshead 017",,,3188,144,4.52,500,15.68,1321,41.44,776,24.34,292,9.16,120,3.76,33,1.04,2,.06,0,0
"A","North East",,,"00CH","Gateshead","E02001699","Gateshead 018",,,3052,2093,68.58,556,18.22,328,10.75,54,1.77,17,.56,3,.1,0,0,1,.03,0,0
"A","North East",,,"00CH","Gateshead","E02001700","Gateshead 019",,,4619,2277,49.3,862,18.66,788,17.06,362,7.84,180,3.9,89,1.93,60,1.3,1,.02,0,0
"A","North East",,,"00CH","Gateshead","E02001701","Gateshead 020",,,2793,464,16.61,498,17.83,1372,49.12,282,10.1,105,3.76,43,1.54,24,.86,5,.18,0,0
"A","North East",,,"00CH","Gateshead","E02001702","Gateshead 021",,,3735,3284,87.93,154,4.12,197,5.27,50,1.34,34,.91,10,.27,4,.11,2,.05,0,0
"A","North East",,,"00CH","Gateshead","E02001703","Gateshead 022",,,2480,839,33.83,307,12.38,770,31.05,264,10.65,154,6.21,85,3.43,60,2.42,1,.04,0,0
"A","North East",,,"00CH","Gateshead","E02001704","Gateshead 023",,,3425,2824,82.45,164,4.79,302,8.82,101,2.95,25,.73,6,.18,1,.03,2,.06,0,0
"A","North East",,,"00CH","Gateshead","E02001705","Gateshead 024",,,3278,2556,77.97,295,9,166,5.06,137,4.18,79,2.41,31,.95,13,.4,1,.03,0,0
"A","North East",,,"00CH","Gateshead","E02001706","Gateshead 025",,,2984,2185,73.22,209,7,323,10.82,139,4.66,71,2.38,34,1.14,21,.7,2,.07,0,0
"A","North East",,,"00CH","Gateshead","E02001707","Gateshead 026",,,3691,2161,58.55,459,12.44,734,19.89,240,6.5,69,1.87,19,.51,4,.11,4,.11,1,.03
"A","North East",,,"00CJ","Newcastle upon Tyne","E02001708","Newcastle upon Tyne 001",,,3974,1200,30.2,1543,38.83,907,22.82,198,4.98,92,2.32,19,.48,14,.35,1,.03,0,0
"A","North East",,,"00CJ","Newcastle upon Tyne","E02001709","Newcastle upon Tyne 002",,,3851,683,17.74,398,10.33,747,19.4,1083,28.12,523,13.58,262,6.8,150,3.9,5,.13,0,0
"A","North East",,,"00CJ","Newcastle upon Tyne","E02001710","Newcastle upon Tyne 003",,,4698,3633,77.33,333,7.09,668,14.22,48,1.02,10,.21,3,.06,3,.06,0,0,0,0
"A","North East",,,"00CJ","Newcastle upon Tyne","E02001711","Newcastle upon Tyne 004",,,4214,3017,71.59,352,8.35,471,11.18,203,4.82,74,1.76,19,.45,64,1.52,14,.33,0,0
"A","North East",,,"00CJ","Newcastle upon Tyne","E02001712","Newcastle upon Tyne 005",,,4151,1173,28.26,688,16.57,849,20.45,794,19.13,321,7.73,188,4.53,123,2.96,15,.36,0,0
"A","North East",,,"00CJ","Newcastle upon Tyne","E02001713","Newcastle upon Tyne 006",,,4499,1305,29.01,346,7.69,825,18.34,674,14.98,487,10.82,392,8.71,450,10,20,.44,0,0
"A","North East",,,"00CJ","Newcastle upon Tyne","E02001714","Newcastle upon Tyne 007",,,3983,998,25.06,203,5.1,1482,37.21,657,16.5,466,11.7,169,4.24,4,.1,4,.1,0,0
"A","North East",,,"00CJ","Newcastle upon Tyne","E02001715","Newcastle upon Tyne 008",,,4705,3569,75.86,115,2.44,642,13.65,210,4.46,56,1.19,34,.72,75,1.59,4,.09,0,0
"A","North East",,,"00CJ","Newcastle upon Tyne","E02001716","Newcastle upon Tyne 009",,,2524,214,8.48,541,21.43,978,38.75,565,22.39,213,8.44,13,.52,0,0,0,0,0,0
"A","North East",,,"00CJ","Newcastle upon Tyne","E02001717","Newcastle upon Tyne 010",,,2263,1075,47.5,603,26.65,361,15.95,166,7.34,54,2.39,3,.13,0,0,1,.04,0,0
"A","North East",,,"00CJ","Newcastle upon Tyne","E02001718","Newcastle upon Tyne 011",,,2608,2360,90.49,63,2.42,118,4.52,60,2.3,5,.19,1,.04,1,.04,0,0,0,0
"A","North East",,,"00CJ","Newcastle upon Tyne","E02001719","Newcastle upon Tyne 012",,,3894,1258,32.31,633,16.26,1406,36.11,463,11.89,80,2.05,18,.46,27,.69,9,.23,0,0
"A","North East",,,"00CJ","Newcastle upon Tyne","E02001720","Newcastle upon Tyne 013",,,3374,252,7.47,1390,41.2,391,11.59,474,14.05,380,11.26,243,7.2,237,7.02,7,.21,0,0
"A","North East",,,"00CJ","Newcastle upon Tyne","E02001721","Newcastle upon Tyne 014",,,4647,3004,64.64,482,10.37,719,15.47,213,4.58,193,4.15,26,.56,9,.19,1,.02,0,0
"A","North East",,,"00CJ","Newcastle upon Tyne","E02001722","Newcastle upon Tyne 015",,,4402,2750,62.47,948,21.54,580,13.18,95,2.16,26,.59,0,0,3,.07,0,0,0,0
"A","North East",,,"00CJ","Newcastle upon Tyne","E02001723","Newcastle upon Tyne 016",,,2576,1957,75.97,106,4.11,329,12.77,72,2.8,42,1.63,36,1.4,34,1.32,0,0,0,0
"A","North East",,,"00CJ","Newcastle upon Tyne","E02001724","Newcastle upon Tyne 017",,,3652,960,26.29,853,23.36,814,22.29,390,10.68,379,10.38,157,4.3,96,2.63,3,.08,0,0
"A","North East",,,"00CJ","Newcastle upon Tyne","E02001725","Newcastle upon Tyne 018",,,4575,3577,78.19,707,15.45,246,5.38,39,.85,4,.09,1,.02,1,.02,0,0,0,0
"A","North East",,,"00CJ","Newcastle upon Tyne","E02001726","Newcastle upon Tyne 019",,,4972,2971,59.75,1336,26.87,526,10.58,111,2.23,18,.36,8,.16,1,.02,1,.02,0,0
"A","North East",,,"00CJ","Newcastle upon Tyne","E02001727","Newcastle upon Tyne 020",,,3972,2198,55.34,1065,26.81,667,16.79,14,.35,28,.7,0,0,0,0,0,0,0,0
"A","North East",,,"00CJ","Newcastle upon Tyne","E02001728","Newcastle upon Tyne 021",,,4396,2661,60.53,615,13.99,954,21.7,147,3.34,10,.23,7,.16,0,0,2,.05,0,0
"A","North East",,,"00CJ","Newcastle upon Tyne","E02001729","Newcastle upon Tyne 022",,,4379,2817,64.33,558,12.74,747,17.06,172,3.93,28,.64,44,1,10,.23,3,.07,0,0
"A","North East",,,"00CJ","Newcastle upon Tyne","E02001730","Newcastle upon Tyne 023",,,4547,3105,68.29,678,14.91,449,9.87,225,4.95,58,1.28,26,.57,4,.09,2,.04,0,0
"A","North East",,,"00CJ","Newcastle upon Tyne","E02001731","Newcastle upon Tyne 024",,,5393,3474,64.42,995,18.45,488,9.05,296,5.49,100,1.85,28,.52,3,.06,9,.17,0,0
"A","North East",,,"00CJ","Newcastle upon Tyne","E02001732","Newcastle upon Tyne 025",,,2791,2252,80.69,491,17.59,42,1.5,3,.11,2,.07,0,0,1,.04,0,0,0,0
"A","North East",,,"00CJ","Newcastle upon Tyne","E02001733","Newcastle upon Tyne 026",,,5851,5105,87.25,428,7.31,124,2.12,124,2.12,62,1.06,2,.03,1,.02,4,.07,1,.02
"A","North East",,,"00CJ","Newcastle upon Tyne","E02001734","Newcastle upon Tyne 027",,,3619,2778,76.76,601,16.61,173,4.78,50,1.38,12,.33,0,0,3,.08,2,.06,0,0
"A","North East",,,"00CJ","Newcastle upon Tyne","E02001735","Newcastle upon Tyne 028",,,3022,2988,98.87,31,1.03,1,.03,0,0,1,.03,0,0,0,0,1,.03,0,0
"A","North East",,,"00CJ","Newcastle upon Tyne","E02001736","Newcastle upon Tyne 029",,,5904,5375,91.04,307,5.2,148,2.51,40,.68,11,.19,5,.08,13,.22,5,.08,0,0
"A","North East",,,"00CJ","Newcastle upon Tyne","E02001737","Newcastle upon Tyne 030",,,3476,3448,99.19,23,.66,0,0,1,.03,3,.09,0,0,0,0,1,.03,0,0
"A","North East",,,"00CK","North Tyneside","E02001738","North Tyneside 001",,,2507,141,5.62,105,4.19,681,27.16,715,28.52,527,21.02,251,10.01,86,3.43,1,.04,0,0
"A","North East",,,"00CK","North Tyneside","E02001739","North Tyneside 002",,,3431,2207,64.33,510,14.86,458,13.35,205,5.97,44,1.28,5,.15,1,.03,1,.03,0,0
"A","North East",,,"00CK","North Tyneside","E02001740","North Tyneside 003",,,2317,175,7.55,192,8.29,663,28.61,730,31.51,371,16.01,111,4.79,71,3.06,4,.17,0,0
"A","North East",,,"00CK","North Tyneside","E02001741","North Tyneside 004",,,3363,1054,31.34,465,13.83,1730,51.44,60,1.78,34,1.01,18,.54,1,.03,1,.03,0,0
"A","North East",,,"00CK","North Tyneside","E02001742","North Tyneside 005",,,2657,188,7.08,437,16.45,1551,58.37,264,9.94,201,7.56,14,.53,1,.04,1,.04,0,0
"A","North East",,,"00CK","North Tyneside","E02001743","North Tyneside 006",,,3224,1038,32.2,566,17.56,1237,38.37,278,8.62,83,2.57,11,.34,4,.12,7,.22,0,0
"A","North East",,,"00CK","North Tyneside","E02001744","North Tyneside 007",,,2718,1365,50.22,456,16.78,738,27.15,84,3.09,37,1.36,22,.81,13,.48,3,.11,0,0
"A","North East",,,"00CK","North Tyneside","E02001745","North Tyneside 008",,,2828,1766,62.45,654,23.13,260,9.19,98,3.47,49,1.73,0,0,0,0,1,.04,0,0
"A","North East",,,"00CK","North Tyneside","E02001746","North Tyneside 009",,,3546,1594,44.95,353,9.95,1260,35.53,122,3.44,89,2.51,92,2.59,34,.96,2,.06,0,0
"A","North East",,,"00CK","North Tyneside","E02001747","North Tyneside 010",,,2915,421,14.44,373,12.8,1590,54.55,422,14.48,45,1.54,48,1.65,15,.51,1,.03,0,0
"A","North East",,,"00CK","North Tyneside","E02001748","North Tyneside 011",,,2543,1792,70.47,254,9.99,362,14.24,111,4.36,24,.94,0,0,0,0,0,0,0,0
"A","North East",,,"00CK","North Tyneside","E02001749","North Tyneside 012",,,2668,1441,54.01,283,10.61,413,15.48,309,11.58,153,5.73,63,2.36,4,.15,2,.07,0,0
"A","North East",,,"00CK","North Tyneside","E02001750","North Tyneside 013",,,2753,236,8.57,887,32.22,807,29.31,542,19.69,209,7.59,57,2.07,14,.51,1,.04,0,0
"A","North East",,,"00CK","North Tyneside","E02001751","North Tyneside 014",,,2756,1541,55.91,430,15.6,660,23.95,83,3.01,31,1.12,9,.33,0,0,2,.07,0,0
"A","North East",,,"00CK","North Tyneside","E02001752","North Tyneside 015",,,2839,2213,77.95,157,5.53,412,14.51,57,2.01,0,0,0,0,0,0,0,0,0,0
"A","North East",,,"00CK","North Tyneside","E02001753","North Tyneside 016",,,3285,1153,35.1,603,18.36,547,16.65,716,21.8,184,5.6,60,1.83,20,.61,1,.03,1,.03
"A","North East",,,"00CK","North Tyneside","E02001754","North Tyneside 017",,,2848,1082,37.99,446,15.66,348,12.22,495,17.38,255,8.95,156,5.48,63,2.21,3,.11,0,0
"A","North East",,,"00CK","North Tyneside","E02001755","North Tyneside 018",,,3384,1239,36.61,483,14.27,831,24.56,554,16.37,206,6.09,54,1.6,15,.44,2,.06,0,0
"A","North East",,,"00CK","North Tyneside","E02001756","North Tyneside 019",,,3905,3184,81.54,460,11.78,175,4.48,39,1,46,1.18,1,.03,0,0,0,0,0,0
"A","North East",,,"00CK","North Tyneside","E02001757","North Tyneside 020",,,2826,1193,42.22,637,22.54,761,26.93,150,5.31,69,2.44,15,.53,0,0,1,.04,0,0
"A","North East",,,"00CK","North Tyneside","E02001758","North Tyneside 021",,,2495,1262,50.58,467,18.72,584,23.41,147,5.89,35,1.4,0,0,0,0,0,0,0,0
"A","North East",,,"00CK","North Tyneside","E02001759","North Tyneside 022",,,3242,1875,57.83,626,19.31,559,17.24,121,3.73,38,1.17,19,.59,2,.06,2,.06,0,0
"A","North East",,,"00CK","North Tyneside","E02001760","North Tyneside 023",,,3537,3237,91.52,271,7.66,19,.54,10,.28,0,0,0,0,0,0,0,0,0,0
"A","North East",,,"00CK","North Tyneside","E02001761","North Tyneside 024",,,2684,1808,67.36,574,21.39,283,10.54,15,.56,2,.07,1,.04,0,0,1,.04,0,0
"A","North East",,,"00CK","North Tyneside","E02001762","North Tyneside 025",,,2502,1260,50.36,574,22.94,494,19.74,168,6.71,6,.24,0,0,0,0,0,0,0,0
"A","North East",,,"00CK","North Tyneside","E02001763","North Tyneside 026",,,2981,2762,92.65,205,6.88,10,.34,1,.03,1,.03,1,.03,0,0,1,.03,0,0
"A","North East",,,"00CK","North Tyneside","E02001764","North Tyneside 027",,,3847,3315,86.17,318,8.27,67,1.74,118,3.07,26,.68,1,.03,2,.05,0,0,0,0
"A","North East",,,"00CK","North Tyneside","E02001765","North Tyneside 028",,,3083,2877,93.32,177,5.74,20,.65,6,.19,0,0,0,0,1,.03,2,.06,0,0
"A","North East",,,"00CK","North Tyneside","E02001766","North Tyneside 029",,,3157,2605,82.52,196,6.21,190,6.02,93,2.95,66,2.09,6,.19,1,.03,0,0,0,0
"A","North East",,,"00CK","North Tyneside","E02001767","North Tyneside 030",,,3446,2767,80.3,451,13.09,194,5.63,22,.64,9,.26,0,0,2,.06,1,.03,0,0
"A","North East",,,"00CL","South Tyneside","E02001768","South Tyneside 001",,,3398,2280,67.1,564,16.6,331,9.74,131,3.86,76,2.24,13,.38,1,.03,2,.06,0,0
"A","North East",,,"00CL","South Tyneside","E02001769","South Tyneside 002",,,3889,3500,90,241,6.2,86,2.21,38,.98,21,.54,1,.03,0,0,2,.05,0,0
"A","North East",,,"00CL","South Tyneside","E02001770","South Tyneside 003",,,3094,1708,55.2,594,19.2,511,16.52,197,6.37,36,1.16,22,.71,17,.55,9,.29,0,0
"A","North East",,,"00CL","South Tyneside","E02001771","South Tyneside 004",,,2905,1646,56.66,302,10.4,654,22.51,256,8.81,35,1.2,11,.38,0,0,1,.03,0,0
"A","North East",,,"00CL","South Tyneside","E02001772","South Tyneside 005",,,2526,1490,58.99,234,9.26,543,21.5,202,8,52,2.06,5,.2,0,0,0,0,0,0
"A","North East",,,"00CL","South Tyneside","E02001773","South Tyneside 006",,,2467,384,15.57,530,21.48,816,33.08,448,18.16,221,8.96,53,2.15,14,.57,1,.04,0,0
"A","North East",,,"00CL","South Tyneside","E02001774","South Tyneside 007",,,2515,2016,80.16,298,11.85,153,6.08,27,1.07,8,.32,6,.24,3,.12,4,.16,0,0
"A","North East",,,"00CL","South Tyneside","E02001775","South Tyneside 008",,,2492,2291,91.93,91,3.65,77,3.09,32,1.28,0,0,0,0,0,0,1,.04,0,0
"A","North East",,,"00CL","South Tyneside","E02001776","South Tyneside 009",,,3624,2864,79.03,403,11.12,265,7.31,84,2.32,2,.06,2,.06,0,0,4,.11,0,0
"A","North East",,,"00CL","South Tyneside","E02001777","South Tyneside 010",,,2933,1956,66.69,394,13.43,449,15.31,116,3.95,15,.51,2,.07,0,0,1,.03,0,0
"A","North East",,,"00CL","South Tyneside","E02001778","South Tyneside 011",,,2943,2673,90.83,203,6.9,60,2.04,3,.1,0,0,0,0,2,.07,2,.07,0,0
"A","North East",,,"00CL","South Tyneside","E02001779","South Tyneside 012",,,2697,2295,85.09,308,11.42,91,3.37,0,0,2,.07,0,0,0,0,1,.04,0,0
"A","North East",,,"00CL","South Tyneside","E02001780","South Tyneside 013",,,2645,1985,75.05,132,4.99,128,4.84,223,8.43,125,4.73,38,1.44,14,.53,0,0,0,0
"A","North East",,,"00CL","South Tyneside","E02001781","South Tyneside 014",,,2642,2575,97.46,61,2.31,1,.04,2,.08,2,.08,0,0,0,0,1,.04,0,0
"A","North East",,,"00CL","South Tyneside","E02001782","South Tyneside 015",,,3911,3055,78.11,539,13.78,165,4.22,101,2.58,35,.89,10,.26,4,.1,2,.05,0,0
"A","North East",,,"00CL","South Tyneside","E02001783","South Tyneside 016",,,3149,2836,90.06,156,4.95,132,4.19,23,.73,1,.03,0,0,0,0,1,.03,0,0
"A","North East",,,"00CL","South Tyneside","E02001784","South Tyneside 017",,,3006,2428,80.77,168,5.59,199,6.62,168,5.59,36,1.2,5,.17,1,.03,1,.03,0,0
"A","North East",,,"00CL","South Tyneside","E02001785","South Tyneside 018",,,3644,1809,49.64,785,21.54,401,11,247,6.78,223,6.12,120,3.29,54,1.48,5,.14,0,0
"A","North East",,,"00CL","South Tyneside","E02001786","South Tyneside 019",,,3239,2548,78.67,327,10.1,324,10,37,1.14,1,.03,0,0,0,0,2,.06,0,0
"A","North East",,,"00CL","South Tyneside","E02001787","South Tyneside 020",,,2448,1428,58.33,760,31.05,118,4.82,126,5.15,8,.33,6,.25,2,.08,0,0,0,0
"A","North East",,,"00CL","South Tyneside","E02001788","South Tyneside 021",,,2745,1763,64.23,319,11.62,292,10.64,322,11.73,47,1.71,0,0,1,.04,1,.04,0,0
"A","North East",,,"00CL","South Tyneside","E02001789","South Tyneside 022",,,2480,72,2.9,213,8.59,670,27.02,610,24.6,406,16.37,328,13.23,171,6.9,10,.4,0,0
"A","North East",,,"00CL","South Tyneside","E02001790","South Tyneside 023",,,2577,586,22.74,766,29.72,500,19.4,433,16.8,189,7.33,66,2.56,36,1.4,1,.04,0,0
"A","North East",,,"00CM","Sunderland","E02001791","Sunderland 001",,,2416,90,3.73,893,36.96,1341,55.5,47,1.95,39,1.61,5,.21,1,.04,0,0,0,0
"A","North East",,,"00CM","Sunderland","E02001792","Sunderland 002",,,3093,621,20.08,833,26.93,690,22.31,721,23.31,146,4.72,53,1.71,27,.87,2,.06,0,0
"A","North East",,,"00CM","Sunderland","E02001793","Sunderland 003",,,3993,3963,99.25,26,.65,1,.03,0,0,1,.03,1,.03,0,0,1,.03,0,0
"A","North East",,,"00CM","Sunderland","E02001794","Sunderland 004",,,3859,3461,89.69,286,7.41,94,2.44,0,0,14,.36,0,0,1,.03,3,.08,0,0
"A","North East",,,"00CM","Sunderland","E02001795","Sunderland 005",,,4060,3589,88.4,286,7.04,170,4.19,6,.15,1,.02,0,0,0,0,8,.2,0,0
"A","North East",,,"00CM","Sunderland","E02001796","Sunderland 006",,,4376,2289,52.31,1083,24.75,578,13.21,276,6.31,133,3.04,14,.32,2,.05,1,.02,0,0
"A","North East",,,"00CM","Sunderland","E02001797","Sunderland 007",,,2487,785,31.56,530,21.31,601,24.17,294,11.82,147,5.91,81,3.26,47,1.89,2,.08,0,0
"A","North East",,,"00CM","Sunderland","E02001798","Sunderland 008",,,3677,3198,86.97,130,3.54,198,5.38,144,3.92,2,.05,3,.08,0,0,2,.05,0,0
"A","North East",,,"00CM","Sunderland","E02001799","Sunderland 009",,,4570,4220,92.34,139,3.04,178,3.89,30,.66,3,.07,0,0,0,0,0,0,0,0
"A","North East",,,"00CM","Sunderland","E02001800","Sunderland 010",,,2968,1939,65.33,457,15.4,471,15.87,62,2.09,24,.81,9,.3,5,.17,1,.03,0,0
"A","North East",,,"00CM","Sunderland","E02001801","Sunderland 011",,,3117,2574,82.58,415,13.31,117,3.75,6,.19,1,.03,1,.03,0,0,3,.1,0,0
"A","North East",,,"00CM","Sunderland","E02001802","Sunderland 012",,,2995,2965,99,29,.97,1,.03,0,0,0,0,0,0,0,0,0,0,0,0
"A","North East",,,"00CM","Sunderland","E02001803","Sunderland 013",,,3692,2818,76.33,268,7.26,466,12.62,87,2.36,40,1.08,3,.08,7,.19,3,.08,0,0
"A","North East",,,"00CM","Sunderland","E02001804","Sunderland 014",,,2445,1895,77.51,210,8.59,172,7.03,108,4.42,41,1.68,15,.61,4,.16,0,0,0,0
"A","North East",,,"00CM","Sunderland","E02001805","Sunderland 015",,,2603,1135,43.6,482,18.52,821,31.54,120,4.61,33,1.27,4,.15,5,.19,3,.12,0,0
"A","North East",,,"00CM","Sunderland","E02001806","Sunderland 016",,,4260,3778,88.69,237,5.56,73,1.71,122,2.86,22,.52,10,.23,14,.33,4,.09,0,0
"A","North East",,,"00CM","Sunderland","E02001807","Sunderland 017",,,3023,1950,64.51,242,8.01,464,15.35,199,6.58,154,5.09,8,.26,4,.13,2,.07,0,0
"A","North East",,,"00CM","Sunderland","E02001808","Sunderland 018",,,2494,675,27.06,1476,59.18,277,11.11,51,2.04,10,.4,4,.16,1,.04,0,0,0,0
"A","North East",,,"00CM","Sunderland","E02001809","Sunderland 019",,,2994,1463,48.86,776,25.92,461,15.4,187,6.25,46,1.54,29,.97,31,1.04,1,.03,0,0
"A","North East",,,"00CM","Sunderland","E02001810","Sunderland 020",,,3745,2090,55.81,879,23.47,440,11.75,325,8.68,11,.29,0,0,0,0,0,0,0,0
"A","North East",,,"00CM","Sunderland","E02001811","Sunderland 021",,,4408,3568,80.94,167,3.79,629,14.27,30,.68,11,.25,1,.02,2,.05,0,0,0,0
"A","North East",,,"00CM","Sunderland","E02001812","Sunderland 022",,,4336,258,5.95,312,7.2,2167,49.98,1094,25.23,237,5.47,142,3.27,120,2.77,6,.14,0,0
"A","North East",,,"00CM","Sunderland","E02001813","Sunderland 023",,,4438,4365,98.36,35,.79,22,.5,15,.34,1,.02,0,0,0,0,0,0,0,0
"A","North East",,,"00CM","Sunderland","E02001814","Sunderland 024",,,2699,1670,61.87,500,18.53,387,14.34,83,3.08,47,1.74,9,.33,1,.04,2,.07,0,0
"A","North East",,,"00CM","Sunderland","E02001815","Sunderland 025",,,4172,1938,46.45,276,6.62,290,6.95,635,15.22,631,15.12,203,4.87,197,4.72,2,.05,0,0
"A","North East",,,"00CM","Sunderland","E02001816","Sunderland 026",,,3540,2967,83.81,295,8.33,119,3.36,82,2.32,64,1.81,9,.25,1,.03,2,.06,1,.03
"A","North East",,,"00CM","Sunderland","E02001817","Sunderland 027",,,3278,2729,83.25,292,8.91,130,3.97,90,2.75,30,.92,2,.06,5,.15,0,0,0,0
"A","North East",,,"00CM","Sunderland","E02001818","Sunderland 028",,,3465,2500,72.15,368,10.62,336,9.7,207,5.97,44,1.27,4,.12,2,.06,4,.12,0,0
"A","North East",,,"00CM","Sunderland","E02001819","Sunderland 029",,,3144,807,25.67,329,10.46,1123,35.72,554,17.62,231,7.35,82,2.61,17,.54,1,.03,0,0
"A","North East",,,"00CM","Sunderland","E02001820","Sunderland 030",,,3650,2012,55.12,718,19.67,474,12.99,328,8.99,80,2.19,35,.96,3,.08,0,0,0,0
"A","North East",,,"00CM","Sunderland","E02001821","Sunderland 031",,,2461,1330,54.04,224,9.1,405,16.46,391,15.89,48,1.95,41,1.67,22,.89,0,0,0,0
"A","North East",,,"00CM","Sunderland","E02001822","Sunderland 032",,,3284,2023,61.6,195,5.94,363,11.05,486,14.8,144,4.38,45,1.37,20,.61,8,.24,0,0
"A","North East",,,"00CM","Sunderland","E02001823","Sunderland 033",,,3219,2785,86.52,181,5.62,72,2.24,141,4.38,24,.75,9,.28,6,.19,1,.03,0,0
"A","North East",,,"00CM","Sunderland","E02001824","Sunderland 034",,,3964,2246,56.66,804,20.28,540,13.62,226,5.7,119,3,19,.48,9,.23,1,.03,0,0
"A","North East",,,"00CM","Sunderland","E02001825","Sunderland 035",,,3695,2773,75.05,393,10.64,249,6.74,167,4.52,72,1.95,28,.76,9,.24,4,.11,0,0
"A","North East",,,"00CM","Sunderland","E02001826","Sunderland 036",,,2878,2348,81.58,388,13.48,96,3.34,21,.73,9,.31,8,.28,7,.24,1,.03,0,0
"A","North East",,,"00EB","Hartlepool","E02002483","Hartlepool 001",,,3124,1343,42.99,493,15.78,796,25.48,308,9.86,146,4.67,35,1.12,3,.1,0,0,0,0
"A","North East",,,"00EB","Hartlepool","E02002484","Hartlepool 002",,,4602,4083,88.72,324,7.04,101,2.19,50,1.09,19,.41,17,.37,5,.11,3,.07,0,0
"A","North East",,,"00EB","Hartlepool","E02002485","Hartlepool 003",,,4105,3477,84.7,302,7.36,191,4.65,104,2.53,26,.63,3,.07,2,.05,0,0,0,0
"A","North East",,,"00EB","Hartlepool","E02002486","Hartlepool 004",,,2654,90,3.39,257,9.68,587,22.12,766,28.86,541,20.38,272,10.25,134,5.05,7,.26,0,0
"A","North East",,,"00EB","Hartlepool","E02002487","Hartlepool 005",,,3071,2622,85.38,336,10.94,91,2.96,3,.1,11,.36,8,.26,0,0,0,0,0,0
"A","North East",,,"00EB","Hartlepool","E02002488","Hartlepool 006",,,2533,560,22.11,423,16.7,559,22.07,460,18.16,296,11.69,109,4.3,125,4.93,1,.04,0,0
"A","North East",,,"00EB","Hartlepool","E02002489","Hartlepool 007",,,3635,2751,75.68,558,15.35,165,4.54,128,3.52,16,.44,9,.25,5,.14,3,.08,0,0
"A","North East",,,"00EB","Hartlepool","E02002490","Hartlepool 008",,,3086,2296,74.4,424,13.74,266,8.62,76,2.46,20,.65,2,.06,2,.06,0,0,0,0
"A","North East",,,"00EB","Hartlepool","E02002491","Hartlepool 009",,,2866,2186,76.27,291,10.15,375,13.08,11,.38,0,0,1,.03,0,0,2,.07,0,0
"A","North East",,,"00EB","Hartlepool","E02002492","Hartlepool 010",,,2835,1933,68.18,490,17.28,252,8.89,139,4.9,13,.46,4,.14,2,.07,2,.07,0,0
"A","North East",,,"00EB","Hartlepool","E02002493","Hartlepool 011",,,2662,476,17.88,798,29.98,718,26.97,486,18.26,144,5.41,33,1.24,6,.23,1,.04,0,0
"A","North East",,,"00EB","Hartlepool","E02002494","Hartlepool 012",,,3491,2985,85.51,170,4.87,327,9.37,4,.11,2,.06,2,.06,0,0,1,.03,0,0
"A","North East",,,"00EB","Hartlepool","E02002495","Hartlepool 013",,,2240,228,10.18,945,42.19,851,37.99,152,6.79,42,1.88,11,.49,9,.4,2,.09,0,0
"A","North East",,,"00EC","Middlesbrough","E02002496","Middlesbrough 001",,,4738,4308,90.92,342,7.22,66,1.39,6,.13,2,.04,4,.08,4,.08,6,.13,0,0
"A","North East",,,"00EC","Middlesbrough","E02002497","Middlesbrough 002",,,2995,2870,95.83,99,3.31,19,.63,3,.1,1,.03,2,.07,0,0,1,.03,0,0
"A","North East",,,"00EC","Middlesbrough","E02002498","Middlesbrough 003",,,4553,4504,98.92,40,.88,6,.13,0,0,1,.02,0,0,2,.04,0,0,0,0
"A","North East",,,"00EC","Middlesbrough","E02002499","Middlesbrough 004",,,3149,2959,93.97,182,5.78,4,.13,0,0,2,.06,0,0,1,.03,1,.03,0,0
"A","North East",,,"00EC","Middlesbrough","E02002500","Middlesbrough 005",,,2325,834,35.87,1245,53.55,115,4.95,38,1.63,82,3.53,4,.17,6,.26,1,.04,0,0
"A","North East",,,"00EC","Middlesbrough","E02002501","Middlesbrough 006",,,2616,1676,64.07,724,27.68,135,5.16,66,2.52,9,.34,1,.04,2,.08,3,.11,0,0
"A","North East",,,"00EC","Middlesbrough","E02002502","Middlesbrough 007",,,4660,4149,89.03,300,6.44,180,3.86,7,.15,15,.32,9,.19,0,0,0,0,0,0
"A","North East",,,"00EC","Middlesbrough","E02002503","Middlesbrough 008",,,2797,2095,74.9,445,15.91,218,7.79,22,.79,11,.39,2,.07,4,.14,0,0,0,0
"A","North East",,,"00EC","Middlesbrough","E02002504","Middlesbrough 009",,,3267,539,16.5,1064,32.57,990,30.3,470,14.39,164,5.02,30,.92,7,.21,3,.09,0,0
"A","North East",,,"00EC","Middlesbrough","E02002505","Middlesbrough 010",,,2716,2629,96.8,53,1.95,16,.59,14,.52,4,.15,0,0,0,0,0,0,0,0
"A","North East",,,"00EC","Middlesbrough","E02002506","Middlesbrough 011",,,2437,2256,92.57,115,4.72,40,1.64,2,.08,1,.04,2,.08,11,.45,10,.41,0,0
"A","North East",,,"00EC","Middlesbrough","E02002507","Middlesbrough 012",,,2409,116,4.82,613,25.45,1299,53.92,272,11.29,87,3.61,15,.62,7,.29,0,0,0,0
"A","North East",,,"00EC","Middlesbrough","E02002508","Middlesbrough 013",,,2146,133,6.2,261,12.16,1480,68.97,177,8.25,82,3.82,8,.37,5,.23,0,0,0,0
"A","North East",,,"00EC","Middlesbrough","E02002509","Middlesbrough 014",,,2431,1261,51.87,280,11.52,482,19.83,284,11.68,109,4.48,13,.53,1,.04,1,.04,0,0
"A","North East",,,"00EC","Middlesbrough","E02002510","Middlesbrough 015",,,2515,67,2.66,876,34.83,1353,53.8,160,6.36,26,1.03,26,1.03,7,.28,0,0,0,0
"A","North East",,,"00EC","Middlesbrough","E02002511","Middlesbrough 016",,,3851,208,5.4,389,10.1,1380,35.83,1112,28.88,359,9.32,158,4.1,231,6,14,.36,0,0
"A","North East",,,"00EC","Middlesbrough","E02002512","Middlesbrough 017",,,2136,50,2.34,142,6.65,607,28.42,612,28.65,497,23.27,201,9.41,27,1.26,0,0,0,0
"A","North East",,,"00EC","Middlesbrough","E02002513","Middlesbrough 018",,,4149,2273,54.78,769,18.53,490,11.81,386,9.3,111,2.68,80,1.93,40,.96,0,0,0,0
"A","North East",,,"00EC","Middlesbrough","E02002514","Middlesbrough 019",,,3656,1171,32.03,977,26.72,700,19.15,563,15.4,165,4.51,61,1.67,16,.44,3,.08,0,0
"A","North East",,,"00EE","Redcar and Cleveland","E02002515","Redcar and Cleveland 001",,,3292,2274,69.08,753,22.87,174,5.29,64,1.94,19,.58,4,.12,1,.03,3,.09,0,0
"A","North East",,,"00EE","Redcar and Cleveland","E02002516","Redcar and Cleveland 002",,,2610,1373,52.61,826,31.65,347,13.3,56,2.15,6,.23,1,.04,1,.04,0,0,0,0
"A","North East",,,"00EE","Redcar and Cleveland","E02002517","Redcar and Cleveland 003",,,2492,1543,61.92,451,18.1,419,16.81,52,2.09,23,.92,3,.12,1,.04,0,0,0,0
"A","North East",,,"00EE","Redcar and Cleveland","E02002518","Redcar and Cleveland 004",,,4592,322,7.01,1392,30.31,1802,39.24,788,17.16,271,5.9,16,.35,0,0,1,.02,0,0
"A","North East",,,"00EE","Redcar and Cleveland","E02002519","Redcar and Cleveland 005",,,3113,1852,59.49,463,14.87,535,17.19,115,3.69,82,2.63,64,2.06,0,0,2,.06,0,0
"A","North East",,,"00EE","Redcar and Cleveland","E02002520","Redcar and Cleveland 006",,,5622,1036,18.43,1365,24.28,2137,38.01,693,12.33,338,6.01,42,.75,11,.2,0,0,0,0
"A","North East",,,"00EE","Redcar and Cleveland","E02002521","Redcar and Cleveland 007",,,2909,776,26.68,811,27.88,702,24.13,318,10.93,159,5.47,80,2.75,61,2.1,2,.07,0,0
"A","North East",,,"00EE","Redcar and Cleveland","E02002522","Redcar and Cleveland 008",,,2793,2235,80.02,415,14.86,120,4.3,16,.57,3,.11,1,.04,1,.04,2,.07,0,0
"A","North East",,,"00EE","Redcar and Cleveland","E02002523","Redcar and Cleveland 009",,,3081,2988,96.98,79,2.56,11,.36,1,.03,0,0,2,.06,0,0,0,0,0,0
"A","North East",,,"00EE","Redcar and Cleveland","E02002524","Redcar and Cleveland 010",,,2294,951,41.46,507,22.1,577,25.15,196,8.54,53,2.31,2,.09,8,.35,0,0,0,0
"A","North East",,,"00EE","Redcar and Cleveland","E02002525","Redcar and Cleveland 011",,,3814,2192,57.47,908,23.81,537,14.08,121,3.17,28,.73,18,.47,7,.18,3,.08,0,0
"A","North East",,,"00EE","Redcar and Cleveland","E02002526","Redcar and Cleveland 012",,,2950,1417,48.03,700,23.73,501,16.98,222,7.53,70,2.37,31,1.05,8,.27,1,.03,0,0
"A","North East",,,"00EE","Redcar and Cleveland","E02002527","Redcar and Cleveland 013",,,2522,2123,84.18,216,8.56,112,4.44,47,1.86,18,.71,5,.2,1,.04,0,0,0,0
"A","North East",,,"00EE","Redcar and Cleveland","E02002528","Redcar and Cleveland 014",,,2286,730,31.93,259,11.33,949,41.51,224,9.8,86,3.76,20,.87,18,.79,0,0,0,0
"A","North East",,,"00EE","Redcar and Cleveland","E02002529","Redcar and Cleveland 015",,,2668,1273,47.71,216,8.1,849,31.82,245,9.18,52,1.95,25,.94,7,.26,1,.04,0,0
"A","North East",,,"00EE","Redcar and Cleveland","E02002530","Redcar and Cleveland 016",,,2872,1642,57.17,335,11.66,479,16.68,254,8.84,122,4.25,27,.94,13,.45,0,0,0,0
"A","North East",,,"00EE","Redcar and Cleveland","E02002531","Redcar and Cleveland 017",,,3405,1263,37.09,609,17.89,1045,30.69,252,7.4,116,3.41,85,2.5,33,.97,2,.06,0,0
"A","North East",,,"00EE","Redcar and Cleveland","E02002532","Redcar and Cleveland 018",,,2956,1424,48.17,990,33.49,255,8.63,79,2.67,111,3.76,52,1.76,44,1.49,1,.03,0,0
"A","North East",,,"00EE","Redcar and Cleveland","E02002533","Redcar and Cleveland 019",,,2455,397,16.17,275,11.2,574,23.38,472,19.23,528,21.51,153,6.23,56,2.28,0,0,0,0
"A","North East",,,"00EE","Redcar and Cleveland","E02002534","Redcar and Cleveland 020",,,2503,52,2.08,152,6.07,1098,43.87,452,18.06,522,20.85,125,4.99,98,3.92,4,.16,0,0
"A","North East",,,"00EF","Stockton-on-Tees","E02002535","Stockton-on-Tees 001",,,4133,754,18.24,1407,34.04,922,22.31,723,17.49,247,5.98,59,1.43,20,.48,1,.02,0,0
"A","North East",,,"00EF","Stockton-on-Tees","E02002536","Stockton-on-Tees 002",,,4303,2701,62.77,631,14.66,787,18.29,87,2.02,85,1.98,9,.21,3,.07,0,0,0,0
"A","North East",,,"00EF","Stockton-on-Tees","E02002537","Stockton-on-Tees 003",,,3722,3582,96.24,68,1.83,47,1.26,8,.21,10,.27,5,.13,2,.05,0,0,0,0
"A","North East",,,"00EF","Stockton-on-Tees","E02002538","Stockton-on-Tees 004",,,2421,1884,77.82,249,10.29,220,9.09,28,1.16,31,1.28,5,.21,2,.08,2,.08,0,0
"A","North East",,,"00EF","Stockton-on-Tees","E02002539","Stockton-on-Tees 005",,,3409,367,10.77,306,8.98,729,21.38,683,20.04,463,13.58,354,10.38,457,13.41,50,1.47,0,0
"A","North East",,,"00EF","Stockton-on-Tees","E02002540","Stockton-on-Tees 006",,,2756,238,8.64,754,27.36,809,29.35,414,15.02,382,13.86,133,4.83,26,.94,0,0,0,0
"A","North East",,,"00EF","Stockton-on-Tees","E02002541","Stockton-on-Tees 007",,,2920,1499,51.34,794,27.19,415,14.21,96,3.29,68,2.33,26,.89,21,.72,1,.03,0,0
"A","North East",,,"00EF","Stockton-on-Tees","E02002542","Stockton-on-Tees 008",,,3435,2868,83.49,403,11.73,114,3.32,32,.93,13,.38,3,.09,0,0,2,.06,0,0
"A","North East",,,"00EF","Stockton-on-Tees","E02002543","Stockton-on-Tees 009",,,3433,2890,84.18,53,1.54,123,3.58,178,5.18,164,4.78,22,.64,1,.03,2,.06,0,0
"A","North East",,,"00EF","Stockton-on-Tees","E02002544","Stockton-on-Tees 010",,,3532,2827,80.04,559,15.83,112,3.17,19,.54,7,.2,1,.03,5,.14,2,.06,0,0
"A","North East",,,"00EF","Stockton-on-Tees","E02002545","Stockton-on-Tees 011",,,2340,205,8.76,1206,51.54,783,33.46,93,3.97,47,2.01,3,.13,1,.04,2,.09,0,0
"A","North East",,,"00EF","Stockton-on-Tees","E02002546","Stockton-on-Tees 012",,,3293,2320,70.45,460,13.97,353,10.72,109,3.31,39,1.18,7,.21,4,.12,1,.03,0,0
"A","North East",,,"00EF","Stockton-on-Tees","E02002547","Stockton-on-Tees 013",,,2654,544,20.5,300,11.3,1017,38.32,530,19.97,208,7.84,52,1.96,2,.08,1,.04,0,0
"A","North East",,,"00EF","Stockton-on-Tees","E02002548","Stockton-on-Tees 014",,,5320,4721,88.74,267,5.02,178,3.35,83,1.56,61,1.15,6,.11,2,.04,2,.04,0,0
"A","North East",,,"00EF","Stockton-on-Tees","E02002549","Stockton-on-Tees 015",,,3415,405,11.86,958,28.05,1529,44.77,411,12.04,94,2.75,15,.44,2,.06,1,.03,0,0
"A","North East",,,"00EF","Stockton-on-Tees","E02002550","Stockton-on-Tees 016",,,2781,878,31.57,324,11.65,903,32.47,337,12.12,158,5.68,146,5.25,34,1.22,1,.04,0,0
"A","North East",,,"00EF","Stockton-on-Tees","E02002551","Stockton-on-Tees 017",,,2882,2348,81.47,340,11.8,88,3.05,96,3.33,5,.17,0,0,1,.03,4,.14,0,0
"A","North East",,,"00EF","Stockton-on-Tees","E02002552","Stockton-on-Tees 018",,,2614,1596,61.06,786,30.07,181,6.92,45,1.72,5,.19,0,0,0,0,1,.04,0,0
"A","North East",,,"00EF","Stockton-on-Tees","E02002553","Stockton-on-Tees 019",,,2411,1171,48.57,573,23.77,423,17.54,159,6.59,65,2.7,15,.62,4,.17,1,.04,0,0
"A","North East",,,"00EF","Stockton-on-Tees","E02002554","Stockton-on-Tees 020",,,2417,1451,60.03,595,24.62,302,12.49,62,2.57,5,.21,0,0,2,.08,0,0,0,0
"A","North East",,,"00EF","Stockton-on-Tees","E02002555","Stockton-on-Tees 021",,,4138,477,11.53,991,23.95,1220,29.48,818,19.77,352,8.51,150,3.62,122,2.95,8,.19,0,0
"A","North East",,,"00EF","Stockton-on-Tees","E02002556","Stockton-on-Tees 022",,,2771,39,1.41,388,14,694,25.05,839,30.28,468,16.89,233,8.41,110,3.97,0,0,0,0
"A","North East",,,"00EF","Stockton-on-Tees","E02002557","Stockton-on-Tees 023",,,3584,15,.42,367,10.24,904,25.22,1314,36.66,827,23.07,150,4.19,5,.14,2,.06,0,0
"A","North East",,,"00EF","Stockton-on-Tees","E02002558","Stockton-on-Tees 024",,,4186,481,11.49,774,18.49,758,18.11,949,22.67,778,18.59,303,7.24,137,3.27,6,.14,0,0
"A","North East",,,"00EH","Darlington","E02002559","Darlington 001",,,2992,148,4.95,609,20.35,608,20.32,784,26.2,512,17.11,238,7.95,90,3.01,3,.1,0,0
"A","North East",,,"00EH","Darlington","E02002560","Darlington 002",,,2589,812,31.36,1254,48.44,196,7.57,142,5.48,160,6.18,24,.93,0,0,1,.04,0,0
"A","North East",,,"00EH","Darlington","E02002561","Darlington 003",,,2555,704,27.55,721,28.22,522,20.43,468,18.32,131,5.13,8,.31,1,.04,0,0,0,0
"A","North East",,,"00EH","Darlington","E02002562","Darlington 004",,,3058,2387,78.06,313,10.24,217,7.1,138,4.51,1,.03,0,0,0,0,2,.07,0,0
"A","North East",,,"00EH","Darlington","E02002563","Darlington 005",,,2412,1344,55.72,573,23.76,336,13.93,122,5.06,18,.75,4,.17,11,.46,4,.17,0,0
"A","North East",,,"00EH","Darlington","E02002564","Darlington 006",,,4149,2628,63.34,986,23.76,382,9.21,120,2.89,29,.7,2,.05,1,.02,1,.02,0,0
"A","North East",,,"00EH","Darlington","E02002565","Darlington 007",,,2716,1813,66.75,665,24.48,189,6.96,33,1.22,10,.37,1,.04,5,.18,0,0,0,0
"A","North East",,,"00EH","Darlington","E02002566","Darlington 008",,,3404,2874,84.43,264,7.76,173,5.08,74,2.17,11,.32,2,.06,4,.12,2,.06,0,0
"A","North East",,,"00EH","Darlington","E02002567","Darlington 009",,,3142,1952,62.13,1062,33.8,103,3.28,16,.51,4,.13,0,0,1,.03,4,.13,0,0
"A","North East",,,"00EH","Darlington","E02002568","Darlington 010",,,2527,379,15,98,3.88,661,26.16,782,30.95,334,13.22,187,7.4,84,3.32,2,.08,0,0
"A","North East",,,"00EH","Darlington","E02002569","Darlington 011",,,4033,162,4.02,92,2.28,1685,41.78,930,23.06,667,16.54,363,9,129,3.2,5,.12,0,0
"A","North East",,,"00EH","Darlington","E02002570","Darlington 012",,,3512,2753,78.39,602,17.14,130,3.7,17,.48,4,.11,1,.03,1,.03,4,.11,0,0
"A","North East",,,"00EH","Darlington","E02002571","Darlington 013",,,2364,1615,68.32,697,29.48,46,1.95,5,.21,1,.04,0,0,0,0,0,0,0,0
"A","North East",,,"00EH","Darlington","E02002572","Darlington 014",,,2791,1977,70.83,360,12.9,256,9.17,155,5.55,27,.97,2,.07,14,.5,0,0,0,0
"A","North East",,,"00EH","Darlington","E02002573","Darlington 015",,,3174,601,18.94,419,13.2,560,17.64,643,20.26,617,19.44,207,6.52,100,3.15,27,.85,0,0
"A","North East","20","Durham","20UB","Chester-le-Street","E02004290","Chester-le-Street 001",,,2560,918,35.86,555,21.68,790,30.86,211,8.24,45,1.76,24,.94,16,.63,1,.04,0,0
"A","North East","20","Durham","20UB","Chester-le-Street","E02004291","Chester-le-Street 002",,,3158,2382,75.43,403,12.76,277,8.77,62,1.96,24,.76,5,.16,3,.09,2,.06,0,0
"A","North East","20","Durham","20UB","Chester-le-Street","E02004292","Chester-le-Street 003",,,3336,1106,33.15,292,8.75,1167,34.98,382,11.45,204,6.12,113,3.39,69,2.07,3,.09,0,0
"A","North East","20","Durham","20UB","Chester-le-Street","E02004293","Chester-le-Street 004",,,4561,3829,83.95,346,7.59,148,3.24,122,2.67,75,1.64,11,.24,26,.57,4,.09,0,0
"A","North East","20","Durham","20UB","Chester-le-Street","E02004294","Chester-le-Street 005",,,3670,973,26.51,480,13.08,964,26.27,725,19.75,375,10.22,64,1.74,88,2.4,1,.03,0,0
"A","North East","20","Durham","20UB","Chester-le-Street","E02004295","Chester-le-Street 006",,,3255,1629,50.05,201,6.18,753,23.13,300,9.22,333,10.23,31,.95,7,.22,1,.03,0,0
"A","North East","20","Durham","20UB","Chester-le-Street","E02004296","Chester-le-Street 007",,,3564,2532,71.04,410,11.5,280,7.86,200,5.61,60,1.68,52,1.46,28,.79,2,.06,0,0
"A","North East","20","Durham","20UD","Derwentside","E02004297","Derwentside 001",,,3447,2024,58.72,401,11.63,494,14.33,328,9.52,139,4.03,36,1.04,23,.67,2,.06,0,0
"A","North East","20","Durham","20UD","Derwentside","E02004298","Derwentside 002",,,4122,1721,41.75,456,11.06,688,16.69,490,11.89,363,8.81,189,4.59,207,5.02,8,.19,0,0
"A","North East","20","Durham","20UD","Derwentside","E02004299","Derwentside 003",,,3577,2441,68.24,485,13.56,365,10.2,159,4.45,87,2.43,22,.62,16,.45,2,.06,0,0
"A","North East","20","Durham","20UD","Derwentside","E02004300","Derwentside 004",,,3538,2944,83.21,206,5.82,219,6.19,100,2.83,34,.96,18,.51,17,.48,0,0,0,0
"A","North East","20","Durham","20UD","Derwentside","E02004301","Derwentside 005",,,3844,3573,92.95,117,3.04,103,2.68,38,.99,8,.21,2,.05,1,.03,2,.05,0,0
"A","North East","20","Durham","20UD","Derwentside","E02004302","Derwentside 006",,,3589,3281,91.42,150,4.18,85,2.37,32,.89,28,.78,8,.22,3,.08,2,.06,0,0
"A","North East","20","Durham","20UD","Derwentside","E02004303","Derwentside 007",,,4757,3510,73.79,565,11.88,237,4.98,303,6.37,124,2.61,12,.25,3,.06,3,.06,0,0
"A","North East","20","Durham","20UD","Derwentside","E02004304","Derwentside 008",,,3419,2682,78.44,334,9.77,263,7.69,67,1.96,35,1.02,21,.61,12,.35,5,.15,0,0
"A","North East","20","Durham","20UD","Derwentside","E02004305","Derwentside 009",,,3710,2605,70.22,467,12.59,368,9.92,146,3.94,67,1.81,42,1.13,15,.4,0,0,0,0
"A","North East","20","Durham","20UD","Derwentside","E02004306","Derwentside 010",,,2613,1009,38.61,348,13.32,625,23.92,308,11.79,170,6.51,101,3.87,47,1.8,5,.19,0,0
"A","North East","20","Durham","20UD","Derwentside","E02004307","Derwentside 011",,,2878,1996,69.35,229,7.96,242,8.41,232,8.06,122,4.24,35,1.22,19,.66,3,.1,0,0
"A","North East","20","Durham","20UE","Durham","E02004308","Durham 001",,,2917,473,16.22,1265,43.37,676,23.17,349,11.96,102,3.5,18,.62,31,1.06,3,.1,0,0
"A","North East","20","Durham","20UE","Durham","E02004309","Durham 002",,,2715,1701,62.65,369,13.59,292,10.76,276,10.17,44,1.62,31,1.14,1,.04,1,.04,0,0
"A","North East","20","Durham","20UE","Durham","E02004310","Durham 003",,,3508,2311,65.88,456,13,360,10.26,194,5.53,124,3.53,32,.91,31,.88,0,0,0,0
"A","North East","20","Durham","20UE","Durham","E02004311","Durham 004",,,4024,2610,64.86,350,8.7,405,10.06,337,8.37,199,4.95,82,2.04,39,.97,2,.05,0,0
"A","North East","20","Durham","20UE","Durham","E02004312","Durham 005",,,3346,659,19.7,547,16.35,1572,46.98,489,14.61,51,1.52,20,.6,5,.15,3,.09,0,0
"A","North East","20","Durham","20UE","Durham","E02004313","Durham 006",,,2843,1910,67.18,607,21.35,188,6.61,65,2.29,43,1.51,13,.46,16,.56,1,.04,0,0
"A","North East","20","Durham","20UE","Durham","E02004314","Durham 007",,,2459,159,6.47,666,27.08,638,25.95,401,16.31,234,9.52,177,7.2,136,5.53,48,1.95,0,0
"A","North East","20","Durham","20UE","Durham","E02004315","Durham 008",,,3445,599,17.39,336,9.75,767,22.26,578,16.78,466,13.53,399,11.58,281,8.16,19,.55,0,0
"A","North East","20","Durham","20UE","Durham","E02004316","Durham 009",,,2673,2169,81.14,167,6.25,145,5.42,112,4.19,51,1.91,24,.9,5,.19,0,0,0,0
"A","North East","20","Durham","20UE","Durham","E02004317","Durham 010",,,3459,2308,66.72,434,12.55,339,9.8,177,5.12,85,2.46,57,1.65,52,1.5,7,.2,0,0
"A","North East","20","Durham","20UE","Durham","E02004318","Durham 011",,,2647,1502,56.74,205,7.74,207,7.82,316,11.94,253,9.56,110,4.16,51,1.93,3,.11,0,0
"A","North East","20","Durham","20UE","Durham","E02004319","Durham 012",,,3176,2174,68.45,277,8.72,315,9.92,309,9.73,75,2.36,22,.69,4,.13,0,0,0,0
"A","North East","20","Durham","20UF","Easington","E02004320","Easington 001",,,3187,1901,59.65,699,21.93,346,10.86,142,4.46,84,2.64,9,.28,6,.19,0,0,0,0
"A","North East","20","Durham","20UF","Easington","E02004321","Easington 002",,,3546,3040,85.73,192,5.41,203,5.72,73,2.06,21,.59,5,.14,12,.34,0,0,0,0
"A","North East","20","Durham","20UF","Easington","E02004322","Easington 003",,,3902,3711,95.11,43,1.1,77,1.97,46,1.18,13,.33,6,.15,4,.1,2,.05,0,0
"A","North East","20","Durham","20UF","Easington","E02004323","Easington 004",,,3018,2464,81.64,300,9.94,104,3.45,118,3.91,25,.83,6,.2,1,.03,0,0,0,0
"A","North East","20","Durham","20UF","Easington","E02004324","Easington 005",,,2693,2028,75.31,111,4.12,231,8.58,187,6.94,74,2.75,52,1.93,9,.33,1,.04,0,0
"A","North East","20","Durham","20UF","Easington","E02004325","Easington 006",,,3993,3857,96.59,64,1.6,39,.98,17,.43,10,.25,0,0,1,.03,5,.13,0,0
"A","North East","20","Durham","20UF","Easington","E02004326","Easington 007",,,2668,2154,80.73,169,6.33,174,6.52,117,4.39,37,1.39,12,.45,5,.19,0,0,0,0
"A","North East","20","Durham","20UF","Easington","E02004327","Easington 008",,,3042,2905,95.5,55,1.81,45,1.48,25,.82,7,.23,4,.13,0,0,1,.03,0,0
"A","North East","20","Durham","20UF","Easington","E02004328","Easington 009",,,3178,2839,89.33,125,3.93,169,5.32,40,1.26,4,.13,0,0,0,0,1,.03,0,0
"A","North East","20","Durham","20UF","Easington","E02004329","Easington 010",,,2888,1501,51.97,285,9.87,415,14.37,427,14.79,213,7.38,41,1.42,5,.17,1,.03,0,0
"A","North East","20","Durham","20UF","Easington","E02004330","Easington 011",,,2931,2351,80.21,252,8.6,199,6.79,71,2.42,48,1.64,6,.2,1,.03,3,.1,0,0
"A","North East","20","Durham","20UF","Easington","E02004331","Easington 012",,,3272,2894,88.45,128,3.91,160,4.89,76,2.32,7,.21,4,.12,3,.09,0,0,0,0
"A","North East","20","Durham","20UF","Easington","E02004332","Easington 013",,,2929,2000,68.28,208,7.1,301,10.28,175,5.97,128,4.37,48,1.64,62,2.12,7,.24,0,0
"A","North East","20","Durham","20UG","Sedgefield","E02004333","Sedgefield 001",,,3225,1572,48.74,767,23.78,460,14.26,293,9.09,79,2.45,47,1.46,7,.22,0,0,0,0
"A","North East","20","Durham","20UG","Sedgefield","E02004334","Sedgefield 002",,,3322,2710,81.58,126,3.79,300,9.03,142,4.27,34,1.02,7,.21,2,.06,1,.03,0,0
"A","North East","20","Durham","20UG","Sedgefield","E02004335","Sedgefield 003",,,3217,2788,86.66,170,5.28,175,5.44,53,1.65,19,.59,9,.28,3,.09,0,0,0,0
"A","North East","20","Durham","20UG","Sedgefield","E02004336","Sedgefield 004",,,3464,2960,85.45,282,8.14,118,3.41,72,2.08,23,.66,5,.14,1,.03,3,.09,0,0
"A","North East","20","Durham","20UG","Sedgefield","E02004337","Sedgefield 005",,,3909,2679,68.53,293,7.5,354,9.06,433,11.08,110,2.81,36,.92,3,.08,1,.03,0,0
"A","North East","20","Durham","20UG","Sedgefield","E02004338","Sedgefield 006",,,3395,2768,81.53,229,6.75,161,4.74,160,4.71,36,1.06,23,.68,16,.47,2,.06,0,0
"A","North East","20","Durham","20UG","Sedgefield","E02004339","Sedgefield 007",,,2942,485,16.49,674,22.91,773,26.27,456,15.5,348,11.83,162,5.51,41,1.39,3,.1,0,0
"A","North East","20","Durham","20UG","Sedgefield","E02004340","Sedgefield 008",,,4958,4428,89.31,205,4.13,163,3.29,126,2.54,28,.56,5,.1,1,.02,2,.04,0,0
"A","North East","20","Durham","20UG","Sedgefield","E02004341","Sedgefield 009",,,3447,773,22.43,648,18.8,791,22.95,761,22.08,389,11.29,64,1.86,19,.55,2,.06,0,0
"A","North East","20","Durham","20UG","Sedgefield","E02004342","Sedgefield 010",,,2354,2226,94.56,41,1.74,71,3.02,12,.51,3,.13,0,0,1,.04,0,0,0,0
"A","North East","20","Durham","20UG","Sedgefield","E02004343","Sedgefield 011",,,2585,2015,77.95,424,16.4,103,3.98,29,1.12,8,.31,3,.12,1,.04,2,.08,0,0
"A","North East","20","Durham","20UG","Sedgefield","E02004344","Sedgefield 012",,,3272,2165,66.17,463,14.15,242,7.4,185,5.65,172,5.26,39,1.19,5,.15,1,.03,0,0
"A","North East","20","Durham","20UH","Teesdale","E02004345","Teesdale 001",,,6057,2612,43.12,955,15.77,818,13.51,702,11.59,584,9.64,279,4.61,96,1.58,11,.18,0,0
"A","North East","20","Durham","20UH","Teesdale","E02004346","Teesdale 002",,,2497,337,13.5,567,22.71,456,18.26,477,19.1,349,13.98,195,7.81,104,4.16,11,.44,1,.04
"A","North East","20","Durham","20UH","Teesdale","E02004347","Teesdale 003",,,2972,473,15.92,1104,37.15,611,20.56,459,15.44,236,7.94,53,1.78,29,.98,7,.24,0,0
"A","North East","20","Durham","20UJ","Wear Valley","E02004348","Wear Valley 001",,,3901,1474,37.79,623,15.97,661,16.94,547,14.02,334,8.56,169,4.33,79,2.03,14,.36,0,0
"A","North East","20","Durham","20UJ","Wear Valley","E02004349","Wear Valley 002",,,4093,3250,79.4,308,7.53,208,5.08,211,5.16,90,2.2,22,.54,4,.1,0,0,0,0
"A","North East","20","Durham","20UJ","Wear Valley","E02004350","Wear Valley 003",,,4008,2704,67.47,383,9.56,390,9.73,364,9.08,130,3.24,26,.65,8,.2,3,.07,0,0
"A","North East","20","Durham","20UJ","Wear Valley","E02004351","Wear Valley 004",,,3278,2657,81.06,171,5.22,183,5.58,191,5.83,62,1.89,9,.27,1,.03,4,.12,0,0
"A","North East","20","Durham","20UJ","Wear Valley","E02004352","Wear Valley 005",,,3403,2546,74.82,262,7.7,277,8.14,185,5.44,85,2.5,17,.5,26,.76,5,.15,0,0
"A","North East","20","Durham","20UJ","Wear Valley","E02004353","Wear Valley 006",,,3431,1276,37.19,617,17.98,943,27.48,395,11.51,179,5.22,16,.47,2,.06,3,.09,0,0
"A","North East","20","Durham","20UJ","Wear Valley","E02004354","Wear Valley 007",,,3464,2218,64.03,531,15.33,276,7.97,326,9.41,86,2.48,16,.46,8,.23,3,.09,0,0
"A","North East","20","Durham","20UJ","Wear Valley","E02004355","Wear Valley 008",,,3294,2648,80.39,300,9.11,263,7.98,73,2.22,6,.18,2,.06,1,.03,1,.03,0,0
"A","North East","35","Northumberland","35UB","Alnwick","E02005702","Alnwick 001",,,3085,513,16.63,632,20.49,553,17.93,587,19.03,418,13.55,244,7.91,122,3.95,16,.52,0,0
"A","North East","35","Northumberland","35UB","Alnwick","E02005703","Alnwick 002",,,3273,1850,56.52,703,21.48,325,9.93,248,7.58,114,3.48,20,.61,8,.24,5,.15,0,0
"A","North East","35","Northumberland","35UB","Alnwick","E02005704","Alnwick 003",,,5580,2468,44.23,992,17.78,748,13.41,589,10.56,452,8.1,245,4.39,72,1.29,14,.25,0,0
"A","North East","35","Northumberland","35UB","Alnwick","E02005705","Alnwick 004",,,3471,714,20.57,629,18.12,586,16.88,528,15.21,488,14.06,326,9.39,178,5.13,22,.63,0,0
"A","North East","35","Northumberland","35UC","Berwick-upon-Tweed","E02005706","Berwick-upon-Tweed 001",,,4486,3530,78.69,440,9.81,284,6.33,150,3.34,52,1.16,19,.42,5,.11,5,.11,1,.02
"A","North East","35","Northumberland","35UC","Berwick-upon-Tweed","E02005707","Berwick-upon-Tweed 002",,,3334,1233,36.98,611,18.33,558,16.74,394,11.82,281,8.43,173,5.19,74,2.22,9,.27,1,.03
"A","North East","35","Northumberland","35UC","Berwick-upon-Tweed","E02005708","Berwick-upon-Tweed 003",,,5952,2109,35.43,1232,20.7,975,16.38,713,11.98,469,7.88,270,4.54,164,2.76,20,.34,0,0
"A","North East","35","Northumberland","35UD","Blyth Valley","E02005709","Blyth Valley 001",,,3069,2977,97,44,1.43,36,1.17,5,.16,2,.07,1,.03,1,.03,3,.1,0,0
"A","North East","35","Northumberland","35UD","Blyth Valley","E02005710","Blyth Valley 002",,,4130,3389,82.06,346,8.38,233,5.64,98,2.37,55,1.33,6,.15,1,.02,2,.05,0,0
"A","North East","35","Northumberland","35UD","Blyth Valley","E02005711","Blyth Valley 003",,,3719,2985,80.26,444,11.94,234,6.29,49,1.32,5,.13,0,0,2,.05,0,0,0,0
"A","North East","35","Northumberland","35UD","Blyth Valley","E02005712","Blyth Valley 004",,,2766,1515,54.77,827,29.9,177,6.4,191,6.91,49,1.77,5,.18,2,.07,0,0,0,0
"A","North East","35","Northumberland","35UD","Blyth Valley","E02005713","Blyth Valley 005",,,2692,533,19.8,1041,38.67,506,18.8,564,20.95,40,1.49,8,.3,0,0,0,0,0,0
"A","North East","35","Northumberland","35UD","Blyth Valley","E02005714","Blyth Valley 006",,,2002,81,4.05,346,17.28,655,32.72,576,28.77,328,16.38,16,.8,0,0,0,0,0,0
"A","North East","35","Northumberland","35UD","Blyth Valley","E02005715","Blyth Valley 007",,,3785,2991,79.02,473,12.5,219,5.79,54,1.43,22,.58,13,.34,10,.26,3,.08,0,0
"A","North East","35","Northumberland","35UD","Blyth Valley","E02005716","Blyth Valley 008",,,3736,2365,63.3,928,24.84,328,8.78,90,2.41,12,.32,6,.16,3,.08,4,.11,0,0
"A","North East","35","Northumberland","35UD","Blyth Valley","E02005717","Blyth Valley 009",,,3618,1853,51.22,435,12.02,730,20.18,413,11.42,140,3.87,31,.86,15,.41,1,.03,0,0
"A","North East","35","Northumberland","35UD","Blyth Valley","E02005718","Blyth Valley 010",,,3155,1526,48.37,873,27.67,414,13.12,91,2.88,228,7.23,22,.7,1,.03,0,0,0,0
"A","North East","35","Northumberland","35UD","Blyth Valley","E02005719","Blyth Valley 011",,,3455,2253,65.21,541,15.66,309,8.94,249,7.21,86,2.49,11,.32,5,.14,1,.03,0,0
"A","North East","35","Northumberland","35UE","Castle Morpeth","E02005720","Castle Morpeth 001",,,4623,2901,62.75,762,16.48,359,7.77,313,6.77,208,4.5,58,1.25,20,.43,2,.04,0,0
"A","North East","35","Northumberland","35UE","Castle Morpeth","E02005721","Castle Morpeth 002",,,2234,1137,50.9,241,10.79,293,13.12,257,11.5,122,5.46,88,3.94,91,4.07,5,.22,0,0
"A","North East","35","Northumberland","35UE","Castle Morpeth","E02005722","Castle Morpeth 003",,,2945,161,5.47,379,12.87,446,15.14,415,14.09,499,16.94,453,15.38,525,17.83,67,2.28,0,0
"A","North East","35","Northumberland","35UE","Castle Morpeth","E02005723","Castle Morpeth 004",,,3253,1679,51.61,599,18.41,514,15.8,250,7.69,154,4.73,44,1.35,11,.34,2,.06,0,0
"A","North East","35","Northumberland","35UE","Castle Morpeth","E02005724","Castle Morpeth 005",,,2549,104,4.08,130,5.1,854,33.5,908,35.62,384,15.06,103,4.04,65,2.55,1,.04,0,0
"A","North East","35","Northumberland","35UE","Castle Morpeth","E02005725","Castle Morpeth 006",,,2849,121,4.25,240,8.42,527,18.5,401,14.08,593,20.81,631,22.15,305,10.71,31,1.09,0,0
"A","North East","35","Northumberland","35UE","Castle Morpeth","E02005726","Castle Morpeth 007",,,3094,163,5.27,196,6.33,234,7.56,384,12.41,578,18.68,1056,34.13,448,14.48,35,1.13,0,0
"A","North East","35","Northumberland","35UF","Tynedale","E02005727","Tynedale 001",,,2909,988,33.96,512,17.6,378,12.99,389,13.37,334,11.48,180,6.19,114,3.92,14,.48,0,0
"A","North East","35","Northumberland","35UF","Tynedale","E02005728","Tynedale 002",,,3220,1560,48.45,438,13.6,445,13.82,418,12.98,232,7.2,93,2.89,28,.87,6,.19,0,0
"A","North East","35","Northumberland","35UF","Tynedale","E02005729","Tynedale 003",,,2467,429,17.39,539,21.85,427,17.31,403,16.34,293,11.88,177,7.17,186,7.54,13,.53,0,0
"A","North East","35","Northumberland","35UF","Tynedale","E02005730","Tynedale 004",,,5679,1639,28.86,1026,18.07,953,16.78,678,11.94,705,12.41,432,7.61,238,4.19,8,.14,0,0
"A","North East","35","Northumberland","35UF","Tynedale","E02005731","Tynedale 005",,,4508,2319,51.44,621,13.78,835,18.52,457,10.14,245,5.43,20,.44,9,.2,2,.04,0,0
"A","North East","35","Northumberland","35UF","Tynedale","E02005732","Tynedale 006",,,3886,314,8.08,598,15.39,646,16.62,674,17.34,462,11.89,567,14.59,562,14.46,62,1.6,1,.03
"A","North East","35","Northumberland","35UF","Tynedale","E02005733","Tynedale 007",,,3574,818,22.89,578,16.17,553,15.47,502,14.05,439,12.28,384,10.74,264,7.39,36,1.01,0,0
"A","North East","35","Northumberland","35UG","Wansbeck","E02005734","Wansbeck 001",,,2901,2540,87.56,212,7.31,99,3.41,30,1.03,12,.41,6,.21,1,.03,1,.03,0,0
"A","North East","35","Northumberland","35UG","Wansbeck","E02005735","Wansbeck 002",,,3778,3640,96.35,114,3.02,13,.34,3,.08,6,.16,0,0,0,0,2,.05,0,0
"A","North East","35","Northumberland","35UG","Wansbeck","E02005736","Wansbeck 003",,,3225,2544,78.88,310,9.61,252,7.81,87,2.7,25,.78,3,.09,0,0,3,.09,1,.03
"A","North East","35","Northumberland","35UG","Wansbeck","E02005737","Wansbeck 004",,,3233,2015,62.33,304,9.4,535,16.55,260,8.04,96,2.97,16,.49,5,.15,2,.06,0,0
"A","North East","35","Northumberland","35UG","Wansbeck","E02005738","Wansbeck 005",,,2233,1249,55.93,402,18,316,14.15,241,10.79,21,.94,4,.18,0,0,0,0,0,0
"A","North East","35","Northumberland","35UG","Wansbeck","E02005739","Wansbeck 006",,,4273,2545,59.56,1181,27.64,331,7.75,172,4.03,38,.89,3,.07,1,.02,2,.05,0,0
"A","North East","35","Northumberland","35UG","Wansbeck","E02005740","Wansbeck 007",,,4790,3808,79.5,502,10.48,159,3.32,268,5.59,39,.81,8,.17,6,.13,0,0,0,0
"A","North East","35","Northumberland","35UG","Wansbeck","E02005741","Wansbeck 008",,,3525,1412,40.06,538,15.26,548,15.55,679,19.26,242,6.87,60,1.7,44,1.25,2,.06,0,0