DATASET_TITLE,Household Composition - Households (UV65),,,,FROM,Apr-2001,Apr-2001,Apr-2001,Apr-2001,Apr-2001,Apr-2001,Apr-2001,Apr-2001,Apr-2001,Apr-2001,Apr-2001,Apr-2001,Apr-2001,Apr-2001,Apr-2001,Apr-2001,Apr-2001,Apr-2001,Apr-2001,Apr-2001,Apr-2001,Apr-2001,Apr-2001,Apr-2001,Apr-2001,Apr-2001
AREA_TYPE,County,,,,TO,Apr-2001,Apr-2001,Apr-2001,Apr-2001,Apr-2001,Apr-2001,Apr-2001,Apr-2001,Apr-2001,Apr-2001,Apr-2001,Apr-2001,Apr-2001,Apr-2001,Apr-2001,Apr-2001,Apr-2001,Apr-2001,Apr-2001,Apr-2001,Apr-2001,Apr-2001,Apr-2001,Apr-2001,Apr-2001,Apr-2001
GEO_HIERARCHY,NeSS Geography Hierarchy,,,,HEADING,All Households,One person,One person: Pensioner,One person: Other,One family and no others,One family and no others: All pensioners,One family and no others: Married couple households,One family and no others: Married couple households: No children,One family and no others: Married couple households: With one dependent child,One family and no others: Married couple households: With two or more dependent children,One family and no others: Married couple households: All children non-dependent,One family and no others: Cohabiting couple family households,One family and no others: Cohabiting couple family households: No children,One family and no others: Cohabiting couple family households: With one dependent child,One family and no others: Cohabiting couple family households: With two or more dependent children,One family and no others: Cohabiting couple family households: All children non-dependent,One family and no others: Lone parent households,One family and no others: Lone parent households: With one dependent child,One family and no others: Lone parent households: With two or more dependent children,One family and no others: Lone parent households: All children non-dependent,Other households,Other households: With one dependent child,Other households: With two or more dependent children,Other households: All student,Other households: All pensioner,Other households: Other
,,,,,MEASUREMENT_UNIT,Count,Count,Count,Count,Count,Count,Count,Count,Count,Count,Count,Count,Count,Count,Count,Count,Count,Count,Count,Count,Count,Count,Count,Count,Count,Count
,,,,,STATISTICAL_UNIT,Households,Households,Households,Households,Households,Households,Households,Households,Households,Households,Households,Households,Households,Households,Households,Households,Households,Households,Households,Households,Households,Households,Households,Households,Households,Households
GOR_CODE,GOR_NAME,CTY_CODE,CTY_NAME,AREA_METADATA,,DATA_VALUE,DATA_VALUE,DATA_VALUE,DATA_VALUE,DATA_VALUE,DATA_VALUE,DATA_VALUE,DATA_VALUE,DATA_VALUE,DATA_VALUE,DATA_VALUE,DATA_VALUE,DATA_VALUE,DATA_VALUE,DATA_VALUE,DATA_VALUE,DATA_VALUE,DATA_VALUE,DATA_VALUE,DATA_VALUE,DATA_VALUE,DATA_VALUE,DATA_VALUE,DATA_VALUE,DATA_VALUE,DATA_VALUE
"A","North East","20","Durham",,,207436,60612,32097,28515,137703,18841,81726,29796,15598,21080,15252,16445,7969,4005,3723,748,20691,7798,6001,6892,9121,1828,1561,741,893,4098
"A","North East","35","Northumberland",,,130780,37831,20279,17552,88202,13258,54169,21090,9265,14840,8974,9619,5074,2119,2030,396,11156,4132,3269,3755,4747,943,835,14,512,2443
"B","North West","13","Cheshire",,,280031,77340,40130,37210,189980,28161,117004,42704,19995,35129,19176,22422,12934,4267,4320,901,22393,7585,6786,8022,12711,2293,2196,600,948,6674
"B","North West","16","Cumbria",,,209027,62824,33062,29762,136712,21626,81714,31700,13487,22820,13707,15640,8607,3221,3170,642,17732,6172,5256,6304,9491,1655,1612,209,1060,4955
"B","North West","30","Lancashire",,,468868,137149,69736,67413,306646,44768,178964,65079,31230,53124,29531,37546,19201,8364,8381,1600,45368,16784,14597,13987,25073,4687,5188,1847,1820,11531
"D","Yorkshire and The Humber","36","North Yorkshire",,,237583,66122,36345,29777,161179,26094,99486,39742,16402,29419,13923,18190,10954,3242,3287,707,17409,6063,5258,6088,10282,1678,1754,170,1139,5541
"E","East Midlands","17","Derbyshire",,,308869,85400,45175,40225,211757,30232,127884,48338,21894,36038,21614,28150,15252,5901,5821,1176,25491,8657,7851,8983,11712,2242,1984,25,1052,6409
"E","East Midlands","31","Leicestershire",,,245245,61561,31714,29847,172240,25264,107249,39333,17848,32475,17593,21905,12637,4226,4148,894,17822,5942,5433,6447,11444,1934,2230,835,859,5586
"E","East Midlands","32","Lincolnshire",,,272153,73440,40453,32987,185991,32816,109907,45917,17518,31010,15462,22871,12688,4569,4738,876,20397,7162,6765,6470,12722,2047,2075,662,1190,6748
"E","East Midlands","34","Northamptonshire",,,259066,70646,32572,38074,174786,22354,104578,39179,17768,32368,15263,24720,14048,4801,4922,949,23134,8198,8073,6863,13634,2363,2433,548,767,7523
"E","East Midlands","37","Nottinghamshire",,,314027,86078,44121,41957,214039,31197,127490,48926,21615,36342,20607,27821,15587,5491,5678,1065,27531,10073,8731,8727,13910,2396,2379,679,990,7466
"F","West Midlands","39","Shropshire",,,117301,32578,17566,15012,79334,12804,48237,18587,8003,14031,7616,9413,5421,1838,1781,373,8880,2901,2608,3371,5389,851,880,26,571,3061
"F","West Midlands","41","Staffordshire",,,328234,83368,43494,39874,230856,31637,144330,53402,25844,40689,24395,27753,15091,5981,5573,1108,27136,9180,8224,9732,14010,2736,2523,377,1083,7291
"F","West Midlands","44","Warwickshire",,,210898,58698,29351,29347,141326,20410,86853,32525,14813,25650,13865,17652,10490,3252,3257,653,16411,5508,5084,5819,10874,1750,1793,604,735,5992
"F","West Midlands","47","Worcestershire",,,223049,59146,30557,28589,153061,22602,92984,34684,16146,27081,15073,20169,11767,3789,3742,871,17306,5669,5283,6354,10842,1960,1924,202,848,5908
"G","East of England","09","Bedfordshire",,,153862,40710,18856,21854,104713,13539,64873,23130,10981,21230,9532,14262,8428,2524,2754,556,12039,4161,3773,4105,8439,1503,1735,251,500,4450
"G","East of England","12","Cambridgeshire",,,222873,60180,28570,31610,149037,21172,92253,35302,14929,29294,12728,20907,12783,3494,3833,797,14705,5056,4558,5091,13656,1844,1900,830,876,8206
"G","East of England","22","Essex",,,544701,152477,79032,73445,367094,56723,219998,79411,35512,68209,36866,45923,26147,8666,9245,1865,44450,14947,14234,15269,25130,4052,4218,634,2160,14066
"G","East of England","26","Hertfordshire",,,420650,115758,56026,59732,281080,39110,170199,56258,29768,57185,26988,37248,22625,6491,6724,1408,34523,11219,10829,12475,23812,3639,4078,928,1339,13828
"G","East of England","33","Norfolk",,,343135,100242,54374,45868,226611,42671,128833,53207,20328,35878,19420,29866,17318,5544,5844,1160,25241,8745,7946,8550,16282,2462,2314,722,1668,9116
"G","East of England","42","Suffolk",,,281155,80719,42931,37788,188258,32227,111536,42972,17751,34361,16452,23614,13320,4448,4878,968,20881,7084,6910,6887,12178,1981,1996,68,1316,6817
"J","South East","11","Buckinghamshire",,,188086,46812,23310,23502,129891,17770,83811,28716,14167,28278,12650,15126,9518,2473,2520,615,13184,4133,3893,5158,11383,1766,2258,337,620,6402
"J","South East","21","East Sussex",,,214638,69712,41088,28624,133842,27612,73191,28969,11700,22565,9957,16456,9394,3093,3439,530,16583,5816,5662,5105,11084,1642,1795,267,1407,5973
"J","South East","24","Hampshire",,,502706,129186,68351,60835,346669,52340,214676,80160,35401,67779,31336,41438,24644,7356,7768,1670,38215,12332,12544,13339,26851,4364,4098,424,1995,15970
"J","South East","29","Kent",,,546742,153797,81942,71855,363136,55949,212448,77964,35219,66108,33157,48052,26479,9501,10113,1959,46687,15478,15892,15317,29809,4861,5488,1312,2693,15455
"J","South East","38","Oxfordshire",,,241218,65302,31140,34162,157968,21646,98059,35597,17009,31020,14433,20546,13106,3307,3425,708,17717,5903,5462,6352,17948,2134,2148,1980,943,10743
"J","South East","43","Surrey",,,433176,122472,61882,60590,283690,42258,176798,61553,30687,57794,26764,35370,23015,5455,5628,1272,29264,9426,7913,11925,27014,3845,4247,1061,1580,16281
"J","South East","45","West Sussex",,,320915,96617,54828,41789,207181,38186,120010,45809,19615,37446,17140,25049,15324,4257,4545,923,23936,8105,7676,8155,17117,2513,2625,301,1810,9868
"K","South West","15","Cornwall and Isles of Scilly",,,215695,64769,35345,29424,138565,24785,79354,32978,12558,22377,11441,17105,9128,3512,3786,679,17321,6395,5331,5595,12361,2109,1881,290,1230,6851
"K","South West","18","Devon",,,298576,86890,49466,37424,193889,37827,110087,46028,16675,31993,15391,23579,13827,4267,4591,894,22396,7930,6887,7579,17797,2567,2726,1069,1795,9640
"K","South West","19","Dorset",,,167998,48388,29693,18695,111860,25349,63417,26811,9791,17926,8889,11731,6865,2114,2336,416,11363,3731,3627,4005,7750,1169,1170,32,1093,4286
"K","South West","23","Gloucestershire",,,237872,69909,35509,34400,155396,24326,92061,35319,15129,28232,13381,20419,11901,3799,4023,696,18590,6301,5834,6455,12567,1837,1950,653,958,7169
"K","South West","40","Somerset",,,210587,61180,33592,27588,139277,24938,80770,32427,12546,24318,11479,17446,9880,3228,3579,759,16123,5472,5267,5384,10130,1625,1592,45,1094,5774
"K","South West","46","Wiltshire",,,176655,47409,24458,22951,121026,18404,75779,29105,12434,24064,10176,14031,8157,2595,2735,544,12812,4354,4060,4398,8220,1296,1288,34,724,4878