DATASET_TITLE,"GCE/Applied GCE A/AS and Equivalent Examination Results (Level 3) for Young People by Gender in England (Referenced by Location of Educational Institution), 2009/2010",,,,,,,,FROM,Sep-2009,Sep-2009,Sep-2009,Sep-2009,Sep-2009,Sep-2009,Sep-2009,Sep-2009,Sep-2009,Sep-2009,Sep-2009,Sep-2009
AREA_TYPE,Former Local Authority,,,,,,,,TO,Aug-2010,Aug-2010,Aug-2010,Aug-2010,Aug-2010,Aug-2010,Aug-2010,Aug-2010,Aug-2010,Aug-2010,Aug-2010,Aug-2010
GEO_HIERARCHY,NeSS Geography Hierarchy,,,,,,,,HEADING,16-18 Year Old Students Entered for Level 3 Qualifications; Total,Average Level 3 QCDA Point Score Per Student,Average Level 3 QCDA Point Score Per Entry; All Students,Students Achieving 2 or More Passes of A Level Equivalent Size,16-18 Year Old Students Entered for Level 3 Qualifications; Male,Average Level 3 QCDA Point Score Per Male Student,Average Level 3 QCDA Point Score Per Entry; Male Students,Male Students Achieving 2 or More Passes of A Level Equivalent Size,16-18 Year Old Students Entered for Level 3 Qualifications; Female,Average Level 3 QCDA Point Score Per Female Student,Average Level 3 QCDA Point Score Per Entry; Female Students,Female Students Achieving 2 or More Passes of A Level Equivalent Size
,,,,,,,,,MEASUREMENT_UNIT,Count,Score,Score,Percentage,Count,Score,Score,Percentage,Count,Score,Score,Percentage
,,,,,,,,,STATISTICAL_UNIT,Persons,Persons,Persons,Persons,Persons,Persons,Persons,Persons,Persons,Persons,Persons,Persons
GOR_CODE,GOR_NAME,CTY_CODE,CTY_NAME,LA_CODE,LA_NAME,FLA_CODE,FLA_NAME,AREA_METADATA,,DATA_VALUE,DATA_VALUE,DATA_VALUE,DATA_VALUE,DATA_VALUE,DATA_VALUE,DATA_VALUE,DATA_VALUE,DATA_VALUE,DATA_VALUE,DATA_VALUE,DATA_VALUE
"A","North East",,,"00EJ","Durham","20UB","Chester-le-Street",,,210,787.1,213.1,97.1,103,765.7,212.3,97.1,107,807.7,213.7,97.2
"A","North East",,,"00EJ","Durham","20UD","Derwentside",,,247,630.6,209.9,84.6,118,564.9,200.6,77.1,129,690.7,217.5,91.5
"A","North East",,,"00EJ","Durham","20UE","Durham",,,1421,704.6,213.2,97.6,651,705.5,210.8,97.2,770,703.9,215.3,97.9
"A","North East",,,"00EJ","Durham","20UF","Easington",,,311,517,200,75.9,126,471.4,191.5,70.6,185,548,205.4,79.5
"A","North East",,,"00EJ","Durham","20UG","Sedgefield",,,33,692.3,197.8,90.9,14,619.3,192.7,x,19,746.1,201.1,x
"A","North East",,,"00EJ","Durham","20UH","Teesdale",,,51,706.2,208.8,88.2,26,717.1,210.7,x,25,694.8,206.8,x
"A","North East",,,"00EJ","Durham","20UJ","Wear Valley",,,406,572.1,207.3,88.9,168,558.7,203,88.7,238,581.6,210.3,89.1
"A","North East",,,"00EM","Northumberland","35UB","Alnwick",,,181,657.3,202.9,x,82,613.1,192.7,x,99,693.9,211.2,93.9
"A","North East",,,"00EM","Northumberland","35UC","Berwick-upon-Tweed",,,64,877.9,191.2,x,32,886,184.9,x,32,869.7,198,x
"A","North East",,,"00EM","Northumberland","35UD","Blyth Valley",,,279,646.9,202.8,92.8,127,607.2,193.8,89,152,680.1,210,96.1
"A","North East",,,"00EM","Northumberland","35UE","Castle Morpeth",,,337,850.5,219.9,98.2,166,802.1,212.2,x,171,897.5,227.1,x
"A","North East",,,"00EM","Northumberland","35UF","Tynedale",,,415,824.6,213.7,98.8,193,784.7,206.1,x,222,859.3,220.2,x
"A","North East",,,"00EM","Northumberland","35UG","Wansbeck",,,488,640.3,198.3,91,223,620.4,194.5,89.7,265,657.1,201.4,92.1
"B","North West",,,"00EQ","Cheshire East","13UC","Congleton",,,497,785.5,214.9,97.8,184,739.3,208.6,98.4,313,812.7,218.4,97.4
"B","North West",,,"00EQ","Cheshire East","13UD","Crewe and Nantwich",,,1300,660.6,213.6,91.6,675,643,208.7,90.5,625,679.6,218.8,92.8
"B","North West",,,"00EQ","Cheshire East","13UG","Macclesfield",,,1160,749.1,218.3,97,586,725.5,213.4,96.9,574,773.1,223.3,97
"B","North West",,,"00EW","Cheshire West and Chester","13UB","Chester",,,951,719.6,214,96.7,470,716,211.8,98.3,481,723.1,216.2,95.2
"B","North West",,,"00EW","Cheshire West and Chester","13UE","Ellesmere Port & Neston",,,276,691,199.6,94.6,126,654.9,195.1,91.3,150,721.4,203.1,97.3
"B","North West",,,"00EW","Cheshire West and Chester","13UH","Vale Royal",,,1353,829.7,215.2,98,606,792.3,208.7,96.5,747,860.1,220.4,99.2
"F","West Midlands",,,"00GG","Shropshire","39UB","Bridgnorth",,,278,733.1,198.8,98.2,147,714,193,x,131,754.5,205.3,x
"F","West Midlands",,,"00GG","Shropshire","39UC","North Shropshire",,,202,748.6,207.1,96.5,93,730.7,199.8,95.7,109,764,213.5,97.2
"F","West Midlands",,,"00GG","Shropshire","39UD","Oswestry",,,332,634.4,209.4,91.3,149,599.7,197.1,89.3,183,662.7,219.4,92.9
"F","West Midlands",,,"00GG","Shropshire","39UE","Shrewsbury and Atcham",,,872,816,219,96.8,414,800.7,215.5,96.6,458,829.9,222.2,96.9
"F","West Midlands",,,"00GG","Shropshire","39UF","South Shropshire",,,212,679.7,206.8,96.7,80,631.9,197.8,x,132,708.7,212,x
"G","East of England",,,"00KC","Central Bedfordshire","09UC","Mid Bedfordshire",,,685,747.8,199,96.5,335,710.2,191.8,94.9,350,783.9,205.7,98
"G","East of England",,,"00KC","Central Bedfordshire","09UE","South Bedfordshire",,,721,732,205.2,96.7,368,721.4,202.5,95.4,353,743,208,98
"K","South West",,,"00HE","Cornwall","15UB","Caradon",,,293,735.9,202.3,96.2,147,704.6,198,97.3,146,767.5,206.4,95.2
"K","South West",,,"00HE","Cornwall","15UC","Carrick",,,1629,790.6,219.7,98.6,775,776.7,215.3,98.5,854,803.2,223.7,98.8
"K","South West",,,"00HE","Cornwall","15UD","Kerrier",,,209,639.9,211.5,90.4,104,607.9,205.2,83.7,105,671.7,217.6,97.1
"K","South West",,,"00HE","Cornwall","15UE","North Cornwall",,,377,689.5,198.6,93.9,150,670.3,194.2,91.3,227,702.2,201.5,95.6
"K","South West",,,"00HE","Cornwall","15UF","Penwith",,,0,.,.,.,.,.,.,.,.,.,.,.
"K","South West",,,"00HE","Cornwall","15UG","Restormel",,,1040,661.5,216.3,90.5,461,665,212.3,89.4,579,658.6,219.6,91.4
"K","South West",,,"00HY","Wiltshire","46UB","Kennet",,,200,799.2,211.1,x,87,786,209.6,x,113,809.3,212.2,100
"K","South West",,,"00HY","Wiltshire","46UC","North Wiltshire",,,1456,759.4,210.9,93.4,744,749.4,207.3,94.1,712,769.8,214.7,92.7
"K","South West",,,"00HY","Wiltshire","46UD","Salisbury",,,353,922.1,238.2,x,163,896.4,241.9,x,190,944.1,235.3,98.4
"K","South West",,,"00HY","Wiltshire","46UF","West Wiltshire",,,573,712.2,207.9,96.3,265,695.6,202.4,97,308,726.5,212.8,95.8