DATASET_TITLE,"GCE/Applied GCE A/AS and Equivalent Examination Results (Level 3) for Young People by Gender in England (Referenced by Location of Educational Institution), 2009/2010",,,,,,,,,,FROM,Sep-2009,Sep-2009,Sep-2009,Sep-2009,Sep-2009,Sep-2009,Sep-2009,Sep-2009,Sep-2009,Sep-2009,Sep-2009,Sep-2009
AREA_TYPE,Region,,,,,,,,,,TO,Aug-2010,Aug-2010,Aug-2010,Aug-2010,Aug-2010,Aug-2010,Aug-2010,Aug-2010,Aug-2010,Aug-2010,Aug-2010,Aug-2010
GEO_HIERARCHY,NeSS Geography Hierarchy,,,,,,,,,,HEADING,16-18 Year Old Students Entered for Level 3 Qualifications; Total,Average Level 3 QCDA Point Score Per Student,Average Level 3 QCDA Point Score Per Entry; All Students,Students Achieving 2 or More Passes of A Level Equivalent Size,16-18 Year Old Students Entered for Level 3 Qualifications; Male,Average Level 3 QCDA Point Score Per Male Student,Average Level 3 QCDA Point Score Per Entry; Male Students,Male Students Achieving 2 or More Passes of A Level Equivalent Size,16-18 Year Old Students Entered for Level 3 Qualifications; Female,Average Level 3 QCDA Point Score Per Female Student,Average Level 3 QCDA Point Score Per Entry; Female Students,Female Students Achieving 2 or More Passes of A Level Equivalent Size
,,,,,,,,,,,MEASUREMENT_UNIT,Count,Score,Score,Percentage,Count,Score,Score,Percentage,Count,Score,Score,Percentage
,,,,,,,,,,,STATISTICAL_UNIT,Persons,Persons,Persons,Persons,Persons,Persons,Persons,Persons,Persons,Persons,Persons,Persons
UK_CODE,UK_NAME,GB_CODE,GB_NAME,EW_CODE,EW_NAME,CTRY_CODE,CTRY_NAME,GOR_CODE,GOR_NAME,AREA_METADATA,,DATA_VALUE,DATA_VALUE,DATA_VALUE,DATA_VALUE,DATA_VALUE,DATA_VALUE,DATA_VALUE,DATA_VALUE,DATA_VALUE,DATA_VALUE,DATA_VALUE,DATA_VALUE
"213","United Kingdom","078","Great Britain","727","England and Wales","064","England",,,,,342013,726.5,211.1,94.4,158610,707.3,207,93.4,183403,743.1,214.7,95.3
"213","United Kingdom","078","Great Britain","727","England and Wales","064","England","A","North East",,,16128,717.7,209.9,94.8,7408,695,205.1,93.5,8720,737,214,95.9
"213","United Kingdom","078","Great Britain","727","England and Wales","064","England","B","North West",,,48646,749.5,212.7,95.2,22506,732.2,208.8,94.2,26140,764.4,216,96.1
"213","United Kingdom","078","Great Britain","727","England and Wales","064","England","D","Yorkshire and The Humber",,,33123,729.5,206.7,94.5,15063,708.6,202.1,93.1,18060,747,210.6,95.6
"213","United Kingdom","078","Great Britain","727","England and Wales","064","England","E","East Midlands",,,28014,716.5,207.1,93.7,12929,700,203.1,92.4,15085,730.7,210.5,94.8
"213","United Kingdom","078","Great Britain","727","England and Wales","064","England","F","West Midlands",,,37970,701.9,209,93.4,17625,675.1,204.2,91.9,20345,725.1,213,94.6
"213","United Kingdom","078","Great Britain","727","England and Wales","064","England","G","East of England",,,39212,737.2,211.5,94.7,18229,720.2,207.6,94,20983,752,214.9,95.3
"213","United Kingdom","078","Great Britain","727","England and Wales","064","England","H","London",,,45806,697.2,212.4,94.4,21172,679.2,209.6,93.4,24634,712.6,214.8,95.3
"213","United Kingdom","078","Great Britain","727","England and Wales","064","England","J","South East",,,59939,743.4,213.4,94.5,28153,721.1,208.7,93.4,31786,763.2,217.5,95.5
"213","United Kingdom","078","Great Britain","727","England and Wales","064","England","K","South West",,,33175,728,213.6,94.4,15525,716.7,209.2,94.3,17650,737.9,217.4,94.6