DATASET_TITLE,Marital Status (UV07),,,,FROM,Apr-2001,Apr-2001,Apr-2001,Apr-2001,Apr-2001,Apr-2001,Apr-2001
AREA_TYPE,County,,,,TO,Apr-2001,Apr-2001,Apr-2001,Apr-2001,Apr-2001,Apr-2001,Apr-2001
GEO_HIERARCHY,NeSS Geography Hierarchy,,,,HEADING,All People,Single (never married),Married (first marriage),Re-married,Separated (but still legally married),Divorced,Widowed
,,,,,MEASUREMENT_UNIT,Count,Count,Count,Count,Count,Count,Count
,,,,,STATISTICAL_UNIT,Persons,Persons,Persons,Persons,Persons,Persons,Persons
GOR_CODE,GOR_NAME,CTY_CODE,CTY_NAME,AREA_METADATA,,DATA_VALUE,DATA_VALUE,DATA_VALUE,DATA_VALUE,DATA_VALUE,DATA_VALUE,DATA_VALUE
"B","North West","13","Cheshire",,,673788,271165,260420,43222,10181,42639,46161
"B","North West","16","Cumbria",,,487607,192810,186574,30827,7479,32454,37463
"B","North West","30","Lancashire",,,1134974,478692,399442,76829,20952,78120,80939