DATASET_TITLE,Household Composition - People - Alternative Classification (UV47),,,,,,FROM,Apr-2001,Apr-2001,Apr-2001,Apr-2001,Apr-2001,Apr-2001,Apr-2001,Apr-2001,Apr-2001,Apr-2001,Apr-2001
AREA_TYPE,Local Authority,,,,,,TO,Apr-2001,Apr-2001,Apr-2001,Apr-2001,Apr-2001,Apr-2001,Apr-2001,Apr-2001,Apr-2001,Apr-2001,Apr-2001
GEO_HIERARCHY,NeSS Geography Hierarchy,,,,,,HEADING,All People in Households,One Person Households,One Person Households: 1 adult of pensionable age and no children,One Person Households: 1 adult of non-pensionable age and no children,Other Households,Other Households: 1 adult of any age and 1 or more children,"Other Households: 1 adult of non-pensionable age and 1 of pensionable age and no children, or 2 adults of pensionable age and no children",Other Households:  2 adults and 1 or 2 children,Other Households:  2 adults of non-pensionable age and no children,"Other Households:  2 adults and 3 or more children, or 3 or more adults and 1 or more children",Other Households:  3 or more adults and no children
,,,,,,,MEASUREMENT_UNIT,Count,Count,Count,Count,Count,Count,Count,Count,Count,Count,Count
,,,,,,,STATISTICAL_UNIT,Persons,Persons,Persons,Persons,Persons,Persons,Persons,Persons,Persons,Persons,Persons
GOR_CODE,GOR_NAME,CTY_CODE,CTY_NAME,LA_CODE,LA_NAME,AREA_METADATA,,DATA_VALUE,DATA_VALUE,DATA_VALUE,DATA_VALUE,DATA_VALUE,DATA_VALUE,DATA_VALUE,DATA_VALUE,DATA_VALUE,DATA_VALUE,DATA_VALUE
"A","North East",,,"00CH","Gateshead",,,188703,28176,13935,14241,160527,13839,23324,38418,26858,27585,30503
"A","North East",,,"00CJ","Newcastle upon Tyne",,,253748,39101,18014,21087,214647,17153,27116,45812,35390,41167,48009
"A","North East",,,"00CK","North Tyneside",,,189692,28027,14258,13769,161665,12616,23816,41433,28364,25858,29578
"A","North East",,,"00CL","South Tyneside",,,151122,21438,11463,9975,129684,12731,18490,30538,19336,23758,24831
"A","North East",,,"00CM","Sunderland",,,275590,34137,17578,16559,241453,19659,31180,59014,36530,44991,50079
"A","North East",,,"00EB","Hartlepool",,,87748,11413,5728,5685,76335,7173,10410,18694,11356,15355,13347
"A","North East",,,"00EC","Middlesbrough",,,132949,17042,8273,8769,115907,11873,13926,26034,15654,25837,22583
"A","North East",,,"00EE","Redcar and Cleveland",,,137707,16031,8593,7438,121676,9148,17782,28273,18496,24267,23710
"A","North East",,,"00EF","Stockton-on-Tees",,,175783,20485,9861,10624,155298,11831,19798,39335,24102,30955,29277
"A","North East",,,"00EH","Darlington",,,96154,13441,6638,6803,82713,6942,11746,20909,14798,14563,13755
"A","North East","20","Durham","20UB","Chester-le-Street",,,53191,6400,3159,3241,46791,2866,6432,12982,8548,7204,8759
"A","North East","20","Durham","20UD","Derwentside",,,83906,10981,5859,5122,72925,5176,10342,18701,12462,12086,14158
"A","North East","20","Durham","20UE","Durham",,,80762,10234,5065,5169,70528,3811,9624,17344,13016,10814,15919
"A","North East","20","Durham","20UF","Easington",,,93025,10740,5992,4748,82285,6338,11502,20071,12152,16420,15802
"A","North East","20","Durham","20UG","Sedgefield",,,86614,10979,5743,5236,75635,6045,10708,19446,13302,12625,13509
"A","North East","20","Durham","20UH","Teesdale",,,23660,3082,1796,1286,20578,1005,3496,5117,3964,3201,3795
"A","North East","20","Durham","20UJ","Wear Valley",,,60571,8196,4483,3713,52375,4149,7428,13140,8996,8966,9696
"A","North East","35","Northumberland","35UB","Alnwick",,,30537,4022,2180,1842,26515,1290,4664,6577,5274,4466,4244
"A","North East","35","Northumberland","35UC","Berwick-upon-Tweed",,,25526,3752,2180,1572,21774,1080,4248,5195,4208,3383,3660
"A","North East","35","Northumberland","35UD","Blyth Valley",,,80454,10010,4737,5273,70444,5126,8652,18106,13336,12244,12980
"A","North East","35","Northumberland","35UE","Castle Morpeth",,,47052,5289,3117,2172,41763,1769,7412,10079,7368,7371,7764
"A","North East","35","Northumberland","35UF","Tynedale",,,57715,6692,3797,2895,51023,2402,8070,12750,9344,9113,9344
"A","North East","35","Northumberland","35UG","Wansbeck",,,60675,8066,4268,3798,52609,3431,7396,13495,9224,8669,10394