DATASET_TITLE,"National Curriculum Assessments at Key Stage 3 and Associated Value Added Measures by Gender in England (Referenced by Location of Educational Institution), 2004",,,,,,,,,,FROM,Sep-2003,Sep-2003,Sep-2003,Sep-2003,Sep-2003,Sep-2003,Sep-2003,Sep-2003,Sep-2003,Sep-2003,Sep-2003,Sep-2003,Sep-2003,Sep-2003,Sep-2003,Sep-2003,Sep-2003,Sep-2003,Sep-2003,Sep-2003,Sep-2003
AREA_TYPE,Region,,,,,,,,,,TO,Aug-2004,Aug-2004,Aug-2004,Aug-2004,Aug-2004,Aug-2004,Aug-2004,Aug-2004,Aug-2004,Aug-2004,Aug-2004,Aug-2004,Aug-2004,Aug-2004,Aug-2004,Aug-2004,Aug-2004,Aug-2004,Aug-2004,Aug-2004,Aug-2004
GEO_HIERARCHY,NeSS Geography Hierarchy,,,,,,,,,,HEADING,Pupils Eligible for KS3 Assessment,Pupils Achieving Level 5+; in English,Pupils Achieving Level 5+; in Mathematics,Pupils Achieving Level 5+; in Science,Average Point Score of Pupils Eligible for KS3 Assessment,KS2 - KS3 Value Added Measure of Pupils Eligible for KS3 Assessment,KS2 - KS3 Value Added Coverage of Pupils Eligible for KS3 Assessment,Boy Pupils Eligible for KS3 Assessment,Boy Pupils Achieving Level 5+; in English,Boy Pupils Achieving Level 5+; in Mathematics,Boy Pupils Achieving Level 5+; in Science,Average Point Score of Boy Pupils Eligible for KS3 Assessment,KS2 - KS3 Value Added Measure of Boy Pupils Eligible for KS3 Assessment,KS2 - KS3 Value Added Coverage of Boy Pupils Eligible for KS3 Assessment,Girl Pupils Eligible for KS3 Assessment,Girl Pupils Achieving Level 5+; in English,Girl Pupils Achieving Level 5+; in Mathematics,Girl Pupils Achieving Level 5+; in Science,Average Point Score of Girl Pupils Eligible for KS3 Assessment,KS2 - KS3 Value Added Measure of Girl Pupils Eligible for KS3 Assessment,KS2 - KS3 Value Added Coverage of Girl Pupils Eligible for KS3 Assessment
,,,,,,,,,,,MEASUREMENT_UNIT,Count,Percentage,Percentage,Percentage,Score,Score,Percentage,Count,Percentage,Percentage,Percentage,Score,Score,Percentage,Count,Percentage,Percentage,Percentage,Score,Score,Percentage
,,,,,,,,,,,STATISTICAL_UNIT,Persons,Persons,Persons,Persons,Persons,Persons,Persons,Persons,Persons,Persons,Persons,Persons,Persons,Persons,Persons,Persons,Persons,Persons,Persons,Persons,Persons
UK_CODE,UK_NAME,GB_CODE,GB_NAME,EW_CODE,EW_NAME,CTRY_CODE,CTRY_NAME,GOR_CODE,GOR_NAME,AREA_METADATA,,DATA_VALUE,DATA_VALUE,DATA_VALUE,DATA_VALUE,DATA_VALUE,DATA_VALUE,DATA_VALUE,DATA_VALUE,DATA_VALUE,DATA_VALUE,DATA_VALUE,DATA_VALUE,DATA_VALUE,DATA_VALUE,DATA_VALUE,DATA_VALUE,DATA_VALUE,DATA_VALUE,DATA_VALUE,DATA_VALUE,DATA_VALUE
"213","United Kingdom","078","Great Britain","727","England and Wales","064","England",,,,,619114,71,73,66,34.1,99.8,93,316533,64,72,65,33.7,99.6,93,302581,78,74,67,34.6,99.9,94
"213","United Kingdom","078","Great Britain","727","England and Wales","064","England","A","North East",,,32110,67,71,63,33.5,99.1,95,16402,61,69,62,33.1,99,95,15708,74,72,64,33.9,99.1,96
"213","United Kingdom","078","Great Britain","727","England and Wales","064","England","B","North West",,,89669,70,72,65,33.8,99.3,94,45803,63,71,64,33.4,99.2,94,43866,76,73,66,34.3,99.4,95
"213","United Kingdom","078","Great Britain","727","England and Wales","064","England","D","Yorkshire and The Humber",,,64105,67,71,63,33.5,99.3,94,32742,60,69,62,33.1,99.2,94,31363,74,72,64,34,99.5,95
"213","United Kingdom","078","Great Britain","727","England and Wales","064","England","E","East Midlands",,,53486,71,74,68,34.2,99.9,94,27330,64,73,66,33.7,99.7,94,26156,78,75,69,34.6,100,95
"213","United Kingdom","078","Great Britain","727","England and Wales","064","England","F","West Midlands",,,69944,69,71,65,33.7,99.6,94,36075,63,70,63,33.3,99.5,94,33869,76,72,66,34.2,99.8,94
"213","United Kingdom","078","Great Britain","727","England and Wales","064","England","G","East of England",,,66497,73,76,70,34.6,100.1,95,33975,67,75,69,34.2,100,94,32522,80,76,71,35.1,100.3,95
"213","United Kingdom","078","Great Britain","727","England and Wales","064","England","H","London",,,76475,70,70,62,33.6,99.7,91,38779,64,69,60,33.1,99.5,91,37696,77,71,64,34,99.9,91
"213","United Kingdom","078","Great Britain","727","England and Wales","064","England","J","South East",,,94600,74,76,69,34.8,100.2,93,48295,68,75,68,34.4,100,92,46305,81,76,71,35.4,100.3,93
"213","United Kingdom","078","Great Britain","727","England and Wales","064","England","K","South West",,,59074,73,75,70,34.6,100.1,94,30238,67,74,69,34.2,100,94,28836,80,76,71,35.1,100.2,94