DATASET_TITLE,"GCSE and Equivalent Results for Young People by Gender in England (Referenced by Location of Pupil Residence), 2005/2006",,,,,,,,,,FROM,Sep-2005,Sep-2005,Sep-2005,Sep-2005,Sep-2005,Sep-2005,Sep-2005,Sep-2005,Sep-2005,Sep-2005,Sep-2005,Sep-2005,Sep-2005,Sep-2005,Sep-2005,Sep-2005,Sep-2005,Sep-2005,Sep-2005,Sep-2005,Sep-2005,Sep-2005,Sep-2005,Sep-2005
AREA_TYPE,Region,,,,,,,,,,TO,Aug-2006,Aug-2006,Aug-2006,Aug-2006,Aug-2006,Aug-2006,Aug-2006,Aug-2006,Aug-2006,Aug-2006,Aug-2006,Aug-2006,Aug-2006,Aug-2006,Aug-2006,Aug-2006,Aug-2006,Aug-2006,Aug-2006,Aug-2006,Aug-2006,Aug-2006,Aug-2006,Aug-2006
GEO_HIERARCHY,NeSS Geography Hierarchy,,,,,,,,,,HEADING,15 Year Old Pupils; Total,All 15 Year Old Pupils Achieving 5+ A* - C,All 15 Year Old Pupils Achieving 5+ A* - G,All 15 Year Old Pupils Achieving 5+ A* - G Including English and Mathematics,All 15 Year Old Pupils With Any Passes,All 15 Year Old Pupils with No Passes,Average GCSE and Equivalent Point Score Per Pupil,Average Capped GCSE and Equivalent Point Score Per Pupil,15 Year Old Boy Pupils; Total,15 Year Old Boy Pupils Achieving 5+ A* - C,15 Year Old Boy Pupils Achieving 5+ A* - G,15 Year Old Boy Pupils Achieving 5+ A* - G Including English and Mathematics,15 Year Old Boy Pupils With Any Passes,15 Year Old Boy Pupils with No Passes,Average GCSE and Equivalent Point Score Per Boy Pupil,Average Capped GCSE and Equivalent Point Score Per Boy Pupil,15 Year Old Girl Pupils; Total,15 Year Old Girl Pupils Achieving 5+ A* - C,15 Year Old Girl Pupils Achieving 5+ A* - G,15 Year Old Girl Pupils Achieving 5+ A* - G Including English and Mathematics,15 Year Old Girl Pupils With Any Passes,15 Year Old Girl Pupils with No Passes,Average GCSE and Equivalent Point Score Per Girl Pupil,Average Capped GCSE and Equivalent Point Score Per Girl Pupil
,,,,,,,,,,,MEASUREMENT_UNIT,Count,Percentage,Percentage,Percentage,Percentage,Percentage,Score,Score,Count,Percentage,Percentage,Percentage,Percentage,Percentage,Score,Score,Count,Percentage,Percentage,Percentage,Percentage,Percentage,Score,Score
,,,,,,,,,,,STATISTICAL_UNIT,Persons,Persons,Persons,Persons,Persons,Persons,Persons,Persons,Persons,Persons,Persons,Persons,Persons,Persons,Persons,Persons,Persons,Persons,Persons,Persons,Persons,Persons,Persons,Persons
UK_CODE,UK_NAME,GB_CODE,GB_NAME,EW_CODE,EW_NAME,CTRY_CODE,CTRY_NAME,GOR_CODE,GOR_NAME,AREA_METADATA,,DATA_VALUE,DATA_VALUE,DATA_VALUE,DATA_VALUE,DATA_VALUE,DATA_VALUE,DATA_VALUE,DATA_VALUE,DATA_VALUE,DATA_VALUE,DATA_VALUE,DATA_VALUE,DATA_VALUE,DATA_VALUE,DATA_VALUE,DATA_VALUE,DATA_VALUE,DATA_VALUE,DATA_VALUE,DATA_VALUE,DATA_VALUE,DATA_VALUE,DATA_VALUE,DATA_VALUE
"213","United Kingdom","078","Great Britain","727","England and Wales","064","England",,,,,650064,58.4,89.2,86.6,96.5,3.5,360.3,291.8,331427,53.8,86.9,83.9,95.9,4.1,341,278,318637,63.2,91.5,89.3,97.1,2.9,380.4,306.2
"213","United Kingdom","078","Great Britain","727","England and Wales","064","England","A","North East",,,31579,57.4,88.9,86.9,96.4,3.6,361.5,282.1,16040,52.9,86.9,84.7,95.8,4.2,342.9,269.5,15539,61.9,91,89.1,97,3,380.8,295.1
"213","United Kingdom","078","Great Britain","727","England and Wales","064","England","B","North West",,,87244,56.5,89.7,87.8,96.6,3.4,352.7,286.3,44391,51.8,87.6,85.6,96.1,3.9,334.7,273,42853,61.3,91.9,90.2,97.2,2.8,371.3,300
"213","United Kingdom","078","Great Britain","727","England and Wales","064","England","D","Yorkshire and The Humber",,,62827,54.5,88.4,86.4,96.3,3.7,347.1,280.1,31896,49.7,86.1,83.8,95.5,4.5,327.3,266,30931,59.4,90.9,89,97,3,367.5,294.6
"213","United Kingdom","078","Great Britain","727","England and Wales","064","England","E","East Midlands",,,52564,55.3,90.3,88,97.2,2.8,355.7,286.8,26772,50.5,88.1,85.5,96.6,3.4,336.2,273.3,25792,60.3,92.6,90.5,97.8,2.2,376,300.8
"213","United Kingdom","078","Great Britain","727","England and Wales","064","England","F","West Midlands",,,67355,56.3,90.3,88,97.2,2.8,362.5,287.5,34571,51.3,88,85.5,96.7,3.3,341.6,273.3,32784,61.6,92.8,90.6,97.8,2.2,384.6,302.4
"213","United Kingdom","078","Great Britain","727","England and Wales","064","England","G","East of England",,,64746,59.1,91.5,89.9,97.4,2.6,368.8,296.7,32945,54.4,89.5,87.7,96.9,3.1,349.5,283.2,31801,63.9,93.6,92.2,97.9,2.1,388.7,310.7
"213","United Kingdom","078","Great Britain","727","England and Wales","064","England","H","London",,,73912,58.3,91,89.2,97.1,2.9,364.5,295,37091,53.7,89.1,87.1,96.6,3.4,346.4,281.2,36821,62.8,92.9,91.3,97.6,2.4,382.7,308.9
"213","United Kingdom","078","Great Britain","727","England and Wales","064","England","J","South East",,,90894,59.6,91.6,90.1,97.5,2.5,369.3,298.7,46280,55,89.7,87.9,97,3,350.5,285.3,44614,64.3,93.5,92.3,98,2,388.9,312.5
"213","United Kingdom","078","Great Britain","727","England and Wales","064","England","K","South West",,,57723,57.8,90.7,89,97.2,2.8,363.7,294,29510,52.8,88.6,86.7,96.7,3.3,344.5,280.1,28213,63,92.9,91.5,97.7,2.3,383.9,308.5