DATASET_TITLE,Dependent Children (UV06),,,,,,FROM,Apr-2001,Apr-2001,Apr-2001,Apr-2001,Apr-2001,Apr-2001,Apr-2001,Apr-2001,Apr-2001
AREA_TYPE,Local Authority,,,,,,TO,Apr-2001,Apr-2001,Apr-2001,Apr-2001,Apr-2001,Apr-2001,Apr-2001,Apr-2001,Apr-2001
GEO_HIERARCHY,NeSS Geography Hierarchy,,,,,,HEADING,All Families in Households,No Dependent Children,One Dependent Child: Aged 0 to 4 years,One Dependent Child: Aged 5 to 11 years,One Dependent Child: Aged 12 to 18 years,Two or more Dependent Children: Aged 0 to 4 years,Two or more Dependent Children: Aged 5 to 11 years,Two or more Dependent Children: Aged 12 to 18 years,Total Dependent Children
,,,,,,,MEASUREMENT_UNIT,Count,Count,Count,Count,Count,Count,Count,Count,Count
,,,,,,,STATISTICAL_UNIT,Families,Families,Families,Families,Families,Families,Families,Families,Persons
GOR_CODE,GOR_NAME,CTY_CODE,CTY_NAME,LA_CODE,LA_NAME,AREA_METADATA,,DATA_VALUE,DATA_VALUE,DATA_VALUE,DATA_VALUE,DATA_VALUE,DATA_VALUE,DATA_VALUE,DATA_VALUE,DATA_VALUE
"H","London",,,"00AA","City of London",,,1479,1029,114,87,75,81,72,21,694
"H","London",,,"00AB","Barking and Dagenham",,,45296,22576,4063,2444,3345,5983,5338,1547,42092
"H","London",,,"00AC","Barnet",,,81682,42631,6091,3843,6625,9674,9294,3524,72457
"H","London",,,"00AD","Bexley",,,62798,34914,4171,2722,4384,6564,7493,2550,51069
"H","London",,,"00AE","Brent",,,66049,33219,5237,3905,6087,7563,7199,2839,60006
"H","London",,,"00AF","Bromley",,,84513,47904,5734,3690,5795,8984,9033,3373,65829
"H","London",,,"00AG","Camden",,,41905,22356,3680,2487,3100,5216,3785,1281,36683
"H","London",,,"00AH","Croydon",,,89631,44947,7432,5433,7249,10656,10387,3527,80641
"H","London",,,"00AJ","Ealing",,,76367,39844,5717,3807,6220,9141,8317,3321,67953
"H","London",,,"00AK","Enfield",,,73243,37373,5577,3877,5866,8808,8667,3075,65430
"H","London",,,"00AL","Greenwich",,,55242,27534,4957,3118,4306,7133,6178,2016,51457
"H","London",,,"00AM","Hackney",,,45581,19999,4572,2938,3653,7764,4969,1686,52771
"H","London",,,"00AN","Hammersmith and Fulham",,,36156,20021,3000,2040,2468,4466,3130,1031,30049
"H","London",,,"00AP","Haringey",,,52298,25672,4628,3338,4268,6835,5584,1973,49769
"H","London",,,"00AQ","Harrow",,,56545,30445,3590,2472,4817,5873,6551,2797,48010
"H","London",,,"00AR","Havering",,,65252,38115,3792,2618,4527,6222,7367,2611,49840
"H","London",,,"00AS","Hillingdon",,,66853,36083,5044,3038,4593,7668,7794,2633,57099
"H","London",,,"00AT","Hounslow",,,55371,28663,4324,2674,4492,6860,6023,2335,49274
"H","London",,,"00AU","Islington",,,39859,20524,3576,2513,3027,5028,3934,1257,35722
"H","London",,,"00AW","Kensington and Chelsea",,,33534,18504,2927,2245,2207,4285,2481,885,27224
"H","London",,,"00AX","Kingston upon Thames",,,38725,21355,2858,1616,2848,4306,4120,1622,31435
"H","London",,,"00AY","Lambeth",,,61258,30420,6049,4309,4709,8051,5918,1802,56328
"H","London",,,"00AZ","Lewisham",,,64189,31724,6017,4280,5091,8266,6730,2081,58279
"H","London",,,"00BA","Merton",,,49401,26924,4006,2319,3494,5911,4987,1760,40841
"H","London",,,"00BB","Newham",,,57204,22934,5395,3523,4754,10225,7766,2607,71557
"H","London",,,"00BC","Redbridge",,,64137,33470,4537,2890,4998,7732,7718,2792,57967
"H","London",,,"00BD","Richmond upon Thames",,,45583,25475,3601,1852,3138,5409,4438,1670,35881
"H","London",,,"00BE","Southwark",,,58337,28743,5765,4067,4310,7946,5727,1779,54630
"H","London",,,"00BF","Sutton",,,49607,26754,3712,2259,3487,5592,5752,2051,41846
"H","London",,,"00BG","Tower Hamlets",,,42688,20611,3580,1876,2686,7493,4811,1631,50248
"H","London",,,"00BH","Waltham Forest",,,56366,28416,4937,3251,4294,7234,6263,1971,52206
"H","London",,,"00BJ","Wandsworth",,,59961,34325,5260,2960,3542,7284,5022,1568,46656
"H","London",,,"00BK","Westminster",,,38424,23227,3136,1983,2461,4026,2719,872,27040