DATASET_TITLE,Limiting Long-term Illness (UV22),,,,FROM,Apr-2001,Apr-2001,Apr-2001
AREA_TYPE,County,,,,TO,Apr-2001,Apr-2001,Apr-2001
GEO_HIERARCHY,NeSS Geography Hierarchy,,,,HEADING,All People,With a Limiting Long-Term Illness,Without a Limiting Long-Term Illness
,,,,,MEASUREMENT_UNIT,Count,Count,Count
,,,,,STATISTICAL_UNIT,Persons,Persons,Persons
GOR_CODE,GOR_NAME,CTY_CODE,CTY_NAME,AREA_METADATA,,DATA_VALUE,DATA_VALUE,DATA_VALUE
"A","North East","20","Durham",,,493470,121024,372446
"A","North East","35","Northumberland",,,307190,64154,243036