DATASET_TITLE,"Early Years Foundation Stage Profile by Free School Meal Eligibility in England (Referenced by Location of Pupil Residence), 2009",,,,,,FROM,Sep-2008,Sep-2008,Sep-2008,Sep-2008,Sep-2008,Sep-2008,Sep-2008,Sep-2008,Sep-2008,Sep-2008,Sep-2008,Sep-2008
AREA_TYPE,Local Authority,,,,,,TO,Aug-2009,Aug-2009,Aug-2009,Aug-2009,Aug-2009,Aug-2009,Aug-2009,Aug-2009,Aug-2009,Aug-2009,Aug-2009,Aug-2009
GEO_HIERARCHY,NeSS Geography Hierarchy,,,,,,HEADING,Pupils Eligible for EYFSP Assessment,Pupils Achieving 6 or More Points in Each of the 7 Scales of PSE and CLL,Pupils Achieving 78 or More Points Across All Scales,Pupils Achieving a Good Level of Development,Free School Meals Pupils Eligible for EYFSP Assessment,Free School Meals Pupils Achieving 6 or More Points in Each of the 7 Scales of PSE and CLL,Free School Meals Pupils Achieving 78 or More Points Across All Scales,Free School Meals Pupils Achieving a Good Level of Development,Non-Free School Meals Pupils Eligible for EYFSP Assessment,Non-Free School Meals Pupils Achieving 6 or More Points in Each of the 7 Scales of PSE and CLL,Non-Free School Meals Pupils Achieving 78 or More Points Across All Scales,Non-Free School Meals Pupils Achieving a Good Level of Development
,,,,,,,MEASUREMENT_UNIT,Count,Percentage,Percentage,Percentage,Count,Percentage,Percentage,Percentage,Count,Percentage,Percentage,Percentage
,,,,,,,STATISTICAL_UNIT,Persons,Persons,Persons,Persons,Persons,Persons,Persons,Persons,Persons,Persons,Persons,Persons
GOR_CODE,GOR_NAME,CTY_CODE,CTY_NAME,LA_CODE,LA_NAME,AREA_METADATA,,DATA_VALUE,DATA_VALUE,DATA_VALUE,DATA_VALUE,DATA_VALUE,DATA_VALUE,DATA_VALUE,DATA_VALUE,DATA_VALUE,DATA_VALUE,DATA_VALUE,DATA_VALUE
"A","North East",,,"00CH","Gateshead",,,1952,45,70,44,412,25,51,25,1502,50,75,50
"A","North East",,,"00CJ","Newcastle upon Tyne",,,2694,47,68,47,761,30,52,30,1887,54,74,54
"A","North East",,,"00CK","North Tyneside",,,1980,54,77,54,381,34,57,34,1565,58,81,58
"A","North East",,,"00CL","South Tyneside",,,1491,47,62,46,433,33,46,32,1054,53,68,53
"A","North East",,,"00CM","Sunderland",,,2879,53,73,53,642,35,56,35,2216,59,78,59
"A","North East",,,"00EB","Hartlepool",,,1059,49,66,49,329,34,49,34,730,55,74,55
"A","North East",,,"00EC","Middlesbrough",,,1750,44,66,44,605,27,51,27,1134,53,75,53
"A","North East",,,"00EE","Redcar and Cleveland",,,1509,49,71,48,370,28,48,28,1137,55,78,55
"A","North East",,,"00EF","Stockton-on-Tees",,,2119,63,85,63,368,46,73,46,1728,67,88,67
"A","North East",,,"00EH","Darlington",,,1193,50,73,50,258,29,52,29,922,56,79,56
"A","North East",,,"00EJ","Durham",,,5312,49,69,49,1138,32,50,32,4135,54,74,54
"A","North East",,,"00EM","Northumberland",,,3200,58,80,58,505,37,65,37,2674,62,83,62
"B","North West",,,"00BL","Bolton",,,3403,52,73,51,637,35,57,35,2728,55,76,55
"B","North West",,,"00BM","Bury",,,2194,47,64,47,296,25,43,25,1842,51,68,51
"B","North West",,,"00BN","Manchester",,,5451,53,74,53,1830,45,65,45,3490,59,79,58
"B","North West",,,"00BP","Oldham",,,3082,47,66,47,649,32,50,32,2390,51,70,51
"B","North West",,,"00BQ","Rochdale",,,2593,47,68,46,536,31,54,31,2021,50,71,50
"B","North West",,,"00BR","Salford",,,2436,51,70,51,682,37,54,37,1683,57,76,57
"B","North West",,,"00BS","Stockport",,,3063,57,79,57,374,33,53,33,2623,61,82,61
"B","North West",,,"00BT","Tameside",,,2543,49,73,49,470,30,56,30,2054,54,78,54
"B","North West",,,"00BU","Trafford",,,2568,64,86,64,273,41,65,41,2240,66,88,66
"B","North West",,,"00BW","Wigan",,,3505,59,79,58,582,34,57,33,2913,64,83,64
"B","North West",,,"00BX","Knowsley",,,1703,52,72,52,425,38,59,37,1272,58,76,57
"B","North West",,,"00BY","Liverpool",,,4507,46,68,46,1091,32,54,32,3378,51,73,51
"B","North West",,,"00BZ","St. Helens",,,1925,56,78,56,419,32,59,32,1502,63,84,63
"B","North West",,,"00CA","Sefton",,,2740,47,75,47,400,25,54,25,2322,51,79,51
"B","North West",,,"00CB","Wirral",,,3572,52,73,52,781,29,51,29,2718,59,79,59
"B","North West",,,"00EQ","Cheshire East",,,3753,61,82,61,321,32,57,31,3331,63,84,63
"B","North West",,,"00ET","Halton",,,1521,48,73,48,400,32,60,32,1118,54,78,54
"B","North West",,,"00EU","Warrington",,,2307,60,81,60,282,33,58,33,2005,64,84,64
"B","North West",,,"00EW","Cheshire West and Chester",,,3462,60,83,60,423,37,64,37,2981,64,86,64
"B","North West",,,"00EX","Blackburn with Darwen",,,2039,55,77,55,462,42,69,42,1547,58,80,58
"B","North West",,,"00EY","Blackpool",,,1580,39,62,39,417,21,46,21,1147,46,68,46
"B","North West","16","Cumbria","16UB","Allerdale",,,862,45,67,45,118,20,36,20,744,49,72,49
"B","North West","16","Cumbria","16UC","Barrow-in-Furness",,,755,44,73,44,126,25,52,25,626,48,77,48
"B","North West","16","Cumbria","16UD","Carlisle",,,1095,42,69,41,139,23,48,23,954,44,72,44
"B","North West","16","Cumbria","16UE","Copeland",,,710,40,69,40,118,25,47,25,590,43,73,43
"B","North West","16","Cumbria","16UF","Eden",,,500,44,69,44,36,22,50,22,461,46,71,46
"B","North West","16","Cumbria","16UG","South Lakeland",,,891,49,76,49,44,34,57,34,843,50,77,50
"B","North West","30","Lancashire","30UD","Burnley",,,1090,37,58,37,275,26,44,26,804,40,62,40
"B","North West","30","Lancashire","30UE","Chorley",,,1184,58,79,58,136,29,50,29,1044,62,83,62
"B","North West","30","Lancashire","30UF","Fylde",,,610,61,82,61,58,38,64,38,543,64,84,64
"B","North West","30","Lancashire","30UG","Hyndburn",,,1028,44,67,44,195,34,55,34,829,47,70,47
"B","North West","30","Lancashire","30UH","Lancaster",,,1288,57,79,57,206,33,58,33,1074,61,83,61
"B","North West","30","Lancashire","30UJ","Pendle",,,1094,45,68,45,165,33,58,33,918,47,70,47
"B","North West","30","Lancashire","30UK","Preston",,,1532,57,76,56,294,37,59,37,1215,61,81,61
"B","North West","30","Lancashire","30UL","Ribble Valley",,,558,65,88,65,24,38,83,38,525,65,88,65
"B","North West","30","Lancashire","30UM","Rossendale",,,743,55,79,55,108,31,66,31,629,59,81,59
"B","North West","30","Lancashire","30UN","South Ribble",,,1205,60,80,60,117,27,51,26,1081,64,84,64
"B","North West","30","Lancashire","30UP","West Lancashire",,,1201,61,79,61,177,39,59,39,1015,65,82,65
"B","North West","30","Lancashire","30UQ","Wyre",,,996,57,82,57,143,40,65,40,851,60,85,60
"D","Yorkshire and The Humber",,,"00CC","Barnsley",,,2512,47,62,47,396,30,43,29,2099,51,66,50
"D","Yorkshire and The Humber",,,"00CE","Doncaster",,,3300,54,75,54,731,37,60,36,2552,59,79,59
"D","Yorkshire and The Humber",,,"00CF","Rotherham",,,2850,51,72,51,480,31,50,31,2349,55,77,55
"D","Yorkshire and The Humber",,,"00CG","Sheffield",,,5795,49,71,49,831,38,60,38,4875,51,73,51
"D","Yorkshire and The Humber",,,"00CX","Bradford",,,7222,47,67,47,1413,33,54,33,5692,51,71,51
"D","Yorkshire and The Humber",,,"00CY","Calderdale",,,2442,50,72,50,411,30,52,30,2002,54,77,54
"D","Yorkshire and The Humber",,,"00CZ","Kirklees",,,5147,55,74,54,813,41,58,41,4250,57,76,57
"D","Yorkshire and The Humber",,,"00DA","Leeds",,,7832,51,70,51,1613,31,50,31,6164,56,76,56
"D","Yorkshire and The Humber",,,"00DB","Wakefield",,,3575,47,71,47,383,36,62,36,3078,49,72,49
"D","Yorkshire and The Humber",,,"00FA","Kingston upon Hull, City of",,,2969,42,67,41,788,29,55,29,2140,47,72,47
"D","Yorkshire and The Humber",,,"00FB","East Riding of Yorkshire",,,3175,46,74,46,218,29,52,29,2821,49,76,49
"D","Yorkshire and The Humber",,,"00FC","North East Lincolnshire",,,1717,44,67,44,291,32,54,32,1404,46,71,46
"D","Yorkshire and The Humber",,,"00FD","North Lincolnshire",,,1824,52,74,52,297,33,52,33,1515,56,78,56
"D","Yorkshire and The Humber",,,"00FF","York",,,1806,58,81,58,181,35,59,35,1568,61,83,61
"D","Yorkshire and The Humber","36","North Yorkshire","36UB","Craven",,,494,56,80,56,35,26,63,26,452,59,81,59
"D","Yorkshire and The Humber","36","North Yorkshire","36UC","Hambleton",,,830,63,81,63,64,36,59,36,750,65,83,65
"D","Yorkshire and The Humber","36","North Yorkshire","36UD","Harrogate",,,1520,60,82,60,68,37,68,37,1395,60,83,60
"D","Yorkshire and The Humber","36","North Yorkshire","36UE","Richmondshire",,,535,52,80,52,40,40,73,40,485,53,80,53
"D","Yorkshire and The Humber","36","North Yorkshire","36UF","Ryedale",,,474,58,84,58,27,22,63,22,439,60,85,60
"D","Yorkshire and The Humber","36","North Yorkshire","36UG","Scarborough",,,1019,46,73,46,157,24,55,24,853,50,76,50
"D","Yorkshire and The Humber","36","North Yorkshire","36UH","Selby",,,839,54,81,54,74,38,65,38,758,56,82,56
"E","East Midlands",,,"00FK","Derby",,,2876,54,73,54,556,35,57,34,2280,59,77,59
"E","East Midlands",,,"00FN","Leicester",,,4126,44,66,44,908,32,53,32,3074,48,71,48
"E","East Midlands",,,"00FP","Rutland",,,338,66,87,66,16,56,69,56,305,66,88,66
"E","East Midlands",,,"00FY","Nottingham",,,3066,53,77,53,874,40,67,40,2127,59,81,58
"E","East Midlands","17","Derbyshire","17UB","Amber Valley",,,1197,59,78,58,135,42,59,41,1054,62,80,60
"E","East Midlands","17","Derbyshire","17UC","Bolsover",,,745,56,76,56,127,37,61,37,611,59,79,59
"E","East Midlands","17","Derbyshire","17UD","Chesterfield",,,1021,61,81,61,159,45,73,45,849,65,82,64
"E","East Midlands","17","Derbyshire","17UF","Derbyshire Dales",,,684,60,82,60,46,28,54,28,625,62,84,62
"E","East Midlands","17","Derbyshire","17UG","Erewash",,,1155,59,81,59,169,42,69,42,971,62,83,62
"E","East Midlands","17","Derbyshire","17UH","High Peak",,,931,71,89,71,102,55,74,55,822,74,91,74
"E","East Midlands","17","Derbyshire","17UJ","North East Derbyshire",,,939,61,81,61,104,38,64,38,819,64,83,64
"E","East Midlands","17","Derbyshire","17UK","South Derbyshire",,,1039,62,82,62,87,44,70,44,924,63,83,63
"E","East Midlands","31","Leicestershire","31UB","Blaby",,,1075,56,81,56,43,37,58,37,1017,58,82,58
"E","East Midlands","31","Leicestershire","31UC","Charnwood",,,1687,52,75,52,163,33,59,33,1484,54,77,54
"E","East Midlands","31","Leicestershire","31UD","Harborough",,,942,60,85,60,29,34,72,34,887,61,85,61
"E","East Midlands","31","Leicestershire","31UE","Hinckley and Bosworth",,,1098,50,76,50,81,31,59,31,1002,51,78,51
"E","East Midlands","31","Leicestershire","31UG","Melton",,,528,59,83,59,41,41,68,41,472,60,84,60
"E","East Midlands","31","Leicestershire","31UH","North West Leicestershire",,,1037,55,78,55,79,33,53,33,943,57,81,57
"E","East Midlands","31","Leicestershire","31UJ","Oadby and Wigston",,,519,56,75,56,43,35,49,35,466,58,78,58
"E","East Midlands","32","Lincolnshire","32UB","Boston",,,632,33,59,33,71,15,39,15,544,36,63,36
"E","East Midlands","32","Lincolnshire","32UC","East Lindsey",,,1187,37,63,37,142,20,46,20,1028,39,65,39
"E","East Midlands","32","Lincolnshire","32UD","Lincoln",,,904,44,69,44,157,31,54,31,735,47,73,47
"E","East Midlands","32","Lincolnshire","32UE","North Kesteven",,,1071,56,79,56,49,35,61,35,1008,57,80,57
"E","East Midlands","32","Lincolnshire","32UF","South Holland",,,793,47,73,47,75,29,51,29,703,50,76,50
"E","East Midlands","32","Lincolnshire","32UG","South Kesteven",,,1357,55,78,55,99,23,51,23,1233,58,81,58
"E","East Midlands","32","Lincolnshire","32UH","West Lindsey",,,883,47,71,47,97,26,38,26,776,49,76,49
"E","East Midlands","34","Northamptonshire","34UB","Corby",,,725,49,71,49,66,38,52,38,656,50,73,50
"E","East Midlands","34","Northamptonshire","34UC","Daventry",,,811,56,80,56,52,38,52,38,741,57,82,57
"E","East Midlands","34","Northamptonshire","34UD","East Northamptonshire",,,999,53,80,53,49,27,41,27,928,54,82,54
"E","East Midlands","34","Northamptonshire","34UE","Kettering",,,1138,58,80,58,93,35,63,35,1030,60,82,60
"E","East Midlands","34","Northamptonshire","34UF","Northampton",,,2438,51,75,51,312,34,56,34,2087,54,78,54
"E","East Midlands","34","Northamptonshire","34UG","South Northamptonshire",,,973,70,87,70,24,33,58,33,923,71,88,71
"E","East Midlands","34","Northamptonshire","34UH","Wellingborough",,,934,45,68,45,81,32,47,32,839,46,70,46
"E","East Midlands","37","Nottinghamshire","37UB","Ashfield",,,1276,45,70,45,180,26,53,26,1087,49,73,49
"E","East Midlands","37","Nottinghamshire","37UC","Bassetlaw",,,1134,45,69,45,145,28,54,28,974,47,71,47
"E","East Midlands","37","Nottinghamshire","37UD","Broxtowe",,,1014,51,76,51,109,23,59,23,884,55,79,54
"E","East Midlands","37","Nottinghamshire","37UE","Gedling",,,1145,55,78,55,104,46,67,46,1032,55,79,55
"E","East Midlands","37","Nottinghamshire","37UF","Mansfield",,,1150,42,64,42,201,31,48,30,931,45,67,45
"E","East Midlands","37","Nottinghamshire","37UG","Newark and Sherwood",,,1229,49,74,49,128,29,57,29,1086,52,76,52
"E","East Midlands","37","Nottinghamshire","37UJ","Rushcliffe",,,1171,61,87,61,45,27,58,27,1099,62,89,62
"F","West Midlands",,,"00CN","Birmingham",,,14340,51,72,51,4337,41,62,40,9722,56,77,56
"F","West Midlands",,,"00CQ","Coventry",,,3806,50,72,49,828,32,57,32,2902,54,77,54
"F","West Midlands",,,"00CR","Dudley",,,3420,43,68,43,556,26,50,26,2849,46,71,46
"F","West Midlands",,,"00CS","Sandwell",,,3857,46,64,46,857,30,48,30,2953,51,69,50
"F","West Midlands",,,"00CT","Solihull",,,2228,66,86,66,293,47,71,47,1903,69,88,69
"F","West Midlands",,,"00CU","Walsall",,,3287,49,68,49,526,33,53,33,2719,52,70,52
"F","West Midlands",,,"00CW","Wolverhampton",,,2861,46,66,46,680,30,50,30,2148,52,71,51
"F","West Midlands",,,"00GA","Herefordshire, County of",,,1739,47,73,46,150,23,47,23,1546,48,76,48
"F","West Midlands",,,"00GF","Telford and Wrekin",,,1977,49,72,49,356,35,61,35,1591,52,75,52
"F","West Midlands",,,"00GG","Shropshire",,,2777,58,80,58,222,42,62,42,2507,60,82,59
"F","West Midlands",,,"00GL","Stoke-on-Trent",,,3001,52,68,52,796,37,54,36,2181,58,74,57
"F","West Midlands","41","Staffordshire","41UB","Cannock Chase",,,1076,64,84,64,147,48,73,48,923,67,86,67
"F","West Midlands","41","Staffordshire","41UC","East Staffordshire",,,1310,58,83,58,166,37,67,37,1129,62,85,62
"F","West Midlands","41","Staffordshire","41UD","Lichfield",,,1024,64,85,64,102,48,69,48,909,66,87,66
"F","West Midlands","41","Staffordshire","41UE","Newcastle-under-Lyme",,,1253,60,81,60,158,38,62,37,1080,63,84,63
"F","West Midlands","41","Staffordshire","41UF","South Staffordshire",,,960,64,84,64,74,39,65,39,870,67,86,67
"F","West Midlands","41","Staffordshire","41UG","Stafford",,,1288,64,84,64,102,32,60,32,1168,66,87,66
"F","West Midlands","41","Staffordshire","41UH","Staffordshire Moorlands",,,908,66,84,66,77,48,60,48,828,67,86,67
"F","West Midlands","41","Staffordshire","41UK","Tamworth",,,982,57,81,57,141,36,65,36,837,61,84,61
"F","West Midlands","44","Warwickshire","44UB","North Warwickshire",,,623,49,74,49,85,20,53,20,535,53,77,53
"F","West Midlands","44","Warwickshire","44UC","Nuneaton and Bedworth",,,1408,53,76,53,235,35,61,35,1151,57,80,57
"F","West Midlands","44","Warwickshire","44UD","Rugby",,,1076,57,79,57,123,37,62,37,923,59,81,59
"F","West Midlands","44","Warwickshire","44UE","Stratford-on-Avon",,,1261,56,82,56,91,36,63,36,1110,58,84,58
"F","West Midlands","44","Warwickshire","44UF","Warwick",,,1305,64,85,64,137,31,61,31,1123,68,88,68
"F","West Midlands","47","Worcestershire","47UB","Bromsgrove",,,1003,56,80,56,74,32,58,32,901,58,82,58
"F","West Midlands","47","Worcestershire","47UC","Malvern Hills",,,691,41,70,41,66,23,42,23,604,42,73,42
"F","West Midlands","47","Worcestershire","47UD","Redditch",,,1007,40,66,40,108,16,44,16,894,43,68,43
"F","West Midlands","47","Worcestershire","47UE","Worcester",,,1112,40,67,40,127,13,34,13,959,44,71,44
"F","West Midlands","47","Worcestershire","47UF","Wychavon",,,1173,53,75,53,69,22,39,22,1074,55,77,55
"F","West Midlands","47","Worcestershire","47UG","Wyre Forest",,,953,43,66,42,118,24,38,22,807,45,69,45
"G","East of England",,,"00JA","Peterborough",,,2270,48,68,48,388,36,55,36,1851,51,70,50
"G","East of England",,,"00KA","Luton",,,2860,46,72,46,553,38,67,38,2237,48,74,48
"G","East of England",,,"00KB","Bedford",,,1719,47,72,47,258,29,57,29,1425,50,76,50
"G","East of England",,,"00KC","Central Bedfordshire",,,2825,54,83,54,237,36,71,35,2556,55,84,55
"G","East of England",,,"00KF","Southend-on-Sea",,,1832,55,75,55,337,32,55,32,1455,61,80,61
"G","East of England",,,"00KG","Thurrock",,,2057,46,70,45,256,32,59,32,1747,48,73,48
"G","East of England","12","Cambridgeshire","12UB","Cambridge",,,1007,46,69,46,145,26,47,26,795,50,73,50
"G","East of England","12","Cambridgeshire","12UC","East Cambridgeshire",,,919,53,80,53,61,36,61,36,822,55,81,55
"G","East of England","12","Cambridgeshire","12UD","Fenland",,,945,47,73,47,147,31,55,30,778,50,77,50
"G","East of England","12","Cambridgeshire","12UE","Huntingdonshire",,,1814,53,77,53,157,34,58,34,1624,54,79,54
"G","East of England","12","Cambridgeshire","12UG","South Cambridgeshire",,,1629,50,78,50,78,23,50,23,1496,51,80,51
"G","East of England","22","Essex","22UB","Basildon",,,2171,44,66,44,257,30,53,30,1865,46,68,46
"G","East of England","22","Essex","22UC","Braintree",,,1636,45,71,45,112,33,63,33,1470,46,72,46
"G","East of England","22","Essex","22UD","Brentwood",,,760,54,75,54,28,21,29,21,675,56,78,56
"G","East of England","22","Essex","22UE","Castle Point",,,889,38,65,38,68,21,37,21,814,40,67,40
"G","East of England","22","Essex","22UF","Chelmsford",,,1794,56,77,55,125,34,56,34,1587,56,78,56
"G","East of England","22","Essex","22UG","Colchester",,,1863,43,70,42,151,26,45,25,1653,44,73,44
"G","East of England","22","Essex","22UH","Epping Forest",,,1295,44,70,43,85,25,48,25,1136,44,70,44
"G","East of England","22","Essex","22UJ","Harlow",,,1043,39,62,39,118,21,48,21,906,42,65,42
"G","East of England","22","Essex","22UK","Maldon",,,588,47,72,47,32,19,50,19,548,48,73,48
"G","East of England","22","Essex","22UL","Rochford",,,854,50,74,50,36,22,47,22,808,52,76,52
"G","East of England","22","Essex","22UN","Tendring",,,1356,41,69,41,182,35,60,35,1127,44,71,44
"G","East of England","22","Essex","22UQ","Uttlesford",,,825,51,78,51,30,33,63,33,745,51,78,51
"G","East of England","26","Hertfordshire","26UB","Broxbourne",,,1118,51,74,51,121,30,54,29,970,54,77,54
"G","East of England","26","Hertfordshire","26UC","Dacorum",,,1561,57,78,57,137,44,68,44,1381,58,79,58
"G","East of England","26","Hertfordshire","26UD","East Hertfordshire",,,1523,69,88,69,77,57,74,57,1390,69,89,69
"G","East of England","26","Hertfordshire","26UE","Hertsmere",,,1109,65,86,65,106,47,77,47,971,68,88,68
"G","East of England","26","Hertfordshire","26UF","North Hertfordshire",,,1478,59,82,59,91,36,64,36,1351,60,83,60
"G","East of England","26","Hertfordshire","26UG","St Albans",,,1703,61,85,61,81,30,60,30,1584,63,86,63
"G","East of England","26","Hertfordshire","26UH","Stevenage",,,1027,54,77,54,126,42,67,42,885,56,78,56
"G","East of England","26","Hertfordshire","26UJ","Three Rivers",,,1018,63,86,63,62,50,82,50,903,63,87,63
"G","East of England","26","Hertfordshire","26UK","Watford",,,1039,53,78,53,84,39,69,38,930,55,80,55
"G","East of England","26","Hertfordshire","26UL","Welwyn Hatfield",,,1132,60,84,60,91,46,65,46,1002,61,85,61
"G","East of England","33","Norfolk","33UB","Breckland",,,1208,46,71,46,116,33,59,33,1082,48,73,48
"G","East of England","33","Norfolk","33UC","Broadland",,,1184,58,85,58,72,26,65,26,1089,60,87,60
"G","East of England","33","Norfolk","33UD","Great Yarmouth",,,1022,45,70,45,218,27,51,26,801,50,75,50
"G","East of England","33","Norfolk","33UE","King's Lynn and West Norfolk",,,1399,45,68,45,172,24,45,24,1195,48,72,48
"G","East of England","33","Norfolk","33UF","North Norfolk",,,769,45,72,45,80,29,60,29,678,47,74,47
"G","East of England","33","Norfolk","33UG","Norwich",,,1230,44,70,44,298,30,53,30,888,48,76,48
"G","East of England","33","Norfolk","33UH","South Norfolk",,,1094,52,78,52,65,28,42,28,1021,54,80,54
"G","East of England","42","Suffolk","42UB","Babergh",,,898,50,77,50,44,48,77,48,816,50,77,50
"G","East of England","42","Suffolk","42UC","Forest Heath",,,540,46,73,46,26,65,88,65,490,46,72,46
"G","East of England","42","Suffolk","42UD","Ipswich",,,1492,37,66,37,140,34,62,34,1272,39,68,39
"G","East of England","42","Suffolk","42UE","Mid Suffolk",,,1018,51,80,51,38,29,66,29,916,54,82,54
"G","East of England","42","Suffolk","42UF","St Edmundsbury",,,1125,50,73,50,51,41,53,41,1019,51,74,51
"G","East of England","42","Suffolk","42UG","Suffolk Coastal",,,1189,47,78,47,47,36,83,36,1068,50,81,50
"G","East of England","42","Suffolk","42UH","Waveney",,,1147,44,75,44,121,46,76,46,997,45,75,45
"H","London",,,"00AA","City of London",,,23,48,78,48,6,50,x,50,15,47,x,47
"H","London",,,"00AB","Barking and Dagenham",,,2816,47,73,47,565,41,67,41,2182,49,76,49
"H","London",,,"00AC","Barnet",,,3690,57,81,57,676,44,71,43,2795,60,83,60
"H","London",,,"00AD","Bexley",,,2635,49,73,49,243,33,59,32,2345,51,74,51
"H","London",,,"00AE","Brent",,,3351,46,65,46,853,36,55,36,2379,50,70,50
"H","London",,,"00AF","Bromley",,,3481,54,74,54,397,33,49,32,2943,56,78,56
"H","London",,,"00AG","Camden",,,1836,49,68,49,683,40,59,39,983,58,75,57
"H","London",,,"00AH","Croydon",,,4158,53,75,53,920,36,62,36,3119,57,79,57
"H","London",,,"00AJ","Ealing",,,3787,52,73,52,744,42,65,42,2852,55,76,55
"H","London",,,"00AK","Enfield",,,3945,48,70,48,1003,34,58,34,2866,53,74,53
"H","London",,,"00AL","Greenwich",,,3028,57,77,57,769,50,73,50,2134,60,79,60
"H","London",,,"00AM","Hackney",,,2691,36,60,36,845,32,56,32,1610,41,65,41
"H","London",,,"00AN","Hammersmith and Fulham",,,1444,52,73,52,496,41,63,41,777,57,77,57
"H","London",,,"00AP","Haringey",,,2901,43,66,43,814,30,55,30,1991,48,71,48
"H","London",,,"00AQ","Harrow",,,2536,51,71,51,345,30,52,30,2058,53,73,53
"H","London",,,"00AR","Havering",,,2462,56,82,55,274,43,66,43,2122,57,85,57
"H","London",,,"00AS","Hillingdon",,,3228,55,76,55,445,39,59,39,2674,58,79,58
"H","London",,,"00AT","Hounslow",,,2963,48,73,48,561,32,62,32,2266,52,76,52
"H","London",,,"00AU","Islington",,,1785,41,65,41,726,32,58,32,1002,47,70,47
"H","London",,,"00AW","Kensington and Chelsea",,,907,55,79,54,291,37,x,37,481,63,x,63
"H","London",,,"00AX","Kingston upon Thames",,,1724,58,83,58,129,33,68,33,1534,60,85,60
"H","London",,,"00AY","Lambeth",,,2997,45,64,44,982,37,58,36,1879,48,67,48
"H","London",,,"00AZ","Lewisham",,,3332,49,71,49,822,41,66,41,2396,52,73,52
"H","London",,,"00BA","Merton",,,2213,56,79,56,266,36,66,36,1833,59,81,59
"H","London",,,"00BB","Newham",,,4017,43,64,42,847,43,66,42,3039,44,64,43
"H","London",,,"00BC","Redbridge",,,3408,49,73,49,570,31,59,31,2720,53,76,53
"H","London",,,"00BD","Richmond upon Thames",,,1986,66,90,66,110,34,72,34,1716,68,91,68
"H","London",,,"00BE","Southwark",,,3038,43,68,43,830,38,61,38,2093,45,70,45
"H","London",,,"00BF","Sutton",,,2235,62,84,62,312,44,71,44,1841,65,87,65
"H","London",,,"00BG","Tower Hamlets",,,3084,43,64,42,1295,39,60,39,1733,46,68,46
"H","London",,,"00BH","Waltham Forest",,,3209,41,65,41,724,33,56,33,2390,44,68,44
"H","London",,,"00BJ","Wandsworth",,,2657,61,81,61,636,47,70,47,1675,64,84,64
"H","London",,,"00BK","Westminster",,,1356,46,67,46,388,39,63,39,873,49,69,49
"J","South East",,,"00LC","Medway",,,3076,52,80,52,366,37,69,37,2655,55,82,55
"J","South East",,,"00MA","Bracknell Forest",,,1298,51,77,50,63,30,52,30,1169,52,78,52
"J","South East",,,"00MB","West Berkshire",,,1773,57,81,57,121,36,62,36,1580,59,82,59
"J","South East",,,"00MC","Reading",,,1745,52,73,52,274,36,59,36,1415,55,76,55
"J","South East",,,"00MD","Slough",,,1813,46,64,46,221,32,47,32,1520,49,68,49
"J","South East",,,"00ME","Windsor and Maidenhead",,,1454,53,82,53,66,36,76,36,991,58,85,58
"J","South East",,,"00MF","Wokingham",,,1852,49,78,49,43,21,47,21,1323,56,83,56
"J","South East",,,"00MG","Milton Keynes",,,3237,54,79,54,411,33,63,33,2772,57,81,57
"J","South East",,,"00ML","Brighton and Hove",,,2492,56,78,56,337,34,61,34,2037,60,80,59
"J","South East",,,"00MR","Portsmouth",,,2068,53,78,53,332,38,64,37,1690,56,81,56
"J","South East",,,"00MS","Southampton",,,2396,48,72,48,483,35,62,35,1869,52,75,52
"J","South East",,,"00MW","Isle of Wight",,,1209,50,79,50,174,31,71,31,1013,53,80,53
"J","South East","11","Buckinghamshire","11UB","Aylesbury Vale",,,2037,56,78,56,74,35,47,35,1904,57,79,57
"J","South East","11","Buckinghamshire","11UC","Chiltern",,,1011,64,84,64,29,24,52,24,907,64,84,64
"J","South East","11","Buckinghamshire","11UE","South Bucks",,,686,56,78,56,18,x,28,x,601,x,80,x
"J","South East","11","Buckinghamshire","11UF","Wycombe",,,2081,54,76,54,118,25,49,25,1891,55,77,55
"J","South East","21","East Sussex","21UC","Eastbourne",,,976,50,80,50,134,41,75,41,818,52,81,52
"J","South East","21","East Sussex","21UD","Hastings",,,983,50,77,50,157,36,71,36,802,53,79,53
"J","South East","21","East Sussex","21UF","Lewes",,,947,52,84,52,76,28,71,28,844,54,85,54
"J","South East","21","East Sussex","21UG","Rother",,,711,57,84,57,71,39,66,39,619,59,86,59
"J","South East","21","East Sussex","21UH","Wealden",,,1301,64,89,64,92,49,80,49,1155,66,90,66
"J","South East","24","Hampshire","24UB","Basingstoke and Deane",,,1867,52,78,52,155,32,61,32,1671,54,79,54
"J","South East","24","Hampshire","24UC","East Hampshire",,,1180,52,77,52,75,36,55,36,1061,53,78,53
"J","South East","24","Hampshire","24UD","Eastleigh",,,1300,49,78,49,101,24,58,24,1185,51,80,51
"J","South East","24","Hampshire","24UE","Fareham",,,1131,63,87,63,65,51,69,51,1045,64,88,64
"J","South East","24","Hampshire","24UF","Gosport",,,908,43,70,43,129,20,44,20,772,46,74,46
"J","South East","24","Hampshire","24UG","Hart",,,1080,60,86,60,35,40,69,40,1003,61,86,61
"J","South East","24","Hampshire","24UH","Havant",,,1236,40,65,40,185,17,43,17,1037,43,69,43
"J","South East","24","Hampshire","24UJ","New Forest",,,1630,54,77,54,138,33,58,33,1453,56,79,55
"J","South East","24","Hampshire","24UL","Rushmoor",,,1080,42,66,42,80,30,54,30,981,43,67,43
"J","South East","24","Hampshire","24UN","Test Valley",,,1226,54,79,53,106,24,54,24,1073,55,81,55
"J","South East","24","Hampshire","24UP","Winchester",,,1116,52,78,52,73,29,60,29,1011,53,79,53
"J","South East","29","Kent","29UB","Ashford",,,1367,57,82,56,150,30,62,30,1191,59,84,59
"J","South East","29","Kent","29UC","Canterbury",,,1356,49,77,49,173,32,57,32,1157,52,80,52
"J","South East","29","Kent","29UD","Dartford",,,1066,48,77,48,89,30,60,30,966,50,79,50
"J","South East","29","Kent","29UE","Dover",,,1034,52,80,52,142,38,68,38,874,54,82,54
"J","South East","29","Kent","29UG","Gravesham",,,1125,40,67,40,135,20,47,20,962,43,70,43
"J","South East","29","Kent","29UH","Maidstone",,,1634,54,81,54,141,26,53,26,1459,56,84,56
"J","South East","29","Kent","29UK","Sevenoaks",,,1242,64,89,63,74,31,68,30,1116,66,90,65
"J","South East","29","Kent","29UL","Shepway",,,1062,53,79,53,151,36,59,36,906,56,83,56
"J","South East","29","Kent","29UM","Swale",,,1529,45,72,45,222,28,55,28,1292,48,75,48
"J","South East","29","Kent","29UN","Thanet",,,1396,40,74,40,257,28,63,28,1119,43,77,43
"J","South East","29","Kent","29UP","Tonbridge and Malling",,,1361,58,84,58,123,32,61,32,1188,61,86,61
"J","South East","29","Kent","29UQ","Tunbridge Wells",,,1142,56,83,56,95,24,58,24,972,58,85,58
"J","South East","38","Oxfordshire","38UB","Cherwell",,,1634,51,77,51,123,21,54,21,1480,54,80,54
"J","South East","38","Oxfordshire","38UC","Oxford",,,1411,42,68,42,218,23,45,23,1106,44,72,44
"J","South East","38","Oxfordshire","38UD","South Oxfordshire",,,1445,56,84,56,63,19,63,19,1316,58,85,58
"J","South East","38","Oxfordshire","38UE","Vale of White Horse",,,1290,53,77,53,100,24,59,24,1127,55,79,55
"J","South East","38","Oxfordshire","38UF","West Oxfordshire",,,1144,57,83,57,52,27,52,27,1061,58,84,58
"J","South East","43","Surrey","43UB","Elmbridge",,,1400,67,89,67,86,49,71,49,1174,65,90,65
"J","South East","43","Surrey","43UC","Epsom and Ewell",,,780,64,88,64,52,46,79,46,705,65,89,65
"J","South East","43","Surrey","43UD","Guildford",,,1357,54,78,54,112,20,56,20,1180,56,80,56
"J","South East","43","Surrey","43UE","Mole Valley",,,861,64,86,64,53,32,60,32,772,66,87,66
"J","South East","43","Surrey","43UF","Reigate and Banstead",,,1513,60,83,60,114,32,60,32,1330,63,85,63
"J","South East","43","Surrey","43UG","Runnymede",,,763,61,81,61,52,33,60,33,682,63,83,63
"J","South East","43","Surrey","43UH","Spelthorne",,,994,52,78,52,91,24,52,24,880,55,81,54
"J","South East","43","Surrey","43UJ","Surrey Heath",,,977,69,91,68,57,30,70,30,887,72,92,72
"J","South East","43","Surrey","43UK","Tandridge",,,818,61,85,61,48,31,44,31,719,62,87,62
"J","South East","43","Surrey","43UL","Waverley",,,1295,64,89,64,62,34,73,34,1166,65,89,65
"J","South East","43","Surrey","43UM","Woking",,,1067,58,82,58,96,26,67,26,899,61,84,61
"J","South East","45","West Sussex","45UB","Adur",,,579,47,74,47,32,x,66,x,539,x,75,x
"J","South East","45","West Sussex","45UC","Arun",,,1395,49,70,48,123,33,53,33,1232,50,72,50
"J","South East","45","West Sussex","45UD","Chichester",,,1009,53,78,53,42,29,60,29,912,53,78,53
"J","South East","45","West Sussex","45UE","Crawley",,,1307,42,64,42,109,26,46,26,1177,44,66,44
"J","South East","45","West Sussex","45UF","Horsham",,,1341,57,81,57,34,35,68,35,1269,58,82,58
"J","South East","45","West Sussex","45UG","Mid Sussex",,,1458,54,81,54,42,36,67,36,1354,54,82,54
"J","South East","45","West Sussex","45UH","Worthing",,,1107,47,72,47,67,22,54,22,1013,49,73,49
"K","South West",,,"00HA","Bath and North East Somerset",,,1584,57,80,57,145,36,51,36,1402,60,83,60
"K","South West",,,"00HB","Bristol, City of",,,4443,50,73,50,1005,33,59,32,3348,56,77,56
"K","South West",,,"00HC","North Somerset",,,2170,58,79,58,241,34,57,34,1891,62,82,62
"K","South West",,,"00HD","South Gloucestershire",,,2830,50,77,50,230,28,53,28,2571,52,79,52
"K","South West",,,"00HE","Cornwall",,,4956,53,76,52,453,37,60,37,4430,54,77,54
"K","South West",,,"00HF","Isles of Scilly",,,21,19,62,19,0,.,.,.,21,19,62,19
"K","South West",,,"00HG","Plymouth",,,2624,51,74,51,456,35,59,35,2137,55,78,55
"K","South West",,,"00HH","Torbay",,,1282,46,71,46,255,29,53,29,1012,50,75,50
"K","South West",,,"00HN","Bournemouth",,,1455,57,82,57,186,26,67,26,1209,62,85,62
"K","South West",,,"00HP","Poole",,,1457,62,83,62,130,40,72,40,1282,65,85,65
"K","South West",,,"00HX","Swindon",,,2424,57,78,57,358,39,62,39,2035,60,81,60
"K","South West",,,"00HY","Wiltshire",,,5025,58,80,57,399,38,61,38,4497,59,82,59
"K","South West","18","Devon","18UB","East Devon",,,1174,47,72,47,76,26,51,26,1068,48,73,48
"K","South West","18","Devon","18UC","Exeter",,,1077,42,67,42,127,24,48,24,929,44,70,44
"K","South West","18","Devon","18UD","Mid Devon",,,769,43,67,43,52,31,54,31,703,43,68,43
"K","South West","18","Devon","18UE","North Devon",,,979,49,73,49,114,35,58,35,846,51,76,51
"K","South West","18","Devon","18UG","South Hams",,,739,53,78,53,60,38,68,38,667,55,78,55
"K","South West","18","Devon","18UH","Teignbridge",,,1181,48,72,48,114,36,54,36,1041,49,74,49
"K","South West","18","Devon","18UK","Torridge",,,574,45,68,44,55,33,56,33,504,46,70,46
"K","South West","18","Devon","18UL","West Devon",,,492,50,76,50,36,44,75,44,438,50,76,50
"K","South West","19","Dorset","19UC","Christchurch",,,436,60,84,60,34,44,74,44,392,62,86,62
"K","South West","19","Dorset","19UD","East Dorset",,,714,72,89,72,31,58,71,58,665,73,89,73
"K","South West","19","Dorset","19UE","North Dorset",,,659,60,83,60,34,32,71,32,610,62,84,61
"K","South West","19","Dorset","19UG","Purbeck",,,450,67,87,67,33,42,67,42,411,69,88,69
"K","South West","19","Dorset","19UH","West Dorset",,,824,65,87,65,45,36,60,36,759,68,88,68
"K","South West","19","Dorset","19UJ","Weymouth and Portland",,,632,60,81,60,56,41,63,41,570,62,82,62
"K","South West","23","Gloucestershire","23UB","Cheltenham",,,1073,57,78,57,108,33,66,33,929,59,79,59
"K","South West","23","Gloucestershire","23UC","Cotswold",,,751,61,84,61,36,47,67,47,677,61,84,61
"K","South West","23","Gloucestershire","23UD","Forest of Dean",,,785,54,80,54,77,35,64,35,696,56,81,56
"K","South West","23","Gloucestershire","23UE","Gloucester",,,1414,55,77,55,195,34,61,34,1200,59,80,59
"K","South West","23","Gloucestershire","23UF","Stroud",,,1147,62,84,62,85,33,59,33,1039,64,86,64
"K","South West","23","Gloucestershire","23UG","Tewkesbury",,,840,61,82,61,66,38,67,38,768,63,83,63
"K","South West","40","Somerset","40UB","Mendip",,,1128,57,78,57,97,42,59,42,1011,57,80,57
"K","South West","40","Somerset","40UC","Sedgemoor",,,1173,55,79,55,133,43,66,43,1034,57,80,57
"K","South West","40","Somerset","40UD","South Somerset",,,1624,52,80,52,129,33,58,33,1469,54,82,54
"K","South West","40","Somerset","40UE","Taunton Deane",,,1117,51,78,51,109,23,55,23,992,54,81,54
"K","South West","40","Somerset","40UF","West Somerset",,,258,52,82,52,37,35,68,35,218,55,84,55