DATASET_TITLE,"Worklessness: Economic Activity, July 2008 - June 2009",,,,,,,,FROM,Jul-2008,Jul-2008,Jul-2008,Jul-2008,Jul-2008,Jul-2008,Jul-2008,Jul-2008,Jul-2008,Jul-2008,Jul-2008,Jul-2008
AREA_TYPE,Former Local Authority,,,,,,,,TO,Jun-2009,Jun-2009,Jun-2009,Jun-2009,Jun-2009,Jun-2009,Jun-2009,Jun-2009,Jun-2009,Jun-2009,Jun-2009,Jun-2009
GEO_HIERARCHY,NeSS Geography Hierarchy,,,,,,,,HEADING,Economically Active; Aged 16-64 (Males); 16-59 (Females),Economic Activity Rate; Aged 16-64 (Males); 16-59 (Females),Economic Activity Rate Confidence Interval; Aged 16-64 (Males); 16-59 (Females),In Employment; Aged 16-64 (Males); 16-59 (Females),Employment Rate; Aged 16-64 (Males); 16-59 (Females),Employment Rate Confidence Interval; Aged 16-64 (Males); 16-59 (Females),Unemployed; Aged 16-64 (Males); 16-59 (Females),Unemployment Rate; Aged 16-64 (Males); 16-59 (Females),Unemployment Rate Confidence Interval; Aged 16-64 (Males); 16-59 (Females),Economically Inactive; Aged 16-64 (Males); 16-59 (Females),Economic Inactivity Rate; Aged 16-64 (Males); 16-59 (Females),Economic Inactivity Rate Confidence Interval; Aged 16-64 (Males); 16-59 (Females)
,,,,,,,,,MEASUREMENT_UNIT,Count,Percentage,Percentage Points,Count,Percentage,Percentage Points,Count,Percentage,Percentage Points,Count,Percentage,Percentage Points
,,,,,,,,,STATISTICAL_UNIT,Persons,Persons,Persons,Persons,Persons,Persons,Persons,Persons,Persons,Persons,Persons,Persons
GOR_CODE,GOR_NAME,CTY_CODE,CTY_NAME,LA_CODE,LA_NAME,FLA_CODE,FLA_NAME,AREA_METADATA,,DATA_VALUE,DATA_VALUE,DATA_VALUE,DATA_VALUE,DATA_VALUE,DATA_VALUE,DATA_VALUE,DATA_VALUE,DATA_VALUE,DATA_VALUE,DATA_VALUE,DATA_VALUE
"A","North East",,,"00EJ","Durham","20UB","Chester-le-Street",,,28800,87,6.1,27400,82.8,6.9,1400,4.9,..,4300,13,6.1
"A","North East",,,"00EJ","Durham","20UD","Derwentside",,,44900,81.4,5.2,40500,73.4,5.9,4500,9.9,4.5,10200,18.6,5.2
"A","North East",,,"00EJ","Durham","20UE","Durham",,,46900,69.2,6.9,41400,61,7.3,5500,11.7,5.8,20900,30.8,6.9
"A","North East",,,"00EJ","Durham","20UF","Easington",,,42000,68,6.2,38700,62.8,6.4,3200,7.7,4.3,19700,32,6.2
"A","North East",,,"00EJ","Durham","20UG","Sedgefield",,,42400,75.5,5.9,38600,68.6,6.3,3800,9.1,4.5,13800,24.5,5.9
"A","North East",,,"00EJ","Durham","20UH","Teesdale",,,11800,77.9,12.3,11100,73.7,13,x,x,x,3300,22.1,12.3
"A","North East",,,"00EJ","Durham","20UJ","Wear Valley",,,33100,80,7,28900,70,8,4200,12.6,6.5,8200,20,7
"A","North East",,,"00EM","Northumberland","35UB","Alnwick",,,17300,86.7,6.4,16600,83,7.1,700,4.3,..,2700,13.3,6.4
"A","North East",,,"00EM","Northumberland","35UC","Berwick-upon-Tweed",,,13000,83.2,8.2,12100,77.6,9.1,900,6.7,..,2600,16.8,8.2
"A","North East",,,"00EM","Northumberland","35UD","Blyth Valley",,,38100,69.9,5.6,36100,66.2,5.8,2100,5.4,..,16400,30.1,5.6
"A","North East",,,"00EM","Northumberland","35UE","Castle Morpeth",,,22800,76.2,6.6,22000,73.6,6.8,800,3.4,..,7100,23.8,6.6
"A","North East",,,"00EM","Northumberland","35UF","Tynedale",,,30500,81.5,5.5,28700,76.7,5.9,1800,5.9,..,6900,18.5,5.5
"A","North East",,,"00EM","Northumberland","35UG","Wansbeck",,,28600,73,6.7,25900,66,7.2,2700,9.5,5.2,10600,27,6.7
"B","North West",,,"00EQ","Cheshire East","13UC","Congleton",,,46500,76.3,5.8,44500,73.1,6,2000,4.2,..,14400,23.7,5.8
"B","North West",,,"00EQ","Cheshire East","13UD","Crewe and Nantwich",,,56400,75.8,5.3,53600,72,5.6,2900,5.1,..,18000,24.2,5.3
"B","North West",,,"00EQ","Cheshire East","13UG","Macclesfield",,,75500,79.5,4.7,71400,75.2,5,4100,5.5,3,19400,20.5,4.7
"B","North West",,,"00EW","Cheshire West and Chester","13UB","Chester",,,62000,81.8,5,57900,76.4,5.5,4100,6.6,3.6,13800,18.2,5
"B","North West",,,"00EW","Cheshire West and Chester","13UE","Ellesmere Port & Neston",,,41200,81.6,6,36800,72.9,6.9,4400,10.7,5.3,9300,18.4,6
"B","North West",,,"00EW","Cheshire West and Chester","13UH","Vale Royal",,,64900,79.6,4.9,60800,74.6,5.3,4100,6.3,3.3,16600,20.4,4.9
"F","West Midlands",,,"00GG","Shropshire","39UB","Bridgnorth",,,24600,76.4,5.6,23700,73.7,5.8,900,3.5,..,7600,23.6,5.6
"F","West Midlands",,,"00GG","Shropshire","39UC","North Shropshire",,,28100,77.1,5.2,26500,72.7,5.5,1600,5.7,3.3,8300,22.9,5.2
"F","West Midlands",,,"00GG","Shropshire","39UD","Oswestry",,,19000,72.8,7.2,18000,69,7.5,1000,5.3,..,7100,27.2,7.2
"F","West Midlands",,,"00GG","Shropshire","39UE","Shrewsbury and Atcham",,,49300,83.4,3.6,47200,79.8,3.8,2100,4.2,2.1,9800,16.6,3.6
"F","West Midlands",,,"00GG","Shropshire","39UF","South Shropshire",,,20500,81.6,6,19300,77,6.5,1200,5.6,..,4600,18.4,6
"G","East of England",,,"00KC","Central Bedfordshire","09UC","Mid Bedfordshire",,,73300,82.8,3.8,68900,77.9,4.2,4400,6,2.7,15200,17.2,3.8
"G","East of England",,,"00KC","Central Bedfordshire","09UE","South Bedfordshire",,,64700,81.9,4.8,61800,78.2,5.2,2900,4.5,..,14300,18.1,4.8
"K","South West",,,"00HE","Cornwall","15UB","Caradon",,,41400,81.4,6.5,37600,73.9,7.4,3800,9.2,5.4,9400,18.6,6.5
"K","South West",,,"00HE","Cornwall","15UC","Carrick",,,40800,71.2,7.2,38500,67.3,7.5,2200,5.5,..,16500,28.8,7.2
"K","South West",,,"00HE","Cornwall","15UD","Kerrier",,,42800,67.9,7,40100,63.6,7.2,2700,6.3,..,20300,32.1,7
"K","South West",,,"00HE","Cornwall","15UE","North Cornwall",,,40000,77.3,6.8,37900,73.3,7.2,2100,5.2,..,11700,22.7,6.8
"K","South West",,,"00HE","Cornwall","15UF","Penwith",,,32000,78.7,7.5,29000,71.3,8.3,3000,9.3,..,8700,21.3,7.5
"K","South West",,,"00HE","Cornwall","15UG","Restormel",,,48300,74.7,5.8,45700,70.6,6.1,2700,5.5,..,16300,25.3,5.8
"K","South West",,,"00HY","Wiltshire","46UB","Kennet",,,40900,87.4,5.1,38900,83.1,5.8,2000,5,..,5900,12.6,5.1
"K","South West",,,"00HY","Wiltshire","46UC","North Wiltshire",,,68500,81.8,4.2,64800,77.4,4.6,3700,5.4,2.7,15300,18.2,4.2
"K","South West",,,"00HY","Wiltshire","46UD","Salisbury",,,57300,81.2,5.5,56100,79.5,5.7,1200,2.1,..,13200,18.8,5.5
"K","South West",,,"00HY","Wiltshire","46UF","West Wiltshire",,,64800,83.1,4.8,59100,75.8,5.5,5700,8.8,4,13200,16.9,4.8