DATASET_TITLE,"Dwelling Stock by Council Tax Band, 2003",,,,,,,,FROM,Mar-2003,Mar-2003,Mar-2003,Mar-2003,Mar-2003,Mar-2003,Mar-2003,Mar-2003,Mar-2003,Mar-2003,Mar-2003,Mar-2003,Mar-2003,Mar-2003,Mar-2003,Mar-2003,Mar-2003,Mar-2003,Mar-2003
AREA_TYPE,Super Output Area Middle Layer,,,,,,,,TO,Mar-2003,Mar-2003,Mar-2003,Mar-2003,Mar-2003,Mar-2003,Mar-2003,Mar-2003,Mar-2003,Mar-2003,Mar-2003,Mar-2003,Mar-2003,Mar-2003,Mar-2003,Mar-2003,Mar-2003,Mar-2003,Mar-2003
GEO_HIERARCHY,NeSS Geography Hierarchy,,,,,,,,HEADING,Dwelling Stock by Council Tax Band; Total,Dwelling Stock by Council Tax Band; Band A,Dwelling Stock by Council Tax Band; Band A,Dwelling Stock by Council Tax Band; Band B,Dwelling Stock by Council Tax Band; Band B,Dwelling Stock by Council Tax Band; Band C,Dwelling Stock by Council Tax Band; Band C,Dwelling Stock by Council Tax Band; Band D,Dwelling Stock by Council Tax Band; Band D,Dwelling Stock by Council Tax Band; Band E,Dwelling Stock by Council Tax Band; Band E,Dwelling Stock by Council Tax Band; Band F,Dwelling Stock by Council Tax Band; Band F,Dwelling Stock by Council Tax Band; Band G,Dwelling Stock by Council Tax Band; Band G,Dwelling Stock by Council Tax Band; Band H,Dwelling Stock by Council Tax Band; Band H,Dwelling Stock by Council Tax Band; Band X; Unallocated,Dwelling Stock by Council Tax Band; Band X; Unallocated
,,,,,,,,,MEASUREMENT_UNIT,Count,Count,Percentage,Count,Percentage,Count,Percentage,Count,Percentage,Count,Percentage,Count,Percentage,Count,Percentage,Count,Percentage,Count,Percentage
,,,,,,,,,STATISTICAL_UNIT,Dwellings,Dwellings,Dwellings,Dwellings,Dwellings,Dwellings,Dwellings,Dwellings,Dwellings,Dwellings,Dwellings,Dwellings,Dwellings,Dwellings,Dwellings,Dwellings,Dwellings,Dwellings,Dwellings
GOR_CODE,GOR_NAME,CTY_CODE,CTY_NAME,LA_CODE,LA_NAME,MSOA_CODE,MSOA_NAME,AREA_METADATA,,DATA_VALUE,DATA_VALUE,DATA_VALUE,DATA_VALUE,DATA_VALUE,DATA_VALUE,DATA_VALUE,DATA_VALUE,DATA_VALUE,DATA_VALUE,DATA_VALUE,DATA_VALUE,DATA_VALUE,DATA_VALUE,DATA_VALUE,DATA_VALUE,DATA_VALUE,DATA_VALUE,DATA_VALUE
,,,,"00NA","Isle of Anglesey","W02000001","Isle of Anglesey 001",,,3985,943,23.66,979,24.57,585,14.68,907,22.76,460,11.54,81,2.03,28,.7,2,.05,0,0
,,,,"00NA","Isle of Anglesey","W02000002","Isle of Anglesey 002",,,3167,312,9.85,450,14.21,391,12.35,1047,33.06,820,25.89,94,2.97,51,1.61,2,.06,0,0
,,,,"00NA","Isle of Anglesey","W02000003","Isle of Anglesey 003",,,4728,2362,49.96,1146,24.24,371,7.85,652,13.79,152,3.21,35,.74,9,.19,0,0,1,.02
,,,,"00NA","Isle of Anglesey","W02000004","Isle of Anglesey 004",,,3668,482,13.14,379,10.33,626,17.07,1027,28,721,19.66,270,7.36,153,4.17,10,.27,0,0
,,,,"00NA","Isle of Anglesey","W02000005","Isle of Anglesey 005",,,4480,348,7.77,947,21.14,681,15.2,1032,23.04,911,20.33,277,6.18,255,5.69,22,.49,7,.16
,,,,"00NA","Isle of Anglesey","W02000006","Isle of Anglesey 006",,,2823,428,15.16,945,33.48,402,14.24,471,16.68,473,16.76,68,2.41,34,1.2,2,.07,0,0
,,,,"00NA","Isle of Anglesey","W02000007","Isle of Anglesey 007",,,3286,775,23.58,652,19.84,647,19.69,655,19.93,380,11.56,102,3.1,69,2.1,6,.18,0,0
,,,,"00NA","Isle of Anglesey","W02000008","Isle of Anglesey 008",,,2818,234,8.3,482,17.1,686,24.34,529,18.77,659,23.39,148,5.25,75,2.66,5,.18,0,0
,,,,"00NA","Isle of Anglesey","W02000009","Isle of Anglesey 009",,,3393,372,10.96,1086,32.01,598,17.62,823,24.26,310,9.14,122,3.6,71,2.09,11,.32,0,0
,,,,"00NC","Gwynedd","W02000010","Gwynedd 001",,,2817,626,22.22,869,30.85,752,26.7,289,10.26,135,4.79,58,2.06,71,2.52,17,.6,0,0
,,,,"00NC","Gwynedd","W02000011","Gwynedd 002",,,2938,243,8.27,824,28.05,896,30.5,580,19.74,222,7.56,137,4.66,32,1.09,4,.14,0,0
,,,,"00NC","Gwynedd","W02000012","Gwynedd 003",,,3597,835,23.21,1242,34.53,747,20.77,414,11.51,202,5.62,127,3.53,27,.75,3,.08,0,0
,,,,"00NC","Gwynedd","W02000013","Gwynedd 004",,,3026,677,22.37,769,25.41,648,21.41,503,16.62,324,10.71,91,3.01,14,.46,0,0,0,0
,,,,"00NC","Gwynedd","W02000014","Gwynedd 005",,,3136,931,29.69,1046,33.35,480,15.31,366,11.67,235,7.49,50,1.59,25,.8,3,.1,0,0
,,,,"00NC","Gwynedd","W02000015","Gwynedd 006",,,3612,1008,27.91,1038,28.74,683,18.91,306,8.47,422,11.68,121,3.35,32,.89,2,.06,0,0
,,,,"00NC","Gwynedd","W02000016","Gwynedd 007",,,2881,757,26.28,738,25.62,509,17.67,475,16.49,282,9.79,78,2.71,39,1.35,3,.1,0,0
,,,,"00NC","Gwynedd","W02000017","Gwynedd 008",,,3529,1361,38.57,866,24.54,621,17.6,430,12.18,194,5.5,35,.99,18,.51,4,.11,0,0
,,,,"00NC","Gwynedd","W02000018","Gwynedd 009",,,3656,2165,59.22,895,24.48,306,8.37,160,4.38,98,2.68,23,.63,9,.25,0,0,0,0
,,,,"00NC","Gwynedd","W02000019","Gwynedd 010",,,3854,483,12.53,835,21.67,985,25.56,799,20.73,557,14.45,110,2.85,81,2.1,3,.08,1,.03
,,,,"00NC","Gwynedd","W02000020","Gwynedd 011",,,3277,502,15.32,872,26.61,570,17.39,612,18.68,488,14.89,162,4.94,70,2.14,1,.03,0,0
,,,,"00NC","Gwynedd","W02000021","Gwynedd 012",,,4094,839,20.49,1080,26.38,602,14.7,784,19.15,627,15.32,114,2.78,44,1.07,3,.07,1,.02
,,,,"00NC","Gwynedd","W02000022","Gwynedd 013",,,3289,716,21.77,652,19.82,550,16.72,550,16.72,606,18.43,138,4.2,74,2.25,3,.09,0,0
,,,,"00NC","Gwynedd","W02000023","Gwynedd 014",,,3756,385,10.25,536,14.27,700,18.64,901,23.99,941,25.05,212,5.64,77,2.05,2,.05,2,.05
,,,,"00NC","Gwynedd","W02000024","Gwynedd 015",,,2836,738,26.02,726,25.6,515,18.16,464,16.36,294,10.37,71,2.5,26,.92,1,.04,1,.04
,,,,"00NC","Gwynedd","W02000025","Gwynedd 016",,,3481,879,25.25,905,26,536,15.4,437,12.55,424,12.18,201,5.77,90,2.59,9,.26,0,0
,,,,"00NC","Gwynedd","W02000026","Gwynedd 017",,,4731,934,19.74,1008,21.31,1034,21.86,692,14.63,658,13.91,236,4.99,161,3.4,8,.17,0,0
,,,,"00NE","Conwy","W02000027","Conwy 001",,,4428,1157,26.13,1099,24.82,791,17.86,497,11.22,680,15.36,105,2.37,69,1.56,29,.65,1,.02
,,,,"00NE","Conwy","W02000028","Conwy 002",,,3119,357,11.45,603,19.33,734,23.53,564,18.08,562,18.02,180,5.77,108,3.46,11,.35,0,0
,,,,"00NE","Conwy","W02000029","Conwy 003",,,2925,23,.79,125,4.27,595,20.34,1253,42.84,661,22.6,184,6.29,77,2.63,6,.21,1,.03
,,,,"00NE","Conwy","W02000030","Conwy 004",,,3025,225,7.44,510,16.86,670,22.15,676,22.35,485,16.03,234,7.74,215,7.11,9,.3,1,.03
,,,,"00NE","Conwy","W02000031","Conwy 005",,,3587,251,7,616,17.17,1035,28.85,1313,36.6,331,9.23,33,.92,7,.2,1,.03,0,0
,,,,"00NE","Conwy","W02000032","Conwy 006",,,3582,90,2.51,533,14.88,797,22.25,984,27.47,591,16.5,332,9.27,239,6.67,16,.45,0,0
,,,,"00NE","Conwy","W02000033","Conwy 007",,,3154,864,27.39,703,22.29,589,18.67,616,19.53,245,7.77,95,3.01,41,1.3,1,.03,0,0
,,,,"00NE","Conwy","W02000034","Conwy 008",,,3192,341,10.68,480,15.04,720,22.56,553,17.32,564,17.67,258,8.08,245,7.68,31,.97,0,0
,,,,"00NE","Conwy","W02000035","Conwy 009",,,3756,584,15.55,966,25.72,867,23.08,639,17.01,483,12.86,133,3.54,83,2.21,1,.03,0,0
,,,,"00NE","Conwy","W02000036","Conwy 010",,,5116,574,11.22,410,8.01,1891,36.96,1060,20.72,896,17.51,205,4.01,77,1.51,3,.06,0,0
,,,,"00NE","Conwy","W02000037","Conwy 011",,,3102,174,5.61,728,23.47,1231,39.68,491,15.83,287,9.25,130,4.19,59,1.9,2,.06,0,0
,,,,"00NE","Conwy","W02000038","Conwy 012",,,3015,202,6.7,572,18.97,692,22.95,657,21.79,489,16.22,246,8.16,147,4.88,8,.27,2,.07
,,,,"00NE","Conwy","W02000039","Conwy 013",,,3696,573,15.5,1018,27.54,907,24.54,648,17.53,365,9.88,126,3.41,54,1.46,4,.11,1,.03
,,,,"00NE","Conwy","W02000040","Conwy 014",,,2904,347,11.95,449,15.46,473,16.29,729,25.1,579,19.94,213,7.33,102,3.51,11,.38,1,.03
,,,,"00NE","Conwy","W02000041","Conwy 015",,,4243,722,17.02,950,22.39,845,19.92,702,16.54,635,14.97,265,6.25,118,2.78,5,.12,1,.02
,,,,"00NG","Denbighshire","W02000042","Denbighshire 001",,,2540,63,2.48,450,17.72,1397,55,520,20.47,105,4.13,4,.16,1,.04,0,0,0,0
,,,,"00NG","Denbighshire","W02000043","Denbighshire 002",,,2327,195,8.38,547,23.51,446,19.17,435,18.69,429,18.44,209,8.98,65,2.79,1,.04,0,0
,,,,"00NG","Denbighshire","W02000044","Denbighshire 003",,,2480,47,1.9,238,9.6,1092,44.03,606,24.44,299,12.06,120,4.84,78,3.15,0,0,0,0
,,,,"00NG","Denbighshire","W02000045","Denbighshire 004",,,4534,1461,32.22,945,20.84,1129,24.9,702,15.48,223,4.92,42,.93,26,.57,6,.13,0,0
,,,,"00NG","Denbighshire","W02000046","Denbighshire 005",,,2432,92,3.78,186,7.65,1351,55.55,556,22.86,223,9.17,21,.86,2,.08,1,.04,0,0
,,,,"00NG","Denbighshire","W02000047","Denbighshire 006",,,2223,257,11.56,1264,56.86,540,24.29,111,4.99,38,1.71,11,.49,2,.09,0,0,0,0
,,,,"00NG","Denbighshire","W02000048","Denbighshire 007",,,2413,81,3.36,435,18.03,1078,44.67,668,27.68,114,4.72,32,1.33,5,.21,0,0,0,0
,,,,"00NG","Denbighshire","W02000049","Denbighshire 008",,,2729,178,6.52,578,21.18,555,20.34,608,22.28,442,16.2,215,7.88,144,5.28,9,.33,0,0
,,,,"00NG","Denbighshire","W02000050","Denbighshire 009",,,2740,162,5.91,549,20.04,594,21.68,894,32.63,402,14.67,95,3.47,41,1.5,2,.07,1,.04
,,,,"00NG","Denbighshire","W02000051","Denbighshire 010",,,2247,203,9.03,499,22.21,388,17.27,503,22.39,411,18.29,142,6.32,88,3.92,13,.58,0,0
,,,,"00NG","Denbighshire","W02000052","Denbighshire 011",,,2402,397,16.53,917,38.18,573,23.86,252,10.49,166,6.91,57,2.37,29,1.21,9,.37,2,.08
,,,,"00NG","Denbighshire","W02000053","Denbighshire 012",,,2532,148,5.85,257,10.15,632,24.96,805,31.79,471,18.6,123,4.86,88,3.48,7,.28,1,.04
,,,,"00NG","Denbighshire","W02000054","Denbighshire 013",,,2389,235,9.84,192,8.04,331,13.86,333,13.94,667,27.92,319,13.35,288,12.06,23,.96,1,.04
,,,,"00NG","Denbighshire","W02000055","Denbighshire 014",,,2424,308,12.71,566,23.35,451,18.61,551,22.73,354,14.6,137,5.65,51,2.1,5,.21,1,.04
,,,,"00NG","Denbighshire","W02000056","Denbighshire 015",,,2231,337,15.11,386,17.3,318,14.25,402,18.02,478,21.43,192,8.61,108,4.84,10,.45,0,0
,,,,"00NG","Denbighshire","W02000057","Denbighshire 016",,,2850,564,19.79,640,22.46,551,19.33,412,14.46,393,13.79,168,5.89,112,3.93,9,.32,1,.04
,,,,"00NJ","Flintshire","W02000058","Flintshire 001",,,2416,220,9.11,865,35.8,537,22.23,321,13.29,277,11.47,118,4.88,70,2.9,6,.25,2,.08
,,,,"00NJ","Flintshire","W02000059","Flintshire 002",,,2736,254,9.28,667,24.38,689,25.18,408,14.91,437,15.97,197,7.2,77,2.81,7,.26,0,0
,,,,"00NJ","Flintshire","W02000060","Flintshire 003",,,4565,517,11.33,1707,37.39,1424,31.19,560,12.27,262,5.74,73,1.6,19,.42,3,.07,0,0
,,,,"00NJ","Flintshire","W02000061","Flintshire 004",,,2892,784,27.11,1232,42.6,582,20.12,164,5.67,96,3.32,25,.86,8,.28,1,.03,0,0
,,,,"00NJ","Flintshire","W02000062","Flintshire 005",,,2439,26,1.07,447,18.33,986,40.43,419,17.18,410,16.81,127,5.21,21,.86,3,.12,0,0
,,,,"00NJ","Flintshire","W02000063","Flintshire 006",,,3495,172,4.92,412,11.79,675,19.31,579,16.57,922,26.38,458,13.1,266,7.61,10,.29,1,.03
,,,,"00NJ","Flintshire","W02000064","Flintshire 007",,,2746,720,26.22,956,34.81,660,24.03,315,11.47,83,3.02,8,.29,4,.15,0,0,0,0
,,,,"00NJ","Flintshire","W02000065","Flintshire 008",,,2960,76,2.57,373,12.6,1606,54.26,685,23.14,181,6.11,29,.98,9,.3,1,.03,0,0
,,,,"00NJ","Flintshire","W02000066","Flintshire 009",,,3941,673,17.08,1695,43.01,1026,26.03,339,8.6,124,3.15,42,1.07,34,.86,8,.2,0,0
,,,,"00NJ","Flintshire","W02000067","Flintshire 010",,,2478,58,2.34,148,5.97,414,16.71,811,32.73,783,31.6,211,8.51,51,2.06,1,.04,1,.04
,,,,"00NJ","Flintshire","W02000068","Flintshire 011",,,2439,535,21.94,638,26.16,733,30.05,307,12.59,172,7.05,37,1.52,16,.66,1,.04,0,0
,,,,"00NJ","Flintshire","W02000069","Flintshire 012",,,2408,99,4.11,210,8.72,563,23.38,729,30.27,446,18.52,191,7.93,127,5.27,43,1.79,0,0
,,,,"00NJ","Flintshire","W02000070","Flintshire 013",,,3995,145,3.63,137,3.43,707,17.7,772,19.32,1345,33.67,616,15.42,268,6.71,5,.13,0,0
,,,,"00NJ","Flintshire","W02000071","Flintshire 014",,,3079,64,2.08,119,3.86,1349,43.81,998,32.41,413,13.41,106,3.44,28,.91,2,.06,0,0
,,,,"00NJ","Flintshire","W02000072","Flintshire 015",,,4534,314,6.93,425,9.37,1801,39.72,1331,29.36,465,10.26,153,3.37,45,.99,0,0,0,0
,,,,"00NJ","Flintshire","W02000073","Flintshire 016",,,4170,257,6.16,1131,27.12,822,19.71,902,21.63,551,13.21,420,10.07,83,1.99,4,.1,0,0
,,,,"00NJ","Flintshire","W02000074","Flintshire 017",,,3933,375,9.53,858,21.82,1502,38.19,730,18.56,361,9.18,95,2.42,12,.31,0,0,0,0
,,,,"00NJ","Flintshire","W02000075","Flintshire 018",,,2108,81,3.84,59,2.8,550,26.09,341,16.18,718,34.06,259,12.29,100,4.74,0,0,0,0
,,,,"00NJ","Flintshire","W02000076","Flintshire 019",,,3162,187,5.91,553,17.49,769,24.32,526,16.64,611,19.32,310,9.8,199,6.29,7,.22,0,0
,,,,"00NJ","Flintshire","W02000077","Flintshire 020",,,2508,164,6.54,390,15.55,782,31.18,353,14.07,426,16.99,266,10.61,126,5.02,1,.04,0,0
,,,,"00NL","Wrexham","W02000078","Wrexham 001",,,3243,250,7.71,434,13.38,432,13.32,570,17.58,783,24.14,452,13.94,315,9.71,7,.22,0,0
,,,,"00NL","Wrexham","W02000079","Wrexham 002",,,2143,143,6.67,171,7.98,278,12.97,638,29.77,404,18.85,243,11.34,235,10.97,31,1.45,0,0
,,,,"00NL","Wrexham","W02000080","Wrexham 003",,,2986,413,13.83,1065,35.67,1087,36.4,190,6.36,160,5.36,66,2.21,5,.17,0,0,0,0
,,,,"00NL","Wrexham","W02000081","Wrexham 004",,,2241,393,17.54,706,31.5,583,26.02,377,16.82,115,5.13,40,1.78,26,1.16,1,.04,0,0
,,,,"00NL","Wrexham","W02000082","Wrexham 005",,,3138,410,13.07,1550,49.39,492,15.68,388,12.36,220,7.01,62,1.98,16,.51,0,0,0,0
,,,,"00NL","Wrexham","W02000083","Wrexham 006",,,3100,681,21.97,1291,41.65,513,16.55,371,11.97,165,5.32,59,1.9,19,.61,1,.03,0,0
,,,,"00NL","Wrexham","W02000084","Wrexham 007",,,2282,64,2.8,70,3.07,659,28.88,903,39.57,497,21.78,76,3.33,13,.57,0,0,0,0
,,,,"00NL","Wrexham","W02000085","Wrexham 008",,,3976,337,8.48,557,14.01,952,23.94,1362,34.26,510,12.83,199,5.01,58,1.46,1,.03,0,0
,,,,"00NL","Wrexham","W02000086","Wrexham 009",,,2197,158,7.19,842,38.32,404,18.39,421,19.16,231,10.51,115,5.23,24,1.09,2,.09,0,0
,,,,"00NL","Wrexham","W02000087","Wrexham 010",,,3065,1527,49.82,1323,43.16,94,3.07,74,2.41,41,1.34,3,.1,2,.07,1,.03,0,0
,,,,"00NL","Wrexham","W02000088","Wrexham 011",,,3153,447,14.18,1292,40.98,577,18.3,210,6.66,253,8.02,226,7.17,146,4.63,2,.06,0,0
,,,,"00NL","Wrexham","W02000089","Wrexham 012",,,3507,1298,37.01,1200,34.22,606,17.28,237,6.76,65,1.85,72,2.05,27,.77,2,.06,0,0
,,,,"00NL","Wrexham","W02000090","Wrexham 013",,,2382,354,14.86,750,31.49,593,24.9,327,13.73,199,8.35,106,4.45,52,2.18,1,.04,0,0
,,,,"00NL","Wrexham","W02000091","Wrexham 014",,,2597,347,13.36,630,24.26,750,28.88,616,23.72,203,7.82,42,1.62,8,.31,1,.04,0,0
,,,,"00NL","Wrexham","W02000092","Wrexham 015",,,3014,965,32.02,1075,35.67,529,17.55,274,9.09,120,3.98,39,1.29,11,.36,1,.03,0,0
,,,,"00NL","Wrexham","W02000093","Wrexham 016",,,2633,382,14.51,674,25.6,365,13.86,500,18.99,405,15.38,184,6.99,111,4.22,12,.46,0,0
,,,,"00NL","Wrexham","W02000094","Wrexham 017",,,3722,1693,45.49,955,25.66,509,13.68,351,9.43,135,3.63,56,1.5,23,.62,0,0,0,0
,,,,"00NL","Wrexham","W02000095","Wrexham 018",,,2455,169,6.88,218,8.88,442,18,394,16.05,606,24.68,371,15.11,242,9.86,13,.53,0,0
,,,,"00NL","Wrexham","W02000096","Wrexham 019",,,2822,400,14.17,886,31.4,731,25.9,387,13.71,285,10.1,82,2.91,45,1.59,6,.21,0,0
,,,,"00NN","Powys","W02000097","Powys 001",,,3963,320,8.07,629,15.87,673,16.98,753,19,1062,26.8,406,10.24,113,2.85,7,.18,0,0
,,,,"00NN","Powys","W02000098","Powys 002",,,2383,84,3.52,230,9.65,385,16.16,599,25.14,709,29.75,232,9.74,139,5.83,5,.21,0,0
,,,,"00NN","Powys","W02000099","Powys 003",,,2945,298,10.12,787,26.72,934,31.71,436,14.8,326,11.07,85,2.89,75,2.55,4,.14,0,0
,,,,"00NN","Powys","W02000100","Powys 004",,,2908,525,18.05,810,27.85,541,18.6,480,16.51,411,14.13,104,3.58,35,1.2,2,.07,0,0
,,,,"00NN","Powys","W02000101","Powys 005",,,2275,123,5.41,234,10.29,478,21.01,414,18.2,593,26.07,296,13.01,129,5.67,8,.35,0,0
,,,,"00NN","Powys","W02000102","Powys 006",,,2473,278,11.24,395,15.97,459,18.56,491,19.85,668,27.01,149,6.03,30,1.21,3,.12,0,0
,,,,"00NN","Powys","W02000103","Powys 007",,,2205,94,4.26,237,10.75,382,17.32,552,25.03,697,31.61,174,7.89,67,3.04,2,.09,0,0
,,,,"00NN","Powys","W02000104","Powys 008",,,2753,376,13.66,799,29.02,486,17.65,412,14.97,479,17.4,133,4.83,66,2.4,2,.07,0,0
,,,,"00NN","Powys","W02000105","Powys 009",,,2152,428,19.89,832,38.66,708,32.9,90,4.18,85,3.95,5,.23,3,.14,1,.05,0,0
,,,,"00NN","Powys","W02000106","Powys 010",,,3009,483,16.05,743,24.69,449,14.92,560,18.61,562,18.68,157,5.22,52,1.73,3,.1,0,0
,,,,"00NN","Powys","W02000107","Powys 011",,,4473,472,10.55,606,13.55,927,20.72,931,20.81,1120,25.04,306,6.84,101,2.26,10,.22,0,0
,,,,"00NN","Powys","W02000108","Powys 012",,,3209,511,15.92,592,18.45,386,12.03,590,18.39,809,25.21,231,7.2,81,2.52,9,.28,0,0
,,,,"00NN","Powys","W02000109","Powys 013",,,2667,616,23.1,608,22.8,435,16.31,390,14.62,444,16.65,133,4.99,38,1.42,3,.11,0,0
,,,,"00NN","Powys","W02000110","Powys 014",,,3031,319,10.52,433,14.29,631,20.82,560,18.48,822,27.12,198,6.53,62,2.05,6,.2,0,0
,,,,"00NN","Powys","W02000111","Powys 015",,,3659,316,8.64,310,8.47,950,25.96,728,19.9,823,22.49,335,9.16,174,4.76,22,.6,1,.03
,,,,"00NN","Powys","W02000112","Powys 016",,,2592,117,4.51,218,8.41,514,19.83,529,20.41,661,25.5,300,11.57,228,8.8,24,.93,1,.04
,,,,"00NN","Powys","W02000113","Powys 017",,,3561,446,12.52,617,17.33,955,26.82,488,13.7,754,21.17,209,5.87,84,2.36,8,.22,0,0
,,,,"00NN","Powys","W02000114","Powys 018",,,3068,72,2.35,184,6,419,13.66,534,17.41,802,26.14,621,20.24,396,12.91,40,1.3,0,0
,,,,"00NN","Powys","W02000115","Powys 019",,,4642,1881,40.52,1123,24.19,716,15.42,474,10.21,302,6.51,106,2.28,37,.8,3,.06,0,0
,,,,"00NQ","Ceredigion","W02000116","Ceredigion 001",,,3368,364,10.81,556,16.51,694,20.61,718,21.32,741,22,222,6.59,69,2.05,4,.12,0,0
,,,,"00NQ","Ceredigion","W02000117","Ceredigion 002",,,3372,574,17.02,684,20.28,574,17.02,564,16.73,570,16.9,319,9.46,79,2.34,6,.18,2,.06
,,,,"00NQ","Ceredigion","W02000118","Ceredigion 003",,,2666,337,12.64,684,25.66,760,28.51,411,15.42,344,12.9,69,2.59,61,2.29,0,0,0,0
,,,,"00NQ","Ceredigion","W02000119","Ceredigion 004",,,3027,413,13.64,300,9.91,447,14.77,782,25.83,802,26.49,201,6.64,79,2.61,3,.1,0,0
,,,,"00NQ","Ceredigion","W02000120","Ceredigion 005",,,3277,343,10.47,386,11.78,620,18.92,914,27.89,818,24.96,152,4.64,40,1.22,4,.12,0,0
,,,,"00NQ","Ceredigion","W02000121","Ceredigion 006",,,2246,205,9.13,445,19.81,476,21.19,720,32.06,357,15.89,36,1.6,7,.31,0,0,0,0
,,,,"00NQ","Ceredigion","W02000122","Ceredigion 007",,,3385,388,11.46,359,10.61,580,17.13,1028,30.37,839,24.79,145,4.28,43,1.27,2,.06,1,.03
,,,,"00NQ","Ceredigion","W02000123","Ceredigion 008",,,3376,383,11.34,583,17.27,674,19.96,940,27.84,653,19.34,110,3.26,28,.83,5,.15,0,0
,,,,"00NQ","Ceredigion","W02000124","Ceredigion 009",,,4256,508,11.94,717,16.85,1021,23.99,890,20.91,868,20.39,183,4.3,65,1.53,3,.07,1,.02
,,,,"00NQ","Ceredigion","W02000125","Ceredigion 010",,,3295,303,9.2,712,21.61,525,15.93,845,25.64,771,23.4,106,3.22,31,.94,2,.06,0,0
,,,,"00NS","Pembrokeshire","W02000126","Pembrokeshire 001",,,3685,403,10.94,513,13.92,711,19.29,970,26.32,848,23.01,187,5.07,48,1.3,4,.11,1,.03
,,,,"00NS","Pembrokeshire","W02000127","Pembrokeshire 002",,,4663,444,9.52,1203,25.8,902,19.34,991,21.25,787,16.88,246,5.28,88,1.89,2,.04,0,0
,,,,"00NS","Pembrokeshire","W02000128","Pembrokeshire 003",,,3409,249,7.3,733,21.5,641,18.8,757,22.21,772,22.65,203,5.95,50,1.47,3,.09,1,.03
,,,,"00NS","Pembrokeshire","W02000129","Pembrokeshire 004",,,2677,179,6.69,301,11.24,438,16.36,662,24.73,805,30.07,197,7.36,91,3.4,3,.11,1,.04
,,,,"00NS","Pembrokeshire","W02000130","Pembrokeshire 005",,,3100,888,28.65,1030,33.23,398,12.84,522,16.84,216,6.97,32,1.03,12,.39,2,.06,0,0
,,,,"00NS","Pembrokeshire","W02000131","Pembrokeshire 006",,,3076,254,8.26,1044,33.94,705,22.92,529,17.2,410,13.33,114,3.71,20,.65,0,0,0,0
,,,,"00NS","Pembrokeshire","W02000132","Pembrokeshire 007",,,2717,261,9.61,400,14.72,629,23.15,515,18.95,625,23,213,7.84,68,2.5,6,.22,0,0
,,,,"00NS","Pembrokeshire","W02000133","Pembrokeshire 008",,,3564,481,13.5,580,16.27,651,18.27,737,20.68,761,21.35,248,6.96,99,2.78,4,.11,3,.08
,,,,"00NS","Pembrokeshire","W02000134","Pembrokeshire 009",,,3454,239,6.92,739,21.4,815,23.6,718,20.79,637,18.44,229,6.63,73,2.11,1,.03,3,.09
,,,,"00NS","Pembrokeshire","W02000135","Pembrokeshire 010",,,2887,915,31.69,615,21.3,604,20.92,414,14.34,259,8.97,69,2.39,11,.38,0,0,0,0
,,,,"00NS","Pembrokeshire","W02000136","Pembrokeshire 011",,,4078,400,9.81,459,11.26,785,19.25,988,24.23,1066,26.14,257,6.3,114,2.8,8,.2,1,.02
,,,,"00NS","Pembrokeshire","W02000137","Pembrokeshire 012",,,3066,647,21.1,1535,50.07,358,11.68,314,10.24,176,5.74,28,.91,7,.23,0,0,1,.03
,,,,"00NS","Pembrokeshire","W02000138","Pembrokeshire 013",,,3959,1048,26.47,1150,29.05,1146,28.95,333,8.41,224,5.66,43,1.09,14,.35,1,.03,0,0
,,,,"00NS","Pembrokeshire","W02000139","Pembrokeshire 014",,,3455,411,11.9,366,10.59,649,18.78,782,22.63,846,24.49,282,8.16,115,3.33,4,.12,0,0
,,,,"00NS","Pembrokeshire","W02000140","Pembrokeshire 015",,,3026,633,20.92,937,30.96,679,22.44,355,11.73,308,10.18,89,2.94,20,.66,5,.17,0,0
,,,,"00NS","Pembrokeshire","W02000141","Pembrokeshire 016",,,3476,231,6.65,596,17.15,801,23.04,833,23.96,624,17.95,231,6.65,151,4.34,9,.26,0,0
,,,,"00NU","Carmarthenshire","W02000142","Carmarthenshire 001",,,2317,346,14.93,474,20.46,441,19.03,479,20.67,436,18.82,111,4.79,29,1.25,1,.04,0,0
,,,,"00NU","Carmarthenshire","W02000143","Carmarthenshire 002",,,2551,218,8.55,495,19.4,704,27.6,632,24.77,365,14.31,104,4.08,29,1.14,3,.12,1,.04
,,,,"00NU","Carmarthenshire","W02000144","Carmarthenshire 003",,,3340,544,16.29,505,15.12,576,17.25,769,23.02,730,21.86,176,5.27,37,1.11,3,.09,0,0
,,,,"00NU","Carmarthenshire","W02000145","Carmarthenshire 004",,,3145,346,11,548,17.42,474,15.07,666,21.18,732,23.28,299,9.51,71,2.26,8,.25,1,.03
,,,,"00NU","Carmarthenshire","W02000146","Carmarthenshire 005",,,2675,231,8.64,344,12.86,465,17.38,566,21.16,700,26.17,271,10.13,93,3.48,5,.19,0,0
,,,,"00NU","Carmarthenshire","W02000147","Carmarthenshire 006",,,3177,243,7.65,456,14.35,875,27.54,745,23.45,665,20.93,138,4.34,47,1.48,8,.25,0,0
,,,,"00NU","Carmarthenshire","W02000148","Carmarthenshire 007",,,2353,287,12.2,746,31.7,472,20.06,367,15.6,295,12.54,134,5.69,50,2.12,2,.08,0,0
,,,,"00NU","Carmarthenshire","W02000149","Carmarthenshire 008",,,2897,475,16.4,701,24.2,486,16.78,612,21.13,466,16.09,127,4.38,25,.86,5,.17,0,0
,,,,"00NU","Carmarthenshire","W02000150","Carmarthenshire 009",,,2784,395,14.19,516,18.53,528,18.97,633,22.74,552,19.83,135,4.85,24,.86,0,0,1,.04
,,,,"00NU","Carmarthenshire","W02000151","Carmarthenshire 010",,,3248,1216,37.44,1053,32.42,518,15.95,311,9.58,120,3.69,26,.8,4,.12,0,0,0,0
,,,,"00NU","Carmarthenshire","W02000152","Carmarthenshire 011",,,3145,927,29.48,519,16.5,596,18.95,480,15.26,424,13.48,156,4.96,39,1.24,3,.1,1,.03
,,,,"00NU","Carmarthenshire","W02000153","Carmarthenshire 012",,,3434,571,16.63,669,19.48,654,19.04,622,18.11,684,19.92,150,4.37,80,2.33,4,.12,0,0
,,,,"00NU","Carmarthenshire","W02000154","Carmarthenshire 013",,,3238,654,20.2,746,23.04,906,27.98,506,15.63,304,9.39,99,3.06,20,.62,3,.09,0,0
,,,,"00NU","Carmarthenshire","W02000155","Carmarthenshire 014",,,2153,227,10.54,306,14.21,450,20.9,376,17.46,565,26.24,162,7.52,65,3.02,2,.09,0,0
,,,,"00NU","Carmarthenshire","W02000156","Carmarthenshire 015",,,3211,696,21.68,1007,31.36,660,20.55,477,14.86,238,7.41,108,3.36,24,.75,0,0,1,.03
,,,,"00NU","Carmarthenshire","W02000157","Carmarthenshire 016",,,3705,635,17.14,1206,32.55,767,20.7,531,14.33,414,11.17,111,3,40,1.08,1,.03,0,0
,,,,"00NU","Carmarthenshire","W02000158","Carmarthenshire 017",,,2192,198,9.03,809,36.91,468,21.35,334,15.24,206,9.4,84,3.83,89,4.06,3,.14,1,.05
,,,,"00NU","Carmarthenshire","W02000159","Carmarthenshire 018",,,2556,887,34.7,806,31.53,337,13.18,242,9.47,207,8.1,61,2.39,16,.63,0,0,0,0
,,,,"00NU","Carmarthenshire","W02000160","Carmarthenshire 019",,,3112,327,10.51,762,24.49,988,31.75,440,14.14,461,14.81,98,3.15,34,1.09,2,.06,0,0
,,,,"00NU","Carmarthenshire","W02000161","Carmarthenshire 020",,,2327,766,32.92,884,37.99,420,18.05,163,7,70,3.01,18,.77,4,.17,2,.09,0,0
,,,,"00NU","Carmarthenshire","W02000162","Carmarthenshire 021",,,3733,860,23.04,1173,31.42,566,15.16,695,18.62,289,7.74,108,2.89,40,1.07,2,.05,0,0
,,,,"00NU","Carmarthenshire","W02000163","Carmarthenshire 022",,,2438,643,26.37,824,33.8,395,16.2,338,13.86,157,6.44,54,2.21,24,.98,3,.12,0,0
,,,,"00NU","Carmarthenshire","W02000164","Carmarthenshire 023",,,3261,541,16.59,1164,35.69,575,17.63,477,14.63,289,8.86,84,2.58,125,3.83,5,.15,1,.03
,,,,"00NU","Carmarthenshire","W02000165","Carmarthenshire 024",,,2846,696,24.46,1107,38.9,556,19.54,379,13.32,87,3.06,16,.56,3,.11,2,.07,0,0
,,,,"00NU","Carmarthenshire","W02000166","Carmarthenshire 025",,,3242,1565,48.27,799,24.65,466,14.37,204,6.29,128,3.95,51,1.57,27,.83,2,.06,0,0
,,,,"00NU","Carmarthenshire","W02000167","Carmarthenshire 026",,,4427,1924,43.46,2034,45.95,368,8.31,56,1.26,40,.9,2,.05,1,.02,2,.05,0,0
,,,,"00NX","Swansea","W02000168","Swansea 001",,,2442,369,15.11,765,31.33,623,25.51,384,15.72,191,7.82,87,3.56,22,.9,1,.04,0,0
,,,,"00NX","Swansea","W02000169","Swansea 002",,,4128,709,17.18,1312,31.78,987,23.91,722,17.49,303,7.34,71,1.72,21,.51,3,.07,0,0
,,,,"00NX","Swansea","W02000170","Swansea 003",,,3938,684,17.37,804,20.42,1302,33.06,723,18.36,309,7.85,79,2.01,36,.91,1,.03,0,0
,,,,"00NX","Swansea","W02000171","Swansea 004",,,3036,204,6.72,400,13.18,522,17.19,725,23.88,720,23.72,385,12.68,79,2.6,1,.03,0,0
,,,,"00NX","Swansea","W02000172","Swansea 005",,,3846,545,14.17,1288,33.49,1133,29.46,484,12.58,304,7.9,76,1.98,14,.36,2,.05,0,0
,,,,"00NX","Swansea","W02000173","Swansea 006",,,2407,348,14.46,551,22.89,672,27.92,432,17.95,330,13.71,64,2.66,10,.42,0,0,0,0
,,,,"00NX","Swansea","W02000174","Swansea 007",,,3941,420,10.66,625,15.86,1239,31.44,1124,28.52,373,9.46,146,3.7,13,.33,1,.03,0,0
,,,,"00NX","Swansea","W02000175","Swansea 008",,,3423,1264,36.93,1261,36.84,408,11.92,345,10.08,126,3.68,12,.35,5,.15,2,.06,0,0
,,,,"00NX","Swansea","W02000176","Swansea 009",,,4196,1411,33.63,835,19.9,780,18.59,864,20.59,246,5.86,44,1.05,15,.36,1,.02,0,0
,,,,"00NX","Swansea","W02000177","Swansea 010",,,2816,530,18.82,544,19.32,915,32.49,682,24.22,124,4.4,20,.71,1,.04,0,0,0,0
,,,,"00NX","Swansea","W02000178","Swansea 011",,,3684,2737,74.29,367,9.96,429,11.64,115,3.12,33,.9,2,.05,0,0,1,.03,0,0
,,,,"00NX","Swansea","W02000179","Swansea 012",,,2685,230,8.57,556,20.71,629,23.43,617,22.98,447,16.65,150,5.59,52,1.94,3,.11,1,.04
,,,,"00NX","Swansea","W02000180","Swansea 013",,,3536,1472,41.63,1167,33,681,19.26,150,4.24,55,1.56,6,.17,4,.11,1,.03,0,0
,,,,"00NX","Swansea","W02000181","Swansea 014",,,2880,1315,45.66,746,25.9,675,23.44,100,3.47,40,1.39,2,.07,0,0,2,.07,0,0
,,,,"00NX","Swansea","W02000182","Swansea 015",,,3470,298,8.59,2412,69.51,630,18.16,117,3.37,12,.35,0,0,0,0,1,.03,0,0
,,,,"00NX","Swansea","W02000183","Swansea 016",,,4512,1112,24.65,3054,67.69,235,5.21,91,2.02,17,.38,1,.02,0,0,2,.04,0,0
,,,,"00NX","Swansea","W02000184","Swansea 017",,,3075,702,22.83,533,17.33,968,31.48,599,19.48,214,6.96,55,1.79,1,.03,3,.1,0,0
,,,,"00NX","Swansea","W02000185","Swansea 018",,,2218,147,6.63,423,19.07,269,12.13,611,27.55,403,18.17,247,11.14,112,5.05,5,.23,1,.05
,,,,"00NX","Swansea","W02000186","Swansea 019",,,4099,2447,59.7,1287,31.4,348,8.49,15,.37,2,.05,0,0,0,0,0,0,0,0
,,,,"00NX","Swansea","W02000187","Swansea 020",,,2444,84,3.44,70,2.86,609,24.92,1065,43.58,518,21.19,72,2.95,23,.94,3,.12,0,0
,,,,"00NX","Swansea","W02000188","Swansea 021",,,2836,637,22.46,1836,64.74,350,12.34,7,.25,5,.18,1,.04,0,0,0,0,0,0
,,,,"00NX","Swansea","W02000189","Swansea 022",,,3756,425,11.32,470,12.51,798,21.25,598,15.92,863,22.98,431,11.47,148,3.94,22,.59,1,.03
,,,,"00NX","Swansea","W02000190","Swansea 023",,,2268,4,.18,49,2.16,500,22.05,614,27.07,829,36.55,231,10.19,33,1.46,8,.35,0,0
,,,,"00NX","Swansea","W02000191","Swansea 024",,,3837,308,8.03,471,12.28,988,25.75,943,24.58,806,21.01,237,6.18,72,1.88,12,.31,0,0
,,,,"00NX","Swansea","W02000192","Swansea 025",,,3942,834,21.16,1750,44.39,690,17.5,333,8.45,248,6.29,43,1.09,38,.96,5,.13,1,.03
,,,,"00NX","Swansea","W02000193","Swansea 026",,,3522,345,9.8,932,26.46,1642,46.62,389,11.04,115,3.27,60,1.7,34,.97,5,.14,0,0
,,,,"00NX","Swansea","W02000194","Swansea 027",,,2557,48,1.88,96,3.75,203,7.94,364,14.24,829,32.42,458,17.91,501,19.59,58,2.27,0,0
,,,,"00NX","Swansea","W02000195","Swansea 028",,,2747,152,5.53,42,1.53,150,5.46,268,9.76,992,36.11,685,24.94,414,15.07,44,1.6,0,0
,,,,"00NX","Swansea","W02000196","Swansea 029",,,3163,41,1.3,395,12.49,689,21.78,518,16.38,1120,35.41,233,7.37,161,5.09,6,.19,0,0
,,,,"00NX","Swansea","W02000197","Swansea 030",,,3059,345,11.28,146,4.77,107,3.5,463,15.14,889,29.06,553,18.08,521,17.03,35,1.14,0,0
,,,,"00NX","Swansea","W02000198","Swansea 031",,,3939,205,5.2,139,3.53,149,3.78,656,16.65,1198,30.41,799,20.28,721,18.3,72,1.83,0,0
,,,,"00NZ","Neath Port Talbot","W02000199","Neath Port Talbot 001",,,4616,2495,54.05,1142,24.74,671,14.54,239,5.18,57,1.23,8,.17,3,.06,1,.02,0,0
,,,,"00NZ","Neath Port Talbot","W02000200","Neath Port Talbot 002",,,2334,1088,46.62,745,31.92,328,14.05,98,4.2,50,2.14,18,.77,7,.3,0,0,0,0
,,,,"00NZ","Neath Port Talbot","W02000201","Neath Port Talbot 003",,,2436,700,28.74,1181,48.48,374,15.35,116,4.76,49,2.01,7,.29,9,.37,0,0,0,0
,,,,"00NZ","Neath Port Talbot","W02000202","Neath Port Talbot 004",,,4949,850,17.18,1382,27.92,1136,22.95,1060,21.42,399,8.06,98,1.98,19,.38,4,.08,1,.02
,,,,"00NZ","Neath Port Talbot","W02000203","Neath Port Talbot 005",,,2820,772,27.38,1268,44.96,457,16.21,148,5.25,114,4.04,49,1.74,11,.39,1,.04,0,0
,,,,"00NZ","Neath Port Talbot","W02000204","Neath Port Talbot 006",,,2890,193,6.68,96,3.32,907,31.38,732,25.33,624,21.59,297,10.28,37,1.28,4,.14,0,0
,,,,"00NZ","Neath Port Talbot","W02000205","Neath Port Talbot 007",,,2641,458,17.34,566,21.43,748,28.32,362,13.71,314,11.89,128,4.85,63,2.39,2,.08,0,0
,,,,"00NZ","Neath Port Talbot","W02000206","Neath Port Talbot 008",,,3507,740,21.1,1872,53.38,480,13.69,285,8.13,99,2.82,24,.68,6,.17,1,.03,0,0
,,,,"00NZ","Neath Port Talbot","W02000207","Neath Port Talbot 009",,,2224,112,5.04,360,16.19,914,41.1,485,21.81,292,13.13,50,2.25,9,.4,2,.09,0,0
,,,,"00NZ","Neath Port Talbot","W02000208","Neath Port Talbot 010",,,3731,611,16.38,1398,37.47,991,26.56,499,13.37,180,4.82,29,.78,22,.59,1,.03,0,0
,,,,"00NZ","Neath Port Talbot","W02000209","Neath Port Talbot 011",,,2477,2227,89.91,168,6.78,28,1.13,25,1.01,25,1.01,2,.08,0,0,2,.08,0,0
,,,,"00NZ","Neath Port Talbot","W02000210","Neath Port Talbot 012",,,2685,513,19.11,1127,41.97,257,9.57,472,17.58,267,9.94,41,1.53,8,.3,0,0,0,0
,,,,"00NZ","Neath Port Talbot","W02000211","Neath Port Talbot 013",,,3593,770,21.43,2197,61.15,400,11.13,169,4.7,49,1.36,2,.06,5,.14,1,.03,0,0
,,,,"00NZ","Neath Port Talbot","W02000212","Neath Port Talbot 014",,,3417,724,21.19,1524,44.6,528,15.45,278,8.14,277,8.11,64,1.87,22,.64,0,0,0,0
,,,,"00NZ","Neath Port Talbot","W02000213","Neath Port Talbot 015",,,2966,186,6.27,614,20.7,859,28.96,721,24.31,453,15.27,109,3.67,23,.78,1,.03,0,0
,,,,"00NZ","Neath Port Talbot","W02000214","Neath Port Talbot 016",,,4207,544,12.93,2778,66.03,529,12.57,291,6.92,58,1.38,7,.17,0,0,0,0,0,0
,,,,"00NZ","Neath Port Talbot","W02000215","Neath Port Talbot 017",,,4146,893,21.54,2358,56.87,519,12.52,242,5.84,104,2.51,25,.6,4,.1,0,0,1,.02
,,,,"00NZ","Neath Port Talbot","W02000216","Neath Port Talbot 018",,,3184,310,9.74,1344,42.21,971,30.5,359,11.28,157,4.93,28,.88,10,.31,5,.16,0,0
,,,,"00NZ","Neath Port Talbot","W02000217","Neath Port Talbot 019",,,2668,221,8.28,1098,41.15,563,21.1,306,11.47,181,6.78,196,7.35,102,3.82,0,0,1,.04
,,,,"00PB","Bridgend","W02000218","Bridgend 001",,,3207,1420,44.28,1368,42.66,245,7.64,136,4.24,30,.94,6,.19,2,.06,0,0,0,0
,,,,"00PB","Bridgend","W02000219","Bridgend 002",,,3428,916,26.72,1080,31.51,794,23.16,455,13.27,144,4.2,26,.76,11,.32,2,.06,0,0
,,,,"00PB","Bridgend","W02000220","Bridgend 003",,,3642,2106,57.83,1146,31.47,150,4.12,73,2,104,2.86,49,1.35,11,.3,2,.05,1,.03
,,,,"00PB","Bridgend","W02000221","Bridgend 004",,,3446,2235,64.86,931,27.02,120,3.48,65,1.89,68,1.97,21,.61,5,.15,1,.03,0,0
,,,,"00PB","Bridgend","W02000222","Bridgend 005",,,2610,452,17.32,539,20.65,461,17.66,524,20.08,443,16.97,145,5.56,45,1.72,0,0,1,.04
,,,,"00PB","Bridgend","W02000223","Bridgend 006",,,2245,414,18.44,377,16.79,844,37.59,386,17.19,143,6.37,41,1.83,35,1.56,4,.18,1,.04
,,,,"00PB","Bridgend","W02000224","Bridgend 007",,,2371,409,17.25,980,41.33,425,17.92,351,14.8,151,6.37,45,1.9,8,.34,1,.04,1,.04
,,,,"00PB","Bridgend","W02000225","Bridgend 008",,,3749,550,14.67,1364,36.38,1087,28.99,462,12.32,218,5.81,55,1.47,10,.27,3,.08,0,0
,,,,"00PB","Bridgend","W02000226","Bridgend 009",,,3976,482,12.12,966,24.3,1186,29.83,677,17.03,494,12.42,134,3.37,37,.93,0,0,0,0
,,,,"00PB","Bridgend","W02000227","Bridgend 010",,,2596,545,20.99,929,35.79,535,20.61,348,13.41,157,6.05,46,1.77,34,1.31,2,.08,0,0
,,,,"00PB","Bridgend","W02000228","Bridgend 011",,,2424,70,2.89,296,12.21,509,21,994,41.01,264,10.89,239,9.86,49,2.02,3,.12,0,0
,,,,"00PB","Bridgend","W02000229","Bridgend 012",,,2707,429,15.85,719,26.56,1321,48.8,131,4.84,90,3.32,7,.26,8,.3,2,.07,0,0
,,,,"00PB","Bridgend","W02000230","Bridgend 013",,,2232,24,1.08,83,3.72,211,9.45,817,36.6,546,24.46,300,13.44,226,10.13,24,1.08,1,.04
,,,,"00PB","Bridgend","W02000231","Bridgend 014",,,3824,836,21.86,1099,28.74,886,23.17,604,15.79,239,6.25,94,2.46,64,1.67,1,.03,1,.03
,,,,"00PB","Bridgend","W02000232","Bridgend 015",,,2153,36,1.67,332,15.42,654,30.38,355,16.49,532,24.71,194,9.01,46,2.14,4,.19,0,0
,,,,"00PB","Bridgend","W02000233","Bridgend 016",,,2307,80,3.47,734,31.82,721,31.25,309,13.39,331,14.35,111,4.81,20,.87,1,.04,0,0
,,,,"00PB","Bridgend","W02000234","Bridgend 017",,,3223,241,7.48,542,16.82,405,12.57,632,19.61,736,22.84,489,15.17,166,5.15,12,.37,0,0
,,,,"00PB","Bridgend","W02000235","Bridgend 018",,,4207,72,1.71,260,6.18,535,12.72,987,23.46,1441,34.25,537,12.76,354,8.41,21,.5,0,0
,,,,"00PB","Bridgend","W02000236","Bridgend 019",,,3187,183,5.74,367,11.52,591,18.54,865,27.14,839,26.33,208,6.53,116,3.64,18,.56,0,0
,,,,"00PD","The Vale of Glamorgan","W02000237","The Vale of Glamorgan 001",,,2203,37,1.68,35,1.59,124,5.63,295,13.39,551,25.01,524,23.79,568,25.78,69,3.13,0,0
,,,,"00PD","The Vale of Glamorgan","W02000238","The Vale of Glamorgan 002",,,2812,22,.78,44,1.56,129,4.59,417,14.83,518,18.42,508,18.07,1052,37.41,121,4.3,1,.04
,,,,"00PD","The Vale of Glamorgan","W02000239","The Vale of Glamorgan 003",,,2684,184,6.86,66,2.46,184,6.86,217,8.08,554,20.64,395,14.72,924,34.43,160,5.96,0,0
,,,,"00PD","The Vale of Glamorgan","W02000240","The Vale of Glamorgan 004",,,3712,71,1.91,197,5.31,910,24.52,1324,35.67,926,24.95,185,4.98,94,2.53,5,.13,0,0
,,,,"00PD","The Vale of Glamorgan","W02000241","The Vale of Glamorgan 005",,,4954,486,9.81,385,7.77,1145,23.11,956,19.3,953,19.24,398,8.03,576,11.63,54,1.09,1,.02
,,,,"00PD","The Vale of Glamorgan","W02000242","The Vale of Glamorgan 006",,,3310,15,.45,194,5.86,661,19.97,844,25.5,842,25.44,289,8.73,408,12.33,57,1.72,0,0
,,,,"00PD","The Vale of Glamorgan","W02000243","The Vale of Glamorgan 007",,,3716,373,10.04,1683,45.29,826,22.23,535,14.4,272,7.32,16,.43,9,.24,2,.05,0,0
,,,,"00PD","The Vale of Glamorgan","W02000244","The Vale of Glamorgan 008",,,3908,175,4.48,212,5.42,415,10.62,903,23.11,544,13.92,752,19.24,845,21.62,62,1.59,0,0
,,,,"00PD","The Vale of Glamorgan","W02000245","The Vale of Glamorgan 009",,,3352,444,13.25,1053,31.41,856,25.54,304,9.07,553,16.5,138,4.12,3,.09,0,0,1,.03
,,,,"00PD","The Vale of Glamorgan","W02000246","The Vale of Glamorgan 010",,,2397,4,.17,58,2.42,303,12.64,807,33.67,858,35.79,286,11.93,79,3.3,2,.08,0,0
,,,,"00PD","The Vale of Glamorgan","W02000247","The Vale of Glamorgan 011",,,3656,123,3.36,445,12.17,935,25.57,764,20.9,799,21.85,387,10.59,187,5.11,14,.38,2,.05
,,,,"00PD","The Vale of Glamorgan","W02000248","The Vale of Glamorgan 012",,,4536,575,12.68,2373,52.31,1227,27.05,281,6.19,55,1.21,11,.24,14,.31,0,0,0,0
,,,,"00PD","The Vale of Glamorgan","W02000249","The Vale of Glamorgan 013",,,3998,470,11.76,1459,36.49,1271,31.79,490,12.26,252,6.3,27,.68,24,.6,4,.1,1,.03
,,,,"00PD","The Vale of Glamorgan","W02000250","The Vale of Glamorgan 014",,,4206,113,2.69,1047,24.89,1038,24.68,628,14.93,799,19,294,6.99,269,6.4,17,.4,1,.02
,,,,"00PD","The Vale of Glamorgan","W02000251","The Vale of Glamorgan 015",,,3545,234,6.6,1128,31.82,770,21.72,402,11.34,547,15.43,203,5.73,246,6.94,15,.42,0,0
,,,,"00PF","Rhondda, Cynon, Taff","W02000252","Rhondda, Cynon, Taff 001",,,3951,2524,63.88,435,11.01,481,12.17,298,7.54,187,4.73,25,.63,1,.03,0,0,0,0
,,,,"00PF","Rhondda, Cynon, Taff","W02000253","Rhondda, Cynon, Taff 002",,,2883,1438,49.88,676,23.45,300,10.41,198,6.87,193,6.69,53,1.84,25,.87,0,0,0,0
,,,,"00PF","Rhondda, Cynon, Taff","W02000254","Rhondda, Cynon, Taff 003",,,3507,1271,36.24,858,24.47,298,8.5,550,15.68,396,11.29,115,3.28,18,.51,0,0,1,.03
,,,,"00PF","Rhondda, Cynon, Taff","W02000255","Rhondda, Cynon, Taff 004",,,2690,1123,41.75,424,15.76,332,12.34,492,18.29,232,8.62,65,2.42,22,.82,0,0,0,0
,,,,"00PF","Rhondda, Cynon, Taff","W02000256","Rhondda, Cynon, Taff 005",,,4625,3068,66.34,1158,25.04,179,3.87,123,2.66,78,1.69,12,.26,7,.15,0,0,0,0
,,,,"00PF","Rhondda, Cynon, Taff","W02000257","Rhondda, Cynon, Taff 006",,,3437,2250,65.46,490,14.26,383,11.14,171,4.98,124,3.61,14,.41,5,.15,0,0,0,0
,,,,"00PF","Rhondda, Cynon, Taff","W02000258","Rhondda, Cynon, Taff 007",,,2764,1958,70.84,675,24.42,82,2.97,24,.87,16,.58,6,.22,1,.04,2,.07,0,0
,,,,"00PF","Rhondda, Cynon, Taff","W02000259","Rhondda, Cynon, Taff 008",,,2725,2473,90.75,197,7.23,28,1.03,18,.66,5,.18,1,.04,3,.11,0,0,0,0
,,,,"00PF","Rhondda, Cynon, Taff","W02000260","Rhondda, Cynon, Taff 009",,,2903,1976,68.07,763,26.28,103,3.55,38,1.31,22,.76,0,0,0,0,1,.03,0,0
,,,,"00PF","Rhondda, Cynon, Taff","W02000261","Rhondda, Cynon, Taff 010",,,3577,1465,40.96,1395,39,437,12.22,117,3.27,136,3.8,20,.56,6,.17,1,.03,0,0
,,,,"00PF","Rhondda, Cynon, Taff","W02000262","Rhondda, Cynon, Taff 011",,,2508,1106,44.1,1036,41.31,122,4.86,102,4.07,119,4.74,16,.64,2,.08,1,.04,4,.16
,,,,"00PF","Rhondda, Cynon, Taff","W02000263","Rhondda, Cynon, Taff 012",,,2771,1780,64.24,640,23.1,131,4.73,81,2.92,111,4.01,26,.94,2,.07,0,0,0,0
,,,,"00PF","Rhondda, Cynon, Taff","W02000264","Rhondda, Cynon, Taff 013",,,2963,2255,76.11,599,20.22,81,2.73,13,.44,10,.34,4,.13,0,0,0,0,1,.03
,,,,"00PF","Rhondda, Cynon, Taff","W02000265","Rhondda, Cynon, Taff 014",,,4238,2788,65.79,1080,25.48,193,4.55,75,1.77,76,1.79,19,.45,2,.05,5,.12,0,0
,,,,"00PF","Rhondda, Cynon, Taff","W02000266","Rhondda, Cynon, Taff 015",,,3295,1855,56.3,570,17.3,362,10.99,267,8.1,193,5.86,36,1.09,12,.36,0,0,0,0
,,,,"00PF","Rhondda, Cynon, Taff","W02000267","Rhondda, Cynon, Taff 016",,,2883,2204,76.45,513,17.79,87,3.02,40,1.39,29,1.01,8,.28,0,0,2,.07,0,0
,,,,"00PF","Rhondda, Cynon, Taff","W02000268","Rhondda, Cynon, Taff 017",,,4225,2576,60.97,1035,24.5,345,8.17,120,2.84,111,2.63,37,.88,1,.02,0,0,0,0
,,,,"00PF","Rhondda, Cynon, Taff","W02000269","Rhondda, Cynon, Taff 018",,,3832,2358,61.53,1053,27.48,199,5.19,99,2.58,105,2.74,13,.34,3,.08,2,.05,0,0
,,,,"00PF","Rhondda, Cynon, Taff","W02000270","Rhondda, Cynon, Taff 019",,,2979,980,32.9,1102,36.99,433,14.54,269,9.03,152,5.1,34,1.14,7,.23,2,.07,0,0
,,,,"00PF","Rhondda, Cynon, Taff","W02000271","Rhondda, Cynon, Taff 020",,,2677,1855,69.29,447,16.7,227,8.48,62,2.32,83,3.1,3,.11,0,0,0,0,0,0
,,,,"00PF","Rhondda, Cynon, Taff","W02000272","Rhondda, Cynon, Taff 021",,,4502,1416,31.45,1511,33.56,618,13.73,546,12.13,315,7,74,1.64,20,.44,2,.04,0,0
,,,,"00PF","Rhondda, Cynon, Taff","W02000273","Rhondda, Cynon, Taff 022",,,3957,1430,36.14,1727,43.64,426,10.77,245,6.19,78,1.97,33,.83,15,.38,3,.08,0,0
,,,,"00PF","Rhondda, Cynon, Taff","W02000274","Rhondda, Cynon, Taff 023",,,3605,1571,43.58,1151,31.93,348,9.65,206,5.71,302,8.38,24,.67,2,.06,1,.03,0,0
,,,,"00PF","Rhondda, Cynon, Taff","W02000275","Rhondda, Cynon, Taff 024",,,2440,811,33.24,766,31.39,511,20.94,193,7.91,96,3.93,53,2.17,10,.41,0,0,0,0
,,,,"00PF","Rhondda, Cynon, Taff","W02000276","Rhondda, Cynon, Taff 025",,,2567,211,8.22,521,20.3,403,15.7,951,37.05,275,10.71,170,6.62,33,1.29,3,.12,0,0
,,,,"00PF","Rhondda, Cynon, Taff","W02000277","Rhondda, Cynon, Taff 026",,,3097,720,23.25,920,29.71,779,25.15,395,12.75,206,6.65,58,1.87,15,.48,4,.13,0,0
,,,,"00PF","Rhondda, Cynon, Taff","W02000278","Rhondda, Cynon, Taff 027",,,3227,64,1.98,340,10.54,1139,35.3,431,13.36,782,24.23,296,9.17,170,5.27,4,.12,1,.03
,,,,"00PF","Rhondda, Cynon, Taff","W02000279","Rhondda, Cynon, Taff 028",,,3296,237,7.19,1361,41.29,1071,32.49,224,6.8,296,8.98,86,2.61,20,.61,0,0,1,.03
,,,,"00PF","Rhondda, Cynon, Taff","W02000280","Rhondda, Cynon, Taff 029",,,2874,393,13.67,943,32.81,860,29.92,215,7.48,345,12,103,3.58,11,.38,4,.14,0,0
,,,,"00PF","Rhondda, Cynon, Taff","W02000281","Rhondda, Cynon, Taff 030",,,2893,380,13.14,439,15.17,726,25.1,601,20.77,389,13.45,273,9.44,81,2.8,4,.14,0,0
,,,,"00PF","Rhondda, Cynon, Taff","W02000282","Rhondda, Cynon, Taff 031",,,3967,218,5.5,666,16.79,941,23.72,770,19.41,588,14.82,433,10.92,328,8.27,23,.58,0,0
,,,,"00PH","Merthyr Tydfil","W02000283","Merthyr Tydfil 001",,,3977,3200,80.46,385,9.68,112,2.82,63,1.58,148,3.72,50,1.26,17,.43,2,.05,0,0
,,,,"00PH","Merthyr Tydfil","W02000284","Merthyr Tydfil 002",,,4341,2090,48.15,1616,37.23,197,4.54,195,4.49,206,4.75,34,.78,2,.05,1,.02,0,0
,,,,"00PH","Merthyr Tydfil","W02000285","Merthyr Tydfil 003",,,3386,701,20.7,884,26.11,543,16.04,748,22.09,377,11.13,111,3.28,21,.62,1,.03,0,0
,,,,"00PH","Merthyr Tydfil","W02000286","Merthyr Tydfil 004",,,3102,1915,61.73,748,24.11,222,7.16,126,4.06,79,2.55,4,.13,6,.19,2,.06,0,0
,,,,"00PH","Merthyr Tydfil","W02000287","Merthyr Tydfil 005",,,3109,1400,45.03,1080,34.74,269,8.65,272,8.75,59,1.9,29,.93,0,0,0,0,0,0
,,,,"00PH","Merthyr Tydfil","W02000288","Merthyr Tydfil 006",,,3871,2944,76.05,638,16.48,131,3.38,110,2.84,44,1.14,1,.03,3,.08,0,0,0,0
,,,,"00PH","Merthyr Tydfil","W02000289","Merthyr Tydfil 007",,,3503,1981,56.55,572,16.33,276,7.88,237,6.77,324,9.25,98,2.8,15,.43,0,0,0,0
,,,,"00PK","Caerphilly","W02000290","Caerphilly 001",,,4009,2721,67.87,927,23.12,161,4.02,104,2.59,75,1.87,16,.4,4,.1,1,.02,0,0
,,,,"00PK","Caerphilly","W02000291","Caerphilly 002",,,3286,2639,80.31,417,12.69,89,2.71,67,2.04,70,2.13,2,.06,2,.06,0,0,0,0
,,,,"00PK","Caerphilly","W02000292","Caerphilly 003",,,2481,1183,47.68,969,39.06,130,5.24,140,5.64,46,1.85,8,.32,4,.16,1,.04,0,0
,,,,"00PK","Caerphilly","W02000293","Caerphilly 004",,,2751,841,30.57,1482,53.87,256,9.31,70,2.54,66,2.4,31,1.13,4,.15,1,.04,0,0
,,,,"00PK","Caerphilly","W02000294","Caerphilly 005",,,2488,241,9.69,1171,47.07,335,13.46,306,12.3,254,10.21,151,6.07,29,1.17,1,.04,0,0
,,,,"00PK","Caerphilly","W02000295","Caerphilly 006",,,3586,800,22.31,1603,44.7,497,13.86,166,4.63,322,8.98,173,4.82,21,.59,3,.08,1,.03
,,,,"00PK","Caerphilly","W02000296","Caerphilly 007",,,3179,521,16.39,1666,52.41,578,18.18,232,7.3,119,3.74,51,1.6,11,.35,1,.03,0,0
,,,,"00PK","Caerphilly","W02000297","Caerphilly 008",,,3099,638,20.59,1193,38.5,586,18.91,353,11.39,224,7.23,83,2.68,20,.65,2,.06,0,0
,,,,"00PK","Caerphilly","W02000298","Caerphilly 009",,,2725,130,4.77,1050,38.53,800,29.36,282,10.35,283,10.39,157,5.76,20,.73,3,.11,0,0
,,,,"00PK","Caerphilly","W02000299","Caerphilly 010",,,2708,809,29.87,1141,42.13,352,13,159,5.87,164,6.06,57,2.1,23,.85,2,.07,1,.04
,,,,"00PK","Caerphilly","W02000300","Caerphilly 011",,,3428,622,18.14,1423,41.51,507,14.79,500,14.59,245,7.15,113,3.3,16,.47,2,.06,0,0
,,,,"00PK","Caerphilly","W02000301","Caerphilly 012",,,2880,499,17.33,1403,48.72,494,17.15,212,7.36,158,5.49,89,3.09,21,.73,4,.14,0,0
,,,,"00PK","Caerphilly","W02000302","Caerphilly 013",,,3835,853,22.24,788,20.55,1000,26.08,700,18.25,382,9.96,97,2.53,13,.34,2,.05,0,0
,,,,"00PK","Caerphilly","W02000303","Caerphilly 014",,,2815,411,14.6,1996,70.91,252,8.95,73,2.59,58,2.06,25,.89,0,0,0,0,0,0
,,,,"00PK","Caerphilly","W02000304","Caerphilly 015",,,2413,482,19.98,1671,69.25,143,5.93,48,1.99,45,1.86,18,.75,4,.17,2,.08,0,0
,,,,"00PK","Caerphilly","W02000305","Caerphilly 016",,,2691,322,11.97,1555,57.79,435,16.16,285,10.59,66,2.45,19,.71,7,.26,1,.04,1,.04
,,,,"00PK","Caerphilly","W02000306","Caerphilly 017",,,2405,332,13.8,1468,61.04,363,15.09,139,5.78,70,2.91,26,1.08,6,.25,1,.04,0,0
,,,,"00PK","Caerphilly","W02000307","Caerphilly 018",,,2820,1313,46.56,1116,39.57,157,5.57,110,3.9,96,3.4,24,.85,4,.14,0,0,0,0
,,,,"00PK","Caerphilly","W02000308","Caerphilly 019",,,3692,754,20.42,1287,34.86,829,22.45,396,10.73,318,8.61,97,2.63,10,.27,1,.03,0,0
,,,,"00PK","Caerphilly","W02000309","Caerphilly 020",,,2850,553,19.4,1084,38.04,607,21.3,247,8.67,178,6.25,158,5.54,23,.81,0,0,0,0
,,,,"00PK","Caerphilly","W02000310","Caerphilly 021",,,2230,656,29.42,361,16.19,399,17.89,228,10.22,213,9.55,188,8.43,130,5.83,54,2.42,1,.04
,,,,"00PK","Caerphilly","W02000311","Caerphilly 022",,,4034,1005,24.91,987,24.47,1359,33.69,363,9,239,5.92,70,1.74,10,.25,1,.02,0,0
,,,,"00PK","Caerphilly","W02000312","Caerphilly 023",,,3105,311,10.02,1131,36.43,1033,33.27,340,10.95,206,6.63,46,1.48,37,1.19,1,.03,0,0
,,,,"00PK","Caerphilly","W02000313","Caerphilly 024",,,3727,101,2.71,640,17.17,977,26.21,798,21.41,622,16.69,508,13.63,80,2.15,1,.03,0,0
,,,,"00PL","Blaenau Gwent","W02000314","Blaenau Gwent 001",,,3110,1345,43.25,703,22.6,513,16.5,364,11.7,167,5.37,15,.48,2,.06,1,.03,0,0
,,,,"00PL","Blaenau Gwent","W02000315","Blaenau Gwent 002",,,2531,962,38.01,915,36.15,423,16.71,160,6.32,57,2.25,7,.28,2,.08,5,.2,0,0
,,,,"00PL","Blaenau Gwent","W02000316","Blaenau Gwent 003",,,3119,937,30.04,1322,42.39,399,12.79,274,8.78,162,5.19,22,.71,1,.03,2,.06,0,0
,,,,"00PL","Blaenau Gwent","W02000317","Blaenau Gwent 004",,,3326,1605,48.26,1208,36.32,308,9.26,112,3.37,70,2.1,21,.63,0,0,2,.06,0,0
,,,,"00PL","Blaenau Gwent","W02000318","Blaenau Gwent 005",,,3888,2316,59.57,1074,27.62,338,8.69,98,2.52,51,1.31,8,.21,0,0,3,.08,0,0
,,,,"00PL","Blaenau Gwent","W02000319","Blaenau Gwent 006",,,3796,1743,45.92,1276,33.61,470,12.38,179,4.72,111,2.92,14,.37,1,.03,2,.05,0,0
,,,,"00PL","Blaenau Gwent","W02000320","Blaenau Gwent 007",,,3946,2689,68.14,705,17.87,202,5.12,168,4.26,144,3.65,31,.79,4,.1,3,.08,0,0
,,,,"00PL","Blaenau Gwent","W02000321","Blaenau Gwent 008",,,4249,3011,70.86,889,20.92,163,3.84,97,2.28,83,1.95,5,.12,0,0,1,.02,0,0
,,,,"00PL","Blaenau Gwent","W02000322","Blaenau Gwent 009",,,3504,2871,81.93,430,12.27,89,2.54,59,1.68,51,1.46,3,.09,1,.03,0,0,0,0
,,,,"00PM","Torfaen","W02000323","Torfaen 001",,,2772,1927,69.52,519,18.72,129,4.65,137,4.94,52,1.88,5,.18,1,.04,2,.07,0,0
,,,,"00PM","Torfaen","W02000324","Torfaen 002",,,2920,1101,37.71,1029,35.24,391,13.39,241,8.25,128,4.38,20,.68,9,.31,1,.03,0,0
,,,,"00PM","Torfaen","W02000325","Torfaen 003",,,3058,1293,42.28,1206,39.44,264,8.63,156,5.1,90,2.94,36,1.18,11,.36,2,.07,0,0
,,,,"00PM","Torfaen","W02000326","Torfaen 004",,,4013,976,24.32,1734,43.21,771,19.21,341,8.5,150,3.74,27,.67,10,.25,3,.07,1,.02
,,,,"00PM","Torfaen","W02000327","Torfaen 005",,,2680,103,3.84,280,10.45,807,30.11,780,29.1,558,20.82,122,4.55,25,.93,5,.19,0,0
,,,,"00PM","Torfaen","W02000328","Torfaen 006",,,2975,287,9.65,858,28.84,1096,36.84,346,11.63,255,8.57,108,3.63,22,.74,3,.1,0,0
,,,,"00PM","Torfaen","W02000329","Torfaen 007",,,3164,470,14.85,1039,32.84,1062,33.57,350,11.06,199,6.29,37,1.17,6,.19,1,.03,0,0
,,,,"00PM","Torfaen","W02000330","Torfaen 008",,,3394,246,7.25,295,8.69,2045,60.25,243,7.16,433,12.76,112,3.3,19,.56,1,.03,0,0
,,,,"00PM","Torfaen","W02000331","Torfaen 009",,,2880,335,11.63,2428,84.31,79,2.74,6,.21,13,.45,6,.21,12,.42,1,.03,0,0
,,,,"00PM","Torfaen","W02000332","Torfaen 010",,,3232,727,22.49,2074,64.17,298,9.22,72,2.23,38,1.18,19,.59,1,.03,3,.09,0,0
,,,,"00PM","Torfaen","W02000333","Torfaen 011",,,2710,166,6.13,1221,45.06,397,14.65,427,15.76,366,13.51,74,2.73,58,2.14,1,.04,0,0
,,,,"00PM","Torfaen","W02000334","Torfaen 012",,,2767,176,6.36,687,24.83,718,25.95,256,9.25,489,17.67,359,12.97,82,2.96,0,0,0,0
,,,,"00PM","Torfaen","W02000335","Torfaen 013",,,2475,163,6.59,305,12.32,833,33.66,353,14.26,341,13.78,265,10.71,206,8.32,9,.36,0,0
,,,,"00PP","Monmouthshire","W02000336","Monmouthshire 001",,,3754,128,3.41,291,7.75,515,13.72,846,22.54,878,23.39,618,16.46,446,11.88,32,.85,0,0
,,,,"00PP","Monmouthshire","W02000337","Monmouthshire 002",,,3284,143,4.35,754,22.96,849,25.85,862,26.25,407,12.39,197,6,67,2.04,5,.15,0,0
,,,,"00PP","Monmouthshire","W02000338","Monmouthshire 003",,,3213,197,6.13,281,8.75,439,13.66,663,20.63,922,28.7,444,13.82,249,7.75,18,.56,0,0
,,,,"00PP","Monmouthshire","W02000339","Monmouthshire 004",,,4266,237,5.56,482,11.3,1180,27.66,734,17.21,726,17.02,446,10.45,435,10.2,26,.61,0,0
,,,,"00PP","Monmouthshire","W02000340","Monmouthshire 005",,,2956,68,2.3,104,3.52,292,9.88,494,16.71,605,20.47,697,23.58,622,21.04,74,2.5,0,0
,,,,"00PP","Monmouthshire","W02000341","Monmouthshire 006",,,3222,69,2.14,178,5.52,384,11.92,678,21.04,753,23.37,511,15.86,600,18.62,49,1.52,0,0
,,,,"00PP","Monmouthshire","W02000342","Monmouthshire 007",,,3517,39,1.11,74,2.1,219,6.23,356,10.12,754,21.44,946,26.9,1053,29.94,75,2.13,1,.03
,,,,"00PP","Monmouthshire","W02000343","Monmouthshire 008",,,3708,68,1.83,447,12.06,1921,51.81,753,20.31,296,7.98,145,3.91,75,2.02,3,.08,0,0
,,,,"00PP","Monmouthshire","W02000344","Monmouthshire 009",,,2877,22,.76,290,10.08,249,8.65,522,18.14,529,18.39,719,24.99,480,16.68,66,2.29,0,0
,,,,"00PP","Monmouthshire","W02000345","Monmouthshire 010",,,3475,20,.58,538,15.48,1774,51.05,605,17.41,417,12,111,3.19,9,.26,1,.03,0,0
,,,,"00PP","Monmouthshire","W02000346","Monmouthshire 011",,,3155,85,2.69,209,6.62,676,21.43,450,14.26,878,27.83,701,22.22,156,4.94,0,0,0,0
,,,,"00PR","Newport","W02000347","Newport 001",,,3528,289,8.19,231,6.55,568,16.1,1171,33.19,643,18.23,375,10.63,227,6.43,24,.68,0,0
,,,,"00PR","Newport","W02000348","Newport 002",,,3396,293,8.63,747,22,1028,30.27,997,29.36,251,7.39,60,1.77,17,.5,3,.09,0,0
,,,,"00PR","Newport","W02000349","Newport 003",,,3578,1122,31.36,2258,63.11,120,3.35,37,1.03,24,.67,10,.28,4,.11,3,.08,0,0
,,,,"00PR","Newport","W02000350","Newport 004",,,2950,60,2.03,744,25.22,188,6.37,165,5.59,452,15.32,567,19.22,703,23.83,70,2.37,1,.03
,,,,"00PR","Newport","W02000351","Newport 005",,,2742,525,19.15,861,31.4,380,13.86,693,25.27,180,6.56,70,2.55,30,1.09,3,.11,0,0
,,,,"00PR","Newport","W02000352","Newport 006",,,3158,513,16.24,1485,47.02,929,29.42,157,4.97,53,1.68,16,.51,4,.13,1,.03,0,0
,,,,"00PR","Newport","W02000353","Newport 007",,,2978,196,6.58,754,25.32,1201,40.33,690,23.17,132,4.43,5,.17,0,0,0,0,0,0
,,,,"00PR","Newport","W02000354","Newport 008",,,2449,321,13.11,413,16.86,420,17.15,875,35.73,339,13.84,61,2.49,18,.73,2,.08,0,0
,,,,"00PR","Newport","W02000355","Newport 009",,,3093,53,1.71,321,10.38,659,21.31,526,17.01,655,21.18,605,19.56,268,8.66,6,.19,0,0
,,,,"00PR","Newport","W02000356","Newport 010",,,2390,739,30.92,1552,64.94,6,.25,31,1.3,58,2.43,3,.13,0,0,1,.04,0,0
,,,,"00PR","Newport","W02000357","Newport 011",,,3431,466,13.58,1104,32.18,1259,36.69,474,13.82,100,2.91,18,.52,7,.2,3,.09,0,0
,,,,"00PR","Newport","W02000358","Newport 012",,,2456,194,7.9,97,3.95,172,7,490,19.95,837,34.08,405,16.49,248,10.1,13,.53,0,0
,,,,"00PR","Newport","W02000359","Newport 013",,,3311,394,11.9,1887,56.99,907,27.39,115,3.47,8,.24,0,0,0,0,0,0,0,0
,,,,"00PR","Newport","W02000360","Newport 014",,,2963,827,27.91,1024,34.56,417,14.07,376,12.69,265,8.94,21,.71,23,.78,10,.34,0,0
,,,,"00PR","Newport","W02000361","Newport 015",,,4198,301,7.17,1322,31.49,1418,33.78,1033,24.61,80,1.91,28,.67,12,.29,4,.1,0,0
,,,,"00PR","Newport","W02000362","Newport 016",,,2553,154,6.03,478,18.72,379,14.85,648,25.38,456,17.86,231,9.05,190,7.44,17,.67,0,0
,,,,"00PR","Newport","W02000363","Newport 017",,,2748,437,15.9,444,16.16,1071,38.97,561,20.41,177,6.44,19,.69,29,1.06,10,.36,0,0
,,,,"00PR","Newport","W02000364","Newport 018",,,2655,1143,43.05,1282,48.29,225,8.47,2,.08,1,.04,0,0,1,.04,1,.04,0,0
,,,,"00PR","Newport","W02000365","Newport 019",,,2578,277,10.74,1448,56.17,420,16.29,237,9.19,146,5.66,47,1.82,2,.08,1,.04,0,0
,,,,"00PR","Newport","W02000366","Newport 020",,,2253,190,8.43,101,4.48,208,9.23,231,10.25,588,26.1,591,26.23,301,13.36,43,1.91,0,0
,,,,"00PT","Cardiff","W02000367","Cardiff 001",,,2426,7,.29,21,.87,383,15.79,214,8.82,162,6.68,405,16.69,1057,43.57,177,7.3,0,0
,,,,"00PT","Cardiff","W02000368","Cardiff 002",,,2322,16,.69,70,3.01,701,30.19,602,25.93,381,16.41,285,12.27,267,11.5,0,0,0,0
,,,,"00PT","Cardiff","W02000369","Cardiff 003",,,2708,6,.22,122,4.51,533,19.68,591,21.82,822,30.35,507,18.72,116,4.28,11,.41,0,0
,,,,"00PT","Cardiff","W02000370","Cardiff 004",,,2942,3,.1,8,.27,455,15.47,233,7.92,1613,54.83,392,13.32,230,7.82,8,.27,0,0
,,,,"00PT","Cardiff","W02000371","Cardiff 005",,,3336,206,6.18,395,11.84,1406,42.15,356,10.67,511,15.32,291,8.72,166,4.98,5,.15,0,0
,,,,"00PT","Cardiff","W02000372","Cardiff 006",,,2491,31,1.24,72,2.89,302,12.12,271,10.88,582,23.36,618,24.81,595,23.89,20,.8,0,0
,,,,"00PT","Cardiff","W02000373","Cardiff 007",,,2698,142,5.26,1334,49.44,477,17.68,335,12.42,159,5.89,181,6.71,68,2.52,2,.07,0,0
,,,,"00PT","Cardiff","W02000374","Cardiff 008",,,2329,10,.43,7,.3,193,8.29,337,14.47,698,29.97,285,12.24,709,30.44,90,3.86,0,0
,,,,"00PT","Cardiff","W02000375","Cardiff 009",,,2420,224,9.26,804,33.22,794,32.81,517,21.36,62,2.56,18,.74,1,.04,0,0,0,0
,,,,"00PT","Cardiff","W02000376","Cardiff 010",,,2898,253,8.73,336,11.59,497,17.15,775,26.74,647,22.33,205,7.07,164,5.66,21,.72,0,0
,,,,"00PT","Cardiff","W02000377","Cardiff 011",,,2646,72,2.72,243,9.18,952,35.98,807,30.5,444,16.78,69,2.61,57,2.15,2,.08,0,0
,,,,"00PT","Cardiff","W02000378","Cardiff 012",,,2742,1,.04,108,3.94,180,6.56,612,22.32,1427,52.04,265,9.66,139,5.07,10,.36,0,0
,,,,"00PT","Cardiff","W02000379","Cardiff 013",,,2434,298,12.24,761,31.27,1019,41.87,183,7.52,135,5.55,37,1.52,1,.04,0,0,0,0
,,,,"00PT","Cardiff","W02000380","Cardiff 014",,,2728,16,.59,127,4.66,293,10.74,335,12.28,753,27.6,544,19.94,621,22.76,39,1.43,0,0
,,,,"00PT","Cardiff","W02000381","Cardiff 015",,,2851,153,5.37,1161,40.72,1012,35.5,356,12.49,156,5.47,11,.39,2,.07,0,0,0,0
,,,,"00PT","Cardiff","W02000382","Cardiff 016",,,2283,287,12.57,932,40.82,714,31.27,299,13.1,41,1.8,7,.31,1,.04,2,.09,0,0
,,,,"00PT","Cardiff","W02000383","Cardiff 017",,,3058,634,20.73,1489,48.69,628,20.54,305,9.97,1,.03,0,0,0,0,1,.03,0,0
,,,,"00PT","Cardiff","W02000384","Cardiff 018",,,2248,4,.18,6,.27,139,6.18,154,6.85,1631,72.55,226,10.05,80,3.56,8,.36,0,0
,,,,"00PT","Cardiff","W02000385","Cardiff 019",,,2517,71,2.82,30,1.19,89,3.54,327,12.99,776,30.83,612,24.31,555,22.05,57,2.26,0,0
,,,,"00PT","Cardiff","W02000386","Cardiff 020",,,3429,55,1.6,214,6.24,332,9.68,957,27.91,1349,39.34,242,7.06,271,7.9,9,.26,0,0
,,,,"00PT","Cardiff","W02000387","Cardiff 021",,,2378,9,.38,82,3.45,230,9.67,846,35.58,1114,46.85,83,3.49,14,.59,0,0,0,0
,,,,"00PT","Cardiff","W02000388","Cardiff 022",,,2446,109,4.46,559,22.85,252,10.3,1204,49.22,278,11.37,34,1.39,7,.29,3,.12,0,0
,,,,"00PT","Cardiff","W02000389","Cardiff 023",,,3498,106,3.03,528,15.09,2079,59.43,612,17.5,152,4.35,18,.51,3,.09,0,0,0,0
,,,,"00PT","Cardiff","W02000390","Cardiff 024",,,2469,22,.89,80,3.24,126,5.1,429,17.38,809,32.77,433,17.54,514,20.82,56,2.27,0,0
,,,,"00PT","Cardiff","W02000391","Cardiff 025",,,2646,59,2.23,205,7.75,844,31.9,1521,57.48,12,.45,1,.04,4,.15,0,0,0,0
,,,,"00PT","Cardiff","W02000392","Cardiff 026",,,3868,57,1.47,195,5.04,552,14.27,881,22.78,931,24.07,610,15.77,594,15.36,48,1.24,0,0
,,,,"00PT","Cardiff","W02000393","Cardiff 027",,,3010,225,7.48,675,22.43,1775,58.97,121,4.02,180,5.98,21,.7,9,.3,4,.13,0,0
,,,,"00PT","Cardiff","W02000394","Cardiff 028",,,2784,92,3.3,302,10.85,1519,54.56,793,28.48,60,2.16,7,.25,9,.32,2,.07,0,0
,,,,"00PT","Cardiff","W02000395","Cardiff 029",,,2478,152,6.13,250,10.09,338,13.64,396,15.98,1134,45.76,167,6.74,38,1.53,3,.12,0,0
,,,,"00PT","Cardiff","W02000396","Cardiff 030",,,2894,149,5.15,223,7.71,2043,70.59,169,5.84,259,8.95,45,1.55,5,.17,1,.03,0,0
,,,,"00PT","Cardiff","W02000397","Cardiff 031",,,2958,289,9.77,584,19.74,1106,37.39,900,30.43,42,1.42,21,.71,14,.47,2,.07,0,0
,,,,"00PT","Cardiff","W02000398","Cardiff 032",,,2712,217,8,498,18.36,1037,38.24,646,23.82,168,6.19,87,3.21,51,1.88,8,.29,0,0
,,,,"00PT","Cardiff","W02000399","Cardiff 033",,,4217,665,15.77,1360,32.25,1461,34.65,251,5.95,403,9.56,57,1.35,13,.31,7,.17,0,0
,,,,"00PT","Cardiff","W02000400","Cardiff 034",,,3012,232,7.7,418,13.88,910,30.21,575,19.09,674,22.38,111,3.69,85,2.82,7,.23,0,0
,,,,"00PT","Cardiff","W02000401","Cardiff 035",,,2635,73,2.77,227,8.61,800,30.36,750,28.46,547,20.76,168,6.38,68,2.58,2,.08,0,0
,,,,"00PT","Cardiff","W02000402","Cardiff 036",,,3750,782,20.85,2398,63.95,441,11.76,77,2.05,38,1.01,7,.19,2,.05,5,.13,0,0
,,,,"00PT","Cardiff","W02000403","Cardiff 037",,,2671,184,6.89,685,25.65,1487,55.67,233,8.72,55,2.06,27,1.01,0,0,0,0,0,0
,,,,"00PT","Cardiff","W02000404","Cardiff 038",,,2761,189,6.85,1578,57.15,846,30.64,139,5.03,6,.22,1,.04,0,0,2,.07,0,0
,,,,"00PT","Cardiff","W02000405","Cardiff 039",,,3043,306,10.06,2655,87.25,80,2.63,1,.03,1,.03,0,0,0,0,0,0,0,0
,,,,"00PT","Cardiff","W02000406","Cardiff 040",,,3411,175,5.13,565,16.56,1666,48.84,701,20.55,243,7.12,54,1.58,4,.12,3,.09,0,0
,,,,"00PT","Cardiff","W02000407","Cardiff 041",,,2524,318,12.6,1308,51.82,679,26.9,134,5.31,61,2.42,21,.83,2,.08,1,.04,0,0
,,,,"00PT","Cardiff","W02000408","Cardiff 042",,,2876,911,31.68,851,29.59,935,32.51,128,4.45,48,1.67,1,.03,2,.07,0,0,0,0
,,,,"00PT","Cardiff","W02000409","Cardiff 043",,,2544,154,6.05,1232,48.43,388,15.25,435,17.1,249,9.79,71,2.79,8,.31,7,.28,0,0
,,,,"00PT","Cardiff","W02000410","Cardiff 044",,,2938,344,11.71,1427,48.57,676,23.01,472,16.07,14,.48,3,.1,1,.03,1,.03,0,0
,,,,"00PT","Cardiff","W02000411","Cardiff 045",,,2500,480,19.2,1117,44.68,626,25.04,153,6.12,89,3.56,27,1.08,7,.28,1,.04,0,0
,,,,"00PT","Cardiff","W02000412","Cardiff 046",,,2614,328,12.55,838,32.06,807,30.87,511,19.55,97,3.71,32,1.22,1,.04,0,0,0,0
,,,,"00PT","Cardiff","W02000413","Cardiff 047",,,4076,729,17.89,750,18.4,1382,33.91,429,10.53,495,12.14,233,5.72,52,1.28,6,.15,0,0