DATASET_TITLE,Method of Travel to Work - Resident Population (UV39),,,,,,FROM,Apr-2001,Apr-2001,Apr-2001,Apr-2001,Apr-2001,Apr-2001,Apr-2001,Apr-2001,Apr-2001,Apr-2001,Apr-2001,Apr-2001,Apr-2001
AREA_TYPE,Local Authority,,,,,,TO,Apr-2001,Apr-2001,Apr-2001,Apr-2001,Apr-2001,Apr-2001,Apr-2001,Apr-2001,Apr-2001,Apr-2001,Apr-2001,Apr-2001,Apr-2001
GEO_HIERARCHY,NeSS Geography Hierarchy,,,,,,HEADING,All People,Works mainly at or from home,"Underground, metro, light rail or tram",Train,"Bus, minibus or coach",Taxi or minicab,Driving a car or van,Passenger in a car or van,"Motorcycle, scooter or moped",Bicycle,On foot,Other,Not currently working
,,,,,,,MEASUREMENT_UNIT,Count,Count,Count,Count,Count,Count,Count,Count,Count,Count,Count,Count,Count
,,,,,,,STATISTICAL_UNIT,Persons,Persons,Persons,Persons,Persons,Persons,Persons,Persons,Persons,Persons,Persons,Persons,Persons
GOR_CODE,GOR_NAME,CTY_CODE,CTY_NAME,LA_CODE,LA_NAME,AREA_METADATA,,DATA_VALUE,DATA_VALUE,DATA_VALUE,DATA_VALUE,DATA_VALUE,DATA_VALUE,DATA_VALUE,DATA_VALUE,DATA_VALUE,DATA_VALUE,DATA_VALUE,DATA_VALUE,DATA_VALUE
,,,,"00NA","Isle of Anglesey",,,47971,3260,15,148,598,110,16442,2089,205,448,2610,242,21804
,,,,"00NC","Gwynedd",,,83690,6984,20,265,1924,179,26230,3467,237,741,6566,298,36779
,,,,"00NE","Conwy",,,76704,5605,29,331,1823,218,26391,3201,299,740,4742,352,32973
,,,,"00NG","Denbighshire",,,65203,4426,16,300,1011,257,23446,3205,232,697,4390,297,26926
,,,,"00NJ","Flintshire",,,107933,5415,40,419,2704,421,47456,5778,715,1189,4988,327,38481
,,,,"00NL","Wrexham",,,93268,4849,23,208,3149,396,36116,5671,494,908,4989,277,36188
,,,,"00NN","Powys",,,89686,11422,35,202,672,168,32126,3461,336,739,7379,385,32761
,,,,"00NQ","Ceredigion",,,55456,5789,20,97,798,95,16263,2082,163,309,3837,200,25803
,,,,"00NS","Pembrokeshire",,,80763,7377,41,169,1353,199,25793,3672,332,364,5190,407,35866
,,,,"00NU","Carmarthenshire",,,122863,9742,41,485,1704,257,41940,5641,482,716,6099,451,55305
,,,,"00NX","Swansea",,,161414,6655,62,450,6387,603,55159,8344,678,1024,8232,517,73303
,,,,"00NZ","Neath Port Talbot",,,96223,3301,36,485,2442,260,31985,5289,497,674,4794,288,46172
,,,,"00PB","Bridgend",,,92413,3702,27,596,2201,342,34224,5626,412,502,4972,261,39548
,,,,"00PD","The Vale of Glamorgan",,,83905,4409,48,2045,2278,266,32968,3975,514,980,4364,271,31787
,,,,"00PF","Rhondda, Cynon, Taff",,,165822,5612,31,2254,4942,218,54458,10898,553,449,8561,409,77437
,,,,"00PH","Merthyr Tydfil",,,39789,1225,4,220,1620,125,11868,2433,89,111,2125,67,19902
,,,,"00PK","Caerphilly",,,121174,4388,26,1806,3592,375,42288,7647,490,466,6008,209,53879
,,,,"00PL","Blaenau Gwent",,,49471,1445,3,75,1010,201,15507,3384,142,146,3135,85,24338
,,,,"00PM","Torfaen",,,64541,2267,23,255,1643,309,24201,3831,341,378,3483,121,27689
,,,,"00PP","Monmouthshire",,,60791,4948,24,469,651,141,24645,2551,367,474,3823,220,22478
,,,,"00PR","Newport",,,95912,3811,36,773,5554,286,34077,4982,534,820,5249,203,39587
,,,,"00PT","Cardiff",,,220355,8691,97,2567,14266,549,72780,9299,776,3514,17196,535,90085