DATASET_TITLE,"Pupil Absence in Schools by Gender in England (Referenced by Location of Pupil Residence), 2008/2009",,,,,,,,,,FROM,Sep-2008,Sep-2008,Sep-2008,Sep-2008,Sep-2008,Sep-2008,Sep-2008,Sep-2008,Sep-2008,Sep-2008,Sep-2008,Sep-2008,Sep-2008,Sep-2008,Sep-2008,Sep-2008,Sep-2008,Sep-2008,Sep-2008,Sep-2008,Sep-2008,Sep-2008,Sep-2008,Sep-2008,Sep-2008,Sep-2008,Sep-2008,Sep-2008,Sep-2008,Sep-2008,Sep-2008,Sep-2008,Sep-2008,Sep-2008,Sep-2008,Sep-2008,Sep-2008,Sep-2008,Sep-2008,Sep-2008,Sep-2008,Sep-2008,Sep-2008,Sep-2008,Sep-2008,Sep-2008,Sep-2008,Sep-2008,Sep-2008,Sep-2008,Sep-2008,Sep-2008,Sep-2008,Sep-2008
AREA_TYPE,Region,,,,,,,,,,TO,Aug-2009,Aug-2009,Aug-2009,Aug-2009,Aug-2009,Aug-2009,Aug-2009,Aug-2009,Aug-2009,Aug-2009,Aug-2009,Aug-2009,Aug-2009,Aug-2009,Aug-2009,Aug-2009,Aug-2009,Aug-2009,Aug-2009,Aug-2009,Aug-2009,Aug-2009,Aug-2009,Aug-2009,Aug-2009,Aug-2009,Aug-2009,Aug-2009,Aug-2009,Aug-2009,Aug-2009,Aug-2009,Aug-2009,Aug-2009,Aug-2009,Aug-2009,Aug-2009,Aug-2009,Aug-2009,Aug-2009,Aug-2009,Aug-2009,Aug-2009,Aug-2009,Aug-2009,Aug-2009,Aug-2009,Aug-2009,Aug-2009,Aug-2009,Aug-2009,Aug-2009,Aug-2009,Aug-2009
GEO_HIERARCHY,NeSS Geography Hierarchy,,,,,,,,,,HEADING,Enrolments in All Schools,Possible Pupil Sessions in All Schools,Overall Absence in All Schools,Authorised Absence in All Schools,Unauthorised Absence in All Schools,Persistent Absentees in All Schools,Enrolments of Boy Pupils in All Schools,Possible Pupil Sessions for Boy Pupils in All Schools,Overall Absence for Boy Pupils in All Schools,Authorised Absence for Boy Pupils in All Schools,Unauthorised Absence for Boy Pupils in All Schools,Persistent Absentees of Boy Pupils in All Schools,Enrolments of Girl Pupils in All Schools,Possible Pupil Sessions for Girl Pupils in All Schools,Overall Absence for Girl Pupils in All Schools,Authorised Absence for Girl Pupils in All Schools,Unauthorised Absence for Girl Pupils in All Schools,Persistent Absentees of Girl Pupils in All Schools,Enrolments in Maintained Primary Schools,Possible Pupil Sessions in Maintained Primary Schools,Overall Absence in Maintained Primary Schools,Authorised Absence in Maintained Primary Schools,Unauthorised Absence in Maintained Primary Schools,Persistent Absentees in Maintained Primary Schools,Enrolments of Boy Pupils in Maintained Primary Schools,Possible Pupil Sessions for Boy Pupils in Maintained Primary Schools,Overall Absence for Boy Pupils in Maintained Primary Schools,Authorised Absence for Boy Pupils in Maintained Primary Schools,Unauthorised Absence for Boy Pupils in Maintained Primary Schools,Persistent Absentees of Boy Pupils in Maintained Primary Schools,Enrolments of Girl Pupils in Maintained Primary Schools,Possible Pupil Sessions for Girl Pupils in Maintained Primary Schools,Overall Absence for Girl Pupils in Maintained Primary Schools,Authorised Absence for Girl Pupils in Maintained Primary Schools,Unauthorised Absence for Girl Pupils in Maintained Primary Schools,Persistent Absentees of Girl Pupils in Maintained Primary Schools,Enrolments in Maintained Secondary Schools,Possible Pupil Sessions in Maintained Secondary Schools,Overall Absence in Maintained Secondary Schools,Authorised Absence in Maintained Secondary Schools,Unauthorised Absence in Maintained Secondary Schools,Persistent Absentees in Maintained Secondary Schools,Enrolments of Boy Pupils in Maintained Secondary Schools,Possible Pupil Sessions for Boy Pupils in Maintained Secondary Schools,Overall Absence for Boy Pupils in Maintained Secondary Schools,Authorised Absence for Boy Pupils in Maintained Secondary Schools,Unauthorised Absence for Boy Pupils in Maintained Secondary Schools,Persistent Absentees of Boy Pupils in Maintained Secondary Schools,Enrolments of Girl Pupils in Maintained Secondary Schools,Possible Pupil Sessions for Girl Pupils in Maintained Secondary Schools,Overall Absence for Girl Pupils in Maintained Secondary Schools,Authorised Absence for Girl Pupils in Maintained Secondary Schools,Unauthorised Absence for Girl Pupils in Maintained Secondary Schools,Persistent Absentees of Girl Pupils in Maintained Secondary Schools
,,,,,,,,,,,MEASUREMENT_UNIT,Count,Count (thousands),Percentage,Percentage,Percentage,Percentage,Count,Count (thousands),Percentage,Percentage,Percentage,Percentage,Count,Count (thousands),Percentage,Percentage,Percentage,Percentage,Count,Count (thousands),Percentage,Percentage,Percentage,Percentage,Count,Count (thousands),Percentage,Percentage,Percentage,Percentage,Count,Count (thousands),Percentage,Percentage,Percentage,Percentage,Count,Count (thousands),Percentage,Percentage,Percentage,Percentage,Count,Count (thousands),Percentage,Percentage,Percentage,Percentage,Count,Count (thousands),Percentage,Percentage,Percentage,Percentage
,,,,,,,,,,,STATISTICAL_UNIT,Enrolments,Pupil Sessions,Pupil Half Days,Pupil Half Days,Pupil Half Days,Enrolments,Enrolments,Pupil Sessions,Pupil Half Days,Pupil Half Days,Pupil Half Days,Enrolments,Enrolments,Pupil Sessions,Pupil Half Days,Pupil Half Days,Pupil Half Days,Enrolments,Enrolments,Pupil Sessions,Pupil Half Days,Pupil Half Days,Pupil Half Days,Enrolments,Enrolments,Pupil Sessions,Pupil Half Days,Pupil Half Days,Pupil Half Days,Enrolments,Enrolments,Pupil Sessions,Pupil Half Days,Pupil Half Days,Pupil Half Days,Enrolments,Enrolments,Pupil Sessions,Pupil Half Days,Pupil Half Days,Pupil Half Days,Enrolments,Enrolments,Pupil Sessions,Pupil Half Days,Pupil Half Days,Pupil Half Days,Enrolments,Enrolments,Pupil Sessions,Pupil Half Days,Pupil Half Days,Pupil Half Days,Enrolments
UK_CODE,UK_NAME,GB_CODE,GB_NAME,EW_CODE,EW_NAME,CTRY_CODE,CTRY_NAME,GOR_CODE,GOR_NAME,AREA_METADATA,,DATA_VALUE,DATA_VALUE,DATA_VALUE,DATA_VALUE,DATA_VALUE,DATA_VALUE,DATA_VALUE,DATA_VALUE,DATA_VALUE,DATA_VALUE,DATA_VALUE,DATA_VALUE,DATA_VALUE,DATA_VALUE,DATA_VALUE,DATA_VALUE,DATA_VALUE,DATA_VALUE,DATA_VALUE,DATA_VALUE,DATA_VALUE,DATA_VALUE,DATA_VALUE,DATA_VALUE,DATA_VALUE,DATA_VALUE,DATA_VALUE,DATA_VALUE,DATA_VALUE,DATA_VALUE,DATA_VALUE,DATA_VALUE,DATA_VALUE,DATA_VALUE,DATA_VALUE,DATA_VALUE,DATA_VALUE,DATA_VALUE,DATA_VALUE,DATA_VALUE,DATA_VALUE,DATA_VALUE,DATA_VALUE,DATA_VALUE,DATA_VALUE,DATA_VALUE,DATA_VALUE,DATA_VALUE,DATA_VALUE,DATA_VALUE,DATA_VALUE,DATA_VALUE,DATA_VALUE,DATA_VALUE
"213","United Kingdom","078","Great Britain","727","England and Wales","064","England",,,,,6406803,1879213,6.27,5.21,1.05,3.3,3279002,961858,6.2,5.15,1.05,3.2,3127801,917355,6.33,5.28,1.06,3.3,3375257,986801,5.3,4.66,.64,1.5,1724228,504256,5.3,4.65,.65,1.6,1651029,482545,5.31,4.67,.64,1.5,2839991,838539,7.21,5.74,1.46,4.9,1438645,424895,7.03,5.6,1.43,4.7,1401346,413644,7.39,5.9,1.49,5.2
"213","United Kingdom","078","Great Britain","727","England and Wales","064","England","A","North East",,,313935,94311,6.37,5.44,.93,3.5,160934,48354,6.28,5.34,.94,3.4,153001,45957,6.47,5.54,.93,3.6,154433,46414,5.24,4.83,.41,1.4,79008,23759,5.2,4.8,.4,1.4,75425,22655,5.28,4.86,.42,1.4,147873,44465,7.26,5.95,1.31,5.1,74754,22487,7.04,5.73,1.3,4.7,73119,21977,7.49,6.17,1.32,5.4
"213","United Kingdom","078","Great Britain","727","England and Wales","064","England","B","North West",,,872056,263307,6.27,5.19,1.08,3.5,445433,134586,6.2,5.12,1.08,3.5,426623,128721,6.35,5.27,1.08,3.6,458494,138823,5.23,4.62,.6,1.7,233830,70839,5.22,4.6,.61,1.7,224664,67984,5.24,4.64,.59,1.7,390186,117725,7.31,5.74,1.57,5.3,197178,59563,7.11,5.58,1.53,5.1,193008,58162,7.52,5.91,1.61,5.6
"213","United Kingdom","078","Great Britain","727","England and Wales","064","England","D","Yorkshire and The Humber",,,646775,193717,6.43,5.2,1.23,3.7,331070,99183,6.37,5.13,1.24,3.7,315705,94533,6.49,5.28,1.21,3.7,339860,102093,5.38,4.7,.68,1.7,173577,52161,5.36,4.68,.68,1.8,166283,49932,5.39,4.72,.67,1.7,291068,86953,7.47,5.68,1.8,5.7,148128,44261,7.33,5.52,1.81,5.5,142940,42692,7.63,5.84,1.79,5.9
"213","United Kingdom","078","Great Britain","727","England and Wales","064","England","E","East Midlands",,,549458,163901,6.13,5.13,1.01,3.3,282221,84210,6.05,5.04,1,3.2,267237,79691,6.22,5.22,1.01,3.4,286213,85265,5.17,4.65,.52,1.6,146925,43794,5.15,4.62,.53,1.6,139288,41471,5.19,4.67,.52,1.6,247625,74055,7.11,5.59,1.52,5,126124,37726,6.92,5.42,1.5,4.7,121501,36329,7.31,5.77,1.53,5.3
"213","United Kingdom","078","Great Britain","727","England and Wales","064","England","F","West Midlands",,,704514,208783,6.43,5.38,1.05,3.4,360970,106987,6.4,5.35,1.05,3.4,343544,101796,6.46,5.41,1.05,3.3,365949,108396,5.58,4.88,.7,1.7,186869,55379,5.59,4.89,.7,1.8,179080,53017,5.56,4.88,.69,1.7,315964,93988,7.22,5.82,1.39,4.8,160439,47733,7.07,5.71,1.36,4.6,155525,46255,7.36,5.94,1.43,5
"213","United Kingdom","078","Great Britain","727","England and Wales","064","England","G","East of England",,,700337,209076,6.06,5.14,.92,3.1,358918,107142,5.98,5.06,.91,3,341419,101934,6.15,5.21,.94,3.1,352060,105155,5.08,4.51,.58,1.4,180246,53849,5.08,4.5,.58,1.5,171814,51307,5.09,4.51,.58,1.4,333200,99523,6.98,5.72,1.26,4.6,169576,50640,6.79,5.55,1.23,4.3,163624,48883,7.18,5.89,1.3,4.9
"213","United Kingdom","078","Great Britain","727","England and Wales","064","England","H","London",,,886477,260873,6.13,4.94,1.2,2.9,451811,132809,6.13,4.93,1.2,2.9,434666,128064,6.13,4.94,1.19,3,491752,144147,5.47,4.54,.93,1.6,250398,73349,5.5,4.56,.94,1.6,241354,70798,5.43,4.51,.92,1.6,352640,104572,6.81,5.33,1.48,4.3,176706,52331,6.73,5.26,1.47,4.1,175934,52241,6.9,5.41,1.49,4.5
"213","United Kingdom","078","Great Britain","727","England and Wales","064","England","J","South East",,,981118,291164,6.1,5.16,.94,3.2,502435,149140,6.02,5.1,.93,3.1,478683,142023,6.19,5.24,.95,3.2,521226,154710,5.02,4.5,.52,1.4,266299,79066,5,4.48,.52,1.4,254927,75644,5.04,4.52,.52,1.3,434152,129089,7.19,5.83,1.36,4.9,219486,65303,6.97,5.67,1.3,4.6,214666,63786,7.41,5.99,1.42,5.2
"213","United Kingdom","078","Great Britain","727","England and Wales","064","England","K","South West",,,602573,178156,6.07,5.27,.8,2.8,308276,91196,5.95,5.16,.79,2.7,294297,86961,6.2,5.38,.82,3,311728,91880,5.13,4.68,.46,1.3,159260,46971,5.1,4.64,.46,1.3,152468,44909,5.17,4.71,.45,1.2,278512,82760,6.97,5.84,1.13,4.4,141445,42064,6.71,5.63,1.08,4,137067,40696,7.24,6.06,1.17,4.8