DATASET_TITLE,"National Curriculum Assessments at Key Stage 2 by Gender in England, (Referenced by Location of Educational Institution), 2009",,,,,,,,,,FROM,Sep-2008,Sep-2008,Sep-2008,Sep-2008,Sep-2008,Sep-2008,Sep-2008,Sep-2008,Sep-2008,Sep-2008,Sep-2008,Sep-2008,Sep-2008,Sep-2008,Sep-2008,Sep-2008,Sep-2008,Sep-2008
AREA_TYPE,Region,,,,,,,,,,TO,Aug-2009,Aug-2009,Aug-2009,Aug-2009,Aug-2009,Aug-2009,Aug-2009,Aug-2009,Aug-2009,Aug-2009,Aug-2009,Aug-2009,Aug-2009,Aug-2009,Aug-2009,Aug-2009,Aug-2009,Aug-2009
GEO_HIERARCHY,NeSS Geography Hierarchy,,,,,,,,,,HEADING,Pupils Eligible for KS2 Assessment,Pupils Achieving Level 4+; in English,Pupils Achieving Level 4+; in Mathematics,Pupils Achieving Level 4+; in Science,Pupils Achieving Level 4+; in both English and Mathematics,Average Point Score of Pupils Eligible for KS2 Assessment,Boy Pupils Eligible for KS2 Assessment,Boy Pupils Achieving Level 4+; in English,Boy Pupils Achieving Level 4+; in Mathematics,Boy Pupils Achieving Level 4+; in Science,Boy Pupils Achieving  Level 4+; in both English and Mathematics,Average Point Score of Boy Pupils Eligible for KS2 Assessment,Girl Pupils Eligible for KS2 Assessment,Girl Pupils Achieving Level 4+; in English,Girl Pupils Achieving Level 4+; in Mathematics,Girl Pupils Achieving Level 4+; in Science,Girl Pupils Achieving Level 4+; in both English and Mathematics,Average Point Score of Girl Pupils Eligible for KS2 Assessment
,,,,,,,,,,,MEASUREMENT_UNIT,Count,Percentage,Percentage,Percentage,Percentage,Score,Count,Percentage,Percentage,Percentage,Percentage,Score,Count,Percentage,Percentage,Percentage,Percentage,Score
,,,,,,,,,,,STATISTICAL_UNIT,Persons,Persons,Persons,Persons,Persons,Persons,Persons,Persons,Persons,Persons,Persons,Persons,Persons,Persons,Persons,Persons,Persons,Persons
UK_CODE,UK_NAME,GB_CODE,GB_NAME,EW_CODE,EW_NAME,CTRY_CODE,CTRY_NAME,GOR_CODE,GOR_NAME,AREA_METADATA,,DATA_VALUE,DATA_VALUE,DATA_VALUE,DATA_VALUE,DATA_VALUE,DATA_VALUE,DATA_VALUE,DATA_VALUE,DATA_VALUE,DATA_VALUE,DATA_VALUE,DATA_VALUE,DATA_VALUE,DATA_VALUE,DATA_VALUE,DATA_VALUE,DATA_VALUE,DATA_VALUE
"213","United Kingdom","078","Great Britain","727","England and Wales","064","England",,,,,567057,80,79,88,72,27.9,290284,75,79,88,70,27.7,276773,85,78,89,75,28.1
"213","United Kingdom","078","Great Britain","727","England and Wales","064","England","A","North East",,,28324,80,79,89,72,27.9,14596,74,79,88,69,27.6,13728,85,79,90,76,28.2
"213","United Kingdom","078","Great Britain","727","England and Wales","064","England","B","North West",,,78802,81,81,89,74,27.9,40379,77,81,89,72,27.8,38423,86,80,90,77,28.2
"213","United Kingdom","078","Great Britain","727","England and Wales","064","England","D","Yorkshire and The Humber",,,58111,78,78,87,71,28,29658,73,79,86,68,27.4,28453,84,77,87,73,27.9
"213","United Kingdom","078","Great Britain","727","England and Wales","064","England","E","East Midlands",,,49725,80,79,89,73,27.7,25622,75,80,88,70,27.7,24103,85,79,89,75,28.1
"213","United Kingdom","078","Great Britain","727","England and Wales","064","England","F","West Midlands",,,63660,79,78,88,71,27.9,32524,74,78,87,68,27.5,31136,84,77,88,73,27.9
"213","United Kingdom","078","Great Britain","727","England and Wales","064","England","G","East of England",,,63466,80,78,88,71,27.7,32453,75,79,88,69,27.6,31013,85,77,89,74,28
"213","United Kingdom","078","Great Britain","727","England and Wales","064","England","H","London",,,79214,81,80,88,73,27.8,40421,76,80,87,71,27.7,38793,85,79,88,75,28.1
"213","United Kingdom","078","Great Britain","727","England and Wales","064","England","J","South East",,,88957,81,78,88,72,27.9,45526,76,79,88,70,27.7,43431,86,78,89,75,28.2
"213","United Kingdom","078","Great Britain","727","England and Wales","064","England","K","South West",,,54948,81,79,89,72,28,28091,76,79,89,70,27.7,26857,86,78,90,75,28.2