DATASET_TITLE,"National Curriculum Assessments at Key Stage 2 by Gender in England, (Referenced by Location of Educational Institution), 2009",,,,,,,,FROM,Sep-2008,Sep-2008,Sep-2008,Sep-2008,Sep-2008,Sep-2008,Sep-2008,Sep-2008,Sep-2008,Sep-2008,Sep-2008,Sep-2008,Sep-2008,Sep-2008,Sep-2008,Sep-2008,Sep-2008,Sep-2008
AREA_TYPE,Former Local Authority,,,,,,,,TO,Aug-2009,Aug-2009,Aug-2009,Aug-2009,Aug-2009,Aug-2009,Aug-2009,Aug-2009,Aug-2009,Aug-2009,Aug-2009,Aug-2009,Aug-2009,Aug-2009,Aug-2009,Aug-2009,Aug-2009,Aug-2009
GEO_HIERARCHY,NeSS Geography Hierarchy,,,,,,,,HEADING,Pupils Eligible for KS2 Assessment,Pupils Achieving Level 4+; in English,Pupils Achieving Level 4+; in Mathematics,Pupils Achieving Level 4+; in Science,Pupils Achieving Level 4+; in both English and Mathematics,Average Point Score of Pupils Eligible for KS2 Assessment,Boy Pupils Eligible for KS2 Assessment,Boy Pupils Achieving Level 4+; in English,Boy Pupils Achieving Level 4+; in Mathematics,Boy Pupils Achieving Level 4+; in Science,Boy Pupils Achieving  Level 4+; in both English and Mathematics,Average Point Score of Boy Pupils Eligible for KS2 Assessment,Girl Pupils Eligible for KS2 Assessment,Girl Pupils Achieving Level 4+; in English,Girl Pupils Achieving Level 4+; in Mathematics,Girl Pupils Achieving Level 4+; in Science,Girl Pupils Achieving Level 4+; in both English and Mathematics,Average Point Score of Girl Pupils Eligible for KS2 Assessment
,,,,,,,,,MEASUREMENT_UNIT,Count,Percentage,Percentage,Percentage,Percentage,Score,Count,Percentage,Percentage,Percentage,Percentage,Score,Count,Percentage,Percentage,Percentage,Percentage,Score
,,,,,,,,,STATISTICAL_UNIT,Persons,Persons,Persons,Persons,Persons,Persons,Persons,Persons,Persons,Persons,Persons,Persons,Persons,Persons,Persons,Persons,Persons,Persons
GOR_CODE,GOR_NAME,CTY_CODE,CTY_NAME,LA_CODE,LA_NAME,FLA_CODE,FLA_NAME,AREA_METADATA,,DATA_VALUE,DATA_VALUE,DATA_VALUE,DATA_VALUE,DATA_VALUE,DATA_VALUE,DATA_VALUE,DATA_VALUE,DATA_VALUE,DATA_VALUE,DATA_VALUE,DATA_VALUE,DATA_VALUE,DATA_VALUE,DATA_VALUE,DATA_VALUE,DATA_VALUE,DATA_VALUE
"A","North East",,,"00EJ","Durham","20UB","Chester-le-Street",,,608,88,86,96,82,29.1,306,83,86,95,79,28.8,302,92,87,97,84,29.4
"A","North East",,,"00EJ","Durham","20UD","Derwentside",,,919,78,79,89,72,27.9,476,73,80,88,70,27.6,443,83,78,90,75,28.1
"A","North East",,,"00EJ","Durham","20UE","Durham",,,842,81,81,90,75,28.2,429,74,78,88,68,27.5,413,89,84,93,81,28.9
"A","North East",,,"00EJ","Durham","20UF","Easington",,,1153,77,79,88,71,27.5,595,71,78,87,66,27.2,558,83,80,90,76,27.8
"A","North East",,,"00EJ","Durham","20UG","Sedgefield",,,1022,82,81,91,75,28.2,549,78,81,91,72,27.9,473,86,82,91,78,28.4
"A","North East",,,"00EJ","Durham","20UH","Teesdale",,,248,86,90,95,82,29.2,124,80,93,94,80,28.8,124,92,87,95,84,29.6
"A","North East",,,"00EJ","Durham","20UJ","Wear Valley",,,727,77,77,85,71,27.5,374,73,78,85,69,27.1,353,80,77,86,74,27.8
"A","North East",,,"00EM","Northumberland","35UB","Alnwick",,,349,77,73,88,66,27.5,170,71,74,86,65,26.8,179,83,73,91,68,28
"A","North East",,,"00EM","Northumberland","35UC","Berwick-upon-Tweed",,,242,75,82,90,71,27.6,129,67,82,91,67,27.5,113,84,81,90,76,27.8
"A","North East",,,"00EM","Northumberland","35UD","Blyth Valley",,,954,77,71,86,64,27.1,514,73,74,85,65,27,440,81,68,87,64,27.1
"A","North East",,,"00EM","Northumberland","35UE","Castle Morpeth",,,598,83,82,90,76,28.7,323,80,83,89,75,28.7,275,86,82,91,78,28.7
"A","North East",,,"00EM","Northumberland","35UF","Tynedale",,,649,87,84,94,79,28.7,342,83,83,94,75,28.5,307,92,84,94,83,29.1
"A","North East",,,"00EM","Northumberland","35UG","Wansbeck",,,734,70,65,81,57,26.5,390,62,65,79,54,25.9,344,78,65,83,61,27.1
"B","North West",,,"00EQ","Cheshire East","13UC","Congleton",,,980,86,84,93,80,28.7,483,83,85,92,78,28.4,497,89,84,93,81,28.9
"B","North West",,,"00EQ","Cheshire East","13UD","Crewe and Nantwich",,,1350,83,80,89,75,28.1,681,80,82,89,75,28.1,669,86,79,88,76,28.2
"B","North West",,,"00EQ","Cheshire East","13UG","Macclesfield",,,1578,88,84,92,81,28.9,796,83,84,91,78,28.6,782,93,85,94,84,29.2
"B","North West",,,"00EW","Cheshire West and Chester","13UB","Chester",,,1227,87,83,91,79,28.5,635,83,84,90,78,28.3,592,92,82,93,81,28.8
"B","North West",,,"00EW","Cheshire West and Chester","13UE","Ellesmere Port & Neston",,,909,81,82,94,73,28.1,490,76,83,92,71,27.8,419,85,81,96,75,28.4
"B","North West",,,"00EW","Cheshire West and Chester","13UH","Vale Royal",,,1507,82,80,90,75,28.2,763,79,80,89,73,27.9,744,86,79,90,76,28.4
"F","West Midlands",,,"00GG","Shropshire","39UB","Bridgnorth",,,521,84,80,94,74,28.3,250,80,82,94,74,28,271,88,79,94,75,28.6
"F","West Midlands",,,"00GG","Shropshire","39UC","North Shropshire",,,577,84,77,89,73,27.9,304,81,78,89,74,27.9,273,87,75,90,73,27.9
"F","West Midlands",,,"00GG","Shropshire","39UD","Oswestry",,,382,81,79,90,74,28.3,211,76,78,86,70,28.3,171,87,81,95,78,28.4
"F","West Midlands",,,"00GG","Shropshire","39UE","Shrewsbury and Atcham",,,1049,82,76,89,71,28,512,79,77,89,71,27.9,537,84,76,88,72,28
"F","West Midlands",,,"00GG","Shropshire","39UF","South Shropshire",,,467,80,80,90,71,27.8,238,71,80,88,65,27.5,229,89,80,92,76,28.2
"G","East of England",,,"00KC","Central Bedfordshire","09UC","Mid Bedfordshire",,,1448,86,81,92,76,28.6,749,83,83,93,76,28.6,699,89,79,92,77,28.7
"G","East of England",,,"00KC","Central Bedfordshire","09UE","South Bedfordshire",,,1408,79,76,89,69,27.6,723,72,76,88,66,27.3,685,86,76,90,73,27.9
"K","South West",,,"00HE","Cornwall","15UB","Caradon",,,918,80,80,89,72,27.8,458,73,81,90,69,27.5,460,86,78,88,76,28.1
"K","South West",,,"00HE","Cornwall","15UC","Carrick",,,960,82,81,89,74,28.2,511,79,81,88,71,28,449,86,82,90,78,28.5
"K","South West",,,"00HE","Cornwall","15UD","Kerrier",,,1100,79,79,85,72,27.6,546,72,77,85,68,27.2,554,85,80,85,77,27.9
"K","South West",,,"00HE","Cornwall","15UE","North Cornwall",,,925,81,77,87,71,27.5,491,77,78,87,70,27.3,434,85,75,87,72,27.7
"K","South West",,,"00HE","Cornwall","15UF","Penwith",,,648,81,83,92,75,28,330,76,85,93,72,27.8,318,86,81,90,78,28.1
"K","South West",,,"00HE","Cornwall","15UG","Restormel",,,1134,77,78,89,69,27.7,603,70,78,88,65,27.4,531,85,77,89,74,28.1
"K","South West",,,"00HY","Wiltshire","46UB","Kennet",,,913,83,80,91,73,28.1,465,79,80,92,72,28.1,448,87,79,91,74,28.2
"K","South West",,,"00HY","Wiltshire","46UC","North Wiltshire",,,1585,80,77,90,70,27.9,815,72,75,87,65,27.4,770,88,80,93,76,28.4
"K","South West",,,"00HY","Wiltshire","46UD","Salisbury",,,1149,80,76,87,70,27.7,574,76,76,87,68,27.5,575,83,75,88,73,27.9
"K","South West",,,"00HY","Wiltshire","46UF","West Wiltshire",,,1418,79,78,88,70,27.6,715,72,77,87,65,27.2,703,86,79,90,75,28