DATASET_TITLE,"Dwelling Stock by Council Tax Band, 2002",,,,,,,,,,FROM,Mar-2002,Mar-2002,Mar-2002,Mar-2002,Mar-2002,Mar-2002,Mar-2002,Mar-2002,Mar-2002,Mar-2002,Mar-2002,Mar-2002,Mar-2002,Mar-2002,Mar-2002,Mar-2002,Mar-2002,Mar-2002,Mar-2002
AREA_TYPE,Region,,,,,,,,,,TO,Mar-2002,Mar-2002,Mar-2002,Mar-2002,Mar-2002,Mar-2002,Mar-2002,Mar-2002,Mar-2002,Mar-2002,Mar-2002,Mar-2002,Mar-2002,Mar-2002,Mar-2002,Mar-2002,Mar-2002,Mar-2002,Mar-2002
GEO_HIERARCHY,NeSS Geography Hierarchy,,,,,,,,,,HEADING,Dwelling Stock by Council Tax Band; Total,Dwelling Stock by Council Tax Band; Band A,Dwelling Stock by Council Tax Band; Band A,Dwelling Stock by Council Tax Band; Band B,Dwelling Stock by Council Tax Band; Band B,Dwelling Stock by Council Tax Band; Band C,Dwelling Stock by Council Tax Band; Band C,Dwelling Stock by Council Tax Band; Band D,Dwelling Stock by Council Tax Band; Band D,Dwelling Stock by Council Tax Band; Band E,Dwelling Stock by Council Tax Band; Band E,Dwelling Stock by Council Tax Band; Band F,Dwelling Stock by Council Tax Band; Band F,Dwelling Stock by Council Tax Band; Band G,Dwelling Stock by Council Tax Band; Band G,Dwelling Stock by Council Tax Band; Band H,Dwelling Stock by Council Tax Band; Band H,Dwelling Stock by Council Tax Band; Band X; Unallocated,Dwelling Stock by Council Tax Band; Band X; Unallocated
,,,,,,,,,,,MEASUREMENT_UNIT,Count,Count,Percentage,Count,Percentage,Count,Percentage,Count,Percentage,Count,Percentage,Count,Percentage,Count,Percentage,Count,Percentage,Count,Percentage
,,,,,,,,,,,STATISTICAL_UNIT,Dwellings,Dwellings,Dwellings,Dwellings,Dwellings,Dwellings,Dwellings,Dwellings,Dwellings,Dwellings,Dwellings,Dwellings,Dwellings,Dwellings,Dwellings,Dwellings,Dwellings,Dwellings,Dwellings
UK_CODE,UK_NAME,GB_CODE,GB_NAME,EW_CODE,EW_NAME,CTRY_CODE,CTRY_NAME,GOR_CODE,GOR_NAME,AREA_METADATA,,DATA_VALUE,DATA_VALUE,DATA_VALUE,DATA_VALUE,DATA_VALUE,DATA_VALUE,DATA_VALUE,DATA_VALUE,DATA_VALUE,DATA_VALUE,DATA_VALUE,DATA_VALUE,DATA_VALUE,DATA_VALUE,DATA_VALUE,DATA_VALUE,DATA_VALUE,DATA_VALUE,DATA_VALUE
"213","United Kingdom","078","Great Britain","727","England and Wales","064","England",,,,,21435607,5561381,25.94,4130252,19.27,4612905,21.52,3199472,14.93,1997276,9.32,1053946,4.92,760039,3.55,117859,.55,2477,.01
"213","United Kingdom","078","Great Britain","727","England and Wales","220","Wales",,,,,1288855,258144,20.03,324544,25.18,260516,20.21,193873,15.04,154717,12,58658,4.55,35151,2.73,3166,.25,86,.01
"213","United Kingdom","078","Great Britain","727","England and Wales",,,,,,,22724462,5819525,25.61,4454796,19.6,4873421,21.45,3393345,14.93,2151993,9.47,1112604,4.9,795190,3.5,121025,.53,2563,.01
"213","United Kingdom","078","Great Britain","727","England and Wales","064","England","A","North East",,,1133095,667879,58.94,157388,13.89,157839,13.93,80700,7.12,40198,3.55,17623,1.56,10286,.91,1173,.1,9,0
"213","United Kingdom","078","Great Britain","727","England and Wales","064","England","B","North West",,,2996198,1322219,44.13,563400,18.8,513857,17.15,285856,9.54,166991,5.57,82014,2.74,56114,1.87,5606,.19,141,0
"213","United Kingdom","078","Great Britain","727","England and Wales","064","England","D","Yorkshire and The Humber",,,2181962,1007078,46.15,422700,19.37,351645,16.12,187286,8.58,119019,5.45,57351,2.63,33802,1.55,2937,.13,144,.01
"213","United Kingdom","078","Great Britain","727","England and Wales","064","England","E","East Midlands",,,1814300,708140,39.03,406034,22.38,320934,17.69,184608,10.18,108589,5.99,52236,2.88,30923,1.7,2806,.15,30,0
"213","United Kingdom","078","Great Britain","727","England and Wales","064","England","F","West Midlands",,,2243457,732559,32.65,559333,24.93,427143,19.04,238397,10.63,149510,6.66,81484,3.63,49738,2.22,5012,.22,281,.01
"213","United Kingdom","078","Great Britain","727","England and Wales","064","England","G","East of England",,,2334267,338794,14.51,497369,21.31,617948,26.47,402814,17.26,243009,10.41,132551,5.68,90900,3.89,10773,.46,109,0
"213","United Kingdom","078","Great Britain","727","England and Wales","064","England","H","London",,,3126333,109151,3.49,424533,13.58,832194,26.62,794323,25.41,478821,15.32,237730,7.6,195443,6.25,52901,1.69,1237,.04
"213","United Kingdom","078","Great Britain","727","England and Wales","064","England","J","South East",,,3411958,296995,8.7,561243,16.45,883302,25.89,681552,19.98,459157,13.46,275968,8.09,223509,6.55,30056,.88,176,.01
"213","United Kingdom","078","Great Britain","727","England and Wales","064","England","K","South West",,,2194037,378566,17.25,538252,24.53,508043,23.16,343936,15.68,231982,10.57,116989,5.33,69324,3.16,6595,.3,350,.02