DATASET_TITLE,"National Curriculum Assessments at Key Stage 2 by Free School Meal Eligibility in England (Referenced by Location of Pupil Residence), 2007",,,,,,,,,,FROM,Sep-2006,Sep-2006,Sep-2006,Sep-2006,Sep-2006,Sep-2006,Sep-2006,Sep-2006,Sep-2006,Sep-2006,Sep-2006,Sep-2006,Sep-2006,Sep-2006,Sep-2006
AREA_TYPE,Region,,,,,,,,,,TO,Aug-2007,Aug-2007,Aug-2007,Aug-2007,Aug-2007,Aug-2007,Aug-2007,Aug-2007,Aug-2007,Aug-2007,Aug-2007,Aug-2007,Aug-2007,Aug-2007,Aug-2007
GEO_HIERARCHY,NeSS Geography Hierarchy,,,,,,,,,,HEADING,Pupils Eligible for KS2 Assessment,Pupils Achieving Level 4+; in English,Pupils Achieving Level 4+; in Mathematics,Pupils Achieving Level 4+; in Science,Average Point Score of Pupils Eligible for KS2 Assessment,Free School Meals Pupils Eligible for KS2 Assessment,Free School Meals Pupils Achieving Level 4+; in English,Free School Meals Pupils Achieving Level 4+; in Mathematics,Free School Meals Pupils Achieving Level 4+; in Science,Average Point Score of Free School Meals Pupils Eligible for KS2 Assessment,Non-Free School Meals Pupils Eligible for KS2 Assessment,Non-Free School Meals Pupils Achieving Level 4+; in English,Non-Free School Meals Pupils Achieving Level 4+; in Mathematics,Non-Free School Meals Pupils Achieving Level 4+; in Science,Average Point Score of Non-Free School Meals Pupils Eligible for KS2 Assessment
,,,,,,,,,,,MEASUREMENT_UNIT,Count,Percentage,Percentage,Percentage,Score,Count,Percentage,Percentage,Percentage,Score,Count,Percentage,Percentage,Percentage,Score
,,,,,,,,,,,STATISTICAL_UNIT,Persons,Persons,Persons,Persons,Persons,Persons,Persons,Persons,Persons,Persons,Persons,Persons,Persons,Persons,Persons
UK_CODE,UK_NAME,GB_CODE,GB_NAME,EW_CODE,EW_NAME,CTRY_CODE,CTRY_NAME,GOR_CODE,GOR_NAME,AREA_METADATA,,DATA_VALUE,DATA_VALUE,DATA_VALUE,DATA_VALUE,DATA_VALUE,DATA_VALUE,DATA_VALUE,DATA_VALUE,DATA_VALUE,DATA_VALUE,DATA_VALUE,DATA_VALUE,DATA_VALUE,DATA_VALUE,DATA_VALUE
"213","United Kingdom","078","Great Britain","727","England and Wales","064","England",,,,,569006,80,77,88,27.9,92794,63,61,75,25.6,474145,84,80,90,28.4
"213","United Kingdom","078","Great Britain","727","England and Wales","064","England","A","North East",,,29061,80,78,88,27.9,6048,63,62,76,25.6,23013,85,82,91,28.5
"213","United Kingdom","078","Great Britain","727","England and Wales","064","England","B","North West",,,79978,81,79,88,28,15559,63,63,76,25.7,64419,85,83,91,28.5
"213","United Kingdom","078","Great Britain","727","England and Wales","064","England","D","Yorkshire and The Humber",,,59177,79,76,87,27.7,9928,61,59,74,25.3,49249,83,80,90,28.2
"213","United Kingdom","078","Great Britain","727","England and Wales","064","England","E","East Midlands",,,49283,80,77,87,27.9,6134,59,59,72,25.2,43149,83,80,89,28.2
"213","United Kingdom","078","Great Britain","727","England and Wales","064","England","F","West Midlands",,,64609,79,76,87,27.7,12115,62,60,75,25.5,52494,83,79,90,28.2
"213","United Kingdom","078","Great Britain","727","England and Wales","064","England","G","East of England",,,62822,81,77,88,28,7205,60,58,73,25.3,55617,83,80,90,28.3
"213","United Kingdom","078","Great Britain","727","England and Wales","064","England","H","London",,,77679,80,77,87,27.8,21147,67,64,78,26,56532,85,81,90,28.5
"213","United Kingdom","078","Great Britain","727","England and Wales","064","England","J","South East",,,87372,81,77,88,28.1,8543,58,54,71,25,78829,84,79,90,28.4
"213","United Kingdom","078","Great Britain","727","England and Wales","064","England","K","South West",,,54528,81,77,89,28,5618,61,59,74,25.4,48910,83,79,90,28.3