DATASET_TITLE,Households by Selected Household Characteristics (UV67),,,,,,FROM,Apr-2001,Apr-2001,Apr-2001,Apr-2001,Apr-2001,Apr-2001
AREA_TYPE,Local Authority,,,,,,TO,Apr-2001,Apr-2001,Apr-2001,Apr-2001,Apr-2001,Apr-2001
GEO_HIERARCHY,NeSS Geography Hierarchy,,,,,,HEADING,All Households,Household has no selected characteristic,Household has selected characteristics in 1 dimension,Household has selected characteristics in 2 dimensions,Household has selected characteristics in 3 dimensions,Household has selected characteristics in 4 dimensions
,,,,,,,MEASUREMENT_UNIT,Count,Count,Count,Count,Count,Count
,,,,,,,STATISTICAL_UNIT,Households,Households,Households,Households,Households,Households
GOR_CODE,GOR_NAME,CTY_CODE,CTY_NAME,LA_CODE,LA_NAME,AREA_METADATA,,DATA_VALUE,DATA_VALUE,DATA_VALUE,DATA_VALUE,DATA_VALUE,DATA_VALUE
"F","West Midlands",,,"00CN","Birmingham",,,390792,91105,122598,111971,54271,10847
"F","West Midlands",,,"00CQ","Coventry",,,122353,32501,41762,32649,13538,1903
"F","West Midlands",,,"00CR","Dudley",,,124988,32668,42027,34281,13870,2142
"F","West Midlands",,,"00CS","Sandwell",,,115426,21885,37757,36243,16852,2689
"F","West Midlands",,,"00CT","Solihull",,,80930,27540,28396,19072,5454,468
"F","West Midlands",,,"00CU","Walsall",,,101333,22353,34332,29931,12866,1851
"F","West Midlands",,,"00CW","Wolverhampton",,,97122,21029,32901,29319,12232,1641
"F","West Midlands",,,"00GA","Herefordshire, County of",,,74282,22314,27459,18999,4976,534
"F","West Midlands",,,"00GF","Telford and Wrekin",,,63768,20053,22187,15430,5610,488
"F","West Midlands",,,"00GL","Stoke-on-Trent",,,103196,22800,33591,30959,14398,1448
"F","West Midlands","39","Shropshire","39UB","Bridgnorth",,,20925,6958,7093,5105,1557,212
"F","West Midlands","39","Shropshire","39UC","North Shropshire",,,23149,6890,8175,6031,1808,245
"F","West Midlands","39","Shropshire","39UD","Oswestry",,,15657,4657,5602,4002,1268,128
"F","West Midlands","39","Shropshire","39UE","Shrewsbury and Atcham",,,40308,13666,14053,9490,2808,291
"F","West Midlands","39","Shropshire","39UF","South Shropshire",,,17262,4834,6359,4697,1239,133
"F","West Midlands","41","Staffordshire","41UB","Cannock Chase",,,37102,10546,12643,9964,3649,300
"F","West Midlands","41","Staffordshire","41UC","East Staffordshire",,,42717,12748,14881,10755,3700,633
"F","West Midlands","41","Staffordshire","41UD","Lichfield",,,37500,13124,13290,8498,2409,179
"F","West Midlands","41","Staffordshire","41UE","Newcastle-under-Lyme",,,50738,14471,17062,13744,5025,436
"F","West Midlands","41","Staffordshire","41UF","South Staffordshire",,,41973,14158,14984,9865,2771,195
"F","West Midlands","41","Staffordshire","41UG","Stafford",,,50025,17595,17429,11592,3141,268
"F","West Midlands","41","Staffordshire","41UH","Staffordshire Moorlands",,,38799,11543,13633,10015,3299,309
"F","West Midlands","41","Staffordshire","41UK","Tamworth",,,29380,9111,10444,7065,2547,213
"F","West Midlands","44","Warwickshire","44UB","North Warwickshire",,,25174,7592,9147,6279,2008,148
"F","West Midlands","44","Warwickshire","44UC","Nuneaton and Bedworth",,,48683,13575,17153,12757,4687,511
"F","West Midlands","44","Warwickshire","44UD","Rugby",,,36483,12696,13211,8408,2036,132
"F","West Midlands","44","Warwickshire","44UE","Stratford-on-Avon",,,47202,17649,16987,10297,2138,131
"F","West Midlands","44","Warwickshire","44UF","Warwick",,,53356,20975,17772,11476,2843,290
"F","West Midlands","47","Worcestershire","47UB","Bromsgrove",,,35168,12830,12305,7992,1895,146
"F","West Midlands","47","Worcestershire","47UC","Malvern Hills",,,30069,10121,10913,7180,1703,152
"F","West Midlands","47","Worcestershire","47UD","Redditch",,,31652,10179,11417,7506,2335,215
"F","West Midlands","47","Worcestershire","47UE","Worcester",,,39060,13501,13736,8810,2718,295
"F","West Midlands","47","Worcestershire","47UF","Wychavon",,,46819,15944,17264,10912,2487,212
"F","West Midlands","47","Worcestershire","47UG","Wyre Forest",,,40281,11715,14808,10133,3262,363