DATASET_TITLE,"Income Support Claimants, August 2001",,,,,,FROM,Aug-2001,Aug-2001,Aug-2001,Aug-2001,Aug-2001,Aug-2001,Aug-2001,Aug-2001,Aug-2001,Aug-2001,Aug-2001,Aug-2001,Aug-2001,Aug-2001,Aug-2001,Aug-2001,Aug-2001,Aug-2001,Aug-2001,Aug-2001,Aug-2001,Aug-2001,Aug-2001,Aug-2001,Aug-2001,Aug-2001,Aug-2001
AREA_TYPE,Local Authority,,,,,,TO,Aug-2001,Aug-2001,Aug-2001,Aug-2001,Aug-2001,Aug-2001,Aug-2001,Aug-2001,Aug-2001,Aug-2001,Aug-2001,Aug-2001,Aug-2001,Aug-2001,Aug-2001,Aug-2001,Aug-2001,Aug-2001,Aug-2001,Aug-2001,Aug-2001,Aug-2001,Aug-2001,Aug-2001,Aug-2001,Aug-2001,Aug-2001
GEO_HIERARCHY,NeSS Geography Hierarchy,,,,,,HEADING,Total,Claimants Aged 16-24,Claimants Aged 16-24,Claimants Aged 25-49,Claimants Aged 25-49,Claimants Aged 50-59,Claimants Aged 50-59,Claimants Aged 60 and Over,Claimants Aged 60 and Over,Male,Male,Female,Female,Claim Duration Less Than 6 Months,Claim Duration 6 Months-1 Year,Claim Duration 1-2 Years,Claim Duration 2-5 Years,Claim Duration 5 Years and Over,Single,Single,Couple,Working Age Statistical Group; Incapacity Benefits,Working Age Statistical Group; Incapacity Benefits,Working Age Statistical Group; Lone Parent,Working Age Statistical Group; Lone Parent,Working Age Statistical Group; Carers and Others,Working Age Statistical Group; Carers and Others
,,,,,,,MEASUREMENT_UNIT,Count,Count,Percentage,Count,Percentage,Count,Percentage,Count,Percentage,Count,Percentage,Count,Percentage,Count,Count,Count,Count,Count,Count,Percentage,Count,Count,Percentage,Count,Percentage,Count,Percentage
,,,,,,,STATISTICAL_UNIT,Persons,Persons,Persons,Persons,Persons,Persons,Persons,Persons,Persons,Persons,Persons,Persons,Persons,Persons,Persons,Persons,Persons,Persons,Persons,Persons,Persons,Persons,Persons,Persons,Persons,Persons,Persons
GOR_CODE,GOR_NAME,CTY_CODE,CTY_NAME,LA_CODE,LA_NAME,AREA_METADATA,,DATA_VALUE,DATA_VALUE,DATA_VALUE,DATA_VALUE,DATA_VALUE,DATA_VALUE,DATA_VALUE,DATA_VALUE,DATA_VALUE,DATA_VALUE,DATA_VALUE,DATA_VALUE,DATA_VALUE,DATA_VALUE,DATA_VALUE,DATA_VALUE,DATA_VALUE,DATA_VALUE,DATA_VALUE,DATA_VALUE,DATA_VALUE,DATA_VALUE,DATA_VALUE,DATA_VALUE,DATA_VALUE,DATA_VALUE,DATA_VALUE
"A","North East",,,"00CH","Gateshead",,,19890,1880,9,7270,37,2180,11,8550,43,7550,38,12340,62,2260,1560,2510,4850,8700,16500,83,3390,7490,38,3600,18,8790,44
"A","North East",,,"00CJ","Newcastle upon Tyne",,,29080,2740,9,11160,38,3050,10,12100,42,10870,37,18200,63,3350,2280,3650,7400,12390,25010,86,4060,10810,37,5820,20,12450,43
"A","North East",,,"00CK","North Tyneside",,,16740,1450,9,5620,34,1770,11,7890,47,5540,33,11200,67,1880,1420,2230,3940,7260,14300,85,2440,5390,32,3250,19,8100,48
"A","North East",,,"00CL","South Tyneside",,,16500,1480,9,5900,36,1720,10,7380,45,5440,33,11050,67,1910,1300,1990,3710,7580,14080,85,2410,5200,32,3770,23,7530,46
"A","North East",,,"00CM","Sunderland",,,28330,2690,9,9940,35,3180,11,12500,44,10220,36,18100,64,3530,2310,3450,6940,12100,23200,82,5120,9990,35,5400,19,12940,46
"A","North East",,,"00EB","Hartlepool",,,9700,1040,11,3640,38,1080,11,3920,40,3640,38,6060,62,1220,900,1350,2410,3810,7830,81,1860,3660,38,2020,21,4020,41
"A","North East",,,"00EC","Middlesbrough",,,15350,1880,12,6480,42,1610,10,5360,35,5350,35,9990,65,1820,1360,1990,3750,6420,12900,84,2450,5580,36,4020,26,5750,37
"A","North East",,,"00EE","Redcar and Cleveland",,,12380,1310,11,4780,39,1430,12,4840,39,4210,34,8170,66,1420,950,1770,2940,5290,10310,83,2070,4460,36,2930,24,4990,40
"A","North East",,,"00EF","Stockton-on-Tees",,,13920,1480,11,5430,39,1420,10,5580,40,4800,34,9120,66,1600,1260,1890,3420,5760,11700,84,2210,4440,32,3560,26,5910,42
"A","North East",,,"00EH","Darlington",,,7690,780,10,2730,36,810,11,3360,44,2620,34,5070,66,950,690,970,1810,3270,6620,86,1070,2540,33,1730,22,3430,45
"A","North East","20","Durham","20UB","Chester-le-Street",,,3770,340,9,1300,34,410,11,1720,46,1360,36,2400,64,520,320,590,860,1470,3140,83,620,1360,36,680,18,1730,46
"A","North East","20","Durham","20UD","Derwentside",,,8120,760,9,2710,33,920,11,3730,46,2970,37,5150,63,950,840,1010,1960,3360,6660,82,1460,2910,36,1390,17,3830,47
"A","North East","20","Durham","20UE","Durham",,,5120,470,9,1680,33,520,10,2450,48,1820,36,3300,64,580,380,730,1260,2160,4290,84,830,1780,35,850,17,2480,48
"A","North East","20","Durham","20UF","Easington",,,9990,1110,11,3930,39,1150,12,3800,38,3640,36,6350,64,1250,870,1300,2570,3990,7970,80,2010,4340,43,1700,17,3950,40
"A","North East","20","Durham","20UG","Sedgefield",,,7550,720,10,2590,34,880,12,3340,44,2540,34,5010,66,1030,750,950,1740,3080,6170,82,1380,2560,34,1500,20,3490,46
"A","North East","20","Durham","20UH","Teesdale",,,1380,90,7,380,28,140,10,760,55,450,33,930,67,200,140,160,330,540,1150,83,220,380,28,230,17,770,56
"A","North East","20","Durham","20UJ","Wear Valley",,,6230,580,9,2000,32,640,10,3010,48,2150,35,4080,65,820,580,770,1480,2580,5190,83,1040,1920,31,1250,20,3060,49
"A","North East","35","Northumberland","35UB","Alnwick",,,1730,120,7,470,27,170,10,970,56,620,36,1110,64,220,160,200,410,740,1450,84,280,530,31,260,15,940,54
"A","North East","35","Northumberland","35UC","Berwick-upon-Tweed",,,1660,110,7,380,23,150,9,1010,61,570,34,1090,66,220,190,220,360,670,1390,84,270,420,25,230,14,1010,61
"A","North East","35","Northumberland","35UD","Blyth Valley",,,6150,600,10,2280,37,720,12,2540,41,2220,36,3930,64,770,590,900,1510,2380,5070,82,1070,2380,39,1140,19,2630,43
"A","North East","35","Northumberland","35UE","Castle Morpeth",,,2260,220,10,750,33,240,11,1040,46,840,37,1420,63,240,190,310,590,930,1900,84,350,810,36,390,17,1050,46
"A","North East","35","Northumberland","35UF","Tynedale",,,2580,240,9,730,28,210,8,1390,54,880,34,1700,66,330,260,340,590,1060,2230,86,350,780,30,390,15,1400,54
"A","North East","35","Northumberland","35UG","Wansbeck",,,4820,570,12,1870,39,550,11,1820,38,1650,34,3170,66,600,480,660,1240,1840,4060,84,760,1830,38,1080,22,1910,40
"B","North West",,,"00BL","Bolton",,,21950,1970,9,8180,37,2410,11,9370,43,7950,36,14010,64,2770,1860,2800,5290,9230,18340,84,3610,7640,35,4610,21,9700,44
"B","North West",,,"00BM","Bury",,,12980,1140,9,4780,37,1360,10,5690,44,4490,35,8490,65,1450,1040,1630,3120,5740,11170,86,1810,4520,35,2560,20,5900,45
"B","North West",,,"00BN","Manchester",,,59610,5760,10,26090,44,7080,12,20580,35,22350,37,37260,63,5600,4580,7580,14200,27650,52350,88,7250,23650,40,14580,24,21380,36
"B","North West",,,"00BP","Oldham",,,18190,1820,10,6720,37,1990,11,7610,42,6380,35,11810,65,2250,1830,2420,4300,7380,15250,84,2940,6270,34,4090,22,7820,43
"B","North West",,,"00BQ","Rochdale",,,19430,2010,10,7620,39,2220,11,7540,39,7170,37,12260,63,2450,1750,2560,4740,7930,16190,83,3230,7490,39,4100,21,7840,40
"B","North West",,,"00BR","Salford",,,24460,2240,9,9520,39,2870,12,9810,40,8920,36,15540,64,2320,2150,2920,5770,11290,21280,87,3170,9200,38,5130,21,10120,41
"B","North West",,,"00BS","Stockport",,,17230,1430,8,5930,34,1820,11,8030,47,5610,33,11620,67,1960,1390,2200,4000,7680,14980,87,2250,5480,32,3580,21,8170,47
"B","North West",,,"00BT","Tameside",,,18340,1590,9,6600,36,2010,11,8110,44,6420,35,11920,65,2130,1570,2250,4370,8020,15540,85,2790,6460,35,3750,20,8130,44
"B","North West",,,"00BU","Trafford",,,13040,1090,8,4860,37,1370,11,5710,44,4390,34,8650,66,1350,1090,1710,3040,5840,11400,87,1640,4470,34,2770,21,5800,44
"B","North West",,,"00BW","Wigan",,,22900,2050,9,7930,35,2620,11,10290,45,8120,35,14780,65,2740,2160,2930,5270,9800,18900,83,4010,8100,35,4260,19,10540,46
"B","North West",,,"00BX","Knowsley",,,21620,1870,9,9730,45,2610,12,7380,34,7380,34,14240,66,1820,1500,2200,4660,11450,18400,85,3220,8320,38,5330,25,7980,37
"B","North West",,,"00BY","Liverpool",,,66220,5590,8,28910,44,8320,13,23330,35,24060,36,42160,64,5400,4710,6980,15140,34010,57750,87,8440,26890,41,14510,22,24820,37
"B","North West",,,"00BZ","St. Helens",,,15640,1630,10,5940,38,1830,12,6230,40,5510,35,10130,65,1790,1280,1810,3650,7120,12950,83,2690,5700,36,3370,22,6580,42
"B","North West",,,"00CA","Sefton",,,25710,1870,7,9400,37,3000,12,11420,44,8850,34,16860,66,2690,1940,2970,5540,12570,22310,87,3400,8840,34,5010,19,11870,46
"B","North West",,,"00CB","Wirral",,,30620,2760,9,12620,41,3740,12,11470,37,10440,34,20180,66,2820,2360,3400,6770,15270,26770,87,3840,11410,37,7200,24,12000,39
"B","North West",,,"00ET","Halton",,,11860,1240,10,5000,42,1480,12,4140,35,4130,35,7740,65,1290,920,1370,3070,5210,9950,84,1910,4450,38,3040,26,4380,37
"B","North West",,,"00EU","Warrington",,,11090,1030,9,3880,35,1240,11,4930,44,3710,33,7380,67,1310,1040,1480,2570,4700,9560,86,1530,3840,35,2220,20,5030,45
"B","North West",,,"00EX","Blackburn with Darwen",,,13100,1300,10,5290,40,1520,12,4980,38,5080,39,8010,61,1680,1220,1750,3090,5350,10560,81,2530,5090,39,2820,22,5190,40
"B","North West",,,"00EY","Blackpool",,,15620,1150,7,5770,37,1820,12,6860,44,5960,38,9650,62,1830,1250,1960,3700,6880,13430,86,2190,5680,36,2960,19,6980,45
"B","North West","13","Cheshire","13UB","Chester",,,6940,540,8,2610,38,790,11,2980,43,2540,37,4400,63,790,540,920,1610,3080,5980,86,950,2590,37,1330,19,3020,44
"B","North West","13","Cheshire","13UC","Congleton",,,3500,250,7,1060,30,320,9,1880,54,1140,33,2370,68,460,310,470,750,1510,3000,86,500,1030,29,580,17,1890,54
"B","North West","13","Cheshire","13UD","Crewe and Nantwich",,,5710,560,10,2070,36,620,11,2450,43,1910,33,3810,67,650,520,780,1350,2400,4920,86,790,1840,32,1360,24,2510,44
"B","North West","13","Cheshire","13UE","Ellesmere Port & Neston",,,4880,420,9,1910,39,490,10,2050,42,1620,33,3260,67,560,430,660,1190,2030,4150,85,730,1670,34,1100,23,2110,43
"B","North West","13","Cheshire","13UG","Macclesfield",,,6770,400,6,2080,31,660,10,3620,53,2200,32,4560,67,830,570,850,1670,2840,6080,90,690,2130,31,1070,16,3570,53
"B","North West","13","Cheshire","13UH","Vale Royal",,,6010,530,9,2070,34,680,11,2730,45,2060,34,3940,66,800,560,780,1290,2580,4940,82,1070,2000,33,1240,21,2770,46
"B","North West","16","Cumbria","16UB","Allerdale",,,6270,480,8,2160,34,650,10,2980,48,2160,34,4110,66,820,530,820,1540,2570,5300,85,970,1960,31,1270,20,3040,48
"B","North West","16","Cumbria","16UC","Barrow-in-Furness",,,6040,590,10,2430,40,720,12,2290,38,2170,36,3880,64,770,510,780,1450,2540,5040,83,1000,2550,42,1090,18,2400,40
"B","North West","16","Cumbria","16UD","Carlisle",,,6260,610,10,2250,36,640,10,2750,44,2150,34,4110,66,780,540,840,1560,2540,5480,88,770,2250,36,1260,20,2740,44
"B","North West","16","Cumbria","16UE","Copeland",,,4590,470,10,1750,38,500,11,1870,41,1520,33,3070,67,580,400,560,1070,1990,3940,86,650,1530,33,1130,25,1940,42
"B","North West","16","Cumbria","16UF","Eden",,,1690,110,7,540,32,150,9,890,53,540,32,1150,68,210,150,280,380,680,1480,88,210,510,30,300,18,880,52
"B","North West","16","Cumbria","16UG","South Lakeland",,,3910,260,7,1180,30,390,10,2080,53,1260,32,2650,68,520,400,520,880,1590,3400,87,510,1210,31,620,16,2090,53
"B","North West","30","Lancashire","30UD","Burnley",,,8210,740,9,3300,40,920,11,3240,39,2920,36,5290,64,1120,650,1100,2030,3310,6960,85,1250,3110,38,1810,22,3290,40
"B","North West","30","Lancashire","30UE","Chorley",,,5370,430,8,1820,34,620,12,2500,47,1820,34,3550,66,720,450,660,1220,2320,4560,85,810,1870,35,980,18,2510,47
"B","North West","30","Lancashire","30UF","Fylde",,,3820,240,6,1100,29,400,10,2080,54,1300,34,2530,66,430,360,450,860,1730,3310,87,520,1170,31,550,14,2100,55
"B","North West","30","Lancashire","30UG","Hyndburn",,,6890,670,10,2650,38,760,11,2800,41,2620,38,4270,62,880,590,930,1690,2800,5740,83,1140,2700,39,1330,19,2860,42
"B","North West","30","Lancashire","30UH","Lancaster",,,9600,900,9,3500,36,990,10,4200,44,3370,35,6230,65,1120,820,1230,2400,4020,8200,85,1400,3180,33,2150,22,4260,44
"B","North West","30","Lancashire","30UJ","Pendle",,,7140,630,9,2720,38,870,12,2910,41,2570,36,4570,64,1030,630,1010,1760,2710,5860,82,1280,2670,37,1470,21,3000,42
"B","North West","30","Lancashire","30UK","Preston",,,10700,1060,10,4150,39,1190,11,4290,40,3960,37,6740,63,1210,930,1250,2470,4850,9010,84,1690,4040,38,2290,21,4380,41
"B","North West","30","Lancashire","30UL","Ribble Valley",,,1790,110,6,550,31,150,8,990,55,550,31,1240,69,260,150,230,400,740,1590,89,210,520,29,290,16,980,55
"B","North West","30","Lancashire","30UM","Rossendale",,,5030,470,9,1780,35,540,11,2240,45,1850,37,3180,63,620,450,690,1200,2070,4220,84,810,1840,37,950,19,2240,45
"B","North West","30","Lancashire","30UN","South Ribble",,,4620,340,7,1530,33,470,10,2280,49,1480,32,3140,68,660,390,590,980,1990,3990,86,630,1460,32,890,19,2280,49
"B","North West","30","Lancashire","30UP","West Lancashire",,,7920,600,8,2770,35,850,11,3680,46,2660,34,5270,67,1050,600,840,1840,3590,6640,84,1280,2460,31,1700,21,3760,47
"B","North West","30","Lancashire","30UQ","Wyre",,,6430,430,7,1880,29,650,10,3460,54,2250,35,4180,65,860,660,750,1370,2800,5380,84,1060,1880,29,1110,17,3440,53
"D","Yorkshire and The Humber",,,"00CC","Barnsley",,,19470,1920,10,7450,38,2200,11,7890,41,7180,37,12290,63,2390,1710,2750,4980,7630,15820,81,3640,7270,37,3930,20,8270,42
"D","Yorkshire and The Humber",,,"00CE","Doncaster",,,23670,2410,10,9060,38,2600,11,9580,40,8470,36,15200,64,3090,2140,3220,5920,9300,19320,82,4350,8200,35,5390,23,10080,43
"D","Yorkshire and The Humber",,,"00CF","Rotherham",,,20330,2000,10,7280,36,2160,11,8860,44,7310,36,13020,64,2390,1730,2570,4990,8640,16510,81,3810,6610,33,4370,21,9340,46
"D","Yorkshire and The Humber",,,"00CG","Sheffield",,,44630,3590,8,14980,34,4400,10,21600,48,16060,36,28570,64,5020,3650,5840,10330,19790,37570,84,7060,13750,31,8410,19,22470,50
"D","Yorkshire and The Humber",,,"00CX","Bradford",,,41100,4050,10,14910,36,4040,10,18020,44,15090,37,26000,63,4830,3590,5580,9980,17110,33820,82,7270,13530,33,9050,22,18510,45
"D","Yorkshire and The Humber",,,"00CY","Calderdale",,,14170,1320,9,5040,36,1390,10,6390,45,4640,33,9530,67,1780,1290,2180,3290,5630,12130,86,2030,4270,30,3350,24,6550,46
"D","Yorkshire and The Humber",,,"00CZ","Kirklees",,,27650,2570,9,10000,36,2900,10,12160,44,9600,35,18050,65,3410,2660,3650,6720,11210,23140,84,4510,8920,32,6110,22,12620,46
"D","Yorkshire and The Humber",,,"00DA","Leeds",,,51450,4730,9,18540,36,5070,10,23040,45,17150,33,34290,67,5550,4630,6780,12470,22010,44930,87,6340,15670,30,12070,23,23710,46
"D","Yorkshire and The Humber",,,"00DB","Wakefield",,,24020,2380,10,8820,37,2620,11,10190,42,8370,35,15650,65,2810,2190,3220,6010,9790,20050,83,3970,8080,34,5250,22,10690,45
"D","Yorkshire and The Humber",,,"00FA","Kingston upon Hull, City of",,,27090,2720,10,10150,37,2750,10,11440,42,9370,35,17730,65,2990,2440,3170,6290,12190,22910,85,4180,8210,30,6870,25,12010,44
"D","Yorkshire and The Humber",,,"00FB","East Riding of Yorkshire",,,16810,1160,7,4550,27,1760,10,9340,56,5670,34,11150,66,2030,1420,2360,3860,7150,14020,83,2780,4490,27,2900,17,9430,56
"D","Yorkshire and The Humber",,,"00FC","North East Lincolnshire",,,13540,1380,10,4760,35,1350,10,6040,45,4620,34,8930,66,2010,1260,1780,3280,5210,11410,84,2130,3840,28,3420,25,6280,46
"D","Yorkshire and The Humber",,,"00FD","North Lincolnshire",,,10130,950,9,3450,34,1060,10,4650,46,3340,33,6790,67,1470,940,1530,2290,3910,8480,84,1640,2980,29,2380,23,4770,47
"D","Yorkshire and The Humber",,,"00FF","York",,,8890,810,9,3190,36,800,9,4090,46,2750,31,6140,69,1260,810,1090,2090,3650,7920,89,970,2710,30,2020,23,4160,47
"D","Yorkshire and The Humber","36","North Yorkshire","36UB","Craven",,,2230,100,4,560,25,180,8,1380,62,660,30,1570,70,260,190,320,480,960,1960,88,260,520,23,330,15,1370,61
"D","Yorkshire and The Humber","36","North Yorkshire","36UC","Hambleton",,,2870,220,8,830,29,290,10,1530,53,930,32,1950,68,370,260,380,630,1230,2470,86,390,830,29,520,18,1530,53
"D","Yorkshire and The Humber","36","North Yorkshire","36UD","Harrogate",,,6120,510,8,1900,31,530,9,3170,52,1950,32,4170,68,690,530,830,1380,2690,5500,90,630,1840,30,1090,18,3190,52
"D","Yorkshire and The Humber","36","North Yorkshire","36UE","Richmondshire",,,1460,110,8,450,31,130,9,770,53,440,30,1020,70,230,140,210,300,590,1270,87,180,390,27,300,21,770,53
"D","Yorkshire and The Humber","36","North Yorkshire","36UF","Ryedale",,,2180,100,5,530,24,200,9,1360,62,740,34,1440,66,330,200,310,470,870,1790,82,390,510,23,320,15,1350,62
"D","Yorkshire and The Humber","36","North Yorkshire","36UG","Scarborough",,,8150,590,7,2690,33,880,11,3980,49,2910,36,5230,64,1050,700,1120,1990,3290,6860,84,1280,2470,30,1530,19,4140,51
"D","Yorkshire and The Humber","36","North Yorkshire","36UH","Selby",,,2960,250,8,900,30,270,9,1540,52,900,30,2060,70,370,330,420,670,1160,2520,85,440,750,25,640,22,1560,53
"E","East Midlands",,,"00FK","Derby",,,18160,1820,10,6970,38,1850,10,7500,41,6490,36,11670,64,2040,1530,2290,4770,7530,15470,85,2690,6020,33,4410,24,7730,43
"E","East Midlands",,,"00FN","Leicester",,,28280,2700,10,10580,37,2960,10,11990,42,10190,36,18090,64,3190,2810,3590,6960,11730,23270,82,5010,8950,32,6680,24,12650,45
"E","East Midlands",,,"00FP","Rutland",,,1030,70,7,290,28,90,9,590,57,340,33,700,68,150,100,130,210,450,890,86,140,250,24,180,17,600,58
"E","East Midlands",,,"00FY","Nottingham",,,29310,3290,11,12650,43,3110,11,10230,35,10600,36,18710,64,3150,2670,3750,7320,12420,25370,87,3930,10180,35,8270,28,10860,37
"E","East Midlands","17","Derbyshire","17UB","Amber Valley",,,6970,570,8,2170,31,730,10,3500,50,2420,35,4550,65,860,600,960,1910,2640,5760,83,1210,2090,30,1260,18,3620,52
"E","East Midlands","17","Derbyshire","17UC","Bolsover",,,5530,490,9,2170,39,630,11,2250,41,2130,39,3400,61,650,530,810,1410,2140,4320,78,1210,2130,39,1010,18,2390,43
"E","East Midlands","17","Derbyshire","17UD","Chesterfield",,,8390,660,8,2800,33,940,11,3980,47,3070,37,5320,63,1150,750,1160,2010,3310,6960,83,1420,2820,34,1510,18,4060,48
"E","East Midlands","17","Derbyshire","17UF","Derbyshire Dales",,,2710,130,5,710,26,240,9,1640,61,850,31,1860,69,370,200,400,650,1100,2350,87,370,680,25,370,14,1660,61
"E","East Midlands","17","Derbyshire","17UG","Erewash",,,6510,520,8,2260,35,640,10,3080,47,2150,33,4360,67,810,570,850,1700,2570,5500,84,1000,1950,30,1420,22,3130,48
"E","East Midlands","17","Derbyshire","17UH","High Peak",,,4740,360,8,1530,32,470,10,2380,50,1550,33,3190,67,640,440,610,1070,1980,4090,86,650,1430,30,910,19,2400,51
"E","East Midlands","17","Derbyshire","17UJ","North East Derbyshire",,,5790,390,7,1720,30,630,11,3050,53,2140,37,3650,63,740,470,730,1440,2400,4640,80,1140,1780,31,890,15,3120,54
"E","East Midlands","17","Derbyshire","17UK","South Derbyshire",,,3710,340,9,1230,33,390,11,1750,47,1300,35,2410,65,480,340,520,960,1410,3050,82,650,1240,33,710,19,1750,47
"E","East Midlands","31","Leicestershire","31UB","Blaby",,,2920,210,7,820,28,260,9,1620,55,930,32,2000,68,350,290,360,670,1260,2510,86,420,790,27,510,17,1620,55
"E","East Midlands","31","Leicestershire","31UC","Charnwood",,,6470,510,8,2000,31,550,9,3400,53,2050,32,4420,68,860,550,940,1420,2690,5520,85,950,1730,27,1290,20,3450,53
"E","East Midlands","31","Leicestershire","31UD","Harborough",,,2470,170,7,690,28,190,8,1420,57,750,30,1720,70,270,210,350,500,1140,2180,88,300,600,24,440,18,1430,58
"E","East Midlands","31","Leicestershire","31UE","Hinckley and Bosworth",,,4060,320,8,1190,29,340,8,2200,54,1270,31,2790,69,540,360,630,900,1630,3460,85,600,1050,26,760,19,2250,55
"E","East Midlands","31","Leicestershire","31UG","Melton",,,1820,150,8,540,30,160,9,970,53,520,29,1300,71,250,160,260,390,760,1610,88,220,440,24,380,21,1000,55
"E","East Midlands","31","Leicestershire","31UH","North West Leicestershire",,,3970,340,9,1300,33,420,11,1910,48,1340,34,2630,66,550,330,540,1040,1510,3300,83,670,1200,30,770,19,2000,50
"E","East Midlands","31","Leicestershire","31UJ","Oadby and Wigston",,,2160,150,7,640,30,170,8,1190,55,620,29,1540,71,290,200,280,500,890,1870,87,290,490,23,450,21,1220,56
"E","East Midlands","32","Lincolnshire","32UB","Boston",,,4050,310,8,1120,28,410,10,2210,55,1520,38,2520,62,500,380,590,920,1660,3270,81,780,1220,30,660,16,2170,54
"E","East Midlands","32","Lincolnshire","32UC","East Lindsey",,,9510,590,6,2680,28,1210,13,5020,53,3910,41,5600,59,1200,1000,1160,2170,3980,7240,76,2260,3270,34,1230,13,5000,53
"E","East Midlands","32","Lincolnshire","32UD","Lincoln",,,7290,770,11,2800,38,750,10,2970,41,2540,35,4750,65,960,680,1010,1710,2930,6210,85,1080,2490,34,1720,24,3080,42
"E","East Midlands","32","Lincolnshire","32UE","North Kesteven",,,4080,230,6,1120,27,400,10,2330,57,1400,34,2680,66,500,390,540,940,1710,3340,82,740,1120,27,640,16,2320,57
"E","East Midlands","32","Lincolnshire","32UF","South Holland",,,4000,220,6,1020,26,370,9,2390,60,1340,34,2660,67,510,420,510,840,1720,3260,82,740,1040,26,590,15,2370,59
"E","East Midlands","32","Lincolnshire","32UG","South Kesteven",,,5450,470,9,1630,30,510,9,2840,52,1740,32,3710,68,650,590,740,1220,2250,4670,86,780,1480,27,1110,20,2870,53
"E","East Midlands","32","Lincolnshire","32UH","West Lindsey",,,4400,320,7,1370,31,460,10,2250,51,1650,38,2750,63,550,420,570,950,1930,3650,83,750,1420,32,730,17,2260,51
"E","East Midlands","34","Northamptonshire","34UB","Corby",,,3760,440,12,1560,41,410,11,1340,36,1240,33,2520,67,490,380,530,920,1440,3280,87,480,1280,34,1060,28,1420,38
"E","East Midlands","34","Northamptonshire","34UC","Daventry",,,2410,190,8,840,35,170,7,1210,50,680,28,1730,72,310,230,350,530,980,2120,88,290,610,25,570,24,1220,51
"E","East Midlands","34","Northamptonshire","34UD","East Northamptonshire",,,3540,260,7,1030,29,270,8,1970,56,1060,30,2480,70,480,330,480,820,1420,3050,86,480,830,23,720,20,1980,56
"E","East Midlands","34","Northamptonshire","34UE","Kettering",,,4400,360,8,1410,32,410,9,2220,50,1370,31,3030,69,560,430,620,1040,1750,3790,86,610,1200,27,970,22,2230,51
"E","East Midlands","34","Northamptonshire","34UF","Northampton",,,11800,1150,10,4490,38,1200,10,4950,42,3830,32,7970,68,1370,1100,1450,2860,5030,10360,88,1450,3610,31,3130,27,5060,43
"E","East Midlands","34","Northamptonshire","34UG","South Northamptonshire",,,2180,110,5,540,25,190,9,1330,61,660,30,1520,70,280,220,330,480,870,1900,87,280,470,22,360,17,1350,62
"E","East Midlands","34","Northamptonshire","34UH","Wellingborough",,,4410,390,9,1580,36,400,9,2040,46,1390,32,3020,68,550,440,560,1030,1820,3790,86,620,1200,27,1120,25,2090,47
"E","East Midlands","37","Nottinghamshire","37UB","Ashfield",,,7680,820,11,2920,38,770,10,3170,41,2640,34,5040,66,950,750,1060,2020,2900,6360,83,1320,2600,34,1780,23,3290,43
"E","East Midlands","37","Nottinghamshire","37UC","Bassetlaw",,,7360,700,10,2670,36,750,10,3230,44,2660,36,4710,64,1070,750,1050,1760,2740,6050,82,1310,2510,34,1480,20,3370,46
"E","East Midlands","37","Nottinghamshire","37UD","Broxtowe",,,5200,430,8,1730,33,540,10,2500,48,1690,33,3510,68,620,480,660,1240,2200,4400,85,800,1570,30,1050,20,2580,50
"E","East Midlands","37","Nottinghamshire","37UE","Gedling",,,5290,430,8,1870,35,480,9,2510,47,1640,31,3650,69,600,450,790,1230,2200,4600,87,680,1510,29,1160,22,2620,50
"E","East Midlands","37","Nottinghamshire","37UF","Mansfield",,,7830,820,10,3280,42,840,11,2900,37,2900,37,4930,63,1000,730,1190,2050,2870,6390,82,1440,3000,38,1850,24,2990,38
"E","East Midlands","37","Nottinghamshire","37UG","Newark and Sherwood",,,6030,560,9,2310,38,560,9,2600,43,1990,33,4040,67,770,570,830,1530,2330,5040,84,1000,1970,33,1370,23,2700,45
"E","East Midlands","37","Nottinghamshire","37UJ","Rushcliffe",,,3550,240,7,1070,30,320,9,1920,54,1130,32,2430,68,420,370,450,800,1510,3130,88,420,1000,28,620,17,1940,55
"F","West Midlands",,,"00CN","Birmingham",,,106000,9100,9,40190,38,11200,11,45330,43,39290,37,66710,63,11710,8120,12650,25380,48130,88600,84,17390,33790,32,24930,24,47270,45
"F","West Midlands",,,"00CQ","Coventry",,,25570,2280,9,9380,37,2870,11,10990,43,8860,35,16710,65,2860,2120,3050,5710,11820,21910,86,3650,8360,33,5780,23,11430,45
"F","West Midlands",,,"00CR","Dudley",,,20750,1640,8,6360,31,2020,10,10710,52,7400,36,13350,64,2410,1910,2720,4590,9130,16920,82,3830,5760,28,4100,20,10890,52
"F","West Midlands",,,"00CS","Sandwell",,,28960,2290,8,9740,34,3080,11,13790,48,10160,35,18800,65,3140,2450,3630,7140,12600,23540,81,5420,8070,28,6580,23,14310,49
"F","West Midlands",,,"00CT","Solihull",,,10450,890,9,3640,35,1210,12,4720,45,3440,33,7010,67,1080,730,1300,2350,5000,8950,86,1500,3200,31,2430,23,4820,46
"F","West Midlands",,,"00CU","Walsall",,,22720,2050,9,7280,32,2310,10,11060,49,8480,37,14250,63,2840,1790,2940,5440,9720,18060,79,4670,6940,31,4480,20,11300,50
"F","West Midlands",,,"00CW","Wolverhampton",,,23550,2130,9,8220,35,2470,10,10690,45,8490,36,15070,64,2760,1950,3030,5480,10340,19470,83,4080,7160,30,5290,22,11100,47
"F","West Midlands",,,"00GA","Herefordshire, County of",,,8940,740,8,2990,33,920,10,4280,48,3180,36,5760,64,1130,980,1090,2000,3740,7630,85,1310,2820,32,1780,20,4340,49
"F","West Midlands",,,"00GF","Telford and Wrekin",,,11500,1240,11,4540,39,1230,11,4470,39,3850,33,7650,67,1390,1110,1380,2940,4690,9470,82,2030,3770,33,3110,27,4630,40
"F","West Midlands",,,"00GL","Stoke-on-Trent",,,22750,2390,11,8740,38,2450,11,9150,40,8340,37,14410,63,2710,2000,2940,5530,9570,18850,83,3890,8620,38,4650,20,9480,42
"F","West Midlands","39","Shropshire","39UB","Bridgnorth",,,2340,110,5,570,24,220,9,1450,62,860,37,1480,63,280,240,300,580,950,1930,82,420,610,26,290,12,1440,62
"F","West Midlands","39","Shropshire","39UC","North Shropshire",,,3170,210,7,880,28,280,9,1800,57,1150,36,2020,64,400,330,400,730,1320,2610,82,560,880,28,470,15,1820,57
"F","West Midlands","39","Shropshire","39UD","Oswestry",,,2310,190,8,660,29,220,10,1240,54,790,34,1520,66,290,200,280,520,1020,1970,85,350,700,30,360,16,1250,54
"F","West Midlands","39","Shropshire","39UE","Shrewsbury and Atcham",,,5160,380,7,1570,30,500,10,2710,53,1810,35,3340,65,670,470,660,1190,2160,4440,86,710,1590,31,880,17,2690,52
"F","West Midlands","39","Shropshire","39UF","South Shropshire",,,1900,90,5,520,27,210,11,1070,56,690,36,1210,64,220,190,230,410,860,1550,82,350,520,27,300,16,1080,57
"F","West Midlands","41","Staffordshire","41UB","Cannock Chase",,,5510,530,10,1860,34,630,11,2490,45,2020,37,3490,63,680,530,710,1340,2240,4370,79,1140,1830,33,1090,20,2590,47
"F","West Midlands","41","Staffordshire","41UC","East Staffordshire",,,5740,540,9,1970,34,520,9,2710,47,1910,33,3830,67,860,560,830,1250,2250,4870,85,870,1710,30,1270,22,2770,48
"F","West Midlands","41","Staffordshire","41UD","Lichfield",,,4130,310,8,1220,30,390,9,2210,54,1390,34,2740,66,550,420,520,930,1710,3480,84,650,1150,28,760,18,2210,54
"F","West Midlands","41","Staffordshire","41UE","Newcastle-under-Lyme",,,7060,650,9,2320,33,700,10,3380,48,2510,36,4540,64,980,680,830,1630,2930,5920,84,1130,2380,34,1230,17,3450,49
"F","West Midlands","41","Staffordshire","41UF","South Staffordshire",,,4700,250,5,1230,26,380,8,2840,60,1560,33,3150,67,600,370,630,1090,2010,3890,83,820,1130,24,740,16,2830,60
"F","West Midlands","41","Staffordshire","41UG","Stafford",,,5170,400,8,1570,30,480,9,2710,52,1650,32,3510,68,720,450,630,1220,2140,4530,88,640,1510,29,950,18,2710,52
"F","West Midlands","41","Staffordshire","41UH","Staffordshire Moorlands",,,4480,330,7,1430,32,430,10,2290,51,1580,35,2900,65,540,440,630,970,1900,3790,85,690,1530,34,680,15,2270,51
"F","West Midlands","41","Staffordshire","41UK","Tamworth",,,4420,440,10,1620,37,520,12,1840,42,1460,33,2970,67,550,380,620,1050,1830,3640,82,780,1310,30,1150,26,1960,44
"F","West Midlands","44","Warwickshire","44UB","North Warwickshire",,,2940,210,7,950,32,340,12,1440,49,1010,34,1930,66,370,240,410,660,1250,2370,81,570,900,31,570,19,1470,50
"F","West Midlands","44","Warwickshire","44UC","Nuneaton and Bedworth",,,7680,710,9,2730,36,810,11,3430,45,2700,35,4980,65,980,620,1040,1900,3140,6330,82,1350,2390,31,1730,23,3550,46
"F","West Midlands","44","Warwickshire","44UD","Rugby",,,4050,360,9,1310,32,380,9,1980,49,1240,31,2810,69,510,340,530,930,1740,3570,88,480,1110,27,930,23,2010,50
"F","West Midlands","44","Warwickshire","44UE","Stratford-on-Avon",,,4210,240,6,1090,26,350,8,2520,60,1360,32,2850,68,480,370,600,990,1780,3620,86,590,1030,24,670,16,2500,59
"F","West Midlands","44","Warwickshire","44UF","Warwick",,,5530,400,7,1790,32,450,8,2890,52,1800,33,3720,67,640,430,670,1280,2510,4910,89,620,1550,28,1050,19,2930,53
"F","West Midlands","47","Worcestershire","47UB","Bromsgrove",,,3300,210,6,920,28,280,8,1880,57,1050,32,2250,68,420,300,520,750,1320,2870,87,440,880,27,520,16,1900,58
"F","West Midlands","47","Worcestershire","47UC","Malvern Hills",,,3370,230,7,1000,30,330,10,1810,54,1170,35,2200,65,420,370,400,770,1410,2830,84,540,990,29,550,16,1840,55
"F","West Midlands","47","Worcestershire","47UD","Redditch",,,4730,460,10,1550,33,510,11,2200,47,1540,33,3190,67,640,390,650,1170,1880,3970,84,760,1350,29,1100,23,2280,48
"F","West Midlands","47","Worcestershire","47UE","Worcester",,,5130,530,10,1780,35,480,9,2340,46,1740,34,3380,66,660,520,680,1190,2070,4390,86,730,1570,31,1150,22,2410,47
"F","West Midlands","47","Worcestershire","47UF","Wychavon",,,4640,340,7,1370,30,400,9,2520,54,1540,33,3090,67,570,460,570,1100,1940,3890,84,750,1240,27,850,18,2550,55
"F","West Midlands","47","Worcestershire","47UG","Wyre Forest",,,5820,450,8,1920,33,630,11,2810,48,2000,34,3820,66,760,530,790,1360,2370,4890,84,930,1810,31,1140,20,2870,49
"G","East of England",,,"00JA","Peterborough",,,11350,1120,10,4610,41,1150,10,4450,39,3810,34,7530,66,1330,1060,1530,2980,4450,9550,84,1800,3390,30,3200,28,4760,42
"G","East of England",,,"00KA","Luton",,,12700,1120,9,5240,41,1430,11,4890,39,4700,37,8000,63,1580,1030,1680,3140,5280,10460,82,2240,4180,33,3530,28,4990,39
"G","East of England",,,"00KF","Southend-on-Sea",,,12760,1030,8,4620,36,1340,11,5750,45,4120,32,8640,68,1340,1220,1570,2970,5660,11220,88,1540,3760,29,3110,24,5890,46
"G","East of England",,,"00KG","Thurrock",,,8450,780,9,3450,41,930,11,3290,39,2640,31,5810,69,950,760,1040,1960,3740,7100,84,1350,2560,30,2450,29,3440,41
"G","East of England","09","Bedfordshire","09UC","Mid Bedfordshire",,,3750,270,7,1150,31,310,8,2030,54,1150,31,2600,69,450,330,480,900,1590,3260,87,490,950,25,780,21,2020,54
"G","East of England","09","Bedfordshire","09UD","Bedford",,,8260,750,9,3270,40,710,9,3520,43,2820,34,5440,66,970,780,1100,2090,3320,7190,87,1070,2470,30,2100,25,3690,45
"G","East of England","09","Bedfordshire","09UE","South Bedfordshire",,,4800,470,10,1840,38,400,8,2090,44,1430,30,3370,70,590,440,660,1150,1970,4170,87,630,1320,28,1390,29,2090,44
"G","East of England","12","Cambridgeshire","12UB","Cambridge",,,4860,440,9,1960,40,480,10,1970,41,1720,35,3140,65,590,360,640,1190,2070,4370,90,480,1700,35,1100,23,2060,42
"G","East of England","12","Cambridgeshire","12UC","East Cambridgeshire",,,2890,170,6,860,30,250,9,1610,56,930,32,1960,68,320,290,400,680,1200,2460,85,420,720,25,550,19,1620,56
"G","East of England","12","Cambridgeshire","12UD","Fenland",,,5450,430,8,1690,31,540,10,2790,51,1890,35,3550,65,710,590,690,1250,2210,4370,80,1080,1520,28,1070,20,2850,52
"G","East of England","12","Cambridgeshire","12UE","Huntingdonshire",,,5450,470,9,1890,35,480,9,2610,48,1750,32,3710,68,670,510,660,1310,2290,4660,86,800,1510,28,1280,23,2660,49
"G","East of England","12","Cambridgeshire","12UG","South Cambridgeshire",,,3720,250,7,1140,31,280,8,2050,55,1240,33,2480,67,500,330,470,780,1640,3270,88,450,1020,27,610,16,2090,56
"G","East of England","22","Essex","22UB","Basildon",,,11890,1150,10,4790,40,1170,10,4780,40,3640,31,8250,69,1270,1010,1480,2890,5250,10030,84,1860,3420,29,3440,29,5030,42
"G","East of England","22","Essex","22UC","Braintree",,,6630,440,7,2170,33,610,9,3410,51,2110,32,4520,68,750,590,890,1640,2760,5670,86,960,1880,28,1340,20,3420,52
"G","East of England","22","Essex","22UD","Brentwood",,,2580,160,6,830,32,280,11,1310,51,770,30,1800,70,260,170,370,590,1180,2260,88,320,680,26,540,21,1360,53
"G","East of England","22","Essex","22UE","Castle Point",,,4320,280,6,1410,33,480,11,2150,50,1460,34,2860,66,420,430,460,960,2050,3530,82,790,1180,27,960,22,2180,50
"G","East of England","22","Essex","22UF","Chelmsford",,,5530,450,8,2020,37,440,8,2610,47,1580,29,3950,71,610,470,870,1190,2390,4850,88,680,1440,26,1410,25,2690,49
"G","East of England","22","Essex","22UG","Colchester",,,7540,700,9,3020,40,760,10,3050,40,2430,32,5100,68,890,730,900,1730,3280,6600,88,940,2670,35,1840,24,3030,40
"G","East of England","22","Essex","22UH","Epping Forest",,,5800,350,6,2080,36,570,10,2810,48,1780,31,4020,69,550,490,730,1340,2690,4990,86,810,1540,27,1410,24,2850,49
"G","East of England","22","Essex","22UJ","Harlow",,,4930,450,9,2060,42,430,9,1990,40,1480,30,3460,70,600,430,700,1160,2040,4250,86,680,1410,29,1440,29,2090,42
"G","East of England","22","Essex","22UK","Maldon",,,2470,170,7,820,33,240,10,1240,50,820,33,1640,66,300,260,330,520,1060,2040,83,420,690,28,510,21,1260,51
"G","East of England","22","Essex","22UL","Rochford",,,3110,180,6,980,32,260,8,1690,54,960,31,2150,69,330,310,410,680,1390,2630,85,490,790,25,630,20,1690,54
"G","East of England","22","Essex","22UN","Tendring",,,10140,650,6,3050,30,1200,12,5240,52,3740,37,6400,63,1130,920,1270,2230,4600,8340,82,1800,3210,32,1770,17,5170,51
"G","East of England","22","Essex","22UQ","Uttlesford",,,1960,90,5,590,30,170,9,1100,56,600,31,1360,69,230,160,280,420,860,1690,86,270,470,24,380,19,1120,57
"G","East of England","26","Hertfordshire","26UB","Broxbourne",,,4350,320,7,1690,39,380,9,1970,45,1240,29,3110,71,450,410,520,1040,1920,3780,87,560,1140,26,1190,27,2010,46
"G","East of England","26","Hertfordshire","26UC","Dacorum",,,5740,530,9,1990,35,470,8,2740,48,1780,31,3960,69,670,500,770,1490,2300,5060,88,680,1530,27,1390,24,2810,49
"G","East of England","26","Hertfordshire","26UD","East Hertfordshire",,,4050,250,6,1290,32,330,8,2180,54,1200,30,2850,70,450,390,460,980,1750,3570,88,470,1090,27,790,20,2170,54
"G","East of England","26","Hertfordshire","26UE","Hertsmere",,,4560,280,6,1700,37,460,10,2110,46,1320,29,3230,71,420,370,560,1110,2080,4090,90,470,1230,27,1130,25,2190,48
"G","East of England","26","Hertfordshire","26UF","North Hertfordshire",,,5030,350,7,1600,32,410,8,2660,53,1500,30,3530,70,640,500,590,1140,2150,4440,88,580,1250,25,1090,22,2690,53
"G","East of England","26","Hertfordshire","26UG","St Albans",,,4440,310,7,1600,36,440,10,2080,47,1460,33,2970,67,440,360,580,1070,1980,3940,89,500,1370,31,980,22,2080,47
"G","East of England","26","Hertfordshire","26UH","Stevenage",,,4600,450,10,1820,40,360,8,1960,43,1390,30,3210,70,520,440,600,1100,1930,4000,87,600,1250,27,1350,29,2000,43
"G","East of England","26","Hertfordshire","26UJ","Three Rivers",,,3220,230,7,1070,33,270,8,1660,52,900,28,2320,72,340,320,400,730,1430,2900,90,330,780,24,780,24,1670,52
"G","East of England","26","Hertfordshire","26UK","Watford",,,3880,290,7,1440,37,380,10,1750,45,1220,31,2650,68,440,330,500,920,1680,3410,88,470,1100,28,980,25,1790,46
"G","East of England","26","Hertfordshire","26UL","Welwyn Hatfield",,,4640,380,8,1650,36,390,8,2210,48,1390,30,3250,70,620,370,650,1050,1950,4140,89,500,1310,28,1080,23,2260,49
"G","East of England","33","Norfolk","33UB","Breckland",,,6250,470,8,1810,29,580,9,3380,54,2220,36,4020,64,810,620,860,1460,2500,5100,82,1140,1660,27,1170,19,3420,55
"G","East of England","33","Norfolk","33UC","Broadland",,,4940,300,6,1390,28,420,9,2830,57,1680,34,3260,66,590,450,670,1150,2070,4240,86,700,1340,27,740,15,2850,58
"G","East of England","33","Norfolk","33UD","Great Yarmouth",,,7600,640,8,2600,34,850,11,3500,46,2740,36,4860,64,860,910,980,1770,3070,6290,83,1310,2380,31,1550,20,3680,48
"G","East of England","33","Norfolk","33UE","King's Lynn and West Norfolk",,,8540,620,7,2660,31,850,10,4400,52,3120,37,5420,63,1070,770,1010,1990,3700,6920,81,1620,2510,29,1550,18,4480,52
"G","East of England","33","Norfolk","33UF","North Norfolk",,,5850,340,6,1650,28,560,10,3300,56,2180,37,3670,63,740,540,730,1220,2610,4820,82,1030,1690,29,840,14,3320,57
"G","East of England","33","Norfolk","33UG","Norwich",,,10760,1110,10,4230,39,1080,10,4330,40,3950,37,6810,63,1310,1080,1380,2430,4550,9290,86,1460,3770,35,2470,23,4530,42
"G","East of England","33","Norfolk","33UH","South Norfolk",,,4860,280,6,1240,26,450,9,2880,59,1740,36,3120,64,640,410,680,1090,2040,3990,82,880,1300,27,680,14,2880,59
"G","East of England","42","Suffolk","42UB","Babergh",,,3480,230,7,1070,31,310,9,1870,54,1130,32,2350,68,390,330,450,740,1570,2970,85,510,970,28,640,18,1870,54
"G","East of England","42","Suffolk","42UC","Forest Heath",,,2240,140,6,610,27,200,9,1290,58,720,32,1520,68,340,220,310,450,920,1910,85,320,530,24,390,17,1320,59
"G","East of England","42","Suffolk","42UD","Ipswich",,,8700,810,9,3100,36,810,9,3980,46,2910,33,5780,66,1120,700,1090,2020,3770,7510,86,1180,2530,29,2000,23,4170,48
"G","East of England","42","Suffolk","42UE","Mid Suffolk",,,3150,220,7,890,28,240,8,1800,57,1010,32,2140,68,380,250,380,770,1370,2650,84,500,760,24,570,18,1820,58
"G","East of England","42","Suffolk","42UF","St Edmundsbury",,,4070,320,8,1300,32,350,9,2110,52,1270,31,2800,69,510,390,540,930,1700,3540,87,530,1110,27,800,20,2170,53
"G","East of England","42","Suffolk","42UG","Suffolk Coastal",,,4860,290,6,1420,29,430,9,2720,56,1530,31,3320,68,570,410,650,1120,2090,4180,86,670,1190,24,890,18,2770,57
"G","East of England","42","Suffolk","42UH","Waveney",,,7850,630,8,2780,35,790,10,3650,46,2690,34,5160,66,970,770,1130,1710,3260,6510,83,1340,2360,30,1680,21,3800,48
"H","London",,,"00AA","City of London",,,300,20,7,110,37,40,13,120,40,150,50,150,50,30,20,50,80,110,270,90,30,120,40,40,13,140,47
"H","London",,,"00AB","Barking and Dagenham",,,16040,1560,10,7330,46,1600,10,5530,34,4890,30,11150,70,1400,1280,1900,4020,7430,13710,85,2320,4810,30,5240,33,5990,37
"H","London",,,"00AC","Barnet",,,19300,1170,6,8170,42,1970,10,7970,41,6450,33,12860,67,1620,1430,2430,4970,8850,16770,87,2540,5620,29,5060,26,8620,45
"H","London",,,"00AD","Bexley",,,11130,880,8,4760,43,1040,9,4430,40,3120,28,8000,72,1050,890,1390,2490,5300,9830,88,1290,2820,25,3700,33,4610,41
"H","London",,,"00AE","Brent",,,23480,1520,6,10770,46,2630,11,8510,36,8940,38,14530,62,2050,1810,2930,5930,10760,20260,86,3210,7580,32,6650,28,9250,39
"H","London",,,"00AF","Bromley",,,14300,1070,7,5930,41,1400,10,5900,41,4290,30,10020,70,1340,1150,1770,3310,6730,12810,90,1490,3970,28,4190,29,6150,43
"H","London",,,"00AG","Camden",,,20810,1320,6,10040,48,2610,13,6790,33,8730,42,12080,58,1950,1590,2510,5100,9670,18640,90,2160,8710,42,4740,23,7370,35
"H","London",,,"00AH","Croydon",,,21660,1990,9,10080,47,2050,9,7520,35,6680,31,14980,69,2130,1660,2870,5340,9650,19260,89,2400,6050,28,7460,34,8150,38
"H","London",,,"00AJ","Ealing",,,22880,1610,7,10280,45,2670,12,8270,36,8460,37,14410,63,2070,1570,2870,5620,10750,19540,85,3320,7520,33,6090,27,9270,41
"H","London",,,"00AK","Enfield",,,21330,1660,8,9640,45,2190,10,7810,37,7250,34,14080,66,1910,1680,2770,5530,9440,17790,83,3540,6380,30,6250,29,8700,41
"H","London",,,"00AL","Greenwich",,,20210,1990,10,9750,48,2200,11,6250,31,6100,30,14110,70,1770,1500,2360,5050,9520,17900,89,2310,6020,30,7330,36,6860,34
"H","London",,,"00AM","Hackney",,,28710,2170,8,14450,50,3430,12,8600,30,10750,37,17960,63,2290,2110,3340,7610,13370,24970,87,3730,9850,34,8430,29,10430,36
"H","London",,,"00AN","Hammersmith and Fulham",,,14570,1040,7,7110,49,1750,12,4640,32,5370,37,9200,63,1290,1070,1720,3550,6950,13200,91,1360,5170,35,4230,29,5170,35
"H","London",,,"00AP","Haringey",,,24910,1950,8,12630,51,2670,11,7610,31,9130,37,15780,63,2340,1910,3090,6450,11140,21730,87,3180,7930,32,7730,31,9250,37
"H","London",,,"00AQ","Harrow",,,12100,770,6,4650,38,1180,10,5470,45,4210,35,7890,65,1070,1000,1560,3030,5430,10050,83,2050,3430,28,2850,24,5820,48
"H","London",,,"00AR","Havering",,,12280,850,7,4580,37,1260,10,5580,45,3740,30,8550,70,1210,1100,1540,2790,5630,10600,86,1690,3450,28,3090,25,5730,47
"H","London",,,"00AS","Hillingdon",,,14120,1440,10,6200,44,1370,10,5110,36,4470,32,9650,68,1390,1280,1590,3440,6420,12320,87,1800,4070,29,4460,32,5590,40
"H","London",,,"00AT","Hounslow",,,15920,1360,9,7150,45,1800,11,5580,35,5540,35,10370,65,1560,1320,1960,4140,6940,13620,86,2290,5060,32,4610,29,6250,39
"H","London",,,"00AU","Islington",,,22900,1580,7,11470,50,2770,12,7030,31,8300,36,14600,64,1730,1500,2730,5430,11490,20420,89,2470,8580,37,6470,28,7850,34
"H","London",,,"00AW","Kensington and Chelsea",,,11050,570,5,4890,44,1530,14,4050,37,4420,40,6630,60,1010,800,1250,2700,5290,9970,90,1080,4370,40,2340,21,4340,39
"H","London",,,"00AX","Kingston upon Thames",,,5850,480,8,2310,39,600,10,2450,42,1860,32,3980,68,580,460,800,1430,2570,5210,89,640,1730,30,1550,26,2570,44
"H","London",,,"00AY","Lambeth",,,26830,2150,8,13910,52,2840,11,7890,29,9370,35,17460,65,2460,2110,3110,6680,12470,24750,92,2080,8680,32,9350,35,8810,33
"H","London",,,"00AZ","Lewisham",,,22950,1990,9,11290,49,2320,10,7310,32,7410,32,15540,68,2320,1780,2750,5290,10810,20920,91,2020,6720,29,8210,36,8010,35
"H","London",,,"00BA","Merton",,,9360,720,8,3940,42,970,10,3730,40,2980,32,6380,68,830,720,1290,2160,4360,8200,88,1170,2600,28,2760,29,4000,43
"H","London",,,"00BB","Newham",,,29040,2310,8,14130,49,3250,11,9290,32,10350,36,18680,64,2550,2250,3680,7340,13220,24190,83,4840,9310,32,9410,32,10310,36
"H","London",,,"00BC","Redbridge",,,15190,880,6,6170,41,1700,11,6410,42,5310,35,9880,65,1390,1290,1770,3650,7080,12610,83,2580,4630,30,3750,25,6810,45
"H","London",,,"00BD","Richmond upon Thames",,,6510,370,6,2560,39,760,12,2820,43,2190,34,4320,66,620,550,700,1510,3130,5840,90,670,2120,33,1480,23,2910,45
"H","London",,,"00BE","Southwark",,,26440,2150,8,13340,50,2970,11,7930,30,8660,33,17790,67,2410,2160,3020,6470,12380,24000,91,2440,8430,32,9250,35,8760,33
"H","London",,,"00BF","Sutton",,,8710,710,8,3530,41,830,10,3640,42,2530,29,6180,71,920,780,1230,1970,3810,7810,90,900,2440,28,2500,29,3770,43
"H","London",,,"00BG","Tower Hamlets",,,24660,1680,7,10470,42,3000,12,9390,38,10460,42,14200,58,2380,1910,3150,5940,11270,19460,79,5190,8540,35,5930,24,10190,41
"H","London",,,"00BH","Waltham Forest",,,19510,1420,7,8820,45,2100,11,7140,37,6880,35,12630,65,1830,1480,2640,4870,8690,16580,85,2930,6140,31,5600,29,7770,40
"H","London",,,"00BJ","Wandsworth",,,18410,1320,7,7850,43,2030,11,7180,39,6350,34,12050,65,1490,1280,2030,4540,9070,16490,90,1920,5620,31,4950,27,7840,43
"H","London",,,"00BK","Westminster",,,16380,840,5,7530,46,2090,13,5900,36,6950,42,9430,58,1320,1230,1950,3900,7990,14320,87,2050,6590,40,3340,20,6450,39
"J","South East",,,"00LC","Medway",,,14070,1400,10,5810,41,1400,10,5430,39,4400,31,9670,69,1610,1250,1900,3520,5790,12050,86,2020,4080,29,4320,31,5670,40
"J","South East",,,"00MA","Bracknell Forest",,,3610,320,9,1370,38,290,8,1630,45,1110,31,2510,70,480,340,540,810,1440,3190,88,420,940,26,990,27,1690,47
"J","South East",,,"00MB","West Berkshire",,,4350,420,10,1560,36,360,8,2010,46,1390,32,2960,68,550,420,550,900,1940,3840,88,510,1230,28,1090,25,2040,47
"J","South East",,,"00MC","Reading",,,7560,820,11,3210,42,730,10,2790,37,2500,33,5060,67,830,640,970,1760,3370,6660,88,900,2350,31,2370,31,2850,38
"J","South East",,,"00MD","Slough",,,7200,600,8,2950,41,720,10,2920,41,2410,33,4790,67,850,700,870,1690,3080,6110,85,1090,2030,28,2150,30,3030,42
"J","South East",,,"00ME","Windsor and Maidenhead",,,4230,320,8,1400,33,360,9,2140,51,1240,29,3000,71,470,440,510,910,1900,3770,89,460,1060,25,1000,24,2170,51
"J","South East",,,"00MF","Wokingham",,,3290,250,8,1140,35,290,9,1600,49,1080,33,2210,67,370,290,400,690,1540,2910,88,380,1010,31,670,20,1600,49
"J","South East",,,"00MG","Milton Keynes",,,11080,1230,11,4740,43,1180,11,3920,35,3470,31,7600,69,1390,1220,1530,2510,4430,9530,86,1540,3630,33,3380,31,4070,37
"J","South East",,,"00ML","Brighton and Hove",,,19920,1220,6,8050,40,2330,12,8320,42,7610,38,12310,62,2000,1530,2350,4380,9660,17710,89,2210,7410,37,4130,21,8390,42
"J","South East",,,"00MR","Portsmouth",,,12500,1110,9,5060,40,1410,11,4900,39,4210,34,8290,66,1420,1040,1650,2900,5490,11080,89,1410,4010,32,3450,28,5040,40
"J","South East",,,"00MS","Southampton",,,15710,1630,10,6430,41,1730,11,5900,38,5300,34,10410,66,1830,1440,2050,3620,6770,13810,88,1900,5190,33,4400,28,6120,39
"J","South East",,,"00MW","Isle of Wight",,,9610,690,7,3170,33,1030,11,4720,49,3310,34,6310,66,1070,860,1300,2270,4120,8170,85,1440,2860,30,1930,20,4830,50
"J","South East","11","Buckinghamshire","11UB","Aylesbury Vale",,,5460,460,8,1900,35,480,9,2610,48,1710,31,3750,69,720,550,800,1200,2180,4820,88,630,1500,27,1280,23,2670,49
"J","South East","11","Buckinghamshire","11UC","Chiltern",,,2600,210,8,910,35,240,9,1250,48,890,34,1710,66,320,240,350,750,940,2330,90,270,870,33,490,19,1240,48
"J","South East","11","Buckinghamshire","11UE","South Bucks",,,1800,140,8,610,34,150,8,910,51,530,29,1280,71,190,190,230,400,800,1600,89,210,440,24,420,23,940,52
"J","South East","11","Buckinghamshire","11UF","Wycombe",,,5880,490,8,2170,37,510,9,2700,46,1890,32,3990,68,710,500,830,1410,2430,5010,85,880,1540,26,1540,26,2810,48
"J","South East","21","East Sussex","21UC","Eastbourne",,,6320,430,7,2310,37,600,9,2970,47,2060,33,4260,67,760,530,840,1550,2650,5590,88,730,1870,30,1400,22,3040,48
"J","South East","21","East Sussex","21UD","Hastings",,,8620,750,9,3450,40,1030,12,3390,39,3090,36,5540,64,980,810,1100,1940,3780,7480,87,1140,3100,36,2060,24,3470,40
"J","South East","21","East Sussex","21UF","Lewes",,,4480,300,7,1400,31,470,10,2300,51,1500,33,2970,66,560,340,530,1040,2000,3850,86,630,1260,28,900,20,2320,52
"J","South East","21","East Sussex","21UG","Rother",,,4940,260,5,1560,32,510,10,2610,53,1630,33,3310,67,580,490,530,1050,2290,4250,86,690,1450,29,910,18,2580,52
"J","South East","21","East Sussex","21UH","Wealden",,,5270,320,6,1600,30,470,9,2880,55,1700,32,3570,68,630,470,660,1260,2260,4550,86,720,1440,27,960,18,2860,54
"J","South East","24","Hampshire","24UB","Basingstoke and Deane",,,5060,520,10,1950,39,400,8,2190,43,1480,29,3580,71,620,530,690,1100,2120,4490,89,570,1430,28,1420,28,2210,44
"J","South East","24","Hampshire","24UC","East Hampshire",,,3720,310,8,1220,33,320,9,1870,50,1170,31,2550,69,440,320,480,940,1540,3240,87,480,1070,29,770,21,1880,51
"J","South East","24","Hampshire","24UD","Eastleigh",,,4100,300,7,1460,36,380,9,1970,48,1190,29,2910,71,490,390,540,940,1740,3630,89,480,1160,28,960,23,1980,48
"J","South East","24","Hampshire","24UE","Fareham",,,3430,260,8,1080,31,270,8,1810,53,1010,29,2420,71,460,320,500,750,1400,3030,88,400,860,25,740,22,1830,53
"J","South East","24","Hampshire","24UF","Gosport",,,3800,380,10,1500,39,310,8,1600,42,1110,29,2690,71,600,360,600,850,1400,3300,87,490,1000,26,1120,29,1680,44
"J","South East","24","Hampshire","24UG","Hart",,,1600,120,8,530,33,120,8,820,51,460,29,1140,71,200,120,240,350,690,1400,88,200,400,25,360,23,830,52
"J","South East","24","Hampshire","24UH","Havant",,,7140,680,10,2710,38,770,11,2970,42,2360,33,4780,67,880,700,890,1650,3020,5970,84,1170,2160,30,1950,27,3030,42
"J","South East","24","Hampshire","24UJ","New Forest",,,7050,510,7,2360,33,610,9,3570,51,2230,32,4810,68,890,700,900,1690,2870,6050,86,1000,1930,27,1510,21,3610,51
"J","South East","24","Hampshire","24UL","Rushmoor",,,3210,320,10,1340,42,280,9,1280,40,950,30,2260,70,440,330,470,720,1250,2880,90,330,1000,31,930,29,1280,40
"J","South East","24","Hampshire","24UN","Test Valley",,,3710,310,8,1200,32,310,8,1890,51,1120,30,2590,70,480,380,480,830,1530,3260,88,440,1040,28,780,21,1890,51
"J","South East","24","Hampshire","24UP","Winchester",,,3360,260,8,1060,32,260,8,1780,53,1110,33,2250,67,440,370,430,730,1390,3000,89,360,940,28,610,18,1820,54
"J","South East","29","Kent","29UB","Ashford",,,5110,490,10,1890,37,470,9,2250,44,1620,32,3490,68,600,480,620,1240,2170,4370,86,740,1470,29,1320,26,2320,45
"J","South East","29","Kent","29UC","Canterbury",,,7970,630,8,2670,34,850,11,3810,48,2650,33,5320,67,820,700,1000,1830,3610,6840,86,1120,2370,30,1710,21,3880,49
"J","South East","29","Kent","29UD","Dartford",,,4070,360,9,1660,41,370,9,1690,42,1190,29,2880,71,400,360,590,1000,1730,3530,87,530,1110,27,1200,29,1760,43
"J","South East","29","Kent","29UE","Dover",,,7010,670,10,2690,38,720,10,2930,42,2290,33,4730,67,840,600,970,1630,2960,6110,87,900,2160,31,1820,26,3030,43
"J","South East","29","Kent","29UG","Gravesham",,,5280,440,8,2010,38,520,10,2300,44,1690,32,3600,68,550,400,710,1220,2400,4530,86,750,1470,28,1430,27,2380,45
"J","South East","29","Kent","29UH","Maidstone",,,6410,590,9,2330,36,570,9,2910,45,2120,33,4290,67,670,630,820,1510,2790,5520,86,880,1950,30,1500,23,2950,46
"J","South East","29","Kent","29UK","Sevenoaks",,,4110,340,8,1440,35,400,10,1940,47,1240,30,2870,70,380,450,480,1000,1800,3520,86,590,1180,29,960,23,1970,48
"J","South East","29","Kent","29UL","Shepway",,,7260,620,9,2670,37,800,11,3170,44,2570,35,4690,65,860,540,890,1760,3210,6250,86,1010,2400,33,1580,22,3280,45
"J","South East","29","Kent","29UM","Swale",,,7670,750,10,3000,39,850,11,3070,40,2630,34,5040,66,910,750,1040,1780,3190,6410,84,1250,2530,33,2000,26,3140,41
"J","South East","29","Kent","29UN","Thanet",,,11650,920,8,3880,33,1340,12,5500,47,4130,35,7520,65,1290,1010,1480,2780,5090,9980,86,1660,3450,30,2580,22,5610,48
"J","South East","29","Kent","29UP","Tonbridge and Malling",,,4030,350,9,1460,36,380,9,1830,45,1220,30,2810,70,430,400,470,930,1800,3460,86,560,1120,28,1040,26,1860,46
"J","South East","29","Kent","29UQ","Tunbridge Wells",,,4710,390,8,1600,34,440,9,2280,48,1550,33,3160,67,510,400,500,1210,2080,4130,88,570,1430,30,990,21,2290,49
"J","South East","38","Oxfordshire","38UB","Cherwell",,,4780,480,10,1730,36,410,9,2160,45,1500,31,3280,69,590,480,640,1170,1900,4190,88,590,1360,28,1220,26,2200,46
"J","South East","38","Oxfordshire","38UC","Oxford",,,7360,710,10,3120,42,750,10,2770,38,2620,36,4740,64,850,680,830,1850,3150,6650,90,710,2500,34,1950,26,2910,40
"J","South East","38","Oxfordshire","38UD","South Oxfordshire",,,3610,270,7,1260,35,290,8,1780,49,1110,31,2500,69,410,330,480,780,1610,3210,89,400,980,27,840,23,1790,50
"J","South East","38","Oxfordshire","38UE","Vale of White Horse",,,3460,290,8,1160,34,250,7,1770,51,1040,30,2420,70,410,300,470,780,1510,3030,88,420,890,26,760,22,1810,52
"J","South East","38","Oxfordshire","38UF","West Oxfordshire",,,3010,200,7,860,29,220,7,1720,57,930,31,2080,69,370,290,320,670,1360,2630,87,380,740,25,550,18,1720,57
"J","South East","43","Surrey","43UB","Elmbridge",,,3880,260,7,1350,35,340,9,1930,50,1160,30,2710,70,420,360,490,880,1730,3470,89,400,1010,26,940,24,1930,50
"J","South East","43","Surrey","43UC","Epsom and Ewell",,,1890,160,8,730,39,170,9,830,44,600,32,1290,68,210,200,230,470,790,1690,89,200,560,30,510,27,830,44
"J","South East","43","Surrey","43UD","Guildford",,,3960,320,8,1450,37,350,9,1840,46,1270,32,2690,68,430,320,580,830,1810,3490,88,470,1170,30,910,23,1880,47
"J","South East","43","Surrey","43UE","Mole Valley",,,2380,150,6,750,32,210,9,1270,53,800,34,1580,66,250,220,280,590,1040,2140,90,240,730,31,400,17,1250,53
"J","South East","43","Surrey","43UF","Reigate and Banstead",,,4530,370,8,1620,36,460,10,2070,46,1550,34,2980,66,480,410,580,1110,1960,4050,89,480,1500,33,930,21,2090,46
"J","South East","43","Surrey","43UG","Runnymede",,,2560,170,7,830,32,240,9,1320,52,770,30,1790,70,300,240,290,540,1190,2270,89,290,680,27,560,22,1310,51
"J","South East","43","Surrey","43UH","Spelthorne",,,3430,240,7,1330,39,300,9,1560,45,1080,31,2360,69,330,320,410,780,1580,3000,87,440,960,28,870,25,1600,47
"J","South East","43","Surrey","43UJ","Surrey Heath",,,1960,160,8,680,35,150,8,970,49,580,30,1380,70,210,180,280,440,850,1720,88,240,500,26,480,24,980,50
"J","South East","43","Surrey","43UK","Tandridge",,,2680,180,7,890,33,300,11,1310,49,890,33,1790,67,250,220,390,630,1190,2430,91,250,850,32,550,21,1280,48
"J","South East","43","Surrey","43UL","Waverley",,,3770,260,7,1170,31,360,10,1980,53,1140,30,2630,70,400,330,470,840,1730,3370,89,400,1080,29,700,19,1990,53
"J","South East","43","Surrey","43UM","Woking",,,3100,240,8,1080,35,320,10,1460,47,970,31,2130,69,320,270,430,740,1330,2740,88,360,920,30,700,23,1490,48
"J","South East","45","West Sussex","45UB","Adur",,,3370,240,7,1110,33,320,9,1690,50,1020,30,2350,70,400,260,410,710,1590,2900,86,470,890,26,770,23,1710,51
"J","South East","45","West Sussex","45UC","Arun",,,8150,430,5,2570,32,820,10,4320,53,2820,35,5330,65,920,710,990,1800,3720,7020,86,1130,2370,29,1510,19,4270,52
"J","South East","45","West Sussex","45UD","Chichester",,,4510,270,6,1330,29,390,9,2520,56,1430,32,3070,68,490,470,560,960,2020,3880,86,630,1140,25,870,19,2510,56
"J","South East","45","West Sussex","45UE","Crawley",,,4640,510,11,1900,41,390,8,1850,40,1340,29,3300,71,610,480,640,1180,1730,4080,88,560,1280,28,1430,31,1940,42
"J","South East","45","West Sussex","45UF","Horsham",,,3500,260,7,1150,33,290,8,1800,51,1050,30,2450,70,410,360,440,860,1430,3080,88,420,880,25,780,22,1840,53
"J","South East","45","West Sussex","45UG","Mid Sussex",,,4020,310,8,1320,33,300,7,2080,52,1200,30,2820,70,480,380,510,940,1710,3600,90,420,1130,28,840,21,2050,51
"J","South East","45","West Sussex","45UH","Worthing",,,5950,440,7,1960,33,550,9,3000,50,1970,33,3980,67,620,480,880,1270,2700,5340,90,610,1830,31,1090,18,3030,51
"K","South West",,,"00HA","Bath and North East Somerset",,,7950,620,8,3020,38,730,9,3570,45,2680,34,5260,66,940,660,1120,1810,3410,7130,90,820,2600,33,1740,22,3610,45
"K","South West",,,"00HB","Bristol, City of",,,31130,2820,9,13090,42,3290,11,11910,38,11380,37,19750,63,3530,2690,3880,7590,13440,27380,88,3740,11220,36,7690,25,12220,39
"K","South West",,,"00HC","North Somerset",,,10480,750,7,3490,33,1070,10,5170,49,3780,36,6690,64,1320,960,1390,2330,4480,9130,87,1350,3620,35,1720,16,5130,49
"K","South West",,,"00HD","South Gloucestershire",,,9580,790,8,3430,36,860,9,4500,47,3020,32,6560,68,1130,820,1290,2260,4080,8280,86,1300,2750,29,2340,24,4490,47
"K","South West",,,"00HG","Plymouth",,,19110,1880,10,7700,40,2170,11,7350,38,6750,35,12350,65,2290,1530,2570,4630,8090,16480,86,2630,7160,37,4220,22,7720,40
"K","South West",,,"00HH","Torbay",,,11900,710,6,3830,32,1400,12,5960,50,4390,37,7500,63,1530,1050,1380,2720,5220,10050,84,1850,3830,32,2110,18,5960,50
"K","South West",,,"00HN","Bournemouth",,,13020,780,6,4780,37,1420,11,6040,46,4840,37,8180,63,1550,1110,1630,2990,5750,11590,89,1430,4570,35,2370,18,6080,47
"K","South West",,,"00HP","Poole",,,7460,520,7,2550,34,770,10,3610,48,2360,32,5100,68,800,620,950,1740,3340,6450,86,1010,2100,28,1690,23,3680,49
"K","South West",,,"00HX","Swindon",,,9180,890,10,3280,36,870,9,4140,45,2910,32,6270,68,1170,840,1080,2180,3910,8010,87,1160,2710,30,2300,25,4160,45
"K","South West","15","Cornwall and Isles of Scilly","15UB","Caradon",,,4540,300,7,1350,30,460,10,2420,53,1590,35,2950,65,560,380,640,1050,1910,3720,82,810,1280,28,780,17,2480,55
"K","South West","15","Cornwall and Isles of Scilly","15UC","Carrick",,,5740,360,6,1830,32,580,10,2970,52,2110,37,3630,63,700,550,710,1310,2470,4750,83,990,1750,30,940,16,3050,53
"K","South West","15","Cornwall and Isles of Scilly","15UD","Kerrier",,,7240,480,7,2320,32,810,11,3630,50,2850,39,4390,61,880,680,860,1680,3130,5680,78,1560,2390,33,1220,17,3630,50
"K","South West","15","Cornwall and Isles of Scilly","15UE","North Cornwall",,,4930,290,6,1500,30,510,10,2620,53,1850,38,3070,62,650,460,710,1050,2060,3970,81,960,1470,30,800,16,2660,54
"K","South West","15","Cornwall and Isles of Scilly","15UF","Penwith",,,5740,350,6,1770,31,720,13,2900,51,2260,39,3480,61,690,470,740,1370,2470,4590,80,1160,1940,34,870,15,2940,51
"K","South West","15","Cornwall and Isles of Scilly","15UG","Restormel",,,6490,480,7,2130,33,780,12,3100,48,2470,38,4020,62,800,630,920,1540,2600,5260,81,1240,2210,34,1130,17,3150,49
"K","South West","15","Cornwall and Isles of Scilly","15UH","Isles of Scilly",,,40,0,0,0,0,0,0,30,75,10,25,30,75,0,10,0,10,20,30,75,0,0,0,0,0,30,75
"K","South West","18","Devon","18UB","East Devon",,,5970,340,6,1690,28,580,10,3360,56,1960,33,4000,67,790,540,720,1290,2640,5080,85,880,1620,27,970,16,3380,57
"K","South West","18","Devon","18UC","Exeter",,,6900,620,9,2660,39,720,10,2900,42,2400,35,4510,65,870,560,850,1640,2980,6090,88,810,2430,35,1490,22,2980,43
"K","South West","18","Devon","18UD","Mid Devon",,,3610,260,7,1150,32,370,10,1820,50,1260,35,2350,65,440,280,530,840,1520,3020,84,590,1120,31,660,18,1830,51
"K","South West","18","Devon","18UE","North Devon",,,5590,370,7,1830,33,650,12,2740,49,2020,36,3560,64,680,540,710,1270,2390,4760,85,830,1760,31,1070,19,2750,49
"K","South West","18","Devon","18UG","South Hams",,,4250,250,6,1340,32,500,12,2160,51,1530,36,2710,64,520,400,480,970,1870,3600,85,650,1340,32,710,17,2190,52
"K","South West","18","Devon","18UH","Teignbridge",,,7110,430,6,2010,28,750,11,3910,55,2530,36,4590,65,880,660,900,1510,3170,6040,85,1070,2070,29,1150,16,3890,55
"K","South West","18","Devon","18UK","Torridge",,,3570,220,6,1050,29,400,11,1900,53,1320,37,2250,63,480,330,480,780,1510,2950,83,610,1070,30,570,16,1920,54
"K","South West","18","Devon","18UL","West Devon",,,2470,130,5,720,29,260,11,1350,55,880,36,1590,64,320,200,330,510,1120,2040,83,430,750,30,390,16,1340,54
"K","South West","19","Dorset","19UC","Christchurch",,,2250,130,6,670,30,200,9,1250,56,730,32,1520,68,280,180,340,500,950,1890,84,360,570,25,420,19,1260,56
"K","South West","19","Dorset","19UD","East Dorset",,,2970,190,6,870,29,240,8,1660,56,950,32,2020,68,360,270,360,660,1320,2480,84,490,750,25,540,18,1680,57
"K","South West","19","Dorset","19UE","North Dorset",,,2340,160,7,730,31,210,9,1240,53,780,33,1560,67,280,200,310,540,1000,1960,84,380,670,29,440,19,1220,52
"K","South West","19","Dorset","19UG","Purbeck",,,1930,100,5,610,32,180,9,1030,53,640,33,1290,67,220,210,270,430,790,1610,83,320,510,26,390,20,1030,53
"K","South West","19","Dorset","19UH","West Dorset",,,4240,260,6,1280,30,420,10,2280,54,1490,35,2750,65,550,420,560,960,1750,3570,84,680,1320,31,650,15,2280,54
"K","South West","19","Dorset","19UJ","Weymouth and Portland",,,4200,420,10,1530,36,500,12,1750,42,1560,37,2640,63,560,390,540,1030,1680,3620,86,580,1610,38,850,20,1750,42
"K","South West","23","Gloucestershire","23UB","Cheltenham",,,5650,550,10,2050,36,540,10,2510,44,1900,34,3750,66,730,560,660,1360,2330,4980,88,670,1810,32,1270,22,2570,45
"K","South West","23","Gloucestershire","23UC","Cotswold",,,2900,150,5,740,26,230,8,1780,61,910,31,1990,69,500,290,330,620,1170,2510,87,390,670,23,460,16,1780,61
"K","South West","23","Gloucestershire","23UD","Forest of Dean",,,4250,290,7,1270,30,470,11,2220,52,1510,36,2750,65,570,360,550,870,1900,3570,84,680,1330,31,660,16,2270,53
"K","South West","23","Gloucestershire","23UE","Gloucester",,,6970,720,10,2570,37,770,11,2900,42,2470,35,4490,64,910,570,950,1590,2950,6060,87,900,2290,33,1720,25,2960,42
"K","South West","23","Gloucestershire","23UF","Stroud",,,4660,330,7,1430,31,410,9,2490,53,1480,32,3180,68,560,390,650,1130,1930,4110,88,550,1340,29,800,17,2520,54
"K","South West","23","Gloucestershire","23UG","Tewkesbury",,,3020,260,9,940,31,280,9,1540,51,860,28,2160,72,360,290,400,690,1280,2640,87,380,760,25,680,23,1580,52
"K","South West","40","Somerset","40UB","Mendip",,,5190,370,7,1800,35,480,9,2530,49,1690,33,3500,67,590,430,740,1240,2180,4490,87,700,1600,31,1060,20,2520,49
"K","South West","40","Somerset","40UC","Sedgemoor",,,6100,510,8,2040,33,610,10,2920,48,2120,35,3980,65,820,610,710,1410,2540,5130,84,970,1880,31,1230,20,2980,49
"K","South West","40","Somerset","40UD","South Somerset",,,7060,590,8,2050,29,620,9,3800,54,2290,32,4770,68,920,680,980,1610,2860,6060,86,990,2010,28,1200,17,3840,54
"K","South West","40","Somerset","40UE","Taunton Deane",,,5550,450,8,1930,35,560,10,2600,47,1950,35,3600,65,640,570,700,1280,2360,4820,87,730,1850,33,1060,19,2650,48
"K","South West","40","Somerset","40UF","West Somerset",,,2140,140,7,660,31,200,9,1140,53,760,36,1390,65,240,210,250,550,890,1780,83,370,650,30,340,16,1150,54
"K","South West","46","Wiltshire","46UB","Kennet",,,2650,220,8,900,34,240,9,1300,49,850,32,1800,68,370,270,330,570,1100,2320,88,330,760,29,580,22,1310,49
"K","South West","46","Wiltshire","46UC","North Wiltshire",,,4460,350,8,1510,34,360,8,2230,50,1390,31,3070,69,620,490,520,920,1900,3880,87,580,1210,27,1010,23,2240,50
"K","South West","46","Wiltshire","46UD","Salisbury",,,4490,330,7,1560,35,430,10,2170,48,1430,32,3050,68,590,440,610,1040,1810,3910,87,570,1390,31,920,20,2180,49
"K","South West","46","Wiltshire","46UF","West Wiltshire",,,5070,460,9,1870,37,450,9,2290,45,1570,31,3490,69,660,490,820,1110,1980,4410,87,660,1540,30,1210,24,2320,46
,,,,"00NA","Isle of Anglesey",,,5180,400,8,1670,32,630,12,2470,48,1850,36,3330,64,540,510,590,1140,2400,4180,81,990,1660,32,990,19,2530,49
,,,,"00NC","Gwynedd",,,8340,540,6,2520,30,960,12,4320,52,2920,35,5430,65,940,690,1320,1810,3580,6930,83,1410,2560,31,1420,17,4360,52
,,,,"00NE","Conwy",,,8820,620,7,2890,33,940,11,4370,50,3220,37,5600,63,1010,780,1170,2060,3800,7340,83,1480,2990,34,1430,16,4400,50
,,,,"00NG","Denbighshire",,,8030,560,7,2700,34,970,12,3800,47,3040,38,4990,62,890,600,960,1890,3700,6640,83,1390,2920,36,1330,17,3780,47
,,,,"00NJ","Flintshire",,,9030,730,8,3190,35,1020,11,4090,45,3030,34,6000,66,1050,640,1170,2080,4090,7600,84,1430,2990,33,1880,21,4160,46
,,,,"00NL","Wrexham",,,10110,900,9,3330,33,1240,12,4620,46,3630,36,6480,64,1190,770,1340,2450,4360,8480,84,1620,3590,36,1790,18,4730,47
,,,,"00NN","Powys",,,6910,450,7,2140,31,790,11,3540,51,2440,35,4470,65,860,620,940,1590,2900,5800,84,1110,2210,32,1170,17,3530,51
,,,,"00NQ","Ceredigion",,,4290,320,7,1490,35,610,14,1870,44,1740,41,2560,60,530,430,540,980,1800,3440,80,850,1810,42,640,15,1840,43
,,,,"00NS","Pembrokeshire",,,8640,740,9,3100,36,1070,12,3720,43,3210,37,5430,63,1060,800,1120,2090,3570,6980,81,1660,3200,37,1670,19,3770,44
,,,,"00NU","Carmarthenshire",,,14410,1370,10,4920,34,1660,12,6440,45,5310,37,9100,63,1700,1160,1970,3430,6140,11880,82,2510,5510,38,2310,16,6580,46
,,,,"00NX","Swansea",,,20860,2070,10,7890,38,2330,11,8550,41,7350,35,13520,65,2310,1580,2460,5100,9430,17770,85,3090,7910,38,4300,21,8660,42
,,,,"00NZ","Neath Port Talbot",,,13660,1400,10,5340,39,1440,11,5450,40,4650,34,9010,66,1620,1100,1600,3540,5790,11330,83,2320,5360,39,2590,19,5710,42
,,,,"00PB","Bridgend",,,10610,1220,11,4100,39,1240,12,4040,38,3770,36,6840,64,1150,900,1540,2470,4560,8770,83,1840,4120,39,2230,21,4260,40
,,,,"00PD","The Vale of Glamorgan",,,7860,730,9,2930,37,870,11,3310,42,2650,34,5210,66,910,720,1020,1820,3390,6760,86,1100,2630,33,1870,24,3360,43
,,,,"00PF","Rhondda, Cynon, Taff",,,22720,2620,12,9190,40,2620,12,8280,36,8170,36,14550,64,2560,1940,2920,5590,9700,18560,82,4150,9300,41,4810,21,8610,38
,,,,"00PH","Merthyr Tydfil",,,6180,760,12,2650,43,720,12,2050,33,2090,34,4090,66,540,420,740,1490,2990,5230,85,960,2500,40,1520,25,2160,35
,,,,"00PK","Caerphilly",,,15900,1910,12,6240,39,1920,12,5810,37,5770,36,10130,64,1740,1340,1960,3910,6960,12780,80,3120,6420,40,3410,21,6070,38
,,,,"00PL","Blaenau Gwent",,,7530,830,11,2850,38,840,11,3020,40,2660,35,4870,65,870,670,1030,1870,3090,6180,82,1350,2800,37,1610,21,3120,41
,,,,"00PM","Torfaen",,,7850,810,10,3090,39,940,12,2990,38,2690,34,5160,66,940,740,1040,2000,3140,6420,82,1430,2860,36,1880,24,3110,40
,,,,"00PP","Monmouthshire",,,4160,340,8,1430,34,480,12,1900,46,1440,35,2720,65,560,380,530,950,1730,3550,85,610,1410,34,790,19,1950,47
,,,,"00PR","Newport",,,11780,1230,10,4900,42,1300,11,4340,37,3950,34,7820,66,1270,1040,1370,2960,5140,10090,86,1680,4110,35,3190,27,4470,38
,,,,"00PT","Cardiff",,,26000,2610,10,10780,41,2980,11,9610,37,9480,36,16520,64,2570,2010,3180,6150,12090,22450,86,3520,9920,38,6240,24,9840,38
,,,,"100","Aberdeen City",,,14080,1590,11,5110,36,1490,11,5870,42,4880,35,9200,65,1920,1250,2010,3600,5290,12830,91,1240,5430,39,2770,20,5880,42
,,,,"110","Aberdeenshire",,,10110,860,9,3040,30,1040,10,5170,51,3440,34,6670,66,1330,1000,1390,2510,3890,8720,86,1390,3390,34,1650,16,5070,50
,,,,"120","Angus",,,6850,610,9,2090,31,650,9,3500,51,2180,32,4680,68,890,610,990,1630,2740,5960,87,890,2010,29,1300,19,3550,52
,,,,"130","Argyll & Bute",,,5880,370,6,1810,31,710,12,2990,51,2100,36,3780,64,730,600,730,1380,2440,5120,87,760,1970,34,910,15,3000,51
,,,,"150","Clackmannanshire",,,3900,430,11,1600,41,510,13,1360,35,1340,34,2550,65,500,310,560,920,1600,3300,85,600,1590,41,830,21,1480,38
,,,,"170","Dumfries & Galloway",,,9900,760,8,2970,30,1060,11,5100,52,3530,36,6360,64,1350,890,1550,2150,3960,8270,84,1620,3030,31,1640,17,5230,53
,,,,"180","Dundee City",,,15440,1540,10,5820,38,1580,10,6480,42,5330,35,10110,65,1860,1180,2080,3720,6600,13820,90,1620,5490,36,3240,21,6710,43
,,,,"190","East Ayrshire",,,11130,1030,9,3940,35,1250,11,4900,44,3810,34,7320,66,1460,1020,1420,2540,4690,9370,84,1760,3690,33,2340,21,5100,46
,,,,"200","East Dunbartonshire",,,4870,370,8,1700,35,460,9,2330,48,1650,34,3220,66,630,420,710,1170,1950,4250,87,620,1690,35,830,17,2350,48
,,,,"210","East Lothian",,,5720,460,8,1830,32,620,11,2800,49,1920,34,3800,66,660,510,720,1340,2490,4880,85,830,1910,33,970,17,2830,49
,,,,"220","East Renfrewshire",,,4030,340,8,1400,35,440,11,1840,46,1320,33,2710,67,470,340,510,960,1740,3520,87,500,1480,37,700,17,1850,46
,,,,"230","Edinburgh, City of",,,30460,2830,9,13010,43,3400,11,11200,37,11380,37,19080,63,3290,2480,3820,7480,13390,27560,90,2900,12560,41,6310,21,11600,38
,,,,"235","Eilean Siar",,,2540,90,4,430,17,220,9,1810,71,940,37,1610,63,280,160,280,500,1320,2200,87,340,520,20,230,9,1790,70
,,,,"240","Falkirk",,,11060,870,8,3950,36,1270,11,4960,45,3710,34,7360,67,1320,840,1610,2780,4530,9490,86,1580,3940,36,2120,19,5000,45
,,,,"250","Fife",,,22680,2440,11,8540,38,2420,11,9270,41,7240,32,15440,68,2970,2260,3050,5430,8970,19610,86,3070,7830,35,5140,23,9710,43
,,,,"260","Glasgow City",,,91530,7270,8,39230,43,11510,13,33370,36,34120,37,57410,63,8940,6800,10870,20940,43970,80860,88,10650,38970,43,17580,19,34980,38
,,,,"270","Highland",,,13700,980,7,4540,33,1550,11,6620,48,4870,36,8830,64,1680,1250,1830,3300,5650,11820,86,1880,4630,34,2440,18,6630,48
,,,,"280","Inverclyde",,,9660,900,9,3590,37,1240,13,3910,40,3620,37,6040,63,1180,850,1170,2360,4110,8560,89,1100,3770,39,1800,19,4080,42
,,,,"290","Midlothian",,,5070,520,10,1990,39,550,11,2000,39,1620,32,3440,68,560,450,740,1230,2090,4440,88,620,1840,36,1170,23,2050,40
,,,,"300","Moray",,,4760,410,9,1500,32,500,11,2340,49,1640,34,3120,66,650,540,650,1060,1850,4080,86,680,1560,33,850,18,2350,49
,,,,"310","North Ayrshire",,,12950,1180,9,5020,39,1510,12,5220,40,4310,33,8640,67,1620,1030,1740,3110,5450,11040,85,1900,4570,35,3060,24,5320,41
,,,,"320","North Lanarkshire",,,32200,3090,10,12280,38,3970,12,12830,40,11140,35,21060,65,4110,2870,4230,7380,13610,27350,85,4840,12610,39,6310,20,13270,41
,,,,"330","Orkney Islands",,,900,40,4,230,26,100,11,530,59,320,36,580,64,130,110,120,180,370,780,87,120,270,30,110,12,520,58
,,,,"340","Perth & Kinross",,,7620,570,7,2370,31,800,10,3870,51,2720,36,4900,64,980,790,1040,1830,2970,6680,88,930,2490,33,1240,16,3890,51
,,,,"350","Renfrewshire",,,15520,1500,10,6030,39,1770,11,6200,40,5410,35,10110,65,1990,1340,2040,3670,6480,13830,89,1680,5890,38,3300,21,6330,41
,,,,"355","Scottish Borders",,,6090,460,8,1840,30,530,9,3250,53,2120,35,3960,65,940,680,810,1400,2260,5290,87,800,1930,32,900,15,3260,54
,,,,"360","Shetland Islands",,,1010,70,7,270,27,100,10,570,56,310,31,690,68,140,100,130,210,420,920,91,90,280,28,150,15,570,56
,,,,"370","South Ayrshire",,,8240,660,8,2790,34,930,11,3860,47,2850,35,5390,65,1040,790,980,1850,3570,7010,85,1220,2760,33,1500,18,3970,48
,,,,"380","South Lanarkshire",,,26690,2050,8,9580,36,3190,12,11830,44,9230,35,17460,65,3240,2430,3240,6320,11470,22790,85,3890,9770,37,4700,18,12220,46
,,,,"390","Stirling",,,5200,460,9,1920,37,550,11,2270,44,1840,35,3370,65,610,440,660,1240,2250,4500,87,700,1960,38,910,18,2330,45
,,,,"395","West Dunbartonshire",,,10670,870,8,4080,38,1240,12,4470,42,3490,33,7170,67,1240,780,1340,2620,4680,9470,89,1190,3810,36,2250,21,4610,43
,,,,"400","West Lothian",,,11700,1120,10,4340,37,1340,11,4890,42,3960,34,7730,66,1700,1150,1700,2790,4360,9950,85,1750,4230,36,2500,21,4970,42