DATASET_TITLE,"National Curriculum Assessments of 14 Year Olds by Gender in England (Referenced by Location of Educational Institution), 2002",,,,,,FROM,Sep-2001,Sep-2001,Sep-2001,Sep-2001,Sep-2001,Sep-2001,Sep-2001,Sep-2001,Sep-2001,Sep-2001,Sep-2001,Sep-2001,Sep-2001,Sep-2001,Sep-2001,Sep-2001,Sep-2001,Sep-2001
AREA_TYPE,Local Authority,,,,,,TO,Aug-2002,Aug-2002,Aug-2002,Aug-2002,Aug-2002,Aug-2002,Aug-2002,Aug-2002,Aug-2002,Aug-2002,Aug-2002,Aug-2002,Aug-2002,Aug-2002,Aug-2002,Aug-2002,Aug-2002,Aug-2002
GEO_HIERARCHY,NeSS Geography Hierarchy,,,,,,HEADING,Eligible Pupils; in English,Pupils Achieving Level 5+; in English,Eligible Pupils; in Mathematics,Pupils Achieving Level 5+; in Mathematics,Eligible Pupils; in Science,Pupils Achieving Level 5+; in Science,Eligible Boy Pupils; in English,Boy Pupils Achieving Level 5+; in English,Eligible Boy Pupils; in Mathematics,Boy Pupils Achieving Level 5+; in Mathematics,Eligible Boy Pupils; in Science,Boy Pupils Achieving Level 5+; in Science,Eligible Girl Pupils; in English,Girl Pupils Achieving Level 5+; in English,Eligible Girl Pupils; in Mathematics,Girl Pupils Achieving Level 5+; in Mathematics,Eligible Girl Pupils; in Science,Girl Pupils Achieving Level 5+; in Science
,,,,,,,MEASUREMENT_UNIT,Count,Percentage,Count,Percentage,Count,Percentage,Count,Percentage,Count,Percentage,Count,Percentage,Count,Percentage,Count,Percentage,Count,Percentage
,,,,,,,STATISTICAL_UNIT,Persons,Persons,Persons,Persons,Persons,Persons,Persons,Persons,Persons,Persons,Persons,Persons,Persons,Persons,Persons,Persons,Persons,Persons
GOR_CODE,GOR_NAME,CTY_CODE,CTY_NAME,LA_CODE,LA_NAME,AREA_METADATA,,DATA_VALUE,DATA_VALUE,DATA_VALUE,DATA_VALUE,DATA_VALUE,DATA_VALUE,DATA_VALUE,DATA_VALUE,DATA_VALUE,DATA_VALUE,DATA_VALUE,DATA_VALUE,DATA_VALUE,DATA_VALUE,DATA_VALUE,DATA_VALUE,DATA_VALUE,DATA_VALUE
"A","North East",,,"00CH","Gateshead",,,2357,65,2356,68,2356,69,1222,54,1221,65,1221,67,1135,77,1135,71,1135,71
"A","North East",,,"00CJ","Newcastle upon Tyne",,,2858,59,2880,56,2882,55,1443,55,1454,58,1455,58,1415,63,1426,55,1427,52
"A","North East",,,"00CK","North Tyneside",,,2333,67,2331,68,2333,66,1159,60,1159,69,1159,68,1174,74,1172,67,1174,64
"A","North East",,,"00CL","South Tyneside",,,2081,65,2096,63,2095,62,1034,57,1049,61,1048,62,1047,74,1047,64,1047,62
"A","North East",,,"00CM","Sunderland",,,3881,62,3877,61,3878,61,2001,52,1998,58,2000,60,1880,73,1879,64,1878,63
"A","North East",,,"00EB","Hartlepool",,,1323,67,1322,62,1322,62,646,60,646,64,646,64,677,74,676,60,676,61
"A","North East",,,"00EC","Middlesbrough",,,2025,60,2023,55,2025,55,1026,51,1024,54,1025,54,999,70,999,55,1000,55
"A","North East",,,"00EE","Redcar and Cleveland",,,2096,68,2095,67,2096,65,1018,59,1017,66,1018,65,1078,76,1078,68,1078,66
"A","North East",,,"00EF","Stockton-on-Tees",,,2607,68,2606,64,2607,65,1333,60,1332,64,1333,65,1274,77,1274,65,1274,64
"A","North East",,,"00EH","Darlington",,,1216,65,1241,64,1241,67,604,57,622,64,623,68,612,72,619,63,618,65
"A","North East","20","Durham","20UB","Chester-le-Street",,,663,70,663,69,662,68,329,64,329,69,329,71,334,76,334,69,333,65
"A","North East","20","Durham","20UD","Derwentside",,,891,61,881,64,891,61,453,53,448,66,453,64,438,70,433,63,438,58
"A","North East","20","Durham","20UE","Durham",,,1042,73,1059,72,1059,71,546,67,556,72,556,71,496,79,503,71,503,71
"A","North East","20","Durham","20UF","Easington",,,1224,53,1223,58,1224,54,634,43,633,57,634,55,590,64,590,59,590,54
"A","North East","20","Durham","20UG","Sedgefield",,,1203,63,1202,62,1203,64,625,54,625,59,625,62,578,73,577,66,578,65
"A","North East","20","Durham","20UH","Teesdale",,,254,69,254,78,254,75,135,61,135,76,135,76,119,77,119,81,119,74
"A","North East","20","Durham","20UJ","Wear Valley",,,856,65,856,62,856,62,440,56,440,62,440,63,416,74,416,61,416,62
"A","North East","35","Northumberland","35UB","Alnwick",,,448,77,448,74,448,75,219,67,219,73,219,73,229,86,229,75,229,77
"A","North East","35","Northumberland","35UC","Berwick-upon-Tweed",,,219,68,219,55,219,55,105,53,105,50,105,54,114,82,114,61,114,56
"A","North East","35","Northumberland","35UD","Blyth Valley",,,941,66,953,65,955,65,475,59,482,66,483,63,466,74,471,64,472,67
"A","North East","35","Northumberland","35UE","Castle Morpeth",,,603,84,603,83,603,83,325,77,325,82,325,82,278,92,278,85,278,84
"A","North East","35","Northumberland","35UF","Tynedale",,,727,81,727,79,727,77,360,75,360,78,360,77,367,87,367,80,367,78
"A","North East","35","Northumberland","35UG","Wansbeck",,,952,61,951,65,952,63,505,52,505,64,505,65,447,72,446,66,447,62
"B","North West",,,"00BL","Bolton",,,3375,65,3389,66,3397,64,1701,56,1714,65,1719,65,1674,73,1675,66,1678,64
"B","North West",,,"00BM","Bury",,,2432,76,2428,72,2432,71,1239,71,1236,74,1239,73,1193,82,1192,70,1193,68
"B","North West",,,"00BN","Manchester",,,4687,53,4711,49,4718,47,2338,45,2359,49,2359,49,2349,61,2352,49,2359,46
"B","North West",,,"00BP","Oldham",,,3218,60,3218,59,3223,56,1650,52,1654,57,1654,57,1568,68,1564,61,1569,56
"B","North West",,,"00BQ","Rochdale",,,2864,59,2862,63,2864,59,1438,50,1437,62,1438,60,1426,68,1425,64,1426,59
"B","North West",,,"00BR","Salford",,,2568,53,2563,59,2566,55,1296,45,1295,59,1295,57,1272,61,1268,60,1271,54
"B","North West",,,"00BS","Stockport",,,3494,76,3490,74,3493,71,1757,69,1755,75,1756,71,1737,83,1735,74,1737,71
"B","North West",,,"00BT","Tameside",,,3145,65,3140,62,3141,61,1560,57,1558,61,1557,61,1585,73,1582,63,1584,60
"B","North West",,,"00BU","Trafford",,,3031,76,3039,75,3042,75,1566,68,1576,75,1577,74,1465,84,1463,76,1465,76
"B","North West",,,"00BW","Wigan",,,4126,71,4172,69,4174,69,2063,63,2100,68,2100,69,2063,80,2072,69,2074,69
"B","North West",,,"00BX","Knowsley",,,2035,55,2068,53,2069,50,1020,45,1042,53,1040,50,1015,64,1026,52,1029,50
"B","North West",,,"00BY","Liverpool",,,6090,64,6102,57,6104,56,3087,56,3093,57,3095,56,3003,72,3009,57,3009,57
"B","North West",,,"00BZ","St. Helens",,,2333,67,2332,67,2333,68,1179,59,1178,67,1179,68,1154,74,1154,68,1154,67
"B","North West",,,"00CA","Sefton",,,3827,71,3826,72,3826,70,1961,64,1959,72,1960,71,1866,78,1867,72,1866,69
"B","North West",,,"00CB","Wirral",,,4431,71,4429,67,4431,66,2257,63,2256,68,2258,66,2174,79,2173,67,2173,66
"B","North West",,,"00ET","Halton",,,1703,61,1699,61,1701,61,862,49,860,58,860,61,841,72,839,63,841,61
"B","North West",,,"00EU","Warrington",,,2567,73,2565,73,2564,72,1282,65,1280,73,1279,73,1285,81,1285,74,1285,72
"B","North West",,,"00EX","Blackburn with Darwen",,,1951,57,1962,59,1952,55,989,48,1001,59,990,54,962,66,961,60,962,57
"B","North West",,,"00EY","Blackpool",,,1704,60,1698,61,1704,58,865,52,862,64,865,62,839,69,836,58,839,54
"B","North West","13","Cheshire","13UB","Chester",,,1431,75,1421,77,1423,76,710,67,705,77,706,76,721,82,716,76,717,77
"B","North West","13","Cheshire","13UC","Congleton",,,1107,85,1107,80,1105,82,457,78,457,76,455,80,650,90,650,82,650,84
"B","North West","13","Cheshire","13UD","Crewe and Nantwich",,,1212,69,1211,69,1212,70,640,65,639,69,640,72,572,74,572,70,572,69
"B","North West","13","Cheshire","13UE","Ellesmere Port & Neston",,,1064,65,1064,66,1064,65,538,58,538,67,538,66,526,72,526,66,526,64
"B","North West","13","Cheshire","13UG","Macclesfield",,,1704,77,1703,80,1704,79,836,71,835,80,836,78,868,84,868,80,868,79
"B","North West","13","Cheshire","13UH","Vale Royal",,,1925,76,1947,73,1948,76,978,70,991,74,992,79,947,83,956,72,956,74
"B","North West","16","Cumbria","16UB","Allerdale",,,1200,69,1199,71,1200,73,584,57,583,72,584,72,616,80,616,71,616,74
"B","North West","16","Cumbria","16UC","Barrow-in-Furness",,,946,64,946,65,946,69,478,54,478,65,478,69,468,75,468,66,468,69
"B","North West","16","Cumbria","16UD","Carlisle",,,1249,67,1249,68,1250,69,622,60,623,66,623,72,627,74,626,69,627,67
"B","North West","16","Cumbria","16UE","Copeland",,,905,65,901,64,904,65,463,58,462,63,463,65,442,73,439,65,441,65
"B","North West","16","Cumbria","16UF","Eden",,,526,79,526,76,526,79,265,71,265,77,265,78,261,88,261,75,261,80
"B","North West","16","Cumbria","16UG","South Lakeland",,,1257,80,1253,78,1256,81,659,73,657,77,658,81,598,87,596,80,598,82
"B","North West","30","Lancashire","30UD","Burnley",,,1257,66,1270,64,1272,61,607,54,619,61,620,63,650,77,651,66,652,59
"B","North West","30","Lancashire","30UE","Chorley",,,1455,73,1455,75,1453,74,769,66,769,75,768,73,686,82,686,76,685,75
"B","North West","30","Lancashire","30UF","Fylde",,,723,76,722,73,722,75,372,68,371,73,372,75,351,85,351,74,350,75
"B","North West","30","Lancashire","30UG","Hyndburn",,,1042,61,1047,64,1045,64,532,54,536,65,536,65,510,68,511,63,509,62
"B","North West","30","Lancashire","30UH","Lancaster",,,1630,70,1652,70,1652,71,825,64,842,71,842,70,805,76,810,69,810,71
"B","North West","30","Lancashire","30UJ","Pendle",,,1222,60,1220,61,1222,58,683,51,681,59,683,57,539,71,539,63,539,59
"B","North West","30","Lancashire","30UK","Preston",,,1494,68,1491,66,1494,61,756,61,754,65,756,61,738,75,737,66,738,62
"B","North West","30","Lancashire","30UL","Ribble Valley",,,902,80,902,80,902,82,472,74,472,80,472,82,430,87,430,80,430,81
"B","North West","30","Lancashire","30UM","Rossendale",,,1005,72,1005,72,1006,73,530,66,530,72,531,72,475,79,475,72,475,74
"B","North West","30","Lancashire","30UN","South Ribble",,,1745,76,1763,74,1763,73,889,71,896,74,896,74,856,82,867,75,867,72
"B","North West","30","Lancashire","30UP","West Lancashire",,,1365,73,1379,70,1381,71,693,65,699,69,701,73,672,81,680,70,680,70
"B","North West","30","Lancashire","30UQ","Wyre",,,1369,77,1387,71,1389,71,628,69,639,71,640,73,741,84,748,71,749,70
"D","Yorkshire and The Humber",,,"00CC","Barnsley",,,2706,60,2698,58,2705,58,1365,49,1361,56,1364,58,1341,70,1337,60,1341,58
"D","Yorkshire and The Humber",,,"00CE","Doncaster",,,3831,60,3838,61,3840,61,1877,49,1879,61,1881,60,1954,70,1959,62,1959,62
"D","Yorkshire and The Humber",,,"00CF","Rotherham",,,3713,62,3732,61,3733,60,1867,54,1879,60,1880,61,1846,71,1853,61,1853,58
"D","Yorkshire and The Humber",,,"00CG","Sheffield",,,5834,62,5830,62,5836,61,3032,55,3029,61,3032,60,2802,70,2801,62,2804,61
"D","Yorkshire and The Humber",,,"00CX","Bradford",,,6201,59,6161,55,6198,54,3148,52,3120,55,3147,54,3053,66,3041,55,3051,53
"D","Yorkshire and The Humber",,,"00CY","Calderdale",,,2715,67,2707,65,2715,66,1397,61,1391,66,1397,67,1318,73,1316,65,1318,65
"D","Yorkshire and The Humber",,,"00CZ","Kirklees",,,5000,65,4986,64,5000,65,2538,57,2532,63,2538,65,2462,73,2454,64,2462,65
"D","Yorkshire and The Humber",,,"00DA","Leeds",,,8560,65,8574,64,8581,64,4405,59,4416,63,4420,64,4155,72,4158,64,4161,63
"D","Yorkshire and The Humber",,,"00DB","Wakefield",,,4276,63,4289,64,4278,65,2141,54,2154,64,2142,65,2135,72,2135,65,2136,65
"D","Yorkshire and The Humber",,,"00FA","Kingston upon Hull, City of",,,2769,53,2765,52,2766,50,1386,42,1387,50,1386,48,1383,64,1378,55,1380,52
"D","Yorkshire and The Humber",,,"00FB","East Riding of Yorkshire",,,4637,71,4633,70,4634,70,2350,62,2346,69,2347,70,2287,79,2287,72,2287,70
"D","Yorkshire and The Humber",,,"00FC","North East Lincolnshire",,,2463,60,2460,62,2463,59,1274,51,1274,62,1274,61,1189,69,1186,62,1189,57
"D","Yorkshire and The Humber",,,"00FD","North Lincolnshire",,,2130,65,2127,66,2130,65,1085,57,1083,66,1085,67,1045,75,1044,66,1045,64
"D","Yorkshire and The Humber",,,"00FF","York",,,1913,71,1908,73,1912,73,942,65,940,76,941,74,971,77,968,71,971,71
"D","Yorkshire and The Humber","36","North Yorkshire","36UB","Craven",,,800,78,800,79,799,79,398,72,398,78,397,80,402,84,402,80,402,78
"D","Yorkshire and The Humber","36","North Yorkshire","36UC","Hambleton",,,1102,80,1109,76,1111,80,535,73,540,77,541,81,567,87,569,76,570,79
"D","Yorkshire and The Humber","36","North Yorkshire","36UD","Harrogate",,,1776,83,1793,83,1793,85,890,78,904,84,904,85,886,88,889,82,889,85
"D","Yorkshire and The Humber","36","North Yorkshire","36UE","Richmondshire",,,537,72,536,76,537,74,252,62,251,75,252,74,285,80,285,78,285,74
"D","Yorkshire and The Humber","36","North Yorkshire","36UF","Ryedale",,,486,78,488,76,489,75,251,69,253,73,254,74,235,88,235,79,235,77
"D","Yorkshire and The Humber","36","North Yorkshire","36UG","Scarborough",,,1310,71,1306,71,1318,70,640,62,637,70,646,70,670,80,669,71,672,69
"D","Yorkshire and The Humber","36","North Yorkshire","36UH","Selby",,,1130,77,1130,77,1130,82,566,69,566,76,566,82,564,86,564,78,564,81
"E","East Midlands",,,"00FK","Derby",,,2902,62,2896,64,2902,61,1493,53,1489,63,1493,60,1409,72,1407,66,1409,62
"E","East Midlands",,,"00FN","Leicester",,,3635,57,3615,58,3633,55,1863,50,1852,60,1862,56,1772,64,1763,57,1771,54
"E","East Midlands",,,"00FP","Rutland",,,473,71,473,78,473,80,268,59,268,74,268,78,205,86,205,83,205,83
"E","East Midlands",,,"00FY","Nottingham",,,2935,46,2931,50,2941,46,1501,36,1501,50,1507,46,1434,56,1430,50,1434,47
"E","East Midlands","17","Derbyshire","17UB","Amber Valley",,,1503,68,1501,71,1502,71,788,58,787,70,787,71,715,79,714,73,715,71
"E","East Midlands","17","Derbyshire","17UC","Bolsover",,,874,49,874,58,874,61,445,39,445,57,445,60,429,59,429,59,429,61
"E","East Midlands","17","Derbyshire","17UD","Chesterfield",,,1395,67,1395,70,1395,70,692,59,692,70,692,71,703,75,703,70,703,70
"E","East Midlands","17","Derbyshire","17UF","Derbyshire Dales",,,787,76,787,81,787,83,418,70,418,80,418,83,369,83,369,82,369,83
"E","East Midlands","17","Derbyshire","17UG","Erewash",,,1278,65,1277,69,1277,70,634,56,634,68,633,71,644,75,643,69,644,68
"E","East Midlands","17","Derbyshire","17UH","High Peak",,,1211,68,1209,74,1210,69,638,58,637,71,637,68,573,80,572,77,573,70
"E","East Midlands","17","Derbyshire","17UJ","North East Derbyshire",,,1037,72,1036,74,1037,75,510,66,510,75,510,75,527,77,526,74,527,74
"E","East Midlands","17","Derbyshire","17UK","South Derbyshire",,,847,72,847,75,847,74,446,65,446,75,446,75,401,79,401,75,401,73
"E","East Midlands","31","Leicestershire","31UB","Blaby",,,657,73,655,77,657,79,351,66,350,77,351,80,306,82,305,77,306,78
"E","East Midlands","31","Leicestershire","31UC","Charnwood",,,2029,73,2028,73,2029,76,1016,67,1016,72,1016,76,1013,80,1012,74,1013,76
"E","East Midlands","31","Leicestershire","31UD","Harborough",,,901,85,901,81,901,83,473,80,473,79,473,83,428,90,428,83,428,84
"E","East Midlands","31","Leicestershire","31UE","Hinckley and Bosworth",,,1394,76,1394,79,1393,81,691,68,691,77,691,80,703,84,703,81,702,82
"E","East Midlands","31","Leicestershire","31UG","Melton",,,557,73,557,78,557,78,298,66,298,78,298,78,259,82,259,79,259,78
"E","East Midlands","31","Leicestershire","31UH","North West Leicestershire",,,931,68,930,69,931,75,464,58,464,69,464,76,467,78,466,68,467,75
"E","East Midlands","31","Leicestershire","31UJ","Oadby and Wigston",,,1025,81,1025,81,1025,81,517,75,517,82,517,83,508,87,508,79,508,80
"E","East Midlands","32","Lincolnshire","32UB","Boston",,,679,67,678,67,679,64,333,60,332,66,333,65,346,75,346,68,346,63
"E","East Midlands","32","Lincolnshire","32UC","East Lindsey",,,1620,63,1618,68,1620,71,830,55,829,67,830,73,790,71,789,68,790,69
"E","East Midlands","32","Lincolnshire","32UD","Lincoln",,,1012,61,1013,62,1011,60,533,52,534,63,534,62,479,71,479,61,477,59
"E","East Midlands","32","Lincolnshire","32UE","North Kesteven",,,1403,74,1402,73,1403,77,708,66,708,74,708,78,695,81,694,71,695,75
"E","East Midlands","32","Lincolnshire","32UF","South Holland",,,917,66,945,70,945,69,479,55,497,69,497,65,438,77,448,71,448,73
"E","East Midlands","32","Lincolnshire","32UG","South Kesteven",,,1473,78,1478,78,1481,78,766,70,772,78,774,78,707,86,706,77,707,78
"E","East Midlands","32","Lincolnshire","32UH","West Lindsey",,,1133,74,1113,76,1133,77,550,65,539,75,550,77,583,82,574,76,583,77
"E","East Midlands","34","Northamptonshire","34UB","Corby",,,840,62,840,64,840,63,432,54,432,63,432,64,408,70,408,64,408,63
"E","East Midlands","34","Northamptonshire","34UC","Daventry",,,895,68,895,76,895,73,491,58,491,76,491,74,404,79,404,76,404,73
"E","East Midlands","34","Northamptonshire","34UD","East Northamptonshire",,,904,66,902,72,904,77,476,53,475,69,476,76,428,80,427,74,428,77
"E","East Midlands","34","Northamptonshire","34UE","Kettering",,,1150,66,1149,70,1150,71,553,51,553,67,553,68,597,79,596,72,597,75
"E","East Midlands","34","Northamptonshire","34UF","Northampton",,,2325,60,2322,63,2322,62,1207,49,1206,62,1206,62,1118,72,1116,64,1116,63
"E","East Midlands","34","Northamptonshire","34UG","South Northamptonshire",,,1350,71,1346,80,1350,80,699,62,698,80,699,80,651,80,648,79,651,80
"E","East Midlands","34","Northamptonshire","34UH","Wellingborough",,,950,65,949,65,949,67,467,56,467,66,467,67,483,73,482,64,482,67
"E","East Midlands","37","Nottinghamshire","37UB","Ashfield",,,1468,60,1472,58,1472,57,749,51,752,59,752,59,719,69,720,58,720,55
"E","East Midlands","37","Nottinghamshire","37UC","Bassetlaw",,,1318,61,1316,63,1318,65,652,51,650,63,652,65,666,70,666,62,666,65
"E","East Midlands","37","Nottinghamshire","37UD","Broxtowe",,,1306,63,1304,70,1305,69,696,55,694,71,696,68,610,72,610,70,609,69
"E","East Midlands","37","Nottinghamshire","37UE","Gedling",,,1727,64,1727,67,1727,68,874,54,874,67,874,69,853,74,853,66,853,66
"E","East Midlands","37","Nottinghamshire","37UF","Mansfield",,,1559,52,1552,60,1559,60,836,43,833,58,836,61,723,62,719,62,723,59
"E","East Midlands","37","Nottinghamshire","37UG","Newark and Sherwood",,,1179,65,1177,69,1178,69,606,58,604,68,605,68,573,72,573,69,573,70
"E","East Midlands","37","Nottinghamshire","37UJ","Rushcliffe",,,1296,75,1296,75,1296,76,684,69,684,77,684,78,612,83,612,74,612,74
"F","West Midlands",,,"00CN","Birmingham",,,12841,60,12820,58,12802,56,6530,52,6521,57,6503,55,6311,69,6299,59,6299,56
"F","West Midlands",,,"00CQ","Coventry",,,3755,61,3752,64,3755,62,1893,52,1892,63,1893,60,1862,70,1860,65,1862,63
"F","West Midlands",,,"00CR","Dudley",,,4058,65,4055,66,4056,67,2144,57,2144,66,2142,67,1914,74,1911,66,1914,66
"F","West Midlands",,,"00CS","Sandwell",,,3759,57,3792,52,3799,51,1971,49,1997,52,2000,52,1788,65,1795,52,1799,50
"F","West Midlands",,,"00CT","Solihull",,,3321,72,3323,73,3331,71,1727,64,1731,73,1734,70,1594,81,1592,73,1597,72
"F","West Midlands",,,"00CU","Walsall",,,3714,65,3721,60,3694,59,1919,56,1925,58,1910,58,1795,75,1796,62,1784,60
"F","West Midlands",,,"00CW","Wolverhampton",,,2985,60,3001,59,3011,56,1463,49,1470,58,1478,54,1522,70,1531,61,1533,57
"F","West Midlands",,,"00GA","Herefordshire, County of",,,1968,74,1967,74,1965,74,1020,67,1019,73,1019,74,948,81,948,74,946,73
"F","West Midlands",,,"00GF","Telford and Wrekin",,,2231,68,2239,67,2243,68,1141,61,1148,67,1149,69,1090,76,1091,67,1094,67
"F","West Midlands",,,"00GL","Stoke-on-Trent",,,3053,61,3051,56,3046,57,1563,53,1563,57,1561,58,1490,69,1488,56,1485,56
"F","West Midlands","39","Shropshire","39UB","Bridgnorth",,,731,72,731,75,731,83,373,61,373,72,373,80,358,83,358,78,358,85
"F","West Midlands","39","Shropshire","39UC","North Shropshire",,,761,73,761,70,761,75,395,62,395,68,395,73,366,86,366,72,366,78
"F","West Midlands","39","Shropshire","39UD","Oswestry",,,399,69,398,70,398,70,208,60,208,70,207,73,191,80,190,70,191,67
"F","West Midlands","39","Shropshire","39UE","Shrewsbury and Atcham",,,1001,70,1000,76,1001,77,516,63,515,76,516,78,485,76,485,77,485,76
"F","West Midlands","39","Shropshire","39UF","South Shropshire",,,514,71,514,73,514,76,256,59,256,69,256,75,258,84,258,77,258,78
"F","West Midlands","41","Staffordshire","41UB","Cannock Chase",,,1407,63,1406,62,1407,63,714,56,714,62,714,64,693,71,692,61,693,63
"F","West Midlands","41","Staffordshire","41UC","East Staffordshire",,,1504,65,1500,69,1503,72,802,56,801,68,801,70,702,76,699,70,702,74
"F","West Midlands","41","Staffordshire","41UD","Lichfield",,,1040,70,1051,73,1052,77,550,60,560,74,560,79,490,80,491,73,492,75
"F","West Midlands","41","Staffordshire","41UE","Newcastle-under-Lyme",,,1465,67,1475,64,1479,65,743,59,752,61,754,62,722,75,723,67,725,69
"F","West Midlands","41","Staffordshire","41UF","South Staffordshire",,,1333,77,1329,77,1333,76,699,69,695,76,699,76,634,86,634,78,634,77
"F","West Midlands","41","Staffordshire","41UG","Stafford",,,1338,73,1337,72,1338,72,711,65,711,71,711,71,627,82,626,73,627,72
"F","West Midlands","41","Staffordshire","41UH","Staffordshire Moorlands",,,1478,71,1478,75,1478,77,715,62,715,75,715,77,763,80,763,75,763,76
"F","West Midlands","41","Staffordshire","41UK","Tamworth",,,1129,68,1148,66,1148,67,575,59,590,65,590,66,554,76,558,66,558,68
"F","West Midlands","44","Warwickshire","44UB","North Warwickshire",,,901,72,912,64,911,70,445,66,451,64,451,70,456,79,461,64,460,70
"F","West Midlands","44","Warwickshire","44UC","Nuneaton and Bedworth",,,1502,63,1516,65,1528,63,788,52,800,66,806,63,714,75,716,64,722,63
"F","West Midlands","44","Warwickshire","44UD","Rugby",,,1005,75,1005,73,1004,76,493,67,493,74,492,75,512,83,512,71,512,76
"F","West Midlands","44","Warwickshire","44UE","Stratford-on-Avon",,,1368,78,1368,79,1368,81,665,70,665,78,665,80,703,86,703,79,703,82
"F","West Midlands","44","Warwickshire","44UF","Warwick",,,1288,73,1296,76,1297,74,679,64,684,76,685,73,609,83,612,76,612,75
"F","West Midlands","47","Worcestershire","47UB","Bromsgrove",,,1332,77,1327,77,1332,78,702,70,699,75,702,78,630,85,628,79,630,78
"F","West Midlands","47","Worcestershire","47UC","Malvern Hills",,,820,72,819,75,820,77,416,64,415,72,416,77,404,80,404,77,404,78
"F","West Midlands","47","Worcestershire","47UD","Redditch",,,975,65,974,65,975,65,514,55,513,65,514,66,461,76,461,66,461,64
"F","West Midlands","47","Worcestershire","47UE","Worcester",,,1111,64,1112,63,1112,65,574,57,574,64,574,66,537,72,538,62,538,65
"F","West Midlands","47","Worcestershire","47UF","Wychavon",,,1082,68,1082,72,1082,73,561,61,561,72,561,73,521,75,521,73,521,73
"F","West Midlands","47","Worcestershire","47UG","Wyre Forest",,,1055,53,1054,66,1054,66,523,43,522,62,523,65,532,63,532,69,531,66
"G","East of England",,,"00JA","Peterborough",,,2304,61,2302,65,2304,63,1160,53,1159,66,1160,64,1144,69,1143,64,1144,62
"G","East of England",,,"00KA","Luton",,,2490,60,2503,59,2510,56,1243,51,1252,60,1257,57,1247,69,1251,57,1253,54
"G","East of England",,,"00KF","Southend-on-Sea",,,2099,68,2098,71,2098,69,1070,59,1069,70,1069,68,1029,78,1029,73,1029,71
"G","East of England",,,"00KG","Thurrock",,,1696,58,1703,64,1706,61,871,49,877,62,879,60,825,68,826,67,827,61
"G","East of England","09","Bedfordshire","09UC","Mid Bedfordshire",,,1526,72,1526,75,1526,78,802,61,802,73,802,77,724,84,724,78,724,78
"G","East of England","09","Bedfordshire","09UD","Bedford",,,1852,66,1849,66,1848,65,932,55,930,64,931,63,920,77,919,68,917,66
"G","East of England","09","Bedfordshire","09UE","South Bedfordshire",,,1505,70,1503,69,1505,68,785,62,784,70,785,70,720,78,719,68,720,65
"G","East of England","12","Cambridgeshire","12UB","Cambridge",,,927,63,923,63,926,65,462,58,458,66,462,66,465,68,465,60,464,64
"G","East of England","12","Cambridgeshire","12UC","East Cambridgeshire",,,862,69,857,73,862,76,441,62,437,74,441,76,421,76,420,72,421,76
"G","East of England","12","Cambridgeshire","12UD","Fenland",,,896,51,896,61,896,59,454,43,454,60,454,60,442,60,442,62,442,58
"G","East of England","12","Cambridgeshire","12UE","Huntingdonshire",,,1894,78,1886,80,1900,78,981,70,977,79,987,78,913,87,909,81,913,78
"G","East of England","12","Cambridgeshire","12UG","South Cambridgeshire",,,1433,75,1431,79,1433,83,748,68,747,78,748,82,685,83,684,81,685,84
"G","East of England","22","Essex","22UB","Basildon",,,2042,57,2037,61,2042,60,1056,47,1053,60,1056,62,986,68,984,61,986,59
"G","East of England","22","Essex","22UC","Braintree",,,1406,70,1404,68,1403,69,709,58,708,67,707,67,697,81,696,70,696,70
"G","East of England","22","Essex","22UD","Brentwood",,,1413,81,1409,81,1411,82,662,72,658,79,660,80,751,89,751,82,751,83
"G","East of England","22","Essex","22UE","Castle Point",,,1248,66,1259,68,1261,70,641,56,647,67,648,69,607,77,612,70,613,71
"G","East of England","22","Essex","22UF","Chelmsford",,,2288,79,2298,80,2298,79,1139,72,1147,79,1147,78,1149,87,1151,82,1151,81
"G","East of England","22","Essex","22UG","Colchester",,,1767,68,1978,72,1980,73,900,61,1018,73,1021,76,867,75,960,70,959,69
"G","East of England","22","Essex","22UH","Epping Forest",,,1107,65,1106,68,1106,69,582,54,582,65,582,67,525,78,524,71,524,71
"G","East of England","22","Essex","22UJ","Harlow",,,1006,60,1004,55,1006,59,532,50,530,55,532,58,474,72,474,56,474,59
"G","East of England","22","Essex","22UK","Maldon",,,433,59,433,62,433,66,218,45,218,57,218,63,215,73,215,67,215,68
"G","East of England","22","Essex","22UL","Rochford",,,1001,74,1001,74,1001,76,517,65,517,76,517,76,484,83,484,71,484,75
"G","East of England","22","Essex","22UN","Tendring",,,1574,57,1573,61,1573,58,780,48,779,62,780,59,794,66,794,59,793,57
"G","East of England","22","Essex","22UQ","Uttlesford",,,820,78,820,81,820,82,397,68,397,80,397,83,423,87,423,82,423,81
"G","East of England","26","Hertfordshire","26UB","Broxbourne",,,1239,67,1239,68,1239,68,651,59,651,69,651,68,588,76,588,67,588,68
"G","East of England","26","Hertfordshire","26UC","Dacorum",,,1696,67,1690,70,1694,69,866,59,862,69,865,69,830,75,828,71,829,69
"G","East of England","26","Hertfordshire","26UD","East Hertfordshire",,,1765,79,1765,83,1765,84,840,72,840,83,840,85,925,85,925,82,925,84
"G","East of England","26","Hertfordshire","26UE","Hertsmere",,,1259,63,1259,68,1259,65,667,55,667,66,667,64,592,71,592,70,592,66
"G","East of England","26","Hertfordshire","26UF","North Hertfordshire",,,1220,75,1216,76,1219,76,641,68,639,78,640,79,579,84,577,74,579,73
"G","East of England","26","Hertfordshire","26UG","St Albans",,,2024,81,2022,79,2024,79,1024,73,1023,78,1024,78,1000,88,999,80,1000,81
"G","East of England","26","Hertfordshire","26UH","Stevenage",,,1374,68,1372,65,1373,66,718,61,716,65,717,64,656,75,656,65,656,67
"G","East of England","26","Hertfordshire","26UJ","Three Rivers",,,953,87,953,85,953,87,485,82,485,84,485,87,468,92,468,85,468,88
"G","East of England","26","Hertfordshire","26UK","Watford",,,666,69,666,74,666,74,348,62,348,74,348,72,318,76,318,74,318,75
"G","East of England","26","Hertfordshire","26UL","Welwyn Hatfield",,,961,66,959,69,961,68,444,53,442,66,444,63,517,77,517,71,517,73
"G","East of England","33","Norfolk","33UB","Breckland",,,1281,63,1279,69,1281,72,638,54,637,71,638,75,643,72,642,68,643,70
"G","East of England","33","Norfolk","33UC","Broadland",,,1544,72,1543,75,1544,74,766,62,766,76,766,75,778,81,777,74,778,72
"G","East of England","33","Norfolk","33UD","Great Yarmouth",,,1132,65,1130,68,1132,63,569,54,568,66,569,64,563,76,562,70,563,63
"G","East of England","33","Norfolk","33UE","King's Lynn and West Norfolk",,,1528,60,1543,65,1543,65,766,51,775,66,775,65,762,69,768,65,768,65
"G","East of England","33","Norfolk","33UF","North Norfolk",,,1026,60,1024,69,1026,66,537,52,536,71,537,67,489,69,488,66,489,65
"G","East of England","33","Norfolk","33UG","Norwich",,,1159,60,1176,63,1175,61,565,50,579,63,578,61,594,70,597,63,597,62
"G","East of England","33","Norfolk","33UH","South Norfolk",,,1393,73,1388,80,1393,81,712,64,709,79,712,80,681,83,679,82,681,81
"G","East of England","42","Suffolk","42UB","Babergh",,,973,75,970,76,973,79,526,67,524,73,526,77,447,84,446,81,447,81
"G","East of England","42","Suffolk","42UC","Forest Heath",,,427,68,426,69,427,78,192,61,192,71,192,81,235,74,234,68,235,77
"G","East of England","42","Suffolk","42UD","Ipswich",,,1634,62,1656,67,1655,64,844,51,854,68,854,64,790,74,802,67,801,65
"G","East of England","42","Suffolk","42UE","Mid Suffolk",,,1271,72,1271,79,1271,78,640,64,640,79,640,76,631,80,631,79,631,79
"G","East of England","42","Suffolk","42UF","St Edmundsbury",,,1089,71,1088,72,1087,74,560,62,559,69,559,71,529,81,529,75,528,76
"G","East of England","42","Suffolk","42UG","Suffolk Coastal",,,1216,76,1214,76,1214,77,595,68,593,75,593,76,621,83,621,78,621,77
"G","East of England","42","Suffolk","42UH","Waveney",,,1405,64,1426,64,1425,65,752,55,763,64,762,67,653,74,663,63,663,62
"H","London",,,"00AA","City of London",,,.,.,.,.,.,.,.,.,.,.,.,.,.,.,.,.,.,.
"H","London",,,"00AB","Barking and Dagenham",,,2103,58,2105,58,2105,57,1117,48,1117,57,1117,56,986,70,988,60,988,59
"H","London",,,"00AC","Barnet",,,3567,72,3559,72,3565,71,1885,65,1881,72,1883,71,1682,80,1678,72,1682,71
"H","London",,,"00AD","Bexley",,,3199,66,3188,69,3196,67,1647,60,1640,68,1644,68,1552,73,1548,70,1552,66
"H","London",,,"00AE","Brent",,,2651,64,2643,66,2651,60,1402,55,1396,65,1402,60,1249,74,1247,67,1249,60
"H","London",,,"00AF","Bromley",,,3717,76,3750,72,3753,74,1850,69,1866,73,1867,74,1867,83,1884,72,1886,74
"H","London",,,"00AG","Camden",,,1470,66,1475,64,1479,65,555,54,559,60,563,60,915,74,916,66,916,68
"H","London",,,"00AH","Croydon",,,3626,65,3631,65,3623,63,1795,54,1797,61,1793,59,1831,76,1834,68,1830,66
"H","London",,,"00AJ","Ealing",,,2760,60,2752,61,2759,60,1434,50,1428,59,1433,59,1326,70,1324,63,1326,61
"H","London",,,"00AK","Enfield",,,3523,64,3517,65,3520,61,1858,57,1854,67,1856,61,1665,71,1663,64,1664,61
"H","London",,,"00AL","Greenwich",,,2622,54,2625,54,2627,51,1319,44,1323,52,1325,50,1303,64,1302,55,1302,52
"H","London",,,"00AM","Hackney",,,1551,45,1560,48,1565,42,690,33,694,45,697,38,861,54,866,51,868,46
"H","London",,,"00AN","Hammersmith and Fulham",,,1258,60,1276,60,1279,59,662,53,674,60,677,59,596,67,602,59,602,60
"H","London",,,"00AP","Haringey",,,2199,56,2194,52,2199,48,1127,47,1123,50,1125,45,1072,66,1071,54,1074,52
"H","London",,,"00AQ","Harrow",,,2269,75,2265,73,2269,72,1144,69,1141,73,1144,72,1125,81,1124,72,1125,72
"H","London",,,"00AR","Havering",,,3138,74,3133,76,3137,74,1611,68,1608,76,1610,75,1527,81,1525,75,1527,74
"H","London",,,"00AS","Hillingdon",,,3007,67,3000,64,3007,64,1529,59,1526,65,1529,65,1478,75,1474,63,1478,64
"H","London",,,"00AT","Hounslow",,,2734,64,2726,64,2733,62,1351,57,1347,65,1351,62,1383,72,1379,62,1382,62
"H","London",,,"00AU","Islington",,,1519,51,1512,50,1519,46,823,42,819,50,823,43,696,60,693,51,696,51
"H","London",,,"00AW","Kensington and Chelsea",,,577,73,574,70,577,72,311,70,309,77,311,79,266,76,265,63,266,64
"H","London",,,"00AX","Kingston upon Thames",,,1497,74,1497,78,1497,76,704,67,704,75,704,73,793,80,793,80,793,78
"H","London",,,"00AY","Lambeth",,,1409,59,1424,55,1423,55,623,51,630,55,629,57,786,65,794,54,794,53
"H","London",,,"00AZ","Lewisham",,,2397,58,2416,55,2418,54,1176,50,1187,55,1188,52,1221,66,1229,54,1230,56
"H","London",,,"00BA","Merton",,,1655,62,1652,62,1655,58,885,59,884,64,885,59,770,66,768,59,770,58
"H","London",,,"00BB","Newham",,,3396,56,3391,53,3396,50,1729,47,1726,51,1729,47,1667,65,1665,55,1667,53
"H","London",,,"00BC","Redbridge",,,2953,74,2950,73,2951,72,1566,66,1563,73,1565,71,1387,82,1387,73,1386,72
"H","London",,,"00BD","Richmond upon Thames",,,1508,72,1501,70,1508,70,764,63,759,68,764,68,744,82,742,73,744,72
"H","London",,,"00BE","Southwark",,,2156,50,2147,46,2179,45,1108,40,1097,44,1126,43,1048,61,1050,48,1053,47
"H","London",,,"00BF","Sutton",,,2470,80,2487,76,2495,76,1327,76,1336,79,1342,79,1143,84,1151,74,1153,74
"H","London",,,"00BG","Tower Hamlets",,,2543,51,2523,49,2542,43,1270,35,1258,47,1270,41,1273,67,1265,52,1272,45
"H","London",,,"00BH","Waltham Forest",,,2742,62,2747,59,2758,59,1378,50,1382,56,1387,54,1364,74,1365,63,1371,65
"H","London",,,"00BJ","Wandsworth",,,1956,64,1984,60,1985,59,1116,55,1133,58,1133,56,840,76,851,63,852,63
"H","London",,,"00BK","Westminster",,,1417,62,1412,61,1416,56,692,50,689,57,692,51,725,73,723,64,724,60
"J","South East",,,"00LC","Medway",,,3625,65,3621,66,3620,63,1798,56,1795,66,1793,62,1827,75,1826,67,1827,63
"J","South East",,,"00MA","Bracknell Forest",,,1102,68,1102,70,1102,71,588,60,588,68,588,69,514,78,514,72,514,74
"J","South East",,,"00MB","West Berkshire",,,2046,75,2053,76,2055,74,1035,66,1040,74,1041,73,1011,83,1013,77,1014,75
"J","South East",,,"00MC","Reading",,,1113,66,1112,61,1113,54,555,58,554,60,555,54,558,74,558,61,558,55
"J","South East",,,"00MD","Slough",,,1435,72,1433,67,1432,64,737,67,736,69,737,64,698,77,697,65,695,64
"J","South East",,,"00ME","Windsor and Maidenhead",,,1587,77,1605,77,1605,77,869,71,884,77,884,80,718,84,721,77,721,73
"J","South East",,,"00MF","Wokingham",,,1898,76,1911,78,1912,78,962,69,972,77,972,75,936,84,939,80,940,81
"J","South East",,,"00MG","Milton Keynes",,,2683,66,2703,65,2708,65,1419,58,1429,65,1432,66,1264,75,1274,65,1276,63
"J","South East",,,"00ML","Brighton and Hove",,,2476,64,2469,65,2476,62,1240,57,1235,66,1240,65,1236,71,1234,64,1236,59
"J","South East",,,"00MR","Portsmouth",,,2180,59,2203,60,2208,58,1111,49,1126,60,1129,58,1069,70,1077,61,1079,58
"J","South East",,,"00MS","Southampton",,,2557,62,2566,61,2566,60,1273,50,1283,60,1282,59,1284,73,1283,61,1284,60
"J","South East",,,"00MW","Isle of Wight",,,1617,57,1640,64,1642,63,871,49,884,65,885,65,746,66,756,62,757,61
"J","South East","11","Buckinghamshire","11UB","Aylesbury Vale",,,1933,76,1941,75,1944,74,951,69,959,74,961,73,982,82,982,75,983,74
"J","South East","11","Buckinghamshire","11UC","Chiltern",,,1458,77,1459,80,1458,78,746,71,747,79,746,78,712,84,712,81,712,78
"J","South East","11","Buckinghamshire","11UE","South Bucks",,,575,79,573,83,575,85,220,64,218,80,220,80,355,89,355,85,355,89
"J","South East","11","Buckinghamshire","11UF","Wycombe",,,1643,74,1652,73,1653,75,904,70,912,75,912,77,739,78,740,70,741,73
"J","South East","21","East Sussex","21UC","Eastbourne",,,939,69,934,68,939,66,457,59,455,67,457,64,482,79,479,69,482,67
"J","South East","21","East Sussex","21UD","Hastings",,,1048,55,1066,57,1068,51,522,50,534,56,535,51,526,61,532,59,533,51
"J","South East","21","East Sussex","21UF","Lewes",,,1068,72,1081,69,1083,70,525,63,534,69,535,72,543,80,547,69,548,69
"J","South East","21","East Sussex","21UG","Rother",,,966,74,966,75,966,73,478,66,478,73,478,72,488,82,488,77,488,75
"J","South East","21","East Sussex","21UH","Wealden",,,1431,69,1427,74,1431,71,761,61,758,73,761,72,670,79,669,74,670,70
"J","South East","24","Hampshire","24UB","Basingstoke and Deane",,,1691,74,1706,70,1709,71,833,66,844,68,847,71,858,81,862,73,862,72
"J","South East","24","Hampshire","24UC","East Hampshire",,,1305,74,1318,76,1322,76,677,66,688,75,689,77,628,83,630,78,633,76
"J","South East","24","Hampshire","24UD","Eastleigh",,,1501,75,1498,75,1501,74,757,66,754,73,757,73,744,84,744,77,744,76
"J","South East","24","Hampshire","24UE","Fareham",,,1359,72,1358,76,1359,77,721,63,720,75,721,77,638,81,638,78,638,77
"J","South East","24","Hampshire","24UF","Gosport",,,893,68,891,66,892,67,456,61,455,67,456,67,437,76,436,64,436,67
"J","South East","24","Hampshire","24UG","Hart",,,1015,79,1015,82,1015,83,500,70,500,81,500,82,515,88,515,83,515,84
"J","South East","24","Hampshire","24UH","Havant",,,1473,61,1469,63,1473,63,732,52,730,62,732,64,741,70,739,65,741,62
"J","South East","24","Hampshire","24UJ","New Forest",,,1894,70,1894,73,1889,75,978,63,978,74,976,76,916,79,916,72,913,73
"J","South East","24","Hampshire","24UL","Rushmoor",,,814,64,824,60,826,59,416,53,423,60,424,59,398,74,401,60,402,59
"J","South East","24","Hampshire","24UN","Test Valley",,,1206,70,1225,71,1224,72,608,63,624,70,624,73,598,78,601,73,600,71
"J","South East","24","Hampshire","24UP","Winchester",,,1165,80,1166,79,1166,82,590,76,591,79,591,82,575,85,575,79,575,82
"J","South East","29","Kent","29UB","Ashford",,,1160,69,1157,68,1158,71,589,59,586,66,589,70,571,80,571,70,569,72
"J","South East","29","Kent","29UC","Canterbury",,,1627,66,1649,69,1651,67,840,56,855,68,856,66,787,77,794,71,795,67
"J","South East","29","Kent","29UD","Dartford",,,1417,77,1419,75,1469,75,729,70,730,75,765,76,688,84,689,74,704,74
"J","South East","29","Kent","29UE","Dover",,,1390,71,1390,70,1390,70,716,64,716,70,716,71,674,79,674,70,674,69
"J","South East","29","Kent","29UG","Gravesham",,,1382,67,1397,67,1397,68,707,61,718,67,718,69,675,73,679,67,679,67
"J","South East","29","Kent","29UH","Maidstone",,,1935,74,1955,74,1959,74,981,67,992,72,996,73,954,81,963,75,963,75
"J","South East","29","Kent","29UK","Sevenoaks",,,572,48,564,54,564,59,322,37,317,54,317,56,250,63,247,55,247,63
"J","South East","29","Kent","29UL","Shepway",,,1109,59,1107,64,1109,63,578,52,577,67,578,66,531,66,530,62,531,61
"J","South East","29","Kent","29UM","Swale",,,1672,57,1670,64,1672,65,851,48,850,64,851,65,821,66,820,64,821,65
"J","South East","29","Kent","29UN","Thanet",,,1612,60,1611,63,1611,65,811,50,810,62,810,64,801,70,801,65,801,66
"J","South East","29","Kent","29UP","Tonbridge and Malling",,,1573,71,1572,71,1572,75,699,63,699,68,698,72,874,78,873,72,874,78
"J","South East","29","Kent","29UQ","Tunbridge Wells",,,1384,82,1397,81,1400,81,801,81,815,84,817,83,583,83,582,77,583,78
"J","South East","38","Oxfordshire","38UB","Cherwell",,,1336,58,1334,67,1336,64,696,50,695,67,696,65,640,68,639,67,640,64
"J","South East","38","Oxfordshire","38UC","Oxford",,,1103,50,1119,60,1120,58,571,41,579,60,580,57,532,61,540,60,540,58
"J","South East","38","Oxfordshire","38UD","South Oxfordshire",,,1768,75,1767,76,1766,76,880,63,879,75,880,72,888,87,888,77,886,79
"J","South East","38","Oxfordshire","38UE","Vale of White Horse",,,1138,66,1136,71,1138,73,592,59,591,71,592,74,546,75,545,70,546,72
"J","South East","38","Oxfordshire","38UF","West Oxfordshire",,,1208,71,1207,77,1208,80,616,63,615,76,616,79,592,80,592,78,592,81
"J","South East","43","Surrey","43UB","Elmbridge",,,803,76,802,71,803,74,410,69,410,70,410,75,393,84,392,72,393,74
"J","South East","43","Surrey","43UC","Epsom and Ewell",,,989,86,997,84,988,87,396,76,403,79,395,83,593,93,594,88,593,89
"J","South East","43","Surrey","43UD","Guildford",,,1391,80,1390,77,1391,78,680,75,680,78,680,80,711,84,710,76,711,77
"J","South East","43","Surrey","43UE","Mole Valley",,,765,76,776,76,778,79,405,71,417,78,418,80,360,83,359,74,360,78
"J","South East","43","Surrey","43UF","Reigate and Banstead",,,1289,72,1295,75,1295,74,693,66,700,76,699,76,596,80,595,74,596,72
"J","South East","43","Surrey","43UG","Runnymede",,,884,70,883,78,884,78,472,63,471,78,472,80,412,79,412,78,412,75
"J","South East","43","Surrey","43UH","Spelthorne",,,1065,60,1064,69,1063,66,528,50,528,68,526,66,537,71,536,70,537,66
"J","South East","43","Surrey","43UJ","Surrey Heath",,,832,77,856,76,855,75,449,72,465,75,464,75,383,84,391,77,391,75
"J","South East","43","Surrey","43UK","Tandridge",,,807,73,807,71,806,73,409,63,409,70,409,72,398,83,398,72,397,74
"J","South East","43","Surrey","43UL","Waverley",,,1285,75,1285,75,1285,77,636,68,636,77,636,78,649,82,649,74,649,75
"J","South East","43","Surrey","43UM","Woking",,,840,75,855,76,855,72,427,66,440,75,440,70,413,85,415,78,415,73
"J","South East","45","West Sussex","45UB","Adur",,,547,52,562,56,565,54,256,42,265,57,266,56,291,60,297,55,299,52
"J","South East","45","West Sussex","45UC","Arun",,,1399,63,1398,66,1399,65,689,52,688,66,689,66,710,75,710,67,710,65
"J","South East","45","West Sussex","45UD","Chichester",,,1222,71,1226,73,1227,75,607,60,611,70,612,72,615,81,615,77,615,77
"J","South East","45","West Sussex","45UE","Crawley",,,1270,69,1282,65,1281,64,624,60,632,66,632,67,646,78,650,63,649,62
"J","South East","45","West Sussex","45UF","Horsham",,,1360,77,1355,76,1359,79,659,68,657,74,659,77,701,85,698,79,700,81
"J","South East","45","West Sussex","45UG","Mid Sussex",,,1617,79,1618,77,1629,79,857,73,856,77,865,78,760,87,762,78,764,79
"J","South East","45","West Sussex","45UH","Worthing",,,1246,76,1235,69,1246,66,663,68,658,68,664,67,583,84,577,69,582,66
"K","South West",,,"00HA","Bath and North East Somerset",,,2170,71,2186,73,2188,73,1079,61,1087,70,1089,73,1091,80,1099,75,1099,73
"K","South West",,,"00HB","Bristol, City of",,,3534,52,3522,53,3534,52,1839,45,1832,56,1839,54,1695,60,1690,51,1695,49
"K","South West",,,"00HC","North Somerset",,,2337,71,2326,71,2337,70,1166,65,1160,70,1166,71,1171,78,1166,72,1171,70
"K","South West",,,"00HD","South Gloucestershire",,,3108,69,3104,72,3106,71,1624,62,1621,72,1623,71,1484,78,1483,71,1483,71
"K","South West",,,"00HG","Plymouth",,,3072,63,3357,67,3361,68,1521,54,1686,66,1686,68,1551,72,1671,67,1675,68
"K","South West",,,"00HH","Torbay",,,1576,70,1576,69,1576,70,789,63,789,70,789,69,787,76,787,68,787,70
"K","South West",,,"00HN","Bournemouth",,,1789,72,1778,69,1790,71,918,68,917,67,919,69,871,75,861,72,871,73
"K","South West",,,"00HP","Poole",,,1680,73,1690,74,1692,75,842,66,848,74,848,74,838,81,842,75,844,76
"K","South West",,,"00HX","Swindon",,,2360,65,2360,66,2359,65,1215,58,1215,67,1214,66,1145,72,1145,65,1145,64
"K","South West","15","Cornwall and Isles of Scilly","15UB","Caradon",,,972,69,972,72,972,76,501,57,501,70,501,74,471,82,471,75,471,78
"K","South West","15","Cornwall and Isles of Scilly","15UC","Carrick",,,1005,77,1028,72,1029,69,507,71,526,73,527,69,498,83,502,70,502,69
"K","South West","15","Cornwall and Isles of Scilly","15UD","Kerrier",,,1152,64,1150,66,1151,68,596,53,594,67,596,70,556,75,556,64,555,66
"K","South West","15","Cornwall and Isles of Scilly","15UE","North Cornwall",,,985,68,985,70,985,72,508,56,508,68,508,71,477,81,477,72,477,74
"K","South West","15","Cornwall and Isles of Scilly","15UF","Penwith",,,738,71,735,76,737,76,368,60,367,75,367,78,370,82,368,76,370,74
"K","South West","15","Cornwall and Isles of Scilly","15UG","Restormel",,,1360,69,1357,71,1360,73,697,58,695,70,697,73,663,80,662,72,663,72
"K","South West","15","Cornwall and Isles of Scilly","15UH","Isles of Scilly",,,29,90,..,97,..,97,..,85,13,100,13,100,..,94,..,94,..,94
"K","South West","18","Devon","18UB","East Devon",,,1332,79,1340,76,1339,75,678,72,686,77,686,75,654,85,654,76,653,74
"K","South West","18","Devon","18UC","Exeter",,,1076,64,1089,63,1088,55,537,58,548,66,547,58,539,69,541,61,541,51
"K","South West","18","Devon","18UD","Mid Devon",,,818,71,817,70,818,73,411,64,410,70,411,72,407,77,407,71,407,74
"K","South West","18","Devon","18UE","North Devon",,,1165,62,1170,71,1172,70,579,52,583,70,585,70,586,72,587,71,587,71
"K","South West","18","Devon","18UG","South Hams",,,946,75,946,73,946,76,497,66,497,73,497,76,449,86,449,73,449,77
"K","South West","18","Devon","18UH","Teignbridge",,,1394,71,1394,71,1393,69,718,63,718,70,717,69,676,79,676,72,676,70
"K","South West","18","Devon","18UK","Torridge",,,647,72,647,71,647,66,333,60,333,65,333,65,314,86,314,77,314,68
"K","South West","18","Devon","18UL","West Devon",,,515,74,512,73,515,73,262,66,259,74,262,73,253,83,253,72,253,72
"K","South West","19","Dorset","19UC","Christchurch",,,584,71,584,75,584,76,300,64,300,79,300,79,284,77,284,72,284,72
"K","South West","19","Dorset","19UD","East Dorset",,,705,76,702,70,702,74,350,67,349,66,347,72,355,86,353,73,355,76
"K","South West","19","Dorset","19UE","North Dorset",,,762,73,761,74,762,75,405,64,405,75,405,75,357,83,356,74,357,75
"K","South West","19","Dorset","19UG","Purbeck",,,509,76,509,74,509,79,256,69,256,75,256,81,253,84,253,74,253,77
"K","South West","19","Dorset","19UH","West Dorset",,,1330,73,1330,76,1329,79,679,65,679,75,678,79,651,82,651,77,651,79
"K","South West","19","Dorset","19UJ","Weymouth and Portland",,,646,61,645,68,644,71,311,54,310,72,311,74,335,69,335,65,333,68
"K","South West","23","Gloucestershire","23UB","Cheltenham",,,982,75,982,73,980,73,501,70,501,74,500,73,481,79,481,73,480,73
"K","South West","23","Gloucestershire","23UC","Cotswold",,,1042,75,1040,80,1042,81,559,68,558,78,559,81,483,82,482,81,483,81
"K","South West","23","Gloucestershire","23UD","Forest of Dean",,,1024,63,1022,71,1023,70,526,55,526,71,526,71,498,71,496,72,497,69
"K","South West","23","Gloucestershire","23UE","Gloucester",,,1505,71,1501,71,1505,72,707,62,706,70,707,71,798,80,795,72,798,72
"K","South West","23","Gloucestershire","23UF","Stroud",,,1197,77,1197,78,1202,77,624,69,625,75,630,75,573,86,572,81,572,80
"K","South West","23","Gloucestershire","23UG","Tewkesbury",,,1233,72,1234,72,1234,74,607,62,608,71,608,75,626,80,626,73,626,73
"K","South West","40","Somerset","40UB","Mendip",,,1171,74,1177,73,1178,75,590,67,594,73,594,74,581,82,583,72,584,76
"K","South West","40","Somerset","40UC","Sedgemoor",,,1275,67,1275,69,1275,68,691,58,691,68,691,67,584,77,584,71,584,69
"K","South West","40","Somerset","40UD","South Somerset",,,1934,70,1927,72,1930,75,1013,60,1009,68,1011,72,921,80,918,75,919,77
"K","South West","40","Somerset","40UE","Taunton Deane",,,1199,71,1197,70,1199,70,611,61,611,68,611,70,588,82,586,71,588,70
"K","South West","40","Somerset","40UF","West Somerset",,,353,71,..,70,..,73,..,62,185,69,185,71,..,82,..,71,..,75
"K","South West","46","Wiltshire","46UB","Kennet",,,738,72,738,73,737,75,373,65,373,73,372,76,365,79,365,74,365,73
"K","South West","46","Wiltshire","46UC","North Wiltshire",,,1661,69,1661,76,1661,75,871,60,871,75,871,74,790,80,790,78,790,76
"K","South West","46","Wiltshire","46UD","Salisbury",,,1110,72,1107,72,1110,72,559,63,557,69,559,70,551,81,550,74,551,74
"K","South West","46","Wiltshire","46UF","West Wiltshire",,,1502,68,1501,70,1502,70,731,61,730,72,731,71,771,75,771,69,771,69