DATASET_TITLE,"Resident Population Estimates, Males, Mid 2001",,,,,,,,,,FROM,Jun-2001,Jun-2001,Jun-2001,Jun-2001,Jun-2001,Jun-2001,Jun-2001,Jun-2001,Jun-2001,Jun-2001,Jun-2001,Jun-2001,Jun-2001,Jun-2001,Jun-2001,Jun-2001,Jun-2001,Jun-2001,Jun-2001
AREA_TYPE,Region,,,,,,,,,,TO,Jun-2001,Jun-2001,Jun-2001,Jun-2001,Jun-2001,Jun-2001,Jun-2001,Jun-2001,Jun-2001,Jun-2001,Jun-2001,Jun-2001,Jun-2001,Jun-2001,Jun-2001,Jun-2001,Jun-2001,Jun-2001,Jun-2001
GEO_HIERARCHY,NeSS Geography Hierarchy,,,,,,,,,,HEADING,Males; All Ages,Males; Aged 0-4,Males; Aged 5-9,Males; Aged 10-14,Males; Aged 15-19,Males; Aged 20-24,Males; Aged 25-29,Males; Aged 30-34,Males; Aged 35-39,Males; Aged 40-44,Males; Aged 45-49,Males; Aged 50-54,Males; Aged 55-59,Males; Aged 60-64,Males; Aged 65-69,Males; Aged 70-74,Males; Aged 75-79,Males; Aged 80-84,Males; Aged 85 and Over
,,,,,,,,,,,MEASUREMENT_UNIT,Count,Count,Count,Count,Count,Count,Count,Count,Count,Count,Count,Count,Count,Count,Count,Count,Count,Count,Count
,,,,,,,,,,,STATISTICAL_UNIT,Persons,Persons,Persons,Persons,Persons,Persons,Persons,Persons,Persons,Persons,Persons,Persons,Persons,Persons,Persons,Persons,Persons,Persons,Persons
UK_CODE,UK_NAME,GB_CODE,GB_NAME,EW_CODE,EW_NAME,CTRY_CODE,CTRY_NAME,GOR_CODE,GOR_NAME,AREA_METADATA,,DATA_VALUE,DATA_VALUE,DATA_VALUE,DATA_VALUE,DATA_VALUE,DATA_VALUE,DATA_VALUE,DATA_VALUE,DATA_VALUE,DATA_VALUE,DATA_VALUE,DATA_VALUE,DATA_VALUE,DATA_VALUE,DATA_VALUE,DATA_VALUE,DATA_VALUE,DATA_VALUE,DATA_VALUE
"213","United Kingdom","078","Great Britain","727","England and Wales","064","England",,,,,24165600,1496700,1599000,1658300,1558500,1494300,1660300,1919700,1945500,1735000,1552700,1668200,1403300,1176300,1038400,889500,688100,414600,267000
"213","United Kingdom","078","Great Britain",,,,,,,,,28008000,1724200,1850100,1925300,1813300,1736900,1895000,2200300,2244400,2015800,1811100,1944800,1634000,1376400,1215100,1037000,800200,478200,306000
"213","United Kingdom",,,,,"152","Northern Ireland",,,,,824400,59100,63000,67900,66000,55600,57000,63000,63900,57600,51800,48400,43900,35500,30500,25100,18700,11200,6400
"213","United Kingdom","078","Great Britain",,,"179","Scotland",,,,,2433700,141800,156400,165700,161100,157700,153100,184200,194700,184600,167200,173900,142000,124600,110300,90200,66200,37000,23000
"213","United Kingdom","078","Great Britain","727","England and Wales","220","Wales",,,,,1408700,85700,94700,101200,93700,84900,81600,96400,104100,96200,91200,102700,88700,75400,66500,57200,45900,26700,15900
"213","United Kingdom","078","Great Britain","727","England and Wales",,,,,,,25574300,1582400,1693700,1759500,1652100,1579200,1741900,2016100,2049700,1831200,1643900,1770900,1492000,1251700,1104900,946800,734100,441300,283000
"213","United Kingdom","078","Great Britain","727","England and Wales","064","England","A","North East",,,1232100,71400,81100,86300,83800,77100,73100,87600,96500,90700,84400,88700,71700,64100,58200,48900,36800,20200,11300
"213","United Kingdom","078","Great Britain","727","England and Wales","064","England","B","North West",,,3288500,202600,225000,239600,222400,194300,207000,246900,257600,234600,213700,234400,193600,168400,147100,122400,92700,53500,32500
"213","United Kingdom","078","Great Britain","727","England and Wales","064","England","D","Yorkshire and The Humber",,,2421000,148400,164200,171900,163700,153000,151900,181800,188100,173600,157300,170700,142000,121000,106800,89700,70300,41100,25600
"213","United Kingdom","078","Great Britain","727","England and Wales","064","England","E","East Midlands",,,2061000,123000,136500,143900,134700,125800,127200,155600,162900,147700,134900,149000,127200,103100,90500,78700,61900,36500,21800
"213","United Kingdom","078","Great Britain","727","England and Wales","064","England","F","West Midlands",,,2588800,163100,174900,185900,174600,155600,165400,198500,199100,180100,166100,179400,157500,132100,113700,98100,74200,44000,26300
"213","United Kingdom","078","Great Britain","727","England and Wales","064","England","G","East of England",,,2647700,164500,175600,179800,163100,151600,169400,201800,211400,192700,173100,190600,161100,131600,118700,102600,79600,48500,31800
"213","United Kingdom","078","Great Britain","727","England and Wales","064","England","H","London",,,3597100,244200,231000,222800,213300,264400,373500,382100,327800,257700,208000,199700,158800,137500,119800,100400,76400,47500,32100
"213","United Kingdom","078","Great Britain","727","England and Wales","064","England","J","South East",,,3924000,241800,259800,266300,250300,235000,251800,295500,318800,290100,259400,280200,236400,190000,168300,145100,113200,72100,49800
"213","United Kingdom","078","Great Britain","727","England and Wales","064","England","K","South West",,,2405500,137600,150900,161800,152300,137500,141000,169800,183400,167800,155800,175300,154900,128400,115200,103500,83000,51400,35700
"213","United Kingdom",,,,,,,,,,,28832400,1783300,1913100,1993100,1879300,1792500,1952000,2263200,2308300,2073400,1863000,1993300,1677900,1411800,1245600,1062100,818900,489400,312400