DATASET_TITLE,"Social Rented Housing: Demand and Supply, 2005/2006",,,,,,,,FROM,Apr-2005,Apr-2005,Apr-2005,Apr-2005,Apr-2005,Apr-2005,Apr-2005,Apr-2005,Apr-2005,Apr-2005,Apr-2005,Apr-2005,Apr-2005,Apr-2005
AREA_TYPE,Former Local Authority,,,,,,,,TO,Mar-2006,Mar-2006,Mar-2006,Mar-2006,Mar-2006,Mar-2006,Mar-2006,Mar-2006,Mar-2006,Mar-2006,Mar-2006,Mar-2006,Mar-2006,Mar-2006
GEO_HIERARCHY,NeSS Geography Hierarchy,,,,,,,,HEADING,All Households on the LA Register,Households on the LA Register Requiring up to and Including 2 Bedrooms,Households on the LA Register Requiring up to and Including 2 Bedrooms,Households on the LA Register Requiring 3 Bedrooms,Households on the LA Register Requiring 3 Bedrooms,Households on the LA Register Requiring More than 3 Bedrooms,Households on the LA Register Requiring More than 3 Bedrooms,Households on the LA Register Requiring an Unspecified Number of Bedrooms,Households on the LA Register Requiring an Unspecified Number of Bedrooms,LA Dwellings Let with 2 or More Bedrooms,LA Dwellings Let with 2 or More Bedrooms,RSL Dwellings Let,LA Dwellings Let,RSL and LA Dwellings Let
,,,,,,,,,MEASUREMENT_UNIT,Count,Count,Percentage,Count,Percentage,Count,Percentage,Count,Percentage,Count,Percentage,Count,Count,Count
,,,,,,,,,STATISTICAL_UNIT,Households,Households,Households,Households,Households,Households,Households,Households,Households,Dwellings,Dwellings,Dwellings,Dwellings,Dwellings
GOR_CODE,GOR_NAME,CTY_CODE,CTY_NAME,LA_CODE,LA_NAME,FLA_CODE,FLA_NAME,AREA_METADATA,,DATA_VALUE,DATA_VALUE,DATA_VALUE,DATA_VALUE,DATA_VALUE,DATA_VALUE,DATA_VALUE,DATA_VALUE,DATA_VALUE,DATA_VALUE,DATA_VALUE,DATA_VALUE,DATA_VALUE,DATA_VALUE
"A","North East",,,"00EJ","Durham","20UB","Chester-le-Street",,,3336,2202,66,1001,30,133,4,0,0,424,89.8,65,472,537
"A","North East",,,"00EJ","Durham","20UD","Derwentside",,,3010,2633,87.5,347,11.5,16,.5,14,.5,390,60,144,650,794
"A","North East",,,"00EJ","Durham","20UE","Durham",,,2984,1759,58.9,347,11.6,18,.6,860,28.8,320,51.3,185,624,809
"A","North East",,,"00EJ","Durham","20UF","Easington",,,3117,2572,82.5,484,15.5,61,2,0,0,407,54.1,201,752,953
"A","North East",,,"00EJ","Durham","20UG","Sedgefield",,,2941,2362,80.3,508,17.3,71,2.4,0,0,451,52.6,100,858,958
"A","North East",,,"00EJ","Durham","20UH","Teesdale",,,708,..,..,..,..,..,..,..,..,94,100,44,94,138
"A","North East",,,"00EJ","Durham","20UJ","Wear Valley",,,3476,2137,61.5,1098,31.6,241,6.9,0,0,257,60.2,175,427,602
"A","North East",,,"00EM","Northumberland","35UB","Alnwick",,,869,745,85.7,113,13,11,1.3,0,0,92,71.9,67,128,195
"A","North East",,,"00EM","Northumberland","35UC","Berwick-upon-Tweed",,,556,470,84.5,66,11.9,20,3.6,0,0,89,65,84,137,221
"A","North East",,,"00EM","Northumberland","35UD","Blyth Valley",,,4867,0,0,0,0,0,0,4867,100,315,50.2,265,627,892
"A","North East",,,"00EM","Northumberland","35UE","Castle Morpeth",,,1697,95,5.6,17,1,4,.2,1581,93.2,130,57,65,228,293
"A","North East",,,"00EM","Northumberland","35UF","Tynedale",,,1626,1353,83.2,178,10.9,95,5.8,0,0,0,..,366,0,366
"A","North East",,,"00EM","Northumberland","35UG","Wansbeck",,,1516,1278,84.3,222,14.6,16,1.1,0,0,401,62,102,647,749
"B","North West",,,"00EQ","Cheshire East","13UC","Congleton",,,1168,981,84,115,9.8,72,6.2,0,0,0,..,251,0,251
"B","North West",,,"00EQ","Cheshire East","13UD","Crewe and Nantwich",,,2460,2081,84.6,371,15.1,8,.3,0,0,0,..,573,0,573
"B","North West",,,"00EQ","Cheshire East","13UG","Macclesfield",,,3133,2580,82.3,476,15.2,77,2.5,0,0,294,47.9,288,614,902
"B","North West",,,"00EW","Cheshire West and Chester","13UB","Chester",,,3882,3480,89.6,333,8.6,69,1.8,0,0,0,..,480,0,480
"B","North West",,,"00EW","Cheshire West and Chester","13UE","Ellesmere Port & Neston",,,1297,954,73.6,329,25.4,12,.9,2,.2,273,64.5,158,423,581
"B","North West",,,"00EW","Cheshire West and Chester","13UH","Vale Royal",,,3522,2936,83.4,508,14.4,69,2,9,.3,0,..,317,0,317
"F","West Midlands",,,"00GG","Shropshire","39UB","Bridgnorth",,,852,695,81.6,145,17,12,1.4,0,0,45,31.3,31,144,175
"F","West Midlands",,,"00GG","Shropshire","39UC","North Shropshire",,,1025,836,81.6,146,14.2,43,4.2,0,0,214,66.9,32,320,352
"F","West Midlands",,,"00GG","Shropshire","39UD","Oswestry",,,1066,828,77.7,219,20.5,19,1.8,0,0,123,72.4,100,170,270
"F","West Midlands",,,"00GG","Shropshire","39UE","Shrewsbury and Atcham",,,2120,1392,65.7,570,26.9,120,5.7,38,1.8,0,..,417,0,417
"F","West Midlands",,,"00GG","Shropshire","39UF","South Shropshire",,,1883,1474,78.3,385,20.4,24,1.3,0,0,0,..,154,0,154
"G","East of England",,,"00KC","Central Bedfordshire","09UC","Mid Bedfordshire",,,2603,2150,82.6,411,15.8,42,1.6,0,0,0,..,311,0,311
"G","East of England",,,"00KC","Central Bedfordshire","09UE","South Bedfordshire",,,2303,1964,85.3,300,13,39,1.7,0,0,263,39.8,91,660,751
"K","South West",,,"00HE","Cornwall","15UB","Caradon",,,3404,2870,84.3,441,13,93,2.7,0,0,138,50,77,276,353
"K","South West",,,"00HE","Cornwall","15UC","Carrick",,,2813,2367,84.1,374,13.3,72,2.6,0,0,91,42.5,53,214,267
"K","South West",,,"00HE","Cornwall","15UD","Kerrier",,,1990,1572,79,364,18.3,54,2.7,0,0,0,..,268,0,268
"K","South West",,,"00HE","Cornwall","15UE","North Cornwall",,,2965,2544,85.8,373,12.6,48,1.6,0,0,180,70,114,257,371
"K","South West",,,"00HE","Cornwall","15UF","Penwith",,,2161,1800,83.3,271,12.5,90,4.2,0,0,0,..,133,0,133
"K","South West",,,"00HE","Cornwall","15UG","Restormel",,,4807,3799,79,793,16.5,207,4.3,8,.2,0,..,347,0,347
"K","South West",,,"00HY","Wiltshire","46UB","Kennet",,,3740,2966,79.3,688,18.4,86,2.3,0,0,0,..,329,0,329
"K","South West",,,"00HY","Wiltshire","46UC","North Wiltshire",,,2167,1687,77.8,277,12.8,75,3.5,128,5.9,0,..,351,0,351
"K","South West",,,"00HY","Wiltshire","46UD","Salisbury",,,2968,2530,85.2,392,13.2,46,1.5,0,0,230,55.3,156,416,572
"K","South West",,,"00HY","Wiltshire","46UF","West Wiltshire",,,4185,3538,84.5,563,13.5,84,2,0,0,0,..,443,0,443