DATASET_TITLE,Occupancy Rating (UV59),,,,,,FROM,Apr-2001,Apr-2001,Apr-2001,Apr-2001,Apr-2001,Apr-2001
AREA_TYPE,Local Authority,,,,,,TO,Apr-2001,Apr-2001,Apr-2001,Apr-2001,Apr-2001,Apr-2001
GEO_HIERARCHY,NeSS Geography Hierarchy,,,,,,HEADING,All Households,Occupancy rating of + 2 or more,Occupancy rating of + 1,Occupancy rating of 0,Occupancy rating of -1,Occupancy rating of  -2 or less
,,,,,,,MEASUREMENT_UNIT,Count,Count,Count,Count,Count,Count
,,,,,,,STATISTICAL_UNIT,Households,Households,Households,Households,Households,Households
GOR_CODE,GOR_NAME,CTY_CODE,CTY_NAME,LA_CODE,LA_NAME,AREA_METADATA,,DATA_VALUE,DATA_VALUE,DATA_VALUE,DATA_VALUE,DATA_VALUE,DATA_VALUE
"B","North West",,,"00BL","Bolton",,,108085,48642,31772,21193,4851,1627
"B","North West",,,"00BM","Bury",,,74335,37209,20407,13052,2813,854
"B","North West",,,"00BN","Manchester",,,167451,62445,46422,39838,12926,5820
"B","North West",,,"00BP","Oldham",,,87824,34162,28394,18865,4470,1933
"B","North West",,,"00BQ","Rochdale",,,83452,34203,25019,18370,4306,1554
"B","North West",,,"00BR","Salford",,,94238,41961,27476,19284,4314,1203
"B","North West",,,"00BS","Stockport",,,120456,67017,29638,18363,4239,1199
"B","North West",,,"00BT","Tameside",,,89981,37600,28167,19000,4098,1116
"B","North West",,,"00BU","Trafford",,,89313,51842,19856,13436,3051,1128
"B","North West",,,"00BW","Wigan",,,125096,61893,36566,21441,4061,1135
"B","North West",,,"00BX","Knowsley",,,60553,27054,16566,12541,3347,1045
"B","North West",,,"00BY","Liverpool",,,187865,86668,50366,36640,10347,3844
"B","North West",,,"00BZ","St. Helens",,,72697,37668,19547,11989,2687,806
"B","North West",,,"00CA","Sefton",,,116847,67535,26550,17169,4236,1357
"B","North West",,,"00CB","Wirral",,,133345,78821,31749,17897,3745,1133
"B","North West",,,"00ET","Halton",,,47948,23627,12854,8952,2010,505
"B","North West",,,"00EU","Warrington",,,78030,43516,19295,11894,2620,705
"B","North West",,,"00EX","Blackburn with Darwen",,,53407,24930,15436,9432,2490,1119
"B","North West",,,"00EY","Blackpool",,,63940,31287,16028,11972,3474,1179
"B","North West","13","Cheshire","13UB","Chester",,,50130,30014,11241,6635,1653,587
"B","North West","13","Cheshire","13UC","Congleton",,,37283,23600,8548,4161,766,208
"B","North West","13","Cheshire","13UD","Crewe and Nantwich",,,45699,26521,11187,6311,1329,351
"B","North West","13","Cheshire","13UE","Ellesmere Port & Neston",,,33167,19576,7718,4663,911,299
"B","North West","13","Cheshire","13UG","Macclesfield",,,64162,39832,13876,8356,1683,415
"B","North West","13","Cheshire","13UH","Vale Royal",,,49590,29650,11866,6302,1377,395
"B","North West","16","Cumbria","16UB","Allerdale",,,39781,22467,10841,5213,1036,224
"B","North West","16","Cumbria","16UC","Barrow-in-Furness",,,30525,15478,8763,4997,1010,277
"B","North West","16","Cumbria","16UD","Carlisle",,,43963,22426,12784,6966,1343,444
"B","North West","16","Cumbria","16UE","Copeland",,,29486,16148,8214,3916,939,269
"B","North West","16","Cumbria","16UF","Eden",,,21143,13202,4932,2245,576,188
"B","North West","16","Cumbria","16UG","South Lakeland",,,44129,26602,10495,5484,1194,354
"B","North West","30","Lancashire","30UD","Burnley",,,36796,16907,11237,6686,1461,505
"B","North West","30","Lancashire","30UE","Chorley",,,41027,23323,10520,5781,1107,296
"B","North West","30","Lancashire","30UF","Fylde",,,32369,18675,7778,4579,1073,264
"B","North West","30","Lancashire","30UG","Hyndburn",,,32976,15580,9826,5867,1313,390
"B","North West","30","Lancashire","30UH","Lancaster",,,55839,28767,14930,9506,2000,636
"B","North West","30","Lancashire","30UJ","Pendle",,,35960,16837,10667,6282,1598,576
"B","North West","30","Lancashire","30UK","Preston",,,52970,25710,13975,9749,2548,988
"B","North West","30","Lancashire","30UL","Ribble Valley",,,22210,14100,5021,2385,527,177
"B","North West","30","Lancashire","30UM","Rossendale",,,27112,12785,7679,5253,1106,289
"B","North West","30","Lancashire","30UN","South Ribble",,,42728,24897,11223,5496,915,197
"B","North West","30","Lancashire","30UP","West Lancashire",,,43586,25704,10247,6121,1204,310
"B","North West","30","Lancashire","30UQ","Wyre",,,45295,25563,12217,5922,1226,367