DATASET_TITLE,Age - Workplace Population (UV75),,,,FROM,Apr-2001,Apr-2001,Apr-2001,Apr-2001,Apr-2001,Apr-2001,Apr-2001
AREA_TYPE,County,,,,TO,Apr-2001,Apr-2001,Apr-2001,Apr-2001,Apr-2001,Apr-2001,Apr-2001
GEO_HIERARCHY,NeSS Geography Hierarchy,,,,HEADING,All People,Less than 20 years old,20 to 29 years old,30 to 39 years old,40 to 49 years old,50 to 59 years old,More than 59 years old
,,,,,MEASUREMENT_UNIT,Count,Count,Count,Count,Count,Count,Count
,,,,,STATISTICAL_UNIT,Persons,Persons,Persons,Persons,Persons,Persons,Persons
GOR_CODE,GOR_NAME,CTY_CODE,CTY_NAME,AREA_METADATA,,DATA_VALUE,DATA_VALUE,DATA_VALUE,DATA_VALUE,DATA_VALUE,DATA_VALUE,DATA_VALUE
"J","South East","11","Buckinghamshire",,,210250,11233,39536,52075,49478,43272,14656
"J","South East","21","East Sussex",,,179773,10448,28211,42169,43044,41006,14895
"J","South East","24","Hampshire",,,564412,34054,107325,142001,131902,113648,35482
"J","South East","29","Kent",,,564421,32584,102089,137919,132227,122373,37229
"J","South East","38","Oxfordshire",,,306638,15850,61016,80744,69943,59126,19959
"J","South East","43","Surrey",,,487102,25034,96628,124152,111414,97385,32489
"J","South East","45","West Sussex",,,347773,19368,64496,87046,81684,71354,23825