DATASET_TITLE,"Homelessness (Statutory), 2010/11",,,,,,,,,,FROM,Apr-2010,Apr-2010,Apr-2010,Apr-2010,Apr-2010,Apr-2010,Apr-2010,Apr-2010,Apr-2010,Apr-2010,Apr-2010,Apr-2010,Apr-2010,Apr-2010,Apr-2010
AREA_TYPE,Region,,,,,,,,,,TO,Mar-2011,Mar-2011,Mar-2011,Mar-2011,Mar-2011,Mar-2011,Mar-2011,Mar-2011,Mar-2011,Mar-2011,Mar-2011,Mar-2011,Mar-2011,Mar-2011,Mar-2011
GEO_HIERARCHY,NeSS Geography Hierarchy,,,,,,,,,,HEADING,Statutory Homeless; Decisions Made; Total,Statutory Homeless; Applicants Accepted as Owed a Main Homelessness Duty; Total,Statutory Homeless; Applicants Accepted as Owed a Main Homelessness Duty; Proportion,Statutory Homeless; Applicants Accepted as Owed a Main Homelessness Duty; White/White British Origin,Statutory Homeless; Applicants Accepted as Owed a Main Homelessness Duty; Mixed Origin,Statutory Homeless; Applicants Accepted as Owed a Main Homelessness Duty; Asian/Asian British Origin,Statutory Homeless; Applicants Accepted as Owed a Main Homelessness Duty; Black/Black British Origin,Statutory Homeless; Applicants Accepted as Owed a Main Homelessness Duty; Chinese Origin or Other,Statutory Homeless; Applicants Accepted as Owed a Main Homelessness Duty; Ethnic Origin Not Known,Households in Temporary Accommodation at 31 March; Total,Households in Temporary Accommodation at 31 March; Bed & Breakfast Style Accommodation,Households in Temporary Accommodation at 31 March; Hostel Style Accommodation,Households in Temporary Accommodation at 31 March; LA or RSL Owned Accommodation,Households in Temporary Accommodation at 31 March; Private Sector Housing Leased to LA or RSL,Households in Temporary Accommodation at 31 March; Other Types of Accommodation
,,,,,,,,,,,MEASUREMENT_UNIT,Count,Count,Percentage,Count,Count,Count,Count,Count,Count,Count,Count,Count,Count,Count,Count
,,,,,,,,,,,STATISTICAL_UNIT,Households,Households,Households,Households,Households,Households,Households,Households,Households,Households,Households,Households,Households,Households,Households
UK_CODE,UK_NAME,GB_CODE,GB_NAME,EW_CODE,EW_NAME,CTRY_CODE,CTRY_NAME,GOR_CODE,GOR_NAME,AREA_METADATA,,DATA_VALUE,DATA_VALUE,DATA_VALUE,DATA_VALUE,DATA_VALUE,DATA_VALUE,DATA_VALUE,DATA_VALUE,DATA_VALUE,DATA_VALUE,DATA_VALUE,DATA_VALUE,DATA_VALUE,DATA_VALUE,DATA_VALUE
"213","United Kingdom","078","Great Britain","727","England and Wales","064","England",,,,,102200,44160,43.2,29540,1330,2800,6360,1890,2240,48240,2750,4250,7490,26960,6790
"213","United Kingdom","078","Great Britain","727","England and Wales","064","England","A","North East",,,4340,1860,42.9,1640,20,60,70,30,40,220,60,20,130,10,0
"213","United Kingdom","078","Great Britain","727","England and Wales","064","England","B","North West",,,10990,3880,35.3,3010,80,160,310,150,160,920,80,290,390,10,150
"213","United Kingdom","078","Great Britain","727","England and Wales","064","England","D","Yorkshire and The Humber",,,13190,4420,33.5,3440,100,200,310,150,230,900,80,190,480,120,30
"213","United Kingdom","078","Great Britain","727","England and Wales","064","England","E","East Midlands",,,6200,3380,54.5,2710,90,120,270,40,160,680,80,220,300,80,10
"213","United Kingdom","078","Great Britain","727","England and Wales","064","England","F","West Midlands",,,18500,8440,45.6,5070,380,860,1290,390,450,1360,200,140,480,500,50
"213","United Kingdom","078","Great Britain","727","England and Wales","064","England","G","East of England",,,8030,4220,52.6,3430,90,200,290,60,150,2600,200,540,900,710,250
"213","United Kingdom","078","Great Britain","727","England and Wales","064","England","H","London",,,25310,10180,40.2,3560,430,1050,3480,960,700,35850,1330,2120,3240,23530,5630
"213","United Kingdom","078","Great Britain","727","England and Wales","064","England","J","South East",,,9350,4520,48.3,3760,100,130,240,70,230,3660,400,420,1110,1230,500
"213","United Kingdom","078","Great Britain","727","England and Wales","064","England","K","South West",,,6300,3270,51.9,2930,50,40,110,30,120,2040,320,300,460,770,180