DATASET_TITLE,Lowest Floor Level (UV61),,,,FROM,Apr-2001,Apr-2001,Apr-2001,Apr-2001,Apr-2001,Apr-2001,Apr-2001
AREA_TYPE,County,,,,TO,Apr-2001,Apr-2001,Apr-2001,Apr-2001,Apr-2001,Apr-2001,Apr-2001
GEO_HIERARCHY,NeSS Geography Hierarchy,,,,HEADING,All Household Spaces,Lowest floor level: Basement or semi-basement,Lowest floor level: Ground floor (street level),Lowest floor level: First floor,Lowest floor level: Second floor,Lowest floor level: Third or fourth floor,Lowest floor level: Fifth floor or higher
,,,,,MEASUREMENT_UNIT,Count,Count,Count,Count,Count,Count,Count
,,,,,STATISTICAL_UNIT,Households,Households,Households,Households,Households,Households,Households
GOR_CODE,GOR_NAME,CTY_CODE,CTY_NAME,AREA_METADATA,,DATA_VALUE,DATA_VALUE,DATA_VALUE,DATA_VALUE,DATA_VALUE,DATA_VALUE,DATA_VALUE
"D","Yorkshire and The Humber","36","North Yorkshire",,,253854,6984,227289,14105,3688,1640,148