DATASET_TITLE,"National Curriculum Assessments at Key Stage 3 by Gender in England (Referenced by Location of Pupil Residence), 2005",,,,,,,,,,FROM,Sep-2004,Sep-2004,Sep-2004,Sep-2004,Sep-2004,Sep-2004,Sep-2004,Sep-2004,Sep-2004,Sep-2004,Sep-2004,Sep-2004,Sep-2004,Sep-2004,Sep-2004,Sep-2004,Sep-2004,Sep-2004,Sep-2004,Sep-2004,Sep-2004
AREA_TYPE,Region,,,,,,,,,,TO,Aug-2005,Aug-2005,Aug-2005,Aug-2005,Aug-2005,Aug-2005,Aug-2005,Aug-2005,Aug-2005,Aug-2005,Aug-2005,Aug-2005,Aug-2005,Aug-2005,Aug-2005,Aug-2005,Aug-2005,Aug-2005,Aug-2005,Aug-2005,Aug-2005
GEO_HIERARCHY,NeSS Geography Hierarchy,,,,,,,,,,HEADING,Pupils Eligible for KS3 Assessment,Pupils Achieving Level 5+; in English,Pupils Achieving Level 5+; in Mathematics,Pupils Achieving Level 5+; in Science,Average Point Score of Pupils Eligible for KS3 Assessment,KS2 - KS3 Value Added Measure of Pupils Eligible for KS3 Assessment,KS2 - KS3 Value Added Coverage of Pupils Eligible for KS3 Assessment,Boy Pupils Eligible for KS3 Assessment,Boy Pupils Achieving Level 5+; in English,Boy Pupils Achieving Level 5+; in Mathematics,Boy Pupils Achieving Level 5+; in Science,Average Point Score of Boy Pupils Eligible for KS3 Assessment,KS2 - KS3 Value Added Measure of Boy Pupils Eligible for KS3 Assessment,KS2 - KS3 Value Added Coverage of Boy Pupils Eligible for KS3 Assessment,Girl Pupils Eligible for KS3 Assessment,Girl Pupils Achieving Level 5+; in English,Girl Pupils Achieving Level 5+; in Mathematics,Girl Pupils Achieving Level 5+; in Science,Average Point Score of Girl Pupils Eligible for KS3 Assessment,KS2 - KS3 Value Added Measure of Girl Pupils Eligible for KS3 Assessment,KS2 - KS3 Value Added Coverage of Girl Pupils Eligible for KS3 Assessment
,,,,,,,,,,,MEASUREMENT_UNIT,Count,Percentage,Percentage,Percentage,Score,Score,Percentage,Count,Percentage,Percentage,Percentage,Score,Score,Percentage,Count,Percentage,Percentage,Percentage,Score,Score,Percentage
,,,,,,,,,,,STATISTICAL_UNIT,Persons,Persons,Persons,Persons,Persons,Persons,Persons,Persons,Persons,Persons,Persons,Persons,Persons,Persons,Persons,Persons,Persons,Persons,Persons,Persons,Persons
UK_CODE,UK_NAME,GB_CODE,GB_NAME,EW_CODE,EW_NAME,CTRY_CODE,CTRY_NAME,GOR_CODE,GOR_NAME,AREA_METADATA,,DATA_VALUE,DATA_VALUE,DATA_VALUE,DATA_VALUE,DATA_VALUE,DATA_VALUE,DATA_VALUE,DATA_VALUE,DATA_VALUE,DATA_VALUE,DATA_VALUE,DATA_VALUE,DATA_VALUE,DATA_VALUE,DATA_VALUE,DATA_VALUE,DATA_VALUE,DATA_VALUE,DATA_VALUE,DATA_VALUE,DATA_VALUE
"213","United Kingdom","078","Great Britain","727","England and Wales","064","England",,,,,624264,74,74,70,34.5,99.7,94,318366,67,73,69,34.2,99.6,94,305898,81,74,70,34.9,99.8,95
"213","United Kingdom","078","Great Britain","727","England and Wales","064","England","A","North East",,,32815,70,72,67,33.9,99.2,96,16815,63,71,67,33.5,99.1,95,16000,77,73,67,34.3,99.2,96
"213","United Kingdom","078","Great Britain","727","England and Wales","064","England","B","North West",,,89453,73,73,68,34.2,99.3,95,45701,67,73,69,33.9,99.2,95,43752,79,74,68,34.5,99.3,96
"213","United Kingdom","078","Great Britain","727","England and Wales","064","England","D","Yorkshire and The Humber",,,64364,71,72,67,34,99.3,95,32787,63,71,67,33.6,99.2,95,31577,78,72,68,34.3,99.4,96
"213","United Kingdom","078","Great Britain","727","England and Wales","064","England","E","East Midlands",,,54785,74,75,71,34.6,99.7,95,27998,68,74,71,34.3,99.6,95,26787,81,75,72,34.9,99.8,96
"213","United Kingdom","078","Great Britain","727","England and Wales","064","England","F","West Midlands",,,69834,73,72,68,34.2,99.6,96,35767,67,72,68,33.9,99.5,95,34067,80,72,68,34.5,99.7,96
"213","United Kingdom","078","Great Britain","727","England and Wales","064","England","G","East of England",,,66115,77,76,73,34.9,100,95,33716,71,76,73,34.7,99.9,95,32399,83,76,73,35.2,100,96
"213","United Kingdom","078","Great Britain","727","England and Wales","064","England","H","London",,,76180,74,72,66,34,99.6,92,38417,68,72,65,33.7,99.5,91,37763,81,72,67,34.4,99.8,92
"213","United Kingdom","078","Great Britain","727","England and Wales","064","England","J","South East",,,93462,77,76,73,35.1,100,95,47474,70,76,73,34.8,99.9,94,45988,83,77,73,35.5,100.1,95
"213","United Kingdom","078","Great Britain","727","England and Wales","064","England","K","South West",,,58405,75,76,73,34.9,99.9,95,29721,68,75,73,34.6,99.9,95,28684,82,76,74,35.3,100,95