DATASET_TITLE,Household Type (UV68),,,,,,,,,,FROM,Apr-2001,Apr-2001,Apr-2001,Apr-2001,Apr-2001,Apr-2001,Apr-2001,Apr-2001,Apr-2001,Apr-2001
AREA_TYPE,Region,,,,,,,,,,TO,Apr-2001,Apr-2001,Apr-2001,Apr-2001,Apr-2001,Apr-2001,Apr-2001,Apr-2001,Apr-2001,Apr-2001
GEO_HIERARCHY,NeSS Geography Hierarchy,,,,,,,,,,HEADING,All Households,Married couple household with dependent child(ren),Married couple household with no dependent child(ren),Cohabiting couple household with dependent child(ren),Cohabiting couple household with no dependent child(ren),Lone parent household with dependent child(ren),Lone parent household with no dependent child(ren),One person household,Multi person household: All student,Multi person household: All other
,,,,,,,,,,,MEASUREMENT_UNIT,Count,Count,Count,Count,Count,Count,Count,Count,Count,Count
,,,,,,,,,,,STATISTICAL_UNIT,Households,Households,Households,Households,Households,Households,Households,Households,Households,Households
UK_CODE,UK_NAME,GB_CODE,GB_NAME,EW_CODE,EW_NAME,CTRY_CODE,CTRY_NAME,GOR_CODE,GOR_NAME,AREA_METADATA,,DATA_VALUE,DATA_VALUE,DATA_VALUE,DATA_VALUE,DATA_VALUE,DATA_VALUE,DATA_VALUE,DATA_VALUE,DATA_VALUE,DATA_VALUE
"213","United Kingdom","078","Great Britain","727","England and Wales","064","England",,,,,20451427,3792961,5881571,694017,1175109,1458745,682457,6150264,75304,540999
"213","United Kingdom","078","Great Britain","727","England and Wales","220","Wales",,,,,1209048,221408,366602,42396,55780,96506,44530,352348,4878,24600
"213","United Kingdom","078","Great Britain","727","England and Wales",,,,,,,21660475,4014369,6248173,736413,1230889,1555251,726987,6502612,80182,565599
"213","United Kingdom","078","Great Britain","727","England and Wales","064","England","A","North East",,,1066292,187573,313069,39847,49608,86238,39408,327734,4225,18590
"213","United Kingdom","078","Great Britain","727","England and Wales","064","England","B","North West",,,2812789,504670,789551,101369,138249,238278,105714,870234,8718,56006
"213","United Kingdom","078","Great Britain","727","England and Wales","064","England","D","Yorkshire and The Humber",,,2064748,379903,615218,79309,115108,150733,64610,609134,10937,39796
"213","United Kingdom","078","Great Britain","727","England and Wales","064","England","E","East Midlands",,,1732482,328963,541917,64308,100595,114633,51632,489098,8123,33213
"213","United Kingdom","078","Great Britain","727","England and Wales","064","England","F","West Midlands",,,2153672,417490,644114,75976,109299,159330,77515,620770,7722,41456
"213","United Kingdom","078","Great Britain","727","England and Wales","064","England","G","East of England",,,2231974,440704,702720,77212,135180,129870,66103,631128,3675,45382
"213","United Kingdom","078","Great Britain","727","England and Wales","064","England","H","London",,,3015997,507512,602194,82184,201295,267323,119579,1046888,13105,175917
"213","United Kingdom","078","Great Britain","727","England and Wales","064","England","J","South East",,,3287489,653373,1004049,106515,205014,189251,98010,937468,11015,82794
"213","United Kingdom","078","Great Britain","727","England and Wales","064","England","K","South West",,,2085984,372773,668739,67297,120761,123089,59886,617810,7784,47845