DATASET_TITLE,Hours Worked (UV41),,,,,,FROM,Apr-2001,Apr-2001,Apr-2001,Apr-2001,Apr-2001,Apr-2001,Apr-2001,Apr-2001,Apr-2001,Apr-2001,Apr-2001
AREA_TYPE,Local Authority,,,,,,TO,Apr-2001,Apr-2001,Apr-2001,Apr-2001,Apr-2001,Apr-2001,Apr-2001,Apr-2001,Apr-2001,Apr-2001,Apr-2001
GEO_HIERARCHY,2003 Administrative Hierarchy,,,,,,HEADING,All People,Part-time,Part-time: 1 to 2 hours,Part-time: 3 to 5 hours,Part-time: 6 to 15 hours,Part-time: 16 to 30 hours,Full-time,Full-time: 31 to 37 hours,Full-time: 38 to 48 hours,Full-time: 49 to 59 hours,Full-time: 60 hours and over
,,,,,,,MEASUREMENT_UNIT,Count,Count,Count,Count,Count,Count,Count,Count,Count,Count,Count
,,,,,,,STATISTICAL_UNIT,Persons,Persons,Persons,Persons,Persons,Persons,Persons,Persons,Persons,Persons,Persons
GOR_CODE,GOR_NAME,CTY_CODE,CTY_NAME,LA_CODE,LA_NAME,AREA_METADATA,,DATA_VALUE,DATA_VALUE,DATA_VALUE,DATA_VALUE,DATA_VALUE,DATA_VALUE,DATA_VALUE,DATA_VALUE,DATA_VALUE,DATA_VALUE,DATA_VALUE
"A","North East","2D","Tyne and Wear","00CH","Gateshead",,,78786,20237,79,672,5057,14429,58549,18968,30774,5484,3323
"A","North East","2D","Tyne and Wear","00CJ","Newcastle upon Tyne",,,101498,26755,212,1026,7470,18047,74743,23139,38347,8032,5225
"A","North East","2D","Tyne and Wear","00CK","North Tyneside",,,83698,20904,100,615,5284,14905,62794,20308,32002,6143,4341
"A","North East","2D","Tyne and Wear","00CL","South Tyneside",,,58899,14922,81,516,3867,10458,43977,14008,22014,3976,3979
"A","North East","2D","Tyne and Wear","00CM","Sunderland",,,114119,29290,160,995,7532,20603,84829,26282,46298,7258,4991
"A","North East",,,"00EB","Hartlepool",,,33762,9825,46,418,2357,7004,23937,6562,13255,2271,1849
"A","North East",,,"00EC","Middlesbrough",,,49317,15475,94,757,4096,10528,33842,10194,17992,3211,2445
"A","North East",,,"00EE","Redcar and Cleveland",,,54295,15310,80,794,4325,10111,38985,10739,21650,3552,3044
"A","North East",,,"00EF","Stockton-on-Tees",,,75904,21063,123,861,5306,14773,54841,14776,30194,5795,4076
"A","North East",,,"00EH","Darlington",,,42993,11267,72,373,3067,7755,31726,8461,17495,3533,2237
"A","North East","20","Durham","20UB","Chester-le-Street",,,24723,5913,27,224,1605,4057,18810,5530,9992,2041,1247
"A","North East","20","Durham","20UD","Derwentside",,,36009,8401,39,266,2214,5882,27608,7427,15481,2665,2035
"A","North East","20","Durham","20UE","Durham",,,36923,9357,102,366,2799,6090,27566,7372,14860,3315,2019
"A","North East","20","Durham","20UF","Easington",,,33432,7545,33,261,1962,5289,25887,6776,15410,2088,1613
"A","North East","20","Durham","20UG","Sedgefield",,,36620,7879,31,283,2136,5429,28741,7689,16455,2754,1843
"A","North East","20","Durham","20UH","Teesdale",,,11063,2532,22,121,755,1634,8531,1730,4420,1086,1295
"A","North East","20","Durham","20UJ","Wear Valley",,,24844,5872,39,208,1614,4011,18972,4842,10450,2107,1573
"A","North East","35","Northumberland","35UB","Alnwick",,,13847,3671,30,192,1098,2351,10176,2379,5215,1281,1301
"A","North East","35","Northumberland","35UC","Berwick-upon-Tweed",,,11460,3326,23,132,1008,2163,8134,1632,4220,1037,1245
"A","North East","35","Northumberland","35UD","Blyth Valley",,,36499,8665,46,303,2299,6017,27834,8563,15290,2335,1646
"A","North East","35","Northumberland","35UE","Castle Morpeth",,,21128,5402,48,204,1578,3572,15726,3878,7898,2217,1733
"A","North East","35","Northumberland","35UF","Tynedale",,,27583,7288,72,341,2175,4700,20295,4408,10217,2912,2758
"A","North East","35","Northumberland","35UG","Wansbeck",,,25566,6083,32,220,1554,4277,19483,6239,10477,1564,1203
"B","North West","2A","Greater Manchester","00BL","Bolton",,,114415,28196,132,823,6877,20364,86219,24335,47564,8851,5469
"B","North West","2A","Greater Manchester","00BM","Bury",,,83847,19751,105,652,4974,14020,64096,18325,34151,7228,4392
"B","North West","2A","Greater Manchester","00BN","Manchester",,,142449,36339,303,1350,9919,24767,106110,32907,56212,10438,6553
"B","North West","2A","Greater Manchester","00BP","Oldham",,,92775,21938,117,691,4814,16316,70837,21678,37778,7200,4181
"B","North West","2A","Greater Manchester","00BQ","Rochdale",,,86867,21030,96,643,4749,15542,65837,18491,36251,6979,4116
"B","North West","2A","Greater Manchester","00BR","Salford",,,89920,21239,99,705,5291,15144,68681,19841,37805,6871,4164
"B","North West","2A","Greater Manchester","00BS","Stockport",,,136059,33349,254,1231,8900,22964,102710,27647,55467,12737,6859
"B","North West","2A","Greater Manchester","00BT","Tameside",,,96254,21384,90,713,5048,15533,74870,23165,40037,7403,4265
"B","North West","2A","Greater Manchester","00BU","Trafford",,,99146,23598,147,824,6518,16109,75548,20203,40742,9474,5129
"B","North West","2A","Greater Manchester","00BW","Wigan",,,135615,31998,128,997,7664,23209,103617,27483,59347,10824,5963
"B","North West","2B","Merseyside","00BX","Knowsley",,,54351,13867,52,393,3381,10041,40484,13971,20778,3446,2289
"B","North West","2B","Merseyside","00BY","Liverpool",,,154817,40680,183,1249,10748,28500,114137,40289,56448,10322,7078
"B","North West","2B","Merseyside","00BZ","St. Helens",,,73076,18396,89,664,4503,13140,54680,15585,30363,5565,3167
"B","North West","2B","Merseyside","00CA","Sefton",,,116315,32181,165,1067,8603,22346,84134,26299,42571,9315,5949
"B","North West","2B","Merseyside","00CB","Wirral",,,126397,34137,215,1351,8991,23580,92260,27856,48790,9573,6041
"B","North West",,,"00ET","Halton",,,50363,12644,53,520,2937,9134,37719,10708,21132,3618,2261
"B","North West",,,"00EU","Warrington",,,91286,22626,155,785,5824,15862,68660,17167,38481,8493,4519
"B","North West",,,"00EX","Blackburn with Darwen",,,53575,13773,69,515,3073,10116,39802,11278,22305,3789,2430
"B","North West",,,"00EY","Blackpool",,,59073,16275,57,479,3732,12007,42798,13029,21338,4281,4150
"B","North West","13","Cheshire","13UB","Chester",,,55383,14418,129,663,4245,9381,40965,9477,22116,5742,3630
"B","North West","13","Cheshire","13UC","Congleton",,,44577,10645,79,521,3308,6737,33932,8279,18051,4685,2917
"B","North West","13","Cheshire","13UD","Crewe and Nantwich",,,51527,13602,97,526,3958,9021,37925,9840,19769,4917,3399
"B","North West","13","Cheshire","13UE","Ellesmere Port & Neston",,,37062,9984,67,319,2843,6755,27078,6986,15495,2817,1780
"B","North West","13","Cheshire","13UG","Macclesfield",,,73039,18262,172,727,5506,11857,54777,12733,28739,8168,5137
"B","North West","13","Cheshire","13UH","Vale Royal",,,56998,14176,109,643,4213,9211,42822,9856,23688,5736,3542
"B","North West","16","Cumbria","16UB","Allerdale",,,41814,11102,84,533,3194,7291,30712,6917,16954,3238,3603
"B","North West","16","Cumbria","16UC","Barrow-in-Furness",,,28849,8419,71,391,2522,5435,20430,7281,9934,1845,1370
"B","North West","16","Cumbria","16UD","Carlisle",,,46858,13185,95,510,3681,8899,33673,7239,18712,4214,3508
"B","North West","16","Cumbria","16UE","Copeland",,,29222,7600,54,410,2093,5043,21622,6596,11724,1623,1679
"B","North West","16","Cumbria","16UF","Eden",,,24752,6648,55,339,2141,4113,18104,2781,8856,2787,3680
"B","North West","16","Cumbria","16UG","South Lakeland",,,48413,13740,147,680,4219,8694,34673,7114,18532,4527,4500
"B","North West","30","Lancashire","30UD","Burnley",,,38098,9491,55,389,1959,7088,28607,8330,16036,2626,1615
"B","North West","30","Lancashire","30UE","Chorley",,,49200,11801,59,432,3193,8117,37399,9595,19704,5071,3029
"B","North West","30","Lancashire","30UF","Fylde",,,32215,8178,59,310,2345,5464,24037,7113,12037,2857,2030
"B","North West","30","Lancashire","30UG","Hyndburn",,,34773,8155,43,298,1819,5995,26618,7179,15199,2643,1597
"B","North West","30","Lancashire","30UH","Lancaster",,,55906,16915,134,828,4778,11175,38991,10233,20123,4831,3804
"B","North West","30","Lancashire","30UJ","Pendle",,,37042,9093,43,336,2102,6612,27949,7374,15682,2899,1994
"B","North West","30","Lancashire","30UK","Preston",,,56203,15207,77,534,4101,10495,40996,13035,20743,4404,2814
"B","North West","30","Lancashire","30UL","Ribble Valley",,,26407,6721,51,275,2018,4377,19686,4223,9935,3029,2499
"B","North West","30","Lancashire","30UM","Rossendale",,,29877,6799,48,287,1594,4870,23078,5285,13257,2793,1743
"B","North West","30","Lancashire","30UN","South Ribble",,,51327,12813,53,430,3426,8904,38514,11064,20300,4572,2578
"B","North West","30","Lancashire","30UP","West Lancashire",,,48842,12706,73,521,3644,8468,36136,9016,19154,4749,3217
"B","North West","30","Lancashire","30UQ","Wyre",,,45036,12586,78,425,3452,8631,32450,9493,15838,3882,3237
"D","Yorkshire and The Humber","2C","South Yorkshire","00CC","Barnsley",,,88762,23168,141,810,6093,16124,65594,16029,36744,7645,5176
"D","Yorkshire and The Humber","2C","South Yorkshire","00CE","Doncaster",,,118362,32891,193,1085,8640,22973,85471,19961,47969,10642,6899
"D","Yorkshire and The Humber","2C","South Yorkshire","00CF","Rotherham",,,106489,28430,146,991,7308,19985,78059,19493,43347,9554,5665
"D","Yorkshire and The Humber","2C","South Yorkshire","00CG","Sheffield",,,218493,59849,400,1989,16530,40930,158644,45610,83544,18659,10831
"D","Yorkshire and The Humber","2F","West Yorkshire","00CX","Bradford",,,191250,49231,244,1570,12428,34989,142019,43101,73722,15613,9583
"D","Yorkshire and The Humber","2F","West Yorkshire","00CY","Calderdale",,,88038,22269,119,808,5518,15824,65769,17818,35261,7957,4733
"D","Yorkshire and The Humber","2F","West Yorkshire","00CZ","Kirklees",,,174023,45013,239,1514,12394,30866,129010,33356,69937,16222,9495
"D","Yorkshire and The Humber","2F","West Yorkshire","00DA","Leeds",,,322831,83327,404,2636,22718,57569,239504,71443,123392,28747,15922
"D","Yorkshire and The Humber","2F","West Yorkshire","00DB","Wakefield",,,138021,35293,170,1134,9551,24438,102728,26113,56507,12436,7672
"D","Yorkshire and The Humber",,,"00FA","Kingston upon Hull, City of",,,95957,26802,163,897,7188,18554,69155,17823,39084,7186,5062
"D","Yorkshire and The Humber",,,"00FB","East Riding of Yorkshire",,,144858,39917,293,1577,11725,26322,104941,23383,54689,15425,11444
"D","Yorkshire and The Humber",,,"00FC","North East Lincolnshire",,,65832,19781,104,679,5280,13718,46051,8735,26713,6132,4471
"D","Yorkshire and The Humber",,,"00FD","North Lincolnshire",,,68083,17703,122,625,5111,11845,50380,9464,29305,6709,4902
"D","Yorkshire and The Humber",,,"00FF","York",,,87305,24992,183,1032,7514,16263,62313,16506,33523,7832,4452
"D","Yorkshire and The Humber","36","North Yorkshire","36UB","Craven",,,25721,6920,50,354,2073,4443,18801,4072,9152,2871,2706
"D","Yorkshire and The Humber","36","North Yorkshire","36UC","Hambleton",,,41890,10957,106,522,3351,6978,30933,5966,16031,4791,4145
"D","Yorkshire and The Humber","36","North Yorkshire","36UD","Harrogate",,,75755,19398,183,1008,5834,12373,56357,10803,30590,8641,6323
"D","Yorkshire and The Humber","36","North Yorkshire","36UE","Richmondshire",,,24124,5545,60,278,1542,3665,18579,3218,9510,2986,2865
"D","Yorkshire and The Humber","36","North Yorkshire","36UF","Ryedale",,,24184,6708,85,362,2072,4189,17476,2750,9369,2693,2664
"D","Yorkshire and The Humber","36","North Yorkshire","36UG","Scarborough",,,44976,13596,105,613,3839,9039,31380,7423,16434,3871,3652
"D","Yorkshire and The Humber","36","North Yorkshire","36UH","Selby",,,37885,9622,54,407,2784,6377,28263,5901,15253,4220,2889
"E","East Midlands",,,"00FK","Derby",,,95451,25169,161,865,7443,16700,70282,17842,40119,7850,4471
"E","East Midlands",,,"00FN","Leicester",,,111580,27749,160,912,7410,19267,83831,23023,47413,8471,4924
"E","East Midlands",,,"00FP","Rutland",,,16566,4244,40,181,1255,2768,12322,2038,6677,2188,1419
"E","East Midlands",,,"00FY","Nottingham",,,101697,26047,201,1077,7503,17266,75650,21600,41372,7972,4706
"E","East Midlands","17","Derbyshire","17UB","Amber Valley",,,54657,13302,98,481,4066,8657,41355,8464,23869,5677,3345
"E","East Midlands","17","Derbyshire","17UC","Bolsover",,,29451,7649,38,260,2110,5241,21802,4802,12406,2800,1794
"E","East Midlands","17","Derbyshire","17UD","Chesterfield",,,42930,11552,67,411,3313,7761,31378,8874,16769,3568,2167
"E","East Midlands","17","Derbyshire","17UF","Derbyshire Dales",,,33445,9329,96,427,2936,5870,24116,4556,11935,4147,3478
"E","East Midlands","17","Derbyshire","17UG","Erewash",,,52480,12488,80,443,3661,8304,39992,8855,23427,5032,2678
"E","East Midlands","17","Derbyshire","17UH","High Peak",,,43698,11111,88,416,3217,7390,32587,7850,17244,4382,3111
"E","East Midlands","17","Derbyshire","17UJ","North East Derbyshire",,,44438,11929,74,430,3471,7954,32509,7881,17461,4301,2866
"E","East Midlands","17","Derbyshire","17UK","South Derbyshire",,,39998,9926,84,364,2873,6605,30072,5720,16918,4649,2785
"E","East Midlands","31","Leicestershire","31UB","Blaby",,,47136,11474,69,331,3131,7943,35662,8954,19236,4969,2503
"E","East Midlands","31","Leicestershire","31UC","Charnwood",,,73367,19130,142,841,5737,12410,54237,13198,29715,7345,3979
"E","East Midlands","31","Leicestershire","31UD","Harborough",,,39815,10186,91,392,3016,6687,29629,5769,15750,5038,3072
"E","East Midlands","31","Leicestershire","31UE","Hinckley and Bosworth",,,51317,12350,84,449,3420,8397,38967,8673,21931,5365,2998
"E","East Midlands","31","Leicestershire","31UG","Melton",,,24097,6167,53,265,1959,3890,17930,3317,10016,2749,1848
"E","East Midlands","31","Leicestershire","31UH","North West Leicestershire",,,41919,10144,57,388,2903,6796,31775,5932,18168,4838,2837
"E","East Midlands","31","Leicestershire","31UJ","Oadby and Wigston",,,26651,7106,47,197,2021,4841,19545,5211,10523,2459,1352
"E","East Midlands","32","Lincolnshire","32UB","Boston",,,25066,6819,39,227,1848,4705,18247,3594,9696,2756,2201
"E","East Midlands","32","Lincolnshire","32UC","East Lindsey",,,53433,14723,132,601,4177,9813,38710,7335,20346,5757,5272
"E","East Midlands","32","Lincolnshire","32UD","Lincoln",,,37299,10510,60,385,3123,6942,26789,6911,14539,3233,2106
"E","East Midlands","32","Lincolnshire","32UE","North Kesteven",,,44070,11142,73,543,3212,7314,32928,6662,18109,4749,3408
"E","East Midlands","32","Lincolnshire","32UF","South Holland",,,35009,8105,58,288,2307,5452,26904,4238,14043,4923,3700
"E","East Midlands","32","Lincolnshire","32UG","South Kesteven",,,61060,15410,139,592,4672,10007,45650,9043,25179,6972,4456
"E","East Midlands","32","Lincolnshire","32UH","West Lindsey",,,35514,9610,77,440,2903,6190,25904,5185,13708,4095,2916
"E","East Midlands","34","Northamptonshire","34UB","Corby",,,24749,5626,34,172,1253,4167,19123,3614,12416,1970,1123
"E","East Midlands","34","Northamptonshire","34UC","Daventry",,,36859,8718,78,362,2613,5665,28141,5555,15230,4516,2840
"E","East Midlands","34","Northamptonshire","34UD","East Northamptonshire",,,38395,8708,61,392,2585,5670,29687,5174,16748,4879,2886
"E","East Midlands","34","Northamptonshire","34UE","Kettering",,,41282,9974,75,341,2930,6628,31308,6434,17981,4398,2495
"E","East Midlands","34","Northamptonshire","34UF","Northampton",,,96395,22517,140,770,6555,15052,73878,18106,40865,9601,5306
"E","East Midlands","34","Northamptonshire","34UG","South Northamptonshire",,,42098,9899,90,421,3157,6231,32199,5869,17338,5539,3453
"E","East Midlands","34","Northamptonshire","34UH","Wellingborough",,,35050,8094,57,308,2299,5430,26956,5482,15587,3613,2274
"E","East Midlands","37","Nottinghamshire","37UB","Ashfield",,,48949,12162,67,481,3248,8366,36787,8042,21989,4222,2534
"E","East Midlands","37","Nottinghamshire","37UC","Bassetlaw",,,46145,12696,87,516,3490,8603,33449,7355,18035,4760,3299
"E","East Midlands","37","Nottinghamshire","37UD","Broxtowe",,,51262,12790,77,488,3629,8596,38472,9793,21155,4861,2663
"E","East Midlands","37","Nottinghamshire","37UE","Gedling",,,54355,13821,63,489,3813,9456,40534,10772,21695,5182,2885
"E","East Midlands","37","Nottinghamshire","37UF","Mansfield",,,40607,10879,59,419,3097,7304,29728,7083,16720,3742,2183
"E","East Midlands","37","Nottinghamshire","37UG","Newark and Sherwood",,,47352,12699,83,600,3848,8168,34653,7446,18367,5266,3574
"E","East Midlands","37","Nottinghamshire","37UJ","Rushcliffe",,,52086,12988,135,560,3732,8561,39098,9207,20397,6149,3345
"F","West Midlands","2E","West Midlands","00CN","Birmingham",,,367141,88428,522,3197,24329,60380,278713,87007,144254,29841,17611
"F","West Midlands","2E","West Midlands","00CQ","Coventry",,,125724,30860,198,1023,8633,21006,94864,31738,48978,9196,4952
"F","West Midlands","2E","West Midlands","00CR","Dudley",,,139935,34927,191,1097,10163,23476,105008,27151,58731,12739,6387
"F","West Midlands","2E","West Midlands","00CS","Sandwell",,,113562,25652,120,918,6932,17682,87910,25730,48391,8956,4833
"F","West Midlands","2E","West Midlands","00CT","Solihull",,,93400,23547,182,816,6777,15772,69853,19823,35375,9524,5131
"F","West Midlands","2E","West Midlands","00CU","Walsall",,,105590,25878,158,876,7176,17668,79712,20805,44172,9507,5228
"F","West Midlands","2E","West Midlands","00CW","Wolverhampton",,,94926,23604,132,878,6807,15787,71322,20098,38994,7723,4507
"F","West Midlands",,,"00GA","Herefordshire, County of",,,81289,22672,178,998,6667,14829,58617,11148,31333,8594,7542
"F","West Midlands",,,"00GF","Telford and Wrekin",,,74380,16590,99,580,4756,11155,57790,14341,32801,6554,4094
"F","West Midlands",,,"00GL","Stoke-on-Trent",,,98817,23057,96,818,6286,15857,75760,18099,45800,7462,4399
"F","West Midlands","39","Shropshire","39UB","Bridgnorth",,,27026,6303,54,267,2012,3970,20723,5398,10252,2973,2100
"F","West Midlands","39","Shropshire","39UC","North Shropshire",,,26833,6749,49,268,2053,4379,20084,3314,10716,3147,2907
"F","West Midlands","39","Shropshire","39UD","Oswestry",,,17219,4599,27,179,1335,3058,12620,2398,6914,1732,1576
"F","West Midlands","39","Shropshire","39UE","Shrewsbury and Atcham",,,46146,12489,76,450,3592,8371,33657,8222,17523,4545,3367
"F","West Midlands","39","Shropshire","39UF","South Shropshire",,,18212,5325,57,249,1659,3360,12887,2110,6572,2037,2168
"F","West Midlands","41","Staffordshire","41UB","Cannock Chase",,,44000,10488,65,328,3044,7051,33512,7516,18642,4786,2568
"F","West Midlands","41","Staffordshire","41UC","East Staffordshire",,,48417,12453,69,483,3658,8243,35964,6565,20376,5456,3567
"F","West Midlands","41","Staffordshire","41UD","Lichfield",,,46163,11697,96,477,3518,7606,34466,7222,18350,5629,3265
"F","West Midlands","41","Staffordshire","41UE","Newcastle-under-Lyme",,,54987,14080,103,497,4023,9457,40907,10182,22674,5015,3036
"F","West Midlands","41","Staffordshire","41UF","South Staffordshire",,,52427,13755,79,531,4223,8922,38672,9091,20518,5873,3190
"F","West Midlands","41","Staffordshire","41UG","Stafford",,,58761,14686,95,550,4190,9851,44075,11516,22258,6114,4187
"F","West Midlands","41","Staffordshire","41UH","Staffordshire Moorlands",,,45596,11239,71,413,3298,7457,34357,7593,18588,4597,3579
"F","West Midlands","41","Staffordshire","41UK","Tamworth",,,37012,8623,36,322,2405,5860,28389,6189,16280,3919,2001
"F","West Midlands","44","Warwickshire","44UB","North Warwickshire",,,30533,7155,56,247,1936,4916,23378,4942,12979,3388,2069
"F","West Midlands","44","Warwickshire","44UC","Nuneaton and Bedworth",,,56613,13896,73,465,3741,9617,42717,11900,23289,4956,2572
"F","West Midlands","44","Warwickshire","44UD","Rugby",,,43284,10347,59,355,3055,6878,32937,7743,18209,4366,2619
"F","West Midlands","44","Warwickshire","44UE","Stratford-on-Avon",,,56543,14523,111,665,4569,9178,42020,8260,22555,6823,4382
"F","West Midlands","44","Warwickshire","44UF","Warwick",,,62658,15308,127,632,4664,9885,47350,10686,26322,6806,3536
"F","West Midlands","47","Worcestershire","47UB","Bromsgrove",,,43351,11375,91,435,3387,7462,31976,7718,16421,5006,2831
"F","West Midlands","47","Worcestershire","47UC","Malvern Hills",,,33414,9345,94,419,2867,5965,24069,5655,12016,3735,2663
"F","West Midlands","47","Worcestershire","47UD","Redditch",,,40258,9159,61,354,2469,6275,31099,7400,17944,3780,1975
"F","West Midlands","47","Worcestershire","47UE","Worcester",,,47003,11836,69,402,3560,7805,35167,9074,18794,4798,2501
"F","West Midlands","47","Worcestershire","47UF","Wychavon",,,56186,14657,126,639,4433,9459,41529,8060,22234,6873,4362
"F","West Midlands","47","Worcestershire","47UG","Wyre Forest",,,47161,12093,76,534,3494,7989,35068,8705,18797,4746,2820
"G","East of England",,,"00JA","Peterborough",,,73295,17218,109,687,4485,11937,56077,14221,31017,6827,4012
"G","East of England",,,"00KA","Luton",,,82362,18378,114,522,5571,12171,63984,16474,35882,7390,4238
"G","East of England",,,"00KF","Southend-on-Sea",,,70177,17320,130,718,5268,11204,52857,13257,27788,7451,4361
"G","East of England",,,"00KG","Thurrock",,,69534,15660,81,514,4951,10114,53874,12040,30165,7426,4243
"G","East of England","09","Bedfordshire","09UC","Mid Bedfordshire",,,63773,14137,128,610,4508,8891,49636,10051,27435,7890,4260
"G","East of England","09","Bedfordshire","09UD","Bedford",,,70513,16503,153,720,5002,10628,54010,12362,29489,7645,4514
"G","East of England","09","Bedfordshire","09UE","South Bedfordshire",,,57259,12920,101,521,3995,8303,44339,9700,24463,6654,3522
"G","East of England","12","Cambridgeshire","12UB","Cambridge",,,49236,11936,194,655,3706,7381,37300,8628,20755,5076,2841
"G","East of England","12","Cambridgeshire","12UC","East Cambridgeshire",,,37208,8726,66,404,2717,5539,28482,5542,15616,4507,2817
"G","East of England","12","Cambridgeshire","12UD","Fenland",,,37757,9018,60,385,2513,6060,28739,5409,16157,4246,2927
"G","East of England","12","Cambridgeshire","12UE","Huntingdonshire",,,82325,18626,145,781,5697,12003,63699,13134,35626,9505,5434
"G","East of England","12","Cambridgeshire","12UG","South Cambridgeshire",,,69159,16932,141,843,5250,10698,52227,10916,28704,8004,4603
"G","East of England","22","Essex","22UB","Basildon",,,77773,17815,92,731,5849,11143,59958,14022,32604,8649,4683
"G","East of England","22","Essex","22UC","Braintree",,,66092,15700,120,637,5107,9836,50392,10140,27601,8175,4476
"G","East of England","22","Essex","22UD","Brentwood",,,32807,7862,80,372,2626,4784,24945,5187,13260,4312,2186
"G","East of England","22","Essex","22UE","Castle Point",,,41035,10284,73,352,3341,6518,30751,7097,16477,4586,2591
"G","East of England","22","Essex","22UF","Chelmsford",,,80257,19437,177,855,6573,11832,60820,14455,31686,9770,4909
"G","East of England","22","Essex","22UG","Colchester",,,75126,19219,144,901,5968,12206,55907,12670,30176,8415,4646
"G","East of England","22","Essex","22UH","Epping Forest",,,57853,13365,113,526,4195,8531,44488,9325,24002,7182,3979
"G","East of England","22","Essex","22UJ","Harlow",,,38824,8717,49,326,2602,5740,30107,7453,17083,3574,1997
"G","East of England","22","Essex","22UK","Maldon",,,28943,7354,67,337,2552,4398,21589,4287,11293,3761,2248
"G","East of England","22","Essex","22UL","Rochford",,,37792,9720,78,418,3264,5960,28072,6731,14673,4303,2365
"G","East of England","22","Essex","22UN","Tendring",,,53642,15075,129,678,4543,9725,38567,8857,20525,5326,3859
"G","East of England","22","Essex","22UQ","Uttlesford",,,35045,8811,94,442,2936,5339,26234,4304,14510,4787,2633
"G","East of England","26","Hertfordshire","26UB","Broxbourne",,,43482,10268,59,326,3241,6642,33214,7393,18479,4863,2479
"G","East of England","26","Hertfordshire","26UC","Dacorum",,,69313,16488,124,604,5019,10741,52825,11028,29016,8520,4261
"G","East of England","26","Hertfordshire","26UD","East Hertfordshire",,,67534,15648,148,719,5084,9697,51886,9889,29004,8679,4314
"G","East of England","26","Hertfordshire","26UE","Hertsmere",,,46003,11058,93,459,3429,7077,34945,7644,18832,5485,2984
"G","East of England","26","Hertfordshire","26UF","North Hertfordshire",,,58814,13961,121,606,4364,8870,44853,9762,24856,6707,3528
"G","East of England","26","Hertfordshire","26UG","St Albans",,,65676,15333,191,777,4891,9474,50343,9709,27484,9030,4120
"G","East of England","26","Hertfordshire","26UH","Stevenage",,,39576,9247,49,309,2803,6086,30329,7870,16726,3740,1993
"G","East of England","26","Hertfordshire","26UJ","Three Rivers",,,40565,9751,104,407,2993,6247,30814,6382,16726,5110,2596
"G","East of England","26","Hertfordshire","26UK","Watford",,,41648,8747,69,319,2677,5682,32901,7623,18617,4426,2235
"G","East of England","26","Hertfordshire","26UL","Welwyn Hatfield",,,46157,11707,113,399,3696,7499,34450,7890,18908,4955,2697
"G","East of England","33","Norfolk","33UB","Breckland",,,55612,14008,103,566,4313,9026,41604,6706,23214,7031,4653
"G","East of England","33","Norfolk","33UC","Broadland",,,57964,16189,117,664,4933,10475,41775,8976,22952,6381,3466
"G","East of England","33","Norfolk","33UD","Great Yarmouth",,,37584,10969,58,423,3171,7317,26615,5087,14773,3460,3295
"G","East of England","33","Norfolk","33UE","King's Lynn and West Norfolk",,,60197,15808,117,661,4582,10448,44389,7807,25178,6694,4710
"G","East of England","33","Norfolk","33UF","North Norfolk",,,41411,11880,110,523,3638,7609,29531,5056,16826,4421,3228
"G","East of England","33","Norfolk","33UG","Norwich",,,53606,14407,142,631,4390,9244,39199,9432,22338,4873,2556
"G","East of England","33","Norfolk","33UH","South Norfolk",,,52626,14377,144,693,4495,9045,38249,7556,20317,6288,4088
"G","East of England","42","Suffolk","42UB","Babergh",,,40296,10855,105,537,3488,6725,29441,5798,16123,4614,2906
"G","East of England","42","Suffolk","42UC","Forest Heath",,,28298,5838,45,190,1806,3797,22460,3020,13211,3914,2315
"G","East of England","42","Suffolk","42UD","Ipswich",,,54091,14623,96,603,4750,9174,39468,9225,22517,5096,2630
"G","East of England","42","Suffolk","42UE","Mid Suffolk",,,42629,11341,106,602,3816,6817,31288,5234,17261,5486,3307
"G","East of England","42","Suffolk","42UF","St Edmundsbury",,,50181,12618,111,591,3885,8031,37563,6917,21965,5495,3186
"G","East of England","42","Suffolk","42UG","Suffolk Coastal",,,52327,14919,154,767,5021,8977,37408,7178,20290,6102,3838
"G","East of England","42","Suffolk","42UH","Waveney",,,46001,13922,103,693,4342,8784,32079,6512,17807,4440,3320
"H","London","1B","Inner London","00AA","City of London",,,4290,515,9,25,160,321,3775,515,1772,856,632
"H","London","1C","Outer London","00AB","Barking and Dagenham",,,65864,14148,49,482,4156,9461,51716,14835,27798,5569,3514
"H","London","1C","Outer London","00AC","Barnet",,,145920,32568,338,1340,10081,20809,113352,25545,61467,17164,9176
"H","London","1C","Outer London","00AD","Bexley",,,103629,23255,157,843,7204,15051,80374,21628,43189,10152,5405
"H","London","1C","Outer London","00AE","Brent",,,118704,23951,155,775,6952,16069,94753,23732,53499,11183,6339
"H","London","1C","Outer London","00AF","Bromley",,,141497,31970,260,1247,10526,19937,109527,26257,58754,16372,8144
"H","London","1B","Inner London","00AG","Camden",,,91868,17917,206,754,5038,11919,73951,13945,38356,13777,7873
"H","London","1C","Outer London","00AH","Croydon",,,156741,32803,215,1238,9893,21457,123938,35297,65457,14748,8436
"H","London","1C","Outer London","00AJ","Ealing",,,143766,25416,202,832,7490,16892,118350,26975,67598,15732,8045
"H","London","1C","Outer London","00AK","Enfield",,,121257,26854,159,878,8105,17712,94403,25324,50632,11850,6597
"H","London","1C","Outer London","00AL","Greenwich",,,91586,19271,160,649,5494,12968,72315,19381,38553,9189,5192
"H","London","1B","Inner London","00AM","Hackney",,,79226,17985,146,476,4660,12703,61241,17138,32168,7565,4370
"H","London","1B","Inner London","00AN","Hammersmith and Fulham",,,83023,12826,141,449,3544,8692,70197,11801,37275,14231,6890
"H","London","1B","Inner London","00AP","Haringey",,,95732,19939,141,620,5623,13555,75793,19622,41215,9929,5027
"H","London","1C","Outer London","00AQ","Harrow",,,97759,21731,167,825,6711,14028,76028,19346,41805,9634,5243
"H","London","1C","Outer London","00AR","Havering",,,104537,24352,157,893,7822,15480,80185,21641,42092,10595,5857
"H","London","1C","Outer London","00AS","Hillingdon",,,117044,25012,144,712,7487,16669,92032,21162,53039,11618,6213
"H","London","1C","Outer London","00AT","Hounslow",,,103623,19161,110,653,5684,12714,84462,18629,49142,10808,5883
"H","London","1B","Inner London","00AU","Islington",,,79855,14953,92,483,4207,10171,64902,14273,34428,10569,5632
"H","London","1B","Inner London","00AW","Kensington and Chelsea",,,75571,13119,143,548,3661,8767,62452,8630,28671,14556,10595
"H","London","1C","Outer London","00AX","Kingston upon Thames",,,74893,16449,133,645,5423,10248,58444,12298,32905,9016,4225
"H","London","1B","Inner London","00AY","Lambeth",,,130736,22739,166,767,6218,15588,107997,25292,58909,16141,7655
"H","London","1B","Inner London","00AZ","Lewisham",,,114583,22917,179,714,6281,15743,91666,26830,48319,10631,5886
"H","London","1C","Outer London","00BA","Merton",,,94943,17837,142,696,5158,11841,77106,18023,42135,11488,5460
"H","London","1B","Inner London","00BB","Newham",,,86428,18682,86,521,4974,13101,67746,21441,35950,6040,4315
"H","London","1C","Outer London","00BC","Redbridge",,,106114,22938,165,787,6905,15081,83176,23123,43368,10628,6057
"H","London","1C","Outer London","00BD","Richmond upon Thames",,,89408,17897,174,785,5372,11566,71511,12078,38369,14430,6634
"H","London","1B","Inner London","00BE","Southwark",,,107868,20536,142,712,5536,14146,87332,22482,46554,11416,6880
"H","London","1C","Outer London","00BF","Sutton",,,90291,19397,126,705,5971,12595,70894,17768,38660,9695,4771
"H","London","1B","Inner London","00BG","Tower Hamlets",,,73938,14522,104,376,3692,10350,59416,14149,31332,9105,4830
"H","London","1C","Outer London","00BH","Waltham Forest",,,97777,20262,122,684,5892,13564,77515,23135,41457,8533,4390
"H","London","1B","Inner London","00BJ","Wandsworth",,,141191,21142,197,822,5860,14263,120049,21619,65940,22803,9687
"H","London","1B","Inner London","00BK","Westminster",,,89472,14277,175,509,4062,9531,75195,11057,37819,15760,10559
"J","South East",,,"00LC","Medway",,,119260,27709,139,973,8628,17969,91551,21899,48919,12930,7803
"J","South East",,,"00MA","Bracknell Forest",,,60010,12492,92,448,3959,7993,47518,9299,27498,7042,3679
"J","South East",,,"00MB","West Berkshire",,,77568,17530,143,694,5648,11045,60038,11904,33385,9493,5256
"J","South East",,,"00MC","Reading",,,73600,15583,117,552,4871,10043,58017,13955,33558,7031,3473
"J","South East",,,"00MD","Slough",,,58399,10730,42,412,3066,7210,47669,10541,28408,5494,3226
"J","South East",,,"00ME","Windsor and Maidenhead",,,68149,14851,124,607,4346,9774,53298,8977,29943,9476,4902
"J","South East",,,"00MF","Wokingham",,,81279,18497,186,748,6167,11396,62782,12098,35636,10241,4807
"J","South East",,,"00MG","Milton Keynes",,,108075,22236,122,730,6565,14819,85839,20379,47845,11208,6407
"J","South East",,,"00ML","Brighton and Hove",,,117551,31546,224,1266,9327,20729,86005,23164,46131,10838,5872
"J","South East",,,"00MR","Portsmouth",,,87019,21842,112,815,6661,14254,65177,16850,35117,8102,5108
"J","South East",,,"00MS","Southampton",,,98210,25186,191,1019,8383,15593,73024,18944,39156,9258,5666
"J","South East",,,"00MW","Isle of Wight",,,54483,17256,120,754,4650,11732,37227,9506,19997,4299,3425
"J","South East","11","Buckinghamshire","11UB","Aylesbury Vale",,,86232,19727,163,802,6010,12752,66505,13671,35832,10697,6305
"J","South East","11","Buckinghamshire","11UC","Chiltern",,,43123,11448,131,639,3950,6728,31675,5627,17054,5936,3058
"J","South East","11","Buckinghamshire","11UE","South Bucks",,,30135,7122,63,305,2249,4505,23013,3903,12390,4306,2414
"J","South East","11","Buckinghamshire","11UF","Wycombe",,,81954,19238,183,950,6169,11936,62716,11880,35743,9966,5127
"J","South East","21","East Sussex","21UC","Eastbourne",,,36713,10418,86,412,3043,6877,26295,6193,14406,3390,2306
"J","South East","21","East Sussex","21UD","Hastings",,,35498,9760,76,377,2852,6455,25738,6616,13791,3220,2111
"J","South East","21","East Sussex","21UF","Lewes",,,41137,11790,115,502,3773,7400,29347,6502,15881,4240,2724
"J","South East","21","East Sussex","21UG","Rother",,,33380,10042,102,434,3151,6355,23338,4995,12136,3580,2627
"J","South East","21","East Sussex","21UH","Wealden",,,64514,18419,175,864,6197,11183,46095,8823,24048,8036,5188
"J","South East","24","Hampshire","24UB","Basingstoke and Deane",,,82628,17891,123,755,5660,11353,64737,14567,36177,9202,4791
"J","South East","24","Hampshire","24UC","East Hampshire",,,55117,14155,157,707,4567,8724,40962,7131,23039,6898,3894
"J","South East","24","Hampshire","24UD","Eastleigh",,,60532,15559,95,629,4918,9917,44973,10485,24148,6747,3593
"J","South East","24","Hampshire","24UE","Fareham",,,54358,13714,94,548,4370,8702,40644,9678,21809,5858,3299
"J","South East","24","Hampshire","24UF","Gosport",,,37295,8749,55,342,2608,5744,28546,7093,16074,3214,2165
"J","South East","24","Hampshire","24UG","Hart",,,45499,10688,118,488,3577,6505,34811,6190,19886,5849,2886
"J","South East","24","Hampshire","24UH","Havant",,,53011,14129,86,580,4208,9255,38882,9061,21526,5292,3003
"J","South East","24","Hampshire","24UJ","New Forest",,,77054,21990,179,1063,7269,13479,55064,11525,29908,8523,5108
"J","South East","24","Hampshire","24UL","Rushmoor",,,49923,10256,63,356,3231,6606,39667,8728,22713,5338,2888
"J","South East","24","Hampshire","24UN","Test Valley",,,57137,14097,115,623,4435,8924,43040,9601,23028,6656,3755
"J","South East","24","Hampshire","24UP","Winchester",,,53306,14308,148,678,4793,8689,38998,7305,20746,6755,4192
"J","South East","29","Kent","29UB","Ashford",,,48872,12477,85,453,3898,8041,36395,7182,19577,5719,3917
"J","South East","29","Kent","29UC","Canterbury",,,57035,16696,132,791,5302,10471,40339,8312,21521,6401,4105
"J","South East","29","Kent","29UD","Dartford",,,42255,9413,53,290,2880,6190,32842,7610,18385,4426,2421
"J","South East","29","Kent","29UE","Dover",,,45040,11792,85,440,3362,7905,33248,6660,18009,4636,3943
"J","South East","29","Kent","29UG","Gravesham",,,43960,10806,70,364,3349,7023,33154,7134,18173,4936,2911
"J","South East","29","Kent","29UH","Maidstone",,,69471,17006,143,679,5456,10728,52465,10821,28129,8535,4980
"J","South East","29","Kent","29UK","Sevenoaks",,,52029,13115,130,619,4176,8190,38914,7566,20820,6675,3853
"J","South East","29","Kent","29UL","Shepway",,,41815,10860,73,446,3200,7141,30955,6956,16604,4273,3122
"J","South East","29","Kent","29UM","Swale",,,55712,13816,104,565,4351,8796,41896,8142,23162,6447,4145
"J","South East","29","Kent","29UN","Thanet",,,49197,13496,98,529,3617,9252,35701,7882,19546,4767,3506
"J","South East","29","Kent","29UP","Tonbridge and Malling",,,53038,13440,109,528,4323,8480,39598,8025,21540,6547,3486
"J","South East","29","Kent","29UQ","Tunbridge Wells",,,50864,12962,132,662,4241,7927,37902,7656,20386,6439,3421
"J","South East","38","Oxfordshire","38UB","Cherwell",,,70240,15941,88,650,4821,10382,54299,11531,30456,7649,4663
"J","South East","38","Oxfordshire","38UC","Oxford",,,60093,15561,259,752,4763,9787,44532,11202,23620,5993,3717
"J","South East","38","Oxfordshire","38UD","South Oxfordshire",,,66738,15826,147,726,4921,10032,50912,9582,28305,8415,4610
"J","South East","38","Oxfordshire","38UE","Vale of White Horse",,,59832,14225,125,696,4215,9189,45607,9221,25949,6658,3779
"J","South East","38","Oxfordshire","38UF","West Oxfordshire",,,50469,12217,106,611,3855,7645,38252,7118,21988,5702,3444
"J","South East","43","Surrey","43UB","Elmbridge",,,58786,13439,155,576,4218,8490,45347,7414,24496,8829,4608
"J","South East","43","Surrey","43UC","Epsom and Ewell",,,33199,8049,68,318,2566,5097,25150,5786,13561,3846,1957
"J","South East","43","Surrey","43UD","Guildford",,,67097,16173,149,761,5553,9710,50924,9938,27936,8384,4666
"J","South East","43","Surrey","43UE","Mole Valley",,,39164,10102,114,480,3367,6141,29062,5559,15737,5116,2650
"J","South East","43","Surrey","43UF","Reigate and Banstead",,,64184,15123,135,614,4683,9691,49061,10622,26687,7603,4149
"J","South East","43","Surrey","43UG","Runnymede",,,39037,9148,67,395,2973,5713,29889,5732,16962,4669,2526
"J","South East","43","Surrey","43UH","Spelthorne",,,46924,10139,89,325,2953,6772,36785,7653,21573,4967,2592
"J","South East","43","Surrey","43UJ","Surrey Heath",,,42608,9998,88,399,3292,6219,32610,5792,18191,5738,2889
"J","South East","43","Surrey","43UK","Tandridge",,,39166,9582,86,441,3093,5962,29584,5789,15945,4975,2875
"J","South East","43","Surrey","43UL","Waverley",,,56396,14949,179,701,5111,8958,41447,7295,22603,7554,3995
"J","South East","43","Surrey","43UM","Woking",,,46258,10366,101,440,3388,6437,35892,6966,20361,5817,2748
"J","South East","45","West Sussex","45UB","Adur",,,27166,7634,49,274,2283,5028,19532,5076,10652,2401,1403
"J","South East","45","West Sussex","45UC","Arun",,,60400,16663,116,714,5120,10713,43737,9926,23669,6205,3937
"J","South East","45","West Sussex","45UD","Chichester",,,47996,13645,125,698,4305,8517,34351,6544,18379,5718,3710
"J","South East","45","West Sussex","45UE","Crawley",,,51470,11448,77,353,3300,7718,40022,8984,23673,4732,2633
"J","South East","45","West Sussex","45UF","Horsham",,,61172,15740,151,763,5068,9758,45432,9222,24758,7402,4050
"J","South East","45","West Sussex","45UG","Mid Sussex",,,64744,16891,167,828,5582,10314,47853,10609,26116,7260,3868
"J","South East","45","West Sussex","45UH","Worthing",,,44180,11718,82,465,3584,7587,32462,8793,17162,4106,2401
"K","South West",,,"00HA","Bath and North East Somerset",,,80257,22716,211,994,7392,14119,57541,13519,30955,8261,4806
"K","South West",,,"00HB","Bristol, City of",,,177057,45156,320,1727,13664,29445,131901,35868,71448,15831,8754
"K","South West",,,"00HC","North Somerset",,,88733,24769,176,978,7654,15961,63964,14737,33986,9673,5568
"K","South West",,,"00HD","South Gloucestershire",,,127755,33087,182,1208,10553,21144,94668,24971,50280,12537,6880
"K","South West",,,"00HG","Plymouth",,,106295,29390,206,1201,8128,19855,76905,19398,43358,8402,5747
"K","South West",,,"00HH","Torbay",,,53543,15488,93,607,4062,10726,38055,9076,20713,4655,3611
"K","South West",,,"00HN","Bournemouth",,,72395,19537,133,754,6090,12560,52858,13131,28484,7112,4131
"K","South West",,,"00HP","Poole",,,64217,17089,139,648,5192,11110,47128,11277,25281,6851,3719
"K","South West",,,"00HX","Swindon",,,93953,21122,105,766,5966,14285,72831,20426,40134,8038,4233
"K","South West","15","Cornwall and Isles of Scilly","15UB","Caradon",,,36110,10223,74,439,2980,6730,25887,5302,13681,3729,3175
"K","South West","15","Cornwall and Isles of Scilly","15UC","Carrick",,,37283,11352,106,515,3207,7524,25931,5922,13588,3543,2878
"K","South West","15","Cornwall and Isles of Scilly","15UD","Kerrier",,,38744,11499,104,496,3042,7857,27245,5894,15379,3165,2807
"K","South West","15","Cornwall and Isles of Scilly","15UE","North Cornwall",,,34524,10266,71,430,2961,6804,24258,4468,12861,3447,3482
"K","South West","15","Cornwall and Isles of Scilly","15UF","Penwith",,,25006,8232,66,384,2188,5594,16774,3687,8720,2125,2242
"K","South West","15","Cornwall and Isles of Scilly","15UG","Restormel",,,41322,11913,73,463,3328,8049,29409,6053,16467,3679,3210
"K","South West","15","Cornwall and Isles of Scilly","15UH","Isles of Scilly",,,1271,306,6,12,87,201,965,153,473,175,164
"K","South West","18","Devon","18UB","East Devon",,,52509,15779,164,809,4922,9884,36730,7572,19303,5366,4489
"K","South West","18","Devon","18UC","Exeter",,,51634,14960,109,576,4563,9712,36674,9788,19629,4659,2598
"K","South West","18","Devon","18UD","Mid Devon",,,32847,9054,86,415,2738,5815,23793,4283,12538,3665,3307
"K","South West","18","Devon","18UE","North Devon",,,39316,11489,74,512,3458,7445,27827,5270,15401,3713,3443
"K","South West","18","Devon","18UG","South Hams",,,37003,11156,102,583,3326,7145,25847,4994,13524,3960,3369
"K","South West","18","Devon","18UH","Teignbridge",,,53228,15486,125,682,4533,10146,37742,7933,20338,5504,3967
"K","South West","18","Devon","18UK","Torridge",,,25522,7422,83,366,2157,4816,18100,3098,9682,2515,2805
"K","South West","18","Devon","18UL","West Devon",,,22208,6490,75,327,2014,4074,15718,2806,8103,2327,2482
"K","South West","19","Dorset","19UC","Christchurch",,,18143,5380,51,178,1710,3441,12763,3029,6917,1794,1023
"K","South West","19","Dorset","19UD","East Dorset",,,37060,10911,90,475,3705,6641,26149,5228,14007,4403,2511
"K","South West","19","Dorset","19UE","North Dorset",,,28730,7423,72,347,2306,4698,21307,3326,12049,3328,2604
"K","South West","19","Dorset","19UG","Purbeck",,,20333,5950,51,263,1820,3816,14383,3060,7613,2185,1525
"K","South West","19","Dorset","19UH","West Dorset",,,39912,12043,121,554,3737,7631,27869,5821,14630,4070,3348
"K","South West","19","Dorset","19UJ","Weymouth and Portland",,,28263,8001,42,287,2349,5323,20262,4995,11076,2462,1729
"K","South West","23","Gloucestershire","23UB","Cheltenham",,,53099,13807,105,599,4182,8921,39292,11227,20692,4853,2520
"K","South West","23","Gloucestershire","23UC","Cotswold",,,39280,10393,99,499,3377,6418,28887,4769,15813,4889,3416
"K","South West","23","Gloucestershire","23UD","Forest of Dean",,,37549,9990,88,480,3013,6409,27559,5620,15513,3672,2754
"K","South West","23","Gloucestershire","23UE","Gloucester",,,52525,13469,73,483,3732,9181,39056,10754,21415,4479,2408
"K","South West","23","Gloucestershire","23UF","Stroud",,,52389,14330,125,726,4501,8978,38059,8580,20432,5653,3394
"K","South West","23","Gloucestershire","23UG","Tewkesbury",,,38103,9692,54,451,2915,6272,28411,7411,14831,3770,2399
"K","South West","40","Somerset","40UB","Mendip",,,48881,13635,109,587,4300,8639,35246,6455,19246,5446,4099
"K","South West","40","Somerset","40UC","Sedgemoor",,,48146,13272,85,542,4009,8636,34874,6951,19357,5030,3536
"K","South West","40","Somerset","40UD","South Somerset",,,71240,19374,160,877,5901,12436,51866,10281,29827,6938,4820
"K","South West","40","Somerset","40UE","Taunton Deane",,,48052,13511,103,506,3834,9068,34541,8220,18460,4488,3373
"K","South West","40","Somerset","40UF","West Somerset",,,14393,4418,33,183,1334,2868,9975,1880,5378,1297,1420
"K","South West","46","Wiltshire","46UB","Kennet",,,37571,9115,89,457,2821,5748,28456,4934,16041,4490,2991
"K","South West","46","Wiltshire","46UC","North Wiltshire",,,64518,15578,141,764,4954,9719,48940,9581,28038,6977,4344
"K","South West","46","Wiltshire","46UD","Salisbury",,,57468,14292,119,680,4488,9005,43176,9647,23320,6212,3997
"K","South West","46","Wiltshire","46UF","West Wiltshire",,,57721,14817,104,691,4508,9514,42904,8821,24636,5845,3602
,,,,"00NA","Isle of Anglesey",,,26167,6681,63,319,1730,4569,19486,5396,9940,2086,2064
,,,,"00NC","Gwynedd",,,46911,13024,138,552,3485,8849,33887,9372,16742,3621,4152
,,,,"00NE","Conwy",,,43731,12420,82,562,3117,8659,31311,8252,15713,3711,3635
,,,,"00NG","Denbighshire",,,38277,9929,57,437,2508,6927,28348,6964,14706,3447,3231
,,,,"00NJ","Flintshire",,,69452,16417,86,676,4474,11181,53035,12763,30465,5839,3968
,,,,"00NL","Wrexham",,,57080,14144,85,581,3731,9747,42936,9773,25173,4648,3342
,,,,"00NN","Powys",,,56925,14472,117,604,4004,9747,42453,8864,20485,5474,7630
,,,,"00NQ","Ceredigion",,,29653,8265,93,363,2385,5424,21388,5107,10079,2460,3742
,,,,"00NS","Pembrokeshire",,,44897,12728,92,606,3327,8703,32169,7175,16116,3738,5140
,,,,"00NU","Carmarthenshire",,,67558,16984,110,770,4184,11920,50574,13293,24973,5723,6585
,,,,"00NX","Swansea",,,88111,24052,131,1120,6181,16620,64059,18333,34329,6776,4621
,,,,"00NZ","Neath Port Talbot",,,50051,12531,50,576,3059,8846,37520,10111,21317,3414,2678
,,,,"00PB","Bridgend",,,52865,12516,57,508,3277,8674,40349,10151,23096,4309,2793
,,,,"00PD","The Vale of Glamorgan",,,52118,13518,78,592,3701,9147,38600,10265,20260,4817,3258
,,,,"00PF","Rhondda, Cynon, Taff",,,88385,20211,97,902,5421,13791,68174,19642,38132,6333,4067
,,,,"00PH","Merthyr Tydfil",,,19887,4687,22,232,1035,3398,15200,4269,8613,1397,921
,,,,"00PK","Caerphilly",,,67295,14571,75,740,3842,9914,52724,14305,30432,4929,3058
,,,,"00PL","Blaenau Gwent",,,25133,5850,16,238,1485,4111,19283,5181,11687,1391,1024
,,,,"00PM","Torfaen",,,36852,8790,45,331,2323,6091,28062,7978,15758,2650,1676
,,,,"00PP","Monmouthshire",,,38313,10133,66,444,2882,6741,28180,6088,14844,3990,3258
,,,,"00PR","Newport",,,56325,14637,81,546,3737,10273,41688,10897,23271,4674,2846
,,,,"00PT","Cardiff",,,130270,34008,221,1321,9673,22793,96262,27682,50934,11000,6646