DATASET_TITLE,Hours Worked (UV41),,,,,,,,,,FROM,Apr-2001,Apr-2001,Apr-2001,Apr-2001,Apr-2001,Apr-2001,Apr-2001,Apr-2001,Apr-2001,Apr-2001,Apr-2001
AREA_TYPE,Region,,,,,,,,,,TO,Apr-2001,Apr-2001,Apr-2001,Apr-2001,Apr-2001,Apr-2001,Apr-2001,Apr-2001,Apr-2001,Apr-2001,Apr-2001
GEO_HIERARCHY,2003 Administrative Hierarchy,,,,,,,,,,HEADING,All People,Part-time,Part-time: 1 to 2 hours,Part-time: 3 to 5 hours,Part-time: 6 to 15 hours,Part-time: 16 to 30 hours,Full-time,Full-time: 31 to 37 hours,Full-time: 38 to 48 hours,Full-time: 49 to 59 hours,Full-time: 60 hours and over
,,,,,,,,,,,MEASUREMENT_UNIT,Count,Count,Count,Count,Count,Count,Count,Count,Count,Count,Count
,,,,,,,,,,,STATISTICAL_UNIT,Persons,Persons,Persons,Persons,Persons,Persons,Persons,Persons,Persons,Persons,Persons
UK_CODE,UK_NAME,GB_CODE,GB_NAME,EW_CODE,EW_NAME,CTRY_CODE,CTRY_NAME,GOR_CODE,GOR_NAME,AREA_METADATA,,DATA_VALUE,DATA_VALUE,DATA_VALUE,DATA_VALUE,DATA_VALUE,DATA_VALUE,DATA_VALUE,DATA_VALUE,DATA_VALUE,DATA_VALUE,DATA_VALUE
"213","United Kingdom","078","Great Britain","727","England and Wales","064","England",,,,,22441498,5531210,39661,215293,1611257,3664999,16910288,4075557,9180974,2271652,1382105
"213","United Kingdom","078","Great Britain","727","England and Wales","220","Wales",,,,,1186256,300568,1862,13020,79561,206125,885688,231861,477065,96427,80335
"213","United Kingdom","078","Great Britain","727","England and Wales",,,,,,,23627754,5831778,41523,228313,1690818,3871124,17795976,4307418,9658039,2368079,1462440
"213","United Kingdom","078","Great Britain","727","England and Wales","064","England","A","North East",,,1032968,266982,1591,10148,71158,184085,765986,221902,410406,76657,57021
"213","United Kingdom","078","Great Britain","727","England and Wales","064","England","B","North West",,,2900020,735647,4441,26979,192900,511327,2164373,607296,1158138,241062,157877
"213","United Kingdom","078","Great Britain","727","England and Wales","064","England","D","Yorkshire and The Humber",,,2182839,581412,3564,20891,159493,397464,1601427,408968,860076,200832,131551
"213","United Kingdom","078","Great Britain","727","England and Wales","064","England","E","East Midlands",,,1917728,484942,3414,18525,139936,323067,1432786,325459,791092,194983,121252
"213","United Kingdom","078","Great Britain","727","England and Wales","064","England","F","West Midlands",,,2334567,577395,3696,21362,165711,386626,1757172,453399,948052,221196,134525
"213","United Kingdom","078","Great Britain","727","England and Wales","064","England","G","East of England",,,2579378,634695,5220,27004,198046,404425,1944683,415956,1070407,291271,167049
"213","United Kingdom","078","Great Britain","727","England and Wales","064","England","H","London",,,3319134,667341,5062,23445,195842,442992,2651793,634971,1428627,381783,206412
"213","United Kingdom","078","Great Britain","727","England and Wales","064","England","J","South East",,,3888756,959414,7876,40418,300470,610650,2929342,627390,1610559,438655,252738
"213","United Kingdom","078","Great Britain","727","England and Wales","064","England","K","South West",,,2286108,623382,4797,26521,187701,404363,1662726,380216,903617,225213,153680