DATASET_TITLE,"Prevalence of Underweight, Healthy Weight, Overweight and Obese Children by Gender in England, 2008-2009",,,,,,,,FROM,Sep-2008,Sep-2008,Sep-2008,Sep-2008,Sep-2008,Sep-2008,Sep-2008,Sep-2008,Sep-2008,Sep-2008,Sep-2008,Sep-2008,Sep-2008,Sep-2008,Sep-2008,Sep-2008,Sep-2008,Sep-2008,Sep-2008,Sep-2008,Sep-2008,Sep-2008,Sep-2008,Sep-2008,Sep-2008,Sep-2008,Sep-2008,Sep-2008
AREA_TYPE,Former Local Authority,,,,,,,,TO,Aug-2009,Aug-2009,Aug-2009,Aug-2009,Aug-2009,Aug-2009,Aug-2009,Aug-2009,Aug-2009,Aug-2009,Aug-2009,Aug-2009,Aug-2009,Aug-2009,Aug-2009,Aug-2009,Aug-2009,Aug-2009,Aug-2009,Aug-2009,Aug-2009,Aug-2009,Aug-2009,Aug-2009,Aug-2009,Aug-2009,Aug-2009,Aug-2009
GEO_HIERARCHY,NeSS Geography Hierarchy,,,,,,,,HEADING,Prevalence of Obese Children; Year 6,Prevalence of Obese Children; Year 6; 95% Confidence Interval,Prevalence of Obese Children; Reception,Prevalence of Obese Children; Reception; 95% Confidence Interval,Prevalence of Overweight Children; Year 6,Prevalence of Overweight Children; Year 6; 95% Confidence Interval,Prevalence of Overweight Children; Reception,Prevalence of Overweight Children; Reception; 95% Confidence Interval,Prevalence of Healthy Weight Children; Year 6,Prevalence of Healthy Weight Children; Year 6; 95% Confidence Interval,Prevalence of Healthy Weight Children; Reception,Prevalence of Healthy Weight Children; Reception; 95% Confidence Interval,Prevalence of Underweight Children; Year 6,Prevalence of Underweight Children; Year 6; 95% Confidence Interval,Prevalence of Underweight Children; Reception,Prevalence of Underweight Children; Reception; 95% Confidence Interval,Prevalence of Obese Children; Year 6; Boys,Prevalence of Obese Children; Year 6; Girls,Prevalence of Obese Children; Reception; Boys,Prevalence of Obese Children; Reception; Girls,Prevalence of Overweight Children; Year 6; Boys,Prevalence of Overweight Children; Year 6; Girls,Prevalence of Overweight Children; Reception; Boys,Prevalence of Overweight Children; Reception; Girls,Prevalence of Healthy Weight or Underweight Children; Year 6; Boys,Prevalence of Healthy Weight or Underweight Children; Year 6; Girls,Prevalence of Healthy Weight or Underweight Children; Reception; Boys,Prevalence of Healthy Weight or Underweight Children; Reception; Girls
,,,,,,,,,MEASUREMENT_UNIT,Percentage,Percentage,Percentage,Percentage,Percentage,Percentage,Percentage,Percentage,Percentage,Percentage,Percentage,Percentage,Percentage,Percentage,Percentage,Percentage,Percentage,Percentage,Percentage,Percentage,Percentage,Percentage,Percentage,Percentage,Percentage,Percentage,Percentage,Percentage
,,,,,,,,,STATISTICAL_UNIT,Persons,Persons,Persons,Persons,Persons,Persons,Persons,Persons,Persons,Persons,Persons,Persons,Persons,Persons,Persons,Persons,Persons,Persons,Persons,Persons,Persons,Persons,Persons,Persons,Persons,Persons,Persons,Persons
GOR_CODE,GOR_NAME,CTY_CODE,CTY_NAME,LA_CODE,LA_NAME,FLA_CODE,FLA_NAME,AREA_METADATA,,DATA_VALUE,DATA_VALUE,DATA_VALUE,DATA_VALUE,DATA_VALUE,DATA_VALUE,DATA_VALUE,DATA_VALUE,DATA_VALUE,DATA_VALUE,DATA_VALUE,DATA_VALUE,DATA_VALUE,DATA_VALUE,DATA_VALUE,DATA_VALUE,DATA_VALUE,DATA_VALUE,DATA_VALUE,DATA_VALUE,DATA_VALUE,DATA_VALUE,DATA_VALUE,DATA_VALUE,DATA_VALUE,DATA_VALUE,DATA_VALUE,DATA_VALUE
"A","North East",,,"00EJ","Durham","20UB","Chester-le-Street",,,19.1,3.1,9.5,2.4,15.3,2.9,15.2,3,64.7,3.8,x,x,1,.8,x,x,19.3,18.9,12.6,6.4,18,12.5,13.3,17.1,62.7,68.7,74.1,76.4
"A","North East",,,"00EJ","Durham","20UD","Derwentside",,,21.3,2.8,7.9,1.9,14.5,2.4,12.9,2.4,63.2,3.3,x,x,1,.7,x,x,23.2,19.4,9.3,6.3,13,16.1,13.1,12.5,63.8,64.5,77.5,81.2
"A","North East",,,"00EJ","Durham","20UE","Durham",,,17.5,2.6,10.5,2.1,12.9,2.3,14.5,2.4,x,x,x,x,x,x,x,x,18.2,16.7,11,9.8,11.8,13.9,14.6,14.4,70,69.4,74.3,75.8
"A","North East",,,"00EJ","Durham","20UF","Easington",,,21.6,2.4,9.3,1.8,14.6,2.1,16,2.2,62.8,2.8,74,2.7,1.1,.6,.8,.5,23.1,19.9,9.8,8.6,14.9,14.3,18.1,13.7,62.1,65.8,72,77.7
"A","North East",,,"00EJ","Durham","20UG","Sedgefield",,,19.4,2.6,10.5,2,16.1,2.4,15.3,2.3,63.5,3.1,x,x,1.1,.7,x,x,22.2,16.1,9.3,11.8,15.4,16.8,14.8,15.8,62.4,67.1,75.9,72.5
"A","North East",,,"00EJ","Durham","20UH","Teesdale",,,21,5.1,7.6,3.5,13.7,4.3,11.6,4.2,x,x,x,x,x,x,x,x,27.8,13.9,4.6,10.3,10.3,17.2,11.9,11.2,61.9,68.9,83.5,78.4
"A","North East",,,"00EJ","Durham","20UJ","Wear Valley",,,22.1,3.1,9.2,2.2,16.6,2.8,12.5,2.5,x,x,x,x,x,x,x,x,25.1,19,10,8.4,13.4,19.8,12.7,12.3,61.4,61.2,77.3,79.3
"A","North East",,,"00EM","Northumberland","35UB","Alnwick",,,11.1,3.5,6.9,3,10.8,3.5,10.2,3.6,75.7,4.8,x,x,2.3,1.7,x,x,12,10.3,7.3,6.4,12,9.7,12,8,76,80,80.7,85.6
"A","North East",,,"00EM","Northumberland","35UC","Berwick-upon-Tweed",,,17.6,5.2,12.5,4.3,17.6,5.2,12.1,4.3,x,x,x,x,x,x,x,x,17.7,17.5,11.1,14,22.1,12.4,9.4,15,60.2,70.1,79.5,71
"A","North East",,,"00EM","Northumberland","35UD","Blyth Valley",,,20,2.7,10.5,2.1,15.9,2.5,15.7,2.4,x,x,x,x,x,x,x,x,22.3,17.1,10.5,10.6,16.5,15.2,16,15.3,61.2,67.7,73.5,74.1
"A","North East",,,"00EM","Northumberland","35UE","Castle Morpeth",,,14.1,3,8.2,2.4,15.1,3.1,14.8,3.1,x,x,x,x,x,x,x,x,15.6,12.3,8.9,7.5,16.3,13.6,14,15.7,68.1,74.1,77,76.9
"A","North East",,,"00EM","Northumberland","35UF","Tynedale",,,13.1,2.7,7.9,2.2,13.1,2.7,15.6,2.9,x,x,x,x,x,x,x,x,15,10.8,9.7,6.1,11.5,14.9,12.8,18.4,73.5,74.3,77.6,75.4
"A","North East",,,"00EM","Northumberland","35UG","Wansbeck",,,21,3.1,12.5,2.6,13.8,2.7,16.8,3,x,x,x,x,x,x,x,x,23.3,18.6,12.4,12.6,12.5,15.3,15.1,18.4,64.2,66.1,72.5,68.9
"B","North West",,,"00EQ","Cheshire East","13UC","Congleton",,,16.5,2.5,9.2,1.9,13.9,2.3,17,2.5,68.2,3.1,x,x,1.4,.8,x,x,17.6,15.4,9.4,8.9,15.1,12.7,18.3,15.8,67.4,71.9,72.4,75.3
"B","North West",,,"00EQ","Cheshire East","13UD","Crewe and Nantwich",,,18.8,2.3,9.5,1.7,14.6,2,14,2,65.9,2.7,75.9,2.5,.7,.5,.6,.5,20.4,17,9.5,9.4,15.2,14,15.9,12.1,64.4,69,74.5,78.5
"B","North West",,,"00EQ","Cheshire East","13UG","Macclesfield",,,17.5,2,6.7,1.3,14.5,1.8,14.1,1.8,66.6,2.5,x,x,1.3,.6,x,x,18.4,16.6,7.6,5.8,15.6,13.5,15.8,12.4,66,69.9,76.6,81.8
"B","North West",,,"00EW","Cheshire West and Chester","13UB","Chester",,,15.4,2.1,9.5,1.8,13.5,2,13.7,2.1,x,x,75.8,2.6,x,x,.9,.6,15.9,15,11.1,7.8,14.5,12.5,14.1,13.4,69.7,72.5,74.8,78.8
"B","North West",,,"00EW","Cheshire West and Chester","13UE","Ellesmere Port & Neston",,,18.8,2.7,12.3,2.3,16.1,2.5,14,2.4,x,x,x,x,x,x,x,x,19.9,17.5,12.1,12.6,17.4,14.5,14.8,13.1,62.8,67.9,73.1,74.3
"B","North West",,,"00EW","Cheshire West and Chester","13UH","Vale Royal",,,18.1,2.1,8.2,1.5,11.9,1.7,14,1.9,68.7,2.5,x,x,1.3,.6,x,x,19.1,17.1,8.9,7.6,12.3,11.4,14.8,13.2,68.6,71.4,76.3,79.2
"F","West Midlands",,,"00GG","Shropshire","39UB","Bridgnorth",,,18.1,3.5,9.4,2.7,17.8,3.5,11,2.9,x,x,x,x,x,x,x,x,20,16.1,8.8,9.9,14.3,21.4,8.3,13.3,65.7,62.5,82.9,76.8
"F","West Midlands",,,"00GG","Shropshire","39UC","North Shropshire",,,19.3,3.5,10.6,2.8,15.3,3.2,17.1,3.4,x,x,x,x,x,x,x,x,20.9,17.5,11.4,9.9,13.1,17.9,16.5,17.8,66,64.5,72.2,72.3
"F","West Midlands",,,"00GG","Shropshire","39UD","Oswestry",,,16.6,4,10.3,3.2,15.7,3.9,16,3.8,x,x,x,x,x,x,x,x,19,13.6,12.2,8.4,15.2,16.2,16.3,15.6,65.8,70.1,71.5,76
"F","West Midlands",,,"00GG","Shropshire","39UE","Shrewsbury and Atcham",,,15.3,2.3,7.7,1.8,12.7,2.1,14.9,2.4,71,2.9,x,x,1,.6,x,x,17.7,13,7.7,7.8,13,12.5,17.8,12,69.3,74.5,74.5,80.2
"F","West Midlands",,,"00GG","Shropshire","39UF","South Shropshire",,,20.1,3.9,9.6,3.3,14.6,3.4,15,4,x,x,x,x,x,x,x,x,25.6,14.6,10.6,8.5,15.6,13.6,15.6,14.4,58.8,71.8,73.8,77.1
"G","East of England",,,"00KC","Central Bedfordshire","09UC","Mid Bedfordshire",,,14.2,1.9,7,1.4,14.1,1.9,13.7,1.8,x,x,78.8,2.2,x,x,.5,.4,16,12.2,8.6,5.3,14,14.3,16,11.3,70,73.4,75.4,83.4
"G","East of England",,,"00KC","Central Bedfordshire","09UE","South Bedfordshire",,,17.9,2.1,7.7,1.5,13.6,1.9,13,1.8,67.7,2.6,x,x,.7,.5,x,x,20.6,15.1,8.3,7.1,14.3,12.9,13.7,12.2,65.1,72,78,80.7
"K","South West",,,"00HE","Cornwall","15UB","Caradon",,,16.3,3,8.8,2.6,15,2.9,15.9,3.3,67.7,3.8,x,x,1,.8,x,x,19.9,13.2,8.8,8.8,15.1,14.8,16.4,15.4,64.9,72,74.8,75.9
"K","South West",,,"00HE","Cornwall","15UC","Carrick",,,17.9,2.5,9.4,2,15.6,2.4,13.8,2.3,65.6,3.1,x,x,.9,.6,x,x,20.6,14.8,9.1,9.8,15.1,16.3,15.5,11.9,64.3,69,75.5,78.4
"K","South West",,,"00HE","Cornwall","15UD","Kerrier",,,22.4,2.8,11.2,2.2,14.3,2.3,14.6,2.4,62.5,3.2,x,x,.8,.6,x,x,26.4,18.4,11.5,10.8,12.6,16,15.3,13.9,61,65.6,73.2,75.3
"K","South West",,,"00HE","Cornwall","15UE","North Cornwall",,,15.6,2.7,11,2.4,15.7,2.7,14.2,2.7,x,x,x,x,x,x,x,x,15,16.2,11,10.9,14.7,16.8,16.3,12.1,70.3,67.1,72.7,77
"K","South West",,,"00HE","Cornwall","15UF","Penwith",,,17.6,3,10.4,2.6,13.3,2.7,13.3,2.9,67.9,3.7,x,x,1.2,.9,x,x,18.6,16.6,10.7,10,15.4,11.1,12.1,14.7,65.9,72.3,77.1,75.3
"K","South West",,,"00HE","Cornwall","15UG","Restormel",,,16.3,2.5,8.3,1.9,11.5,2.1,14.6,2.5,70.1,3.1,75.9,3,2.1,1,1.1,.7,18.3,14.1,9.4,7.2,12.4,10.4,14.6,14.7,69.3,75.5,75.9,78.1
"K","South West",,,"00HY","Wiltshire","46UB","Kennet",,,15.3,2.5,5.6,1.9,15.3,2.5,13.4,2.8,68.5,3.3,x,x,.8,.6,x,x,18.3,12.1,4.7,6.5,16.8,13.7,13.1,13.7,64.8,74.1,82.2,79.9
"K","South West",,,"00HY","Wiltshire","46UC","North Wiltshire",,,15.2,1.9,8.6,1.5,13.8,1.8,12.4,1.8,69.4,2.5,x,x,1.6,.7,x,x,16.8,13.6,9.7,7.5,13.9,13.7,13.6,11.1,69.3,72.7,76.8,81.4
"K","South West",,,"00HY","Wiltshire","46UD","Salisbury",,,14.5,2.2,6.7,1.5,13.4,2.1,11.4,1.9,71,2.8,81.3,2.3,1,.6,.6,.5,15.9,13.1,6.1,7.2,12.9,13.9,11.6,11.2,71.1,73,82.3,81.5
"K","South West",,,"00HY","Wiltshire","46UF","West Wiltshire",,,13.7,1.9,8.8,1.6,12.8,1.9,13.1,1.8,72.4,2.5,76.6,2.3,1.1,.6,1.5,.7,14.3,13.1,9.9,7.7,11.2,14.5,13.9,12.2,74.5,72.4,76.3,80.1