DATASET_TITLE,Communal Establishments (UV70),,,,,,FROM,Apr-2001,Apr-2001,Apr-2001,Apr-2001,Apr-2001,Apr-2001,Apr-2001,Apr-2001,Apr-2001,Apr-2001,Apr-2001,Apr-2001,Apr-2001,Apr-2001,Apr-2001,Apr-2001,Apr-2001,Apr-2001,Apr-2001,Apr-2001,Apr-2001,Apr-2001,Apr-2001,Apr-2001,Apr-2001,Apr-2001,Apr-2001,Apr-2001
AREA_TYPE,Local Authority,,,,,,TO,Apr-2001,Apr-2001,Apr-2001,Apr-2001,Apr-2001,Apr-2001,Apr-2001,Apr-2001,Apr-2001,Apr-2001,Apr-2001,Apr-2001,Apr-2001,Apr-2001,Apr-2001,Apr-2001,Apr-2001,Apr-2001,Apr-2001,Apr-2001,Apr-2001,Apr-2001,Apr-2001,Apr-2001,Apr-2001,Apr-2001,Apr-2001,Apr-2001
GEO_HIERARCHY,NeSS Geography Hierarchy,,,,,,HEADING,All Communal Establishments,Medical and care establishments,Medical and care establishments:  NHS,Medical and care establishments:  NHS:  Psychiatric hospital / home,Medical and care establishments:  NHS:  Other hospital home,Medical and care establishments:  Local authority,Medical and care establishments:  Local authority:  Children's home,Medical and care establishments:  Local authority:  Nursing home,Medical and care establishments:  Local authority:  Residential care home,Medical and care establishments:  Local authority:  Other home,Medical and care establishments:  Housing association,Medical and care establishments:  Housing association:  Home or hostel,Medical and care establishments:  Other,Medical and care establishments:  Other:  Nursing home,Medical and care establishments:  Other:  Residential care home,Medical and care establishments:  Other:  Children's home,Medical and care establishments:  Other:  Psychiatric hospital / home,Medical and care establishments:  Other:  Other hospital,Medical and care establishments:  Other:  Other medical and care home,Other establishments,Other establishments:  Defence establishments (including ships),Other establishments:  Prison service establishments,Other establishments:  Probation / Bail hostel,Other establishments:  Educational establishment (including Halls of residence),"Other establishments:  Hotel, Boarding House, Guest House","Other establishments:  Hostel (including youth hostels, hostels for the homeless and people sleeping rough)","Other establishments:  Civilian Ship, Boat or Barge",Other establishments:  Other
,,,,,,,MEASUREMENT_UNIT,Count,Count,Count,Count,Count,Count,Count,Count,Count,Count,Count,Count,Count,Count,Count,Count,Count,Count,Count,Count,Count,Count,Count,Count,Count,Count,Count,Count
,,,,,,,STATISTICAL_UNIT,Communal Establishments,Communal Establishments,Communal Establishments,Communal Establishments,Communal Establishments,Communal Establishments,Communal Establishments,Communal Establishments,Communal Establishments,Communal Establishments,Communal Establishments,Communal Establishments,Communal Establishments,Communal Establishments,Communal Establishments,Communal Establishments,Communal Establishments,Communal Establishments,Communal Establishments,Communal Establishments,Communal Establishments,Communal Establishments,Communal Establishments,Communal Establishments,Communal Establishments,Communal Establishments,Communal Establishments,Communal Establishments
GOR_CODE,GOR_NAME,CTY_CODE,CTY_NAME,LA_CODE,LA_NAME,AREA_METADATA,,DATA_VALUE,DATA_VALUE,DATA_VALUE,DATA_VALUE,DATA_VALUE,DATA_VALUE,DATA_VALUE,DATA_VALUE,DATA_VALUE,DATA_VALUE,DATA_VALUE,DATA_VALUE,DATA_VALUE,DATA_VALUE,DATA_VALUE,DATA_VALUE,DATA_VALUE,DATA_VALUE,DATA_VALUE,DATA_VALUE,DATA_VALUE,DATA_VALUE,DATA_VALUE,DATA_VALUE,DATA_VALUE,DATA_VALUE,DATA_VALUE,DATA_VALUE
"K","South West",,,"00HA","Bath and North East Somerset",,,196,76,4,0,4,10,0,0,10,0,4,4,58,21,34,0,0,0,3,120,0,0,0,41,46,14,0,19
"K","South West",,,"00HB","Bristol, City of",,,374,202,21,4,17,23,0,3,20,0,0,0,158,33,116,0,5,0,4,172,0,0,3,41,36,31,0,61
"K","South West",,,"00HC","North Somerset",,,262,186,6,3,3,3,0,0,3,0,4,4,173,53,106,3,4,0,7,76,0,0,0,6,36,14,3,17
"K","South West",,,"00HD","South Gloucestershire",,,157,115,3,0,3,10,0,0,10,0,0,0,102,24,72,3,0,0,3,42,0,3,0,5,11,5,0,18
"K","South West",,,"00HG","Plymouth",,,288,158,7,4,3,9,0,0,9,0,4,4,138,28,99,3,0,0,8,130,18,0,0,12,47,13,0,40
"K","South West",,,"00HH","Torbay",,,436,163,3,0,3,9,3,0,6,0,4,4,147,22,112,0,4,0,9,273,0,0,0,0,204,23,0,46
"K","South West",,,"00HN","Bournemouth",,,501,181,12,7,5,5,0,0,5,0,3,3,161,31,117,0,5,0,8,320,0,0,0,7,236,21,0,56
"K","South West",,,"00HP","Poole",,,133,73,11,3,8,3,0,0,3,0,0,0,59,15,44,0,0,0,0,60,0,0,0,3,23,5,0,29
"K","South West",,,"00HX","Swindon",,,117,67,6,3,3,11,0,0,8,3,0,0,50,16,31,0,3,0,0,50,0,0,0,0,18,11,0,21
"K","South West","15","Cornwall and Isles of Scilly","15UB","Caradon",,,87,47,0,0,0,0,0,0,0,0,3,3,44,8,33,0,0,0,3,40,0,0,0,0,23,0,0,17
"K","South West","15","Cornwall and Isles of Scilly","15UC","Carrick",,,134,56,9,3,6,0,0,0,0,0,0,0,47,8,39,0,0,0,0,78,3,0,0,4,58,5,0,8
"K","South West","15","Cornwall and Isles of Scilly","15UD","Kerrier",,,94,56,7,3,4,3,0,0,0,3,3,3,43,9,34,0,0,0,0,38,0,0,0,0,26,0,0,12
"K","South West","15","Cornwall and Isles of Scilly","15UE","North Cornwall",,,146,56,3,0,3,0,0,0,0,0,0,0,53,11,39,0,0,0,3,90,0,0,0,3,61,3,0,23
"K","South West","15","Cornwall and Isles of Scilly","15UF","Penwith",,,152,53,3,0,3,3,0,0,3,0,0,0,47,12,32,0,3,0,0,99,0,0,0,3,83,3,0,10
"K","South West","15","Cornwall and Isles of Scilly","15UG","Restormel",,,162,69,6,0,6,0,0,0,0,0,0,0,63,10,50,0,0,0,3,93,0,0,0,0,60,9,0,24
"K","South West","15","Cornwall and Isles of Scilly","15UH","Isles of Scilly",,,14,0,0,0,0,0,0,0,0,0,0,0,0,0,0,0,0,0,0,14,0,0,0,0,9,0,0,5
"K","South West","18","Devon","18UB","East Devon",,,211,123,8,3,5,6,0,0,3,3,4,4,105,18,87,0,0,0,0,88,3,0,0,6,54,3,0,22
"K","South West","18","Devon","18UC","Exeter",,,195,81,12,3,9,10,3,0,4,3,9,9,50,9,38,0,3,0,0,114,0,3,0,15,20,18,0,58
"K","South West","18","Devon","18UD","Mid Devon",,,77,53,0,0,0,8,3,0,5,0,4,4,41,3,29,3,3,0,3,24,0,0,0,12,5,3,0,4
"K","South West","18","Devon","18UE","North Devon",,,251,71,0,0,0,3,0,0,3,0,0,0,68,9,50,0,3,0,6,180,3,0,0,3,148,4,0,22
"K","South West","18","Devon","18UG","South Hams",,,137,65,0,0,0,3,0,0,3,0,3,3,59,12,41,0,3,0,3,72,3,0,0,4,43,3,0,19
"K","South West","18","Devon","18UH","Teignbridge",,,219,135,12,3,9,7,0,0,4,3,4,4,112,13,96,3,0,0,0,84,0,0,0,5,46,3,0,30
"K","South West","18","Devon","18UK","Torridge",,,93,49,3,0,3,3,0,0,3,0,0,0,43,10,33,0,0,0,0,44,0,0,0,8,18,0,0,18
"K","South West","18","Devon","18UL","West Devon",,,63,38,3,0,3,0,0,0,0,0,3,3,32,9,23,0,0,0,0,25,0,0,0,4,16,0,0,5
"K","South West","19","Dorset","19UC","Christchurch",,,22,13,0,0,0,0,0,0,0,0,0,0,13,5,8,0,0,0,0,9,0,0,0,0,9,0,0,0
"K","South West","19","Dorset","19UD","East Dorset",,,49,37,3,0,3,0,0,0,0,0,0,0,34,7,24,0,0,0,3,12,0,0,0,3,6,0,0,3
"K","South West","19","Dorset","19UE","North Dorset",,,56,23,3,3,0,0,0,0,0,0,0,0,20,4,16,0,0,0,0,33,3,0,0,9,8,3,0,10
"K","South West","19","Dorset","19UG","Purbeck",,,61,20,3,0,3,3,0,0,3,0,0,0,14,3,11,0,0,0,0,41,0,0,0,5,27,3,0,6
"K","South West","19","Dorset","19UH","West Dorset",,,123,77,5,0,5,4,0,0,4,0,0,0,68,16,46,3,0,0,3,46,3,0,0,6,23,6,0,8
"K","South West","19","Dorset","19UJ","Weymouth and Portland",,,87,55,6,3,3,0,0,0,0,0,0,0,49,10,36,0,3,0,0,32,0,3,0,0,12,6,0,11
"K","South West","23","Gloucestershire","23UB","Cheltenham",,,156,69,6,0,6,0,0,0,0,0,0,0,63,19,38,0,3,0,3,87,0,0,0,17,27,4,0,39
"K","South West","23","Gloucestershire","23UC","Cotswold",,,158,33,4,0,4,0,0,0,0,0,0,0,29,17,12,0,0,0,0,125,0,0,0,10,53,3,0,59
"K","South West","23","Gloucestershire","23UD","Forest of Dean",,,71,54,3,0,3,3,0,3,0,0,3,3,45,12,30,3,0,0,0,17,0,0,0,3,7,3,0,4
"K","South West","23","Gloucestershire","23UE","Gloucester",,,127,70,10,3,7,8,3,0,5,0,0,0,52,16,29,0,7,0,0,57,0,0,3,3,25,15,0,11
"K","South West","23","Gloucestershire","23UF","Stroud",,,107,69,5,0,5,7,3,0,4,0,0,0,57,14,43,0,0,0,0,38,0,0,0,6,16,6,0,10
"K","South West","23","Gloucestershire","23UG","Tewkesbury",,,51,30,3,0,3,0,0,0,0,0,0,0,27,10,14,0,0,0,3,21,0,0,0,0,18,0,0,3
"K","South West","40","Somerset","40UB","Mendip",,,127,68,11,3,8,6,0,0,6,0,5,5,46,16,24,3,0,0,3,59,0,0,0,31,17,4,0,7
"K","South West","40","Somerset","40UC","Sedgemoor",,,113,69,3,3,0,6,3,0,3,0,3,3,57,9,35,9,0,0,4,44,0,0,0,13,15,3,0,13
"K","South West","40","Somerset","40UD","South Somerset",,,146,93,6,3,3,3,3,0,0,0,3,3,81,16,52,10,3,0,0,53,3,0,0,13,20,5,0,12
"K","South West","40","Somerset","40UE","Taunton Deane",,,156,102,6,3,3,11,3,0,5,3,3,3,82,20,38,18,0,3,3,54,3,0,0,8,22,9,0,12
"K","South West","40","Somerset","40UF","West Somerset",,,108,40,3,0,3,0,0,0,0,0,3,3,34,3,26,5,0,0,0,68,0,0,0,6,53,3,0,6
"K","South West","46","Wiltshire","46UB","Kennet",,,88,43,6,3,3,6,0,0,3,3,0,0,31,6,22,0,0,0,3,45,9,0,0,17,3,7,0,9
"K","South West","46","Wiltshire","46UC","North Wiltshire",,,103,56,4,0,4,3,0,0,0,3,0,0,49,9,40,0,0,0,0,47,5,0,0,7,29,0,0,6
"K","South West","46","Wiltshire","46UD","Salisbury",,,130,66,3,0,3,3,0,0,3,0,0,0,60,14,34,3,3,3,3,64,11,0,0,7,24,8,0,14
"K","South West","46","Wiltshire","46UF","West Wiltshire",,,131,70,4,0,4,3,0,0,3,0,3,3,60,10,44,0,3,0,3,61,3,0,0,3,20,0,0,35