DATASET_TITLE,"National Curriculum Assessments of 11 Year Olds by Gender in England (Referenced by Location of Educational Institution), 2002",,,,,,,,,,FROM,Sep-2001,Sep-2001,Sep-2001,Sep-2001,Sep-2001,Sep-2001,Sep-2001,Sep-2001,Sep-2001,Sep-2001,Sep-2001,Sep-2001,Sep-2001,Sep-2001,Sep-2001,Sep-2001,Sep-2001,Sep-2001
AREA_TYPE,Region,,,,,,,,,,TO,Aug-2002,Aug-2002,Aug-2002,Aug-2002,Aug-2002,Aug-2002,Aug-2002,Aug-2002,Aug-2002,Aug-2002,Aug-2002,Aug-2002,Aug-2002,Aug-2002,Aug-2002,Aug-2002,Aug-2002,Aug-2002
GEO_HIERARCHY,NeSS Geography Hierarchy,,,,,,,,,,HEADING,Eligible Pupils; in English,Pupils Achieving Level 4+; in English,Eligible Pupils; in Mathematics,Pupils Achieving Level 4+; in Mathematics,Eligible Pupils; in Science,Pupils Achieving Level 4+; in Science,Eligible Boy Pupils; in English,Boy Pupils Achieving Level 4+; in English,Eligible Boy Pupils; in Mathematics,Boy Pupils Achieving Level 4+; in Mathematics,Eligible Boy Pupils; in Science,Boy Pupils Achieving Level 4+; in Science,Eligible Girl Pupils; in English,Girl Pupils Achieving Level 4+; in English,Eligible Girl Pupils; in Mathematics,Girl Pupils Achieving Level 4+; in Mathematics,Eligible Girl Pupils; in Science,Girl Pupils Achieving Level 4+; in Science
,,,,,,,,,,,MEASUREMENT_UNIT,Count,Percentage,Count,Percentage,Count,Percentage,Count,Percentage,Count,Percentage,Count,Percentage,Count,Percentage,Count,Percentage,Count,Percentage
,,,,,,,,,,,STATISTICAL_UNIT,Persons,Persons,Persons,Persons,Persons,Persons,Persons,Persons,Persons,Persons,Persons,Persons,Persons,Persons,Persons,Persons,Persons,Persons
UK_CODE,UK_NAME,GB_CODE,GB_NAME,EW_CODE,EW_NAME,CTRY_CODE,CTRY_NAME,GOR_CODE,GOR_NAME,AREA_METADATA,,DATA_VALUE,DATA_VALUE,DATA_VALUE,DATA_VALUE,DATA_VALUE,DATA_VALUE,DATA_VALUE,DATA_VALUE,DATA_VALUE,DATA_VALUE,DATA_VALUE,DATA_VALUE,DATA_VALUE,DATA_VALUE,DATA_VALUE,DATA_VALUE,DATA_VALUE,DATA_VALUE
"213","United Kingdom","078","Great Britain","727","England and Wales","064","England",,,,,641264,75,640818,73,641075,86,326131,70,325922,73,326033,86,313627,79,313442,73,313573,87
"213","United Kingdom","078","Great Britain","727","England and Wales","064","England","A","North East",,,33352,72,33305,73,33349,86,17069,67,17041,72,17068,86,16283,78,16264,74,16281,86
"213","United Kingdom","078","Great Britain","727","England and Wales","064","England","B","North West",,,92357,75,92376,75,92369,87,47315,71,47324,74,47318,86,45042,79,45052,75,45051,87
"213","United Kingdom","078","Great Britain","727","England and Wales","064","England","D","Yorkshire and The Humber",,,65719,72,65732,72,65726,85,33620,67,33625,71,33621,85,32099,77,32107,72,32105,85
"213","United Kingdom","078","Great Britain","727","England and Wales","064","England","E","East Midlands",,,54860,74,54866,73,54862,86,28092,70,28096,73,28094,86,26768,79,26770,73,26768,86
"213","United Kingdom","078","Great Britain","727","England and Wales","064","England","F","West Midlands",,,71129,72,71126,71,71140,85,36402,68,36400,71,36414,85,34727,77,34726,71,34726,86
"213","United Kingdom","078","Great Britain","727","England and Wales","064","England","G","East of England",,,66522,76,66530,73,66498,87,34045,71,34052,73,34033,86,32477,80,32478,72,32465,87
"213","United Kingdom","078","Great Britain","727","England and Wales","064","England","H","London",,,80970,73,80988,72,80998,85,40987,69,41000,72,41002,84,39983,78,39988,72,39996,85
"213","United Kingdom","078","Great Britain","727","England and Wales","064","England","J","South East",,,93714,76,93404,73,93755,87,47566,71,47429,73,47585,87,46148,80,45975,73,46170,87
"213","United Kingdom","078","Great Britain","727","England and Wales","064","England","K","South West",,,58418,75,58477,73,58482,87,29740,70,29772,73,29776,87,28678,80,28705,73,28706,87