DATASET_TITLE,"Live Births, 2010",,,,,,,,FROM,Jan-2010,Jan-2010,Jan-2010
AREA_TYPE,Former Local Authority,,,,,,,,TO,Dec-2010,Dec-2010,Dec-2010
GEO_HIERARCHY,NeSS Geography Hierarchy,,,,,,,,HEADING,All Live Births,Males,Females
,,,,,,,,,MEASUREMENT_UNIT,Count,Count,Count
,,,,,,,,,STATISTICAL_UNIT,Persons,Persons,Persons
GOR_CODE,GOR_NAME,CTY_CODE,CTY_NAME,LA_CODE,LA_NAME,FLA_CODE,FLA_NAME,AREA_METADATA,,DATA_VALUE,DATA_VALUE,DATA_VALUE
"A","North East",,,"00EJ","Durham","20UB","Chester-le-Street",,,549,270,279
"A","North East",,,"00EJ","Durham","20UD","Derwentside",,,1108,589,519
"A","North East",,,"00EJ","Durham","20UE","Durham",,,940,460,480
"A","North East",,,"00EJ","Durham","20UF","Easington",,,1247,644,603
"A","North East",,,"00EJ","Durham","20UG","Sedgefield",,,1067,552,515
"A","North East",,,"00EJ","Durham","20UH","Teesdale",,,173,92,81
"A","North East",,,"00EJ","Durham","20UJ","Wear Valley",,,762,377,385
"A","North East",,,"00EM","Northumberland","35UB","Alnwick",,,272,141,131
"A","North East",,,"00EM","Northumberland","35UC","Berwick-upon-Tweed",,,170,81,89
"A","North East",,,"00EM","Northumberland","35UD","Blyth Valley",,,889,463,426
"A","North East",,,"00EM","Northumberland","35UE","Castle Morpeth",,,425,220,205
"A","North East",,,"00EM","Northumberland","35UF","Tynedale",,,487,257,230
"A","North East",,,"00EM","Northumberland","35UG","Wansbeck",,,746,379,367
"B","North West",,,"00EQ","Cheshire East","13UC","Congleton",,,839,449,390
"B","North West",,,"00EQ","Cheshire East","13UD","Crewe and Nantwich",,,1502,788,714
"B","North West",,,"00EQ","Cheshire East","13UG","Macclesfield",,,1629,836,793
"B","North West",,,"00EW","Cheshire West and Chester","13UB","Chester",,,1343,677,666
"B","North West",,,"00EW","Cheshire West and Chester","13UE","Ellesmere Port & Neston",,,962,501,461
"B","North West",,,"00EW","Cheshire West and Chester","13UH","Vale Royal",,,1517,787,730
"F","West Midlands",,,"00GG","Shropshire","39UB","Bridgnorth",,,441,223,218
"F","West Midlands",,,"00GG","Shropshire","39UC","North Shropshire",,,650,339,311
"F","West Midlands",,,"00GG","Shropshire","39UD","Oswestry",,,404,227,177
"F","West Midlands",,,"00GG","Shropshire","39UE","Shrewsbury and Atcham",,,1065,559,506
"F","West Midlands",,,"00GG","Shropshire","39UF","South Shropshire",,,329,167,162
"G","East of England",,,"00KC","Central Bedfordshire","09UC","Mid Bedfordshire",,,1641,828,813
"G","East of England",,,"00KC","Central Bedfordshire","09UE","South Bedfordshire",,,1535,793,742
"K","South West",,,"00HE","Cornwall","15UB","Caradon",,,745,380,365
"K","South West",,,"00HE","Cornwall","15UC","Carrick",,,918,479,439
"K","South West",,,"00HE","Cornwall","15UD","Kerrier",,,1137,604,533
"K","South West",,,"00HE","Cornwall","15UE","North Cornwall",,,925,471,454
"K","South West",,,"00HE","Cornwall","15UF","Penwith",,,581,279,302
"K","South West",,,"00HE","Cornwall","15UG","Restormel",,,1238,626,612
"K","South West",,,"00HY","Wiltshire","46UB","Kennet",,,953,491,462
"K","South West",,,"00HY","Wiltshire","46UC","North Wiltshire",,,1572,823,749
"K","South West",,,"00HY","Wiltshire","46UD","Salisbury",,,1358,692,666
"K","South West",,,"00HY","Wiltshire","46UF","West Wiltshire",,,1585,809,776