DATASET_TITLE,"Conceptions - Under 18's, 2006",,,,FROM,Jan-2006,Jan-2006
AREA_TYPE,County,,,,TO,Dec-2006,Dec-2006
GEO_HIERARCHY,NeSS Geography Hierarchy,,,,HEADING,Under 18 Conceptions,Under 18 Conceptions
,,,,,MEASUREMENT_UNIT,Count,Rate per 1000
,,,,,STATISTICAL_UNIT,Persons,Persons
GOR_CODE,GOR_NAME,CTY_CODE,CTY_NAME,AREA_METADATA,,DATA_VALUE,DATA_VALUE
"A","North East","20","Durham",,,434,46.6
"A","North East","35","Northumberland",,,203,35.9
"B","North West","13","Cheshire",,,419,32.3
"B","North West","16","Cumbria",,,335,35.3
"B","North West","30","Lancashire",,,971,41
"D","Yorkshire and The Humber","36","North Yorkshire",,,300,25.1
"E","East Midlands","17","Derbyshire",,,515,35.1
"E","East Midlands","31","Leicestershire",,,357,29.3
"E","East Midlands","32","Lincolnshire",,,480,36.1
"E","East Midlands","34","Northamptonshire",,,521,38.7
"E","East Midlands","37","Nottinghamshire",,,549,37.1
"F","West Midlands","39","Shropshire",,,185,32.6
"F","West Midlands","41","Staffordshire",,,649,40.2
"F","West Midlands","44","Warwickshire",,,366,36.3
"F","West Midlands","47","Worcestershire",,,387,36
"G","East of England","09","Bedfordshire",,,270,35.5
"G","East of England","12","Cambridgeshire",,,279,26.3
"G","East of England","22","Essex",,,841,32.5
"G","East of England","26","Hertfordshire",,,548,26.2
"G","East of England","33","Norfolk",,,573,39.5
"G","East of England","42","Suffolk",,,414,30.9
"J","South East","11","Buckinghamshire",,,209,21.3
"J","South East","21","East Sussex",,,357,37.4
"J","South East","24","Hampshire",,,785,32.4
"J","South East","29","Kent",,,1048,37.2
"J","South East","38","Oxfordshire",,,320,27.5
"J","South East","43","Surrey",,,516,25.7
"J","South East","45","West Sussex",,,408,28.9
"K","South West","15","Cornwall and Isles of Scilly",,,315,32.7
"K","South West","18","Devon",,,406,30.1
"K","South West","19","Dorset",,,177,22.7
"K","South West","23","Gloucestershire",,,342,29.3
"K","South West","40","Somerset",,,356,33
"K","South West","46","Wiltshire",,,283,30.8