DATASET_TITLE,Tenure - Pensioners (UV45),,,,,,FROM,Apr-2001,Apr-2001,Apr-2001,Apr-2001,Apr-2001
AREA_TYPE,Local Authority,,,,,,TO,Apr-2001,Apr-2001,Apr-2001,Apr-2001,Apr-2001
GEO_HIERARCHY,NeSS Geography Hierarchy,,,,,,HEADING,All Households where HRP is of Pensionable Age,Owned,Rented from council,Other social rented,Private rented or Living rent free
,,,,,,,MEASUREMENT_UNIT,Count,Count,Count,Count,Count
,,,,,,,STATISTICAL_UNIT,Households,Households,Households,Households,Households
GOR_CODE,GOR_NAME,CTY_CODE,CTY_NAME,LA_CODE,LA_NAME,AREA_METADATA,,DATA_VALUE,DATA_VALUE,DATA_VALUE,DATA_VALUE,DATA_VALUE
"D","Yorkshire and The Humber",,,"00CC","Barnsley",,,27027,15574,8669,719,2065
"D","Yorkshire and The Humber",,,"00CE","Doncaster",,,35628,22786,9171,878,2793
"D","Yorkshire and The Humber",,,"00CF","Rotherham",,,29293,16709,9079,1199,2306
"D","Yorkshire and The Humber",,,"00CG","Sheffield",,,63709,35093,23352,2533,2731
"D","Yorkshire and The Humber",,,"00CX","Bradford",,,49431,34107,7776,3309,4239
"D","Yorkshire and The Humber",,,"00CY","Calderdale",,,22669,14889,2435,3350,1995
"D","Yorkshire and The Humber",,,"00CZ","Kirklees",,,42574,28324,8142,1804,4304
"D","Yorkshire and The Humber",,,"00DA","Leeds",,,82857,49342,22353,4425,6737
"D","Yorkshire and The Humber",,,"00DB","Wakefield",,,37342,20684,14002,1049,1607
"D","Yorkshire and The Humber",,,"00FA","Kingston upon Hull, City of",,,28921,13073,9990,2748,3110
"D","Yorkshire and The Humber",,,"00FB","East Riding of Yorkshire",,,41631,31205,5884,1020,3522
"D","Yorkshire and The Humber",,,"00FC","North East Lincolnshire",,,19280,13681,3251,998,1350
"D","Yorkshire and The Humber",,,"00FD","North Lincolnshire",,,18729,12822,4131,348,1428
"D","Yorkshire and The Humber",,,"00FF","York",,,22569,16886,2984,1490,1209
"D","Yorkshire and The Humber","36","North Yorkshire","36UB","Craven",,,7727,5810,860,310,747
"D","Yorkshire and The Humber","36","North Yorkshire","36UC","Hambleton",,,10658,7692,136,1802,1028
"D","Yorkshire and The Humber","36","North Yorkshire","36UD","Harrogate",,,18818,14433,2058,591,1736
"D","Yorkshire and The Humber","36","North Yorkshire","36UE","Richmondshire",,,5137,3680,761,66,630
"D","Yorkshire and The Humber","36","North Yorkshire","36UF","Ryedale",,,7429,5132,90,1188,1019
"D","Yorkshire and The Humber","36","North Yorkshire","36UG","Scarborough",,,16448,12121,2072,665,1590
"D","Yorkshire and The Humber","36","North Yorkshire","36UH","Selby",,,8164,5718,1522,264,660