DATASET_TITLE,"Benefits Data: Working Age Client Group, February 2007",,,,,,FROM,Feb-2007,Feb-2007,Feb-2007,Feb-2007,Feb-2007,Feb-2007,Feb-2007,Feb-2007,Feb-2007,Feb-2007,Feb-2007,Feb-2007,Feb-2007,Feb-2007,Feb-2007,Feb-2007,Feb-2007,Feb-2007,Feb-2007,Feb-2007,Feb-2007,Feb-2007,Feb-2007,Feb-2007,Feb-2007,Feb-2007,Feb-2007
AREA_TYPE,Local Authority,,,,,,TO,Feb-2007,Feb-2007,Feb-2007,Feb-2007,Feb-2007,Feb-2007,Feb-2007,Feb-2007,Feb-2007,Feb-2007,Feb-2007,Feb-2007,Feb-2007,Feb-2007,Feb-2007,Feb-2007,Feb-2007,Feb-2007,Feb-2007,Feb-2007,Feb-2007,Feb-2007,Feb-2007,Feb-2007,Feb-2007,Feb-2007,Feb-2007
GEO_HIERARCHY,NeSS Geography Hierarchy,,,,,,HEADING,Total,Job Seekers,Job Seekers,Incapacity Benefits,Incapacity Benefits,Lone Parent,Lone Parent,Carer,Carer,Others on Income Related Benefits,Others on Income Related Benefits,Disabled,Disabled,Bereaved,Bereaved,Unknown,Unknown,Male,Male,Female,Female,Aged 16-24,Aged 16-24,Aged 25-49,Aged 25-49,Aged 50 and Over,Aged 50 and Over
,,,,,,,MEASUREMENT_UNIT,Count,Count,Percentage,Count,Percentage,Count,Percentage,Count,Percentage,Count,Percentage,Count,Percentage,Count,Percentage,Count,Percentage,Count,Percentage,Count,Percentage,Count,Percentage,Count,Percentage,Count,Percentage
,,,,,,,STATISTICAL_UNIT,Persons,Persons,Persons,Persons,Persons,Persons,Persons,Persons,Persons,Persons,Persons,Persons,Persons,Persons,Persons,Persons,Persons,Persons,Persons,Persons,Persons,Persons,Persons,Persons,Persons,Persons,Persons
GOR_CODE,GOR_NAME,CTY_CODE,CTY_NAME,LA_CODE,LA_NAME,AREA_METADATA,,DATA_VALUE,DATA_VALUE,DATA_VALUE,DATA_VALUE,DATA_VALUE,DATA_VALUE,DATA_VALUE,DATA_VALUE,DATA_VALUE,DATA_VALUE,DATA_VALUE,DATA_VALUE,DATA_VALUE,DATA_VALUE,DATA_VALUE,DATA_VALUE,DATA_VALUE,DATA_VALUE,DATA_VALUE,DATA_VALUE,DATA_VALUE,DATA_VALUE,DATA_VALUE,DATA_VALUE,DATA_VALUE,DATA_VALUE,DATA_VALUE
"A","North East",,,"00CH","Gateshead",,,23320,3685,16,12880,55,2850,12,1625,7,755,3,1135,5,390,2,0,0,12445,53,10875,47,3055,13,11580,50,8685,37
"A","North East",,,"00CJ","Newcastle upon Tyne",,,32770,6150,19,16930,52,4695,14,2040,6,1130,3,1405,4,420,1,0,0,17420,53,15350,47,4935,15,17075,52,10760,33
"A","North East",,,"00CK","North Tyneside",,,20460,3715,18,10555,52,2605,13,1295,6,700,3,1175,6,415,2,0,0,10645,52,9815,48,2870,14,9920,48,7670,37
"A","North East",,,"00CL","South Tyneside",,,20665,4370,21,10015,48,2925,14,1330,6,755,4,960,5,310,2,0,0,10920,53,9745,47,3130,15,10130,49,7405,36
"A","North East",,,"00CM","Sunderland",,,37000,6160,17,20555,56,4195,11,2630,7,1020,3,1830,5,610,2,0,0,19610,53,17390,47,5185,14,17710,48,14105,38
"A","North East",,,"00EB","Hartlepool",,,13295,2530,19,7120,54,1690,13,830,6,370,3,550,4,205,2,0,0,6850,52,6445,48,1955,15,6605,50,4735,36
"A","North East",,,"00EC","Middlesbrough",,,20900,4285,21,10080,48,3245,16,1525,7,520,2,915,4,330,2,0,0,10685,51,10215,49,3690,18,10795,52,6410,31
"A","North East",,,"00EE","Redcar and Cleveland",,,17525,3245,19,9005,51,2250,13,1460,8,425,2,855,5,285,2,0,0,8995,51,8530,49,2790,16,8455,48,6275,36
"A","North East",,,"00EF","Stockton-on-Tees",,,20225,3945,20,9760,48,2765,14,1615,8,580,3,1125,6,435,2,0,0,10275,51,9950,49,3210,16,9960,49,7055,35
"A","North East",,,"00EH","Darlington",,,10535,1840,17,5405,51,1430,14,755,7,325,3,595,6,185,2,0,0,5535,53,5000,47,1540,15,5245,50,3750,36
"A","North East","20","Durham","20UB","Chester-le-Street",,,5180,655,13,3160,61,445,9,385,7,135,3,285,6,115,2,0,0,2780,54,2400,46,685,13,2355,45,2140,41
"A","North East","20","Durham","20UD","Derwentside",,,10380,1355,13,6140,59,1060,10,780,8,265,3,590,6,190,2,0,0,5520,53,4860,47,1445,14,4720,45,4215,41
"A","North East","20","Durham","20UE","Durham",,,7495,915,12,4585,61,725,10,525,7,160,2,425,6,160,2,0,0,4010,54,3485,46,920,12,3435,46,3140,42
"A","North East","20","Durham","20UF","Easington",,,15430,1580,10,10250,66,1355,9,1060,7,260,2,740,5,185,1,0,0,8120,53,7310,47,2005,13,7310,47,6115,40
"A","North East","20","Durham","20UG","Sedgefield",,,11375,1465,13,6695,59,1255,11,880,8,265,2,635,6,180,2,0,0,5710,50,5665,50,1605,14,5185,46,4585,40
"A","North East","20","Durham","20UH","Teesdale",,,1870,215,11,1095,59,165,9,175,9,45,2,120,6,55,3,0,0,1015,54,855,46,180,10,790,42,900,48
"A","North East","20","Durham","20UJ","Wear Valley",,,8530,1255,15,4795,56,1030,12,675,8,230,3,415,5,130,2,0,0,4385,51,4145,49,1250,15,4000,47,3280,38
"A","North East","35","Northumberland","35UB","Alnwick",,,2345,430,18,1140,49,235,10,215,9,65,3,170,7,90,4,0,0,1260,54,1085,46,295,13,1025,44,1025,44
"A","North East","35","Northumberland","35UC","Berwick-upon-Tweed",,,2225,450,20,1075,48,190,9,215,10,95,4,145,7,55,2,0,0,1150,52,1075,48,275,12,930,42,1020,46
"A","North East","35","Northumberland","35UD","Blyth Valley",,,9285,1700,18,4895,53,1005,11,720,8,265,3,500,5,200,2,0,0,4870,52,4415,48,1385,15,4305,46,3595,39
"A","North East","35","Northumberland","35UE","Castle Morpeth",,,3575,585,16,1975,55,265,7,300,8,115,3,220,6,115,3,0,0,1950,55,1625,45,475,13,1625,45,1475,41
"A","North East","35","Northumberland","35UF","Tynedale",,,3525,475,13,1985,56,330,9,240,7,115,3,260,7,120,3,0,0,1845,52,1680,48,430,12,1535,44,1560,44
"A","North East","35","Northumberland","35UG","Wansbeck",,,8110,1640,20,4245,52,990,12,520,6,215,3,375,5,125,2,0,0,4435,55,3675,45,1320,16,3775,47,3015,37
"B","North West",,,"00BL","Bolton",,,29790,4465,15,16255,55,3640,12,2190,7,840,3,1815,6,585,2,0,0,15225,51,14565,49,4085,14,15030,50,10675,36
"B","North West",,,"00BM","Bury",,,17115,2350,14,9605,56,1945,11,1210,7,415,2,1240,7,350,2,0,0,8770,51,8345,49,2370,14,8620,50,6125,36
"B","North West",,,"00BN","Manchester",,,67965,11335,17,35465,52,12160,18,3420,5,2305,3,2690,4,590,1,0,0,34595,51,33370,49,10325,15,38745,57,18895,28
"B","North West",,,"00BP","Oldham",,,25140,4030,16,13375,53,3470,14,1680,7,665,3,1390,6,530,2,0,0,12555,50,12585,50,3755,15,12775,51,8610,34
"B","North West",,,"00BQ","Rochdale",,,26160,3990,15,14570,56,3415,13,1770,7,640,2,1360,5,415,2,0,0,13190,50,12970,50,3880,15,13410,51,8865,34
"B","North West",,,"00BR","Salford",,,29045,4325,15,16275,56,4215,15,1605,6,725,2,1510,5,390,1,0,0,15365,53,13680,47,4200,14,15210,52,9635,33
"B","North West",,,"00BS","Stockport",,,21895,3060,14,11775,54,2675,12,1615,7,540,2,1675,8,555,3,0,0,10820,49,11075,51,2895,13,11035,50,7965,36
"B","North West",,,"00BT","Tameside",,,24880,3465,14,14190,57,3135,13,1555,6,670,3,1420,6,445,2,0,0,12715,51,12165,49,3420,14,12480,50,8975,36
"B","North West",,,"00BU","Trafford",,,17105,2435,14,9410,55,2090,12,1095,6,405,2,1275,7,395,2,0,0,8520,50,8585,50,2170,13,8735,51,6190,36
"B","North West",,,"00BW","Wigan",,,35380,5125,14,20870,59,3540,10,2535,7,730,2,1930,5,650,2,0,0,18350,52,17030,48,4520,13,16560,47,14300,40
"B","North West",,,"00BX","Knowsley",,,25345,4115,16,12820,51,4090,16,1970,8,615,2,1430,6,305,1,0,0,12170,48,13175,52,3510,14,13415,53,8420,33
"B","North West",,,"00BY","Liverpool",,,75955,15230,20,38205,50,11280,15,4740,6,2145,3,3600,5,755,1,0,0,38865,51,37090,49,10440,14,40765,54,24735,33
"B","North West",,,"00BZ","St. Helens",,,22595,3275,14,12460,55,2915,13,1720,8,595,3,1275,6,355,2,0,0,11620,51,10975,49,3205,14,10780,48,8605,38
"B","North West",,,"00CA","Sefton",,,30480,5085,17,16000,52,3645,12,2250,7,865,3,2055,7,580,2,0,0,15625,51,14855,49,3820,13,15375,50,11280,37
"B","North West",,,"00CB","Wirral",,,39130,6760,17,19505,50,5455,14,2925,7,1095,3,2690,7,700,2,0,0,19820,51,19310,49,5630,14,19605,50,13895,36
"B","North West",,,"00ET","Halton",,,16405,2520,15,8630,53,2380,15,1255,8,335,2,1010,6,275,2,0,0,8035,49,8370,51,2280,14,8080,49,6045,37
"B","North West",,,"00EU","Warrington",,,15625,2360,15,8490,54,1715,11,1205,8,375,2,1115,7,365,2,0,0,8050,52,7575,48,1960,13,7670,49,5985,38
"B","North West",,,"00EX","Blackburn with Darwen",,,18060,2605,14,9860,55,2265,13,1435,8,455,3,1155,6,285,2,0,0,9325,52,8735,48,2615,14,9360,52,6080,34
"B","North West",,,"00EY","Blackpool",,,20520,3335,16,11310,55,2485,12,1235,6,665,3,1165,6,325,2,0,0,11330,55,9190,45,2800,14,10520,51,7200,35
"B","North West","13","Cheshire","13UB","Chester",,,8895,1180,13,4905,55,1030,12,680,8,190,2,700,8,210,2,0,0,4605,52,4290,48,1100,12,4475,50,3320,37
"B","North West","13","Cheshire","13UC","Congleton",,,5210,695,13,2730,52,485,9,425,8,175,3,450,9,250,5,0,0,2560,49,2650,51,540,10,2410,46,2260,43
"B","North West","13","Cheshire","13UD","Crewe and Nantwich",,,8650,1505,17,4295,50,1210,14,670,8,240,3,515,6,215,2,0,0,4265,49,4385,51,1255,15,4185,48,3210,37
"B","North West","13","Cheshire","13UE","Ellesmere Port & Neston",,,7320,1115,15,3715,51,930,13,665,9,130,2,590,8,175,2,0,0,3625,50,3695,50,960,13,3810,52,2550,35
"B","North West","13","Cheshire","13UG","Macclesfield",,,8005,965,12,4480,56,820,10,565,7,150,2,705,9,320,4,0,0,4000,50,4005,50,865,11,4040,50,3100,39
"B","North West","13","Cheshire","13UH","Vale Royal",,,9600,1550,16,4930,51,1135,12,805,8,220,2,685,7,275,3,0,0,4775,50,4825,50,1335,14,4495,47,3770,39
"B","North West","16","Cumbria","16UB","Allerdale",,,8725,1200,14,4740,54,970,11,780,9,255,3,560,6,220,3,0,0,4560,52,4165,48,1085,12,4060,47,3580,41
"B","North West","16","Cumbria","16UC","Barrow-in-Furness",,,9450,1205,13,5640,60,900,10,730,8,220,2,625,7,130,1,0,0,5015,53,4435,47,1295,14,4475,47,3680,39
"B","North West","16","Cumbria","16UD","Carlisle",,,9090,1375,15,5000,55,1030,11,620,7,235,3,585,6,245,3,0,0,4665,51,4425,49,1255,14,4460,49,3375,37
"B","North West","16","Cumbria","16UE","Copeland",,,7675,1120,15,4155,54,875,11,675,9,225,3,470,6,155,2,0,0,4035,53,3640,47,1080,14,3510,46,3085,40
"B","North West","16","Cumbria","16UF","Eden",,,2630,270,10,1535,58,210,8,230,9,75,3,220,8,90,3,0,0,1345,51,1285,49,240,9,1220,46,1170,44
"B","North West","16","Cumbria","16UG","South Lakeland",,,5465,565,10,3115,57,475,9,500,9,135,2,440,8,235,4,0,0,2805,51,2660,49,545,10,2440,45,2480,45
"B","North West","30","Lancashire","30UD","Burnley",,,11190,1365,12,6665,60,1490,13,665,6,275,2,550,5,180,2,0,0,5580,50,5610,50,1615,14,5590,50,3985,36
"B","North West","30","Lancashire","30UE","Chorley",,,7915,1100,14,4540,57,710,9,580,7,185,2,595,8,205,3,0,0,4120,52,3795,48,950,12,3685,47,3280,41
"B","North West","30","Lancashire","30UF","Fylde",,,5010,505,10,3055,61,375,7,395,8,150,3,390,8,140,3,0,0,2655,53,2355,47,470,9,2270,45,2270,45
"B","North West","30","Lancashire","30UG","Hyndburn",,,9515,1055,11,5680,60,1130,12,655,7,255,3,545,6,195,2,0,0,4900,51,4615,49,1325,14,4630,49,3555,37
"B","North West","30","Lancashire","30UH","Lancaster",,,12220,1950,16,6630,54,1455,12,790,6,355,3,755,6,285,2,0,0,6365,52,5855,48,1680,14,6095,50,4445,36
"B","North West","30","Lancashire","30UJ","Pendle",,,9570,1245,13,5595,58,1070,11,730,8,240,3,505,5,185,2,0,0,4850,51,4720,49,1310,14,4770,50,3490,36
"B","North West","30","Lancashire","30UK","Preston",,,14280,2280,16,7715,54,1770,12,1030,7,365,3,860,6,260,2,0,0,7420,52,6860,48,2145,15,7390,52,4745,33
"B","North West","30","Lancashire","30UL","Ribble Valley",,,2845,235,8,1820,64,135,5,225,8,45,2,275,10,110,4,0,0,1520,53,1325,47,260,9,1240,44,1345,47
"B","North West","30","Lancashire","30UM","Rossendale",,,6405,730,11,3825,60,645,10,435,7,125,2,505,8,140,2,0,0,3290,51,3115,49,795,12,3050,48,2560,40
"B","North West","30","Lancashire","30UN","South Ribble",,,7415,935,13,4140,56,710,10,560,8,170,2,670,9,230,3,0,0,3635,49,3780,51,915,12,3445,46,3055,41
"B","North West","30","Lancashire","30UP","West Lancashire",,,10530,1795,17,5385,51,1250,12,845,8,270,3,715,7,270,3,0,0,5300,50,5230,50,1385,13,5000,47,4145,39
"B","North West","30","Lancashire","30UQ","Wyre",,,8605,895,10,4885,57,840,10,755,9,250,3,765,9,215,2,0,0,4445,52,4160,48,945,11,3855,45,3805,44
"D","Yorkshire and The Humber",,,"00CC","Barnsley",,,28965,3700,13,17005,59,3190,11,2170,7,665,2,1830,6,405,1,0,0,15295,53,13670,47,3685,13,13580,47,11700,40
"D","Yorkshire and The Humber",,,"00CE","Doncaster",,,33480,5735,17,17230,51,4035,12,2875,9,860,3,2215,7,530,2,0,0,17325,52,16155,48,4870,15,16250,49,12360,37
"D","Yorkshire and The Humber",,,"00CF","Rotherham",,,27890,4085,15,14505,52,3415,12,2680,10,770,3,1945,7,490,2,0,0,14330,51,13560,49,3875,14,13650,49,10365,37
"D","Yorkshire and The Humber",,,"00CG","Sheffield",,,51600,9290,18,25630,50,6955,13,3965,8,1685,3,3205,6,870,2,0,0,26845,52,24755,48,7765,15,26980,52,16855,33
"D","Yorkshire and The Humber",,,"00CX","Bradford",,,51910,9720,19,24280,47,7585,15,4240,8,1955,4,3210,6,920,2,0,0,25785,50,26125,50,8075,16,27225,52,16610,32
"D","Yorkshire and The Humber",,,"00CY","Calderdale",,,18110,3460,19,8855,49,2535,14,1280,7,570,3,1045,6,365,2,0,0,9095,50,9015,50,2675,15,9080,50,6355,35
"D","Yorkshire and The Humber",,,"00CZ","Kirklees",,,36725,6350,17,17755,48,5095,14,2905,8,1220,3,2665,7,735,2,0,0,18345,50,18380,50,5615,15,18630,51,12480,34
"D","Yorkshire and The Humber",,,"00DA","Leeds",,,64885,13585,21,30610,47,9475,15,3995,6,1900,3,4055,6,1265,2,0,0,32880,51,32005,49,9865,15,34010,52,21010,32
"D","Yorkshire and The Humber",,,"00DB","Wakefield",,,35380,5030,14,19480,55,4270,12,2755,8,825,2,2390,7,630,2,0,0,18370,52,17010,48,4870,14,16800,47,13710,39
"D","Yorkshire and The Humber",,,"00FA","Kingston upon Hull, City of",,,35130,8915,25,14670,42,5815,17,2385,7,1200,3,1740,5,405,1,0,0,18355,52,16775,48,6460,18,18265,52,10400,30
"D","Yorkshire and The Humber",,,"00FB","East Riding of Yorkshire",,,21910,3965,18,10540,48,2130,10,2080,9,825,4,1750,8,620,3,0,0,11390,52,10520,48,2655,12,9715,44,9540,44
"D","Yorkshire and The Humber",,,"00FC","North East Lincolnshire",,,17230,3795,22,7110,41,2960,17,1445,8,730,4,910,5,280,2,0,0,8570,50,8660,50,3415,20,8545,50,5270,31
"D","Yorkshire and The Humber",,,"00FD","North Lincolnshire",,,14065,2620,19,6480,46,1860,13,1260,9,425,3,1085,8,335,2,0,0,6905,49,7160,51,2135,15,6785,48,5145,37
"D","Yorkshire and The Humber",,,"00FF","York",,,11105,1955,18,5515,50,1535,14,735,7,260,2,765,7,340,3,0,0,5580,50,5525,50,1560,14,5760,52,3785,34
"D","Yorkshire and The Humber","36","North Yorkshire","36UB","Craven",,,2705,340,13,1475,55,225,8,215,8,90,3,230,9,130,5,0,0,1395,52,1310,48,260,10,1220,45,1225,45
"D","Yorkshire and The Humber","36","North Yorkshire","36UC","Hambleton",,,4160,610,15,2115,51,405,10,375,9,115,3,370,9,170,4,0,0,2040,49,2120,51,510,12,1900,46,1750,42
"D","Yorkshire and The Humber","36","North Yorkshire","36UD","Harrogate",,,7125,1045,15,3735,52,745,10,545,8,180,3,600,8,275,4,0,0,3580,50,3545,50,785,11,3575,50,2765,39
"D","Yorkshire and The Humber","36","North Yorkshire","36UE","Richmondshire",,,2325,355,15,1090,47,255,11,215,9,75,3,220,9,115,5,0,0,1105,48,1220,52,275,12,1120,48,930,40
"D","Yorkshire and The Humber","36","North Yorkshire","36UF","Ryedale",,,2575,395,15,1235,48,270,10,265,10,100,4,210,8,100,4,0,0,1270,49,1305,51,275,11,1150,45,1150,45
"D","Yorkshire and The Humber","36","North Yorkshire","36UG","Scarborough",,,10670,2040,19,5190,49,1250,12,820,8,470,4,675,6,225,2,0,0,5605,53,5065,47,1465,14,5000,47,4205,39
"D","Yorkshire and The Humber","36","North Yorkshire","36UH","Selby",,,4765,880,18,2330,49,550,12,345,7,150,3,350,7,160,3,0,0,2435,51,2330,49,615,13,2235,47,1915,40
"E","East Midlands",,,"00FK","Derby",,,23740,4505,19,11135,47,3610,15,1735,7,715,3,1645,7,395,2,0,0,11845,50,11895,50,3610,15,12695,53,7430,31
"E","East Midlands",,,"00FN","Leicester",,,36650,8580,23,15610,43,6195,17,2615,7,1235,3,1885,5,530,1,0,0,17780,49,18870,51,5885,16,19580,53,11185,31
"E","East Midlands",,,"00FP","Rutland",,,1275,150,12,615,48,135,11,115,9,40,3,140,11,80,6,0,0,610,48,665,52,130,10,610,48,535,42
"E","East Midlands",,,"00FY","Nottingham",,,37630,7920,21,17365,46,6725,18,2300,6,1045,3,1890,5,385,1,0,0,19265,51,18365,49,6470,17,20885,56,10265,27
"E","East Midlands","17","Derbyshire","17UB","Amber Valley",,,9720,1575,16,4980,51,1100,11,840,9,245,3,735,8,245,3,0,0,4965,51,4755,49,1225,13,4515,46,3980,41
"E","East Midlands","17","Derbyshire","17UC","Bolsover",,,9095,1260,14,5015,55,900,10,885,10,190,2,700,8,145,2,0,0,4900,54,4195,46,1150,13,4270,47,3675,40
"E","East Midlands","17","Derbyshire","17UD","Chesterfield",,,11580,2000,17,6120,53,1195,10,970,8,290,3,830,7,175,2,0,0,6250,54,5330,46,1415,12,5750,50,4415,38
"E","East Midlands","17","Derbyshire","17UF","Derbyshire Dales",,,3545,480,14,1835,52,300,8,330,9,90,3,360,10,150,4,0,0,1825,51,1720,49,380,11,1570,44,1595,45
"E","East Midlands","17","Derbyshire","17UG","Erewash",,,8910,1640,18,4270,48,1185,13,705,8,255,3,645,7,210,2,0,0,4445,50,4465,50,1270,14,4295,48,3345,38
"E","East Midlands","17","Derbyshire","17UH","High Peak",,,6465,1010,16,3380,52,750,12,490,8,160,2,480,7,195,3,0,0,3220,50,3245,50,805,12,3205,50,2455,38
"E","East Midlands","17","Derbyshire","17UJ","North East Derbyshire",,,8215,1240,15,4350,53,750,9,825,10,215,3,645,8,190,2,0,0,4380,53,3835,47,905,11,3805,46,3505,43
"E","East Midlands","17","Derbyshire","17UK","South Derbyshire",,,5925,670,11,3220,54,645,11,515,9,150,3,540,9,185,3,0,0,2790,47,3135,53,675,11,2785,47,2465,42
"E","East Midlands","31","Leicestershire","31UB","Blaby",,,4510,650,14,2170,48,460,10,430,10,130,3,480,11,190,4,0,0,2120,47,2390,53,575,13,2035,45,1900,42
"E","East Midlands","31","Leicestershire","31UC","Charnwood",,,9150,1620,18,4260,47,1095,12,730,8,325,4,785,9,335,4,0,0,4380,48,4770,52,1340,15,4440,49,3370,37
"E","East Midlands","31","Leicestershire","31UD","Harborough",,,3235,455,14,1590,49,325,10,280,9,85,3,335,10,165,5,0,0,1555,48,1680,52,345,11,1555,48,1335,41
"E","East Midlands","31","Leicestershire","31UE","Hinckley and Bosworth",,,5910,1005,17,2805,47,590,10,570,10,170,3,560,9,210,4,0,0,2790,47,3120,53,800,14,2745,46,2365,40
"E","East Midlands","31","Leicestershire","31UG","Melton",,,2345,380,16,990,42,305,13,255,11,85,4,210,9,120,5,0,0,1100,47,1245,53,310,13,1105,47,930,40
"E","East Midlands","31","Leicestershire","31UH","North West Leicestershire",,,6210,905,15,3135,50,735,12,620,10,155,2,475,8,185,3,0,0,3000,48,3210,52,795,13,2975,48,2440,39
"E","East Midlands","31","Leicestershire","31UJ","Oadby and Wigston",,,3110,570,18,1405,45,365,12,265,9,95,3,290,9,120,4,0,0,1425,46,1685,54,425,14,1515,49,1170,38
"E","East Midlands","32","Lincolnshire","32UB","Boston",,,5265,825,16,2795,53,605,11,395,8,165,3,360,7,120,2,0,0,2715,52,2550,48,725,14,2505,48,2035,39
"E","East Midlands","32","Lincolnshire","32UC","East Lindsey",,,14230,2115,15,7740,54,1170,8,1475,10,460,3,995,7,275,2,0,0,7665,54,6565,46,1640,12,6150,43,6440,45
"E","East Midlands","32","Lincolnshire","32UD","Lincoln",,,9375,1805,19,4510,48,1335,14,715,8,275,3,575,6,160,2,0,0,4815,51,4560,49,1575,17,5020,54,2780,30
"E","East Midlands","32","Lincolnshire","32UE","North Kesteven",,,5775,760,13,2965,51,490,8,610,11,165,3,595,10,190,3,0,0,2835,49,2940,51,670,12,2620,45,2480,43
"E","East Midlands","32","Lincolnshire","32UF","South Holland",,,5525,870,16,2860,52,595,11,475,9,155,3,405,7,165,3,0,0,2690,49,2835,51,675,12,2505,45,2345,42
"E","East Midlands","32","Lincolnshire","32UG","South Kesteven",,,7415,1220,16,3635,49,865,12,625,8,225,3,585,8,260,4,0,0,3575,48,3840,52,1005,14,3560,48,2850,38
"E","East Midlands","32","Lincolnshire","32UH","West Lindsey",,,6565,1200,18,3275,50,680,10,525,8,195,3,495,8,195,3,0,0,3360,51,3205,49,915,14,3120,48,2530,39
"E","East Midlands","34","Northamptonshire","34UB","Corby",,,5690,1085,19,2800,49,810,14,335,6,180,3,385,7,95,2,0,0,2765,49,2925,51,955,17,2900,51,1835,32
"E","East Midlands","34","Northamptonshire","34UC","Daventry",,,3915,685,17,1790,46,535,14,300,8,80,2,385,10,140,4,0,0,1765,45,2150,55,540,14,1955,50,1420,36
"E","East Midlands","34","Northamptonshire","34UD","East Northamptonshire",,,4835,880,18,2175,45,695,14,380,8,140,3,395,8,170,4,0,0,2250,47,2585,53,720,15,2430,50,1685,35
"E","East Midlands","34","Northamptonshire","34UE","Kettering",,,6195,1175,19,2925,47,790,13,480,8,170,3,485,8,170,3,0,0,2965,48,3230,52,945,15,3155,51,2095,34
"E","East Midlands","34","Northamptonshire","34UF","Northampton",,,16910,3550,21,7505,44,2845,17,1110,7,470,3,1070,6,360,2,0,0,8265,49,8645,51,2770,16,9145,54,4995,30
"E","East Midlands","34","Northamptonshire","34UG","South Northamptonshire",,,3205,450,14,1530,48,310,10,310,10,85,3,340,11,180,6,0,0,1480,46,1725,54,310,10,1505,47,1390,43
"E","East Midlands","34","Northamptonshire","34UH","Wellingborough",,,5905,1165,20,2625,44,975,17,415,7,160,3,405,7,160,3,0,0,2780,47,3125,53,935,16,3025,51,1945,33
"E","East Midlands","37","Nottinghamshire","37UB","Ashfield",,,12140,1755,14,6490,53,1520,13,1040,9,320,3,795,7,220,2,0,0,6180,51,5960,49,1645,14,5910,49,4585,38
"E","East Midlands","37","Nottinghamshire","37UC","Bassetlaw",,,10880,1370,13,6250,57,1145,11,870,8,255,2,755,7,235,2,0,0,5625,52,5255,48,1315,12,5225,48,4340,40
"E","East Midlands","37","Nottinghamshire","37UD","Broxtowe",,,7695,1280,17,4025,52,790,10,620,8,145,2,625,8,210,3,0,0,3880,50,3815,50,955,12,3540,46,3200,42
"E","East Midlands","37","Nottinghamshire","37UE","Gedling",,,8185,1260,15,4175,51,945,12,660,8,190,2,715,9,240,3,0,0,4100,50,4085,50,1005,12,3945,48,3235,40
"E","East Midlands","37","Nottinghamshire","37UF","Mansfield",,,12315,1635,13,6945,56,1415,11,1060,9,260,2,815,7,185,2,0,0,6460,52,5855,48,1730,14,6065,49,4520,37
"E","East Midlands","37","Nottinghamshire","37UG","Newark and Sherwood",,,9155,1200,13,4895,53,1115,12,850,9,225,2,675,7,195,2,0,0,4570,50,4585,50,1140,12,4435,48,3575,39
"E","East Midlands","37","Nottinghamshire","37UJ","Rushcliffe",,,4970,690,14,2530,51,475,10,405,8,145,3,495,10,230,5,0,0,2495,50,2475,50,535,11,2355,47,2080,42
"F","West Midlands",,,"00CN","Birmingham",,,133550,35360,26,53725,40,22590,17,8990,7,4325,3,6730,5,1830,1,0,0,68340,51,65210,49,22070,17,74420,56,37050,28
"F","West Midlands",,,"00CQ","Coventry",,,33680,7830,23,14805,44,5475,16,2010,6,980,3,2000,6,580,2,0,0,17160,51,16520,49,5485,16,17840,53,10355,31
"F","West Midlands",,,"00CR","Dudley",,,29625,6525,22,13000,44,3895,13,2505,8,1030,3,2000,7,670,2,0,0,15560,53,14065,47,4280,14,14520,49,10815,37
"F","West Midlands",,,"00CS","Sandwell",,,37645,8565,23,16165,43,5750,15,2915,8,1365,4,2215,6,670,2,0,0,19265,51,18380,49,5850,16,19215,51,12575,33
"F","West Midlands",,,"00CT","Solihull",,,14805,2615,18,6895,47,2265,15,1100,7,420,3,1090,7,420,3,0,0,7150,48,7655,52,2275,15,7315,49,5210,35
"F","West Midlands",,,"00CU","Walsall",,,29575,6525,22,13045,44,4385,15,2425,8,935,3,1730,6,530,2,0,0,15110,51,14465,49,4875,16,14715,50,9985,34
"F","West Midlands",,,"00CW","Wolverhampton",,,30810,7380,24,13165,43,5025,16,2215,7,1035,3,1500,5,490,2,0,0,15585,51,15225,49,4920,16,16100,52,9790,32
"F","West Midlands",,,"00GA","Herefordshire, County of",,,11510,1530,13,5785,50,1385,12,1040,9,425,4,985,9,360,3,0,0,5655,49,5855,51,1470,13,5675,49,4365,38
"F","West Midlands",,,"00GF","Telford and Wrekin",,,16360,2575,16,7790,48,2590,16,1420,9,425,3,1240,8,320,2,0,0,7650,47,8710,53,2500,15,8325,51,5535,34
"F","West Midlands",,,"00GL","Stoke-on-Trent",,,33095,5060,15,19040,58,3980,12,2080,6,810,2,1655,5,470,1,0,0,16985,51,16110,49,4750,14,16620,50,11715,35
"F","West Midlands","39","Shropshire","39UB","Bridgnorth",,,2975,460,15,1530,51,215,7,300,10,115,4,240,8,115,4,0,0,1555,52,1420,48,320,11,1240,42,1415,48
"F","West Midlands","39","Shropshire","39UC","North Shropshire",,,3870,565,15,2030,52,370,10,365,9,125,3,280,7,135,3,0,0,1965,51,1905,49,490,13,1810,47,1565,40
"F","West Midlands","39","Shropshire","39UD","Oswestry",,,2915,425,15,1550,53,310,11,225,8,90,3,245,8,70,2,0,0,1465,50,1450,50,410,14,1370,47,1135,39
"F","West Midlands","39","Shropshire","39UE","Shrewsbury and Atcham",,,6540,890,14,3425,52,695,11,525,8,155,2,620,9,230,4,0,0,3360,51,3180,49,885,14,3185,49,2470,38
"F","West Midlands","39","Shropshire","39UF","South Shropshire",,,2440,285,12,1315,54,230,9,235,10,100,4,190,8,85,3,0,0,1230,50,1210,50,245,10,1070,44,1125,46
"F","West Midlands","41","Staffordshire","41UB","Cannock Chase",,,8795,1375,16,4500,51,940,11,870,10,230,3,685,8,195,2,0,0,4390,50,4405,50,1230,14,4130,47,3435,39
"F","West Midlands","41","Staffordshire","41UC","East Staffordshire",,,7745,1130,15,3850,50,1040,13,655,8,260,3,595,8,215,3,0,0,3810,49,3935,51,1120,14,3980,51,2645,34
"F","West Midlands","41","Staffordshire","41UD","Lichfield",,,5995,795,13,3010,50,665,11,565,9,175,3,560,9,225,4,0,0,3010,50,2985,50,750,13,2810,47,2435,41
"F","West Midlands","41","Staffordshire","41UE","Newcastle-under-Lyme",,,10805,1435,13,6335,59,1030,10,820,8,270,2,675,6,240,2,0,0,5530,51,5275,49,1345,12,5090,47,4370,40
"F","West Midlands","41","Staffordshire","41UF","South Staffordshire",,,6220,1065,17,2910,47,635,10,590,9,190,3,555,9,275,4,0,0,3055,49,3165,51,750,12,2815,45,2650,43
"F","West Midlands","41","Staffordshire","41UG","Stafford",,,7900,1330,17,4125,52,735,9,625,8,175,2,700,9,210,3,0,0,4035,51,3865,49,1055,13,3760,48,3085,39
"F","West Midlands","41","Staffordshire","41UH","Staffordshire Moorlands",,,6970,730,10,4370,63,485,7,585,8,135,2,460,7,205,3,0,0,3530,51,3440,49,675,10,3020,43,3275,47
"F","West Midlands","41","Staffordshire","41UK","Tamworth",,,6560,1045,16,3055,47,910,14,585,9,185,3,610,9,170,3,0,0,3110,47,3450,53,960,15,3115,47,2485,38
"F","West Midlands","44","Warwickshire","44UB","North Warwickshire",,,4490,680,15,2210,49,470,10,470,10,110,2,415,9,135,3,0,0,2260,50,2230,50,525,12,2030,45,1935,43
"F","West Midlands","44","Warwickshire","44UC","Nuneaton and Bedworth",,,11415,2150,19,5415,47,1480,13,965,8,260,2,880,8,265,2,0,0,5720,50,5695,50,1595,14,5555,49,4260,37
"F","West Midlands","44","Warwickshire","44UD","Rugby",,,5835,1085,19,2670,46,795,14,445,8,165,3,480,8,195,3,0,0,2880,49,2955,51,830,14,2935,50,2070,35
"F","West Midlands","44","Warwickshire","44UE","Stratford-on-Avon",,,5510,890,16,2610,47,605,11,485,9,155,3,545,10,220,4,0,0,2645,48,2865,52,615,11,2695,49,2200,40
"F","West Midlands","44","Warwickshire","44UF","Warwick",,,7405,1480,20,3450,47,990,13,460,6,205,3,590,8,230,3,0,0,3710,50,3695,50,970,13,3905,53,2530,34
"F","West Midlands","47","Worcestershire","47UB","Bromsgrove",,,4690,745,16,2320,49,435,9,435,9,160,3,475,10,120,3,0,0,2370,51,2320,49,650,14,2150,46,1890,40
"F","West Midlands","47","Worcestershire","47UC","Malvern Hills",,,4365,545,12,2275,52,490,11,370,8,170,4,370,8,145,3,0,0,2130,49,2235,51,565,13,2115,48,1685,39
"F","West Midlands","47","Worcestershire","47UD","Redditch",,,6880,1225,18,3130,45,975,14,590,9,210,3,590,9,160,2,0,0,3270,48,3610,52,1070,16,3365,49,2445,36
"F","West Midlands","47","Worcestershire","47UE","Worcester",,,7625,1530,20,3455,45,1050,14,575,8,265,3,570,7,180,2,0,0,3755,49,3870,51,1220,16,3955,52,2450,32
"F","West Midlands","47","Worcestershire","47UF","Wychavon",,,6615,1125,17,3170,48,765,12,580,9,205,3,575,9,195,3,0,0,3205,48,3410,52,815,12,3230,49,2570,39
"F","West Midlands","47","Worcestershire","47UG","Wyre Forest",,,8150,1270,16,4130,51,1000,12,685,8,325,4,540,7,200,2,0,0,4100,50,4050,50,1155,14,3825,47,3170,39
"G","East of England",,,"00JA","Peterborough",,,15885,3195,20,6970,44,2785,18,1110,7,525,3,985,6,315,2,0,0,7510,47,8375,53,2745,17,8615,54,4525,28
"G","East of England",,,"00KA","Luton",,,17635,3840,22,7460,42,3230,18,1270,7,570,3,910,5,355,2,0,0,8510,48,9125,52,2645,15,9895,56,5095,29
"G","East of England",,,"00KF","Southend-on-Sea",,,15350,2965,19,7245,47,2565,17,955,6,550,4,785,5,285,2,0,0,7705,50,7645,50,2165,14,8395,55,4790,31
"G","East of England",,,"00KG","Thurrock",,,12400,2365,19,5300,43,2385,19,965,8,365,3,790,6,230,2,0,0,5630,45,6770,55,1995,16,6590,53,3810,31
"G","East of England","09","Bedfordshire","09UC","Mid Bedfordshire",,,5605,855,15,2570,46,755,13,515,9,170,3,530,9,210,4,0,0,2475,44,3130,56,640,11,2835,51,2130,38
"G","East of England","09","Bedfordshire","09UD","Bedford",,,11490,2210,19,5255,46,1900,17,760,7,360,3,650,6,355,3,0,0,5475,48,6015,52,1575,14,6365,55,3545,31
"G","East of England","09","Bedfordshire","09UE","South Bedfordshire",,,7275,1170,16,3150,43,1370,19,510,7,210,3,615,8,250,3,0,0,3310,45,3965,55,1140,16,3845,53,2290,31
"G","East of England","12","Cambridgeshire","12UB","Cambridge",,,6855,1365,20,3365,49,1040,15,315,5,200,3,455,7,115,2,0,0,3500,51,3355,49,1045,15,3930,57,1880,27
"G","East of England","12","Cambridgeshire","12UC","East Cambridgeshire",,,3830,610,16,1780,46,505,13,355,9,140,4,330,9,110,3,0,0,1770,46,2060,54,490,13,1900,50,1440,38
"G","East of England","12","Cambridgeshire","12UD","Fenland",,,7825,1145,15,3925,50,1050,13,705,9,300,4,530,7,170,2,0,0,3685,47,4140,53,1120,14,3795,48,2910,37
"G","East of England","12","Cambridgeshire","12UE","Huntingdonshire",,,8320,1270,15,3785,45,1045,13,825,10,250,3,825,10,320,4,0,0,3785,45,4535,55,1210,15,4195,50,2915,35
"G","East of England","12","Cambridgeshire","12UG","South Cambridgeshire",,,5515,775,14,2620,48,660,12,470,9,115,2,635,12,240,4,0,0,2545,46,2970,54,675,12,2920,53,1920,35
"G","East of England","22","Essex","22UB","Basildon",,,14775,2305,16,6680,45,2985,20,1120,8,405,3,950,6,330,2,0,0,6625,45,8150,55,2255,15,8075,55,4440,30
"G","East of England","22","Essex","22UC","Braintree",,,8605,1370,16,4105,48,1265,15,685,8,260,3,660,8,260,3,0,0,4035,47,4570,53,1140,13,4430,51,3030,35
"G","East of England","22","Essex","22UD","Brentwood",,,3420,355,10,1785,52,510,15,280,8,100,3,250,7,140,4,0,0,1555,45,1865,55,405,12,1765,52,1250,37
"G","East of England","22","Essex","22UE","Castle Point",,,5795,740,13,2790,48,875,15,550,9,215,4,445,8,180,3,0,0,2640,46,3155,54,735,13,2755,48,2305,40
"G","East of England","22","Essex","22UF","Chelmsford",,,8575,1475,17,3855,45,1290,15,670,8,210,2,785,9,290,3,0,0,3920,46,4655,54,1150,13,4560,53,2865,33
"G","East of England","22","Essex","22UG","Colchester",,,11430,1765,15,5595,49,1760,15,815,7,330,3,860,8,305,3,0,0,5380,47,6050,53,1720,15,6080,53,3630,32
"G","East of England","22","Essex","22UH","Epping Forest",,,7445,1235,17,3350,45,1275,17,490,7,285,4,555,7,255,3,0,0,3385,45,4060,55,845,11,4005,54,2595,35
"G","East of England","22","Essex","22UJ","Harlow",,,7220,1565,22,3060,42,1365,19,425,6,220,3,440,6,145,2,0,0,3250,45,3970,55,1220,17,3960,55,2040,28
"G","East of England","22","Essex","22UK","Maldon",,,3530,565,16,1675,47,415,12,330,9,100,3,310,9,135,4,0,0,1695,48,1835,52,430,12,1720,49,1380,39
"G","East of England","22","Essex","22UL","Rochford",,,4085,545,13,1970,48,515,13,380,9,125,3,395,10,155,4,0,0,1895,46,2190,54,480,12,1975,48,1630,40
"G","East of England","22","Essex","22UN","Tendring",,,13255,2270,17,6710,51,1760,13,1025,8,495,4,735,6,260,2,0,0,6825,51,6430,49,1695,13,6235,47,5325,40
"G","East of England","22","Essex","22UQ","Uttlesford",,,2730,370,14,1295,47,345,13,245,9,80,3,275,10,120,4,0,0,1295,47,1435,53,270,10,1390,51,1070,39
"G","East of England","26","Hertfordshire","26UB","Broxbourne",,,6160,955,16,2555,41,1325,22,500,8,215,3,435,7,175,3,0,0,2560,42,3600,58,875,14,3380,55,1905,31
"G","East of England","26","Hertfordshire","26UC","Dacorum",,,7970,1520,19,3460,43,1290,16,585,7,220,3,625,8,270,3,0,0,3685,46,4285,54,1110,14,4230,53,2630,33
"G","East of England","26","Hertfordshire","26UD","East Hertfordshire",,,5365,740,14,2575,48,715,13,450,8,145,3,495,9,245,5,0,0,2425,45,2940,55,675,13,2875,54,1815,34
"G","East of England","26","Hertfordshire","26UE","Hertsmere",,,5575,910,16,2510,45,1035,19,370,7,180,3,400,7,170,3,0,0,2515,45,3060,55,740,13,3000,54,1835,33
"G","East of England","26","Hertfordshire","26UF","North Hertfordshire",,,6320,1015,16,2795,44,1075,17,540,9,190,3,490,8,215,3,0,0,2865,45,3455,55,840,13,3330,53,2150,34
"G","East of England","26","Hertfordshire","26UG","St Albans",,,5840,750,13,2850,49,855,15,490,8,205,4,445,8,245,4,0,0,2680,46,3160,54,695,12,3185,55,1960,34
"G","East of England","26","Hertfordshire","26UH","Stevenage",,,6245,1100,18,2575,41,1250,20,500,8,175,3,505,8,140,2,0,0,2865,46,3380,54,1070,17,3580,57,1595,26
"G","East of England","26","Hertfordshire","26UJ","Three Rivers",,,4120,560,14,1900,46,715,17,305,7,130,3,365,9,145,4,0,0,1850,45,2270,55,545,13,2225,54,1350,33
"G","East of England","26","Hertfordshire","26UK","Watford",,,5465,940,17,2490,46,905,17,365,7,195,4,415,8,155,3,0,0,2635,48,2830,52,680,12,3130,57,1655,30
"G","East of England","26","Hertfordshire","26UL","Welwyn Hatfield",,,6240,980,16,2885,46,1090,17,460,7,200,3,445,7,180,3,0,0,2900,46,3340,54,975,16,3435,55,1830,29
"G","East of England","33","Norfolk","33UB","Breckland",,,8485,1455,17,4085,48,1020,12,805,9,245,3,665,8,210,2,0,0,4155,49,4330,51,1080,13,4170,49,3235,38
"G","East of England","33","Norfolk","33UC","Broadland",,,6605,880,13,3515,53,625,9,590,9,185,3,575,9,235,4,0,0,3280,50,3325,50,715,11,3215,49,2675,40
"G","East of England","33","Norfolk","33UD","Great Yarmouth",,,11395,2820,25,5180,45,1320,12,910,8,420,4,570,5,175,2,0,0,6020,53,5375,47,1820,16,5545,49,4030,35
"G","East of England","33","Norfolk","33UE","King's Lynn and West Norfolk",,,11735,1820,16,6150,52,1325,11,1090,9,380,3,775,7,195,2,0,0,5870,50,5865,50,1590,14,5570,47,4575,39
"G","East of England","33","Norfolk","33UF","North Norfolk",,,7305,1235,17,3840,53,710,10,585,8,295,4,465,6,175,2,0,0,3870,53,3435,47,925,13,3335,46,3045,42
"G","East of England","33","Norfolk","33UG","Norwich",,,13840,2820,20,6760,49,2130,15,855,6,390,3,730,5,155,1,0,0,7225,52,6615,48,2195,16,7735,56,3910,28
"G","East of England","33","Norfolk","33UH","South Norfolk",,,6260,965,15,3175,51,605,10,595,10,195,3,510,8,215,3,0,0,3080,49,3180,51,680,11,3030,48,2550,41
"G","East of England","42","Suffolk","42UB","Babergh",,,4475,660,15,2080,46,550,12,440,10,135,3,430,10,180,4,0,0,2130,48,2345,52,565,13,2180,49,1730,39
"G","East of England","42","Suffolk","42UC","Forest Heath",,,2805,435,16,1295,46,385,14,240,9,115,4,250,9,85,3,0,0,1325,47,1480,53,380,14,1380,49,1045,37
"G","East of England","42","Suffolk","42UD","Ipswich",,,11565,2425,21,4955,43,1820,16,945,8,440,4,785,7,195,2,0,0,5660,49,5905,51,1925,17,6230,54,3410,29
"G","East of England","42","Suffolk","42UE","Mid Suffolk",,,4360,635,15,2030,47,495,11,460,11,145,3,415,10,180,4,0,0,2005,46,2355,54,550,13,2030,47,1780,41
"G","East of England","42","Suffolk","42UF","St Edmundsbury",,,5870,1030,18,2720,46,725,12,500,9,200,3,505,9,190,3,0,0,2775,47,3095,53,860,15,3010,51,2000,34
"G","East of England","42","Suffolk","42UG","Suffolk Coastal",,,6280,840,13,3000,48,725,12,715,11,190,3,600,10,210,3,0,0,3030,48,3250,52,815,13,2925,47,2540,40
"G","East of England","42","Suffolk","42UH","Waveney",,,11255,2460,22,4935,44,1425,13,1050,9,410,4,795,7,180,2,0,0,5715,51,5540,49,1715,15,5495,49,4045,36
"H","London",,,"00AA","City of London",,,435,130,30,200,46,35,8,20,5,20,5,20,5,10,2,0,0,265,61,170,39,60,14,225,52,150,34
"H","London",,,"00AB","Barking and Dagenham",,,21535,4005,19,8425,39,5750,27,1290,6,725,3,1110,5,230,1,0,0,9095,42,12440,58,3570,17,12510,58,5450,25
"H","London",,,"00AC","Barnet",,,24595,4560,19,10310,42,5330,22,1465,6,995,4,1395,6,540,2,0,0,11010,45,13585,55,2970,12,14560,59,7060,29
"H","London",,,"00AD","Bexley",,,15970,2730,17,6680,42,3360,21,1125,7,530,3,1130,7,415,3,0,0,6965,44,9005,56,2310,14,8455,53,5205,33
"H","London",,,"00AE","Brent",,,30215,6990,23,12610,42,6280,21,1375,5,1340,4,1180,4,440,1,0,0,14565,48,15650,52,3805,13,18285,61,8110,27
"H","London",,,"00AF","Bromley",,,19470,3295,17,8420,43,4090,21,1235,6,610,3,1265,6,555,3,0,0,8825,45,10645,55,2730,14,10815,56,5925,30
"H","London",,,"00AG","Camden",,,23520,4770,20,11335,48,4305,18,1050,4,1020,4,835,4,205,1,0,0,11660,50,11860,50,2540,11,14555,62,6415,27
"H","London",,,"00AH","Croydon",,,30040,5710,19,12060,40,7445,25,1410,5,1165,4,1620,5,630,2,0,0,13235,44,16805,56,4535,15,17645,59,7860,26
"H","London",,,"00AJ","Ealing",,,28940,5820,20,12800,44,5920,20,1455,5,1115,4,1320,5,510,2,0,0,13550,47,15390,53,3445,12,16980,59,8515,29
"H","London",,,"00AK","Enfield",,,30015,6040,20,12205,41,7310,24,1370,5,1270,4,1310,4,510,2,0,0,13155,44,16860,56,4395,15,17940,60,7665,26
"H","London",,,"00AL","Greenwich",,,27240,5230,19,11280,41,6630,24,1445,5,1115,4,1205,4,335,1,0,0,12085,44,15155,56,4450,16,15805,58,6985,26
"H","London",,,"00AM","Hackney",,,32250,7580,24,13160,41,7565,23,1280,4,1530,5,950,3,185,1,0,0,15240,47,17010,53,4325,13,20045,62,7860,24
"H","London",,,"00AN","Hammersmith and Fulham",,,17930,3740,21,8120,45,3840,21,670,4,745,4,645,4,170,1,0,0,8590,48,9340,52,2170,12,10910,61,4830,27
"H","London",,,"00AP","Haringey",,,30480,7350,24,12160,40,7180,24,1090,4,1420,5,965,3,315,1,0,0,14245,47,16235,53,4220,14,19140,63,7100,23
"H","London",,,"00AQ","Harrow",,,15700,2685,17,6765,43,3045,19,1065,7,630,4,1045,7,465,3,0,0,6960,44,8740,56,1980,13,8925,57,4790,31
"H","London",,,"00AR","Havering",,,16600,2560,15,7430,45,3110,19,1305,8,520,3,1210,7,465,3,0,0,7385,44,9215,56,2215,13,8740,53,5645,34
"H","London",,,"00AS","Hillingdon",,,19620,3215,16,8245,42,4555,23,1205,6,785,4,1100,6,515,3,0,0,8375,43,11245,57,2915,15,11050,56,5655,29
"H","London",,,"00AT","Hounslow",,,19815,3270,17,8705,44,4425,22,1095,6,785,4,1110,6,425,2,0,0,8565,43,11250,57,2610,13,11280,57,5920,30
"H","London",,,"00AU","Islington",,,27020,5605,21,12230,45,5975,22,970,4,1170,4,890,3,180,1,0,0,12635,47,14385,53,3370,12,16825,62,6815,25
"H","London",,,"00AW","Kensington and Chelsea",,,12425,2435,20,6180,50,2165,17,455,4,615,5,435,4,140,1,0,0,6205,50,6220,50,1100,9,7495,60,3825,31
"H","London",,,"00AX","Kingston upon Thames",,,7840,1250,16,3635,46,1495,19,435,6,280,4,485,6,260,3,0,0,3635,46,4205,54,1015,13,4345,55,2475,32
"H","London",,,"00AY","Lambeth",,,34190,8280,24,13950,41,8170,24,980,3,1390,4,1130,3,290,1,0,0,16465,48,17725,52,4760,14,21275,62,8135,24
"H","London",,,"00AZ","Lewisham",,,30225,6550,22,12190,40,7525,25,1200,4,1250,4,1200,4,310,1,0,0,13965,46,16260,54,4565,15,18485,61,7175,24
"H","London",,,"00BA","Merton",,,12380,2655,21,5010,40,2545,21,710,6,480,4,700,6,280,2,0,0,5640,46,6740,54,1830,15,6860,55,3685,30
"H","London",,,"00BB","Newham",,,34435,7515,22,13265,39,8115,24,2070,6,1520,4,1575,5,375,1,0,0,15645,45,18790,55,4920,14,20905,61,8600,25
"H","London",,,"00BC","Redbridge",,,21705,4150,19,8985,41,4450,21,1525,7,850,4,1295,6,450,2,0,0,9625,44,12080,56,3005,14,12215,56,6485,30
"H","London",,,"00BD","Richmond upon Thames",,,8340,1390,17,3875,46,1430,17,435,5,320,4,585,7,305,4,0,0,3910,47,4430,53,950,11,4545,54,2845,34
"H","London",,,"00BE","Southwark",,,32695,7475,23,13665,42,7620,23,1245,4,1250,4,1150,4,290,1,0,0,15510,47,17185,53,4590,14,19985,61,8115,25
"H","London",,,"00BF","Sutton",,,11860,1955,16,5185,44,2410,20,800,7,350,3,790,7,370,3,0,0,5185,44,6675,56,1715,14,6615,56,3530,30
"H","London",,,"00BG","Tower Hamlets",,,30370,8185,27,11490,38,5905,19,1955,6,1600,5,945,3,290,1,0,0,15425,51,14945,49,4455,15,18560,61,7345,24
"H","London",,,"00BH","Waltham Forest",,,25865,6265,24,9880,38,5800,22,1345,5,1060,4,1195,5,320,1,0,0,12075,47,13790,53,3660,14,15405,60,6795,26
"H","London",,,"00BJ","Wandsworth",,,21745,4470,21,9610,44,4515,21,940,4,860,4,1005,5,345,2,0,0,10435,48,11310,52,2680,12,13060,60,5990,28
"H","London",,,"00BK","Westminster",,,20310,3820,19,10335,51,3305,16,1000,5,900,4,765,4,185,1,0,0,10375,51,9935,49,1985,10,12715,63,5605,28
"J","South East",,,"00LC","Medway",,,21265,4165,20,8690,41,3930,18,1765,8,665,3,1515,7,535,3,0,0,9800,46,11465,54,3390,16,11355,53,6520,31
"J","South East",,,"00MA","Bracknell Forest",,,5380,745,14,2525,47,935,17,415,8,155,3,410,8,195,4,0,0,2525,47,2855,53,735,14,3050,57,1595,30
"J","South East",,,"00MB","West Berkshire",,,6680,935,14,3105,46,1060,16,570,9,190,3,545,8,275,4,0,0,3035,45,3645,55,895,13,3580,54,2205,33
"J","South East",,,"00MC","Reading",,,10575,2120,20,4545,43,2180,21,590,6,355,3,555,5,230,2,0,0,5035,48,5540,52,1765,17,6060,57,2750,26
"J","South East",,,"00MD","Slough",,,10415,1995,19,4640,45,2080,20,605,6,360,3,480,5,255,2,0,0,4785,46,5630,54,1395,13,5880,56,3135,30
"J","South East",,,"00ME","Windsor and Maidenhead",,,5685,1000,18,2560,45,815,14,405,7,190,3,430,8,285,5,0,0,2725,48,2960,52,695,12,2955,52,2035,36
"J","South East",,,"00MF","Wokingham",,,5000,665,13,2320,46,645,13,445,9,120,2,535,11,270,5,0,0,2350,47,2650,53,670,13,2615,52,1715,34
"J","South East",,,"00MG","Milton Keynes",,,17365,3235,19,7620,44,3285,19,1020,6,575,3,1235,7,395,2,0,0,7870,45,9495,55,2640,15,9450,54,5275,30
"J","South East",,,"00ML","Brighton and Hove",,,24800,4820,19,12780,52,3570,14,1235,5,635,3,1390,6,370,1,0,0,13075,53,11725,47,3140,13,14545,59,7100,29
"J","South East",,,"00MR","Portsmouth",,,16900,2975,18,7665,45,3260,19,1035,6,700,4,935,6,330,2,0,0,8235,49,8665,51,2640,16,9200,54,5060,30
"J","South East",,,"00MS","Southampton",,,20170,3240,16,9525,47,3760,19,1270,6,705,3,1360,7,310,2,0,0,9875,49,10295,51,3185,16,10880,54,6100,30
"J","South East",,,"00MW","Isle of Wight",,,12505,2225,18,6175,49,1645,13,930,7,440,4,810,6,280,2,0,0,6545,52,5960,48,1800,14,5925,47,4780,38
"J","South East","11","Buckinghamshire","11UB","Aylesbury Vale",,,7740,1025,13,3650,47,1130,15,690,9,225,3,710,9,310,4,0,0,3485,45,4255,55,995,13,4095,53,2650,34
"J","South East","11","Buckinghamshire","11UC","Chiltern",,,3505,510,15,1690,48,440,13,280,8,100,3,305,9,180,5,0,0,1700,49,1805,51,425,12,1825,52,1255,36
"J","South East","11","Buckinghamshire","11UE","South Bucks",,,2415,310,13,1075,45,405,17,215,9,95,4,190,8,125,5,0,0,1030,43,1385,57,320,13,1205,50,890,37
"J","South East","11","Buckinghamshire","11UF","Wycombe",,,8075,1480,18,3380,42,1240,15,725,9,270,3,655,8,325,4,0,0,3815,47,4260,53,1115,14,4330,54,2630,33
"J","South East","21","East Sussex","21UC","Eastbourne",,,8310,1500,18,4225,51,1200,14,510,6,270,3,450,5,155,2,0,0,4165,50,4145,50,1155,14,4350,52,2805,34
"J","South East","21","East Sussex","21UD","Hastings",,,10775,1870,17,5530,51,1615,15,630,6,450,4,525,5,155,1,0,0,5630,52,5145,48,1630,15,5610,52,3535,33
"J","South East","21","East Sussex","21UF","Lewes",,,5800,830,14,2900,50,820,14,455,8,175,3,445,8,175,3,0,0,2850,49,2950,51,735,13,2840,49,2225,38
"J","South East","21","East Sussex","21UG","Rother",,,5955,795,13,3115,52,785,13,460,8,215,4,425,7,160,3,0,0,2880,48,3075,52,745,13,2780,47,2430,41
"J","South East","21","East Sussex","21UH","Wealden",,,6435,675,10,3400,53,765,12,560,9,205,3,545,8,285,4,0,0,2965,46,3470,54,730,11,3075,48,2630,41
"J","South East","24","Hampshire","24UB","Basingstoke and Deane",,,7870,1165,15,3665,47,1285,16,580,7,195,2,675,9,305,4,0,0,3445,44,4425,56,1195,15,4265,54,2405,31
"J","South East","24","Hampshire","24UC","East Hampshire",,,4830,615,13,2325,48,685,14,425,9,150,3,425,9,205,4,0,0,2240,46,2590,54,705,15,2500,52,1625,34
"J","South East","24","Hampshire","24UD","Eastleigh",,,6085,920,15,2870,47,810,13,485,8,150,2,640,11,210,3,0,0,2830,47,3255,53,840,14,3035,50,2210,36
"J","South East","24","Hampshire","24UE","Fareham",,,4570,635,14,2170,47,535,12,425,9,130,3,495,11,180,4,0,0,2200,48,2370,52,560,12,2310,51,1700,37
"J","South East","24","Hampshire","24UF","Gosport",,,5470,705,13,2570,47,960,18,460,8,165,3,450,8,160,3,0,0,2435,45,3035,55,850,16,2940,54,1680,31
"J","South East","24","Hampshire","24UG","Hart",,,2715,355,13,1220,45,335,12,255,9,65,2,335,12,150,6,0,0,1205,44,1510,56,340,13,1395,51,980,36
"J","South East","24","Hampshire","24UH","Havant",,,9290,1400,15,4200,45,1610,17,885,10,330,4,655,7,210,2,0,0,4410,47,4880,53,1400,15,4825,52,3065,33
"J","South East","24","Hampshire","24UJ","New Forest",,,8935,855,10,4530,51,1325,15,840,9,265,3,795,9,325,4,0,0,4205,47,4730,53,1205,13,4315,48,3410,38
"J","South East","24","Hampshire","24UL","Rushmoor",,,4980,770,15,2280,46,930,19,350,7,115,2,400,8,135,3,0,0,2220,45,2760,55,820,16,2770,56,1390,28
"J","South East","24","Hampshire","24UN","Test Valley",,,5210,590,11,2470,47,730,14,525,10,160,3,510,10,225,4,0,0,2320,45,2890,55,710,14,2630,50,1870,36
"J","South East","24","Hampshire","24UP","Winchester",,,4445,580,13,2235,50,515,12,375,8,150,3,385,9,205,5,0,0,2205,50,2240,50,550,12,2350,53,1545,35
"J","South East","29","Kent","29UB","Ashford",,,7160,1005,14,3360,47,1200,17,605,8,200,3,585,8,205,3,0,0,3310,46,3850,54,1095,15,3710,52,2355,33
"J","South East","29","Kent","29UC","Canterbury",,,9945,1505,15,4995,50,1335,13,845,8,280,3,730,7,255,3,0,0,4920,49,5025,51,1410,14,4910,49,3625,36
"J","South East","29","Kent","29UD","Dartford",,,6110,970,16,2710,44,1145,19,455,7,180,3,485,8,165,3,0,0,2785,46,3325,54,950,16,3270,54,1885,31
"J","South East","29","Kent","29UE","Dover",,,9370,1615,17,4635,49,1275,14,730,8,295,3,600,6,220,2,0,0,4870,52,4500,48,1295,14,4560,49,3515,38
"J","South East","29","Kent","29UG","Gravesham",,,7935,1590,20,3445,43,1285,16,650,8,260,3,490,6,215,3,0,0,3760,47,4175,53,1160,15,4210,53,2565,32
"J","South East","29","Kent","29UH","Maidstone",,,8680,1275,15,4070,47,1415,16,715,8,270,3,695,8,240,3,0,0,4035,46,4645,54,1175,14,4600,53,2905,33
"J","South East","29","Kent","29UK","Sevenoaks",,,5355,670,13,2525,47,845,16,485,9,165,3,470,9,195,4,0,0,2435,45,2920,55,675,13,2790,52,1890,35
"J","South East","29","Kent","29UL","Shepway",,,9255,1770,19,4445,48,1300,14,665,7,305,3,560,6,210,2,0,0,4785,52,4470,48,1280,14,4760,51,3210,35
"J","South East","29","Kent","29UM","Swale",,,11570,2030,18,5295,46,1920,17,945,8,400,3,735,6,245,2,0,0,5575,48,5995,52,1890,16,5850,51,3825,33
"J","South East","29","Kent","29UN","Thanet",,,14245,2580,18,6755,47,2080,15,1105,8,590,4,900,6,235,2,0,0,7445,52,6800,48,2100,15,7005,49,5140,36
"J","South East","29","Kent","29UP","Tonbridge and Malling",,,5705,750,13,2615,46,910,16,530,9,160,3,495,9,245,4,0,0,2645,46,3060,54,690,12,3020,53,1995,35
"J","South East","29","Kent","29UQ","Tunbridge Wells",,,5450,625,11,2710,50,875,16,395,7,200,4,445,8,200,4,0,0,2620,48,2830,52,730,13,2945,54,1775,33
"J","South East","38","Oxfordshire","38UB","Cherwell",,,6860,1015,15,3195,47,1070,16,520,8,210,3,615,9,235,3,0,0,3045,44,3815,56,970,14,3735,54,2155,31
"J","South East","38","Oxfordshire","38UC","Oxford",,,9575,1690,18,4475,47,1775,19,515,5,395,4,550,6,175,2,0,0,4770,50,4805,50,1565,16,5505,57,2500,26
"J","South East","38","Oxfordshire","38UD","South Oxfordshire",,,4940,680,14,2310,47,730,15,385,8,135,3,460,9,240,5,0,0,2295,46,2645,54,610,12,2570,52,1760,36
"J","South East","38","Oxfordshire","38UE","Vale of White Horse",,,4685,525,11,2290,49,620,13,415,9,125,3,505,11,205,4,0,0,2105,45,2580,55,650,14,2425,52,1610,34
"J","South East","38","Oxfordshire","38UF","West Oxfordshire",,,3800,430,11,1855,49,480,13,350,9,120,3,405,11,160,4,0,0,1765,46,2035,54,500,13,1925,51,1375,36
"J","South East","43","Surrey","43UB","Elmbridge",,,4735,605,13,2205,47,835,18,325,7,140,3,395,8,230,5,0,0,2160,46,2575,54,535,11,2605,55,1595,34
"J","South East","43","Surrey","43UC","Epsom and Ewell",,,3090,390,13,1530,50,435,14,245,8,80,3,285,9,125,4,0,0,1410,46,1680,54,370,12,1625,53,1085,35
"J","South East","43","Surrey","43UD","Guildford",,,5555,820,15,2670,48,855,15,375,7,150,3,465,8,220,4,0,0,2590,47,2965,53,765,14,3035,55,1755,32
"J","South East","43","Surrey","43UE","Mole Valley",,,3050,330,11,1565,51,345,11,250,8,75,2,335,11,150,5,0,0,1490,49,1560,51,295,10,1555,51,1200,39
"J","South East","43","Surrey","43UF","Reigate and Banstead",,,6035,695,12,3010,50,995,16,450,7,140,2,520,9,225,4,0,0,2775,46,3260,54,810,13,3210,53,2015,33
"J","South East","43","Surrey","43UG","Runnymede",,,3260,465,14,1530,47,525,16,225,7,95,3,305,9,115,4,0,0,1510,46,1750,54,375,12,1715,53,1170,36
"J","South East","43","Surrey","43UH","Spelthorne",,,4690,725,15,2100,45,845,18,360,8,135,3,370,8,155,3,0,0,2145,46,2545,54,585,12,2530,54,1570,33
"J","South East","43","Surrey","43UJ","Surrey Heath",,,2950,420,14,1295,44,455,15,270,9,90,3,270,9,150,5,0,0,1360,46,1590,54,405,14,1560,53,985,33
"J","South East","43","Surrey","43UK","Tandridge",,,3405,370,11,1695,50,520,15,290,9,65,2,315,9,150,4,0,0,1565,46,1840,54,470,14,1715,50,1220,36
"J","South East","43","Surrey","43UL","Waverley",,,4430,485,11,2275,51,590,13,325,7,110,2,435,10,210,5,0,0,2055,46,2375,54,510,12,2355,53,1565,35
"J","South East","43","Surrey","43UM","Woking",,,4400,670,15,2040,46,675,15,380,9,115,3,370,8,150,3,0,0,2015,46,2385,54,615,14,2415,55,1370,31
"J","South East","45","West Sussex","45UB","Adur",,,4125,530,13,2060,50,620,15,355,9,110,3,340,8,110,3,0,0,1905,46,2220,54,520,13,2095,51,1510,37
"J","South East","45","West Sussex","45UC","Arun",,,9595,1285,13,4950,52,1320,14,725,8,340,4,680,7,295,3,0,0,4775,50,4820,50,1130,12,4735,49,3730,39
"J","South East","45","West Sussex","45UD","Chichester",,,5395,785,15,2615,48,745,14,440,8,185,3,405,8,220,4,0,0,2650,49,2745,51,620,11,2690,50,2085,39
"J","South East","45","West Sussex","45UE","Crawley",,,6940,990,14,3275,47,1370,20,420,6,205,3,485,7,195,3,0,0,2990,43,3950,57,1030,15,3810,55,2100,30
"J","South East","45","West Sussex","45UF","Horsham",,,5245,785,15,2515,48,700,13,460,9,120,2,455,9,210,4,0,0,2460,47,2785,53,660,13,2695,51,1885,36
"J","South East","45","West Sussex","45UG","Mid Sussex",,,5200,615,12,2690,52,650,13,390,8,120,2,480,9,255,5,0,0,2430,47,2770,53,655,13,2700,52,1845,35
"J","South East","45","West Sussex","45UH","Worthing",,,7095,890,13,3910,55,955,13,420,6,220,3,485,7,215,3,0,0,3575,50,3520,50,920,13,3670,52,2505,35
"K","South West",,,"00HA","Bath and North East Somerset",,,9655,1130,12,5300,55,1330,14,640,7,265,3,730,8,260,3,0,0,4860,50,4795,50,1250,13,5265,55,3140,33
"K","South West",,,"00HB","Bristol, City of",,,40115,6200,15,21120,53,6680,17,2255,6,1045,3,2220,6,595,1,0,0,20335,51,19780,49,5800,14,23130,58,11185,28
"K","South West",,,"00HC","North Somerset",,,13820,1345,10,8255,60,1635,12,945,7,335,2,930,7,375,3,0,0,6970,50,6850,50,1600,12,7190,52,5030,36
"K","South West",,,"00HD","South Gloucestershire",,,13565,1625,12,6965,51,1925,14,1130,8,300,2,1195,9,425,3,0,0,6275,46,7290,54,1870,14,7055,52,4640,34
"K","South West",,,"00HG","Plymouth",,,26280,3760,14,14165,54,3295,13,1980,8,700,3,1955,7,425,2,0,0,13295,51,12985,49,3955,15,13715,52,8610,33
"K","South West",,,"00HH","Torbay",,,14515,2265,16,7635,53,1800,12,1155,8,490,3,925,6,245,2,0,0,7615,52,6900,48,1805,12,7330,50,5380,37
"K","South West",,,"00HN","Bournemouth",,,14715,1940,13,8665,59,1940,13,700,5,530,4,700,5,240,2,0,0,8005,54,6710,46,1625,11,8285,56,4800,33
"K","South West",,,"00HP","Poole",,,9030,990,11,4740,52,1425,16,680,8,350,4,610,7,235,3,0,0,4235,47,4795,53,1155,13,4700,52,3175,35
"K","South West",,,"00HX","Swindon",,,13805,2320,17,6510,47,2220,16,900,7,435,3,1070,8,350,3,0,0,6395,46,7410,54,2120,15,7415,54,4270,31
"K","South West","15","Cornwall and Isles of Scilly","15UB","Caradon",,,6165,755,12,3280,53,630,10,625,10,175,3,525,9,175,3,0,0,3015,49,3150,51,750,12,2825,46,2590,42
"K","South West","15","Cornwall and Isles of Scilly","15UC","Carrick",,,6875,950,14,3685,54,765,11,580,8,240,3,480,7,175,3,0,0,3545,52,3330,48,865,13,3355,49,2655,39
"K","South West","15","Cornwall and Isles of Scilly","15UD","Kerrier",,,9115,1010,11,5030,55,1030,11,835,9,330,4,685,8,195,2,0,0,4650,51,4465,49,1195,13,4310,47,3610,40
"K","South West","15","Cornwall and Isles of Scilly","15UE","North Cornwall",,,6555,855,13,3495,53,725,11,595,9,225,3,490,7,170,3,0,0,3240,49,3315,51,800,12,3100,47,2650,40
"K","South West","15","Cornwall and Isles of Scilly","15UF","Penwith",,,6815,1040,15,3685,54,705,10,565,8,240,4,435,6,145,2,0,0,3675,54,3140,46,810,12,3225,47,2780,41
"K","South West","15","Cornwall and Isles of Scilly","15UG","Restormel",,,9100,1370,15,4730,52,980,11,840,9,310,3,665,7,205,2,0,0,4705,52,4395,48,1250,14,4410,48,3435,38
"K","South West","15","Cornwall and Isles of Scilly","15UH","Isles of Scilly",,,55,10,18,25,45,5,9,5,9,0,0,5,9,5,9,0,0,25,45,30,55,5,9,20,36,30,55
"K","South West","18","Devon","18UB","East Devon",,,6975,735,11,3875,56,695,10,650,9,190,3,540,8,290,4,0,0,3490,50,3485,50,745,11,3285,47,2945,42
"K","South West","18","Devon","18UC","Exeter",,,8800,1210,14,4785,54,1105,13,575,7,270,3,670,8,185,2,0,0,4475,51,4325,49,1345,15,4725,54,2730,31
"K","South West","18","Devon","18UD","Mid Devon",,,4620,590,13,2430,53,495,11,415,9,145,3,375,8,170,4,0,0,2335,51,2285,49,635,14,2245,49,1740,38
"K","South West","18","Devon","18UE","North Devon",,,6960,930,13,3595,52,875,13,665,10,240,3,480,7,175,3,0,0,3560,51,3400,49,880,13,3385,49,2695,39
"K","South West","18","Devon","18UG","South Hams",,,5050,565,11,2765,55,565,11,445,9,130,3,410,8,170,3,0,0,2495,49,2555,51,580,11,2440,48,2030,40
"K","South West","18","Devon","18UH","Teignbridge",,,8360,950,11,4495,54,940,11,770,9,275,3,700,8,230,3,0,0,4200,50,4160,50,1015,12,3905,47,3435,41
"K","South West","18","Devon","18UK","Torridge",,,4900,820,17,2450,50,470,10,500,10,190,4,350,7,120,2,0,0,2535,52,2365,48,605,12,2235,46,2060,42
"K","South West","18","Devon","18UL","West Devon",,,3110,325,10,1750,56,285,9,285,9,115,4,250,8,100,3,0,0,1545,50,1565,50,365,12,1450,47,1295,42
"K","South West","19","Dorset","19UC","Christchurch",,,2770,300,11,1455,53,360,13,260,9,90,3,220,8,85,3,0,0,1305,47,1465,53,320,12,1375,50,1075,39
"K","South West","19","Dorset","19UD","East Dorset",,,3725,320,9,1900,51,445,12,390,10,155,4,365,10,150,4,0,0,1700,46,2025,54,405,11,1705,46,1610,43
"K","South West","19","Dorset","19UE","North Dorset",,,3160,245,8,1700,54,410,13,315,10,115,4,275,9,100,3,0,0,1460,46,1700,54,370,12,1560,49,1230,39
"K","South West","19","Dorset","19UG","Purbeck",,,2305,190,8,1235,54,300,13,180,8,85,4,220,10,95,4,0,0,1105,48,1200,52,205,9,1145,50,955,41
"K","South West","19","Dorset","19UH","West Dorset",,,5495,525,10,3115,57,590,11,455,8,145,3,445,8,220,4,0,0,2695,49,2800,51,570,10,2660,48,2265,41
"K","South West","19","Dorset","19UJ","Weymouth and Portland",,,6205,875,14,3415,55,740,12,415,7,210,3,410,7,140,2,0,0,3280,53,2925,47,975,16,3060,49,2170,35
"K","South West","23","Gloucestershire","23UB","Cheltenham",,,7475,1515,20,3605,48,1100,15,435,6,225,3,420,6,175,2,0,0,3780,51,3695,49,1225,16,3940,53,2310,31
"K","South West","23","Gloucestershire","23UC","Cotswold",,,3450,465,13,1725,50,420,12,275,8,110,3,300,9,155,4,0,0,1620,47,1830,53,425,12,1710,50,1315,38
"K","South West","23","Gloucestershire","23UD","Forest of Dean",,,5725,875,15,2960,52,610,11,495,9,200,3,395,7,190,3,0,0,2820,49,2905,51,705,12,2765,48,2255,39
"K","South West","23","Gloucestershire","23UE","Gloucester",,,9565,1550,16,4785,50,1530,16,600,6,280,3,630,7,190,2,0,0,4785,50,4780,50,1500,16,5100,53,2965,31
"K","South West","23","Gloucestershire","23UF","Stroud",,,5965,735,12,3180,53,760,13,440,7,220,4,445,7,185,3,0,0,2850,48,3115,52,785,13,3000,50,2180,37
"K","South West","23","Gloucestershire","23UG","Tewkesbury",,,4085,585,14,1915,47,565,14,345,8,130,3,370,9,175,4,0,0,1905,47,2180,53,540,13,2050,50,1495,37
"K","South West","40","Somerset","40UB","Mendip",,,6715,775,12,3580,53,845,13,515,8,230,3,590,9,180,3,0,0,3280,49,3435,51,850,13,3475,52,2385,36
"K","South West","40","Somerset","40UC","Sedgemoor",,,8350,1065,13,4505,54,985,12,670,8,285,3,645,8,195,2,0,0,4215,50,4135,50,1160,14,4005,48,3185,38
"K","South West","40","Somerset","40UD","South Somerset",,,8905,950,11,4805,54,955,11,800,9,285,3,820,9,290,3,0,0,4400,49,4505,51,1170,13,4275,48,3455,39
"K","South West","40","Somerset","40UE","Taunton Deane",,,7185,745,10,4075,57,910,13,530,7,200,3,535,7,190,3,0,0,3565,50,3620,50,975,14,3635,51,2575,36
"K","South West","40","Somerset","40UF","West Somerset",,,2635,310,12,1480,56,295,11,210,8,105,4,190,7,45,2,0,0,1315,50,1320,50,350,13,1170,44,1115,42
"K","South West","46","Wiltshire","46UB","Kennet",,,3590,385,11,1825,51,515,14,330,9,115,3,280,8,140,4,0,0,1590,44,2000,56,400,11,1905,53,1285,36
"K","South West","46","Wiltshire","46UC","North Wiltshire",,,6415,770,12,3115,49,905,14,605,9,210,3,585,9,225,4,0,0,2925,46,3490,54,860,13,3295,51,2255,35
"K","South West","46","Wiltshire","46UD","Salisbury",,,5730,605,11,3120,54,735,13,410,7,165,3,465,8,230,4,0,0,2695,47,3035,53,745,13,3005,52,1975,34
"K","South West","46","Wiltshire","46UF","West Wiltshire",,,7145,925,13,3600,50,1025,14,570,8,255,4,545,8,225,3,0,0,3365,47,3780,53,1040,15,3710,52,2395,34
,,,,"00NA","Isle of Anglesey",,,7405,1310,18,3880,52,770,10,600,8,220,3,485,7,140,2,0,0,4030,54,3375,46,940,13,3345,45,3120,42
,,,,"00NC","Gwynedd",,,10820,1760,16,5840,54,1135,10,825,8,330,3,670,6,260,2,0,0,5930,55,4890,45,1395,13,4915,45,4510,42
,,,,"00NE","Conwy",,,11110,1590,14,6265,56,1110,10,855,8,325,3,700,6,265,2,0,0,5930,53,5180,47,1385,12,5145,46,4580,41
,,,,"00NG","Denbighshire",,,10265,1435,14,5840,57,1065,10,810,8,275,3,650,6,190,2,0,0,5380,52,4885,48,1300,13,4810,47,4150,40
,,,,"00NJ","Flintshire",,,13120,1785,14,7010,53,1540,12,1155,9,315,2,1020,8,295,2,0,0,6310,48,6810,52,1610,12,6255,48,5255,40
,,,,"00NL","Wrexham",,,13630,1655,12,7705,57,1485,11,1265,9,305,2,965,7,250,2,0,0,6855,50,6775,50,1885,14,6410,47,5335,39
,,,,"00NN","Powys",,,10075,1270,13,5620,56,950,9,840,8,310,3,810,8,275,3,0,0,5110,51,4965,49,1070,11,4505,45,4500,45
,,,,"00NQ","Ceredigion",,,6285,635,10,3870,62,560,9,485,8,165,3,445,7,125,2,0,0,3330,53,2955,47,715,11,2840,45,2730,43
,,,,"00NS","Pembrokeshire",,,11650,1280,11,6600,57,1305,11,1055,9,325,3,835,7,250,2,0,0,5815,50,5835,50,1445,12,5395,46,4810,41
,,,,"00NU","Carmarthenshire",,,21375,2480,12,13290,62,1770,8,1690,8,495,2,1295,6,355,2,0,0,10920,51,10455,49,2415,11,9680,45,9280,43
,,,,"00NX","Swansea",,,27510,3330,12,16085,58,3280,12,1910,7,720,3,1765,6,420,2,0,0,13865,50,13645,50,3540,13,13560,49,10410,38
,,,,"00NZ","Neath Port Talbot",,,21360,2275,11,12950,61,2180,10,1790,8,500,2,1400,7,265,1,0,0,10570,49,10790,51,2595,12,10275,48,8490,40
,,,,"00PB","Bridgend",,,17450,1925,11,10635,61,1870,11,1240,7,330,2,1185,7,265,2,0,0,8660,50,8790,50,2235,13,8355,48,6860,39
,,,,"00PD","The Vale of Glamorgan",,,11210,1650,15,5895,53,1460,13,810,7,330,3,800,7,265,2,0,0,5590,50,5620,50,1595,14,5480,49,4135,37
,,,,"00PF","Rhondda, Cynon, Taff",,,34900,3805,11,21985,63,3955,11,2125,6,635,2,1960,6,435,1,0,0,17450,50,17450,50,4805,14,16485,47,13610,39
,,,,"00PH","Merthyr Tydfil",,,9895,1270,13,6095,62,1180,12,550,6,145,1,545,6,110,1,0,0,4980,50,4915,50,1305,13,4685,47,3905,39
,,,,"00PK","Caerphilly",,,25550,3075,12,15665,61,2685,11,1790,7,440,2,1560,6,335,1,0,0,12895,50,12655,50,3370,13,11965,47,10215,40
,,,,"00PL","Blaenau Gwent",,,12010,1905,16,7255,60,1210,10,745,6,170,1,605,5,120,1,0,0,6315,53,5695,47,1710,14,5640,47,4660,39
,,,,"00PM","Torfaen",,,11560,1490,13,6540,57,1420,12,885,8,255,2,785,7,185,2,0,0,5850,51,5710,49,1655,14,5455,47,4450,38
,,,,"00PP","Monmouthshire",,,6450,770,12,3560,55,620,10,590,9,170,3,560,9,180,3,0,0,3210,50,3240,50,750,12,3015,47,2685,42
,,,,"00PR","Newport",,,16475,2740,17,8330,51,2565,16,1150,7,445,3,980,6,265,2,0,0,8205,50,8270,50,2480,15,8480,51,5515,33
,,,,"00PT","Cardiff",,,33370,4760,14,17895,54,5055,15,2120,6,910,3,2110,6,520,2,0,0,16710,50,16660,50,4915,15,17665,53,10790,32
,,,,"100","Aberdeen City",,,17210,1995,12,10720,62,1985,12,760,4,365,2,925,5,460,3,0,0,8800,51,8410,49,2190,13,9175,53,5845,34
,,,,"110","Aberdeenshire",,,14050,1360,10,8230,59,1285,9,1160,8,265,2,1150,8,600,4,0,0,6575,47,7475,53,1570,11,6855,49,5620,40
,,,,"120","Angus",,,9115,1625,18,4675,51,950,10,720,8,260,3,600,7,285,3,0,0,4580,50,4535,50,1295,14,4395,48,3420,38
,,,,"130","Argyll & Bute",,,7490,1375,18,3880,52,690,9,540,7,260,3,515,7,230,3,0,0,3845,51,3645,49,870,12,3420,46,3200,43
,,,,"150","Clackmannanshire",,,6105,915,15,3520,58,745,12,385,6,140,2,280,5,120,2,0,0,2935,48,3170,52,845,14,3125,51,2135,35
,,,,"170","Dumfries & Galloway",,,14035,2255,16,7385,53,1350,10,1290,9,510,4,895,6,350,2,0,0,7255,52,6780,48,1755,13,6505,46,5775,41
,,,,"180","Dundee City",,,19090,3615,19,10400,54,2420,13,1005,5,535,3,825,4,290,2,0,0,9970,52,9120,48,2860,15,9960,52,6270,33
,,,,"190","East Ayrshire",,,15185,2910,19,7700,51,1875,12,1190,8,470,3,730,5,310,2,0,0,7770,51,7415,49,2095,14,7555,50,5535,36
,,,,"200","East Dunbartonshire",,,6905,980,14,3825,55,610,9,480,7,180,3,575,8,255,4,0,0,3355,49,3550,51,760,11,3375,49,2770,40
,,,,"210","East Lothian",,,7340,780,11,4310,59,805,11,545,7,195,3,520,7,185,3,0,0,3625,49,3715,51,955,13,3550,48,2835,39
,,,,"220","East Renfrewshire",,,5855,760,13,3275,56,555,9,430,7,125,2,495,8,215,4,0,0,2830,48,3025,52,655,11,2880,49,2320,40
,,,,"230","Edinburgh, City of",,,39525,6415,16,21935,55,5000,13,2090,5,1035,3,2260,6,790,2,0,0,20805,53,18720,47,5280,13,22100,56,12135,31
,,,,"235","Eilean Siar",,,2540,535,21,1265,50,150,6,175,7,140,6,170,7,105,4,0,0,1545,61,995,39,195,8,1120,44,1225,48
,,,,"240","Falkirk",,,15430,2365,15,8785,57,1625,11,1050,7,365,2,905,6,335,2,0,0,7580,49,7850,51,1895,12,7565,49,5970,39
,,,,"250","Fife",,,37520,7060,19,19835,53,4365,12,2470,7,950,3,2020,5,820,2,0,0,19080,51,18440,49,5175,14,18935,50,13410,36
,,,,"260","Glasgow City",,,98620,15180,15,56640,57,13530,14,5315,5,2955,3,3950,4,1050,1,0,0,51745,52,46875,48,11830,12,55415,56,31375,32
,,,,"270","Highland",,,18950,2835,15,10240,54,1910,10,1530,8,565,3,1300,7,570,3,0,0,9630,51,9320,49,2270,12,9225,49,7455,39
,,,,"280","Inverclyde",,,12180,2265,19,6755,55,1460,12,660,5,320,3,495,4,225,2,0,0,6710,55,5470,45,1615,13,6150,50,4415,36
,,,,"290","Midlothian",,,7465,960,13,4125,55,860,12,590,8,170,2,565,8,195,3,0,0,3650,49,3815,51,1025,14,3590,48,2845,38
,,,,"300","Moray",,,6675,1175,18,3455,52,640,10,530,8,155,2,480,7,240,4,0,0,3265,49,3410,51,925,14,3150,47,2600,39
,,,,"310","North Ayrshire",,,17960,3825,21,8885,49,2325,13,1135,6,570,3,840,5,380,2,0,0,9075,51,8885,49,2520,14,9025,50,6415,36
,,,,"320","North Lanarkshire",,,43285,6040,14,25165,58,5040,12,2785,6,1170,3,2270,5,815,2,0,0,21295,49,21990,51,5160,12,21995,51,16120,37
,,,,"330","Orkney Islands",,,1275,160,13,715,56,80,6,125,10,50,4,105,8,40,3,0,0,680,53,595,47,125,10,550,43,600,47
,,,,"340","Perth & Kinross",,,9790,1470,15,5290,54,995,10,730,7,255,3,740,8,310,3,0,0,4915,50,4875,50,1235,13,4785,49,3770,39
,,,,"350","Renfrewshire",,,19940,3030,15,11170,56,2405,12,1060,5,600,3,1205,6,470,2,0,0,10170,51,9770,49,2685,13,10155,51,7100,36
,,,,"355","Scottish Borders",,,7905,1125,14,4460,56,660,8,580,7,255,3,565,7,260,3,0,0,4125,52,3780,48,985,12,3840,49,3080,39
,,,,"360","Shetland Islands",,,1395,220,16,755,54,135,10,75,5,50,4,105,8,55,4,0,0,750,54,645,46,160,11,685,49,550,39
,,,,"370","South Ayrshire",,,11490,2030,18,6055,53,1150,10,895,8,420,4,635,6,305,3,0,0,6015,52,5475,48,1410,12,5570,48,4505,39
,,,,"380","South Lanarkshire",,,34165,4705,14,19885,58,3590,11,2375,7,845,2,1960,6,805,2,0,0,16895,49,17270,51,4025,12,17085,50,13055,38
,,,,"390","Stirling",,,7055,1035,15,4000,57,705,10,490,7,180,3,430,6,215,3,0,0,3520,50,3535,50,830,12,3575,51,2650,38
,,,,"395","West Dunbartonshire",,,13460,2510,19,7060,52,1790,13,805,6,335,2,750,6,210,2,0,0,6960,52,6500,48,1875,14,6910,51,4675,35
,,,,"400","West Lothian",,,17395,2585,15,9560,55,2150,12,1130,6,335,2,1210,7,425,2,0,0,8265,48,9130,52,2535,15,8935,51,5925,34