DATASET_TITLE,Household Composition - Households (UV65),,,,,,,,,,FROM,Apr-2001,Apr-2001,Apr-2001,Apr-2001,Apr-2001,Apr-2001,Apr-2001,Apr-2001,Apr-2001,Apr-2001,Apr-2001,Apr-2001,Apr-2001,Apr-2001,Apr-2001,Apr-2001,Apr-2001,Apr-2001,Apr-2001,Apr-2001,Apr-2001,Apr-2001,Apr-2001,Apr-2001,Apr-2001,Apr-2001
AREA_TYPE,Region,,,,,,,,,,TO,Apr-2001,Apr-2001,Apr-2001,Apr-2001,Apr-2001,Apr-2001,Apr-2001,Apr-2001,Apr-2001,Apr-2001,Apr-2001,Apr-2001,Apr-2001,Apr-2001,Apr-2001,Apr-2001,Apr-2001,Apr-2001,Apr-2001,Apr-2001,Apr-2001,Apr-2001,Apr-2001,Apr-2001,Apr-2001,Apr-2001
GEO_HIERARCHY,2003 Administrative Hierarchy,,,,,,,,,,HEADING,All Households,One person,One person: Pensioner,One person: Other,One family and no others,One family and no others: All pensioners,One family and no others: Married couple households,One family and no others: Married couple households: No children,One family and no others: Married couple households: With one dependent child,One family and no others: Married couple households: With two or more dependent children,One family and no others: Married couple households: All children non-dependent,One family and no others: Cohabiting couple family households,One family and no others: Cohabiting couple family households: No children,One family and no others: Cohabiting couple family households: With one dependent child,One family and no others: Cohabiting couple family households: With two or more dependent children,One family and no others: Cohabiting couple family households: All children non-dependent,One family and no others: Lone parent households,One family and no others: Lone parent households: With one dependent child,One family and no others: Lone parent households: With two or more dependent children,One family and no others: Lone parent households: All children non-dependent,Other households,Other households: With one dependent child,Other households: With two or more dependent children,Other households: All student,Other households: All pensioner,Other households: Other
,,,,,,,,,,,MEASUREMENT_UNIT,Count,Count,Count,Count,Count,Count,Count,Count,Count,Count,Count,Count,Count,Count,Count,Count,Count,Count,Count,Count,Count,Count,Count,Count,Count,Count
,,,,,,,,,,,STATISTICAL_UNIT,Households,Households,Households,Households,Households,Households,Households,Households,Households,Households,Households,Households,Households,Households,Households,Households,Households,Households,Households,Households,Households,Households,Households,Households,Households,Households
UK_CODE,UK_NAME,GB_CODE,GB_NAME,EW_CODE,EW_NAME,CTRY_CODE,CTRY_NAME,GOR_CODE,GOR_NAME,AREA_METADATA,,DATA_VALUE,DATA_VALUE,DATA_VALUE,DATA_VALUE,DATA_VALUE,DATA_VALUE,DATA_VALUE,DATA_VALUE,DATA_VALUE,DATA_VALUE,DATA_VALUE,DATA_VALUE,DATA_VALUE,DATA_VALUE,DATA_VALUE,DATA_VALUE,DATA_VALUE,DATA_VALUE,DATA_VALUE,DATA_VALUE,DATA_VALUE,DATA_VALUE,DATA_VALUE,DATA_VALUE,DATA_VALUE,DATA_VALUE
"213","United Kingdom","078","Great Britain","727","England and Wales","064","England",,,,,20451427,6150264,2939465,3210799,12931601,1826453,7465966,2656440,1291370,2299965,1218191,1704304,976879,323725,337348,66352,1934878,684327,627647,622904,1369562,217984,240385,79143,82384,749666
"213","United Kingdom","078","Great Britain","727","England and Wales","220","Wales",,,,,1209048,352348,186875,165473,784388,116284,449349,158718,78496,132872,79263,90147,46019,19906,20573,3649,128608,46198,41767,40643,72312,13034,12664,5134,6401,35079
"213","United Kingdom","078","Great Britain","727","England and Wales",,,,,,,21660475,6502612,3126340,3376272,13715989,1942737,7915315,2815158,1369866,2432837,1297454,1794451,1022898,343631,357921,70001,2063486,730525,669414,663547,1441874,231018,253049,84277,88785,784745
"213","United Kingdom","078","Great Britain","727","England and Wales","064","England","A","North East",,,1066292,327734,166717,161017,684885,94448,392552,138743,72869,107738,73202,83167,41147,19312,19009,3699,114718,42514,35857,36347,53673,10522,9984,4415,4373,24379
"213","United Kingdom","078","Great Britain","727","England and Wales","064","England","B","North West",,,2812789,870234,423623,446611,1782686,238711,1009116,345657,178350,302627,182482,221512,115123,47752,49118,9519,313347,112331,103279,97737,159869,30542,32186,9137,11378,76626
"213","United Kingdom","078","Great Britain","727","England and Wales","064","England","D","Yorkshire and The Humber",,,2064748,609134,305925,303209,1337451,190325,772161,285531,133129,228074,125427,179893,96467,37063,38985,7378,195072,70868,64879,59325,118163,20313,24390,11398,7366,54696
"213","United Kingdom","078","Great Britain","727","England and Wales","064","England","E","East Midlands",,,1732482,489098,241226,247872,1150198,167423,676664,255413,114093,200538,106620,153121,85337,30402,31448,5934,152990,54521,50844,47625,93186,15093,16609,8382,6013,47089
"213","United Kingdom","078","Great Britain","727","England and Wales","064","England","F","West Midlands",,,2153672,620770,308744,312026,1403027,195281,820177,285328,144117,247933,142799,171024,91480,35547,36926,7071,216545,75111,69797,71637,129875,23832,28472,8058,8376,61137
"213","United Kingdom","078","Great Britain","727","England and Wales","064","England","G","East of England",,,2231974,631128,315565,315563,1484270,227066,882370,321895,145440,277557,137478,196001,114120,36012,38157,7712,178833,60758,57323,60752,116576,18452,20302,3951,8847,65024
"213","United Kingdom","078","Great Britain","727","England and Wales","064","England","H","London",,,3015997,1046888,382086,664802,1602052,161931,859862,255565,163062,294929,146306,244295,160592,36955,38597,8151,335964,122098,107208,106658,367057,51242,58820,14034,11249,231712
"213","United Kingdom","078","Great Britain","727","England and Wales","064","England","J","South East",,,3287489,937468,473161,464307,2141419,320054,1277596,463165,216255,407388,190788,283754,171689,49480,51974,10611,260015,87365,84184,88466,208602,30386,32261,11656,14244,120055
"213","United Kingdom","078","Great Britain","727","England and Wales","064","England","K","South West",,,2085984,617810,322418,295392,1345613,231214,775468,305143,124055,233181,113089,171537,100924,31202,33134,6277,167394,58761,54276,54357,122561,17602,17361,8112,10538,68948