DATASET_TITLE,"GCE/VCE/Applied A/AS and Equivalent Examination Results (Level 3) for Young People by Ethnic Group in England (Referenced by Location of Student Residence), 2006/2007",,,,,,,,,,FROM,Sep-2006,Sep-2006,Sep-2006,Sep-2006,Sep-2006,Sep-2006,Sep-2006,Sep-2006,Sep-2006,Sep-2006,Sep-2006,Sep-2006,Sep-2006,Sep-2006,Sep-2006,Sep-2006,Sep-2006,Sep-2006,Sep-2006,Sep-2006,Sep-2006,Sep-2006,Sep-2006,Sep-2006
AREA_TYPE,Region,,,,,,,,,,TO,Aug-2007,Aug-2007,Aug-2007,Aug-2007,Aug-2007,Aug-2007,Aug-2007,Aug-2007,Aug-2007,Aug-2007,Aug-2007,Aug-2007,Aug-2007,Aug-2007,Aug-2007,Aug-2007,Aug-2007,Aug-2007,Aug-2007,Aug-2007,Aug-2007,Aug-2007,Aug-2007,Aug-2007
GEO_HIERARCHY,NeSS Geography Hierarchy,,,,,,,,,,HEADING,16-18 Year Old Students Entered for Level 3 Qualifications; Total,Average Level 3 QCA Point Score Per Student,Average Level 3 QCA Point Score Per Entry; All Students,16-18 Year Old Students of White Origin Entered for Level 3 Qualifications; Total,Average Level 3 QCA Point Score Per Student of White Origin,Average Level 3 QCA Point Score Per Entry; All Students of White Origin,16-18 Year Old Students of Mixed Origin Entered for Level 3 Qualifications; Total,Average Level 3 QCA Point Score Per Student of Mixed Origin,Average Level 3 QCA Point Score Per Entry; All Students of Mixed Origin,16-18 Year Old Students of Asian Origin Entered for Level 3 Qualifications; Total,Average Level 3 QCA Point Score Per Student of Asian Origin,Average Level 3 QCA Point Score Per Entry; All Students of Asian Origin,16-18 Year Old Students of Black Origin Entered for Level 3 Qualifications; Total,Average Level 3 QCA Point Score Per Student of Black Origin,Average Level 3 QCA Point Score Per Entry; All Students of Black Origin,16-18 Year Old Students of Chinese Origin Entered for Level 3 Qualifications; Total,Average Level 3 QCA Point Score Per Student of Chinese Origin,Average Level 3 QCA Point Score Per Entry; All Students of Chinese Origin,16-18 Year Old Students of Other Ethnic Origin Entered for Level 3 Qualifications; Total,Average Level 3 QCA Point Score Per Student of Other Ethnic Origin,Average Level 3 QCA Point Score Per Entry; All Students of Other Ethnic Origin,16-18 Year Old Students of Unclassified Origin Entered for Level 3 Qualifications; Total,Average Level 3 QCA Point Score Per Student of Unclassified Origin,Average Level 3 QCA Point Score Per Entry; All Students of Unclassified Origin
,,,,,,,,,,,MEASUREMENT_UNIT,Count,Score,Score,Count,Score,Score,Count,Score,Score,Count,Score,Score,Count,Score,Score,Count,Score,Score,Count,Score,Score,Count,Score,Score
,,,,,,,,,,,STATISTICAL_UNIT,Persons,Persons,Persons,Persons,Persons,Persons,Persons,Persons,Persons,Persons,Persons,Persons,Persons,Persons,Persons,Persons,Persons,Persons,Persons,Persons,Persons,Persons,Persons,Persons
UK_CODE,UK_NAME,GB_CODE,GB_NAME,EW_CODE,EW_NAME,CTRY_CODE,CTRY_NAME,GOR_CODE,GOR_NAME,AREA_METADATA,,DATA_VALUE,DATA_VALUE,DATA_VALUE,DATA_VALUE,DATA_VALUE,DATA_VALUE,DATA_VALUE,DATA_VALUE,DATA_VALUE,DATA_VALUE,DATA_VALUE,DATA_VALUE,DATA_VALUE,DATA_VALUE,DATA_VALUE,DATA_VALUE,DATA_VALUE,DATA_VALUE,DATA_VALUE,DATA_VALUE,DATA_VALUE,DATA_VALUE,DATA_VALUE,DATA_VALUE
"213","United Kingdom","078","Great Britain","727","England and Wales","064","England",,,,,282120,712.1,203.6,225972,722.2,204.4,6883,708.3,205.7,22748,665.3,197.1,10403,609.3,193.9,2299,830.9,216.5,2823,682.8,201.6,10992,683.1,203.3
"213","United Kingdom","078","Great Britain","727","England and Wales","064","England","A","North East",,,12721,689.5,199.2,11870,690.4,199,88,751.1,205.4,291,666.2,194.2,45,657.6,192.2,70,796.6,215.9,44,728.6,217.5,313,635.3,201
"213","United Kingdom","078","Great Britain","727","England and Wales","064","England","B","North West",,,38909,726,203.5,34062,731.7,203.7,646,720.3,207.3,2541,666.7,198.4,487,665.7,201.4,301,817.7,212.5,206,734.1,208.2,666,667,203.5
"213","United Kingdom","078","Great Britain","727","England and Wales","064","England","D","Yorkshire and The Humber",,,26623,723.4,199.9,23169,733.8,201.3,393,703.4,195.4,2043,618.9,182.6,368,647,187.7,197,857.8,216.2,123,746.6,204.6,330,664.2,201.3
"213","United Kingdom","078","Great Britain","727","England and Wales","064","England","E","East Midlands",,,23295,713.6,201.2,19871,717.3,201.9,438,708.2,202,2004,695.3,196.8,351,645.7,191.3,148,808.2,206.7,105,641.8,190.9,378,668.6,200.2
"213","United Kingdom","078","Great Britain","727","England and Wales","064","England","F","West Midlands",,,29523,697.9,200,23337,709.8,201.5,747,682.4,200.1,3821,648.3,192.1,782,588.2,185.2,183,932.7,223,147,659.8,198,506,642.2,198.9
"213","United Kingdom","078","Great Britain","727","England and Wales","064","England","G","East of England",,,31331,723,204.4,27546,725.5,204.8,727,732.8,206.9,1266,684.3,197.2,531,633.3,192.4,222,853.5,213.9,127,696.6,196.7,912,715.4,206.4
"213","United Kingdom","078","Great Britain","727","England and Wales","064","England","H","London",,,39472,675.5,204.8,18001,707.6,208.8,2312,681.7,208.1,8492,663.7,201.9,7127,598.6,195.5,615,772.8,216.9,1686,667.8,200.2,1239,684.6,208.7
"213","United Kingdom","078","Great Britain","727","England and Wales","064","England","J","South East",,,47592,725.1,206.5,41714,727.3,207,1108,750.3,207.8,1926,705.8,200.7,503,651,189.8,376,847.1,218.5,267,713.2,206.9,1698,672.6,201.8
"213","United Kingdom","078","Great Britain","727","England and Wales","064","England","K","South West",,,28087,717.1,207.4,25914,719,207.8,402,718.6,207.4,302,682.2,198.6,171,619,192.8,119,896.2,223.7,98,703.7,207.4,1081,676,200