DATASET_TITLE,"Homelessness, 2000/01",,,,,,,,,,FROM,Apr-2000,Apr-2000,Apr-2000,Apr-2000,Apr-2000,Apr-2000,Apr-2000,Apr-2000,Apr-2000,Apr-2000,Apr-2000,Apr-2000,Apr-2000,Apr-2000,Apr-2000,Apr-2000
AREA_TYPE,Region,,,,,,,,,,TO,Mar-2001,Mar-2001,Mar-2001,Mar-2001,Mar-2001,Mar-2001,Mar-2001,Mar-2001,Mar-2001,Mar-2001,Mar-2001,Mar-2001,Mar-2001,Mar-2001,Mar-2001,Mar-2001
GEO_HIERARCHY,NeSS Geography Hierarchy,,,,,,,,,,HEADING,All Households Accepted as Homeless,All Households Accepted as Homeless,Homeless Households in Temporary Accommodation at 31 March,Homeless Households in Bed and Breakfast Accommodation at 31 March,Homeless Households in Bed and Breakfast Accommodation at 31 March,Length of Stay in Bed and Breakfast Accommodation at 31 March,All Unintentionally and Intentionally Homeless in Priority Need,All Unintentionally Homeless in Priority Need,Local Authority Dwellings Let to Homeless Households in Priority Need,Local Authority Lettings which were Let to Homeless Households in Priority Need,Unintentionally and Intentionally Homeless in Priority Need; White,Unintentionally and Intentionally Homeless in Priority Need; African/Caribbean,Unintentionally and Intentionally Homeless in Priority Need; Indian/Pakistani/Bangladeshi,Unintentionally and Intentionally Homeless in Priority Need; Other,Unintentionally and Intentionally Homeless in Priority Need; Not Available,Number of Homelessness Quarterly Returns Provided by a LA
,,,,,,,,,,,MEASUREMENT_UNIT,Count,Percentage,Count,Count,Percentage,Count,Count,Count,Count,Percentage,Count,Count,Count,Count,Count,Count
,,,,,,,,,,,STATISTICAL_UNIT,Households,Households,Households,Households,Households,Days,Households,Households,Dwellings,Dwellings,Persons,Persons,Persons,Persons,Persons,Households
UK_CODE,UK_NAME,GB_CODE,GB_NAME,EW_CODE,EW_NAME,CTRY_CODE,CTRY_NAME,GOR_CODE,GOR_NAME,AREA_METADATA,,DATA_VALUE,DATA_VALUE,DATA_VALUE,DATA_VALUE,DATA_VALUE,DATA_VALUE,DATA_VALUE,DATA_VALUE,DATA_VALUE,DATA_VALUE,DATA_VALUE,DATA_VALUE,DATA_VALUE,DATA_VALUE,DATA_VALUE,DATA_VALUE
"213","United Kingdom","078","Great Britain","727","England and Wales","064","England",,,,,115324,11.1,83858,10711,12.8,..,..,..,60804,18.6,..,..,..,..,..,..
"213","United Kingdom","078","Great Britain","727","England and Wales","064","England","A","North East",,,5151,9,1996,45,2.3,..,..,..,3080,8.4,..,..,..,..,..,..
"213","United Kingdom","078","Great Britain","727","England and Wales","064","England","B","North West",,,13030,11.6,2958,126,4.3,..,..,..,5692,9.9,..,..,..,..,..,..
"213","United Kingdom","078","Great Britain","727","England and Wales","064","England","D","Yorkshire and The Humber",,,9412,6.3,1924,219,11.4,..,..,..,6675,12.5,..,..,..,..,..,..
"213","United Kingdom","078","Great Britain","727","England and Wales","064","England","E","East Midlands",,,7711,7.8,2488,72,2.9,..,..,..,4448,13.7,..,..,..,..,..,..
"213","United Kingdom","078","Great Britain","727","England and Wales","064","England","F","West Midlands",,,13808,14.8,3484,110,3.2,..,..,..,7047,17.6,..,..,..,..,..,..
"213","United Kingdom","078","Great Britain","727","England and Wales","064","England","G","East of England",,,10068,10.6,5295,482,9.1,..,..,..,6103,22.4,..,..,..,..,..,..
"213","United Kingdom","078","Great Britain","727","England and Wales","064","England","H","London",,,29685,14,48048,7434,15.5,..,..,..,16716,42.5,..,..,..,..,..,..
"213","United Kingdom","078","Great Britain","727","England and Wales","064","England","J","South East",,,14958,11.5,11503,1234,10.7,..,..,..,6813,28.7,..,..,..,..,..,..
"213","United Kingdom","078","Great Britain","727","England and Wales","064","England","K","South West",,,11501,12.8,6162,989,16,..,..,..,4230,25.6,..,..,..,..,..,..