DATASET_TITLE,Population (UV01),,,,,,,,,,FROM,Apr-2001,Apr-2001,Apr-2001,Apr-2001
AREA_TYPE,Region,,,,,,,,,,TO,Apr-2001,Apr-2001,Apr-2001,Apr-2001
GEO_HIERARCHY,NeSS Geography Hierarchy,,,,,,,,,,HEADING,All People,People resident in households,People resident in Communal Establishments,"People resident in Communal Establishments, of which People Sleeping Rough"
,,,,,,,,,,,MEASUREMENT_UNIT,Count,Count,Count,Count
,,,,,,,,,,,STATISTICAL_UNIT,Persons,Persons,Persons,Persons
UK_CODE,UK_NAME,GB_CODE,GB_NAME,EW_CODE,EW_NAME,CTRY_CODE,CTRY_NAME,GOR_CODE,GOR_NAME,AREA_METADATA,,DATA_VALUE,DATA_VALUE,DATA_VALUE,DATA_VALUE
"213","United Kingdom","078","Great Britain","727","England and Wales","064","England",,,,,49138831,48248150,890681,836
"213","United Kingdom","078","Great Britain","727","England and Wales","220","Wales",,,,,2903085,2859489,43596,107
"213","United Kingdom","078","Great Britain","727","England and Wales",,,,,,,52041916,51107639,934277,943
"213","United Kingdom","078","Great Britain","727","England and Wales","064","England","A","North East",,,2515442,2472884,42558,14
"213","United Kingdom","078","Great Britain","727","England and Wales","064","England","B","North West",,,6729764,6615672,114092,77
"213","United Kingdom","078","Great Britain","727","England and Wales","064","England","D","Yorkshire and The Humber",,,4964833,4880728,84105,19
"213","United Kingdom","078","Great Britain","727","England and Wales","064","England","E","East Midlands",,,4172174,4095557,76617,41
"213","United Kingdom","078","Great Britain","727","England and Wales","064","England","F","West Midlands",,,5267308,5186248,81060,69
"213","United Kingdom","078","Great Britain","727","England and Wales","064","England","G","East of England",,,5388140,5296534,91606,82
"213","United Kingdom","078","Great Britain","727","England and Wales","064","England","H","London",,,7172091,7078632,93459,198
"213","United Kingdom","078","Great Britain","727","England and Wales","064","England","J","South East",,,8000645,7809823,190822,163
"213","United Kingdom","078","Great Britain","727","England and Wales","064","England","K","South West",,,4928434,4812072,116362,173