DATASET_TITLE,Persons per Room - Household Residents (UV83),,,,,,FROM,Apr-2001,Apr-2001,Apr-2001,Apr-2001,Apr-2001
AREA_TYPE,Local Authority,,,,,,TO,Apr-2001,Apr-2001,Apr-2001,Apr-2001,Apr-2001
GEO_HIERARCHY,NeSS Geography Hierarchy,,,,,,HEADING,All Household Residents,Up to 0.5 persons per room,Over 0.5 and up to 1.0 persons per room,Over 1.0 and up to 1.5 persons per room,Over 1.5 persons per room
,,,,,,,MEASUREMENT_UNIT,Count,Count,Count,Count,Count
,,,,,,,STATISTICAL_UNIT,Persons,Persons,Persons,Persons,Persons
GOR_CODE,GOR_NAME,CTY_CODE,CTY_NAME,LA_CODE,LA_NAME,AREA_METADATA,,DATA_VALUE,DATA_VALUE,DATA_VALUE,DATA_VALUE,DATA_VALUE
"E","East Midlands",,,"00FK","Derby",,,217341,115563,93344,6580,1854
"E","East Midlands",,,"00FN","Leicester",,,273394,117936,132876,15948,6634
"E","East Midlands",,,"00FP","Rutland",,,31850,21234,10256,314,46
"E","East Midlands",,,"00FY","Nottingham",,,258004,130253,114816,10204,2731
"E","East Midlands","17","Derbyshire","17UB","Amber Valley",,,115260,66097,47297,1594,272
"E","East Midlands","17","Derbyshire","17UC","Bolsover",,,70934,38579,30654,1410,291
"E","East Midlands","17","Derbyshire","17UD","Chesterfield",,,97710,54430,41445,1623,212
"E","East Midlands","17","Derbyshire","17UF","Derbyshire Dales",,,67908,42636,24153,948,171
"E","East Midlands","17","Derbyshire","17UG","Erewash",,,109027,59454,47200,2020,353
"E","East Midlands","17","Derbyshire","17UH","High Peak",,,88617,49980,36679,1714,244
"E","East Midlands","17","Derbyshire","17UJ","North East Derbyshire",,,96016,54236,40060,1545,175
"E","East Midlands","17","Derbyshire","17UK","South Derbyshire",,,80195,46831,32035,1113,216
"E","East Midlands","31","Leicestershire","31UB","Blaby",,,89002,50387,36784,1498,333
"E","East Midlands","31","Leicestershire","31UC","Charnwood",,,146344,80660,61951,3009,724
"E","East Midlands","31","Leicestershire","31UD","Harborough",,,75307,48186,26123,758,240
"E","East Midlands","31","Leicestershire","31UE","Hinckley and Bosworth",,,99452,57923,39679,1556,294
"E","East Midlands","31","Leicestershire","31UG","Melton",,,47406,29449,17143,692,122
"E","East Midlands","31","Leicestershire","31UH","North West Leicestershire",,,84836,50452,32911,1204,269
"E","East Midlands","31","Leicestershire","31UJ","Oadby and Wigston",,,53773,28965,23396,1205,207
"E","East Midlands","32","Lincolnshire","32UB","Boston",,,54761,32471,20998,1010,282
"E","East Midlands","32","Lincolnshire","32UC","East Lindsey",,,127519,80167,44522,2377,453
"E","East Midlands","32","Lincolnshire","32UD","Lincoln",,,83715,45238,35344,2507,626
"E","East Midlands","32","Lincolnshire","32UE","North Kesteven",,,91960,57236,33252,1249,223
"E","East Midlands","32","Lincolnshire","32UF","South Holland",,,75615,48800,25482,1158,175
"E","East Midlands","32","Lincolnshire","32UG","South Kesteven",,,123178,76449,44669,1708,352
"E","East Midlands","32","Lincolnshire","32UH","West Lindsey",,,78278,49035,27738,1271,234
"E","East Midlands","34","Northamptonshire","34UB","Corby",,,52798,26282,24992,1260,264
"E","East Midlands","34","Northamptonshire","34UC","Daventry",,,70375,44399,24858,914,204
"E","East Midlands","34","Northamptonshire","34UD","East Northamptonshire",,,74902,45500,28075,1103,224
"E","East Midlands","34","Northamptonshire","34UE","Kettering",,,80951,47032,32183,1496,240
"E","East Midlands","34","Northamptonshire","34UF","Northampton",,,190716,103511,80504,5127,1574
"E","East Midlands","34","Northamptonshire","34UG","South Northamptonshire",,,78614,48582,28902,887,243
"E","East Midlands","34","Northamptonshire","34UH","Wellingborough",,,71631,39907,29491,1771,462
"E","East Midlands","37","Nottinghamshire","37UB","Ashfield",,,109996,58488,48938,2202,368
"E","East Midlands","37","Nottinghamshire","37UC","Bassetlaw",,,104821,62520,40353,1576,372
"E","East Midlands","37","Nottinghamshire","37UD","Broxtowe",,,106632,60199,44212,1819,402
"E","East Midlands","37","Nottinghamshire","37UE","Gedling",,,110842,63819,45144,1533,346
"E","East Midlands","37","Nottinghamshire","37UF","Mansfield",,,97285,52548,42469,1838,430
"E","East Midlands","37","Nottinghamshire","37UG","Newark and Sherwood",,,104729,63141,39633,1535,420
"E","East Midlands","37","Nottinghamshire","37UJ","Rushcliffe",,,103863,66249,36133,1269,212