DATASET_TITLE,"Housing Benefit/Council Tax Benefit Claimants, August 2005",,,,,,,,,,FROM,Aug-2005,Aug-2005,Aug-2005,Aug-2005,Aug-2005,Aug-2005,Aug-2005,Aug-2005
AREA_TYPE,Region,,,,,,,,,,TO,Aug-2005,Aug-2005,Aug-2005,Aug-2005,Aug-2005,Aug-2005,Aug-2005,Aug-2005
GEO_HIERARCHY,NeSS Geography Hierarchy,,,,,,,,,,HEADING,All Claimants of Housing Benefit/Council Tax Benefit,Male,Female,Gender Not Specified,Aged 16-59,Aged 60 and Over,Single,Couple
,,,,,,,,,,,MEASUREMENT_UNIT,Count,Count,Count,Count,Count,Count,Count,Count
,,,,,,,,,,,STATISTICAL_UNIT,Claims,Claims,Claims,Claims,Claims,Claims,Claims,Claims
UK_CODE,UK_NAME,GB_CODE,GB_NAME,EW_CODE,EW_NAME,CTRY_CODE,CTRY_NAME,GOR_CODE,GOR_NAME,AREA_METADATA,,DATA_VALUE,DATA_VALUE,DATA_VALUE,DATA_VALUE,DATA_VALUE,DATA_VALUE,DATA_VALUE,DATA_VALUE
"213","United Kingdom","078","Great Britain","727","England and Wales","064","England",,,,,4540015,1795990,2591140,152885,2352195,2187825,3499530,1040485
"213","United Kingdom","078","Great Britain","727","England and Wales","220","Wales",,,,,292040,117625,167325,7090,146950,145095,220825,71220
"213","United Kingdom","078","Great Britain","727","England and Wales",,,,,,,4832060,1913615,2758465,159975,2499140,2332920,3720350,1111710
"213","United Kingdom","078","Great Britain","727","England and Wales","064","England","A","North East",,,310485,129060,173645,7785,151105,159375,233195,77290
"213","United Kingdom","078","Great Britain","727","England and Wales","064","England","B","North West",,,725255,286060,403245,35950,377915,347340,565260,159995
"213","United Kingdom","078","Great Britain","727","England and Wales","064","England","D","Yorkshire and The Humber",,,481250,196150,274980,10110,232795,248455,364325,116920
"213","United Kingdom","078","Great Britain","727","England and Wales","064","England","E","East Midlands",,,342245,141000,196330,4915,160030,182210,256080,86170
"213","United Kingdom","078","Great Britain","727","England and Wales","064","England","F","West Midlands",,,518265,207380,280250,30630,251595,266670,386985,131275
"213","United Kingdom","078","Great Britain","727","England and Wales","064","England","G","East of England",,,406275,155680,236805,13785,190765,215510,310020,96250
"213","United Kingdom","078","Great Britain","727","England and Wales","064","England","H","London",,,819820,325965,479605,14250,530735,289085,658210,161610
"213","United Kingdom","078","Great Britain","727","England and Wales","064","England","J","South East",,,545550,201745,324195,19605,272325,273220,426370,119180
"213","United Kingdom","078","Great Britain","727","England and Wales","064","England","K","South West",,,390880,152950,222075,15850,184930,205955,299080,91800