DATASET_TITLE,"Dwelling Stock by Council Tax Band, 2002",,,,,,FROM,Mar-2002,Mar-2002,Mar-2002,Mar-2002,Mar-2002,Mar-2002,Mar-2002,Mar-2002,Mar-2002,Mar-2002,Mar-2002,Mar-2002,Mar-2002,Mar-2002,Mar-2002,Mar-2002,Mar-2002,Mar-2002,Mar-2002
AREA_TYPE,Local Authority,,,,,,TO,Mar-2002,Mar-2002,Mar-2002,Mar-2002,Mar-2002,Mar-2002,Mar-2002,Mar-2002,Mar-2002,Mar-2002,Mar-2002,Mar-2002,Mar-2002,Mar-2002,Mar-2002,Mar-2002,Mar-2002,Mar-2002,Mar-2002
GEO_HIERARCHY,NeSS Geography Hierarchy,,,,,,HEADING,Dwelling Stock by Council Tax Band; Total,Dwelling Stock by Council Tax Band; Band A,Dwelling Stock by Council Tax Band; Band A,Dwelling Stock by Council Tax Band; Band B,Dwelling Stock by Council Tax Band; Band B,Dwelling Stock by Council Tax Band; Band C,Dwelling Stock by Council Tax Band; Band C,Dwelling Stock by Council Tax Band; Band D,Dwelling Stock by Council Tax Band; Band D,Dwelling Stock by Council Tax Band; Band E,Dwelling Stock by Council Tax Band; Band E,Dwelling Stock by Council Tax Band; Band F,Dwelling Stock by Council Tax Band; Band F,Dwelling Stock by Council Tax Band; Band G,Dwelling Stock by Council Tax Band; Band G,Dwelling Stock by Council Tax Band; Band H,Dwelling Stock by Council Tax Band; Band H,Dwelling Stock by Council Tax Band; Band X; Unallocated,Dwelling Stock by Council Tax Band; Band X; Unallocated
,,,,,,,MEASUREMENT_UNIT,Count,Count,Percentage,Count,Percentage,Count,Percentage,Count,Percentage,Count,Percentage,Count,Percentage,Count,Percentage,Count,Percentage,Count,Percentage
,,,,,,,STATISTICAL_UNIT,Dwellings,Dwellings,Dwellings,Dwellings,Dwellings,Dwellings,Dwellings,Dwellings,Dwellings,Dwellings,Dwellings,Dwellings,Dwellings,Dwellings,Dwellings,Dwellings,Dwellings,Dwellings,Dwellings
GOR_CODE,GOR_NAME,CTY_CODE,CTY_NAME,LA_CODE,LA_NAME,AREA_METADATA,,DATA_VALUE,DATA_VALUE,DATA_VALUE,DATA_VALUE,DATA_VALUE,DATA_VALUE,DATA_VALUE,DATA_VALUE,DATA_VALUE,DATA_VALUE,DATA_VALUE,DATA_VALUE,DATA_VALUE,DATA_VALUE,DATA_VALUE,DATA_VALUE,DATA_VALUE,DATA_VALUE,DATA_VALUE
"J","South East",,,"00LC","Medway",,,103755,10025,9.66,35793,34.5,31449,30.31,14974,14.43,7412,7.14,2945,2.84,1086,1.05,70,.07,1,0
"J","South East",,,"00MA","Bracknell Forest",,,43575,1608,3.69,3864,8.87,16449,37.75,7944,18.23,7275,16.7,4269,9.8,1950,4.48,216,.5,0,0
"J","South East",,,"00MB","West Berkshire",,,58923,2213,3.76,5573,9.46,16659,28.27,15510,26.32,9225,15.66,5774,9.8,3400,5.77,568,.96,1,0
"J","South East",,,"00MC","Reading",,,59924,4763,7.95,12327,20.57,24396,40.71,8736,14.58,4856,8.1,3060,5.11,1713,2.86,73,.12,0,0
"J","South East",,,"00MD","Slough",,,46103,905,1.96,9101,19.74,19289,41.84,11183,24.26,3835,8.32,1507,3.27,277,.6,6,.01,0,0
"J","South East",,,"00ME","Windsor and Maidenhead",,,57664,1630,2.83,3203,5.55,8319,14.43,14721,25.53,12155,21.08,7440,12.9,8924,15.48,1272,2.21,0,0
"J","South East",,,"00MF","Wokingham",,,57854,1617,2.79,3018,5.22,8307,14.36,16477,28.48,13833,23.91,9105,15.74,5138,8.88,359,.62,0,0
"J","South East",,,"00MG","Milton Keynes",,,88124,14282,16.21,24064,27.31,24693,28.02,10208,11.58,8367,9.49,4076,4.63,2313,2.62,120,.14,1,0
"J","South East",,,"00ML","Brighton and Hove",,,119720,24916,20.81,26810,22.39,32369,27.04,18285,15.27,10388,8.68,4124,3.44,2658,2.22,168,.14,2,0
"J","South East",,,"00MR","Portsmouth",,,81622,22895,28.05,28062,34.38,19938,24.43,5200,6.37,3194,3.91,1600,1.96,674,.83,56,.07,3,0
"J","South East",,,"00MS","Southampton",,,91432,27481,30.06,30151,32.98,20226,22.12,8793,9.62,2967,3.25,1320,1.44,460,.5,31,.03,3,0
"J","South East",,,"00MW","Isle of Wight",,,62080,8501,13.69,15320,24.68,15342,24.71,12120,19.52,6488,10.45,2777,4.47,1394,2.25,126,.2,12,.02
"J","South East","11","Buckinghamshire","11UB","Aylesbury Vale",,,65082,2495,3.83,10553,16.21,18740,28.79,11046,16.97,9536,14.65,7008,10.77,5348,8.22,348,.53,8,.01
"J","South East","11","Buckinghamshire","11UC","Chiltern",,,36792,534,1.45,1718,4.67,4975,13.52,6408,17.42,6408,17.42,6470,17.59,8683,23.6,1593,4.33,3,.01
"J","South East","11","Buckinghamshire","11UE","South Bucks",,,26366,556,2.11,819,3.11,3482,13.21,5193,19.7,4864,18.45,3140,11.91,6646,25.21,1666,6.32,0,0
"J","South East","11","Buckinghamshire","11UF","Wycombe",,,65332,950,1.45,6635,10.16,15398,23.57,15960,24.43,10503,16.08,8439,12.92,6561,10.04,882,1.35,4,.01
"J","South East","21","East Sussex","21UC","Eastbourne",,,43295,7365,17.01,12001,27.72,10290,23.77,7205,16.64,3609,8.34,1756,4.06,994,2.3,72,.17,3,.01
"J","South East","21","East Sussex","21UD","Hastings",,,40247,13873,34.47,11356,28.22,6830,16.97,5280,13.12,2051,5.1,627,1.56,179,.44,51,.13,0,0
"J","South East","21","East Sussex","21UF","Lewes",,,40888,3703,9.06,5368,13.13,12626,30.88,8861,21.67,5228,12.79,2800,6.85,2094,5.12,208,.51,0,0
"J","South East","21","East Sussex","21UG","Rother",,,41603,4370,10.5,6620,15.91,9165,22.03,8493,20.41,6948,16.7,3432,8.25,2318,5.57,254,.61,3,.01
"J","South East","21","East Sussex","21UH","Wealden",,,61490,3537,5.75,6726,10.94,15222,24.76,12616,20.52,9784,15.91,6866,11.17,5988,9.74,748,1.22,3,0
"J","South East","24","Hampshire","24UB","Basingstoke and Deane",,,62306,2024,3.25,10251,16.45,21469,34.46,10677,17.14,9129,14.65,5633,9.04,2781,4.46,341,.55,1,0
"J","South East","24","Hampshire","24UC","East Hampshire",,,45396,2635,5.8,4523,9.96,10861,23.93,9423,20.76,7934,17.48,5276,11.62,4161,9.17,583,1.28,0,0
"J","South East","24","Hampshire","24UD","Eastleigh",,,47777,4299,9,8478,17.74,15942,33.37,8827,18.48,6636,13.89,2654,5.55,916,1.92,23,.05,2,0
"J","South East","24","Hampshire","24UE","Fareham",,,44558,2821,6.33,5877,13.19,14392,32.3,9542,21.41,7382,16.57,3161,7.09,1283,2.88,98,.22,2,0
"J","South East","24","Hampshire","24UF","Gosport",,,33195,6132,18.47,12215,36.8,8099,24.4,3763,11.34,1590,4.79,1057,3.18,308,.93,31,.09,0,0
"J","South East","24","Hampshire","24UG","Hart",,,33417,647,1.94,1492,4.46,7586,22.7,7435,22.25,6822,20.41,5931,17.75,3289,9.84,214,.64,1,0
"J","South East","24","Hampshire","24UH","Havant",,,50489,7477,14.81,13053,25.85,11734,23.24,9533,18.88,5362,10.62,2360,4.67,930,1.84,40,.08,0,0
"J","South East","24","Hampshire","24UJ","New Forest",,,75606,5990,7.92,10916,14.44,16587,21.94,18334,24.25,12737,16.85,6225,8.23,4256,5.63,556,.74,5,.01
"J","South East","24","Hampshire","24UL","Rushmoor",,,33966,1006,2.96,7017,20.66,13222,38.93,7617,22.43,3680,10.83,1063,3.13,319,.94,42,.12,0,0
"J","South East","24","Hampshire","24UN","Test Valley",,,45331,2206,4.87,7446,16.43,12226,26.97,8348,18.42,7316,16.14,4223,9.32,3190,7.04,374,.83,2,0
"J","South East","24","Hampshire","24UP","Winchester",,,44235,1817,4.11,5324,12.04,10238,23.14,7886,17.83,7639,17.27,5902,13.34,4815,10.89,612,1.38,2,0
"J","South East","29","Kent","29UB","Ashford",,,43852,3525,8.04,10238,23.35,11065,25.23,6333,14.44,5620,12.82,4047,9.23,2820,6.43,197,.45,7,.02
"J","South East","29","Kent","29UC","Canterbury",,,58567,5791,9.89,12505,21.35,18523,31.63,10572,18.05,5861,10.01,3328,5.68,1871,3.19,111,.19,5,.01
"J","South East","29","Kent","29UD","Dartford",,,36096,1501,4.16,6373,17.66,13217,36.62,8193,22.7,4142,11.47,1904,5.27,713,1.98,53,.15,0,0
"J","South East","29","Kent","29UE","Dover",,,47494,6050,12.74,15427,32.48,12571,26.47,6243,13.14,3748,7.89,2018,4.25,1362,2.87,67,.14,8,.02
"J","South East","29","Kent","29UG","Gravesham",,,38733,3480,8.98,6422,16.58,13052,33.7,8843,22.83,4140,10.69,1836,4.74,865,2.23,95,.25,0,0
"J","South East","29","Kent","29UH","Maidstone",,,58988,4143,7.02,7699,13.05,15705,26.62,15050,25.51,8128,13.78,4714,7.99,3259,5.52,288,.49,2,0
"J","South East","29","Kent","29UK","Sevenoaks",,,45938,1649,3.59,2818,6.13,9893,21.54,11116,24.2,7011,15.26,5516,12.01,6891,15,1043,2.27,1,0
"J","South East","29","Kent","29UL","Shepway",,,45477,5920,13.02,11381,25.03,12966,28.51,6982,15.35,4243,9.33,2248,4.94,1640,3.61,89,.2,8,.02
"J","South East","29","Kent","29UM","Swale",,,53952,9441,17.5,13668,25.33,15240,28.25,8321,15.42,4208,7.8,1879,3.48,1068,1.98,121,.22,6,.01
"J","South East","29","Kent","29UN","Thanet",,,59928,14061,23.46,17260,28.8,15893,26.52,7133,11.9,3533,5.9,1349,2.25,650,1.08,45,.08,4,.01
"J","South East","29","Kent","29UP","Tonbridge and Malling",,,44491,1705,3.83,3400,7.64,12627,28.38,11472,25.78,7336,16.49,4197,9.43,3469,7.8,279,.63,6,.01
"J","South East","29","Kent","29UQ","Tunbridge Wells",,,44633,3326,7.45,4785,10.72,12555,28.13,8935,20.02,5976,13.39,4227,9.47,4453,9.98,375,.84,1,0
"J","South East","38","Oxfordshire","38UB","Cherwell",,,54468,4524,8.31,13567,24.91,15095,27.71,9347,17.16,6687,12.28,2922,5.36,2120,3.89,204,.37,2,0
"J","South East","38","Oxfordshire","38UC","Oxford",,,52611,1931,3.67,7453,14.17,16800,31.93,14436,27.44,5844,11.11,2454,4.66,3126,5.94,552,1.05,15,.03
"J","South East","38","Oxfordshire","38UD","South Oxfordshire",,,54215,2187,4.03,4511,8.32,14276,26.33,12552,23.15,9149,16.88,5530,10.2,5328,9.83,680,1.25,2,0
"J","South East","38","Oxfordshire","38UE","Vale of White Horse",,,47043,1468,3.12,4392,9.34,13613,28.94,10983,23.35,8214,17.46,4455,9.47,3566,7.58,350,.74,2,0
"J","South East","38","Oxfordshire","38UF","West Oxfordshire",,,40228,1476,3.67,4268,10.61,13693,34.04,8848,21.99,6131,15.24,3296,8.19,2206,5.48,308,.77,2,0
"J","South East","43","Surrey","43UB","Elmbridge",,,52017,226,.43,1647,3.17,6633,12.75,12329,23.7,10300,19.8,7259,13.96,10703,20.58,2918,5.61,2,0
"J","South East","43","Surrey","43UC","Epsom and Ewell",,,28314,168,.59,1125,3.97,4239,14.97,7433,26.25,7402,26.14,4141,14.63,3687,13.02,117,.41,2,.01
"J","South East","43","Surrey","43UD","Guildford",,,53037,818,1.54,2989,5.64,10635,20.05,14599,27.53,9376,17.68,5979,11.27,7177,13.53,1460,2.75,4,.01
"J","South East","43","Surrey","43UE","Mole Valley",,,34736,1495,4.3,2328,6.7,3384,9.74,7174,20.65,6566,18.9,5776,16.63,7127,20.52,886,2.55,0,0
"J","South East","43","Surrey","43UF","Reigate and Banstead",,,52303,882,1.69,3289,6.29,10170,19.44,14690,28.09,9254,17.69,6560,12.54,6616,12.65,833,1.59,9,.02
"J","South East","43","Surrey","43UG","Runnymede",,,32035,1480,4.62,1038,3.24,5308,16.57,9896,30.89,6785,21.18,3701,11.55,2889,9.02,937,2.92,1,0
"J","South East","43","Surrey","43UH","Spelthorne",,,38827,347,.89,1550,3.99,7669,19.75,13227,34.07,9546,24.59,4393,11.31,1986,5.11,109,.28,0,0
"J","South East","43","Surrey","43UJ","Surrey Heath",,,32882,478,1.45,1789,5.44,4948,15.05,8514,25.89,6572,19.99,5434,16.53,4733,14.39,412,1.25,2,.01
"J","South East","43","Surrey","43UK","Tandridge",,,32255,689,2.14,1781,5.52,4447,13.79,7617,23.61,6668,20.67,4317,13.38,5702,17.68,1031,3.2,3,.01
"J","South East","43","Surrey","43UL","Waverley",,,48746,692,1.42,2917,5.98,8735,17.92,11445,23.48,9006,18.48,6447,13.23,7744,15.89,1755,3.6,5,.01
"J","South East","43","Surrey","43UM","Woking",,,37600,300,.8,2947,7.84,8846,23.53,10314,27.43,5757,15.31,3940,10.48,4911,13.06,585,1.56,0,0
"J","South East","45","West Sussex","45UB","Adur",,,26477,2420,9.14,4598,17.37,10724,40.5,5909,22.32,1833,6.92,660,2.49,321,1.21,12,.05,0,0
"J","South East","45","West Sussex","45UC","Arun",,,65895,6420,9.74,10979,16.66,17934,27.22,13287,20.16,9350,14.19,5163,7.84,2512,3.81,245,.37,5,.01
"J","South East","45","West Sussex","45UD","Chichester",,,49890,2583,5.18,4891,9.8,12572,25.2,10555,21.16,7622,15.28,5426,10.88,5210,10.44,1026,2.06,5,.01
"J","South East","45","West Sussex","45UE","Crawley",,,39896,849,2.13,5542,13.89,19271,48.3,8024,20.11,3659,9.17,2078,5.21,462,1.16,11,.03,0,0
"J","South East","45","West Sussex","45UF","Horsham",,,52387,1949,3.72,4821,9.2,10612,20.26,11160,21.3,9481,18.1,7098,13.55,6539,12.48,724,1.38,3,.01
"J","South East","45","West Sussex","45UG","Mid Sussex",,,54108,1590,2.94,5280,9.76,11351,20.98,14600,26.98,9656,17.85,7451,13.77,3864,7.14,314,.58,2,0
"J","South East","45","West Sussex","45UH","Worthing",,,45692,6158,13.48,9891,21.65,12520,27.4,8822,19.31,5200,11.38,2205,4.83,873,1.91,23,.05,0,0