DATASET_TITLE,"Incapacity Benefit/Severe Disablement Allowance Claimants, August 2006",,,,,,,,,,FROM,Aug-2006,Aug-2006,Aug-2006,Aug-2006,Aug-2006,Aug-2006,Aug-2006,Aug-2006,Aug-2006,Aug-2006,Aug-2006,Aug-2006,Aug-2006,Aug-2006,Aug-2006,Aug-2006,Aug-2006,Aug-2006,Aug-2006,Aug-2006,Aug-2006,Aug-2006,Aug-2006,Aug-2006,Aug-2006,Aug-2006,Aug-2006,Aug-2006,Aug-2006,Aug-2006,Aug-2006,Aug-2006
AREA_TYPE,Region,,,,,,,,,,TO,Aug-2006,Aug-2006,Aug-2006,Aug-2006,Aug-2006,Aug-2006,Aug-2006,Aug-2006,Aug-2006,Aug-2006,Aug-2006,Aug-2006,Aug-2006,Aug-2006,Aug-2006,Aug-2006,Aug-2006,Aug-2006,Aug-2006,Aug-2006,Aug-2006,Aug-2006,Aug-2006,Aug-2006,Aug-2006,Aug-2006,Aug-2006,Aug-2006,Aug-2006,Aug-2006,Aug-2006,Aug-2006
GEO_HIERARCHY,NeSS Geography Hierarchy,,,,,,,,,,HEADING,Total,Total Incapacity Benefit Claimants,Total Severe Disablement Allowance Claimants,Claimants Aged 16-24,Claimants Aged 16-24,Claimants Aged 25-49,Claimants Aged 25-49,Claimants Aged 50-59,Claimants Aged 50-59,Claimants Aged 60 and Over,Claimants Aged 60 and Over,Male,Male,Female,Female,Claim Duration Less Than 6 Months,Claim Duration 6 Months-1 Year,Claim Duration 1-2 Years,Claim Duration 2-5 Years,Claim Duration 5 Years and Over,Medical Reason for Claiming; Mental Disorders,Medical Reason for Claiming; Mental Disorders,Medical Reason for Claiming; Diseases of the Nervous System,Medical Reason for Claiming; Diseases of the Nervous System,Medical Reason for Claiming; Diseases of the Respiratory or Circulatory System,Medical Reason for Claiming; Diseases of the Respiratory or Circulatory System,Medical Reason for Claiming; Musculoskeletal Diseases,Medical Reason for Claiming; Musculoskeletal Diseases,Medical Reason for Claiming; Injury or Poisoning,Medical Reason for Claiming; Injury or Poisoning,Medical Reason for Claiming; Other,Medical Reason for Claiming; Other
,,,,,,,,,,,MEASUREMENT_UNIT,Count,Count,Count,Count,Percentage,Count,Percentage,Count,Percentage,Count,Percentage,Count,Percentage,Count,Percentage,Count,Count,Count,Count,Count,Count,Percentage,Count,Percentage,Count,Percentage,Count,Percentage,Count,Percentage,Count,Percentage
,,,,,,,,,,,STATISTICAL_UNIT,Persons,Persons,Persons,Persons,Persons,Persons,Persons,Persons,Persons,Persons,Persons,Persons,Persons,Persons,Persons,Persons,Persons,Persons,Persons,Persons,Persons,Persons,Persons,Persons,Persons,Persons,Persons,Persons,Persons,Persons,Persons,Persons
UK_CODE,UK_NAME,GB_CODE,GB_NAME,EW_CODE,EW_NAME,CTRY_CODE,CTRY_NAME,GOR_CODE,GOR_NAME,AREA_METADATA,,DATA_VALUE,DATA_VALUE,DATA_VALUE,DATA_VALUE,DATA_VALUE,DATA_VALUE,DATA_VALUE,DATA_VALUE,DATA_VALUE,DATA_VALUE,DATA_VALUE,DATA_VALUE,DATA_VALUE,DATA_VALUE,DATA_VALUE,DATA_VALUE,DATA_VALUE,DATA_VALUE,DATA_VALUE,DATA_VALUE,DATA_VALUE,DATA_VALUE,DATA_VALUE,DATA_VALUE,DATA_VALUE,DATA_VALUE,DATA_VALUE,DATA_VALUE,DATA_VALUE,DATA_VALUE,DATA_VALUE,DATA_VALUE
"213","United Kingdom","078","Great Britain","727","England and Wales","064","England",,,,,2194660,1967150,227510,136710,6,1040250,47,737110,34,280520,13,1270690,58,923960,42,196850,127870,199010,474970,1195960,881430,40,136840,6,171580,8,399000,18,124130,6,481650,22
"213","United Kingdom","078","Great Britain",,,,,,,,,2712860,2436390,276460,167700,6,1278300,47,917170,34,349640,13,1562760,58,1150080,42,240630,155300,242470,579920,1494530,1094220,40,165480,6,214760,8,491030,18,152050,6,595290,22
"213","United Kingdom","078","Great Britain",,,"179","Scotland",,,,,312600,281950,30650,19030,6,149190,48,106380,34,38010,12,175130,56,137470,44,27710,16720,26960,64780,176430,136350,44,18390,6,24750,8,49030,16,15030,5,69060,22
"213","United Kingdom","078","Great Britain","727","England and Wales","220","Wales",,,,,205600,187290,18300,11960,6,88860,43,73680,36,31110,15,116940,57,88650,43,16070,10710,16500,40170,122140,76440,37,10250,5,18430,9,43000,21,12890,6,44580,22
"213","United Kingdom","078","Great Britain","727","England and Wales",,,,,,,2400260,2154440,245810,148670,6,1129110,47,810790,34,311630,13,1387630,58,1012610,42,212920,138580,215510,515140,1318100,957870,40,147090,6,190010,8,442000,18,137020,6,526230,22
"213","United Kingdom","078","Great Britain","727","England and Wales","064","England","A","North East",,,170250,154900,15340,10820,6,75160,44,60250,35,24020,14,100000,59,70250,41,14450,8440,13300,33420,100630,65430,38,8960,5,13480,8,37080,22,9880,6,35420,21
"213","United Kingdom","078","Great Britain","727","England and Wales","064","England","B","North West",,,419940,381750,38180,24230,6,195070,46,145030,35,55610,13,243030,58,176910,42,35250,21940,35150,87480,240130,173500,41,22720,5,37330,9,76610,18,22690,5,87080,21
"213","United Kingdom","078","Great Britain","727","England and Wales","064","England","D","Yorkshire and The Humber",,,242910,217650,25260,15090,6,109260,45,84400,35,34140,14,141960,58,100950,42,22130,13560,20430,52600,134190,91660,38,15360,6,21800,9,46500,19,13300,5,54290,22
"213","United Kingdom","078","Great Britain","727","England and Wales","064","England","E","East Midlands",,,182210,160070,22140,10740,6,81760,45,63560,35,26150,14,104910,58,77300,42,15700,10520,16710,38780,100500,66430,36,12030,7,14870,8,37130,20,10340,6,41410,23
"213","United Kingdom","078","Great Britain","727","England and Wales","064","England","F","West Midlands",,,245400,220210,25190,15520,6,112350,46,84380,34,33140,14,143210,58,102190,42,21440,13690,22190,53960,134120,94660,39,15360,6,21130,9,49460,20,13990,6,50790,21
"213","United Kingdom","078","Great Britain","727","England and Wales","064","England","G","East of England",,,178890,156800,22100,11720,7,84680,47,59370,33,23120,13,100710,56,78170,44,16720,11330,17020,38950,94870,69980,39,14300,8,12290,7,32330,18,10470,6,39510,22
"213","United Kingdom","078","Great Britain","727","England and Wales","064","England","H","London",,,316210,291850,24360,18370,6,170080,54,98960,31,28760,9,183150,58,133060,42,29220,19500,31520,74120,161860,136920,43,16110,5,21560,7,48980,15,16020,5,76620,24
"213","United Kingdom","078","Great Britain","727","England and Wales","064","England","J","South East",,,241560,210160,31410,16520,7,116900,48,78150,32,29990,12,138630,57,102930,43,23180,15890,23850,53110,125530,100260,42,18220,8,16280,7,37920,16,14880,6,54000,22
"213","United Kingdom","078","Great Britain","727","England and Wales","064","England","K","South West",,,197290,173760,23530,13700,7,94990,48,63010,32,25590,13,115090,58,82200,42,18760,13000,18840,42550,104130,82590,42,13780,7,12840,7,32990,17,12560,6,42530,22