DATASET_TITLE,"New Deal Programme: Jobs Gained by Ethnic Group, 2008",,,,,,,,,,FROM,Jan-2008,Jan-2008,Jan-2008,Jan-2008,Jan-2008,Jan-2008,Jan-2008,Jan-2008,Jan-2008,Jan-2008,Jan-2008,Jan-2008,Jan-2008,Jan-2008,Jan-2008,Jan-2008,Jan-2008,Jan-2008
AREA_TYPE,Region,,,,,,,,,,TO,Dec-2008,Dec-2008,Dec-2008,Dec-2008,Dec-2008,Dec-2008,Dec-2008,Dec-2008,Dec-2008,Dec-2008,Dec-2008,Dec-2008,Dec-2008,Dec-2008,Dec-2008,Dec-2008,Dec-2008,Dec-2008
GEO_HIERARCHY,NeSS Geography Hierarchy,,,,,,,,,,HEADING,New Deal Young People,New Deal Young People; White,New Deal Young People; Black or Black British,"New Deal Young People; Asian, Asian British or Chinese",New Deal Young People; Mixed or Other,New Deal Young People; Unknown or Prefer Not to Say,New Deal 25plus,New Deal 25plus; White,New Deal 25plus; Black or Black British,"New Deal 25plus; Asian, Asian British or Chinese",New Deal 25plus; Mixed or Other,New Deal 25plus; Unknown or Prefer Not to Say,New Deal Lone Parents,New Deal Lone Parents; White,New Deal Lone Parents; Black or Black British,New Deal Lone Parents; Asian or Asian British or Chinese,New Deal Lone Parents; Mixed or Other,New Deal Lone Parents; Unknown or Prefer Not to Say
,,,,,,,,,,,MEASUREMENT_UNIT,Count,Count,Count,Count,Count,Count,Count,Count,Count,Count,Count,Count,Count,Count,Count,Count,Count,Count
,,,,,,,,,,,STATISTICAL_UNIT,Cases,Cases,Cases,Cases,Cases,Cases,Cases,Cases,Cases,Cases,Cases,Cases,Cases,Cases,Cases,Cases,Cases,Cases
UK_CODE,UK_NAME,GB_CODE,GB_NAME,EW_CODE,EW_NAME,CTRY_CODE,CTRY_NAME,GOR_CODE,GOR_NAME,AREA_METADATA,,DATA_VALUE,DATA_VALUE,DATA_VALUE,DATA_VALUE,DATA_VALUE,DATA_VALUE,DATA_VALUE,DATA_VALUE,DATA_VALUE,DATA_VALUE,DATA_VALUE,DATA_VALUE,DATA_VALUE,DATA_VALUE,DATA_VALUE,DATA_VALUE,DATA_VALUE,DATA_VALUE
"213","United Kingdom","078","Great Britain","727","England and Wales","064","England",,,,,65900,49140,4290,4010,3450,5010,36160,25850,3310,1850,2080,3080,74350,60480,5440,1770,2620,4040
"213","United Kingdom","078","Great Britain","727","England and Wales","220","Wales",,,,,4370,3900,40,20,80,350,1420,1180,30,20,40,150,5370,4950,30,20,50,310
"213","United Kingdom","078","Great Britain","727","England and Wales",,,,,,,70270,53040,4330,4020,3520,5360,37580,27030,3340,1870,2110,3230,79720,65430,5470,1790,2670,4360
"213","United Kingdom","078","Great Britain","727","England and Wales","064","England","A","North East",,,6200,5340,30,50,60,720,3060,2560,20,30,50,410,5550,5000,30,20,40,480
"213","United Kingdom","078","Great Britain","727","England and Wales","064","England","B","North West",,,11150,9410,240,480,320,700,5020,4030,180,240,180,380,12370,10900,320,240,270,640
"213","United Kingdom","078","Great Britain","727","England and Wales","064","England","D","Yorkshire and The Humber",,,8580,6840,230,690,370,460,4150,3230,190,260,240,240,9670,8550,250,250,230,400
"213","United Kingdom","078","Great Britain","727","England and Wales","064","England","E","East Midlands",,,5330,4350,150,320,220,290,2850,2270,130,160,110,170,5590,4780,240,150,140,280
"213","United Kingdom","078","Great Britain","727","England and Wales","064","England","F","West Midlands",,,9110,6300,500,940,580,790,4290,3150,270,300,220,350,7240,5690,460,350,260,460
"213","United Kingdom","078","Great Britain","727","England and Wales","064","England","G","East of England",,,5320,4390,130,170,180,460,3290,2670,100,140,110,280,5780,5150,180,50,140,250
"213","United Kingdom","078","Great Britain","727","England and Wales","064","England","H","London",,,10960,4350,2800,1190,1460,1160,7780,3130,2190,590,1010,850,11650,5510,3520,500,1220,900
"213","United Kingdom","078","Great Britain","727","England and Wales","064","England","J","South East",,,5590,4840,120,160,170,310,3460,2870,130,110,90,260,9700,8600,310,180,200,410
"213","United Kingdom","078","Great Britain","727","England and Wales","064","England","K","South West",,,3650,3320,100,20,80,120,2250,1930,110,20,60,130,6810,6310,140,30,110,230