DATASET_TITLE,Population (UV01),,,,,,FROM,Apr-2001,Apr-2001,Apr-2001,Apr-2001
AREA_TYPE,Local Authority,,,,,,TO,Apr-2001,Apr-2001,Apr-2001,Apr-2001
GEO_HIERARCHY,NeSS Geography Hierarchy,,,,,,HEADING,All People,People resident in households,People resident in Communal Establishments,"People resident in Communal Establishments, of which People Sleeping Rough"
,,,,,,,MEASUREMENT_UNIT,Count,Count,Count,Count
,,,,,,,STATISTICAL_UNIT,Persons,Persons,Persons,Persons
GOR_CODE,GOR_NAME,CTY_CODE,CTY_NAME,LA_CODE,LA_NAME,AREA_METADATA,,DATA_VALUE,DATA_VALUE,DATA_VALUE,DATA_VALUE
"H","London",,,"00AA","City of London",,,7185,6861,324,22
"H","London",,,"00AB","Barking and Dagenham",,,163944,162717,1227,0
"H","London",,,"00AC","Barnet",,,314564,310255,4309,22
"H","London",,,"00AD","Bexley",,,218307,217262,1045,0
"H","London",,,"00AE","Brent",,,263464,261232,2232,5
"H","London",,,"00AF","Bromley",,,295532,292729,2803,0
"H","London",,,"00AG","Camden",,,198020,188724,9296,46
"H","London",,,"00AH","Croydon",,,330587,327472,3115,0
"H","London",,,"00AJ","Ealing",,,300948,298269,2679,3
"H","London",,,"00AK","Enfield",,,273559,270314,3245,3
"H","London",,,"00AL","Greenwich",,,214403,211792,2611,0
"H","London",,,"00AM","Hackney",,,202824,201215,1609,0
"H","London",,,"00AN","Hammersmith and Fulham",,,165242,163184,2058,4
"H","London",,,"00AP","Haringey",,,216507,214377,2130,3
"H","London",,,"00AQ","Harrow",,,206814,205099,1715,0
"H","London",,,"00AR","Havering",,,224248,222568,1680,0
"H","London",,,"00AS","Hillingdon",,,243006,238777,4229,0
"H","London",,,"00AT","Hounslow",,,212341,210519,1822,3
"H","London",,,"00AU","Islington",,,175797,172262,3535,10
"H","London",,,"00AW","Kensington and Chelsea",,,158919,155435,3484,19
"H","London",,,"00AX","Kingston upon Thames",,,147273,143969,3304,0
"H","London",,,"00AY","Lambeth",,,266169,263098,3071,11
"H","London",,,"00AZ","Lewisham",,,248922,246555,2367,0
"H","London",,,"00BA","Merton",,,187908,186860,1048,0
"H","London",,,"00BB","Newham",,,243891,242196,1695,0
"H","London",,,"00BC","Redbridge",,,238635,236171,2464,12
"H","London",,,"00BD","Richmond upon Thames",,,172335,169642,2693,0
"H","London",,,"00BE","Southwark",,,244866,239512,5354,0
"H","London",,,"00BF","Sutton",,,179768,178004,1764,0
"H","London",,,"00BG","Tower Hamlets",,,196106,193987,2119,3
"H","London",,,"00BH","Waltham Forest",,,218341,216589,1752,9
"H","London",,,"00BJ","Wandsworth",,,260380,255973,4407,0
"H","London",,,"00BK","Westminster",,,181286,175013,6273,26