DATASET_TITLE,"Incapacity Benefit/Severe Disablement Allowance Claimants, February 2002",,,,,,,,,,FROM,Feb-2002,Feb-2002,Feb-2002,Feb-2002,Feb-2002,Feb-2002,Feb-2002,Feb-2002,Feb-2002,Feb-2002,Feb-2002,Feb-2002,Feb-2002,Feb-2002,Feb-2002,Feb-2002,Feb-2002,Feb-2002,Feb-2002,Feb-2002,Feb-2002,Feb-2002,Feb-2002,Feb-2002,Feb-2002,Feb-2002,Feb-2002,Feb-2002,Feb-2002,Feb-2002,Feb-2002,Feb-2002
AREA_TYPE,Region,,,,,,,,,,TO,Feb-2002,Feb-2002,Feb-2002,Feb-2002,Feb-2002,Feb-2002,Feb-2002,Feb-2002,Feb-2002,Feb-2002,Feb-2002,Feb-2002,Feb-2002,Feb-2002,Feb-2002,Feb-2002,Feb-2002,Feb-2002,Feb-2002,Feb-2002,Feb-2002,Feb-2002,Feb-2002,Feb-2002,Feb-2002,Feb-2002,Feb-2002,Feb-2002,Feb-2002,Feb-2002,Feb-2002,Feb-2002
GEO_HIERARCHY,NeSS Geography Hierarchy,,,,,,,,,,HEADING,Total,Total Incapacity Benefit Claimants,Total Severe Disablement Allowance Claimants,Claimants Aged 16-24,Claimants Aged 16-24,Claimants Aged 25-49,Claimants Aged 25-49,Claimants Aged 50-59,Claimants Aged 50-59,Claimants Aged 60 and Over,Claimants Aged 60 and Over,Male,Male,Female,Female,Claim Duration Less Than 6 Months,Claim Duration 6 Months-1 Year,Claim Duration 1-2 Years,Claim Duration 2-5 Years,Claim Duration 5 Years and Over,Medical Reason for Claiming; Mental Disorders,Medical Reason for Claiming; Mental Disorders,Medical Reason for Claiming; Diseases of the Nervous System,Medical Reason for Claiming; Diseases of the Nervous System,Medical Reason for Claiming; Diseases of the Respiratory or Circulatory System,Medical Reason for Claiming; Diseases of the Respiratory or Circulatory System,Medical Reason for Claiming; Musculoskeletal Diseases,Medical Reason for Claiming; Musculoskeletal Diseases,Medical Reason for Claiming; Injury or Poisoning,Medical Reason for Claiming; Injury or Poisoning,Medical Reason for Claiming; Other,Medical Reason for Claiming; Other
,,,,,,,,,,,MEASUREMENT_UNIT,Count,Count,Count,Count,Percentage,Count,Percentage,Count,Percentage,Count,Percentage,Count,Percentage,Count,Percentage,Count,Count,Count,Count,Count,Count,Percentage,Count,Percentage,Count,Percentage,Count,Percentage,Count,Percentage,Count,Percentage
,,,,,,,,,,,STATISTICAL_UNIT,Persons,Persons,Persons,Persons,Persons,Persons,Persons,Persons,Persons,Persons,Persons,Persons,Persons,Persons,Persons,Persons,Persons,Persons,Persons,Persons,Persons,Persons,Persons,Persons,Persons,Persons,Persons,Persons,Persons,Persons,Persons,Persons
UK_CODE,UK_NAME,GB_CODE,GB_NAME,EW_CODE,EW_NAME,CTRY_CODE,CTRY_NAME,GOR_CODE,GOR_NAME,AREA_METADATA,,DATA_VALUE,DATA_VALUE,DATA_VALUE,DATA_VALUE,DATA_VALUE,DATA_VALUE,DATA_VALUE,DATA_VALUE,DATA_VALUE,DATA_VALUE,DATA_VALUE,DATA_VALUE,DATA_VALUE,DATA_VALUE,DATA_VALUE,DATA_VALUE,DATA_VALUE,DATA_VALUE,DATA_VALUE,DATA_VALUE,DATA_VALUE,DATA_VALUE,DATA_VALUE,DATA_VALUE,DATA_VALUE,DATA_VALUE,DATA_VALUE,DATA_VALUE,DATA_VALUE,DATA_VALUE,DATA_VALUE,DATA_VALUE
"213","United Kingdom","078","Great Britain","727","England and Wales","064","England",,,,,2217260,1921340,295920,133800,6,1021020,46,755510,34,306930,14,1326380,60,890880,40,222910,152430,240850,552680,1048400,766490,35,132970,6,221540,10,463160,21,130320,6,502790,23
"213","United Kingdom","078","Great Britain",,,,,,,,,2776020,2416720,359300,167110,6,1273300,46,949050,34,386550,14,1651060,59,1124950,41,276680,188190,296440,689170,1325560,962090,35,161480,6,281960,10,577320,21,161620,6,631560,23
"213","United Kingdom","078","Great Britain",,,"179","Scotland",,,,,335770,296070,39700,20790,6,157470,47,112760,34,44740,13,193010,57,142750,43,34020,22430,33840,82120,163360,125040,37,18380,5,35030,10,62240,19,17060,5,78020,23
"213","United Kingdom","078","Great Britain","727","England and Wales","220","Wales",,,,,222990,199310,23680,12520,6,94810,43,80780,36,34880,16,131670,59,91320,41,19750,13330,21750,54370,113800,70560,32,10130,5,25390,11,51920,23,14240,6,50750,23
"213","United Kingdom","078","Great Britain","727","England and Wales",,,,,,,2440250,2120650,319600,146320,6,1115830,46,836290,34,341810,14,1458050,60,982200,40,242660,165760,262600,607050,1162200,837050,34,143100,6,246930,10,515080,21,144560,6,553540,23
"213","United Kingdom","078","Great Britain","727","England and Wales","064","England","A","North East",,,187910,168140,19770,11670,6,82140,44,65910,35,28190,15,115080,61,72830,39,18060,12220,18920,44810,93900,60930,32,9050,5,19070,10,47680,25,11150,6,40040,21
"213","United Kingdom","078","Great Britain","727","England and Wales","064","England","B","North West",,,445690,396480,49200,24700,6,202500,45,154930,35,63560,14,266210,60,179470,40,41320,28340,45310,108130,222580,155350,35,22660,5,50640,11,95350,21,25080,6,96610,22
"213","United Kingdom","078","Great Britain","727","England and Wales","064","England","D","Yorkshire and The Humber",,,251820,219030,32780,15610,6,110530,44,87320,35,38360,15,153530,61,98290,39,27020,17180,27400,61610,118600,81010,32,15260,6,28720,11,54900,22,14620,6,57300,23
"213","United Kingdom","078","Great Britain","727","England and Wales","064","England","E","East Midlands",,,187320,157870,29450,11270,6,82710,44,65850,35,27490,15,111350,59,75970,41,18300,12870,20970,47330,87850,58910,31,11810,6,19120,10,43030,23,11310,6,43130,23
"213","United Kingdom","078","Great Britain","727","England and Wales","064","England","F","West Midlands",,,253180,219920,33260,16290,6,113380,45,87420,35,36090,14,152100,60,101080,40,25960,17900,27720,63860,117740,82800,33,14990,6,27540,11,58090,23,15210,6,54550,22
"213","United Kingdom","078","Great Britain","727","England and Wales","064","England","G","East of England",,,171690,143450,28230,10790,6,78760,46,58600,34,23530,14,99650,58,72040,42,18220,12210,18630,42380,80240,59020,34,13560,8,14620,9,34960,20,10300,6,39230,23
"213","United Kingdom","078","Great Britain","727","England and Wales","064","England","H","London",,,303550,271450,32100,16380,5,158750,52,95410,31,33010,11,181100,60,122450,40,30180,22760,36650,82380,131580,116450,38,15510,5,26760,9,52780,17,16630,5,75420,25
"213","United Kingdom","078","Great Britain","727","England and Wales","064","England","J","South East",,,228760,188010,40750,14770,6,106380,47,76700,34,30900,14,134670,59,94090,41,23960,16110,24690,55560,108430,83240,36,17250,8,19220,8,40580,18,14270,6,54200,24
"213","United Kingdom","078","Great Britain","727","England and Wales","064","England","K","South West",,,187360,156980,30380,12330,7,85870,46,63370,34,25800,14,112690,60,74660,40,19860,12840,20560,46610,87480,68780,37,12880,7,15850,8,35790,19,11750,6,42310,23