DATASET_TITLE,"Incapacity Benefit/Severe Disablement Allowance Claimants, February 2002",,,,,,FROM,Feb-2002,Feb-2002,Feb-2002,Feb-2002,Feb-2002,Feb-2002,Feb-2002,Feb-2002,Feb-2002,Feb-2002,Feb-2002,Feb-2002,Feb-2002,Feb-2002,Feb-2002,Feb-2002,Feb-2002,Feb-2002,Feb-2002,Feb-2002,Feb-2002,Feb-2002,Feb-2002,Feb-2002,Feb-2002,Feb-2002,Feb-2002,Feb-2002,Feb-2002,Feb-2002,Feb-2002,Feb-2002
AREA_TYPE,Local Authority,,,,,,TO,Feb-2002,Feb-2002,Feb-2002,Feb-2002,Feb-2002,Feb-2002,Feb-2002,Feb-2002,Feb-2002,Feb-2002,Feb-2002,Feb-2002,Feb-2002,Feb-2002,Feb-2002,Feb-2002,Feb-2002,Feb-2002,Feb-2002,Feb-2002,Feb-2002,Feb-2002,Feb-2002,Feb-2002,Feb-2002,Feb-2002,Feb-2002,Feb-2002,Feb-2002,Feb-2002,Feb-2002,Feb-2002
GEO_HIERARCHY,NeSS Geography Hierarchy,,,,,,HEADING,Total,Total Incapacity Benefit Claimants,Total Severe Disablement Allowance Claimants,Claimants Aged 16-24,Claimants Aged 16-24,Claimants Aged 25-49,Claimants Aged 25-49,Claimants Aged 50-59,Claimants Aged 50-59,Claimants Aged 60 and Over,Claimants Aged 60 and Over,Male,Male,Female,Female,Claim Duration Less Than 6 Months,Claim Duration 6 Months-1 Year,Claim Duration 1-2 Years,Claim Duration 2-5 Years,Claim Duration 5 Years and Over,Medical Reason for Claiming; Mental Disorders,Medical Reason for Claiming; Mental Disorders,Medical Reason for Claiming; Diseases of the Nervous System,Medical Reason for Claiming; Diseases of the Nervous System,Medical Reason for Claiming; Diseases of the Respiratory or Circulatory System,Medical Reason for Claiming; Diseases of the Respiratory or Circulatory System,Medical Reason for Claiming; Musculoskeletal Diseases,Medical Reason for Claiming; Musculoskeletal Diseases,Medical Reason for Claiming; Injury or Poisoning,Medical Reason for Claiming; Injury or Poisoning,Medical Reason for Claiming; Other,Medical Reason for Claiming; Other
,,,,,,,MEASUREMENT_UNIT,Count,Count,Count,Count,Percentage,Count,Percentage,Count,Percentage,Count,Percentage,Count,Percentage,Count,Percentage,Count,Count,Count,Count,Count,Count,Percentage,Count,Percentage,Count,Percentage,Count,Percentage,Count,Percentage,Count,Percentage
,,,,,,,STATISTICAL_UNIT,Persons,Persons,Persons,Persons,Persons,Persons,Persons,Persons,Persons,Persons,Persons,Persons,Persons,Persons,Persons,Persons,Persons,Persons,Persons,Persons,Persons,Persons,Persons,Persons,Persons,Persons,Persons,Persons,Persons,Persons,Persons,Persons
GOR_CODE,GOR_NAME,CTY_CODE,CTY_NAME,LA_CODE,LA_NAME,AREA_METADATA,,DATA_VALUE,DATA_VALUE,DATA_VALUE,DATA_VALUE,DATA_VALUE,DATA_VALUE,DATA_VALUE,DATA_VALUE,DATA_VALUE,DATA_VALUE,DATA_VALUE,DATA_VALUE,DATA_VALUE,DATA_VALUE,DATA_VALUE,DATA_VALUE,DATA_VALUE,DATA_VALUE,DATA_VALUE,DATA_VALUE,DATA_VALUE,DATA_VALUE,DATA_VALUE,DATA_VALUE,DATA_VALUE,DATA_VALUE,DATA_VALUE,DATA_VALUE,DATA_VALUE,DATA_VALUE,DATA_VALUE,DATA_VALUE
"A","North East",,,"00CH","Gateshead",,,15770,14400,1360,990,6,7100,45,5260,33,2410,15,9930,63,5840,37,1320,1080,1540,3950,7870,5490,35,710,5,1480,9,3780,24,1000,6,3310,21
"A","North East",,,"00CJ","Newcastle upon Tyne",,,20080,18110,1970,1440,7,9930,49,6330,32,2390,12,12390,62,7700,38,1880,1490,2190,5250,9270,8030,40,900,4,1750,9,4370,22,1130,6,3900,19
"A","North East",,,"00CK","North Tyneside",,,12600,11290,1310,760,6,5370,43,4650,37,1820,14,7580,60,5030,40,1340,840,1350,3130,5940,3830,30,690,5,1250,10,3240,26,810,6,2780,22
"A","North East",,,"00CL","South Tyneside",,,11690,10740,960,650,6,5150,44,4110,35,1780,15,7340,63,4360,37,1320,900,1060,2770,5640,3600,31,490,4,1280,11,2920,25,780,7,2630,22
"A","North East",,,"00CM","Sunderland",,,23460,21250,2210,1350,6,10170,43,8340,36,3600,15,14460,62,9000,38,2150,1440,2340,5270,12270,7380,31,1140,5,2600,11,6600,28,1310,6,4430,19
"A","North East",,,"00EB","Hartlepool",,,8040,7250,790,520,6,3690,46,2690,33,1150,14,4830,60,3220,40,760,480,840,2040,3920,2490,31,370,5,830,10,2440,30,480,6,1430,18
"A","North East",,,"00EC","Middlesbrough",,,10770,9420,1350,790,7,5130,48,3420,32,1430,13,6550,61,4220,39,1060,720,1130,2650,5210,3620,34,530,5,1220,11,2400,22,560,5,2450,23
"A","North East",,,"00EE","Redcar and Cleveland",,,10060,8880,1190,610,6,4130,41,3700,37,1620,16,6200,62,3860,38,910,600,1010,2410,5130,3060,30,580,6,1150,11,2660,26,520,5,2100,21
"A","North East",,,"00EF","Stockton-on-Tees",,,10320,9190,1130,630,6,4510,44,3610,35,1560,15,6240,60,4080,40,1030,640,1190,2510,4960,3220,31,540,5,1140,11,2690,26,520,5,2200,21
"A","North East",,,"00EH","Darlington",,,5670,4760,900,370,7,2400,42,2020,36,880,16,3450,61,2220,39,610,370,620,1320,2750,1970,35,340,6,570,10,1310,23,320,6,1160,20
"A","North East","20","Durham","20UB","Chester-le-Street",,,3680,3330,350,220,6,1490,40,1340,36,630,17,2250,61,1430,39,390,230,350,840,1870,1270,35,190,5,400,11,910,25,220,6,680,18
"A","North East","20","Durham","20UD","Derwentside",,,6830,6050,790,400,6,2800,41,2530,37,1110,16,4220,62,2610,38,660,410,600,1580,3580,2220,33,300,4,720,11,1820,27,430,6,1340,20
"A","North East","20","Durham","20UE","Durham",,,5220,4650,560,250,5,2100,40,1990,38,880,17,3190,61,2020,39,480,290,510,1220,2720,1690,32,280,5,570,11,1340,26,280,5,1060,20
"A","North East","20","Durham","20UF","Easington",,,12200,11210,980,780,6,5500,45,4250,35,1670,14,7260,60,4930,40,1000,670,1060,2650,6820,3950,32,460,4,1040,9,3110,25,940,8,2690,22
"A","North East","20","Durham","20UG","Sedgefield",,,7350,6530,820,390,5,3000,41,2750,37,1210,16,4300,59,3050,41,710,500,690,1640,3810,2070,28,320,4,740,10,2040,28,450,6,1740,24
"A","North East","20","Durham","20UH","Teesdale",,,1160,1020,140,60,5,400,34,500,43,200,17,740,64,420,36,120,80,110,270,580,290,25,60,5,150,13,340,29,60,5,260,22
"A","North East","20","Durham","20UJ","Wear Valley",,,4820,4200,630,280,6,1940,40,1750,36,860,18,2930,61,1890,39,490,290,480,1100,2460,1230,26,250,5,490,10,1330,28,240,5,1280,27
"A","North East","35","Northumberland","35UB","Alnwick",,,1330,1130,200,70,5,500,38,500,38,250,19,820,62,510,38,140,80,140,300,660,360,27,90,7,120,9,290,22,80,6,390,29
"A","North East","35","Northumberland","35UC","Berwick-upon-Tweed",,,1170,1040,130,50,4,480,41,450,38,190,16,710,61,460,39,140,70,120,310,530,310,26,70,6,140,12,310,26,80,7,250,21
"A","North East","35","Northumberland","35UD","Blyth Valley",,,5950,5360,590,400,7,2510,42,2150,36,890,15,3620,61,2330,39,650,430,680,1430,2760,1940,33,270,5,550,9,1480,25,390,7,1330,22
"A","North East","35","Northumberland","35UE","Castle Morpeth",,,2370,1900,470,150,6,930,39,850,36,440,19,1490,63,880,37,190,130,190,520,1340,680,29,140,6,180,8,490,21,110,5,780,33
"A","North East","35","Northumberland","35UF","Tynedale",,,2370,1910,460,220,9,880,37,860,36,410,17,1460,62,910,38,220,160,250,580,1170,700,30,160,7,220,9,570,24,160,7,570,24
"A","North East","35","Northumberland","35UG","Wansbeck",,,4990,4520,460,290,6,2030,41,1850,37,810,16,3130,63,1850,37,500,300,490,1080,2610,1520,30,180,4,490,10,1250,25,270,5,1280,26
"B","North West",,,"00BL","Bolton",,,16390,14810,1580,920,6,7420,45,5710,35,2340,14,9900,60,6490,40,1740,1140,1730,3960,7810,5940,36,820,5,1910,12,3480,21,900,5,3340,20
"B","North West",,,"00BM","Bury",,,9970,8960,1000,600,6,4500,45,3510,35,1350,14,5920,59,4050,41,940,640,990,2490,4910,3840,39,580,6,1030,10,2090,21,620,6,1800,18
"B","North West",,,"00BN","Manchester",,,37130,33750,3380,2520,7,19560,53,11090,30,3960,11,22810,61,14310,39,3180,2260,3650,9530,18500,16200,44,1630,4,3740,10,6360,17,1910,5,7310,20
"B","North West",,,"00BP","Oldham",,,13790,12380,1410,780,6,6260,45,4810,35,1940,14,8120,59,5670,41,1400,930,1500,3500,6470,4470,32,690,5,1580,11,3240,23,900,7,2900,21
"B","North West",,,"00BQ","Rochdale",,,14700,13270,1430,950,6,7040,48,5060,34,1650,11,8590,58,6110,42,1460,950,1610,3430,7250,5450,37,760,5,1610,11,3250,22,900,6,2730,19
"B","North West",,,"00BR","Salford",,,17580,15950,1620,1030,6,8250,47,5950,34,2350,13,10980,62,6600,38,1580,1110,1770,4410,8710,6890,39,810,5,1980,11,3580,20,1000,6,3330,19
"B","North West",,,"00BS","Stockport",,,12220,10700,1520,620,5,5490,45,4340,36,1770,14,7120,58,5100,42,1240,810,1230,3000,5940,4590,38,870,7,1430,12,2150,18,670,5,2510,21
"B","North West",,,"00BT","Tameside",,,14780,13310,1470,790,5,6640,45,5300,36,2050,14,8820,60,5960,40,1520,920,1610,3700,7030,5230,35,740,5,1850,13,3350,23,930,6,2690,18
"B","North West",,,"00BU","Trafford",,,9890,8740,1150,560,6,4520,46,3430,35,1370,14,5900,60,3990,40,990,640,1040,2430,4780,3530,36,530,5,1000,10,1860,19,540,5,2430,25
"B","North West",,,"00BW","Wigan",,,24070,22000,2070,1030,4,9640,40,9280,39,4130,17,14090,59,9980,41,2070,1340,2280,5520,12870,5900,25,890,4,2560,11,5560,23,1430,6,7730,32
"B","North West",,,"00BX","Knowsley",,,14920,13270,1640,820,5,7220,48,4920,33,1960,13,8640,58,6280,42,1290,880,1340,3390,8030,4790,32,600,4,1870,13,3530,24,700,5,3420,23
"B","North West",,,"00BY","Liverpool",,,46000,41450,4550,2760,6,22910,50,14810,32,5530,12,27110,59,18890,41,3610,2750,4500,11300,23850,17260,38,1870,4,5130,11,9320,20,2140,5,10270,22
"B","North West",,,"00BZ","St. Helens",,,14290,12730,1550,670,5,5800,41,5390,38,2420,17,8630,60,5650,40,1240,860,1290,3270,7630,4270,30,640,4,1810,13,3950,28,760,5,2860,20
"B","North West",,,"00CA","Sefton",,,18180,15950,2230,890,5,8260,45,6310,35,2730,15,10700,59,7490,41,1570,1100,1850,4360,9300,6390,35,910,5,1990,11,3760,21,1020,6,4120,23
"B","North West",,,"00CB","Wirral",,,22950,20320,2630,1260,5,10490,46,8050,35,3160,14,13740,60,9210,40,1960,1510,2200,5230,12050,8230,36,1130,5,2540,11,4850,21,1310,6,4890,21
"B","North West",,,"00ET","Halton",,,9770,8520,1260,540,6,4170,43,3600,37,1460,15,5770,59,4000,41,830,560,910,2380,5090,2770,28,450,5,1150,12,2320,24,500,5,2590,27
"B","North West",,,"00EU","Warrington",,,9790,8450,1340,480,5,4020,41,3500,36,1790,18,5840,60,3950,40,800,630,970,2360,5030,3130,32,500,5,1180,12,2080,21,520,5,2380,24
"B","North West",,,"00EX","Blackburn with Darwen",,,9830,8840,990,660,7,4750,48,3220,33,1200,12,5980,61,3840,39,1010,710,1120,2450,4540,3580,36,480,5,1150,12,1980,20,500,5,2150,22
"B","North West",,,"00EY","Blackpool",,,11400,10200,1200,520,5,5180,45,4050,36,1650,14,7190,63,4220,37,1220,780,1170,2800,5430,3960,35,570,5,1410,12,2450,21,750,7,2260,20
"B","North West","13","Cheshire","13UB","Chester",,,5410,4710,700,290,5,2460,45,1850,34,810,15,3280,61,2130,39,510,330,540,1360,2670,2060,38,310,6,510,9,1110,21,250,5,1170,22
"B","North West","13","Cheshire","13UC","Congleton",,,3040,2580,450,160,5,1150,38,1160,38,560,18,1730,57,1300,43,310,190,380,790,1370,970,32,240,8,350,12,680,22,160,5,630,21
"B","North West","13","Cheshire","13UD","Crewe and Nantwich",,,4750,4080,660,250,5,1930,41,1730,36,840,18,2830,60,1920,40,430,300,500,1190,2320,1610,34,360,8,550,12,1060,22,230,5,930,20
"B","North West","13","Cheshire","13UE","Ellesmere Port & Neston",,,4150,3540,610,200,5,1770,43,1380,33,790,19,2420,58,1730,42,400,240,410,1060,2040,1300,31,210,5,470,11,1040,25,250,6,870,21
"B","North West","13","Cheshire","13UG","Macclesfield",,,4770,3890,880,250,5,2120,44,1660,35,730,15,2770,58,1990,42,490,320,490,1080,2390,1840,39,500,10,440,9,800,17,240,5,940,20
"B","North West","13","Cheshire","13UH","Vale Royal",,,5630,4830,800,280,5,2240,40,2130,38,970,17,3350,60,2280,40,540,370,570,1240,2910,1560,28,330,6,710,13,1460,26,320,6,1250,22
"B","North West","16","Cumbria","16UB","Allerdale",,,5070,4400,660,240,5,2090,41,1880,37,860,17,3130,62,1930,38,540,340,500,1230,2450,1440,28,290,6,620,12,1190,23,400,8,1120,22
"B","North West","16","Cumbria","16UC","Barrow-in-Furness",,,6470,5750,720,330,5,2770,43,2330,36,1040,16,3900,60,2570,40,600,390,600,1450,3430,2270,35,320,5,770,12,1410,22,350,5,1350,21
"B","North West","16","Cumbria","16UD","Carlisle",,,5390,4650,750,340,6,2480,46,1780,33,790,15,3150,58,2250,42,560,370,590,1380,2490,1910,35,330,6,610,11,1090,20,320,6,1130,21
"B","North West","16","Cumbria","16UE","Copeland",,,4310,3860,460,250,6,1720,40,1560,36,770,18,2730,63,1580,37,430,260,480,1030,2110,1270,29,240,6,540,13,1060,25,290,7,930,22
"B","North West","16","Cumbria","16UF","Eden",,,1670,1440,230,80,5,680,41,630,38,290,17,970,58,700,42,180,110,180,390,820,460,28,150,9,170,10,370,22,120,7,400,24
"B","North West","16","Cumbria","16UG","South Lakeland",,,3550,3060,490,180,5,1370,39,1370,39,630,18,2150,61,1400,39,370,240,390,890,1660,1120,32,290,8,430,12,690,19,230,6,810,23
"B","North West","30","Lancashire","30UD","Burnley",,,6920,6350,560,380,5,3220,47,2420,35,900,13,4110,59,2800,40,650,490,740,1770,3270,2390,35,340,5,830,12,1660,24,460,7,1250,18
"B","North West","30","Lancashire","30UE","Chorley",,,5010,4280,730,260,5,2070,41,1870,37,810,16,2910,58,2100,42,520,350,540,1100,2500,1590,32,290,6,540,11,1090,22,310,6,1180,24
"B","North West","30","Lancashire","30UF","Fylde",,,3160,2700,460,140,4,1260,40,1240,39,510,16,1840,58,1330,42,300,190,340,740,1590,1030,33,220,7,350,11,690,22,170,5,700,22
"B","North West","30","Lancashire","30UG","Hyndburn",,,6040,5400,640,400,7,2750,46,2090,35,810,13,3570,59,2480,41,650,430,670,1440,2850,1980,33,290,5,750,12,1400,23,380,6,1240,21
"B","North West","30","Lancashire","30UH","Lancaster",,,6790,5810,980,380,6,3020,44,2330,34,1050,15,4110,61,2680,39,690,440,700,1690,3280,2580,38,420,6,800,12,1250,18,320,5,1440,21
"B","North West","30","Lancashire","30UJ","Pendle",,,5670,5190,490,330,6,2550,45,2110,37,690,12,3350,59,2330,41,550,390,640,1430,2660,1870,33,290,5,670,12,1400,25,360,6,1080,19
"B","North West","30","Lancashire","30UK","Preston",,,8170,7160,1020,560,7,3880,47,2660,33,1070,13,4960,61,3220,39,790,590,960,2030,3810,3010,37,460,6,920,11,1570,19,460,6,1750,21
"B","North West","30","Lancashire","30UL","Ribble Valley",,,2030,1660,370,100,5,860,42,760,37,320,16,1270,63,760,37,210,120,200,490,1010,680,33,120,6,190,9,400,20,140,7,500,25
"B","North West","30","Lancashire","30UM","Rossendale",,,4320,3950,370,250,6,1890,44,1570,36,620,14,2570,59,1750,41,430,300,470,1150,1970,1450,34,220,5,490,11,1070,25,320,7,770,18
"B","North West","30","Lancashire","30UN","South Ribble",,,4500,3840,660,190,4,1780,40,1790,40,740,16,2520,56,1980,44,450,330,510,1030,2190,1370,30,270,6,510,11,990,22,290,6,1070,24
"B","North West","30","Lancashire","30UP","West Lancashire",,,6010,5210,790,290,5,2440,41,2280,38,1000,17,3530,59,2480,41,580,400,610,1460,2960,1730,29,350,6,760,13,1500,25,380,6,1280,21
"B","North West","30","Lancashire","30UQ","Wyre",,,5200,4520,680,180,3,1900,37,2020,39,1100,21,3210,62,1990,38,470,330,550,1210,2640,1400,27,340,7,740,14,1240,24,340,7,1130,22
"D","Yorkshire and The Humber",,,"00CC","Barnsley",,,19650,17950,1710,1150,6,8340,42,7100,36,3060,16,12140,62,7510,38,1920,1170,2020,4290,10260,5960,30,850,4,2300,12,5380,27,1390,7,3780,19
"D","Yorkshire and The Humber",,,"00CE","Doncaster",,,19430,17110,2320,1120,6,8270,43,6840,35,3200,16,12150,63,7280,37,1870,1140,2160,4330,9930,5380,28,1060,5,2300,12,4400,23,1160,6,5130,26
"D","Yorkshire and The Humber",,,"00CF","Rotherham",,,15280,13290,1990,900,6,6290,41,5380,35,2710,18,9750,64,5530,36,1500,930,1580,3620,7660,4400,29,750,5,1700,11,3660,24,850,6,3910,26
"D","Yorkshire and The Humber",,,"00CG","Sheffield",,,26390,22930,3460,1670,6,12060,46,8660,33,4000,15,16230,62,10150,38,2670,1720,2780,6460,12750,9130,35,1620,6,2800,11,4990,19,1420,5,6430,24
"D","Yorkshire and The Humber",,,"00CX","Bradford",,,24890,21880,3010,1950,8,11820,47,7950,32,3170,13,15080,61,9810,39,2770,1940,2830,6530,10830,8770,35,1260,5,2710,11,5040,20,1370,6,5740,23
"D","Yorkshire and The Humber",,,"00CY","Calderdale",,,9180,8120,1060,520,6,4090,45,3310,36,1260,14,5390,59,3790,41,1000,710,1060,2250,4160,3220,35,650,7,1230,13,1750,19,540,6,1790,19
"D","Yorkshire and The Humber",,,"00CZ","Kirklees",,,18610,16340,2280,1240,7,8360,45,6390,34,2620,14,11220,60,7400,40,2050,1400,2120,5020,8030,6180,33,1160,6,2270,12,3870,21,1080,6,4060,22
"D","Yorkshire and The Humber",,,"00DA","Leeds",,,32400,28340,4060,1910,6,14950,46,10950,34,4590,14,19230,59,13170,41,3650,2270,3700,8290,14500,11990,37,1950,6,3600,11,6170,19,1970,6,6730,21
"D","Yorkshire and The Humber",,,"00DB","Wakefield",,,21680,19170,2510,1240,6,8820,41,8020,37,3610,17,13480,62,8200,38,2190,1280,2110,5120,10980,6060,28,1010,5,2650,12,5850,27,1150,5,4960,23
"D","Yorkshire and The Humber",,,"00FA","Kingston upon Hull, City of",,,14590,12420,2170,960,7,7010,48,4720,32,1900,13,8890,61,5700,39,1770,1030,1580,3540,6680,4800,33,930,6,1630,11,3170,22,840,6,3230,22
"D","Yorkshire and The Humber",,,"00FB","East Riding of Yorkshire",,,11020,9100,1920,530,5,4110,37,4320,39,2070,19,6680,61,4340,39,1180,690,1150,2710,5290,3030,27,900,8,1310,12,2500,23,600,5,2680,24
"D","Yorkshire and The Humber",,,"00FC","North East Lincolnshire",,,7080,5990,1090,590,8,3130,44,2320,33,1040,15,4410,62,2670,38,920,610,870,1890,2800,2160,31,530,7,850,12,1410,20,510,7,1620,23
"D","Yorkshire and The Humber",,,"00FD","North Lincolnshire",,,6660,5530,1140,400,6,2850,43,2350,35,1060,16,3890,58,2770,42,790,520,730,1600,3020,1900,29,530,8,820,12,1510,23,390,6,1510,23
"D","Yorkshire and The Humber",,,"00FF","York",,,6180,5170,1010,410,7,2790,45,2050,33,930,15,3700,60,2480,40,670,470,700,1440,2900,2340,38,480,8,550,9,1070,17,300,5,1450,23
"D","Yorkshire and The Humber","36","North Yorkshire","36UB","Craven",,,1620,1370,250,60,4,610,38,670,41,290,18,970,60,650,40,190,130,160,380,770,500,31,150,9,170,10,320,20,100,6,380,23
"D","Yorkshire and The Humber","36","North Yorkshire","36UC","Hambleton",,,2400,1960,440,110,5,900,38,950,40,440,18,1400,58,1000,42,240,150,240,580,1190,710,30,200,8,270,11,530,22,170,7,530,22
"D","Yorkshire and The Humber","36","North Yorkshire","36UD","Harrogate",,,4230,3320,920,320,8,1880,44,1380,33,650,15,2470,58,1770,42,460,320,420,970,2080,1500,35,400,9,380,9,750,18,220,5,970,23
"D","Yorkshire and The Humber","36","North Yorkshire","36UE","Richmondshire",,,1160,970,200,70,6,450,39,430,37,220,19,670,58,490,42,120,90,130,260,560,290,25,120,10,130,11,300,26,60,5,270,23
"D","Yorkshire and The Humber","36","North Yorkshire","36UF","Ryedale",,,1300,1070,230,60,5,500,38,490,38,250,19,790,61,500,38,150,80,140,330,590,320,25,120,9,140,11,310,24,60,5,340,26
"D","Yorkshire and The Humber","36","North Yorkshire","36UG","Scarborough",,,5480,4780,700,280,5,2330,43,2020,37,860,16,3420,62,2060,38,630,400,620,1370,2470,1770,32,410,7,610,11,1240,23,270,5,1190,22
"D","Yorkshire and The Humber","36","North Yorkshire","36UH","Selby",,,2560,2250,310,110,4,990,39,1010,39,450,18,1570,61,1000,39,310,160,310,620,1150,610,24,180,7,300,12,690,27,160,6,610,24
"E","East Midlands",,,"00FK","Derby",,,11570,9810,1770,760,7,5600,48,3680,32,1540,13,6910,60,4670,40,1100,770,1230,3060,5420,3940,34,620,5,1020,9,2600,22,660,6,2730,24
"E","East Midlands",,,"00FN","Leicester",,,16050,13690,2350,1050,7,7890,49,5330,33,1790,11,9130,57,6920,43,1490,1220,2070,4300,6970,5880,37,830,5,1710,11,3080,19,750,5,3800,24
"E","East Midlands",,,"00FP","Rutland",,,630,510,120,40,6,280,44,230,37,80,13,380,60,250,40,80,50,80,150,260,210,33,50,8,60,10,110,17,40,6,160,25
"E","East Midlands",,,"00FY","Nottingham",,,17830,14890,2940,1320,7,9030,51,5570,31,1910,11,10880,61,6940,39,1670,1270,2150,4660,8080,6920,39,860,5,1630,9,3480,20,930,5,3990,22
"E","East Midlands","17","Derbyshire","17UB","Amber Valley",,,5390,4650,750,310,6,2170,40,2000,37,910,17,3270,61,2130,40,540,390,610,1380,2480,1570,29,340,6,590,11,1350,25,320,6,1230,23
"E","East Midlands","17","Derbyshire","17UC","Bolsover",,,5790,5070,710,310,5,2420,42,2060,36,990,17,3760,65,2020,35,500,310,610,1390,2970,1510,26,260,4,700,12,1720,30,370,6,1230,21
"E","East Midlands","17","Derbyshire","17UD","Chesterfield",,,6410,5420,990,360,6,2700,42,2320,36,1020,16,4040,63,2370,37,600,380,640,1670,3120,2170,34,320,5,660,10,1580,25,390,6,1280,20
"E","East Midlands","17","Derbyshire","17UF","Derbyshire Dales",,,2100,1800,290,80,4,830,40,820,39,360,17,1250,60,840,40,210,150,250,500,990,620,30,160,8,180,9,560,27,110,5,470,22
"E","East Midlands","17","Derbyshire","17UG","Erewash",,,4830,4140,690,280,6,2090,43,1720,36,750,16,2800,58,2030,42,510,340,500,1210,2270,1400,29,300,6,460,10,1160,24,320,7,1190,25
"E","East Midlands","17","Derbyshire","17UH","High Peak",,,3500,3050,460,140,4,1520,43,1330,38,510,15,2030,58,1470,42,370,230,410,890,1600,1100,31,240,7,410,12,780,22,210,6,750,21
"E","East Midlands","17","Derbyshire","17UJ","North East Derbyshire",,,4920,4200,720,240,5,1980,40,1800,37,900,18,3150,64,1770,36,400,310,520,1160,2530,1330,27,320,7,570,12,1390,28,370,8,950,19
"E","East Midlands","17","Derbyshire","17UK","South Derbyshire",,,3510,3010,490,200,6,1470,42,1280,36,560,16,2050,58,1460,42,330,250,330,880,1720,910,26,230,7,390,11,920,26,210,6,840,24
"E","East Midlands","31","Leicestershire","31UB","Blaby",,,2370,1950,420,130,5,960,41,890,38,390,16,1280,54,1090,46,210,170,280,610,1090,740,31,210,9,230,10,520,22,110,5,550,23
"E","East Midlands","31","Leicestershire","31UC","Charnwood",,,4220,3420,800,270,6,1830,43,1490,35,620,15,2340,55,1880,45,470,320,480,1100,1850,1420,34,350,8,410,10,820,19,230,5,990,23
"E","East Midlands","31","Leicestershire","31UD","Harborough",,,1640,1310,320,100,6,680,41,620,38,250,15,890,54,750,46,170,120,190,400,760,560,34,170,10,140,9,310,19,100,6,350,21
"E","East Midlands","31","Leicestershire","31UE","Hinckley and Bosworth",,,2890,2430,460,170,6,1120,39,1150,40,450,16,1580,55,1310,45,320,250,340,750,1230,910,31,230,8,320,11,650,22,170,6,610,21
"E","East Midlands","31","Leicestershire","31UG","Melton",,,1080,870,210,70,6,470,44,390,36,160,15,650,60,440,41,120,100,130,240,490,320,30,90,8,120,11,220,20,70,6,260,24
"E","East Midlands","31","Leicestershire","31UH","North West Leicestershire",,,3340,2830,500,170,5,1360,41,1240,37,560,17,1920,57,1410,42,340,200,380,850,1570,980,29,240,7,350,10,890,27,190,6,680,20
"E","East Midlands","31","Leicestershire","31UJ","Oadby and Wigston",,,1440,1210,230,80,6,600,42,540,38,230,16,760,53,680,47,150,110,180,370,630,460,32,100,7,150,10,310,22,80,6,350,24
"E","East Midlands","32","Lincolnshire","32UB","Boston",,,2740,2270,480,160,6,1150,42,970,35,460,17,1620,59,1130,41,260,190,300,700,1300,730,27,160,6,270,10,720,26,150,5,720,26
"E","East Midlands","32","Lincolnshire","32UC","East Lindsey",,,7650,6400,1260,460,6,2800,37,2990,39,1410,18,4740,62,2910,38,670,490,800,1880,3810,1960,26,510,7,920,12,2000,26,510,7,1740,23
"E","East Midlands","32","Lincolnshire","32UD","Lincoln",,,4740,3960,780,370,8,2380,50,1480,31,510,11,2860,60,1880,40,490,340,590,1270,2060,1810,38,270,6,400,8,890,19,250,5,1120,24
"E","East Midlands","32","Lincolnshire","32UE","North Kesteven",,,3220,2630,590,170,5,1210,38,1260,39,580,18,1840,57,1370,43,290,190,380,770,1590,880,27,270,8,360,11,780,24,220,7,710,22
"E","East Midlands","32","Lincolnshire","32UF","South Holland",,,2970,2430,540,110,4,1140,38,1150,39,580,20,1610,54,1360,46,280,190,330,700,1470,680,23,250,8,360,12,770,26,220,7,700,24
"E","East Midlands","32","Lincolnshire","32UG","South Kesteven",,,3640,2900,740,210,6,1570,43,1340,37,510,14,2000,55,1640,45,350,230,420,920,1710,1100,30,290,8,350,10,780,21,220,6,900,25
"E","East Midlands","32","Lincolnshire","32UH","West Lindsey",,,3380,2720,660,200,6,1430,42,1210,36,550,16,2070,61,1320,39,330,220,370,830,1630,1050,31,280,8,340,10,720,21,220,7,770,23
"E","East Midlands","34","Northamptonshire","34UB","Corby",,,3030,2620,410,190,6,1410,47,1020,34,410,14,1730,57,1300,43,320,220,310,840,1330,870,29,160,5,360,12,650,21,200,7,790,26
"E","East Midlands","34","Northamptonshire","34UC","Daventry",,,1780,1510,260,100,6,770,43,650,37,260,15,910,51,870,49,220,140,190,430,780,540,30,130,7,160,9,340,19,150,8,460,26
"E","East Midlands","34","Northamptonshire","34UD","East Northamptonshire",,,2100,1720,380,120,6,950,45,740,35,280,13,1160,55,940,45,240,170,250,530,900,570,27,180,9,220,10,420,20,160,8,550,26
"E","East Midlands","34","Northamptonshire","34UE","Kettering",,,2940,2440,500,190,6,1310,45,1040,35,400,14,1640,56,1300,44,350,200,340,730,1330,940,32,220,7,270,9,590,20,170,6,750,26
"E","East Midlands","34","Northamptonshire","34UF","Northampton",,,7270,5820,1450,500,7,3520,48,2430,33,830,11,4180,57,3090,43,760,500,820,1840,3370,2720,37,490,7,580,8,1190,16,490,7,1800,25
"E","East Midlands","34","Northamptonshire","34UG","South Northamptonshire",,,1500,1260,240,80,5,590,39,590,39,240,16,820,55,680,45,160,110,150,390,680,420,28,140,9,160,11,310,21,120,8,360,24
"E","East Midlands","34","Northamptonshire","34UH","Wellingborough",,,2770,2300,470,180,6,1310,47,910,33,380,14,1580,57,1190,43,350,200,310,700,1210,870,31,210,8,260,9,530,19,180,6,730,26
"E","East Midlands","37","Nottinghamshire","37UB","Ashfield",,,7090,6160,940,450,6,2980,42,2440,34,1220,17,4400,62,2690,38,660,560,750,1780,3340,1970,28,440,6,740,10,1800,25,470,7,1670,24
"E","East Midlands","37","Nottinghamshire","37UC","Bassetlaw",,,6860,5880,980,370,5,3040,44,2380,35,1070,16,4330,63,2530,37,670,430,730,1630,3400,2110,31,360,5,740,11,1920,28,450,7,1280,19
"E","East Midlands","37","Nottinghamshire","37UD","Broxtowe",,,4310,3690,630,230,5,1720,40,1660,39,700,16,2490,58,1830,42,430,310,500,1100,1980,1280,30,270,6,440,10,1020,24,240,6,1060,25
"E","East Midlands","37","Nottinghamshire","37UE","Gedling",,,4430,3730,690,220,5,1880,42,1630,37,690,16,2670,60,1750,40,440,280,490,1080,2140,1270,29,290,7,430,10,1040,23,280,6,1120,25
"E","East Midlands","37","Nottinghamshire","37UF","Mansfield",,,7420,6540,880,420,6,3300,44,2580,35,1120,15,4770,64,2650,36,650,470,720,1780,3790,1900,26,380,5,850,11,2210,30,450,6,1640,22
"E","East Midlands","37","Nottinghamshire","37UG","Newark and Sherwood",,,5180,4390,790,310,6,2180,42,1850,36,840,16,3210,62,1970,38,480,330,530,1220,2610,1420,27,330,6,550,11,1390,27,320,6,1170,23
"E","East Midlands","37","Nottinghamshire","37UJ","Rushcliffe",,,2790,2250,540,160,6,1100,39,1060,38,470,17,1640,59,1150,41,280,180,310,640,1380,840,30,250,9,280,10,550,20,180,6,690,25
"F","West Midlands",,,"00CN","Birmingham",,,56890,50400,6490,4090,7,28180,50,17890,31,6720,12,34700,61,22190,39,5510,4070,6540,14830,25940,20690,36,2890,5,5880,10,11360,20,3150,6,12910,23
"F","West Midlands",,,"00CQ","Coventry",,,16200,14420,1770,980,6,7650,47,5550,34,2020,12,9540,59,6650,41,1500,1050,1710,4140,7800,5260,32,980,6,1640,10,3730,23,1150,7,3430,21
"F","West Midlands",,,"00CR","Dudley",,,13380,11560,1820,710,5,5740,43,4710,35,2210,17,8310,62,5060,38,1490,970,1550,3380,5990,3910,29,740,6,1560,12,3430,26,910,7,2830,21
"F","West Midlands",,,"00CS","Sandwell",,,16420,14720,1700,850,5,7230,44,5920,36,2420,15,10060,61,6360,39,1740,1260,1780,4320,7310,4530,28,830,5,2190,13,4420,27,1020,6,3430,21
"F","West Midlands",,,"00CT","Solihull",,,7320,6220,1100,430,6,2990,41,2800,38,1110,15,4300,59,3020,41,680,500,730,1860,3550,2330,32,460,6,760,10,1580,22,400,5,1800,25
"F","West Midlands",,,"00CU","Walsall",,,14100,12270,1830,980,7,6150,44,4770,34,2200,16,8730,62,5370,38,1530,1080,1590,3490,6400,4310,31,720,5,1790,13,3290,23,800,6,3190,23
"F","West Midlands",,,"00CW","Wolverhampton",,,14120,12450,1670,930,7,6460,46,4760,34,1970,14,8590,61,5530,39,1630,1130,1500,3520,6350,4670,33,760,5,1670,12,3450,24,800,6,2770,20
"F","West Midlands",,,"00GA","Herefordshire, County of",,,5920,4840,1080,450,8,2520,43,2060,35,890,15,3550,60,2370,40,620,380,670,1430,2810,1970,33,420,7,530,9,1220,21,390,7,1400,24
"F","West Midlands",,,"00GF","Telford and Wrekin",,,7910,6820,1090,520,7,3620,46,2740,35,1030,13,4580,58,3330,42,830,600,870,1960,3650,2420,31,470,6,770,10,1990,25,430,5,1840,23
"F","West Midlands",,,"00GL","Stoke-on-Trent",,,20290,17960,2330,1530,8,9450,47,6750,33,2560,13,11960,59,8330,41,1960,1300,2090,5170,9760,7460,37,990,5,2210,11,4790,24,1160,6,3690,18
"F","West Midlands","39","Shropshire","39UB","Bridgnorth",,,1610,1390,230,80,5,590,37,640,40,310,19,1020,63,590,37,160,100,180,410,770,460,29,150,9,160,10,360,22,90,6,400,25
"F","West Midlands","39","Shropshire","39UC","North Shropshire",,,2150,1740,410,120,6,920,43,760,35,340,16,1250,58,900,42,240,140,230,520,1020,650,30,150,7,230,11,530,25,140,7,440,20
"F","West Midlands","39","Shropshire","39UD","Oswestry",,,1610,1210,400,200,12,650,40,550,34,220,14,930,58,680,42,160,110,150,410,780,470,29,140,9,130,8,390,24,100,6,380,24
"F","West Midlands","39","Shropshire","39UE","Shrewsbury and Atcham",,,3760,3080,670,230,6,1610,43,1310,35,600,16,2260,60,1500,40,400,250,390,900,1820,1380,37,300,8,340,9,760,20,240,6,750,20
"F","West Midlands","39","Shropshire","39UF","South Shropshire",,,1390,1160,230,50,4,550,40,530,38,250,18,840,60,550,40,130,90,140,340,690,450,32,100,7,140,10,310,22,110,8,290,21
"F","West Midlands","41","Staffordshire","41UB","Cannock Chase",,,4760,4080,680,290,6,1910,40,1730,36,830,17,2930,62,1830,38,450,350,480,1160,2320,1240,26,300,6,640,13,1420,30,250,5,920,19
"F","West Midlands","41","Staffordshire","41UC","East Staffordshire",,,4040,3410,640,300,7,1770,44,1350,33,630,16,2470,61,1580,39,480,300,480,920,1870,1270,31,250,6,420,10,930,23,240,6,930,23
"F","West Midlands","41","Staffordshire","41UD","Lichfield",,,3160,2660,500,150,5,1180,37,1220,39,600,19,1910,60,1250,40,330,220,370,690,1540,940,30,230,7,380,12,750,24,190,6,670,21
"F","West Midlands","41","Staffordshire","41UE","Newcastle-under-Lyme",,,6820,6020,800,400,6,2870,42,2470,36,1090,16,4090,60,2730,40,650,450,680,1770,3270,2190,32,360,5,840,12,1760,26,480,7,1190,17
"F","West Midlands","41","Staffordshire","41UF","South Staffordshire",,,3200,2720,480,120,4,1190,37,1210,38,680,21,1940,61,1260,39,310,220,350,740,1580,840,26,220,7,440,14,820,26,180,6,710,22
"F","West Midlands","41","Staffordshire","41UG","Stafford",,,4340,3650,690,240,6,1770,41,1610,37,720,17,2580,59,1760,41,480,310,430,1070,2050,1510,35,370,9,420,10,940,22,250,6,840,19
"F","West Midlands","41","Staffordshire","41UH","Staffordshire Moorlands",,,4920,4240,680,220,4,1940,39,1880,38,890,18,2880,59,2050,42,440,340,510,1200,2440,1540,31,320,7,570,12,1210,25,310,6,980,20
"F","West Midlands","41","Staffordshire","41UK","Tamworth",,,3080,2670,420,190,6,1260,41,1190,39,440,14,1790,58,1290,42,340,230,330,730,1450,840,27,200,6,380,12,740,24,220,7,710,23
"F","West Midlands","44","Warwickshire","44UB","North Warwickshire",,,2550,2210,340,120,5,910,36,1020,40,510,20,1520,60,1040,41,250,180,260,620,1240,620,24,140,5,300,12,750,29,140,5,590,23
"F","West Midlands","44","Warwickshire","44UC","Nuneaton and Bedworth",,,5950,5180,760,330,6,2510,42,2210,37,900,15,3550,60,2400,40,620,380,600,1470,2890,1800,30,340,6,600,10,1590,27,350,6,1260,21
"F","West Midlands","44","Warwickshire","44UD","Rugby",,,2630,2200,430,140,5,1120,43,1000,38,370,14,1510,57,1110,42,300,170,290,620,1240,840,32,260,10,240,9,580,22,180,7,520,20
"F","West Midlands","44","Warwickshire","44UE","Stratford-on-Avon",,,2570,2130,450,150,6,1050,41,950,37,430,17,1460,57,1120,44,310,180,270,610,1210,800,31,240,9,240,9,540,21,140,5,620,24
"F","West Midlands","44","Warwickshire","44UF","Warwick",,,3610,3020,590,210,6,1620,45,1240,34,530,15,2100,58,1510,42,360,250,390,850,1750,1310,36,270,7,320,9,650,18,200,6,850,24
"F","West Midlands","47","Worcestershire","47UB","Bromsgrove",,,2450,2110,350,150,6,990,40,890,36,420,17,1430,58,1030,42,240,170,280,590,1170,810,33,170,7,220,9,530,22,150,6,580,24
"F","West Midlands","47","Worcestershire","47UC","Malvern Hills",,,2290,1890,400,160,7,980,43,820,36,340,15,1340,59,960,42,230,150,270,620,1020,770,34,210,9,210,9,430,19,160,7,510,22
"F","West Midlands","47","Worcestershire","47UD","Redditch",,,2960,2530,430,220,7,1280,43,1130,38,330,11,1660,56,1300,44,350,190,320,720,1380,890,30,210,7,290,10,650,22,180,6,750,25
"F","West Midlands","47","Worcestershire","47UE","Worcester",,,3520,2990,530,290,8,1660,47,1130,32,450,13,2050,58,1470,42,420,260,430,920,1490,1260,36,250,7,330,9,670,19,230,7,780,22
"F","West Midlands","47","Worcestershire","47UF","Wychavon",,,3240,2710,530,220,7,1390,43,1150,35,480,15,1890,58,1350,42,400,250,380,840,1370,980,30,310,10,310,10,700,22,210,6,730,23
"F","West Midlands","47","Worcestershire","47UG","Wyre Forest",,,4010,3270,740,260,6,1700,42,1470,37,580,14,2400,60,1610,40,450,270,460,1050,1780,1410,35,260,6,370,9,820,20,260,6,870,22
"G","East of England",,,"00JA","Peterborough",,,6760,5910,840,430,6,3350,50,2190,32,790,12,3950,58,2810,42,800,470,810,1650,3030,2170,32,420,6,570,8,1490,22,390,6,1720,25
"G","East of England",,,"00KA","Luton",,,7420,6490,930,470,6,3530,48,2400,32,1020,14,4540,61,2870,39,870,570,880,1860,3230,2300,31,460,6,780,11,1540,21,450,6,1890,25
"G","East of England",,,"00KF","Southend-on-Sea",,,6920,6040,880,470,7,3330,48,2330,34,780,11,4100,59,2820,41,790,510,780,1780,3060,2710,39,390,6,500,7,1140,16,390,6,1770,26
"G","East of England",,,"00KG","Thurrock",,,5140,4440,700,300,6,2330,45,1810,35,710,14,3020,59,2120,41,550,330,580,1250,2440,1770,34,390,8,510,10,1260,25,360,7,850,17
"G","East of England","09","Bedfordshire","09UC","Mid Bedfordshire",,,2410,1960,450,130,5,1100,46,840,35,330,14,1320,55,1080,45,260,180,260,580,1130,670,28,240,10,210,9,490,20,160,7,630,26
"G","East of England","09","Bedfordshire","09UD","Bedford",,,4950,4090,860,320,6,2480,50,1570,32,590,12,2880,58,2070,42,510,350,540,1120,2430,1760,36,320,6,400,8,1000,20,320,6,1150,23
"G","East of England","09","Bedfordshire","09UE","South Bedfordshire",,,3000,2530,460,180,6,1400,47,1010,34,410,14,1730,58,1270,42,330,230,300,750,1380,880,29,260,9,280,9,630,21,230,8,710,24
"G","East of England","12","Cambridgeshire","12UB","Cambridge",,,3060,2620,430,220,7,1690,55,890,29,260,8,1840,60,1220,40,300,210,330,760,1450,1520,50,210,7,170,6,380,12,130,4,650,21
"G","East of England","12","Cambridgeshire","12UC","East Cambridgeshire",,,1670,1330,340,90,5,730,44,610,37,240,14,900,54,770,46,170,140,170,410,790,500,30,170,10,130,8,330,20,120,7,430,26
"G","East of England","12","Cambridgeshire","12UD","Fenland",,,3430,2930,500,190,6,1480,43,1250,36,510,15,1950,57,1470,43,340,230,380,840,1640,940,27,250,7,330,10,940,27,230,7,740,22
"G","East of England","12","Cambridgeshire","12UE","Huntingdonshire",,,3690,3090,600,230,6,1660,45,1290,35,510,14,2040,55,1650,45,410,280,410,940,1650,1070,29,320,9,360,10,770,21,240,7,930,25
"G","East of England","12","Cambridgeshire","12UG","South Cambridgeshire",,,2470,1870,600,180,7,1140,46,800,32,350,14,1420,57,1050,43,230,160,230,550,1300,840,34,240,10,190,8,390,16,110,4,700,28
"G","East of England","22","Essex","22UB","Basildon",,,6510,5630,890,460,7,3100,48,2140,33,810,12,3760,58,2760,42,720,550,670,1680,2900,2010,31,440,7,500,8,1220,19,420,6,1920,29
"G","East of England","22","Essex","22UC","Braintree",,,4000,3130,870,230,6,1840,46,1360,34,570,14,2210,55,1790,45,410,280,400,1060,1850,1300,33,380,10,340,9,840,21,250,6,890,22
"G","East of England","22","Essex","22UD","Brentwood",,,1800,1480,320,80,4,780,43,690,38,260,14,1020,57,790,44,180,130,190,490,810,540,30,150,8,140,8,320,18,120,7,520,29
"G","East of England","22","Essex","22UE","Castle Point",,,2820,2440,380,160,6,1090,39,1090,39,480,17,1630,58,1180,42,310,210,320,690,1290,690,24,190,7,250,9,650,23,200,7,840,30
"G","East of England","22","Essex","22UF","Chelmsford",,,3550,2970,580,260,7,1680,47,1160,33,450,13,1930,54,1620,46,440,260,420,870,1570,1180,33,330,9,250,7,600,17,200,6,990,28
"G","East of England","22","Essex","22UG","Colchester",,,5660,4410,1250,360,6,2690,48,1830,32,780,14,3300,58,2360,42,500,360,550,1290,2950,2410,43,460,8,450,8,1020,18,320,6,1000,18
"G","East of England","22","Essex","22UH","Epping Forest",,,3350,2940,410,170,5,1420,42,1270,38,480,14,1940,58,1410,42,340,240,380,850,1540,1080,32,240,7,320,10,680,20,260,8,770,23
"G","East of England","22","Essex","22UJ","Harlow",,,2840,2420,420,180,6,1480,52,860,30,310,11,1560,55,1280,45,320,200,310,770,1230,1030,36,160,6,220,8,570,20,170,6,690,24
"G","East of England","22","Essex","22UK","Maldon",,,1660,1430,230,110,7,690,42,610,37,250,15,980,59,690,42,180,110,150,430,790,450,27,150,9,140,8,390,23,130,8,410,25
"G","East of England","22","Essex","22UL","Rochford",,,2000,1710,290,100,5,880,44,730,37,290,15,1150,58,850,43,220,140,250,510,880,600,30,180,9,180,9,430,22,110,6,510,26
"G","East of England","22","Essex","22UN","Tendring",,,6850,5560,1300,330,5,2700,39,2620,38,1200,18,4280,62,2580,38,580,360,700,1690,3520,2300,34,490,7,690,10,1530,22,420,6,1440,21
"G","East of England","22","Essex","22UQ","Uttlesford",,,1240,1010,220,60,5,540,44,460,37,190,15,680,55,560,45,130,90,130,310,580,390,31,130,10,120,10,270,22,80,6,250,20
"G","East of England","26","Hertfordshire","26UB","Broxbourne",,,2550,2220,330,170,7,1140,45,890,35,350,14,1410,55,1140,45,290,190,280,700,1090,820,32,150,6,240,9,580,23,170,7,600,24
"G","East of England","26","Hertfordshire","26UC","Dacorum",,,3170,2630,540,220,7,1550,49,1010,32,380,12,1820,57,1350,43,320,240,350,810,1460,1160,37,290,9,260,8,610,19,170,5,680,21
"G","East of England","26","Hertfordshire","26UD","East Hertfordshire",,,2490,1980,510,150,6,1160,47,790,32,380,15,1380,55,1110,45,280,180,250,610,1180,930,37,280,11,210,8,400,16,140,6,520,21
"G","East of England","26","Hertfordshire","26UE","Hertsmere",,,2430,2000,430,150,6,1170,48,830,34,280,12,1350,56,1080,44,260,180,260,580,1140,880,36,200,8,180,7,420,17,130,5,610,25
"G","East of England","26","Hertfordshire","26UF","North Hertfordshire",,,2800,2280,510,190,7,1280,46,950,34,380,14,1580,56,1220,44,290,200,290,670,1350,1000,36,260,9,230,8,500,18,150,5,660,24
"G","East of England","26","Hertfordshire","26UG","St Albans",,,2950,2340,610,170,6,1390,47,970,33,420,14,1670,57,1280,43,260,180,300,690,1520,1150,39,240,8,210,7,540,18,130,4,670,23
"G","East of England","26","Hertfordshire","26UH","Stevenage",,,2490,2070,420,190,8,1240,50,760,31,300,12,1440,58,1040,42,250,170,280,620,1170,890,36,180,7,190,8,510,20,130,5,580,23
"G","East of England","26","Hertfordshire","26UJ","Three Rivers",,,1750,1480,270,90,5,790,45,610,35,260,15,1000,57,750,43,160,130,220,450,800,560,32,150,9,160,9,330,19,100,6,450,26
"G","East of England","26","Hertfordshire","26UK","Watford",,,2220,1880,330,130,6,1060,48,730,33,300,14,1340,60,870,39,230,180,220,540,1050,840,38,160,7,190,9,390,18,140,6,490,22
"G","East of England","26","Hertfordshire","26UL","Welwyn Hatfield",,,2720,2290,440,190,7,1400,51,830,31,300,11,1520,56,1200,44,310,200,300,640,1280,1120,41,230,8,190,7,460,17,130,5,590,22
"G","East of England","33","Norfolk","33UB","Breckland",,,3920,3330,600,260,7,1640,42,1420,36,600,15,2270,58,1650,42,450,280,470,1020,1700,1270,32,350,9,360,9,870,22,280,7,800,20
"G","East of England","33","Norfolk","33UC","Broadland",,,3750,2920,830,220,6,1570,42,1360,36,590,16,2140,57,1610,43,380,240,390,930,1810,1370,37,360,10,300,8,690,18,210,6,820,22
"G","East of England","33","Norfolk","33UD","Great Yarmouth",,,5030,4320,710,280,6,2290,46,1770,35,690,14,3020,60,2010,40,520,390,550,1200,2370,1700,34,380,8,470,9,1250,25,260,5,960,19
"G","East of England","33","Norfolk","33UE","King's Lynn and West Norfolk",,,5770,4800,970,370,6,2460,43,2050,36,890,15,3440,60,2320,40,590,410,650,1460,2660,1870,32,440,8,560,10,1400,24,370,6,1120,19
"G","East of England","33","Norfolk","33UF","North Norfolk",,,3840,3100,740,200,5,1650,43,1370,36,620,16,2360,61,1480,39,380,280,440,880,1860,1340,35,320,8,320,8,800,21,180,5,870,23
"G","East of England","33","Norfolk","33UG","Norwich",,,6560,5600,950,530,8,3460,53,1940,30,630,10,3940,60,2620,40,730,500,820,1630,2880,3170,48,440,7,420,6,1110,17,290,4,1140,17
"G","East of England","33","Norfolk","33UH","South Norfolk",,,3170,2620,540,210,7,1280,40,1180,37,490,15,1780,56,1380,44,320,220,350,780,1490,1060,33,330,10,250,8,720,23,170,5,630,20
"G","East of England","42","Suffolk","42UB","Babergh",,,2170,1720,460,130,6,880,41,780,36,380,18,1210,56,960,44,250,140,220,490,1080,700,32,190,9,220,10,420,19,130,6,510,24
"G","East of England","42","Suffolk","42UC","Forest Heath",,,1250,1020,230,80,6,530,42,460,37,180,14,700,56,550,44,150,90,150,350,510,390,31,90,7,120,10,280,22,110,9,260,21
"G","East of England","42","Suffolk","42UD","Ipswich",,,4740,3910,830,370,8,2230,47,1540,32,590,12,2810,59,1930,41,500,330,440,1140,2330,1670,35,380,8,380,8,1050,22,270,6,990,21
"G","East of England","42","Suffolk","42UE","Mid Suffolk",,,1980,1590,390,120,6,820,41,710,36,340,17,1150,58,830,42,240,140,190,440,970,530,27,240,12,180,9,450,23,130,7,450,23
"G","East of England","42","Suffolk","42UF","St Edmundsbury",,,2630,2130,500,180,7,1160,44,880,33,420,16,1480,56,1150,44,310,200,260,670,1200,910,35,210,8,230,9,520,20,160,6,600,23
"G","East of England","42","Suffolk","42UG","Suffolk Coastal",,,3020,2480,540,160,5,1210,40,1160,38,500,17,1700,56,1320,44,330,210,280,730,1470,940,31,290,10,270,9,680,23,190,6,660,22
"G","East of England","42","Suffolk","42UH","Waveney",,,5100,4300,800,310,6,2300,45,1810,35,690,14,2990,59,2120,42,550,370,520,1230,2430,1640,32,440,9,430,8,1100,22,320,6,1160,23
"H","London",,,"00AA","City of London",,,210,190,20,10,5,110,52,60,29,20,10,140,67,70,33,20,10,30,60,70,90,43,10,5,20,10,20,10,10,5,60,29
"H","London",,,"00AB","Barking and Dagenham",,,8660,7880,770,510,6,4420,51,2750,32,970,11,5140,59,3520,41,800,570,970,2290,4020,2730,32,420,5,820,9,2110,24,650,8,1930,22
"H","London",,,"00AC","Barnet",,,9750,8430,1320,560,6,5000,51,3160,32,1030,11,5610,58,4140,42,1010,760,1160,2570,4260,3660,38,670,7,800,8,1590,16,560,6,2470,25
"H","London",,,"00AD","Bexley",,,6350,5510,840,280,4,2810,44,2340,37,930,15,3710,58,2640,42,650,420,670,1730,2880,1950,31,440,7,640,10,1260,20,410,6,1640,26
"H","London",,,"00AE","Brent",,,12370,11010,1360,570,5,6360,51,4000,32,1430,12,7420,60,4950,40,1120,910,1550,3600,5180,4550,37,510,4,1130,9,2310,19,720,6,3140,25
"H","London",,,"00AF","Bromley",,,8050,6920,1130,490,6,3890,48,2680,33,980,12,4760,59,3290,41,790,600,980,2120,3560,3070,38,560,7,660,8,1320,16,500,6,1930,24
"H","London",,,"00AG","Camden",,,11830,10770,1060,670,6,6950,59,3250,27,960,8,7410,63,4420,37,1030,870,1480,3350,5100,6100,52,470,4,800,7,1410,12,510,4,2540,21
"H","London",,,"00AH","Croydon",,,10620,8930,1690,560,5,5340,50,3440,32,1280,12,6180,58,4440,42,1080,710,1220,2630,4990,4140,39,600,6,920,9,1690,16,560,5,2700,25
"H","London",,,"00AJ","Ealing",,,13350,11900,1450,710,5,6630,50,4450,33,1560,12,7960,60,5380,40,1270,940,1580,3500,6060,4800,36,630,5,1290,10,2360,18,770,6,3480,26
"H","London",,,"00AK","Enfield",,,11230,9990,1240,660,6,5520,49,3690,33,1360,12,6570,59,4650,41,1250,850,1360,3060,4710,3740,33,630,6,1050,9,2250,20,590,5,2960,26
"H","London",,,"00AL","Greenwich",,,10170,9010,1170,660,6,5080,50,3370,33,1070,11,5960,59,4210,41,1080,690,1220,2750,4430,3820,38,570,6,990,10,1870,18,600,6,2330,23
"H","London",,,"00AM","Hackney",,,14110,13310,810,780,6,8030,57,4150,29,1160,8,8530,60,5590,40,1430,1190,1960,4190,5340,5770,41,550,4,1320,9,2580,18,780,6,3110,22
"H","London",,,"00AN","Hammersmith and Fulham",,,7720,7000,720,380,5,4250,55,2380,31,710,9,4660,60,3060,40,750,550,960,2110,3360,3160,41,340,4,580,8,1140,15,350,5,2160,28
"H","London",,,"00AP","Haringey",,,11870,10780,1080,660,6,6540,55,3530,30,1140,10,7060,59,4800,40,1280,960,1540,3280,4810,4690,40,560,5,970,8,1990,17,610,5,3040,26
"H","London",,,"00AQ","Harrow",,,6560,5680,890,430,7,3160,48,2150,33,820,13,3750,57,2820,43,740,580,800,1740,2710,2270,35,340,5,650,10,1180,18,350,5,1770,27
"H","London",,,"00AR","Havering",,,7680,6660,1020,360,5,3440,45,2720,35,1160,15,4460,58,3220,42,770,540,810,1880,3680,2310,30,530,7,710,9,1740,23,550,7,1830,24
"H","London",,,"00AS","Hillingdon",,,8190,7100,1090,530,6,3940,48,2710,33,1010,12,4670,57,3520,43,830,700,940,2120,3600,2630,32,500,6,820,10,1610,20,630,8,2000,24
"H","London",,,"00AT","Hounslow",,,9280,8530,750,590,6,4610,50,2980,32,1110,12,5400,58,3880,42,960,780,1240,2500,3800,3180,34,470,5,930,10,1830,20,630,7,2250,24
"H","London",,,"00AU","Islington",,,12470,11490,970,630,5,7180,58,3630,29,1030,8,7300,59,5170,41,1100,850,1580,3460,5470,5790,46,550,4,960,8,1970,16,600,5,2600,21
"H","London",,,"00AW","Kensington and Chelsea",,,6030,5520,520,240,4,3380,56,1890,31,520,9,3700,61,2330,39,530,440,740,1760,2570,2830,47,250,4,350,6,780,13,240,4,1580,26
"H","London",,,"00AX","Kingston upon Thames",,,3330,2850,480,180,5,1570,47,1150,35,430,13,1960,59,1370,41,330,250,340,870,1540,1410,42,220,7,300,9,480,14,130,4,790,24
"H","London",,,"00AY","Lambeth",,,12740,11480,1270,550,4,7320,57,3670,29,1200,9,7840,62,4900,38,1310,920,1480,3460,5580,5570,44,620,5,1010,8,1700,13,630,5,3220,25
"H","London",,,"00AZ","Lewisham",,,11030,9680,1350,550,5,5890,53,3430,31,1150,10,6600,60,4430,40,1110,880,1210,2970,4850,4300,39,550,5,970,9,1900,17,620,6,2700,24
"H","London",,,"00BA","Merton",,,4910,4290,630,230,5,2360,48,1700,35,630,13,2860,58,2060,42,480,340,510,1340,2240,1840,37,310,6,440,9,870,18,250,5,1200,24
"H","London",,,"00BB","Newham",,,14130,13150,980,850,6,7540,53,4280,30,1460,10,8690,62,5440,38,1410,1140,1810,4060,5690,4350,31,630,4,1470,10,3210,23,780,6,3680,26
"H","London",,,"00BC","Redbridge",,,8920,7820,1100,460,5,4250,48,3090,35,1130,13,5300,59,3630,41,910,720,1070,2270,3950,2830,32,510,6,860,10,1820,20,530,6,2370,27
"H","London",,,"00BD","Richmond upon Thames",,,3970,3410,560,200,5,1970,50,1340,34,460,12,2270,57,1700,43,380,300,480,1000,1810,1770,45,270,7,320,8,510,13,220,6,890,22
"H","London",,,"00BE","Southwark",,,12520,11410,1110,620,5,6810,54,3850,31,1250,10,7540,60,4990,40,1180,920,1490,3550,5380,5190,41,610,5,1030,8,1870,15,610,5,3220,26
"H","London",,,"00BF","Sutton",,,5000,4100,910,300,6,2390,48,1650,33,660,13,2830,57,2170,43,560,360,480,1250,2360,1990,40,340,7,390,8,870,17,290,6,1120,22
"H","London",,,"00BG","Tower Hamlets",,,11870,11230,630,730,6,6780,57,3120,26,1230,10,7670,65,4200,35,1220,950,1620,3300,4780,4370,37,510,4,1180,10,2090,18,630,5,3090,26
"H","London",,,"00BH","Waltham Forest",,,10170,9010,1150,600,6,5130,50,3190,31,1250,12,6100,60,4060,40,1030,810,1290,2690,4340,3220,32,490,5,930,9,1740,17,490,5,3290,32
"H","London",,,"00BJ","Wandsworth",,,9100,7920,1190,430,5,4640,51,2960,33,1080,12,5310,58,3790,42,790,590,950,2420,4350,3850,42,460,5,770,8,1310,14,430,5,2280,25
"H","London",,,"00BK","Westminster",,,9360,8510,850,390,4,5490,59,2650,28,830,9,5760,62,3600,38,970,640,1130,2500,4120,4450,48,370,4,680,7,1400,15,370,4,2080,22
"J","South East",,,"00LC","Medway",,,8360,7100,1260,550,7,3960,47,2780,33,1070,13,4940,59,3410,41,890,660,1040,2150,3620,2720,33,590,7,810,10,1710,20,630,8,1910,23
"J","South East",,,"00MA","Bracknell Forest",,,2410,1760,650,170,7,1270,53,700,29,280,12,1500,62,900,37,270,160,270,570,1140,850,35,150,6,180,7,340,14,140,6,740,31
"J","South East",,,"00MB","West Berkshire",,,2770,2120,650,190,7,1320,48,870,31,400,14,1660,60,1120,40,320,200,320,600,1340,1060,38,220,8,190,7,400,14,190,7,710,26
"J","South East",,,"00MC","Reading",,,4090,3400,690,280,7,2090,51,1250,31,480,12,2420,59,1670,41,440,300,420,1020,1910,1630,40,250,6,310,8,610,15,240,6,1060,26
"J","South East",,,"00MD","Slough",,,4030,3520,510,220,5,2000,50,1310,33,500,12,2400,60,1640,41,490,310,520,990,1720,1380,34,220,5,430,11,770,19,270,7,970,24
"J","South East",,,"00ME","Windsor and Maidenhead",,,2310,1880,430,120,5,1050,45,810,35,330,14,1340,58,960,42,250,170,260,550,1080,790,34,190,8,200,9,380,16,180,8,550,24
"J","South East",,,"00MF","Wokingham",,,2250,1630,630,160,7,1050,47,720,32,320,14,1310,58,950,42,250,150,200,470,1190,760,34,180,8,170,8,330,15,150,7,660,29
"J","South East",,,"00MG","Milton Keynes",,,7240,6230,1010,480,7,3580,49,2450,34,730,10,3940,54,3300,46,860,550,850,1740,3240,2410,33,510,7,680,9,1560,22,510,7,1580,22
"J","South East",,,"00ML","Brighton and Hove",,,12440,11000,1450,680,5,6750,54,3690,30,1320,11,7680,62,4760,38,1170,920,1410,3110,5820,5550,45,680,5,790,6,1890,15,730,6,2800,23
"J","South East",,,"00MR","Portsmouth",,,7260,6280,980,400,6,3390,47,2490,34,980,13,4530,62,2730,38,750,540,680,1760,3530,2900,40,490,7,710,10,1290,18,400,6,1480,20
"J","South East",,,"00MS","Southampton",,,9480,8150,1340,570,6,4570,48,3120,33,1220,13,5740,61,3740,39,1030,680,1100,2320,4350,3960,42,500,5,750,8,1670,18,580,6,2030,21
"J","South East",,,"00MW","Isle of Wight",,,6070,5170,900,350,6,2530,42,2230,37,960,16,3760,62,2310,38,610,400,640,1360,3070,2170,36,390,6,660,11,1220,20,330,5,1300,21
"J","South East","11","Buckinghamshire","11UB","Aylesbury Vale",,,3620,2910,710,270,7,1710,47,1180,33,450,12,2020,56,1590,44,460,320,510,790,1540,1290,36,280,8,260,7,590,16,280,8,910,25
"J","South East","11","Buckinghamshire","11UC","Chiltern",,,1790,1310,480,140,8,840,47,580,32,220,12,1040,58,750,42,190,130,150,530,780,570,32,370,21,110,6,190,11,120,7,430,24
"J","South East","11","Buckinghamshire","11UE","South Bucks",,,1100,920,180,80,7,480,44,380,35,160,15,600,55,510,46,140,70,160,240,480,360,33,110,10,100,9,160,15,70,6,310,28
"J","South East","11","Buckinghamshire","11UF","Wycombe",,,3230,2660,560,250,8,1520,47,1030,32,420,13,1850,57,1370,42,370,260,350,740,1500,1090,34,230,7,270,8,490,15,200,6,950,29
"J","South East","21","East Sussex","21UC","Eastbourne",,,3700,3160,540,200,5,1800,49,1230,33,460,12,2130,58,1560,42,340,250,400,950,1760,1430,39,240,6,260,7,600,16,190,5,970,26
"J","South East","21","East Sussex","21UD","Hastings",,,5210,4520,700,300,6,2550,49,1770,34,590,11,3180,61,2040,39,520,350,550,1290,2510,2110,40,320,6,430,8,970,19,280,5,1100,21
"J","South East","21","East Sussex","21UF","Lewes",,,2830,2380,440,150,5,1240,44,1060,37,380,13,1650,58,1180,42,270,210,300,680,1370,920,33,240,8,220,8,560,20,210,7,680,24
"J","South East","21","East Sussex","21UG","Rother",,,2970,2390,580,150,5,1220,41,1120,38,490,16,1710,58,1260,42,280,200,290,680,1530,1040,35,210,7,250,8,580,20,180,6,720,24
"J","South East","21","East Sussex","21UH","Wealden",,,3340,2580,760,210,6,1380,41,1200,36,550,16,1870,56,1470,44,330,220,310,730,1740,1070,32,300,9,280,8,600,18,210,6,890,27
"J","South East","24","Hampshire","24UB","Basingstoke and Deane",,,3570,2840,720,260,7,1640,46,1200,34,460,13,1880,53,1690,47,390,300,370,930,1580,1270,36,320,9,230,6,670,19,230,6,850,24
"J","South East","24","Hampshire","24UC","East Hampshire",,,2250,1620,630,200,9,1040,46,710,32,300,13,1260,56,990,44,230,120,230,540,1130,750,33,260,12,190,8,360,16,150,7,540,24
"J","South East","24","Hampshire","24UD","Eastleigh",,,2900,2330,560,180,6,1240,43,1030,36,450,16,1640,57,1260,43,280,210,310,690,1400,970,33,220,8,260,9,520,18,170,6,750,26
"J","South East","24","Hampshire","24UE","Fareham",,,2280,1820,460,130,6,950,42,800,35,400,18,1280,56,1000,44,250,170,230,520,1100,790,35,200,9,180,8,400,18,100,4,600,26
"J","South East","24","Hampshire","24UF","Gosport",,,2170,1810,360,140,6,1000,46,740,34,290,13,1240,57,930,43,290,180,240,520,950,710,33,150,7,180,8,400,18,130,6,590,27
"J","South East","24","Hampshire","24UG","Hart",,,1130,900,230,80,7,500,44,390,35,160,14,610,54,520,46,140,80,120,270,520,390,35,120,11,90,8,210,19,80,7,240,21
"J","South East","24","Hampshire","24UH","Havant",,,4180,3520,660,220,5,1870,45,1490,36,600,14,2450,59,1740,42,380,290,420,1010,2090,1320,32,340,8,480,11,900,22,250,6,890,21
"J","South East","24","Hampshire","24UJ","New Forest",,,4650,3720,930,280,6,1980,43,1610,35,770,17,2740,59,1900,41,470,300,470,1070,2330,1550,33,370,8,420,9,890,19,270,6,1140,25
"J","South East","24","Hampshire","24UL","Rushmoor",,,2110,1700,410,150,7,1050,50,610,29,300,14,1180,56,940,45,250,150,230,520,960,850,40,170,8,190,9,360,17,130,6,410,19
"J","South East","24","Hampshire","24UN","Test Valley",,,2480,1980,500,170,7,1130,46,800,32,370,15,1390,56,1090,44,290,180,260,610,1130,800,32,220,9,210,8,450,18,170,7,620,25
"J","South East","24","Hampshire","24UP","Winchester",,,2180,1710,470,210,10,970,44,710,33,290,13,1300,60,870,40,270,150,250,530,960,940,43,170,8,140,6,310,14,110,5,510,23
"J","South East","29","Kent","29UB","Ashford",,,3200,2530,660,220,7,1410,44,1100,34,460,14,1840,58,1360,43,330,220,280,790,1580,1020,32,260,8,300,9,670,21,220,7,740,23
"J","South East","29","Kent","29UC","Canterbury",,,4810,3900,920,300,6,2060,43,1740,36,710,15,2900,60,1910,40,430,300,510,1150,2430,1750,36,380,8,480,10,910,19,260,5,1030,21
"J","South East","29","Kent","29UD","Dartford",,,2630,2190,440,170,6,1150,44,920,35,380,14,1560,59,1070,41,270,170,290,680,1220,860,33,180,7,240,9,480,18,140,5,730,28
"J","South East","29","Kent","29UE","Dover",,,4730,3830,900,280,6,1960,41,1700,36,780,16,2980,63,1750,37,430,270,420,1070,2540,1620,34,330,7,430,9,1060,22,310,7,990,21
"J","South East","29","Kent","29UG","Gravesham",,,3290,2800,480,190,6,1520,46,1110,34,470,14,1980,60,1310,40,390,260,350,810,1480,960,29,230,7,330,10,720,22,220,7,830,25
"J","South East","29","Kent","29UH","Maidstone",,,4160,3420,740,310,7,1930,46,1340,32,580,14,2450,59,1720,41,440,340,500,1010,1870,1480,36,340,8,370,9,820,20,290,7,850,20
"J","South East","29","Kent","29UK","Sevenoaks",,,2550,2030,520,220,9,1110,44,880,35,340,13,1450,57,1090,43,280,180,280,610,1190,780,31,230,9,250,10,430,17,140,5,730,29
"J","South East","29","Kent","29UL","Shepway",,,4450,3510,940,310,7,2070,47,1450,33,630,14,2730,61,1720,39,410,250,420,1080,2290,1440,32,330,7,410,9,830,19,310,7,1130,25
"J","South East","29","Kent","29UM","Swale",,,5100,4310,790,370,7,2290,45,1750,34,700,14,3150,62,1950,38,560,380,580,1240,2330,1630,32,340,7,500,10,1150,23,400,8,1070,21
"J","South East","29","Kent","29UN","Thanet",,,6480,5390,1100,340,5,2840,44,2370,37,930,14,3930,61,2560,40,640,390,690,1620,3140,2270,35,420,6,610,9,1360,21,410,6,1400,22
"J","South East","29","Kent","29UP","Tonbridge and Malling",,,2570,2090,490,160,6,1140,44,920,36,350,14,1480,58,1100,43,260,180,290,640,1200,840,33,250,10,230,9,480,19,170,7,610,24
"J","South East","29","Kent","29UQ","Tunbridge Wells",,,2650,2060,590,250,9,1260,48,850,32,290,11,1590,60,1060,40,270,200,270,680,1230,1050,40,250,9,180,7,340,13,160,6,660,25
"J","South East","38","Oxfordshire","38UB","Cherwell",,,3100,2600,500,240,8,1470,47,970,31,410,13,1760,57,1340,43,390,260,370,780,1310,1100,35,240,8,250,8,530,17,230,7,750,24
"J","South East","38","Oxfordshire","38UC","Oxford",,,4300,3680,620,340,8,2240,52,1270,30,450,10,2700,63,1610,37,400,280,440,1180,2000,2050,48,240,6,250,6,600,14,220,5,940,22
"J","South East","38","Oxfordshire","38UD","South Oxfordshire",,,2330,1820,510,190,8,1020,44,770,33,350,15,1380,59,950,41,230,150,240,560,1140,790,34,210,9,170,7,390,17,140,6,630,27
"J","South East","38","Oxfordshire","38UE","Vale of White Horse",,,2060,1650,410,140,7,960,47,680,33,280,14,1180,57,880,43,250,130,250,470,960,680,33,180,9,190,9,350,17,140,7,520,25
"J","South East","38","Oxfordshire","38UF","West Oxfordshire",,,1770,1440,330,120,7,780,44,590,33,270,15,1000,56,770,44,200,140,190,450,800,600,34,160,9,150,8,310,18,110,6,440,25
"J","South East","43","Surrey","43UB","Elmbridge",,,2060,1670,390,120,6,1020,50,630,31,290,14,1210,59,850,41,240,150,250,480,950,860,42,160,8,150,7,280,14,120,6,500,24
"J","South East","43","Surrey","43UC","Epsom and Ewell",,,1560,1190,380,80,5,680,44,570,37,230,15,910,58,650,42,150,100,150,370,800,670,43,90,6,100,6,250,16,80,5,370,24
"J","South East","43","Surrey","43UD","Guildford",,,2510,2110,400,160,6,1310,52,740,29,290,12,1430,57,1080,43,250,190,310,570,1200,1090,43,240,10,190,8,360,14,140,6,480,19
"J","South East","43","Surrey","43UE","Mole Valley",,,1600,1160,440,100,6,750,47,490,31,250,16,930,58,670,42,160,110,150,440,740,640,40,160,10,120,8,210,13,80,5,380,24
"J","South East","43","Surrey","43UF","Reigate and Banstead",,,2960,2220,740,220,7,1390,47,960,32,390,13,1740,59,1230,42,310,180,270,730,1470,1250,42,210,7,200,7,440,15,150,5,720,24
"J","South East","43","Surrey","43UG","Runnymede",,,1530,1210,320,70,5,690,45,560,37,220,14,870,57,660,43,160,90,140,380,760,550,36,120,8,120,8,250,16,100,7,390,25
"J","South East","43","Surrey","43UH","Spelthorne",,,2230,1930,300,120,5,1090,49,730,33,290,13,1290,58,940,42,250,190,300,510,990,780,35,180,8,180,8,390,17,160,7,550,25
"J","South East","43","Surrey","43UJ","Surrey Heath",,,1170,920,260,80,7,560,48,380,32,160,14,670,57,500,43,140,80,130,290,530,460,39,90,8,100,9,190,16,60,5,270,23
"J","South East","43","Surrey","43UK","Tandridge",,,1730,1140,590,140,8,710,41,590,34,280,16,1030,60,700,40,170,100,200,420,850,690,40,180,10,100,6,230,13,90,5,440,25
"J","South East","43","Surrey","43UL","Waverley",,,2180,1670,510,140,6,1020,47,730,33,290,13,1230,56,950,44,220,130,210,520,1110,830,38,250,11,160,7,350,16,110,5,480,22
"J","South East","43","Surrey","43UM","Woking",,,1850,1450,400,130,7,850,46,630,34,250,14,1060,57,800,43,200,120,210,450,880,710,38,160,9,130,7,270,15,100,5,490,26
"J","South East","45","West Sussex","45UB","Adur",,,1990,1700,290,120,6,860,43,740,37,270,14,1110,56,880,44,210,110,190,500,990,660,33,140,7,180,9,390,20,150,8,470,24
"J","South East","45","West Sussex","45UC","Arun",,,4880,4010,870,210,4,2100,43,1770,36,800,16,2910,60,1970,40,440,310,440,1180,2520,1770,36,310,6,390,8,830,17,330,7,1250,26
"J","South East","45","West Sussex","45UD","Chichester",,,2530,2070,460,160,6,1060,42,930,37,380,15,1540,61,990,39,270,160,280,590,1230,870,34,190,8,230,9,420,17,170,7,660,26
"J","South East","45","West Sussex","45UE","Crawley",,,2910,2410,500,210,7,1440,49,940,32,310,11,1590,55,1320,45,350,220,330,770,1240,950,33,200,7,230,8,560,19,200,7,770,26
"J","South East","45","West Sussex","45UF","Horsham",,,2230,1790,430,180,8,980,44,740,33,320,14,1270,57,960,43,240,150,240,570,1020,710,32,240,11,190,9,340,15,140,6,620,28
"J","South East","45","West Sussex","45UG","Mid Sussex",,,2570,1980,590,200,8,1200,47,820,32,350,14,1400,54,1170,46,270,170,280,640,1200,960,37,250,10,190,7,420,16,160,6,590,23
"J","South East","45","West Sussex","45UH","Worthing",,,3690,3100,590,220,6,1750,47,1250,34,470,13,2170,59,1520,41,290,250,400,880,1870,1480,40,280,8,290,8,610,17,190,5,830,22
"K","South West",,,"00HA","Bath and North East Somerset",,,4910,4250,660,330,7,2400,49,1550,32,620,13,3010,61,1890,38,570,380,600,1180,2180,1970,40,380,8,360,7,750,15,300,6,1140,23
"K","South West",,,"00HB","Bristol, City of",,,19430,16890,2540,1410,7,10150,52,5710,29,2170,11,12080,62,7350,38,2170,1380,2240,5110,8530,8450,43,1080,6,1510,8,3120,16,1090,6,4190,22
"K","South West",,,"00HC","North Somerset",,,7610,6510,1100,480,6,3540,47,2530,33,1070,14,4630,61,2990,39,830,540,820,1940,3480,3240,43,540,7,590,8,1340,18,400,5,1480,19
"K","South West",,,"00HD","South Gloucestershire",,,6710,5490,1220,440,7,2850,42,2280,34,1150,17,3930,59,2780,41,740,520,750,1610,3100,2060,31,530,8,570,8,1380,21,440,7,1730,26
"K","South West",,,"00HG","Plymouth",,,14010,12090,1920,1010,7,6780,48,4520,32,1700,12,8440,60,5570,40,1460,910,1560,3540,6540,5430,39,700,5,1240,9,2990,21,850,6,2810,20
"K","South West",,,"00HH","Torbay",,,7220,6190,1020,390,5,3230,45,2580,36,1020,14,4400,61,2820,39,760,500,780,1690,3480,2480,34,410,6,640,9,1410,20,450,6,1830,25
"K","South West",,,"00HN","Bournemouth",,,8240,7090,1150,480,6,4390,53,2510,30,860,10,5170,63,3070,37,850,610,960,2060,3760,3880,47,470,6,550,7,1220,15,490,6,1620,20
"K","South West",,,"00HP","Poole",,,4750,3970,780,280,6,2140,45,1640,35,690,15,2710,57,2040,43,490,310,500,1190,2270,1610,34,300,6,460,10,960,20,340,7,1080,23
"K","South West",,,"00HX","Swindon",,,5990,4940,1050,360,6,2900,48,1980,33,750,13,3350,56,2640,44,690,460,670,1450,2720,2200,37,420,7,490,8,1050,18,350,6,1480,25
"K","South West","15","Cornwall and Isles of Scilly","15UB","Caradon",,,3120,2670,450,170,5,1270,41,1180,38,510,16,1870,60,1260,40,330,200,360,780,1450,960,31,190,6,280,9,740,24,230,7,720,23
"K","South West","15","Cornwall and Isles of Scilly","15UC","Carrick",,,3640,3150,500,250,7,1620,45,1300,36,480,13,2200,60,1450,40,370,220,370,970,1720,1380,38,250,7,320,9,710,20,250,7,730,20
"K","South West","15","Cornwall and Isles of Scilly","15UD","Kerrier",,,4950,4310,630,270,5,2150,43,1760,36,770,16,3110,63,1830,37,490,290,500,1240,2420,1660,34,270,5,470,9,1150,23,320,6,1070,22
"K","South West","15","Cornwall and Isles of Scilly","15UE","North Cornwall",,,3390,2820,560,180,5,1410,42,1270,37,520,15,2060,61,1320,39,350,220,400,800,1620,1050,31,250,7,330,10,800,24,210,6,750,22
"K","South West","15","Cornwall and Isles of Scilly","15UF","Penwith",,,3670,3220,450,200,5,1580,43,1380,38,520,14,2270,62,1410,38,340,190,380,970,1790,1310,36,240,7,340,9,780,21,220,6,780,21
"K","South West","15","Cornwall and Isles of Scilly","15UG","Restormel",,,4580,3890,690,330,7,1990,43,1610,35,650,14,2810,61,1760,38,500,280,500,1160,2130,1480,32,310,7,440,10,970,21,310,7,1070,23
"K","South West","15","Cornwall and Isles of Scilly","15UH","Isles of Scilly",,,20,20,0,0,0,10,50,10,50,0,0,10,50,10,50,10,0,0,0,10,0,0,10,50,0,0,0,0,0,0,10,50
"K","South West","18","Devon","18UB","East Devon",,,3950,3230,730,230,6,1580,40,1440,36,700,18,2350,59,1600,41,400,250,430,920,1950,1210,31,310,8,340,9,820,21,280,7,990,25
"K","South West","18","Devon","18UC","Exeter",,,4770,3920,840,370,8,2350,49,1490,31,550,12,2910,61,1860,39,450,320,490,1170,2330,1940,41,330,7,340,7,780,16,280,6,1100,23
"K","South West","18","Devon","18UD","Mid Devon",,,2420,1900,520,160,7,1060,44,850,35,350,14,1470,61,960,40,260,140,270,630,1130,790,33,200,8,190,8,460,19,180,7,610,25
"K","South West","18","Devon","18UE","North Devon",,,3710,3080,630,210,6,1600,43,1350,36,550,15,2250,61,1450,39,390,280,420,900,1720,1510,41,270,7,310,8,670,18,220,6,720,19
"K","South West","18","Devon","18UG","South Hams",,,2870,2360,510,170,6,1200,42,1050,37,450,16,1710,60,1160,40,300,180,290,660,1440,960,33,240,8,230,8,550,19,180,6,710,25
"K","South West","18","Devon","18UH","Teignbridge",,,4720,3820,890,250,5,1960,42,1760,37,740,16,2910,62,1810,38,440,300,500,1210,2280,1480,31,370,8,450,10,940,20,290,6,1200,25
"K","South West","18","Devon","18UK","Torridge",,,2560,2100,450,140,5,1020,40,970,38,430,17,1580,62,980,38,270,170,270,620,1230,880,34,190,7,260,10,520,20,170,7,540,21
"K","South West","18","Devon","18UL","West Devon",,,1720,1370,350,100,6,730,42,630,37,260,15,1020,59,700,41,180,130,180,400,840,560,33,140,8,140,8,320,19,110,6,440,26
"K","South West","19","Dorset","19UC","Christchurch",,,1390,1200,190,60,4,600,43,510,37,210,15,780,56,610,44,140,100,160,330,660,420,30,100,7,120,9,330,24,90,6,320,23
"K","South West","19","Dorset","19UD","East Dorset",,,2000,1620,380,160,8,750,38,750,38,340,17,1140,57,850,43,210,150,220,500,930,570,29,180,9,170,9,430,22,160,8,480,24
"K","South West","19","Dorset","19UE","North Dorset",,,1530,1240,290,90,6,670,44,550,36,220,14,850,56,680,44,150,110,170,390,710,460,30,140,9,140,9,330,22,100,7,380,25
"K","South West","19","Dorset","19UG","Purbeck",,,1290,1070,220,60,5,530,41,480,37,220,17,770,60,510,40,120,90,150,330,590,380,29,100,8,130,10,290,22,90,7,300,23
"K","South West","19","Dorset","19UH","West Dorset",,,2960,2440,520,170,6,1340,45,1010,34,430,15,1800,61,1160,39,280,200,310,800,1360,1050,35,220,7,250,8,610,21,230,8,590,20
"K","South West","19","Dorset","19UJ","Weymouth and Portland",,,3290,2790,500,230,7,1470,45,1150,35,440,13,2030,62,1260,38,320,250,350,840,1530,1190,36,180,5,270,8,750,23,200,6,700,21
"K","South West","23","Gloucestershire","23UB","Cheltenham",,,3310,2740,560,270,8,1610,49,1040,31,390,12,1940,59,1360,41,360,220,340,800,1590,1440,44,260,8,260,8,520,16,190,6,630,19
"K","South West","23","Gloucestershire","23UC","Cotswold",,,1620,1220,400,150,9,670,41,560,35,240,15,900,56,720,44,190,130,190,360,740,600,37,160,10,170,10,240,15,120,7,330,20
"K","South West","23","Gloucestershire","23UD","Forest of Dean",,,3010,2450,560,200,7,1200,40,1070,36,540,18,1830,61,1180,39,330,220,300,690,1470,950,32,160,5,330,11,670,22,220,7,680,23
"K","South West","23","Gloucestershire","23UE","Gloucester",,,4400,3680,720,360,8,1990,45,1500,34,550,13,2700,61,1700,39,450,300,510,1060,2080,1630,37,300,7,390,9,850,19,260,6,970,22
"K","South West","23","Gloucestershire","23UF","Stroud",,,3000,2300,700,240,8,1360,45,960,32,450,15,1760,59,1250,42,310,200,340,670,1480,1150,38,230,8,230,8,510,17,200,7,670,22
"K","South West","23","Gloucestershire","23UG","Tewkesbury",,,1810,1440,360,140,8,730,40,660,36,280,15,1030,57,780,43,170,130,200,430,870,570,31,190,10,180,10,340,19,120,7,400,22
"K","South West","40","Somerset","40UB","Mendip",,,3450,2880,570,200,6,1650,48,1130,33,460,13,2050,59,1400,41,360,230,370,890,1590,1260,37,250,7,260,8,610,18,240,7,840,24
"K","South West","40","Somerset","40UC","Sedgemoor",,,4290,3530,770,280,7,1830,43,1540,36,630,15,2560,60,1730,40,450,300,430,1110,2010,1270,30,300,7,360,8,1020,24,280,7,1060,25
"K","South West","40","Somerset","40UD","South Somerset",,,4690,3810,890,410,9,2030,43,1590,34,670,14,2750,59,1950,42,520,330,510,1240,2090,1550,33,380,8,420,9,960,20,300,6,1100,23
"K","South West","40","Somerset","40UE","Taunton Deane",,,3960,3190,760,280,7,1840,46,1340,34,490,12,2410,61,1550,39,430,250,420,1000,1860,1450,37,320,8,320,8,690,17,230,6,950,24
"K","South West","40","Somerset","40UF","West Somerset",,,1410,1150,260,90,6,580,41,530,38,220,16,830,59,580,41,120,100,150,370,670,430,30,110,8,130,9,300,21,80,6,360,26
"K","South West","46","Wiltshire","46UB","Kennet",,,1660,1240,420,110,7,770,46,540,33,230,14,950,57,710,43,190,110,180,350,840,610,37,140,8,140,8,260,16,100,6,390,23
"K","South West","46","Wiltshire","46UC","North Wiltshire",,,2920,2360,550,180,6,1340,46,980,34,410,14,1660,57,1250,43,330,200,330,700,1360,1030,35,260,9,230,8,540,18,200,7,640,22
"K","South West","46","Wiltshire","46UD","Salisbury",,,3010,2510,510,200,7,1430,48,990,33,390,13,1710,57,1300,43,380,190,300,720,1420,1030,34,220,7,220,7,480,16,190,6,870,29
"K","South West","46","Wiltshire","46UF","West Wiltshire",,,3420,2840,580,250,7,1560,46,1150,34,460,13,1990,58,1430,42,400,250,400,840,1520,1250,37,250,7,280,8,630,18,190,6,830,24
,,,,"00NA","Isle of Anglesey",,,4440,3970,470,180,4,1640,37,1770,40,850,19,2830,64,1600,36,400,220,410,1050,2350,1090,25,250,6,600,14,1170,26,280,6,1040,23
,,,,"00NC","Gwynedd",,,6470,5610,860,270,4,2490,38,2540,39,1170,18,4060,63,2410,37,600,380,620,1620,3250,1730,27,360,6,800,12,1500,23,460,7,1610,25
,,,,"00NE","Conwy",,,6750,5690,1060,330,5,2850,42,2460,36,1110,16,4120,61,2630,39,580,370,640,1600,3570,2320,34,390,6,690,10,1480,22,410,6,1470,22
,,,,"00NG","Denbighshire",,,6260,5230,1020,330,5,2620,42,2280,36,1030,16,3780,60,2480,40,490,360,580,1520,3320,2090,33,300,5,680,11,1530,24,380,6,1280,20
,,,,"00NJ","Flintshire",,,8210,7210,1000,380,5,3300,40,3110,38,1420,17,4740,58,3460,42,740,530,820,1980,4150,2320,28,390,5,930,11,1990,24,500,6,2070,25
,,,,"00NL","Wrexham",,,8660,7590,1060,500,6,3620,42,3160,36,1370,16,5110,59,3550,41,710,490,840,2120,4490,2720,31,440,5,1000,12,2120,24,520,6,1840,21
,,,,"00NN","Powys",,,6220,5340,880,260,4,2490,40,2380,38,1090,18,3710,60,2510,40,660,370,630,1490,3080,1870,30,400,6,600,10,1420,23,430,7,1490,24
,,,,"00NQ","Ceredigion",,,4370,3850,530,220,5,1820,42,1660,38,670,15,2660,61,1710,39,400,300,450,1130,2090,1280,29,290,7,490,11,1130,26,190,4,990,23
,,,,"00NS","Pembrokeshire",,,7390,6450,940,400,5,2980,40,2750,37,1270,17,4570,62,2820,38,660,420,740,1880,3690,2090,28,380,5,810,11,1990,27,420,6,1700,23
,,,,"00NU","Carmarthenshire",,,15220,13670,1550,850,6,6240,41,5690,37,2450,16,8850,58,6380,42,1350,880,1490,3850,7660,4390,29,660,4,1800,12,3920,26,1050,7,3400,22
,,,,"00NX","Swansea",,,18370,16550,1820,1070,6,8000,44,6500,35,2800,15,10780,59,7580,41,1730,1110,1790,4700,9040,5440,30,730,4,1730,9,4240,23,1210,7,5020,27
,,,,"00NZ","Neath Port Talbot",,,14820,13320,1500,820,6,6380,43,5400,36,2230,15,8350,56,6480,44,1240,850,1370,3660,7700,4520,30,570,4,1520,10,3660,25,1060,7,3490,24
,,,,"00PB","Bridgend",,,11660,10380,1270,720,6,4940,42,4140,36,1860,16,6660,57,5000,43,1060,720,1260,2890,5730,3570,31,520,4,1440,12,2640,23,830,7,2660,23
,,,,"00PD","The Vale of Glamorgan",,,6240,5440,800,350,6,2610,42,2230,36,1040,17,3740,60,2500,40,620,350,670,1560,3040,2100,34,380,6,670,11,1360,22,390,6,1340,21
,,,,"00PF","Rhondda, Cynon, Taff",,,25530,23620,1910,1700,7,11100,43,9030,35,3700,14,14740,58,10790,42,2070,1580,2520,6000,13360,8900,35,930,4,3160,12,5440,21,1630,6,5480,21
,,,,"00PH","Merthyr Tydfil",,,7400,6910,490,370,5,3160,43,2750,37,1130,15,4320,58,3080,42,500,340,550,1620,4390,2540,34,280,4,1070,14,1820,25,480,6,1220,16
,,,,"00PK","Caerphilly",,,17730,16050,1680,1030,6,7570,43,6400,36,2730,15,10190,57,7540,43,1600,1060,1620,3920,9540,5360,30,720,4,2130,12,4160,23,1220,7,4140,23
,,,,"00PL","Blaenau Gwent",,,8210,7550,660,430,5,3410,42,3090,38,1270,15,4820,59,3390,41,720,530,810,1770,4370,2440,30,300,4,1050,13,1910,23,590,7,1920,23
,,,,"00PM","Torfaen",,,7500,6720,780,380,5,3070,41,2830,38,1220,16,4490,60,3000,40,680,430,720,1900,3760,2410,32,310,4,980,13,1850,25,340,5,1610,21
,,,,"00PP","Monmouthshire",,,3920,3420,500,190,5,1570,40,1510,39,650,17,2340,60,1580,40,440,260,410,980,1830,1270,32,230,6,460,12,870,22,200,5,890,23
,,,,"00PR","Newport",,,9090,8260,830,550,6,3970,44,3190,35,1380,15,5490,60,3600,40,810,580,910,2420,4360,3210,35,390,4,1060,12,2080,23,510,6,1840,20
,,,,"00PT","Cardiff",,,18550,16470,2080,1190,6,9000,49,5930,32,2430,13,11340,61,7210,39,1680,1190,1900,4730,9050,6900,37,900,5,1730,9,3630,20,1150,6,4240,23
,,,,"100","Aberdeen City",,,10950,9460,1500,960,9,5380,49,3320,30,1290,12,6410,59,4540,41,1190,820,1160,3040,4750,4960,45,610,6,920,8,1880,17,520,5,2060,19
,,,,"110","Aberdeenshire",,,8300,6810,1490,600,7,3510,42,2880,35,1300,16,4720,57,3580,43,920,580,910,2230,3650,2540,31,630,8,890,11,1830,22,590,7,1820,22
,,,,"120","Angus",,,4740,3850,890,310,7,2050,43,1710,36,670,14,2630,55,2110,45,550,330,530,1120,2200,1600,34,350,7,550,12,920,19,270,6,1050,22
,,,,"130","Argyll & Bute",,,4460,3920,540,200,4,1880,42,1670,37,700,16,2620,59,1840,41,450,300,460,1160,2090,1560,35,340,8,540,12,750,17,310,7,950,21
,,,,"150","Clackmannanshire",,,3860,3500,360,210,5,1780,46,1390,36,480,12,2100,54,1760,46,360,250,400,920,1930,1380,36,170,4,400,10,870,23,210,5,830,22
,,,,"170","Dumfries & Galloway",,,7640,6520,1120,430,6,3110,41,2810,37,1290,17,4540,59,3100,41,770,500,770,1810,3790,2290,30,620,8,920,12,1710,22,450,6,1650,22
,,,,"180","Dundee City",,,10880,9190,1690,770,7,5310,49,3520,32,1280,12,6120,56,4760,44,1140,750,990,2650,5350,4460,41,570,5,1130,10,1660,15,470,4,2590,24
,,,,"190","East Ayrshire",,,8240,7100,1140,430,5,3460,42,3070,37,1290,16,4770,58,3470,42,810,530,810,1950,4140,2540,31,470,6,1090,13,1700,21,410,5,2030,25
,,,,"200","East Dunbartonshire",,,4840,4240,600,270,6,2100,43,1730,36,730,15,2600,54,2240,46,490,330,460,1140,2420,1490,31,320,7,440,9,890,18,240,5,1470,30
,,,,"210","East Lothian",,,4470,3830,640,300,7,1940,43,1550,35,670,15,2590,58,1880,42,440,280,520,1140,2080,1480,33,270,6,420,9,940,21,230,5,1130,25
,,,,"220","East Renfrewshire",,,3840,3380,460,210,5,1740,45,1320,34,570,15,2100,55,1740,45,430,230,370,970,1840,1400,36,250,7,350,9,690,18,190,5,970,25
,,,,"230","Edinburgh, City of",,,22800,19300,3500,1760,8,11760,52,6760,30,2520,11,13610,60,9190,40,2100,1540,2310,5990,10860,9480,42,1350,6,1830,8,3260,14,920,4,5950,26
,,,,"235","Eilean Siar",,,1290,1080,210,60,5,480,37,490,38,260,20,830,64,460,36,130,90,140,340,580,330,26,90,7,170,13,250,19,90,7,370,29
,,,,"240","Falkirk",,,9770,8570,1200,450,5,4340,44,3510,36,1470,15,5500,56,4280,44,960,640,1040,2290,4850,2900,30,420,4,1080,11,1970,20,580,6,2820,29
,,,,"250","Fife",,,19540,16970,2570,1230,6,8630,44,6950,36,2730,14,10900,56,8640,44,2080,1390,2030,4820,9220,6550,34,1200,6,2080,11,4180,21,1040,5,4490,23
,,,,"260","Glasgow City",,,67080,61680,5400,4310,6,35310,53,20190,30,7280,11,39920,60,27160,40,6330,4350,6480,16010,33910,29840,44,2600,4,6530,10,10470,16,2870,4,14770,22
,,,,"270","Highland",,,10210,8650,1560,560,5,4510,44,3650,36,1480,14,6120,60,4090,40,1060,640,1110,2710,4680,3160,31,800,8,990,10,1870,18,590,6,2800,27
,,,,"280","Inverclyde",,,7890,7220,680,480,6,3710,47,2660,34,1040,13,4860,62,3030,38,660,610,830,1900,3890,3270,41,410,5,840,11,1340,17,390,5,1640,21
,,,,"290","Midlothian",,,4540,3840,700,300,7,1960,43,1600,35,680,15,2570,57,1970,43,420,280,510,1130,2200,1330,29,240,5,410,9,890,20,200,4,1470,32
,,,,"300","Moray",,,3620,2980,640,260,7,1530,42,1250,35,580,16,2120,59,1500,41,400,260,470,940,1550,1200,33,310,9,370,10,730,20,230,6,780,22
,,,,"310","North Ayrshire",,,10010,8940,1070,600,6,4430,44,3520,35,1460,15,5800,58,4210,42,1130,660,920,2450,4850,3370,34,590,6,1220,12,2000,20,490,5,2340,23
,,,,"320","North Lanarkshire",,,30250,27680,2570,1740,6,13760,45,10630,35,4120,14,16350,54,13900,46,3270,2000,2870,6680,15430,10340,34,1260,4,3390,11,6580,22,1720,6,6950,23
,,,,"330","Orkney Islands",,,740,610,130,30,4,280,38,270,36,150,20,460,62,270,36,80,50,70,160,380,170,23,70,9,90,12,180,24,50,7,170,23
,,,,"340","Perth & Kinross",,,5330,4330,1000,300,6,2340,44,1890,35,800,15,3070,58,2260,42,530,370,580,1430,2420,1720,32,480,9,580,11,840,16,250,5,1450,27
,,,,"350","Renfrewshire",,,13220,11810,1410,850,6,6050,46,4430,34,1890,14,7610,58,5620,43,1440,850,1290,3270,6360,4980,38,760,6,1410,11,2290,17,750,6,3030,23
,,,,"355","Scottish Borders",,,4320,3600,710,300,7,1970,46,1440,33,610,14,2530,59,1780,41,480,370,470,1080,1920,1520,35,300,7,460,11,720,17,180,4,1120,26
,,,,"360","Shetland Islands",,,700,580,120,40,6,270,39,270,39,120,17,420,60,280,40,90,40,70,180,310,220,31,70,10,70,10,130,19,40,6,180,26
,,,,"370","South Ayrshire",,,6520,5540,980,330,5,2750,42,2390,37,1050,16,3800,58,2720,42,640,380,670,1570,3260,2290,35,390,6,850,13,1230,19,300,5,1480,23
,,,,"380","South Lanarkshire",,,23330,21010,2320,1230,5,10690,46,8160,35,3260,14,12830,55,10500,45,2380,1560,2360,5590,11440,8470,36,1120,5,2560,11,5000,21,1150,5,5020,22
,,,,"390","Stirling",,,4550,4010,540,280,6,2060,45,1540,34,670,15,2620,58,1940,43,410,290,440,1050,2360,1570,35,280,6,530,12,910,20,270,6,990,22
,,,,"395","West Dunbartonshire",,,7940,7240,700,440,6,3800,48,2680,34,1020,13,4600,58,3340,42,840,480,760,1920,3930,3240,41,440,6,880,11,1390,18,530,7,1460,18
,,,,"400","West Lothian",,,9890,8630,1270,550,6,4560,46,3490,35,1300,13,5300,54,4590,46,1000,680,1050,2480,4690,3390,34,600,6,1040,11,2140,22,530,5,2190,22