DATASET_TITLE,Time Since Last Worked (UV27),,,,,,FROM,Apr-2001,Apr-2001,Apr-2001,Apr-2001,Apr-2001,Apr-2001,Apr-2001,Apr-2001,Apr-2001,Apr-2001,Apr-2001,Apr-2001
AREA_TYPE,Local Authority,,,,,,TO,Apr-2001,Apr-2001,Apr-2001,Apr-2001,Apr-2001,Apr-2001,Apr-2001,Apr-2001,Apr-2001,Apr-2001,Apr-2001,Apr-2001
GEO_HIERARCHY,NeSS Geography Hierarchy,,,,,,HEADING,All People,In employment,Not in employment,Not in employment: Last worked in 2001,Not in employment: Last worked in 2000,Not in employment: Last worked in 1999,Not in employment: Last worked in 1998,Not in employment: Last worked in 1997,Not in employment: Last worked in 1996,Not in employment: Last worked in 1991 to 1995,Not in employment: Last worked before 1991,Not in employment: Never worked
,,,,,,,MEASUREMENT_UNIT,Count,Count,Count,Count,Count,Count,Count,Count,Count,Count,Count,Count
,,,,,,,STATISTICAL_UNIT,Persons,Persons,Persons,Persons,Persons,Persons,Persons,Persons,Persons,Persons,Persons,Persons
GOR_CODE,GOR_NAME,CTY_CODE,CTY_NAME,LA_CODE,LA_NAME,AREA_METADATA,,DATA_VALUE,DATA_VALUE,DATA_VALUE,DATA_VALUE,DATA_VALUE,DATA_VALUE,DATA_VALUE,DATA_VALUE,DATA_VALUE,DATA_VALUE,DATA_VALUE,DATA_VALUE
"G","East of England",,,"00JA","Peterborough",,,111688,73295,38393,3527,4550,2933,2201,1744,1810,6776,9202,5650
"G","East of England",,,"00KA","Luton",,,131660,82362,49298,4745,6087,3444,2772,1882,1958,7736,9571,11103
"G","East of England",,,"00KF","Southend-on-Sea",,,111789,70177,41612,3175,4660,2987,2423,1977,1916,8308,11430,4736
"G","East of England",,,"00KG","Thurrock",,,102996,69534,33462,2955,4075,2504,1947,1495,1466,6186,9004,3830
"G","East of England","09","Bedfordshire","09UC","Mid Bedfordshire",,,88020,63773,24247,2218,3331,1953,1572,1257,1206,4751,5587,2372
"G","East of England","09","Bedfordshire","09UD","Bedford",,,106897,70513,36384,3758,4838,2702,2050,1615,1605,6618,7617,5581
"G","East of England","09","Bedfordshire","09UE","South Bedfordshire",,,81362,57259,24103,2324,2877,1910,1572,1242,1137,4825,5771,2445
"G","East of England","12","Cambridgeshire","12UB","Cambridge",,,85345,49236,36109,4388,9108,3088,1901,1341,987,3652,4263,7381
"G","East of England","12","Cambridgeshire","12UC","East Cambridgeshire",,,53138,37208,15930,1338,1891,1239,1072,829,850,3072,4019,1620
"G","East of England","12","Cambridgeshire","12UD","Fenland",,,59756,37757,21999,1557,2492,1633,1390,1132,1139,4633,5896,2127
"G","East of England","12","Cambridgeshire","12UE","Huntingdonshire",,,113549,82325,31224,3027,3811,2539,2104,1652,1496,6003,7408,3184
"G","East of England","12","Cambridgeshire","12UG","South Cambridgeshire",,,94803,69159,25644,2449,3272,2047,1604,1295,1294,4886,5869,2928
"G","East of England","22","Essex","22UB","Basildon",,,119516,77773,41743,3348,4782,3101,2645,1992,1982,8476,11355,4062
"G","East of England","22","Essex","22UC","Braintree",,,94826,66092,28734,2391,3494,2186,1832,1483,1315,5814,7435,2784
"G","East of England","22","Essex","22UD","Brentwood",,,49514,32807,16707,1215,1684,1187,962,799,871,3487,4831,1671
"G","East of England","22","Essex","22UE","Castle Point",,,63207,41035,22172,1563,2288,1573,1224,1087,1036,4699,6788,1914
"G","East of England","22","Essex","22UF","Chelmsford",,,115131,80257,34874,3241,4380,2696,2226,1695,1684,6926,8508,3518
"G","East of England","22","Essex","22UG","Colchester",,,113771,75126,38645,3662,5507,2805,2258,1796,1700,6984,8884,5049
"G","East of England","22","Essex","22UH","Epping Forest",,,87252,57853,29399,2252,3206,2074,1829,1473,1432,5776,7992,3365
"G","East of England","22","Essex","22UJ","Harlow",,,57018,38824,18194,1696,2226,1427,1129,910,852,3735,4371,1848
"G","East of England","22","Essex","22UK","Maldon",,,43056,28943,14113,1131,1638,1055,932,754,686,2912,3691,1314
"G","East of England","22","Essex","22UL","Rochford",,,56720,37792,18928,1359,2021,1326,1142,995,997,4170,5394,1524
"G","East of England","22","Essex","22UN","Tendring",,,95684,53642,42042,2463,4023,2864,2490,2112,2028,9105,13172,3785
"G","East of England","22","Essex","22UQ","Uttlesford",,,49862,35045,14817,1312,1729,1086,931,697,702,2831,3884,1645
"G","East of England","26","Hertfordshire","26UB","Broxbourne",,,63561,43482,20079,1710,2232,1534,1188,1024,1000,4200,5120,2071
"G","East of England","26","Hertfordshire","26UC","Dacorum",,,99205,69313,29892,2881,3643,2432,1762,1461,1404,5868,7169,3272
"G","East of England","26","Hertfordshire","26UD","East Hertfordshire",,,94123,67534,26589,2494,3306,2029,1612,1302,1344,5183,6287,3032
"G","East of England","26","Hertfordshire","26UE","Hertsmere",,,66949,46003,20946,2112,2556,1574,1202,1050,933,3951,4863,2705
"G","East of England","26","Hertfordshire","26UF","North Hertfordshire",,,83767,58814,24953,2292,3022,1891,1592,1253,1236,4936,6121,2610
"G","East of England","26","Hertfordshire","26UG","St Albans",,,93532,65676,27856,2642,3383,2035,1659,1416,1393,5579,6520,3229
"G","East of England","26","Hertfordshire","26UH","Stevenage",,,57007,39576,17431,1697,2129,1299,1056,795,913,3509,4210,1823
"G","East of England","26","Hertfordshire","26UJ","Three Rivers",,,59106,40565,18541,1665,2338,1396,1172,930,855,3553,4618,2014
"G","East of England","26","Hertfordshire","26UK","Watford",,,58204,41648,16556,1769,2110,1241,978,831,681,3130,3530,2286
"G","East of England","26","Hertfordshire","26UL","Welwyn Hatfield",,,70554,46157,24397,2692,3675,1702,1479,1090,1094,4580,5236,2849
"G","East of England","33","Norfolk","33UB","Breckland",,,86783,55612,31171,2377,3399,2408,1974,1661,1611,6402,8504,2835
"G","East of England","33","Norfolk","33UC","Broadland",,,86322,57964,28358,1956,2841,2041,1723,1483,1475,6488,8114,2237
"G","East of England","33","Norfolk","33UD","Great Yarmouth",,,64808,37584,27224,1859,3621,2101,1651,1347,1384,5168,7570,2523
"G","East of England","33","Norfolk","33UE","King's Lynn and West Norfolk",,,97398,60197,37201,2534,3934,2794,2234,1953,1918,7813,10780,3241
"G","East of England","33","Norfolk","33UF","North Norfolk",,,70438,41411,29027,1706,2948,2034,1761,1485,1465,6299,9025,2304
"G","East of England","33","Norfolk","33UG","Norwich",,,89832,53606,36226,3975,6116,2507,1915,1535,1518,6109,8164,4387
"G","East of England","33","Norfolk","33UH","South Norfolk",,,79883,52626,27257,1941,2935,1940,1646,1448,1408,5626,7859,2454
"G","East of England","42","Suffolk","42UB","Babergh",,,59886,40296,19590,1590,2189,1508,1164,897,914,4006,5520,1802
"G","East of England","42","Suffolk","42UC","Forest Heath",,,39967,28298,11669,1221,1649,987,750,600,572,2161,2606,1123
"G","East of England","42","Suffolk","42UD","Ipswich",,,82787,54091,28696,2450,3317,2059,1652,1359,1427,5920,7205,3307
"G","East of England","42","Suffolk","42UE","Mid Suffolk",,,62450,42629,19821,1577,2235,1522,1182,981,1011,4103,5505,1705
"G","East of England","42","Suffolk","42UF","St Edmundsbury",,,71555,50181,21374,1923,2621,1685,1355,1155,1134,4222,5349,1930
"G","East of England","42","Suffolk","42UG","Suffolk Coastal",,,81046,52327,28719,2045,2991,2044,1713,1428,1487,6306,8198,2507
"G","East of England","42","Suffolk","42UH","Waveney",,,78381,46001,32380,2135,3558,2458,2070,1600,1671,6681,9325,2882