DATASET_TITLE,"Incapacity Benefit/Severe Disablement Allowance Claimants, August 2003",,,,,,,,,,FROM,Aug-2003,Aug-2003,Aug-2003,Aug-2003,Aug-2003,Aug-2003,Aug-2003,Aug-2003,Aug-2003,Aug-2003,Aug-2003,Aug-2003,Aug-2003,Aug-2003,Aug-2003,Aug-2003,Aug-2003,Aug-2003,Aug-2003,Aug-2003,Aug-2003,Aug-2003,Aug-2003,Aug-2003,Aug-2003,Aug-2003,Aug-2003,Aug-2003,Aug-2003,Aug-2003,Aug-2003,Aug-2003
AREA_TYPE,Region,,,,,,,,,,TO,Aug-2003,Aug-2003,Aug-2003,Aug-2003,Aug-2003,Aug-2003,Aug-2003,Aug-2003,Aug-2003,Aug-2003,Aug-2003,Aug-2003,Aug-2003,Aug-2003,Aug-2003,Aug-2003,Aug-2003,Aug-2003,Aug-2003,Aug-2003,Aug-2003,Aug-2003,Aug-2003,Aug-2003,Aug-2003,Aug-2003,Aug-2003,Aug-2003,Aug-2003,Aug-2003,Aug-2003,Aug-2003
GEO_HIERARCHY,NeSS Geography Hierarchy,,,,,,,,,,HEADING,Total,Total Incapacity Benefit Claimants,Total Severe Disablement Allowance Claimants,Claimants Aged 16-24,Claimants Aged 16-24,Claimants Aged 25-49,Claimants Aged 25-49,Claimants Aged 50-59,Claimants Aged 50-59,Claimants Aged 60 and Over,Claimants Aged 60 and Over,Male,Male,Female,Female,Claim Duration Less Than 6 Months,Claim Duration 6 Months-1 Year,Claim Duration 1-2 Years,Claim Duration 2-5 Years,Claim Duration 5 Years and Over,Medical Reason for Claiming; Mental Disorders,Medical Reason for Claiming; Mental Disorders,Medical Reason for Claiming; Diseases of the Nervous System,Medical Reason for Claiming; Diseases of the Nervous System,Medical Reason for Claiming; Diseases of the Respiratory or Circulatory System,Medical Reason for Claiming; Diseases of the Respiratory or Circulatory System,Medical Reason for Claiming; Musculoskeletal Diseases,Medical Reason for Claiming; Musculoskeletal Diseases,Medical Reason for Claiming; Injury or Poisoning,Medical Reason for Claiming; Injury or Poisoning,Medical Reason for Claiming; Other,Medical Reason for Claiming; Other
,,,,,,,,,,,MEASUREMENT_UNIT,Count,Count,Count,Count,Percentage,Count,Percentage,Count,Percentage,Count,Percentage,Count,Percentage,Count,Percentage,Count,Count,Count,Count,Count,Count,Percentage,Count,Percentage,Count,Percentage,Count,Percentage,Count,Percentage,Count,Percentage
,,,,,,,,,,,STATISTICAL_UNIT,Persons,Persons,Persons,Persons,Persons,Persons,Persons,Persons,Persons,Persons,Persons,Persons,Persons,Persons,Persons,Persons,Persons,Persons,Persons,Persons,Persons,Persons,Persons,Persons,Persons,Persons,Persons,Persons,Persons,Persons,Persons,Persons
UK_CODE,UK_NAME,GB_CODE,GB_NAME,EW_CODE,EW_NAME,CTRY_CODE,CTRY_NAME,GOR_CODE,GOR_NAME,AREA_METADATA,,DATA_VALUE,DATA_VALUE,DATA_VALUE,DATA_VALUE,DATA_VALUE,DATA_VALUE,DATA_VALUE,DATA_VALUE,DATA_VALUE,DATA_VALUE,DATA_VALUE,DATA_VALUE,DATA_VALUE,DATA_VALUE,DATA_VALUE,DATA_VALUE,DATA_VALUE,DATA_VALUE,DATA_VALUE,DATA_VALUE,DATA_VALUE,DATA_VALUE,DATA_VALUE,DATA_VALUE,DATA_VALUE,DATA_VALUE,DATA_VALUE,DATA_VALUE,DATA_VALUE,DATA_VALUE,DATA_VALUE,DATA_VALUE
"213","United Kingdom","078","Great Britain","727","England and Wales","064","England",,,,,2252730,1992250,260480,142110,6,1052630,47,761580,34,296340,13,1332020,59,920710,41,225390,149920,240280,513160,1123990,826650,37,134820,6,204550,9,449530,20,133320,6,503850,22
"213","United Kingdom","078","Great Britain",,,,,,,,,2807290,2490840,316460,176430,6,1305820,47,952360,34,372600,13,1651290,59,1156010,41,277660,184030,296050,635460,1414090,1033930,37,163540,6,259020,9,557240,20,164410,6,629150,22
"213","United Kingdom","078","Great Britain",,,"179","Scotland",,,,,334290,299330,34970,21530,6,159110,48,111110,33,42540,13,191020,57,143280,43,33390,21690,34990,73520,170700,133220,40,18540,6,31380,9,58330,17,16830,5,76000,23
"213","United Kingdom","078","Great Britain","727","England and Wales","220","Wales",,,,,220270,199260,21010,12790,6,94080,43,79670,36,33720,15,128250,58,92020,42,18880,12420,20780,48780,119400,74060,34,10180,5,23090,10,49380,22,14260,6,49300,22
"213","United Kingdom","078","Great Britain","727","England and Wales",,,,,,,2473000,2191510,281490,154900,6,1146710,46,841250,34,330060,13,1460270,59,1012730,41,244270,162340,261060,561940,1243390,900710,36,145000,6,227640,9,498910,20,147580,6,553150,22
"213","United Kingdom","078","Great Britain","727","England and Wales","064","England","A","North East",,,187160,169650,17510,12240,7,82930,44,65710,35,26280,14,112680,60,74490,40,17880,11430,18090,41540,98220,65390,35,9120,5,17180,9,45150,24,11300,6,39020,21
"213","United Kingdom","078","Great Britain","727","England and Wales","064","England","B","North West",,,445880,402080,43790,26340,6,204680,46,153870,35,60970,14,263630,59,182250,41,40780,27260,45340,99130,233370,166850,37,22670,5,46100,10,90420,20,25030,6,94810,21
"213","United Kingdom","078","Great Britain","727","England and Wales","064","England","D","Yorkshire and The Humber",,,255370,226500,28870,16370,6,113960,45,88410,35,36620,14,153230,60,102140,40,26560,16870,27180,57930,126830,87710,34,15450,6,26530,10,53440,21,14850,6,57390,22
"213","United Kingdom","078","Great Britain","727","England and Wales","064","England","E","East Midlands",,,188290,162660,25630,11660,6,83750,44,66200,35,26670,14,110340,59,77940,41,18410,12330,19650,43360,94530,62560,33,11890,6,17660,9,41720,22,11410,6,43050,23
"213","United Kingdom","078","Great Britain","727","England and Wales","064","England","F","West Midlands",,,256060,227230,28830,16910,7,116200,45,87870,34,35070,14,152290,59,103780,41,25980,16990,27710,59160,126220,89940,35,15230,6,25330,10,56140,22,15300,6,54110,21
"213","United Kingdom","078","Great Britain","727","England and Wales","064","England","G","East of England",,,177110,152080,25030,11620,7,82480,47,60120,34,22880,13,101730,57,75390,43,18690,12480,19370,39430,87150,63940,36,13810,8,13690,8,34610,20,10710,6,40360,23
"213","United Kingdom","078","Great Britain","727","England and Wales","064","England","H","London",,,314090,285760,28330,17900,6,167480,53,97130,31,31570,10,185550,59,128540,41,32040,23170,35810,77660,145410,125320,40,15870,5,25000,8,52770,17,17220,5,77910,25
"213","United Kingdom","078","Great Britain","727","England and Wales","064","England","J","South East",,,236040,200300,35750,15990,7,111370,47,78050,33,30620,13,137820,58,98220,42,25120,16700,26070,51270,116880,90170,38,17500,7,18290,8,40170,17,15120,6,54790,23
"213","United Kingdom","078","Great Britain","727","England and Wales","064","England","K","South West",,,192720,165990,26730,13070,7,89770,47,64210,33,25670,13,114750,60,77970,40,19940,12680,21050,43680,95380,74770,39,13280,7,14770,8,35100,18,12380,6,42420,22